  1 1.30941e+09 1.30941e+09 1.74998 0.561305 0 341.63 0.029097
1.013e-22  1.36515e-15  5.92682e-26  1.51513e-32  0.238584  3.56359e-24  6.56361e-31  0  0.00349351  2.02666e-08  5.43666e-08  
1.52274e-16  8.00813e-05  5.52066e-08  1.11544e-30  1.25776e-19  4.87283e-05  1.11242e-09  3.75741e-05  4.28732e-19  1.60085e-21  
2.36495e-10  7.50953e-10  4.44108e-21  1.8733e-27  1.04724e-05  5.3135e-07  8.31187e-06  1.71201e-18  3.9759e-24  1.20678e-13  
2.49517e-06  1.20806e-13  1.04726e-28  4.96115e-06  2.49223e-09  8.73896e-07  5.07898e-18  6.79808e-21  3.69686e-08  2.50498e-27  
8.02158e-07  4.15257e-17  6.85018e-25  4.69085e-06  2.37287e-07  1.59791e-07  4.39808e-08  3.41623e-14  1.57447e-15  1.95983e-06  
1.60335e-08  8.87955e-08  7.97792e-14  4.27258e-10  1.81451e-08  1.54676e-10  1.01461e-08  3.29176e-07  4.38697e-12  6.06573e-08  
5.78609e-11  9.84331e-11  1.60321e-08  2.19371e-10  2.15402e-09  2.68362e-07  6.62314e-10  1.86247e-09  3.71879e-10  5.80652e-09  
3.5818e-13  2.14022e-11  2.13515e-17  5.21084e-10  1.91344e-10  2.67269e-14  1.67084e-17  4.07197e-23  9.48561e-10  7.95829e-10  
8.32937e-09  9.40695e-10  6.25076e-10  1.18296e-09  5.21e-08  5.43004e-09  2.31081e-09  5.45303e-08  2.73196e-07  4.86236e-10  
4.52307e-06  1.31165e-07  2.13748e-08  5.19218e-13  4.47443e-15  1.29589e-08  4.65352e-11  1.49456e-07  1.90292e-09  5.79089e-08  
4.47115e-09  8.21868e-09  7.75828e-11  2.2593e-09  1.97793e-09  3.27822e-15  9.78919e-10  2.84574e-09  1.88023e-12  1.67555e-09  
2.71493e-10  1.16319e-09  2.30816e-17  3.68395e-11  1.27505e-10  4.18961e-18  6.93535e-11  1.22284e-10  4.65738e-15  1.47997e-10  
4.08725e-11  1.98687e-10  2.23452e-11  4.26272e-11  2.04774e-11  7.93443e-11  3.04407e-12  1.48357e-10  1.3068e-11  1.50878e-18  
2.42207e-11  1.38592e-11  2.09507e-12  3.91872e-11  2.16333e-11  1.49122e-10  3.82464e-13  1.10362e-17  4.37591e-11  2.11788e-11  
4.09358e-15  9.23745e-12  1.72906e-11  7.92884e-12  9.04468e-11  1.30016e-15  7.3391e-18  2.12222e-11  4.42675e-17  3.74043e-20  
2.50292e-11  5.42138e-12  8.39144e-12  4.10788e-13  8.15614e-12  6.32655e-16  1.32854e-12  2.49061e-12  2.30667e-13  5.14027e-16  
1.82529e-12  1.84561e-12  2.41917e-12  1.10109e-12  3.15523e-12  1.46745e-13  6.62085e-13  1.37197e-12  6.67337e-13  3.01817e-12  
1.00976e-12  1.51622e-12  7.09152e-13  2.20422e-12  2.9679e-13  1.63732e-12  5.83703e-13  6.08863e-21  8.27211e-13  5.91494e-13  
2.66414e-15  1.34717e-12  6.78614e-13  1.91753e-12  7.62013e-13  2.33984e-12  6.23809e-13  2.69129e-12  1.15443e-12  3.9858e-12  
1.42363e-12  5.5784e-12  6.90543e-13  7.35513e-13  2.39178e-13  1.03516e-12  1.02701e-12  4.30183e-12  2.64569e-12  6.59389e-19  
3.13251e-19  2.72712e-12  3.67539e-12  4.36977e-12  3.78213e-12  8.10415e-12  1.09919e-16  2.37077e-12  1.3654e-12  1.67362e-15  
4.9904e-14  4.75785e-18  2.95666e-19  1.33711e-12  9.50834e-13  2.22823e-12  2.36295e-12  1.56832e-11  2.10438e-12  4.84933e-12  
7.07743e-17  5.82648e-13  7.42025e-13  1.18319e-12  3.86355e-13  1.0188e-12  2.63581e-13  8.09856e-13  2.9985e-17  1.88585e-13  
2.96494e-15  4.72316e-19  9.29507e-14  2.44867e-13  5.94058e-14  2.05044e-13  1.43949e-14  3.03952e-13  2.69733e-14  6.3027e-15  
1.03899e-13  1.78981e-16  6.50646e-17  2.34506e-14  2.60076e-16  1.98862e-13  9.91152e-14  3.96187e-13  1.84004e-13  5.70489e-13  
5.12992e-18  2.76176e-13  1.5061e-13  1.30385e-16  1.28766e-17  2.06421e-13  1.49272e-13  6.27885e-13  3.054e-13  8.59915e-13  
2.16382e-13  4.86476e-13  1.9214e-13  5.42199e-13  7.13192e-17  1.34161e-13  1.30635e-13  1.1103e-15  9.20665e-16  1.69471e-13  
1.31443e-13  3.34819e-13  1.53285e-13  4.69161e-13  8.31826e-14  5.24548e-14  2.36153e-17  1.78797e-14  8.44896e-14  2.88202e-13  
9.21801e-14  3.20434e-13  8.52884e-17  6.33149e-18  7.03506e-14  6.9172e-17  1.47152e-20  1.99681e-13  8.86237e-14  2.01125e-13  
1.39256e-16  1.43174e-13  5.15147e-14  9.32354e-18  6.54455e-14  1.01135e-13  3.25197e-14  4.60661e-13  1.82118e-13  1.00418e-12  
1.5791e-16  9.72626e-13  3.76047e-13  1.52821e-15  8.71514e-13  6.53071e-13  7.18486e-14  2.57875e-12  1.41101e-12  2.66474e-12  
7.61383e-13  7.89819e-13  3.19749e-13  5.93848e-13  2.5852e-13  6.82833e-13  2.49322e-13  2.36187e-15  5.58105e-13  3.23041e-13  
3.85254e-14  2.90683e-12  3.24391e-12  9.26417e-12  6.36214e-13  4.00459e-19  3.6156e-15  
4.84365e-24  2.73405e-20  1.43507e-29  0  0.236964  3.35564e-24  3.71502e-35  0  0.00401554  1.96098e-12  7.28928e-08  
1.0021e-18  3.09442e-05  7.49008e-08  7.17116e-35  5.48588e-22  4.71685e-05  1.19812e-09  7.53581e-05  2.75112e-20  1.13868e-23  
1.68393e-10  2.78406e-09  5.1067e-22  1.46116e-29  1.0422e-05  5.05664e-07  1.96223e-05  1.19707e-19  3.46607e-26  6.86508e-15  
2.56915e-06  2.91855e-15  5.71571e-32  4.96584e-06  3.34997e-09  8.35269e-07  1.26922e-19  7.06814e-23  4.45939e-08  4.94223e-29  
8.29171e-07  1.30206e-18  1.10461e-26  4.69199e-06  2.37545e-07  1.60273e-07  4.40101e-08  1.48039e-15  9.79449e-17  1.95907e-06  
1.65166e-08  8.88094e-08  9.55096e-15  4.2926e-10  1.81231e-08  1.83221e-10  1.05048e-08  3.28813e-07  2.96491e-13  6.06823e-08  
8.46687e-11  9.88161e-11  1.60032e-08  2.40114e-10  2.09895e-09  2.68152e-07  8.75587e-10  1.86921e-09  3.72967e-10  5.80217e-09  
5.69586e-14  2.23304e-11  6.36968e-19  5.2103e-10  1.966e-10  2.03659e-15  5.64926e-19  1.16612e-25  9.46709e-10  7.91896e-10  
8.29379e-09  9.8019e-10  6.27784e-10  1.17735e-09  5.20611e-08  5.43318e-09  2.35012e-09  5.57222e-08  2.72094e-07  1.11947e-10  
4.51881e-06  1.34941e-07  2.21109e-08  4.14404e-14  7.64027e-15  1.28008e-08  1.34942e-11  1.48753e-07  2.69896e-09  5.78103e-08  
4.64916e-09  8.24912e-09  1.01184e-10  2.26935e-09  1.95724e-09  7.36711e-17  9.98711e-10  2.83316e-09  3.42606e-13  1.67262e-09  
2.73475e-10  1.16576e-09  4.94662e-19  3.67568e-11  1.28116e-10  9.8338e-20  6.9653e-11  1.23198e-10  1.80624e-16  1.47788e-10  
4.09172e-11  1.98661e-10  2.21706e-11  4.31666e-11  2.03898e-11  7.97459e-11  3.60644e-12  1.47806e-10  1.21918e-11  3.50013e-20  
2.39586e-11  1.40631e-11  2.49278e-12  3.98497e-11  2.14769e-11  1.49125e-10  1.89649e-13  2.39913e-19  4.37534e-11  2.13438e-11  
1.98085e-16  9.23086e-12  1.77502e-11  7.98648e-12  9.04809e-11  1.09054e-16  7.19822e-18  2.12537e-11  1.16046e-18  1.83462e-21  
2.50241e-11  5.43179e-12  8.39787e-12  4.44287e-13  8.13449e-12  6.11924e-17  1.32709e-12  2.41643e-12  3.25809e-13  6.09384e-17  
1.75748e-12  1.85147e-12  2.45041e-12  1.09216e-12  3.16431e-12  1.7466e-13  6.11056e-13  1.39485e-12  6.4236e-13  3.02346e-12  
9.67543e-13  1.55558e-12  6.86978e-13  2.21726e-12  3.1559e-13  1.65181e-12  5.38287e-13  1.75155e-22  8.11352e-13  6.14671e-13  
5.68729e-16  1.3809e-12  6.66099e-13  1.92785e-12  7.47916e-13  2.36059e-12  6.13156e-13  2.71026e-12  1.1405e-12  4.00001e-12  
1.41637e-12  5.5918e-12  6.73559e-13  7.47815e-13  2.42228e-13  1.04097e-12  9.97056e-13  4.30844e-12  2.533e-12  1.50668e-20  
5.65969e-20  2.78286e-12  3.5259e-12  4.53801e-12  3.72509e-12  8.17477e-12  3.29014e-18  2.36516e-12  1.35401e-12  1.47746e-16  
5.47544e-14  2.02517e-19  3.25753e-19  1.38604e-12  9.35025e-13  2.25818e-12  2.35895e-12  1.56973e-11  2.10396e-12  4.85033e-12  
4.58935e-18  5.80795e-13  7.38552e-13  1.18826e-12  3.82708e-13  1.02003e-12  2.60554e-13  8.13596e-13  1.13874e-18  1.85679e-13  
7.09478e-16  3.63835e-21  9.46313e-14  2.46996e-13  5.94546e-14  2.04938e-13  1.59194e-14  2.96013e-13  2.2103e-14  4.52872e-15  
1.02601e-13  8.25252e-18  1.38336e-17  2.122e-14  4.17993e-17  2.00813e-13  9.55057e-14  3.95018e-13  1.84444e-13  5.75651e-13  
1.20841e-19  2.71122e-13  1.49169e-13  5.40105e-18  4.10928e-19  2.08467e-13  1.46025e-13  6.25721e-13  3.02367e-13  8.71647e-13  
2.13173e-13  4.83137e-13  1.93219e-13  5.48183e-13  2.54982e-18  1.31506e-13  1.31087e-13  1.61597e-16  1.9686e-16  1.76775e-13  
1.33326e-13  3.39895e-13  1.54104e-13  4.7384e-13  8.23103e-14  5.25115e-14  7.24186e-19  1.68735e-14  8.16602e-14  2.91002e-13  
9.30358e-14  3.24437e-13  6.5294e-18  1.06709e-17  7.06922e-14  4.37216e-18  1.08596e-22  1.99216e-13  8.9268e-14  2.01904e-13  
1.4833e-17  1.40536e-13  4.9605e-14  2.61206e-19  6.29174e-14  1.02831e-13  3.2884e-14  4.57308e-13  1.76689e-13  9.93446e-13  
6.82624e-18  9.44313e-13  3.64064e-13  1.69307e-16  8.47503e-13  6.49211e-13  7.34193e-14  2.57046e-12  1.38681e-12  2.72972e-12  
7.74425e-13  8.2489e-13  3.2378e-13  5.99478e-13  2.58217e-13  6.8584e-13  2.50051e-13  6.05082e-16  5.54633e-13  3.26004e-13  
4.07294e-14  2.90595e-12  3.24506e-12  9.26783e-12  6.36226e-13  1.16082e-20  3.81525e-15  
1.05701e-25  3.24154e-22  5.20205e-33  0  0.235307  3.35561e-24  0  0  0.00455356  2.16365e-14  7.20732e-08  
7.1555e-21  9.36549e-06  7.25704e-08  3.34348e-39  7.67435e-25  4.81404e-05  1.12204e-09  7.88783e-05  3.88166e-22  6.71912e-26  
1.18817e-11  5.14541e-09  1.29832e-23  6.69799e-33  1.04221e-05  5.05692e-07  3.76818e-05  3.2276e-21  1.86887e-28  4.37503e-18  
2.56915e-06  5.25259e-17  1.8476e-37  4.96584e-06  3.36871e-09  8.35292e-07  1.80286e-21  3.5252e-25  4.45798e-08  1.98014e-31  
8.29168e-07  1.84934e-20  5.43729e-29  4.69199e-06  2.37546e-07  1.60275e-07  4.40105e-08  1.42424e-17  6.83747e-19  1.95907e-06  
1.65185e-08  8.88095e-08  3.1864e-17  4.2927e-10  1.8123e-08  1.83321e-10  1.05071e-08  3.28811e-07  1.78034e-15  6.06824e-08  
7.16904e-11  9.88178e-11  1.60162e-08  2.40226e-10  2.09932e-09  2.68151e-07  8.76051e-10  1.86924e-09  3.7297e-10  5.80215e-09  
1.37273e-16  2.23365e-11  9.19392e-21  5.2103e-10  1.9668e-10  1.0988e-17  6.98546e-21  6.82773e-30  9.46701e-10  7.9187e-10  
8.29362e-09  9.80386e-10  6.27798e-10  1.17731e-09  5.20609e-08  5.4331e-09  2.35041e-09  5.58389e-08  2.72088e-07  1.85442e-13  
4.51879e-06  1.34959e-07  2.21149e-08  2.13789e-16  7.64013e-15  1.28023e-08  3.56929e-14  1.48749e-07  2.70052e-09  5.7823e-08  
4.65012e-09  8.24922e-09  6.4832e-11  2.26941e-09  1.99365e-09  1.35001e-18  9.99153e-10  2.83309e-09  7.00929e-16  1.6726e-09  
2.73486e-10  1.16577e-09  8.67967e-21  3.67564e-11  1.28122e-10  1.53952e-21  6.96544e-11  1.23203e-10  1.94001e-18  1.47787e-10  
4.09172e-11  1.98661e-10  2.21689e-11  4.31708e-11  2.03889e-11  7.97482e-11  3.60839e-12  1.47803e-10  1.21872e-11  5.3901e-22  
2.39582e-11  1.40651e-11  2.49401e-12  3.98537e-11  2.14751e-11  1.49126e-10  4.7642e-15  4.33334e-21  4.37534e-11  2.15283e-11  
1.71418e-18  9.23081e-12  1.77532e-11  7.98673e-12  9.04812e-11  5.21584e-19  1.61394e-18  2.12539e-11  1.90304e-20  1.89783e-25  
2.50241e-11  5.43182e-12  8.39791e-12  4.44464e-13  8.13436e-12  2.5186e-19  1.32708e-12  2.41597e-12  3.25446e-13  2.26655e-19  
1.75809e-12  1.8516e-12  2.45058e-12  1.09211e-12  3.16436e-12  1.74743e-13  6.1085e-13  1.39499e-12  6.42143e-13  3.02355e-12  
9.67285e-13  1.55585e-12  6.86774e-13  2.21739e-12  3.15568e-13  1.65185e-12  5.38163e-13  2.46408e-24  8.11812e-13  6.14841e-13  
9.92034e-19  1.38109e-12  6.6601e-13  1.92792e-12  7.47843e-13  2.3607e-12  6.1309e-13  2.71037e-12  1.14043e-12  4.00008e-12  
1.41634e-12  5.59187e-12  6.73474e-13  7.47889e-13  2.42247e-13  1.04099e-12  9.96863e-13  4.3085e-12  2.53218e-12  2.48305e-22  
3.45822e-25  2.78343e-12  3.52484e-12  4.53918e-12  3.72461e-12  8.17529e-12  4.60314e-20  2.36513e-12  1.35391e-12  7.21516e-19  
5.4774e-14  2.06677e-21  7.75595e-20  1.38649e-12  9.34892e-13  2.25838e-12  2.35892e-12  1.56974e-11  2.10395e-12  4.85034e-12  
2.87553e-20  5.80784e-13  7.38529e-13  1.1883e-12  3.82678e-13  1.02004e-12  2.60528e-13  8.13629e-13  1.24293e-20  1.85661e-13  
1.16691e-18  7.58901e-26  9.53219e-14  2.47023e-13  5.94336e-14  2.04959e-13  9.71052e-15  2.99094e-13  2.82606e-14  2.33169e-16  
1.02587e-13  8.30601e-20  3.23828e-21  2.24238e-14  9.3458e-20  2.00859e-13  9.54803e-14  3.95027e-13  1.84433e-13  5.75699e-13  
2.13721e-21  2.71091e-13  1.49137e-13  5.90154e-20  5.28989e-21  2.0851e-13  1.45974e-13  6.25739e-13  3.02325e-13  8.71744e-13  
2.13125e-13  4.83142e-13  1.93207e-13  5.48243e-13  2.95407e-20  1.3149e-13  1.3108e-13  4.43935e-19  3.13399e-19  1.76984e-13  
1.33519e-13  3.39928e-13  1.54101e-13  4.73871e-13  8.22914e-14  5.25213e-14  9.49341e-21  1.68663e-14  8.16415e-14  2.91027e-13  
9.30374e-14  3.24462e-13  3.46768e-20  1.04073e-17  7.06928e-14  2.93432e-20  1.1544e-25  1.99224e-13  8.92697e-14  2.01907e-13  
5.53806e-20  1.4052e-13  4.96053e-14  3.92254e-21  6.28909e-14  1.02846e-13  3.28831e-14  4.57303e-13  1.76608e-13  9.93438e-13  
6.41075e-20  9.4416e-13  3.63894e-13  6.42182e-19  8.9019e-13  6.49468e-13  3.0492e-14  2.57053e-12  1.38661e-12  2.73015e-12  
7.74446e-13  8.25118e-13  3.23789e-13  5.99517e-13  2.58212e-13  6.85859e-13  2.50054e-13  1.09013e-18  5.54614e-13  3.26614e-13  
4.07439e-14  2.90595e-12  3.24507e-12  9.26784e-12  6.36225e-13  1.66206e-22  3.81659e-15  
5.35336e-26  2.35653e-22  1.44541e-33  0  0.235116  3.35561e-24  0  0  0.00461574  1.6132e-14  7.17771e-08  
2.93935e-21  7.97913e-06  7.22457e-08  0  1.80243e-25  4.83317e-05  1.11093e-09  7.78963e-05  1.55348e-22  2.54898e-26  
4.40027e-12  5.47266e-09  5.73853e-24  6.33667e-34  1.04221e-05  5.05694e-07  4.00504e-05  1.46727e-21  6.46967e-29  1.81157e-18  
2.56915e-06  2.44253e-17  2.32967e-38  4.96585e-06  3.37086e-09  8.35296e-07  7.44293e-22  1.06672e-25  4.4577e-08  4.51263e-32  
8.29168e-07  7.94978e-21  1.63387e-29  4.69199e-06  2.37546e-07  1.60275e-07  4.40106e-08  6.05472e-18  2.81295e-19  1.95907e-06  
1.65187e-08  8.88095e-08  1.33751e-17  4.29272e-10  1.8123e-08  1.83328e-10  1.05074e-08  3.28811e-07  7.71658e-16  6.06824e-08  
6.67367e-11  9.88181e-11  1.60212e-08  2.40242e-10  2.09948e-09  2.6815e-07  8.76005e-10  1.86925e-09  3.72971e-10  5.80214e-09  
5.85618e-17  2.23372e-11  3.99676e-21  5.2103e-10  1.96683e-10  4.78392e-18  3.00538e-21  1.38734e-30  9.467e-10  7.91866e-10  
8.29359e-09  9.80414e-10  6.278e-10  1.17731e-09  5.20609e-08  5.43309e-09  2.35045e-09  5.58398e-08  2.72087e-07  8.75908e-14  
4.51879e-06  1.34961e-07  2.21154e-08  9.22367e-17  7.64006e-15  1.2803e-08  1.13263e-14  1.48749e-07  2.70027e-09  5.7823e-08  
4.65025e-09  8.24923e-09  5.35046e-11  2.26942e-09  2.00499e-09  6.3103e-19  9.99167e-10  2.83308e-09  3.0221e-16  1.6726e-09  
2.73487e-10  1.16577e-09  4.04604e-21  3.67563e-11  1.28123e-10  6.73778e-22  6.96546e-11  1.23204e-10  8.4141e-19  1.47787e-10  
4.09171e-11  1.98661e-10  2.21686e-11  4.31714e-11  2.03888e-11  7.97485e-11  3.60851e-12  1.47802e-10  1.21867e-11  2.35452e-22  
2.39583e-11  1.40654e-11  2.49404e-12  3.98543e-11  2.14748e-11  1.49126e-10  9.52691e-16  2.05748e-21  4.37534e-11  2.15321e-11  
7.463e-19  9.2308e-12  1.77536e-11  7.98677e-12  9.04812e-11  2.26018e-19  8.35847e-19  2.12539e-11  8.47863e-21  7.18001e-26  
2.50241e-11  5.43183e-12  8.39792e-12  4.44485e-13  8.13434e-12  1.08715e-19  1.32707e-12  2.41591e-12  3.25188e-13  9.75936e-20  
1.75838e-12  1.8516e-12  2.4506e-12  1.09211e-12  3.16437e-12  1.74744e-13  6.10832e-13  1.39501e-12  6.42113e-13  3.02356e-12  
9.67249e-13  1.55589e-12  6.86746e-13  2.2174e-12  3.15531e-13  1.65186e-12  5.3818e-13  1.04512e-24  8.11798e-13  6.14865e-13  
4.34278e-19  1.38112e-12  6.65998e-13  1.92792e-12  7.47833e-13  2.36072e-12  6.13081e-13  2.71039e-12  1.14042e-12  4.00009e-12  
1.41634e-12  5.59188e-12  6.73462e-13  7.47899e-13  2.4225e-13  1.04099e-12  9.96836e-13  4.30851e-12  2.53206e-12  1.09507e-22  
1.42647e-26  2.78351e-12  3.52469e-12  4.53934e-12  3.72455e-12  8.17536e-12  2.01378e-20  2.36513e-12  1.35389e-12  2.94797e-19  
5.47759e-14  9.02889e-22  4.12761e-20  1.38654e-12  9.34874e-13  2.25841e-12  2.35892e-12  1.56974e-11  2.10395e-12  4.85034e-12  
1.24575e-20  5.80783e-13  7.38526e-13  1.1883e-12  3.82674e-13  1.02004e-12  2.60524e-13  8.13634e-13  5.38806e-21  1.85659e-13  
5.43427e-19  1.58869e-26  9.53199e-14  2.47027e-13  5.94305e-14  2.04962e-13  7.84486e-15  2.99215e-13  3.01184e-14  6.47984e-17  
1.02578e-13  3.43156e-20  5.48028e-23  2.24723e-14  4.04425e-20  2.00864e-13  9.54748e-14  3.95028e-13  1.84432e-13  5.75706e-13  
9.70364e-22  2.71087e-13  1.49132e-13  2.45043e-20  2.30157e-21  2.08515e-13  1.45967e-13  6.25742e-13  3.02319e-13  8.71758e-13  
2.13118e-13  4.83143e-13  1.93205e-13  5.48252e-13  1.27823e-20  1.31487e-13  1.31078e-13  1.91302e-19  1.41992e-19  1.76991e-13  
1.33519e-13  3.39932e-13  1.541e-13  4.73876e-13  8.22888e-14  5.25227e-14  4.15383e-21  1.68654e-14  8.16387e-14  2.91031e-13  
9.30376e-14  3.24466e-13  1.49333e-20  1.03103e-17  7.0692e-14  1.29838e-20  4.91927e-26  1.99225e-13  8.92699e-14  2.01908e-13  
2.39224e-20  1.40518e-13  4.96034e-14  1.70537e-21  6.28872e-14  1.02848e-13  3.28829e-14  4.57302e-13  1.76597e-13  9.93436e-13  
2.77603e-20  9.44138e-13  3.63869e-13  2.78565e-19  8.99841e-13  6.49482e-13  2.08076e-14  2.57054e-12  1.38658e-12  2.73021e-12  
7.74448e-13  8.2515e-13  3.2379e-13  5.99522e-13  2.58211e-13  6.85862e-13  2.50054e-13  4.9187e-19  5.54612e-13  3.26616e-13  
4.0746e-14  2.90595e-12  3.24507e-12  9.26785e-12  6.36225e-13  7.39902e-23  3.81678e-15  
5.2591e-26  3.04493e-22  2.88466e-34  0  0.235029  3.35561e-24  0  0  0.00464396  1.13269e-14  7.14977e-08  
2.14705e-21  7.46326e-06  7.20933e-08  0  1.03575e-25  4.8451e-05  1.10535e-09  7.73834e-05  1.28934e-22  2.08213e-26  
1.76801e-12  5.62611e-09  5.03128e-24  1.138e-34  1.04221e-05  5.05695e-07  4.10795e-05  1.30254e-21  5.03315e-29  7.59376e-19  
2.56915e-06  1.24467e-17  5.44412e-39  4.96585e-06  3.37153e-09  8.35299e-07  5.2325e-22  7.42456e-26  4.4575e-08  2.58095e-32  
8.29168e-07  6.68402e-21  1.14064e-29  4.69199e-06  2.37546e-07  1.60275e-07  4.40106e-08  2.72693e-18  1.21382e-19  1.95907e-06  
1.65188e-08  8.88095e-08  5.87847e-18  4.29273e-10  1.81229e-08  1.83324e-10  1.05075e-08  3.28811e-07  3.56354e-16  6.06825e-08  
6.21159e-11  9.88182e-11  1.60258e-08  2.40249e-10  2.09965e-09  2.6815e-07  8.75894e-10  1.86925e-09  3.72971e-10  5.80214e-09  
2.5986e-17  2.23375e-11  1.8548e-21  5.2103e-10  1.96685e-10  2.21936e-18  1.37689e-21  3.79705e-31  9.46699e-10  7.91865e-10  
8.29358e-09  9.80426e-10  6.27801e-10  1.1773e-09  5.20609e-08  5.43309e-09  2.35047e-09  5.58401e-08  2.72086e-07  3.89331e-14  
4.51879e-06  1.34963e-07  2.21157e-08  4.23613e-17  7.64001e-15  1.28037e-08  4.92795e-15  1.48749e-07  2.69978e-09  5.78229e-08  
4.65031e-09  8.24924e-09  4.41459e-11  2.26943e-09  2.01435e-09  3.22839e-19  9.99174e-10  2.83308e-09  1.34731e-16  1.6726e-09  
2.73488e-10  1.16577e-09  2.34307e-21  3.67563e-11  1.28124e-10  4.32608e-22  6.96547e-11  1.23204e-10  3.90214e-19  1.47787e-10  
4.09171e-11  1.98661e-10  2.21685e-11  4.31717e-11  2.03887e-11  7.97486e-11  3.60843e-12  1.47802e-10  1.21866e-11  1.5653e-22  
2.39584e-11  1.40655e-11  2.49394e-12  3.98545e-11  2.14747e-11  1.49126e-10  2.16466e-16  1.09515e-21  4.37534e-11  2.15327e-11  
3.47488e-19  9.2308e-12  1.77538e-11  7.98679e-12  9.04812e-11  1.03959e-19  4.32812e-19  2.12539e-11  4.06249e-21  2.99037e-26  
2.50241e-11  5.43183e-12  8.39792e-12  4.44492e-13  8.13433e-12  4.97285e-20  1.32707e-12  2.41589e-12  3.24902e-13  4.44081e-20  
1.75868e-12  1.8516e-12  2.45062e-12  1.0921e-12  3.16437e-12  1.74736e-13  6.10832e-13  1.39502e-12  6.42099e-13  3.02357e-12  
9.67233e-13  1.55591e-12  6.86733e-13  2.21741e-12  3.15481e-13  1.65186e-12  5.38221e-13  8.67234e-25  8.11792e-13  6.14876e-13  
1.90346e-19  1.38113e-12  6.65992e-13  1.92793e-12  7.47829e-13  2.36072e-12  6.13077e-13  2.71039e-12  1.14042e-12  4.00009e-12  
1.41634e-12  5.59188e-12  6.73457e-13  7.47904e-13  2.42251e-13  1.04099e-12  9.96824e-13  4.30851e-12  2.53201e-12  6.5122e-23  
1.32635e-27  2.78355e-12  3.52462e-12  4.53941e-12  3.72451e-12  8.17539e-12  9.44628e-21  2.36512e-12  1.35389e-12  1.03108e-19  
5.47763e-14  4.22746e-22  2.19633e-20  1.38656e-12  9.34867e-13  2.25842e-12  2.35891e-12  1.56974e-11  2.10395e-12  4.85034e-12  
5.75027e-21  5.80782e-13  7.38524e-13  1.1883e-12  3.82672e-13  1.02004e-12  2.60523e-13  8.13636e-13  2.49757e-21  1.85658e-13  
2.37105e-19  3.45648e-27  9.53189e-14  2.47029e-13  5.9429e-14  2.04963e-13  6.33585e-15  2.99247e-13  3.16237e-14  1.92351e-17  
1.02574e-13  1.1861e-20  1.41858e-24  2.24858e-14  1.80974e-20  2.00866e-13  9.54723e-14  3.95028e-13  1.84431e-13  5.7571e-13  
4.78327e-22  2.71085e-13  1.4913e-13  8.91176e-21  1.07241e-21  2.08517e-13  1.45963e-13  6.25743e-13  3.02316e-13  8.71764e-13  
2.13115e-13  4.83143e-13  1.93204e-13  5.48256e-13  5.91038e-21  1.31486e-13  1.31077e-13  8.64757e-20  6.21603e-20  1.76994e-13  
1.33519e-13  3.39934e-13  1.541e-13  4.73878e-13  8.22875e-14  5.25233e-14  1.95012e-21  1.68649e-14  8.16374e-14  2.91032e-13  
9.30377e-14  3.24468e-13  6.83071e-21  1.02093e-17  7.06916e-14  6.33506e-21  2.26034e-26  1.99226e-13  8.927e-14  2.01908e-13  
1.09764e-20  1.40517e-13  4.96025e-14  7.93443e-22  6.28855e-14  1.02849e-13  3.28828e-14  4.57302e-13  1.76592e-13  9.93436e-13  
1.28633e-20  9.44128e-13  3.63858e-13  1.28065e-19  9.0644e-13  6.49489e-13  1.41929e-14  2.57055e-12  1.38657e-12  2.73024e-12  
7.7445e-13  8.25165e-13  3.2379e-13  5.99525e-13  2.58211e-13  6.85863e-13  2.50054e-13  2.21128e-19  5.5461e-13  3.26617e-13  
4.07469e-14  2.90595e-12  3.24507e-12  9.26785e-12  6.36225e-13  3.55371e-23  3.81687e-15  
  2 1.30953e+09 1.30953e+09 1.74998 0.564205 120180 281.52 0.030185
9.15059e-27  1.09369e-22  3.54731e-30  0  0.220349  3.35307e-24  0  0  0.00939636  1.09193e-14  3.7503e-13  
7.98784e-21  4.12923e-06  6.53665e-08  0  7.6638e-26  0.000147867  8.13477e-10  5.88382e-05  1.33519e-22  1.1641e-25  
6.92063e-13  1.23353e-08  1.52961e-23  6.41448e-35  1.04226e-05  5.06121e-07  6.30302e-05  2.85977e-21  8.59298e-29  8.16374e-19  
2.5685e-06  9.88312e-18  1.03227e-38  4.96585e-06  3.38776e-09  8.40498e-07  6.73267e-22  1.06409e-25  3.96427e-08  2.98343e-32  
8.29007e-07  9.47997e-21  1.47082e-29  4.69199e-06  2.37546e-07  1.60282e-07  4.40124e-08  1.91019e-18  7.9218e-20  1.95906e-06  
1.65219e-08  8.88097e-08  4.13712e-18  4.3014e-10  1.81225e-08  1.39526e-10  1.05141e-08  3.28848e-07  2.64893e-16  6.06827e-08  
5.86459e-15  9.88234e-11  1.60879e-08  2.40584e-10  2.5876e-09  2.68147e-07  3.90739e-10  1.86937e-09  3.72975e-10  5.8021e-09  
1.88561e-17  2.23547e-11  1.34311e-21  5.21029e-10  1.9675e-10  1.66678e-18  9.92558e-22  2.50871e-31  9.46678e-10  7.9177e-10  
8.29307e-09  9.81027e-10  6.27845e-10  1.17715e-09  5.20604e-08  5.43261e-09  2.35154e-09  5.5857e-08  2.72062e-07  2.263e-14  
4.51873e-06  1.35008e-07  2.21285e-08  3.1377e-17  7.39773e-15  1.45981e-08  2.24364e-15  1.48739e-07  9.13709e-10  5.78206e-08  
4.6534e-09  8.24953e-09  6.32671e-15  2.26965e-09  2.05878e-09  2.59003e-19  9.99493e-10  2.83288e-09  1.00095e-16  1.67255e-09  
2.73523e-10  1.16581e-09  2.56566e-21  3.67547e-11  1.28151e-10  5.40087e-22  6.96575e-11  1.2322e-10  2.87468e-19  1.47784e-10  
4.09161e-11  1.98662e-10  2.21622e-11  4.31869e-11  2.03856e-11  7.97558e-11  2.73078e-12  1.47792e-10  1.3055e-11  2.146e-22  
2.47138e-11  1.40726e-11  1.74127e-12  3.98684e-11  2.14667e-11  1.4913e-10  1.61421e-17  9.03062e-22  4.37533e-11  2.15311e-11  
2.59151e-19  9.23059e-12  1.77632e-11  7.98761e-12  9.04821e-11  7.7067e-20  4.92534e-26  2.12543e-11  2.98723e-21  4.65926e-28  
2.50242e-11  5.43188e-12  8.39804e-12  4.21636e-13  8.13394e-12  3.68854e-20  1.32704e-12  2.4378e-12  5.9101e-15  2.02729e-20  
2.07866e-12  1.85149e-12  2.45114e-12  1.09198e-12  3.16454e-12  1.18311e-13  6.66914e-13  1.39542e-12  6.41378e-13  3.02387e-12  
9.66487e-13  1.55674e-12  6.86085e-13  2.2178e-12  2.55654e-13  1.65187e-12  5.97696e-13  1.34677e-24  8.11515e-13  6.15445e-13  
1.35077e-19  1.38168e-12  6.65736e-13  1.92809e-12  7.47629e-13  2.36106e-12  6.12888e-13  2.71073e-12  1.14021e-12  4.00025e-12  
1.41627e-12  5.59207e-12  6.73225e-13  7.48117e-13  2.4232e-13  1.04106e-12  9.96203e-13  4.30869e-12  2.52928e-12  7.44663e-23  
3.78372e-28  2.78553e-12  3.52113e-12  4.54321e-12  3.72282e-12  8.17718e-12  7.00946e-21  2.36502e-12  1.35353e-12  1.13943e-19  
5.28462e-14  3.05624e-22  5.51055e-28  1.38761e-12  9.36384e-13  2.25908e-12  2.35883e-12  1.56977e-11  2.10394e-12  4.85038e-12  
4.26202e-21  5.80748e-13  7.38426e-13  1.18842e-12  3.82561e-13  1.02011e-12  2.60424e-13  8.13766e-13  1.83831e-21  1.856e-13  
1.3513e-19  1.62669e-27  9.52399e-14  2.4713e-13  5.933e-14  2.05064e-13  1.53501e-18  2.99259e-13  3.77251e-14  1.20273e-18  
1.02344e-13  1.43697e-20  1.62737e-25  2.25582e-14  1.3584e-20  2.01007e-13  9.53334e-14  3.95077e-13  1.84361e-13  5.75899e-13  
3.62446e-22  2.70985e-13  1.49007e-13  9.71344e-21  7.913e-22  2.08662e-13  1.45753e-13  6.25847e-13  3.02141e-13  8.72112e-13  
2.12935e-13  4.83184e-13  1.93126e-13  5.48501e-13  4.32441e-21  1.31429e-13  1.31025e-13  6.42192e-20  4.04247e-20  1.77163e-13  
1.335e-13  3.40042e-13  1.54074e-13  4.73992e-13  8.22117e-14  5.25626e-14  1.45657e-21  1.68419e-14  8.15731e-14  2.91121e-13  
9.30342e-14  3.24557e-13  5.02289e-21  6.01315e-19  7.06617e-14  4.40683e-21  1.02844e-27  1.99258e-13  8.92705e-14  2.0192e-13  
8.22173e-21  1.40464e-13  4.95638e-14  5.78095e-22  6.27948e-14  1.02892e-13  3.28756e-14  4.57295e-13  1.76287e-13  9.9346e-13  
9.4984e-21  9.43631e-13  3.63183e-13  9.60039e-20  9.19736e-13  6.49919e-13  4.7866e-18  2.57088e-12  1.38593e-12  2.73163e-12  
7.74441e-13  8.25953e-13  3.2381e-13  5.99664e-13  2.58193e-13  6.85933e-13  2.50056e-13  1.08442e-19  5.54746e-13  3.2664e-13  
4.06032e-14  2.90594e-12  3.2451e-12  9.26791e-12  6.36222e-13  2.73773e-23  3.82176e-15  
1.57284e-26  1.33878e-22  7.03293e-30  0  0.221961  3.35032e-24  0  0  0.00886656  1.21646e-14  4.81012e-13  
1.29745e-20  4.87044e-06  6.62696e-08  1.31925e-39  1.72275e-25  0.000143295  8.68084e-10  6.21187e-05  2.26824e-22  2.04348e-25  
1.53195e-12  1.13631e-08  2.49465e-23  2.75107e-34  1.04231e-05  5.0671e-07  5.90087e-05  4.50464e-21  1.50353e-28  1.11215e-18  
2.56748e-06  1.57836e-17  3.40036e-38  4.96583e-06  3.38735e-09  8.40782e-07  1.14856e-21  2.14273e-25  3.96156e-08  7.13965e-32  
8.28767e-07  1.53235e-20  2.93036e-29  4.69198e-06  2.37546e-07  1.6028e-07  4.4012e-08  3.17241e-18  1.34313e-19  1.95906e-06  
1.65205e-08  8.88096e-08  6.83898e-18  4.3013e-10  1.81226e-08  1.39363e-10  1.0512e-08  3.2885e-07  4.28964e-16  6.06826e-08  
8.84476e-15  9.8822e-11  1.60879e-08  2.40471e-10  2.5874e-09  2.68148e-07  3.90106e-10  1.86933e-09  3.72972e-10  5.80211e-09  
3.08338e-17  2.23492e-11  2.20449e-21  5.2103e-10  1.96727e-10  2.68811e-18  1.62876e-21  5.66697e-31  9.46685e-10  7.91798e-10  
8.29324e-09  9.80827e-10  6.27831e-10  1.17719e-09  5.20606e-08  5.43271e-09  2.35123e-09  5.58519e-08  2.7207e-07  3.96986e-14  
4.51875e-06  1.34992e-07  2.21244e-08  5.0878e-17  7.39181e-15  1.45968e-08  4.26617e-15  1.48742e-07  9.1213e-10  5.78213e-08  
4.65242e-09  8.2494e-09  1.06562e-14  2.26958e-09  2.05871e-09  4.17039e-19  9.99391e-10  2.83294e-09  1.62365e-16  1.67256e-09  
2.73512e-10  1.1658e-09  4.10308e-21  3.67552e-11  1.28143e-10  8.86852e-22  6.96563e-11  1.23214e-10  4.67538e-19  1.47785e-10  
4.09163e-11  1.98662e-10  2.21636e-11  4.31829e-11  2.03862e-11  7.97537e-11  2.72763e-12  1.47795e-10  1.30602e-11  3.52284e-22  
2.47151e-11  1.40714e-11  1.73907e-12  3.98641e-11  2.14686e-11  1.49129e-10  3.28967e-17  1.46649e-21  4.37533e-11  2.15315e-11  
4.19249e-19  9.23065e-12  1.77604e-11  7.9873e-12  9.04819e-11  1.24968e-19  1.35578e-25  2.12541e-11  4.82115e-21  9.15851e-28  
2.50242e-11  5.43185e-12  8.39801e-12  4.21381e-13  8.13406e-12  5.97552e-20  1.32705e-12  2.43832e-12  5.88351e-15  3.27986e-20  
2.07846e-12  1.85149e-12  2.45098e-12  1.09202e-12  3.16449e-12  1.18162e-13  6.67178e-13  1.3953e-12  6.41533e-13  3.02384e-12  
9.66695e-13  1.55653e-12  6.86207e-13  2.21774e-12  2.66062e-13  1.6518e-12  5.87411e-13  2.18381e-24  8.11592e-13  6.15316e-13  
2.23755e-19  1.38152e-12  6.65799e-13  1.92805e-12  7.47693e-13  2.36095e-12  6.12941e-13  2.71063e-12  1.14028e-12  4.0002e-12  
1.4163e-12  5.59201e-12  6.73302e-13  7.48053e-13  2.42298e-13  1.04103e-12  9.9638e-13  4.30866e-12  2.52998e-12  1.2166e-22  
1.19253e-27  2.78513e-12  3.52202e-12  4.54221e-12  3.72323e-12  8.1767e-12  1.13796e-20  2.36506e-12  1.35361e-12  1.77322e-19  
5.28253e-14  4.934e-22  2.70787e-27  1.38731e-12  9.36495e-13  2.2589e-12  2.35886e-12  1.56976e-11  2.10395e-12  4.85037e-12  
6.91073e-21  5.80759e-13  7.38453e-13  1.18839e-12  3.8259e-13  1.02009e-12  2.60448e-13  8.13734e-13  2.99093e-21  1.85617e-13  
2.38969e-19  4.83804e-27  9.52502e-14  2.47113e-13  5.9335e-14  2.0506e-13  2.69599e-18  2.99297e-13  3.77467e-14  2.47381e-18  
1.02374e-13  2.19417e-20  5.83902e-25  2.25588e-14  2.19759e-20  2.01004e-13  9.53481e-14  3.95083e-13  1.84367e-13  5.75859e-13  
5.89253e-22  2.71015e-13  1.49018e-13  1.51115e-20  1.2865e-21  2.0865e-13  1.45774e-13  6.25855e-13  3.02169e-13  8.72032e-13  
2.12959e-13  4.83201e-13  1.9313e-13  5.4845e-13  7.0547e-21  1.31446e-13  1.31026e-13  1.03975e-19  6.88542e-20  1.77125e-13  
1.33494e-13  3.40014e-13  1.54075e-13  4.73962e-13  8.22214e-14  5.25653e-14  2.35821e-21  1.6848e-14  8.15871e-14  2.911e-13  
9.30311e-14  3.24531e-13  8.16743e-21  2.05181e-18  7.06647e-14  7.11535e-21  3.4614e-27  1.99256e-13  8.92685e-14  2.01917e-13  
1.32665e-20  1.4048e-13  4.9573e-14  9.45581e-22  6.28121e-14  1.02884e-13  3.28744e-14  4.57312e-13  1.7633e-13  9.9351e-13  
1.54309e-20  9.4379e-13  3.63277e-13  1.54747e-19  9.19887e-13  6.49924e-13  9.07512e-18  2.57091e-12  1.38607e-12  2.73125e-12  
7.74398e-13  8.25733e-13  3.2379e-13  5.99625e-13  2.58196e-13  6.85913e-13  2.50054e-13  1.97903e-19  5.54766e-13  3.26633e-13  
4.05874e-14  2.90594e-12  3.24509e-12  9.26789e-12  6.36223e-13  4.37794e-23  3.8203e-15  
3.41414e-26  1.86115e-22  2.7899e-29  0  0.222424  3.3478e-24  0  0  0.00871471  2.17306e-14  8.88248e-13  
2.80352e-20  5.20402e-06  6.66809e-08  1.00177e-38  4.98731e-25  0.000141919  8.95783e-10  6.36273e-05  4.54544e-22  3.50458e-25  
8.13028e-12  1.08911e-08  4.28381e-23  2.80686e-33  1.04235e-05  5.07261e-07  5.71667e-05  7.92298e-21  2.78414e-28  3.44801e-18  
2.56653e-06  6.04378e-17  2.02944e-37  4.9658e-06  3.38743e-09  8.41051e-07  3.00493e-21  4.4287e-25  3.95882e-08  1.79362e-31  
8.28543e-07  3.08287e-20  6.0031e-29  4.69198e-06  2.37545e-07  1.60278e-07  4.40116e-08  1.33556e-17  5.91732e-19  1.95906e-06  
1.65193e-08  8.88096e-08  2.83241e-17  4.30122e-10  1.81227e-08  1.3924e-10  1.05105e-08  3.28851e-07  1.71643e-15  6.06824e-08  
1.74739e-14  9.88208e-11  1.60879e-08  2.40393e-10  2.58726e-09  2.68149e-07  3.89677e-10  1.8693e-09  3.7297e-10  5.80213e-09  
1.22255e-16  2.23455e-11  9.05427e-21  5.2103e-10  1.96711e-10  1.06497e-17  6.70809e-21  7.28351e-30  9.46691e-10  7.91817e-10  
8.29336e-09  9.80687e-10  6.2782e-10  1.17722e-09  5.20607e-08  5.43277e-09  2.35102e-09  5.58483e-08  2.72075e-07  1.31757e-13  
4.51876e-06  1.3498e-07  2.21215e-08  2.03833e-16  7.38632e-15  1.45958e-08  1.30211e-14  1.48745e-07  9.11099e-10  5.78218e-08  
4.65174e-09  8.24931e-09  2.25646e-14  2.26954e-09  2.05865e-09  1.61265e-18  9.9932e-10  2.83299e-09  6.19171e-16  1.67257e-09  
2.73504e-10  1.16579e-09  1.28654e-20  3.67555e-11  1.28139e-10  2.49035e-21  6.96555e-11  1.23211e-10  1.89339e-18  1.47786e-10  
4.09163e-11  1.98662e-10  2.21645e-11  4.31804e-11  2.03866e-11  7.97522e-11  2.72526e-12  1.47797e-10  1.30639e-11  9.59031e-22  
2.47161e-11  1.40709e-11  1.73745e-12  3.98611e-11  2.14697e-11  1.49129e-10  9.21175e-17  5.51127e-21  4.37533e-11  2.15317e-11  
1.67817e-18  9.23068e-12  1.77584e-11  7.98708e-12  9.04818e-11  4.98953e-19  6.5213e-25  2.1254e-11  1.91615e-20  7.42705e-27  
2.50242e-11  5.43183e-12  8.39798e-12  4.21194e-13  8.13414e-12  2.3811e-19  1.32705e-12  2.43867e-12  5.89237e-15  1.29553e-19  
2.07832e-12  1.85147e-12  2.45086e-12  1.09204e-12  3.16445e-12  1.18052e-13  6.67367e-13  1.39521e-12  6.41626e-13  3.02384e-12  
9.66834e-13  1.55639e-12  6.86276e-13  2.21772e-12  2.7261e-13  1.65174e-12  5.80952e-13  4.40563e-24  8.11644e-13  6.15237e-13  
8.18031e-19  1.3814e-12  6.65839e-13  1.92802e-12  7.47737e-13  2.36088e-12  6.12976e-13  2.71056e-12  1.14032e-12  4.00016e-12  
1.41632e-12  5.59196e-12  6.73357e-13  7.48011e-13  2.42284e-13  1.04101e-12  9.96499e-13  4.30864e-12  2.53044e-12  3.63756e-22  
1.6901e-26  2.78489e-12  3.52258e-12  4.54156e-12  3.72349e-12  8.17639e-12  4.58656e-20  2.36508e-12  1.35366e-12  6.67531e-19  
5.28084e-14  1.96903e-21  2.0026e-26  1.38711e-12  9.36565e-13  2.25878e-12  2.35887e-12  1.56975e-11  2.10395e-12  4.85036e-12  
2.77212e-20  5.80766e-13  7.38472e-13  1.18837e-12  3.82609e-13  1.02008e-12  2.60463e-13  8.13713e-13  1.21241e-20  1.85629e-13  
8.12697e-19  5.74407e-26  9.5254e-14  2.47105e-13  5.93331e-14  2.05063e-13  5.9815e-18  2.99329e-13  3.77487e-14  6.74219e-18  
1.02385e-13  8.03811e-20  5.48504e-24  2.25628e-14  8.34822e-20  2.0101e-13  9.53524e-14  3.95092e-13  1.84368e-13  5.75835e-13  
2.34174e-21  2.71036e-13  1.49019e-13  5.70997e-20  5.20867e-21  2.08649e-13  1.45778e-13  6.25869e-13  3.02182e-13  8.71983e-13  
2.12969e-13  4.83219e-13  1.93128e-13  5.48419e-13  2.87497e-20  1.31457e-13  1.31023e-13  4.08022e-19  2.41067e-19  1.77102e-13  
1.33488e-13  3.39995e-13  1.54074e-13  4.73942e-13  8.22253e-14  5.25702e-14  9.45899e-21  1.6852e-14  8.15954e-14  2.91088e-13  
9.30282e-14  3.24514e-13  3.29314e-20  3.4231e-18  7.06655e-14  2.82661e-20  3.42245e-26  1.99255e-13  8.92667e-14  2.01914e-13  
5.23333e-20  1.40491e-13  4.95787e-14  3.87092e-21  6.28217e-14  1.02879e-13  3.28729e-14  4.57327e-13  1.7635e-13  9.93555e-13  
6.23212e-20  9.43899e-13  3.63319e-13  6.09433e-19  9.19956e-13  6.49956e-13  2.14646e-17  2.57094e-12  1.38615e-12  2.731e-12  
7.7436e-13  8.25586e-13  3.23774e-13  5.99599e-13  2.58198e-13  6.85899e-13  2.50053e-13  6.24829e-19  5.5478e-13  3.26628e-13  
4.05767e-14  2.90594e-12  3.24508e-12  9.26787e-12  6.36223e-13  1.711e-22  3.81931e-15  
1.60276e-21  7.60378e-18  1.77251e-23  6.48382e-34  0.221885  3.31826e-24  6.97197e-30  0  0.00889258  9.38123e-10  6.87007e-10  
7.70647e-16  6.63067e-06  6.65164e-08  8.64512e-30  2.95737e-20  0.000143458  1.04117e-09  6.16129e-05  1.77216e-17  1.03196e-20  
5.45675e-11  1.10121e-08  1.6081e-18  6.15561e-28  1.04082e-05  4.9959e-07  5.77526e-05  2.91749e-16  9.28283e-24  8.92128e-15  
2.5887e-06  2.29697e-12  1.84775e-29  4.96743e-06  3.61402e-09  8.29366e-07  1.16029e-16  1.7135e-20  4.17502e-08  1.00991e-26  
8.36825e-07  1.16132e-15  2.46353e-24  4.69236e-06  2.37613e-07  1.6041e-07  4.40182e-08  4.20217e-13  1.73787e-14  1.95886e-06  
1.66476e-08  8.88144e-08  5.16361e-13  4.30511e-10  1.81164e-08  1.47906e-10  1.05619e-08  3.28755e-07  4.08861e-11  6.06815e-08  
1.09807e-11  9.88943e-11  1.60763e-08  2.45875e-10  2.56169e-09  2.68092e-07  4.65256e-10  1.87104e-09  3.73273e-10  5.80095e-09  
1.60973e-12  2.24732e-11  3.2963e-16  5.21016e-10  1.96421e-10  2.40096e-13  2.71691e-16  1.02011e-20  9.46079e-10  7.90801e-10  
8.28378e-09  9.91244e-10  6.28573e-10  1.17579e-09  5.20503e-08  5.43392e-09  2.36113e-09  5.55501e-08  2.71788e-07  5.10403e-10  
4.51764e-06  1.35968e-07  2.23223e-08  4.61676e-12  1.20706e-14  1.45094e-08  3.22532e-11  1.48557e-07  1.16683e-09  5.77517e-08  
4.69843e-09  8.25821e-09  1.55735e-11  2.2722e-09  2.04343e-09  6.09888e-14  9.97792e-10  2.8298e-09  6.3004e-12  1.67183e-09  
2.7402e-10  1.16648e-09  4.71063e-16  3.67339e-11  1.28287e-10  9.22267e-17  6.96755e-11  1.23452e-10  6.01455e-14  1.47733e-10  
4.0928e-11  1.98655e-10  2.21238e-11  4.33129e-11  2.0368e-11  7.98565e-11  2.90162e-12  1.47646e-10  1.28034e-11  3.45763e-17  
2.46194e-11  1.41324e-11  1.87572e-12  4.00273e-11  2.1435e-11  1.49126e-10  1.517e-13  2.1192e-16  4.3751e-11  2.13707e-11  
4.73269e-14  9.2293e-12  1.78326e-11  8.00326e-12  9.04905e-11  1.06671e-14  9.79845e-18  2.12517e-11  7.03226e-16  3.08353e-18  
2.5022e-11  5.43463e-12  8.3997e-12  4.30454e-13  8.12843e-12  4.69074e-15  1.32669e-12  2.4192e-12  4.4237e-14  2.06841e-15  
2.05142e-12  1.84117e-12  2.45897e-12  1.0899e-12  3.16673e-12  1.28326e-13  6.51785e-13  1.40025e-12  6.36022e-13  3.02447e-12  
9.56843e-13  1.56514e-12  6.81529e-13  2.22044e-12  2.81913e-13  1.65349e-12  5.66178e-13  1.61974e-19  8.0213e-13  6.21658e-13  
5.42785e-15  1.38965e-12  6.63099e-13  1.93044e-12  7.44306e-13  2.36602e-12  6.10485e-13  2.71531e-12  1.1368e-12  4.00381e-12  
1.41444e-12  5.59548e-12  6.69106e-13  7.50849e-13  2.43105e-13  1.04264e-12  9.89145e-13  4.30986e-12  2.50343e-12  1.3474e-17  
2.53286e-18  2.79629e-12  3.48686e-12  4.58193e-12  3.71024e-12  8.19389e-12  1.61762e-15  2.36361e-12  1.34946e-12  1.20935e-14  
5.44192e-14  6.19684e-17  5.76612e-19  1.38672e-12  9.32837e-13  2.26633e-12  2.35789e-12  1.57012e-11  2.10384e-12  4.85059e-12  
6.83617e-16  5.80282e-13  7.36902e-13  1.18966e-12  3.81721e-13  1.02035e-12  2.59733e-13  8.14606e-13  3.87424e-16  1.84891e-13  
2.92145e-15  6.39096e-18  9.18374e-14  2.47605e-13  5.92962e-14  2.05107e-13  4.07952e-15  2.92934e-13  3.16981e-14  6.57655e-15  
1.00611e-13  1.88803e-15  3.00151e-16  2.11071e-14  7.12099e-16  1.99283e-13  9.43985e-14  3.94711e-13  1.84388e-13  5.77158e-13  
9.06837e-17  2.69751e-13  1.48631e-13  1.50922e-15  1.94976e-16  2.07508e-13  1.44858e-13  6.25315e-13  3.01411e-13  8.74866e-13  
2.123e-13  4.82355e-13  1.93259e-13  5.49967e-13  9.48822e-16  1.30797e-13  1.30183e-13  5.68198e-15  1.54931e-15  1.72838e-13  
1.32458e-13  3.4135e-13  1.54328e-13  4.75175e-13  8.20536e-14  5.2622e-14  3.22373e-16  1.66112e-14  8.05819e-14  2.9166e-13  
9.32375e-14  3.25578e-13  7.5503e-16  1.06554e-17  7.00189e-14  6.93434e-16  2.00706e-18  1.9839e-13  8.94347e-14  2.02135e-13  
9.56639e-16  1.39821e-13  4.81959e-14  1.38413e-16  6.22528e-14  1.03056e-13  3.2961e-14  4.56412e-13  1.75111e-13  9.90617e-13  
1.8449e-15  9.36201e-13  3.58661e-13  1.07715e-14  8.98507e-13  6.3761e-13  1.77205e-14  2.5667e-12  1.38023e-12  2.74699e-12  
7.77992e-13  8.34892e-13  3.25007e-13  6.01099e-13  2.58145e-13  6.86681e-13  2.50238e-13  1.87516e-15  5.53854e-13  3.25084e-13  
4.11493e-14  2.90571e-12  3.24539e-12  9.26886e-12  6.36227e-13  5.88313e-18  3.86505e-15  
3.01762e-23  7.54401e-20  2.19414e-27  0  0.222437  3.10481e-24  7.65047e-32  0  0.00872269  6.42363e-12  6.18058e-09  
1.70556e-17  1.01358e-05  6.93271e-08  5.50361e-33  1.59995e-21  0.000133324  1.75887e-09  5.62501e-05  2.25938e-19  2.2116e-22  
3.38675e-10  1.1292e-08  2.20021e-20  1.16036e-28  1.03403e-05  4.61088e-07  5.95957e-05  3.92662e-18  2.35148e-25  3.20612e-14  
2.68506e-06  4.08292e-14  1.85356e-30  4.97971e-06  4.94876e-09  7.71182e-07  1.58207e-18  4.93629e-22  5.08717e-08  5.77365e-28  
8.78768e-07  1.62023e-17  8.80941e-26  4.69456e-06  2.38017e-07  1.61139e-07  4.40541e-08  7.93134e-14  6.20778e-15  1.95773e-06  
1.73426e-08  8.88417e-08  3.38005e-13  4.33358e-10  1.80865e-08  1.92156e-10  1.10867e-08  3.28233e-07  1.57438e-11  6.07048e-08  
6.62113e-11  9.94249e-11  1.60179e-08  2.75099e-10  2.44007e-09  2.67791e-07  8.24867e-10  1.88193e-09  3.74927e-10  5.79458e-09  
1.37881e-12  2.39145e-11  1.79542e-17  5.20939e-10  2.03724e-10  1.05797e-13  2.29857e-17  5.4415e-23  9.43477e-10  7.85402e-10  
8.23289e-09  1.04719e-09  6.32818e-10  1.16812e-09  5.19931e-08  5.44117e-09  2.41574e-09  5.57713e-08  2.70248e-07  1.40971e-09  
4.51137e-06  1.41482e-07  2.34457e-08  2.1737e-12  4.19426e-14  1.41264e-08  1.21853e-10  1.47543e-07  2.47512e-09  5.74785e-08  
4.94601e-09  8.30898e-09  9.0664e-11  2.28664e-09  1.97106e-09  9.92553e-16  1.02267e-09  2.8124e-09  6.70264e-12  1.66819e-09  
2.76685e-10  1.1703e-09  6.51876e-18  3.66163e-11  1.29081e-10  1.29019e-18  7.0174e-11  1.24758e-10  8.74062e-15  1.47452e-10  
4.09914e-11  1.98614e-10  2.1912e-11  4.4009e-11  2.02819e-11  8.04179e-11  3.79023e-12  1.46862e-10  1.15455e-11  4.30091e-19  
2.41484e-11  1.43461e-11  2.53333e-12  4.0957e-11  2.12648e-11  1.49106e-10  7.28893e-13  3.25548e-18  4.37449e-11  2.07691e-11  
1.07881e-14  9.22195e-12  1.84934e-11  8.09513e-12  9.05409e-11  5.0694e-15  6.37661e-17  2.13011e-11  2.20231e-17  1.47426e-18  
2.50146e-11  5.45008e-12  8.40906e-12  4.7936e-13  8.0983e-12  2.51585e-15  1.32472e-12  2.31812e-12  2.19077e-13  2.08009e-15  
1.92145e-12  1.83787e-12  2.50184e-12  1.07943e-12  3.17828e-12  1.75095e-13  5.77021e-13  1.42646e-12  6.08745e-13  3.02546e-12  
9.08023e-13  1.60601e-12  6.59118e-13  2.23261e-12  3.15656e-13  1.67055e-12  5.01831e-13  1.94653e-21  7.78506e-13  6.49103e-13  
9.06613e-15  1.43197e-12  6.50354e-13  1.94249e-12  7.27685e-13  2.39177e-12  5.98358e-13  2.73968e-12  1.11887e-12  4.02272e-12  
1.40468e-12  5.61409e-12  6.47677e-13  7.6437e-13  2.47606e-13  1.05165e-12  9.51371e-13  4.31461e-12  2.36636e-12  1.81554e-19  
4.87171e-18  2.84813e-12  3.30855e-12  4.78303e-12  3.64356e-12  8.286e-12  9.6525e-17  2.35565e-12  1.33813e-12  4.86998e-15  
6.30419e-14  1.17227e-17  3.73826e-18  1.45538e-12  9.14754e-13  2.30685e-12  2.35292e-12  1.57213e-11  2.10327e-12  4.85193e-12  
2.51283e-16  5.77655e-13  7.32583e-13  1.19656e-12  3.77039e-13  1.02161e-12  2.56026e-13  8.19178e-13  5.36881e-17  1.80941e-13  
8.64528e-15  1.15094e-18  8.61918e-14  2.50021e-13  5.90686e-14  2.05343e-13  1.67568e-14  2.71302e-13  1.67914e-14  9.85981e-15  
1.02182e-13  2.70981e-16  7.84208e-16  1.55198e-14  5.38447e-16  2.02902e-13  9.16741e-14  3.91584e-13  1.8444e-13  5.83991e-13  
1.69206e-18  2.62849e-13  1.47433e-13  1.76881e-16  1.47414e-17  2.10634e-13  1.42128e-13  6.21395e-13  2.97668e-13  8.89622e-13  
2.09408e-13  4.7767e-13  1.93648e-13  5.58009e-13  1.11727e-16  1.27323e-13  1.3199e-13  4.27255e-15  3.44862e-15  1.80764e-13  
1.34048e-13  3.48748e-13  1.55931e-13  4.81927e-13  8.12666e-14  5.2782e-14  2.47973e-17  1.53806e-14  7.78743e-14  2.93919e-13  
9.44046e-14  3.31341e-13  3.36483e-16  5.27531e-17  7.10446e-14  2.41192e-16  7.36371e-20  1.98047e-13  9.02743e-14  2.03328e-13  
5.58443e-16  1.36296e-13  4.65858e-14  5.68727e-18  5.92464e-14  1.04528e-13  3.3444e-14  4.51363e-13  1.68816e-13  9.74618e-13  
3.58918e-16  8.98617e-13  3.46004e-13  5.92811e-15  8.07022e-13  6.29861e-13  8.35176e-14  2.548e-12  1.34983e-12  2.82931e-12  
7.97949e-13  8.86252e-13  3.32296e-13  6.09598e-13  2.58005e-13  6.90818e-13  2.51419e-13  6.20565e-15  5.49096e-13  3.22346e-13  
4.41516e-14  2.90445e-12  3.24699e-12  9.27417e-12  6.36268e-13  3.20003e-19  4.14889e-15  
3.41476e-23  4.75402e-20  2.64508e-27  2.84708e-38  0.221171  2.97588e-24  3.96709e-33  0  0.00914252  5.25265e-12  8.1319e-09  
8.51467e-18  3.40537e-06  6.78863e-08  1.93486e-33  3.02082e-22  0.000129452  1.99836e-09  4.79207e-05  1.33024e-19  1.04243e-22  
1.18099e-10  1.39363e-08  1.8463e-20  3.28701e-29  1.03127e-05  4.41751e-07  7.46499e-05  3.28938e-18  1.20844e-25  1.31351e-14  
2.72021e-06  2.96882e-14  4.03683e-31  4.99038e-06  5.88977e-09  7.41052e-07  1.04313e-18  2.65977e-22  5.43778e-08  4.35464e-28  
9.01336e-07  1.0952e-17  5.14339e-26  4.69593e-06  2.38269e-07  1.61531e-07  4.40664e-08  2.06842e-14  1.55287e-15  1.95712e-06  
1.77254e-08  8.88526e-08  9.39494e-14  4.3529e-10  1.80728e-08  2.13837e-10  1.13575e-08  3.27966e-07  3.69669e-12  6.07319e-08  
9.24733e-11  9.97806e-11  1.59897e-08  2.89879e-10  2.37959e-09  2.67639e-07  9.89878e-10  1.88828e-09  3.75863e-10  5.79118e-09  
3.99595e-13  2.46827e-11  8.45675e-18  5.209e-10  2.08372e-10  2.5661e-14  8.28632e-18  1.30171e-23  9.42102e-10  7.82819e-10  
8.20699e-09  1.07543e-09  6.35119e-10  1.16445e-09  5.19622e-08  5.44813e-09  2.44201e-09  5.7112e-08  2.69487e-07  6.2086e-10  
4.50789e-06  1.4454e-07  2.40485e-08  5.38624e-13  4.70337e-14  1.39394e-08  8.04664e-11  1.47009e-07  3.13933e-09  5.74391e-08  
5.06944e-09  8.33769e-09  1.21379e-10  2.29372e-09  1.94105e-09  7.04364e-16  1.04028e-09  2.80326e-09  1.96431e-12  1.6664e-09  
2.77974e-10  1.17233e-09  4.29223e-18  3.65562e-11  1.29408e-10  8.69488e-19  7.04307e-11  1.25428e-10  2.45042e-15  1.47308e-10  
4.10327e-11  1.98584e-10  2.18205e-11  4.43307e-11  2.02517e-11  8.07051e-11  4.22238e-12  1.46483e-10  1.09831e-11  2.74412e-19  
2.39254e-11  1.43833e-11  2.8263e-12  4.1438e-11  2.12115e-11  1.49075e-10  6.86391e-13  2.25949e-18  4.37434e-11  2.08122e-11  
2.57791e-15  9.21775e-12  1.88064e-11  8.14598e-12  9.05674e-11  1.23921e-15  5.97815e-17  2.13274e-11  1.27656e-17  9.49239e-20  
2.50097e-11  5.45884e-12  8.41382e-12  5.03552e-13  8.08331e-12  6.42633e-16  1.32375e-12  2.27002e-12  2.95514e-13  5.98562e-16  
1.85733e-12  1.84536e-12  2.52386e-12  1.07458e-12  3.18369e-12  1.95159e-13  5.4305e-13  1.43894e-12  5.97296e-13  3.0242e-12  
8.85849e-13  1.62279e-12  6.49869e-13  2.23742e-12  3.28515e-13  1.68328e-12  4.72863e-13  1.21746e-21  7.75688e-13  6.58907e-13  
3.03293e-15  1.45226e-12  6.45061e-13  1.94831e-12  7.20098e-13  2.40388e-12  5.92894e-13  2.75143e-12  1.11024e-12  4.03224e-12  
1.39967e-12  5.62352e-12  6.37394e-13  7.70208e-13  2.49825e-13  1.05654e-12  9.33593e-13  4.31573e-12  2.30413e-12  1.21807e-19  
1.01755e-18  2.86551e-12  3.2284e-12  4.87318e-12  3.615e-12  8.32969e-12  4.06459e-17  2.35155e-12  1.33277e-12  1.15778e-15  
6.64882e-14  3.25122e-18  3.57435e-18  1.48942e-12  9.07732e-13  2.32681e-12  2.35062e-12  1.57317e-11  2.10297e-12  4.8526e-12  
5.83925e-17  5.76301e-13  7.3053e-13  1.19989e-12  3.74913e-13  1.02199e-12  2.54465e-13  8.21096e-13  1.52937e-17  1.78951e-13  
3.87188e-15  2.20698e-19  9.09628e-14  2.51233e-13  5.91267e-14  2.05283e-13  1.93848e-14  2.65331e-13  1.47115e-14  7.05122e-15  
1.00162e-13  6.93343e-17  2.32419e-16  1.37844e-14  1.5158e-16  2.04053e-13  9.12497e-14  3.89543e-13  1.8461e-13  5.86959e-13  
1.23357e-18  2.59384e-13  1.47124e-13  4.9789e-17  5.03085e-18  2.11653e-13  1.41213e-13  6.18674e-13  2.96299e-13  8.96255e-13  
2.08622e-13  4.7515e-13  1.93924e-13  5.61439e-13  3.44553e-17  1.25571e-13  1.3283e-13  1.24916e-15  1.10412e-15  1.87188e-13  
1.37703e-13  3.52792e-13  1.57054e-13  4.85356e-13  8.11125e-14  5.28213e-14  9.08134e-18  1.48102e-14  7.66824e-14  2.94511e-13  
9.50616e-14  3.34232e-13  8.16587e-17  5.89573e-17  7.17008e-14  5.65848e-17  9.39075e-21  1.97915e-13  9.06532e-14  2.03938e-13  
1.48202e-16  1.34479e-13  4.60553e-14  2.86367e-18  5.78708e-14  1.05153e-13  3.37382e-14  4.48576e-13  1.66356e-13  9.65881e-13  
8.9699e-17  8.79991e-13  3.40709e-13  1.5513e-15  7.76736e-13  6.27623e-13  9.89526e-14  2.53766e-12  1.33581e-12  2.86808e-12  
8.09185e-13  9.12663e-13  3.36614e-13  6.14085e-13  2.5809e-13  6.92793e-13  2.52206e-13  3.43318e-15  5.46665e-13  3.25881e-13  
4.56319e-14  2.90379e-12  3.24778e-12  9.27697e-12  6.36317e-13  1.35238e-19  4.28458e-15  
1.50248e-24  3.13418e-21  7.51699e-30  0  0.219146  2.96421e-24  0  0  0.00980791  2.03616e-13  8.14401e-09  
3.28522e-19  3.42473e-07  6.36875e-08  3.7946e-36  9.45146e-25  0.000131422  1.83099e-09  3.20725e-05  2.38306e-21  3.83915e-24  
3.11585e-12  1.81414e-08  6.56262e-22  4.57373e-32  1.03101e-05  4.39651e-07  9.35604e-05  1.12294e-19  4.31851e-27  2.09851e-16  
2.72314e-06  8.27304e-16  2.28563e-34  4.99208e-06  6.23822e-09  7.37775e-07  2.67901e-20  9.39454e-24  5.45444e-08  1.45424e-29  
9.04004e-07  2.91479e-19  1.80597e-27  4.69611e-06  2.38307e-07  1.61594e-07  4.40703e-08  2.39715e-16  1.3436e-17  1.95702e-06  
1.77828e-08  8.88544e-08  5.58535e-16  4.3562e-10  1.80704e-08  2.17133e-10  1.14049e-08  3.27921e-07  2.86801e-14  6.07367e-08  
9.05884e-11  9.98392e-11  1.59914e-08  2.9233e-10  2.37276e-09  2.67613e-07  1.01343e-09  1.88933e-09  3.75998e-10  5.79065e-09  
2.35538e-15  2.48178e-11  1.64746e-19  5.20894e-10  2.09352e-10  1.87033e-16  1.2648e-19  1.89189e-27  9.41892e-10  7.82354e-10  
8.20285e-09  1.07999e-09  6.35495e-10  1.16377e-09  5.19572e-08  5.44861e-09  2.44691e-09  5.78193e-08  2.69354e-07  9.87919e-12  
4.50734e-06  1.45031e-07  2.41487e-08  3.81885e-15  4.75579e-14  1.39184e-08  5.76971e-12  1.46923e-07  3.23629e-09  5.75007e-08  
5.08987e-09  8.34205e-09  1.0686e-10  2.29496e-09  1.95603e-09  1.98228e-17  1.04438e-09  2.80175e-09  1.20214e-14  1.6661e-09  
2.78188e-10  1.17266e-09  1.24861e-19  3.65461e-11  1.29485e-10  2.41657e-20  7.04718e-11  1.25539e-10  3.19342e-17  1.47285e-10  
4.10375e-11  1.98581e-10  2.17999e-11  4.43936e-11  2.02437e-11  8.07536e-11  4.28764e-12  1.46419e-10  1.08902e-11  7.47819e-21  
2.38941e-11  1.43951e-11  2.86904e-12  4.15217e-11  2.11951e-11  1.49075e-10  1.68033e-13  6.38672e-20  4.37429e-11  2.13278e-11  
2.71643e-17  9.21696e-12  1.88634e-11  8.15404e-12  9.05721e-11  8.43186e-18  3.38419e-17  2.1332e-11  3.00297e-19  1.53662e-23  
2.50091e-11  5.46013e-12  8.41461e-12  5.07582e-13  8.08078e-12  4.09532e-18  1.32357e-12  2.26161e-12  3.05825e-13  3.62717e-18  
1.84947e-12  1.84737e-12  2.52755e-12  1.07379e-12  3.18462e-12  1.98044e-13  5.37847e-13  1.44114e-12  5.94819e-13  3.02443e-12  
8.81954e-13  1.62604e-12  6.47745e-13  2.2386e-12  3.30472e-13  1.68526e-12  4.68185e-13  3.17335e-23  7.77178e-13  6.60783e-13  
2.10244e-17  1.45568e-12  6.4403e-13  1.94932e-12  7.18863e-13  2.4059e-12  5.91926e-13  2.75344e-12  1.10883e-12  4.03373e-12  
1.39891e-12  5.62503e-12  6.35735e-13  7.71237e-13  2.50209e-13  1.05729e-12  9.30416e-13  4.3161e-12  2.29228e-12  3.5148e-21  
5.62174e-21  2.87034e-12  3.21325e-12  4.88995e-12  3.609e-12  8.33789e-12  7.4828e-19  2.35086e-12  1.33163e-12  9.51597e-18  
6.70319e-14  4.01912e-20  2.07961e-18  1.49601e-12  9.06205e-13  2.33039e-12  2.3502e-12  1.57334e-11  2.10291e-12  4.85275e-12  
4.65042e-19  5.76073e-13  7.30159e-13  1.2005e-12  3.74485e-13  1.02211e-12  2.54134e-13  8.21514e-13  2.03072e-19  1.78606e-13  
5.84614e-17  5.9319e-23  9.46509e-14  2.51565e-13  5.90018e-14  2.05408e-13  1.64667e-14  2.67878e-13  1.74798e-14  2.3126e-15  
9.94365e-14  1.01332e-18  6.53947e-18  1.48875e-14  1.06989e-18  2.04343e-13  9.11827e-14  3.8931e-13  1.84548e-13  5.87595e-13  
3.37576e-20  2.58782e-13  1.46914e-13  7.73159e-19  8.12984e-20  2.12019e-13  1.40847e-13  6.18415e-13  2.95895e-13  8.9759e-13  
2.08282e-13  4.74883e-13  1.9386e-13  5.62199e-13  4.92505e-19  1.25261e-13  1.32913e-13  7.49808e-18  8.74611e-18  1.89103e-13  
1.38918e-13  3.53507e-13  1.57184e-13  4.85977e-13  8.09911e-14  5.28814e-14  1.52092e-19  1.47037e-14  7.64653e-14  2.94684e-13  
9.51482e-14  3.34739e-13  5.87027e-19  5.87063e-17  7.17972e-14  4.7426e-19  1.094e-23  1.97967e-13  9.07036e-14  2.04035e-13  
9.18457e-19  1.34163e-13  4.60218e-14  5.9132e-20  5.75554e-14  1.05301e-13  3.37679e-14  4.48195e-13  1.65606e-13  9.64757e-13  
1.00914e-18  8.76888e-13  3.39133e-13  9.70521e-18  7.99179e-13  6.28866e-13  7.32116e-14  2.53673e-12  1.33307e-12  2.87508e-12  
8.10702e-13  9.17322e-13  3.37239e-13  6.14894e-13  2.58084e-13  6.93146e-13  2.52328e-13  1.24268e-16  5.46247e-13  3.29326e-13  
4.5903e-14  2.90368e-12  3.24791e-12  9.27742e-12  6.36322e-13  2.55156e-21  4.30918e-15  
1.279e-24  3.64629e-21  3.72512e-30  0  0.21848  2.96417e-24  0  0  0.0100261  1.60411e-13  8.10818e-09  
2.5077e-19  1.26828e-07  6.21891e-08  1.88418e-36  2.63357e-25  0.000132644  1.75173e-09  2.70308e-05  1.44405e-21  3.34969e-24  
7.42848e-13  1.96527e-08  5.21336e-22  8.82565e-33  1.03102e-05  4.39673e-07  9.88177e-05  8.61971e-20  3.73427e-27  6.12947e-17  
2.72315e-06  4.67405e-16  5.81775e-35  4.99208e-06  6.31001e-09  7.37829e-07  1.6076e-20  8.05475e-24  5.45197e-08  1.16912e-29  
9.04e-07  2.01975e-19  1.54163e-27  4.69611e-06  2.38309e-07  1.61598e-07  4.40709e-08  1.33606e-16  7.3536e-18  1.95701e-06  
1.77859e-08  8.88545e-08  3.076e-16  4.35641e-10  1.80702e-08  2.17333e-10  1.14083e-08  3.27918e-07  1.61585e-14  6.0737e-08  
8.58957e-11  9.98425e-11  1.59961e-08  2.92515e-10  2.37287e-09  2.67612e-07  1.01466e-09  1.8894e-09  3.76005e-10  5.79062e-09  
1.29252e-15  2.4827e-11  9.23663e-20  5.20893e-10  2.09391e-10  1.05676e-16  7.1092e-20  6.15108e-28  9.41878e-10  7.82311e-10  
8.20257e-09  1.08031e-09  6.35522e-10  1.1637e-09  5.19569e-08  5.4485e-09  2.44738e-09  5.78354e-08  2.69343e-07  1.81447e-12  
4.5073e-06  1.45063e-07  2.41559e-08  2.14554e-15  4.75574e-14  1.39188e-08  6.11205e-13  1.46918e-07  3.24102e-09  5.75048e-08  
5.09144e-09  8.34228e-09  9.2324e-11  2.29507e-09  1.97067e-09  1.1273e-17  1.04455e-09  2.80164e-09  6.49373e-15  1.66607e-09  
2.78205e-10  1.17268e-09  7.41916e-20  3.65452e-11  1.29495e-10  1.41618e-20  7.0474e-11  1.25547e-10  1.79523e-17  1.47283e-10  
4.10374e-11  1.98582e-10  2.17973e-11  4.44002e-11  2.02424e-11  8.07574e-11  4.29155e-12  1.46414e-10  1.08826e-11  4.41153e-21  
2.38927e-11  1.43976e-11  2.8716e-12  4.15286e-11  2.11923e-11  1.49077e-10  4.53481e-14  3.68469e-20  4.37429e-11  2.14498e-11  
1.54148e-17  9.21687e-12  1.8868e-11  8.15455e-12  9.05726e-11  4.75228e-18  2.02988e-17  2.13323e-11  1.69262e-19  5.72312e-24  
2.50091e-11  5.4602e-12  8.41468e-12  5.07891e-13  8.08057e-12  2.29863e-18  1.32355e-12  2.26087e-12  3.06176e-13  2.03393e-18  
1.84948e-12  1.84738e-12  2.52784e-12  1.07372e-12  3.18469e-12  1.98215e-13  5.37493e-13  1.44134e-12  5.9451e-13  3.02454e-12  
8.81594e-13  1.62641e-12  6.47463e-13  2.23876e-12  3.30584e-13  1.68536e-12  4.6786e-13  2.17874e-23  7.77047e-13  6.61009e-13  
1.02232e-17  1.45597e-12  6.43914e-13  1.94941e-12  7.18763e-13  2.40607e-12  5.91836e-13  2.7536e-12  1.10872e-12  4.03383e-12  
1.39887e-12  5.62514e-12  6.3561e-13  7.71337e-13  2.50241e-13  1.05733e-12  9.30123e-13  4.31617e-12  2.29106e-12  2.06053e-21  
2.48852e-23  2.87112e-12  3.21169e-12  4.89165e-12  3.60829e-12  8.33871e-12  4.20717e-19  2.35081e-12  1.33148e-12  4.92832e-18  
6.70674e-14  2.27047e-20  1.27412e-18  1.49651e-12  9.06012e-13  2.33071e-12  2.35016e-12  1.57335e-11  2.1029e-12  4.85276e-12  
2.61954e-19  5.76055e-13  7.30116e-13  1.20055e-12  3.74437e-13  1.02213e-12  2.54094e-13  8.21566e-13  1.14094e-19  1.78578e-13  
1.1857e-17  6.85328e-24  9.46678e-14  2.51608e-13  5.89683e-14  2.05441e-13  1.39898e-14  2.68911e-13  1.98972e-14  8.41834e-16  
9.93258e-14  5.32605e-19  2.13713e-19  1.53056e-14  5.96069e-19  2.04394e-13  9.11395e-14  3.89313e-13  1.84527e-13  5.87671e-13  
1.88907e-20  2.58732e-13  1.46868e-13  4.03875e-19  4.56417e-20  2.12075e-13  1.40775e-13  6.18434e-13  2.9583e-13  8.97737e-13  
2.08215e-13  4.74888e-13  1.93837e-13  5.62294e-13  2.7628e-19  1.25234e-13  1.32901e-13  4.16544e-18  2.9089e-18  1.89178e-13  
1.38921e-13  3.53564e-13  1.57181e-13  4.86032e-13  8.09636e-14  5.28955e-14  8.56496e-20  1.46931e-14  7.64405e-14  2.94715e-13  
9.51506e-14  3.34782e-13  3.29507e-19  5.8015e-17  7.17889e-14  2.69261e-19  5.90815e-24  1.97975e-13  9.07055e-14  2.04042e-13  
5.14807e-19  1.34137e-13  4.60029e-14  3.30038e-20  5.75153e-14  1.05321e-13  3.37665e-14  4.48182e-13  1.65485e-13  9.64732e-13  
5.67228e-19  8.76633e-13  3.38868e-13  5.45247e-18  8.17392e-13  6.29004e-13  5.46128e-14  2.5368e-12  1.33277e-12  2.87573e-12  
8.10749e-13  9.17713e-13  3.37264e-13  6.14963e-13  2.58079e-13  6.93178e-13  2.52334e-13  1.28891e-17  5.46215e-13  3.29448e-13  
4.59271e-14  2.90367e-12  3.24792e-12  9.27746e-12  6.36321e-13  1.44723e-21  4.3114e-15  
1.07018e-24  4.54627e-21  7.99532e-31  0  0.218223  2.96416e-24  0  0  0.0101106  9.89934e-14  8.08619e-09  
2.01346e-19  8.55083e-08  6.15951e-08  5.59158e-37  1.22151e-25  0.000133226  1.71938e-09  2.52275e-05  9.70171e-22  2.78553e-24  
2.9125e-13  2.02512e-08  3.94534e-22  1.33984e-33  1.03102e-05  4.3968e-07  0.000100662  6.51503e-20  2.94962e-27  2.57966e-17  
2.72315e-06  1.85223e-16  1.83559e-35  4.99209e-06  6.33337e-09  7.37849e-07  1.0748e-20  6.05479e-24  5.45103e-08  7.44338e-30  
9.03999e-07  1.48266e-19  1.14565e-27  4.69611e-06  2.38309e-07  1.61599e-07  4.40712e-08  4.10979e-17  2.14725e-18  1.95701e-06  
1.7787e-08  8.88546e-08  8.85683e-17  4.35648e-10  1.80701e-08  2.17402e-10  1.14096e-08  3.27916e-07  4.98365e-15  6.0737e-08  
8.27138e-11  9.98437e-11  1.59993e-08  2.92582e-10  2.37296e-09  2.67611e-07  1.01505e-09  1.88943e-09  3.76007e-10  5.79061e-09  
3.69808e-16  2.48304e-11  2.99737e-20  5.20893e-10  2.09406e-10  3.26298e-17  2.21338e-20  6.42408e-29  9.41873e-10  7.82296e-10  
8.20247e-09  1.08043e-09  6.35531e-10  1.16368e-09  5.19568e-08  5.44846e-09  2.44755e-09  5.78395e-08  2.69339e-07  6.98117e-13  
4.50729e-06  1.45074e-07  2.41585e-08  6.53612e-16  4.75571e-14  1.39192e-08  1.72251e-13  1.46916e-07  3.24249e-09  5.75048e-08  
5.09201e-09  8.34236e-09  8.33262e-11  2.29511e-09  1.9797e-09  4.56315e-18  1.04461e-09  2.8016e-09  1.85641e-15  1.66607e-09  
2.78211e-10  1.17269e-09  4.29898e-20  3.6545e-11  1.29499e-10  9.07176e-21  7.04748e-11  1.2555e-10  5.66798e-18  1.47283e-10  
4.10374e-11  1.98582e-10  2.17963e-11  4.44026e-11  2.0242e-11  8.07588e-11  4.29289e-12  1.46412e-10  1.08799e-11  2.88762e-21  
2.38922e-11  1.43985e-11  2.87247e-12  4.15311e-11  2.11912e-11  1.49077e-10  1.82093e-14  1.7202e-20  4.37428e-11  2.14767e-11  
4.84883e-18  9.21684e-12  1.88697e-11  8.15473e-12  9.05728e-11  1.45251e-18  1.42057e-17  2.13323e-11  5.91622e-20  1.25582e-24  
2.50091e-11  5.46022e-12  8.4147e-12  5.08001e-13  8.08051e-12  6.9309e-19  1.32355e-12  2.26061e-12  3.06228e-13  6.08017e-19  
1.84956e-12  1.84738e-12  2.52794e-12  1.0737e-12  3.18472e-12  1.98272e-13  5.3737e-13  1.44141e-12  5.944e-13  3.02458e-12  
8.81465e-13  1.62654e-12  6.47363e-13  2.23882e-12  3.30602e-13  1.68539e-12  4.67766e-13  1.58367e-23  7.77005e-13  6.6109e-13  
3.09477e-18  1.45607e-12  6.43872e-13  1.94944e-12  7.18728e-13  2.40612e-12  5.91803e-13  2.75367e-12  1.10868e-12  4.03387e-12  
1.39885e-12  5.62518e-12  6.35566e-13  7.71373e-13  2.50253e-13  1.05735e-12  9.30018e-13  4.31619e-12  2.29062e-12  1.23506e-21  
8.73273e-25  2.8714e-12  3.21112e-12  4.89226e-12  3.60803e-12  8.339e-12  1.36674e-19  2.35079e-12  1.33142e-12  1.32455e-18  
6.70793e-14  7.21238e-21  9.05043e-19  1.49669e-12  9.05943e-13  2.33082e-12  2.35015e-12  1.57336e-11  2.1029e-12  4.85277e-12  
8.08944e-20  5.76049e-13  7.301e-13  1.20057e-12  3.7442e-13  1.02214e-12  2.54079e-13  8.21585e-13  3.60233e-20  1.78567e-13  
4.48298e-18  8.35263e-25  9.46643e-14  2.51624e-13  5.8956e-14  2.05454e-13  1.24819e-14  2.69208e-13  2.13823e-14  4.19721e-16  
9.92838e-14  1.43872e-19  1.82828e-20  1.54278e-14  1.72022e-19  2.04413e-13  9.11219e-14  3.89315e-13  1.8452e-13  5.87699e-13  
7.14311e-21  2.58714e-13  1.46852e-13  1.13211e-19  1.46189e-20  2.12096e-13  1.40749e-13  6.18442e-13  2.95806e-13  8.97792e-13  
2.0819e-13  4.7489e-13  1.93828e-13  5.62329e-13  8.7331e-20  1.25224e-13  1.32897e-13  1.21839e-18  9.94233e-19  1.89207e-13  
1.38921e-13  3.53584e-13  1.5718e-13  4.86052e-13  8.09536e-14  5.29006e-14  2.76419e-20  1.46893e-14  7.64317e-14  2.94726e-13  
9.51514e-14  3.34797e-13  1.00327e-19  5.75361e-17  7.17859e-14  8.63227e-20  1.84517e-24  1.97979e-13  9.07061e-14  2.04044e-13  
1.54297e-19  1.34127e-13  4.59963e-14  1.07549e-20  5.75009e-14  1.05328e-13  3.3766e-14  4.48178e-13  1.65441e-13  9.64724e-13  
1.77641e-19  8.76542e-13  3.38772e-13  1.64491e-18  8.27379e-13  6.29056e-13  4.4488e-14  2.53683e-12  1.33267e-12  2.87597e-12  
8.10765e-13  9.17856e-13  3.37273e-13  6.14988e-13  2.58077e-13  6.93189e-13  2.52336e-13  4.63279e-18  5.46204e-13  3.2946e-13  
4.59359e-14  2.90367e-12  3.24793e-12  9.27747e-12  6.36321e-13  4.80481e-22  4.31221e-15  
2.25339e-25  2.40784e-21  2.30752e-32  0  0.218069  2.96414e-24  0  0  0.0101606  4.34942e-14  8.05354e-09  
3.30933e-20  6.90246e-08  6.12275e-08  1.73239e-39  7.70675e-27  0.000133792  1.69703e-09  2.4243e-05  1.31964e-22  4.29209e-25  
2.36229e-14  2.0621e-08  6.00538e-23  6.51629e-36  1.03103e-05  4.39683e-07  0.000101663  1.03711e-20  3.82019e-28  7.09587e-18  
2.72316e-06  2.80529e-17  5.31141e-37  4.99209e-06  6.3407e-09  7.3786e-07  1.43521e-21  6.01586e-25  5.45047e-08  4.15605e-31  
9.03999e-07  2.32184e-20  1.12241e-28  4.69611e-06  2.38309e-07  1.616e-07  4.40713e-08  6.11888e-18  3.11061e-19  1.95701e-06  
1.77875e-08  8.88546e-08  1.6512e-17  4.35652e-10  1.80701e-08  2.17429e-10  1.14102e-08  3.27916e-07  8.68008e-16  6.07371e-08  
7.75827e-11  9.98443e-11  1.60044e-08  2.92616e-10  2.37312e-09  2.6761e-07  1.01513e-09  1.88944e-09  3.76008e-10  5.7906e-09  
8.08677e-17  2.48321e-11  4.38331e-21  5.20893e-10  2.09414e-10  5.90235e-18  3.31009e-21  1.56096e-30  9.4187e-10  7.82288e-10  
8.20241e-09  1.08049e-09  6.35536e-10  1.16367e-09  5.19567e-08  5.44844e-09  2.44764e-09  5.78416e-08  2.69337e-07  1.76622e-13  
4.50728e-06  1.4508e-07  2.41598e-08  1.16651e-16  4.75567e-14  1.39198e-08  3.2536e-14  1.46915e-07  3.24271e-09  5.75047e-08  
5.0923e-09  8.3424e-09  7.0148e-11  2.29513e-09  1.9929e-09  6.81524e-19  1.04465e-09  2.80158e-09  4.47351e-16  1.66606e-09  
2.78214e-10  1.17269e-09  6.23516e-21  3.65448e-11  1.29501e-10  1.28064e-21  7.04752e-11  1.25551e-10  8.78016e-19  1.47282e-10  
4.10373e-11  1.98582e-10  2.17958e-11  4.44039e-11  2.02418e-11  8.07595e-11  4.29341e-12  1.46411e-10  1.08787e-11  4.14607e-22  
2.38921e-11  1.4399e-11  2.87278e-12  4.15324e-11  2.11907e-11  1.49077e-10  4.09108e-15  2.45402e-21  4.37428e-11  2.14906e-11  
7.93299e-19  9.21682e-12  1.88706e-11  8.15482e-12  9.05729e-11  2.66953e-19  7.86303e-18  2.13324e-11  1.0356e-20  1.56249e-25  
2.50091e-11  5.46023e-12  8.41471e-12  5.08054e-13  8.08047e-12  1.31235e-19  1.32354e-12  2.26048e-12  3.06075e-13  1.18319e-19  
1.84978e-12  1.84738e-12  2.52799e-12  1.07369e-12  3.18474e-12  1.98291e-13  5.37319e-13  1.44145e-12  5.94343e-13  3.0246e-12  
8.81401e-13  1.6266e-12  6.47312e-13  2.23885e-12  3.30526e-13  1.6854e-12  4.67805e-13  2.40845e-24  7.76983e-13  6.61131e-13  
7.9259e-19  1.45612e-12  6.43852e-13  1.94946e-12  7.1871e-13  2.40616e-12  5.91787e-13  2.7537e-12  1.10866e-12  4.03388e-12  
1.39884e-12  5.6252e-12  6.35543e-13  7.7139e-13  2.50259e-13  1.05736e-12  9.29964e-13  4.31621e-12  2.29039e-12  1.66751e-22  
6.78278e-27  2.87154e-12  3.21083e-12  4.89257e-12  3.6079e-12  8.33915e-12  2.05747e-20  2.35078e-12  1.3314e-12  1.71014e-19  
6.70834e-14  1.15271e-21  5.13373e-19  1.49678e-12  9.05909e-13  2.33088e-12  2.35014e-12  1.57336e-11  2.1029e-12  4.85277e-12  
1.39312e-20  5.76045e-13  7.30092e-13  1.20058e-12  3.74411e-13  1.02214e-12  2.54072e-13  8.21595e-13  5.55542e-21  1.78562e-13  
1.10529e-18  3.18679e-26  9.46619e-14  2.51632e-13  5.89492e-14  2.0546e-13  1.03083e-14  2.69412e-13  2.35435e-14  1.3187e-16  
9.92615e-14  1.69184e-20  3.06354e-22  1.5511e-14  4.1751e-20  2.04422e-13  9.11128e-14  3.89316e-13  1.84515e-13  5.87714e-13  
1.0325e-21  2.58704e-13  1.46843e-13  1.36824e-20  2.20508e-21  2.12106e-13  1.40734e-13  6.18446e-13  2.95794e-13  8.9782e-13  
2.08178e-13  4.74892e-13  1.93823e-13  5.62348e-13  1.324e-20  1.25219e-13  1.32894e-13  2.61102e-19  2.52339e-19  1.89222e-13  
1.38921e-13  3.53595e-13  1.57179e-13  4.86062e-13  8.09482e-14  5.29032e-14  4.22727e-21  1.46873e-14  7.64271e-14  2.94732e-13  
9.51516e-14  3.34806e-13  1.76607e-20  5.64484e-17  7.17842e-14  1.87555e-20  2.66015e-25  1.97981e-13  9.07063e-14  2.04045e-13  
3.01757e-20  1.34122e-13  4.59931e-14  1.55713e-21  5.74935e-14  1.05331e-13  3.37656e-14  4.48176e-13  1.65418e-13  9.6472e-13  
2.81414e-20  8.76495e-13  3.38722e-13  3.23347e-19  8.40222e-13  6.29084e-13  3.15734e-14  2.53684e-12  1.33261e-12  2.87609e-12  
8.10773e-13  9.1793e-13  3.37278e-13  6.15001e-13  2.58076e-13  6.93196e-13  2.52337e-13  1.11713e-18  5.46198e-13  3.29466e-13  
4.59404e-14  2.90366e-12  3.24793e-12  9.27747e-12  6.36321e-13  7.58802e-23  4.31264e-15  
  3 1.30967e+09 1.30967e+09 1.74998 0.568386 146310 269.66 0.030417
7.08811e-27  2.56654e-22  3.56624e-29  0  0.205002  2.96092e-24  0  0  0.014317  2.57272e-14  7.47845e-15  
3.65438e-20  5.65589e-08  5.53184e-08  7.8157e-39  2.6187e-27  0.000281796  1.28481e-09  1.85474e-05  3.97463e-23  5.70713e-25  
9.00537e-15  2.65147e-08  3.10154e-23  2.10394e-36  1.03107e-05  4.39768e-07  0.000107379  4.67537e-21  2.12129e-28  2.89973e-18  
2.72315e-06  1.73658e-17  9.59221e-38  4.99211e-06  6.37824e-09  7.45283e-07  6.47599e-22  2.5399e-25  4.72558e-08  1.28091e-31  
9.03972e-07  1.01965e-20  4.17453e-29  4.69612e-06  2.3831e-07  1.61612e-07  4.40742e-08  3.17856e-18  1.41174e-19  1.957e-06  
1.77926e-08  8.88549e-08  6.72506e-18  4.36889e-10  1.80694e-08  1.55959e-10  1.1421e-08  3.27966e-07  4.3687e-16  6.07378e-08  
1.14048e-14  9.98546e-11  1.6082e-08  2.93158e-10  3.01295e-09  2.67605e-07  3.79692e-10  1.88968e-09  3.76016e-10  5.79053e-09  
3.02987e-17  2.48623e-11  2.49269e-21  5.20892e-10  2.09519e-10  2.92992e-18  1.84255e-21  5.79944e-31  9.41835e-10  7.82136e-10  
8.20156e-09  1.08148e-09  6.35618e-10  1.16343e-09  5.19559e-08  5.4477e-09  2.44938e-09  5.78686e-08  2.69298e-07  3.67559e-14  
4.50719e-06  1.45156e-07  2.41827e-08  5.6524e-17  4.57455e-14  1.63101e-08  4.26125e-15  1.46899e-07  8.66038e-10  5.75013e-08  
5.09721e-09  8.34305e-09  1.22622e-14  2.2955e-09  2.06351e-09  4.28905e-19  1.04516e-09  2.80125e-09  1.58688e-16  1.66599e-09  
2.78269e-10  1.17276e-09  3.60464e-21  3.65423e-11  1.29544e-10  6.58302e-22  7.04805e-11  1.25577e-10  4.88387e-19  1.47278e-10  
4.10356e-11  1.98583e-10  2.17867e-11  4.44267e-11  2.02377e-11  8.07709e-11  3.05818e-12  1.46394e-10  1.21018e-11  2.34068e-22  
2.49139e-11  1.44069e-11  1.85508e-12  4.15554e-11  2.11788e-11  1.49083e-10  2.82874e-17  1.44787e-21  4.37427e-11  2.14918e-11  
4.30292e-19  9.21649e-12  1.88858e-11  8.15644e-12  9.05744e-11  1.26926e-19  1.29163e-25  2.13329e-11  5.00991e-21  5.64287e-28  
2.50092e-11  5.46031e-12  8.41492e-12  4.76559e-13  8.07984e-12  6.0071e-20  1.32348e-12  2.29059e-12  2.41437e-15  3.24585e-20  
2.15482e-12  1.84724e-12  2.52882e-12  1.07354e-12  3.18497e-12  1.23329e-13  6.11802e-13  1.44199e-12  5.93406e-13  3.02487e-12  
8.80444e-13  1.62761e-12  6.46529e-13  2.23927e-12  2.62982e-13  1.68548e-12  5.34892e-13  1.1879e-24  7.76677e-13  6.61849e-13  
2.32733e-19  1.45687e-12  6.43558e-13  1.94965e-12  7.18458e-13  2.40662e-12  5.91549e-13  2.75419e-12  1.10836e-12  4.03412e-12  
1.39875e-12  5.6255e-12  6.35223e-13  7.71651e-13  2.50374e-13  1.05748e-12  9.29066e-13  4.31639e-12  2.28654e-12  8.49121e-23  
7.65215e-28  2.87402e-12  3.20605e-12  4.8978e-12  3.60551e-12  8.34184e-12  1.19449e-20  2.35062e-12  1.33092e-12  1.88245e-19  
6.42208e-14  6.1921e-22  2.78316e-27  1.49838e-12  9.08224e-13  2.3319e-12  2.35003e-12  1.5734e-11  2.10288e-12  4.85284e-12  
7.05625e-21  5.7599e-13  7.29937e-13  1.20077e-12  3.74242e-13  1.02223e-12  2.53927e-13  8.21788e-13  3.09516e-21  1.7847e-13  
2.23048e-19  4.1663e-27  9.45496e-14  2.51781e-13  5.88134e-14  2.05596e-13  2.9318e-18  2.69471e-13  3.35781e-14  1.88789e-18  
9.88734e-14  2.39952e-20  4.83335e-25  1.56473e-14  1.51281e-20  2.04574e-13  9.09636e-14  3.89346e-13  1.84402e-13  5.87995e-13  
6.13794e-22  2.58547e-13  1.46691e-13  1.64164e-20  1.26057e-21  2.12292e-13  1.40473e-13  6.18551e-13  2.95545e-13  8.9832e-13  
2.07951e-13  4.74927e-13  1.93695e-13  5.62715e-13  7.39896e-21  1.2513e-13  1.32829e-13  1.05396e-19  6.22106e-20  1.89466e-13  
1.38903e-13  3.53776e-13  1.57151e-13  4.86247e-13  8.08481e-14  5.29468e-14  2.45092e-21  1.4655e-14  7.63525e-14  2.94839e-13  
9.51468e-14  3.34953e-13  8.54802e-21  4.62552e-18  7.17429e-14  7.49079e-21  1.26445e-26  1.98069e-13  9.07052e-14  2.04066e-13  
1.35922e-20  1.34039e-13  4.59483e-14  8.94708e-22  5.7369e-14  1.05381e-13  3.37561e-14  4.48143e-13  1.65007e-13  9.6468e-13  
1.53545e-20  8.7573e-13  3.37815e-13  1.46115e-19  8.70508e-13  6.29585e-13  8.56986e-18  2.53714e-12  1.33172e-12  2.87809e-12  
8.10813e-13  9.19233e-13  3.37359e-13  6.15239e-13  2.58053e-13  6.93308e-13  2.52341e-13  1.82975e-19  5.46369e-13  3.29506e-13  
4.57551e-14  2.90364e-12  3.24798e-12  9.27756e-12  6.36316e-13  4.58079e-23  4.32061e-15  
1.89204e-26  3.74921e-22  1.17976e-28  0  0.205934  2.9609e-24  0  0  0.0140177  3.94544e-14  1.21513e-14  
8.44215e-20  7.21858e-08  5.61347e-08  6.06009e-38  1.08675e-26  0.000273711  1.36221e-09  1.99895e-05  1.07284e-22  1.24109e-24  
4.86106e-14  2.56826e-08  7.35883e-23  3.02056e-35  1.03106e-05  4.39773e-07  0.000105921  1.0988e-20  5.04925e-28  6.69885e-18  
2.72311e-06  5.23424e-17  6.194e-37  4.99209e-06  6.37023e-09  7.45286e-07  1.83494e-21  7.30605e-25  4.72615e-08  4.61412e-31  
9.03958e-07  2.51118e-20  1.18186e-28  4.69612e-06  2.38309e-07  1.6161e-07  4.40738e-08  1.05036e-17  4.85939e-19  1.957e-06  
1.77916e-08  8.88549e-08  2.22516e-17  4.36879e-10  1.80695e-08  1.5586e-10  1.14193e-08  3.27968e-07  1.38688e-15  6.07376e-08  
1.90808e-14  9.9853e-11  1.6082e-08  2.93065e-10  3.01264e-09  2.67605e-07  3.79295e-10  1.88964e-09  3.76014e-10  5.79054e-09  
9.77371e-17  2.48573e-11  8.02716e-21  5.20892e-10  2.09501e-10  9.24189e-18  5.95666e-21  4.94918e-30  9.41842e-10  7.82161e-10  
8.20171e-09  1.08131e-09  6.35605e-10  1.16346e-09  5.1956e-08  5.4478e-09  2.4491e-09  5.78642e-08  2.69305e-07  1.08298e-13  
4.50721e-06  1.45143e-07  2.41789e-08  1.80117e-16  4.57389e-14  1.63088e-08  1.22835e-14  1.46901e-07  8.6504e-10  5.75019e-08  
5.0964e-09  8.34294e-09  2.34475e-14  2.29544e-09  2.06342e-09  1.30609e-18  1.04508e-09  2.80131e-09  4.97613e-16  1.666e-09  
2.7826e-10  1.17274e-09  1.01331e-20  3.65427e-11  1.29538e-10  1.84368e-21  7.04796e-11  1.25572e-10  1.55407e-18  1.47279e-10  
4.10359e-11  1.98583e-10  2.17881e-11  4.44231e-11  2.02384e-11  8.0769e-11  3.05631e-12  1.46397e-10  1.21055e-11  6.47618e-22  
2.49145e-11  1.44057e-11  1.85378e-12  4.15517e-11  2.11806e-11  1.49082e-10  7.9475e-17  4.35829e-21  4.37427e-11  2.14922e-11  
1.35911e-18  9.21654e-12  1.88833e-11  8.15617e-12  9.05742e-11  4.04567e-19  5.07637e-25  2.13328e-11  1.56198e-20  3.83756e-27  
2.50092e-11  5.46029e-12  8.41488e-12  4.76388e-13  8.07995e-12  1.91438e-19  1.32349e-12  2.29099e-12  2.41441e-15  1.03577e-19  
2.15461e-12  1.84726e-12  2.52868e-12  1.07356e-12  3.18494e-12  1.23245e-13  6.11967e-13  1.4419e-12  5.93555e-13  3.02483e-12  
8.80602e-13  1.62745e-12  6.46653e-13  2.2392e-12  2.74341e-13  1.68545e-12  5.23616e-13  2.91409e-24  7.76729e-13  6.6174e-13  
7.15908e-19  1.45675e-12  6.43606e-13  1.94961e-12  7.18501e-13  2.40655e-12  5.91589e-13  2.7541e-12  1.10841e-12  4.03408e-12  
1.39877e-12  5.62545e-12  6.35277e-13  7.71608e-13  2.50356e-13  1.05746e-12  9.29212e-13  4.31636e-12  2.28716e-12  2.42938e-22  
8.48201e-27  2.87363e-12  3.20682e-12  4.89696e-12  3.60588e-12  8.34141e-12  3.77628e-20  2.35064e-12  1.33099e-12  5.78164e-19  
6.42107e-14  1.94658e-21  1.65294e-26  1.49813e-12  9.08319e-13  2.33173e-12  2.35005e-12  1.57339e-11  2.10289e-12  4.85283e-12  
2.24413e-20  5.75999e-13  7.29962e-13  1.20074e-12  3.74269e-13  1.02222e-12  2.5395e-13  8.21758e-13  9.85399e-21  1.78485e-13  
6.70772e-19  3.61632e-26  9.45661e-14  2.51758e-13  5.88337e-14  2.05575e-13  5.92346e-18  2.69479e-13  3.36141e-14  5.22897e-18  
9.89329e-14  7.07099e-20  3.79568e-24  1.56346e-14  4.71475e-20  2.0455e-13  9.09869e-14  3.89342e-13  1.84419e-13  5.87951e-13  
1.91388e-21  2.58573e-13  1.46714e-13  4.95781e-20  4.00084e-21  2.12263e-13  1.40513e-13  6.18537e-13  2.95583e-13  8.98241e-13  
2.07985e-13  4.74923e-13  1.93714e-13  5.62658e-13  2.3653e-20  1.25145e-13  1.32838e-13  3.35242e-19  1.87803e-19  1.89428e-13  
1.38905e-13  3.53746e-13  1.57155e-13  4.86217e-13  8.08632e-14  5.29401e-14  7.71565e-21  1.46603e-14  7.63647e-14  2.94822e-13  
9.5147e-14  3.34929e-13  2.73697e-20  1.36293e-17  7.17488e-14  2.36524e-20  1.18706e-25  1.98055e-13  9.0705e-14  2.04063e-13  
4.30293e-20  1.34053e-13  4.59557e-14  2.86284e-21  5.73886e-14  1.05373e-13  3.37573e-14  4.4815e-13  1.6507e-13  9.6469e-13  
4.88172e-20  8.75856e-13  3.37955e-13  4.61893e-19  8.70699e-13  6.29514e-13  1.94948e-17  2.5371e-12  1.33187e-12  2.87777e-12  
8.10799e-13  9.19022e-13  3.37345e-13  6.15201e-13  2.58057e-13  6.9329e-13  2.5234e-13  5.29971e-19  5.46384e-13  3.29499e-13  
4.57418e-14  2.90365e-12  3.24797e-12  9.27755e-12  6.36317e-13  1.4093e-22  4.31934e-15  
7.63962e-26  7.8212e-22  4.87865e-28  0  0.206826  2.9611e-24  4.6917e-38  0  0.0137367  7.85276e-14  2.27056e-14  
3.15592e-19  1.16023e-07  5.7e-08  9.61874e-37  7.69725e-26  0.000261931  1.4264e-09  2.16325e-05  4.18103e-22  4.32489e-24  
3.66612e-13  2.48091e-08  2.61041e-22  8.32763e-34  1.03106e-05  4.39772e-07  0.000104235  3.8405e-20  1.91472e-27  2.04006e-17  
2.72308e-06  2.26288e-16  8.83413e-36  4.99209e-06  6.3529e-09  7.45271e-07  8.05351e-21  3.32625e-24  4.72701e-08  2.91826e-30  
9.03951e-07  9.31388e-20  5.35468e-28  4.69612e-06  2.38309e-07  1.61608e-07  4.40734e-08  4.80058e-17  2.32337e-18  1.957e-06  
1.77904e-08  8.88548e-08  9.7494e-17  4.36868e-10  1.80696e-08  1.5577e-10  1.14174e-08  3.2797e-07  5.9571e-15  6.07375e-08  
3.17186e-14  9.98514e-11  1.6082e-08  2.92966e-10  3.01221e-09  2.67607e-07  3.78994e-10  1.8896e-09  3.76012e-10  5.79056e-09  
4.01903e-16  2.48522e-11  3.60268e-20  5.20892e-10  2.09482e-10  3.91647e-17  2.66254e-20  1.00782e-28  9.41849e-10  7.82185e-10  
8.20186e-09  1.08114e-09  6.3559e-10  1.1635e-09  5.19563e-08  5.4479e-09  2.44882e-09  5.78594e-08  2.69311e-07  3.54403e-13  
4.50723e-06  1.45128e-07  2.4175e-08  7.71924e-16  4.57354e-14  1.6307e-08  3.58901e-14  1.46904e-07  8.64312e-10  5.75024e-08  
5.09555e-09  8.34282e-09  4.1782e-14  2.29538e-09  2.06334e-09  5.73313e-18  1.04499e-09  2.80137e-09  1.9458e-15  1.66601e-09  
2.7825e-10  1.17273e-09  4.41399e-20  3.65432e-11  1.29531e-10  7.99369e-21  7.04785e-11  1.25568e-10  6.83859e-18  1.4728e-10  
4.1036e-11  1.98583e-10  2.17896e-11  4.44193e-11  2.0239e-11  8.0767e-11  3.05461e-12  1.464e-10  1.21092e-11  2.76542e-21  
2.4915e-11  1.44044e-11  1.85266e-12  4.15478e-11  2.11824e-11  1.49081e-10  2.04534e-16  1.96767e-20  4.37427e-11  2.14925e-11  
5.8827e-18  9.2166e-12  1.88807e-11  8.15589e-12  9.05739e-11  1.72149e-18  2.82719e-24  2.13327e-11  6.81329e-20  6.18749e-26  
2.50092e-11  5.46026e-12  8.41486e-12  4.7622e-13  8.08005e-12  8.10163e-19  1.3235e-12  2.29138e-12  2.43852e-15  4.28459e-19  
2.15438e-12  1.84726e-12  2.52854e-12  1.07359e-12  3.18489e-12  1.23175e-13  6.12127e-13  1.4418e-12  5.93713e-13  3.02479e-12  
8.80776e-13  1.62727e-12  6.46789e-13  2.23913e-12  2.8249e-13  1.68542e-12  5.15562e-13  1.09347e-23  7.76788e-13  6.61624e-13  
2.64025e-18  1.45661e-12  6.4366e-13  1.94958e-12  7.18548e-13  2.40646e-12  5.91632e-13  2.75402e-12  1.10846e-12  4.03403e-12  
1.39879e-12  5.62539e-12  6.35337e-13  7.7156e-13  2.50337e-13  1.05744e-12  9.29366e-13  4.31633e-12  2.28781e-12  1.07892e-21  
1.18249e-25  2.87323e-12  3.20764e-12  4.89606e-12  3.60627e-12  8.34096e-12  1.66189e-19  2.35067e-12  1.33107e-12  2.10416e-18  
6.42001e-14  8.42654e-21  1.24289e-25  1.49786e-12  9.08417e-13  2.33156e-12  2.35007e-12  1.57339e-11  2.10289e-12  4.85282e-12  
9.67247e-20  5.76009e-13  7.29987e-13  1.20071e-12  3.74296e-13  1.0222e-12  2.53973e-13  8.21727e-13  4.34242e-20  1.78501e-13  
2.24932e-18  5.47991e-25  9.45819e-14  2.51734e-13  5.88542e-14  2.05555e-13  1.10871e-17  2.69485e-13  3.36471e-14  1.29227e-17  
9.89944e-14  2.48545e-19  3.64089e-23  1.56224e-14  1.83691e-19  2.04524e-13  9.10121e-14  3.89339e-13  1.84434e-13  5.87907e-13  
8.53711e-21  2.586e-13  1.46738e-13  1.84457e-19  1.76661e-20  2.12233e-13  1.40554e-13  6.18523e-13  2.95622e-13  8.98159e-13  
2.08022e-13  4.74919e-13  1.93732e-13  5.62601e-13  1.04937e-19  1.2516e-13  1.32847e-13  1.37303e-18  6.56265e-19  1.89387e-13  
1.38906e-13  3.53716e-13  1.57158e-13  4.86186e-13  8.08788e-14  5.29329e-14  3.37325e-20  1.46658e-14  7.63775e-14  2.94806e-13  
9.51469e-14  3.34905e-13  1.18203e-19  2.14347e-17  7.17544e-14  1.00308e-19  7.58783e-25  1.98042e-13  9.07047e-14  2.04059e-13  
1.79591e-19  1.34067e-13  4.59641e-14  1.28514e-20  5.74094e-14  1.05364e-13  3.37585e-14  4.48156e-13  1.65136e-13  9.64702e-13  
2.137e-19  8.7599e-13  3.381e-13  1.92503e-18  8.70889e-13  6.29439e-13  3.94458e-17  2.53706e-12  1.33202e-12  2.87742e-12  
8.10783e-13  9.18804e-13  3.3733e-13  6.15162e-13  2.5806e-13  6.93272e-13  2.52338e-13  1.62555e-18  5.46401e-13  3.29492e-13  
4.57282e-14  2.90365e-12  3.24796e-12  9.27753e-12  6.36318e-13  6.0033e-22  4.31804e-15  
5.71881e-23  1.8903e-16  1.34942e-25  3.53591e-32  0.208821  2.80693e-24  8.96581e-31  0  0.0131029  9.41965e-09  2.93597e-09  
1.78294e-16  9.1739e-06  5.72129e-08  3.3049e-31  7.35219e-21  0.000242694  2.67095e-09  1.99479e-05  2.33036e-19  2.56368e-21  
3.8708e-10  2.33788e-08  1.31538e-19  6.7606e-28  1.02584e-05  4.01841e-07  9.68544e-05  1.8578e-17  1.44512e-24  7.15948e-14  
2.7848e-06  1.45834e-13  2.60389e-29  5.01716e-06  7.37272e-09  6.85822e-07  4.53e-18  3.06584e-21  5.48882e-08  5.46521e-27  
9.48413e-07  5.09839e-17  5.60671e-25  4.69917e-06  2.38625e-07  1.62172e-07  4.40786e-08  1.41736e-13  9.90291e-15  1.95617e-06  
1.82818e-08  8.88802e-08  5.3392e-13  4.38905e-10  1.80529e-08  1.93999e-10  1.17158e-08  3.27617e-07  2.30041e-11  6.07467e-08  
5.29537e-11  1.00314e-10  1.60257e-08  3.11644e-10  2.83714e-09  2.67401e-07  7.23158e-10  1.89934e-09  3.77396e-10  5.78585e-09  
2.48007e-12  2.58014e-11  5.62198e-17  5.20841e-10  2.11847e-10  1.61142e-13  6.48602e-17  3.54263e-22  9.39966e-10  7.79084e-10  
8.16616e-09  1.11915e-09  6.39099e-10  1.15933e-09  5.1915e-08  5.45987e-09  2.47999e-09  5.66772e-08  2.68367e-07  1.84303e-09  
4.50281e-06  1.48906e-07  2.50496e-08  3.41274e-12  1.00176e-13  1.57194e-08  1.47287e-10  1.46197e-07  2.08849e-09  5.72465e-08  
5.25079e-09  8.39159e-09  7.40191e-11  2.30447e-09  1.98789e-09  3.46317e-15  1.04856e-09  2.7901e-09  1.22566e-11  1.66425e-09  
2.79805e-10  1.17559e-09  2.34502e-17  3.64668e-11  1.29812e-10  4.43092e-18  7.08147e-11  1.2646e-10  1.73233e-14  1.47122e-10  
4.1086e-11  1.98541e-10  2.17574e-11  4.46861e-11  2.02728e-11  8.11114e-11  3.83197e-12  1.45901e-10  1.12757e-11  1.37746e-18  
2.44114e-11  1.43514e-11  2.45657e-12  4.21296e-11  2.12039e-11  1.4899e-10  6.83372e-13  1.13849e-17  4.37375e-11  2.08117e-11  
1.76439e-14  9.21452e-12  1.92405e-11  8.23663e-12  9.06075e-11  7.46163e-15  1.05485e-16  2.13584e-11  7.251e-17  1.70457e-18  
2.5002e-11  5.47197e-12  8.4214e-12  5.10748e-13  8.06196e-12  3.77065e-15  1.32243e-12  2.2351e-12  1.64356e-13  2.96294e-15  
2.0085e-12  1.83511e-12  2.55445e-12  1.07028e-12  3.19055e-12  1.66592e-13  5.57215e-13  1.44908e-12  5.93583e-13  3.01101e-12  
8.66747e-13  1.62875e-12  6.50953e-13  2.23351e-12  3.09912e-13  1.69755e-12  4.77673e-13  5.32586e-21  7.57602e-13  6.65746e-13  
1.54117e-14  1.47499e-12  6.44015e-13  1.95328e-12  7.12117e-13  2.41822e-12  5.88599e-13  2.76588e-12  1.0994e-12  4.04496e-12  
1.39279e-12  5.63737e-12  6.24959e-13  7.74214e-13  2.53035e-13  1.06522e-12  9.14074e-13  4.31037e-12  2.24681e-12  5.82311e-19  
9.2469e-18  2.84757e-12  3.15841e-12  4.95486e-12  3.59459e-12  8.38084e-12  2.67226e-16  2.34545e-12  1.33048e-12  6.60431e-15  
7.17972e-14  2.51336e-17  6.56419e-18  1.52004e-12  9.06663e-13  2.35272e-12  2.34833e-12  1.57472e-11  2.10262e-12  4.85331e-12  
3.70196e-16  5.74309e-13  7.27296e-13  1.20444e-12  3.72575e-13  1.02181e-12  2.5299e-13  8.22865e-13  1.07375e-16  1.76277e-13  
1.1417e-14  4.18816e-18  8.45182e-14  2.51618e-13  6.04297e-14  2.03956e-13  1.43204e-14  2.5148e-13  2.08611e-14  9.8199e-15  
9.81624e-14  4.35989e-16  1.45121e-15  1.13605e-14  6.49411e-16  1.98827e-13  9.21397e-14  3.85391e-13  1.84629e-13  5.89784e-13  
5.94444e-18  2.54765e-13  1.49159e-13  3.22495e-16  3.44256e-17  2.09599e-13  1.43388e-13  6.12787e-13  2.95851e-13  9.0241e-13  
2.10855e-13  4.70152e-13  1.94173e-13  5.64637e-13  2.42062e-16  1.23426e-13  1.34561e-13  7.17861e-15  6.32768e-15  1.82713e-13  
1.37259e-13  3.58825e-13  1.59409e-13  4.90419e-13  8.21762e-14  5.21042e-14  6.1565e-17  1.42828e-14  7.59544e-14  2.93688e-13  
9.58952e-14  3.38579e-13  5.03028e-16  9.60574e-17  7.24887e-14  3.62846e-16  2.38568e-19  1.9669e-13  9.12609e-14  2.04977e-13  
8.65989e-16  1.32206e-13  4.52444e-14  1.65613e-17  5.73827e-14  1.04478e-13  3.41908e-14  4.43348e-13  1.67354e-13  9.48823e-13  
6.08827e-16  8.54984e-13  3.421e-13  8.55953e-15  8.04799e-13  5.96515e-13  6.7129e-14  2.50456e-12  1.32323e-12  2.90999e-12  
8.28804e-13  9.52462e-13  3.45778e-13  6.21264e-13  2.58622e-13  6.95708e-13  2.5325e-13  7.3506e-15  5.43293e-13  3.2323e-13  
4.74638e-14  2.90283e-12  3.24895e-12  9.28125e-12  6.36387e-13  8.88145e-19  4.4842e-15  
1.39893e-23  3.56572e-16  3.31544e-25  1.1626e-30  0.208789  2.64398e-24  6.98711e-31  0  0.0131287  1.2315e-08  5.74454e-09  
2.94759e-17  6.00636e-06  5.77651e-08  1.33203e-32  8.34878e-22  0.000230289  3.34464e-09  2.21291e-05  4.33331e-20  3.78775e-22  
5.84475e-10  2.44156e-08  2.12934e-20  2.65019e-28  1.02363e-05  3.78136e-07  9.78354e-05  2.93207e-18  2.43071e-25  8.43665e-14  
2.79268e-06  2.5039e-14  5.38044e-30  5.04549e-06  8.62858e-09  6.47978e-07  8.41952e-19  5.46272e-22  5.71255e-08  1.72951e-27  
9.79906e-07  8.81241e-18  1.0819e-25  4.70168e-06  2.3892e-07  1.62592e-07  4.40763e-08  7.14663e-15  7.30996e-16  1.95553e-06  
1.86745e-08  8.88995e-08  1.56983e-13  4.40982e-10  1.80449e-08  2.18638e-10  1.19654e-08  3.27364e-07  2.11712e-12  6.07737e-08  
8.74006e-11  1.00742e-10  1.59886e-08  3.24943e-10  2.7281e-09  2.67258e-07  9.28597e-10  1.90696e-09  3.78484e-10  5.78233e-09  
1.12926e-12  2.66169e-11  4.70856e-18  5.20804e-10  2.16749e-10  1.89135e-14  3.53844e-18  1.49345e-24  9.38647e-10  7.77057e-10  
8.14127e-09  1.14551e-09  6.41688e-10  1.15657e-09  5.18831e-08  5.47239e-09  2.50069e-09  5.7e-08  2.67718e-07  1.96933e-09  
4.49924e-06  1.52001e-07  2.56978e-08  4.46805e-13  1.51401e-13  1.5362e-08  1.88359e-10  1.45674e-07  2.91169e-09  5.71427e-08  
5.35957e-09  8.42779e-09  1.18707e-10  2.3107e-09  1.94158e-09  5.98176e-16  1.06505e-09  2.78169e-09  6.90003e-12  1.66317e-09  
2.8085e-10  1.17768e-09  4.24223e-18  3.64117e-11  1.29937e-10  8.14789e-19  7.11051e-11  1.27098e-10  8.77116e-16  1.47007e-10  
4.11362e-11  1.98498e-10  2.17348e-11  4.48682e-11  2.02957e-11  8.13681e-11  4.33234e-12  1.45569e-10  1.07704e-11  2.37398e-19  
2.41044e-11  1.42677e-11  2.8006e-12  4.25551e-11  2.12453e-11  1.4891e-10  1.0042e-12  2.17756e-18  4.37384e-11  2.05158e-11  
8.79112e-16  9.2144e-12  1.95034e-11  8.2954e-12  9.06329e-11  1.10247e-15  1.86052e-16  2.13877e-11  7.79528e-18  4.33497e-19  
2.49959e-11  5.48157e-12  8.42595e-12  5.34131e-13  8.04919e-12  7.48734e-16  1.32172e-12  2.19745e-12  2.56518e-13  7.88706e-16  
1.91705e-12  1.84539e-12  2.57334e-12  1.06775e-12  3.1944e-12  1.90741e-13  5.23778e-13  1.4554e-12  5.9209e-13  3.00295e-12  
8.55443e-13  1.63104e-12  6.51034e-13  2.23202e-12  3.23278e-13  1.71124e-12  4.53494e-13  8.62358e-22  7.56982e-13  6.66665e-13  
1.19233e-14  1.48958e-12  6.43487e-13  1.95706e-12  7.07556e-13  2.42652e-12  5.86094e-13  2.77453e-12  1.09307e-12  4.05303e-12  
1.38831e-12  5.64592e-12  6.1758e-13  7.76178e-13  2.54673e-13  1.07083e-12  9.03184e-13  4.30638e-12  2.2169e-12  1.08796e-19  
1.30253e-17  2.8311e-12  3.12114e-12  4.99689e-12  3.58654e-12  8.40937e-12  1.97272e-17  2.34171e-12  1.3304e-12  7.73771e-16  
7.72061e-14  1.30491e-18  1.40923e-17  1.54594e-12  9.05876e-13  2.36842e-12  2.34711e-12  1.57568e-11  2.10239e-12  4.85373e-12  
3.11581e-17  5.73079e-13  7.26098e-13  1.20696e-12  3.71463e-13  1.02137e-12  2.52477e-13  8.23441e-13  5.49875e-18  1.74719e-13  
1.2054e-14  3.23771e-19  8.51303e-14  2.51465e-13  6.14684e-14  2.02928e-13  1.91373e-14  2.45012e-13  1.85112e-14  8.32032e-15  
9.78741e-14  6.82699e-17  1.84813e-15  9.29031e-15  2.937e-16  1.95869e-13  9.28044e-14  3.82854e-13  1.85123e-13  5.90705e-13  
1.01301e-18  2.51981e-13  1.50468e-13  1.96425e-17  2.0504e-18  2.08626e-13  1.45293e-13  6.08839e-13  2.96218e-13  9.05309e-13  
2.12553e-13  4.67241e-13  1.94816e-13  5.65514e-13  1.32705e-17  1.22304e-13  1.3645e-13  2.76004e-15  5.94155e-15  1.87194e-13  
1.40635e-13  3.62774e-13  1.61263e-13  4.93534e-13  8.30228e-14  5.17898e-14  3.92752e-18  1.39891e-14  7.57488e-14  2.92784e-13  
9.65051e-14  3.41102e-13  6.08636e-17  1.65444e-16  7.38853e-14  2.77185e-17  1.96801e-21  1.96285e-13  9.17225e-14  2.05604e-13  
2.06122e-16  1.30867e-13  4.58046e-14  1.5463e-18  5.71348e-14  1.04079e-13  3.44943e-14  4.39996e-13  1.68389e-13  9.38125e-13  
2.95116e-17  8.40813e-13  3.44778e-13  1.95379e-15  7.72606e-13  5.86355e-13  9.53229e-14  2.48531e-12  1.31594e-12  2.93349e-12  
8.4199e-13  9.76931e-13  3.51995e-13  6.25928e-13  2.59159e-13  6.973e-13  2.54197e-13  8.71684e-15  5.41214e-13  3.22448e-13  
4.86186e-14  2.9022e-12  3.24962e-12  9.284e-12  6.36478e-13  6.43992e-20  4.59743e-15  
1.87725e-23  3.58377e-20  1.14668e-27  0  0.207052  2.63909e-24  2.74405e-35  0  0.0137011  1.16697e-12  6.27403e-09  
2.2949e-17  9.7003e-07  5.63302e-08  1.07552e-32  1.95017e-22  0.000231825  3.53212e-09  1.8468e-05  3.16225e-20  2.89373e-22  
1.28773e-10  2.77199e-08  2.11823e-20  6.19118e-29  1.02359e-05  3.77354e-07  0.00010653  2.75166e-18  1.95645e-25  5.63338e-14  
2.79261e-06  2.46258e-14  2.86289e-30  5.04695e-06  9.83409e-09  6.47723e-07  7.14759e-19  4.48502e-22  5.5283e-08  1.67217e-27  
9.80995e-07  7.66756e-18  9.00765e-26  4.70178e-06  2.39115e-07  1.62954e-07  4.41219e-08  6.75387e-15  4.94789e-16  1.955e-06  
1.89544e-08  8.89122e-08  6.33731e-14  4.42889e-10  1.80279e-08  2.35692e-10  1.22426e-08  3.27085e-07  1.07287e-12  6.07955e-08  
1.05313e-10  1.01069e-10  1.59709e-08  3.39868e-10  2.71993e-09  2.67106e-07  1.04364e-09  1.91347e-09  3.79088e-10  5.77962e-09  
4.58624e-13  2.73977e-11  4.94449e-18  5.20763e-10  2.20656e-10  8.69853e-15  3.73776e-18  1.51652e-24  9.37417e-10  7.7381e-10  
8.11808e-09  1.17159e-09  6.43997e-10  1.15149e-09  5.18553e-08  5.46745e-09  2.53718e-09  5.81008e-08  2.66826e-07  1.4961e-09  
4.49601e-06  1.54843e-07  2.63268e-08  2.0117e-13  1.59394e-13  1.53249e-08  1.74073e-10  1.45188e-07  3.37605e-09  5.70744e-08  
5.48443e-09  8.45052e-09  1.40387e-10  2.31924e-09  1.92681e-09  5.80049e-16  1.08196e-09  2.77264e-09  3.04435e-12  1.66155e-09  
2.82145e-10  1.17959e-09  3.70321e-18  3.63472e-11  1.30673e-10  7.02529e-19  7.13119e-11  1.27767e-10  8.76772e-16  1.46875e-10  
4.11406e-11  1.98504e-10  2.15455e-11  4.53615e-11  2.02128e-11  8.16778e-11  4.6766e-12  1.45158e-10  1.01686e-11  1.98487e-19  
2.39576e-11  1.44359e-11  3.02121e-12  4.31015e-11  2.10589e-11  1.48977e-10  1.06432e-12  2.03361e-18  4.37382e-11  2.04269e-11  
7.1704e-16  9.20852e-12  1.98518e-11  8.3416e-12  9.06692e-11  4.64338e-16  1.86286e-16  2.14051e-11  7.96893e-18  5.01968e-20  
2.49941e-11  5.48762e-12  8.43105e-12  5.59195e-13  8.03313e-12  3.01438e-16  1.32042e-12  2.141e-12  3.02689e-13  3.13874e-16  
1.89587e-12  1.84715e-12  2.59591e-12  1.06315e-12  3.20026e-12  2.05979e-13  4.95071e-13  1.46958e-12  5.69832e-13  3.00999e-12  
8.29142e-13  1.65638e-12  6.30193e-13  2.24446e-12  3.36881e-13  1.71938e-12  4.23615e-13  7.1804e-22  7.51544e-13  6.82392e-13  
6.82635e-15  1.51178e-12  6.35338e-13  1.96403e-12  7.00423e-13  2.43886e-12  5.79527e-13  2.78741e-12  1.08488e-12  4.06092e-12  
1.38463e-12  5.6545e-12  6.08275e-13  7.82987e-13  2.57026e-13  1.07472e-12  8.81474e-13  4.31042e-12  2.12745e-12  9.46932e-20  
5.96299e-18  2.88329e-12  3.00702e-12  5.11943e-12  3.53543e-12  8.47082e-12  2.0448e-17  2.33743e-12  1.31991e-12  2.62738e-16  
8.06416e-14  1.28495e-18  1.42408e-17  1.58397e-12  8.92239e-13  2.39367e-12  2.34429e-12  1.57676e-11  2.10195e-12  4.85507e-12  
1.64948e-17  5.71643e-13  7.22848e-13  1.21121e-12  3.67983e-13  1.02279e-12  2.49639e-13  8.27133e-13  5.52705e-18  1.72459e-13  
9.14266e-15  2.48181e-19  8.61458e-14  2.54494e-13  5.9033e-14  2.05354e-13  2.09932e-14  2.40726e-13  1.29975e-14  7.44252e-15  
9.31994e-14  1.71153e-17  1.0898e-15  8.72461e-15  1.34729e-16  1.99001e-13  8.95368e-14  3.82987e-13  1.83712e-13  5.96089e-13  
1.01007e-18  2.48009e-13  1.47117e-13  1.49026e-17  2.10663e-18  2.12814e-13  1.40075e-13  6.09932e-13  2.91634e-13  9.16106e-13  
2.07836e-13  4.67706e-13  1.93181e-13  5.72217e-13  1.36194e-17  1.20206e-13  1.35791e-13  1.15754e-15  3.45552e-15  1.93746e-13  
1.43174e-13  3.6761e-13  1.61444e-13  4.98021e-13  8.11156e-14  5.29173e-14  4.06892e-18  1.32049e-14  7.40067e-14  2.94772e-13  
9.67307e-14  3.44495e-13  2.77902e-17  1.74091e-16  7.34145e-14  1.5906e-17  1.45155e-21  1.96842e-13  9.18832e-14  2.06153e-13  
8.26877e-17  1.28813e-13  4.45069e-14  1.58889e-18  5.4141e-14  1.05496e-13  3.44013e-14  4.38706e-13  1.59558e-13  9.35437e-13  
2.67671e-17  8.21156e-13  3.25357e-13  7.93927e-16  7.30463e-13  5.9603e-13  1.06753e-13  2.48991e-12  1.29391e-12  2.98224e-12  
8.4691e-13  1.00899e-12  3.54953e-13  6.31877e-13  2.58946e-13  6.99743e-13  2.54883e-13  7.44548e-15  5.38813e-13  3.24452e-13  
5.04544e-14  2.90154e-12  3.25057e-12  9.28668e-12  6.36464e-13  6.6159e-20  4.77079e-15  
5.41445e-24  2.70502e-20  3.87243e-28  0  0.204582  2.63739e-24  4.87955e-36  0  0.0145148  7.35144e-13  6.23662e-09  
5.80316e-18  2.56056e-08  4.98602e-08  1.03445e-33  1.05314e-24  0.000235931  3.01552e-09  8.17327e-06  2.10576e-21  8.05114e-23  
5.51975e-13  3.41941e-08  4.15424e-21  1.19303e-31  1.02352e-05  3.76039e-07  0.000117767  4.70053e-19  5.34028e-26  2.9979e-15  
2.79254e-06  3.53834e-15  4.19091e-32  5.04902e-06  1.10641e-08  6.45864e-07  8.60106e-20  1.23412e-22  5.50847e-08  4.23208e-28  
9.83047e-07  1.06944e-18  2.42324e-26  4.70195e-06  2.39167e-07  1.6304e-07  4.4129e-08  1.0355e-15  6.51774e-17  1.95487e-06  
1.90253e-08  8.89145e-08  2.47775e-15  4.43368e-10  1.80247e-08  2.39878e-10  1.23039e-08  3.27023e-07  1.20882e-13  6.0802e-08  
1.05979e-10  1.01155e-10  1.59701e-08  3.43109e-10  2.71253e-09  2.67072e-07  1.07308e-09  1.91506e-09  3.79258e-10  5.77896e-09  
1.02175e-14  2.75775e-11  7.74113e-19  5.20753e-10  2.21848e-10  8.32556e-16  5.93931e-19  3.7142e-26  9.37135e-10  7.73163e-10  
8.11279e-09  1.17742e-09  6.44541e-10  1.1505e-09  5.18486e-08  5.46754e-09  2.54437e-09  5.96604e-08  2.66641e-07  6.6836e-11  
4.49523e-06  1.55511e-07  2.64718e-08  1.78325e-14  1.5957e-13  1.52993e-08  2.84364e-11  1.45076e-07  3.49955e-09  5.72039e-08  
5.5112e-09  8.45659e-09  1.31711e-10  2.321e-09  1.93651e-09  8.2336e-17  1.08781e-09  2.77064e-09  5.18425e-14  1.66119e-09  
2.82416e-10  1.18003e-09  4.61457e-19  3.63333e-11  1.30799e-10  8.72758e-20  7.13647e-11  1.27916e-10  1.37554e-16  1.46846e-10  
4.11448e-11  1.98502e-10  2.15137e-11  4.54521e-11  2.02013e-11  8.17443e-11  4.76086e-12  1.45072e-10  1.00453e-11  2.44871e-20  
2.39171e-11  1.4454e-11  3.07412e-12  4.32177e-11  2.10324e-11  1.48982e-10  4.24281e-13  2.64522e-19  4.37379e-11  2.10629e-11  
1.12686e-16  9.20729e-12  1.99258e-11  8.35306e-12  9.06768e-11  3.56377e-17  1.27516e-16  2.14096e-11  1.25733e-18  2.20348e-22  
2.49934e-11  5.48923e-12  8.43218e-12  5.64663e-13  8.02974e-12  1.73394e-17  1.32016e-12  2.12967e-12  3.14591e-13  1.56015e-17  
1.88741e-12  1.84861e-12  2.60083e-12  1.06227e-12  3.20143e-12  2.09609e-13  4.88691e-13  1.47225e-12  5.66193e-13  3.01059e-12  
8.24284e-13  1.66049e-12  6.26862e-13  2.24634e-12  3.39547e-13  1.72179e-12  4.17604e-13  9.67353e-23  7.5644e-13  6.84758e-13  
1.0698e-16  1.51616e-12  6.34025e-13  1.9654e-12  6.99028e-13  2.44134e-12  5.78334e-13  2.79001e-12  1.08319e-12  4.06268e-12  
1.38376e-12  5.65641e-12  6.06349e-13  7.84167e-13  2.57499e-13  1.07571e-12  8.77336e-13  4.31077e-12  2.11133e-12  1.18587e-20  
8.32342e-20  2.89046e-12  2.98654e-12  5.14144e-12  3.52679e-12  8.48249e-12  3.20268e-18  2.33649e-12  1.31822e-12  3.61883e-17  
8.12874e-14  2.04045e-19  9.91803e-18  1.59168e-12  8.90114e-13  2.39875e-12  2.34377e-12  1.57699e-11  2.10186e-12  4.85531e-12  
1.96713e-18  5.7133e-13  7.22241e-13  1.21206e-12  3.67356e-13  1.02299e-12  2.49157e-13  8.27757e-13  8.66091e-19  1.71989e-13  
3.88916e-16  1.65544e-21  9.4595e-14  2.55063e-13  5.87027e-14  2.05678e-13  1.90927e-14  2.42633e-13  1.44666e-14  3.58983e-15  
9.2119e-14  3.50209e-18  7.29281e-17  9.63953e-15  3.00188e-18  1.99298e-13  8.98409e-14  3.8283e-13  1.83516e-13  5.97002e-13  
1.45577e-19  2.4719e-13  1.4666e-13  2.94619e-18  3.28231e-19  2.13494e-13  1.3931e-13  6.09835e-13  2.90926e-13  9.18009e-13  
2.07192e-13  4.67606e-13  1.9296e-13  5.73335e-13  2.1323e-18  1.19777e-13  1.35779e-13  3.28119e-17  6.04806e-17  1.959e-13  
1.46499e-13  3.68719e-13  1.61604e-13  4.98954e-13  8.08642e-14  5.30782e-14  6.41238e-19  1.30614e-14  7.37209e-14  2.95029e-13  
9.68045e-14  3.45203e-13  2.58358e-18  1.71758e-16  7.34049e-14  2.03797e-18  1.39659e-22  1.96942e-13  9.19217e-14  2.0628e-13  
3.9628e-18  1.28382e-13  4.43304e-14  2.43016e-19  5.36375e-14  1.05739e-13  3.44083e-14  4.3828e-13  1.58203e-13  9.34328e-13  
4.13831e-18  8.1708e-13  3.22383e-13  3.90932e-17  7.42459e-13  5.97561e-13  8.91315e-14  2.48934e-12  1.28993e-12  2.99147e-12  
8.48544e-13  1.01576e-12  3.55855e-13  6.3316e-13  2.58954e-13  7.00235e-13  2.55065e-13  7.06216e-16  5.38265e-13  3.31362e-13  
5.08348e-14  2.90139e-12  3.25076e-12  9.28729e-12  6.36469e-13  1.05156e-20  4.80589e-15  
3.68603e-24  2.90223e-20  1.67347e-28  0  0.203849  2.63707e-24  1.64572e-36  0  0.0147555  5.33001e-13  6.21016e-09  
3.69677e-18  4.58025e-09  4.78684e-08  3.96002e-34  1.1841e-25  0.000238185  2.82077e-09  6.00123e-06  8.55614e-22  6.01658e-23  
5.04029e-14  3.62101e-08  2.49504e-21  8.06585e-33  1.02354e-05  3.76078e-07  0.00011996  2.68607e-19  3.9438e-26  7.31635e-16  
2.79257e-06  1.60756e-15  7.5377e-33  5.04903e-06  1.13281e-08  6.4601e-07  3.87728e-20  9.07867e-23  5.50153e-08  2.88342e-28  
9.83037e-07  5.66766e-19  1.76623e-26  4.70195e-06  2.39173e-07  1.63052e-07  4.41307e-08  4.62924e-16  2.8349e-17  1.95485e-06  
1.90341e-08  8.89149e-08  1.07562e-15  4.43436e-10  1.8024e-08  2.40456e-10  1.23137e-08  3.27013e-07  5.44668e-14  6.08027e-08  
1.02003e-10  1.01166e-10  1.59741e-08  3.43627e-10  2.71251e-09  2.67067e-07  1.07677e-09  1.91529e-09  3.79277e-10  5.77886e-09  
4.39639e-15  2.76052e-11  3.50829e-19  5.20752e-10  2.21964e-10  3.76185e-16  2.69009e-19  7.66546e-27  9.37093e-10  7.73046e-10  
8.11198e-09  1.17833e-09  6.44622e-10  1.15031e-09  5.18476e-08  5.46729e-09  2.54568e-09  5.97425e-08  2.66609e-07  7.133e-12  
4.49513e-06  1.55605e-07  2.64938e-08  7.99483e-15  1.59568e-13  1.5299e-08  4.12402e-12  1.45059e-07  3.51431e-09  5.72254e-08  
5.51553e-09  8.45737e-09  1.17758e-10  2.32131e-09  1.95074e-09  3.74893e-17  1.0883e-09  2.77032e-09  2.16369e-14  1.66113e-09  
2.82462e-10  1.1801e-09  2.0474e-19  3.63311e-11  1.30827e-10  3.87269e-20  7.13717e-11  1.27939e-10  6.22016e-17  1.46842e-10  
4.11446e-11  1.98503e-10  2.15069e-11  4.54696e-11  2.01983e-11  8.1755e-11  4.77229e-12  1.45057e-10  1.00248e-11  1.09271e-20  
2.39123e-11  1.44597e-11  3.08138e-12  4.3237e-11  2.10253e-11  1.48985e-10  1.49487e-13  1.17306e-19  4.37378e-11  2.1336e-11  
5.1734e-17  9.20705e-12  1.99388e-11  8.35467e-12  9.06781e-11  1.60276e-17  8.48439e-17  2.14102e-11  5.79483e-19  6.47249e-23  
2.49935e-11  5.48942e-12  8.43236e-12  5.65535e-13  8.02919e-12  7.7377e-18  1.32011e-12  2.12769e-12  3.15907e-13  6.95152e-18  
1.88696e-12  1.84867e-12  2.60161e-12  1.06212e-12  3.20163e-12  2.101e-13  4.8774e-13  1.47274e-12  5.65417e-13  3.01083e-12  
8.23393e-13  1.66136e-12  6.26148e-13  2.24676e-12  3.39951e-13  1.72208e-12  4.16656e-13  5.06074e-23  7.56179e-13  6.85285e-13  
3.57751e-17  1.5169e-12  6.33752e-13  1.96563e-12  6.98788e-13  2.44176e-12  5.78113e-13  2.79046e-12  1.08291e-12  4.06294e-12  
1.38364e-12  5.6567e-12  6.06036e-13  7.84398e-13  2.57584e-13  1.07584e-12  8.76581e-13  4.31091e-12  2.10819e-12  5.24383e-21  
8.86731e-22  2.89231e-12  2.98256e-12  5.14572e-12  3.52496e-12  8.48466e-12  1.45384e-18  2.33634e-12  1.31785e-12  1.5781e-17  
8.13856e-14  9.28291e-20  6.71204e-18  1.59304e-12  8.89636e-13  2.39963e-12  2.34368e-12  1.57703e-11  2.10185e-12  4.85537e-12  
8.86555e-19  5.71279e-13  7.22124e-13  1.21221e-12  3.6723e-13  1.02304e-12  2.49053e-13  8.27891e-13  3.91383e-19  1.71909e-13  
4.62823e-17  8.92896e-23  9.48561e-14  2.55184e-13  5.86124e-14  2.05767e-13  1.68267e-14  2.43971e-13  1.65874e-14  1.63603e-15  
9.18351e-14  1.54007e-18  4.28214e-18  1.02029e-14  1.3362e-18  1.99402e-13  8.97627e-14  3.82839e-13  1.83457e-13  5.97199e-13  
6.56574e-20  2.47052e-13  1.46541e-13  1.3002e-18  1.48441e-19  2.13647e-13  1.39118e-13  6.09883e-13  2.90755e-13  9.18394e-13  
2.07022e-13  4.67628e-13  1.92893e-13  5.73581e-13  9.6254e-19  1.19702e-13  1.35749e-13  1.43734e-17  9.67832e-18  1.96116e-13  
1.46524e-13  3.68896e-13  1.61606e-13  4.99113e-13  8.07947e-14  5.31168e-14  2.91364e-19  1.30342e-14  7.36615e-14  2.95102e-13  
9.68093e-14  3.45323e-13  1.15695e-18  1.69822e-16  7.3385e-14  9.27667e-19  5.9489e-23  1.96969e-13  9.19251e-14  2.06299e-13  
1.76311e-18  1.28309e-13  4.42839e-14  1.09377e-19  5.35324e-14  1.0579e-13  3.44038e-14  4.38238e-13  1.57886e-13  9.34243e-13  
1.86801e-18  8.16398e-13  3.2169e-13  1.74267e-17  7.59593e-13  5.97933e-13  7.09154e-14  2.48948e-12  1.28916e-12  2.99316e-12  
8.48693e-13  1.0169e-12  3.55957e-13  6.33372e-13  2.58945e-13  7.00323e-13  2.55085e-13  7.28562e-17  5.38176e-13  3.32026e-13  
5.0902e-14  2.90137e-12  3.25079e-12  9.28739e-12  6.36468e-13  4.82676e-21  4.81212e-15  
1.85976e-24  2.51323e-20  2.82954e-29  0  0.203541  2.63691e-24  1.10206e-37  0  0.014856  3.08588e-13  6.18877e-09  
1.6609e-18  2.18155e-09  4.70349e-08  4.82825e-35  2.10844e-26  0.000239428  2.73424e-09  5.25449e-06  3.04089e-22  2.94448e-23  
8.33785e-15  3.70509e-08  1.0715e-21  4.39694e-34  1.02355e-05  3.76092e-07  0.000120709  1.14524e-19  1.80413e-26  2.14745e-16  
2.79259e-06  4.43063e-16  9.74288e-34  5.04903e-06  1.14091e-08  6.46064e-07  1.37629e-20  3.94577e-23  5.49894e-08  9.94646e-29  
9.83033e-07  2.34362e-19  7.51999e-27  4.70195e-06  2.39175e-07  1.63057e-07  4.41314e-08  1.14717e-16  6.69132e-18  1.95485e-06  
1.90372e-08  8.8915e-08  2.59136e-16  4.43461e-10  1.80238e-08  2.40662e-10  1.23173e-08  3.2701e-07  1.37784e-14  6.0803e-08  
9.756e-11  1.01171e-10  1.59785e-08  3.43815e-10  2.71259e-09  2.67065e-07  1.07803e-09  1.91537e-09  3.79283e-10  5.77883e-09  
1.08128e-15  2.76154e-11  8.96411e-20  5.20751e-10  2.22007e-10  9.57709e-17  6.78621e-20  5.07715e-28  9.37078e-10  7.73002e-10  
8.11169e-09  1.17866e-09  6.44652e-10  1.15025e-09  5.18473e-08  5.46718e-09  2.54617e-09  5.97563e-08  2.66597e-07  1.60083e-12  
4.49509e-06  1.55638e-07  2.65019e-08  2.00719e-15  1.59566e-13  1.52993e-08  6.40937e-13  1.45053e-07  3.51924e-09  5.72279e-08  
5.51711e-09  8.45765e-09  1.04154e-10  2.32142e-09  1.96445e-09  1.04067e-17  1.08848e-09  2.77021e-09  5.34352e-15  1.66111e-09  
2.82478e-10  1.18012e-09  6.5503e-20  3.63303e-11  1.30837e-10  1.3176e-20  7.13742e-11  1.27948e-10  1.57746e-17  1.4684e-10  
4.11445e-11  1.98503e-10  2.15044e-11  4.54762e-11  2.01972e-11  8.17588e-11  4.77632e-12  1.45052e-10  1.00175e-11  3.80102e-21  
2.39107e-11  1.44617e-11  3.08395e-12  4.32442e-11  2.10226e-11  1.48986e-10  4.94075e-14  3.36651e-20  4.37378e-11  2.14354e-11  
1.32406e-17  9.20697e-12  1.99436e-11  8.35526e-12  9.06786e-11  4.05764e-18  5.51353e-17  2.14104e-11  1.59693e-19  1.04202e-23  
2.49935e-11  5.48948e-12  8.43242e-12  5.65851e-13  8.02898e-12  1.94209e-18  1.32009e-12  2.12697e-12  3.16261e-13  1.74056e-18  
1.88692e-12  1.8487e-12  2.6019e-12  1.06207e-12  3.2017e-12  2.10272e-13  4.87403e-13  1.47291e-12  5.65136e-13  3.01091e-12  
8.23074e-13  1.66167e-12  6.25893e-13  2.2469e-12  3.40062e-13  1.72218e-12  4.16353e-13  2.06115e-23  7.5609e-13  6.85473e-13  
8.71643e-18  1.51716e-12  6.33656e-13  1.96571e-12  6.98703e-13  2.44191e-12  5.78033e-13  2.79062e-12  1.08281e-12  4.06304e-12  
1.3836e-12  5.65681e-12  6.05923e-13  7.8448e-13  2.57615e-13  1.07589e-12  8.76308e-13  4.31096e-12  2.10705e-12  1.68919e-21  
7.29334e-24  2.89298e-12  2.98112e-12  5.14727e-12  3.5243e-12  8.48546e-12  3.73083e-19  2.33628e-12  1.31772e-12  3.64565e-18  
8.1419e-14  2.37727e-20  4.44076e-18  1.59354e-12  8.89462e-13  2.39996e-12  2.34364e-12  1.57704e-11  2.10184e-12  4.85538e-12  
2.24204e-19  5.71261e-13  7.22081e-13  1.21227e-12  3.67184e-13  1.02306e-12  2.49014e-13  8.27942e-13  9.91591e-20  1.7188e-13  
1.05768e-17  5.25763e-24  9.48617e-14  2.55228e-13  5.85787e-14  2.05801e-13  1.46743e-14  2.44623e-13  1.86827e-14  7.092e-16  
9.17213e-14  3.62002e-19  2.20522e-19  1.0474e-14  3.39604e-19  1.99439e-13  8.97136e-14  3.82843e-13  1.83434e-13  5.97273e-13  
1.75949e-20  2.47001e-13  1.46497e-13  3.07863e-19  3.77882e-20  2.13703e-13  1.39047e-13  6.09902e-13  2.90691e-13  9.18536e-13  
2.06959e-13  4.67636e-13  1.92867e-13  5.73673e-13  2.43363e-19  1.19675e-13  1.35738e-13  3.5875e-18  2.34041e-18  1.962e-13  
1.46522e-13  3.68961e-13  1.61606e-13  4.99172e-13  8.07689e-14  5.31308e-14  7.47278e-20  1.30244e-14  7.364e-14  2.95129e-13  
9.68106e-14  3.45368e-13  2.89871e-19  1.67979e-16  7.33776e-14  2.44506e-19  1.45229e-23  1.96981e-13  9.1926e-14  2.06306e-13  
4.41941e-19  1.28283e-13  4.42681e-14  2.77966e-20  5.34942e-14  1.05808e-13  3.44019e-14  4.38223e-13  1.5777e-13  9.34213e-13  
4.72257e-19  8.16151e-13  3.21436e-13  4.39641e-18  7.74686e-13  5.98076e-13  5.54305e-14  2.48953e-12  1.28888e-12  2.99378e-12  
8.48743e-13  1.01731e-12  3.55994e-13  6.3345e-13  2.58941e-13  7.00356e-13  2.55092e-13  1.20325e-17  5.38143e-13  3.32099e-13  
5.09267e-14  2.90136e-12  3.2508e-12  9.28742e-12  6.36467e-13  1.26678e-21  4.81443e-15  
3.92148e-25  1.23528e-20  1.02422e-30  0  0.203501  2.63688e-24  0  0  0.0148692  1.48448e-13  6.17883e-09  
2.83304e-19  2.00011e-09  4.69264e-08  5.15345e-37  1.70262e-27  0.000239686  2.72143e-09  5.16858e-06  4.49593e-23  4.60241e-24  
8.5511e-16  3.71601e-08  1.70225e-22  3.15175e-36  1.02355e-05  3.76094e-07  0.000120795  1.90179e-20  2.40435e-27  5.60116e-17  
2.79259e-06  5.065e-17  2.894e-35  5.04903e-06  1.14143e-08  6.4607e-07  2.03475e-21  4.29615e-24  5.49862e-08  6.46456e-30  
9.83033e-07  3.89838e-20  7.9982e-28  4.70195e-06  2.39175e-07  1.63058e-07  4.41315e-08  1.2177e-17  7.05656e-19  1.95485e-06  
1.90375e-08  8.89151e-08  3.50444e-17  4.43463e-10  1.80238e-08  2.40679e-10  1.23177e-08  3.27009e-07  1.73619e-15  6.08031e-08  
9.48993e-11  1.01171e-10  1.59812e-08  3.43835e-10  2.71267e-09  2.67064e-07  1.0781e-09  1.91538e-09  3.79284e-10  5.77883e-09  
1.6528e-16  2.76166e-11  9.16625e-21  5.20751e-10  2.22012e-10  1.25562e-17  7.05251e-21  5.85557e-30  9.37077e-10  7.72998e-10  
8.11165e-09  1.1787e-09  6.44655e-10  1.15024e-09  5.18473e-08  5.46717e-09  2.54623e-09  5.97584e-08  2.66596e-07  4.12962e-13  
4.49509e-06  1.55641e-07  2.65028e-08  2.5975e-16  1.59566e-13  1.52996e-08  1.97104e-13  1.45052e-07  3.51947e-09  5.72282e-08  
5.51728e-09  8.45768e-09  9.66721e-11  2.32143e-09  1.97194e-09  1.19174e-18  1.08851e-09  2.7702e-09  8.76235e-16  1.66111e-09  
2.8248e-10  1.18012e-09  1.00699e-20  3.63302e-11  1.30838e-10  2.05994e-21  7.13745e-11  1.27949e-10  1.71934e-18  1.4684e-10  
4.11445e-11  1.98503e-10  2.15041e-11  4.54769e-11  2.01971e-11  8.17593e-11  4.77665e-12  1.45052e-10  1.00168e-11  6.03787e-22  
2.39106e-11  1.44619e-11  3.08415e-12  4.3245e-11  2.10223e-11  1.48986e-10  2.5042e-14  4.23511e-21  4.37377e-11  2.14597e-11  
1.54266e-18  9.20695e-12  1.99441e-11  8.35533e-12  9.06786e-11  5.42555e-19  4.25932e-17  2.14105e-11  2.61091e-20  1.09913e-24  
2.49935e-11  5.48949e-12  8.43243e-12  5.65883e-13  8.02896e-12  2.66856e-19  1.32009e-12  2.12689e-12  3.16204e-13  2.45674e-19  
1.88701e-12  1.8487e-12  2.60193e-12  1.06206e-12  3.20171e-12  2.10285e-13  4.87373e-13  1.47293e-12  5.65106e-13  3.01092e-12  
8.23041e-13  1.6617e-12  6.25867e-13  2.24692e-12  3.40046e-13  1.72219e-12  4.16349e-13  3.34047e-24  7.56085e-13  6.85493e-13  
1.62558e-18  1.51719e-12  6.33646e-13  1.96572e-12  6.98695e-13  2.44193e-12  5.78025e-13  2.79063e-12  1.0828e-12  4.06305e-12  
1.3836e-12  5.65682e-12  6.05911e-13  7.84489e-13  2.57618e-13  1.0759e-12  8.76278e-13  4.31096e-12  2.10693e-12  2.49478e-22  
2.36378e-25  2.89305e-12  2.98096e-12  5.14743e-12  3.52422e-12  8.48555e-12  3.90889e-20  2.33628e-12  1.3177e-12  4.39738e-19  
8.14216e-14  2.67693e-21  3.4678e-18  1.59359e-12  8.89445e-13  2.39999e-12  2.34364e-12  1.57705e-11  2.10184e-12  4.85539e-12  
2.79059e-20  5.71259e-13  7.22076e-13  1.21227e-12  3.67179e-13  1.02306e-12  2.4901e-13  8.27947e-13  1.07485e-20  1.71877e-13  
2.64671e-18  1.4062e-25  9.48663e-14  2.55233e-13  5.85748e-14  2.05804e-13  1.35066e-14  2.44832e-13  1.98438e-14  4.17879e-16  
9.17087e-14  3.90406e-20  3.63056e-20  1.05571e-14  5.61713e-20  1.99443e-13  8.97081e-14  3.82843e-13  1.83431e-13  5.97281e-13  
1.89042e-21  2.46996e-13  1.46492e-13  3.25793e-20  3.97438e-21  2.1371e-13  1.39039e-13  6.09904e-13  2.90684e-13  9.18551e-13  
2.06953e-13  4.67637e-13  1.92863e-13  5.73684e-13  2.58691e-20  1.19672e-13  1.35736e-13  5.43759e-19  5.0997e-19  1.96211e-13  
1.46523e-13  3.68968e-13  1.61606e-13  4.99179e-13  8.07661e-14  5.31323e-14  7.9558e-21  1.30233e-14  7.36378e-14  2.95132e-13  
9.68105e-14  3.45373e-13  3.70685e-20  1.6701e-16  7.33768e-14  3.89958e-20  1.47524e-24  1.96983e-13  9.19261e-14  2.06307e-13  
6.22926e-20  1.2828e-13  4.42667e-14  2.80605e-21  5.34901e-14  1.0581e-13  3.44016e-14  4.38221e-13  1.57757e-13  9.34211e-13  
5.29446e-20  8.16124e-13  3.21408e-13  6.2465e-19  7.82319e-13  5.98094e-13  4.77551e-14  2.48954e-12  1.28885e-12  2.99385e-12  
8.48747e-13  1.01736e-12  3.55998e-13  6.33459e-13  2.58941e-13  7.0036e-13  2.55093e-13  3.46064e-18  5.3814e-13  3.32108e-13  
5.09294e-14  2.90136e-12  3.25081e-12  9.28742e-12  6.36467e-13  1.38773e-22  4.81469e-15  
  4 1.30983e+09 1.30983e+09 1.74997 0.573485 155620 277.42 0.029671
7.56137e-27  8.81435e-22  1.48864e-28  0  0.192792  2.62995e-24  0  0  0.0182072  5.27904e-14  1.69903e-15  
1.61809e-19  6.40496e-09  4.31402e-08  1.52656e-37  9.49451e-28  0.000413172  2.1652e-09  4.27463e-06  1.07629e-23  2.87604e-24  
6.71651e-16  4.08718e-08  5.68991e-23  6.0369e-37  1.0236e-05  3.76195e-07  0.000121691  6.3343e-21  7.11742e-28  8.70879e-18  
2.79262e-06  2.27857e-17  9.81718e-37  5.04905e-06  1.14475e-08  6.53979e-07  6.73732e-22  8.45633e-25  4.72194e-08  7.46849e-31  
9.8301e-07  1.31652e-20  1.37788e-28  4.70196e-06  2.39176e-07  1.63075e-07  4.41358e-08  4.0307e-18  1.90792e-19  1.95483e-06  
1.90435e-08  8.89156e-08  8.74589e-18  4.44928e-10  1.80228e-08  1.6913e-10  1.23331e-08  3.27065e-07  5.62185e-16  6.08041e-08  
1.60961e-14  1.01187e-10  1.60762e-08  3.44587e-10  3.41778e-09  2.67056e-07  3.79135e-10  1.91579e-09  3.79296e-10  5.77872e-09  
4.02245e-17  2.76623e-11  3.51476e-21  5.2075e-10  2.22156e-10  4.02478e-18  2.60245e-21  9.87447e-31  9.37031e-10  7.72784e-10  
8.11045e-09  1.18008e-09  6.44784e-10  1.1499e-09  5.18461e-08  5.46606e-09  2.54873e-09  5.9796e-08  2.66542e-07  5.36317e-14  
4.49496e-06  1.55745e-07  2.65379e-08  8.02562e-17  1.53124e-13  1.79733e-08  7.29058e-15  1.4503e-07  8.64471e-10  5.72239e-08  
5.52402e-09  8.4588e-09  1.8799e-14  2.32197e-09  2.0693e-09  5.48239e-19  1.08922e-09  2.76974e-09  2.1292e-16  1.66102e-09  
2.82553e-10  1.18022e-09  4.60876e-21  3.63266e-11  1.309e-10  8.24892e-22  7.13822e-11  1.27986e-10  6.35437e-19  1.46835e-10  
4.11417e-11  1.98506e-10  2.14919e-11  4.55078e-11  2.01923e-11  8.17751e-11  3.33156e-12  1.45029e-10  1.1447e-11  2.72903e-22  
2.50614e-11  1.44705e-11  1.93842e-12  4.3278e-11  2.10061e-11  1.48994e-10  4.61032e-17  1.83368e-21  4.37375e-11  2.14806e-11  
5.51845e-19  9.20649e-12  1.99653e-11  8.35791e-12  9.0681e-11  1.64701e-19  2.57151e-25  2.14113e-11  6.41543e-21  7.6097e-28  
2.49937e-11  5.48958e-12  8.43274e-12  5.28858e-13  8.02811e-12  7.77385e-20  1.32e-12  2.16213e-12  1.90158e-15  4.24731e-20  
2.20309e-12  1.84849e-12  2.60307e-12  1.06193e-12  3.20202e-12  1.26992e-13  5.70105e-13  1.47357e-12  5.63958e-13  3.01117e-12  
8.21943e-13  1.6628e-12  6.24939e-13  2.24736e-12  2.70698e-13  1.72225e-12  4.85218e-13  1.2783e-24  7.55806e-13  6.86335e-13  
3.37571e-19  1.51809e-12  6.3335e-13  1.96593e-12  6.98423e-13  2.4425e-12  5.77764e-13  2.79126e-12  1.08243e-12  4.06332e-12  
1.3835e-12  5.65722e-12  6.05541e-13  7.84761e-13  2.57773e-13  1.07609e-12  8.75141e-13  4.31109e-12  2.10205e-12  9.75473e-23  
1.54454e-27  2.89593e-12  2.97498e-12  5.15391e-12  3.52114e-12  8.48918e-12  1.54882e-20  2.33605e-12  1.3171e-12  2.57748e-19  
7.77367e-14  9.60332e-22  7.43347e-27  1.59576e-12  8.92451e-13  2.40139e-12  2.3435e-12  1.5771e-11  2.10182e-12  4.85547e-12  
9.09683e-21  5.71181e-13  7.2186e-13  1.21254e-12  3.66949e-13  1.02318e-12  2.48816e-13  8.28209e-13  3.98091e-21  1.71751e-13  
3.29891e-19  7.68e-27  9.47088e-14  2.55441e-13  5.83843e-14  2.05993e-13  4.46979e-18  2.45119e-13  3.29837e-14  3.05601e-18  
9.11794e-14  3.03098e-20  1.03904e-24  1.08332e-14  1.42181e-20  1.9958e-13  8.94944e-14  3.82884e-13  1.83255e-13  5.97658e-13  
7.92319e-22  2.46783e-13  1.46298e-13  2.19744e-20  1.53351e-21  2.13961e-13  1.38686e-13  6.10052e-13  2.9034e-13  9.19209e-13  
2.06664e-13  4.67696e-13  1.92666e-13  5.74184e-13  9.61758e-21  1.19551e-13  1.35641e-13  1.42629e-19  8.53391e-20  1.96554e-13  
1.46474e-13  3.69246e-13  1.61573e-13  4.99451e-13  8.0635e-14  5.31896e-14  3.14328e-21  1.29827e-14  7.35517e-14  2.9526e-13  
9.67959e-14  3.45584e-13  1.13907e-20  1.70449e-17  7.33183e-14  1.00337e-20  5.18999e-26  1.97193e-13  9.19194e-14  2.06338e-13  
1.79875e-20  1.28166e-13  4.42185e-14  1.09304e-21  5.33302e-14  1.05868e-13  3.43848e-14  4.38168e-13  1.57216e-13  9.34134e-13  
1.90212e-20  8.15113e-13  3.20213e-13  1.81294e-19  8.28299e-13  5.98759e-13  1.3002e-17  2.48981e-12  1.28769e-12  2.99639e-12  
8.48786e-13  1.01926e-12  3.56166e-13  6.33829e-13  2.58918e-13  7.0052e-13  2.55097e-13  2.80426e-19  5.38319e-13  3.32169e-13  
5.07299e-14  2.90133e-12  3.25087e-12  9.28755e-12  6.3646e-13  5.87487e-23  4.82616e-15  
1.35324e-26  1.1993e-21  3.52542e-28  0  0.192893  2.63009e-24  2.63901e-38  0  0.018175  6.61052e-14  1.94173e-15  
3.34457e-19  6.79353e-09  4.3337e-08  5.48037e-37  2.05626e-27  0.000412109  2.22488e-09  4.43302e-06  1.89454e-23  5.04852e-24  
2.04322e-15  4.06624e-08  9.77214e-23  2.92678e-36  1.0236e-05  3.76187e-07  0.000121532  1.0751e-20  1.24323e-27  1.89316e-17  
2.79262e-06  4.61572e-17  4.52291e-36  5.04905e-06  1.14394e-08  6.5398e-07  1.4352e-21  1.62341e-24  4.72256e-08  1.58425e-30  
9.83009e-07  2.33054e-20  2.61586e-28  4.70196e-06  2.39176e-07  1.63074e-07  4.41354e-08  8.4972e-18  4.13389e-19  1.95483e-06  
1.9043e-08  8.89155e-08  1.88609e-17  4.44921e-10  1.80228e-08  1.69062e-10  1.23319e-08  3.27066e-07  1.15684e-15  6.0804e-08  
2.17197e-14  1.01186e-10  1.60761e-08  3.44523e-10  3.41756e-09  2.67057e-07  3.78859e-10  1.91575e-09  3.79295e-10  5.77873e-09  
8.76316e-17  2.76586e-11  7.30079e-21  5.2075e-10  2.22144e-10  8.2657e-18  5.3985e-21  4.67551e-30  9.37035e-10  7.72801e-10  
8.11055e-09  1.17996e-09  6.44773e-10  1.14993e-09  5.18462e-08  5.46616e-09  2.54853e-09  5.9793e-08  2.66546e-07  1.14285e-13  
4.49498e-06  1.55736e-07  2.6535e-08  1.6608e-16  1.53119e-13  1.79724e-08  1.46897e-14  1.45032e-07  8.63803e-10  5.72243e-08  
5.52347e-09  8.45871e-09  2.72464e-14  2.32192e-09  2.06924e-09  1.12315e-18  1.08917e-09  2.76978e-09  4.6382e-16  1.66102e-09  
2.82547e-10  1.18021e-09  1.00902e-20  3.63269e-11  1.30895e-10  1.82423e-21  7.13816e-11  1.27982e-10  1.3049e-18  1.46835e-10  
4.11419e-11  1.98506e-10  2.14929e-11  4.55053e-11  2.01927e-11  8.17737e-11  3.33027e-12  1.45031e-10  1.14495e-11  5.95338e-22  
2.50619e-11  1.44698e-11  1.93751e-12  4.32753e-11  2.10074e-11  1.48993e-10  8.64936e-17  3.8697e-21  4.37376e-11  2.14809e-11  
1.12784e-18  9.20653e-12  1.99636e-11  8.3577e-12  9.06808e-11  3.41811e-19  7.26138e-25  2.14112e-11  1.30602e-20  3.24233e-27  
2.49937e-11  5.48957e-12  8.43271e-12  5.28739e-13  8.02818e-12  1.62015e-19  1.32001e-12  2.16239e-12  1.89578e-15  8.96734e-20  
2.20296e-12  1.8485e-12  2.60298e-12  1.06194e-12  3.202e-12  1.26933e-13  5.70209e-13  1.47351e-12  5.64052e-13  3.01115e-12  
8.22033e-13  1.66271e-12  6.25017e-13  2.24733e-12  2.7819e-13  1.72224e-12  4.7777e-13  2.26768e-24  7.5583e-13  6.86271e-13  
7.44516e-19  1.51801e-12  6.33374e-13  1.96591e-12  6.98445e-13  2.44245e-12  5.77786e-13  2.79121e-12  1.08246e-12  4.0633e-12  
1.38351e-12  5.65719e-12  6.05571e-13  7.84739e-13  2.57761e-13  1.07607e-12  8.75234e-13  4.31108e-12  2.10245e-12  2.19071e-22  
8.44384e-27  2.89569e-12  2.97547e-12  5.15338e-12  3.52139e-12  8.48889e-12  3.17282e-20  2.33606e-12  1.31715e-12  4.80425e-19  
7.77268e-14  1.95599e-21  3.06676e-26  1.59559e-12  8.92516e-13  2.40127e-12  2.34352e-12  1.5771e-11  2.10182e-12  4.85547e-12  
1.87323e-20  5.71188e-13  7.21877e-13  1.21252e-12  3.66967e-13  1.02317e-12  2.48832e-13  8.28188e-13  8.1777e-21  1.71761e-13  
7.1522e-19  3.64303e-26  9.47214e-14  2.55424e-13  5.84001e-14  2.05977e-13  6.68671e-18  2.45119e-13  3.30084e-14  5.59742e-18  
9.1223e-14  5.29875e-20  4.68895e-24  1.08224e-14  3.08342e-20  1.99567e-13  8.95126e-14  3.8288e-13  1.83269e-13  5.97628e-13  
1.63637e-21  2.468e-13  1.46314e-13  3.92702e-20  3.14564e-21  2.1394e-13  1.38715e-13  6.1004e-13  2.90368e-13  9.19156e-13  
2.06687e-13  4.67691e-13  1.92682e-13  5.74143e-13  1.9817e-20  1.19561e-13  1.35648e-13  3.04224e-19  1.86432e-19  1.96527e-13  
1.46477e-13  3.69223e-13  1.61575e-13  4.99429e-13  8.06457e-14  5.31846e-14  6.41525e-21  1.29861e-14  7.35589e-14  2.9525e-13  
9.67969e-14  3.45567e-13  2.3627e-20  3.47821e-17  7.3323e-14  2.04801e-20  1.855e-25  1.97171e-13  9.19199e-14  2.06335e-13  
3.74796e-20  1.28176e-13  4.42225e-14  2.25921e-21  5.33434e-14  1.05863e-13  3.43861e-14  4.38172e-13  1.5726e-13  9.3414e-13  
3.90354e-20  8.15196e-13  3.20311e-13  3.77063e-19  8.28439e-13  5.98704e-13  2.07166e-17  2.48979e-12  1.28778e-12  2.99618e-12  
8.48782e-13  1.0191e-12  3.56152e-13  6.33798e-13  2.5892e-13  7.00507e-13  2.55096e-13  5.79632e-19  5.3833e-13  3.32164e-13  
5.07204e-14  2.90134e-12  3.25087e-12  9.28754e-12  6.36461e-13  1.18189e-22  4.82523e-15  
8.63442e-26  3.46665e-21  1.76718e-27  0  0.192802  2.63032e-24  5.66354e-37  0  0.01821  1.37322e-13  3.08987e-15  
1.82336e-18  7.64256e-09  4.36229e-08  2.0506e-35  2.37386e-26  0.000408722  2.28084e-09  4.66002e-06  1.27518e-22  3.01253e-23  
2.11945e-14  4.03672e-08  5.94019e-22  2.03781e-34  1.0236e-05  3.76179e-07  0.000121304  6.20129e-20  8.87823e-27  6.97449e-17  
2.79261e-06  2.75182e-16  1.35339e-34  5.04905e-06  1.14174e-08  6.53971e-07  8.99024e-21  1.56035e-23  4.72337e-08  2.33749e-29  
9.83008e-07  1.33353e-19  2.49476e-27  4.70196e-06  2.39175e-07  1.63072e-07  4.41351e-08  5.50149e-17  2.79098e-18  1.95483e-06  
1.9042e-08  8.89155e-08  1.10798e-16  4.4491e-10  1.80229e-08  1.68987e-10  1.23303e-08  3.27068e-07  6.89283e-15  6.08039e-08  
4.00494e-14  1.01184e-10  1.60761e-08  3.44443e-10  3.41719e-09  2.67057e-07  3.78632e-10  1.91571e-09  3.79293e-10  5.77874e-09  
4.61034e-16  2.7654e-11  4.63831e-20  5.2075e-10  2.22128e-10  4.83134e-17  3.42197e-20  1.46864e-28  9.37041e-10  7.72821e-10  
8.11068e-09  1.17982e-09  6.44761e-10  1.14996e-09  5.18464e-08  5.46624e-09  2.54829e-09  5.9789e-08  2.66551e-07  4.11112e-13  
4.49499e-06  1.55724e-07  2.65314e-08  9.80899e-16  1.53115e-13  1.79709e-08  4.66058e-14  1.45034e-07  8.63288e-10  5.72247e-08  
5.52279e-09  8.45859e-09  5.38997e-14  2.32187e-09  2.06915e-09  6.7982e-18  1.08909e-09  2.76983e-09  2.23077e-15  1.66103e-09  
2.8254e-10  1.1802e-09  5.70349e-20  3.63273e-11  1.3089e-10  1.06072e-20  7.13807e-11  1.27979e-10  8.08538e-18  1.46836e-10  
4.11421e-11  1.98505e-10  2.14941e-11  4.55022e-11  2.01932e-11  8.17721e-11  3.32886e-12  1.45033e-10  1.14523e-11  3.4455e-21  
2.50624e-11  1.4469e-11  1.93662e-12  4.3272e-11  2.10089e-11  1.48993e-10  2.43636e-16  2.35327e-20  4.37375e-11  2.14811e-11  
6.84062e-18  9.20656e-12  1.99615e-11  8.35744e-12  9.06806e-11  1.99797e-18  5.42642e-24  2.14111e-11  8.00142e-20  8.55433e-26  
2.49936e-11  5.48955e-12  8.43268e-12  5.28597e-13  8.02827e-12  9.31403e-19  1.32002e-12  2.16272e-12  1.93632e-15  4.9108e-19  
2.20276e-12  1.8485e-12  2.60285e-12  1.06196e-12  3.20197e-12  1.26877e-13  5.7033e-13  1.47344e-12  5.64173e-13  3.01112e-12  
8.22156e-13  1.66259e-12  6.25119e-13  2.24727e-12  2.84425e-13  1.7222e-12  4.71604e-13  1.30245e-23  7.55865e-13  6.86191e-13  
3.18353e-18  1.51791e-12  6.33409e-13  1.96589e-12  6.98477e-13  2.44239e-12  5.77816e-13  2.79114e-12  1.0825e-12  4.06326e-12  
1.38352e-12  5.65715e-12  6.05613e-13  7.84708e-13  2.57746e-13  1.07605e-12  8.75353e-13  4.31107e-12  2.10295e-12  1.2914e-21  
1.38546e-25  2.8954e-12  2.97609e-12  5.15271e-12  3.52169e-12  8.48852e-12  1.96811e-19  2.33609e-12  1.31721e-12  2.40785e-18  
7.77153e-14  1.18914e-20  3.00098e-25  1.59537e-12  8.92593e-13  2.40113e-12  2.34353e-12  1.57709e-11  2.10182e-12  4.85546e-12  
1.12246e-19  5.71196e-13  7.21898e-13  1.21249e-12  3.66989e-13  1.02316e-12  2.4885e-13  8.28163e-13  5.07512e-20  1.71774e-13  
2.63438e-18  7.24765e-25  9.47345e-14  2.55404e-13  5.84178e-14  2.05959e-13  1.38933e-17  2.45118e-13  3.30304e-14  1.51803e-17  
9.12745e-14  2.71935e-19  4.94463e-23  1.08109e-14  1.478e-19  1.99551e-13  8.95355e-14  3.82877e-13  1.83284e-13  5.97592e-13  
1.01599e-20  2.46822e-13  1.46333e-13  2.17024e-19  1.95773e-20  2.13915e-13  1.38749e-13  6.10027e-13  2.904e-13  9.19091e-13  
2.06716e-13  4.67686e-13  1.92699e-13  5.74097e-13  1.23977e-19  1.19573e-13  1.35656e-13  1.62107e-18  7.30288e-19  1.96492e-13  
1.46481e-13  3.69195e-13  1.61577e-13  4.99402e-13  8.06582e-14  5.31785e-14  3.94856e-20  1.29903e-14  7.3568e-14  2.95237e-13  
9.67974e-14  3.45546e-13  1.40918e-19  5.21943e-17  7.33279e-14  1.20152e-19  2.18981e-24  1.97148e-13  9.19201e-14  2.06333e-13  
2.10576e-19  1.28187e-13  4.42284e-14  1.43087e-20  5.336e-14  1.05856e-13  3.43874e-14  4.38178e-13  1.57314e-13  9.3415e-13  
2.40097e-19  8.15302e-13  3.20429e-13  2.11723e-18  8.28595e-13  5.9864e-13  4.64464e-17  2.48976e-12  1.28791e-12  2.99592e-12  
8.4877e-13  1.01892e-12  3.56135e-13  6.33761e-13  2.58922e-13  7.00492e-13  2.55094e-13  1.93458e-18  5.38344e-13  3.32157e-13  
5.0709e-14  2.90134e-12  3.25086e-12  9.28753e-12  6.36461e-13  7.06705e-22  4.82413e-15  
9.61264e-24  2.5495e-15  4.62354e-25  7.26612e-32  0.199103  2.57025e-24  3.94893e-30  0  0.0161922  3.7051e-08  2.31501e-09  
1.814e-16  1.48743e-05  4.17936e-08  1.75311e-31  4.12314e-21  0.000354235  3.92984e-09  5.07504e-06  1.34361e-20  2.48208e-21  
2.59812e-10  3.52805e-08  4.581e-20  2.41571e-28  1.01844e-05  3.28703e-07  0.000106024  4.77476e-18  8.49102e-25  1.62585e-13  
2.82999e-06  3.25777e-14  3.51578e-29  5.09528e-06  1.15009e-08  5.76271e-07  1.0455e-18  1.73375e-21  5.85247e-08  4.20526e-27  
1.04316e-06  1.2895e-17  3.01786e-25  4.70658e-06  2.39289e-07  1.63209e-07  4.40556e-08  4.12889e-14  4.2157e-15  1.95467e-06  
1.91625e-08  8.89141e-08  4.1941e-13  4.44772e-10  1.8037e-08  1.95437e-10  1.22456e-08  3.27107e-07  1.18566e-11  6.07952e-08  
4.91172e-11  1.01392e-10  1.60223e-08  3.40422e-10  3.11527e-09  2.67068e-07  6.83018e-10  1.91971e-09  3.80143e-10  5.77747e-09  
2.21517e-12  2.76901e-11  1.21039e-17  5.20757e-10  2.20118e-10  9.8242e-14  1.41539e-17  2.90184e-23  9.36988e-10  7.74991e-10  
8.10735e-09  1.18e-09  6.45799e-10  1.15414e-09  5.18413e-08  5.49363e-09  2.52148e-09  5.77539e-08  2.66989e-07  1.6885e-09  
4.49482e-06  1.55653e-07  2.66707e-08  2.21442e-12  1.7225e-13  1.69399e-08  1.49997e-10  1.44997e-07  1.92735e-09  5.71166e-08  
5.48439e-09  8.49168e-09  7.07729e-11  2.31805e-09  1.98438e-09  7.70309e-16  1.07427e-09  2.77176e-09  1.11419e-11  1.66204e-09  
2.8194e-10  1.18065e-09  6.12627e-18  3.63455e-11  1.29847e-10  1.20745e-18  7.15052e-11  1.27926e-10  4.61986e-15  1.46904e-10  
4.11964e-11  1.98437e-10  2.18433e-11  4.48532e-11  2.04369e-11  8.16475e-11  3.87183e-12  1.45178e-10  1.14425e-11  3.55215e-19  
2.45256e-11  1.39461e-11  2.40213e-12  4.3037e-11  2.14472e-11  1.48727e-10  6.28011e-13  2.6664e-18  4.37346e-11  2.09277e-11  
6.1581e-15  9.21217e-12  1.97773e-11  8.39549e-12  9.0665e-11  4.79545e-15  6.5119e-17  2.14185e-11  1.40742e-17  1.34239e-18  
2.49874e-11  5.49415e-12  8.43222e-12  5.31106e-13  8.0359e-12  2.68741e-15  1.32096e-12  2.19857e-12  1.46607e-13  2.39969e-15  
2.01309e-12  1.84273e-12  2.59419e-12  1.06937e-12  3.19711e-12  1.61525e-13  5.50266e-13  1.45085e-12  6.1225e-13  2.97519e-12  
8.63066e-13  1.60384e-12  6.74576e-13  2.21293e-12  2.99203e-13  1.72705e-12  4.77444e-13  1.14722e-21  7.61647e-13  6.51434e-13  
1.47144e-14  1.49472e-12  6.5353e-13  1.95652e-12  7.07036e-13  2.43085e-12  5.89046e-13  2.7802e-12  1.08865e-12  4.06083e-12  
1.38353e-12  5.65606e-12  6.13036e-13  7.71173e-13  2.5613e-13  1.07998e-12  9.01974e-13  4.28999e-12  2.24155e-12  1.43417e-19  
4.90437e-18  2.73709e-12  3.15795e-12  4.95908e-12  3.61597e-12  8.41848e-12  5.42649e-17  2.33705e-12  1.33992e-12  4.34773e-15  
7.83416e-14  8.15596e-18  4.48281e-18  1.55663e-12  9.21593e-13  2.38091e-12  2.34768e-12  1.57687e-11  2.10229e-12  4.85369e-12  
1.83398e-16  5.71588e-13  7.25008e-13  1.20915e-12  3.7178e-13  1.01935e-12  2.53539e-13  8.21956e-13  2.77522e-17  1.73168e-13  
1.07047e-14  8.48764e-19  8.94124e-14  2.4976e-13  6.49977e-14  1.99291e-13  1.38152e-14  2.37134e-13  2.94732e-14  9.18683e-15  
9.884e-14  1.62215e-16  9.60464e-16  8.10274e-15  4.37885e-16  1.85009e-13  9.69384e-14  3.77186e-13  1.85852e-13  5.88507e-13  
1.28865e-18  2.49518e-13  1.56201e-13  1.02728e-16  6.972e-18  2.0388e-13  1.51987e-13  6.00482e-13  2.99847e-13  9.02013e-13  
2.20376e-13  4.61597e-13  1.9603e-13  5.62552e-13  5.86834e-17  1.21262e-13  1.39198e-13  6.36739e-15  5.3046e-15  1.83248e-13  
1.44198e-13  3.68234e-13  1.64908e-13  4.97233e-13  8.63764e-14  5.01479e-14  1.31148e-17  1.41726e-14  7.70059e-14  2.89087e-13  
9.70749e-14  3.44035e-13  2.98979e-16  9.70084e-17  7.55668e-14  1.72941e-16  3.95428e-20  1.95424e-13  9.20327e-14  2.06534e-13  
6.67331e-16  1.29612e-13  4.6632e-14  3.07965e-18  5.93734e-14  1.02165e-13  3.50155e-14  4.34019e-13  1.77928e-13  9.18079e-13  
1.82557e-16  8.27725e-13  3.65062e-13  6.15633e-15  8.20017e-13  5.48809e-13  6.14173e-14  2.43398e-12  1.32109e-12  2.9345e-12  
8.63241e-13  1.00655e-12  3.64428e-13  6.32596e-13  2.60642e-13  6.99061e-13  2.55281e-13  6.90448e-15  5.38764e-13  3.25278e-13  
4.95428e-14  2.90148e-12  3.25041e-12  9.28758e-12  6.36608e-13  1.78713e-19  4.72146e-15  
8.15242e-21  2.75231e-16  9.32214e-23  3.55833e-32  0.198233  2.88943e-24  6.2493e-28  0  0.016495  6.76127e-09  8.04164e-09  
4.86984e-14  6.89012e-06  4.96057e-08  1.81668e-26  1.87877e-18  0.000342762  5.92785e-09  1.35846e-05  1.75148e-17  6.77266e-19  
2.36677e-09  3.6041e-08  2.08048e-17  1.15608e-24  1.01792e-05  3.15682e-07  0.000105484  2.04689e-15  3.05439e-22  2.7144e-13  
2.80493e-06  1.47528e-11  2.1844e-26  5.12276e-06  1.39638e-08  5.57183e-07  5.13688e-16  7.1309e-19  5.54804e-08  3.88906e-24  
1.06468e-06  6.30517e-15  1.39842e-22  4.70864e-06  2.39821e-07  1.64217e-07  4.41554e-08  2.09538e-12  1.08237e-13  1.95325e-06  
1.9882e-08  8.89917e-08  1.85441e-12  4.49975e-10  1.79985e-08  2.45656e-10  1.2769e-08  3.26392e-07  1.39655e-10  6.08545e-08  
1.09008e-10  1.0239e-10  1.59617e-08  3.77295e-10  3.01993e-09  2.66677e-07  1.05025e-09  1.9396e-09  3.81979e-10  5.77018e-09  
5.74242e-12  2.93706e-11  2.46589e-15  5.20652e-10  2.24914e-10  9.10796e-13  2.44998e-15  5.47891e-19  9.33419e-10  7.67227e-10  
8.04684e-09  1.24665e-09  6.52497e-10  1.14209e-09  5.17676e-08  5.487e-09  2.60988e-09  5.77412e-08  2.64798e-07  3.19849e-09  
4.48642e-06  1.629e-07  2.84285e-08  2.02692e-11  4.04587e-13  1.65695e-08  2.93502e-10  1.43738e-07  3.37661e-09  5.67843e-08  
5.79117e-09  8.56587e-09  1.50208e-10  2.33901e-09  1.92043e-09  3.48753e-13  1.09366e-09  2.74888e-09  2.32277e-11  1.65908e-09  
2.84993e-10  1.18581e-09  2.82104e-15  3.61841e-11  1.31502e-10  5.77274e-16  7.17578e-11  1.29648e-10  3.03526e-13  1.46638e-10  
4.12123e-11  1.9844e-10  2.14588e-11  4.59246e-11  2.03043e-11  8.24156e-11  4.88921e-12  1.44171e-10  9.94329e-12  1.56723e-16  
2.40035e-11  1.42054e-11  3.06128e-12  4.43864e-11  2.11025e-11  1.48833e-10  1.33971e-12  1.33756e-15  4.37364e-11  2.0168e-11  
1.85205e-13  9.216e-12  2.04201e-11  8.52795e-12  9.07605e-11  3.45481e-14  4.11362e-16  2.14351e-11  4.04527e-15  6.7411e-17  
2.49766e-11  5.51106e-12  8.44564e-12  5.95801e-13  7.99748e-12  1.47117e-14  1.31805e-12  2.06712e-12  2.93838e-13  1.07848e-14  
1.91257e-12  1.82622e-12  2.64742e-12  1.06118e-12  3.21058e-12  2.08297e-13  4.75164e-13  1.47871e-12  5.68871e-13  2.98357e-12  
8.09837e-13  1.64927e-12  6.33503e-13  2.2362e-12  3.35816e-13  1.74925e-12  4.06636e-13  5.16129e-19  7.29802e-13  6.78977e-13  
2.58075e-14  1.54448e-12  6.39276e-13  1.97215e-12  6.92619e-13  2.45779e-12  5.76302e-13  2.80956e-12  1.07071e-12  4.07916e-12  
1.37484e-12  5.67731e-12  5.93066e-13  7.83225e-13  2.61053e-13  1.09135e-12  8.56306e-13  4.2921e-12  2.05789e-12  7.06626e-17  
1.21103e-16  2.82125e-12  2.92302e-12  5.2063e-12  3.51362e-12  8.55593e-12  9.22378e-15  2.32689e-12  1.31294e-12  2.97653e-14  
9.65702e-14  4.99821e-16  6.53004e-17  1.60701e-12  8.94105e-13  2.44053e-12  2.34225e-12  1.5796e-11  2.1013e-12  4.85673e-12  
2.48632e-15  5.68068e-13  7.1526e-13  1.21898e-12  3.64274e-13  1.02183e-12  2.47638e-13  8.29617e-13  1.91259e-15  1.68394e-13  
1.78148e-14  1.99306e-16  7.73838e-14  2.54558e-13  6.04608e-14  2.04037e-13  2.15183e-14  2.25667e-13  1.50455e-14  8.10582e-15  
8.9724e-14  4.6506e-15  7.08335e-15  5.99179e-15  5.52066e-16  1.78371e-13  8.70198e-14  3.76608e-13  1.82603e-13  5.99117e-13  
5.9519e-16  2.4054e-13  1.49466e-13  4.75337e-15  1.12841e-15  2.02911e-13  1.44136e-13  6.0252e-13  2.90418e-13  9.24271e-13  
2.11596e-13  4.62503e-13  1.92582e-13  5.75949e-13  5.04596e-15  1.18094e-13  1.34917e-13  1.68335e-14  1.30093e-14  1.76942e-13  
1.40681e-13  3.80242e-13  1.66476e-13  5.08809e-13  8.29876e-14  5.25696e-14  1.67916e-15  1.2566e-14  7.24335e-14  2.92039e-13  
9.74375e-14  3.5229e-13  2.84245e-15  3.95267e-16  7.2968e-14  2.54634e-15  4.35215e-17  1.92798e-13  9.29994e-14  2.08059e-13  
3.02197e-15  1.25247e-13  4.22068e-14  7.05358e-16  5.37425e-14  1.0284e-13  3.46204e-14  4.29855e-13  1.60367e-13  9.07943e-13  
7.41629e-15  7.84922e-13  3.19405e-13  2.61687e-14  7.19778e-13  5.28529e-13  1.0433e-13  2.43105e-12  1.27306e-12  3.03719e-12  
8.78197e-13  1.08796e-12  3.75703e-13  6.49184e-13  2.60879e-13  7.05089e-13  2.57122e-13  1.32066e-14  5.32935e-13  3.2078e-13  
5.38727e-14  2.89985e-12  3.25273e-12  9.29458e-12  6.3661e-13  2.98478e-17  5.11729e-15  
6.36238e-23  1.38345e-19  7.6967e-27  0  0.196321  2.85976e-24  4.07001e-33  0  0.0171284  2.89688e-12  8.45459e-09  
1.93974e-16  5.36783e-07  4.67375e-08  4.02736e-31  7.34049e-22  0.000342273  5.83044e-09  1.16527e-05  7.6891e-20  2.37015e-21  
2.11903e-10  4.03295e-08  1.14443e-19  5.24241e-28  1.01779e-05  3.12482e-07  0.000113768  1.10143e-17  1.11509e-24  1.75618e-13  
2.80046e-06  1.02601e-13  5.07053e-29  5.12893e-06  1.59432e-08  5.52561e-07  2.96183e-18  2.59268e-21  5.46578e-08  1.86398e-26  
1.07018e-06  3.32175e-17  5.19339e-25  4.70912e-06  2.40016e-07  1.64526e-07  4.41817e-08  3.19293e-14  3.01912e-15  1.95281e-06  
2.01208e-08  8.90029e-08  2.53718e-13  4.51762e-10  1.79889e-08  2.59919e-10  1.31108e-08  3.26178e-07  5.84053e-12  6.08779e-08  
1.25913e-10  1.02721e-10  1.59445e-08  3.88316e-10  2.99454e-09  2.66561e-07  1.14985e-09  1.94567e-09  3.82582e-10  5.76791e-09  
1.50968e-12  3.04356e-11  2.25852e-17  5.20621e-10  2.31677e-10  4.7735e-14  1.75132e-17  2.93774e-23  9.32866e-10  7.65005e-10  
8.02897e-09  1.26626e-09  6.54524e-10  1.13863e-09  5.17443e-08  5.48713e-09  2.63533e-09  5.87361e-08  2.64157e-07  2.64148e-09  
4.48371e-06  1.65252e-07  2.89628e-08  1.14946e-12  4.19387e-13  1.6496e-08  2.81868e-10  1.43353e-07  3.80205e-09  5.67443e-08  
5.88233e-09  8.58853e-09  1.70669e-10  2.34546e-09  1.90404e-09  2.40529e-15  1.11746e-09  2.74213e-09  8.88274e-12  1.65817e-09  
2.85889e-10  1.18738e-09  1.76212e-17  3.61356e-11  1.31956e-10  3.49015e-18  7.22435e-11  1.30163e-10  3.95593e-15  1.46546e-10  
4.12251e-11  1.98433e-10  2.13465e-11  4.62372e-11  2.0265e-11  8.26494e-11  5.18025e-12  1.43878e-10  9.51981e-12  9.08284e-19  
2.38608e-11  1.42703e-11  3.2342e-12  4.47876e-11  2.10137e-11  1.48857e-10  1.42143e-12  8.93671e-18  4.37383e-11  2.00817e-11  
3.52014e-15  9.21223e-12  2.08437e-11  8.56983e-12  9.07893e-11  2.28125e-15  4.17499e-16  2.1481e-11  3.25177e-17  6.45175e-19  
2.49783e-11  5.51664e-12  8.44959e-12  6.1473e-13  7.986e-12  1.33171e-15  1.31715e-12  2.02878e-12  3.3222e-13  1.36125e-15  
1.88498e-12  1.85207e-12  2.66412e-12  1.0586e-12  3.21453e-12  2.20544e-13  4.54104e-13  1.48736e-12  5.55641e-13  2.98651e-12  
7.93406e-13  1.66327e-12  6.20559e-13  2.24371e-12  3.45071e-13  1.75718e-12  3.86228e-13  2.63628e-21  7.33429e-13  6.86755e-13  
1.55125e-14  1.55984e-12  6.34718e-13  1.97728e-12  6.88227e-13  2.46592e-12  5.7232e-13  2.81842e-12  1.06536e-12  4.08482e-12  
1.3721e-12  5.68368e-12  5.87023e-13  7.86925e-13  2.62422e-13  1.09475e-12  8.42657e-13  4.29288e-12  2.00309e-12  4.41284e-19  
5.75757e-17  2.84669e-12  2.85248e-12  5.27989e-12  3.48359e-12  8.59664e-12  8.54379e-17  2.32364e-12  1.31617e-12  1.07183e-15  
9.91343e-14  7.13347e-18  6.46658e-17  1.66114e-12  8.86796e-13  2.45913e-12  2.34064e-12  1.58042e-11  2.10098e-12  4.85765e-12  
9.11837e-17  5.66984e-13  7.15498e-13  1.22188e-12  3.62112e-13  1.02247e-12  2.45991e-13  8.31763e-13  2.44672e-17  1.66796e-13  
1.60984e-14  1.79602e-18  8.00714e-14  2.5656e-13  5.90715e-14  2.05394e-13  2.28381e-14  2.23333e-13  1.17385e-14  7.35507e-15  
8.67713e-14  5.58422e-17  4.47441e-15  5.60126e-15  2.14588e-16  1.84532e-13  8.60093e-14  3.76228e-13  1.81842e-13  6.02082e-13  
4.26804e-18  2.37746e-13  1.48081e-13  5.32432e-17  8.47526e-18  2.10593e-13  1.4151e-13  6.03085e-13  2.8785e-13  9.30776e-13  
2.08999e-13  4.62752e-13  1.91782e-13  5.79677e-13  5.94797e-17  1.16659e-13  1.39532e-13  3.85671e-15  8.74019e-15  1.9307e-13  
1.45241e-13  3.83957e-13  1.67087e-13  5.12278e-13  8.20087e-14  5.33258e-14  1.70235e-17  1.20796e-14  7.30506e-14  2.93065e-13  
9.76097e-14  3.54692e-13  1.51191e-16  4.10326e-16  7.54985e-14  8.94823e-17  2.37958e-20  1.95654e-13  9.31494e-14  2.08503e-13  
3.43523e-16  1.2389e-13  4.39846e-14  6.50393e-18  5.18676e-14  1.04386e-13  3.45744e-14  4.28566e-13  1.55151e-13  9.04894e-13  
1.22944e-16  7.72426e-13  3.15114e-13  3.10897e-15  6.90809e-13  5.54192e-13  1.12869e-13  2.43029e-12  1.25871e-12  3.0677e-12  
8.83064e-13  1.11216e-12  3.7919e-13  6.54237e-13  2.61027e-13  7.0681e-13  2.57811e-13  1.19477e-14  5.31214e-13  3.22518e-13  
5.51415e-14  2.89932e-12  3.25342e-12  9.29671e-12  6.36632e-13  2.67752e-19  5.27014e-15  
1.48601e-23  1.13723e-19  3.29971e-27  0  0.193266  2.85583e-24  2.29349e-34  0  0.0181341  1.82103e-12  8.38697e-09  
4.39623e-17  1.37995e-09  3.8081e-08  4.54866e-32  3.72001e-25  0.000349072  4.56758e-09  2.97346e-06  2.18885e-21  6.41876e-22  
7.61457e-14  4.90745e-08  1.65037e-20  8.25896e-32  1.01786e-05  3.11771e-07  0.00012298  1.36439e-18  2.96543e-25  1.87799e-14  
2.7992e-06  1.23209e-14  1.47325e-30  5.13086e-06  1.90682e-08  5.51999e-07  2.44753e-19  7.06872e-22  5.41099e-08  4.91316e-27  
1.07187e-06  3.35863e-18  1.36853e-25  4.70926e-06  2.40109e-07  1.6468e-07  4.41967e-08  3.55084e-15  2.48174e-16  1.95259e-06  
2.02365e-08  8.90073e-08  8.86465e-15  4.52675e-10  1.7983e-08  2.66772e-10  1.32239e-08  3.26069e-07  4.08144e-13  6.08901e-08  
1.3018e-10  1.02887e-10  1.59401e-08  3.93925e-10  2.98604e-09  2.66502e-07  1.19572e-09  1.94872e-09  3.8287e-10  5.7668e-09  
3.64919e-14  3.07824e-11  2.9173e-18  5.20604e-10  2.34407e-10  2.96901e-15  2.22544e-18  4.70168e-25  9.32405e-10  7.63838e-10  
8.01998e-09  1.27618e-09  6.5554e-10  1.1368e-09  5.17328e-08  5.48655e-09  2.64872e-09  6.13412e-08  2.63825e-07  2.65747e-10  
4.48237e-06  1.66423e-07  2.92326e-08  6.72837e-14  4.19407e-13  1.6465e-08  7.78071e-11  1.43161e-07  4.00011e-09  5.69221e-08  
5.92866e-09  8.59956e-09  1.67435e-10  2.34869e-09  1.90963e-09  2.85234e-16  1.13111e-09  2.73863e-09  1.87293e-13  1.65762e-09  
2.8635e-10  1.18816e-09  1.75584e-18  3.61109e-11  1.32205e-10  3.13248e-19  7.23387e-11  1.30425e-10  4.72841e-16  1.465e-10  
4.12297e-11  1.98433e-10  2.12853e-11  4.64039e-11  2.02427e-11  8.27684e-11  5.31916e-12  1.43728e-10  9.3085e-12  7.86724e-20  
2.37961e-11  1.43073e-11  3.31526e-12  4.49947e-11  2.09616e-11  1.48874e-10  7.56064e-13  9.79058e-19  4.37385e-11  2.07403e-11  
3.72464e-16  9.20986e-12  2.09749e-11  8.59075e-12  9.08042e-11  1.21189e-16  3.17483e-16  2.14899e-11  4.22161e-18  1.91019e-21  
2.49774e-11  5.51927e-12  8.45162e-12  6.24272e-13  7.98013e-12  5.92151e-17  1.31667e-12  2.00896e-12  3.49326e-13  5.58788e-17  
1.87382e-12  1.85616e-12  2.67272e-12  1.05727e-12  3.21657e-12  2.26215e-13  4.43888e-13  1.49192e-12  5.48533e-13  2.98825e-12  
7.8486e-13  1.67079e-12  6.13704e-13  2.24763e-12  3.49526e-13  1.76112e-12  3.76079e-13  2.53829e-22  7.45221e-13  6.90929e-13  
4.58438e-16  1.56753e-12  6.32286e-13  1.97987e-12  6.85972e-13  2.47011e-12  5.70235e-13  2.82299e-12  1.06263e-12  4.08765e-12  
1.37076e-12  5.6869e-12  5.83938e-13  7.88899e-13  2.6315e-13  1.09642e-12  8.35485e-13  4.29345e-12  1.97393e-12  4.13437e-20  
1.86945e-18  2.86113e-12  2.81515e-12  5.31895e-12  3.46728e-12  8.61811e-12  1.09462e-17  2.32197e-12  1.31299e-12  1.10244e-16  
1.00148e-13  8.41063e-19  4.97136e-17  1.6756e-12  8.82838e-13  2.46853e-12  2.33981e-12  1.58085e-11  2.10082e-12  4.85814e-12  
6.66348e-18  5.66428e-13  7.14436e-13  1.2234e-12  3.60948e-13  1.02285e-12  2.45087e-13  8.32942e-13  2.94155e-18  1.65963e-13  
1.55449e-15  2.22285e-20  9.39803e-14  2.57678e-13  5.8298e-14  2.06141e-13  2.16059e-14  2.24282e-13  1.19122e-14  4.35432e-15  
8.49763e-14  9.59944e-18  5.45906e-16  6.25932e-15  7.00715e-18  1.85409e-13  8.80035e-14  3.76085e-13  1.81395e-13  6.03716e-13  
5.14186e-19  2.36302e-13  1.47012e-13  8.95392e-18  1.05872e-18  2.12236e-13  1.3957e-13  6.03371e-13  2.86429e-13  9.34267e-13  
2.0756e-13  4.62918e-13  1.91311e-13  5.81739e-13  7.31969e-18  1.15886e-13  1.39334e-13  1.18133e-16  3.52689e-16  1.98889e-13  
1.53232e-13  3.85985e-13  1.67345e-13  5.14069e-13  8.14521e-14  5.37102e-14  2.17881e-18  1.18225e-14  7.25252e-14  2.93651e-13  
9.76865e-14  3.55934e-13  9.11165e-18  4.04073e-16  7.55017e-14  7.05884e-18  1.15873e-21  1.9602e-13  9.31781e-14  2.08724e-13  
1.38387e-17  1.23135e-13  4.3807e-14  8.18709e-19  5.08621e-14  1.04932e-13  3.45478e-14  4.27949e-13  1.52307e-13  9.035e-13  
1.35137e-17  7.65531e-13  3.0893e-13  1.28498e-16  6.91162e-13  5.60017e-13  1.01165e-13  2.43026e-12  1.25117e-12  3.08372e-12  
8.85299e-13  1.1246e-12  3.80869e-13  6.56825e-13  2.6108e-13  7.07709e-13  2.58143e-13  2.19092e-15  5.30287e-13  3.32555e-13  
5.58208e-14  2.89907e-12  3.25378e-12  9.29778e-12  6.36637e-13  3.48216e-20  5.33474e-15  
7.45033e-24  8.91602e-20  1.18049e-27  0  0.192558  2.85472e-24  5.34336e-35  0  0.018366  1.26519e-12  8.35606e-09  
1.74505e-17  1.47887e-10  3.6035e-08  9.70169e-33  1.62143e-26  0.000352029  4.21844e-09  1.95973e-06  5.57581e-22  3.2051e-22  
3.00682e-15  5.11326e-08  6.87291e-21  1.95555e-33  1.01789e-05  3.11834e-07  0.000123994  5.39825e-19  1.47236e-25  3.87412e-15  
2.79926e-06  4.1288e-15  1.51881e-31  5.13085e-06  1.96203e-08  5.52259e-07  7.13748e-20  3.53369e-22  5.39769e-08  2.24062e-27  
1.07184e-06  1.21884e-18  6.74978e-26  4.70926e-06  2.40122e-07  1.64706e-07  4.42001e-08  1.20195e-15  8.11e-17  1.95255e-06  
2.02538e-08  8.90082e-08  2.84263e-15  4.52824e-10  1.79818e-08  2.67883e-10  1.32432e-08  3.2605e-07  1.38732e-13  6.0892e-08  
1.27371e-10  1.02914e-10  1.5943e-08  3.94912e-10  2.98583e-09  2.66492e-07  1.20271e-09  1.94923e-09  3.82912e-10  5.76662e-09  
1.14623e-14  3.084e-11  1.00156e-18  5.20601e-10  2.34643e-10  1.01127e-15  7.6771e-19  5.57021e-26  9.32329e-10  7.63616e-10  
8.01843e-09  1.27791e-09  6.55713e-10  1.13645e-09  5.17309e-08  5.48613e-09  2.65127e-09  6.1618e-08  2.63764e-07  3.12606e-11  
4.48214e-06  1.6661e-07  2.92788e-08  2.26893e-14  4.19397e-13  1.64638e-08  1.88851e-11  1.43128e-07  4.02928e-09  5.69762e-08  
5.93686e-09  8.60131e-09  1.55494e-10  2.34927e-09  1.9221e-09  9.54027e-17  1.13212e-09  2.73802e-09  5.61427e-14  1.65751e-09  
2.86434e-10  1.1883e-09  5.22342e-19  3.61065e-11  1.32257e-10  8.88832e-20  7.23536e-11  1.30471e-10  1.62172e-16  1.46492e-10  
4.12295e-11  1.98433e-10  2.12729e-11  4.64362e-11  2.02378e-11  8.27893e-11  5.34126e-12  1.43701e-10  9.27124e-12  2.23994e-20  
2.37866e-11  1.43161e-11  3.32838e-12  4.50321e-11  2.09494e-11  1.48878e-10  3.62072e-13  3.13503e-19  4.37383e-11  2.11313e-11  
1.30397e-16  9.20941e-12  2.09996e-11  8.59424e-12  9.08069e-11  4.09454e-17  2.37742e-16  2.14911e-11  1.48171e-18  4.39799e-22  
2.49774e-11  5.51966e-12  8.45197e-12  6.25944e-13  7.9791e-12  1.97442e-17  1.31658e-12  2.00532e-12  3.51777e-13  1.85908e-17  
1.87273e-12  1.8564e-12  2.67423e-12  1.05703e-12  3.21695e-12  2.27115e-13  4.42174e-13  1.49277e-12  5.47139e-13  2.98864e-12  
7.8329e-13  1.67227e-12  6.12396e-13  2.24837e-12  3.50293e-13  1.76171e-12  3.74332e-13  9.04526e-23  7.45011e-13  6.91779e-13  
9.93411e-17  1.56888e-12  6.31821e-13  1.98032e-12  6.85566e-13  2.47087e-12  5.6985e-13  2.82381e-12  1.06213e-12  4.08813e-12  
1.37054e-12  5.68745e-12  5.83391e-13  7.89281e-13  2.63292e-13  1.09669e-12  8.34142e-13  4.29362e-12  1.96833e-12  1.18436e-20  
6.47334e-20  2.86425e-12  2.808e-12  5.32647e-12  3.46402e-12  8.62216e-12  3.76354e-18  2.32168e-12  1.31235e-12  4.00761e-17  
1.00324e-13  2.90574e-19  3.76805e-17  1.67818e-12  8.82017e-13  2.47024e-12  2.33966e-12  1.58092e-11  2.10079e-12  4.85823e-12  
2.2669e-18  5.66329e-13  7.1422e-13  1.22368e-12  3.60718e-13  1.02294e-12  2.44901e-13  8.33187e-13  1.00796e-18  1.65812e-13  
1.91749e-16  9.41506e-22  9.51879e-14  2.57911e-13  5.81306e-14  2.06304e-13  1.98226e-14  2.2547e-13  1.34515e-14  2.52549e-15  
8.45036e-14  3.56844e-18  6.71623e-17  6.79106e-15  2.32437e-18  1.85587e-13  8.81321e-14  3.76095e-13  1.81284e-13  6.04058e-13  
1.71542e-19  2.36042e-13  1.46792e-13  3.29079e-18  3.62522e-19  2.12546e-13  1.39185e-13  6.03469e-13  2.8612e-13  9.34958e-13  
2.07253e-13  4.62973e-13  1.91191e-13  5.82173e-13  2.50512e-18  1.15744e-13  1.39271e-13  3.80706e-17  3.2274e-17  1.99367e-13  
1.53462e-13  3.86349e-13  1.67364e-13  5.14394e-13  8.1329e-14  5.37834e-14  7.5086e-19  1.17739e-14  7.24228e-14  2.93781e-13  
9.76919e-14  3.56163e-13  3.06866e-18  4.00202e-16  7.54686e-14  2.42941e-18  3.61023e-22  1.96084e-13  9.31804e-14  2.08762e-13  
4.58649e-18  1.22999e-13  4.37256e-14  2.77817e-19  5.06678e-14  1.05031e-13  3.45379e-14  4.27861e-13  1.51727e-13  9.03325e-13  
4.62302e-18  7.64274e-13  3.07661e-13  4.26313e-17  7.03754e-13  5.60781e-13  8.64686e-14  2.43043e-12  1.24974e-12  3.08674e-12  
8.85583e-13  1.12684e-12  3.81123e-13  6.5728e-13  2.61076e-13  7.07878e-13  2.58188e-13  3.67957e-16  5.30114e-13  3.34437e-13  
5.59493e-14  2.89902e-12  3.25384e-12  9.29795e-12  6.36637e-13  1.21217e-20  5.3468e-15  
2.32783e-24  5.2495e-20  1.67338e-28  0  0.192195  2.85405e-24  2.34073e-36  0  0.0184842  6.89624e-13  8.3302e-09  
5.13118e-18  5.23831e-11  3.50201e-08  5.8871e-34  1.25194e-27  0.000353908  4.03497e-09  1.57526e-06  1.09074e-22  9.41214e-23  
2.82212e-16  5.21466e-08  1.77731e-21  3.79222e-35  1.01791e-05  3.11865e-07  0.000124378  1.39586e-19  3.92341e-26  1.18544e-15  
2.79929e-06  8.59133e-16  1.18878e-32  5.13085e-06  1.98368e-08  5.52376e-07  1.63948e-20  8.89785e-23  5.39168e-08  4.22563e-28  
1.07183e-06  3.11309e-19  1.64673e-26  4.70926e-06  2.40127e-07  1.64717e-07  4.42016e-08  2.23409e-16  1.42389e-17  1.95253e-06  
2.02612e-08  8.90086e-08  5.13176e-16  4.52891e-10  1.79813e-08  2.68383e-10  1.32519e-08  3.26041e-07  2.63974e-14  6.08929e-08  
1.23494e-10  1.02926e-10  1.59468e-08  3.95356e-10  2.98581e-09  2.66487e-07  1.20579e-09  1.94947e-09  3.8293e-10  5.76654e-09  
2.18146e-15  3.0866e-11  1.92886e-19  5.206e-10  2.34746e-10  1.93985e-16  1.45725e-19  2.09448e-27  9.32293e-10  7.63515e-10  
8.01773e-09  1.2787e-09  6.55791e-10  1.13629e-09  5.173e-08  5.48591e-09  2.65243e-09  6.16624e-08  2.63736e-07  6.17916e-12  
4.48205e-06  1.66692e-07  2.92996e-08  4.28264e-15  4.19391e-13  1.64636e-08  4.10043e-12  1.43113e-07  4.04198e-09  5.69889e-08  
5.94054e-09  8.60209e-09  1.42143e-10  2.34954e-09  1.93571e-09  1.99668e-17  1.13257e-09  2.73774e-09  1.13791e-14  1.65747e-09  
2.86471e-10  1.18835e-09  1.17858e-19  3.61045e-11  1.32281e-10  2.04836e-20  7.23601e-11  1.30492e-10  3.09191e-17  1.46488e-10  
4.12292e-11  1.98434e-10  2.12673e-11  4.6451e-11  2.02356e-11  8.27986e-11  5.35108e-12  1.43689e-10  9.2546e-12  5.22982e-21  
2.37824e-11  1.43199e-11  3.33425e-12  4.50491e-11  2.09437e-11  1.48881e-10  1.56884e-13  6.68807e-20  4.37382e-11  2.1335e-11  
2.52383e-17  9.20921e-12  2.1011e-11  8.5958e-12  9.08081e-11  7.8085e-18  1.71588e-16  2.14917e-11  3.23476e-19  5.70857e-23  
2.49774e-11  5.51982e-12  8.45213e-12  6.26696e-13  7.97862e-12  3.7285e-18  1.31654e-12  2.00368e-12  3.52784e-13  3.50677e-18  
1.87234e-12  1.85651e-12  2.67491e-12  1.05692e-12  3.21712e-12  2.27515e-13  4.41414e-13  1.49315e-12  5.46518e-13  2.9888e-12  
7.82597e-13  1.67292e-12  6.1182e-13  2.24869e-12  3.50613e-13  1.76197e-12  3.73583e-13  2.26858e-23  7.44843e-13  6.92152e-13  
2.38232e-17  1.56947e-12  6.31619e-13  1.98051e-12  6.85386e-13  2.47121e-12  5.69681e-13  2.82418e-12  1.06191e-12  4.08834e-12  
1.37045e-12  5.6877e-12  5.83148e-13  7.89448e-13  2.63357e-13  1.09681e-12  8.33541e-13  4.29368e-12  1.96581e-12  2.61617e-21  
1.25861e-21  2.86564e-12  2.80481e-12  5.32984e-12  3.46254e-12  8.624e-12  7.27229e-19  2.32155e-12  1.31206e-12  7.89954e-18  
1.00399e-13  5.60382e-20  2.75686e-17  1.67934e-12  8.81649e-13  2.471e-12  2.3396e-12  1.58095e-11  2.10077e-12  4.85828e-12  
4.31137e-19  5.66285e-13  7.14122e-13  1.22381e-12  3.60613e-13  1.02298e-12  2.44815e-13  8.33298e-13  1.91924e-19  1.65744e-13  
4.08684e-17  3.89349e-23  9.52676e-14  2.58017e-13  5.80538e-14  2.06379e-13  1.79171e-14  2.26269e-13  1.52393e-14  1.36853e-15  
8.42636e-14  7.23987e-19  6.60501e-18  7.13708e-15  4.95264e-19  1.85664e-13  8.80366e-14  3.76102e-13  1.8123e-13  6.04216e-13  
3.46747e-20  2.35925e-13  1.46693e-13  6.5997e-19  6.93746e-20  2.12686e-13  1.3901e-13  6.03517e-13  2.85978e-13  9.35269e-13  
2.07115e-13  4.62998e-13  1.91133e-13  5.82373e-13  4.75929e-19  1.1568e-13  1.3924e-13  7.24516e-18  7.40156e-18  1.99579e-13  
1.53446e-13  3.86512e-13  1.67371e-13  5.14541e-13  8.1273e-14  5.38159e-14  1.4498e-19  1.17522e-14  7.23772e-14  2.93841e-13  
9.76931e-14  3.56267e-13  5.77605e-19  3.96493e-16  7.54524e-14  4.84573e-19  6.59158e-23  1.96116e-13  9.3181e-14  2.08779e-13  
8.65718e-19  1.22938e-13  4.36898e-14  5.30452e-20  5.0581e-14  1.05075e-13  3.45329e-14  4.27823e-13  1.51465e-13  9.03247e-13  
8.7825e-19  7.63712e-13  3.07088e-13  8.09763e-18  7.17263e-13  5.61124e-13  7.20262e-14  2.43049e-12  1.2491e-12  3.08809e-12  
8.85704e-13  1.12785e-12  3.81237e-13  6.57487e-13  2.61075e-13  7.07957e-13  2.58207e-13  6.5306e-17  5.30036e-13  3.34767e-13  
5.60077e-14  2.899e-12  3.25387e-12  9.29804e-12  6.36636e-13  2.40244e-21  5.35229e-15  
1.11628e-24  3.76196e-20  3.56981e-29  0  0.192119  2.85389e-24  3.13375e-37  0  0.0185088  4.90068e-13  8.31847e-09  
2.0579e-18  4.81135e-11  3.48198e-08  6.75073e-35  3.62444e-28  0.000354439  3.99429e-09  1.5082e-06  4.19611e-23  3.8871e-23  
8.7901e-17  5.23458e-08  7.39029e-22  3.83483e-36  1.01792e-05  3.11871e-07  0.000124445  5.87017e-20  1.51321e-26  5.83655e-16  
2.79929e-06  3.04711e-16  2.14377e-33  5.13085e-06  1.98623e-08  5.52394e-07  6.08089e-21  3.20687e-23  5.39065e-08  1.20117e-28  
1.07183e-06  1.2895e-19  5.83698e-27  4.70927e-06  2.40128e-07  1.64719e-07  4.42019e-08  7.98687e-17  5.27795e-18  1.95253e-06  
2.02623e-08  8.90086e-08  2.68838e-16  4.52902e-10  1.79812e-08  2.68464e-10  1.32533e-08  3.2604e-07  1.10444e-14  6.08931e-08  
1.21043e-10  1.02928e-10  1.59493e-08  3.9543e-10  2.98585e-09  2.66486e-07  1.20626e-09  1.94951e-09  3.82933e-10  5.76652e-09  
1.34517e-15  3.08704e-11  6.69858e-20  5.206e-10  2.34763e-10  8.51009e-17  5.0999e-20  2.5915e-28  9.32289e-10  7.63498e-10  
8.0176e-09  1.27883e-09  6.55804e-10  1.13626e-09  5.17299e-08  5.48587e-09  2.65263e-09  6.1669e-08  2.63732e-07  2.74176e-12  
4.48203e-06  1.66705e-07  2.93031e-08  1.88907e-15  4.19389e-13  1.64637e-08  1.65651e-12  1.43111e-07  4.04384e-09  5.69909e-08  
5.94116e-09  8.60223e-09  1.34547e-10  2.34959e-09  1.94335e-09  7.06496e-18  1.13264e-09  2.7377e-09  7.25928e-15  1.65746e-09  
2.86477e-10  1.18837e-09  4.24506e-20  3.61042e-11  1.32285e-10  7.53362e-21  7.23611e-11  1.30495e-10  1.10987e-17  1.46487e-10  
4.12291e-11  1.98434e-10  2.12663e-11  4.64535e-11  2.02352e-11  8.28002e-11  5.35265e-12  1.43687e-10  9.25188e-12  1.95275e-21  
2.37818e-11  1.43206e-11  3.33519e-12  4.5052e-11  2.09427e-11  1.48881e-10  9.46886e-14  2.34149e-20  4.37382e-11  2.13969e-11  
9.55597e-18  9.20918e-12  2.10129e-11  8.59607e-12  9.08083e-11  3.58382e-18  1.41506e-16  2.14917e-11  1.34032e-19  2.261e-23  
2.49775e-11  5.51985e-12  8.45216e-12  6.26821e-13  7.97854e-12  1.82033e-18  1.31653e-12  2.0034e-12  3.52885e-13  1.78036e-18  
1.87234e-12  1.85653e-12  2.67502e-12  1.05691e-12  3.21715e-12  2.27578e-13  4.41292e-13  1.49321e-12  5.46415e-13  2.98883e-12  
7.82485e-13  1.67303e-12  6.11726e-13  2.24875e-12  3.50648e-13  1.76202e-12  3.73479e-13  9.26503e-24  7.44816e-13  6.92214e-13  
1.35554e-17  1.56957e-12  6.31587e-13  1.98054e-12  6.85358e-13  2.47127e-12  5.69654e-13  2.82424e-12  1.06188e-12  4.08838e-12  
1.37043e-12  5.68774e-12  5.83109e-13  7.89475e-13  2.63369e-13  1.09683e-12  8.3344e-13  4.29369e-12  1.96539e-12  9.26981e-22  
8.75858e-23  2.86587e-12  2.80428e-12  5.3304e-12  3.46229e-12  8.62431e-12  2.54865e-19  2.32153e-12  1.31201e-12  3.2013e-18  
1.00411e-13  2.04961e-20  2.29199e-17  1.67953e-12  8.81587e-13  2.47113e-12  2.33959e-12  1.58096e-11  2.10077e-12  4.85828e-12  
1.77515e-19  5.66278e-13  7.14104e-13  1.22384e-12  3.60595e-13  1.02299e-12  2.448e-13  8.33317e-13  6.8647e-20  1.65733e-13  
1.83983e-17  6.18009e-24  9.52778e-14  2.58035e-13  5.80404e-14  2.06392e-13  1.68532e-14  2.26578e-13  1.6282e-14  9.34723e-16  
8.42204e-14  2.50097e-19  1.64997e-18  7.26375e-15  3.22297e-19  1.85677e-13  8.80157e-14  3.76103e-13  1.8122e-13  6.04243e-13  
1.205e-20  2.35905e-13  1.46676e-13  2.26191e-19  2.43533e-20  2.12709e-13  1.3898e-13  6.03526e-13  2.85953e-13  9.35323e-13  
2.07091e-13  4.63003e-13  1.91122e-13  5.82408e-13  1.6829e-19  1.1567e-13  1.39234e-13  4.28842e-18  3.67683e-18  1.99613e-13  
1.53442e-13  3.8654e-13  1.67372e-13  5.14566e-13  8.12633e-14  5.38213e-14  5.11794e-20  1.17486e-14  7.23696e-14  2.93851e-13  
9.76929e-14  3.56285e-13  2.51279e-19  3.94535e-16  7.54492e-14  2.11296e-19  2.26791e-23  1.96123e-13  9.31809e-14  2.08783e-13  
4.42739e-19  1.22928e-13  4.3684e-14  1.82585e-20  5.05665e-14  1.05082e-13  3.45319e-14  4.27816e-13  1.5142e-13  9.03235e-13  
3.22369e-19  7.63619e-13  3.0699e-13  4.13594e-18  7.24627e-13  5.6118e-13  6.45071e-14  2.43049e-12  1.24899e-12  3.08831e-12  
8.85721e-13  1.12802e-12  3.81257e-13  6.57521e-13  2.61074e-13  7.0797e-13  2.5821e-13  2.52716e-17  5.30024e-13  3.34812e-13  
5.60176e-14  2.899e-12  3.25387e-12  9.29805e-12  6.36636e-13  8.59515e-22  5.35322e-15  
7.79958e-25  3.8147e-20  7.18194e-30  0  0.19209  2.85382e-24  2.39767e-38  0  0.0185183  3.11252e-13  8.30756e-09  
1.22203e-18  5.26744e-11  3.47457e-08  1.1922e-35  1.91125e-28  0.000354721  3.97751e-09  1.48515e-06  2.47253e-23  2.44164e-23  
4.26841e-17  5.24194e-08  4.54052e-22  7.39535e-37  1.01792e-05  3.11874e-07  0.000124468  3.65528e-20  8.98367e-27  1.9111e-16  
2.79929e-06  1.40739e-16  3.91906e-34  5.13085e-06  1.98676e-08  5.524e-07  3.30388e-21  1.75991e-23  5.39027e-08  5.33648e-29  
1.07183e-06  7.89751e-20  3.1754e-27  4.70927e-06  2.40128e-07  1.6472e-07  4.4202e-08  3.20127e-17  1.86812e-18  1.95253e-06  
2.02627e-08  8.90086e-08  7.08958e-17  4.52906e-10  1.79811e-08  2.68488e-10  1.32538e-08  3.2604e-07  3.94866e-15  6.08931e-08  
1.18381e-10  1.02928e-10  1.5952e-08  3.95455e-10  2.98591e-09  2.66486e-07  1.20637e-09  1.94952e-09  3.82934e-10  5.76652e-09  
3.24887e-16  3.08719e-11  2.90043e-20  5.206e-10  2.34769e-10  2.93491e-17  2.16801e-20  4.87817e-29  9.32287e-10  7.63491e-10  
8.01757e-09  1.27888e-09  6.55808e-10  1.13625e-09  5.17298e-08  5.48585e-09  2.6527e-09  6.1672e-08  2.6373e-07  8.86381e-13  
4.48203e-06  1.66709e-07  2.93043e-08  6.31757e-16  4.19388e-13  1.6464e-08  6.05103e-13  1.4311e-07  4.04423e-09  5.69918e-08  
5.94137e-09  8.60227e-09  1.26704e-10  2.3496e-09  1.95121e-09  3.26475e-18  1.13266e-09  2.73768e-09  1.76396e-15  1.65745e-09  
2.86479e-10  1.18837e-09  2.07334e-20  3.61041e-11  1.32287e-10  3.93894e-21  7.23614e-11  1.30496e-10  4.64035e-18  1.46487e-10  
4.12291e-11  1.98434e-10  2.1266e-11  4.64543e-11  2.02351e-11  8.28007e-11  5.35311e-12  1.43686e-10  9.25105e-12  1.04532e-21  
2.37816e-11  1.43208e-11  3.33546e-12  4.5053e-11  2.09423e-11  1.48881e-10  5.45685e-14  1.08846e-20  4.37382e-11  2.1437e-11  
3.84349e-18  9.20917e-12  2.10136e-11  8.59615e-12  9.08084e-11  1.16861e-18  1.1489e-16  2.14918e-11  7.27446e-20  5.71187e-24  
2.49775e-11  5.51985e-12  8.45217e-12  6.26862e-13  7.97852e-12  5.51299e-19  1.31653e-12  2.00331e-12  3.52848e-13  5.16047e-19  
1.87241e-12  1.85653e-12  2.67506e-12  1.0569e-12  3.21716e-12  2.27595e-13  4.41255e-13  1.49323e-12  5.46381e-13  2.98884e-12  
7.82448e-13  1.67306e-12  6.11696e-13  2.24876e-12  3.50639e-13  1.76203e-12  3.73467e-13  5.60223e-24  7.44814e-13  6.92233e-13  
3.59707e-18  1.5696e-12  6.31577e-13  1.98055e-12  6.85348e-13  2.47128e-12  5.69645e-13  2.82426e-12  1.06186e-12  4.08839e-12  
1.37043e-12  5.68776e-12  5.83096e-13  7.89483e-13  2.63373e-13  1.09684e-12  8.33406e-13  4.2937e-12  1.96524e-12  4.56787e-22  
3.39001e-24  2.86595e-12  2.8041e-12  5.33059e-12  3.46221e-12  8.62442e-12  1.10887e-19  2.32152e-12  1.31199e-12  8.92241e-19  
1.00413e-13  8.56836e-21  1.87719e-17  1.6796e-12  8.81566e-13  2.47118e-12  2.33959e-12  1.58096e-11  2.10077e-12  4.85829e-12  
6.44484e-20  5.66276e-13  7.14099e-13  1.22384e-12  3.60589e-13  1.02299e-12  2.44795e-13  8.33324e-13  2.87531e-20  1.65729e-13  
5.80968e-18  8.52007e-25  9.52861e-14  2.58041e-13  5.80356e-14  2.06397e-13  1.57638e-14  2.26812e-13  1.73639e-14  6.09759e-16  
8.42057e-14  8.23652e-20  3.71622e-19  7.35661e-15  7.94626e-20  1.85681e-13  8.80083e-14  3.76104e-13  1.81216e-13  6.04253e-13  
5.42881e-21  2.35899e-13  1.46671e-13  7.77819e-20  1.04577e-20  2.12717e-13  1.38969e-13  6.0353e-13  2.85944e-13  9.35341e-13  
2.07083e-13  4.63005e-13  1.91118e-13  5.8242e-13  7.09364e-20  1.15666e-13  1.39231e-13  1.08948e-18  1.08234e-18  1.99627e-13  
1.53442e-13  3.86549e-13  1.67372e-13  5.14574e-13  8.12599e-14  5.38231e-14  2.21554e-20  1.17474e-14  7.23671e-14  2.93854e-13  
9.76928e-14  3.56291e-13  8.48761e-20  3.92485e-16  7.54481e-14  9.80695e-20  9.73321e-24  1.96127e-13  9.31808e-14  2.08784e-13  
1.28181e-19  1.22924e-13  4.36823e-14  7.90841e-21  5.05617e-14  1.05084e-13  3.45315e-14  4.27814e-13  1.51405e-13  9.03231e-13  
1.31223e-19  7.63588e-13  3.06957e-13  1.21359e-18  7.31878e-13  5.61202e-13  5.72027e-14  2.4305e-12  1.24896e-12  3.08839e-12  
8.85726e-13  1.12808e-12  3.81263e-13  6.57533e-13  2.61074e-13  7.07975e-13  2.5821e-13  8.42268e-18  5.30019e-13  3.3483e-13  
5.60209e-14  2.899e-12  3.25388e-12  9.29806e-12  6.36636e-13  3.82396e-22  5.35355e-15  
  5 1.30998e+09 1.30999e+09 1.74997 0.57949 158540 286.8 0.028843
1.29989e-26  2.17431e-21  3.14291e-28  0  0.181804  2.84185e-24  2.47211e-38  0  0.0216772  9.66113e-14  2.76495e-15  
5.49549e-19  6.31664e-09  3.20206e-08  1.31751e-36  2.91454e-27  0.00055681  3.16881e-09  1.24873e-06  6.37483e-24  1.17256e-23  
6.77294e-16  5.50095e-08  1.53972e-22  1.67049e-36  1.01799e-05  3.12024e-07  0.000124706  1.30217e-20  2.18258e-27  1.53796e-17  
2.79935e-06  3.38327e-17  5.28567e-36  5.13089e-06  1.9895e-08  5.60307e-07  1.09608e-21  2.68958e-24  4.61191e-08  4.09077e-30  
1.0718e-06  2.86001e-20  4.20873e-28  4.70929e-06  2.40128e-07  1.64746e-07  4.42085e-08  5.88025e-18  2.9558e-19  1.9525e-06  
2.02694e-08  8.90095e-08  1.2752e-17  4.54607e-10  1.79796e-08  1.87657e-10  1.32762e-08  3.26098e-07  8.19382e-16  6.08949e-08  
2.38943e-14  1.02954e-10  1.60705e-08  3.96518e-10  3.7841e-09  2.66473e-07  4.16755e-10  1.9502e-09  3.82951e-10  5.76638e-09  
5.86955e-17  3.09425e-11  5.74432e-21  5.20597e-10  2.34968e-10  6.2263e-18  4.24658e-21  2.18346e-30  9.32225e-10  7.63183e-10  
8.01585e-09  1.28083e-09  6.56012e-10  1.13576e-09  5.17282e-08  5.48417e-09  2.65638e-09  6.17256e-08  2.63651e-07  7.60942e-14  
4.48186e-06  1.66853e-07  2.9359e-08  1.29757e-16  4.02153e-13  1.95652e-08  1.11148e-14  1.43079e-07  9.68995e-10  5.69867e-08  
5.95078e-09  8.60416e-09  2.74254e-14  2.35039e-09  2.07897e-09  8.16141e-19  1.13368e-09  2.73704e-09  3.08451e-16  1.65734e-09  
2.8658e-10  1.18851e-09  7.62353e-21  3.60989e-11  1.32379e-10  1.48696e-21  7.2373e-11  1.30549e-10  9.47601e-19  1.46481e-10  
4.12244e-11  1.98439e-10  2.12493e-11  4.64973e-11  2.02292e-11  8.28233e-11  3.71245e-12  1.43654e-10  1.08727e-11  4.69255e-22  
2.50421e-11  1.43304e-11  2.08096e-12  4.51009e-11  2.09195e-11  1.48893e-10  6.34347e-17  2.76613e-21  4.37379e-11  2.14853e-11  
8.07282e-19  9.2085e-12  2.10438e-11  8.60029e-12  9.0812e-11  2.41009e-19  4.16475e-25  2.14929e-11  9.44806e-21  1.45403e-27  
2.49778e-11  5.51995e-12  8.45263e-12  5.85531e-13  7.97735e-12  1.12939e-19  1.3164e-12  2.04227e-12  1.99983e-15  6.17469e-20  
2.22557e-12  1.8562e-12  2.67665e-12  1.05681e-12  3.21758e-12  1.3633e-13  5.31833e-13  1.49401e-12  5.44887e-13  2.98908e-12  
7.81109e-13  1.67436e-12  6.10505e-13  2.24927e-12  2.76979e-13  1.76208e-12  4.46603e-13  2.33781e-24  7.44562e-13  6.93253e-13  
4.97643e-19  1.57073e-12  6.31266e-13  1.98081e-12  6.85048e-13  2.47202e-12  5.69345e-13  2.8251e-12  1.06141e-12  4.08871e-12  
1.37032e-12  5.68831e-12  5.82658e-13  7.89778e-13  2.63577e-13  1.09713e-12  8.31926e-13  4.29374e-12  1.95883e-12  1.56601e-22  
2.82201e-27  2.8695e-12  2.79624e-12  5.33894e-12  3.45804e-12  8.62947e-12  2.3045e-20  2.32118e-12  1.31121e-12  3.81203e-19  
9.57829e-14  1.73157e-21  1.5598e-26  1.68264e-12  8.85306e-13  2.47318e-12  2.33944e-12  1.58104e-11  2.10074e-12  4.85842e-12  
1.33026e-20  5.66163e-13  7.1379e-13  1.22422e-12  3.60268e-13  1.02314e-12  2.44526e-13  8.33689e-13  5.85852e-21  1.65552e-13  
4.75659e-19  1.54895e-26  9.50577e-14  2.58343e-13  5.77631e-14  2.06662e-13  6.35963e-18  2.27282e-13  3.26102e-14  4.15224e-18  
8.34966e-14  4.15231e-20  1.83767e-24  7.78102e-15  1.49769e-20  1.85837e-13  8.76359e-14  3.76156e-13  1.80949e-13  6.04763e-13  
1.18183e-21  2.35603e-13  1.46404e-13  3.2669e-20  2.14204e-21  2.1309e-13  1.38437e-13  6.03764e-13  2.85462e-13  9.36232e-13  
2.0669e-13  4.6311e-13  1.90826e-13  5.83114e-13  1.42754e-20  1.15496e-13  1.39072e-13  2.14098e-19  1.19392e-19  2.00147e-13  
1.53324e-13  3.86971e-13  1.67331e-13  5.14989e-13  8.1081e-14  5.39013e-14  4.66318e-21  1.16943e-14  7.22608e-14  2.9403e-13  
9.7661e-14  3.56595e-13  1.71706e-20  3.17521e-17  7.53604e-14  1.52489e-20  1.60687e-25  1.96591e-13  9.3164e-14  2.08829e-13  
2.66385e-20  1.22767e-13  4.36245e-14  1.57786e-21  5.03457e-14  1.05164e-13  3.45034e-14  4.27733e-13  1.50664e-13  9.03111e-13  
2.68828e-20  7.6222e-13  3.05319e-13  2.53014e-19  7.8657e-13  5.62161e-13  1.70225e-17  2.43072e-12  1.24738e-12  3.09171e-12  
8.85722e-13  1.13089e-12  3.81576e-13  6.5813e-13  2.61055e-13  7.08211e-13  2.58214e-13  4.02199e-19  5.30178e-13  3.34924e-13  
5.58343e-14  2.89896e-12  3.25397e-12  9.29825e-12  6.36625e-13  8.62254e-23  5.3704e-15  
1.88256e-26  2.62102e-21  6.33143e-28  0  0.181856  2.84229e-24  7.60343e-38  0  0.0216635  1.13087e-13  3.03408e-15  
8.02632e-19  6.40131e-09  3.20994e-08  2.90769e-36  4.68729e-27  0.000554292  3.22989e-09  1.27607e-06  9.13405e-24  1.63412e-23  
1.3076e-15  5.49233e-08  2.1417e-22  4.56261e-36  1.01799e-05  3.12013e-07  0.000124679  1.79191e-20  3.12666e-27  2.57005e-17  
2.79935e-06  5.44615e-17  1.3441e-35  5.13089e-06  1.98901e-08  5.60305e-07  1.63718e-21  4.14844e-24  4.61257e-08  6.79386e-30  
1.0718e-06  3.98081e-20  6.44687e-28  4.70928e-06  2.40128e-07  1.64745e-07  4.4208e-08  9.77829e-18  4.98071e-19  1.9525e-06  
2.02691e-08  8.90095e-08  2.10953e-17  4.54599e-10  1.79797e-08  1.87585e-10  1.32749e-08  3.26099e-07  1.33643e-15  6.08948e-08  
3.03652e-14  1.02952e-10  1.60704e-08  3.96454e-10  3.78389e-09  2.66474e-07  4.16458e-10  1.95016e-09  3.82951e-10  5.76638e-09  
9.67017e-17  3.09384e-11  9.47018e-21  5.20597e-10  2.34956e-10  1.0125e-17  7.00369e-21  5.69457e-30  9.32229e-10  7.63201e-10  
8.01595e-09  1.28072e-09  6.56e-10  1.13579e-09  5.17283e-08  5.48428e-09  2.65616e-09  6.17224e-08  2.63655e-07  1.2567e-13  
4.48187e-06  1.66845e-07  2.93558e-08  2.11782e-16  4.02149e-13  1.95644e-08  1.81541e-14  1.4308e-07  9.68282e-10  5.69871e-08  
5.95024e-09  8.60406e-09  3.72482e-14  2.35035e-09  2.0789e-09  1.32077e-18  1.13362e-09  2.73708e-09  5.06114e-16  1.65734e-09  
2.86573e-10  1.1885e-09  1.18456e-20  3.60992e-11  1.32373e-10  2.25756e-21  7.23723e-11  1.30546e-10  1.55121e-18  1.46481e-10  
4.12247e-11  1.98438e-10  2.12503e-11  4.64947e-11  2.02296e-11  8.2822e-11  3.71109e-12  1.43656e-10  1.08752e-11  7.06264e-22  
2.50427e-11  1.43299e-11  2.08001e-12  4.50981e-11  2.09209e-11  1.48892e-10  1.0152e-16  4.47339e-21  4.37379e-11  2.14856e-11  
1.31638e-18  9.20853e-12  2.10421e-11  8.60006e-12  9.08118e-11  3.9356e-19  9.57253e-25  2.14928e-11  1.53716e-20  3.51859e-27  
2.49778e-11  5.51995e-12  8.4526e-12  5.85405e-13  7.97742e-12  1.84181e-19  1.31641e-12  2.04253e-12  1.9935e-15  1.00549e-19  
2.22543e-12  1.85622e-12  2.67655e-12  1.05681e-12  3.21756e-12  1.36269e-13  5.31933e-13  1.49396e-12  5.44977e-13  2.98907e-12  
7.81187e-13  1.67429e-12  6.10576e-13  2.24924e-12  2.82944e-13  1.76207e-12  4.40671e-13  3.23113e-24  7.44576e-13  6.93196e-13  
8.24861e-19  1.57067e-12  6.31283e-13  1.9808e-12  6.85064e-13  2.47197e-12  5.69362e-13  2.82505e-12  1.06144e-12  4.08869e-12  
1.37033e-12  5.68828e-12  5.82683e-13  7.89762e-13  2.63565e-13  1.09711e-12  8.32014e-13  4.29374e-12  1.95921e-12  2.41557e-22  
8.58675e-27  2.86929e-12  2.79671e-12  5.33845e-12  3.45829e-12  8.62916e-12  3.76734e-20  2.3212e-12  1.31126e-12  6.02788e-19  
9.57734e-14  2.82013e-21  4.85451e-26  1.68246e-12  8.85369e-13  2.47306e-12  2.33945e-12  1.58104e-11  2.10074e-12  4.85842e-12  
2.17213e-20  5.6617e-13  7.13808e-13  1.2242e-12  3.60287e-13  1.02313e-12  2.44542e-13  8.33667e-13  9.59238e-21  1.65562e-13  
7.92969e-19  4.12444e-26  9.50718e-14  2.58325e-13  5.77804e-14  2.06645e-13  8.85283e-18  2.27278e-13  3.26364e-14  6.58878e-18  
8.35399e-14  6.46608e-20  5.34897e-24  7.76739e-15  2.44692e-20  1.85825e-13  8.76593e-14  3.76152e-13  1.80965e-13  6.04733e-13  
1.92861e-21  2.35621e-13  1.4642e-13  5.16872e-20  3.50478e-21  2.13067e-13  1.3847e-13  6.03748e-13  2.85491e-13  9.36178e-13  
2.06714e-13  4.63104e-13  1.90844e-13  5.83072e-13  2.34183e-20  1.15506e-13  1.39082e-13  3.49639e-19  1.98277e-19  2.00116e-13  
1.53332e-13  3.86946e-13  1.67334e-13  5.14965e-13  8.10921e-14  5.38963e-14  7.60645e-21  1.16975e-14  7.22672e-14  2.94019e-13  
9.7663e-14  3.56576e-13  2.80795e-20  6.00604e-17  7.53659e-14  2.51034e-20  4.97644e-25  1.96556e-13  9.31651e-14  2.08827e-13  
4.33198e-20  1.22776e-13  4.36278e-14  2.59192e-21  5.03588e-14  1.05159e-13  3.45052e-14  4.27738e-13  1.50709e-13  9.03118e-13  
4.39677e-20  7.623e-13  3.05419e-13  4.11253e-19  7.86718e-13  5.62101e-13  2.48964e-17  2.4307e-12  1.24747e-12  3.09151e-12  
8.85725e-13  1.13073e-12  3.81557e-13  6.58095e-13  2.61056e-13  7.08197e-13  2.58214e-13  6.59783e-19  5.3019e-13  3.34919e-13  
5.58243e-14  2.89896e-12  3.25396e-12  9.29823e-12  6.36626e-13  1.39442e-22  5.36939e-15  
4.38594e-26  4.22697e-21  1.77148e-27  0  0.182018  2.84297e-24  5.34825e-37  0  0.0216174  1.66621e-13  3.66615e-15  
2.0279e-18  6.44182e-09  3.23171e-08  1.89561e-35  1.42303e-26  0.000548326  3.3158e-09  1.34136e-06  2.17229e-23  3.7089e-23  
5.56064e-15  5.47008e-08  4.80341e-22  4.46236e-35  1.01798e-05  3.11999e-07  0.000124614  3.93795e-20  7.49224e-27  6.22327e-17  
2.79934e-06  1.6115e-16  8.91826e-35  5.13088e-06  1.98638e-08  5.60291e-07  4.31896e-21  1.14805e-23  4.61388e-08  2.26373e-29  
1.0718e-06  8.98961e-20  1.76709e-27  4.70928e-06  2.40127e-07  1.64742e-07  4.42074e-08  3.07995e-17  1.61828e-18  1.95251e-06  
2.02679e-08  8.90093e-08  6.46701e-17  4.54582e-10  1.79799e-08  1.8747e-10  1.32725e-08  3.26102e-07  4.02868e-15  6.08945e-08  
4.23703e-14  1.02949e-10  1.60704e-08  3.96335e-10  3.78341e-09  2.66476e-07  4.1606e-10  1.95008e-09  3.82948e-10  5.7664e-09  
2.828e-16  3.09309e-11  2.93203e-20  5.20597e-10  2.34933e-10  3.02711e-17  2.16802e-20  5.31576e-29  9.32237e-10  7.63232e-10  
8.01613e-09  1.28051e-09  6.55979e-10  1.13584e-09  5.17285e-08  5.48442e-09  2.65579e-09  6.17167e-08  2.63664e-07  2.95104e-13  
4.48189e-06  1.66827e-07  2.935e-08  6.38242e-16  4.02146e-13  1.95625e-08  3.89952e-14  1.43084e-07  9.67308e-10  5.69877e-08  
5.94923e-09  8.60385e-09  5.55126e-14  2.35026e-09  2.07878e-09  3.95132e-18  1.13351e-09  2.73715e-09  1.41174e-15  1.65736e-09  
2.86563e-10  1.18849e-09  3.33936e-20  3.60998e-11  1.32364e-10  6.13482e-21  7.23709e-11  1.3054e-10  4.73195e-18  1.46482e-10  
4.12251e-11  1.98438e-10  2.1252e-11  4.64903e-11  2.02302e-11  8.28194e-11  3.70893e-12  1.4366e-10  1.08793e-11  1.88587e-21  
2.50435e-11  1.43288e-11  2.07863e-12  4.5093e-11  2.09231e-11  1.48891e-10  1.98779e-16  1.34425e-20  4.37379e-11  2.14861e-11  
3.97639e-18  9.2086e-12  2.10389e-11  8.59962e-12  9.08113e-11  1.18363e-18  2.61131e-24  2.14927e-11  4.63546e-20  2.79574e-26  
2.49778e-11  5.51992e-12  8.45256e-12  5.85193e-13  7.97754e-12  5.51128e-19  1.31642e-12  2.043e-12  2.00199e-15  2.97294e-19  
2.2252e-12  1.85623e-12  2.67638e-12  1.05683e-12  3.21751e-12  1.36181e-13  5.32103e-13  1.49387e-12  5.45142e-13  2.98903e-12  
7.81345e-13  1.67413e-12  6.10715e-13  2.24917e-12  2.89773e-13  1.76204e-12  4.33921e-13  7.29863e-24  7.44616e-13  6.93093e-13  
2.15856e-18  1.57053e-12  6.31324e-13  1.98076e-12  6.85101e-13  2.47189e-12  5.69399e-13  2.82496e-12  1.06149e-12  4.08865e-12  
1.37034e-12  5.68822e-12  5.82735e-13  7.89725e-13  2.63544e-13  1.09708e-12  8.32175e-13  4.29373e-12  1.9599e-12  6.79114e-22  
5.63112e-26  2.8689e-12  2.79756e-12  5.33754e-12  3.45873e-12  8.62864e-12  1.14681e-19  2.32124e-12  1.31134e-12  1.61671e-18  
9.57574e-14  8.5042e-21  1.55561e-25  1.68214e-12  8.85478e-13  2.47285e-12  2.33947e-12  1.58103e-11  2.10074e-12  4.8584e-12  
6.56455e-20  5.66182e-13  7.13839e-13  1.22416e-12  3.6032e-13  1.02312e-12  2.44569e-13  8.3363e-13  2.92813e-20  1.65581e-13  
1.89481e-18  2.97277e-25  9.50944e-14  2.58293e-13  5.78078e-14  2.06619e-13  1.3637e-17  2.27275e-13  3.26769e-14  1.25302e-17  
8.36137e-14  1.68667e-19  2.35086e-23  7.74802e-15  6.79139e-20  1.85805e-13  8.77017e-14  3.76146e-13  1.8099e-13  6.04681e-13  
5.86731e-21  2.35652e-13  1.46449e-13  1.40877e-19  1.06936e-20  2.13027e-13  1.38526e-13  6.03726e-13  2.85539e-13  9.36086e-13  
2.06756e-13  4.63093e-13  1.90871e-13  5.83003e-13  7.18058e-20  1.15524e-13  1.39097e-13  1.0214e-18  4.91864e-19  2.00062e-13  
1.53344e-13  3.869e-13  1.67336e-13  5.14922e-13  8.11104e-14  5.38873e-14  2.30443e-20  1.17033e-14  7.22792e-14  2.94001e-13  
9.76651e-14  3.56545e-13  8.50462e-20  1.00676e-16  7.5374e-14  7.41611e-20  2.4327e-24  1.96506e-13  9.31662e-14  2.08822e-13  
1.28366e-19  1.22793e-13  4.36355e-14  7.98621e-21  5.03824e-14  1.0515e-13  3.45077e-14  4.27747e-13  1.50787e-13  9.03132e-13  
1.33774e-19  7.6245e-13  3.05592e-13  1.21758e-18  7.86974e-13  5.62e-13  4.07324e-17  2.43067e-12  1.24764e-12  3.09115e-12  
8.85716e-13  1.13043e-12  3.81524e-13  6.58032e-13  2.61058e-13  7.08173e-13  2.58212e-13  1.47177e-18  5.30211e-13  3.34909e-13  
5.58069e-14  2.89896e-12  3.25395e-12  9.29822e-12  6.36626e-13  4.14425e-22  5.36768e-15  
2.84527e-21  1.62815e-14  1.62368e-22  1.01495e-30  0.191639  3.2942e-24  1.76826e-27  0  0.0185374  6.84463e-08  1.89739e-09  
8.27001e-14  1.95818e-05  2.87417e-08  4.01635e-26  1.36178e-18  0.000462876  4.38908e-09  1.3634e-06  1.45732e-18  1.84005e-18  
1.22465e-10  4.60008e-08  2.48302e-17  7.12016e-26  1.01334e-05  2.63088e-07  0.000105027  1.89072e-15  4.83904e-22  1.75956e-13  
2.81722e-06  6.81217e-12  2.35855e-26  5.18287e-06  1.7991e-08  4.77008e-07  2.28614e-16  1.03786e-18  6.23702e-08  4.03906e-24  
1.13649e-06  4.55618e-15  1.70052e-22  4.71419e-06  2.39924e-07  1.64053e-07  4.40001e-08  1.24497e-12  6.59649e-14  1.95347e-06  
1.98385e-08  8.89744e-08  1.49657e-12  4.50456e-10  1.80371e-08  1.86354e-10  1.24308e-08  3.26789e-07  1.16812e-10  6.08589e-08  
2.84059e-11  1.02493e-10  1.6036e-08  3.57219e-10  3.36047e-09  2.66851e-07  5.59118e-10  1.9389e-09  3.82634e-10  5.77108e-09  
4.41033e-12  2.87491e-11  1.27887e-15  5.20701e-10  2.23398e-10  8.35269e-13  1.38442e-15  1.62102e-19  9.34487e-10  7.73557e-10  
8.06782e-09  1.21856e-09  6.51595e-10  1.15278e-09  5.1784e-08  5.5338e-09  2.53718e-09  5.85731e-08  2.66286e-07  1.26961e-09  
4.48854e-06  1.60812e-07  2.80175e-08  1.83248e-11  4.00202e-13  1.80747e-08  1.08922e-10  1.44148e-07  1.49874e-09  5.71327e-08  
5.61392e-09  8.58506e-09  4.15503e-11  2.32537e-09  2.00374e-09  1.6704e-13  1.08294e-09  2.75987e-09  1.59798e-11  1.66225e-09  
2.82839e-10  1.18453e-09  1.43999e-15  3.62702e-11  1.29336e-10  2.90153e-16  7.1878e-11  1.28897e-10  1.8396e-13  1.46844e-10  
4.13071e-11  1.98323e-10  2.20569e-11  4.46445e-11  2.06639e-11  8.19831e-11  3.70229e-12  1.44809e-10  1.20625e-11  8.47874e-17  
2.46694e-11  1.33769e-11  2.15811e-12  4.35493e-11  2.18678e-11  1.48428e-10  3.89722e-13  6.006e-16  4.37397e-11  2.12734e-11  
1.36438e-13  9.22808e-12  1.98715e-11  8.5288e-12  9.07086e-11  3.15391e-14  9.3297e-17  2.14339e-11  1.95556e-15  3.12942e-17  
2.49711e-11  5.51307e-12  8.43969e-12  5.34757e-13  8.02308e-12  1.34126e-14  1.3206e-12  2.20765e-12  8.62248e-14  6.65266e-15  
2.02397e-12  1.84315e-12  2.61608e-12  1.07392e-12  3.19881e-12  1.45327e-13  5.66653e-13  1.44033e-12  6.42891e-13  2.9404e-12  
8.79634e-13  1.55994e-12  7.04036e-13  2.19057e-12  2.77781e-13  1.75356e-12  4.99043e-13  3.55967e-19  7.71789e-13  6.20651e-13  
1.46712e-14  1.49854e-12  6.6846e-13  1.95754e-12  7.09434e-13  2.43213e-12  5.94854e-13  2.7845e-12  1.0864e-12  4.06914e-12  
1.37805e-12  5.66733e-12  6.10954e-13  7.61228e-13  2.55925e-13  1.09179e-12  9.09377e-13  4.26462e-12  2.30674e-12  3.20443e-17  
1.41414e-17  2.59242e-12  3.24118e-12  4.85975e-12  3.67485e-12  8.41212e-12  4.79115e-15  2.33223e-12  1.35342e-12  2.99915e-14  
8.82701e-14  3.29011e-16  1.02817e-17  1.52933e-12  9.46531e-13  2.3934e-12  2.35015e-12  1.57828e-11  2.1022e-12  4.85339e-12  
2.03209e-15  5.69949e-13  7.23242e-13  1.21037e-12  3.73733e-13  1.01556e-12  2.56381e-13  8.18083e-13  1.13936e-15  1.72285e-13  
7.16568e-15  4.85594e-17  9.66915e-14  2.45747e-13  6.94683e-14  1.94979e-13  8.49184e-15  2.36086e-13  4.1189e-14  7.11488e-15  
9.90956e-14  3.5467e-15  1.6961e-15  7.65155e-15  4.99981e-16  1.64019e-13  1.00458e-13  3.71125e-13  1.87455e-13  5.82323e-13  
2.61857e-16  2.47623e-13  1.62941e-13  3.57049e-15  5.69208e-16  1.91554e-13  1.61418e-13  5.92513e-13  3.06137e-13  8.93492e-13  
2.30852e-13  4.56652e-13  1.98574e-13  5.54817e-13  2.88241e-15  1.22053e-13  1.41238e-13  1.49355e-14  5.54614e-15  1.67542e-13  
1.49479e-13  3.75027e-13  1.70642e-13  5.02138e-13  9.12e-14  4.90403e-14  9.33088e-16  1.46805e-14  7.82681e-14  2.83257e-13  
9.76343e-14  3.46736e-13  2.45178e-15  1.78242e-16  7.67525e-14  2.0781e-15  1.93987e-17  1.91583e-13  9.29254e-14  2.07709e-13  
2.78754e-15  1.28994e-13  4.66844e-14  3.25117e-16  6.2948e-14  9.84621e-14  3.54085e-14  4.26881e-13  1.91093e-13  8.94751e-13  
4.80574e-15  8.19777e-13  3.88755e-13  2.36949e-14  8.71368e-13  4.80491e-13  3.39204e-14  2.36917e-12  1.33048e-12  2.91663e-12  
8.89843e-13  1.04166e-12  3.82701e-13  6.42913e-13  2.63501e-13  7.00633e-13  2.57307e-13  4.90461e-15  5.36317e-13  3.28055e-13  
5.02005e-14  2.90056e-12  3.25115e-12  9.29213e-12  6.36895e-13  1.63704e-17  4.81584e-15  
1.0527e-21  2.0753e-15  6.62424e-24  2.37804e-31  0.193177  3.13047e-24  6.63446e-28  0  0.0180605  3.22831e-08  1.16788e-08  
1.70239e-14  1.67492e-05  3.94067e-08  1.73214e-27  1.17702e-18  0.00043669  8.40124e-09  9.59023e-06  2.52336e-18  3.22568e-19  
4.43012e-09  4.39002e-08  5.18133e-18  6.39602e-25  1.0133e-05  2.47019e-07  9.96216e-05  3.96718e-16  1.07697e-22  4.3539e-13  
2.73322e-06  4.02297e-12  1.29713e-26  5.23227e-06  2.11219e-08  4.52873e-07  7.34121e-17  2.56897e-19  6.1142e-08  2.03088e-24  
1.17575e-06  1.31648e-15  4.88814e-23  4.71817e-06  2.40497e-07  1.65396e-07  4.41467e-08  1.90482e-12  1.13484e-13  1.95175e-06  
2.06116e-08  8.90605e-08  2.38292e-12  4.57435e-10  1.79949e-08  2.55157e-10  1.3238e-08  3.25864e-07  1.5701e-10  6.09389e-08  
1.13153e-10  1.03924e-10  1.59513e-08  4.0282e-10  3.19823e-09  2.66342e-07  1.06922e-09  1.96846e-09  3.84947e-10  5.76214e-09  
7.89093e-12  3.14912e-11  1.9131e-15  5.20567e-10  2.30037e-10  1.11966e-12  2.36542e-15  3.18572e-19  9.30662e-10  7.63408e-10  
7.99046e-09  1.3029e-09  6.61106e-10  1.13696e-09  5.1693e-08  5.51641e-09  2.65579e-09  5.77395e-08  2.63441e-07  3.98016e-09  
4.47844e-06  1.69303e-07  3.04627e-08  2.6382e-11  7.0624e-13  1.74547e-08  3.67535e-10  1.42584e-07  3.44957e-09  5.66567e-08  
5.99527e-09  8.69318e-09  1.5992e-10  2.35333e-09  1.91008e-09  8.93605e-14  1.10561e-09  2.73154e-09  3.19318e-11  1.6595e-09  
2.86547e-10  1.1913e-09  4.78159e-16  3.60638e-11  1.31657e-10  9.62168e-17  7.25143e-11  1.31126e-10  2.70614e-13  1.46559e-10  
4.12829e-11  1.9836e-10  2.16023e-11  4.59444e-11  2.05418e-11  8.29475e-11  5.0773e-12  1.43557e-10  1.01698e-11  2.47469e-17  
2.39096e-11  1.36088e-11  3.05022e-12  4.52763e-11  2.14337e-11  1.48594e-10  1.46858e-12  2.53209e-16  4.37439e-11  2.01242e-11  
1.79587e-13  9.22415e-12  2.08661e-11  8.7205e-12  9.08437e-11  4.24738e-14  5.55736e-16  2.14827e-11  2.35012e-15  6.93755e-17  
2.49654e-11  5.53128e-12  8.4578e-12  6.19021e-13  7.97675e-12  1.86006e-14  1.31675e-12  2.04678e-12  2.8522e-13  1.44959e-14  
1.8768e-12  1.83106e-12  2.68119e-12  1.06789e-12  3.21557e-12  2.09188e-13  4.7304e-13  1.46897e-12  5.95755e-13  2.94435e-12  
8.2408e-13  1.60409e-12  6.60505e-13  2.21145e-12  3.26837e-13  1.78013e-12  4.15431e-13  9.2522e-20  7.33389e-13  6.45982e-13  
3.33172e-14  1.5541e-12  6.55796e-13  1.97513e-12  6.95154e-13  2.4625e-12  5.82187e-13  2.81914e-12  1.06694e-12  4.08893e-12  
1.36912e-12  5.69305e-12  5.90039e-13  7.72286e-13  2.61346e-13  1.10653e-12  8.58639e-13  4.26062e-12  2.10032e-12  1.08293e-17  
6.72168e-17  2.67336e-12  2.97784e-12  5.12859e-12  3.55612e-12  8.57994e-12  6.87285e-15  2.31878e-12  1.33133e-12  3.31658e-14  
1.09633e-13  5.35238e-16  7.06731e-17  1.62141e-12  9.16303e-13  2.46936e-12  2.3451e-12  1.58178e-11  2.10105e-12  4.85732e-12  
2.76354e-15  5.65451e-13  7.12965e-13  1.22287e-12  3.64491e-13  1.01843e-12  2.49087e-13  8.27605e-13  1.66915e-15  1.66116e-13  
2.2218e-14  1.87804e-16  7.75852e-14  2.5183e-13  6.45345e-14  1.99775e-13  2.09698e-14  2.20715e-13  2.36461e-14  7.40757e-15  
9.10078e-14  3.64607e-15  6.05348e-15  4.62861e-15  5.38661e-16  1.61966e-13  8.91672e-14  3.66284e-13  1.82444e-13  5.9404e-13  
1.82102e-16  2.3657e-13  1.56355e-13  3.85042e-15  8.72057e-16  1.97941e-13  1.51492e-13  5.94107e-13  2.94946e-13  9.18933e-13  
2.21212e-13  4.57956e-13  1.94235e-13  5.70672e-13  4.28008e-15  1.17197e-13  1.38971e-13  2.2615e-14  1.92492e-14  1.65782e-13  
1.4192e-13  3.90277e-13  1.72839e-13  5.18031e-13  8.75927e-14  5.12579e-14  1.33159e-15  1.2913e-14  7.50121e-14  2.87132e-13  
9.7649e-14  3.57092e-13  3.42039e-15  5.38258e-16  7.54922e-14  2.82316e-15  3.71188e-17  1.915e-13  9.37134e-14  2.09719e-13  
3.9425e-15  1.23965e-13  4.36011e-14  4.53032e-16  5.64541e-14  9.98468e-14  3.4859e-14  4.2115e-13  1.7141e-13  8.80492e-13  
6.71938e-15  7.68622e-13  3.43693e-13  3.22483e-14  7.42069e-13  4.69759e-13  9.62503e-14  2.35546e-12  1.27445e-12  3.02916e-12  
9.05638e-13  1.14801e-12  4.00422e-13  6.67421e-13  2.64498e-13  7.08842e-13  2.59255e-13  1.59613e-14  5.29137e-13  3.19461e-13  
5.56812e-14  2.89862e-12  3.2542e-12  9.30103e-12  6.36826e-13  2.19036e-17  5.37758e-15  
2.34993e-22  2.23267e-16  2.64243e-26  5.70122e-32  0.189841  3.1179e-24  1.29673e-31  0  0.0191577  5.06701e-09  1.31586e-08  
9.57039e-16  1.85226e-06  4.17459e-08  8.68741e-30  7.04003e-21  0.000441269  8.80183e-09  1.3222e-05  4.57301e-19  1.69447e-20  
8.37777e-10  4.86531e-08  6.98005e-19  1.27574e-26  1.01343e-05  2.47901e-07  0.000110879  5.38654e-17  6.59704e-24  3.12163e-13  
2.73374e-06  3.60613e-13  5.36402e-28  5.23109e-06  2.42027e-08  4.55886e-07  1.05453e-17  1.56769e-20  5.78651e-08  2.11298e-25  
1.17528e-06  1.77658e-16  3.32219e-24  4.71821e-06  2.40879e-07  1.66087e-07  4.42286e-08  1.8849e-13  2.03747e-14  1.95079e-06  
2.10815e-08  8.90981e-08  1.12471e-12  4.6155e-10  1.79655e-08  2.83348e-10  1.38405e-08  3.25368e-07  3.35789e-11  6.0989e-08  
1.44138e-10  1.04665e-10  1.59208e-08  4.28181e-10  3.19304e-09  2.66073e-07  1.24939e-09  1.98261e-09  3.86146e-10  5.75738e-09  
5.00661e-12  3.33976e-11  9.86639e-17  5.20493e-10  2.38471e-10  2.7443e-13  9.38042e-17  6.66697e-22  9.28963e-10  7.57851e-10  
7.95047e-09  1.34722e-09  6.65813e-10  1.12812e-09  5.16424e-08  5.50825e-09  2.72073e-09  5.85533e-08  2.61884e-07  4.21861e-09  
4.47256e-06  1.74386e-07  3.17117e-08  6.98149e-12  7.85251e-13  1.74406e-08  4.19715e-10  1.41733e-07  4.21448e-09  5.64829e-08  
6.20708e-09  8.74227e-09  1.99432e-10  2.36861e-09  1.88404e-09  8.60143e-15  1.13556e-09  2.71583e-09  2.36456e-11  1.65761e-09  
2.88654e-10  1.19481e-09  6.3788e-17  3.59503e-11  1.32955e-10  1.33542e-17  7.31536e-11  1.32314e-10  2.1819e-14  1.46368e-10  
4.12867e-11  1.98371e-10  2.12862e-11  4.67658e-11  2.04158e-11  8.34991e-11  5.65014e-12  1.42869e-10  9.20247e-12  3.32449e-18  
2.3664e-11  1.38568e-11  3.37061e-12  4.62246e-11  2.11451e-11  1.48712e-10  1.79176e-12  3.25577e-17  4.37487e-11  1.97661e-11  
2.1247e-14  9.21715e-12  2.16052e-11  8.81286e-12  9.09164e-11  1.21248e-14  6.47151e-16  2.15419e-11  1.1971e-16  1.21828e-17  
2.49643e-11  5.54201e-12  8.46719e-12  6.61785e-13  7.94999e-12  6.53526e-15  1.31452e-12  1.95466e-12  3.49824e-13  6.52535e-15  
1.84655e-12  1.85418e-12  2.71959e-12  1.06186e-12  3.22549e-12  2.32421e-13  4.29131e-13  1.49079e-12  5.57992e-13  2.95685e-12  
7.81875e-13  1.64405e-12  6.23112e-13  2.23344e-12  3.47543e-13  1.7945e-12  3.68712e-13  1.21664e-20  7.19567e-13  6.68904e-13  
2.96981e-14  1.59137e-12  6.42859e-13  1.98815e-12  6.84616e-13  2.48216e-12  5.71893e-13  2.8407e-12  1.05461e-12  4.10119e-12  
1.36357e-12  5.70732e-12  5.76188e-13  7.82192e-13  2.64482e-13  1.11344e-12  8.24564e-13  4.26475e-12  1.95577e-12  1.55466e-18  
5.95453e-17  2.75618e-12  2.7904e-12  5.3217e-12  3.472e-12  8.68437e-12  3.54277e-16  2.31132e-12  1.32134e-12  5.08996e-15  
1.16883e-13  4.78861e-17  8.50578e-17  1.71103e-12  8.94732e-13  2.51506e-12  2.34123e-12  1.5837e-11  2.10027e-12  4.85976e-12  
5.43448e-16  5.62935e-13  7.09635e-13  1.23005e-12  3.58721e-13  1.02058e-12  2.44445e-13  8.33672e-13  1.31079e-16  1.62399e-13  
2.49317e-14  1.14503e-17  7.33077e-14  2.56908e-13  6.0111e-14  2.04201e-13  2.36312e-14  2.15095e-13  1.34964e-14  7.44299e-15  
8.3463e-14  2.0288e-16  5.26737e-15  4.04629e-15  3.52352e-16  1.70156e-13  8.19731e-14  3.65497e-13  1.7958e-13  6.02107e-13  
1.55009e-17  2.29967e-13  1.50228e-13  1.99397e-16  3.78313e-17  2.0913e-13  1.42761e-13  5.97031e-13  2.87129e-13  9.36454e-13  
2.12725e-13  4.60119e-13  1.91525e-13  5.81328e-13  3.01086e-16  1.13959e-13  1.41617e-13  1.30981e-14  1.83998e-14  1.81983e-13  
1.4362e-13  3.98828e-13  1.73567e-13  5.26742e-13  8.43369e-14  5.35845e-14  7.56964e-17  1.16524e-14  7.35022e-14  2.90598e-13  
9.78214e-14  3.62782e-13  8.65511e-16  6.22623e-16  7.72466e-14  5.39295e-16  4.93506e-19  1.94875e-13  9.4053e-14  2.10701e-13  
1.58462e-15  1.20755e-13  4.36625e-14  2.45896e-17  5.13475e-14  1.02601e-13  3.45333e-14  4.19091e-13  1.55772e-13  8.77005e-13  
7.04505e-16  7.38279e-13  3.15233e-13  1.31464e-14  6.74195e-13  5.02304e-13  1.11842e-13  2.36191e-12  1.23613e-12  3.10523e-12  
9.12396e-13  1.20609e-12  4.07649e-13  6.80299e-13  2.64732e-13  7.13225e-13  2.60639e-13  1.7651e-14  5.2524e-13  3.18905e-13  
5.87742e-14  2.89746e-12  3.25589e-12  9.30583e-12  6.3682e-13  1.0721e-18  5.70638e-15  
1.75918e-22  5.11071e-19  3.02826e-26  1.9219e-36  0.187304  3.16577e-24  3.5228e-30  0  0.0199939  5.50272e-12  1.31227e-08  
6.8343e-16  1.23083e-07  3.49674e-08  6.86115e-30  7.11962e-22  0.000445233  7.64821e-09  4.69443e-06  6.9585e-20  1.21784e-20  
5.30758e-11  5.60974e-08  3.52781e-19  8.74553e-28  1.01356e-05  2.47585e-07  0.00012113  2.51e-17  4.92097e-24  1.91148e-13  
2.7316e-06  1.61039e-13  2.47666e-28  5.23282e-06  2.90766e-08  4.5617e-07  4.17161e-18  1.19994e-20  5.65037e-08  1.87776e-25  
1.17712e-06  7.20916e-17  2.53144e-24  4.71837e-06  2.41095e-07  1.66429e-07  4.42622e-08  5.29512e-14  4.77415e-15  1.9503e-06  
2.13281e-08  8.91098e-08  2.3838e-13  4.63737e-10  1.79528e-08  2.97303e-10  1.40999e-08  3.25132e-07  7.32267e-12  6.10181e-08  
1.59952e-10  1.0506e-10  1.59049e-08  4.40114e-10  3.18042e-09  2.65947e-07  1.33903e-09  1.98968e-09  3.86798e-10  5.755e-09  
1.25934e-12  3.42298e-11  4.31083e-17  5.20458e-10  2.44895e-10  5.87299e-14  3.39133e-17  9.4854e-23  9.28033e-10  7.5535e-10  
7.93146e-09  1.36808e-09  6.68138e-10  1.12415e-09  5.1617e-08  5.50701e-09  2.75007e-09  6.01781e-08  2.61167e-07  3.0767e-09  
4.46958e-06  1.76961e-07  3.23252e-08  1.47092e-12  7.92216e-13  1.73962e-08  3.70151e-10  1.41319e-07  4.61734e-09  5.64809e-08  
6.30615e-09  8.76748e-09  2.17606e-10  2.37569e-09  1.87141e-09  3.79601e-15  1.16192e-09  2.7083e-09  7.65342e-12  1.65666e-09  
2.89622e-10  1.19653e-09  2.62281e-17  3.58964e-11  1.33502e-10  5.46386e-18  7.33732e-11  1.3288e-10  6.77851e-15  1.46274e-10  
4.12968e-11  1.98368e-10  2.11508e-11  4.71268e-11  2.03656e-11  8.37612e-11  5.9352e-12  1.42553e-10  8.76088e-12  1.30734e-18  
2.35364e-11  1.3942e-11  3.52186e-12  4.66667e-11  2.10352e-11  1.48753e-10  1.78592e-12  1.37568e-17  4.37519e-11  1.97642e-11  
5.35606e-15  9.21222e-12  2.18875e-11  8.85969e-12  9.09512e-11  2.4728e-15  6.26098e-16  2.15656e-11  5.46702e-17  3.48175e-19  
2.49623e-11  5.54773e-12  8.47161e-12  6.82046e-13  7.93754e-12  1.32496e-15  1.31348e-12  1.91282e-12  3.81489e-13  1.35429e-15  
1.8267e-12  1.86773e-12  2.73817e-12  1.0592e-12  3.22997e-12  2.4339e-13  4.08613e-13  1.5006e-12  5.41697e-13  2.96166e-12  
7.63032e-13  1.66108e-12  6.06832e-13  2.24279e-12  3.56498e-13  1.80268e-12  3.47457e-13  4.69212e-21  7.26457e-13  6.77968e-13  
1.51056e-14  1.60843e-12  6.37259e-13  1.99435e-12  6.79896e-13  2.49115e-12  5.67295e-13  2.85062e-12  1.04902e-12  4.10705e-12  
1.36084e-12  5.71409e-12  5.6985e-13  7.86468e-13  2.65833e-13  1.11687e-12  8.09364e-13  4.266e-12  1.8923e-12  6.41298e-19  
2.68976e-17  2.7897e-12  2.70793e-12  5.40572e-12  3.43588e-12  8.73128e-12  1.47468e-16  2.30771e-12  1.3144e-12  1.37564e-15  
1.19069e-13  1.41059e-17  8.22814e-17  1.74379e-12  8.86103e-13  2.53606e-12  2.33958e-12  1.58461e-11  2.0999e-12  4.86089e-12  
1.17809e-16  5.6173e-13  7.07591e-13  1.2333e-12  3.56211e-13  1.02138e-12  2.425e-13  8.3622e-13  4.14604e-17  1.6062e-13  
1.81174e-14  3.42833e-18  7.88771e-14  2.5924e-13  5.82964e-14  2.05943e-13  2.44932e-14  2.13178e-13  9.90659e-15  6.58873e-15  
8.01379e-14  8.6143e-17  3.09983e-15  3.89277e-15  1.29774e-16  1.72489e-13  8.01424e-14  3.64501e-13  1.7845e-13  6.0539e-13  
7.01657e-18  2.26887e-13  1.47619e-13  8.90027e-17  1.384e-17  2.12889e-13  1.3856e-13  5.97689e-13  2.83984e-13  9.44009e-13  
2.09275e-13  4.60826e-13  1.90581e-13  5.85747e-13  1.02338e-16  1.12316e-13  1.41217e-13  3.37613e-15  1.02319e-14  1.9586e-13  
1.51105e-13  4.0307e-13  1.74171e-13  5.30853e-13  8.30505e-14  5.4551e-14  2.96345e-17  1.10928e-14  7.23731e-14  2.92027e-13  
9.79745e-14  3.65379e-13  1.82455e-16  6.23659e-16  7.75852e-14  1.23012e-16  5.6124e-20  1.95998e-13  9.41197e-14  2.11163e-13  
3.32296e-16  1.19171e-13  4.37436e-14  1.10303e-17  4.90794e-14  1.03906e-13  3.44561e-14  4.17884e-13  1.49201e-13  8.74628e-13  
1.9238e-16  7.24002e-13  3.01201e-13  2.8803e-15  6.43457e-13  5.1966e-13  1.17395e-13  2.36259e-12  1.21924e-12  3.13878e-12  
9.16468e-13  1.23321e-12  4.11568e-13  6.8657e-13  2.64997e-13  7.15211e-13  2.61425e-13  1.44527e-14  5.23391e-13  3.22612e-13  
6.01989e-14  2.89689e-12  3.25667e-12  9.30816e-12  6.36838e-13  4.49469e-19  5.84759e-15  
3.99226e-23  3.51423e-19  7.03246e-27  0  0.184771  3.1591e-24  1.30876e-33  0  0.0208247  2.99024e-12  1.30294e-08  
1.40718e-16  7.78966e-11  2.7317e-08  5.18231e-31  8.23952e-26  0.000454467  5.82236e-09  9.21392e-07  1.6702e-21  3.07831e-21  
4.84023e-15  6.38316e-08  5.22301e-20  2.81596e-32  1.01376e-05  2.48008e-07  0.00012502  3.27008e-18  1.20364e-24  3.01647e-14  
2.73206e-06  1.64594e-14  9.84043e-30  5.23272e-06  3.39036e-08  4.57922e-07  3.7976e-19  3.03157e-21  5.55128e-08  4.40844e-26  
1.17694e-06  8.07888e-18  6.08542e-25  4.71838e-06  2.41205e-07  1.66623e-07  4.4284e-08  4.97876e-15  3.7621e-16  1.95003e-06  
2.14591e-08  8.91163e-08  1.24654e-14  4.64982e-10  1.79446e-08  3.04992e-10  1.42427e-08  3.24995e-07  5.62979e-13  6.1035e-08  
1.64242e-10  1.05284e-10  1.59007e-08  4.47024e-10  3.17829e-09  2.65873e-07  1.38607e-09  1.99374e-09  3.87144e-10  5.75367e-09  
5.13221e-14  3.46791e-11  4.56291e-18  5.20437e-10  2.47612e-10  4.32486e-15  3.49048e-18  1.01864e-24  9.2749e-10  7.53843e-10  
7.92049e-09  1.38019e-09  6.69466e-10  1.12175e-09  5.16029e-08  5.50512e-09  2.76776e-09  6.3175e-08  2.60743e-07  3.69324e-10  
4.46793e-06  1.78379e-07  3.26777e-08  1.04252e-13  7.92574e-13  1.7387e-08  1.12403e-10  1.41084e-07  4.82755e-09  5.67085e-08  
6.36345e-09  8.78153e-09  2.12986e-10  2.37985e-09  1.87971e-09  3.84962e-16  1.17545e-09  2.70395e-09  2.651e-13  1.65602e-09  
2.9019e-10  1.19751e-09  2.57846e-18  3.58653e-11  1.33849e-10  5.16958e-19  7.3492e-11  1.33208e-10  6.71465e-16  1.46221e-10  
4.12985e-11  1.9837e-10  2.10685e-11  4.73442e-11  2.0335e-11  8.39119e-11  6.0898e-12  1.42369e-10  8.5114e-12  1.20086e-19  
2.34705e-11  1.39933e-11  3.60407e-12  4.69273e-11  2.09619e-11  1.48783e-10  9.94391e-13  1.34885e-18  4.37526e-11  2.05447e-11  
5.11058e-16  9.20913e-12  2.20543e-11  8.88635e-12  9.09716e-11  1.67522e-16  4.86431e-16  2.15759e-11  5.868e-18  3.96502e-21  
2.49616e-11  5.55071e-12  8.47422e-12  6.93695e-13  7.93032e-12  8.14327e-17  1.31285e-12  1.88824e-12  3.97481e-13  8.13157e-17  
1.81824e-12  1.87191e-12  2.74893e-12  1.0577e-12  3.23261e-12  2.49217e-13  3.97292e-13  1.50631e-12  5.32181e-13  2.96435e-12  
7.52285e-13  1.67095e-12  5.97622e-13  2.2479e-12  3.6152e-13  1.80726e-12  3.35565e-13  4.97215e-22  7.36874e-13  6.83255e-13  
6.54877e-16  1.61789e-12  6.3409e-13  1.99774e-12  6.77212e-13  2.49634e-12  5.6467e-13  2.85635e-12  1.04577e-12  4.11035e-12  
1.35934e-12  5.71798e-12  5.66216e-13  7.88962e-13  2.66684e-13  1.1188e-12  8.00406e-13  4.26676e-12  1.85468e-12  6.07668e-20  
1.15723e-18  2.80999e-12  2.65957e-12  5.45534e-12  3.41406e-12  8.75911e-12  1.54371e-17  2.30562e-12  1.31024e-12  1.52859e-16  
1.20238e-13  1.39857e-18  6.46022e-17  1.76222e-12  8.8086e-13  2.5483e-12  2.33862e-12  1.58514e-11  2.09968e-12  4.86155e-12  
9.23423e-18  5.6103e-13  7.06202e-13  1.23525e-12  3.5468e-13  1.02192e-12  2.41287e-13  8.37808e-13  4.11648e-18  1.59576e-13  
2.13573e-15  4.22818e-20  9.38965e-14  2.60803e-13  5.72051e-14  2.06983e-13  2.32365e-14  2.13689e-13  9.7087e-15  4.03923e-15  
7.78634e-14  1.22104e-17  4.30625e-16  4.47487e-15  7.13414e-18  1.73701e-13  8.06046e-14  3.63966e-13  1.7769e-13  6.07452e-13  
7.12915e-19  2.25086e-13  1.46114e-13  1.23483e-17  1.40264e-18  2.15033e-13  1.36162e-13  5.98084e-13  2.8202e-13  9.48552e-13  
2.07227e-13  4.61219e-13  1.89919e-13  5.88516e-13  1.03151e-17  1.11339e-13  1.40909e-13  1.66372e-16  5.15043e-16  2.01802e-13  
1.59986e-13  4.05703e-13  1.74441e-13  5.33258e-13  8.22641e-14  5.50636e-14  3.0996e-18  1.07649e-14  7.17418e-14  2.92903e-13  
9.80374e-14  3.66925e-13  1.30339e-17  6.13856e-16  7.7508e-14  1.00295e-17  2.43266e-21  1.96564e-13  9.41409e-14  2.11429e-13  
1.94055e-17  1.18231e-13  4.33932e-14  1.13017e-18  4.77512e-14  1.04665e-13  3.44056e-14  4.17205e-13  1.45297e-13  8.73306e-13  
1.81602e-17  7.1553e-13  2.92779e-13  1.68125e-16  6.39939e-13  5.27032e-13  1.06031e-13  2.3631e-12  1.20938e-12  3.15857e-12  
9.18543e-13  1.2491e-12  4.13738e-13  6.90193e-13  2.65109e-13  7.16406e-13  2.61825e-13  3.01856e-15  5.22239e-13  3.3441e-13  
6.10709e-14  2.89657e-12  3.25713e-12  9.30949e-12  6.36841e-13  4.79655e-20  5.93205e-15  
8.57546e-24  1.55534e-19  1.01742e-27  0  0.184164  3.15671e-24  6.34793e-35  0  0.0210222  1.60673e-12  1.29786e-08  
2.86966e-17  1.53237e-11  2.5583e-08  1.72134e-32  2.22822e-27  0.000457998  5.34591e-09  5.69167e-07  1.58039e-22  5.77512e-22  
2.34792e-16  6.55318e-08  8.66141e-21  1.87673e-34  1.01381e-05  2.48092e-07  0.000125372  5.39295e-19  1.98476e-25  4.49149e-15  
2.73215e-06  3.19282e-15  2.36435e-31  5.2327e-06  3.47108e-08  4.58278e-07  5.93293e-20  4.82334e-22  5.53164e-08  5.00093e-27  
1.1769e-06  1.33064e-18  9.19158e-26  4.71838e-06  2.41225e-07  1.66662e-07  4.42888e-08  9.28299e-16  6.60991e-17  1.94998e-06  
2.1483e-08  8.91176e-08  2.16814e-15  4.65229e-10  1.79429e-08  3.06546e-10  1.42705e-08  3.24968e-07  1.065e-13  6.10385e-08  
1.60423e-10  1.05329e-10  1.59046e-08  4.484e-10  3.17797e-09  2.65858e-07  1.39534e-09  1.99457e-09  3.87209e-10  5.75341e-09  
8.74039e-15  3.47665e-11  8.76699e-19  5.20433e-10  2.4795e-10  8.23134e-16  6.68776e-19  3.78591e-26  9.27382e-10  7.53534e-10  
7.91827e-09  1.38263e-09  6.69736e-10  1.12126e-09  5.16002e-08  5.50457e-09  2.77139e-09  6.35714e-08  2.60656e-07  3.19466e-11  
4.46761e-06  1.78648e-07  3.27488e-08  1.95104e-14  7.92547e-13  1.73854e-08  2.34238e-11  1.41038e-07  4.86832e-09  5.67916e-08  
6.37483e-09  8.78437e-09  1.96453e-10  2.38069e-09  1.89704e-09  7.4716e-17  1.17691e-09  2.70309e-09  4.2833e-14  1.65588e-09  
2.90303e-10  1.1977e-09  4.73259e-19  3.5859e-11  1.33922e-10  8.81078e-20  7.35145e-11  1.33274e-10  1.28108e-16  1.46211e-10  
4.12981e-11  1.98371e-10  2.10519e-11  4.73879e-11  2.0329e-11  8.39417e-11  6.12038e-12  1.42332e-10  8.46237e-12  2.02471e-20  
2.34573e-11  1.40026e-11  3.62054e-12  4.69802e-11  2.09462e-11  1.4879e-10  4.42332e-13  2.5418e-19  4.37524e-11  2.10929e-11  
1.00553e-16  9.2085e-12  2.20889e-11  8.89176e-12  9.09757e-11  3.15549e-17  3.54117e-16  2.15776e-11  1.20301e-18  4.77986e-22  
2.49616e-11  5.55125e-12  8.47474e-12  6.96035e-13  7.9289e-12  1.50606e-17  1.31272e-12  1.88332e-12  4.00496e-13  1.50213e-17  
1.8167e-12  1.87239e-12  2.75107e-12  1.05743e-12  3.23315e-12  2.50362e-13  3.9508e-13  1.50742e-12  5.30343e-13  2.96482e-12  
7.50243e-13  1.67282e-12  5.95891e-13  2.24881e-12  3.62486e-13  1.80817e-12  3.33305e-13  7.99e-23  7.36738e-13  6.84231e-13  
8.18911e-17  1.61968e-12  6.33511e-13  1.99837e-12  6.76705e-13  2.49736e-12  5.64175e-13  2.85748e-12  1.04514e-12  4.11098e-12  
1.35906e-12  5.71874e-12  5.65514e-13  7.89432e-13  2.66861e-13  1.11919e-12  7.98645e-13  4.26688e-12  1.84727e-12  1.04912e-20  
2.77719e-20  2.8139e-12  2.65011e-12  5.46505e-12  3.40971e-12  8.76469e-12  2.97028e-18  2.3052e-12  1.30941e-12  3.10237e-17  
1.20458e-13  2.70001e-19  4.76604e-17  1.76579e-12  8.79824e-13  2.55074e-12  2.33845e-12  1.58524e-11  2.09964e-12  4.86169e-12  
1.74764e-18  5.60891e-13  7.05904e-13  1.23565e-12  3.54368e-13  1.02203e-12  2.41037e-13  8.38135e-13  7.84118e-19  1.59368e-13  
1.94504e-16  7.42166e-22  9.56178e-14  2.61135e-13  5.69857e-14  2.0719e-13  2.11425e-14  2.14833e-13  1.15142e-14  2.22357e-15  
7.72726e-14  2.54941e-18  4.2559e-17  5.00472e-15  1.32085e-18  1.739e-13  8.05692e-14  3.6386e-13  1.77517e-13  6.07876e-13  
1.36093e-19  2.24728e-13  1.45824e-13  2.54868e-18  2.67461e-19  2.15442e-13  1.35688e-13  5.98171e-13  2.8161e-13  9.49463e-13  
2.06825e-13  4.61298e-13  1.89766e-13  5.89091e-13  1.9608e-18  1.11143e-13  1.40826e-13  2.94514e-17  2.92571e-17  2.02504e-13  
1.60282e-13  4.06242e-13  1.74485e-13  5.33746e-13  8.21075e-14  5.51573e-14  5.973e-19  1.0701e-14  7.16203e-14  2.9308e-13  
9.80431e-14  3.67239e-13  2.43239e-18  6.07161e-16  7.74649e-14  1.94441e-18  4.1559e-22  1.96671e-13  9.41422e-14  2.11483e-13  
3.56337e-18  1.18044e-13  4.32869e-14  2.13568e-19  4.74933e-14  1.04806e-13  3.43934e-14  4.17069e-13  1.44528e-13  8.73031e-13  
3.45076e-18  7.13838e-13  2.91102e-13  3.09651e-17  6.53769e-13  5.28095e-13  8.93076e-14  2.36311e-12  1.20744e-12  3.16246e-12  
9.18918e-13  1.25231e-12  4.14177e-13  6.90926e-13  2.65129e-13  7.16652e-13  2.61894e-13  4.12601e-16  5.21996e-13  3.37102e-13  
6.12518e-14  2.89651e-12  3.25723e-12  9.30974e-12  6.36839e-13  9.44112e-21  5.94929e-15  
3.5497e-24  1.04577e-19  1.55216e-28  0  0.183981  3.15596e-24  3.9783e-36  0  0.0210814  9.48937e-13  1.2951e-08  
1.00373e-17  1.79132e-11  2.51179e-08  1.31443e-33  7.04295e-28  0.000459369  5.19944e-09  4.95108e-07  4.58884e-23  2.10561e-22  
8.81408e-17  6.59835e-08  3.02789e-21  1.74326e-35  1.01382e-05  2.48117e-07  0.000125445  1.89629e-19  6.66184e-26  1.85869e-15  
2.73217e-06  8.71654e-16  3.15681e-32  5.23271e-06  3.48513e-08  4.58356e-07  1.78944e-20  1.53332e-22  5.52714e-08  1.19648e-27  
1.17689e-06  4.58496e-19  2.84153e-26  4.71839e-06  2.41229e-07  1.66671e-07  4.42899e-08  2.33805e-16  1.63053e-17  1.94996e-06  
2.1488e-08  8.91178e-08  7.19392e-16  4.65285e-10  1.79425e-08  3.06901e-10  1.42768e-08  3.24962e-07  2.93988e-14  6.10393e-08  
1.56759e-10  1.0534e-10  1.59083e-08  4.48714e-10  3.17797e-09  2.65855e-07  1.3974e-09  1.99477e-09  3.87223e-10  5.75335e-09  
3.67527e-15  3.47866e-11  2.24841e-19  5.20432e-10  2.48021e-10  2.35697e-16  1.70021e-19  2.53091e-27  9.27358e-10  7.53461e-10  
7.91776e-09  1.3832e-09  6.69797e-10  1.12115e-09  5.15995e-08  5.50439e-09  2.77225e-09  6.36076e-08  2.60636e-07  9.31896e-12  
4.46754e-06  1.78707e-07  3.27651e-08  5.57167e-15  7.92538e-13  1.73853e-08  7.41302e-12  1.41027e-07  4.87716e-09  5.68063e-08  
6.37743e-09  8.78502e-09  1.83918e-10  2.38088e-09  1.90978e-09  2.04877e-17  1.17721e-09  2.70289e-09  2.03226e-14  1.65585e-09  
2.9033e-10  1.19775e-09  1.39161e-19  3.58575e-11  1.3394e-10  2.64335e-20  7.35194e-11  1.33289e-10  3.28843e-17  1.46209e-10  
4.12979e-11  1.98372e-10  2.10481e-11  4.73981e-11  2.03277e-11  8.39484e-11  6.12725e-12  1.42324e-10  8.45129e-12  6.16152e-21  
2.34544e-11  1.40046e-11  3.62429e-12  4.69924e-11  2.09423e-11  1.48792e-10  2.38963e-13  7.08081e-20  4.37523e-11  2.12952e-11  
2.66341e-17  9.20835e-12  2.2097e-11  8.893e-12  9.09766e-11  9.34106e-18  2.79295e-16  2.1578e-11  3.61747e-19  1.13622e-22  
2.49616e-11  5.55137e-12  8.47486e-12  6.96571e-13  7.92858e-12  4.6932e-18  1.31269e-12  1.88219e-12  4.01096e-13  4.79271e-18  
1.81644e-12  1.87249e-12  2.75155e-12  1.05738e-12  3.23327e-12  2.50619e-13  3.94585e-13  1.50766e-12  5.2993e-13  2.96491e-12  
7.49792e-13  1.67323e-12  5.9551e-13  2.249e-12  3.62686e-13  1.80837e-12  3.32825e-13  2.70537e-23  7.36633e-13  6.84446e-13  
4.06992e-17  1.62007e-12  6.33387e-13  1.9985e-12  6.76594e-13  2.49759e-12  5.64068e-13  2.85774e-12  1.04499e-12  4.11111e-12  
1.359e-12  5.71892e-12  5.65358e-13  7.89535e-13  2.66903e-13  1.11927e-12  7.98246e-13  4.2669e-12  1.84558e-12  3.03162e-21  
1.2705e-21  2.81479e-12  2.64796e-12  5.46727e-12  3.40871e-12  8.76596e-12  7.65264e-19  2.30511e-12  1.30922e-12  8.39027e-18  
1.20504e-13  7.0278e-20  3.79656e-17  1.7666e-12  8.79588e-13  2.55129e-12  2.33841e-12  1.58527e-11  2.09963e-12  4.86172e-12  
4.77446e-19  5.60859e-13  7.05833e-13  1.23574e-12  3.54296e-13  1.02206e-12  2.40977e-13  8.38214e-13  2.00863e-19  1.5932e-13  
6.20678e-17  6.12877e-23  9.56981e-14  2.61211e-13  5.69335e-14  2.0724e-13  1.96343e-14  2.15395e-13  1.29491e-14  1.41749e-15  
7.71169e-14  6.3783e-19  7.57638e-18  5.24572e-15  6.56444e-19  1.73943e-13  8.05088e-14  3.63838e-13  1.77472e-13  6.07977e-13  
3.61605e-20  2.24647e-13  1.45757e-13  6.36544e-19  6.84304e-20  2.15535e-13  1.35577e-13  5.98195e-13  2.81512e-13  9.49673e-13  
2.06731e-13  4.61317e-13  1.89726e-13  5.89228e-13  4.9982e-19  1.11099e-13  1.40803e-13  1.15208e-17  1.11737e-17  2.02655e-13  
1.60255e-13  4.06365e-13  1.74492e-13  5.33859e-13  8.20709e-14  5.51784e-14  1.54053e-19  1.06866e-14  7.15929e-14  2.93121e-13  
9.80427e-14  3.67313e-13  6.86563e-19  6.02841e-16  7.74532e-14  5.58394e-19  1.03435e-22  1.96699e-13  9.41419e-14  2.11496e-13  
1.16292e-18  1.18001e-13  4.3263e-14  5.42762e-20  4.7435e-14  1.04837e-13  3.43899e-14  4.17039e-13  1.4435e-13  8.72971e-13  
8.901e-19  7.13454e-13  2.90715e-13  1.01018e-17  6.64288e-13  5.28332e-13  7.81374e-14  2.3631e-12  1.207e-12  3.16335e-12  
9.18992e-13  1.25305e-12  4.14276e-13  6.91095e-13  2.65133e-13  7.16711e-13  2.61908e-13  1.08886e-16  5.2194e-13  3.37426e-13  
6.12936e-14  2.89649e-12  3.25725e-12  9.3098e-12  6.36838e-13  2.49282e-21  5.9533e-15  
2.52659e-24  9.46268e-20  9.98624e-29  0  0.183932  3.15575e-24  2.68193e-36  0  0.021097  8.67635e-13  1.29359e-08  
5.91836e-18  2.45257e-11  2.50057e-08  3.17059e-34  4.62495e-28  0.000459843  5.15931e-09  4.78709e-07  2.75946e-23  1.24929e-22  
9.10272e-17  6.6092e-08  1.93152e-21  8.22533e-36  1.01383e-05  2.48123e-07  0.000125462  1.21954e-19  3.75975e-26  8.17607e-16  
2.73218e-06  8.49358e-16  7.53755e-33  5.23271e-06  3.48712e-08  4.58372e-07  1.05849e-20  8.21945e-23  5.52617e-08  5.32247e-28  
1.17689e-06  2.90728e-19  1.50423e-26  4.71839e-06  2.41229e-07  1.66673e-07  4.42902e-08  2.33137e-16  1.56093e-17  1.94996e-06  
2.1489e-08  8.91179e-08  5.22593e-16  4.65297e-10  1.79424e-08  3.06975e-10  1.42781e-08  3.2496e-07  2.7453e-14  6.10395e-08  
1.54104e-10  1.05342e-10  1.59109e-08  4.4878e-10  3.17801e-09  2.65854e-07  1.39779e-09  1.99481e-09  3.87226e-10  5.75334e-09  
2.13743e-15  3.47908e-11  2.27121e-19  5.20432e-10  2.48037e-10  2.13898e-16  1.72429e-19  2.57439e-27  9.27354e-10  7.53445e-10  
7.91765e-09  1.38331e-09  6.69811e-10  1.12112e-09  5.15994e-08  5.50435e-09  2.77243e-09  6.3616e-08  2.60632e-07  3.79188e-12  
4.46753e-06  1.78718e-07  3.27685e-08  4.97978e-15  7.92535e-13  1.73855e-08  3.29027e-12  1.41025e-07  4.87878e-09  5.68101e-08  
6.37798e-09  8.78516e-09  1.7553e-10  2.38092e-09  1.91821e-09  1.98641e-17  1.17728e-09  2.70285e-09  1.02677e-14  1.65585e-09  
2.90335e-10  1.19776e-09  9.73872e-20  3.58572e-11  1.33944e-10  1.64204e-20  7.35203e-11  1.33292e-10  3.30651e-17  1.46208e-10  
4.12977e-11  1.98372e-10  2.10472e-11  4.74003e-11  2.03274e-11  8.39499e-11  6.12863e-12  1.42322e-10  8.44902e-12  3.80145e-21  
2.34538e-11  1.4005e-11  3.62505e-12  4.6995e-11  2.09415e-11  1.48792e-10  1.5518e-13  6.24589e-20  4.37523e-11  2.13787e-11  
2.6498e-17  9.20832e-12  2.20987e-11  8.89325e-12  9.09768e-11  8.13957e-18  2.37164e-16  2.15781e-11  3.53598e-19  8.07499e-23  
2.49617e-11  5.55139e-12  8.47489e-12  6.96684e-13  7.92851e-12  3.83577e-18  1.31268e-12  1.88195e-12  4.0116e-13  3.81637e-18  
1.81645e-12  1.8725e-12  2.75165e-12  1.05737e-12  3.23329e-12  2.5067e-13  3.94485e-13  1.50772e-12  5.29844e-13  2.96493e-12  
7.49699e-13  1.67331e-12  5.95432e-13  2.24904e-12  3.62711e-13  1.80842e-12  3.32744e-13  1.69695e-23  7.36628e-13  6.8449e-13  
1.74802e-17  1.62015e-12  6.33362e-13  1.99853e-12  6.76572e-13  2.49763e-12  5.64045e-13  2.85779e-12  1.04496e-12  4.11114e-12  
1.35899e-12  5.71895e-12  5.65326e-13  7.89557e-13  2.66912e-13  1.11929e-12  7.98162e-13  4.2669e-12  1.84523e-12  1.95162e-21  
1.09558e-22  2.81498e-12  2.64751e-12  5.46773e-12  3.40849e-12  8.76624e-12  7.73876e-19  2.30508e-12  1.30918e-12  6.34557e-18  
1.20512e-13  7.05791e-20  3.24605e-17  1.76677e-12  8.79538e-13  2.55141e-12  2.33841e-12  1.58527e-11  2.09963e-12  4.86172e-12  
4.50354e-19  5.60852e-13  7.05818e-13  1.23576e-12  3.5428e-13  1.02207e-12  2.40964e-13  8.3823e-13  2.02068e-19  1.5931e-13  
2.53622e-17  2.52795e-23  9.57233e-14  2.61228e-13  5.69219e-14  2.07251e-13  1.86391e-14  2.15678e-13  1.39276e-14  1.02195e-15  
7.70822e-14  5.2263e-19  2.28715e-18  5.3607e-15  3.41649e-19  1.73952e-13  8.0494e-14  3.63833e-13  1.77461e-13  6.08e-13  
3.5446e-20  2.24629e-13  1.45743e-13  5.37737e-19  6.91291e-20  2.15555e-13  1.35552e-13  5.98202e-13  2.8149e-13  9.49719e-13  
2.06711e-13  4.61322e-13  1.89716e-13  5.89259e-13  5.03639e-19  1.11089e-13  1.40797e-13  7.38637e-18  4.64029e-18  2.02688e-13  
1.60252e-13  4.06391e-13  1.74493e-13  5.33883e-13  8.20628e-14  5.51828e-14  1.5581e-19  1.06836e-14  7.1587e-14  2.9313e-13  
9.80422e-14  3.67329e-13  6.19163e-19  6.00094e-16  7.745e-14  5.43225e-19  1.03974e-22  1.96707e-13  9.41417e-14  2.11498e-13  
9.04999e-19  1.17992e-13  4.3258e-14  5.47105e-20  4.74228e-14  1.04843e-13  3.43889e-14  4.17033e-13  1.44312e-13  8.72958e-13  
8.88039e-19  7.13374e-13  2.90632e-13  7.92452e-18  6.71135e-13  5.28381e-13  7.11515e-14  2.3631e-12  1.2069e-12  3.16353e-12  
9.19005e-13  1.25321e-12  4.14298e-13  6.91132e-13  2.65133e-13  7.16724e-13  2.6191e-13  4.29835e-17  5.21927e-13  3.37497e-13  
6.13025e-14  2.89649e-12  3.25725e-12  9.30982e-12  6.36838e-13  2.5283e-21  5.95418e-15  
1.40334e-24  8.62258e-20  4.40175e-30  0  0.183915  3.15567e-24  1.87526e-38  0  0.0211025  4.12365e-13  1.29215e-08  
2.73557e-18  3.47574e-11  2.49678e-08  2.84816e-35  2.45865e-28  0.000460082  5.14406e-09  4.73569e-07  1.26361e-23  6.47533e-23  
2.26463e-17  6.61286e-08  9.21324e-22  5.42695e-37  1.01383e-05  2.48126e-07  0.000125467  5.92409e-20  1.81901e-26  2.4099e-16  
2.73218e-06  1.26438e-16  9.96126e-34  5.23271e-06  3.4875e-08  4.58376e-07  4.2134e-21  3.60807e-23  5.52582e-08  1.805e-28  
1.17689e-06  1.38566e-19  6.53379e-27  4.71839e-06  2.41229e-07  1.66673e-07  4.42903e-08  2.6985e-17  1.63529e-18  1.94996e-06  
2.14893e-08  8.91179e-08  6.04778e-17  4.65301e-10  1.79424e-08  3.06995e-10  1.42786e-08  3.2496e-07  3.3352e-15  6.10395e-08  
1.51144e-10  1.05343e-10  1.59139e-08  4.48801e-10  3.17807e-09  2.65854e-07  1.39787e-09  1.99482e-09  3.87227e-10  5.75334e-09  
2.91449e-16  3.47923e-11  2.81785e-20  5.20432e-10  2.48043e-10  2.63853e-17  2.0799e-20  4.12408e-29  9.27352e-10  7.5344e-10  
7.91761e-09  1.38335e-09  6.69815e-10  1.12111e-09  5.15994e-08  5.50433e-09  2.77249e-09  6.36197e-08  2.60631e-07  1.12946e-12  
4.46752e-06  1.78722e-07  3.27697e-08  5.9843e-16  7.92533e-13  1.73858e-08  1.30461e-12  1.41024e-07  4.87905e-09  5.6812e-08  
6.37816e-09  8.7852e-09  1.66581e-10  2.38094e-09  1.92718e-09  2.9822e-18  1.17731e-09  2.70283e-09  1.63459e-15  1.65585e-09  
2.90337e-10  1.19776e-09  2.66588e-20  3.58571e-11  1.33946e-10  5.81862e-21  7.35206e-11  1.33293e-10  4.04768e-18  1.46208e-10  
4.12977e-11  1.98372e-10  2.1047e-11  4.7401e-11  2.03273e-11  8.39503e-11  6.129e-12  1.42321e-10  8.44835e-12  1.41777e-21  
2.34537e-11  1.40051e-11  3.62524e-12  4.69959e-11  2.09412e-11  1.48792e-10  9.57728e-14  1.08975e-20  4.37523e-11  2.1438e-11  
3.27387e-18  9.20831e-12  2.20993e-11  8.89334e-12  9.09769e-11  9.96286e-19  1.97813e-16  2.15781e-11  8.84893e-20  8.20052e-24  
2.49617e-11  5.5514e-12  8.4749e-12  6.9672e-13  7.92849e-12  4.68162e-19  1.31268e-12  1.88187e-12  4.01109e-13  4.64899e-19  
1.81653e-12  1.87251e-12  2.75169e-12  1.05736e-12  3.2333e-12  2.50683e-13  3.94457e-13  1.50773e-12  5.29816e-13  2.96494e-12  
7.49671e-13  1.67334e-12  5.95407e-13  2.24905e-12  3.62697e-13  1.80843e-12  3.3274e-13  7.9631e-24  7.36633e-13  6.84504e-13  
3.66468e-18  1.62018e-12  6.33355e-13  1.99854e-12  6.76565e-13  2.49765e-12  5.64039e-13  2.85781e-12  1.04495e-12  4.11115e-12  
1.35898e-12  5.71897e-12  5.65316e-13  7.89563e-13  2.66916e-13  1.1193e-12  7.98134e-13  4.2669e-12  1.84511e-12  5.92033e-22  
4.94743e-24  2.81504e-12  2.64736e-12  5.46788e-12  3.40842e-12  8.76633e-12  9.74609e-20  2.30508e-12  1.30916e-12  6.82364e-19  
1.20514e-13  8.80982e-21  2.72812e-17  1.76683e-12  8.79522e-13  2.55145e-12  2.33841e-12  1.58528e-11  2.09963e-12  4.86173e-12  
5.46269e-20  5.6085e-13  7.05813e-13  1.23576e-12  3.54275e-13  1.02207e-12  2.4096e-13  8.38236e-13  2.47017e-20  1.59307e-13  
7.39892e-18  9.39848e-25  9.57375e-14  2.61233e-13  5.69179e-14  2.07255e-13  1.7585e-14  2.15908e-13  1.49761e-14  7.01984e-16  
7.70707e-14  5.73436e-20  6.10571e-19  5.45172e-15  5.51544e-20  1.73955e-13  8.04892e-14  3.63832e-13  1.77457e-13  6.08008e-13  
4.92854e-21  2.24624e-13  1.45738e-13  5.97818e-20  8.56195e-21  2.15562e-13  1.35544e-13  5.98205e-13  2.81482e-13  9.49734e-13  
2.06704e-13  4.61324e-13  1.89712e-13  5.89269e-13  6.13202e-20  1.11086e-13  1.40795e-13  9.7685e-19  1.18188e-18  2.02704e-13  
1.60252e-13  4.064e-13  1.74493e-13  5.33891e-13  8.20601e-14  5.51843e-14  1.96068e-20  1.06826e-14  7.15852e-14  2.93133e-13  
9.80419e-14  3.67334e-13  7.39804e-20  5.97134e-16  7.74494e-14  1.09019e-19  1.27619e-23  1.96712e-13  9.41415e-14  2.11499e-13  
1.11732e-19  1.17989e-13  4.32572e-14  6.76253e-21  4.74188e-14  1.04845e-13  3.43886e-14  4.17031e-13  1.44299e-13  8.72955e-13  
1.07887e-19  7.13348e-13  2.90605e-13  9.89951e-19  6.78162e-13  5.28404e-13  6.40788e-14  2.3631e-12  1.20687e-12  3.16359e-12  
9.19008e-13  1.25326e-12  4.14305e-13  6.91144e-13  2.65134e-13  7.16728e-13  2.61911e-13  1.43039e-17  5.21924e-13  3.37527e-13  
6.13055e-14  2.89649e-12  3.25725e-12  9.30982e-12  6.36838e-13  3.34527e-22  5.95447e-15  
  6 1.31014e+09 1.31014e+09 1.74996 0.586196 156830 259.92 0.027843
1.26292e-26  2.68544e-21  3.42407e-28  0  0.174933  3.13962e-24  3.08992e-38  0  0.0238277  1.2705e-13  4.98972e-15  
6.93345e-19  9.87737e-09  2.31301e-08  1.9193e-36  4.64597e-27  0.000661527  4.16943e-09  4.0953e-07  2.14189e-24  1.59336e-23  
7.19031e-16  6.77907e-08  1.97136e-22  2.3407e-36  1.01392e-05  2.48311e-07  0.000125534  1.38076e-20  2.39943e-27  1.35981e-17  
2.73225e-06  3.42225e-17  5.01201e-36  5.23275e-06  3.48946e-08  4.66398e-07  9.31544e-22  2.81432e-24  4.73332e-08  6.95016e-30  
1.17686e-06  3.3044e-20  4.46319e-28  4.71841e-06  2.41229e-07  1.66707e-07  4.42981e-08  6.02165e-18  3.19702e-19  1.94993e-06  
2.14954e-08  8.91189e-08  1.30476e-17  4.6726e-10  1.79406e-08  2.15445e-10  1.43051e-08  3.25024e-07  8.43746e-16  6.10422e-08  
2.62374e-14  1.05376e-10  1.60652e-08  4.50023e-10  4.09717e-09  2.65839e-07  4.88284e-10  1.99572e-09  3.8725e-10  5.75316e-09  
5.99068e-17  3.48811e-11  6.64589e-21  5.20428e-10  2.48267e-10  6.80624e-18  4.91602e-21  2.6713e-30  9.27286e-10  7.53078e-10  
7.9156e-09  1.38562e-09  6.70078e-10  1.12053e-09  5.15974e-08  5.50229e-09  2.7769e-09  6.36814e-08  2.60537e-07  7.55043e-14  
4.46732e-06  1.78886e-07  3.28393e-08  1.49842e-16  7.60315e-13  2.11081e-08  1.19231e-14  1.40987e-07  1.18624e-09  5.68076e-08  
6.38891e-09  8.78778e-09  3.04812e-14  2.38189e-09  2.09508e-09  8.49039e-19  1.17849e-09  2.7021e-09  3.11766e-16  1.65572e-09  
2.90449e-10  1.19793e-09  7.88333e-21  3.58511e-11  1.34056e-10  1.54602e-21  7.35348e-11  1.33356e-10  9.9821e-19  1.46202e-10  
4.12917e-11  1.98378e-10  2.10282e-11  4.74497e-11  2.03212e-11  8.39769e-11  4.26769e-12  1.42285e-10  1.02902e-11  4.57302e-22  
2.48109e-11  1.40136e-11  2.2734e-12  4.70522e-11  2.09151e-11  1.48806e-10  6.29478e-17  2.83146e-21  4.37519e-11  2.15262e-11  
8.35985e-19  9.20751e-12  2.21347e-11  8.89867e-12  9.09814e-11  2.49107e-19  4.52056e-25  2.15795e-11  9.8055e-21  1.63903e-27  
2.49622e-11  5.55148e-12  8.47545e-12  6.51392e-13  7.92718e-12  1.15822e-19  1.31253e-12  1.92464e-12  2.36093e-15  6.33356e-20  
2.21767e-12  1.87209e-12  2.75353e-12  1.05734e-12  3.23379e-12  1.50997e-13  4.93432e-13  1.50854e-12  5.28212e-13  2.96511e-12  
7.48303e-13  1.67463e-12  5.94154e-13  2.24949e-12  2.8868e-13  1.8085e-12  4.06276e-13  2.23624e-24  7.36465e-13  6.85501e-13  
4.99287e-19  1.62135e-12  6.3309e-13  1.99883e-12  6.76292e-13  2.49843e-12  5.63749e-13  2.85874e-12  1.04449e-12  4.11147e-12  
1.3589e-12  5.71959e-12  5.64886e-13  7.89835e-13  2.67134e-13  1.11964e-12  7.96549e-13  4.26683e-12  1.83814e-12  1.51025e-22  
2.98081e-27  2.81869e-12  2.63883e-12  5.47673e-12  3.4038e-12  8.77208e-12  2.41642e-20  2.30468e-12  1.30833e-12  3.96988e-19  
1.14983e-13  2.14977e-21  1.90917e-26  1.77032e-12  8.84086e-13  2.55381e-12  2.33829e-12  1.58537e-11  2.0996e-12  4.86188e-12  
1.37449e-20  5.60718e-13  7.05454e-13  1.2362e-12  3.5391e-13  1.02224e-12  2.40655e-13  8.38651e-13  6.07671e-21  1.59105e-13  
4.78651e-19  1.65581e-26  9.54659e-14  2.61589e-13  5.66128e-14  2.07547e-13  6.86922e-18  2.16476e-13  3.19728e-14  4.05572e-18  
7.63274e-14  3.98391e-20  1.79976e-24  5.96436e-15  1.17953e-20  1.74082e-13  8.0124e-14  3.63781e-13  1.7712e-13  6.08555e-13  
1.22379e-21  2.24289e-13  1.45446e-13  3.38578e-20  2.103e-21  2.15969e-13  1.34982e-13  5.9844e-13  2.80933e-13  9.50719e-13  
2.06271e-13  4.61452e-13  1.89374e-13  5.90057e-13  1.48775e-20  1.10892e-13  1.40605e-13  2.22683e-19  1.15586e-19  2.03322e-13  
1.60054e-13  4.06913e-13  1.74452e-13  5.3441e-13  8.18643e-14  5.52651e-14  4.93899e-21  1.06254e-14  7.14843e-14  2.93333e-13  
9.79989e-14  3.67684e-13  1.82603e-20  4.69353e-17  7.73439e-14  1.62576e-20  2.05733e-25  1.97398e-13  9.41183e-14  2.11553e-13  
2.78809e-20  1.17811e-13  4.31996e-14  1.60703e-21  4.71838e-14  1.04935e-13  3.43558e-14  4.16927e-13  1.43482e-13  8.72791e-13  
2.68073e-20  7.11834e-13  2.88805e-13  2.47331e-19  7.39438e-13  5.2949e-13  1.68541e-17  2.36312e-12  1.20511e-12  3.1671e-12  
9.18932e-13  1.25661e-12  4.14752e-13  6.9194e-13  2.65133e-13  7.17014e-13  2.61914e-13  4.07618e-19  5.22079e-13  3.37646e-13  
6.1118e-14  2.89645e-12  3.25736e-12  9.31004e-12  6.36825e-13  8.9511e-23  5.97457e-15  
4.35793e-26  5.49672e-21  1.53435e-27  0  0.174459  3.14036e-24  4.45831e-37  0  0.0239776  1.97987e-13  6.05831e-15  
2.65776e-18  9.99482e-09  2.31853e-08  2.95403e-35  2.60796e-26  0.000667624  4.28694e-09  4.32187e-07  7.9047e-24  5.94812e-23  
5.11766e-15  6.77139e-08  6.76847e-22  5.51552e-35  1.01391e-05  2.4829e-07  0.000125511  4.52292e-20  9.81816e-27  4.81286e-17  
2.73225e-06  1.3643e-16  8.86693e-35  5.23275e-06  3.48645e-08  4.66399e-07  3.59629e-21  1.4927e-23  4.73479e-08  4.82384e-29  
1.17686e-06  1.09399e-19  2.31918e-27  4.71841e-06  2.41228e-07  1.66703e-07  4.42974e-08  2.61162e-17  1.43978e-18  1.94993e-06  
2.14944e-08  8.91188e-08  5.49891e-17  4.67239e-10  1.79408e-08  2.15305e-10  1.43024e-08  3.25027e-07  3.45573e-15  6.1042e-08  
4.27016e-14  1.05372e-10  1.60651e-08  4.49894e-10  4.09675e-09  2.65841e-07  4.87746e-10  1.99563e-09  3.87247e-10  5.75318e-09  
2.41846e-16  3.48722e-11  2.81704e-20  5.20429e-10  2.48243e-10  2.76101e-17  2.08331e-20  4.41901e-29  9.27293e-10  7.53114e-10  
7.9158e-09  1.38539e-09  6.70052e-10  1.12059e-09  5.15976e-08  5.50247e-09  2.77646e-09  6.36752e-08  2.60546e-07  2.49207e-13  
4.46734e-06  1.78867e-07  3.28322e-08  6.14139e-16  7.6031e-13  2.11063e-08  3.61831e-14  1.40991e-07  1.18487e-09  5.68082e-08  
6.38781e-09  8.78753e-09  5.59608e-14  2.3818e-09  2.09492e-09  3.43885e-18  1.17837e-09  2.70217e-09  1.20111e-15  1.65573e-09  
2.90438e-10  1.19792e-09  3.0504e-20  3.58517e-11  1.34045e-10  5.93572e-21  7.35333e-11  1.3335e-10  4.14322e-18  1.46203e-10  
4.12922e-11  1.98377e-10  2.10301e-11  4.74448e-11  2.03219e-11  8.39741e-11  4.26505e-12  1.42289e-10  1.02948e-11  1.73089e-21  
2.48121e-11  1.40126e-11  2.27173e-12  4.70465e-11  2.09177e-11  1.48805e-10  1.74395e-16  1.15947e-20  4.3752e-11  2.15268e-11  
3.42806e-18  9.20759e-12  2.21312e-11  8.89814e-12  9.09809e-11  1.02064e-18  2.09205e-24  2.15793e-11  4.00787e-20  2.16427e-26  
2.49622e-11  5.55147e-12  8.4754e-12  6.51146e-13  7.92732e-12  4.71675e-19  1.31254e-12  1.92515e-12  2.35857e-15  2.55179e-19  
2.21744e-12  1.87211e-12  2.75333e-12  1.05735e-12  3.23374e-12  1.50887e-13  4.9362e-13  1.50845e-12  5.28386e-13  2.96508e-12  
7.48458e-13  1.67448e-12  5.94299e-13  2.24943e-12  2.98568e-13  1.80845e-12  3.96465e-13  7.35044e-24  7.36493e-13  6.8541e-13  
1.82687e-18  1.62122e-12  6.33124e-13  1.99879e-12  6.76323e-13  2.49835e-12  5.63783e-13  2.85864e-12  1.04454e-12  4.11144e-12  
1.35891e-12  5.71953e-12  5.64933e-13  7.89803e-13  2.67112e-13  1.1196e-12  7.96715e-13  4.26684e-12  1.83887e-12  5.92132e-22  
3.72206e-26  2.81829e-12  2.63973e-12  5.4758e-12  3.40428e-12  8.77149e-12  1.00017e-19  2.30472e-12  1.30842e-12  1.43247e-18  
1.14957e-13  8.79141e-21  1.38959e-25  1.76996e-12  8.84211e-13  2.55356e-12  2.33831e-12  1.58536e-11  2.0996e-12  4.86187e-12  
5.64871e-20  5.60731e-13  7.0549e-13  1.23616e-12  3.53947e-13  1.02222e-12  2.40685e-13  8.3861e-13  2.52407e-20  1.59126e-13  
1.61638e-18  2.1943e-25  9.54935e-14  2.61552e-13  5.66447e-14  2.07516e-13  1.3262e-17  2.1647e-13  3.20139e-14  1.08746e-17  
7.64044e-14  1.39712e-19  1.69596e-23  5.94357e-15  4.50781e-20  1.74061e-13  8.01662e-14  3.63784e-13  1.77152e-13  6.085e-13  
5.06476e-21  2.24324e-13  1.45478e-13  1.24947e-19  8.72454e-21  2.15925e-13  1.35041e-13  5.98415e-13  2.80987e-13  9.50618e-13  
2.06317e-13  4.61438e-13  1.89407e-13  5.89979e-13  6.21529e-20  1.10912e-13  1.40623e-13  8.90489e-19  4.02621e-19  2.0326e-13  
1.60075e-13  4.06859e-13  1.74455e-13  5.34358e-13  8.18846e-14  5.52554e-14  2.03104e-20  1.06315e-14  7.14957e-14  2.93313e-13  
9.80023e-14  3.67649e-13  7.52877e-20  1.31566e-16  7.73541e-14  6.62354e-20  2.65983e-24  1.973e-13  9.41204e-14  2.11548e-13  
1.12316e-19  1.17829e-13  4.32071e-14  6.75013e-21  4.72092e-14  1.04925e-13  3.43589e-14  4.16937e-13  1.43568e-13  8.72805e-13  
1.10924e-19  7.11992e-13  2.88994e-13  9.95003e-19  7.39728e-13  5.29371e-13  3.61509e-17  2.36309e-12  1.20529e-12  3.16673e-12  
9.18934e-13  1.25627e-12  4.14707e-13  6.91859e-13  2.65133e-13  7.16986e-13  2.61911e-13  1.28035e-18  5.22102e-13  3.37635e-13  
6.10982e-14  2.89645e-12  3.25735e-12  9.31002e-12  6.36826e-13  3.59169e-22  5.97258e-15  
1.36573e-25  1.09686e-20  6.4219e-27  0  0.174584  3.14172e-24  5.37938e-36  0  0.0239478  3.46225e-13  8.45018e-15  
8.63048e-18  9.8784e-09  2.35513e-08  2.93516e-34  1.11314e-25  0.000658714  4.43746e-09  4.98518e-07  2.63237e-23  1.76847e-22  
2.43462e-14  6.7354e-08  1.95188e-21  7.71953e-34  1.01389e-05  2.48263e-07  0.000125445  1.27737e-19  3.14911e-26  1.38461e-16  
2.73223e-06  4.56244e-16  9.21939e-34  5.23275e-06  3.47284e-08  4.66338e-07  1.22306e-20  5.58875e-23  4.7385e-08  2.30448e-28  
1.17687e-06  3.20811e-19  8.64288e-27  4.7184e-06  2.41225e-07  1.66695e-07  4.42961e-08  9.22855e-17  5.2602e-18  1.94994e-06  
2.14902e-08  8.91186e-08  1.87463e-16  4.67184e-10  1.79412e-08  2.15043e-10  1.42962e-08  3.25033e-07  1.16155e-14  6.10412e-08  
6.87429e-14  1.05363e-10  1.60651e-08  4.49588e-10  4.09547e-09  2.65844e-07  4.86979e-10  1.99543e-09  3.87235e-10  5.75323e-09  
7.85921e-16  3.48524e-11  9.79153e-20  5.2043e-10  2.48181e-10  9.1827e-17  7.22883e-20  5.15065e-28  9.27314e-10  7.53189e-10  
7.91629e-09  1.38485e-09  6.69991e-10  1.12071e-09  5.15982e-08  5.5027e-09  2.77558e-09  6.36611e-08  2.60567e-07  6.9647e-13  
4.46741e-06  1.78812e-07  3.28161e-08  2.05971e-15  7.60312e-13  2.11002e-08  9.41717e-14  1.41001e-07  1.18275e-09  5.68094e-08  
6.38525e-09  8.7869e-09  9.59465e-14  2.3816e-09  2.09466e-09  1.16401e-17  1.17809e-09  2.70237e-09  3.75479e-15  1.65576e-09  
2.90412e-10  1.19787e-09  1.01739e-19  3.58531e-11  1.34026e-10  1.98093e-20  7.35288e-11  1.33335e-10  1.41763e-17  1.46205e-10  
4.12927e-11  1.98377e-10  2.10341e-11  4.74344e-11  2.03233e-11  8.39675e-11  4.26008e-12  1.42297e-10  1.03041e-11  5.72349e-21  
2.48138e-11  1.40106e-11  2.26911e-12  4.70341e-11  2.0922e-11  1.48803e-10  4.13779e-16  3.99278e-20  4.37521e-11  2.15277e-11  
1.15867e-17  9.20774e-12  2.21233e-11  8.89691e-12  9.09799e-11  3.409e-18  1.25773e-23  2.1579e-11  1.35835e-19  2.47301e-25  
2.49622e-11  5.55137e-12  8.47528e-12  6.50633e-13  7.92763e-12  1.56661e-18  1.31258e-12  1.92625e-12  2.40238e-15  8.32324e-19  
2.21701e-12  1.87208e-12  2.75287e-12  1.05739e-12  3.23362e-12  1.50717e-13  4.94011e-13  1.50822e-12  5.28793e-13  2.96499e-12  
7.48879e-13  1.67409e-12  5.94664e-13  2.24926e-12  3.04879e-13  1.80829e-12  3.90399e-13  2.15756e-23  7.36615e-13  6.85189e-13  
5.49753e-18  1.62085e-12  6.33235e-13  1.99867e-12  6.76422e-13  2.49813e-12  5.63882e-13  2.8584e-12  1.04467e-12  4.11132e-12  
1.35896e-12  5.71936e-12  5.65074e-13  7.89709e-13  2.67069e-13  1.11952e-12  7.97107e-13  4.26682e-12  1.84054e-12  2.00851e-21  
3.48152e-25  2.81741e-12  2.64184e-12  5.47363e-12  3.4053e-12  8.7702e-12  3.41887e-19  2.30481e-12  1.30862e-12  4.1988e-18  
1.14917e-13  2.96935e-20  1.05467e-24  1.76917e-12  8.8445e-13  2.55301e-12  2.33835e-12  1.58534e-11  2.09961e-12  4.86183e-12  
1.90418e-19  5.60763e-13  7.05564e-13  1.23607e-12  3.54022e-13  1.02219e-12  2.40746e-13  8.38529e-13  8.64472e-20  1.59173e-13  
4.60256e-18  2.08807e-24  9.55456e-14  2.61474e-13  5.67017e-14  2.07462e-13  2.37217e-17  2.16484e-13  3.20868e-14  2.49877e-17  
7.65505e-14  3.98962e-19  1.24122e-22  5.9177e-15  1.39776e-19  1.74019e-13  8.02605e-14  3.63804e-13  1.77204e-13  6.08394e-13  
1.7405e-20  2.24404e-13  1.45546e-13  3.73674e-19  2.99119e-20  2.15832e-13  1.35157e-13  5.98385e-13  2.81091e-13  9.50403e-13  
2.06412e-13  4.61416e-13  1.89455e-13  5.89832e-13  2.1395e-19  1.10957e-13  1.4065e-13  2.88236e-18  1.17272e-18  2.03125e-13  
1.60119e-13  4.06737e-13  1.74451e-13  5.34244e-13  8.19236e-14  5.52343e-14  6.90549e-20  1.06458e-14  7.15226e-14  2.93271e-13  
9.80043e-14  3.67575e-13  2.54057e-19  1.92311e-16  7.73701e-14  2.18366e-19  1.39542e-23  1.97215e-13  9.41219e-14  2.11535e-13  
3.68854e-19  1.17872e-13  4.32304e-14  2.34226e-20  4.72671e-14  1.04896e-13  3.43631e-14  4.16966e-13  1.43748e-13  8.7286e-13  
3.78163e-19  7.12368e-13  2.89392e-13  3.26761e-18  7.40359e-13  5.29141e-13  6.9331e-17  2.36308e-12  1.20573e-12  3.16586e-12  
9.18882e-13  1.25553e-12  4.14606e-13  6.91686e-13  2.6513e-13  7.16926e-13  2.619e-13  3.43628e-18  5.22156e-13  3.37612e-13  
6.1056e-14  2.89646e-12  3.25733e-12  9.30997e-12  6.36828e-13  1.19636e-21  5.96843e-15  
1.3451e-24  1.34087e-17  2.31079e-25  7.23395e-35  0.184838  3.94017e-24  8.9745e-32  0  0.0206638  4.61762e-08  5.16018e-09  
1.1511e-16  1.84558e-05  2.16909e-08  4.66061e-32  2.3392e-21  0.000567626  7.24118e-09  1.49425e-06  8.08652e-22  1.92341e-21  
2.62344e-10  5.69705e-08  1.4402e-20  1.00172e-28  1.0113e-05  2.09768e-07  0.000106019  9.54597e-19  3.74411e-25  2.38827e-13  
2.6938e-06  5.34739e-15  2.25642e-29  5.29151e-06  3.20409e-08  4.00543e-07  1.44038e-19  7.62181e-22  5.93079e-08  4.45075e-27  
1.23684e-06  3.15763e-18  1.2565e-25  4.7237e-06  2.40958e-07  1.66381e-07  4.4208e-08  3.56881e-15  7.27026e-16  1.95057e-06  
2.10728e-08  8.90778e-08  2.01677e-13  4.64557e-10  1.79804e-08  2.41005e-10  1.39227e-08  3.25375e-07  2.74465e-12  6.10112e-08  
5.93762e-11  1.05209e-10  1.60036e-08  4.26675e-10  3.61747e-09  2.66036e-07  8.31087e-10  1.99376e-09  3.86982e-10  5.75627e-09  
1.43259e-12  3.4174e-11  1.38499e-18  5.20485e-10  2.42151e-10  3.07468e-14  1.16186e-18  1.42296e-25  9.29271e-10  7.58463e-10  
7.94404e-09  1.35061e-09  6.68687e-10  1.12934e-09  5.16328e-08  5.51768e-09  2.71852e-09  6.09547e-08  2.61931e-07  1.66881e-09  
4.47187e-06  1.74533e-07  3.23184e-08  8.08113e-13  6.96144e-13  1.9339e-08  1.88766e-10  1.41635e-07  2.36626e-09  5.67784e-08  
6.1895e-09  8.79171e-09  9.01674e-11  2.36933e-09  1.99221e-09  1.33034e-16  1.15084e-09  2.71587e-09  8.10271e-12  1.65867e-09  
2.88186e-10  1.19591e-09  1.21183e-18  3.59458e-11  1.32653e-10  2.42887e-19  7.33575e-11  1.32468e-10  3.6408e-16  1.46483e-10  
4.12782e-11  1.98359e-10  2.15054e-11  4.63664e-11  2.06101e-11  8.34906e-11  4.77775e-12  1.42946e-10  1.05045e-11  6.20376e-20  
2.4172e-11  1.34293e-11  2.71296e-12  4.61953e-11  2.14229e-11  1.48597e-10  7.10184e-13  4.88089e-19  4.37485e-11  2.0873e-11  
6.97851e-16  9.2124e-12  2.15789e-11  8.88219e-12  9.0939e-11  1.61168e-15  7.45789e-17  2.15635e-11  1.70186e-18  6.46889e-19  
2.49635e-11  5.54361e-12  8.46952e-12  6.36203e-13  7.95536e-12  1.07074e-15  1.31456e-12  2.01221e-12  1.66197e-13  1.10788e-15  
1.98707e-12  1.86265e-12  2.7173e-12  1.07222e-12  3.22281e-12  1.87336e-13  4.898e-13  1.46965e-12  5.91643e-13  2.93082e-12  
8.17949e-13  1.59407e-12  6.56315e-13  2.20751e-12  3.15147e-13  1.79795e-12  4.21556e-13  1.97375e-22  7.57409e-13  6.35584e-13  
1.25678e-14  1.56987e-12  6.60599e-13  1.98247e-12  6.94855e-13  2.47141e-12  5.82365e-13  2.83278e-12  1.06224e-12  4.09633e-12  
1.36582e-12  5.70631e-12  5.8595e-13  7.6875e-13  2.62233e-13  1.1169e-12  8.47794e-13  4.24314e-12  2.06139e-12  2.46676e-20  
3.96801e-18  2.63584e-12  2.9264e-12  5.15939e-12  3.53619e-12  8.64422e-12  4.75475e-18  2.31065e-12  1.33838e-12  2.7854e-15  
1.08284e-13  9.38509e-19  7.45461e-18  1.69783e-12  9.22025e-13  2.50916e-12  2.34629e-12  1.58386e-11  2.10054e-12  4.85914e-12  
3.95825e-17  5.62808e-13  7.11656e-13  1.22856e-12  3.61631e-13  1.01785e-12  2.47308e-13  8.29942e-13  2.09445e-18  1.62983e-13  
1.0615e-14  7.18792e-20  8.96061e-14  2.55345e-13  6.23989e-14  2.01585e-13  1.52545e-14  2.21589e-13  2.5763e-14  6.81684e-15  
8.72892e-14  2.0154e-16  9.14219e-16  6.89011e-15  2.35677e-16  1.6333e-13  8.68377e-14  3.58938e-13  1.78354e-13  5.94869e-13  
2.14079e-19  2.31626e-13  1.55284e-13  3.5244e-17  4.64997e-19  2.06739e-13  1.4753e-13  5.92957e-13  2.91703e-13  9.24795e-13  
2.20551e-13  4.59126e-13  1.92049e-13  5.74503e-13  4.33275e-18  1.14419e-13  1.41987e-13  3.868e-15  4.80749e-15  1.92599e-13  
1.52714e-13  4.00894e-13  1.76139e-13  5.28706e-13  8.7789e-14  5.2553e-14  1.05572e-18  1.25911e-14  7.60367e-14  2.87183e-13  
9.72741e-14  3.62301e-13  8.95635e-17  2.10138e-16  7.88609e-14  3.52783e-17  8.12204e-22  1.96942e-13  9.34654e-14  2.10987e-13  
3.07423e-16  1.21475e-13  4.6858e-14  3.10464e-19  5.49727e-14  1.01236e-13  3.46319e-14  4.166e-13  1.66991e-13  8.6878e-13  
1.60361e-17  7.4908e-13  3.40123e-13  2.43578e-15  7.43677e-13  5.00819e-13  6.2572e-14  2.31915e-12  1.25553e-12  3.05062e-12  
9.1608e-13  1.21102e-12  4.18637e-13  6.87396e-13  2.67179e-13  7.13511e-13  2.6082e-13  7.47578e-15  5.25295e-13  3.29555e-13  
5.82178e-14  2.89751e-12  3.25593e-12  9.30658e-12  6.36877e-13  1.56537e-20  5.70758e-15  
3.52281e-21  6.73412e-15  6.03624e-23  2.50567e-31  0.190587  4.14668e-24  3.5867e-27  0  0.0188296  6.12641e-08  1.26503e-08  
1.60337e-13  2.60041e-05  2.67992e-08  1.12212e-25  9.55798e-18  0.00051074  9.70423e-09  4.54001e-06  5.60338e-18  3.07218e-18  
1.96447e-09  5.12713e-08  2.96676e-17  1.55836e-24  1.0102e-05  1.88498e-07  9.54356e-05  1.92409e-15  7.26318e-22  4.25884e-13  
2.59917e-06  1.27176e-11  8.60345e-26  5.33371e-06  3.30112e-08  3.64558e-07  2.97549e-16  1.6536e-18  7.24186e-08  1.39243e-23  
1.29566e-06  7.09917e-15  3.02838e-22  4.72856e-06  2.41025e-07  1.66533e-07  4.41731e-08  2.16396e-12  1.06424e-13  1.95046e-06  
2.10875e-08  8.90955e-08  2.02126e-12  4.65678e-10  1.80007e-08  2.65493e-10  1.37312e-08  3.25368e-07  1.41844e-10  6.10443e-08  
1.07067e-10  1.05605e-10  1.59538e-08  4.2373e-10  3.34936e-09  2.66033e-07  1.06747e-09  2.00055e-09  3.87632e-10  5.75557e-09  
6.93976e-12  3.3918e-11  3.38932e-15  5.20487e-10  2.36599e-10  1.04217e-12  3.45721e-15  8.72474e-19  9.28863e-10  7.5962e-10  
7.9418e-09  1.35025e-09  6.70267e-10  1.13144e-09  5.16283e-08  5.53057e-09  2.7073e-09  5.90123e-08  2.62136e-07  3.38404e-09  
4.47168e-06  1.74431e-07  3.26117e-08  2.53633e-11  8.92548e-13  1.83295e-08  3.48844e-10  1.41609e-07  3.34354e-09  5.66775e-08  
6.1628e-09  8.82351e-09  1.58649e-10  2.36775e-09  1.9198e-09  3.07783e-13  1.12855e-09  2.71652e-09  2.74668e-11  1.66019e-09  
2.87696e-10  1.19643e-09  2.4321e-15  3.59532e-11  1.32153e-10  4.99042e-16  7.31068e-11  1.32501e-10  3.41337e-13  1.4659e-10  
4.12975e-11  1.98328e-10  2.1722e-11  4.59594e-11  2.07705e-11  8.34393e-11  5.25089e-12  1.43083e-10  1.04338e-11  1.20498e-16  
2.3752e-11  1.30153e-11  3.0129e-12  4.60862e-11  2.17e-11  1.48461e-10  1.32258e-12  1.07937e-15  4.37544e-11  2.03224e-11  
1.94086e-13  9.22549e-12  2.12475e-11  8.91822e-12  9.09457e-11  3.73171e-14  4.07675e-16  2.1535e-11  4.45342e-15  1.03215e-16  
2.4956e-11  5.54567e-12  8.47003e-12  6.42468e-13  7.96176e-12  1.61497e-14  1.31513e-12  2.03419e-12  2.64836e-13  1.22655e-14  
1.84438e-12  1.84489e-12  2.71064e-12  1.07868e-12  3.22071e-12  2.09628e-13  4.76799e-13  1.45618e-12  6.20213e-13  2.90979e-12  
8.43682e-13  1.55852e-12  6.83981e-13  2.18645e-12  3.19674e-13  1.80739e-12  4.27759e-13  4.21958e-19  7.53369e-13  6.08437e-13  
2.83189e-14  1.55588e-12  6.7283e-13  1.9785e-12  7.01312e-13  2.46375e-12  5.89632e-13  2.8262e-12  1.06766e-12  4.0934e-12  
1.36684e-12  5.70517e-12  5.92252e-13  7.59883e-13  2.60219e-13  1.1189e-12  8.6666e-13  4.22815e-12  2.15107e-12  5.13473e-17  
7.30751e-17  2.53863e-12  3.0403e-12  5.02825e-12  3.59338e-12  8.60212e-12  1.07098e-14  2.31134e-12  1.34336e-12  3.3308e-14  
1.15177e-13  7.12947e-16  6.97912e-17  1.63992e-12  9.39142e-13  2.49906e-12  2.35013e-12  1.58381e-11  2.10084e-12  4.8583e-12  
2.5388e-15  5.63026e-13  7.11061e-13  1.22649e-12  3.64608e-13  1.01537e-12  2.50205e-13  8.26131e-13  2.09742e-15  1.64221e-13  
1.86279e-14  2.49648e-16  8.32236e-14  2.50591e-13  6.74448e-14  1.9644e-13  2.02182e-14  2.22149e-13  3.13195e-14  6.07015e-15  
9.26973e-14  4.9293e-15  6.13085e-15  4.85326e-15  5.13453e-16  1.46489e-13  9.08574e-14  3.52673e-13  1.79768e-13  5.86918e-13  
5.40571e-16  2.33597e-13  1.60836e-13  5.69733e-15  1.29644e-15  1.91417e-13  1.58063e-13  5.86635e-13  2.98081e-13  9.12982e-13  
2.28748e-13  4.55855e-13  1.95281e-13  5.66248e-13  5.63096e-15  1.16428e-13  1.39734e-13  1.99653e-14  1.47568e-14  1.67792e-13  
1.46753e-13  3.9943e-13  1.78449e-13  5.28704e-13  9.15209e-14  5.03541e-14  1.96811e-15  1.33675e-14  7.69846e-14  2.83758e-13  
9.74132e-14  3.6104e-13  3.06217e-15  4.68789e-16  7.78055e-14  2.68708e-15  5.15173e-17  1.92643e-13  9.39505e-14  2.11083e-13  
3.49314e-15  1.22741e-13  4.58601e-14  7.50379e-16  5.88904e-14  9.78256e-14  3.49763e-14  4.14018e-13  1.80038e-13  8.59015e-13  
7.38506e-15  7.59504e-13  3.61629e-13  2.65372e-14  7.51953e-13  4.43889e-13  9.04256e-14  2.28441e-12  1.27494e-12  3.0048e-12  
9.21891e-13  1.2056e-12  4.26104e-13  6.90674e-13  2.69047e-13  7.13207e-13  2.60981e-13  1.42432e-14  5.25779e-13  3.22739e-13  
5.75175e-14  2.89765e-12  3.25572e-12  9.30681e-12  6.36949e-13  3.50389e-17  5.63276e-15  
3.81516e-21  1.33864e-15  2.43873e-24  2.49166e-31  0.187524  4.03794e-24  6.50277e-30  0  0.0198386  2.12937e-08  1.65939e-08  
2.74766e-14  6.76365e-06  3.70328e-08  4.66394e-27  5.95844e-19  0.000512891  1.1253e-08  1.63855e-05  1.25942e-17  5.38241e-19  
4.35628e-09  5.37379e-08  1.72665e-17  1.22729e-24  1.01016e-05  1.88475e-07  0.000102811  1.12932e-15  1.66682e-22  3.28208e-13  
2.59248e-06  6.65825e-12  1.45797e-26  5.33087e-06  3.59834e-08  3.66646e-07  1.92033e-16  4.00253e-19  7.01495e-08  7.35391e-24  
1.30135e-06  4.36447e-15  9.13598e-23  4.72912e-06  2.4148e-07  1.67446e-07  4.42823e-08  9.4873e-13  6.96693e-14  1.94925e-06  
2.16389e-08  8.91438e-08  2.07277e-12  4.71463e-10  1.7963e-08  3.02277e-10  1.43937e-08  3.24731e-07  9.24473e-11  6.11177e-08  
1.48956e-10  1.06658e-10  1.59127e-08  4.55336e-10  3.33235e-09  2.65687e-07  1.3e-09  2.02072e-09  3.89244e-10  5.74958e-09  
7.4339e-12  3.60762e-11  1.33828e-15  5.20393e-10  2.42984e-10  7.3179e-13  1.08222e-15  1.1211e-19  9.26453e-10  7.5254e-10  
7.89059e-09  1.40642e-09  6.76792e-10  1.12015e-09  5.15643e-08  5.51814e-09  2.79136e-09  5.93716e-08  2.60147e-07  4.3408e-09  
4.46434e-06  1.80658e-07  3.43069e-08  1.92168e-11  1.01182e-12  1.82565e-08  4.56725e-10  1.40536e-07  4.33428e-09  5.64299e-08  
6.42717e-09  8.89345e-09  2.145e-10  2.38757e-09  1.88291e-09  1.67909e-13  1.15242e-09  2.69677e-09  3.07084e-11  1.65811e-09  
2.90277e-10  1.20102e-09  1.42865e-15  3.58087e-11  1.33837e-10  3.01176e-16  7.38251e-11  1.34042e-10  1.35099e-13  1.4638e-10  
4.12927e-11  1.98348e-10  2.13446e-11  4.69567e-11  2.06328e-11  8.41396e-11  5.98606e-12  1.42237e-10  9.25354e-12  7.09354e-17  
2.34263e-11  1.32749e-11  3.40289e-12  4.72802e-11  2.13574e-11  1.48614e-10  1.81619e-12  6.77627e-16  4.37611e-11  1.97842e-11  
8.60863e-14  9.21607e-12  2.20831e-11  9.04618e-12  9.10457e-11  2.88067e-14  5.51335e-16  2.15811e-11  1.83243e-15  4.04072e-17  
2.49553e-11  5.55849e-12  8.48236e-12  6.9672e-13  7.92928e-12  1.38776e-14  1.31226e-12  1.92186e-12  3.4594e-13  1.29963e-14  
1.80051e-12  1.84996e-12  2.75827e-12  1.07258e-12  3.2336e-12  2.38487e-13  4.23531e-13  1.48193e-12  5.75557e-13  2.92318e-12  
7.93809e-13  1.605e-12  6.39568e-13  2.21116e-12  3.44196e-13  1.82647e-12  3.72258e-13  2.59021e-19  7.28281e-13  6.33321e-13  
3.30057e-14  1.60086e-12  6.57953e-13  1.99487e-12  6.89193e-13  2.48764e-12  5.77673e-13  2.85279e-12  1.05326e-12  4.10791e-12  
1.36043e-12  5.72292e-12  5.76093e-13  7.71275e-13  2.63723e-13  1.12759e-12  8.26526e-13  4.23088e-12  1.97954e-12  3.3173e-17  
6.72931e-17  2.6329e-12  2.81704e-12  5.25334e-12  3.49228e-12  8.73024e-12  4.06022e-15  2.3018e-12  1.33093e-12  1.52983e-14  
1.24078e-13  2.8342e-16  8.91134e-17  1.73395e-12  9.14319e-13  2.55686e-12  2.34623e-12  1.58627e-11  2.09991e-12  4.8614e-12  
1.57945e-15  5.5983e-13  7.05068e-13  1.23546e-12  3.57576e-13  1.01784e-12  2.44548e-13  8.33517e-13  8.2899e-16  1.59617e-13  
2.53953e-14  1.29675e-16  7.40976e-14  2.56552e-13  6.24174e-14  2.01377e-13  2.35444e-14  2.15572e-13  1.92894e-14  6.88669e-15  
8.3944e-14  1.5633e-15  5.32346e-15  3.93977e-15  4.48621e-16  1.55374e-13  8.20667e-14  3.50622e-13  1.75808e-13  5.95325e-13  
2.91502e-16  2.25514e-13  1.53638e-13  1.79552e-15  3.75465e-16  2.04239e-13  1.47584e-13  5.89949e-13  2.88769e-13  9.33513e-13  
2.18799e-13  4.58404e-13  1.92271e-13  5.78843e-13  2.19248e-15  1.12375e-13  1.41613e-13  2.06939e-14  1.89383e-14  1.74603e-13  
1.44481e-13  4.09594e-13  1.7958e-13  5.40279e-13  8.78734e-14  5.30455e-14  7.36582e-16  1.18825e-14  7.49848e-14  2.88191e-13  
9.76286e-14  3.68027e-13  2.25462e-15  5.89664e-16  7.77389e-14  1.6125e-15  1.26103e-17  1.95142e-13  9.44223e-14  2.12313e-13  
3.16288e-15  1.18871e-13  4.35781e-14  3.20403e-16  5.28436e-14  1.00989e-13  3.46288e-14  4.11197e-13  1.61659e-13  8.53753e-13  
3.20223e-15  7.21832e-13  3.25319e-13  2.45087e-14  6.7123e-13  4.61262e-13  1.10097e-13  2.28728e-12  1.22802e-12  3.0927e-12  
9.29512e-13  1.2791e-12  4.36895e-13  7.0909e-13  2.69892e-13  7.19086e-13  2.6266e-13  1.84014e-14  5.20881e-13  3.20112e-13  
6.14098e-14  2.89624e-12  3.25788e-12  9.31297e-12  6.36922e-13  1.25187e-17  6.0544e-15  
4.5488e-22  1.0647e-14  1.52196e-25  8.26589e-29  0.184778  4.11885e-24  1.74076e-29  0  0.0207415  5.12859e-09  1.69203e-08  
2.78984e-15  1.25764e-06  3.47162e-08  6.73469e-29  5.35827e-21  0.000517581  1.06066e-08  8.40709e-06  4.92609e-19  4.7311e-20  
3.52744e-10  6.00263e-08  1.40461e-18  1.36726e-26  1.01036e-05  1.89562e-07  0.000116289  9.4925e-17  1.54237e-23  2.66337e-13  
2.59423e-06  7.23643e-13  1.04335e-27  5.3301e-06  4.1108e-08  3.69443e-07  1.7174e-17  3.61882e-20  6.69974e-08  8.89512e-25  
1.3007e-06  3.56146e-16  8.77089e-24  4.72914e-06  2.41815e-07  1.67995e-07  4.43409e-08  2.90361e-13  3.21916e-14  1.94848e-06  
2.20121e-08  8.91726e-08  1.50264e-12  4.75167e-10  1.79404e-08  3.23022e-10  1.4806e-08  3.24353e-07  4.63978e-11  6.11656e-08  
1.72806e-10  1.0731e-10  1.58891e-08  4.74233e-10  3.32714e-09  2.65483e-07  1.42737e-09  2.03248e-09  3.90293e-10  5.74587e-09  
6.16072e-12  3.74217e-11  2.19149e-16  5.20335e-10  2.48472e-10  3.90402e-13  1.9685e-16  2.62033e-21  9.24995e-10  7.48493e-10  
7.86057e-09  1.43933e-09  6.80644e-10  1.11366e-09  5.15241e-08  5.51446e-09  2.83957e-09  5.98554e-08  2.58987e-07  4.62701e-09  
4.45963e-06  1.84694e-07  3.53161e-08  1.066e-11  1.07486e-12  1.8239e-08  5.02059e-10  1.39884e-07  4.91458e-09  5.63046e-08  
6.58475e-09  8.93478e-09  2.44452e-10  2.39926e-09  1.86294e-09  1.80337e-14  1.17168e-09  2.68491e-09  2.75232e-11  1.65696e-09  
2.91814e-10  1.20377e-09  1.30406e-16  3.57225e-11  1.34763e-10  2.71731e-17  7.42473e-11  1.34954e-10  3.53956e-14  1.46245e-10  
4.13052e-11  1.98347e-10  2.11191e-11  4.75468e-11  2.05459e-11  8.45642e-11  6.40911e-12  1.41739e-10  8.56439e-12  6.15764e-18  
2.32502e-11  1.34345e-11  3.61027e-12  4.79796e-11  2.11723e-11  1.48694e-10  2.07163e-12  6.84114e-17  4.37667e-11  1.95137e-11  
3.04155e-14  9.21025e-12  2.25646e-11  9.12149e-12  9.11049e-11  1.63701e-14  6.20295e-16  2.16154e-11  2.5021e-16  1.97171e-17  
2.49538e-11  5.56726e-12  8.48951e-12  7.28483e-13  7.90971e-12  8.64349e-15  1.3106e-12  1.85549e-12  3.89101e-13  8.83281e-15  
1.77764e-12  1.86309e-12  2.78738e-12  1.06842e-12  3.24119e-12  2.54156e-13  3.9261e-13  1.49807e-12  5.47694e-13  2.93258e-12  
7.62324e-13  1.6345e-12  6.11263e-13  2.22751e-12  3.57646e-13  1.83843e-12  3.38915e-13  2.04235e-20  7.15542e-13  6.48994e-13  
3.2177e-14  1.62912e-12  6.48169e-13  2.00552e-12  6.8153e-13  2.50232e-12  5.69992e-13  2.86899e-12  1.0445e-12  4.11705e-12  
1.35628e-12  5.7336e-12  5.66049e-13  7.7856e-13  2.65734e-13  1.13267e-12  8.01994e-13  4.23336e-12  1.87488e-12  3.05758e-18  
6.94386e-17  2.69226e-12  2.67983e-12  5.39123e-12  3.43154e-12  8.80681e-12  6.93685e-16  2.29609e-12  1.32255e-12  6.25944e-15  
1.28864e-13  8.0799e-17  9.88128e-17  1.78863e-12  8.99582e-13  2.59163e-12  2.34381e-12  1.58775e-11  2.09932e-12  4.86325e-12  
7.61503e-16  5.57915e-13  7.0187e-13  1.24069e-12  3.5347e-13  1.0192e-12  2.41318e-13  8.37742e-13  2.11907e-16  1.56852e-13  
2.75902e-14  2.42636e-17  7.03763e-14  2.60195e-13  5.93219e-14  2.04459e-13  2.50895e-14  2.1191e-13  1.20927e-14  6.95796e-15  
7.88337e-14  3.00334e-16  4.70471e-15  3.53683e-15  3.55095e-16  1.60462e-13  7.67318e-14  3.49316e-13  1.73675e-13  6.00212e-13  
3.30292e-17  2.20654e-13  1.49219e-13  3.27701e-16  6.56639e-17  2.1123e-13  1.41056e-13  5.91698e-13  2.8338e-13  9.45882e-13  
2.12659e-13  4.59968e-13  1.90699e-13  5.86208e-13  5.10136e-16  1.09941e-13  1.42451e-13  1.62238e-14  1.97347e-14  1.83513e-13  
1.44749e-13  4.15696e-13  1.80422e-13  5.47135e-13  8.56438e-14  5.48337e-14  1.41779e-16  1.09632e-14  7.35789e-14  2.90807e-13  
9.78702e-14  3.72108e-13  1.22714e-15  6.51721e-16  7.82724e-14  7.63141e-16  1.18131e-18  1.96859e-13  9.47234e-14  2.13025e-13  
2.09443e-15  1.16517e-13  4.29118e-14  4.96792e-17  4.90903e-14  1.0305e-13  3.44647e-14  4.09542e-13  1.50373e-13  8.50926e-13  
1.02318e-15  6.99272e-13  3.02555e-13  1.62931e-14  6.24718e-13  4.79377e-13  1.19121e-13  2.28994e-12  1.19952e-12  3.14609e-12  
9.34686e-13  1.32236e-12  4.43241e-13  7.20039e-13  2.70494e-13  7.22437e-13  2.63905e-13  1.99303e-14  5.18001e-13  3.19378e-13  
6.36936e-14  2.89535e-12  3.25915e-12  9.31668e-12  6.36943e-13  2.05967e-18  6.29523e-15  
1.83598e-22  9.99875e-19  6.38731e-26  1.1937e-39  0.181547  4.07424e-24  6.0762e-32  0  0.0218012  7.45494e-12  1.69393e-08  
1.31314e-15  6.96172e-10  2.62927e-08  2.42109e-29  6.49934e-24  0.000528359  8.30069e-09  1.49198e-06  1.88055e-20  2.23563e-20  
2.88389e-13  6.94885e-08  3.68196e-19  7.85445e-30  1.01073e-05  1.91451e-07  0.000124449  2.20877e-17  7.39025e-24  1.73124e-13  
2.60003e-06  1.76421e-13  3.34759e-28  5.32815e-06  4.9699e-08  3.7429e-07  3.41211e-18  1.81649e-20  6.37669e-08  4.71098e-25  
1.29711e-06  7.12725e-17  4.22627e-24  4.72893e-06  2.42062e-07  1.6842e-07  4.439e-08  5.86821e-14  5.05575e-15  1.94789e-06  
2.22924e-08  8.91904e-08  1.77429e-13  4.78053e-10  1.79224e-08  3.38251e-10  1.51395e-08  3.24057e-07  6.64423e-12  6.12026e-08  
1.88534e-10  1.07814e-10  1.58737e-08  4.89082e-10  3.33478e-09  2.65323e-07  1.51599e-09  2.04157e-09  3.91071e-10  5.74302e-09  
9.33512e-13  3.85174e-11  5.70028e-17  5.20291e-10  2.56945e-10  5.32289e-14  4.43986e-17  1.44131e-22  9.23926e-10  7.45238e-10  
7.83711e-09  1.46514e-09  6.83623e-10  1.10844e-09  5.14933e-08  5.51021e-09  2.87827e-09  6.20537e-08  2.58065e-07  3.0448e-09  
4.45602e-06  1.87791e-07  3.61013e-08  1.40044e-12  1.08989e-12  1.8271e-08  4.16736e-10  1.39378e-07  5.3207e-09  5.63267e-08  
6.70873e-09  8.96614e-09  2.61869e-10  2.40845e-09  1.8539e-09  4.3202e-15  1.20605e-09  2.67557e-09  6.07934e-12  1.65584e-09  
2.93033e-10  1.20591e-09  2.80739e-17  3.56546e-11  1.35526e-10  5.7177e-18  7.45229e-11  1.35669e-10  7.80815e-15  1.46137e-10  
4.13103e-11  1.98351e-10  2.09368e-11  4.80213e-11  2.04759e-11  8.48957e-11  6.71757e-12  1.41345e-10  8.04159e-12  1.2263e-18  
2.31299e-11  1.35614e-11  3.76046e-12  4.85352e-11  2.10136e-11  1.48764e-10  1.98774e-12  1.53799e-17  4.37706e-11  1.95805e-11  
5.57743e-15  9.20404e-12  2.29303e-11  9.18012e-12  9.11512e-11  2.03439e-15  5.99638e-16  2.16467e-11  6.44372e-17  1.49866e-19  
2.49521e-11  5.57376e-12  8.4951e-12  7.53079e-13  7.89428e-12  1.02349e-15  1.30924e-12  1.80304e-12  4.17745e-13  1.05603e-15  
1.76592e-12  1.88109e-12  2.81053e-12  1.06518e-12  3.24715e-12  2.65251e-13  3.696e-13  1.51075e-12  5.25918e-13  2.93957e-12  
7.38025e-13  1.65743e-12  5.89734e-13  2.23956e-12  3.6778e-13  1.84765e-12  3.13576e-13  3.81506e-21  7.24527e-13  6.61298e-13  
1.32199e-14  1.65065e-12  6.40675e-13  2.01349e-12  6.75605e-13  2.51382e-12  5.64032e-13  2.88164e-12  1.03759e-12  4.1241e-12  
1.35312e-12  5.74192e-12  5.58203e-13  7.8429e-13  2.67449e-13  1.1366e-12  7.82461e-13  4.23541e-12  1.79158e-12  6.44542e-19  
2.67806e-17  2.73973e-12  2.5718e-12  5.50058e-12  3.38273e-12  8.86785e-12  1.75604e-16  2.29157e-12  1.3135e-12  1.29366e-15  
1.31746e-13  1.73089e-17  9.50137e-17  1.83068e-12  8.87879e-13  2.61886e-12  2.34184e-12  1.5889e-11  2.09885e-12  4.86475e-12  
1.09268e-16  5.56399e-13  6.99275e-13  1.24489e-12  3.50136e-13  1.02037e-12  2.38675e-13  8.4121e-13  4.72614e-17  1.54615e-13  
1.80268e-14  3.99092e-18  7.82069e-14  2.63289e-13  5.68351e-14  2.06856e-13  2.57309e-14  2.09511e-13  7.70876e-15  5.79508e-15  
7.48356e-14  9.25163e-17  2.55975e-15  3.46367e-15  9.11255e-17  1.63705e-13  7.42641e-14  3.48121e-13  1.71917e-13  6.04303e-13  
8.13056e-18  2.16776e-13  1.45658e-13  1.01585e-16  1.54192e-17  2.15952e-13  1.35676e-13  5.92881e-13  2.79033e-13  9.55812e-13  
2.07882e-13  4.61035e-13  1.89337e-13  5.92274e-13  1.18835e-16  1.0788e-13  1.41994e-13  2.46907e-15  9.69389e-15  2.02242e-13  
1.5427e-13  4.20712e-13  1.80987e-13  5.52517e-13  8.38604e-14  5.60994e-14  3.55143e-17  1.02358e-14  7.21695e-14  2.92913e-13  
9.80422e-14  3.75378e-13  1.62269e-16  6.56454e-16  7.88128e-14  1.18604e-16  6.39081e-20  1.98427e-13  9.48451e-14  2.13581e-13  
2.53369e-16  1.14541e-13  4.32937e-14  1.28977e-17  4.61031e-14  1.04714e-13  3.43527e-14  4.0822e-13  1.41496e-13  8.48613e-13  
2.03188e-16  6.81585e-13  2.83806e-13  2.0647e-15  5.89487e-13  5.03252e-13  1.22714e-13  2.29208e-12  1.17732e-12  3.18855e-12  
9.38541e-13  1.35652e-12  4.48056e-13  7.28538e-13  2.70901e-13  7.25108e-13  2.64827e-13  1.51125e-14  5.15685e-13  3.24872e-13  
6.55313e-14  2.89466e-12  3.26017e-12  9.31956e-12  6.36949e-13  5.24558e-19  6.48081e-15  
3.25402e-23  4.06957e-19  7.77751e-27  0  0.179479  4.06024e-24  2.2367e-33  0  0.0224767  3.56693e-12  1.68171e-08  
1.56566e-16  4.70966e-12  2.00607e-08  5.6529e-31  4.44621e-27  0.000538293  6.34249e-09  2.58422e-07  3.27173e-22  3.28151e-21  
2.54285e-16  7.55872e-08  4.33088e-20  1.27217e-33  1.01096e-05  1.91859e-07  0.000125676  2.33222e-18  1.04004e-24  2.76687e-14  
2.60066e-06  1.51869e-14  7.76099e-30  5.32799e-06  5.55152e-08  3.76399e-07  2.5107e-19  2.64301e-21  6.24671e-08  5.8238e-26  
1.29688e-06  6.53449e-18  5.80103e-25  4.72896e-06  2.42195e-07  1.68653e-07  4.44154e-08  5.00483e-15  3.99074e-16  1.94758e-06  
2.24397e-08  8.91983e-08  1.25345e-14  4.79708e-10  1.79128e-08  3.46912e-10  1.53032e-08  3.23898e-07  5.6314e-13  6.12258e-08  
1.93169e-10  1.0811e-10  1.58692e-08  4.96875e-10  3.3323e-09  2.65238e-07  1.56637e-09  2.04675e-09  3.91507e-10  5.74149e-09  
5.04459e-14  3.90541e-11  5.11247e-18  5.20267e-10  2.59536e-10  4.54851e-15  3.93176e-18  1.13358e-24  9.23308e-10  7.43533e-10  
7.8245e-09  1.47889e-09  6.85283e-10  1.10571e-09  5.14767e-08  5.50819e-09  2.89869e-09  6.51066e-08  2.57579e-07  3.17309e-10  
4.45409e-06  1.89427e-07  3.65351e-08  1.1713e-13  1.09042e-12  1.82612e-08  1.16615e-10  1.39107e-07  5.55795e-09  5.65973e-08  
6.77335e-09  8.9841e-09  2.54952e-10  2.4133e-09  1.8653e-09  3.69178e-16  1.21885e-09  2.67059e-09  2.50781e-13  1.65519e-09  
2.93661e-10  1.20706e-09  2.33976e-18  3.56187e-11  1.3592e-10  4.4996e-19  7.46665e-11  1.36054e-10  6.85582e-16  1.46083e-10  
4.13126e-11  1.98353e-10  2.08482e-11  4.82587e-11  2.04458e-11  8.50701e-11  6.88979e-12  1.41143e-10  7.77598e-12  9.28316e-20  
2.30576e-11  1.36046e-11  3.84262e-12  4.88296e-11  2.09386e-11  1.48797e-10  1.06482e-12  1.26995e-18  4.3772e-11  2.04927e-11  
5.1024e-16  9.20047e-12  2.31176e-11  9.2132e-12  9.11765e-11  1.68557e-16  4.59286e-16  2.16578e-11  5.82746e-18  3.81874e-21  
2.49513e-11  5.5772e-12  8.49816e-12  7.66255e-13  7.88634e-12  8.13353e-17  1.30851e-12  1.77616e-12  4.3371e-13  8.4669e-17  
1.75642e-12  1.88526e-12  2.8228e-12  1.06377e-12  3.25023e-12  2.71198e-13  3.57706e-13  1.51693e-12  5.15782e-13  2.94209e-12  
7.26516e-13  1.66778e-12  5.79963e-13  2.24454e-12  3.72764e-13  1.85325e-12  3.01098e-13  3.27616e-22  7.32904e-13  6.66311e-13  
5.57538e-16  1.66102e-12  6.37365e-13  2.01741e-12  6.72812e-13  2.51957e-12  5.61238e-13  2.88804e-12  1.03416e-12  4.1277e-12  
1.3515e-12  5.7463e-12  5.54327e-13  7.86926e-13  2.68329e-13  1.13876e-12  7.72853e-13  4.23581e-12  1.75109e-12  5.07361e-20  
9.27993e-19  2.7606e-12  2.51972e-12  5.55276e-12  3.35908e-12  8.8987e-12  1.56135e-17  2.28915e-12  1.30917e-12  1.52583e-16  
1.32979e-13  1.54567e-18  7.35805e-17  1.851e-12  8.82539e-13  2.63298e-12  2.34098e-12  1.58951e-11  2.0986e-12  4.86552e-12  
9.27433e-18  5.55594e-13  6.97699e-13  1.24708e-12  3.48462e-13  1.0209e-12  2.37366e-13  8.42927e-13  4.14021e-18  1.53447e-13  
1.86311e-15  3.67171e-20  9.33297e-14  2.65004e-13  5.57299e-14  2.07885e-13  2.42309e-14  2.09837e-13  7.91398e-15  3.32337e-15  
7.24363e-14  1.13093e-17  3.04136e-16  3.95993e-15  6.09323e-18  1.64856e-13  7.43935e-14  3.47139e-13  1.70994e-13  6.06198e-13  
6.93526e-19  2.14774e-13  1.44066e-13  1.21197e-17  1.33496e-18  2.18112e-13  1.33294e-13  5.93096e-13  2.76968e-13  9.60626e-13  
2.05761e-13  4.61371e-13  1.88702e-13  5.95236e-13  1.04251e-17  1.06789e-13  1.41724e-13  1.66221e-16  3.96245e-16  2.07521e-13  
1.62626e-13  4.23614e-13  1.81367e-13  5.55407e-13  8.30842e-14  5.66132e-14  3.17646e-18  9.88386e-15  7.15577e-14  2.93892e-13  
9.81379e-14  3.77088e-13  1.34627e-17  6.45296e-16  7.87154e-14  1.02176e-17  2.53963e-21  1.9907e-13  9.48885e-14  2.13883e-13  
1.9699e-17  1.13497e-13  4.28177e-14  1.10929e-18  4.46842e-14  1.05546e-13  3.43222e-14  4.07373e-13  1.37389e-13  8.46857e-13  
1.76279e-17  6.72249e-13  2.74974e-13  1.58364e-16  5.86662e-13  5.09847e-13  1.09646e-13  2.29139e-12  1.16649e-12  3.20916e-12  
9.40829e-13  1.37458e-12  4.5093e-13  7.33229e-13  2.71194e-13  7.26537e-13  2.65317e-13  2.83749e-15  5.14372e-13  3.37572e-13  
6.65213e-14  2.8943e-12  3.26071e-12  9.32111e-12  6.36952e-13  4.76601e-20  6.57859e-15  
2.01594e-23  3.28345e-19  1.91035e-27  0  0.179029  4.05678e-24  3.17954e-34  0  0.0226225  2.36976e-12  1.67628e-08  
7.10894e-17  9.46329e-12  1.89104e-08  1.16489e-31  4.25857e-27  0.000541525  5.89814e-09  1.6832e-07  1.12138e-22  1.88258e-21  
2.38343e-16  7.66773e-08  2.38523e-20  6.42686e-34  1.01101e-05  1.91939e-07  0.000125765  1.24781e-18  5.91192e-25  6.65452e-15  
2.60076e-06  5.88952e-15  1.06961e-30  5.32797e-06  5.62745e-08  3.76742e-07  1.0001e-19  1.51526e-21  6.22601e-08  3.01822e-26  
1.29685e-06  3.25826e-18  3.2729e-25  4.72897e-06  2.42213e-07  1.68691e-07  4.44198e-08  1.86051e-15  1.42566e-16  1.94753e-06  
2.24611e-08  8.91996e-08  4.42865e-15  4.79972e-10  1.79112e-08  3.48326e-10  1.53291e-08  3.23873e-07  2.10582e-13  6.12297e-08  
1.89551e-10  1.08158e-10  1.58728e-08  4.98124e-10  3.33199e-09  2.65224e-07  1.57435e-09  2.0476e-09  3.91573e-10  5.74124e-09  
1.76026e-14  3.91396e-11  1.94541e-18  5.20264e-10  2.59838e-10  1.70695e-15  1.48829e-18  1.64808e-25  9.23211e-10  7.43249e-10  
7.82246e-09  1.48113e-09  6.85553e-10  1.10526e-09  5.14742e-08  5.50767e-09  2.90208e-09  6.54295e-08  2.57499e-07  4.78411e-11  
4.45379e-06  1.89675e-07  3.66056e-08  4.34814e-14  1.09039e-12  1.82599e-08  3.31755e-11  1.39064e-07  5.5949e-09  5.66761e-08  
6.78367e-09  8.98702e-09  2.38929e-10  2.4141e-09  1.88213e-09  1.43918e-16  1.22014e-09  2.66979e-09  8.41908e-14  1.65507e-09  
2.93762e-10  1.20725e-09  8.94997e-19  3.56129e-11  1.35988e-10  1.71008e-19  7.46882e-11  1.36115e-10  2.58744e-16  1.46075e-10  
4.13121e-11  1.98353e-10  2.08338e-11  4.82972e-11  2.04411e-11  8.50978e-11  6.91719e-12  1.41111e-10  7.73403e-12  3.55971e-20  
2.30459e-11  1.36105e-11  3.85592e-12  4.88778e-11  2.09254e-11  1.48803e-10  5.55673e-13  4.89932e-19  4.37719e-11  2.09984e-11  
1.97584e-16  9.19988e-12  2.31492e-11  9.21859e-12  9.11807e-11  6.27798e-17  3.55915e-16  2.16594e-11  2.2783e-18  1.00574e-21  
2.49513e-11  5.5777e-12  8.49867e-12  7.68389e-13  7.88507e-12  2.99109e-17  1.30839e-12  1.77183e-12  4.36124e-13  3.11381e-17  
1.75502e-12  1.88574e-12  2.82477e-12  1.06357e-12  3.25073e-12  2.7214e-13  3.5584e-13  1.51788e-12  5.14214e-13  2.94241e-12  
7.24771e-13  1.66934e-12  5.78499e-13  2.24524e-12  3.7354e-13  1.85415e-12  2.99199e-13  1.60228e-22  7.32723e-13  6.67043e-13  
1.48101e-16  1.66258e-12  6.3689e-13  2.01799e-12  6.72392e-13  2.52047e-12  5.60819e-13  2.88905e-12  1.03362e-12  4.12826e-12  
1.35126e-12  5.74701e-12  5.53728e-13  7.87322e-13  2.68477e-13  1.13911e-12  7.71337e-13  4.23583e-12  1.74468e-12  1.89906e-20  
3.98535e-20  2.76382e-12  2.51153e-12  5.56096e-12  3.35528e-12  8.90366e-12  5.93884e-18  2.28876e-12  1.30847e-12  5.5375e-17  
1.33163e-13  5.87575e-19  5.76342e-17  1.85419e-12  8.8169e-13  2.63524e-12  2.34086e-12  1.58961e-11  2.09857e-12  4.86565e-12  
3.46997e-18  5.55464e-13  6.97428e-13  1.24743e-12  3.48187e-13  1.02099e-12  2.37147e-13  8.43214e-13  1.56099e-18  1.53259e-13  
3.00689e-16  2.2534e-21  9.46968e-14  2.65299e-13  5.55495e-14  2.08052e-13  2.24604e-14  2.10593e-13  9.46803e-15  2.07565e-15  
7.19407e-14  4.15159e-18  4.52983e-17  4.32407e-15  2.27122e-18  1.65001e-13  7.4326e-14  3.46983e-13  1.70822e-13  6.06516e-13  
2.65715e-19  2.14454e-13  1.43819e-13  4.47598e-18  5.0402e-19  2.18442e-13  1.32911e-13  5.93144e-13  2.76616e-13  9.61404e-13  
2.05424e-13  4.61426e-13  1.88577e-13  5.95736e-13  3.92782e-18  1.06613e-13  1.41656e-13  5.94446e-17  4.7159e-17  2.08128e-13  
1.62801e-13  4.24093e-13  1.81416e-13  5.55881e-13  8.29591e-14  5.66882e-14  1.20839e-18  9.82885e-15  7.14626e-14  2.94051e-13  
9.81458e-14  3.7737e-13  4.9877e-18  6.39136e-16  7.86792e-14  3.87208e-18  8.84187e-22  1.99172e-13  9.48921e-14  2.13932e-13  
7.20967e-18  1.13329e-13  4.27264e-14  4.17365e-19  4.44631e-14  1.0567e-13  3.43148e-14  4.07237e-13  1.36737e-13  8.46566e-13  
6.62826e-18  6.70758e-13  2.73557e-13  5.79841e-17  5.98293e-13  5.10692e-13  9.55392e-14  2.29118e-12  1.16477e-12  3.21242e-12  
9.4115e-13  1.37753e-12  4.51396e-13  7.33995e-13  2.71238e-13  7.26777e-13  2.65384e-13  5.84474e-16  5.14147e-13  3.39908e-13  
6.66871e-14  2.89424e-12  3.26079e-12  9.32137e-12  6.36951e-13  1.839e-20  6.59469e-15  
3.8875e-24  1.43499e-19  1.22022e-28  0  0.178877  4.05562e-24  8.33943e-36  0  0.022671  1.17012e-12  1.67257e-08  
1.17085e-17  2.02954e-11  1.85793e-08  1.26879e-33  7.96607e-28  0.000542955  5.7458e-09  1.47378e-07  1.30461e-23  2.67029e-22  
7.90414e-17  7.69878e-08  3.4015e-21  1.36607e-35  1.01103e-05  1.91965e-07  0.000125786  1.84157e-19  6.95699e-26  1.70494e-15  
2.60078e-06  7.52446e-16  2.98454e-32  5.32797e-06  5.64087e-08  3.76821e-07  1.40037e-20  1.60071e-22  6.22094e-08  1.84091e-27  
1.29684e-06  4.90073e-19  3.25957e-26  4.72897e-06  2.42217e-07  1.687e-07  4.4421e-08  2.59158e-16  2.10324e-17  1.94752e-06  
2.24658e-08  8.91998e-08  9.23949e-16  4.80036e-10  1.79108e-08  3.48671e-10  1.53355e-08  3.23866e-07  3.713e-14  6.12307e-08  
1.84698e-10  1.08169e-10  1.58777e-08  4.98428e-10  3.33201e-09  2.65221e-07  1.57622e-09  2.04781e-09  3.91588e-10  5.74119e-09  
4.25831e-15  3.9161e-11  2.41839e-19  5.20263e-10  2.59915e-10  3.1804e-16  1.9363e-19  2.87491e-27  9.23188e-10  7.43178e-10  
7.82196e-09  1.48168e-09  6.8562e-10  1.10515e-09  5.14735e-08  5.5075e-09  2.90293e-09  6.54811e-08  2.57479e-07  9.39967e-12  
4.45372e-06  1.89732e-07  3.66229e-08  8.07444e-15  1.09037e-12  1.826e-08  9.10763e-12  1.39054e-07  5.6033e-09  5.66991e-08  
6.78618e-09  8.98774e-09  2.22117e-10  2.41429e-09  1.89915e-09  1.8478e-17  1.22048e-09  2.6696e-09  2.15535e-14  1.65505e-09  
2.93787e-10  1.2073e-09  1.33134e-19  3.56115e-11  1.36005e-10  2.55986e-20  7.46934e-11  1.36131e-10  3.57931e-17  1.46074e-10  
4.13119e-11  1.98354e-10  2.08302e-11  4.83068e-11  2.04399e-11  8.51046e-11  6.92373e-12  1.41103e-10  7.72393e-12  5.38717e-21  
2.30432e-11  1.36119e-11  3.85913e-12  4.88897e-11  2.09219e-11  1.48805e-10  2.81757e-13  6.52563e-20  4.37718e-11  2.12712e-11  
3.06827e-17  9.19973e-12  2.31573e-11  9.21991e-12  9.11817e-11  1.21908e-17  2.74446e-16  2.16598e-11  3.39838e-19  1.47473e-22  
2.49513e-11  5.5778e-12  8.4988e-12  7.68911e-13  7.88476e-12  6.08974e-18  1.30836e-12  1.77077e-12  4.36597e-13  6.47171e-18  
1.7548e-12  1.88587e-12  2.82524e-12  1.06353e-12  3.25086e-12  2.72364e-13  3.55395e-13  1.51811e-12  5.13837e-13  2.94249e-12  
7.2436e-13  1.66971e-12  5.78156e-13  2.2454e-12  3.737e-13  1.85436e-12  2.9878e-13  2.34761e-23  7.32704e-13  6.67212e-13  
3.85818e-17  1.66295e-12  6.36782e-13  2.01812e-12  6.72294e-13  2.52068e-12  5.60722e-13  2.8893e-12  1.03349e-12  4.12839e-12  
1.35121e-12  5.74718e-12  5.53587e-13  7.87415e-13  2.68515e-13  1.13919e-12  7.7097e-13  4.23583e-12  1.74312e-12  2.71034e-21  
1.11513e-21  2.7646e-12  2.50955e-12  5.56295e-12  3.35434e-12  8.90489e-12  7.52802e-19  2.28867e-12  1.30831e-12  9.47135e-18  
1.33203e-13  8.44727e-20  4.49281e-17  1.855e-12  8.81482e-13  2.6358e-12  2.34084e-12  1.58963e-11  2.09856e-12  4.86568e-12  
6.00415e-19  5.55433e-13  6.97362e-13  1.24752e-12  3.48118e-13  1.02102e-12  2.37091e-13  8.43287e-13  2.14067e-19  1.53213e-13  
6.28027e-17  6.05459e-23  9.48859e-14  2.65373e-13  5.55029e-14  2.08096e-13  2.06973e-14  2.11165e-13  1.11713e-14  1.25446e-15  
7.18061e-14  5.7557e-19  6.76249e-18  4.56575e-15  6.15679e-19  1.65036e-13  7.42861e-14  3.46948e-13  1.70775e-13  6.06599e-13  
3.254e-20  2.14376e-13  1.43759e-13  6.03618e-19  6.5045e-20  2.18525e-13  1.32814e-13  5.93161e-13  2.76524e-13  9.61597e-13  
2.0534e-13  4.61443e-13  1.8854e-13  5.95865e-13  5.23461e-19  1.0657e-13  1.41637e-13  1.40306e-17  1.03365e-17  2.083e-13  
1.62793e-13  4.2421e-13  1.81425e-13  5.55998e-13  8.29272e-14  5.67062e-14  1.5708e-19  9.8156e-15  7.14402e-14  2.94091e-13  
9.81458e-14  3.7744e-13  9.12027e-19  6.33958e-16  7.86709e-14  7.00057e-19  1.0525e-22  1.99203e-13  9.48922e-14  2.13945e-13  
1.52318e-18  1.13289e-13  4.27086e-14  5.0391e-20  4.44097e-14  1.05699e-13  3.43121e-14  4.07205e-13  1.36575e-13  8.46498e-13  
9.64927e-19  6.70398e-13  2.7321e-13  1.2292e-17  6.10786e-13  5.10924e-13  8.24487e-14  2.29113e-12  1.16435e-12  3.21321e-12  
9.41215e-13  1.37826e-12  4.5151e-13  7.34184e-13  2.71248e-13  7.26838e-13  2.65398e-13  1.2296e-16  5.14092e-13  3.40391e-13  
6.67283e-14  2.89423e-12  3.26082e-12  9.32142e-12  6.36951e-13  2.40976e-21  6.59874e-15  
2.88043e-24  1.49532e-19  1.87524e-29  0  0.178846  4.05536e-24  2.243e-37  0  0.0226809  6.62548e-13  1.67053e-08  
7.42983e-18  3.24775e-11  1.85188e-08  2.76273e-34  7.42328e-28  0.000543373  5.7129e-09  1.43883e-07  8.32383e-24  1.93067e-22  
5.69015e-17  7.70443e-08  2.27526e-21  4.60876e-36  1.01103e-05  1.91971e-07  0.00012579  1.23844e-19  4.84999e-26  5.0571e-16  
2.60078e-06  2.99176e-16  5.95423e-33  5.32797e-06  5.6421e-08  3.76832e-07  7.82677e-21  1.0651e-22  6.22008e-08  1.03761e-27  
1.29684e-06  3.20816e-19  2.14856e-26  4.72897e-06  2.42217e-07  1.68701e-07  4.44212e-08  7.24071e-17  4.8242e-18  1.94752e-06  
2.24665e-08  8.91998e-08  1.60572e-16  4.80046e-10  1.79107e-08  3.48724e-10  1.53365e-08  3.23865e-07  8.69295e-15  6.12309e-08  
1.81128e-10  1.08171e-10  1.58813e-08  4.98476e-10  3.33208e-09  2.6522e-07  1.57646e-09  2.04784e-09  3.9159e-10  5.74118e-09  
7.30475e-16  3.91645e-11  8.21436e-20  5.20263e-10  2.59929e-10  7.17453e-17  6.10493e-20  3.06177e-28  9.23185e-10  7.43166e-10  
7.82188e-09  1.48177e-09  6.8563e-10  1.10513e-09  5.14734e-08  5.50747e-09  2.90308e-09  6.549e-08  2.57476e-07  2.67779e-12  
4.45371e-06  1.89741e-07  3.66257e-08  1.75512e-15  1.09037e-12  1.82603e-08  3.54914e-12  1.39052e-07  5.60432e-09  5.67045e-08  
6.78659e-09  8.98785e-09  2.10667e-10  2.41432e-09  1.91064e-09  7.40067e-18  1.22054e-09  2.66957e-09  3.92792e-15  1.65504e-09  
2.93791e-10  1.2073e-09  6.1571e-20  3.56112e-11  1.36008e-10  1.32198e-20  7.46942e-11  1.36133e-10  1.075e-17  1.46073e-10  
4.13118e-11  1.98354e-10  2.08296e-11  4.83084e-11  2.04397e-11  8.51057e-11  6.92469e-12  1.41101e-10  7.72239e-12  2.86971e-21  
2.30428e-11  1.36121e-11  3.8596e-12  4.88917e-11  2.09213e-11  1.48805e-10  1.72872e-13  2.71543e-20  4.37717e-11  2.13799e-11  
8.47854e-18  9.19971e-12  2.31586e-11  9.22012e-12  9.11819e-11  2.59776e-18  2.2829e-16  2.16599e-11  1.55517e-19  2.45433e-23  
2.49514e-11  5.57782e-12  8.49881e-12  7.68993e-13  7.88471e-12  1.20908e-18  1.30835e-12  1.7706e-12  4.36587e-13  1.25179e-18  
1.75485e-12  1.88589e-12  2.82532e-12  1.06352e-12  3.25088e-12  2.72396e-13  3.5533e-13  1.51815e-12  5.13777e-13  2.9425e-12  
7.24297e-13  1.66976e-12  5.78103e-13  2.24542e-12  3.73702e-13  1.85439e-12  2.9874e-13  1.51942e-23  7.32716e-13  6.67238e-13  
8.44887e-18  1.663e-12  6.36766e-13  2.01814e-12  6.72279e-13  2.52072e-12  5.60707e-13  2.88933e-12  1.03347e-12  4.12841e-12  
1.3512e-12  5.7472e-12  5.53565e-13  7.87428e-13  2.68521e-13  1.13921e-12  7.70911e-13  4.23583e-12  1.74287e-12  1.29419e-21  
5.22245e-23  2.76473e-12  2.50923e-12  5.56327e-12  3.35419e-12  8.90509e-12  2.54081e-19  2.28865e-12  1.30828e-12  1.79654e-18  
1.33207e-13  2.50991e-20  3.76616e-17  1.85513e-12  8.81449e-13  2.63588e-12  2.34084e-12  1.58964e-11  2.09856e-12  4.86568e-12  
1.43122e-19  5.55428e-13  6.97351e-13  1.24754e-12  3.48107e-13  1.02102e-12  2.37081e-13  8.433e-13  6.46528e-20  1.53206e-13  
1.7739e-17  5.75194e-24  9.49226e-14  2.65385e-13  5.54948e-14  2.08103e-13  1.9513e-14  2.11446e-13  1.23449e-14  8.61293e-16  
7.1783e-14  1.39222e-19  1.74534e-18  4.67848e-15  1.14945e-19  1.65041e-13  7.42785e-14  3.46942e-13  1.70766e-13  6.06613e-13  
1.25154e-20  2.14364e-13  1.43749e-13  1.53723e-19  2.11173e-20  2.18538e-13  1.32797e-13  5.93166e-13  2.76508e-13  9.61629e-13  
2.05326e-13  4.61446e-13  1.88532e-13  5.95888e-13  1.61593e-19  1.06563e-13  1.41633e-13  2.47028e-18  2.64602e-18  2.08333e-13  
1.62794e-13  4.24229e-13  1.81426e-13  5.56018e-13  8.29218e-14  5.67091e-14  5.16799e-20  9.81348e-15  7.14366e-14  2.94098e-13  
9.81454e-14  3.77451e-13  2.00135e-19  6.30501e-16  7.86693e-14  2.14787e-19  3.48618e-23  1.99211e-13  9.48922e-14  2.13947e-13  
2.91366e-19  1.13282e-13  4.27063e-14  1.73191e-20  4.44011e-14  1.05703e-13  3.43115e-14  4.072e-13  1.36549e-13  8.46488e-13  
2.73205e-19  6.70341e-13  2.73152e-13  2.38731e-18  6.18981e-13  5.10966e-13  7.41566e-14  2.29112e-12  1.16428e-12  3.21334e-12  
9.41223e-13  1.37838e-12  4.51528e-13  7.34215e-13  2.71249e-13  7.26848e-13  2.65399e-13  3.90449e-17  5.14083e-13  3.40478e-13  
6.6735e-14  2.89422e-12  3.26082e-12  9.32143e-12  6.36951e-13  8.38797e-22  6.59941e-15  
  7 1.31029e+09 1.31029e+09 1.74995 0.59337 150830 263.35 0.026662
1.34626e-26  3.08438e-21  4.61174e-28  0  0.170022  4.03176e-24  5.33379e-38  0  0.0253441  1.45732e-13  6.68751e-15  
8.93323e-19  1.27229e-08  1.7106e-08  3.75088e-36  7.61476e-27  0.00075204  4.67037e-09  1.2811e-07  7.47722e-25  2.3485e-23  
9.55715e-16  7.82331e-08  2.59539e-22  5.05321e-36  1.01113e-05  1.92172e-07  0.000125809  1.56926e-20  3.08336e-27  1.43832e-17  
2.60088e-06  3.85355e-17  7.40683e-36  5.32801e-06  5.64268e-08  3.85547e-07  8.37904e-22  3.78052e-24  5.35766e-08  1.50417e-29  
1.29679e-06  4.09888e-20  6.64743e-28  4.729e-06  2.42217e-07  1.68738e-07  4.44297e-08  7.22632e-18  4.03718e-19  1.94748e-06  
2.24717e-08  8.9201e-08  1.56595e-17  4.82223e-10  1.79088e-08  2.4798e-10  1.53648e-08  3.23937e-07  1.0041e-15  6.12344e-08  
2.86827e-14  1.0821e-10  1.60626e-08  4.9974e-10  4.34546e-09  2.65205e-07  5.72504e-10  2.04889e-09  3.9162e-10  5.74101e-09  
7.19121e-17  3.92638e-11  8.93063e-21  5.20259e-10  2.6016e-10  8.51647e-18  6.612e-21  4.47709e-30  9.23119e-10  7.42786e-10  
7.81974e-09  1.48415e-09  6.85933e-10  1.10451e-09  5.14713e-08  5.50529e-09  2.90776e-09  6.55552e-08  2.57378e-07  9.12868e-14  
4.4535e-06  1.8991e-07  3.67045e-08  2.00156e-16  1.0477e-12  2.2459e-08  1.5632e-14  1.39013e-07  1.43607e-09  5.6703e-08  
6.79765e-09  8.99093e-09  3.47496e-14  2.41535e-09  2.12276e-09  1.01761e-18  1.22177e-09  2.66881e-09  3.70949e-16  1.65493e-09  
2.93905e-10  1.20749e-09  8.60734e-21  3.56049e-11  1.36125e-10  1.66453e-21  7.47101e-11  1.36201e-10  1.21618e-18  1.46068e-10  
4.13053e-11  1.9836e-10  2.08109e-11  4.83578e-11  2.04342e-11  8.51338e-11  4.88693e-12  1.41065e-10  9.74224e-12  4.60192e-22  
2.44441e-11  1.36183e-11  2.46249e-12  4.89504e-11  2.0895e-11  1.4882e-10  7.7407e-17  3.30127e-21  4.37714e-11  2.15446e-11  
9.97919e-19  9.19886e-12  2.31958e-11  9.22619e-12  9.11871e-11  2.98493e-19  6.41962e-25  2.16613e-11  1.17128e-20  2.51035e-27  
2.49519e-11  5.57789e-12  8.49942e-12  7.20754e-13  7.88341e-12  1.37756e-19  1.30819e-12  1.81636e-12  3.00103e-15  7.55631e-20  
2.19065e-12  1.88541e-12  2.82723e-12  1.06357e-12  3.2514e-12  1.67185e-13  4.59854e-13  1.51893e-12  5.12233e-13  2.94257e-12  
7.23003e-13  1.67095e-12  5.76932e-13  2.24573e-12  3.02227e-13  1.85447e-12  3.69794e-13  2.31399e-24  7.32621e-13  6.68134e-13  
5.90296e-19  1.66414e-12  6.3656e-13  2.01844e-12  6.72047e-13  2.5215e-12  5.60447e-13  2.89029e-12  1.03304e-12  4.12871e-12  
1.35114e-12  5.74784e-12  5.53166e-13  7.87673e-13  2.68736e-13  1.13955e-12  7.69362e-13  4.23567e-12  1.73602e-12  1.5205e-22  
4.85094e-27  2.76813e-12  2.50084e-12  5.57176e-12  3.34956e-12  8.91096e-12  2.92566e-20  2.28823e-12  1.30749e-12  4.6196e-19  
1.27279e-13  2.83655e-21  3.2491e-26  1.85872e-12  8.86444e-13  2.63838e-12  2.34077e-12  1.58974e-11  2.09852e-12  4.86585e-12  
1.64267e-20  5.55287e-13  6.9698e-13  1.24799e-12  3.47737e-13  1.02118e-12  2.36773e-13  8.43721e-13  7.29268e-21  1.52998e-13  
5.90221e-19  2.5546e-26  9.46558e-14  2.65746e-13  5.51996e-14  2.08382e-13  7.74907e-18  2.12132e-13  3.12563e-14  4.84759e-18  
7.10889e-14  4.28068e-20  2.58638e-24  5.26298e-15  1.25921e-20  1.65135e-13  7.39636e-14  3.46827e-13  1.70403e-13  6.07107e-13  
1.44929e-21  2.14023e-13  1.43464e-13  3.88858e-20  2.39202e-21  2.18917e-13  1.32261e-13  5.93381e-13  2.75956e-13  9.626e-13  
2.04906e-13  4.61565e-13  1.88191e-13  5.96689e-13  1.79514e-20  1.06365e-13  1.41438e-13  2.68701e-19  1.35133e-19  2.08968e-13  
1.62586e-13  4.24749e-13  1.81386e-13  5.56592e-13  8.27348e-14  5.67812e-14  6.04728e-21  9.75755e-15  7.13498e-14  2.94307e-13  
9.81012e-14  3.77812e-13  2.2426e-20  6.45261e-17  7.85616e-14  1.95928e-20  2.52864e-25  1.99925e-13  9.48698e-14  2.14003e-13  
3.37349e-20  1.131e-13  4.26563e-14  1.89172e-21  4.41726e-14  1.0579e-13  3.42805e-14  4.0708e-13  1.35756e-13  8.46271e-13  
3.10097e-20  6.68822e-13  2.71414e-13  2.77809e-19  6.90461e-13  5.11977e-13  1.88421e-17  2.29085e-12  1.1625e-12  3.21666e-12  
9.41097e-13  1.38188e-12  4.52067e-13  7.35159e-13  2.71277e-13  7.27165e-13  2.65403e-13  5.07468e-19  5.14244e-13  3.40632e-13  
6.65387e-14  2.89418e-12  3.26094e-12  9.32167e-12  6.36936e-13  1.06498e-22  6.62085e-15  
1.83234e-26  3.7043e-21  8.75375e-28  0  0.169595  4.03183e-24  1.46868e-37  0  0.0254762  1.8114e-13  7.43892e-15  
1.41198e-18  1.27413e-08  1.71005e-08  6.20624e-36  1.14004e-26  0.00075962  4.70891e-09  1.31455e-07  1.02383e-24  2.99689e-23  
1.99041e-15  7.82236e-08  3.32991e-22  8.5101e-36  1.01112e-05  1.92166e-07  0.000125806  2.00952e-20  4.01717e-27  2.25054e-17  
2.60087e-06  6.1839e-17  1.43211e-35  5.32801e-06  5.64042e-08  3.8555e-07  1.32899e-21  5.16857e-24  5.3582e-08  2.16384e-29  
1.29679e-06  5.43265e-20  9.04056e-28  4.729e-06  2.42216e-07  1.68737e-07  4.44295e-08  1.17801e-17  6.6409e-19  1.94748e-06  
2.24712e-08  8.9201e-08  2.51694e-17  4.82214e-10  1.79089e-08  2.47929e-10  1.53638e-08  3.23938e-07  1.60616e-15  6.12342e-08  
3.7159e-14  1.08208e-10  1.60626e-08  4.99697e-10  4.34537e-09  2.65205e-07  5.72305e-10  2.04886e-09  3.91619e-10  5.74101e-09  
1.13979e-16  3.92607e-11  1.44807e-20  5.20259e-10  2.60151e-10  1.35772e-17  1.07043e-20  1.04829e-29  9.23123e-10  7.42798e-10  
7.81981e-09  1.48407e-09  6.85923e-10  1.10453e-09  5.14714e-08  5.50533e-09  2.90762e-09  6.55532e-08  2.57381e-07  1.4104e-13  
4.45351e-06  1.89902e-07  3.67019e-08  3.19922e-16  1.04769e-12  2.24584e-08  2.41821e-14  1.39015e-07  1.4355e-09  5.67032e-08  
6.79729e-09  8.99084e-09  4.77337e-14  2.41532e-09  2.1227e-09  1.64373e-18  1.22173e-09  2.66884e-09  5.80147e-16  1.65493e-09  
2.93902e-10  1.20749e-09  1.50008e-20  3.56051e-11  1.36122e-10  2.85467e-21  7.47095e-11  1.36199e-10  1.95696e-18  1.46068e-10  
4.13054e-11  1.9836e-10  2.08115e-11  4.83562e-11  2.04344e-11  8.51328e-11  4.88596e-12  1.41066e-10  9.74382e-12  7.75451e-22  
2.44445e-11  1.36181e-11  2.46193e-12  4.89485e-11  2.08957e-11  1.4882e-10  1.19542e-16  5.46199e-21  4.37713e-11  2.15448e-11  
1.59906e-18  9.19889e-12  2.31946e-11  9.226e-12  9.11869e-11  4.77136e-19  1.18848e-24  2.16613e-11  1.88062e-20  5.25481e-27  
2.49519e-11  5.57788e-12  8.4994e-12  7.2067e-13  7.88345e-12  2.19568e-19  1.3082e-12  1.81652e-12  3.00502e-15  1.19784e-19  
2.19059e-12  1.88541e-12  2.82716e-12  1.06357e-12  3.25139e-12  1.67147e-13  4.59919e-13  1.5189e-12  5.1229e-13  2.94256e-12  
7.23057e-13  1.67089e-12  5.76982e-13  2.2457e-12  3.0586e-13  1.85444e-12  3.66197e-13  3.01756e-24  7.32635e-13  6.68112e-13  
9.16553e-19  1.66409e-12  6.36573e-13  2.01843e-12  6.72058e-13  2.52147e-12  5.6046e-13  2.89026e-12  1.03305e-12  4.1287e-12  
1.35114e-12  5.74782e-12  5.53182e-13  7.87662e-13  2.6873e-13  1.13954e-12  7.69416e-13  4.23567e-12  1.73626e-12  2.64081e-22  
8.60466e-27  2.76801e-12  2.50114e-12  5.57146e-12  3.34971e-12  8.91076e-12  4.70908e-20  2.28824e-12  1.30751e-12  7.33351e-19  
1.27264e-13  4.5437e-21  7.17613e-26  1.8586e-12  8.86488e-13  2.6383e-12  2.34077e-12  1.58974e-11  2.09852e-12  4.86584e-12  
2.6309e-20  5.55292e-13  6.96991e-13  1.24798e-12  3.47749e-13  1.02118e-12  2.36782e-13  8.43708e-13  1.17377e-20  1.53005e-13  
9.16876e-19  5.74423e-26  9.46645e-14  2.65734e-13  5.5209e-14  2.08373e-13  1.08653e-17  2.12132e-13  3.12632e-14  7.47234e-18  
7.11113e-14  6.7743e-20  5.63495e-24  5.26081e-15  1.95204e-20  1.65127e-13  7.39766e-14  3.4683e-13  1.70412e-13  6.07092e-13  
2.34804e-21  2.14035e-13  1.43474e-13  6.19776e-20  3.85166e-21  2.18904e-13  1.32279e-13  5.93376e-13  2.75972e-13  9.62568e-13  
2.0492e-13  4.61561e-13  1.88199e-13  5.96665e-13  2.89455e-20  1.06372e-13  1.41443e-13  4.25004e-19  2.0937e-19  2.08949e-13  
1.62593e-13  4.24731e-13  1.81386e-13  5.56574e-13  8.27407e-14  5.6778e-14  9.71035e-21  9.75956e-15  7.13533e-14  2.943e-13  
9.81017e-14  3.77801e-13  3.59156e-20  1.01861e-16  7.85645e-14  3.21709e-20  1.01977e-24  1.99883e-13  9.48701e-14  2.14002e-13  
5.35653e-20  1.13106e-13  4.26593e-14  3.05989e-21  4.4181e-14  1.05786e-13  3.42811e-14  4.07084e-13  1.35783e-13  8.46278e-13  
4.98359e-20  6.68875e-13  2.71474e-13  4.41342e-19  6.90555e-13  5.11941e-13  2.74925e-17  2.29084e-12  1.16256e-12  3.21655e-12  
9.41095e-13  1.38177e-12  4.5205e-13  7.35129e-13  2.71275e-13  7.27156e-13  2.65401e-13  7.83639e-19  5.14252e-13  3.40629e-13  
6.65322e-14  2.89418e-12  3.26093e-12  9.32166e-12  6.36937e-13  1.69892e-22  6.62021e-15  
5.46047e-26  7.22767e-21  2.68443e-27  0  0.169476  4.03313e-24  1.14258e-36  0  0.0255173  2.59647e-13  9.09228e-15  
4.26571e-18  1.27891e-08  1.7249e-08  6.176e-35  4.9142e-26  0.000758549  4.82597e-09  1.42705e-07  3.36918e-24  9.41963e-23  
8.87409e-15  7.80734e-08  9.9391e-22  1.21119e-34  1.01111e-05  1.92144e-07  0.000125795  5.77433e-20  1.37424e-26  5.99492e-17  
2.60086e-06  1.86605e-16  1.53445e-34  5.32801e-06  5.63226e-08  3.85518e-07  4.10584e-21  2.16067e-23  5.36092e-08  1.12912e-28  
1.2968e-06  1.56001e-19  3.72924e-27  4.729e-06  2.42215e-07  1.68731e-07  4.44286e-08  3.77101e-17  2.18548e-18  1.94749e-06  
2.24688e-08  8.92008e-08  7.82604e-17  4.82174e-10  1.79091e-08  2.4775e-10  1.53598e-08  3.23942e-07  4.90424e-15  6.12337e-08  
5.30746e-14  1.08201e-10  1.60625e-08  4.99503e-10  4.34467e-09  2.65208e-07  5.71745e-10  2.04872e-09  3.91611e-10  5.74104e-09  
3.42024e-16  3.9247e-11  4.56604e-20  5.20259e-10  2.60112e-10  4.11021e-17  3.37102e-20  1.00401e-28  9.23136e-10  7.42847e-10  
7.82012e-09  1.48372e-09  6.8588e-10  1.10461e-09  5.14718e-08  5.50551e-09  2.90703e-09  6.55443e-08  2.57394e-07  3.55092e-13  
4.45355e-06  1.89868e-07  3.66907e-08  9.76001e-16  1.04769e-12  2.24549e-08  5.53327e-14  1.39021e-07  1.43388e-09  5.67039e-08  
6.79567e-09  8.99038e-09  7.28996e-14  2.41519e-09  2.12251e-09  5.01834e-18  1.22155e-09  2.66896e-09  1.67978e-15  1.65495e-09  
2.93886e-10  1.20746e-09  4.43543e-20  3.5606e-11  1.36109e-10  8.52834e-21  7.47065e-11  1.36189e-10  6.06584e-18  1.46069e-10  
4.13058e-11  1.9836e-10  2.0814e-11  4.83496e-11  2.04352e-11  8.51285e-11  4.88262e-12  1.41071e-10  9.74959e-12  2.30456e-21  
2.44459e-11  1.36171e-11  2.46023e-12  4.89406e-11  2.08985e-11  1.48818e-10  2.45713e-16  1.68161e-20  4.37714e-11  2.15454e-11  
4.90178e-18  9.19899e-12  2.31895e-11  9.22515e-12  9.11862e-11  1.45342e-18  3.78615e-24  2.16611e-11  5.77605e-20  4.36169e-26  
2.49519e-11  5.57783e-12  8.49931e-12  7.20334e-13  7.88365e-12  6.65374e-19  1.30822e-12  1.81721e-12  3.01804e-15  3.58599e-19  
2.19036e-12  1.8854e-12  2.82687e-12  1.06358e-12  3.25131e-12  1.67034e-13  4.60161e-13  1.51876e-12  5.12533e-13  2.94252e-12  
7.23302e-13  1.67067e-12  5.77194e-13  2.24561e-12  3.11818e-13  1.85434e-12  3.60379e-13  8.64755e-24  7.32697e-13  6.67997e-13  
2.54295e-18  1.66387e-12  6.36632e-13  2.01835e-12  6.72112e-13  2.52134e-12  5.60515e-13  2.8901e-12  1.03313e-12  4.12863e-12  
1.35117e-12  5.74772e-12  5.53262e-13  7.8761e-13  2.68703e-13  1.13949e-12  7.69652e-13  4.23567e-12  1.73727e-12  7.98117e-22  
7.02806e-26  2.76749e-12  2.50242e-12  5.57017e-12  3.35035e-12  8.90995e-12  1.45888e-19  2.2883e-12  1.30763e-12  1.99672e-18  
1.27237e-13  1.39172e-20  2.97066e-25  1.8581e-12  8.86634e-13  2.63794e-12  2.34079e-12  1.58972e-11  2.09853e-12  4.86582e-12  
8.05594e-20  5.55313e-13  6.9704e-13  1.24792e-12  3.47796e-13  1.02116e-12  2.36821e-13  8.43657e-13  3.64096e-20  1.53035e-13  
2.35245e-18  4.46385e-25  9.4699e-14  2.65685e-13  5.52444e-14  2.0834e-13  1.71516e-17  2.12138e-13  3.13073e-14  1.48522e-17  
7.12009e-14  1.80962e-19  3.14582e-23  5.24259e-15  5.61577e-20  1.65105e-13  7.40279e-14  3.46851e-13  1.7045e-13  6.07032e-13  
7.28628e-21  2.14085e-13  1.43515e-13  1.72843e-19  1.1954e-20  2.18849e-13  1.32348e-13  5.93357e-13  2.76038e-13  9.62437e-13  
2.04978e-13  4.61549e-13  1.88232e-13  5.9657e-13  9.02207e-20  1.064e-13  1.41461e-13  1.2667e-18  5.55612e-19  2.08863e-13  
1.62623e-13  4.24655e-13  1.81383e-13  5.56496e-13  8.27641e-14  5.6766e-14  2.99234e-20  9.76815e-15  7.13678e-14  2.94273e-13  
9.81034e-14  3.77753e-13  1.10125e-19  1.62887e-16  7.85752e-14  9.58462e-20  5.07463e-24  1.99805e-13  9.48712e-14  2.13994e-13  
1.60848e-19  1.13133e-13  4.26724e-14  9.59898e-21  4.42159e-14  1.05769e-13  3.42836e-14  4.07103e-13  1.35893e-13  8.46316e-13  
1.53959e-19  6.69106e-13  2.71715e-13  1.32448e-18  6.9094e-13  5.11805e-13  4.61946e-17  2.29086e-12  1.16283e-12  3.21604e-12  
9.41073e-13  1.38129e-12  4.51975e-13  7.35002e-13  2.7127e-13  7.27115e-13  2.65394e-13  1.87029e-18  5.14287e-13  3.40613e-13  
6.65045e-14  2.89419e-12  3.26092e-12  9.32163e-12  6.36938e-13  5.13921e-22  6.61745e-15  
6.91886e-23  6.14893e-14  9.42927e-24  2.29947e-29  0.182522  7.73004e-24  2.02096e-26  2.68334e-39  0.0213509  6.49753e-08  6.03962e-09  
5.10908e-15  2.17059e-05  1.5013e-08  9.92246e-29  2.96169e-19  0.00063291  6.26374e-09  4.49336e-07  1.4229e-20  1.14188e-19  
6.72874e-11  6.42587e-08  1.05021e-18  1.40762e-27  1.00924e-05  1.58607e-07  0.000103819  5.84304e-17  2.58463e-23  1.43897e-13  
2.54863e-06  2.30183e-13  7.3007e-28  5.38133e-06  4.92201e-08  3.25418e-07  5.2477e-18  3.97457e-20  6.86992e-08  3.17775e-25  
1.35229e-06  1.7818e-16  7.27125e-24  4.73371e-06  2.41542e-07  1.67381e-07  4.42337e-08  8.80703e-14  6.87319e-15  1.94942e-06  
2.14912e-08  8.91106e-08  3.73954e-13  4.73483e-10  1.79913e-08  2.44155e-10  1.4314e-08  3.24951e-07  1.53811e-11  6.1141e-08  
3.24274e-11  1.06896e-10  1.60284e-08  4.43279e-10  3.77656e-09  2.65785e-07  7.44743e-10  2.0229e-09  3.89501e-10  5.75087e-09  
1.7635e-12  3.623e-11  7.41699e-17  5.20416e-10  2.46332e-10  1.3763e-13  6.79591e-17  5.35371e-22  9.27627e-10  7.5554e-10  
7.90676e-09  1.38599e-09  6.77027e-10  1.12468e-09  5.15746e-08  5.5322e-09  2.76307e-09  6.20276e-08  2.60856e-07  1.11531e-09  
4.46542e-06  1.79452e-07  3.42811e-08  3.47242e-12  9.01051e-13  2.03005e-08  1.23438e-10  1.40822e-07  2.01675e-09  5.6889e-08  
6.3214e-09  8.90515e-09  5.03903e-11  2.38187e-09  2.04207e-09  6.12828e-15  1.16472e-09  2.70326e-09  8.23133e-12  1.66034e-09  
2.88962e-10  1.20029e-09  5.32842e-17  3.58515e-11  1.33089e-10  1.07245e-17  7.39478e-11  1.33612e-10  1.24071e-14  1.46545e-10  
4.13104e-11  1.9832e-10  2.15329e-11  4.64583e-11  2.0742e-11  8.39608e-11  4.8246e-12  1.42629e-10  1.07577e-11  2.69172e-18  
2.40696e-11  1.30448e-11  2.5416e-12  4.6826e-11  2.16442e-11  1.48539e-10  4.08463e-13  2.10793e-17  4.37673e-11  2.12448e-11  
1.16053e-14  9.21453e-12  2.18685e-11  9.04973e-12  9.10425e-11  5.39936e-15  4.7123e-17  2.15947e-11  8.19247e-17  1.66251e-18  
2.49566e-11  5.55675e-12  8.47982e-12  6.5589e-13  7.94404e-12  2.70873e-15  1.3132e-12  2.00108e-12  1.1783e-13  2.09686e-15  
1.98152e-12  1.87438e-12  2.74346e-12  1.08039e-12  3.22874e-12  1.80808e-13  4.97555e-13  1.46377e-12  5.9582e-13  2.91885e-12  
8.22325e-13  1.57299e-12  6.53988e-13  2.20312e-12  3.06385e-13  1.82002e-12  4.2772e-13  9.52668e-21  7.63471e-13  6.1008e-13  
1.02282e-14  1.579e-12  6.67647e-13  1.99225e-12  6.98975e-13  2.47433e-12  5.85404e-13  2.84127e-12  1.06341e-12  4.10015e-12  
1.36426e-12  5.71574e-12  5.87706e-13  7.61509e-13  2.60054e-13  1.12501e-12  8.51771e-13  4.22107e-12  2.07612e-12  1.01217e-18  
2.99217e-18  2.56985e-12  2.93347e-12  5.10695e-12  3.54703e-12  8.67484e-12  2.37706e-16  2.30436e-12  1.34628e-12  5.5384e-15  
1.12654e-13  2.91715e-17  5.37983e-18  1.7144e-12  9.3625e-13  2.54185e-12  2.35116e-12  1.58563e-11  2.10024e-12  4.86041e-12  
2.48928e-16  5.6074e-13  7.09598e-13  1.2315e-12  3.6135e-13  1.01556e-12  2.47719e-13  8.29271e-13  7.35807e-17  1.61424e-13  
7.34013e-15  2.53955e-18  9.32353e-14  2.56146e-13  6.06995e-14  2.03306e-13  9.74616e-15  2.32148e-13  2.60267e-14  6.42318e-15  
8.34512e-14  2.74636e-16  6.47636e-16  9.77803e-15  2.56618e-16  1.61053e-13  8.15988e-14  3.5146e-13  1.74139e-13  5.88031e-13  
9.50198e-18  2.29054e-13  1.53564e-13  2.64405e-16  2.22599e-17  2.08322e-13  1.44897e-13  5.94126e-13  2.91022e-13  9.23202e-13  
2.20898e-13  4.62582e-13  1.91549e-13  5.72976e-13  1.75173e-16  1.13776e-13  1.41878e-13  5.59904e-15  3.44563e-15  1.90046e-13  
1.54581e-13  4.07938e-13  1.80329e-13  5.39449e-13  8.90801e-14  5.50476e-14  5.22502e-17  1.27261e-14  7.62851e-14  2.86612e-13  
9.70168e-14  3.65147e-13  3.84115e-16  1.90808e-16  7.96047e-14  2.5951e-16  2.03851e-19  1.983e-13  9.38448e-14  2.12005e-13  
6.7333e-16  1.20612e-13  4.68669e-14  1.46118e-17  5.47152e-14  1.01201e-13  3.43804e-14  4.13276e-13  1.65119e-13  8.61356e-13  
3.50448e-16  7.42433e-13  3.35047e-13  5.08854e-15  7.54734e-13  4.94704e-13  3.62441e-14  2.28219e-12  1.24217e-12  3.03477e-12  
9.22125e-13  1.26072e-12  4.39446e-13  7.11802e-13  2.71964e-13  7.17644e-13  2.62943e-13  4.85117e-15  5.22865e-13  3.33097e-13  
5.97362e-14  2.89661e-12  3.2572e-12  9.31158e-12  6.37044e-13  7.93791e-19  5.93396e-15  
7.15636e-24  5.13579e-17  9.71093e-26  5.95425e-34  0.183698  6.97832e-24  2.37317e-30  0  0.0209869  2.15807e-08  1.88266e-08  
5.28532e-16  2.06613e-05  2.33745e-08  9.34593e-31  3.08909e-20  0.000612432  1.16316e-08  4.92464e-06  1.31895e-20  9.76156e-21  
2.29986e-09  6.20462e-08  7.54216e-20  4.56653e-27  1.0086e-05  1.53174e-07  0.00010038  4.3216e-18  1.98679e-24  4.3442e-13  
2.4919e-06  2.46584e-14  2.22675e-28  5.38698e-06  5.21031e-08  3.20492e-07  6.26588e-19  4.54839e-21  7.20926e-08  5.76943e-26  
1.38644e-06  1.88151e-17  9.48676e-25  4.73691e-06  2.4197e-07  1.6884e-07  4.44325e-08  1.35839e-13  2.13028e-14  1.94774e-06  
2.20827e-08  8.92074e-08  1.54919e-12  4.82329e-10  1.79391e-08  3.12178e-10  1.51947e-08  3.23962e-07  4.84704e-11  6.12473e-08  
1.1796e-10  1.08603e-10  1.59451e-08  4.89514e-10  3.65488e-09  2.65235e-07  1.21894e-09  2.05954e-09  3.91891e-10  5.7423e-09  
6.48137e-12  3.94507e-11  2.08016e-17  5.20271e-10  2.51332e-10  4.74691e-13  3.3054e-17  9.6367e-23  9.24194e-10  7.44268e-10  
7.82602e-09  1.47315e-09  6.88388e-10  1.10683e-09  5.14841e-08  5.49689e-09  2.89984e-09  6.13414e-08  2.57735e-07  3.77537e-09  
4.45575e-06  1.87249e-07  3.71458e-08  1.30541e-11  1.29082e-12  1.9794e-08  4.10746e-10  1.39252e-07  3.82184e-09  5.64078e-08  
6.7117e-09  9.03387e-09  1.78493e-10  2.4139e-09  1.95005e-09  6.48249e-16  1.18591e-09  2.67468e-09  2.74597e-11  1.65782e-09  
2.92734e-10  1.20755e-09  6.06606e-18  3.56321e-11  1.35968e-10  1.29402e-18  7.46893e-11  1.36059e-10  1.35124e-14  1.46357e-10  
4.12292e-11  1.98407e-10  2.10744e-11  4.78005e-11  2.06453e-11  8.49722e-11  6.13163e-12  1.41381e-10  8.98216e-12  2.94034e-19  
2.33882e-11  1.31987e-11  3.32511e-12  4.86406e-11  2.11375e-11  1.48793e-10  1.46901e-12  2.43826e-18  4.37707e-11  2.00702e-11  
2.18737e-14  9.20836e-12  2.29668e-11  9.27391e-12  9.1213e-11  2.02182e-14  5.4155e-16  2.16415e-11  1.28294e-17  2.73865e-17  
2.49565e-11  5.57076e-12  8.5002e-12  7.41981e-13  7.89949e-12  1.05423e-14  1.30876e-12  1.84169e-12  2.87482e-13  1.01851e-14  
1.86007e-12  1.85297e-12  2.80902e-12  1.07824e-12  3.24825e-12  2.36847e-13  4.14172e-13  1.49139e-12  5.53033e-13  2.91566e-12  
7.7226e-13  1.61297e-12  6.18265e-13  2.21203e-12  3.49018e-13  1.84877e-12  3.54267e-13  9.56389e-22  7.28776e-13  6.29016e-13  
2.9519e-14  1.62985e-12  6.57824e-13  2.00907e-12  6.86969e-13  2.50482e-12  5.74425e-13  2.8762e-12  1.04607e-12  4.1173e-12  
1.3574e-12  5.74136e-12  5.69136e-13  7.7188e-13  2.6535e-13  1.13884e-12  8.03345e-13  4.21284e-12  1.8761e-12  1.25269e-19  
4.28168e-17  2.64259e-12  2.68186e-12  5.35415e-12  3.4242e-12  8.8477e-12  7.84335e-17  2.29006e-12  1.32834e-12  1.38739e-14  
1.3495e-13  4.09551e-17  8.39981e-17  1.80382e-12  9.07019e-13  2.62409e-12  2.3486e-12  1.5894e-11  2.09912e-12  4.86492e-12  
7.8605e-16  5.55982e-13  6.98594e-13  1.24487e-12  3.51552e-13  1.0186e-12  2.39911e-13  8.39594e-13  7.51942e-17  1.55152e-13  
2.29008e-14  2.3759e-18  7.41844e-14  2.61926e-13  5.84417e-14  2.04861e-13  2.17441e-14  2.14633e-13  1.69529e-14  5.71491e-15  
7.84303e-14  2.88105e-16  5.70263e-15  5.43132e-15  5.45717e-16  1.54171e-13  7.70419e-14  3.41261e-13  1.68269e-13  5.95745e-13  
1.09812e-18  2.17998e-13  1.49045e-13  2.12563e-16  1.27176e-17  2.09609e-13  1.41659e-13  5.91199e-13  2.80973e-13  9.46762e-13  
2.13286e-13  4.61115e-13  1.88627e-13  5.88916e-13  1.42584e-16  1.08843e-13  1.42074e-13  1.79161e-14  1.71253e-14  1.83296e-13  
1.467e-13  4.21965e-13  1.82338e-13  5.57834e-13  8.65125e-14  5.49893e-14  2.39009e-17  1.10479e-14  7.51611e-14  2.91481e-13  
9.71788e-14  3.75644e-13  1.38252e-15  5.84289e-16  7.82769e-14  7.24019e-16  2.64692e-19  1.98714e-13  9.48698e-14  2.14037e-13  
2.54106e-15  1.15591e-13  4.36612e-14  3.11881e-18  4.91133e-14  1.0241e-13  3.41525e-14  4.06367e-13  1.49333e-13  8.42249e-13  
5.49072e-16  6.92438e-13  3.01195e-13  1.78142e-14  6.40924e-13  4.70975e-13  9.47239e-14  2.25227e-12  1.18904e-12  3.13321e-12  
9.33311e-13  1.37077e-12  4.61464e-13  7.44272e-13  2.74495e-13  7.27798e-13  2.64441e-13  1.61712e-14  5.1532e-13  3.24843e-13  
6.56966e-14  2.89482e-12  3.26062e-12  9.32089e-12  6.36842e-13  2.34429e-19  6.58468e-15  
1.13562e-22  1.61381e-15  2.28526e-26  1.48803e-31  0.185748  6.49836e-24  1.08145e-29  0  0.0203518  1.837e-08  2.34761e-08  
2.627e-15  9.88401e-06  3.6625e-08  2.88959e-29  1.23347e-19  0.000574188  1.28857e-08  1.83701e-05  5.88781e-19  4.88378e-20  
1.05974e-08  5.92037e-08  7.69977e-19  1.81826e-25  1.00768e-05  1.43333e-07  9.77045e-05  4.6198e-17  1.22058e-23  3.53498e-13  
2.42952e-06  3.08197e-13  1.11525e-27  5.3909e-06  5.34182e-08  3.03902e-07  8.19872e-18  2.85688e-20  8.49053e-08  7.19724e-25  
1.43297e-06  2.34647e-16  7.68633e-24  4.74015e-06  2.42088e-07  1.68902e-07  4.43945e-08  7.39136e-13  7.19153e-14  1.94765e-06  
2.21385e-08  8.92112e-08  2.40731e-12  4.83441e-10  1.79563e-08  3.2526e-10  1.50807e-08  3.23987e-07  1.04407e-10  6.12788e-08  
1.48713e-10  1.08875e-10  1.59127e-08  4.86281e-10  3.47876e-09  2.65254e-07  1.3461e-09  2.06246e-09  3.92423e-10  5.74192e-09  
8.51582e-12  3.92776e-11  3.36031e-16  5.20276e-10  2.49139e-10  8.91209e-13  5.23403e-16  1.17821e-20  9.23995e-10  7.4562e-10  
7.82775e-09  1.46937e-09  6.89075e-10  1.10908e-09  5.1481e-08  5.51185e-09  2.88563e-09  6.02895e-08  2.58001e-07  4.59397e-09  
4.45542e-06  1.8742e-07  3.72554e-08  2.46973e-11  1.40327e-12  1.91205e-08  4.97824e-10  1.39263e-07  4.45581e-09  5.63735e-08  
6.683e-09  9.05003e-09  2.19745e-10  2.41183e-09  1.90374e-09  8.23159e-15  1.17579e-09  2.67587e-09  3.40913e-11  1.65912e-09  
2.923e-10  1.20769e-09  7.26874e-17  3.56435e-11  1.35436e-10  1.58904e-17  7.46791e-11  1.36007e-10  9.06384e-14  1.46421e-10  
4.12716e-11  1.98363e-10  2.12183e-11  4.75025e-11  2.07319e-11  8.49285e-11  6.39016e-12  1.41532e-10  8.97802e-12  3.63157e-18  
2.3174e-11  1.29591e-11  3.44003e-12  4.84797e-11  2.13592e-11  1.48686e-10  1.84504e-12  3.20569e-17  4.37786e-11  1.97607e-11  
8.02281e-14  9.21575e-12  2.27671e-11  9.28828e-12  9.12141e-11  3.47952e-14  7.243e-16  2.16291e-11  2.13307e-16  8.8904e-17  
2.49529e-11  5.57328e-12  8.49962e-12  7.42935e-13  7.90497e-12  1.66513e-14  1.30932e-12  1.86035e-12  3.39614e-13  1.55937e-14  
1.77503e-12  1.84992e-12  2.80411e-12  1.08089e-12  3.24701e-12  2.46667e-13  4.08611e-13  1.48509e-12  5.6791e-13  2.90716e-12  
7.83887e-13  1.59663e-12  6.30626e-13  2.20351e-12  3.47928e-13  1.8551e-12  3.58611e-13  1.2303e-20  7.27323e-13  6.14417e-13  
3.43128e-14  1.62372e-12  6.6275e-13  2.0087e-12  6.89895e-13  2.50082e-12  5.77621e-13  2.87231e-12  1.04931e-12  4.11624e-12  
1.35753e-12  5.74017e-12  5.72257e-13  7.67988e-13  2.63728e-13  1.13905e-12  8.1481e-13  4.20629e-12  1.92953e-12  1.66243e-18  
8.24868e-17  2.59227e-12  2.74607e-12  5.2777e-12  3.45976e-12  8.81719e-12  1.15362e-15  2.29088e-12  1.33614e-12  1.70901e-14  
1.36863e-13  2.30818e-16  1.22334e-16  1.78269e-12  9.17882e-13  2.61711e-12  2.35108e-12  1.58928e-11  2.0993e-12  4.86427e-12  
1.79366e-15  5.56246e-13  6.99302e-13  1.24296e-12  3.53841e-13  1.01683e-12  2.42093e-13  8.36672e-13  5.28979e-16  1.56067e-13  
2.70047e-14  3.74114e-17  7.21994e-14  2.58869e-13  6.13314e-14  2.02093e-13  2.33725e-14  2.16176e-13  1.86848e-14  6.80189e-15  
8.15929e-14  5.94086e-16  6.79838e-15  4.38442e-15  5.25958e-16  1.50058e-13  7.86472e-14  3.39192e-13  1.69779e-13  5.89794e-13  
1.46907e-17  2.19482e-13  1.51859e-13  6.08051e-16  1.66254e-16  2.04947e-13  1.46504e-13  5.88191e-13  2.85308e-13  9.39147e-13  
2.17673e-13  4.59512e-13  1.91198e-13  5.83147e-13  1.20822e-15  1.10128e-13  1.42996e-13  2.31113e-14  2.17895e-14  1.72752e-13  
1.44318e-13  4.20349e-13  1.83813e-13  5.57288e-13  8.87327e-14  5.42545e-14  2.82978e-16  1.14893e-14  7.60726e-14  2.89776e-13  
9.75475e-14  3.74282e-13  2.68373e-15  7.36024e-16  7.81821e-14  1.76282e-15  5.46427e-18  1.96654e-13  9.52404e-14  2.14016e-13  
3.78022e-15  1.16523e-13  4.32631e-14  5.52021e-17  5.12676e-14  1.01233e-13  3.44294e-14  4.05278e-13  1.56771e-13  8.38051e-13  
2.56437e-15  6.99744e-13  3.15315e-13  2.73553e-14  6.51326e-13  4.44852e-13  1.05148e-13  2.23644e-12  1.1999e-12  3.1042e-12  
9.36838e-13  1.36184e-12  4.6495e-13  7.46035e-13  2.75947e-13  7.27303e-13  2.64887e-13  1.95454e-14  5.1603e-13  3.21107e-13  
6.49563e-14  2.8949e-12  3.26034e-12  9.32085e-12  6.36947e-13  3.37622e-18  6.52485e-15  
8.09457e-22  3.8704e-16  8.9199e-26  1.16724e-31  0.183284  6.38599e-24  6.42208e-31  0  0.0211699  5.55716e-09  2.37741e-08  
7.35433e-15  1.35578e-06  3.71851e-08  3.37488e-28  1.74641e-20  0.000570497  1.20013e-08  1.05396e-05  1.37597e-18  1.2929e-19  
8.23413e-10  6.53547e-08  3.29417e-18  6.97604e-26  1.00769e-05  1.42615e-07  0.000114063  2.05096e-16  3.81109e-23  2.85892e-13  
2.41749e-06  1.42899e-12  2.70658e-27  5.3901e-06  5.89127e-08  3.03074e-07  3.40041e-17  8.79903e-20  8.48657e-08  3.37892e-24  
1.44323e-06  9.15486e-16  2.70276e-23  4.74094e-06  2.42397e-07  1.69337e-07  4.44273e-08  7.09552e-13  7.043e-14  1.94703e-06  
2.24477e-08  8.92345e-08  2.37038e-12  4.86738e-10  1.79432e-08  3.43049e-10  1.53577e-08  3.23709e-07  8.87208e-11  6.1324e-08  
1.7309e-10  1.09451e-10  1.58881e-08  4.99622e-10  3.43787e-09  2.65107e-07  1.4644e-09  2.0721e-09  3.93413e-10  5.739e-09  
8.58722e-12  4.02529e-11  5.62733e-16  5.20234e-10  2.52222e-10  7.3732e-13  5.98506e-16  1.86462e-20  9.2282e-10  7.42993e-10  
7.8059e-09  1.49275e-09  6.92215e-10  1.10485e-09  5.14493e-08  5.51421e-09  2.91775e-09  6.03015e-08  2.57206e-07  5.09259e-09  
4.45165e-06  1.90623e-07  3.80589e-08  2.10643e-11  1.48501e-12  1.89681e-08  5.58223e-10  1.38772e-07  5.02498e-09  5.6269e-08  
6.79381e-09  9.08584e-09  2.50573e-10  2.4201e-09  1.87883e-09  3.87122e-14  1.18567e-09  2.66727e-09  3.52442e-11  1.65871e-09  
2.93344e-10  1.2098e-09  3.00941e-16  3.55815e-11  1.3597e-10  6.47635e-17  7.49503e-11  1.36681e-10  8.98245e-14  1.46337e-10  
4.1299e-11  1.98346e-10  2.10827e-11  4.78709e-11  2.06835e-11  8.52432e-11  6.75562e-12  1.41203e-10  8.4677e-12  1.43743e-17  
2.30058e-11  1.30358e-11  3.6025e-12  4.89487e-11  2.12842e-11  1.48718e-10  2.13298e-12  1.49856e-16  4.37851e-11  1.94802e-11  
6.92895e-14  9.21302e-12  2.3061e-11  9.3489e-12  9.12604e-11  2.92252e-14  8.22727e-16  2.16515e-11  5.57112e-16  4.46405e-17  
2.49491e-11  5.58095e-12  8.50478e-12  7.66485e-13  7.89175e-12  1.46047e-14  1.30823e-12  1.81582e-12  3.81154e-13  1.43666e-14  
1.74061e-12  1.85751e-12  2.8249e-12  1.07817e-12  3.25261e-12  2.59819e-13  3.8474e-13  1.49619e-12  5.49426e-13  2.91348e-12  
7.61623e-13  1.61658e-12  6.10663e-13  2.21505e-12  3.57134e-13  1.86513e-12  3.34499e-13  4.69697e-20  7.15072e-13  6.23682e-13  
3.6059e-14  1.64438e-12  6.55814e-13  2.0174e-12  6.8456e-13  2.51129e-12  5.7223e-13  2.88383e-12  1.04348e-12  4.12306e-12  
1.35433e-12  5.7479e-12  5.65259e-13  7.72975e-13  2.64749e-13  1.14268e-12  7.98869e-13  4.20719e-12  1.86202e-12  7.08749e-18  
8.65605e-17  2.628e-12  2.65502e-12  5.36514e-12  3.42177e-12  8.86742e-12  1.70177e-15  2.28678e-12  1.32856e-12  1.17159e-14  
1.40462e-13  2.16476e-16  1.38041e-16  1.81838e-12  9.09372e-13  2.64208e-12  2.35e-12  1.59036e-11  2.09888e-12  4.86554e-12  
1.50416e-15  5.54867e-13  6.97063e-13  1.24635e-12  3.51366e-13  1.01736e-12  2.40253e-13  8.39055e-13  5.335e-16  1.54213e-13  
2.98718e-14  6.29229e-17  6.83073e-14  2.60844e-13  5.95612e-14  2.03903e-13  2.4871e-14  2.13591e-13  1.29867e-14  7.35868e-15  
7.87709e-14  6.31239e-16  6.16852e-15  3.8447e-15  4.67878e-16  1.5317e-13  7.46978e-14  3.38131e-13  1.68641e-13  5.91673e-13  
6.92218e-17  2.16196e-13  1.48617e-13  6.89484e-16  1.70194e-16  2.08454e-13  1.41817e-13  5.89046e-13  2.82332e-13  9.46664e-13  
2.13821e-13  4.60457e-13  1.90757e-13  5.8725e-13  1.2968e-15  1.08587e-13  1.42664e-13  2.26819e-14  2.42744e-14  1.75205e-13  
1.43209e-13  4.24444e-13  1.84845e-13  5.62379e-13  8.75408e-14  5.56218e-14  3.59189e-16  1.08836e-14  7.46269e-14  2.91519e-13  
9.78927e-14  3.76935e-13  2.29817e-15  8.21699e-16  7.84879e-14  1.52988e-15  5.50854e-18  1.97317e-13  9.55714e-14  2.14547e-13  
3.41368e-15  1.14989e-13  4.24078e-14  1.14009e-16  4.88403e-14  1.02398e-13  3.43797e-14  4.03904e-13  1.49733e-13  8.35406e-13  
2.38566e-15  6.84406e-13  2.99762e-13  2.52948e-14  6.19829e-13  4.5133e-13  1.1336e-13  2.2357e-12  1.18037e-12  3.1371e-12  
9.4136e-13  1.39144e-12  4.70568e-13  7.55214e-13  2.76959e-13  7.29751e-13  2.6606e-13  2.17368e-14  5.14075e-13  3.19377e-13  
6.647e-14  2.89423e-12  3.26124e-12  9.32364e-12  6.37003e-13  4.96112e-18  6.68033e-15  
5.24332e-22  2.37876e-18  1.55941e-25  2.1343e-38  0.180401  6.43382e-24  1.0658e-30  0  0.0221191  1.15541e-11  2.36923e-08  
5.80923e-15  1.70831e-08  2.81231e-08  3.29523e-28  7.81177e-22  0.000576624  9.76776e-09  2.07626e-06  9.70125e-20  9.91215e-20  
2.13171e-11  7.60086e-08  1.42478e-18  2.04874e-27  1.00803e-05  1.43645e-07  0.000123851  7.93517e-17  3.07727e-23  2.46289e-13  
2.41761e-06  5.87058e-13  1.9314e-27  5.38955e-06  7.04332e-08  3.06837e-07  1.16635e-17  7.42248e-20  8.14071e-08  3.2107e-24  
1.44401e-06  3.04176e-16  2.24384e-23  4.74111e-06  2.42746e-07  1.6987e-07  4.44782e-08  2.12658e-13  2.04569e-14  1.94629e-06  
2.28099e-08  8.92584e-08  8.79094e-13  4.90719e-10  1.79239e-08  3.62211e-10  1.57655e-08  3.23356e-07  2.57502e-11  6.13763e-08  
1.96251e-10  1.10134e-10  1.58651e-08  5.16889e-10  3.42713e-09  2.64918e-07  1.58001e-09  2.08377e-09  3.94523e-10  5.73545e-09  
4.29261e-12  4.16484e-11  2.14472e-16  5.20181e-10  2.60438e-10  2.16511e-13  1.75861e-16  1.99972e-21  9.2155e-10  7.39389e-10  
7.77823e-09  1.52274e-09  6.96032e-10  1.09903e-09  5.14104e-08  5.51317e-09  2.96144e-09  6.13044e-08  2.5615e-07  4.77857e-09  
4.44707e-06  1.94531e-07  3.90516e-08  6.21655e-12  1.52995e-12  1.89402e-08  5.67805e-10  1.3816e-07  5.58283e-09  5.61959e-08  
6.93786e-09  9.12769e-09  2.78828e-10  2.43097e-09  1.85954e-09  1.5677e-14  1.21399e-09  2.65629e-09  2.15953e-11  1.65783e-09  
2.94733e-10  1.21243e-09  1.11346e-16  3.55014e-11  1.36769e-10  2.33151e-17  7.53369e-11  1.3754e-10  2.80072e-14  1.46221e-10  
4.13203e-11  1.98337e-10  2.08877e-11  4.83873e-11  2.06115e-11  8.56418e-11  7.14767e-12  1.40762e-10  7.85854e-12  4.83487e-18  
2.2846e-11  1.31573e-11  3.77635e-12  4.95735e-11  2.11421e-11  1.48783e-10  2.31364e-12  5.82835e-17  4.37925e-11  1.92959e-11  
1.98744e-14  9.20656e-12  2.34922e-11  9.42324e-12  9.1319e-11  8.60121e-15  8.54761e-16  2.16926e-11  2.24035e-16  3.24774e-18  
2.49462e-11  5.58977e-12  8.51135e-12  7.95592e-13  7.87426e-12  4.60237e-15  1.30671e-12  1.75699e-12  4.18869e-13  4.83234e-15  
1.71716e-12  1.88119e-12  2.85204e-12  1.07458e-12  3.25975e-12  2.73376e-13  3.57441e-13  1.51071e-12  5.25024e-13  2.92133e-12  
7.33441e-13  1.64249e-12  5.85808e-13  2.2288e-12  3.68244e-13  1.87692e-12  3.05155e-13  1.44133e-20  7.10504e-13  6.36648e-13  
2.81949e-14  1.67006e-12  6.47084e-13  2.0276e-12  6.77774e-13  2.52477e-12  5.65322e-13  2.89862e-12  1.03579e-12  4.13153e-12  
1.35047e-12  5.75773e-12  5.56244e-13  7.79541e-13  2.66462e-13  1.14722e-12  7.77149e-13  4.20897e-12  1.76982e-12  2.5585e-18  
5.75115e-17  2.67878e-12  2.53381e-12  5.48453e-12  3.36851e-12  8.93565e-12  6.16249e-16  2.28142e-12  1.31942e-12  3.96744e-15  
1.439e-13  6.67453e-17  1.40949e-16  1.86792e-12  8.9725e-13  2.67447e-12  2.34824e-12  1.59175e-11  2.09833e-12  4.86727e-12  
4.23696e-16  5.53078e-13  6.94596e-13  1.25101e-12  3.47802e-13  1.01838e-12  2.37521e-13  8.42631e-13  1.67456e-16  1.51671e-13  
2.81808e-14  2.15854e-17  6.86046e-14  2.64036e-13  5.69841e-14  2.06388e-13  2.60875e-14  2.105e-13  7.65713e-15  6.27173e-15  
7.46204e-14  2.61278e-16  4.3886e-15  3.48473e-15  2.72983e-16  1.57492e-13  7.11358e-14  3.36404e-13  1.66904e-13  5.95157e-13  
2.87659e-17  2.11784e-13  1.44647e-13  2.90745e-16  5.36168e-17  2.13732e-13  1.35887e-13  5.89884e-13  2.77953e-13  9.57297e-13  
2.08671e-13  4.61478e-13  1.897e-13  5.93512e-13  4.20252e-16  1.06281e-13  1.42816e-13  1.07166e-14  2.03103e-14  1.91742e-13  
1.47583e-13  4.29959e-13  1.85848e-13  5.68874e-13  8.57661e-14  5.71355e-14  1.26094e-16  1.0068e-14  7.31885e-14  2.93897e-13  
9.82491e-14  3.80569e-13  6.71632e-16  8.57082e-16  7.97036e-14  4.52947e-16  6.32032e-19  1.99339e-13  9.58186e-14  2.15213e-13  
1.17444e-15  1.12808e-13  4.29908e-14  4.49747e-17  4.55274e-14  1.04271e-13  3.4318e-14  4.02174e-13  1.40149e-13  8.32167e-13  
7.14308e-16  6.64325e-13  2.80181e-13  8.88781e-15  5.78699e-13  4.76372e-13  1.20623e-13  2.23615e-12  1.15515e-12  3.18253e-12  
9.46467e-13  1.43036e-12  4.77089e-13  7.66401e-13  2.7795e-13  7.32949e-13  2.67397e-13  2.13799e-14  5.11483e-13  3.20411e-13  
6.85254e-14  2.89338e-12  3.26244e-12  9.32714e-12  6.37045e-13  1.80247e-18  6.89417e-15  
4.99257e-23  6.58075e-19  1.3261e-26  0  0.17718  6.3858e-24  8.53872e-33  0  0.0231724  4.78565e-12  2.3469e-08  
3.1532e-16  4.16666e-12  1.72644e-08  2.34945e-30  8.22488e-27  0.000591194  6.52801e-09  1.14253e-07  2.27839e-22  6.81836e-21  
3.483e-16  8.66386e-08  7.65834e-20  3.46662e-33  1.00846e-05  1.44435e-07  0.000125814  3.61296e-18  2.01075e-24  5.63442e-14  
2.41927e-06  2.47543e-14  3.05242e-29  5.38909e-06  8.4093e-08  3.11638e-07  3.47323e-19  5.16951e-21  7.79687e-08  1.88306e-25  
1.44348e-06  1.14545e-17  1.41978e-24  4.74121e-06  2.43046e-07  1.70369e-07  4.45295e-08  8.89774e-15  7.51647e-16  1.94561e-06  
2.31241e-08  8.9276e-08  2.30621e-14  4.9452e-10  1.79045e-08  3.79789e-10  1.61185e-08  3.23025e-07  9.92402e-13  6.14287e-08  
2.12564e-10  1.10796e-10  1.58491e-08  5.32887e-10  3.42177e-09  2.6474e-07  1.68054e-09  2.09499e-09  3.95521e-10  5.73223e-09  
9.49657e-14  4.28457e-11  9.82924e-18  5.20132e-10  2.68186e-10  8.29381e-15  7.56613e-18  3.81206e-24  9.20309e-10  7.35937e-10  
7.75226e-09  1.55088e-09  6.99651e-10  1.09347e-09  5.13751e-08  5.51026e-09  3.00335e-09  6.59905e-08  2.5515e-07  7.48336e-10  
4.44293e-06  1.98023e-07  3.99923e-08  2.27975e-13  1.53511e-12  1.89249e-08  2.09401e-10  1.37596e-07  6.07409e-09  5.64992e-08  
7.07114e-09  9.16731e-09  2.87867e-10  2.44117e-09  1.85976e-09  6.47302e-16  1.24926e-09  2.64602e-09  5.01008e-13  1.65669e-09  
2.96014e-10  1.21488e-09  4.04743e-18  3.54267e-11  1.37557e-10  7.66859e-19  7.56621e-11  1.38346e-10  1.22521e-15  1.46118e-10  
4.13312e-11  1.98336e-10  2.07107e-11  4.88633e-11  2.05523e-11  8.60082e-11  7.49873e-12  1.40356e-10  7.32573e-12  1.46174e-19  
2.2704e-11  1.32398e-11  3.93113e-12  5.01656e-11  2.10027e-11  1.48849e-10  1.47288e-12  2.24384e-18  4.37979e-11  2.01252e-11  
8.79432e-16  9.19927e-12  2.38752e-11  9.49442e-12  9.13745e-11  2.99377e-16  6.88079e-16  2.17202e-11  1.01808e-17  1.04502e-20  
2.49441e-11  5.59728e-12  8.51768e-12  8.22558e-13  7.85821e-12  1.44915e-16  1.30521e-12  1.70292e-12  4.49806e-13  1.53903e-16  
1.69773e-12  1.89473e-12  2.87745e-12  1.07177e-12  3.26633e-12  2.84958e-13  3.33739e-13  1.5234e-12  5.04481e-13  2.92636e-12  
7.09797e-13  1.66363e-12  5.65911e-13  2.23862e-12  3.77838e-13  1.88853e-12  2.80059e-13  4.83139e-22  7.28067e-13  6.46595e-13  
1.35899e-15  1.69164e-12  6.40224e-13  2.03609e-12  6.72099e-13  2.53675e-12  5.59557e-13  2.91187e-12  1.02891e-12  4.13902e-12  
1.34712e-12  5.76678e-12  5.48332e-13  7.85039e-13  2.68195e-13  1.1515e-12  7.57702e-13  4.20968e-12  1.68791e-12  8.37615e-20  
2.88315e-18  2.7208e-12  2.42813e-12  5.58872e-12  3.32065e-12  8.99825e-12  2.76481e-17  2.27639e-12  1.31105e-12  2.56932e-16  
1.4634e-13  2.97729e-18  1.14292e-16  1.91075e-12  8.86816e-13  2.70416e-12  2.34679e-12  1.59304e-11  2.09783e-12  4.86888e-12  
1.63957e-17  5.51402e-13  6.91628e-13  1.25541e-12  3.44461e-13  1.01935e-12  2.34944e-13  8.46008e-13  7.30773e-18  1.49285e-13  
4.36441e-15  1.50473e-19  9.06329e-14  2.67314e-13  5.48353e-14  2.08361e-13  2.54074e-14  2.09142e-13  6.03354e-15  3.38208e-15  
7.02006e-14  1.81402e-17  6.3482e-16  3.6759e-15  1.10715e-17  1.60218e-13  7.07927e-14  3.34227e-13  1.65137e-13  5.98407e-13  
1.20652e-18  2.07705e-13  1.41432e-13  1.98556e-17  2.2678e-18  2.17982e-13  1.31182e-13  5.89962e-13  2.73977e-13  9.66858e-13  
2.04478e-13  4.61979e-13  1.88601e-13  5.99385e-13  1.84784e-17  1.04062e-13  1.4254e-13  3.06807e-16  1.27076e-15  2.08077e-13  
1.64858e-13  4.35681e-13  1.86738e-13  5.74991e-13  8.42985e-14  5.81731e-14  5.71575e-18  9.35287e-15  7.20532e-14  2.9596e-13  
9.85392e-14  3.84023e-13  2.43903e-17  8.41123e-16  7.98874e-14  1.82497e-17  6.06572e-21  2.00886e-13  9.59363e-14  2.15848e-13  
3.56913e-17  1.10686e-13  4.26419e-14  1.94669e-18  4.26677e-14  1.06043e-13  3.42946e-14  4.00359e-13  1.32001e-13  8.28337e-13  
3.03535e-17  6.45565e-13  2.62945e-13  2.70801e-16  5.52948e-13  4.93871e-13  1.14325e-13  2.23416e-12  1.13312e-12  3.22289e-12  
9.51179e-13  1.46694e-12  4.83391e-13  7.76957e-13  2.78876e-13  7.3603e-13  2.68532e-13  5.62501e-15  5.08905e-13  3.36958e-13  
7.05095e-14  2.89262e-12  3.26355e-12  9.33041e-12  6.37067e-13  8.27182e-20  7.09681e-15  
2.71957e-23  4.58041e-19  3.4346e-27  0  0.176725  6.37814e-24  1.10366e-33  0  0.0233195  3.15831e-12  2.3401e-08  
1.28087e-16  8.85506e-12  1.6081e-08  4.25842e-31  7.21934e-27  0.000594563  6.04448e-09  6.94809e-08  6.37195e-23  3.35034e-21  
3.27247e-16  8.77343e-08  3.68377e-20  1.619e-33  1.00852e-05  1.44527e-07  0.000125857  1.69097e-18  9.74068e-25  1.46437e-14  
2.41944e-06  8.81869e-15  3.88502e-30  5.38905e-06  8.52137e-08  3.12132e-07  1.26222e-19  2.53397e-21  7.76329e-08  8.29753e-26  
1.44343e-06  5.03118e-18  6.82702e-25  4.74122e-06  2.43071e-07  1.70419e-07  4.45351e-08  3.08852e-15  2.50205e-16  1.94555e-06  
2.31519e-08  8.92778e-08  7.48071e-15  4.949e-10  1.79025e-08  3.81577e-10  1.61522e-08  3.22992e-07  3.45013e-13  6.14342e-08  
2.10361e-10  1.10863e-10  1.58513e-08  5.34476e-10  3.42132e-09  2.64722e-07  1.69037e-09  2.09615e-09  3.95615e-10  5.73192e-09  
2.97093e-14  4.29605e-11  3.49031e-18  5.20127e-10  2.68595e-10  2.8906e-15  2.67973e-18  4.81845e-25  9.20185e-10  7.35579e-10  
7.74963e-09  1.55373e-09  7.0002e-10  1.0929e-09  5.13717e-08  5.50969e-09  3.0077e-09  6.66578e-08  2.55048e-07  1.48438e-10  
4.44254e-06  1.98347e-07  4.00877e-08  7.85465e-14  1.53505e-12  1.89233e-08  8.06169e-11  1.3754e-07  6.12149e-09  5.66229e-08  
7.08428e-09  9.17134e-09  2.75219e-10  2.4422e-09  1.87346e-09  2.3114e-16  1.25106e-09  2.64499e-09  1.43359e-13  1.65656e-09  
2.96142e-10  1.21513e-09  1.43553e-18  3.54192e-11  1.37642e-10  2.70346e-19  7.56916e-11  1.38426e-10  4.31732e-16  1.46109e-10  
4.13311e-11  1.98336e-10  2.06931e-11  4.89111e-11  2.05469e-11  8.60442e-11  7.53325e-12  1.40316e-10  7.27434e-12  5.17077e-20  
2.26897e-11  1.32459e-11  3.94658e-12  5.02258e-11  2.09873e-11  1.48857e-10  9.08132e-13  7.92218e-19  4.37979e-11  2.06863e-11  
3.1864e-16  9.19852e-12  2.39148e-11  9.50168e-12  9.13802e-11  1.0333e-16  5.68603e-16  2.17223e-11  3.70857e-18  2.62588e-21  
2.49441e-11  5.59794e-12  8.51833e-12  8.25267e-13  7.85665e-12  4.92244e-17  1.30506e-12  1.69754e-12  4.52686e-13  5.22854e-17  
1.6959e-12  1.8954e-12  2.87996e-12  1.07154e-12  3.26699e-12  2.86078e-13  3.31469e-13  1.52459e-12  5.02574e-13  2.9267e-12  
7.07642e-13  1.66552e-12  5.6415e-13  2.23939e-12  3.78761e-13  1.8897e-12  2.77732e-13  2.07872e-22  7.28423e-13  6.4743e-13  
2.73668e-16  1.69359e-12  6.39648e-13  2.03684e-12  6.71589e-13  2.53789e-12  5.59041e-13  2.91315e-12  1.02825e-12  4.13972e-12  
1.34681e-12  5.76767e-12  5.47586e-13  7.85535e-13  2.68379e-13  1.15193e-12  7.55826e-13  4.20966e-12  1.68e-12  2.91663e-20  
2.6727e-19  2.72466e-12  2.41805e-12  5.59865e-12  3.31594e-12  9.00446e-12  9.80931e-18  2.27588e-12  1.31021e-12  9.1419e-17  
1.46555e-13  1.0565e-18  9.52104e-17  1.91483e-12  8.85808e-13  2.7071e-12  2.34668e-12  1.59317e-11  2.09779e-12  4.86904e-12  
5.70552e-18  5.51235e-13  6.91292e-13  1.25586e-12  3.44121e-13  1.01946e-12  2.34675e-13  8.46358e-13  2.57226e-18  1.49047e-13  
8.80043e-16  1.07694e-20  9.38787e-14  2.67682e-13  5.46255e-14  2.08551e-13  2.4044e-14  2.09651e-13  7.19089e-15  2.35038e-15  
6.96305e-14  6.57555e-18  1.47315e-16  3.95275e-15  3.5513e-18  1.60396e-13  7.09078e-14  3.34008e-13  1.64928e-13  5.98744e-13  
4.25679e-19  2.07303e-13  1.41133e-13  7.19491e-18  7.98358e-19  2.18362e-13  1.30733e-13  5.89971e-13  2.73557e-13  9.67805e-13  
2.04082e-13  4.62021e-13  1.88459e-13  5.99999e-13  6.50068e-18  1.0384e-13  1.42468e-13  9.97831e-17  1.4931e-16  2.08928e-13  
1.6572e-13  4.36296e-13  1.86811e-13  5.75614e-13  8.41571e-14  5.82583e-14  2.02905e-18  9.28493e-15  7.19468e-14  2.96164e-13  
9.8557e-14  3.84377e-13  8.38769e-18  8.34146e-16  7.98505e-14  6.42612e-18  1.9164e-21  2.01023e-13  9.59422e-14  2.15913e-13  
1.20388e-17  1.10474e-13  4.25348e-14  6.82065e-19  4.23983e-14  1.06202e-13  3.42897e-14  4.00173e-13  1.3122e-13  8.27925e-13  
1.06495e-17  6.43698e-13  2.61259e-13  9.13048e-17  5.60745e-13  4.94913e-13  1.0345e-13  2.2338e-12  1.13099e-12  3.22678e-12  
9.51589e-13  1.47066e-12  4.84032e-13  7.78031e-13  2.78965e-13  7.36353e-13  2.68627e-13  1.63326e-15  5.08619e-13  3.41055e-13  
7.07195e-14  2.89255e-12  3.26366e-12  9.33072e-12  6.37067e-13  2.97536e-20  7.11757e-15  
8.01202e-24  2.372e-19  5.84515e-28  0  0.176518  6.37478e-24  5.91542e-35  0  0.0233862  1.80094e-12  2.33535e-08  
3.50726e-17  1.69417e-11  1.56072e-08  2.09341e-32  2.59294e-27  0.000596395  5.82303e-09  5.58453e-08  1.16975e-23  8.34018e-22  
2.11306e-16  8.81678e-08  8.8601e-21  1.65143e-34  1.00854e-05  1.44567e-07  0.000125871  4.12569e-19  2.15925e-25  4.41377e-15  
2.4195e-06  2.35482e-15  2.52536e-31  5.38904e-06  8.55602e-08  3.12308e-07  2.98843e-20  5.3871e-22  7.75119e-08  1.27369e-26  
1.44341e-06  1.23652e-18  1.38968e-25  4.74123e-06  2.43079e-07  1.70437e-07  4.45373e-08  7.5861e-16  5.81196e-17  1.94552e-06  
2.31613e-08  8.92783e-08  1.76119e-15  4.95037e-10  1.79018e-08  3.82226e-10  1.61644e-08  3.2298e-07  8.60722e-14  6.14363e-08  
2.06885e-10  1.10888e-10  1.58548e-08  5.35049e-10  3.42122e-09  2.64716e-07  1.69386e-09  2.09658e-09  3.95648e-10  5.73181e-09  
7.33864e-15  4.30025e-11  8.8641e-19  5.20125e-10  2.6874e-10  7.25804e-16  6.73089e-19  3.12995e-26  9.20142e-10  7.35447e-10  
7.74868e-09  1.55477e-09  7.00154e-10  1.09269e-09  5.13705e-08  5.50942e-09  3.00931e-09  6.67963e-08  2.55011e-07  3.4461e-11  
4.44241e-06  1.98461e-07  4.01223e-08  1.94165e-14  1.53502e-12  1.89229e-08  3.10078e-11  1.37521e-07  6.13811e-09  5.66706e-08  
7.08901e-09  9.1728e-09  2.61596e-10  2.44258e-09  1.88749e-09  6.19673e-17  1.25168e-09  2.64462e-09  3.74311e-14  1.65651e-09  
2.96188e-10  1.21522e-09  3.85217e-19  3.54165e-11  1.37674e-10  6.88387e-20  7.57021e-11  1.38456e-10  1.08433e-16  1.46106e-10  
4.13308e-11  1.98337e-10  2.06866e-11  4.89285e-11  2.05449e-11  8.60572e-11  7.54559e-12  1.40301e-10  7.25592e-12  1.31109e-20  
2.26846e-11  1.32479e-11  3.95217e-12  5.02478e-11  2.09814e-11  1.4886e-10  5.55882e-13  2.12494e-19  4.37979e-11  2.10368e-11  
8.16784e-17  9.19823e-12  2.39296e-11  9.50431e-12  9.13822e-11  2.57716e-17  4.70657e-16  2.17231e-11  1.03925e-18  5.04825e-22  
2.49441e-11  5.59816e-12  8.51857e-12  8.26247e-13  7.85608e-12  1.21276e-17  1.305e-12  1.69559e-12  4.53652e-13  1.28689e-17  
1.69531e-12  1.89564e-12  2.88087e-12  1.07147e-12  3.26723e-12  2.86479e-13  3.30659e-13  1.52502e-12  5.01896e-13  2.92682e-12  
7.06885e-13  1.66619e-12  5.63534e-13  2.23965e-12  3.79079e-13  1.89011e-12  2.76926e-13  5.01303e-23  7.28376e-13  6.47719e-13  
7.79575e-17  1.69428e-12  6.39451e-13  2.03711e-12  6.71411e-13  2.5383e-12  5.58862e-13  2.91361e-12  1.02801e-12  4.13997e-12  
1.34671e-12  5.76799e-12  5.47324e-13  7.85709e-13  2.68448e-13  1.15209e-12  7.55153e-13  4.20965e-12  1.67716e-12  7.42151e-21  
2.13186e-20  2.72604e-12  2.41443e-12  5.60221e-12  3.31423e-12  9.00671e-12  2.49454e-18  2.2757e-12  1.30991e-12  2.26757e-17  
1.46628e-13  2.67967e-19  7.94388e-17  1.91632e-12  8.85444e-13  2.70815e-12  2.34665e-12  1.59321e-11  2.09777e-12  4.8691e-12  
1.42336e-18  5.51174e-13  6.91169e-13  1.25603e-12  3.43996e-13  1.0195e-12  2.34575e-13  8.46489e-13  6.45192e-19  1.48962e-13  
2.13866e-16  6.67404e-22  9.44554e-14  2.67818e-13  5.45473e-14  2.08622e-13  2.26905e-14  2.10098e-13  8.46084e-15  1.64304e-15  
6.94039e-14  1.66644e-18  3.54954e-17  4.15862e-15  9.77346e-19  1.60457e-13  7.08869e-14  3.33931e-13  1.64845e-13  5.98872e-13  
1.11219e-19  2.07158e-13  1.41025e-13  1.82224e-18  2.0117e-19  2.185e-13  1.30567e-13  5.89981e-13  2.73398e-13  9.6815e-13  
2.03938e-13  4.62039e-13  1.884e-13  6.00229e-13  1.62784e-18  1.03759e-13  1.42438e-13  2.46415e-17  2.9191e-17  2.09241e-13  
1.65744e-13  4.36518e-13  1.86833e-13  5.75842e-13  8.41049e-14  5.82883e-14  5.15441e-19  9.26066e-15  7.19093e-14  2.9624e-13  
9.85611e-14  3.84507e-13  2.06836e-18  8.28534e-16  7.9836e-14  1.66207e-18  4.58814e-22  2.01077e-13  9.59434e-14  2.15937e-13  
2.96001e-18  1.10398e-13  4.2499e-14  1.71411e-19  4.2302e-14  1.06258e-13  3.4287e-14  4.00107e-13  1.30937e-13  8.27777e-13  
2.66356e-18  6.43029e-13  2.6065e-13  2.25686e-17  5.69929e-13  4.95296e-13  9.31694e-14  2.23364e-12  1.13022e-12  3.22818e-12  
9.51721e-13  1.47201e-12  4.84263e-13  7.78422e-13  2.78996e-13  7.36473e-13  2.68658e-13  4.87066e-16  5.08514e-13  3.42242e-13  
7.07965e-14  2.89253e-12  3.2637e-12  9.33084e-12  6.37066e-13  7.73712e-21  7.12519e-15  
3.15455e-24  1.50295e-19  9.12404e-29  0  0.176435  6.37346e-24  3.413e-36  0  0.0234126  1.07969e-12  2.33207e-08  
1.13518e-17  2.70838e-11  1.5441e-08  1.3342e-33  9.94221e-28  0.000597297  5.73248e-09  5.15499e-08  3.41515e-24  2.75869e-22  
1.04251e-16  8.83187e-08  2.92391e-21  1.84943e-35  1.00855e-05  1.44583e-07  0.000125875  1.38046e-19  6.53115e-26  1.66224e-15  
2.41952e-06  6.69002e-16  2.73765e-32  5.38904e-06  8.56391e-08  3.1236e-07  8.66261e-21  1.52358e-22  7.74747e-08  2.64458e-27  
1.4434e-06  4.07039e-19  3.82296e-26  4.74123e-06  2.43081e-07  1.70442e-07  4.45379e-08  2.02274e-16  1.47785e-17  1.94552e-06  
2.31639e-08  8.92785e-08  5.23661e-16  4.95078e-10  1.79015e-08  3.82424e-10  1.61681e-08  3.22977e-07  2.38817e-14  6.14369e-08  
2.03379e-10  1.10895e-10  1.58583e-08  5.35222e-10  3.42124e-09  2.64714e-07  1.69488e-09  2.09671e-09  3.95657e-10  5.73177e-09  
2.66787e-15  4.30153e-11  2.42215e-19  5.20124e-10  2.68781e-10  2.04865e-16  1.83131e-19  2.37239e-27  9.2013e-10  7.35405e-10  
7.74839e-09  1.55508e-09  7.00195e-10  1.09262e-09  5.13701e-08  5.50932e-09  3.00981e-09  6.68275e-08  2.55e-07  1.08278e-11  
4.44236e-06  1.98493e-07  4.01328e-08  5.4196e-15  1.53501e-12  1.89231e-08  1.31073e-11  1.37515e-07  6.14282e-09  5.6688e-08  
7.09045e-09  9.17325e-09  2.49416e-10  2.44269e-09  1.8998e-09  1.76202e-17  1.25187e-09  2.64451e-09  1.50368e-14  1.6565e-09  
2.96202e-10  1.21524e-09  1.11077e-19  3.54157e-11  1.37684e-10  1.99765e-20  7.57051e-11  1.38465e-10  2.95935e-17  1.46105e-10  
4.13306e-11  1.98337e-10  2.06847e-11  4.89339e-11  2.05443e-11  8.60612e-11  7.54927e-12  1.40297e-10  7.2504e-12  3.85952e-21  
2.26831e-11  1.32485e-11  3.95386e-12  5.02547e-11  2.09795e-11  1.48861e-10  3.56122e-13  5.9983e-20  4.37978e-11  2.1236e-11  
2.27187e-17  9.19814e-12  2.39342e-11  9.50511e-12  9.13829e-11  7.34675e-18  3.97414e-16  2.17233e-11  3.56118e-19  1.21587e-22  
2.49442e-11  5.59822e-12  8.51864e-12  8.26546e-13  7.85591e-12  3.52873e-18  1.30498e-12  1.69499e-12  4.53878e-13  3.76537e-18  
1.69521e-12  1.8957e-12  2.88114e-12  1.07145e-12  3.2673e-12  2.86599e-13  3.30419e-13  1.52514e-12  5.01692e-13  2.92685e-12  
7.06662e-13  1.66638e-12  5.63352e-13  2.23972e-12  3.79158e-13  1.89023e-12  2.76706e-13  1.62125e-23  7.28356e-13  6.47804e-13  
3.18616e-17  1.69448e-12  6.39395e-13  2.03718e-12  6.71359e-13  2.53842e-12  5.5881e-13  2.91375e-12  1.02794e-12  4.14004e-12  
1.34668e-12  5.76809e-12  5.47246e-13  7.85759e-13  2.6847e-13  1.15213e-12  7.54949e-13  4.20964e-12  1.67629e-12  2.07825e-21  
1.69334e-21  2.72646e-12  2.41334e-12  5.6033e-12  3.3137e-12  9.00741e-12  6.85348e-19  2.27565e-12  1.30982e-12  5.94201e-18  
1.46647e-13  7.39895e-20  6.75543e-17  1.91677e-12  8.85334e-13  2.70848e-12  2.34664e-12  1.59323e-11  2.09777e-12  4.86912e-12  
3.93618e-19  5.51156e-13  6.91131e-13  1.25608e-12  3.43957e-13  1.01951e-12  2.34543e-13  8.46531e-13  1.75817e-19  1.48936e-13  
7.0314e-17  6.05426e-23  9.45706e-14  2.6786e-13  5.45222e-14  2.08645e-13  2.15115e-14  2.10418e-13  9.61082e-15  1.18001e-15  
6.93293e-14  4.34768e-19  1.00195e-17  4.29397e-15  4.05541e-19  1.60475e-13  7.08723e-14  3.33908e-13  1.64818e-13  5.98913e-13  
3.08701e-20  2.07114e-13  1.40992e-13  4.76785e-19  5.49131e-20  2.18542e-13  1.30514e-13  5.89988e-13  2.73347e-13  9.68258e-13  
2.03893e-13  4.62046e-13  1.88379e-13  6.00303e-13  4.42041e-19  1.03735e-13  1.42427e-13  8.44625e-18  9.90297e-18  2.09332e-13  
1.65733e-13  4.36586e-13  1.86838e-13  5.75912e-13  8.40883e-14  5.82974e-14  1.41784e-19  9.25334e-15  7.18978e-14  2.96263e-13  
9.85614e-14  3.84547e-13  5.73949e-19  8.23948e-16  7.98304e-14  5.07186e-19  1.22812e-22  2.01097e-13  9.59434e-14  2.15945e-13  
8.84827e-19  1.10375e-13  4.24881e-14  4.64062e-20  4.22728e-14  1.06274e-13  3.42857e-14  4.00087e-13  1.3085e-13  8.27734e-13  
7.26171e-19  6.42826e-13  2.60461e-13  6.76831e-18  5.78136e-13  4.95411e-13  8.46302e-14  2.2336e-12  1.12998e-12  3.22861e-12  
9.51756e-13  1.47242e-12  4.84333e-13  7.78542e-13  2.79005e-13  7.3651e-13  2.68666e-13  1.68103e-16  5.08482e-13  3.42573e-13  
7.08202e-14  2.89252e-12  3.26372e-12  9.33088e-12  6.37065e-13  2.17832e-21  7.12755e-15  
2.28466e-24  1.5128e-19  1.61543e-29  0  0.176409  6.37303e-24  2.64436e-37  0  0.0234208  7.26575e-13  2.32983e-08  
6.63902e-18  3.96165e-11  1.53941e-08  2.35102e-34  7.24121e-28  0.000597673  5.70286e-09  5.04103e-08  2.08667e-24  1.77193e-22  
5.91207e-17  8.8361e-08  1.87578e-21  4.13949e-36  1.00855e-05  1.44589e-07  0.000125876  8.94965e-20  3.98183e-26  6.46254e-16  
2.41952e-06  2.64444e-16  6.18134e-33  5.38904e-06  8.56516e-08  3.12372e-07  4.75429e-21  8.72094e-23  7.7465e-08  1.23017e-27  
1.4434e-06  2.58449e-19  2.16271e-26  4.74123e-06  2.43082e-07  1.70443e-07  4.45381e-08  7.10675e-17  4.93694e-18  1.94551e-06  
2.31645e-08  8.92786e-08  1.84003e-16  4.95088e-10  1.79015e-08  3.82471e-10  1.6169e-08  3.22976e-07  8.64607e-15  6.1437e-08  
2.00367e-10  1.10897e-10  1.58613e-08  5.35266e-10  3.42129e-09  2.64713e-07  1.69509e-09  2.09674e-09  3.95659e-10  5.73176e-09  
9.55367e-16  4.30186e-11  8.81572e-20  5.20124e-10  2.68792e-10  7.49213e-17  6.57362e-20  3.19535e-28  9.20127e-10  7.35395e-10  
7.74831e-09  1.55517e-09  7.00205e-10  1.0926e-09  5.137e-08  5.50929e-09  3.00994e-09  6.68363e-08  2.54997e-07  3.94482e-12  
4.44236e-06  1.98501e-07  4.01355e-08  1.95511e-15  1.535e-12  1.89234e-08  6.28714e-12  1.37513e-07  6.14376e-09  5.66947e-08  
7.09082e-09  9.17336e-09  2.39512e-10  2.44272e-09  1.90974e-09  6.99474e-18  1.25191e-09  2.64448e-09  5.34962e-15  1.6565e-09  
2.96206e-10  1.21525e-09  5.12553e-20  3.54154e-11  1.37687e-10  1.02597e-20  7.57059e-11  1.38467e-10  1.06906e-17  1.46104e-10  
4.13305e-11  1.98337e-10  2.06841e-11  4.89353e-11  2.05441e-11  8.60622e-11  7.55012e-12  1.40296e-10  7.24907e-12  2.04332e-21  
2.26828e-11  1.32486e-11  3.95425e-12  5.02564e-11  2.0979e-11  1.48861e-10  2.44523e-13  2.46098e-20  4.37978e-11  2.13474e-11  
8.29062e-18  9.19813e-12  2.39354e-11  9.50531e-12  9.1383e-11  2.68157e-18  3.45071e-16  2.17234e-11  1.82787e-19  3.85128e-23  
2.49442e-11  5.59824e-12  8.51866e-12  8.26621e-13  7.85587e-12  1.28518e-18  1.30498e-12  1.69484e-12  4.53873e-13  1.37039e-18  
1.69524e-12  1.89572e-12  2.88121e-12  1.07144e-12  3.26732e-12  2.86625e-13  3.30362e-13  1.52517e-12  5.0164e-13  2.92685e-12  
7.06607e-13  1.66643e-12  5.63308e-13  2.23974e-12  3.79159e-13  1.89026e-12  2.76672e-13  1.01632e-23  7.28362e-13  6.47824e-13  
1.13081e-17  1.69452e-12  6.39383e-13  2.0372e-12  6.71347e-13  2.53845e-12  5.58797e-13  2.91378e-12  1.02792e-12  4.14006e-12  
1.34667e-12  5.76811e-12  5.47227e-13  7.85772e-13  2.68476e-13  1.15215e-12  7.54898e-13  4.20964e-12  1.67607e-12  9.8389e-22  
1.41855e-22  2.72657e-12  2.41306e-12  5.60357e-12  3.31357e-12  9.00759e-12  2.51119e-19  2.27563e-12  1.30979e-12  1.78926e-18  
1.4665e-13  2.70108e-20  5.90054e-17  1.91689e-12  8.85306e-13  2.70856e-12  2.34665e-12  1.59323e-11  2.09776e-12  4.86912e-12  
1.42293e-19  5.51151e-13  6.9112e-13  1.25609e-12  3.43947e-13  1.01951e-12  2.34535e-13  8.46541e-13  6.34554e-20  1.48929e-13  
2.58245e-17  8.18347e-24  9.46077e-14  2.6787e-13  5.45154e-14  2.08651e-13  2.05623e-14  2.10628e-13  1.0552e-14  8.84304e-16  
6.93096e-14  1.30754e-19  3.45526e-18  4.37869e-15  1.47604e-19  1.60479e-13  7.08687e-14  3.33903e-13  1.6481e-13  5.98925e-13  
1.1816e-20  2.07103e-13  1.40983e-13  1.46716e-19  1.99443e-20  2.18553e-13  1.305e-13  5.89991e-13  2.73333e-13  9.68286e-13  
2.03881e-13  4.62048e-13  1.88372e-13  6.00323e-13  1.5918e-19  1.03729e-13  1.42423e-13  3.08491e-18  3.55463e-18  2.09358e-13  
1.65731e-13  4.36603e-13  1.86839e-13  5.7593e-13  8.40838e-14  5.82997e-14  5.19239e-20  9.25151e-15  7.1895e-14  2.96269e-13  
9.85612e-14  3.84558e-13  2.0638e-19  8.20196e-16  7.98287e-14  2.32294e-19  4.43009e-23  2.01105e-13  9.59432e-14  2.15947e-13  
3.232e-19  1.10369e-13  4.24857e-14  1.68253e-20  4.22655e-14  1.06278e-13  3.42852e-14  4.00082e-13  1.30827e-13  8.27723e-13  
2.61376e-19  6.42775e-13  2.60412e-13  2.48958e-18  5.84652e-13  4.95441e-13  7.80293e-14  2.23359e-12  1.12992e-12  3.22872e-12  
9.51761e-13  1.47253e-12  4.84351e-13  7.78572e-13  2.79007e-13  7.3652e-13  2.68668e-13  6.73494e-17  5.08474e-13  3.42678e-13  
7.08263e-14  2.89252e-12  3.26372e-12  9.33089e-12  6.37065e-13  8.19041e-22  7.12817e-15  
  8 1.31043e+09 1.31043e+09 1.74994 0.600821 142500 231.95 0.025409
1.21803e-26  3.41368e-21  4.74839e-28  0  0.167125  6.32835e-24  6.74012e-38  0  0.0262177  1.48692e-13  9.10455e-15  
1.07202e-18  1.74603e-08  1.40975e-08  4.52444e-36  1.13081e-26  0.000820906  4.64078e-09  4.72483e-08  2.56163e-25  2.84709e-23  
1.42156e-15  8.93609e-08  2.77101e-22  6.86638e-36  1.00865e-05  1.44797e-07  0.000125885  1.47422e-20  3.37837e-27  1.34396e-17  
2.41964e-06  3.84453e-17  7.55979e-36  5.38908e-06  8.56406e-08  3.22668e-07  6.80333e-22  4.12283e-24  6.72579e-08  2.42311e-29  
1.44336e-06  4.30802e-20  9.01047e-28  4.74126e-06  2.43081e-07  1.70483e-07  4.45469e-08  7.77461e-18  4.49056e-19  1.94548e-06  
2.3169e-08  8.92799e-08  1.67428e-17  4.97385e-10  1.78995e-08  2.77126e-10  1.61981e-08  3.23051e-07  1.07308e-15  6.14412e-08  
2.76643e-14  1.10939e-10  1.60619e-08  5.36543e-10  4.47478e-09  2.64697e-07  6.50788e-10  2.09788e-09  3.95696e-10  5.73158e-09  
7.64595e-17  4.31245e-11  1.05296e-20  5.2012e-10  2.69025e-10  9.43427e-18  7.79562e-21  5.69112e-30  9.20063e-10  7.35009e-10  
7.74612e-09  1.55759e-09  7.00534e-10  1.09198e-09  5.13678e-08  5.50705e-09  3.01476e-09  6.69031e-08  2.54896e-07  9.35428e-14  
4.44213e-06  1.98672e-07  4.02205e-08  2.34939e-16  1.47819e-12  2.34011e-08  1.65549e-14  1.37473e-07  1.69678e-09  5.66965e-08  
7.10196e-09  9.1768e-09  3.42262e-14  2.4438e-09  2.15078e-09  1.10578e-18  1.25316e-09  2.64373e-09  3.89868e-16  1.65639e-09  
2.96321e-10  1.21545e-09  9.1946e-21  3.54089e-11  1.37806e-10  1.70753e-21  7.57228e-11  1.38538e-10  1.32729e-18  1.46101e-10  
4.13238e-11  1.98344e-10  2.06657e-11  4.89843e-11  2.0539e-11  8.60911e-11  5.43121e-12  1.4026e-10  9.35137e-12  4.42875e-22  
2.40546e-11  1.32534e-11  2.58597e-12  5.03154e-11  2.09528e-11  1.48876e-10  7.71724e-17  3.54102e-21  4.37974e-11  2.15834e-11  
1.07221e-18  9.19726e-12  2.39734e-11  9.51182e-12  9.13887e-11  3.20358e-19  6.51077e-25  2.17248e-11  1.26066e-20  3.07508e-27  
2.49449e-11  5.5983e-12  8.51929e-12  7.77533e-13  7.85459e-12  1.46864e-19  1.30481e-12  1.74153e-12  3.98895e-15  8.05756e-20  
2.14717e-12  1.89519e-12  2.88315e-12  1.07153e-12  3.26788e-12  1.80696e-13  4.35625e-13  1.52594e-12  5.00173e-13  2.92684e-12  
7.05384e-13  1.66752e-12  5.6224e-13  2.23992e-12  3.09555e-13  1.89033e-12  3.45907e-13  2.04774e-24  7.28323e-13  6.48651e-13  
6.02748e-19  1.6956e-12  6.39223e-13  2.03749e-12  6.71144e-13  2.53924e-12  5.58562e-13  2.91474e-12  1.02751e-12  4.14036e-12  
1.34662e-12  5.76876e-12  5.46844e-13  7.86003e-13  2.68691e-13  1.15249e-12  7.53387e-13  4.20942e-12  1.66939e-12  1.50912e-22  
4.44861e-27  2.72976e-12  2.4049e-12  5.61167e-12  3.309e-12  9.01343e-12  3.17605e-20  2.2752e-12  1.30904e-12  4.80845e-19  
1.40407e-13  3.35682e-21  3.48581e-26  1.9205e-12  8.9064e-13  2.71114e-12  2.34663e-12  1.59334e-11  2.09773e-12  4.86929e-12  
1.76188e-20  5.51008e-13  6.90747e-13  1.25655e-12  3.4358e-13  1.01967e-12  2.34227e-13  8.4696e-13  7.8549e-21  1.48721e-13  
6.13359e-19  2.86782e-26  9.43476e-14  2.68234e-13  5.42326e-14  2.08914e-13  7.49582e-18  2.11317e-13  3.05178e-14  4.68694e-18  
6.86466e-14  4.2749e-20  2.59215e-24  4.98386e-15  1.267e-20  1.60558e-13  7.05902e-14  3.33772e-13  1.64445e-13  5.9937e-13  
1.53501e-21  2.06763e-13  1.40708e-13  3.98461e-20  2.4797e-21  2.18899e-13  1.29984e-13  5.90177e-13  2.72786e-13  9.69235e-13  
2.03481e-13  4.6215e-13  1.88029e-13  6.01128e-13  1.94068e-20  1.0353e-13  1.42226e-13  2.88197e-19  1.37213e-19  2.10019e-13  
1.65487e-13  4.37133e-13  1.86797e-13  5.76536e-13  8.39069e-14  5.83622e-14  6.67026e-21  9.19717e-15  7.18202e-14  2.96486e-13  
9.85184e-14  3.84923e-13  2.44761e-20  9.3702e-17  7.97194e-14  2.1588e-20  3.80091e-25  2.01987e-13  9.59201e-14  2.16007e-13  
3.64143e-20  1.10187e-13  4.24404e-14  2.01989e-21  4.20467e-14  1.06364e-13  3.42557e-14  3.99953e-13  1.3007e-13  8.27464e-13  
3.25251e-20  6.41269e-13  2.58759e-13  2.83209e-19  6.60109e-13  4.96385e-13  1.77199e-17  2.23316e-12  1.12817e-12  3.23185e-12  
9.51603e-13  1.47606e-12  4.84937e-13  7.79626e-13  2.7906e-13  7.36863e-13  2.68671e-13  5.26631e-19  5.0863e-13  3.42867e-13  
7.06322e-14  2.89247e-12  3.26384e-12  9.33114e-12  6.37051e-13  1.14302e-22  7.15026e-15  
2.19597e-26  5.00635e-21  1.01876e-27  0  0.167141  6.33058e-24  2.04311e-37  0  0.0262166  1.91963e-13  1.03461e-14  
2.04603e-18  1.76861e-08  1.41985e-08  1.2822e-35  2.49891e-26  0.000817821  4.73551e-09  4.98029e-08  4.89967e-25  4.95533e-23  
2.99308e-15  8.9262e-08  4.79758e-22  1.95565e-35  1.00864e-05  1.4478e-07  0.000125883  2.51494e-20  6.26686e-27  2.27567e-17  
2.41963e-06  5.99296e-17  2.32769e-35  5.38908e-06  8.55847e-08  3.22641e-07  1.30961e-21  8.45577e-24  6.7283e-08  5.44286e-29  
1.44336e-06  7.46346e-20  1.83138e-27  4.74126e-06  2.4308e-07  1.70478e-07  4.45461e-08  1.23281e-17  7.223e-19  1.94548e-06  
2.31675e-08  8.92797e-08  2.70821e-17  4.97353e-10  1.78997e-08  2.7698e-10  1.61951e-08  3.23055e-07  1.68216e-15  6.14407e-08  
3.72005e-14  1.10933e-10  1.60619e-08  5.36401e-10  4.47437e-09  2.64698e-07  6.50292e-10  2.09776e-09  3.95689e-10  5.73161e-09  
1.25305e-16  4.31137e-11  1.65582e-20  5.20121e-10  2.68996e-10  1.47829e-17  1.22408e-20  1.24732e-29  9.20072e-10  7.35046e-10  
7.74636e-09  1.55733e-09  7.00499e-10  1.09204e-09  5.13681e-08  5.5072e-09  3.0143e-09  6.68965e-08  2.54906e-07  1.5518e-13  
4.44216e-06  1.98647e-07  4.02116e-08  3.69622e-16  1.47819e-12  2.33989e-08  2.72914e-14  1.37478e-07  1.69527e-09  5.6697e-08  
7.10076e-09  9.17643e-09  4.92181e-14  2.4437e-09  2.15063e-09  1.73616e-18  1.25303e-09  2.64382e-09  6.41724e-16  1.6564e-09  
2.96309e-10  1.21543e-09  1.62911e-20  3.54096e-11  1.37796e-10  3.25571e-21  7.57206e-11  1.3853e-10  2.07401e-18  1.46101e-10  
4.13242e-11  1.98344e-10  2.06675e-11  4.89795e-11  2.05396e-11  8.60878e-11  5.42854e-12  1.40264e-10  9.35571e-12  8.46177e-22  
2.40556e-11  1.32529e-11  2.58463e-12  5.03094e-11  2.09549e-11  1.48875e-10  1.26565e-16  5.72845e-21  4.37974e-11  2.1584e-11  
1.67213e-18  9.19734e-12  2.39696e-11  9.51114e-12  9.1388e-11  5.0559e-19  1.39788e-24  2.17247e-11  1.96248e-20  6.36846e-27  
2.49449e-11  5.59827e-12  8.51923e-12  7.77276e-13  7.85474e-12  2.32635e-19  1.30483e-12  1.74204e-12  3.98786e-15  1.29054e-19  
2.14702e-12  1.89519e-12  2.88293e-12  1.07154e-12  3.26782e-12  1.80604e-13  4.35806e-13  1.52584e-12  5.00342e-13  2.92683e-12  
7.05551e-13  1.66737e-12  5.62382e-13  2.23987e-12  3.14505e-13  1.89026e-12  3.4105e-13  3.47188e-24  7.2836e-13  6.48576e-13  
1.00539e-18  1.69545e-12  6.3926e-13  2.03744e-12  6.71178e-13  2.53915e-12  5.58598e-13  2.91463e-12  1.02756e-12  4.14031e-12  
1.34664e-12  5.76869e-12  5.46899e-13  7.85967e-13  2.68671e-13  1.15245e-12  7.53555e-13  4.20943e-12  1.67012e-12  2.81293e-22  
1.06812e-26  2.7294e-12  2.40581e-12  5.61077e-12  3.30946e-12  9.01283e-12  4.95733e-20  2.27524e-12  1.30912e-12  7.80341e-19  
1.40392e-13  5.22312e-21  9.54145e-26  1.92013e-12  8.90742e-13  2.71087e-12  2.34664e-12  1.59333e-11  2.09773e-12  4.86927e-12  
2.76235e-20  5.51023e-13  6.90783e-13  1.2565e-12  3.43616e-13  1.01966e-12  2.34256e-13  8.46921e-13  1.22759e-20  1.48743e-13  
1.0266e-18  6.67767e-26  9.43744e-14  2.68196e-13  5.42582e-14  2.0889e-13  1.10377e-17  2.11322e-13  3.05514e-14  7.67182e-18  
6.87119e-14  6.84442e-20  6.53355e-24  4.96824e-15  2.05782e-20  1.60543e-13  7.06238e-14  3.33788e-13  1.64474e-13  5.9933e-13  
2.41556e-21  2.068e-13  1.40738e-13  6.34638e-20  3.87424e-21  2.18863e-13  1.30034e-13  5.90165e-13  2.72835e-13  9.69139e-13  
2.03521e-13  4.62141e-13  1.88054e-13  6.01056e-13  3.03735e-20  1.03551e-13  1.42241e-13  4.65635e-19  2.29068e-19  2.09954e-13  
1.65513e-13  4.37076e-13  1.86796e-13  5.76475e-13  8.39233e-14  5.83545e-14  1.03874e-20  9.20328e-15  7.18295e-14  2.96465e-13  
9.85198e-14  3.84888e-13  3.85551e-20  1.53197e-16  7.97279e-14  3.51167e-20  1.5953e-24  2.01914e-13  9.59211e-14  2.16e-13  
5.77444e-20  1.10207e-13  4.24491e-14  3.16979e-21  4.20713e-14  1.06352e-13  3.42575e-14  3.99968e-13  1.30148e-13  8.27496e-13  
5.08244e-20  6.41437e-13  2.58929e-13  4.49303e-19  6.60388e-13  4.96291e-13  2.72865e-17  2.23319e-12  1.12836e-12  3.2315e-12  
9.51593e-13  1.4757e-12  4.84876e-13  7.7952e-13  2.79054e-13  7.3683e-13  2.68667e-13  8.69134e-19  5.08657e-13  3.42855e-13  
7.06113e-14  2.89248e-12  3.26383e-12  9.33111e-12  6.37052e-13  1.76733e-22  7.14813e-15  
7.19263e-26  2.072e-14  5.36087e-24  7.85979e-30  0.170126  7.18666e-24  1.60773e-26  6.34867e-39  0.0252722  5.29301e-09  2.42795e-09  
7.20244e-18  4.50543e-06  1.40761e-08  2.24826e-31  3.40015e-19  0.000782106  4.7817e-09  6.05282e-08  1.35791e-24  3.12152e-22  
1.68939e-14  8.57662e-08  1.02534e-21  2.36188e-34  1.00797e-05  1.39611e-07  0.0001214  5.37593e-20  1.06962e-23  3.53577e-16  
2.39395e-06  2.36435e-16  2.27983e-31  5.3904e-06  8.36682e-08  3.15134e-07  4.13004e-21  1.30604e-22  7.25372e-08  2.44211e-26  
1.46684e-06  2.09448e-19  4.02166e-25  4.74302e-06  2.42857e-07  1.70047e-07  4.45175e-08  5.15824e-17  3.11538e-18  1.94607e-06  
2.28769e-08  8.9248e-08  1.1128e-16  4.94452e-10  1.79238e-08  2.74288e-10  1.59381e-08  3.2331e-07  6.83973e-15  6.14119e-08  
1.81158e-13  1.10442e-10  1.60628e-08  5.22905e-10  4.35841e-09  2.64853e-07  6.64881e-10  2.08836e-09  3.94756e-10  5.73466e-09  
4.87456e-16  4.22232e-11  6.70048e-20  5.20161e-10  2.65771e-10  5.87201e-17  4.96116e-20  2.01532e-28  9.21255e-10  7.37716e-10  
7.77074e-09  1.53132e-09  6.97465e-10  1.09606e-09  5.1398e-08  5.50562e-09  2.98372e-09  6.63795e-08  2.55695e-07  5.10628e-13  
4.44547e-06  1.95881e-07  3.94469e-08  1.4661e-15  1.4254e-12  2.29383e-08  7.88022e-14  1.37974e-07  1.7285e-09  5.67561e-08  
6.98835e-09  9.13859e-09  1.67564e-13  2.43571e-09  2.14605e-09  6.95186e-18  1.24135e-09  2.65228e-09  2.41309e-15  1.65734e-09  
2.95221e-10  1.21328e-09  6.00878e-20  3.547e-11  1.37316e-10  1.12475e-20  7.54643e-11  1.37838e-10  8.45062e-18  1.46188e-10  
4.13078e-11  1.98355e-10  2.07424e-11  4.86965e-11  2.05401e-11  8.58066e-11  5.37652e-12  1.40615e-10  9.4786e-12  2.96116e-21  
2.40152e-11  1.327e-11  2.59516e-12  4.98304e-11  2.10006e-11  1.48881e-10  3.49845e-16  2.28661e-20  4.37965e-11  2.15879e-11  
6.80665e-18  9.19977e-12  2.36798e-11  9.44671e-12  9.13491e-11  2.03338e-18  9.76318e-24  2.17041e-11  7.94594e-20  1.0932e-25  
2.4948e-11  5.59123e-12  8.51393e-12  7.63008e-13  7.86768e-12  9.37431e-19  1.30588e-12  1.77391e-12  2.30114e-14  5.33143e-19  
2.11973e-12  1.89504e-12  2.86345e-12  1.07317e-12  3.26289e-12  1.82429e-13  4.4271e-13  1.51845e-12  5.07539e-13  2.93126e-12  
7.19421e-13  1.65933e-12  5.68027e-13  2.23923e-12  3.22149e-13  1.87905e-12  3.4366e-13  9.78528e-24  7.3304e-13  6.45209e-13  
3.55452e-18  1.68024e-12  6.41332e-13  2.03261e-12  6.75518e-13  2.53013e-12  5.61692e-13  2.90493e-12  1.03327e-12  4.13367e-12  
1.34994e-12  5.76059e-12  5.53445e-13  7.83183e-13  2.67247e-13  1.1476e-12  7.66093e-13  4.21268e-12  1.71438e-12  1.0501e-21  
1.58517e-25  2.72707e-12  2.46226e-12  5.55315e-12  3.33142e-12  8.97328e-12  2.01302e-19  2.27929e-12  1.31189e-12  3.51237e-18  
1.36918e-13  2.05672e-20  7.09392e-25  1.89447e-12  8.93852e-13  2.69064e-12  2.34753e-12  1.59228e-11  2.09803e-12  4.86837e-12  
1.12153e-19  5.52363e-13  6.9308e-13  1.25328e-12  3.4557e-13  1.01951e-12  2.35594e-13  8.45183e-13  5.02225e-20  1.50487e-13  
3.38878e-18  8.85289e-25  9.43374e-14  2.67345e-13  5.39834e-14  2.09282e-13  3.47264e-17  2.16151e-13  3.0258e-14  1.9961e-17  
6.97711e-14  5.99258e-19  3.16986e-22  6.04309e-15  9.9947e-20  1.62839e-13  7.12974e-14  3.3665e-13  1.64981e-13  5.98022e-13  
9.79535e-21  2.09822e-13  1.40678e-13  2.55171e-19  1.61951e-20  2.18931e-13  1.30102e-13  5.92572e-13  2.73922e-13  9.64422e-13  
2.03703e-13  4.63957e-13  1.87832e-13  5.98544e-13  1.24361e-19  1.04939e-13  1.41502e-13  1.80891e-18  8.0044e-19  2.0814e-13  
1.6407e-13  4.3294e-13  1.85436e-13  5.72134e-13  8.37655e-14  5.85223e-14  4.24554e-20  9.59746e-15  7.23817e-14  2.95962e-13  
9.81547e-14  3.82137e-13  1.56003e-19  2.37019e-16  7.93226e-14  1.35811e-19  1.00976e-23  2.01838e-13  9.55889e-14  2.15401e-13  
2.29959e-19  1.11676e-13  4.28747e-14  1.32451e-20  4.29812e-14  1.06106e-13  3.41022e-14  4.02787e-13  1.31681e-13  8.3598e-13  
2.10664e-19  6.56213e-13  2.62322e-13  1.82011e-18  6.70633e-13  5.05009e-13  8.48703e-17  2.24893e-12  1.13967e-12  3.2058e-12  
9.4312e-13  1.44745e-12  4.78182e-13  7.72085e-13  2.78298e-13  7.34529e-13  2.67912e-13  2.69672e-18  5.10776e-13  3.42091e-13  
6.92162e-14  2.89307e-12  3.26296e-12  9.32834e-12  6.37031e-13  7.09301e-22  6.99479e-15  
1.64811e-23  4.47404e-15  6.91123e-25  6.94905e-31  0.180002  8.71382e-24  4.47549e-28  0  0.0221169  3.71337e-08  1.13092e-08  
1.74629e-15  2.0722e-05  1.34335e-08  1.04225e-29  5.23628e-20  0.000687945  7.97391e-09  7.60873e-07  5.878e-21  4.25715e-20  
1.22882e-10  7.37359e-08  2.82136e-19  9.34975e-28  1.00705e-05  1.20229e-07  0.000104495  1.37702e-17  7.39236e-24  2.1628e-13  
2.34698e-06  4.21756e-14  3.81414e-28  5.42403e-06  7.6087e-08  2.79538e-07  1.02051e-18  1.48498e-20  8.30913e-08  1.71922e-25  
1.50108e-06  4.97733e-17  3.32148e-24  4.74629e-06  2.42338e-07  1.69451e-07  4.44691e-08  4.3088e-14  5.15871e-15  1.9471e-06  
2.2225e-08  8.91875e-08  4.22786e-13  4.89816e-10  1.79618e-08  2.96464e-10  1.54914e-08  3.2373e-07  1.33241e-11  6.1351e-08  
5.72329e-11  1.09802e-10  1.60068e-08  4.967e-10  3.8912e-09  2.65101e-07  9.81684e-10  2.07921e-09  3.93543e-10  5.73987e-09  
2.10613e-12  4.10698e-11  1.9984e-17  5.20231e-10  2.57473e-10  1.32615e-13  2.12029e-17  3.68507e-23  9.23791e-10  7.42706e-10  
7.80978e-09  1.48707e-09  6.94174e-10  1.10386e-09  5.14508e-08  5.50027e-09  2.93029e-09  6.37016e-08  2.57125e-07  1.64055e-09  
4.45189e-06  1.90018e-07  3.85206e-08  3.63249e-12  1.27148e-12  2.10876e-08  2.00118e-10  1.38855e-07  2.79992e-09  5.66982e-08  
6.76788e-09  9.10699e-09  9.09774e-11  2.42285e-09  2.0495e-09  1.21239e-15  1.20983e-09  2.66909e-09  1.01103e-11  1.65956e-09  
2.92973e-10  1.21007e-09  1.15725e-17  3.55788e-11  1.36406e-10  2.49747e-18  7.50807e-11  1.36716e-10  5.2053e-15  1.46469e-10  
4.1243e-11  1.98396e-10  2.10507e-11  4.78828e-11  2.06899e-11  8.52668e-11  5.80657e-12  1.4131e-10  9.4489e-12  5.80428e-19  
2.3518e-11  1.30524e-11  2.97317e-12  4.88965e-11  2.12353e-11  1.48845e-10  6.79828e-13  4.23908e-18  4.37858e-11  2.08865e-11  
6.79375e-15  9.19996e-12  2.31478e-11  9.38056e-12  9.13005e-11  5.4355e-15  5.45916e-17  2.16706e-11  1.78272e-17  1.91826e-18  
2.49553e-11  5.5765e-12  8.50631e-12  7.46444e-13  7.89671e-12  2.88936e-15  1.30768e-12  1.84609e-12  1.81888e-13  2.61973e-15  
1.92939e-12  1.87165e-12  2.82418e-12  1.08442e-12  3.25328e-12  2.16165e-13  4.37563e-13  1.48869e-12  5.49543e-13  2.91556e-12  
7.73389e-13  1.60649e-12  6.10406e-13  2.21169e-12  3.36456e-13  1.85614e-12  3.66665e-13  2.20524e-21  7.46314e-13  6.16087e-13  
1.31445e-14  1.63301e-12  6.59787e-13  2.01729e-12  6.90877e-13  2.50657e-12  5.7571e-13  2.88103e-12  1.04918e-12  4.1175e-12  
1.35818e-12  5.74493e-12  5.72254e-13  7.68977e-13  2.63663e-13  1.14043e-12  8.06249e-13  4.20261e-12  1.87644e-12  2.19663e-19  
3.0902e-18  2.62999e-12  2.67367e-12  5.3232e-12  3.41853e-12  8.86862e-12  6.26372e-17  2.28629e-12  1.3301e-12  6.83831e-15  
1.27835e-13  1.42593e-17  6.43419e-18  1.82926e-12  9.15426e-13  2.64874e-12  2.35361e-12  1.59047e-11  2.09889e-12  4.8662e-12  
2.08876e-16  5.54766e-13  6.98013e-13  1.24644e-12  3.51187e-13  1.01745e-12  2.39856e-13  8.39611e-13  2.96745e-17  1.54194e-13  
1.07597e-14  9.29639e-19  8.49278e-14  2.64264e-13  5.57838e-14  2.07428e-13  1.53232e-14  2.22197e-13  1.68701e-14  5.90393e-15  
7.71228e-14  3.09709e-16  7.25603e-16  8.62271e-15  3.51882e-16  1.60752e-13  7.50029e-14  3.3826e-13  1.64788e-13  5.89427e-13  
1.86779e-18  2.16805e-13  1.45427e-13  1.84443e-16  6.34606e-18  2.14314e-13  1.35186e-13  5.93216e-13  2.7921e-13  9.4685e-13  
2.11008e-13  4.64673e-13  1.87476e-13  5.89963e-13  6.3665e-17  1.07874e-13  1.40287e-13  6.56005e-15  4.42323e-15  1.99639e-13  
1.53987e-13  4.25713e-13  1.83996e-13  5.65697e-13  8.64642e-14  5.72942e-14  1.56222e-17  1.10567e-14  7.51433e-14  2.9316e-13  
9.71238e-14  3.76912e-13  3.68829e-16  2.36542e-16  7.87829e-14  2.07817e-16  4.39994e-20  2.02242e-13  9.46467e-14  2.14563e-13  
7.49362e-16  1.14949e-13  4.481e-14  3.40366e-18  4.80407e-14  1.04077e-13  3.39889e-14  4.05829e-13  1.4493e-13  8.43272e-13  
1.78012e-16  6.91066e-13  2.91358e-13  5.28379e-15  6.56546e-13  5.00393e-13  5.94965e-14  2.23979e-12  1.17754e-12  3.11464e-12  
9.28506e-13  1.39568e-12  4.73653e-13  7.65197e-13  2.79049e-13  7.31433e-13  2.66048e-13  7.55002e-15  5.14226e-13  3.33982e-13  
6.66121e-14  2.89436e-12  3.26148e-12  9.32365e-12  6.36942e-13  2.03307e-19  6.73342e-15  
3.30165e-21  2.10533e-15  4.1768e-23  1.11481e-31  0.181007  8.08448e-24  7.24088e-28  0  0.0218067  9.85326e-09  2.06696e-08  
2.55916e-13  2.04801e-05  2.03334e-08  2.15636e-25  1.5301e-17  0.000669965  1.1396e-08  3.78725e-06  4.84889e-18  5.81329e-18  
1.34254e-09  7.16952e-08  4.4401e-17  1.41984e-24  1.00656e-05  1.16978e-07  0.000101703  2.17824e-15  1.11917e-21  3.36762e-13  
2.32244e-06  8.25791e-12  9.44941e-26  5.41953e-06  7.70502e-08  2.77097e-07  2.13026e-16  2.55763e-18  8.45452e-08  4.09084e-23  
1.52237e-06  9.67727e-15  6.62662e-22  4.74825e-06  2.42555e-07  1.70253e-07  4.45818e-08  1.07551e-12  5.63072e-14  1.9462e-06  
2.25166e-08  8.92367e-08  1.53089e-12  4.95078e-10  1.79323e-08  3.35849e-10  1.59213e-08  3.23191e-07  8.35229e-11  6.14171e-08  
1.09374e-10  1.10781e-10  1.59562e-08  5.21223e-10  3.7971e-09  2.64802e-07  1.25819e-09  2.1e-09  3.94908e-10  5.73535e-09  
5.98256e-12  4.27005e-11  2.10098e-15  5.20152e-10  2.58675e-10  6.86913e-13  1.63803e-15  2.30358e-19  9.21856e-10  7.36611e-10  
7.76635e-09  1.53362e-09  7.00635e-10  1.09416e-09  5.14023e-08  5.47959e-09  3.00524e-09  6.31998e-08  2.55436e-07  3.19544e-09  
4.44676e-06  1.94075e-07  4.01375e-08  1.8622e-11  1.47286e-12  2.06879e-08  3.71135e-10  1.38018e-07  3.87628e-09  5.64335e-08  
6.9752e-09  9.18019e-09  1.69757e-10  2.44051e-09  1.99176e-09  2.4128e-13  1.21719e-09  2.65395e-09  2.45462e-11  1.65822e-09  
2.94969e-10  1.21403e-09  2.3839e-15  3.54604e-11  1.37992e-10  5.19852e-16  7.53193e-11  1.38059e-10  1.76585e-13  1.46391e-10  
4.11965e-11  1.98448e-10  2.08107e-11  4.85907e-11  2.06428e-11  8.58146e-11  6.55365e-12  1.40665e-10  8.46649e-12  1.15964e-16  
2.31323e-11  1.31216e-11  3.40089e-12  4.98541e-11  2.09652e-11  1.48993e-10  1.30819e-12  9.212e-16  4.37869e-11  2.01901e-11  
1.00979e-13  9.19502e-12  2.36527e-11  9.50666e-12  9.13998e-11  2.47388e-14  3.1703e-16  2.16846e-11  2.55236e-15  3.08279e-17  
2.49534e-11  5.58342e-12  8.5175e-12  7.93787e-13  7.87388e-12  1.14408e-14  1.30521e-12  1.76109e-12  2.81425e-13  9.56792e-15  
1.85304e-12  1.85248e-12  2.85886e-12  1.08374e-12  3.26448e-12  2.47492e-13  3.9182e-13  1.5036e-12  5.27349e-13  2.91329e-12  
7.47042e-13  1.62771e-12  5.91999e-13  2.21538e-12  3.59037e-13  1.87198e-12  3.27435e-13  4.25902e-19  7.25952e-13  6.25212e-13  
2.56143e-14  1.65938e-12  6.54629e-13  2.02646e-12  6.84685e-13  2.52314e-12  5.7003e-13  2.89976e-12  1.04025e-12  4.12647e-12  
1.35476e-12  5.75859e-12  5.62542e-13  7.74697e-13  2.66449e-13  1.14746e-12  7.80935e-13  4.19785e-12  1.77164e-12  4.78747e-17  
2.72482e-17  2.66778e-12  2.54219e-12  5.45009e-12  3.3529e-12  8.95984e-12  5.66526e-15  2.27853e-12  1.31518e-12  2.2592e-14  
1.389e-13  3.99972e-16  4.8083e-17  1.86638e-12  9.00409e-13  2.69325e-12  2.35297e-12  1.59253e-11  2.09832e-12  4.86866e-12  
1.44929e-15  5.52192e-13  6.91155e-13  1.25359e-12  3.45998e-13  1.01902e-12  2.35689e-13  8.45101e-13  1.06643e-15  1.50843e-13  
1.9102e-14  1.30656e-16  7.36572e-14  2.67247e-13  5.46563e-14  2.08153e-13  2.17107e-14  2.14304e-13  1.1915e-14  5.31538e-15  
7.32896e-14  2.70095e-15  3.95303e-15  6.46925e-15  6.23891e-16  1.55107e-13  7.22699e-14  3.33284e-13  1.61684e-13  5.92614e-13  
3.76525e-16  2.10975e-13  1.42588e-13  3.06298e-15  5.18958e-16  2.11774e-13  1.33194e-13  5.9117e-13  2.73821e-13  9.58992e-13  
2.07099e-13  4.63724e-13  1.85959e-13  5.98394e-13  2.88453e-15  1.05169e-13  1.37709e-13  1.75182e-14  1.2977e-14  1.91864e-13  
1.48504e-13  4.32658e-13  1.84982e-13  5.75845e-13  8.52466e-14  5.72965e-14  1.06532e-15  1.0182e-14  7.33531e-14  2.96113e-13  
9.73063e-14  3.82521e-13  1.95195e-15  4.43326e-16  7.7026e-14  1.56306e-15  1.52429e-17  2.01431e-13  9.52269e-14  2.15649e-13  
2.67307e-15  1.1224e-13  4.21881e-14  4.10044e-16  4.51309e-14  1.04408e-13  3.39198e-14  4.0218e-13  1.36782e-13  8.32968e-13  
3.6901e-15  6.6448e-13  2.70532e-13  1.85363e-14  5.94216e-13  4.82141e-13  9.31937e-14  2.22286e-12  1.14925e-12  3.16388e-12  
9.33461e-13  1.45334e-12  4.85774e-13  7.84405e-13  2.8093e-13  7.37399e-13  2.66839e-13  1.42121e-14  5.10106e-13  3.29091e-13  
6.98587e-14  2.89344e-12  3.26333e-12  9.3287e-12  6.36819e-13  1.853e-17  7.07197e-15  
1.42477e-21  6.5361e-15  3.08682e-25  3.6652e-31  0.187541  7.1117e-24  1.10771e-29  0  0.0197432  5.30169e-08  2.50164e-08  
2.7244e-14  1.77811e-05  2.86931e-08  3.46243e-27  1.64218e-18  0.000585881  1.2037e-08  1.64622e-05  7.38455e-18  6.64394e-19  
1.12217e-08  6.33112e-08  1.23258e-17  2.70186e-24  1.0042e-05  1.02191e-07  9.1753e-05  5.98539e-16  1.6929e-22  2.76401e-13  
2.19955e-06  2.45023e-12  1.34778e-26  5.38674e-06  7.64384e-08  2.48673e-07  6.71558e-17  4.26044e-19  1.23944e-07  1.46096e-23  
1.63268e-06  2.87245e-15  1.40717e-22  4.75489e-06  2.42255e-07  1.69325e-07  4.43896e-08  5.74892e-13  4.40683e-14  1.94739e-06  
2.20359e-08  8.91622e-08  1.42284e-12  4.89915e-10  1.80127e-08  3.24757e-10  1.51808e-08  3.23935e-07  6.17676e-11  6.13839e-08  
1.31972e-10  1.10005e-10  1.59296e-08  4.81259e-10  3.4466e-09  2.65218e-07  1.29288e-09  2.08147e-09  3.93977e-10  5.74122e-09  
5.85928e-12  4.05589e-11  7.58554e-16  5.20265e-10  2.51081e-10  5.20738e-13  6.17466e-16  2.98456e-20  9.2472e-10  7.46763e-10  
7.82526e-09  1.46609e-09  6.94231e-10  1.11061e-09  5.1468e-08  5.52072e-09  2.88612e-09  6.08369e-08  2.581e-07  3.72045e-09  
4.45431e-06  1.87546e-07  3.83651e-08  1.48404e-11  1.41677e-12  1.93398e-08  4.31905e-10  1.39212e-07  4.19174e-09  5.66045e-08  
6.63761e-09  9.12654e-09  2.0064e-10  2.41487e-09  1.92946e-09  7.28841e-14  1.18097e-09  2.6777e-09  2.53216e-11  1.66236e-09  
2.91428e-10  1.20913e-09  6.75102e-16  3.56401e-11  1.3516e-10  1.50645e-16  7.49683e-11  1.36265e-10  8.14277e-14  1.46694e-10  
4.1281e-11  1.98343e-10  2.14846e-11  4.69705e-11  2.09499e-11  8.49555e-11  6.32946e-12  1.41836e-10  9.62588e-12  3.32318e-17  
2.30382e-11  1.24019e-11  3.27696e-12  4.82799e-11  2.17295e-11  1.48616e-10  1.57537e-12  2.89053e-16  4.37912e-11  2.00898e-11  
5.59077e-14  9.2113e-12  2.26597e-11  9.3882e-12  9.12836e-11  1.96781e-14  4.20108e-16  2.16525e-11  8.37673e-16  2.89789e-17  
2.49525e-11  5.57406e-12  8.50261e-12  7.38641e-13  7.91832e-12  9.5366e-15  1.30931e-12  1.91258e-12  3.11979e-13  8.90941e-15  
1.72607e-12  1.8674e-12  2.79832e-12  1.09428e-12  3.24773e-12  2.39433e-13  4.33099e-13  1.46492e-12  6.03787e-13  2.88196e-12  
8.21929e-13  1.54768e-12  6.64258e-13  2.17267e-12  3.33148e-13  1.86402e-12  3.91773e-13  1.29379e-19  7.5241e-13  5.72651e-13  
2.72574e-14  1.6e-12  6.79671e-13  2.00696e-12  7.02421e-13  2.49018e-12  5.88622e-13  2.86377e-12  1.0609e-12  4.10931e-12  
1.3615e-12  5.73739e-12  5.84897e-13  7.55533e-13  2.60043e-13  1.13888e-12  8.44194e-13  4.18365e-12  2.05365e-12  1.50508e-17  
3.91421e-17  2.47205e-12  2.90175e-12  5.07248e-12  3.52813e-12  8.76475e-12  2.05736e-15  2.29023e-12  1.35473e-12  1.10691e-14  
1.29524e-13  1.89962e-16  6.58163e-17  1.76677e-12  9.47278e-13  2.61655e-12  2.36093e-12  1.58958e-11  2.09964e-12  4.86403e-12  
1.04796e-15  5.56147e-13  7.0219e-13  1.24049e-12  3.57727e-13  1.01321e-12  2.45793e-13  8.31806e-13  4.85522e-16  1.57213e-13  
2.24548e-14  6.13467e-17  7.97546e-14  2.55696e-13  6.57559e-14  1.97126e-13  2.19798e-14  2.23718e-13  2.88809e-14  5.75371e-15  
8.80738e-14  8.04304e-16  4.22641e-15  5.09507e-15  5.03015e-16  1.44646e-13  8.63086e-14  3.31299e-13  1.69403e-13  5.73759e-13  
1.20082e-16  2.22206e-13  1.56779e-13  9.1784e-16  1.79089e-16  1.97944e-13  1.54601e-13  5.80897e-13  2.92209e-13  9.22874e-13  
2.26582e-13  4.57193e-13  1.94235e-13  5.73885e-13  1.24591e-15  1.11135e-13  1.44359e-13  1.61366e-14  1.57902e-14  1.76825e-13  
1.48393e-13  4.18415e-13  1.8648e-13  5.61408e-13  9.3383e-14  5.26019e-14  4.00448e-16  1.25806e-14  7.94471e-14  2.88e-13  
9.78273e-14  3.72555e-13  1.54107e-15  5.04183e-16  8.04656e-14  1.09901e-15  4.60198e-18  1.98805e-13  9.51949e-14  2.14205e-13  
2.27591e-15  1.17949e-13  4.67985e-14  1.5279e-16  5.55567e-14  9.98802e-14  3.49535e-14  4.02935e-13  1.71148e-13  8.29686e-13  
1.93891e-15  7.17128e-13  3.47448e-13  1.6529e-14  6.91783e-13  4.37136e-13  9.90112e-14  2.18991e-12  1.22143e-12  3.0202e-12  
9.33776e-13  1.35629e-12  4.79336e-13  7.65021e-13  2.82057e-13  7.29756e-13  2.65719e-13  1.64906e-14  5.16604e-13  3.24504e-13  
6.43142e-14  2.89511e-12  3.26044e-12  9.32181e-12  6.37036e-13  6.28241e-18  6.53905e-15  
1.59259e-21  4.50697e-16  1.52447e-25  1.31063e-31  0.18327  7.11822e-24  2.3655e-30  0  0.0211394  5.30403e-09  2.69601e-08  
1.73649e-14  1.42047e-06  4.07595e-08  1.80875e-27  7.39333e-20  0.000597281  1.2323e-08  1.23833e-05  3.64094e-18  3.7819e-19  
1.90601e-09  7.15654e-08  8.06422e-18  4.94819e-25  1.00459e-05  1.05066e-07  0.000112169  4.44187e-16  1.14743e-22  2.55496e-13  
2.21245e-06  2.06435e-12  7.23085e-27  5.38623e-06  8.31134e-08  2.56428e-07  5.48608e-17  2.63778e-19  1.13209e-07  1.63683e-23  
1.62482e-06  2.14749e-15  1.1189e-22  4.75477e-06  2.42813e-07  1.70308e-07  4.45025e-08  1.29597e-12  1.29753e-13  1.94606e-06  
2.26485e-08  8.92283e-08  3.31005e-12  4.96987e-10  1.79671e-08  3.58751e-10  1.57309e-08  3.23265e-07  1.50371e-10  6.14691e-08  
1.69641e-10  1.11183e-10  1.58929e-08  5.1424e-10  3.46396e-09  2.64855e-07  1.49246e-09  2.1031e-09  3.95897e-10  5.73485e-09  
1.02905e-11  4.23429e-11  1.02215e-15  5.20165e-10  2.53905e-10  1.2467e-12  1.24838e-15  6.52822e-20  9.21596e-10  7.39522e-10  
7.77245e-09  1.52369e-09  7.01402e-10  1.09892e-09  5.13981e-08  5.51081e-09  2.97367e-09  6.09664e-08  2.56029e-07  4.94771e-09  
4.44618e-06  1.94426e-07  4.02256e-08  3.68517e-11  1.6217e-12  1.93797e-08  5.55605e-10  1.38077e-07  5.09261e-09  5.63458e-08  
6.9137e-09  9.20295e-09  2.50195e-10  2.43618e-09  1.89963e-09  6.21131e-14  1.19509e-09  2.65722e-09  3.92902e-11  1.66056e-09  
2.94135e-10  1.21402e-09  5.2616e-16  3.54877e-11  1.36875e-10  1.17944e-16  7.54505e-11  1.379e-10  1.63082e-13  1.46495e-10  
4.12967e-11  1.9835e-10  2.10785e-11  4.80224e-11  2.0788e-11  8.5714e-11  7.01633e-12  1.40977e-10  8.44327e-12  2.61003e-17  
2.278e-11  1.27275e-11  3.58892e-12  4.94797e-11  2.13876e-11  1.48783e-10  2.06464e-12  2.45989e-16  4.37988e-11  1.95573e-11  
1.26601e-13  9.20485e-12  2.33503e-11  9.52344e-12  9.13973e-11  4.69331e-14  6.21567e-16  2.16639e-11  9.20641e-16  1.00625e-16  
2.49481e-11  5.58856e-12  8.51545e-12  7.93305e-13  7.88485e-12  2.2019e-14  1.30636e-12  1.79723e-12  3.7771e-13  2.07116e-14  
1.69956e-12  1.84496e-12  2.84845e-12  1.08714e-12  3.26224e-12  2.64383e-13  3.81463e-13  1.49396e-12  5.52801e-13  2.90039e-12  
7.64758e-13  1.60265e-12  6.12158e-13  2.20267e-12  3.55803e-13  1.88217e-12  3.34241e-13  9.80306e-20  7.18083e-13  6.02337e-13  
3.6702e-14  1.64999e-12  6.61444e-13  2.02655e-12  6.88741e-13  2.51685e-12  5.74759e-13  2.89279e-12  1.04566e-12  4.12521e-12  
1.35453e-12  5.75605e-12  5.67191e-13  7.69205e-13  2.63558e-13  1.14707e-12  8.00685e-13  4.18877e-12  1.86567e-12  1.26276e-17  
1.07241e-16  2.58402e-12  2.65395e-12  5.31875e-12  3.41688e-12  8.90061e-12  2.97887e-15  2.28029e-12  1.33296e-12  1.97967e-14  
1.39887e-13  3.8867e-16  1.03397e-16  1.83688e-12  9.20097e-13  2.67915e-12  2.35739e-12  1.59221e-11  2.09862e-12  4.86741e-12  
2.63296e-15  5.52786e-13  6.93451e-13  1.24971e-12  3.50402e-13  1.01571e-12  2.39909e-13  8.39463e-13  9.57796e-16  1.52513e-13  
2.94527e-14  1.05566e-16  6.82676e-14  2.61785e-13  6.00428e-14  2.02986e-13  2.48222e-14  2.16231e-13  1.40031e-14  7.756e-15  
7.94353e-14  1.05622e-15  5.42743e-15  4.25973e-15  5.91691e-16  1.5165e-13  7.49896e-14  3.30808e-13  1.65385e-13  5.81674e-13  
1.07663e-16  2.13833e-13  1.4783e-13  1.13456e-15  3.12236e-16  2.06528e-13  1.42082e-13  5.84982e-13  2.82072e-13  9.44964e-13  
2.14968e-13  4.60413e-13  1.91187e-13  5.87426e-13  2.3161e-15  1.0724e-13  1.42035e-13  2.82135e-14  2.35865e-14  1.71162e-13  
1.43113e-13  4.28654e-13  1.87616e-13  5.73902e-13  8.92916e-14  5.61219e-14  6.37065e-16  1.09365e-14  7.54945e-14  2.9321e-13  
9.8293e-14  3.79748e-13  3.85714e-15  6.91933e-16  7.73719e-14  2.61403e-15  1.57954e-17  1.98399e-13  9.5983e-14  2.15487e-13  
4.92992e-15  1.13951e-13  4.11978e-14  1.88722e-16  4.89021e-14  1.02805e-13  3.45861e-14  4.00475e-13  1.50402e-13  8.2596e-13  
4.23091e-15  6.7717e-13  2.99301e-13  3.54009e-14  6.14087e-13  4.36391e-13  1.13289e-13  2.19697e-12  1.16936e-12  3.11234e-12  
9.40427e-13  1.43093e-12  4.90461e-13  7.8652e-13  2.83724e-13  7.36343e-13  2.67864e-13  2.1358e-14  5.11505e-13  3.21174e-13  
6.83897e-14  2.89359e-12  3.26274e-12  9.32835e-12  6.37045e-13  8.58953e-18  6.95467e-15  
1.47009e-21  5.14093e-13  7.23919e-25  1.03804e-26  0.180933  7.43314e-24  4.99414e-27  0  0.0219147  5.91028e-09  2.66067e-08  
2.04962e-14  1.16108e-06  3.00679e-08  3.8435e-27  2.05945e-21  0.000597284  1.00356e-08  2.25966e-06  3.6497e-19  4.32695e-19  
2.49484e-11  8.3447e-08  5.23975e-18  1.11482e-26  1.00476e-05  1.05634e-07  0.000122539  2.60527e-16  1.39384e-22  2.50551e-13  
2.20501e-06  1.28647e-12  8.83198e-27  5.38179e-06  9.72555e-08  2.59373e-07  2.89623e-17  3.30655e-19  1.11614e-07  2.40147e-23  
1.63387e-06  1.08941e-15  1.38673e-22  4.75548e-06  2.43156e-07  1.70756e-07  4.45346e-08  5.20077e-13  5.36249e-14  1.94541e-06  
2.29793e-08  8.925e-08  2.1114e-12  5.00674e-10  1.79543e-08  3.7553e-10  1.60879e-08  3.22981e-07  6.40429e-11  6.15183e-08  
1.93104e-10  1.11794e-10  1.58692e-08  5.2782e-10  3.43152e-09  2.64706e-07  1.5999e-09  2.11286e-09  3.96973e-10  5.73182e-09  
8.14288e-12  4.36103e-11  5.36839e-16  5.20121e-10  2.59301e-10  5.49553e-13  4.84226e-16  1.32389e-20  9.2063e-10  7.36917e-10  
7.75056e-09  1.54705e-09  7.0464e-10  1.09468e-09  5.13648e-08  5.51464e-09  3.00592e-09  6.12061e-08  2.55226e-07  5.2223e-09  
4.44217e-06  1.97841e-07  4.10614e-08  1.67925e-11  1.69438e-12  1.92753e-08  6.02393e-10  1.37575e-07  5.63994e-09  5.62576e-08  
7.02657e-09  9.23962e-09  2.79069e-10  2.44482e-09  1.87648e-09  3.81269e-14  1.21117e-09  2.64853e-09  3.43946e-11  1.66022e-09  
2.95207e-10  1.21619e-09  2.80253e-16  3.54242e-11  1.37393e-10  6.24546e-17  7.58356e-11  1.38594e-10  6.78913e-14  1.46408e-10  
4.13327e-11  1.98327e-10  2.0941e-11  4.83945e-11  2.07378e-11  8.60385e-11  7.36509e-12  1.40648e-10  7.94927e-12  1.28936e-17  
2.26343e-11  1.28041e-11  3.73061e-12  4.99448e-11  2.13184e-11  1.48814e-10  2.32068e-12  1.43037e-16  4.38061e-11  1.9313e-11  
4.83965e-14  9.20056e-12  2.37161e-11  9.58597e-12  9.14462e-11  2.20302e-14  7.05481e-16  2.17056e-11  5.30845e-16  1.91446e-17  
2.49446e-11  5.59698e-12  8.52049e-12  8.16714e-13  7.87145e-12  1.16055e-14  1.30525e-12  1.75256e-12  4.13704e-13  1.2036e-14  
1.67013e-12  1.86881e-12  2.86981e-12  1.08414e-12  3.26802e-12  2.7602e-13  3.5872e-13  1.50562e-12  5.34095e-13  2.90671e-12  
7.41893e-13  1.62315e-12  5.92285e-13  2.2139e-12  3.64027e-13  1.89251e-12  3.10546e-13  4.56964e-20  7.0841e-13  6.11922e-13  
3.53123e-14  1.67128e-12  6.54174e-13  2.03555e-12  6.83192e-13  2.52782e-12  5.69118e-13  2.90461e-12  1.03971e-12  4.13238e-12  
1.35115e-12  5.76395e-12  5.59891e-13  7.74561e-13  2.64695e-13  1.1506e-12  7.84108e-13  4.1901e-12  1.7963e-12  6.58753e-18  
8.45212e-17  2.62109e-12  2.56111e-12  5.40797e-12  3.37797e-12  8.9515e-12  1.47144e-15  2.27601e-12  1.32705e-12  8.37569e-15  
1.42751e-13  1.60069e-16  1.11095e-16  1.87987e-12  9.11798e-13  2.7051e-12  2.3564e-12  1.59333e-11  2.09819e-12  4.86873e-12  
1.07198e-15  5.51366e-13  6.92481e-13  1.25311e-12  3.47908e-13  1.01619e-12  2.38108e-13  8.4181e-13  4.02265e-16  1.50563e-13  
3.14527e-14  5.71833e-17  6.58628e-14  2.63921e-13  5.83212e-14  2.04679e-13  2.59907e-14  2.13681e-13  9.7459e-15  6.62142e-15  
7.67477e-14  5.39552e-16  4.35148e-15  3.76712e-15  4.44949e-16  1.55618e-13  7.19508e-14  3.29334e-13  1.64471e-13  5.83434e-13  
6.80594e-17  2.10431e-13  1.44841e-13  5.96715e-16  1.298e-16  2.1057e-13  1.37836e-13  5.85048e-13  2.79229e-13  9.52534e-13  
2.11251e-13  4.60972e-13  1.90899e-13  5.91557e-13  1.00844e-15  1.05501e-13  1.4311e-13  2.07501e-14  2.48107e-14  1.80666e-13  
1.43679e-13  4.3261e-13  1.88732e-13  5.79047e-13  8.81544e-14  5.73973e-14  3.03685e-16  1.03087e-14  7.45439e-14  2.94968e-13  
9.87668e-14  3.82462e-13  1.72966e-15  7.6574e-16  7.94495e-14  1.106e-15  3.29259e-18  2.00349e-13  9.6355e-14  2.1601e-13  
2.84231e-15  1.1236e-13  4.20716e-14  1.03939e-16  4.64025e-14  1.04104e-13  3.46261e-14  3.98958e-13  1.43495e-13  8.22945e-13  
1.70501e-15  6.6168e-13  2.86363e-13  2.02118e-14  5.8452e-13  4.54984e-13  1.19777e-13  2.19607e-12  1.14996e-12  3.14541e-12  
9.45377e-13  1.46007e-12  4.96114e-13  7.96194e-13  2.8498e-13  7.38921e-13  2.69217e-13  2.28387e-14  5.09518e-13  3.20128e-13  
6.99367e-14  2.89289e-12  3.26368e-12  9.33123e-12  6.37119e-13  4.24373e-18  7.11802e-15  
6.37557e-22  4.70708e-18  2.41542e-25  7.78621e-38  0.178329  7.12913e-24  1.369e-30  0  0.0227661  1.25474e-11  2.66809e-08  
7.604e-15  7.05834e-11  2.15452e-08  8.43051e-28  4.86575e-24  0.000608836  8.18105e-09  3.7327e-07  1.64675e-20  1.68588e-19  
5.94318e-14  9.29912e-08  1.6641e-18  1.36201e-29  1.00522e-05  1.0706e-07  0.000125567  7.38021e-17  5.41783e-23  2.43829e-13  
2.21338e-06  3.77371e-13  3.43094e-27  5.38351e-06  1.10968e-07  2.6588e-07  7.2641e-18  1.34169e-19  1.04726e-07  9.85047e-24  
1.62731e-06  2.80831e-16  5.33682e-23  4.75528e-06  2.43499e-07  1.71323e-07  4.45959e-08  1.51498e-13  1.443e-14  1.94464e-06  
2.33377e-08  8.9276e-08  5.18339e-13  5.05044e-10  1.7931e-08  3.94124e-10  1.65089e-08  3.22602e-07  1.69776e-11  6.15742e-08  
2.13585e-10  1.12523e-10  1.58492e-08  5.46298e-10  3.44232e-09  2.64501e-07  1.70301e-09  2.12545e-09  3.98117e-10  5.72817e-09  
2.68903e-12  4.50535e-11  1.67175e-16  5.20064e-10  2.68853e-10  1.43396e-13  1.33595e-16  1.08548e-21  9.19265e-10  7.32912e-10  
7.72096e-09  1.57921e-09  7.08779e-10  1.08819e-09  5.13241e-08  5.51066e-09  3.05469e-09  6.28152e-08  2.54069e-07  4.36671e-09  
4.43743e-06  2.01858e-07  4.214e-08  4.26021e-12  1.73127e-12  1.93297e-08  5.71221e-10  1.3693e-07  6.13917e-09  5.62208e-08  
7.1814e-09  9.28421e-09  3.03663e-10  2.45681e-09  1.86278e-09  1.09874e-14  1.24648e-09  2.63687e-09  1.50254e-11  1.65918e-09  
2.96711e-10  1.21899e-09  7.56672e-17  3.5338e-11  1.38324e-10  1.63545e-17  7.62219e-11  1.39522e-10  2.03119e-14  1.46291e-10  
4.13463e-11  1.98327e-10  2.07252e-11  4.89632e-11  2.06589e-11  8.64643e-11  7.74023e-12  1.40175e-10  7.33374e-12  3.14731e-18  
2.24966e-11  1.29385e-11  3.89187e-12  5.06188e-11  2.11441e-11  1.489e-10  2.39668e-12  3.97044e-17  4.38131e-11  1.9224e-11  
1.38464e-14  9.19309e-12  2.41697e-11  9.66595e-12  9.15114e-11  5.35021e-15  7.13219e-16  2.17439e-11  1.61447e-16  9.02451e-19  
2.49423e-11  5.60565e-12  8.52763e-12  8.472e-13  7.85283e-12  2.75144e-15  1.30354e-12  1.68953e-12  4.44931e-13  2.9326e-15  
1.65607e-12  1.88996e-12  2.89872e-12  1.08051e-12  3.27588e-12  2.88446e-13  3.31905e-13  1.52105e-12  5.08349e-13  2.91434e-12  
7.12658e-13  1.65024e-12  5.66997e-13  2.22715e-12  3.75228e-13  1.90437e-12  2.80827e-13  1.08123e-20  7.08803e-13  6.25712e-13  
2.2576e-14  1.6977e-12  6.45257e-13  2.04583e-12  6.76175e-13  2.54223e-12  5.61956e-13  2.92034e-12  1.03153e-12  4.14119e-12  
1.34725e-12  5.7744e-12  5.50396e-13  7.81566e-13  2.66754e-13  1.15531e-12  7.60634e-13  4.19198e-12  1.69656e-12  1.69938e-18  
4.72972e-17  2.67627e-12  2.43176e-12  5.53601e-12  3.31925e-12  9.02562e-12  4.48525e-16  2.27024e-12  1.31695e-12  2.95081e-15  
1.46389e-13  4.83186e-17  1.10951e-16  1.93056e-12  8.9849e-13  2.74008e-12  2.35464e-12  1.59482e-11  2.09761e-12  4.87064e-12  
2.81428e-16  5.49439e-13  6.89322e-13  1.25824e-12  3.43926e-13  1.01743e-12  2.34999e-13  8.4588e-13  1.20342e-16  1.47818e-13  
2.62393e-14  1.45068e-17  6.93025e-14  2.67461e-13  5.55252e-14  2.07349e-13  2.6883e-14  2.10432e-13  5.19011e-15  4.99793e-15  
7.18271e-14  1.97435e-16  2.86867e-15  3.50498e-15  2.0156e-16  1.59495e-13  6.87088e-14  3.27478e-13  1.62414e-13  5.87471e-13  
2.0064e-17  2.05685e-13  1.40697e-13  2.20161e-16  3.72868e-17  2.15635e-13  1.31912e-13  5.85743e-13  2.74209e-13  9.64168e-13  
2.05774e-13  4.61883e-13  1.89462e-13  5.9875e-13  3.04516e-16  1.02999e-13  1.43001e-13  6.71165e-15  1.7292e-14  2.00094e-13  
1.51192e-13  4.38519e-13  1.89588e-13  5.86091e-13  8.6217e-14  5.88515e-14  9.35536e-17  9.43613e-15  7.31117e-14  2.9759e-13  
9.91139e-14  3.86499e-13  4.37314e-16  7.8479e-16  8.0215e-14  3.07536e-16  3.27285e-19  2.02235e-13  9.65984e-14  2.16735e-13  
7.04186e-16  1.09974e-13  4.25167e-14  3.20934e-17  4.28898e-14  1.06053e-13  3.45524e-14  3.97122e-13  1.33202e-13  8.19411e-13  
4.98342e-16  6.40085e-13  2.64881e-13  5.13504e-15  5.42254e-13  4.79798e-13  1.2529e-13  2.19676e-12  1.12318e-12  3.19398e-12  
9.50117e-13  1.50178e-12  5.02897e-13  8.08528e-13  2.86103e-13  7.42603e-13  2.7055e-13  2.06076e-14  5.06686e-13  3.23182e-13  
7.22012e-14  2.89201e-12  3.265e-12  9.33497e-12  6.37141e-13  1.297e-18  7.35471e-15  
1.68575e-22  1.87099e-18  4.99768e-26  2.41089e-39  0.176715  7.08406e-24  9.49478e-32  0  0.0232928  7.34874e-12  2.65408e-08  
1.34064e-15  2.32367e-12  1.57529e-08  4.08572e-29  2.54575e-26  0.000617212  6.58078e-09  5.95598e-08  4.67447e-22  3.36093e-20  
4.46514e-16  9.84497e-08  3.29614e-19  2.47904e-32  1.00547e-05  1.07462e-07  0.00012587  1.35538e-17  1.03316e-23  1.20955e-13  
2.21477e-06  6.16513e-14  3.35373e-28  5.38317e-06  1.20393e-07  2.69385e-07  1.08961e-18  2.65534e-20  1.01875e-07  1.75084e-24  
1.62693e-06  4.78603e-17  9.93569e-24  4.75539e-06  2.43695e-07  1.71647e-07  4.46284e-08  2.48529e-14  2.22932e-15  1.9442e-06  
2.35368e-08  8.92875e-08  6.70655e-14  5.0767e-10  1.79186e-08  4.05101e-10  1.67323e-08  3.22392e-07  2.73423e-12  6.16105e-08  
2.24687e-10  1.12969e-10  1.58383e-08  5.56352e-10  3.43898e-09  2.64388e-07  1.76395e-09  2.13281e-09  3.98792e-10  5.72612e-09  
2.83341e-13  4.58258e-11  2.87235e-17  5.20033e-10  2.73497e-10  2.32585e-14  2.2233e-17  3.03705e-23  9.1848e-10  7.3075e-10  
7.7045e-09  1.59692e-09  7.11168e-10  1.0847e-09  5.13014e-08  5.50909e-09  3.08124e-09  6.58316e-08  2.53437e-07  1.76015e-09  
4.43476e-06  2.04088e-07  4.27595e-08  6.77435e-13  1.73431e-12  1.93216e-08  3.56118e-10  1.36571e-07  6.44753e-09  5.64046e-08  
7.26536e-09  9.31056e-09  3.11871e-10  2.46338e-09  1.86058e-09  1.77199e-15  1.26881e-09  2.6304e-09  1.6304e-12  1.65851e-09  
2.97515e-10  1.22056e-09  1.20811e-17  3.52905e-11  1.38816e-10  2.53344e-18  7.64343e-11  1.4004e-10  3.40923e-15  1.46231e-10  
4.13547e-11  1.98325e-10  2.06177e-11  4.92554e-11  2.0625e-11  8.66973e-11  7.9579e-12  1.39925e-10  7.0118e-12  4.64326e-19  
2.24118e-11  1.29794e-11  3.98221e-12  5.09864e-11  2.10621e-11  1.48941e-10  1.95492e-12  6.25646e-18  4.38172e-11  1.9661e-11  
2.35498e-15  9.18844e-12  2.44083e-11  9.71263e-12  9.15484e-11  8.28725e-16  6.43016e-16  2.17608e-11  2.74172e-17  3.73687e-20  
2.49409e-11  5.61048e-12  8.53168e-12  8.64108e-13  7.84295e-12  4.04052e-16  1.3026e-12  1.65616e-12  4.6289e-13  4.35613e-16  
1.64406e-12  1.89774e-12  2.91473e-12  1.07886e-12  3.28013e-12  2.95244e-13  3.17645e-13  1.52886e-12  4.9615e-13  2.91685e-12  
6.98399e-13  1.66273e-12  5.55419e-13  2.23243e-12  3.80789e-13  1.91189e-12  2.65781e-13  1.71776e-21  7.21354e-13  6.31298e-13  
4.48301e-15  1.7109e-12  6.41222e-13  2.05108e-12  6.7276e-13  2.54975e-12  5.58483e-13  2.9286e-12  1.02732e-12  4.1459e-12  
1.34516e-12  5.7801e-12  5.45509e-13  7.84935e-13  2.67868e-13  1.15797e-12  7.48677e-13  4.19215e-12  1.64662e-12  2.57895e-19  
1.00789e-17  2.70084e-12  2.36773e-12  5.59857e-12  3.28998e-12  9.06424e-12  7.60781e-17  2.26704e-12  1.31198e-12  6.34753e-16  
1.47911e-13  8.21785e-18  1.00386e-16  1.95716e-12  8.92381e-13  2.75892e-12  2.35393e-12  1.59565e-11  2.09729e-12  4.87166e-12  
4.5319e-17  5.48374e-13  6.87457e-13  1.26099e-12  3.4187e-13  1.01798e-12  2.33427e-13  8.47938e-13  2.01562e-17  1.46327e-13  
1.04756e-14  9.84507e-19  8.40295e-14  2.69423e-13  5.43052e-14  2.08453e-13  2.65993e-14  2.09383e-13  4.46199e-15  3.42973e-15  
6.89511e-14  4.30633e-17  1.05704e-15  3.51184e-15  3.16995e-17  1.60785e-13  6.84707e-14  3.25974e-13  1.61345e-13  5.89299e-13  
3.26322e-18  2.03142e-13  1.38831e-13  4.78799e-17  6.09883e-18  2.17905e-13  1.29345e-13  5.85463e-13  2.7181e-13  9.69931e-13  
2.0337e-13  4.61995e-13  1.88816e-13  6.02345e-13  5.11719e-17  1.01619e-13  1.4293e-13  8.79313e-16  4.19519e-15  2.09559e-13  
1.632e-13  4.42067e-13  1.90174e-13  5.90003e-13  8.54e-14  5.94166e-14  1.5954e-17  9.00073e-15  7.25092e-14  2.98846e-13  
9.93337e-14  3.8869e-13  6.8781e-17  7.76362e-16  8.03341e-14  5.03559e-17  1.99285e-20  2.03167e-13  9.6697e-14  2.17144e-13  
1.00699e-16  1.08645e-13  4.22406e-14  5.31679e-18  4.11856e-14  1.07102e-13  3.45618e-14  3.95897e-13  1.28413e-13  8.16675e-13  
8.24729e-17  6.28394e-13  2.54797e-13  7.30417e-16  5.25366e-13  4.88963e-13  1.22815e-13  2.19475e-12  1.10981e-12  3.21809e-12  
9.53147e-13  1.52446e-12  5.07025e-13  8.15605e-13  2.86859e-13  7.44668e-13  2.71309e-13  1.08521e-14  5.05068e-13  3.33445e-13  
7.34461e-14  2.89153e-12  3.2657e-12  9.33703e-12  6.37158e-13  2.22778e-19  7.4836e-15  
2.16019e-23  5.19585e-19  3.17855e-27  0  0.175895  7.06232e-24  1.2399e-33  0  0.0235581  2.99613e-12  2.64194e-08  
1.36579e-16  8.74825e-12  1.35394e-08  3.76441e-31  6.47725e-27  0.000623172  5.73035e-09  2.19455e-08  1.44526e-23  3.26044e-21  
2.89322e-16  1.00451e-07  3.04214e-20  1.07537e-33  1.00558e-05  1.07642e-07  0.000125904  1.23727e-18  8.63143e-25  1.97127e-14  
2.21527e-06  6.44086e-15  4.60281e-30  5.38307e-06  1.23419e-07  2.70698e-07  8.96718e-20  2.21691e-21  1.00854e-07  9.73344e-26  
1.6268e-06  4.29426e-18  7.66941e-25  4.75542e-06  2.43759e-07  1.71765e-07  4.46412e-08  2.44404e-15  2.06343e-16  1.94405e-06  
2.36032e-08  8.92915e-08  6.97888e-15  5.08629e-10  1.79139e-08  4.09165e-10  1.68115e-08  3.22314e-07  2.84917e-13  6.16242e-08  
2.23832e-10  1.13135e-10  1.58393e-08  5.6e-10  3.43787e-09  2.64347e-07  1.7858e-09  2.13557e-09  3.99027e-10  5.72538e-09  
3.07813e-14  4.61012e-11  2.93168e-18  5.20021e-10  2.74548e-10  2.48697e-15  2.24567e-18  3.17493e-25  9.18196e-10  7.29937e-10  
7.69844e-09  1.60345e-09  7.12052e-10  1.08339e-09  5.12933e-08  5.50801e-09  3.09122e-09  6.75277e-08  2.53203e-07  2.17017e-10  
4.43383e-06  2.04859e-07  4.2988e-08  7.13359e-14  1.73429e-12  1.93185e-08  1.07486e-10  1.36442e-07  6.55723e-09  5.66426e-08  
7.29566e-09  9.32032e-09  2.97236e-10  2.4658e-09  1.87763e-09  1.85184e-16  1.27358e-09  2.62804e-09  1.58659e-13  1.65824e-09  
2.97806e-10  1.22114e-09  1.2287e-18  3.52731e-11  1.39006e-10  2.32358e-19  7.65066e-11  1.40229e-10  3.44173e-16  1.46212e-10  
4.13555e-11  1.98327e-10  2.05787e-11  4.93623e-11  2.06134e-11  8.67814e-11  8.03633e-12  1.39835e-10  6.89766e-12  4.15325e-20  
2.23808e-11  1.29905e-11  4.01511e-12  5.11225e-11  2.10297e-11  1.48958e-10  1.07288e-12  6.47429e-19  4.38178e-11  2.05372e-11  
2.52223e-16  9.18671e-12  2.44977e-11  9.72992e-12  9.1562e-11  8.89699e-17  5.0495e-16  2.1766e-11  2.93088e-18  2.06278e-21  
2.49407e-11  5.61207e-12  8.53321e-12  8.70293e-13  7.8394e-12  4.35329e-17  1.30224e-12  1.64404e-12  4.69115e-13  4.74433e-17  
1.63981e-12  1.8996e-12  2.92052e-12  1.07836e-12  3.28169e-12  2.97662e-13  3.12612e-13  1.53158e-12  4.91961e-13  2.91749e-12  
6.9356e-13  1.6669e-12  5.51592e-13  2.23399e-12  3.8277e-13  1.91463e-12  2.60594e-13  1.47679e-22  7.23828e-13  6.33059e-13  
3.41735e-16  1.71534e-12  6.39942e-13  2.05283e-12  6.71615e-13  2.55241e-12  5.57324e-13  2.93154e-12  1.02583e-12  4.14754e-12  
1.34445e-12  5.78217e-12  5.43807e-13  7.86067e-13  2.68295e-13  1.15894e-12  7.44436e-13  4.19207e-12  1.6289e-12  2.4068e-20  
4.77272e-19  2.7092e-12  2.34523e-12  5.62053e-12  3.27945e-12  9.07824e-12  7.74227e-18  2.26587e-12  1.31018e-12  7.81352e-17  
1.48416e-13  8.44633e-19  7.96437e-17  1.96659e-12  8.90214e-13  2.76575e-12  2.35371e-12  1.59595e-11  2.09719e-12  4.87205e-12  
4.6965e-18  5.47987e-13  6.86714e-13  1.262e-12  3.4111e-13  1.0182e-12  2.32834e-13  8.48713e-13  2.02833e-18  1.45786e-13  
1.29333e-15  1.24094e-20  9.27174e-14  2.70223e-13  5.38679e-14  2.08844e-13  2.48813e-14  2.09715e-13  5.83402e-15  2.1117e-15  
6.77297e-14  5.16274e-18  1.58987e-16  3.80206e-15  3.7847e-18  1.61089e-13  6.86732e-14  3.25431e-13  1.60896e-13  5.89991e-13  
3.33085e-19  2.02224e-13  1.3818e-13  5.65506e-18  6.09795e-19  2.18669e-13  1.28436e-13  5.85374e-13  2.70893e-13  9.72017e-13  
2.02532e-13  4.62027e-13  1.8852e-13  6.03704e-13  5.13187e-18  1.01115e-13  1.42829e-13  9.93232e-17  2.32047e-16  2.11759e-13  
1.66599e-13  4.43452e-13  1.90357e-13  5.91452e-13  8.51111e-14  5.95925e-14  1.62577e-18  8.84823e-15  7.22996e-14  2.99302e-13  
9.93932e-14  3.89506e-13  7.16165e-18  7.6649e-16  8.02929e-14  5.28809e-18  1.36967e-21  2.03481e-13  9.67217e-14  2.17298e-13  
1.09944e-17  1.08163e-13  4.20394e-14  5.27383e-19  4.05918e-14  1.07454e-13  3.45596e-14  3.95445e-13  1.26723e-13  8.15629e-13  
8.3092e-18  6.24157e-13  2.51188e-13  7.94214e-17  5.32459e-13  4.91299e-13  1.0887e-13  2.19372e-12  1.10505e-12  3.22664e-12  
9.5414e-13  1.53283e-12  5.08548e-13  8.1822e-13  2.87127e-13  7.45449e-13  2.71553e-13  2.27096e-15  5.04424e-13  3.42259e-13  
7.39219e-14  2.89137e-12  3.26597e-12  9.3378e-12  6.3716e-13  2.33353e-20  7.53148e-15  
2.04906e-23  5.62544e-19  1.49904e-27  0  0.175631  7.05612e-24  4.92047e-34  0  0.0236431  2.49453e-12  2.63583e-08  
1.04919e-16  1.4542e-11  1.29916e-08  1.8295e-31  8.31921e-27  0.000625575  5.46215e-09  1.66717e-08  9.4273e-24  2.83935e-21  
4.23948e-16  1.00932e-07  2.67742e-20  1.1193e-33  1.00561e-05  1.07694e-07  0.000125909  1.07418e-18  7.4566e-25  6.43191e-15  
2.21537e-06  5.42031e-15  1.30135e-30  5.38305e-06  1.23973e-07  2.70989e-07  6.59093e-20  1.9204e-21  1.00632e-07  7.84438e-26  
1.62677e-06  3.57716e-18  6.57659e-25  4.75544e-06  2.43772e-07  1.71791e-07  4.46441e-08  1.9176e-15  1.5509e-16  1.94402e-06  
2.36165e-08  8.92924e-08  4.51453e-15  5.08837e-10  1.79129e-08  4.10065e-10  1.68284e-08  3.22298e-07  2.13627e-13  6.16273e-08  
2.20472e-10  1.13172e-10  1.58427e-08  5.60796e-10  3.43769e-09  2.64337e-07  1.7905e-09  2.13618e-09  3.99076e-10  5.72523e-09  
1.77786e-14  4.61604e-11  2.37047e-18  5.20019e-10  2.74732e-10  1.83725e-15  1.79362e-18  2.07317e-25  9.18135e-10  7.29755e-10  
7.69711e-09  1.60489e-09  7.12247e-10  1.0831e-09  5.12916e-08  5.50767e-09  3.09346e-09  6.77258e-08  2.53151e-07  5.28621e-11  
4.43363e-06  2.05019e-07  4.30384e-08  5.20898e-14  1.73431e-12  1.93181e-08  4.22152e-11  1.36414e-07  6.58049e-09  5.67056e-08  
7.30225e-09  9.32247e-09  2.8311e-10  2.46633e-09  1.89232e-09  1.57235e-16  1.27438e-09  2.62752e-09  8.37042e-14  1.65818e-09  
2.97869e-10  1.22127e-09  9.455e-19  3.52693e-11  1.39051e-10  1.68949e-19  7.65214e-11  1.40271e-10  2.73346e-16  1.46207e-10  
4.13552e-11  1.98327e-10  2.05701e-11  4.9386e-11  2.0611e-11  8.67997e-11  8.05331e-12  1.39816e-10  6.87308e-12  3.01733e-20  
2.2374e-11  1.29924e-11  4.02233e-12  5.11527e-11  2.1022e-11  1.48962e-10  6.63559e-13  5.44789e-19  4.38177e-11  2.09442e-11  
2.01381e-16  9.18632e-12  2.45179e-11  9.73374e-12  9.1565e-11  6.41435e-17  4.19153e-16  2.17671e-11  2.39377e-18  1.18491e-21  
2.49407e-11  5.61239e-12  8.53354e-12  8.71653e-13  7.83864e-12  3.02404e-17  1.30216e-12  1.64138e-12  4.70379e-13  3.27234e-17  
1.63897e-12  1.89987e-12  2.92178e-12  1.07826e-12  3.28203e-12  2.98184e-13  3.11534e-13  1.53216e-12  4.91074e-13  2.9176e-12  
6.92553e-13  1.66775e-12  5.50805e-13  2.23428e-12  3.83183e-13  1.91523e-12  2.5952e-13  1.21522e-22  7.23709e-13  6.3341e-13  
1.42516e-16  1.71627e-12  6.3969e-13  2.05319e-12  6.7138e-13  2.55298e-12  5.57086e-13  2.93217e-12  1.02551e-12  4.14789e-12  
1.34431e-12  5.78262e-12  5.43447e-13  7.86301e-13  2.68392e-13  1.15916e-12  7.43522e-13  4.19203e-12  1.62507e-12  1.78187e-20  
3.63534e-20  2.71096e-12  2.3404e-12  5.62525e-12  3.27714e-12  9.08131e-12  6.24603e-18  2.26561e-12  1.30978e-12  4.97378e-17  
1.48517e-13  6.70726e-19  6.66304e-17  1.96857e-12  8.89744e-13  2.76724e-12  2.35368e-12  1.59602e-11  2.09716e-12  4.87212e-12  
3.54337e-18  5.47902e-13  6.8654e-13  1.26223e-12  3.40941e-13  1.01825e-12  2.32699e-13  8.48887e-13  1.61159e-18  1.45667e-13  
3.33051e-16  2.57267e-21  9.35578e-14  2.70403e-13  5.37699e-14  2.08932e-13  2.35156e-14  2.10057e-13  7.11117e-15  1.49727e-15  
6.74313e-14  3.45735e-18  3.78384e-17  3.97716e-15  2.11283e-18  1.61132e-13  6.86486e-14  3.25314e-13  1.60786e-13  5.90151e-13  
2.77837e-19  2.02024e-13  1.38041e-13  3.88973e-18  4.88485e-19  2.18825e-13  1.28233e-13  5.85365e-13  2.7068e-13  9.72478e-13  
2.0235e-13  4.62037e-13  1.88442e-13  6.04015e-13  4.0892e-18  1.01005e-13  1.4279e-13  6.071e-17  4.86661e-17  2.12115e-13  
1.66657e-13  4.43756e-13  1.90391e-13  5.91775e-13  8.5047e-14  5.96281e-14  1.30752e-18  8.81562e-15  7.22533e-14  2.99404e-13  
9.94019e-14  3.89688e-13  5.25011e-18  7.60706e-16  8.02696e-14  4.04865e-18  1.07997e-21  2.03547e-13  9.67256e-14  2.17333e-13  
7.44313e-18  1.08058e-13  4.19849e-14  4.25157e-19  4.04651e-14  1.07526e-13  3.45575e-14  3.95347e-13  1.26356e-13  8.15398e-13  
6.53465e-18  6.23234e-13  2.50392e-13  5.39078e-17  5.41558e-13  4.91688e-13  9.83163e-14  2.19345e-12  1.10402e-12  3.22848e-12  
9.54331e-13  1.53469e-12  5.08883e-13  8.18799e-13  2.87184e-13  7.45625e-13  2.716e-13  6.98588e-16  5.04277e-13  3.43889e-13  
7.40289e-14  2.89133e-12  3.26602e-12  9.33797e-12  6.37159e-13  1.89449e-20  7.54215e-15  
3.5891e-24  2.26898e-19  5.99104e-29  0  0.175519  7.05358e-24  4.62841e-36  0  0.0236787  1.06372e-12  2.63114e-08  
1.39134e-17  2.90578e-11  1.27838e-08  1.42962e-33  1.28415e-27  0.000626821  5.34297e-09  1.48208e-08  1.01336e-24  3.70579e-22  
9.11021e-17  1.01113e-07  3.47694e-21  1.61138e-35  1.00562e-05  1.07715e-07  0.000125911  1.43482e-19  8.27231e-26  1.66417e-15  
2.21541e-06  4.68882e-16  3.45481e-32  5.38304e-06  1.24113e-07  2.7108e-07  7.30654e-21  1.91403e-22  1.0056e-07  4.61232e-27  
1.62676e-06  4.72004e-19  6.22455e-26  4.75544e-06  2.43775e-07  1.71799e-07  4.46452e-08  1.62363e-16  1.36255e-17  1.94401e-06  
2.36204e-08  8.92927e-08  6.12463e-16  5.08903e-10  1.79125e-08  4.10355e-10  1.6834e-08  3.22292e-07  2.33978e-14  6.16283e-08  
2.16005e-10  1.13183e-10  1.58472e-08  5.61053e-10  3.43771e-09  2.64335e-07  1.79196e-09  2.13638e-09  3.99092e-10  5.72518e-09  
2.9237e-15  4.61804e-11  1.90813e-19  5.20018e-10  2.74802e-10  2.1541e-16  1.45987e-19  1.41943e-27  9.18117e-10  7.29694e-10  
7.69667e-09  1.60536e-09  7.1231e-10  1.083e-09  5.12911e-08  5.50753e-09  3.0942e-09  6.77782e-08  2.53134e-07  1.16302e-11  
4.43358e-06  2.05069e-07  4.30548e-08  6.07609e-15  1.73429e-12  1.93183e-08  1.48636e-11  1.36405e-07  6.58753e-09  5.67322e-08  
7.30438e-09  9.32317e-09  2.67291e-10  2.46651e-09  1.90834e-09  1.36224e-17  1.27468e-09  2.62736e-09  1.50008e-14  1.65816e-09  
2.9789e-10  1.22131e-09  9.83752e-20  3.52681e-11  1.39066e-10  1.88104e-20  7.65263e-11  1.40284e-10  2.33892e-17  1.46206e-10  
4.1355e-11  1.98328e-10  2.05673e-11  4.93937e-11  2.06101e-11  8.68055e-11  8.05868e-12  1.39809e-10  6.86522e-12  3.45472e-21  
2.23718e-11  1.29931e-11  4.02466e-12  5.11626e-11  2.10192e-11  1.48963e-10  3.8744e-13  4.87819e-20  4.38177e-11  2.12195e-11  
1.91779e-17  9.18619e-12  2.45248e-11  9.73497e-12  9.15661e-11  7.92095e-18  3.41558e-16  2.17675e-11  2.7436e-19  1.1739e-22  
2.49408e-11  5.61248e-12  8.53366e-12  8.72094e-13  7.83839e-12  3.96947e-18  1.30213e-12  1.64052e-12  4.707e-13  4.372e-18  
1.6388e-12  1.9e-12  2.92219e-12  1.07824e-12  3.28215e-12  2.98349e-13  3.11193e-13  1.53234e-12  4.90789e-13  2.91763e-12  
6.92235e-13  1.66803e-12  5.50557e-13  2.23437e-12  3.83292e-13  1.91541e-12  2.59207e-13  1.55767e-23  7.23729e-13  6.33519e-13  
2.94367e-17  1.71655e-12  6.39614e-13  2.0533e-12  6.71307e-13  2.55316e-12  5.57012e-13  2.93237e-12  1.02541e-12  4.148e-12  
1.34427e-12  5.78276e-12  5.43334e-13  7.86374e-13  2.68425e-13  1.15922e-12  7.43228e-13  4.19202e-12  1.62383e-12  1.81074e-21  
1.49009e-21  2.71154e-12  2.33884e-12  5.62677e-12  3.27639e-12  9.08232e-12  5.10331e-19  2.26553e-12  1.30965e-12  5.13948e-18  
1.48546e-13  5.96243e-20  5.47638e-17  1.96925e-12  8.89592e-13  2.76772e-12  2.35368e-12  1.59604e-11  2.09716e-12  4.87215e-12  
3.79431e-19  5.47874e-13  6.86485e-13  1.26231e-12  3.40884e-13  1.01827e-12  2.32654e-13  8.48946e-13  1.36853e-19  1.45629e-13  
7.56847e-17  4.83277e-23  9.37758e-14  2.70463e-13  5.37359e-14  2.08962e-13  2.20466e-14  2.10386e-13  8.54525e-15  1.007e-15  
6.73277e-14  2.94603e-19  8.05238e-18  4.12048e-15  3.92564e-19  1.61149e-13  6.86307e-14  3.25278e-13  1.60746e-13  5.90206e-13  
2.29087e-20  2.01959e-13  1.37995e-13  3.25428e-19  3.99761e-20  2.1888e-13  1.28163e-13  5.85367e-13  2.70607e-13  9.7263e-13  
2.02288e-13  4.62043e-13  1.88413e-13  6.04121e-13  3.39397e-19  1.00969e-13  1.42778e-13  9.65827e-18  9.76098e-18  2.12274e-13  
1.66653e-13  4.43855e-13  1.90399e-13  5.9188e-13  8.5025e-14  5.96397e-14  1.0828e-19  8.80513e-15  7.22393e-14  2.99438e-13  
9.94033e-14  3.89749e-13  6.007e-19  7.5515e-16  8.02648e-14  4.84511e-19  8.28757e-23  2.03576e-13  9.67262e-14  2.17344e-13  
1.02512e-18  1.08024e-13  4.19734e-14  3.34486e-20  4.04242e-14  1.07549e-13  3.45562e-14  3.95317e-13  1.26235e-13  8.15326e-13  
5.82523e-19  6.22939e-13  2.50134e-13  7.46133e-18  5.51872e-13  4.91857e-13  8.75319e-14  2.19337e-12  1.10368e-12  3.22908e-12  
9.54384e-13  1.5353e-12  5.0899e-13  8.18987e-13  2.87202e-13  7.45683e-13  2.71613e-13  1.88894e-16  5.0423e-13  3.44418e-13  
7.4064e-14  2.89132e-12  3.26604e-12  9.33802e-12  6.37159e-13  1.61809e-21  7.54569e-15  
1.45028e-24  1.76926e-19  2.31339e-30  0  0.175502  7.05316e-24  2.00026e-38  0  0.0236839  4.73089e-13  2.62825e-08  
4.0984e-18  4.94475e-11  1.27578e-08  2.56195e-35  3.71426e-28  0.000627132  5.32349e-09  1.46134e-08  2.95427e-25  1.12327e-22  
2.38292e-17  1.01135e-07  1.08122e-21  4.01042e-37  1.00562e-05  1.07719e-07  0.000125911  4.62511e-20  2.18916e-26  3.80748e-16  
2.21541e-06  8.93516e-17  1.80088e-33  5.38304e-06  1.2412e-07  2.71089e-07  1.91862e-21  4.17754e-23  1.00552e-07  6.12788e-28  
1.62675e-06  1.49538e-19  1.33314e-26  4.75544e-06  2.43775e-07  1.718e-07  4.46453e-08  2.37864e-17  1.59827e-18  1.94401e-06  
2.36208e-08  8.92927e-08  5.68598e-17  5.0891e-10  1.79125e-08  4.10381e-10  1.68346e-08  3.22291e-07  2.97661e-15  6.16284e-08  
2.12011e-10  1.13185e-10  1.58512e-08  5.6108e-10  3.43779e-09  2.64334e-07  1.79204e-09  2.1364e-09  3.99093e-10  5.72517e-09  
2.93779e-16  4.61825e-11  3.24155e-20  5.20018e-10  2.7481e-10  2.65142e-17  2.40621e-20  4.15462e-29  9.18115e-10  7.29688e-10  
7.69662e-09  1.60541e-09  7.12317e-10  1.08299e-09  5.1291e-08  5.5075e-09  3.09428e-09  6.77883e-08  2.53132e-07  2.64105e-12  
4.43357e-06  2.05074e-07  4.30565e-08  7.12738e-16  1.73428e-12  1.93187e-08  5.9208e-12  1.36404e-07  6.58785e-09  5.67411e-08  
7.30461e-09  9.32324e-09  2.54161e-10  2.46652e-09  1.92149e-09  2.58702e-18  1.27472e-09  2.62734e-09  1.71318e-15  1.65815e-09  
2.97892e-10  1.22131e-09  2.28963e-20  3.5268e-11  1.39067e-10  4.84568e-21  7.65267e-11  1.40286e-10  3.73887e-18  1.46206e-10  
4.13549e-11  1.98328e-10  2.05669e-11  4.93946e-11  2.061e-11  8.68062e-11  8.05912e-12  1.39809e-10  6.86451e-12  9.2061e-22  
2.23717e-11  1.29931e-11  4.02484e-12  5.11637e-11  2.10189e-11  1.48964e-10  2.43209e-13  9.48435e-21  4.38176e-11  2.13636e-11  
2.89425e-18  9.18618e-12  2.45256e-11  9.7351e-12  9.15662e-11  9.15379e-19  2.86847e-16  2.17675e-11  1.06243e-19  1.08496e-23  
2.49408e-11  5.61249e-12  8.53367e-12  8.72138e-13  7.83836e-12  4.27647e-19  1.30213e-12  1.64043e-12  4.70632e-13  4.60965e-19  
1.63888e-12  1.90002e-12  2.92223e-12  1.07824e-12  3.28216e-12  2.98361e-13  3.11163e-13  1.53236e-12  4.90759e-13  2.91763e-12  
6.92205e-13  1.66805e-12  5.50532e-13  2.23438e-12  3.8327e-13  1.91543e-12  2.5921e-13  4.81203e-24  7.23747e-13  6.3353e-13  
4.3276e-18  1.71658e-12  6.39607e-13  2.05331e-12  6.713e-13  2.55318e-12  5.57005e-13  2.93239e-12  1.02539e-12  4.14801e-12  
1.34426e-12  5.78278e-12  5.43323e-13  7.86381e-13  2.68429e-13  1.15923e-12  7.43197e-13  4.19202e-12  1.6237e-12  4.22385e-22  
5.33213e-23  2.7116e-12  2.33867e-12  5.62693e-12  3.2763e-12  9.08242e-12  8.78832e-20  2.26552e-12  1.30964e-12  5.10527e-19  
1.48546e-13  9.57906e-21  4.63293e-17  1.96932e-12  8.89577e-13  2.76777e-12  2.35368e-12  1.59604e-11  2.09716e-12  4.87215e-12  
4.91455e-20  5.47871e-13  6.86479e-13  1.26232e-12  3.40878e-13  1.01827e-12  2.32649e-13  8.48953e-13  2.19377e-20  1.45625e-13  
1.67594e-17  1.85626e-24  9.38302e-14  2.7047e-13  5.37318e-14  2.08966e-13  2.08446e-14  2.10605e-13  9.74296e-15  7.00347e-16  
6.73164e-14  3.63512e-20  2.14065e-18  4.20723e-15  4.57156e-20  1.61151e-13  6.86317e-14  3.25275e-13  1.60741e-13  5.90212e-13  
4.14087e-21  2.01952e-13  1.3799e-13  4.20343e-20  6.71051e-21  2.18886e-13  1.28155e-13  5.85368e-13  2.70598e-13  9.72647e-13  
2.02281e-13  4.62044e-13  1.88408e-13  6.04133e-13  5.49453e-20  1.00965e-13  1.42776e-13  9.75492e-19  1.75433e-18  2.12295e-13  
1.66656e-13  4.43866e-13  1.90399e-13  5.91891e-13  8.50224e-14  5.9641e-14  1.85023e-20  8.80405e-15  7.22378e-14  2.99442e-13  
9.94031e-14  3.89755e-13  7.09524e-20  7.50538e-16  8.02641e-14  1.35203e-19  1.39302e-23  2.03583e-13  9.67261e-14  2.17346e-13  
1.07363e-19  1.0802e-13  4.19727e-14  5.67425e-21  4.04199e-14  1.07551e-13  3.45559e-14  3.95314e-13  1.26222e-13  8.15319e-13  
8.88897e-20  6.22908e-13  2.50105e-13  7.96318e-19  5.60215e-13  4.91878e-13  7.91388e-14  2.19336e-12  1.10365e-12  3.22914e-12  
9.54387e-13  1.53536e-12  5.09002e-13  8.19007e-13  2.87203e-13  7.4569e-13  2.71614e-13  5.73911e-17  5.04225e-13  3.44552e-13  
7.40678e-14  2.89132e-12  3.26604e-12  9.33802e-12  6.37158e-13  2.9305e-22  7.54608e-15  
  9 1.31057e+09 1.31057e+09 1.74992 0.608062 133710 231.29 0.024328
8.16849e-27  3.38798e-21  4.08959e-28  0  0.167609  7.0031e-24  5.27241e-38  0  0.0260592  1.40731e-13  1.13776e-14  
9.71601e-19  2.03354e-08  1.18676e-08  2.73835e-36  9.94925e-27  0.000818898  4.47515e-09  1.6636e-08  6.06442e-26  2.237e-23  
1.11171e-15  1.01727e-07  2.06165e-22  3.39326e-36  1.0057e-05  1.07887e-07  0.000125915  9.84598e-21  2.60958e-27  9.03197e-18  
2.21554e-06  2.5088e-17  3.39685e-36  5.38307e-06  1.24051e-07  2.83576e-07  4.32563e-22  2.90307e-24  8.81168e-08  2.34076e-29  
1.62671e-06  3.29654e-20  8.40758e-28  4.75548e-06  2.43774e-07  1.71831e-07  4.46524e-08  5.39425e-18  3.15853e-19  1.94398e-06  
2.36229e-08  8.92937e-08  1.16342e-17  5.11194e-10  1.79109e-08  3.02972e-10  1.68573e-08  3.22375e-07  7.5148e-16  6.16319e-08  
2.36585e-14  1.13218e-10  1.60633e-08  5.62047e-10  4.50831e-09  2.64322e-07  7.28373e-10  2.13732e-09  3.99122e-10  5.72504e-09  
5.33992e-17  4.62673e-11  7.87353e-21  5.20015e-10  2.74983e-10  6.77901e-18  5.82368e-21  2.84551e-30  9.18069e-10  7.29387e-10  
7.69492e-09  1.60728e-09  7.12582e-10  1.0825e-09  5.12894e-08  5.50567e-09  3.09809e-09  6.78393e-08  2.53053e-07  6.81509e-14  
4.4334e-06  2.05198e-07  4.31249e-08  1.76581e-16  1.67399e-12  2.39644e-08  1.2832e-14  1.36373e-07  1.96516e-09  5.67441e-08  
7.31314e-09  9.32603e-09  2.97451e-14  2.46738e-09  2.1769e-09  7.94796e-19  1.27568e-09  2.62678e-09  2.73558e-16  1.65808e-09  
2.9798e-10  1.22147e-09  7.05297e-21  3.52629e-11  1.39163e-10  1.3221e-21  7.65398e-11  1.40341e-10  9.42168e-19  1.46204e-10  
4.13494e-11  1.98333e-10  2.0553e-11  4.94321e-11  2.06064e-11  8.68284e-11  5.91e-12  1.39782e-10  9.00173e-12  3.25473e-22  
2.37003e-11  1.29957e-11  2.69872e-12  5.1209e-11  2.09983e-11  1.48976e-10  6.08273e-17  2.54093e-21  4.38173e-11  2.15999e-11  
7.53771e-19  9.18549e-12  2.45551e-11  9.74032e-12  9.15708e-11  2.2487e-19  4.93411e-25  2.17687e-11  8.90179e-21  1.87047e-27  
2.49414e-11  5.61251e-12  8.53417e-12  8.22901e-13  7.83742e-12  1.02791e-19  1.302e-12  1.68788e-12  5.36297e-15  5.65673e-20  
2.10566e-12  1.89956e-12  2.9237e-12  1.07834e-12  3.2826e-12  1.93284e-13  4.15763e-13  1.53292e-12  4.89712e-13  2.91754e-12  
6.91362e-13  1.66878e-12  5.49825e-13  2.23441e-12  3.18835e-13  1.91546e-12  3.2343e-13  1.28116e-24  7.23783e-13  6.34101e-13  
4.20274e-19  1.71732e-12  6.3954e-13  2.05349e-12  6.71178e-13  2.55377e-12  5.56856e-13  2.93311e-12  1.0251e-12  4.14821e-12  
1.34424e-12  5.78327e-12  5.43055e-13  7.86537e-13  2.68601e-13  1.15949e-12  7.42073e-13  4.19181e-12  1.61873e-12  1.11453e-22  
1.7977e-27  2.71387e-12  2.33267e-12  5.63284e-12  3.27284e-12  9.08686e-12  2.24688e-20  2.26519e-12  1.30908e-12  3.56951e-19  
1.42579e-13  2.39729e-21  2.21507e-26  1.97209e-12  8.94866e-13  2.76977e-12  2.3537e-12  1.59613e-11  2.09713e-12  4.87228e-12  
1.23614e-20  5.4776e-13  6.86189e-13  1.26267e-12  3.40596e-13  1.01839e-12  2.32411e-13  8.49277e-13  5.51863e-21  1.45466e-13  
4.48322e-19  1.397e-26  9.3628e-14  2.70745e-13  5.35187e-14  2.09164e-13  6.36975e-18  2.11153e-13  3.01077e-14  3.69786e-18  
6.68275e-14  3.14121e-20  1.39085e-24  4.70457e-15  8.41404e-21  1.61169e-13  6.84627e-14  3.25173e-13  1.60453e-13  5.90544e-13  
1.06575e-21  2.01694e-13  1.37789e-13  2.8839e-20  1.69695e-21  2.1912e-13  1.27777e-13  5.85503e-13  2.70171e-13  9.73362e-13  
2.01988e-13  4.62112e-13  1.88128e-13  6.04766e-13  1.36604e-20  1.00814e-13  1.4262e-13  2.02946e-19  9.65517e-20  2.12804e-13  
1.66466e-13  4.4427e-13  1.90357e-13  5.9237e-13  8.48906e-14  5.96817e-14  4.79346e-21  8.76398e-15  7.21907e-14  2.9961e-13  
9.93678e-14  3.90044e-13  1.7366e-20  9.21514e-17  8.01785e-14  1.58887e-20  3.73325e-25  2.04364e-13  9.67079e-14  2.17394e-13  
2.57598e-20  1.07882e-13  4.19475e-14  1.39717e-21  4.02612e-14  1.07607e-13  3.45324e-14  3.95212e-13  1.25665e-13  8.15099e-13  
2.24616e-20  6.21775e-13  2.48895e-13  1.9172e-19  6.37491e-13  4.92533e-13  1.48249e-17  2.19292e-12  1.10234e-12  3.23141e-12  
9.54223e-13  1.53806e-12  5.09467e-13  8.19876e-13  2.87259e-13  7.45974e-13  2.71614e-13  3.97289e-19  5.0443e-13  3.44708e-13  
7.38348e-14  2.89129e-12  3.26614e-12  9.33821e-12  6.37147e-13  8.0868e-23  7.56352e-15  
1.7126e-26  5.2534e-21  8.75449e-28  0  0.167716  7.00665e-24  1.9742e-37  0  0.0260306  1.76664e-13  1.20797e-14  
2.14113e-18  2.06656e-08  1.19819e-08  1.44098e-35  2.87945e-26  0.000813665  4.57791e-09  1.74045e-08  1.36932e-25  5.0693e-23  
3.09124e-15  1.01622e-07  4.42301e-22  2.07766e-35  1.00569e-05  1.07868e-07  0.000125914  2.04494e-20  6.34498e-27  1.7012e-17  
2.21551e-06  4.88375e-17  1.78327e-35  5.38307e-06  1.23965e-07  2.8353e-07  9.50621e-22  8.4174e-24  8.8159e-08  7.73768e-29  
1.62672e-06  6.84476e-20  2.39534e-27  4.75548e-06  2.43772e-07  1.71825e-07  4.46515e-08  1.09076e-17  6.49126e-19  1.94398e-06  
2.36207e-08  8.92935e-08  2.31783e-17  5.1115e-10  1.79112e-08  3.02797e-10  1.68535e-08  3.22379e-07  1.47602e-15  6.16313e-08  
3.00609e-14  1.13211e-10  1.60633e-08  5.6187e-10  4.50782e-09  2.64324e-07  7.27787e-10  2.13718e-09  3.99113e-10  5.72507e-09  
1.04533e-16  4.62536e-11  1.57456e-20  5.20016e-10  2.74948e-10  1.32542e-17  1.16361e-20  1.08059e-29  9.18081e-10  7.29431e-10  
7.69522e-09  1.60696e-09  7.12537e-10  1.08258e-09  5.12897e-08  5.50583e-09  3.09753e-09  6.78313e-08  2.53066e-07  1.2395e-13  
4.43344e-06  2.05167e-07  4.31134e-08  3.46916e-16  1.67399e-12  2.39616e-08  2.2607e-14  1.36379e-07  1.96324e-09  5.67446e-08  
7.31166e-09  9.32555e-09  4.04039e-14  2.46726e-09  2.17673e-09  1.56174e-18  1.27551e-09  2.62689e-09  5.24603e-16  1.65809e-09  
2.97966e-10  1.22144e-09  1.43264e-20  3.52638e-11  1.3915e-10  2.79817e-21  7.65369e-11  1.40332e-10  1.86242e-18  1.46205e-10  
4.13498e-11  1.98333e-10  2.05551e-11  4.94263e-11  2.0607e-11  8.68244e-11  5.90681e-12  1.39786e-10  9.00678e-12  6.89478e-22  
2.37016e-11  1.29952e-11  2.69724e-12  5.12018e-11  2.10007e-11  1.48974e-10  1.02121e-16  5.07718e-21  4.38173e-11  2.16006e-11  
1.48128e-18  9.18559e-12  2.45504e-11  9.73945e-12  9.15701e-11  4.42153e-19  1.01979e-24  2.17684e-11  1.74799e-20  5.47588e-27  
2.49414e-11  5.61246e-12  8.53409e-12  8.22591e-13  7.83759e-12  2.01411e-19  1.30202e-12  1.68849e-12  5.35036e-15  1.10321e-19  
2.10551e-12  1.89955e-12  2.92343e-12  1.07835e-12  3.28252e-12  1.93181e-13  4.15977e-13  1.5328e-12  4.89909e-13  2.91753e-12  
6.91563e-13  1.66861e-12  5.49987e-13  2.23436e-12  3.24238e-13  1.91536e-12  3.18143e-13  2.64158e-24  7.23829e-13  6.3402e-13  
7.91787e-19  1.71714e-12  6.39582e-13  2.05343e-12  6.71219e-13  2.55365e-12  5.569e-13  2.93297e-12  1.02516e-12  4.14815e-12  
1.34426e-12  5.78318e-12  5.43124e-13  7.86493e-13  2.68577e-13  1.15944e-12  7.42276e-13  4.19182e-12  1.6196e-12  2.3425e-22  
6.17314e-27  2.71346e-12  2.33375e-12  5.63178e-12  3.27339e-12  9.08614e-12  4.43718e-20  2.26524e-12  1.30918e-12  6.73856e-19  
1.42562e-13  4.70459e-21  6.35013e-26  1.97163e-12  8.94979e-13  2.76943e-12  2.35371e-12  1.59611e-11  2.09714e-12  4.87226e-12  
2.43241e-20  5.47779e-13  6.86233e-13  1.26261e-12  3.40638e-13  1.01838e-12  2.32445e-13  8.49231e-13  1.09124e-20  1.45493e-13  
8.24257e-19  4.9021e-26  9.36591e-14  2.70701e-13  5.35468e-14  2.09138e-13  8.86754e-18  2.11164e-13  3.0143e-14  6.09338e-18  
6.69024e-14  5.85237e-20  4.31269e-24  4.68922e-15  1.6021e-20  1.61159e-13  6.84956e-14  3.25196e-13  1.60486e-13  5.905e-13  
2.11266e-21  2.0174e-13  1.37822e-13  5.47336e-20  3.35382e-21  2.19083e-13  1.2783e-13  5.85495e-13  2.70228e-13  9.73251e-13  
2.02034e-13  4.62106e-13  1.88157e-13  6.04681e-13  2.70887e-20  1.0084e-13  1.42635e-13  3.94887e-19  1.78947e-19  2.12726e-13  
1.66497e-13  4.442e-13  1.90355e-13  5.92294e-13  8.49084e-14  5.96736e-14  9.43336e-21  8.77128e-15  7.22006e-14  2.99585e-13  
9.93685e-14  3.9e-13  3.42155e-20  1.53461e-16  8.01875e-14  3.11906e-20  1.30891e-24  2.04286e-13  9.67085e-14  2.17386e-13  
5.02147e-20  1.07906e-13  4.19578e-14  2.77908e-21  4.02899e-14  1.07593e-13  3.4534e-14  3.95232e-13  1.25754e-13  8.15144e-13  
4.43363e-20  6.2198e-13  2.49089e-13  3.73669e-19  6.37821e-13  4.92436e-13  2.17176e-17  2.19298e-12  1.10257e-12  3.231e-12  
9.54205e-13  1.53763e-12  5.0939e-13  8.19738e-13  2.87248e-13  7.45931e-13  2.71606e-13  7.09816e-19  5.04463e-13  3.44694e-13  
7.38093e-14  2.8913e-12  3.26612e-12  9.33818e-12  6.37147e-13  1.57302e-22  7.56091e-15  
1.9665e-21  1.38082e-14  3.85748e-25  8.05622e-33  0.167069  7.55208e-25  2.13026e-27  0  0.0250251  1.73861e-07  3.11321e-05  
4.54542e-12  0.00075605  3.48511e-07  6.33781e-23  1.56662e-15  0.00103437  2.97585e-06  9.54763e-07  8.73469e-19  1.29231e-16  
3.04445e-10  6.90441e-08  3.39406e-17  3.99225e-24  1.00373e-05  1.26102e-07  0.000123839  2.19762e-15  1.3208e-20  9.96779e-12  
2.65349e-06  8.06826e-12  2.40938e-23  6.14818e-06  3.52838e-07  5.02349e-07  2.24216e-16  2.29873e-17  1.48518e-09  6.27589e-22  
1.19481e-06  5.62863e-15  4.95659e-23  4.97102e-06  2.5792e-07  4.18333e-07  2.59801e-07  1.39642e-11  3.76448e-13  1.67225e-06  
2.55141e-08  1.75061e-07  2.97019e-11  1.08747e-08  9.16149e-09  1.19423e-09  7.25414e-08  1.70632e-07  1.77628e-10  1.22868e-07  
1.46575e-08  8.47417e-09  9.29079e-09  1.25833e-09  3.78603e-09  1.66796e-07  2.27815e-09  8.88072e-09  1.78944e-09  9.31365e-09  
2.33604e-10  3.02574e-09  1.855e-13  4.72074e-10  1.18421e-09  1.67839e-11  1.59259e-13  2.54266e-17  1.03245e-09  6.09493e-10  
2.29019e-09  4.31522e-09  1.46446e-08  4.63863e-10  3.5937e-08  2.60288e-09  1.5998e-08  1.53609e-08  3.46055e-08  1.1807e-08  
2.95943e-06  4.1455e-07  7.97246e-07  2.55615e-09  3.56902e-08  1.82857e-07  5.32444e-08  2.51146e-08  6.84829e-09  5.20234e-08  
5.60793e-08  9.90317e-08  6.34692e-08  7.81294e-08  9.0994e-10  1.00212e-13  1.09883e-08  7.69083e-10  6.18561e-11  9.49745e-09  
1.98243e-09  1.05967e-08  1.82226e-14  5.27995e-11  1.82607e-09  5.08976e-15  1.44486e-09  2.81783e-09  7.40512e-12  2.76404e-09  
7.41519e-10  3.51771e-09  3.11647e-10  1.18058e-09  4.60006e-10  2.93835e-09  6.3484e-10  3.88441e-09  1.15356e-13  4.84734e-19  
5.05837e-10  4.60716e-13  2.45238e-13  2.22557e-09  5.70779e-10  5.30129e-09  1.51974e-09  2.90751e-14  7.11737e-09  3.78151e-10  
5.65019e-12  1.06106e-09  1.02579e-09  6.39471e-10  2.82449e-08  6.40522e-11  6.51001e-10  9.39471e-09  1.44125e-12  6.80809e-12  
1.07163e-08  2.81191e-09  5.04437e-09  1.83883e-09  6.97714e-09  9.80261e-11  1.77453e-09  4.0154e-14  1.8131e-14  7.26955e-11  
9.53399e-14  9.79818e-10  1.49393e-09  5.27543e-10  1.65277e-09  2.15006e-10  7.04314e-15  7.58081e-10  1.66402e-10  9.83661e-10  
1.81243e-10  5.42986e-10  1.46642e-10  6.23786e-10  1.31782e-10  7.99184e-10  4.21811e-15  1.80916e-21  2.21885e-10  2.58153e-14  
1.89024e-15  6.86946e-10  2.45722e-10  8.82018e-10  2.73231e-10  1.33972e-09  2.72389e-10  2.02531e-09  6.09415e-10  2.84137e-09  
8.88409e-10  4.94309e-09  3.83243e-10  6.18566e-10  2.3155e-10  1.1869e-09  4.10262e-10  2.16969e-09  2.90618e-10  6.04375e-15  
5.44467e-13  6.95715e-10  2.78045e-10  1.42085e-09  5.12847e-10  2.8174e-09  2.46187e-12  4.22935e-10  3.83407e-10  4.7745e-11  
7.36228e-10  4.98707e-12  1.20966e-09  4.83646e-10  1.10187e-10  2.57072e-09  2.05511e-09  3.44375e-08  4.1557e-09  1.19818e-08  
1.82102e-11  7.77496e-10  1.07495e-09  2.90844e-09  4.39705e-10  1.49283e-09  2.47888e-10  1.3827e-09  3.45369e-12  2.37479e-10  
1.32119e-10  1.23842e-12  1.9414e-11  2.26878e-10  4.9306e-11  2.69177e-10  3.68279e-11  2.40001e-10  6.31169e-14  3.0219e-14  
4.43815e-11  5.43875e-12  3.13298e-11  6.79927e-16  3.92551e-17  6.22175e-11  2.08311e-11  1.74863e-10  7.48404e-11  3.35162e-10  
1.98199e-13  2.65515e-11  6.92508e-11  4.37626e-12  3.60861e-13  8.60865e-11  4.82549e-11  2.49634e-10  9.67927e-11  4.91897e-10  
8.69478e-11  2.04337e-10  7.4022e-11  3.23132e-10  2.75511e-12  1.3758e-10  7.40593e-11  3.24266e-11  1.17186e-10  5.02878e-11  
4.17631e-11  3.59786e-10  1.47016e-10  7.24643e-10  8.77374e-11  6.5122e-11  1.85114e-12  1.2714e-16  7.18042e-11  3.61341e-10  
1.14683e-10  7.09882e-10  2.04209e-11  3.02423e-10  1.6929e-10  1.27503e-11  6.70551e-13  2.28199e-10  1.9884e-10  4.82591e-10  
3.44e-11  3.22839e-10  8.65301e-11  9.82307e-13  6.85245e-11  1.23436e-10  2.91166e-11  4.00407e-10  7.32312e-11  3.86191e-10  
4.15833e-12  1.41217e-10  6.43084e-11  1.71452e-11  7.99889e-11  5.50835e-11  1.35896e-11  2.94792e-10  1.16731e-10  4.92604e-10  
1.42312e-10  5.24837e-10  2.23737e-10  7.92885e-10  3.02495e-10  1.39208e-09  5.23929e-10  3.12056e-10  1.34826e-09  1.0187e-10  
5.08656e-11  4.83444e-09  6.16587e-09  1.01973e-07  1.40876e-09  6.06049e-14  5.21963e-09  
4.60629e-23  8.1903e-15  1.09201e-24  2.88151e-30  0.17736  6.88584e-24  2.99244e-27  4.40327e-40  0.0218734  1.39448e-08  2.66707e-05  
1.3443e-14  0.000649021  4.44343e-07  6.6664e-28  1.43331e-17  0.000904032  2.50907e-06  3.96394e-05  8.58293e-19  4.12909e-19  
3.46848e-09  6.12856e-08  6.89606e-19  1.85428e-25  1.00694e-05  1.10492e-07  0.000106365  4.14774e-17  5.49296e-23  1.53e-12  
2.95719e-06  2.01227e-13  1.85236e-26  6.05185e-06  3.07669e-07  4.42383e-07  4.83715e-18  1.18296e-19  2.96277e-08  4.29709e-24  
1.27821e-06  1.29938e-16  7.4619e-24  4.93957e-06  2.54941e-07  3.7951e-07  2.27079e-07  3.12048e-13  4.85402e-15  1.71555e-06  
2.4071e-08  1.61844e-07  1.64646e-13  9.302e-09  1.05893e-08  1.03885e-09  6.33525e-08  1.94658e-07  4.50752e-12  1.13522e-07  
1.22157e-08  7.22553e-09  1.05578e-08  1.09068e-09  3.43156e-09  1.82168e-07  2.06829e-09  7.81543e-09  1.57593e-09  8.78614e-09  
7.29036e-13  2.58155e-09  3.91357e-15  4.79507e-10  1.22025e-09  3.05038e-13  3.3436e-15  1.30938e-20  1.03492e-09  6.38403e-10  
3.21389e-09  3.78509e-09  1.25125e-08  5.7753e-10  3.8373e-08  3.04975e-09  1.39018e-08  2.94231e-08  7.13802e-08  1.54938e-09  
3.19535e-06  3.70557e-07  6.80405e-07  2.89901e-11  3.01744e-08  1.59327e-07  1.67461e-08  4.41149e-08  6.13557e-09  8.20757e-08  
4.82234e-08  8.55784e-08  5.11879e-08  6.69248e-08  3.95515e-09  8.91969e-15  9.55382e-09  1.09396e-09  8.2233e-13  8.32237e-09  
1.72416e-09  9.16982e-09  3.19339e-16  5.03565e-11  1.56746e-09  9.66166e-17  1.24932e-09  2.40805e-09  1.62586e-13  2.36139e-09  
6.34368e-10  3.01155e-09  2.67764e-10  1.00651e-09  3.93069e-10  2.50178e-09  5.38474e-10  3.31326e-09  2.30112e-12  4.1199e-19  
4.32039e-10  2.25678e-12  5.72707e-13  1.88963e-09  4.87156e-10  4.50982e-09  7.75957e-10  4.88156e-16  6.04992e-09  8.25393e-10  
2.96442e-13  8.98061e-10  8.89416e-10  5.43485e-10  2.38995e-08  6.03928e-13  4.5245e-10  8.00914e-09  1.3892e-13  4.05879e-14  
9.17582e-09  2.38534e-09  4.27226e-09  1.55739e-09  5.90951e-09  7.76767e-13  1.49737e-09  4.5248e-13  8.29336e-14  3.95214e-13  
2.86881e-13  9.38104e-10  1.30086e-09  4.53148e-10  1.40634e-09  1.82652e-10  1.1302e-13  6.43212e-10  1.41188e-10  8.33615e-10  
1.53538e-10  4.59838e-10  1.24163e-10  5.28067e-10  1.11433e-10  6.76089e-10  1.11305e-13  1.88297e-21  1.87636e-10  9.44792e-14  
3.41226e-16  5.81065e-10  2.07763e-10  7.46047e-10  2.31046e-10  1.13327e-09  2.30371e-10  1.7138e-09  5.15676e-10  2.40585e-09  
7.52163e-10  4.18697e-09  3.24491e-10  5.24024e-10  1.96103e-10  1.00534e-09  3.47553e-10  1.83794e-09  2.46527e-10  1.12249e-16  
3.53664e-14  5.89496e-10  2.36416e-10  1.20344e-09  4.34852e-10  2.38597e-09  5.13441e-14  3.56354e-10  3.24062e-10  6.58503e-13  
5.9655e-10  9.94353e-14  8.49688e-10  4.74487e-10  1.01154e-10  2.18554e-09  1.91167e-09  2.91665e-08  3.51982e-09  1.01464e-08  
2.72056e-13  6.5316e-10  9.22713e-10  2.47216e-09  3.72887e-10  1.26496e-09  2.10105e-10  1.17128e-09  7.63149e-14  1.92822e-10  
1.88032e-11  4.65083e-15  1.09176e-10  2.1093e-10  4.00281e-11  2.25012e-10  2.93516e-11  2.02353e-10  1.50095e-12  2.34985e-13  
3.76047e-11  1.24095e-13  5.4293e-12  1.81151e-14  1.88837e-16  6.52463e-11  3.25026e-11  1.47281e-10  6.31301e-11  2.8346e-10  
3.42316e-15  2.14244e-11  5.86242e-11  9.33904e-14  1.82053e-15  8.29588e-11  3.87519e-11  2.08969e-10  8.16652e-11  4.16572e-10  
7.37029e-11  1.73181e-10  6.27965e-11  2.73755e-10  6.12833e-14  1.10009e-10  6.31124e-11  7.97055e-13  7.20199e-12  7.8414e-11  
1.17483e-10  3.10796e-10  1.25576e-10  6.15364e-10  7.45256e-11  5.5276e-11  3.98588e-14  3.48821e-15  6.12735e-11  3.06757e-10  
9.7402e-11  6.01916e-10  2.83548e-13  2.46176e-10  1.49459e-10  2.89092e-13  1.01841e-14  2.2413e-10  1.67759e-10  4.09933e-10  
4.67594e-13  2.61222e-10  9.36559e-11  2.63709e-14  5.61155e-11  1.23152e-10  2.77509e-11  3.41426e-10  6.24151e-11  3.28105e-10  
9.37565e-14  1.12341e-10  5.75638e-11  4.23087e-13  6.18515e-11  7.09032e-11  1.3955e-11  2.5073e-10  9.95524e-11  4.18749e-10  
1.20968e-10  4.45158e-10  1.89715e-10  6.71843e-10  2.56317e-10  1.17917e-09  4.43931e-10  7.0165e-11  1.13808e-09  2.83505e-10  
4.49588e-11  4.09565e-09  5.22402e-09  8.63448e-08  1.19449e-09  1.21642e-15  4.42035e-09  
5.08054e-23  7.52695e-17  6.92411e-27  1.87745e-34  0.184388  7.34611e-24  2.6815e-29  0  0.0197362  7.07687e-08  2.37375e-05  
4.96004e-15  0.000530529  4.14198e-07  9.03872e-29  7.43835e-18  0.000808324  2.21723e-06  9.49883e-05  2.49042e-18  1.51839e-19  
1.75093e-08  5.61027e-08  7.07232e-19  3.9789e-25  1.00702e-05  1.01102e-07  9.64774e-05  4.08922e-17  2.23565e-23  7.48664e-13  
2.78225e-06  1.91898e-13  4.6727e-27  5.95539e-06  2.80737e-07  3.99403e-07  5.49145e-18  5.71921e-20  7.08028e-08  3.01017e-24  
1.39318e-06  1.3539e-16  4.57664e-24  4.92323e-06  2.53068e-07  3.55097e-07  2.06787e-07  2.42073e-13  3.62874e-15  1.74269e-06  
2.31663e-08  1.53759e-07  1.01598e-13  8.3258e-09  1.14898e-08  9.27551e-10  5.7107e-08  2.09838e-07  3.03027e-12  1.07711e-07  
1.08121e-08  6.44321e-09  1.12214e-08  9.73711e-10  3.18574e-09  1.91836e-07  1.85902e-09  7.15547e-09  1.44421e-09  8.46005e-09  
4.38435e-13  2.2995e-09  3.41823e-15  4.84133e-10  1.10387e-09  1.9052e-13  2.71783e-15  1.04279e-20  1.02696e-09  6.62373e-10  
3.79972e-09  3.44181e-09  1.12036e-08  6.55683e-10  3.99023e-08  3.36078e-09  1.25473e-08  3.1659e-08  9.51923e-08  8.1397e-10  
3.34388e-06  3.41759e-07  6.07318e-07  1.81902e-11  2.68526e-08  1.43023e-07  1.1158e-08  5.61651e-08  5.50423e-09  8.33735e-08  
4.32158e-08  7.70968e-08  4.48637e-08  5.9819e-08  4.42304e-09  1.03797e-14  8.59521e-09  1.30022e-09  5.37129e-13  7.59498e-09  
1.56255e-09  8.28839e-09  3.16881e-16  4.89653e-11  1.40673e-09  1.01174e-16  1.12001e-09  2.15593e-09  1.25283e-13  2.11799e-09  
5.69245e-10  2.70213e-09  2.4138e-10  8.99212e-10  3.52424e-10  2.23496e-09  4.79334e-10  2.96586e-09  4.59955e-12  5.21921e-19  
3.87207e-10  2.81482e-12  5.41619e-13  1.68503e-09  4.36854e-10  4.02958e-09  5.97014e-10  4.86042e-16  5.38974e-09  8.28784e-10  
2.36507e-13  8.0022e-10  7.95499e-10  4.84608e-10  2.1279e-08  3.69376e-13  3.81177e-10  7.13056e-09  1.18249e-13  2.29881e-14  
8.19062e-09  2.12353e-09  3.80322e-09  1.38609e-09  5.26038e-09  4.6436e-13  1.33252e-09  7.91245e-13  8.48669e-14  2.09442e-13  
3.83122e-13  8.33632e-10  1.15993e-09  4.03726e-10  1.25234e-09  1.62566e-10  2.09995e-13  5.72657e-10  1.25794e-10  7.42258e-10  
1.3676e-10  4.09384e-10  1.10609e-10  4.70195e-10  9.91315e-11  6.01895e-10  2.1999e-13  2.3767e-21  1.67041e-10  1.00365e-13  
2.76788e-16  5.17276e-10  1.84947e-10  6.6417e-10  2.05675e-10  1.0088e-09  2.05063e-10  1.52551e-09  4.5903e-10  2.14168e-09  
6.69522e-10  3.72709e-09  2.88812e-10  4.66499e-10  1.74541e-10  8.94894e-10  3.09461e-10  1.63626e-09  2.19913e-10  1.17798e-16  
1.43036e-14  5.24754e-10  2.111e-10  1.07124e-09  3.87616e-10  2.12421e-09  4.34511e-14  3.17309e-10  2.8846e-10  3.35927e-13  
5.29387e-10  7.37418e-14  7.17597e-10  4.24031e-10  9.06423e-11  1.94556e-09  1.73993e-09  2.59604e-08  3.13292e-09  9.03085e-09  
1.77693e-13  5.81096e-10  8.21262e-10  2.20082e-09  3.31978e-10  1.12594e-09  1.87062e-10  1.0425e-09  5.91616e-14  1.71198e-10  
1.03577e-11  2.41863e-15  1.03119e-10  1.8899e-10  3.5602e-11  2.00074e-10  2.57578e-11  1.80006e-10  1.67223e-12  2.80729e-13  
3.35162e-11  6.53356e-14  3.21073e-12  2.61813e-14  1.85419e-16  5.85774e-11  3.00718e-11  1.31204e-10  5.62267e-11  2.52281e-10  
3.31653e-15  1.90471e-11  5.21996e-11  5.05498e-14  1.44693e-15  7.42102e-11  3.4441e-11  1.85862e-10  7.27299e-11  3.7079e-10  
6.56512e-11  1.54174e-10  5.59495e-11  2.43645e-10  4.88081e-14  9.75851e-11  5.61267e-11  4.65221e-13  3.09692e-12  7.06539e-11  
1.06807e-10  2.7734e-10  1.1188e-10  5.47795e-10  6.63802e-11  4.92073e-11  3.26689e-14  7.0002e-15  5.44924e-11  2.73057e-10  
8.67348e-11  5.35752e-10  1.7982e-13  2.18373e-10  1.32584e-10  1.96232e-13  8.67973e-15  2.00791e-10  1.49271e-10  3.64926e-10  
2.74616e-13  2.31795e-10  8.29781e-11  2.3454e-14  4.9843e-11  1.10675e-10  2.48969e-11  3.04046e-10  5.56392e-11  2.92144e-10  
6.90715e-14  9.96962e-11  5.13545e-11  2.47971e-13  5.51052e-11  6.3882e-11  1.23181e-11  2.2338e-10  8.8834e-11  3.72947e-10  
1.07801e-10  3.96259e-10  1.68898e-10  5.98003e-10  2.28169e-10  1.04953e-09  3.95186e-10  4.25748e-11  1.01222e-09  2.72696e-10  
4.03227e-11  3.64555e-09  4.64987e-09  7.68482e-08  1.06329e-09  1.00135e-15  3.93415e-09  
1.1909e-21  5.04438e-18  2.69253e-29  1.67834e-35  0.184647  6.61493e-24  7.09477e-31  0  0.0196099  1.2924e-10  2.26743e-05  
2.77815e-14  0.000184723  5.40398e-07  2.66994e-27  4.00225e-17  0.000772312  2.02409e-06  0.000364169  1.48415e-16  7.74039e-19  
3.24273e-07  6.70465e-08  1.13066e-17  5.72272e-23  1.01346e-05  1.10519e-07  0.000144768  8.70715e-16  1.51981e-22  4.63212e-13  
2.70206e-06  4.42288e-12  1.78727e-26  5.88195e-06  2.73185e-07  3.83692e-07  1.20635e-16  3.95231e-19  9.56313e-08  4.54769e-23  
1.4706e-06  3.08566e-15  1.21637e-22  4.91887e-06  2.52561e-07  3.46188e-07  1.99149e-07  3.97195e-12  6.7142e-14  1.75255e-06  
2.29899e-08  1.5069e-07  1.55559e-12  7.96434e-09  1.1828e-08  8.87101e-10  5.48411e-08  2.15447e-07  5.0408e-11  1.05556e-07  
1.02974e-08  6.15563e-09  1.14637e-08  9.32404e-10  3.08854e-09  1.95408e-07  1.80585e-09  6.90699e-09  1.3963e-09  8.33733e-09  
5.2028e-12  2.19404e-09  6.67512e-14  4.85855e-10  1.05317e-09  2.50801e-12  4.53971e-14  3.12848e-18  1.02499e-09  6.70638e-10  
4.01451e-09  3.31579e-09  1.07104e-08  6.8565e-10  4.04613e-08  3.48498e-09  1.20424e-08  3.22223e-08  1.04036e-07  9.29043e-10  
3.39797e-06  3.31769e-07  5.8026e-07  2.46506e-10  2.55718e-08  1.36793e-07  9.66687e-09  6.05803e-08  5.38032e-09  8.35721e-08  
4.12599e-08  7.40351e-08  4.25048e-08  5.72521e-08  4.60059e-09  2.58476e-13  8.24783e-09  1.38961e-09  6.29716e-12  7.32433e-09  
1.50283e-09  7.96034e-09  5.74906e-15  4.84175e-11  1.34453e-09  1.88507e-15  1.07262e-09  2.0611e-09  1.95656e-12  2.02445e-09  
5.45032e-10  2.58469e-09  2.31589e-10  8.58056e-10  3.371e-10  2.13426e-09  4.57136e-10  2.83384e-09  5.33258e-12  2.75088e-17  
3.70364e-10  3.09666e-12  5.5885e-13  1.6057e-09  4.19749e-10  3.84514e-09  5.31673e-10  1.02508e-14  5.14074e-09  8.14425e-10  
3.37554e-12  7.62576e-10  7.74121e-10  4.62674e-10  2.02713e-08  4.83367e-12  3.52028e-10  6.79106e-09  5.37741e-13  2.94525e-13  
7.81561e-09  2.0239e-09  3.62452e-09  1.32089e-09  5.0126e-09  6.11567e-12  1.26809e-09  9.08716e-13  9.66345e-14  2.65106e-12  
4.13534e-13  7.74668e-10  1.11793e-09  3.86361e-10  1.19593e-09  1.54755e-10  2.38863e-13  5.46402e-10  1.19778e-10  7.07943e-10  
1.29638e-10  3.90671e-10  1.04959e-10  4.48489e-10  9.3905e-11  5.73826e-10  2.52509e-13  1.16835e-19  1.58366e-10  1.1008e-13  
2.01592e-15  4.93555e-10  1.75602e-10  6.33248e-10  1.95484e-10  9.61304e-10  1.94877e-10  1.45365e-09  4.36889e-10  2.04177e-09  
6.37337e-10  3.55264e-09  2.74352e-10  4.45207e-10  1.66163e-10  8.53044e-10  2.94665e-10  1.55993e-09  2.09541e-10  2.24794e-15  
9.02983e-15  5.00143e-10  2.01161e-10  1.021e-09  3.70005e-10  2.02398e-09  8.03349e-13  3.01752e-10  2.73364e-10  3.10744e-12  
4.94856e-10  1.05275e-12  6.64285e-10  4.10085e-10  8.96012e-11  1.85435e-09  1.67512e-09  2.47427e-08  2.98578e-09  8.60598e-09  
2.37281e-12  5.51916e-10  7.80015e-10  2.1001e-09  3.16952e-10  1.0729e-09  1.78685e-10  9.92973e-10  9.26635e-13  1.60359e-10  
1.47248e-11  6.26137e-14  9.01073e-11  1.87573e-10  3.40654e-11  1.89136e-10  2.4993e-11  1.70438e-10  1.05374e-12  5.65977e-13  
3.22937e-11  6.0346e-13  2.39918e-12  2.79981e-14  1.81024e-15  5.78366e-11  2.69419e-11  1.25063e-10  5.39208e-11  2.39931e-10  
7.59801e-14  1.77954e-11  4.97072e-11  5.50681e-13  3.54609e-14  7.2033e-11  3.27841e-11  1.75728e-10  6.94848e-11  3.5304e-10  
6.27619e-11  1.46819e-10  5.37526e-11  2.31657e-10  8.01588e-13  9.08498e-11  5.26092e-11  4.88556e-12  4.22794e-12  6.6031e-11  
9.44535e-11  2.68205e-10  1.07579e-10  5.22399e-10  6.36572e-11  4.69795e-11  5.65461e-13  8.10228e-15  5.10833e-11  2.60084e-10  
8.30768e-11  5.10441e-10  2.43191e-12  2.04552e-10  1.21323e-10  2.31624e-12  1.75319e-13  1.95234e-10  1.42217e-10  3.48125e-10  
3.49696e-12  2.16298e-10  7.25391e-11  4.50024e-13  4.68012e-11  1.11496e-10  2.51474e-11  2.90543e-10  5.35132e-11  2.78503e-10  
9.98825e-13  9.2175e-11  4.82781e-11  2.92337e-12  5.01e-11  6.17542e-11  1.32895e-11  2.12809e-10  8.48816e-11  3.56015e-10  
1.03254e-10  3.77798e-10  1.61079e-10  5.69818e-10  2.17632e-10  9.99894e-10  3.7742e-10  3.80844e-11  9.59435e-10  2.65376e-10  
4.04938e-11  3.47466e-09  4.43192e-09  7.32321e-08  1.01436e-09  1.73444e-14  3.74919e-09  
4.30592e-20  1.5913e-17  8.64906e-28  1.83984e-33  0.183152  6.36025e-24  1.27688e-31  0  0.0200169  3.98144e-10  2.1712e-05  
7.935e-14  2.24466e-06  6.60102e-07  3.13711e-26  2.23626e-18  0.000744431  1.61019e-06  0.000212338  2.01623e-15  2.18111e-18  
1.77226e-08  1.70462e-07  6.10543e-16  1.86868e-23  1.04182e-05  1.71632e-07  0.000456069  5.76455e-14  5.50961e-22  1.97311e-13  
2.65553e-06  7.98198e-11  2.52754e-26  5.82701e-06  2.84546e-07  3.83904e-07  2.76556e-15  1.30088e-18  9.51128e-08  2.64924e-22  
1.52438e-06  6.65239e-14  4.4345e-22  4.91514e-06  2.53516e-07  3.40597e-07  1.93098e-07  6.40249e-11  1.36527e-12  1.75828e-06  
2.38959e-08  1.48342e-07  1.53033e-11  7.70546e-09  1.20487e-08  8.71522e-10  5.32245e-08  2.19219e-07  5.41194e-10  1.03985e-07  
9.98541e-09  5.95157e-09  1.1585e-08  9.25189e-10  3.00327e-09  1.97856e-07  1.94291e-09  6.71204e-09  1.36738e-09  8.23616e-09  
3.81814e-11  2.10615e-09  1.07938e-12  4.87105e-10  9.82916e-10  2.63128e-11  8.41927e-13  9.92753e-16  1.01691e-09  6.71317e-10  
4.14676e-09  3.24778e-09  1.03198e-08  7.08119e-10  4.08078e-08  3.60892e-09  1.17031e-08  3.20572e-08  1.09649e-07  2.71413e-09  
3.4293e-06  3.31374e-07  5.6104e-07  2.70579e-09  2.44747e-08  1.30248e-07  1.13098e-08  6.31916e-08  6.05786e-09  8.18709e-08  
3.97166e-08  7.21137e-08  4.10294e-08  5.55914e-08  4.35651e-09  4.60758e-12  8.02328e-09  1.48915e-09  4.2801e-11  7.12647e-09  
1.46133e-09  7.71966e-09  1.13532e-13  4.78436e-11  1.28565e-09  3.77731e-14  1.02073e-09  1.98642e-09  2.94962e-11  1.9451e-09  
5.28647e-10  2.48761e-09  2.24266e-10  8.22397e-10  3.24708e-10  2.05531e-09  4.40896e-10  2.72491e-09  4.46558e-12  4.77979e-16  
3.57487e-10  4.20093e-12  8.63723e-13  1.53217e-09  4.17138e-10  3.68533e-09  5.22452e-10  2.022e-13  4.94306e-09  7.19028e-10  
4.39175e-11  7.32759e-10  7.71672e-10  4.47249e-10  1.9406e-08  4.86422e-11  3.31877e-10  6.46904e-09  7.19562e-12  3.14807e-12  
7.48708e-09  1.94432e-09  3.47608e-09  1.26749e-09  4.80309e-09  5.73895e-11  1.21021e-09  8.85675e-13  1.9145e-13  1.23684e-11  
4.20229e-13  6.43622e-10  1.11453e-09  3.76071e-10  1.15703e-09  1.47467e-10  1.98985e-13  5.27182e-10  1.13885e-10  6.82073e-10  
1.20332e-10  3.77247e-10  9.8056e-11  4.32293e-10  8.74429e-11  5.51536e-10  1.96757e-13  1.9384e-18  1.47077e-10  1.83711e-13  
1.30865e-14  4.7731e-10  1.64868e-10  6.09691e-10  1.84817e-10  9.22186e-10  1.83821e-10  1.39382e-09  4.1636e-10  1.96334e-09  
6.0695e-10  3.41121e-09  2.58433e-10  4.30243e-10  1.58486e-10  8.19179e-10  2.809e-10  1.49976e-09  1.9974e-10  4.66924e-14  
4.74669e-14  4.79861e-10  1.91355e-10  9.7994e-10  3.57673e-10  1.93892e-09  1.27894e-11  2.86936e-10  2.48529e-10  2.83553e-11  
4.43783e-10  1.45194e-11  6.2996e-10  3.94675e-10  9.83875e-11  1.76907e-09  1.60379e-09  2.37483e-08  2.86437e-09  8.25469e-09  
2.86033e-11  5.2235e-10  7.22131e-10  2.02336e-09  3.07458e-10  1.02749e-09  1.74401e-10  9.48556e-10  1.35888e-11  1.44869e-10  
3.20009e-11  1.54658e-12  5.2671e-11  1.97527e-10  3.61931e-11  1.76125e-10  2.53623e-11  1.59804e-10  1.05473e-13  1.44037e-13  
3.10548e-11  5.50839e-12  7.10797e-12  1.71755e-14  3.69776e-15  5.44273e-11  2.18334e-11  1.16351e-10  5.32918e-11  2.2764e-10  
1.33071e-12  1.58823e-11  4.69169e-11  5.46021e-12  2.12013e-12  6.62055e-11  3.35433e-11  1.63379e-10  6.7643e-11  3.36723e-10  
6.11891e-11  1.40063e-10  5.37464e-11  2.19325e-10  1.18414e-11  8.09098e-11  4.20204e-11  2.15368e-11  2.19575e-11  4.61127e-11  
6.39161e-11  2.63103e-10  1.08683e-10  5.02715e-10  6.30556e-11  4.58949e-11  8.5078e-12  6.66804e-15  4.17295e-11  2.46266e-10  
8.19189e-11  4.88388e-10  2.62321e-11  1.84189e-10  8.86492e-11  1.94924e-11  4.19138e-12  1.79385e-10  1.38457e-10  3.35745e-10  
2.77589e-11  1.92213e-10  4.00995e-11  4.19721e-12  4.33456e-11  1.1468e-10  2.9994e-11  2.82475e-10  5.40389e-11  2.67491e-10  
1.26455e-11  8.07905e-11  3.64988e-11  1.44624e-11  4.75249e-11  4.97799e-11  1.62744e-11  2.04166e-10  8.20888e-11  3.43857e-10  
1.01948e-10  3.62757e-10  1.55269e-10  5.45753e-10  2.10228e-10  9.56023e-10  3.68433e-10  5.51768e-11  9.00222e-10  2.4616e-10  
4.67249e-11  3.3347e-09  4.25405e-09  7.02441e-08  9.79728e-10  2.68202e-13  3.59672e-09  
6.27477e-20  8.46952e-16  1.14171e-26  2.81625e-31  0.182578  6.24323e-24  4.70071e-31  0  0.0202016  9.13094e-09  2.12293e-05  
6.51878e-14  1.86086e-06  5.82726e-07  2.64878e-26  1.39696e-19  0.000732221  1.32813e-06  8.19775e-05  8.36287e-16  1.71665e-18  
1.19321e-09  2.80689e-07  1.10749e-15  1.34091e-24  1.06437e-05  2.1776e-07  0.000575683  7.84143e-14  4.71898e-22  6.24181e-14  
2.66609e-06  9.34664e-11  6.67872e-27  5.79499e-06  3.23035e-07  4.02168e-07  3.16573e-15  1.08403e-18  7.16747e-08  2.7538e-22  
1.54624e-06  6.92656e-14  2.55646e-22  4.91389e-06  2.56666e-07  3.41711e-07  1.9076e-07  1.1511e-10  3.76232e-12  1.75634e-06  
2.6104e-08  1.48004e-07  4.02809e-11  7.66576e-09  1.20498e-08  8.92297e-10  5.32774e-08  2.19337e-07  9.15605e-10  1.03777e-07  
1.00222e-08  5.92419e-09  1.15272e-08  9.67243e-10  2.95725e-09  1.98036e-07  2.2241e-09  6.6491e-09  1.37406e-09  8.19038e-09  
1.01237e-10  2.07327e-09  1.45368e-12  4.87359e-10  9.05968e-10  5.64102e-11  1.50733e-12  2.47451e-15  1.00978e-09  6.66299e-10  
4.12461e-09  3.27928e-09  1.01703e-08  7.15531e-10  4.07457e-08  3.71012e-09  1.16908e-08  3.10261e-08  1.09209e-07  6.19517e-09  
3.41821e-06  3.45643e-07  5.58774e-07  6.36035e-09  2.39635e-08  1.26461e-07  1.54105e-08  6.24897e-08  7.64684e-09  7.95956e-08  
3.93273e-08  7.24016e-08  4.08572e-08  5.57242e-08  3.93514e-09  4.82716e-12  8.05172e-09  1.57842e-09  1.03775e-10  7.09719e-09  
1.45686e-09  7.66774e-09  1.24148e-13  4.73521e-11  1.24648e-09  3.99043e-14  1.01e-09  1.95611e-09  4.70485e-11  1.91164e-09  
5.26504e-10  2.44326e-09  2.21712e-10  8.03394e-10  3.18882e-10  2.02598e-09  4.36827e-10  2.67472e-09  2.64453e-12  2.65648e-16  
3.52907e-10  4.86789e-12  1.47282e-12  1.48395e-09  4.32211e-10  3.60059e-09  5.50749e-10  2.25915e-13  4.86768e-09  5.87408e-10  
6.93917e-11  7.28927e-10  8.33592e-10  4.48042e-10  1.89332e-08  1.14949e-10  3.18564e-10  6.26785e-09  8.78146e-12  8.27278e-12  
7.31963e-09  1.91375e-09  3.4049e-09  1.24321e-09  4.69504e-09  1.39983e-10  1.17637e-09  7.07263e-13  2.88377e-13  3.92228e-11  
3.89618e-13  4.774e-10  1.13492e-09  3.81131e-10  1.15571e-09  1.44521e-10  1.17817e-13  5.21649e-10  1.11023e-10  6.73249e-10  
1.13898e-10  3.70406e-10  9.37728e-11  4.24725e-10  8.36233e-11  5.39689e-10  1.0302e-13  8.9581e-19  1.38296e-10  2.4195e-13  
3.20489e-14  4.70682e-10  1.57619e-10  5.99142e-10  1.77832e-10  9.01929e-10  1.7597e-10  1.36208e-09  4.03406e-10  1.93247e-09  
5.87069e-10  3.34803e-09  2.46577e-10  4.24233e-10  1.54791e-10  8.03877e-10  2.72642e-10  1.47554e-09  1.94188e-10  5.04579e-14  
1.96619e-13  4.69415e-10  1.85108e-10  9.59817e-10  3.54933e-10  1.89585e-09  1.74623e-11  2.77416e-10  2.39412e-10  4.55267e-11  
3.97979e-10  2.21926e-11  6.12635e-10  3.96773e-10  1.14845e-10  1.73211e-09  1.55859e-09  2.33004e-08  2.80752e-09  8.08834e-09  
6.15193e-11  5.00535e-10  6.76584e-10  1.99574e-09  3.07533e-10  1.00441e-09  1.75656e-10  9.22982e-10  2.06317e-11  1.3252e-10  
6.16958e-11  3.53395e-12  1.91156e-11  1.97823e-10  4.29432e-11  1.74432e-10  2.5308e-11  1.52543e-10  9.93962e-15  5.42927e-15  
2.90348e-11  6.38626e-12  1.6931e-11  5.74909e-15  1.43119e-15  4.78955e-11  1.83896e-11  1.12524e-10  5.26442e-11  2.19636e-10  
1.51687e-12  1.41237e-11  4.61008e-11  6.71941e-12  3.92592e-12  5.98888e-11  3.64343e-11  1.60127e-10  6.683e-11  3.26981e-10  
6.05123e-11  1.36762e-10  5.43266e-11  2.12398e-10  1.71768e-11  7.48895e-11  4.15866e-11  2.82362e-11  5.76257e-11  2.39844e-11  
3.1812e-11  2.50061e-10  1.1246e-10  5.00118e-10  6.41214e-11  4.69245e-11  1.20704e-11  3.81603e-15  4.17181e-11  2.35712e-10  
8.16476e-11  4.77579e-10  5.60704e-11  1.65948e-10  6.54134e-11  2.33739e-11  6.22668e-12  1.568e-10  1.4613e-10  3.3825e-10  
5.70411e-11  1.7614e-10  2.15585e-11  2.66697e-12  3.96443e-11  1.00544e-10  3.32343e-11  2.86481e-10  5.66313e-11  2.66485e-10  
1.8907e-11  7.88443e-11  3.1963e-11  1.62142e-11  5.37299e-11  3.27016e-11  1.3821e-11  2.04915e-10  8.19759e-11  3.4185e-10  
1.0453e-10  3.58068e-10  1.53672e-10  5.33433e-10  2.08639e-10  9.30502e-10  3.73782e-10  8.91987e-11  8.4896e-10  2.22675e-10  
5.93448e-11  3.27082e-09  4.1746e-09  6.88318e-08  9.74815e-10  3.69331e-13  3.52591e-09  
2.87618e-20  1.61968e-17  1.0758e-27  1.68214e-32  0.179108  6.30795e-24  1.1667e-28  0  0.0213122  2.56268e-10  2.12301e-05  
5.19638e-14  5.0134e-08  3.82839e-07  2.90092e-26  2.85003e-20  0.00074357  8.61432e-07  7.89764e-06  2.22491e-17  1.35934e-18  
1.41826e-10  5.07622e-07  5.52408e-16  1.87996e-25  1.11094e-05  2.95562e-07  0.000653903  2.38545e-14  4.06717e-22  1.76968e-13  
2.76539e-06  3.11312e-11  1.61554e-26  5.78553e-06  4.52636e-07  4.49596e-07  8.7901e-16  9.27124e-19  2.75465e-08  3.12624e-22  
1.52651e-06  1.73672e-14  9.36187e-23  4.91589e-06  2.6466e-07  3.5493e-07  1.93206e-07  4.51875e-11  1.77208e-12  1.74159e-06  
3.03393e-08  1.50345e-07  4.29297e-11  7.96368e-09  1.17605e-08  9.65743e-10  5.70464e-08  2.13811e-07  5.51431e-10  1.05853e-07  
1.0611e-08  6.17028e-09  1.11807e-08  1.0861e-09  2.96257e-09  1.94747e-07  2.58546e-09  6.78145e-09  1.437e-09  8.2149e-09  
1.47559e-10  2.14882e-09  5.18936e-13  4.86158e-10  8.80985e-10  3.31617e-11  4.86861e-13  2.59765e-16  1.0358e-09  6.53155e-10  
3.85942e-09  3.46492e-09  1.03342e-08  7.03131e-10  4.0017e-08  3.8017e-09  1.21985e-08  2.93968e-08  9.94265e-08  1.17197e-08  
3.33681e-06  3.85884e-07  5.84523e-07  4.32583e-09  2.41359e-08  1.3468e-07  2.32587e-08  5.65245e-08  1.06073e-08  7.72998e-08  
4.12554e-08  7.63692e-08  4.25639e-08  5.873e-08  3.30725e-09  1.29818e-12  8.56494e-09  1.64788e-09  1.49622e-10  7.35163e-09  
1.50932e-09  7.89218e-09  3.37439e-14  4.67218e-11  1.23148e-09  1.00838e-14  1.09813e-09  1.97451e-09  1.85805e-11  1.93414e-09  
5.41754e-10  2.4653e-09  2.244e-10  8.04341e-10  3.19854e-10  2.05811e-09  4.48058e-10  2.69597e-09  6.00228e-13  1.77699e-17  
3.57843e-10  3.64329e-12  1.83438e-12  1.45955e-09  4.63652e-10  3.60763e-09  6.21734e-10  6.64288e-14  4.95484e-09  4.28491e-10  
2.09612e-11  7.47437e-10  1.01424e-09  4.89732e-10  1.88569e-08  8.14938e-11  3.05532e-10  6.32527e-09  3.08941e-12  5.65816e-12  
7.33319e-09  1.95157e-09  3.42388e-09  1.25249e-09  4.69628e-09  1.16952e-10  1.16591e-09  3.5355e-13  2.73795e-13  6.3655e-11  
2.99105e-13  4.39951e-10  1.16773e-09  4.04171e-10  1.21759e-09  1.50205e-10  2.74386e-14  5.36466e-10  1.13206e-10  6.86595e-10  
1.13583e-10  3.69737e-10  9.28266e-11  4.25028e-10  8.31598e-11  5.38249e-10  1.8279e-14  4.69207e-20  1.34661e-10  2.04494e-13  
3.59659e-14  4.69987e-10  1.55386e-10  6.00383e-10  1.76085e-10  8.99712e-10  1.72966e-10  1.35611e-09  3.98167e-10  1.95604e-09  
5.79702e-10  3.37293e-09  2.41828e-10  4.24168e-10  1.55105e-10  8.09735e-10  2.7169e-10  1.4926e-09  1.94726e-10  1.3421e-14  
2.47403e-13  4.69793e-10  1.83557e-10  9.60786e-10  3.61819e-10  1.90182e-09  6.13885e-12  2.68947e-10  2.48822e-10  2.52545e-11  
3.31413e-10  7.22563e-12  5.98909e-10  4.76437e-10  1.46963e-10  1.77927e-09  1.54774e-09  2.34927e-08  2.82509e-09  8.13265e-09  
3.3258e-11  4.79804e-10  7.13942e-10  2.03433e-09  3.18817e-10  1.00981e-09  1.8178e-10  9.2028e-10  8.25593e-12  1.1083e-10  
9.41143e-11  2.69222e-12  8.18717e-12  2.10093e-10  4.42009e-11  1.90488e-10  2.76833e-11  1.55992e-10  1.59454e-14  9.61319e-15  
2.91987e-11  3.27166e-12  1.25951e-11  5.59407e-16  1.31215e-16  5.42621e-11  1.96876e-11  1.11438e-10  5.26303e-11  2.16683e-10  
4.88124e-13  1.08432e-11  4.61016e-11  3.20454e-12  8.01321e-13  6.67458e-11  3.61629e-11  1.61919e-10  6.82792e-11  3.26565e-10  
6.05494e-11  1.36912e-10  5.49191e-11  2.1224e-10  6.78542e-12  6.2217e-11  4.90623e-11  2.95769e-11  8.41162e-11  2.12601e-11  
2.00529e-11  2.34112e-10  1.10181e-10  5.17049e-10  6.7096e-11  4.96835e-11  4.91923e-12  7.92738e-16  5.05553e-11  2.42779e-10  
8.33828e-11  4.80069e-10  3.53491e-11  1.44266e-10  9.28876e-11  1.71008e-11  1.80834e-12  1.58023e-10  1.49522e-10  3.58842e-10  
4.94242e-11  1.72577e-10  3.98303e-11  1.84358e-12  3.63939e-11  9.68974e-11  3.07771e-11  2.91171e-10  5.94387e-11  2.82215e-10  
9.60273e-12  7.21169e-11  4.41999e-11  1.72393e-11  5.8853e-11  2.90315e-11  9.77108e-12  2.10541e-10  8.52472e-11  3.55841e-10  
1.11518e-10  3.71275e-10  1.58411e-10  5.3601e-10  2.13444e-10  9.24679e-10  3.97804e-10  1.41195e-10  8.08976e-10  1.95852e-10  
8.01172e-11  3.29564e-09  4.21154e-09  6.92166e-08  1.01391e-09  1.32974e-13  3.54967e-09  
3.07739e-21  4.76881e-18  8.28774e-29  1.51664e-40  0.175577  6.11922e-24  2.07453e-32  0  0.0224646  1.02594e-10  2.10253e-05  
4.26374e-15  1.26865e-09  1.80837e-07  4.43535e-28  4.81572e-23  0.000759559  4.16009e-07  2.26204e-07  3.31176e-20  1.3206e-19  
3.36123e-13  6.97495e-07  4.27596e-17  6.22449e-29  1.15514e-05  3.61813e-07  0.000661564  1.30863e-15  3.87635e-23  2.84531e-13  
2.85459e-06  1.6253e-12  2.5491e-27  5.77158e-06  6.17307e-07  4.93376e-07  3.84135e-17  9.18927e-20  1.01238e-08  3.15868e-23  
1.51184e-06  8.25784e-16  3.2358e-24  4.91781e-06  2.72447e-07  3.69226e-07  1.95246e-07  2.25231e-12  7.08493e-14  1.72737e-06  
3.30636e-08  1.51407e-07  1.9422e-12  8.25618e-09  1.15359e-08  1.02118e-09  6.19925e-08  2.08648e-07  3.65328e-11  1.08036e-07  
1.1066e-08  6.41606e-09  1.09661e-08  1.17479e-09  2.97322e-09  1.91661e-07  2.69162e-09  6.91195e-09  1.49244e-09  8.23951e-09  
1.02887e-11  2.22957e-09  2.85371e-14  4.85051e-10  1.02309e-09  1.83886e-12  2.21947e-14  6.1915e-19  1.07693e-09  6.35732e-10  
3.6189e-09  3.61878e-09  1.04705e-08  6.91707e-10  3.93272e-08  3.86023e-09  1.27032e-08  3.7473e-08  9.06724e-08  6.53906e-09  
3.26058e-06  4.19266e-07  6.12561e-07  2.07172e-10  2.39045e-08  1.44817e-07  1.91317e-08  5.12133e-08  1.24594e-08  8.78359e-08  
4.35657e-08  8.0428e-08  4.31358e-08  6.16676e-08  3.95843e-09  7.72754e-14  9.28368e-09  1.69715e-09  2.23724e-11  7.6077e-09  
1.5608e-09  8.10384e-09  1.57204e-15  4.59897e-11  1.22961e-09  4.31822e-16  1.16924e-09  1.9797e-09  9.88225e-13  1.95233e-09  
5.4985e-10  2.48366e-09  2.25703e-10  8.05484e-10  3.19444e-10  2.07794e-09  4.54859e-10  2.71044e-09  1.25764e-13  1.59495e-19  
3.6016e-10  2.06282e-12  1.34986e-12  1.43736e-09  4.72119e-10  3.6129e-09  5.31302e-10  3.10139e-15  5.0251e-09  4.69458e-10  
1.15259e-12  7.43246e-10  1.11323e-09  5.42034e-10  1.86984e-08  3.63532e-12  2.59361e-10  6.39502e-09  2.28791e-13  1.8935e-13  
7.34586e-09  1.97277e-09  3.43118e-09  1.25517e-09  4.67881e-09  5.28797e-12  1.13913e-09  1.73404e-13  1.76169e-13  3.15502e-12  
2.27997e-13  5.39033e-10  1.2217e-09  4.22696e-10  1.27965e-09  1.57831e-10  7.38698e-15  5.54299e-10  1.16841e-10  6.9904e-10  
1.15925e-10  3.69982e-10  9.30891e-11  4.22282e-10  8.30368e-11  5.33947e-10  9.07576e-15  1.09484e-21  1.34011e-10  1.35333e-13  
9.36679e-15  4.63814e-10  1.54037e-10  5.95381e-10  1.75033e-10  8.92057e-10  1.71586e-10  1.3418e-09  3.9262e-10  1.9632e-09  
5.75709e-10  3.37789e-09  2.40926e-10  4.20087e-10  1.54135e-10  8.09604e-10  2.71485e-10  1.49914e-09  1.95641e-10  5.93934e-16  
3.67718e-14  4.69646e-10  1.83102e-10  9.56184e-10  3.62476e-10  1.90187e-09  3.25941e-13  2.55946e-10  2.48679e-10  2.34226e-12  
2.42594e-10  2.76312e-13  5.21789e-10  5.75599e-10  1.814e-10  1.81742e-09  1.5881e-09  2.35785e-08  2.83041e-09  8.13942e-09  
1.58955e-12  4.48674e-10  7.45326e-10  2.07697e-09  3.2454e-10  1.01611e-09  1.83196e-10  9.19037e-10  4.47475e-13  8.00956e-11  
5.50733e-11  1.041e-13  4.80679e-11  2.659e-10  4.0333e-11  1.86477e-10  2.68781e-11  1.59717e-10  2.06815e-13  1.03362e-13  
3.01405e-11  3.54624e-13  2.01265e-12  2.68833e-15  1.92149e-16  6.95348e-11  2.56713e-11  1.11356e-10  5.16107e-11  2.13492e-10  
2.42776e-14  7.23849e-12  4.51059e-11  2.97004e-13  7.86116e-15  7.69518e-11  3.51726e-11  1.57771e-10  6.63214e-11  3.24443e-10  
5.99892e-11  1.36574e-10  5.43007e-11  2.12096e-10  3.68965e-13  4.10337e-11  5.02451e-11  5.86304e-12  2.13754e-11  6.66949e-11  
6.08924e-11  2.41675e-10  1.0917e-10  5.23091e-10  6.78502e-11  5.05795e-11  2.76811e-13  1.47578e-16  5.3706e-11  2.52125e-10  
8.59435e-11  4.85787e-10  1.82498e-12  1.06747e-10  1.03792e-10  1.34825e-12  4.06836e-14  2.2693e-10  1.43731e-10  3.62914e-10  
3.63341e-12  1.33313e-10  6.14531e-11  1.58061e-13  2.90573e-11  1.52865e-10  4.41894e-11  2.97899e-10  5.9622e-11  2.92291e-10  
6.02854e-13  4.688e-11  5.4012e-11  3.05425e-12  3.66813e-11  8.00213e-11  2.24639e-11  2.11525e-10  8.62439e-11  3.67188e-10  
1.15507e-10  3.86484e-10  1.63605e-10  5.40534e-10  2.15449e-10  9.1899e-10  4.11007e-10  9.94324e-11  7.76726e-10  2.59894e-10  
9.72881e-11  3.3063e-09  4.22955e-09  6.92831e-08  1.04841e-09  7.43901e-15  3.55746e-09  
1.17885e-21  2.74742e-18  2.31656e-29  0  0.174805  6.06839e-24  1.74015e-33  0  0.0227145  6.24689e-11  2.09396e-05  
1.1243e-15  4.52142e-09  1.53284e-07  4.16976e-29  4.54746e-23  0.000765131  3.4434e-07  1.30295e-07  5.5574e-21  4.40073e-20  
3.19829e-13  7.21686e-07  1.35644e-17  2.16339e-29  1.16216e-05  3.72833e-07  0.000661705  3.92215e-16  1.26095e-23  1.39384e-13  
2.86792e-06  3.46279e-13  4.16271e-28  5.77001e-06  6.38708e-07  4.99971e-07  8.48742e-18  3.07529e-20  8.61929e-09  9.07239e-24  
1.50954e-06  2.27721e-16  8.94816e-25  4.91825e-06  2.73485e-07  3.71509e-07  1.95616e-07  4.59133e-13  1.33837e-14  1.72526e-06  
3.3295e-08  1.51502e-07  3.30168e-13  8.3021e-09  1.14953e-08  1.02986e-09  6.27795e-08  2.07849e-07  7.41345e-12  1.08389e-07  
1.09474e-08  6.45595e-09  1.11234e-08  1.18668e-09  2.97573e-09  1.91178e-07  2.69648e-09  6.93345e-09  1.49996e-09  8.24504e-09  
1.47369e-12  2.24135e-09  6.06151e-15  4.84878e-10  1.03031e-09  3.70061e-13  4.66012e-15  2.76857e-20  1.08324e-09  6.32592e-10  
3.5824e-09  3.64085e-09  1.04934e-08  6.88973e-10  3.92243e-08  3.85967e-09  1.27859e-08  4.29537e-08  8.9344e-08  1.5226e-09  
3.24942e-06  4.23321e-07  6.17209e-07  4.08109e-11  2.38534e-08  1.45931e-07  8.50709e-09  5.04374e-08  1.26465e-08  9.97393e-08  
4.37191e-08  8.10675e-08  4.13338e-08  6.21528e-08  5.96611e-09  2.45015e-14  9.40408e-09  1.72476e-09  3.22004e-12  7.64533e-09  
1.5689e-09  8.13725e-09  3.34171e-16  4.58759e-11  1.23192e-09  9.14846e-17  1.17686e-09  1.98065e-09  2.06241e-13  1.95618e-09  
5.50433e-10  2.48725e-09  2.25816e-10  8.0627e-10  3.19412e-10  2.08058e-09  4.55567e-10  2.71308e-09  1.04015e-13  2.83039e-20  
3.60396e-10  1.86387e-12  1.25863e-12  1.43534e-09  4.71096e-10  3.61496e-09  3.43339e-10  6.4684e-16  5.03235e-09  6.39612e-10  
3.27116e-13  7.41988e-10  1.13894e-09  5.50565e-10  1.86748e-08  7.07859e-13  2.15153e-10  6.39659e-09  8.91671e-14  2.96984e-14  
7.38567e-09  1.97366e-09  3.43279e-09  1.25541e-09  4.67702e-09  9.90814e-13  1.13422e-09  1.58268e-13  1.6217e-13  5.55905e-13  
2.18443e-13  5.34571e-10  1.22824e-09  4.25991e-10  1.28972e-09  1.59228e-10  9.2455e-15  5.57389e-10  1.17649e-10  7.01085e-10  
1.16693e-10  3.70161e-10  9.34492e-11  4.21755e-10  8.32303e-11  5.33128e-10  1.62584e-14  5.32589e-22  1.34355e-10  1.27957e-13  
1.78716e-15  4.62465e-10  1.54113e-10  5.94147e-10  1.75032e-10  8.90703e-10  1.71647e-10  1.33955e-09  3.91892e-10  1.96338e-09  
5.75717e-10  3.37839e-09  2.41189e-10  4.19336e-10  1.54092e-10  8.09375e-10  2.71626e-10  1.49963e-09  1.95876e-10  1.24322e-16  
3.5877e-15  4.69774e-10  1.83219e-10  9.55538e-10  3.62109e-10  1.90205e-09  6.88812e-14  2.53845e-10  2.48221e-10  5.50279e-13  
2.2855e-10  5.46682e-14  4.37726e-10  5.89365e-10  1.86491e-10  1.82248e-09  1.66514e-09  2.35934e-08  2.8314e-09  8.14047e-09  
3.19677e-13  4.43624e-10  7.45947e-10  2.0843e-09  3.2495e-10  1.01771e-09  1.82939e-10  9.19587e-10  9.33814e-14  7.55275e-11  
1.68769e-11  6.82703e-15  8.17421e-11  2.77698e-10  4.02491e-11  1.8585e-10  2.57997e-11  1.5932e-10  8.0205e-13  3.18185e-13  
3.03514e-11  8.92685e-14  3.9165e-13  2.23466e-14  5.03977e-16  7.15706e-11  2.66632e-11  1.11961e-10  5.14349e-11  2.13426e-10  
5.07519e-15  6.73815e-12  4.48622e-11  7.20549e-14  1.03978e-15  7.8142e-11  3.49038e-11  1.57547e-10  6.57784e-11  3.23963e-10  
5.97481e-11  1.36601e-10  5.3978e-11  2.12348e-10  7.69988e-14  3.7935e-11  4.98893e-11  1.15676e-12  2.48141e-12  7.7505e-11  
7.10248e-11  2.44247e-10  1.09342e-10  5.24268e-10  6.77613e-11  5.06047e-11  5.85486e-14  1.12337e-16  5.37646e-11  2.53482e-10  
8.60711e-11  4.87329e-10  3.59006e-13  1.00213e-10  1.02324e-10  2.81754e-13  7.41911e-15  2.36991e-10  1.42794e-10  3.62787e-10  
6.82146e-13  1.2497e-10  6.12358e-11  3.29322e-14  2.73458e-11  1.61088e-10  4.67555e-11  3.0065e-10  5.96233e-11  2.93836e-10  
1.26203e-13  4.31904e-11  5.43816e-11  6.29561e-13  3.16683e-11  9.1286e-11  2.45347e-11  2.10622e-10  8.6092e-11  3.68655e-10  
1.15743e-10  3.8911e-10  1.64411e-10  5.4174e-10  2.15533e-10  9.189e-10  4.11678e-10  3.59817e-11  7.66081e-10  3.30956e-10  
1.02241e-10  3.30817e-09  4.23232e-09  6.9294e-08  1.05315e-09  1.61253e-15  3.55872e-09  
3.85749e-22  1.54895e-18  5.02644e-30  0  0.174461  6.04444e-24  2.65763e-34  0  0.0228249  4.48581e-11  2.08801e-05  
3.37072e-16  9.83081e-09  1.44114e-07  2.6138e-30  1.9521e-23  0.000768214  3.17626e-07  1.2896e-07  1.35384e-21  1.12006e-20  
3.0383e-13  7.29533e-07  3.55459e-18  3.12768e-30  1.16473e-05  3.77029e-07  0.00066175  1.03638e-16  2.81992e-24  6.27555e-14  
2.87253e-06  1.52815e-13  4.16043e-29  5.76961e-06  6.44311e-07  5.02063e-07  2.32997e-18  6.75657e-21  8.15504e-09  1.42692e-24  
1.50873e-06  6.13466e-17  1.7628e-25  4.91845e-06  2.73802e-07  3.72303e-07  1.95757e-07  1.91798e-13  5.34051e-15  1.72455e-06  
3.33426e-08  1.51535e-07  1.31771e-13  8.31799e-09  1.14804e-08  1.03319e-09  6.30493e-08  2.0757e-07  3.12257e-12  1.08514e-07  
1.07368e-08  6.46995e-09  1.13478e-08  1.19098e-09  2.97675e-09  1.91008e-07  2.69735e-09  6.94122e-09  1.50234e-09  8.24731e-09  
5.83931e-13  2.24538e-09  2.60317e-15  4.84817e-10  1.03045e-09  1.56372e-13  1.9849e-15  5.12278e-21  1.08541e-09  6.31399e-10  
3.56964e-09  3.64851e-09  1.05016e-08  6.87741e-10  3.91894e-08  3.8574e-09  1.28156e-08  4.42986e-08  8.8877e-08  3.48091e-10  
3.24568e-06  4.24541e-07  6.18862e-07  1.70547e-11  2.38354e-08  1.4628e-07  3.24246e-09  5.0172e-08  1.27008e-08  1.05517e-07  
4.37127e-08  8.12874e-08  3.90626e-08  6.23325e-08  8.30109e-09  1.49442e-14  9.44206e-09  1.74573e-09  1.25729e-12  7.65843e-09  
1.57174e-09  8.14887e-09  1.24638e-16  4.58362e-11  1.2332e-09  2.88161e-17  1.17909e-09  1.98105e-09  8.76082e-14  1.95769e-09  
5.505e-10  2.48864e-09  2.25825e-10  8.06676e-10  3.19398e-10  2.08144e-09  4.55752e-10  2.71404e-09  1.04052e-13  8.73127e-21  
3.6045e-10  1.7987e-12  1.2274e-12  1.43492e-09  4.70299e-10  3.61592e-09  2.02483e-10  2.76755e-16  5.0335e-09  7.69818e-10  
1.67757e-13  7.41528e-10  1.15331e-09  5.53691e-10  1.86665e-08  2.97026e-13  1.74185e-10  6.39651e-09  5.9117e-14  1.00236e-14  
7.42532e-09  1.97364e-09  3.43338e-09  1.25547e-09  4.6766e-09  4.10631e-13  1.13246e-09  1.56796e-13  1.57633e-13  2.27229e-13  
2.15229e-13  5.31729e-10  1.22998e-09  4.27244e-10  1.29331e-09  1.59768e-10  1.28713e-14  5.58464e-10  1.1798e-10  7.01764e-10  
1.17067e-10  3.70184e-10  9.3651e-11  4.21518e-10  8.33577e-11  5.32787e-10  2.51522e-14  2.18646e-22  1.34586e-10  1.26417e-13  
6.18982e-16  4.61874e-10  1.54221e-10  5.9361e-10  1.75079e-10  8.90179e-10  1.71736e-10  1.33874e-09  3.91667e-10  1.96328e-09  
5.75836e-10  3.37852e-09  2.41375e-10  4.19012e-10  1.54108e-10  8.09276e-10  2.71718e-10  1.49969e-09  1.95984e-10  4.19612e-17  
2.49775e-16  4.69829e-10  1.8329e-10  9.55318e-10  3.61895e-10  1.90216e-09  2.95458e-14  2.53113e-10  2.48038e-10  2.14678e-13  
2.2375e-10  2.28925e-14  3.57948e-10  5.93831e-10  1.8816e-10  1.82418e-09  1.74176e-09  2.35993e-08  2.8318e-09  8.14083e-09  
1.34586e-13  4.41871e-10  7.45798e-10  2.08695e-09  3.25004e-10  1.01839e-09  1.82747e-10  9.1993e-10  3.96372e-14  7.39937e-11  
5.42647e-12  9.43899e-16  9.10439e-11  2.81988e-10  4.02658e-11  1.85805e-10  2.45999e-11  1.58983e-10  1.67485e-12  5.14702e-13  
3.05177e-11  3.55516e-14  7.89826e-14  6.84977e-14  7.12249e-16  7.21994e-11  2.68398e-11  1.12221e-10  5.13271e-11  2.13482e-10  
2.20622e-15  6.57184e-12  4.4783e-11  2.86849e-14  3.89592e-16  7.84808e-11  3.47838e-11  1.57563e-10  6.55348e-11  3.2382e-10  
5.96296e-11  1.36637e-10  5.38012e-11  2.1252e-10  3.26565e-14  3.69072e-11  4.96982e-11  4.75495e-13  4.40188e-13  8.01309e-11  
7.0477e-11  2.44766e-10  1.09328e-10  5.24763e-10  6.76827e-11  5.0599e-11  2.50836e-14  1.02412e-16  5.37622e-11  2.53989e-10  
8.60434e-11  4.87962e-10  1.49709e-13  9.75231e-11  1.0161e-10  1.24556e-13  3.03606e-15  2.4049e-10  1.42541e-10  3.62741e-10  
2.82261e-13  1.22179e-10  6.09302e-11  1.39364e-14  2.67611e-11  1.63361e-10  4.75375e-11  3.01733e-10  5.95818e-11  2.94427e-10  
5.35716e-14  4.19961e-11  5.43716e-11  2.64239e-13  3.19597e-11  9.45193e-11  2.35773e-11  2.10195e-10  8.59972e-11  3.6913e-10  
1.15741e-10  3.90077e-10  1.64679e-10  5.42231e-10  2.15515e-10  9.19019e-10  4.11659e-10  1.15721e-11  7.61075e-10  3.58926e-10  
1.04506e-10  3.30886e-09  4.2333e-09  6.9298e-08  1.05466e-09  7.04672e-16  3.55918e-09  
1.55943e-22  1.02119e-18  1.3734e-30  0  0.174349  6.036e-24  1.72314e-35  0  0.0228607  3.03554e-11  2.08482e-05  
1.06984e-16  1.76604e-08  1.4149e-07  1.77058e-31  8.32406e-24  0.000769413  3.09213e-07  1.35231e-07  4.52637e-22  3.59088e-21  
1.53687e-13  7.31761e-07  1.19048e-18  3.36148e-31  1.16553e-05  3.78369e-07  0.000661765  3.50859e-17  8.23864e-25  2.77194e-14  
2.8739e-06  4.3167e-14  5.21181e-30  5.76953e-06  6.45468e-07  5.02589e-07  6.95472e-19  1.89136e-21  8.01959e-09  2.95788e-25  
1.50849e-06  2.04867e-17  4.68767e-26  4.91852e-06  2.73885e-07  3.72537e-07  1.95802e-07  4.92617e-14  1.29128e-15  1.72435e-06  
3.33496e-08  1.51544e-07  3.25951e-14  8.32265e-09  1.1476e-08  1.03428e-09  6.3131e-08  2.07487e-07  8.20219e-13  1.08551e-07  
1.05631e-08  6.47408e-09  1.15256e-08  1.19233e-09  2.97712e-09  1.90957e-07  2.69746e-09  6.94359e-09  1.50299e-09  8.24805e-09  
1.49411e-13  2.24662e-09  6.92698e-16  4.84799e-10  1.03061e-09  4.1364e-14  5.22555e-16  3.67063e-22  1.08611e-09  6.31013e-10  
3.56583e-09  3.65082e-09  1.05041e-08  6.87304e-10  3.91792e-08  3.85622e-09  1.28246e-08  4.45774e-08  8.87367e-08  1.2078e-10  
3.24461e-06  4.24862e-07  6.19357e-07  4.43059e-12  2.383e-08  1.46387e-07  1.52259e-09  5.00941e-08  1.27148e-08  1.07397e-07  
4.37024e-08  8.13517e-08  3.73454e-08  6.23883e-08  1.00349e-08  5.0841e-15  9.45371e-09  1.75497e-09  3.42731e-13  7.66226e-09  
1.57259e-09  8.15229e-09  3.75767e-17  4.58243e-11  1.2337e-09  8.73491e-18  1.17973e-09  1.98117e-09  2.30959e-14  1.95817e-09  
5.50485e-10  2.48909e-09  2.25818e-10  8.06832e-10  3.1939e-10  2.08168e-09  4.5579e-10  2.71434e-09  1.08323e-13  2.7912e-21  
3.60457e-10  1.77953e-12  1.21828e-12  1.43486e-09  4.69947e-10  3.61627e-09  1.33911e-10  7.95546e-17  5.0336e-09  8.3437e-10  
4.82335e-14  7.41382e-10  1.15871e-09  5.54632e-10  1.86641e-08  7.79996e-14  1.48325e-10  6.39659e-09  4.15975e-14  2.22956e-15  
7.45086e-09  1.97357e-09  3.43356e-09  1.25548e-09  4.67652e-09  1.06373e-13  1.13193e-09  1.5865e-13  1.56333e-13  5.82475e-14  
2.14296e-13  5.31066e-10  1.23046e-09  4.27658e-10  1.29439e-09  1.59944e-10  1.60148e-14  5.58771e-10  1.18092e-10  7.01947e-10  
1.17212e-10  3.70168e-10  9.37346e-11  4.21425e-10  8.34137e-11  5.32664e-10  3.22676e-14  9.20591e-23  1.3469e-10  1.26184e-13  
2.02751e-16  4.61658e-10  1.54279e-10  5.93419e-10  1.7511e-10  8.90008e-10  1.71784e-10  1.33849e-09  3.9161e-10  1.96321e-09  
5.75902e-10  3.37854e-09  2.4146e-10  4.18892e-10  1.54123e-10  8.09244e-10  2.71757e-10  1.49968e-09  1.96025e-10  1.22407e-17  
2.61135e-17  4.69845e-10  1.83321e-10  9.5525e-10  3.61808e-10  1.9022e-09  7.8856e-15  2.52895e-10  2.47992e-10  5.41075e-14  
2.2231e-10  6.06618e-15  3.06975e-10  5.95247e-10  1.88637e-10  1.8247e-09  1.79164e-09  2.36013e-08  2.83192e-09  8.14094e-09  
3.53194e-14  4.4135e-10  7.45769e-10  2.08776e-09  3.24998e-10  1.01862e-09  1.82662e-10  9.20072e-10  1.0435e-14  7.35369e-11  
2.18645e-12  1.02108e-16  9.35768e-11  2.83323e-10  4.02549e-11  1.85819e-10  2.36128e-11  1.58878e-10  2.50163e-12  5.52586e-13  
3.06007e-11  9.2209e-15  2.3891e-14  1.18239e-13  3.49744e-16  7.24079e-11  2.68627e-11  1.12307e-10  5.12745e-11  2.13518e-10  
6.06206e-16  6.52256e-12  4.47576e-11  7.41707e-15  9.65188e-17  7.85951e-11  3.4732e-11  1.5759e-10  6.54424e-11  3.2379e-10  
5.95839e-11  1.36658e-10  5.3727e-11  2.12599e-10  8.57552e-15  3.66008e-11  4.96346e-11  1.23406e-13  1.31778e-13  8.11016e-11  
7.00288e-11  2.44884e-10  1.093e-10  5.2493e-10  6.76427e-11  5.05942e-11  6.69015e-15  9.95756e-17  5.37712e-11  2.54159e-10  
8.60139e-11  4.88174e-10  3.87975e-14  9.64031e-11  1.0142e-10  3.94908e-14  7.86829e-16  2.41913e-10  1.42454e-10  3.62729e-10  
7.30074e-14  1.21341e-10  6.09582e-11  3.67094e-15  2.65858e-11  1.64024e-10  4.77548e-11  3.02079e-10  5.95479e-11  2.94618e-10  
1.40876e-14  4.1647e-11  5.43668e-11  6.9236e-14  3.31907e-11  9.56015e-11  2.21768e-11  2.10024e-10  8.59614e-11  3.69269e-10  
1.15717e-10  3.90379e-10  1.64754e-10  5.42389e-10  2.15497e-10  9.19089e-10  4.11595e-10  4.83166e-12  7.59449e-10  3.66836e-10  
1.0524e-10  3.30908e-09  4.2336e-09  6.92991e-08  1.05507e-09  1.93275e-16  3.55931e-09  
8.39399e-23  8.56134e-19  4.8973e-31  0  0.174319  6.03335e-24  1.80567e-36  0  0.0228701  2.22195e-11  2.08293e-05  
4.21369e-17  2.69798e-08  1.40883e-07  1.22962e-32  3.45185e-24  0.000769843  3.06992e-07  1.40396e-07  1.98867e-22  1.41609e-21  
7.78225e-14  7.32269e-07  5.26442e-19  3.8376e-32  1.16574e-05  3.78731e-07  0.000661769  1.58453e-17  2.93094e-25  1.2467e-14  
2.87424e-06  1.81716e-14  7.7909e-31  5.76951e-06  6.4563e-07  5.02692e-07  2.75431e-19  6.14628e-22  7.98602e-09  6.76054e-26  
1.50843e-06  9.15409e-18  1.47555e-26  4.91854e-06  2.73903e-07  3.72594e-07  1.95815e-07  1.98591e-14  4.96661e-16  1.7243e-06  
3.33487e-08  1.51546e-07  1.28235e-14  8.32379e-09  1.14748e-08  1.03458e-09  6.31514e-08  2.07466e-07  3.38779e-13  1.08561e-07  
1.04249e-08  6.47513e-09  1.16649e-08  1.19268e-09  2.97728e-09  1.90944e-07  2.6974e-09  6.94421e-09  1.50313e-09  8.24827e-09  
6.00263e-14  2.24694e-09  2.85684e-16  4.84795e-10  1.03062e-09  1.71933e-14  2.15313e-16  6.32681e-23  1.0863e-09  6.30904e-10  
3.56487e-09  3.6514e-09  1.05048e-08  6.87167e-10  3.91768e-08  3.85574e-09  1.28269e-08  4.46605e-08  8.87009e-08  5.06749e-11  
3.24436e-06  4.24928e-07  6.19482e-07  1.81358e-12  2.38286e-08  1.46412e-07  8.21376e-10  5.00749e-08  1.27173e-08  1.0814e-07  
4.36987e-08  8.13675e-08  3.60383e-08  6.24029e-08  1.13461e-08  2.39803e-15  9.4566e-09  1.75794e-09  1.39822e-13  7.66321e-09  
1.5728e-09  8.15313e-09  1.47657e-17  4.58213e-11  1.23387e-09  3.47677e-18  1.17987e-09  1.98121e-09  9.53331e-15  1.9583e-09  
5.50467e-10  2.48921e-09  2.25811e-10  8.06885e-10  3.19387e-10  2.08173e-09  4.55792e-10  2.71442e-09  1.13136e-13  1.1809e-21  
3.60456e-10  1.77473e-12  1.21605e-12  1.43488e-09  4.69813e-10  3.61639e-09  9.64245e-11  3.21384e-17  5.03359e-09  8.70715e-10  
2.09342e-14  7.41343e-10  1.16022e-09  5.5487e-10  1.86635e-08  3.22139e-14  1.30937e-10  6.39659e-09  3.48234e-14  8.10674e-16  
7.46819e-09  1.97352e-09  3.43361e-09  1.25548e-09  4.67652e-09  4.34747e-14  1.13179e-09  1.61109e-13  1.56008e-13  2.36059e-14  
2.1408e-13  5.30871e-10  1.23057e-09  4.27779e-10  1.29467e-09  1.59994e-10  1.8637e-14  5.58843e-10  1.18126e-10  7.01985e-10  
1.17263e-10  3.70152e-10  9.37662e-11  4.21391e-10  8.3434e-11  5.32624e-10  3.82886e-14  4.79144e-23  1.34731e-10  1.26175e-13  
8.23266e-17  4.61586e-10  1.54305e-10  5.93358e-10  1.75125e-10  8.89957e-10  1.71805e-10  1.33842e-09  3.91601e-10  1.96317e-09  
5.75931e-10  3.37854e-09  2.41495e-10  4.1885e-10  1.54131e-10  8.09233e-10  2.71772e-10  1.49967e-09  1.9604e-10  4.66204e-18  
3.07058e-18  4.69848e-10  1.83333e-10  9.55232e-10  3.61778e-10  1.90222e-09  3.2734e-15  2.52841e-10  2.4798e-10  1.85684e-14  
2.21943e-10  2.52742e-15  2.72435e-10  5.95608e-10  1.8875e-10  1.82483e-09  1.82587e-09  2.36018e-08  2.83196e-09  8.14097e-09  
1.45822e-14  4.41219e-10  7.45747e-10  2.08798e-09  3.24987e-10  1.01869e-09  1.8263e-10  9.20123e-10  4.30166e-15  7.34224e-11  
9.66105e-13  1.88116e-17  9.46041e-11  2.83666e-10  4.02411e-11  1.85835e-10  2.27711e-11  1.589e-10  3.28042e-12  5.13104e-13  
3.06178e-11  3.16008e-15  9.16728e-15  1.56984e-13  1.96072e-16  7.24601e-11  2.68705e-11  1.12333e-10  5.12518e-11  2.13536e-10  
2.50191e-16  6.51027e-12  4.47493e-11  2.59185e-15  3.92358e-17  7.8626e-11  3.47105e-11  1.57607e-10  6.54104e-11  3.23789e-10  
5.95679e-11  1.36667e-10  5.36984e-11  2.12633e-10  3.52327e-15  3.65239e-11  4.96093e-11  5.02265e-14  5.05658e-14  8.13404e-11  
6.99207e-11  2.44911e-10  1.09282e-10  5.2498e-10  6.7625e-11  5.05926e-11  2.78219e-15  9.8886e-17  5.37741e-11  2.54209e-10  
8.59974e-11  4.88237e-10  1.58501e-14  9.58322e-11  1.01357e-10  2.29115e-14  3.21317e-16  2.42564e-10  1.42426e-10  3.62729e-10  
2.97815e-14  1.21132e-10  6.09687e-11  1.50135e-15  2.65421e-11  1.6418e-10  4.78013e-11  3.02174e-10  5.95292e-11  2.94674e-10  
5.80685e-15  4.15607e-11  5.43549e-11  2.84831e-14  3.44934e-11  9.58733e-11  2.0838e-11  2.09975e-10  8.5951e-11  3.69303e-10  
1.15702e-10  3.9046e-10  1.64771e-10  5.42433e-10  2.15487e-10  9.19118e-10  4.11558e-10  2.32363e-12  7.59031e-10  3.69654e-10  
1.05432e-10  3.30914e-09  4.23367e-09  6.92994e-08  1.05516e-09  8.21769e-17  3.55935e-09  
  10 1.31069e+09 1.31069e+09 1.74989 0.614913 125300 207.98 0.023418
3.81634e-25  9.47472e-20  8.37029e-28  0  0.16806  5.69248e-24  2.98638e-36  0  0.0247607  4.81426e-12  2.52456e-10  
3.06339e-17  1.65515e-05  1.3553e-07  2.51482e-33  2.91691e-22  0.000915121  2.67492e-07  2.51206e-06  4.57643e-22  8.04738e-22  
1.69216e-12  7.37588e-07  7.36348e-20  1.49194e-31  1.16924e-05  3.86183e-07  0.000663694  2.52085e-18  1.00038e-25  9.23205e-16  
2.87938e-06  1.63818e-15  1.16978e-32  5.77051e-06  6.44863e-07  5.04786e-07  4.10152e-20  1.09508e-22  6.69821e-09  4.48969e-27  
1.50745e-06  1.50944e-18  2.23199e-27  4.91928e-06  2.73813e-07  3.73356e-07  1.96162e-07  1.21647e-15  2.45251e-17  1.72378e-06  
3.30735e-08  1.51577e-07  7.91301e-16  8.34049e-09  1.14541e-08  7.83278e-10  6.34737e-08  2.07383e-07  2.43754e-14  1.08692e-07  
1.56728e-12  6.47088e-09  2.21087e-08  1.22169e-09  4.52636e-09  1.90733e-07  1.1719e-09  6.95659e-09  1.50266e-09  8.25511e-09  
3.85969e-15  2.25238e-09  1.95561e-17  4.84724e-10  1.02723e-09  1.27329e-15  1.4454e-17  3.33688e-25  1.09015e-09  6.27919e-10  
3.55099e-09  3.6596e-09  1.05167e-08  6.82418e-10  3.91466e-08  3.82882e-09  1.28741e-08  4.4882e-08  8.80732e-08  1.11761e-12  
3.24159e-06  4.24704e-07  6.21559e-07  1.28325e-13  2.30315e-08  1.55306e-07  3.89259e-12  4.98228e-08  4.09022e-09  1.10462e-07  
4.3574e-08  8.15503e-08  1.03498e-11  6.28468e-08  4.70769e-08  8.68673e-16  9.50075e-09  2.10252e-09  1.08489e-14  7.68179e-09  
1.57627e-09  8.16431e-09  2.44539e-18  4.57729e-11  1.24146e-09  6.23342e-19  1.17994e-09  1.98242e-09  6.74045e-16  1.96135e-09  
5.4909e-10  2.49217e-09  2.25317e-10  8.09187e-10  3.19274e-10  2.08195e-09  3.40887e-10  2.71469e-09  1.13195e-10  2.15851e-19  
3.60399e-10  4.34889e-12  9.1229e-13  1.43818e-09  4.63224e-10  3.62049e-09  6.68302e-14  3.15835e-18  5.03239e-09  9.44498e-10  
1.66309e-15  7.40304e-10  1.18775e-09  5.59444e-10  1.86544e-08  2.31066e-15  9.74443e-20  6.39451e-09  1.31965e-16  6.93044e-22  
7.60052e-09  1.97005e-09  3.43431e-09  1.18706e-09  4.67803e-09  3.08667e-15  1.12914e-09  6.84447e-11  2.95146e-13  1.67569e-15  
8.79528e-13  5.2658e-10  1.22954e-09  4.31291e-10  1.29917e-09  1.08791e-10  5.32934e-11  5.59435e-10  1.18926e-10  7.01956e-10  
1.19225e-10  3.6934e-10  9.47811e-11  4.20276e-10  7.35882e-11  5.29812e-10  1.15531e-11  2.26682e-21  1.36375e-10  1.13267e-12  
3.74568e-17  4.59259e-10  1.55457e-10  5.9138e-10  1.76064e-10  8.88427e-10  1.72851e-10  1.33674e-09  3.9246e-10  1.96042e-09  
5.77815e-10  3.37739e-09  2.43894e-10  4.17353e-10  1.54458e-10  8.08711e-10  2.72632e-10  1.49866e-09  1.9665e-10  7.13401e-19  
4.81411e-22  4.70064e-10  1.8395e-10  9.54787e-10  3.60414e-10  1.90313e-09  2.38255e-16  2.51979e-10  2.47677e-10  3.36605e-15  
2.08057e-10  1.76407e-16  6.16594e-20  6.01308e-10  1.97728e-10  1.82676e-09  2.08989e-09  2.36131e-08  2.83261e-09  8.14219e-09  
1.04286e-15  4.39171e-10  7.43901e-10  2.09229e-09  3.23929e-10  1.02055e-09  1.81573e-10  9.22219e-10  3.03562e-16  7.17e-11  
2.30923e-14  3.34962e-20  9.26099e-11  2.879e-10  3.95204e-11  1.86844e-10  2.28379e-13  1.57806e-10  2.26502e-11  1.21572e-13  
3.08753e-11  7.21444e-16  1.34622e-18  3.86934e-12  3.45146e-16  7.31936e-11  2.70938e-11  1.13153e-10  5.05791e-11  2.14183e-10  
1.96302e-17  6.33446e-12  4.46048e-11  4.67405e-16  2.70238e-18  7.90625e-11  3.42463e-11  1.58174e-10  6.46408e-11  3.24034e-10  
5.91613e-11  1.36883e-10  5.27969e-11  2.13907e-10  2.45185e-16  3.53774e-11  4.9006e-11  3.48616e-15  1.61761e-15  8.33807e-11  
6.86127e-11  2.44484e-10  1.08304e-10  5.26138e-10  6.68986e-11  5.03415e-11  2.04276e-16  2.04682e-16  5.38586e-11  2.55381e-10  
8.53766e-11  4.89884e-10  1.10158e-15  1.8537e-11  9.94646e-11  1.24721e-15  4.37587e-18  3.19021e-10  1.43408e-10  3.6294e-10  
2.15632e-15  1.18114e-10  6.17897e-11  1.04629e-16  2.59103e-11  1.65451e-10  4.80351e-11  3.04032e-10  5.8903e-11  2.95955e-10  
4.12644e-16  4.04483e-11  5.36576e-11  2.07165e-15  5.62338e-11  9.91911e-11  1.26388e-13  2.08521e-10  8.5689e-11  3.69486e-10  
1.14703e-10  3.91577e-10  1.65046e-10  5.43719e-10  2.15152e-10  9.20342e-10  4.09438e-10  2.78957e-14  7.53027e-10  3.77479e-10  
1.08496e-10  3.31039e-09  4.2355e-09  6.93043e-08  1.0554e-09  6.72178e-18  3.56002e-09  
1.92155e-23  2.82968e-14  5.22581e-24  3.31271e-30  0.174209  1.46602e-24  1.06196e-26  4.42837e-39  0.0216534  1.67234e-08  2.16139e-05  
2.14622e-14  0.000829865  1.00114e-06  1.68395e-27  2.43686e-17  0.00105548  2.27691e-06  9.53957e-06  9.7898e-20  7.9235e-19  
6.52672e-10  5.91999e-07  3.26513e-18  5.02373e-26  1.16458e-05  3.35576e-07  0.000587927  1.16578e-16  1.25666e-22  8.1927e-12  
9.64264e-06  2.033e-13  1.22287e-25  8.51124e-06  6.65694e-07  7.50162e-07  3.51172e-18  1.88237e-19  1.15516e-08  7.82877e-24  
1.36521e-06  6.4004e-17  1.6537e-24  4.95847e-06  2.60535e-07  3.61324e-07  3.07601e-07  1.24969e-13  1.35653e-15  1.70253e-06  
2.69515e-08  1.49661e-07  6.43421e-14  1.04888e-08  1.09121e-08  8.75287e-10  6.73236e-08  1.95411e-07  1.18652e-12  1.06475e-07  
1.5895e-09  7.82549e-09  2.14953e-08  1.74615e-09  4.36517e-09  1.79332e-07  1.96113e-09  7.50716e-09  1.53638e-09  1.00563e-08  
1.10347e-12  3.72115e-09  2.12596e-15  4.65025e-10  1.05757e-09  7.91834e-14  1.56155e-15  2.2971e-21  1.53833e-09  7.68484e-10  
3.92243e-09  3.93957e-09  1.7565e-08  7.5086e-10  3.84498e-08  3.38338e-09  1.30418e-08  4.18437e-08  8.62003e-08  1.9071e-09  
3.06013e-06  3.66922e-07  5.7497e-07  7.41329e-12  1.90902e-08  1.39943e-07  9.10962e-09  4.98838e-08  6.03333e-09  1.0481e-07  
4.07697e-08  7.73109e-08  1.18785e-08  8.12148e-08  2.78186e-08  3.19214e-14  1.42301e-08  6.88508e-09  1.25782e-11  1.28902e-08  
2.65783e-09  1.44508e-08  2.52845e-16  8.14769e-11  2.60983e-09  7.52075e-17  2.48474e-09  4.27178e-09  9.22352e-14  4.53155e-09  
1.20331e-09  5.96159e-09  5.28321e-10  2.07934e-09  8.18123e-10  5.35805e-09  1.12281e-09  7.28658e-09  2.01904e-11  2.08105e-18  
9.48079e-10  3.54177e-11  1.49787e-11  4.73146e-09  1.15339e-09  1.03187e-08  5.22359e-10  5.74231e-16  7.25046e-09  1.2307e-09  
1.34336e-13  7.38271e-10  3.95307e-09  2.44258e-09  5.05945e-08  4.03664e-13  1.99795e-11  1.42305e-08  2.37264e-14  8.41902e-16  
1.72593e-08  3.92415e-09  6.70135e-09  2.32921e-09  9.57413e-09  4.36269e-13  9.22392e-10  2.17083e-11  1.18769e-11  2.69448e-13  
1.03794e-12  1.03274e-09  2.07792e-09  7.77978e-10  2.63404e-09  3.40284e-10  9.86784e-12  1.23178e-09  2.70709e-10  1.54457e-09  
2.86436e-10  8.44056e-10  2.28001e-10  9.40138e-10  1.97831e-10  1.15888e-09  1.92292e-12  1.97014e-20  3.23433e-10  4.37164e-12  
6.64918e-14  9.68033e-10  3.45727e-10  1.19569e-09  3.71392e-10  1.74694e-09  3.55126e-10  2.51678e-09  7.6564e-10  3.40462e-09  
1.07182e-09  5.71974e-09  4.52355e-10  7.315e-10  2.75201e-10  1.40066e-09  4.86914e-10  2.55679e-09  3.4341e-10  7.40638e-17  
3.659e-14  8.29117e-10  3.3325e-10  1.69003e-09  6.03562e-10  3.24704e-09  2.60495e-14  1.98082e-10  4.23141e-10  3.19257e-13  
3.19132e-10  1.69085e-14  9.73145e-12  1.07881e-09  3.45402e-10  3.16549e-09  2.8944e-09  3.96043e-08  4.76707e-09  1.51849e-08  
1.20618e-13  3.4343e-10  1.26043e-09  4.19999e-09  5.60904e-10  1.91511e-09  3.18861e-10  1.84823e-09  3.87845e-14  7.36707e-11  
4.48254e-11  4.14758e-15  1.4299e-10  5.41443e-10  7.19292e-11  3.78362e-10  4.78676e-11  3.05213e-10  2.72738e-12  3.77517e-13  
5.79221e-11  6.46286e-14  1.40661e-11  2.13871e-12  1.986e-14  1.04884e-10  5.14612e-11  2.45632e-10  1.03908e-10  4.58268e-10  
2.71664e-15  6.64414e-12  9.42219e-11  5.11279e-14  2.05997e-16  1.38897e-10  6.70014e-11  3.46724e-10  1.33096e-10  6.75751e-10  
1.19302e-10  2.8171e-10  1.01589e-10  4.51375e-10  3.32836e-14  4.57697e-11  1.03463e-10  6.81364e-13  1.77927e-11  1.40685e-10  
1.45408e-10  4.66068e-10  1.95276e-10  1.03242e-09  1.25228e-10  9.3234e-11  2.40362e-14  1.25665e-15  1.03673e-10  5.0872e-10  
1.61469e-10  1.02695e-09  1.45523e-13  6.15593e-11  2.17474e-10  1.23013e-13  9.48755e-16  5.00579e-10  2.74038e-10  6.95398e-10  
2.93838e-13  2.06962e-10  1.53999e-10  1.70573e-14  4.20557e-11  2.78336e-10  8.06733e-11  5.77257e-10  1.06735e-10  5.90873e-10  
5.19315e-14  8.90352e-11  1.03827e-10  2.64446e-13  8.40713e-11  1.6759e-10  4.23341e-11  4.53214e-10  1.82883e-10  7.95103e-10  
2.29188e-10  8.23193e-10  3.47375e-10  1.23204e-09  4.71699e-10  2.18461e-09  8.37707e-10  1.17524e-10  7.53582e-10  1.02943e-09  
6.52029e-10  9.39686e-09  1.48036e-08  1.69092e-07  1.91705e-09  7.56644e-16  6.27121e-09  
8.72592e-24  3.07378e-17  6.27659e-29  4.25673e-38  0.180184  1.18583e-23  1.00043e-31  0  0.0200355  2.77551e-08  1.94463e-05  
2.22242e-15  0.000648021  9.36746e-07  1.68759e-29  2.63516e-18  0.000969145  2.03779e-06  4.94784e-05  2.21046e-19  7.31134e-20  
5.38549e-09  5.41682e-07  1.21841e-18  4.22522e-26  1.15452e-05  3.07377e-07  0.000534886  4.19777e-17  1.00038e-23  1.89209e-12  
7.15091e-06  1.04145e-13  3.84652e-27  8.18093e-06  6.08149e-07  6.83346e-07  1.71533e-18  2.67845e-20  4.45824e-08  1.51144e-24  
1.45829e-06  3.03449e-17  1.52596e-24  4.942e-06  2.58451e-07  3.4224e-07  2.82042e-07  5.15618e-14  6.39553e-16  1.72711e-06  
2.59067e-08  1.43871e-07  4.16534e-14  9.52726e-09  1.16514e-08  8.01397e-10  6.16673e-08  2.08344e-07  6.52747e-13  1.02159e-07  
1.42048e-09  7.08804e-09  2.09961e-08  1.58825e-09  4.06145e-09  1.87917e-07  1.83119e-09  6.96708e-09  1.42674e-09  9.64693e-09  
3.61408e-13  3.36403e-09  8.37726e-16  4.70452e-10  9.73947e-10  3.63906e-14  6.12782e-16  4.11961e-22  1.48151e-09  7.74645e-10  
4.35233e-09  3.63465e-09  1.59283e-08  7.98602e-10  3.97551e-08  3.60725e-09  1.19793e-08  4.36193e-08  1.0489e-07  4.98479e-10  
3.2008e-06  3.43241e-07  5.22593e-07  3.46544e-12  1.72982e-08  1.27822e-07  4.05727e-09  5.95993e-08  5.59671e-09  1.04735e-07  
3.72321e-08  7.08317e-08  1.03472e-08  7.36879e-08  2.57877e-08  1.26782e-14  1.2966e-08  6.50968e-09  2.97142e-12  1.18081e-08  
2.42656e-09  1.31655e-08  1.04887e-16  7.71397e-11  2.36651e-09  3.36371e-17  2.25065e-09  3.86749e-09  3.56561e-14  4.10462e-09  
1.09048e-09  5.39971e-09  4.79385e-10  1.87951e-09  7.40389e-10  4.84284e-09  1.01326e-09  6.58964e-09  2.02932e-11  1.02974e-18  
8.57905e-10  3.28979e-11  1.36102e-11  4.26962e-09  1.0444e-09  9.32413e-09  3.2989e-10  2.27923e-16  6.55812e-09  1.25405e-09  
5.80412e-14  6.69228e-10  3.56966e-09  2.20371e-09  4.56601e-08  1.95968e-13  1.56678e-11  1.28501e-08  1.10587e-14  2.77087e-16  
1.55842e-08  3.54448e-09  6.05279e-09  2.10377e-09  8.64478e-09  2.35022e-13  8.3582e-10  2.00699e-11  1.07328e-11  1.75472e-13  
1.02386e-12  9.3184e-10  1.87896e-09  7.02637e-10  2.3793e-09  3.06974e-10  9.14275e-12  1.11234e-09  2.44473e-10  1.39508e-09  
2.58487e-10  7.6218e-10  2.05812e-10  8.49112e-10  1.78294e-10  1.04646e-09  2.02032e-12  9.10456e-21  2.91898e-10  4.02965e-12  
1.4477e-14  8.74316e-10  3.12054e-10  1.07999e-09  3.35224e-10  1.57787e-09  3.20601e-10  2.2734e-09  6.91252e-10  3.07634e-09  
9.67957e-10  5.1683e-09  4.08306e-10  6.60892e-10  2.48544e-10  1.26551e-09  4.39846e-10  2.31029e-09  3.10531e-10  3.27626e-17  
5.05142e-15  7.49018e-10  3.01448e-10  1.52686e-09  5.45861e-10  2.93401e-09  1.00253e-14  1.79675e-10  3.82334e-10  1.46557e-13  
2.86763e-10  6.37096e-15  7.67772e-12  9.76042e-10  3.12543e-10  2.86027e-09  2.61704e-09  3.57832e-08  4.30705e-09  1.37142e-08  
4.96951e-14  3.11101e-10  1.13898e-09  3.79301e-09  5.06875e-10  1.72978e-09  2.88093e-10  1.66878e-09  1.49561e-14  6.63607e-11  
1.22139e-11  4.77228e-16  1.5642e-10  4.90937e-10  6.47535e-11  3.41367e-10  4.16741e-11  2.75554e-10  3.86693e-12  6.32703e-13  
5.24045e-11  2.21426e-14  4.84475e-12  1.96582e-12  1.44034e-14  9.60013e-11  5.25889e-11  2.22192e-10  9.38998e-11  4.13763e-10  
1.05724e-15  6.00735e-12  8.50903e-11  1.58228e-14  7.34568e-17  1.26354e-10  5.99926e-11  3.12722e-10  1.2024e-10  6.10163e-10  
1.07776e-10  2.54386e-10  9.18373e-11  4.07434e-10  1.2918e-14  4.11228e-11  9.32226e-11  4.5989e-13  2.47394e-12  1.28891e-10  
1.42534e-10  4.21992e-10  1.76463e-10  9.32262e-10  1.13175e-10  8.42274e-11  9.1747e-15  3.83752e-15  9.34772e-11  4.59592e-10  
1.45904e-10  9.27202e-10  6.62081e-14  5.4884e-11  1.95635e-10  5.07606e-14  3.62566e-16  4.54158e-10  2.47126e-10  6.28101e-10  
1.71976e-13  1.86093e-10  1.37764e-10  6.63367e-15  3.79074e-11  2.53751e-10  7.30537e-11  5.2135e-10  9.64741e-11  5.33566e-10  
1.99778e-14  7.99623e-11  9.38112e-11  1.62769e-13  7.72488e-11  1.53077e-10  3.60954e-11  4.09199e-10  1.65259e-10  7.18146e-10  
2.07157e-10  7.43573e-10  3.13754e-10  1.11225e-09  4.25881e-10  1.97193e-09  7.56443e-10  4.18871e-11  6.81354e-10  9.93686e-10  
5.88221e-10  8.47845e-09  1.33526e-08  1.52617e-07  1.73205e-09  2.80507e-16  5.66493e-09  
2.77067e-22  3.15563e-17  1.50562e-27  3.64646e-34  0.182823  1.1554e-23  7.50475e-30  0  0.0192814  1.01744e-09  1.84881e-05  
2.93393e-14  0.000555247  9.47681e-07  2.62703e-27  4.32735e-17  0.000922292  1.91977e-06  0.000111924  1.34575e-17  8.65582e-19  
2.43398e-08  5.17626e-07  3.03156e-17  2.3492e-24  1.15046e-05  2.94094e-07  0.000509826  1.06866e-15  1.28619e-22  1.26368e-12  
6.84996e-06  3.1962e-12  3.33107e-26  8.01124e-06  5.8189e-07  6.51981e-07  5.65685e-17  3.5341e-19  6.71014e-08  2.40431e-23  
1.5111e-06  1.01631e-15  5.06597e-23  4.93424e-06  2.57473e-07  3.33093e-07  2.69865e-07  1.36518e-12  1.53117e-14  1.73886e-06  
2.54251e-08  1.41074e-07  3.78111e-13  9.0676e-09  1.20069e-08  7.64759e-10  5.894e-08  2.14561e-07  1.3342e-11  1.00089e-07  
1.35716e-09  6.7339e-09  2.07392e-08  1.51365e-09  3.9144e-09  1.92033e-07  1.76233e-09  6.70859e-09  1.37429e-09  9.45193e-09  
1.84869e-12  3.19378e-09  2.56453e-14  4.73039e-10  9.31658e-10  5.77389e-13  1.79252e-14  3.47171e-19  1.45469e-09  7.78321e-10  
4.55917e-09  3.4877e-09  1.51489e-08  8.22809e-10  4.03802e-08  3.72036e-09  1.14627e-08  4.37219e-08  1.13978e-07  4.89669e-10  
3.26812e-06  3.31721e-07  4.97424e-07  5.28493e-11  1.64238e-08  1.21934e-07  3.35932e-09  6.42717e-08  5.39303e-09  1.03046e-07  
3.55046e-08  6.77284e-08  9.80569e-09  7.0113e-08  2.45838e-08  3.87972e-13  1.23613e-08  6.35326e-09  1.12629e-11  1.12953e-08  
2.31699e-09  1.25562e-08  3.05399e-15  7.5096e-11  2.25012e-09  1.02303e-15  2.13919e-09  3.67539e-09  9.53316e-13  3.90194e-09  
1.03721e-09  5.13314e-09  4.5639e-10  1.7842e-09  7.03613e-10  4.59878e-09  9.61867e-10  6.25921e-09  1.99333e-11  3.3832e-17  
8.15313e-10  3.16767e-11  1.2999e-11  4.04957e-09  9.94218e-10  8.8527e-09  2.89859e-10  6.87913e-15  6.22695e-09  1.21223e-09  
1.37156e-12  6.35833e-10  3.38934e-09  2.09139e-09  4.33195e-08  2.66494e-12  1.42914e-11  1.21931e-08  2.20934e-13  3.57751e-15  
1.47874e-08  3.36441e-09  5.74445e-09  1.99682e-09  8.20216e-09  2.59582e-12  7.93382e-10  1.90012e-11  1.0224e-11  1.20961e-12  
1.02656e-12  8.79377e-10  1.78545e-09  6.6651e-10  2.25857e-09  2.913e-10  8.51731e-12  1.05583e-09  2.31976e-10  1.32445e-09  
2.44944e-10  7.23573e-10  1.95127e-10  8.06149e-10  1.68949e-10  9.93316e-10  1.93579e-12  2.73309e-19  2.76613e-10  3.86235e-12  
3.40149e-14  8.30106e-10  2.95859e-10  1.02522e-09  3.17853e-10  1.49757e-09  3.04024e-10  2.15769e-09  6.5562e-10  2.92021e-09  
9.18278e-10  4.90567e-09  3.87013e-10  6.27384e-10  2.3577e-10  1.20115e-09  4.17323e-10  2.19287e-09  2.94823e-10  9.90593e-16  
2.74516e-15  7.10777e-10  2.86237e-10  1.44909e-09  5.1849e-10  2.78463e-09  2.99471e-13  1.70599e-10  3.62499e-10  1.4938e-12  
2.69923e-10  1.61369e-13  7.01809e-12  9.26754e-10  2.97242e-10  2.71497e-09  2.48321e-09  3.39612e-08  4.08764e-09  1.30133e-08  
9.19372e-13  2.95093e-10  1.08028e-09  3.59968e-09  4.81253e-10  1.64151e-09  2.73522e-10  1.58315e-09  4.02416e-13  6.25563e-11  
1.2715e-11  1.52321e-14  1.45553e-10  4.68542e-10  6.12465e-11  3.23355e-10  3.97919e-11  2.61201e-10  3.30493e-12  1.05763e-12  
4.99447e-11  4.14061e-13  3.32846e-12  1.80301e-12  5.02228e-14  9.23581e-11  4.87849e-11  2.1127e-10  8.9286e-11  3.92534e-10  
3.28357e-14  5.67107e-12  8.07383e-11  3.70374e-13  4.28275e-15  1.20736e-10  5.6318e-11  2.96094e-10  1.14218e-10  5.78904e-10  
1.02358e-10  2.41347e-10  8.73394e-11  3.8632e-10  3.59969e-13  3.866e-11  8.78894e-11  2.59186e-12  1.753e-12  1.22364e-10  
1.32593e-10  4.01948e-10  1.6765e-10  8.84459e-10  1.07553e-10  7.99478e-11  2.65987e-13  5.34147e-15  8.819e-11  4.36301e-10  
1.3863e-10  8.7968e-10  1.04453e-12  5.16763e-11  1.83646e-10  9.174e-13  1.21405e-14  4.32154e-10  2.33955e-10  5.96044e-10  
1.61647e-12  1.75386e-10  1.27249e-10  2.00608e-13  3.58433e-11  2.43956e-10  6.96321e-11  4.94622e-10  9.16873e-11  5.06162e-10  
4.92982e-13  7.51151e-11  8.86105e-11  1.52759e-12  7.15134e-11  1.46066e-10  3.48839e-11  3.8807e-10  1.56892e-10  6.81677e-10  
1.9686e-10  7.05898e-10  2.97853e-10  1.05538e-09  4.04163e-10  1.87092e-09  7.17991e-10  3.45587e-11  6.456e-10  9.48957e-10  
5.58593e-10  8.04295e-09  1.26665e-08  1.44802e-07  1.64437e-09  8.18233e-15  5.37599e-09  
5.09269e-22  5.37802e-15  6.89563e-26  3.93535e-31  0.190031  1.028e-23  1.14731e-29  0  0.0171811  4.26808e-08  1.58704e-05  
1.69081e-14  0.000222086  8.98663e-07  1.05903e-27  2.96399e-17  0.00079151  1.58968e-06  0.000333161  6.87797e-17  5.08885e-19  
3.52752e-07  4.61417e-07  3.86178e-17  3.45326e-23  1.14015e-05  2.60733e-07  0.000474407  1.48233e-15  9.66783e-23  8.55836e-13  
6.03729e-06  5.63278e-12  1.90909e-26  7.51554e-06  5.13839e-07  5.65739e-07  1.0082e-16  2.78774e-19  1.4344e-07  4.43883e-23  
1.69268e-06  1.78103e-15  7.71993e-23  4.91517e-06  2.54772e-07  3.08109e-07  2.37275e-07  3.50993e-12  5.0189e-14  1.7707e-06  
2.41214e-08  1.33521e-07  1.04971e-12  7.8309e-09  1.29792e-08  6.60011e-10  5.14457e-08  2.31443e-07  3.94778e-11  9.44651e-08  
1.18039e-09  5.78324e-09  2.00495e-08  1.30495e-09  3.51846e-09  2.03185e-07  1.54377e-09  6.00915e-09  1.23245e-09  8.93087e-09  
4.20665e-12  2.73806e-09  5.54484e-14  4.79986e-10  8.19389e-10  1.50736e-12  4.09179e-14  1.79923e-18  1.38326e-09  7.89994e-10  
5.12577e-09  3.0855e-09  1.30656e-08  8.90456e-10  4.20768e-08  4.03516e-09  1.0048e-08  4.36206e-08  1.3887e-07  6.27894e-10  
3.45043e-06  3.00102e-07  4.2875e-07  1.41329e-10  1.4066e-08  1.0598e-07  2.89113e-09  7.70122e-08  4.74858e-09  9.69117e-08  
3.08225e-08  5.92774e-08  8.46815e-09  6.04352e-08  2.12204e-08  6.7908e-13  1.07187e-08  5.89803e-09  2.30024e-11  9.92384e-09  
2.02252e-09  1.09259e-08  4.54262e-15  6.9724e-11  1.9406e-09  1.5635e-15  1.84256e-09  3.16444e-09  2.20649e-12  3.36337e-09  
8.95267e-10  4.42482e-09  3.95254e-10  1.5315e-09  6.06082e-10  3.95033e-09  8.24744e-10  5.38293e-09  1.98322e-11  5.49358e-17  
7.02143e-10  2.81909e-11  1.12329e-11  3.46902e-09  8.59456e-10  7.6021e-09  2.45324e-10  1.14947e-14  5.34081e-09  1.04236e-09  
3.322e-12  5.46077e-10  2.90709e-09  1.79324e-09  3.71128e-08  6.8697e-12  1.19949e-11  1.04452e-08  4.40229e-13  1.09683e-14  
1.26684e-08  2.88424e-09  4.92242e-09  1.71114e-09  7.02533e-09  6.60034e-12  6.79387e-10  1.64644e-11  8.79902e-12  2.87589e-12  
1.03599e-12  7.45668e-10  1.53266e-09  5.70441e-10  1.93597e-09  2.49422e-10  7.13084e-12  9.05098e-10  1.98714e-10  1.13582e-09  
2.09212e-10  6.20614e-10  1.66838e-10  6.91513e-10  1.44247e-10  8.51703e-10  1.73733e-12  4.27246e-19  2.36255e-10  3.35833e-12  
5.95219e-14  7.12152e-10  2.52977e-10  8.7914e-10  2.719e-10  1.28353e-09  2.60073e-10  1.84909e-09  5.61181e-10  2.50315e-09  
7.8616e-10  4.20404e-09  3.30744e-10  5.37936e-10  2.01801e-10  1.0293e-09  3.57408e-10  1.87945e-09  2.53046e-10  1.56161e-15  
2.02276e-15  6.08884e-10  2.45861e-10  1.2416e-09  4.45315e-10  2.38611e-09  6.40506e-13  1.46303e-10  3.10249e-10  2.7701e-12  
2.28606e-10  3.63193e-13  5.90044e-12  7.94466e-10  2.55699e-10  2.32652e-09  2.12628e-09  2.90963e-08  3.50198e-09  1.11469e-08  
2.40469e-12  2.52414e-10  9.24353e-10  3.084e-09  4.12736e-10  1.40611e-09  2.3466e-10  1.35547e-09  9.26833e-13  5.30875e-11  
1.55457e-11  4.49629e-14  1.18167e-10  4.04297e-10  5.25193e-11  2.76064e-10  3.48166e-11  2.23362e-10  2.16895e-12  1.15385e-12  
4.32035e-11  5.71393e-13  2.37125e-12  1.44424e-12  8.55009e-14  8.08328e-11  3.98857e-11  1.8103e-10  7.69252e-11  3.36023e-10  
6.16775e-14  4.85032e-12  6.923e-11  5.34526e-13  1.3231e-14  1.04526e-10  4.78568e-11  2.5262e-10  9.8179e-11  4.95726e-10  
8.79092e-11  2.0665e-10  7.52533e-11  3.30346e-10  8.23289e-13  3.27009e-11  7.47283e-11  5.49315e-12  1.96244e-12  1.03782e-10  
1.09689e-10  3.45858e-10  1.44087e-10  7.57306e-10  9.24795e-11  6.85328e-11  5.73253e-13  9.73019e-15  7.49063e-11  3.73801e-10  
1.19142e-10  7.53209e-10  2.79597e-12  4.38361e-11  1.54539e-10  2.29293e-12  3.24249e-14  3.70736e-10  1.9995e-10  5.10552e-10  
3.96027e-12  1.48809e-10  1.03903e-10  4.19959e-13  3.05707e-11  2.12701e-10  6.02134e-11  4.23456e-10  7.89319e-11  4.33331e-10  
1.17866e-12  6.35085e-11  7.55014e-11  3.59098e-12  5.89725e-11  1.25142e-10  3.11906e-11  3.3224e-10  1.3466e-10  5.84383e-10  
1.6925e-10  6.05042e-10  2.55366e-10  9.03997e-10  3.46393e-10  1.60232e-09  6.1574e-10  3.14566e-11  5.51515e-10  8.12159e-10  
4.79171e-10  6.8884e-09  1.08489e-08  1.24035e-07  1.40986e-09  1.62844e-14  4.60526e-09  
4.69576e-20  8.40663e-17  2.41102e-27  2.14799e-32  0.185183  1.01868e-23  4.4141e-31  0  0.0185957  1.2086e-09  1.57993e-05  
1.26769e-13  1.72526e-06  9.47977e-07  8.63278e-26  2.89842e-18  0.000793635  1.23889e-06  0.000165009  1.6502e-15  3.67091e-18  
1.72024e-08  6.85341e-07  2.45498e-15  2.95968e-23  1.17127e-05  3.38163e-07  0.000860582  1.14893e-13  9.34875e-22  3.74332e-13  
6.05449e-06  2.30321e-10  6.87273e-26  7.50483e-06  5.67659e-07  5.90431e-07  5.15279e-15  2.36005e-18  1.16703e-07  7.85078e-22  
1.69373e-06  8.35545e-14  7.62588e-22  4.91569e-06  2.56571e-07  3.10384e-07  2.37079e-07  9.94823e-11  1.91798e-12  1.76786e-06  
2.54063e-08  1.33688e-07  1.69459e-11  7.85045e-09  1.29097e-08  6.9789e-10  5.17414e-08  2.30448e-07  6.59918e-10  9.46676e-08  
1.34774e-09  5.7741e-09  1.98961e-08  1.37432e-09  3.50626e-09  2.02637e-07  1.82977e-09  6.02453e-09  1.24318e-09  8.91647e-09  
4.68261e-11  2.72781e-09  1.7784e-12  4.79853e-10  7.87465e-10  2.51493e-11  1.32495e-12  1.97252e-15  1.36787e-09  7.83823e-10  
5.05816e-09  3.1476e-09  1.30534e-08  8.88626e-10  4.19428e-08  4.05718e-09  1.01545e-08  4.26087e-08  1.36455e-07  3.24937e-09  
3.43512e-06  3.10631e-07  4.32627e-07  2.49143e-09  1.40047e-08  1.04246e-07  5.16674e-09  7.55369e-08  6.04751e-09  9.5426e-08  
3.11839e-08  5.97818e-08  9.24492e-09  6.08261e-08  2.00614e-08  2.69078e-11  1.07654e-08  6.10132e-09  1.9763e-10  9.95345e-09  
2.03431e-09  1.09593e-08  1.95934e-13  6.94302e-11  1.91369e-09  6.77518e-14  1.79682e-09  3.15499e-09  5.86244e-11  3.35427e-09  
9.03319e-10  4.40929e-09  3.96887e-10  1.5171e-09  6.04417e-10  3.9476e-09  8.31164e-10  5.3648e-09  1.37087e-11  1.75779e-15  
7.03572e-10  2.89632e-11  1.18649e-11  3.42075e-09  8.99566e-10  7.56808e-09  3.18925e-10  5.22837e-13  5.33145e-09  9.56613e-10  
7.20268e-11  5.4997e-10  2.85829e-09  1.79611e-09  3.69833e-08  1.09896e-10  1.25185e-11  1.03371e-08  1.43794e-11  1.25569e-12  
1.26041e-08  2.89757e-09  4.91456e-09  1.71307e-09  6.99042e-09  9.84172e-11  6.74678e-10  1.38932e-11  8.76949e-12  1.99386e-11  
9.74629e-13  6.32879e-10  1.54497e-09  5.62215e-10  1.93651e-09  2.46976e-10  4.91529e-12  9.07826e-10  1.95946e-10  1.14236e-09  
2.00519e-10  6.25253e-10  1.61441e-10  6.96781e-10  1.3956e-10  8.55254e-10  1.09446e-12  1.22874e-17  2.26698e-10  3.54551e-12  
3.27293e-13  7.20755e-10  2.46501e-10  8.84665e-10  2.66767e-10  1.28463e-09  2.54582e-10  1.84856e-09  5.54893e-10  2.50894e-09  
7.77133e-10  4.20262e-09  3.21658e-10  5.40765e-10  1.99561e-10  1.02858e-09  3.53483e-10  1.88046e-09  2.50265e-10  7.1349e-14  
8.07697e-14  6.06655e-10  2.42286e-10  1.23963e-09  4.49017e-10  2.37842e-09  1.99082e-11  1.45103e-10  2.91744e-10  3.89539e-11  
2.18229e-10  8.81205e-12  6.54812e-12  7.58557e-10  2.61699e-10  2.31889e-09  2.10937e-09  2.90481e-08  3.49414e-09  1.11124e-08  
4.67097e-11  2.48877e-10  8.84607e-10  3.07599e-09  4.16771e-10  1.39944e-09  2.3889e-10  1.34308e-09  2.39579e-11  5.33171e-11  
4.33615e-11  2.40995e-12  6.67311e-11  4.06543e-10  5.73863e-11  2.68605e-10  3.85112e-11  2.21841e-10  1.6049e-13  2.31348e-13  
4.32738e-11  8.70963e-12  1.20225e-11  7.91784e-13  1.7876e-13  7.59227e-11  3.11326e-11  1.73305e-10  7.99217e-11  3.32271e-10  
2.4688e-12  5.06041e-12  6.80908e-11  9.10376e-12  3.85598e-12  9.59098e-11  4.9814e-11  2.4309e-10  1.00518e-10  4.91944e-10  
8.95169e-11  2.04557e-10  7.89557e-11  3.23572e-10  2.18125e-11  3.4016e-11  5.93737e-11  3.29904e-11  2.57877e-11  6.94944e-11  
8.00314e-11  3.46752e-10  1.49597e-10  7.52052e-10  9.53753e-11  6.96147e-11  1.60699e-11  6.72804e-15  6.10172e-11  3.67547e-10  
1.22866e-10  7.47278e-10  4.79925e-11  4.41031e-11  1.13476e-10  2.95143e-11  4.10462e-12  3.35376e-10  2.01349e-10  5.08866e-10  
4.84632e-11  1.43188e-10  5.39558e-11  7.18609e-12  3.25429e-11  2.10191e-10  6.50831e-11  4.20494e-10  8.2501e-11  4.29169e-10  
2.44895e-11  6.41579e-11  5.54201e-11  2.42083e-11  5.82148e-11  9.72494e-11  3.54904e-11  3.28851e-10  1.34443e-10  5.84811e-10  
1.74552e-10  6.05455e-10  2.56847e-10  9.00149e-10  3.4834e-10  1.59165e-09  6.26335e-10  7.25626e-11  5.39863e-10  7.74104e-10  
4.82207e-10  6.86097e-09  1.08169e-08  1.23754e-07  1.42118e-09  4.90701e-13  4.59504e-09  
3.92012e-20  1.69264e-17  1.84008e-27  5.77616e-38  0.182701  1.00778e-23  1.55493e-30  0  0.01939  2.47807e-10  1.56173e-05  
1.09178e-13  6.02644e-08  6.80873e-07  9.22958e-26  8.48054e-20  0.000792405  8.6759e-07  2.52787e-05  1.34542e-16  2.83925e-18  
4.20148e-10  9.91658e-07  1.90274e-15  7.94176e-25  1.20589e-05  4.06291e-07  0.000994564  6.95496e-14  7.86243e-22  2.52771e-13  
6.1079e-06  1.59548e-10  3.84705e-26  7.47503e-06  7.2453e-07  6.45781e-07  3.10841e-15  1.95533e-18  6.38665e-08  8.62591e-22  
1.69392e-06  4.31093e-14  3.5337e-22  4.91677e-06  2.61971e-07  3.17379e-07  2.36346e-07  1.26323e-10  4.35081e-12  1.75994e-06  
2.86951e-08  1.34882e-07  4.7568e-11  7.9135e-09  1.27337e-08  7.9001e-10  5.33039e-08  2.27694e-07  9.42185e-10  9.54923e-08  
1.8185e-09  5.75055e-09  1.94623e-08  1.54809e-09  3.48337e-09  2.01132e-07  2.34518e-09  6.08484e-09  1.27331e-09  8.87365e-09  
1.41973e-10  2.71578e-09  1.49758e-12  4.79506e-10  7.27827e-10  4.8187e-11  1.43421e-12  1.73946e-15  1.34032e-09  7.79116e-10  
4.87447e-09  3.31188e-09  1.30124e-08  8.85541e-10  4.15608e-08  4.12747e-09  1.04514e-08  4.01006e-08  1.29913e-07  9.64967e-09  
3.39161e-06  3.40234e-07  4.44737e-07  5.49e-09  1.39532e-08  1.03145e-07  1.09115e-08  7.14762e-08  9.22763e-09  9.16335e-08  
3.25374e-08  6.1283e-08  1.1368e-08  6.1803e-08  1.70848e-08  1.56429e-11  1.09763e-08  6.53641e-09  5.32998e-10  1.01142e-08  
2.06652e-09  1.10526e-08  1.14666e-13  6.8568e-11  1.84701e-09  3.6764e-14  1.8026e-09  3.11769e-09  6.41124e-11  3.34153e-09  
9.20383e-10  4.36903e-09  3.97608e-10  1.4824e-09  5.95897e-10  3.93494e-09  8.44131e-10  5.31574e-09  4.88132e-12  3.50056e-16  
7.04239e-10  2.42977e-11  1.21259e-11  3.29293e-09  9.77589e-10  7.49382e-09  5.17071e-10  3.31758e-13  5.31481e-09  7.71429e-10  
8.21722e-11  5.77866e-10  2.82858e-09  1.79741e-09  3.65957e-08  2.47433e-10  1.90535e-11  1.01739e-08  1.09687e-11  4.07575e-12  
1.24487e-08  2.93355e-09  4.89175e-09  1.71632e-09  6.88876e-09  2.38679e-10  6.69342e-10  8.63477e-12  7.29619e-12  8.66875e-11  
8.19499e-13  4.63248e-10  1.52079e-09  5.44438e-10  1.92836e-09  2.43208e-10  1.73866e-12  9.07452e-10  1.92896e-10  1.1534e-09  
1.91744e-10  6.2325e-10  1.56244e-10  6.99775e-10  1.36217e-10  8.55757e-10  3.00187e-13  1.74229e-18  2.14663e-10  3.11799e-12  
5.39661e-13  7.27426e-10  2.39264e-10  8.90059e-10  2.6027e-10  1.28076e-09  2.46332e-10  1.83826e-09  5.41541e-10  2.51794e-09  
7.56739e-10  4.19039e-09  3.06195e-10  5.37572e-10  1.96433e-10  1.02304e-09  3.45701e-10  1.8782e-09  2.45941e-10  4.08182e-14  
3.28169e-13  5.98348e-10  2.3546e-10  1.22855e-09  4.55315e-10  2.35936e-09  1.72678e-11  1.43913e-10  2.98393e-10  4.97949e-11  
2.24763e-10  1.04995e-11  1.10124e-11  7.18352e-10  2.63197e-10  2.31869e-09  2.06351e-09  2.88874e-08  3.46944e-09  1.10077e-08  
8.57384e-11  2.45997e-10  8.59164e-10  3.04257e-09  4.24516e-10  1.38273e-09  2.45944e-10  1.31315e-09  2.50997e-11  6.65623e-11  
1.08392e-10  5.53501e-12  1.6174e-11  3.6347e-10  6.62677e-11  2.73353e-10  3.98154e-11  2.24386e-10  1.09232e-14  7.03811e-15  
4.21487e-11  7.61973e-12  2.46555e-11  1.49418e-13  3.74987e-14  7.04145e-11  2.61492e-11  1.64877e-10  7.84607e-11  3.24331e-10  
1.68915e-12  6.47548e-12  6.88607e-11  8.13505e-12  3.80358e-12  9.07603e-11  5.37274e-11  2.39029e-10  1.0084e-10  4.84465e-10  
8.99405e-11  2.02223e-10  8.11341e-11  3.15037e-10  2.15087e-11  4.87371e-11  6.70596e-11  4.50757e-11  9.04302e-11  2.93336e-11  
3.38398e-11  3.22937e-10  1.52023e-10  7.44156e-10  9.72278e-11  7.20018e-11  1.52767e-11  2.34994e-15  6.81973e-11  3.58126e-10  
1.24495e-10  7.35624e-10  9.13734e-11  6.46268e-11  1.03001e-10  3.15061e-11  4.42455e-12  2.65673e-10  2.08294e-10  5.12467e-10  
9.46748e-11  1.68323e-10  3.52345e-11  3.49592e-12  3.5175e-11  1.60064e-10  5.88124e-11  4.16991e-10  8.53995e-11  4.257e-10  
2.71565e-11  8.98915e-11  5.57992e-11  2.66125e-11  7.63465e-11  5.22111e-11  2.30287e-11  3.26854e-10  1.33817e-10  5.84579e-10  
1.83078e-10  6.11557e-10  2.60508e-10  8.90948e-10  3.51894e-10  1.56182e-09  6.52399e-10  1.65249e-10  5.33638e-10  6.75995e-10  
4.80408e-10  6.77841e-09  1.07187e-08  1.2287e-07  1.45394e-09  4.31773e-13  4.56428e-09  
1.47992e-20  2.20456e-17  1.29215e-27  8.92872e-39  0.180258  9.95245e-24  2.30139e-30  0  0.02019  1.80107e-10  1.55271e-05  
6.71041e-14  2.39785e-09  4.17653e-07  5.45247e-26  1.65047e-21  0.000798682  5.57685e-07  2.32015e-06  2.83168e-18  1.70273e-18  
5.76975e-12  1.24746e-06  5.75451e-16  8.50341e-27  1.23736e-05  4.53159e-07  0.0010163  1.64504e-14  4.91262e-22  6.79968e-13  
6.19448e-06  4.49895e-11  6.64077e-26  7.46722e-06  9.2875e-07  7.01249e-07  7.43623e-16  1.27064e-18  3.24418e-08  6.38158e-22  
1.68457e-06  9.29846e-15  1.146e-22  4.91873e-06  2.67718e-07  3.26725e-07  2.37081e-07  3.64097e-11  1.16518e-12  1.75028e-06  
3.1389e-08  1.36185e-07  3.0877e-11  8.05239e-09  1.2555e-08  8.72927e-10  5.64257e-08  2.24055e-07  4.26403e-10  9.68747e-08  
2.32266e-09  5.77856e-09  1.9043e-08  1.70712e-09  3.49218e-09  1.99046e-07  2.60699e-09  6.1992e-09  1.31055e-09  8.85575e-09  
1.33583e-10  2.75165e-09  4.35482e-13  4.78816e-10  7.778e-10  1.94857e-11  3.69506e-13  1.27917e-16  1.34149e-09  7.74219e-10  
4.66555e-09  3.48545e-09  1.30695e-08  8.79211e-10  4.1085e-08  4.17246e-09  1.08357e-08  3.91656e-08  1.22259e-07  1.36763e-08  
3.33882e-06  3.69657e-07  4.6281e-07  2.32881e-09  1.39808e-08  1.09261e-07  1.56007e-08  6.6879e-08  1.17742e-08  8.94188e-08  
3.45136e-08  6.34551e-08  1.36195e-08  6.31204e-08  1.45535e-08  3.68189e-12  1.15582e-08  6.81321e-09  5.51681e-10  1.0412e-08  
2.11729e-09  1.12309e-08  2.85519e-14  6.78406e-11  1.80884e-09  8.43433e-15  1.87609e-09  3.09291e-09  1.93379e-11  3.34521e-09  
9.36594e-10  4.36772e-09  3.98537e-10  1.46515e-09  5.8944e-10  3.94482e-09  8.57541e-10  5.31077e-09  1.63092e-12  2.72048e-17  
7.07033e-10  1.71034e-11  1.02664e-11  3.20051e-09  1.02146e-09  7.50044e-09  6.90271e-10  8.66944e-14  5.35597e-09  6.64955e-10  
2.12399e-11  5.93917e-10  2.84183e-09  1.81171e-09  3.64666e-08  1.08562e-10  2.49049e-11  1.03605e-08  3.24165e-12  1.12499e-12  
1.23914e-08  2.98652e-09  4.91015e-09  1.73074e-09  6.83932e-09  1.22463e-10  6.68993e-10  5.25094e-12  5.29381e-12  7.39117e-11  
6.8111e-13  6.11648e-10  1.52988e-09  5.35206e-10  1.92652e-09  2.42746e-10  5.85033e-13  9.08963e-10  1.93117e-10  1.1681e-09  
1.92471e-10  6.22256e-10  1.55618e-10  7.02187e-10  1.36704e-10  8.59929e-10  7.90966e-14  9.898e-20  2.13111e-10  2.34017e-12  
4.15499e-13  7.29764e-10  2.38926e-10  8.96449e-10  2.60366e-10  1.28339e-09  2.44778e-10  1.83681e-09  5.35793e-10  2.53912e-09  
7.48275e-10  4.20335e-09  3.01113e-10  5.32136e-10  1.94957e-10  1.02262e-09  3.43328e-10  1.88537e-09  2.45774e-10  9.92566e-15  
2.73277e-13  5.94908e-10  2.32769e-10  1.22273e-09  4.59898e-10  2.36119e-09  5.00426e-12  1.41081e-10  3.08119e-10  2.22937e-11  
2.12142e-10  3.03671e-12  1.33335e-11  7.52043e-10  2.66645e-10  2.34631e-09  2.03767e-09  2.89303e-08  3.46976e-09  1.09807e-08  
3.00463e-11  2.4194e-10  9.30107e-10  3.03927e-09  4.31157e-10  1.38022e-09  2.49718e-10  1.2991e-09  7.8084e-12  6.51895e-11  
1.33017e-10  2.68464e-12  1.4814e-11  3.61976e-10  6.1471e-11  2.78072e-10  4.07612e-11  2.31037e-10  3.39487e-14  2.0042e-14  
4.32893e-11  3.50697e-12  1.49071e-11  2.6122e-14  5.99796e-15  8.46533e-11  3.05408e-11  1.61613e-10  7.65854e-11  3.18122e-10  
4.65757e-13  6.06838e-12  6.80684e-11  3.34157e-12  5.20824e-13  1.0268e-10  5.23959e-11  2.35092e-10  9.99975e-11  4.81875e-10  
8.95296e-11  2.01929e-10  8.11457e-11  3.13198e-10  6.70818e-12  4.74639e-11  7.42357e-11  4.02845e-11  1.05326e-10  3.91868e-11  
3.41718e-11  3.13905e-10  1.47294e-10  7.39145e-10  9.70606e-11  7.24749e-11  4.79216e-12  7.46079e-16  7.58336e-11  3.64434e-10  
1.25864e-10  7.32641e-10  3.78008e-11  7.53818e-11  1.51958e-10  2.05447e-11  1.02402e-12  2.78892e-10  2.03548e-10  5.14621e-10  
5.62688e-11  1.8665e-10  6.799e-11  2.11157e-12  3.82049e-11  1.654e-10  5.30377e-11  4.0713e-10  8.41469e-11  4.26443e-10  
1.01677e-11  8.62492e-11  7.2121e-11  2.42596e-11  8.16692e-11  5.7132e-11  1.88229e-11  3.23587e-10  1.33024e-10  5.87299e-10  
1.87376e-10  6.259e-10  2.66272e-10  8.91967e-10  3.55656e-10  1.54679e-09  6.75702e-10  2.23137e-10  5.59315e-10  6.07603e-10  
4.71287e-10  6.74383e-09  1.06953e-08  1.22861e-07  1.49864e-09  1.28436e-13  4.5666e-09  
9.41994e-22  4.86361e-18  4.8187e-29  0  0.177031  9.43605e-24  2.90428e-32  0  0.0212438  6.0258e-11  1.53694e-05  
2.97758e-15  1.57129e-09  1.92814e-07  2.36431e-28  3.43249e-23  0.00081414  2.69764e-07  9.02312e-08  3.15689e-21  8.8983e-20  
2.19712e-13  1.44356e-06  2.1661e-17  2.27779e-29  1.26758e-05  4.96434e-07  0.00101833  5.02992e-16  2.43541e-23  6.64051e-13  
6.28657e-06  1.34071e-12  3.42493e-27  7.46495e-06  1.16858e-06  7.63431e-07  1.67497e-17  6.80767e-20  1.55363e-08  2.80401e-23  
1.67273e-06  2.38989e-16  2.73462e-24  4.92128e-06  2.73454e-07  3.37623e-07  2.3827e-07  1.04125e-12  2.58109e-14  1.73987e-06  
3.33071e-08  1.36888e-07  6.18706e-13  8.22538e-09  1.23676e-08  9.47791e-10  6.04491e-08  2.20058e-07  1.45446e-11  9.85501e-08  
2.82719e-09  5.82798e-09  1.86474e-08  1.84428e-09  3.51668e-09  1.9672e-07  2.72066e-09  6.33842e-09  1.3494e-09  8.84733e-09  
3.41633e-12  2.79576e-09  1.37435e-14  4.78012e-10  9.36603e-10  6.24423e-13  1.06367e-14  1.13401e-19  1.34963e-09  7.63401e-10  
4.44753e-09  3.65581e-09  1.31568e-08  8.69253e-10  4.05757e-08  4.18586e-09  1.1272e-08  5.07208e-08  1.14242e-07  4.73635e-09  
3.28345e-06  3.96329e-07  4.84935e-07  6.02891e-11  1.38785e-08  1.15038e-07  1.02147e-08  6.21905e-08  1.36575e-08  9.80958e-08  
3.66566e-08  6.60581e-08  1.54882e-08  6.44945e-08  1.28805e-08  9.35948e-14  1.28309e-08  6.93443e-09  3.09992e-11  1.07048e-08  
2.17753e-09  1.1443e-08  7.47643e-16  6.70618e-11  1.79147e-09  1.94023e-16  1.92538e-09  3.06735e-09  5.86006e-13  3.3507e-09  
9.46408e-10  4.37999e-09  3.9908e-10  1.4558e-09  5.83636e-10  3.95344e-09  8.66933e-10  5.31842e-09  5.16989e-13  1.99294e-19  
7.09021e-10  1.08576e-11  7.49068e-12  3.12333e-09  1.03261e-09  7.53465e-09  6.01049e-10  2.33293e-15  5.41877e-09  8.28778e-10  
7.76839e-13  5.96709e-10  2.81776e-09  1.8238e-09  3.63775e-08  2.58225e-12  2.18298e-11  1.05289e-08  1.08621e-13  6.14919e-15  
1.23595e-08  3.02953e-09  4.94236e-09  1.74647e-09  6.80314e-09  2.74454e-12  6.58986e-10  3.08449e-12  3.49552e-12  1.58676e-12  
5.58516e-13  7.56067e-10  1.6026e-09  5.40315e-10  1.92664e-09  2.43082e-10  1.89627e-13  9.09502e-10  1.94002e-10  1.18073e-09  
1.95917e-10  6.24091e-10  1.56848e-10  7.03417e-10  1.37932e-10  8.64197e-10  3.47863e-14  1.09201e-21  2.15555e-10  1.63689e-12  
5.51484e-14  7.30108e-10  2.40469e-10  9.01165e-10  2.62431e-10  1.28756e-09  2.45822e-10  1.83694e-09  5.32846e-10  2.5586e-09  
7.4614e-10  4.21917e-09  3.00551e-10  5.26626e-10  1.9355e-10  1.02103e-09  3.4279e-10  1.89169e-09  2.46774e-10  2.42436e-16  
2.30743e-14  5.93911e-10  2.31923e-10  1.21709e-09  4.60925e-10  2.36797e-09  1.55913e-13  1.36242e-10  3.0882e-10  1.1887e-12  
1.70489e-10  7.44043e-14  1.16984e-11  8.08263e-10  2.78217e-10  2.37078e-09  2.02097e-09  2.90095e-08  3.47509e-09  1.09659e-08  
7.99984e-13  2.31059e-10  9.68576e-10  3.05433e-09  4.351e-10  1.38351e-09  2.50348e-10  1.29172e-09  2.40823e-13  5.24829e-11  
4.98217e-11  3.65144e-14  9.4504e-11  4.08047e-10  5.60021e-11  2.67013e-10  3.8171e-11  2.32204e-10  6.32285e-13  2.67236e-13  
4.40224e-11  2.18784e-13  1.65134e-12  1.4642e-14  5.9816e-16  1.02388e-10  3.81926e-11  1.62576e-10  7.53556e-11  3.13511e-10  
1.33465e-14  4.64963e-12  6.63191e-11  1.81967e-13  1.89897e-15  1.14034e-10  5.10626e-11  2.30189e-10  9.69677e-11  4.77823e-10  
8.84668e-11  2.0164e-10  8.01904e-11  3.13257e-10  2.08694e-13  3.56859e-11  7.44356e-11  3.35171e-12  1.30695e-11  1.06002e-10  
9.75448e-11  3.30344e-10  1.47688e-10  7.34239e-10  9.58455e-11  7.18801e-11  1.5136e-13  2.16795e-16  7.69781e-11  3.69269e-10  
1.26876e-10  7.34837e-10  1.01759e-12  6.29298e-11  1.59884e-10  7.88348e-13  9.17613e-15  3.57477e-10  1.96468e-10  5.09892e-10  
1.83356e-12  1.56945e-10  8.93999e-11  8.79996e-14  3.36585e-11  2.25799e-10  6.5879e-11  4.10921e-10  8.26769e-11  4.25367e-10  
3.35952e-13  6.30558e-11  7.99246e-11  1.73388e-12  5.09687e-11  1.2456e-10  3.38397e-11  3.1812e-10  1.31287e-10  5.88607e-10  
1.88371e-10  6.41916e-10  2.72586e-10  8.98694e-10  3.58139e-10  1.53859e-09  6.9064e-10  1.13262e-10  5.86864e-10  7.14333e-10  
4.62172e-10  6.71792e-09  1.06828e-08  1.23009e-07  1.54559e-09  4.24194e-15  4.57506e-09  
4.95466e-22  3.93628e-18  1.95108e-29  0  0.176404  9.31446e-24  2.81904e-33  0  0.0214465  3.70437e-11  1.53075e-05  
1.1354e-15  4.55117e-09  1.68626e-07  3.26507e-29  3.77897e-23  0.00081891  2.3026e-07  7.67572e-08  1.11673e-21  4.33393e-20  
2.33616e-13  1.46291e-06  9.60982e-18  1.01808e-29  1.27157e-05  5.02584e-07  0.00101836  2.14221e-16  1.17337e-23  2.69784e-13  
6.29713e-06  3.78349e-13  6.84348e-28  7.46523e-06  1.18991e-06  7.70666e-07  5.11076e-18  3.36048e-20  1.4193e-08  1.18396e-23  
1.67131e-06  9.23208e-17  1.2054e-24  4.92169e-06  2.74014e-07  3.38931e-07  2.38443e-07  2.65678e-13  6.20622e-15  1.7387e-06  
3.3426e-08  1.3694e-07  1.44454e-13  8.24623e-09  1.23415e-08  9.56833e-10  6.092e-08  2.19585e-07  3.73066e-12  9.87574e-08  
2.82609e-09  5.83464e-09  1.86626e-08  1.8585e-09  3.52033e-09  1.96441e-07  2.72754e-09  6.35589e-09  1.35344e-09  8.84729e-09  
7.33311e-13  2.80067e-09  3.64703e-15  4.77916e-10  9.4118e-10  1.60916e-13  2.77675e-15  8.03338e-21  1.35076e-09  7.61612e-10  
4.4219e-09  3.67537e-09  1.31683e-08  8.67128e-10  4.05184e-08  4.18112e-09  1.13266e-08  5.50031e-08  1.13296e-07  7.9959e-10  
3.27734e-06  3.98829e-07  4.87692e-07  1.52725e-11  1.38617e-08  1.15507e-07  3.65571e-09  6.16616e-08  1.38231e-08  1.05183e-07  
3.67963e-08  6.63709e-08  1.48511e-08  6.46589e-08  1.35729e-08  2.77582e-14  1.29581e-08  6.94598e-09  5.94677e-12  1.07321e-08  
2.18461e-09  1.14683e-08  2.18532e-16  6.69678e-11  1.7918e-09  5.67688e-17  1.92827e-09  3.06452e-09  1.52514e-13  3.35188e-09  
9.46649e-10  4.38226e-09  3.99002e-10  1.45552e-09  5.82981e-10  3.95391e-09  8.6752e-10  5.31975e-09  4.63777e-13  5.31271e-20  
7.09072e-10  1.02389e-11  7.17348e-12  3.11624e-09  1.03044e-09  7.54029e-09  3.53112e-10  6.71527e-16  5.42323e-09  1.07299e-09  
2.62408e-13  5.96628e-10  2.82851e-09  1.82487e-09  3.6367e-08  6.54536e-13  1.74437e-11  1.05383e-08  3.22015e-14  1.16832e-15  
1.23607e-08  3.0327e-09  4.94674e-09  1.74814e-09  6.79992e-09  6.80743e-13  6.57382e-10  2.8943e-12  3.31488e-12  3.82707e-13  
5.46233e-13  7.52381e-10  1.61076e-09  5.42084e-10  1.92719e-09  2.43307e-10  1.71205e-13  9.09356e-10  1.94268e-10  1.18174e-09  
1.96749e-10  6.24203e-10  1.57342e-10  7.03268e-10  1.3832e-10  8.64413e-10  4.90371e-14  5.84604e-22  2.16364e-10  1.56778e-12  
9.87058e-15  7.29623e-10  2.40985e-10  9.01242e-10  2.62877e-10  1.28791e-09  2.46241e-10  1.83693e-09  5.3265e-10  2.56024e-09  
7.46432e-10  4.22086e-09  3.00847e-10  5.25853e-10  1.93498e-10  1.0207e-09  3.42883e-10  1.89198e-09  2.4698e-10  6.97965e-17  
1.3139e-15  5.93907e-10  2.31974e-10  1.21643e-09  4.60637e-10  2.36891e-09  4.12732e-14  1.35613e-10  3.08519e-10  3.12091e-13  
1.64609e-10  1.88579e-14  9.45305e-12  8.14348e-10  2.79686e-10  2.37309e-09  2.02137e-09  2.90187e-08  3.47585e-09  1.09641e-08  
2.04724e-13  2.29598e-10  9.69619e-10  3.05688e-09  4.35183e-10  1.3844e-09  2.49957e-10  1.29155e-09  6.2675e-14  5.07793e-11  
1.15072e-11  2.24366e-15  1.27723e-10  4.17143e-10  5.58036e-11  2.65853e-10  3.61483e-11  2.31362e-10  1.92495e-12  6.21283e-13  
4.43024e-11  5.98068e-14  2.56709e-13  6.81444e-14  8.09369e-16  1.04129e-10  3.89769e-11  1.63117e-10  7.5097e-11  3.13394e-10  
3.67889e-15  4.4666e-12  6.60345e-11  4.88769e-14  3.32106e-16  1.15022e-10  5.07989e-11  2.3001e-10  9.63663e-11  4.7732e-10  
8.81845e-11  2.01691e-10  7.98126e-11  3.13589e-10  5.43421e-14  3.41531e-11  7.392e-11  8.15516e-13  9.6352e-13  1.14265e-10  
1.01919e-10  3.33598e-10  1.47994e-10  7.34254e-10  9.55414e-11  7.17442e-11  3.98774e-14  1.85992e-16  7.67734e-11  3.69816e-10  
1.26674e-10  7.35536e-10  2.56649e-13  6.04541e-11  1.57571e-10  2.05639e-13  2.15748e-15  3.65658e-10  1.95772e-10  5.09168e-10  
4.52818e-13  1.51586e-10  8.78587e-11  2.27185e-14  3.26345e-11  2.3211e-10  6.77697e-11  4.12802e-10  8.24324e-11  4.25452e-10  
8.72427e-14  6.02441e-11  7.97288e-11  4.40655e-13  4.8335e-11  1.33515e-10  3.38188e-11  3.16464e-10  1.30833e-10  5.88592e-10  
1.88052e-10  6.43944e-10  2.73222e-10  8.99887e-10  3.58163e-10  1.53847e-09  6.90996e-10  3.12966e-11  5.83252e-10  8.00861e-10  
4.63786e-10  6.7152e-09  1.06813e-08  1.23027e-07  1.5504e-09  1.14929e-15  4.57611e-09  
1.56027e-22  2.19139e-18  4.10711e-30  0  0.176226  9.27728e-24  1.82585e-34  0  0.0215035  2.32952e-11  1.52792e-05  
3.09719e-16  9.20471e-09  1.63115e-07  1.82929e-30  1.52795e-23  0.000820561  2.202e-07  8.16682e-08  2.90471e-22  1.15432e-20  
1.29596e-13  1.46721e-06  2.47829e-18  1.06427e-30  1.27256e-05  5.0417e-07  0.00101838  5.57426e-17  2.8213e-24  1.20441e-13  
6.2995e-06  9.65451e-14  7.22358e-29  7.46536e-06  1.19354e-06  7.72157e-07  1.19875e-18  7.85852e-21  1.39046e-08  2.01925e-24  
1.67099e-06  2.37481e-17  2.64713e-25  4.9218e-06  2.74126e-07  3.39226e-07  2.38486e-07  6.44822e-14  1.41697e-15  1.73845e-06  
3.34424e-08  1.36952e-07  3.35923e-14  8.25091e-09  1.23355e-08  9.58993e-10  6.10274e-08  2.19477e-07  9.23434e-13  9.8805e-08  
2.79225e-09  5.83617e-09  1.86997e-08  1.86165e-09  3.52127e-09  1.96377e-07  2.72881e-09  6.35995e-09  1.35429e-09  8.84737e-09  
1.79674e-13  2.80181e-09  9.12215e-16  4.77895e-10  9.42091e-10  4.01121e-14  6.92415e-16  5.07008e-22  1.35107e-09  7.61156e-10  
4.41607e-09  3.67982e-09  1.3171e-08  8.66525e-10  4.05058e-08  4.17933e-09  1.13393e-08  5.56468e-08  1.13079e-07  2.36696e-10  
3.27601e-06  3.99334e-07  4.88324e-07  3.73745e-12  1.38579e-08  1.15613e-07  1.67835e-09  6.15435e-08  1.38569e-08  1.07293e-07  
3.6816e-08  6.64412e-08  1.42499e-08  6.46974e-08  1.41877e-08  7.34225e-15  1.29858e-08  6.94987e-09  1.57061e-12  1.07382e-08  
2.18621e-09  1.1474e-08  5.52688e-17  6.69464e-11  1.7921e-09  1.38993e-17  1.92883e-09  3.06391e-09  3.7909e-14  3.35221e-09  
9.46615e-10  4.38285e-09  3.98963e-10  1.45554e-09  5.82828e-10  3.95398e-09  8.67608e-10  5.32007e-09  4.62035e-13  1.3029e-20  
7.09063e-10  1.01019e-11  7.10322e-12  3.11484e-09  1.0296e-09  7.54176e-09  2.34269e-10  1.68296e-16  5.4237e-09  1.18903e-09  
7.27783e-14  5.96598e-10  2.83344e-09  1.82511e-09  3.63647e-08  1.61781e-13  1.48272e-11  1.05405e-08  1.07867e-14  2.39516e-16  
1.23628e-08  3.03327e-09  4.94776e-09  1.74852e-09  6.79928e-09  1.65787e-13  6.57008e-10  2.85614e-12  3.27483e-12  9.20143e-14  
5.43992e-13  7.51606e-10  1.61247e-09  5.4256e-10  1.92735e-09  2.43386e-10  1.71051e-13  9.09296e-10  1.94354e-10  1.18193e-09  
1.97005e-10  6.24185e-10  1.57503e-10  7.03189e-10  1.38444e-10  8.64418e-10  6.09013e-14  1.83543e-22  2.16614e-10  1.55299e-12  
3.03943e-15  7.29434e-10  2.41153e-10  9.01198e-10  2.63009e-10  1.28797e-09  2.46375e-10  1.83691e-09  5.32623e-10  2.56055e-09  
7.46552e-10  4.22122e-09  3.0096e-10  5.25644e-10  1.93502e-10  1.02062e-09  3.42925e-10  1.892e-09  2.47041e-10  1.68556e-17  
1.34548e-16  5.93909e-10  2.32e-10  1.21628e-09  4.60532e-10  2.36915e-09  1.03532e-14  1.3547e-10  3.0846e-10  7.55468e-14  
1.63271e-10  4.70368e-15  8.09346e-12  8.15804e-10  2.79986e-10  2.3736e-09  2.02232e-09  2.90208e-08  3.47604e-09  1.09637e-08  
5.06298e-14  2.29266e-10  9.69822e-10  3.05751e-09  4.35163e-10  1.38466e-09  2.49817e-10  1.29158e-09  1.55569e-14  5.0397e-11  
4.1272e-12  2.0292e-16  1.33763e-10  4.19312e-10  5.57594e-11  2.65656e-10  3.46459e-11  2.31116e-10  3.14712e-12  7.15152e-13  
4.44215e-11  1.49337e-14  7.29464e-14  1.31195e-13  4.35589e-16  1.0453e-10  3.90571e-11  1.63257e-10  7.50046e-11  3.13406e-10  
9.20432e-16  4.42572e-12  6.59719e-11  1.21329e-14  7.14033e-17  1.15245e-10  5.07156e-11  2.3002e-10  9.61948e-11  4.77226e-10  
8.81008e-11  2.01721e-10  7.96876e-11  3.13716e-10  1.34536e-14  3.38109e-11  7.37894e-11  2.00794e-13  2.00253e-13  1.1615e-10  
1.0111e-10  3.3417e-10  1.4803e-10  7.34307e-10  9.54456e-11  7.17082e-11  1.00016e-14  1.79669e-16  7.67396e-11  3.69967e-10  
1.26587e-10  7.3574e-10  6.26236e-14  5.9665e-11  1.57069e-10  5.52607e-14  5.17975e-16  3.67712e-10  1.9563e-10  5.09012e-10  
1.1011e-13  1.50381e-10  8.76839e-11  5.59813e-15  3.2401e-11  2.33369e-10  6.8161e-11  4.13292e-10  8.23488e-11  4.25502e-10  
2.16369e-14  5.96335e-11  7.96638e-11  1.08542e-13  4.97397e-11  1.35543e-10  3.19489e-11  3.16017e-10  1.30712e-10  5.8858e-10  
1.8793e-10  6.4443e-10  2.73356e-10  9.00188e-10  3.58139e-10  1.53852e-09  6.90939e-10  1.21501e-11  5.81903e-10  8.21426e-10  
4.64374e-10  6.71463e-09  1.06809e-08  1.23031e-07  1.5514e-09  2.95843e-16  4.57635e-09  
8.03561e-23  1.82429e-18  1.41882e-30  0  0.176167  9.26343e-24  1.49193e-35  0  0.021522  1.58724e-11  1.52607e-05  
1.24629e-16  1.6058e-08  1.61588e-07  1.47956e-31  7.77137e-24  0.000821262  2.16998e-07  8.74655e-08  1.26694e-22  4.67542e-21  
8.31132e-14  1.46838e-06  1.05599e-18  1.49273e-31  1.27287e-05  5.04682e-07  0.00101838  2.41082e-17  1.04127e-24  4.87914e-14  
6.30016e-06  3.65221e-14  1.03244e-29  7.46542e-06  1.19414e-06  7.72498e-07  4.54053e-19  2.72631e-21  1.38252e-08  5.09718e-25  
1.6709e-06  1.01116e-17  8.85761e-26  4.92184e-06  2.74152e-07  3.39308e-07  2.385e-07  2.18404e-14  4.53143e-16  1.73838e-06  
3.34435e-08  1.36955e-07  1.09675e-14  8.2522e-09  1.23337e-08  9.59638e-10  6.10573e-08  2.19447e-07  3.18129e-13  9.88183e-08  
2.75198e-09  5.8366e-09  1.87409e-08  1.86252e-09  3.52161e-09  1.96359e-07  2.72905e-09  6.36111e-09  1.3545e-09  8.84743e-09  
6.06449e-14  2.80213e-09  3.20619e-16  4.77889e-10  9.42286e-10  1.3902e-14  2.4014e-16  6.34476e-23  1.35117e-09  7.6101e-10  
4.41443e-09  3.68108e-09  1.31718e-08  8.66313e-10  4.05024e-08  4.17857e-09  1.13429e-08  5.58285e-08  1.13017e-07  7.77348e-11  
3.27565e-06  3.99456e-07  4.88502e-07  1.27349e-12  1.38568e-08  1.15642e-07  7.97306e-10  6.15111e-08  1.38649e-08  1.08213e-07  
3.68199e-08  6.64605e-08  1.36714e-08  6.47086e-08  1.47704e-08  2.88733e-15  1.29934e-08  6.9513e-09  5.39006e-13  1.07399e-08  
2.18666e-09  1.14756e-08  2.17329e-17  6.69403e-11  1.79226e-09  5.38083e-18  1.92894e-09  3.06374e-09  1.31803e-14  3.35232e-09  
9.46575e-10  4.38305e-09  3.98942e-10  1.45558e-09  5.82782e-10  3.95399e-09  8.67612e-10  5.32017e-09  4.70363e-13  5.19256e-21  
7.09051e-10  1.00637e-11  7.08406e-12  3.11452e-09  1.02924e-09  7.54224e-09  1.58726e-10  6.52106e-17  5.42375e-09  1.26346e-09  
2.69861e-14  5.96586e-10  2.83518e-09  1.82517e-09  3.6364e-08  5.56505e-14  1.2772e-11  1.0541e-08  5.75972e-15  7.03858e-17  
1.23647e-08  3.03338e-09  4.94805e-09  1.74861e-09  6.79914e-09  5.6351e-14  6.569e-10  2.8489e-12  3.26342e-12  3.09218e-14  
5.43847e-13  7.51322e-10  1.61292e-09  5.42719e-10  1.9274e-09  2.43419e-10  1.74474e-13  9.09268e-10  1.9439e-10  1.18196e-09  
1.97107e-10  6.24156e-10  1.5757e-10  7.03144e-10  1.38492e-10  8.644e-10  7.26316e-14  9.15578e-23  2.16715e-10  1.54898e-12  
1.03646e-15  7.29346e-10  2.41222e-10  9.0116e-10  2.63059e-10  1.28797e-09  2.46428e-10  1.8369e-09  5.32622e-10  2.56061e-09  
7.46606e-10  4.22132e-09  3.01012e-10  5.2557e-10  1.9351e-10  1.02059e-09  3.42944e-10  1.89199e-09  2.47064e-10  6.35037e-18  
1.18453e-17  5.93909e-10  2.32014e-10  1.21624e-09  4.60489e-10  2.36922e-09  3.65288e-15  1.35431e-10  3.08441e-10  2.21377e-14  
1.62891e-10  1.64869e-15  7.01622e-12  8.16216e-10  2.80056e-10  2.37374e-09  2.02329e-09  2.90214e-08  3.4761e-09  1.09636e-08  
1.74436e-14  2.29174e-10  9.6985e-10  3.0577e-09  4.35143e-10  1.38475e-09  2.49759e-10  1.29162e-09  5.40316e-15  5.02903e-11  
1.50145e-12  2.61465e-17  1.35982e-10  4.19936e-10  5.57292e-11  2.65623e-10  3.31649e-11  2.31114e-10  4.50307e-12  6.77318e-13  
4.44509e-11  4.41425e-15  2.31553e-14  1.92119e-13  2.30057e-16  1.04641e-10  3.90808e-11  1.63304e-10  7.49611e-11  3.13426e-10  
3.38206e-16  4.41435e-12  6.59511e-11  3.64996e-15  2.40425e-17  1.1531e-10  5.06765e-11  2.30042e-10  9.61303e-11  4.77212e-10  
8.80687e-11  2.01738e-10  7.9634e-11  3.13775e-10  4.66398e-15  3.37153e-11  7.37349e-11  6.84657e-14  5.48339e-14  1.16655e-10  
1.00824e-10  3.34319e-10  1.48022e-10  7.34337e-10  9.54057e-11  7.16974e-11  3.52391e-15  1.77964e-16  7.67303e-11  3.70022e-10  
1.26546e-10  7.35815e-10  2.12935e-14  5.92275e-11  1.56896e-10  2.32686e-14  1.78901e-16  3.68506e-10  1.95581e-10  5.08973e-10  
3.73703e-14  1.50046e-10  8.76382e-11  1.95197e-15  3.2336e-11  2.33697e-10  6.82559e-11  4.13446e-10  8.23081e-11  4.25529e-10  
7.48966e-15  5.94653e-11  7.96251e-11  3.71646e-14  5.18848e-11  1.36101e-10  2.96896e-11  3.15878e-10  1.30675e-10  5.88576e-10  
1.87877e-10  6.44578e-10  2.73388e-10  9.00282e-10  3.58122e-10  1.53856e-09  6.90877e-10  4.8979e-12  5.81484e-10  8.2912e-10  
4.64561e-10  6.71448e-09  1.06809e-08  1.23032e-07  1.55164e-09  1.07105e-16  4.57642e-09  
  11 1.31081e+09 1.31081e+09 1.74984 0.621191 117300 219.05 0.022627
1.06266e-25  3.75505e-20  1.18483e-28  0  0.167763  8.66279e-24  1.20936e-37  0  0.024088  1.88317e-12  1.07711e-10  
8.13104e-18  1.09974e-05  1.47908e-07  1.65787e-34  4.47458e-23  0.000996293  1.70815e-07  2.14359e-06  1.20168e-22  2.65685e-22  
2.71748e-13  1.47853e-06  4.40218e-20  7.43231e-33  1.27706e-05  5.13086e-07  0.00102059  1.19062e-18  3.13023e-26  3.02877e-16  
6.30775e-06  8.42233e-16  9.80821e-34  7.46762e-06  1.19426e-06  7.76953e-07  1.57454e-20  3.34785e-23  1.1584e-08  1.74918e-27  
1.66977e-06  4.98098e-19  9.31605e-28  4.92263e-06  2.74145e-07  3.40188e-07  2.38785e-07  3.23992e-16  5.23229e-18  1.73777e-06  
3.32185e-08  1.3699e-07  1.64793e-16  8.26942e-09  1.23101e-08  7.42374e-10  6.1422e-08  2.19296e-07  5.88864e-15  9.89724e-08  
5.66235e-13  5.83728e-09  2.1508e-08  1.87651e-09  5.02562e-09  1.96132e-07  1.24656e-09  6.37797e-09  1.35495e-09  8.85104e-09  
9.34881e-16  2.80654e-09  5.43256e-18  4.77815e-10  9.41383e-10  2.68132e-16  4.01451e-18  2.22881e-26  1.35339e-09  7.57767e-10  
4.39556e-09  3.69564e-09  1.31833e-08  8.60762e-10  4.0469e-08  4.15087e-09  1.13977e-08  5.61562e-08  1.12191e-07  3.37281e-13  
3.27251e-06  3.99786e-07  4.90764e-07  2.3107e-14  1.34211e-08  1.24992e-07  7.58094e-13  6.11678e-08  4.80671e-09  1.09957e-07  
3.68158e-08  6.66572e-08  2.84375e-12  6.49274e-08  2.84136e-08  1.21338e-16  1.30679e-08  7.07254e-09  8.42604e-15  1.0764e-08  
2.19228e-09  1.14921e-08  8.18736e-19  6.68642e-11  1.80051e-09  2.18116e-19  1.92721e-09  3.06244e-09  2.36324e-16  3.35509e-09  
9.44225e-10  4.38703e-09  3.98001e-10  1.45845e-09  5.82072e-10  3.95298e-09  6.60448e-10  5.32021e-09  2.05027e-10  9.58495e-20  
7.10212e-10  1.319e-11  4.95719e-12  3.11645e-09  1.01566e-09  7.55304e-09  3.3093e-14  1.50957e-18  5.42269e-09  1.40027e-09  
5.63745e-16  5.96041e-10  2.86375e-09  1.82587e-09  3.63576e-08  1.02414e-15  1.58972e-20  1.05451e-08  5.00358e-17  6.25715e-23  
1.23794e-08  3.03096e-09  4.95181e-09  1.66031e-09  6.79942e-09  1.02502e-15  6.55347e-10  9.22289e-11  3.18272e-13  5.57903e-16  
4.22226e-12  7.45623e-10  1.61561e-09  5.46648e-10  1.92808e-09  1.68499e-10  7.71491e-11  9.08023e-10  1.95294e-10  1.18118e-09  
2.00287e-10  6.22653e-10  1.59355e-10  7.01517e-10  1.18437e-10  8.60823e-10  2.28975e-11  1.35746e-21  2.19572e-10  2.9189e-12  
2.26054e-17  7.26312e-10  2.43289e-10  8.9916e-10  2.64717e-10  1.287e-09  2.48117e-10  1.83594e-09  5.33835e-10  2.55876e-09  
7.48983e-10  4.22121e-09  3.03757e-10  5.23562e-10  1.93899e-10  1.01988e-09  3.43909e-10  1.89087e-09  2.47821e-10  2.12542e-19  
2.90115e-23  5.94039e-10  2.32701e-10  1.21548e-09  4.589e-10  2.37092e-09  6.75461e-17  1.34944e-10  3.08082e-10  9.67458e-16  
1.52512e-10  2.96238e-17  2.69702e-21  8.21594e-10  2.85512e-10  2.37519e-09  2.02935e-09  2.90278e-08  3.47695e-09  1.0963e-08  
3.19918e-16  2.28049e-10  9.684e-10  3.06118e-09  4.33823e-10  1.38686e-09  2.48235e-10  1.29376e-09  9.6631e-17  4.90145e-11  
7.55372e-15  2.62871e-21  1.32273e-10  4.26595e-10  5.46247e-11  2.66298e-10  1.03852e-13  2.29977e-10  3.22644e-11  4.15861e-14  
4.48405e-11  2.45764e-16  1.14571e-19  5.65643e-12  1.21834e-16  1.05823e-10  3.92328e-11  1.64332e-10  7.38253e-11  3.14255e-10  
6.55719e-18  4.2835e-12  6.56443e-11  1.59014e-16  4.14693e-19  1.16074e-10  4.98976e-11  2.30856e-10  9.48453e-11  4.77485e-10  
8.73974e-11  2.02112e-10  7.82213e-11  3.15691e-10  8.17728e-17  3.25717e-11  7.26456e-11  1.18322e-15  3.49414e-16  1.20716e-10  
9.75473e-11  3.34948e-10  1.47021e-10  7.35401e-10  9.42507e-11  7.13025e-11  6.61575e-17  3.12394e-16  7.67307e-11  3.71286e-10  
1.25413e-10  7.37694e-10  3.76853e-16  3.12264e-12  1.53367e-10  3.61924e-16  1.3303e-19  4.27808e-10  1.95675e-10  5.08573e-10  
6.94822e-16  1.46122e-10  8.80938e-11  3.36338e-17  3.15765e-11  2.3605e-10  6.87447e-11  4.16015e-10  8.12634e-11  4.265e-10  
1.35224e-16  5.76615e-11  7.83438e-11  6.96304e-16  8.22815e-11  1.41885e-10  5.10595e-14  3.13031e-10  1.30099e-10  5.88131e-10  
1.86039e-10  6.46276e-10  2.73749e-10  9.02262e-10  3.57557e-10  1.5403e-09  6.87653e-10  1.11226e-14  5.7837e-10  8.40335e-10  
4.65408e-10  6.71373e-09  1.06813e-08  1.23046e-07  1.55283e-09  2.304e-18  4.57742e-09  
9.13541e-25  9.00199e-17  6.90939e-28  3.50876e-36  0.168359  7.7981e-24  1.7165e-32  0  0.0237234  1.57537e-08  1.30281e-06  
3.79117e-16  2.19045e-05  1.69555e-07  3.56767e-30  2.57436e-20  0.00110478  2.37301e-06  1.48993e-06  3.99874e-22  3.12672e-20  
1.58653e-12  1.3328e-06  1.94852e-19  2.32144e-31  1.28194e-05  4.96873e-07  0.00101145  7.2059e-18  8.21167e-25  5.55299e-15  
7.09128e-06  6.85625e-15  1.12951e-30  1.45882e-05  1.34122e-06  1.43312e-06  5.7223e-19  9.37844e-22  1.04788e-08  1.13674e-25  
1.50406e-06  2.19768e-18  6.28046e-27  4.99602e-06  2.59451e-07  3.30649e-07  4.2344e-07  4.8274e-15  2.74585e-17  1.69447e-06  
3.07801e-08  1.4003e-07  1.01853e-15  1.23677e-08  1.11889e-08  6.89356e-10  6.35677e-08  1.95883e-07  2.65611e-14  9.69044e-08  
1.83004e-12  9.0875e-09  2.23392e-08  2.01348e-09  5.1967e-09  1.75506e-07  1.11468e-09  7.26517e-09  1.48586e-09  1.13249e-08  
6.23148e-15  5.19611e-09  5.53603e-17  4.43673e-10  1.09702e-09  1.67591e-15  4.08802e-17  6.21459e-24  1.9119e-09  9.46534e-10  
4.68084e-09  4.31267e-09  2.7188e-08  9.93447e-10  3.93527e-08  3.84256e-09  1.22579e-08  5.0277e-08  1.0026e-07  1.2197e-12  
2.93314e-06  3.58094e-07  4.45455e-07  1.06954e-13  1.20147e-08  1.13743e-07  2.45783e-12  5.46492e-08  4.28269e-09  1.01931e-07  
3.39491e-08  6.18952e-08  5.96733e-12  7.7038e-08  2.66027e-08  5.7388e-16  1.53889e-08  7.22779e-09  4.32482e-14  1.45543e-08  
2.9997e-09  1.68432e-08  6.57476e-18  9.85032e-11  3.07446e-09  2.1401e-18  3.12063e-09  5.21064e-09  2.10743e-15  5.69981e-09  
1.53491e-09  7.59421e-09  6.71379e-10  2.67101e-09  1.04867e-09  6.92468e-09  1.29401e-09  9.41842e-09  2.1199e-10  5.17613e-19  
1.22166e-09  1.69818e-11  6.43892e-12  6.15786e-09  1.52242e-09  1.31193e-08  1.67472e-13  1.31612e-17  1.04682e-08  2.00237e-09  
4.00751e-15  6.78804e-10  5.18649e-09  3.28057e-09  6.59369e-08  7.98217e-15  1.73317e-18  1.79534e-08  3.62376e-16  5.28394e-21  
2.28546e-08  5.15031e-09  8.7341e-09  2.93193e-09  1.32867e-08  7.24668e-15  5.87745e-10  9.25056e-11  1.16113e-12  3.94615e-15  
4.27216e-12  1.33814e-09  2.87448e-09  1.04687e-09  3.65352e-09  4.1696e-10  8.11902e-11  1.79987e-09  3.95039e-10  2.28913e-09  
4.40225e-10  1.27862e-09  3.45468e-10  1.4172e-09  2.91373e-10  1.76475e-09  1.77949e-11  4.75614e-21  5.03994e-10  2.69022e-12  
8.87338e-17  1.468e-09  5.34071e-10  1.81096e-09  5.83139e-10  2.63339e-09  5.4529e-10  3.76993e-09  1.19349e-09  5.08401e-09  
1.64669e-09  8.72283e-09  7.37648e-10  1.15148e-09  4.39454e-10  2.19728e-09  7.84161e-10  4.1174e-09  5.59793e-10  1.56135e-18  
3.7928e-21  1.37744e-09  5.56919e-10  2.8209e-09  9.87245e-10  5.47988e-09  4.48326e-16  1.20858e-10  6.98961e-10  1.05274e-14  
1.39279e-10  1.34256e-16  3.59201e-20  2.20759e-09  7.1796e-10  5.49329e-09  4.67213e-09  7.44012e-08  9.02264e-09  3.05288e-08  
2.6816e-15  2.04547e-10  2.38117e-09  8.63233e-09  1.07671e-09  3.77083e-09  6.3254e-10  3.78732e-09  9.03403e-16  4.40631e-11  
6.75621e-14  7.43726e-19  3.0699e-10  1.27509e-09  1.39087e-10  7.41143e-10  1.26236e-12  5.42926e-10  7.47599e-11  2.45532e-13  
1.20645e-10  9.12344e-15  2.55739e-16  4.69433e-11  1.84574e-15  2.97612e-10  1.11529e-10  4.92851e-10  2.03142e-10  9.32579e-10  
6.36051e-17  3.8508e-12  1.89128e-10  2.84747e-15  2.08923e-18  3.50583e-10  1.4216e-10  6.95142e-10  2.63938e-10  1.38352e-09  
2.44552e-10  5.80784e-10  2.02626e-10  9.47599e-10  7.99492e-16  3.05966e-11  2.07218e-10  1.11962e-14  1.43244e-15  4.00712e-10  
2.65105e-10  9.5124e-10  3.90381e-10  2.0828e-09  2.45937e-10  1.83389e-10  6.08111e-16  3.04383e-16  2.01136e-10  1.00553e-09  
3.24581e-10  2.10983e-09  3.7449e-15  1.09577e-11  3.65339e-10  3.07353e-15  3.00578e-18  1.20616e-09  5.32259e-10  1.33011e-09  
6.79129e-15  2.03612e-10  2.48771e-10  3.3636e-16  4.16387e-11  7.01088e-10  2.04875e-10  1.14943e-09  2.10446e-10  1.19855e-09  
1.38495e-15  9.03299e-11  2.02864e-10  6.83965e-15  2.557e-10  5.00555e-10  1.00906e-12  9.01117e-10  3.69141e-10  1.62256e-09  
4.57567e-10  1.63851e-09  7.01689e-10  2.57964e-09  9.9496e-10  4.6091e-09  1.78532e-09  1.1792e-13  5.52422e-10  2.70563e-09  
1.74216e-09  2.12173e-08  3.4957e-08  2.95645e-07  2.94769e-09  1.09294e-16  9.20141e-09  
1.77573e-24  3.32081e-17  1.3306e-27  2.39082e-35  0.176825  1.99648e-24  1.31987e-28  0  0.0203424  7.08824e-09  1.02131e-05  
1.64552e-15  0.000719301  3.88864e-07  8.65223e-30  1.23261e-18  0.00107536  2.0562e-06  1.46506e-05  1.37587e-20  5.80985e-20  
7.39271e-10  1.16246e-06  5.75255e-19  3.91073e-27  1.27489e-05  4.28794e-07  0.000879148  1.58022e-17  7.05914e-24  3.68068e-12  
1.09144e-05  3.38965e-14  3.95818e-27  1.14782e-05  1.124e-06  1.07963e-06  5.26009e-19  1.90819e-20  2.45543e-08  9.5142e-25  
1.53558e-06  7.22522e-18  4.92608e-25  4.96097e-06  2.58869e-07  3.12283e-07  3.33712e-07  1.23596e-14  1.30095e-16  1.73333e-06  
2.8693e-08  1.32762e-07  4.27002e-15  9.84394e-09  1.21904e-08  6.79871e-10  5.9385e-08  2.15302e-07  1.3411e-13  9.48161e-08  
1.11207e-10  7.25501e-09  2.20137e-08  1.87166e-09  4.76511e-09  1.9009e-07  1.37136e-09  6.66399e-09  1.35721e-09  1.04667e-08  
3.52742e-14  4.11756e-09  2.09136e-16  4.61682e-10  9.73778e-10  6.76753e-15  1.54392e-16  2.13898e-23  1.73321e-09  8.91469e-10  
5.04742e-09  3.79644e-09  1.97491e-08  9.53384e-10  4.0679e-08  3.98185e-09  1.08282e-08  5.2474e-08  1.21523e-07  1.64804e-10  
3.18443e-06  3.37039e-07  4.08083e-07  4.82162e-13  1.06737e-08  1.04192e-07  5.13624e-10  6.68828e-08  4.74885e-09  1.00706e-07  
3.15051e-08  5.78753e-08  7.3497e-10  7.59343e-08  2.39164e-08  2.46356e-15  1.54925e-08  7.52413e-09  4.53961e-13  1.50208e-08  
3.09722e-09  1.73159e-08  2.92094e-17  1.02644e-10  3.21568e-09  9.38971e-18  3.1991e-09  5.39166e-09  1.04731e-14  5.84938e-09  
1.56208e-09  7.7462e-09  6.83027e-10  2.72638e-09  1.06842e-09  6.98829e-09  1.34864e-09  9.43511e-09  1.49136e-10  1.63593e-18  
1.22159e-09  4.61098e-11  9.7193e-12  6.17952e-09  1.48858e-09  1.29647e-08  4.91356e-11  6.50213e-17  7.55012e-09  1.85342e-09  
1.84257e-14  5.6e-10  5.1657e-09  3.23322e-09  5.98808e-08  4.27475e-14  7.45653e-14  1.60159e-08  1.87716e-15  2.60564e-19  
1.97014e-08  4.42924e-09  7.42339e-09  2.49419e-09  1.09395e-08  4.19696e-14  5.18708e-10  7.09178e-11  7.61886e-12  2.35114e-14  
4.09064e-12  1.09983e-09  2.38287e-09  8.61579e-10  2.99005e-09  3.50952e-10  5.54353e-11  1.45754e-09  3.20591e-10  1.85713e-09  
3.51722e-10  1.02956e-09  2.77398e-10  1.14028e-09  2.34496e-10  1.41027e-09  1.26086e-11  1.24864e-20  3.98608e-10  5.17391e-12  
6.64121e-15  1.1746e-09  4.22988e-10  1.44482e-09  4.58277e-10  2.09047e-09  4.28408e-10  2.97435e-09  9.27634e-10  3.99616e-09  
1.27514e-09  6.74409e-09  5.55403e-10  8.81293e-10  3.33749e-10  1.68045e-09  5.93407e-10  3.12357e-09  4.2226e-10  9.04162e-18  
1.90751e-16  1.03243e-09  4.16056e-10  2.10771e-09  7.45254e-10  4.06618e-09  2.9005e-15  1.06644e-10  5.19819e-10  3.44796e-14  
1.18058e-10  5.6309e-16  1.08613e-14  1.60597e-09  5.26692e-10  4.03469e-09  3.40762e-09  4.97058e-08  5.96037e-09  1.9376e-08  
1.41472e-14  1.7939e-10  1.55154e-09  5.43575e-09  6.95533e-10  2.38524e-09  4.03393e-10  2.35027e-09  4.42788e-15  3.70971e-11  
7.4946e-12  6.16799e-17  1.91161e-10  7.93589e-10  9.00913e-11  4.62623e-10  3.50044e-11  3.37142e-10  1.67661e-11  5.85815e-12  
8.36899e-11  8.72329e-15  7.30085e-13  1.60613e-11  1.42731e-14  1.90372e-10  7.12684e-11  3.06107e-10  1.2789e-10  5.74871e-10  
3.01802e-16  3.24006e-12  1.17564e-10  5.71513e-15  8.12639e-18  2.14862e-10  8.87903e-11  4.28003e-10  1.64326e-10  8.54997e-10  
1.51868e-10  3.59692e-10  1.28636e-10  5.807e-10  3.83423e-15  2.48836e-11  1.27526e-10  5.8254e-14  4.50518e-13  2.44596e-10  
1.6407e-10  5.90096e-10  2.45594e-10  1.29108e-09  1.55385e-10  1.15776e-10  2.65789e-15  1.7109e-15  1.2591e-10  6.30943e-10  
2.03916e-10  1.30457e-09  1.69188e-14  1.01459e-11  2.33711e-10  1.22643e-14  1.38796e-17  7.43588e-10  3.3446e-10  8.37762e-10  
2.90005e-14  1.46717e-10  1.52807e-10  1.50038e-15  3.06193e-11  4.33278e-10  1.27067e-10  7.18259e-10  1.32526e-10  7.41457e-10  
5.89511e-15  6.22519e-11  1.27659e-10  2.85965e-14  1.19746e-10  3.01034e-10  3.7795e-11  5.52738e-10  2.26927e-10  1.0074e-09  
2.91206e-10  1.04057e-09  4.43638e-10  1.59206e-09  6.1607e-10  2.8192e-09  1.11823e-09  1.36775e-11  4.70755e-10  1.63005e-09  
1.03202e-09  1.29395e-08  2.16792e-08  2.02664e-07  2.13535e-09  7.47964e-17  6.65534e-09  
6.03791e-22  1.23459e-16  2.30016e-27  8.95636e-38  0.183707  5.02728e-24  7.25787e-31  0  0.0184465  3.65215e-09  9.04051e-06  
1.15039e-13  0.000609435  4.08925e-07  4.07529e-26  1.515e-16  0.00096488  1.79656e-06  5.69146e-05  1.63704e-17  4.18019e-18  
7.85565e-09  1.0343e-06  1.52286e-16  3.36664e-24  1.26998e-05  3.82948e-07  0.00078125  4.0341e-15  6.52938e-22  1.14087e-12  
9.82198e-06  9.45544e-12  1.32024e-25  1.07414e-05  1.00642e-06  9.67246e-07  1.60694e-16  2.06113e-18  6.35622e-08  1.46974e-22  
1.60649e-06  2.41878e-15  2.08878e-22  4.93803e-06  2.56601e-07  2.95333e-07  3.00123e-07  5.17123e-12  5.16609e-14  1.759e-06  
2.72304e-08  1.27795e-07  7.06265e-13  8.76741e-09  1.29048e-08  6.24033e-10  5.36712e-08  2.28319e-07  4.43055e-11  9.10084e-08  
1.1307e-10  6.4337e-09  2.13246e-08  1.67816e-09  4.36218e-09  1.99042e-07  1.33577e-09  6.11844e-09  1.24643e-09  9.92714e-09  
2.78627e-12  3.64288e-09  8.79847e-14  4.68546e-10  8.80935e-10  1.61883e-12  7.44064e-14  3.89105e-18  1.64132e-09  8.82218e-10  
5.42124e-09  3.46039e-09  1.75326e-08  9.83249e-10  4.19725e-08  4.16277e-09  9.84443e-09  5.21928e-08  1.39187e-07  2.68959e-10  
3.33719e-06  3.13123e-07  3.65195e-07  1.10947e-10  9.4862e-09  9.37138e-08  4.1375e-10  7.63433e-08  4.52663e-09  9.61596e-08  
2.84095e-08  5.23811e-08  7.22e-10  6.75446e-08  2.13807e-08  6.78199e-13  1.38305e-08  7.02136e-09  1.48828e-11  1.34805e-08  
2.77092e-09  1.54452e-08  7.26571e-15  9.49343e-11  2.85249e-09  2.51761e-15  2.8311e-09  4.77522e-09  4.28391e-12  5.18386e-09  
1.38524e-09  6.86472e-09  6.06434e-10  2.41082e-09  9.46002e-10  6.18178e-09  1.19313e-09  8.34923e-09  1.29851e-10  4.32458e-16  
1.08206e-09  4.55476e-11  9.21836e-12  5.45545e-09  1.32115e-09  1.14703e-08  4.11092e-11  1.67553e-14  6.68291e-09  1.64082e-09  
6.50623e-12  4.98083e-10  4.56381e-09  2.85732e-09  5.29182e-08  8.85447e-12  6.31614e-14  1.41559e-08  6.82081e-13  7.73278e-15  
1.74132e-08  3.91819e-09  6.56519e-09  2.2064e-09  9.66657e-09  7.35338e-12  4.60982e-10  6.23601e-11  7.59711e-12  1.75308e-12  
3.75265e-12  9.62609e-10  2.10881e-09  7.61638e-10  2.64392e-09  3.11288e-10  4.78131e-11  1.28797e-09  2.83364e-10  1.64229e-09  
3.10194e-10  9.10332e-10  2.45016e-10  1.00837e-09  2.0705e-10  1.24628e-09  1.11081e-11  3.44527e-18  3.51609e-10  5.03998e-12  
4.00298e-14  1.03879e-09  3.73389e-10  1.27758e-09  4.04368e-10  1.84827e-09  3.7823e-10  2.62938e-09  8.18833e-10  3.5338e-09  
1.12626e-09  5.96199e-09  4.89599e-10  7.79101e-10  2.94681e-10  1.48534e-09  5.24025e-10  2.76071e-09  3.7328e-10  2.39028e-15  
6.18393e-16  9.1201e-10  3.6784e-10  1.86235e-09  6.59404e-10  3.59292e-09  1.21054e-12  9.49782e-11  4.58303e-10  5.58622e-12  
1.04049e-10  2.1928e-13  1.0245e-14  1.41291e-09  4.65824e-10  3.56512e-09  3.01061e-09  4.39165e-08  5.26618e-09  1.71141e-08  
3.86415e-12  1.5931e-10  1.36803e-09  4.80173e-09  6.15018e-10  2.1074e-09  3.56441e-10  2.07535e-09  1.81329e-12  3.27611e-11  
7.47279e-12  2.48209e-14  1.65981e-10  7.0189e-10  8.00104e-11  4.08274e-10  3.33255e-11  2.96574e-10  1.26017e-11  5.29153e-12  
7.37111e-11  2.33163e-12  5.8661e-13  1.3848e-11  4.51463e-13  1.6656e-10  6.31168e-11  2.70638e-10  1.13246e-10  5.07528e-10  
8.77774e-14  2.89168e-12  1.03826e-10  1.81695e-12  4.5538e-14  1.87835e-10  7.85409e-11  3.77957e-10  1.45282e-10  7.54942e-10  
1.34189e-10  3.17678e-10  1.13932e-10  5.12442e-10  1.61291e-12  2.19179e-11  1.11075e-10  5.2227e-12  5.01524e-13  2.11442e-10  
1.44294e-10  5.21327e-10  2.17217e-10  1.14036e-09  1.37521e-10  1.02323e-10  1.11232e-12  4.28347e-15  1.10025e-10  5.57584e-10  
1.80206e-10  1.15223e-09  3.96771e-12  8.88639e-12  2.02735e-10  3.27925e-12  2.12905e-14  6.53543e-10  2.95915e-10  7.40464e-10  
4.39787e-12  1.29249e-10  1.29989e-10  5.85191e-13  2.70333e-11  3.83023e-10  1.12518e-10  6.34943e-10  1.17251e-10  6.54818e-10  
2.20233e-12  5.47023e-11  1.10798e-10  4.18593e-12  1.03637e-10  2.62384e-10  3.56778e-11  4.88129e-10  2.00453e-10  8.90254e-10  
2.5769e-10  9.20232e-10  3.92184e-10  1.40636e-09  5.44232e-10  2.48992e-09  9.88006e-10  1.14943e-11  4.17191e-10  1.44131e-09  
9.11406e-10  1.14228e-08  1.91352e-08  1.79084e-07  1.88996e-09  2.9953e-14  5.88548e-09  
7.3783e-23  2.50421e-15  6.36343e-26  1.19841e-31  0.190776  5.2267e-24  4.42915e-29  0  0.0164768  6.62714e-08  7.92782e-06  
5.50972e-15  0.000448055  4.19321e-07  9.56283e-29  1.09741e-17  0.000843722  1.54799e-06  0.000152821  5.74435e-18  1.71648e-19  
7.3704e-08  9.04726e-07  1.49016e-17  1.53015e-24  1.26442e-05  3.37041e-07  0.000686137  4.23439e-16  2.84065e-23  8.26179e-13  
8.739e-06  1.0949e-12  4.82786e-27  9.98854e-06  8.92003e-07  8.51225e-07  2.62495e-17  9.53849e-20  1.3083e-07  1.09204e-23  
1.71745e-06  3.50861e-16  1.52896e-23  4.91648e-06  2.54285e-07  2.77969e-07  2.67208e-07  7.54843e-13  1.38684e-14  1.78478e-06  
2.58012e-08  1.22792e-07  4.67523e-13  7.70397e-09  1.36422e-08  5.5072e-10  4.77441e-08  2.41561e-07  1.51293e-11  8.7162e-08  
1.13388e-10  5.62517e-09  2.06368e-08  1.47121e-09  3.95347e-09  2.08063e-07  1.20985e-09  5.5721e-09  1.13633e-09  9.40148e-09  
2.55291e-12  3.17989e-09  7.36522e-15  4.75309e-10  7.90057e-10  5.7959e-13  5.74096e-15  3.57917e-20  1.55427e-09  8.78973e-10  
5.81316e-09  3.10819e-09  1.53703e-08  1.02192e-09  4.32785e-08  4.38099e-09  8.79949e-09  5.10892e-08  1.57992e-07  4.15449e-10  
3.49066e-06  2.87415e-07  3.21134e-07  4.20789e-11  8.28057e-09  8.32566e-08  4.86206e-10  8.61067e-08  4.08295e-09  9.14268e-08  
2.51687e-08  4.68195e-08  7.10166e-10  5.92325e-08  1.87998e-08  8.1037e-14  1.21853e-08  6.52101e-09  1.62967e-11  1.19771e-08  
2.45057e-09  1.36218e-08  9.94961e-16  8.75881e-11  2.4992e-09  3.6706e-16  2.48199e-09  4.17809e-09  4.93378e-13  4.53929e-09  
1.21387e-09  6.01116e-09  5.32712e-10  2.10495e-09  8.27959e-10  5.40058e-09  1.04249e-09  7.29881e-09  1.12411e-10  6.11875e-17  
9.46998e-10  4.35922e-11  8.46378e-12  4.75677e-09  1.15895e-09  1.00206e-08  4.31808e-11  2.2441e-15  5.83441e-09  1.42439e-09  
1.13005e-12  4.36033e-10  3.99042e-09  2.49317e-09  4.61564e-08  3.63105e-12  5.87114e-14  1.2356e-08  5.93457e-14  3.45159e-15  
1.51887e-08  3.41932e-09  5.72788e-09  1.92538e-09  8.42924e-09  3.58699e-12  4.02434e-10  5.40111e-11  7.3405e-12  2.11339e-12  
3.40148e-12  8.41378e-10  1.84103e-09  6.64164e-10  2.30673e-09  2.72575e-10  4.04782e-11  1.12324e-09  2.47179e-10  1.43318e-09  
2.69886e-10  7.94552e-10  2.13558e-10  8.80201e-10  1.80511e-10  1.08721e-09  9.47359e-12  4.55055e-19  3.0603e-10  4.74491e-12  
5.55056e-14  9.06887e-10  3.25243e-10  1.11504e-09  3.52122e-10  1.61283e-09  3.29531e-10  2.29403e-09  7.1344e-10  3.08369e-09  
9.81764e-10  5.20124e-09  4.25935e-10  6.79986e-10  2.56804e-10  1.2958e-09  4.56791e-10  2.40838e-09  3.25929e-10  3.51463e-16  
9.97773e-16  7.9519e-10  3.21362e-10  1.62434e-09  5.76147e-10  3.13384e-09  9.95769e-14  8.3157e-11  4.00922e-10  1.81994e-12  
9.01518e-11  2.72941e-14  1.00441e-14  1.23532e-09  4.06989e-10  3.10985e-09  2.62541e-09  3.83016e-08  4.59292e-09  1.49234e-08  
1.12673e-12  1.38982e-10  1.19608e-09  4.18749e-09  5.36788e-10  1.83785e-09  3.10954e-10  1.80923e-09  2.03052e-13  2.84343e-11  
1.27211e-11  4.50925e-15  1.39934e-10  6.12752e-10  7.0267e-11  3.55581e-10  3.18319e-11  2.57136e-10  8.66543e-12  4.85453e-12  
6.45291e-11  2.93922e-13  5.99812e-13  1.14867e-11  4.43875e-13  1.47687e-10  5.50242e-11  2.36201e-10  9.91231e-11  4.42329e-10  
1.02262e-14  2.55152e-12  9.07122e-11  1.79245e-13  1.00501e-15  1.65088e-10  6.87446e-11  3.29473e-10  1.26931e-10  6.58055e-10  
1.1713e-10  2.7696e-10  9.97241e-11  4.46331e-10  1.63715e-13  1.89888e-11  9.8243e-11  3.98478e-12  7.4772e-13  1.85286e-10  
1.25258e-10  4.54636e-10  1.89748e-10  9.94266e-10  1.20232e-10  8.92703e-11  9.50389e-14  8.27633e-15  9.67074e-11  4.86285e-10  
1.57278e-10  1.00454e-09  1.45018e-12  7.73178e-12  1.79113e-10  8.90024e-13  9.92743e-16  5.71632e-10  2.58533e-10  6.45931e-10  
2.38835e-12  1.12226e-10  1.14145e-10  5.07522e-14  2.35062e-11  3.35212e-10  9.84479e-11  5.53942e-10  1.02523e-10  5.70797e-10  
3.28659e-13  4.7641e-11  9.85659e-11  2.24877e-12  8.70097e-11  2.30416e-10  3.47388e-11  4.25693e-10  1.74904e-10  7.766e-10  
2.25183e-10  8.03014e-10  3.42157e-10  1.22635e-09  4.74645e-10  2.17122e-09  8.61798e-10  1.42993e-11  3.63376e-10  1.25367e-09  
7.95169e-10  9.95874e-09  1.66833e-08  1.5618e-07  1.64957e-09  2.33856e-15  5.13358e-09  
2.80925e-21  2.10629e-17  3.3779e-28  1.04801e-33  0.189948  5.00287e-24  1.31921e-30  0  0.0167161  4.73851e-10  7.6667e-06  
7.94949e-14  9.78121e-05  5.45132e-07  2.30817e-26  9.82947e-17  0.000813778  1.40667e-06  0.00039284  3.92037e-16  2.80006e-18  
5.85919e-07  8.9144e-07  3.30422e-16  3.69432e-22  1.26968e-05  3.39566e-07  0.000754949  1.09343e-14  6.31585e-22  7.89978e-13  
8.46294e-06  3.41997e-11  9.29866e-26  9.78743e-06  8.68067e-07  8.24017e-07  6.96483e-16  1.96093e-18  1.49021e-07  5.36415e-22  
1.75387e-06  9.64526e-15  5.76979e-22  4.91149e-06  2.53834e-07  2.73804e-07  2.58877e-07  7.26241e-12  1.00433e-13  1.79105e-06  
2.55375e-08  1.21528e-07  1.61731e-12  7.43634e-09  1.38226e-08  5.37276e-10  4.62864e-08  2.44809e-07  7.42199e-11  8.62001e-08  
1.29738e-10  5.4197e-09  2.0447e-08  1.4251e-09  3.84803e-09  2.10288e-07  1.21882e-09  5.43581e-09  1.10934e-09  9.26698e-09  
6.5018e-12  3.06201e-09  1.42496e-13  4.77004e-10  7.64316e-10  2.31207e-12  7.58636e-14  9.74221e-18  1.53082e-09  8.77484e-10  
5.90433e-09  3.02697e-09  1.48232e-08  1.03127e-09  4.35965e-08  4.43644e-09  8.54734e-09  5.06662e-08  1.62478e-07  7.70078e-10  
3.52812e-06  2.81833e-07  3.10401e-07  1.68242e-10  7.97046e-09  8.04925e-08  6.97662e-10  8.84152e-08  4.12298e-09  9.0078e-08  
2.43839e-08  4.54515e-08  7.86228e-10  5.71495e-08  1.80424e-08  2.58524e-12  1.17706e-08  6.40816e-09  3.55488e-11  1.15979e-08  
2.37101e-09  1.3165e-08  2.36798e-14  8.57024e-11  2.40677e-09  8.49461e-15  2.38941e-09  4.02611e-09  5.31463e-12  4.37531e-09  
1.17143e-09  5.79422e-09  5.14476e-10  2.02581e-09  7.98142e-10  5.20331e-09  1.00668e-09  7.03091e-09  1.04001e-10  1.34826e-15  
9.1322e-10  4.59728e-11  8.72365e-12  4.57449e-09  1.12305e-09  9.65161e-09  5.46281e-11  6.95406e-14  5.61853e-09  1.35673e-09  
7.68805e-12  4.20445e-10  3.84175e-09  2.40167e-09  4.44379e-08  1.32004e-11  7.16495e-14  1.18917e-08  1.34625e-12  1.1801e-14  
1.46211e-08  3.29473e-09  5.51617e-09  1.8551e-09  8.1128e-09  1.20151e-11  3.87263e-10  5.10066e-11  7.92782e-12  4.57027e-12  
3.29116e-12  7.98534e-10  1.77481e-09  6.38834e-10  2.22163e-09  2.63637e-10  3.72102e-11  1.08154e-09  2.37692e-10  1.38103e-09  
2.58318e-10  7.66168e-10  2.04921e-10  8.48668e-10  1.73402e-10  1.04738e-09  8.64657e-12  1.06439e-17  2.93187e-10  4.99842e-12  
1.08171e-13  8.74908e-10  3.12174e-10  1.07489e-09  3.38028e-10  1.55402e-09  3.16507e-10  2.20976e-09  6.85769e-10  2.97121e-09  
9.44186e-10  5.00944e-09  4.083e-10  6.55619e-10  2.46899e-10  1.24811e-09  4.39213e-10  2.31957e-09  3.13579e-10  8.55804e-15  
1.95138e-15  7.65361e-10  3.09186e-10  1.56418e-09  5.5568e-10  3.01702e-09  1.78302e-12  8.00558e-11  3.84511e-10  5.22813e-12  
8.60501e-11  2.51046e-13  1.32131e-14  1.18571e-09  3.93003e-10  2.99463e-09  2.5272e-09  3.68799e-08  4.42236e-09  1.43669e-08  
5.23611e-12  1.33595e-10  1.14863e-09  4.03162e-09  5.17549e-10  1.76918e-09  2.99783e-10  1.74072e-09  2.26472e-12  2.71687e-11  
1.93608e-11  1.19975e-13  1.26014e-10  5.9031e-10  6.85919e-11  3.41488e-10  3.40878e-11  2.45823e-10  5.79945e-12  4.46818e-12  
6.19563e-11  1.44115e-12  9.05118e-13  1.02422e-11  8.03881e-13  1.41892e-10  5.28494e-11  2.27465e-10  9.61887e-11  4.25255e-10  
3.24968e-13  2.45017e-12  8.71865e-11  1.23485e-12  3.81983e-14  1.5758e-10  6.66938e-11  3.16707e-10  1.22748e-10  6.32948e-10  
1.13011e-10  2.66378e-10  9.67488e-11  4.28602e-10  2.09082e-12  1.81067e-11  9.31368e-11  9.81656e-12  1.80248e-12  1.72108e-10  
1.19679e-10  4.37594e-10  1.83395e-10  9.56785e-10  1.16352e-10  8.60332e-11  1.48894e-12  9.0186e-15  9.15475e-11  4.67936e-10  
1.51858e-10  9.66504e-10  5.93145e-12  7.44735e-12  1.68763e-10  4.2103e-12  4.44475e-14  5.46099e-10  2.49756e-10  6.22063e-10  
7.43112e-12  1.073e-10  1.03758e-10  1.04043e-12  2.25317e-11  3.22718e-10  9.5462e-11  5.33289e-10  9.93014e-11  5.48932e-10  
2.7093e-12  4.53433e-11  9.31009e-11  6.69022e-12  7.93425e-11  2.17241e-10  3.82736e-11  4.09711e-10  1.6831e-10  7.47856e-10  
2.17587e-10  7.73597e-10  3.29619e-10  1.18046e-09  4.57186e-10  2.08992e-09  8.30706e-10  2.14181e-11  3.48808e-10  1.20057e-09  
7.66141e-10  9.58573e-09  1.60607e-08  1.50375e-07  1.59001e-09  3.98494e-14  4.94286e-09  
4.99066e-20  3.1956e-17  4.14803e-27  2.75026e-33  0.188361  4.88244e-24  6.99431e-31  0  0.017199  6.78963e-10  7.46113e-06  
2.18018e-13  2.88607e-06  6.3484e-07  2.15586e-25  1.10046e-17  0.000794867  1.16779e-06  0.000215807  2.72892e-15  7.11143e-18  
4.51502e-08  9.60566e-07  4.17886e-15  1.22679e-22  1.28633e-05  3.82928e-07  0.000999776  1.71429e-13  1.8632e-21  6.15976e-13  
8.29115e-06  3.01952e-10  1.9761e-25  9.65214e-06  8.93851e-07  8.20713e-07  9.30961e-15  5.24364e-18  1.47837e-07  2.15902e-21  
1.77643e-06  1.1881e-13  1.66953e-21  4.9084e-06  2.54248e-07  2.72002e-07  2.53339e-07  6.57863e-11  1.00205e-12  1.794e-06  
2.58643e-08  1.20769e-07  8.70438e-12  7.26682e-09  1.39104e-08  5.47852e-10  4.5394e-08  2.46511e-07  4.45085e-10  8.56246e-08  
1.97501e-10  5.28164e-09  2.02675e-08  1.42003e-09  3.77322e-09  2.11516e-07  1.37735e-09  5.35386e-09  1.09555e-09  9.17157e-09  
2.64215e-11  2.98006e-09  1.44451e-12  4.78059e-10  7.3599e-10  1.3143e-11  8.55813e-13  1.01007e-15  1.50793e-09  8.73018e-10  
5.93286e-09  3.00437e-09  1.44602e-08  1.03624e-09  4.37501e-08  4.47894e-09  8.43169e-09  4.99344e-08  1.64287e-07  2.18615e-09  
3.5464e-06  2.82801e-07  3.05037e-07  9.77175e-10  7.75661e-09  7.80925e-08  1.49894e-09  8.92462e-08  4.76728e-09  8.86631e-08  
2.40425e-08  4.47126e-08  1.08247e-09  5.5847e-08  1.72023e-08  2.25429e-11  1.14959e-08  6.37296e-09  1.21344e-10  1.13556e-08  
2.32398e-09  1.28798e-08  2.79989e-13  8.43402e-11  2.33225e-09  1.03841e-13  2.29442e-09  3.92145e-09  4.77084e-11  4.2636e-09  
1.14771e-09  5.64554e-09  5.0387e-10  1.96635e-09  7.78375e-10  5.07409e-09  9.9093e-10  6.84539e-09  8.62346e-11  1.40082e-14  
8.92304e-10  5.55858e-11  1.07189e-11  4.43143e-09  1.12094e-09  9.39709e-09  9.99873e-11  7.10441e-13  5.47233e-09  1.27029e-09  
5.75219e-11  4.12265e-10  3.70917e-09  2.34311e-09  4.32724e-08  7.11761e-11  3.08938e-13  1.1539e-08  1.29794e-11  4.56512e-13  
1.42202e-08  3.22033e-09  5.37618e-09  1.81164e-09  7.89024e-09  6.11438e-11  3.76604e-10  4.62179e-11  1.01287e-11  1.12435e-11  
3.1478e-12  7.23059e-10  1.73476e-09  6.19286e-10  2.1655e-09  2.59793e-10  3.07602e-11  1.05421e-09  2.29933e-10  1.34952e-09  
2.4558e-10  7.50423e-10  1.96483e-10  8.31208e-10  1.6691e-10  1.02281e-09  6.86161e-12  1.04606e-16  2.79422e-10  6.11303e-12  
3.31652e-13  8.59253e-10  3.00082e-10  1.05218e-09  3.25622e-10  1.5177e-09  3.05136e-10  2.15587e-09  6.64101e-10  2.9021e-09  
9.15247e-10  4.8847e-09  3.91264e-10  6.41891e-10  2.3916e-10  1.21727e-09  4.25428e-10  2.2624e-09  3.04015e-10  1.067e-13  
3.65848e-14  7.44471e-10  2.99447e-10  1.52432e-09  5.44608e-10  2.93706e-09  1.79442e-11  7.79801e-11  3.59638e-10  3.06601e-11  
8.42997e-11  2.14281e-12  9.10209e-14  1.12418e-09  3.86694e-10  2.91754e-09  2.45924e-09  3.59323e-08  4.30814e-09  1.39893e-08  
3.35159e-11  1.29624e-10  1.09544e-09  3.92528e-09  5.07193e-10  1.72121e-09  2.94416e-10  1.68996e-09  2.01611e-11  2.72341e-11  
3.26104e-11  1.50735e-12  9.50365e-11  5.70744e-10  7.08936e-11  3.29879e-10  4.09809e-11  2.37384e-10  1.58897e-12  2.06629e-12  
5.72719e-11  9.46059e-12  6.57327e-12  7.62608e-12  1.41412e-12  1.28467e-10  5.01387e-11  2.21513e-10  9.67901e-11  4.11742e-10  
2.87301e-12  2.59769e-12  8.3428e-11  8.94055e-12  2.36766e-12  1.41546e-10  6.69203e-11  3.06291e-10  1.2201e-10  6.14069e-10  
1.11156e-10  2.58116e-10  9.71286e-11  4.13047e-10  1.91319e-11  1.8675e-11  7.75805e-11  2.99566e-11  1.19571e-11  1.38231e-10  
1.11034e-10  4.25385e-10  1.81882e-10  9.29795e-10  1.15615e-10  8.44228e-11  1.41625e-11  8.22275e-15  7.73122e-11  4.52754e-10  
1.50056e-10  9.38359e-10  3.44857e-11  8.31896e-12  1.41609e-10  2.27461e-11  1.87269e-12  5.03931e-10  2.46968e-10  6.0645e-10  
3.40248e-11  1.03564e-10  7.40547e-11  7.75678e-12  2.30298e-11  3.04585e-10  9.53722e-11  5.18628e-10  9.94109e-11  5.32216e-10  
2.05556e-11  4.51124e-11  7.53982e-11  2.28401e-11  7.06e-11  1.86753e-10  4.83675e-11  3.99786e-10  1.63825e-10  7.28626e-10  
2.1529e-10  7.54378e-10  3.2201e-10  1.14841e-09  4.46697e-10  2.03203e-09  8.15355e-10  4.71349e-11  3.37078e-10  1.14545e-09  
7.47571e-10  9.32783e-09  1.56379e-08  1.46491e-07  1.55666e-09  3.92823e-13  4.81501e-09  
5.5899e-20  2.97895e-17  7.44448e-27  4.53237e-35  0.185274  4.78848e-24  3.24504e-30  0  0.0181899  2.40572e-10  7.3458e-06  
2.40434e-13  4.40054e-08  4.6439e-07  3.75165e-25  1.22386e-19  0.000790908  7.61286e-07  2.37518e-05  1.94006e-16  6.48309e-18  
3.60837e-10  1.20731e-06  3.53816e-15  1.42791e-24  1.32452e-05  4.6497e-07  0.0011821  1.3243e-13  1.88665e-21  4.03175e-13  
8.32413e-06  3.09799e-10  1.29923e-25  9.58721e-06  1.13452e-06  8.97603e-07  7.59821e-15  5.20533e-18  7.77225e-08  2.9954e-21  
1.7765e-06  7.89609e-14  8.91551e-22  4.90938e-06  2.60147e-07  2.79767e-07  2.51486e-07  1.88911e-10  6.40604e-12  1.78554e-06  
2.94414e-08  1.22206e-07  4.88268e-11  7.29354e-09  1.36986e-08  6.87952e-10  4.67265e-08  2.43438e-07  1.16763e-09  8.63493e-08  
6.78404e-10  5.22904e-09  1.97803e-08  1.60067e-09  3.72504e-09  2.09925e-07  2.2199e-09  5.42645e-09  1.12402e-09  9.09304e-09  
1.4657e-10  2.94196e-09  2.31807e-12  4.77852e-10  6.65041e-10  5.23948e-11  2.23412e-12  3.99565e-15  1.45839e-09  8.62025e-10  
5.69356e-09  3.23274e-09  1.43485e-08  1.02883e-09  4.33363e-08  4.5358e-09  8.80926e-09  4.65153e-08  1.55814e-07  1.07638e-08  
3.50004e-06  3.188e-07  3.19155e-07  4.59174e-09  7.73353e-09  7.55175e-08  6.42675e-09  8.40793e-08  9.1976e-09  8.47041e-08  
2.55374e-08  4.59727e-08  3.14433e-09  5.60795e-08  1.44435e-08  1.88701e-11  1.15163e-08  6.62508e-09  5.46184e-10  1.14354e-08  
2.35316e-09  1.29395e-08  2.12844e-13  8.30207e-11  2.22095e-09  7.36696e-14  2.22696e-09  3.84633e-09  1.08982e-10  4.23258e-09  
1.16792e-09  5.56876e-09  5.05936e-10  1.90393e-09  7.6568e-10  5.04278e-09  1.03574e-09  6.73678e-09  2.79982e-11  3.31534e-15  
8.92126e-10  7.27075e-11  2.50774e-11  4.2339e-09  1.24192e-09  9.2765e-09  3.97109e-10  6.0861e-13  5.41903e-09  9.90886e-10  
1.42128e-10  4.6138e-10  3.59003e-09  2.33044e-09  4.26918e-08  3.31681e-10  9.00209e-12  1.12362e-08  1.70493e-11  6.32522e-12  
1.39717e-08  3.25995e-09  5.33875e-09  1.8212e-09  7.72152e-09  2.97976e-10  3.78634e-10  2.77346e-11  1.56831e-11  8.86329e-11  
2.59157e-12  4.75135e-10  1.686e-09  5.95702e-10  2.14271e-09  2.66333e-10  1.00994e-11  1.04143e-09  2.22357e-10  1.35409e-09  
2.26386e-10  7.4532e-10  1.86891e-10  8.36284e-10  1.62233e-10  1.02045e-09  1.68551e-12  1.68242e-17  2.56804e-10  8.12825e-12  
1.26909e-12  8.71468e-10  2.86526e-10  1.06088e-09  3.11406e-10  1.51555e-09  2.91392e-10  2.14356e-09  6.38792e-10  2.91406e-09  
8.82376e-10  4.85745e-09  3.60768e-10  6.37853e-10  2.33202e-10  1.20912e-09  4.10578e-10  2.2511e-09  2.95565e-10  8.02737e-14  
4.90847e-13  7.27213e-10  2.87446e-10  1.5051e-09  5.54806e-10  2.89835e-09  3.01745e-11  8.23965e-11  3.59156e-10  7.29138e-11  
1.42563e-10  8.3156e-12  2.89154e-12  9.82567e-10  3.78887e-10  2.9033e-09  2.41673e-09  3.55886e-08  4.26282e-09  1.38001e-08  
1.32981e-10  1.36468e-10  1.01996e-09  3.85513e-09  5.1792e-10  1.69174e-09  3.02642e-10  1.63946e-09  4.24925e-11  6.03813e-11  
1.21577e-10  7.3687e-12  1.92098e-11  4.74736e-10  8.51973e-11  3.40644e-10  4.95209e-11  2.57874e-10  1.11444e-14  7.7734e-15  
4.80406e-11  1.06054e-11  3.27931e-11  1.28641e-12  3.26161e-13  8.34894e-11  3.28283e-11  2.18827e-10  1.03863e-10  4.07376e-10  
3.00982e-12  6.65551e-12  8.5704e-11  1.25747e-11  7.83513e-12  1.08485e-10  6.85617e-11  3.0662e-10  1.28343e-10  6.02941e-10  
1.11923e-10  2.51906e-10  1.01504e-10  3.95799e-10  3.6758e-11  5.25727e-11  7.97619e-11  5.39013e-11  1.01879e-10  4.21675e-11  
4.93273e-11  4.02906e-10  1.88205e-10  9.14988e-10  1.19592e-10  8.83155e-11  2.54882e-11  2.65506e-15  7.95326e-11  4.33433e-10  
1.51675e-10  9.13614e-10  1.33876e-10  4.70657e-11  1.0701e-10  3.87335e-11  6.96632e-12  3.54595e-10  2.60753e-10  6.18624e-10  
1.23385e-10  1.543e-10  3.33304e-11  4.37345e-12  3.17756e-11  2.0448e-10  7.97046e-11  5.09078e-10  1.04904e-10  5.23276e-10  
4.17761e-11  1.01052e-10  6.09026e-11  3.01973e-11  8.65918e-11  8.08947e-11  3.7324e-11  4.12175e-10  1.66209e-10  7.23281e-10  
2.2702e-10  7.58391e-10  3.24854e-10  1.12828e-09  4.49231e-10  1.9847e-09  8.46192e-10  1.91068e-10  3.51062e-10  9.84186e-10  
7.34829e-10  9.16069e-09  1.54223e-08  1.44966e-07  1.59596e-09  6.74154e-13  4.76556e-09  
1.33411e-20  3.334e-17  3.49533e-27  3.44069e-38  0.181539  4.66701e-24  6.05627e-30  0  0.0194224  1.5412e-10  7.26556e-06  
1.05883e-13  2.41074e-10  2.00875e-07  1.18851e-25  2.6189e-22  0.000799162  3.65739e-07  5.65286e-07  5.91932e-19  2.51249e-18  
6.42294e-13  1.4511e-06  5.61732e-16  1.38062e-27  1.36607e-05  5.23916e-07  0.00120115  1.67811e-14  7.80051e-22  1.40257e-12  
8.45669e-06  5.64425e-11  1.94161e-25  9.56322e-06  1.58842e-06  1.00936e-06  1.08476e-15  2.29827e-18  2.86188e-08  1.56966e-21  
1.76257e-06  9.08455e-15  1.42958e-22  4.91273e-06  2.69054e-07  2.94649e-07  2.51834e-07  3.53171e-11  1.10682e-12  1.77087e-06  
3.32945e-08  1.24446e-07  2.75111e-11  7.4759e-09  1.33995e-08  8.53217e-10  5.15208e-08  2.37674e-07  4.14536e-10  8.84857e-08  
1.3997e-09  5.24398e-09  1.91282e-08  1.82438e-09  3.72424e-09  2.0672e-07  2.71449e-09  5.63701e-09  1.17678e-09  9.03155e-09  
1.35123e-10  2.97839e-09  4.3318e-13  4.7689e-10  7.54708e-10  1.66262e-11  3.59367e-13  1.14472e-16  1.44136e-09  8.51301e-10  
5.32408e-09  3.56273e-09  1.43976e-08  1.01448e-09  4.26033e-08  4.57504e-09  9.48001e-09  4.50298e-08  1.42291e-07  1.76321e-08  
3.41938e-06  3.67986e-07  3.49312e-07  1.55701e-09  7.81939e-09  8.18229e-08  1.18538e-08  7.60681e-08  1.38216e-08  8.16955e-08  
2.84361e-08  4.88181e-08  6.17625e-09  5.69746e-08  1.12802e-08  2.62637e-12  1.21811e-08  6.74398e-09  5.51964e-10  1.18148e-08  
2.42776e-09  1.32096e-08  3.22457e-14  8.15596e-11  2.1347e-09  9.92969e-15  2.34406e-09  3.76792e-09  2.15637e-11  4.22537e-09  
1.19397e-09  5.55526e-09  5.0725e-10  1.86327e-09  7.50721e-10  5.05231e-09  1.08184e-09  6.70629e-09  5.40997e-12  9.03223e-17  
8.94988e-10  4.76421e-11  2.62135e-11  4.05937e-09  1.32245e-09  9.30402e-09  7.58324e-10  9.9274e-14  5.46963e-09  7.87651e-10  
2.27861e-11  5.03491e-10  3.5829e-09  2.34057e-09  4.24467e-08  1.12828e-10  2.187e-11  1.15496e-08  3.32562e-12  1.04833e-12  
1.38407e-08  3.34956e-09  5.37263e-09  1.85512e-09  7.59911e-09  1.23121e-10  3.90572e-10  1.31177e-11  1.17928e-11  7.59676e-11  
1.95361e-12  7.16873e-10  1.69219e-09  5.7744e-10  2.12342e-09  2.67525e-10  1.98684e-12  1.02885e-09  2.19438e-10  1.36433e-09  
2.25081e-10  7.35661e-10  1.84068e-10  8.37417e-10  1.62937e-10  1.02669e-09  2.22774e-13  2.6198e-19  2.53595e-10  5.669e-12  
9.79603e-13  8.74041e-10  2.85559e-10  1.0724e-09  3.10832e-10  1.52237e-09  2.89184e-10  2.1442e-09  6.25255e-10  2.95238e-09  
8.65476e-10  4.87231e-09  3.48578e-10  6.2206e-10  2.28571e-10  1.20593e-09  4.04721e-10  2.25454e-09  2.94058e-10  1.17635e-14  
3.56469e-13  7.15462e-10  2.80369e-10  1.48761e-09  5.62425e-10  2.89447e-09  5.63726e-12  8.32834e-11  3.78768e-10  2.50978e-11  
1.70858e-10  2.22139e-12  6.24783e-12  9.92313e-10  3.64814e-10  2.94195e-09  2.39737e-09  3.55826e-08  4.2569e-09  1.37178e-08  
3.36498e-11  1.44159e-10  1.15503e-09  3.82733e-09  5.29081e-10  1.68413e-09  3.07376e-10  1.60572e-09  8.85389e-12  6.94204e-11  
1.66386e-10  3.12182e-12  1.95097e-11  4.52997e-10  7.53506e-11  3.48493e-10  5.13792e-11  2.86407e-10  4.75689e-14  2.84989e-14  
5.34812e-11  4.02592e-12  1.66757e-11  9.82281e-14  2.23214e-14  1.05126e-10  3.78494e-11  1.97867e-10  9.50627e-11  3.9952e-10  
5.39619e-13  6.92959e-12  8.57421e-11  3.89376e-12  5.57749e-13  1.30288e-10  6.56975e-11  2.94983e-10  1.26385e-10  6.03702e-10  
1.12071e-10  2.51462e-10  1.01228e-10  3.89993e-10  7.67872e-12  5.757e-11  9.28023e-11  4.85434e-11  1.30936e-10  5.24607e-11  
4.55981e-11  3.90299e-10  1.81549e-10  9.0522e-10  1.19079e-10  8.89892e-11  5.41298e-12  4.98032e-16  9.34259e-11  4.47328e-10  
1.54527e-10  9.0125e-10  4.18755e-11  8.18974e-11  1.93127e-10  2.41654e-11  1.08658e-12  3.54604e-10  2.50112e-10  6.28116e-10  
6.30432e-11  2.11857e-10  8.63041e-11  2.48268e-12  4.29782e-11  2.0424e-10  6.40115e-11  4.78086e-10  9.96586e-11  5.1766e-10  
1.13705e-11  1.04884e-10  8.90949e-11  2.85351e-11  9.92544e-11  7.4376e-11  2.41481e-11  4.01834e-10  1.65746e-10  7.29539e-10  
2.33997e-10  7.83068e-10  3.34263e-10  1.12462e-09  4.53179e-10  1.95285e-09  8.8342e-10  3.04259e-10  4.48179e-10  8.31613e-10  
6.98514e-10  9.0491e-09  1.53207e-08  1.44772e-07  1.6761e-09  1.31485e-13  4.76174e-09  
6.68869e-22  5.23559e-18  7.77232e-29  1.86398e-40  0.178708  4.39931e-24  5.71286e-32  0  0.0203468  4.56711e-11  7.19409e-06  
2.7831e-15  8.20937e-10  9.50242e-08  1.94786e-28  1.60108e-23  0.000813304  1.8607e-07  3.34198e-08  7.48787e-22  8.10606e-20  
1.10594e-13  1.52936e-06  1.47709e-17  9.4342e-30  1.38596e-05  5.51661e-07  0.00120135  3.8331e-16  2.39574e-23  8.7721e-13  
8.53789e-06  1.30158e-12  4.07306e-27  9.56243e-06  1.85947e-06  1.07859e-06  1.6307e-17  7.84468e-20  1.59178e-08  3.88105e-23  
1.75274e-06  1.63305e-16  2.50581e-24  4.91521e-06  2.73622e-07  3.03801e-07  2.52586e-07  7.66856e-13  1.83888e-14  1.76251e-06  
3.45967e-08  1.24994e-07  4.06796e-13  7.60832e-09  1.32361e-08  9.29907e-10  5.50497e-08  2.343e-07  1.07407e-11  8.98962e-08  
1.78031e-09  5.27258e-09  1.8806e-08  1.92282e-09  3.7398e-09  2.048e-07  2.81435e-09  5.77399e-09  1.20672e-09  9.00989e-09  
2.40442e-12  3.01102e-09  1.03576e-14  4.76254e-10  9.14831e-10  4.22126e-13  7.97125e-15  5.98468e-20  1.44379e-09  8.39825e-10  
5.12167e-09  3.73309e-09  1.44639e-08  1.0027e-09  4.21898e-08  4.56284e-09  9.88187e-09  6.01495e-08  1.34834e-07  4.8735e-09  
3.37483e-06  3.90824e-07  3.68987e-07  3.1718e-11  7.77534e-09  8.56365e-08  6.7851e-09  7.17972e-08  1.55286e-08  8.87538e-08  
3.00272e-08  5.06684e-08  7.59397e-09  5.75089e-08  1.01656e-08  5.29819e-14  1.31882e-08  6.69882e-09  2.10627e-11  1.1996e-08  
2.47395e-09  1.33899e-08  6.65313e-16  8.07767e-11  2.11507e-09  1.67593e-16  2.38556e-09  3.7292e-09  4.96099e-13  4.22283e-09  
1.2005e-09  5.56727e-09  5.07587e-10  1.85351e-09  7.44212e-10  5.05901e-09  1.09727e-09  6.7146e-09  2.14364e-12  5.97762e-19  
8.96272e-10  3.36885e-11  2.15193e-11  3.98936e-09  1.32813e-09  9.35688e-09  6.30769e-10  2.14511e-15  5.52461e-09  1.00783e-09  
6.56372e-13  5.07906e-10  3.54735e-09  2.34467e-09  4.23955e-08  2.08172e-12  1.89004e-11  1.17343e-08  8.54502e-14  3.6567e-15  
1.38122e-08  3.38713e-09  5.40854e-09  1.87488e-09  7.55632e-09  2.10858e-12  3.86727e-10  8.58601e-12  8.84077e-12  1.23137e-12  
1.6688e-12  8.62455e-10  1.77075e-09  5.8396e-10  2.1176e-09  2.675e-10  7.99865e-13  1.02249e-09  2.18883e-10  1.36709e-09  
2.27367e-10  7.33593e-10  1.84657e-10  8.35889e-10  1.63945e-10  1.03013e-09  9.22589e-14  1.88681e-21  2.56977e-10  4.28596e-12  
1.10013e-13  8.73555e-10  2.87349e-10  1.07695e-09  3.13189e-10  1.52828e-09  2.91017e-10  2.1482e-09  6.22683e-10  2.972e-09  
8.64456e-10  4.8867e-09  3.48088e-10  6.14714e-10  2.26461e-10  1.20263e-09  4.04057e-10  2.25685e-09  2.94708e-10  2.18265e-16  
2.60397e-14  7.13027e-10  2.79035e-10  1.47925e-09  5.62258e-10  2.89998e-09  1.33512e-13  8.11673e-11  3.79284e-10  1.02465e-12  
1.4463e-10  4.39289e-14  5.46161e-12  1.03865e-09  3.68634e-10  2.96277e-09  2.39659e-09  3.56483e-08  4.26253e-09  1.36992e-08  
6.91772e-13  1.39533e-10  1.19914e-09  3.83918e-09  5.32228e-10  1.68796e-09  3.06894e-10  1.59682e-09  2.07363e-13  5.81485e-11  
5.23849e-11  2.6891e-14  1.27208e-10  5.04485e-10  6.88546e-11  3.33588e-10  4.76179e-11  2.89232e-10  9.89262e-13  3.83934e-13  
5.48181e-11  1.9207e-13  1.77433e-12  4.03837e-14  1.38378e-15  1.26213e-10  4.71214e-11  1.98826e-10  9.25147e-11  3.91478e-10  
1.18583e-14  5.56132e-12  8.32307e-11  1.60614e-13  1.40959e-15  1.43146e-10  6.4074e-11  2.89491e-10  1.22464e-10  6.0082e-10  
1.1121e-10  2.52207e-10  1.00315e-10  3.90437e-10  1.81313e-13  4.52851e-11  9.31222e-11  2.96716e-12  1.30366e-11  1.32786e-10  
1.26027e-10  4.11663e-10  1.8339e-10  9.0252e-10  1.17847e-10  8.83662e-11  1.2999e-13  1.85605e-16  9.47644e-11  4.52756e-10  
1.55598e-10  9.02797e-10  8.6483e-13  7.02679e-11  2.00245e-10  6.86986e-13  7.01975e-15  4.42067e-10  2.41946e-10  6.24672e-10  
1.55904e-12  1.83722e-10  1.1105e-10  7.65578e-14  3.9084e-11  2.72223e-10  7.84984e-11  4.82397e-10  9.74346e-11  5.11895e-10  
2.8129e-13  8.02476e-11  9.69219e-11  1.47199e-12  6.42355e-11  1.50025e-10  3.98983e-11  3.93627e-10  1.6318e-10  7.31137e-10  
2.34459e-10  7.98573e-10  3.3999e-10  1.13001e-09  4.54076e-10  1.9454e-09  8.93685e-10  1.30722e-10  4.97888e-10  9.9557e-10  
6.81051e-10  9.00884e-09  1.52928e-08  1.44951e-07  1.72069e-09  3.30537e-15  4.76925e-09  
4.17992e-22  4.52561e-18  4.0067e-29  0  0.178269  4.35394e-24  1.05682e-32  0  0.0204886  3.15684e-11  7.17358e-06  
1.38811e-15  1.75875e-09  8.6101e-08  4.73434e-29  1.72847e-23  0.000816566  1.66113e-07  3.18137e-08  3.77463e-22  4.88893e-20  
1.21487e-13  1.53494e-06  8.15374e-18  5.41177e-30  1.38803e-05  5.54807e-07  0.00120135  2.06343e-16  1.43508e-23  4.38707e-13  
8.54482e-06  5.38224e-13  1.23967e-27  9.56277e-06  1.87784e-06  1.0848e-06  6.76949e-18  4.78753e-20  1.5093e-08  2.11254e-23  
1.75187e-06  8.15642e-17  1.42715e-24  4.91549e-06  2.73953e-07  3.0461e-07  2.52669e-07  2.8909e-13  6.64193e-15  1.76182e-06  
3.46534e-08  1.25026e-07  1.41633e-13  7.62012e-09  1.32192e-08  9.36788e-10  5.53473e-08  2.34004e-07  4.0557e-12  9.00247e-08  
1.78764e-09  5.27543e-09  1.88044e-08  1.93053e-09  3.74154e-09  2.04629e-07  2.81973e-09  5.78656e-09  1.20908e-09  9.00849e-09  
7.67974e-13  3.01361e-09  4.02343e-15  4.76198e-10  9.18032e-10  1.59792e-13  3.04808e-15  9.08517e-21  1.44401e-09  8.38489e-10  
5.10391e-09  3.74781e-09  1.44704e-08  1.00105e-09  4.21554e-08  4.558e-09  9.91892e-09  6.39454e-08  1.34177e-07  1.31889e-09  
3.37118e-06  3.92455e-07  3.70781e-07  1.18655e-11  7.76981e-09  8.58652e-08  3.27029e-09  7.14374e-08  1.56463e-08  9.25039e-08  
3.01169e-08  5.08328e-08  7.43055e-09  5.75562e-08  1.03703e-08  2.23566e-14  1.32518e-08  6.6936e-09  5.93807e-12  1.20073e-08  
2.47784e-09  1.34057e-08  2.76426e-16  8.07069e-11  2.11487e-09  6.80374e-17  2.38688e-09  3.72598e-09  1.89632e-13  4.22293e-09  
1.20043e-09  5.56886e-09  5.07505e-10  1.85322e-09  7.43654e-10  5.05923e-09  1.09817e-09  6.71569e-09  1.98118e-12  2.26108e-19  
8.96269e-10  3.25879e-11  2.10722e-11  3.9845e-09  1.32628e-09  9.3626e-09  4.35851e-10  9.0489e-16  5.52759e-09  1.20287e-09  
2.99928e-13  5.0806e-10  3.55248e-09  2.34476e-09  4.2391e-08  7.77428e-13  1.61919e-11  1.17422e-08  3.5891e-14  1.11278e-15  
1.38128e-08  3.38922e-09  5.41203e-09  1.87648e-09  7.55325e-09  7.72476e-13  3.86177e-10  8.26417e-12  8.59817e-12  4.38948e-13  
1.64714e-12  8.5944e-10  1.77722e-09  5.85235e-10  2.11745e-09  2.67603e-10  7.40398e-13  1.02183e-09  2.18953e-10  1.36702e-09  
2.27859e-10  7.33294e-10  1.84948e-10  8.35512e-10  1.64203e-10  1.03019e-09  1.0023e-13  1.0108e-21  2.57639e-10  4.17749e-12  
2.86809e-14  8.73125e-10  2.87743e-10  1.07701e-09  3.13538e-10  1.52868e-09  2.91375e-10  2.14852e-09  6.22563e-10  2.97331e-09  
8.64706e-10  4.88786e-09  3.48281e-10  6.13995e-10  2.26365e-10  1.20223e-09  4.04098e-10  2.25676e-09  2.94826e-10  8.83988e-17  
3.42086e-15  7.12887e-10  2.79019e-10  1.47852e-09  5.61965e-10  2.90055e-09  5.17498e-14  8.09477e-11  3.78987e-10  3.90015e-13  
1.4159e-10  1.65409e-14  4.71456e-12  1.04206e-09  3.69051e-10  2.96419e-09  2.39733e-09  3.5654e-08  4.26311e-09  1.36976e-08  
2.6099e-13  1.39016e-10  1.2001e-09  3.84075e-09  5.32256e-10  1.68863e-09  3.06536e-10  1.59652e-09  7.92701e-14  5.703e-11  
1.72952e-11  3.45174e-15  1.58208e-10  5.11555e-10  6.86264e-11  3.32434e-10  4.57442e-11  2.88712e-10  2.22329e-12  6.92366e-13  
5.50637e-11  7.51906e-14  4.78134e-13  8.31284e-14  1.02982e-15  1.27723e-10  4.79328e-11  1.99332e-10  9.22631e-11  3.91083e-10  
4.80949e-15  5.43121e-12  8.29196e-11  6.21663e-14  4.16857e-16  1.43916e-10  6.38379e-11  2.89311e-10  1.21939e-10  6.00532e-10  
1.11007e-10  2.52345e-10  1.00036e-10  3.90752e-10  6.9363e-14  4.41275e-11  9.26644e-11  1.04596e-12  1.89929e-12  1.39252e-10  
1.3072e-10  4.14623e-10  1.83675e-10  9.02712e-10  1.17622e-10  8.82747e-11  5.01875e-14  1.69586e-16  9.45893e-11  4.5323e-10  
1.55452e-10  9.03261e-10  3.22288e-13  6.85533e-11  1.98126e-10  2.62867e-13  2.52026e-15  4.48445e-10  2.41299e-10  6.24244e-10  
5.67308e-13  1.80073e-10  1.09611e-10  2.91808e-14  3.8423e-11  2.77401e-10  7.99977e-11  4.83801e-10  9.71932e-11  5.1158e-10  
1.07245e-13  7.80596e-11  9.66598e-11  5.44857e-13  6.23992e-11  1.56706e-10  3.95531e-11  3.92214e-10  1.62774e-10  7.31145e-10  
2.34197e-10  8.00069e-10  3.40413e-10  1.13074e-09  4.53961e-10  1.94533e-09  8.9361e-10  5.14539e-11  4.96929e-10  1.07774e-09  
6.81582e-10  9.00561e-09  1.52903e-08  1.44967e-07  1.72408e-09  1.30225e-15  4.76993e-09  
1.10547e-22  2.22764e-18  6.87663e-30  0  0.178043  4.32975e-24  2.06522e-33  0  0.0205613  1.94941e-11  7.15989e-06  
3.09552e-16  2.65465e-09  8.22227e-08  1.90757e-30  4.25151e-24  0.000818471  1.56716e-07  3.39677e-08  8.09026e-23  1.09067e-20  
3.92324e-14  1.53726e-06  1.73605e-18  2.91638e-31  1.38898e-05  5.56294e-07  0.00120135  4.42417e-17  2.88314e-24  2.63596e-13  
8.54773e-06  1.04367e-13  1.4731e-28  9.56297e-06  1.88446e-06  1.08734e-06  1.24521e-18  9.36569e-21  1.47578e-08  2.9585e-24  
1.75151e-06  1.70575e-17  2.61084e-25  4.91562e-06  2.74081e-07  3.0495e-07  2.52706e-07  8.52636e-14  2.24362e-15  1.76153e-06  
3.46695e-08  1.25039e-07  6.6737e-14  7.62507e-09  1.32119e-08  9.39771e-10  5.54727e-08  2.33879e-07  1.57876e-12  9.00795e-08  
1.77731e-09  5.27665e-09  1.88173e-08  1.93374e-09  3.74234e-09  2.04557e-07  2.82177e-09  5.79194e-09  1.21004e-09  9.00795e-09  
3.99385e-13  3.01471e-09  9.24667e-16  4.76174e-10  9.19008e-10  6.57052e-14  7.90039e-16  5.80529e-22  1.44414e-09  8.37886e-10  
5.0964e-09  3.75404e-09  1.44733e-08  1.00025e-09  4.21411e-08  4.5554e-09  9.93481e-09  6.48995e-08  1.33898e-07  4.69795e-10  
3.36968e-06  3.93097e-07  3.71543e-07  4.91487e-12  7.76745e-09  8.59596e-08  1.71539e-09  7.12871e-08  1.56929e-08  9.41668e-08  
3.01467e-08  5.09021e-08  7.21828e-09  5.75767e-08  1.06009e-08  4.36409e-15  1.32751e-08  6.69189e-09  3.16834e-12  1.2012e-08  
2.47947e-09  1.34123e-08  5.27311e-17  8.06772e-11  2.11498e-09  1.28716e-17  2.38733e-09  3.72465e-09  5.34315e-14  4.22303e-09  
1.20031e-09  5.5696e-09  5.07452e-10  1.85319e-09  7.43416e-10  5.05929e-09  1.09849e-09  6.71618e-09  1.92392e-12  4.19837e-20  
8.96248e-10  3.21295e-11  2.08846e-11  3.98263e-09  1.32518e-09  9.3652e-09  3.11269e-10  1.67394e-16  5.52831e-09  1.32557e-09  
1.07578e-13  5.08116e-10  3.55706e-09  2.34478e-09  4.23891e-08  3.34184e-13  1.41362e-11  1.17454e-08  1.0402e-14  4.27917e-16  
1.3814e-08  3.38998e-09  5.41351e-09  1.87715e-09  7.55204e-09  3.48796e-13  3.8594e-10  8.13365e-12  8.49675e-12  2.2926e-13  
1.63891e-12  8.57904e-10  1.77983e-09  5.85835e-10  2.11742e-09  2.67668e-10  7.193e-13  1.02153e-09  2.19003e-10  1.36695e-09  
2.2812e-10  7.33134e-10  1.85111e-10  8.35314e-10  1.64341e-10  1.03019e-09  1.1098e-13  2.2946e-22  2.57957e-10  4.13286e-12  
1.43974e-14  8.72876e-10  2.87951e-10  1.07699e-09  3.13711e-10  1.52882e-09  2.91559e-10  2.14865e-09  6.22526e-10  2.97381e-09  
8.64857e-10  4.88835e-09  3.484e-10  6.13667e-10  2.26338e-10  1.20206e-09  4.04132e-10  2.25669e-09  2.94887e-10  1.62046e-17  
4.98309e-16  7.12831e-10  2.79021e-10  1.47821e-09  5.61807e-10  2.9008e-09  1.22435e-14  8.08549e-11  3.78872e-10  1.47955e-13  
1.40299e-10  4.83138e-15  4.14149e-12  1.04351e-09  3.69199e-10  2.96477e-09  2.39791e-09  3.56565e-08  4.26337e-09  1.36969e-08  
9.94756e-14  1.38797e-10  1.20043e-09  3.84146e-09  5.32234e-10  1.68897e-09  3.0634e-10  1.59646e-09  2.2073e-14  5.65611e-11  
7.7518e-12  3.71891e-16  1.65804e-10  5.14678e-10  6.85441e-11  3.32005e-10  4.41995e-11  2.88376e-10  3.37081e-12  9.00795e-13  
5.52361e-11  2.12061e-14  1.59812e-13  1.42071e-13  9.87046e-16  1.28357e-10  4.80811e-11  1.99567e-10  9.2133e-11  3.90951e-10  
9.21389e-16  5.37686e-12  8.27933e-11  1.67638e-14  9.16219e-17  1.4423e-10  6.37215e-11  2.8928e-10  1.21687e-10  6.00425e-10  
1.10903e-10  2.52417e-10  9.98841e-11  3.90931e-10  1.85053e-14  4.3644e-11  9.24632e-11  5.35144e-13  4.85409e-13  1.41636e-10  
1.29602e-10  4.15704e-10  1.83772e-10  9.02838e-10  1.17505e-10  8.82308e-11  1.24631e-14  1.63272e-16  9.45285e-11  4.53452e-10  
1.55354e-10  9.03498e-10  1.31399e-13  6.76458e-11  1.9721e-10  1.01765e-13  5.70167e-16  4.51237e-10  2.41051e-10  6.24066e-10  
2.6498e-13  1.78541e-10  1.09041e-10  6.37127e-15  3.81411e-11  2.79399e-10  8.06011e-11  4.84459e-10  9.70723e-11  5.11472e-10  
3.28155e-14  7.71564e-11  9.65271e-11  2.54914e-13  6.30809e-11  1.59377e-10  3.80987e-11  3.91539e-10  1.62584e-10  7.31138e-10  
2.34043e-10  8.00726e-10  3.40581e-10  1.13107e-09  4.53885e-10  1.94538e-09  8.93449e-10  2.34141e-11  4.95878e-10  1.10745e-09  
6.8207e-10  9.00428e-09  1.52893e-08  1.44973e-07  1.72543e-09  3.1272e-16  4.77023e-09  
4.71046e-23  1.6014e-18  1.90843e-30  0  0.177974  4.32139e-24  1.04962e-34  0  0.0205833  1.25466e-11  7.15095e-06  
1.03041e-16  5.70976e-09  8.126e-08  1.15891e-31  2.1619e-24  0.00081924  1.53952e-07  3.67521e-08  2.90212e-23  3.6758e-21  
2.57045e-14  1.53781e-06  6.03999e-19  3.83592e-32  1.38925e-05  5.56735e-07  0.00120135  1.5626e-17  8.80686e-25  1.00435e-13  
8.5484e-06  3.11112e-14  1.6322e-29  9.56305e-06  1.8854e-06  1.08784e-06  3.76026e-19  2.67407e-21  1.46808e-08  5.99827e-25  
1.75142e-06  5.8992e-18  7.1818e-26  4.91565e-06  2.74106e-07  3.05029e-07  2.52716e-07  1.95215e-14  4.68657e-16  1.76147e-06  
3.46697e-08  1.25042e-07  1.46702e-14  7.6262e-09  1.32102e-08  9.40509e-10  5.55027e-08  2.3385e-07  3.5947e-13  9.00924e-08  
1.75359e-09  5.27694e-09  1.88416e-08  1.93446e-09  3.74263e-09  2.04539e-07  2.82212e-09  5.79323e-09  1.21024e-09  9.00786e-09  
9.25095e-14  3.01499e-09  2.38809e-16  4.76169e-10  9.19432e-10  1.51011e-14  1.92997e-16  3.7173e-23  1.4442e-09  8.37725e-10  
5.09463e-09  3.75552e-09  1.4474e-08  1.00001e-09  4.21379e-08  4.55451e-09  9.93864e-09  6.52527e-08  1.33832e-07  1.41336e-10  
3.36935e-06  3.93226e-07  3.71722e-07  1.10875e-12  7.76689e-09  8.59837e-08  8.23423e-10  7.12527e-08  1.57021e-08  9.50852e-08  
3.01525e-08  5.0918e-08  6.94169e-09  5.75816e-08  1.08824e-08  1.33424e-15  1.32823e-08  6.69163e-09  7.537e-13  1.2013e-08  
2.47986e-09  1.34138e-08  1.64235e-17  8.06703e-11  2.11509e-09  3.95848e-18  2.3874e-09  3.72434e-09  1.27778e-14  4.22308e-09  
1.20025e-09  5.56981e-09  5.07426e-10  1.85322e-09  7.43356e-10  5.05929e-09  1.09854e-09  6.71631e-09  1.92292e-12  1.30645e-20  
8.96232e-10  3.20222e-11  2.08421e-11  3.98229e-09  1.32476e-09  9.36589e-09  2.13541e-10  5.10985e-17  5.52839e-09  1.42253e-09  
2.69853e-14  5.08125e-10  3.55855e-09  2.34478e-09  4.23887e-08  7.65254e-14  1.22403e-11  1.17463e-08  4.95612e-15  8.35997e-17  
1.38158e-08  3.3901e-09  5.41387e-09  1.8773e-09  7.55179e-09  7.93982e-14  3.85882e-10  8.1072e-12  8.47234e-12  5.2396e-14  
1.63835e-12  8.57828e-10  1.7804e-09  5.86003e-10  2.11742e-09  2.67694e-10  7.18637e-13  1.02145e-09  2.19029e-10  1.36691e-09  
2.28217e-10  7.33069e-10  1.85176e-10  8.35241e-10  1.64388e-10  1.03016e-09  1.24078e-13  8.70305e-23  2.58076e-10  4.12259e-12  
3.72136e-15  8.72775e-10  2.88027e-10  1.07695e-09  3.13768e-10  1.52884e-09  2.91621e-10  2.14866e-09  6.22526e-10  2.97389e-09  
8.64916e-10  4.88844e-09  3.4845e-10  6.13572e-10  2.2634e-10  1.20202e-09  4.0415e-10  2.25665e-09  2.94908e-10  4.84157e-18  
5.04408e-17  7.12817e-10  2.7903e-10  1.47813e-09  5.61752e-10  2.90087e-09  3.14438e-15  8.08331e-11  3.78844e-10  3.10169e-14  
1.39991e-10  1.1572e-15  3.60815e-12  1.04393e-09  3.69216e-10  2.96491e-09  2.39846e-09  3.5657e-08  4.26344e-09  1.36967e-08  
2.26331e-14  1.38746e-10  1.20053e-09  3.84164e-09  5.32211e-10  1.68907e-09  3.06269e-10  1.59648e-09  5.28578e-15  5.64519e-11  
2.55929e-12  3.16923e-17  1.70509e-10  5.15429e-10  6.85029e-11  3.31933e-10  4.23389e-11  2.88404e-10  5.08823e-12  8.31472e-13  
5.5274e-11  4.78276e-15  5.22623e-14  2.13473e-13  3.72624e-16  1.2851e-10  4.81528e-11  1.99632e-10  9.20806e-11  3.90942e-10  
2.65788e-16  5.36425e-12  8.27597e-11  3.84078e-15  2.1385e-17  1.44311e-10  6.36734e-11  2.89299e-10  1.21606e-10  6.00415e-10  
1.10867e-10  2.52446e-10  9.98246e-11  3.91004e-10  4.46992e-15  4.35317e-11  9.23986e-11  1.25464e-13  1.07861e-13  1.42504e-10  
1.29401e-10  4.15939e-10  1.83771e-10  9.02887e-10  1.17461e-10  8.82199e-11  3.14366e-15  1.61858e-16  9.45172e-11  4.53521e-10  
1.5531e-10  9.03577e-10  2.9535e-14  6.71723e-11  1.9703e-10  2.81495e-14  1.42527e-16  4.52202e-10  2.40982e-10  6.24031e-10  
6.06283e-14  1.78184e-10  1.09077e-10  1.65105e-15  3.80755e-11  2.79834e-10  8.07244e-11  4.84635e-10  9.70233e-11  5.11465e-10  
7.66818e-15  7.69566e-11  9.64838e-11  5.89724e-14  6.55501e-11  1.60137e-10  3.54637e-11  3.9137e-10  1.62535e-10  7.31136e-10  
2.33983e-10  8.00895e-10  3.40615e-10  1.13116e-09  4.53854e-10  1.94542e-09  8.9335e-10  9.26876e-12  4.95574e-10  1.12205e-09  
6.82214e-10  9.00399e-09  1.52891e-08  1.44975e-07  1.72571e-09  8.29493e-17  4.7703e-09  
3.92033e-23  2.05803e-18  1.10729e-30  0  0.177955  4.31875e-24  2.38395e-36  0  0.0205891  7.63253e-12  7.14496e-06  
6.57139e-17  9.35231e-09  8.1036e-08  1.69698e-32  1.8542e-24  0.000819526  1.53208e-07  3.83342e-08  2.09969e-23  2.68095e-21  
1.73897e-14  1.53793e-06  4.33051e-19  9.08186e-33  1.38932e-05  5.56856e-07  0.00120135  1.13391e-17  6.02367e-25  3.7189e-14  
8.54855e-06  1.42322e-14  3.89246e-30  9.56308e-06  1.88551e-06  1.08793e-06  2.20449e-19  1.6911e-21  1.4663e-08  2.89175e-25  
1.7514e-06  4.16243e-18  4.46705e-26  4.91566e-06  2.7411e-07  3.05047e-07  2.52719e-07  6.04777e-15  1.15057e-16  1.76145e-06  
3.46689e-08  1.25043e-07  2.74077e-15  7.62646e-09  1.32098e-08  9.40686e-10  5.55096e-08  2.33843e-07  9.00326e-14  9.00954e-08  
1.73125e-09  5.277e-09  1.88641e-08  1.93463e-09  3.74277e-09  2.04536e-07  2.82212e-09  5.79354e-09  1.21028e-09  9.00785e-09  
1.81183e-14  3.01506e-09  9.3772e-17  4.76167e-10  9.19528e-10  3.62936e-15  6.95265e-17  5.11995e-24  1.44422e-09  8.37682e-10  
5.09422e-09  3.75586e-09  1.44741e-08  9.99947e-10  4.21372e-08  4.55424e-09  9.93957e-09  6.5352e-08  1.33816e-07  4.77654e-11  
3.36928e-06  3.93251e-07  3.71764e-07  2.5536e-13  7.76675e-09  8.59896e-08  4.30293e-10  7.12449e-08  1.57034e-08  9.54846e-08  
3.01536e-08  5.09217e-08  6.7022e-09  5.75828e-08  1.11232e-08  6.21322e-16  1.3284e-08  6.6916e-09  1.62549e-13  1.20133e-08  
2.47995e-09  1.34141e-08  8.00099e-18  8.06687e-11  2.11514e-09  2.13924e-18  2.3874e-09  3.72427e-09  4.31449e-15  4.2231e-09  
1.20022e-09  5.56986e-09  5.07417e-10  1.85323e-09  7.4334e-10  5.05928e-09  1.09854e-09  6.71634e-09  1.93239e-12  7.35568e-21  
8.96226e-10  3.1997e-11  2.08324e-11  3.98223e-09  1.32462e-09  9.36608e-09  1.53691e-10  2.34217e-17  5.5284e-09  1.48214e-09  
8.52753e-15  5.08126e-10  3.55896e-09  2.34478e-09  4.23886e-08  1.72949e-14  1.08169e-11  1.17465e-08  3.51986e-15  1.59352e-17  
1.38172e-08  3.39012e-09  5.41396e-09  1.87733e-09  7.55174e-09  1.6696e-14  3.85869e-10  8.10418e-12  8.46572e-12  9.34391e-15  
1.6393e-12  8.57808e-10  1.78053e-09  5.86049e-10  2.11742e-09  2.67701e-10  7.21802e-13  1.02142e-09  2.19038e-10  1.36689e-09  
2.28249e-10  7.33046e-10  1.85198e-10  8.35217e-10  1.64397e-10  1.03015e-09  1.36731e-13  6.66126e-23  2.58113e-10  4.12022e-12  
9.63173e-16  8.72741e-10  2.88052e-10  1.07693e-09  3.13785e-10  1.52884e-09  2.9164e-10  2.14866e-09  6.22529e-10  2.9739e-09  
8.64936e-10  4.88846e-09  3.48468e-10  6.13544e-10  2.26343e-10  1.202e-09  4.04157e-10  2.25664e-09  2.94916e-10  2.39407e-18  
4.63809e-18  7.12814e-10  2.79035e-10  1.47811e-09  5.61735e-10  2.90089e-09  1.22411e-15  8.08281e-11  3.78838e-10  6.04637e-15  
1.39917e-10  3.85127e-16  3.20523e-12  1.04403e-09  3.69216e-10  2.96494e-09  2.39886e-09  3.56571e-08  4.26346e-09  1.36967e-08  
5.7865e-15  1.38735e-10  1.20054e-09  3.84169e-09  5.32201e-10  1.6891e-09  3.06247e-10  1.5965e-09  1.79713e-15  5.64264e-11  
8.92341e-13  4.27435e-18  1.72053e-10  5.15609e-10  6.84868e-11  3.31923e-10  4.07309e-11  2.88502e-10  6.65016e-12  7.00283e-13  
5.52799e-11  1.2223e-15  1.98615e-14  2.69151e-13  1.02696e-16  1.28545e-10  4.81773e-11  1.9965e-10  9.20628e-11  3.90945e-10  
1.17848e-16  5.36133e-12  8.27507e-11  1.04246e-15  7.82779e-18  1.44331e-10  6.36572e-11  2.8931e-10  1.21582e-10  6.00417e-10  
1.10856e-10  2.52455e-10  9.98047e-11  3.91029e-10  1.56161e-15  4.35055e-11  9.23781e-11  2.46253e-14  2.87239e-14  1.42718e-10  
1.29345e-10  4.15993e-10  1.83765e-10  9.02903e-10  1.17446e-10  8.82171e-11  1.18611e-15  1.6154e-16  9.45153e-11  4.53541e-10  
1.55294e-10  9.03601e-10  6.8715e-15  6.68306e-11  1.9698e-10  1.37084e-14  5.46773e-17  4.52661e-10  2.40963e-10  6.24023e-10  
1.23467e-14  1.78101e-10  1.09093e-10  6.56976e-16  3.80603e-11  2.79929e-10  8.07489e-11  4.84681e-10  9.70065e-11  5.11467e-10  
2.40904e-15  7.69109e-11  9.64678e-11  1.22158e-14  6.78545e-11  1.6032e-10  3.31229e-11  3.91328e-10  1.62524e-10  7.31135e-10  
2.33962e-10  8.00938e-10  3.40622e-10  1.13119e-09  4.53844e-10  1.94544e-09  8.93313e-10  4.02042e-12  4.95498e-10  1.12741e-09  
6.82252e-10  9.00393e-09  1.5289e-08  1.44975e-07  1.72577e-09  3.34762e-17  4.77031e-09  
  12 1.31092e+09 1.31092e+09 1.74965 0.626943 110100 211.82 0.021874
3.3869e-25  7.76828e-20  1.66004e-29  0  0.170642  3.88438e-24  6.51588e-38  0  0.022809  3.91351e-12  1.3968e-08  
2.67531e-17  6.30978e-06  8.421e-08  1.60883e-33  8.53967e-23  0.000980608  4.75224e-07  7.5581e-07  1.28068e-22  6.92888e-22  
5.53337e-13  1.47939e-06  1.36988e-19  3.56429e-32  1.39539e-05  5.55815e-07  0.00119981  4.33328e-18  9.14708e-26  8.40898e-16  
8.92598e-06  5.47524e-15  7.58263e-33  1.14211e-05  1.86917e-06  1.21707e-06  1.06818e-19  1.5124e-22  1.20897e-08  8.47619e-27  
1.67297e-06  1.65818e-18  2.83271e-27  4.97095e-06  2.67585e-07  3.03001e-07  3.12716e-07  1.91518e-15  2.30268e-17  1.73731e-06  
3.32387e-08  1.259e-07  5.41525e-16  8.81971e-09  1.25944e-08  7.10472e-10  6.0548e-08  2.21878e-07  2.40154e-14  9.31179e-08  
5.05072e-13  6.82128e-09  2.21944e-08  2.12594e-09  5.4721e-09  1.94566e-07  1.28428e-09  6.60816e-09  1.33957e-09  1.06715e-08  
3.23953e-15  4.20338e-09  3.81237e-17  4.65649e-10  1.02884e-09  1.12523e-15  2.75752e-17  6.77704e-25  1.7811e-09  9.35787e-10  
5.20876e-09  4.07215e-09  1.82415e-08  1.00812e-09  4.08844e-08  4.33909e-09  1.0128e-08  6.21889e-08  1.26323e-07  8.32345e-13  
3.21001e-06  3.75105e-07  3.66342e-07  6.70674e-14  7.18249e-09  9.46769e-08  1.11618e-12  6.73216e-08  5.48986e-09  9.7627e-08  
3.03632e-08  5.22647e-08  2.53769e-12  7.82467e-08  1.89135e-08  3.75949e-16  1.75093e-08  7.83606e-09  2.37972e-14  1.7634e-08  
3.65743e-09  2.04871e-08  6.74874e-18  1.17918e-10  3.71831e-09  2.07527e-18  3.83158e-09  6.34454e-09  2.15519e-15  6.9607e-09  
1.88672e-09  9.13729e-09  8.1038e-10  3.17097e-09  1.24682e-09  8.17364e-09  1.49773e-09  1.08174e-08  2.68718e-10  5.69295e-19  
1.41188e-09  3.70619e-11  1.59302e-11  6.90986e-09  1.81347e-09  1.46344e-08  7.98099e-14  1.37772e-17  6.84514e-09  2.21269e-09  
3.7631e-15  5.21638e-10  5.7391e-09  3.68984e-09  6.73209e-08  6.85631e-15  4.98103e-20  1.78593e-08  3.90715e-16  1.54547e-21  
2.18852e-08  5.00599e-09  8.22346e-09  2.72216e-09  1.20528e-08  6.20028e-15  3.66866e-10  1.02036e-10  8.95727e-13  2.8314e-15  
1.00306e-11  1.26288e-09  2.64808e-09  9.30661e-10  3.27814e-09  3.51917e-10  8.69757e-11  1.61229e-09  3.51954e-10  2.09188e-09  
3.87209e-10  1.15716e-09  3.07046e-10  1.29418e-09  2.53953e-10  1.60346e-09  2.05357e-11  3.986e-21  4.41116e-10  4.85169e-12  
8.88814e-17  1.33893e-09  4.72958e-10  1.64592e-09  5.13828e-10  2.35974e-09  4.76094e-10  3.32298e-09  1.02202e-09  4.4704e-09  
1.39554e-09  7.4573e-09  5.97555e-10  9.6743e-10  3.65461e-10  1.86105e-09  6.50962e-10  3.48092e-09  4.66919e-10  1.87606e-18  
3.09076e-22  1.14126e-09  4.56536e-10  2.3445e-09  8.44397e-10  4.54751e-09  5.92567e-16  7.66352e-11  5.84788e-10  6.1174e-15  
1.27442e-10  1.09006e-16  8.02607e-21  1.77385e-09  5.98483e-10  4.57049e-09  3.75327e-09  5.3404e-08  6.34991e-09  1.99092e-08  
2.28804e-15  1.31379e-10  1.63615e-09  5.48567e-09  7.17168e-10  2.36876e-09  4.12966e-10  2.28767e-09  7.57279e-16  5.27915e-11  
2.17792e-14  3.30308e-20  2.15351e-10  7.53028e-10  9.01819e-11  4.60065e-10  1.62417e-13  3.69998e-10  5.37813e-11  1.014e-13  
7.57536e-11  1.70551e-15  7.09198e-19  1.68244e-11  6.38845e-16  1.80858e-10  6.76364e-11  2.88641e-10  1.25423e-10  5.55268e-10  
5.4595e-17  5.00336e-12  1.14961e-10  1.19572e-15  2.22432e-18  2.06833e-10  8.71454e-11  4.11526e-10  1.64233e-10  8.3354e-10  
1.50451e-10  3.49441e-10  1.29871e-10  5.53066e-10  6.43489e-16  4.085e-11  1.25371e-10  5.93935e-15  1.00714e-15  2.17425e-10  
1.67923e-10  5.69603e-10  2.42605e-10  1.23077e-09  1.52801e-10  1.1463e-10  4.81357e-16  3.21705e-16  1.24192e-10  6.04978e-10  
2.01209e-10  1.22542e-09  2.37818e-15  1.34003e-11  2.4162e-10  2.25915e-15  3.3239e-18  6.89598e-10  3.17222e-10  8.06313e-10  
3.70351e-15  1.84048e-10  1.45347e-10  2.58808e-16  3.88628e-11  3.8643e-10  1.11765e-10  6.47985e-10  1.24216e-10  6.79216e-10  
9.31053e-16  8.07325e-11  1.2191e-10  3.66115e-15  1.38987e-10  2.4403e-10  8.50759e-14  5.13596e-10  2.12329e-10  9.43358e-10  
2.86643e-10  9.97526e-10  4.24546e-10  1.45733e-09  5.74407e-10  2.50381e-09  1.07862e-09  3.02653e-14  4.76305e-10  1.45428e-09  
8.9568e-10  1.08045e-08  1.71536e-08  1.51402e-07  1.7504e-09  1.17174e-17  5.06363e-09  
1.52358e-24  3.54581e-14  4.21124e-24  2.96073e-30  0.180503  1.34055e-24  1.02836e-26  6.52317e-39  0.0191418  6.13966e-09  8.71066e-06  
1.82124e-15  0.000521395  1.18623e-07  1.67953e-29  5.0593e-18  0.00104167  1.98957e-06  6.87149e-06  5.88395e-21  6.98828e-20  
2.64207e-10  1.18936e-06  5.41674e-19  1.69283e-27  1.40657e-05  4.61171e-07  0.00101933  1.71298e-17  1.31148e-22  1.03868e-12  
9.58323e-06  2.67554e-14  1.1949e-27  1.41224e-05  1.67279e-06  1.42397e-06  6.08048e-19  2.73588e-20  2.69095e-08  1.45041e-24  
1.58586e-06  6.57808e-18  3.93493e-24  4.96758e-06  2.57499e-07  2.83347e-07  3.47086e-07  1.14607e-14  1.11901e-16  1.75206e-06  
2.89728e-08  1.22012e-07  3.22916e-15  9.32141e-09  1.28428e-08  6.84768e-10  5.57419e-08  2.2624e-07  1.156e-13  8.81994e-08  
1.32455e-10  7.00958e-09  2.14435e-08  1.92922e-09  4.8965e-09  1.96254e-07  1.52227e-09  6.27804e-09  1.24739e-09  1.07148e-08  
2.55583e-14  4.37562e-09  2.01538e-16  4.60028e-10  9.57407e-10  5.94772e-15  1.48875e-16  1.85312e-23  1.833e-09  9.57631e-10  
5.61909e-09  3.86824e-09  2.1195e-08  1.05686e-09  4.20221e-08  4.22534e-09  9.75868e-09  5.98162e-08  1.3789e-07  1.19226e-10  
3.25789e-06  3.26776e-07  3.14434e-07  3.32664e-13  5.82664e-09  8.07234e-08  3.41943e-10  7.4897e-08  5.69919e-09  9.11061e-08  
2.63562e-08  4.58199e-08  7.76029e-10  7.18288e-08  1.59279e-08  1.48447e-15  1.62297e-08  7.47607e-09  2.41942e-13  1.66119e-08  
3.44866e-09  1.92867e-08  2.90689e-17  1.13405e-10  3.5721e-09  9.23783e-18  3.60077e-09  6.02277e-09  1.06621e-14  6.57539e-09  
1.76333e-09  8.63222e-09  7.62092e-10  3.01104e-09  1.18011e-09  7.68657e-09  1.47268e-09  1.01616e-08  1.57064e-10  1.53283e-18  
1.32139e-09  7.75483e-11  1.90295e-11  6.55873e-09  1.63746e-09  1.36888e-08  5.45984e-11  6.20415e-17  8.00894e-09  1.91253e-09  
1.73852e-14  4.92288e-10  5.44068e-09  3.44562e-09  6.45535e-08  4.13741e-14  8.66436e-14  1.72193e-08  1.85421e-15  2.53535e-19  
2.1646e-08  4.88365e-09  8.16049e-09  2.73212e-09  1.22603e-08  4.1714e-14  2.96318e-10  7.06361e-11  1.08876e-11  2.28163e-14  
8.15975e-12  1.24358e-09  2.66811e-09  9.55766e-10  3.34815e-09  4.04338e-10  5.23849e-11  1.65112e-09  3.64632e-10  2.13707e-09  
4.05338e-10  1.19499e-09  3.23116e-10  1.33296e-09  2.76708e-10  1.65263e-09  1.23588e-11  1.12651e-20  4.67485e-10  8.04424e-12  
4.5907e-15  1.3807e-09  4.97041e-10  1.69868e-09  5.37489e-10  2.45342e-09  5.02052e-10  3.46943e-09  1.08085e-09  4.643e-09  
1.48146e-09  7.82452e-09  6.43979e-10  1.02675e-09  3.88943e-10  1.96529e-09  6.93666e-10  3.66941e-09  4.96111e-10  9.40909e-18  
8.92281e-17  1.21486e-09  4.90289e-10  2.49455e-09  8.84113e-10  4.82083e-09  3.14235e-15  6.18701e-11  6.17106e-10  3.72679e-14  
9.86073e-11  4.31124e-16  1.04872e-14  1.93436e-09  6.40812e-10  4.81264e-09  3.95811e-09  5.52155e-08  6.55386e-09  2.07517e-08  
1.37706e-14  1.05172e-10  1.66832e-09  5.76597e-09  7.34666e-10  2.48854e-09  4.22837e-10  2.43977e-09  4.19324e-15  3.97248e-11  
4.90622e-12  3.70053e-17  2.05121e-10  8.22906e-10  9.38182e-11  4.8296e-10  4.39991e-11  3.49222e-10  1.17431e-11  4.02542e-12  
9.08738e-11  8.99773e-15  5.34472e-13  1.43846e-11  7.75428e-15  2.02522e-10  7.52526e-11  3.15676e-10  1.31923e-10  5.94933e-10  
2.84441e-16  3.74132e-12  1.22106e-10  5.70659e-15  8.49412e-18  2.22661e-10  9.20884e-11  4.44448e-10  1.71304e-10  8.89141e-10  
1.58016e-10  3.73426e-10  1.34272e-10  5.98522e-10  3.59854e-15  3.02267e-11  1.31216e-10  4.84807e-14  2.07213e-13  2.50362e-10  
1.69729e-10  6.10649e-10  2.54691e-10  1.32256e-09  1.59917e-10  1.19534e-10  2.51285e-15  1.68164e-15  1.29914e-10  6.48011e-10  
2.09233e-10  1.32885e-09  1.55307e-14  1.07404e-11  2.42833e-10  1.16342e-14  1.33512e-17  7.55533e-10  3.42059e-10  8.5822e-10  
2.61064e-14  1.56915e-10  1.55899e-10  1.39073e-15  3.28885e-11  4.35119e-10  1.26802e-10  7.1499e-10  1.31974e-10  7.42302e-10  
5.38687e-15  6.94018e-11  1.28552e-10  2.53623e-14  1.12126e-10  2.96514e-10  4.51424e-11  5.59042e-10  2.30383e-10  1.02685e-09  
3.0036e-10  1.07221e-09  4.56409e-10  1.62139e-09  6.31034e-10  2.85697e-09  1.1642e-09  1.10975e-11  3.89129e-10  1.6979e-09  
1.08758e-09  1.35495e-08  2.49262e-08  2.23092e-07  2.25681e-09  7.30105e-17  6.30476e-09  
7.72986e-24  9.12629e-16  7.41768e-26  1.05073e-33  0.183358  2.62049e-24  5.08704e-30  0  0.0183747  2.11498e-08  8.18378e-06  
3.12481e-15  0.00048829  1.20255e-07  2.91608e-29  2.4486e-18  0.000993921  1.86001e-06  2.08467e-05  9.13038e-20  1.24603e-19  
1.57141e-09  1.12637e-06  2.5757e-18  1.71756e-26  1.41112e-05  4.37778e-07  0.000964697  7.77792e-17  2.04391e-23  3.90346e-13  
9.16819e-06  9.8516e-14  1.14049e-27  1.36299e-05  1.58649e-06  1.3508e-06  2.87668e-18  6.18798e-20  3.82932e-08  4.56894e-24  
1.59884e-06  3.19443e-17  1.69951e-24  4.9547e-06  2.56491e-07  2.76811e-07  3.29838e-07  6.21509e-14  8.06433e-16  1.76349e-06  
2.82456e-08  1.2021e-07  3.02666e-14  8.82322e-09  1.31431e-08  6.64072e-10  5.32916e-08  2.31875e-07  9.29698e-13  8.67273e-08  
1.25608e-10  6.61886e-09  2.11452e-08  1.83705e-09  4.69883e-09  2.00238e-07  1.51974e-09  6.03467e-09  1.1992e-09  1.0434e-08  
2.089e-13  4.1276e-09  8.19078e-16  4.63481e-10  9.14972e-10  4.60353e-14  6.51812e-16  3.29863e-22  1.78184e-09  9.47239e-10  
5.76249e-09  3.70825e-09  2.00207e-08  1.06206e-09  4.25727e-08  4.28496e-09  9.36348e-09  5.97273e-08  1.45094e-07  5.84662e-11  
3.32776e-06  3.16556e-07  2.99041e-07  2.62733e-12  5.52102e-09  7.70146e-08  1.77693e-10  7.89311e-08  5.61058e-09  8.95009e-08  
2.51953e-08  4.38142e-08  7.15577e-10  6.79265e-08  1.52035e-08  5.50011e-15  1.5378e-08  7.21968e-09  1.42485e-12  1.57614e-08  
3.26817e-09  1.82531e-08  1.1373e-16  1.08962e-10  3.37315e-09  3.93715e-17  3.39854e-09  5.68269e-09  5.15256e-14  6.20632e-09  
1.66483e-09  8.14827e-09  7.19695e-10  2.84008e-09  1.11338e-09  7.25087e-09  1.38837e-09  9.58779e-09  1.4859e-10  6.57767e-18  
1.24718e-09  7.4508e-11  1.82993e-11  6.18245e-09  1.54637e-09  1.29165e-08  3.73515e-11  2.32991e-16  7.55475e-09  1.81959e-09  
9.99463e-14  4.65999e-10  5.13186e-09  3.24938e-09  6.0861e-08  3.33313e-13  7.05977e-14  1.62384e-08  6.95651e-15  8.81801e-18  
2.0405e-08  4.60577e-09  7.69453e-09  2.57602e-09  1.15546e-08  3.50081e-13  2.80826e-10  6.68747e-11  1.04259e-11  2.22212e-13  
7.79432e-12  1.17182e-09  2.5162e-09  9.00929e-10  3.15614e-09  3.80968e-10  4.94355e-11  1.55608e-09  3.43647e-10  2.01462e-09  
3.81861e-10  1.1263e-09  3.04472e-10  1.25649e-09  2.60476e-10  1.55758e-09  1.19223e-11  5.32721e-20  4.40391e-10  7.72163e-12  
8.1605e-15  1.3015e-09  4.6833e-10  1.60128e-09  5.06404e-10  2.31261e-09  4.73058e-10  3.27013e-09  1.01827e-09  4.37705e-09  
1.39591e-09  7.37527e-09  6.06475e-10  9.6757e-10  3.66444e-10  1.85221e-09  6.53587e-10  3.45842e-09  4.67598e-10  3.927e-17  
1.47367e-17  1.14479e-09  4.6207e-10  2.35078e-09  8.3356e-10  4.54335e-09  1.27615e-14  5.87445e-11  5.81638e-10  2.50562e-13  
9.31886e-11  2.15117e-15  8.59801e-15  1.82207e-09  6.03903e-10  4.53591e-09  3.73021e-09  5.20513e-08  6.17854e-09  1.9564e-08  
9.7607e-14  9.9667e-11  1.57357e-09  5.43647e-09  6.92977e-10  2.34662e-09  3.98765e-10  2.30007e-09  2.00127e-14  3.75809e-11  
2.35923e-12  7.64616e-17  1.95572e-10  7.76134e-10  8.85351e-11  4.55344e-10  4.01199e-11  3.29933e-10  1.24432e-11  3.12606e-12  
8.53683e-11  3.86502e-14  1.94886e-13  1.37773e-11  4.75036e-14  1.91177e-10  7.12336e-11  2.97716e-10  1.24428e-10  5.60866e-10  
1.05765e-15  3.55174e-12  1.15129e-10  2.38688e-14  4.15292e-17  2.0993e-10  8.68127e-11  4.19027e-10  1.61536e-10  8.38349e-10  
1.49005e-10  3.52127e-10  1.26668e-10  5.64272e-10  1.65166e-14  2.85717e-11  1.23696e-10  4.0089e-13  6.454e-14  2.35868e-10  
1.59994e-10  5.75847e-10  2.40236e-10  1.24714e-09  1.50848e-10  1.12743e-10  1.05499e-14  2.43654e-15  1.22502e-10  6.11215e-10  
1.97347e-10  1.25306e-09  1.20455e-13  1.00631e-11  2.28927e-10  7.77763e-14  5.72312e-17  7.12568e-10  3.2265e-10  8.09544e-10  
2.21188e-13  1.48167e-10  1.46704e-10  5.50974e-15  3.10669e-11  4.10497e-10  1.19616e-10  6.74382e-10  1.24487e-10  6.99983e-10  
2.87259e-14  6.55209e-11  1.21235e-10  2.13737e-13  1.08302e-10  2.79542e-10  3.99693e-11  5.27176e-10  2.1728e-10  9.68586e-10  
2.8342e-10  1.01173e-09  4.30619e-10  1.52914e-09  5.95152e-10  2.69401e-09  1.09825e-09  5.06756e-12  3.6835e-10  1.60667e-09  
1.02526e-09  1.2774e-08  2.34904e-08  2.10308e-07  2.12964e-09  2.87285e-16  5.9485e-09  
2.16631e-23  6.36302e-17  8.33225e-27  2.39451e-34  0.189758  4.47345e-24  1.08589e-28  0  0.0166059  5.4208e-08  7.33774e-06  
3.38504e-15  0.0004352  1.7279e-07  4.31285e-29  4.18518e-18  0.000889366  1.64528e-06  4.36751e-05  5.18294e-19  1.3784e-19  
7.25913e-09  1.00427e-06  5.89941e-18  1.18987e-25  1.41817e-05  3.9152e-07  0.000860241  1.74192e-16  2.60016e-23  8.52492e-13  
8.35358e-06  2.26875e-13  3.88076e-27  1.2717e-05  1.42582e-06  1.21377e-06  7.48446e-18  9.51514e-20  8.84207e-08  9.20226e-24  
1.66263e-06  9.04178e-17  8.15906e-24  4.93202e-06  2.54546e-07  2.64251e-07  2.98379e-07  1.08811e-13  1.75806e-15  1.78487e-06  
2.68939e-08  1.1679e-07  1.96444e-13  7.9075e-09  1.37277e-08  6.06477e-10  4.84126e-08  2.42644e-07  2.71599e-12  8.39272e-08  
1.31613e-10  5.90484e-09  2.0571e-08  1.6499e-09  4.31404e-09  2.07743e-07  1.44609e-09  5.58007e-09  1.11038e-09  9.92579e-09  
1.75704e-12  3.67689e-09  1.71544e-15  4.69814e-10  8.33165e-10  1.30839e-13  1.25009e-15  1.55961e-21  1.69075e-09  9.34773e-10  
6.04956e-09  3.39116e-09  1.78915e-08  1.08233e-09  4.36128e-08  4.43897e-09  8.55641e-09  5.81987e-08  1.59896e-07  3.60917e-10  
3.45893e-06  2.95109e-07  2.69265e-07  7.88693e-12  4.92717e-09  6.98898e-08  3.20921e-10  8.67998e-08  5.25649e-09  8.61125e-08  
2.28489e-08  4.00274e-08  7.32606e-10  6.07573e-08  1.36752e-08  1.2567e-14  1.38028e-08  6.75964e-09  1.25535e-11  1.42186e-08  
2.94003e-09  1.63824e-08  2.61084e-16  1.01059e-10  3.01214e-09  9.41309e-17  3.03355e-09  5.06893e-09  8.90183e-14  5.53999e-09  
1.48686e-09  7.27433e-09  6.43802e-10  2.53014e-09  9.93384e-10  6.46287e-09  1.23922e-09  8.54867e-09  1.28416e-10  1.51268e-17  
1.11304e-09  7.17036e-11  1.72163e-11  5.50117e-09  1.38219e-09  1.15153e-08  4.44964e-11  5.36903e-16  6.72977e-09  1.60815e-09  
1.61571e-13  4.16723e-10  4.57633e-09  2.89381e-09  5.41761e-08  1.1174e-12  7.45022e-14  1.44618e-08  1.48911e-14  1.14298e-15  
1.81621e-08  4.1022e-09  6.85163e-09  2.29477e-09  1.02805e-08  1.47477e-12  2.50655e-10  5.87037e-11  1.03031e-11  1.31179e-12  
7.02266e-12  1.0397e-09  2.24245e-09  8.01827e-10  2.80996e-09  3.40508e-10  4.22576e-11  1.38452e-09  3.05794e-10  1.79389e-09  
3.38908e-10  1.00298e-09  2.70751e-10  1.11914e-09  2.31755e-10  1.38647e-09  1.02566e-11  1.22482e-19  3.91087e-10  7.36588e-12  
6.93356e-14  1.15944e-09  4.16275e-10  1.42616e-09  4.49889e-10  2.05945e-09  4.20569e-10  2.91167e-09  9.05085e-10  3.89804e-09  
1.24159e-09  6.56615e-09  5.38149e-10  8.61608e-10  3.25821e-10  1.64892e-09  5.81227e-10  3.07851e-09  4.16284e-10  9.34134e-17  
1.04918e-15  1.01845e-09  4.11438e-10  2.09221e-09  7.42902e-10  4.0437e-09  2.5744e-14  5.26473e-11  5.17903e-10  1.04542e-12  
8.24742e-11  3.53605e-15  1.05338e-14  1.62053e-09  5.38153e-10  4.03766e-09  3.31982e-09  4.63345e-08  5.50018e-09  1.74132e-08  
2.12587e-13  8.88882e-11  1.40172e-09  4.83982e-09  6.17339e-10  2.08928e-09  3.54933e-10  2.04686e-09  3.48103e-14  3.32799e-11  
1.13043e-11  8.21341e-16  1.64363e-10  6.92295e-10  7.93277e-11  4.04782e-10  3.90665e-11  2.92144e-10  8.28683e-12  3.77998e-12  
7.45294e-11  1.20281e-13  8.06408e-13  1.14538e-11  3.18053e-13  1.70888e-10  6.3305e-11  2.65676e-10  1.11135e-10  4.98939e-10  
2.40036e-15  3.17597e-12  1.02539e-10  4.20806e-14  8.58345e-17  1.8657e-10  7.76034e-11  3.72923e-10  1.43923e-10  7.45961e-10  
1.32689e-10  3.13423e-10  1.13074e-10  5.01859e-10  2.99476e-14  2.52243e-11  1.10218e-10  2.5749e-12  8.05711e-13  2.08333e-10  
1.41146e-10  5.12675e-10  2.14157e-10  1.1102e-09  1.34547e-10  1.00371e-10  2.03392e-14  5.34838e-15  1.08927e-10  5.44338e-10  
1.75742e-10  1.11537e-09  3.38939e-13  8.94443e-12  2.03631e-10  1.53145e-13  1.25523e-16  6.34173e-10  2.8782e-10  7.21007e-10  
1.05123e-12  1.31103e-10  1.29085e-10  1.16628e-14  2.75601e-11  3.66478e-10  1.06897e-10  6.01012e-10  1.1102e-10  6.22799e-10  
4.68963e-14  5.79844e-11  1.08117e-10  9.50425e-13  9.19602e-11  2.48707e-10  4.02166e-11  4.6914e-10  1.93354e-10  8.6251e-10  
2.52636e-10  9.01625e-10  3.83597e-10  1.36144e-09  5.29776e-10  2.39844e-09  9.77451e-10  1.26051e-11  3.27581e-10  1.42406e-09  
9.13329e-10  1.13676e-08  2.0902e-08  1.87197e-07  1.89778e-09  5.66894e-16  5.29729e-09  
2.27549e-21  1.40518e-14  3.72535e-25  8.04054e-31  0.19484  4.51897e-24  2.87254e-28  0  0.0151955  1.28256e-07  6.66313e-06  
1.73494e-13  0.000384006  1.95702e-07  1.07361e-25  2.93424e-16  0.000805114  1.47996e-06  7.16081e-05  8.67234e-17  7.49142e-18  
2.80924e-08  9.0844e-07  5.34143e-16  2.74483e-23  1.42339e-05  3.55253e-07  0.000778919  1.55966e-14  1.58253e-21  8.02769e-13  
7.70812e-06  2.4508e-11  2.50987e-25  1.19943e-05  1.30142e-06  1.10308e-06  7.02294e-16  6.13525e-18  1.41057e-07  7.77895e-22  
1.72469e-06  8.745e-15  7.30981e-22  4.91452e-06  2.53017e-07  2.5424e-07  2.73906e-07  6.54295e-12  5.94524e-14  1.80167e-06  
2.58604e-08  1.14105e-07  7.41067e-13  7.194e-09  1.4194e-08  5.53089e-10  4.44174e-08  2.51185e-07  4.80409e-11  8.17289e-08  
1.30302e-10  5.35013e-09  2.01272e-08  1.49719e-09  4.0128e-09  2.13663e-07  1.33833e-09  5.22325e-09  1.04107e-09  9.53208e-09  
3.50978e-12  3.32602e-09  1.77807e-13  4.74755e-10  7.68013e-10  1.54609e-12  1.024e-13  1.33709e-17  1.61976e-09  9.27014e-10  
6.2822e-09  3.13479e-09  1.62388e-08  1.10192e-09  4.44332e-08  4.57651e-09  7.89742e-09  5.67381e-08  1.71986e-07  5.15471e-10  
3.56213e-06  2.77619e-07  2.45495e-07  8.41831e-11  4.4608e-09  6.42164e-08  3.89531e-10  9.30982e-08  4.85827e-09  8.35095e-08  
2.09572e-08  3.70446e-08  7.1553e-10  5.51689e-08  1.24965e-08  1.33227e-12  1.25657e-08  6.40028e-09  2.0394e-11  1.30217e-08  
2.6841e-09  1.49288e-08  2.28422e-14  9.49767e-11  2.73212e-09  8.31766e-15  2.7446e-09  4.59374e-09  6.04505e-12  5.02361e-09  
1.34895e-09  6.59674e-09  5.85128e-10  2.28984e-09  9.00562e-10  5.85174e-09  1.12249e-09  7.74392e-09  1.15205e-10  1.30333e-15  
1.00903e-09  6.76735e-11  1.60404e-11  4.97422e-09  1.2549e-09  1.04274e-08  4.77304e-11  5.15686e-14  6.08996e-09  1.44752e-09  
7.14905e-12  3.78129e-10  4.136e-09  2.61791e-09  4.89954e-08  9.24087e-12  7.19425e-14  1.30747e-08  1.68374e-12  1.1552e-14  
1.64228e-08  3.71131e-09  6.19755e-09  2.07609e-09  9.2948e-09  8.11098e-12  2.27e-10  5.27788e-11  9.82985e-12  1.99116e-12  
6.43132e-12  9.32155e-10  2.02953e-09  7.24956e-10  2.54156e-09  3.08582e-10  3.72983e-11  1.25187e-09  2.76489e-10  1.62279e-09  
3.05813e-10  9.07436e-10  2.4464e-10  1.01264e-09  2.09416e-10  1.25406e-09  9.09121e-12  1.09861e-17  3.53024e-10  6.90982e-12  
1.00964e-13  1.04929e-09  3.7603e-10  1.29038e-09  4.0632e-10  1.8631e-09  3.79989e-10  2.63375e-09  8.17772e-10  3.52646e-09  
1.12223e-09  5.93895e-09  4.85622e-10  7.79531e-10  2.94439e-10  1.49138e-09  5.2534e-10  2.7843e-09  3.76678e-10  8.27567e-15  
1.68136e-15  9.20707e-10  3.7241e-10  1.89196e-09  6.72651e-10  3.6568e-09  2.52176e-12  4.78734e-11  4.66038e-10  6.00821e-12  
7.42227e-11  2.1604e-13  1.07034e-14  1.4602e-09  4.8722e-10  3.65131e-09  3.00203e-09  4.19026e-08  4.97417e-09  1.57461e-08  
4.07347e-12  8.04626e-11  1.26438e-09  4.37689e-09  5.58603e-10  1.88949e-09  3.21039e-10  1.85057e-09  2.41579e-12  2.9983e-11  
1.2913e-11  9.28261e-14  1.43494e-10  6.26572e-10  7.21372e-11  3.65656e-10  3.7101e-11  2.63511e-10  6.1751e-12  3.5561e-12  
6.67263e-11  2.48836e-12  8.89434e-13  9.90078e-12  4.85034e-13  1.52619e-10  5.72511e-11  2.40584e-10  1.00816e-10  4.50959e-10  
2.6849e-13  2.89393e-12  9.25266e-11  2.0712e-12  8.32822e-14  1.6656e-10  7.02894e-11  3.37132e-10  1.30325e-10  6.74348e-10  
1.2008e-10  2.83383e-10  1.0253e-10  4.53465e-10  2.28029e-12  2.26809e-11  9.75602e-11  5.92327e-12  1.07846e-12  1.85074e-10  
1.27076e-10  4.63601e-10  1.93923e-10  1.00391e-09  1.21899e-10  9.07819e-11  1.80269e-12  8.29305e-15  9.66373e-11  4.92308e-10  
1.59045e-10  1.00848e-09  3.96169e-12  8.09285e-12  1.80635e-10  3.35398e-12  4.27066e-14  5.70158e-10  2.60596e-10  6.5219e-10  
4.503e-12  1.17991e-10  1.12676e-10  1.22288e-12  2.48687e-11  3.30988e-10  9.69636e-11  5.43807e-10  1.0062e-10  5.62979e-10  
2.51181e-12  5.21145e-11  9.5554e-11  4.17364e-12  8.06009e-11  2.22047e-10  3.90471e-11  4.24273e-10  1.74899e-10  7.80157e-10  
2.28773e-10  8.15807e-10  3.47034e-10  1.23121e-09  4.79103e-10  2.16897e-09  8.83967e-10  1.59901e-11  2.95993e-10  1.28415e-09  
8.26247e-10  1.02779e-08  1.8898e-08  1.69281e-07  1.71731e-09  5.5156e-14  4.79113e-09  
9.52233e-21  4.95725e-15  4.65123e-26  6.82671e-31  0.195192  4.01149e-24  6.05743e-30  0  0.0151725  6.78747e-08  6.11487e-06  
1.6338e-13  3.751e-05  4.18325e-07  1.44239e-25  8.13042e-17  0.000734248  1.2035e-06  0.000258877  8.45232e-16  6.78962e-18  
3.14863e-07  8.57087e-07  1.02102e-15  8.64651e-22  1.43949e-05  3.51026e-07  0.00084808  3.73367e-14  2.18241e-21  8.10954e-13  
7.15263e-06  5.24942e-11  3.05761e-25  1.1359e-05  1.21158e-06  1.01425e-06  2.27087e-15  7.19587e-18  1.87731e-07  3.20411e-21  
1.79023e-06  2.52881e-14  2.01542e-21  4.90025e-06  2.52013e-07  2.46215e-07  2.53009e-07  1.58586e-11  2.2081e-13  1.81544e-06  
2.51988e-08  1.11832e-07  2.98772e-12  6.58905e-09  1.45772e-08  5.1892e-10  4.11893e-08  2.58231e-07  1.4699e-10  7.98922e-08  
1.60895e-10  4.87562e-09  1.97172e-08  1.37913e-09  3.7519e-09  2.18579e-07  1.32767e-09  4.9248e-09  9.83949e-10  9.19222e-09  
1.19425e-11  3.02627e-09  3.16698e-13  4.78935e-10  7.08612e-10  4.25949e-12  1.89339e-13  4.96611e-17  1.55715e-09  9.19369e-10  
6.46171e-09  2.93478e-09  1.48285e-08  1.11751e-09  4.51046e-08  4.69384e-09  7.36448e-09  5.51836e-08  1.81649e-07  1.34574e-09  
3.64709e-06  2.64857e-07  2.26232e-07  2.4702e-10  4.05806e-09  5.93273e-08  7.49644e-10  9.80884e-08  4.85856e-09  8.10274e-08  
1.94355e-08  3.45814e-08  8.28555e-10  5.04141e-08  1.13493e-08  2.97565e-12  1.15132e-08  6.09855e-09  6.01544e-11  1.20007e-08  
2.46878e-09  1.36991e-08  5.58631e-14  8.97225e-11  2.48627e-09  2.14e-14  2.49991e-09  4.18589e-09  1.23954e-11  4.58094e-09  
1.23328e-09  6.01658e-09  5.35947e-10  2.08115e-09  8.21426e-10  5.33115e-09  1.02819e-09  7.05284e-09  9.58443e-11  3.01073e-15  
9.20961e-10  6.90953e-11  1.62753e-11  4.51352e-09  1.15626e-09  9.49538e-09  7.374e-11  1.35858e-13  5.54191e-09  1.2846e-09  
1.55385e-11  3.45802e-10  3.76545e-09  2.38338e-09  4.45576e-08  2.64982e-11  1.30116e-13  1.18853e-08  2.85803e-12  4.2311e-14  
1.49308e-08  3.38164e-09  5.64007e-09  1.89154e-09  8.44557e-09  2.50053e-11  2.06501e-10  4.59648e-11  1.05093e-11  9.01588e-12  
5.84379e-12  8.22051e-10  1.85137e-09  6.57904e-10  2.31279e-09  2.82435e-10  3.04952e-11  1.13856e-09  2.50602e-10  1.4782e-09  
2.74415e-10  8.27701e-10  2.20694e-10  9.23752e-10  1.89174e-10  1.14226e-09  7.31749e-12  2.48464e-17  3.17444e-10  7.06644e-12  
2.58912e-13  9.58537e-10  3.39625e-10  1.17683e-09  3.67201e-10  1.69733e-09  3.43759e-10  2.39816e-09  7.41002e-10  3.21291e-09  
1.018e-09  5.40556e-09  4.37313e-10  7.10959e-10  2.66926e-10  1.35747e-09  4.76344e-10  2.534e-09  3.42025e-10  2.28033e-14  
5.32316e-15  8.36615e-10  3.38086e-10  1.72108e-09  6.1412e-10  3.32513e-09  4.45398e-12  4.37098e-11  4.22175e-10  1.10594e-11  
6.67815e-11  4.28813e-13  2.07504e-14  1.32085e-09  4.45624e-10  3.32218e-09  2.72984e-09  3.81191e-08  4.52496e-09  1.43185e-08  
1.06941e-11  7.30533e-11  1.14571e-09  3.98085e-09  5.09571e-10  1.7181e-09  2.92829e-10  1.68055e-09  4.91886e-12  2.69161e-11  
2.90058e-11  3.87545e-13  1.11605e-10  5.70383e-10  6.76262e-11  3.30744e-10  3.89619e-11  2.38303e-10  2.49646e-12  2.42979e-12  
5.82823e-11  2.66675e-12  1.93987e-12  7.51032e-12  9.26783e-13  1.39078e-10  5.18796e-11  2.19564e-10  9.34016e-11  4.08799e-10  
5.867e-13  2.62663e-12  8.41175e-11  2.3638e-12  1.63661e-13  1.50109e-10  6.51455e-11  3.05566e-10  1.1965e-10  6.11994e-10  
1.09728e-10  2.5717e-10  9.4736e-11  4.10274e-10  4.55362e-12  2.02647e-11  8.7461e-11  1.67311e-11  4.68538e-12  1.5538e-10  
1.13036e-10  4.21207e-10  1.77896e-10  9.12305e-10  1.12049e-10  8.27327e-11  3.24374e-12  1.02369e-14  8.60537e-11  4.47156e-10  
1.45637e-10  9.15949e-10  1.13926e-11  7.51274e-12  1.58248e-10  7.99188e-12  1.71535e-13  5.11348e-10  2.38954e-10  5.93547e-10  
1.38408e-11  1.05906e-10  9.12536e-11  2.04317e-12  2.24558e-11  3.01393e-10  8.97165e-11  4.94931e-10  9.27975e-11  5.10627e-10  
5.44103e-12  4.63994e-11  8.49268e-11  1.13931e-11  6.62478e-11  1.93399e-10  4.36933e-11  3.85868e-10  1.58863e-10  7.09754e-10  
2.0956e-10  7.43003e-10  3.16126e-10  1.11943e-09  4.36113e-10  1.97172e-09  8.05697e-10  3.18705e-11  2.6783e-10  1.15311e-09  
7.52424e-10  9.34144e-09  1.71801e-08  1.53973e-07  1.56639e-09  8.72292e-14  4.35847e-09  
1.11367e-19  1.71781e-15  4.40871e-26  3.59642e-31  0.190191  3.99229e-24  1.21552e-29  0  0.0167236  2.51628e-08  6.12036e-06  
5.42938e-13  4.96626e-06  4.28743e-07  2.15416e-24  3.19429e-18  0.000742361  7.75415e-07  2.99244e-05  6.08783e-16  1.9212e-17  
4.52202e-09  1.09568e-06  7.59905e-15  6.5436e-23  1.48113e-05  4.54373e-07  0.00111293  2.87628e-13  7.28866e-21  5.09027e-13  
7.27724e-06  4.48895e-10  5.62781e-25  1.13705e-05  1.46598e-06  1.10481e-06  1.68809e-14  2.12024e-17  1.09389e-07  1.54341e-20  
1.7789e-06  1.59267e-13  4.00267e-21  4.90285e-06  2.57271e-07  2.54191e-07  2.54284e-07  2.55164e-10  7.36522e-12  1.80584e-06  
2.85763e-08  1.13371e-07  4.19202e-11  6.7024e-09  1.43195e-08  6.54026e-10  4.25031e-08  2.54368e-07  1.30677e-09  8.08125e-08  
5.42734e-10  4.902e-09  1.93735e-08  1.54447e-09  3.74377e-09  2.16408e-07  2.12302e-09  5.04113e-09  1.01809e-09  9.16332e-09  
1.25254e-10  3.02699e-09  3.88361e-12  4.78159e-10  6.48061e-10  5.20127e-11  3.54177e-12  9.79667e-15  1.51346e-09  9.04046e-10  
6.20712e-09  3.18292e-09  1.49263e-08  1.10746e-09  4.46339e-08  4.72218e-09  7.79647e-09  5.19658e-08  1.72186e-07  9.46132e-09  
3.59348e-06  2.99765e-07  2.42265e-07  3.48211e-09  4.1181e-09  5.74818e-08  4.08542e-09  9.24847e-08  9.02181e-09  7.83639e-08  
2.09767e-08  3.59452e-08  2.21057e-09  5.09371e-08  9.90234e-09  2.14607e-11  1.15727e-08  6.1166e-09  4.50346e-10  1.21539e-08  
2.522e-09  1.39313e-08  3.78578e-13  8.9287e-11  2.41253e-09  1.36202e-13  2.3759e-09  4.17433e-09  1.64032e-10  4.61473e-09  
1.27044e-09  6.03128e-09  5.46766e-10  2.0536e-09  8.23328e-10  5.38126e-09  1.0901e-09  7.05792e-09  3.72527e-11  7.58147e-15  
9.33824e-10  8.74933e-11  2.99239e-11  4.40936e-09  1.28249e-09  9.52759e-09  3.41015e-10  1.03561e-12  5.56966e-09  1.04895e-09  
1.86369e-10  3.93789e-10  3.62989e-09  2.40303e-09  4.46709e-08  3.39691e-10  6.60168e-12  1.17069e-08  2.92645e-11  7.85283e-12  
1.48869e-08  3.46655e-09  5.6862e-09  1.92926e-09  8.40139e-09  3.06493e-10  2.14089e-10  3.01377e-11  1.59263e-11  6.35922e-11  
5.00086e-12  5.47737e-10  1.84641e-09  6.4528e-10  2.32348e-09  2.89587e-10  1.19214e-11  1.14167e-09  2.44603e-10  1.50149e-09  
2.5361e-10  8.37083e-10  2.1059e-10  9.43644e-10  1.83517e-10  1.15805e-09  2.23222e-12  4.64605e-17  2.94079e-10  9.27906e-12  
1.36991e-12  9.90111e-10  3.27143e-10  1.20578e-09  3.55751e-10  1.72249e-09  3.32688e-10  2.42494e-09  7.2576e-10  3.27433e-09  
9.9856e-10  5.45917e-09  4.1016e-10  7.20523e-10  2.63539e-10  1.36882e-09  4.67003e-10  2.55986e-09  3.37267e-10  1.52683e-13  
5.84922e-13  8.31308e-10  3.29727e-10  1.72678e-09  6.34183e-10  3.33276e-09  5.53324e-11  5.1381e-11  3.93093e-10  9.51165e-11  
1.27196e-10  9.2568e-12  2.00232e-12  1.14879e-09  4.47278e-10  3.35011e-09  2.7351e-09  3.83652e-08  4.5509e-09  1.4362e-08  
1.49284e-10  8.16573e-11  1.04506e-09  3.97965e-09  5.26777e-10  1.71755e-09  3.05719e-10  1.66007e-09  5.95155e-11  5.73512e-11  
9.29914e-11  7.2846e-12  2.68907e-11  4.94371e-10  8.50245e-11  3.3916e-10  4.94163e-11  2.56768e-10  1.90342e-14  1.19653e-14  
4.83031e-11  1.3213e-11  3.59249e-11  1.65222e-12  4.23754e-13  8.36432e-11  3.43969e-11  2.24701e-10  1.05001e-10  4.08321e-10  
4.99885e-12  7.09318e-12  8.47574e-11  1.60746e-11  1.39695e-11  1.03908e-10  6.75253e-11  3.077e-10  1.28465e-10  6.08274e-10  
1.12997e-10  2.54392e-10  1.02373e-10  3.99199e-10  5.25722e-11  5.17446e-11  6.73629e-11  4.84502e-11  8.32877e-11  5.11473e-11  
6.00049e-11  4.09224e-10  1.89205e-10  9.12704e-10  1.18925e-10  8.74014e-11  3.71817e-11  4.16755e-15  6.85535e-11  4.30328e-10  
1.51258e-10  9.07988e-10  1.37634e-10  3.65033e-11  8.99475e-11  4.20085e-11  1.09424e-11  3.70123e-10  2.55941e-10  6.09994e-10  
1.19894e-10  1.40312e-10  2.65924e-11  5.90937e-12  3.15732e-11  2.16461e-10  8.34667e-11  4.99404e-10  1.01954e-10  5.07706e-10  
5.09349e-11  9.36524e-11  4.86633e-11  2.74799e-11  7.89847e-11  9.12238e-11  4.17877e-11  4.01127e-10  1.61939e-10  7.13176e-10  
2.23398e-10  7.54121e-10  3.23443e-10  1.11926e-09  4.44951e-10  1.96017e-09  8.4221e-10  1.63578e-10  2.82152e-10  1.02597e-09  
7.53411e-10  9.32496e-09  1.72011e-08  1.54806e-07  1.62647e-09  1.10359e-12  4.38208e-09  
4.77769e-20  8.10965e-17  2.19795e-26  3.89623e-37  0.186053  4.02922e-24  2.51338e-29  0  0.0180487  1.9495e-10  6.15761e-06  
3.22324e-13  1.50971e-09  2.28385e-07  1.17637e-24  7.89024e-21  0.000758521  4.26373e-07  1.37371e-06  6.47556e-18  1.01267e-17  
8.94031e-12  1.3366e-06  2.27086e-15  9.70464e-26  1.51927e-05  5.16658e-07  0.00115621  6.92012e-14  4.12656e-21  1.50361e-12  
7.48993e-06  1.34463e-10  9.62701e-25  1.14206e-05  1.92647e-06  1.23219e-06  4.4864e-15  1.27071e-17  4.06345e-08  1.09598e-20  
1.75665e-06  3.58333e-14  9.9413e-22  4.90764e-06  2.65883e-07  2.68876e-07  2.57442e-07  1.0623e-10  4.41502e-12  1.79007e-06  
3.28008e-08  1.1651e-07  5.82298e-11  6.95399e-09  1.39369e-08  8.28155e-10  4.65351e-08  2.47827e-07  9.08079e-10  8.3014e-08  
1.1574e-09  4.98272e-09  1.88506e-08  1.76799e-09  3.77177e-09  2.1267e-07  2.713e-09  5.28869e-09  1.0768e-09  9.13947e-09  
2.14732e-10  3.08608e-09  1.22143e-12  4.76681e-10  6.49212e-10  4.12147e-11  1.13123e-12  9.76615e-16  1.48567e-09  8.98643e-10  
5.80966e-09  3.55443e-09  1.51697e-08  1.09212e-09  4.38404e-08  4.75148e-09  8.52267e-09  4.83902e-08  1.57229e-07  1.883e-08  
3.50429e-06  3.51802e-07  2.7323e-07  3.37795e-09  4.34614e-09  6.07806e-08  8.41162e-09  8.3693e-08  1.40017e-08  7.56635e-08  
2.36986e-08  3.86175e-08  4.39117e-09  5.19456e-08  8.02434e-09  5.04995e-12  1.19395e-08  6.03574e-09  6.65926e-10  1.25728e-08  
2.6157e-09  1.43773e-08  9.94193e-14  8.87295e-11  2.34823e-09  3.31397e-14  2.52005e-09  4.15585e-09  6.49267e-11  4.68847e-09  
1.3204e-09  6.1049e-09  5.57402e-10  2.04256e-09  8.22484e-10  5.47722e-09  1.16116e-09  7.13516e-09  8.44945e-12  4.33581e-16  
9.51318e-10  6.33179e-11  3.32709e-11  4.31182e-09  1.39499e-09  9.69186e-09  7.15306e-10  2.85592e-13  5.68682e-09  8.36569e-10  
7.02402e-11  4.71897e-10  3.6844e-09  2.43629e-09  4.50818e-08  3.28932e-10  2.55009e-11  1.19859e-08  9.20368e-12  5.91108e-12  
1.49576e-08  3.61226e-09  5.80012e-09  1.99367e-09  8.38811e-09  3.39886e-10  2.4307e-10  1.56232e-11  1.3268e-11  1.63594e-10  
3.92647e-12  5.51053e-10  1.80855e-09  6.29592e-10  2.33642e-09  2.94269e-10  2.76816e-12  1.1426e-09  2.4362e-10  1.52982e-09  
2.51987e-10  8.35113e-10  2.08662e-10  9.57532e-10  1.85787e-10  1.17944e-09  3.50747e-13  1.63413e-18  2.90567e-10  7.08276e-12  
1.35504e-12  1.0098e-09  3.2894e-10  1.23792e-09  3.58389e-10  1.75674e-09  3.33266e-10  2.46485e-09  7.2064e-10  3.36879e-09  
9.91605e-10  5.55785e-09  3.99139e-10  7.15882e-10  2.62575e-10  1.38558e-09  4.65537e-10  2.60178e-09  3.39432e-10  3.98466e-14  
7.50326e-13  8.29097e-10  3.25378e-10  1.73306e-09  6.54244e-10  3.37475e-09  1.78786e-11  6.06718e-11  4.39992e-10  6.14565e-11  
2.1281e-10  7.41547e-12  7.8085e-12  1.10482e-09  4.24083e-10  3.43387e-09  2.76267e-09  3.89494e-08  4.61544e-09  1.45052e-08  
1.04413e-10  1.05168e-10  1.1498e-09  3.99582e-09  5.46923e-10  1.73487e-09  3.1723e-10  1.65118e-09  2.41567e-11  9.01142e-11  
1.7015e-10  7.01057e-12  9.63619e-12  4.22815e-10  8.43126e-11  3.66275e-10  5.39041e-11  2.90377e-10  1.92239e-14  1.16419e-14  
5.40572e-11  7.97635e-12  3.00037e-11  1.59706e-13  3.9579e-14  8.98506e-11  3.22516e-11  2.06689e-10  1.00699e-10  4.13747e-10  
1.50352e-12  9.71842e-12  8.88047e-11  8.33185e-12  3.04793e-12  1.17426e-10  6.7786e-11  3.06236e-10  1.31537e-10  6.1862e-10  
1.15064e-10  2.57079e-10  1.04181e-10  3.98924e-10  2.07094e-11  7.906e-11  9.19124e-11  6.0158e-11  1.51863e-10  2.8547e-11  
2.78825e-11  3.85457e-10  1.8416e-10  9.19027e-10  1.21242e-10  9.04294e-11  1.43543e-11  7.91461e-16  9.12164e-11  4.47858e-10  
1.55291e-10  9.07999e-10  1.09667e-10  9.73832e-11  1.61139e-10  3.99099e-11  4.305e-12  2.89411e-10  2.50567e-10  6.32107e-10  
1.20043e-10  2.29723e-10  5.68878e-11  4.14992e-12  4.51305e-11  1.59285e-10  5.68539e-11  4.78255e-10  1.00948e-10  5.14194e-10  
2.66638e-11  1.33625e-10  7.47396e-11  3.24585e-11  1.03674e-10  4.68349e-11  1.88427e-11  3.94413e-10  1.63866e-10  7.25951e-10  
2.33952e-10  7.83627e-10  3.36248e-10  1.1319e-09  4.56595e-10  1.95846e-09  8.91008e-10  3.00808e-10  3.72514e-10  8.70611e-10  
7.3324e-10  9.34955e-09  1.73206e-08  1.56912e-07  1.73163e-09  3.67527e-13  4.44464e-09  
2.2093e-21  1.12925e-17  4.09394e-28  1.92837e-39  0.18175  3.68451e-24  3.12474e-31  0  0.0194585  5.59974e-11  6.08107e-06  
8.32178e-15  3.45169e-10  6.52921e-08  1.69935e-27  2.85886e-23  0.000776095  1.55445e-07  1.92976e-08  1.69409e-21  2.84792e-19  
1.06202e-13  1.45638e-06  5.29858e-17  3.97269e-29  1.55049e-05  5.58477e-07  0.00115686  1.36915e-15  1.09949e-22  1.31184e-12  
7.63792e-06  2.65405e-12  2.47425e-26  1.1399e-05  2.48968e-06  1.36705e-06  7.11196e-17  3.81918e-19  1.4123e-08  2.73852e-22  
1.73908e-06  5.86319e-16  9.5356e-24  4.91148e-06  2.74746e-07  2.85799e-07  2.58482e-07  1.78064e-12  4.57472e-14  1.77449e-06  
3.55475e-08  1.18066e-07  1.08809e-12  7.20007e-09  1.36365e-08  9.70594e-10  5.27525e-08  2.41505e-07  2.56368e-11  8.56422e-08  
1.83916e-09  5.03281e-09  1.82463e-08  1.93735e-09  3.79453e-09  2.09127e-07  2.90664e-09  5.55424e-09  1.13502e-09  9.08115e-09  
8.20512e-12  3.14303e-09  2.39512e-14  4.75534e-10  9.21552e-10  1.0001e-12  1.83997e-14  3.06754e-19  1.48204e-09  8.79386e-10  
5.41642e-09  3.8924e-09  1.52844e-08  1.07342e-09  4.30627e-08  4.74789e-09  9.2826e-09  6.11855e-08  1.42792e-07  1.0201e-08  
3.42047e-06  3.97925e-07  3.10832e-07  6.38235e-11  4.36966e-09  6.79515e-08  7.8414e-09  7.53364e-08  1.73812e-08  7.89221e-08  
2.65216e-08  4.17371e-08  6.72335e-09  5.23664e-08  6.4366e-09  7.7236e-14  1.30723e-08  5.75137e-09  6.06609e-11  1.2868e-08  
2.691e-09  1.47257e-08  1.92969e-15  8.7255e-11  2.30059e-09  5.47603e-16  2.62204e-09  4.07352e-09  1.2091e-12  4.67759e-09  
1.33719e-09  6.13312e-09  5.5928e-10  2.02439e-09  8.1128e-10  5.4978e-09  1.19586e-09  7.1644e-09  1.6025e-12  1.37112e-18  
9.55448e-10  3.37867e-11  2.27896e-11  4.1813e-09  1.41541e-09  9.79884e-09  8.35533e-10  5.39486e-15  5.79784e-09  9.23733e-10  
1.34856e-12  4.91185e-10  3.61348e-09  2.43551e-09  4.49673e-08  5.3288e-12  2.77391e-11  1.2451e-08  1.96634e-13  1.41017e-14  
1.48753e-08  3.69583e-09  5.86963e-09  2.03482e-09  8.28754e-09  5.81269e-12  2.49692e-10  7.30885e-12  7.84934e-12  3.62254e-12  
2.9493e-12  9.70716e-10  1.94753e-09  6.3307e-10  2.31501e-09  2.92649e-10  5.38263e-13  1.12605e-09  2.4097e-10  1.52903e-09  
2.53876e-10  8.2653e-10  2.07593e-10  9.50545e-10  1.86134e-10  1.18301e-09  6.17434e-14  4.6157e-21  2.93986e-10  4.26593e-12  
2.56812e-13  1.0086e-09  3.30966e-10  1.24827e-09  3.62451e-10  1.77026e-09  3.36202e-10  2.47557e-09  7.15633e-10  3.41472e-09  
9.88093e-10  5.5887e-09  3.96932e-10  7.00943e-10  2.57724e-10  1.37696e-09  4.62758e-10  2.60574e-09  3.40194e-10  7.15242e-16  
9.31877e-14  8.22867e-10  3.21671e-10  1.71282e-09  6.54403e-10  3.38419e-09  3.45083e-13  5.98529e-11  4.44299e-10  2.57299e-12  
1.80574e-10  1.21824e-13  8.46167e-12  1.19372e-09  4.24104e-10  3.478e-09  2.76809e-09  3.91098e-08  4.63021e-09  1.44808e-08  
1.69835e-12  1.05322e-10  1.2776e-09  4.01404e-09  5.54059e-10  1.74177e-09  3.18223e-10  1.63404e-09  4.73642e-13  7.17981e-11  
9.30045e-11  1.05094e-13  9.53923e-11  4.96021e-10  7.01769e-11  3.41983e-10  4.98191e-11  3.00145e-10  4.98202e-13  2.22846e-13  
5.68692e-11  4.0522e-13  3.85465e-12  1.79723e-14  1.314e-15  1.29688e-10  4.80047e-11  2.05965e-10  9.60915e-11  4.00138e-10  
2.77533e-14  7.11444e-12  8.53659e-11  3.38291e-13  4.92781e-15  1.44521e-10  6.56874e-11  2.94493e-10  1.25282e-10  6.14146e-10  
1.14065e-10  2.58094e-10  1.03264e-10  3.98941e-10  4.13625e-13  5.67595e-11  9.5867e-11  7.75686e-12  3.68208e-11  1.24743e-10  
1.16266e-10  4.16931e-10  1.85703e-10  9.09727e-10  1.19203e-10  8.93613e-11  2.9097e-13  1.33372e-16  9.60316e-11  4.59147e-10  
1.58636e-10  9.10592e-10  2.08338e-12  8.77586e-11  2.06158e-10  1.60895e-12  2.08098e-14  4.2946e-10  2.42827e-10  6.26374e-10  
3.98202e-12  2.07203e-10  1.12794e-10  1.7392e-13  4.43145e-11  2.62991e-10  7.5017e-11  4.77811e-10  9.68161e-11  5.04177e-10  
6.21288e-13  9.01411e-11  9.57178e-11  3.50728e-12  7.14903e-11  1.3608e-10  3.62285e-11  3.88087e-10  1.60272e-10  7.24426e-10  
2.34493e-10  8.06815e-10  3.45805e-10  1.14161e-09  4.59702e-10  1.94315e-09  9.1245e-10  2.12596e-10  4.95382e-10  9.21331e-10  
6.89246e-10  9.26434e-09  1.72281e-08  1.57279e-07  1.82492e-09  7.66019e-15  4.4588e-09  
8.76435e-22  7.4601e-18  1.2363e-28  3.38938e-40  0.180996  3.62212e-24  2.73679e-32  0  0.0197032  3.18348e-11  6.05596e-06  
2.62388e-15  1.08712e-09  5.37836e-08  1.96397e-28  2.84539e-23  0.000781082  1.27446e-07  2.02395e-08  5.53696e-22  1.12921e-19  
1.12681e-13  1.46202e-06  1.74792e-17  1.59369e-29  1.55356e-05  5.62974e-07  0.00115682  4.37278e-16  4.27075e-23  6.14297e-13  
7.65084e-06  6.30717e-13  4.63567e-27  1.1398e-05  2.53413e-06  1.38073e-06  1.64673e-17  1.5353e-19  1.2775e-08  9.40824e-23  
1.73746e-06  1.69815e-16  3.37096e-24  4.91196e-06  2.75418e-07  2.87382e-07  2.58611e-07  3.9225e-13  9.29718e-15  1.77314e-06  
3.56595e-08  1.18131e-07  1.86561e-13  7.22366e-09  1.36038e-08  9.8297e-10  5.33374e-08  2.40931e-07  5.50989e-12  8.58945e-08  
1.87091e-09  5.03848e-09  1.82233e-08  1.94988e-09  3.79758e-09  2.08801e-07  2.91345e-09  5.57961e-09  1.13991e-09  9.07701e-09  
1.05948e-12  3.14793e-09  5.50843e-15  4.75428e-10  9.31787e-10  2.13734e-13  4.17797e-15  1.62641e-20  1.48233e-09  8.7678e-10  
5.38114e-09  3.92164e-09  1.52969e-08  1.07045e-09  4.29957e-08  4.73947e-09  9.35559e-09  6.94675e-08  1.41495e-07  2.33633e-09  
3.41339e-06  4.01206e-07  3.14497e-07  1.33565e-11  4.36394e-09  6.83963e-08  3.55637e-09  7.46215e-08  1.75878e-08  8.35661e-08  
2.67076e-08  4.20353e-08  6.65046e-09  5.24055e-08  6.60984e-09  1.873e-14  1.31911e-08  5.72207e-09  7.09458e-12  1.28816e-08  
2.69729e-09  1.47574e-08  4.52889e-16  8.71156e-11  2.30025e-09  1.24795e-16  2.62489e-09  4.06649e-09  2.72158e-13  4.67691e-09  
1.33697e-09  6.13699e-09  5.5923e-10  2.02418e-09  8.1037e-10  5.49864e-09  1.19761e-09  7.16824e-09  1.37974e-12  2.71449e-19  
9.55616e-10  3.16672e-11  2.17562e-11  4.17226e-09  1.41166e-09  9.81083e-09  5.63555e-10  1.27866e-15  5.80598e-09  1.20116e-09  
3.93026e-13  4.91693e-10  3.61853e-09  2.43454e-09  4.49568e-08  1.09034e-12  2.33703e-11  1.24682e-08  5.00148e-14  2.13024e-15  
1.48739e-08  3.69986e-09  5.87698e-09  2.03814e-09  8.28027e-09  1.1281e-12  2.49051e-10  6.8019e-12  7.42348e-12  6.43931e-13  
2.87334e-12  9.65732e-10  1.9628e-09  6.35923e-10  2.31422e-09  2.92699e-10  4.65275e-13  1.12437e-09  2.4097e-10  1.52813e-09  
2.5461e-10  8.25665e-10  2.08017e-10  9.49363e-10  1.86488e-10  1.18272e-09  7.33403e-14  1.56173e-21  2.95177e-10  4.05994e-12  
4.11845e-14  1.00764e-09  3.31637e-10  1.24836e-09  3.63112e-10  1.77124e-09  3.36917e-10  2.47654e-09  7.155e-10  3.41781e-09  
9.88709e-10  5.59125e-09  3.97314e-10  6.99618e-10  2.57511e-10  1.37582e-09  4.62722e-10  2.60532e-09  3.4038e-10  1.63027e-16  
9.79337e-15  8.22588e-10  3.21645e-10  1.71101e-09  6.53653e-10  3.38515e-09  7.91407e-14  5.95531e-11  4.43553e-10  6.03011e-13  
1.73446e-10  2.65447e-14  7.19553e-12  1.20226e-09  4.25256e-10  3.48058e-09  2.77017e-09  3.91244e-08  4.63172e-09  1.44786e-08  
3.64169e-13  1.04599e-10  1.27986e-09  4.01767e-09  5.54162e-10  1.74318e-09  3.17637e-10  1.63358e-09  1.06726e-13  6.92329e-11  
2.60523e-11  6.80533e-15  1.55707e-10  5.09604e-10  6.9677e-11  3.39303e-10  4.74802e-11  2.99006e-10  1.80676e-12  6.03382e-13  
5.70771e-11  1.02004e-13  8.10714e-13  5.34809e-14  8.52559e-16  1.32671e-10  4.99163e-11  2.0702e-10  9.58086e-11  3.99696e-10  
6.46243e-15  6.8055e-12  8.48067e-11  8.32746e-14  6.94835e-16  1.4624e-10  6.52671e-11  2.94081e-10  1.24364e-10  6.13404e-10  
1.13686e-10  2.58269e-10  1.02795e-10  3.99472e-10  9.3384e-14  5.4066e-11  9.509e-11  1.44269e-12  4.03863e-12  1.40021e-10  
1.36121e-10  4.23562e-10  1.86622e-10  9.10141e-10  1.18833e-10  8.91875e-11  6.64563e-14  1.12432e-16  9.56894e-11  4.59806e-10  
1.58399e-10  9.11626e-10  4.319e-13  8.41554e-11  2.02309e-10  3.52806e-13  4.08237e-15  4.43047e-10  2.41778e-10  6.25493e-10  
7.58787e-13  1.99317e-10  1.10602e-10  3.87874e-14  4.28625e-11  2.74034e-10  7.82142e-11  4.81126e-10  9.65726e-11  5.03709e-10  
1.39019e-13  8.54057e-11  9.54476e-11  7.14169e-13  6.50407e-11  1.50019e-10  3.80909e-11  3.86144e-10  1.5971e-10  7.24089e-10  
2.33912e-10  8.09049e-10  3.46468e-10  1.14311e-09  4.59584e-10  1.94307e-09  9.12218e-10  7.59168e-11  4.96757e-10  1.06171e-09  
6.88961e-10  9.25737e-09  1.72195e-08  1.57313e-07  1.83228e-09  1.79838e-15  4.46015e-09  
2.19992e-22  3.86655e-18  1.96278e-29  0  0.180761  3.60114e-24  2.22663e-33  0  0.0197788  1.89466e-11  6.04259e-06  
6.79914e-16  2.77093e-09  5.11852e-08  9.24065e-30  1.24637e-23  0.000783061  1.1979e-07  2.42982e-08  1.23863e-22  2.55596e-20  
9.55719e-14  1.46312e-06  3.45358e-18  1.91558e-30  1.55435e-05  5.64197e-07  0.00115682  8.79342e-17  8.42919e-24  2.31496e-13  
7.65347e-06  1.79913e-13  3.43717e-28  1.13979e-05  2.54109e-06  1.38343e-06  3.29971e-18  2.99005e-20  1.25133e-08  1.27095e-23  
1.73713e-06  3.46396e-17  6.06521e-25  4.91207e-06  2.75536e-07  2.87707e-07  2.58642e-07  1.08189e-13  2.41609e-15  1.77288e-06  
3.56688e-08  1.18143e-07  4.80294e-14  7.22845e-09  1.35969e-08  9.85683e-10  5.34585e-08  2.40812e-07  1.53696e-12  8.59474e-08  
1.84971e-09  5.03967e-09  1.82464e-08  1.95237e-09  3.79834e-09  2.08732e-07  2.91451e-09  5.58496e-09  1.14084e-09  9.07627e-09  
2.68556e-13  3.14897e-09  1.5629e-15  4.75406e-10  9.33115e-10  5.98906e-14  1.18296e-15  1.31587e-21  1.48245e-09  8.76168e-10  
5.37382e-09  3.92772e-09  1.52996e-08  1.06965e-09  4.29825e-08  4.7367e-09  9.37113e-09  7.1389e-08  1.41224e-07  5.08108e-10  
3.412e-06  4.01798e-07  3.1526e-07  3.68013e-12  4.36272e-09  6.84872e-08  1.48649e-09  7.44768e-08  1.76248e-08  8.57206e-08  
2.6736e-08  4.20966e-08  6.37847e-09  5.24142e-08  6.90428e-09  5.52652e-15  1.32102e-08  5.71653e-09  1.72429e-12  1.2884e-08  
2.69856e-09  1.47638e-08  1.13464e-16  8.70868e-11  2.30055e-09  2.78968e-17  2.62528e-09  4.0651e-09  7.6625e-14  4.67687e-09  
1.33676e-09  6.13792e-09  5.59178e-10  2.02429e-09  8.10172e-10  5.49875e-09  1.19788e-09  7.16909e-09  1.3539e-12  5.89285e-20  
9.55616e-10  3.12402e-11  2.15485e-11  4.17073e-09  1.4103e-09  9.81362e-09  3.60999e-10  3.48874e-16  5.80692e-09  1.40212e-09  
1.2984e-13  4.91781e-10  3.62295e-09  2.43431e-09  4.49546e-08  3.02257e-13  1.9635e-11  1.24717e-08  1.75867e-14  4.81334e-16  
1.48767e-08  3.70045e-09  5.87855e-09  2.0388e-09  8.27893e-09  3.06915e-13  2.48911e-10  6.70596e-12  7.33731e-12  1.71324e-13  
2.85929e-12  9.64403e-10  1.96573e-09  6.3663e-10  2.31412e-09  2.92752e-10  4.57098e-13  1.12399e-09  2.41017e-10  1.52786e-09  
2.54881e-10  8.25404e-10  2.08196e-10  9.4903e-10  1.8663e-10  1.18258e-09  9.10764e-14  3.88829e-22  2.95543e-10  4.01911e-12  
9.09266e-15  1.00729e-09  3.31872e-10  1.24826e-09  3.63305e-10  1.7714e-09  3.37136e-10  2.47671e-09  7.15497e-10  3.41833e-09  
9.88926e-10  5.59175e-09  3.97467e-10  6.99287e-10  2.575e-10  1.37557e-09  4.6275e-10  2.60514e-09  3.40444e-10  3.77742e-17  
8.61986e-16  8.22534e-10  3.21663e-10  1.71063e-09  6.53424e-10  3.38538e-09  2.24812e-14  5.94902e-11  4.4341e-10  1.56894e-13  
1.71943e-10  7.48337e-15  6.09242e-12  1.20416e-09  4.25435e-10  3.48108e-09  2.77147e-09  3.91275e-08  4.63206e-09  1.44781e-08  
1.01513e-13  1.04447e-10  1.28022e-09  4.01851e-09  5.54119e-10  1.74356e-09  3.17425e-10  1.63362e-09  3.00155e-14  6.87077e-11  
6.80182e-12  5.06603e-16  1.73085e-10  5.12783e-10  6.95708e-11  3.3886e-10  4.51893e-11  2.98693e-10  3.70358e-12  7.54412e-13  
5.71764e-11  2.7246e-14  2.01556e-13  1.207e-13  5.47063e-16  1.33281e-10  5.03123e-11  2.07293e-10  9.56879e-11  3.99684e-10  
1.81823e-15  6.74262e-12  8.46847e-11  2.2295e-14  1.67608e-16  1.46598e-10  6.51308e-11  2.94089e-10  1.24106e-10  6.13291e-10  
1.1357e-10  2.5834e-10  1.02624e-10  3.99677e-10  2.62174e-14  5.3518e-11  9.48909e-11  3.82707e-13  5.10002e-13  1.42958e-10  
1.36998e-10  4.24859e-10  1.8676e-10  9.10318e-10  1.18711e-10  8.91462e-11  1.88682e-14  1.08575e-16  9.56341e-11  4.5999e-10  
1.58277e-10  9.11918e-10  1.18623e-13  8.29975e-11  2.0149e-10  1.05302e-13  1.10629e-15  4.46186e-10  2.41575e-10  6.25329e-10  
2.05358e-13  1.97693e-10  1.10276e-10  1.08335e-14  4.25549e-11  2.76034e-10  7.88172e-11  4.81919e-10  9.64706e-11  5.03673e-10  
3.90404e-14  8.44675e-11  9.53393e-11  1.95982e-13  6.65479e-11  1.52827e-10  3.57733e-11  3.85651e-10  1.59564e-10  7.24016e-10  
2.33712e-10  8.09564e-10  3.46582e-10  1.14347e-09  4.59507e-10  1.94319e-09  9.11932e-10  2.48664e-11  4.9595e-10  1.1143e-09  
6.8934e-10  9.25599e-09  1.72178e-08  1.5732e-07  1.83364e-09  5.22401e-16  4.46044e-09  
9.38111e-23  2.9504e-18  5.54218e-30  0  0.180678  3.5932e-24  1.3525e-34  0  0.0198053  1.13634e-11  6.03494e-06  
2.49218e-16  4.79899e-09  5.04103e-08  6.43954e-31  5.84876e-24  0.000783898  1.17218e-07  2.7066e-08  4.61761e-23  9.5301e-21  
5.48319e-14  1.46343e-06  1.21395e-18  2.28198e-31  1.55461e-05  5.64609e-07  0.00115682  3.13027e-17  2.84001e-24  1.01975e-13  
7.6542e-06  5.14724e-14  4.94834e-29  1.1398e-05  2.54254e-06  1.38411e-06  1.00707e-18  9.63319e-21  1.24414e-08  2.92341e-24  
1.73703e-06  1.21173e-17  1.86903e-25  4.91211e-06  2.75565e-07  2.87797e-07  2.58651e-07  2.77975e-14  5.83347e-16  1.77281e-06  
3.56687e-08  1.18147e-07  1.18253e-14  7.22977e-09  1.35949e-08  9.86471e-10  5.34923e-08  2.40779e-07  4.02683e-13  8.59622e-08  
1.82669e-09  5.04001e-09  1.827e-08  1.95305e-09  3.79862e-09  2.08713e-07  2.91471e-09  5.58648e-09  1.14108e-09  9.07608e-09  
6.90034e-14  3.14926e-09  4.17191e-16  4.754e-10  9.33445e-10  1.58065e-14  3.11678e-16  9.48965e-23  1.4825e-09  8.75981e-10  
5.37177e-09  3.92943e-09  1.53004e-08  1.06938e-09  4.29789e-08  4.73572e-09  9.37557e-09  7.17637e-08  1.41148e-07  1.59892e-10  
3.41163e-06  4.01948e-07  3.15474e-07  9.53779e-13  4.36237e-09  6.85127e-08  7.42584e-10  7.44369e-08  1.76337e-08  8.64895e-08  
2.67427e-08  4.21137e-08  6.14893e-09  5.24167e-08  7.14036e-09  1.63198e-15  1.32152e-08  5.71512e-09  4.73096e-13  1.28847e-08  
2.69891e-09  1.47656e-08  3.41602e-17  8.70786e-11  2.30071e-09  8.50486e-18  2.62535e-09  4.06471e-09  2.02057e-14  4.67689e-09  
1.33667e-09  6.13822e-09  5.59154e-10  2.02435e-09  8.10113e-10  5.49876e-09  1.19793e-09  7.16933e-09  1.35704e-12  1.83149e-20  
9.55607e-10  3.11213e-11  2.14916e-11  4.17037e-09  1.40979e-09  9.81447e-09  2.53088e-10  1.02242e-16  5.80706e-09  1.50912e-09  
3.7035e-14  4.91801e-10  3.62478e-09  2.43424e-09  4.4954e-08  7.91954e-14  1.71444e-11  1.24727e-08  7.7761e-15  1.08791e-16  
1.48789e-08  3.70056e-09  5.87899e-09  2.03898e-09  8.27859e-09  7.93153e-14  2.48871e-10  6.68262e-12  7.31281e-12  4.37928e-14  
2.85628e-12  9.64016e-10  1.96652e-09  6.3685e-10  2.3141e-09  2.92775e-10  4.58366e-13  1.12387e-09  2.41041e-10  1.52777e-09  
2.54984e-10  8.2531e-10  2.08267e-10  9.48916e-10  1.8668e-10  1.18252e-09  1.06181e-13  1.55705e-22  2.95673e-10  4.00794e-12  
2.89672e-15  1.00716e-09  3.3196e-10  1.24821e-09  3.63372e-10  1.77143e-09  3.37213e-10  2.47675e-09  7.15502e-10  3.41845e-09  
9.89007e-10  5.59188e-09  3.97528e-10  6.9918e-10  2.57503e-10  1.37549e-09  4.62766e-10  2.60508e-09  3.40468e-10  1.10267e-17  
9.36193e-17  8.22519e-10  3.21673e-10  1.71052e-09  6.53345e-10  3.38546e-09  6.01613e-15  5.94726e-11  4.4337e-10  3.70891e-14  
1.71518e-10  1.9907e-15  5.35064e-12  1.20471e-09  4.25471e-10  3.48122e-09  2.77227e-09  3.91283e-08  4.63216e-09  1.4478e-08  
2.65844e-14  1.04405e-10  1.28031e-09  4.01876e-09  5.54094e-10  1.74368e-09  3.17348e-10  1.63365e-09  7.90461e-15  6.85616e-11  
2.44431e-12  4.89347e-17  1.76873e-10  5.13702e-10  6.95277e-11  3.38757e-10  4.34075e-11  2.98653e-10  5.31947e-12  7.52318e-13  
5.72097e-11  6.54681e-15  6.92883e-14  1.81883e-13  2.31255e-16  1.3345e-10  5.03875e-11  2.07378e-10  9.56382e-11  3.99697e-10  
5.05583e-16  6.72518e-12  8.46486e-11  5.40518e-15  4.2331e-17  1.46701e-10  6.50787e-11  2.9411e-10  1.24019e-10  6.13269e-10  
1.13529e-10  2.58368e-10  1.02559e-10  3.99756e-10  6.89022e-15  5.33656e-11  9.48225e-11  9.88876e-14  1.22655e-13  1.43778e-10  
1.3666e-10  4.25204e-10  1.86782e-10  9.10382e-10  1.18665e-10  8.91338e-11  5.04085e-15  1.07537e-16  9.56212e-11  4.60053e-10  
1.58227e-10  9.12016e-10  3.06575e-14  8.24026e-11  2.01248e-10  3.43807e-14  2.88787e-16  4.47342e-10  2.41512e-10  6.25287e-10  
5.29504e-14  1.97242e-10  1.10212e-10  2.86174e-15  4.24693e-11  2.76563e-10  7.89728e-11  4.82155e-10  9.64281e-11  5.03675e-10  
1.02526e-14  8.42103e-11  9.52965e-11  5.10475e-14  6.86078e-11  1.53617e-10  3.35083e-11  3.85496e-10  1.5952e-10  7.23996e-10  
2.33638e-10  8.09719e-10  3.46609e-10  1.14358e-09  4.59475e-10  1.94326e-09  9.11806e-10  1.03126e-11  4.95627e-10  1.12937e-09  
6.89489e-10  9.25562e-09  1.72173e-08  1.57322e-07  1.83399e-09  1.43584e-16  4.46052e-09  
  13 1.31102e+09 1.31102e+09 1.74869 0.632304 103320 185.65 0.021144
4.69805e-23  1.84387e-16  1.6949e-27  1.75191e-37  0.173321  2.71613e-24  9.10755e-32  0  0.021569  2.31222e-09  5.19593e-06  
5.30565e-14  0.000166989  7.59483e-08  8.24837e-27  5.49917e-18  0.00114836  2.41433e-06  7.08544e-07  1.72946e-20  1.92303e-18  
1.89567e-11  1.32375e-06  1.7674e-17  3.01534e-27  1.56208e-05  5.49425e-07  0.00114882  5.9114e-16  2.48738e-22  8.05706e-13  
8.5429e-06  7.34665e-13  1.83197e-26  1.77946e-05  2.55047e-06  2.06879e-06  2.35892e-17  6.00434e-19  9.41963e-09  3.06555e-23  
1.56216e-06  2.15463e-16  5.60022e-24  5.0175e-06  2.60343e-07  2.86642e-07  4.22714e-07  4.00108e-13  3.66447e-15  1.72302e-06  
3.23552e-08  1.21172e-07  9.95644e-14  1.09389e-08  1.21258e-08  7.26057e-10  6.23748e-08  2.12217e-07  3.83255e-12  8.95998e-08  
1.06827e-11  8.50428e-09  2.21915e-08  2.20842e-09  5.54279e-09  1.85564e-07  1.32019e-09  6.94384e-09  1.35608e-09  1.18824e-08  
7.68325e-13  5.49747e-09  7.23911e-15  4.45685e-10  1.1105e-09  2.11125e-13  5.37385e-15  1.88205e-20  2.07102e-09  1.04876e-09  
5.45901e-09  4.50056e-09  2.71469e-08  1.13116e-09  4.09665e-08  4.26066e-09  1.05346e-08  6.30798e-08  1.22648e-07  1.09364e-10  
3.04645e-06  3.59592e-07  3.15504e-07  9.95701e-12  3.78133e-09  7.97204e-08  9.04527e-11  6.48408e-08  6.08271e-09  9.22309e-08  
2.76827e-08  4.55865e-08  5.78938e-11  7.74214e-08  1.58002e-08  4.40015e-14  1.85896e-08  7.81659e-09  4.96188e-12  1.93525e-08  
4.02252e-09  2.20819e-08  9.73136e-16  1.23767e-10  3.9925e-09  2.87013e-16  4.06519e-09  6.7483e-09  3.49397e-13  7.4012e-09  
2.00757e-09  9.72401e-09  8.61851e-10  3.37467e-09  1.32577e-09  8.75869e-09  1.64488e-09  1.17599e-08  2.52682e-10  6.8682e-17  
1.53293e-09  3.84005e-11  1.58137e-11  7.6545e-09  1.96135e-09  1.65151e-08  8.68606e-12  2.16294e-15  1.06352e-08  2.45431e-09  
6.62781e-13  5.78495e-10  6.53493e-09  4.24591e-09  8.02368e-08  1.51736e-12  7.95824e-16  2.11948e-08  6.63101e-14  5.41799e-17  
2.64455e-08  5.98836e-09  9.89497e-09  3.29267e-09  1.47769e-08  1.47843e-12  2.20324e-10  9.68649e-11  2.13694e-12  7.90927e-13  
9.33016e-12  1.53474e-09  3.21014e-09  1.13661e-09  4.00081e-09  4.56802e-10  8.52192e-11  1.98388e-09  4.35095e-10  2.57965e-09  
4.87342e-10  1.44338e-09  3.86845e-10  1.61737e-09  3.2668e-10  2.01885e-09  2.09066e-11  5.64642e-19  5.64922e-10  4.81567e-12  
1.54751e-14  1.68711e-09  6.03557e-10  2.07902e-09  6.57065e-10  2.99263e-09  6.09999e-10  4.21809e-09  1.31232e-09  5.65016e-09  
1.79031e-09  9.51369e-09  7.8187e-10  1.2447e-09  4.72066e-10  2.39272e-09  8.45347e-10  4.50828e-09  6.08744e-10  3.17757e-16  
1.62228e-17  1.49338e-09  6.00684e-10  3.07701e-09  1.09715e-09  6.01711e-09  1.14477e-13  5.22578e-11  7.72388e-10  1.61639e-12  
1.44363e-10  1.87392e-14  1.09435e-16  2.39315e-09  7.96693e-10  6.10666e-09  5.02673e-09  7.96347e-08  9.61486e-09  3.20446e-08  
6.31202e-13  9.17445e-11  2.53915e-09  9.02534e-09  1.12804e-09  3.8885e-09  6.5929e-10  3.8759e-09  1.94779e-13  5.89596e-11  
6.75635e-12  1.47378e-15  3.20703e-10  1.28754e-09  1.44161e-10  7.6366e-10  9.84306e-12  5.67578e-10  6.97676e-11  9.01575e-12  
1.25791e-10  4.62376e-13  4.04438e-14  4.21824e-11  4.57216e-13  3.05913e-10  1.14913e-10  5.03365e-10  2.10168e-10  9.54293e-10  
1.32064e-14  5.76168e-12  1.94767e-10  3.18883e-13  7.48781e-16  3.57518e-10  1.46601e-10  7.10689e-10  2.73338e-10  1.42157e-09  
2.52613e-10  5.96144e-10  2.11508e-10  9.64969e-10  1.68633e-13  4.67703e-11  2.12772e-10  2.1647e-12  2.37785e-13  3.98579e-10  
2.7894e-10  9.74567e-10  4.01735e-10  2.10839e-09  2.51884e-10  1.87867e-10  1.16023e-13  2.60648e-16  2.05305e-10  1.02329e-09  
3.32578e-10  2.12846e-09  7.34892e-13  1.3487e-11  3.81565e-10  5.3443e-13  6.26772e-16  1.21336e-09  5.38676e-10  1.34785e-09  
1.20875e-12  2.35421e-10  2.49993e-10  6.41928e-14  4.87168e-11  6.92729e-10  2.00877e-10  1.13354e-09  2.09241e-10  1.18445e-09  
2.52697e-13  1.06795e-10  2.02967e-10  1.17928e-12  2.4801e-10  4.78107e-10  7.94107e-12  8.97998e-10  3.68307e-10  1.62557e-09  
4.66929e-10  1.66955e-09  7.16325e-10  2.59591e-09  1.00761e-09  4.58146e-09  1.83278e-09  7.00528e-12  4.64385e-10  2.72561e-09  
1.7743e-09  2.08493e-08  3.49216e-08  2.69166e-07  2.7126e-09  2.62802e-15  7.58694e-09  
1.49266e-24  5.426e-14  5.93777e-24  4.81306e-30  0.189961  2.58191e-24  1.80277e-26  1.45404e-38  0.016361  1.08938e-08  4.43981e-06  
1.05835e-15  0.000598666  6.7027e-08  2.26543e-29  9.56752e-18  0.000896298  1.76727e-06  1.20802e-05  1.09661e-20  4.96528e-20  
3.85398e-10  9.86581e-07  4.79028e-19  1.83846e-27  1.6285e-05  4.11007e-07  0.000867865  1.52678e-17  2.55057e-22  1.02524e-13  
1.06226e-05  2.7661e-14  1.31767e-28  1.47376e-05  1.93637e-06  1.58943e-06  6.40038e-19  2.63064e-20  4.85281e-08  1.70484e-24  
1.56495e-06  6.05274e-18  9.23421e-24  4.94578e-06  2.54745e-07  2.57105e-07  3.26873e-07  1.06047e-14  1.02961e-16  1.7806e-06  
2.80437e-08  1.13309e-07  2.81241e-15  8.31165e-09  1.3555e-08  6.56639e-10  5.10517e-08  2.39732e-07  1.0759e-13  8.31957e-08  
1.20566e-11  6.35032e-09  2.07975e-08  1.76732e-09  4.5569e-09  2.05446e-07  1.43867e-09  5.74022e-09  1.11618e-09  1.03505e-08  
2.21932e-14  4.09692e-09  1.86783e-16  4.64707e-10  8.86906e-10  5.33759e-15  1.38024e-16  1.65737e-23  1.78194e-09  9.66493e-10  
6.0899e-09  3.65826e-09  2.02943e-08  1.11312e-09  4.35889e-08  4.42456e-09  8.72663e-09  6.30317e-08  1.55691e-07  8.53077e-12  
3.40389e-06  3.0859e-07  2.50422e-07  2.59224e-13  2.8917e-09  6.42161e-08  1.7145e-11  8.44933e-08  5.86707e-09  8.53061e-08  
2.26955e-08  3.73705e-08  6.08349e-11  6.0462e-08  1.29119e-08  1.16306e-15  1.47119e-08  6.82656e-09  1.61028e-13  1.53873e-08  
3.17757e-09  1.72143e-08  2.50405e-17  1.02361e-10  3.09862e-09  7.58193e-18  3.10837e-09  5.17766e-09  9.04282e-15  5.64736e-09  
1.52884e-09  7.38198e-09  6.5398e-10  2.55189e-09  1.00116e-09  6.58346e-09  1.2346e-09  8.80688e-09  1.87353e-10  1.72642e-18  
1.14834e-09  3.5921e-11  1.39083e-11  5.69815e-09  1.46173e-09  1.22978e-08  3.7323e-12  5.49039e-17  7.87114e-09  1.83002e-09  
1.64236e-14  4.36252e-10  4.85294e-09  3.14535e-09  5.93158e-08  3.76549e-14  4.77048e-16  1.56883e-08  1.64572e-15  4.6307e-20  
1.9551e-08  4.43653e-09  7.32833e-09  2.43811e-09  1.09247e-08  3.68165e-14  1.68154e-10  7.25643e-11  2.30752e-12  1.9931e-14  
7.79186e-12  1.13725e-09  2.38038e-09  8.4261e-10  2.96122e-09  3.3859e-10  6.30133e-11  1.46686e-09  3.21875e-10  1.90945e-09  
3.61067e-10  1.06781e-09  2.86377e-10  1.19672e-09  2.41645e-10  1.49371e-09  1.59987e-11  1.47693e-20  4.18408e-10  4.06343e-12  
6.24012e-16  1.24849e-09  4.46997e-10  1.53955e-09  4.86785e-10  2.21635e-09  4.51901e-10  3.12366e-09  9.71211e-10  4.18725e-09  
1.32582e-09  7.04753e-09  5.78914e-10  9.2052e-10  3.49146e-10  1.7707e-09  6.25703e-10  3.3382e-09  4.51081e-10  8.22351e-18  
1.50073e-19  1.10564e-09  4.44905e-10  2.27682e-09  8.12523e-10  4.45514e-09  2.86802e-15  4.03425e-11  5.71937e-10  3.26588e-14  
1.08024e-10  4.66047e-16  6.42457e-17  1.76989e-09  5.88605e-10  4.52073e-09  3.71922e-09  5.87129e-08  7.08534e-09  2.35751e-08  
1.54878e-14  6.99039e-11  1.87195e-09  6.63897e-09  8.30645e-10  2.86115e-09  4.85071e-10  2.84815e-09  4.84235e-15  4.42975e-11  
4.63073e-13  3.46261e-18  2.39836e-10  9.4705e-10  1.0607e-10  5.61344e-10  9.55579e-12  4.18829e-10  4.81257e-11  4.21476e-12  
9.383e-11  8.72147e-15  2.59841e-15  3.23355e-11  1.40005e-14  2.25838e-10  8.45908e-11  3.70316e-10  1.54494e-10  7.0114e-10  
3.31097e-16  4.37085e-12  1.43105e-10  6.37227e-15  9.7589e-18  2.62934e-10  1.0765e-10  5.2212e-10  2.00721e-10  1.04467e-09  
1.8561e-10  4.38285e-10  1.55491e-10  7.09179e-10  4.22006e-15  3.49417e-11  1.56345e-10  5.63555e-14  8.98006e-15  2.94954e-10  
2.0443e-10  7.16621e-10  2.95414e-10  1.54984e-09  1.85156e-10  1.3809e-10  2.86646e-15  2.47245e-15  1.50985e-10  7.52931e-10  
2.44565e-10  1.56466e-09  1.81296e-14  1.07241e-11  2.80807e-10  1.3284e-14  1.31077e-17  8.92571e-10  3.96125e-10  9.9148e-10  
2.98414e-14  1.74637e-10  1.84499e-10  1.62905e-15  3.61849e-11  5.09698e-10  1.47716e-10  8.34004e-10  1.53809e-10  8.7055e-10  
6.24903e-15  7.91633e-11  1.49314e-10  2.91402e-14  1.81028e-10  3.52451e-10  7.1354e-12  6.59447e-10  2.70668e-10  1.19556e-09  
3.43549e-10  1.2301e-09  5.27766e-10  1.90952e-09  7.41046e-10  3.366e-09  1.34924e-09  8.20496e-13  3.50761e-10  2.00787e-09  
1.30173e-09  1.53296e-08  2.57424e-08  1.99583e-07  2.02143e-09  6.43161e-17  5.63162e-09  
2.82329e-22  1.609e-16  3.07744e-27  4.3728e-37  0.188613  5.81974e-24  1.61572e-31  0  0.01678  1.94556e-08  4.47234e-06  
8.53727e-14  0.00057215  9.5406e-08  2.43921e-26  9.2679e-17  0.000911646  1.76065e-06  3.00856e-05  4.59189e-18  3.36089e-18  
2.98162e-09  9.96e-07  7.76766e-17  1.03366e-24  1.61715e-05  4.157e-07  0.000875557  2.42056e-15  6.6586e-22  4.5855e-13  
1.03405e-05  4.06922e-12  4.14343e-26  1.47531e-05  1.95728e-06  1.59808e-06  1.24556e-16  2.10733e-18  5.95547e-08  1.77249e-22  
1.59476e-06  1.19837e-15  1.27065e-22  4.94811e-06  2.5506e-07  2.57884e-07  3.28025e-07  1.12156e-12  9.92739e-15  1.77951e-06  
2.81836e-08  1.13482e-07  1.42253e-13  8.3514e-09  1.35447e-08  6.50717e-10  5.11405e-08  2.39369e-07  9.4689e-12  8.33242e-08  
1.96073e-11  6.37874e-09  2.08099e-08  1.76979e-09  4.56301e-09  2.05163e-07  1.42462e-09  5.75921e-09  1.12143e-09  1.03691e-08  
7.62042e-13  4.11454e-09  2.41476e-14  4.64462e-10  8.89676e-10  3.42357e-13  1.60628e-14  2.70848e-19  1.78517e-09  9.69981e-10  
6.07928e-09  3.66543e-09  2.03783e-08  1.11779e-09  4.35395e-08  4.44403e-09  8.73554e-09  6.2553e-08  1.55598e-07  1.16541e-10  
3.39802e-06  3.09324e-07  2.52113e-07  1.60243e-11  2.91708e-09  6.45784e-08  7.43402e-11  8.41942e-08  5.82371e-09  8.54946e-08  
2.2761e-08  3.75941e-08  9.59266e-11  6.07517e-08  1.2932e-08  1.70611e-13  1.4779e-08  6.84992e-09  4.5011e-12  1.54535e-08  
3.19188e-09  1.72963e-08  3.96717e-15  1.02688e-10  3.10966e-09  1.33097e-15  3.12256e-09  5.19948e-09  9.64359e-13  5.67384e-09  
1.53645e-09  7.41695e-09  6.57364e-10  2.5627e-09  1.00578e-09  6.61498e-09  1.24124e-09  8.84712e-09  1.8606e-10  3.01138e-16  
1.15392e-09  3.86479e-11  1.38927e-11  5.71973e-09  1.47035e-09  1.23545e-08  8.72736e-12  8.19166e-15  7.90378e-09  1.83296e-09  
1.47534e-12  4.39254e-10  4.87593e-09  3.15928e-09  5.95714e-08  2.11599e-12  1.63385e-15  1.57605e-08  2.18539e-13  3.11778e-16  
1.96357e-08  4.45847e-09  7.36313e-09  2.45015e-09  1.09708e-08  1.81126e-12  1.69606e-10  7.26418e-11  2.86765e-12  5.08212e-13  
7.77899e-12  1.13953e-09  2.39307e-09  8.46384e-10  2.97473e-09  3.40773e-10  6.25577e-11  1.47291e-09  3.23301e-10  1.91832e-09  
3.62271e-10  1.07262e-09  2.87601e-10  1.20226e-09  2.42647e-10  1.50016e-09  1.61103e-11  2.52635e-18  4.19942e-10  4.39325e-12  
1.35275e-14  1.25448e-09  4.48813e-10  1.54695e-09  4.88607e-10  2.22698e-09  4.53749e-10  3.13835e-09  9.74921e-10  4.20771e-09  
1.33132e-09  7.08041e-09  5.80675e-10  9.2466e-10  3.50514e-10  1.77875e-09  6.28187e-10  3.35317e-09  4.53016e-10  1.39866e-15  
4.47346e-17  1.11011e-09  4.46726e-10  2.28646e-09  8.16431e-10  4.47441e-09  3.56496e-13  4.0671e-11  5.74136e-10  1.58788e-12  
1.08477e-10  4.7089e-14  2.99436e-16  1.77552e-09  5.91285e-10  4.54092e-09  3.73511e-09  5.89342e-08  7.11152e-09  2.36545e-08  
1.09875e-12  7.04832e-11  1.87854e-09  6.66143e-09  8.3396e-10  2.8709e-09  4.86752e-10  2.85682e-09  5.1922e-13  4.45246e-11  
4.39716e-12  4.05476e-15  2.36016e-10  9.5083e-10  1.06731e-10  5.62806e-10  1.43728e-11  4.16964e-10  4.27888e-11  7.65227e-12  
9.48506e-11  6.76241e-13  6.01939e-14  3.18321e-11  3.44991e-13  2.26181e-10  8.47808e-11  3.71482e-10  1.5514e-10  7.03147e-10  
4.74202e-14  4.39094e-12  1.4356e-10  5.44883e-13  3.85831e-15  2.63187e-10  1.08045e-10  5.23679e-10  2.0141e-10  1.04787e-09  
1.86217e-10  4.39697e-10  1.56226e-10  7.11076e-10  4.72699e-13  3.50639e-11  1.56308e-10  1.88317e-12  1.85223e-13  2.94641e-10  
2.04313e-10  7.19213e-10  2.96618e-10  1.55482e-09  1.85959e-10  1.38586e-10  3.40195e-13  2.92137e-15  1.51057e-10  7.55654e-10  
2.45372e-10  1.56964e-09  1.12836e-12  1.06598e-11  2.80755e-10  9.45382e-13  2.78062e-15  8.94689e-10  3.97775e-10  9.95092e-10  
1.32622e-12  1.75229e-10  1.83295e-10  2.12189e-13  3.63409e-11  5.11801e-10  1.4839e-10  8.36958e-10  1.54384e-10  8.73094e-10  
6.02936e-13  7.92633e-11  1.49306e-10  1.29109e-12  1.77615e-10  3.52613e-10  1.13478e-11  6.6095e-10  2.71436e-10  1.19955e-09  
3.44988e-10  1.23502e-09  5.29738e-10  1.91582e-09  7.43536e-10  3.37683e-09  1.3541e-09  4.91892e-12  3.53269e-10  2.01109e-09  
1.30586e-09  1.53796e-08  2.58388e-08  2.00497e-07  2.03273e-09  7.8331e-15  5.65755e-09  
1.77608e-23  4.80876e-14  2.63053e-24  7.83462e-30  0.197075  6.9335e-24  6.81242e-27  6.22333e-40  0.0144318  1.61528e-07  3.85876e-06  
3.36362e-15  0.000514159  1.34754e-07  4.26635e-29  5.37342e-18  0.000778248  1.49026e-06  4.30321e-05  4.56937e-19  1.28614e-19  
7.61495e-09  8.47767e-07  4.45492e-18  1.21499e-25  1.63714e-05  3.5452e-07  0.000745439  1.38055e-16  3.61379e-23  7.79061e-13  
9.10015e-06  2.37377e-13  3.52158e-27  1.33941e-05  1.68415e-06  1.37204e-06  8.2516e-18  9.59704e-20  1.34136e-07  1.01054e-23  
1.66647e-06  7.90002e-17  9.10675e-24  4.91605e-06  2.52567e-07  2.43302e-07  2.85426e-07  8.37195e-14  1.21576e-15  1.80649e-06  
2.63387e-08  1.0981e-07  1.41123e-13  7.17161e-09  1.42843e-08  5.67282e-10  4.46812e-08  2.53073e-07  1.93141e-12  7.99853e-08  
3.02472e-11  5.44185e-09  2.0088e-08  1.5188e-09  4.05987e-09  2.14735e-07  1.29782e-09  5.1766e-09  1.01136e-09  9.68791e-09  
1.37343e-12  3.5026e-09  1.46831e-15  4.72961e-10  7.82425e-10  9.05141e-14  1.01642e-15  1.18573e-21  1.66112e-09  9.50885e-10  
6.43265e-09  3.23131e-09  1.74251e-08  1.13922e-09  4.48258e-08  4.63958e-09  7.70678e-09  6.00364e-08  1.74621e-07  3.13271e-10  
3.56755e-06  2.80509e-07  2.1783e-07  4.75298e-12  2.49361e-09  5.66725e-08  1.71906e-10  9.43036e-08  5.1836e-09  8.15157e-08  
1.98759e-08  3.33008e-08  1.4431e-10  5.20367e-08  1.12402e-08  9.96507e-15  1.27099e-08  6.2689e-09  9.68223e-12  1.34003e-08  
2.75536e-09  1.48928e-08  2.35786e-16  9.29348e-11  2.66061e-09  8.25069e-17  2.66815e-09  4.43934e-09  6.51921e-14  4.84909e-09  
1.31351e-09  6.33981e-09  5.63386e-10  2.1844e-09  8.58969e-10  5.63916e-09  1.05835e-09  7.54733e-09  1.56299e-10  1.81471e-17  
9.85372e-10  3.87595e-11  1.21355e-11  4.86639e-09  1.2562e-09  1.05321e-08  1.72979e-11  4.84265e-16  6.72853e-09  1.55012e-09  
1.21519e-13  3.75821e-10  4.15602e-09  2.6883e-09  5.06775e-08  7.92484e-13  7.20743e-15  1.34146e-08  1.27934e-14  2.12171e-16  
1.67042e-08  3.79477e-09  6.26621e-09  2.08552e-09  9.33017e-09  1.03943e-12  1.45086e-10  6.15036e-11  3.41501e-12  9.37823e-13  
6.76519e-12  9.68283e-10  2.03823e-09  7.20156e-10  2.53114e-09  2.91402e-10  5.17741e-11  1.25237e-09  2.75143e-10  1.63236e-09  
3.07695e-10  9.12737e-10  2.44695e-10  1.02316e-09  2.06729e-10  1.27586e-09  1.33996e-11  1.50965e-19  3.56845e-10  4.2607e-12  
3.43605e-14  1.06773e-09  3.8156e-10  1.31658e-09  4.15161e-10  1.89535e-09  3.8578e-10  2.67059e-09  8.28617e-10  3.58118e-09  
1.13213e-09  6.02456e-09  4.92936e-10  7.86874e-10  2.97937e-10  1.51333e-09  5.34116e-10  2.85276e-09  3.85769e-10  8.59307e-17  
2.07659e-16  9.44016e-10  3.806e-10  1.94485e-09  6.95436e-10  3.80632e-09  2.16141e-14  3.50747e-11  4.88864e-10  7.59773e-13  
9.17961e-11  3.24572e-15  1.23296e-15  1.51077e-09  5.0341e-10  3.8628e-09  3.17697e-09  5.01124e-08  6.04689e-09  2.01077e-08  
1.81382e-13  6.02309e-11  1.59899e-09  5.66304e-09  7.09542e-10  2.44074e-09  4.13806e-10  2.42779e-09  3.47438e-14  3.77301e-11  
1.1851e-11  7.68062e-16  1.92724e-10  8.09419e-10  9.12998e-11  4.77724e-10  2.00182e-11  3.48687e-10  2.81259e-11  1.04235e-11  
8.31644e-11  1.07328e-13  2.73608e-13  2.571e-11  6.40145e-13  1.93373e-10  7.19554e-11  3.15807e-10  1.32196e-10  5.97382e-10  
2.78137e-15  3.761e-12  1.22177e-10  4.29153e-14  8.3955e-17  2.24014e-10  9.20659e-11  4.45056e-10  1.71359e-10  8.90472e-10  
1.58355e-10  3.73771e-10  1.33212e-10  6.0385e-10  3.07766e-14  2.96309e-11  1.33218e-10  2.64929e-12  6.7762e-13  2.50191e-10  
1.72423e-10  6.11712e-10  2.52537e-10  1.32159e-09  1.58425e-10  1.17849e-10  2.09829e-14  7.1617e-15  1.28498e-10  6.42615e-10  
2.08579e-10  1.3341e-09  3.0316e-13  9.10071e-12  2.39516e-10  1.35002e-13  1.11369e-16  7.61038e-10  3.3876e-10  8.46244e-10  
9.80733e-13  1.48461e-10  1.5512e-10  1.27397e-14  3.08273e-11  4.36297e-10  1.26536e-10  7.11927e-10  1.31431e-10  7.4187e-10  
4.50238e-14  6.71741e-11  1.27687e-10  9.14793e-13  1.44227e-10  3.0038e-10  1.70586e-11  5.61317e-10  2.30806e-10  1.02009e-09  
2.93774e-10  1.05072e-09  4.50496e-10  1.62856e-09  6.32065e-10  2.87058e-09  1.15111e-09  1.16058e-11  3.00643e-10  1.70355e-09  
1.11036e-09  1.30718e-08  2.19673e-08  1.70555e-07  1.73085e-09  4.63735e-16  4.81355e-09  
1.66606e-21  4.42052e-15  3.86153e-26  2.36654e-31  0.198403  5.98261e-24  8.81297e-30  0  0.0141171  6.02391e-08  3.61991e-06  
5.45486e-14  0.000176275  3.71354e-07  1.32662e-26  1.1623e-16  0.00070915  1.29343e-06  0.000310736  2.19e-16  2.12748e-18  
5.93781e-07  7.78809e-07  2.19653e-16  2.98975e-22  1.65239e-05  3.32165e-07  0.000723437  7.47849e-15  7.1038e-22  8.36719e-13  
8.43738e-06  1.59477e-11  9.33082e-26  1.26645e-05  1.54713e-06  1.25434e-06  6.36598e-16  2.39323e-18  1.84592e-07  7.65652e-22  
1.71911e-06  5.85247e-15  5.72823e-22  4.8999e-06  2.51516e-07  2.36189e-07  2.63229e-07  8.1698e-12  1.12738e-13  1.82004e-06  
2.55551e-08  1.07918e-07  1.85867e-12  6.56204e-09  1.46593e-08  5.3005e-10  4.1387e-08  2.60042e-07  8.99697e-11  7.8292e-08  
6.73594e-11  4.95355e-09  1.96798e-08  1.39536e-09  3.79331e-09  2.19614e-07  1.28196e-09  4.8796e-09  9.56196e-10  9.32992e-09  
8.63213e-12  3.18327e-09  1.19409e-13  4.77358e-10  7.22004e-10  2.67093e-12  9.54412e-14  8.09665e-18  1.5944e-09  9.40968e-10  
6.60079e-09  3.01923e-09  1.58895e-08  1.15133e-09  4.54717e-08  4.75009e-09  7.18438e-09  5.81495e-08  1.84196e-07  1.11139e-09  
3.65347e-06  2.66842e-07  2.00974e-07  1.33252e-10  2.27065e-09  5.2473e-08  4.86287e-10  9.92723e-08  5.09613e-09  7.92382e-08  
1.84265e-08  3.11581e-08  2.9612e-10  4.75103e-08  1.02237e-08  6.76029e-13  1.16309e-08  5.97067e-09  4.39458e-11  1.23314e-08  
2.53119e-09  1.36539e-08  1.42091e-14  8.78174e-11  2.42199e-09  5.16722e-15  2.42765e-09  4.04191e-09  5.80124e-12  4.41865e-09  
1.19854e-09  5.77851e-09  5.15294e-10  1.98469e-09  7.82708e-10  5.13153e-09  9.68794e-10  6.86626e-09  1.3005e-10  1.02292e-15  
8.98162e-10  4.70005e-11  1.19128e-11  4.41261e-09  1.15156e-09  9.5813e-09  4.50571e-11  3.34807e-14  6.11507e-09  1.37402e-09  
9.0589e-12  3.43518e-10  3.78256e-09  2.44334e-09  4.60344e-08  1.71807e-11  6.25919e-14  1.2183e-08  9.06228e-13  3.17334e-14  
1.51715e-08  3.4524e-09  5.69685e-09  1.89809e-09  8.46921e-09  1.60563e-11  1.32136e-10  5.36354e-11  5.434e-12  6.8062e-12  
6.14429e-12  8.55808e-10  1.85781e-09  6.53645e-10  2.30071e-09  2.68431e-10  4.25843e-11  1.13681e-09  2.49605e-10  1.48435e-09  
2.76718e-10  8.30903e-10  2.21347e-10  9.3123e-10  1.87906e-10  1.15914e-09  1.08624e-11  8.54284e-18  3.2172e-10  5.12305e-12  
1.39145e-13  9.72891e-10  3.4502e-10  1.1984e-09  3.75175e-10  1.72454e-09  3.4918e-10  2.42873e-09  7.5033e-10  3.25828e-09  
1.02665e-09  5.47685e-09  4.44085e-10  7.1651e-10  2.69924e-10  1.37567e-09  4.83972e-10  2.59261e-09  3.50108e-10  5.64798e-15  
5.05974e-15  8.56777e-10  3.45487e-10  1.76682e-09  6.33538e-10  3.45714e-09  1.74858e-12  3.21266e-11  4.42777e-10  7.48312e-12  
8.23271e-11  2.69943e-13  1.48679e-14  1.36489e-09  4.59165e-10  3.50989e-09  2.88568e-09  4.55216e-08  5.49296e-09  1.82575e-08  
7.98123e-12  5.4765e-11  1.44773e-09  5.14296e-09  6.46272e-10  2.21622e-09  3.76396e-10  2.20195e-09  3.08246e-12  3.39239e-11  
3.17762e-11  1.64119e-13  1.52029e-10  7.3644e-10  8.52552e-11  4.31389e-10  3.41127e-11  3.06076e-10  1.17697e-11  9.45415e-12  
8.08088e-11  1.81104e-12  2.38714e-12  1.97512e-11  1.89435e-12  1.76612e-10  6.49851e-11  2.86615e-10  1.21589e-10  5.41008e-10  
1.96846e-13  3.42319e-12  1.11163e-10  1.46259e-12  7.23778e-14  2.0057e-10  8.52702e-11  4.03298e-10  1.56606e-10  8.07285e-10  
1.44229e-10  3.39e-10  1.22704e-10  5.45721e-10  2.75213e-12  2.65227e-11  1.19245e-10  1.60162e-11  4.2543e-12  2.12939e-10  
1.52932e-10  5.55846e-10  2.31105e-10  1.19939e-09  1.45319e-10  1.07273e-10  1.73651e-12  9.49503e-15  1.14637e-10  5.83248e-10  
1.90052e-10  1.21027e-09  9.03575e-12  8.44182e-12  2.1075e-10  6.19055e-12  5.60383e-14  6.82464e-10  3.1028e-10  7.69263e-10  
1.18093e-11  1.33232e-10  1.27624e-10  9.37091e-13  2.79523e-11  3.97311e-10  1.16523e-10  6.47138e-10  1.20491e-10  6.72113e-10  
3.74013e-12  5.9908e-11  1.13554e-10  1.01292e-11  1.15552e-10  2.62723e-10  3.30457e-11  5.08413e-10  2.09257e-10  9.26931e-10  
2.68626e-10  9.55824e-10  4.09459e-10  1.47837e-09  5.74265e-10  2.60647e-09  1.04676e-09  3.21472e-11  2.71996e-10  1.52895e-09  
1.00947e-09  1.18652e-08  1.99476e-08  1.54964e-07  1.5763e-09  3.38569e-14  4.37408e-09  
8.48609e-20  7.28388e-17  2.2556e-26  5.73895e-33  0.194144  5.8661e-24  5.64688e-30  0  0.0153924  1.00667e-09  3.57422e-06  
4.74058e-13  1.54945e-06  5.74235e-07  1.31055e-24  1.81688e-17  0.000703011  9.83044e-07  0.000137621  3.12503e-15  1.69648e-17  
3.86591e-08  9.08727e-07  6.74592e-15  3.84751e-22  1.68015e-05  4.11411e-07  0.00105971  3.13946e-13  7.22278e-21  7.23194e-13  
8.38032e-06  5.38388e-10  6.54038e-25  1.25673e-05  1.62795e-06  1.27262e-06  2.3454e-14  1.89775e-17  1.63624e-07  1.2964e-20  
1.72385e-06  1.8952e-13  5.3053e-21  4.89832e-06  2.52745e-07  2.37217e-07  2.60494e-07  1.17491e-10  1.9424e-12  1.81935e-06  
2.64222e-08  1.07891e-07  1.3166e-11  6.505e-09  1.46409e-08  5.64548e-10  4.11629e-08  2.59971e-07  7.04981e-10  7.82372e-08  
1.69842e-10  4.8921e-09  1.95338e-08  1.42498e-09  3.75224e-09  2.19711e-07  1.56295e-09  4.86474e-09  9.57604e-10  9.27165e-09  
4.15188e-11  3.13756e-09  2.78726e-12  4.77756e-10  6.95536e-10  1.98117e-11  1.6423e-12  3.47983e-15  1.57195e-09  9.32214e-10  
6.55356e-09  3.06063e-09  1.57031e-08  1.15004e-09  4.54367e-08  4.77217e-09  7.22961e-09  5.69722e-08  1.82896e-07  3.61234e-09  
3.65105e-06  2.74627e-07  2.02693e-07  1.03256e-09  2.24348e-09  5.12954e-08  1.33305e-09  9.84101e-08  6.32573e-09  7.81813e-08  
1.86289e-08  3.11865e-08  6.39254e-10  4.69911e-08  9.73691e-09  2.22841e-11  1.14768e-08  5.92162e-09  1.69275e-10  1.22096e-08  
2.51511e-09  1.35454e-08  4.5135e-13  8.69873e-11  2.37115e-09  1.64378e-13  2.33056e-09  3.98697e-09  8.27923e-11  4.36322e-09  
1.19187e-09  5.70494e-09  5.11912e-10  1.95012e-09  7.73492e-10  5.07295e-09  9.75435e-10  6.76926e-09  9.87769e-11  2.49737e-14  
8.89676e-10  6.70505e-11  1.52047e-11  4.32019e-09  1.17223e-09  9.45233e-09  1.19729e-10  1.16656e-12  6.03512e-09  1.27301e-09  
9.625e-11  3.46028e-10  3.67464e-09  2.41458e-09  4.54243e-08  1.1861e-10  6.84214e-13  1.19505e-08  2.46413e-11  1.46896e-12  
1.4935e-08  3.42706e-09  5.63062e-09  1.88264e-09  8.33901e-09  1.02331e-10  1.30878e-10  4.71394e-11  9.63807e-12  1.55964e-11  
5.82096e-12  7.51185e-10  1.84475e-09  6.41323e-10  2.27248e-09  2.70849e-10  3.23911e-11  1.12182e-09  2.4373e-10  1.4706e-09  
2.63314e-10  8.25753e-10  2.13533e-10  9.2567e-10  1.83052e-10  1.14715e-09  7.70608e-12  1.94007e-16  3.07506e-10  7.4442e-12  
5.22437e-13  9.71643e-10  3.34175e-10  1.19156e-09  3.64472e-10  1.7096e-09  3.39678e-10  2.40411e-09  7.34552e-10  3.23077e-09  
1.00639e-09  5.41577e-09  4.278e-10  7.1243e-10  2.64202e-10  1.36006e-09  4.73562e-10  2.56385e-09  3.43096e-10  1.88395e-13  
1.2476e-13  8.43596e-10  3.37959e-10  1.74445e-09  6.30728e-10  3.40943e-09  3.77403e-11  3.2683e-11  4.04563e-10  5.40926e-11  
8.64299e-11  3.61447e-12  2.2289e-13  1.28599e-09  4.58523e-10  3.4653e-09  2.84675e-09  4.49538e-08  5.42358e-09  1.80139e-08  
6.99492e-11  5.48474e-11  1.37863e-09  5.07216e-09  6.44672e-10  2.18336e-09  3.76664e-10  2.16159e-09  4.35679e-11  3.75207e-11  
5.10007e-11  3.51571e-12  1.00249e-10  7.12616e-10  9.32341e-11  4.20617e-10  5.27283e-11  2.96098e-10  1.67995e-12  2.48766e-12  
7.36349e-11  1.78659e-11  1.88762e-11  1.27633e-11  2.7804e-12  1.54049e-10  6.11371e-11  2.83468e-10  1.25977e-10  5.28842e-10  
6.57691e-12  4.39385e-12  1.06088e-10  1.71812e-11  8.02051e-12  1.69718e-10  8.67614e-11  3.94441e-10  1.5946e-10  7.92184e-10  
1.44498e-10  3.32123e-10  1.26968e-10  5.29809e-10  4.17855e-11  3.08039e-11  8.88314e-11  4.78563e-11  2.99314e-11  1.5351e-10  
1.35778e-10  5.47516e-10  2.3543e-10  1.18039e-09  1.4809e-10  1.07535e-10  3.09196e-11  7.4842e-15  8.75933e-11  5.67986e-10  
1.91555e-10  1.18853e-09  6.92732e-11  1.2058e-11  1.62213e-10  4.06597e-11  5.90819e-12  6.14046e-10  3.13872e-10  7.61398e-10  
6.44151e-11  1.32056e-10  7.61705e-11  1.44811e-11  3.1643e-11  3.65822e-10  1.19042e-10  6.3838e-10  1.24225e-10  6.58389e-10  
3.99994e-11  6.49708e-11  8.1064e-11  3.42e-11  1.01104e-10  2.10932e-10  5.60132e-11  5.03708e-10  2.06395e-10  9.1549e-10  
2.72207e-10  9.45206e-10  4.0596e-10  1.45599e-09  5.69825e-10  2.56561e-09  1.0465e-09  8.36256e-11  2.68161e-10  1.4603e-09  
9.97373e-10  1.16952e-08  1.96821e-08  1.53041e-07  1.5702e-09  7.15918e-13  4.31915e-09  
9.79809e-20  1.00215e-15  6.41217e-26  1.57131e-31  0.19169  5.73931e-24  4.35338e-29  0  0.0162107  1.65735e-08  3.49865e-06  
6.73689e-13  3.1579e-06  4.15877e-07  3.60408e-24  1.06305e-18  0.000694906  6.2145e-07  1.44449e-05  2.40746e-16  2.05603e-17  
1.26832e-09  1.15355e-06  6.30075e-15  2.12448e-23  1.71579e-05  4.80314e-07  0.00116484  2.50138e-13  9.2726e-21  8.36277e-13  
8.38038e-06  5.49854e-10  9.72221e-25  1.24228e-05  1.92971e-06  1.35344e-06  2.0043e-14  2.41525e-17  9.2446e-08  2.08776e-20  
1.72333e-06  1.3863e-13  3.64514e-21  4.89724e-06  2.58647e-07  2.44899e-07  2.56997e-07  3.10877e-10  1.08046e-11  1.81144e-06  
2.99763e-08  1.09673e-07  5.52204e-11  6.50516e-09  1.44345e-08  7.01832e-10  4.20467e-08  2.5712e-07  1.47418e-09  7.90308e-08  
5.92014e-10  4.81577e-09  1.90659e-08  1.57562e-09  3.69081e-09  2.18336e-07  2.32929e-09  4.94002e-09  9.84683e-10  9.15648e-09  
1.66446e-10  3.07173e-09  4.29653e-12  4.77857e-10  6.2163e-10  6.37072e-11  4.1907e-12  1.26396e-14  1.50988e-09  9.17937e-10  
6.30077e-09  3.29614e-09  1.54791e-08  1.14314e-09  4.50409e-08  4.83503e-09  7.60918e-09  5.29517e-08  1.74236e-07  1.26473e-08  
3.60863e-06  3.11895e-07  2.18061e-07  3.9564e-09  2.29852e-09  4.90177e-08  4.40911e-09  9.30856e-08  1.08189e-08  7.51265e-08  
2.00745e-08  3.22474e-08  2.01439e-09  4.64631e-08  8.18395e-09  1.88728e-11  1.12725e-08  5.80185e-09  5.31432e-10  1.21592e-08  
2.52542e-09  1.35477e-08  3.7347e-13  8.53833e-11  2.25784e-09  1.26413e-13  2.19924e-09  3.88952e-09  1.73737e-10  4.32017e-09  
1.2013e-09  5.60524e-09  5.10021e-10  1.88627e-09  7.57209e-10  5.00851e-09  1.01926e-09  6.62308e-09  3.3157e-11  6.67516e-15  
8.81326e-10  8.51185e-11  2.99445e-11  4.11679e-09  1.25805e-09  9.28348e-09  4.07413e-10  1.06364e-12  5.93901e-09  9.94555e-10  
2.14075e-10  4.13883e-10  3.4902e-09  2.36969e-09  4.4536e-08  4.36567e-10  1.15015e-11  1.15171e-08  3.06706e-11  1.22343e-11  
1.45712e-08  3.44445e-09  5.56188e-09  1.88372e-09  8.10615e-09  3.84214e-10  1.42474e-10  2.86352e-11  1.55575e-11  8.33498e-11  
4.78802e-12  4.71132e-10  1.77314e-09  6.1615e-10  2.23055e-09  2.7668e-10  1.0919e-11  1.09624e-09  2.34029e-10  1.45717e-09  
2.42781e-10  8.09494e-10  2.02466e-10  9.19509e-10  1.77906e-10  1.1326e-09  1.94997e-12  3.62748e-17  2.832e-10  9.50552e-12  
1.51901e-12  9.74043e-10  3.18846e-10  1.19071e-09  3.48281e-10  1.69626e-09  3.2445e-10  2.37693e-09  7.05187e-10  3.22256e-09  
9.67556e-10  5.35001e-09  3.95121e-10  7.01492e-10  2.56142e-10  1.33937e-09  4.54563e-10  2.5304e-09  3.32089e-10  1.51901e-13  
8.85819e-13  8.18057e-10  3.23077e-10  1.70782e-09  6.35137e-10  3.34188e-09  6.07586e-11  4.51314e-11  3.99812e-10  1.04558e-10  
1.71678e-10  1.43859e-11  4.36475e-12  1.08823e-09  4.3607e-10  3.41622e-09  2.78902e-09  4.42218e-08  5.33156e-09  1.76568e-08  
2.30205e-10  7.47594e-11  1.2439e-09  4.94129e-09  6.54565e-10  2.1322e-09  3.84324e-10  2.08259e-09  8.32622e-11  9.72761e-11  
1.37019e-10  1.11488e-11  2.02397e-11  5.6643e-10  1.09091e-10  4.33244e-10  6.33173e-11  3.23902e-10  1.45325e-14  7.15304e-15  
6.03651e-11  1.68744e-11  5.22992e-11  2.24619e-12  5.79625e-13  9.31651e-11  3.73324e-11  2.81593e-10  1.34413e-10  5.21066e-10  
6.78139e-12  1.26336e-11  1.08935e-10  2.12536e-11  2.05316e-11  1.21294e-10  8.37109e-11  3.92362e-10  1.65614e-10  7.7426e-10  
1.44224e-10  3.22939e-10  1.30984e-10  5.06169e-10  7.33412e-11  9.15421e-11  8.86911e-11  6.33145e-11  1.31582e-10  4.36049e-11  
5.52088e-11  5.07516e-10  2.40762e-10  1.15813e-09  1.51815e-10  1.12016e-10  5.13934e-11  2.79481e-15  8.92249e-11  5.39048e-10  
1.90243e-10  1.149e-09  2.14373e-10  7.14942e-11  1.07826e-10  5.14215e-11  1.54952e-11  4.13426e-10  3.20994e-10  7.75304e-10  
1.77906e-10  2.05723e-10  2.94383e-11  6.52367e-12  4.32848e-11  2.31136e-10  9.3941e-11  6.2521e-10  1.2988e-10  6.43754e-10  
6.94391e-11  1.52226e-10  5.86969e-11  3.18849e-11  1.08165e-10  8.70696e-11  4.15077e-11  5.09638e-10  2.07596e-10  9.03371e-10  
2.84951e-10  9.44306e-10  4.06269e-10  1.4195e-09  5.69052e-10  2.49063e-09  1.07851e-09  2.54619e-10  3.05809e-10  1.25028e-09  
9.67127e-10  1.14147e-08  1.9294e-08  1.50585e-07  1.60337e-09  1.1879e-12  4.24946e-09  
4.09465e-20  1.9161e-16  4.49353e-26  1.24294e-30  0.188491  5.54845e-24  4.31128e-28  0  0.0172451  2.05531e-10  3.50509e-06  
4.75803e-13  1.57862e-07  2.21855e-07  2.51009e-24  1.22033e-18  0.000705674  3.65426e-07  1.10978e-06  4.56587e-18  1.28613e-17  
1.09759e-09  1.35776e-06  1.93565e-15  1.41663e-23  1.74377e-05  5.23715e-07  0.0011863  6.32981e-14  5.96052e-21  2.00781e-12  
8.545e-06  1.78021e-10  1.56796e-24  1.24478e-05  2.37042e-06  1.46854e-06  5.62908e-15  1.66514e-17  4.01836e-08  1.5685e-20  
1.7078e-06  3.39993e-14  1.15923e-21  4.90044e-06  2.66009e-07  2.57376e-07  2.58921e-07  1.30745e-10  6.03849e-12  1.79849e-06  
3.33902e-08  1.12424e-07  6.64037e-11  6.70395e-09  1.41223e-08  8.44342e-10  4.53703e-08  2.51757e-07  1.02327e-09  8.09199e-08  
1.10125e-09  4.86851e-09  1.86142e-08  1.75392e-09  3.71013e-09  2.15314e-07  2.76529e-09  5.14719e-09  1.03332e-09  9.12025e-09  
2.3881e-10  3.1141e-09  1.46082e-12  4.76742e-10  6.26808e-10  4.78939e-11  1.39501e-12  1.42241e-15  1.48515e-09  9.14131e-10  
5.96352e-09  3.61044e-09  1.56426e-08  1.1313e-09  4.43853e-08  4.8622e-09  8.22284e-09  4.98079e-08  1.61662e-07  2.04548e-08  
3.53538e-06  3.55982e-07  2.44981e-07  3.58984e-09  2.49423e-09  5.19057e-08  7.45838e-09  8.56733e-08  1.4885e-08  7.31223e-08  
2.22725e-08  3.44194e-08  3.66627e-09  4.70141e-08  6.82024e-09  4.97849e-12  1.14844e-08  5.65832e-09  6.68559e-10  1.24639e-08  
2.5969e-09  1.38992e-08  1.07593e-13  8.47264e-11  2.21574e-09  3.3916e-14  2.32511e-09  3.8686e-09  7.19386e-11  4.36725e-09  
1.23418e-09  5.6527e-09  5.16217e-10  1.87744e-09  7.54758e-10  5.06195e-09  1.07178e-09  6.65829e-09  9.34166e-12  5.15674e-16  
8.9031e-10  6.43128e-11  3.28229e-11  4.0295e-09  1.32637e-09  9.38134e-09  7.11053e-10  3.18464e-13  6.02507e-09  8.18793e-10  
8.37807e-11  4.86027e-10  3.551e-09  2.38085e-09  4.47323e-08  3.9028e-10  3.00655e-11  1.17529e-08  1.0601e-11  8.42697e-12  
1.45867e-08  3.55339e-09  5.64453e-09  1.93245e-09  8.07181e-09  3.84931e-10  1.7068e-10  1.63181e-11  1.33801e-11  1.74328e-10  
3.88619e-12  4.9447e-10  1.72976e-09  6.01341e-10  2.23244e-09  2.80696e-10  3.13118e-12  1.09249e-09  2.32792e-10  1.47156e-09  
2.42123e-10  8.04125e-10  2.00698e-10  9.24989e-10  1.7937e-10  1.14423e-09  3.99954e-13  1.82622e-18  2.81378e-10  7.45571e-12  
1.43709e-12  9.83493e-10  3.20119e-10  1.21071e-09  3.50358e-10  1.71869e-09  3.25458e-10  2.40246e-09  7.00824e-10  3.2877e-09  
9.62358e-10  5.41172e-09  3.87648e-10  6.94749e-10  2.5458e-10  1.347e-09  4.52466e-10  2.55259e-09  3.33129e-10  4.3204e-14  
9.17251e-13  8.13747e-10  3.19137e-10  1.70528e-09  6.46751e-10  3.36385e-09  2.1131e-11  5.41161e-11  4.41263e-10  6.86792e-11  
2.41667e-10  1.00138e-11  1.10407e-11  1.06346e-09  4.11161e-10  3.47117e-09  2.8028e-09  4.45907e-08  5.37211e-09  1.77306e-08  
1.55061e-10  1.05067e-10  1.37891e-09  4.93191e-09  6.73127e-10  2.14225e-09  3.9348e-10  2.06393e-09  3.56099e-11  1.32139e-10  
2.13482e-10  9.84071e-12  1.00728e-11  4.96766e-10  1.05969e-10  4.58857e-10  6.76297e-11  3.61621e-10  2.11007e-14  1.26855e-14  
6.72638e-11  1.08494e-11  4.09655e-11  3.04465e-13  7.60866e-14  1.0693e-10  3.8179e-11  2.57565e-10  1.26188e-10  5.2175e-10  
2.20541e-12  1.49985e-11  1.12393e-10  1.16361e-11  5.06216e-12  1.43145e-10  8.54479e-11  3.87058e-10  1.66684e-10  7.83584e-10  
1.45904e-10  3.25423e-10  1.32112e-10  5.04799e-10  3.08147e-11  1.18734e-10  1.15847e-10  7.71138e-11  1.99399e-10  3.04286e-11  
3.00551e-11  4.80073e-10  2.30672e-10  1.15852e-09  1.53127e-10  1.14271e-10  2.1249e-11  6.88567e-16  1.14495e-10  5.63306e-10  
1.95036e-10  1.1432e-09  1.62047e-10  1.42968e-10  1.9719e-10  5.31728e-11  6.88526e-12  3.35285e-10  3.09703e-10  7.9124e-10  
1.65004e-10  3.06387e-10  6.57602e-11  5.54734e-12  5.99526e-11  1.81128e-10  6.54375e-11  5.92662e-10  1.2579e-10  6.45824e-10  
3.82136e-11  1.89284e-10  9.00224e-11  3.99952e-11  1.33656e-10  5.02133e-11  2.04975e-11  4.9278e-10  2.05926e-10  9.14698e-10  
2.951e-10  9.76752e-10  4.18697e-10  1.42476e-09  5.78125e-10  2.48035e-09  1.12848e-09  3.91584e-10  4.18801e-10  1.08319e-09  
9.34958e-10  1.14086e-08  1.93742e-08  1.51883e-07  1.68585e-09  4.2371e-13  4.28728e-09  
1.21572e-21  8.60929e-18  3.75762e-28  1.37691e-39  0.184064  5.0397e-24  5.08909e-31  0  0.0186968  4.85578e-11  3.46026e-06  
6.28338e-15  2.03073e-10  5.90782e-08  8.65898e-28  1.0421e-23  0.000723047  1.28032e-07  1.19351e-08  5.2434e-22  1.6102e-19  
5.59664e-14  1.47631e-06  2.67655e-17  1.0574e-29  1.77172e-05  5.60988e-07  0.00118675  7.29943e-16  6.89234e-23  1.42907e-12  
8.69101e-06  2.61594e-12  1.46218e-26  1.24261e-05  2.9899e-06  1.61861e-06  5.74191e-17  2.23876e-19  1.39819e-08  1.55158e-22  
1.69084e-06  3.29616e-16  4.92069e-24  4.90372e-06  2.74906e-07  2.74572e-07  2.5985e-07  1.59055e-12  4.07648e-14  1.78285e-06  
3.60426e-08  1.14113e-07  9.16719e-13  6.95398e-09  1.38238e-08  9.86389e-10  5.16747e-08  2.4535e-07  2.28868e-11  8.36012e-08  
1.76584e-09  4.91715e-09  1.80181e-08  1.9193e-09  3.73546e-09  2.11738e-07  2.94883e-09  5.41793e-09  1.09256e-09  9.0554e-09  
7.32781e-12  3.17291e-09  2.14762e-14  4.75598e-10  9.25978e-10  8.77997e-13  1.65729e-14  2.43928e-19  1.48279e-09  8.93768e-10  
5.55958e-09  3.95831e-09  1.57566e-08  1.1122e-09  4.36007e-08  4.85348e-09  9.00495e-09  6.35608e-08  1.46869e-07  1.07257e-08  
3.4511e-06  4.02622e-07  2.84088e-07  5.08478e-11  2.55149e-09  5.93005e-08  6.85582e-09  7.71292e-08  1.82031e-08  7.60842e-08  
2.49553e-08  3.74912e-08  5.77424e-09  4.73069e-08  5.4741e-09  5.6664e-14  1.24978e-08  5.33656e-09  5.20268e-11  1.27178e-08  
2.66846e-09  1.42655e-08  1.45461e-15  8.33008e-11  2.18697e-09  3.80439e-16  2.43496e-09  3.80526e-09  1.00528e-12  4.3553e-09  
1.24801e-09  5.68523e-09  5.18249e-10  1.8656e-09  7.46168e-10  5.07647e-09  1.10436e-09  6.67728e-09  1.77317e-12  1.09492e-18  
8.92342e-10  3.47182e-11  2.30758e-11  3.90964e-09  1.33566e-09  9.4628e-09  8.20206e-10  4.35515e-15  6.13322e-09  9.03862e-10  
1.1714e-12  5.08174e-10  3.49907e-09  2.37428e-09  4.46087e-08  4.59297e-12  3.28457e-11  1.22824e-08  1.73849e-13  1.39474e-14  
1.45135e-08  3.63354e-09  5.71862e-09  1.97483e-09  7.97897e-09  4.83309e-12  1.81329e-10  7.64707e-12  8.07233e-12  2.97355e-12  
2.9209e-12  9.64005e-10  1.87539e-09  6.0489e-10  2.2114e-09  2.7947e-10  6.09047e-13  1.07637e-09  2.30308e-10  1.46769e-09  
2.43719e-10  7.94909e-10  1.99646e-10  9.16489e-10  1.79494e-10  1.14515e-09  6.80596e-14  2.952e-21  2.84673e-10  4.51216e-12  
2.57277e-13  9.80194e-10  3.21768e-10  1.21836e-09  3.53972e-10  1.73137e-09  3.28673e-10  2.41444e-09  6.9701e-10  3.33125e-09  
9.61024e-10  5.44065e-09  3.86104e-10  6.8109e-10  2.50243e-10  1.33781e-09  4.4963e-10  2.55179e-09  3.33415e-10  5.28419e-16  
1.06268e-13  8.0726e-10  3.15623e-10  1.68402e-09  6.45066e-10  3.36746e-09  3.05179e-13  5.40143e-11  4.44516e-10  2.26388e-12  
2.03015e-10  1.21908e-13  1.18043e-11  1.16992e-09  4.12569e-10  3.50762e-09  2.80591e-09  4.46971e-08  5.38086e-09  1.76765e-08  
1.82148e-12  1.08909e-10  1.56331e-09  4.94697e-09  6.81543e-10  2.14882e-09  3.93608e-10  2.03805e-09  5.25814e-13  1.04908e-10  
1.1411e-10  1.14748e-13  1.22972e-10  5.995e-10  8.64564e-11  4.26294e-10  6.21372e-11  3.75189e-10  6.76629e-13  2.87927e-13  
7.10771e-11  4.51759e-13  4.92209e-12  3.06417e-14  2.11044e-15  1.61146e-10  5.9759e-11  2.56104e-10  1.19551e-10  5.00894e-10  
3.02056e-14  1.08419e-11  1.07077e-10  3.78306e-13  5.83616e-15  1.80927e-10  8.23813e-11  3.70951e-10  1.58143e-10  7.77227e-10  
1.44442e-10  3.26844e-10  1.30828e-10  5.05076e-10  4.6607e-13  8.46379e-11  1.21785e-10  8.66271e-12  4.81553e-11  1.57145e-10  
1.51548e-10  5.27452e-10  2.33451e-10  1.14414e-09  1.50042e-10  1.12566e-10  3.26105e-13  1.15985e-16  1.21291e-10  5.79734e-10  
2.00207e-10  1.14651e-09  2.28869e-12  1.29063e-10  2.65536e-10  1.83274e-12  2.6394e-14  5.30008e-10  3.04294e-10  7.83548e-10  
4.30283e-12  2.78183e-10  1.44196e-10  1.97158e-13  5.95406e-11  3.2104e-10  8.963e-11  5.91771e-10  1.19915e-10  6.29146e-10  
6.89423e-13  1.25945e-10  1.19845e-10  3.8303e-12  9.56659e-11  1.65278e-10  4.25999e-11  4.88462e-10  2.01243e-10  9.11003e-10  
2.95371e-10  1.00962e-09  4.31671e-10  1.43317e-09  5.79985e-10  2.45938e-09  1.1565e-09  2.70345e-10  5.88011e-10  1.15441e-09  
8.73409e-10  1.13123e-08  1.93092e-08  1.52309e-07  1.77658e-09  6.63127e-15  4.30109e-09  
5.12438e-22  5.83753e-18  1.21286e-28  2.61558e-40  0.183424  4.96432e-24  6.09492e-32  0  0.0189046  2.94692e-11  3.44833e-06  
2.1236e-15  5.37451e-10  5.00937e-08  1.09708e-28  8.78985e-24  0.000727099  1.08202e-07  1.15866e-08  1.68654e-22  6.51494e-20  
5.57673e-14  1.4804e-06  9.42445e-18  4.09854e-30  1.77392e-05  5.64203e-07  0.00118671  2.47248e-16  2.76012e-23  7.64235e-13  
8.70094e-06  7.25942e-13  3.22379e-27  1.24254e-05  3.02779e-06  1.63062e-06  1.45674e-17  9.27757e-20  1.29303e-08  5.47845e-23  
1.68962e-06  1.00082e-16  1.84157e-24  4.90405e-06  2.75428e-07  2.75826e-07  2.59943e-07  4.1726e-13  1.00277e-14  1.78179e-06  
3.61219e-08  1.14164e-07  1.97072e-13  6.97261e-09  1.37979e-08  9.96153e-10  5.21394e-08  2.44895e-07  5.94251e-12  8.38018e-08  
1.79012e-09  4.92143e-09  1.8e-08  1.92886e-09  3.73799e-09  2.1148e-07  2.95384e-09  5.4381e-09  1.09645e-09  9.05171e-09  
1.15921e-12  3.17674e-09  5.83305e-15  4.75516e-10  9.34458e-10  2.27648e-13  4.4603e-15  1.80706e-20  1.48305e-09  8.91564e-10  
5.5312e-09  3.98191e-09  1.57664e-08  1.10975e-09  4.35481e-08  4.84616e-09  9.06375e-09  7.13694e-08  1.45828e-07  3.24055e-09  
3.44556e-06  4.05195e-07  2.87055e-07  1.29701e-11  2.54893e-09  5.96478e-08  3.63577e-09  7.65583e-08  1.836e-08  7.95562e-08  
2.50966e-08  3.77199e-08  5.73098e-09  4.73285e-08  5.5949e-09  1.59783e-14  1.25847e-08  5.31177e-09  7.46347e-12  1.27247e-08  
2.67301e-09  1.42915e-08  3.93763e-16  8.31961e-11  2.18785e-09  9.88268e-17  2.4375e-09  3.8012e-09  2.68591e-13  4.35463e-09  
1.2477e-09  5.68846e-09  5.18232e-10  1.86578e-09  7.4563e-10  5.07685e-09  1.10561e-09  6.67953e-09  1.57506e-12  2.52969e-19  
8.92343e-10  3.30241e-11  2.2286e-11  3.90318e-09  1.33231e-09  9.47019e-09  5.98511e-10  1.20029e-15  6.13948e-09  1.12947e-09  
3.90685e-13  5.08622e-10  3.50267e-09  2.37322e-09  4.45998e-08  1.1513e-12  2.86725e-11  1.22961e-08  5.26043e-14  2.77469e-15  
1.45138e-08  3.63624e-09  5.72467e-09  1.9775e-09  7.97385e-09  1.16066e-12  1.80971e-10  7.23009e-12  7.73644e-12  6.67944e-13  
2.86219e-12  9.58796e-10  1.88861e-09  6.07242e-10  2.21082e-09  2.7952e-10  5.42711e-13  1.07509e-09  2.30319e-10  1.46682e-09  
2.44274e-10  7.94164e-10  1.99974e-10  9.15473e-10  1.79762e-10  1.14475e-09  7.64889e-14  9.9008e-22  2.85623e-10  4.34165e-12  
5.29455e-14  9.79284e-10  3.22268e-10  1.21824e-09  3.54452e-10  1.73205e-09  3.29242e-10  2.41528e-09  6.96963e-10  3.33354e-09  
9.61613e-10  5.44255e-09  3.86423e-10  6.80118e-10  2.50115e-10  1.33692e-09  4.49603e-10  2.55113e-09  3.33525e-10  1.39025e-16  
1.75007e-14  8.07e-10  3.15617e-10  1.68255e-09  6.4438e-10  3.36779e-09  8.27037e-14  5.38036e-11  4.43707e-10  6.35717e-13  
1.96645e-10  3.17675e-14  1.03804e-11  1.17751e-09  4.13723e-10  3.509e-09  2.80773e-09  4.47046e-08  5.38161e-09  1.76726e-08  
4.71525e-13  1.08328e-10  1.56546e-09  4.95018e-09  6.81592e-10  2.15008e-09  3.92948e-10  2.03732e-09  1.40516e-13  1.01966e-10  
3.98043e-11  1.09218e-14  1.90459e-10  6.1405e-10  8.58618e-11  4.23306e-10  5.97118e-11  3.74078e-10  2.02489e-12  6.72241e-13  
7.12752e-11  1.33544e-13  1.39876e-12  6.19756e-14  1.09211e-15  1.64336e-10  6.20149e-11  2.57214e-10  1.19239e-10  5.0027e-10  
8.24299e-15  1.04716e-11  1.06431e-10  1.09566e-13  1.0947e-15  1.82755e-10  8.19213e-11  3.70413e-10  1.57146e-10  7.7642e-10  
1.44039e-10  3.27027e-10  1.30334e-10  5.05642e-10  1.24718e-13  8.14719e-11  1.20899e-10  1.98519e-12  8.0813e-12  1.73326e-10  
1.77413e-10  5.35483e-10  2.34578e-10  1.14453e-09  1.49641e-10  1.12371e-10  8.80963e-14  1.01529e-16  1.20875e-10  5.804e-10  
1.9998e-10  1.14761e-09  5.78293e-13  1.24866e-10  2.60883e-10  4.83724e-13  6.35077e-15  5.45218e-10  3.03278e-10  7.82769e-10  
1.01688e-12  2.697e-10  1.41379e-10  5.19743e-14  5.80009e-11  3.33281e-10  9.31287e-11  5.95241e-10  1.19647e-10  6.28461e-10  
1.83368e-13  1.20543e-10  1.1951e-10  9.55986e-13  8.85347e-11  1.7981e-10  4.47724e-11  4.86834e-10  2.0078e-10  9.10642e-10  
2.94741e-10  1.01204e-09  4.32394e-10  1.43446e-09  5.7971e-10  2.4592e-09  1.15622e-09  1.17537e-10  5.90204e-10  1.31082e-09  
8.7277e-10  1.13062e-08  1.93044e-08  1.52339e-07  1.78213e-09  1.83364e-15  4.30212e-09  
3.82064e-22  5.5931e-18  7.88551e-29  0  0.183109  4.92581e-24  1.82659e-32  0  0.0190067  2.22987e-11  3.44055e-06  
1.32243e-15  8.74206e-10  4.66228e-08  4.08632e-29  9.23146e-24  0.00072941  9.9578e-08  1.30294e-08  1.26395e-22  4.84903e-20  
5.72693e-14  1.48176e-06  6.47086e-18  2.83535e-30  1.77483e-05  5.65593e-07  0.00118669  1.66333e-16  2.05951e-23  4.38854e-13  
8.70457e-06  4.05791e-13  1.39919e-27  1.24253e-05  3.03995e-06  1.63504e-06  7.73352e-18  7.03036e-20  1.25641e-08  3.83615e-23  
1.68917e-06  6.28564e-17  1.34295e-24  4.90419e-06  2.75602e-07  2.76285e-07  2.5998e-07  2.25178e-13  5.24432e-15  1.78142e-06  
3.61387e-08  1.14182e-07  1.00308e-13  6.9794e-09  1.3788e-08  9.99865e-10  5.23071e-08  2.44728e-07  3.20149e-12  8.38761e-08  
1.78338e-09  4.92303e-09  1.80091e-08  1.93229e-09  3.73901e-09  2.11385e-07  2.95537e-09  5.44561e-09  1.09782e-09  9.05046e-09  
5.69779e-13  3.17811e-09  3.20821e-15  4.75486e-10  9.35803e-10  1.22735e-13  2.43887e-15  5.46333e-21  1.48315e-09  8.90686e-10  
5.52075e-09  3.99061e-09  1.57701e-08  1.10869e-09  4.35293e-08  4.84257e-09  9.08577e-09  7.36914e-08  1.45444e-07  1.04777e-09  
3.44359e-06  4.06063e-07  2.88153e-07  6.94406e-12  2.54796e-09  5.97676e-08  1.91725e-09  7.63513e-08  1.84125e-08  8.13786e-08  
2.51379e-08  3.7804e-08  5.58536e-09  4.7337e-08  5.77032e-09  9.17617e-15  1.26045e-08  5.30314e-09  3.42973e-12  1.27269e-08  
2.67464e-09  1.43009e-08  2.09155e-16  8.31575e-11  2.18848e-09  5.14779e-17  2.43811e-09  3.79976e-09  1.46429e-13  4.35448e-09  
1.24745e-09  5.68976e-09  5.18196e-10  1.86596e-09  7.45428e-10  5.07693e-09  1.106e-09  6.68039e-09  1.51666e-12  1.27698e-19  
8.92318e-10  3.24156e-11  2.20001e-11  3.90108e-09  1.33061e-09  9.47316e-09  4.31447e-10  6.58967e-16  6.14091e-09  1.29487e-09  
2.44318e-13  5.0877e-10  3.5077e-09  2.37282e-09  4.45965e-08  6.15232e-13  2.51362e-11  1.23005e-08  3.14717e-14  1.27707e-15  
1.45161e-08  3.63702e-09  5.72693e-09  1.97847e-09  7.97211e-09  6.11753e-13  1.80832e-10  7.08465e-12  7.61539e-12  3.44557e-13  
2.84175e-12  9.55598e-10  1.8932e-09  6.08216e-10  2.21067e-09  2.79571e-10  5.23363e-13  1.07459e-09  2.30357e-10  1.46644e-09  
2.44564e-10  7.93836e-10  2.00161e-10  9.15036e-10  1.7991e-10  1.14454e-09  8.91805e-14  7.17353e-22  2.86029e-10  4.28113e-12  
2.06155e-14  9.78835e-10  3.22522e-10  1.2181e-09  3.5467e-10  1.73226e-09  3.29505e-10  2.41557e-09  6.96965e-10  3.33428e-09  
9.61904e-10  5.44322e-09  3.86597e-10  6.79722e-10  2.50092e-10  1.33659e-09  4.49621e-10  2.55082e-09  3.33584e-10  7.2447e-17  
2.78001e-15  8.06911e-10  3.15623e-10  1.68201e-09  6.44066e-10  3.36793e-09  4.54528e-14  5.37251e-11  4.43383e-10  3.19968e-13  
1.94284e-10  1.71833e-14  9.15604e-12  1.18008e-09  4.14107e-10  3.50945e-09  2.80912e-09  4.47074e-08  5.38192e-09  1.76712e-08  
2.54141e-13  1.08111e-10  1.56587e-09  4.95146e-09  6.81544e-10  2.15063e-09  3.92613e-10  2.03718e-09  7.6592e-14  1.00896e-10  
1.57245e-11  2.37439e-15  2.11191e-10  6.1995e-10  8.57067e-11  4.22331e-10  5.76583e-11  3.73441e-10  3.47652e-12  9.74786e-13  
7.14619e-11  6.82305e-14  4.62355e-13  1.20754e-13  1.11699e-15  1.65411e-10  6.25295e-11  2.57685e-10  1.19078e-10  5.00124e-10  
4.57019e-15  1.03376e-11  1.06197e-10  5.61605e-14  5.44613e-16  1.83339e-10  8.17279e-11  3.70308e-10  1.56718e-10  7.76149e-10  
1.43854e-10  3.27124e-10  1.30084e-10  5.05938e-10  6.80049e-14  8.03259e-11  1.20495e-10  1.0137e-12  1.72111e-12  1.77727e-10  
1.78579e-10  5.38341e-10  2.34974e-10  1.14479e-09  1.49453e-10  1.12291e-10  4.83213e-14  9.6707e-17  1.20699e-10  5.80679e-10  
1.99821e-10  1.1481e-09  3.08644e-13  1.22932e-10  2.58908e-10  2.66982e-13  3.37443e-15  5.50711e-10  3.02967e-10  7.82498e-10  
5.3285e-13  2.66596e-10  1.40006e-10  2.81598e-14  5.74226e-11  3.37263e-10  9.43622e-11  5.96659e-10  1.19516e-10  6.28274e-10  
9.97167e-14  1.18602e-10  1.19244e-10  5.04603e-13  8.79254e-11  1.84475e-10  4.38005e-11  4.86084e-10  2.00573e-10  9.10507e-10  
2.94426e-10  1.01299e-09  4.32634e-10  1.43499e-09  5.79553e-10  2.4593e-09  1.15586e-09  5.21379e-11  5.89219e-10  1.37876e-09  
8.73239e-10  1.13041e-08  1.93027e-08  1.52351e-07  1.78403e-09  1.01912e-15  4.3025e-09  
5.07529e-23  2.18779e-18  5.13526e-30  0  0.182946  4.90442e-24  3.16135e-34  0  0.0190589  9.08639e-12  3.43378e-06  
1.40162e-16  2.39928e-09  4.51355e-08  2.2411e-31  1.575e-24  0.000730859  9.5397e-08  1.50741e-08  1.25769e-23  5.23895e-21  
1.22476e-14  1.48228e-06  6.08032e-19  3.20284e-32  1.77526e-05  5.66264e-07  0.00118669  1.59782e-17  1.85636e-24  1.3816e-13  
8.70599e-06  2.40857e-14  3.77903e-29  1.24253e-05  3.04385e-06  1.6367e-06  5.68351e-19  5.8862e-21  1.24221e-08  1.7848e-24  
1.68899e-06  5.85909e-18  1.03667e-25  4.90425e-06  2.75663e-07  2.76466e-07  2.59996e-07  1.77106e-14  4.49412e-16  1.78127e-06  
3.61403e-08  1.14189e-07  1.26045e-14  6.98206e-09  1.37841e-08  1.0014e-09  5.23755e-08  2.44661e-07  3.41463e-13  8.39058e-08  
1.75527e-09  4.92367e-09  1.80382e-08  1.93362e-09  3.73953e-09  2.11347e-07  2.9558e-09  5.44864e-09  1.09833e-09  9.05e-09  
8.2168e-14  3.17869e-09  2.05673e-16  4.75474e-10  9.36557e-10  1.39629e-14  1.72703e-16  2.74007e-23  1.48324e-09  8.90312e-10  
5.51659e-09  3.99408e-09  1.57716e-08  1.10819e-09  4.3522e-08  4.84076e-09  9.09467e-09  7.45828e-08  1.4529e-07  2.08541e-10  
3.44284e-06  4.06377e-07  2.88589e-07  7.84368e-13  2.54756e-09  5.98191e-08  7.45872e-10  7.62703e-08  1.84307e-08  8.25936e-08  
2.51521e-08  3.78372e-08  5.32022e-09  4.73406e-08  6.04779e-09  5.62668e-16  1.26137e-08  5.29992e-09  5.25384e-13  1.27278e-08  
2.67529e-09  1.43046e-08  1.43619e-17  8.31423e-11  2.18886e-09  3.77122e-18  2.43837e-09  3.7992e-09  1.12753e-14  4.35446e-09  
1.2473e-09  5.69032e-09  5.18166e-10  1.86609e-09  7.45343e-10  5.07695e-09  1.10611e-09  6.68075e-09  1.50872e-12  9.61422e-21  
8.92294e-10  3.21758e-11  2.18886e-11  3.90036e-09  1.32973e-09  9.47445e-09  2.66061e-10  3.91153e-17  6.14125e-09  1.45873e-09  
2.45676e-14  5.08823e-10  3.5109e-09  2.37265e-09  4.45952e-08  7.31353e-14  2.08721e-11  1.23026e-08  6.8255e-15  1.28901e-16  
1.45199e-08  3.63724e-09  5.72784e-09  1.97884e-09  7.97148e-09  7.60501e-14  1.80776e-10  7.03249e-12  7.56688e-12  5.00302e-14  
2.83511e-12  9.54806e-10  1.89495e-09  6.08642e-10  2.21063e-09  2.79605e-10  5.21088e-13  1.07437e-09  2.3039e-10  1.46626e-09  
2.44726e-10  7.93672e-10  2.00271e-10  9.14828e-10  1.79988e-10  1.14442e-09  1.0915e-13  7.92209e-23  2.86246e-10  4.25761e-12  
3.59006e-15  9.78599e-10  3.22661e-10  1.218e-09  3.54779e-10  1.73232e-09  3.29637e-10  2.41567e-09  6.96977e-10  3.33454e-09  
9.62053e-10  5.44348e-09  3.86696e-10  6.7954e-10  2.50095e-10  1.33645e-09  4.49641e-10  2.55067e-09  3.33618e-10  4.80617e-18  
1.51832e-16  8.06875e-10  3.15635e-10  1.68179e-09  6.43915e-10  3.368e-09  3.00327e-15  5.36939e-11  4.43283e-10  3.14238e-14  
1.93338e-10  1.39002e-15  7.66409e-12  1.1813e-09  4.14237e-10  3.50964e-09  2.81069e-09  4.47084e-08  5.38206e-09  1.76706e-08  
2.64821e-14  1.08025e-10  1.56614e-09  4.95201e-09  6.81495e-10  2.15089e-09  3.92439e-10  2.03719e-09  5.82173e-15  1.00474e-10  
3.70539e-12  3.7786e-17  2.21829e-10  6.22347e-10  8.56268e-11  4.21994e-10  5.45946e-11  3.73288e-10  6.20189e-12  9.66576e-13  
7.15574e-11  5.04878e-15  1.06614e-13  2.28808e-13  3.4877e-16  1.6587e-10  6.27351e-11  2.57887e-10  1.1898e-10  5.00101e-10  
2.60262e-16  1.0285e-11  1.06105e-10  4.00681e-15  3.40955e-17  1.83603e-10  8.16237e-11  3.7031e-10  1.56515e-10  7.76064e-10  
1.43762e-10  3.2718e-10  1.29947e-10  5.06105e-10  4.94796e-15  7.98753e-11  1.2035e-10  1.45221e-13  2.24109e-13  1.7996e-10  
1.78105e-10  5.39386e-10  2.35098e-10  1.14494e-09  1.49354e-10  1.12257e-10  3.33698e-15  9.48853e-17  1.20665e-10  5.80815e-10  
1.99723e-10  1.14833e-09  3.4221e-14  1.21553e-10  2.58276e-10  3.8181e-14  2.12052e-16  5.53635e-10  3.02842e-10  7.82399e-10  
6.87365e-14  2.65374e-10  1.39824e-10  1.71379e-15  5.71935e-11  3.38758e-10  9.48232e-11  5.9726e-10  1.19436e-10  6.28227e-10  
8.29872e-15  1.17861e-10  1.19169e-10  6.57874e-14  9.08257e-11  1.86566e-10  4.03296e-11  4.85752e-10  2.00481e-10  9.10453e-10  
2.94263e-10  1.01338e-09  4.3272e-10  1.43522e-09  5.79467e-10  2.45939e-09  1.15561e-09  1.56327e-11  5.88554e-10  1.41649e-09  
8.73544e-10  1.13033e-08  1.9302e-08  1.52355e-07  1.78473e-09  7.0046e-17  4.30266e-09  
  14 1.31112e+09 1.31112e+09 1.74518 0.637317 96971 193.67 0.020451
5.04574e-25  9.24391e-18  2.01421e-30  0  0.183584  3.22421e-24  6.19307e-36  0  0.0175302  3.9682e-11  2.31725e-06  
2.65872e-15  0.00107868  7.10313e-08  2.42867e-29  1.95509e-18  0.000951874  2.08382e-06  1.65712e-06  4.96789e-22  9.93161e-20  
1.10728e-10  1.14387e-06  1.87799e-19  1.08166e-27  1.82184e-05  4.78016e-07  0.00103378  6.48666e-18  1.60876e-23  1.46575e-13  
2.23788e-05  1.6618e-14  2.13298e-28  1.76437e-05  2.66137e-06  2.11736e-06  2.89491e-19  3.67868e-20  3.02218e-08  2.05885e-24  
1.4757e-06  2.27276e-18  4.59899e-25  4.97362e-06  2.57615e-07  2.64434e-07  3.83438e-07  4.06381e-15  3.69753e-17  1.7536e-06  
3.01998e-08  1.14177e-07  1.0332e-15  9.61144e-09  1.28983e-08  7.28759e-10  5.60223e-08  2.276e-07  4.00546e-14  8.45839e-08  
1.23095e-12  7.79502e-09  2.12206e-08  1.98205e-09  5.03751e-09  1.96412e-07  1.42287e-09  6.37184e-09  1.2209e-09  1.13295e-08  
9.21494e-15  5.02468e-09  7.51017e-17  4.53541e-10  1.01878e-09  2.15708e-15  5.55997e-17  2.21877e-24  1.98312e-09  1.02968e-09  
5.88536e-09  4.25167e-09  2.53359e-08  1.15239e-09  4.27526e-08  4.3589e-09  9.63393e-09  6.53337e-08  1.39432e-07  3.90839e-12  
3.23072e-06  3.39133e-07  2.62831e-07  9.33427e-14  1.97399e-09  6.42878e-08  4.43796e-12  7.4957e-08  6.48839e-09  8.26364e-08  
2.30368e-08  3.60833e-08  5.91651e-12  6.28433e-08  1.19295e-08  3.70188e-16  1.51566e-08  6.20042e-09  5.87981e-14  1.65119e-08  
3.44986e-09  1.94768e-08  9.94625e-18  1.17903e-10  3.55967e-09  3.04132e-18  3.62604e-09  6.0276e-09  3.53424e-15  6.76589e-09  
1.83071e-09  9.12491e-09  8.05936e-10  3.21791e-09  1.26183e-09  8.42447e-09  1.61254e-09  1.1623e-08  2.17179e-10  7.06291e-19  
1.50952e-09  3.61564e-11  1.62041e-11  7.80682e-09  1.88416e-09  1.68723e-08  7.63673e-13  2.52873e-17  1.02137e-08  2.43423e-09  
7.42359e-15  5.42321e-10  6.77323e-09  4.38293e-09  7.65752e-08  1.65998e-14  2.86308e-18  1.94893e-08  6.9232e-16  6.49607e-21  
2.30756e-08  5.17092e-09  8.3516e-09  2.74859e-09  1.18524e-08  1.37368e-14  1.42399e-10  8.35084e-11  1.31553e-12  7.54336e-15  
9.27973e-12  1.25194e-09  2.55732e-09  8.98525e-10  3.12561e-09  3.50026e-10  7.25173e-11  1.53823e-09  3.36431e-10  1.99204e-09  
3.74593e-10  1.10819e-09  2.95726e-10  1.23836e-09  2.47715e-10  1.54084e-09  1.71612e-11  5.64579e-21  4.27969e-10  3.93479e-12  
2.77782e-16  1.28475e-09  4.56864e-10  1.57953e-09  4.96241e-10  2.25594e-09  4.56727e-10  3.13919e-09  9.65985e-10  4.167e-09  
1.29907e-09  6.85375e-09  5.52248e-10  8.85267e-10  3.34254e-10  1.69979e-09  5.95942e-10  3.20159e-09  4.30343e-10  2.65848e-18  
9.54119e-21  1.05129e-09  4.20743e-10  2.16111e-09  7.80183e-10  4.25099e-09  9.16103e-16  4.20474e-11  5.48953e-10  1.33718e-14  
1.39468e-10  2.04178e-16  3.71787e-19  1.6407e-09  5.49503e-10  4.35017e-09  3.57358e-09  6.84392e-08  8.46657e-09  3.09916e-08  
6.9112e-15  8.41031e-11  2.48912e-09  9.03319e-09  1.13464e-09  3.94909e-09  6.72254e-10  3.99511e-09  2.27372e-15  7.46157e-11  
2.77989e-13  6.98689e-19  3.40316e-10  1.31869e-09  1.48619e-10  7.9368e-10  1.26075e-12  5.99483e-10  8.31685e-11  1.06907e-12  
1.30576e-10  5.39471e-15  7.30565e-17  4.54697e-11  7.73924e-15  3.19334e-10  1.20077e-10  5.25446e-10  2.19461e-10  1.00139e-09  
1.57933e-16  7.61514e-12  2.04586e-10  3.76398e-15  5.62267e-18  3.76098e-10  1.54372e-10  7.50395e-10  2.89173e-10  1.51159e-09  
2.68921e-10  6.35614e-10  2.25545e-10  1.03279e-09  2.04534e-15  5.99186e-11  2.28362e-10  2.93912e-14  7.09038e-15  4.2723e-10  
3.03854e-10  1.04989e-09  4.31871e-10  2.28239e-09  2.72485e-10  2.03423e-10  1.42506e-15  1.21759e-15  2.22979e-10  1.11499e-09  
3.62719e-10  2.33659e-09  9.17848e-15  1.77441e-11  4.21687e-10  7.00235e-15  7.07327e-18  1.34394e-09  5.9361e-10  1.49008e-09  
1.56405e-14  2.70915e-10  2.80335e-10  8.18033e-16  5.60871e-11  7.65678e-10  2.20904e-10  1.26292e-09  2.32672e-10  1.32853e-09  
3.20876e-15  1.26944e-10  2.27425e-10  1.55115e-14  2.89924e-10  5.38803e-10  1.00998e-12  1.01696e-09  4.16799e-10  1.84698e-09  
5.28757e-10  1.90075e-09  8.17303e-10  3.00684e-09  1.17084e-09  5.4322e-09  2.16792e-09  4.27556e-13  4.9551e-10  3.28865e-09  
2.16496e-09  2.66552e-08  4.52944e-08  2.3086e-07  2.18057e-09  2.39092e-17  5.52426e-09  
6.39273e-25  1.74012e-17  4.8751e-29  7.41136e-39  0.186372  2.9533e-24  5.85095e-35  0  0.0169399  1.46102e-09  2.13114e-06  
9.77207e-16  0.000934095  6.77836e-08  2.28114e-30  7.38936e-19  0.000910477  1.89748e-06  1.34955e-05  4.63473e-21  2.77634e-20  
5.12736e-10  1.07479e-06  1.92193e-19  1.26538e-27  1.826e-05  4.49505e-07  0.000968212  6.72496e-18  4.99778e-24  6.19383e-14  
1.75341e-05  2.64019e-14  2.79853e-29  1.67731e-05  2.49644e-06  1.96466e-06  4.48798e-19  1.09364e-20  3.80852e-08  6.53894e-25  
1.51508e-06  3.06331e-18  3.33648e-25  4.95646e-06  2.56483e-07  2.5766e-07  3.57972e-07  6.16814e-15  6.04631e-17  1.76813e-06  
2.92671e-08  1.12435e-07  1.62907e-15  8.93534e-09  1.32734e-08  7.10433e-10  5.3034e-08  2.34647e-07  6.88098e-14  8.29889e-08  
1.80665e-12  7.21457e-09  2.08473e-08  1.86998e-09  4.78512e-09  2.01514e-07  1.45844e-09  6.05143e-09  1.16026e-09  1.09082e-08  
1.27322e-14  4.64794e-09  1.1155e-16  4.58549e-10  9.61644e-10  3.10625e-15  8.21996e-17  5.52124e-24  1.9026e-09  1.00752e-09  
6.03544e-09  4.03288e-09  2.34652e-08  1.1474e-09  4.33971e-08  4.41095e-09  9.16715e-09  6.53372e-08  1.47831e-07  3.85095e-12  
3.32206e-06  3.27068e-07  2.47309e-07  1.34448e-13  1.85149e-09  6.07691e-08  3.60178e-12  7.98862e-08  6.45862e-09  8.09405e-08  
2.18872e-08  3.42274e-08  7.95479e-12  5.84178e-08  1.12613e-08  5.56352e-16  1.41486e-08  5.94994e-09  7.39539e-14  1.54223e-08  
3.21849e-09  1.81263e-08  1.51132e-17  1.11646e-10  3.29991e-09  4.74073e-18  3.36018e-09  5.58152e-09  5.14152e-15  6.2671e-09  
1.697e-09  8.44913e-09  7.46664e-10  2.97549e-09  1.16701e-09  7.79029e-09  1.48885e-09  1.07442e-08  2.02768e-10  1.09651e-18  
1.39615e-09  3.47775e-11  1.54546e-11  7.20176e-09  1.74582e-09  1.55887e-08  7.388e-13  3.75471e-17  9.4405e-09  2.25449e-09  
1.06288e-14  5.05173e-10  6.25133e-09  4.04559e-09  7.07352e-08  2.31298e-14  2.82803e-18  1.80216e-08  1.00338e-15  1.43593e-20  
2.1336e-08  4.78824e-09  7.73087e-09  2.54435e-09  1.09675e-08  1.89418e-14  1.33583e-10  7.80985e-11  1.32649e-12  1.00799e-14  
8.7281e-12  1.16019e-09  2.37035e-09  8.3166e-10  2.89444e-09  3.23329e-10  6.76302e-11  1.42405e-09  3.11446e-10  1.8458e-09  
3.46562e-10  1.02632e-09  2.73767e-10  1.14749e-09  2.28517e-10  1.42762e-09  1.67753e-11  7.08208e-21  3.9607e-10  3.8371e-12  
2.92318e-16  1.19093e-09  4.23106e-10  1.46453e-09  4.59572e-10  2.09161e-09  4.23081e-10  2.91058e-09  8.94658e-10  3.866e-09  
1.20371e-09  6.35771e-09  5.11219e-10  8.20663e-10  3.09766e-10  1.57648e-09  5.52349e-10  2.96997e-09  3.99115e-10  4.19064e-18  
5.24294e-21  9.74726e-10  3.90071e-10  2.00419e-09  7.24314e-10  3.94333e-09  1.34097e-15  3.95566e-11  5.09358e-10  1.5425e-14  
1.30482e-10  2.96705e-16  3.66918e-19  1.51989e-09  5.09505e-10  4.03611e-09  3.31435e-09  6.33016e-08  7.82829e-09  2.8617e-08  
9.76833e-15  7.88287e-11  2.30131e-09  8.33763e-09  1.04841e-09  3.64484e-09  6.20848e-10  3.68462e-09  3.29186e-15  6.9856e-11  
2.17869e-13  8.90424e-19  3.14469e-10  1.21601e-09  1.37243e-10  7.32251e-10  1.70432e-12  5.54015e-10  7.59133e-11  1.07526e-12  
1.20578e-10  6.18702e-15  3.02764e-17  4.19911e-11  9.078e-15  2.94688e-10  1.10752e-10  4.8447e-10  2.02489e-10  9.23407e-10  
2.3163e-16  7.1423e-12  1.88706e-10  4.51907e-15  8.36376e-18  3.46789e-10  1.42383e-10  6.91924e-10  2.66804e-10  1.39427e-09  
2.4811e-10  5.8633e-10  2.08258e-10  9.5222e-10  2.97746e-15  5.60509e-11  2.10584e-10  3.82089e-14  6.07937e-15  3.93775e-10  
2.80204e-10  9.68606e-10  3.98619e-10  2.10476e-09  2.51478e-10  1.87775e-10  2.05858e-15  1.73755e-15  2.05773e-10  1.02869e-09  
3.34729e-10  2.15427e-09  1.28908e-14  1.59324e-11  3.89479e-10  9.79292e-15  1.02973e-17  1.23975e-09  5.47614e-10  1.37479e-09  
2.1158e-14  2.51878e-10  2.58345e-10  1.2025e-15  5.22027e-11  7.05576e-10  2.03517e-10  1.16414e-09  2.14562e-10  1.22441e-09  
4.60984e-15  1.17897e-10  2.09757e-10  2.0954e-14  2.66748e-10  4.95805e-10  1.32359e-12  9.37249e-10  3.84229e-10  1.70311e-09  
4.88157e-10  1.75419e-09  7.54126e-10  2.77139e-09  1.07949e-09  5.0045e-09  2.0002e-09  3.23144e-13  4.63041e-10  3.0292e-09  
1.9926e-09  2.45417e-08  4.17054e-08  2.13567e-07  2.0238e-09  3.42442e-17  5.12285e-09  
9.32221e-23  2.46004e-14  2.89293e-24  9.17013e-30  0.191884  4.18418e-24  1.96981e-26  2.04073e-38  0.0154733  2.82311e-08  1.9636e-06  
3.43969e-14  0.000850636  8.00972e-08  4.46499e-27  5.55039e-17  0.000824415  1.68625e-06  3.25395e-05  1.70236e-18  1.4213e-18  
2.22087e-09  9.66228e-07  2.62679e-17  3.67591e-25  1.84937e-05  4.04949e-07  0.000869997  8.40172e-16  3.75684e-22  2.42758e-13  
1.59921e-05  1.93275e-12  9.70899e-27  1.56716e-05  2.25354e-06  1.78056e-06  4.26202e-17  9.66348e-19  6.36874e-08  7.95484e-23  
1.54892e-06  3.86517e-16  5.58526e-23  4.93292e-06  2.54591e-07  2.47981e-07  3.2538e-07  3.91393e-13  3.66488e-15  1.78768e-06  
2.78571e-08  1.10039e-07  6.24346e-14  8.05713e-09  1.37783e-08  6.73892e-10  4.88248e-08  2.4416e-07  3.89282e-12  8.07741e-08  
5.54972e-12  6.47414e-09  2.03571e-08  1.70863e-09  4.42893e-09  2.08311e-07  1.47996e-09  5.62554e-09  1.07938e-09  1.03756e-08  
3.40932e-13  4.16664e-09  7.82417e-15  4.65016e-10  8.83143e-10  1.43762e-13  5.47078e-15  2.85873e-20  1.80231e-09  9.8242e-10  
6.25883e-09  3.72528e-09  2.10845e-08  1.14583e-09  4.4277e-08  4.49123e-09  8.5051e-09  6.46731e-08  1.5992e-07  4.98773e-11  
3.44444e-06  3.08155e-07  2.25136e-07  6.09019e-12  1.67278e-09  5.57715e-08  2.55203e-11  8.68222e-08  6.28692e-09  7.86099e-08  
2.01926e-08  3.16317e-08  2.13497e-11  5.26404e-08  1.03372e-08  4.15108e-14  1.28038e-08  5.62907e-09  1.60043e-12  1.40021e-08  
2.91513e-09  1.63724e-08  1.14797e-15  1.03781e-10  2.97007e-09  3.89675e-16  3.01797e-09  5.01274e-09  3.23837e-13  5.62991e-09  
1.52484e-09  7.5891e-09  6.71074e-10  2.66914e-09  1.04712e-09  6.98539e-09  1.33405e-09  9.63498e-09  1.81588e-10  9.06517e-17  
1.25258e-09  3.40706e-11  1.44332e-11  6.44831e-09  1.5667e-09  1.39726e-08  3.36601e-12  2.79743e-15  8.45939e-09  2.01882e-09  
6.05675e-13  4.54748e-10  5.59871e-09  3.62223e-09  6.33498e-08  9.79792e-13  1.39662e-16  1.6147e-08  7.06154e-14  3.95495e-17  
1.91162e-08  4.2927e-09  6.9303e-09  2.28087e-09  9.82916e-09  7.28707e-13  1.20677e-10  7.02284e-11  1.56576e-12  2.61697e-13  
7.99115e-12  1.03902e-09  2.12636e-09  7.45684e-10  2.59511e-09  2.90149e-10  6.03983e-11  1.27641e-09  2.79229e-10  1.65523e-09  
3.10645e-10  9.20225e-10  2.45478e-10  1.02904e-09  2.04845e-10  1.28e-09  1.51816e-11  7.97853e-19  3.5508e-10  3.6637e-12  
4.78123e-15  1.06808e-09  3.7939e-10  1.31363e-09  4.12059e-10  1.87617e-09  3.7941e-10  2.61077e-09  8.02159e-10  3.46865e-09  
1.07957e-09  5.70392e-09  4.58325e-10  7.3606e-10  2.77788e-10  1.41417e-09  4.95418e-10  2.66458e-09  3.58195e-10  3.36061e-16  
3.34505e-18  8.7447e-10  3.50111e-10  1.79803e-09  6.50147e-10  3.53809e-09  9.16831e-14  3.58983e-11  4.56949e-10  5.58137e-13  
1.17161e-10  1.80972e-14  2.46438e-17  1.36258e-09  4.57035e-10  3.62105e-09  2.9732e-09  5.67148e-08  7.01274e-09  2.56203e-08  
4.82891e-13  7.10904e-11  2.06098e-09  7.46351e-09  9.38907e-10  3.26272e-09  5.55802e-10  3.29719e-09  2.07884e-13  6.27665e-11  
2.16957e-12  6.58632e-16  2.7915e-10  1.08865e-09  1.22986e-10  6.55156e-10  4.53832e-12  4.93809e-10  6.41502e-11  4.02658e-12  
1.07997e-10  2.98988e-13  6.946e-15  3.72675e-11  1.81826e-13  2.63586e-10  9.90753e-11  4.33574e-10  1.81284e-10  8.26215e-10  
1.69824e-14  6.43804e-12  1.68873e-10  2.42178e-13  9.45219e-16  3.10085e-10  1.27421e-10  6.19138e-10  2.3878e-10  1.24768e-09  
2.22043e-10  5.24747e-10  1.86508e-10  8.51925e-10  1.92825e-13  5.03046e-11  1.88195e-10  1.05391e-12  8.57336e-14  3.51692e-10  
2.50233e-10  8.67038e-10  3.5688e-10  1.88337e-09  2.25147e-10  1.68066e-10  1.36941e-13  2.88756e-15  1.83967e-10  9.20752e-10  
2.99556e-10  1.92752e-09  5.85547e-13  1.42473e-11  3.48021e-10  4.72078e-13  8.85931e-16  1.109e-09  4.90216e-10  1.23043e-09  
7.52145e-13  2.2576e-10  2.30115e-10  8.44584e-14  4.68184e-11  6.31567e-10  1.82179e-10  1.04172e-09  1.92016e-10  1.09533e-09  
2.74234e-13  1.0561e-10  1.87469e-10  7.46427e-13  2.36129e-10  4.42981e-10  3.84132e-12  8.38321e-10  3.43803e-10  1.52409e-09  
4.37062e-10  1.57033e-09  6.74978e-10  2.47938e-09  9.65805e-10  4.4763e-09  1.78991e-09  2.6832e-12  4.16409e-10  2.70736e-09  
1.78173e-09  2.19447e-08  3.72939e-08  1.91373e-07  1.81617e-09  2.29598e-15  4.59557e-09  
1.20265e-22  1.39576e-14  9.10829e-25  3.07038e-30  0.195817  5.40673e-24  3.44059e-27  8.42337e-40  0.0144302  4.93852e-08  1.89092e-06  
2.03778e-14  0.000775018  1.61594e-07  1.62875e-27  4.76599e-17  0.000760819  1.53092e-06  6.06718e-05  3.91093e-18  8.59213e-19  
9.59275e-09  8.86348e-07  2.9295e-17  1.07347e-24  1.86703e-05  3.72176e-07  0.000797843  9.15244e-16  2.51677e-22  6.95333e-13  
1.48299e-05  2.42953e-12  2.16104e-26  1.48508e-05  2.07677e-06  1.6397e-06  5.17183e-17  7.56746e-19  1.00421e-07  8.1268e-23  
1.58324e-06  4.862e-16  7.40958e-23  4.91535e-06  2.53305e-07  2.40841e-07  3.01292e-07  1.74994e-12  2.31469e-14  1.80209e-06  
2.68698e-08  1.08276e-07  5.08884e-13  7.41165e-09  1.41649e-08  6.32347e-10  4.54865e-08  2.5138e-07  2.6455e-11  7.91267e-08  
1.98324e-11  5.92947e-09  1.99798e-08  1.57858e-09  4.15835e-09  2.13406e-07  1.44648e-09  5.30923e-09  1.02094e-09  9.98361e-09  
2.71014e-12  3.81202e-09  1.85398e-14  4.698e-10  8.22095e-10  9.2652e-13  1.82572e-14  2.2997e-19  1.72872e-09  9.6848e-10  
6.4327e-09  3.4846e-09  1.93337e-08  1.15254e-09  4.49308e-08  4.58595e-09  7.96865e-09  6.32316e-08  1.69801e-07  3.32749e-10  
3.53549e-06  2.92979e-07  2.08687e-07  4.00452e-11  1.5406e-09  5.20713e-08  1.36256e-10  9.21286e-08  6.0133e-09  7.68961e-08  
1.88452e-08  2.97503e-08  7.86615e-11  4.83815e-08  9.59141e-09  5.17123e-14  1.18016e-08  5.40177e-09  1.20845e-11  1.29576e-08  
2.6917e-09  1.50848e-08  1.26579e-15  9.80474e-11  2.72487e-09  4.41871e-16  2.76613e-09  4.59322e-09  1.24009e-12  5.16096e-09  
1.39842e-09  6.95652e-09  6.16065e-10  2.44224e-09  9.59176e-10  6.39333e-09  1.22204e-09  8.81823e-09  1.6215e-10  9.96783e-17  
1.14736e-09  3.70868e-11  1.34965e-11  5.89024e-09  1.43781e-09  1.27839e-08  1.60456e-11  3.22096e-15  7.73751e-09  1.83227e-09  
2.89484e-12  4.17826e-10  5.12155e-09  3.31107e-09  5.79178e-08  6.51206e-12  7.79846e-15  1.47675e-08  1.28601e-13  2.6786e-15  
1.74835e-08  3.92913e-09  6.34262e-09  2.08815e-09  8.99041e-09  5.06247e-12  1.11111e-10  6.36938e-11  2.50631e-12  2.34454e-12  
7.3887e-12  9.42825e-10  1.94869e-09  6.82482e-10  2.37525e-09  2.67191e-10  5.36596e-11  1.16735e-09  2.5558e-10  1.51517e-09  
2.8378e-10  8.42379e-10  2.24657e-10  9.42081e-10  1.87842e-10  1.17102e-09  1.35796e-11  8.85658e-19  3.24626e-10  3.91218e-12  
3.49401e-14  9.78032e-10  3.47049e-10  1.20289e-09  3.76733e-10  1.71819e-09  3.47135e-10  2.39071e-09  7.33643e-10  3.17708e-09  
9.88027e-10  5.22348e-09  4.18826e-10  6.74002e-10  2.54142e-10  1.29488e-09  4.5335e-10  2.43976e-09  3.28119e-10  3.81064e-16  
3.01984e-16  8.00394e-10  3.20779e-10  1.64606e-09  5.95739e-10  3.23958e-09  2.30615e-13  3.31793e-11  4.18286e-10  3.45896e-12  
1.06669e-10  7.29333e-14  1.6861e-15  1.24478e-09  4.18684e-10  3.31562e-09  2.72204e-09  5.18696e-08  6.41296e-09  2.34148e-08  
2.87202e-12  6.53185e-11  1.88292e-09  6.82086e-09  8.58792e-10  2.98173e-09  5.07901e-10  3.01164e-09  7.76545e-13  5.72228e-11  
1.29527e-11  9.63703e-15  2.43082e-10  9.96436e-10  1.13119e-10  5.97605e-10  1.58032e-11  4.42091e-10  4.50912e-11  1.23332e-11  
1.01202e-10  1.20789e-12  4.22113e-13  3.22919e-11  1.11651e-12  2.40349e-10  9.02491e-11  3.96147e-10  1.66027e-10  7.54331e-10  
2.22443e-14  5.88458e-12  1.54391e-10  8.86644e-13  8.9795e-15  2.82404e-10  1.16705e-10  5.65446e-10  2.18295e-10  1.1395e-09  
2.02906e-10  4.79401e-10  1.70948e-10  7.77453e-10  6.64991e-13  4.57237e-11  1.71396e-10  7.46243e-12  9.63246e-13  3.15955e-10  
2.26405e-10  7.92852e-10  3.26642e-10  1.72042e-09  2.06178e-10  1.53598e-10  3.87455e-13  4.8149e-15  1.67547e-10  8.41541e-10  
2.73676e-10  1.76058e-09  3.75619e-12  1.30015e-11  3.14968e-10  2.64857e-12  5.1063e-15  1.01072e-09  4.48819e-10  1.12456e-09  
5.25712e-12  2.0565e-10  2.04304e-10  1.75985e-13  4.27182e-11  5.78488e-10  1.67008e-10  9.52128e-10  1.75645e-10  9.99873e-10  
1.20534e-12  9.5841e-11  1.70643e-10  5.02671e-12  2.05413e-10  4.00999e-10  1.45938e-11  7.64592e-10  3.13929e-10  1.39256e-09  
3.99973e-10  1.43578e-09  6.16837e-10  2.26449e-09  8.82171e-10  4.08817e-09  1.6352e-09  1.44955e-11  3.81267e-10  2.4625e-09  
1.62745e-09  2.00339e-08  3.40517e-08  1.75059e-07  1.66409e-09  5.50782e-15  4.20767e-09  
1.62741e-22  9.85578e-15  1.03623e-25  2.93926e-31  0.200877  5.18979e-24  4.91371e-29  0  0.0130824  1.06359e-07  1.78466e-06  
7.54841e-15  0.000499829  3.28487e-07  2.52495e-28  3.45657e-17  0.000659628  1.30005e-06  0.000260602  2.19201e-17  2.95867e-19  
3.55063e-07  7.69292e-07  2.77893e-17  2.00727e-23  1.89462e-05  3.25583e-07  0.000701824  9.2159e-16  1.09947e-22  7.68222e-13  
1.31491e-05  2.7988e-12  1.20477e-26  1.36556e-05  1.81765e-06  1.42818e-06  8.08533e-17  3.59687e-19  1.76519e-07  8.77345e-23  
1.64549e-06  6.74087e-16  6.69218e-23  4.88981e-06  2.51422e-07  2.30202e-07  2.66474e-07  2.29166e-12  3.80395e-14  1.82315e-06  
2.54906e-08  1.05678e-07  1.0229e-12  6.47754e-09  1.47413e-08  5.5953e-10  4.04455e-08  2.62071e-07  4.1131e-11  7.67095e-08  
4.52072e-11  5.14495e-09  1.94237e-08  1.37951e-09  3.75684e-09  2.20888e-07  1.33719e-09  4.84759e-09  9.365e-10  9.41969e-09  
5.72963e-12  3.30103e-09  1.90943e-14  4.76732e-10  7.3278e-10  1.31764e-12  1.9689e-14  2.63086e-19  1.62382e-09  9.52352e-10  
6.69695e-09  3.12245e-09  1.68132e-08  1.16908e-09  4.58922e-08  4.75467e-09  7.14131e-09  6.04185e-08  1.85047e-07  8.61863e-10  
3.66885e-06  2.69644e-07  1.84086e-07  5.91555e-11  1.34285e-09  4.66278e-08  3.21728e-10  1.00058e-07  5.5004e-09  7.44032e-08  
1.6781e-08  2.69853e-08  1.72577e-10  4.21962e-08  8.46584e-09  6.19976e-14  1.03373e-08  5.07651e-09  2.62625e-11  1.14435e-08  
2.36675e-09  1.32212e-08  1.59999e-15  8.98566e-11  2.3692e-09  5.8983e-16  2.40451e-09  3.98859e-09  1.45819e-12  4.48478e-09  
1.2165e-09  6.0454e-09  5.37456e-10  2.11473e-09  8.33136e-10  5.54209e-09  1.06193e-09  7.64561e-09  1.33647e-10  1.23621e-16  
9.96533e-10  4.12809e-11  1.21553e-11  5.08931e-09  1.25527e-09  1.10768e-08  3.76181e-11  4.25809e-15  6.69936e-09  1.56001e-09  
3.47223e-12  3.63854e-10  4.44137e-09  2.86549e-09  5.01139e-08  9.61149e-12  3.18593e-14  1.27864e-08  1.22869e-13  7.66609e-15  
1.51308e-08  3.40427e-09  5.49346e-09  1.80975e-09  7.77825e-09  8.01829e-12  9.68091e-11  5.39525e-11  3.91465e-12  4.51408e-12  
6.47393e-12  8.07551e-10  1.69161e-09  5.90772e-10  2.05722e-09  2.34147e-10  4.34705e-11  1.00978e-09  2.2126e-10  1.31251e-09  
2.44368e-10  7.30086e-10  1.9425e-10  8.1644e-10  1.63143e-10  1.01341e-09  1.09289e-11  1.03352e-18  2.80015e-10  4.27945e-12  
8.82808e-14  8.48029e-10  2.99817e-10  1.04256e-09  3.25214e-10  1.48913e-09  3.00058e-10  2.07144e-09  6.34028e-10  2.75356e-09  
8.5484e-10  4.52504e-09  3.61044e-10  5.84231e-10  2.19724e-10  1.12156e-09  3.92104e-10  2.11291e-09  2.84403e-10  5.21246e-16  
1.05351e-15  6.92618e-10  2.78234e-10  1.42511e-09  5.16845e-10  2.80505e-09  2.36207e-13  2.91081e-11  3.62264e-10  3.24308e-12  
9.10498e-11  8.33871e-14  5.88985e-15  1.07813e-09  3.6337e-10  2.87106e-09  2.35666e-09  4.48798e-08  5.54857e-09  2.02478e-08  
3.85736e-12  5.66825e-11  1.62957e-09  5.89903e-09  7.44074e-10  2.57855e-09  4.39466e-10  2.60224e-09  9.06512e-13  4.89184e-11  
3.02062e-11  2.72241e-14  1.91151e-10  8.64069e-10  9.95429e-11  5.14694e-10  3.0367e-11  3.70105e-10  2.23172e-11  1.41224e-11  
9.48538e-11  6.46908e-13  1.16782e-12  2.48433e-11  1.82477e-12  2.10759e-10  7.77981e-11  3.42424e-10  1.44648e-10  6.51118e-10  
2.61925e-14  5.06005e-12  1.3377e-10  4.79106e-13  1.11921e-14  2.43903e-10  1.01789e-10  4.88324e-10  1.89369e-10  9.84289e-10  
1.75711e-10  4.14305e-10  1.49128e-10  6.70229e-10  7.6518e-13  3.88862e-11  1.48356e-10  1.3288e-11  3.27746e-12  2.67188e-10  
1.92232e-10  6.86388e-10  2.83854e-10  1.48706e-09  1.79425e-10  1.32977e-10  4.09164e-13  8.75175e-15  1.44301e-10  7.27768e-10  
2.36976e-10  1.5214e-09  5.41687e-12  1.1345e-11  2.71243e-10  3.39786e-12  7.30538e-15  8.7144e-10  3.90221e-10  9.73116e-10  
8.56543e-12  1.76226e-10  1.70162e-10  1.73632e-13  3.67045e-11  5.02844e-10  1.45828e-10  8.23971e-10  1.52711e-10  8.63125e-10  
1.45684e-12  8.16884e-11  1.48148e-10  7.83626e-12  1.61435e-10  3.43472e-10  3.05377e-11  6.59566e-10  2.71229e-10  1.20466e-09  
3.47437e-10  1.24314e-09  5.33647e-10  1.95728e-09  7.62831e-10  3.53424e-09  1.41474e-09  3.29468e-11  3.29208e-10  2.11196e-09  
1.40794e-09  1.73129e-08  2.94357e-08  1.5152e-07  1.44317e-09  5.23718e-15  3.64395e-09  
3.25532e-20  2.111e-15  2.60134e-26  3.0614e-31  0.198221  4.87688e-24  4.56447e-30  0  0.0138339  4.18932e-08  1.71068e-06  
2.92077e-13  1.46823e-05  6.26609e-07  5.11325e-25  6.29672e-17  0.000622309  1.00989e-06  0.000312015  3.46456e-15  1.14768e-17  
1.98927e-07  8.21278e-07  2.97623e-15  1.43728e-21  1.92301e-05  3.78983e-07  0.00106994  1.54049e-13  6.39037e-21  9.43589e-13  
1.25068e-05  3.04004e-10  6.8148e-25  1.31923e-05  1.77204e-06  1.3604e-06  1.08299e-14  1.5769e-17  2.01648e-07  1.13707e-20  
1.6724e-06  8.29681e-14  4.85092e-21  4.88018e-06  2.51053e-07  2.26559e-07  2.53148e-07  3.40664e-11  4.58534e-13  1.83062e-06  
2.5236e-08  1.04711e-07  4.22483e-12  6.1244e-09  1.49472e-08  5.40527e-10  3.8511e-08  2.65948e-07  2.52671e-10  7.58148e-08  
7.70541e-11  4.8446e-09  1.91887e-08  1.31404e-09  3.60089e-09  2.23635e-07  1.36549e-09  4.67527e-09  9.06243e-10  9.20041e-09  
1.54356e-11  3.10363e-09  8.82792e-13  4.7935e-10  6.93269e-10  6.35721e-12  4.25296e-13  3.13294e-16  1.57979e-09  9.44303e-10  
6.7819e-09  3.00006e-09  1.58499e-08  1.17535e-09  4.62321e-08  4.82484e-09  6.84795e-09  5.90675e-08  1.90322e-07  1.6819e-09  
3.71665e-06  2.63148e-07  1.75507e-07  2.89759e-10  1.26662e-09  4.43673e-08  5.5894e-10  1.02732e-07  5.61895e-09  7.32761e-08  
1.60787e-08  2.59864e-08  2.67597e-10  3.98318e-08  7.96705e-09  6.97211e-12  9.76844e-09  4.9475e-09  5.95478e-11  1.08639e-08  
2.24456e-09  1.25167e-08  1.71586e-13  8.66719e-11  2.22736e-09  6.54257e-14  2.24621e-09  3.7559e-09  2.44648e-11  4.2242e-09  
1.14901e-09  5.6949e-09  5.08212e-10  1.98622e-09  7.8511e-10  5.21744e-09  1.00481e-09  7.1937e-09  1.16038e-10  1.24712e-14  
9.39685e-10  4.77639e-11  1.21964e-11  4.77179e-09  1.19751e-09  1.04188e-08  6.44398e-11  5.06752e-13  6.3013e-09  1.43579e-09  
3.32473e-11  3.44118e-10  4.15816e-09  2.69599e-09  4.71241e-08  4.06357e-11  1.0529e-13  1.20045e-08  8.48274e-12  1.40533e-13  
1.42185e-08  3.20797e-09  5.16981e-09  1.70505e-09  7.31004e-09  3.0312e-11  9.13073e-11  4.89856e-11  5.42915e-12  6.8008e-12  
6.06474e-12  7.32584e-10  1.59661e-09  5.54701e-10  1.9358e-09  2.22799e-10  3.74033e-11  9.4958e-10  2.0743e-10  1.23616e-09  
2.26864e-10  6.88708e-10  1.81243e-10  7.69941e-10  1.52971e-10  9.53827e-10  9.21167e-12  1.06905e-16  2.60536e-10  4.99041e-12  
1.88506e-13  8.00922e-10  2.80145e-10  9.83094e-10  3.04177e-10  1.40292e-09  2.80894e-10  1.95053e-09  5.94773e-10  2.59402e-09  
8.02492e-10  4.25907e-09  3.3697e-10  5.50991e-10  2.06025e-10  1.0555e-09  3.67858e-10  1.9885e-09  2.6712e-10  6.11033e-14  
1.0502e-14  6.51038e-10  2.61307e-10  1.34053e-09  4.87506e-10  2.63777e-09  9.32596e-12  2.75689e-11  3.319e-10  1.50697e-11  
8.46234e-11  1.14204e-12  2.60306e-14  1.00131e-09  3.43534e-10  2.69999e-09  2.21619e-09  4.22031e-08  5.21736e-09  1.90322e-08  
2.33451e-11  5.33588e-11  1.51618e-09  5.54476e-09  7.01989e-10  2.42267e-09  4.14896e-10  2.44183e-09  1.58377e-11  4.57321e-11  
3.9132e-11  1.23727e-12  1.56468e-10  8.11355e-10  9.70845e-11  4.80493e-10  4.25109e-11  3.3907e-10  1.01722e-11  1.03575e-11  
9.29254e-11  9.51714e-12  3.82722e-12  2.00918e-11  2.86515e-12  1.92787e-10  7.27987e-11  3.21086e-10  1.38604e-10  6.09514e-10  
2.88373e-12  4.80853e-12  1.23802e-10  8.15787e-12  1.20076e-12  2.19214e-10  9.74898e-11  4.56795e-10  1.80137e-10  9.23098e-10  
1.66164e-10  3.88379e-10  1.43009e-10  6.25925e-10  1.60462e-11  3.63256e-11  1.26608e-10  3.1215e-11  9.43028e-12  2.28248e-10  
1.76213e-10  6.45379e-10  2.70051e-10  1.39623e-09  1.70908e-10  1.2541e-10  1.21347e-11  9.64622e-15  1.23826e-10  6.82373e-10  
2.2455e-10  1.42759e-09  2.74287e-11  1.1075e-11  2.36398e-10  1.99724e-11  9.79786e-13  7.97254e-10  3.70151e-10  9.15252e-10  
2.89906e-11  1.63649e-10  1.36365e-10  8.68492e-12  3.49011e-11  4.65839e-10  1.39811e-10  7.73997e-10  1.46022e-10  8.08712e-10  
1.71959e-11  7.56098e-11  1.25845e-10  2.28784e-11  1.3855e-10  3.03662e-10  4.56227e-11  6.18715e-10  2.54857e-10  1.13287e-09  
3.29826e-10  1.16944e-09  5.0236e-10  1.83836e-09  7.18207e-10  3.31935e-09  1.33529e-09  5.50946e-11  3.08824e-10  1.96327e-09  
1.32409e-09  1.62662e-08  2.7668e-08  1.42526e-07  1.36171e-09  1.98101e-13  3.42794e-09  
1.63907e-19  7.85165e-17  1.7016e-25  6.22866e-36  0.194205  4.83834e-24  7.75904e-29  0  0.0150576  2.19859e-10  1.71461e-06  
7.92795e-13  2.76734e-07  5.81057e-07  5.07219e-24  7.05947e-18  0.000628335  6.72924e-07  4.20771e-05  1.37501e-15  2.7393e-17  
7.86338e-09  1.13647e-06  1.20473e-14  2.11678e-22  1.95552e-05  4.94904e-07  0.00135747  5.55979e-13  1.6916e-20  6.94694e-13  
1.26426e-05  1.19659e-09  1.25434e-24  1.32142e-05  2.11465e-06  1.46738e-06  3.5848e-14  4.00321e-17  1.18353e-07  3.98558e-20  
1.66389e-06  2.41885e-13  8.13861e-21  4.88188e-06  2.55991e-07  2.33729e-07  2.54194e-07  3.19245e-10  8.9126e-12  1.8217e-06  
2.85574e-08  1.06193e-07  4.16472e-11  6.22633e-09  1.4707e-08  6.66517e-10  3.95088e-08  2.62371e-07  1.47983e-09  7.66301e-08  
4.03046e-10  4.86595e-09  1.88858e-08  1.46596e-09  3.5942e-09  2.21649e-07  2.13965e-09  4.7783e-09  9.37818e-10  9.16703e-09  
1.22209e-10  3.10067e-09  5.76665e-12  4.78658e-10  6.36507e-10  5.41849e-11  4.98708e-12  1.98325e-14  1.53581e-09  9.26564e-10  
6.5388e-09  3.24022e-09  1.59379e-08  1.16776e-09  4.57949e-08  4.8614e-09  7.25088e-09  5.5923e-08  1.81349e-07  9.52634e-09  
3.66652e-06  2.97224e-07  1.90444e-07  2.848e-09  1.31762e-09  4.28971e-08  2.79661e-09  9.73581e-08  9.63418e-09  7.12307e-08  
1.74554e-08  2.70752e-08  1.19531e-09  4.01109e-08  7.05443e-09  2.34876e-11  9.76681e-09  4.90339e-09  3.52247e-10  1.09458e-08  
2.28558e-09  1.27036e-08  5.41811e-13  8.61825e-11  2.1716e-09  1.92901e-13  2.1003e-09  3.74691e-09  1.85797e-10  4.24778e-09  
1.17778e-09  5.69873e-09  5.17115e-10  1.9587e-09  7.8634e-10  5.25146e-09  1.06037e-09  7.18187e-09  4.98347e-11  1.61056e-14  
9.51392e-10  8.18547e-11  2.40958e-11  4.65068e-09  1.32983e-09  1.0422e-08  3.27408e-10  1.77079e-12  6.32645e-09  1.1943e-09  
2.50461e-10  3.99832e-10  3.97919e-09  2.70695e-09  4.72567e-08  3.70951e-10  6.38444e-12  1.18134e-08  4.34258e-11  1.09898e-11  
1.41814e-08  3.28415e-09  5.21645e-09  1.74036e-09  7.28457e-09  2.69989e-10  9.81061e-11  3.37214e-11  1.37557e-11  4.07988e-11  
5.28075e-12  4.99623e-10  1.60096e-09  5.48821e-10  1.94645e-09  2.37143e-10  1.62262e-11  9.51699e-10  2.03458e-10  1.25269e-09  
2.1141e-10  6.96553e-10  1.74523e-10  7.83955e-10  1.51561e-10  9.6249e-10  3.17185e-12  1.05804e-16  2.43818e-10  8.76838e-12  
1.16493e-12  8.23664e-10  2.71436e-10  1.00392e-09  2.95996e-10  1.42347e-09  2.73836e-10  1.97269e-09  5.8633e-10  2.63837e-09  
7.92537e-10  4.29795e-09  3.20689e-10  5.5887e-10  2.03858e-10  1.0624e-09  3.61898e-10  2.00439e-09  2.64021e-10  1.8807e-13  
6.09348e-13  6.48142e-10  2.5628e-10  1.34376e-09  4.98681e-10  2.64199e-09  6.2204e-11  3.5365e-11  2.98452e-10  8.30021e-11  
1.26493e-10  1.17051e-11  2.38182e-12  8.68316e-10  3.42665e-10  2.70907e-09  2.21955e-09  4.23622e-08  5.23435e-09  1.90492e-08  
2.16098e-10  6.61104e-11  1.36965e-09  5.5299e-09  7.24912e-10  2.4151e-09  4.31705e-10  2.40688e-09  1.08364e-10  9.42151e-11  
1.07244e-10  9.65286e-12  4.34473e-11  7.06876e-10  1.20531e-10  4.85982e-10  7.07103e-11  3.5652e-10  3.92162e-14  6.85396e-14  
6.92233e-11  2.23933e-11  6.1624e-11  5.23491e-12  1.35057e-12  1.19978e-10  5.02131e-11  3.34788e-10  1.55151e-10  6.04468e-10  
1.11906e-11  1.37103e-11  1.24219e-10  2.83142e-11  3.11667e-11  1.43159e-10  9.65897e-11  4.58149e-10  1.92284e-10  9.15659e-10  
1.7062e-10  3.83825e-10  1.54862e-10  6.06658e-10  1.02103e-10  9.03209e-11  8.82817e-11  6.60302e-11  1.14679e-10  8.06971e-11  
9.66751e-11  6.28558e-10  2.89554e-10  1.39467e-09  1.81723e-10  1.33023e-10  7.41502e-11  3.88426e-15  9.13824e-11  6.51166e-10  
2.31076e-10  1.41072e-09  2.27219e-10  5.44463e-11  1.25237e-10  6.80855e-11  2.38279e-11  5.82206e-10  3.93174e-10  9.40433e-10  
1.88151e-10  2.12067e-10  3.62924e-11  1.19175e-11  5.22088e-11  3.37606e-10  1.30988e-10  7.81309e-10  1.5989e-10  8.01007e-10  
9.34008e-11  1.55899e-10  6.46191e-11  3.9074e-11  1.30584e-10  1.50564e-10  6.51976e-11  6.4076e-10  2.5921e-10  1.13854e-09  
3.53876e-10  1.18458e-09  5.11312e-10  1.82863e-09  7.31273e-10  3.2933e-09  1.39789e-09  2.51228e-10  3.35975e-10  1.76873e-09  
1.32086e-09  1.6231e-08  2.77255e-08  1.43377e-07  1.4128e-09  1.36675e-12  3.44457e-09  
9.11205e-20  2.18602e-14  4.61765e-25  4.84689e-28  0.19095  4.8077e-24  1.13063e-26  0  0.016134  1.3436e-09  1.69732e-06  
1.18766e-12  5.4196e-07  2.74668e-07  1.73637e-23  9.77612e-18  0.000631737  3.48174e-07  1.62078e-06  1.59301e-17  3.61995e-17  
3.57901e-09  1.46303e-06  4.98997e-15  1.79491e-22  1.9909e-05  5.49744e-07  0.00139156  1.70877e-13  2.34114e-20  2.01176e-12  
1.27638e-05  4.5457e-10  5.37883e-24  1.31696e-05  2.77993e-06  1.62336e-06  1.2029e-14  6.00464e-17  4.39219e-08  7.19614e-20  
1.6509e-06  6.97696e-14  4.46508e-21  4.88313e-06  2.65604e-07  2.48733e-07  2.53731e-07  2.16943e-10  1.10042e-11  1.80632e-06  
3.33675e-08  1.09966e-07  8.05328e-11  6.40311e-09  1.43221e-08  8.51948e-10  4.26176e-08  2.56226e-07  1.31238e-09  7.88139e-08  
1.04514e-09  4.86594e-09  1.82638e-08  1.69088e-09  3.58462e-09  2.18333e-07  2.79408e-09  5.00145e-09  9.94267e-10  9.06732e-09  
2.64092e-10  3.09604e-09  2.44683e-12  4.77806e-10  5.9104e-10  6.45658e-11  2.47182e-12  4.25641e-15  1.47667e-09  9.20608e-10  
6.11081e-09  3.63409e-09  1.59428e-08  1.15638e-09  4.50111e-08  4.93113e-09  7.98148e-09  5.07974e-08  1.6593e-07  2.10026e-08  
3.58036e-06  3.55838e-07  2.23031e-07  4.4562e-09  1.56184e-09  4.39453e-08  6.35683e-09  8.80744e-08  1.52974e-08  6.85656e-08  
2.00156e-08  2.93944e-08  3.00931e-09  4.01606e-08  5.49764e-09  6.87418e-12  9.79291e-09  4.70986e-09  5.92954e-10  1.11108e-08  
2.33481e-09  1.29427e-08  1.76497e-13  8.45379e-11  2.07733e-09  5.80363e-14  2.15451e-09  3.66572e-09  1.09719e-10  4.25311e-09  
1.20612e-09  5.66096e-09  5.18362e-10  1.90625e-09  7.70069e-10  5.24425e-09  1.11764e-09  7.11202e-09  9.5766e-12  9.69498e-16  
9.5246e-10  6.22917e-11  3.13047e-11  4.41991e-09  1.44655e-09  1.03911e-08  7.79811e-10  6.13557e-13  6.35591e-09  9.00393e-10  
1.48242e-10  5.30969e-10  3.91107e-09  2.67602e-09  4.69436e-08  5.51832e-10  3.4562e-11  1.17493e-08  1.76935e-11  1.48018e-11  
1.40266e-08  3.38791e-09  5.25875e-09  1.78285e-09  7.16118e-09  4.38435e-10  1.31998e-10  1.60321e-11  1.28206e-11  1.57718e-10  
3.9784e-12  3.64472e-10  1.506e-09  5.25782e-10  1.93047e-09  2.42033e-10  3.15767e-12  9.38608e-10  1.99523e-10  1.25632e-09  
2.06039e-10  6.83579e-10  1.7008e-10  7.83117e-10  1.51442e-10  9.64509e-10  3.99005e-13  3.85739e-18  2.3625e-10  6.91533e-12  
1.35524e-12  8.27151e-10  2.68381e-10  1.01519e-09  2.93201e-10  1.43275e-09  2.70591e-10  1.97977e-09  5.75003e-10  2.67811e-09  
7.77821e-10  4.31212e-09  3.07814e-10  5.4876e-10  2.00407e-10  1.05751e-09  3.54522e-10  2.00177e-09  2.61102e-10  6.05652e-14  
9.67827e-13  6.35812e-10  2.48899e-10  1.32556e-09  5.04153e-10  2.62719e-09  2.76151e-11  4.98201e-11  3.40972e-10  7.18237e-11  
2.1829e-10  1.41133e-11  1.22682e-11  7.75272e-10  3.07564e-10  2.71412e-09  2.20166e-09  4.21568e-08  5.20401e-09  1.88512e-08  
2.43124e-10  1.17088e-10  1.40815e-09  5.414e-09  7.43051e-10  2.38822e-09  4.41114e-10  2.33563e-09  6.31714e-11  1.79882e-10  
2.2657e-10  1.42842e-11  8.5167e-12  5.26452e-10  1.24465e-10  5.24128e-10  7.73258e-11  4.10457e-10  1.59635e-14  9.23363e-15  
7.64137e-11  1.65609e-11  5.78471e-11  3.86253e-13  9.84846e-14  1.07164e-10  3.86361e-11  2.97212e-10  1.46447e-10  6.02049e-10  
4.32738e-12  2.19683e-11  1.29504e-10  1.87168e-11  1.25101e-11  1.48337e-10  9.74935e-11  4.48941e-10  1.93859e-10  9.12676e-10  
1.70458e-10  3.80178e-10  1.55101e-10  5.92159e-10  5.67356e-11  1.6887e-10  1.27328e-10  8.8776e-11  2.34222e-10  2.62338e-11  
2.87046e-11  5.56147e-10  2.71256e-10  1.37555e-09  1.82386e-10  1.36131e-10  3.99955e-11  7.45999e-16  1.28649e-10  6.68033e-10  
2.32397e-10  1.3738e-09  2.63971e-10  1.92132e-10  1.96045e-10  6.71187e-11  1.41033e-11  3.67048e-10  3.65574e-10  9.59438e-10  
2.36669e-10  3.89579e-10  5.87819e-11  7.78239e-12  7.59142e-11  1.93855e-10  7.48258e-11  7.2339e-10  1.54599e-10  7.93294e-10  
6.55771e-11  2.64912e-10  9.36988e-11  4.49342e-11  1.62891e-10  5.15765e-11  2.3211e-11  6.03647e-10  2.5428e-10  1.13865e-09  
3.68878e-10  1.2188e-09  5.23958e-10  1.8029e-09  7.36449e-10  3.21581e-09  1.47244e-09  5.09059e-10  5.10661e-10  1.43352e-09  
1.25034e-09  1.59694e-08  2.74948e-08  1.43302e-07  1.49762e-09  6.30964e-13  3.43898e-09  
3.42353e-21  1.68224e-17  3.25073e-27  2.13012e-38  0.18612  4.27455e-24  4.56516e-30  0  0.0177188  6.35393e-11  1.67558e-06  
1.56902e-14  5.90011e-11  5.75716e-08  5.79178e-27  1.03931e-23  0.000648925  1.10681e-07  6.97661e-09  1.01217e-21  4.46268e-19  
3.06246e-14  1.62369e-06  9.3824e-17  2.16939e-29  2.02083e-05  5.88525e-07  0.0013927  2.69638e-15  2.6875e-22  1.80259e-12  
1.29662e-05  8.65304e-12  6.22456e-26  1.31679e-05  3.75709e-06  1.84804e-06  1.90319e-16  8.03887e-19  1.11314e-08  8.25615e-22  
1.62949e-06  9.73705e-16  1.39053e-23  4.88632e-06  2.77571e-07  2.71599e-07  2.54897e-07  3.51865e-12  9.92585e-14  1.78553e-06  
3.69122e-08  1.12774e-07  2.30789e-12  6.74399e-09  1.39213e-08  1.02658e-09  5.03409e-08  2.47736e-07  5.17228e-11  8.23875e-08  
1.90188e-09  4.93063e-09  1.74949e-08  1.90027e-09  3.62522e-09  2.13613e-07  3.00498e-09  5.35517e-09  1.07363e-09  8.97786e-09  
2.00712e-11  3.17048e-09  4.72566e-14  4.76303e-10  9.30898e-10  1.99513e-12  3.66749e-14  1.18671e-18  1.4673e-09  8.96919e-10  
5.57758e-09  4.0882e-09  1.60961e-08  1.13557e-09  4.39624e-08  4.93824e-09  9.01295e-09  6.06633e-08  1.46495e-07  1.58945e-08  
3.46773e-06  4.18361e-07  2.76262e-07  1.13159e-10  1.71138e-09  5.36542e-08  7.66172e-09  7.67473e-08  1.94281e-08  7.02998e-08  
2.34061e-08  3.32685e-08  5.44499e-09  4.04254e-08  4.07168e-09  9.40257e-14  1.06455e-08  4.32969e-09  9.60977e-11  1.13699e-08  
2.40756e-09  1.33446e-08  3.26923e-15  8.24579e-11  2.03622e-09  9.28286e-16  2.30149e-09  3.57659e-09  2.10004e-12  4.21727e-09  
1.21998e-09  5.67667e-09  5.1896e-10  1.87924e-09  7.54433e-10  5.24423e-09  1.15325e-09  7.1153e-09  1.12458e-12  1.84568e-18  
9.53556e-10  2.77041e-11  1.91246e-11  4.21488e-09  1.4623e-09  1.04879e-08  1.07564e-09  1.09733e-14  6.53001e-09  9.0853e-10  
2.62158e-12  5.75433e-10  3.82396e-09  2.65013e-09  4.68517e-08  1.10917e-11  4.60125e-11  1.25179e-08  3.82212e-13  4.91906e-14  
1.39749e-08  3.50507e-09  5.37078e-09  1.84167e-09  7.08267e-09  1.00948e-11  1.53941e-10  6.0172e-12  6.55462e-12  6.36083e-12  
2.74371e-12  8.7526e-10  1.65728e-09  5.28298e-10  1.91082e-09  2.41133e-10  3.81393e-13  9.24676e-10  1.97384e-10  1.25582e-09  
2.07826e-10  6.76648e-10  1.69297e-10  7.76558e-10  1.51643e-10  9.67951e-10  3.82921e-14  5.13114e-21  2.39508e-10  3.57908e-12  
3.26317e-13  8.26346e-10  2.70365e-10  1.0255e-09  2.97399e-10  1.45052e-09  2.74607e-10  1.99988e-09  5.74432e-10  2.73067e-09  
7.80737e-10  4.35267e-09  3.07728e-10  5.39341e-10  1.97342e-10  1.05057e-09  3.52308e-10  2.00238e-09  2.61465e-10  1.043e-15  
1.59498e-13  6.3109e-10  2.46171e-10  1.30701e-09  5.01981e-10  2.62947e-09  5.25279e-13  5.10628e-11  3.48246e-10  3.6601e-12  
1.88611e-10  2.50896e-13  1.53737e-11  8.82431e-10  3.07782e-10  2.74669e-09  2.2028e-09  4.21754e-08  5.20117e-09  1.87228e-08  
4.37688e-12  1.31918e-10  1.68617e-09  5.40888e-09  7.52294e-10  2.38971e-09  4.4066e-10  2.28964e-09  1.31278e-12  1.42537e-10  
1.70175e-10  3.73427e-13  1.01332e-10  6.4715e-10  9.77785e-11  4.8357e-10  7.12591e-11  4.30015e-10  4.36873e-13  2.09287e-13  
8.15392e-11  1.03958e-12  8.97301e-12  1.74876e-14  1.93332e-15  1.82621e-10  6.72422e-11  2.95697e-10  1.38424e-10  5.71936e-10  
7.69888e-14  1.52004e-11  1.22555e-10  8.78089e-13  2.28811e-14  2.03759e-10  9.44901e-11  4.24924e-10  1.82103e-10  8.98828e-10  
1.67646e-10  3.79778e-10  1.52885e-10  5.8952e-10  1.20879e-12  1.17531e-10  1.43002e-10  2.06419e-11  9.74234e-11  1.64225e-10  
1.5438e-10  6.20406e-10  2.75005e-10  1.34415e-09  1.7678e-10  1.3266e-10  8.4698e-13  7.33955e-17  1.43185e-10  6.89732e-10  
2.39813e-10  1.37434e-09  6.28817e-12  1.88712e-10  3.23323e-10  4.95592e-12  9.30461e-14  6.12807e-10  3.68841e-10  9.44743e-10  
1.19687e-11  3.74413e-10  1.73806e-10  5.26595e-13  8.05678e-11  3.71223e-10  1.0293e-10  7.17844e-10  1.45781e-10  7.61935e-10  
1.85711e-12  1.70183e-10  1.44994e-10  9.85353e-12  1.30517e-10  1.81797e-10  4.67071e-11  6.02293e-10  2.47216e-10  1.12402e-09  
3.67149e-10  1.26602e-09  5.44149e-10  1.81135e-09  7.37597e-10  3.16459e-09  1.51923e-09  4.58896e-10  8.28889e-10  1.37784e-09  
1.12929e-09  1.57582e-08  2.73704e-08  1.44195e-07  1.61445e-09  1.3134e-14  3.45622e-09  
1.13078e-21  1.01229e-17  8.02248e-28  3.29251e-39  0.185237  4.179e-24  4.29191e-31  0  0.0180065  3.48262e-11  1.66846e-06  
4.43813e-15  1.8782e-10  4.44811e-08  5.61439e-28  8.71517e-24  0.000653968  8.76571e-08  5.23868e-09  1.89591e-22  1.50083e-19  
3.11544e-14  1.6284e-06  2.5041e-17  7.25301e-30  2.02364e-05  5.92423e-07  0.00139259  6.9021e-16  8.82097e-23  1.10731e-12  
1.29837e-05  1.80586e-12  1.30612e-26  1.3169e-05  3.8405e-06  1.87241e-06  3.68624e-17  2.76516e-19  9.74578e-09  2.38781e-22  
1.62749e-06  2.22704e-16  4.05089e-24  4.88676e-06  2.78498e-07  2.73792e-07  2.55045e-07  6.80553e-13  1.75287e-14  1.7837e-06  
3.704e-08  1.12867e-07  3.26156e-13  6.77747e-09  1.38779e-08  1.04132e-09  5.11486e-08  2.46955e-07  9.81201e-12  8.27349e-08  
1.95831e-09  4.93828e-09  1.74492e-08  1.91497e-09  3.63027e-09  2.13172e-07  3.00935e-09  5.38921e-09  1.08052e-09  8.97121e-09  
1.92013e-12  3.17739e-09  9.62385e-15  4.76163e-10  9.52583e-10  3.78568e-13  7.34205e-15  4.89566e-20  1.46813e-09  8.93245e-10  
5.52955e-09  4.12702e-09  1.6113e-08  1.13194e-09  4.38709e-08  4.92766e-09  9.11333e-09  7.18485e-08  1.44748e-07  5.16723e-09  
3.4581e-06  4.22757e-07  2.81597e-07  2.08719e-11  1.70876e-09  5.43261e-08  4.30489e-09  7.57779e-08  1.96485e-08  7.40836e-08  
2.36538e-08  3.36533e-08  5.50564e-09  4.04512e-08  4.14486e-09  1.98436e-14  1.07857e-08  4.29102e-09  1.04112e-11  1.13756e-08  
2.41325e-09  1.33813e-08  6.79373e-16  8.22577e-11  2.03723e-09  1.85244e-16  2.30583e-09  3.56916e-09  4.1594e-13  4.21356e-09  
1.2189e-09  5.67942e-09  5.18774e-10  1.87854e-09  7.532e-10  5.2427e-09  1.15449e-09  7.11703e-09  9.19645e-13  3.01409e-19  
9.53377e-10  2.53983e-11  1.79119e-11  4.20008e-09  1.45587e-09  1.0499e-08  8.10592e-10  2.28719e-15  6.54515e-09  1.18576e-09  
6.72581e-13  5.76149e-10  3.82491e-09  2.64637e-09  4.68415e-08  1.97314e-12  4.03656e-11  1.25479e-08  8.65053e-14  6.40904e-15  
1.39784e-08  3.51023e-09  5.38236e-09  1.8465e-09  7.07779e-09  1.68625e-12  1.53461e-10  5.47064e-12  6.07729e-12  9.64419e-13  
2.64949e-12  8.69999e-10  1.67976e-09  5.3247e-10  1.91071e-09  2.412e-10  3.12645e-13  9.23185e-10  1.97401e-10  1.25488e-09  
2.08489e-10  6.75971e-10  1.69721e-10  7.75461e-10  1.51955e-10  9.67593e-10  4.4761e-14  1.34811e-21  2.40673e-10  3.34876e-12  
6.78637e-14  8.25423e-10  2.7099e-10  1.02554e-09  2.98025e-10  1.45182e-09  2.75383e-10  2.00173e-09  5.74662e-10  2.73441e-09  
7.81884e-10  4.3562e-09  3.08212e-10  5.38557e-10  1.97295e-10  1.04966e-09  3.52301e-10  2.00162e-09  2.61581e-10  2.11005e-16  
2.74495e-14  6.30921e-10  2.46231e-10  1.30538e-09  5.01089e-10  2.62959e-09  1.0646e-13  5.07293e-11  3.47147e-10  8.00682e-13  
1.78899e-10  4.74297e-14  1.35979e-11  8.94485e-10  3.1008e-10  2.74787e-09  2.20488e-09  4.2176e-08  5.20096e-09  1.87103e-08  
8.19516e-13  1.30746e-10  1.69016e-09  5.41361e-09  7.52151e-10  2.3912e-09  4.39444e-10  2.28745e-09  2.60433e-13  1.35857e-10  
6.44713e-11  2.90982e-14  1.96563e-10  6.74356e-10  9.65528e-11  4.77205e-10  6.82548e-11  4.27405e-10  1.67663e-12  6.3362e-13  
8.15825e-11  2.45718e-13  2.38319e-12  4.20757e-14  1.09394e-15  1.88768e-10  7.11347e-11  2.97507e-10  1.38099e-10  5.7122e-10  
1.57585e-14  1.43338e-11  1.2153e-10  2.0194e-13  2.61446e-15  2.07585e-10  9.36762e-11  4.23405e-10  1.80278e-10  8.96559e-10  
1.66827e-10  3.79746e-10  1.51984e-10  5.90124e-10  2.4068e-13  1.102e-10  1.41521e-10  3.75464e-12  1.75879e-11  1.99374e-10  
2.06886e-10  6.36114e-10  2.77795e-10  1.34501e-09  1.76092e-10  1.32248e-10  1.7078e-13  5.84933e-17  1.42392e-10  6.90148e-10  
2.39259e-10  1.37609e-09  1.14061e-12  1.79207e-10  3.14846e-10  9.48914e-13  1.5266e-14  6.46051e-10  3.67032e-10  9.43269e-10  
2.0018e-12  3.54984e-10  1.7021e-10  1.03937e-13  7.69823e-11  3.97958e-10  1.10565e-10  7.25746e-10  1.45692e-10  7.60518e-10  
3.65797e-13  1.57763e-10  1.44883e-10  1.87429e-12  1.12621e-10  2.13674e-10  5.3811e-11  5.9957e-10  2.46608e-10  1.1229e-09  
3.65727e-10  1.27003e-09  5.45477e-10  1.81374e-09  7.36915e-10  3.16269e-09  1.51834e-09  2.12549e-10  8.39262e-10  1.62853e-09  
1.12521e-09  1.57402e-08  2.73575e-08  1.44275e-07  1.62387e-09  2.72926e-15  3.4578e-09  
2.1416e-22  4.7324e-18  1.01866e-28  0  0.184905  4.14133e-24  2.37205e-32  0  0.0181139  1.72996e-11  1.66479e-06  
9.91426e-16  3.92917e-10  4.0904e-08  2.13384e-29  2.77355e-24  0.000656214  8.02086e-08  5.71986e-09  2.86921e-23  3.01508e-20  
1.68625e-14  1.62932e-06  3.69997e-18  5.20605e-31  2.02449e-05  5.93656e-07  0.00139256  1.03235e-16  1.5434e-23  6.34861e-13  
1.29882e-05  3.12874e-13  1.31803e-27  1.31695e-05  3.8598e-06  1.87893e-06  5.3289e-18  4.82775e-20  9.41629e-09  2.87314e-23  
1.62698e-06  3.3408e-17  6.41873e-25  4.88689e-06  2.78716e-07  2.74356e-07  2.55088e-07  1.10048e-13  2.68351e-15  1.78324e-06  
3.70568e-08  1.1289e-07  6.48203e-14  6.78605e-09  1.38663e-08  1.0453e-09  5.13556e-08  2.46754e-07  1.68019e-12  8.28254e-08  
1.95547e-09  4.9403e-09  1.7455e-08  1.91862e-09  3.63167e-09  2.13057e-07  3.01009e-09  5.39813e-09  1.08221e-09  8.96963e-09  
4.78469e-13  3.17916e-09  1.60961e-15  4.76126e-10  9.54788e-10  6.68265e-14  1.21779e-15  1.38453e-21  1.46839e-09  8.9221e-10  
5.51712e-09  4.13705e-09  1.61176e-08  1.13076e-09  4.38479e-08  4.92365e-09  9.13986e-09  7.53325e-08  1.44294e-07  1.8199e-09  
3.4557e-06  4.2378e-07  2.82985e-07  3.66393e-12  1.708e-09  5.44949e-08  2.43828e-09  7.55317e-08  1.96979e-08  7.60756e-08  
2.37043e-08  3.37531e-08  5.39402e-09  4.04585e-08  4.29289e-09  3.53674e-15  1.08079e-08  4.28151e-09  2.79187e-12  1.13766e-08  
2.41466e-09  1.33906e-08  1.15352e-16  8.22059e-11  2.0379e-09  2.94286e-17  2.30663e-09  3.56731e-09  6.87729e-14  4.21272e-09  
1.21844e-09  5.68028e-09  5.18687e-10  1.87852e-09  7.5288e-10  5.24222e-09  1.1547e-09  7.11754e-09  8.82225e-13  4.56956e-20  
9.53293e-10  2.48269e-11  1.76074e-11  4.19668e-09  1.45353e-09  1.05022e-08  6.07387e-10  3.92718e-16  6.54782e-09  1.38759e-09  
1.3172e-13  5.76304e-10  3.83079e-09  2.64538e-09  4.68388e-08  3.56698e-13  3.59202e-11  1.25549e-08  2.20122e-14  1.03636e-15  
1.39825e-08  3.51122e-09  5.38543e-09  1.84771e-09  7.07672e-09  3.17782e-13  1.53324e-10  5.33935e-12  5.95836e-12  2.01481e-13  
2.62631e-12  8.67311e-10  1.68514e-09  5.33695e-10  1.91079e-09  2.41257e-10  2.99723e-13  9.2277e-10  1.97444e-10  1.25456e-09  
2.08755e-10  6.75739e-10  1.69903e-10  7.7511e-10  1.52092e-10  9.67432e-10  5.45115e-14  2.41855e-22  2.41066e-10  3.29214e-12  
2.05915e-14  8.25057e-10  2.71229e-10  1.02545e-09  2.98231e-10  1.45212e-09  2.75642e-10  2.00218e-09  5.7474e-10  2.73528e-09  
7.82259e-10  4.3571e-09  3.08393e-10  5.38316e-10  1.97309e-10  1.04942e-09  3.52327e-10  2.00135e-09  2.61628e-10  3.39184e-17  
5.63632e-15  6.30884e-10  2.4626e-10  1.30497e-09  5.00798e-10  2.62963e-09  1.77987e-14  5.06409e-11  3.46869e-10  1.48694e-13  
1.76356e-10  7.82864e-15  1.21685e-11  8.97572e-10  3.10643e-10  2.74813e-09  2.20641e-09  4.21761e-08  5.20093e-09  1.87071e-08  
1.38927e-13  1.30434e-10  1.6908e-09  5.41498e-09  7.52017e-10  2.39173e-09  4.3899e-10  2.28709e-09  4.29954e-14  1.34156e-10  
2.63523e-11  2.00121e-15  2.30591e-10  6.82334e-10  9.63853e-11  4.75774e-10  6.60918e-11  4.26439e-10  3.15547e-12  9.07318e-13  
8.17155e-11  4.50046e-14  8.77552e-13  9.22658e-14  7.54816e-16  1.90247e-10  7.20164e-11  2.9807e-10  1.37936e-10  5.71191e-10  
2.67177e-15  1.41148e-11  1.21242e-10  3.63216e-14  3.53476e-16  2.08506e-10  9.34431e-11  4.23169e-10  1.79713e-10  8.96006e-10  
1.66559e-10  3.79781e-10  1.51645e-10  5.9041e-10  3.96436e-14  1.0835e-10  1.41097e-10  9.02737e-13  4.08973e-12  2.06958e-10  
2.12897e-10  6.40259e-10  2.78512e-10  1.34547e-09  1.75859e-10  1.32133e-10  2.85024e-14  5.51786e-17  1.42208e-10  6.90298e-10  
2.38993e-10  1.37666e-09  1.97138e-13  1.76202e-10  3.12528e-10  1.74369e-13  2.3969e-15  6.54474e-10  3.6669e-10  9.42933e-10  
3.95296e-13  3.49976e-10  1.69044e-10  1.70127e-14  7.60109e-11  4.03894e-10  1.12446e-10  7.28065e-10  1.45603e-10  7.60297e-10  
6.04588e-14  1.54694e-10  1.44708e-10  3.74992e-13  1.10489e-10  2.21269e-10  5.34764e-11  5.98579e-10  2.46373e-10  1.12261e-09  
3.65228e-10  1.27114e-09  5.4577e-10  1.81446e-09  7.36642e-10  3.16249e-09  1.51763e-09  1.01867e-10  8.38369e-10  1.74275e-09  
1.12555e-09  1.57356e-08  2.73542e-08  1.44295e-07  1.62613e-09  4.68715e-16  3.45821e-09  
1.93186e-22  5.08728e-18  7.91351e-29  0  0.184763  4.12365e-24  9.96993e-33  0  0.0181596  1.45533e-11  1.66221e-06  
7.3031e-16  7.61301e-10  3.97e-08  1.0771e-29  4.1648e-24  0.000657406  7.71686e-08  6.61395e-09  2.74097e-23  2.64457e-20  
2.54633e-14  1.62957e-06  3.12843e-18  6.19514e-31  2.0248e-05  5.94146e-07  0.00139256  8.58776e-17  1.36139e-23  2.91235e-13  
1.29894e-05  2.44434e-13  5.37468e-28  1.31697e-05  3.86403e-06  1.88072e-06  3.52891e-18  4.29771e-20  9.32631e-09  2.39851e-23  
1.62684e-06  2.61284e-17  5.62441e-25  4.88694e-06  2.78767e-07  2.74513e-07  2.55101e-07  8.66689e-14  2.04947e-15  1.78312e-06  
3.70554e-08  1.12896e-07  3.80942e-14  6.78841e-09  1.38629e-08  1.04649e-09  5.14119e-08  2.46697e-07  1.27962e-12  8.28511e-08  
1.93386e-09  4.94088e-09  1.74774e-08  1.91961e-09  3.63216e-09  2.13025e-07  3.01014e-09  5.40068e-09  1.08265e-09  8.96924e-09  
2.15519e-13  3.17964e-09  1.2781e-15  4.76116e-10  9.55225e-10  4.98182e-14  9.6922e-16  8.70448e-22  1.46846e-09  8.91882e-10  
5.51361e-09  4.1399e-09  1.6119e-08  1.13034e-09  4.38417e-08  4.92206e-09  9.1475e-09  7.6652e-08  1.44165e-07  5.40456e-10  
3.45506e-06  4.2403e-07  2.83375e-07  2.68998e-12  1.70777e-09  5.45383e-08  1.23434e-09  7.5464e-08  1.97093e-08  7.73172e-08  
2.3716e-08  3.37809e-08  5.21211e-09  4.04607e-08  4.48559e-09  2.86942e-15  1.08137e-08  4.27902e-09  1.04554e-12  1.13767e-08  
2.41505e-09  1.33931e-08  7.921e-17  8.21914e-11  2.03823e-09  1.92123e-17  2.30669e-09  3.56682e-09  5.45383e-14  4.21254e-09  
1.21824e-09  5.68057e-09  5.18643e-10  1.87858e-09  7.52784e-10  5.24206e-09  1.15472e-09  7.11771e-09  8.8331e-13  2.99571e-20  
9.53253e-10  2.46679e-11  1.75242e-11  4.19587e-09  1.4526e-09  1.05033e-08  4.29902e-10  2.93135e-16  6.54829e-09  1.56364e-09  
1.17493e-13  5.7634e-10  3.83358e-09  2.64509e-09  4.6838e-08  2.56005e-13  3.14649e-11  1.25565e-08  1.82293e-14  6.2403e-16  
1.3987e-08  3.5114e-09  5.38631e-09  1.84804e-09  7.07648e-09  2.13392e-13  1.53283e-10  5.30634e-12  5.92504e-12  1.1915e-13  
2.62068e-12  8.66132e-10  1.68658e-09  5.34078e-10  1.91083e-09  2.41288e-10  2.99526e-13  9.22637e-10  1.97475e-10  1.25444e-09  
2.08878e-10  6.75637e-10  1.69992e-10  7.74974e-10  1.52157e-10  9.67353e-10  6.67052e-14  2.29289e-22  2.4123e-10  3.27663e-12  
6.11875e-15  8.24894e-10  2.71336e-10  1.02538e-09  2.98312e-10  1.45218e-09  2.75743e-10  2.0023e-09  5.7477e-10  2.73548e-09  
7.82396e-10  4.35735e-09  3.0847e-10  5.38225e-10  1.97325e-10  1.04934e-09  3.52348e-10  2.00124e-09  2.61651e-10  2.25587e-17  
7.87962e-16  6.30873e-10  2.46278e-10  1.30485e-09  5.00691e-10  2.62966e-09  1.41443e-14  5.0616e-11  3.46771e-10  9.46856e-14  
1.7563e-10  6.1987e-15  1.07208e-11  8.9834e-10  3.1078e-10  2.74819e-09  2.20789e-09  4.21761e-08  5.20094e-09  1.87062e-08  
1.0657e-13  1.30346e-10  1.69077e-09  5.41541e-09  7.5194e-10  2.39193e-09  4.38805e-10  2.28707e-09  3.40884e-14  1.33681e-10  
8.82972e-12  5.32826e-16  2.46717e-10  6.84715e-10  9.63025e-11  4.7544e-10  6.35525e-11  4.26203e-10  5.3753e-12  9.93696e-13  
8.17583e-11  2.99459e-14  3.02835e-13  1.63417e-13  6.03671e-16  1.90618e-10  7.2417e-11  2.98262e-10  1.37838e-10  5.71232e-10  
2.08648e-15  1.40539e-11  1.21152e-10  2.46598e-14  2.75341e-16  2.0874e-10  9.33296e-11  4.23169e-10  1.79503e-10  8.95886e-10  
1.66456e-10  3.7982e-10  1.51494e-10  5.90561e-10  3.14225e-14  1.07834e-10  1.40886e-10  4.62149e-13  8.3567e-13  2.08781e-10  
2.14059e-10  6.41383e-10  2.7866e-10  1.34565e-09  1.75758e-10  1.32099e-10  2.2655e-14  5.43042e-17  1.42128e-10  6.90382e-10  
2.38865e-10  1.37687e-09  1.45656e-13  1.74701e-10  3.11627e-10  1.41436e-13  1.88007e-15  6.57321e-10  3.66571e-10  9.42853e-10  
2.51914e-13  3.48578e-10  1.68516e-10  1.34087e-14  7.57391e-11  4.05434e-10  1.12932e-10  7.28765e-10  1.45533e-10  7.60278e-10  
4.78313e-14  1.5384e-10  1.44543e-10  2.41754e-13  1.12756e-10  2.23151e-10  5.0554e-11  5.98268e-10  2.46291e-10  1.12254e-09  
3.6503e-10  1.2715e-09  5.45835e-10  1.81469e-09  7.36528e-10  3.16253e-09  1.51726e-09  4.21944e-11  8.37643e-10  1.80378e-09  
1.12584e-09  1.57344e-08  2.73532e-08  1.44301e-07  1.6267e-09  3.74953e-16  3.45833e-09  
3.86196e-23  2.92824e-18  8.33048e-30  0  0.184706  4.11577e-24  7.65193e-35  0  0.018178  5.47069e-12  1.66027e-06  
1.30329e-16  1.48891e-09  3.92825e-08  1.28579e-31  8.94861e-25  0.000658005  7.59685e-08  7.29042e-09  4.15298e-24  4.8995e-21  
5.5604e-15  1.62965e-06  4.63077e-19  1.0915e-32  2.02492e-05  5.94338e-07  0.00139256  1.30071e-17  2.15741e-24  1.06356e-13  
1.29898e-05  1.82568e-14  2.92056e-29  1.31698e-05  3.86502e-06  1.88123e-06  4.13997e-19  6.233e-21  9.2988e-09  2.05263e-24  
1.62679e-06  3.85175e-18  7.6992e-26  4.88695e-06  2.78781e-07  2.74561e-07  2.55106e-07  5.56274e-15  1.27933e-16  1.78308e-06  
3.70537e-08  1.12898e-07  3.94675e-15  6.78912e-09  1.38619e-08  1.04687e-09  5.14303e-08  2.4668e-07  1.00173e-13  8.2859e-08  
1.90682e-09  4.94106e-09  1.75047e-08  1.91991e-09  3.63239e-09  2.13015e-07  3.01006e-09  5.40148e-09  1.08278e-09  8.96913e-09  
3.03391e-14  3.17981e-09  8.47243e-17  4.76113e-10  9.55454e-10  4.18574e-15  6.32589e-17  3.95067e-24  1.46851e-09  8.91774e-10  
5.51253e-09  4.14078e-09  1.61194e-08  1.13019e-09  4.38399e-08  4.92146e-09  9.14992e-09  7.70577e-08  1.44125e-07  1.47128e-10  
3.45487e-06  4.24099e-07  2.83496e-07  2.24117e-13  1.7077e-09  5.45543e-08  5.92383e-10  7.54433e-08  1.97116e-08  7.79712e-08  
2.37192e-08  3.37895e-08  5.01211e-09  4.04614e-08  4.68906e-09  2.23136e-16  1.08159e-08  4.2783e-09  1.7492e-13  1.13768e-08  
2.41517e-09  1.33939e-08  8.0164e-18  8.21868e-11  2.03836e-09  2.17964e-18  2.30674e-09  3.56666e-09  3.62948e-15  4.21249e-09  
1.21817e-09  5.68068e-09  5.18625e-10  1.87861e-09  7.52752e-10  5.24201e-09  1.15471e-09  7.11776e-09  8.94858e-13  3.5791e-21  
9.53236e-10  2.46188e-11  1.74989e-11  4.19566e-09  1.45225e-09  1.05036e-08  2.9672e-10  2.35284e-17  6.54837e-09  1.69616e-09  
8.9259e-15  5.76349e-10  3.83479e-09  2.645e-09  4.68378e-08  2.28051e-14  2.73615e-11  1.25572e-08  7.62657e-15  5.10064e-17  
1.39911e-08  3.51144e-09  5.38659e-09  1.84814e-09  7.07642e-09  2.05664e-14  1.5327e-10  5.29961e-12  5.9141e-12  1.4054e-14  
2.61978e-12  8.66004e-10  1.68702e-09  5.34205e-10  1.91084e-09  2.413e-10  3.0275e-13  9.22592e-10  1.9749e-10  1.2544e-09  
2.08929e-10  6.75596e-10  1.70029e-10  7.74923e-10  1.52176e-10  9.67319e-10  8.0125e-14  3.94402e-23  2.41294e-10  3.27191e-12  
1.30894e-15  8.24828e-10  2.71378e-10  1.02534e-09  2.98343e-10  1.45219e-09  2.75781e-10  2.00233e-09  5.74782e-10  2.73553e-09  
7.82446e-10  4.35741e-09  3.08502e-10  5.3819e-10  1.97333e-10  1.04932e-09  3.52357e-10  2.00121e-09  2.61661e-10  2.27421e-18  
6.85833e-17  6.3087e-10  2.46286e-10  1.30481e-09  5.00652e-10  2.62968e-09  9.46355e-16  5.06084e-11  3.46753e-10  6.53711e-15  
1.75402e-10  4.24272e-16  9.37804e-12  8.98656e-10  3.10818e-10  2.74822e-09  2.20924e-09  4.21761e-08  5.20095e-09  1.87059e-08  
8.16561e-15  1.30319e-10  1.69083e-09  5.41556e-09  7.51907e-10  2.39201e-09  4.38734e-10  2.28708e-09  2.2582e-15  1.33535e-10  
2.60377e-12  1.06185e-17  2.52514e-10  6.85468e-10  9.62647e-11  4.75352e-10  6.08592e-11  4.26242e-10  7.93328e-12  8.87881e-13  
8.17706e-11  1.87396e-15  1.0073e-13  2.41832e-13  1.5109e-16  1.90755e-10  7.25665e-11  2.98328e-10  1.37795e-10  5.71257e-10  
1.47404e-16  1.40353e-11  1.21124e-10  1.54381e-15  1.76089e-17  2.08835e-10  9.32835e-11  4.23183e-10  1.79426e-10  8.95858e-10  
1.66418e-10  3.79838e-10  1.51433e-10  5.90626e-10  2.05852e-15  1.07676e-10  1.40836e-10  6.03525e-14  1.63061e-13  2.09619e-10  
2.14093e-10  6.41723e-10  2.78691e-10  1.34572e-09  1.75718e-10  1.32088e-10  1.51839e-15  5.40499e-17  1.42125e-10  6.90418e-10  
2.38813e-10  1.37695e-09  1.18757e-14  1.73574e-10  3.11453e-10  2.70347e-14  1.21804e-16  6.58977e-10  3.66529e-10  9.42832e-10  
2.59891e-14  3.4815e-10  1.68556e-10  8.72483e-16  7.56558e-11  4.05899e-10  1.13072e-10  7.28991e-10  1.45499e-10  7.60282e-10  
3.22642e-15  1.53589e-10  1.44521e-10  2.51081e-14  1.16147e-10  2.23906e-10  4.69706e-11  5.98165e-10  2.46263e-10  1.12251e-09  
3.64954e-10  1.27162e-09  5.45852e-10  1.81477e-09  7.36485e-10  3.16257e-09  1.51711e-09  1.61937e-11  8.37363e-10  1.83025e-09  
1.12595e-09  1.57341e-08  2.7353e-08  1.44303e-07  1.62686e-09  2.64074e-17  3.45836e-09  
  15 1.31121e+09 1.31121e+09 1.73585 0.642031 91353 188.36 0.019816
5.35211e-25  2.2018e-18  1.02949e-29  0  0.182062  2.78845e-24  4.84892e-38  0  0.016878  3.41646e-11  3.30006e-06  
3.85485e-17  0.00155657  8.41656e-08  3.85625e-33  4.90225e-20  0.00104055  2.68141e-06  1.56223e-07  5.37712e-23  2.50318e-21  
3.03703e-13  1.24e-06  2.43298e-19  3.71567e-32  2.01829e-05  5.15952e-07  0.00127666  8.45998e-18  2.93355e-25  1.20187e-15  
3.36745e-05  9.52558e-15  1.95222e-32  2.2225e-05  3.52923e-06  2.78313e-06  2.83758e-19  4.35292e-22  1.92912e-08  3.42077e-26  
1.39122e-06  2.45345e-18  3.73817e-27  5.00376e-06  2.56515e-07  2.68476e-07  4.41704e-07  2.59053e-15  3.04037e-17  1.72738e-06  
3.11735e-08  1.15212e-07  7.17878e-16  1.10264e-08  1.22242e-08  7.42749e-10  6.0991e-08  2.14663e-07  3.19182e-14  8.75712e-08  
2.84051e-13  9.38529e-09  2.23046e-08  2.18453e-09  5.27564e-09  1.86568e-07  1.41362e-09  6.97747e-09  1.32461e-09  1.2289e-08  
5.3512e-15  5.88469e-09  5.03667e-17  4.42611e-10  1.12672e-09  1.60505e-15  3.71233e-17  1.34678e-24  2.16521e-09  1.09217e-09  
5.76331e-09  4.6129e-09  3.04004e-08  1.20357e-09  4.18281e-08  4.29614e-09  1.04083e-08  6.48591e-08  1.27876e-07  1.17337e-12  
3.05342e-06  3.50424e-07  2.72064e-07  6.96046e-14  1.3474e-09  6.51152e-08  9.35754e-13  6.78051e-08  7.013e-09  8.64475e-08  
2.48126e-08  3.99128e-08  1.1751e-12  8.40745e-08  1.42428e-08  2.85254e-16  2.05326e-08  8.06092e-09  3.22284e-14  2.3161e-08  
4.83092e-09  2.62736e-08  8.95804e-18  1.36082e-10  4.96615e-09  2.91708e-18  4.67415e-09  8.06923e-09  2.76164e-15  8.43379e-09  
2.2371e-09  1.06096e-08  9.28993e-10  3.65095e-09  1.41582e-09  8.93711e-09  1.69703e-09  1.13964e-08  2.25856e-10  7.3802e-19  
1.4709e-09  3.20832e-11  1.43464e-11  7.14164e-09  1.80766e-09  1.49424e-08  1.12488e-13  1.73904e-17  1.31937e-08  2.31625e-09  
5.46244e-15  6.70559e-10  5.72822e-09  3.73999e-09  7.25792e-08  1.14696e-14  9.01216e-20  1.92218e-08  5.30632e-16  3.95004e-21  
2.39759e-08  5.44152e-09  8.97371e-09  2.97604e-09  1.33175e-08  1.02598e-14  1.23903e-10  8.1356e-11  1.2371e-12  5.33427e-15  
8.2479e-12  1.39276e-09  2.86519e-09  1.02425e-09  3.56075e-09  4.16939e-10  7.20835e-11  1.77152e-09  3.89504e-10  2.28607e-09  
4.43374e-10  1.28851e-09  3.48641e-10  1.43505e-09  2.98826e-10  1.79728e-09  1.47053e-11  5.6941e-21  5.14085e-10  3.08473e-12  
9.66191e-17  1.49613e-09  5.44627e-10  1.84638e-09  5.94951e-10  2.66531e-09  5.51206e-10  3.74325e-09  1.18107e-09  4.95889e-09  
1.59568e-09  8.28082e-09  7.01763e-10  1.08645e-09  4.13991e-10  2.06738e-09  7.38271e-10  3.89037e-09  5.29246e-10  2.33845e-18  
7.71991e-22  1.2992e-09  5.2474e-10  2.65451e-09  9.33254e-10  5.18852e-09  6.61598e-16  4.02642e-11  6.6469e-10  8.29634e-15  
1.31614e-10  1.62063e-16  1.24578e-20  2.07082e-09  6.73912e-10  5.24393e-09  4.34327e-09  8.77231e-08  1.09361e-08  4.1301e-08  
3.70943e-15  1.03469e-10  3.29695e-09  1.21785e-08  1.5182e-09  5.34865e-09  9.05258e-10  5.45036e-09  1.21853e-15  1.02058e-10  
4.62174e-14  1.03133e-19  4.53931e-10  1.80057e-09  2.00707e-10  1.07954e-09  1.8493e-13  8.06348e-10  1.12892e-10  1.47498e-13  
1.77895e-10  2.83036e-15  2.4006e-18  6.65311e-11  1.41569e-15  4.38076e-10  1.65048e-10  7.25339e-10  3.00685e-10  1.37318e-09  
8.60263e-17  1.06752e-11  2.79636e-10  1.94876e-15  6.68385e-18  5.15738e-10  2.10756e-10  1.02926e-09  3.94108e-10  2.07339e-09  
3.6803e-10  8.73006e-10  3.07424e-10  1.42558e-09  1.09978e-15  8.32212e-11  3.13866e-10  1.33931e-14  3.47627e-15  5.94681e-10  
4.18557e-10  1.45185e-09  5.94151e-10  3.14663e-09  3.7328e-10  2.78382e-10  8.24019e-16  8.35903e-16  3.0574e-10  1.53876e-09  
4.9954e-10  3.24151e-09  4.77884e-15  2.89762e-11  5.77145e-10  4.4395e-15  7.8134e-18  1.87516e-09  8.23255e-10  2.06022e-09  
8.01353e-15  3.74907e-10  3.89161e-10  4.5482e-16  7.78059e-11  1.06712e-09  3.0795e-10  1.76293e-09  3.23087e-10  1.84685e-09  
1.71804e-15  1.75226e-10  3.14432e-10  7.96702e-15  4.0838e-10  7.58028e-10  1.06909e-13  1.41957e-09  5.81088e-10  2.57508e-09  
7.33756e-10  2.65691e-09  1.14492e-09  4.22555e-09  1.64454e-09  7.67204e-09  3.06477e-09  6.99501e-14  7.23084e-10  4.64615e-09  
3.0631e-09  3.79304e-08  6.2661e-08  2.4579e-07  2.18278e-09  1.45159e-17  5.24438e-09  
4.83678e-25  1.36481e-16  2.59351e-28  1.97796e-36  0.188018  2.54558e-24  1.08455e-32  0  0.016137  4.53063e-11  2.0704e-06  
1.46523e-15  0.000906751  6.42729e-08  7.1867e-30  1.19324e-18  0.00086991  1.80971e-06  4.04258e-06  1.16523e-21  5.13455e-20  
1.85821e-10  1.17366e-06  1.80595e-19  1.0308e-27  2.06322e-05  4.76429e-07  0.0011514  6.71765e-18  1.21219e-23  1.01783e-13  
2.19004e-05  1.95191e-14  9.23522e-29  1.8858e-05  3.16654e-06  2.32007e-06  3.33312e-19  2.45817e-20  3.35314e-08  1.60566e-24  
1.45048e-06  2.1548e-18  5.37403e-25  4.95649e-06  2.57369e-07  2.57171e-07  3.67195e-07  3.59399e-15  3.46549e-17  1.76123e-06  
3.02075e-08  1.11803e-07  9.23717e-16  9.12328e-09  1.3115e-08  7.21548e-10  5.46613e-08  2.31854e-07  3.84665e-14  8.43773e-08  
6.81154e-13  7.67533e-09  2.13594e-08  1.95803e-09  4.83257e-09  1.99457e-07  1.48595e-09  6.2326e-09  1.19058e-09  1.11727e-08  
7.74694e-15  4.85399e-09  6.74511e-17  4.56907e-10  1.00488e-09  1.89569e-15  4.95662e-17  2.06077e-24  1.94338e-09  1.02772e-09  
6.01038e-09  4.15765e-09  2.44727e-08  1.17237e-09  4.31377e-08  4.45934e-09  9.3052e-09  6.64275e-08  1.45216e-07  2.57915e-12  
3.27588e-06  3.37699e-07  2.46362e-07  7.82327e-14  1.24667e-09  5.92811e-08  2.3079e-12  7.78293e-08  7.04594e-09  8.22974e-08  
2.25735e-08  3.56253e-08  3.14239e-12  7.00853e-08  1.23264e-08  3.59571e-16  1.72206e-08  6.98664e-09  5.35963e-14  1.94078e-08  
4.0479e-09  2.20865e-08  1.11606e-17  1.20266e-10  4.11288e-09  3.63057e-18  3.92387e-09  6.71853e-09  3.59796e-15  7.10606e-09  
1.89793e-09  9.02831e-09  7.93486e-10  3.1039e-09  1.2074e-09  7.7032e-09  1.45353e-09  9.95018e-09  2.08392e-10  6.99805e-19  
1.28933e-09  2.90486e-11  1.31606e-11  6.25174e-09  1.61781e-09  1.33397e-08  3.33732e-13  1.89464e-17  1.047e-08  2.09445e-09  
5.77457e-15  5.73712e-10  5.1197e-09  3.35953e-09  6.51317e-08  1.2433e-14  5.67103e-19  1.7232e-08  5.65832e-16  5.08256e-21  
2.1311e-08  4.85015e-09  7.95355e-09  2.63314e-09  1.16756e-08  1.17937e-14  1.14597e-10  7.52436e-11  1.08543e-12  6.32098e-15  
7.51953e-12  1.2299e-09  2.51872e-09  8.94243e-10  3.11019e-09  3.59231e-10  6.59538e-11  1.54381e-09  3.38949e-10  1.99447e-09  
3.83598e-10  1.12061e-09  3.02056e-10  1.24875e-09  2.56999e-10  1.56121e-09  1.42738e-11  4.52615e-21  4.43214e-10  2.97792e-12  
1.53767e-16  1.30005e-09  4.70334e-10  1.60237e-09  5.13017e-10  2.30564e-09  4.74233e-10  3.22492e-09  1.01116e-09  4.26078e-09  
1.35945e-09  7.03491e-09  5.88977e-10  9.18259e-10  3.489e-10  1.74565e-09  6.20318e-10  3.27286e-09  4.43809e-10  2.81434e-18  
2.68495e-21  1.08685e-09  4.37858e-10  2.21516e-09  7.83261e-10  4.30924e-09  8.56818e-16  3.74501e-11  5.52945e-10  1.0807e-14  
1.22331e-10  1.63453e-16  7.33182e-20  1.69472e-09  5.54289e-10  4.32413e-09  3.55653e-09  6.8443e-08  8.49012e-09  3.16755e-08  
6.25953e-15  9.55018e-11  2.56555e-09  9.30374e-09  1.17468e-09  4.08626e-09  6.98069e-10  4.13303e-09  2.14333e-15  9.49587e-11  
1.66278e-13  3.96717e-19  3.56124e-10  1.3525e-09  1.54404e-10  8.22745e-10  6.50133e-13  6.28655e-10  8.80016e-11  5.70081e-13  
1.36262e-10  4.49383e-15  1.5391e-17  4.57962e-11  6.05499e-15  3.3352e-10  1.25692e-10  5.48646e-10  2.30063e-10  1.04001e-09  
1.53025e-16  9.96823e-12  2.1266e-10  3.1928e-15  6.792e-18  3.8955e-10  1.60565e-10  7.78534e-10  3.01326e-10  1.57646e-09  
2.81182e-10  6.64316e-10  2.37251e-10  1.0789e-09  1.95519e-15  7.71683e-11  2.39416e-10  2.57299e-14  5.8838e-15  4.43454e-10  
3.2385e-10  1.1069e-09  4.55954e-10  2.38892e-09  2.86463e-10  2.13939e-10  1.3727e-15  1.61935e-15  2.34371e-10  1.17452e-09  
3.83984e-10  2.45873e-09  8.48682e-15  2.40271e-11  4.50422e-10  6.79923e-15  9.01706e-18  1.42497e-09  6.27976e-10  1.57597e-09  
1.41835e-14  3.21003e-10  2.95584e-10  7.99266e-16  6.73226e-11  8.004e-10  2.3018e-10  1.33329e-09  2.46517e-10  1.39602e-09  
3.04749e-15  1.48246e-10  2.40501e-10  1.40577e-14  3.07261e-10  5.56416e-10  4.99139e-13  1.07575e-09  4.40752e-10  1.95922e-09  
5.67078e-10  2.0436e-09  8.80004e-10  3.20877e-09  1.25477e-09  5.80167e-09  2.36733e-09  2.53562e-13  6.52912e-10  3.50077e-09  
2.28918e-09  2.87657e-08  4.79686e-08  1.97714e-07  1.82179e-09  1.82926e-17  4.31357e-09  
1.76633e-23  3.1388e-17  1.32338e-28  7.28274e-40  0.190297  2.38182e-24  1.05989e-33  0  0.0155882  4.2898e-10  1.95618e-06  
1.23846e-14  0.000856292  6.45799e-08  5.71238e-28  1.65467e-17  0.00083187  1.68072e-06  1.74483e-05  1.70483e-19  5.08536e-19  
1.07621e-09  1.11052e-06  5.82646e-18  6.3643e-26  2.08371e-05  4.51243e-07  0.00108777  2.05261e-16  1.38571e-22  1.05462e-13  
2.07901e-05  4.7555e-13  1.31941e-27  1.81038e-05  2.99775e-06  2.19454e-06  9.77934e-18  3.59054e-19  4.38574e-08  2.98862e-23  
1.46843e-06  7.39326e-17  1.49252e-23  4.94251e-06  2.56419e-07  2.52019e-07  3.47559e-07  8.03009e-14  7.57971e-16  1.77267e-06  
2.94092e-08  1.10513e-07  1.35561e-14  8.60293e-09  1.34038e-08  7.0755e-10  5.22988e-08  2.37349e-07  8.06866e-13  8.30654e-08  
1.56087e-12  7.21178e-09  2.10412e-08  1.86725e-09  4.63736e-09  2.03437e-07  1.5126e-09  5.9801e-09  1.14254e-09  1.08409e-08  
7.84872e-14  4.55952e-09  1.60529e-15  4.6076e-10  9.58813e-10  3.2366e-14  1.13651e-15  1.05578e-21  1.88086e-09  1.00962e-09  
6.12638e-09  3.98619e-09  2.30158e-08  1.16667e-09  4.36454e-08  4.49221e-09  8.9473e-09  6.63651e-08  1.5168e-07  1.03493e-11  
3.34783e-06  3.27826e-07  2.34594e-07  1.30957e-12  1.18437e-09  5.66426e-08  5.97615e-12  8.16854e-08  6.99122e-09  8.08619e-08  
2.16314e-08  3.40705e-08  6.62752e-12  6.58937e-08  1.17317e-08  8.87326e-15  1.62302e-08  6.71702e-09  4.18378e-13  1.83028e-08  
3.81443e-09  2.07939e-08  2.73598e-16  1.15015e-10  3.86283e-09  9.51371e-17  3.6851e-09  6.30592e-09  7.85807e-14  6.6755e-09  
1.78391e-09  8.48612e-09  7.46118e-10  2.91561e-09  1.13435e-09  7.23999e-09  1.36513e-09  9.35802e-09  1.96537e-10  1.8524e-17  
1.21314e-09  2.8657e-11  1.28047e-11  5.87412e-09  1.52388e-09  1.25557e-08  7.67414e-13  4.64926e-16  9.82869e-09  1.97316e-09  
1.16688e-13  5.41613e-10  4.81616e-09  3.1601e-09  6.12115e-08  1.96367e-13  5.82042e-18  1.61974e-08  1.33537e-14  1.62562e-18  
2.00135e-08  4.55851e-09  7.4715e-09  2.47331e-09  1.09573e-08  1.70967e-13  1.08772e-10  7.10838e-11  1.16291e-12  6.65989e-14  
7.20758e-12  1.15504e-09  2.36616e-09  8.39396e-10  2.91936e-09  3.36877e-10  6.20714e-11  1.44865e-09  3.18046e-10  1.87235e-09  
3.59828e-10  1.05166e-09  2.83398e-10  1.17215e-09  2.40789e-10  1.46531e-09  1.37651e-11  1.38747e-19  4.15741e-10  2.91837e-12  
7.99642e-16  1.22045e-09  4.41317e-10  1.50443e-09  4.81369e-10  2.16453e-09  4.44996e-10  3.02721e-09  9.48566e-10  4.00064e-09  
1.27548e-09  6.60355e-09  5.52255e-10  8.61548e-10  3.27281e-10  1.63817e-09  5.81927e-10  3.07184e-09  4.16517e-10  7.26641e-17  
1.71124e-19  1.01983e-09  4.10845e-10  2.07866e-09  7.35462e-10  4.04475e-09  1.98534e-14  3.56305e-11  5.19069e-10  1.41242e-13  
1.15665e-10  3.4776e-15  9.87743e-19  1.58912e-09  5.20008e-10  4.0596e-09  3.33851e-09  6.42283e-08  7.96683e-09  2.97126e-08  
1.1315e-13  9.05145e-11  2.40849e-09  8.72644e-09  1.10251e-09  3.83293e-09  6.55003e-10  3.87513e-09  4.70174e-14  8.983e-11  
5.36668e-13  3.00703e-17  3.33722e-10  1.26803e-09  1.44882e-10  7.71547e-10  1.4828e-12  5.89616e-10  8.1329e-11  1.33403e-12  
1.27835e-10  7.88005e-14  3.70845e-16  4.2904e-11  4.5794e-14  3.12821e-10  1.17869e-10  5.14441e-10  2.15788e-10  9.75088e-10  
3.72485e-15  9.43862e-12  1.99409e-10  6.19406e-14  1.73252e-16  3.65159e-10  1.50552e-10  7.29899e-10  2.82583e-10  1.47832e-09  
2.63711e-10  6.23023e-10  2.22617e-10  1.01157e-09  4.37692e-14  7.29421e-11  2.24439e-10  2.74575e-13  2.33977e-14  4.15536e-10  
3.03558e-10  1.03832e-09  4.27799e-10  2.24015e-09  2.68736e-10  2.00714e-10  3.11923e-14  2.00686e-15  2.19819e-10  1.10175e-09  
3.6023e-10  2.30552e-09  1.43317e-13  2.23954e-11  4.22577e-10  1.16354e-13  2.17297e-16  1.33661e-09  5.89087e-10  1.47839e-09  
1.92798e-13  3.02509e-10  2.7689e-10  1.90326e-14  6.34813e-11  7.50373e-10  2.1576e-10  1.25023e-09  2.31192e-10  1.30876e-09  
6.39134e-14  1.39599e-10  2.25492e-10  1.91911e-13  2.87305e-10  5.21067e-10  1.20459e-12  1.00848e-09  4.13268e-10  1.83744e-09  
5.32182e-10  1.9178e-09  8.25764e-10  3.00896e-09  1.17683e-09  5.43881e-09  2.22152e-09  7.31691e-13  6.17532e-10  3.28115e-09  
2.14464e-09  2.69655e-08  4.49803e-08  1.85821e-07  1.71602e-09  4.15544e-16  4.05866e-09  
4.56544e-24  2.59189e-14  2.50041e-24  9.56607e-30  0.196628  4.23378e-24  1.76157e-26  1.64466e-38  0.0139184  8.30619e-08  1.78234e-06  
1.60733e-15  0.000784296  6.76668e-08  1.06737e-29  3.91963e-18  0.000736191  1.46128e-06  3.21703e-05  8.35756e-20  6.14036e-20  
2.95673e-09  9.76049e-07  1.29214e-18  2.06964e-26  2.12638e-05  3.97239e-07  0.000955598  4.52085e-17  4.75087e-23  1.82759e-13  
1.86708e-05  1.1177e-13  3.33092e-28  1.66844e-05  2.6491e-06  1.94711e-06  2.45679e-18  4.77156e-20  8.10476e-08  4.89465e-24  
1.51265e-06  1.82923e-17  3.38707e-24  4.91545e-06  2.54179e-07  2.41094e-07  3.10096e-07  2.93367e-14  3.67452e-16  1.79545e-06  
2.77146e-08  1.07895e-07  1.18218e-14  7.59918e-09  1.39924e-08  6.59373e-10  4.72884e-08  2.48429e-07  4.51907e-13  8.03948e-08  
4.41183e-12  6.33223e-09  2.04309e-08  1.67117e-09  4.22767e-09  2.11333e-07  1.51305e-09  5.4799e-09  1.04839e-09  1.02166e-08  
9.62528e-14  3.99871e-09  4.30794e-16  4.68181e-10  8.65556e-10  1.85635e-14  3.38749e-16  9.93728e-23  1.76475e-09  9.80842e-10  
6.38641e-09  3.62062e-09  2.0246e-08  1.16467e-09  4.46689e-08  4.58718e-09  8.17055e-09  6.5275e-08  1.65916e-07  3.11857e-11  
3.49088e-06  3.04758e-07  2.09504e-07  7.75038e-13  1.05162e-09  5.1173e-08  1.63864e-11  8.98143e-08  6.65954e-09  7.80904e-08  
1.95999e-08  3.09609e-08  1.48326e-11  5.80125e-08  1.0561e-08  2.09724e-15  1.4347e-08  6.23173e-09  6.62763e-13  1.62345e-08  
3.37469e-09  1.8358e-08  6.45167e-17  1.05255e-10  3.39716e-09  2.29366e-17  3.23609e-09  5.53539e-09  2.58701e-14  5.86491e-09  
1.56792e-09  7.45938e-09  6.56404e-10  2.55949e-09  9.96214e-10  6.35551e-09  1.19698e-09  8.22198e-09  1.73088e-10  4.45278e-18  
1.06648e-09  2.79352e-11  1.18632e-11  5.15302e-09  1.33973e-09  1.10329e-08  1.93502e-12  1.09763e-16  8.61547e-09  1.73294e-09  
4.59116e-14  4.77185e-10  4.22799e-09  2.77288e-09  5.36775e-08  1.22087e-13  5.86109e-17  1.42061e-08  3.32301e-15  8.89001e-19  
1.75427e-08  3.99783e-09  6.55065e-09  2.1681e-09  9.60022e-09  1.18959e-13  9.63855e-11  6.27633e-11  1.33943e-12  7.04082e-14  
6.51822e-12  1.01249e-09  2.07483e-09  7.35672e-10  2.55834e-09  2.95229e-10  5.43746e-11  1.26912e-09  2.78677e-10  1.64099e-09  
3.1521e-10  9.21521e-10  2.48307e-10  1.02727e-09  2.10859e-10  1.28395e-09  1.22239e-11  3.26849e-20  3.64175e-10  2.72563e-12  
1.83319e-15  1.0696e-09  3.86646e-10  1.3186e-09  4.21722e-10  1.89707e-09  3.89884e-10  2.65292e-09  8.30909e-10  3.50673e-09  
1.11746e-09  5.78725e-09  4.83602e-10  7.54828e-10  2.86673e-10  1.43538e-09  5.09814e-10  2.69204e-09  3.65172e-10  1.75158e-17  
1.15672e-18  8.93699e-10  3.60242e-10  1.82153e-09  6.44945e-10  3.54499e-09  5.39182e-15  3.17495e-11  4.55012e-10  8.69917e-14  
1.01723e-10  1.1914e-15  1.05862e-17  1.39191e-09  4.55632e-10  3.558e-09  2.92583e-09  5.62642e-08  6.97859e-09  2.60184e-08  
5.71499e-14  7.98969e-11  2.11026e-09  7.64099e-09  9.65789e-10  3.35633e-09  5.73629e-10  3.39223e-09  1.52751e-14  7.90083e-11  
1.5592e-12  2.78399e-17  2.91048e-10  1.11031e-09  1.26942e-10  6.75389e-10  3.24006e-12  5.15075e-10  6.86978e-11  3.15561e-12  
1.12053e-10  2.73177e-14  3.18674e-15  3.73969e-11  6.93963e-14  2.74046e-10  1.03172e-10  4.50402e-10  1.88965e-10  8.53565e-10  
8.83687e-16  8.32749e-12  1.74585e-10  1.80759e-14  4.7034e-17  3.19702e-10  1.31796e-10  6.38946e-10  2.47402e-10  1.29421e-09  
2.30885e-10  5.455e-10  1.94993e-10  8.85477e-10  1.36088e-14  6.4096e-11  1.96469e-10  2.7853e-13  6.19265e-14  3.63944e-10  
2.65394e-10  9.09299e-10  3.7468e-10  1.96115e-09  2.35345e-10  1.75756e-10  8.83283e-15  3.58182e-15  1.92463e-10  9.64771e-10  
3.15415e-10  2.01828e-09  8.22845e-14  1.96608e-11  3.70073e-10  5.66338e-14  5.80797e-17  1.17035e-09  5.15897e-10  1.29456e-09  
1.44571e-13  2.6544e-10  2.42231e-10  4.96442e-15  5.57273e-11  6.57072e-10  1.8891e-10  1.09462e-09  2.0242e-10  1.14559e-09  
2.33474e-14  1.22492e-10  1.97474e-10  1.42472e-13  2.49885e-10  4.56158e-10  2.75151e-12  8.82741e-10  3.61854e-10  1.60887e-09  
4.66161e-10  1.6798e-09  7.23214e-10  2.63411e-09  1.03028e-09  4.76028e-09  1.94544e-09  1.99691e-12  5.43455e-10  2.87061e-09  
1.87636e-09  2.35993e-08  3.9373e-08  1.6296e-07  1.50736e-09  1.10345e-16  3.56313e-09  
3.53619e-21  2.20912e-16  1.03841e-25  3.3504e-34  0.201499  4.79102e-24  8.1093e-29  0  0.0126633  7.54425e-08  1.77508e-06  
2.32488e-13  0.000645089  2.90284e-07  2.26887e-25  9.70068e-16  0.000649918  1.26137e-06  0.000118784  2.19569e-16  1.04056e-17  
7.84071e-08  8.56478e-07  7.53894e-16  1.42158e-22  2.16646e-05  3.4986e-07  0.000839091  2.52565e-14  4.54195e-21  1.05281e-12  
1.67271e-05  7.69717e-11  5.84267e-25  1.54068e-05  2.34121e-06  1.71592e-06  1.60061e-15  1.44793e-17  1.47141e-07  2.73343e-21  
1.56476e-06  1.31354e-14  2.10663e-21  4.89093e-06  2.52431e-07  2.31607e-07  2.76552e-07  6.69666e-12  6.48759e-14  1.81555e-06  
2.63398e-08  1.05571e-07  1.02054e-12  6.70896e-09  1.45324e-08  5.97674e-10  4.25323e-08  2.58534e-07  5.79512e-11  7.80278e-08  
4.26708e-11  5.54854e-09  1.98438e-08  1.48304e-09  3.8502e-09  2.18446e-07  1.45456e-09  5.03451e-09  9.67275e-10  9.6585e-09  
5.57026e-12  3.49837e-09  2.12944e-13  4.74817e-10  7.76248e-10  1.76475e-12  9.80678e-14  1.59156e-17  1.66105e-09  9.61685e-10  
6.62299e-09  3.2813e-09  1.77806e-08  1.17479e-09  4.5578e-08  4.72793e-09  7.41293e-09  6.25196e-08  1.79882e-07  8.15559e-10  
3.61874e-06  2.82801e-07  1.87601e-07  7.30595e-11  9.31975e-10  4.62787e-08  2.92267e-10  9.72042e-08  6.2467e-09  7.55316e-08  
1.76626e-08  2.82902e-08  1.65838e-10  5.09897e-08  9.34399e-09  1.43923e-12  1.26561e-08  5.81313e-09  2.85067e-11  1.43912e-08  
2.98544e-09  1.6205e-08  3.42733e-14  9.66457e-11  2.97531e-09  1.27831e-14  2.83381e-09  4.84899e-09  6.45339e-12  5.14359e-09  
1.37702e-09  6.54694e-09  5.78185e-10  2.23914e-09  8.74106e-10  5.56945e-09  1.0533e-09  7.20761e-09  1.40147e-10  2.27329e-15  
9.36671e-10  3.76749e-11  1.09563e-11  4.50252e-09  1.17969e-09  9.67603e-09  2.94909e-11  6.75754e-14  7.53342e-09  1.48145e-09  
7.272e-12  4.20296e-10  3.71332e-09  2.42715e-09  4.69509e-08  1.03979e-11  2.86917e-14  1.24295e-08  1.97905e-12  1.4099e-14  
1.53366e-08  3.50055e-09  5.73326e-09  1.8993e-09  8.38638e-09  9.21154e-12  8.51804e-11  5.32018e-11  3.57079e-12  3.51191e-12  
5.76924e-12  8.69082e-10  1.82089e-09  6.42959e-10  2.23803e-09  2.61566e-10  4.35571e-11  1.10825e-09  2.43561e-10  1.4358e-09  
2.7315e-10  8.06896e-10  2.16582e-10  8.99426e-10  1.84382e-10  1.12232e-09  9.77328e-12  1.78593e-17  3.16413e-10  3.48295e-12  
6.63776e-14  9.37386e-10  3.36732e-10  1.15471e-09  3.66755e-10  1.66114e-09  3.39765e-10  2.32192e-09  7.24035e-10  3.07063e-09  
9.75378e-10  5.06352e-09  4.19381e-10  6.6139e-10  2.49997e-10  1.25584e-09  4.44608e-10  2.35439e-09  3.19134e-10  9.82794e-15  
1.94773e-15  7.80519e-10  3.14998e-10  1.5926e-09  5.6551e-10  3.09902e-09  2.37085e-12  2.82165e-11  3.95745e-10  5.69923e-12  
8.7617e-11  2.54587e-13  6.3149e-15  1.21129e-09  3.9987e-10  3.11156e-09  2.55803e-09  4.91697e-08  6.09845e-09  2.2721e-08  
6.19173e-12  7.01519e-11  1.84055e-09  6.67424e-09  8.45267e-10  2.9316e-09  5.00923e-10  2.95972e-09  3.91529e-12  6.80777e-11  
2.81864e-11  2.25389e-13  2.22577e-10  9.74195e-10  1.12969e-10  5.86964e-10  3.13556e-11  4.27762e-10  2.88153e-11  1.63246e-11  
1.07551e-10  4.04839e-12  1.60362e-12  2.79792e-11  1.91222e-12  2.37671e-10  8.93851e-11  3.93368e-10  1.66167e-10  7.44161e-10  
6.30946e-13  7.19487e-12  1.52147e-10  3.48845e-12  1.52439e-13  2.74846e-10  1.16004e-10  5.5735e-10  2.16434e-10  1.12875e-09  
2.01707e-10  4.76143e-10  1.71702e-10  7.70815e-10  3.98974e-12  5.48206e-11  1.67637e-10  1.45616e-11  3.59947e-12  3.05874e-10  
2.24978e-10  7.96043e-10  3.28957e-10  1.71223e-09  2.06827e-10  1.53636e-10  3.26407e-12  6.89633e-15  1.64126e-10  8.42909e-10  
2.75402e-10  1.76161e-09  7.73574e-12  1.71594e-11  3.16029e-10  6.06034e-12  9.13092e-14  1.0148e-09  4.53646e-10  1.13172e-09  
1.02273e-11  2.28611e-10  1.97949e-10  2.52627e-12  4.82535e-11  5.75794e-10  1.66878e-10  9.57745e-10  1.77516e-10  9.9857e-10  
4.43313e-12  1.04631e-10  1.68944e-10  9.43824e-12  1.91513e-10  3.90772e-10  3.11734e-11  7.67851e-10  3.15491e-10  1.40547e-09  
4.08697e-10  1.46976e-09  6.31976e-10  2.2996e-09  8.99444e-10  4.15618e-09  1.69865e-09  3.62088e-11  4.74141e-10  2.47837e-09  
1.63976e-09  2.05928e-08  3.43772e-08  1.42614e-07  1.32325e-09  4.71474e-14  3.12143e-09  
2.48478e-21  1.48313e-15  1.05648e-26  8.20511e-32  0.202339  4.47865e-24  3.27711e-30  0  0.012465  2.86142e-08  1.71027e-06  
8.92234e-14  0.000197434  5.23273e-07  4.09557e-26  3.50481e-16  0.000593948  1.09936e-06  0.000459209  4.73615e-16  3.94657e-18  
1.52395e-06  7.95883e-07  3.1442e-16  2.09942e-21  2.19524e-05  3.29468e-07  0.00084294  1.2178e-14  2.371e-21  1.04864e-12  
1.55407e-05  3.35618e-11  2.80273e-25  1.46294e-05  2.15531e-06  1.57362e-06  9.89955e-16  6.69824e-18  1.95994e-07  3.21479e-21  
1.60174e-06  7.42641e-15  1.69398e-21  4.876e-06  2.51366e-07  2.25631e-07  2.5622e-07  7.30364e-12  1.09576e-13  1.82786e-06  
2.55562e-08  1.04138e-07  1.89893e-12  6.16797e-09  1.48679e-08  5.54786e-10  3.95387e-08  2.64778e-07  9.40045e-11  7.657e-08  
6.16035e-11  5.07502e-09  1.94912e-08  1.36478e-09  3.61794e-09  2.22817e-07  1.39276e-09  4.76107e-09  9.17892e-10  9.32184e-09  
9.24137e-12  3.19546e-09  1.15904e-13  4.78849e-10  7.21228e-10  2.73491e-12  8.03356e-14  6.99638e-18  1.59853e-09  9.51933e-10  
6.7737e-09  3.06845e-09  1.62888e-08  1.18371e-09  4.61369e-08  4.82694e-09  6.93039e-09  6.067e-08  1.8876e-07  1.26124e-09  
3.69698e-06  2.69092e-07  1.73725e-07  1.177e-10  8.57463e-10  4.32478e-08  4.23282e-10  1.01809e-07  5.95263e-09  7.40061e-08  
1.64482e-08  2.66414e-08  2.29706e-10  4.67565e-08  8.62044e-09  6.52827e-13  1.16302e-08  5.56393e-09  4.45203e-11  1.32836e-08  
2.75009e-09  1.49054e-08  1.7297e-14  9.14824e-11  2.72072e-09  6.72567e-15  2.5963e-09  4.43624e-09  5.74496e-12  4.70843e-09  
1.26225e-09  5.99511e-09  5.31077e-10  2.04523e-09  8.00444e-10  5.09358e-09  9.65434e-10  6.59312e-09  1.22915e-10  1.12882e-15  
8.58003e-10  4.09368e-11  1.04658e-11  4.10814e-09  1.08428e-09  8.84871e-09  4.24812e-11  3.48934e-14  6.88031e-09  1.3345e-09  
8.30475e-12  3.85397e-10  3.4001e-09  2.21717e-09  4.28729e-08  1.64763e-11  5.4757e-14  1.13505e-08  8.86522e-13  1.66234e-14  
1.40043e-08  3.19954e-09  5.23787e-09  1.73605e-09  7.65434e-09  1.50208e-11  7.8233e-11  4.77993e-11  4.4235e-12  6.63434e-12  
5.31878e-12  7.82051e-10  1.66649e-09  5.86654e-10  2.04452e-09  2.4032e-10  3.77133e-11  1.0117e-09  2.22191e-10  1.31212e-09  
2.47607e-10  7.37965e-10  1.97135e-10  8.22524e-10  1.68007e-10  1.02528e-09  8.39538e-12  8.76954e-18  2.87298e-10  3.72952e-12  
1.06578e-13  8.57929e-10  3.06408e-10  1.05596e-09  3.33647e-10  1.51853e-09  3.09399e-10  2.12194e-09  6.59762e-10  2.80712e-09  
8.89551e-10  4.6264e-09  3.80772e-10  6.05132e-10  2.27903e-10  1.14747e-09  4.05334e-10  2.15086e-09  2.91369e-10  5.40551e-15  
2.64925e-15  7.124e-10  2.87706e-10  1.45458e-09  5.17692e-10  2.82982e-09  1.35186e-12  2.60238e-11  3.62428e-10  5.96908e-12  
7.93253e-11  2.3587e-13  1.0971e-14  1.1051e-09  3.66414e-10  2.842e-09  2.33589e-09  4.4888e-08  5.56724e-09  2.07342e-08  
9.10939e-12  6.41332e-11  1.67849e-09  6.09112e-09  7.72722e-10  2.67513e-09  4.57632e-10  2.69887e-09  3.40768e-12  6.156e-11  
4.2671e-11  2.14294e-13  1.87084e-10  8.90643e-10  1.0479e-10  5.3377e-10  3.98197e-11  3.82768e-10  1.65424e-11  1.3637e-11  
1.02632e-10  2.00832e-12  2.26846e-12  2.31599e-11  2.41612e-12  2.21683e-10  8.14969e-11  3.58785e-10  1.52814e-10  6.78038e-10  
2.83153e-13  6.5183e-12  1.39415e-10  1.61623e-12  6.34011e-14  2.5178e-10  1.06912e-10  5.07855e-10  1.98277e-10  1.02892e-09  
1.84403e-10  4.34134e-10  1.57989e-10  7.01386e-10  3.19046e-12  4.93778e-11  1.54071e-10  2.22275e-11  6.56819e-12  2.69739e-10  
2.01864e-10  7.26985e-10  3.01742e-10  1.562e-09  1.89866e-10  1.40396e-10  2.0864e-12  9.17783e-15  1.503e-10  7.68849e-10  
2.51859e-10  1.6065e-09  1.22553e-11  1.58265e-11  2.84507e-10  8.38267e-12  7.63166e-14  9.21158e-10  4.16304e-10  1.03337e-09  
1.65287e-11  2.07113e-10  1.71502e-10  1.27152e-12  4.37693e-11  5.2826e-10  1.538e-10  8.74572e-10  1.63018e-10  9.09956e-10  
4.68992e-12  9.41967e-11  1.54579e-10  1.45541e-11  1.63196e-10  3.50218e-10  4.16533e-11  6.99715e-10  2.87711e-10  1.28295e-09  
3.7446e-10  1.34239e-09  5.76997e-10  2.09787e-09  8.20982e-10  3.79178e-09  1.55144e-09  5.11957e-11  4.32019e-10  2.24625e-09  
1.49696e-09  1.87848e-08  3.13678e-08  1.30264e-07  1.21085e-09  2.44513e-14  2.85249e-09  
1.23707e-19  9.85187e-17  8.42035e-26  4.27239e-33  0.19878  4.35275e-24  1.75967e-29  0  0.0135035  1.48567e-09  1.66786e-06  
6.89459e-13  2.3667e-06  7.27134e-07  3.1616e-24  6.06976e-17  0.000580271  8.2782e-07  0.000191784  6.84848e-15  2.77546e-17  
8.45165e-08  9.55256e-07  1.09825e-14  1.92779e-21  2.22367e-05  4.25873e-07  0.00127781  5.79253e-13  2.05546e-20  1.01193e-12  
1.52264e-05  1.08731e-09  1.93203e-24  1.44101e-05  2.22945e-06  1.56681e-06  3.75066e-14  4.59276e-17  1.89301e-07  4.18052e-20  
1.61128e-06  2.50845e-13  1.3399e-20  4.87199e-06  2.52021e-07  2.25246e-07  2.50575e-07  9.27468e-11  1.45151e-12  1.82963e-06  
2.60361e-08  1.03867e-07  9.99444e-12  6.03061e-09  1.49169e-08  5.68822e-10  3.87762e-08  2.65876e-07  5.85878e-10  7.62723e-08  
1.30186e-10  4.94268e-09  1.93306e-08  1.36251e-09  3.5491e-09  2.23688e-07  1.56446e-09  4.69932e-09  9.09879e-10  9.21834e-09  
3.23262e-11  3.10669e-09  2.56389e-12  4.7987e-10  6.92744e-10  1.52733e-11  1.24386e-12  2.5739e-15  1.57102e-09  9.4328e-10  
6.76878e-09  3.05587e-09  1.58766e-08  1.18461e-09  4.62126e-08  4.86303e-09  6.87019e-09  5.94918e-08  1.89531e-07  3.04503e-09  
3.70962e-06  2.72002e-07  1.72493e-07  6.80393e-10  8.38301e-10  4.20108e-08  9.00016e-10  1.02062e-07  6.72162e-09  7.31258e-08  
1.63658e-08  2.63636e-08  4.26378e-10  4.55843e-08  8.21868e-09  2.10749e-11  1.13269e-08  5.47654e-09  1.26676e-10  1.29739e-08  
2.69223e-09  1.45765e-08  5.80353e-13  8.99438e-11  2.63086e-09  2.26046e-13  2.4699e-09  4.31962e-09  7.56266e-11  4.58598e-09  
1.23711e-09  5.84e-09  5.20388e-10  1.98441e-09  7.80865e-10  4.96697e-09  9.52688e-10  6.41673e-09  1.001e-10  3.15451e-14  
8.38103e-10  5.46714e-11  1.21693e-11  3.97734e-09  1.07917e-09  8.61257e-09  8.93836e-11  1.22629e-12  6.69563e-09  1.24086e-09  
7.5136e-11  3.79658e-10  3.26785e-09  2.15947e-09  4.17181e-08  8.42535e-11  3.74723e-13  1.09966e-08  2.25399e-11  9.60092e-13  
1.35986e-08  3.12676e-09  5.1031e-09  1.69575e-09  7.43736e-09  7.0727e-11  7.65386e-11  4.30389e-11  7.12344e-12  1.03862e-11  
5.05309e-12  7.00767e-10  1.6311e-09  5.68294e-10  1.99143e-09  2.37251e-10  3.06376e-11  9.8486e-10  2.14471e-10  1.28111e-09  
2.33775e-10  7.22589e-10  1.88296e-10  8.05448e-10  1.61137e-10  1.00051e-09  6.49596e-12  2.31448e-16  2.72372e-10  5.02136e-12  
2.97849e-13  8.43316e-10  2.93539e-10  1.0339e-09  3.20385e-10  1.48329e-09  2.97505e-10  2.0704e-09  6.38043e-10  2.74234e-09  
8.61176e-10  4.51012e-09  3.63425e-10  5.93083e-10  2.20388e-10  1.11883e-09  3.91815e-10  2.09695e-09  2.82012e-10  1.8911e-13  
7.98695e-14  6.92162e-10  2.78208e-10  1.41673e-09  5.07564e-10  2.75253e-09  2.78747e-11  2.58876e-11  3.28136e-10  3.63778e-11  
7.86874e-11  2.78042e-12  1.25361e-13  1.03801e-09  3.60778e-10  2.76578e-09  2.27266e-09  4.36896e-08  5.41788e-09  2.01661e-08  
6.12553e-11  6.28503e-11  1.5893e-09  5.92303e-09  7.57251e-10  2.59897e-09  4.49667e-10  2.61539e-09  4.49872e-11  6.18183e-11  
5.23565e-11  3.5756e-12  1.37244e-10  8.57048e-10  1.10321e-10  5.13515e-10  5.89818e-11  3.6296e-10  4.0545e-12  5.55455e-12  
9.70374e-11  2.24242e-11  1.74181e-11  1.67455e-11  3.38071e-12  1.94024e-10  7.67474e-11  3.48703e-10  1.54291e-10  6.54697e-10  
8.98993e-12  7.21743e-12  1.29871e-10  2.01856e-11  8.038e-12  2.15066e-10  1.0621e-10  4.89705e-10  1.97507e-10  9.96225e-10  
1.81473e-10  4.19765e-10  1.59378e-10  6.73845e-10  4.61832e-11  5.06131e-11  1.15935e-10  5.39214e-11  2.84735e-11  2.09743e-10  
1.82145e-10  7.06947e-10  3.01016e-10  1.51657e-09  1.8926e-10  1.37874e-10  3.5813e-11  8.18775e-15  1.15344e-10  7.40625e-10  
2.48944e-10  1.55713e-09  7.12803e-11  1.79781e-11  2.2915e-10  4.62922e-11  6.04879e-12  8.37164e-10  4.12124e-10  1.00695e-09  
6.81488e-11  1.98592e-10  1.15206e-10  2.10685e-11  4.65209e-11  4.86405e-10  1.54512e-10  8.50674e-10  1.64242e-10  8.80125e-10  
4.54799e-11  9.43809e-11  1.14845e-10  4.11163e-11  1.43298e-10  2.94039e-10  6.63552e-11  6.80823e-10  2.79928e-10  1.24853e-09  
3.71215e-10  1.307e-09  5.63172e-10  2.03767e-09  8.01703e-10  3.68095e-09  1.52299e-09  1.0286e-10  4.1921e-10  2.13614e-09  
1.45748e-09  1.82579e-08  3.0517e-08  1.26877e-07  1.18729e-09  4.94415e-13  2.77755e-09  
1.60099e-19  2.48463e-16  5.12882e-25  2.11048e-34  0.194909  4.20675e-24  7.69242e-28  0  0.0147519  3.0663e-10  1.64527e-06  
2.01471e-12  4.02101e-07  4.67283e-07  3.91046e-23  2.62169e-17  0.000579556  4.44506e-07  9.98716e-06  2.59344e-16  6.56195e-17  
9.43246e-09  1.40416e-06  1.1777e-14  7.73934e-22  2.26402e-05  5.28737e-07  0.00145023  4.71324e-13  5.101e-20  1.91745e-12  
1.52633e-05  1.21155e-09  9.03282e-24  1.43288e-05  2.85338e-06  1.72381e-06  3.39954e-14  1.13077e-16  8.21332e-08  1.43152e-19  
1.60374e-06  1.87891e-13  1.48327e-20  4.87167e-06  2.60236e-07  2.36755e-07  2.48946e-07  3.94679e-10  1.58939e-11  1.81683e-06  
3.10158e-08  1.06768e-07  6.81719e-11  6.12538e-09  1.45808e-08  7.52337e-10  4.02511e-08  2.60971e-07  1.6601e-09  7.76742e-08  
6.74337e-10  4.9057e-09  1.87716e-08  1.58012e-09  3.51582e-09  2.21117e-07  2.52538e-09  4.84315e-09  9.54978e-10  9.1087e-09  
2.00441e-10  3.06008e-09  5.48339e-12  4.79401e-10  6.01357e-10  7.63525e-11  5.69712e-12  2.15604e-14  1.49406e-09  9.23508e-10  
6.39725e-09  3.40633e-09  1.57828e-08  1.17418e-09  4.5573e-08  4.94224e-09  7.46212e-09  5.41751e-08  1.76353e-07  1.51297e-08  
3.63895e-06  3.25323e-07  1.9686e-07  4.33298e-09  9.72707e-10  3.99677e-08  4.16557e-09  9.40216e-08  1.26682e-08  7.00103e-08  
1.84496e-08  2.80046e-08  1.95553e-09  4.53248e-08  6.6217e-09  1.84624e-11  1.11735e-08  5.30115e-09  5.56273e-10  1.29694e-08  
2.729e-09  1.47558e-08  4.90453e-13  8.87184e-11  2.48191e-09  1.74291e-13  2.2903e-09  4.24763e-09  2.36236e-10  4.60563e-09  
1.2749e-09  5.79441e-09  5.26917e-10  1.92805e-09  7.72498e-10  4.97226e-09  1.02075e-09  6.34137e-09  2.43872e-11  6.24495e-15  
8.41617e-10  7.58949e-11  2.88368e-11  3.79902e-09  1.19281e-09  8.53637e-09  4.33999e-10  1.1721e-12  6.64068e-09  9.06631e-10  
2.47305e-10  4.85171e-10  3.07819e-09  2.12858e-09  4.11969e-08  4.97087e-10  1.54068e-11  1.05919e-08  3.48777e-11  1.87469e-11  
1.33358e-08  3.19068e-09  5.09345e-09  1.72258e-09  7.26798e-09  4.22536e-10  9.54873e-11  2.28094e-11  1.36218e-11  8.17487e-11  
3.95941e-12  3.79729e-10  1.56333e-09  5.45136e-10  1.97177e-09  2.45488e-10  7.54781e-12  9.68815e-10  2.06265e-10  1.28544e-09  
2.12401e-10  7.12864e-10  1.77628e-10  8.1088e-10  1.56392e-10  9.98166e-10  1.09228e-12  2.94055e-17  2.47232e-10  6.97166e-12  
1.195e-12  8.58632e-10  2.79415e-10  1.04843e-09  3.05202e-10  1.48972e-09  2.83514e-10  2.07113e-09  6.12723e-10  2.77761e-09  
8.28545e-10  4.50774e-09  3.30715e-10  5.90417e-10  2.15069e-10  1.11583e-09  3.76587e-10  2.09252e-09  2.73854e-10  1.55231e-13  
1.11997e-12  6.73631e-10  2.65533e-10  1.39977e-09  5.21283e-10  2.71933e-09  6.30412e-11  4.40359e-11  3.23692e-10  9.45073e-11  
1.74675e-10  1.79938e-11  6.58383e-12  8.27493e-10  3.39843e-10  2.74775e-09  2.24237e-09  4.32576e-08  5.35881e-09  1.98646e-08  
3.22129e-10  9.86853e-11  1.3823e-09  5.78458e-09  7.78924e-10  2.5483e-09  4.65806e-10  2.52004e-09  1.22632e-10  1.70901e-10  
1.66769e-10  1.46411e-11  1.73708e-11  6.28842e-10  1.33793e-10  5.36034e-10  7.89015e-11  4.06798e-10  8.85535e-15  6.15211e-15  
7.57816e-11  2.2898e-11  7.49253e-11  1.78581e-12  4.63422e-13  9.9011e-11  3.89107e-11  3.44751e-10  1.67906e-10  6.51102e-10  
1.02491e-11  2.45588e-11  1.36967e-10  2.92739e-11  3.50175e-11  1.34264e-10  9.98447e-11  4.86715e-10  2.0806e-10  9.75859e-10  
1.82635e-10  4.08372e-10  1.67089e-10  6.42101e-10  1.12757e-10  1.67356e-10  1.08761e-10  7.6126e-11  1.81936e-10  3.96523e-11  
5.34382e-11  6.33065e-10  3.09297e-10  1.49879e-09  1.9758e-10  1.46226e-10  8.08171e-11  1.94117e-15  1.12567e-10  6.98742e-10  
2.47854e-10  1.50504e-09  3.36373e-10  1.32439e-10  1.27892e-10  6.53189e-11  2.59887e-11  4.90232e-10  4.15725e-10  1.04237e-09  
2.68121e-10  3.30096e-10  3.31576e-11  8.43064e-12  6.80904e-11  2.60155e-10  1.10022e-10  8.35084e-10  1.76014e-10  8.67343e-10  
1.05333e-10  2.5894e-10  6.9475e-11  3.68032e-11  1.48852e-10  9.10562e-11  4.51369e-11  6.81284e-10  2.82637e-10  1.24018e-09  
3.96468e-10  1.31743e-09  5.70025e-10  1.99432e-09  8.08693e-10  3.57701e-09  1.59942e-09  4.229e-10  5.02405e-10  1.76654e-09  
1.41311e-09  1.78996e-08  3.01412e-08  1.26232e-07  1.2452e-09  1.17771e-12  2.75712e-09  
7.61601e-20  1.40888e-16  1.9137e-25  5.67066e-36  0.192125  4.01314e-24  2.87382e-28  0  0.0156719  1.90162e-10  1.63447e-06  
5.67393e-13  1.06765e-09  2.12107e-07  4.21369e-24  1.3483e-20  0.000584748  2.41761e-07  5.17725e-07  3.85422e-18  1.62016e-17  
9.4706e-12  1.64669e-06  4.20385e-15  2.3266e-25  2.28799e-05  5.61147e-07  0.00145765  1.36634e-13  1.30043e-20  2.30296e-12  
1.53884e-05  4.38019e-10  2.964e-24  1.43168e-05  3.5561e-06  1.87987e-06  1.14385e-14  3.17971e-17  3.28478e-08  4.47301e-20  
1.59097e-06  5.37891e-14  1.64102e-21  4.87268e-06  2.68916e-07  2.51155e-07  2.49201e-07  1.7611e-10  9.72591e-12  1.80268e-06  
3.47419e-08  1.10182e-07  8.5246e-11  6.31899e-09  1.42445e-08  8.99864e-10  4.3497e-08  2.55263e-07  1.20686e-09  7.98697e-08  
1.25417e-09  4.92666e-09  1.82236e-08  1.7649e-09  3.52987e-09  2.17999e-07  2.90063e-09  5.06223e-09  1.00802e-09  9.03205e-09  
2.91902e-10  3.07919e-09  1.97259e-12  4.78493e-10  5.97589e-10  6.00318e-11  1.97215e-12  2.74865e-15  1.45546e-09  9.19646e-10  
6.01732e-09  3.74939e-09  1.58416e-08  1.16277e-09  4.48511e-08  4.9912e-09  8.14208e-09  5.01719e-08  1.62539e-07  2.38815e-08  
3.5598e-06  3.75687e-07  2.29108e-07  4.32043e-09  1.23388e-09  4.28996e-08  6.94393e-09  8.5762e-08  1.69296e-08  6.82548e-08  
2.07451e-08  3.0284e-08  3.58731e-09  4.53831e-08  5.30739e-09  5.30618e-12  1.12602e-08  5.0537e-09  6.75266e-10  1.31581e-08  
2.78198e-09  1.50722e-08  1.64263e-13  8.7692e-11  2.3993e-09  5.44773e-14  2.43297e-09  4.18537e-09  1.04422e-10  4.63863e-09  
1.30971e-09  5.82095e-09  5.31063e-10  1.90723e-09  7.64804e-10  5.00981e-09  1.06826e-09  6.35303e-09  5.57883e-12  4.6051e-16  
8.4661e-10  5.07503e-11  2.80684e-11  3.68972e-09  1.24417e-09  8.58149e-09  7.47278e-10  4.01126e-13  6.68875e-09  7.22128e-10  
1.00249e-10  5.7803e-10  3.11136e-09  2.11361e-09  4.10242e-08  4.70499e-10  4.02909e-11  1.07193e-08  1.31099e-11  1.341e-11  
1.32276e-08  3.27857e-09  5.14166e-09  1.76028e-09  7.17326e-09  4.43056e-10  1.32047e-10  1.17543e-11  1.04129e-11  1.81586e-10  
3.07884e-12  3.88256e-10  1.49261e-09  5.2123e-10  1.95286e-09  2.45945e-10  1.75098e-12  9.55757e-10  2.03318e-10  1.28881e-09  
2.11073e-10  7.01002e-10  1.7433e-10  8.07961e-10  1.56335e-10  1.00088e-09  1.72109e-13  1.33656e-18  2.4462e-10  4.91714e-12  
9.94362e-13  8.59081e-10  2.78678e-10  1.05892e-09  3.0553e-10  1.49945e-09  2.82926e-10  2.08043e-09  6.04561e-10  2.82177e-09  
8.18477e-10  4.53432e-09  3.22714e-10  5.78187e-10  2.11547e-10  1.11566e-09  3.72915e-10  2.09724e-09  2.73142e-10  5.14854e-14  
1.08216e-12  6.64362e-10  2.59933e-10  1.38596e-09  5.27412e-10  2.71917e-09  2.3277e-11  5.51024e-11  3.58663e-10  6.80608e-11  
2.44548e-10  1.35124e-11  1.66347e-11  7.91863e-10  3.09187e-10  2.77135e-09  2.23495e-09  4.31952e-08  5.34586e-09  1.97308e-08  
2.31018e-10  1.48695e-10  1.53026e-09  5.69686e-09  7.91649e-10  2.53445e-09  4.71034e-10  2.4681e-09  5.62607e-11  2.22382e-10  
2.55113e-10  1.42877e-11  8.6467e-12  5.22852e-10  1.29316e-10  5.6108e-10  8.32161e-11  4.50161e-10  1.91529e-14  1.16894e-14  
8.41519e-11  1.64031e-11  5.95777e-11  1.75081e-13  4.43562e-14  1.21775e-10  4.3217e-11  3.1179e-10  1.52601e-10  6.36661e-10  
3.68136e-12  2.73124e-11  1.38131e-10  1.76348e-11  1.01867e-11  1.64214e-10  1.04811e-10  4.75108e-10  2.05727e-10  9.74651e-10  
1.82348e-10  4.06736e-10  1.66196e-10  6.33095e-10  5.10618e-11  2.06431e-10  1.41428e-10  9.73141e-11  2.73979e-10  2.77125e-11  
2.75168e-11  5.90063e-10  2.84628e-10  1.47026e-09  1.95695e-10  1.46483e-10  3.60304e-11  4.12564e-16  1.43375e-10  7.30039e-10  
2.53827e-10  1.48028e-09  2.64653e-10  2.55737e-10  2.43679e-10  7.64425e-11  1.40273e-11  3.661e-10  3.88145e-10  1.03639e-09  
2.48528e-10  4.83285e-10  7.53206e-11  8.36729e-12  9.57718e-11  1.94703e-10  6.97508e-11  7.69611e-10  1.6473e-10  8.5667e-10  
6.26792e-11  3.09928e-10  1.09504e-10  5.0796e-11  1.90418e-10  4.64696e-11  1.88122e-11  6.41146e-10  2.69868e-10  1.2333e-09  
4.03795e-10  1.3511e-09  5.83196e-10  1.98335e-09  8.12892e-10  3.51724e-09  1.6589e-09  6.30297e-10  7.12079e-10  1.4758e-09  
1.33333e-09  1.76976e-08  3.00165e-08  1.26692e-07  1.31684e-09  4.49606e-13  2.76234e-09  
2.25125e-21  1.57076e-17  2.18177e-27  1.32974e-38  0.187451  3.57091e-24  2.87114e-30  0  0.0172061  4.87472e-11  1.61163e-06  
1.0757e-14  7.9326e-11  4.2338e-08  2.89616e-27  9.28986e-24  0.000602016  7.94887e-08  4.25663e-09  3.52366e-22  2.98421e-19  
2.85866e-14  1.75023e-06  5.90804e-17  1.4591e-29  2.31071e-05  5.89802e-07  0.00145678  1.62239e-15  2.2078e-22  1.84435e-12  
1.55677e-05  5.78811e-12  4.6542e-26  1.43239e-05  4.58674e-06  2.12098e-06  1.20112e-16  6.41148e-19  9.07256e-09  6.92203e-22  
1.5715e-06  5.22072e-16  8.21857e-24  4.87492e-06  2.80159e-07  2.73385e-07  2.50298e-07  1.89115e-12  5.42105e-14  1.78295e-06  
3.75654e-08  1.12671e-07  1.20646e-12  6.65388e-09  1.38769e-08  1.05015e-09  5.09838e-08  2.47244e-07  2.88131e-11  8.33167e-08  
2.06424e-09  4.99392e-09  1.75013e-08  1.94466e-09  3.58023e-09  2.13534e-07  3.0243e-09  5.39603e-09  1.08365e-09  8.94967e-09  
9.95921e-12  3.15332e-09  2.6009e-14  4.77073e-10  9.61566e-10  1.14559e-12  2.00634e-14  3.60641e-19  1.45216e-09  8.94228e-10  
5.52057e-09  4.16274e-09  1.59913e-08  1.14107e-09  4.38615e-08  4.98227e-09  9.12932e-09  6.47833e-08  1.44443e-07  1.30653e-08  
3.4541e-06  4.31737e-07  2.81994e-07  6.3805e-11  1.36481e-09  5.27186e-08  6.82412e-09  7.52745e-08  2.01605e-08  7.14297e-08  
2.38421e-08  3.40618e-08  5.86364e-09  4.55132e-08  4.05074e-09  5.20742e-14  1.2199e-08  4.61332e-09  5.84746e-11  1.33671e-08  
2.85189e-09  1.55435e-08  2.19568e-15  8.60987e-11  2.36093e-09  6.13244e-16  2.60049e-09  4.10048e-09  1.32613e-12  4.62947e-09  
1.33011e-09  5.89299e-09  5.36211e-10  1.90391e-09  7.58267e-10  5.05196e-09  1.10392e-09  6.41584e-09  7.55608e-13  7.04541e-19  
8.53496e-10  2.27506e-11  1.61781e-11  3.57829e-09  1.24257e-09  8.68814e-09  8.82265e-10  5.12174e-15  6.83011e-09  8.12445e-10  
1.29348e-12  6.08996e-10  3.05899e-09  2.09822e-09  4.08656e-08  5.33688e-12  4.5634e-11  1.13411e-08  1.97805e-13  2.44904e-14  
1.31514e-08  3.36465e-09  5.23376e-09  1.80879e-09  7.08602e-09  5.51663e-12  1.50695e-10  4.66409e-12  5.23171e-12  3.45443e-12  
2.16504e-12  8.93416e-10  1.67571e-09  5.29634e-10  1.92589e-09  2.43377e-10  2.43362e-13  9.37929e-10  2.00494e-10  1.28338e-09  
2.12668e-10  6.93207e-10  1.73595e-10  7.98262e-10  1.56062e-10  1.00028e-09  2.81606e-14  2.08677e-21  2.4775e-10  2.58548e-12  
1.71519e-13  8.55647e-10  2.80283e-10  1.06608e-09  3.09463e-10  1.51413e-09  2.8685e-10  2.09695e-09  6.03141e-10  2.8722e-09  
8.21473e-10  4.57416e-09  3.23296e-10  5.67265e-10  2.07768e-10  1.10774e-09  3.71378e-10  2.10009e-09  2.74037e-10  6.31352e-16  
1.23354e-13  6.6041e-10  2.57547e-10  1.36696e-09  5.2492e-10  2.72651e-09  3.0117e-13  5.5433e-11  3.60917e-10  2.25164e-12  
2.00275e-10  1.46959e-13  1.83631e-11  9.10599e-10  3.15256e-10  2.80745e-09  2.23959e-09  4.31962e-08  5.34009e-09  1.95862e-08  
2.52471e-12  1.57505e-10  1.78509e-09  5.70141e-09  7.97122e-10  2.53572e-09  4.68166e-10  2.42555e-09  7.66221e-13  1.6712e-10  
1.48757e-10  1.81859e-13  1.36178e-10  6.82152e-10  1.02705e-10  5.09257e-10  7.47041e-11  4.57425e-10  6.87656e-13  3.07878e-13  
8.702e-11  6.60572e-13  7.0477e-12  1.55025e-14  1.12226e-15  1.98103e-10  7.35404e-11  3.18009e-10  1.48622e-10  6.09852e-10  
4.55018e-14  1.8158e-11  1.30319e-10  5.50467e-13  1.13256e-14  2.18412e-10  1.00449e-10  4.51866e-10  1.93471e-10  9.57309e-10  
1.78546e-10  4.05207e-10  1.63051e-10  6.30242e-10  7.11935e-13  1.3653e-10  1.52649e-10  1.3593e-11  7.46418e-11  1.91505e-10  
1.88718e-10  6.77708e-10  2.97878e-10  1.44016e-09  1.8915e-10  1.41962e-10  5.01281e-13  4.78528e-17  1.5328e-10  7.43171e-10  
2.58909e-10  1.48522e-09  3.75216e-12  2.24122e-10  3.48808e-10  2.99378e-12  5.5735e-14  6.70576e-10  3.99279e-10  1.0204e-09  
7.20368e-12  4.20517e-10  1.87846e-10  3.14431e-13  9.12371e-11  4.09895e-10  1.12731e-10  7.86365e-10  1.58877e-10  8.24447e-10  
1.10996e-12  1.88597e-10  1.57345e-10  6.32242e-12  1.36899e-10  2.09321e-10  5.32087e-11  6.52927e-10  2.67285e-10  1.21332e-09  
3.9704e-10  1.3881e-09  5.99994e-10  1.99609e-09  8.1297e-10  3.4685e-09  1.69056e-09  4.46826e-10  1.04067e-09  1.55431e-09  
1.20688e-09  1.74751e-08  2.98924e-08  1.27599e-07  1.41474e-09  6.39682e-15  2.77579e-09  
9.23851e-22  1.14722e-17  6.93655e-28  2.82651e-39  0.186692  3.49403e-24  2.90211e-31  0  0.0174529  2.73753e-11  1.60507e-06  
3.80146e-15  2.29256e-10  3.40691e-08  3.89713e-28  9.35101e-24  0.000606504  6.50985e-08  4.78695e-09  1.2792e-22  1.30796e-19  
3.21483e-14  1.75122e-06  2.02086e-17  6.26486e-30  2.31253e-05  5.9233e-07  0.00145669  5.35827e-16  9.4772e-23  1.00619e-12  
1.55799e-05  1.48179e-12  1.12611e-26  1.43257e-05  4.65263e-06  2.14151e-06  2.86324e-17  2.85926e-19  8.22964e-09  2.63182e-22  
1.57009e-06  1.54166e-16  3.23092e-24  4.87521e-06  2.80814e-07  2.75013e-07  2.50412e-07  4.36172e-13  1.1477e-14  1.78162e-06  
3.76233e-08  1.12738e-07  2.10643e-13  6.67883e-09  1.38447e-08  1.0605e-09  5.15686e-08  2.46672e-07  6.43466e-12  8.3573e-08  
2.0921e-09  4.99992e-09  1.74816e-08  1.95453e-09  3.58467e-09  2.1321e-07  3.0255e-09  5.4208e-09  1.08863e-09  8.94508e-09  
1.21085e-12  3.15849e-09  6.31095e-15  4.7697e-10  9.72335e-10  2.53865e-13  4.77478e-15  2.1238e-20  1.453e-09  8.91364e-10  
5.48573e-09  4.19045e-09  1.60043e-08  1.13808e-09  4.37952e-08  4.97257e-09  9.204e-09  7.47623e-08  1.43175e-07  3.41506e-09  
3.44715e-06  4.34706e-07  2.86031e-07  1.38956e-11  1.36322e-09  5.32221e-08  3.37452e-09  7.45787e-08  2.02874e-08  7.52075e-08  
2.4004e-08  3.43467e-08  5.80912e-09  4.5525e-08  4.20669e-09  1.38084e-14  1.22916e-08  4.58085e-09  6.69416e-12  1.33672e-08  
2.85591e-09  1.55765e-08  5.62682e-16  8.59787e-11  2.36247e-09  1.49413e-16  2.60484e-09  4.09516e-09  3.12945e-13  4.6289e-09  
1.32968e-09  5.8993e-09  5.36392e-10  1.90504e-09  7.57947e-10  5.0541e-09  1.10523e-09  6.42134e-09  6.59824e-13  1.49932e-19  
8.53856e-10  2.13245e-11  1.53836e-11  3.57285e-09  1.23808e-09  8.69724e-09  6.19878e-10  1.33046e-15  6.8383e-09  1.07766e-09  
4.01386e-13  6.09469e-10  3.06599e-09  2.09658e-09  4.0854e-08  1.12948e-12  3.92238e-11  1.13566e-08  5.57812e-14  4.03286e-15  
1.31542e-08  3.36684e-09  5.24122e-09  1.81185e-09  7.08166e-09  1.10415e-12  1.50332e-10  4.35124e-12  4.94191e-12  6.29586e-13  
2.11069e-12  8.85371e-10  1.69278e-09  5.33124e-10  1.92554e-09  2.43394e-10  2.13019e-13  9.36517e-10  2.0049e-10  1.2823e-09  
2.13223e-10  6.92541e-10  1.7397e-10  7.97205e-10  1.56329e-10  9.99712e-10  4.12281e-14  8.86346e-22  2.48657e-10  2.46308e-12  
3.03228e-14  8.54688e-10  2.80805e-10  1.06586e-09  3.09954e-10  1.51492e-09  2.8748e-10  2.09813e-09  6.03256e-10  2.87492e-09  
8.22404e-10  4.57691e-09  3.23729e-10  5.66551e-10  2.07725e-10  1.10695e-09  3.71415e-10  2.09966e-09  2.74178e-10  1.56311e-16  
1.60599e-14  6.60346e-10  2.57635e-10  1.36571e-09  5.24188e-10  2.72701e-09  7.27518e-14  5.5163e-11  3.60001e-10  5.37112e-13  
1.92488e-10  3.35239e-14  1.59165e-11  9.19781e-10  3.17154e-10  2.80871e-09  2.2425e-09  4.31964e-08  5.33984e-09  1.95758e-08  
5.61963e-13  1.56454e-10  1.7867e-09  5.70537e-09  7.96786e-10  2.53693e-09  4.66994e-10  2.42419e-09  1.80949e-13  1.61288e-10  
4.68664e-11  1.39558e-14  2.28106e-10  7.05272e-10  1.01959e-10  5.04419e-10  7.1365e-11  4.54791e-10  2.40963e-12  8.24808e-13  
8.70671e-11  1.6936e-13  1.68105e-12  5.96993e-14  1.04791e-15  2.02554e-10  7.67212e-11  3.19458e-10  1.4826e-10  6.09772e-10  
1.14026e-14  1.7386e-11  1.29517e-10  1.39208e-13  1.89553e-15  2.2136e-10  9.9788e-11  4.5087e-10  1.91928e-10  9.55548e-10  
1.77828e-10  4.05194e-10  1.62197e-10  6.30787e-10  1.6865e-13  1.30164e-10  1.51229e-10  2.62996e-12  1.05331e-11  2.1707e-10  
2.29736e-10  6.90958e-10  3.00318e-10  1.44151e-09  1.88577e-10  1.41636e-10  1.20363e-13  4.05227e-17  1.5253e-10  7.43234e-10  
2.58209e-10  1.48668e-09  8.06444e-13  2.15177e-10  3.40872e-10  6.85696e-13  1.18586e-14  6.96935e-10  3.98161e-10  1.01948e-09  
1.41605e-12  4.0381e-10  1.83516e-10  7.38461e-14  8.80292e-11  4.30421e-10  1.1893e-10  7.93475e-10  1.58834e-10  8.23803e-10  
2.59659e-13  1.78179e-10  1.56873e-10  1.33877e-12  1.2399e-10  2.33656e-10  5.75801e-11  6.50843e-10  2.66912e-10  1.21257e-09  
3.95664e-10  1.3907e-09  6.0069e-10  1.99809e-09  8.12289e-10  3.46753e-09  1.68859e-09  1.7669e-10  1.04401e-09  1.83127e-09  
1.20548e-09  1.74608e-08  2.9883e-08  1.27665e-07  1.42073e-09  1.58093e-15  2.77681e-09  
1.96548e-22  6.11249e-18  9.64436e-29  0  0.186441  3.46618e-24  1.53963e-32  0  0.0175341  1.38896e-11  1.60146e-06  
9.35284e-16  6.62233e-10  3.2124e-08  1.64096e-29  4.58218e-24  0.00060838  6.08198e-08  5.86638e-09  2.44193e-23  2.98319e-20  
2.69112e-14  1.75122e-06  3.35364e-18  7.41583e-31  2.31301e-05  5.93043e-07  0.00145667  9.01607e-17  1.8862e-23  3.79196e-13  
1.55823e-05  3.05219e-13  8.46359e-28  1.43263e-05  4.66387e-06  2.14577e-06  4.50943e-18  5.65051e-20  8.06996e-09  3.55318e-23  
1.56981e-06  2.59305e-17  5.88909e-25  4.87528e-06  2.80928e-07  2.75339e-07  2.50439e-07  8.62637e-14  2.11771e-15  1.78137e-06  
3.7623e-08  1.12751e-07  3.85142e-14  6.68378e-09  1.3838e-08  1.06273e-09  5.16874e-08  2.46558e-07  1.28819e-12  8.36251e-08  
2.06752e-09  5.00116e-09  1.75079e-08  1.95644e-09  3.5857e-09  2.13145e-07  3.02547e-09  5.42589e-09  1.08957e-09  8.94426e-09  
2.17964e-13  3.15956e-09  1.29172e-15  4.7695e-10  9.73643e-10  5.10702e-14  9.74135e-16  8.93081e-22  1.45324e-09  8.90724e-10  
5.47867e-09  4.19607e-09  1.60071e-08  1.1373e-09  4.37824e-08  4.96966e-09  9.21948e-09  7.75134e-08  1.42917e-07  7.38939e-10  
3.44582e-06  4.35227e-07  2.86849e-07  2.74365e-12  1.36287e-09  5.33251e-08  1.45349e-09  7.44412e-08  2.03078e-08  7.72028e-08  
2.40289e-08  3.44041e-08  5.57907e-09  4.55278e-08  4.45838e-09  2.98296e-15  1.23056e-08  4.57471e-09  1.1515e-12  1.3367e-08  
2.85668e-09  1.5583e-08  1.06141e-16  8.59544e-11  2.36312e-09  2.57852e-17  2.60557e-09  4.09414e-09  6.33786e-14  4.62888e-09  
1.32944e-09  5.9007e-09  5.36394e-10  1.9054e-09  7.57874e-10  5.05448e-09  1.10542e-09  6.42248e-09  6.56687e-13  2.55952e-20  
8.53902e-10  2.10454e-11  1.52287e-11  3.57201e-09  1.23674e-09  8.69932e-09  4.04291e-10  2.63113e-16  6.83929e-09  1.2914e-09  
9.79056e-14  6.09548e-10  3.07049e-09  2.09623e-09  4.08516e-08  2.24595e-13  3.32468e-11  1.13598e-08  1.78849e-14  6.62868e-16  
1.31596e-08  3.36708e-09  5.24277e-09  1.81244e-09  7.0809e-09  2.15011e-13  1.50253e-10  4.29492e-12  4.88488e-12  1.19671e-13  
2.10082e-12  8.83726e-10  1.69599e-09  5.33919e-10  1.92553e-09  2.43428e-10  2.11922e-13  9.36204e-10  2.00524e-10  1.28203e-09  
2.13421e-10  6.92347e-10  1.74113e-10  7.96929e-10  1.56431e-10  9.99537e-10  5.71187e-14  2.02608e-22  2.48934e-10  2.4396e-12  
5.13074e-15  8.54383e-10  2.80982e-10  1.06573e-09  3.10094e-10  1.51504e-09  2.8766e-10  2.09835e-09  6.03294e-10  2.87539e-09  
8.22656e-10  4.57745e-09  3.23866e-10  5.66368e-10  2.0774e-10  1.10679e-09  3.71447e-10  2.09951e-09  2.74223e-10  2.75766e-17  
1.5131e-15  6.60335e-10  2.57668e-10  1.36546e-09  5.23991e-10  2.72713e-09  1.49012e-14  5.51079e-11  3.59839e-10  1.01173e-13  
1.90898e-10  6.8078e-15  1.35905e-11  9.21773e-10  3.17501e-10  2.80896e-09  2.24493e-09  4.31963e-08  5.33982e-09  1.95737e-08  
1.1236e-13  1.5624e-10  1.78697e-09  5.70627e-09  7.96639e-10  2.53729e-09  4.6664e-10  2.42408e-09  3.65942e-14  1.60129e-10  
1.17061e-11  7.17439e-16  2.60546e-10  7.10467e-10  1.01824e-10  5.03602e-10  6.7982e-11  4.54187e-10  5.24168e-12  9.9179e-13  
8.7145e-11  3.28397e-14  4.38543e-13  1.47268e-13  5.48272e-16  2.03447e-10  7.75526e-11  3.19823e-10  1.48096e-10  6.09866e-10  
2.31321e-15  1.72336e-11  1.29341e-10  2.706e-14  3.41418e-16  2.21974e-10  9.95951e-11  4.50803e-10  1.91525e-10  9.55247e-10  
1.77632e-10  4.05241e-10  1.61922e-10  6.31025e-10  3.40458e-14  1.28907e-10  1.50921e-10  4.99616e-13  1.35329e-12  2.22169e-10  
2.34171e-10  6.93595e-10  3.00743e-10  1.44193e-09  1.884e-10  1.41566e-10  2.46286e-14  3.92153e-17  1.52425e-10  7.43313e-10  
2.57961e-10  1.48708e-09  1.58581e-13  2.12293e-10  3.39385e-10  1.57422e-13  2.32286e-15  7.03224e-10  3.97963e-10  1.01933e-09  
2.74287e-13  4.00483e-10  1.83023e-10  1.48537e-14  8.73712e-11  4.34073e-10  1.20089e-10  7.95057e-10  1.58745e-10  8.23779e-10  
5.24053e-14  1.76177e-10  1.5674e-10  2.63761e-13  1.25648e-10  2.38583e-10  5.43883e-11  6.50279e-10  2.66787e-10  1.21243e-09  
3.95272e-10  1.39131e-09  6.00791e-10  1.99857e-09  8.12069e-10  3.46756e-09  1.68781e-09  5.90153e-11  1.04261e-09  1.95177e-09  
1.20602e-09  1.74581e-08  2.98811e-08  1.27678e-07  1.42182e-09  3.32098e-16  2.77701e-09  
4.37618e-23  4.07176e-18  1.15648e-29  0  0.186365  3.45671e-24  1.07835e-34  0  0.0175586  4.84104e-12  1.59934e-06  
1.86318e-16  1.33508e-09  3.16476e-08  2.6945e-31  1.30799e-24  0.00060911  5.95538e-08  6.63585e-09  4.32306e-24  6.98165e-21  
6.18486e-15  1.75119e-06  5.65172e-19  1.84276e-32  2.31314e-05  5.93249e-07  0.00145667  1.5364e-17  3.88117e-24  1.35426e-13  
1.55828e-05  2.10808e-14  5.93643e-29  1.43264e-05  4.66556e-06  2.14658e-06  5.2923e-19  1.08746e-20  8.03872e-09  4.24385e-24  
1.56975e-06  4.17921e-18  1.07344e-25  4.8753e-06  2.80947e-07  2.75403e-07  2.50445e-07  5.21616e-15  1.24444e-16  1.78132e-06  
3.76205e-08  1.12753e-07  3.73599e-15  6.68474e-09  1.38367e-08  1.0632e-09  5.17111e-08  2.46535e-07  9.51322e-14  8.36355e-08  
2.03735e-09  5.0014e-09  1.75385e-08  1.9568e-09  3.586e-09  2.13132e-07  3.02534e-09  5.42692e-09  1.08974e-09  8.94411e-09  
2.86568e-14  3.15979e-09  8.03857e-17  4.76946e-10  9.73879e-10  4.04776e-15  5.99315e-17  3.57325e-24  1.4533e-09  8.90583e-10  
5.47726e-09  4.1972e-09  1.60076e-08  1.13711e-09  4.37799e-08  4.96889e-09  9.22265e-09  7.80829e-08  1.42865e-07  1.84763e-10  
3.44557e-06  4.35315e-07  2.87012e-07  2.15508e-13  1.36279e-09  5.33463e-08  6.7027e-10  7.44144e-08  2.03102e-08  7.80017e-08  
2.40329e-08  3.44155e-08  5.3543e-09  4.55285e-08  4.68767e-09  2.15322e-16  1.23082e-08  4.57358e-09  1.80495e-13  1.33669e-08  
2.85684e-09  1.55843e-08  9.8471e-18  8.59496e-11  2.36331e-09  2.76241e-18  2.6057e-09  4.09394e-09  3.97177e-15  4.6289e-09  
1.32937e-09  5.901e-09  5.36386e-10  1.9055e-09  7.57857e-10  5.05454e-09  1.10544e-09  6.42272e-09  6.68518e-13  2.93272e-21  
8.53904e-10  2.09901e-11  1.51986e-11  3.5719e-09  1.23637e-09  8.69978e-09  2.73443e-10  1.92668e-17  6.83939e-09  1.42151e-09  
7.11826e-15  6.0956e-10  3.07186e-09  2.09616e-09  4.08511e-08  1.88587e-14  2.86846e-11  1.13605e-08  7.86465e-15  5.06381e-17  
1.31641e-08  3.36708e-09  5.24308e-09  1.81255e-09  7.08078e-09  1.94923e-14  1.50237e-10  4.28767e-12  4.87301e-12  1.32635e-14  
2.09966e-12  8.83415e-10  1.69661e-09  5.34094e-10  1.92554e-09  2.4344e-10  2.15546e-13  9.36135e-10  2.00539e-10  1.28196e-09  
2.13483e-10  6.92292e-10  1.74158e-10  7.96857e-10  1.56456e-10  9.99487e-10  7.2134e-14  4.00359e-23  2.49012e-10  2.43507e-12  
1.00934e-15  8.54295e-10  2.81034e-10  1.06568e-09  3.10133e-10  1.51505e-09  2.87708e-10  2.09839e-09  6.03306e-10  2.87546e-09  
8.2272e-10  4.57755e-09  3.23906e-10  5.6632e-10  2.07748e-10  1.10676e-09  3.71459e-10  2.09947e-09  2.74237e-10  2.58101e-18  
1.17808e-16  6.60332e-10  2.57678e-10  1.36541e-09  5.23941e-10  2.72717e-09  9.36233e-16  5.50969e-11  3.59809e-10  6.17464e-15  
1.90574e-10  4.38902e-16  1.17994e-11  9.22189e-10  3.17563e-10  2.80901e-09  2.24675e-09  4.31964e-08  5.33982e-09  1.95733e-08  
8.12188e-15  1.56197e-10  1.78701e-09  5.70647e-09  7.96593e-10  2.53738e-09  4.66545e-10  2.4241e-09  2.28231e-15  1.59899e-10  
3.19606e-12  1.24291e-17  2.68449e-10  7.11552e-10  1.01776e-10  5.03468e-10  6.49538e-11  4.54179e-10  8.09221e-12  9.09305e-13  
8.71596e-11  1.8102e-15  1.3614e-13  2.32104e-13  1.37959e-16  2.03627e-10  7.77724e-11  3.19911e-10  1.48039e-10  6.09907e-10  
1.51448e-16  1.72036e-11  1.29303e-10  1.50377e-15  2.05832e-17  2.22105e-10  9.9535e-11  4.50818e-10  1.91421e-10  9.55203e-10  
1.7758e-10  4.05263e-10  1.61841e-10  6.31106e-10  2.09867e-15  1.28659e-10  1.50844e-10  6.09581e-14  2.32386e-13  2.23223e-10  
2.34348e-10  6.94112e-10  3.00801e-10  1.44204e-09  1.88348e-10  1.41551e-10  1.55143e-15  3.89764e-17  1.52411e-10  7.43348e-10  
2.57887e-10  1.48719e-09  1.21887e-14  2.10754e-10  3.39083e-10  3.24734e-14  1.41205e-16  7.05474e-10  3.97912e-10  1.0193e-09  
2.65763e-14  3.99826e-10  1.82986e-10  9.05348e-16  8.72414e-11  4.34763e-10  1.20301e-10  7.95391e-10  1.58705e-10  8.23793e-10  
3.33139e-15  1.75788e-10  1.567e-10  2.57365e-14  1.29338e-10  2.39601e-10  5.04083e-11  6.50152e-10  2.66757e-10  1.21241e-09  
3.95167e-10  1.39145e-09  6.00804e-10  1.99868e-09  8.12009e-10  3.46761e-09  1.68758e-09  2.14544e-11  1.04216e-09  1.99003e-09  
1.2062e-09  1.74576e-08  2.98808e-08  1.27681e-07  1.42202e-09  2.19704e-17  2.77706e-09  
  16 1.3113e+09 1.3113e+09 1.70339 0.646499 86083 170.42 0.019192
2.49518e-26  2.8956e-20  3.56639e-29  0  0.181715  3.29871e-24  2.22695e-38  0  0.0190143  4.12597e-13  4.54705e-11  
5.2205e-18  1.29412e-06  3.00791e-08  6.05444e-35  3.38402e-24  0.000679658  5.0934e-08  1.89115e-07  2.81398e-24  1.51347e-22  
1.62562e-14  1.74993e-06  1.29666e-20  3.11655e-34  2.31391e-05  5.94792e-07  0.0014568  4.31547e-19  4.30714e-26  2.13802e-16  
1.55841e-05  3.87157e-16  6.51994e-34  1.43274e-05  4.66511e-06  2.14903e-06  1.05413e-20  4.44312e-23  7.3093e-09  4.55073e-27  
1.56957e-06  1.19167e-19  4.0818e-28  4.87543e-06  2.80943e-07  2.75593e-07  2.50484e-07  6.07251e-17  1.05498e-18  1.78121e-06  
3.75622e-08  1.12761e-07  2.61696e-17  6.69091e-09  1.38317e-08  8.74625e-10  5.17856e-08  2.46647e-07  1.2102e-15  8.36687e-08  
1.07225e-13  5.00158e-09  1.95775e-08  1.9583e-09  4.92301e-09  2.13088e-07  1.69057e-09  5.43078e-09  1.08995e-09  8.94414e-09  
1.72201e-16  3.16055e-09  1.10339e-18  4.76933e-10  9.73673e-10  5.08159e-17  8.14791e-19  8.77891e-28  1.45368e-09  8.89788e-10  
5.47291e-09  4.20075e-09  1.60099e-08  1.13572e-09  4.37739e-08  4.96208e-09  9.23542e-09  7.83113e-08  1.42677e-07  8.22194e-14  
3.44502e-06  4.35353e-07  2.87555e-07  2.47283e-15  1.33193e-09  6.44125e-08  7.64911e-14  7.43398e-08  9.2897e-09  7.87609e-08  
2.40387e-08  3.44503e-08  3.214e-13  4.55368e-08  1.00536e-08  7.94057e-18  1.23126e-08  4.57749e-09  1.00783e-15  1.33668e-08  
2.85732e-09  1.55876e-08  2.29392e-19  8.5933e-11  2.36566e-09  6.57785e-20  2.60515e-09  4.09344e-09  5.75123e-17  4.62934e-09  
1.32854e-09  5.90249e-09  5.36139e-10  1.90649e-09  7.57725e-10  5.05449e-09  9.03857e-10  6.42334e-09  2.01809e-10  2.21159e-20  
8.57175e-10  2.14175e-11  1.16756e-11  3.57288e-09  1.23289e-09  8.70266e-09  7.6658e-15  3.24295e-19  6.83912e-09  1.68958e-09  
1.24329e-16  6.09503e-10  3.07918e-09  2.09579e-09  4.085e-08  2.09697e-16  1.97155e-21  1.13616e-08  9.88409e-18  2.45202e-24  
1.31932e-08  3.36628e-09  5.24418e-09  1.74394e-09  7.08082e-09  1.95194e-16  1.50173e-10  7.32598e-11  3.06873e-13  1.06472e-16  
6.7495e-12  8.81325e-10  1.69811e-09  5.35084e-10  1.92552e-09  1.84143e-10  5.98913e-11  9.35696e-10  2.00732e-10  1.28145e-09  
2.14208e-10  6.9173e-10  1.7462e-10  7.96283e-10  1.40526e-10  9.98595e-10  1.66577e-11  2.67527e-22  2.49743e-10  2.64607e-12  
3.79378e-18  8.53429e-10  2.81585e-10  1.06509e-09  3.10556e-10  1.51482e-09  2.88158e-10  2.09829e-09  6.03616e-10  2.87513e-09  
8.23329e-10  4.57761e-09  3.24519e-10  5.65859e-10  2.07874e-10  1.10655e-09  3.7167e-10  2.09909e-09  2.74406e-10  5.15667e-20  
9.99851e-25  6.6033e-10  2.57836e-10  1.36518e-09  5.23523e-10  2.72747e-09  1.41657e-17  5.50614e-11  3.59646e-10  2.17068e-16  
1.84468e-10  6.55596e-18  1.50597e-22  9.23506e-10  3.22488e-10  2.80913e-09  2.25869e-09  4.31962e-08  5.33987e-09  1.95722e-08  
1.04189e-16  1.5606e-10  1.78631e-09  5.70755e-09  7.96028e-10  2.5381e-09  4.65844e-10  2.42484e-09  3.29711e-17  1.59152e-10  
2.69121e-15  1.83877e-22  2.69073e-10  7.15266e-10  1.01143e-10  5.03565e-10  4.23292e-14  4.55214e-10  6.93272e-11  1.8146e-14  
8.71169e-11  9.31774e-17  9.05995e-21  3.25799e-12  1.48427e-17  2.0406e-10  7.77567e-11  3.20369e-10  1.47437e-10  6.10418e-10  
2.33119e-18  1.71091e-11  1.29105e-10  5.96098e-17  3.01799e-19  2.22552e-10  9.90485e-11  4.5124e-10  1.90736e-10  9.55364e-10  
1.77225e-10  4.05496e-10  1.61096e-10  6.32051e-10  2.97442e-17  1.27837e-10  1.50174e-10  4.48449e-16  2.59525e-16  2.25442e-10  
2.31855e-10  6.95543e-10  3.00541e-10  1.44275e-09  1.87802e-10  1.4145e-10  2.39874e-17  2.61305e-16  1.52411e-10  7.43757e-10  
2.57261e-10  1.48802e-09  1.38563e-16  3.05587e-11  3.37005e-10  4.57243e-16  2.23734e-19  8.87277e-10  3.98246e-10  1.01928e-09  
2.55533e-16  3.97718e-10  1.82911e-10  1.2677e-17  8.68415e-11  4.36308e-10  1.2071e-10  7.9678e-10  1.58195e-10  8.24208e-10  
4.76204e-17  1.74607e-10  1.56009e-10  2.54591e-16  1.79342e-10  2.4245e-10  1.84267e-14  6.49264e-10  2.66643e-10  1.21222e-09  
3.94246e-10  1.392e-09  6.00792e-10  1.99938e-09  8.11596e-10  3.46838e-09  1.68555e-09  5.29122e-15  1.04457e-09  2.01442e-09  
1.20301e-09  1.74564e-08  2.98804e-08  1.27688e-07  1.42225e-09  3.89072e-19  2.77722e-09  
4.85476e-25  5.22702e-18  9.7802e-31  0  0.183287  2.26934e-24  8.4587e-37  0  0.0171584  1.67323e-11  2.0338e-06  
1.40147e-15  0.00101162  6.83245e-08  5.71708e-30  1.17973e-18  0.000915017  2.03522e-06  4.22244e-06  1.18206e-21  5.54536e-20  
1.1714e-10  1.39015e-06  2.10658e-19  6.25217e-28  2.30776e-05  5.31327e-07  0.00134097  7.72152e-18  1.30466e-23  9.22363e-14  
2.67937e-05  1.64175e-14  8.13713e-29  2.22836e-05  4.20766e-06  2.99732e-06  3.58488e-19  2.86592e-20  1.85303e-08  1.98622e-24  
1.37918e-06  2.02825e-18  2.7957e-25  4.97553e-06  2.60681e-07  2.6966e-07  4.085e-07  2.81212e-15  2.58992e-17  1.73434e-06  
3.17789e-08  1.14517e-07  6.8963e-16  1.02898e-08  1.2426e-08  7.83528e-10  6.06052e-08  2.19258e-07  2.71505e-14  8.75573e-08  
1.03908e-12  9.02316e-09  2.19665e-08  2.15492e-09  5.12117e-09  1.90731e-07  1.49667e-09  6.86984e-09  1.3071e-09  1.19684e-08  
6.20558e-15  5.62266e-09  5.45224e-17  4.48872e-10  1.11836e-09  1.53632e-15  4.02473e-17  1.05913e-24  2.09913e-09  1.07215e-09  
5.72965e-09  4.65334e-09  2.75825e-08  1.17416e-09  4.19067e-08  4.3591e-09  1.01368e-08  6.61817e-08  1.28247e-07  1.99113e-12  
3.11419e-06  3.65726e-07  2.81931e-07  6.46509e-14  1.09654e-09  6.46156e-08  2.36259e-12  6.81098e-08  7.63874e-09  8.43038e-08  
2.41748e-08  3.74735e-08  4.71425e-12  7.35756e-08  1.282e-08  2.64817e-16  1.79716e-08  6.89624e-09  4.01941e-14  2.02986e-08  
4.26434e-09  2.37655e-08  8.84341e-18  1.30132e-10  4.36426e-09  3.00316e-18  4.30899e-09  7.28334e-09  2.76377e-15  7.89716e-09  
2.12338e-09  1.02346e-08  9.00094e-10  3.55464e-09  1.38548e-09  8.95416e-09  1.70746e-09  1.17384e-08  2.31461e-10  6.16231e-19  
1.51316e-09  2.71875e-11  1.23887e-11  7.52987e-09  1.8165e-09  1.54845e-08  4.48106e-13  1.54799e-17  1.26308e-08  2.32484e-09  
4.56999e-15  6.81653e-10  5.94089e-09  3.81958e-09  7.28836e-08  1.00719e-14  9.97273e-19  1.9441e-08  4.49056e-16  2.7025e-21  
2.51535e-08  5.72954e-09  9.64801e-09  3.23098e-09  1.5005e-08  1.10518e-14  1.24543e-10  7.89713e-11  1.26665e-12  6.00416e-15  
6.76768e-12  1.5678e-09  3.23279e-09  1.16424e-09  4.09269e-09  4.8994e-10  7.49336e-11  2.05636e-09  4.53402e-10  2.66704e-09  
5.21521e-10  1.51578e-09  4.12125e-10  1.69505e-09  3.56475e-10  2.13751e-09  1.5865e-11  4.76085e-21  6.1651e-10  2.52386e-12  
9.71897e-17  1.78723e-09  6.55086e-10  2.21866e-09  7.19965e-10  3.23791e-09  6.74182e-10  4.61471e-09  1.47204e-09  6.1994e-09  
2.02549e-09  1.06729e-08  9.20503e-10  1.41886e-09  5.42877e-10  2.71102e-09  9.75154e-10  5.13647e-09  7.02042e-10  3.36449e-18  
2.81123e-21  1.73217e-09  7.03077e-10  3.56109e-09  1.24116e-09  6.98033e-09  9.76965e-16  4.44488e-11  8.9223e-10  1.32597e-14  
1.45556e-10  1.3786e-16  1.33817e-19  2.84753e-09  9.19703e-10  7.05923e-09  5.87571e-09  9.07276e-08  1.09197e-08  3.60549e-08  
5.15353e-15  1.2403e-10  2.90624e-09  1.01239e-08  1.28028e-09  4.36933e-09  7.48096e-10  4.31701e-09  1.58699e-15  1.22783e-10  
1.45475e-13  2.39682e-19  3.78892e-10  1.38374e-09  1.61131e-10  8.52114e-10  1.09484e-12  6.59428e-10  9.26851e-11  7.74269e-13  
1.41492e-10  3.59575e-15  1.4496e-17  4.41676e-11  4.46031e-15  3.44984e-10  1.30251e-10  5.64813e-10  2.38556e-10  1.06356e-09  
1.09571e-16  1.31673e-11  2.17866e-10  2.49818e-15  6.286e-18  3.95959e-10  1.64319e-10  7.89477e-10  3.07679e-10  1.59352e-09  
2.85055e-10  6.69732e-10  2.41692e-10  1.07846e-09  1.38039e-15  9.90993e-11  2.40917e-10  1.92644e-14  5.8171e-15  4.35864e-10  
3.32594e-10  1.11091e-09  4.59012e-10  2.35356e-09  2.84662e-10  2.12631e-10  9.64455e-16  8.20508e-16  2.32351e-10  1.15809e-09  
3.81304e-10  2.38908e-09  5.9926e-15  2.97012e-11  4.51647e-10  5.14375e-15  7.79173e-18  1.38863e-09  6.10186e-10  1.52591e-09  
1.01293e-14  3.65848e-10  2.8447e-10  5.38358e-16  7.77762e-11  7.51508e-10  2.1438e-10  1.26851e-09  2.36789e-10  1.31464e-09  
2.04643e-15  1.65205e-10  2.29603e-10  9.90594e-15  2.88643e-10  5.00175e-10  7.43522e-13  1.00933e-09  4.12709e-10  1.82971e-09  
5.4015e-10  1.93967e-09  8.35829e-10  2.96989e-09  1.16616e-09  5.22056e-09  2.21286e-09  2.17242e-13  8.47737e-10  3.07841e-09  
1.95461e-09  2.49174e-08  4.32928e-08  2.1751e-07  2.04827e-09  1.45924e-17  4.63132e-09  
7.04425e-25  3.52453e-18  8.87918e-31  0  0.189911  1.96625e-24  6.36946e-37  0  0.0154855  6.8959e-11  1.78613e-06  
9.74076e-16  0.000915741  6.16998e-08  2.81471e-30  9.4337e-19  0.000817715  1.7607e-06  1.06841e-05  4.35523e-21  3.40473e-20  
3.68101e-10  1.229e-06  2.64614e-19  1.31393e-27  2.35991e-05  4.69811e-07  0.00118221  9.58354e-18  9.44705e-24  6.00334e-14  
2.38688e-05  2.70843e-14  4.16207e-29  2.03844e-05  3.71786e-06  2.64996e-06  5.49532e-19  2.07119e-20  3.77121e-08  1.54061e-24  
1.40708e-06  3.09745e-18  5.73829e-25  4.94354e-06  2.58089e-07  2.57146e-07  3.63335e-07  4.65924e-15  4.62912e-17  1.7614e-06  
2.98709e-08  1.11476e-07  1.24628e-15  9.07716e-09  1.31031e-08  7.45106e-10  5.49675e-08  2.32162e-07  5.27029e-14  8.44406e-08  
1.24467e-12  7.9102e-09  2.12485e-08  1.9425e-09  4.69039e-09  2.00006e-07  1.53851e-09  6.27007e-09  1.19308e-09  1.11954e-08  
1.01867e-14  4.92583e-09  8.79323e-17  4.57751e-10  1.0089e-09  2.4759e-15  6.4837e-17  3.26401e-24  1.95305e-09  1.0297e-09  
6.01079e-09  4.23444e-09  2.42291e-08  1.1621e-09  4.31148e-08  4.43498e-09  9.28996e-09  6.60757e-08  1.43814e-07  2.98252e-12  
3.28289e-06  3.41031e-07  2.52442e-07  1.03923e-13  9.78898e-10  5.84148e-08  2.66483e-12  7.73841e-08  7.40042e-09  8.10869e-08  
2.20138e-08  3.40253e-08  5.54502e-12  6.47762e-08  1.15574e-08  4.30326e-16  1.59012e-08  6.37778e-09  6.25538e-14  1.7994e-08  
3.77326e-09  2.09753e-08  1.38333e-17  1.18345e-10  3.83676e-09  4.63711e-18  3.78253e-09  6.39038e-09  4.4027e-15  6.9327e-09  
1.86515e-09  8.9848e-09  7.90575e-10  3.11632e-09  1.21474e-09  7.84828e-09  1.49457e-09  1.029e-08  2.04106e-10  9.44037e-19  
1.32723e-09  2.61407e-11  1.17643e-11  6.58787e-09  1.59468e-09  1.35749e-08  4.80421e-13  2.4659e-17  1.10564e-08  2.04218e-09  
7.22821e-15  6.01248e-10  5.20179e-09  3.34423e-09  6.38153e-08  1.57981e-14  1.21418e-18  1.70293e-08  7.09331e-16  7.81912e-21  
2.2009e-08  5.01851e-09  8.44479e-09  2.82736e-09  1.31157e-08  1.72089e-14  1.1077e-10  6.98873e-11  1.2784e-12  9.24749e-15  
6.26307e-12  1.37222e-09  2.82891e-09  1.01777e-09  3.57755e-09  4.27679e-10  6.58857e-11  1.79689e-09  3.96156e-10  2.33164e-09  
4.55529e-10  1.32461e-09  3.60022e-10  1.48159e-09  3.10949e-10  1.86808e-09  1.43676e-11  6.4778e-21  5.38405e-10  2.37128e-12  
1.43842e-16  1.56223e-09  5.7227e-10  1.9395e-09  6.28949e-10  2.82998e-09  5.88913e-10  4.03236e-09  1.28535e-09  5.41795e-09  
1.76856e-09  9.32191e-09  8.03024e-10  1.23855e-09  4.73774e-10  2.36686e-09  8.5105e-10  4.48475e-09  6.12917e-10  5.24928e-18  
4.96954e-21  1.51193e-09  6.13665e-10  3.10817e-09  1.08408e-09  6.0932e-09  1.5475e-15  3.96965e-11  7.78973e-10  1.78392e-14  
1.28688e-10  2.1939e-16  1.6599e-19  2.48278e-09  8.02234e-10  6.16206e-09  5.12784e-09  7.92936e-08  9.54551e-09  3.15442e-08  
8.11013e-15  1.09963e-10  2.54566e-09  8.86062e-09  1.12152e-09  3.82534e-09  6.55272e-10  3.77821e-09  2.52258e-15  1.08616e-10  
1.78605e-13  5.43994e-19  3.3193e-10  1.21078e-09  1.41137e-10  7.46067e-10  1.27759e-12  5.78065e-10  8.06112e-11  8.37036e-13  
1.23982e-10  4.69526e-15  1.80388e-17  3.86996e-11  6.5475e-15  3.02196e-10  1.14057e-10  4.94476e-10  2.08925e-10  9.3107e-10  
1.74526e-16  1.16687e-11  1.90752e-10  3.42046e-15  1.01425e-17  3.46608e-10  1.43862e-10  6.9112e-10  2.69452e-10  1.39551e-09  
2.49678e-10  5.8661e-10  2.11814e-10  9.44359e-10  2.20348e-15  8.76008e-11  2.10979e-10  2.9473e-14  7.61764e-15  3.81558e-10  
2.91279e-10  9.73443e-10  4.02319e-10  2.06164e-09  2.49469e-10  1.86376e-10  1.5281e-15  1.68628e-15  2.03638e-10  1.01495e-09  
3.34243e-10  2.09307e-09  9.44699e-15  2.57819e-11  3.96121e-10  7.82122e-15  1.24053e-17  1.21746e-09  5.34898e-10  1.33776e-09  
1.56999e-14  3.22514e-10  2.49211e-10  8.63349e-16  6.86024e-11  6.58264e-10  1.87734e-10  1.1117e-09  2.0755e-10  1.1519e-09  
3.24713e-15  1.4559e-10  2.0126e-10  1.53353e-14  2.5269e-10  4.37755e-10  8.60697e-13  8.8457e-10  3.61774e-10  1.60426e-09  
4.73963e-10  1.7021e-09  7.33419e-10  2.60406e-09  1.02275e-09  4.57653e-09  1.94257e-09  2.47494e-13  7.49944e-10  2.69866e-09  
1.71217e-09  2.18547e-08  3.79651e-08  1.90529e-07  1.79802e-09  2.28472e-17  4.05991e-09  
1.84835e-23  8.50565e-16  7.51354e-26  8.80476e-34  0.197416  2.45197e-24  7.76581e-28  0  0.0135252  3.29355e-08  1.61271e-06  
9.93208e-15  0.000839755  5.69608e-08  3.22922e-28  1.40302e-17  0.000708104  1.48898e-06  2.04726e-05  2.35719e-19  3.93848e-19  
1.09244e-09  1.05446e-06  6.26706e-18  5.10787e-26  2.42455e-05  4.0368e-07  0.00101339  2.18801e-16  1.2927e-22  8.38452e-14  
2.1175e-05  4.8059e-13  8.94969e-28  1.84559e-05  3.20558e-06  2.29699e-06  1.17875e-17  3.02999e-19  6.98185e-08  2.72605e-23  
1.45557e-06  7.5129e-17  1.18593e-23  4.91124e-06  2.55209e-07  2.43814e-07  3.16969e-07  7.23428e-14  6.72054e-16  1.78962e-06  
2.78138e-08  1.08278e-07  1.20994e-14  7.82702e-09  1.38168e-08  6.99442e-10  4.89823e-08  2.45654e-07  7.04784e-13  8.11615e-08  
2.57254e-12  6.76979e-09  2.0508e-08  1.7151e-09  4.21381e-09  2.09656e-07  1.58504e-09  5.64639e-09  1.07468e-09  1.04057e-08  
7.33607e-14  4.21107e-09  1.5055e-15  4.66897e-10  8.93904e-10  2.90378e-14  1.06391e-15  1.04274e-21  1.80455e-09  9.88104e-10  
6.31577e-09  3.78877e-09  2.07878e-08  1.15255e-09  4.43795e-08  4.52195e-09  8.38425e-09  6.55999e-08  1.60534e-07  1.00908e-11  
3.45872e-06  3.13823e-07  2.21049e-07  1.20043e-12  8.52879e-10  5.17808e-08  5.76427e-12  8.72334e-08  7.14532e-09  7.7755e-08  
1.96943e-08  3.0406e-08  7.99465e-12  5.57243e-08  1.02406e-08  7.70698e-15  1.37594e-08  5.85261e-09  3.66018e-13  1.56216e-08  
3.26657e-09  1.80999e-08  2.53359e-16  1.06307e-10  3.29658e-09  9.03558e-17  3.24136e-09  5.47491e-09  6.85942e-14  5.94279e-09  
1.59946e-09  7.70276e-09  6.78158e-10  2.6676e-09  1.03991e-09  6.71433e-09  1.27676e-09  8.80677e-09  1.75427e-10  1.85803e-17  
1.1366e-09  2.52705e-11  1.11023e-11  5.6271e-09  1.36572e-09  1.16173e-08  7.92448e-13  4.43089e-16  9.44412e-09  1.7493e-09  
1.03119e-13  5.17052e-10  4.44558e-09  2.85724e-09  5.45182e-08  1.72846e-13  5.2822e-18  1.45528e-08  1.21993e-14  1.32005e-18  
1.87921e-08  4.28827e-09  7.2124e-09  2.41404e-09  1.11892e-08  1.73457e-13  9.6037e-11  6.03469e-11  1.40256e-12  6.84009e-14  
5.65024e-12  1.17155e-09  2.41561e-09  8.68513e-10  3.05228e-09  3.64632e-10  5.64128e-11  1.53256e-09  3.37879e-10  1.98943e-09  
3.88477e-10  1.12988e-09  3.07031e-10  1.26396e-09  2.64958e-10  1.59344e-09  1.25326e-11  1.48318e-19  4.59066e-10  2.19145e-12  
6.25586e-16  1.33271e-09  4.8802e-10  1.65469e-09  5.36365e-10  2.41408e-09  5.02188e-10  3.4391e-09  1.09569e-09  4.6214e-09  
1.50759e-09  7.94772e-09  6.84086e-10  1.05549e-09  4.03674e-10  2.01724e-09  7.25189e-10  3.82267e-09  5.225e-10  9.99696e-17  
1.6691e-19  1.28857e-09  5.23093e-10  2.64873e-09  9.24389e-10  5.19293e-09  2.58921e-14  3.46002e-11  6.6394e-10  1.70529e-13  
1.10637e-10  3.34361e-15  9.41709e-19  2.11389e-09  6.83294e-10  5.25117e-09  4.36918e-09  6.76301e-08  8.14269e-09  2.69243e-08  
1.01357e-13  9.48704e-11  2.17457e-09  7.56509e-09  9.58111e-10  3.26687e-09  5.59746e-10  3.22574e-09  3.94808e-14  9.34022e-11  
4.87499e-13  2.86684e-17  2.83105e-10  1.03376e-09  1.20567e-10  6.37133e-10  1.68879e-12  4.937e-10  6.79771e-11  1.29112e-12  
1.05935e-10  6.06439e-14  2.59408e-16  3.30685e-11  3.73277e-14  2.58173e-10  9.74229e-11  4.22329e-10  1.78456e-10  7.95103e-10  
3.09555e-15  1.00605e-11  1.629e-10  4.77341e-14  1.81446e-16  2.95943e-10  1.2285e-10  5.90196e-10  2.30133e-10  1.192e-09  
2.1328e-10  5.0114e-10  1.80994e-10  8.06632e-10  3.52834e-14  7.52658e-11  1.80161e-10  2.25821e-13  2.60683e-14  3.25747e-10  
2.48657e-10  8.31864e-10  3.43841e-10  1.76134e-09  2.13173e-10  1.59274e-10  2.51148e-14  2.81749e-15  1.73995e-10  8.67427e-10  
2.85667e-10  1.78839e-09  1.0978e-13  2.20986e-11  3.38481e-10  9.24099e-14  2.14442e-16  1.04057e-09  4.57212e-10  1.14353e-09  
1.48974e-13  2.76632e-10  2.12775e-10  1.48728e-14  5.88649e-11  5.62469e-10  1.60388e-10  9.50195e-10  1.77387e-10  9.84358e-10  
4.81851e-14  1.24881e-10  1.71964e-10  1.46121e-13  2.15522e-10  3.73838e-10  1.17034e-12  7.56048e-10  3.09286e-10  1.37161e-09  
4.05377e-10  1.45603e-09  6.27368e-10  2.22634e-09  8.74487e-10  3.91191e-09  1.66195e-09  5.91092e-13  6.45261e-10  2.30658e-09  
1.46271e-09  1.8687e-08  3.24581e-08  1.62821e-07  1.53928e-09  3.7842e-16  3.47269e-09  
3.02508e-22  4.87284e-16  2.65223e-26  3.83787e-34  0.19746  2.91865e-24  1.42488e-30  0  0.0135587  2.45636e-08  1.62073e-06  
7.42239e-14  0.000808713  9.37891e-08  1.98738e-26  1.62536e-16  0.000702545  1.44652e-06  3.88815e-05  6.5402e-18  3.25428e-18  
4.12871e-09  1.03791e-06  9.06975e-17  1.64714e-24  2.43235e-05  3.97651e-07  0.000996522  3.07592e-15  1.2505e-21  4.66929e-13  
2.08142e-05  6.79307e-12  5.28869e-26  1.82088e-05  3.15561e-06  2.25507e-06  1.68642e-16  3.30739e-18  7.73901e-08  3.68975e-22  
1.46413e-06  1.19386e-15  2.10365e-22  4.90727e-06  2.55059e-07  2.42514e-07  3.11224e-07  1.33263e-12  1.25771e-14  1.79279e-06  
2.76355e-08  1.07936e-07  2.04128e-13  7.67718e-09  1.39017e-08  6.92204e-10  4.82589e-08  2.47253e-07  1.26927e-11  8.07944e-08  
9.19865e-12  6.62829e-09  2.04099e-08  1.68799e-09  4.15901e-09  2.108e-07  1.5888e-09  5.5729e-09  1.06157e-09  1.03062e-08  
1.15574e-12  4.12261e-09  2.67537e-14  4.68011e-10  8.79778e-10  4.54431e-13  2.06791e-14  3.25458e-19  1.78542e-09  9.83771e-10  
6.34731e-09  3.73706e-09  2.03646e-08  1.15316e-09  4.45216e-08  4.54202e-09  8.27541e-09  6.5335e-08  1.62569e-07  1.3144e-10  
3.47899e-06  3.11073e-07  2.17924e-07  1.87419e-11  8.40874e-10  5.10788e-08  5.4964e-11  8.83266e-08  7.1096e-09  7.73607e-08  
1.94301e-08  3.00292e-08  3.45626e-11  5.4622e-08  1.00587e-08  1.08485e-13  1.35013e-08  5.7877e-09  5.48485e-12  1.53346e-08  
3.20618e-09  1.77567e-08  3.27361e-15  1.04815e-10  3.2283e-09  1.20089e-15  3.17464e-09  5.36112e-09  1.23133e-12  5.82123e-09  
1.56735e-09  7.54523e-09  6.64601e-10  2.61114e-09  1.01825e-09  6.57449e-09  1.25067e-09  8.62201e-09  1.69773e-10  2.43914e-16  
1.11322e-09  2.74189e-11  1.09772e-11  5.5033e-09  1.33939e-09  1.13757e-08  5.85092e-12  5.90216e-15  9.24324e-09  1.70802e-09  
1.74889e-12  5.07943e-10  4.35267e-09  2.79683e-09  5.33675e-08  2.622e-12  1.03275e-15  1.42485e-08  1.9987e-13  5.27789e-16  
1.83889e-08  4.19917e-09  7.05976e-09  2.36324e-09  1.09426e-08  2.59963e-12  9.46075e-11  5.89285e-11  1.82219e-12  9.25535e-13  
5.5569e-12  1.1425e-09  2.36519e-09  8.49391e-10  2.98557e-09  3.57002e-10  5.45618e-11  1.49845e-09  3.30383e-10  1.94611e-09  
3.79253e-10  1.1052e-09  3.00084e-10  1.23645e-09  2.58818e-10  1.55835e-09  1.22827e-11  2.1125e-18  4.48341e-10  2.38713e-12  
9.11631e-15  1.30398e-09  4.76864e-10  1.61885e-09  5.23962e-10  2.36156e-09  4.9073e-10  3.36364e-09  1.0705e-09  4.52058e-09  
1.47327e-09  7.77104e-09  6.6749e-10  1.03205e-09  3.94326e-10  1.97208e-09  7.08389e-10  3.73678e-09  5.10542e-10  1.3166e-15  
6.83278e-17  1.25906e-09  5.11048e-10  2.5886e-09  9.04046e-10  5.07502e-09  4.57875e-13  3.41087e-11  6.4858e-10  2.41526e-12  
1.08456e-10  5.8872e-14  2.4223e-16  2.06262e-09  6.68036e-10  5.13257e-09  4.26979e-09  6.61494e-08  7.96541e-09  2.63494e-08  
1.60435e-12  9.33979e-11  2.1284e-09  7.40558e-09  9.38479e-10  3.19851e-09  5.48034e-10  3.15736e-09  7.08508e-13  9.1642e-11  
5.32589e-12  5.20325e-15  2.7124e-10  1.01309e-09  1.18293e-10  6.23388e-10  7.51839e-12  4.78746e-10  5.90833e-11  7.4417e-12  
1.04096e-10  9.33307e-13  6.73266e-14  3.16409e-11  5.01705e-13  2.52107e-10  9.52441e-11  4.1353e-10  1.74817e-10  7.78321e-10  
4.44639e-14  9.868e-12  1.59472e-10  7.72168e-13  7.56957e-15  2.89029e-10  1.20272e-10  5.7778e-10  2.25293e-10  1.16704e-09  
2.08814e-10  4.90761e-10  1.77383e-10  7.89613e-10  6.3926e-13  7.37291e-11  1.75666e-10  3.29084e-12  3.97215e-13  3.16725e-10  
2.42062e-10  8.15371e-10  3.3702e-10  1.72504e-09  2.08912e-10  1.5603e-10  4.48677e-13  3.12797e-15  1.69903e-10  8.49877e-10  
2.79738e-10  1.75165e-09  1.69698e-12  2.14865e-11  3.29795e-10  1.44656e-12  5.54016e-15  1.01843e-09  4.4836e-10  1.12056e-09  
2.20692e-12  2.70972e-10  2.05799e-10  2.55033e-13  5.77056e-11  5.51585e-10  1.57349e-10  9.31262e-10  1.73775e-10  9.64026e-10  
8.38957e-13  1.2206e-10  1.67661e-10  2.13378e-12  2.066e-10  3.64865e-10  5.76104e-12  7.39964e-10  3.02901e-10  1.34388e-09  
3.97356e-10  1.42764e-09  6.14978e-10  2.18158e-09  8.56884e-10  3.833e-09  1.62904e-09  6.01014e-12  6.34485e-10  2.2559e-09  
1.43303e-09  1.83131e-08  3.18072e-08  1.59434e-07  1.50914e-09  6.54691e-15  3.40116e-09  
1.12949e-21  8.38605e-15  2.51288e-25  7.51194e-31  0.202042  3.96144e-24  4.92942e-28  0  0.0123697  4.29286e-08  1.64719e-06  
1.01174e-13  0.000716489  2.82912e-07  4.21438e-26  3.98666e-16  0.000628091  1.27362e-06  9.01451e-05  5.37331e-17  4.5149e-18  
4.05339e-08  9.2355e-07  2.70909e-16  2.70859e-23  2.47796e-05  3.54658e-07  0.000886711  9.02021e-15  2.22978e-21  1.2042e-12  
1.89938e-05  2.64541e-11  2.69178e-25  1.69642e-05  2.82471e-06  2.01688e-06  5.88556e-16  6.3896e-18  1.33172e-07  1.07594e-21  
1.50822e-06  4.34125e-15  8.02082e-22  4.8859e-06  2.53374e-07  2.33906e-07  2.81268e-07  4.77498e-12  5.32384e-14  1.81098e-06  
2.6407e-08  1.05862e-07  9.8227e-13  6.8757e-09  1.43872e-08  6.36545e-10  4.39749e-08  2.56331e-07  5.34179e-11  7.86436e-08  
4.12674e-11  5.89699e-09  1.98936e-08  1.52138e-09  3.8319e-09  2.1717e-07  1.54536e-09  5.16591e-09  9.87647e-10  9.79949e-09  
5.56684e-12  3.66329e-09  9.70153e-14  4.7393e-10  7.99258e-10  1.70472e-12  6.84666e-14  4.28813e-18  1.69078e-09  9.65513e-10  
6.56044e-09  3.4247e-09  1.81578e-08  1.16163e-09  4.53464e-08  4.66355e-09  7.60113e-09  6.30799e-08  1.75161e-07  7.83318e-10  
3.5939e-06  2.91062e-07  1.97495e-07  7.18235e-11  7.5744e-10  4.67424e-08  2.82012e-10  9.50323e-08  6.72611e-09  7.51621e-08  
1.77509e-08  2.77551e-08  1.55288e-10  4.87912e-08  9.05373e-09  4.1985e-13  1.21027e-08  5.46779e-09  2.65725e-11  1.3807e-08  
2.8807e-09  1.59172e-08  1.08863e-14  9.71998e-11  2.87593e-09  3.95129e-15  2.82675e-09  4.77207e-09  4.13705e-12  5.18571e-09  
1.39752e-09  6.7239e-09  5.93901e-10  2.32037e-09  9.06917e-10  5.84855e-09  1.11589e-09  7.67028e-09  1.41479e-10  7.38838e-16  
9.92069e-10  3.57331e-11  1.03031e-11  4.88096e-09  1.19881e-09  1.01208e-08  2.9091e-11  2.16664e-14  8.20895e-09  1.48933e-09  
5.78349e-12  4.53805e-10  3.87707e-09  2.48514e-09  4.73987e-08  9.93895e-12  2.14055e-14  1.26591e-08  7.42012e-13  4.90539e-15  
1.63249e-08  3.73264e-09  6.27208e-09  2.10094e-09  9.70541e-09  1.02023e-11  8.48286e-11  5.11534e-11  3.54401e-12  4.29482e-12  
5.01885e-12  9.99611e-10  2.10569e-09  7.5327e-10  2.6508e-09  3.19237e-10  4.51118e-11  1.3287e-09  2.93011e-10  1.72829e-09  
3.33677e-10  9.82227e-10  2.65557e-10  1.09876e-09  2.29155e-10  1.3831e-09  1.01101e-11  6.17168e-18  3.95393e-10  3.0707e-12  
5.55201e-14  1.15984e-09  4.21469e-10  1.43868e-09  4.62553e-10  2.09823e-09  4.33941e-10  2.98712e-09  9.4677e-10  4.01605e-09  
1.30471e-09  6.89774e-09  5.87371e-10  9.17578e-10  3.48902e-10  1.75056e-09  6.26722e-10  3.31562e-09  4.52304e-10  4.4071e-15  
1.19207e-15  1.11565e-09  4.52878e-10  2.29618e-09  8.04105e-10  4.50004e-09  1.59879e-12  3.07008e-11  5.74471e-10  7.93681e-12  
9.52475e-11  1.91985e-13  4.40712e-15  1.82233e-09  5.94697e-10  4.55293e-09  3.78618e-09  5.87019e-08  7.06939e-09  2.33853e-08  
5.7453e-12  8.32043e-11  1.88781e-09  6.57553e-09  8.34446e-10  2.84027e-09  4.86356e-10  2.80166e-09  2.37342e-12  8.03336e-11  
2.69797e-11  1.03014e-13  2.15495e-10  9.04214e-10  1.0639e-10  5.51448e-10  2.85278e-11  4.07812e-10  2.82721e-11  1.61586e-11  
1.0117e-10  2.66001e-12  9.98227e-13  2.47444e-11  1.7224e-12  2.24175e-10  8.40265e-11  3.67351e-10  1.55858e-10  6.90496e-10  
1.75775e-13  8.65331e-12  1.41628e-10  2.10114e-12  5.30285e-14  2.54928e-10  1.07265e-10  5.12775e-10  2.00094e-10  1.03541e-09  
1.85366e-10  4.35751e-10  1.58239e-10  6.99889e-10  2.16141e-12  6.42052e-11  1.54149e-10  1.32551e-11  3.2651e-12  2.73438e-10  
2.08715e-10  7.2614e-10  3.00459e-10  1.53223e-09  1.86204e-10  1.38624e-10  1.52199e-12  5.77184e-15  1.49271e-10  7.55252e-10  
2.48151e-10  1.55562e-09  6.34197e-12  1.90795e-11  2.87366e-10  4.94591e-12  3.75685e-14  9.00845e-10  4.00571e-10  9.96182e-10  
8.70625e-12  2.37447e-10  1.73703e-10  8.99355e-13  5.06957e-11  4.93047e-10  1.41247e-10  8.29281e-10  1.54614e-10  8.55499e-10  
2.80177e-12  1.06141e-10  1.4711e-10  8.05101e-12  1.65266e-10  3.20694e-10  2.4436e-11  6.55177e-10  2.68763e-10  1.19415e-09  
3.53486e-10  1.27023e-09  5.46557e-10  1.93822e-09  7.60893e-10  3.40557e-09  1.44595e-09  2.96019e-11  5.62449e-10  1.98561e-09  
1.27454e-09  1.62635e-08  2.82521e-08  1.41672e-07  1.34408e-09  2.21794e-14  3.02445e-09  
6.31909e-22  1.17366e-14  7.33913e-26  3.35348e-31  0.206255  3.64336e-24  2.1063e-29  0  0.0112715  2.25439e-07  1.51056e-06  
2.83617e-14  0.000267406  4.91423e-07  4.60901e-27  1.4278e-16  0.000527692  1.02375e-06  0.000428476  1.39461e-16  1.2674e-18  
1.47904e-06  7.86474e-07  9.51538e-17  6.65477e-22  2.54087e-05  3.05756e-07  0.0008055  3.75046e-15  8.6028e-22  1.08852e-12  
1.66359e-05  9.91351e-12  9.71141e-26  1.53747e-05  2.40223e-06  1.70319e-06  3.42332e-16  2.24821e-18  2.31208e-07  1.12011e-21  
1.57424e-06  2.22313e-15  4.90324e-22  4.85835e-06  2.51153e-07  2.22318e-07  2.43134e-07  5.07529e-12  8.82104e-14  1.83458e-06  
2.48708e-08  1.0318e-07  1.75344e-12  5.85261e-09  1.50317e-08  5.45091e-10  3.81593e-08  2.68279e-07  8.16364e-11  7.58494e-08  
6.17405e-11  4.9704e-09  1.9252e-08  1.29224e-09  3.4115e-09  2.25475e-07  1.37367e-09  4.63921e-09  8.92699e-10  9.1596e-09  
8.94411e-12  3.07999e-09  4.92234e-14  4.81503e-10  6.96434e-10  2.46845e-12  4.80693e-14  1.5968e-18  1.57205e-09  9.47509e-10  
6.85673e-09  3.00096e-09  1.53546e-08  1.18093e-09  4.64239e-08  4.85756e-09  6.66903e-09  5.9756e-08  1.92567e-07  1.25132e-09  
3.74305e-06  2.63606e-07  1.69902e-07  1.08331e-10  6.49286e-10  4.11421e-08  4.18883e-10  1.04029e-07  5.93535e-09  7.25296e-08  
1.54634e-08  2.47781e-08  2.22382e-10  4.13682e-08  7.82691e-09  1.64073e-13  1.03082e-08  5.0671e-09  4.0549e-11  1.18698e-08  
2.46345e-09  1.3569e-08  4.82242e-15  8.76355e-11  2.42828e-09  1.88658e-15  2.38844e-09  4.02559e-09  3.57407e-12  4.37954e-09  
1.18209e-09  5.68072e-09  5.04263e-10  1.95179e-09  7.65921e-10  4.9273e-09  9.41086e-10  6.46678e-09  1.15069e-10  3.27883e-16  
8.38294e-10  3.80542e-11  9.22101e-12  4.09711e-09  1.01951e-09  8.52769e-09  4.31245e-11  9.80842e-15  6.89987e-09  1.2329e-09  
6.28701e-12  3.84122e-10  3.26846e-09  2.0902e-09  3.98372e-08  1.47222e-11  5.41899e-14  1.06423e-08  2.8986e-13  2.44476e-14  
1.37151e-08  3.14033e-09  5.27267e-09  1.76675e-09  8.14637e-09  1.55787e-11  7.22214e-11  4.27056e-11  4.26916e-12  7.49455e-12  
4.35921e-12  8.2707e-10  1.77364e-09  6.3186e-10  2.2274e-09  2.69282e-10  3.57e-11  1.11542e-09  2.45805e-10  1.45294e-09  
2.77534e-10  8.26398e-10  2.22119e-10  9.24472e-10  1.91603e-10  1.16227e-09  7.94012e-12  2.72824e-18  3.29536e-10  3.24433e-12  
9.37931e-14  9.76877e-10  3.52248e-10  1.21042e-09  3.86386e-10  1.76435e-09  3.62951e-10  2.51058e-09  7.92457e-10  3.37701e-09  
1.09324e-09  5.79486e-09  4.88987e-10  7.72295e-10  2.92187e-10  1.47074e-09  5.24814e-10  2.78493e-09  3.79565e-10  2.19986e-15  
4.17257e-15  9.35686e-10  3.80224e-10  1.92783e-09  6.77557e-10  3.77683e-09  8.55673e-13  2.63363e-11  4.83279e-10  7.17262e-12  
7.96431e-11  1.72569e-13  1.22495e-14  1.52733e-09  5.01467e-10  3.82278e-09  3.17775e-09  4.92897e-08  5.93615e-09  1.9633e-08  
7.89897e-12  7.01528e-11  1.58468e-09  5.52185e-09  7.02095e-10  2.38505e-09  4.08763e-10  2.35068e-09  1.9991e-12  6.67873e-11  
4.02139e-11  9.51065e-14  1.63802e-10  7.61527e-10  9.09724e-11  4.6125e-10  3.57962e-11  3.34434e-10  1.34662e-11  1.15988e-11  
9.00388e-11  9.65782e-13  2.32332e-12  1.83628e-11  1.95142e-12  1.92644e-10  7.03894e-11  3.08444e-10  1.31879e-10  5.79026e-10  
6.7829e-14  7.23482e-12  1.19285e-10  7.13925e-13  3.77373e-14  2.14324e-10  9.12152e-11  4.30059e-10  1.68595e-10  8.685e-10  
1.55906e-10  3.65691e-10  1.33945e-10  5.8611e-10  1.67049e-12  5.31145e-11  1.3014e-10  1.86012e-11  6.39571e-12  2.21926e-10  
1.70963e-10  6.107e-10  2.53757e-10  1.28674e-09  1.57287e-10  1.16569e-10  9.24841e-13  1.04144e-14  1.2547e-10  6.34045e-10  
2.08693e-10  1.30584e-09  9.35543e-12  1.64027e-11  2.37938e-10  6.26873e-12  3.26316e-14  7.52548e-10  3.38888e-10  8.37408e-10  
1.31342e-11  1.97285e-10  1.38462e-10  4.06328e-13  4.22972e-11  4.16352e-10  1.20085e-10  6.97764e-10  1.30643e-10  7.17665e-10  
2.82806e-12  8.77862e-11  1.23883e-10  1.12368e-11  1.27963e-10  2.65104e-10  3.2889e-11  5.4943e-10  2.25678e-10  1.00345e-09  
2.97924e-10  1.06819e-09  4.59339e-10  1.62783e-09  6.39114e-10  2.86019e-09  1.21472e-09  4.2521e-11  4.71535e-10  1.65382e-09  
1.07135e-09  1.36545e-08  2.37243e-08  1.19116e-07  1.13299e-09  1.07342e-14  2.54589e-09  
1.29179e-19  1.38186e-16  1.08942e-25  5.47305e-33  0.200522  3.64091e-24  2.24139e-29  0  0.0128865  2.31174e-09  1.54636e-06  
8.78649e-13  3.46864e-06  8.03764e-07  5.4454e-24  1.34045e-16  0.000539541  8.10748e-07  0.000216145  8.28255e-15  3.75403e-17  
1.40779e-07  9.95461e-07  1.21704e-14  4.70645e-21  2.5561e-05  4.20965e-07  0.00130013  6.32408e-13  3.43642e-20  1.24179e-12  
1.68724e-05  1.06949e-09  3.40854e-24  1.55232e-05  2.56836e-06  1.76548e-06  4.21504e-14  7.08402e-17  2.02278e-07  6.99655e-20  
1.56699e-06  2.57078e-13  2.05293e-20  4.86109e-06  2.52181e-07  2.24588e-07  2.46756e-07  7.32374e-11  1.10758e-12  1.83087e-06  
2.56295e-08  1.03532e-07  8.24125e-12  5.96164e-09  1.49299e-08  5.77954e-10  3.88314e-08  2.66555e-07  4.90661e-10  7.62166e-08  
1.19131e-10  5.05717e-09  1.92546e-08  1.34217e-09  3.44782e-09  2.24366e-07  1.56459e-09  4.7022e-09  9.06874e-10  9.2111e-09  
2.76373e-11  3.13154e-09  2.10673e-12  4.80693e-10  6.95061e-10  1.25764e-11  9.54647e-13  1.66389e-15  1.57471e-09  9.4391e-10  
6.7849e-09  3.0844e-09  1.56228e-08  1.17698e-09  4.62497e-08  4.84394e-09  6.82729e-09  5.94752e-08  1.89335e-07  2.72593e-09  
3.72076e-06  2.72139e-07  1.7498e-07  5.6733e-10  6.6059e-10  4.13709e-08  8.11727e-10  1.02236e-07  6.78084e-09  7.23662e-08  
1.5915e-08  2.52278e-08  3.82561e-10  4.20764e-08  7.76414e-09  1.78319e-11  1.04665e-08  5.09103e-09  1.03422e-10  1.20495e-08  
2.50906e-09  1.38176e-08  5.25359e-13  8.84223e-11  2.45603e-09  2.054e-13  2.3833e-09  4.09322e-09  5.80378e-11  4.453e-09  
1.2077e-09  5.77721e-09  5.14847e-10  1.97993e-09  7.79954e-10  5.01863e-09  9.68179e-10  6.57472e-09  1.00412e-10  3.09172e-14  
8.5493e-10  5.04092e-11  1.09156e-11  4.14963e-09  1.06002e-09  8.67163e-09  8.27261e-11  1.14358e-12  7.02037e-09  1.20926e-09  
5.90072e-11  3.9369e-10  3.29193e-09  2.12919e-09  4.05333e-08  6.76343e-11  2.64964e-13  1.07904e-08  1.84477e-11  6.10106e-13  
1.39294e-08  3.20594e-09  5.36885e-09  1.80284e-09  8.27778e-09  6.54827e-11  7.35788e-11  4.0577e-11  6.46534e-12  1.08803e-11  
4.30861e-12  7.88144e-10  1.81334e-09  6.39971e-10  2.26766e-09  2.76005e-10  3.13159e-11  1.13529e-09  2.48266e-10  1.48238e-09  
2.74852e-10  8.45346e-10  2.22213e-10  9.45688e-10  1.9192e-10  1.18567e-09  6.68258e-12  2.50705e-16  3.27629e-10  4.44889e-12  
2.37497e-13  1.00272e-09  3.53346e-10  1.23802e-09  3.88372e-10  1.80069e-09  3.65236e-10  2.55978e-09  8.01536e-10  3.44705e-09  
1.10681e-09  5.90429e-09  4.88626e-10  7.90877e-10  2.95569e-10  1.49909e-09  5.30615e-10  2.83817e-09  3.84054e-10  2.48882e-13  
7.37874e-14  9.50501e-10  3.84358e-10  1.96307e-09  6.94183e-10  3.8408e-09  3.16795e-11  2.7159e-11  4.62941e-10  4.2184e-11  
8.26325e-11  2.35884e-12  8.88746e-14  1.511e-09  5.15974e-10  3.89102e-09  3.23266e-09  5.01818e-08  6.04298e-09  1.99782e-08  
4.94582e-11  7.14643e-11  1.57799e-09  5.61856e-09  7.1856e-10  2.42499e-09  4.19197e-10  2.3855e-09  3.34248e-11  6.82208e-11  
4.82047e-11  2.94277e-12  1.3282e-10  7.70163e-10  9.86372e-11  4.64914e-10  5.16522e-11  3.32437e-10  4.42804e-12  5.86127e-12  
8.99946e-11  1.80383e-11  1.17823e-11  1.4719e-11  2.81029e-12  1.80197e-10  7.03009e-11  3.13532e-10  1.38267e-10  5.85888e-10  
7.11331e-12  7.74745e-12  1.16392e-10  1.55641e-11  4.98008e-12  1.96502e-10  9.45331e-11  4.34473e-10  1.74798e-10  8.80533e-10  
1.60111e-10  3.70348e-10  1.40242e-10  5.90809e-10  3.30752e-11  5.45248e-11  1.06743e-10  4.38182e-11  2.15535e-11  1.88981e-10  
1.63403e-10  6.21678e-10  2.63539e-10  1.30806e-09  1.63093e-10  1.1932e-10  2.55497e-11  8.49297e-15  1.04534e-10  6.40777e-10  
2.14993e-10  1.32561e-09  4.99989e-11  1.78975e-11  2.0795e-10  3.46728e-11  3.77592e-12  7.25632e-10  3.49971e-10  8.5323e-10  
4.90322e-11  1.96504e-10  1.04717e-10  1.5871e-11  4.48438e-11  4.05991e-10  1.26061e-10  7.10911e-10  1.36711e-10  7.27299e-10  
3.12048e-11  8.88975e-11  1.0102e-10  3.14715e-11  1.1948e-10  2.40172e-10  5.07846e-11  5.58493e-10  2.29616e-10  1.02139e-09  
3.0705e-10  1.08746e-09  4.68583e-10  1.6553e-09  6.52164e-10  2.90672e-09  1.24322e-09  7.8142e-11  4.77096e-10  1.65258e-09  
1.09188e-09  1.38857e-08  2.41397e-08  1.21277e-07  1.15942e-09  3.92492e-13  2.59106e-09  
2.11242e-19  3.30424e-16  8.06257e-25  1.0905e-34  0.196266  3.50161e-24  1.23086e-27  0  0.0142512  2.65185e-10  1.5263e-06  
2.76452e-12  3.50138e-07  5.00091e-07  7.07467e-23  3.73761e-17  0.000539639  4.12573e-07  9.53163e-06  3.42517e-16  9.12548e-17  
1.01841e-08  1.54083e-06  1.74626e-14  1.22867e-21  2.59855e-05  5.3915e-07  0.00149925  6.74483e-13  8.68369e-20  2.34595e-12  
1.69226e-05  1.61504e-09  1.59934e-23  1.54428e-05  3.30462e-06  1.94754e-06  5.2151e-14  1.75424e-16  8.31134e-08  2.4604e-19  
1.55883e-06  2.57414e-13  2.17029e-20  4.86052e-06  2.6099e-07  2.3686e-07  2.45325e-07  4.44399e-10  1.83532e-11  1.81697e-06  
3.10571e-08  1.06687e-07  7.22629e-11  6.07376e-09  1.4567e-08  7.6817e-10  4.02887e-08  2.61252e-07  1.72874e-09  7.77498e-08  
6.96041e-10  5.02222e-09  1.86693e-08  1.57468e-09  3.42235e-09  2.2157e-07  2.56232e-09  4.85444e-09  9.56152e-10  9.09883e-09  
2.09051e-10  3.08317e-09  6.62002e-12  4.80145e-10  5.96199e-10  8.13741e-11  6.91645e-12  3.11177e-14  1.49115e-09  9.21722e-10  
6.38907e-09  3.4556e-09  1.55483e-08  1.16609e-09  4.55587e-08  4.93528e-09  7.4575e-09  5.38535e-08  1.75322e-07  1.54829e-08  
3.64392e-06  3.29349e-07  2.01148e-07  4.74128e-09  8.17825e-10  3.91365e-08  4.20541e-09  9.36438e-08  1.30256e-08  6.92009e-08  
1.81589e-08  2.69915e-08  1.932e-09  4.18914e-08  6.18246e-09  2.07567e-11  1.03258e-08  4.92497e-09  5.30299e-10  1.20574e-08  
2.54523e-09  1.3999e-08  5.91057e-13  8.70792e-11  2.32033e-09  2.1314e-13  2.15746e-09  4.01503e-09  2.52282e-10  4.47226e-09  
1.24471e-09  5.72612e-09  5.21582e-10  1.91769e-09  7.70387e-10  5.02128e-09  1.03812e-09  6.49554e-09  2.27777e-11  7.66785e-15  
8.61403e-10  7.26798e-11  2.79092e-11  3.94214e-09  1.21451e-09  8.59827e-09  4.50467e-10  1.45185e-12  6.96715e-09  8.78048e-10  
2.65023e-10  5.09361e-10  3.05021e-09  2.10505e-09  4.00571e-08  5.15813e-10  1.63052e-11  1.03585e-08  4.05051e-11  2.2689e-11  
1.3627e-08  3.27847e-09  5.35161e-09  1.83023e-09  8.06655e-09  4.9844e-10  9.71145e-11  2.07981e-11  1.26719e-11  8.56063e-11  
3.33301e-12  4.06716e-10  1.72921e-09  6.08047e-10  2.23828e-09  2.80244e-10  7.18551e-12  1.11272e-09  2.37206e-10  1.48761e-09  
2.45836e-10  8.31451e-10  2.07308e-10  9.52323e-10  1.83732e-10  1.1816e-09  1.02723e-12  3.90054e-17  2.92809e-10  6.63843e-12  
1.14634e-12  1.02291e-09  3.33149e-10  1.25705e-09  3.66476e-10  1.80674e-09  3.44492e-10  2.55606e-09  7.62555e-10  3.49443e-09  
1.05493e-09  5.89457e-09  4.35522e-10  7.85508e-10  2.86769e-10  1.49516e-09  5.06072e-10  2.83302e-09  3.7118e-10  2.71894e-13  
1.79928e-12  9.19485e-10  3.63608e-10  1.93605e-09  7.19444e-10  3.7883e-09  1.0414e-10  5.82756e-11  4.43475e-10  1.37564e-10  
2.35765e-10  2.60681e-11  9.12191e-12  1.16289e-09  4.84232e-10  3.87019e-09  3.18518e-09  4.98323e-08  5.99451e-09  1.97398e-08  
3.46486e-10  1.10502e-10  1.34317e-09  5.49862e-09  7.42069e-10  2.38506e-09  4.36407e-10  2.30548e-09  1.2527e-10  1.78579e-10  
1.43855e-10  1.33617e-11  1.50317e-11  5.5193e-10  1.21059e-10  4.8615e-10  7.17245e-11  3.71191e-10  7.44948e-15  5.66094e-15  
6.92734e-11  2.22495e-11  7.25148e-11  1.41669e-12  3.68516e-13  8.41374e-11  3.31146e-11  3.11514e-10  1.5202e-10  5.85834e-10  
1.10084e-11  2.67204e-11  1.22745e-10  2.82177e-11  3.78688e-11  1.127e-10  8.64436e-11  4.31765e-10  1.84933e-10  8.64059e-10  
1.61792e-10  3.60755e-10  1.47847e-10  5.64503e-10  1.11054e-10  1.68187e-10  9.01114e-11  6.29405e-11  1.5905e-10  3.18209e-11  
4.38359e-11  5.49932e-10  2.70876e-10  1.30051e-09  1.71433e-10  1.26808e-10  7.91848e-11  1.84299e-15  9.27888e-11  6.01912e-10  
2.13894e-10  1.28566e-09  3.04944e-10  1.23847e-10  1.01348e-10  5.5155e-11  2.60124e-11  4.06297e-10  3.50042e-10  8.8846e-10  
2.36062e-10  3.04792e-10  2.5172e-11  7.29358e-12  6.34046e-11  2.06191e-10  8.81194e-11  7.04581e-10  1.48676e-10  7.22633e-10  
9.35022e-11  2.33518e-10  5.24316e-11  2.79933e-11  1.24144e-10  6.89504e-11  3.44421e-11  5.56267e-10  2.31713e-10  1.01629e-09  
3.26596e-10  1.09383e-09  4.74793e-10  1.62891e-09  6.59757e-10  2.83424e-09  1.29935e-09  3.52273e-10  5.33648e-10  1.35271e-09  
1.06457e-09  1.36299e-08  2.3837e-08  1.20656e-07  1.21993e-09  1.37629e-12  2.57418e-09  
6.81482e-20  1.40243e-16  1.81263e-25  4.55338e-36  0.192465  3.22185e-24  2.82169e-28  0  0.0155099  1.75763e-10  1.51052e-06  
4.93369e-13  2.86633e-11  1.52637e-07  3.04747e-24  2.98292e-22  0.000546841  1.70747e-07  1.34581e-07  7.94305e-19  1.27788e-17  
2.14802e-13  1.86618e-06  3.76831e-15  4.52e-27  2.62903e-05  5.78801e-07  0.00150469  1.12377e-13  1.25234e-20  2.40223e-12  
1.70878e-05  3.75297e-10  2.60354e-24  1.54214e-05  4.41922e-06  2.191e-06  1.12631e-14  2.88576e-17  2.22551e-08  4.60308e-20  
1.54101e-06  4.25322e-14  9.32722e-22  4.86121e-06  2.73582e-07  2.58205e-07  2.45612e-07  1.30614e-10  7.18974e-12  1.79643e-06  
3.60695e-08  1.11592e-07  8.38772e-11  6.36805e-09  1.40983e-08  9.61081e-10  4.50472e-08  2.5303e-07  1.04647e-09  8.10334e-08  
1.53925e-09  5.05404e-09  1.78811e-08  1.82312e-09  3.45537e-09  2.17073e-07  2.98348e-09  5.16923e-09  1.03379e-09  8.98852e-09  
3.10062e-10  3.11333e-09  1.53132e-12  4.78849e-10  6.20677e-10  5.02237e-11  1.47175e-12  1.58137e-15  1.43874e-09  9.16334e-10  
5.85014e-09  3.93031e-09  1.56357e-08  1.14984e-09  4.45135e-08  5.00593e-09  8.43817e-09  4.86198e-08  1.55818e-07  2.6728e-08  
3.52982e-06  3.99969e-07  2.49788e-07  3.98963e-09  1.23194e-09  4.46969e-08  8.01629e-09  8.19589e-08  1.84923e-08  6.718e-08  
2.14752e-08  3.04047e-08  4.21648e-09  4.19626e-08  4.48462e-09  3.46299e-12  1.04677e-08  4.57208e-09  6.25429e-10  1.23101e-08  
2.61118e-09  1.4403e-08  1.2683e-13  8.53569e-11  2.22929e-09  4.2242e-14  2.33625e-09  3.91581e-09  7.59676e-11  4.48919e-09  
1.28356e-09  5.75004e-09  5.25361e-10  1.88472e-09  7.56506e-10  5.05434e-09  1.09455e-09  6.5064e-09  2.74294e-12  1.89844e-16  
8.67808e-10  3.79246e-11  2.32907e-11  3.76467e-09  1.28863e-09  8.68241e-09  8.89581e-10  3.14396e-13  7.0474e-09  6.63352e-10  
6.9589e-11  6.36163e-10  3.04998e-09  2.08181e-09  3.98026e-08  3.97996e-10  5.22782e-11  1.06027e-08  1.0036e-11  1.12134e-11  
1.3428e-08  3.39938e-09  5.40753e-09  1.87803e-09  7.88348e-09  4.46186e-10  1.59105e-10  7.98094e-12  7.82368e-12  2.11416e-10  
2.31335e-12  5.10597e-10  1.64228e-09  5.66305e-10  2.18556e-09  2.76629e-10  8.81566e-13  1.08245e-09  2.30694e-10  1.48343e-09  
2.43212e-10  8.08283e-10  2.00986e-10  9.39593e-10  1.82128e-10  1.17822e-09  7.40308e-14  4.7031e-19  2.88088e-10  3.82688e-12  
7.85168e-13  1.01677e-09  3.30365e-10  1.26768e-09  3.66192e-10  1.81413e-09  3.42503e-10  2.55726e-09  7.44256e-10  3.55689e-09  
1.03201e-09  5.91505e-09  4.20071e-10  7.55202e-10  2.77013e-10  1.48454e-09  4.97263e-10  2.83189e-09  3.69087e-10  5.76678e-14  
1.46028e-12  8.98009e-10  3.51281e-10  1.89647e-09  7.27493e-10  3.77938e-09  2.49105e-11  8.08132e-11  5.0404e-10  8.23839e-11  
3.64698e-10  1.59478e-11  3.00442e-11  1.10495e-09  4.21946e-10  3.91152e-09  3.16304e-09  4.98569e-08  5.98989e-09  1.96116e-08  
1.84486e-10  1.81394e-10  1.58335e-09  5.4028e-09  7.57585e-10  2.37732e-09  4.42496e-10  2.25235e-09  4.05166e-11  2.29282e-10  
2.42744e-10  1.1554e-11  9.30366e-12  4.52513e-10  1.13639e-10  5.07987e-10  7.56866e-11  4.1925e-10  2.22507e-14  1.35764e-14  
7.8744e-11  1.33932e-11  4.99756e-11  5.15601e-14  1.29327e-14  1.21674e-10  4.31311e-11  2.82246e-10  1.36056e-10  5.63771e-10  
2.52357e-12  2.75291e-11  1.22639e-10  1.33886e-11  6.29317e-12  1.54209e-10  9.43317e-11  4.2072e-10  1.82098e-10  8.63136e-10  
1.6152e-10  3.59796e-10  1.46949e-10  5.56544e-10  3.55003e-11  1.98598e-10  1.27333e-10  8.56689e-11  2.57886e-10  2.82113e-11  
2.63328e-11  5.22855e-10  2.44796e-10  1.25941e-09  1.67904e-10  1.25947e-10  2.44872e-11  2.01198e-16  1.26668e-10  6.38915e-10  
2.22691e-10  1.26699e-09  1.90437e-10  2.61086e-10  2.38263e-10  6.71004e-11  1.0235e-11  3.03388e-10  3.29973e-10  8.71212e-10  
1.91253e-10  4.60397e-10  7.60267e-11  6.75645e-12  9.38258e-11  1.651e-10  5.31445e-11  6.39056e-10  1.3562e-10  7.08486e-10  
4.33496e-11  2.66625e-10  9.87104e-11  4.41224e-11  1.70834e-10  3.68652e-11  1.26349e-11  5.2654e-10  2.18e-10  1.00135e-09  
3.30485e-10  1.12518e-09  4.88195e-10  1.62731e-09  6.65571e-10  2.78242e-09  1.35153e-09  5.62714e-10  7.79736e-10  1.04907e-09  
9.74255e-10  1.34241e-08  2.36512e-08  1.21041e-07  1.31883e-09  3.45534e-13  2.58035e-09  
2.47225e-21  1.90785e-17  2.92281e-27  1.99467e-38  0.188659  2.90334e-24  4.27728e-30  0  0.0167585  4.87901e-11  1.492e-06  
1.34291e-14  7.19944e-11  3.75598e-08  4.02285e-27  1.05474e-23  0.000561605  6.75923e-08  3.52593e-09  3.1651e-22  3.39058e-19  
2.95422e-14  1.92058e-06  6.97465e-17  1.6985e-29  2.64488e-05  5.98667e-07  0.00150363  1.81845e-15  3.05023e-22  2.06175e-12  
1.72278e-05  6.95835e-12  6.25077e-26  1.54311e-05  5.30515e-06  2.40523e-06  1.5955e-16  8.28805e-19  7.7332e-09  9.68739e-22  
1.52577e-06  5.67351e-16  8.4129e-24  4.86261e-06  2.8251e-07  2.76491e-07  2.46562e-07  2.00105e-12  5.84016e-14  1.78053e-06  
3.7975e-08  1.13361e-07  1.22449e-12  6.64898e-09  1.38186e-08  1.06956e-09  5.13908e-08  2.4658e-07  3.00804e-11  8.38535e-08  
2.19117e-09  5.11313e-09  1.73104e-08  1.95304e-09  3.50503e-09  2.13469e-07  3.037e-09  5.43462e-09  1.09493e-09  8.92578e-09  
1.01135e-11  3.17754e-09  2.82747e-14  4.77697e-10  9.78436e-10  1.21061e-12  2.17868e-14  4.22701e-19  1.44243e-09  8.94207e-10  
5.45846e-09  4.24651e-09  1.57668e-08  1.1314e-09  4.37185e-08  4.98925e-09  9.23611e-09  6.43171e-08  1.41601e-07  1.35478e-08  
3.44525e-06  4.42479e-07  2.94027e-07  6.89433e-11  1.31562e-09  5.35837e-08  7.11441e-09  7.37461e-08  2.05772e-08  7.0876e-08  
2.39489e-08  3.35527e-08  5.98436e-09  4.20885e-08  3.643e-09  5.09877e-14  1.12826e-08  4.23111e-09  5.45697e-11  1.24466e-08  
2.6605e-09  1.47439e-08  2.42675e-15  8.39367e-11  2.21582e-09  6.79644e-16  2.45603e-09  3.84969e-09  1.33867e-12  4.45994e-09  
1.29068e-09  5.79686e-09  5.28234e-10  1.88106e-09  7.50284e-10  5.07376e-09  1.11556e-09  6.55257e-09  5.26395e-13  5.78579e-19  
8.72724e-10  1.92118e-11  1.39965e-11  3.66705e-09  1.27919e-09  8.7875e-09  9.35338e-10  5.74598e-15  7.17342e-09  8.08736e-10  
1.37324e-12  6.54638e-10  3.00039e-09  2.06651e-09  3.96892e-08  5.33893e-12  5.19868e-11  1.11121e-08  2.10141e-13  2.82227e-14  
1.33494e-08  3.45881e-09  5.47483e-09  1.91245e-09  7.78684e-09  6.18645e-12  1.71415e-10  3.74617e-12  4.30131e-12  3.77182e-12  
1.73797e-12  1.00454e-09  1.85431e-09  5.81911e-10  2.15027e-09  2.72395e-10  1.73134e-13  1.06002e-09  2.26992e-10  1.47024e-09  
2.43921e-10  7.98888e-10  2.00158e-10  9.2605e-10  1.81171e-10  1.17126e-09  2.51296e-14  2.0904e-21  2.90309e-10  2.24326e-12  
1.50607e-13  1.00898e-09  3.30952e-10  1.26863e-09  3.68884e-10  1.82197e-09  3.45625e-10  2.56372e-09  7.40556e-10  3.59406e-09  
1.03302e-09  5.93639e-09  4.20318e-10  7.41135e-10  2.71906e-10  1.46751e-09  4.93665e-10  2.82675e-09  3.69328e-10  1.0053e-15  
1.831e-13  8.92561e-10  3.48446e-10  1.86833e-09  7.20693e-10  3.78105e-09  4.50494e-13  7.97092e-11  5.01884e-10  3.25714e-12  
2.91519e-10  2.29505e-13  2.98345e-11  1.26152e-09  4.35875e-10  3.94729e-09  3.16624e-09  4.99827e-08  6.00085e-09  1.95562e-08  
2.64653e-12  1.81402e-10  1.78174e-09  5.44089e-09  7.6206e-10  2.38758e-09  4.40305e-10  2.23374e-09  7.59062e-13  1.72143e-10  
1.38313e-10  1.8224e-13  1.24153e-10  6.09442e-10  9.35867e-11  4.62243e-10  6.78421e-11  4.16726e-10  6.20479e-13  2.74223e-13  
7.93405e-11  6.3908e-13  6.54858e-12  1.0302e-14  6.93682e-16  1.80921e-10  6.72498e-11  2.90733e-10  1.35829e-10  5.51616e-10  
4.46956e-14  1.87665e-11  1.177e-10  5.28652e-13  1.2283e-14  1.96513e-10  9.06221e-11  4.05491e-10  1.73463e-10  8.52672e-10  
1.58924e-10  3.59734e-10  1.44742e-10  5.57137e-10  6.77937e-13  1.33407e-10  1.3487e-10  1.20683e-11  6.90912e-11  1.68329e-10  
1.6842e-10  6.0288e-10  2.63327e-10  1.24879e-09  1.63771e-10  1.22784e-10  4.67343e-13  3.36833e-17  1.32461e-10  6.43768e-10  
2.24714e-10  1.27852e-09  3.35625e-12  2.14159e-10  3.00811e-10  2.7214e-12  5.7206e-14  5.69106e-10  3.42922e-10  8.65249e-10  
6.2006e-12  3.77189e-10  1.59161e-10  2.87879e-13  8.22599e-11  3.43708e-10  9.38618e-11  6.69821e-10  1.34959e-10  6.91563e-10  
9.97431e-13  1.65103e-10  1.31769e-10  5.38476e-12  1.18002e-10  1.73415e-10  4.37666e-11  5.45988e-10  2.2196e-10  9.93042e-10  
3.24665e-10  1.14337e-09  4.96591e-10  1.64186e-09  6.6688e-10  2.76671e-09  1.36222e-09  3.71357e-10  9.79302e-10  1.18318e-09  
9.00118e-10  1.33098e-08  2.3552e-08  1.21605e-07  1.39356e-09  6.78562e-15  2.59114e-09  
1.09999e-21  1.42494e-17  1.04401e-27  5.01747e-39  0.187989  2.84241e-24  6.13423e-31  0  0.0169765  2.94879e-11  1.48676e-06  
5.27421e-15  1.77154e-10  3.0748e-08  6.81928e-28  9.93891e-24  0.000565444  5.67071e-08  4.0995e-09  1.31735e-22  1.59856e-19  
3.21358e-14  1.92013e-06  2.63373e-17  7.70463e-30  2.64635e-05  6.0067e-07  0.00150354  6.636e-16  1.41614e-22  1.30245e-12  
1.72387e-05  2.08745e-12  1.89126e-26  1.54331e-05  5.37005e-06  2.42558e-06  4.38071e-17  3.99123e-19  7.07184e-09  4.0472e-22  
1.52452e-06  1.85921e-16  3.61172e-24  4.86283e-06  2.83111e-07  2.78e-07  2.46668e-07  5.47787e-13  1.4978e-14  1.7793e-06  
3.80183e-08  1.13423e-07  2.72378e-13  6.67235e-09  1.37893e-08  1.07835e-09  5.19266e-08  2.46058e-07  8.15819e-12  8.4089e-08  
2.21912e-09  5.11884e-09  1.72905e-08  1.96143e-09  3.50963e-09  2.13173e-07  3.03691e-09  5.45683e-09  1.09951e-09  8.92173e-09  
1.56913e-12  3.18241e-09  8.05873e-15  4.77602e-10  9.88534e-10  3.27859e-13  6.10036e-15  3.43666e-20  1.4434e-09  8.91598e-10  
5.42708e-09  4.27092e-09  1.57792e-08  1.12871e-09  4.36576e-08  4.98047e-09  9.30429e-09  7.35342e-08  1.40463e-07  4.60302e-09  
3.43887e-06  4.45107e-07  2.97801e-07  1.84239e-11  1.31425e-09  5.40794e-08  4.06565e-09  7.31201e-08  2.0672e-08  7.42388e-08  
2.40987e-08  3.38192e-08  5.9547e-09  4.21014e-08  3.76914e-09  1.58069e-14  1.13629e-08  4.20321e-09  8.19815e-12  1.24462e-08  
2.66376e-09  1.4771e-08  7.33079e-16  8.38183e-11  2.21774e-09  1.92772e-16  2.45954e-09  3.84508e-09  3.73105e-13  4.45793e-09  
1.28983e-09  5.80145e-09  5.28311e-10  1.88182e-09  7.49896e-10  5.0747e-09  1.11638e-09  6.55694e-09  4.67295e-13  1.45188e-19  
8.72997e-10  1.80926e-11  1.33371e-11  3.66133e-09  1.27485e-09  8.79714e-09  7.06768e-10  1.76415e-15  7.18163e-09  1.04071e-09  
4.91586e-13  6.55049e-10  3.00694e-09  2.06485e-09  3.96798e-08  1.39546e-12  4.60491e-11  1.11256e-08  6.85169e-14  6.03757e-15  
1.33501e-08  3.4603e-09  5.48099e-09  1.9149e-09  7.78056e-09  1.54795e-12  1.71039e-10  3.51588e-12  4.07713e-12  8.82455e-13  
1.69785e-12  9.9498e-10  1.87274e-09  5.85759e-10  2.14914e-09  2.72278e-10  1.54306e-13  1.05808e-09  2.26876e-10  1.46854e-09  
2.44389e-10  7.97968e-10  2.00486e-10  9.24644e-10  1.8138e-10  1.17022e-09  3.83951e-14  1.02999e-21  2.91119e-10  2.14606e-12  
3.55734e-14  1.00766e-09  3.31396e-10  1.26801e-09  3.69297e-10  1.82234e-09  3.46215e-10  2.56426e-09  7.40446e-10  3.59619e-09  
1.03379e-09  5.93803e-09  4.20716e-10  7.40066e-10  2.71754e-10  1.46594e-09  4.93515e-10  2.8256e-09  3.69422e-10  2.91685e-16  
3.52382e-14  8.92328e-10  3.48499e-10  1.86623e-09  7.19555e-10  3.7811e-09  1.27846e-13  7.93537e-11  5.00589e-10  9.43287e-13  
2.8113e-10  6.20565e-14  2.66117e-11  1.27347e-09  4.38412e-10  3.94854e-09  3.16973e-09  4.99929e-08  6.0019e-09  1.95516e-08  
7.13947e-13  1.8029e-10  1.78342e-09  5.44645e-09  7.61923e-10  2.38926e-09  4.39406e-10  2.23343e-09  2.11744e-13  1.66626e-10  
5.47363e-11  2.06379e-14  1.99722e-10  6.29659e-10  9.30052e-11  4.58308e-10  6.53507e-11  4.14433e-10  1.82755e-12  6.60141e-13  
7.9316e-11  1.93996e-13  2.01033e-12  3.94749e-14  8.40505e-16  1.84597e-10  6.98863e-11  2.91934e-10  1.35583e-10  5.51934e-10  
1.31556e-14  1.80331e-11  1.1713e-10  1.58441e-13  2.52615e-15  1.99118e-10  9.0117e-11  4.04834e-10  1.72284e-10  8.51503e-10  
1.58396e-10  3.59817e-10  1.44104e-10  5.57712e-10  1.89464e-13  1.27686e-10  1.33812e-10  2.9684e-12  1.423e-11  1.89329e-10  
2.04121e-10  6.14218e-10  2.6565e-10  1.25073e-09  1.63418e-10  1.22579e-10  1.32033e-13  2.8916e-17  1.31927e-10  6.43689e-10  
2.24117e-10  1.28001e-09  8.85344e-13  2.06442e-10  2.94601e-10  7.49586e-13  1.44999e-14  5.90651e-10  3.42328e-10  8.65071e-10  
1.53398e-12  3.63209e-10  1.55887e-10  7.9711e-14  7.95273e-11  3.60107e-10  9.88431e-11  6.75873e-10  1.35083e-10  6.91545e-10  
2.76976e-13  1.56623e-10  1.31565e-10  1.42614e-12  1.07368e-10  1.92417e-10  4.76193e-11  5.44945e-10  2.21989e-10  9.93115e-10  
3.23731e-10  1.14498e-09  4.96934e-10  1.64359e-09  6.66515e-10  2.76704e-09  1.36052e-09  1.76757e-10  9.81139e-10  1.38314e-09  
8.99547e-10  1.33015e-08  2.35437e-08  1.21651e-07  1.39882e-09  1.96458e-15  2.59205e-09  
2.47043e-22  7.70278e-18  1.65364e-28  1.58935e-40  0.187742  2.81864e-24  3.85772e-32  0  0.0170568  1.53886e-11  1.48414e-06  
1.46223e-15  3.79223e-10  2.88237e-08  3.93246e-29  4.23256e-24  0.000567092  5.30649e-08  4.6714e-09  2.55658e-23  4.07581e-20  
2.10164e-14  1.91974e-06  4.74136e-18  8.42799e-31  2.6468e-05  6.01309e-07  0.00150352  1.21416e-16  3.16486e-23  7.70052e-13  
1.72416e-05  4.22728e-13  2.50919e-27  1.54337e-05  5.38565e-06  2.4311e-06  7.76777e-18  8.88422e-20  6.90841e-09  6.35432e-23  
1.52419e-06  3.44279e-17  7.4057e-25  4.8629e-06  2.83255e-07  2.78394e-07  2.46699e-07  1.03233e-13  2.64486e-15  1.77899e-06  
3.80205e-08  1.13439e-07  5.15739e-14  6.67841e-09  1.37815e-08  1.08076e-09  5.2068e-08  2.45921e-07  1.56133e-12  8.4151e-08  
2.21037e-09  5.12036e-09  1.73015e-08  1.96356e-09  3.5109e-09  2.13095e-07  3.0367e-09  5.46271e-09  1.10066e-09  8.92075e-09  
3.55832e-13  3.18373e-09  1.57298e-15  4.77578e-10  9.90077e-10  6.32387e-14  1.17996e-15  1.32188e-21  1.44372e-09  8.90868e-10  
5.41884e-09  4.27732e-09  1.57825e-08  1.12787e-09  4.36421e-08  4.97742e-09  9.32248e-09  7.63824e-08  1.40164e-07  1.836e-09  
3.43725e-06  4.45731e-07  2.98793e-07  3.50258e-12  1.31385e-09  5.42117e-08  2.47775e-09  7.29585e-08  2.06928e-08  7.59171e-08  
2.41303e-08  3.38891e-08  5.83424e-09  4.21052e-08  3.91578e-09  3.30818e-15  1.13781e-08  4.19625e-09  2.10496e-12  1.24458e-08  
2.66458e-09  1.4778e-08  1.46826e-16  8.37872e-11  2.21849e-09  3.65576e-17  2.46036e-09  3.84392e-09  7.18798e-14  4.45749e-09  
1.28949e-09  5.80274e-09  5.28306e-10  1.88211e-09  7.4979e-10  5.07489e-09  1.11654e-09  6.55812e-09  4.60396e-13  2.70878e-20  
8.73048e-10  1.78085e-11  1.31693e-11  3.66003e-09  1.27337e-09  8.79984e-09  5.49923e-10  3.56685e-16  7.18313e-09  1.19613e-09  
1.09384e-13  6.55143e-10  3.01169e-09  2.06442e-09  3.96773e-08  2.67987e-13  4.16991e-11  1.11293e-08  2.17864e-14  1.03339e-15  
1.33532e-08  3.46051e-09  5.48265e-09  1.91552e-09  7.77902e-09  2.9636e-13  1.70934e-10  3.46006e-12  4.02009e-12  1.70342e-13  
1.68787e-12  9.92554e-10  1.87729e-09  5.86855e-10  2.14892e-09  2.72275e-10  1.52281e-13  1.05755e-09  2.26874e-10  1.46804e-09  
2.4458e-10  7.97682e-10  2.00625e-10  9.24228e-10  1.81475e-10  1.1699e-09  4.97308e-14  2.43099e-22  2.91406e-10  2.12183e-12  
1.13007e-14  1.00722e-09  3.31571e-10  1.26777e-09  3.6944e-10  1.82239e-09  3.46414e-10  2.56439e-09  7.4043e-10  3.59667e-09  
1.03405e-09  5.93844e-09  4.20866e-10  7.39753e-10  2.71737e-10  1.46553e-09  4.93499e-10  2.82523e-09  3.69462e-10  5.55307e-17  
8.75796e-15  8.92272e-10  3.48522e-10  1.86568e-09  7.19205e-10  3.78113e-09  2.49379e-14  7.92595e-11  5.00289e-10  1.89016e-13  
2.78395e-10  1.19615e-14  2.42103e-11  1.27679e-09  4.39043e-10  3.94886e-09  3.17221e-09  4.99956e-08  6.0022e-09  1.95504e-08  
1.36265e-13  1.79996e-10  1.78385e-09  5.44799e-09  7.61832e-10  2.38978e-09  4.39088e-10  2.23346e-09  4.0745e-14  1.65202e-10  
2.43923e-11  1.80401e-15  2.27315e-10  6.35432e-10  9.2911e-11  4.57402e-10  6.3535e-11  4.13712e-10  3.16989e-12  8.31728e-13  
7.93816e-11  4.01038e-14  8.61312e-13  8.22276e-14  5.02194e-16  1.85548e-10  7.05757e-11  2.92294e-10  1.35463e-10  5.52096e-10  
2.61202e-15  1.78448e-11  1.16968e-10  3.23913e-14  4.28862e-16  1.99807e-10  8.99647e-11  4.04751e-10  1.71919e-10  8.51223e-10  
1.58225e-10  3.59868e-10  1.43874e-10  5.5794e-10  3.64031e-14  1.26219e-10  1.33551e-10  6.47473e-13  4.03287e-12  1.94738e-10  
2.09185e-10  6.17179e-10  2.66234e-10  1.25137e-09  1.63294e-10  1.22522e-10  2.57076e-14  2.77959e-17  1.31832e-10  6.43706e-10  
2.23894e-10  1.28045e-09  1.67186e-13  2.039e-10  2.93155e-10  1.60761e-13  2.70173e-15  5.9668e-10  3.4222e-10  8.65054e-10  
2.97981e-13  3.59593e-10  1.55393e-10  1.53107e-14  7.87993e-11  3.63958e-10  1.00086e-10  6.77568e-10  1.35069e-10  6.91618e-10  
5.32016e-14  1.54497e-10  1.31507e-10  2.81582e-13  1.06417e-10  1.97422e-10  4.69692e-11  5.44533e-10  2.21954e-10  9.93147e-10  
3.23421e-10  1.14546e-09  4.96999e-10  1.64409e-09  6.66367e-10  2.76727e-09  1.35984e-09  9.26021e-11  9.79855e-10  1.4699e-09  
9.00085e-10  1.32994e-08  2.35416e-08  1.21663e-07  1.40011e-09  3.92507e-16  2.5923e-09  
8.36997e-23  5.29923e-18  4.0615e-29  0  0.187603  2.804e-24  4.13966e-33  0  0.0171016  7.77635e-12  1.48187e-06  
4.64542e-16  6.94676e-10  2.79547e-08  3.37632e-30  2.22694e-24  0.000568214  5.10647e-08  5.5227e-09  8.29328e-24  1.54893e-20  
9.86871e-15  1.91951e-06  1.36394e-18  1.14264e-31  2.64702e-05  6.01641e-07  0.00150352  3.47896e-17  1.13328e-23  3.58478e-13  
1.72426e-05  7.58771e-14  4.14498e-28  1.5434e-05  5.39038e-06  2.43314e-06  1.61795e-18  3.13034e-20  6.84979e-09  1.74745e-23  
1.52407e-06  9.25774e-18  2.50976e-25  4.86293e-06  2.833e-07  2.78536e-07  2.46711e-07  1.95471e-14  5.50377e-16  1.77888e-06  
3.80164e-08  1.13444e-07  1.76628e-14  6.68058e-09  1.37785e-08  1.08171e-09  5.21186e-08  2.45871e-07  3.91854e-13  8.41739e-08  
2.18519e-09  5.12091e-09  1.73275e-08  1.96431e-09  3.51145e-09  2.13066e-07  3.0365e-09  5.46491e-09  1.10105e-09  8.92043e-09  
1.29896e-13  3.18419e-09  2.77719e-16  4.77568e-10  9.9039e-10  1.7178e-14  2.11519e-16  4.28331e-23  1.44384e-09  8.90572e-10  
5.41581e-09  4.27969e-09  1.57838e-08  1.12749e-09  4.36366e-08  4.97593e-09  9.32931e-09  7.77021e-08  1.40053e-07  5.474e-10  
3.43669e-06  4.4593e-07  2.99157e-07  9.63451e-13  1.3137e-09  5.42571e-08  1.26785e-09  7.29003e-08  2.06983e-08  7.71622e-08  
2.41398e-08  3.39146e-08  5.63797e-09  4.21068e-08  4.12208e-09  6.2023e-16  1.13828e-08  4.19385e-09  7.11241e-13  1.24456e-08  
2.66487e-09  1.47805e-08  2.75996e-17  8.37759e-11  2.2189e-09  7.18829e-18  2.46054e-09  3.84351e-09  1.34709e-14  4.45736e-09  
1.28931e-09  5.80326e-09  5.28289e-10  1.88227e-09  7.49746e-10  5.07495e-09  1.11656e-09  6.55856e-09  4.68083e-13  5.55887e-21  
8.73054e-10  1.77051e-11  1.31093e-11  3.65967e-09  1.27264e-09  8.80094e-09  3.91607e-10  6.35141e-17  7.18347e-09  1.35314e-09  
2.55517e-14  6.55171e-10  3.01431e-09  2.06425e-09  3.96764e-08  7.83237e-14  3.66353e-11  1.11304e-08  1.12591e-14  2.81484e-16  
1.33579e-08  3.46051e-09  5.48326e-09  1.91574e-09  7.77852e-09  9.43513e-14  1.70894e-10  3.4431e-12  3.99915e-12  6.69546e-14  
1.68476e-12  9.91239e-10  1.8789e-09  5.87291e-10  2.14885e-09  2.72287e-10  1.55029e-13  1.05734e-09  2.26891e-10  1.46783e-09  
2.44698e-10  7.97542e-10  2.00713e-10  9.24039e-10  1.81534e-10  1.16975e-09  6.5124e-14  8.3965e-23  2.91564e-10  2.11325e-12  
3.21171e-15  1.007e-09  3.31675e-10  1.26764e-09  3.69515e-10  1.8224e-09  3.46516e-10  2.56442e-09  7.40432e-10  3.5968e-09  
1.03418e-09  5.93858e-09  4.2095e-10  7.39613e-10  2.71744e-10  1.46537e-09  4.93508e-10  2.82506e-09  3.69488e-10  1.02591e-17  
1.17248e-15  8.92251e-10  3.48542e-10  1.86548e-09  7.19048e-10  3.78116e-09  4.43974e-15  7.92249e-11  5.00162e-10  4.35279e-14  
2.77376e-10  2.30501e-15  2.139e-11  1.27791e-09  4.39252e-10  3.94897e-09  3.17507e-09  4.99966e-08  6.00232e-09  1.955e-08  
3.32409e-14  1.79889e-10  1.78385e-09  5.4486e-09  7.61766e-10  2.39001e-09  4.38924e-10  2.23354e-09  7.58332e-15  1.64683e-10  
8.15537e-12  1.083e-16  2.42351e-10  6.3767e-10  9.28447e-11  4.57123e-10  6.11254e-11  4.13484e-10  5.2991e-12  9.01951e-13  
7.94065e-11  7.13167e-15  3.01463e-13  1.47202e-13  3.62139e-16  1.85872e-10  7.09635e-11  2.92456e-10  1.35376e-10  5.52195e-10  
4.578e-16  1.77765e-11  1.16901e-10  5.69532e-15  7.44963e-17  2.0005e-10  8.98692e-11  4.04773e-10  1.71744e-10  8.51149e-10  
1.58141e-10  3.59909e-10  1.43746e-10  5.58079e-10  6.63559e-15  1.25684e-10  1.33393e-10  2.41962e-13  8.44143e-13  1.96326e-10  
2.10479e-10  6.18252e-10  2.66403e-10  1.25164e-09  1.6322e-10  1.22501e-10  4.62945e-15  2.74103e-17  1.31783e-10  6.43746e-10  
2.23771e-10  1.28066e-09  4.49399e-14  2.02209e-10  2.92452e-10  5.3468e-14  4.68649e-16  5.99554e-10  3.42159e-10  8.65059e-10  
1.00297e-13  3.58276e-10  1.5503e-10  2.64503e-15  7.85339e-11  3.65289e-10  1.0051e-10  6.78221e-10  1.35027e-10  6.91676e-10  
1.04448e-14  1.53723e-10  1.31414e-10  9.47954e-14  1.08413e-10  1.99059e-10  4.44051e-11  5.44359e-10  2.21929e-10  9.93162e-10  
3.23265e-10  1.14566e-09  4.97009e-10  1.6443e-09  6.66283e-10  2.76742e-09  1.35946e-09  3.86895e-11  9.7903e-10  1.52503e-09  
9.00429e-10  1.32987e-08  2.35408e-08  1.21667e-07  1.40054e-09  7.18048e-17  2.59239e-09  
1.35529e-23  2.77495e-18  2.56893e-30  0  0.187565  2.79928e-24  8.19112e-36  0  0.0171136  2.98423e-12  1.4801e-06  
5.01558e-17  1.62952e-09  2.77679e-08  9.06244e-33  2.76293e-25  0.00056865  5.05229e-08  6.06995e-09  8.98231e-25  1.76724e-21  
1.32886e-15  1.91945e-06  1.47341e-19  5.61047e-34  2.64707e-05  6.01729e-07  0.00150352  3.88823e-18  1.06795e-24  9.07271e-14  
1.72427e-05  4.54183e-15  8.6312e-30  1.54341e-05  5.39086e-06  2.43344e-06  1.27719e-19  2.46388e-21  6.84031e-09  6.84338e-25  
1.52406e-06  9.86652e-19  1.87479e-26  4.86294e-06  2.83306e-07  2.78559e-07  2.46714e-07  1.11029e-15  2.89044e-17  1.77886e-06  
3.80146e-08  1.13445e-07  9.57798e-16  6.68093e-09  1.37781e-08  1.08187e-09  5.2127e-08  2.45863e-07  2.49459e-14  8.41777e-08  
2.14813e-09  5.12101e-09  1.73647e-08  1.96443e-09  3.51166e-09  2.13061e-07  3.03634e-09  5.46527e-09  1.1011e-09  8.92038e-09  
7.4752e-15  3.18427e-09  1.55417e-17  4.77567e-10  9.90519e-10  1.11246e-15  1.2129e-17  1.45061e-25  1.44387e-09  8.90517e-10  
5.41532e-09  4.28009e-09  1.5784e-08  1.12741e-09  4.36358e-08  4.97559e-09  9.33047e-09  7.81423e-08  1.40034e-07  1.12331e-10  
3.4366e-06  4.45956e-07  2.99217e-07  5.99632e-14  1.31367e-09  5.42659e-08  5.34613e-10  7.28911e-08  2.06978e-08  7.79015e-08  
2.41411e-08  3.39187e-08  5.38204e-09  4.2107e-08  4.37977e-09  3.88338e-17  1.1384e-08  4.19349e-09  4.65203e-14  1.24455e-08  
2.66492e-09  1.47809e-08  1.97587e-18  8.3774e-11  2.21899e-09  5.60472e-19  2.46056e-09  3.84345e-09  8.00795e-16  4.45735e-09  
1.28927e-09  5.80335e-09  5.28282e-10  1.88231e-09  7.49737e-10  5.07495e-09  1.11655e-09  6.55864e-09  4.84843e-13  4.68655e-22  
8.73052e-10  1.76882e-11  1.30997e-11  3.65964e-09  1.27247e-09  8.80114e-09  2.53893e-10  3.8302e-18  7.1835e-09  1.49054e-09  
1.77201e-15  6.55174e-10  3.01487e-09  2.06422e-09  3.96762e-08  4.97558e-15  3.1144e-11  1.11306e-08  7.99091e-15  1.4965e-17  
1.33633e-08  3.4605e-09  5.48337e-09  1.91577e-09  7.77845e-09  5.78236e-15  1.70887e-10  3.44545e-12  3.99502e-12  4.01838e-15  
1.68506e-12  9.91122e-10  1.87915e-09  5.87371e-10  2.14884e-09  2.72289e-10  1.60765e-13  1.0573e-09  2.26898e-10  1.46779e-09  
2.4473e-10  7.97509e-10  2.00737e-10  9.23998e-10  1.81536e-10  1.16972e-09  8.51227e-14  1.12452e-23  2.91605e-10  2.11189e-12  
3.17804e-16  1.00694e-09  3.31703e-10  1.2676e-09  3.69534e-10  1.82239e-09  3.4654e-10  2.56442e-09  7.40436e-10  3.59681e-09  
1.03422e-09  5.9386e-09  4.20973e-10  7.39582e-10  2.71749e-10  1.46535e-09  4.93513e-10  2.82503e-09  3.69495e-10  7.09025e-19  
5.43164e-17  8.92247e-10  3.48548e-10  1.86544e-09  7.19016e-10  3.78117e-09  2.55153e-16  7.92192e-11  5.00142e-10  1.88589e-15  
2.772e-10  1.42363e-16  1.83085e-11  1.27812e-09  4.39284e-10  3.94898e-09  3.17816e-09  4.99967e-08  6.00234e-09  1.95499e-08  
2.11096e-15  1.79871e-10  1.78385e-09  5.44871e-09  7.61747e-10  2.39006e-09  4.38886e-10  2.23357e-09  4.4793e-16  1.64599e-10  
1.70007e-12  1.31689e-18  2.48594e-10  6.38047e-10  9.28227e-11  4.57089e-10  5.80548e-11  4.13607e-10  8.3018e-12  7.10191e-13  
7.94077e-11  3.1516e-16  8.36302e-14  2.25132e-13  3.76533e-17  1.85926e-10  7.11536e-11  2.92488e-10  1.35351e-10  5.5222e-10  
2.56707e-17  1.77655e-11  1.16889e-10  2.58207e-16  4.25248e-18  2.00094e-10  8.98439e-11  4.04788e-10  1.71706e-10  8.51144e-10  
1.58121e-10  3.59922e-10  1.43713e-10  5.58117e-10  3.8395e-16  1.25597e-10  1.33359e-10  1.42241e-14  1.05685e-13  1.96757e-10  
2.10909e-10  6.18425e-10  2.66419e-10  1.25169e-09  1.632e-10  1.22497e-10  2.70767e-16  2.73624e-17  1.31777e-10  6.43761e-10  
2.2374e-10  1.2807e-09  2.78399e-15  2.00772e-10  2.92348e-10  2.45952e-14  2.60599e-17  6.01206e-10  3.42143e-10  8.65063e-10  
6.06534e-15  3.58063e-10  1.55048e-10  1.44173e-16  7.84912e-11  3.65493e-10  1.00572e-10  6.78335e-10  1.3501e-10  6.91693e-10  
6.32914e-16  1.53602e-10  1.31392e-10  5.8604e-15  1.12161e-10  1.99388e-10  4.0567e-11  5.44329e-10  2.21923e-10  9.93164e-10  
3.23229e-10  1.1457e-09  4.97009e-10  1.64433e-09  6.66264e-10  2.76746e-09  1.35938e-09  1.23153e-11  9.78869e-10  1.55164e-09  
9.00498e-10  1.32986e-08  2.35407e-08  1.21668e-07  1.4006e-09  4.39305e-18  2.5924e-09  
  17 1.31138e+09 1.31138e+09 1.28689 0.650912 80316 158.42 0.018411
6.68833e-25  1.36213e-17  3.90827e-30  0  0.181172  1.99958e-24  6.62124e-36  0  0.017385  4.85585e-11  2.18091e-06  
2.86978e-15  0.00122876  7.14948e-08  2.42448e-29  1.60451e-18  0.000910471  2.13304e-06  7.92698e-07  3.20525e-22  1.11111e-19  
4.08736e-11  1.58592e-06  3.22598e-19  5.0803e-28  2.63834e-05  5.67968e-07  0.00145546  1.12517e-17  2.96422e-23  1.1251e-13  
3.29331e-05  1.63737e-14  2.02393e-28  2.48857e-05  5.07909e-06  3.56683e-06  5.32442e-19  5.60793e-20  1.17478e-08  3.85745e-24  
1.33653e-06  2.67012e-18  2.38528e-25  4.97737e-06  2.64064e-07  2.77021e-07  4.31433e-07  3.73517e-15  3.38212e-17  1.71752e-06  
3.31546e-08  1.16716e-07  9.25692e-16  1.09335e-08  1.21452e-08  8.27784e-10  6.1669e-08  2.13776e-07  3.49897e-14  8.87302e-08  
8.84241e-13  1.00526e-08  2.23535e-08  2.27629e-09  5.26759e-09  1.86394e-07  1.54833e-09  7.26742e-09  1.3881e-09  1.26374e-08  
9.04799e-15  6.1038e-09  7.47393e-17  4.44572e-10  1.21263e-09  2.16189e-15  5.52243e-17  2.29249e-24  2.23091e-09  1.11696e-09  
5.64626e-09  4.9894e-09  2.88272e-08  1.17802e-09  4.11828e-08  4.34985e-09  1.04016e-08  6.71538e-08  1.20072e-07  2.94243e-12  
3.02383e-06  3.85486e-07  2.87778e-07  8.42608e-14  1.1113e-09  6.3074e-08  2.85859e-12  6.32973e-08  8.45907e-09  7.90134e-08  
2.35716e-08  3.55334e-08  3.86971e-12  7.84745e-08  1.17368e-08  3.08362e-16  1.83016e-08  5.98038e-09  4.97896e-14  2.16733e-08  
4.60252e-09  2.72034e-08  1.3047e-17  1.55335e-10  5.14012e-09  4.51716e-18  5.15005e-09  8.69241e-09  4.22071e-15  9.66355e-09  
2.59156e-09  1.28527e-08  1.12793e-09  4.53496e-09  1.76802e-09  1.1533e-08  2.25393e-09  1.54258e-08  2.50525e-10  8.55263e-19  
1.98302e-09  2.75658e-11  1.24853e-11  1.01263e-08  2.34751e-09  2.08088e-08  5.70881e-13  2.65705e-17  1.40409e-08  3.02007e-09  
7.63764e-15  7.7319e-10  8.12355e-09  5.22554e-09  9.55956e-08  1.72205e-14  1.44762e-18  2.48386e-08  7.36234e-16  7.15493e-21  
3.07729e-08  6.87746e-09  1.13675e-08  3.78879e-09  1.67738e-08  1.62211e-14  1.48327e-10  8.55101e-11  1.3848e-12  8.97446e-15  
6.04681e-12  1.76868e-09  3.57663e-09  1.27114e-09  4.41919e-09  5.23958e-10  8.20133e-11  2.20053e-09  4.83691e-10  2.84421e-09  
5.48616e-10  1.59918e-09  4.31459e-10  1.78166e-09  3.68897e-10  2.23043e-09  1.81993e-11  7.32729e-21  6.32692e-10  2.34671e-12  
1.35993e-16  1.85599e-09  6.70921e-10  2.28819e-09  7.31215e-10  3.29153e-09  6.75546e-10  4.60583e-09  1.43945e-09  6.09713e-09  
1.93249e-09  1.0039e-08  8.29125e-10  1.30424e-09  4.94123e-10  2.49256e-09  8.81029e-10  4.66627e-09  6.29718e-10  3.83055e-18  
7.57332e-21  1.5363e-09  6.16253e-10  3.13386e-09  1.11988e-09  6.08472e-09  1.08245e-15  6.7183e-11  7.83914e-10  1.55176e-14  
2.22082e-10  2.67768e-16  2.55203e-19  2.32942e-09  7.64664e-10  6.06823e-09  4.95962e-09  8.24355e-08  1.00387e-08  3.51845e-08  
6.47784e-15  1.5205e-10  2.88028e-09  1.01186e-08  1.28699e-09  4.42695e-09  7.58839e-10  4.4191e-09  2.07219e-15  1.34462e-10  
2.19258e-13  4.98209e-19  3.85312e-10  1.41575e-09  1.64774e-10  8.74471e-10  9.59886e-13  6.75911e-10  9.48777e-11  8.00541e-13  
1.45501e-10  4.74062e-15  3.46722e-17  4.57891e-11  6.55654e-15  3.56412e-10  1.34743e-10  5.87041e-10  2.47212e-10  1.1062e-09  
1.45076e-16  1.44542e-11  2.26257e-10  3.29063e-15  8.74258e-18  4.12416e-10  1.70762e-10  8.23489e-10  3.19538e-10  1.6633e-09  
2.96974e-10  6.99952e-10  2.50854e-10  1.134e-09  1.84676e-15  1.03071e-10  2.52355e-10  2.74423e-14  9.26159e-15  4.63285e-10  
3.48919e-10  1.17443e-09  4.82862e-10  2.49408e-09  2.99322e-10  2.23334e-10  1.29657e-15  3.4426e-16  2.44524e-10  1.22749e-09  
4.02645e-10  2.56412e-09  8.3214e-15  3.22021e-11  4.73769e-10  6.68773e-15  9.71603e-18  1.50177e-09  6.5635e-10  1.63526e-09  
1.43663e-14  3.67668e-10  3.06866e-10  7.36592e-16  7.79185e-11  8.23138e-10  2.35708e-10  1.38976e-09  2.57101e-10  1.44194e-09  
2.87249e-15  1.65325e-10  2.48627e-10  1.42159e-14  3.20351e-10  5.69416e-10  7.3249e-13  1.11114e-09  4.53417e-10  2.00022e-09  
5.79062e-10  2.1024e-09  9.09708e-10  3.30783e-09  1.29285e-09  5.89598e-09  2.42812e-09  3.27727e-13  8.70993e-10  3.51493e-09  
2.25821e-09  2.89695e-08  4.99968e-08  2.24897e-07  2.07821e-09  1.90078e-17  4.44728e-09  
4.7863e-25  4.21523e-18  8.4756e-31  0  0.186382  1.76263e-24  6.87973e-37  0  0.0162097  1.21951e-11  1.96292e-06  
1.09326e-15  0.00104399  6.51173e-08  4.33947e-30  1.16773e-18  0.000838097  1.91348e-06  5.52276e-06  1.44716e-21  4.40152e-20  
1.57598e-10  1.45297e-06  2.08027e-19  7.47135e-28  2.6457e-05  5.19249e-07  0.00132345  7.12517e-18  1.37675e-23  8.37289e-14  
2.87877e-05  1.73994e-14  6.7325e-29  2.31424e-05  4.61549e-06  3.24579e-06  3.54942e-19  2.8112e-20  2.57556e-08  2.11252e-24  
1.34689e-06  1.90787e-18  5.46359e-25  4.9519e-06  2.61716e-07  2.66623e-07  3.94761e-07  2.60665e-15  2.52049e-17  1.73988e-06  
3.15824e-08  1.14171e-07  6.81406e-16  9.94527e-09  1.26886e-08  7.91216e-10  5.72084e-08  2.24215e-07  2.79007e-14  8.62174e-08  
1.16637e-12  9.10528e-09  2.17665e-08  2.10052e-09  4.92788e-09  1.93921e-07  1.56618e-09  6.76838e-09  1.29318e-09  1.19836e-08  
5.98222e-15  5.52618e-09  5.10124e-17  4.51767e-10  1.11984e-09  1.46853e-15  3.76674e-17  9.21842e-25  2.10682e-09  1.08105e-09  
5.87251e-09  4.63396e-09  2.61521e-08  1.16972e-09  4.21801e-08  4.41429e-09  9.71798e-09  6.69006e-08  1.32946e-07  2.04659e-12  
3.16184e-06  3.6438e-07  2.6437e-07  5.78003e-14  1.01833e-09  5.84849e-08  2.20957e-12  7.09142e-08  8.1611e-09  7.70601e-08  
2.19691e-08  3.30715e-08  4.97441e-12  7.12594e-08  1.08686e-08  2.13666e-16  1.66845e-08  5.6744e-09  3.14399e-14  1.97739e-08  
4.19345e-09  2.47292e-08  8.49709e-18  1.4386e-10  4.65932e-09  2.91096e-18  4.66498e-09  7.87113e-09  2.83726e-15  8.7524e-09  
2.34837e-09  1.16399e-08  1.02195e-09  4.10341e-09  1.60006e-09  1.04353e-08  2.03749e-09  1.39582e-08  2.28105e-10  5.4935e-19  
1.79511e-09  2.66241e-11  1.19182e-11  9.15215e-09  2.12748e-09  1.88255e-08  5.71877e-13  1.77565e-17  1.27072e-08  2.73689e-09  
5.10279e-15  7.02855e-10  7.34204e-09  4.72371e-09  8.64259e-08  1.13405e-14  1.49981e-18  2.24644e-08  4.91341e-16  2.70888e-21  
2.78255e-08  6.22357e-09  1.02836e-08  3.42728e-09  1.51699e-08  1.06011e-14  1.35488e-10  7.80542e-11  1.36211e-12  5.7581e-15  
5.71514e-12  1.60147e-09  3.2372e-09  1.14941e-09  3.99779e-09  4.73367e-10  7.45335e-11  1.99049e-09  4.37487e-10  2.57399e-09  
4.95945e-10  1.44686e-09  3.90212e-10  1.61245e-09  3.33093e-10  2.01842e-09  1.70249e-11  4.74145e-21  5.72047e-10  2.26372e-12  
8.222e-17  1.68007e-09  6.06873e-10  2.07148e-09  6.61405e-10  2.97963e-09  6.11129e-10  4.16935e-09  1.30217e-09  5.52139e-09  
1.74858e-09  9.09049e-09  7.49746e-10  1.18072e-09  4.47202e-10  2.25702e-09  7.97403e-10  4.226e-09  5.70206e-10  2.48973e-18  
2.13658e-21  1.39098e-09  5.57959e-10  2.83808e-09  1.01496e-09  5.51138e-09  7.31628e-16  6.14307e-11  7.10223e-10  1.019e-14  
2.02408e-10  1.81689e-16  2.54816e-19  2.10802e-09  6.92476e-10  5.49767e-09  4.49286e-09  7.46512e-08  9.09009e-09  3.18464e-08  
4.31994e-15  1.38588e-10  2.60917e-09  9.15697e-09  1.16557e-09  4.00634e-09  6.87091e-10  3.9977e-09  1.39516e-15  1.22586e-10  
1.31276e-13  2.01793e-19  3.49206e-10  1.28023e-09  1.49183e-10  7.91246e-10  1.22376e-12  6.12358e-10  8.53395e-11  8.0294e-13  
1.31707e-10  3.23031e-15  1.44728e-17  4.13648e-11  3.92156e-15  3.22496e-10  1.21889e-10  5.30986e-10  2.23753e-10  1.00071e-09  
9.76942e-17  1.31978e-11  2.04725e-10  2.25784e-15  5.98046e-18  3.7305e-10  1.54508e-10  7.4494e-10  2.89214e-10  1.50499e-09  
2.68765e-10  6.33353e-10  2.27165e-10  1.02574e-09  1.24734e-15  9.39838e-11  2.2832e-10  1.72714e-14  5.24597e-15  4.18908e-10  
3.1582e-10  1.06289e-09  4.37127e-10  2.25626e-09  2.70954e-10  2.02195e-10  8.69283e-16  1.09387e-15  2.21329e-10  1.11081e-09  
3.64472e-10  2.31954e-09  5.52613e-15  2.82934e-11  4.29224e-10  4.67198e-15  7.10163e-18  1.35955e-09  5.94044e-10  1.47996e-09  
9.3089e-15  3.34361e-10  2.77516e-10  4.99095e-16  7.09019e-11  7.44251e-10  2.1308e-10  1.25702e-09  2.32639e-10  1.30417e-09  
1.92698e-15  1.50319e-10  2.25014e-10  9.19577e-15  2.89521e-10  5.14362e-10  9.11048e-13  1.00528e-09  4.10261e-10  1.80985e-09  
5.24404e-10  1.90321e-09  8.23431e-10  2.9922e-09  1.1698e-09  5.33221e-09  2.19822e-09  2.17772e-13  7.92997e-10  3.17813e-09  
2.04076e-09  2.61968e-08  4.52165e-08  2.03602e-07  1.88433e-09  1.26877e-17  4.02974e-09  
1.26644e-24  2.2751e-18  9.48025e-31  0  0.192664  1.50874e-24  8.58066e-37  0  0.0146438  8.41015e-12  1.72843e-06  
9.4466e-16  0.000951811  6.01445e-08  3.27461e-30  1.33889e-18  0.000746695  1.62771e-06  1.9288e-05  1.34204e-20  3.42152e-20  
9.04889e-10  1.27258e-06  4.72689e-19  3.67119e-27  2.70601e-05  4.55001e-07  0.00115615  1.57921e-17  1.29297e-23  6.3462e-14  
2.6002e-05  4.74644e-14  5.477e-29  2.10354e-05  4.04719e-06  2.84285e-06  9.96427e-19  2.84239e-20  4.90179e-08  2.53913e-24  
1.38608e-06  5.28585e-18  1.13601e-24  4.92043e-06  2.58915e-07  2.53784e-07  3.4765e-07  7.86517e-15  8.75435e-17  1.76818e-06  
2.95893e-08  1.10971e-07  2.76898e-15  8.68144e-09  1.3379e-08  7.51222e-10  5.16625e-08  2.37392e-07  1.05182e-13  8.30767e-08  
1.61879e-12  7.88546e-09  2.10155e-08  1.88096e-09  4.48405e-09  2.0347e-07  1.61319e-09  6.13623e-09  1.17233e-09  1.11395e-08  
2.30762e-14  4.7837e-09  1.42136e-16  4.60983e-10  1.00202e-09  4.76458e-15  1.06211e-16  8.08396e-24  1.94623e-09  1.03314e-09  
6.14894e-09  4.18902e-09  2.27158e-08  1.15656e-09  4.3438e-08  4.48781e-09  8.87479e-09  6.67615e-08  1.48867e-07  5.50323e-12  
3.33667e-06  3.38686e-07  2.35736e-07  1.90199e-13  9.03679e-10  5.27349e-08  3.63555e-12  8.04102e-08  7.88808e-09  7.466e-08  
1.99848e-08  3.00095e-08  6.45281e-12  6.19891e-08  9.78923e-09  5.89642e-16  1.46145e-08  5.28243e-09  1.15164e-13  1.73347e-08  
3.66804e-09  2.15472e-08  2.26495e-17  1.28968e-10  4.03976e-09  7.92166e-18  4.03816e-09  6.80916e-09  7.99111e-15  7.57549e-09  
2.03417e-09  1.00732e-08  8.84873e-10  3.54543e-09  1.3826e-09  9.01542e-09  1.75766e-09  1.20583e-08  1.98699e-10  1.49014e-18  
1.55176e-09  2.58014e-11  1.13851e-11  7.88836e-09  1.84158e-09  1.62597e-08  7.76354e-13  4.78081e-17  1.09902e-08  2.37046e-09  
1.47213e-14  6.14105e-10  6.33115e-09  4.07299e-09  7.45517e-08  3.67549e-14  2.58514e-18  1.93952e-08  1.31372e-15  3.89162e-20  
2.40141e-08  5.38017e-09  8.88612e-09  2.96131e-09  1.30998e-08  3.54165e-14  1.19604e-10  6.84004e-11  1.44231e-12  2.10086e-14  
5.31791e-12  1.38559e-09  2.80075e-09  9.93118e-10  3.45458e-09  4.08388e-10  6.48263e-11  1.71951e-09  3.77902e-10  2.22565e-09  
4.28346e-10  1.25054e-09  3.37125e-10  1.39428e-09  2.87218e-10  1.7454e-09  1.5391e-11  1.1758e-20  4.9422e-10  2.16522e-12  
2.69018e-16  1.45344e-09  5.24636e-10  1.79271e-09  5.71923e-10  2.57881e-09  5.28557e-10  3.60876e-09  1.12605e-09  4.78291e-09  
1.51299e-09  7.87506e-09  6.48434e-10  1.02208e-09  3.87021e-10  1.95482e-09  6.90338e-10  3.66216e-09  4.94101e-10  6.86149e-18  
1.84096e-20  1.205e-09  4.83349e-10  2.4591e-09  8.80379e-10  4.77866e-09  2.0053e-15  5.4324e-11  6.15964e-10  2.93275e-14  
1.77382e-10  5.15565e-16  4.40838e-19  1.82484e-09  5.9983e-10  4.76939e-09  3.89724e-09  6.46905e-08  7.8756e-09  2.75617e-08  
1.32477e-14  1.21928e-10  2.26149e-09  7.92219e-09  1.00953e-09  3.46638e-09  5.94818e-10  3.45582e-09  3.92113e-15  1.0757e-10  
2.8968e-13  1.39463e-18  3.02092e-10  1.10616e-09  1.29085e-10  6.84199e-10  1.56141e-12  5.30216e-10  7.29929e-11  1.02447e-12  
1.14009e-10  7.70761e-15  5.05753e-17  3.5816e-11  1.34261e-14  2.79061e-10  1.05421e-10  4.59094e-10  1.93539e-10  8.65012e-10  
2.63492e-16  1.16009e-11  1.76989e-10  5.55838e-15  1.68661e-17  3.22409e-10  1.33562e-10  6.4381e-10  2.50066e-10  1.30115e-09  
2.32411e-10  5.47663e-10  1.9657e-10  8.86583e-10  3.49805e-15  8.23778e-11  1.97363e-10  6.13336e-14  1.35758e-14  3.61895e-10  
2.73011e-10  9.19497e-10  3.78268e-10  1.9504e-09  2.34357e-10  1.74914e-10  2.3776e-15  1.95794e-15  1.91434e-10  9.60747e-10  
3.15319e-10  2.00493e-09  1.75996e-14  2.4383e-11  3.71525e-10  1.31038e-14  1.9495e-17  1.17612e-09  5.13817e-10  1.28004e-09  
3.15469e-14  2.91703e-10  2.39779e-10  1.37326e-15  6.19082e-11  6.42883e-10  1.83989e-10  1.08659e-09  2.01139e-10  1.1268e-09  
5.50592e-15  1.31014e-10  1.94513e-10  3.10217e-14  2.49739e-10  4.43663e-10  1.16426e-12  8.68617e-10  3.54568e-10  1.56442e-09  
4.53757e-10  1.64699e-09  7.1255e-10  2.58621e-09  1.01133e-09  4.60509e-09  1.90216e-09  3.88479e-13  6.95739e-10  2.74364e-09  
1.75945e-09  2.26165e-08  3.90475e-08  1.7624e-07  1.63726e-09  3.38665e-17  3.49467e-09  
9.21641e-23  2.52831e-14  1.74636e-24  6.97251e-30  0.199594  3.08792e-24  1.16416e-26  9.45213e-39  0.0128575  3.91748e-08  1.66178e-06  
3.17044e-14  0.000864545  1.39087e-07  3.40006e-27  5.89496e-17  0.000646823  1.36715e-06  4.04865e-05  1.95417e-18  9.67684e-19  
4.64371e-09  1.0885e-06  2.70551e-17  5.58586e-25  2.77678e-05  3.89794e-07  0.000987815  9.14407e-16  4.53547e-22  8.99394e-13  
2.31088e-05  4.07373e-12  2.72299e-26  1.90295e-05  3.48147e-06  2.45127e-06  7.83879e-17  9.10942e-19  9.41156e-08  9.31598e-23  
1.44129e-06  4.07482e-16  6.98886e-23  4.89018e-06  2.55989e-07  2.40812e-07  3.02387e-07  1.13306e-12  1.39413e-14  1.79596e-06  
2.757e-08  1.07793e-07  3.1898e-13  7.46188e-09  1.40734e-08  6.94493e-10  4.59109e-08  2.50519e-07  1.62333e-11  7.99271e-08  
1.6402e-11  6.71859e-09  2.02744e-08  1.65102e-09  4.01783e-09  2.12869e-07  1.63434e-09  5.51615e-09  1.05539e-09  1.03359e-08  
1.94072e-12  4.07181e-09  1.6282e-14  4.69883e-10  8.8295e-10  6.0325e-13  1.42116e-14  1.44284e-19  1.79454e-09  9.92832e-10  
6.44258e-09  3.73216e-09  1.94188e-08  1.15277e-09  4.46826e-08  4.59231e-09  7.98471e-09  6.54692e-08  1.65785e-07  2.63253e-10  
3.50871e-06  3.10632e-07  2.06556e-07  2.3861e-11  7.86387e-10  4.68527e-08  9.71713e-11  9.01028e-08  7.49001e-09  7.22479e-08  
1.78725e-08  2.6969e-08  5.72344e-11  5.30942e-08  8.65889e-09  5.04081e-14  1.26038e-08  4.91837e-09  8.09376e-12  1.49926e-08  
3.16301e-09  1.8501e-08  1.73396e-15  1.14925e-10  3.44841e-09  6.05751e-16  3.4405e-09  5.79861e-09  1.06927e-12  6.45478e-09  
1.73454e-09  8.58322e-09  7.5499e-10  3.01458e-09  1.17653e-09  7.66635e-09  1.49436e-09  1.02547e-08  1.65378e-10  1.09961e-16  
1.32107e-09  2.95359e-11  1.06728e-11  6.69093e-09  1.57126e-09  1.38249e-08  1.36141e-11  3.83043e-15  9.3467e-09  2.00257e-09  
2.00141e-12  5.26604e-10  5.37939e-09  3.45711e-09  6.32874e-08  4.31474e-12  3.40006e-15  1.64754e-08  1.31851e-13  7.45902e-16  
2.03916e-08  4.57497e-09  7.55362e-09  2.51764e-09  1.11255e-08  3.8601e-12  1.03354e-10  5.82028e-11  2.4083e-12  1.85718e-12  
4.77362e-12  1.17085e-09  2.38496e-09  8.44093e-10  2.93644e-09  3.48178e-10  5.37809e-11  1.46047e-09  3.21114e-10  1.89252e-09  
3.63158e-10  1.06335e-09  2.86408e-10  1.18581e-09  2.44056e-10  1.48369e-09  1.29831e-11  7.66203e-19  4.19451e-10  2.44759e-12  
1.64818e-14  1.23668e-09  4.45649e-10  1.52546e-09  4.85638e-10  2.19461e-09  4.49176e-10  3.07088e-09  9.56667e-10  4.07239e-09  
1.28659e-09  6.70435e-09  5.50476e-10  8.69946e-10  3.29043e-10  1.66389e-09  5.87092e-10  3.11794e-09  4.20706e-10  5.30237e-16  
9.7515e-17  1.02558e-09  4.11584e-10  2.09351e-09  7.50329e-10  4.06997e-09  2.33102e-13  4.70179e-11  5.2445e-10  2.82417e-12  
1.50804e-10  6.91061e-14  7.498e-16  1.55079e-09  5.11026e-10  4.06344e-09  3.32e-09  5.50732e-08  6.70402e-09  2.34423e-08  
1.73254e-12  1.04772e-10  1.92421e-09  6.73774e-09  8.59376e-10  2.9483e-09  5.05787e-10  2.93699e-09  5.21101e-13  9.16497e-11  
1.00642e-11  6.30346e-15  2.45656e-10  9.42436e-10  1.10227e-10  5.80881e-10  1.24164e-11  4.41983e-10  4.8368e-11  1.0978e-11  
9.86386e-11  8.48855e-13  1.47845e-13  2.90439e-11  7.69389e-13  2.36882e-10  8.93641e-11  3.90386e-10  1.6472e-10  7.35069e-10  
2.2693e-14  9.8999e-12  1.50482e-10  6.33896e-13  5.21681e-15  2.73436e-10  1.13553e-10  5.47134e-10  2.12519e-10  1.10575e-09  
1.97517e-10  4.65612e-10  1.67411e-10  7.5308e-10  4.56197e-13  6.99477e-11  1.67061e-10  4.99591e-12  7.9062e-13  3.0413e-10  
2.29366e-10  7.82898e-10  3.22123e-10  1.65797e-09  1.99515e-10  1.48737e-10  2.8794e-13  3.64676e-15  1.62234e-10  8.1714e-10  
2.67923e-10  1.70404e-09  2.18234e-12  2.0809e-11  3.13443e-10  1.61409e-12  3.74281e-15  9.98446e-10  4.37779e-10  1.08872e-09  
3.21396e-12  2.47818e-10  1.9949e-10  1.4709e-13  5.26597e-11  5.47835e-10  1.56862e-10  9.24379e-10  1.71063e-10  9.57183e-10  
7.50829e-13  1.10915e-10  1.64689e-10  3.11337e-12  2.02726e-10  3.74943e-10  1.0824e-11  7.37199e-10  3.01287e-10  1.32999e-09  
3.86173e-10  1.40154e-09  6.06055e-10  2.19796e-09  8.59476e-10  3.91213e-09  1.61704e-09  1.14335e-11  5.95669e-10  2.3215e-09  
1.49381e-09  1.92039e-08  3.31645e-08  1.49997e-07  1.39778e-09  3.81176e-15  2.97948e-09  
1.02744e-21  8.61911e-15  2.43406e-25  7.56656e-31  0.202617  3.78158e-24  5.18725e-28  0  0.0120871  4.68977e-08  1.70887e-06  
9.10682e-14  0.000776675  3.15344e-07  3.58692e-26  4.12277e-16  0.000595653  1.24404e-06  9.85753e-05  5.40331e-17  3.89838e-18  
5.17034e-08  9.99155e-07  2.70085e-16  3.37322e-23  2.81317e-05  3.58641e-07  0.000907013  8.34934e-15  2.3937e-21  1.26729e-12  
2.1693e-05  2.89094e-11  2.74242e-25  1.80805e-05  3.20907e-06  2.25745e-06  6.08759e-16  6.65245e-18  1.37031e-07  1.28731e-21  
1.47287e-06  3.78872e-15  8.15339e-22  4.87543e-06  2.54692e-07  2.3463e-07  2.80889e-07  5.55777e-12  7.23503e-14  1.80913e-06  
2.66824e-08  1.06273e-07  1.23378e-12  6.88609e-09  1.44169e-08  6.52497e-10  4.29148e-08  2.56968e-07  7.09698e-11  7.84147e-08  
4.31099e-11  6.16795e-09  1.98985e-08  1.53064e-09  3.78716e-09  2.17413e-07  1.59615e-09  5.21955e-09  1.00134e-09  9.95653e-09  
6.36695e-12  3.73486e-09  9.26135e-14  4.74117e-10  8.21848e-10  2.3484e-12  6.68374e-14  4.08262e-18  1.72301e-09  9.78709e-10  
6.59105e-09  3.5017e-09  1.78617e-08  1.15948e-09  4.52785e-08  4.6808e-09  7.50857e-09  6.36801e-08  1.74863e-07  8.10265e-10  
3.59126e-06  2.95889e-07  1.92536e-07  9.36861e-11  7.28924e-10  4.39871e-08  2.72048e-10  9.49021e-08  7.18047e-09  7.10628e-08  
1.67569e-08  2.55523e-08  1.48659e-10  4.88814e-08  8.02983e-09  3.5675e-13  1.16392e-08  4.75598e-09  2.45526e-11  1.38828e-08  
2.9243e-09  1.70681e-08  1.09801e-14  1.08384e-10  3.16535e-09  4.05482e-15  3.15751e-09  5.322e-09  5.06596e-12  5.92663e-09  
1.59425e-09  7.88247e-09  6.95024e-10  2.76234e-09  1.08029e-09  7.03318e-09  1.37376e-09  9.40666e-09  1.4365e-10  6.96874e-16  
1.21361e-09  3.65097e-11  1.02665e-11  6.12267e-09  1.45091e-09  1.26804e-08  3.75949e-11  2.59114e-14  8.57034e-09  1.80695e-09  
8.69048e-12  4.85118e-10  4.93586e-09  3.16873e-09  5.79954e-08  1.61538e-11  3.57909e-14  1.50992e-08  8.24547e-13  2.33614e-14  
1.86867e-08  4.19757e-09  6.92766e-09  2.31032e-09  1.01928e-08  1.38941e-11  9.53836e-11  5.23575e-11  3.82804e-12  5.4947e-12  
4.43771e-12  1.05608e-09  2.19235e-09  7.73584e-10  2.69303e-09  3.2141e-10  4.64318e-11  1.33796e-09  2.94255e-10  1.73596e-09  
3.30826e-10  9.75988e-10  2.62106e-10  1.0883e-09  2.2373e-10  1.36021e-09  1.11289e-11  6.08349e-18  3.82943e-10  3.1153e-12  
5.75729e-14  1.13575e-09  4.07543e-10  1.40019e-09  4.43733e-10  2.01435e-09  4.11015e-10  2.8179e-09  8.75355e-10  3.73815e-09  
1.17873e-09  6.1515e-09  5.02389e-10  7.98825e-10  3.01324e-10  1.52655e-09  5.37645e-10  2.86015e-09  3.85764e-10  3.52204e-15  
3.15407e-15  9.40101e-10  3.77514e-10  1.92013e-09  6.89154e-10  3.7331e-09  1.25346e-12  4.34203e-11  4.80167e-10  8.60217e-12  
1.36735e-10  3.134e-13  1.2602e-14  1.41717e-09  4.6986e-10  3.72803e-09  3.04552e-09  5.05125e-08  6.14875e-09  2.14905e-08  
7.04489e-12  9.62368e-11  1.76066e-09  6.17814e-09  7.88877e-10  2.70331e-09  4.63568e-10  2.69102e-09  2.47366e-12  8.3238e-11  
2.61965e-11  9.27424e-14  2.05507e-10  8.67322e-10  1.0232e-10  5.30796e-10  2.81281e-11  3.92338e-10  2.65408e-11  1.51806e-11  
9.76257e-11  2.76704e-12  1.88421e-12  2.39572e-11  1.73201e-12  2.1638e-10  8.12767e-11  3.57929e-10  1.5164e-10  6.73286e-10  
1.6447e-13  9.00746e-12  1.38017e-10  2.13606e-12  6.47413e-14  2.48252e-10  1.05005e-10  5.0129e-10  1.9501e-10  1.01281e-09  
1.81096e-10  4.2672e-10  1.54265e-10  6.88956e-10  2.22134e-12  6.32426e-11  1.51495e-10  1.46624e-11  3.42985e-12  2.69871e-10  
2.05337e-10  7.19153e-10  2.96455e-10  1.51996e-09  1.83675e-10  1.36457e-10  1.45708e-12  5.66495e-15  1.47228e-10  7.49115e-10  
2.45514e-10  1.5616e-09  8.51103e-12  1.92001e-11  2.81062e-10  6.31858e-12  4.44631e-14  9.09088e-10  4.03665e-10  9.9895e-10  
1.10012e-11  2.24864e-10  1.72825e-10  8.32232e-13  4.80345e-11  5.04035e-10  1.44993e-10  8.48744e-10  1.57273e-10  8.76531e-10  
3.37405e-12  1.00171e-10  1.48853e-10  9.99986e-12  1.70327e-10  3.37422e-10  2.66266e-11  6.74261e-10  2.75967e-10  1.21965e-09  
3.54949e-10  1.28625e-09  5.55687e-10  2.01444e-09  7.87699e-10  3.58585e-09  1.48192e-09  3.09466e-11  5.45235e-10  2.1115e-09  
1.37021e-09  1.75936e-08  3.03917e-08  1.37612e-07  1.28498e-09  1.99142e-14  2.7357e-09  
1.39332e-22  8.87669e-15  8.20616e-26  2.16463e-31  0.205018  3.71422e-24  5.2206e-29  0  0.0114713  1.23121e-07  1.68529e-06  
6.39432e-15  0.000596329  4.52609e-07  1.92215e-28  4.22254e-17  0.000546428  1.12674e-06  0.000245947  1.83052e-17  2.62017e-19  
3.95207e-07  9.1766e-07  2.9254e-17  2.19773e-23  2.84799e-05  3.30546e-07  0.00083878  9.80909e-16  1.7786e-22  1.21115e-12  
2.03783e-05  3.53307e-12  2.00646e-26  1.7209e-05  2.95701e-06  2.0755e-06  9.42984e-17  4.81027e-19  1.85543e-07  1.48224e-22  
1.50456e-06  5.4831e-16  7.92464e-23  4.86175e-06  2.53472e-07  2.28719e-07  2.61161e-07  3.75271e-12  6.29813e-14  1.82139e-06  
2.5882e-08  1.0486e-07  1.54264e-12  6.35649e-09  1.47423e-08  6.06596e-10  4.00801e-08  2.63032e-07  6.58112e-11  7.7004e-08  
6.0376e-11  5.66439e-09  1.95592e-08  1.41409e-09  3.57395e-09  2.21655e-07  1.51993e-09  4.94417e-09  9.51435e-10  9.61052e-09  
8.54485e-12  3.4269e-09  3.33394e-14  4.78015e-10  7.66782e-10  2.17549e-12  3.90301e-14  6.65586e-19  1.65876e-09  9.6778e-10  
6.73647e-09  3.28084e-09  1.64344e-08  1.16874e-09  4.58356e-08  4.77641e-09  7.04439e-09  6.18754e-08  1.83695e-07  1.18688e-09  
3.66807e-06  2.81655e-07  1.79045e-07  9.00447e-11  6.7539e-10  4.13745e-08  3.82461e-10  9.94745e-08  6.79235e-09  7.00198e-08  
1.56787e-08  2.42188e-08  2.03667e-10  4.50221e-08  7.46683e-09  4.36398e-14  1.07514e-08  4.6086e-09  3.36598e-11  1.2869e-08  
2.70465e-09  1.57544e-08  1.47195e-15  1.02451e-10  2.90686e-09  5.69613e-16  2.90448e-09  4.88729e-09  3.03382e-12  5.44459e-09  
1.46616e-09  7.24246e-09  6.40253e-10  2.5324e-09  9.92507e-10  6.45509e-09  1.26228e-09  8.63403e-09  1.27402e-10  9.32027e-17  
1.11543e-09  3.96936e-11  9.85234e-12  5.60666e-09  1.34018e-09  1.16359e-08  5.26675e-11  3.38533e-15  7.86058e-09  1.63738e-09  
6.00535e-12  4.46628e-10  4.53623e-09  2.90597e-09  5.31711e-08  1.58943e-11  6.50025e-14  1.38515e-08  1.89395e-13  1.78994e-14  
1.71324e-08  3.8522e-09  6.35477e-09  2.11999e-09  9.34195e-09  1.48052e-11  8.79888e-11  4.75484e-11  4.56029e-12  8.00378e-12  
4.13646e-12  9.61442e-10  2.01454e-09  7.09014e-10  2.47027e-09  2.95966e-10  4.06962e-11  1.22638e-09  2.69658e-10  1.59271e-09  
3.01626e-10  8.95939e-10  2.39852e-10  9.99004e-10  2.04925e-10  1.24753e-09  9.6688e-12  7.94955e-19  3.49716e-10  3.43399e-12  
8.83952e-14  1.04317e-09  3.72783e-10  1.28534e-09  4.05709e-10  1.84881e-09  3.76175e-10  2.58571e-09  8.01321e-10  3.4311e-09  
1.08e-09  5.64389e-09  4.58782e-10  7.33484e-10  2.76007e-10  1.40047e-09  4.92478e-10  2.6237e-09  3.53808e-10  5.01637e-16  
4.24138e-15  8.61819e-10  3.46359e-10  1.76106e-09  6.33019e-10  3.42381e-09  4.95288e-13  4.00678e-11  4.41179e-10  6.26704e-12  
1.24318e-10  1.91918e-13  1.82505e-14  1.30174e-09  4.31983e-10  3.42002e-09  2.79333e-09  4.63274e-08  5.6393e-09  1.97037e-08  
5.98029e-12  8.83434e-11  1.61642e-09  5.66539e-09  7.24224e-10  2.47876e-09  4.25176e-10  2.46604e-09  1.46036e-12  7.56743e-11  
3.78878e-11  5.86499e-14  1.75538e-10  7.97182e-10  9.49214e-11  4.8539e-10  3.50357e-11  3.53335e-10  1.61019e-11  1.28127e-11  
9.36999e-11  1.09435e-12  2.39886e-12  2.0112e-11  1.95054e-12  2.0228e-10  7.44343e-11  3.28153e-10  1.39699e-10  6.16772e-10  
2.09959e-14  8.20444e-12  1.26855e-10  7.84067e-13  2.37333e-14  2.28394e-10  9.68638e-11  4.59322e-10  1.79158e-10  9.27892e-10  
1.6618e-10  3.91081e-10  1.42207e-10  6.30424e-10  1.23474e-12  5.72893e-11  1.39934e-10  1.78049e-11  5.81867e-12  2.43133e-10  
1.85031e-10  6.60059e-10  2.72863e-10  1.39359e-09  1.69122e-10  1.25257e-10  6.69401e-13  7.96987e-15  1.35389e-10  6.86729e-10  
2.25262e-10  1.4312e-09  7.98114e-12  1.78393e-11  2.58132e-10  5.14854e-12  1.82024e-14  8.32582e-10  3.71975e-10  9.16612e-10  
1.21745e-11  2.04734e-10  1.55089e-10  2.52514e-13  4.378e-11  4.63993e-10  1.33972e-10  7.7901e-10  1.44779e-10  8.02918e-10  
2.24693e-12  9.08596e-11  1.37943e-10  1.08016e-11  1.46781e-10  3.07612e-10  3.48455e-11  6.17589e-10  2.52925e-10  1.11869e-09  
3.26394e-10  1.1803e-09  5.09619e-10  1.84657e-09  7.22225e-10  3.28737e-09  1.35903e-09  4.26105e-11  4.99307e-10  1.92426e-09  
1.25686e-09  1.61244e-08  2.78592e-08  1.26265e-07  1.18102e-09  7.36267e-15  2.51211e-09  
1.03975e-19  5.36447e-15  8.4311e-26  5.54449e-31  0.202862  3.37082e-24  1.52511e-29  0  0.0120989  1.5558e-07  1.55704e-06  
5.73147e-13  3.16727e-05  8.07244e-07  2.32314e-24  7.1542e-17  0.000492555  7.78633e-07  0.000248659  8.83711e-15  2.32128e-17  
1.18381e-07  1.01749e-06  1.13755e-14  2.67542e-21  2.90663e-05  4.06711e-07  0.00128755  5.75024e-13  2.57195e-20  1.25584e-12  
1.89037e-05  1.06191e-09  2.39242e-24  1.6229e-05  2.78708e-06  1.89547e-06  4.28604e-14  5.0233e-17  2.32252e-07  5.5175e-20  
1.5413e-06  2.19652e-13  1.38179e-20  4.84638e-06  2.52618e-07  2.22624e-07  2.39055e-07  5.65908e-11  8.34127e-13  1.83433e-06  
2.53812e-08  1.03326e-07  6.61218e-12  5.76929e-09  1.50881e-08  5.64768e-10  3.68034e-08  2.69561e-07  3.91314e-10  7.54654e-08  
1.05716e-10  5.10029e-09  1.91526e-08  1.29686e-09  3.33338e-09  2.26267e-07  1.51229e-09  4.64046e-09  8.98344e-10  9.2184e-09  
2.34125e-11  3.07853e-09  1.69685e-12  4.82338e-10  6.96953e-10  1.02611e-11  7.08153e-13  1.05922e-15  1.58059e-09  9.52763e-10  
6.88017e-09  3.0525e-09  1.4837e-08  1.17972e-09  4.64227e-08  4.89536e-09  6.5504e-09  5.95067e-08  1.92934e-07  2.36269e-09  
3.74973e-06  2.69093e-07  1.64961e-07  4.38197e-10  6.1587e-10  3.81681e-08  6.77185e-10  1.04142e-07  6.74572e-09  6.86691e-08  
1.45783e-08  2.2792e-08  3.1953e-10  4.06946e-08  6.76775e-09  1.38834e-11  9.74392e-09  4.43446e-09  7.74198e-11  1.17322e-08  
2.46106e-09  1.42948e-08  5.11964e-13  9.57579e-11  2.60657e-09  2.06952e-13  2.57678e-09  4.39857e-09  5.04725e-11  4.90238e-09  
1.32689e-09  6.52306e-09  5.80445e-10  2.2698e-09  8.94762e-10  5.81077e-09  1.14263e-09  7.76646e-09  1.025e-10  2.94882e-14  
1.00711e-09  4.7812e-11  1.02374e-11  5.01364e-09  1.23532e-09  1.04601e-08  9.20048e-11  1.27877e-12  7.06478e-09  1.42415e-09  
5.60544e-11  4.05287e-10  4.04331e-09  2.61344e-09  4.77662e-08  6.6061e-11  2.41482e-13  1.24111e-08  1.78447e-11  4.52419e-13  
1.53673e-08  3.47299e-09  5.71444e-09  1.90925e-09  8.38256e-09  5.54835e-11  7.9792e-11  4.0989e-11  6.17499e-12  1.06345e-11  
3.75586e-12  8.16525e-10  1.81983e-09  6.34901e-10  2.2211e-09  2.6789e-10  3.21239e-11  1.10198e-09  2.4084e-10  1.43454e-09  
2.64749e-10  8.08897e-10  2.1248e-10  9.01908e-10  1.81931e-10  1.12323e-09  7.36697e-12  2.53523e-16  3.08139e-10  4.31346e-12  
2.09016e-13  9.44363e-10  3.30991e-10  1.16015e-09  3.60853e-10  1.66583e-09  3.35031e-10  2.32781e-09  7.16564e-10  3.09177e-09  
9.66868e-10  5.0779e-09  4.06579e-10  6.6235e-10  2.46804e-10  1.25987e-09  4.40493e-10  2.36057e-09  3.17122e-10  1.95337e-13  
4.32761e-14  7.73542e-10  3.10404e-10  1.5831e-09  5.71881e-10  3.07607e-09  2.07276e-11  3.64732e-11  3.77149e-10  2.82317e-11  
1.10581e-10  2.58586e-12  8.6415e-14  1.14467e-09  3.91933e-10  3.07302e-09  2.50999e-09  4.16391e-08  5.06813e-09  1.76983e-08  
3.57266e-11  7.95126e-11  1.42708e-09  5.08903e-09  6.54035e-10  2.22502e-09  3.84531e-10  2.20936e-09  2.51921e-11  6.75386e-11  
4.41953e-11  2.37685e-12  1.27548e-10  7.13452e-10  9.03624e-11  4.31921e-10  4.62442e-11  3.09307e-10  4.92266e-12  6.13e-12  
8.428e-11  1.46061e-11  8.20773e-12  1.43117e-11  2.57807e-12  1.71146e-10  6.61604e-11  2.94075e-10  1.29047e-10  5.51056e-10  
5.98579e-12  7.5717e-12  1.09617e-10  1.26009e-11  3.25352e-12  1.88639e-10  8.87273e-11  4.09768e-10  1.63832e-10  8.30557e-10  
1.506e-10  3.49757e-10  1.31376e-10  5.60988e-10  2.56189e-11  5.12162e-11  1.05389e-10  3.83642e-11  1.73496e-11  1.87284e-10  
1.57572e-10  5.93175e-10  2.49895e-10  1.25051e-09  1.54843e-10  1.13188e-10  1.99294e-11  9.77573e-15  1.02986e-10  6.13461e-10  
2.04698e-10  1.28222e-09  3.9885e-11  1.71077e-11  2.0469e-10  2.80603e-11  2.55978e-12  7.14496e-10  3.38995e-10  8.24645e-10  
4.04393e-11  1.80352e-10  1.08121e-10  1.35878e-11  4.03998e-11  4.03005e-10  1.23962e-10  6.99933e-10  1.33611e-10  7.1827e-10  
2.54666e-11  8.06723e-11  1.03735e-10  2.80944e-11  1.18887e-10  2.50228e-10  4.97e-11  5.54369e-10  2.27395e-10  1.00564e-09  
2.97407e-10  1.06088e-09  4.5872e-10  1.65685e-09  6.50421e-10  2.94885e-09  1.22802e-09  7.13751e-11  4.47005e-10  1.6988e-09  
1.13003e-09  1.44721e-08  2.50191e-08  1.13576e-07  1.06821e-09  2.9512e-13  2.2615e-09  
3.04373e-19  6.43931e-16  1.40346e-24  1.35006e-32  0.197709  3.39919e-24  7.68508e-28  0  0.0136432  5.7366e-09  1.59986e-06  
3.92854e-12  1.91786e-06  6.68253e-07  1.40966e-22  1.81389e-16  0.000510698  4.86944e-07  2.42362e-05  1.34181e-15  1.40411e-16  
3.46248e-08  1.54679e-06  2.80605e-14  7.73709e-21  2.9287e-05  5.41913e-07  0.00156935  1.05963e-12  1.72213e-19  1.18631e-12  
1.93986e-05  2.77292e-09  1.47734e-23  1.64817e-05  3.43423e-06  2.1009e-06  7.53646e-14  3.38637e-16  1.16721e-07  4.89204e-19  
1.52457e-06  3.46057e-13  5.60342e-20  4.85066e-06  2.58971e-07  2.32852e-07  2.45009e-07  4.22073e-10  1.33549e-11  1.82049e-06  
2.95247e-08  1.05688e-07  5.28291e-11  6.02674e-09  1.47216e-08  7.1722e-10  3.86459e-08  2.63792e-07  1.68787e-09  7.69006e-08  
4.9221e-10  5.24857e-09  1.88709e-08  1.50382e-09  3.38913e-09  2.22862e-07  2.33772e-09  4.83093e-09  9.49361e-10  9.26054e-09  
1.52992e-10  3.14877e-09  8.77226e-12  4.80591e-10  6.40559e-10  6.91173e-11  7.55378e-12  4.46529e-14  1.54162e-09  9.33563e-10  
6.55471e-09  3.38907e-09  1.52901e-08  1.16732e-09  4.57575e-08  4.92171e-09  7.14676e-09  5.61644e-08  1.8013e-07  1.14202e-08  
3.67028e-06  3.13515e-07  1.87218e-07  3.5039e-09  7.07276e-10  3.72939e-08  2.94542e-09  9.65978e-08  1.1381e-08  6.69017e-08  
1.64303e-08  2.43737e-08  1.28495e-09  4.18511e-08  5.96218e-09  2.96153e-11  9.96666e-09  4.40081e-09  3.72769e-10  1.20354e-08  
2.55793e-09  1.48475e-08  8.7462e-13  9.67794e-11  2.57566e-09  3.21674e-13  2.40848e-09  4.48648e-09  2.95262e-10  5.06351e-09  
1.4025e-09  6.68753e-09  6.07246e-10  2.28655e-09  9.18505e-10  6.01071e-09  1.23658e-09  7.96119e-09  3.86868e-11  1.76062e-14  
1.04985e-09  7.78454e-11  2.43135e-11  4.98927e-09  1.44041e-09  1.07348e-08  4.09719e-10  2.61095e-12  7.27278e-09  1.18128e-09  
3.24691e-10  4.99077e-10  3.90728e-09  2.6887e-09  4.90748e-08  4.85578e-10  1.00041e-11  1.24569e-08  6.89898e-11  2.04592e-11  
1.56607e-08  3.65892e-09  5.90741e-09  1.99955e-09  8.54181e-09  3.98484e-10  9.40528e-11  2.69537e-11  1.29113e-11  4.90114e-11  
3.24079e-12  5.30189e-10  1.85388e-09  6.39654e-10  2.28712e-09  2.83787e-10  1.23119e-11  1.1296e-09  2.41054e-10  1.49234e-09  
2.49791e-10  8.35143e-10  2.08455e-10  9.43232e-10  1.82063e-10  1.16319e-09  2.14354e-12  1.11702e-16  2.91967e-10  7.47359e-12  
1.09096e-12  9.98498e-10  3.26991e-10  1.21779e-09  3.57627e-10  1.73417e-09  3.32468e-10  2.41465e-09  7.19898e-10  3.23378e-09  
9.7329e-10  5.25983e-09  3.91537e-10  6.8877e-10  2.50478e-10  1.30172e-09  4.42229e-10  2.44351e-09  3.20839e-10  3.20438e-13  
1.26855e-12  7.8739e-10  3.10769e-10  1.62738e-09  6.03533e-10  3.15958e-09  1.08597e-10  5.30371e-11  3.3574e-10  1.12845e-10  
1.8239e-10  2.16638e-11  5.14312e-12  9.77627e-10  3.96812e-10  3.1606e-09  2.57686e-09  4.28831e-08  5.2154e-09  1.81602e-08  
2.62897e-10  9.91153e-11  1.28484e-09  5.19797e-09  6.93423e-10  2.2735e-09  4.11428e-10  2.22997e-09  1.30336e-10  1.33666e-10  
9.51103e-11  9.87685e-12  2.91845e-11  6.02672e-10  1.14055e-10  4.55441e-10  6.69772e-11  3.4143e-10  1.64764e-14  1.76556e-14  
6.47827e-11  2.39701e-11  6.87332e-11  3.04075e-12  7.92724e-13  9.1317e-11  3.90945e-11  3.12808e-10  1.48029e-10  5.6558e-10  
1.56786e-11  2.16558e-11  1.14543e-10  3.07911e-11  4.44858e-11  1.11519e-10  8.1226e-11  4.20977e-10  1.79082e-10  8.44964e-10  
1.58149e-10  3.53943e-10  1.44423e-10  5.57763e-10  1.22352e-10  1.24606e-10  6.89141e-11  5.42123e-11  1.22135e-10  5.52925e-11  
7.19662e-11  5.77422e-10  2.73492e-10  1.28813e-09  1.68734e-10  1.23856e-10  9.12942e-11  3.13601e-15  7.28076e-11  5.92821e-10  
2.13147e-10  1.29643e-09  2.57629e-10  7.51719e-11  9.65836e-11  6.262e-11  3.25024e-11  4.96135e-10  3.59571e-10  8.79383e-10  
2.03578e-10  2.42961e-10  2.40623e-11  1.10291e-11  5.84851e-11  2.68077e-10  1.09804e-10  7.27748e-10  1.50834e-10  7.35341e-10  
1.00827e-10  1.83651e-10  4.62793e-11  2.94869e-11  1.20792e-10  1.10435e-10  5.16354e-11  5.86412e-10  2.39082e-10  1.03869e-09  
3.27456e-10  1.10002e-09  4.78449e-10  1.68934e-09  6.80293e-10  2.99542e-09  1.32065e-09  2.78426e-10  4.86216e-10  1.53812e-09  
1.15519e-09  1.47916e-08  2.56878e-08  1.17191e-07  1.14477e-09  1.63327e-12  2.32917e-09  
1.88161e-19  4.80411e-14  9.21501e-25  2.01334e-28  0.195233  3.44836e-24  2.92153e-27  0  0.0144835  2.89949e-08  1.57541e-06  
1.4105e-12  5.43337e-06  3.2377e-07  2.39326e-23  4.13713e-19  0.000510355  2.5677e-07  1.40243e-06  3.2682e-17  4.288e-17  
1.64511e-10  1.91733e-06  1.48563e-14  1.28292e-23  2.95762e-05  5.78787e-07  0.00157662  4.48441e-13  5.39951e-20  2.81661e-12  
1.94089e-05  1.3151e-09  1.12288e-23  1.63944e-05  4.26697e-06  2.27461e-06  3.79726e-14  1.11712e-16  5.14598e-08  1.93486e-19  
1.51557e-06  1.47838e-13  7.09869e-21  4.84948e-06  2.68034e-07  2.46767e-07  2.43395e-07  3.77874e-10  2.1423e-11  1.80667e-06  
3.38684e-08  1.09554e-07  1.00695e-10  6.17131e-09  1.43752e-08  8.71016e-10  4.08745e-08  2.58434e-07  1.61032e-09  7.8936e-08  
1.08722e-09  5.21584e-09  1.82739e-08  1.69875e-09  3.38645e-09  2.20036e-07  2.83198e-09  5.01517e-09  1.00016e-09  9.14434e-09  
3.05827e-10  3.11831e-09  4.65282e-12  4.80057e-10  5.75806e-10  9.05886e-11  5.04849e-12  1.6388e-14  1.47359e-09  9.3287e-10  
6.16998e-09  3.73029e-09  1.52204e-08  1.15671e-09  4.50543e-08  5.00191e-09  7.79718e-09  5.10272e-08  1.66577e-07  2.18996e-08  
3.59365e-06  3.66924e-07  2.18393e-07  5.98394e-09  9.98175e-10  3.76188e-08  5.75924e-09  8.83048e-08  1.61951e-08  6.49574e-08  
1.8631e-08  2.63921e-08  2.76862e-09  4.14867e-08  4.69981e-09  1.11881e-11  9.90239e-09  4.20748e-09  5.7263e-10  1.20478e-08  
2.57693e-09  1.49812e-08  4.11403e-13  9.49801e-11  2.43884e-09  1.43184e-13  2.41961e-09  4.35853e-09  2.20825e-10  5.06317e-09  
1.43178e-09  6.61729e-09  6.05979e-10  2.21746e-09  8.95869e-10  5.98681e-09  1.28289e-09  7.87548e-09  8.4813e-12  1.74413e-15  
1.04965e-09  5.67255e-11  2.88614e-11  4.73915e-09  1.55555e-09  1.06797e-08  8.38751e-10  1.23626e-12  7.25941e-09  9.09265e-10  
2.48258e-10  6.61179e-10  3.7742e-09  2.6349e-09  4.84518e-08  7.75605e-10  4.37428e-11  1.21864e-08  3.40879e-11  3.08461e-11  
1.53711e-08  3.74544e-09  5.90648e-09  2.02688e-09  8.33998e-09  6.67573e-10  1.39463e-10  1.34398e-11  1.09781e-11  1.71591e-10  
2.47938e-12  3.35471e-10  1.70159e-09  6.03838e-10  2.24872e-09  2.82714e-10  2.66825e-12  1.10326e-09  2.34483e-10  1.48572e-09  
2.42793e-10  8.1165e-10  2.01481e-10  9.3464e-10  1.80284e-10  1.15615e-09  3.1187e-13  6.79495e-18  2.81946e-10  5.68714e-12  
1.14339e-12  9.93777e-10  3.21525e-10  1.22247e-09  3.52437e-10  1.73174e-09  3.2651e-10  2.40495e-09  7.00887e-10  3.26192e-09  
9.48542e-10  5.24653e-09  3.74311e-10  6.70798e-10  2.4476e-10  1.28991e-09  4.31544e-10  2.42921e-09  3.16369e-10  1.51211e-13  
1.81136e-12  7.68687e-10  3.00661e-10  1.59852e-09  6.07738e-10  3.12999e-09  6.10309e-11  7.78117e-11  3.96804e-10  1.11402e-10  
3.00412e-10  3.1115e-11  2.25397e-11  8.37835e-10  3.46202e-10  3.14247e-09  2.54359e-09  4.24993e-08  5.16276e-09  1.7895e-08  
3.42784e-10  1.5614e-10  1.25408e-09  5.05599e-09  7.03219e-10  2.23931e-09  4.16483e-10  2.16155e-09  9.4907e-11  2.30291e-10  
1.85181e-10  1.57558e-11  5.17571e-12  4.21783e-10  1.16978e-10  4.83162e-10  7.16076e-11  3.8085e-10  2.33497e-14  4.84699e-15  
7.11817e-11  2.04507e-11  6.74452e-11  2.60213e-13  6.73816e-14  8.16562e-11  2.97086e-11  2.75473e-10  1.36551e-10  5.58938e-10  
7.59246e-12  3.15581e-11  1.19661e-10  2.40139e-11  2.5877e-11  1.1552e-10  8.56564e-11  4.12788e-10  1.78756e-10  8.37177e-10  
1.5688e-10  3.4863e-10  1.43156e-10  5.42876e-10  8.48457e-11  2.13742e-10  1.02417e-10  7.41975e-11  2.13665e-10  1.52673e-11  
1.87983e-11  4.93279e-10  2.46405e-10  1.26296e-09  1.68153e-10  1.25483e-10  6.11818e-11  9.51402e-16  1.05412e-10  6.08401e-10  
2.12551e-10  1.25509e-09  3.25103e-10  2.17879e-10  1.36197e-10  5.85821e-11  2.27581e-11  2.90734e-10  3.165e-10  8.81816e-10  
2.55269e-10  4.03767e-10  3.59752e-11  7.90614e-12  7.85959e-11  1.41505e-10  5.85388e-11  6.64317e-10  1.43486e-10  7.29346e-10  
8.30309e-11  2.94488e-10  6.53331e-11  3.32792e-11  1.47512e-10  3.47689e-11  1.69595e-11  5.34736e-10  2.28094e-10  1.03097e-09  
3.36503e-10  1.11717e-09  4.84241e-10  1.65932e-09  6.80705e-10  2.91599e-09  1.37014e-09  4.90213e-10  6.28703e-10  1.25087e-09  
1.09045e-09  1.44877e-08  2.53283e-08  1.1652e-07  1.20548e-09  9.50076e-13  2.31366e-09  
2.19332e-20  6.25492e-17  4.25821e-26  7.34463e-37  0.190375  2.87454e-24  7.731e-29  0  0.0160606  1.13551e-10  1.56967e-06  
1.14222e-13  1.41443e-11  6.20956e-08  2.40257e-25  2.69128e-23  0.000527521  9.03489e-08  8.29086e-09  1.07421e-20  2.98784e-18  
3.22284e-14  2.11941e-06  1.00446e-15  2.06092e-28  2.98113e-05  6.15485e-07  0.00158926  2.59666e-14  3.58868e-21  2.52347e-12  
1.97341e-05  8.98368e-11  7.37229e-25  1.64811e-05  5.76941e-06  2.62285e-06  2.4962e-15  8.44e-18  9.2923e-09  1.46979e-20  
1.49037e-06  7.96317e-15  1.04555e-22  4.8514e-06  2.82937e-07  2.75107e-07  2.46165e-07  2.61353e-11  1.0312e-12  1.78057e-06  
3.81025e-08  1.14388e-07  2.88795e-11  6.63471e-09  1.38626e-08  1.05606e-09  4.86848e-08  2.47871e-07  3.58212e-10  8.33224e-08  
2.11621e-09  5.33138e-09  1.73754e-08  1.94318e-09  3.47637e-09  2.14118e-07  3.03857e-09  5.43636e-09  1.10089e-09  9.06052e-09  
1.73227e-10  3.22321e-09  3.32075e-13  4.78e-10  8.43733e-10  1.5083e-11  2.77399e-13  6.21187e-17  1.45219e-09  9.15835e-10  
5.53752e-09  4.26378e-09  1.55234e-08  1.13337e-09  4.37441e-08  5.02618e-09  9.05467e-09  5.03407e-08  1.43314e-07  2.72343e-08  
3.45131e-06  4.42238e-07  2.86021e-07  1.07935e-09  1.38783e-09  5.01202e-08  9.39922e-09  7.46354e-08  2.05295e-08  6.49716e-08  
2.25956e-08  3.10069e-08  5.41863e-09  4.18277e-08  3.24603e-09  5.16726e-13  1.04399e-08  3.78381e-09  3.55398e-10  1.23486e-08  
2.65756e-09  1.55468e-08  2.80831e-14  9.29998e-11  2.3751e-09  8.87147e-15  2.68362e-09  4.24053e-09  1.80281e-11  5.0505e-09  
1.46877e-09  6.70645e-09  6.13334e-10  2.20048e-09  8.82798e-10  6.05616e-09  1.33746e-09  7.98525e-09  6.9652e-13  9.4682e-18  
1.06624e-09  2.17156e-11  1.54219e-11  4.53447e-09  1.59644e-09  1.09367e-08  1.37664e-09  8.02631e-14  7.54667e-09  7.8778e-10  
1.7232e-11  7.61398e-10  3.72775e-09  2.61088e-09  4.86462e-08  1.15514e-10  7.91526e-11  1.31918e-08  2.67367e-12  1.86717e-12  
1.53459e-08  3.93745e-09  6.08322e-09  2.11166e-09  8.26591e-09  1.28218e-10  2.00697e-10  4.32037e-12  4.84444e-12  8.67672e-11  
1.60942e-12  9.58587e-10  1.85167e-09  5.92944e-10  2.21149e-09  2.79758e-10  2.29868e-13  1.08457e-09  2.31184e-10  1.48991e-09  
2.45167e-10  8.05271e-10  2.00297e-10  9.286e-10  1.8041e-10  1.16474e-09  1.88608e-14  2.30013e-20  2.85706e-10  2.62084e-12  
4.68133e-13  9.98306e-10  3.24861e-10  1.24442e-09  3.59908e-10  1.76691e-09  3.33351e-10  2.44627e-09  7.03573e-10  3.36196e-09  
9.58042e-10  5.34436e-09  3.76753e-10  6.62014e-10  2.41445e-10  1.28886e-09  4.31374e-10  2.45292e-09  3.19687e-10  1.00398e-14  
6.8158e-13  7.6924e-10  2.9922e-10  1.58595e-09  6.10717e-10  3.16487e-09  4.39627e-12  8.60442e-11  4.23256e-10  2.38055e-11  
3.0572e-10  2.97151e-12  3.73664e-11  9.65923e-10  3.37203e-10  3.2222e-09  2.56549e-09  4.29407e-08  5.20822e-09  1.79139e-08  
3.60189e-11  1.97853e-10  1.61925e-09  5.06869e-09  7.17467e-10  2.25855e-09  4.20406e-10  2.13455e-09  8.76001e-12  2.00547e-10  
2.30648e-10  3.19316e-12  2.85399e-11  4.989e-10  9.54916e-11  4.62276e-10  6.91324e-11  4.07066e-10  7.92656e-14  4.43024e-14  
7.714e-11  4.67478e-12  2.49318e-11  6.056e-15  1.31964e-15  1.54062e-10  5.52698e-11  2.79294e-10  1.32197e-10  5.33489e-10  
4.96739e-13  2.26951e-11  1.15293e-10  4.11951e-12  5.20658e-13  1.74327e-10  8.94098e-11  3.96908e-10  1.71681e-10  8.33499e-10  
1.56089e-10  3.50653e-10  1.42647e-10  5.43192e-10  7.90502e-12  1.64013e-10  1.33095e-10  6.40884e-11  2.15713e-10  7.34378e-11  
6.56828e-11  5.59292e-10  2.50808e-10  1.22384e-09  1.62072e-10  1.21579e-10  5.35792e-12  4.58042e-17  1.30817e-10  6.35979e-10  
2.23304e-10  1.26592e-09  4.99912e-11  2.62536e-10  3.01953e-10  3.06674e-11  1.46101e-12  4.39489e-10  3.46415e-10  8.65285e-10  
7.90105e-11  4.46988e-10  1.32963e-10  2.73149e-12  9.53257e-11  2.53896e-10  7.08013e-11  6.5305e-10  1.34645e-10  6.97885e-10  
1.18254e-11  2.13998e-10  1.25308e-10  3.5327e-11  1.64832e-10  8.67012e-11  2.30082e-11  5.5454e-10  2.25051e-10  1.01459e-09  
3.3476e-10  1.16275e-09  5.05394e-10  1.6798e-09  6.88281e-10  2.88686e-09  1.4271e-09  6.12534e-10  9.95386e-10  1.01062e-09  
9.60975e-10  1.43786e-08  2.53668e-08  1.18354e-07  1.33289e-09  7.37621e-14  2.34689e-09  
3.0323e-21  2.2678e-17  3.8666e-27  3.36248e-38  0.188525  2.71301e-24  4.38683e-30  0  0.0166656  4.65726e-11  1.55851e-06  
1.3391e-14  8.22289e-11  3.13558e-08  5.55813e-27  1.49235e-23  0.000536019  5.74208e-08  3.57989e-09  3.91964e-22  4.16199e-19  
2.94486e-14  2.12013e-06  9.45199e-17  2.8101e-29  2.98677e-05  6.22576e-07  0.00158875  2.27922e-15  4.76431e-22  2.20973e-12  
1.97882e-05  6.86967e-12  9.32886e-26  1.64907e-05  6.14431e-06  2.72299e-06  1.62237e-16  1.2397e-18  6.03123e-09  1.69351e-21  
1.48441e-06  5.91172e-16  9.36564e-24  4.85194e-06  2.86294e-07  2.82673e-07  2.46617e-07  1.74659e-12  5.20109e-14  1.77428e-06  
3.85235e-08  1.14824e-07  1.02155e-12  6.75351e-09  1.37449e-08  1.09355e-09  5.14287e-08  2.45296e-07  2.64118e-11  8.44708e-08  
2.36685e-09  5.35909e-09  1.71631e-08  1.98415e-09  3.49982e-09  2.12668e-07  3.03891e-09  5.54224e-09  1.12502e-09  9.03815e-09  
7.41726e-12  3.25102e-09  2.50653e-14  4.77532e-10  1.02175e-09  1.11384e-12  1.93364e-14  3.24752e-19  1.45831e-09  9.04982e-10  
5.38599e-09  4.37977e-09  1.55839e-08  1.12413e-09  4.34322e-08  5.00379e-09  9.38077e-09  6.60057e-08  1.37831e-07  1.23568e-08  
3.41848e-06  4.56654e-07  3.04942e-07  6.28253e-11  1.39063e-09  5.34275e-08  6.82875e-09  7.15284e-08  2.10173e-08  6.8946e-08  
2.35094e-08  3.23031e-08  6.02376e-09  4.1849e-08  3.08471e-09  3.70513e-14  1.0874e-08  3.6577e-09  3.56016e-11  1.2357e-08  
2.67037e-09  1.56635e-08  2.15489e-15  9.23173e-11  2.37273e-09  6.18328e-16  2.71495e-09  4.20547e-09  1.27377e-12  5.02839e-09  
1.46563e-09  6.72105e-09  6.13671e-10  2.19864e-09  8.79243e-10  6.05605e-09  1.34177e-09  8.00384e-09  3.59801e-13  3.38915e-19  
1.06786e-09  1.62553e-11  1.21529e-11  4.48743e-09  1.5793e-09  1.09856e-08  1.20187e-09  6.10108e-15  7.61937e-09  1.04365e-09  
1.55337e-12  7.64101e-10  3.70306e-09  2.59613e-09  4.8597e-08  5.72208e-12  7.13683e-11  1.33644e-08  2.23145e-13  3.29059e-14  
1.53324e-08  3.9574e-09  6.1219e-09  2.12759e-09  8.24047e-09  5.65331e-12  2.00192e-10  3.17107e-12  3.72805e-12  3.37788e-12  
1.43332e-12  1.07019e-09  1.96331e-09  6.10171e-10  2.20578e-09  2.78808e-10  1.19601e-13  1.077e-09  2.30287e-10  1.48437e-09  
2.46078e-10  8.02667e-10  2.00881e-10  9.24256e-10  1.80641e-10  1.16227e-09  2.36274e-14  2.0949e-21  2.87721e-10  2.10231e-12  
1.19863e-13  9.95508e-10  3.2602e-10  1.24466e-09  3.61477e-10  1.77171e-09  3.35502e-10  2.45271e-09  7.04255e-10  3.37724e-09  
9.62008e-10  5.35903e-09  3.78216e-10  6.60023e-10  2.411e-10  1.28492e-09  4.30876e-10  2.45132e-09  3.20011e-10  7.31349e-16  
1.31936e-13  7.69214e-10  2.99465e-10  1.58032e-09  6.07936e-10  3.16671e-09  3.27042e-13  8.44347e-11  4.19733e-10  2.39872e-12  
2.63735e-10  1.81143e-13  3.40682e-11  1.02897e-09  3.49565e-10  3.23128e-09  2.57135e-09  4.29711e-08  5.21035e-09  1.78834e-08  
2.13217e-12  1.93013e-10  1.65226e-09  5.08866e-09  7.1768e-10  2.26254e-09  4.1812e-10  2.12874e-09  6.29847e-13  1.72962e-10  
1.19774e-10  1.36944e-13  1.29707e-10  5.78254e-10  8.9057e-11  4.40617e-10  6.45282e-11  3.99629e-10  6.89359e-13  3.11219e-13  
7.62292e-11  5.34148e-13  5.39686e-12  9.98714e-15  5.537e-16  1.75128e-10  6.54337e-11  2.82334e-10  1.32083e-10  5.33362e-10  
3.71852e-14  1.88978e-11  1.13592e-10  4.43088e-13  1.01236e-14  1.89801e-10  8.72377e-11  3.9089e-10  1.67328e-10  8.26949e-10  
1.54283e-10  3.50047e-10  1.40955e-10  5.43735e-10  5.75216e-13  1.34412e-10  1.31535e-10  9.99825e-12  5.69918e-11  1.68215e-10  
1.73623e-10  5.97949e-10  2.61035e-10  1.22818e-09  1.60901e-10  1.20583e-10  3.9827e-13  2.19779e-17  1.29989e-10  6.34537e-10  
2.21989e-10  1.27047e-09  2.93381e-12  2.28088e-10  2.98185e-10  2.38577e-12  5.19391e-14  5.67348e-10  3.44157e-10  8.64971e-10  
5.32305e-12  3.84392e-10  1.58109e-10  2.47633e-13  8.41386e-11  3.45624e-10  9.42232e-11  6.7653e-10  1.36095e-10  6.94577e-10  
8.76183e-13  1.67726e-10  1.32358e-10  4.73453e-12  1.17953e-10  1.77178e-10  4.46199e-11  5.56361e-10  2.26709e-10  1.01379e-09  
3.31603e-10  1.16942e-09  5.08107e-10  1.68618e-09  6.87354e-10  2.88102e-09  1.42587e-09  3.66341e-10  1.06327e-09  1.24479e-09  
9.34292e-10  1.43274e-08  2.53234e-08  1.18602e-07  1.36107e-09  5.74773e-15  2.35119e-09  
4.97018e-22  1.02601e-17  4.438e-28  1.65585e-39  0.188043  2.66697e-24  3.70381e-31  0  0.0168226  2.39086e-11  1.55443e-06  
3.23407e-15  1.96604e-10  2.69637e-08  2.44965e-28  5.59581e-24  0.000538847  5.05457e-08  4.0942e-09  5.35435e-23  8.16942e-20  
2.16127e-14  2.11854e-06  1.19667e-17  2.47601e-30  2.98777e-05  6.2391e-07  0.00158868  2.95803e-16  7.95011e-23  1.53386e-12  
1.97962e-05  1.31171e-12  1.10497e-26  1.64927e-05  6.19643e-06  2.7396e-06  2.39391e-17  2.10478e-19  5.64086e-09  1.9867e-22  
1.48351e-06  8.07317e-17  1.38139e-24  4.85207e-06  2.8674e-07  2.83816e-07  2.46699e-07  3.05042e-13  8.5394e-15  1.77337e-06  
3.85411e-08  1.14871e-07  2.02978e-13  6.77142e-09  1.37233e-08  1.09954e-09  5.1833e-08  2.44907e-07  4.84154e-12  8.46467e-08  
2.38594e-09  5.36358e-09  1.71504e-08  1.98969e-09  3.50354e-09  2.12448e-07  3.03796e-09  5.55855e-09  1.12844e-09  9.03521e-09  
1.43575e-12  3.25497e-09  4.59017e-15  4.77462e-10  1.02855e-09  2.09759e-13  3.4865e-15  1.09142e-20  1.45934e-09  9.03049e-10  
5.3631e-09  4.39707e-09  1.55937e-08  1.12213e-09  4.33869e-08  4.99684e-09  9.43173e-09  7.3165e-08  1.37002e-07  5.37615e-09  
3.41374e-06  4.58482e-07  3.07849e-07  1.18137e-11  1.38954e-09  5.38379e-08  4.45287e-09  7.10734e-08  2.10671e-08  7.15733e-08  
2.3617e-08  3.25017e-08  5.99252e-09  4.18539e-08  3.19022e-09  7.28312e-15  1.09247e-08  3.63924e-09  7.23151e-12  1.23543e-08  
2.67199e-09  1.56807e-08  4.02164e-16  9.22135e-11  2.37374e-09  1.04221e-16  2.71741e-09  4.20055e-09  2.27602e-13  5.02545e-09  
1.46447e-09  6.72365e-09  6.13617e-10  2.1989e-09  8.78738e-10  6.05575e-09  1.34205e-09  8.00685e-09  3.33844e-13  5.22163e-20  
1.06801e-09  1.55341e-11  1.17037e-11  4.48164e-09  1.57478e-09  1.09937e-08  9.69846e-10  1.1725e-15  7.62799e-09  1.27808e-09  
3.41206e-13  7.64261e-10  3.71036e-09  2.59381e-09  4.85893e-08  1.09157e-12  6.51135e-11  1.33787e-08  5.45163e-14  5.61859e-15  
1.53361e-08  3.95897e-09  6.1281e-09  2.12985e-09  8.23733e-09  1.1089e-12  1.99861e-10  3.02489e-12  3.57838e-12  7.16205e-13  
1.40852e-12  1.06341e-09  1.97835e-09  6.13575e-10  2.20569e-09  2.78798e-10  1.10751e-13  1.0758e-09  2.30255e-10  1.48328e-09  
2.46458e-10  8.02135e-10  2.01169e-10  9.23428e-10  1.80836e-10  1.1617e-09  3.41118e-14  4.07529e-22  2.88364e-10  2.03365e-12  
3.76171e-14  9.94716e-10  3.26409e-10  1.24437e-09  3.61829e-10  1.77229e-09  3.35996e-10  2.45367e-09  7.04405e-10  3.37922e-09  
9.62863e-10  5.36124e-09  3.78585e-10  6.59649e-10  2.4114e-10  1.28432e-09  4.30885e-10  2.4508e-09  3.201e-10  1.27674e-16  
3.68544e-14  7.69244e-10  2.99592e-10  1.57952e-09  6.07325e-10  3.16699e-09  5.96716e-14  8.41513e-11  4.19029e-10  4.96223e-13  
2.56691e-10  3.17906e-14  3.12458e-11  1.03768e-09  3.51577e-10  3.23227e-09  2.57458e-09  4.29758e-08  5.21074e-09  1.78787e-08  
3.8496e-13  1.92124e-10  1.6534e-09  5.09224e-09  7.17485e-10  2.26351e-09  4.17428e-10  2.12838e-09  1.12577e-13  1.68794e-10  
5.85288e-11  1.23321e-14  1.85314e-10  5.92936e-10  8.86996e-11  4.37751e-10  6.27087e-11  3.97836e-10  1.60053e-12  5.55512e-13  
7.61717e-11  1.10555e-13  2.19413e-12  3.09465e-14  5.82036e-16  1.77749e-10  6.72659e-11  2.83004e-10  1.31853e-10  5.33751e-10  
6.95178e-15  1.8342e-11  1.13234e-10  9.01683e-14  1.34038e-15  1.91816e-10  8.69315e-11  3.90378e-10  1.66455e-10  8.25935e-10  
1.53868e-10  3.50032e-10  1.40464e-10  5.44077e-10  1.02912e-13  1.30073e-10  1.3088e-10  2.416e-12  1.69209e-11  1.84405e-10  
1.9954e-10  6.06128e-10  2.62745e-10  1.22984e-09  1.60672e-10  1.20448e-10  7.23713e-14  1.96048e-17  1.29693e-10  6.34334e-10  
2.21479e-10  1.27136e-09  5.3971e-13  2.21885e-10  2.94128e-10  4.48432e-13  8.54711e-15  5.83965e-10  3.43733e-10  8.64965e-10  
1.08593e-12  3.73591e-10  1.56551e-10  4.43455e-14  8.19973e-11  3.57826e-10  9.79923e-11  6.81135e-10  1.36223e-10  6.9467e-10  
1.56066e-13  1.61237e-10  1.32399e-10  1.01127e-12  1.09976e-10  1.92134e-10  4.74947e-11  5.55286e-10  2.26664e-10  1.01385e-09  
3.30881e-10  1.17061e-09  5.08361e-10  1.68738e-09  6.8697e-10  2.88091e-09  1.42442e-09  2.07269e-10  1.06447e-09  1.4082e-09  
9.33736e-10  1.43202e-08  2.53168e-08  1.18639e-07  1.36493e-09  1.07511e-15  2.35185e-09  
3.88227e-22  1.00204e-17  3.05942e-28  8.57904e-40  0.187858  2.64787e-24  1.33749e-31  0  0.0168824  1.95784e-11  1.5522e-06  
2.30782e-15  3.56846e-10  2.5698e-08  1.21609e-28  7.20731e-24  0.000540137  4.80274e-08  4.7486e-09  4.39992e-23  6.43876e-20  
3.02228e-14  2.11793e-06  8.68623e-18  2.47206e-30  2.98808e-05  6.24354e-07  0.00158867  2.11523e-16  6.23268e-23  9.32358e-13  
1.97981e-05  9.05893e-13  5.31664e-27  1.64933e-05  6.20756e-06  2.74379e-06  1.46505e-17  1.66829e-19  5.55071e-09  1.4661e-22  
1.48329e-06  5.47598e-17  1.06696e-24  4.85212e-06  2.86835e-07  2.8409e-07  2.46722e-07  2.00741e-13  5.33257e-15  1.77315e-06  
3.85368e-08  1.14882e-07  9.5067e-14  6.77566e-09  1.37179e-08  1.10112e-09  5.19276e-08  2.44813e-07  2.98248e-12  8.46894e-08  
2.374e-09  5.36467e-09  1.71639e-08  1.99098e-09  3.50451e-09  2.12394e-07  3.03759e-09  5.56255e-09  1.12922e-09  9.03458e-09  
5.40444e-13  3.25588e-09  3.09431e-15  4.77444e-10  1.02958e-09  1.25447e-13  2.33099e-15  4.96378e-21  1.45957e-09  9.02527e-10  
5.35754e-09  4.40129e-09  1.55962e-08  1.12151e-09  4.33763e-08  4.99446e-09  9.44437e-09  7.62535e-08  1.368e-07  2.33744e-09  
3.41264e-06  4.58867e-07  3.08553e-07  6.93796e-12  1.38924e-09  5.39296e-08  2.85697e-09  7.09654e-08  2.10759e-08  7.32353e-08  
2.36379e-08  3.25497e-08  5.8758e-09  4.18554e-08  3.32575e-09  5.2384e-15  1.09351e-08  3.635e-09  2.34423e-12  1.23534e-08  
2.67236e-09  1.56847e-08  2.64204e-16  9.21884e-11  2.37423e-09  6.51233e-17  2.71769e-09  4.1994e-09  1.51435e-13  5.02483e-09  
1.46408e-09  6.72438e-09  6.13573e-10  2.19907e-09  8.78606e-10  6.05563e-09  1.34206e-09  8.0076e-09  3.36363e-13  3.27565e-20  
1.06802e-09  1.53637e-11  1.15986e-11  4.48047e-09  1.57329e-09  1.09959e-08  7.75538e-10  8.0573e-16  7.62952e-09  1.47101e-09  
2.58295e-13  7.64285e-10  3.71432e-09  2.59323e-09  4.85875e-08  6.23408e-13  5.96951e-11  1.33815e-08  4.09305e-14  2.79682e-15  
1.5341e-08  3.95916e-09  6.12964e-09  2.13037e-09  8.23668e-09  5.89861e-13  1.99775e-10  2.99297e-12  3.54308e-12  3.30002e-13  
1.40292e-12  1.06095e-09  1.98181e-09  6.1447e-10  2.20572e-09  2.78822e-10  1.11197e-13  1.07549e-09  2.30279e-10  1.48297e-09  
2.46627e-10  8.0195e-10  2.013e-10  9.23168e-10  1.80932e-10  1.16151e-09  4.43355e-14  3.56247e-22  2.88614e-10  2.01773e-12  
1.24143e-14  9.94422e-10  3.26568e-10  1.24423e-09  3.61952e-10  1.77239e-09  3.36162e-10  2.45389e-09  7.0445e-10  3.37963e-09  
9.63123e-10  5.36176e-09  3.78715e-10  6.59522e-10  2.41172e-10  1.28417e-09  4.3091e-10  2.45063e-09  3.20136e-10  8.17316e-17  
1.08521e-14  7.69254e-10  2.99644e-10  1.57933e-09  6.07136e-10  3.16709e-09  4.017e-14  8.40821e-11  4.18819e-10  2.87633e-13  
2.54962e-10  2.10247e-14  2.87601e-11  1.03959e-09  3.5203e-10  3.23247e-09  2.57718e-09  4.29769e-08  5.21085e-09  1.78776e-08  
2.39494e-13  1.91907e-10  1.65332e-09  5.09318e-09  7.17385e-10  2.26382e-09  4.17179e-10  2.1284e-09  7.49387e-14  1.67796e-10  
2.72599e-11  3.86858e-15  2.14629e-10  5.96869e-10  8.85976e-11  4.37159e-10  6.11094e-11  3.97358e-10  2.84937e-12  7.04049e-13  
7.61778e-11  6.91665e-14  1.0453e-12  6.14253e-14  5.15634e-16  1.78312e-10  6.8069e-11  2.83229e-10  1.31727e-10  5.33919e-10  
4.7694e-15  1.82095e-11  1.13117e-10  5.68011e-14  8.64208e-16  1.92269e-10  8.67982e-11  3.90349e-10  1.66177e-10  8.25732e-10  
1.53731e-10  3.50066e-10  1.40272e-10  5.44249e-10  6.86328e-14  1.29037e-10  1.30596e-10  1.03207e-12  5.33402e-12  1.87984e-10  
2.07447e-10  6.08224e-10  2.63098e-10  1.23033e-09  1.60576e-10  1.20415e-10  4.85969e-14  1.90823e-17  1.29578e-10  6.3434e-10  
2.21285e-10  1.27164e-09  3.19212e-13  2.1983e-10  2.92789e-10  2.92026e-13  5.65099e-15  5.88187e-10  3.43605e-10  8.64991e-10  
5.50221e-13  3.70995e-10  1.55869e-10  2.96863e-14  8.147e-11  3.60536e-10  9.88437e-11  6.8233e-10  1.36188e-10  6.94762e-10  
1.03063e-13  1.597e-10  1.32232e-10  5.21747e-13  1.09683e-10  1.95412e-10  4.65783e-11  5.54964e-10  2.26619e-10  1.01388e-09  
3.30634e-10  1.17096e-09  5.08395e-10  1.68772e-09  6.86821e-10  2.88103e-09  1.42384e-09  1.15465e-10  1.06356e-09  1.5019e-09  
9.34072e-10  1.43185e-08  2.53152e-08  1.18648e-07  1.36578e-09  7.29303e-16  2.35202e-09  
9.88354e-23  6.06746e-18  5.42448e-29  0  0.187676  2.6285e-24  5.60254e-33  0  0.0169414  9.38424e-12  1.54956e-06  
6.42463e-16  6.13101e-10  2.45959e-08  6.67024e-30  2.65946e-24  0.000541514  4.56643e-08  5.57762e-09  1.00956e-23  1.87579e-20  
1.32929e-14  2.11732e-06  1.79788e-18  2.11714e-31  2.98836e-05  6.24761e-07  0.00158866  4.39149e-17  1.64391e-23  4.95222e-13  
1.97996e-05  1.49811e-13  7.38708e-28  1.64939e-05  6.21611e-06  2.74725e-06  2.48194e-18  4.32437e-20  5.47821e-09  2.73454e-23  
1.48312e-06  1.09562e-17  2.60927e-25  4.85216e-06  2.86908e-07  2.84313e-07  2.46741e-07  3.11095e-14  7.7751e-16  1.77298e-06  
3.85304e-08  1.14891e-07  1.76325e-14  6.77911e-09  1.37134e-08  1.10244e-09  5.20059e-08  2.44737e-07  4.83596e-13  8.47245e-08  
2.35088e-09  5.36557e-09  1.71883e-08  1.99202e-09  3.50535e-09  2.1235e-07  3.03722e-09  5.56585e-09  1.12983e-09  9.03408e-09  
1.39319e-13  3.25664e-09  4.94801e-16  4.77431e-10  1.03007e-09  2.08298e-14  3.70986e-16  1.28258e-22  1.4598e-09  9.02088e-10  
5.35299e-09  4.40475e-09  1.55982e-08  1.12097e-09  4.33678e-08  4.9923e-09  9.45479e-09  7.78943e-08  1.36634e-07  7.39527e-10  
3.41176e-06  4.59164e-07  3.0913e-07  1.13849e-12  1.389e-09  5.40065e-08  1.51514e-09  7.08776e-08  2.10819e-08  7.46338e-08  
2.36524e-08  3.25888e-08  5.69509e-09  4.18567e-08  3.52195e-09  9.1086e-16  1.09412e-08  3.63172e-09  7.22432e-13  1.23527e-08  
2.67266e-09  1.5688e-08  4.49888e-17  9.21678e-11  2.37471e-09  1.11047e-17  2.71794e-09  4.19847e-09  2.40582e-14  5.02433e-09  
1.46371e-09  6.725e-09  6.13529e-10  2.19925e-09  8.78497e-10  6.05552e-09  1.34204e-09  8.00823e-09  3.45328e-13  5.8159e-21  
1.06802e-09  1.52257e-11  1.15136e-11  4.4796e-09  1.57194e-09  1.09977e-08  5.61765e-10  1.32492e-16  7.63042e-09  1.68238e-09  
4.74817e-14  7.64301e-10  3.71928e-09  2.59276e-09  4.8586e-08  1.05372e-13  5.27326e-11  1.33839e-08  1.75246e-14  4.25921e-16  
1.53476e-08  3.95926e-09  6.13091e-09  2.1308e-09  8.23618e-09  1.03229e-13  1.99704e-10  2.96923e-12  3.51435e-12  6.29723e-14  
1.39862e-12  1.05897e-09  1.98458e-09  6.15225e-10  2.20576e-09  2.78851e-10  1.13578e-13  1.07522e-09  2.30307e-10  1.4827e-09  
2.46788e-10  8.01783e-10  2.01424e-10  9.22939e-10  1.8102e-10  1.16133e-09  5.94876e-14  9.3731e-23  2.88831e-10  2.0051e-12  
4.02207e-15  9.94152e-10  3.26716e-10  1.24409e-09  3.62063e-10  1.77247e-09  3.36312e-10  2.45405e-09  7.04493e-10  3.37994e-09  
9.63352e-10  5.36218e-09  3.78835e-10  6.59405e-10  2.41204e-10  1.28405e-09  4.30936e-10  2.45047e-09  3.20171e-10  1.34306e-17  
1.60461e-15  7.69261e-10  2.99679e-10  1.57917e-09  6.06967e-10  3.16717e-09  6.43751e-15  8.40255e-11  4.18669e-10  4.57685e-14  
2.53545e-10  3.36752e-15  2.55454e-11  1.04123e-09  3.52392e-10  3.23265e-09  2.58048e-09  4.29778e-08  5.21095e-09  1.78767e-08  
3.86174e-14  1.9173e-10  1.65331e-09  5.09397e-09  7.17287e-10  2.26409e-09  4.16952e-10  2.12846e-09  1.18828e-14  1.66985e-10  
1.0007e-11  2.28816e-16  2.30144e-10  6.00219e-10  8.85156e-11  4.36704e-10  5.89526e-11  3.96927e-10  4.63075e-12  8.74229e-13  
7.62176e-11  1.10906e-14  3.74168e-13  1.19824e-13  3.19856e-16  1.78786e-10  6.84611e-11  2.8343e-10  1.31607e-10  5.34072e-10  
7.70786e-16  1.8102e-11  1.13026e-10  9.07812e-15  1.30239e-16  1.92653e-10  8.66809e-11  3.90348e-10  1.65934e-10  8.25576e-10  
1.5361e-10  3.50103e-10  1.40097e-10  5.44414e-10  1.08446e-14  1.28196e-10  1.30385e-10  2.38809e-13  1.2074e-12  1.90555e-10  
2.08594e-10  6.09912e-10  2.63372e-10  1.23075e-09  1.60484e-10  1.20386e-10  7.78772e-15  1.86725e-17  1.29511e-10  6.3436e-10  
2.21107e-10  1.27189e-09  5.18641e-14  2.17653e-10  2.91787e-10  6.61551e-14  8.77956e-16  5.92202e-10  3.4351e-10  8.65018e-10  
1.00779e-13  3.68887e-10  1.55399e-10  4.66131e-15  8.10409e-11  3.62672e-10  9.95227e-11  6.83327e-10  1.36145e-10  6.94854e-10  
1.63585e-14  1.58462e-10  1.32127e-10  9.60284e-14  1.10746e-10  1.98091e-10  4.45925e-11  5.54657e-10  2.26573e-10  1.0139e-09  
3.3041e-10  1.17126e-09  5.08417e-10  1.688e-09  6.86684e-10  2.88117e-09  1.42328e-09  5.06999e-11  1.06229e-09  1.56857e-09  
9.34552e-10  1.43171e-08  2.53139e-08  1.18656e-07  1.36645e-09  1.20254e-16  2.35215e-09  
5.08421e-23  5.69831e-18  1.9542e-29  0  0.18763  2.62293e-24  2.91716e-34  0  0.016956  5.27312e-12  1.54817e-06  
2.98319e-16  1.11671e-09  2.43766e-08  8.71631e-31  1.99687e-24  0.000541968  4.50742e-08  6.07841e-09  4.6873e-24  1.02121e-20  
8.40778e-15  2.11718e-06  7.98003e-19  4.7992e-32  2.98842e-05  6.24858e-07  0.00158866  1.949e-17  8.4681e-24  2.24801e-13  
1.97998e-05  4.12741e-14  1.69027e-28  1.6494e-05  6.21704e-06  2.74775e-06  8.3237e-19  2.15935e-20  5.46752e-09  1.07431e-23  
1.48309e-06  4.62667e-18  1.26966e-25  4.85217e-06  2.86917e-07  2.84346e-07  2.46744e-07  7.88438e-15  1.83558e-16  1.77296e-06  
3.85281e-08  1.14892e-07  3.87283e-15  6.77961e-09  1.37127e-08  1.10265e-09  5.20176e-08  2.44725e-07  1.22468e-13  8.47298e-08  
2.32608e-09  5.36571e-09  1.72134e-08  1.99217e-09  3.50555e-09  2.12343e-07  3.03707e-09  5.56635e-09  1.12991e-09  9.03402e-09  
2.96159e-14  3.25676e-09  1.30744e-16  4.77429e-10  1.03018e-09  5.26287e-15  9.71305e-17  9.03221e-24  1.45983e-09  9.02014e-10  
5.3523e-09  4.40528e-09  1.55985e-08  1.12087e-09  4.33666e-08  4.99186e-09  9.4564e-09  7.83705e-08  1.36608e-07  2.69722e-10  
3.41164e-06  4.592e-07  3.09216e-07  2.81259e-13  1.38896e-09  5.40184e-08  8.74494e-10  7.08648e-08  2.10817e-08  7.52833e-08  
2.36542e-08  3.25947e-08  5.53129e-09  4.18569e-08  3.68819e-09  2.61126e-16  1.09425e-08  3.63126e-09  1.55542e-13  1.23525e-08  
2.6727e-09  1.56884e-08  1.30409e-17  9.21647e-11  2.37483e-09  3.45303e-18  2.71796e-09  4.19833e-09  6.27603e-15  5.02427e-09  
1.46364e-09  6.72511e-09  6.13516e-10  2.19929e-09  8.78478e-10  6.0555e-09  1.34202e-09  8.00833e-09  3.57835e-13  1.9333e-21  
1.06801e-09  1.5205e-11  1.15011e-11  4.47951e-09  1.57166e-09  1.09981e-08  4.26377e-10  3.63451e-17  7.63051e-09  1.81722e-09  
1.3378e-14  7.64301e-10  3.72025e-09  2.59269e-09  4.85857e-08  2.60876e-14  4.75496e-11  1.33843e-08  1.31533e-14  9.32673e-17  
1.53528e-08  3.95925e-09  6.1311e-09  2.13086e-09  8.23613e-09  2.46881e-14  1.99693e-10  2.96909e-12  3.50974e-12  1.42603e-14  
1.3984e-12  1.05868e-09  1.98498e-09  6.15349e-10  2.20577e-09  2.78858e-10  1.17181e-13  1.07518e-09  2.30317e-10  1.48265e-09  
2.46828e-10  8.01747e-10  2.01454e-10  9.22893e-10  1.81034e-10  1.1613e-09  7.20055e-14  4.7092e-23  2.88882e-10  2.00327e-12  
1.02405e-15  9.94092e-10  3.26751e-10  1.24405e-09  3.62087e-10  1.77247e-09  3.36344e-10  2.45407e-09  7.04502e-10  3.37998e-09  
9.63396e-10  5.36223e-09  3.78863e-10  6.5938e-10  2.41212e-10  1.28403e-09  4.30944e-10  2.45043e-09  3.20179e-10  3.8845e-18  
2.52459e-16  7.69262e-10  2.99688e-10  1.57915e-09  6.06935e-10  3.16718e-09  1.7077e-15  8.40171e-11  4.18646e-10  9.56045e-15  
2.53326e-10  8.86845e-16  2.31358e-11  1.04148e-09  3.52443e-10  3.23268e-09  2.5829e-09  4.29779e-08  5.21097e-09  1.78766e-08  
9.80856e-15  1.91703e-10  1.65329e-09  5.0941e-09  7.17263e-10  2.26414e-09  4.16905e-10  2.12848e-09  3.09658e-15  1.66864e-10  
3.78623e-12  2.30573e-17  2.3608e-10  6.00735e-10  8.84912e-11  4.36651e-10  5.70759e-11  3.96955e-10  6.42535e-12  7.90793e-13  
7.62217e-11  2.37239e-15  1.63447e-13  1.70886e-13  1.06261e-16  1.78857e-10  6.86305e-11  2.83468e-10  1.31576e-10  5.34107e-10  
2.07302e-16  1.80861e-11  1.1301e-10  1.98591e-15  3.39486e-17  1.92714e-10  8.66517e-11  3.90363e-10  1.65885e-10  8.25561e-10  
1.53586e-10  3.50116e-10  1.40057e-10  5.44457e-10  2.82203e-15  1.28071e-10  1.30341e-10  5.27677e-14  3.24553e-13  1.9102e-10  
2.09032e-10  6.10161e-10  2.63399e-10  1.23083e-09  1.60462e-10  1.20381e-10  2.0633e-15  1.86209e-17  1.29502e-10  6.34372e-10  
2.21068e-10  1.27194e-09  1.28205e-14  2.16587e-10  2.91623e-10  3.63283e-14  2.29038e-16  5.93549e-10  3.43488e-10  8.65025e-10  
2.36524e-14  3.68575e-10  1.55357e-10  1.21936e-15  8.09776e-11  3.62974e-10  9.96151e-11  6.83485e-10  1.36127e-10  6.94877e-10  
4.23769e-15  1.58281e-10  1.321e-10  2.28152e-14  1.12996e-10  1.98509e-10  4.22079e-11  5.54609e-10  2.26564e-10  1.0139e-09  
3.30363e-10  1.17131e-09  5.08416e-10  1.68805e-09  6.86656e-10  2.88121e-09  1.42316e-09  2.45239e-11  1.06205e-09  1.59508e-09  
9.34647e-10  1.43169e-08  2.53137e-08  1.18657e-07  1.36654e-09  3.27779e-17  2.35217e-09  
  17 1.31138e+09 1.31138e+09 1.28689 0.650912 80316 158.42 0.018411
