# Initial abundances
# El  Z   log e(X)   [X/H]    [X/Fe]     [X/O]      X(i)
  p   1  12.000000  0.000000  0.000000  0.000000 7.54993E-01
 he   2  10.921445 -0.008555  1.176951  1.176945 2.50215E-01
 li   3   2.040213 -1.219787 -0.034281 -0.034287 5.70319E-10
 be   4   0.000000 -1.300000  0.000000  0.000000 0.00000E+00
  b   5   0.000000 -2.790000  0.000000  0.000000 0.00000E+00
  c   6   7.284689 -1.185311  0.000195  0.000189 1.73281E-04
  n   7   6.684474 -1.185525 -0.000019 -0.000025 5.07344E-05
  o   8   7.544499 -1.185500  0.000006  0.000000 4.19831E-04
  f   9   3.234510 -1.185490  0.000017  0.000010 2.44175E-08
 ne  10   6.784502 -1.185498  0.000009  0.000002 9.20250E-05
 na  11   5.054493 -1.185506  0.000000 -0.000006 1.95216E-06
 mg  12   6.454494 -1.185505  0.000001 -0.000005 5.18409E-05
 al  13   5.264493 -1.185506  0.000000 -0.000006 3.71578E-06
 si  14   6.364496 -1.185504  0.000002 -0.000004 4.86932E-05
  p  15   4.224507 -1.185493  0.000013  0.000007 3.89033E-07
  s  16   5.974492 -1.175508  0.009998  0.009992 2.26467E-05
 cl  17   4.044501 -1.185499  0.000008  0.000001 2.94196E-07
 ar  18   5.254495 -1.185505  0.000001 -0.000005 5.37617E-06
  k  19   3.893926 -1.186074 -0.000568 -0.000574 2.29384E-07
 ca  20   5.104494 -1.185506  0.000000 -0.000006 3.81841E-06
 sc  21   1.864498 -1.185502  0.000005 -0.000002 2.46473E-09
 ti  22   3.724504 -1.185496  0.000010  0.000004 1.90117E-07
  v  23   2.773416 -1.186584 -0.001078 -0.001084 2.26451E-08
 cr  24   4.435211 -1.204789 -0.019283 -0.019289 1.06087E-06
 mn  25   4.294506 -1.185494  0.000012  0.000006 8.10702E-07
 fe  26   6.354494 -1.185506  0.000000 -0.000006 9.46151E-05
 co  27   3.684498 -1.185502  0.000004 -0.000002 2.13471E-07
 ni  28   5.014499 -1.185501  0.000006  0.000000 4.54536E-06
 cu  29   3.064504 -1.185496  0.000010  0.000004 5.52172E-08
 zn  30   3.444505 -1.185495  0.000011  0.000005 1.36340E-07
 ga  31   1.894501 -1.185499  0.000007  0.000001 4.09599E-09
 ge  32   2.360129 -1.219871 -0.034364 -0.034370 1.24677E-08
 as  33   1.114492 -1.185508 -0.000001 -0.000007 7.30439E-10
 se  34   2.110576 -1.229424 -0.043918 -0.043924 7.62896E-09
 br  35   1.354499 -1.185501  0.000005 -0.000001 1.35379E-09
 kr  36   2.062927 -1.187073 -0.001566 -0.001573 7.25510E-09
 rb  37   1.334499 -1.185501  0.000006  0.000000 1.38288E-09
 sr  38   1.692070 -1.187930 -0.002424 -0.002430 3.22966E-09
  y  39   1.024498 -1.185502  0.000004 -0.000002 7.04550E-10
 zr  40   1.344502 -1.185498  0.000009  0.000003 1.51041E-09
 nb  41   0.224507 -1.185493  0.000014  0.000008 1.16690E-10
 mo  42   0.633325 -1.306675 -0.121169 -0.121175 3.08892E-10
 tc  43   0.000000 -9.000000  0.000000  0.000000 0.00000E+00
 ru  44   0.443560 -1.316440 -0.130934 -0.130940 2.10215E-10
 rh  45  -0.125499 -1.185499  0.000008  0.000001 5.77330E-11
 pd  46   0.405316 -1.244684 -0.059177 -0.059183 2.02685E-10
 ag  47   0.014502 -1.185498  0.000008  0.000002 8.35366E-11
 cd  48   0.484784 -1.225216 -0.039710 -0.039716 2.57084E-10
 in  49  -0.444537 -1.204537 -0.019031 -0.019037 3.08998E-11
 sn  50   0.822070 -1.247930 -0.062423 -0.062430 5.90256E-10
 sb  51  -0.418026 -1.428026 -0.242520 -0.242526 3.48307E-11
 te  52   0.527122 -1.652878 -0.467371 -0.467377 3.21704E-10
  i  53   0.364500 -1.185500  0.000006  0.000000 2.20018E-10
 xe  54   1.017418 -1.222582 -0.037076 -0.037082 1.02363E-09
 cs  55  -0.105499 -1.185499  0.000007  0.000001 7.80772E-11
 ba  56   0.993598 -1.186402 -0.000896 -0.000902 1.01353E-09
 la  57  -0.015905 -1.185905 -0.000399 -0.000405 1.00299E-10
 ce  58   0.392595 -1.187405 -0.001898 -0.001905 2.59159E-10
 pr  59  -0.425498 -1.185498  0.000008  0.000002 3.96205E-11
 nd  60   0.239496 -1.210504 -0.024997 -0.025004 1.87527E-10
 pm  61   0.000000 -9.000000  0.000000  0.000000 0.00000E+00
 sm  62  -0.375217 -1.315217 -0.129711 -0.129717 4.74676E-11
 eu  63  -0.675514 -1.185514 -0.000008 -0.000014 2.40275E-11
 gd  64  -0.242631 -1.292631 -0.107125 -0.107131 6.73662E-11
 tb  65  -0.865514 -1.185514 -0.000007 -0.000014 1.62241E-11
 dy  66  -0.056157 -1.186157 -0.000651 -0.000657 1.06950E-10
 ho  67  -0.715497 -1.185497  0.000009  0.000003 2.37840E-11
 er  68  -0.273120 -1.193120 -0.007614 -0.007620 6.67963E-11
 tm  69  -1.065498 -1.185498  0.000008  0.000002 1.08818E-11
 yb  70  -0.326530 -1.246530 -0.061023 -0.061029 6.11083E-11
 lu  71  -1.095501 -1.185501  0.000005 -0.000001 1.05181E-11
 hf  72  -0.476206 -1.186206 -0.000700 -0.000706 4.46571E-11
 ta  73  -1.305553 -1.185553 -0.000047 -0.000053 6.70629E-12
  w  74  -0.536028 -1.186028 -0.000522 -0.000528 4.00770E-11
 re  75  -0.925500 -1.185500  0.000006  0.000000 1.65569E-11
 os  76   0.164417 -1.185583 -0.000076 -0.000083 2.08055E-10
 ir  77   0.134501 -1.185500  0.000007  0.000001 1.96234E-10
 pt  78   0.402156 -1.217844 -0.032338 -0.032344 3.68847E-10
 au  79  -0.385500 -1.185500  0.000006  0.000000 6.07262E-11
 hg  80  -0.047105 -1.217105 -0.031598 -0.031605 1.34799E-10
 tl  81  -0.415503 -1.185503  0.000004 -0.000002 5.88064E-11
 pb  82   0.854504 -1.185496  0.000010  0.000004 1.11013E-09
 bi  83  -0.535496 -1.185496  0.000011  0.000004 4.56134E-11
 po  84   0.000000 -9.000000  0.000000  0.000000 0.00000E+00
#[ls/Fe]_Bisterzo =   0.0000, [hs/Fe]_Bisterzo =  -0.0517
#[hs/ls]_Bisterzo =  -0.0517, [Pb/hs]_Bisterzo =   0.0517
#[ls/Fe]_Thiswork =  -0.0008, [hs/Fe]_Thiswork =  -0.0011
#[hs/ls]_Thiswork =  -0.0003, [Pb/hs]_Thiswork =   0.0011
# He/H =  8.3454E-02, C/O =  5.4978E-01, c12/c13 = 8.94391E+01
# N/O =  1.3803E-01, n14/n15 = 4.47610E+02
# o16/o17 = 2.63226E+03, o16/o18 = 4.98812E+02
# mg24/mg25 =  7.8990E+00, mg24/mg26 =  7.1742E+00
# al26/al27 =  0.0000E+00, mg+al =  2.2706E-06
#
# During TP-AGB
#  TP   Mass     Mcore    Menv    log L
#  1 1.973670 0.580621 1.393040 3.357830
# El  Z   log e(X)   [X/H]    [X/Fe]     [X/O]      X(i)
  p   1  12.000000  0.000000  0.000000  0.000000 7.37480E-01
 he   2  10.960896  0.030895  1.216402  1.216395 2.67652E-01
 li   3   1.202969 -2.057031 -0.871525 -0.871531 8.10365E-11
 be   4   0.000000 -1.300000  0.000000  0.000000 3.95090E-36
  b   5   0.000000 -2.790000  0.000000  0.000000 6.16022E-28
  c   6   7.007422 -1.462578 -0.277072 -0.277078 8.93904E-05
  n   7   7.179038 -0.690962  0.494544  0.494538 1.54765E-04
  o   8   7.547307 -1.182693  0.002813  0.000000 4.12752E-04
  f   9   3.209913 -1.210087 -0.024580 -0.027394 2.25378E-08
 ne  10   6.789732 -1.180268  0.005239  0.002425 9.09794E-05
 na  11   5.271557 -0.968442  0.217064  0.214251 3.14330E-06
 mg  12   6.464682 -1.175318  0.010188  0.007375 5.18403E-05
 al  13   5.274771 -1.175229  0.010277  0.007464 3.71651E-06
 si  14   6.374688 -1.175312  0.010194  0.007381 4.86932E-05
  p  15   4.234700 -1.175300  0.010206  0.007393 3.89034E-07
  s  16   5.984684 -1.165316  0.020191  0.017377 2.26467E-05
 cl  17   4.054694 -1.175306  0.010200  0.007387 2.94196E-07
 ar  18   5.264688 -1.175312  0.010194  0.007381 5.37617E-06
  k  19   3.904096 -1.175904  0.009602  0.006789 2.29372E-07
 ca  20   5.114688 -1.175312  0.010194  0.007381 3.81842E-06
 sc  21   1.874691 -1.175309  0.010197  0.007384 2.46473E-09
 ti  22   3.734696 -1.175303  0.010203  0.007390 1.90117E-07
  v  23   2.783607 -1.176393  0.009114  0.006300 2.26451E-08
 cr  24   4.445404 -1.194596 -0.009090 -0.011903 1.06087E-06
 mn  25   4.304698 -1.175302  0.010205  0.007391 8.10702E-07
 fe  26   6.364686 -1.175313  0.000000  0.007380 9.46151E-05
 co  27   3.694691 -1.175309  0.000004  0.007384 2.13471E-07
 ni  28   5.024692 -1.175308  0.000006  0.007385 4.54536E-06
 cu  29   3.074697 -1.175303  0.000010  0.007390 5.52172E-08
 zn  30   3.454698 -1.175303  0.000011  0.007390 1.36340E-07
 ga  31   1.904694 -1.175306  0.000007  0.007387 4.09599E-09
 ge  32   2.370322 -1.209678 -0.034364 -0.026985 1.24677E-08
 as  33   1.124685 -1.175315 -0.000001  0.007378 7.30439E-10
 se  34   2.120769 -1.219231 -0.043918 -0.036538 7.62896E-09
 br  35   1.364692 -1.175308  0.000005  0.007385 1.35379E-09
 kr  36   2.073120 -1.176880 -0.001566  0.005813 7.25510E-09
 rb  37   1.343266 -1.176733 -0.001420  0.005960 1.37835E-09
 sr  38   1.702888 -1.177113 -0.001799  0.005580 3.23430E-09
  y  39   1.034691 -1.175309  0.000004  0.007384 7.04550E-10
 zr  40   1.354695 -1.175305  0.000009  0.007388 1.51041E-09
 nb  41   0.234700 -1.175300  0.000014  0.007393 1.16690E-10
 mo  42   0.643517 -1.296483 -0.121169 -0.113790 3.08892E-10
 tc  43   0.000000 -9.000000  0.000000  0.000000 4.26670E-26
 ru  44   0.453753 -1.306247 -0.130934 -0.123554 2.10215E-10
 rh  45  -0.115307 -1.175307  0.000007  0.007386 5.77330E-11
 pd  46   0.415509 -1.234491 -0.059177 -0.051798 2.02685E-10
 ag  47   0.024694 -1.175306  0.000008  0.007387 8.35366E-11
 cd  48   0.494977 -1.215023 -0.039710 -0.032330 2.57084E-10
 in  49  -0.434344 -1.194344 -0.019031 -0.011651 3.08998E-11
 sn  50   0.832263 -1.237737 -0.062423 -0.055044 5.90256E-10
 sb  51  -0.407833 -1.417833 -0.242520 -0.235140 3.48307E-11
 te  52   0.537315 -1.642685 -0.467371 -0.459992 3.21704E-10
  i  53   0.374692 -1.175308  0.000005  0.007385 2.20018E-10
 xe  54   1.027611 -1.212389 -0.037076 -0.029696 1.02363E-09
 cs  55  -0.095306 -1.175306  0.000007  0.007387 7.80772E-11
 ba  56   1.003791 -1.176209 -0.000896  0.006484 1.01353E-09
 la  57  -0.005713 -1.175712 -0.000399  0.006981 1.00299E-10
 ce  58   0.402788 -1.177212 -0.001898  0.005481 2.59159E-10
 pr  59  -0.415305 -1.175305  0.000008  0.007388 3.96205E-11
 nd  60   0.249689 -1.200311 -0.024997 -0.017618 1.87527E-10
 pm  61   0.000000 -9.000000  0.000000  0.000000 0.00000E+00
 sm  62  -0.365025 -1.305025 -0.129711 -0.122332 4.74676E-11
 eu  63  -0.665321 -1.175321 -0.000008  0.007372 2.40275E-11
 gd  64  -0.232439 -1.282439 -0.107126 -0.099746 6.73662E-11
 tb  65  -0.855321 -1.175321 -0.000007  0.007372 1.62241E-11
 dy  66  -0.045964 -1.175964 -0.000651  0.006729 1.06950E-10
 ho  67  -0.705304 -1.175304  0.000009  0.007389 2.37840E-11
 er  68  -0.262927 -1.182927 -0.007614 -0.000234 6.67963E-11
 tm  69  -1.055305 -1.175305  0.000008  0.007388 1.08818E-11
 yb  70  -0.316337 -1.236337 -0.061023 -0.053644 6.11083E-11
 lu  71  -1.085489 -1.175489 -0.000176  0.007204 1.05137E-11
 hf  72  -0.465969 -1.175969 -0.000656  0.006724 4.46616E-11
 ta  73  -1.295362 -1.175362 -0.000048  0.007331 6.70629E-12
  w  74  -0.525835 -1.175835 -0.000522  0.006858 4.00770E-11
 re  75  -0.919108 -1.179108 -0.003795  0.003585 1.64126E-11
 os  76   0.174917 -1.175083  0.000231  0.007610 2.08203E-10
 ir  77   0.144693 -1.175307  0.000007  0.007386 1.96234E-10
 pt  78   0.412349 -1.207651 -0.032338 -0.024958 3.68847E-10
 au  79  -0.375307 -1.175307  0.000006  0.007386 6.07262E-11
 hg  80  -0.036912 -1.206912 -0.031598 -0.024219 1.34799E-10
 tl  81  -0.405310 -1.175310  0.000004  0.007383 5.88064E-11
 pb  82   0.864697 -1.175303  0.000010  0.007390 1.11013E-09
 bi  83  -0.525303 -1.175303  0.000011  0.007390 4.56134E-11
 po  84   0.000000 -9.000000  0.000000  0.000000 1.52422E-25
#[ls/Fe]_Bisterzo =   0.0000, [hs/Fe]_Bisterzo =  -0.0517
#[hs/ls]_Bisterzo =  -0.0517, [Pb/hs]_Bisterzo =   0.0517
#[ls/Fe]_Thiswork =  -0.0006, [hs/Fe]_Thiswork =  -0.0011
#[hs/ls]_Thiswork =  -0.0005, [Pb/hs]_Thiswork =   0.0011
# He/H =  9.1389E-02, C/O =  2.8848E-01, c12/c13 = 1.73503E+01
# N/O =  4.2828E-01, n14/n15 = 3.57588E+03
# o16/o17 = 7.33267E+01, o16/o18 = 8.38119E+02
# mg24/mg25 =  7.9166E+00, mg24/mg26 =  7.1606E+00
# al26/al27 =  4.0384E-07, mg+al =  2.2706E-06
#
#  TP   Mass     Mcore    Menv    log L
#  2 1.973660 0.584844 1.388820 3.549820
# El  Z   log e(X)   [X/H]    [X/Fe]     [X/O]      X(i)
  p   1  12.000000  0.000000  0.000000  0.000000 7.37371E-01
 he   2  10.961136  0.031136  1.206449  1.213829 2.67761E-01
 li   3   1.202133 -2.057867 -0.882553 -0.875174 8.08687E-11
 be   4   0.000000 -1.300000  0.000000  0.000000 0.00000E+00
  b   5   0.000000 -2.790000  0.000000  0.000000 6.15820E-28
  c   6   7.006655 -1.463346 -0.288032 -0.280653 8.92194E-05
  n   7   7.180872 -0.689127  0.486186  0.493566 1.55397E-04
  o   8   7.546851 -1.183149 -0.007835  0.000000 4.12258E-04
  f   9   3.209235 -1.210765 -0.035451 -0.027616 2.24993E-08
 ne  10   6.789747 -1.180253 -0.004940  0.002896 9.09690E-05
 na  11   5.273253 -0.966747  0.208567  0.216402 3.15513E-06
 mg  12   6.464744 -1.175256  0.000057  0.007893 5.18399E-05
 al  13   5.274880 -1.175119  0.000194  0.008029 3.71689E-06
 si  14   6.374753 -1.175247  0.000066  0.007902 4.86932E-05
  p  15   4.234765 -1.175235  0.000078  0.007914 3.89034E-07
  s  16   5.984749 -1.165251  0.010062  0.017898 2.26467E-05
 cl  17   4.054759 -1.175241  0.000072  0.007907 2.94196E-07
 ar  18   5.264752 -1.175248  0.000066  0.007901 5.37617E-06
  k  19   3.904160 -1.175840 -0.000527  0.007308 2.29372E-07
 ca  20   5.114752 -1.175248  0.000066  0.007901 3.81842E-06
 sc  21   1.874756 -1.175244  0.000069  0.007905 2.46473E-09
 ti  22   3.734760 -1.175240  0.000074  0.007909 1.90117E-07
  v  23   2.783672 -1.176328 -0.001014  0.006821 2.26451E-08
 cr  24   4.445468 -1.194532 -0.019218 -0.011383 1.06087E-06
 mn  25   4.304763 -1.175237  0.000076  0.007912 8.10702E-07
 fe  26   6.364751 -1.175249  0.000000  0.007900 9.46151E-05
 co  27   3.694755 -1.175245  0.000004  0.007904 2.13471E-07
 ni  28   5.024756 -1.175243  0.000006  0.007905 4.54536E-06
 cu  29   3.074761 -1.175239  0.000010  0.007910 5.52172E-08
 zn  30   3.454762 -1.175239  0.000010  0.007910 1.36340E-07
 ga  31   1.904757 -1.175242  0.000007  0.007906 4.09599E-09
 ge  32   2.370386 -1.209614 -0.034365 -0.026465 1.24677E-08
 as  33   1.124749 -1.175251 -0.000002  0.007898 7.30439E-10
 se  34   2.120832 -1.219167 -0.043918 -0.036019 7.62896E-09
 br  35   1.364757 -1.175243  0.000006  0.007905 1.35379E-09
 kr  36   2.073184 -1.176816 -0.001567  0.006333 7.25510E-09
 rb  37   1.343330 -1.176670 -0.001420  0.006479 1.37835E-09
 sr  38   1.702952 -1.177048 -0.001799  0.006101 3.23430E-09
  y  39   1.034756 -1.175244  0.000005  0.007905 7.04550E-10
 zr  40   1.354759 -1.175241  0.000008  0.007908 1.51041E-09
 nb  41   0.234764 -1.175236  0.000013  0.007913 1.16690E-10
 mo  42   0.643581 -1.296419 -0.121170 -0.113270 3.08892E-10
 tc  43   0.000000 -9.000000  0.000000  0.000000 1.85550E-25
 ru  44   0.453817 -1.306183 -0.130934 -0.123034 2.10215E-10
 rh  45  -0.115242 -1.175242  0.000007  0.007907 5.77330E-11
 pd  46   0.415574 -1.234426 -0.059177 -0.051277 2.02685E-10
 ag  47   0.024758 -1.175242  0.000007  0.007907 8.35366E-11
 cd  48   0.495041 -1.214959 -0.039710 -0.031810 2.57084E-10
 in  49  -0.434279 -1.194279 -0.019030 -0.011131 3.08998E-11
 sn  50   0.832328 -1.237672 -0.062423 -0.054523 5.90256E-10
 sb  51  -0.407768 -1.417768 -0.242519 -0.234619 3.48307E-11
 te  52   0.537380 -1.642620 -0.467371 -0.459471 3.21704E-10
  i  53   0.374757 -1.175243  0.000006  0.007906 2.20018E-10
 xe  54   1.027675 -1.212325 -0.037076 -0.029176 1.02363E-09
 cs  55  -0.095243 -1.175243  0.000007  0.007906 7.80772E-11
 ba  56   1.003855 -1.176145 -0.000896  0.007004 1.01353E-09
 la  57  -0.005649 -1.175649 -0.000399  0.007500 1.00299E-10
 ce  58   0.402852 -1.177148 -0.001899  0.006001 2.59159E-10
 pr  59  -0.415241 -1.175241  0.000008  0.007908 3.96205E-11
 nd  60   0.249754 -1.200246 -0.024997 -0.017097 1.87527E-10
 pm  61   0.000000 -9.000000  0.000000  0.000000 0.00000E+00
 sm  62  -0.364960 -1.304960 -0.129711 -0.121811 4.74676E-11
 eu  63  -0.665257 -1.175256 -0.000007  0.007892 2.40275E-11
 gd  64  -0.232374 -1.282374 -0.107125 -0.099225 6.73662E-11
 tb  65  -0.855256 -1.175256 -0.000007  0.007893 1.62241E-11
 dy  66  -0.045899 -1.175899 -0.000650  0.007249 1.06950E-10
 ho  67  -0.705240 -1.175240  0.000009  0.007909 2.37840E-11
 er  68  -0.262862 -1.182862 -0.007613  0.000287 6.67963E-11
 tm  69  -1.055241 -1.175241  0.000008  0.007908 1.08818E-11
 yb  70  -0.316272 -1.236272 -0.061023 -0.053123 6.11083E-11
 lu  71  -1.085425 -1.175425 -0.000176  0.007723 1.05137E-11
 hf  72  -0.465905 -1.175905 -0.000656  0.007244 4.46616E-11
 ta  73  -1.295297 -1.175297 -0.000048  0.007852 6.70629E-12
  w  74  -0.525770 -1.175770 -0.000521  0.007379 4.00770E-11
 re  75  -0.919044 -1.179044 -0.003795  0.004104 1.64126E-11
 os  76   0.174982 -1.175018  0.000231  0.008131 2.08203E-10
 ir  77   0.144757 -1.175243  0.000006  0.007906 1.96234E-10
 pt  78   0.412413 -1.207587 -0.032338 -0.024439 3.68847E-10
 au  79  -0.375242 -1.175242  0.000007  0.007907 6.07262E-11
 hg  80  -0.036847 -1.206847 -0.031598 -0.023698 1.34799E-10
 tl  81  -0.405246 -1.175246  0.000003  0.007903 5.88064E-11
 pb  82   0.864760 -1.175240  0.000010  0.007909 1.11013E-09
 bi  83  -0.525238 -1.175238  0.000011  0.007911 4.56134E-11
 po  84   0.000000 -9.000000  0.000000  0.000000 1.59984E-25
#[ls/Fe]_Bisterzo =   0.0000, [hs/Fe]_Bisterzo =  -0.0517
#[hs/ls]_Bisterzo =  -0.0517, [Pb/hs]_Bisterzo =   0.0517
#[ls/Fe]_Thiswork =  -0.0006, [hs/Fe]_Thiswork =  -0.0011
#[hs/ls]_Thiswork =  -0.0005, [Pb/hs]_Thiswork =   0.0011
# He/H =  9.1440E-02, C/O =  2.8827E-01, c12/c13 = 1.73483E+01
# N/O =  4.3055E-01, n14/n15 = 3.59570E+03
# o16/o17 = 7.32223E+01, o16/o18 = 8.38731E+02
# mg24/mg25 =  7.9218E+00, mg24/mg26 =  7.1568E+00
# al26/al27 =  1.5916E-06, mg+al =  2.2706E-06
#
#  TP   Mass     Mcore    Menv    log L
#  3 1.973660 0.590966 1.382700 3.617670
# El  Z   log e(X)   [X/H]    [X/Fe]     [X/O]      X(i)
  p   1  12.000000  0.000000  0.000000  0.000000 7.37295E-01
 he   2  10.961302  0.031301  1.206551  1.214450 2.67836E-01
 li   3   1.236220 -2.023780 -0.848531 -0.840631 8.74627E-11
 be   4   0.000000 -1.300000  0.000000  0.000000 0.00000E+00
  b   5   0.000000 -2.790000  0.000000  0.000000 2.11098E-26
  c   6   7.006827 -1.463173 -0.287924 -0.280024 8.92457E-05
  n   7   7.181830 -0.688169  0.487080  0.494979 1.55724E-04
  o   8   7.546464 -1.183535 -0.008286  0.000000 4.11849E-04
  f   9   3.208750 -1.211250 -0.036001 -0.027715 2.24719E-08
 ne  10   6.789761 -1.180239 -0.004990  0.003296 9.09626E-05
 na  11   5.274297 -0.965703  0.209547  0.217833 3.16240E-06
 mg  12   6.464785 -1.175215  0.000034  0.008320 5.18396E-05
 al  13   5.274975 -1.175025  0.000224  0.008510 3.71732E-06
 si  14   6.374797 -1.175203  0.000046  0.008332 4.86932E-05
  p  15   4.234809 -1.175191  0.000058  0.008344 3.89034E-07
  s  16   5.984793 -1.165207  0.010042  0.018328 2.26467E-05
 cl  17   4.054803 -1.175197  0.000052  0.008338 2.94196E-07
 ar  18   5.264797 -1.175203  0.000046  0.008332 5.37617E-06
  k  19   3.904204 -1.175796 -0.000546  0.007740 2.29372E-07
 ca  20   5.114797 -1.175203  0.000046  0.008332 3.81842E-06
 sc  21   1.874801 -1.175199  0.000050  0.008336 2.46473E-09
 ti  22   3.734805 -1.175195  0.000054  0.008340 1.90117E-07
  v  23   2.783717 -1.176283 -0.001034  0.007252 2.26451E-08
 cr  24   4.445513 -1.194487 -0.019238 -0.010952 1.06087E-06
 mn  25   4.304807 -1.175193  0.000056  0.008342 8.10702E-07
 fe  26   6.364796 -1.175204  0.000000  0.008331 9.46151E-05
 co  27   3.694799 -1.175200  0.000004  0.008335 2.13471E-07
 ni  28   5.024801 -1.175199  0.000005  0.008336 4.54536E-06
 cu  29   3.074805 -1.175195  0.000010  0.008340 5.52172E-08
 zn  30   3.454806 -1.175194  0.000010  0.008341 1.36340E-07
 ga  31   1.904802 -1.175198  0.000007  0.008337 4.09599E-09
 ge  32   2.370431 -1.209569 -0.034365 -0.026034 1.24677E-08
 as  33   1.124794 -1.175206 -0.000002  0.008329 7.30439E-10
 se  34   2.120877 -1.219123 -0.043918 -0.035588 7.62896E-09
 br  35   1.364800 -1.175200  0.000005  0.008336 1.35379E-09
 kr  36   2.073229 -1.176771 -0.001567  0.006764 7.25510E-09
 rb  37   1.343375 -1.176625 -0.001420  0.006910 1.37835E-09
 sr  38   1.702996 -1.177004 -0.001800  0.006531 3.23430E-09
  y  39   1.034800 -1.175200  0.000004  0.008335 7.04550E-10
 zr  40   1.354804 -1.175196  0.000008  0.008339 1.51041E-09
 nb  41   0.234809 -1.175191  0.000013  0.008344 1.16690E-10
 mo  42   0.643626 -1.296374 -0.121170 -0.112839 3.08892E-10
 tc  43   0.000000 -9.000000  0.000000  0.000000 3.47479E-24
 ru  44   0.453861 -1.306139 -0.130934 -0.122604 2.10215E-10
 rh  45  -0.115197 -1.175197  0.000007  0.008338 5.77330E-11
 pd  46   0.415618 -1.234382 -0.059178 -0.050847 2.02685E-10
 ag  47   0.024803 -1.175197  0.000007  0.008338 8.35366E-11
 cd  48   0.495086 -1.214914 -0.039710 -0.031379 2.57084E-10
 in  49  -0.434235 -1.194235 -0.019030 -0.010700 3.08998E-11
 sn  50   0.832373 -1.237627 -0.062423 -0.054092 5.90256E-10
 sb  51  -0.407723 -1.417723 -0.242519 -0.234188 3.48307E-11
 te  52   0.537424 -1.642576 -0.467372 -0.459041 3.21704E-10
  i  53   0.374802 -1.175198  0.000006  0.008337 2.20018E-10
 xe  54   1.027719 -1.212281 -0.037076 -0.028745 1.02363E-09
 cs  55  -0.095198 -1.175198  0.000007  0.008337 7.80772E-11
 ba  56   1.003900 -1.176100 -0.000896  0.007435 1.01353E-09
 la  57  -0.005604 -1.175604 -0.000399  0.007931 1.00299E-10
 ce  58   0.402897 -1.177103 -0.001899  0.006432 2.59159E-10
 pr  59  -0.415196 -1.175196  0.000008  0.008339 3.96205E-11
 nd  60   0.249798 -1.200202 -0.024998 -0.016667 1.87527E-10
 pm  61   0.000000 -9.000000  0.000000  0.000000 0.00000E+00
 sm  62  -0.364916 -1.304916 -0.129712 -0.121381 4.74676E-11
 eu  63  -0.665213 -1.175213 -0.000008  0.008322 2.40275E-11
 gd  64  -0.232329 -1.282329 -0.107125 -0.098794 6.73662E-11
 tb  65  -0.855212 -1.175212 -0.000008  0.008323 1.62241E-11
 dy  66  -0.045856 -1.175856 -0.000651  0.007680 1.06950E-10
 ho  67  -0.705195 -1.175195  0.000009  0.008340 2.37840E-11
 er  68  -0.262817 -1.182817 -0.007613  0.000718 6.67963E-11
 tm  69  -1.055196 -1.175196  0.000008  0.008339 1.08818E-11
 yb  70  -0.316228 -1.236228 -0.061024 -0.052693 6.11083E-11
 lu  71  -1.085381 -1.175381 -0.000176  0.008155 1.05137E-11
 hf  72  -0.465860 -1.175860 -0.000656  0.007675 4.46616E-11
 ta  73  -1.295252 -1.175252 -0.000048  0.008283 6.70629E-12
  w  74  -0.525725 -1.175725 -0.000521  0.007810 4.00770E-11
 re  75  -0.919001 -1.179001 -0.003796  0.004534 1.64126E-11
 os  76   0.175027 -1.174973  0.000231  0.008562 2.08203E-10
 ir  77   0.144802 -1.175198  0.000006  0.008337 1.96234E-10
 pt  78   0.412457 -1.207543 -0.032338 -0.024007 3.68847E-10
 au  79  -0.375198 -1.175198  0.000006  0.008337 6.07262E-11
 hg  80  -0.036803 -1.206803 -0.031599 -0.023268 1.34799E-10
 tl  81  -0.405201 -1.175201  0.000003  0.008334 5.88064E-11
 pb  82   0.864805 -1.175195  0.000010  0.008340 1.11013E-09
 bi  83  -0.525193 -1.175193  0.000011  0.008342 4.56134E-11
 po  84   0.000000 -9.000000  0.000000  0.000000 3.00635E-25
#[ls/Fe]_Bisterzo =   0.0000, [hs/Fe]_Bisterzo =  -0.0517
#[hs/ls]_Bisterzo =  -0.0517, [Pb/hs]_Bisterzo =   0.0517
#[ls/Fe]_Thiswork =  -0.0006, [hs/Fe]_Thiswork =  -0.0011
#[hs/ls]_Thiswork =  -0.0005, [Pb/hs]_Thiswork =   0.0011
# He/H =  9.1475E-02, C/O =  2.8864E-01, c12/c13 = 1.73984E+01
# N/O =  4.3188E-01, n14/n15 = 3.59653E+03
# o16/o17 = 7.33089E+01, o16/o18 = 8.38023E+02
# mg24/mg25 =  7.9265E+00, mg24/mg26 =  7.1535E+00
# al26/al27 =  4.7684E-06, mg+al =  2.2706E-06
#
#  TP   Mass     Mcore    Menv    log L
#  4 1.973660 0.598524 1.375130 3.678960
# El  Z   log e(X)   [X/H]    [X/Fe]     [X/O]      X(i)
  p   1  12.000000  0.000000  0.000000  0.000000 7.37347E-01
 he   2  10.961188  0.031188  1.206392  1.214723 2.67784E-01
 li   3   1.311326 -1.948674 -0.773470 -0.765139 1.03982E-10
 be   4   0.000000 -1.300000  0.000000  0.000000 0.00000E+00
  b   5   0.000000 -2.790000  0.000000  0.000000 3.67445E-26
  c   6   7.007929 -1.462071 -0.286867 -0.278536 8.94786E-05
  n   7   7.181106 -0.688894  0.486310  0.494641 1.55475E-04
  o   8   7.546407 -1.183593 -0.008389  0.000000 4.11823E-04
  f   9   3.208755 -1.211246 -0.036041 -0.027653 2.24736E-08
 ne  10   6.789742 -1.180258 -0.005054  0.003335 9.09649E-05
 na  11   5.273901 -0.966099  0.209105  0.217494 3.15974E-06
 mg  12   6.464747 -1.175252 -0.000048  0.008340 5.18387E-05
 al  13   5.275057 -1.174942  0.000262  0.008650 3.71829E-06
 si  14   6.374767 -1.175233 -0.000029  0.008359 4.86932E-05
  p  15   4.234778 -1.175221 -0.000017  0.008371 3.89034E-07
  s  16   5.984763 -1.165237  0.009967  0.018356 2.26467E-05
 cl  17   4.054772 -1.175228 -0.000023  0.008365 2.94196E-07
 ar  18   5.264766 -1.175234 -0.000030  0.008359 5.37617E-06
  k  19   3.904174 -1.175826 -0.000622  0.007767 2.29372E-07
 ca  20   5.114767 -1.175233 -0.000029  0.008359 3.81842E-06
 sc  21   1.874770 -1.175230 -0.000026  0.008363 2.46473E-09
 ti  22   3.734775 -1.175225 -0.000021  0.008368 1.90117E-07
  v  23   2.783687 -1.176313 -0.001109  0.007279 2.26451E-08
 cr  24   4.445482 -1.194518 -0.019313 -0.010925 1.06087E-06
 mn  25   4.304777 -1.175223 -0.000019  0.008369 8.10702E-07
 fe  26   6.364765 -1.175235  0.000000  0.008358 9.46151E-05
 co  27   3.694769 -1.175231  0.000004  0.008362 2.13471E-07
 ni  28   5.024770 -1.175230  0.000005  0.008363 4.54536E-06
 cu  29   3.074775 -1.175225  0.000010  0.008368 5.52172E-08
 zn  30   3.454776 -1.175224  0.000010  0.008368 1.36340E-07
 ga  31   1.904772 -1.175228  0.000007  0.008365 4.09599E-09
 ge  32   2.370400 -1.209599 -0.034365 -0.026007 1.24677E-08
 as  33   1.124763 -1.175236 -0.000002  0.008356 7.30439E-10
 se  34   2.120847 -1.219153 -0.043918 -0.035560 7.62896E-09
 br  35   1.364771 -1.175229  0.000006  0.008364 1.35379E-09
 kr  36   2.073198 -1.176802 -0.001567  0.006791 7.25510E-09
 rb  37   1.343344 -1.176656 -0.001421  0.006937 1.37835E-09
 sr  38   1.702967 -1.177033 -0.001799  0.006559 3.23430E-09
  y  39   1.034770 -1.175230  0.000005  0.008363 7.04550E-10
 zr  40   1.354774 -1.175226  0.000008  0.008366 1.51041E-09
 nb  41   0.234778 -1.175222  0.000013  0.008371 1.16690E-10
 mo  42   0.643596 -1.296404 -0.121170 -0.112812 3.08892E-10
 tc  43   0.000000 -9.000000  0.000000  0.000000 6.81749E-24
 ru  44   0.453831 -1.306169 -0.130934 -0.122576 2.10215E-10
 rh  45  -0.115228 -1.175228  0.000007  0.008365 5.77330E-11
 pd  46   0.415587 -1.234413 -0.059178 -0.050820 2.02685E-10
 ag  47   0.024773 -1.175227  0.000007  0.008365 8.35366E-11
 cd  48   0.495055 -1.214945 -0.039710 -0.031352 2.57084E-10
 in  49  -0.434265 -1.194265 -0.019030 -0.010672 3.08998E-11
 sn  50   0.832342 -1.237658 -0.062423 -0.054065 5.90256E-10
 sb  51  -0.407754 -1.417754 -0.242519 -0.234161 3.48307E-11
 te  52   0.537395 -1.642606 -0.467371 -0.459013 3.21704E-10
  i  53   0.374771 -1.175229  0.000006  0.008364 2.20018E-10
 xe  54   1.027689 -1.212311 -0.037076 -0.028718 1.02363E-09
 cs  55  -0.095228 -1.175228  0.000007  0.008365 7.80772E-11
 ba  56   1.003869 -1.176131 -0.000896  0.007462 1.01353E-09
 la  57  -0.005634 -1.175634 -0.000399  0.007959 1.00299E-10
 ce  58   0.402866 -1.177134 -0.001899  0.006459 2.59159E-10
 pr  59  -0.415227 -1.175227  0.000008  0.008366 3.96205E-11
 nd  60   0.249767 -1.200233 -0.024998 -0.016640 1.87527E-10
 pm  61   0.000000 -9.000000  0.000000  0.000000 0.00000E+00
 sm  62  -0.364946 -1.304946 -0.129712 -0.121354 4.74676E-11
 eu  63  -0.665243 -1.175243 -0.000008  0.008350 2.40275E-11
 gd  64  -0.232360 -1.282360 -0.107125 -0.098767 6.73662E-11
 tb  65  -0.855243 -1.175243 -0.000008  0.008350 1.62241E-11
 dy  66  -0.045886 -1.175886 -0.000651  0.007707 1.06950E-10
 ho  67  -0.705226 -1.175226  0.000009  0.008367 2.37840E-11
 er  68  -0.262848 -1.182848 -0.007613  0.000745 6.67963E-11
 tm  69  -1.055226 -1.175226  0.000008  0.008366 1.08818E-11
 yb  70  -0.316257 -1.236258 -0.061023 -0.052665 6.11083E-11
 lu  71  -1.085411 -1.175411 -0.000176  0.008182 1.05137E-11
 hf  72  -0.465891 -1.175891 -0.000656  0.007702 4.46616E-11
 ta  73  -1.295282 -1.175282 -0.000048  0.008310 6.70629E-12
  w  74  -0.525756 -1.175756 -0.000521  0.007837 4.00770E-11
 re  75  -0.919032 -1.179032 -0.003797  0.004561 1.64125E-11
 os  76   0.174996 -1.175004  0.000231  0.008589 2.08203E-10
 ir  77   0.144772 -1.175228  0.000006  0.008364 1.96234E-10
 pt  78   0.412427 -1.207573 -0.032338 -0.023980 3.68847E-10
 au  79  -0.375229 -1.175229  0.000006  0.008364 6.07262E-11
 hg  80  -0.036834 -1.206834 -0.031599 -0.023241 1.34799E-10
 tl  81  -0.405231 -1.175231  0.000003  0.008361 5.88064E-11
 pb  82   0.864775 -1.175225  0.000010  0.008368 1.11013E-09
 bi  83  -0.525224 -1.175224  0.000011  0.008369 4.56134E-11
 po  84   0.000000 -9.000000  0.000000  0.000000 4.92974E-25
#[ls/Fe]_Bisterzo =   0.0000, [hs/Fe]_Bisterzo =  -0.0517
#[hs/ls]_Bisterzo =  -0.0517, [Pb/hs]_Bisterzo =   0.0517
#[ls/Fe]_Thiswork =  -0.0006, [hs/Fe]_Thiswork =  -0.0011
#[hs/ls]_Thiswork =  -0.0005, [Pb/hs]_Thiswork =   0.0011
# He/H =  9.1451E-02, C/O =  2.8942E-01, c12/c13 = 1.74783E+01
# N/O =  4.3122E-01, n14/n15 = 3.57476E+03
# o16/o17 = 7.35635E+01, o16/o18 = 8.36380E+02
# mg24/mg25 =  7.9273E+00, mg24/mg26 =  7.1539E+00
# al26/al27 =  1.4098E-04, mg+al =  2.2706E-06
#
#  TP   Mass     Mcore    Menv    log L
#  5 1.973650 0.606008 1.367650 3.737200
# El  Z   log e(X)   [X/H]    [X/Fe]     [X/O]      X(i)
  p   1  12.000000  0.000000  0.000000  0.000000 7.36668E-01
 he   2  10.962400  0.032400  1.207635  1.215993 2.68285E-01
 li   3   1.376423 -1.883577 -0.708342 -0.699984 1.20686E-10
 be   4   0.000000 -1.300000  0.000000  0.000000 0.00000E+00
  b   5   0.000000 -2.790000  0.000000  0.000000 3.64430E-26
  c   6   7.468870 -1.001130  0.174105  0.182463 2.58381E-04
  n   7   7.179929 -0.690071  0.485164  0.493522 1.54912E-04
  o   8   7.550344 -1.179655 -0.004420  0.000000 4.15191E-04
  f   9   3.217046 -1.202954 -0.027719 -0.023299 2.28857E-08
 ne  10   6.793263 -1.176737 -0.001502  0.002918 9.16210E-05
 na  11   5.275576 -0.964424  0.210811  0.215231 3.16903E-06
 mg  12   6.465054 -1.174946  0.000288  0.004709 5.18275E-05
 al  13   5.279354 -1.170646  0.004589  0.009009 3.75180E-06
 si  14   6.375203 -1.174797  0.000438  0.004858 4.86972E-05
  p  15   4.235201 -1.174798  0.000436  0.004857 3.89054E-07
  s  16   5.985162 -1.164838  0.010396  0.014817 2.26467E-05
 cl  17   4.055311 -1.174689  0.000546  0.004966 2.94290E-07
 ar  18   5.265159 -1.174841  0.000394  0.004814 5.37608E-06
  k  19   3.904651 -1.175349 -0.000114  0.004306 2.29412E-07
 ca  20   5.115161 -1.174839  0.000396  0.004816 3.81837E-06
 sc  21   1.875367 -1.174633  0.000602  0.005022 2.46585E-09
 ti  22   3.735175 -1.174825  0.000410  0.004830 1.90118E-07
  v  23   2.784035 -1.175965 -0.000731  0.003690 2.26424E-08
 cr  24   4.445883 -1.194117 -0.018882 -0.014462 1.06088E-06
 mn  25   4.305349 -1.174651  0.000584  0.005004 8.11024E-07
 fe  26   6.365164 -1.174836  0.000000  0.004819 9.46148E-05
 co  27   3.695517 -1.174483  0.000353  0.005172 2.13642E-07
 ni  28   5.025155 -1.174845 -0.000009  0.004810 4.54520E-06
 cu  29   3.075223 -1.174777  0.000059  0.004878 5.52233E-08
 zn  30   3.455161 -1.174839 -0.000003  0.004816 1.36336E-07
 ga  31   1.905250 -1.174750  0.000086  0.004905 4.09673E-09
 ge  32   2.370813 -1.209187 -0.034350 -0.029531 1.24681E-08
 as  33   1.125071 -1.174929 -0.000093  0.004726 7.30284E-10
 se  34   2.121267 -1.218733 -0.043896 -0.039078 7.62932E-09
 br  35   1.365065 -1.174935 -0.000099  0.004720 1.35346E-09
 kr  36   2.073631 -1.176369 -0.001533  0.003286 7.25565E-09
 rb  37   1.343693 -1.176307 -0.001471  0.003348 1.37818E-09
 sr  38   1.703430 -1.176570 -0.001734  0.003085 3.23478E-09
  y  39   1.035174 -1.174826  0.000010  0.004829 7.04558E-10
 zr  40   1.355179 -1.174821  0.000015  0.004834 1.51042E-09
 nb  41   0.235005 -1.174995 -0.000158  0.004660 1.16643E-10
 mo  42   0.644058 -1.295942 -0.121106 -0.116287 3.08937E-10
 tc  43  -4.224342 -9.000000  0.000000  0.000000 4.27263E-15
 ru  44   0.454196 -1.305804 -0.130968 -0.126149 2.10198E-10
 rh  45  -0.115018 -1.175018 -0.000182  0.004637 5.77077E-11
 pd  46   0.416064 -1.233936 -0.059100 -0.054281 2.02721E-10
 ag  47   0.024983 -1.175017 -0.000180  0.004638 8.35001E-11
 cd  48   0.495526 -1.214474 -0.039638 -0.034819 2.57126E-10
 in  49  -0.433964 -1.193964 -0.019128 -0.014309 3.08928E-11
 sn  50   0.832755 -1.237245 -0.062409 -0.057590 5.90274E-10
 sb  51  -0.407468 -1.417468 -0.242632 -0.237813 3.48215E-11
 te  52   0.537786 -1.642214 -0.467377 -0.462559 3.21698E-10
  i  53   0.374947 -1.175053 -0.000217  0.004602 2.19904E-10
 xe  54   1.028128 -1.211872 -0.037036 -0.032217 1.02372E-09
 cs  55  -0.094846 -1.174846 -0.000010  0.004809 7.80741E-11
 ba  56   1.004296 -1.175704 -0.000868  0.003951 1.01359E-09
 la  57  -0.005237 -1.175237 -0.000400  0.004418 1.00299E-10
 ce  58   0.403267 -1.176733 -0.001897  0.002922 2.59159E-10
 pr  59  -0.414880 -1.174880 -0.000044  0.004775 3.96157E-11
 nd  60   0.250172 -1.199828 -0.024992 -0.020173 1.87529E-10
 pm  61   0.000000 -9.000000  0.000000  0.000000 0.00000E+00
 sm  62  -0.364576 -1.304576 -0.129740 -0.124921 4.74643E-11
 eu  63  -0.665104 -1.175104 -0.000268  0.004551 2.40131E-11
 gd  64  -0.231927 -1.281927 -0.107091 -0.102272 6.73713E-11
 tb  65  -0.855011 -1.175011 -0.000175  0.004644 1.62178E-11
 dy  66  -0.045463 -1.175463 -0.000626  0.004192 1.06955E-10
 ho  67  -0.705006 -1.175006 -0.000170  0.004649 2.37742E-11
 er  68  -0.262397 -1.182397 -0.007561 -0.002742 6.68042E-11
 tm  69  -1.054910 -1.174910 -0.000074  0.004745 1.08797E-11
 yb  70  -0.315700 -1.235700 -0.060863 -0.056045 6.11305E-11
 lu  71  -1.085086 -1.175086 -0.000250  0.004569 1.05119E-11
 hf  72  -0.465437 -1.175437 -0.000601  0.004218 4.46671E-11
 ta  73  -1.294983 -1.174983 -0.000147  0.004672 6.70474E-12
  w  74  -0.525354 -1.175354 -0.000518  0.004301 4.00771E-11
 re  75  -0.918860 -1.178860 -0.004024  0.000795 1.64039E-11
 os  76   0.175279 -1.174721  0.000115  0.004934 2.08146E-10
 ir  77   0.144946 -1.175054 -0.000218  0.004601 1.96132E-10
 pt  78   0.412935 -1.207065 -0.032229 -0.027410 3.68940E-10
 au  79  -0.374817 -1.174817  0.000019  0.004838 6.07278E-11
 hg  80  -0.036169 -1.206169 -0.031333 -0.026514 1.34881E-10
 tl  81  -0.404856 -1.174856 -0.000020  0.004799 5.88031E-11
 pb  82   0.865179 -1.174821  0.000015  0.004834 1.11014E-09
 bi  83  -0.524825 -1.174825  0.000011  0.004830 4.56132E-11
 po  84  -5.613825 -9.000000  0.000000  0.000000 3.71649E-16
#[ls/Fe]_Bisterzo =   0.0000, [hs/Fe]_Bisterzo =  -0.0517
#[hs/ls]_Bisterzo =  -0.0517, [Pb/hs]_Bisterzo =   0.0517
#[ls/Fe]_Thiswork =  -0.0006, [hs/Fe]_Thiswork =  -0.0011
#[hs/ls]_Thiswork =  -0.0005, [Pb/hs]_Thiswork =   0.0011
# He/H =  9.1707E-02, C/O =  8.2894E-01, c12/c13 = 5.25813E+01
# N/O =  4.2617E-01, n14/n15 = 3.52467E+03
# o16/o17 = 7.47317E+01, o16/o18 = 8.38355E+02
# mg24/mg25 =  7.9353E+00, mg24/mg26 =  7.1597E+00
# al26/al27 =  8.0581E-04, mg+al =  2.2714E-06
#
#  TP   Mass     Mcore    Menv    log L
#  6 1.973650 0.612690 1.360960 3.797180
# El  Z   log e(X)   [X/H]    [X/Fe]     [X/O]      X(i)
  p   1  12.000000  0.000000  0.000000  0.000000 7.35010E-01
 he   2  10.965176  0.035175  1.210011  1.214830 2.69398E-01
 li   3   1.429196 -1.830804 -0.655967 -0.651149 1.35972E-10
 be   4   0.000000 -1.300000  0.000000  0.000000 0.00000E+00
  b   5   0.000000 -2.790000  0.000000  0.000000 3.30957E-26
  c   6   7.936808 -0.533193  0.641644  0.646462 7.57215E-04
  n   7   7.180627 -0.689373  0.485464  0.490283 1.54812E-04
  o   8   7.567301 -1.162699  0.012137  0.000000 4.30751E-04
  f   9   3.541057 -0.878943  0.295893  0.283755 4.81501E-08
 ne  10   6.871006 -1.098994  0.075842  0.063705 1.09335E-04
 na  11   5.282990 -0.957010  0.217826  0.205688 3.21633E-06
 mg  12   6.466131 -1.173869  0.000968 -0.011170 5.18393E-05
 al  13   5.286970 -1.163030  0.011806 -0.000331 3.80957E-06
 si  14   6.376409 -1.173591  0.001245 -0.010892 4.87227E-05
  p  15   4.242280 -1.167719  0.007117 -0.005021 3.94558E-07
  s  16   5.986070 -1.163930  0.010906 -0.001232 2.26430E-05
 cl  17   4.058482 -1.171518  0.003318 -0.008820 2.95779E-07
 ar  18   5.265938 -1.174062  0.000774 -0.011364 5.37360E-06
  k  19   3.906498 -1.173502  0.001334 -0.010803 2.29871E-07
 ca  20   5.115791 -1.174209  0.000628 -0.011510 3.81531E-06
 sc  21   1.882928 -1.167072  0.007764 -0.004373 2.50350E-09
 ti  22   3.736725 -1.173275  0.001561 -0.010576 1.90368E-07
  v  23   2.784551 -1.175449 -0.000613 -0.012751 2.26182E-08
 cr  24   4.446749 -1.193251 -0.018415 -0.030552 1.06060E-06
 mn  25   4.306191 -1.173809  0.001028 -0.011110 8.10768E-07
 fe  26   6.365972 -1.174028  0.000000 -0.011330 9.45776E-05
 co  27   3.714082 -1.155918  0.018110  0.006781 2.22471E-07
 ni  28   5.027680 -1.172320  0.001709 -0.009621 4.56141E-06
 cu  29   3.107526 -1.142474  0.031554  0.020225 5.93535E-08
 zn  30   3.460227 -1.169773  0.004255 -0.007074 1.37625E-07
 ga  31   1.924781 -1.155219  0.018809  0.007480 4.27553E-09
 ge  32   2.388618 -1.191381 -0.017353 -0.028683 1.29607E-08
 as  33   1.134670 -1.165330  0.008699 -0.002631 7.44924E-10
 se  34   2.146040 -1.193960 -0.019932 -0.031261 8.05897E-09
 br  35   1.376323 -1.163677  0.010351 -0.000978 1.38587E-09
 kr  36   2.115615 -1.134385  0.039643  0.028314 7.97409E-09
 rb  37   1.384171 -1.135829  0.038199  0.026869 1.50941E-09
 sr  38   1.799747 -1.080254  0.093775  0.082445 4.02886E-09
  y  39   1.157650 -1.052350  0.121678  0.110349 9.31995E-10
 zr  40   1.523359 -1.006641  0.167388  0.156058 2.21973E-09
 nb  41   0.245079 -1.164921  0.009107 -0.002222 1.19112E-10
 mo  42   0.773309 -1.166691  0.007337 -0.003993 4.15089E-10
 tc  43  -1.333165 -9.000000  0.000000  0.000000 3.31813E-12
 ru  44   0.548385 -1.211615 -0.037587 -0.048917 2.60519E-10
 rh  45  -0.084848 -1.144848  0.029180  0.017850 6.17199E-11
 pd  46   0.512909 -1.137091  0.036937  0.025608 2.52793E-10
 ag  47   0.047297 -1.152704  0.021325  0.009995 8.77045E-11
 cd  48   0.602684 -1.107316  0.066712  0.055383 3.28341E-10
 in  49  -0.364159 -1.124159  0.049870  0.038540 3.61979E-11
 sn  50   0.984423 -1.085577  0.088451  0.077121 8.35108E-10
 sb  51  -0.316093 -1.326093 -0.152065 -0.163395 4.28789E-11
 te  52   0.669190 -1.510810 -0.336781 -0.348111 4.34384E-10
  i  53   0.388916 -1.161084  0.012944  0.001615 2.26581E-10
 xe  54   1.091418 -1.148582  0.025447  0.014117 1.18166E-09
 cs  55   0.058613 -1.021387  0.152641  0.141312 1.10914E-10
 ba  56   1.360509 -0.819491  0.354537  0.343208 2.29666E-09
 la  57   0.368767 -0.801233  0.372795  0.361466 2.36766E-10
 ce  58   0.847266 -0.732734  0.441295  0.429965 7.18764E-10
 pr  59  -0.108450 -0.868450  0.305578  0.294249 8.00421E-11
 nd  60   0.635498 -0.814502  0.359526  0.348197 4.54377E-10
 pm  61   0.000000 -9.000000  0.000000  0.000000 0.00000E+00
 sm  62  -0.063865 -1.003865  0.170164  0.158834 9.46456E-11
 eu  63  -0.604260 -1.114260  0.059768  0.048438 2.75621E-11
 gd  64  -0.059822 -1.109822  0.064206  0.052877 9.99082E-11
 tb  65  -0.769636 -1.089636  0.084392  0.073063 1.96965E-11
 dy  66   0.115616 -1.014384  0.159644  0.148315 1.54633E-10
 ho  67  -0.632819 -1.102819  0.071209  0.059880 2.80100E-11
 er  68  -0.090403 -1.010403  0.163626  0.152296 9.90421E-11
 tm  69  -0.927413 -1.047413  0.126615  0.115286 1.45592E-11
 yb  70   0.039839 -0.880161  0.293867  0.282538 1.38299E-10
 lu  71  -0.820349 -0.910349  0.263680  0.252350 1.92948E-11
 hf  72  -0.049661 -0.759661  0.414368  0.403038 1.16088E-10
 ta  73  -0.952580 -0.832580  0.341448  0.330118 1.47165E-11
  w  74  -0.080913 -0.730913  0.443116  0.431786 1.11265E-10
 re  75  -0.755227 -1.015227  0.158801  0.147472 2.38562E-11
 os  76   0.290277 -1.059723  0.114305  0.102975 2.70638E-10
 ir  77   0.166394 -1.153606  0.020423  0.009093 2.05598E-10
 pt  78   0.489290 -1.130710  0.043319  0.031989 4.38866E-10
 au  79  -0.299635 -1.099635  0.074394  0.063064 7.20429E-11
 hg  80   0.420206 -0.749794  0.424235  0.412905 3.84900E-10
 tl  81   0.142970 -0.627030  0.546999  0.535669 2.07132E-10
 pb  82   2.123194  0.083194  1.257222  1.245893 2.00639E-08
 bi  83   0.364841 -0.285159  0.888869  0.877539 3.53002E-10
 po  84   1.192657 -9.000000  0.000000  0.000000 2.37485E-09
#[ls/Fe]_Bisterzo =   0.1445, [hs/Fe]_Bisterzo =   0.3008
#[hs/ls]_Bisterzo =   0.1563, [Pb/hs]_Bisterzo =   0.9564
#[ls/Fe]_Thiswork =   0.1276, [hs/Fe]_Thiswork =   0.3895
#[hs/ls]_Thiswork =   0.2619, [Pb/hs]_Thiswork =   0.8677
# He/H =  9.2294E-02, C/O =  2.3416E+00, c12/c13 = 1.56811E+02
# N/O =  4.1051E-01, n14/n15 = 3.10761E+03
# o16/o17 = 7.80294E+01, o16/o18 = 8.55835E+02
# mg24/mg25 =  7.9296E+00, mg24/mg26 =  7.1609E+00
# al26/al27 =  1.1221E-03, mg+al =  2.2741E-06
#
#  TP   Mass     Mcore    Menv    log L
#  7 1.973630 0.618525 1.355110 3.847150
# El  Z   log e(X)   [X/H]    [X/Fe]     [X/O]      X(i)
  p   1  12.000000  0.000000  0.000000  0.000000 7.32480E-01
 he   2  10.969337  0.039336  1.213365  1.202035 2.71055E-01
 li   3   1.471139 -1.788861 -0.614833 -0.626162 1.49244E-10
 be   4   0.000000 -1.300000  0.000000  0.000000 0.00000E+00
  b   5   0.000000 -2.790000  0.000000  0.000000 2.56608E-26
  c   6   8.242991 -0.227009  0.947020  0.935690 1.52723E-03
  n   7   7.180977 -0.689023  0.485006  0.473676 1.54404E-04
  o   8   7.596749 -1.133250  0.040778  0.000000 4.59386E-04
  f   9   3.926085 -0.493916  0.680113  0.639335 1.16447E-07
 ne  10   7.036469 -0.933530  0.240498  0.199720 1.59487E-04
 na  11   5.318118 -0.921882  0.252147  0.211369 3.47530E-06
 mg  12   6.469680 -1.170320  0.003708 -0.037070 5.20848E-05
 al  13   5.297780 -1.152220  0.021809 -0.018970 3.89215E-06
 si  14   6.378227 -1.171773  0.002255 -0.038523 4.87587E-05
  p  15   4.254936 -1.155064  0.018965 -0.021813 4.04826E-07
  s  16   5.987470 -1.162530  0.011498 -0.029280 2.26379E-05
 cl  17   4.063206 -1.166794  0.007235 -0.033544 2.97985E-07
 ar  18   5.267137 -1.172863  0.001165 -0.039613 5.36991E-06
  k  19   3.909297 -1.170703  0.003325 -0.037453 2.30561E-07
 ca  20   5.116824 -1.173176  0.000852 -0.039926 3.81123E-06
 sc  21   1.892848 -1.157152  0.016876 -0.023902 2.55253E-09
 ti  22   3.739424 -1.170576  0.003452 -0.037326 1.90895E-07
  v  23   2.785476 -1.174524 -0.000496 -0.041274 2.25885E-08
 cr  24   4.448094 -1.191905 -0.017877 -0.058655 1.06023E-06
 mn  25   4.308049 -1.171951  0.002078 -0.038701 8.11442E-07
 fe  26   6.367202 -1.172798  0.000000 -0.039548 9.45194E-05
 co  27   3.735198 -1.134802  0.037996 -0.001552 2.32751E-07
 ni  28   5.031046 -1.168954  0.003844 -0.035704 4.58108E-06
 cu  29   3.138146 -1.111854  0.060945  0.021397 6.34703E-08
 zn  30   3.470886 -1.159114  0.013684 -0.025864 1.40559E-07
 ga  31   1.958703 -1.121297  0.051501  0.011953 4.60696E-09
 ge  32   2.422019 -1.157981  0.014817 -0.024731 1.39486E-08
 as  33   1.153947 -1.146053  0.026745 -0.012803 7.76054E-10
 se  34   2.193878 -1.146122  0.026676 -0.012872 8.96645E-09
 br  35   1.400660 -1.139340  0.033458 -0.006090 1.46071E-09
 kr  36   2.183858 -1.066142  0.106656  0.067108 9.29880E-09
 rb  37   1.437222 -1.082778  0.090020  0.050472 1.69965E-09
 sr  38   2.002332 -0.877668  0.295130  0.255582 6.40133E-09
  y  39   1.380690 -0.829310  0.343488  0.303940 1.55223E-09
 zr  40   1.798536 -0.731464  0.441334  0.401787 4.16850E-09
 nb  41   0.277935 -1.132065  0.040733  0.001185 1.28031E-10
 mo  42   1.019498 -0.920502  0.252296  0.212748 7.29177E-10
 tc  43  -0.753987 -9.000000  0.000000  0.000000 1.25480E-11
 ru  44   0.774382 -0.985618  0.187180  0.147632 4.36857E-10
 rh  45   0.012291 -1.047709  0.125089  0.085541 7.69249E-11
 pd  46   0.771754 -0.878246  0.294552  0.255005 4.57207E-10
 ag  47   0.130657 -1.069343  0.103455  0.063907 1.05897E-10
 cd  48   0.885461 -0.824539  0.348259  0.308711 6.27487E-10
 in  49  -0.158353 -0.918353  0.254445  0.214897 5.79418E-11
 sn  50   1.300178 -0.769822  0.402976  0.363428 1.72187E-09
 sb  51  -0.099040 -1.109040  0.063758  0.024210 7.04368E-11
 te  52   0.947574 -1.232426 -0.059628 -0.099176 8.21787E-10
  i  53   0.433847 -1.116153  0.056646  0.017098 2.50413E-10
 xe  54   1.251289 -0.988711  0.184088  0.144540 1.70163E-09
 cs  55   0.344878 -0.735122  0.437676  0.398128 2.13676E-10
 ba  56   1.776313 -0.403687  0.769111  0.729563 5.96217E-09
 la  57   0.783127 -0.386873  0.785925  0.746377 6.12608E-10
 ce  58   1.281232 -0.298768  0.874030  0.834482 1.94561E-09
 pr  59   0.270562 -0.489438  0.683360  0.643812 1.90912E-10
 nd  60   1.054970 -0.395030  0.777768  0.738220 1.18957E-09
 pm  61   0.000000 -9.000000  0.000000  0.000000 0.00000E+00
 sm  62   0.303429 -0.636571  0.536227  0.496679 2.19733E-10
 eu  63  -0.472744 -0.982744  0.190054  0.150506 3.71819E-11
 gd  64   0.216132 -0.833868  0.338930  0.299382 1.87957E-10
 tb  65  -0.599695 -0.919695  0.253103  0.213555 2.90290E-11
 dy  66   0.376520 -0.753480  0.419318  0.379770 2.81002E-10
 ho  67  -0.483860 -0.953860  0.218938  0.179390 3.93346E-11
 er  68   0.184659 -0.735341  0.437457  0.397909 1.85945E-10
 tm  69  -0.700118 -0.820118  0.352680  0.313132 2.44869E-11
 yb  70   0.427671 -0.492329  0.680470  0.640922 3.36630E-10
 lu  71  -0.487708 -0.577708  0.595090  0.555542 4.13602E-11
 hf  72   0.363634 -0.346366  0.826432  0.786884 2.99628E-10
 ta  73  -0.567575 -0.447574  0.725224  0.685676 3.55889E-11
  w  74   0.362111 -0.287889  0.884909  0.845361 3.07529E-10
 re  75  -0.472547 -0.732547  0.440252  0.400704 4.55811E-11
 os  76   0.500399 -0.849601  0.323197  0.283649 4.37535E-10
 ir  77   0.215528 -1.104473  0.068326  0.028778 2.29432E-10
 pt  78   0.634402 -0.985598  0.187200  0.147653 6.10866E-10
 au  79  -0.152555 -0.952555  0.220243  0.180695 1.00733E-10
 hg  80   0.847711 -0.322289  0.850509  0.810961 1.02649E-09
 tl  81   0.503235 -0.266765  0.906033  0.866485 4.73167E-10
 pb  82   2.653013  0.613013  1.785811  1.746264 6.77233E-08
 bi  83   0.828629  0.178629  1.351427  1.311879 1.02345E-09
 po  84   1.693154 -9.000000  0.000000  0.000000 7.49265E-09
#[ls/Fe]_Bisterzo =   0.3924, [hs/Fe]_Bisterzo =   0.7000
#[hs/ls]_Bisterzo =   0.3076, [Pb/hs]_Bisterzo =   1.0858
#[ls/Fe]_Thiswork =   0.3600, [hs/Fe]_Thiswork =   0.8097
#[hs/ls]_Thiswork =   0.4497, [Pb/hs]_Thiswork =   0.9761
# He/H =  9.3183E-02, C/O =  4.4283E+00, c12/c13 = 3.18894E+02
# N/O =  3.8391E-01, n14/n15 = 2.74819E+03
# o16/o17 = 8.38649E+01, o16/o18 = 9.07188E+02
# mg24/mg25 =  7.8832E+00, mg24/mg26 =  7.1415E+00
# al26/al27 =  1.3583E-03, mg+al =  2.2872E-06
#
#  TP   Mass     Mcore    Menv    log L
#  8 1.973600 0.623661 1.349940 3.886640
# El  Z   log e(X)   [X/H]    [X/Fe]     [X/O]      X(i)
  p   1  12.000000  0.000000  0.000000  0.000000 7.29016E-01
 he   2  10.975070  0.045070  1.217868  1.178320 2.73358E-01
 li   3   1.502316 -1.757684 -0.584886 -0.624434 1.59593E-10
 be   4   0.000000 -1.300000  0.000000  0.000000 0.00000E+00
  b   5   0.000000 -2.790000  0.000000  0.000000 1.54812E-26
  c   6   8.464044 -0.005957  1.166842  1.127294 2.52871E-03
  n   7   7.183608 -0.686392  0.486406  0.446858 1.54607E-04
  o   8   7.634783 -1.095216  0.077582  0.000000 4.99060E-04
  f   9   4.209620 -0.210380  0.962419  0.884837 2.22641E-07
 ne  10   7.223630 -0.746369  0.426429  0.348847 2.44247E-04
 na  11   5.394071 -0.845929  0.326869  0.249287 4.11990E-06
 mg  12   6.477791 -1.162209  0.010589 -0.066993 5.28157E-05
 al  13   5.310616 -1.139384  0.033414 -0.044168 3.98994E-06
 si  14   6.380656 -1.169344  0.003454 -0.074128 4.88003E-05
  p  15   4.271518 -1.138482  0.034316 -0.043266 4.18593E-07
  s  16   5.989418 -1.160582  0.012216 -0.065366 2.26321E-05
 cl  17   4.069063 -1.160937  0.011861 -0.065721 3.00603E-07
 ar  18   5.268829 -1.171171  0.001627 -0.075954 5.36539E-06
  k  19   3.912845 -1.167155  0.005643 -0.071939 2.31353E-07
 ca  20   5.118360 -1.171640  0.001158 -0.076424 3.80664E-06
 sc  21   1.905222 -1.144778  0.028020 -0.049562 2.61388E-09
 ti  22   3.743275 -1.166725  0.006073 -0.071509 1.91685E-07
  v  23   2.786905 -1.173095 -0.000297 -0.077878 2.25558E-08
 cr  24   4.449998 -1.190002 -0.017204 -0.094786 1.05985E-06
 mn  25   4.311105 -1.168895  0.003903 -0.073678 8.13307E-07
 fe  26   6.368940 -1.171060  0.000000 -0.075843 9.44499E-05
 co  27   3.756214 -1.113786  0.057274 -0.018569 2.43136E-07
 ni  28   5.034654 -1.165346  0.005714 -0.070129 4.59745E-06
 cu  29   3.164311 -1.085689  0.085371  0.009528 6.70928E-08
 zn  30   3.483493 -1.146507  0.024552 -0.051291 1.44015E-07
 ga  31   1.999469 -1.080531  0.090528  0.014685 5.03642E-09
 ge  32   2.464966 -1.115034  0.056026 -0.019818 1.53256E-08
 as  33   1.181150 -1.118850  0.052210 -0.023633 8.22312E-10
 se  34   2.259980 -1.080020  0.091040  0.015197 1.03911E-08
 br  35   1.439283 -1.100717  0.070343 -0.005500 1.58902E-09
 kr  36   2.274091 -0.975909  0.195150  0.119307 1.13920E-08
 rb  37   1.511185 -1.008815  0.162244  0.086401 2.00569E-09
 sr  38   2.230203 -0.649797  0.521262  0.445419 1.07667E-08
  y  39   1.611711 -0.598289  0.572770  0.496927 2.62977E-09
 zr  40   2.039999 -0.490001  0.681059  0.605215 7.23411E-09
 nb  41   0.337567 -1.072433  0.098627  0.022784 1.46180E-10
 mo  42   1.235683 -0.704317  0.466743  0.390900 1.19388E-09
 tc  43  -0.479850 -9.000000  0.000000  0.000000 2.34775E-11
 ru  44   0.977739 -0.782261  0.388799  0.312956 6.94445E-10
 rh  45   0.124247 -0.935753  0.235306  0.159463 9.90750E-11
 pd  46   0.996243 -0.653756  0.517303  0.441460 7.63033E-10
 ag  47   0.233779 -0.966221  0.204839  0.128995 1.33644E-10
 cd  48   1.128081 -0.581919  0.589141  0.513298 1.09186E-09
 in  49   0.044031 -0.715969  0.455091  0.379247 9.19005E-11
 sn  50   1.555016 -0.514984  0.656075  0.580232 3.08163E-09
 sb  51   0.104961 -0.905039  0.266021  0.190178 1.12135E-10
 te  52   1.183187 -0.996813  0.174247  0.098404 1.40707E-09
  i  53   0.494497 -1.055503  0.115557  0.039714 2.86582E-10
 xe  54   1.419836 -0.820164  0.350896  0.275052 2.49663E-09
 cs  55   0.588497 -0.491503  0.679557  0.603713 3.72662E-10
 ba  56   2.093184 -0.086816  1.084244  1.008401 1.23088E-08
 la  57   1.106310 -0.063690  1.107370  1.031526 1.28324E-09
 ce  58   1.617105  0.037105  1.208165  1.132322 4.19633E-09
 pr  59   0.591127 -0.168873  1.002187  0.926344 3.97502E-10
 nd  60   1.385513 -0.064487  1.106573  1.030730 2.53440E-09
 pm  61   0.000000 -9.000000  0.000000  0.000000 0.00000E+00
 sm  62   0.610308 -0.329692  0.841367  0.765524 4.43320E-10
 eu  63  -0.302746 -0.812746  0.358314  0.282470 5.47358E-11
 gd  64   0.483965 -0.566035  0.605025  0.529181 3.46603E-10
 tb  65  -0.399232 -0.719232  0.451828  0.375984 4.58392E-11
 dy  66   0.639276 -0.490724  0.680335  0.604492 5.12160E-10
 ho  67  -0.296312 -0.766312  0.404747  0.328904 6.02926E-11
 er  68   0.460129 -0.459871  0.711188  0.635345 3.48976E-10
 tm  69  -0.456333 -0.576333  0.594726  0.518883 4.27229E-11
 yb  70   0.747609 -0.172391  0.998669  0.922825 6.99894E-10
 lu  71  -0.192388 -0.282388  0.888672  0.812829 8.12541E-11
 hf  72   0.686999 -0.023001  1.148059  1.072216 6.27899E-10
 ta  73  -0.254428 -0.134428  1.036632  0.960788 7.28455E-11
  w  74   0.696074  0.046074  1.217133  1.141290 6.60374E-10
 re  75  -0.195446 -0.455446  0.715614  0.639770 8.58670E-11
 os  76   0.730222 -0.619778  0.551281  0.475438 7.39226E-10
 ir  77   0.294806 -1.025194  0.145866  0.070023 2.74078E-10
 pt  78   0.815687 -0.804313  0.366747  0.290903 9.22937E-10
 au  79   0.027455 -0.772545  0.398515  0.322672 1.51749E-10
 hg  80   1.167572 -0.002428  1.168632  1.092788 2.13382E-09
 tl  81   0.791357  0.021357  1.192417  1.116573 9.14278E-10
 pb  82   2.970564  0.930564  2.101624  2.025780 1.40033E-07
 bi  83   1.127327  0.477327  1.648387  1.572543 2.02632E-09
 po  84   1.969692 -9.000000  0.000000  0.000000 1.40966E-08
#[ls/Fe]_Bisterzo =   0.6269, [hs/Fe]_Bisterzo =   1.0184
#[hs/ls]_Bisterzo =   0.3915, [Pb/hs]_Bisterzo =   1.0832
#[ls/Fe]_Thiswork =   0.5917, [hs/Fe]_Thiswork =   1.1333
#[hs/ls]_Thiswork =   0.5416, [Pb/hs]_Thiswork =   0.9684
# He/H =  9.4421E-02, C/O =  6.7493E+00, c12/c13 = 5.29514E+02
# N/O =  3.5385E-01, n14/n15 = 2.56521E+03
# o16/o17 = 9.14526E+01, o16/o18 = 9.89586E+02
# mg24/mg25 =  7.7390E+00, mg24/mg26 =  7.0982E+00
# al26/al27 =  1.5873E-03, mg+al =  2.3209E-06
#
#  TP   Mass     Mcore    Menv    log L
#  9 1.973530 0.628373 1.345160 3.916960
# El  Z   log e(X)   [X/H]    [X/Fe]     [X/O]      X(i)
  p   1  12.000000  0.000000  0.000000  0.000000 7.25304E-01
 he   2  10.981240  0.051240  1.222300  1.146456 2.75858E-01
 li   3   1.530354 -1.729645 -0.558586 -0.634429 1.69370E-10
 be   4   0.000000 -1.300000  0.000000  0.000000 0.00000E+00
  b   5   0.000000 -2.790000  0.000000  0.000000 1.01957E-26
  c   6   8.614050  0.144050  1.315109  1.239266 3.55376E-03
  n   7   7.185937 -0.684062  0.486997  0.411154 1.54647E-04
  o   8   7.670513 -1.059486  0.111573  0.000000 5.39096E-04
  f   9   4.419775 -0.000225  1.170835  1.059262 3.59371E-07
 ne  10   7.383972 -0.586028  0.585032  0.473459 3.51522E-04
 na  11   5.496356 -0.743644  0.427415  0.315842 5.18745E-06
 mg  12   6.490073 -1.149927  0.021132 -0.090441 5.40541E-05
 al  13   5.322560 -1.127440  0.043620 -0.067954 4.08032E-06
 si  14   6.383219 -1.166781  0.004279 -0.107295 4.88392E-05
  p  15   4.288275 -1.121725  0.049335 -0.062239 4.32845E-07
  s  16   5.991527 -1.158473  0.012587 -0.098987 2.26265E-05
 cl  17   4.075045 -1.154955  0.016104 -0.095469 3.03220E-07
 ar  18   5.270677 -1.169323  0.001737 -0.109837 5.36083E-06
  k  19   3.916485 -1.163515  0.007545 -0.104029 2.32113E-07
 ca  20   5.120077 -1.169923  0.001137 -0.110436 3.80227E-06
 sc  21   1.917877 -1.132123  0.038937 -0.072636 2.67747E-09
 ti  22   3.747544 -1.162456  0.008604 -0.102969 1.92593E-07
  v  23   2.788507 -1.171493 -0.000433 -0.112006 2.25239E-08
 cr  24   4.452090 -1.187910 -0.016850 -0.128423 1.05955E-06
 mn  25   4.314741 -1.165259  0.005801 -0.105772 8.15969E-07
 fe  26   6.370850 -1.169150  0.000000 -0.109664 9.43830E-05
 co  27   3.774665 -1.095335  0.073815 -0.035849 2.52397E-07
 ni  28   5.037834 -1.162166  0.006984 -0.102680 4.60765E-06
 cu  29   3.183425 -1.066575  0.102575 -0.007089 6.97546E-08
 zn  30   3.494734 -1.135266  0.033884 -0.075780 1.47039E-07
 ga  31   2.036225 -1.043775  0.125376  0.015712 5.45333E-09
 ge  32   2.504089 -1.075911  0.093240 -0.016424 1.66850E-08
 as  33   1.207047 -1.092953  0.076197 -0.033467 8.68392E-10
 se  34   2.317337 -1.022663  0.146487  0.036824 1.17979E-08
 br  35   1.478160 -1.061840  0.107310 -0.002354 1.72897E-09
 kr  36   2.351060 -0.898940  0.270210  0.160546 1.35317E-08
 rb  37   1.577589 -0.942411  0.226739  0.117075 2.32516E-09
 sr  38   2.389791 -0.490210  0.678941  0.569277 1.54687E-08
  y  39   1.777323 -0.432677  0.736473  0.626809 3.83102E-09
 zr  40   2.214794 -0.315206  0.853945  0.744281 1.07637E-08
 nb  41   0.413025 -0.996975  0.172175  0.062511 1.73033E-10
 mo  42   1.401166 -0.538834  0.630316  0.520652 1.73870E-09
 tc  43  -0.314921 -9.000000  0.000000  0.000000 3.41479E-11
 ru  44   1.137591 -0.622409  0.546742  0.437078 9.98328E-10
 rh  45   0.227766 -0.832234  0.336916  0.227252 1.25103E-10
 pd  46   1.167590 -0.482410  0.686741  0.577077 1.12635E-09
 ag  47   0.332692 -0.867308  0.301842  0.192178 1.66972E-10
 cd  48   1.312074 -0.397926  0.771224  0.661560 1.65937E-09
 in  49   0.209479 -0.550521  0.618630  0.508966 1.33829E-10
 sn  50   1.747949 -0.322051  0.847099  0.737435 4.78074E-09
 sb  51   0.272896 -0.737104  0.432046  0.322382 1.64233E-10
 te  52   1.367743 -0.812258  0.356893  0.247229 2.14118E-09
  i  53   0.560819 -0.989181  0.179969  0.070305 3.32165E-10
 xe  54   1.569008 -0.670992  0.498158  0.388494 3.50194E-09
 cs  55   0.778963 -0.301037  0.868113  0.758449 5.74863E-10
 ba  56   2.325079  0.145079  1.314229  1.204565 2.08879E-08
 la  57   1.343695  0.173695  1.342845  1.233181 2.20534E-09
 ce  58   1.862472  0.282472  1.451622  1.341958 7.34547E-09
 pr  59   0.832399  0.072399  1.241550  1.131886 6.89279E-10
 nd  60   1.628607  0.178607  1.347757  1.238093 4.41319E-09
 pm  61   0.000000 -9.000000  0.000000  0.000000 0.00000E+00
 sm  62   0.842208 -0.097792  1.071358  0.961694 7.52315E-10
 eu  63  -0.139296 -0.649296  0.519855  0.410191 7.93423E-11
 gd  64   0.700202 -0.349798  0.819352  0.709688 5.67352E-10
 tb  65  -0.217957 -0.537957  0.631194  0.521530 6.92301E-11
 dy  66   0.853161 -0.276839  0.892311  0.782647 8.33824E-10
 ho  67  -0.122188 -0.592188  0.576963  0.467299 8.95719E-11
 er  68   0.683043 -0.236957  0.932194  0.822530 5.80086E-10
 tm  69  -0.250341 -0.370341  0.798809  0.689145 6.83023E-11
 yb  70   0.987447  0.067447  1.236597  1.126933 1.20963E-09
 lu  71   0.036095 -0.053905  1.115245  1.005581 1.36808E-10
 hf  72   0.926514  0.216514  1.385664  1.276000 1.08440E-09
 ta  73  -0.018562  0.101438  1.270588  1.160924 1.24753E-10
  w  74   0.939984  0.289984  1.459135  1.349471 1.15208E-09
 re  75   0.028823 -0.231177  0.937973  0.828309 1.43179E-10
 os  76   0.927288 -0.422712  0.746438  0.636774 1.15778E-09
 ir  77   0.386913 -0.933087  0.236064  0.126400 3.37104E-10
 pt  78   0.984421 -0.635579  0.533571  0.423907 1.35422E-09
 au  79   0.195551 -0.604449  0.564701  0.455037 2.22333E-10
 hg  80   1.402370  0.232370  1.401521  1.291857 3.64536E-09
 tl  81   1.012950  0.242950  1.412100  1.302436 1.51515E-09
 pb  82   3.165175  1.125175  2.294326  2.184662 2.18084E-07
 bi  83   1.314912  0.664912  1.834062  1.724398 3.10511E-09
 po  84   2.134686 -9.000000  0.000000  0.000000 2.05065E-08
#[ls/Fe]_Bisterzo =   0.7952, [hs/Fe]_Bisterzo =   1.2540
#[hs/ls]_Bisterzo =   0.4588, [Pb/hs]_Bisterzo =   1.0403
#[ls/Fe]_Thiswork =   0.7565, [hs/Fe]_Thiswork =   1.3696
#[hs/ls]_Thiswork =   0.6131, [Pb/hs]_Thiswork =   0.9248
# He/H =  9.5772E-02, C/O =  8.7809E+00, c12/c13 = 7.45879E+02
# N/O =  3.2766E-01, n14/n15 = 2.42203E+03
# o16/o17 = 9.94269E+01, o16/o18 = 1.07315E+03
# mg24/mg25 =  7.4815E+00, mg24/mg26 =  7.0322E+00
# al26/al27 =  1.7256E-03, mg+al =  2.3752E-06
#
#  TP   Mass     Mcore    Menv    log L
# 10 1.973370 0.632680 1.340690 3.942570
# El  Z   log e(X)   [X/H]    [X/Fe]     [X/O]      X(i)
  p   1  12.000000  0.000000  0.000000  0.000000 7.21269E-01
 he   2  10.987975  0.057975  1.227125  1.117461 2.78610E-01
 li   3   1.555269 -1.704731 -0.535580 -0.645244 1.78373E-10
 be   4   0.000000 -1.300000  0.000000  0.000000 0.00000E+00
  b   5   0.000000 -2.790000  0.000000  0.000000 6.32581E-27
  c   6   8.731040  0.261040  1.430190  1.320526 4.62653E-03
  n   7   7.188706 -0.681294  0.487856  0.378192 1.54770E-04
  o   8   7.703990 -1.026009  0.143141  0.000000 5.79055E-04
  f   9   4.590906  0.170906  1.340056  1.196915 5.29969E-07
 ne  10   7.519578 -0.450422  0.718729  0.575587 4.77679E-04
 na  11   5.605959 -0.634041  0.535110  0.391968 6.63949E-06
 mg  12   6.505994 -1.134006  0.035144 -0.107997 5.57605E-05
 al  13   5.334039 -1.115961  0.053189 -0.089952 4.16629E-06
 si  14   6.385962 -1.164039  0.005112 -0.138030 4.88752E-05
  p  15   4.304964 -1.105036  0.064114 -0.079027 4.47299E-07
  s  16   5.993840 -1.156160  0.012990 -0.130151 2.26208E-05
 cl  17   4.081250 -1.148750  0.020401 -0.122741 3.05872E-07
 ar  18   5.272725 -1.167275  0.001875 -0.141266 5.35620E-06
  k  19   3.920327 -1.159673  0.009478 -0.133664 2.32873E-07
 ca  20   5.122011 -1.167989  0.001162 -0.141980 3.79799E-06
 sc  21   1.930917 -1.119083  0.050067 -0.093074 2.74373E-09
 ti  22   3.752282 -1.157718  0.011433 -0.131709 1.93622E-07
  v  23   2.790311 -1.169689 -0.000539 -0.143680 2.24918E-08
 cr  24   4.454411 -1.185589 -0.016439 -0.159580 1.05930E-06
 mn  25   4.318892 -1.161108  0.008042 -0.135099 8.19221E-07
 fe  26   6.372970 -1.167030  0.000000 -0.141021 9.43173E-05
 co  27   3.791829 -1.078171  0.088859 -0.052162 2.61111E-07
 ni  28   5.040836 -1.159164  0.007866 -0.133155 4.61380E-06
 cu  29   3.198302 -1.051698  0.115332 -0.025689 7.17839E-08
 zn  30   3.504723 -1.125278  0.041752 -0.099268 1.49623E-07
 ga  31   2.069277 -1.010723  0.156307  0.015286 5.85181E-09
 ge  32   2.539948 -1.040052  0.126977 -0.014043 1.80202E-08
 as  33   1.231779 -1.068221  0.098809 -0.042212 9.14166E-10
 se  34   2.369756 -0.970244  0.196786  0.055765 1.32373E-08
 br  35   1.517355 -1.022645  0.144385  0.003364 1.88174E-09
 kr  36   2.422674 -0.827326  0.339704  0.198683 1.58688E-08
 rb  37   1.639491 -0.880509  0.286521  0.145500 2.66644E-09
 sr  38   2.532397 -0.347603  0.819427  0.678406 2.13618E-08
  y  39   1.926267 -0.283733  0.883296  0.742276 5.36828E-09
 zr  40   2.372684 -0.157315  1.009714  0.868694 1.53968E-08
 nb  41   0.500846 -0.909154  0.257876  0.116855 2.10633E-10
 mo  42   1.553838 -0.386162  0.780868  0.639847 2.45739E-09
 tc  43  -0.160457 -9.000000  0.000000  0.000000 4.84626E-11
 ru  44   1.287428 -0.472572  0.694458  0.553437 1.40180E-09
 rh  45   0.336144 -0.723855  0.443174  0.302154 1.59670E-10
 pd  46   1.324439 -0.325561  0.841469  0.700448 1.60731E-09
 ag  47   0.437096 -0.762904  0.404125  0.263105 2.11166E-10
 cd  48   1.476056 -0.233944  0.933086  0.792065 2.40714E-09
 in  49   0.361745 -0.398255  0.768775  0.627754 1.88970E-10
 sn  50   1.915634 -0.154366  1.012664  0.871643 6.99453E-09
 sb  51   0.424335 -0.585665  0.581364  0.440344 2.31460E-10
 te  52   1.528576 -0.651424  0.515606  0.374585 3.08364E-09
  i  53   0.633453 -0.916547  0.250483  0.109462 3.90450E-10
 xe  54   1.705129 -0.534871  0.632159  0.491138 4.76439E-09
 cs  55   0.935839 -0.144161  1.022869  0.881848 8.20383E-10
 ba  56   2.479362  0.299361  1.466391  1.325371 2.96316E-08
 la  57   1.493299  0.323300  1.490329  1.349309 3.09498E-09
 ce  58   2.006682  0.426682  1.593712  1.452691 1.01814E-08
 pr  59   0.975103  0.215103  1.382133  1.241112 9.52086E-10
 nd  60   1.768552  0.318552  1.485582  1.344561 6.05724E-09
 pm  61   0.000000 -9.000000  0.000000  0.000000 0.00000E+00
 sm  62   0.974848  0.034848  1.201878  1.060857 1.01535E-09
 eu  63  -0.033787 -0.543787  0.623243  0.482222 1.00598E-10
 gd  64   0.826572 -0.223428  0.943602  0.802582 7.54745E-10
 tb  65  -0.106612 -0.426612  0.740418  0.599397 8.89644E-11
 dy  66   0.978510 -0.151490  1.015540  0.874519 1.10662E-09
 ho  67  -0.013611 -0.483611  0.683419  0.542398 1.14374E-10
 er  68   0.812817 -0.107183  1.059846  0.918826 7.77755E-10
 tm  69  -0.128531 -0.248531  0.918499  0.777479 8.99133E-11
 yb  70   1.121235  0.201235  1.368265  1.227244 1.63689E-09
 lu  71   0.166386  0.076386  1.243415  1.102395 1.83645E-10
 hf  72   1.061061  0.351061  1.518091  1.377070 1.46998E-09
 ta  73   0.113704  0.233704  1.400734  1.259713 1.68227E-10
  w  74   1.074951  0.424951  1.591981  1.450960 1.56325E-09
 re  75   0.158916 -0.101084  1.065945  0.924925 1.92109E-10
 os  76   1.042906 -0.307094  0.859936  0.718915 1.50253E-09
 ir  77   0.454221 -0.865779  0.301251  0.160230 3.91426E-10
 pt  78   1.090591 -0.529409  0.637621  0.496601 1.71964E-09
 au  79   0.300563 -0.499437  0.667593  0.526572 2.81574E-10
 hg  80   1.533190  0.363190  1.530220  1.389199 4.89932E-09
 tl  81   1.142079  0.372079  1.539109  1.398088 2.02843E-09
 pb  82   3.309400  1.269400  2.436430  2.295409 3.02292E-07
 bi  83   1.453298  0.803298  1.970327  1.829307 4.24658E-09
 po  84   2.243110 -9.000000  0.000000  0.000000 2.61754E-08
#[ls/Fe]_Bisterzo =   0.9465, [hs/Fe]_Bisterzo =   1.3926
#[hs/ls]_Bisterzo =   0.4461, [Pb/hs]_Bisterzo =   1.0438
#[ls/Fe]_Thiswork =   0.9041, [hs/Fe]_Thiswork =   1.5168
#[hs/ls]_Thiswork =   0.6127, [Pb/hs]_Thiswork =   0.9196
# He/H =  9.7269E-02, C/O =  1.0643E+01, c12/c13 = 9.72517E+02
# N/O =  3.0529E-01, n14/n15 = 2.27133E+03
# o16/o17 = 1.07545E+02, o16/o18 = 1.15752E+03
# mg24/mg25 =  7.1635E+00, mg24/mg26 =  6.9566E+00
# al26/al27 =  1.8408E-03, mg+al =  2.4486E-06
#
#  TP   Mass     Mcore    Menv    log L
# 11 1.972970 0.636607 1.336360 3.964770
# El  Z   log e(X)   [X/H]    [X/Fe]     [X/O]      X(i)
  p   1  12.000000  0.000000  0.000000  0.000000 7.16770E-01
 he   2  10.995531  0.065531  1.232561  1.091540 2.81732E-01
 li   3   1.576941 -1.683059 -0.516030 -0.657050 1.86330E-10
 be   4   0.000000 -1.300000  0.000000  0.000000 0.00000E+00
  b   5   0.000000 -2.790000  0.000000  0.000000 3.89763E-27
  c   6   8.829443  0.359443  1.526473  1.385452 5.76689E-03
  n   7   7.192647 -0.677353  0.489676  0.348656 1.55207E-04
  o   8   7.735694 -0.994305  0.172725  0.000000 6.19023E-04
  f   9   4.744071  0.324071  1.491101  1.318377 7.49375E-07
 ne  10   7.638591 -0.331409  0.835621  0.662897 6.24355E-04
 na  11   5.712309 -0.527691  0.639339  0.466614 8.42883E-06
 mg  12   6.525619 -1.114381  0.052649 -0.120076 5.79741E-05
 al  13   5.345722 -1.104278  0.062752 -0.109972 4.25320E-06
 si  14   6.388994 -1.161006  0.006024 -0.166701 4.89106E-05
  p  15   4.321943 -1.088057  0.078973 -0.093751 4.62232E-07
  s  16   5.996436 -1.153564  0.013466 -0.159259 2.26145E-05
 cl  17   4.087997 -1.142003  0.025027 -0.147698 3.08723E-07
 ar  18   5.275040 -1.164960  0.002070 -0.170655 5.35124E-06
  k  19   3.924550 -1.155450  0.011580 -0.161145 2.33681E-07
 ca  20   5.124208 -1.165792  0.001238 -0.171486 3.79344E-06
 sc  21   1.945222 -1.104778  0.062252 -0.110473 2.81792E-09
 ti  22   3.757575 -1.152425  0.014605 -0.158120 1.94774E-07
  v  23   2.792354 -1.167646 -0.000617 -0.173341 2.24569E-08
 cr  24   4.457037 -1.182962 -0.015933 -0.188657 1.05907E-06
 mn  25   4.323629 -1.156371  0.010659 -0.162066 8.23041E-07
 fe  26   6.375374 -1.164626  0.000000 -0.170321 9.42492E-05
 co  27   3.809517 -1.060483  0.104143 -0.066178 2.70268E-07
 ni  28   5.043941 -1.156059  0.008566 -0.161754 4.61792E-06
 cu  29   3.211941 -1.038059  0.126566 -0.043754 7.36119E-08
 zn  30   3.514597 -1.115403  0.049222 -0.121098 1.52109E-07
 ga  31   2.102565 -0.977435  0.187191  0.016870 6.27857E-09
 ge  32   2.577182 -1.002818  0.161808 -0.008513 1.95109E-08
 as  33   1.258596 -1.041404  0.123222 -0.047098 9.66328E-10
 se  34   2.424233 -0.915766  0.248859  0.078539 1.49128E-08
 br  35   1.559725 -0.980275  0.184350  0.014030 2.06164E-09
 kr  36   2.494654 -0.755346  0.409279  0.238959 1.86126E-08
 rb  37   1.704760 -0.815240  0.349385  0.179065 3.07952E-09
 sr  38   2.649508 -0.230493  0.934133  0.763813 2.77991E-08
  y  39   2.044994 -0.165006  0.999620  0.829299 7.01204E-09
 zr  40   2.492682 -0.037318  1.127308  0.956988 2.01702E-08
 nb  41   0.592192 -0.817808  0.346817  0.176497 2.58318E-10
 mo  42   1.668767 -0.271233  0.893393  0.723072 3.18190E-09
 tc  43  -0.071844 -9.000000  0.000000  0.000000 5.90611E-11
 ru  44   1.400525 -0.359475  0.805151  0.634830 1.80745E-09
 rh  45   0.423750 -0.636250  0.528376  0.358055 1.94138E-10
 pd  46   1.440960 -0.209040  0.955586  0.785265 2.08883E-09
 ag  47   0.522890 -0.677110  0.487516  0.317195 2.55683E-10
 cd  48   1.597423 -0.112577  1.052048  0.881728 3.16338E-09
 in  49   0.477182 -0.282818  0.881808  0.711488 2.44970E-10
 sn  50   2.040702 -0.029298  1.135328  0.965007 9.27062E-09
 sb  51   0.540992 -0.469008  0.695617  0.525297 3.00895E-10
 te  52   1.650394 -0.529606  0.635020  0.464700 4.05662E-09
  i  53   0.698562 -0.851438  0.313187  0.142867 4.50772E-10
 xe  54   1.814031 -0.425969  0.738656  0.568336 6.08403E-09
 cs  55   1.058208 -0.021793  1.142833  0.972513 1.08061E-09
 ba  56   2.603778  0.423778  1.588403  1.418083 3.92151E-08
 la  57   1.616320  0.446320  1.610945  1.440625 4.08282E-09
 ce  58   2.128887  0.548887  1.713513  1.543192 1.34058E-08
 pr  59   1.096798  0.336798  1.501424  1.331103 1.25214E-09
 nd  60   1.888844  0.438844  1.603470  1.433150 7.94054E-09
 pm  61   0.000000 -9.000000  0.000000  0.000000 0.00000E+00
 sm  62   1.090963  0.150963  1.315589  1.145268 1.31830E-09
 eu  63   0.063834 -0.446166  0.718460  0.548139 1.25168E-10
 gd  64   0.939455 -0.110545  1.054081  0.883760 9.72669E-10
 tb  65  -0.004012 -0.324012  0.840614  0.670293 1.11969E-10
 dy  66   1.090478 -0.039522  1.125104  0.954783 1.42315E-09
 ho  67   0.086742 -0.383258  0.781368  0.611048 1.43206E-10
 er  68   0.929032  0.009032  1.173658  1.003337 1.01005E-09
 tm  69  -0.018273 -0.138273  1.026352  0.856032 1.15176E-10
 yb  70   1.240000  0.320000  1.484625  1.314305 2.13828E-09
 lu  71   0.281305  0.191305  1.355931  1.185610 2.37783E-10
 hf  72   1.179350  0.469350  1.633976  1.463655 1.91815E-09
 ta  73   0.231571  0.351571  1.516197  1.345876 2.19303E-10
  w  74   1.195656  0.545656  1.710281  1.539961 2.05123E-09
 re  75   0.277290  0.017290  1.181916  1.011595 2.50730E-10
 os  76   1.150241 -0.199759  0.964867  0.794546 1.91179E-09
 ir  77   0.521407 -0.798593  0.366033  0.195712 4.54065E-10
 pt  78   1.188739 -0.431261  0.733364  0.563044 2.14223E-09
 au  79   0.399282 -0.400718  0.763908  0.593588 3.51233E-10
 hg  80   1.651939  0.481939  1.646565  1.476245 6.39982E-09
 tl  81   1.259192  0.489192  1.653817  1.483497 2.63970E-09
 pb  82   3.425206  1.385206  2.549832  2.379511 3.92207E-07
 bi  83   1.563970  0.913970  2.078595  1.908275 5.44494E-09
 po  84   2.324689 -9.000000  0.000000  0.000000 3.13873E-08
#[ls/Fe]_Bisterzo =   1.0635, [hs/Fe]_Bisterzo =   1.5100
#[hs/ls]_Bisterzo =   0.4465, [Pb/hs]_Bisterzo =   1.0398
#[ls/Fe]_Thiswork =   1.0204, [hs/Fe]_Thiswork =   1.6376
#[hs/ls]_Thiswork =   0.6173, [Pb/hs]_Thiswork =   0.9122
# He/H =  9.8976E-02, C/O =  1.2409E+01, c12/c13 = 1.21218E+03
# N/O =  2.8639E-01, n14/n15 = 2.16689E+03
# o16/o17 = 1.15636E+02, o16/o18 = 1.24537E+03
# mg24/mg25 =  6.7717E+00, mg24/mg26 =  6.8672E+00
# al26/al27 =  1.9250E-03, mg+al =  2.5429E-06
#
#  TP   Mass     Mcore    Menv    log L
# 12 1.972120 0.640198 1.331920 3.983670
# El  Z   log e(X)   [X/H]    [X/Fe]     [X/O]      X(i)
  p   1  12.000000  0.000000  0.000000  0.000000 7.12293E-01
 he   2  11.003033  0.073032  1.237658  1.067338 2.84850E-01
 li   3   1.596936 -1.663064 -0.498438 -0.668759 1.93890E-10
 be   4   0.000000 -1.300000  0.000000  0.000000 0.00000E+00
  b   5   0.000000 -2.790000  0.000000  0.000000 2.42465E-27
  c   6   8.908889  0.438889  1.603514  1.433194 6.88122E-03
  n   7   7.196372 -0.673628  0.490997  0.320677 1.55566E-04
  o   8   7.763088 -0.966912  0.197714  0.000000 6.55207E-04
  f   9   4.873912  0.453912  1.618538  1.420824 1.00420E-06
 ne  10   7.738340 -0.231659  0.932966  0.735252 7.80655E-04
 na  11   5.814171 -0.425828  0.738797  0.541083 1.05903E-05
 mg  12   6.547174 -1.092826  0.071799 -0.125915 6.05434E-05
 al  13   5.356586 -1.093413  0.071212 -0.126502 4.33370E-06
 si  14   6.392005 -1.157995  0.006631 -0.191083 4.89433E-05
  p  15   4.337743 -1.072257  0.092369 -0.105345 4.76363E-07
  s  16   5.999031 -1.150969  0.013657 -0.184057 2.26079E-05
 cl  17   4.094718 -1.135282  0.029344 -0.168370 3.11580E-07
 ar  18   5.277362 -1.162638  0.001987 -0.195726 5.34632E-06
  k  19   3.928780 -1.151220  0.013405 -0.184309 2.34494E-07
 ca  20   5.126409 -1.163591  0.001034 -0.196680 3.78890E-06
 sc  21   1.959719 -1.090281  0.074344 -0.123369 2.89537E-09
 ti  22   3.762897 -1.147102  0.017523 -0.180191 1.95944E-07
  v  23   2.794411 -1.165589 -0.000964 -0.198678 2.24225E-08
 cr  24   4.459681 -1.180319 -0.015693 -0.213407 1.05889E-06
 mn  25   4.328389 -1.151611  0.013015 -0.184699 8.26914E-07
 fe  26   6.377792 -1.162208  0.000000 -0.195296 9.41833E-05
 co  27   3.826897 -1.043103  0.119105 -0.076191 2.79546E-07
 ni  28   5.046969 -1.153030  0.009178 -0.186119 4.62119E-06
 cu  29   3.224725 -1.025275  0.136933 -0.058363 7.53374E-08
 zn  30   3.524145 -1.105855  0.056353 -0.138943 1.54518E-07
 ga  31   2.133018 -0.946982  0.215226  0.019929 6.69255E-09
 ge  32   2.610959 -0.969041  0.193167 -0.002129 2.09572E-08
 as  33   1.283340 -1.016660  0.145548 -0.049749 1.01659E-09
 se  34   2.470714 -0.869286  0.292922  0.097625 1.64937E-08
 br  35   1.598374 -0.941626  0.220582  0.025286 2.23945E-09
 kr  36   2.556101 -0.693899  0.468309  0.273013 2.13075E-08
 rb  37   1.763605 -0.756395  0.405813  0.210517 3.50434E-09
 sr  38   2.741348 -0.138652  1.023556  0.828260 3.41310E-08
  y  39   2.139310 -0.070690  1.091518  0.896222 8.65843E-09
 zr  40   2.587500  0.057500  1.219708  1.024411 2.49349E-08
 nb  41   0.678043 -0.731957  0.430251  0.234955 3.12813E-10
 mo  42   1.758496 -0.181504  0.980704  0.785408 3.88771E-09
 tc  43  -0.012551 -9.000000  0.000000  0.000000 6.72779E-11
 ru  44   1.488958 -0.271042  0.891166  0.695870 2.20180E-09
 rh  45   0.495467 -0.564533  0.597675  0.402379 2.27565E-10
 pd  46   1.531359 -0.118641  1.043567  0.848271 2.55611E-09
 ag  47   0.593601 -0.606399  0.555809  0.360513 2.99014E-10
 cd  48   1.690741 -0.019259  1.142949  0.947652 3.89716E-09
 in  49   0.566823 -0.193177  0.969031  0.773735 2.99248E-10
 sn  50   2.135482  0.065482  1.227690  1.032394 1.14595E-08
 sb  51   0.630169 -0.379831  0.782377  0.587081 3.67174E-10
 te  52   1.741990 -0.438010  0.724198  0.528902 4.97782E-09
  i  53   0.752875 -0.797125  0.365083  0.169787 5.07631E-10
 xe  54   1.897498 -0.342502  0.819706  0.624410 7.32719E-09
 cs  55   1.149601  0.069601  1.231809  1.036513 1.32538E-09
 ba  56   2.699192  0.519192  1.681400  1.486104 4.85451E-08
 la  57   1.712346  0.542346  1.704554  1.509258 5.06134E-09
 ce  58   2.227852  0.647852  1.810060  1.614764 1.67316E-08
 pr  59   1.196441  0.436441  1.598649  1.403352 1.56522E-09
 nd  60   1.987680  0.537680  1.699888  1.504592 9.90750E-09
 pm  61   0.000000 -9.000000  0.000000  0.000000 0.00000E+00
 sm  62   1.187367  0.247367  1.409575  1.214279 1.63568E-09
 eu  63   0.148687 -0.361313  0.800895  0.605599 1.51226E-10
 gd  64   1.034855 -0.015145  1.147063  0.951767 1.20405E-09
 tb  65   0.084637 -0.235363  0.926845  0.731548 1.36467E-10
 dy  66   1.185327  0.055327  1.217535  1.022238 1.75946E-09
 ho  67   0.173780 -0.296220  0.865988  0.670692 1.73891E-10
 er  68   1.028490  0.108490  1.270698  1.075402 1.26205E-09
 tm  69   0.076195 -0.043805  1.118403  0.923107 1.42269E-10
 yb  70   1.341115  0.421115  1.583323  1.388027 2.68201E-09
 lu  71   0.378922  0.288922  1.451131  1.255834 2.95854E-10
 hf  72   1.279078  0.569078  1.731286  1.535989 2.39822E-09
 ta  73   0.331630  0.451630  1.613838  1.418542 2.74399E-10
  w  74   1.298470  0.648470  1.810678  1.615381 2.58290E-09
 re  75   0.379990  0.119990  1.282198  1.086901 3.15634E-10
 os  76   1.245177 -0.104823  1.057385  0.862089 2.36404E-09
 ir  77   0.586262 -0.733738  0.428470  0.233173 5.23904E-10
 pt  78   1.276261 -0.343739  0.818469  0.623173 2.60416E-09
 au  79   0.486687 -0.313313  0.848895  0.653598 4.26853E-10
 hg  80   1.754512  0.584512  1.746720  1.551424 8.05414E-09
 tl  81   1.364752  0.594752  1.756960  1.561664 3.34499E-09
 pb  82   3.513995  1.473995  2.636203  2.440907 4.78171E-07
 bi  83   1.648718  0.998718  2.160926  1.965630 6.57689E-09
 po  84   2.382024 -9.000000  0.000000  0.000000 3.55933E-08
#[ls/Fe]_Bisterzo =   1.1556, [hs/Fe]_Bisterzo =   1.6047
#[hs/ls]_Bisterzo =   0.4491, [Pb/hs]_Bisterzo =   1.0315
#[ls/Fe]_Thiswork =   1.1116, [hs/Fe]_Thiswork =   1.7320
#[hs/ls]_Thiswork =   0.6204, [Pb/hs]_Thiswork =   0.9042
# He/H =  1.0070E-01, C/O =  1.3989E+01, c12/c13 = 1.44626E+03
# N/O =  2.7120E-01, n14/n15 = 2.09169E+03
# o16/o17 = 1.23308E+02, o16/o18 = 1.32498E+03
# mg24/mg25 =  6.3367E+00, mg24/mg26 =  6.7679E+00
# al26/al27 =  1.9718E-03, mg+al =  2.6516E-06
#
#  TP   Mass     Mcore    Menv    log L
# 13 1.970180 0.643570 1.326610 4.000510
# El  Z   log e(X)   [X/H]    [X/Fe]     [X/O]      X(i)
  p   1  12.000000  0.000000  0.000000  0.000000 7.07471E-01
 he   2  11.011080  0.081079  1.243288  1.047991 2.88212E-01
 li   3   1.615694 -1.644306 -0.482098 -0.677394 2.01078E-10
 be   4   0.000000 -1.300000  0.000000  0.000000 0.00000E+00
  b   5   0.000000 -2.790000  0.000000  0.000000 1.45928E-27
  c   6   8.981075  0.511075  1.673283  1.477987 8.07054E-03
  n   7   7.201269 -0.668731  0.493477  0.298181 1.56265E-04
  o   8   7.789559 -0.940440  0.221768  0.000000 6.91671E-04
  f   9   4.991983  0.571983  1.734191  1.512424 1.30900E-06
 ne  10   7.829775 -0.140225  1.021983  0.800215 9.57070E-04
 na  11   5.913755 -0.326245  0.835963  0.614195 1.32294E-05
 mg  12   6.571392 -1.068608  0.093600 -0.128168 6.35822E-05
 al  13   5.367957 -1.082043  0.080165 -0.141603 4.41854E-06
 si  14   6.395256 -1.154744  0.007464 -0.214304 4.89772E-05
  p  15   4.353804 -1.056196  0.106012 -0.115756 4.90963E-07
  s  16   6.001843 -1.148157  0.014051 -0.207717 2.26007E-05
 cl  17   4.101843 -1.128157  0.034051 -0.187717 3.14589E-07
 ar  18   5.279886 -1.160114  0.002094 -0.219674 5.34108E-06
  k  19   3.933324 -1.146676  0.015532 -0.206236 2.35357E-07
 ca  20   5.128800 -1.161200  0.001008 -0.220760 3.78403E-06
 sc  21   1.975184 -1.074816  0.087393 -0.134375 2.98002E-09
 ti  22   3.768623 -1.141376  0.020832 -0.200936 1.97200E-07
  v  23   2.796649 -1.163351 -0.001143 -0.222911 2.23858E-08
 cr  24   4.462554 -1.177446 -0.015238 -0.237006 1.05870E-06
 mn  25   4.333476 -1.146524  0.015684 -0.206084 8.30991E-07
 fe  26   6.380423 -1.159577  0.000000 -0.219137 9.41141E-05
 co  27   3.845353 -1.024647  0.134931 -0.084207 2.89707E-07
 ni  28   5.050186 -1.149814  0.009763 -0.209374 4.62402E-06
 cu  29   3.237524 -1.012476  0.147101 -0.072036 7.70655E-08
 zn  30   3.533890 -1.096110  0.063467 -0.155670 1.56955E-07
 ga  31   2.163887 -0.916113  0.243464  0.024327 7.13693E-09
 ge  32   2.646150 -0.933850  0.225727  0.006590 2.25722E-08
 as  33   1.310215 -0.989785  0.169792 -0.049345 1.07417E-09
 se  34   2.519771 -0.820229  0.339348  0.120211 1.83411E-08
 br  35   1.639232 -0.900768  0.258809  0.039672 2.44370E-09
 kr  36   2.618218 -0.631782  0.527796  0.308659 2.44174E-08
 rb  37   1.824681 -0.695319  0.464259  0.245121 4.00620E-09
 sr  38   2.823400 -0.056601  1.102977  0.883840 4.09497E-08
  y  39   2.221966  0.011966  1.171543  0.952406 1.04027E-08
 zr  40   2.669808  0.139808  1.299386  1.080249 2.99341E-08
 nb  41   0.760191 -0.649809  0.509768  0.290631 3.75390E-10
 mo  42   1.836892 -0.103108  1.056469  0.837332 4.62529E-09
 tc  43   0.038538 -9.000000  0.000000  0.000000 7.51644E-11
 ru  44   1.566632 -0.193368  0.966210  0.747072 2.61519E-09
 rh  45   0.560697 -0.499303  0.660274  0.441137 2.62655E-10
 pd  46   1.610838 -0.039162  1.120415  0.901278 3.04866E-09
 ag  47   0.658613 -0.541387  0.618191  0.399053 3.44948E-10
 cd  48   1.772894  0.062894  1.222471  1.003334 4.67682E-09
 in  49   0.646521 -0.113479  1.046098  0.826961 3.57091E-10
 sn  50   2.220011  0.150011  1.309588  1.090451 1.38276E-08
 sb  51   0.711268 -0.298732  0.860846  0.641709 4.39562E-10
 te  52   1.825482 -0.354518  0.805060  0.585922 5.99213E-09
  i  53   0.806581 -0.743418  0.416159  0.197022 5.70564E-10
 xe  54   1.975954 -0.264046  0.895531  0.676394 8.71854E-09
 cs  55   1.234421  0.154421  1.313998  1.094861 1.60033E-09
 ba  56   2.785267  0.605267  1.764844  1.545707 5.87856E-08
 la  57   1.798153  0.628153  1.787730  1.568593 6.12523E-09
 ce  58   2.313989  0.733989  1.893566  1.674429 2.02639E-08
 pr  59   1.283229  0.523229  1.682806  1.463669 1.89851E-09
 nd  60   2.072461  0.622461  1.782038  1.562901 1.19618E-08
 pm  61   0.000000 -9.000000  0.000000  0.000000 0.00000E+00
 sm  62   1.269680  0.329680  1.489257  1.270120 1.96363E-09
 eu  63   0.223408 -0.286592  0.872985  0.653848 1.78400E-10
 gd  64   1.116536  0.066536  1.226114  1.006976 1.44336E-09
 tb  65   0.161361 -0.158639  1.000938  0.781801 1.61734E-10
 dy  66   1.266377  0.136377  1.295955  1.076818 2.10610E-09
 ho  67   0.249284 -0.220716  0.938861  0.719724 2.05509E-10
 er  68   1.113619  0.193619  1.353196  1.134059 1.52495E-09
 tm  69   0.157016  0.037016  1.196593  0.977456 1.70208E-10
 yb  70   1.426646  0.506646  1.666224  1.447086 3.24370E-09
 lu  71   0.461431  0.371431  1.531008  1.311871 3.55332E-10
 hf  72   1.362921  0.652921  1.812498  1.593361 2.88923E-09
 ta  73   0.415674  0.535674  1.695252  1.476114 3.30731E-10
  w  74   1.384395  0.734395  1.893972  1.674835 3.12667E-09
 re  75   0.466700  0.206700  1.366277  1.147140 3.82775E-10
 os  76   1.325630 -0.024370  1.135208  0.916070 2.82590E-09
 ir  77   0.645317 -0.674683  0.484894  0.265757 5.96152E-10
 pt  78   1.351724 -0.268276  0.891301  0.672164 3.07737E-09
 au  79   0.561777 -0.238223  0.921354  0.702217 5.03986E-10
 hg  80   1.839625  0.669625  1.829203  1.610066 9.73156E-09
 tl  81   1.454214  0.684214  1.843791  1.624654 4.08232E-09
 pb  82   3.590790  1.550790  2.710367  2.491230 5.66797E-07
 bi  83   1.722973  1.072973  2.232550  2.013413 7.75043E-09
 po  84   2.430087 -9.000000  0.000000  0.000000 3.94895E-08
#[ls/Fe]_Bisterzo =   1.2355, [hs/Fe]_Bisterzo =   1.6863
#[hs/ls]_Bisterzo =   0.4509, [Pb/hs]_Bisterzo =   1.0240
#[ls/Fe]_Thiswork =   1.1913, [hs/Fe]_Thiswork =   1.8154
#[hs/ls]_Thiswork =   0.6241, [Pb/hs]_Thiswork =   0.8950
# He/H =  1.0258E-01, C/O =  1.5542E+01, c12/c13 = 1.69379E+03
# N/O =  2.5805E-01, n14/n15 = 2.02982E+03
# o16/o17 = 1.31010E+02, o16/o18 = 1.40810E+03
# mg24/mg25 =  5.8890E+00, mg24/mg26 =  6.6567E+00
# al26/al27 =  2.0354E-03, mg+al =  2.7798E-06
#
#  TP   Mass     Mcore    Menv    log L
# 14 1.965770 0.646807 1.318970 4.014730
# El  Z   log e(X)   [X/H]    [X/Fe]     [X/O]      X(i)
  p   1  12.000000  0.000000  0.000000  0.000000 7.03090E-01
 he   2  11.018349  0.088348  1.247926  1.028789 2.91262E-01
 li   3   1.632403 -1.627597 -0.468019 -0.687156 2.07671E-10
 be   4   0.000000 -1.300000  0.000000  0.000000 0.00000E+00
  b   5   0.000000 -2.790000  0.000000  0.000000 1.06333E-27
  c   6   9.037995  0.567995  1.727572  1.508435 9.14376E-03
  n   7   7.205890 -0.664110  0.495468  0.276330 1.56959E-04
  o   8   7.811356 -0.918643  0.240934  0.000000 7.22769E-04
  f   9   5.087748  0.667747  1.827325  1.586391 1.62183E-06
 ne  10   7.904228 -0.065772  1.093806  0.852872 1.12902E-03
 na  11   5.998071 -0.241929  0.917649  0.676715 1.59647E-05
 mg  12   6.595561 -1.044439  0.115138 -0.125796 6.68046E-05
 al  13   5.378019 -1.071980  0.087597 -0.153337 4.49411E-06
 si  14   6.398233 -1.151767  0.007811 -0.233123 4.90088E-05
  p  15   4.367895 -1.042105  0.117473 -0.123461 5.04014E-07
  s  16   6.004406 -1.145594  0.013983 -0.226951 2.25937E-05
 cl  17   4.108400 -1.121600  0.037978 -0.202956 3.17397E-07
 ar  18   5.282182 -1.157818  0.001760 -0.239174 5.33615E-06
  k  19   3.937504 -1.142496  0.017081 -0.223853 2.36161E-07
 ca  20   5.130961 -1.159039  0.000539 -0.240395 3.77935E-06
 sc  21   1.989849 -1.060151  0.099427 -0.141507 3.06328E-09
 ti  22   3.773838 -1.136162  0.023416 -0.217518 1.98347E-07
  v  23   2.798687 -1.161313 -0.001736 -0.242670 2.23518E-08
 cr  24   4.465182 -1.174818 -0.015240 -0.256174 1.05853E-06
 mn  25   4.338027 -1.141973  0.017604 -0.223330 8.34546E-07
 fe  26   6.382828 -1.157172  0.000000 -0.238529 9.40508E-05
 co  27   3.863036 -1.006964  0.150208 -0.088320 2.99879E-07
 ni  28   5.053113 -1.146887  0.010285 -0.228243 4.62647E-06
 cu  29   3.249146 -1.000854  0.156319 -0.082210 7.86657E-08
 zn  30   3.542724 -1.087276  0.069896 -0.168633 1.59188E-07
 ga  31   2.191294 -0.888706  0.268466  0.029937 7.55475E-09
 ge  32   2.677649 -0.902351  0.254821  0.016292 2.41198E-08
 as  33   1.335081 -0.964919  0.192253 -0.046275 1.13042E-09
 se  34   2.562828 -0.777172  0.380000  0.141472 2.01273E-08
 br  35   1.676356 -0.863644  0.293529  0.055000 2.64530E-09
 kr  36   2.671029 -0.578971  0.578201  0.339673 2.74039E-08
 rb  37   1.880729 -0.639271  0.517901  0.279372 4.52983E-09
 sr  38   2.887449  0.007449  1.164621  0.926093 4.71632E-08
  y  39   2.287365  0.077365  1.234537  0.996008 1.20184E-08
 zr  40   2.734733  0.204733  1.361905  1.123376 3.45456E-08
 nb  41   0.832312 -0.577688  0.579484  0.340955 4.40460E-10
 mo  42   1.897665 -0.042335  1.114837  0.876308 5.28708E-09
 tc  43   0.067314 -9.000000  0.000000  0.000000 7.98162E-11
 ru  44   1.625918 -0.134082  1.023091  0.784562 2.97914E-09
 rh  45   0.611802 -0.448198  0.708974  0.470446 2.93625E-10
 pd  46   1.671929  0.021929  1.179102  0.940573 3.48741E-09
 ag  47   0.710280 -0.489720  0.667453  0.428924 3.86121E-10
 cd  48   1.836194  0.126194  1.283366  1.044837 5.37716E-09
 in  49   0.708372 -0.051628  1.105544  0.867016 4.09197E-10
 sn  50   2.284760  0.214761  1.371933  1.133404 1.59514E-08
 sb  51   0.773418 -0.236582  0.920591  0.682062 5.04049E-10
 te  52   1.888513 -0.291487  0.865685  0.627156 6.88515E-09
  i  53   0.849405 -0.700595  0.456578  0.218049 6.25794E-10
 xe  54   2.035844 -0.204156  0.953016  0.714487 9.94572E-09
 cs  55   1.298760  0.218760  1.375933  1.137404 1.84439E-09
 ba  56   2.849416  0.669416  1.826588  1.588059 6.77208E-08
 la  57   1.862282  0.692282  1.849454  1.610925 7.05591E-09
 ce  58   2.378572  0.798572  1.955745  1.717216 2.33674E-08
 pr  59   1.348884  0.588884  1.746056  1.507527 2.19467E-09
 nd  60   2.135685  0.685685  1.842857  1.604328 1.37506E-08
 pm  61   0.000000 -9.000000  0.000000  0.000000 0.00000E+00
 sm  62   1.331618  0.391618  1.548790  1.310262 2.25061E-09
 eu  63   0.280463 -0.229537  0.927635  0.689107 2.02187E-10
 gd  64   1.178192  0.128192  1.285364  1.046836 1.65323E-09
 tb  65   0.219902 -0.100098  1.057074  0.818546 1.83927E-10
 dy  66   1.327057  0.197057  1.354229  1.115700 2.40691E-09
 ho  67   0.306217 -0.163783  0.993389  0.754861 2.32845E-10
 er  68   1.177043  0.257043  1.414215  1.175686 1.75381E-09
 tm  69   0.217494  0.097494  1.254666  1.016137 1.94429E-10
 yb  70   1.491978  0.571978  1.729150  1.490621 3.74692E-09
 lu  71   0.524430  0.434430  1.591602  1.353074 4.08260E-10
 hf  72   1.424895  0.714895  1.872067  1.633539 3.31177E-09
 ta  73   0.478060  0.598060  1.755232  1.516703 3.79458E-10
  w  74   1.447849  0.797849  1.955022  1.716493 3.59616E-09
 re  75   0.530115  0.270115  1.427287  1.188759 4.40211E-10
 os  76   1.387804  0.037804  1.194976  0.956447 3.24066E-09
 ir  77   0.693048 -0.626953  0.530220  0.291691 6.61286E-10
 pt  78   1.409974 -0.210026  0.947146  0.708618 3.49730E-09
 au  79   0.618948 -0.181052  0.976120  0.737591 5.71336E-10
 hg  80   1.903180  0.733180  1.890352  1.651824 1.11954E-08
 tl  81   1.525136  0.755136  1.912308  1.673779 4.77673E-09
 pb  82   3.650553  1.610553  2.767725  2.529196 6.46388E-07
 bi  83   1.782847  1.132847  2.290020  2.051491 8.84103E-09
 po  84   2.465469 -9.000000  0.000000  0.000000 4.25761E-08
#[ls/Fe]_Bisterzo =   1.2982, [hs/Fe]_Bisterzo =   1.7470
#[hs/ls]_Bisterzo =   0.4488, [Pb/hs]_Bisterzo =   1.0207
#[ls/Fe]_Thiswork =   1.2537, [hs/Fe]_Thiswork =   1.8773
#[hs/ls]_Thiswork =   0.6236, [Pb/hs]_Thiswork =   0.8905
# He/H =  1.0432E-01, C/O =  1.6852E+01, c12/c13 = 1.91564E+03
# N/O =  2.4805E-01, n14/n15 = 2.00083E+03
# o16/o17 = 1.37906E+02, o16/o18 = 1.47931E+03
# mg24/mg25 =  5.4540E+00, mg24/mg26 =  6.5332E+00
# al26/al27 =  2.0705E-03, mg+al =  2.9152E-06
#
#  TP   Mass     Mcore    Menv    log L
# 15 1.954310 0.650039 1.304270 4.027850
# El  Z   log e(X)   [X/H]    [X/Fe]     [X/O]      X(i)
  p   1  12.000000  0.000000  0.000000  0.000000 6.98771E-01
 he   2  11.025488  0.095488  1.252660  1.014131 2.94271E-01
 li   3   1.648199 -1.611801 -0.454629 -0.693157 2.14040E-10
 be   4   0.000000 -1.300000  0.000000  0.000000 0.00000E+00
  b   5   0.000000 -2.790000  0.000000  0.000000 8.52831E-28
  c   6   9.087571  0.617571  1.774743  1.536214 1.01865E-02
  n   7   7.211269 -0.658731  0.498442  0.259913 1.57939E-04
  o   8   7.831593 -0.898407  0.258766  0.000000 7.52592E-04
  f   9   5.173326  0.753325  1.910498  1.651732 1.96294E-06
 ne  10   7.971999  0.001999  1.159171  0.900405 1.31158E-03
 na  11   6.081968 -0.158032  0.999140  0.740375 1.92478E-05
 mg  12   6.620069 -1.019931  0.137241 -0.121525 7.02487E-05
 al  13   5.388000 -1.061999  0.095173 -0.163593 4.57034E-06
 si  14   6.401185 -1.148815  0.008357 -0.250409 4.90398E-05
  p  15   4.381632 -1.028368  0.128805 -0.129961 5.17016E-07
  s  16   6.006952 -1.143048  0.014124 -0.244642 2.25869E-05
 cl  17   4.114697 -1.115304  0.041869 -0.216897 3.20054E-07
 ar  18   5.284471 -1.155529  0.001643 -0.257123 5.33138E-06
  k  19   3.941634 -1.138366  0.018806 -0.239959 2.36953E-07
 ca  20   5.133120 -1.156880  0.000292 -0.258474 3.77485E-06
 sc  21   2.003772 -1.046228  0.110944 -0.147822 3.14365E-09
 ti  22   3.779026 -1.130974  0.026198 -0.232567 1.99497E-07
  v  23   2.800747 -1.159253 -0.002081 -0.260847 2.23201E-08
 cr  24   4.467790 -1.172210 -0.015038 -0.273803 1.05836E-06
 mn  25   4.342536 -1.137464  0.019708 -0.239058 8.38075E-07
 fe  26   6.385212 -1.154788  0.000000 -0.256382 9.39875E-05
 co  27   3.879587 -0.990413  0.164375 -0.092006 3.09613E-07
 ni  28   5.056038 -1.143962  0.010826 -0.245555 4.62912E-06
 cu  29   3.260624 -0.989376  0.165412 -0.090970 8.02761E-08
 zn  30   3.551973 -1.078027  0.076761 -0.179620 1.61616E-07
 ga  31   2.219323 -0.860677  0.294111  0.037730 8.00890E-09
 ge  32   2.709729 -0.870271  0.284517  0.028136 2.58095E-08
 as  33   1.360648 -0.939352  0.215436 -0.040945 1.19160E-09
 se  34   2.605261 -0.734739  0.420049  0.163667 2.20568E-08
 br  35   1.712948 -0.827052  0.327736  0.071354 2.86016E-09
 kr  36   2.720774 -0.529226  0.625562  0.369180 3.05409E-08
 rb  37   1.931156 -0.588844  0.565944  0.309563 5.05632E-09
 sr  38   2.944414  0.064414  1.219202  0.962821 5.34430E-08
  y  39   2.344674  0.134674  1.289462  1.033081 1.36295E-08
 zr  40   2.791623  0.261623  1.416411  1.160030 3.91387E-08
 nb  41   0.898241 -0.511759  0.643029  0.386648 5.09517E-10
 mo  42   1.951753  0.011753  1.166541  0.910159 5.95149E-09
 tc  43   0.099227 -9.000000  0.000000  0.000000 8.53743E-11
 ru  44   1.679273 -0.080727  1.074061  0.817679 3.34788E-09
 rh  45   0.658288 -0.401712  0.753076  0.496695 3.24790E-10
 pd  46   1.725947  0.075947  1.230735  0.974354 3.92504E-09
 ag  47   0.756981 -0.443019  0.711769  0.455387 4.27315E-10
 cd  48   1.891811  0.181811  1.336599  1.080218 6.07427E-09
 in  49   0.762820  0.002820  1.157608  0.901227 4.61003E-10
 sn  50   2.341446  0.271446  1.426234  1.169852 1.80637E-08
 sb  51   0.828154 -0.181846  0.972942  0.716560 5.68240E-10
 te  52   1.944118 -0.235883  0.918905  0.662524 7.77755E-09
  i  53   0.888763 -0.661237  0.493551  0.237170 6.80946E-10
 xe  54   2.088847 -0.151153  1.003635  0.747254 1.11677E-08
 cs  55   1.354022  0.274022  1.428810  1.172428 2.08179E-09
 ba  56   2.906019  0.726019  1.880807  1.624426 7.66741E-08
 la  57   1.918885  0.748885  1.903673  1.647292 7.98877E-09
 ce  58   2.435375  0.855375  2.010163  1.753782 2.64689E-08
 pr  59   1.406239  0.646239  1.801027  1.544645 2.48913E-09
 nd  60   2.191519  0.741519  1.896307  1.639925 1.55410E-08
 pm  61   0.000000 -9.000000  0.000000  0.000000 0.00000E+00
 sm  62   1.385891  0.445891  1.600679  1.344297 2.53453E-09
 eu  63   0.331473 -0.178527  0.976261  0.719880 2.25990E-10
 gd  64   1.232637  0.182637  1.337425  1.081044 1.86252E-09
 tb  65   0.271856 -0.048144  1.106644  0.850263 2.06026E-10
 dy  66   1.381031  0.251031  1.405819  1.149438 2.70869E-09
 ho  67   0.357351 -0.112649  1.042139  0.785758 2.60331E-10
 er  68   1.233577  0.313577  1.468365  1.211983 1.98537E-09
 tm  69   0.271406  0.151406  1.306194  1.049813 2.18775E-10
 yb  70   1.548164  0.628164  1.782952  1.526571 4.23823E-09
 lu  71   0.578876  0.488876  1.643664  1.387283 4.59946E-10
 hf  72   1.480115  0.770115  1.924903  1.668521 3.73769E-09
 ta  73   0.533468  0.653468  1.808256  1.551875 4.28446E-10
  w  74   1.504255  0.854255  2.009043  1.752662 4.06977E-09
 re  75   0.587692  0.327692  1.482480  1.226099 4.99531E-10
 os  76   1.441161  0.091161  1.245949  0.989568 3.64179E-09
 ir  77   0.735428 -0.584572  0.570216  0.313834 7.24592E-10
 pt  78   1.460727 -0.159273  0.995515  0.739133 3.90669E-09
 au  79   0.669729 -0.130271  1.024517  0.768136 6.38259E-10
 hg  80   1.958759  0.788759  1.943547  1.687166 1.26457E-08
 tl  81   1.584060  0.814060  1.968848  1.712466 5.43725E-09
 pb  82   3.702842  1.662842  2.817630  2.561248 7.24611E-07
 bi  83   1.834583  1.184583  2.339371  2.082990 9.89834E-09
 po  84   2.495649 -9.000000  0.000000  0.000000 4.53597E-08
#[ls/Fe]_Bisterzo =   1.3529, [hs/Fe]_Bisterzo =   1.8002
#[hs/ls]_Bisterzo =   0.4473, [Pb/hs]_Bisterzo =   1.0174
#[ls/Fe]_Thiswork =   1.3084, [hs/Fe]_Thiswork =   1.9315
#[hs/ls]_Thiswork =   0.6232, [Pb/hs]_Thiswork =   0.8861
# He/H =  1.0604E-01, C/O =  1.8029E+01, c12/c13 = 2.12808E+03
# N/O =  2.3970E-01, n14/n15 = 1.96408E+03
# o16/o17 = 1.44572E+02, o16/o18 = 1.54895E+03
# mg24/mg25 =  5.0925E+00, mg24/mg26 =  6.4151E+00
# al26/al27 =  2.1401E-03, mg+al =  3.0597E-06
#
#  TP   Mass     Mcore    Menv    log L
# 16 1.915600 0.653223 1.262380 4.039670
# El  Z   log e(X)   [X/H]    [X/Fe]     [X/O]      X(i)
  p   1  12.000000  0.000000  0.000000  0.000000 6.94511E-01
 he   2  11.032399  0.102399  1.257187  1.000805 2.97169E-01
 li   3   1.663374 -1.596626 -0.441838 -0.698220 2.20300E-10
 be   4   0.000000 -1.300000  0.000000  0.000000 0.00000E+00
  b   5   0.000000 -2.790000  0.000000  0.000000 7.10087E-28
  c   6   9.134207  0.664207  1.818995  1.562613 1.12721E-02
  n   7   7.217464 -0.652536  0.502252  0.245871 1.59231E-04
  o   8   7.851025 -0.878974  0.275814  0.000000 7.82234E-04
  f   9   5.247417  0.827417  1.982205  1.706392 2.31390E-06
 ne  10   8.033058  0.063058  1.217846  0.942033 1.50037E-03
 na  11   6.160359 -0.079641  1.075147  0.799334 2.29148E-05
 mg  12   6.646806 -0.993194  0.161594 -0.114220 7.42540E-05
 al  13   5.397789 -1.052211  0.102577 -0.173237 4.64602E-06
 si  14   6.404148 -1.145853  0.008935 -0.266878 4.90745E-05
  p  15   4.395132 -1.014868  0.139920 -0.135893 5.30088E-07
  s  16   6.009460 -1.140540  0.014248 -0.261566 2.25793E-05
 cl  17   4.121169 -1.108831  0.045957 -0.229856 3.22880E-07
 ar  18   5.286707 -1.153293  0.001495 -0.274318 5.32625E-06
  k  19   3.945803 -1.134197  0.020591 -0.255223 2.37780E-07
 ca  20   5.135197 -1.154803 -0.000015 -0.275828 3.76983E-06
 sc  21   2.019057 -1.030943  0.123845 -0.151968 3.23641E-09
 ti  22   3.784190 -1.125810  0.028978 -0.246835 2.00653E-07
  v  23   2.802794 -1.157207 -0.002419 -0.278232 2.22889E-08
 cr  24   4.470368 -1.169631 -0.014843 -0.290657 1.05817E-06
 mn  25   4.346672 -1.133328  0.021460 -0.254354 8.40937E-07
 fe  26   6.387562 -1.152438  0.000000 -0.273463 9.39216E-05
 co  27   3.898520 -0.971480  0.180957 -0.092506 3.21437E-07
 ni  28   5.059058 -1.140942  0.011496 -0.261968 4.63301E-06
 cu  29   3.273476 -0.976524  0.175913 -0.097550 8.21832E-08
 zn  30   3.561216 -1.068784  0.083654 -0.189809 1.64086E-07
 ga  31   2.245778 -0.834222  0.318216  0.044753 8.46005E-09
 ge  32   2.739951 -0.840049  0.312389  0.038926 2.75008E-08
 as  33   1.385555 -0.914445  0.237993 -0.035470 1.25425E-09
 se  34   2.644900 -0.695100  0.457338  0.183875 2.40174E-08
 br  35   1.748130 -0.791870  0.360568  0.087104 3.08260E-09
 kr  36   2.767779 -0.482221  0.670217  0.396754 3.38245E-08
 rb  37   1.985111 -0.534889  0.617549  0.344086 5.69028E-09
 sr  38   2.994679  0.114679  1.267117  0.993654 5.96351E-08
  y  39   2.396966  0.186966  1.339404  1.065940 1.52797E-08
 zr  40   2.844442  0.314442  1.466880  1.193417 4.39309E-08
 nb  41   0.959076 -0.450924  0.701514  0.428050 5.82556E-10
 mo  42   2.000558  0.060558  1.212996  0.939532 6.61875E-09
 tc  43   0.120547 -9.000000  0.000000  0.000000 8.91235E-11
 ru  44   1.725696 -0.034304  1.118133  0.844670 3.70285E-09
 rh  45   0.700105 -0.359895  0.792542  0.519079 3.55438E-10
 pd  46   1.775093  0.125093  1.277531  1.004068 4.36852E-09
 ag  47   0.800480 -0.399520  0.752918  0.479454 4.69452E-10
 cd  48   1.943277  0.233277  1.385715  1.112252 6.79680E-09
 in  49   0.813740  0.053740  1.206177  0.932714 5.15192E-10
 sn  50   2.394583  0.324583  1.477021  1.203557 2.02903E-08
 sb  51   0.879572 -0.130428  1.022010  0.748546 6.35764E-10
 te  52   1.995544 -0.184456  0.967982  0.694519 8.70190E-09
  i  53   0.926348 -0.623652  0.528785  0.255322 7.37975E-10
 xe  54   2.138439 -0.101561  1.050877  0.777414 1.24423E-08
 cs  55   1.406862  0.326862  1.479300  1.205837 2.33681E-09
 ba  56   2.956661  0.776661  1.929099  1.655636 8.56320E-08
 la  57   1.969493  0.799493  1.951931  1.678467 8.92139E-09
 ce  58   2.487027  0.907027  2.059465  1.786002 2.96301E-08
 pr  59   1.459267  0.699267  1.851704  1.578241 2.79525E-09
 nd  60   2.241735  0.791735  1.944173  1.670710 1.73396E-08
 pm  61   0.000000 -9.000000  0.000000  0.000000 0.00000E+00
 sm  62   1.435516  0.495516  1.647954  1.374491 2.82402E-09
 eu  63   0.378426 -0.131574  1.020863  0.747400 2.50257E-10
 gd  64   1.282400  0.232400  1.384838  1.111375 2.07591E-09
 tb  65   0.319884 -0.000116  1.152322  0.878859 2.28715E-10
 dy  66   1.430305  0.300305  1.452742  1.179279 3.01562E-09
 ho  67   0.404036 -0.065964  1.086473  0.813010 2.88107E-10
 er  68   1.285306  0.365306  1.517744  1.244280 2.22287E-09
 tm  69   0.320313  0.200313  1.352751  1.079288 2.43360E-10
 yb  70   1.601771  0.681771  1.834209  1.560746 4.76581E-09
 lu  71   0.630943  0.540943  1.693381  1.419918 5.15369E-10
 hf  72   1.530093  0.820093  1.972531  1.699068 4.16798E-09
 ta  73   0.583371  0.703371  1.855809  1.582346 4.77687E-10
  w  74   1.555224  0.905224  2.057662  1.784199 4.54865E-09
 re  75   0.639127  0.379127  1.531564  1.258101 5.58910E-10
 os  76   1.493228  0.143228  1.295666  1.022202 4.08061E-09
 ir  77   0.778957 -0.541043  0.611395  0.337932 7.96100E-10
 pt  78   1.510370 -0.109630  1.042808  0.769345 4.35309E-09
 au  79   0.717534 -0.082466  1.069972  0.796508 7.08184E-10
 hg  80   2.010880  0.840880  1.993317  1.719854 1.41712E-08
 tl  81   1.646152  0.876152  2.028589  1.755126 6.23469E-09
 pb  82   3.748842  1.708842  2.861280  2.587817 8.00665E-07
 bi  83   1.883267  1.233267  2.385705  2.112242 1.10050E-08
 po  84   2.521935 -9.000000  0.000000  0.000000 4.78960E-08
#[ls/Fe]_Bisterzo =   1.4031, [hs/Fe]_Bisterzo =   1.8480
#[hs/ls]_Bisterzo =   0.4449, [Pb/hs]_Bisterzo =   1.0133
#[ls/Fe]_Thiswork =   1.3578, [hs/Fe]_Thiswork =   1.9802
#[hs/ls]_Thiswork =   0.6224, [Pb/hs]_Thiswork =   0.8811
# He/H =  1.0775E-01, C/O =  1.9195E+01, c12/c13 = 2.34565E+03
# N/O =  2.3251E-01, n14/n15 = 1.96528E+03
# o16/o17 = 1.51222E+02, o16/o18 = 1.61821E+03
# mg24/mg25 =  4.6831E+00, mg24/mg26 =  6.2583E+00
# al26/al27 =  2.2225E-03, mg+al =  3.2273E-06
#
#  TP   Mass     Mcore    Menv    log L
# 17 1.398170 0.656394 0.741778 4.046840
# El  Z   log e(X)   [X/H]    [X/Fe]     [X/O]      X(i)
  p   1  12.000000  0.000000  0.000000  0.000000 6.90205E-01
 he   2  11.039392  0.109391  1.261829  0.988366 3.00120E-01
 li   3   1.678888 -1.581112 -0.428674 -0.702137 2.26896E-10
 be   4   0.000000 -1.300000  0.000000  0.000000 0.00000E+00
  b   5   0.000000 -2.790000  0.000000  0.000000 6.47917E-28
  c   6   9.175829  0.705829  1.858266  1.584803 1.23289E-02
  n   7   7.223843 -0.646157  0.506280  0.232817 1.60585E-04
  o   8   7.870500 -0.859499  0.292938  0.000000 8.13037E-04
  f   9   5.318256  0.898256  2.050694  1.757755 2.70696E-06
 ne  10   8.091862  0.121862  1.274300  0.981361 1.70726E-03
 na  11   6.239128 -0.000872  1.151566  0.858628 2.73014E-05
 mg  12   6.674726 -0.965274  0.187164 -0.105774 7.86936E-05
 al  13   5.407898 -1.042102  0.110336 -0.182602 4.72596E-06
 si  14   6.407178 -1.142822  0.009616 -0.283322 4.91118E-05
  p  15   4.409076 -1.000924  0.151514 -0.141424 5.43990E-07
  s  16   6.012015 -1.137985  0.014452 -0.278486 2.25717E-05
 cl  17   4.127683 -1.102317  0.050121 -0.242817 3.25727E-07
 ar  18   5.288987 -1.151013  0.001425 -0.291513 5.32108E-06
  k  19   3.950028 -1.129972  0.022466 -0.270472 2.38617E-07
 ca  20   5.137319 -1.152681 -0.000244 -0.293182 3.76481E-06
 sc  21   2.033578 -1.016422  0.136016 -0.156923 3.32570E-09
 ti  22   3.789454 -1.120546  0.031891 -0.261047 2.01840E-07
  v  23   2.804910 -1.155090 -0.002653 -0.295591 2.22589E-08
 cr  24   4.472986 -1.167014 -0.014576 -0.307514 1.05797E-06
 mn  25   4.350901 -1.129099  0.023338 -0.269600 8.43900E-07
 fe  26   6.389944 -1.150056  0.000000 -0.290556 9.38526E-05
 co  27   3.916785 -0.953215  0.196841 -0.093715 3.33167E-07
 ni  28   5.062224 -1.137776  0.012280 -0.278276 4.63797E-06
 cu  29   3.286839 -0.963161  0.186895 -0.103661 8.42259E-08
 zn  30   3.571240 -1.058760  0.091296 -0.199260 1.66877E-07
 ga  31   2.273446 -0.806554  0.343502  0.052946 8.96066E-09
 ge  32   2.770660 -0.809340  0.340716  0.050160 2.93328E-08
 as  33   1.410750 -0.889250  0.260806 -0.029750 1.32092E-09
 se  34   2.683229 -0.656770  0.493285  0.202729 2.60708E-08
 br  35   1.782173 -0.757827  0.392229  0.101673 3.31329E-09
 kr  36   2.812292 -0.437708  0.712348  0.421792 3.72429E-08
 rb  37   2.033025 -0.486975  0.663081  0.372524 6.31460E-09
 sr  38   3.041374  0.161374  1.311430  1.020874 6.59926E-08
  y  39   2.444833  0.234833  1.384889  1.094332 1.69544E-08
 zr  40   2.892316  0.362316  1.512372  1.221815 4.87465E-08
 nb  41   1.015242 -0.394758  0.755298  0.464741 6.58875E-10
 mo  42   2.046149  0.106149  1.256205  0.965649 7.30579E-09
 tc  43   0.150382 -9.000000  0.000000  0.000000 9.48694E-11
 ru  44   1.769482  0.009482  1.159538  0.868981 4.07025E-09
 rh  45   0.739429 -0.320570  0.829485  0.538929 3.86712E-10
 pd  46   1.819777  0.169777  1.319832  1.029276 4.81191E-09
 ag  47   0.840391 -0.359609  0.790447  0.499891 5.11448E-10
 cd  48   1.989796  0.279796  1.429852  1.139295 7.51835E-09
 in  49   0.859894  0.099894  1.249950  0.959393 5.69406E-10
 sn  50   2.443044  0.373044  1.523100  1.232543 2.25449E-08
 sb  51   0.926981 -0.083019  1.067037  0.776480 7.04698E-10
 te  52   2.043375 -0.136625  1.013431  0.722874 9.65480E-09
  i  53   0.962462 -0.587538  0.562518  0.271962 7.96994E-10
 xe  54   2.184984 -0.055016  1.095040  0.804484 1.37640E-08
 cs  55   1.455773  0.375773  1.525829  1.235273 2.59916E-09
 ba  56   3.004893  0.824893  1.974949  1.684393 9.50971E-08
 la  57   2.017525  0.847525  1.997581  1.707024 9.90292E-09
 ce  58   2.535020  0.955020  2.105076  1.814519 3.28871E-08
 pr  59   1.507885  0.747885  1.897941  1.607384 3.10698E-09
 nd  60   2.288670  0.838670  1.988725  1.698169 1.91988E-08
 pm  61   0.000000 -9.000000  0.000000  0.000000 0.00000E+00
 sm  62   1.481925  0.541925  1.691981  1.401424 3.12302E-09
 eu  63   0.422345 -0.087655  1.062401  0.771845 2.75171E-10
 gd  64   1.328918  0.278918  1.428973  1.138417 2.29628E-09
 tb  65   0.364798  0.044798  1.194854  0.904297 2.52062E-10
 dy  66   1.476058  0.346058  1.496114  1.205557 3.32988E-09
 ho  67   0.447651 -0.022349  1.127707  0.837150 3.16569E-10
 er  68   1.332329  0.412329  1.562385  1.271828 2.46170E-09
 tm  69   0.365896  0.245896  1.395952  1.105396 2.68616E-10
 yb  70   1.650326  0.730326  1.880382  1.589825 5.29651E-09
 lu  71   0.678479  0.588479  1.738535  1.447979 5.71416E-10
 hf  72   1.576564  0.866564  2.016620  1.726063 4.60994E-09
 ta  73   0.630157  0.750157  1.900212  1.609656 5.28722E-10
  w  74   1.602433  0.952433  2.102489  1.811933 5.03953E-09
 re  75   0.686228  0.426228  1.576284  1.285727 6.19073E-10
 os  76   1.540122  0.190122  1.340178  1.049621 4.51771E-09
 ir  77   0.817986 -0.502015  0.648041  0.357485 8.65556E-10
 pt  78   1.555343 -0.064657  1.085399  0.794842 4.79809E-09
 au  79   0.762067 -0.037933  1.112123  0.821566 7.79791E-10
 hg  80   2.058896  0.888896  2.038952  1.748396 1.57298E-08
 tl  81   1.700191  0.930191  2.080246  1.789690 7.01703E-09
 pb  82   3.792527  1.752527  2.902583  2.612027 8.79903E-07
 bi  83   1.928270  1.278270  2.428326  2.137770 1.21309E-08
 po  84   2.548052 -9.000000  0.000000  0.000000 5.05494E-08
#[ls/Fe]_Bisterzo =   1.4486, [hs/Fe]_Bisterzo =   1.8928
#[hs/ls]_Bisterzo =   0.4441, [Pb/hs]_Bisterzo =   1.0098
#[ls/Fe]_Thiswork =   1.4029, [hs/Fe]_Thiswork =   2.0259
#[hs/ls]_Thiswork =   0.6230, [Pb/hs]_Thiswork =   0.8767
# He/H =  1.0949E-01, C/O =  2.0199E+01, c12/c13 = 2.55318E+03
# N/O =  2.2560E-01, n14/n15 = 1.95897E+03
# o16/o17 = 1.58134E+02, o16/o18 = 1.69170E+03
# mg24/mg25 =  4.3419E+00, mg24/mg26 =  6.0948E+00
# al26/al27 =  2.2858E-03, mg+al =  3.4129E-06
#
# Final abundances
# El  Z   log e(X)   [X/H]    [X/Fe]     [X/O]      X(i)
  p   1  12.000000  0.000000  0.000000  0.000000 6.86833E-01
 he   2  11.044879  0.114879  1.263062  0.959943 3.02451E-01
 li   3   1.699769 -1.560231 -0.412048 -0.715167 2.36909E-10
 be   4   0.000000 -1.300000  0.000000  0.000000 0.00000E+00
  b   5   0.000000 -2.790000  0.000000  0.000000 8.35082E-28
  c   6   9.205105  0.735105  1.883287  1.580169 1.31242E-02
  n   7   7.233548 -0.636452  0.511731  0.208612 1.63412E-04
  o   8   7.884935 -0.845064  0.303119  0.000000 8.36409E-04
  f   9   5.369242  0.949242  2.097425  1.794306 3.02929E-06
 ne  10   8.135540  0.165540  1.313723  1.010604 1.87868E-03
 na  11   6.302125  0.062126  1.210309  0.907190 3.14091E-05
 mg  12   6.697498 -0.942502  0.205681 -0.097437 8.25248E-05
 al  13   5.416100 -1.033900  0.114283 -0.188836 4.79253E-06
 si  14   6.409575 -1.140425  0.007758 -0.295361 4.91423E-05
  p  15   4.419831 -0.990169  0.158014 -0.145105 5.54905E-07
  s  16   6.014025 -1.135975  0.012208 -0.290911 2.25656E-05
 cl  17   4.132795 -1.097205  0.050978 -0.252141 3.27974E-07
 ar  18   5.290783 -1.149217 -0.001034 -0.304152 5.31703E-06
  k  19   3.953384 -1.126616  0.021567 -0.281551 2.39293E-07
 ca  20   5.138984 -1.151016 -0.002833 -0.305952 3.76081E-06
 sc  21   2.045081 -1.004919  0.143264 -0.159855 3.39828E-09
 ti  22   3.793598 -1.116402  0.031781 -0.271338 2.02780E-07
  v  23   2.806605 -1.153395 -0.005212 -0.308331 2.22368E-08
 cr  24   4.475045 -1.164955 -0.016772 -0.319890 1.05781E-06
 mn  25   4.354156 -1.125844  0.022339 -0.280780 8.46096E-07
 fe  26   6.391817 -1.148183  0.000000 -0.303119 9.37976E-05
 co  27   3.931079 -0.938921  0.209262 -0.093857 3.42632E-07
 ni  28   5.064782 -1.135218  0.012965 -0.290154 4.64258E-06
 cu  29   3.297917 -0.952083  0.196100 -0.107018 8.59798E-08
 zn  30   3.579433 -1.050567  0.097616 -0.205503 1.69224E-07
 ga  31   2.294670 -0.785330  0.362853  0.059734 9.36347E-09
 ge  32   2.793869 -0.786131  0.362052  0.058933 3.07918E-08
 as  33   1.429934 -0.870066  0.278116 -0.025002 1.37383E-09
 se  34   2.711229 -0.628771  0.519412  0.216294 2.76712E-08
 br  35   1.808722 -0.731278  0.416904  0.113786 3.50494E-09
 kr  36   2.845224 -0.404776  0.743407  0.440289 3.99805E-08
 rb  37   2.069042 -0.450958  0.697225  0.394106 6.82710E-09
 sr  38   3.075607  0.195607  1.343790  1.040671 7.10560E-08
  y  39   2.480153  0.270153  1.418336  1.115217 1.83010E-08
 zr  40   2.927659  0.397659  1.545842  1.242723 5.26209E-08
 nb  41   1.060988 -0.349012  0.799171  0.496053 7.28489E-10
 mo  42   2.079618  0.139617  1.287800  0.984682 7.85250E-09
 tc  43   0.164639 -9.000000  0.000000  0.000000 9.75565E-11
 ru  44   1.801837  0.041837  1.190020  0.886901 4.36365E-09
 rh  45   0.768754 -0.291246  0.856937  0.553818 4.11704E-10
 pd  46   1.852998  0.202998  1.351181  1.048062 5.16906E-09
 ag  47   0.870427 -0.329573  0.818610  0.515491 5.45394E-10
 cd  48   2.024076  0.314076  1.462259  1.159141 8.09611E-09
 in  49   0.893821  0.133821  1.282004  0.978885 6.12662E-10
 sn  50   2.478474  0.408474  1.556657  1.253538 2.43417E-08
 sb  51   0.961625 -0.048375  1.099808  0.796689 7.59487E-10
 te  52   2.078211 -0.101789  1.046394  0.743275 1.04100E-08
  i  53   0.989337 -0.560663  0.587520  0.284401 8.43728E-10
 xe  54   2.219003 -0.020997  1.127186  0.824067 1.48127E-08
 cs  55   1.491256  0.411256  1.559439  1.256320 2.80665E-09
 ba  56   3.040364  0.860364  2.008547  1.705428 1.02686E-07
 la  57   2.053110  0.883110  2.031293  1.728174 1.06960E-08
 ce  58   2.571017  0.991017  2.139200  1.836081 3.55546E-08
 pr  59   1.544536  0.784536  1.932719  1.629600 3.36405E-09
 nd  60   2.323976  0.873976  2.022158  1.719040 2.07230E-08
 pm  61   0.000000 -9.000000  0.000000  0.000000 0.00000E+00
 sm  62   1.516978  0.576978  1.725161  1.422042 3.36900E-09
 eu  63   0.456034 -0.053966  1.094217  0.791098 2.95914E-10
 gd  64   1.364212  0.314212  1.462395  1.159276 2.47853E-09
 tb  65   0.398953  0.078953  1.227136  0.924018 2.71354E-10
 dy  66   1.510605  0.380605  1.528788  1.225669 3.58797E-09
 ho  67   0.480768  0.010768  1.158951  0.855832 3.39984E-10
 er  68   1.368082  0.448082  1.596265  1.293146 2.65988E-09
 tm  69   0.400795  0.280795  1.428978  1.125859 2.89669E-10
 yb  70   1.687299  0.767299  1.915482  1.612363 5.73900E-09
 lu  71   0.714852  0.624852  1.773035  1.469916 6.18299E-10
 hf  72   1.611569  0.901569  2.049752  1.746634 4.97249E-09
 ta  73   0.665359  0.785360  1.933542  1.630424 5.70563E-10
  w  74   1.638306  0.988306  2.136488  1.833370 5.44673E-09
 re  75   0.722952  0.462952  1.611135  1.308016 6.70407E-10
 os  76   1.575934  0.225934  1.374117  1.070999 4.88207E-09
 ir  77   0.849175 -0.470825  0.677358  0.374240 9.25459E-10
 pt  78   1.589657 -0.030343  1.117840  0.814721 5.16720E-09
 au  79   0.795938 -0.004062  1.144121  0.841003 8.38923E-10
 hg  80   2.095230  0.925230  2.073413  1.770294 1.70188E-08
 tl  81   1.741651  0.971651  2.119833  1.816715 7.68220E-09
 pb  82   3.823089  1.783089  2.931272  2.628153 9.39439E-07
 bi  83   1.959814  1.309814  2.457997  2.154878 1.29810E-08
 po  84   2.565249 -9.000000  0.000000  0.000000 5.23343E-08
#[ls/Fe]_Bisterzo =   1.4821, [hs/Fe]_Bisterzo =   1.9262
#[hs/ls]_Bisterzo =   0.4441, [Pb/hs]_Bisterzo =   1.0051
#[ls/Fe]_Thiswork =   1.4360, [hs/Fe]_Thiswork =   2.0597
#[hs/ls]_Thiswork =   0.6237, [Pb/hs]_Thiswork =   0.8716
# He/H =  1.1089E-01, C/O =  2.0901E+01, c12/c13 = 2.68702E+03
# N/O =  2.2316E-01, n14/n15 = 1.97955E+03
# o16/o17 = 1.63484E+02, o16/o18 = 1.74841E+03
# mg24/mg25 =  4.0970E+00, mg24/mg26 =  5.9668E+00
# al26/al27 =  2.5202E-03, mg+al =  3.5730E-06
