# Initial abundances
# El  Z   log e(X)   [X/H]    [X/Fe]     [X/O]      X(i)
  p   1  12.000000  0.000000  0.000000  0.000000 7.54993E-01
 he   2  10.921445 -0.008555  1.176951  1.176945 2.50215E-01
 li   3   2.040213 -1.219787 -0.034281 -0.034287 5.70319E-10
 be   4   0.000000 -1.300000  0.000000  0.000000 0.00000E+00
  b   5   0.000000 -2.790000  0.000000  0.000000 0.00000E+00
  c   6   7.284689 -1.185311  0.000195  0.000189 1.73281E-04
  n   7   6.684474 -1.185525 -0.000019 -0.000025 5.07344E-05
  o   8   7.544499 -1.185500  0.000006  0.000000 4.19831E-04
  f   9   3.234510 -1.185490  0.000017  0.000010 2.44175E-08
 ne  10   6.784502 -1.185498  0.000009  0.000002 9.20250E-05
 na  11   5.054493 -1.185506  0.000000 -0.000006 1.95216E-06
 mg  12   6.454494 -1.185505  0.000001 -0.000005 5.18409E-05
 al  13   5.264493 -1.185506  0.000000 -0.000006 3.71578E-06
 si  14   6.364496 -1.185504  0.000002 -0.000004 4.86932E-05
  p  15   4.224507 -1.185493  0.000013  0.000007 3.89033E-07
  s  16   5.974492 -1.175508  0.009998  0.009992 2.26467E-05
 cl  17   4.044501 -1.185499  0.000008  0.000001 2.94196E-07
 ar  18   5.254495 -1.185505  0.000001 -0.000005 5.37617E-06
  k  19   3.893926 -1.186074 -0.000568 -0.000574 2.29384E-07
 ca  20   5.104494 -1.185506  0.000000 -0.000006 3.81841E-06
 sc  21   1.864498 -1.185502  0.000005 -0.000002 2.46473E-09
 ti  22   3.724504 -1.185496  0.000010  0.000004 1.90117E-07
  v  23   2.773416 -1.186584 -0.001078 -0.001084 2.26451E-08
 cr  24   4.435211 -1.204789 -0.019283 -0.019289 1.06087E-06
 mn  25   4.294506 -1.185494  0.000012  0.000006 8.10702E-07
 fe  26   6.354494 -1.185506  0.000000 -0.000006 9.46151E-05
 co  27   3.684498 -1.185502  0.000004 -0.000002 2.13471E-07
 ni  28   5.014499 -1.185501  0.000006  0.000000 4.54536E-06
 cu  29   3.064504 -1.185496  0.000010  0.000004 5.52172E-08
 zn  30   3.444505 -1.185495  0.000011  0.000005 1.36340E-07
 ga  31   1.894501 -1.185499  0.000007  0.000001 4.09599E-09
 ge  32   2.360129 -1.219871 -0.034364 -0.034370 1.24677E-08
 as  33   1.114492 -1.185508 -0.000001 -0.000007 7.30439E-10
 se  34   2.110576 -1.229424 -0.043918 -0.043924 7.62896E-09
 br  35   1.354499 -1.185501  0.000005 -0.000001 1.35379E-09
 kr  36   2.062927 -1.187073 -0.001566 -0.001573 7.25510E-09
 rb  37   1.334499 -1.185501  0.000006  0.000000 1.38288E-09
 sr  38   1.692070 -1.187930 -0.002424 -0.002430 3.22966E-09
  y  39   1.024498 -1.185502  0.000004 -0.000002 7.04550E-10
 zr  40   1.344502 -1.185498  0.000009  0.000003 1.51041E-09
 nb  41   0.224507 -1.185493  0.000014  0.000008 1.16690E-10
 mo  42   0.633325 -1.306675 -0.121169 -0.121175 3.08892E-10
 tc  43   0.000000 -9.000000  0.000000  0.000000 0.00000E+00
 ru  44   0.443560 -1.316440 -0.130934 -0.130940 2.10215E-10
 rh  45  -0.125499 -1.185499  0.000008  0.000001 5.77330E-11
 pd  46   0.405316 -1.244684 -0.059177 -0.059183 2.02685E-10
 ag  47   0.014502 -1.185498  0.000008  0.000002 8.35366E-11
 cd  48   0.484784 -1.225216 -0.039710 -0.039716 2.57084E-10
 in  49  -0.444537 -1.204537 -0.019031 -0.019037 3.08998E-11
 sn  50   0.822070 -1.247930 -0.062423 -0.062430 5.90256E-10
 sb  51  -0.418026 -1.428026 -0.242520 -0.242526 3.48307E-11
 te  52   0.527122 -1.652878 -0.467371 -0.467377 3.21704E-10
  i  53   0.364500 -1.185500  0.000006  0.000000 2.20018E-10
 xe  54   1.017418 -1.222582 -0.037076 -0.037082 1.02363E-09
 cs  55  -0.105499 -1.185499  0.000007  0.000001 7.80772E-11
 ba  56   0.993598 -1.186402 -0.000896 -0.000902 1.01353E-09
 la  57  -0.015905 -1.185905 -0.000399 -0.000405 1.00299E-10
 ce  58   0.392595 -1.187405 -0.001898 -0.001905 2.59159E-10
 pr  59  -0.425498 -1.185498  0.000008  0.000002 3.96205E-11
 nd  60   0.239496 -1.210504 -0.024997 -0.025004 1.87527E-10
 pm  61   0.000000 -9.000000  0.000000  0.000000 0.00000E+00
 sm  62  -0.375217 -1.315217 -0.129711 -0.129717 4.74676E-11
 eu  63  -0.675514 -1.185514 -0.000008 -0.000014 2.40275E-11
 gd  64  -0.242631 -1.292631 -0.107125 -0.107131 6.73662E-11
 tb  65  -0.865514 -1.185514 -0.000007 -0.000014 1.62241E-11
 dy  66  -0.056157 -1.186157 -0.000651 -0.000657 1.06950E-10
 ho  67  -0.715497 -1.185497  0.000009  0.000003 2.37840E-11
 er  68  -0.273120 -1.193120 -0.007614 -0.007620 6.67963E-11
 tm  69  -1.065498 -1.185498  0.000008  0.000002 1.08818E-11
 yb  70  -0.326530 -1.246530 -0.061023 -0.061029 6.11083E-11
 lu  71  -1.095501 -1.185501  0.000005 -0.000001 1.05181E-11
 hf  72  -0.476206 -1.186206 -0.000700 -0.000706 4.46571E-11
 ta  73  -1.305553 -1.185553 -0.000047 -0.000053 6.70629E-12
  w  74  -0.536028 -1.186028 -0.000522 -0.000528 4.00770E-11
 re  75  -0.925500 -1.185500  0.000006  0.000000 1.65569E-11
 os  76   0.164417 -1.185583 -0.000076 -0.000083 2.08055E-10
 ir  77   0.134501 -1.185500  0.000007  0.000001 1.96234E-10
 pt  78   0.402156 -1.217844 -0.032338 -0.032344 3.68847E-10
 au  79  -0.385500 -1.185500  0.000006  0.000000 6.07262E-11
 hg  80  -0.047105 -1.217105 -0.031598 -0.031605 1.34799E-10
 tl  81  -0.415503 -1.185503  0.000004 -0.000002 5.88064E-11
 pb  82   0.854504 -1.185496  0.000010  0.000004 1.11013E-09
 bi  83  -0.535496 -1.185496  0.000011  0.000004 4.56134E-11
 po  84   0.000000 -9.000000  0.000000  0.000000 0.00000E+00
#[ls/Fe]_Bisterzo =   0.0000, [hs/Fe]_Bisterzo =  -0.0517
#[hs/ls]_Bisterzo =  -0.0517, [Pb/hs]_Bisterzo =   0.0517
#[ls/Fe]_Thiswork =  -0.0008, [hs/Fe]_Thiswork =  -0.0011
#[hs/ls]_Thiswork =  -0.0003, [Pb/hs]_Thiswork =   0.0011
# He/H =  8.3454E-02, C/O =  5.4978E-01, c12/c13 = 8.94391E+01
# N/O =  1.3803E-01, n14/n15 = 4.47610E+02
# o16/o17 = 2.63226E+03, o16/o18 = 4.98812E+02
# mg24/mg25 =  7.8990E+00, mg24/mg26 =  7.1742E+00
# al26/al27 =  0.0000E+00, mg+al =  2.2706E-06
#
# During TP-AGB
#  TP   Mass     Mcore    Menv    log L
#  1 3.233700 0.831832 2.401870 4.109080
# El  Z   log e(X)   [X/H]    [X/Fe]     [X/O]      X(i)
  p   1  12.000000  0.000000  0.000000  0.000000 7.45284E-01
 he   2  10.943438  0.013437  1.198944  1.198937 2.59827E-01
 li   3   1.319749 -1.940251 -0.754745 -0.754751 1.07160E-10
 be   4   0.000000 -1.300000  0.000000  0.000000 1.89777E-23
  b   5  -7.866810-10.656810  0.000000  0.000000 1.08622E-19
  c   6   5.675708 -2.794292 -1.608786 -1.608792 4.20870E-06
  n   7   7.441156 -0.428843  0.756663  0.756657 2.85998E-04
  o   8   7.502624 -1.227376 -0.041870  0.000000 3.76337E-04
  f   9   2.185319 -2.234681 -1.049175 -1.007305 2.15223E-09
 ne  10   6.783572 -1.186428 -0.000922  0.040948 9.06471E-05
 na  11   5.314474 -0.925526  0.259980  0.301850 3.50650E-06
 mg  12   6.458462 -1.181538  0.003969  0.045838 5.16439E-05
 al  13   5.296464 -1.153536  0.031971  0.073840 3.94820E-06
 si  14   6.370157 -1.179843  0.005663  0.047533 4.86977E-05
  p  15   4.230134 -1.179865  0.005641  0.047511 3.89039E-07
  s  16   5.980113 -1.169887  0.015619  0.057489 2.26467E-05
 cl  17   4.050136 -1.179864  0.005642  0.047512 2.94205E-07
 ar  18   5.260117 -1.179883  0.005623  0.047493 5.37617E-06
  k  19   3.899539 -1.180461  0.005045  0.046915 2.29380E-07
 ca  20   5.110116 -1.179884  0.005622  0.047492 3.81841E-06
 sc  21   1.870120 -1.179880  0.005626  0.047496 2.46473E-09
 ti  22   3.730124 -1.179875  0.005631  0.047501 1.90117E-07
  v  23   2.779037 -1.180964  0.004543  0.046412 2.26451E-08
 cr  24   4.440832 -1.199168 -0.013661  0.028208 1.06087E-06
 mn  25   4.300127 -1.179873  0.005633  0.047503 8.10702E-07
 fe  26   6.360115 -1.179885  0.000000  0.047491 9.46151E-05
 co  27   3.690119 -1.179881  0.000004  0.047495 2.13471E-07
 ni  28   5.020121 -1.179879  0.000006  0.047497 4.54536E-06
 cu  29   3.070126 -1.179874  0.000010  0.047502 5.52172E-08
 zn  30   3.450126 -1.179874  0.000010  0.047502 1.36340E-07
 ga  31   1.900122 -1.179878  0.000007  0.047498 4.09599E-09
 ge  32   2.365750 -1.214250 -0.034365  0.013126 1.24677E-08
 as  33   1.120113 -1.179887 -0.000002  0.047489 7.30439E-10
 se  34   2.116197 -1.223803 -0.043918  0.003573 7.62896E-09
 br  35   1.360121 -1.179879  0.000006  0.047497 1.35379E-09
 kr  36   2.068548 -1.181452 -0.001567  0.045924 7.25510E-09
 rb  37   1.339701 -1.180299 -0.000414  0.047077 1.38155E-09
 sr  38   1.697876 -1.182124 -0.002239  0.045252 3.23103E-09
  y  39   1.030120 -1.179880  0.000005  0.047496 7.04550E-10
 zr  40   1.350123 -1.179877  0.000008  0.047499 1.51041E-09
 nb  41   0.230128 -1.179872  0.000013  0.047504 1.16690E-10
 mo  42   0.638946 -1.301054 -0.121170 -0.073678 3.08892E-10
 tc  43   0.000000 -9.000000  0.000000  0.000000 6.50739E-21
 ru  44   0.449182 -1.310818 -0.130934 -0.083442 2.10215E-10
 rh  45  -0.119878 -1.179878  0.000007  0.047498 5.77330E-11
 pd  46   0.410938 -1.239062 -0.059177 -0.011686 2.02685E-10
 ag  47   0.020123 -1.179878  0.000007  0.047498 8.35366E-11
 cd  48   0.490405 -1.219595 -0.039710  0.007781 2.57084E-10
 in  49  -0.438915 -1.198915 -0.019030  0.028461 3.08998E-11
 sn  50   0.827692 -1.242308 -0.062423 -0.014932 5.90256E-10
 sb  51  -0.412404 -1.422404 -0.242519 -0.195028 3.48307E-11
 te  52   0.532744 -1.647256 -0.467371 -0.419880 3.21704E-10
  i  53   0.370121 -1.179879  0.000006  0.047497 2.20018E-10
 xe  54   1.023039 -1.216961 -0.037076  0.010415 1.02363E-09
 cs  55  -0.099878 -1.179878  0.000007  0.047498 7.80772E-11
 ba  56   0.999219 -1.180781 -0.000896  0.046595 1.01353E-09
 la  57  -0.010284 -1.180284 -0.000399  0.047092 1.00299E-10
 ce  58   0.398216 -1.181784 -0.001899  0.045592 2.59159E-10
 pr  59  -0.419877 -1.179877  0.000008  0.047499 3.96205E-11
 nd  60   0.245118 -1.204882 -0.024997  0.022494 1.87527E-10
 pm  61   0.000000 -9.000000  0.000000  0.000000 0.00000E+00
 sm  62  -0.369596 -1.309596 -0.129711 -0.082220 4.74676E-11
 eu  63  -0.669893 -1.179893 -0.000008  0.047483 2.40275E-11
 gd  64  -0.237010 -1.287010 -0.107125 -0.059634 6.73662E-11
 tb  65  -0.859892 -1.179892 -0.000007  0.047484 1.62241E-11
 dy  66  -0.050535 -1.180535 -0.000650  0.046841 1.06950E-10
 ho  67  -0.709876 -1.179876  0.000009  0.047500 2.37840E-11
 er  68  -0.267498 -1.187498 -0.007613  0.039878 6.67963E-11
 tm  69  -1.059876 -1.179876  0.000008  0.047500 1.08818E-11
 yb  70  -0.320908 -1.240908 -0.061023 -0.013532 6.11083E-11
 lu  71  -1.089933 -1.179933 -0.000049  0.047443 1.05168E-11
 hf  72  -0.470572 -1.180572 -0.000687  0.046804 4.46584E-11
 ta  73  -1.299932 -1.179932 -0.000048  0.047444 6.70629E-12
  w  74  -0.530406 -1.180406 -0.000521  0.046970 4.00770E-11
 re  75  -0.920997 -1.180997 -0.001112  0.046379 1.65143E-11
 os  76   0.170130 -1.179870  0.000015  0.047506 2.08099E-10
 ir  77   0.140121 -1.179879  0.000006  0.047497 1.96234E-10
 pt  78   0.407777 -1.212223 -0.032338  0.015153 3.68847E-10
 au  79  -0.379878 -1.179878  0.000007  0.047498 6.07262E-11
 hg  80  -0.041483 -1.211483 -0.031598  0.015893 1.34799E-10
 tl  81  -0.409882 -1.179882  0.000003  0.047494 5.88064E-11
 pb  82   0.860125 -1.179875  0.000010  0.047501 1.11013E-09
 bi  83  -0.529874 -1.179874  0.000011  0.047502 4.56134E-11
 po  84   0.000000 -9.000000  0.000000  0.000000 1.54180E-22
#[ls/Fe]_Bisterzo =   0.0000, [hs/Fe]_Bisterzo =  -0.0517
#[hs/ls]_Bisterzo =  -0.0517, [Pb/hs]_Bisterzo =   0.0517
#[ls/Fe]_Thiswork =  -0.0007, [hs/Fe]_Thiswork =  -0.0011
#[hs/ls]_Thiswork =  -0.0003, [Pb/hs]_Thiswork =   0.0011
# He/H =  8.7789E-02, C/O =  1.4897E-02, c12/c13 = 3.23038E+00
# N/O =  8.6803E-01, n14/n15 = 5.93551E+04
# o16/o17 = 9.06174E+02, o16/o18 = 9.95768E+05
# mg24/mg25 =  8.2501E+00, mg24/mg26 =  7.1364E+00
# al26/al27 =  2.9287E-02, mg+al =  2.2712E-06
#
#  TP   Mass     Mcore    Menv    log L
#  2 3.233700 0.833076 2.400620 4.142900
# El  Z   log e(X)   [X/H]    [X/Fe]     [X/O]      X(i)
  p   1  12.000000  0.000000  0.000000  0.000000 7.45284E-01
 he   2  10.943439  0.013438  1.193323  1.240814 2.59827E-01
 li   3   1.317250 -1.942750 -0.762865 -0.715374 1.06545E-10
 be   4  -6.786060 -8.086061  0.000000  0.000000 1.09049E-18
  b   5   0.000000 -2.790000  0.000000  0.000000 7.67160E-21
  c   6   5.677330 -2.792670 -1.612785 -1.565294 4.22445E-06
  n   7   7.441126 -0.428874  0.751011  0.798502 2.85978E-04
  o   8   7.502625 -1.227374 -0.047489  0.000000 3.76339E-04
  f   9   2.185786 -2.234214 -1.054329 -1.006840 2.15454E-09
 ne  10   6.783572 -1.186428 -0.006543  0.040946 9.06471E-05
 na  11   5.314466 -0.925534  0.254351  0.301840 3.50643E-06
 mg  12   6.458469 -1.181530 -0.001646  0.045844 5.16448E-05
 al  13   5.296364 -1.153636  0.026249  0.073738 3.94729E-06
 si  14   6.370158 -1.179842  0.000042  0.047532 4.86977E-05
  p  15   4.230134 -1.179865  0.000020  0.047509 3.89039E-07
  s  16   5.980113 -1.169887  0.009998  0.057487 2.26467E-05
 cl  17   4.050137 -1.179863  0.000021  0.047511 2.94205E-07
 ar  18   5.260117 -1.179883  0.000001  0.047491 5.37617E-06
  k  19   3.899540 -1.180460 -0.000575  0.046914 2.29380E-07
 ca  20   5.110116 -1.179884  0.000001  0.047490 3.81841E-06
 sc  21   1.870120 -1.179880  0.000005  0.047494 2.46473E-09
 ti  22   3.730124 -1.179875  0.000010  0.047499 1.90117E-07
  v  23   2.779037 -1.180964 -0.001079  0.046411 2.26451E-08
 cr  24   4.440833 -1.199167 -0.019282  0.028207 1.06087E-06
 mn  25   4.300127 -1.179873  0.000012  0.047501 8.10702E-07
 fe  26   6.360116 -1.179884  0.000000  0.047490 9.46151E-05
 co  27   3.690120 -1.179880  0.000004  0.047494 2.13471E-07
 ni  28   5.020121 -1.179879  0.000005  0.047495 4.54536E-06
 cu  29   3.070126 -1.179874  0.000010  0.047500 5.52172E-08
 zn  30   3.450127 -1.179873  0.000011  0.047501 1.36340E-07
 ga  31   1.900122 -1.179878  0.000006  0.047496 4.09599E-09
 ge  32   2.365750 -1.214250 -0.034365  0.013124 1.24677E-08
 as  33   1.120113 -1.179887 -0.000002  0.047487 7.30439E-10
 se  34   2.116197 -1.223803 -0.043919  0.003571 7.62896E-09
 br  35   1.360121 -1.179879  0.000005  0.047495 1.35379E-09
 kr  36   2.068549 -1.181451 -0.001566  0.045923 7.25510E-09
 rb  37   1.339701 -1.180299 -0.000415  0.047075 1.38155E-09
 sr  38   1.697876 -1.182124 -0.002240  0.045250 3.23103E-09
  y  39   1.030120 -1.179880  0.000004  0.047494 7.04550E-10
 zr  40   1.350124 -1.179876  0.000009  0.047498 1.51041E-09
 nb  41   0.230128 -1.179872  0.000013  0.047502 1.16690E-10
 mo  42   0.638947 -1.301054 -0.121169 -0.073679 3.08892E-10
 tc  43   0.000000 -9.000000  0.000000  0.000000 6.37129E-21
 ru  44   0.449182 -1.310818 -0.130934 -0.083444 2.10215E-10
 rh  45  -0.119878 -1.179878  0.000007  0.047496 5.77330E-11
 pd  46   0.410938 -1.239062 -0.059177 -0.011688 2.02685E-10
 ag  47   0.020123 -1.179878  0.000007  0.047497 8.35366E-11
 cd  48   0.490406 -1.219594 -0.039710  0.007780 2.57084E-10
 in  49  -0.438915 -1.198915 -0.019031  0.028459 3.08998E-11
 sn  50   0.827692 -1.242308 -0.062423 -0.014934 5.90256E-10
 sb  51  -0.412404 -1.422404 -0.242520 -0.195030 3.48307E-11
 te  52   0.532744 -1.647256 -0.467371 -0.419882 3.21704E-10
  i  53   0.370121 -1.179879  0.000005  0.047495 2.20018E-10
 xe  54   1.023039 -1.216961 -0.037077  0.010413 1.02363E-09
 cs  55  -0.099878 -1.179878  0.000006  0.047496 7.80772E-11
 ba  56   0.999220 -1.180780 -0.000896  0.046594 1.01353E-09
 la  57  -0.010283 -1.180283 -0.000399  0.047091 1.00299E-10
 ce  58   0.398216 -1.181784 -0.001899  0.045590 2.59159E-10
 pr  59  -0.419877 -1.179877  0.000007  0.047497 3.96205E-11
 nd  60   0.245118 -1.204882 -0.024997  0.022492 1.87527E-10
 pm  61   0.000000 -9.000000  0.000000  0.000000 2.95823E-34
 sm  62  -0.369596 -1.309596 -0.129711 -0.082222 4.74676E-11
 eu  63  -0.669892 -1.179892 -0.000008  0.047482 2.40275E-11
 gd  64  -0.237010 -1.287010 -0.107126 -0.059636 6.73662E-11
 tb  65  -0.859892 -1.179892 -0.000007  0.047482 1.62241E-11
 dy  66  -0.050535 -1.180535 -0.000651  0.046839 1.06950E-10
 ho  67  -0.709876 -1.179876  0.000008  0.047498 2.37840E-11
 er  68  -0.267498 -1.187498 -0.007614  0.039876 6.67963E-11
 tm  69  -1.059876 -1.179876  0.000008  0.047498 1.08818E-11
 yb  70  -0.320908 -1.240908 -0.061023 -0.013534 6.11083E-11
 lu  71  -1.089932 -1.179932 -0.000048  0.047442 1.05168E-11
 hf  72  -0.470572 -1.180572 -0.000687  0.046803 4.46584E-11
 ta  73  -1.299932 -1.179932 -0.000048  0.047442 6.70629E-12
  w  74  -0.530406 -1.180406 -0.000522  0.046968 4.00770E-11
 re  75  -0.920997 -1.180997 -0.001112  0.046377 1.65143E-11
 os  76   0.170130 -1.179870  0.000014  0.047504 2.08099E-10
 ir  77   0.140122 -1.179878  0.000007  0.047496 1.96234E-10
 pt  78   0.407778 -1.212222 -0.032338  0.015152 3.68847E-10
 au  79  -0.379878 -1.179878  0.000006  0.047496 6.07262E-11
 hg  80  -0.041483 -1.211483 -0.031598  0.015891 1.34799E-10
 tl  81  -0.409881 -1.179881  0.000004  0.047493 5.88064E-11
 pb  82   0.860125 -1.179875  0.000009  0.047499 1.11013E-09
 bi  83  -0.529874 -1.179874  0.000011  0.047500 4.56134E-11
 po  84   0.000000 -9.000000  0.000000  0.000000 1.55303E-22
#[ls/Fe]_Bisterzo =   0.0000, [hs/Fe]_Bisterzo =  -0.0517
#[hs/ls]_Bisterzo =  -0.0517, [Pb/hs]_Bisterzo =   0.0517
#[ls/Fe]_Thiswork =  -0.0007, [hs/Fe]_Thiswork =  -0.0011
#[hs/ls]_Thiswork =  -0.0003, [Pb/hs]_Thiswork =   0.0011
# He/H =  8.7789E-02, C/O =  1.4952E-02, c12/c13 = 3.24444E+00
# N/O =  8.6796E-01, n14/n15 = 5.92451E+04
# o16/o17 = 9.06230E+02, o16/o18 = 8.15288E+05
# mg24/mg25 =  8.2501E+00, mg24/mg26 =  7.1353E+00
# al26/al27 =  2.9041E-02, mg+al =  2.2712E-06
#
#  TP   Mass     Mcore    Menv    log L
#  3 3.233700 0.834337 2.399360 4.168600
# El  Z   log e(X)   [X/H]    [X/Fe]     [X/O]      X(i)
  p   1  12.000000  0.000000  0.000000  0.000000 7.45180E-01
 he   2  10.943670  0.013670  1.193554  1.241044 2.59930E-01
 li   3   1.150336 -2.109664 -0.929779 -0.882290 7.25369E-11
 be   4  -7.234169 -8.534169  0.000000  0.000000 3.88555E-19
  b   5   0.000000 -2.790000  0.000000  0.000000 6.54786E-21
  c   6   5.680442 -2.789558 -1.609674 -1.562184 4.25424E-06
  n   7   7.441219 -0.428781  0.751103  0.798593 2.85999E-04
  o   8   7.502612 -1.227387 -0.047503  0.000000 3.76275E-04
  f   9   2.186610 -2.233390 -1.053505 -1.006002 2.15834E-09
 ne  10   6.783603 -1.186397 -0.006512  0.040991 9.06411E-05
 na  11   5.314468 -0.925531  0.254353  0.301856 3.50597E-06
 mg  12   6.458470 -1.181530 -0.001646  0.045857 5.16376E-05
 al  13   5.296777 -1.153223  0.026662  0.074165 3.95050E-06
 si  14   6.370340 -1.179660  0.000225  0.047728 4.87115E-05
  p  15   4.230191 -1.179809  0.000076  0.047579 3.89035E-07
  s  16   5.980173 -1.169827  0.010057  0.057560 2.26467E-05
 cl  17   4.050220 -1.179780  0.000104  0.047607 2.94221E-07
 ar  18   5.260177 -1.179823  0.000061  0.047564 5.37617E-06
  k  19   3.899600 -1.180400 -0.000515  0.046988 2.29380E-07
 ca  20   5.110176 -1.179824  0.000061  0.047564 3.81841E-06
 sc  21   1.870180 -1.179820  0.000065  0.047568 2.46473E-09
 ti  22   3.730185 -1.179815  0.000069  0.047572 1.90117E-07
  v  23   2.779097 -1.180903 -0.001019  0.046484 2.26451E-08
 cr  24   4.440893 -1.199107 -0.019223  0.028280 1.06087E-06
 mn  25   4.300187 -1.179813  0.000072  0.047575 8.10702E-07
 fe  26   6.360176 -1.179824  0.000000  0.047563 9.46151E-05
 co  27   3.690180 -1.179820  0.000004  0.047567 2.13471E-07
 ni  28   5.020181 -1.179819  0.000005  0.047568 4.54536E-06
 cu  29   3.070186 -1.179814  0.000010  0.047573 5.52172E-08
 zn  30   3.450187 -1.179813  0.000011  0.047574 1.36340E-07
 ga  31   1.900183 -1.179817  0.000007  0.047570 4.09599E-09
 ge  32   2.365810 -1.214190 -0.034365  0.013198 1.24677E-08
 as  33   1.120174 -1.179826 -0.000001  0.047562 7.30439E-10
 se  34   2.116257 -1.223743 -0.043919  0.003644 7.62896E-09
 br  35   1.360181 -1.179819  0.000005  0.047568 1.35379E-09
 kr  36   2.068609 -1.181391 -0.001566  0.045997 7.25510E-09
 rb  37   1.339761 -1.180239 -0.000415  0.047148 1.38155E-09
 sr  38   1.697936 -1.182064 -0.002240  0.045323 3.23103E-09
  y  39   1.030180 -1.179820  0.000004  0.047567 7.04550E-10
 zr  40   1.350184 -1.179816  0.000009  0.047572 1.51041E-09
 nb  41   0.230188 -1.179812  0.000013  0.047576 1.16690E-10
 mo  42   0.639007 -1.300993 -0.121169 -0.073606 3.08892E-10
 tc  43  -7.593851 -9.000000  0.000000  0.000000 1.84577E-18
 ru  44   0.449242 -1.310758 -0.130934 -0.083371 2.10215E-10
 rh  45  -0.119818 -1.179818  0.000007  0.047570 5.77330E-11
 pd  46   0.410998 -1.239002 -0.059177 -0.011614 2.02685E-10
 ag  47   0.020183 -1.179817  0.000007  0.047570 8.35365E-11
 cd  48   0.490466 -1.219534 -0.039710  0.007854 2.57084E-10
 in  49  -0.438855 -1.198855 -0.019031  0.028532 3.08998E-11
 sn  50   0.827752 -1.242248 -0.062423 -0.014860 5.90256E-10
 sb  51  -0.412344 -1.422344 -0.242520 -0.194957 3.48307E-11
 te  52   0.532804 -1.647196 -0.467371 -0.419808 3.21704E-10
  i  53   0.370181 -1.179819  0.000005  0.047569 2.20018E-10
 xe  54   1.023100 -1.216900 -0.037076  0.010487 1.02363E-09
 cs  55  -0.099817 -1.179817  0.000007  0.047570 7.80772E-11
 ba  56   0.999280 -1.180720 -0.000896  0.046667 1.01353E-09
 la  57  -0.010223 -1.180223 -0.000399  0.047164 1.00299E-10
 ce  58   0.398277 -1.181723 -0.001898  0.045665 2.59159E-10
 pr  59  -0.419817 -1.179817  0.000007  0.047570 3.96205E-11
 nd  60   0.245178 -1.204822 -0.024997  0.022566 1.87527E-10
 pm  61   0.000000 -9.000000  0.000000  0.000000 5.02490E-36
 sm  62  -0.369535 -1.309536 -0.129711 -0.082148 4.74676E-11
 eu  63  -0.669832 -1.179832 -0.000008  0.047555 2.40275E-11
 gd  64  -0.236950 -1.286950 -0.107126 -0.059562 6.73662E-11
 tb  65  -0.859832 -1.179832 -0.000007  0.047556 1.62241E-11
 dy  66  -0.050475 -1.180475 -0.000651  0.046912 1.06950E-10
 ho  67  -0.709816 -1.179816  0.000008  0.047571 2.37840E-11
 er  68  -0.267438 -1.187438 -0.007614  0.039949 6.67963E-11
 tm  69  -1.059816 -1.179816  0.000008  0.047571 1.08818E-11
 yb  70  -0.320848 -1.240848 -0.061023 -0.013460 6.11083E-11
 lu  71  -1.089872 -1.179872 -0.000048  0.047515 1.05168E-11
 hf  72  -0.470511 -1.180511 -0.000687  0.046876 4.46584E-11
 ta  73  -1.299872 -1.179872 -0.000048  0.047515 6.70629E-12
  w  74  -0.530346 -1.180346 -0.000522  0.047042 4.00770E-11
 re  75  -0.920937 -1.180937 -0.001112  0.046451 1.65143E-11
 os  76   0.170190 -1.179810  0.000014  0.047577 2.08099E-10
 ir  77   0.140182 -1.179818  0.000007  0.047570 1.96234E-10
 pt  78   0.407838 -1.212162 -0.032338  0.015225 3.68847E-10
 au  79  -0.379818 -1.179818  0.000006  0.047570 6.07262E-11
 hg  80  -0.041423 -1.211423 -0.031598  0.015965 1.34799E-10
 tl  81  -0.409821 -1.179821  0.000004  0.047567 5.88064E-11
 pb  82   0.860185 -1.179815  0.000009  0.047572 1.11013E-09
 bi  83  -0.529814 -1.179814  0.000011  0.047574 4.56134E-11
 po  84   0.000000 -9.000000  0.000000  0.000000 3.48411E-20
#[ls/Fe]_Bisterzo =   0.0000, [hs/Fe]_Bisterzo =  -0.0517
#[hs/ls]_Bisterzo =  -0.0517, [Pb/hs]_Bisterzo =   0.0517
#[ls/Fe]_Thiswork =  -0.0007, [hs/Fe]_Thiswork =  -0.0011
#[hs/ls]_Thiswork =  -0.0003, [Pb/hs]_Thiswork =   0.0011
# He/H =  8.7835E-02, C/O =  1.5060E-02, c12/c13 = 3.26967E+00
# N/O =  8.6817E-01, n14/n15 = 5.90518E+04
# o16/o17 = 9.06341E+02, o16/o18 = 6.14795E+05
# mg24/mg25 =  8.2502E+00, mg24/mg26 =  7.1342E+00
# al26/al27 =  2.8815E-02, mg+al =  2.2710E-06
#
#  TP   Mass     Mcore    Menv    log L
#  4 3.233690 0.835305 2.398390 4.192790
# El  Z   log e(X)   [X/H]    [X/Fe]     [X/O]      X(i)
  p   1  12.000000  0.000000  0.000000  0.000000 7.44850E-01
 he   2  10.944286  0.014286  1.194110  1.241673 2.60184E-01
 li   3   0.887441 -2.372559 -1.192735 -1.145172 3.95795E-11
 be   4  -7.026901 -8.326901  0.000000  0.000000 6.25933E-19
  b   5   0.000000 -2.790000  0.000000  0.000000 1.05264E-20
  c   6   6.907539 -1.562461 -0.382637 -0.335073 7.17343E-05
  n   7   7.441480 -0.428520  0.751305  0.798868 2.86044E-04
  o   8   7.504618 -1.225382 -0.045557  0.000000 3.77849E-04
  f   9   2.558349 -1.861651 -0.681827 -0.636270 5.07767E-09
 ne  10   6.804133 -1.165866  0.013958  0.059515 9.49867E-05
 na  11   5.315331 -0.924669  0.255155  0.300713 3.51138E-06
 mg  12   6.458566 -1.181434 -0.001610  0.043948 5.16262E-05
 al  13   5.298470 -1.151529  0.028295  0.073853 3.96418E-06
 si  14   6.370828 -1.179173  0.000652  0.046209 4.87445E-05
  p  15   4.232341 -1.177659  0.002166  0.047723 3.90793E-07
  s  16   5.980371 -1.169630  0.010195  0.055752 2.26470E-05
 cl  17   4.050744 -1.179256  0.000568  0.046125 2.94445E-07
 ar  18   5.260346 -1.179654  0.000170  0.045728 5.37588E-06
  k  19   3.899837 -1.180162 -0.000338  0.045219 2.29404E-07
 ca  20   5.110339 -1.179661  0.000163  0.045721 3.81815E-06
 sc  21   1.871059 -1.178941  0.000884  0.046441 2.46863E-09
 ti  22   3.730508 -1.179492  0.000332  0.045890 1.90175E-07
  v  23   2.779233 -1.180767 -0.000943  0.044615 2.26421E-08
 cr  24   4.441079 -1.198921 -0.019097  0.026461 1.06086E-06
 mn  25   4.300506 -1.179494  0.000330  0.045888 8.10938E-07
 fe  26   6.360350 -1.179650  0.000000  0.045732 9.46113E-05
 co  27   3.690921 -1.179079  0.000571  0.046303 2.13741E-07
 ni  28   5.020381 -1.179618  0.000031  0.045763 4.54544E-06
 cu  29   3.070955 -1.179045  0.000605  0.046337 5.52906E-08
 zn  30   3.450665 -1.179336  0.000314  0.046046 1.36430E-07
 ga  31   1.902411 -1.177589  0.002060  0.047792 4.11524E-09
 ge  32   2.368296 -1.211704 -0.032054  0.013678 1.25337E-08
 as  33   1.121736 -1.178264  0.001385  0.047117 7.32747E-10
 se  34   2.120965 -1.219035 -0.039385  0.006347 7.70869E-09
 br  35   1.361857 -1.178143  0.001507  0.047239 1.35842E-09
 kr  36   2.088566 -1.161434  0.018216  0.063948 7.59291E-09
 rb  37   1.349722 -1.170278  0.009372  0.055104 1.41297E-09
 sr  38   1.737712 -1.142288  0.037362  0.083094 3.53935E-09
  y  39   1.080389 -1.129611  0.050039  0.095771 7.90548E-10
 zr  40   1.419050 -1.110950  0.068700  0.114432 1.76916E-09
 nb  41   0.230518 -1.179482  0.000168  0.045900 1.16727E-10
 mo  42   0.693529 -1.246471 -0.066821 -0.021089 3.50056E-10
 tc  43  -1.555870 -9.000000  0.000000  0.000000 2.01356E-12
 ru  44   0.491466 -1.268534 -0.088885 -0.043153 2.31577E-10
 rh  45  -0.105339 -1.165339  0.014311  0.060043 5.96636E-11
 pd  46   0.465686 -1.184314 -0.004664  0.041068 2.29783E-10
 ag  47   0.032902 -1.167098  0.012552  0.058284 8.59811E-11
 cd  48   0.556967 -1.153033  0.026617  0.072349 2.99491E-10
 in  49  -0.396413 -1.156413  0.023237  0.068969 3.40569E-11
 sn  50   0.913754 -1.156245  0.023404  0.069136 7.19201E-10
 sb  51  -0.365208 -1.375208 -0.195558 -0.149826 3.88065E-11
 te  52   0.601157 -1.578843 -0.399193 -0.353461 3.76371E-10
  i  53   0.376991 -1.173009  0.006641  0.052373 2.23396E-10
 xe  54   1.052663 -1.187337 -0.007687  0.038045 1.09525E-09
 cs  55  -0.018593 -1.098593  0.081057  0.126789 9.40929E-11
 ba  56   1.183228 -0.996772  0.182878  0.228610 1.54736E-09
 la  57   0.182036 -0.987964  0.191686  0.237418 1.56087E-10
 ce  58   0.620152 -0.959849  0.219801  0.265533 4.31765E-10
 pr  59  -0.273702 -1.033702  0.145948  0.191680 5.54424E-11
 nd  60   0.439104 -1.010896  0.168754  0.214486 2.92953E-10
 pm  61   0.000000 -9.000000  0.000000  0.000000 7.22067E-30
 sm  62  -0.231566 -1.171566  0.008083  0.053815 6.51890E-11
 eu  63  -0.646252 -1.156252  0.023398  0.069130 2.53570E-11
 gd  64  -0.165271 -1.215271 -0.035621  0.010111 7.94197E-11
 tb  65  -0.825797 -1.145797  0.033853  0.079585 1.75390E-11
 dy  66   0.018170 -1.111830  0.067820  0.113552 1.25208E-10
 ho  67  -0.680713 -1.150713  0.028937  0.074669 2.54211E-11
 er  68  -0.196075 -1.116076  0.063574  0.109306 7.86906E-11
 tm  69  -1.005927 -1.125927  0.053723  0.099455 1.23140E-11
 yb  70  -0.158582 -1.078582  0.101068  0.146800 8.87510E-11
 lu  71  -0.974514 -1.064514  0.115136  0.160868 1.37104E-11
 hf  72  -0.274299 -0.984299  0.195351  0.241083 7.01331E-11
 ta  73  -1.144773 -1.024773  0.154877  0.200609 9.58053E-12
  w  74  -0.308409 -0.958409  0.221241  0.266973 6.67789E-11
 re  75  -0.848128 -1.108128  0.071522  0.117254 1.95198E-11
 os  76   0.216068 -1.133932  0.045718  0.091450 2.31183E-10
 ir  77   0.148537 -1.171463  0.008186  0.053918 1.99957E-10
 pt  78   0.435045 -1.184955 -0.005305  0.040427 3.92520E-10
 au  79  -0.353127 -1.153126  0.026523  0.072255 6.45469E-11
 hg  80   0.173030 -0.996970  0.182680  0.228412 2.20774E-10
 tl  81  -0.189853 -0.959853  0.219797  0.265529 9.75440E-11
 pb  82   1.676058 -0.363942  0.815708  0.861440 7.26199E-09
 bi  83  -0.024457 -0.674457  0.505193  0.550925 1.45968E-10
 po  84   0.843686 -9.000000  0.000000  0.000000 1.07756E-09
#[ls/Fe]_Bisterzo =   0.0594, [hs/Fe]_Bisterzo =   0.1228
#[hs/ls]_Bisterzo =   0.0635, [Pb/hs]_Bisterzo =   0.6929
#[ls/Fe]_Thiswork =   0.0520, [hs/Fe]_Thiswork =   0.1981
#[hs/ls]_Thiswork =   0.1461, [Pb/hs]_Thiswork =   0.6176
# He/H =  8.7960E-02, C/O =  2.5270E-01, c12/c13 = 7.07918E+01
# N/O =  8.6469E-01, n14/n15 = 5.52058E+04
# o16/o17 = 9.07495E+02, o16/o18 = 1.99337E+05
# mg24/mg25 =  8.2445E+00, mg24/mg26 =  7.1298E+00
# al26/al27 =  2.8454E-02, mg+al =  2.2710E-06
#
#  TP   Mass     Mcore    Menv    log L
#  5 3.233690 0.836053 2.397630 4.215220
# El  Z   log e(X)   [X/H]    [X/Fe]     [X/O]      X(i)
  p   1  12.000000  0.000000  0.000000  0.000000 7.44318E-01
 he   2  10.945198  0.015198  1.194848  1.240580 2.60545E-01
 li   3   0.056021 -3.203979 -2.024329 -1.978597 5.83097E-12
 be   4  -6.683908 -7.983909  0.000000  0.000000 1.37788E-18
  b   5   0.000000 -2.790000  0.000000  0.000000 6.75376E-21
  c   6   7.384336 -1.085665  0.093985  0.139717 2.14888E-04
  n   7   7.442134 -0.427866  0.751784  0.797516 2.86271E-04
  o   8   7.511067 -1.218932 -0.039282  0.000000 3.83229E-04
  f   9   3.046189 -1.373811 -0.194161 -0.154879 1.56026E-08
 ne  10   6.875425 -1.094575  0.085075  0.124357 1.11852E-04
 na  11   5.323781 -0.916219  0.263431  0.302713 3.57782E-06
 mg  12   6.460031 -1.179969 -0.000319  0.038963 5.17637E-05
 al  13   5.300272 -1.149728  0.029922  0.069204 3.97781E-06
 si  14   6.371695 -1.178306  0.001344  0.040627 4.88070E-05
  p  15   4.238582 -1.171418  0.008232  0.047514 3.96166E-07
  s  16   5.980694 -1.169306  0.010344  0.049626 2.26477E-05
 cl  17   4.051835 -1.178165  0.001484  0.040767 2.94975E-07
 ar  18   5.260591 -1.179410  0.000240  0.039523 5.37506E-06
  k  19   3.900290 -1.179710 -0.000061  0.039222 2.29478E-07
 ca  20   5.110558 -1.179442  0.000207  0.039490 3.81735E-06
 sc  21   1.873223 -1.176777  0.002873  0.042156 2.47919E-09
 ti  22   3.731218 -1.178782  0.000868  0.040151 1.90350E-07
  v  23   2.779493 -1.180507 -0.000857  0.038425 2.26395E-08
 cr  24   4.441367 -1.198633 -0.018983  0.020299 1.06080E-06
 mn  25   4.300885 -1.179115  0.000535  0.039817 8.11065E-07
 fe  26   6.360603 -1.179397  0.000000  0.039535 9.45987E-05
 co  27   3.694277 -1.175723  0.003674  0.043209 2.15245E-07
 ni  28   5.020786 -1.179214  0.000183  0.039718 4.54642E-06
 cu  29   3.073815 -1.176185  0.003212  0.042747 5.56163E-08
 zn  30   3.452100 -1.177900  0.001497  0.041032 1.36784E-07
 ga  31   1.909923 -1.170077  0.009320  0.048855 4.18405E-09
 ge  32   2.376844 -1.203156 -0.023758  0.015777 1.27737E-08
 as  33   1.127239 -1.172761  0.006636  0.046171 7.41560E-10
 se  34   2.137394 -1.202606 -0.023209  0.016326 8.00016E-09
 br  35   1.367806 -1.172194  0.007204  0.046739 1.37617E-09
 kr  36   2.156940 -1.093060  0.086338  0.125873 8.88121E-09
 rb  37   1.390366 -1.129634  0.049763  0.089298 1.55048E-09
 sr  38   1.841399 -1.038601  0.140796  0.180331 4.49056E-09
  y  39   1.206644 -1.003356  0.176041  0.215576 1.05651E-09
 zr  40   1.575541 -0.954459  0.224938  0.264473 2.53482E-09
 nb  41   0.231796 -1.178204  0.001193  0.040728 1.16987E-10
 mo  42   0.815645 -1.124355  0.055042  0.094577 4.63387E-10
 tc  43  -1.006763 -9.000000  0.000000  0.000000 7.12461E-12
 ru  44   0.583174 -1.176826  0.002571  0.042106 2.85821E-10
 rh  45  -0.070873 -1.130873  0.048524  0.088059 6.45454E-11
 pd  46   0.581309 -1.068691  0.110706  0.150241 2.99661E-10
 ag  47   0.064234 -1.135766  0.043631  0.083166 9.23474E-11
 cd  48   0.696764 -1.013236  0.166161  0.205696 4.12925E-10
 in  49  -0.298540 -1.058540  0.120857  0.160392 4.26352E-11
 sn  50   1.091213 -0.978787  0.200610  0.240145 1.08143E-09
 sb  51  -0.255007 -1.265007 -0.085610 -0.046075 4.99799E-11
 te  52   0.747683 -1.432317 -0.252920 -0.213385 5.27025E-10
  i  53   0.394930 -1.155070  0.024327  0.063862 2.32650E-10
 xe  54   1.124484 -1.115516  0.063881  0.103416 1.29129E-09
 cs  55   0.151872 -0.928128  0.251269  0.290804 1.39223E-10
 ba  56   1.472915 -0.707085  0.472312  0.511847 3.01279E-09
 la  57   0.478668 -0.691332  0.488065  0.527600 3.08807E-10
 ce  58   0.941809 -0.638191  0.541206  0.580741 9.04887E-10
 pr  59  -0.018965 -0.778965  0.400432  0.439967 9.96023E-11
 nd  60   0.735547 -0.714453  0.464944  0.504479 5.79336E-10
 pm  61   0.000000 -9.000000  0.000000  0.000000 3.67269E-30
 sm  62   0.004248 -0.935752  0.243645  0.283180 1.12119E-10
 eu  63  -0.588926 -1.098926  0.080471  0.120006 2.89143E-11
 gd  64  -0.018832 -1.068832  0.110565  0.150100 1.11188E-10
 tb  65  -0.747109 -1.067109  0.112288  0.151823 2.10078E-11
 dy  66   0.160907 -0.969093  0.210304  0.249839 1.73803E-10
 ho  67  -0.610723 -1.080724  0.098674  0.138209 2.98452E-11
 er  68  -0.043821 -0.963821  0.215576  0.255111 1.11652E-10
 tm  69  -0.886284 -1.006284  0.173113  0.212648 1.62081E-11
 yb  70   0.113852 -0.806148  0.373249  0.412784 1.66072E-10
 lu  71  -0.756819 -0.846819  0.332578  0.372113 2.26170E-11
 hf  72   0.022392 -0.687608  0.491789  0.531324 1.38773E-10
 ta  73  -0.888433 -0.768432  0.410965  0.450500 1.72750E-11
  w  74   0.006416 -0.643584  0.535813  0.575348 1.37770E-10
 re  75  -0.697402 -0.957402  0.221995  0.261530 2.75989E-11
 os  76   0.323722 -1.026278  0.153119  0.192654 2.96005E-10
 ir  77   0.172213 -1.147787  0.031610  0.071145 2.11010E-10
 pt  78   0.507467 -1.112533  0.066864  0.106399 4.63419E-10
 au  79  -0.283219 -1.083219  0.096178  0.135713 7.57656E-11
 hg  80   0.491207 -0.678793  0.500604  0.540139 4.59001E-10
 tl  81   0.179210 -0.590790  0.588607  0.628142 2.28009E-10
 pb  82   2.227908  0.187908  1.367305  1.406840 2.58581E-08
 bi  83   0.504664 -0.145336  1.034062  1.073597 4.93250E-10
 po  84   1.352540 -9.000000  0.000000  0.000000 3.47523E-09
#[ls/Fe]_Bisterzo =   0.2005, [hs/Fe]_Bisterzo =   0.3989
#[hs/ls]_Bisterzo =   0.1984, [Pb/hs]_Bisterzo =   0.9684
#[ls/Fe]_Thiswork =   0.1806, [hs/Fe]_Thiswork =   0.5005
#[hs/ls]_Thiswork =   0.3199, [Pb/hs]_Thiswork =   0.8668
# He/H =  8.8145E-02, C/O =  7.4648E-01, c12/c13 = 2.12676E+02
# N/O =  8.5323E-01, n14/n15 = 5.34706E+04
# o16/o17 = 9.19008E+02, o16/o18 = 1.07139E+05
# mg24/mg25 =  8.1804E+00, mg24/mg26 =  7.0975E+00
# al26/al27 =  2.8047E-02, mg+al =  2.2772E-06
#
#  TP   Mass     Mcore    Menv    log L
#  6 3.233680 0.836610 2.397070 4.235390
# El  Z   log e(X)   [X/H]    [X/Fe]     [X/O]      X(i)
  p   1  12.000000  0.000000  0.000000  0.000000 7.43602E-01
 he   2  10.946384  0.016384  1.195781  1.235316 2.61006E-01
 li   3  -3.599527 -6.859528 -5.680130 -5.640595 1.28758E-15
 be   4  -5.455881 -6.755881  0.000000  0.000000 2.32713E-17
  b   5   0.000000 -2.790000  0.000000  0.000000 1.12854E-21
  c   6   7.676423 -0.793578  0.385819  0.425354 4.20612E-04
  n   7   7.443050 -0.426950  0.752447  0.791982 2.86599E-04
  o   8   7.522073 -1.207926 -0.028529  0.000000 3.92686E-04
  f   9   3.377997 -1.042003  0.137394  0.165924 3.34645E-08
 ne  10   6.981316 -0.988684  0.190713  0.219242 1.42599E-04
 na  11   5.346430 -0.893569  0.285828  0.314357 3.76573E-06
 mg  12   6.464874 -1.175126  0.004272  0.032801 5.22938E-05
 al  13   5.302020 -1.147980  0.031417  0.059946 3.99001E-06
 si  14   6.372968 -1.177032  0.002365  0.030894 4.89033E-05
  p  15   4.248402 -1.161598  0.017799  0.046329 4.04836E-07
  s  16   5.981128 -1.168872  0.010525  0.039054 2.26485E-05
 cl  17   4.053350 -1.176650  0.002748  0.031277 2.95722E-07
 ar  18   5.260902 -1.179098  0.000299  0.028829 5.37375E-06
  k  19   3.900967 -1.179033  0.000364  0.028893 2.29616E-07
 ca  20   5.110821 -1.179179  0.000218  0.028748 3.81599E-06
 sc  21   1.876849 -1.173151  0.006246  0.034775 2.49756E-09
 ti  22   3.732264 -1.177736  0.001661  0.030190 1.90625E-07
  v  23   2.779908 -1.180092 -0.000695  0.027834 2.26393E-08
 cr  24   4.441746 -1.198254 -0.018857  0.009672 1.06071E-06
 mn  25   4.301261 -1.178739  0.000658  0.029187 8.10986E-07
 fe  26   6.360919 -1.179081  0.000000  0.028845 9.45765E-05
 co  27   3.701148 -1.168852  0.010229  0.039074 2.18467E-07
 ni  28   5.021524 -1.178476  0.000605  0.029450 4.54978E-06
 cu  29   3.080678 -1.169322  0.009759  0.038604 5.64477E-08
 zn  30   3.454833 -1.175167  0.003914  0.032759 1.37515E-07
 ga  31   1.923677 -1.156322  0.022758  0.051604 4.31453E-09
 ge  32   2.391794 -1.188206 -0.009125  0.019721 1.32084E-08
 as  33   1.136884 -1.163116  0.015965  0.044810 7.57484E-10
 se  34   2.164804 -1.175196  0.003885  0.032730 8.51316E-09
 br  35   1.378133 -1.161867  0.017214  0.046059 1.40793E-09
 kr  36   2.268292 -0.981708  0.197373  0.226219 1.14658E-08
 rb  37   1.468767 -1.051233  0.127848  0.156693 1.85546E-09
 sr  38   1.965824 -0.914176  0.264905  0.293750 5.97458E-09
  y  39   1.354012 -0.855989  0.323092  0.351938 1.48191E-09
 zr  40   1.748855 -0.781145  0.397936  0.426781 3.77436E-09
 nb  41   0.234859 -1.175141  0.003940  0.032786 1.17702E-10
 mo  42   0.957353 -0.982647  0.196434  0.225279 6.41553E-10
 tc  43  -0.695857 -9.000000  0.000000  0.000000 1.45629E-11
 ru  44   0.685708 -1.074292  0.104789  0.133634 3.61585E-10
 rh  45  -0.028129 -1.088129  0.090952  0.119798 7.11528E-11
 pd  46   0.701751 -0.948249  0.230832  0.259677 3.95052E-10
 ag  47   0.104302 -1.095698  0.083383  0.112229 1.01175E-10
 cd  48   0.842122 -0.867878  0.311203  0.340048 5.76515E-10
 in  49  -0.185869 -0.945869  0.233212  0.262057 5.52104E-11
 sn  50   1.272084 -0.797916  0.381165  0.410011 1.63852E-09
 sb  51  -0.124342 -1.134342  0.044739  0.073584 6.74594E-11
 te  52   0.908397 -1.271603 -0.092522 -0.063677 7.62303E-10
  i  53   0.421430 -1.128570  0.050511  0.079356 2.47050E-10
 xe  54   1.218155 -1.021845  0.157236  0.186081 1.60057E-09
 cs  55   0.331387 -0.748613  0.430467  0.459313 2.10285E-10
 ba  56   1.723947 -0.456053  0.723027  0.751873 5.36516E-09
 la  57   0.734919 -0.435081  0.744000  0.772845 5.56569E-10
 ce  58   1.213159 -0.366841  0.812240  0.841085 1.68860E-09
 pr  59   0.221012 -0.538988  0.640093  0.668938 1.72913E-10
 nd  60   0.990278 -0.459722  0.719359  0.748204 1.04050E-09
 pm  61   0.000000 -9.000000  0.000000  0.000000 1.72679E-31
 sm  62   0.230925 -0.709075  0.470006  0.498851 1.88772E-10
 eu  63  -0.507547 -1.017547  0.161534  0.190379 3.48396E-11
 gd  64   0.150213 -0.899787  0.279294  0.308140 1.63939E-10
 tb  65  -0.641850 -0.961850  0.217230  0.246076 2.67437E-11
 dy  66   0.323288 -0.806712  0.372369  0.401214 2.52360E-10
 ho  67  -0.517712 -0.987712  0.191369  0.220215 3.69376E-11
 er  68   0.126170 -0.793830  0.385251  0.414096 1.64983E-10
 tm  69  -0.744324 -0.864324  0.314757  0.343603 2.24529E-11
 yb  70   0.362404 -0.557596  0.621485  0.650330 2.94056E-10
 lu  71  -0.535275 -0.625275  0.553805  0.582651 3.76322E-11
 hf  72   0.284117 -0.425883  0.753198  0.782043 2.53286E-10
 ta  73  -0.648934 -0.528934  0.650147  0.678992 2.99570E-11
  w  74   0.266309 -0.383691  0.795390  0.824235 2.50397E-10
 re  75  -0.531984 -0.791984  0.387097  0.415942 4.03545E-11
 os  76   0.453029 -0.896971  0.282110  0.310955 3.98279E-10
 ir  77   0.208139 -1.111861  0.067220  0.096066 2.28987E-10
 pt  78   0.608825 -1.011175  0.167906  0.196751 5.84673E-10
 au  79  -0.181870 -0.981870  0.197210  0.226056 9.55879E-11
 hg  80   0.760477 -0.409523  0.769558  0.798403 8.52445E-10
 tl  81   0.491100 -0.278900  0.900181  0.929027 4.67116E-10
 pb  82   2.538511  0.498511  1.677592  1.706438 5.28178E-08
 bi  83   0.848710  0.198710  1.377791  1.406636 1.08816E-09
 po  84   1.613519 -9.000000  0.000000  0.000000 6.33205E-09
#[ls/Fe]_Bisterzo =   0.3605, [hs/Fe]_Bisterzo =   0.6445
#[hs/ls]_Bisterzo =   0.2839, [Pb/hs]_Bisterzo =   1.0331
#[ls/Fe]_Thiswork =   0.3286, [hs/Fe]_Thiswork =   0.7598
#[hs/ls]_Thiswork =   0.4311, [Pb/hs]_Thiswork =   0.9178
# He/H =  8.8386E-02, C/O =  1.4263E+00, c12/c13 = 4.07454E+02
# N/O =  8.3364E-01, n14/n15 = 5.22942E+04
# o16/o17 = 9.40776E+02, o16/o18 = 7.16805E+04
# mg24/mg25 =  7.9209E+00, mg24/mg26 =  6.9896E+00
# al26/al27 =  2.7613E-02, mg+al =  2.2994E-06
#
#  TP   Mass     Mcore    Menv    log L
#  7 3.233660 0.837047 2.396610 4.253030
# El  Z   log e(X)   [X/H]    [X/Fe]     [X/O]      X(i)
  p   1  12.000000  0.000000  0.000000  0.000000 7.42710E-01
 he   2  10.947852  0.017852  1.196933  1.225778 2.61575E-01
 li   3  -3.588250 -6.848250 -5.669169 -5.640324 1.31987E-15
 be   4  -4.163773 -5.463773  0.000000  0.000000 4.55414E-16
  b   5   0.000000 -2.790000  0.000000  0.000000 2.06297E-21
  c   6   7.883610 -0.586390  0.592690  0.621536 6.76936E-04
  n   7   7.444027 -0.425973  0.753108  0.781953 2.86900E-04
  o   8   7.536247 -1.193753 -0.014672  0.000000 4.05227E-04
  f   9   3.618384 -0.801616  0.377465  0.392137 5.81368E-08
 ne  10   7.092472 -0.877528  0.301553  0.316225 1.83972E-04
 na  11   5.382999 -0.857000  0.322081  0.336752 4.09164E-06
 mg  12   6.474737 -1.165263  0.013818  0.028490 5.34307E-05
 al  13   5.304249 -1.145751  0.033330  0.048002 4.00573E-06
 si  14   6.374658 -1.175342  0.003739  0.018411 4.90351E-05
  p  15   4.261101 -1.148899  0.030182  0.044854 4.16349E-07
  s  16   5.981663 -1.168337  0.010744  0.025415 2.26492E-05
 cl  17   4.055173 -1.174827  0.004254  0.018926 2.96609E-07
 ar  18   5.261277 -1.178723  0.000358  0.015029 5.37194E-06
  k  19   3.901885 -1.178115  0.000966  0.015638 2.29826E-07
 ca  20   5.111122 -1.178878  0.000203  0.014875 3.81406E-06
 sc  21   1.882273 -1.167727  0.011354  0.026026 2.52591E-09
 ti  22   3.733532 -1.176468  0.002613  0.017285 1.90953E-07
  v  23   2.780444 -1.179556 -0.000475  0.014197 2.26401E-08
 cr  24   4.442208 -1.197792 -0.018711 -0.004039 1.06056E-06
 mn  25   4.301590 -1.178410  0.000671  0.015343 8.10629E-07
 fe  26   6.361292 -1.178708  0.000000  0.015045 9.45443E-05
 co  27   3.712608 -1.157392  0.021316  0.036361 2.24040E-07
 ni  28   5.022713 -1.177287  0.001421  0.016466 4.55678E-06
 cu  29   3.093906 -1.156094  0.022614  0.037659 5.81237E-08
 zn  30   3.458933 -1.171067  0.007640  0.022686 1.38653E-07
 ga  31   1.943532 -1.136468  0.042240  0.057285 4.51094E-09
 ge  32   2.412045 -1.167955  0.010752  0.025797 1.38223E-08
 as  33   1.149755 -1.150244  0.028463  0.043508 7.79334E-10
 se  34   2.200090 -1.139910  0.038798  0.053843 9.22267E-09
 br  35   1.392412 -1.147588  0.031120  0.046165 1.45325E-09
 kr  36   2.397672 -0.852328  0.326379  0.341424 1.54264E-08
 rb  37   1.579852 -0.940148  0.238560  0.253605 2.39340E-09
 sr  38   2.084253 -0.795747  0.382961  0.398006 7.83818E-09
  y  39   1.489919 -0.720081  0.458626  0.473671 2.02399E-09
 zr  40   1.905427 -0.624573  0.554135  0.569180 5.40624E-09
 nb  41   0.240630 -1.169370  0.009338  0.024383 1.19133E-10
 mo  42   1.092764 -0.847236  0.331471  0.346517 8.75229E-10
 tc  43  -0.481474 -9.000000  0.000000  0.000000 2.38293E-11
 ru  44   0.781368 -0.978632  0.200076  0.215121 4.50142E-10
 rh  45   0.014284 -1.045716  0.132992  0.148037 7.83580E-11
 pd  46   0.797373 -0.852627  0.326080  0.341126 4.91762E-10
 ag  47   0.140878 -1.059122  0.119585  0.134630 1.09933E-10
 cd  48   0.957005 -0.752995  0.425712  0.440757 7.50191E-10
 in  49  -0.087369 -0.847369  0.331339  0.346384 6.91831E-11
 sn  50   1.421617 -0.648383  0.530324  0.545369 2.30921E-09
 sb  51  -0.003251 -1.013251  0.165457  0.180502 8.90456E-11
 te  52   1.050132 -1.129868  0.048839  0.063884 1.05522E-09
  i  53   0.452401 -1.097599  0.081109  0.096154 2.64994E-10
 xe  54   1.316857 -0.923143  0.255565  0.270610 2.00659E-09
 cs  55   0.488963 -0.591037  0.587671  0.602716 3.01900E-10
 ba  56   1.915392 -0.264608  0.914099  0.929145 8.32735E-09
 la  57   0.928403 -0.241597  0.937111  0.952156 8.67925E-10
 ce  58   1.418716 -0.161284  1.017424  1.032469 2.70747E-09
 pr  59   0.410209 -0.349791  0.828916  0.843961 2.66995E-10
 nd  60   1.179268 -0.270732  0.907975  0.923021 1.60588E-09
 pm  61   0.000000 -9.000000  0.000000  0.000000 1.16999E-30
 sm  62   0.409344 -0.530656  0.648051  0.663096 2.84338E-10
 eu  63  -0.421705 -0.931705  0.247002  0.262048 4.24028E-11
 gd  64   0.301713 -0.748287  0.430421  0.445466 2.32093E-10
 tb  65  -0.534679 -0.854679  0.324028  0.339073 3.41878E-11
 dy  66   0.470963 -0.659037  0.519670  0.534715 3.54140E-10
 ho  67  -0.420823 -0.890823  0.287884  0.302930 4.61142E-11
 er  68   0.278883 -0.641117  0.537591  0.552636 2.34224E-10
 tm  69  -0.611413 -0.731413  0.447295  0.462340 3.04553E-11
 yb  70   0.553835 -0.366165  0.812542  0.827588 4.56394E-10
 lu  71  -0.357014 -0.447014  0.731694  0.746739 5.66633E-11
 hf  72   0.484229 -0.225771  0.952937  0.967982 4.01053E-10
 ta  73  -0.457438 -0.337438  0.841269  0.856314 4.65023E-11
  w  74   0.464658 -0.185342  0.993365  1.008411 3.94872E-10
 re  75  -0.383249 -0.643249  0.535458  0.550503 5.67683E-11
 os  76   0.572753 -0.777247  0.401461  0.416506 5.24072E-10
 ir  77   0.247746 -1.072254  0.106454  0.121499 2.50551E-10
 pt  78   0.707619 -0.912381  0.266326  0.281371 7.33138E-10
 au  79  -0.079880 -0.879880  0.298828  0.313873 1.20746E-10
 hg  80   0.965707 -0.204293  0.974414  0.989460 1.36576E-09
 tl  81   0.725741 -0.044259  1.134449  1.149494 8.00838E-10
 pb  82   2.734604  0.694604  1.873312  1.888357 8.28615E-08
 bi  83   1.087708  0.437708  1.616415  1.631460 1.88439E-09
 po  84   1.768806 -9.000000  0.000000  0.000000 9.04297E-09
#[ls/Fe]_Bisterzo =   0.5064, [hs/Fe]_Bisterzo =   0.8310
#[hs/ls]_Bisterzo =   0.3247, [Pb/hs]_Bisterzo =   1.0423
#[ls/Fe]_Thiswork =   0.4652, [hs/Fe]_Thiswork =   0.9562
#[hs/ls]_Thiswork =   0.4910, [Pb/hs]_Thiswork =   0.9171
# He/H =  8.8685E-02, C/O =  2.2248E+00, c12/c13 = 6.04998E+02
# N/O =  8.0869E-01, n14/n15 = 5.04699E+04
# o16/o17 = 9.69871E+02, o16/o18 = 5.48848E+04
# mg24/mg25 =  7.3246E+00, mg24/mg26 =  6.7097E+00
# al26/al27 =  2.7117E-02, mg+al =  2.3468E-06
#
#  TP   Mass     Mcore    Menv    log L
#  8 3.233630 0.837481 2.396150 4.267320
# El  Z   log e(X)   [X/H]    [X/Fe]     [X/O]      X(i)
  p   1  12.000000  0.000000  0.000000  0.000000 7.41720E-01
 he   2  10.949500  0.019500  1.198207  1.213253 2.62220E-01
 li   3  -3.086505 -6.346505 -5.167798 -5.152752 4.18501E-15
 be   4  -2.905378 -4.205379  0.000000  0.000000 8.24561E-15
  b   5   0.000000 -2.790000  0.000000  0.000000 8.53456E-21
  c   6   8.032439 -0.437561  0.741147  0.756192 9.52353E-04
  n   7   7.444828 -0.425172  0.753535  0.768580 2.87046E-04
  o   8   7.550531 -1.179469 -0.000761  0.000000 4.18219E-04
  f   9   3.792609 -0.627391  0.551317  0.552078 8.67155E-08
 ne  10   7.185448 -0.784552  0.394156  0.394917 2.27588E-04
 na  11   5.423885 -0.816114  0.362593  0.363354 4.48956E-06
 mg  12   6.488799 -1.151201  0.027507  0.028268 5.51155E-05
 al  13   5.307515 -1.142485  0.036223  0.036984 4.03059E-06
 si  14   6.376643 -1.173357  0.005351  0.006112 4.91940E-05
  p  15   4.275631 -1.134368  0.044339  0.045100 4.29940E-07
  s  16   5.982255 -1.167745  0.010963  0.011724 2.26499E-05
 cl  17   4.057098 -1.172902  0.005806  0.006567 2.97530E-07
 ar  18   5.261683 -1.178318  0.000390  0.001151 5.36979E-06
  k  19   3.902977 -1.177023  0.001685  0.002446 2.30097E-07
 ca  20   5.111433 -1.178567  0.000140  0.000901 3.81169E-06
 sc  21   1.889154 -1.160846  0.017862  0.018623 2.56284E-09
 ti  22   3.734811 -1.175189  0.003519  0.004280 1.91261E-07
  v  23   2.781005 -1.178995 -0.000288  0.000473 2.26392E-08
 cr  24   4.442706 -1.197294 -0.018587 -0.017826 1.06036E-06
 mn  25   4.301843 -1.178157  0.000550  0.001311 8.10019E-07
 fe  26   6.361692 -1.178308  0.000000  0.001161 9.45053E-05
 co  27   3.728292 -1.141708  0.036599  0.037760 2.31969E-07
 ni  28   5.024312 -1.175688  0.002620  0.003781 4.56749E-06
 cu  29   3.113111 -1.136889  0.041419  0.042580 6.06707E-08
 zn  30   3.464272 -1.165729  0.012579  0.013740 1.40181E-07
 ga  31   1.968424 -1.111576  0.066731  0.067893 4.77067E-09
 ge  32   2.436168 -1.143832  0.034475  0.035636 1.45923E-08
 as  33   1.164665 -1.135335  0.042973  0.044134 8.05479E-10
 se  34   2.238216 -1.101784  0.076524  0.077685 1.00555E-08
 br  35   1.409018 -1.130982  0.047325  0.048486 1.50787E-09
 kr  36   2.512299 -0.737701  0.440606  0.441767 2.00591E-08
 rb  37   1.692856 -0.827144  0.351163  0.352324 3.10055E-09
 sr  38   2.182224 -0.697776  0.480532  0.481693 9.80860E-09
  y  39   1.599174 -0.610826  0.567482  0.568643 2.59947E-09
 zr  40   2.031509 -0.498491  0.679817  0.680978 7.21769E-09
 nb  41   0.249231 -1.160769  0.017539  0.018700 1.21354E-10
 mo  42   1.209078 -0.730922  0.447385  0.448546 1.14250E-09
 tc  43  -0.323023 -9.000000  0.000000  0.000000 3.42754E-11
 ru  44   0.868385 -0.891615  0.286693  0.287854 5.49272E-10
 rh  45   0.055573 -1.004427  0.173880  0.175041 8.60584E-11
 pd  46   0.873038 -0.776962  0.401346  0.402507 5.84576E-10
 ag  47   0.171045 -1.028955  0.149353  0.150514 1.17684E-10
 cd  48   1.036286 -0.673714  0.504594  0.505755 8.99237E-10
 in  49  -0.015994 -0.775994  0.402313  0.403475 8.14320E-11
 sn  50   1.533903 -0.536097  0.642211  0.643372 2.98655E-09
 sb  51   0.095363 -0.914637  0.263670  0.264831 1.11595E-10
 te  52   1.162035 -1.017965  0.160342  0.161504 1.36353E-09
  i  53   0.482924 -1.067076  0.111231  0.112392 2.83908E-10
 xe  54   1.407952 -0.832048  0.346260  0.347421 2.47157E-09
 cs  55   0.615999 -0.464001  0.714307  0.715468 4.03943E-10
 ba  56   2.056905 -0.123095  1.055212  1.056373 1.15197E-08
 la  57   1.069212 -0.100788  1.077520  1.078681 1.19870E-09
 ce  58   1.570666 -0.009334  1.168974  1.170135 3.83648E-09
 pr  59   0.551510 -0.208490  0.969817  0.970978 3.69169E-10
 nd  60   1.315165 -0.134835  1.043472  1.044633 2.19296E-09
 pm  61   0.000000 -9.000000  0.000000  0.000000 1.22835E-29
 sm  62   0.542479 -0.397521  0.780786  0.781947 3.85825E-10
 eu  63  -0.345284 -0.855284  0.323023  0.324184 5.04936E-11
 gd  64   0.421266 -0.628734  0.549573  0.550734 3.05236E-10
 tb  65  -0.442745 -0.762745  0.415562  0.416723 4.21916E-11
 dy  66   0.588410 -0.541590  0.636718  0.637879 4.63493E-10
 ho  67  -0.335813 -0.805813  0.372495  0.373656 5.60102E-11
 er  68   0.401167 -0.518833  0.659474  0.660636 3.09982E-10
 tm  69  -0.501395 -0.621395  0.556912  0.558073 3.91833E-11
 yb  70   0.697177 -0.222823  0.955484  0.956646 6.34019E-10
 lu  71  -0.221034 -0.311034  0.867273  0.868435 7.73930E-11
 hf  72   0.630124 -0.079876  1.098432  1.099593 5.60424E-10
 ta  73  -0.315813 -0.195813  0.982494  0.983656 6.43458E-11
  w  74   0.610028 -0.039972  1.138336  1.139497 5.51122E-10
 re  75  -0.263042 -0.523042  0.655265  0.656426 7.47710E-11
 os  76   0.673744 -0.676256  0.502052  0.503213 6.60393E-10
 ir  77   0.286860 -1.033140  0.145168  0.146329 2.73799E-10
 pt  78   0.791650 -0.828350  0.349957  0.351118 8.88460E-10
 au  79   0.005320 -0.794680  0.383627  0.384788 1.46721E-10
 hg  80   1.112728 -0.057272  1.121036  1.122197 1.91345E-09
 tl  81   0.892090  0.122090  1.300397  1.301558 1.17304E-09
 pb  82   2.857015  0.817015  1.995322  1.996483 1.09694E-07
 bi  83   1.247210  0.597210  1.775517  1.776678 2.71703E-09
 po  84   1.864947 -9.000000  0.000000  0.000000 1.12687E-08
#[ls/Fe]_Bisterzo =   0.6236, [hs/Fe]_Bisterzo =   0.9673
#[hs/ls]_Bisterzo =   0.3436, [Pb/hs]_Bisterzo =   1.0281
#[ls/Fe]_Thiswork =   0.5759, [hs/Fe]_Thiswork =   1.1006
#[hs/ls]_Thiswork =   0.5246, [Pb/hs]_Thiswork =   0.8948
# He/H =  8.9023E-02, C/O =  3.0329E+00, c12/c13 = 7.47334E+02
# N/O =  7.8396E-01, n14/n15 = 4.92146E+04
# o16/o17 = 1.00028E+03, o16/o18 = 4.61308E+04
# mg24/mg25 =  6.5259E+00, mg24/mg26 =  6.2217E+00
# al26/al27 =  2.6550E-02, mg+al =  2.4170E-06
#
#  TP   Mass     Mcore    Menv    log L
#  9 3.233560 0.837879 2.395680 4.279930
# El  Z   log e(X)   [X/H]    [X/Fe]     [X/O]      X(i)
  p   1  12.000000  0.000000  0.000000  0.000000 7.40606E-01
 he   2  10.951370  0.021370  1.199677  1.200839 2.62956E-01
 li   3  -2.239439 -5.499439 -4.321132 -4.319971 2.93839E-14
 be   4  -1.713605 -3.013605  0.000000  0.000000 1.28039E-13
  b   5   0.000000 -2.790000  0.000000  0.000000 6.36871E-23
  c   6   8.153784 -0.316216  0.862091  0.863252 1.25745E-03
  n   7   7.445471 -0.424529  0.753779  0.754940 2.87041E-04
  o   8   7.564670 -1.165330  0.012978  0.000000 4.31409E-04
  f   9   3.943094 -0.476906  0.701402  0.688424 1.22442E-07
 ne  10   7.263747 -0.706253  0.472054  0.459077 2.72141E-04
 na  11   5.465260 -0.774740  0.403568  0.390590 4.93089E-06
 mg  12   6.506438 -1.133562  0.044745  0.031768 5.73140E-05
 al  13   5.312348 -1.137651  0.040656  0.027678 4.06958E-06
 si  14   6.378980 -1.171021  0.007287 -0.005691 4.93852E-05
  p  15   4.292941 -1.117059  0.061249  0.048271 4.46751E-07
  s  16   5.982926 -1.167074  0.011233 -0.001744 2.26508E-05
 cl  17   4.059203 -1.170797  0.007510 -0.005467 2.98526E-07
 ar  18   5.262129 -1.177871  0.000436 -0.012541 5.36724E-06
  k  19   3.904279 -1.175721  0.002586 -0.010391 2.30441E-07
 ca  20   5.111759 -1.178241  0.000066 -0.012911 3.80883E-06
 sc  21   1.897590 -1.152410  0.025897  0.012920 2.60918E-09
 ti  22   3.736122 -1.173878  0.004430 -0.008548 1.91551E-07
  v  23   2.781592 -1.178408 -0.000100 -0.013078 2.26358E-08
 cr  24   4.443245 -1.196755 -0.018447 -0.031425 1.06009E-06
 mn  25   4.302046 -1.177954  0.000354 -0.012624 8.09182E-07
 fe  26   6.362126 -1.177874  0.000000 -0.012544 9.44577E-05
 co  27   3.748416 -1.121584  0.056290  0.043746 2.42606E-07
 ni  28   5.026400 -1.173600  0.004273 -0.008270 4.58261E-06
 cu  29   3.138144 -1.111856  0.066017  0.053473 6.41739E-08
 zn  30   3.471028 -1.158972  0.018902  0.006358 1.42165E-07
 ga  31   1.998570 -1.081429  0.096444  0.083900 5.10591E-09
 ge  32   2.464764 -1.115236  0.062637  0.050094 1.55620E-08
 as  33   1.182170 -1.117830  0.060044  0.047500 8.37349E-10
 se  34   2.278913 -1.061086  0.116787  0.104244 1.10268E-08
 br  35   1.427975 -1.112025  0.065848  0.053305 1.57279E-09
 kr  36   2.611364 -0.638636  0.539238  0.526694 2.51608E-08
 rb  37   1.797282 -0.722718  0.455156  0.442612 3.93743E-09
 sr  38   2.267970 -0.612030  0.565844  0.553300 1.19316E-08
  y  39   1.692958 -0.517042  0.660831  0.648288 3.22119E-09
 zr  40   2.139437 -0.390563  0.787310  0.774767 9.24001E-09
 nb  41   0.261082 -1.148918  0.028955  0.016412 1.24524E-10
 mo  42   1.314240 -0.625760  0.552114  0.539570 1.45334E-09
 tc  43  -0.190155 -9.000000  0.000000  0.000000 4.64727E-11
 ru  44   0.954339 -0.805661  0.372213  0.359669 6.68480E-10
 rh  45   0.100055 -0.959945  0.217928  0.205385 9.51967E-11
 pd  46   0.945416 -0.704584  0.473290  0.460746 6.89552E-10
 ag  47   0.201239 -0.998761  0.179112  0.166569 1.25967E-10
 cd  48   1.099946 -0.610054  0.567820  0.555276 1.03964E-09
 in  49   0.039042 -0.720958  0.456915  0.444371 9.22950E-11
 sn  50   1.623125 -0.446875  0.730999  0.718455 3.66218E-09
 sb  51   0.179826 -0.830174  0.347699  0.335156 1.35350E-10
 te  52   1.256597 -0.923404  0.254470  0.241926 1.69268E-09
  i  53   0.513469 -1.036531  0.141342  0.128799 3.04138E-10
 xe  54   1.493642 -0.746358  0.431515  0.418972 3.00614E-09
 cs  55   0.724129 -0.355871  0.822002  0.809459 5.17365E-10
 ba  56   2.169845 -0.010155  1.167718  1.155174 1.49186E-08
 la  57   1.179163  0.009163  1.187037  1.174493 1.54174E-09
 ce  58   1.690366  0.110366  1.288239  1.275696 5.04639E-09
 pr  59   0.663124 -0.096876  1.080998  1.068454 4.76635E-10
 nd  60   1.421370 -0.028630  1.149243  1.136699 2.79629E-09
 pm  61   0.000000 -9.000000  0.000000  0.000000 2.34837E-33
 sm  62   0.649869 -0.290131  0.887743  0.875199 4.93319E-10
 eu  63  -0.276725 -0.786725  0.391149  0.378605 5.90395E-11
 gd  64   0.519329 -0.530671  0.647203  0.634659 3.81985E-10
 tb  65  -0.363291 -0.683291  0.494583  0.482039 5.05857E-11
 dy  66   0.684576 -0.445424  0.732450  0.719906 5.77506E-10
 ho  67  -0.261845 -0.731845  0.446029  0.433485 6.63105E-11
 er  68   0.500284 -0.419716  0.758158  0.745614 3.88866E-10
 tm  69  -0.410008 -0.530008  0.647865  0.635321 4.82876E-11
 yb  70   0.809885 -0.110115  1.067759  1.055215 8.20651E-10
 lu  71  -0.111905 -0.201905  0.975968  0.963425 9.93523E-11
 hf  72   0.745150  0.035150  1.213023  1.200480 7.29273E-10
 ta  73  -0.203113 -0.083113  1.094761  1.082217 8.32852E-11
  w  74   0.724258  0.074258  1.252132  1.239588 7.15856E-10
 re  75  -0.164077 -0.424077  0.753797  0.741253 9.37661E-11
 os  76   0.759828 -0.590172  0.587701  0.575158 8.03957E-10
 ir  77   0.324935 -0.995065  0.182809  0.170265 2.98437E-10
 pt  78   0.865594 -0.754406  0.423468  0.410924 1.05179E-09
 au  79   0.079851 -0.720149  0.457725  0.445181 1.73929E-10
 hg  80   1.225430  0.055430  1.233303  1.220760 2.47666E-09
 tl  81   1.019035  0.249035  1.426909  1.414365 1.56894E-09
 pb  82   2.948192  0.908192  2.086065  2.073522 1.35116E-07
 bi  83   1.370662  0.720662  1.898535  1.885992 3.60490E-09
 po  84   1.935726 -9.000000  0.000000  0.000000 1.32434E-08
#[ls/Fe]_Bisterzo =   0.7241, [hs/Fe]_Bisterzo =   1.0747
#[hs/ls]_Bisterzo =   0.3506, [Pb/hs]_Bisterzo =   1.0114
#[ls/Fe]_Thiswork =   0.6713, [hs/Fe]_Thiswork =   1.2143
#[hs/ls]_Thiswork =   0.5430, [Pb/hs]_Thiswork =   0.8717
# He/H =  8.9407E-02, C/O =  3.8823E+00, c12/c13 = 7.22826E+02
# N/O =  7.5998E-01, n14/n15 = 4.80486E+04
# o16/o17 = 1.03147E+03, o16/o18 = 4.05682E+04
# mg24/mg25 =  5.6862E+00, mg24/mg26 =  5.5846E+00
# al26/al27 =  2.5877E-02, mg+al =  2.5089E-06
#
#  TP   Mass     Mcore    Menv    log L
# 10 3.233450 0.838257 2.395200 4.291100
# El  Z   log e(X)   [X/H]    [X/Fe]     [X/O]      X(i)
  p   1  12.000000  0.000000  0.000000  0.000000 7.39392E-01
 he   2  10.953421  0.023420  1.201294  1.188750 2.63767E-01
 li   3  -1.131266 -4.391266 -3.213392 -3.225936 3.76332E-13
 be   4  -0.603686 -1.903686  0.000000  0.000000 1.64645E-12
  b   5   0.000000 -2.790000  0.000000  0.000000 8.82252E-22
  c   6   8.255541 -0.214459  0.963414  0.950871 1.58684E-03
  n   7   7.446249 -0.423751  0.754122  0.741579 2.87083E-04
  o   8   7.578137 -1.151862  0.026011  0.000000 4.44268E-04
  f   9   4.071704 -0.348296  0.829577  0.803566 1.64371E-07
 ne  10   7.329412 -0.640587  0.537286  0.511275 3.16044E-04
 na  11   5.504663 -0.735337  0.442536  0.416525 5.39034E-06
 mg  12   6.526652 -1.113348  0.064526  0.038514 5.99462E-05
 al  13   5.318847 -1.131153  0.046721  0.020710 4.12416E-06
 si  14   6.381637 -1.168364  0.009510 -0.016501 4.96068E-05
  p  15   4.313539 -1.096461  0.081413  0.055401 4.67682E-07
  s  16   5.983671 -1.166329  0.011544 -0.014467 2.26525E-05
 cl  17   4.061459 -1.168541  0.009332 -0.016679 2.99589E-07
 ar  18   5.262606 -1.177394  0.000480 -0.025532 5.36433E-06
  k  19   3.905788 -1.174212  0.003662 -0.022349 2.30865E-07
 ca  20   5.112088 -1.177912 -0.000038 -0.026050 3.80547E-06
 sc  21   1.907522 -1.142478  0.035396  0.009384 2.66517E-09
 ti  22   3.737421 -1.172579  0.005295 -0.020717 1.91810E-07
  v  23   2.782187 -1.177813  0.000061 -0.025950 2.26297E-08
 cr  24   4.443806 -1.196194 -0.018321 -0.044332 1.05972E-06
 mn  25   4.302204 -1.177796  0.000077 -0.025934 8.08148E-07
 fe  26   6.362581 -1.177419  0.000000 -0.025557 9.44017E-05
 co  27   3.772386 -1.097614  0.079805  0.054248 2.55952E-07
 ni  28   5.029017 -1.170982  0.006437 -0.019120 4.60276E-06
 cu  29   3.168114 -1.081886  0.095533  0.069976 6.86462E-08
 zn  30   3.479015 -1.150985  0.026434  0.000877 1.44566E-07
 ga  31   2.032083 -1.047917  0.129502  0.103945 5.50647E-09
 ge  32   2.496840 -1.083160  0.094259  0.068702 1.67275E-08
 as  33   1.202221 -1.097779  0.079640  0.054083 8.75478E-10
 se  34   2.321212 -1.018788  0.158631  0.133074 1.21348E-08
 br  35   1.448915 -1.091084  0.086335  0.060778 1.64778E-09
 kr  36   2.693931 -0.556069  0.621350  0.595793 3.03794E-08
 rb  37   1.888377 -0.631623  0.545796  0.520239 4.84836E-09
 sr  38   2.340577 -0.539423  0.637996  0.612439 1.40797E-08
  y  39   1.770434 -0.439566  0.737854  0.712296 3.84397E-09
 zr  40   2.227896 -0.302104  0.875315  0.849758 1.13089E-08
 nb  41   0.276207 -1.133793  0.043626  0.018069 1.28726E-10
 mo  42   1.402993 -0.537007  0.640412  0.614855 1.77995E-09
 tc  43  -0.083939 -9.000000  0.000000  0.000000 5.92518E-11
 ru  44   1.034817 -0.725183  0.452236  0.426679 8.03255E-10
 rh  45   0.145851 -0.914149  0.263270  0.237713 1.05610E-10
 pd  46   1.015977 -0.634023  0.543396  0.517839 8.09868E-10
 ag  47   0.233291 -0.966709  0.210710  0.185153 1.35393E-10
 cd  48   1.157328 -0.552672  0.624747  0.599190 1.18454E-09
 in  49   0.085409 -0.674591  0.502828  0.477271 1.02526E-10
 sn  50   1.690157 -0.379843  0.797576  0.772019 4.26637E-09
 sb  51   0.246685 -0.763315  0.414104  0.388547 1.57618E-10
 te  52   1.332575 -0.847425  0.329994  0.304437 2.01298E-09
  i  53   0.541830 -1.008170  0.169249  0.143692 3.24130E-10
 xe  54   1.569209 -0.670791  0.506628  0.481071 3.57162E-09
 cs  55   0.812790 -0.267210  0.910209  0.884652 6.33498E-10
 ba  56   2.259616  0.079616  1.257035  1.231478 1.83141E-08
 la  57   1.264346  0.094346  1.271765  1.246208 1.87276E-09
 ce  58   1.783671  0.203671  1.381091  1.355533 6.24559E-09
 pr  59   0.750386 -0.009614  1.167805  1.142248 5.81749E-10
 nd  60   1.504408  0.054408  1.231827  1.206270 3.37993E-09
 pm  61   0.000000 -9.000000  0.000000  0.000000 4.04327E-31
 sm  62   0.735276 -0.204724  0.972695  0.947138 5.99546E-10
 eu  63  -0.217579 -0.727579  0.449840  0.424283 6.75424E-11
 gd  64   0.599121 -0.450879  0.726540  0.700983 4.58275E-10
 tb  65  -0.296475 -0.616475  0.560944  0.535387 5.89022E-11
 dy  66   0.762242 -0.367758  0.809662  0.784104 6.89461E-10
 ho  67  -0.199745 -0.669745  0.507674  0.482117 7.63782E-11
 er  68   0.579681 -0.340319  0.837101  0.811544 4.66107E-10
 tm  69  -0.336282 -0.456282  0.721137  0.695580 5.71281E-11
 yb  70   0.896954 -0.023046  1.154373  1.128816 1.00119E-09
 lu  71  -0.027342 -0.117342  1.060077  1.034520 1.20511E-10
 hf  72   0.833731  0.123731  1.301150  1.275593 8.92811E-10
 ta  73  -0.115627  0.004373  1.181792  1.156235 1.01705E-10
  w  74   0.813334  0.163334  1.340754  1.315197 8.77383E-10
 re  75  -0.084128 -0.344128  0.833291  0.807734 1.12534E-10
 os  76   0.831065 -0.518935  0.658484  0.632927 9.45710E-10
 ir  77   0.359524 -0.960476  0.216943  0.191386 3.22649E-10
 pt  78   0.928136 -0.691864  0.485555  0.459998 1.21271E-09
 au  79   0.142826 -0.657174  0.520245  0.494688 2.00740E-10
 hg  80   1.312602  0.142602  1.320021  1.294464 3.02222E-09
 tl  81   1.115952  0.345953  1.523372  1.497815 1.95800E-09
 pb  82   3.021142  0.981142  2.158561  2.133004 1.59568E-07
 bi  83   1.475211  0.825211  2.002630  1.977073 4.57857E-09
 po  84   1.998213 -9.000000  0.000000  0.000000 1.52677E-08
#[ls/Fe]_Bisterzo =   0.8066, [hs/Fe]_Bisterzo =   1.1588
#[hs/ls]_Bisterzo =   0.3522, [Pb/hs]_Bisterzo =   0.9998
#[ls/Fe]_Thiswork =   0.7504, [hs/Fe]_Thiswork =   1.3033
#[hs/ls]_Thiswork =   0.5529, [Pb/hs]_Thiswork =   0.8553
# He/H =  8.9830E-02, C/O =  4.7576E+00, c12/c13 = 3.91105E+02
# N/O =  7.3809E-01, n14/n15 = 4.72197E+04
# o16/o17 = 1.06161E+03, o16/o18 = 3.74568E+04
# mg24/mg25 =  4.9119E+00, mg24/mg26 =  4.9002E+00
# al26/al27 =  2.5102E-02, mg+al =  2.6193E-06
#
#  TP   Mass     Mcore    Menv    log L
# 11 3.233280 0.838615 2.394660 4.300980
# El  Z   log e(X)   [X/H]    [X/Fe]     [X/O]      X(i)
  p   1  12.000000  0.000000  0.000000  0.000000 7.38102E-01
 he   2  10.955610  0.025610  1.203029  1.177472 2.64638E-01
 li   3  -1.465159 -4.725160 -3.547740 -3.573298 1.74148E-13
 be   4  -0.944963 -2.244962  0.000000  0.000000 7.49057E-13
  b   5   0.000000 -2.790000  0.000000  0.000000 1.61340E-20
  c   6   8.341893 -0.128107  1.049312  1.023755 1.93254E-03
  n   7   7.448268 -0.421731  0.755688  0.730131 2.87919E-04
  o   8   7.590921 -1.139078  0.038341  0.000000 4.56741E-04
  f   9   4.181643 -0.238357  0.939062  0.900721 2.11352E-07
 ne  10   7.385288 -0.584712  0.592707  0.554366 3.58810E-04
 na  11   5.541680 -0.698319  0.479100  0.440759 5.85970E-06
 mg  12   6.548799 -1.091201  0.086218  0.047877 6.29724E-05
 al  13   5.326738 -1.123262  0.054157  0.015816 4.19245E-06
 si  14   6.384546 -1.165454  0.011965 -0.026376 4.98531E-05
  p  15   4.336628 -1.073372  0.104047  0.065706 4.92358E-07
  s  16   5.984469 -1.165531  0.011888 -0.026453 2.26546E-05
 cl  17   4.063834 -1.166166  0.011253 -0.027088 3.00706E-07
 ar  18   5.263104 -1.176896  0.000523 -0.037818 5.36111E-06
  k  19   3.907491 -1.172509  0.004910 -0.033431 2.31367E-07
 ca  20   5.112412 -1.177588 -0.000168 -0.038509 3.80167E-06
 sc  21   1.918918 -1.131082  0.046337  0.007996 2.73125E-09
 ti  22   3.738734 -1.171266  0.006154 -0.032187 1.92055E-07
  v  23   2.782804 -1.177196  0.000224 -0.038117 2.26223E-08
 cr  24   4.444374 -1.195626 -0.018207 -0.056548 1.05925E-06
 mn  25   4.302330 -1.177670 -0.000251 -0.038592 8.06972E-07
 fe  26   6.363043 -1.176957  0.000000 -0.037879 9.43373E-05
 co  27   3.798676 -1.071324  0.105633  0.067754 2.71450E-07
 ni  28   5.032152 -1.167848  0.009109 -0.028769 4.62801E-06
 cu  29   3.201852 -1.048148  0.128809  0.090930 7.40622E-08
 zn  30   3.488094 -1.141906  0.035051 -0.002828 1.47363E-07
 ga  31   2.067144 -1.012856  0.164102  0.126223 5.95905E-09
 ge  32   2.530800 -1.049200  0.127757  0.089878 1.80564E-08
 as  33   1.224207 -1.075793  0.101164  0.063285 9.19332E-10
 se  34   2.364358 -0.975642  0.201315  0.163436 1.33789E-08
 br  35   1.471519 -1.068480  0.108477  0.070598 1.73278E-09
 kr  36   2.766225 -0.483775  0.693182  0.655303 3.58191E-08
 rb  37   1.969618 -0.550382  0.626575  0.588696 5.83550E-09
 sr  38   2.404827 -0.475173  0.701784  0.663905 1.62962E-08
  y  39   1.837672 -0.372328  0.804629  0.766750 4.47981E-09
 zr  40   2.303742 -0.226258  0.950700  0.912821 1.34433E-08
 nb  41   0.293824 -1.116176  0.060781  0.022902 1.33821E-10
 mo  42   1.479492 -0.460508  0.716449  0.678570 2.11908E-09
 tc  43   0.003844 -9.000000  0.000000  0.000000 7.23980E-11
 ru  44   1.109300 -0.650700  0.526257  0.488378 9.51871E-10
 rh  45   0.191832 -0.868168  0.308789  0.270910 1.17200E-10
 pd  46   1.084469 -0.565531  0.611426  0.573547 9.46559E-10
 ag  47   0.267446 -0.932554  0.244403  0.206524 1.46216E-10
 cd  48   1.214201 -0.495799  0.681158  0.643279 1.34793E-09
 in  49   0.130881 -0.629119  0.547838  0.509959 1.13644E-10
 sn  50   1.743779 -0.326221  0.850736  0.812857 4.81862E-09
 sb  51   0.299614 -0.710386  0.466571  0.428692 1.77736E-10
 te  52   1.393738 -0.786262  0.390695  0.352816 2.31337E-09
  i  53   0.567534 -0.982466  0.194492  0.156613 3.43293E-10
 xe  54   1.636294 -0.603706  0.573251  0.535372 4.16095E-09
 cs  55   0.889162 -0.190838  0.986119  0.948240 7.53980E-10
 ba  56   2.335518  0.155518  1.332475  1.294596 2.17736E-08
 la  57   1.334878  0.164878  1.341835  1.303956 2.19915E-09
 ce  58   1.861696  0.281696  1.458653  1.420774 7.46174E-09
 pr  59   0.823773  0.063773  1.240731  1.202852 6.87646E-10
 nd  60   1.574656  0.124655  1.301613  1.263734 3.96641E-09
 pm  61   0.000000 -9.000000  0.000000  0.000000 1.18450E-28
 sm  62   0.808678 -0.131322  1.045635  1.007756 7.08706E-10
 eu  63  -0.163609 -0.673609  0.503349  0.465470 7.63464E-11
 gd  64   0.668871 -0.381129  0.795828  0.757949 5.37177E-10
 tb  65  -0.236569 -0.556569  0.620388  0.582509 6.74961E-11
 dy  66   0.830045 -0.299955  0.877002  0.839123 8.04553E-10
 ho  67  -0.143860 -0.613860  0.563097  0.525218 8.67154E-11
 er  68   0.648892 -0.271108  0.905850  0.867971 5.45680E-10
 tm  69  -0.271496 -0.391496  0.785461  0.747582 6.62029E-11
 yb  70   0.970772  0.050772  1.227729  1.189850 1.18461E-09
 lu  71   0.044184 -0.045816  1.131141  1.093262 1.41839E-10
 hf  72   0.907594  0.197594  1.374551  1.336672 1.05649E-09
 ta  73  -0.042527  0.077473  1.254430  1.216551 1.20139E-10
  w  74   0.887770  0.237770  1.414727  1.376848 1.03960E-09
 re  75  -0.015271 -0.275271  0.901686  0.863807 1.31638E-10
 os  76   0.893012 -0.456988  0.719969  0.682090 1.08880E-09
 ir  77   0.392241 -0.927760  0.249198  0.211319 3.47287E-10
 pt  78   0.983789 -0.636211  0.540747  0.502868 1.37611E-09
 au  79   0.199050 -0.600950  0.576007  0.538128 2.28086E-10
 hg  80   1.386476  0.216476  1.393433  1.355554 3.57636E-09
 tl  81   1.196421  0.426421  1.603378  1.565499 2.35245E-09
 pb  82   3.082700  1.042700  2.219657  2.181778 1.83546E-07
 bi  83   1.566318  0.916318  2.093275  2.055396 5.63740E-09
 po  84   2.053819 -9.000000  0.000000  0.000000 1.73229E-08
#[ls/Fe]_Bisterzo =   0.8777, [hs/Fe]_Bisterzo =   1.2297
#[hs/ls]_Bisterzo =   0.3520, [Pb/hs]_Bisterzo =   0.9900
#[ls/Fe]_Thiswork =   0.8190, [hs/Fe]_Thiswork =   1.3777
#[hs/ls]_Thiswork =   0.5586, [Pb/hs]_Thiswork =   0.8420
# He/H =  9.0284E-02, C/O =  5.6359E+00, c12/c13 = 3.78660E+02
# N/O =  7.2002E-01, n14/n15 = 4.65842E+04
# o16/o17 = 1.09156E+03, o16/o18 = 3.47661E+04
# mg24/mg25 =  4.2398E+00, mg24/mg26 =  4.2588E+00
# al26/al27 =  2.4268E-02, mg+al =  2.7463E-06
#
#  TP   Mass     Mcore    Menv    log L
# 12 3.232980 0.838962 2.394020 4.309810
# El  Z   log e(X)   [X/H]    [X/Fe]     [X/O]      X(i)
  p   1  12.000000  0.000000  0.000000  0.000000 7.36722E-01
 he   2  10.957945  0.027945  1.204902  1.167023 2.65567E-01
 li   3  -0.474604 -3.734604 -2.557647 -2.595526 1.70083E-12
 be   4   0.048225 -1.251775  0.000000  0.000000 7.36020E-12
  b   5   0.000000 -2.790000  0.000000  0.000000 6.34418E-22
  c   6   8.419939 -0.050061  1.126896  1.089017 2.30867E-03
  n   7   7.449975 -0.420024  0.756933  0.719054 2.88512E-04
  o   8   7.604392 -1.125607  0.051350  0.000000 4.70249E-04
  f   9   4.289286 -0.130714  1.046243  0.994893 2.70294E-07
 ne  10   7.434902 -0.535098  0.641860  0.590510 4.01482E-04
 na  11   5.576328 -0.663671  0.513286  0.461936 6.33447E-06
 mg  12   6.573188 -1.066812  0.110145  0.058795 6.64854E-05
 al  13   5.336504 -1.113496  0.063461  0.012111 4.27977E-06
 si  14   6.387945 -1.162055  0.014902 -0.036448 5.01508E-05
  p  15   4.375206 -1.034793  0.142164  0.090814 5.37090E-07
  s  16   5.985629 -1.164371  0.012586 -0.038764 2.26727E-05
 cl  17   4.066623 -1.163377  0.013580 -0.037769 3.02078E-07
 ar  18   5.263646 -1.176354  0.000603 -0.050746 5.35777E-06
  k  19   3.909447 -1.170553  0.006404 -0.044946 2.31977E-07
 ca  20   5.112751 -1.177249 -0.000292 -0.051642 3.79751E-06
 sc  21   1.932655 -1.117345  0.059613  0.008263 2.81375E-09
 ti  22   3.740282 -1.169718  0.007239 -0.044110 1.92381E-07
  v  23   2.783566 -1.176434  0.000524 -0.050826 2.26196E-08
 cr  24   4.444985 -1.195014 -0.018057 -0.069407 1.05876E-06
 mn  25   4.302447 -1.177553 -0.000596 -0.051945 8.05681E-07
 fe  26   6.363526 -1.176474  0.000000 -0.050866 9.42657E-05
 co  27   3.826318 -1.043682  0.132792  0.081925 2.88748E-07
 ni  28   5.035726 -1.164274  0.012199 -0.038667 4.65752E-06
 cu  29   3.237906 -1.012094  0.164380  0.113514 8.03226E-08
 zn  30   3.498429 -1.131571  0.044903 -0.005963 1.50630E-07
 ga  31   2.104103 -0.975897  0.200577  0.149711 6.47622E-09
 ge  32   2.566727 -1.013273  0.163200  0.112334 1.95770E-08
 as  33   1.248202 -1.051798  0.124676  0.073810 9.69738E-10
 se  34   2.408471 -0.931529  0.244945  0.194079 1.47816E-08
 br  35   1.496058 -1.043941  0.132532  0.081666 1.83008E-09
 kr  36   2.825548 -0.424452  0.752022  0.701156 4.09850E-08
 rb  37   2.037402 -0.482598  0.693876  0.643010 6.80845E-09
 sr  38   2.457487 -0.422513  0.753961  0.703094 1.83626E-08
  y  39   1.891322 -0.318678  0.857796  0.806930 5.05936E-09
 zr  40   2.363331 -0.166669  1.009804  0.958938 1.53916E-08
 nb  41   0.314144 -1.095856  0.080618  0.029752 1.39969E-10
 mo  42   1.539181 -0.400819  0.775654  0.724788 2.42674E-09
 tc  43   0.064325 -9.000000  0.000000  0.000000 8.30604E-11
 ru  44   1.168432 -0.591568  0.584906  0.534040 1.08867E-09
 rh  45   0.230264 -0.829736  0.346737  0.295871 1.27805E-10
 pd  46   1.139728 -0.510272  0.666201  0.615335 1.07298E-09
 ag  47   0.297158 -0.902842  0.273632  0.222766 1.56276E-10
 cd  48   1.261126 -0.448874  0.727599  0.676733 1.49892E-09
 in  49   0.168751 -0.591249  0.585224  0.534358 1.23767E-10
 sn  50   1.782628 -0.287372  0.889102  0.838236 5.25967E-09
 sb  51   0.336936 -0.673064  0.503410  0.452543 1.93323E-10
 te  52   1.437229 -0.742771  0.433703  0.382837 2.55225E-09
  i  53   0.587478 -0.962522  0.213951  0.163085 3.58753E-10
 xe  54   1.688305 -0.551695  0.624779  0.573912 4.68155E-09
 cs  55   0.947690 -0.132310  1.044164  0.993297 8.61141E-10
 ba  56   2.390859  0.210859  1.387332  1.336466 2.46864E-08
 la  57   1.384372  0.214372  1.390845  1.339979 2.46000E-09
 ce  58   1.915989  0.335989  1.512462  1.461596 8.43956E-09
 pr  59   0.875184  0.115184  1.291658  1.240792 7.72615E-10
 nd  60   1.623670  0.173670  1.350143  1.299277 4.43198E-09
 pm  61   0.000000 -9.000000  0.000000  0.000000 2.35322E-31
 sm  62   0.860377 -0.079623  1.096851  1.045985 7.96807E-10
 eu  63  -0.123965 -0.633965  0.542508  0.491642 8.34869E-11
 gd  64   0.718625 -0.331375  0.845099  0.794233 6.01255E-10
 tb  65  -0.193132 -0.513132  0.663341  0.612475 7.44565E-11
 dy  66   0.878201 -0.251799  0.924674  0.873808 8.97216E-10
 ho  67  -0.103367 -0.573367  0.603107  0.552241 9.50115E-11
 er  68   0.697940 -0.222060  0.954413  0.903547 6.09778E-10
 tm  69  -0.225534 -0.345534  0.830939  0.780073 7.34558E-11
 yb  70   1.022522  0.102522  1.278996  1.228129 1.33202E-09
 lu  71   0.094231  0.004231  1.180704  1.129838 1.58866E-10
 hf  72   0.958456  0.248456  1.424930  1.374063 1.18553E-09
 ta  73   0.007661  0.127661  1.304134  1.253268 1.34604E-10
  w  74   0.938450  0.288450  1.464924  1.414057 1.16609E-09
 re  75   0.032073 -0.227927  0.948547  0.897681 1.46525E-10
 os  76   0.936176 -0.413824  0.762650  0.711784 1.20032E-09
 ir  77   0.416347 -0.903654  0.272820  0.221954 3.66422E-10
 pt  78   1.023064 -0.596936  0.579537  0.528671 1.50354E-09
 au  79   0.238673 -0.561327  0.615147  0.564281 2.49408E-10
 hg  80   1.436707  0.266708  1.443181  1.392315 4.00737E-09
 tl  81   1.250119  0.480119  1.656593  1.605727 2.65710E-09
 pb  82   3.144368  1.104368  2.280842  2.229976 2.11155E-07
 bi  83   1.659755  1.009755  2.186228  2.135362 6.97754E-09
 po  84   2.181158 -9.000000  0.000000  0.000000 2.31818E-08
#[ls/Fe]_Bisterzo =   0.9338, [hs/Fe]_Bisterzo =   1.2793
#[hs/ls]_Bisterzo =   0.3455, [Pb/hs]_Bisterzo =   1.0016
#[ls/Fe]_Thiswork =   0.8739, [hs/Fe]_Thiswork =   1.4302
#[hs/ls]_Thiswork =   0.5564, [Pb/hs]_Thiswork =   0.8506
# He/H =  9.0771E-02, C/O =  6.5395E+00, c12/c13 = 2.89494E+02
# N/O =  7.0078E-01, n14/n15 = 4.65505E+04
# o16/o17 = 1.12363E+03, o16/o18 = 3.31654E+04
# mg24/mg25 =  3.6741E+00, mg24/mg26 =  3.6697E+00
# al26/al27 =  2.3356E-02, mg+al =  2.8941E-06
#
#  TP   Mass     Mcore    Menv    log L
# 13 3.232470 0.839308 2.393170 4.317750
# El  Z   log e(X)   [X/H]    [X/Fe]     [X/O]      X(i)
  p   1  12.000000  0.000000  0.000000  0.000000 7.35262E-01
 he   2  10.960336  0.030335  1.206809  1.155943 2.66504E-01
 li   3   0.324299 -2.935701 -1.759228 -1.810094 1.06832E-11
 be   4   0.839272 -0.460727  0.000000  0.000000 4.54021E-11
  b   5   0.000000 -2.790000  0.000000  0.000000 1.50098E-21
  c   6   8.497038  0.027038  1.203511  1.152645 2.75169E-03
  n   7   7.452653 -0.417347  0.759127  0.708261 2.89721E-04
  o   8   7.617709 -1.112291  0.064183  0.000000 4.83931E-04
  f   9   4.376343 -0.043657  1.132817  1.068634 3.29635E-07
 ne  10   7.481378 -0.488622  0.687851  0.623669 4.45944E-04
 na  11   5.611085 -0.628914  0.547559  0.483377 6.84867E-06
 mg  12   6.597933 -1.042067  0.134407  0.070224 7.02441E-05
 al  13   5.347301 -1.102699  0.073774  0.009592 4.37881E-06
 si  14   6.391395 -1.158605  0.017869 -0.046314 5.04506E-05
  p  15   4.404062 -1.005938  0.170536  0.106353 5.72850E-07
  s  16   5.986647 -1.163353  0.013121 -0.051062 2.26809E-05
 cl  17   4.069449 -1.160551  0.015923 -0.048260 3.03448E-07
 ar  18   5.264209 -1.175791  0.000683 -0.063500 5.35409E-06
  k  19   3.911533 -1.168467  0.008007 -0.056176 2.32632E-07
 ca  20   5.113092 -1.176908 -0.000434 -0.064617 3.79298E-06
 sc  21   1.946625 -1.103375  0.073098  0.008916 2.89997E-09
 ti  22   3.741774 -1.168226  0.008247 -0.055935 1.92660E-07
  v  23   2.784286 -1.175714  0.000759 -0.063424 2.26122E-08
 cr  24   4.445600 -1.194400 -0.017926 -0.082109 1.05816E-06
 mn  25   4.302565 -1.177435 -0.000962 -0.065145 8.04302E-07
 fe  26   6.364028 -1.175972  0.000000 -0.063682 9.41875E-05
 co  27   3.853747 -1.016253  0.159720  0.096038 3.06964E-07
 ni  28   5.039711 -1.160288  0.015684 -0.047997 4.69115E-06
 cu  29   3.275719 -0.974281  0.201691  0.138010 8.74558E-08
 zn  30   3.509344 -1.120656  0.055316 -0.008365 1.54157E-07
 ga  31   2.140030 -0.939970  0.236002  0.172321 7.02081E-09
 ge  32   2.601626 -0.978374  0.197599  0.133917 2.11731E-08
 as  33   1.272235 -1.027765  0.148207  0.084526 1.02288E-09
 se  34   2.451401 -0.888599  0.287373  0.223692 1.62851E-08
 br  35   1.521845 -1.018155  0.157817  0.094136 1.93819E-09
 kr  36   2.885059 -0.364941  0.811032  0.747350 4.69110E-08
 rb  37   2.104103 -0.415897  0.760076  0.696394 7.92298E-09
 sr  38   2.511392 -0.368608  0.807364  0.743682 2.07480E-08
  y  39   1.946310 -0.263690  0.912282  0.848601 5.73091E-09
 zr  40   2.423358 -0.106642  1.069330  1.005649 1.76380E-08
 nb  41   0.336504 -1.073496  0.102476  0.038795 1.47072E-10
 mo  42   1.598366 -0.341634  0.834338  0.770657 2.77554E-09
 tc  43   0.125673 -9.000000  0.000000  0.000000 9.54732E-11
 ru  44   1.229418 -0.530582  0.645390  0.581709 1.25032E-09
 rh  45   0.272130 -0.787870  0.388103  0.324421 1.40460E-10
 pd  46   1.198881 -0.451119  0.724854  0.661172 1.22712E-09
 ag  47   0.331434 -0.868566  0.307407  0.243725 1.68775E-10
 cd  48   1.314990 -0.395010  0.780962  0.717281 1.69348E-09
 in  49   0.214246 -0.545754  0.630218  0.566537 1.37163E-10
 sn  50   1.827562 -0.242438  0.933535  0.869853 5.82145E-09
 sb  51   0.378022 -0.631978  0.543995  0.480313 2.12084E-10
 te  52   1.482971 -0.697029  0.478944  0.415262 2.83011E-09
  i  53   0.609324 -0.940675  0.235297  0.171615 3.76514E-10
 xe  54   1.742164 -0.497836  0.678136  0.614455 5.28917E-09
 cs  55   1.007459 -0.072541  1.103431  1.039750 9.86238E-10
 ba  56   2.452703  0.272703  1.448676  1.384994 2.84080E-08
 la  57   1.440945  0.270945  1.446917  1.383236 2.79671E-09
 ce  58   1.977264  0.397264  1.573237  1.509555 9.69915E-09
 pr  59   0.933545  0.173545  1.349518  1.285836 8.81988E-10
 nd  60   1.679614  0.229614  1.405586  1.341905 5.03131E-09
 pm  61   0.000000 -9.000000  0.000000  0.000000 1.77860E-30
 sm  62   0.919437 -0.020563  1.155410  1.091728 9.11069E-10
 eu  63  -0.077319 -0.587319  0.588653  0.524972 9.27692E-11
 gd  64   0.775862 -0.274138  0.901834  0.838153 6.84596E-10
 tb  65  -0.142333 -0.462333  0.713639  0.649958 8.35297E-11
 dy  66   0.933908 -0.196092  0.979881  0.916199 1.01799E-09
 ho  67  -0.055644 -0.525644  0.650328  0.586647 1.05837E-10
 er  68   0.754519 -0.165481  1.010492  0.946810 6.93251E-10
 tm  69  -0.172034 -0.292034  0.883938  0.820257 8.29209E-11
 yb  70   1.081857  0.161857  1.337829  1.274148 1.52400E-09
 lu  71   0.151959  0.061959  1.237932  1.174250 1.81091E-10
 hf  72   1.016932  0.306932  1.482904  1.419222 1.35371E-09
 ta  73   0.065413  0.185413  1.361386  1.297704 1.53444E-10
  w  74   0.996436  0.346436  1.522409  1.458727 1.33002E-09
 re  75   0.086628 -0.173372  1.002600  0.938919 1.65808E-10
 os  76   0.986222 -0.363778  0.812195  0.748513 1.34426E-09
 ir  77   0.445617 -0.874383  0.301589  0.237908 3.91193E-10
 pt  78   1.068919 -0.551081  0.624892  0.561210 1.66767E-09
 au  79   0.284964 -0.515036  0.660936  0.597254 2.76910E-10
 hg  80   1.494032  0.324032  1.500004  1.436323 4.56376E-09
 tl  81   1.311293  0.541293  1.717265  1.653584 3.05295E-09
 pb  82   3.192446  1.152446  2.328418  2.264737 2.35406E-07
 bi  83   1.731227  1.081227  2.257199  2.193518 8.20943E-09
 po  84   2.240266 -9.000000  0.000000  0.000000 2.65091E-08
#[ls/Fe]_Bisterzo =   0.9908, [hs/Fe]_Bisterzo =   1.3360
#[hs/ls]_Bisterzo =   0.3452, [Pb/hs]_Bisterzo =   0.9924
#[ls/Fe]_Thiswork =   0.9297, [hs/Fe]_Thiswork =   1.4896
#[hs/ls]_Thiswork =   0.5600, [Pb/hs]_Thiswork =   0.8388
# He/H =  9.1272E-02, C/O =  7.5740E+00, c12/c13 = 1.34510E+02
# N/O =  6.8382E-01, n14/n15 = 4.99682E+04
# o16/o17 = 1.15307E+03, o16/o18 = 3.35784E+04
# mg24/mg25 =  3.2042E+00, mg24/mg26 =  3.1954E+00
# al26/al27 =  2.2422E-02, mg+al =  3.0524E-06
#
#  TP   Mass     Mcore    Menv    log L
# 14 3.231600 0.839634 2.391970 4.324880
# El  Z   log e(X)   [X/H]    [X/Fe]     [X/O]      X(i)
  p   1  12.000000  0.000000  0.000000  0.000000 7.33736E-01
 he   2  10.962894  0.032894  1.208867  1.145185 2.67522E-01
 li   3   0.218776 -3.041224 -1.865252 -1.928933 8.36135E-12
 be   4   0.725066 -0.574934  0.000000  0.000000 3.48310E-11
  b   5   0.000000 -2.790000  0.000000  0.000000 1.57679E-21
  c   6   8.559780  0.089780  1.265752  1.202071 3.17277E-03
  n   7   7.456953 -0.413047  0.762925  0.699244 2.91996E-04
  o   8   7.631430 -1.098570  0.077403  0.000000 4.98427E-04
  f   9   4.442206  0.022206  1.198179  1.120776 3.82819E-07
 ne  10   7.526183 -0.443817  0.732155  0.654753 4.93382E-04
 na  11   5.650236 -0.589764  0.586208  0.508806 7.47917E-06
 mg  12   6.630244 -1.009756  0.166217  0.088814 7.55125E-05
 al  13   5.358973 -1.091027  0.084946  0.007543 4.48876E-06
 si  14   6.395133 -1.154867  0.021105 -0.056297 5.07811E-05
  p  15   4.433387 -0.976613  0.199360  0.121957 6.11595E-07
  s  16   5.987669 -1.162332  0.013641 -0.063762 2.26871E-05
 cl  17   4.072469 -1.157531  0.018441 -0.058961 3.04931E-07
 ar  18   5.264781 -1.175219  0.000754 -0.076649 5.35002E-06
  k  19   3.913942 -1.166058  0.009915 -0.067488 2.33440E-07
 ca  20   5.113400 -1.176600 -0.000628 -0.078030 3.78778E-06
 sc  21   1.963195 -1.086805  0.089167  0.011765 3.00650E-09
 ti  22   3.743295 -1.166705  0.009267 -0.068135 1.92935E-07
  v  23   2.785002 -1.174998  0.000974 -0.076428 2.26025E-08
 cr  24   4.446168 -1.193832 -0.017859 -0.095262 1.05735E-06
 mn  25   4.302661 -1.177339 -0.001366 -0.078769 8.02811E-07
 fe  26   6.364508 -1.175492  0.000000 -0.076922 9.40961E-05
 co  27   3.879541 -0.990458  0.185033  0.108111 3.25071E-07
 ni  28   5.044535 -1.155465  0.020027 -0.056895 4.73370E-06
 cu  29   3.321430 -0.928570  0.246922  0.170000 9.69611E-08
 zn  30   3.523612 -1.106388  0.069104 -0.007818 1.58975E-07
 ga  31   2.182225 -0.897775  0.277717  0.200795 7.72113E-09
 ge  32   2.641671 -0.938329  0.237163  0.160241 2.31700E-08
 as  33   1.300114 -0.999886  0.175606  0.098684 1.08843E-09
 se  34   2.498669 -0.841331  0.334161  0.257239 1.81198E-08
 br  35   1.551365 -0.988635  0.186857  0.109935 2.07020E-09
 kr  36   2.941495 -0.308505  0.866987  0.790065 5.33099E-08
 rb  37   2.168918 -0.351082  0.824409  0.747488 9.17910E-09
 sr  38   2.562655 -0.317345  0.858147  0.781225 2.32990E-08
  y  39   1.997479 -0.212521  0.962971  0.886049 6.43412E-09
 zr  40   2.479466 -0.050534  1.124958  1.048036 2.00288E-08
 nb  41   0.360909 -1.049091  0.126401  0.049479 1.55250E-10
 mo  42   1.652274 -0.287726  0.887766  0.810844 3.13583E-09
 tc  43   0.180079 -9.000000  0.000000  0.000000 1.07990E-10
 ru  44   1.286751 -0.473249  0.702243  0.625321 1.42381E-09
 rh  45   0.313338 -0.746662  0.428830  0.351908 1.54120E-10
 pd  46   1.256145 -0.393855  0.781636  0.704714 1.39716E-09
 ag  47   0.366992 -0.833008  0.342484  0.265562 1.82795E-10
 cd  48   1.370005 -0.339995  0.835496  0.758574 1.91819E-09
 in  49   0.262392 -0.497608  0.677884  0.600962 1.52926E-10
 sn  50   1.871441 -0.198559  0.976933  0.900011 6.42699E-09
 sb  51   0.414840 -0.595160  0.580332  0.503410 2.30369E-10
 te  52   1.521041 -0.658959  0.516533  0.439611 3.08298E-09
  i  53   0.627827 -0.922173  0.253319  0.176397 3.92086E-10
 xe  54   1.789298 -0.450702  0.724790  0.647868 5.88327E-09
 cs  55   1.057511 -0.022489  1.153003  1.076081 1.10441E-09
 ba  56   2.508764  0.328764  1.504256  1.427334 3.22551E-08
 la  57   1.490243  0.320243  1.495735  1.418813 3.12639E-09
 ce  58   2.031120  0.451120  1.626612  1.549690 1.09569E-08
 pr  59   0.984751  0.224751  1.400243  1.323321 9.90297E-10
 nd  60   1.728806  0.278806  1.454298  1.377376 5.62304E-09
 pm  61   0.000000 -9.000000  0.000000  0.000000 1.93120E-30
 sm  62   0.973010  0.033010  1.208502  1.131580 1.02854E-09
 eu  63  -0.033792 -0.543792  0.631699  0.554777 1.02336E-10
 gd  64   0.828483 -0.221517  0.953974  0.877053 7.71173E-10
 tb  65  -0.094872 -0.414872  0.760620  0.683698 9.29821E-11
 dy  66   0.985399 -0.144601  1.030891  0.953969 1.14375E-09
 ho  67  -0.010723 -0.480723  0.694769  0.617847 1.17127E-10
 er  68   0.807035 -0.112965  1.062527  0.985605 7.80736E-10
 tm  69  -0.122287 -0.242287  0.933205  0.856283 9.27918E-11
 yb  70   1.137156  0.217156  1.392647  1.315725 1.72735E-09
 lu  71   0.205962  0.115962  1.291454  1.214532 2.04643E-10
 hf  72   1.071317  0.361317  1.536808  1.459887 1.53112E-09
 ta  73   0.119172  0.239172  1.414664  1.337742 1.73302E-10
  w  74   1.049911  0.399911  1.575402  1.498480 1.50117E-09
 re  75   0.136854 -0.123146  1.052346  0.975424 1.85750E-10
 os  76   1.033324 -0.316676  0.858816  0.781894 1.49514E-09
 ir  77   0.474346 -0.845654  0.329838  0.252916 4.17078E-10
 pt  78   1.112067 -0.507933  0.667559  0.590637 1.83804E-09
 au  79   0.328200 -0.471800  0.703692  0.626770 3.05262E-10
 hg  80   1.545772  0.375772  1.551263  1.474342 5.13050E-09
 tl  81   1.366076  0.596076  1.771567  1.694645 3.45621E-09
 pb  82   3.239250  1.199250  2.374742  2.297820 2.61649E-07
 bi  83   1.807304  1.157304  2.332796  2.255874 9.76085E-09
 po  84   2.292382 -9.000000  0.000000  0.000000 2.98269E-08
#[ls/Fe]_Bisterzo =   1.0440, [hs/Fe]_Bisterzo =   1.3862
#[hs/ls]_Bisterzo =   0.3422, [Pb/hs]_Bisterzo =   0.9886
#[ls/Fe]_Thiswork =   0.9820, [hs/Fe]_Thiswork =   1.5422
#[hs/ls]_Thiswork =   0.5602, [Pb/hs]_Thiswork =   0.8325
# He/H =  9.1811E-02, C/O =  8.4790E+00, c12/c13 = 9.09534E+01
# N/O =  6.6915E-01, n14/n15 = 5.11180E+04
# o16/o17 = 1.18289E+03, o16/o18 = 3.46423E+04
# mg24/mg25 =  2.7278E+00, mg24/mg26 =  2.6877E+00
# al26/al27 =  2.1481E-02, mg+al =  3.2732E-06
#
#  TP   Mass     Mcore    Menv    log L
# 15 3.230090 0.839944 2.390150 4.331440
# El  Z   log e(X)   [X/H]    [X/Fe]     [X/O]      X(i)
  p   1  12.000000  0.000000  0.000000  0.000000 7.32146E-01
 he   2  10.965568  0.035567  1.211059  1.134137 2.68590E-01
 li   3   0.890439 -2.369561 -1.194069 -1.270991 3.91740E-11
 be   4   1.386598  0.086598  0.000000  0.000000 1.59425E-10
  b   5   0.000000 -2.790000  0.000000  0.000000 1.57946E-21
  c   6   8.615541  0.145540  1.321032  1.244110 3.59962E-03
  n   7   7.468604 -0.401396  0.774096  0.697174 2.99285E-04
  o   8   7.644843 -1.085157  0.090335  0.000000 5.12947E-04
  f   9   4.507992  0.087992  1.263484  1.173149 4.44464E-07
 ne  10   7.565978 -0.404022  0.771470  0.681135 5.39555E-04
 na  11   5.686051 -0.553948  0.621543  0.531209 8.10452E-06
 mg  12   6.662896 -0.977104  0.198388  0.108053 8.12323E-05
 al  13   5.372584 -1.077415  0.098076  0.007741 4.62163E-06
 si  14   6.399308 -1.150692  0.024800 -0.065535 5.11606E-05
  p  15   4.470784 -0.939216  0.236276  0.145941 6.65148E-07
  s  16   5.989058 -1.160942  0.014550 -0.075785 2.27105E-05
 cl  17   4.076282 -1.153718  0.021774 -0.068561 3.06953E-07
 ar  18   5.265413 -1.174587  0.000905 -0.089430 5.34620E-06
  k  19   3.916606 -1.163394  0.012098 -0.078237 2.34367E-07
 ca  20   5.113741 -1.176259 -0.000767 -0.091102 3.78254E-06
 sc  21   1.982877 -1.067123  0.108369  0.018034 3.13907E-09
 ti  22   3.745306 -1.164694  0.010798 -0.079537 1.93410E-07
  v  23   2.785990 -1.174010  0.001482 -0.088853 2.26049E-08
 cr  24   4.446822 -1.193178 -0.017686 -0.108021 1.05664E-06
 mn  25   4.302770 -1.177230 -0.001739 -0.092073 8.01271E-07
 fe  26   6.365017 -1.174983  0.000000 -0.089826 9.40023E-05
 co  27   3.905579 -0.964421  0.210562  0.120736 3.44409E-07
 ni  28   5.049514 -1.150486  0.024497 -0.065329 4.77790E-06
 cu  29   3.364207 -0.885793  0.289190  0.199364 1.06766E-07
 zn  30   3.538041 -1.091959  0.083024 -0.006802 1.63989E-07
 ga  31   2.222664 -0.857336  0.317647  0.227821 8.45624E-09
 ge  32   2.680698 -0.899302  0.275681  0.185855 2.52936E-08
 as  33   1.328362 -0.971638  0.203345  0.113518 1.15906E-09
 se  34   2.544990 -0.795010  0.379973  0.290147 2.01156E-08
 br  35   1.582154 -0.957846  0.217137  0.127311 2.21748E-09
 kr  36   2.991647 -0.258353  0.916630  0.826804 5.97059E-08
 rb  37   2.227310 -0.292690  0.882293  0.792467 1.04773E-08
 sr  38   2.608163 -0.271837  0.903146  0.813320 2.58168E-08
  y  39   2.041932 -0.168068  1.006915  0.917089 7.11213E-09
 zr  40   2.526591 -0.003409  1.171574  1.081748 2.22760E-08
 nb  41   0.386600 -1.023400  0.151583  0.061756 1.64354E-10
 mo  42   1.696830 -0.243170  0.931813  0.841987 3.46710E-09
 tc  43   0.219521 -9.000000  0.000000  0.000000 1.18000E-10
 ru  44   1.333436 -0.426564  0.748419  0.658593 1.58196E-09
 rh  45   0.347720 -0.712280  0.462703  0.372877 1.66455E-10
 pd  46   1.302545 -0.347455  0.827528  0.737702 1.55133E-09
 ag  47   0.397249 -0.802751  0.372232  0.282406 1.95559E-10
 cd  48   1.415102 -0.294898  0.880085  0.790259 2.12348E-09
 in  49   0.302487 -0.457513  0.717470  0.627644 1.67353E-10
 sn  50   1.907749 -0.162251  1.012732  0.922906 6.97225E-09
 sb  51   0.445309 -0.564691  0.610292  0.520466 2.46576E-10
 te  52   1.552230 -0.627770  0.547213  0.457387 3.30535E-09
  i  53   0.643562 -0.906438  0.268545  0.178719 4.05671E-10
 xe  54   1.828190 -0.411810  0.763173  0.673347 6.42049E-09
 cs  55   1.098074  0.018074  1.193057  1.103231 1.20991E-09
 ba  56   2.552288  0.372288  1.547271  1.457445 3.55779E-08
 la  57   1.528069  0.358070  1.533053  1.443226 3.40351E-09
 ce  58   2.071980  0.491980  1.666963  1.577137 1.20117E-08
 pr  59   1.023842  0.263842  1.438825  1.348999 1.08122E-09
 nd  60   1.765821  0.315821  1.490804  1.400978 6.11004E-09
 pm  61   0.000000 -9.000000  0.000000  0.000000 1.13640E-29
 sm  62   1.013263  0.073263  1.248246  1.158420 1.12598E-09
 eu  63  -0.000311 -0.510311  0.664672  0.574846 1.10298E-10
 gd  64   0.868409 -0.181591  0.993392  0.903566 8.43600E-10
 tb  65  -0.058525 -0.378525  0.796458  0.706632 1.00880E-10
 dy  66   1.024363 -0.105637  1.069346  0.979519 1.24840E-09
 ho  67   0.023622 -0.446378  0.728605  0.638778 1.26491E-10
 er  68   0.846787 -0.073213  1.101770  1.011944 8.53717E-10
 tm  69  -0.084774 -0.204774  0.970209  0.880383 1.00944E-10
 yb  70   1.178748  0.258748  1.433731  1.343905 1.89684E-09
 lu  71   0.246487  0.156487  1.331470  1.241644 2.24171E-10
 hf  72   1.111984  0.401984  1.576967  1.487141 1.67778E-09
 ta  73   0.159348  0.279348  1.454331  1.364504 1.89687E-10
  w  74   1.089765  0.439765  1.614748  1.524922 1.64188E-09
 re  75   0.174304 -0.085696  1.089287  0.999461 2.02040E-10
 os  76   1.069054 -0.280946  0.894037  0.804211 1.61983E-09
 ir  77   0.496749 -0.823251  0.351732  0.261906 4.38205E-10
 pt  78   1.144920 -0.475080  0.699903  0.610077 1.97818E-09
 au  79   0.360944 -0.439056  0.735927  0.646101 3.28454E-10
 hg  80   1.584208  0.414208  1.589191  1.499364 5.59312E-09
 tl  81   1.406612  0.636612  1.811595  1.721769 3.78612E-09
 pb  82   3.282310  1.242311  2.417294  2.327467 2.88295E-07
 bi  83   1.878243  1.228243  2.403226  2.313400 1.14679E-08
 po  84   2.376660 -9.000000  0.000000  0.000000 3.61363E-08
#[ls/Fe]_Bisterzo =   1.0892, [hs/Fe]_Bisterzo =   1.4240
#[hs/ls]_Bisterzo =   0.3348, [Pb/hs]_Bisterzo =   0.9933
#[ls/Fe]_Thiswork =   1.0272, [hs/Fe]_Thiswork =   1.5824
#[hs/ls]_Thiswork =   0.5552, [Pb/hs]_Thiswork =   0.8349
# He/H =  9.2378E-02, C/O =  9.3475E+00, c12/c13 = 4.28201E+01
# N/O =  6.6644E-01, n14/n15 = 5.73468E+04
# o16/o17 = 1.20507E+03, o16/o18 = 3.93552E+04
# mg24/mg25 =  2.3594E+00, mg24/mg26 =  2.2812E+00
# al26/al27 =  2.0506E-02, mg+al =  3.5135E-06
#
#  TP   Mass     Mcore    Menv    log L
# 16 3.227450 0.840235 2.387210 4.337500
# El  Z   log e(X)   [X/H]    [X/Fe]     [X/O]      X(i)
  p   1  12.000000  0.000000  0.000000  0.000000 7.30506E-01
 he   2  10.968333  0.038333  1.213316  1.123490 2.69701E-01
 li   3   0.807009 -2.452991 -1.278008 -1.367834 3.22548E-11
 be   4   1.293951 -0.006049  0.000000  0.000000 1.28510E-10
  b   5   0.000000 -2.790000  0.000000  0.000000 5.80434E-22
  c   6   8.665655  0.195655  1.370638  1.280812 4.03086E-03
  n   7   7.482605 -0.387395  0.787588  0.697762 3.08399E-04
  o   8   7.658099 -1.071900  0.103083  0.000000 5.27661E-04
  f   9   4.567202  0.147202  1.322185  1.219102 5.08245E-07
 ne  10   7.602623 -0.367377  0.807606  0.704524 5.85744E-04
 na  11   5.720485 -0.519515  0.655468  0.552386 8.75362E-06
 mg  12   6.697097 -0.942903  0.232080  0.128998 8.76912E-05
 al  13   5.387166 -1.062834  0.112149  0.009066 4.76873E-06
 si  14   6.403776 -1.146224  0.028759 -0.074324 5.15738E-05
  p  15   4.509468 -0.900532  0.274451  0.171368 7.25485E-07
  s  16   5.990646 -1.159354  0.015629 -0.087453 2.27426E-05
 cl  17   4.080716 -1.149284  0.025699 -0.077384 3.09408E-07
 ar  18   5.266084 -1.173916  0.001067 -0.102015 5.34248E-06
  k  19   3.919532 -1.160468  0.014515 -0.088568 2.35424E-07
 ca  20   5.114094 -1.175906 -0.000923 -0.104005 3.77714E-06
 sc  21   2.005055 -1.044945  0.130038  0.026956 3.29615E-09
 ti  22   3.747736 -1.162264  0.012719 -0.090364 1.94060E-07
  v  23   2.787194 -1.172806  0.002177 -0.100905 2.26169E-08
 cr  24   4.447526 -1.192474 -0.017491 -0.120574 1.05599E-06
 mn  25   4.302884 -1.177116 -0.002133 -0.105216 7.99687E-07
 fe  26   6.365530 -1.174470  0.000000 -0.102570 9.39025E-05
 co  27   3.929909 -0.940091  0.234379  0.131809 3.63438E-07
 ni  28   5.054919 -1.145081  0.029389 -0.073181 4.82690E-06
 cu  29   3.408467 -0.841533  0.332938  0.230368 1.17956E-07
 zn  30   3.553679 -1.076321  0.098150 -0.004420 1.69621E-07
 ga  31   2.262877 -0.817122  0.357348  0.254778 9.25586E-09
 ge  32   2.719016 -0.860984  0.313487  0.210917 2.75648E-08
 as  33   1.356380 -0.943619  0.230851  0.128281 1.23354E-09
 se  34   2.588560 -0.751440  0.423031  0.320461 2.21887E-08
 br  35   1.612890 -0.927110  0.247361  0.144791 2.37477E-09
 kr  36   3.038301 -0.211699  0.962771  0.860201 6.63281E-08
 rb  37   2.281158 -0.238842  0.935629  0.833059 1.18338E-08
 sr  38   2.651130 -0.228870  0.945600  0.843030 2.84378E-08
  y  39   2.084005 -0.125995  1.048476  0.945906 7.81807E-09
 zr  40   2.571153  0.041153  1.215623  1.113053 2.46277E-08
 nb  41   0.413516 -0.996484  0.177987  0.075416 1.74471E-10
 mo  42   1.738748 -0.201252  0.973218  0.870648 3.80988E-09
 tc  43   0.255582 -9.000000  0.000000  0.000000 1.27930E-10
 ru  44   1.377591 -0.382409  0.792062  0.689492 1.74734E-09
 rh  45   0.381078 -0.678922  0.495548  0.392978 1.79342E-10
 pd  46   1.346620 -0.303380  0.871090  0.768520 1.71319E-09
 ag  47   0.427089 -0.772911  0.401559  0.298989 2.08999E-10
 cd  48   1.458549 -0.251451  0.923019  0.820449 2.34164E-09
 in  49   0.341731 -0.418269  0.756202  0.653631 1.82770E-10
 sn  50   1.943809 -0.126191  1.048279  0.945709 7.55892E-09
 sb  51   0.475629 -0.534371  0.640099  0.537529 2.63813E-10
 te  52   1.582585 -0.597415  0.577056  0.474486 3.53671E-09
  i  53   0.659174 -0.890826  0.283644  0.181074 4.19578E-10
 xe  54   1.864276 -0.375724  0.798746  0.696176 6.96114E-09
 cs  55   1.135040  0.055040  1.229511  1.126941 1.31445E-09
 ba  56   2.593046  0.413046  1.587517  1.484946 3.89911E-08
 la  57   1.563471  0.393471  1.567941  1.465371 3.68430E-09
 ce  58   2.109651  0.529651  1.704121  1.601551 1.30708E-08
 pr  59   1.060084  0.300084  1.474555  1.371985 1.17269E-09
 nd  60   1.800117  0.350117  1.524588  1.422018 6.59730E-09
 pm  61   0.000000 -9.000000  0.000000  0.000000 9.39994E-30
 sm  62   1.050295  0.110295  1.284765  1.182195 1.22346E-09
 eu  63   0.031246 -0.478754  0.695717  0.593147 1.18345E-10
 gd  64   0.905466 -0.144534  1.029937  0.927366 9.16686E-10
 tb  65  -0.024543 -0.344543  0.829928  0.727358 1.08846E-10
 dy  66   1.060602 -0.069398  1.105073  1.002503 1.35400E-09
 ho  67   0.055955 -0.414045  0.760425  0.657855 1.35962E-10
 er  68   0.883989 -0.036011  1.138460  1.035890 9.27987E-10
 tm  69  -0.049551 -0.169551  1.004919  0.902349 1.09227E-10
 yb  70   1.217387  0.297387  1.471858  1.369287 2.06870E-09
 lu  71   0.284220  0.194220  1.368690  1.266120 2.43972E-10
 hf  72   1.149917  0.439917  1.614387  1.511817 1.82681E-09
 ta  73   0.196974  0.316974  1.491444  1.388874 2.06391E-10
  w  74   1.127297  0.477297  1.651768  1.549198 1.78608E-09
 re  75   0.210340 -0.049660  1.124810  1.022240 2.19027E-10
 os  76   1.102806 -0.247194  0.927276  0.824706 1.74682E-09
 ir  77   0.518695 -0.801305  0.373165  0.270595 4.59885E-10
 pt  78   1.176097 -0.443903  0.730567  0.627997 2.12065E-09
 au  79   0.392129 -0.407871  0.766599  0.664029 3.52116E-10
 hg  80   1.620047  0.450047  1.624517  1.521947 6.06064E-09
 tl  81   1.444144  0.674144  1.848615  1.746045 4.11863E-09
 pb  82   3.322835  1.282835  2.457305  2.354735 3.15783E-07
 bi  83   1.944760  1.294760  2.469231  2.366661 1.33361E-08
 po  84   2.462755 -9.000000  0.000000  0.000000 4.39608E-08
#[ls/Fe]_Bisterzo =   1.1320, [hs/Fe]_Bisterzo =   1.4591
#[hs/ls]_Bisterzo =   0.3270, [Pb/hs]_Bisterzo =   0.9982
#[ls/Fe]_Thiswork =   1.0699, [hs/Fe]_Thiswork =   1.6199
#[hs/ls]_Thiswork =   0.5500, [Pb/hs]_Thiswork =   0.8374
# He/H =  9.2968E-02, C/O =  1.0175E+01, c12/c13 = 3.10989E+01
# N/O =  6.6758E-01, n14/n15 = 5.73908E+04
# o16/o17 = 1.22646E+03, o16/o18 = 4.43565E+04
# mg24/mg25 =  2.0509E+00, mg24/mg26 =  1.9448E+00
# al26/al27 =  1.9531E-02, mg+al =  3.7847E-06
#
#  TP   Mass     Mcore    Menv    log L
# 17 3.222730 0.840511 2.382220 4.342910
# El  Z   log e(X)   [X/H]    [X/Fe]     [X/O]      X(i)
  p   1  12.000000  0.000000  0.000000  0.000000 7.28831E-01
 he   2  10.971159  0.041159  1.215629  1.113059 2.70839E-01
 li   3   0.726551 -2.533449 -1.358979 -1.461549 2.67387E-11
 be   4   1.202337 -0.097663  0.000000  0.000000 1.03830E-10
  b   5   0.000000 -2.790000  0.000000  0.000000 4.09283E-24
  c   6   8.711054  0.241054  1.415524  1.312954 4.46477E-03
  n   7   7.500680 -0.369320  0.805151  0.702580 3.20768E-04
  o   8   7.671148 -1.058851  0.115619  0.000000 5.42509E-04
  f   9   4.617061  0.197061  1.371531  1.255912 5.68767E-07
 ne  10   7.636677 -0.333323  0.841148  0.725529 6.32069E-04
 na  11   5.753982 -0.486018  0.688452  0.572833 9.43380E-06
 mg  12   6.732652 -0.907348  0.267122  0.151503 9.49540E-05
 al  13   5.402649 -1.047351  0.127120  0.011500 4.93048E-06
 si  14   6.408486 -1.141514  0.032956 -0.082663 5.20166E-05
  p  15   4.546804 -0.863195  0.311275  0.195656 7.88801E-07
  s  16   5.992358 -1.157642  0.016829 -0.098791 2.27801E-05
 cl  17   4.085637 -1.144363  0.030107 -0.085512 3.12217E-07
 ar  18   5.266785 -1.173215  0.001255 -0.114364 5.33883E-06
  k  19   3.922653 -1.157347  0.017124 -0.098495 2.36577E-07
 ca  20   5.114458 -1.175542 -0.001072 -0.116691 3.77164E-06
 sc  21   2.028826 -1.021174  0.153296  0.037677 3.47360E-09
 ti  22   3.750450 -1.159550  0.014921 -0.100698 1.94829E-07
  v  23   2.788533 -1.171467  0.003004 -0.112616 2.26347E-08
 cr  24   4.448256 -1.191744 -0.017273 -0.132893 1.05534E-06
 mn  25   4.303002 -1.176998 -0.002527 -0.118146 7.98071E-07
 fe  26   6.366044 -1.173956  0.000000 -0.115105 9.37982E-05
 co  27   3.952389 -0.917611  0.256345  0.141240 3.81868E-07
 ni  28   5.060600 -1.139400  0.034556 -0.080549 4.87924E-06
 cu  29   3.452907 -0.797093  0.376863  0.261758 1.30365E-07
 zn  30   3.570917 -1.059083  0.114873 -0.000232 1.76084E-07
 ga  31   2.304180 -0.775820  0.398136  0.283031 1.01560E-08
 ge  32   2.758073 -0.821927  0.352029  0.236924 3.00895E-08
 as  33   1.385307 -0.914693  0.259263  0.144159 1.31548E-09
 se  34   2.631218 -0.708782  0.465174  0.350069 2.44225E-08
 br  35   1.644123 -0.895877  0.278079  0.162974 2.54600E-09
 kr  36   3.081973 -0.168027  1.005929  0.890824 7.31767E-08
 rb  37   2.331343 -0.188657  0.985299  0.870194 1.32530E-08
 sr  38   2.691325 -0.188675  0.985281  0.870176 3.11240E-08
  y  39   2.123199 -0.086801  1.087155  0.972051 8.53683E-09
 zr  40   2.612525  0.082525  1.256481  1.141376 2.70271E-08
 nb  41   0.441259 -0.968741  0.205215  0.090111 1.85554E-10
 mo  42   1.777451 -0.162549  1.011406  0.896302 4.15543E-09
 tc  43   0.287177 -9.000000  0.000000  0.000000 1.37268E-10
 ru  44   1.418137 -0.341863  0.832093  0.716988 1.91393E-09
 rh  45   0.412354 -0.647646  0.526309  0.411205 1.92291E-10
 pd  46   1.387211 -0.262789  0.911167  0.796062 1.87672E-09
 ag  47   0.455548 -0.744452  0.429504  0.314399 2.22642E-10
 cd  48   1.499056 -0.210944  0.963012  0.847907 2.56467E-09
 in  49   0.378836 -0.381164  0.792792  0.677687 1.98615E-10
 sn  50   1.978777 -0.091223  1.082733  0.967628 8.17391E-09
 sb  51   0.505548 -0.504452  0.669504  0.554400 2.81981E-10
 te  52   1.612350 -0.567651  0.606305  0.491201 3.77891E-09
  i  53   0.674895 -0.875105  0.298851  0.183747 4.34047E-10
 xe  54   1.898523 -0.341477  0.832479  0.717375 7.51503E-09
 cs  55   1.169411  0.089411  1.263367  1.148262 1.41944E-09
 ba  56   2.631441  0.451441  1.625397  1.510292 4.24974E-08
 la  57   1.597100  0.427100  1.601056  1.485952 3.97180E-09
 ce  58   2.145226  0.565226  1.739182  1.624078 1.41540E-08
 pr  59   1.094436  0.334436  1.508392  1.393287 1.26630E-09
 nd  60   1.832313  0.382313  1.556268  1.441164 7.08867E-09
 pm  61   0.000000 -9.000000  0.000000  0.000000 7.83008E-30
 sm  62   1.085150  0.145150  1.319106  1.204001 1.32266E-09
 eu  63   0.061445 -0.448555  0.725401  0.610296 1.26576E-10
 gd  64   0.940532 -0.109468  1.064488  0.949383 9.91491E-10
 tb  65   0.007802 -0.312198  0.861758  0.746653 1.16993E-10
 dy  66   1.094827 -0.035173  1.138783  1.023678 1.46166E-09
 ho  67   0.086722 -0.383278  0.790678  0.675574 1.45609E-10
 er  68   0.919166 -0.000834  1.173121  1.058017 1.00397E-09
 tm  69  -0.016277 -0.136277  1.037679  0.922574 1.17654E-10
 yb  70   1.253944  0.333944  1.507900  1.392796 2.24521E-09
 lu  71   0.319983  0.229983  1.403938  1.288834 2.64304E-10
 hf  72   1.185810  0.475810  1.649766  1.534661 1.97966E-09
 ta  73   0.232616  0.352616  1.526572  1.411468 2.23530E-10
  w  74   1.162895  0.512895  1.686851  1.571746 1.93420E-09
 re  75   0.244663 -0.015337  1.158619  1.043514 2.36497E-10
 os  76   1.135237 -0.214763  0.959193  0.844088 1.87794E-09
 ir  77   0.540347 -0.779653  0.394303  0.279198 4.82286E-10
 pt  78   1.206295 -0.413705  0.760251  0.645146 2.26814E-09
 au  79   0.422318 -0.377683  0.796273  0.681169 3.76597E-10
 hg  80   1.654263  0.484264  1.658219  1.543115 6.54242E-09
 tl  81   1.479753  0.709753  1.883708  1.768604 4.46029E-09
 pb  82   3.360613  1.320613  2.494569  2.379464 3.43691E-07
 bi  83   2.005866  1.355866  2.529822  2.414717 1.53157E-08
 po  84   2.539696 -9.000000  0.000000  0.000000 5.23610E-08
#[ls/Fe]_Bisterzo =   1.1718, [hs/Fe]_Bisterzo =   1.4921
#[hs/ls]_Bisterzo =   0.3203, [Pb/hs]_Bisterzo =   1.0024
#[ls/Fe]_Thiswork =   1.1096, [hs/Fe]_Thiswork =   1.6552
#[hs/ls]_Thiswork =   0.5456, [Pb/hs]_Thiswork =   0.8394
# He/H =  9.3575E-02, C/O =  1.0962E+01, c12/c13 = 2.26368E+01
# N/O =  6.7535E-01, n14/n15 = 5.83867E+04
# o16/o17 = 1.25094E+03, o16/o18 = 4.92529E+04
# mg24/mg25 =  1.7936E+00, mg24/mg26 =  1.6647E+00
# al26/al27 =  1.8578E-02, mg+al =  4.0895E-06
#
#  TP   Mass     Mcore    Menv    log L
# 18 3.213730 0.840760 2.372970 4.347250
# El  Z   log e(X)   [X/H]    [X/Fe]     [X/O]      X(i)
  p   1  12.000000  0.000000  0.000000  0.000000 7.27113E-01
 he   2  10.974012  0.044012  1.217968  1.102863 2.71981E-01
 li   3   1.290146 -1.969854 -0.795898 -0.911003 9.76583E-11
 be   4   1.755971  0.455971  0.000000  0.000000 3.70624E-10
  b   5   0.000000 -2.790000  0.000000  0.000000 3.74602E-24
  c   6   8.753915  0.283915  1.457870  1.342766 4.91626E-03
  n   7   7.535450 -0.334550  0.839406  0.724301 3.46686E-04
  o   8   7.685518 -1.044481  0.129475  0.000000 5.59438E-04
  f   9   4.667566  0.247566  1.421522  1.292048 6.37404E-07
 ne  10   7.668881 -0.301118  0.872838  0.743363 6.79116E-04
 na  11   5.786018 -0.453982  0.719974  0.590499 1.01321E-05
 mg  12   6.768135 -0.871865  0.302091  0.172616 1.02795E-04
 al  13   5.419400 -1.030600  0.143356  0.013882 5.11229E-06
 si  14   6.413545 -1.136456  0.037500 -0.091974 5.25020E-05
  p  15   4.589705 -0.820294  0.353662  0.224187 8.68648E-07
  s  16   5.994357 -1.155643  0.018312 -0.111162 2.28312E-05
 cl  17   4.090964 -1.139036  0.034920 -0.094555 3.15325E-07
 ar  18   5.267532 -1.172468  0.001488 -0.127987 5.33541E-06
  k  19   3.925956 -1.154044  0.019912 -0.109563 2.37822E-07
 ca  20   5.114853 -1.175147 -0.001191 -0.130665 3.76617E-06
 sc  21   2.054654 -0.995346  0.178610  0.049135 3.67776E-09
 ti  22   3.753831 -1.156169  0.017787 -0.111688 1.95888E-07
  v  23   2.790265 -1.169735  0.004221 -0.125254 2.26716E-08
 cr  24   4.449109 -1.190891 -0.016935 -0.146410 1.05492E-06
 mn  25   4.303139 -1.176861 -0.002905 -0.132380 7.96439E-07
 fe  26   6.366574 -1.173426  0.000000 -0.128945 9.36913E-05
 co  27   3.974360 -0.895640  0.277786  0.148841 4.00737E-07
 ni  28   5.066369 -1.133631  0.039795 -0.089149 4.93283E-06
 cu  29   3.494125 -0.755875  0.417552  0.288607 1.43006E-07
 zn  30   3.588014 -1.041986  0.131440  0.002495 1.82723E-07
 ga  31   2.343335 -0.736665  0.436761  0.307817 1.10880E-08
 ge  32   2.795527 -0.784473  0.388953  0.260008 3.27223E-08
 as  33   1.413873 -0.886127  0.287299  0.158354 1.40160E-09
 se  34   2.672454 -0.667546  0.505880  0.376935 2.67918E-08
 br  35   1.675721 -0.864279  0.309147  0.180202 2.73169E-09
 kr  36   3.127013 -0.122987  1.050439  0.921494 8.09820E-08
 rb  37   2.381557 -0.138443  1.034984  0.906039 1.48423E-08
 sr  38   2.733045 -0.146955  1.026471  0.897526 3.41814E-08
  y  39   2.164459 -0.045541  1.127885  0.998940 9.36551E-09
 zr  40   2.656612  0.126612  1.300039  1.171094 2.98444E-08
 nb  41   0.469808 -0.940192  0.233234  0.104289 1.97694E-10
 mo  42   1.819221 -0.120780  1.052647  0.923702 4.56416E-09
 tc  43   0.324450 -9.000000  0.000000  0.000000 1.49217E-10
 ru  44   1.461608 -0.298392  0.875034  0.746089 2.11043E-09
 rh  45   0.446733 -0.613267  0.560159  0.431214 2.07642E-10
 pd  46   1.430944 -0.219056  0.954371  0.825426 2.07066E-09
 ag  47   0.487055 -0.712945  0.460481  0.331536 2.38830E-10
 cd  48   1.542808 -0.167192  1.006234  0.877289 2.82981E-09
 in  49   0.419240 -0.340760  0.832666  0.703721 2.17466E-10
 sn  50   2.016733 -0.053267  1.120159  0.991215 8.89942E-09
 sb  51   0.538119 -0.471881  0.701545  0.572601 3.03225E-10
 te  52   1.644547 -0.535454  0.637973  0.509028 4.06011E-09
  i  53   0.692400 -0.857600  0.315826  0.186881 4.50833E-10
 xe  54   1.935558 -0.304442  0.868984  0.740040 8.16471E-09
 cs  55   1.206547  0.126547  1.299973  1.171028 1.54252E-09
 ba  56   2.672795  0.492795  1.666221  1.537277 4.66329E-08
 la  57   1.633494  0.463494  1.636921  1.507976 4.30880E-09
 ce  58   2.183607  0.603607  1.777033  1.648088 1.54254E-08
 pr  59   1.131587  0.371587  1.545013  1.416068 1.37614E-09
 nd  60   1.867288  0.417288  1.590714  1.461769 7.66503E-09
 pm  61   0.000000 -9.000000  0.000000  0.000000 1.31827E-28
 sm  62   1.122985  0.182985  1.356411  1.227466 1.43965E-09
 eu  63   0.094531 -0.415469  0.757957  0.629012 1.36274E-10
 gd  64   0.978532 -0.071468  1.101958  0.973013 1.07960E-09
 tb  65   0.043129 -0.276871  0.896555  0.767610 1.26608E-10
 dy  66   1.132055  0.002055  1.175481  1.046537 1.58873E-09
 ho  67   0.120500 -0.349500  0.823926  0.694981 1.57015E-10
 er  68   0.957348  0.037348  1.210774  1.081829 1.09365E-09
 tm  69   0.020075 -0.099925  1.073501  0.944556 1.27624E-10
 yb  70   1.293562  0.373562  1.546988  1.418043 2.45386E-09
 lu  71   0.358850  0.268850  1.442276  1.313331 2.88368E-10
 hf  72   1.224780  0.514780  1.688206  1.559261 2.16040E-09
 ta  73   0.271384  0.391384  1.564810  1.435866 2.43826E-10
  w  74   1.201550  0.551550  1.724976  1.596031 2.10926E-09
 re  75   0.281995  0.021995  1.195421  1.066476 2.57118E-10
 os  76   1.170776 -0.179224  0.994202  0.865258 2.03328E-09
 ir  77   0.564742 -0.755258  0.418168  0.289223 5.08950E-10
 pt  78   1.239572 -0.380428  0.792998  0.664053 2.44299E-09
 au  79   0.455604 -0.344396  0.829030  0.700085 4.05637E-10
 hg  80   1.691540  0.521540  1.694966  1.566021 7.11198E-09
 tl  81   1.518351  0.748351  1.921777  1.792832 4.86336E-09
 pb  82   3.401853  1.361853  2.535279  2.406334 3.77037E-07
 bi  83   2.069304  1.419304  2.592731  2.463786 1.76828E-08
 po  84   2.641364 -9.000000  0.000000  0.000000 6.60164E-08
#[ls/Fe]_Bisterzo =   1.2140, [hs/Fe]_Bisterzo =   1.5280
#[hs/ls]_Bisterzo =   0.3141, [Pb/hs]_Bisterzo =   1.0073
#[ls/Fe]_Thiswork =   1.1515, [hs/Fe]_Thiswork =   1.6934
#[hs/ls]_Thiswork =   0.5419, [Pb/hs]_Thiswork =   0.8419
# He/H =  9.4192E-02, C/O =  1.1706E+01, c12/c13 = 1.65975E+01
# N/O =  7.0783E-01, n14/n15 = 6.05821E+04
# o16/o17 = 1.27124E+03, o16/o18 = 5.78677E+04
# mg24/mg25 =  1.5829E+00, mg24/mg26 =  1.4399E+00
# al26/al27 =  1.7646E-02, mg+al =  4.4188E-06
#
#  TP   Mass     Mcore    Menv    log L
# 19 3.195870 0.841012 2.354850 4.351030
# El  Z   log e(X)   [X/H]    [X/Fe]     [X/O]      X(i)
  p   1  12.000000  0.000000  0.000000  0.000000 7.25348E-01
 he   2  10.976985  0.046985  1.220411  1.091466 2.73185E-01
 li   3   1.228864 -2.031136 -0.857710 -0.986655 8.46003E-11
 be   4   1.682947  0.382947  0.000000  0.000000 3.12503E-10
  b   5   0.000000 -2.790000  0.000000  0.000000 2.22691E-25
  c   6   8.791477  0.321477  1.494903  1.365958 5.34739E-03
  n   7   7.571493 -0.298507  0.874919  0.745975 3.75771E-04
  o   8   7.698097 -1.031903  0.141523  0.000000 5.74480E-04
  f   9   4.712025  0.292025  1.465451  1.323927 7.04398E-07
 ne  10   7.701910 -0.268090  0.905336  0.763813 7.30998E-04
 na  11   5.818974 -0.421026  0.752400  0.610877 1.09043E-05
 mg  12   6.803275 -0.836725  0.336701  0.195178 1.11188E-04
 al  13   5.436694 -1.013306  0.160120  0.018597 5.30706E-06
 si  14   6.418559 -1.131442  0.041985 -0.099539 5.29827E-05
  p  15   4.618075 -0.791925  0.381501  0.239978 9.25034E-07
  s  16   5.995898 -1.154102  0.019324 -0.122199 2.28568E-05
 cl  17   4.095534 -1.134466  0.038960 -0.102563 3.17887E-07
 ar  18   5.268232 -1.171768  0.001658 -0.139865 5.33105E-06
  k  19   3.929060 -1.150940  0.022486 -0.119037 2.38946E-07
 ca  20   5.115207 -1.174793 -0.001367 -0.142890 3.76009E-06
 sc  21   2.074172 -0.975828  0.197598  0.056075 3.83747E-09
 ti  22   3.755936 -1.154064  0.019362 -0.122161 1.96362E-07
  v  23   2.791255 -1.168745  0.004681 -0.136842 2.26682E-08
 cr  24   4.449760 -1.190239 -0.016813 -0.158337 1.05394E-06
 mn  25   4.303252 -1.176748 -0.003322 -0.144845 7.94714E-07
 fe  26   6.367115 -1.172884  0.000000 -0.140982 9.35805E-05
 co  27   3.995650 -0.874350  0.298535  0.157553 4.19850E-07
 ni  28   5.072348 -1.127652  0.045233 -0.095749 4.98908E-06
 cu  29   3.533863 -0.716137  0.456748  0.315766 1.56328E-07
 zn  30   3.604891 -1.025109  0.147775  0.006793 1.89502E-07
 ga  31   2.379316 -0.700684  0.472201  0.331219 1.20165E-08
 ge  32   2.829431 -0.750569  0.422315  0.281333 3.52933E-08
 as  33   1.439803 -0.860197  0.312688  0.171706 1.48422E-09
 se  34   2.707951 -0.632049  0.540835  0.399853 2.90030E-08
 br  35   1.704742 -0.835258  0.337627  0.196645 2.91338E-09
 kr  36   3.163409 -0.086591  1.086294  0.945312 8.78473E-08
 rb  37   2.421925 -0.098075  1.074809  0.933827 1.62485E-08
 sr  38   2.766994 -0.113007  1.059878  0.918896 3.68708E-08
  y  39   2.197996 -0.012004  1.160881  1.019899 1.00928E-08
 zr  40   2.692192  0.162192  1.335077  1.194095 3.23137E-08
 nb  41   0.499236 -0.910764  0.262121  0.121139 2.11041E-10
 mo  42   1.852891 -0.087109  1.085775  0.944794 4.92013E-09
 tc  43   0.349475 -9.000000  0.000000  0.000000 1.57684E-10
 ru  44   1.497097 -0.262903  0.909981  0.769000 2.28457E-09
 rh  45   0.475055 -0.584945  0.587939  0.446958 2.21096E-10
 pd  46   1.466433 -0.183567  0.989317  0.848335 2.24152E-09
 ag  47   0.513431 -0.686569  0.486315  0.345333 2.53168E-10
 cd  48   1.578681 -0.131319  1.041565  0.900584 3.06602E-09
 in  49   0.452780 -0.307220  0.865664  0.724683 2.34356E-10
 sn  50   2.049290 -0.020710  1.152174  1.011193 9.56892E-09
 sb  51   0.566850 -0.443150  0.729734  0.588753 3.23176E-10
 te  52   1.673203 -0.506798  0.666087  0.525105 4.32652E-09
  i  53   0.708538 -0.841462  0.331423  0.190441 4.66766E-10
 xe  54   1.967959 -0.272041  0.900844  0.759862 8.77579E-09
 cs  55   1.238729  0.158728  1.331613  1.190631 1.65713E-09
 ba  56   2.709615  0.529615  1.702499  1.561517 5.06357E-08
 la  57   1.666963  0.496963  1.669847  1.528865 4.64269E-09
 ce  58   2.219120  0.639120  1.812004  1.671023 1.66991E-08
 pr  59   1.166050  0.406050  1.578934  1.437953 1.48618E-09
 nd  60   1.899803  0.449803  1.622688  1.481706 8.24089E-09
 pm  61   0.000000 -9.000000  0.000000  0.000000 1.17686E-28
 sm  62   1.158033  0.218033  1.390918  1.249936 1.55687E-09
 eu  63   0.125502 -0.384498  0.788386  0.647404 1.45992E-10
 gd  64   1.013767 -0.036233  1.136652  0.995670 1.16800E-09
 tb  65   0.076066 -0.243934  0.928950  0.787969 1.36252E-10
 dy  66   1.166590  0.036590  1.209474  1.068493 1.71604E-09
 ho  67   0.152052 -0.317948  0.854936  0.713955 1.68437E-10
 er  68   0.992696  0.072696  1.245580  1.104599 1.18351E-09
 tm  69   0.053856 -0.066144  1.106740  0.965759 1.37613E-10
 yb  70   1.330173  0.410173  1.583058  1.442076 2.66321E-09
 lu  71   0.394823  0.304823  1.477708  1.336726 3.12510E-10
 hf  72   1.260806  0.550806  1.723691  1.582709 2.34156E-09
 ta  73   0.307226  0.427226  1.600111  1.459129 2.64159E-10
  w  74   1.237288  0.587288  1.760172  1.619190 2.28462E-09
 re  75   0.316566  0.056566  1.229451  1.088469 2.77746E-10
 os  76   1.203918 -0.146082  1.026803  0.885821 2.18919E-09
 ir  77   0.588046 -0.731954  0.440930  0.299949 5.35703E-10
 pt  78   1.270786 -0.349214  0.823671  0.682689 2.61867E-09
 au  79   0.486823 -0.313177  0.859708  0.718726 4.34812E-10
 hg  80   1.726273  0.556273  1.729157  1.588175 7.68542E-09
 tl  81   1.554390  0.784390  1.957274  1.816293 5.27133E-09
 pb  82   3.432557  1.392557  2.565442  2.424460 4.03675E-07
 bi  83   2.113634  1.463634  2.636518  2.495537 1.95355E-08
 po  84   2.676170 -9.000000  0.000000  0.000000 7.13514E-08
#[ls/Fe]_Bisterzo =   1.2480, [hs/Fe]_Bisterzo =   1.5612
#[hs/ls]_Bisterzo =   0.3132, [Pb/hs]_Bisterzo =   1.0043
#[ls/Fe]_Thiswork =   1.1853, [hs/Fe]_Thiswork =   1.7281
#[hs/ls]_Thiswork =   0.5428, [Pb/hs]_Thiswork =   0.8373
# He/H =  9.4839E-02, C/O =  1.2399E+01, c12/c13 = 1.37974E+01
# N/O =  7.4713E-01, n14/n15 = 6.04223E+04
# o16/o17 = 1.28934E+03, o16/o18 = 6.65127E+04
# mg24/mg25 =  1.4064E+00, mg24/mg26 =  1.2607E+00
# al26/al27 =  1.6738E-02, mg+al =  4.7714E-06
#
#  TP   Mass     Mcore    Menv    log L
# 20 3.162480 0.841241 2.321240 4.354530
# El  Z   log e(X)   [X/H]    [X/Fe]     [X/O]      X(i)
  p   1  12.000000  0.000000  0.000000  0.000000 7.23559E-01
 he   2  10.979982  0.049982  1.222867  1.081885 2.74398E-01
 li   3   1.164934 -2.095066 -0.922181 -1.063163 7.28399E-11
 be   4   1.611245  0.311245  0.000000  0.000000 2.64289E-10
  b   5   0.000000 -2.790000  0.000000  0.000000 9.31435E-26
  c   6   8.826825  0.356825  1.529709  1.388728 5.78652E-03
  n   7   7.610975 -0.259025  0.913860  0.772878 4.10520E-04
  o   8   7.711341 -1.018658  0.154226  0.000000 5.90810E-04
  f   9   4.761089  0.341089  1.513973  1.359747 7.86702E-07
 ne  10   7.731893 -0.238107  0.934778  0.780551 7.81318E-04
 na  11   5.847884 -0.392116  0.780769  0.626543 1.16262E-05
 mg  12   6.835625 -0.804375  0.368510  0.214283 1.19491E-04
 al  13   5.455192 -0.994808  0.178077  0.023850 5.52433E-06
 si  14   6.423869 -1.126132  0.046753 -0.107473 5.35022E-05
  p  15   4.654245 -0.755754  0.417130  0.262904 1.00290E-06
  s  16   5.998075 -1.151925  0.020959 -0.133267 2.29150E-05
 cl  17   4.101560 -1.128440  0.044445 -0.109782 3.21534E-07
 ar  18   5.269042 -1.170958  0.001926 -0.152300 5.32784E-06
  k  19   3.932537 -1.147463  0.025422 -0.128805 2.40273E-07
 ca  20   5.115649 -1.174351 -0.001467 -0.155693 3.75464E-06
 sc  21   2.099479 -0.950521  0.222363  0.068137 4.05770E-09
 ti  22   3.759688 -1.150311  0.022573 -0.131653 1.97578E-07
  v  23   2.793226 -1.166774  0.006111 -0.148116 2.27152E-08
 cr  24   4.450712 -1.189288 -0.016403 -0.170630 1.05365E-06
 mn  25   4.303403 -1.176597 -0.003713 -0.157939 7.93030E-07
 fe  26   6.367690 -1.172310  0.000000 -0.153652 9.34734E-05
 co  27   4.017941 -0.852058  0.320251  0.166600 4.40873E-07
 ni  28   5.078166 -1.121833  0.050477 -0.103175 5.04390E-06
 cu  29   3.568222 -0.681778  0.490532  0.336880 1.68781E-07
 zn  30   3.619857 -1.010143  0.162167  0.008515 1.95663E-07
 ga  31   2.410103 -0.669897  0.502413  0.348761 1.28674E-08
 ge  32   2.858781 -0.721219  0.451091  0.297439 3.76678E-08
 as  33   1.462814 -0.837186  0.335124  0.181473 1.56112E-09
 se  34   2.739009 -0.600991  0.571319  0.417667 3.10763E-08
 br  35   1.731645 -0.808355  0.363955  0.210303 3.09191E-09
 kr  36   3.197335 -0.052665  1.119645  0.965993 9.47507E-08
 rb  37   2.458386 -0.061614  1.110696  0.957045 1.76280E-08
 sr  38   2.798508 -0.081492  1.090817  0.937166 3.95480E-08
  y  39   2.229547  0.019547  1.191856  1.038205 1.08266E-08
 zr  40   2.725946  0.195946  1.368256  1.214605 3.48393E-08
 nb  41   0.528391 -0.881609  0.290701  0.137049 2.25138E-10
 mo  42   1.885352 -0.054648  1.117662  0.964010 5.28891E-09
 tc  43   0.373779 -9.000000  0.000000  0.000000 1.66348E-10
 ru  44   1.531013 -0.228987  0.943323  0.789672 2.46405E-09
 rh  45   0.502505 -0.557495  0.614815  0.461164 2.34941E-10
 pd  46   1.500233 -0.149767  1.022543  0.868891 2.41696E-09
 ag  47   0.539033 -0.660967  0.511343  0.357691 2.67879E-10
 cd  48   1.612598 -0.097402  1.074908  0.921257 3.30690E-09
 in  49   0.484517 -0.275483  0.896827  0.743175 2.51502E-10
 sn  50   2.079721  0.009722  1.182031  1.028380 1.02382E-08
 sb  51   0.593865 -0.416135  0.756175  0.602524 3.43071E-10
 te  52   1.700392 -0.479608  0.692702  0.539050 4.59469E-09
  i  53   0.724404 -0.825596  0.346714  0.193063 4.82940E-10
 xe  54   1.999996 -0.240004  0.932306  0.778654 9.42435E-09
 cs  55   1.270838  0.190838  1.363148  1.209496 1.77989E-09
 ba  56   2.744994  0.564994  1.737304  1.583652 5.47978E-08
 la  57   1.699274  0.529274  1.701584  1.547932 4.98894E-09
 ce  58   2.253427  0.673427  1.845736  1.692085 1.80272E-08
 pr  59   1.199449  0.439449  1.611758  1.458107 1.60102E-09
 nd  60   1.931339  0.481339  1.653649  1.499997 8.83973E-09
 pm  61   0.000000 -9.000000  0.000000  0.000000 1.07040E-28
 sm  62   1.191851  0.251851  1.424160  1.270509 1.67879E-09
 eu  63   0.155622 -0.354378  0.817931  0.664280 1.56090E-10
 gd  64   1.047735 -0.002265  1.170045  1.016393 1.25991E-09
 tb  65   0.107975 -0.212025  0.960285  0.806633 1.46279E-10
 dy  66   1.199866  0.069866  1.242176  1.088524 1.84813E-09
 ho  67   0.182614 -0.287386  0.884924  0.731272 1.80272E-10
 er  68   1.026601  0.106601  1.278911  1.125259 1.27645E-09
 tm  69   0.086320 -0.033680  1.138630  0.984978 1.47928E-10
 yb  70   1.365192  0.445192  1.617502  1.463850 2.87973E-09
 lu  71   0.429242  0.339242  1.511552  1.357900 3.37452E-10
 hf  72   1.295185  0.585185  1.757495  1.603843 2.52821E-09
 ta  73   0.341401  0.461401  1.633711  1.480059 2.85081E-10
  w  74   1.271272  0.621272  1.793582  1.639930 2.46448E-09
 re  75   0.349402  0.089402  1.261712  1.108061 2.98822E-10
 os  76   1.235636 -0.114364  1.057946  0.904294 2.34924E-09
 ir  77   0.610774 -0.709226  0.463084  0.309432 5.63092E-10
 pt  78   1.300751 -0.319249  0.853061  0.699409 2.79880E-09
 au  79   0.516751 -0.283249  0.889061  0.735409 4.64685E-10
 hg  80   1.759311  0.589311  1.761621  1.607969 8.27243E-09
 tl  81   1.588648  0.818648  1.990958  1.837306 5.68992E-09
 pb  82   3.469265  1.429265  2.601575  2.447923 4.38196E-07
 bi  83   2.165689  1.515689  2.687998  2.534347 2.19688E-08
 po  84   2.753207 -9.000000  0.000000  0.000000 8.49899E-08
#[ls/Fe]_Bisterzo =   1.2801, [hs/Fe]_Bisterzo =   1.5931
#[hs/ls]_Bisterzo =   0.3131, [Pb/hs]_Bisterzo =   1.0084
#[ls/Fe]_Thiswork =   1.2170, [hs/Fe]_Thiswork =   1.7615
#[hs/ls]_Thiswork =   0.5446, [Pb/hs]_Thiswork =   0.8400
# He/H =  9.5495E-02, C/O =  1.3046E+01, c12/c13 = 1.21950E+01
# N/O =  7.9366E-01, n14/n15 = 6.04225E+04
# o16/o17 = 1.30675E+03, o16/o18 = 7.70593E+04
# mg24/mg25 =  1.2665E+00, mg24/mg26 =  1.1233E+00
# al26/al27 =  1.5848E-02, mg+al =  5.1210E-06
#
#  TP   Mass     Mcore    Menv    log L
# 21 3.086170 0.841464 2.244710 4.356580
# El  Z   log e(X)   [X/H]    [X/Fe]     [X/O]      X(i)
  p   1  12.000000  0.000000  0.000000  0.000000 7.22063E-01
 he   2  10.982444  0.052444  1.224753  1.071102 2.75387E-01
 li   3   1.239634 -2.020366 -0.848057 -1.001708 8.63317E-11
 be   4   1.683164  0.383164  0.000000  0.000000 3.11242E-10
  b   5   0.000000 -2.790000  0.000000  0.000000 9.21230E-26
  c   6   8.856083  0.386083  1.558393  1.404741 6.17698E-03
  n   7   7.641633 -0.228367  0.943943  0.790291 4.39635E-04
  o   8   7.721782 -1.008217  0.164093  0.000000 6.03934E-04
  f   9   4.788115  0.368115  1.540425  1.376332 8.35482E-07
 ne  10   7.756915 -0.213085  0.959225  0.795133 8.25944E-04
 na  11   5.876152 -0.363848  0.808462  0.644370 1.23824E-05
 mg  12   6.869189 -0.770811  0.401499  0.237406 1.28825E-04
 al  13   5.470744 -0.979256  0.193054  0.028961 5.71389E-06
 si  14   6.428596 -1.121404  0.050906 -0.113186 5.39760E-05
  p  15   4.676623 -0.733377  0.438933  0.274841 1.05374E-06
  s  16   5.999376 -1.150624  0.021686 -0.142407 2.29362E-05
 cl  17   4.105622 -1.124378  0.047932 -0.116160 3.23884E-07
 ar  18   5.269622 -1.170378  0.001932 -0.162160 5.32392E-06
  k  19   3.935390 -1.144609  0.027700 -0.136392 2.41356E-07
 ca  20   5.115902 -1.174098 -0.001788 -0.165881 3.74906E-06
 sc  21   2.116453 -0.933547  0.238763  0.074671 4.21071E-09
 ti  22   3.761479 -1.148520  0.023789 -0.140303 1.97984E-07
  v  23   2.793985 -1.166015  0.006295 -0.157797 2.27078E-08
 cr  24   4.451175 -1.188825 -0.016515 -0.180608 1.05259E-06
 mn  25   4.303463 -1.176537 -0.004227 -0.168320 7.91499E-07
 fe  26   6.368096 -1.171904  0.000000 -0.163686 9.33673E-05
 co  27   4.031476 -0.838523  0.333380  0.169694 4.53889E-07
 ni  28   5.083943 -1.116057  0.055847 -0.107840 5.10086E-06
 cu  29   3.605776 -0.644224  0.527679  0.363993 1.83645E-07
 zn  30   3.639544 -0.990457  0.181447  0.017761 2.04313E-07
 ga  31   2.448552 -0.631448  0.540456  0.376770 1.40295E-08
 ge  32   2.894643 -0.685357  0.486547  0.322860 4.08256E-08
 as  33   1.490561 -0.809438  0.362465  0.198779 1.66068E-09
 se  34   2.773707 -0.566293  0.605611  0.441925 3.35914E-08
 br  35   1.759720 -0.780280  0.391623  0.227937 3.29157E-09
 kr  36   3.224743 -0.025257  1.146646  0.982960 1.00714E-07
 rb  37   2.489570 -0.030430  1.141473  0.977787 1.89011E-08
 sr  38   2.823236 -0.056764  1.115140  0.951454 4.17786E-08
  y  39   2.252986  0.042986  1.214890  1.051203 1.14033E-08
 zr  40   2.750477  0.220477  1.392380  1.228694 3.67875E-08
 nb  41   0.555615 -0.854385  0.317519  0.153833 2.39207E-10
 mo  42   1.908215 -0.031785  1.140118  0.976432 5.56325E-09
 tc  43   0.385136 -9.000000  0.000000  0.000000 1.70403E-10
 ru  44   1.555331 -0.204669  0.967235  0.803549 2.60057E-09
 rh  45   0.522166 -0.537834  0.634070  0.470384 2.45314E-10
 pd  46   1.524386 -0.125614  1.046290  0.882604 2.54991E-09
 ag  47   0.557825 -0.642175  0.529729  0.366042 2.79146E-10
 cd  48   1.637406 -0.072594  1.099310  0.935624 3.49405E-09
 in  49   0.508082 -0.251918  0.919986  0.756300 2.64976E-10
 sn  50   2.103269  0.033269  1.205172  1.041486 1.07862E-08
 sb  51   0.615079 -0.394921  0.776983  0.613296 3.59499E-10
 te  52   1.721354 -0.458647  0.713257  0.549571 4.81193E-09
  i  53   0.736687 -0.813313  0.358590  0.194904 4.95766E-10
 xe  54   2.022061 -0.217939  0.953965  0.790279 9.89504E-09
 cs  55   1.291669  0.211669  1.383572  1.219886 1.86348E-09
 ba  56   2.770222  0.590222  1.762125  1.598439 5.79552E-08
 la  57   1.722195  0.552195  1.724098  1.560412 5.24844E-09
 ce  58   2.277410  0.697410  1.869313  1.705627 1.90113E-08
 pr  59   1.222808  0.462808  1.634712  1.471025 1.68600E-09
 nd  60   1.953089  0.503089  1.674992  1.511306 9.27447E-09
 pm  61   0.000000 -9.000000  0.000000  0.000000 9.58915E-29
 sm  62   1.215486  0.275486  1.447389  1.283703 1.76902E-09
 eu  63   0.177031 -0.332969  0.838934  0.675248 1.63639E-10
 gd  64   1.071771  0.021771  1.193674  1.029988 1.32885E-09
 tb  65   0.130636 -0.189364  0.982540  0.818854 1.53795E-10
 dy  66   1.223398  0.093398  1.265302  1.101616 1.94700E-09
 ho  67   0.204378 -0.265622  0.906282  0.742595 1.89144E-10
 er  68   1.050833  0.130833  1.302736  1.139050 1.34690E-09
 tm  69   0.109409 -0.010591  1.161313  0.997627 1.55683E-10
 yb  70   1.390313  0.470313  1.642217  1.478530 3.04491E-09
 lu  71   0.453981  0.363981  1.535885  1.372199 3.56494E-10
 hf  72   1.320002  0.610002  1.781905  1.618219 2.67135E-09
 ta  73   0.366199  0.486199  1.658102  1.494416 3.01208E-10
  w  74   1.296115  0.646115  1.818019  1.654332 2.60417E-09
 re  75   0.373635  0.113635  1.285539  1.121853 3.15316E-10
 os  76   1.259167 -0.090833  1.081070  0.917384 2.47491E-09
 ir  77   0.627997 -0.692003  0.479901  0.316215 5.84661E-10
 pt  78   1.323228 -0.296772  0.875131  0.711445 2.94137E-09
 au  79   0.539270 -0.260730  0.911174  0.747488 4.88403E-10
 hg  80   1.784028  0.614028  1.785932  1.622245 8.73880E-09
 tl  81   1.614171  0.844171  2.016075  1.852388 6.02186E-09
 pb  82   3.490680  1.450680  2.622583  2.458897 4.59392E-07
 bi  83   2.198271  1.548271  2.720174  2.556488 2.36314E-08
 po  84   2.774246 -9.000000  0.000000  0.000000 8.90239E-08
#[ls/Fe]_Bisterzo =   1.3036, [hs/Fe]_Bisterzo =   1.6155
#[hs/ls]_Bisterzo =   0.3119, [Pb/hs]_Bisterzo =   1.0071
#[ls/Fe]_Thiswork =   1.2408, [hs/Fe]_Thiswork =   1.7852
#[hs/ls]_Thiswork =   0.5444, [Pb/hs]_Thiswork =   0.8374
# He/H =  9.6038E-02, C/O =  1.3624E+01, c12/c13 = 1.14616E+01
# N/O =  8.3148E-01, n14/n15 = 6.02421E+04
# o16/o17 = 1.32502E+03, o16/o18 = 6.11056E+04
# mg24/mg25 =  1.1451E+00, mg24/mg26 =  9.9831E-01
# al26/al27 =  1.5044E-02, mg+al =  5.5121E-06
#
#  TP   Mass     Mcore    Menv    log L
# 22 2.693930 0.841709 1.852220 4.355600
# El  Z   log e(X)   [X/H]    [X/Fe]     [X/O]      X(i)
  p   1  12.000000  0.000000  0.000000  0.000000 7.20181E-01
 he   2  10.985565  0.055565  1.227468  1.063782 2.76650E-01
 li   3  -0.366113 -3.626113 -2.454209 -2.617895 2.13447E-12
 be   4  -0.056082 -1.356082  0.000000  0.000000 5.65874E-12
  b   5   0.000000 -2.790000  0.000000  0.000000 4.36547E-29
  c   6   8.889955  0.419954  1.591858  1.428172 6.66062E-03
  n   7   7.666838 -0.203162  0.968741  0.805055 4.64690E-04
  o   8   7.734198 -0.995801  0.176102  0.000000 6.19829E-04
  f   9   4.825271  0.405271  1.577174  1.401072 9.07736E-07
 ne  10   7.787472 -0.182528  0.989376  0.813274 8.83842E-04
 na  11   5.908230 -0.331769  0.840134  0.664032 1.32969E-05
 mg  12   6.906122 -0.733878  0.438025  0.261923 1.39894E-04
 al  13   5.490445 -0.959555  0.212348  0.036246 5.96348E-06
 si  14   6.434407 -1.115593  0.056310 -0.119792 5.45604E-05
  p  15   4.702366 -0.707634  0.464270  0.288167 1.11518E-06
  s  16   6.000980 -1.149020  0.022883 -0.153219 2.29611E-05
 cl  17   4.110386 -1.119614  0.052290 -0.123812 3.26603E-07
 ar  18   5.270360 -1.169640  0.002264 -0.173838 5.31908E-06
  k  19   3.938734 -1.141266  0.030638 -0.145464 2.42588E-07
 ca  20   5.116256 -1.173744 -0.001841 -0.177943 3.74234E-06
 sc  21   2.135080 -0.914920  0.256984  0.080882 4.38378E-09
 ti  22   3.763514 -1.146486  0.025417 -0.150685 1.98395E-07
  v  23   2.794903 -1.165097  0.006806 -0.169296 2.26965E-08
 cr  24   4.451799 -1.188200 -0.016297 -0.192399 1.05136E-06
 mn  25   4.303575 -1.176425 -0.004522 -0.180624 7.89639E-07
 fe  26   6.368656 -1.171344  0.000000 -0.175543 9.32440E-05
 co  27   4.050010 -0.819990  0.351355  0.175812 4.72444E-07
 ni  28   5.090540 -1.109460  0.061884 -0.113658 5.16544E-06
 cu  29   3.643145 -0.606855  0.564489  0.388946 1.99624E-07
 zn  30   3.658786 -0.971214  0.200130  0.024587 2.13012E-07
 ga  31   2.484658 -0.595342  0.576003  0.400460 1.52060E-08
 ge  32   2.928855 -0.651145  0.520199  0.344656 4.40567E-08
 as  33   1.517824 -0.782176  0.389169  0.213626 1.76366E-09
 se  34   2.808131 -0.531869  0.639476  0.463933 3.62677E-08
 br  35   1.789117 -0.750883  0.420461  0.244918 3.51291E-09
 kr  36   3.255687  0.005687  1.177031  1.001488 1.07870E-07
 rb  37   2.524092  0.004092  1.175436  0.999893 2.04116E-08
 sr  38   2.851769 -0.028231  1.143114  0.967571 4.44993E-08
  y  39   2.280499  0.070499  1.241844  1.066301 1.21175E-08
 zr  40   2.779022  0.249022  1.420367  1.244824 3.91843E-08
 nb  41   0.584390 -0.825610  0.345734  0.170191 2.54926E-10
 mo  42   1.935072 -0.004928  1.166416  0.990873 5.90272E-09
 tc  43   0.402096 -9.000000  0.000000  0.000000 1.76727E-10
 ru  44   1.583451 -0.176549  0.994796  0.819253 2.76729E-09
 rh  45   0.545311 -0.514689  0.656655  0.481112 2.58067E-10
 pd  46   1.552433 -0.097567  1.073777  0.898234 2.71292E-09
 ag  47   0.579866 -0.620134  0.551211  0.375668 2.92914E-10
 cd  48   1.666019 -0.043981  1.127364  0.951821 3.72229E-09
 in  49   0.535289 -0.224711  0.946633  0.771090 2.81371E-10
 sn  50   2.130334  0.060334  1.231678  1.056135 1.14499E-08
 sb  51   0.639634 -0.370366  0.800978  0.625436 3.79420E-10
 te  52   1.745796 -0.434204  0.737140  0.561598 5.07724E-09
  i  53   0.751415 -0.798585  0.372760  0.197217 5.11530E-10
 xe  54   2.048542 -0.191458  0.979886  0.804343 1.04897E-08
 cs  55   1.317417  0.237417  1.408761  1.233219 1.97215E-09
 ba  56   2.800144  0.620144  1.791488  1.615946 6.19271E-08
 la  57   1.749972  0.579972  1.751317  1.575774 5.58051E-09
 ce  58   2.306676  0.726676  1.898020  1.722477 2.02836E-08
 pr  59   1.251428  0.491428  1.662772  1.487229 1.79616E-09
 nd  60   1.980028  0.530028  1.701372  1.525830 9.84226E-09
 pm  61   0.000000 -9.000000  0.000000  0.000000 5.28633E-33
 sm  62   1.244339  0.304339  1.475683  1.300140 1.88561E-09
 eu  63   0.203321 -0.306679  0.864665  0.689122 1.73397E-10
 gd  64   1.101040  0.051040  1.222384  1.046841 1.41779E-09
 tb  65   0.158313 -0.161687  1.009657  0.834114 1.63488E-10
 dy  66   1.252089  0.122089  1.293433  1.117890 2.07454E-09
 ho  67   0.231011 -0.238989  0.932356  0.756813 2.00582E-10
 er  68   1.080252  0.160252  1.331596  1.156053 1.43755E-09
 tm  69   0.137580  0.017580  1.188924  1.013381 1.65683E-10
 yb  70   1.420606  0.500606  1.671950  1.496407 3.25637E-09
 lu  71   0.483829  0.393829  1.565174  1.389631 3.80861E-10
 hf  72   1.349915  0.639915  1.811259  1.635716 2.85436E-09
 ta  73   0.396043  0.516043  1.687387  1.511844 3.21794E-10
  w  74   1.325999  0.675999  1.847344  1.671801 2.78241E-09
 re  75   0.402982  0.142982  1.314326  1.138783 3.36480E-10
 os  76   1.287344 -0.062656  1.108688  0.933145 2.63393E-09
 ir  77   0.649022 -0.670978  0.500366  0.324823 6.12062E-10
 pt  78   1.350129 -0.269871  0.901473  0.725931 3.12117E-09
 au  79   0.566229 -0.233771  0.937573  0.762030 5.18327E-10
 hg  80   1.813433  0.643433  1.814777  1.639234 9.32659E-09
 tl  81   1.644546  0.874546  2.045890  1.870347 6.44127E-09
 pb  82   3.514860  1.474860  2.646204  2.470662 4.84429E-07
 bi  83   2.231167  1.581167  2.752511  2.576968 2.54245E-08
 po  84   2.793331 -9.000000  0.000000  0.000000 9.27810E-08
#[ls/Fe]_Bisterzo =   1.3311, [hs/Fe]_Bisterzo =   1.6428
#[hs/ls]_Bisterzo =   0.3117, [Pb/hs]_Bisterzo =   1.0034
#[ls/Fe]_Thiswork =   1.2684, [hs/Fe]_Thiswork =   1.8136
#[hs/ls]_Thiswork =   0.5452, [Pb/hs]_Thiswork =   0.8326
# He/H =  9.6731E-02, C/O =  1.4314E+01, c12/c13 = 1.13273E+01
# N/O =  8.5633E-01, n14/n15 = 5.85198E+04
# o16/o17 = 1.34633E+03, o16/o18 = 6.78491E+04
# mg24/mg25 =  1.0288E+00, mg24/mg26 =  8.8362E-01
# al26/al27 =  1.4206E-02, mg+al =  5.9768E-06
#
#  TP   Mass     Mcore    Menv    log L
# 23 2.071630 0.842083 1.229550 4.341430
# El  Z   log e(X)   [X/H]    [X/Fe]     [X/O]      X(i)
  p   1  12.000000  0.000000  0.000000  0.000000 7.17803E-01
 he   2  10.989457  0.059457  1.230801  1.055258 2.78219E-01
 li   3  -3.483349 -6.743349 -5.572005 -5.747548 1.62412E-15
 be   4  -5.256691 -6.556691  0.000000  0.000000 3.55365E-17
  b   5   0.000000 -2.790000  0.000000  0.000000 1.33353E-33
  c   6   8.930876  0.460876  1.632220  1.456677 7.29457E-03
  n   7   7.698545 -0.171455  0.999889  0.824346 4.98235E-04
  o   8   7.750000 -0.980000  0.191344  0.000000 6.40674E-04
  f   9   4.863008  0.443007  1.614352  1.423007 9.86870E-07
 ne  10   7.823720 -0.146280  1.025064  0.833720 9.57604E-04
 na  11   5.948632 -0.291368  0.879977  0.688632 1.45451E-05
 mg  12   6.955698 -0.684301  0.487043  0.295699 1.56293E-04
 al  13   5.515797 -0.934203  0.237141  0.045797 6.30109E-06
 si  14   6.442109 -1.107891  0.063453 -0.127891 5.53533E-05
  p  15   4.734513 -0.675487  0.495858  0.304513 1.19689E-06
  s  16   6.002902 -1.147099  0.024246 -0.167099 2.29867E-05
 cl  17   4.116077 -1.113923  0.057422 -0.133923 3.29819E-07
 ar  18   5.271276 -1.168724  0.002621 -0.188724 5.31271E-06
  k  19   3.942989 -1.137011  0.034334 -0.157011 2.44168E-07
 ca  20   5.116680 -1.173320 -0.001976 -0.193320 3.73362E-06
 sc  21   2.158148 -0.891852  0.279492  0.088148 4.60766E-09
 ti  22   3.766064 -1.143936  0.027408 -0.163936 1.98905E-07
  v  23   2.795993 -1.164007  0.007337 -0.184007 2.26784E-08
 cr  24   4.452523 -1.187477 -0.016133 -0.207477 1.04963E-06
 mn  25   4.303706 -1.176294 -0.004950 -0.196294 7.87270E-07
 fe  26   6.369327 -1.170673  0.000000 -0.190673 9.30798E-05
 co  27   4.069606 -0.800394  0.370279  0.179606 4.92616E-07
 ni  28   5.099132 -1.100868  0.069805 -0.120868 5.25125E-06
 cu  29   3.691150 -0.558850  0.611823  0.421150 2.22220E-07
 zn  30   3.687530 -0.942471  0.228203  0.037529 2.26836E-07
 ga  31   2.536808 -0.543192  0.627481  0.436808 1.70895E-08
 ge  32   2.978526 -0.601474  0.569200  0.378526 4.92319E-08
 as  33   1.558053 -0.741947  0.428726  0.238053 1.92844E-09
 se  34   2.857330 -0.482670  0.688004  0.497330 4.04838E-08
 br  35   1.828148 -0.711852  0.458821  0.268148 3.83055E-09
 kr  36   3.295984  0.045984  1.216658  1.025984 1.17968E-07
 rb  37   2.569038  0.049038  1.219712  1.029038 2.25624E-08
 sr  38   2.888506  0.008506  1.179179  0.988506 4.82674E-08
  y  39   2.315562  0.105562  1.276236  1.085562 1.30930E-08
 zr  40   2.815504  0.285504  1.456177  1.265504 4.24773E-08
 nb  41   0.615524 -0.794476  0.376198  0.185524 2.72968E-10
 mo  42   1.969378  0.029378  1.200052  1.009378 6.36682E-09
 tc  43   0.430235 -9.000000  0.000000  0.000000 1.87934E-10
 ru  44   1.618744 -0.141256  1.029417  0.838744 2.99165E-09
 rh  45   0.575053 -0.484947  0.685727  0.495053 2.75447E-10
 pd  46   1.588083 -0.061917  1.108757  0.918083 2.93529E-09
 ag  47   0.608243 -0.591757  0.578916  0.388243 3.11659E-10
 cd  48   1.702461 -0.007539  1.163135  0.972461 4.03473E-09
 in  49   0.570132 -0.189868  0.980806  0.790132 3.03869E-10
 sn  50   2.165502  0.095502  1.266175  1.075502 1.23747E-08
 sb  51   0.672001 -0.337999  0.832674  0.642001 4.07428E-10
 te  52   1.778108 -0.401892  0.768781  0.578108 5.45134E-09
  i  53   0.771394 -0.778606  0.392067  0.201394 5.33843E-10
 xe  54   2.082633 -0.157367  1.013306  0.822633 1.13089E-08
 cs  55   1.350829  0.270829  1.441502  1.250829 2.12283E-09
 ba  56   2.838229  0.658229  1.828902  1.638229 6.73798E-08
 la  57   1.785427  0.615427  1.786101  1.595427 6.03521E-09
 ce  58   2.343591  0.763591  1.934264  1.743591 2.20101E-08
 pr  59   1.287596  0.527596  1.698269  1.507596 1.94570E-09
 nd  60   2.013854  0.563854  1.734527  1.543854 1.06044E-08
 pm  61   0.000000 -9.000000  0.000000  0.000000 0.00000E+00
 sm  62   1.280517  0.340517  1.511190  1.320517 2.04265E-09
 eu  63   0.236568 -0.273432  0.897242  0.706568 1.86575E-10
 gd  64   1.137782  0.087782  1.258456  1.067782 1.53786E-09
 tb  65   0.193178 -0.126822  1.043852  0.853178 1.76569E-10
 dy  66   1.288091  0.158091  1.328764  1.138091 2.24641E-09
 ho  67   0.264606 -0.205394  0.965279  0.774606 2.15998E-10
 er  68   1.117188  0.197187  1.367861  1.177187 1.55999E-09
 tm  69   0.172937  0.052937  1.223611  1.032937 1.79143E-10
 yb  70   1.458645  0.538645  1.709318  1.518645 3.54272E-09
 lu  71   0.521338  0.431338  1.602011  1.411337 4.13846E-10
 hf  72   1.387506  0.677506  1.848179  1.657506 3.10216E-09
 ta  73   0.433592  0.553592  1.724265  1.533592 3.49696E-10
  w  74   1.363654  0.713654  1.884328  1.693654 3.02440E-09
 re  75   0.439981  0.179981  1.350655  1.159981 3.65193E-10
 os  76   1.323167 -0.026833  1.143840  0.953167 2.85096E-09
 ir  77   0.676208 -0.643793  0.526881  0.336208 6.49447E-10
 pt  78   1.384553 -0.235447  0.935226  0.744553 3.36748E-09
 au  79   0.600739 -0.199261  0.971413  0.780739 5.59342E-10
 hg  80   1.850958  0.680958  1.851631  1.660958 1.01347E-08
 tl  81   1.683263  0.913263  2.083936  1.893263 7.01863E-09
 pb  82   3.542491  1.502491  2.673164  2.482491 5.14547E-07
 bi  83   2.268230  1.618230  2.788904  2.598230 2.75981E-08
 po  84   2.812764 -9.000000  0.000000  0.000000 9.67065E-08
#[ls/Fe]_Bisterzo =   1.3662, [hs/Fe]_Bisterzo =   1.6773
#[hs/ls]_Bisterzo =   0.3111, [Pb/hs]_Bisterzo =   0.9959
#[ls/Fe]_Thiswork =   1.3039, [hs/Fe]_Thiswork =   1.8498
#[hs/ls]_Thiswork =   0.5459, [Pb/hs]_Thiswork =   0.8234
# He/H =  9.7602E-02, C/O =  1.5166E+01, c12/c13 = 1.14358E+01
# N/O =  8.8827E-01, n14/n15 = 5.75984E+04
# o16/o17 = 1.36447E+03, o16/o18 = 8.11385E+04
# mg24/mg25 =  8.9995E-01, mg24/mg26 =  7.5406E-01
# al26/al27 =  1.3264E-02, mg+al =  6.6640E-06
#
# Final abundances
# El  Z   log e(X)   [X/H]    [X/Fe]     [X/O]      X(i)
  p   1  12.000000  0.000000  0.000000  0.000000 7.14133E-01
 he   2  10.995422  0.065422  1.235086  1.020367 2.80625E-01
 li   3   2.590627 -0.669373  0.500291  0.285571 1.91587E-09
 be   4   0.000000 -1.300000  0.000000  0.000000 2.65008E-22
  b   5   0.000000 -2.790000  0.000000  0.000000 6.05494E-28
  c   6   8.986931  0.516931  1.686595  1.471875 8.25711E-03
  n   7   7.761496 -0.108504  1.061160  0.846440 5.73006E-04
  o   8   7.775055 -0.954945  0.214720  0.000000 6.75252E-04
  f   9   4.914794  0.494794  1.664458  1.449739 1.10617E-06
 ne  10   7.875074 -0.094926  1.074739  0.860019 1.07229E-03
 na  11   6.007502 -0.232498  0.937167  0.722447 1.65714E-05
 mg  12   7.031946 -0.608054  0.561610  0.346890 1.85336E-04
 al  13   5.555425 -0.894575  0.275090  0.060370 6.86780E-06
 si  14   6.455061 -1.094939  0.074726 -0.139994 5.67374E-05
  p  15   4.797032 -0.612968  0.556696  0.341977 1.37514E-06
  s  16   6.006268 -1.143733  0.025932 -0.188788 2.30471E-05
 cl  17   4.124209 -1.105791  0.063874 -0.150846 3.34334E-07
 ar  18   5.272716 -1.167284  0.002380 -0.212340 5.30309E-06
  k  19   3.949753 -1.130247  0.039417 -0.175303 2.46732E-07
 ca  20   5.117335 -1.172665 -0.003000 -0.217720 3.72014E-06
 sc  21   2.195762 -0.854238  0.315426  0.100706 4.99882E-09
 ti  22   3.770663 -1.139337  0.030328 -0.184392 1.99995E-07
  v  23   2.797978 -1.162022  0.007643 -0.207077 2.26659E-08
 cr  24   4.453700 -1.186300 -0.016635 -0.231355 1.04710E-06
 mn  25   4.303918 -1.176082 -0.006417 -0.221137 7.83627E-07
 fe  26   6.370336 -1.169664  0.000000 -0.214720 9.28193E-05
 co  27   4.095472 -0.774528  0.395136  0.180417 5.20174E-07
 ni  28   5.112582 -1.087418  0.082247 -0.132473 5.38874E-06
 cu  29   3.761684 -0.488316  0.681349  0.466629 2.60070E-07
 zn  30   3.734400 -0.895600  0.274064  0.059344 2.51394E-07
 ga  31   2.616656 -0.463344  0.706321  0.491601 2.04339E-08
 ge  32   3.055221 -0.524779  0.644885  0.430165 5.84406E-08
 as  33   1.621825 -0.678175  0.491490  0.276770 2.22204E-09
 se  34   2.933049 -0.406951  0.762714  0.547994 4.79485E-08
 br  35   1.885774 -0.654226  0.515438  0.300718 4.35171E-09
 kr  36   3.352709  0.102709  1.272373  1.057653 1.33740E-07
 rb  37   2.633579  0.113579  1.283244  1.068524 2.60436E-08
 sr  38   2.939593  0.059593  1.229258  1.014538 5.40151E-08
  y  39   2.362862  0.152862  1.322526  1.107806 1.45248E-08
 zr  40   2.862977  0.332977  1.502641  1.287922 4.71417E-08
 nb  41   0.651158 -0.758842  0.410823  0.196103 2.94795E-10
 mo  42   2.013456  0.073456  1.243121  1.028401 7.01091E-09
 tc  43   0.470815 -9.000000  0.000000  0.000000 2.05286E-10
 ru  44   1.662844 -0.097156  1.072508  0.857788 3.29446E-09
 rh  45   0.612905 -0.447095  0.722569  0.507849 2.98995E-10
 pd  46   1.632759 -0.017241  1.152424  0.937704 3.23669E-09
 ag  47   0.644324 -0.555676  0.613989  0.399269 3.36927E-10
 cd  48   1.747873  0.037873  1.207538  0.992818 4.45656E-09
 in  49   0.613602 -0.146398  1.023266  0.808546 3.34141E-10
 sn  50   2.208433  0.138433  1.308098  1.093378 1.35906E-08
 sb  51   0.711048 -0.298952  0.870713  0.655993 4.43477E-10
 te  52   1.816353 -0.363647  0.806017  0.591297 5.92273E-09
  i  53   0.795424 -0.754575  0.415089  0.200369 5.61330E-10
 xe  54   2.119041 -0.120959  1.048706  0.833986 1.22349E-08
 cs  55   1.385946  0.305946  1.475611  1.260891 2.28985E-09
 ba  56   2.875226  0.695226  1.864890  1.650171 7.29963E-08
 la  57   1.819016  0.649016  1.818680  1.603960 6.48716E-09
 ce  58   2.377713  0.797713  1.967378  1.752658 2.36875E-08
 pr  59   1.321127  0.561127  1.730791  1.516072 2.09113E-09
 nd  60   2.044891  0.594891  1.764556  1.549836 1.13317E-08
 pm  61   0.000000 -9.000000  0.000000  0.000000 0.00000E+00
 sm  62   1.313721  0.373721  1.543385  1.328665 2.19367E-09
 eu  63   0.267452 -0.242548  0.927117  0.712397 1.99302E-10
 gd  64   1.171633  0.121633  1.291297  1.076577 1.65402E-09
 tb  65   0.225412 -0.094588  1.075077  0.860357 1.89201E-10
 dy  66   1.321238  0.191238  1.360902  1.146182 2.41218E-09
 ho  67   0.295722 -0.174278  0.995386  0.780667 2.30855E-10
 er  68   1.151352  0.231352  1.401016  1.186296 1.67903E-09
 tm  69   0.205602  0.085602  1.255266  1.040546 1.92149E-10
 yb  70   1.493798  0.573798  1.743463  1.528743 3.82176E-09
 lu  71   0.556033  0.466033  1.635697  1.420978 4.45972E-10
 hf  72   1.422351  0.712351  1.882015  1.667295 3.34413E-09
 ta  73   0.468501  0.588501  1.758165  1.543446 3.77028E-10
  w  74   1.398806  0.748806  1.918470  1.703750 3.26260E-09
 re  75   0.474779  0.214779  1.384444  1.169724 3.93635E-10
 os  76   1.356943  0.006943  1.176607  0.961888 3.06577E-09
 ir  77   0.702459 -0.617541  0.552124  0.337404 6.86387E-10
 pt  78   1.417307 -0.202693  0.966971  0.752252 3.61272E-09
 au  79   0.633676 -0.166324  1.003340  0.788620 6.00326E-10
 hg  80   1.886856  0.716856  1.886521  1.671801 1.09517E-08
 tl  81   1.720695  0.950696  2.120360  1.905640 7.61130E-09
 pb  82   3.588855  1.548855  2.718519  2.503799 5.69591E-07
 bi  83   2.334350  1.684350  2.854014  2.639294 3.19722E-08
 po  84   2.873478 -9.000000  0.000000  0.000000 1.10648E-07
#[ls/Fe]_Bisterzo =   1.4126, [hs/Fe]_Bisterzo =   1.7089
#[hs/ls]_Bisterzo =   0.2963, [Pb/hs]_Bisterzo =   1.0096
#[ls/Fe]_Thiswork =   1.3515, [hs/Fe]_Thiswork =   1.8836
#[hs/ls]_Thiswork =   0.5322, [Pb/hs]_Thiswork =   0.8349
# He/H =  9.8951E-02, C/O =  1.6288E+01, c12/c13 = 1.13913E+01
# N/O =  9.6926E-01, n14/n15 = 5.52551E+04
# o16/o17 = 1.38964E+03, o16/o18 = 1.01285E+05
# mg24/mg25 =  7.4375E-01, mg24/mg26 =  6.0012E-01
# al26/al27 =  1.2064E-02, mg+al =  7.8800E-06
