#
# Initial mass = 2.250, Z =  0.0140, Y =  0.280, M_mix = 1.00E-03
#
# Initial abundances
# El  Z   log e(X)   [X/H]    [X/Fe]     [X/O]      X(i)
  p   1  12.000000  0.000000  0.000000  0.000000 7.11493E-01
 he   2  10.996293  0.066293  0.060550  0.066423 2.80149E-01
  c   6   8.475736  0.005735 -0.000008  0.005866 2.53528E-03
  n   7   7.875746  0.005746  0.000003  0.005877 7.42681E-04
  o   8   8.729869 -0.000131 -0.005874  0.000000 6.06278E-03
  f   9   4.465736  0.005736 -0.000007  0.005867 3.91882E-07
 ne  10   7.975741  0.005741 -0.000002  0.005872 1.34702E-03
 na  11   6.315756  0.005756  0.000013  0.005887 3.35742E-05
 mg  12   7.645739  0.005739 -0.000004  0.005870 7.58832E-04
 al  13   6.475745  0.005745  0.000002  0.005876 5.69547E-05
 si  14   7.555746  0.005745  0.000002  0.005876 7.12764E-04
  p  15   5.475745  0.005745  0.000002  0.005876 6.53812E-06
  s  16   7.165744  0.005744  0.000001  0.005875 3.31501E-04
 cl  17   5.235743  0.005743  0.000000  0.005873 4.30632E-06
 ar  18   6.445737  0.005737 -0.000006  0.005868 7.86942E-05
  k  19   5.085170  0.005170 -0.000573  0.005301 3.35765E-06
 ca  20   6.295729  0.005729 -0.000014  0.005860 5.58915E-05
 sc  21   3.055743  0.005743  0.000000  0.005874 3.60779E-08
 ti  22   4.915744  0.005744  0.000001  0.005875 2.78286E-06
  v  23   3.964656  0.004656 -0.001087  0.004786 3.31469E-07
 cr  24   5.626453 -0.013547 -0.019290 -0.013416 1.55286E-05
 mn  25   5.485749  0.005749  0.000006  0.005880 1.18668E-05
 fe  26   7.545743  0.005743  0.000000  0.005874 1.38496E-03
 co  27   4.875741  0.005742 -0.000001  0.005872 3.12471E-06
 ni  28   6.205747  0.005747  0.000004  0.005877 6.65339E-05
 cu  29   4.255744  0.005744  0.000000  0.005874 8.08244E-07
 zn  30   4.635748  0.005748  0.000005  0.005879 1.99571E-06
 ga  31   3.085744  0.005744  0.000001  0.005875 5.99557E-08
 ge  32   3.551368 -0.028632 -0.034375 -0.028502 1.82497E-07
 as  33   2.305740  0.005740 -0.000003  0.005871 1.06920E-08
 se  34   3.301817 -0.038183 -0.043926 -0.038052 1.11669E-07
 br  35   2.545752  0.005752  0.000009  0.005882 1.98167E-08
 kr  36   3.254171  0.004171 -0.001572  0.004302 1.06198E-07
 rb  37   2.365755  0.005755  0.000012  0.005886 1.40046E-08
 sr  38   2.883311  0.003311 -0.002432  0.003442 4.72743E-08
  y  39   2.175762  0.005762  0.000019  0.005893 9.40599E-09
 zr  40   2.535745  0.005745  0.000002  0.005875 2.21088E-08
 nb  41   1.415752  0.005752  0.000009  0.005883 1.70808E-09
 mo  42   1.824560 -0.115440 -0.121183 -0.115309 4.52138E-09
 tc  43   0.000000 -9.000000  0.000000  0.000000 0.00000E+00
 ru  44   1.634796 -0.125204 -0.130947 -0.125073 3.07701E-09
 rh  45   1.065744  0.005744  0.000001  0.005875 8.45076E-10
 pd  46   1.596559 -0.053441 -0.059184 -0.053311 2.96683E-09
 ag  47   1.205743  0.005743  0.000000  0.005873 1.22277E-09
 cd  48   1.676022 -0.033978 -0.039721 -0.033848 3.76307E-09
 in  49   0.746702 -0.013298 -0.019041 -0.013167 4.52296E-10
 sn  50   2.013310 -0.056690 -0.062433 -0.056559 8.63989E-09
 sb  51   0.773212 -0.236788 -0.242531 -0.236657 5.09832E-10
 te  52   1.718370 -0.461630 -0.467373 -0.461499 4.70904E-09
  i  53   1.555737  0.005738 -0.000005  0.005868 3.22050E-09
 xe  54   2.208661 -0.031339 -0.037082 -0.031208 1.49835E-08
 cs  55   1.085744  0.005744  0.000001  0.005875 1.14287E-09
 ba  56   2.184844  0.004844 -0.000899  0.004975 1.48358E-08
 la  57   1.175352  0.005352 -0.000391  0.005483 1.46820E-09
 ce  58   1.583841  0.003841 -0.001902  0.003972 3.79350E-09
 pr  59   0.765744  0.005744  0.000001  0.005875 5.79950E-10
 nd  60   1.430740 -0.019260 -0.025003 -0.019129 2.74497E-09
 pm  61   0.000000 -9.000000  0.000000  0.000000 0.00000E+00
 sm  62   0.816035 -0.123965 -0.129708 -0.123834 6.94829E-10
 eu  63   0.515746  0.005746  0.000003  0.005877 3.51720E-10
 gd  64   1.055745  0.005745  0.000002  0.005876 1.26196E-09
 tb  65   0.325748  0.005748  0.000005  0.005879 2.37494E-10
 dy  66   1.135090  0.005090 -0.000653  0.005221 1.56550E-09
 ho  67   0.475745  0.005745  0.000002  0.005876 3.48141E-10
 er  68   0.918121 -0.001879 -0.007622 -0.001748 9.77736E-10
 tm  69   0.125743  0.005743  0.000000  0.005874 1.59284E-10
 yb  70   0.864716 -0.055284 -0.061027 -0.055154 8.94485E-10
 lu  71   0.095743  0.005743  0.000000  0.005874 1.53961E-10
 hf  72   0.715034  0.005035 -0.000709  0.005165 6.53670E-10
 ta  73  -0.114309  0.005691 -0.000052  0.005821 9.81647E-11
  w  74   0.655222  0.005222 -0.000521  0.005353 5.86642E-10
 re  75   0.265742  0.005742 -0.000001  0.005873 2.42353E-10
 os  76   1.355659  0.005659 -0.000085  0.005789 3.04543E-09
 ir  77   1.325746  0.005746  0.000003  0.005876 2.87242E-09
 pt  78   1.593405 -0.026595 -0.032338 -0.026465 5.39913E-09
 au  79   0.805747  0.005747  0.000004  0.005878 8.88896E-10
 hg  80   1.144129 -0.025871 -0.031614 -0.025741 1.97310E-09
 tl  81   0.775745  0.005745  0.000002  0.005876 8.60797E-10
 pb  82   2.045741  0.005741 -0.000002  0.005872 1.62495E-08
 bi  83   0.655747  0.005747  0.000004  0.005878 6.67671E-10
 po  84   0.000000 -9.000000  0.000000  0.000000 0.00000E+00
#[ls/Fe]_Thiswork =  -0.0008, [hs/Fe]_Thiswork =  -0.0011
#[hs/ls]_Thiswork =  -0.0003, [Pb/hs]_Thiswork =   0.0011
# Elemental abundance ratios: 
# He/H =  9.9150E-02, C/O =  5.5702E-01, N/O = 1.39919E-01
#
#
# During TP-AGB
#  TP   Mass     Mcore    Menv    log L
#  1 2.249980 0.536121 1.713860 3.299380
# El  Z   log e(X)   [X/H]    [X/Fe]     [X/O]      X(i)
  p   1  12.000000  0.000000  0.000000  0.000000 7.00884E-01
 he   2  11.018717  0.088717  0.082973  0.088847 2.90595E-01
  c   6   8.278090 -0.191910 -0.197653 -0.191779 1.58437E-03
  n   7   8.296087  0.426087  0.420344  0.426218 1.92583E-03
  o   8   8.730287  0.000287 -0.005456  0.000000 5.97813E-03
  f   9   4.459080 -0.000920 -0.006663 -0.001207 3.80166E-07
 ne  10   7.979685  0.009685  0.003942  0.009398 1.33903E-03
 na  11   6.426541  0.116541  0.110798  0.116254 4.26840E-05
 mg  12   7.652268  0.012268  0.006525  0.011981 7.58839E-04
 al  13   6.482281  0.012281  0.006538  0.011994 5.69562E-05
 si  14   7.562275  0.012275  0.006532  0.011988 7.12772E-04
  p  15   5.482275  0.012275  0.006532  0.011988 6.53819E-06
  s  16   7.172273  0.012273  0.006530  0.011986 3.31505E-04
 cl  17   5.242272  0.012272  0.006529  0.011985 4.30636E-06
 ar  18   6.452267  0.012267  0.006524  0.011980 7.86951E-05
  k  19   5.091671  0.011672  0.005929  0.011384 3.35747E-06
 ca  20   6.302260  0.012260  0.006517  0.011973 5.58922E-05
 sc  21   3.062272  0.012272  0.006529  0.011985 3.60783E-08
 ti  22   4.922273  0.012273  0.006530  0.011986 2.78289E-06
  v  23   3.971186  0.011186  0.005443  0.010899 3.31472E-07
 cr  24   5.632982 -0.007018 -0.012761 -0.007305 1.55288E-05
 mn  25   5.492279  0.012279  0.006536  0.011992 1.18669E-05
 fe  26   7.552272  0.012272  0.000000  0.011985 1.38498E-03
 co  27   4.882270  0.012270 -0.000001  0.011983 3.12475E-06
 ni  28   6.212276  0.012276  0.000004  0.011989 6.65346E-05
 cu  29   4.262273  0.012273  0.000001  0.011986 8.08252E-07
 zn  30   4.642278  0.012278  0.000006  0.011991 1.99573E-06
 ga  31   3.092274  0.012274  0.000002  0.011987 5.99563E-08
 ge  32   3.557898 -0.022102 -0.034374 -0.022389 1.82499E-07
 as  33   2.312270  0.012270 -0.000002  0.011983 1.06922E-08
 se  34   3.308346 -0.031654 -0.043926 -0.031941 1.11671E-07
 br  35   2.552281  0.012281  0.000010  0.011994 1.98169E-08
 kr  36   3.260700  0.010700 -0.001572  0.010413 1.06199E-07
 rb  37   2.370508  0.010508 -0.001764  0.010221 1.39475E-08
 sr  38   2.890379  0.010379 -0.001893  0.010092 4.73334E-08
  y  39   2.182292  0.012292  0.000020  0.012005 9.40608E-09
 zr  40   2.542274  0.012275  0.000003  0.011987 2.21090E-08
 nb  41   1.422282  0.012282  0.000010  0.011995 1.70809E-09
 mo  42   1.831090 -0.108910 -0.121182 -0.109197 4.52143E-09
 tc  43   0.000000 -9.000000  0.000000  0.000000 0.00000E+00
 ru  44   1.641326 -0.118674 -0.130946 -0.118961 3.07705E-09
 rh  45   1.072273  0.012273  0.000001  0.011986 8.45085E-10
 pd  46   1.603088 -0.046912 -0.059183 -0.047199 2.96686E-09
 ag  47   1.212273  0.012273  0.000001  0.011986 1.22279E-09
 cd  48   1.682551 -0.027449 -0.039721 -0.027736 3.76311E-09
 in  49   0.753232 -0.006768 -0.019040 -0.007055 4.52301E-10
 sn  50   2.019839 -0.050161 -0.062433 -0.050448 8.63998E-09
 sb  51   0.779741 -0.230259 -0.242531 -0.230546 5.09838E-10
 te  52   1.724900 -0.455100 -0.467372 -0.455387 4.70908E-09
  i  53   1.562267  0.012267 -0.000005  0.011980 3.22054E-09
 xe  54   2.215191 -0.024809 -0.037081 -0.025096 1.49837E-08
 cs  55   1.092274  0.012274  0.000002  0.011987 1.14288E-09
 ba  56   2.191374  0.011374 -0.000898  0.011087 1.48360E-08
 la  57   1.181882  0.011882 -0.000390  0.011595 1.46821E-09
 ce  58   1.590371  0.010371 -0.001901  0.010084 3.79354E-09
 pr  59   0.772274  0.012274  0.000002  0.011987 5.79956E-10
 nd  60   1.437270 -0.012730 -0.025002 -0.013017 2.74500E-09
 pm  61   0.000000 -9.000000  0.000000  0.000000 0.00000E+00
 sm  62   0.822565 -0.117435 -0.129707 -0.117722 6.94837E-10
 eu  63   0.522275  0.012275  0.000003  0.011988 3.51724E-10
 gd  64   1.062275  0.012275  0.000003  0.011988 1.26198E-09
 tb  65   0.332278  0.012278  0.000006  0.011991 2.37496E-10
 dy  66   1.141620  0.011620 -0.000652  0.011333 1.56552E-09
 ho  67   0.482274  0.012274  0.000002  0.011987 3.48145E-10
 er  68   0.924651  0.004651 -0.007621  0.004364 9.77746E-10
 tm  69   0.132273  0.012273  0.000001  0.011986 1.59285E-10
 yb  70   0.871245 -0.048755 -0.061027 -0.049042 8.94494E-10
 lu  71   0.102047  0.012047 -0.000225  0.011760 1.53882E-10
 hf  72   0.721618  0.011618 -0.000654  0.011331 6.53759E-10
 ta  73  -0.107780  0.012220 -0.000051  0.011933 9.81657E-11
  w  74   0.661752  0.011752 -0.000520  0.011465 5.86648E-10
 re  75   0.267533  0.007533 -0.004739  0.007246 2.39726E-10
 os  76   1.362572  0.012572  0.000300  0.012285 3.04815E-09
 ir  77   1.332275  0.012275  0.000003  0.011988 2.87245E-09
 pt  78   1.599935 -0.020065 -0.032337 -0.020352 5.39919E-09
 au  79   0.812276  0.012276  0.000004  0.011989 8.88905E-10
 hg  80   1.150658 -0.019342 -0.031614 -0.019629 1.97312E-09
 tl  81   0.782274  0.012274  0.000002  0.011987 8.60806E-10
 pb  82   2.052270  0.012270 -0.000002  0.011983 1.62497E-08
 bi  83   0.662277  0.012277  0.000005  0.011990 6.67678E-10
 po  84   0.000000 -9.000000  0.000000  0.000000 1.07573E-24
#[ls/Fe]_Thiswork =  -0.0006, [hs/Fe]_Thiswork =  -0.0011
#[hs/ls]_Thiswork =  -0.0004, [Pb/hs]_Thiswork =   0.0011
# Elemental abundance ratios: 
# He/H =  1.0440E-01, C/O =  3.5302E-01, N/O = 3.67960E-01
#
#  TP   Mass     Mcore    Menv    log L
#  2 2.249980 0.537872 1.712100 3.314830
# El  Z   log e(X)   [X/H]    [X/Fe]     [X/O]      X(i)
  p   1  12.000000  0.000000  0.000000  0.000000 7.00934E-01
 he   2  11.018613  0.088613  0.076341  0.088326 2.90546E-01
  c   6   8.279279 -0.190722 -0.202993 -0.191009 1.58882E-03
  n   7   8.294806  0.424806  0.412534  0.424519 1.92029E-03
  o   8   8.730285  0.000285 -0.011987  0.000000 5.97852E-03
  f   9   4.459112 -0.000888 -0.013160 -0.001173 3.80221E-07
 ne  10   7.979666  0.009666 -0.002606  0.009381 1.33907E-03
 na  11   6.426076  0.116076  0.103804  0.115791 4.26414E-05
 mg  12   7.652237  0.012238 -0.000034  0.011952 7.58839E-04
 al  13   6.482250  0.012250 -0.000021  0.011965 5.69562E-05
 si  14   7.562244  0.012244 -0.000028  0.011959 7.12772E-04
  p  15   5.482244  0.012244 -0.000028  0.011959 6.53819E-06
  s  16   7.172242  0.012242 -0.000030  0.011957 3.31505E-04
 cl  17   5.242241  0.012241 -0.000031  0.011956 4.30636E-06
 ar  18   6.452236  0.012236 -0.000036  0.011950 7.86951E-05
  k  19   5.091641  0.011641 -0.000631  0.011356 3.35747E-06
 ca  20   6.302229  0.012229 -0.000043  0.011944 5.58922E-05
 sc  21   3.062242  0.012242 -0.000030  0.011956 3.60783E-08
 ti  22   4.922243  0.012243 -0.000029  0.011958 2.78288E-06
  v  23   3.971154  0.011154 -0.001118  0.010869 3.31472E-07
 cr  24   5.632951 -0.007049 -0.019320 -0.007334 1.55288E-05
 mn  25   5.492248  0.012248 -0.000024  0.011963 1.18669E-05
 fe  26   7.552241  0.012241  0.000000  0.011956 1.38498E-03
 co  27   4.882240  0.012240 -0.000001  0.011955 3.12475E-06
 ni  28   6.212245  0.012245  0.000004  0.011960 6.65346E-05
 cu  29   4.262242  0.012242  0.000001  0.011957 8.08252E-07
 zn  30   4.642247  0.012247  0.000005  0.011961 1.99573E-06
 ga  31   3.092242  0.012242  0.000001  0.011957 5.99563E-08
 ge  32   3.557867 -0.022133 -0.034374 -0.022418 1.82499E-07
 as  33   2.312240  0.012240 -0.000002  0.011955 1.06922E-08
 se  34   3.308315 -0.031685 -0.043926 -0.031970 1.11671E-07
 br  35   2.552250  0.012250  0.000009  0.011965 1.98169E-08
 kr  36   3.260670  0.010670 -0.001572  0.010385 1.06199E-07
 rb  37   2.370478  0.010478 -0.001764  0.010193 1.39475E-08
 sr  38   2.890347  0.010347 -0.001894  0.010062 4.73334E-08
  y  39   2.182261  0.012261  0.000020  0.011976 9.40608E-09
 zr  40   2.542243  0.012243  0.000002  0.011958 2.21090E-08
 nb  41   1.422252  0.012252  0.000010  0.011967 1.70809E-09
 mo  42   1.831059 -0.108941 -0.121182 -0.109226 4.52143E-09
 tc  43   0.000000 -9.000000  0.000000  0.000000 1.17380E-33
 ru  44   1.641295 -0.118705 -0.130946 -0.118990 3.07705E-09
 rh  45   1.072243  0.012243  0.000001  0.011958 8.45085E-10
 pd  46   1.603058 -0.046942 -0.059183 -0.047227 2.96686E-09
 ag  47   1.212241  0.012241  0.000000  0.011956 1.22279E-09
 cd  48   1.682521 -0.027479 -0.039721 -0.027764 3.76310E-09
 in  49   0.753201 -0.006799 -0.019041 -0.007085 4.52301E-10
 sn  50   2.019809 -0.050191 -0.062433 -0.050476 8.63998E-09
 sb  51   0.779711 -0.230289 -0.242531 -0.230574 5.09837E-10
 te  52   1.724869 -0.455131 -0.467373 -0.455416 4.70908E-09
  i  53   1.562237  0.012237 -0.000005  0.011952 3.22054E-09
 xe  54   2.215160 -0.024840 -0.037081 -0.025125 1.49837E-08
 cs  55   1.092242  0.012242  0.000001  0.011957 1.14288E-09
 ba  56   2.191343  0.011343 -0.000898  0.011058 1.48360E-08
 la  57   1.181850  0.011850 -0.000391  0.011565 1.46821E-09
 ce  58   1.590341  0.010341 -0.001901  0.010055 3.79354E-09
 pr  59   0.772243  0.012243  0.000001  0.011957 5.79956E-10
 nd  60   1.437240 -0.012760 -0.025002 -0.013046 2.74500E-09
 pm  61   0.000000 -9.000000  0.000000  0.000000 0.00000E+00
 sm  62   0.822534 -0.117466 -0.129708 -0.117752 6.94837E-10
 eu  63   0.522244  0.012244  0.000003  0.011959 3.51724E-10
 gd  64   1.062243  0.012244  0.000002  0.011958 1.26198E-09
 tb  65   0.332248  0.012248  0.000006  0.011963 2.37496E-10
 dy  66   1.141588  0.011588 -0.000653  0.011303 1.56552E-09
 ho  67   0.482244  0.012244  0.000002  0.011958 3.48145E-10
 er  68   0.924620  0.004620 -0.007622  0.004335 9.77746E-10
 tm  69   0.132242  0.012242  0.000001  0.011957 1.59285E-10
 yb  70   0.871214 -0.048786 -0.061027 -0.049071 8.94494E-10
 lu  71   0.102016  0.012016 -0.000225  0.011731 1.53882E-10
 hf  72   0.721587  0.011587 -0.000654  0.011302 6.53759E-10
 ta  73  -0.107811  0.012189 -0.000052  0.011904 9.81657E-11
  w  74   0.661721  0.011721 -0.000520  0.011436 5.86648E-10
 re  75   0.267503  0.007503 -0.004739  0.007218 2.39726E-10
 os  76   1.362541  0.012541  0.000300  0.012256 3.04815E-09
 ir  77   1.332245  0.012245  0.000003  0.011960 2.87245E-09
 pt  78   1.599904 -0.020096 -0.032337 -0.020381 5.39919E-09
 au  79   0.812245  0.012245  0.000004  0.011960 8.88905E-10
 hg  80   1.150627 -0.019373 -0.031614 -0.019658 1.97312E-09
 tl  81   0.782244  0.012244  0.000002  0.011959 8.60805E-10
 pb  82   2.052239  0.012239 -0.000002  0.011954 1.62497E-08
 bi  83   0.662246  0.012246  0.000004  0.011961 6.67678E-10
 po  84   0.000000 -9.000000  0.000000  0.000000 1.07069E-24
#[ls/Fe]_Thiswork =  -0.0006, [hs/Fe]_Thiswork =  -0.0011
#[hs/ls]_Thiswork =  -0.0004, [Pb/hs]_Thiswork =   0.0011
# Elemental abundance ratios: 
# He/H =  1.0438E-01, C/O =  3.5399E-01, N/O = 3.66878E-01
#
#  TP   Mass     Mcore    Menv    log L
#  3 2.249970 0.539722 1.710250 3.345340
# El  Z   log e(X)   [X/H]    [X/Fe]     [X/O]      X(i)
  p   1  12.000000  0.000000  0.000000  0.000000 7.00934E-01
 he   2  11.018612  0.088612  0.076370  0.088326 2.90546E-01
  c   6   8.279284 -0.190717 -0.202958 -0.191002 1.58884E-03
  n   7   8.294801  0.424801  0.412560  0.424516 1.92027E-03
  o   8   8.730285  0.000285 -0.011956  0.000000 5.97852E-03
  f   9   4.459112 -0.000888 -0.013130 -0.001173 3.80221E-07
 ne  10   7.979666  0.009666 -0.002575  0.009381 1.33907E-03
 na  11   6.426074  0.116074  0.103832  0.115788 4.26412E-05
 mg  12   7.652237  0.012237 -0.000004  0.011952 7.58839E-04
 al  13   6.482250  0.012250  0.000009  0.011965 5.69562E-05
 si  14   7.562244  0.012244  0.000002  0.011959 7.12772E-04
  p  15   5.482244  0.012244  0.000002  0.011959 6.53819E-06
  s  16   7.172242  0.012242  0.000001  0.011957 3.31505E-04
 cl  17   5.242241  0.012241  0.000000  0.011956 4.30636E-06
 ar  18   6.452236  0.012236 -0.000006  0.011950 7.86951E-05
  k  19   5.091640  0.011641 -0.000601  0.011355 3.35747E-06
 ca  20   6.302229  0.012229 -0.000012  0.011944 5.58922E-05
 sc  21   3.062242  0.012242  0.000000  0.011956 3.60783E-08
 ti  22   4.922242  0.012242  0.000001  0.011957 2.78288E-06
  v  23   3.971154  0.011154 -0.001087  0.010869 3.31472E-07
 cr  24   5.632951 -0.007049 -0.019290 -0.007334 1.55288E-05
 mn  25   5.492248  0.012248  0.000006  0.011962 1.18669E-05
 fe  26   7.552241  0.012241  0.000000  0.011956 1.38498E-03
 co  27   4.882240  0.012240 -0.000001  0.011955 3.12475E-06
 ni  28   6.212245  0.012245  0.000004  0.011960 6.65346E-05
 cu  29   4.262242  0.012242  0.000000  0.011957 8.08252E-07
 zn  30   4.642247  0.012247  0.000005  0.011961 1.99573E-06
 ga  31   3.092242  0.012242  0.000001  0.011957 5.99563E-08
 ge  32   3.557867 -0.022133 -0.034374 -0.022418 1.82499E-07
 as  33   2.312239  0.012239 -0.000003  0.011954 1.06922E-08
 se  34   3.308314 -0.031686 -0.043927 -0.031971 1.11671E-07
 br  35   2.552250  0.012250  0.000009  0.011965 1.98169E-08
 kr  36   3.260669  0.010669 -0.001573  0.010384 1.06199E-07
 rb  37   2.370477  0.010477 -0.001765  0.010192 1.39475E-08
 sr  38   2.890347  0.010347 -0.001894  0.010062 4.73334E-08
  y  39   2.182261  0.012261  0.000020  0.011976 9.40608E-09
 zr  40   2.542243  0.012243  0.000002  0.011958 2.21090E-08
 nb  41   1.422252  0.012252  0.000010  0.011967 1.70809E-09
 mo  42   1.831059 -0.108941 -0.121182 -0.109226 4.52143E-09
 tc  43   0.000000 -9.000000  0.000000  0.000000 8.80945E-33
 ru  44   1.641295 -0.118705 -0.130946 -0.118990 3.07705E-09
 rh  45   1.072243  0.012243  0.000001  0.011958 8.45085E-10
 pd  46   1.603058 -0.046942 -0.059183 -0.047227 2.96686E-09
 ag  47   1.212241  0.012241  0.000000  0.011956 1.22279E-09
 cd  48   1.682521 -0.027479 -0.039721 -0.027764 3.76310E-09
 in  49   0.753201 -0.006799 -0.019041 -0.007085 4.52301E-10
 sn  50   2.019809 -0.050191 -0.062433 -0.050476 8.63998E-09
 sb  51   0.779711 -0.230289 -0.242531 -0.230574 5.09837E-10
 te  52   1.724869 -0.455131 -0.467373 -0.455416 4.70908E-09
  i  53   1.562237  0.012237 -0.000005  0.011952 3.22054E-09
 xe  54   2.215159 -0.024841 -0.037082 -0.025126 1.49837E-08
 cs  55   1.092242  0.012242  0.000001  0.011957 1.14288E-09
 ba  56   2.191343  0.011343 -0.000898  0.011058 1.48360E-08
 la  57   1.181850  0.011850 -0.000391  0.011565 1.46821E-09
 ce  58   1.590341  0.010341 -0.001901  0.010055 3.79354E-09
 pr  59   0.772243  0.012243  0.000001  0.011957 5.79956E-10
 nd  60   1.437240 -0.012760 -0.025002 -0.013046 2.74500E-09
 pm  61   0.000000 -9.000000  0.000000  0.000000 0.00000E+00
 sm  62   0.822534 -0.117466 -0.129708 -0.117752 6.94837E-10
 eu  63   0.522244  0.012244  0.000003  0.011959 3.51724E-10
 gd  64   1.062243  0.012244  0.000002  0.011958 1.26198E-09
 tb  65   0.332248  0.012248  0.000006  0.011963 2.37496E-10
 dy  66   1.141588  0.011588 -0.000653  0.011303 1.56552E-09
 ho  67   0.482244  0.012244  0.000002  0.011958 3.48145E-10
 er  68   0.924620  0.004620 -0.007622  0.004335 9.77746E-10
 tm  69   0.132242  0.012242  0.000001  0.011957 1.59285E-10
 yb  70   0.871214 -0.048786 -0.061027 -0.049071 8.94494E-10
 lu  71   0.102015  0.012015 -0.000226  0.011730 1.53882E-10
 hf  72   0.721587  0.011587 -0.000654  0.011302 6.53759E-10
 ta  73  -0.107811  0.012189 -0.000052  0.011904 9.81657E-11
  w  74   0.661721  0.011721 -0.000520  0.011436 5.86648E-10
 re  75   0.267502  0.007502 -0.004740  0.007217 2.39726E-10
 os  76   1.362541  0.012541  0.000300  0.012256 3.04815E-09
 ir  77   1.332245  0.012245  0.000003  0.011960 2.87245E-09
 pt  78   1.599904 -0.020096 -0.032337 -0.020381 5.39919E-09
 au  79   0.812245  0.012245  0.000004  0.011960 8.88905E-10
 hg  80   1.150627 -0.019373 -0.031614 -0.019658 1.97312E-09
 tl  81   0.782244  0.012244  0.000002  0.011959 8.60805E-10
 pb  82   2.052239  0.012239 -0.000002  0.011954 1.62497E-08
 bi  83   0.662246  0.012246  0.000004  0.011961 6.67678E-10
 po  84   0.000000 -9.000000  0.000000  0.000000 1.07067E-24
#[ls/Fe]_Thiswork =  -0.0006, [hs/Fe]_Thiswork =  -0.0011
#[hs/ls]_Thiswork =  -0.0004, [Pb/hs]_Thiswork =   0.0011
# Elemental abundance ratios: 
# He/H =  1.0438E-01, C/O =  3.5400E-01, N/O = 3.66873E-01
#
#  TP   Mass     Mcore    Menv    log L
#  4 2.249970 0.541920 1.708050 3.389310
# El  Z   log e(X)   [X/H]    [X/Fe]     [X/O]      X(i)
  p   1  12.000000  0.000000  0.000000  0.000000 7.00934E-01
 he   2  11.018612  0.088612  0.076370  0.088326 2.90545E-01
  c   6   8.279290 -0.190710 -0.202951 -0.190995 1.58886E-03
  n   7   8.294794  0.424794  0.412553  0.424509 1.92024E-03
  o   8   8.730285  0.000285 -0.011956  0.000000 5.97853E-03
  f   9   4.459112 -0.000888 -0.013130 -0.001173 3.80221E-07
 ne  10   7.979666  0.009666 -0.002575  0.009381 1.33907E-03
 na  11   6.426071  0.116071  0.103830  0.115786 4.26410E-05
 mg  12   7.652237  0.012237 -0.000004  0.011952 7.58839E-04
 al  13   6.482250  0.012250  0.000009  0.011965 5.69562E-05
 si  14   7.562244  0.012244  0.000002  0.011959 7.12772E-04
  p  15   5.482243  0.012243  0.000002  0.011958 6.53819E-06
  s  16   7.172242  0.012242  0.000000  0.011957 3.31505E-04
 cl  17   5.242241  0.012241  0.000000  0.011956 4.30636E-06
 ar  18   6.452236  0.012236 -0.000006  0.011950 7.86951E-05
  k  19   5.091640  0.011641 -0.000601  0.011355 3.35747E-06
 ca  20   6.302229  0.012229 -0.000012  0.011944 5.58922E-05
 sc  21   3.062242  0.012242  0.000000  0.011956 3.60783E-08
 ti  22   4.922242  0.012242  0.000001  0.011957 2.78288E-06
  v  23   3.971154  0.011154 -0.001087  0.010869 3.31472E-07
 cr  24   5.632951 -0.007049 -0.019290 -0.007334 1.55288E-05
 mn  25   5.492248  0.012248  0.000006  0.011962 1.18669E-05
 fe  26   7.552241  0.012241  0.000000  0.011956 1.38498E-03
 co  27   4.882239  0.012239 -0.000001  0.011954 3.12475E-06
 ni  28   6.212245  0.012245  0.000004  0.011960 6.65346E-05
 cu  29   4.262242  0.012242  0.000001  0.011957 8.08252E-07
 zn  30   4.642247  0.012247  0.000006  0.011961 1.99573E-06
 ga  31   3.092242  0.012242  0.000001  0.011957 5.99563E-08
 ge  32   3.557867 -0.022133 -0.034374 -0.022418 1.82499E-07
 as  33   2.312239  0.012239 -0.000002  0.011954 1.06922E-08
 se  34   3.308314 -0.031686 -0.043926 -0.031971 1.11671E-07
 br  35   2.552250  0.012250  0.000009  0.011965 1.98169E-08
 kr  36   3.260669  0.010669 -0.001572  0.010384 1.06199E-07
 rb  37   2.370477  0.010477 -0.001764  0.010192 1.39475E-08
 sr  38   2.890347  0.010347 -0.001894  0.010062 4.73334E-08
  y  39   2.182261  0.012261  0.000021  0.011976 9.40608E-09
 zr  40   2.542243  0.012243  0.000002  0.011958 2.21090E-08
 nb  41   1.422252  0.012252  0.000011  0.011967 1.70809E-09
 mo  42   1.831059 -0.108942 -0.121182 -0.109227 4.52143E-09
 tc  43   0.000000 -9.000000  0.000000  0.000000 1.02415E-32
 ru  44   1.641294 -0.118706 -0.130946 -0.118991 3.07705E-09
 rh  45   1.072243  0.012243  0.000002  0.011958 8.45085E-10
 pd  46   1.603058 -0.046942 -0.059183 -0.047227 2.96686E-09
 ag  47   1.212241  0.012241  0.000000  0.011956 1.22279E-09
 cd  48   1.682521 -0.027479 -0.039720 -0.027764 3.76310E-09
 in  49   0.753201 -0.006799 -0.019040 -0.007085 4.52301E-10
 sn  50   2.019809 -0.050191 -0.062432 -0.050476 8.63998E-09
 sb  51   0.779711 -0.230289 -0.242530 -0.230574 5.09837E-10
 te  52   1.724869 -0.455131 -0.467372 -0.455416 4.70908E-09
  i  53   1.562236  0.012236 -0.000005  0.011951 3.22054E-09
 xe  54   2.215159 -0.024841 -0.037081 -0.025126 1.49837E-08
 cs  55   1.092242  0.012242  0.000001  0.011957 1.14288E-09
 ba  56   2.191343  0.011343 -0.000898  0.011058 1.48360E-08
 la  57   1.181850  0.011850 -0.000390  0.011565 1.46821E-09
 ce  58   1.590341  0.010341 -0.001900  0.010055 3.79354E-09
 pr  59   0.772243  0.012243  0.000002  0.011957 5.79956E-10
 nd  60   1.437240 -0.012760 -0.025001 -0.013046 2.74500E-09
 pm  61   0.000000 -9.000000  0.000000  0.000000 0.00000E+00
 sm  62   0.822534 -0.117466 -0.129707 -0.117752 6.94837E-10
 eu  63   0.522244  0.012244  0.000004  0.011959 3.51724E-10
 gd  64   1.062243  0.012244  0.000003  0.011958 1.26198E-09
 tb  65   0.332248  0.012248  0.000007  0.011963 2.37496E-10
 dy  66   1.141588  0.011588 -0.000653  0.011303 1.56552E-09
 ho  67   0.482244  0.012244  0.000003  0.011958 3.48145E-10
 er  68   0.924620  0.004620 -0.007621  0.004335 9.77746E-10
 tm  69   0.132242  0.012242  0.000001  0.011957 1.59285E-10
 yb  70   0.871214 -0.048786 -0.061027 -0.049071 8.94494E-10
 lu  71   0.102015  0.012015 -0.000225  0.011730 1.53882E-10
 hf  72   0.721587  0.011587 -0.000654  0.011302 6.53759E-10
 ta  73  -0.107811  0.012189 -0.000052  0.011904 9.81657E-11
  w  74   0.661720  0.011720 -0.000521  0.011435 5.86648E-10
 re  75   0.267501  0.007501 -0.004740  0.007216 2.39725E-10
 os  76   1.362540  0.012540  0.000299  0.012255 3.04815E-09
 ir  77   1.332245  0.012245  0.000004  0.011960 2.87245E-09
 pt  78   1.599903 -0.020097 -0.032338 -0.020382 5.39919E-09
 au  79   0.812245  0.012245  0.000004  0.011960 8.88905E-10
 hg  80   1.150626 -0.019374 -0.031615 -0.019659 1.97312E-09
 tl  81   0.782244  0.012244  0.000003  0.011959 8.60805E-10
 pb  82   2.052239  0.012239 -0.000001  0.011954 1.62497E-08
 bi  83   0.662246  0.012246  0.000005  0.011961 6.67678E-10
 po  84   0.000000 -9.000000  0.000000  0.000000 1.07064E-24
#[ls/Fe]_Thiswork =  -0.0006, [hs/Fe]_Thiswork =  -0.0011
#[hs/ls]_Thiswork =  -0.0004, [Pb/hs]_Thiswork =   0.0011
# Elemental abundance ratios: 
# He/H =  1.0438E-01, C/O =  3.5400E-01, N/O = 3.66867E-01
#
#  TP   Mass     Mcore    Menv    log L
#  5 2.249970 0.544486 1.705490 3.428840
# El  Z   log e(X)   [X/H]    [X/Fe]     [X/O]      X(i)
  p   1  12.000000  0.000000  0.000000  0.000000 7.00935E-01
 he   2  11.018611  0.088611  0.076370  0.088326 2.90545E-01
  c   6   8.279299 -0.190701 -0.202942 -0.190987 1.58889E-03
  n   7   8.294785  0.424785  0.412544  0.424500 1.92020E-03
  o   8   8.730285  0.000285 -0.011956  0.000000 5.97853E-03
  f   9   4.459112 -0.000888 -0.013129 -0.001173 3.80222E-07
 ne  10   7.979666  0.009666 -0.002575  0.009381 1.33907E-03
 na  11   6.426068  0.116068  0.103827  0.115783 4.26406E-05
 mg  12   7.652237  0.012237 -0.000004  0.011952 7.58839E-04
 al  13   6.482250  0.012250  0.000009  0.011965 5.69562E-05
 si  14   7.562243  0.012243  0.000002  0.011958 7.12772E-04
  p  15   5.482243  0.012243  0.000002  0.011958 6.53819E-06
  s  16   7.172242  0.012242  0.000001  0.011957 3.31505E-04
 cl  17   5.242241  0.012241  0.000000  0.011956 4.30636E-06
 ar  18   6.452235  0.012235 -0.000006  0.011950 7.86951E-05
  k  19   5.091640  0.011641 -0.000600  0.011355 3.35747E-06
 ca  20   6.302228  0.012228 -0.000012  0.011943 5.58922E-05
 sc  21   3.062241  0.012241  0.000000  0.011955 3.60783E-08
 ti  22   4.922242  0.012242  0.000001  0.011957 2.78288E-06
  v  23   3.971154  0.011154 -0.001087  0.010869 3.31472E-07
 cr  24   5.632951 -0.007049 -0.019290 -0.007334 1.55288E-05
 mn  25   5.492247  0.012247  0.000006  0.011962 1.18669E-05
 fe  26   7.552241  0.012241  0.000000  0.011956 1.38498E-03
 co  27   4.882239  0.012239 -0.000001  0.011954 3.12475E-06
 ni  28   6.212245  0.012245  0.000004  0.011960 6.65346E-05
 cu  29   4.262241  0.012241  0.000000  0.011956 8.08252E-07
 zn  30   4.642246  0.012246  0.000005  0.011961 1.99573E-06
 ga  31   3.092242  0.012242  0.000001  0.011957 5.99563E-08
 ge  32   3.557866 -0.022134 -0.034375 -0.022419 1.82499E-07
 as  33   2.312239  0.012239 -0.000002  0.011954 1.06922E-08
 se  34   3.308314 -0.031686 -0.043926 -0.031971 1.11671E-07
 br  35   2.552250  0.012250  0.000009  0.011965 1.98169E-08
 kr  36   3.260669  0.010669 -0.001572  0.010384 1.06199E-07
 rb  37   2.370477  0.010477 -0.001764  0.010192 1.39475E-08
 sr  38   2.890347  0.010347 -0.001894  0.010062 4.73334E-08
  y  39   2.182261  0.012260  0.000020  0.011975 9.40608E-09
 zr  40   2.542243  0.012243  0.000002  0.011958 2.21090E-08
 nb  41   1.422251  0.012251  0.000010  0.011966 1.70809E-09
 mo  42   1.831059 -0.108942 -0.121182 -0.109227 4.52143E-09
 tc  43   0.000000 -9.000000  0.000000  0.000000 1.36790E-30
 ru  44   1.641294 -0.118706 -0.130946 -0.118991 3.07705E-09
 rh  45   1.072243  0.012243  0.000002  0.011958 8.45085E-10
 pd  46   1.603058 -0.046942 -0.059183 -0.047227 2.96686E-09
 ag  47   1.212241  0.012241  0.000000  0.011956 1.22279E-09
 cd  48   1.682521 -0.027479 -0.039720 -0.027764 3.76310E-09
 in  49   0.753201 -0.006799 -0.019040 -0.007085 4.52301E-10
 sn  50   2.019809 -0.050191 -0.062432 -0.050476 8.63998E-09
 sb  51   0.779710 -0.230290 -0.242531 -0.230575 5.09837E-10
 te  52   1.724869 -0.455131 -0.467372 -0.455416 4.70908E-09
  i  53   1.562236  0.012236 -0.000005  0.011951 3.22054E-09
 xe  54   2.215159 -0.024841 -0.037081 -0.025126 1.49837E-08
 cs  55   1.092242  0.012242  0.000001  0.011957 1.14288E-09
 ba  56   2.191342  0.011342 -0.000899  0.011057 1.48360E-08
 la  57   1.181850  0.011850 -0.000390  0.011565 1.46821E-09
 ce  58   1.590340  0.010340 -0.001901  0.010054 3.79354E-09
 pr  59   0.772243  0.012243  0.000002  0.011957 5.79956E-10
 nd  60   1.437239 -0.012761 -0.025002 -0.013047 2.74500E-09
 pm  61   0.000000 -9.000000  0.000000  0.000000 0.00000E+00
 sm  62   0.822534 -0.117466 -0.129707 -0.117752 6.94837E-10
 eu  63   0.522244  0.012244  0.000004  0.011959 3.51724E-10
 gd  64   1.062243  0.012244  0.000003  0.011958 1.26198E-09
 tb  65   0.332247  0.012247  0.000006  0.011962 2.37496E-10
 dy  66   1.141588  0.011588 -0.000653  0.011303 1.56552E-09
 ho  67   0.482243  0.012243  0.000002  0.011957 3.48145E-10
 er  68   0.924620  0.004620 -0.007621  0.004335 9.77746E-10
 tm  69   0.132241  0.012241  0.000000  0.011956 1.59285E-10
 yb  70   0.871214 -0.048786 -0.061027 -0.049071 8.94494E-10
 lu  71   0.102015  0.012015 -0.000225  0.011730 1.53882E-10
 hf  72   0.721586  0.011586 -0.000655  0.011301 6.53759E-10
 ta  73  -0.107811  0.012189 -0.000052  0.011904 9.81657E-11
  w  74   0.661720  0.011720 -0.000521  0.011435 5.86648E-10
 re  75   0.267501  0.007501 -0.004740  0.007216 2.39725E-10
 os  76   1.362540  0.012540  0.000299  0.012255 3.04815E-09
 ir  77   1.332244  0.012244  0.000003  0.011959 2.87245E-09
 pt  78   1.599903 -0.020097 -0.032338 -0.020382 5.39919E-09
 au  79   0.812245  0.012245  0.000004  0.011960 8.88905E-10
 hg  80   1.150626 -0.019374 -0.031615 -0.019659 1.97312E-09
 tl  81   0.782243  0.012243  0.000002  0.011958 8.60805E-10
 pb  82   2.052239  0.012239 -0.000001  0.011954 1.62497E-08
 bi  83   0.662246  0.012246  0.000005  0.011961 6.67678E-10
 po  84   0.000000 -9.000000  0.000000  0.000000 1.07061E-24
#[ls/Fe]_Thiswork =  -0.0006, [hs/Fe]_Thiswork =  -0.0011
#[hs/ls]_Thiswork =  -0.0004, [Pb/hs]_Thiswork =   0.0011
# Elemental abundance ratios: 
# He/H =  1.0438E-01, C/O =  3.5401E-01, N/O = 3.66859E-01
#
#  TP   Mass     Mcore    Menv    log L
#  6 2.249970 0.547503 1.702470 3.471320
# El  Z   log e(X)   [X/H]    [X/Fe]     [X/O]      X(i)
  p   1  12.000000  0.000000  0.000000  0.000000 7.00935E-01
 he   2  11.018610  0.088610  0.076369  0.088325 2.90545E-01
  c   6   8.279310 -0.190690 -0.202931 -0.190975 1.58894E-03
  n   7   8.294771  0.424771  0.412530  0.424486 1.92014E-03
  o   8   8.730285  0.000285 -0.011956  0.000000 5.97853E-03
  f   9   4.459113 -0.000887 -0.013128 -0.001173 3.80222E-07
 ne  10   7.979665  0.009665 -0.002575  0.009380 1.33907E-03
 na  11   6.426063  0.116063  0.103822  0.115778 4.26402E-05
 mg  12   7.652236  0.012237 -0.000004  0.011951 7.58839E-04
 al  13   6.482249  0.012249  0.000009  0.011964 5.69562E-05
 si  14   7.562243  0.012243  0.000002  0.011958 7.12772E-04
  p  15   5.482243  0.012243  0.000002  0.011958 6.53819E-06
  s  16   7.172241  0.012241  0.000000  0.011956 3.31505E-04
 cl  17   5.242240  0.012240  0.000000  0.011955 4.30636E-06
 ar  18   6.452235  0.012235 -0.000006  0.011950 7.86951E-05
  k  19   5.091640  0.011640 -0.000601  0.011355 3.35747E-06
 ca  20   6.302228  0.012228 -0.000013  0.011943 5.58922E-05
 sc  21   3.062241  0.012241  0.000000  0.011955 3.60783E-08
 ti  22   4.922242  0.012242  0.000001  0.011957 2.78288E-06
  v  23   3.971153  0.011153 -0.001088  0.010868 3.31472E-07
 cr  24   5.632950 -0.007050 -0.019290 -0.007335 1.55288E-05
 mn  25   5.492247  0.012247  0.000006  0.011962 1.18669E-05
 fe  26   7.552240  0.012240  0.000000  0.011955 1.38498E-03
 co  27   4.882239  0.012239 -0.000001  0.011954 3.12475E-06
 ni  28   6.212244  0.012244  0.000004  0.011959 6.65346E-05
 cu  29   4.262241  0.012241  0.000001  0.011956 8.08252E-07
 zn  30   4.642246  0.012246  0.000006  0.011961 1.99573E-06
 ga  31   3.092241  0.012241  0.000001  0.011956 5.99563E-08
 ge  32   3.557866 -0.022134 -0.034374 -0.022419 1.82499E-07
 as  33   2.312239  0.012239 -0.000002  0.011954 1.06922E-08
 se  34   3.308314 -0.031686 -0.043926 -0.031971 1.11671E-07
 br  35   2.552250  0.012250  0.000010  0.011965 1.98169E-08
 kr  36   3.260669  0.010669 -0.001572  0.010384 1.06199E-07
 rb  37   2.370476  0.010476 -0.001765  0.010191 1.39475E-08
 sr  38   2.890347  0.010347 -0.001893  0.010062 4.73334E-08
  y  39   2.182261  0.012260  0.000020  0.011975 9.40608E-09
 zr  40   2.542242  0.012242  0.000002  0.011957 2.21090E-08
 nb  41   1.422251  0.012251  0.000010  0.011966 1.70809E-09
 mo  42   1.831059 -0.108942 -0.121182 -0.109227 4.52143E-09
 tc  43   0.000000 -9.000000  0.000000  0.000000 9.59564E-31
 ru  44   1.641294 -0.118706 -0.130946 -0.118991 3.07705E-09
 rh  45   1.072242  0.012242  0.000001  0.011957 8.45085E-10
 pd  46   1.603057 -0.046943 -0.059183 -0.047228 2.96686E-09
 ag  47   1.212240  0.012240  0.000000  0.011955 1.22279E-09
 cd  48   1.682520 -0.027480 -0.039721 -0.027765 3.76310E-09
 in  49   0.753200 -0.006800 -0.019041 -0.007086 4.52301E-10
 sn  50   2.019808 -0.050192 -0.062433 -0.050477 8.63998E-09
 sb  51   0.779710 -0.230290 -0.242531 -0.230575 5.09837E-10
 te  52   1.724869 -0.455131 -0.467372 -0.455416 4.70908E-09
  i  53   1.562236  0.012236 -0.000005  0.011951 3.22054E-09
 xe  54   2.215159 -0.024841 -0.037081 -0.025126 1.49837E-08
 cs  55   1.092241  0.012241  0.000001  0.011956 1.14288E-09
 ba  56   2.191342  0.011342 -0.000898  0.011057 1.48360E-08
 la  57   1.181849  0.011850 -0.000391  0.011564 1.46821E-09
 ce  58   1.590340  0.010340 -0.001901  0.010054 3.79354E-09
 pr  59   0.772242  0.012242  0.000001  0.011956 5.79956E-10
 nd  60   1.437239 -0.012761 -0.025002 -0.013047 2.74500E-09
 pm  61   0.000000 -9.000000  0.000000  0.000000 0.00000E+00
 sm  62   0.822533 -0.117467 -0.129708 -0.117752 6.94837E-10
 eu  63   0.522243  0.012244  0.000003  0.011958 3.51724E-10
 gd  64   1.062243  0.012244  0.000003  0.011958 1.26198E-09
 tb  65   0.332247  0.012247  0.000006  0.011962 2.37496E-10
 dy  66   1.141587  0.011587 -0.000653  0.011302 1.56552E-09
 ho  67   0.482243  0.012243  0.000002  0.011957 3.48145E-10
 er  68   0.924619  0.004619 -0.007622  0.004334 9.77746E-10
 tm  69   0.132241  0.012241  0.000001  0.011956 1.59285E-10
 yb  70   0.871214 -0.048786 -0.061027 -0.049071 8.94494E-10
 lu  71   0.102015  0.012015 -0.000225  0.011730 1.53882E-10
 hf  72   0.721586  0.011586 -0.000654  0.011301 6.53759E-10
 ta  73  -0.107812  0.012188 -0.000052  0.011903 9.81657E-11
  w  74   0.661720  0.011720 -0.000520  0.011435 5.86648E-10
 re  75   0.267500  0.007500 -0.004740  0.007215 2.39725E-10
 os  76   1.362540  0.012540  0.000300  0.012255 3.04815E-09
 ir  77   1.332244  0.012244  0.000003  0.011959 2.87245E-09
 pt  78   1.599903 -0.020097 -0.032337 -0.020382 5.39919E-09
 au  79   0.812244  0.012244  0.000004  0.011959 8.88905E-10
 hg  80   1.150626 -0.019374 -0.031614 -0.019659 1.97312E-09
 tl  81   0.782243  0.012243  0.000002  0.011958 8.60805E-10
 pb  82   2.052238  0.012239 -0.000002  0.011953 1.62497E-08
 bi  83   0.662245  0.012245  0.000004  0.011960 6.67678E-10
 po  84   0.000000 -9.000000  0.000000  0.000000 1.07055E-24
#[ls/Fe]_Thiswork =  -0.0006, [hs/Fe]_Thiswork =  -0.0011
#[hs/ls]_Thiswork =  -0.0004, [Pb/hs]_Thiswork =   0.0011
# Elemental abundance ratios: 
# He/H =  1.0438E-01, C/O =  3.5402E-01, N/O = 3.66848E-01
#
#  TP   Mass     Mcore    Menv    log L
#  7 2.249970 0.550864 1.699100 3.506120
# El  Z   log e(X)   [X/H]    [X/Fe]     [X/O]      X(i)
  p   1  12.000000  0.000000  0.000000  0.000000 7.00936E-01
 he   2  11.018608  0.088608  0.076367  0.088323 2.90544E-01
  c   6   8.279327 -0.190673 -0.202913 -0.190958 1.58900E-03
  n   7   8.294752  0.424752  0.412512  0.424467 1.92006E-03
  o   8   8.730285  0.000285 -0.011955  0.000000 5.97854E-03
  f   9   4.459113 -0.000887 -0.013127 -0.001172 3.80223E-07
 ne  10   7.979665  0.009665 -0.002575  0.009380 1.33907E-03
 na  11   6.426056  0.116056  0.103816  0.115771 4.26396E-05
 mg  12   7.652236  0.012236 -0.000004  0.011951 7.58839E-04
 al  13   6.482249  0.012249  0.000009  0.011964 5.69562E-05
 si  14   7.562243  0.012243  0.000002  0.011958 7.12772E-04
  p  15   5.482242  0.012242  0.000002  0.011957 6.53819E-06
  s  16   7.172241  0.012241  0.000000  0.011956 3.31505E-04
 cl  17   5.242240  0.012240  0.000000  0.011955 4.30636E-06
 ar  18   6.452235  0.012235 -0.000006  0.011950 7.86951E-05
  k  19   5.091640  0.011640 -0.000601  0.011354 3.35747E-06
 ca  20   6.302227  0.012228 -0.000013  0.011942 5.58922E-05
 sc  21   3.062241  0.012241  0.000000  0.011955 3.60783E-08
 ti  22   4.922241  0.012241  0.000001  0.011956 2.78288E-06
  v  23   3.971153  0.011153 -0.001087  0.010868 3.31472E-07
 cr  24   5.632950 -0.007050 -0.019290 -0.007335 1.55288E-05
 mn  25   5.492247  0.012247  0.000006  0.011961 1.18669E-05
 fe  26   7.552240  0.012240  0.000000  0.011955 1.38498E-03
 co  27   4.882238  0.012239 -0.000001  0.011953 3.12475E-06
 ni  28   6.212244  0.012244  0.000004  0.011959 6.65346E-05
 cu  29   4.262241  0.012241  0.000001  0.011956 8.08252E-07
 zn  30   4.642246  0.012246  0.000006  0.011961 1.99573E-06
 ga  31   3.092241  0.012241  0.000001  0.011956 5.99563E-08
 ge  32   3.557866 -0.022134 -0.034374 -0.022419 1.82499E-07
 as  33   2.312238  0.012238 -0.000002  0.011953 1.06922E-08
 se  34   3.308313 -0.031687 -0.043926 -0.031972 1.11671E-07
 br  35   2.552249  0.012249  0.000009  0.011964 1.98169E-08
 kr  36   3.260668  0.010668 -0.001572  0.010383 1.06199E-07
 rb  37   2.370475  0.010475 -0.001765  0.010190 1.39475E-08
 sr  38   2.890347  0.010346 -0.001894  0.010061 4.73334E-08
  y  39   2.182261  0.012260  0.000021  0.011975 9.40608E-09
 zr  40   2.542242  0.012242  0.000002  0.011957 2.21090E-08
 nb  41   1.422251  0.012251  0.000011  0.011966 1.70809E-09
 mo  42   1.831058 -0.108943 -0.121182 -0.109228 4.52143E-09
 tc  43   0.000000 -9.000000  0.000000  0.000000 6.62423E-31
 ru  44   1.641294 -0.118706 -0.130946 -0.118992 3.07705E-09
 rh  45   1.072242  0.012242  0.000002  0.011957 8.45085E-10
 pd  46   1.603057 -0.046943 -0.059183 -0.047228 2.96686E-09
 ag  47   1.212240  0.012240  0.000000  0.011955 1.22279E-09
 cd  48   1.682520 -0.027480 -0.039720 -0.027765 3.76310E-09
 in  49   0.753200 -0.006800 -0.019040 -0.007086 4.52301E-10
 sn  50   2.019808 -0.050192 -0.062432 -0.050477 8.63998E-09
 sb  51   0.779709 -0.230291 -0.242531 -0.230576 5.09837E-10
 te  52   1.724868 -0.455132 -0.467372 -0.455417 4.70908E-09
  i  53   1.562235  0.012235 -0.000005  0.011950 3.22054E-09
 xe  54   2.215158 -0.024842 -0.037081 -0.025127 1.49837E-08
 cs  55   1.092241  0.012241  0.000001  0.011956 1.14288E-09
 ba  56   2.191342  0.011342 -0.000898  0.011057 1.48360E-08
 la  57   1.181849  0.011850 -0.000390  0.011564 1.46821E-09
 ce  58   1.590340  0.010340 -0.001900  0.010054 3.79354E-09
 pr  59   0.772242  0.012242  0.000002  0.011956 5.79956E-10
 nd  60   1.437239 -0.012761 -0.025001 -0.013047 2.74500E-09
 pm  61   0.000000 -9.000000  0.000000  0.000000 0.00000E+00
 sm  62   0.822533 -0.117467 -0.129707 -0.117752 6.94837E-10
 eu  63   0.522243  0.012244  0.000004  0.011958 3.51724E-10
 gd  64   1.062243  0.012243  0.000003  0.011957 1.26198E-09
 tb  65   0.332247  0.012247  0.000007  0.011962 2.37496E-10
 dy  66   1.141587  0.011587 -0.000653  0.011302 1.56552E-09
 ho  67   0.482243  0.012243  0.000003  0.011957 3.48145E-10
 er  68   0.924619  0.004619 -0.007621  0.004334 9.77746E-10
 tm  69   0.132241  0.012241  0.000001  0.011956 1.59285E-10
 yb  70   0.871213 -0.048787 -0.061027 -0.049072 8.94494E-10
 lu  71   0.102015  0.012015 -0.000225  0.011729 1.53882E-10
 hf  72   0.721586  0.011586 -0.000654  0.011301 6.53759E-10
 ta  73  -0.107812  0.012188 -0.000052  0.011903 9.81657E-11
  w  74   0.661720  0.011720 -0.000520  0.011435 5.86648E-10
 re  75   0.267499  0.007499 -0.004741  0.007214 2.39724E-10
 os  76   1.362539  0.012539  0.000299  0.012254 3.04815E-09
 ir  77   1.332243  0.012243  0.000003  0.011958 2.87245E-09
 pt  78   1.599902 -0.020098 -0.032338 -0.020383 5.39919E-09
 au  79   0.812244  0.012244  0.000004  0.011959 8.88905E-10
 hg  80   1.150625 -0.019375 -0.031615 -0.019660 1.97312E-09
 tl  81   0.782243  0.012243  0.000003  0.011958 8.60805E-10
 pb  82   2.052238  0.012239 -0.000001  0.011953 1.62497E-08
 bi  83   0.662245  0.012245  0.000005  0.011960 6.67678E-10
 po  84   0.000000 -9.000000  0.000000  0.000000 1.07048E-24
#[ls/Fe]_Thiswork =  -0.0006, [hs/Fe]_Thiswork =  -0.0011
#[hs/ls]_Thiswork =  -0.0004, [Pb/hs]_Thiswork =   0.0011
# Elemental abundance ratios: 
# He/H =  1.0438E-01, C/O =  3.5403E-01, N/O = 3.66833E-01
#
#  TP   Mass     Mcore    Menv    log L
#  8 2.249970 0.554638 1.695330 3.542390
# El  Z   log e(X)   [X/H]    [X/Fe]     [X/O]      X(i)
  p   1  12.000000  0.000000  0.000000  0.000000 7.01017E-01
 he   2  11.018439  0.088439  0.076199  0.088154 2.90464E-01
  c   6   8.281251 -0.188749 -0.200989 -0.189034 1.59624E-03
  n   7   8.292662  0.422662  0.410422  0.422377 1.91106E-03
  o   8   8.730281  0.000281 -0.011959  0.000000 5.97918E-03
  f   9   4.459165 -0.000835 -0.013075 -0.001117 3.80312E-07
 ne  10   7.979635  0.009635 -0.002605  0.009354 1.33913E-03
 na  11   6.425300  0.115300  0.103060  0.115018 4.25703E-05
 mg  12   7.652186  0.012186 -0.000054  0.011905 7.58839E-04
 al  13   6.482199  0.012199 -0.000041  0.011918 5.69561E-05
 si  14   7.562193  0.012193 -0.000047  0.011911 7.12772E-04
  p  15   5.482192  0.012192 -0.000048  0.011911 6.53819E-06
  s  16   7.172191  0.012191 -0.000049  0.011909 3.31505E-04
 cl  17   5.242190  0.012190 -0.000050  0.011909 4.30636E-06
 ar  18   6.452185  0.012185 -0.000055  0.011903 7.86950E-05
  k  19   5.091589  0.011590 -0.000650  0.011308 3.35747E-06
 ca  20   6.302177  0.012177 -0.000062  0.011896 5.58922E-05
 sc  21   3.062190  0.012190 -0.000050  0.011909 3.60783E-08
 ti  22   4.922191  0.012191 -0.000049  0.011910 2.78288E-06
  v  23   3.971103  0.011103 -0.001137  0.010821 3.31472E-07
 cr  24   5.632900 -0.007100 -0.019340 -0.007381 1.55288E-05
 mn  25   5.492197  0.012197 -0.000043  0.011915 1.18669E-05
 fe  26   7.552190  0.012190  0.000000  0.011909 1.38498E-03
 co  27   4.882188  0.012188 -0.000001  0.011907 3.12475E-06
 ni  28   6.212193  0.012194  0.000004  0.011912 6.65346E-05
 cu  29   4.262191  0.012191  0.000001  0.011909 8.08252E-07
 zn  30   4.642196  0.012196  0.000006  0.011914 1.99573E-06
 ga  31   3.092191  0.012191  0.000001  0.011909 5.99563E-08
 ge  32   3.557816 -0.022184 -0.034374 -0.022466 1.82499E-07
 as  33   2.312188  0.012188 -0.000002  0.011907 1.06922E-08
 se  34   3.308264 -0.031736 -0.043926 -0.032017 1.11671E-07
 br  35   2.552199  0.012199  0.000010  0.011918 1.98169E-08
 kr  36   3.260618  0.010618 -0.001572  0.010337 1.06199E-07
 rb  37   2.370425  0.010425 -0.001765  0.010144 1.39475E-08
 sr  38   2.890297  0.010297 -0.001893  0.010015 4.73334E-08
  y  39   2.182210  0.012210  0.000020  0.011929 9.40608E-09
 zr  40   2.542192  0.012192  0.000002  0.011910 2.21090E-08
 nb  41   1.422200  0.012200  0.000010  0.011919 1.70809E-09
 mo  42   1.831008 -0.108992 -0.121182 -0.109273 4.52143E-09
 tc  43   0.000000 -9.000000  0.000000  0.000000 4.66000E-31
 ru  44   1.641244 -0.118756 -0.130946 -0.119037 3.07705E-09
 rh  45   1.072191  0.012191  0.000001  0.011910 8.45084E-10
 pd  46   1.603006 -0.046994 -0.059183 -0.047275 2.96686E-09
 ag  47   1.212191  0.012191  0.000001  0.011909 1.22279E-09
 cd  48   1.682469 -0.027531 -0.039721 -0.027812 3.76310E-09
 in  49   0.753149 -0.006851 -0.019041 -0.007132 4.52301E-10
 sn  50   2.019757 -0.050243 -0.062433 -0.050524 8.63998E-09
 sb  51   0.779659 -0.230341 -0.242531 -0.230622 5.09837E-10
 te  52   1.724818 -0.455182 -0.467372 -0.455463 4.70908E-09
  i  53   1.562185  0.012185 -0.000005  0.011904 3.22054E-09
 xe  54   2.215109 -0.024891 -0.037081 -0.025172 1.49837E-08
 cs  55   1.092191  0.012191  0.000001  0.011909 1.14288E-09
 ba  56   2.191292  0.011292 -0.000898  0.011010 1.48360E-08
 la  57   1.181799  0.011799 -0.000391  0.011518 1.46821E-09
 ce  58   1.590289  0.010289 -0.001901  0.010008 3.79354E-09
 pr  59   0.772191  0.012191  0.000001  0.011910 5.79956E-10
 nd  60   1.437188 -0.012812 -0.025002 -0.013093 2.74500E-09
 pm  61   0.000000 -9.000000  0.000000  0.000000 0.00000E+00
 sm  62   0.822482 -0.117518 -0.129708 -0.117799 6.94836E-10
 eu  63   0.522193  0.012193  0.000003  0.011912 3.51724E-10
 gd  64   1.062193  0.012193  0.000003  0.011912 1.26198E-09
 tb  65   0.332196  0.012196  0.000006  0.011915 2.37496E-10
 dy  66   1.141538  0.011538 -0.000652  0.011256 1.56552E-09
 ho  67   0.482192  0.012192  0.000002  0.011911 3.48145E-10
 er  68   0.924569  0.004569 -0.007621  0.004288 9.77746E-10
 tm  69   0.132191  0.012191  0.000001  0.011909 1.59285E-10
 yb  70   0.871163 -0.048837 -0.061027 -0.049118 8.94494E-10
 lu  71   0.101965  0.011965 -0.000225  0.011684 1.53882E-10
 hf  72   0.721536  0.011536 -0.000654  0.011254 6.53759E-10
 ta  73  -0.107862  0.012138 -0.000051  0.011857 9.81657E-11
  w  74   0.661670  0.011670 -0.000520  0.011388 5.86648E-10
 re  75   0.267448  0.007448 -0.004741  0.007167 2.39724E-10
 os  76   1.362490  0.012490  0.000300  0.012208 3.04815E-09
 ir  77   1.332193  0.012193  0.000003  0.011912 2.87245E-09
 pt  78   1.599853 -0.020147 -0.032337 -0.020429 5.39919E-09
 au  79   0.812194  0.012194  0.000004  0.011913 8.88905E-10
 hg  80   1.150576 -0.019424 -0.031614 -0.019706 1.97312E-09
 tl  81   0.782192  0.012192  0.000002  0.011911 8.60805E-10
 pb  82   2.052188  0.012188 -0.000002  0.011907 1.62497E-08
 bi  83   0.662194  0.012194  0.000004  0.011913 6.67678E-10
 po  84   0.000000 -9.000000  0.000000  0.000000 1.06230E-24
#[ls/Fe]_Thiswork =  -0.0006, [hs/Fe]_Thiswork =  -0.0011
#[hs/ls]_Thiswork =  -0.0004, [Pb/hs]_Thiswork =   0.0011
# Elemental abundance ratios: 
# He/H =  1.0434E-01, C/O =  3.5561E-01, N/O = 3.65073E-01
#
#  TP   Mass     Mcore    Menv    log L
#  9 2.249960 0.558722 1.691240 3.574600
# El  Z   log e(X)   [X/H]    [X/Fe]     [X/O]      X(i)
  p   1  12.000000  0.000000  0.000000  0.000000 7.01017E-01
 he   2  11.018437  0.088437  0.076247  0.088156 2.90463E-01
  c   6   8.281274 -0.188726 -0.200916 -0.189008 1.59633E-03
  n   7   8.292637  0.422637  0.410447  0.422356 1.91095E-03
  o   8   8.730281  0.000281 -0.011909  0.000000 5.97919E-03
  f   9   4.459166 -0.000834 -0.013024 -0.001116 3.80313E-07
 ne  10   7.979635  0.009635 -0.002555  0.009354 1.33913E-03
 na  11   6.425291  0.115291  0.103101  0.115009 4.25694E-05
 mg  12   7.652185  0.012186 -0.000004  0.011904 7.58839E-04
 al  13   6.482198  0.012198  0.000009  0.011917 5.69561E-05
 si  14   7.562192  0.012192  0.000002  0.011910 7.12772E-04
  p  15   5.482192  0.012192  0.000002  0.011910 6.53819E-06
  s  16   7.172190  0.012190  0.000000  0.011909 3.31505E-04
 cl  17   5.242189  0.012189  0.000000  0.011908 4.30636E-06
 ar  18   6.452184  0.012184 -0.000006  0.011903 7.86950E-05
  k  19   5.091589  0.011589 -0.000601  0.011308 3.35747E-06
 ca  20   6.302177  0.012177 -0.000013  0.011896 5.58922E-05
 sc  21   3.062189  0.012189 -0.000001  0.011908 3.60783E-08
 ti  22   4.922191  0.012191  0.000001  0.011909 2.78288E-06
  v  23   3.971103  0.011103 -0.001087  0.010821 3.31472E-07
 cr  24   5.632899 -0.007101 -0.019290 -0.007382 1.55288E-05
 mn  25   5.492196  0.012196  0.000006  0.011915 1.18669E-05
 fe  26   7.552189  0.012189  0.000000  0.011908 1.38498E-03
 co  27   4.882188  0.012188 -0.000001  0.011907 3.12475E-06
 ni  28   6.212193  0.012193  0.000004  0.011912 6.65346E-05
 cu  29   4.262190  0.012190  0.000001  0.011909 8.08252E-07
 zn  30   4.642195  0.012195  0.000006  0.011914 1.99573E-06
 ga  31   3.092191  0.012191  0.000001  0.011909 5.99563E-08
 ge  32   3.557816 -0.022184 -0.034374 -0.022466 1.82499E-07
 as  33   2.312187  0.012187 -0.000002  0.011906 1.06922E-08
 se  34   3.308263 -0.031737 -0.043926 -0.032018 1.11671E-07
 br  35   2.552198  0.012198  0.000009  0.011917 1.98169E-08
 kr  36   3.260617  0.010617 -0.001572  0.010336 1.06199E-07
 rb  37   2.370424  0.010424 -0.001765  0.010143 1.39475E-08
 sr  38   2.890296  0.010296 -0.001894  0.010015 4.73334E-08
  y  39   2.182209  0.012209  0.000020  0.011928 9.40608E-09
 zr  40   2.542192  0.012192  0.000002  0.011910 2.21090E-08
 nb  41   1.422200  0.012200  0.000011  0.011919 1.70809E-09
 mo  42   1.831007 -0.108993 -0.121182 -0.109274 4.52143E-09
 tc  43   0.000000 -9.000000  0.000000  0.000000 1.34858E-30
 ru  44   1.641243 -0.118757 -0.130946 -0.119038 3.07705E-09
 rh  45   1.072191  0.012191  0.000002  0.011910 8.45084E-10
 pd  46   1.603006 -0.046994 -0.059183 -0.047275 2.96686E-09
 ag  47   1.212190  0.012190  0.000000  0.011908 1.22279E-09
 cd  48   1.682469 -0.027531 -0.039720 -0.027812 3.76310E-09
 in  49   0.753149 -0.006851 -0.019040 -0.007132 4.52301E-10
 sn  50   2.019757 -0.050243 -0.062432 -0.050524 8.63998E-09
 sb  51   0.779658 -0.230342 -0.242531 -0.230623 5.09837E-10
 te  52   1.724817 -0.455183 -0.467372 -0.455464 4.70908E-09
  i  53   1.562184  0.012184 -0.000005  0.011903 3.22054E-09
 xe  54   2.215108 -0.024892 -0.037081 -0.025173 1.49837E-08
 cs  55   1.092191  0.012191  0.000001  0.011909 1.14288E-09
 ba  56   2.191292  0.011292 -0.000898  0.011010 1.48360E-08
 la  57   1.181799  0.011799 -0.000390  0.011518 1.46821E-09
 ce  58   1.590289  0.010289 -0.001900  0.010008 3.79354E-09
 pr  59   0.772191  0.012191  0.000002  0.011910 5.79956E-10
 nd  60   1.437188 -0.012812 -0.025001 -0.013093 2.74500E-09
 pm  61   0.000000 -9.000000  0.000000  0.000000 0.00000E+00
 sm  62   0.822482 -0.117518 -0.129707 -0.117799 6.94836E-10
 eu  63   0.522193  0.012193  0.000004  0.011912 3.51724E-10
 gd  64   1.062192  0.012192  0.000003  0.011911 1.26198E-09
 tb  65   0.332195  0.012195  0.000006  0.011914 2.37496E-10
 dy  66   1.141537  0.011537 -0.000653  0.011255 1.56552E-09
 ho  67   0.482192  0.012192  0.000003  0.011911 3.48145E-10
 er  68   0.924568  0.004568 -0.007621  0.004287 9.77746E-10
 tm  69   0.132190  0.012190  0.000000  0.011908 1.59285E-10
 yb  70   0.871162 -0.048838 -0.061027 -0.049119 8.94494E-10
 lu  71   0.101964  0.011964 -0.000225  0.011683 1.53882E-10
 hf  72   0.721536  0.011536 -0.000654  0.011254 6.53759E-10
 ta  73  -0.107862  0.012138 -0.000052  0.011856 9.81657E-11
  w  74   0.661669  0.011669 -0.000521  0.011387 5.86648E-10
 re  75   0.267447  0.007447 -0.004743  0.007165 2.39724E-10
 os  76   1.362490  0.012490  0.000300  0.012208 3.04815E-09
 ir  77   1.332192  0.012192  0.000003  0.011911 2.87245E-09
 pt  78   1.599852 -0.020148 -0.032338 -0.020430 5.39919E-09
 au  79   0.812194  0.012194  0.000004  0.011913 8.88905E-10
 hg  80   1.150575 -0.019425 -0.031615 -0.019707 1.97312E-09
 tl  81   0.782192  0.012192  0.000003  0.011911 8.60805E-10
 pb  82   2.052188  0.012188 -0.000001  0.011907 1.62497E-08
 bi  83   0.662194  0.012194  0.000005  0.011913 6.67678E-10
 po  84   0.000000 -9.000000  0.000000  0.000000 1.06220E-24
#[ls/Fe]_Thiswork =  -0.0006, [hs/Fe]_Thiswork =  -0.0011
#[hs/ls]_Thiswork =  -0.0004, [Pb/hs]_Thiswork =   0.0011
# Elemental abundance ratios: 
# He/H =  1.0434E-01, C/O =  3.5563E-01, N/O = 3.65052E-01
#
#  TP   Mass     Mcore    Menv    log L
# 10 2.249960 0.563142 1.686820 3.606410
# El  Z   log e(X)   [X/H]    [X/Fe]     [X/O]      X(i)
  p   1  12.000000  0.000000  0.000000  0.000000 7.01021E-01
 he   2  11.018431  0.088430  0.076241  0.088149 2.90460E-01
  c   6   8.281345 -0.188655 -0.200844 -0.188936 1.59659E-03
  n   7   8.292559  0.422559  0.410369  0.422277 1.91062E-03
  o   8   8.730281  0.000281 -0.011908  0.000000 5.97921E-03
  f   9   4.459167 -0.000833 -0.013022 -0.001114 3.80317E-07
 ne  10   7.979633  0.009634 -0.002556  0.009352 1.33914E-03
 na  11   6.425262  0.115263  0.103073  0.114981 4.25669E-05
 mg  12   7.652184  0.012184 -0.000006  0.011902 7.58839E-04
 al  13   6.482196  0.012197  0.000007  0.011915 5.69561E-05
 si  14   7.562190  0.012190  0.000000  0.011909 7.12772E-04
  p  15   5.482190  0.012190  0.000000  0.011909 6.53819E-06
  s  16   7.172188  0.012188 -0.000001  0.011907 3.31505E-04
 cl  17   5.242188  0.012187 -0.000002  0.011906 4.30636E-06
 ar  18   6.452182  0.012182 -0.000007  0.011901 7.86950E-05
  k  19   5.091587  0.011587 -0.000602  0.011306 3.35747E-06
 ca  20   6.302175  0.012175 -0.000014  0.011894 5.58922E-05
 sc  21   3.062187  0.012187 -0.000002  0.011906 3.60783E-08
 ti  22   4.922189  0.012189  0.000000  0.011908 2.78288E-06
  v  23   3.971101  0.011101 -0.001089  0.010819 3.31472E-07
 cr  24   5.632897 -0.007102 -0.019292 -0.007384 1.55288E-05
 mn  25   5.492194  0.012194  0.000005  0.011913 1.18669E-05
 fe  26   7.552187  0.012187  0.000000  0.011906 1.38498E-03
 co  27   4.882186  0.012186 -0.000001  0.011905 3.12475E-06
 ni  28   6.212191  0.012191  0.000004  0.011910 6.65346E-05
 cu  29   4.262188  0.012188  0.000001  0.011907 8.08252E-07
 zn  30   4.642193  0.012193  0.000006  0.011912 1.99573E-06
 ga  31   3.092189  0.012189  0.000001  0.011908 5.99563E-08
 ge  32   3.557814 -0.022186 -0.034374 -0.022468 1.82499E-07
 as  33   2.312185  0.012185 -0.000002  0.011904 1.06922E-08
 se  34   3.308261 -0.031739 -0.043926 -0.032020 1.11671E-07
 br  35   2.552197  0.012197  0.000009  0.011915 1.98169E-08
 kr  36   3.260615  0.010615 -0.001572  0.010334 1.06199E-07
 rb  37   2.370422  0.010422 -0.001765  0.010141 1.39475E-08
 sr  38   2.890294  0.010294 -0.001894  0.010013 4.73334E-08
  y  39   2.182207  0.012207  0.000020  0.011926 9.40608E-09
 zr  40   2.542190  0.012190  0.000002  0.011908 2.21090E-08
 nb  41   1.422198  0.012198  0.000011  0.011917 1.70809E-09
 mo  42   1.831005 -0.108995 -0.121182 -0.109276 4.52143E-09
 tc  43   0.000000 -9.000000  0.000000  0.000000 9.30630E-31
 ru  44   1.641241 -0.118759 -0.130946 -0.119040 3.07705E-09
 rh  45   1.072189  0.012189  0.000002  0.011908 8.45084E-10
 pd  46   1.603004 -0.046996 -0.059183 -0.047277 2.96686E-09
 ag  47   1.212188  0.012188  0.000000  0.011906 1.22279E-09
 cd  48   1.682467 -0.027533 -0.039720 -0.027814 3.76310E-09
 in  49   0.753147 -0.006853 -0.019040 -0.007134 4.52301E-10
 sn  50   2.019755 -0.050245 -0.062432 -0.050526 8.63998E-09
 sb  51   0.779656 -0.230344 -0.242531 -0.230625 5.09837E-10
 te  52   1.724815 -0.455185 -0.467372 -0.455466 4.70908E-09
  i  53   1.562182  0.012182 -0.000005  0.011901 3.22054E-09
 xe  54   2.215106 -0.024894 -0.037081 -0.025175 1.49837E-08
 cs  55   1.092189  0.012189  0.000001  0.011907 1.14288E-09
 ba  56   2.191290  0.011290 -0.000898  0.011009 1.48360E-08
 la  57   1.181797  0.011797 -0.000390  0.011516 1.46821E-09
 ce  58   1.590287  0.010287 -0.001900  0.010006 3.79354E-09
 pr  59   0.772189  0.012189  0.000002  0.011908 5.79956E-10
 nd  60   1.437186 -0.012814 -0.025001 -0.013095 2.74500E-09
 pm  61   0.000000 -9.000000  0.000000  0.000000 0.00000E+00
 sm  62   0.822480 -0.117520 -0.129707 -0.117801 6.94836E-10
 eu  63   0.522191  0.012191  0.000004  0.011910 3.51724E-10
 gd  64   1.062190  0.012190  0.000003  0.011909 1.26198E-09
 tb  65   0.332193  0.012193  0.000006  0.011912 2.37496E-10
 dy  66   1.141535  0.011535 -0.000653  0.011253 1.56552E-09
 ho  67   0.482190  0.012190  0.000003  0.011909 3.48145E-10
 er  68   0.924566  0.004566 -0.007621  0.004285 9.77746E-10
 tm  69   0.132188  0.012188  0.000000  0.011907 1.59285E-10
 yb  70   0.871161 -0.048840 -0.061027 -0.049121 8.94494E-10
 lu  71   0.101962  0.011962 -0.000225  0.011681 1.53882E-10
 hf  72   0.721534  0.011534 -0.000654  0.011252 6.53759E-10
 ta  73  -0.107864  0.012136 -0.000052  0.011854 9.81657E-11
  w  74   0.661667  0.011667 -0.000521  0.011386 5.86648E-10
 re  75   0.267445  0.007445 -0.004743  0.007163 2.39724E-10
 os  76   1.362488  0.012488  0.000300  0.012206 3.04815E-09
 ir  77   1.332191  0.012190  0.000003  0.011909 2.87245E-09
 pt  78   1.599850 -0.020150 -0.032338 -0.020432 5.39919E-09
 au  79   0.812192  0.012192  0.000004  0.011911 8.88905E-10
 hg  80   1.150573 -0.019427 -0.031615 -0.019709 1.97312E-09
 tl  81   0.782190  0.012190  0.000003  0.011909 8.60805E-10
 pb  82   2.052186  0.012186 -0.000001  0.011905 1.62497E-08
 bi  83   0.662192  0.012192  0.000005  0.011911 6.67678E-10
 po  84   0.000000 -9.000000  0.000000  0.000000 1.06189E-24
#[ls/Fe]_Thiswork =  -0.0006, [hs/Fe]_Thiswork =  -0.0011
#[hs/ls]_Thiswork =  -0.0004, [Pb/hs]_Thiswork =   0.0011
# Elemental abundance ratios: 
# He/H =  1.0434E-01, C/O =  3.5568E-01, N/O = 3.64987E-01
#
#  TP   Mass     Mcore    Menv    log L
# 11 2.249950 0.567803 1.682150 3.635070
# El  Z   log e(X)   [X/H]    [X/Fe]     [X/O]      X(i)
  p   1  12.000000  0.000000  0.000000  0.000000 7.01126E-01
 he   2  11.018211  0.088211  0.076024  0.087930 2.90357E-01
  c   6   8.283833 -0.186168 -0.198355 -0.186449 1.60601E-03
  n   7   8.289824  0.419824  0.407636  0.419542 1.89891E-03
  o   8   8.730277  0.000278 -0.011910  0.000000 5.98005E-03
  f   9   4.459235 -0.000765 -0.012953 -0.001043 3.80433E-07
 ne  10   7.979594  0.009594 -0.002594  0.009316 1.33922E-03
 na  11   6.424276  0.114276  0.102089  0.113999 4.24767E-05
 mg  12   7.652119  0.012119 -0.000069  0.011841 7.58838E-04
 al  13   6.482131  0.012131 -0.000056  0.011854 5.69561E-05
 si  14   7.562125  0.012125 -0.000062  0.011847 7.12772E-04
  p  15   5.482125  0.012125 -0.000062  0.011847 6.53819E-06
  s  16   7.172123  0.012124 -0.000064  0.011846 3.31505E-04
 cl  17   5.242122  0.012122 -0.000065  0.011845 4.30636E-06
 ar  18   6.452117  0.012117 -0.000071  0.011839 7.86950E-05
  k  19   5.091522  0.011522 -0.000666  0.011244 3.35747E-06
 ca  20   6.302110  0.012110 -0.000077  0.011833 5.58922E-05
 sc  21   3.062122  0.012122 -0.000065  0.011845 3.60783E-08
 ti  22   4.922123  0.012124 -0.000064  0.011846 2.78288E-06
  v  23   3.971036  0.011036 -0.001152  0.010758 3.31472E-07
 cr  24   5.632833 -0.007167 -0.019355 -0.007445 1.55288E-05
 mn  25   5.492129  0.012129 -0.000059  0.011851 1.18669E-05
 fe  26   7.552123  0.012123  0.000000  0.011845 1.38498E-03
 co  27   4.882121  0.012121 -0.000001  0.011844 3.12475E-06
 ni  28   6.212126  0.012126  0.000004  0.011849 6.65346E-05
 cu  29   4.262123  0.012123  0.000000  0.011846 8.08252E-07
 zn  30   4.642128  0.012128  0.000005  0.011850 1.99573E-06
 ga  31   3.092124  0.012124  0.000001  0.011847 5.99563E-08
 ge  32   3.557748 -0.022252 -0.034375 -0.022530 1.82498E-07
 as  33   2.312120  0.012120 -0.000002  0.011843 1.06921E-08
 se  34   3.308196 -0.031804 -0.043926 -0.032081 1.11671E-07
 br  35   2.552132  0.012132  0.000009  0.011854 1.98169E-08
 kr  36   3.260550  0.010550 -0.001572  0.010273 1.06199E-07
 rb  37   2.370357  0.010357 -0.001766  0.010079 1.39475E-08
 sr  38   2.890229  0.010229 -0.001894  0.009952 4.73334E-08
  y  39   2.182142  0.012142  0.000020  0.011865 9.40608E-09
 zr  40   2.542125  0.012125  0.000002  0.011847 2.21090E-08
 nb  41   1.422132  0.012133  0.000010  0.011855 1.70809E-09
 mo  42   1.830940 -0.109060 -0.121182 -0.109337 4.52143E-09
 tc  43   0.000000 -9.000000  0.000000  0.000000 7.72931E-31
 ru  44   1.641176 -0.118824 -0.130946 -0.119101 3.07704E-09
 rh  45   1.072124  0.012125  0.000002  0.011847 8.45084E-10
 pd  46   1.602939 -0.047061 -0.059184 -0.047339 2.96686E-09
 ag  47   1.212123  0.012123  0.000000  0.011845 1.22279E-09
 cd  48   1.682403 -0.027597 -0.039720 -0.027875 3.76310E-09
 in  49   0.753082 -0.006918 -0.019040 -0.007195 4.52301E-10
 sn  50   2.019690 -0.050310 -0.062433 -0.050588 8.63998E-09
 sb  51   0.779592 -0.230408 -0.242531 -0.230686 5.09837E-10
 te  52   1.724751 -0.455250 -0.467372 -0.455527 4.70908E-09
  i  53   1.562118  0.012118 -0.000005  0.011840 3.22054E-09
 xe  54   2.215041 -0.024959 -0.037081 -0.025236 1.49837E-08
 cs  55   1.092124  0.012124  0.000001  0.011846 1.14288E-09
 ba  56   2.191224  0.011224 -0.000899  0.010947 1.48360E-08
 la  57   1.181732  0.011732 -0.000390  0.011455 1.46821E-09
 ce  58   1.590221  0.010221 -0.001901  0.009944 3.79354E-09
 pr  59   0.772124  0.012124  0.000002  0.011847 5.79956E-10
 nd  60   1.437120 -0.012880 -0.025002 -0.013157 2.74500E-09
 pm  61   0.000000 -9.000000  0.000000  0.000000 0.00000E+00
 sm  62   0.822415 -0.117585 -0.129707 -0.117862 6.94836E-10
 eu  63   0.522125  0.012125  0.000003  0.011848 3.51724E-10
 gd  64   1.062125  0.012125  0.000003  0.011848 1.26198E-09
 tb  65   0.332129  0.012129  0.000006  0.011851 2.37496E-10
 dy  66   1.141470  0.011470 -0.000653  0.011192 1.56552E-09
 ho  67   0.482124  0.012124  0.000002  0.011847 3.48145E-10
 er  68   0.924501  0.004501 -0.007621  0.004224 9.77746E-10
 tm  69   0.132123  0.012123  0.000000  0.011845 1.59285E-10
 yb  70   0.871096 -0.048904 -0.061027 -0.049182 8.94494E-10
 lu  71   0.101897  0.011897 -0.000225  0.011620 1.53882E-10
 hf  72   0.721468  0.011468 -0.000655  0.011190 6.53759E-10
 ta  73  -0.107929  0.012071 -0.000052  0.011793 9.81657E-11
  w  74   0.661602  0.011602 -0.000521  0.011325 5.86648E-10
 re  75   0.267379  0.007379 -0.004744  0.007101 2.39723E-10
 os  76   1.362422  0.012422  0.000299  0.012144 3.04815E-09
 ir  77   1.332126  0.012126  0.000003  0.011848 2.87245E-09
 pt  78   1.599785 -0.020215 -0.032338 -0.020493 5.39919E-09
 au  79   0.812126  0.012126  0.000004  0.011849 8.88905E-10
 hg  80   1.150508 -0.019492 -0.031615 -0.019770 1.97312E-09
 tl  81   0.782125  0.012125  0.000002  0.011847 8.60805E-10
 pb  82   2.052120  0.012120 -0.000002  0.011843 1.62497E-08
 bi  83   0.662127  0.012128  0.000005  0.011850 6.67678E-10
 po  84   0.000000 -9.000000  0.000000  0.000000 1.05125E-24
#[ls/Fe]_Thiswork =  -0.0006, [hs/Fe]_Thiswork =  -0.0011
#[hs/ls]_Thiswork =  -0.0004, [Pb/hs]_Thiswork =   0.0011
# Elemental abundance ratios: 
# He/H =  1.0428E-01, C/O =  3.5773E-01, N/O = 3.62699E-01
#
#  TP   Mass     Mcore    Menv    log L
# 12 2.249950 0.572735 1.677210 3.664320
# El  Z   log e(X)   [X/H]    [X/Fe]     [X/O]      X(i)
  p   1  12.000000  0.000000  0.000000  0.000000 7.01355E-01
 he   2  11.017732  0.087731  0.075609  0.087454 2.90131E-01
  c   6   8.289207 -0.180793 -0.192915 -0.181070 1.62654E-03
  n   7   8.283799  0.413799  0.401677  0.413522 1.87336E-03
  o   8   8.730268  0.000268 -0.011855  0.000000 5.98188E-03
  f   9   4.459380 -0.000620 -0.012743 -0.000888 3.80685E-07
 ne  10   7.979508  0.009508 -0.002614  0.009240 1.33939E-03
 na  11   6.422117  0.112117  0.099994  0.111849 4.22798E-05
 mg  12   7.651976  0.011976 -0.000146  0.011708 7.58838E-04
 al  13   6.481989  0.011989 -0.000134  0.011721 5.69561E-05
 si  14   7.561983  0.011983 -0.000140  0.011715 7.12771E-04
  p  15   5.481983  0.011983 -0.000140  0.011715 6.53818E-06
  s  16   7.171981  0.011981 -0.000142  0.011713 3.31505E-04
 cl  17   5.241980  0.011980 -0.000143  0.011712 4.30636E-06
 ar  18   6.451975  0.011975 -0.000148  0.011707 7.86950E-05
  k  19   5.091380  0.011380 -0.000743  0.011112 3.35747E-06
 ca  20   6.301968  0.011968 -0.000154  0.011700 5.58922E-05
 sc  21   3.061980  0.011980 -0.000142  0.011712 3.60782E-08
 ti  22   4.921981  0.011981 -0.000141  0.011714 2.78288E-06
  v  23   3.970894  0.010894 -0.001229  0.010626 3.31472E-07
 cr  24   5.632690 -0.007309 -0.019432 -0.007577 1.55288E-05
 mn  25   5.491987  0.011987 -0.000136  0.011719 1.18669E-05
 fe  26   7.551980  0.011980  0.000000  0.011712 1.38497E-03
 co  27   4.881979  0.011979 -0.000001  0.011711 3.12475E-06
 ni  28   6.211984  0.011984  0.000004  0.011716 6.65346E-05
 cu  29   4.261981  0.011981  0.000001  0.011713 8.08252E-07
 zn  30   4.641986  0.011986  0.000006  0.011718 1.99573E-06
 ga  31   3.091982  0.011982  0.000002  0.011714 5.99563E-08
 ge  32   3.557606 -0.022394 -0.034374 -0.022662 1.82498E-07
 as  33   2.311978  0.011978 -0.000002  0.011710 1.06921E-08
 se  34   3.308054 -0.031946 -0.043926 -0.032214 1.11670E-07
 br  35   2.551990  0.011990  0.000010  0.011722 1.98169E-08
 kr  36   3.260408  0.010408 -0.001572  0.010140 1.06199E-07
 rb  37   2.370214  0.010215 -0.001765  0.009947 1.39475E-08
 sr  38   2.890087  0.010087 -0.001893  0.009819 4.73334E-08
  y  39   2.182000  0.012000  0.000020  0.011732 9.40608E-09
 zr  40   2.541982  0.011982  0.000002  0.011714 2.21090E-08
 nb  41   1.421990  0.011990  0.000010  0.011722 1.70809E-09
 mo  42   1.830798 -0.109202 -0.121182 -0.109470 4.52142E-09
 tc  43   0.000000 -9.000000  0.000000  0.000000 2.97815E-30
 ru  44   1.641034 -0.118966 -0.130946 -0.119234 3.07704E-09
 rh  45   1.071982  0.011982  0.000002  0.011714 8.45084E-10
 pd  46   1.602797 -0.047203 -0.059183 -0.047471 2.96686E-09
 ag  47   1.211981  0.011981  0.000001  0.011713 1.22279E-09
 cd  48   1.682260 -0.027740 -0.039721 -0.028008 3.76310E-09
 in  49   0.752940 -0.007060 -0.019040 -0.007328 4.52301E-10
 sn  50   2.019547 -0.050452 -0.062433 -0.050720 8.63997E-09
 sb  51   0.779449 -0.230551 -0.242531 -0.230819 5.09837E-10
 te  52   1.724608 -0.455392 -0.467372 -0.455660 4.70908E-09
  i  53   1.561975  0.011976 -0.000005  0.011708 3.22054E-09
 xe  54   2.214899 -0.025101 -0.037081 -0.025369 1.49837E-08
 cs  55   1.091982  0.011982  0.000002  0.011714 1.14288E-09
 ba  56   2.191082  0.011082 -0.000898  0.010814 1.48360E-08
 la  57   1.181590  0.011590 -0.000390  0.011322 1.46821E-09
 ce  58   1.590079  0.010079 -0.001901  0.009811 3.79354E-09
 pr  59   0.771982  0.011982  0.000002  0.011714 5.79956E-10
 nd  60   1.436978 -0.013022 -0.025002 -0.013290 2.74500E-09
 pm  61   0.000000 -9.000000  0.000000  0.000000 0.00000E+00
 sm  62   0.822273 -0.117727 -0.129707 -0.117995 6.94836E-10
 eu  63   0.521983  0.011983  0.000003  0.011715 3.51724E-10
 gd  64   1.061983  0.011983  0.000003  0.011715 1.26197E-09
 tb  65   0.331986  0.011986  0.000006  0.011718 2.37496E-10
 dy  66   1.141328  0.011328 -0.000652  0.011060 1.56552E-09
 ho  67   0.481982  0.011982  0.000002  0.011714 3.48144E-10
 er  68   0.924359  0.004359 -0.007621  0.004091 9.77745E-10
 tm  69   0.131981  0.011981  0.000001  0.011713 1.59285E-10
 yb  70   0.870954 -0.049046 -0.061027 -0.049314 8.94493E-10
 lu  71   0.101755  0.011755 -0.000225  0.011487 1.53882E-10
 hf  72   0.721326  0.011326 -0.000654  0.011058 6.53759E-10
 ta  73  -0.108071  0.011929 -0.000051  0.011661 9.81656E-11
  w  74   0.661460  0.011460 -0.000520  0.011192 5.86648E-10
 re  75   0.267236  0.007236 -0.004744  0.006968 2.39723E-10
 os  76   1.362280  0.012280  0.000300  0.012012 3.04815E-09
 ir  77   1.331984  0.011984  0.000003  0.011716 2.87245E-09
 pt  78   1.599643 -0.020357 -0.032337 -0.020625 5.39919E-09
 au  79   0.811984  0.011984  0.000004  0.011716 8.88905E-10
 hg  80   1.150366 -0.019634 -0.031614 -0.019902 1.97312E-09
 tl  81   0.781982  0.011982  0.000002  0.011714 8.60805E-10
 pb  82   2.051978  0.011978 -0.000002  0.011710 1.62497E-08
 bi  83   0.661985  0.011985  0.000005  0.011717 6.67678E-10
 po  84   0.000000 -9.000000  0.000000  0.000000 1.02798E-24
#[ls/Fe]_Thiswork =  -0.0006, [hs/Fe]_Thiswork =  -0.0011
#[hs/ls]_Thiswork =  -0.0004, [Pb/hs]_Thiswork =   0.0011
# Elemental abundance ratios: 
# He/H =  1.0417E-01, C/O =  3.6219E-01, N/O = 3.57710E-01
#
#  TP   Mass     Mcore    Menv    log L
# 13 2.249940 0.577902 1.672040 3.691910
# El  Z   log e(X)   [X/H]    [X/Fe]     [X/O]      X(i)
  p   1  12.000000  0.000000  0.000000  0.000000 7.01579E-01
 he   2  11.017262  0.087262  0.075282  0.086994 2.89911E-01
  c   6   8.294377 -0.175623 -0.187603 -0.175891 1.64654E-03
  n   7   8.277852  0.407852  0.395872  0.407584 1.84847E-03
  o   8   8.730258  0.000258 -0.011722  0.000000 5.98366E-03
  f   9   4.459520 -0.000480 -0.012460 -0.000739 3.80929E-07
 ne  10   7.979424  0.009424 -0.002556  0.009165 1.33956E-03
 na  11   6.420002  0.110002  0.098022  0.109743 4.20878E-05
 mg  12   7.651837  0.011837 -0.000143  0.011579 7.58838E-04
 al  13   6.481851  0.011851 -0.000129  0.011592 5.69561E-05
 si  14   7.561844  0.011844 -0.000136  0.011586 7.12771E-04
  p  15   5.481844  0.011844 -0.000136  0.011586 6.53818E-06
  s  16   7.171842  0.011842 -0.000138  0.011584 3.31505E-04
 cl  17   5.241841  0.011841 -0.000139  0.011583 4.30636E-06
 ar  18   6.451836  0.011836 -0.000144  0.011578 7.86950E-05
  k  19   5.091241  0.011241 -0.000739  0.010983 3.35747E-06
 ca  20   6.301829  0.011829 -0.000151  0.011571 5.58922E-05
 sc  21   3.061842  0.011842 -0.000138  0.011584 3.60782E-08
 ti  22   4.921843  0.011843 -0.000137  0.011584 2.78288E-06
  v  23   3.970755  0.010755 -0.001225  0.010496 3.31472E-07
 cr  24   5.632552 -0.007448 -0.019428 -0.007707 1.55288E-05
 mn  25   5.491848  0.011848 -0.000132  0.011590 1.18669E-05
 fe  26   7.551841  0.011841  0.000000  0.011583 1.38497E-03
 co  27   4.881840  0.011840 -0.000001  0.011581 3.12474E-06
 ni  28   6.211845  0.011845  0.000004  0.011587 6.65346E-05
 cu  29   4.261842  0.011842  0.000001  0.011584 8.08252E-07
 zn  30   4.641847  0.011847  0.000006  0.011589 1.99572E-06
 ga  31   3.091843  0.011843  0.000001  0.011584 5.99563E-08
 ge  32   3.557467 -0.022532 -0.034374 -0.022791 1.82498E-07
 as  33   2.311839  0.011839 -0.000002  0.011581 1.06921E-08
 se  34   3.307915 -0.032085 -0.043926 -0.032344 1.11670E-07
 br  35   2.551850  0.011850  0.000009  0.011592 1.98169E-08
 kr  36   3.260269  0.010269 -0.001572  0.010011 1.06199E-07
 rb  37   2.370075  0.010075 -0.001766  0.009817 1.39475E-08
 sr  38   2.889949  0.009949 -0.001893  0.009690 4.73334E-08
  y  39   2.181862  0.011862  0.000021  0.011603 9.40608E-09
 zr  40   2.541843  0.011843  0.000002  0.011585 2.21090E-08
 nb  41   1.421852  0.011852  0.000011  0.011594 1.70809E-09
 mo  42   1.830659 -0.109341 -0.121182 -0.109600 4.52142E-09
 tc  43   0.000000 -9.000000  0.000000  0.000000 1.03903E-29
 ru  44   1.640895 -0.119105 -0.130946 -0.119364 3.07704E-09
 rh  45   1.071843  0.011843  0.000002  0.011585 8.45084E-10
 pd  46   1.602658 -0.047342 -0.059183 -0.047600 2.96686E-09
 ag  47   1.211842  0.011842  0.000000  0.011583 1.22279E-09
 cd  48   1.682121 -0.027879 -0.039720 -0.028137 3.76310E-09
 in  49   0.752801 -0.007199 -0.019040 -0.007457 4.52300E-10
 sn  50   2.019409 -0.050591 -0.062432 -0.050849 8.63997E-09
 sb  51   0.779311 -0.230689 -0.242530 -0.230947 5.09837E-10
 te  52   1.724469 -0.455531 -0.467372 -0.455789 4.70908E-09
  i  53   1.561836  0.011836 -0.000005  0.011578 3.22054E-09
 xe  54   2.214760 -0.025240 -0.037081 -0.025499 1.49837E-08
 cs  55   1.091843  0.011843  0.000001  0.011584 1.14288E-09
 ba  56   2.190944  0.010944 -0.000898  0.010685 1.48360E-08
 la  57   1.181451  0.011451 -0.000390  0.011192 1.46821E-09
 ce  58   1.589941  0.009941 -0.001900  0.009683 3.79354E-09
 pr  59   0.771843  0.011843  0.000002  0.011585 5.79955E-10
 nd  60   1.436840 -0.013160 -0.025001 -0.013418 2.74499E-09
 pm  61   0.000000 -9.000000  0.000000  0.000000 0.00000E+00
 sm  62   0.822134 -0.117866 -0.129707 -0.118124 6.94836E-10
 eu  63   0.521845  0.011845  0.000004  0.011586 3.51724E-10
 gd  64   1.061844  0.011844  0.000003  0.011585 1.26197E-09
 tb  65   0.331848  0.011848  0.000007  0.011590 2.37496E-10
 dy  66   1.141189  0.011189 -0.000653  0.010930 1.56552E-09
 ho  67   0.481844  0.011844  0.000003  0.011586 3.48144E-10
 er  68   0.924220  0.004220 -0.007621  0.003962 9.77745E-10
 tm  69   0.131843  0.011843  0.000001  0.011584 1.59285E-10
 yb  70   0.870814 -0.049186 -0.061027 -0.049444 8.94493E-10
 lu  71   0.101616  0.011616 -0.000225  0.011357 1.53882E-10
 hf  72   0.721188  0.011188 -0.000654  0.010929 6.53758E-10
 ta  73  -0.108211  0.011789 -0.000052  0.011531 9.81656E-11
  w  74   0.661322  0.011322 -0.000520  0.011063 5.86648E-10
 re  75   0.267097  0.007097 -0.004745  0.006838 2.39723E-10
 os  76   1.362142  0.012142  0.000300  0.011883 3.04815E-09
 ir  77   1.331845  0.011845  0.000004  0.011587 2.87245E-09
 pt  78   1.599504 -0.020496 -0.032338 -0.020755 5.39919E-09
 au  79   0.811846  0.011846  0.000004  0.011587 8.88905E-10
 hg  80   1.150227 -0.019773 -0.031615 -0.020032 1.97312E-09
 tl  81   0.781844  0.011844  0.000003  0.011586 8.60805E-10
 pb  82   2.051840  0.011840 -0.000001  0.011581 1.62497E-08
 bi  83   0.661846  0.011846  0.000005  0.011588 6.67678E-10
 po  84   0.000000 -9.000000  0.000000  0.000000 1.00526E-24
#[ls/Fe]_Thiswork =  -0.0006, [hs/Fe]_Thiswork =  -0.0011
#[hs/ls]_Thiswork =  -0.0004, [Pb/hs]_Thiswork =   0.0011
# Elemental abundance ratios: 
# He/H =  1.0405E-01, C/O =  3.6654E-01, N/O = 3.52854E-01
#
#  TP   Mass     Mcore    Menv    log L
# 14 2.249930 0.583266 1.666660 3.718350
# El  Z   log e(X)   [X/H]    [X/Fe]     [X/O]      X(i)
  p   1  12.000000  0.000000  0.000000  0.000000 7.01790E-01
 he   2  11.016820  0.086820  0.074978  0.086561 2.89703E-01
  c   6   8.299196 -0.170804 -0.182645 -0.171062 1.66542E-03
  n   7   8.272170  0.402170  0.390329  0.401912 1.82500E-03
  o   8   8.730248  0.000249 -0.011592  0.000000 5.98533E-03
  f   9   4.459651 -0.000349 -0.012190 -0.000598 3.81159E-07
 ne  10   7.979344  0.009345 -0.002497  0.009096 1.33971E-03
 na  11   6.417998  0.107998  0.096157  0.107749 4.19067E-05
 mg  12   7.651707  0.011707 -0.000134  0.011458 7.58838E-04
 al  13   6.481720  0.011720 -0.000121  0.011471 5.69562E-05
 si  14   7.561713  0.011713 -0.000128  0.011464 7.12771E-04
  p  15   5.481713  0.011713 -0.000128  0.011464 6.53818E-06
  s  16   7.171711  0.011712 -0.000130  0.011463 3.31505E-04
 cl  17   5.241711  0.011711 -0.000131  0.011462 4.30636E-06
 ar  18   6.451705  0.011705 -0.000136  0.011456 7.86950E-05
  k  19   5.091110  0.011110 -0.000731  0.010861 3.35746E-06
 ca  20   6.301698  0.011698 -0.000143  0.011449 5.58922E-05
 sc  21   3.061710  0.011710 -0.000131  0.011461 3.60782E-08
 ti  22   4.921712  0.011712 -0.000129  0.011463 2.78288E-06
  v  23   3.970624  0.010624 -0.001217  0.010375 3.31472E-07
 cr  24   5.632421 -0.007579 -0.019421 -0.007828 1.55288E-05
 mn  25   5.491717  0.011717 -0.000124  0.011468 1.18669E-05
 fe  26   7.551711  0.011711  0.000000  0.011462 1.38497E-03
 co  27   4.881709  0.011709 -0.000001  0.011460 3.12474E-06
 ni  28   6.211714  0.011714  0.000004  0.011466 6.65346E-05
 cu  29   4.261712  0.011712  0.000001  0.011463 8.08251E-07
 zn  30   4.641716  0.011716  0.000006  0.011467 1.99572E-06
 ga  31   3.091712  0.011712  0.000001  0.011463 5.99563E-08
 ge  32   3.557337 -0.022663 -0.034374 -0.022912 1.82498E-07
 as  33   2.311708  0.011708 -0.000002  0.011460 1.06921E-08
 se  34   3.307784 -0.032216 -0.043926 -0.032465 1.11670E-07
 br  35   2.551720  0.011720  0.000009  0.011471 1.98169E-08
 kr  36   3.260139  0.010139 -0.001572  0.009890 1.06199E-07
 rb  37   2.369945  0.009945 -0.001766  0.009696 1.39474E-08
 sr  38   2.889818  0.009818 -0.001893  0.009569 4.73334E-08
  y  39   2.181730  0.011730  0.000020  0.011481 9.40608E-09
 zr  40   2.541713  0.011713  0.000002  0.011464 2.21090E-08
 nb  41   1.421721  0.011721  0.000011  0.011473 1.70809E-09
 mo  42   1.830528 -0.109472 -0.121182 -0.109721 4.52142E-09
 tc  43   0.000000 -9.000000  0.000000  0.000000 2.22644E-29
 ru  44   1.640764 -0.119236 -0.130946 -0.119485 3.07704E-09
 rh  45   1.071712  0.011713  0.000002  0.011464 8.45084E-10
 pd  46   1.602528 -0.047472 -0.059183 -0.047721 2.96686E-09
 ag  47   1.211711  0.011711  0.000000  0.011462 1.22279E-09
 cd  48   1.681991 -0.028009 -0.039720 -0.028258 3.76310E-09
 in  49   0.752670 -0.007330 -0.019040 -0.007579 4.52300E-10
 sn  50   2.019279 -0.050721 -0.062432 -0.050970 8.63997E-09
 sb  51   0.779180 -0.230820 -0.242531 -0.231069 5.09837E-10
 te  52   1.724339 -0.455662 -0.467372 -0.455910 4.70908E-09
  i  53   1.561706  0.011706 -0.000005  0.011457 3.22053E-09
 xe  54   2.214629 -0.025371 -0.037081 -0.025620 1.49837E-08
 cs  55   1.091712  0.011712  0.000001  0.011463 1.14288E-09
 ba  56   2.190812  0.010812 -0.000899  0.010563 1.48359E-08
 la  57   1.181320  0.011320 -0.000390  0.011071 1.46821E-09
 ce  58   1.589810  0.009810 -0.001900  0.009561 3.79354E-09
 pr  59   0.771712  0.011712  0.000002  0.011463 5.79955E-10
 nd  60   1.436709 -0.013291 -0.025001 -0.013540 2.74499E-09
 pm  61   0.000000 -9.000000  0.000000  0.000000 0.00000E+00
 sm  62   0.822003 -0.117997 -0.129707 -0.118246 6.94836E-10
 eu  63   0.521714  0.011714  0.000004  0.011465 3.51724E-10
 gd  64   1.061713  0.011713  0.000003  0.011464 1.26197E-09
 tb  65   0.331717  0.011717  0.000006  0.011468 2.37496E-10
 dy  66   1.141058  0.011058 -0.000653  0.010809 1.56552E-09
 ho  67   0.481712  0.011712  0.000002  0.011463 3.48144E-10
 er  68   0.924089  0.004089 -0.007621  0.003841 9.77745E-10
 tm  69   0.131711  0.011711  0.000000  0.011462 1.59285E-10
 yb  70   0.870684 -0.049316 -0.061027 -0.049565 8.94493E-10
 lu  71   0.101485  0.011485 -0.000225  0.011236 1.53882E-10
 hf  72   0.721057  0.011057 -0.000654  0.010808 6.53758E-10
 ta  73  -0.108341  0.011659 -0.000052  0.011410 9.81656E-11
  w  74   0.661190  0.011190 -0.000521  0.010941 5.86647E-10
 re  75   0.266966  0.006966 -0.004745  0.006717 2.39722E-10
 os  76   1.362011  0.012011  0.000300  0.011762 3.04815E-09
 ir  77   1.331714  0.011714  0.000003  0.011465 2.87245E-09
 pt  78   1.599373 -0.020627 -0.032338 -0.020876 5.39918E-09
 au  79   0.811715  0.011715  0.000004  0.011466 8.88905E-10
 hg  80   1.150096 -0.019904 -0.031615 -0.020153 1.97311E-09
 tl  81   0.781713  0.011714  0.000003  0.011465 8.60805E-10
 pb  82   2.051709  0.011709 -0.000001  0.011460 1.62497E-08
 bi  83   0.661716  0.011716  0.000005  0.011467 6.67678E-10
 po  84   0.000000 -9.000000  0.000000  0.000000 9.83838E-25
#[ls/Fe]_Thiswork =  -0.0006, [hs/Fe]_Thiswork =  -0.0011
#[hs/ls]_Thiswork =  -0.0004, [Pb/hs]_Thiswork =   0.0011
# Elemental abundance ratios: 
# He/H =  1.0395E-01, C/O =  3.7064E-01, N/O = 3.48275E-01
#
#  TP   Mass     Mcore    Menv    log L
# 15 2.249920 0.588830 1.661090 3.744330
# El  Z   log e(X)   [X/H]    [X/Fe]     [X/O]      X(i)
  p   1  12.000000  0.000000  0.000000  0.000000 7.01993E-01
 he   2  11.016396  0.086395  0.074685  0.086146 2.89503E-01
  c   6   8.303759 -0.166242 -0.177952 -0.166491 1.68349E-03
  n   7   8.266662  0.396662  0.384951  0.396413 1.80252E-03
  o   8   8.730239  0.000239 -0.011471  0.000000 5.98693E-03
  f   9   4.459774 -0.000226 -0.011936 -0.000465 3.81377E-07
 ne  10   7.979268  0.009268 -0.002442  0.009029 1.33987E-03
 na  11   6.416070  0.106070  0.094359  0.105831 4.17332E-05
 mg  12   7.651581  0.011581 -0.000130  0.011342 7.58838E-04
 al  13   6.481595  0.011595 -0.000115  0.011356 5.69562E-05
 si  14   7.561588  0.011588 -0.000123  0.011348 7.12771E-04
  p  15   5.481587  0.011588 -0.000123  0.011348 6.53818E-06
  s  16   7.171586  0.011586 -0.000124  0.011347 3.31504E-04
 cl  17   5.241585  0.011585 -0.000125  0.011346 4.30636E-06
 ar  18   6.451580  0.011580 -0.000131  0.011340 7.86950E-05
  k  19   5.090985  0.010985 -0.000726  0.010746 3.35746E-06
 ca  20   6.301573  0.011573 -0.000138  0.011333 5.58922E-05
 sc  21   3.061585  0.011585 -0.000125  0.011346 3.60782E-08
 ti  22   4.921587  0.011587 -0.000124  0.011347 2.78288E-06
  v  23   3.970498  0.010498 -0.001213  0.010259 3.31472E-07
 cr  24   5.632295 -0.007705 -0.019415 -0.007944 1.55288E-05
 mn  25   5.491591  0.011591 -0.000119  0.011352 1.18669E-05
 fe  26   7.551585  0.011585  0.000000  0.011346 1.38497E-03
 co  27   4.881584  0.011584 -0.000001  0.011344 3.12474E-06
 ni  28   6.211589  0.011589  0.000004  0.011350 6.65346E-05
 cu  29   4.261586  0.011586  0.000000  0.011346 8.08251E-07
 zn  30   4.641591  0.011590  0.000005  0.011351 1.99572E-06
 ga  31   3.091586  0.011586  0.000001  0.011347 5.99563E-08
 ge  32   3.557211 -0.022789 -0.034374 -0.023028 1.82498E-07
 as  33   2.311584  0.011584 -0.000002  0.011344 1.06921E-08
 se  34   3.307659 -0.032341 -0.043926 -0.032580 1.11670E-07
 br  35   2.551594  0.011594  0.000009  0.011354 1.98169E-08
 kr  36   3.260014  0.010014 -0.001572  0.009774 1.06199E-07
 rb  37   2.369819  0.009819 -0.001766  0.009579 1.39474E-08
 sr  38   2.889692  0.009692 -0.001893  0.009453 4.73334E-08
  y  39   2.181605  0.011605  0.000020  0.011366 9.40607E-09
 zr  40   2.541587  0.011587  0.000002  0.011348 2.21090E-08
 nb  41   1.421596  0.011596  0.000010  0.011356 1.70809E-09
 mo  42   1.830403 -0.109597 -0.121182 -0.109836 4.52142E-09
 tc  43   0.000000 -9.000000  0.000000  0.000000 3.76407E-29
 ru  44   1.640639 -0.119361 -0.130946 -0.119600 3.07704E-09
 rh  45   1.071587  0.011587  0.000001  0.011347 8.45084E-10
 pd  46   1.602402 -0.047598 -0.059183 -0.047838 2.96686E-09
 ag  47   1.211585  0.011585  0.000000  0.011346 1.22279E-09
 cd  48   1.681865 -0.028135 -0.039721 -0.028375 3.76310E-09
 in  49   0.752544 -0.007456 -0.019041 -0.007695 4.52300E-10
 sn  50   2.019153 -0.050847 -0.062433 -0.051087 8.63997E-09
 sb  51   0.779055 -0.230945 -0.242531 -0.231185 5.09837E-10
 te  52   1.724213 -0.455787 -0.467373 -0.456027 4.70908E-09
  i  53   1.561581  0.011581 -0.000005  0.011341 3.22053E-09
 xe  54   2.214503 -0.025497 -0.037082 -0.025736 1.49836E-08
 cs  55   1.091586  0.011586  0.000001  0.011347 1.14288E-09
 ba  56   2.190687  0.010687 -0.000898  0.010448 1.48359E-08
 la  57   1.181194  0.011194 -0.000391  0.010955 1.46821E-09
 ce  58   1.589684  0.009684 -0.001901  0.009445 3.79354E-09
 pr  59   0.771586  0.011586  0.000001  0.011347 5.79955E-10
 nd  60   1.436584 -0.013417 -0.025002 -0.013656 2.74499E-09
 pm  61   0.000000 -9.000000  0.000000  0.000000 0.00000E+00
 sm  62   0.821877 -0.118123 -0.129708 -0.118362 6.94836E-10
 eu  63   0.521588  0.011588  0.000003  0.011349 3.51723E-10
 gd  64   1.061587  0.011587  0.000002  0.011348 1.26197E-09
 tb  65   0.331592  0.011592  0.000006  0.011352 2.37496E-10
 dy  66   1.140932  0.010932 -0.000653  0.010693 1.56552E-09
 ho  67   0.481587  0.011587  0.000002  0.011348 3.48144E-10
 er  68   0.923964  0.003964 -0.007622  0.003724 9.77745E-10
 tm  69   0.131586  0.011586  0.000001  0.011347 1.59285E-10
 yb  70   0.870558 -0.049442 -0.061027 -0.049682 8.94493E-10
 lu  71   0.101359  0.011359 -0.000226  0.011120 1.53882E-10
 hf  72   0.720931  0.010931 -0.000654  0.010692 6.53758E-10
 ta  73  -0.108467  0.011533 -0.000052  0.011294 9.81656E-11
  w  74   0.661065  0.011065 -0.000520  0.010826 5.86647E-10
 re  75   0.266840  0.006840 -0.004745  0.006601 2.39722E-10
 os  76   1.361885  0.011885  0.000300  0.011646 3.04815E-09
 ir  77   1.331589  0.011589  0.000003  0.011349 2.87245E-09
 pt  78   1.599248 -0.020752 -0.032337 -0.020991 5.39918E-09
 au  79   0.811589  0.011589  0.000004  0.011350 8.88904E-10
 hg  80   1.149971 -0.020029 -0.031614 -0.020268 1.97311E-09
 tl  81   0.781588  0.011588  0.000002  0.011348 8.60805E-10
 pb  82   2.051583  0.011583 -0.000002  0.011344 1.62497E-08
 bi  83   0.661590  0.011590  0.000004  0.011350 6.67678E-10
 po  84   0.000000 -9.000000  0.000000  0.000000 9.63279E-25
#[ls/Fe]_Thiswork =  -0.0006, [hs/Fe]_Thiswork =  -0.0011
#[hs/ls]_Thiswork =  -0.0004, [Pb/hs]_Thiswork =   0.0011
# Elemental abundance ratios: 
# He/H =  1.0385E-01, C/O =  3.7456E-01, N/O = 3.43892E-01
#
#  TP   Mass     Mcore    Menv    log L
# 16 2.249900 0.594561 1.655340 3.769280
# El  Z   log e(X)   [X/H]    [X/Fe]     [X/O]      X(i)
  p   1  12.000000  0.000000  0.000000  0.000000 7.02181E-01
 he   2  11.016001  0.086000  0.074415  0.085761 2.89317E-01
  c   6   8.307950 -0.162050 -0.173635 -0.162290 1.70027E-03
  n   7   8.261488  0.391488  0.379903  0.391249 1.78165E-03
  o   8   8.730230  0.000231 -0.011354  0.000000 5.98841E-03
  f   9   4.459885 -0.000115 -0.011700 -0.000346 3.81577E-07
 ne  10   7.979198  0.009198 -0.002388  0.008967 1.34001E-03
 na  11   6.414273  0.104273  0.092688  0.104042 4.15720E-05
 mg  12   7.651464  0.011465 -0.000121  0.011234 7.58837E-04
 al  13   6.481479  0.011479 -0.000106  0.011249 5.69564E-05
 si  14   7.561471  0.011471 -0.000114  0.011240 7.12771E-04
  p  15   5.481471  0.011471 -0.000114  0.011240 6.53818E-06
  s  16   7.171469  0.011469 -0.000116  0.011239 3.31504E-04
 cl  17   5.241468  0.011468 -0.000117  0.011238 4.30636E-06
 ar  18   6.451463  0.011463 -0.000122  0.011232 7.86950E-05
  k  19   5.090868  0.010868 -0.000717  0.010637 3.35746E-06
 ca  20   6.301456  0.011456 -0.000129  0.011225 5.58922E-05
 sc  21   3.061469  0.011469 -0.000116  0.011238 3.60782E-08
 ti  22   4.921470  0.011470 -0.000115  0.011239 2.78288E-06
  v  23   3.970382  0.010382 -0.001204  0.010151 3.31472E-07
 cr  24   5.632178 -0.007822 -0.019407 -0.008052 1.55288E-05
 mn  25   5.491475  0.011475 -0.000110  0.011244 1.18669E-05
 fe  26   7.551468  0.011468  0.000000  0.011238 1.38497E-03
 co  27   4.881467  0.011467 -0.000001  0.011236 3.12474E-06
 ni  28   6.211472  0.011472  0.000004  0.011241 6.65346E-05
 cu  29   4.261469  0.011469  0.000001  0.011239 8.08251E-07
 zn  30   4.641474  0.011474  0.000006  0.011243 1.99572E-06
 ga  31   3.091470  0.011470  0.000001  0.011239 5.99563E-08
 ge  32   3.557095 -0.022905 -0.034374 -0.023136 1.82498E-07
 as  33   2.311466  0.011466 -0.000002  0.011235 1.06921E-08
 se  34   3.307542 -0.032458 -0.043926 -0.032689 1.11670E-07
 br  35   2.551477  0.011477  0.000009  0.011247 1.98169E-08
 kr  36   3.259896  0.009896 -0.001572  0.009665 1.06199E-07
 rb  37   2.369702  0.009702 -0.001766  0.009472 1.39474E-08
 sr  38   2.889576  0.009576 -0.001893  0.009345 4.73334E-08
  y  39   2.181489  0.011489  0.000021  0.011258 9.40607E-09
 zr  40   2.541471  0.011471  0.000002  0.011240 2.21090E-08
 nb  41   1.421479  0.011479  0.000011  0.011248 1.70809E-09
 mo  42   1.830286 -0.109714 -0.121182 -0.109945 4.52142E-09
 tc  43   0.000000 -9.000000  0.000000  0.000000 7.32460E-29
 ru  44   1.640522 -0.119478 -0.130946 -0.119709 3.07704E-09
 rh  45   1.071470  0.011470  0.000002  0.011240 8.45084E-10
 pd  46   1.602285 -0.047715 -0.059183 -0.047945 2.96686E-09
 ag  47   1.211469  0.011469  0.000000  0.011238 1.22278E-09
 cd  48   1.681748 -0.028252 -0.039720 -0.028482 3.76310E-09
 in  49   0.752428 -0.007572 -0.019040 -0.007803 4.52300E-10
 sn  50   2.019036 -0.050964 -0.062432 -0.051194 8.63997E-09
 sb  51   0.778938 -0.231062 -0.242530 -0.231292 5.09837E-10
 te  52   1.724096 -0.455904 -0.467372 -0.456135 4.70908E-09
  i  53   1.561463  0.011463 -0.000005  0.011233 3.22053E-09
 xe  54   2.214387 -0.025613 -0.037081 -0.025844 1.49836E-08
 cs  55   1.091470  0.011470  0.000001  0.011239 1.14288E-09
 ba  56   2.190571  0.010571 -0.000898  0.010340 1.48359E-08
 la  57   1.181078  0.011078 -0.000390  0.010847 1.46821E-09
 ce  58   1.589568  0.009568 -0.001900  0.009337 3.79354E-09
 pr  59   0.771470  0.011470  0.000002  0.011239 5.79955E-10
 nd  60   1.436467 -0.013533 -0.025001 -0.013764 2.74499E-09
 pm  61   0.000000 -9.000000  0.000000  0.000000 0.00000E+00
 sm  62   0.821761 -0.118239 -0.129707 -0.118470 6.94836E-10
 eu  63   0.521472  0.011472  0.000004  0.011241 3.51723E-10
 gd  64   1.061471  0.011471  0.000003  0.011240 1.26197E-09
 tb  65   0.331475  0.011475  0.000007  0.011244 2.37496E-10
 dy  66   1.140816  0.010816 -0.000653  0.010585 1.56552E-09
 ho  67   0.481471  0.011471  0.000003  0.011240 3.48144E-10
 er  68   0.923847  0.003847 -0.007621  0.003616 9.77745E-10
 tm  69   0.131470  0.011470  0.000001  0.011239 1.59285E-10
 yb  70   0.870441 -0.049559 -0.061027 -0.049789 8.94493E-10
 lu  71   0.101243  0.011243 -0.000225  0.011012 1.53882E-10
 hf  72   0.720815  0.010815 -0.000654  0.010584 6.53758E-10
 ta  73  -0.108583  0.011417 -0.000052  0.011186 9.81655E-11
  w  74   0.660949  0.010949 -0.000520  0.010718 5.86647E-10
 re  75   0.266723  0.006723 -0.004746  0.006492 2.39722E-10
 os  76   1.361769  0.011769  0.000300  0.011538 3.04815E-09
 ir  77   1.331471  0.011471  0.000003  0.011241 2.87245E-09
 pt  78   1.599131 -0.020869 -0.032338 -0.021100 5.39918E-09
 au  79   0.811473  0.011473  0.000004  0.011242 8.88904E-10
 hg  80   1.149854 -0.020146 -0.031615 -0.020377 1.97311E-09
 tl  81   0.781471  0.011471  0.000003  0.011240 8.60804E-10
 pb  82   2.051467  0.011467 -0.000001  0.011236 1.62497E-08
 bi  83   0.661473  0.011473  0.000005  0.011243 6.67677E-10
 po  84   0.000000 -9.000000  0.000000  0.000000 9.44151E-25
#[ls/Fe]_Thiswork =  -0.0006, [hs/Fe]_Thiswork =  -0.0011
#[hs/ls]_Thiswork =  -0.0004, [Pb/hs]_Thiswork =   0.0011
# Elemental abundance ratios: 
# He/H =  1.0375E-01, C/O =  3.7820E-01, N/O = 3.39828E-01
#
#  TP   Mass     Mcore    Menv    log L
# 17 2.249870 0.600418 1.649450 3.793110
# El  Z   log e(X)   [X/H]    [X/Fe]     [X/O]      X(i)
  p   1  12.000000  0.000000  0.000000  0.000000 7.02355E-01
 he   2  11.015636  0.085636  0.074168  0.085405 2.89147E-01
  c   6   8.311768 -0.158233 -0.169701 -0.158463 1.71570E-03
  n   7   8.256682  0.386683  0.375214  0.386452 1.76248E-03
  o   8   8.730220  0.000220 -0.011248  0.000000 5.98975E-03
  f   9   4.459982 -0.000018 -0.011486 -0.000238 3.81756E-07
 ne  10   7.979132  0.009132 -0.002336  0.008912 1.34014E-03
 na  11   6.412615  0.102615  0.091147  0.102395 4.14238E-05
 mg  12   7.651357  0.011357 -0.000112  0.011137 7.58837E-04
 al  13   6.481374  0.011374 -0.000094  0.011154 5.69566E-05
 si  14   7.561364  0.011364 -0.000105  0.011143 7.12771E-04
  p  15   5.481363  0.011364 -0.000105  0.011143 6.53818E-06
  s  16   7.171362  0.011362 -0.000106  0.011142 3.31504E-04
 cl  17   5.241361  0.011361 -0.000107  0.011141 4.30636E-06
 ar  18   6.451356  0.011356 -0.000113  0.011136 7.86950E-05
  k  19   5.090761  0.010761 -0.000708  0.010540 3.35746E-06
 ca  20   6.301349  0.011349 -0.000120  0.011128 5.58922E-05
 sc  21   3.061361  0.011361 -0.000107  0.011141 3.60782E-08
 ti  22   4.921362  0.011363 -0.000106  0.011142 2.78288E-06
  v  23   3.970274  0.010274 -0.001194  0.010054 3.31472E-07
 cr  24   5.632071 -0.007929 -0.019397 -0.008149 1.55288E-05
 mn  25   5.491368  0.011368 -0.000101  0.011147 1.18669E-05
 fe  26   7.551361  0.011361  0.000000  0.011141 1.38497E-03
 co  27   4.881360  0.011360 -0.000001  0.011139 3.12474E-06
 ni  28   6.211365  0.011365  0.000004  0.011145 6.65345E-05
 cu  29   4.261362  0.011362  0.000001  0.011142 8.08251E-07
 zn  30   4.641367  0.011367  0.000006  0.011147 1.99572E-06
 ga  31   3.091362  0.011362  0.000001  0.011142 5.99562E-08
 ge  32   3.556987 -0.023013 -0.034374 -0.023233 1.82498E-07
 as  33   2.311359  0.011359 -0.000002  0.011139 1.06921E-08
 se  34   3.307435 -0.032565 -0.043926 -0.032785 1.11670E-07
 br  35   2.551371  0.011371  0.000010  0.011150 1.98169E-08
 kr  36   3.259789  0.009789 -0.001572  0.009569 1.06199E-07
 rb  37   2.369595  0.009595 -0.001766  0.009374 1.39474E-08
 sr  38   2.889468  0.009468 -0.001893  0.009248 4.73334E-08
  y  39   2.181381  0.011381  0.000020  0.011161 9.40607E-09
 zr  40   2.541363  0.011363  0.000002  0.011142 2.21090E-08
 nb  41   1.421371  0.011371  0.000010  0.011151 1.70809E-09
 mo  42   1.830179 -0.109821 -0.121182 -0.110041 4.52142E-09
 tc  43   0.000000 -9.000000  0.000000  0.000000 1.95878E-28
 ru  44   1.640415 -0.119585 -0.130946 -0.119805 3.07704E-09
 rh  45   1.071362  0.011363  0.000001  0.011142 8.45083E-10
 pd  46   1.602178 -0.047822 -0.059183 -0.048043 2.96686E-09
 ag  47   1.211361  0.011361  0.000000  0.011141 1.22278E-09
 cd  48   1.681641 -0.028359 -0.039721 -0.028580 3.76310E-09
 in  49   0.752320 -0.007680 -0.019041 -0.007900 4.52300E-10
 sn  50   2.018929 -0.051071 -0.062433 -0.051292 8.63997E-09
 sb  51   0.778831 -0.231169 -0.242531 -0.231390 5.09837E-10
 te  52   1.723989 -0.456011 -0.467372 -0.456231 4.70908E-09
  i  53   1.561357  0.011357 -0.000005  0.011136 3.22053E-09
 xe  54   2.214280 -0.025720 -0.037081 -0.025940 1.49836E-08
 cs  55   1.091362  0.011362  0.000001  0.011142 1.14288E-09
 ba  56   2.190463  0.010463 -0.000898  0.010243 1.48359E-08
 la  57   1.180970  0.010970 -0.000391  0.010750 1.46821E-09
 ce  58   1.589460  0.009460 -0.001901  0.009240 3.79354E-09
 pr  59   0.771362  0.011362  0.000001  0.011142 5.79955E-10
 nd  60   1.436359 -0.013641 -0.025002 -0.013861 2.74499E-09
 pm  61   0.000000 -9.000000  0.000000  0.000000 0.00000E+00
 sm  62   0.821653 -0.118347 -0.129708 -0.118567 6.94836E-10
 eu  63   0.521364  0.011364  0.000003  0.011144 3.51723E-10
 gd  64   1.061363  0.011363  0.000002  0.011143 1.26197E-09
 tb  65   0.331367  0.011367  0.000006  0.011147 2.37496E-10
 dy  66   1.140708  0.010708 -0.000653  0.010488 1.56552E-09
 ho  67   0.481363  0.011363  0.000002  0.011143 3.48144E-10
 er  68   0.923739  0.003739 -0.007622  0.003519 9.77745E-10
 tm  69   0.131362  0.011362  0.000001  0.011142 1.59285E-10
 yb  70   0.870335 -0.049665 -0.061027 -0.049886 8.94493E-10
 lu  71   0.101135  0.011135 -0.000226  0.010915 1.53882E-10
 hf  72   0.720707  0.010707 -0.000654  0.010487 6.53758E-10
 ta  73  -0.108691  0.011309 -0.000052  0.011088 9.81655E-11
  w  74   0.660841  0.010841 -0.000520  0.010621 5.86647E-10
 re  75   0.266615  0.006615 -0.004746  0.006395 2.39721E-10
 os  76   1.361661  0.011661  0.000300  0.011441 3.04815E-09
 ir  77   1.331365  0.011365  0.000003  0.011144 2.87245E-09
 pt  78   1.599024 -0.020976 -0.032337 -0.021196 5.39918E-09
 au  79   0.811365  0.011365  0.000004  0.011145 8.88904E-10
 hg  80   1.149747 -0.020253 -0.031614 -0.020473 1.97311E-09
 tl  81   0.781363  0.011364  0.000002  0.011143 8.60804E-10
 pb  82   2.051359  0.011359 -0.000002  0.011139 1.62497E-08
 bi  83   0.661366  0.011366  0.000004  0.011145 6.67677E-10
 po  84   0.000000 -9.000000  0.000000  0.000000 9.26526E-25
#[ls/Fe]_Thiswork =  -0.0006, [hs/Fe]_Thiswork =  -0.0011
#[hs/ls]_Thiswork =  -0.0004, [Pb/hs]_Thiswork =   0.0011
# Elemental abundance ratios: 
# He/H =  1.0367E-01, C/O =  3.8155E-01, N/O = 3.36095E-01
#
#  TP   Mass     Mcore    Menv    log L
# 18 2.249830 0.606396 1.643430 3.816420
# El  Z   log e(X)   [X/H]    [X/Fe]     [X/O]      X(i)
  p   1  12.000000  0.000000  0.000000  0.000000 7.02401E-01
 he   2  11.015541  0.085541  0.074180  0.085320 2.89102E-01
  c   6   8.312729 -0.157271 -0.168633 -0.157492 1.71962E-03
  n   7   8.255455  0.385455  0.374094  0.385235 1.75762E-03
  o   8   8.730215  0.000216 -0.011146  0.000000 5.99008E-03
  f   9   4.459992 -0.000008 -0.011369 -0.000223 3.81790E-07
 ne  10   7.979115  0.009115 -0.002246  0.008900 1.34017E-03
 na  11   6.412187  0.102187  0.090826  0.101971 4.13857E-05
 mg  12   7.651329  0.011329 -0.000032  0.011113 7.58837E-04
 al  13   6.481347  0.011347 -0.000014  0.011131 5.69567E-05
 si  14   7.561336  0.011335 -0.000026  0.011120 7.12771E-04
  p  15   5.481335  0.011335 -0.000026  0.011120 6.53818E-06
  s  16   7.171334  0.011334 -0.000027  0.011118 3.31504E-04
 cl  17   5.241333  0.011333 -0.000028  0.011117 4.30636E-06
 ar  18   6.451327  0.011327 -0.000034  0.011112 7.86950E-05
  k  19   5.090732  0.010732 -0.000629  0.010517 3.35746E-06
 ca  20   6.301321  0.011321 -0.000041  0.011105 5.58922E-05
 sc  21   3.061333  0.011333 -0.000028  0.011117 3.60782E-08
 ti  22   4.921334  0.011334 -0.000027  0.011119 2.78288E-06
  v  23   3.970246  0.010246 -0.001115  0.010031 3.31472E-07
 cr  24   5.632043 -0.007957 -0.019318 -0.008173 1.55288E-05
 mn  25   5.491339  0.011339 -0.000022  0.011124 1.18669E-05
 fe  26   7.551333  0.011333  0.000000  0.011117 1.38497E-03
 co  27   4.881331  0.011332 -0.000001  0.011116 3.12474E-06
 ni  28   6.211337  0.011337  0.000004  0.011121 6.65345E-05
 cu  29   4.261334  0.011334  0.000001  0.011118 8.08251E-07
 zn  30   4.641338  0.011338  0.000005  0.011123 1.99572E-06
 ga  31   3.091334  0.011334  0.000001  0.011119 5.99562E-08
 ge  32   3.556958 -0.023042 -0.034375 -0.023257 1.82498E-07
 as  33   2.311331  0.011331 -0.000002  0.011115 1.06921E-08
 se  34   3.307406 -0.032593 -0.043926 -0.032809 1.11670E-07
 br  35   2.551342  0.011342  0.000009  0.011127 1.98169E-08
 kr  36   3.259761  0.009761 -0.001572  0.009545 1.06199E-07
 rb  37   2.369566  0.009566 -0.001767  0.009351 1.39474E-08
 sr  38   2.889441  0.009440 -0.001893  0.009225 4.73334E-08
  y  39   2.181353  0.011353  0.000020  0.011137 9.40607E-09
 zr  40   2.541335  0.011335  0.000002  0.011120 2.21090E-08
 nb  41   1.421343  0.011343  0.000010  0.011127 1.70809E-09
 mo  42   1.830151 -0.109849 -0.121182 -0.110065 4.52142E-09
 tc  43   0.000000 -9.000000  0.000000  0.000000 1.46918E-28
 ru  44   1.640387 -0.119613 -0.130946 -0.119829 3.07704E-09
 rh  45   1.071335  0.011335  0.000002  0.011119 8.45083E-10
 pd  46   1.602150 -0.047850 -0.059183 -0.048066 2.96686E-09
 ag  47   1.211333  0.011333  0.000000  0.011118 1.22278E-09
 cd  48   1.681613 -0.028387 -0.039720 -0.028603 3.76310E-09
 in  49   0.752293 -0.007707 -0.019040 -0.007923 4.52300E-10
 sn  50   2.018901 -0.051099 -0.062432 -0.051315 8.63997E-09
 sb  51   0.778802 -0.231198 -0.242531 -0.231414 5.09837E-10
 te  52   1.723961 -0.456039 -0.467372 -0.456255 4.70908E-09
  i  53   1.561328  0.011328 -0.000005  0.011112 3.22053E-09
 xe  54   2.214252 -0.025748 -0.037081 -0.025964 1.49836E-08
 cs  55   1.091334  0.011334  0.000001  0.011119 1.14288E-09
 ba  56   2.190434  0.010434 -0.000899  0.010219 1.48359E-08
 la  57   1.180943  0.010943 -0.000390  0.010727 1.46821E-09
 ce  58   1.589432  0.009432 -0.001901  0.009216 3.79354E-09
 pr  59   0.771335  0.011335  0.000002  0.011119 5.79955E-10
 nd  60   1.436331 -0.013669 -0.025002 -0.013885 2.74499E-09
 pm  61   0.000000 -9.000000  0.000000  0.000000 0.00000E+00
 sm  62   0.821626 -0.118374 -0.129707 -0.118590 6.94836E-10
 eu  63   0.521337  0.011337  0.000004  0.011121 3.51723E-10
 gd  64   1.061336  0.011336  0.000003  0.011120 1.26197E-09
 tb  65   0.331339  0.011339  0.000006  0.011123 2.37496E-10
 dy  66   1.140680  0.010680 -0.000653  0.010465 1.56552E-09
 ho  67   0.481335  0.011335  0.000002  0.011119 3.48144E-10
 er  68   0.923712  0.003712 -0.007621  0.003496 9.77744E-10
 tm  69   0.131333  0.011333  0.000000  0.011118 1.59285E-10
 yb  70   0.870306 -0.049694 -0.061027 -0.049910 8.94493E-10
 lu  71   0.101108  0.011108 -0.000225  0.010892 1.53882E-10
 hf  72   0.720679  0.010679 -0.000654  0.010464 6.53758E-10
 ta  73  -0.108719  0.011281 -0.000052  0.011066 9.81655E-11
  w  74   0.660812  0.010812 -0.000521  0.010597 5.86647E-10
 re  75   0.266586  0.006586 -0.004747  0.006371 2.39721E-10
 os  76   1.361633  0.011633  0.000300  0.011418 3.04815E-09
 ir  77   1.331336  0.011336  0.000003  0.011120 2.87245E-09
 pt  78   1.598995 -0.021005 -0.032338 -0.021220 5.39918E-09
 au  79   0.811337  0.011337  0.000004  0.011122 8.88904E-10
 hg  80   1.149718 -0.020282 -0.031615 -0.020497 1.97311E-09
 tl  81   0.781336  0.011336  0.000003  0.011120 8.60804E-10
 pb  82   2.051332  0.011332 -0.000001  0.011116 1.62497E-08
 bi  83   0.661338  0.011338  0.000005  0.011122 6.67677E-10
 po  84   0.000000 -9.000000  0.000000  0.000000 9.21895E-25
#[ls/Fe]_Thiswork =  -0.0006, [hs/Fe]_Thiswork =  -0.0011
#[hs/ls]_Thiswork =  -0.0004, [Pb/hs]_Thiswork =   0.0011
# Elemental abundance ratios: 
# He/H =  1.0364E-01, C/O =  3.8240E-01, N/O = 3.35150E-01
#
#  TP   Mass     Mcore    Menv    log L
# 19 2.249760 0.612457 1.637300 3.838600
# El  Z   log e(X)   [X/H]    [X/Fe]     [X/O]      X(i)
  p   1  12.000000  0.000000  0.000000  0.000000 7.02465E-01
 he   2  11.015405  0.085404  0.074071  0.085189 2.89038E-01
  c   6   8.314116 -0.155884 -0.167217 -0.156099 1.72528E-03
  n   7   8.253688  0.383688  0.372355  0.383472 1.75064E-03
  o   8   8.730206  0.000207 -0.011126  0.000000 5.99051E-03
  f   9   4.460008  0.000008 -0.011325 -0.000199 3.81839E-07
 ne  10   7.979090  0.009090 -0.002243  0.008883 1.34022E-03
 na  11   6.411578  0.101578  0.090245  0.101371 4.13316E-05
 mg  12   7.651288  0.011288 -0.000045  0.011081 7.58837E-04
 al  13   6.481310  0.011310 -0.000023  0.011103 5.69572E-05
 si  14   7.561296  0.011295 -0.000038  0.011088 7.12771E-04
  p  15   5.481295  0.011295 -0.000038  0.011088 6.53818E-06
  s  16   7.171294  0.011294 -0.000039  0.011087 3.31504E-04
 cl  17   5.241293  0.011293 -0.000040  0.011086 4.30636E-06
 ar  18   6.451287  0.011287 -0.000046  0.011080 7.86949E-05
  k  19   5.090692  0.010692 -0.000641  0.010485 3.35746E-06
 ca  20   6.301280  0.011281 -0.000052  0.011074 5.58922E-05
 sc  21   3.061293  0.011293 -0.000040  0.011086 3.60782E-08
 ti  22   4.921294  0.011294 -0.000039  0.011087 2.78288E-06
  v  23   3.970206  0.010206 -0.001127  0.009999 3.31472E-07
 cr  24   5.632003 -0.007997 -0.019330 -0.008204 1.55288E-05
 mn  25   5.491299  0.011299 -0.000034  0.011092 1.18669E-05
 fe  26   7.551293  0.011293  0.000000  0.011086 1.38497E-03
 co  27   4.881291  0.011292 -0.000001  0.011085 3.12474E-06
 ni  28   6.211297  0.011297  0.000004  0.011090 6.65345E-05
 cu  29   4.261293  0.011293  0.000000  0.011086 8.08251E-07
 zn  30   4.641298  0.011298  0.000005  0.011091 1.99572E-06
 ga  31   3.091294  0.011294  0.000001  0.011087 5.99562E-08
 ge  32   3.556918 -0.023082 -0.034375 -0.023289 1.82498E-07
 as  33   2.311291  0.011291 -0.000002  0.011084 1.06921E-08
 se  34   3.307366 -0.032634 -0.043926 -0.032840 1.11670E-07
 br  35   2.551302  0.011302  0.000009  0.011095 1.98169E-08
 kr  36   3.259721  0.009721 -0.001572  0.009514 1.06199E-07
 rb  37   2.369526  0.009526 -0.001767  0.009319 1.39474E-08
 sr  38   2.889400  0.009400 -0.001893  0.009193 4.73334E-08
  y  39   2.181313  0.011312  0.000020  0.011106 9.40607E-09
 zr  40   2.541295  0.011295  0.000002  0.011088 2.21090E-08
 nb  41   1.421303  0.011303  0.000010  0.011096 1.70809E-09
 mo  42   1.830111 -0.109890 -0.121182 -0.110096 4.52142E-09
 tc  43   0.000000 -9.000000  0.000000  0.000000 1.48714E-28
 ru  44   1.640347 -0.119653 -0.130946 -0.119860 3.07704E-09
 rh  45   1.071295  0.011295  0.000002  0.011088 8.45083E-10
 pd  46   1.602110 -0.047890 -0.059183 -0.048097 2.96686E-09
 ag  47   1.211293  0.011293  0.000000  0.011086 1.22278E-09
 cd  48   1.681573 -0.028427 -0.039720 -0.028634 3.76310E-09
 in  49   0.752253 -0.007747 -0.019040 -0.007954 4.52300E-10
 sn  50   2.018860 -0.051140 -0.062433 -0.051347 8.63996E-09
 sb  51   0.778762 -0.231238 -0.242531 -0.231445 5.09837E-10
 te  52   1.723921 -0.456079 -0.467372 -0.456286 4.70908E-09
  i  53   1.561288  0.011288 -0.000005  0.011081 3.22053E-09
 xe  54   2.214211 -0.025789 -0.037081 -0.025995 1.49836E-08
 cs  55   1.091294  0.011294  0.000001  0.011087 1.14288E-09
 ba  56   2.190394  0.010394 -0.000899  0.010187 1.48359E-08
 la  57   1.180902  0.010903 -0.000390  0.010696 1.46821E-09
 ce  58   1.589392  0.009392 -0.001901  0.009185 3.79354E-09
 pr  59   0.771295  0.011295  0.000002  0.011088 5.79955E-10
 nd  60   1.436291 -0.013709 -0.025002 -0.013916 2.74499E-09
 pm  61   0.000000 -9.000000  0.000000  0.000000 0.00000E+00
 sm  62   0.821586 -0.118414 -0.129707 -0.118621 6.94836E-10
 eu  63   0.521297  0.011297  0.000004  0.011090 3.51723E-10
 gd  64   1.061296  0.011296  0.000003  0.011089 1.26197E-09
 tb  65   0.331299  0.011299  0.000006  0.011092 2.37496E-10
 dy  66   1.140640  0.010640 -0.000653  0.010433 1.56552E-09
 ho  67   0.481295  0.011295  0.000002  0.011088 3.48144E-10
 er  68   0.923672  0.003672 -0.007621  0.003465 9.77744E-10
 tm  69   0.131293  0.011293  0.000000  0.011086 1.59285E-10
 yb  70   0.870266 -0.049734 -0.061027 -0.049941 8.94492E-10
 lu  71   0.101068  0.011068 -0.000225  0.010861 1.53882E-10
 hf  72   0.720639  0.010639 -0.000654  0.010432 6.53758E-10
 ta  73  -0.108759  0.011241 -0.000052  0.011034 9.81655E-11
  w  74   0.660772  0.010772 -0.000521  0.010565 5.86647E-10
 re  75   0.266545  0.006545 -0.004748  0.006338 2.39721E-10
 os  76   1.361593  0.011593  0.000300  0.011386 3.04815E-09
 ir  77   1.331296  0.011296  0.000003  0.011089 2.87245E-09
 pt  78   1.598955 -0.021045 -0.032338 -0.021252 5.39918E-09
 au  79   0.811297  0.011297  0.000004  0.011090 8.88904E-10
 hg  80   1.149678 -0.020322 -0.031615 -0.020529 1.97311E-09
 tl  81   0.781295  0.011295  0.000002  0.011088 8.60804E-10
 pb  82   2.051291  0.011291 -0.000002  0.011084 1.62497E-08
 bi  83   0.661298  0.011298  0.000005  0.011091 6.67677E-10
 po  84   0.000000 -9.000000  0.000000  0.000000 9.15275E-25
#[ls/Fe]_Thiswork =  -0.0006, [hs/Fe]_Thiswork =  -0.0011
#[hs/ls]_Thiswork =  -0.0004, [Pb/hs]_Thiswork =   0.0011
# Elemental abundance ratios: 
# He/H =  1.0361E-01, C/O =  3.8363E-01, N/O = 3.33796E-01
#
#  TP   Mass     Mcore    Menv    log L
# 20 2.249650 0.618564 1.631090 3.859880
# El  Z   log e(X)   [X/H]    [X/Fe]     [X/O]      X(i)
  p   1  12.000000  0.000000  0.000000  0.000000 7.02533E-01
 he   2  11.015262  0.085261  0.073968  0.085054 2.88971E-01
  c   6   8.315585 -0.154415 -0.165708 -0.154622 1.73129E-03
  n   7   8.251820  0.381820  0.370527  0.381613 1.74329E-03
  o   8   8.730192  0.000193 -0.011100  0.000000 5.99089E-03
  f   9   4.460021  0.000021 -0.011272 -0.000172 3.81887E-07
 ne  10   7.979064  0.009064 -0.002229  0.008872 1.34027E-03
 na  11   6.410942  0.100942  0.089649  0.100749 4.12750E-05
 mg  12   7.651246  0.011246 -0.000047  0.011053 7.58835E-04
 al  13   6.481277  0.011278 -0.000015  0.011085 5.69584E-05
 si  14   7.561254  0.011253 -0.000040  0.011061 7.12771E-04
  p  15   5.481253  0.011253 -0.000040  0.011060 6.53818E-06
  s  16   7.171251  0.011251 -0.000041  0.011059 3.31504E-04
 cl  17   5.241251  0.011250 -0.000042  0.011058 4.30636E-06
 ar  18   6.451245  0.011245 -0.000048  0.011053 7.86949E-05
  k  19   5.090650  0.010650 -0.000643  0.010458 3.35746E-06
 ca  20   6.301238  0.011238 -0.000055  0.011045 5.58921E-05
 sc  21   3.061251  0.011251 -0.000042  0.011058 3.60782E-08
 ti  22   4.921252  0.011252 -0.000041  0.011059 2.78288E-06
  v  23   3.970163  0.010163 -0.001130  0.009971 3.31472E-07
 cr  24   5.631960 -0.008039 -0.019332 -0.008232 1.55288E-05
 mn  25   5.491257  0.011257 -0.000036  0.011065 1.18669E-05
 fe  26   7.551250  0.011250  0.000000  0.011058 1.38497E-03
 co  27   4.881249  0.011249 -0.000001  0.011056 3.12474E-06
 ni  28   6.211254  0.011254  0.000004  0.011062 6.65345E-05
 cu  29   4.261251  0.011251  0.000001  0.011059 8.08251E-07
 zn  30   4.641256  0.011256  0.000006  0.011064 1.99572E-06
 ga  31   3.091251  0.011251  0.000001  0.011059 5.99562E-08
 ge  32   3.556876 -0.023124 -0.034374 -0.023316 1.82498E-07
 as  33   2.311249  0.011249 -0.000002  0.011056 1.06921E-08
 se  34   3.307324 -0.032676 -0.043926 -0.032868 1.11670E-07
 br  35   2.551260  0.011260  0.000010  0.011067 1.98169E-08
 kr  36   3.259679  0.009679 -0.001572  0.009486 1.06199E-07
 rb  37   2.369483  0.009483 -0.001767  0.009290 1.39474E-08
 sr  38   2.889359  0.009358 -0.001892  0.009166 4.73334E-08
  y  39   2.181271  0.011271  0.000020  0.011078 9.40607E-09
 zr  40   2.541252  0.011252  0.000002  0.011060 2.21089E-08
 nb  41   1.421261  0.011261  0.000010  0.011068 1.70809E-09
 mo  42   1.830069 -0.109931 -0.121182 -0.110124 4.52142E-09
 tc  43   0.000000 -9.000000  0.000000  0.000000 6.95496E-28
 ru  44   1.640305 -0.119695 -0.130946 -0.119888 3.07704E-09
 rh  45   1.071252  0.011252  0.000001  0.011059 8.45083E-10
 pd  46   1.602067 -0.047933 -0.059183 -0.048126 2.96686E-09
 ag  47   1.211251  0.011251  0.000001  0.011059 1.22278E-09
 cd  48   1.681530 -0.028470 -0.039721 -0.028663 3.76310E-09
 in  49   0.752211 -0.007789 -0.019040 -0.007982 4.52300E-10
 sn  50   2.018818 -0.051182 -0.062433 -0.051375 8.63996E-09
 sb  51   0.778720 -0.231280 -0.242531 -0.231473 5.09837E-10
 te  52   1.723879 -0.456121 -0.467372 -0.456314 4.70908E-09
  i  53   1.561246  0.011246 -0.000005  0.011053 3.22053E-09
 xe  54   2.214170 -0.025831 -0.037081 -0.026023 1.49836E-08
 cs  55   1.091251  0.011251  0.000001  0.011059 1.14288E-09
 ba  56   2.190352  0.010352 -0.000898  0.010160 1.48359E-08
 la  57   1.180860  0.010860 -0.000391  0.010667 1.46821E-09
 ce  58   1.589350  0.009350 -0.001901  0.009157 3.79354E-09
 pr  59   0.771252  0.011252  0.000001  0.011059 5.79955E-10
 nd  60   1.436249 -0.013751 -0.025002 -0.013944 2.74499E-09
 pm  61   0.000000 -9.000000  0.000000  0.000000 0.00000E+00
 sm  62   0.821543 -0.118457 -0.129708 -0.118650 6.94835E-10
 eu  63   0.521254  0.011254  0.000003  0.011061 3.51723E-10
 gd  64   1.061254  0.011254  0.000003  0.011061 1.26197E-09
 tb  65   0.331257  0.011257  0.000006  0.011064 2.37496E-10
 dy  66   1.140598  0.010598 -0.000652  0.010406 1.56552E-09
 ho  67   0.481253  0.011253  0.000002  0.011060 3.48144E-10
 er  68   0.923630  0.003630 -0.007621  0.003437 9.77744E-10
 tm  69   0.131251  0.011251  0.000001  0.011059 1.59285E-10
 yb  70   0.870224 -0.049776 -0.061027 -0.049969 8.94492E-10
 lu  71   0.101025  0.011025 -0.000226  0.010832 1.53882E-10
 hf  72   0.720596  0.010596 -0.000654  0.010404 6.53758E-10
 ta  73  -0.108801  0.011199 -0.000051  0.011006 9.81655E-11
  w  74   0.660730  0.010730 -0.000520  0.010538 5.86647E-10
 re  75   0.266503  0.006503 -0.004747  0.006311 2.39721E-10
 os  76   1.361551  0.011551  0.000301  0.011359 3.04815E-09
 ir  77   1.331254  0.011254  0.000003  0.011061 2.87245E-09
 pt  78   1.598913 -0.021087 -0.032337 -0.021279 5.39918E-09
 au  79   0.811255  0.011254  0.000004  0.011062 8.88904E-10
 hg  80   1.149636 -0.020364 -0.031614 -0.020556 1.97311E-09
 tl  81   0.781253  0.011253  0.000002  0.011060 8.60804E-10
 pb  82   2.051249  0.011249 -0.000002  0.011056 1.62497E-08
 bi  83   0.661255  0.011255  0.000004  0.011062 6.67677E-10
 po  84   0.000000 -9.000000  0.000000  0.000000 9.08252E-25
#[ls/Fe]_Thiswork =  -0.0006, [hs/Fe]_Thiswork =  -0.0011
#[hs/ls]_Thiswork =  -0.0004, [Pb/hs]_Thiswork =   0.0011
# Elemental abundance ratios: 
# He/H =  1.0358E-01, C/O =  3.8494E-01, N/O = 3.32374E-01
#
#  TP   Mass     Mcore    Menv    log L
# 21 2.249470 0.624687 1.624780 3.880250
# El  Z   log e(X)   [X/H]    [X/Fe]     [X/O]      X(i)
  p   1  12.000000  0.000000  0.000000  0.000000 7.02588E-01
 he   2  11.015146  0.085146  0.073895  0.084953 2.88917E-01
  c   6   8.316778 -0.153222 -0.164473 -0.153415 1.73619E-03
  n   7   8.250303  0.380303  0.369053  0.380111 1.73736E-03
  o   8   8.730177  0.000177 -0.011073  0.000000 5.99115E-03
  f   9   4.460026  0.000026 -0.011224 -0.000151 3.81922E-07
 ne  10   7.979043  0.009043 -0.002207  0.008866 1.34031E-03
 na  11   6.410429  0.100429  0.089178  0.100251 4.12295E-05
 mg  12   7.651211  0.011211 -0.000040  0.011034 7.58834E-04
 al  13   6.481256  0.011256  0.000006  0.011079 5.69601E-05
 si  14   7.561219  0.011219 -0.000031  0.011042 7.12771E-04
  p  15   5.481219  0.011219 -0.000031  0.011042 6.53818E-06
  s  16   7.171217  0.011218 -0.000033  0.011040 3.31504E-04
 cl  17   5.241217  0.011217 -0.000034  0.011039 4.30636E-06
 ar  18   6.451211  0.011211 -0.000039  0.011034 7.86949E-05
  k  19   5.090616  0.010616 -0.000634  0.010439 3.35746E-06
 ca  20   6.301204  0.011204 -0.000046  0.011027 5.58921E-05
 sc  21   3.061216  0.011216 -0.000034  0.011039 3.60782E-08
 ti  22   4.921218  0.011218 -0.000032  0.011041 2.78288E-06
  v  23   3.970130  0.010130 -0.001121  0.009953 3.31472E-07
 cr  24   5.631927 -0.008073 -0.019324 -0.008251 1.55288E-05
 mn  25   5.491223  0.011223 -0.000027  0.011046 1.18669E-05
 fe  26   7.551217  0.011217  0.000000  0.011039 1.38497E-03
 co  27   4.881215  0.011215 -0.000001  0.011038 3.12474E-06
 ni  28   6.211220  0.011220  0.000004  0.011043 6.65345E-05
 cu  29   4.261218  0.011218  0.000001  0.011040 8.08251E-07
 zn  30   4.641222  0.011222  0.000006  0.011045 1.99572E-06
 ga  31   3.091218  0.011218  0.000001  0.011041 5.99562E-08
 ge  32   3.556843 -0.023157 -0.034374 -0.023335 1.82498E-07
 as  33   2.311214  0.011214 -0.000002  0.011037 1.06921E-08
 se  34   3.307290 -0.032710 -0.043926 -0.032887 1.11670E-07
 br  35   2.551226  0.011226  0.000009  0.011048 1.98168E-08
 kr  36   3.259645  0.009645 -0.001572  0.009467 1.06199E-07
 rb  37   2.369450  0.009450 -0.001767  0.009272 1.39474E-08
 sr  38   2.889324  0.009324 -0.001893  0.009147 4.73334E-08
  y  39   2.181236  0.011236  0.000020  0.011059 9.40607E-09
 zr  40   2.541219  0.011219  0.000002  0.011041 2.21089E-08
 nb  41   1.421227  0.011227  0.000011  0.011050 1.70809E-09
 mo  42   1.830034 -0.109966 -0.121182 -0.110143 4.52142E-09
 tc  43   0.000000 -9.000000  0.000000  0.000000 2.07504E-27
 ru  44   1.640270 -0.119730 -0.130946 -0.119907 3.07704E-09
 rh  45   1.071218  0.011219  0.000002  0.011041 8.45083E-10
 pd  46   1.602034 -0.047966 -0.059183 -0.048144 2.96686E-09
 ag  47   1.211217  0.011217  0.000000  0.011039 1.22278E-09
 cd  48   1.681497 -0.028503 -0.039720 -0.028681 3.76310E-09
 in  49   0.752176 -0.007824 -0.019040 -0.008001 4.52300E-10
 sn  50   2.018785 -0.051215 -0.062432 -0.051393 8.63996E-09
 sb  51   0.778686 -0.231314 -0.242531 -0.231492 5.09837E-10
 te  52   1.723845 -0.456156 -0.467372 -0.456333 4.70908E-09
  i  53   1.561212  0.011212 -0.000005  0.011034 3.22053E-09
 xe  54   2.214135 -0.025865 -0.037081 -0.026042 1.49836E-08
 cs  55   1.091218  0.011218  0.000001  0.011041 1.14288E-09
 ba  56   2.190319  0.010319 -0.000898  0.010142 1.48359E-08
 la  57   1.180826  0.010826 -0.000390  0.010649 1.46821E-09
 ce  58   1.589316  0.009316 -0.001900  0.009139 3.79354E-09
 pr  59   0.771218  0.011218  0.000002  0.011041 5.79955E-10
 nd  60   1.436215 -0.013785 -0.025001 -0.013962 2.74499E-09
 pm  61   0.000000 -9.000000  0.000000  0.000000 0.00000E+00
 sm  62   0.821509 -0.118491 -0.129707 -0.118668 6.94835E-10
 eu  63   0.521220  0.011220  0.000004  0.011043 3.51723E-10
 gd  64   1.061219  0.011219  0.000003  0.011042 1.26197E-09
 tb  65   0.331223  0.011223  0.000006  0.011045 2.37496E-10
 dy  66   1.140564  0.010564 -0.000653  0.010387 1.56552E-09
 ho  67   0.481219  0.011219  0.000003  0.011042 3.48144E-10
 er  68   0.923595  0.003595 -0.007621  0.003418 9.77744E-10
 tm  69   0.131217  0.011217  0.000000  0.011040 1.59285E-10
 yb  70   0.870190 -0.049810 -0.061027 -0.049988 8.94492E-10
 lu  71   0.100991  0.010991 -0.000225  0.010814 1.53882E-10
 hf  72   0.720563  0.010563 -0.000654  0.010386 6.53758E-10
 ta  73  -0.108835  0.011165 -0.000052  0.010987 9.81655E-11
  w  74   0.660696  0.010696 -0.000521  0.010519 5.86647E-10
 re  75   0.266469  0.006469 -0.004748  0.006292 2.39720E-10
 os  76   1.361517  0.011517  0.000300  0.011340 3.04815E-09
 ir  77   1.331220  0.011220  0.000003  0.011042 2.87245E-09
 pt  78   1.598879 -0.021121 -0.032338 -0.021299 5.39918E-09
 au  79   0.811221  0.011221  0.000004  0.011044 8.88904E-10
 hg  80   1.149602 -0.020398 -0.031615 -0.020575 1.97311E-09
 tl  81   0.781219  0.011220  0.000003  0.011042 8.60804E-10
 pb  82   2.051215  0.011215 -0.000001  0.011038 1.62497E-08
 bi  83   0.661222  0.011222  0.000005  0.011044 6.67677E-10
 po  84   0.000000 -9.000000  0.000000  0.000000 9.02518E-25
#[ls/Fe]_Thiswork =  -0.0006, [hs/Fe]_Thiswork =  -0.0011
#[hs/ls]_Thiswork =  -0.0004, [Pb/hs]_Thiswork =   0.0011
# Elemental abundance ratios: 
# He/H =  1.0355E-01, C/O =  3.8601E-01, N/O = 3.31228E-01
#
#  TP   Mass     Mcore    Menv    log L
# 22 2.249140 0.630735 1.618400 3.900120
# El  Z   log e(X)   [X/H]    [X/Fe]     [X/O]      X(i)
  p   1  12.000000  0.000000  0.000000  0.000000 7.02571E-01
 he   2  11.015182  0.085182  0.073966  0.085005 2.88934E-01
  c   6   8.317608 -0.152392 -0.163609 -0.152570 1.73947E-03
  n   7   8.249454  0.379455  0.368238  0.379277 1.73392E-03
  o   8   8.730156  0.000156 -0.011060  0.000000 5.99071E-03
  f   9   4.460014  0.000014 -0.011202 -0.000142 3.81902E-07
 ne  10   7.979058  0.009058 -0.002158  0.008902 1.34032E-03
 na  11   6.410243  0.100243  0.089026  0.100087 4.12109E-05
 mg  12   7.651213  0.011213 -0.000003  0.011057 7.58820E-04
 al  13   6.481401  0.011401  0.000185  0.011245 5.69777E-05
 si  14   7.561230  0.011230  0.000013  0.011074 7.12771E-04
  p  15   5.481229  0.011230  0.000013  0.011073 6.53818E-06
  s  16   7.171228  0.011228  0.000011  0.011072 3.31504E-04
 cl  17   5.241227  0.011227  0.000010  0.011071 4.30636E-06
 ar  18   6.451222  0.011222  0.000005  0.011065 7.86949E-05
  k  19   5.090627  0.010627 -0.000590  0.010470 3.35746E-06
 ca  20   6.301215  0.011215 -0.000002  0.011058 5.58921E-05
 sc  21   3.061227  0.011227  0.000010  0.011070 3.60782E-08
 ti  22   4.921228  0.011229  0.000012  0.011072 2.78288E-06
  v  23   3.970140  0.010140 -0.001076  0.009984 3.31472E-07
 cr  24   5.631937 -0.008063 -0.019279 -0.008219 1.55288E-05
 mn  25   5.491234  0.011234  0.000017  0.011077 1.18669E-05
 fe  26   7.551227  0.011227  0.000000  0.011071 1.38497E-03
 co  27   4.881226  0.011226 -0.000001  0.011069 3.12474E-06
 ni  28   6.211231  0.011231  0.000004  0.011075 6.65345E-05
 cu  29   4.261228  0.011228  0.000001  0.011072 8.08251E-07
 zn  30   4.641233  0.011233  0.000006  0.011076 1.99572E-06
 ga  31   3.091228  0.011229  0.000001  0.011072 5.99562E-08
 ge  32   3.556853 -0.023147 -0.034374 -0.023303 1.82498E-07
 as  33   2.311225  0.011225 -0.000002  0.011069 1.06921E-08
 se  34   3.307301 -0.032699 -0.043926 -0.032856 1.11670E-07
 br  35   2.551236  0.011236  0.000009  0.011080 1.98168E-08
 kr  36   3.259655  0.009655 -0.001572  0.009499 1.06199E-07
 rb  37   2.369460  0.009460 -0.001767  0.009304 1.39474E-08
 sr  38   2.889335  0.009335 -0.001893  0.009178 4.73334E-08
  y  39   2.181247  0.011247  0.000020  0.011090 9.40607E-09
 zr  40   2.541229  0.011229  0.000002  0.011073 2.21089E-08
 nb  41   1.421238  0.011238  0.000011  0.011082 1.70809E-09
 mo  42   1.830045 -0.109955 -0.121182 -0.110112 4.52142E-09
 tc  43   0.000000 -9.000000  0.000000  0.000000 6.53509E-22
 ru  44   1.640281 -0.119719 -0.130946 -0.119876 3.07704E-09
 rh  45   1.071229  0.011229  0.000002  0.011073 8.45083E-10
 pd  46   1.602044 -0.047956 -0.059183 -0.048112 2.96686E-09
 ag  47   1.211227  0.011227  0.000000  0.011071 1.22278E-09
 cd  48   1.681507 -0.028493 -0.039720 -0.028649 3.76310E-09
 in  49   0.752187 -0.007813 -0.019040 -0.007970 4.52300E-10
 sn  50   2.018795 -0.051205 -0.062432 -0.051361 8.63996E-09
 sb  51   0.778696 -0.231304 -0.242531 -0.231460 5.09837E-10
 te  52   1.723855 -0.456145 -0.467372 -0.456301 4.70908E-09
  i  53   1.561222  0.011222 -0.000005  0.011066 3.22053E-09
 xe  54   2.214146 -0.025854 -0.037081 -0.026011 1.49836E-08
 cs  55   1.091228  0.011228  0.000001  0.011072 1.14288E-09
 ba  56   2.190330  0.010329 -0.000898  0.010173 1.48359E-08
 la  57   1.180837  0.010837 -0.000390  0.010680 1.46821E-09
 ce  58   1.589327  0.009327 -0.001900  0.009170 3.79354E-09
 pr  59   0.771229  0.011229  0.000002  0.011072 5.79955E-10
 nd  60   1.436226 -0.013774 -0.025001 -0.013931 2.74499E-09
 pm  61   0.000000 -9.000000  0.000000  0.000000 0.00000E+00
 sm  62   0.821520 -0.118480 -0.129707 -0.118637 6.94835E-10
 eu  63   0.521231  0.011231  0.000004  0.011074 3.51723E-10
 gd  64   1.061230  0.011230  0.000003  0.011073 1.26197E-09
 tb  65   0.331233  0.011233  0.000006  0.011077 2.37496E-10
 dy  66   1.140574  0.010574 -0.000653  0.010418 1.56552E-09
 ho  67   0.481230  0.011230  0.000003  0.011073 3.48144E-10
 er  68   0.923606  0.003606 -0.007621  0.003449 9.77744E-10
 tm  69   0.131227  0.011227  0.000000  0.011071 1.59285E-10
 yb  70   0.870200 -0.049800 -0.061027 -0.049956 8.94492E-10
 lu  71   0.101002  0.011002 -0.000225  0.010845 1.53882E-10
 hf  72   0.720573  0.010573 -0.000654  0.010417 6.53758E-10
 ta  73  -0.108825  0.011175 -0.000052  0.011019 9.81655E-11
  w  74   0.660707  0.010707 -0.000521  0.010550 5.86647E-10
 re  75   0.266479  0.006479 -0.004749  0.006322 2.39720E-10
 os  76   1.361527  0.011527  0.000300  0.011371 3.04815E-09
 ir  77   1.331230  0.011230  0.000003  0.011074 2.87245E-09
 pt  78   1.598889 -0.021111 -0.032338 -0.021267 5.39918E-09
 au  79   0.811232  0.011232  0.000004  0.011075 8.88904E-10
 hg  80   1.149612 -0.020388 -0.031615 -0.020544 1.97311E-09
 tl  81   0.781230  0.011230  0.000003  0.011074 8.60804E-10
 pb  82   2.051226  0.011226 -0.000001  0.011069 1.62497E-08
 bi  83   0.661232  0.011232  0.000005  0.011076 6.67677E-10
 po  84   0.000000 -9.000000  0.000000  0.000000 1.70265E-23
#[ls/Fe]_Thiswork =  -0.0006, [hs/Fe]_Thiswork =  -0.0011
#[hs/ls]_Thiswork =  -0.0004, [Pb/hs]_Thiswork =   0.0011
# Elemental abundance ratios: 
# He/H =  1.0356E-01, C/O =  3.8677E-01, N/O = 3.30597E-01
#
#  TP   Mass     Mcore    Menv    log L
# 23 2.248610 0.636577 1.612030 3.919810
# El  Z   log e(X)   [X/H]    [X/Fe]     [X/O]      X(i)
  p   1  12.000000  0.000000  0.000000  0.000000 7.02420E-01
 he   2  11.015456  0.085456  0.074229  0.085299 2.89054E-01
  c   6   8.325429 -0.144571 -0.155798 -0.144728 1.77070E-03
  n   7   8.248641  0.378641  0.367414  0.378485 1.73030E-03
  o   8   8.730290  0.000291 -0.010936  0.000000 5.99128E-03
  f   9   4.461851  0.001851 -0.009377  0.001560 3.83438E-07
 ne  10   7.979640  0.009641 -0.001586  0.009350 1.34183E-03
 na  11   6.410389  0.100389  0.089162  0.100099 4.12159E-05
 mg  12   7.651286  0.011286  0.000059  0.010995 7.58784E-04
 al  13   6.481860  0.011860  0.000633  0.011569 5.70258E-05
 si  14   7.561325  0.011324  0.000097  0.011034 7.12773E-04
  p  15   5.481366  0.011366  0.000139  0.011075 6.53882E-06
  s  16   7.171320  0.011320  0.000093  0.011029 3.31503E-04
 cl  17   5.241373  0.011373  0.000145  0.011082 4.30687E-06
 ar  18   6.451312  0.011312  0.000085  0.011021 7.86944E-05
  k  19   5.090734  0.010734 -0.000493  0.010443 3.35757E-06
 ca  20   6.301305  0.011305  0.000078  0.011014 5.58917E-05
 sc  21   3.061424  0.011424  0.000197  0.011133 3.60868E-08
 ti  22   4.921331  0.011332  0.000104  0.011041 2.78294E-06
  v  23   3.970217  0.010217 -0.001010  0.009926 3.31459E-07
 cr  24   5.632030 -0.007970 -0.019197 -0.008261 1.55287E-05
 mn  25   5.491357  0.011357  0.000130  0.011066 1.18677E-05
 fe  26   7.551319  0.011319  0.000000  0.011028 1.38497E-03
 co  27   4.881436  0.011436  0.000118  0.011146 3.12559E-06
 ni  28   6.211326  0.011326  0.000007  0.011035 6.65348E-05
 cu  29   4.261492  0.011492  0.000173  0.011201 8.08568E-07
 zn  30   4.641392  0.011392  0.000073  0.011101 1.99603E-06
 ga  31   3.091768  0.011768  0.000450  0.011477 6.00180E-08
 ge  32   3.557424 -0.022576 -0.033895 -0.022867 1.82699E-07
 as  33   2.311583  0.011583  0.000264  0.011292 1.06986E-08
 se  34   3.308251 -0.031749 -0.043067 -0.032039 1.11891E-07
 br  35   2.551643  0.011643  0.000325  0.011353 1.98312E-08
 kr  36   3.260910  0.010910 -0.000409  0.010619 1.06483E-07
 rb  37   2.370715  0.010715 -0.000603  0.010424 1.39848E-08
 sr  38   2.897087  0.017087  0.005768  0.016796 4.81756E-08
  y  39   2.191103  0.021103  0.009784  0.020812 9.61991E-09
 zr  40   2.552044  0.022044  0.010725  0.021753 2.26616E-08
 nb  41   1.430036  0.020036  0.008717  0.019745 1.74267E-09
 mo  42   1.838959 -0.101041 -0.112360 -0.101332 4.61418E-09
 tc  43  -1.260231 -9.000000  0.000000  0.000000 3.75087E-12
 ru  44   1.647139 -0.112861 -0.124180 -0.113152 3.12534E-09
 rh  45   1.073522  0.013522  0.002203  0.013231 8.49373E-10
 pd  46   1.610678 -0.039322 -0.050641 -0.039613 3.02578E-09
 ag  47   1.213219  0.013219  0.001900  0.012928 1.22814E-09
 cd  48   1.691400 -0.018600 -0.029919 -0.018891 3.84897E-09
 in  49   0.758287 -0.001713 -0.013031 -0.002003 4.58600E-10
 sn  50   2.030534 -0.039466 -0.050785 -0.039757 8.87478E-09
 sb  51   0.784873 -0.225127 -0.236446 -0.225418 5.17028E-10
 te  52   1.732640 -0.447360 -0.458678 -0.447651 4.80427E-09
  i  53   1.562073  0.012073  0.000754  0.011782 3.22615E-09
 xe  54   2.217672 -0.022328 -0.033646 -0.022619 1.51026E-08
 cs  55   1.096865  0.016865  0.005546  0.016574 1.15756E-09
 ba  56   2.206804  0.026804  0.015486  0.026513 1.54062E-08
 la  57   1.195460  0.025460  0.014142  0.025169 1.51816E-09
 ce  58   1.603417  0.023417  0.012099  0.023126 3.91779E-09
 pr  59   0.779045  0.019045  0.007726  0.018754 5.90361E-10
 nd  60   1.446266 -0.003734 -0.015053 -0.004025 2.80859E-09
 pm  61   0.000000 -9.000000  0.000000  0.000000 0.00000E+00
 sm  62   0.827422 -0.112578 -0.123897 -0.112869 7.04192E-10
 eu  63   0.522197  0.012197  0.000878  0.011906 3.52431E-10
 gd  64   1.063625  0.013625  0.002307  0.013335 1.26868E-09
 tb  65   0.332507  0.012507  0.001188  0.012216 2.38142E-10
 dy  66   1.143220  0.013220  0.001901  0.012929 1.57474E-09
 ho  67   0.482353  0.012353  0.001035  0.012062 3.48971E-10
 er  68   0.926456  0.006456 -0.004862  0.006166 9.83971E-10
 tm  69   0.133278  0.013278  0.001959  0.012987 1.60004E-10
 yb  70   0.876705 -0.043295 -0.054614 -0.043586 9.07796E-10
 lu  71   0.105167  0.015167  0.003849  0.014877 1.55332E-10
 hf  72   0.728737  0.018737  0.007418  0.018446 6.66020E-10
 ta  73  -0.102623  0.017377  0.006058  0.017086 9.95560E-11
  w  74   0.668254  0.018254  0.006935  0.017963 5.96802E-10
 re  75   0.268516  0.008516 -0.002803  0.008225 2.40795E-10
 os  76   1.363006  0.013006  0.001687  0.012715 3.05789E-09
 ir  77   1.331477  0.011477  0.000158  0.011186 2.87346E-09
 pt  78   1.599647 -0.020353 -0.031672 -0.020644 5.40744E-09
 au  79   0.811955  0.011955  0.000637  0.011665 8.90195E-10
 hg  80   1.155585 -0.014415 -0.025733 -0.014706 2.00001E-09
 tl  81   0.785460  0.015460  0.004141  0.015169 8.69042E-10
 pb  82   2.053143  0.013143  0.001824  0.012852 1.63181E-08
 bi  83   0.661357  0.011357  0.000038  0.011066 6.67726E-10
 po  84  -3.939075 -9.000000  0.000000  0.000000 1.67574E-14
#[ls/Fe]_Thiswork =   0.0088, [hs/Fe]_Thiswork =   0.0139
#[hs/ls]_Thiswork =   0.0051, [Pb/hs]_Thiswork =  -0.0121
# Elemental abundance ratios: 
# He/H =  1.0362E-01, C/O =  3.9368E-01, N/O = 3.29876E-01
#
#  TP   Mass     Mcore    Menv    log L
# 24 2.247730 0.642210 1.605520 3.938890
# El  Z   log e(X)   [X/H]    [X/Fe]     [X/O]      X(i)
  p   1  12.000000  0.000000  0.000000  0.000000 7.02114E-01
 he   2  11.015945  0.085945  0.074626  0.085654 2.89253E-01
  c   6   8.348753 -0.121247 -0.132566 -0.121538 1.86758E-03
  n   7   8.247890  0.377890  0.366571  0.377599 1.72656E-03
  o   8   8.730797  0.000797 -0.010521  0.000000 5.99565E-03
  f   9   4.470939  0.010939 -0.000380  0.010141 3.91375E-07
 ne  10   7.982070  0.012071  0.000752  0.011273 1.34877E-03
 na  11   6.411177  0.101177  0.089858  0.100379 4.12727E-05
 mg  12   7.651452  0.011452  0.000133  0.010654 7.58742E-04
 al  13   6.482600  0.012600  0.001281  0.011803 5.70980E-05
 si  14   7.561519  0.011518  0.000200  0.010721 7.12780E-04
  p  15   5.481782  0.011783  0.000464  0.010985 6.54224E-06
  s  16   7.171505  0.011505  0.000186  0.010708 3.31500E-04
 cl  17   5.241766  0.011766  0.000447  0.010969 4.30889E-06
 ar  18   6.451490  0.011490  0.000171  0.010693 7.86922E-05
  k  19   5.090983  0.010983 -0.000336  0.010186 3.35803E-06
 ca  20   6.301481  0.011481  0.000163  0.010684 5.58900E-05
 sc  21   3.061999  0.011999  0.000681  0.011202 3.61189E-08
 ti  22   4.921576  0.011576  0.000257  0.010779 2.78329E-06
  v  23   3.970352  0.010352 -0.000967  0.009555 3.31417E-07
 cr  24   5.632216 -0.007784 -0.019103 -0.008581 1.55286E-05
 mn  25   5.491643  0.011643  0.000324  0.010846 1.18703E-05
 fe  26   7.551501  0.011501  0.000000  0.010704 1.38494E-03
 co  27   4.882109  0.012109  0.000608  0.011312 3.12906E-06
 ni  28   6.211527  0.011528  0.000026  0.010730 6.65366E-05
 cu  29   4.262420  0.012420  0.000919  0.011623 8.09944E-07
 zn  30   4.641979  0.011979  0.000477  0.011181 1.99785E-06
 ga  31   3.094590  0.014590  0.003089  0.013793 6.03827E-08
 ge  32   3.560500 -0.019500 -0.031001 -0.020297 1.83917E-07
 as  33   2.313441  0.013441  0.001940  0.012644 1.07398E-08
 se  34   3.313768 -0.026232 -0.037733 -0.027029 1.13272E-07
 br  35   2.553894  0.013894  0.002393  0.013097 1.99255E-08
 kr  36   3.268032  0.018032  0.006531  0.017235 1.08196E-07
 rb  37   2.376226  0.016227  0.004725  0.015429 1.41572E-08
 sr  38   2.936563  0.056562  0.045061  0.055765 5.27366E-08
  y  39   2.237101  0.067101  0.055599  0.066303 1.06900E-08
 zr  40   2.600867  0.070867  0.059366  0.070070 2.53468E-08
 nb  41   1.469543  0.059543  0.048042  0.058746 1.90781E-09
 mo  42   1.880054 -0.059946 -0.071447 -0.060743 5.06992E-09
 tc  43  -0.492173 -9.000000  0.000000  0.000000 2.19786E-11
 ru  44   1.679500 -0.080500 -0.092002 -0.081298 3.36565E-09
 rh  45   1.084360  0.024360  0.012859  0.023563 8.70457E-10
 pd  46   1.650580  0.000580 -0.010921 -0.000217 3.31551E-09
 ag  47   1.222644  0.022644  0.011142  0.021847 1.25454E-09
 cd  48   1.737063  0.027063  0.015562  0.026266 4.27385E-09
 in  49   0.787244  0.027244  0.015743  0.026447 4.90005E-10
 sn  50   2.086555  0.016555  0.005053  0.015757 1.00923E-08
 sb  51   0.816402 -0.193598 -0.205099 -0.194395 5.55717E-10
 te  52   1.777867 -0.402133 -0.413634 -0.402930 5.32923E-09
  i  53   1.566509  0.016509  0.005008  0.015712 3.25785E-09
 xe  54   2.237052 -0.002948 -0.014449 -0.003745 1.57849E-08
 cs  55   1.120765  0.040765  0.029263  0.039967 1.22251E-09
 ba  56   2.307493  0.127493  0.115992  0.126696 1.94176E-08
 la  57   1.290959  0.120959  0.109458  0.120162 1.89072E-09
 ce  58   1.701562  0.121562  0.110061  0.120765 4.90904E-09
 pr  59   0.834960  0.074960  0.063459  0.074163 6.71185E-10
 nd  60   1.521053  0.071053  0.059552  0.070256 3.33492E-09
 pm  61   0.000000 -9.000000  0.000000  0.000000 0.00000E+00
 sm  62   0.877370 -0.062630 -0.074131 -0.063427 7.89676E-10
 eu  63   0.529878  0.019878  0.008376  0.019080 3.58563E-10
 gd  64   1.082485  0.032485  0.020984  0.031688 1.32441E-09
 tb  65   0.342551  0.022551  0.011050  0.021754 2.43607E-10
 dy  66   1.164891  0.034891  0.023390  0.034094 1.65459E-09
 ho  67   0.491421  0.021421  0.009919  0.020623 3.56178E-10
 er  68   0.948482  0.028482  0.016980  0.027684 1.03471E-09
 tm  69   0.149884  0.029884  0.018383  0.029087 1.66168E-10
 yb  70   0.928785  0.008785 -0.002716  0.007988 1.02301E-09
 lu  71   0.139976  0.049976  0.038474  0.049178 1.68220E-10
 hf  72   0.791025  0.081025  0.069524  0.080228 7.68397E-10
 ta  73  -0.054763  0.065237  0.053736  0.064440 1.11106E-10
  w  74   0.728091  0.078091  0.066590  0.077294 6.84665E-10
 re  75   0.283036  0.023036  0.011535  0.022239 2.48874E-10
 os  76   1.375843  0.025843  0.014342  0.025046 3.14824E-09
 ir  77   1.333273  0.013273  0.001772  0.012476 2.88411E-09
 pt  78   1.606350 -0.013650 -0.025151 -0.014447 5.48915E-09
 au  79   0.818107  0.018107  0.006605  0.017309 9.02500E-10
 hg  80   1.205759  0.035759  0.024258  0.034962 2.24396E-09
 tl  81   0.813416  0.043416  0.031914  0.042618 9.26418E-10
 pb  82   2.077822  0.037822  0.026320  0.037024 1.72647E-08
 bi  83   0.662740  0.012740  0.001238  0.011943 6.69562E-10
 po  84  -1.947383 -9.000000  0.000000  0.000000 1.64327E-12
#[ls/Fe]_Thiswork =   0.0533, [hs/Fe]_Thiswork =   0.1118
#[hs/ls]_Thiswork =   0.0585, [Pb/hs]_Thiswork =  -0.0855
# Elemental abundance ratios: 
# He/H =  1.0374E-01, C/O =  4.1491E-01, N/O = 3.28922E-01
#
#  TP   Mass     Mcore    Menv    log L
# 25 2.246350 0.647480 1.598870 3.958030
# El  Z   log e(X)   [X/H]    [X/Fe]     [X/O]      X(i)
  p   1  12.000000  0.000000  0.000000  0.000000 7.01487E-01
 he   2  11.016907  0.086906  0.075405  0.086109 2.89635E-01
  c   6   8.395558 -0.074442 -0.085943 -0.075239 2.07824E-03
  n   7   8.247374  0.377374  0.365872  0.376576 1.72297E-03
  o   8   8.731852  0.001852 -0.009649  0.000000 6.00487E-03
  f   9   4.495589  0.035589  0.024087  0.033737 4.13862E-07
 ne  10   7.988918  0.018919  0.007417  0.017066 1.36899E-03
 na  11   6.413557  0.103557  0.092055  0.101705 4.14624E-05
 mg  12   7.651819  0.011819  0.000318  0.009967 7.58706E-04
 al  13   6.483923  0.013923  0.002422  0.012071 5.72212E-05
 si  14   7.561916  0.011916  0.000414  0.010064 7.12795E-04
  p  15   5.482851  0.012851  0.001350  0.010999 6.55251E-06
  s  16   7.171880  0.011880  0.000379  0.010028 3.31490E-04
 cl  17   5.242640  0.012640  0.001138  0.010787 4.31372E-06
 ar  18   6.451849  0.011848  0.000347  0.009996 7.86870E-05
  k  19   5.091528  0.011528  0.000027  0.009676 3.35925E-06
 ca  20   6.301836  0.011837  0.000335  0.009984 5.58859E-05
 sc  21   3.063350  0.013350  0.001848  0.011498 3.61990E-08
 ti  22   4.922138  0.012138  0.000637  0.010286 2.78441E-06
  v  23   3.970629  0.010629 -0.000873  0.008777 3.31332E-07
 cr  24   5.632591 -0.007409 -0.018910 -0.009261 1.55282E-05
 mn  25   5.492243  0.012243  0.000742  0.010391 1.18761E-05
 fe  26   7.551866  0.011866  0.000000  0.010014 1.38487E-03
 co  27   4.883650  0.013650  0.001784  0.011798 3.13738E-06
 ni  28   6.211960  0.011960  0.000094  0.010108 6.65435E-05
 cu  29   4.264784  0.014784  0.002918  0.012932 8.13640E-07
 zn  30   4.643603  0.013603  0.001737  0.011751 2.00355E-06
 ga  31   3.102713  0.022713  0.010847  0.020861 6.14679E-08
 ge  32   3.569255 -0.010745 -0.022611 -0.012597 1.87495E-07
 as  33   2.318674  0.018674  0.006808  0.016822 1.08603E-08
 se  34   3.328991 -0.011009 -0.022875 -0.012861 1.17208E-07
 br  35   2.560305  0.020305  0.008439  0.018453 2.02038E-08
 kr  36   3.287694  0.037694  0.025828  0.035842 1.13106E-07
 rb  37   2.389455  0.029455  0.017589  0.027603 1.45820E-08
 sr  38   3.041136  0.161136  0.149270  0.159284 6.70345E-08
  y  39   2.358801  0.188801  0.176935  0.186949 1.41348E-08
 zr  40   2.737682  0.207682  0.195816  0.205830 3.47017E-08
 nb  41   1.583859  0.173859  0.161993  0.172007 2.48006E-09
 mo  42   2.003683  0.063683  0.051817  0.061831 6.73352E-09
 tc  43   0.112736 -9.000000  0.000000  0.000000 8.84140E-11
 ru  44   1.783059  0.023059  0.011193  0.021207 4.26816E-09
 rh  45   1.122166  0.062166  0.050300  0.060314 9.48781E-10
 pd  46   1.773490  0.123490  0.111624  0.121638 4.39615E-09
 ag  47   1.255621  0.055621  0.043755  0.053769 1.35230E-09
 cd  48   1.873549  0.163548  0.151682  0.161696 5.84678E-09
 in  49   0.879722  0.119722  0.107856  0.117870 6.05747E-10
 sn  50   2.246392  0.176392  0.164526  0.174540 1.45693E-08
 sb  51   0.915692 -0.094308 -0.106174 -0.096160 6.97841E-10
 te  52   1.912601 -0.267400 -0.279266 -0.269252 7.26123E-09
  i  53   1.582150  0.032150  0.020283  0.030298 3.37430E-09
 xe  54   2.300097  0.060097  0.048230  0.058244 1.82346E-08
 cs  55   1.184194  0.104194  0.092327  0.102342 1.41349E-09
 ba  56   2.524046  0.344046  0.332180  0.342194 3.19420E-08
 la  57   1.490962  0.320962  0.309096  0.319110 2.99394E-09
 ce  58   1.899030  0.319030  0.307164  0.317178 7.72816E-09
 pr  59   0.962267  0.202267  0.190401  0.200415 8.99005E-10
 nd  60   1.679787  0.229787  0.217921  0.227935 4.80210E-09
 pm  61   0.000000 -9.000000  0.000000  0.000000 0.00000E+00
 sm  62   0.993279  0.053279  0.041413  0.051427 1.03032E-09
 eu  63   0.549967  0.039967  0.028101  0.038115 3.75203E-10
 gd  64   1.130621  0.080621  0.068755  0.078769 1.47833E-09
 tb  65   0.369115  0.049115  0.037249  0.047263 2.58742E-10
 dy  66   1.219516  0.089516  0.077650  0.087664 1.87468E-09
 ho  67   0.515201  0.045201  0.033335  0.043349 3.75889E-10
 er  68   1.002675  0.082675  0.070809  0.080823 1.17118E-09
 tm  69   0.192424  0.072424  0.060558  0.070572 1.83105E-10
 yb  70   1.046211  0.126211  0.114345  0.124359 1.33942E-09
 lu  71   0.223948  0.133948  0.122081  0.132095 2.03921E-10
 hf  72   0.924743  0.214743  0.202877  0.212891 1.04452E-09
 ta  73   0.054217  0.174217  0.162351  0.172365 1.42669E-10
  w  74   0.858341  0.208341  0.196475  0.206489 9.23296E-10
 re  75   0.318362  0.058362  0.046496  0.056510 2.69723E-10
 os  76   1.409435  0.059435  0.047569  0.057583 3.39839E-09
 ir  77   1.338171  0.018171  0.006305  0.016319 2.91422E-09
 pt  78   1.624461  0.004461 -0.007405  0.002609 5.71779E-09
 au  79   0.834675  0.034675  0.022809  0.032823 9.36759E-10
 hg  80   1.319768  0.149768  0.137902  0.147916 2.91499E-09
 tl  81   0.876375  0.106375  0.094509  0.104523 1.06999E-09
 pb  82   2.157761  0.117761  0.105895  0.115909 2.07353E-08
 bi  83   0.669327  0.019327  0.007461  0.017475 6.79189E-10
 po  84  -1.113976 -9.000000  0.000000  0.000000 1.11874E-11
#[ls/Fe]_Thiswork =   0.1740, [hs/Fe]_Thiswork =   0.3161
#[hs/ls]_Thiswork =   0.1421, [Pb/hs]_Thiswork =  -0.2103
# Elemental abundance ratios: 
# He/H =  1.0397E-01, C/O =  4.6101E-01, N/O = 3.27734E-01
#
#  TP   Mass     Mcore    Menv    log L
# 26 2.244100 0.652395 1.591710 3.976060
# El  Z   log e(X)   [X/H]    [X/Fe]     [X/O]      X(i)
  p   1  12.000000  0.000000  0.000000  0.000000 7.00624E-01
 he   2  11.018242  0.088242  0.076375  0.086390 2.90169E-01
  c   6   8.451525 -0.018476 -0.030342 -0.020328 2.36118E-03
  n   7   8.247013  0.377013  0.365147  0.375161 1.71942E-03
  o   8   8.733114  0.003115 -0.008751  0.000000 6.01494E-03
  f   9   4.530000  0.070000  0.058134  0.066885 4.47437E-07
 ne  10   7.998997  0.028997  0.017131  0.025883 1.39940E-03
 na  11   6.416987  0.106987  0.095121  0.103873 4.17398E-05
 mg  12   7.652350  0.012350  0.000484  0.009235 7.58699E-04
 al  13   6.485717  0.015718  0.003851  0.012603 5.73873E-05
 si  14   7.562464  0.012464  0.000597  0.009349 7.12817E-04
  p  15   5.484429  0.014429  0.002563  0.011314 6.56826E-06
  s  16   7.172398  0.012398  0.000532  0.009283 3.31477E-04
 cl  17   5.243819  0.013819  0.001953  0.010705 4.32013E-06
 ar  18   6.452345  0.012345  0.000479  0.009230 7.86800E-05
  k  19   5.092298  0.012298  0.000432  0.009183 3.36106E-06
 ca  20   6.302329  0.012329  0.000463  0.009214 5.58803E-05
 sc  21   3.065248  0.015249  0.003382  0.012134 3.63129E-08
 ti  22   4.922944  0.012944  0.001078  0.009830 2.78615E-06
  v  23   3.971032  0.011032 -0.000834  0.007917 3.31232E-07
 cr  24   5.633108 -0.006892 -0.018758 -0.010007 1.55275E-05
 mn  25   5.493063  0.013063  0.001197  0.009949 1.18839E-05
 fe  26   7.552367  0.012367  0.000000  0.009252 1.38476E-03
 co  27   4.885701  0.015701  0.003335  0.012587 3.14836E-06
 ni  28   6.212566  0.012567  0.000200  0.009452 6.65544E-05
 cu  29   4.268127  0.018127  0.005760  0.015012 8.18917E-07
 zn  30   4.646153  0.016153  0.003787  0.013039 2.01287E-06
 ga  31   3.115927  0.035927  0.023560  0.032812 6.32888E-08
 ge  32   3.583687  0.003687 -0.008680  0.000572 1.93592E-07
 as  33   2.327458  0.027458  0.015092  0.024344 1.10686E-08
 se  34   3.354041  0.014041  0.001674  0.010926 1.24014E-07
 br  35   2.571632  0.031632  0.019266  0.028518 2.07122E-08
 kr  36   3.318893  0.068893  0.056527  0.065779 1.21381E-07
 rb  37   2.409471  0.049471  0.037104  0.046356 1.52510E-08
 sr  38   3.169823  0.289823  0.277456  0.286708 9.00430E-08
  y  39   2.498431  0.328431  0.316064  0.325316 1.94709E-08
 zr  40   2.887956  0.357956  0.345589  0.354841 4.89879E-08
 nb  41   1.713919  0.303919  0.291552  0.300804 3.34185E-09
 mo  42   2.142681  0.202681  0.190314  0.199566 9.26202E-09
 tc  43   0.418033 -9.000000  0.000000  0.000000 1.78354E-10
 ru  44   1.905860  0.145860  0.133493  0.142745 5.65597E-09
 rh  45   1.173849  0.113849  0.101482  0.110734 1.06737E-09
 pd  46   1.911849  0.261849  0.249482  0.258734 6.03805E-09
 ag  47   1.301144  0.101144  0.088777  0.098029 1.49989E-09
 cd  48   2.022712  0.312712  0.300345  0.309597 8.23274E-09
 in  49   0.990220  0.230220  0.217853  0.227105 7.80286E-10
 sn  50   2.413240  0.343240  0.330874  0.340126 2.13674E-08
 sb  51   1.033338  0.023338  0.010971  0.020223 9.13832E-10
 te  52   2.061812 -0.118188 -0.130554 -0.121302 1.02256E-08
  i  53   1.605119  0.055119  0.042752  0.052004 3.55319E-09
 xe  54   2.382306  0.142306  0.129939  0.139191 2.20076E-08
 cs  55   1.259433  0.179433  0.167066  0.176318 1.67880E-09
 ba  56   2.730707  0.550707  0.538340  0.547592 5.13437E-08
 la  57   1.687120  0.517120  0.504754  0.514006 4.69749E-09
 ce  58   2.093168  0.513168  0.500801  0.510054 1.20693E-08
 pr  59   1.105025  0.345025  0.332659  0.341911 1.24734E-09
 nd  60   1.846860  0.396860  0.384493  0.393745 7.04644E-09
 pm  61   0.000000 -9.000000  0.000000  0.000000 0.00000E+00
 sm  62   1.126533  0.186533  0.174166  0.183418 1.39859E-09
 eu  63   0.578434  0.068434  0.056067  0.065319 4.00128E-10
 gd  64   1.195906  0.145906  0.133539  0.142791 1.71601E-09
 tb  65   0.406745  0.086745  0.074378  0.083630 2.81813E-10
 dy  66   1.291957  0.161957  0.149590  0.158842 2.21225E-09
 ho  67   0.549193  0.079193  0.066827  0.076079 4.05992E-10
 er  68   1.073599  0.153599  0.141232  0.150484 1.37725E-09
 tm  69   0.250351  0.130351  0.117984  0.127236 2.08974E-10
 yb  70   1.180235  0.260235  0.247868  0.257120 1.82140E-09
 lu  71   0.327491  0.237491  0.225124  0.234376 2.58506E-10
 hf  72   1.070794  0.360794  0.348427  0.357679 1.46027E-09
 ta  73   0.180604  0.300604  0.288237  0.297489 1.90626E-10
  w  74   1.001891  0.351891  0.339524  0.348776 1.28338E-09
 re  75   0.365417  0.105417  0.093051  0.102303 3.00219E-10
 os  76   1.456130  0.106130  0.093763  0.103015 3.77949E-09
 ir  77   1.345715  0.025715  0.013348  0.022600 2.96163E-09
 pt  78   1.650946  0.030946  0.018579  0.027831 6.06986E-09
 au  79   0.858961  0.058961  0.046594  0.055846 9.89417E-10
 hg  80   1.450193  0.280193  0.267827  0.277079 3.93122E-09
 tl  81   0.953272  0.183272  0.170905  0.180157 1.27568E-09
 pb  82   2.271780  0.231780  0.219413  0.228665 2.69274E-08
 bi  83   0.682383  0.032383  0.020016  0.029268 6.99055E-10
 po  84  -0.660483 -9.000000  0.000000  0.000000 3.17459E-11
#[ls/Fe]_Thiswork =   0.3130, [hs/Fe]_Thiswork =   0.5146
#[hs/ls]_Thiswork =   0.2016, [Pb/hs]_Thiswork =  -0.2952
# Elemental abundance ratios: 
# He/H =  1.0429E-01, C/O =  5.2289E-01, N/O = 3.26512E-01
#
#  TP   Mass     Mcore    Menv    log L
# 27 2.240340 0.656895 1.583450 3.993740
# El  Z   log e(X)   [X/H]    [X/Fe]     [X/O]      X(i)
  p   1  12.000000  0.000000  0.000000  0.000000 6.99385E-01
 he   2  11.020164  0.090164  0.077797  0.087049 2.90942E-01
  c   6   8.519802  0.049802  0.037435  0.046687 2.75827E-03
  n   7   8.246827  0.376827  0.364460  0.373713 1.71565E-03
  o   8   8.734680  0.004681 -0.007686  0.000000 6.02600E-03
  f   9   4.577483  0.117483  0.105116  0.112803 4.98250E-07
 ne  10   8.014128  0.044128  0.031761  0.039447 1.44646E-03
 na  11   6.422633  0.112633  0.100266  0.107952 4.22112E-05
 mg  12   7.653143  0.013143  0.000776  0.008462 7.58743E-04
 al  13   6.488267  0.018267  0.005900  0.013587 5.76232E-05
 si  14   7.563250  0.013250  0.000883  0.008569 7.12847E-04
  p  15   5.486747  0.016747  0.004381  0.012067 6.59175E-06
  s  16   7.173141  0.013142  0.000775  0.008461 3.31458E-04
 cl  17   5.245496  0.015496  0.003129  0.010816 4.32918E-06
 ar  18   6.453059  0.013059  0.000692  0.008378 7.86702E-05
  k  19   5.093410  0.013410  0.001043  0.008729 3.36373E-06
 ca  20   6.303036  0.013036  0.000669  0.008356 5.58726E-05
 sc  21   3.068001  0.018001  0.005634  0.013320 3.64791E-08
 ti  22   4.924117  0.014117  0.001750  0.009437 2.78875E-06
  v  23   3.971628  0.011628 -0.000739  0.006948 3.31101E-07
 cr  24   5.633848 -0.006152 -0.018518 -0.010832 1.55265E-05
 mn  25   5.494243  0.014243  0.001876  0.009562 1.18952E-05
 fe  26   7.553083  0.013083  0.000000  0.008403 1.38460E-03
 co  27   4.888566  0.018566  0.005483  0.013885 3.16359E-06
 ni  28   6.213444  0.013444  0.000361  0.008764 6.65712E-05
 cu  29   4.272907  0.022907  0.009824  0.018227 8.26517E-07
 zn  30   4.649918  0.019917  0.006834  0.015237 2.02680E-06
 ga  31   3.134842  0.054842  0.041759  0.050161 6.59893E-08
 ge  32   3.604336  0.024336  0.011252  0.019655 2.02660E-07
 as  33   2.340254  0.040254  0.027170  0.035573 1.13794E-08
 se  34   3.389041  0.049041  0.035958  0.044360 1.34185E-07
 br  35   2.588750  0.048750  0.035666  0.044069 2.15068E-08
 kr  36   3.362524  0.112524  0.099441  0.107843 1.33972E-07
 rb  37   2.438048  0.078048  0.064965  0.073368 1.62595E-08
 sr  38   3.316287  0.436287  0.423203  0.431606 1.25935E-07
  y  39   2.653003  0.483003  0.469919  0.478322 2.77453E-08
 zr  40   3.050024  0.520024  0.506941  0.515343 7.10215E-08
 nb  41   1.859137  0.449137  0.436053  0.444456 4.66055E-09
 mo  42   2.295142  0.355142  0.342059  0.350461 1.31340E-08
 tc  43   0.656619 -9.000000  0.000000  0.000000 3.08391E-10
 ru  44   2.045444  0.285444  0.272361  0.280764 7.78615E-09
 rh  45   1.242507  0.182507  0.169424  0.177826 1.24797E-09
 pd  46   2.063120  0.413120  0.400036  0.408439 8.53885E-09
 ag  47   1.362298  0.162298  0.149215  0.157617 1.72364E-09
 cd  48   2.181660  0.471660  0.458576  0.466979 1.18502E-08
 in  49   1.117223  0.357223  0.344139  0.352542 1.04349E-09
 sn  50   2.583514  0.513514  0.500431  0.508834 3.15687E-08
 sb  51   1.165067  0.155067  0.141983  0.150386 1.23546E-09
 te  52   2.218930  0.038930  0.025847  0.034250 1.46567E-08
  i  53   1.637339  0.087339  0.074255  0.082658 3.82006E-09
 xe  54   2.481643  0.241643  0.228559  0.236962 2.76147E-08
 cs  55   1.348944  0.268944  0.255860  0.264263 2.05940E-09
 ba  56   2.920323  0.740323  0.727240  0.735643 7.93113E-08
 la  57   1.868582  0.698582  0.685498  0.693901 7.12129E-09
 ce  58   2.271967  0.691967  0.678883  0.687286 1.81849E-08
 pr  59   1.249995  0.489995  0.476912  0.485315 1.73855E-09
 nd  60   2.007525  0.557525  0.544442  0.552845 1.01828E-08
 pm  61   0.000000 -9.000000  0.000000  0.000000 0.00000E+00
 sm  62   1.263516  0.323516  0.310433  0.318836 1.91384E-09
 eu  63   0.615296  0.105296  0.092213  0.100616 4.34804E-10
 gd  64   1.273280  0.223280  0.210197  0.218600 2.04704E-09
 tb  65   0.454483  0.134483  0.121400  0.129802 3.14001E-10
 dy  66   1.376585  0.246585  0.233502  0.241904 2.68346E-09
 ho  67   0.592721  0.122721  0.109638  0.118040 4.47999E-10
 er  68   1.156428  0.236428  0.223345  0.231748 1.66370E-09
 tm  69   0.320249  0.200249  0.187165  0.195568 2.45031E-10
 yb  70   1.317119  0.397119  0.384035  0.392438 2.49184E-09
 lu  71   0.440500  0.350500  0.337417  0.345820 3.34744E-10
 hf  72   1.216231  0.506231  0.493148  0.501551 2.03752E-09
 ta  73   0.313245  0.433245  0.420161  0.428564 2.58258E-10
  w  74   1.145727  0.495727  0.482644  0.491047 1.78411E-09
 re  75   0.424244  0.164244  0.151160  0.159563 3.43160E-10
 os  76   1.513629  0.163629  0.150545  0.158948 4.30689E-09
 ir  77   1.356108  0.036108  0.023024  0.031427 3.02799E-09
 pt  78   1.685644  0.065644  0.052561  0.060964 6.56309E-09
 au  79   0.891184  0.091184  0.078100  0.086503 1.06373E-09
 hg  80   1.584867  0.414868  0.401784  0.410187 5.35097E-09
 tl  81   1.041610  0.271610  0.258526  0.266929 1.56067E-09
 pb  82   2.408322  0.368322  0.355239  0.363642 3.68102E-08
 bi  83   0.704196  0.054196  0.041113  0.049515 7.33764E-10
 po  84  -0.328334 -9.000000  0.000000  0.000000 6.80876E-11
#[ls/Fe]_Thiswork =   0.4667, [hs/Fe]_Thiswork =   0.6972
#[hs/ls]_Thiswork =   0.2305, [Pb/hs]_Thiswork =  -0.3420
# Elemental abundance ratios: 
# He/H =  1.0475E-01, C/O =  6.0971E-01, N/O = 3.25197E-01
#
#  TP   Mass     Mcore    Menv    log L
# 28 2.234330 0.660967 1.573360 4.010270
# El  Z   log e(X)   [X/H]    [X/Fe]     [X/O]      X(i)
  p   1  12.000000  0.000000  0.000000  0.000000 6.97836E-01
 he   2  11.022594  0.092594  0.079511  0.087914 2.91926E-01
  c   6   8.590866  0.120866  0.107782  0.116185 3.24144E-03
  n   7   8.246773  0.376773  0.363689  0.372092 1.71163E-03
  o   8   8.736341  0.006342 -0.006742  0.000000 6.03569E-03
  f   9   4.632700  0.172700  0.159617  0.166358 5.64548E-07
 ne  10   8.032601  0.062602  0.049518  0.056260 1.50597E-03
 na  11   6.429328  0.119328  0.106245  0.112986 4.27720E-05
 mg  12   7.654170  0.014170  0.001087  0.007828 7.58854E-04
 al  13   6.491452  0.021452  0.008369  0.015110 5.79187E-05
 si  14   7.564237  0.014236  0.001153  0.007895 7.12884E-04
  p  15   5.489634  0.019634  0.006550  0.013292 6.62100E-06
  s  16   7.174075  0.014075  0.000991  0.007733 3.31435E-04
 cl  17   5.247557  0.017557  0.004474  0.011215 4.34013E-06
 ar  18   6.453956  0.013956  0.000873  0.007614 7.86582E-05
  k  19   5.094811  0.014812  0.001728  0.008470 3.36712E-06
 ca  20   6.303927  0.013927  0.000844  0.007585 5.58632E-05
 sc  21   3.071483  0.021483  0.008399  0.015141 3.66912E-08
 ti  22   4.925580  0.015580  0.002497  0.009238 2.79196E-06
  v  23   3.972383  0.012383 -0.000700  0.006042 3.30942E-07
 cr  24   5.634777 -0.005223 -0.018307 -0.011565 1.55253E-05
 mn  25   5.495762  0.015762  0.002679  0.009420 1.19104E-05
 fe  26   7.553982  0.013982  0.000000  0.007640 1.38439E-03
 co  27   4.891981  0.021981  0.007999  0.015639 3.18150E-06
 ni  28   6.214546  0.014546  0.000564  0.008204 6.65924E-05
 cu  29   4.278858  0.028858  0.014876  0.022516 8.36062E-07
 zn  30   4.654887  0.024887  0.010905  0.018545 2.04558E-06
 ga  31   3.159620  0.079620  0.065639  0.073278 6.97090E-08
 ge  32   3.631454  0.051454  0.037472  0.045112 2.15239E-07
 as  33   2.357436  0.057436  0.043454  0.051094 1.18124E-08
 se  34   3.432992  0.092992  0.079010  0.086650 1.48146E-07
 br  35   2.611700  0.071700  0.057718  0.065358 2.26236E-08
 kr  36   3.413935  0.163935  0.149953  0.157593 1.50474E-07
 rb  37   2.473013  0.113013  0.099031  0.106671 1.75837E-08
 sr  38   3.447996  0.567996  0.554014  0.561654 1.70173E-07
  y  39   2.788458  0.618458  0.604476  0.612116 3.78166E-08
 zr  40   3.190560  0.660560  0.646579  0.654218 9.79405E-08
 nb  41   1.988997  0.578997  0.565015  0.572655 6.27094E-09
 mo  42   2.430886  0.490886  0.476904  0.484544 1.79134E-08
 tc  43   0.825076 -9.000000  0.000000  0.000000 4.53518E-10
 ru  44   2.173457  0.413457  0.399475  0.407115 1.04321E-08
 rh  45   1.314678  0.254678  0.240696  0.248336 1.47032E-09
 pd  46   2.198255  0.548255  0.534273  0.541913 1.16298E-08
 ag  47   1.427700  0.227700  0.213718  0.221358 1.99933E-09
 cd  48   2.321951  0.611951  0.597969  0.605609 1.63325E-08
 in  49   1.235899  0.475899  0.461917  0.469557 1.36836E-09
 sn  50   2.730610  0.660610  0.646628  0.654268 4.41967E-08
 sb  51   1.286433  0.276433  0.262451  0.270091 1.63016E-09
 te  52   2.357848  0.177848  0.163866  0.171506 2.01368E-08
  i  53   1.674234  0.124234  0.110253  0.117893 4.14957E-09
 xe  54   2.579639  0.339639  0.325658  0.333297 3.45282E-08
 cs  55   1.439274  0.359274  0.345292  0.352932 2.52993E-09
 ba  56   3.075427  0.895427  0.881445  0.889085 1.13103E-07
 la  57   2.018120  0.848120  0.834138  0.841778 1.00261E-08
 ce  58   2.419419  0.839419  0.825437  0.833077 2.54800E-08
 pr  59   1.377614  0.617614  0.603632  0.611272 2.32725E-09
 nd  60   2.143975  0.693975  0.679993  0.687633 1.39109E-08
 pm  61   0.000000 -9.000000  0.000000  0.000000 0.00000E+00
 sm  62   1.385433  0.445433  0.431451  0.439091 2.52847E-09
 eu  63   0.655994  0.145994  0.132013  0.139652 4.76461E-10
 gd  64   1.350013  0.300013  0.286031  0.293671 2.43723E-09
 tb  65   0.505439  0.185439  0.171457  0.179097 3.52309E-10
 dy  66   1.459926  0.329926  0.315944  0.323584 3.24393E-09
 ho  67   0.639700  0.169700  0.155718  0.163358 4.98072E-10
 er  68   1.238501  0.318501  0.304519  0.312159 2.00531E-09
 tm  69   0.391495  0.271495  0.257513  0.265153 2.88074E-10
 yb  70   1.438432  0.518432  0.504450  0.512090 3.28754E-09
 lu  71   0.545930  0.455930  0.441948  0.449588 4.25773E-10
 hf  72   1.343562  0.633562  0.619580  0.627220 2.72564E-09
 ta  73   0.434255  0.554255  0.540273  0.547913 3.40487E-10
  w  74   1.271999  0.621999  0.608018  0.615657 2.38085E-09
 re  75   0.487650  0.227650  0.213668  0.221308 3.96222E-10
 os  76   1.573301  0.223301  0.209319  0.216959 4.93030E-09
 ir  77   1.368207  0.048207  0.034225  0.041865 3.10664E-09
 pt  78   1.723922  0.103922  0.089940  0.097580 7.15192E-09
 au  79   0.927377  0.127377  0.113395  0.121035 1.15362E-09
 hg  80   1.705693  0.535693  0.521711  0.529351 7.05172E-09
 tl  81   1.129345  0.359345  0.345363  0.353003 1.90582E-09
 pb  82   2.538415  0.498415  0.484433  0.492073 4.95561E-08
 bi  83   0.732274  0.082274  0.068292  0.075932 7.81036E-10
 po  84  -0.089648 -9.000000  0.000000  0.000000 1.17704E-10
#[ls/Fe]_Thiswork =   0.6017, [hs/Fe]_Thiswork =   0.8470
#[hs/ls]_Thiswork =   0.2453, [Pb/hs]_Thiswork =  -0.3626
# Elemental abundance ratios: 
# He/H =  1.0534E-01, C/O =  7.1536E-01, N/O = 3.23916E-01
#
#  TP   Mass     Mcore    Menv    log L
# 29 2.225860 0.664675 1.561190 4.025550
# El  Z   log e(X)   [X/H]    [X/Fe]     [X/O]      X(i)
  p   1  12.000000  0.000000  0.000000  0.000000 6.96006E-01
 he   2  11.025482  0.095482  0.081500  0.089140 2.93103E-01
  c   6   8.660590  0.190590  0.176608  0.184248 3.79596E-03
  n   7   8.246822  0.376822  0.362841  0.370481 1.70734E-03
  o   8   8.738021  0.008021 -0.005960  0.000000 6.04319E-03
  f   9   4.693883  0.233883  0.219901  0.225862 6.48252E-07
 ne  10   8.054121  0.084121  0.070139  0.076100 1.57832E-03
 na  11   6.437887  0.127887  0.113905  0.119865 4.35090E-05
 mg  12   7.655426  0.015426  0.001444  0.007405 7.59057E-04
 al  13   6.495199  0.025199  0.011218  0.017178 5.82675E-05
 si  14   7.565404  0.015404  0.001422  0.007382 7.12929E-04
  p  15   5.492986  0.022986  0.009004  0.014965 6.65481E-06
  s  16   7.175179  0.015179  0.001197  0.007158 3.31408E-04
 cl  17   5.249981  0.019981  0.006000  0.011960 4.35298E-06
 ar  18   6.455018  0.015018  0.001036  0.006997 7.86441E-05
  k  19   5.096471  0.016471  0.002490  0.008450 3.37116E-06
 ca  20   6.304981  0.014981  0.000999  0.006960 5.58522E-05
 sc  21   3.075656  0.025656  0.011674  0.017635 3.69485E-08
 ti  22   4.927297  0.017297  0.003315  0.009276 2.79567E-06
  v  23   3.973269  0.013269 -0.000712  0.005248 3.30749E-07
 cr  24   5.635876 -0.004124 -0.018106 -0.012146 1.55238E-05
 mn  25   5.497621  0.017621  0.003639  0.009600 1.19302E-05
 fe  26   7.555046  0.015046  0.000000  0.007025 1.38415E-03
 co  27   4.895976  0.025976  0.010930  0.017954 3.20248E-06
 ni  28   6.215835  0.015835  0.000789  0.007814 6.66153E-05
 cu  29   4.285683  0.035683  0.020637  0.027662 8.47079E-07
 zn  30   4.660645  0.030644  0.015598  0.022623 2.06745E-06
 ga  31   3.186694  0.106694  0.091648  0.098673 7.39986E-08
 ge  32   3.660837  0.080837  0.065791  0.072816 2.29703E-07
 as  33   2.376428  0.076428  0.061382  0.068406 1.23081E-08
 se  34   3.477893  0.137893  0.122847  0.129872 1.63852E-07
 br  35   2.637492  0.097492  0.082446  0.089471 2.39449E-08
 kr  36   3.465726  0.215726  0.200680  0.207705 1.69088E-07
 rb  37   2.510333  0.150333  0.135287  0.142312 1.91113E-08
 sr  38   3.564475  0.684475  0.669429  0.676454 2.21938E-07
  y  39   2.910043  0.740043  0.724997  0.732021 4.99030E-08
 zr  40   3.318081  0.788081  0.773035  0.780060 1.31021E-07
 nb  41   2.109899  0.699899  0.684852  0.691877 8.26219E-09
 mo  42   2.556445  0.616445  0.601399  0.608424 2.38560E-08
 tc  43   0.964684 -9.000000  0.000000  0.000000 6.23824E-10
 ru  44   2.293949  0.533949  0.518903  0.525928 1.37317E-08
 rh  45   1.390467  0.330467  0.315421  0.322445 1.74607E-09
 pd  46   2.323328  0.673328  0.658282  0.665307 1.54705E-08
 ag  47   1.497312  0.297312  0.282265  0.289290 2.34076E-09
 cd  48   2.450478  0.740478  0.725431  0.732456 2.18998E-08
 in  49   1.348797  0.588797  0.573751  0.580775 1.76994E-09
 sn  50   2.862391  0.792391  0.777344  0.784369 5.97078E-08
 sb  51   1.399208  0.389208  0.374162  0.381187 2.10798E-09
 te  52   2.482785  0.302785  0.287739  0.294764 2.67786E-08
  i  53   1.715124  0.165124  0.150078  0.157103 4.54728E-09
 xe  54   2.673922  0.433922  0.418875  0.425900 4.27874E-08
 cs  55   1.529124  0.449124  0.434078  0.441103 3.10326E-09
 ba  56   3.199899  1.019899  1.004853  1.011877 1.50248E-07
 la  57   2.135770  0.965770  0.950724  0.957749 1.31112E-08
 ce  58   2.532885  0.952885  0.937838  0.944863 3.30009E-08
 pr  59   1.480164  0.720164  0.705117  0.712142 2.93936E-09
 nd  60   2.249672  0.799672  0.784626  0.791651 1.76974E-08
 pm  61   0.000000 -9.000000  0.000000  0.000000 0.00000E+00
 sm  62   1.482087  0.542087  0.527041  0.534066 3.15045E-09
 eu  63   0.694488  0.184488  0.169441  0.176466 5.19256E-10
 gd  64   1.415438  0.365438  0.350392  0.357416 2.82606E-09
 tb  65   0.551473  0.231473  0.216427  0.223451 3.90677E-10
 dy  66   1.530507  0.400507  0.385461  0.392486 3.80639E-09
 ho  67   0.682726  0.212726  0.197680  0.204705 5.48501E-10
 er  68   1.308775  0.388775  0.373729  0.380754 2.35135E-09
 tm  69   0.453555  0.333555  0.318509  0.325534 3.31456E-10
 yb  70   1.533796  0.613796  0.598750  0.605775 4.08409E-09
 lu  71   0.631895  0.541895  0.526849  0.533874 5.17612E-10
 hf  72   1.443439  0.733440  0.718393  0.725418 3.42142E-09
 ta  73   0.532035  0.652035  0.636989  0.644014 4.25345E-10
  w  74   1.370994  0.720994  0.705948  0.712972 2.98254E-09
 re  75   0.546515  0.286515  0.271468  0.278493 4.52547E-10
 os  76   1.625912  0.275912  0.260866  0.267890 5.55065E-09
 ir  77   1.380054  0.060053  0.045007  0.052032 3.18418E-09
 pt  78   1.759439  0.139439  0.124392  0.131417 7.74105E-09
 au  79   0.961878  0.161878  0.146832  0.153856 1.24573E-09
 hg  80   1.802006  0.632006  0.616960  0.623984 8.77946E-09
 tl  81   1.206545  0.436545  0.421499  0.428524 2.27061E-09
 pb  82   2.650070  0.610070  0.595024  0.602049 6.39164E-08
 bi  83   0.763797  0.113797  0.098751  0.105775 8.37634E-10
 po  84   0.085882 -9.000000  0.000000  0.000000 1.75866E-10
#[ls/Fe]_Thiswork =   0.7225, [hs/Fe]_Thiswork =   0.9645
#[hs/ls]_Thiswork =   0.2420, [Pb/hs]_Thiswork =  -0.3694
# Elemental abundance ratios: 
# He/H =  1.0604E-01, C/O =  8.3670E-01, N/O = 3.22702E-01
#
#  TP   Mass     Mcore    Menv    log L
# 30 2.218560 0.668054 1.550500 4.040220
# El  Z   log e(X)   [X/H]    [X/Fe]     [X/O]      X(i)
  p   1  12.000000  0.000000  0.000000  0.000000 6.93884E-01
 he   2  11.028859  0.098859  0.083813  0.090837 2.94491E-01
  c   6   8.727895  0.257895  0.242848  0.249873 4.41876E-03
  n   7   8.246969  0.376969  0.361923  0.368948 1.70271E-03
  o   8   8.739713  0.009713 -0.005333  0.000000 6.04828E-03
  f   9   4.760563  0.300563  0.285517  0.290850 7.53525E-07
 ne  10   8.078587  0.108587  0.093541  0.098874 1.66469E-03
 na  11   6.448648  0.138649  0.123602  0.128935 4.44645E-05
 mg  12   7.656938  0.016938  0.001892  0.007225 7.59382E-04
 al  13   6.499521  0.029521  0.014475  0.019808 5.86708E-05
 si  14   7.566763  0.016763  0.001717  0.007050 7.12984E-04
  p  15   5.496772  0.026772  0.011726  0.017059 6.69262E-06
  s  16   7.176464  0.016464  0.001418  0.006751 3.31377E-04
 cl  17   5.252804  0.022804  0.007758  0.013091 4.36801E-06
 ar  18   6.456254  0.016253  0.001207  0.006540 7.86276E-05
  k  19   5.098407  0.018407  0.003361  0.008694 3.37589E-06
 ca  20   6.306208  0.016208  0.001162  0.006495 5.58393E-05
 sc  21   3.080578  0.030578  0.015532  0.020865 3.72557E-08
 ti  22   4.929253  0.019253  0.004207  0.009540 2.79973E-06
  v  23   3.974287  0.014287 -0.000759  0.004574 3.30514E-07
 cr  24   5.637156 -0.002844 -0.017890 -0.012557 1.55222E-05
 mn  25   5.499851  0.019851  0.004805  0.010138 1.19550E-05
 fe  26   7.556286  0.016286  0.000000  0.006573 1.38387E-03
 co  27   4.900712  0.030712  0.014426  0.020998 3.22772E-06
 ni  28   6.217331  0.017331  0.001045  0.007618 6.66413E-05
 cu  29   4.293527  0.043527  0.027241  0.033813 8.59887E-07
 zn  30   4.667335  0.037335  0.021049  0.027622 2.09314E-06
 ga  31   3.216536  0.136536  0.120250  0.126822 7.90202E-08
 ge  32   3.693106  0.113106  0.096820  0.103393 2.46665E-07
 as  33   2.397776  0.097776  0.081490  0.088063 1.28888E-08
 se  34   3.524918  0.184918  0.168632  0.175205 1.82034E-07
 br  35   2.666477  0.126477  0.110191  0.116764 2.55195E-08
 kr  36   3.518359  0.268359  0.252073  0.258646 1.90291E-07
 rb  37   2.550829  0.190829  0.174543  0.181116 2.09151E-08
 sr  38   3.665723  0.785723  0.769437  0.776010 2.79352E-07
  y  39   3.014204  0.844204  0.827918  0.834491 6.32356E-08
 zr  40   3.425194  0.895194  0.878908  0.885481 1.67159E-07
 nb  41   2.213036  0.803036  0.786750  0.793322 1.04449E-08
 mo  42   2.662483  0.722483  0.706197  0.712770 3.03605E-08
 tc  43   1.067656 -9.000000  0.000000  0.000000 7.88330E-10
 ru  44   2.396732  0.636732  0.620446  0.627019 1.73453E-08
 rh  45   1.460683  0.400683  0.384397  0.390970 2.04621E-09
 pd  46   2.428630  0.778630  0.762344  0.768917 1.96553E-08
 ag  47   1.562665  0.362665  0.346379  0.352952 2.71259E-09
 cd  48   2.558479  0.848479  0.832193  0.838766 2.79972E-08
 in  49   1.446213  0.686213  0.669927  0.676500 2.20826E-09
 sn  50   2.972456  0.902456  0.886170  0.892743 7.66956E-08
 sb  51   1.495976  0.485976  0.469691  0.476263 2.62608E-09
 te  52   2.588283  0.408283  0.391997  0.398569 3.40377E-08
  i  53   1.756123  0.206123  0.189837  0.196409 4.98224E-09
 xe  54   2.758435  0.518435  0.502149  0.508722 5.18207E-08
 cs  55   1.613354  0.533354  0.517068  0.523641 3.75597E-09
 ba  56   3.302752  1.122752  1.106467  1.113039 1.89817E-07
 la  57   2.232921  1.062921  1.046635  1.053208 1.63481E-08
 ce  58   2.625818  1.045818  1.029532  1.036105 4.07505E-08
 pr  59   1.566584  0.806584  0.790298  0.796870 3.57558E-09
 nd  60   2.336685  0.886685  0.870399  0.876972 2.15575E-08
 pm  61   0.000000 -9.000000  0.000000  0.000000 0.00000E+00
 sm  62   1.562520  0.622520  0.606234  0.612807 3.77989E-09
 eu  63   0.731226  0.221226  0.204940  0.211513 5.63370E-10
 gd  64   1.473131  0.423131  0.406845  0.413418 3.21772E-09
 tb  65   0.593796  0.273796  0.257510  0.264083 4.29353E-10
 dy  66   1.592064  0.462064  0.445778  0.452351 4.37264E-09
 ho  67   0.722633  0.252633  0.236347  0.242920 5.99459E-10
 er  68   1.370848  0.450848  0.434562  0.441135 2.70435E-09
 tm  69   0.508929  0.388929  0.372643  0.379216 3.75381E-10
 yb  70   1.612870  0.692870  0.676584  0.683157 4.88476E-09
 lu  71   0.704798  0.614798  0.598512  0.605085 6.10352E-10
 hf  72   1.526386  0.816386  0.800100  0.806673 4.12882E-09
 ta  73   0.614794  0.734794  0.718508  0.725081 5.13068E-10
  w  74   1.452854  0.802854  0.786568  0.793141 3.59022E-09
 re  75   0.601654  0.341654  0.325368  0.331941 5.12244E-10
 os  76   1.673141  0.323141  0.306856  0.313428 6.16946E-09
 ir  77   1.391700  0.071700  0.055414  0.061987 3.26075E-09
 pt  78   1.792509  0.172509  0.156223  0.162796 8.32807E-09
 au  79   0.994719  0.194719  0.178433  0.185005 1.33949E-09
 hg  80   1.882188  0.712188  0.695902  0.702475 1.05275E-08
 tl  81   1.275795  0.505795  0.489509  0.496082 2.65501E-09
 pb  82   2.743988  0.703988  0.687702  0.694275 7.91051E-08
 bi  83   0.796271  0.146271  0.129985  0.136558 8.99917E-10
 po  84   0.218614 -9.000000  0.000000  0.000000 2.38005E-10
#[ls/Fe]_Thiswork =   0.8254, [hs/Fe]_Thiswork =   1.0609
#[hs/ls]_Thiswork =   0.2355, [Pb/hs]_Thiswork =  -0.3732
# Elemental abundance ratios: 
# He/H =  1.0687E-01, C/O =  9.7315E-01, N/O = 3.21556E-01
#
#  TP   Mass     Mcore    Menv    log L
# 31 1.909780 0.671225 1.238560 4.049270
# El  Z   log e(X)   [X/H]    [X/Fe]     [X/O]      X(i)
  p   1  12.000000  0.000000  0.000000  0.000000 6.91628E-01
 he   2  11.032473  0.102472  0.086186  0.092759 2.95985E-01
  c   6   8.788350  0.318350  0.302064  0.308637 5.06223E-03
  n   7   8.247172  0.377172  0.360887  0.367459 1.69797E-03
  o   8   8.741303  0.011304 -0.004982  0.000000 6.05074E-03
  f   9   4.826600  0.366600  0.350314  0.355296 8.74421E-07
 ne  10   8.103594  0.133594  0.117308  0.122290 1.75763E-03
 na  11   6.460567  0.150567  0.134281  0.139263 4.55531E-05
 mg  12   7.658609  0.018609  0.002323  0.007305 7.59831E-04
 al  13   6.504075  0.034075  0.017789  0.022771 5.90965E-05
 si  14   7.568214  0.018214  0.001928  0.006910 7.13044E-04
  p  15   5.500692  0.030692  0.014406  0.019388 6.73134E-06
  s  16   7.177835  0.017835  0.001549  0.006531 3.31343E-04
 cl  17   5.255843  0.025843  0.009557  0.014539 4.38438E-06
 ar  18   6.457570  0.017570  0.001284  0.006266 7.86098E-05
  k  19   5.100479  0.020479  0.004193  0.009175 3.38100E-06
 ca  20   6.307513  0.017513  0.001227  0.006209 5.58253E-05
 sc  21   3.085898  0.035898  0.019613  0.024595 3.75922E-08
 ti  22   4.931296  0.021297  0.005011  0.009993 2.80379E-06
  v  23   3.975347  0.015347 -0.000939  0.004043 3.30244E-07
 cr  24   5.638523 -0.001477 -0.017763 -0.012781 1.55205E-05
 mn  25   5.502293  0.022293  0.006007  0.010989 1.19834E-05
 fe  26   7.557611  0.017611  0.000000  0.006307 1.38359E-03
 co  27   4.905993  0.035994  0.018383  0.024690 3.25660E-06
 ni  28   6.218910  0.018910  0.001299  0.007607 6.66667E-05
 cu  29   4.301682  0.051682  0.034071  0.040379 8.73339E-07
 zn  30   4.674099  0.044099  0.026488  0.032795 2.11909E-06
 ga  31   3.244295  0.164295  0.146684  0.152991 8.39621E-08
 ge  32   3.723016  0.143016  0.125405  0.131712 2.63393E-07
 as  33   2.418078  0.118078  0.100467  0.106775 1.34617E-08
 se  34   3.567391  0.227391  0.209780  0.216088 2.00083E-07
 br  35   2.695429  0.155429  0.137818  0.144125 2.71900E-08
 kr  36   3.566939  0.316939  0.299328  0.305635 2.12122E-07
 rb  37   2.591126  0.231127  0.213516  0.219823 2.28740E-08
 sr  38   3.753963  0.873962  0.856351  0.862659 3.41176E-07
  y  39   3.104972  0.934972  0.917361  0.923668 7.76811E-08
 zr  40   3.516083  0.986083  0.968472  0.974779 2.05402E-07
 nb  41   2.301288  0.891288  0.873677  0.879984 1.27569E-08
 mo  42   2.750760  0.810760  0.793149  0.799456 3.70827E-08
 tc  43   1.143613 -9.000000  0.000000  0.000000 9.35946E-10
 ru  44   2.482337  0.722337  0.704726  0.711033 2.10558E-08
 rh  45   1.522563  0.462563  0.444952  0.451259 2.35188E-09
 pd  46   2.514939  0.864939  0.847328  0.853635 2.38987E-08
 ag  47   1.620496  0.420496  0.402885  0.409192 3.08888E-09
 cd  48   2.646064  0.936064  0.918453  0.924760 3.41417E-08
 in  49   1.526335  0.766335  0.748724  0.755031 2.64702E-09
 sn  50   3.059457  0.989457  0.971846  0.978153 9.34021E-08
 sb  51   1.573055  0.563055  0.545444  0.551751 3.12588E-09
 te  52   2.670618  0.490618  0.473007  0.479314 4.10092E-08
  i  53   1.792332  0.242332  0.224721  0.231028 5.39783E-09
 xe  54   2.826210  0.586210  0.568599  0.574906 6.03759E-08
 cs  55   1.683483  0.603483  0.585872  0.592179 4.39984E-09
 ba  56   3.380096  1.200096  1.182485  1.188792 2.26081E-07
 la  57   2.306172  1.136172  1.118561  1.124869 1.92888E-08
 ce  58   2.696364  1.116364  1.098753  1.105060 4.77820E-08
 pr  59   1.633663  0.873663  0.856052  0.862359 4.15921E-09
 nd  60   2.403531  0.953531  0.935920  0.942227 2.50627E-08
 pm  61   0.000000 -9.000000  0.000000  0.000000 0.00000E+00
 sm  62   1.624854  0.684854  0.667243  0.673550 4.34909E-09
 eu  63   0.762940  0.252940  0.235329  0.241637 6.04079E-10
 gd  64   1.520070  0.470070  0.452459  0.458766 3.57333E-09
 tb  65   0.629370  0.309370  0.291759  0.298066 4.64487E-10
 dy  66   1.641724  0.511724  0.494113  0.500420 4.88640E-09
 ho  67   0.756403  0.286403  0.268792  0.275099 6.45825E-10
 er  68   1.421658  0.501658  0.484047  0.490354 3.03012E-09
 tm  69   0.554523  0.434523  0.416912  0.423220 4.15579E-10
 yb  70   1.674665  0.754665  0.737054  0.743362 5.61338E-09
 lu  71   0.762655  0.672655  0.655044  0.661351 6.95062E-10
 hf  72   1.591659  0.881659  0.864048  0.870355 4.78282E-09
 ta  73   0.681017  0.801017  0.783406  0.789713 5.95639E-10
  w  74   1.517063  0.867063  0.849452  0.855759 4.14873E-09
 re  75   0.649335  0.389335  0.371724  0.378031 5.69827E-10
 os  76   1.712507  0.362507  0.344896  0.351203 6.73284E-09
 ir  77   1.402235  0.082235  0.064624  0.070931 3.32996E-09
 pt  78   1.820894  0.200894  0.183283  0.189590 8.86166E-09
 au  79   1.023439  0.223439  0.205828  0.212135 1.42641E-09
 hg  80   1.945859  0.775859  0.758248  0.764555 1.21501E-08
 tl  81   1.334298  0.564298  0.546687  0.552994 3.02799E-09
 pb  82   2.817638  0.777638  0.760027  0.766335 9.34200E-08
 bi  83   0.825647  0.175647  0.158036  0.164343 9.59764E-10
 po  84   0.313912 -9.000000  0.000000  0.000000 2.95441E-10
#[ls/Fe]_Thiswork =   0.9141, [hs/Fe]_Thiswork =   1.1333
#[hs/ls]_Thiswork =   0.2192, [Pb/hs]_Thiswork =  -0.3732
# Elemental abundance ratios: 
# He/H =  1.0776E-01, C/O =  1.1144E+00, N/O = 3.20530E-01
#
# Final abundances
# El  Z   log e(X)   [X/H]    [X/Fe]     [X/O]      X(i)
  p   1  12.000000  0.000000  0.000000  0.000000 6.89249E-01
 he   2  11.036314  0.106314  0.087298  0.093507 2.97588E-01
  c   6   8.843905  0.373905  0.354889  0.361098 5.73325E-03
  n   7   8.248014  0.378015  0.358999  0.365208 1.69541E-03
  o   8   8.742806  0.012807 -0.006209  0.000000 6.05082E-03
  f   9   4.888611  0.428611  0.409595  0.415804 1.00516E-06
 ne  10   8.124773  0.154773  0.135757  0.141966 1.83912E-03
 na  11   6.471379  0.161379  0.142364  0.148572 4.65408E-05
 mg  12   7.660399  0.020399  0.001383  0.007592 7.60345E-04
 al  13   6.508883  0.038883  0.019867  0.026076 5.95487E-05
 si  14   7.569750  0.019750  0.000734  0.006943 7.13108E-04
  p  15   5.504732  0.034732  0.015716  0.021925 6.77088E-06
  s  16   7.179286  0.019286  0.000270  0.006479 3.31309E-04
 cl  17   5.259015  0.029015  0.009999  0.016208 4.40133E-06
 ar  18   6.458964  0.018964 -0.000052  0.006157 7.85913E-05
  k  19   5.102664  0.022664  0.003648  0.009857 3.38637E-06
 ca  20   6.308895  0.018895 -0.000121  0.006088 5.58106E-05
 sc  21   3.091458  0.041458  0.022443  0.028651 3.79456E-08
 ti  22   4.933423  0.023423  0.004407  0.010616 2.80786E-06
  v  23   3.976466  0.016466 -0.002550  0.003659 3.29957E-07
 cr  24   5.639971 -0.000029 -0.019044 -0.012836 1.55187E-05
 mn  25   5.504879  0.024879  0.005863  0.012072 1.20134E-05
 fe  26   7.559016  0.019016  0.000000  0.006209 1.38330E-03
 co  27   4.911650  0.041650  0.022634  0.028843 3.28794E-06
 ni  28   6.220574  0.020574  0.001558  0.007767 6.66923E-05
 cu  29   4.310085  0.060085  0.041069  0.047278 8.87338E-07
 zn  30   4.681081  0.051081  0.032065  0.038274 2.14602E-06
 ga  31   3.271334  0.191334  0.172318  0.178527 8.90481E-08
 ge  32   3.751939  0.171939  0.152923  0.159132 2.80563E-07
 as  33   2.438085  0.138085  0.119069  0.125278 1.40479E-08
 se  34   3.606987  0.266987  0.247971  0.254180 2.18429E-07
 br  35   2.724101  0.184101  0.165085  0.171294 2.89458E-08
 kr  36   3.611958  0.361958  0.342942  0.349151 2.34481E-07
 rb  37   2.629686  0.269686  0.250671  0.256880 2.49118E-08
 sr  38   3.829729  0.949729  0.930713  0.936922 4.04807E-07
  y  39   3.182757  1.012757  0.993742  0.999950 9.25985E-08
 zr  40   3.593629  1.063629  1.044613  1.050822 2.44712E-07
 nb  41   2.377116  0.967116  0.948100  0.954309 1.51383E-08
 mo  42   2.826082  0.886082  0.867066  0.873275 4.39539E-08
 tc  43   1.204332 -9.000000  0.000000  0.000000 1.07269E-09
 ru  44   2.555768  0.795768  0.776752  0.782961 2.48488E-08
 rh  45   1.577945  0.517945  0.498929  0.505138 2.66257E-09
 pd  46   2.588501  0.938501  0.919485  0.925694 2.82124E-08
 ag  47   1.672668  0.472667  0.453652  0.459861 3.47117E-09
 cd  48   2.720416  1.010416  0.991400  0.997609 4.03776E-08
 in  49   1.595194  0.835194  0.816178  0.822387 3.09115E-09
 sn  50   3.132775  1.062775  1.043760  1.049968 1.10199E-07
 sb  51   1.638925  0.628925  0.609909  0.616118 3.62532E-09
 te  52   2.740022  0.560022  0.541006  0.547215 4.79499E-08
  i  53   1.825808  0.275808  0.256792  0.263001 5.81031E-09
 xe  54   2.884654  0.644654  0.625638  0.631847 6.88353E-08
 cs  55   1.744546  0.664546  0.645530  0.651739 5.04665E-09
 ba  56   3.444088  1.264088  1.245072  1.251281 2.61072E-07
 la  57   2.366815  1.196815  1.177799  1.184008 2.21030E-08
 ce  58   2.754847  1.174847  1.155831  1.162040 5.44816E-08
 pr  59   1.689749  0.929749  0.910733  0.916942 4.71629E-09
 nd  60   2.459225  1.009225  0.990209  0.996418 2.83940E-08
 pm  61   0.000000 -9.000000  0.000000  0.000000 0.00000E+00
 sm  62   1.676963  0.736963  0.717947  0.724156 4.88665E-09
 eu  63   0.791351  0.281351  0.262336  0.268544 6.42700E-10
 gd  64   1.560860  0.510860  0.491844  0.498053 3.91171E-09
 tb  65   0.661098  0.341098  0.322083  0.328292 4.97974E-10
 dy  66   1.684526  0.554526  0.535511  0.541720 5.37398E-09
 ho  67   0.786533  0.316533  0.297518  0.303726 6.89841E-10
 er  68   1.465588  0.545588  0.526572  0.532781 3.34113E-09
 tm  69   0.594357  0.474357  0.455342  0.461551 4.53932E-10
 yb  70   1.726584  0.806584  0.787569  0.793778 6.30445E-09
 lu  71   0.811659  0.721659  0.702643  0.708852 7.75409E-10
 hf  72   1.646358  0.936359  0.917343  0.923552 5.40616E-09
 ta  73   0.736991  0.856991  0.837975  0.844184 6.75244E-10
  w  74   1.570799  0.920799  0.901783  0.907992 4.67902E-09
 re  75   0.691564  0.431564  0.412548  0.418757 6.25858E-10
 os  76   1.747085  0.397085  0.378069  0.384278 7.26574E-09
 ir  77   1.412198  0.092198  0.073182  0.079391 3.39552E-09
 pt  78   1.846406  0.226406  0.207390  0.213599 9.36550E-09
 au  79   1.049395  0.249395  0.230379  0.236588 1.50905E-09
 hg  80   1.999333  0.829333  0.810318  0.816527 1.36949E-08
 tl  81   1.384750  0.614750  0.595735  0.601943 3.38931E-09
 pb  82   2.877604  0.837604  0.818588  0.824797 1.06883E-07
 bi  83   0.851799  0.201799  0.182783  0.188992 1.01583E-09
 po  84   0.386330 -9.000000  0.000000  0.000000 3.47850E-10
#[ls/Fe]_Thiswork =   0.9897, [hs/Fe]_Thiswork =   1.1929
#[hs/ls]_Thiswork =   0.2032, [Pb/hs]_Thiswork =  -0.3743
# Elemental abundance ratios: 
# He/H =  1.0872E-01, C/O =  1.2621E+00, N/O = 3.20043E-01
