#
# Initial mass = 2.250, Z =  0.0028, Y =  0.250, M_mix = 2.00E-03
#
# Initial abundances
# El  Z   log e(X)   [X/H]    [X/Fe]     [X/O]      X(i)
  p   1  12.000000  0.000000  0.000000  0.000000 7.53145E-01
 he   2  10.922443 -0.007557  0.710303  0.716176 2.50177E-01
  c   6   7.752133 -0.717867 -0.000007  0.005866 5.07144E-04
  n   7   7.152144 -0.717855  0.000004  0.005877 1.48562E-04
  o   8   8.006267 -0.723733 -0.005873  0.000000 1.21277E-03
  f   9   3.742134 -0.717866 -0.000006  0.005867 7.83899E-08
 ne  10   7.252139 -0.717861 -0.000001  0.005872 2.69450E-04
 na  11   5.592154 -0.717846  0.000014  0.005887 6.71601E-06
 mg  12   6.922137 -0.717863 -0.000003  0.005870 1.51793E-04
 al  13   5.752143 -0.717857  0.000003  0.005876 1.13929E-05
 si  14   6.832143 -0.717857  0.000003  0.005876 1.42578E-04
  p  15   4.752143 -0.717857  0.000003  0.005876 1.30785E-06
  s  16   6.442142 -0.717858  0.000001  0.005875 6.63118E-05
 cl  17   4.512141 -0.717859  0.000000  0.005874 8.61414E-07
 ar  18   5.722135 -0.717865 -0.000005  0.005868 1.57416E-05
  k  19   4.361567 -0.718432 -0.000573  0.005301 6.71646E-07
 ca  20   5.572127 -0.717873 -0.000013  0.005860 1.11802E-05
 sc  21   2.332141 -0.717859  0.000001  0.005874 7.21683E-09
 ti  22   4.192142 -0.717858  0.000001  0.005875 5.56668E-07
  v  23   3.241054 -0.718946 -0.001087  0.004786 6.63053E-08
 cr  24   4.902851 -0.737149 -0.019289 -0.013416 3.10627E-06
 mn  25   4.762147 -0.717853  0.000007  0.005880 2.37377E-06
 fe  26   6.822140 -0.717860  0.000000  0.005873 2.77040E-04
 co  27   4.152139 -0.717861 -0.000001  0.005872 6.25052E-07
 ni  28   5.482144 -0.717855  0.000004  0.005877 1.33091E-05
 cu  29   3.532141 -0.717859  0.000000  0.005874 1.61677E-07
 zn  30   3.912146 -0.717854  0.000005  0.005878 3.99211E-07
 ga  31   2.362142 -0.717858  0.000001  0.005875 1.19932E-08
 ge  32   2.827766 -0.752234 -0.034374 -0.028501 3.65057E-08
 as  33   1.582138 -0.717862 -0.000002  0.005871 2.13878E-09
 se  34   2.578215 -0.761785 -0.043926 -0.038052 2.23378E-08
 br  35   1.822149 -0.717851  0.000009  0.005882 3.96402E-09
 kr  36   2.530568 -0.719432 -0.001572  0.004301 2.12432E-08
 rb  37   1.642153 -0.717847  0.000013  0.005886 2.80140E-09
 sr  38   2.159709 -0.720291 -0.002431  0.003442 9.45650E-09
  y  39   1.452160 -0.717840  0.000020  0.005893 1.88152E-09
 zr  40   1.812142 -0.717858  0.000002  0.005875 4.42252E-09
 nb  41   0.692151 -0.717849  0.000011  0.005884 3.41675E-10
 mo  42   1.100959 -0.839041 -0.121181 -0.115308 9.04433E-10
 tc  43   0.000000 -9.000000  0.000000  0.000000 0.00000E+00
 ru  44   0.911195 -0.848805 -0.130945 -0.125072 6.15510E-10
 rh  45   0.342142 -0.717858  0.000002  0.005875 1.69045E-10
 pd  46   0.872957 -0.777043 -0.059183 -0.053310 5.93470E-10
 ag  47   0.482141 -0.717860  0.000000  0.005873 2.44597E-10
 cd  48   0.952420 -0.757580 -0.039720 -0.033847 7.52744E-10
 in  49   0.023100 -0.736900 -0.019040 -0.013167 9.04749E-11
 sn  50   1.289708 -0.780292 -0.062432 -0.056559 1.72828E-09
 sb  51   0.049609 -0.960391 -0.242531 -0.236658 1.01984E-10
 te  52   0.994768 -1.185232 -0.467372 -0.461499 9.41971E-10
  i  53   0.832136 -0.717864 -0.000004  0.005869 6.44213E-10
 xe  54   1.485059 -0.754941 -0.037081 -0.031208 2.99722E-09
 cs  55   0.362142 -0.717858  0.000001  0.005875 2.28613E-10
 ba  56   1.461242 -0.718758 -0.000899  0.004975 2.96768E-09
 la  57   0.451750 -0.718250 -0.000390  0.005483 2.93690E-10
 ce  58   0.860240 -0.719760 -0.001900  0.003973 7.58832E-10
 pr  59   0.042142 -0.717858  0.000002  0.005875 1.16010E-10
 nd  60   0.707139 -0.742861 -0.025001 -0.019128 5.49089E-10
 pm  61   0.000000 -9.000000  0.000000  0.000000 0.00000E+00
 sm  62   0.092433 -0.847567 -0.129707 -0.123834 1.38990E-10
 eu  63  -0.207857 -0.717857  0.000003  0.005876 7.03563E-11
 gd  64   0.332143 -0.717857  0.000003  0.005876 2.52436E-10
 tb  65  -0.397854 -0.717854  0.000006  0.005879 4.75070E-11
 dy  66   0.411488 -0.718512 -0.000653  0.005221 3.13155E-10
 ho  67  -0.247858 -0.717858  0.000002  0.005875 6.96403E-11
 er  68   0.194519 -0.725481 -0.007621 -0.001748 1.95581E-10
 tm  69  -0.597858 -0.717858  0.000001  0.005875 3.18623E-11
 yb  70   0.141113 -0.778887 -0.061027 -0.055154 1.78928E-10
 lu  71  -0.627858 -0.717858  0.000002  0.005875 3.07975E-11
 hf  72  -0.008569 -0.718569 -0.000709  0.005164 1.30757E-10
 ta  73  -0.837912 -0.717912 -0.000052  0.005821 1.96363E-11
  w  74  -0.068380 -0.718380 -0.000521  0.005353 1.17349E-10
 re  75  -0.457860 -0.717860  0.000000  0.005873 4.84791E-11
 os  76   0.632057 -0.717943 -0.000083  0.005790 6.09192E-10
 ir  77   0.602143 -0.717857  0.000003  0.005876 5.74585E-10
 pt  78   0.869803 -0.750197 -0.032337 -0.026464 1.08001E-09
 au  79   0.082144 -0.717856  0.000004  0.005877 1.77810E-10
 hg  80   0.420526 -0.749474 -0.031615 -0.025741 3.94688E-10
 tl  81   0.052142 -0.717858  0.000002  0.005875 1.72189E-10
 pb  82   1.322138 -0.717862 -0.000002  0.005871 3.25047E-09
 bi  83  -0.067855 -0.717855  0.000005  0.005878 1.33557E-10
 po  84   0.000000 -9.000000  0.000000  0.000000 0.00000E+00
#[ls/Fe]_Thiswork =  -0.0008, [hs/Fe]_Thiswork =  -0.0011
#[hs/ls]_Thiswork =  -0.0003, [Pb/hs]_Thiswork =   0.0011
# Elemental abundance ratios: 
# He/H =  8.3646E-02, C/O =  5.5702E-01, N/O = 1.39919E-01
#
#
# During TP-AGB
#  TP   Mass     Mcore    Menv    log L
#  1 2.249980 0.570631 1.679350 3.433060
# El  Z   log e(X)   [X/H]    [X/Fe]     [X/O]      X(i)
  p   1  12.000000  0.000000  0.000000  0.000000 7.39886E-01
 he   2  10.952470  0.022470  0.740329  0.746202 2.63366E-01
  c   6   7.505165 -0.964835 -0.246975 -0.241102 2.82130E-04
  n   7   7.623878 -0.246121  0.471738  0.477612 4.32442E-04
  o   8   8.005118 -0.724881 -0.007021  0.000000 1.18827E-03
  f   9   3.719972 -0.740028 -0.022169 -0.015147 7.31786E-08
 ne  10   7.255484 -0.714516  0.003344  0.010365 2.66753E-04
 na  11   5.763646 -0.546354  0.171505  0.178527 9.79240E-06
 mg  12   6.929853 -0.710147  0.007713  0.014734 1.51794E-04
 al  13   5.759910 -0.710090  0.007770  0.014791 1.13943E-05
 si  14   6.839863 -0.710137  0.007722  0.014744 1.42579E-04
  p  15   4.759862 -0.710137  0.007722  0.014744 1.30787E-06
  s  16   6.449861 -0.710139  0.007720  0.014742 6.63126E-05
 cl  17   4.519860 -0.710140  0.007720  0.014741 8.61424E-07
 ar  18   5.729855 -0.710145  0.007714  0.014736 1.57418E-05
  k  19   4.369265 -0.710735  0.007125  0.014146 6.71621E-07
 ca  20   5.579847 -0.710153  0.007707  0.014729 1.11804E-05
 sc  21   2.339860 -0.710140  0.007720  0.014741 7.21692E-09
 ti  22   4.199861 -0.710139  0.007721  0.014742 5.56675E-07
  v  23   3.248773 -0.711227  0.006632  0.013654 6.63061E-08
 cr  24   4.910570 -0.729430 -0.011570 -0.004549 3.10631E-06
 mn  25   4.769866 -0.710134  0.007726  0.014748 2.37380E-06
 fe  26   6.829860 -0.710140  0.000000  0.014741 2.77044E-04
 co  27   4.159858 -0.710142 -0.000001  0.014740 6.25059E-07
 ni  28   5.489863 -0.710136  0.000004  0.014745 1.33093E-05
 cu  29   3.539861 -0.710139  0.000001  0.014742 1.61679E-07
 zn  30   3.919866 -0.710135  0.000006  0.014747 3.99216E-07
 ga  31   2.369861 -0.710139  0.000001  0.014742 1.19934E-08
 ge  32   2.835485 -0.744514 -0.034374 -0.019633 3.65061E-08
 as  33   1.589858 -0.710142 -0.000002  0.014739 2.13881E-09
 se  34   2.585934 -0.754066 -0.043926 -0.029185 2.23380E-08
 br  35   1.829869 -0.710131  0.000010  0.014750 3.96407E-09
 kr  36   2.538288 -0.711712 -0.001572  0.013169 2.12435E-08
 rb  37   1.648550 -0.711450 -0.001310  0.013431 2.79292E-09
 sr  38   2.167830 -0.712171 -0.002030  0.012711 9.46535E-09
  y  39   1.459880 -0.710120  0.000020  0.014761 1.88155E-09
 zr  40   1.819861 -0.710139  0.000002  0.014743 4.42258E-09
 nb  41   0.699870 -0.710130  0.000010  0.014751 3.41679E-10
 mo  42   1.108678 -0.831322 -0.121182 -0.106441 9.04444E-10
 tc  43   0.000000 -9.000000  0.000000  0.000000 8.39042E-25
 ru  44   0.918914 -0.841086 -0.130946 -0.116205 6.15517E-10
 rh  45   0.349861 -0.710139  0.000001  0.014742 1.69047E-10
 pd  46   0.880676 -0.769324 -0.059183 -0.044443 5.93477E-10
 ag  47   0.489861 -0.710140  0.000001  0.014742 2.44600E-10
 cd  48   0.960139 -0.749861 -0.039721 -0.024980 7.52754E-10
 in  49   0.030820 -0.729180 -0.019040 -0.004299 9.04761E-11
 sn  50   1.297427 -0.772573 -0.062433 -0.047692 1.72830E-09
 sb  51   0.057329 -0.952671 -0.242531 -0.227790 1.01985E-10
 te  52   1.002488 -1.177512 -0.467372 -0.452631 9.41983E-10
  i  53   0.839855 -0.710145 -0.000005  0.014736 6.44221E-10
 xe  54   1.492779 -0.747221 -0.037081 -0.022340 2.99726E-09
 cs  55   0.369862 -0.710138  0.000002  0.014743 2.28616E-10
 ba  56   1.468962 -0.711038 -0.000898  0.013843 2.96771E-09
 la  57   0.459469 -0.710531 -0.000391  0.014350 2.93694E-10
 ce  58   0.867959 -0.712041 -0.001901  0.012840 7.58842E-10
 pr  59   0.049861 -0.710139  0.000001  0.014742 1.16012E-10
 nd  60   0.714858 -0.735142 -0.025002 -0.010261 5.49096E-10
 pm  61   0.000000 -9.000000  0.000000  0.000000 0.00000E+00
 sm  62   0.100152 -0.839848 -0.129708 -0.114967 1.38992E-10
 eu  63  -0.200137 -0.710137  0.000003  0.014744 7.03572E-11
 gd  64   0.339863 -0.710137  0.000003  0.014744 2.52440E-10
 tb  65  -0.390134 -0.710134  0.000006  0.014747 4.75076E-11
 dy  66   0.419208 -0.710792 -0.000652  0.014089 3.13159E-10
 ho  67  -0.240138 -0.710138  0.000002  0.014743 6.96412E-11
 er  68   0.202239 -0.717761 -0.007621  0.007120 1.95584E-10
 tm  69  -0.590139 -0.710139  0.000001  0.014742 3.18627E-11
 yb  70   0.148833 -0.771167 -0.061027 -0.046286 1.78930E-10
 lu  71  -0.620308 -0.710308 -0.000168  0.014573 3.07860E-11
 hf  72  -0.000808 -0.710808 -0.000668  0.014073 1.30771E-10
 ta  73  -0.830192 -0.710192 -0.000051  0.014690 1.96366E-11
  w  74  -0.060660 -0.710660 -0.000520  0.014221 1.17350E-10
 re  75  -0.453665 -0.713665 -0.003525  0.011216 4.80878E-11
 os  76   0.640061 -0.709939  0.000202  0.014943 6.09600E-10
 ir  77   0.609863 -0.710137  0.000003  0.014744 5.74592E-10
 pt  78   0.877522 -0.742478 -0.032337 -0.017596 1.08003E-09
 au  79   0.089864 -0.710136  0.000004  0.014745 1.77812E-10
 hg  80   0.428246 -0.741754 -0.031614 -0.016873 3.94693E-10
 tl  81   0.059862 -0.710138  0.000002  0.014743 1.72191E-10
 pb  82   1.329858 -0.710142 -0.000002  0.014739 3.25051E-09
 bi  83  -0.060136 -0.710136  0.000004  0.014745 1.33559E-10
 po  84   0.000000 -9.000000  0.000000  0.000000 3.42714E-25
#[ls/Fe]_Thiswork =  -0.0007, [hs/Fe]_Thiswork =  -0.0011
#[hs/ls]_Thiswork =  -0.0004, [Pb/hs]_Thiswork =   0.0011
# Elemental abundance ratios: 
# He/H =  8.9633E-02, C/O =  3.1626E-01, N/O = 4.15681E-01
#
#  TP   Mass     Mcore    Menv    log L
#  2 2.249980 0.574198 1.675780 3.522360
# El  Z   log e(X)   [X/H]    [X/Fe]     [X/O]      X(i)
  p   1  12.000000  0.000000  0.000000  0.000000 7.39860E-01
 he   2  10.952527  0.022527  0.732667  0.747408 2.63392E-01
  c   6   7.504925 -0.965075 -0.254935 -0.240194 2.81964E-04
  n   7   7.624293 -0.245707  0.464434  0.479175 4.32840E-04
  o   8   8.005048 -0.724952 -0.014812  0.000000 1.18804E-03
  f   9   3.719823 -0.740177 -0.030037 -0.015225 7.31510E-08
 ne  10   7.255486 -0.714514 -0.004374  0.010438 2.66745E-04
 na  11   5.764060 -0.545940  0.164200  0.179011 9.80140E-06
 mg  12   6.929868 -0.710132  0.000008  0.014820 1.51793E-04
 al  13   5.759936 -0.710063  0.000077  0.014888 1.13946E-05
 si  14   6.839878 -0.710122  0.000018  0.014830 1.42579E-04
  p  15   4.759877 -0.710123  0.000018  0.014829 1.30787E-06
  s  16   6.449876 -0.710124  0.000016  0.014828 6.63126E-05
 cl  17   4.519875 -0.710125  0.000015  0.014827 8.61424E-07
 ar  18   5.729870 -0.710130  0.000010  0.014822 1.57418E-05
  k  19   4.369280 -0.710720 -0.000579  0.014232 6.71621E-07
 ca  20   5.579863 -0.710137  0.000003  0.014814 1.11804E-05
 sc  21   2.339875 -0.710125  0.000015  0.014827 7.21692E-09
 ti  22   4.199876 -0.710124  0.000017  0.014828 5.56675E-07
  v  23   3.248788 -0.711212 -0.001072  0.013740 6.63061E-08
 cr  24   4.910585 -0.729415 -0.019275 -0.004463 3.10631E-06
 mn  25   4.769882 -0.710118  0.000022  0.014833 2.37380E-06
 fe  26   6.829875 -0.710125  0.000000  0.014827 2.77044E-04
 co  27   4.159873 -0.710126 -0.000001  0.014825 6.25059E-07
 ni  28   5.489879 -0.710121  0.000004  0.014831 1.33093E-05
 cu  29   3.539876 -0.710124  0.000001  0.014828 1.61679E-07
 zn  30   3.919881 -0.710119  0.000006  0.014832 3.99216E-07
 ga  31   2.369876 -0.710124  0.000001  0.014828 1.19934E-08
 ge  32   2.835501 -0.744499 -0.034374 -0.019547 3.65061E-08
 as  33   1.589873 -0.710127 -0.000002  0.014825 2.13881E-09
 se  34   2.585949 -0.754051 -0.043926 -0.029099 2.23380E-08
 br  35   1.829885 -0.710115  0.000010  0.014836 3.96407E-09
 kr  36   2.538303 -0.711697 -0.001572  0.013255 2.12435E-08
 rb  37   1.648565 -0.711435 -0.001310  0.013517 2.79292E-09
 sr  38   2.167845 -0.712155 -0.002030  0.012796 9.46535E-09
  y  39   1.459895 -0.710105  0.000020  0.014847 1.88155E-09
 zr  40   1.819877 -0.710123  0.000002  0.014828 4.42258E-09
 nb  41   0.699885 -0.710115  0.000010  0.014837 3.41679E-10
 mo  42   1.108693 -0.831307 -0.121182 -0.106355 9.04444E-10
 tc  43   0.000000 -9.000000  0.000000  0.000000 1.04258E-24
 ru  44   0.918929 -0.841071 -0.130946 -0.116119 6.15517E-10
 rh  45   0.349876 -0.710124  0.000001  0.014828 1.69047E-10
 pd  46   0.880692 -0.769308 -0.059183 -0.044357 5.93477E-10
 ag  47   0.489876 -0.710124  0.000001  0.014827 2.44600E-10
 cd  48   0.960155 -0.749846 -0.039721 -0.024894 7.52754E-10
 in  49   0.030834 -0.729166 -0.019041 -0.004214 9.04761E-11
 sn  50   1.297442 -0.772557 -0.062433 -0.047606 1.72830E-09
 sb  51   0.057344 -0.952656 -0.242531 -0.227704 1.01985E-10
 te  52   1.002503 -1.177497 -0.467372 -0.452545 9.41983E-10
  i  53   0.839870 -0.710129 -0.000005  0.014822 6.44221E-10
 xe  54   1.492794 -0.747206 -0.037081 -0.022254 2.99726E-09
 cs  55   0.369876 -0.710124  0.000001  0.014828 2.28616E-10
 ba  56   1.468977 -0.711023 -0.000898  0.013929 2.96771E-09
 la  57   0.459484 -0.710516 -0.000391  0.014436 2.93694E-10
 ce  58   0.867974 -0.712026 -0.001901  0.012926 7.58842E-10
 pr  59   0.049876 -0.710124  0.000001  0.014828 1.16012E-10
 nd  60   0.714873 -0.735127 -0.025002 -0.010175 5.49096E-10
 pm  61   0.000000 -9.000000  0.000000  0.000000 0.00000E+00
 sm  62   0.100167 -0.839833 -0.129708 -0.114881 1.38992E-10
 eu  63  -0.200122 -0.710122  0.000003  0.014830 7.03572E-11
 gd  64   0.339877 -0.710123  0.000002  0.014829 2.52440E-10
 tb  65  -0.390119 -0.710119  0.000006  0.014833 4.75076E-11
 dy  66   0.419223 -0.710777 -0.000652  0.014175 3.13159E-10
 ho  67  -0.240123 -0.710123  0.000002  0.014829 6.96412E-11
 er  68   0.202253 -0.717747 -0.007622  0.007205 1.95584E-10
 tm  69  -0.590124 -0.710124  0.000001  0.014828 3.18627E-11
 yb  70   0.148849 -0.771151 -0.061027 -0.046200 1.78930E-10
 lu  71  -0.620293 -0.710293 -0.000168  0.014659 3.07860E-11
 hf  72  -0.000793 -0.710792 -0.000668  0.014159 1.30771E-10
 ta  73  -0.830177 -0.710177 -0.000052  0.014774 1.96366E-11
  w  74  -0.060645 -0.710645 -0.000520  0.014307 1.17350E-10
 re  75  -0.453650 -0.713650 -0.003525  0.011301 4.80878E-11
 os  76   0.640077 -0.709923  0.000202  0.015028 6.09600E-10
 ir  77   0.609879 -0.710122  0.000003  0.014830 5.74592E-10
 pt  78   0.877538 -0.742462 -0.032337 -0.017511 1.08003E-09
 au  79   0.089879 -0.710121  0.000004  0.014831 1.77812E-10
 hg  80   0.428261 -0.741739 -0.031614 -0.016787 3.94693E-10
 tl  81   0.059877 -0.710123  0.000002  0.014829 1.72191E-10
 pb  82   1.329873 -0.710127 -0.000002  0.014825 3.25051E-09
 bi  83  -0.060121 -0.710121  0.000004  0.014831 1.33559E-10
 po  84   0.000000 -9.000000  0.000000  0.000000 3.88204E-25
#[ls/Fe]_Thiswork =  -0.0007, [hs/Fe]_Thiswork =  -0.0011
#[hs/ls]_Thiswork =  -0.0004, [Pb/hs]_Thiswork =   0.0011
# Elemental abundance ratios: 
# He/H =  8.9645E-02, C/O =  3.1614E-01, N/O = 4.16145E-01
#
#  TP   Mass     Mcore    Menv    log L
#  3 2.249980 0.578967 1.671010 3.588740
# El  Z   log e(X)   [X/H]    [X/Fe]     [X/O]      X(i)
  p   1  12.000000  0.000000  0.000000  0.000000 7.39959E-01
 he   2  10.952308  0.022307  0.732432  0.747259 2.63294E-01
  c   6   7.507420 -0.962580 -0.252455 -0.237628 2.83626E-04
  n   7   7.622124 -0.247876  0.462249  0.477076 4.30741E-04
  o   8   8.005056 -0.724943 -0.014818  0.000000 1.18822E-03
  f   9   3.719995 -0.740005 -0.029880 -0.015061 7.31898E-08
 ne  10   7.255461 -0.714539 -0.004414  0.010404 2.66765E-04
 na  11   5.762987 -0.547013  0.163112  0.177930 9.77852E-06
 mg  12   6.929810 -0.710190 -0.000065  0.014753 1.51793E-04
 al  13   5.759877 -0.710123  0.000002  0.014821 1.13946E-05
 si  14   6.839820 -0.710180 -0.000055  0.014763 1.42579E-04
  p  15   4.759820 -0.710180 -0.000055  0.014763 1.30787E-06
  s  16   6.449818 -0.710182 -0.000057  0.014761 6.63126E-05
 cl  17   4.519817 -0.710183 -0.000058  0.014760 8.61424E-07
 ar  18   5.729812 -0.710188 -0.000063  0.014755 1.57418E-05
  k  19   4.369222 -0.710778 -0.000653  0.014165 6.71621E-07
 ca  20   5.579804 -0.710196 -0.000071  0.014748 1.11804E-05
 sc  21   2.339817 -0.710183 -0.000058  0.014760 7.21692E-09
 ti  22   4.199819 -0.710181 -0.000056  0.014762 5.56675E-07
  v  23   3.248731 -0.711269 -0.001144  0.013674 6.63061E-08
 cr  24   4.910527 -0.729473 -0.019348 -0.004529 3.10631E-06
 mn  25   4.769824 -0.710176 -0.000051  0.014767 2.37380E-06
 fe  26   6.829817 -0.710183  0.000000  0.014760 2.77044E-04
 co  27   4.159816 -0.710184 -0.000001  0.014759 6.25059E-07
 ni  28   5.489821 -0.710179  0.000004  0.014764 1.33093E-05
 cu  29   3.539818 -0.710182  0.000000  0.014761 1.61679E-07
 zn  30   3.919823 -0.710177  0.000005  0.014766 3.99216E-07
 ga  31   2.369819 -0.710181  0.000001  0.014762 1.19934E-08
 ge  32   2.835443 -0.744557 -0.034375 -0.019614 3.65061E-08
 as  33   1.589815 -0.710185 -0.000002  0.014758 2.13881E-09
 se  34   2.585891 -0.754109 -0.043926 -0.029166 2.23380E-08
 br  35   1.829826 -0.710174  0.000009  0.014770 3.96407E-09
 kr  36   2.538245 -0.711755 -0.001572  0.013188 2.12435E-08
 rb  37   1.648507 -0.711493 -0.001310  0.013450 2.79292E-09
 sr  38   2.167787 -0.712214 -0.002031  0.012730 9.46535E-09
  y  39   1.459837 -0.710163  0.000020  0.014780 1.88155E-09
 zr  40   1.819819 -0.710181  0.000002  0.014763 4.42258E-09
 nb  41   0.699827 -0.710173  0.000010  0.014770 3.41679E-10
 mo  42   1.108635 -0.831365 -0.121182 -0.106422 9.04444E-10
 tc  43   0.000000 -9.000000  0.000000  0.000000 6.47775E-25
 ru  44   0.918871 -0.841129 -0.130946 -0.116186 6.15517E-10
 rh  45   0.349819 -0.710181  0.000002  0.014762 1.69047E-10
 pd  46   0.880634 -0.769366 -0.059183 -0.044423 5.93477E-10
 ag  47   0.489818 -0.710182  0.000000  0.014761 2.44600E-10
 cd  48   0.960097 -0.749903 -0.039720 -0.024960 7.52754E-10
 in  49   0.030777 -0.729223 -0.019040 -0.004280 9.04761E-11
 sn  50   1.297384 -0.772616 -0.062433 -0.047673 1.72830E-09
 sb  51   0.057286 -0.952714 -0.242531 -0.227771 1.01985E-10
 te  52   1.002445 -1.177555 -0.467372 -0.452612 9.41983E-10
  i  53   0.839812 -0.710188 -0.000005  0.014755 6.44221E-10
 xe  54   1.492736 -0.747264 -0.037081 -0.022321 2.99726E-09
 cs  55   0.369819 -0.710181  0.000001  0.014762 2.28616E-10
 ba  56   1.468919 -0.711081 -0.000899  0.013862 2.96771E-09
 la  57   0.459427 -0.710573 -0.000390  0.014370 2.93694E-10
 ce  58   0.867916 -0.712084 -0.001901  0.012859 7.58842E-10
 pr  59   0.049819 -0.710181  0.000002  0.014762 1.16012E-10
 nd  60   0.714815 -0.735185 -0.025002 -0.010242 5.49096E-10
 pm  61   0.000000 -9.000000  0.000000  0.000000 0.00000E+00
 sm  62   0.100110 -0.839890 -0.129707 -0.114947 1.38992E-10
 eu  63  -0.200179 -0.710179  0.000004  0.014764 7.03572E-11
 gd  64   0.339820 -0.710180  0.000003  0.014763 2.52440E-10
 tb  65  -0.390177 -0.710177  0.000006  0.014766 4.75076E-11
 dy  66   0.419165 -0.710835 -0.000653  0.014108 3.13159E-10
 ho  67  -0.240181 -0.710181  0.000002  0.014762 6.96412E-11
 er  68   0.202196 -0.717804 -0.007621  0.007139 1.95584E-10
 tm  69  -0.590182 -0.710182  0.000000  0.014761 3.18627E-11
 yb  70   0.148790 -0.771210 -0.061027 -0.046266 1.78930E-10
 lu  71  -0.620351 -0.710351 -0.000168  0.014592 3.07860E-11
 hf  72  -0.000851 -0.710851 -0.000668  0.014093 1.30771E-10
 ta  73  -0.830235 -0.710235 -0.000052  0.014709 1.96366E-11
  w  74  -0.060703 -0.710703 -0.000521  0.014240 1.17350E-10
 re  75  -0.453710 -0.713710 -0.003527  0.011234 4.80877E-11
 os  76   0.640019 -0.709981  0.000202  0.014963 6.09600E-10
 ir  77   0.609820 -0.710180  0.000003  0.014763 5.74592E-10
 pt  78   0.877480 -0.742520 -0.032338 -0.017577 1.08003E-09
 au  79   0.089822 -0.710178  0.000004  0.014765 1.77812E-10
 hg  80   0.428203 -0.741797 -0.031615 -0.016854 3.94693E-10
 tl  81   0.059819 -0.710181  0.000002  0.014762 1.72191E-10
 pb  82   1.329815 -0.710185 -0.000002  0.014758 3.25051E-09
 bi  83  -0.060178 -0.710178  0.000005  0.014765 1.33559E-10
 po  84   0.000000 -9.000000  0.000000  0.000000 3.85456E-25
#[ls/Fe]_Thiswork =  -0.0007, [hs/Fe]_Thiswork =  -0.0011
#[hs/ls]_Thiswork =  -0.0004, [Pb/hs]_Thiswork =   0.0011
# Elemental abundance ratios: 
# He/H =  8.9600E-02, C/O =  3.1795E-01, N/O = 4.14064E-01
#
#  TP   Mass     Mcore    Menv    log L
#  4 2.249980 0.584693 1.665280 3.640390
# El  Z   log e(X)   [X/H]    [X/Fe]     [X/O]      X(i)
  p   1  12.000000  0.000000  0.000000  0.000000 7.39960E-01
 he   2  10.952307  0.022306  0.732489  0.747250 2.63293E-01
  c   6   7.507375 -0.962625 -0.252442 -0.237682 2.83597E-04
  n   7   7.622159 -0.247841  0.462342  0.477102 4.30776E-04
  o   8   8.005056 -0.724943 -0.014760  0.000000 1.18822E-03
  f   9   3.719989 -0.740011 -0.029829 -0.015068 7.31888E-08
 ne  10   7.255461 -0.714539 -0.004356  0.010404 2.66765E-04
 na  11   5.762987 -0.547013  0.163170  0.177930 9.77853E-06
 mg  12   6.929810 -0.710190 -0.000008  0.014753 1.51793E-04
 al  13   5.759876 -0.710124  0.000059  0.014819 1.13946E-05
 si  14   6.839819 -0.710181  0.000002  0.014762 1.42579E-04
  p  15   4.759819 -0.710181  0.000002  0.014762 1.30787E-06
  s  16   6.449818 -0.710182  0.000000  0.014761 6.63126E-05
 cl  17   4.519817 -0.710183  0.000000  0.014760 8.61424E-07
 ar  18   5.729811 -0.710189 -0.000006  0.014754 1.57418E-05
  k  19   4.369222 -0.710778 -0.000595  0.014165 6.71621E-07
 ca  20   5.579804 -0.710196 -0.000013  0.014748 1.11804E-05
 sc  21   2.339817 -0.710183  0.000000  0.014760 7.21692E-09
 ti  22   4.199818 -0.710182  0.000001  0.014761 5.56675E-07
  v  23   3.248730 -0.711270 -0.001088  0.013673 6.63061E-08
 cr  24   4.910527 -0.729473 -0.019290 -0.004530 3.10631E-06
 mn  25   4.769824 -0.710176  0.000006  0.014767 2.37380E-06
 fe  26   6.829817 -0.710183  0.000000  0.014760 2.77044E-04
 co  27   4.159815 -0.710185 -0.000001  0.014759 6.25059E-07
 ni  28   5.489820 -0.710179  0.000004  0.014764 1.33093E-05
 cu  29   3.539818 -0.710182  0.000001  0.014761 1.61679E-07
 zn  30   3.919823 -0.710177  0.000006  0.014766 3.99216E-07
 ga  31   2.369818 -0.710182  0.000001  0.014761 1.19934E-08
 ge  32   2.835443 -0.744557 -0.034374 -0.019614 3.65061E-08
 as  33   1.589815 -0.710185 -0.000002  0.014758 2.13881E-09
 se  34   2.585891 -0.754109 -0.043926 -0.029166 2.23380E-08
 br  35   1.829825 -0.710175  0.000009  0.014769 3.96407E-09
 kr  36   2.538245 -0.711755 -0.001572  0.013188 2.12435E-08
 rb  37   1.648506 -0.711494 -0.001311  0.013449 2.79291E-09
 sr  38   2.167787 -0.712214 -0.002030  0.012730 9.46536E-09
  y  39   1.459837 -0.710163  0.000020  0.014780 1.88155E-09
 zr  40   1.819818 -0.710181  0.000002  0.014762 4.42258E-09
 nb  41   0.699827 -0.710173  0.000010  0.014770 3.41679E-10
 mo  42   1.108635 -0.831365 -0.121182 -0.106422 9.04444E-10
 tc  43   0.000000 -9.000000  0.000000  0.000000 3.96840E-25
 ru  44   0.918871 -0.841129 -0.130946 -0.116186 6.15517E-10
 rh  45   0.349818 -0.710182  0.000001  0.014761 1.69047E-10
 pd  46   0.880633 -0.769367 -0.059183 -0.044423 5.93477E-10
 ag  47   0.489817 -0.710183  0.000000  0.014760 2.44600E-10
 cd  48   0.960096 -0.749904 -0.039721 -0.024961 7.52754E-10
 in  49   0.030776 -0.729224 -0.019041 -0.004281 9.04761E-11
 sn  50   1.297384 -0.772616 -0.062433 -0.047673 1.72830E-09
 sb  51   0.057286 -0.952714 -0.242531 -0.227771 1.01985E-10
 te  52   1.002445 -1.177555 -0.467372 -0.452612 9.41983E-10
  i  53   0.839812 -0.710188 -0.000005  0.014755 6.44221E-10
 xe  54   1.492736 -0.747264 -0.037081 -0.022321 2.99726E-09
 cs  55   0.369818 -0.710182  0.000001  0.014761 2.28616E-10
 ba  56   1.468919 -0.711081 -0.000898  0.013862 2.96771E-09
 la  57   0.459426 -0.710574 -0.000391  0.014369 2.93694E-10
 ce  58   0.867916 -0.712084 -0.001901  0.012859 7.58842E-10
 pr  59   0.049818 -0.710182  0.000001  0.014761 1.16012E-10
 nd  60   0.714815 -0.735185 -0.025002 -0.010242 5.49096E-10
 pm  61   0.000000 -9.000000  0.000000  0.000000 0.00000E+00
 sm  62   0.100109 -0.839891 -0.129708 -0.114948 1.38992E-10
 eu  63  -0.200180 -0.710180  0.000003  0.014763 7.03572E-11
 gd  64   0.339819 -0.710181  0.000002  0.014762 2.52440E-10
 tb  65  -0.390177 -0.710177  0.000006  0.014766 4.75076E-11
 dy  66   0.419164 -0.710836 -0.000653  0.014107 3.13159E-10
 ho  67  -0.240181 -0.710181  0.000002  0.014762 6.96412E-11
 er  68   0.202195 -0.717805 -0.007622  0.007138 1.95584E-10
 tm  69  -0.590182 -0.710182  0.000001  0.014761 3.18627E-11
 yb  70   0.148790 -0.771210 -0.061027 -0.046266 1.78930E-10
 lu  71  -0.620351 -0.710351 -0.000168  0.014592 3.07860E-11
 hf  72  -0.000851 -0.710851 -0.000668  0.014093 1.30771E-10
 ta  73  -0.830235 -0.710235 -0.000052  0.014708 1.96366E-11
  w  74  -0.060703 -0.710703 -0.000520  0.014240 1.17350E-10
 re  75  -0.453711 -0.713711 -0.003527  0.011233 4.80876E-11
 os  76   0.640018 -0.709982  0.000202  0.014962 6.09600E-10
 ir  77   0.609820 -0.710180  0.000003  0.014763 5.74592E-10
 pt  78   0.877480 -0.742520 -0.032337 -0.017577 1.08003E-09
 au  79   0.089821 -0.710179  0.000004  0.014764 1.77812E-10
 hg  80   0.428203 -0.741797 -0.031614 -0.016854 3.94693E-10
 tl  81   0.059819 -0.710181  0.000002  0.014762 1.72191E-10
 pb  82   1.329815 -0.710185 -0.000002  0.014758 3.25051E-09
 bi  83  -0.060179 -0.710179  0.000004  0.014764 1.33559E-10
 po  84   0.000000 -9.000000  0.000000  0.000000 3.85438E-25
#[ls/Fe]_Thiswork =  -0.0007, [hs/Fe]_Thiswork =  -0.0011
#[hs/ls]_Thiswork =  -0.0004, [Pb/hs]_Thiswork =   0.0011
# Elemental abundance ratios: 
# He/H =  8.9600E-02, C/O =  3.1792E-01, N/O = 4.14098E-01
#
#  TP   Mass     Mcore    Menv    log L
#  5 2.249970 0.591227 1.658740 3.684840
# El  Z   log e(X)   [X/H]    [X/Fe]     [X/O]      X(i)
  p   1  12.000000  0.000000  0.000000  0.000000 7.40085E-01
 he   2  10.952026  0.022026  0.732209  0.746969 2.63168E-01
  c   6   7.510468 -0.959532 -0.249349 -0.234589 2.85672E-04
  n   7   7.619465 -0.250535  0.459648  0.474408 4.28185E-04
  o   8   8.005054 -0.724946 -0.014763  0.000000 1.18841E-03
  f   9   3.720161 -0.739839 -0.029655 -0.014893 7.32302E-08
 ne  10   7.255427 -0.714573 -0.004390  0.010373 2.66790E-04
 na  11   5.761658 -0.548342  0.161841  0.176604 9.75031E-06
 mg  12   6.929735 -0.710265 -0.000082  0.014681 1.51793E-04
 al  13   5.759809 -0.710191 -0.000008  0.014755 1.13947E-05
 si  14   6.839746 -0.710255 -0.000072  0.014691 1.42579E-04
  p  15   4.759745 -0.710255 -0.000072  0.014691 1.30787E-06
  s  16   6.449744 -0.710256 -0.000073  0.014690 6.63126E-05
 cl  17   4.519743 -0.710257 -0.000074  0.014689 8.61424E-07
 ar  18   5.729737 -0.710263 -0.000080  0.014683 1.57418E-05
  k  19   4.369148 -0.710852 -0.000669  0.014094 6.71620E-07
 ca  20   5.579731 -0.710269 -0.000086  0.014677 1.11804E-05
 sc  21   2.339743 -0.710257 -0.000074  0.014689 7.21692E-09
 ti  22   4.199744 -0.710256 -0.000072  0.014690 5.56675E-07
  v  23   3.248656 -0.711344 -0.001161  0.013602 6.63061E-08
 cr  24   4.910453 -0.729547 -0.019364 -0.004601 3.10631E-06
 mn  25   4.769750 -0.710250 -0.000067  0.014696 2.37380E-06
 fe  26   6.829743 -0.710257  0.000000  0.014689 2.77044E-04
 co  27   4.159741 -0.710258 -0.000001  0.014688 6.25059E-07
 ni  28   5.489747 -0.710253  0.000004  0.014693 1.33093E-05
 cu  29   3.539743 -0.710257  0.000000  0.014689 1.61679E-07
 zn  30   3.919748 -0.710252  0.000005  0.014694 3.99215E-07
 ga  31   2.369744 -0.710256  0.000001  0.014690 1.19934E-08
 ge  32   2.835369 -0.744631 -0.034374 -0.019685 3.65061E-08
 as  33   1.589741 -0.710259 -0.000002  0.014687 2.13881E-09
 se  34   2.585816 -0.754184 -0.043926 -0.029238 2.23380E-08
 br  35   1.829752 -0.710248  0.000009  0.014698 3.96407E-09
 kr  36   2.538171 -0.711829 -0.001572  0.013117 2.12435E-08
 rb  37   1.648433 -0.711567 -0.001310  0.013379 2.79291E-09
 sr  38   2.167712 -0.712288 -0.002031  0.012658 9.46536E-09
  y  39   1.459763 -0.710238  0.000020  0.014709 1.88155E-09
 zr  40   1.819745 -0.710255  0.000002  0.014691 4.42258E-09
 nb  41   0.699754 -0.710246  0.000011  0.014700 3.41679E-10
 mo  42   1.108561 -0.831439 -0.121182 -0.106493 9.04444E-10
 tc  43   0.000000 -9.000000  0.000000  0.000000 2.41161E-25
 ru  44   0.918797 -0.841203 -0.130946 -0.116257 6.15517E-10
 rh  45   0.349745 -0.710255  0.000002  0.014691 1.69047E-10
 pd  46   0.880560 -0.769440 -0.059183 -0.044494 5.93477E-10
 ag  47   0.489743 -0.710257  0.000000  0.014689 2.44600E-10
 cd  48   0.960023 -0.749977 -0.039720 -0.025031 7.52753E-10
 in  49   0.030703 -0.729297 -0.019040 -0.004351 9.04761E-11
 sn  50   1.297311 -0.772689 -0.062432 -0.047743 1.72830E-09
 sb  51   0.057212 -0.952788 -0.242531 -0.227842 1.01985E-10
 te  52   1.002371 -1.177629 -0.467372 -0.452683 9.41982E-10
  i  53   0.839738 -0.710262 -0.000005  0.014684 6.44221E-10
 xe  54   1.492661 -0.747339 -0.037081 -0.022393 2.99726E-09
 cs  55   0.369744 -0.710256  0.000001  0.014690 2.28616E-10
 ba  56   1.468844 -0.711156 -0.000899  0.013790 2.96771E-09
 la  57   0.459352 -0.710647 -0.000390  0.014299 2.93694E-10
 ce  58   0.867843 -0.712157 -0.001900  0.012789 7.58842E-10
 pr  59   0.049745 -0.710255  0.000002  0.014691 1.16012E-10
 nd  60   0.714742 -0.735258 -0.025001 -0.010312 5.49096E-10
 pm  61   0.000000 -9.000000  0.000000  0.000000 0.00000E+00
 sm  62   0.100036 -0.839964 -0.129707 -0.115018 1.38992E-10
 eu  63  -0.200253 -0.710253  0.000004  0.014693 7.03571E-11
 gd  64   0.339746 -0.710254  0.000003  0.014692 2.52440E-10
 tb  65  -0.390251 -0.710251  0.000006  0.014695 4.75076E-11
 dy  66   0.419090 -0.710910 -0.000653  0.014036 3.13159E-10
 ho  67  -0.240254 -0.710254  0.000003  0.014692 6.96412E-11
 er  68   0.202122 -0.717878 -0.007621  0.007068 1.95584E-10
 tm  69  -0.590257 -0.710257  0.000000  0.014689 3.18627E-11
 yb  70   0.148716 -0.771284 -0.061027 -0.046338 1.78930E-10
 lu  71  -0.620424 -0.710424 -0.000167  0.014522 3.07860E-11
 hf  72  -0.000925 -0.710925 -0.000668  0.014021 1.30771E-10
 ta  73  -0.830309 -0.710309 -0.000052  0.014637 1.96366E-11
  w  74  -0.060778 -0.710778 -0.000521  0.014168 1.17350E-10
 re  75  -0.453785 -0.713785 -0.003528  0.011161 4.80875E-11
 os  76   0.639945 -0.710055  0.000202  0.014891 6.09600E-10
 ir  77   0.609746 -0.710254  0.000003  0.014692 5.74592E-10
 pt  78   0.877405 -0.742595 -0.032338 -0.017649 1.08003E-09
 au  79   0.089747 -0.710253  0.000004  0.014693 1.77812E-10
 hg  80   0.428128 -0.741872 -0.031615 -0.016926 3.94693E-10
 tl  81   0.059746 -0.710254  0.000003  0.014692 1.72191E-10
 pb  82   1.329741 -0.710258 -0.000001  0.014688 3.25051E-09
 bi  83  -0.060252 -0.710252  0.000005  0.014694 1.33559E-10
 po  84   0.000000 -9.000000  0.000000  0.000000 3.81752E-25
#[ls/Fe]_Thiswork =  -0.0007, [hs/Fe]_Thiswork =  -0.0011
#[hs/ls]_Thiswork =  -0.0004, [Pb/hs]_Thiswork =   0.0011
# Elemental abundance ratios: 
# He/H =  8.9542E-02, C/O =  3.2019E-01, N/O = 4.11539E-01
#
#  TP   Mass     Mcore    Menv    log L
#  6 2.249970 0.598282 1.651690 3.723030
# El  Z   log e(X)   [X/H]    [X/Fe]     [X/O]      X(i)
  p   1  12.000000  0.000000  0.000000  0.000000 7.40213E-01
 he   2  10.951742  0.021742  0.731999  0.746688 2.63041E-01
  c   6   7.513687 -0.956314 -0.246057 -0.231368 2.87847E-04
  n   7   7.616699 -0.253301  0.456956  0.471645 4.25540E-04
  o   8   8.005024 -0.724976 -0.014719  0.000000 1.18854E-03
  f   9   3.720321 -0.739679 -0.029422 -0.014704 7.32697E-08
 ne  10   7.255392 -0.714608 -0.004351  0.010368 2.66814E-04
 na  11   5.760342 -0.549658  0.160599  0.175318 9.72248E-06
 mg  12   6.929656 -0.710344 -0.000087  0.014632 1.51792E-04
 al  13   5.759798 -0.710202  0.000055  0.014773 1.13964E-05
 si  14   6.839671 -0.710330 -0.000072  0.014646 1.42579E-04
  p  15   4.759670 -0.710330 -0.000072  0.014646 1.30787E-06
  s  16   6.449669 -0.710331 -0.000074  0.014645 6.63126E-05
 cl  17   4.519668 -0.710332 -0.000075  0.014644 8.61424E-07
 ar  18   5.729663 -0.710337 -0.000080  0.014638 1.57418E-05
  k  19   4.369073 -0.710927 -0.000669  0.014049 6.71620E-07
 ca  20   5.579656 -0.710344 -0.000087  0.014631 1.11804E-05
 sc  21   2.339668 -0.710332 -0.000075  0.014644 7.21692E-09
 ti  22   4.199669 -0.710330 -0.000073  0.014645 5.56675E-07
  v  23   3.248581 -0.711419 -0.001162  0.013556 6.63061E-08
 cr  24   4.910378 -0.729622 -0.019365 -0.004646 3.10631E-06
 mn  25   4.769675 -0.710325 -0.000068  0.014650 2.37380E-06
 fe  26   6.829668 -0.710332  0.000000  0.014644 2.77044E-04
 co  27   4.159667 -0.710333 -0.000001  0.014642 6.25059E-07
 ni  28   5.489672 -0.710328  0.000004  0.014647 1.33093E-05
 cu  29   3.539669 -0.710331  0.000001  0.014645 1.61679E-07
 zn  30   3.919674 -0.710326  0.000006  0.014649 3.99215E-07
 ga  31   2.369669 -0.710331  0.000001  0.014645 1.19934E-08
 ge  32   2.835294 -0.744706 -0.034374 -0.019731 3.65061E-08
 as  33   1.589666 -0.710334 -0.000002  0.014642 2.13881E-09
 se  34   2.585742 -0.754258 -0.043926 -0.029282 2.23380E-08
 br  35   1.829677 -0.710323  0.000009  0.014652 3.96407E-09
 kr  36   2.538096 -0.711904 -0.001572  0.013072 2.12435E-08
 rb  37   1.648357 -0.711643 -0.001311  0.013333 2.79291E-09
 sr  38   2.167638 -0.712362 -0.002030  0.012613 9.46536E-09
  y  39   1.459688 -0.710312  0.000020  0.014664 1.88155E-09
 zr  40   1.819670 -0.710330  0.000002  0.014645 4.42257E-09
 nb  41   0.699678 -0.710322  0.000010  0.014654 3.41679E-10
 mo  42   1.108486 -0.831514 -0.121182 -0.106538 9.04444E-10
 tc  43   0.000000 -9.000000  0.000000  0.000000 1.49553E-25
 ru  44   0.918722 -0.841278 -0.130946 -0.116302 6.15517E-10
 rh  45   0.349669 -0.710330  0.000001  0.014645 1.69047E-10
 pd  46   0.880485 -0.769515 -0.059183 -0.044540 5.93477E-10
 ag  47   0.489668 -0.710332  0.000000  0.014643 2.44600E-10
 cd  48   0.959948 -0.750052 -0.039721 -0.025077 7.52753E-10
 in  49   0.030627 -0.729373 -0.019041 -0.004397 9.04761E-11
 sn  50   1.297235 -0.772764 -0.062433 -0.047789 1.72830E-09
 sb  51   0.057137 -0.952863 -0.242531 -0.227887 1.01985E-10
 te  52   1.002296 -1.177704 -0.467372 -0.452728 9.41982E-10
  i  53   0.839664 -0.710336 -0.000005  0.014639 6.44221E-10
 xe  54   1.492587 -0.747413 -0.037081 -0.022437 2.99726E-09
 cs  55   0.369669 -0.710331  0.000001  0.014645 2.28616E-10
 ba  56   1.468770 -0.711230 -0.000898  0.013746 2.96771E-09
 la  57   0.459277 -0.710723 -0.000391  0.014253 2.93694E-10
 ce  58   0.867767 -0.712233 -0.001901  0.012743 7.58842E-10
 pr  59   0.049669 -0.710331  0.000001  0.014645 1.16012E-10
 nd  60   0.714666 -0.735334 -0.025002 -0.010358 5.49096E-10
 pm  61   0.000000 -9.000000  0.000000  0.000000 0.00000E+00
 sm  62   0.099960 -0.840040 -0.129708 -0.115064 1.38992E-10
 eu  63  -0.200329 -0.710329  0.000003  0.014647 7.03571E-11
 gd  64   0.339670 -0.710330  0.000002  0.014646 2.52439E-10
 tb  65  -0.390326 -0.710326  0.000006  0.014650 4.75076E-11
 dy  66   0.419015 -0.710985 -0.000653  0.013991 3.13159E-10
 ho  67  -0.240330 -0.710330  0.000002  0.014646 6.96412E-11
 er  68   0.202046 -0.717954 -0.007622  0.007022 1.95584E-10
 tm  69  -0.590331 -0.710331  0.000001  0.014645 3.18627E-11
 yb  70   0.148642 -0.771358 -0.061027 -0.046383 1.78930E-10
 lu  71  -0.620500 -0.710500 -0.000168  0.014476 3.07860E-11
 hf  72  -0.000999 -0.710999 -0.000668  0.013976 1.30771E-10
 ta  73  -0.830384 -0.710384 -0.000052  0.014591 1.96366E-11
  w  74  -0.060852 -0.710852 -0.000520  0.014124 1.17350E-10
 re  75  -0.453860 -0.713860 -0.003528  0.011115 4.80874E-11
 os  76   0.639871 -0.710129  0.000203  0.014846 6.09600E-10
 ir  77   0.609672 -0.710328  0.000003  0.014647 5.74592E-10
 pt  78   0.877331 -0.742669 -0.032337 -0.017694 1.08003E-09
 au  79   0.089672 -0.710328  0.000004  0.014648 1.77812E-10
 hg  80   0.428054 -0.741946 -0.031614 -0.016971 3.94693E-10
 tl  81   0.059670 -0.710330  0.000002  0.014646 1.72191E-10
 pb  82   1.329666 -0.710334 -0.000002  0.014642 3.25051E-09
 bi  83  -0.060328 -0.710328  0.000004  0.014648 1.33559E-10
 po  84   0.000000 -9.000000  0.000000  0.000000 3.77898E-25
#[ls/Fe]_Thiswork =  -0.0007, [hs/Fe]_Thiswork =  -0.0011
#[hs/ls]_Thiswork =  -0.0004, [Pb/hs]_Thiswork =   0.0011
# Elemental abundance ratios: 
# He/H =  8.9483E-02, C/O =  3.2260E-01, N/O = 4.08955E-01
#
#  TP   Mass     Mcore    Menv    log L
#  7 2.249960 0.605424 1.644540 3.757950
# El  Z   log e(X)   [X/H]    [X/Fe]     [X/O]      X(i)
  p   1  12.000000  0.000000  0.000000  0.000000 7.40124E-01
 he   2  10.951924  0.021924  0.732256  0.746900 2.63120E-01
  c   6   7.529278 -0.940722 -0.230390 -0.215746 2.98333E-04
  n   7   7.614981 -0.255019  0.455313  0.469956 4.23808E-04
  o   8   8.005084 -0.724916 -0.014584  0.000000 1.18856E-03
  f   9   3.720745 -0.739255 -0.028923 -0.014339 7.33326E-08
 ne  10   7.255593 -0.714407 -0.004075  0.010509 2.66906E-04
 na  11   5.759786 -0.550214  0.160118  0.174702 9.70887E-06
 mg  12   6.929689 -0.710310  0.000021  0.014605 1.51785E-04
 al  13   5.760452 -0.709548  0.000784  0.015368 1.14122E-05
 si  14   6.839725 -0.710275  0.000057  0.014641 1.42580E-04
  p  15   4.759724 -0.710276  0.000056  0.014639 1.30787E-06
  s  16   6.449721 -0.710279  0.000053  0.014637 6.63126E-05
 cl  17   4.519728 -0.710272  0.000060  0.014643 8.61439E-07
 ar  18   5.729714 -0.710286  0.000046  0.014630 1.57418E-05
  k  19   4.369129 -0.710871 -0.000539  0.014044 6.71625E-07
 ca  20   5.579708 -0.710292  0.000040  0.014623 1.11804E-05
 sc  21   2.339730 -0.710270  0.000062  0.014646 7.21708E-09
 ti  22   4.199721 -0.710279  0.000053  0.014637 5.56675E-07
  v  23   3.248631 -0.711369 -0.001037  0.013547 6.63057E-08
 cr  24   4.910430 -0.729569 -0.019238 -0.004654 3.10631E-06
 mn  25   4.769735 -0.710265  0.000067  0.014650 2.37384E-06
 fe  26   6.829720 -0.710280  0.000000  0.014636 2.77044E-04
 co  27   4.159736 -0.710264  0.000016  0.014651 6.25084E-07
 ni  28   5.489723 -0.710277  0.000003  0.014639 1.33092E-05
 cu  29   3.539726 -0.710274  0.000006  0.014642 1.61681E-07
 zn  30   3.919725 -0.710275  0.000005  0.014641 3.99215E-07
 ga  31   2.369725 -0.710275  0.000005  0.014641 1.19935E-08
 ge  32   2.835346 -0.744654 -0.034374 -0.019738 3.65062E-08
 as  33   1.589714 -0.710286 -0.000006  0.014630 2.13879E-09
 se  34   2.585794 -0.754205 -0.043926 -0.029290 2.23381E-08
 br  35   1.829724 -0.710276  0.000004  0.014640 3.96403E-09
 kr  36   2.538150 -0.711850 -0.001570  0.013065 2.12436E-08
 rb  37   1.648409 -0.711591 -0.001311  0.013324 2.79290E-09
 sr  38   2.167692 -0.712308 -0.002028  0.012608 9.46541E-09
  y  39   1.459741 -0.710259  0.000021  0.014656 1.88155E-09
 zr  40   1.819722 -0.710278  0.000002  0.014638 4.42257E-09
 nb  41   0.699726 -0.710274  0.000006  0.014642 3.41675E-10
 mo  42   1.108541 -0.831460 -0.121180 -0.106544 9.04450E-10
 tc  43  -5.074577 -9.000000  0.000000  0.000000 6.06029E-16
 ru  44   0.918773 -0.841227 -0.130947 -0.116312 6.15515E-10
 rh  45   0.349713 -0.710287 -0.000007  0.014629 1.69043E-10
 pd  46   0.880540 -0.769460 -0.059180 -0.044545 5.93481E-10
 ag  47   0.489713 -0.710287 -0.000007  0.014628 2.44596E-10
 cd  48   0.960003 -0.749997 -0.039717 -0.025082 7.52759E-10
 in  49   0.030676 -0.729324 -0.019044 -0.004409 9.04751E-11
 sn  50   1.297289 -0.772711 -0.062431 -0.047796 1.72830E-09
 sb  51   0.057184 -0.952816 -0.242536 -0.227900 1.01984E-10
 te  52   1.002348 -1.177652 -0.467372 -0.452737 9.41981E-10
  i  53   0.839705 -0.710294 -0.000015  0.014621 6.44206E-10
 xe  54   1.492640 -0.747360 -0.037080 -0.022444 2.99727E-09
 cs  55   0.369720 -0.710281 -0.000001  0.014635 2.28615E-10
 ba  56   1.468823 -0.711177 -0.000897  0.013739 2.96772E-09
 la  57   0.459330 -0.710670 -0.000390  0.014245 2.93694E-10
 ce  58   0.867820 -0.712180 -0.001900  0.012735 7.58842E-10
 pr  59   0.049720 -0.710280  0.000000  0.014635 1.16011E-10
 nd  60   0.714719 -0.735281 -0.025001 -0.010366 5.49096E-10
 pm  61   0.000000 -9.000000  0.000000  0.000000 0.00000E+00
 sm  62   0.100012 -0.839988 -0.129708 -0.115073 1.38991E-10
 eu  63  -0.200288 -0.710288 -0.000008  0.014628 7.03553E-11
 gd  64   0.339723 -0.710277  0.000003  0.014638 2.52439E-10
 tb  65  -0.390281 -0.710281 -0.000001  0.014635 4.75067E-11
 dy  66   0.419069 -0.710931 -0.000651  0.013985 3.13160E-10
 ho  67  -0.240285 -0.710285 -0.000005  0.014631 6.96399E-11
 er  68   0.202102 -0.717898 -0.007618  0.007017 1.95585E-10
 tm  69  -0.590282 -0.710282 -0.000003  0.014633 3.18624E-11
 yb  70   0.148701 -0.771299 -0.061019 -0.046384 1.78933E-10
 lu  71  -0.620450 -0.710450 -0.000170  0.014465 3.07857E-11
 hf  72  -0.000945 -0.710945 -0.000665  0.013970 1.30771E-10
 ta  73  -0.830336 -0.710336 -0.000056  0.014580 1.96364E-11
  w  74  -0.060801 -0.710801 -0.000521  0.014115 1.17350E-10
 re  75  -0.453818 -0.713818 -0.003538  0.011097 4.80863E-11
 os  76   0.639917 -0.710083  0.000197  0.014833 6.09594E-10
 ir  77   0.609714 -0.710286 -0.000007  0.014629 5.74578E-10
 pt  78   0.877387 -0.742613 -0.032333 -0.017697 1.08004E-09
 au  79   0.089725 -0.710275  0.000005  0.014641 1.77813E-10
 hg  80   0.428119 -0.741881 -0.031601 -0.016966 3.94704E-10
 tl  81   0.059722 -0.710278  0.000002  0.014637 1.72191E-10
 pb  82   1.329719 -0.710281 -0.000001  0.014634 3.25051E-09
 bi  83  -0.060275 -0.710275  0.000005  0.014640 1.33559E-10
 po  84  -6.488331 -9.000000  0.000000  0.000000 4.98494E-17
#[ls/Fe]_Thiswork =  -0.0007, [hs/Fe]_Thiswork =  -0.0011
#[hs/ls]_Thiswork =  -0.0004, [Pb/hs]_Thiswork =   0.0011
# Elemental abundance ratios: 
# He/H =  8.9521E-02, C/O =  3.3434E-01, N/O = 4.07284E-01
#
#  TP   Mass     Mcore    Menv    log L
#  8 2.249960 0.612217 1.637740 3.794560
# El  Z   log e(X)   [X/H]    [X/Fe]     [X/O]      X(i)
  p   1  12.000000  0.000000  0.000000  0.000000 7.39459E-01
 he   2  10.953074  0.023074  0.733354  0.747990 2.63581E-01
  c   6   7.737727 -0.732273 -0.021993 -0.007358 4.81681E-04
  n   7   7.615878 -0.254122  0.456158  0.470793 4.24303E-04
  o   8   8.007862 -0.722137 -0.011858  0.000000 1.19511E-03
  f   9   3.786588 -0.673412  0.036868  0.048725 8.52608E-08
 ne  10   7.268896 -0.701104  0.009176  0.021033 2.74960E-04
 na  11   5.762193 -0.547807  0.162473  0.174330 9.75406E-06
 mg  12   6.930085 -0.709915  0.000365  0.012222 1.51787E-04
 al  13   5.762138 -0.707861  0.002419  0.014276 1.14463E-05
 si  14   6.840145 -0.709855  0.000425  0.012282 1.42590E-04
  p  15   4.761177 -0.708823  0.001457  0.013315 1.31108E-06
  s  16   6.450089 -0.709911  0.000369  0.012226 6.63091E-05
 cl  17   4.520739 -0.709261  0.001019  0.012877 8.62672E-07
 ar  18   5.730050 -0.709950  0.000330  0.012187 1.57398E-05
  k  19   4.369711 -0.710289 -0.000009  0.011848 6.71922E-07
 ca  20   5.580023 -0.709977  0.000303  0.012161 1.11785E-05
 sc  21   2.341817 -0.708183  0.002097  0.013954 7.24532E-09
 ti  22   4.200321 -0.709679  0.000601  0.012458 5.56942E-07
  v  23   3.248873 -0.711127 -0.000847  0.011010 6.62831E-08
 cr  24   4.910801 -0.729198 -0.018919 -0.007061 3.10617E-06
 mn  25   4.770118 -0.709882  0.000398  0.012255 2.37380E-06
 fe  26   6.830077 -0.709923  0.000000  0.012214 2.77022E-04
 co  27   4.164331 -0.705668  0.004255  0.016469 6.31166E-07
 ni  28   5.490283 -0.709717  0.000206  0.012421 1.33144E-05
 cu  29   3.546868 -0.703132  0.006792  0.019006 1.64214E-07
 zn  30   3.920852 -0.709148  0.000775  0.012989 3.99892E-07
 ga  31   2.374751 -0.705249  0.004674  0.016889 1.21222E-08
 ge  32   2.840639 -0.739361 -0.029438 -0.017223 3.69206E-08
 as  33   1.592918 -0.707082  0.002842  0.015056 2.15269E-09
 se  34   2.595140 -0.744859 -0.034936 -0.022722 2.28035E-08
 br  35   1.833990 -0.706010  0.003913  0.016128 3.99956E-09
 kr  36   2.554087 -0.695913  0.014010  0.026224 2.20178E-08
 rb  37   1.671029 -0.688971  0.020952  0.033167 2.93958E-09
 sr  38   2.233496 -0.646504  0.063419  0.075633 1.10040E-08
  y  39   1.551650 -0.618350  0.091573  0.103787 2.32292E-09
 zr  40   1.922050 -0.607949  0.101974  0.114188 5.59259E-09
 nb  41   0.788589 -0.621410  0.088513  0.100727 4.18877E-10
 mo  42   1.196704 -0.743296 -0.033373 -0.021159 1.10703E-09
 tc  43  -1.094364 -9.000000  0.000000  0.000000 5.78516E-12
 ru  44   0.976142 -0.783858 -0.073935 -0.061721 7.01808E-10
 rh  45   0.368370 -0.691630  0.018293  0.030508 1.76305E-10
 pd  46   0.948261 -0.701739  0.008185  0.020399 6.93007E-10
 ag  47   0.505687 -0.694313  0.015610  0.027824 2.53532E-10
 cd  48   1.040134 -0.669866  0.040058  0.052272 9.04476E-10
 in  49   0.082110 -0.677890  0.032034  0.044248 1.01759E-10
 sn  50   1.402354 -0.667646  0.042278  0.054492 2.19935E-09
 sb  51   0.115547 -0.894453 -0.184530 -0.172315 1.16548E-10
 te  52   1.084145 -1.095855 -0.385932 -0.373718 1.13618E-09
  i  53   0.847697 -0.702303  0.007621  0.019835 6.55581E-10
 xe  54   1.527753 -0.712247 -0.002324  0.009890 3.24674E-09
 cs  55   0.425830 -0.654170  0.055753  0.067967 2.59911E-10
 ba  56   1.643242 -0.536758  0.173165  0.185379 4.43049E-09
 la  57   0.631193 -0.538807  0.171116  0.183331 4.35881E-10
 ce  58   1.071098 -0.508902  0.201022  0.213236 1.21071E-09
 pr  59   0.177825 -0.582175  0.127748  0.139962 1.55673E-10
 nd  60   0.880346 -0.569654  0.140270  0.152484 8.03314E-10
 pm  61   0.000000 -9.000000  0.000000  0.000000 0.00000E+00
 sm  62   0.218188 -0.721812 -0.011888  0.000326 1.82295E-10
 eu  63  -0.179969 -0.689969  0.019954  0.032169 7.36589E-11
 gd  64   0.389660 -0.660340  0.049583  0.061797 2.82946E-10
 tb  65  -0.364334 -0.684334  0.025589  0.037803 5.03862E-11
 dy  66   0.476183 -0.653817  0.056106  0.068320 3.56853E-10
 ho  67  -0.215676 -0.685676  0.024247  0.036461 7.36338E-11
 er  68   0.267267 -0.652733  0.057190  0.069405 2.27044E-10
 tm  69  -0.544862 -0.664862  0.045061  0.057276 3.53434E-11
 yb  70   0.300593 -0.619407  0.090517  0.102731 2.53626E-10
 lu  71  -0.514899 -0.604899  0.105024  0.117238 3.92203E-11
 hf  72   0.197988 -0.512012  0.197911  0.210125 2.06564E-10
 ta  73  -0.679863 -0.559863  0.150060  0.162274 2.77424E-11
  w  74   0.144163 -0.505837  0.204086  0.216301 1.87956E-10
 re  75  -0.388919 -0.648919  0.061004  0.073219 5.57867E-11
 os  76   0.690204 -0.659796  0.050127  0.062341 6.83811E-10
 ir  77   0.617094 -0.702906  0.007017  0.019231 5.83902E-10
 pt  78   0.903501 -0.716499 -0.006576  0.005638 1.14594E-09
 au  79   0.114307 -0.685693  0.024231  0.036445 1.87998E-10
 hg  80   0.623154 -0.546846  0.163077  0.175291 6.17897E-10
 tl  81   0.307966 -0.462034  0.247890  0.260104 3.04694E-10
 pb  82   2.005726 -0.034274  0.675649  0.687863 1.54017E-08
 bi  83   0.243179 -0.406821  0.303103  0.315317 2.68372E-10
 po  84   0.014363 -9.000000  0.000000  0.000000 1.58476E-10
#[ls/Fe]_Thiswork =   0.0857, [hs/Fe]_Thiswork =   0.1818
#[hs/ls]_Thiswork =   0.0961, [Pb/hs]_Thiswork =   0.4939
# Elemental abundance ratios: 
# He/H =  8.9758E-02, C/O =  5.3686E-01, N/O = 4.05523E-01
#
#  TP   Mass     Mcore    Menv    log L
#  9 2.249950 0.618242 1.631710 3.832800
# El  Z   log e(X)   [X/H]    [X/Fe]     [X/O]      X(i)
  p   1  12.000000  0.000000  0.000000  0.000000 7.38091E-01
 he   2  10.955317  0.025316  0.735240  0.747454 2.64455E-01
  c   6   8.015778 -0.454223  0.255701  0.267915 9.12025E-04
  n   7   7.616821 -0.253179  0.456744  0.468958 4.24439E-04
  o   8   8.015449 -0.714551 -0.004628  0.000000 1.21392E-03
  f   9   4.011328 -0.448672  0.261251  0.265879 1.42786E-07
 ne  10   7.316514 -0.653485  0.056438  0.061066 3.06256E-04
 na  11   5.771780 -0.538220  0.171703  0.176331 9.95332E-06
 mg  12   6.931171 -0.708829  0.001094  0.005722 1.51885E-04
 al  13   5.765471 -0.704529  0.005394  0.010022 1.15131E-05
 si  14   6.841017 -0.708983  0.000940  0.005568 1.42612E-04
  p  15   4.765400 -0.704599  0.005324  0.009952 1.32144E-06
  s  16   6.450834 -0.709166  0.000757  0.005385 6.63001E-05
 cl  17   4.523147 -0.706853  0.003070  0.007698 8.65862E-07
 ar  18   5.730719 -0.709281  0.000642  0.005270 1.57349E-05
  k  19   4.371039 -0.708961  0.000963  0.005590 6.72734E-07
 ca  20   5.580652 -0.709348  0.000575  0.005203 1.11740E-05
 sc  21   2.346190 -0.703809  0.006114  0.010741 7.30512E-09
 ti  22   4.201880 -0.708120  0.001803  0.006431 5.57912E-07
  v  23   3.249420 -0.710580 -0.000657  0.003971 6.62438E-08
 cr  24   4.911555 -0.728445 -0.018522 -0.013894 3.10581E-06
 mn  25   4.771032 -0.708968  0.000955  0.005583 2.37440E-06
 fe  26   6.830775 -0.709225  0.000000  0.005326 2.76955E-04
 co  27   4.173882 -0.696117  0.013107  0.018434 6.44007E-07
 ni  28   5.491576 -0.708424  0.000801  0.006127 1.33294E-05
 cu  29   3.561704 -0.688296  0.020928  0.026255 1.69606E-07
 zn  30   3.925136 -0.704865  0.004360  0.009686 4.03109E-07
 ga  31   2.391355 -0.688645  0.020579  0.025906 1.25713E-08
 ge  32   2.857864 -0.722136 -0.012911 -0.007585 3.83433E-08
 as  33   1.603177 -0.696823  0.012402  0.017728 2.20007E-09
 se  34   2.623998 -0.716002 -0.006778 -0.001451 2.43251E-08
 br  35   1.847852 -0.692148  0.017076  0.022403 4.12164E-09
 kr  36   2.598905 -0.651095  0.058129  0.063456 2.43662E-08
 rb  37   1.717036 -0.642964  0.066261  0.071587 3.26204E-09
 sr  38   2.407888 -0.472112  0.237113  0.242439 1.64112E-08
  y  39   1.765621 -0.404379  0.304846  0.310172 3.79491E-09
 zr  40   2.160042 -0.369958  0.339267  0.344593 9.65607E-09
 nb  41   1.003692 -0.406308  0.302916  0.308243 6.86096E-10
 mo  42   1.424891 -0.515109  0.194116  0.199442 1.86870E-09
 tc  43  -0.378346 -9.000000  0.000000  0.000000 3.00282E-11
 ru  44   1.173691 -0.586309  0.122916  0.128242 1.10398E-09
 rh  45   0.445725 -0.614275  0.094950  0.100276 2.10289E-10
 pd  46   1.169349 -0.480651  0.228573  0.233900 1.15086E-09
 ag  47   0.571550 -0.628450  0.080775  0.086101 2.94505E-10
 cd  48   1.284328 -0.425673  0.283552  0.288878 1.58411E-09
 in  49   0.256276 -0.503724  0.205501  0.210827 1.51682E-10
 sn  50   1.693040 -0.376960  0.332265  0.337591 4.28723E-09
 sb  51   0.309969 -0.700031  0.009194  0.014520 1.82022E-10
 te  52   1.341097 -0.838903 -0.129678 -0.124352 2.04926E-09
  i  53   0.884004 -0.665996  0.043228  0.048555 7.11424E-10
 xe  54   1.665541 -0.574459  0.134765  0.140092 4.45073E-09
 cs  55   0.593174 -0.486826  0.222399  0.227725 3.81386E-10
 ba  56   2.093451 -0.086550  0.622675  0.628001 1.24697E-08
 la  57   1.079308 -0.090692  0.618532  0.623859 1.22089E-09
 ce  58   1.538007 -0.041993  0.667231  0.672558 3.54115E-09
 pr  59   0.540355 -0.219645  0.489579  0.494906 3.58047E-10
 nd  60   1.306939 -0.143061  0.566164  0.571490 2.14129E-09
 pm  61   0.000000 -9.000000  0.000000  0.000000 0.00000E+00
 sm  62   0.573339 -0.366661  0.342564  0.347890 4.12212E-10
 eu  63  -0.088775 -0.598775  0.110450  0.115776 9.07018E-11
 gd  64   0.575253 -0.474747  0.234477  0.239804 4.33005E-10
 tb  65  -0.253863 -0.573863  0.135361  0.140688 6.48601E-11
 dy  66   0.682396 -0.447604  0.261621  0.266947 5.72663E-10
 ho  67  -0.111534 -0.581534  0.127691  0.133017 9.34147E-11
 er  68   0.480755 -0.439245  0.269980  0.275306 3.70505E-10
 tm  69  -0.372189 -0.492189  0.217036  0.222362 5.25023E-11
 yb  70   0.667632 -0.252368  0.456857  0.462183 5.89424E-10
 lu  71  -0.212932 -0.302932  0.406293  0.411619 7.84646E-11
 hf  72   0.608522 -0.101478  0.607747  0.613073 5.30622E-10
 ta  73  -0.302967 -0.182967  0.526258  0.531584 6.59533E-11
  w  74   0.553612 -0.096388  0.612836  0.618163 4.81617E-10
 re  75  -0.199983 -0.459983  0.249242  0.254568 8.60325E-11
 os  76   0.855556 -0.494444  0.214780  0.220106 9.98812E-10
 ir  77   0.646692 -0.673308  0.035917  0.041243 6.23926E-10
 pt  78   1.000669 -0.619331  0.089894  0.095220 1.43063E-09
 au  79   0.210232 -0.589768  0.119456  0.124783 2.34032E-10
 hg  80   1.029860 -0.140140  0.569084  0.574411 1.57333E-09
 tl  81   0.658809 -0.111191  0.598033  0.603360 6.82186E-10
 pb  82   2.614850  0.574850  1.284075  1.289401 6.25013E-08
 bi  83   0.708603  0.058603  0.767828  0.773154 7.82271E-10
 po  84   0.839253 -9.000000  0.000000  0.000000 1.05694E-09
#[ls/Fe]_Thiswork =   0.2937, [hs/Fe]_Thiswork =   0.6361
#[hs/ls]_Thiswork =   0.3424, [Pb/hs]_Thiswork =   0.6479
# Elemental abundance ratios: 
# He/H =  9.0223E-02, C/O =  1.0008E+00, N/O = 3.99367E-01
#
#  TP   Mass     Mcore    Menv    log L
# 10 2.249930 0.623546 1.626380 3.867100
# El  Z   log e(X)   [X/H]    [X/Fe]     [X/O]      X(i)
  p   1  12.000000  0.000000  0.000000  0.000000 7.36199E-01
 he   2  10.958315  0.028315  0.737539  0.742866 2.65605E-01
  c   6   8.246021 -0.223979  0.485246  0.490572 1.54574E-03
  n   7   7.614846 -0.255154  0.454071  0.459397 4.21430E-04
  o   8   8.027191 -0.702808  0.006416  0.000000 1.24400E-03
  f   9   4.219169 -0.240831  0.468393  0.461977 2.29832E-07
 ne  10   7.396235 -0.573764  0.135460  0.129044 3.67021E-04
 na  11   5.793623 -0.516376  0.192848  0.186432 1.04399E-05
 mg  12   6.933258 -0.706742  0.002483 -0.003933 1.52226E-04
 al  13   5.770449 -0.699551  0.009674  0.003257 1.16160E-05
 si  14   6.842225 -0.707776  0.001449 -0.004967 1.42643E-04
  p  15   4.772061 -0.697938  0.011286  0.004870 1.33842E-06
  s  16   6.451868 -0.708132  0.001093 -0.005323 6.62878E-05
 cl  17   4.526414 -0.703586  0.005639 -0.000777 8.70165E-07
 ar  18   5.731645 -0.708355  0.000869 -0.005547 1.57280E-05
  k  19   4.372920 -0.707080  0.002145 -0.004272 6.73921E-07
 ca  20   5.581537 -0.708463  0.000762 -0.005654 1.11681E-05
 sc  21   2.352551 -0.697448  0.011776  0.005360 7.39389E-09
 ti  22   4.204363 -0.705637  0.003588 -0.002829 5.59672E-07
  v  23   3.250274 -0.709726 -0.000502 -0.006918 6.62040E-08
 cr  24   4.912607 -0.727393 -0.018168 -0.024585 3.10535E-06
 mn  25   4.772619 -0.707381  0.001843 -0.004573 2.37698E-06
 fe  26   6.831728 -0.708272  0.000000 -0.005464 2.76852E-04
 co  27   4.184716 -0.685284  0.022988  0.017524 6.58580E-07
 ni  28   5.493224 -0.706776  0.001496 -0.003967 1.33458E-05
 cu  29   3.577014 -0.672986  0.035286  0.029822 1.75242E-07
 zn  30   3.932196 -0.697804  0.010468  0.005004 4.08665E-07
 ga  31   2.421171 -0.658829  0.049443  0.043980 1.34302E-08
 ge  32   2.890683 -0.689317  0.018955  0.013492 4.12471E-08
 as  33   1.623734 -0.676265  0.032007  0.026543 2.30080E-09
 se  34   2.679991 -0.660009  0.048263  0.042799 2.76015E-08
 br  35   1.877303 -0.662697  0.045575  0.040112 4.39952E-09
 kr  36   2.674976 -0.575024  0.133248  0.127785 2.89564E-08
 rb  37   1.780618 -0.579382  0.128890  0.123426 3.76666E-09
 sr  38   2.624694 -0.255306  0.452966  0.447502 2.69669E-08
  y  39   1.989274 -0.180726  0.527546  0.522082 6.33489E-09
 zr  40   2.386586 -0.143414  0.564858  0.559395 1.62267E-08
 nb  41   1.209541 -0.200459  0.507813  0.502350 1.09931E-09
 mo  42   1.640313 -0.299687  0.408585  0.403121 3.06089E-09
 tc  43  -0.066007 -9.000000  0.000000  0.000000 6.14828E-11
 ru  44   1.373491 -0.386509  0.321763  0.316300 1.74441E-09
 rh  45   0.545780 -0.514220  0.194052  0.188589 2.64092E-10
 pd  46   1.383480 -0.266520  0.441752  0.436288 1.87948E-09
 ag  47   0.659809 -0.540191  0.168081  0.162617 3.59945E-10
 cd  48   1.510800 -0.199200  0.509072  0.503609 2.66161E-09
 in  49   0.438360 -0.321640  0.386632  0.381169 2.30094E-10
 sn  50   1.935974 -0.134026  0.574246  0.568783 7.48163E-09
 sb  51   0.499584 -0.510416  0.197856  0.192393 2.80946E-10
 te  52   1.567874 -0.612126  0.096146  0.090682 3.44555E-09
  i  53   0.934454 -0.615546  0.092726  0.087262 7.97010E-10
 xe  54   1.816889 -0.423111  0.285161  0.279697 6.29021E-09
 cs  55   0.747620 -0.332380  0.375892  0.370428 5.42870E-10
 ba  56   2.423875  0.243875  0.952147  0.946683 2.66174E-08
 la  57   1.420669  0.250669  0.958941  0.953477 2.67254E-09
 ce  58   1.915697  0.335697  1.043969  1.038505 8.42790E-09
 pr  59   0.881651  0.121651  0.829923  0.824459 7.83648E-10
 nd  60   1.685737  0.235737  0.944009  0.938545 5.10924E-09
 pm  61   0.000000 -9.000000  0.000000  0.000000 0.00000E+00
 sm  62   0.936867 -0.003133  0.705139  0.699675 9.49585E-10
 eu  63   0.072745 -0.437255  0.271017  0.265554 1.31226E-10
 gd  64   0.833621 -0.216379  0.491893  0.486429 7.82972E-10
 tb  65  -0.068822 -0.388822  0.319450  0.313986 9.90616E-11
 dy  66   0.963344 -0.166656  0.541616  0.536152 1.09077E-09
 ho  67   0.069887 -0.400113  0.308159  0.302696 1.41488E-10
 er  68   0.768027 -0.151973  0.556299  0.550836 7.16064E-10
 tm  69  -0.117976 -0.237976  0.470296  0.464832 9.40320E-11
 yb  70   1.044683  0.124682  0.832954  0.827491 1.40076E-09
 lu  71   0.134767  0.044767  0.753039  0.747575 1.74284E-10
 hf  72   1.005373  0.295373  1.003645  0.998181 1.31984E-09
 ta  73   0.089647  0.209647  0.917919  0.912456 1.62456E-10
  w  74   0.954362  0.304362  1.012634  1.007170 1.20875E-09
 re  75   0.071978 -0.188022  0.520250  0.514786 1.60512E-10
 os  76   1.104559 -0.245441  0.462831  0.457367 1.76755E-09
 ir  77   0.713851 -0.606149  0.102123  0.096659 7.26402E-10
 pt  78   1.185947 -0.434053  0.274219  0.268756 2.18620E-09
 au  79   0.396228 -0.403772  0.304500  0.299036 3.58225E-10
 hg  80   1.451326  0.281326  0.989598  0.984135 4.14162E-09
 tl  81   0.989467  0.219467  0.927739  0.922275 1.45696E-09
 pb  82   3.006495  0.966495  1.674767  1.669303 1.53610E-07
 bi  83   1.028755  0.378755  1.087027  1.081564 1.63077E-09
 po  84   1.265424 -9.000000  0.000000  0.000000 2.81258E-09
#[ls/Fe]_Thiswork =   0.5151, [hs/Fe]_Thiswork =   0.9850
#[hs/ls]_Thiswork =   0.4699, [Pb/hs]_Thiswork =   0.6897
# Elemental abundance ratios: 
# He/H =  9.0848E-02, C/O =  1.6551E+00, N/O = 3.86950E-01
#
#  TP   Mass     Mcore    Menv    log L
# 11 2.249890 0.628295 1.621590 3.896730
# El  Z   log e(X)   [X/H]    [X/Fe]     [X/O]      X(i)
  p   1  12.000000  0.000000  0.000000  0.000000 7.33795E-01
 he   2  10.962214  0.032214  0.740486  0.735023 2.67125E-01
  c   6   8.417360 -0.052640  0.655632  0.650168 2.28588E-03
  n   7   7.615555 -0.254445  0.453827  0.448364 4.20741E-04
  o   8   8.040504 -0.689495  0.018777  0.000000 1.27853E-03
  f   9   4.370747 -0.089253  0.619019  0.600242 3.24765E-07
 ne  10   7.485316 -0.484684  0.223588  0.204811 4.49108E-04
 na  11   5.827161 -0.482839  0.225433  0.206656 1.12412E-05
 mg  12   6.936550 -0.703450  0.004822 -0.013955 1.52883E-04
 al  13   5.776623 -0.693377  0.014895 -0.003882 1.17439E-05
 si  14   6.843752 -0.706248  0.002024 -0.016753 1.42678E-04
  p  15   4.780159 -0.689841  0.018431 -0.000346 1.35916E-06
  s  16   6.453198 -0.706801  0.001471 -0.017306 6.62741E-05
 cl  17   4.530317 -0.699683  0.008589 -0.010188 8.75154E-07
 ar  18   5.732847 -0.707153  0.001119 -0.017658 1.57201E-05
  k  19   4.375246 -0.704754  0.003518 -0.015259 6.75327E-07
 ca  20   5.582705 -0.707295  0.000977 -0.017800 1.11616E-05
 sc  21   2.360241 -0.689759  0.018513 -0.000264 7.50141E-09
 ti  22   4.207526 -0.702474  0.005798 -0.012979 5.61923E-07
  v  23   3.251438 -0.708562 -0.000290 -0.019067 6.61650E-08
 cr  24   4.913967 -0.726033 -0.017761 -0.036538 3.10492E-06
 mn  25   4.774908 -0.705092  0.003180 -0.015597 2.38174E-06
 fe  26   6.832958 -0.707042  0.000000 -0.017547 2.76730E-04
 co  27   4.195599 -0.674401  0.032641  0.015094 6.73088E-07
 ni  28   5.495137 -0.704863  0.002180 -0.015368 1.33610E-05
 cu  29   3.592187 -0.657813  0.049229  0.031682 1.80879E-07
 zn  30   3.941023 -0.688977  0.018065  0.000518 4.15695E-07
 ga  31   2.455690 -0.624310  0.082733  0.065186 1.44938E-08
 ge  32   2.927376 -0.652624  0.054418  0.036871 4.47369E-08
 as  33   1.646683 -0.653317  0.053725  0.036178 2.41772E-09
 se  34   2.733628 -0.606372  0.100671  0.083123 3.11279E-08
 br  35   1.909929 -0.630071  0.076972  0.059424 4.72729E-09
 kr  36   2.744164 -0.505836  0.201207  0.183660 3.38464E-08
 rb  37   1.839038 -0.520962  0.186080  0.168533 4.29493E-09
 sr  38   2.783619 -0.096381  0.610661  0.593114 3.87557E-08
  y  39   2.155928 -0.014072  0.692970  0.675423 9.26773E-09
 zr  40   2.562643  0.032643  0.739685  0.722138 2.42586E-08
 nb  41   1.375319 -0.034680  0.672362  0.654815 1.60501E-09
 mo  42   1.816578 -0.123422  0.583620  0.566073 4.57817E-09
 tc  43   0.124687 -9.000000  0.000000  0.000000 9.50665E-11
 ru  44   1.543783 -0.216217  0.490825  0.473278 2.57347E-09
 rh  45   0.648893 -0.411107  0.295936  0.278389 3.33771E-10
 pd  46   1.563378 -0.086622  0.620421  0.602873 2.83475E-09
 ag  47   0.754920 -0.445080  0.261962  0.244415 4.46608E-10
 cd  48   1.699012 -0.010988  0.696054  0.678507 4.09199E-09
 in  49   0.601736 -0.158264  0.548778  0.531231 3.34087E-10
 sn  50   2.130410  0.060410  0.767452  0.749905 1.16684E-08
 sb  51   0.664487 -0.345513  0.361529  0.343982 4.09360E-10
 te  52   1.753769 -0.426231  0.280811  0.263264 5.26907E-09
  i  53   0.992939 -0.557061  0.149981  0.132434 9.08926E-10
 xe  54   1.957988 -0.282012  0.425030  0.407483 8.67647E-09
 cs  55   0.892690 -0.187310  0.519732  0.502185 7.55693E-10
 ba  56   2.642567  0.462567  1.169609  1.152062 4.38972E-08
 la  57   1.640943  0.470943  1.177985  1.160438 4.42362E-09
 ce  58   2.149380  0.569380  1.276422  1.258875 1.43874E-08
 pr  59   1.106915  0.346915  1.053957  1.036410 1.31209E-09
 nd  60   1.920859  0.470859  1.177902  1.160354 8.75103E-09
 pm  61   0.000000 -9.000000  0.000000  0.000000 0.00000E+00
 sm  62   1.165167  0.225167  0.932209  0.914662 1.60108E-09
 eu  63   0.215096 -0.294904  0.412138  0.394591 1.81531E-10
 gd  64   1.027668 -0.022332  0.684710  0.667163 1.22004E-09
 tb  65   0.087475 -0.232525  0.474517  0.456970 1.41508E-10
 dy  66   1.164598  0.034598  0.741640  0.724093 1.72808E-09
 ho  67   0.223542 -0.246458  0.460584  0.443037 2.00889E-10
 er  68   0.976378  0.056378  0.763421  0.745874 1.15314E-09
 tm  69   0.074095 -0.045905  0.661137  0.643590 1.45857E-10
 yb  70   1.280838  0.360838  1.067880  1.050333 2.40491E-09
 lu  71   0.361094  0.271094  0.978137  0.960590 2.92526E-10
 hf  72   1.251790  0.541790  1.248832  1.231285 2.32016E-09
 ta  73   0.336775  0.456775  1.163817  1.146270 2.86050E-10
  w  74   1.201053  0.551053  1.258095  1.240548 2.12621E-09
 re  75   0.280978  0.020978  0.728020  0.710473 2.58874E-10
 os  76   1.293764 -0.056236  0.650806  0.633259 2.72369E-09
 ir  77   0.786218 -0.533782  0.173260  0.155713 8.55310E-10
 pt  78   1.341888 -0.278112  0.428931  0.411384 3.12040E-09
 au  79   0.555816 -0.244184  0.462858  0.445311 5.15612E-10
 hg  80   1.706992  0.536992  1.244034  1.226487 7.43730E-09
 tl  81   1.220502  0.450502  1.157544  1.139997 2.47207E-09
 pb  82   3.265368  1.225368  1.932410  1.914863 2.77889E-07
 bi  83   1.257853  0.607853  1.314895  1.297348 2.75468E-09
 po  84   1.521590 -9.000000  0.000000  0.000000 5.05650E-09
#[ls/Fe]_Thiswork =   0.6811, [hs/Fe]_Thiswork =   1.2080
#[hs/ls]_Thiswork =   0.5269, [Pb/hs]_Thiswork =   0.7244
# Elemental abundance ratios: 
# He/H =  9.1667E-02, C/O =  2.3815E+00, N/O = 3.75882E-01
#
#  TP   Mass     Mcore    Menv    log L
# 12 2.249790 0.632565 1.617230 3.922360
# El  Z   log e(X)   [X/H]    [X/Fe]     [X/O]      X(i)
  p   1  12.000000  0.000000  0.000000  0.000000 7.30964E-01
 he   2  10.966854  0.036854  0.743896  0.726349 2.68952E-01
  c   6   8.554276  0.084275  0.791317  0.773770 3.12097E-03
  n   7   7.614499 -0.255501  0.451541  0.433994 4.18099E-04
  o   8   8.054586 -0.675413  0.031629  0.000000 1.31557E-03
  f   9   4.499527  0.039526  0.746569  0.714940 4.35181E-07
 ne  10   7.575518 -0.394482  0.312560  0.280931 5.50648E-04
 na  11   5.871914 -0.438086  0.268956  0.237327 1.24133E-05
 mg  12   6.941130 -0.698870  0.008172 -0.023457 1.53908E-04
 al  13   5.783599 -0.686400  0.020642 -0.010987 1.18880E-05
 si  14   6.845552 -0.704448  0.002594 -0.029035 1.42718E-04
  p  15   4.789325 -0.680675  0.026367 -0.005262 1.38279E-06
  s  16   6.454777 -0.705223  0.001820 -0.029809 6.62588E-05
 cl  17   4.534828 -0.695172  0.011870 -0.019759 8.80879E-07
 ar  18   5.734280 -0.705720  0.001322 -0.030307 1.57113E-05
  k  19   4.377976 -0.702024  0.005018 -0.026611 6.76965E-07
 ca  20   5.584103 -0.705897  0.001145 -0.030484 1.11544E-05
 sc  21   2.369290 -0.680710  0.026333 -0.005296 7.62981E-09
 ti  22   4.211195 -0.698804  0.008238 -0.023391 5.64504E-07
  v  23   3.252827 -0.707173 -0.000131 -0.031760 6.61207E-08
 cr  24   4.915585 -0.724415 -0.017373 -0.049002 3.10449E-06
 mn  25   4.777826 -0.702174  0.004869 -0.026761 2.38855E-06
 fe  26   6.834422 -0.705578  0.000000 -0.030165 2.76593E-04
 co  27   4.206833 -0.663167  0.042412  0.012247 6.88062E-07
 ni  28   5.497299 -0.702701  0.002877 -0.027288 1.33758E-05
 cu  29   3.608481 -0.641519  0.064060  0.033895 1.87070E-07
 zn  30   3.952209 -0.677792  0.027787 -0.002378 4.24895E-07
 ga  31   2.497705 -0.582295  0.123283  0.093118 1.59044E-08
 ge  32   2.970855 -0.609145  0.096433  0.066268 4.92567E-08
 as  33   1.673903 -0.626096  0.079482  0.049317 2.56418E-09
 se  34   2.788147 -0.551853  0.153725  0.123560 3.51552E-08
 br  35   1.945360 -0.594640  0.110939  0.080773 5.10934E-09
 kr  36   2.806268 -0.443732  0.261846  0.231681 3.88989E-08
 rb  37   1.892683 -0.467317  0.238261  0.208096 4.84086E-09
 sr  38   2.895719  0.015718  0.721297  0.691132 4.99755E-08
  y  39   2.274763  0.104763  0.810341  0.780176 1.21375E-08
 zr  40   2.692953  0.162953  0.868531  0.838366 3.26210E-08
 nb  41   1.502023  0.092023  0.797601  0.767436 2.14043E-09
 mo  42   1.953719  0.013719  0.719297  0.689132 6.25394E-09
 tc  43   0.246205 -9.000000  0.000000  0.000000 1.25276E-10
 ru  44   1.679411 -0.080589  0.624989  0.594824 3.50323E-09
 rh  45   0.742025 -0.317975  0.387604  0.357439 4.12004E-10
 pd  46   1.706083  0.056083  0.761662  0.731496 3.92231E-09
 ag  47   0.844438 -0.355562  0.350016  0.319851 5.46721E-10
 cd  48   1.849839  0.139839  0.845417  0.815252 5.76877E-09
 in  49   0.739567 -0.020433  0.685145  0.654980 4.57101E-10
 sn  50   2.289330  0.219331  0.924909  0.894744 1.67592E-08
 sb  51   0.808142 -0.201858  0.503720  0.473555 5.67651E-10
 te  52   1.912042 -0.267958  0.437620  0.407455 7.55662E-09
  i  53   1.057793 -0.492207  0.213371  0.183206 1.05124E-09
 xe  54   2.092075 -0.147925  0.557654  0.527488 1.17694E-08
 cs  55   1.038522 -0.041478  0.664100  0.633935 1.05317E-09
 ba  56   2.822037  0.642037  1.347615  1.317450 6.61040E-08
 la  57   1.818576  0.648576  1.354154  1.323989 6.63335E-09
 ce  58   2.324434  0.744434  1.450013  1.419847 2.14465E-08
 pr  59   1.279002  0.519002  1.224581  1.194415 1.94256E-09
 nd  60   2.090704  0.640704  1.346282  1.316117 1.28892E-08
 pm  61   0.000000 -9.000000  0.000000  0.000000 0.00000E+00
 sm  62   1.325476  0.385476  1.091054  1.060889 2.30698E-09
 eu  63   0.332907 -0.177093  0.528485  0.498320 2.37183E-10
 gd  64   1.174629  0.124629  0.830208  0.800042 1.70473E-09
 tb  65   0.212408 -0.107592  0.597986  0.567821 1.87947E-10
 dy  66   1.312998  0.182998  0.888576  0.858411 2.42263E-09
 ho  67   0.346395 -0.123605  0.581973  0.551808 2.65540E-10
 er  68   1.130515  0.210515  0.916093  0.885928 1.63810E-09
 tm  69   0.217280  0.097280  0.802859  0.772694 2.02038E-10
 yb  70   1.443051  0.523051  1.228630  1.198464 3.48043E-09
 lu  71   0.516730  0.426730  1.132309  1.102143 4.16986E-10
 hf  72   1.418961  0.708961  1.414539  1.384374 3.39633E-09
 ta  73   0.504343  0.624343  1.329921  1.299756 4.19114E-10
  w  74   1.365681  0.715681  1.421259  1.391094 3.09426E-09
 re  75   0.433710  0.173710  0.879288  0.849123 3.66557E-10
 os  76   1.429412  0.079412  0.784990  0.754825 3.70789E-09
 ir  77   0.851130 -0.468871  0.236708  0.206543 9.89366E-10
 pt  78   1.457626 -0.162374  0.543205  0.513039 4.05761E-09
 au  79   0.673717 -0.126283  0.579296  0.549131 6.73823E-10
 hg  80   1.868695  0.698695  1.404274  1.374108 1.07508E-08
 tl  81   1.380328  0.610328  1.315907  1.285741 3.55802E-09
 pb  82   3.448226  1.408226  2.113804  2.083639 4.21746E-07
 bi  83   1.437014  0.787014  1.492592  1.462427 4.14528E-09
 po  84   1.711102 -9.000000  0.000000  0.000000 7.79261E-09
#[ls/Fe]_Thiswork =   0.8001, [hs/Fe]_Thiswork =   1.3839
#[hs/ls]_Thiswork =   0.5839, [Pb/hs]_Thiswork =   0.7299
# Elemental abundance ratios: 
# He/H =  9.2652E-02, C/O =  3.1600E+00, N/O = 3.63005E-01
#
#  TP   Mass     Mcore    Menv    log L
# 13 2.249620 0.636448 1.613170 3.944300
# El  Z   log e(X)   [X/H]    [X/Fe]     [X/O]      X(i)
  p   1  12.000000  0.000000  0.000000  0.000000 7.27924E-01
 he   2  10.971895  0.041895  0.747473  0.717308 2.70961E-01
  c   6   8.660887  0.190886  0.896465  0.866300 3.97275E-03
  n   7   7.613288 -0.256712  0.448866  0.418701 4.15201E-04
  o   8   8.067327 -0.662673  0.042905  0.000000 1.34910E-03
  f   9   4.612618  0.152618  0.858196  0.815291 5.62279E-07
 ne  10   7.658384 -0.311615  0.393963  0.351058 6.63638E-04
 na  11   5.916754 -0.393246  0.312332  0.269427 1.37062E-05
 mg  12   6.946619 -0.693381  0.012197 -0.030708 1.55217E-04
 al  13   5.790818 -0.679182  0.026397 -0.016509 1.20370E-05
 si  14   6.847489 -0.702511  0.003067 -0.039838 1.42759E-04
  p  15   4.798712 -0.671288  0.034291 -0.008615 1.40713E-06
  s  16   6.456483 -0.703517  0.002061 -0.040844 6.62429E-05
 cl  17   4.539505 -0.690495  0.015083 -0.027822 8.86714E-07
 ar  18   5.735837 -0.704163  0.001415 -0.041490 1.57021E-05
  k  19   4.380880 -0.699120  0.006459 -0.036447 6.78673E-07
 ca  20   5.585630 -0.704370  0.001209 -0.041697 1.11471E-05
 sc  21   2.379253 -0.670747  0.034832 -0.008074 7.77440E-09
 ti  22   4.215113 -0.694887  0.010691 -0.032214 5.67250E-07
  v  23   3.254312 -0.705688 -0.000110 -0.043015 6.60713E-08
 cr  24   4.917332 -0.722668 -0.017090 -0.059995 3.10404E-06
 mn  25   4.781121 -0.698879  0.006699 -0.036206 2.39673E-06
 fe  26   6.836011 -0.703989  0.000000 -0.041316 2.76453E-04
 co  27   4.217628 -0.652372  0.051617  0.010301 7.02444E-07
 ni  28   5.499402 -0.700598  0.003391 -0.037925 1.33849E-05
 cu  29   3.622311 -0.627689  0.076300  0.034984 1.92320E-07
 zn  30   3.962529 -0.667471  0.036518 -0.004798 4.33303E-07
 ga  31   2.535762 -0.544238  0.159751  0.118435 1.72888E-08
 ge  32   3.011886 -0.568114  0.135875  0.094559 5.39122E-08
 as  33   1.701590 -0.598410  0.105579  0.064263 2.72160E-09
 se  34   2.843855 -0.496145  0.207844  0.166528 3.98005E-08
 br  35   1.985033 -0.554967  0.149022  0.107706 5.57477E-09
 kr  36   2.873424 -0.376576  0.327413  0.286097 4.52150E-08
 rb  37   1.955958 -0.404042  0.299948  0.258631 5.57683E-09
 sr  38   3.030382  0.150382  0.854371  0.813055 6.78595E-08
  y  39   2.415009  0.245009  0.948998  0.907682 1.66942E-08
 zr  40   2.838143  0.308143  1.012132  0.970816 4.53814E-08
 nb  41   1.642694  0.232694  0.936683  0.895367 2.94688E-09
 mo  42   2.096752  0.156752  0.860741  0.819425 8.65720E-09
 tc  43   0.390615 -9.000000  0.000000  0.000000 1.73967E-10
 ru  44   1.819175  0.059175  0.763164  0.721848 4.81307E-09
 rh  45   0.847069 -0.212931  0.491058  0.449742 5.22559E-10
 pd  46   1.850395  0.200395  0.904384  0.863068 5.44558E-09
 ag  47   0.944892 -0.255108  0.448881  0.407565 6.86137E-10
 cd  48   1.997382  0.287382  0.991371  0.950055 8.06895E-09
 in  49   0.876578  0.116578  0.820567  0.779251 6.24042E-10
 sn  50   2.434910  0.364910  1.068899  1.027583 2.33358E-08
 sb  51   0.939918 -0.070082  0.633907  0.592591 7.65682E-10
 te  52   2.050684 -0.129316  0.574673  0.533357 1.03552E-08
  i  53   1.125471 -0.424529  0.279460  0.238144 1.22341E-09
 xe  54   2.210529 -0.029471  0.674518  0.633202 1.53956E-08
 cs  55   1.166666  0.086666  0.790655  0.749339 1.40875E-09
 ba  56   2.943832  0.763832  1.467821  1.426505 8.71393E-08
 la  57   1.933324  0.763324  1.467313  1.425997 8.60340E-09
 ce  58   2.432801  0.852801  1.556790  1.515474 2.74104E-08
 pr  59   1.387112  0.627112  1.331101  1.289785 2.48127E-09
 nd  60   2.194944  0.744944  1.448933  1.407617 1.63176E-08
 pm  61   0.000000 -9.000000  0.000000  0.000000 0.00000E+00
 sm  62   1.422886  0.482886  1.186875  1.145559 2.87504E-09
 eu  63   0.410743 -0.099257  0.604732  0.563416 2.82559E-10
 gd  64   1.267365  0.217366  0.921355  0.880038 2.10175E-09
 tb  65   0.293896 -0.026104  0.677885  0.636569 2.25795E-10
 dy  66   1.405756  0.275756  0.979745  0.938429 2.98700E-09
 ho  67   0.426466 -0.043534  0.660455  0.619139 3.17974E-10
 er  68   1.227230  0.307230  1.011219  0.969903 2.03819E-09
 tm  69   0.307589  0.187589  0.891578  0.850262 2.47703E-10
 yb  70   1.542397  0.622397  1.326385  1.285069 4.35681E-09
 lu  71   0.612387  0.522387  1.226376  1.185060 5.17570E-10
 hf  72   1.521104  0.811104  1.515093  1.473777 4.27901E-09
 ta  73   0.607205  0.727205  1.431194  1.389878 5.28913E-10
  w  74   1.466828  0.816828  1.520817  1.479501 3.88950E-09
 re  75   0.531608  0.271608  0.975597  0.934281 4.57329E-10
 os  76   1.516402  0.166402  0.870391  0.829075 4.51135E-09
 ir  77   0.898756 -0.421244  0.282745  0.241429 1.09944E-09
 pt  78   1.533703 -0.086297  0.617692  0.576376 4.81434E-09
 au  79   0.750868 -0.049132  0.654857  0.613541 8.01470E-10
 hg  80   1.968541  0.798541  1.502530  1.461214 1.34734E-08
 tl  81   1.485120  0.715120  1.419109  1.377793 4.51014E-09
 pb  82   3.575931  1.535931  2.239920  2.198604 5.63567E-07
 bi  83   1.567546  0.917546  1.621535  1.580219 5.57540E-09
 po  84   1.843808 -9.000000  0.000000  0.000000 1.05337E-08
#[ls/Fe]_Thiswork =   0.9385, [hs/Fe]_Thiswork =   1.4973
#[hs/ls]_Thiswork =   0.5588, [Pb/hs]_Thiswork =   0.7426
# Elemental abundance ratios: 
# He/H =  9.3734E-02, C/O =  3.9225E+00, N/O = 3.51529E-01
#
#  TP   Mass     Mcore    Menv    log L
# 14 2.249260 0.640022 1.609240 3.963760
# El  Z   log e(X)   [X/H]    [X/Fe]     [X/O]      X(i)
  p   1  12.000000  0.000000  0.000000  0.000000 7.24673E-01
 he   2  10.977327  0.047327  0.751316  0.710000 2.73146E-01
  c   6   8.749621  0.279621  0.983610  0.942294 4.85157E-03
  n   7   7.612378 -0.257622  0.446367  0.405051 4.12482E-04
  o   8   8.079021 -0.650979  0.053010  0.000000 1.37973E-03
  f   9   4.716794  0.256794  0.960783  0.907773 7.11515E-07
 ne  10   7.732714 -0.237286  0.466703  0.413693 7.84001E-04
 na  11   5.962107 -0.347893  0.356096  0.303086 1.51471E-05
 mg  12   6.952799 -0.687201  0.016788 -0.036222 1.56739E-04
 al  13   5.798192 -0.671808  0.032181 -0.020829 1.21884E-05
 si  14   6.849561 -0.700439  0.003550 -0.049460 1.42801E-04
  p  15   4.808137 -0.661863  0.042126 -0.010884 1.43158E-06
  s  16   6.458319 -0.701681  0.002308 -0.050702 6.62265E-05
 cl  17   4.544372 -0.685628  0.018361 -0.034649 8.92702E-07
 ar  18   5.737521 -0.702479  0.001510 -0.051500 1.56927E-05
  k  19   4.383963 -0.696037  0.007952 -0.045058 6.80455E-07
 ca  20   5.587286 -0.702714  0.001275 -0.051735 1.11397E-05
 sc  21   2.389716 -0.660284  0.043705 -0.009305 7.92839E-09
 ti  22   4.219269 -0.690731  0.013258 -0.039752 5.70147E-07
  v  23   3.255898 -0.704103 -0.000113 -0.053123 6.60169E-08
 cr  24   4.919218 -0.720782 -0.016793 -0.069803 3.10363E-06
 mn  25   4.784681 -0.695319  0.008670 -0.044340 2.40567E-06
 fe  26   6.837732 -0.702268  0.000000 -0.051289 2.76311E-04
 co  27   4.228582 -0.641418  0.060850  0.009561 7.17170E-07
 ni  28   5.501559 -0.698441  0.003827 -0.047462 1.33914E-05
 cu  29   3.635149 -0.614851  0.087417  0.036128 1.97205E-07
 zn  30   3.973009 -0.656991  0.045277 -0.006012 4.41905E-07
 ga  31   2.575105 -0.504895  0.197372  0.146084 1.88435E-08
 ge  32   3.056101 -0.523899  0.178369  0.127080 5.94235E-08
 as  33   1.733294 -0.566705  0.135562  0.084274 2.91464E-09
 se  34   2.905950 -0.434050  0.268217  0.216929 4.57128E-08
 br  35   2.030718 -0.509282  0.192986  0.141697 6.16550E-09
 kr  36   2.943747 -0.306253  0.396014  0.344726 5.29251E-08
 rb  37   2.024517 -0.335483  0.366785  0.315496 6.50133E-09
 sr  38   3.129205  0.249205  0.951472  0.900184 8.48183E-08
  y  39   2.509354  0.339354  1.041621  0.990333 2.06522E-08
 zr  40   2.926640  0.396640  1.098907  1.047619 5.53898E-08
 nb  41   1.728806  0.318806  1.021073  0.969785 3.57710E-09
 mo  42   2.181759  0.241759  0.944026  0.892738 1.04819E-08
 tc  43   0.431198 -9.000000  0.000000  0.000000 1.90154E-10
 ru  44   1.902221  0.142221  0.844488  0.793200 5.80129E-09
 rh  45   0.911952 -0.148048  0.554220  0.502931 6.04052E-10
 pd  46   1.933996  0.283996  0.986264  0.934975 6.57206E-09
 ag  47   1.008645 -0.191355  0.510913  0.459624 7.91078E-10
 cd  48   2.083748  0.373748  1.076015  1.024727 9.80027E-09
 in  49   0.958714  0.198714  0.900982  0.849694 7.50597E-10
 sn  50   2.522608  0.452608  1.154876  1.103587 2.84300E-08
 sb  51   1.022179  0.012179  0.714446  0.663158 9.21225E-10
 te  52   2.136932 -0.043068  0.659200  0.607911 1.25737E-08
  i  53   1.173756 -0.376244  0.326023  0.274735 1.36117E-09
 xe  54   2.289961  0.049961  0.752228  0.700940 1.84028E-08
 cs  55   1.256447  0.176447  0.878714  0.827426 1.72453E-09
 ba  56   3.057820  0.877820  1.580088  1.528799 1.12787E-07
 la  57   2.054201  0.884201  1.586469  1.535180 1.13137E-08
 ce  58   2.564451  0.984451  1.686719  1.635430 3.69505E-08
 pr  59   1.518213  0.758213  1.460481  1.409192 3.34065E-09
 nd  60   2.328873  0.878873  1.581140  1.529852 2.21126E-08
 pm  61   0.000000 -9.000000  0.000000  0.000000 0.00000E+00
 sm  62   1.553189  0.613189  1.315457  1.264168 3.86370E-09
 eu  63   0.521426  0.011426  0.713694  0.662405 3.62952E-10
 gd  64   1.393893  0.343893  1.046161  0.994872 2.80005E-09
 tb  65   0.408055  0.088055  0.790323  0.739034 2.92368E-10
 dy  66   1.534535  0.404535  1.106803  1.055514 4.00010E-09
 ho  67   0.542525  0.072525  0.774793  0.723504 4.13530E-10
 er  68   1.363832  0.443832  1.146099  1.094810 2.77909E-09
 tm  69   0.436066  0.316066  1.018333  0.967045 3.31485E-10
 yb  70   1.678956  0.758956  1.461224  1.409935 5.93997E-09
 lu  71   0.745087  0.655087  1.357354  1.306066 6.99399E-10
 hf  72   1.663317  0.953317  1.655584  1.604296 5.91034E-09
 ta  73   0.752816  0.872816  1.575084  1.523795 7.36296E-10
  w  74   1.605327  0.955327  1.657594  1.606306 5.32657E-09
 re  75   0.669697  0.409697  1.111964  1.060676 6.25712E-10
 os  76   1.638725  0.288725  0.990993  0.939704 5.95231E-09
 ir  77   0.975455 -0.344545  0.357723  0.306434 1.30596E-09
 pt  78   1.647146  0.027146  0.729414  0.678125 6.22353E-09
 au  79   0.866845  0.066845  0.769113  0.717824 1.04213E-09
 hg  80   2.108066  0.938066  1.640333  1.589045 1.84951E-08
 tl  81   1.621132  0.851132  1.553400  1.502111 6.14128E-09
 pb  82   3.669827  1.629827  2.332095  2.280807 6.96464E-07
 bi  83   1.652159  1.002159  1.704426  1.653138 6.74443E-09
 po  84   1.924910 -9.000000  0.000000  0.000000 1.26397E-08
#[ls/Fe]_Thiswork =   1.0307, [hs/Fe]_Thiswork =   1.6178
#[hs/ls]_Thiswork =   0.5871, [Pb/hs]_Thiswork =   0.7143
# Elemental abundance ratios: 
# He/H =  9.4913E-02, C/O =  4.6838E+00, N/O = 3.41474E-01
#
#  TP   Mass     Mcore    Menv    log L
# 15 2.248530 0.643303 1.605230 3.980730
# El  Z   log e(X)   [X/H]    [X/Fe]     [X/O]      X(i)
  p   1  12.000000  0.000000  0.000000  0.000000 7.21294E-01
 he   2  10.982985  0.052985  0.755253  0.703964 2.75437E-01
  c   6   8.825012  0.355012  1.057280  1.005991 5.74438E-03
  n   7   7.613131 -0.256869  0.445399  0.394110 4.11271E-04
  o   8   8.089903 -0.640097  0.062171  0.000000 1.40815E-03
  f   9   4.812350  0.352350  1.054617  0.992446 8.82489E-07
 ne  10   7.800167 -0.169833  0.532434  0.470263 9.11464E-04
 na  11   6.008989 -0.301011  0.401257  0.339086 1.67950E-05
 mg  12   6.959575 -0.680425  0.021843 -0.040328 1.58461E-04
 al  13   5.805525 -0.664475  0.037793 -0.024378 1.23382E-05
 si  14   6.851719 -0.698281  0.003987 -0.058184 1.42844E-04
  p  15   4.817507 -0.652493  0.049775 -0.012396 1.45598E-06
  s  16   6.460236 -0.699764  0.002504 -0.059667 6.62093E-05
 cl  17   4.549397 -0.680603  0.021665 -0.040506 8.98882E-07
 ar  18   5.739283 -0.700717  0.001550 -0.060621 1.56830E-05
  k  19   4.387153 -0.692847  0.009420 -0.052751 6.82274E-07
 ca  20   5.589017 -0.700983  0.001285 -0.060886 1.11320E-05
 sc  21   2.400640 -0.649359  0.052908 -0.009263 8.09245E-09
 ti  22   4.223594 -0.686406  0.015862 -0.046309 5.73168E-07
  v  23   3.257552 -0.702448 -0.000180 -0.062351 6.59599E-08
 cr  24   4.921194 -0.718806 -0.016539 -0.078710 3.10324E-06
 mn  25   4.788443 -0.691557  0.010710 -0.051461 2.41528E-06
 fe  26   6.839539 -0.700461  0.000000 -0.060364 2.76169E-04
 co  27   4.239936 -0.630064  0.070397  0.010033 7.32735E-07
 ni  28   5.503760 -0.696239  0.004221 -0.056143 1.33967E-05
 cu  29   3.647628 -0.602372  0.098089  0.037724 2.02008E-07
 zn  30   3.982773 -0.647227  0.053234 -0.007131 4.49844E-07
 ga  31   2.607497 -0.472503  0.227958  0.167594 2.02081E-08
 ge  32   3.091460 -0.488540  0.211921  0.151557 6.41635E-08
 as  33   1.758970 -0.541030  0.159431  0.099067 3.07774E-09
 se  34   2.951304 -0.388695  0.311765  0.251401 5.05084E-08
 br  35   2.069073 -0.470927  0.229534  0.169169 6.70337E-09
 kr  36   2.997674 -0.252326  0.448135  0.387771 5.96430E-08
 rb  37   2.078816 -0.281183  0.419277  0.358913 7.33284E-09
 sr  38   3.206460  0.326460  1.026921  0.966557 1.00859E-07
  y  39   2.590028  0.420028  1.120489  1.060124 2.47520E-08
 zr  40   3.012432  0.482432  1.182893  1.122529 6.71728E-08
 nb  41   1.814238  0.404238  1.104699  1.044334 4.33444E-09
 mo  42   2.270564  0.330564  1.031025  0.970661 1.28002E-08
 tc  43   0.503806 -9.000000  0.000000  0.000000 2.23709E-10
 ru  44   1.990987  0.230987  0.931448  0.871083 7.08371E-09
 rh  45   0.985301 -0.074699  0.625762  0.565398 7.11859E-10
 pd  46   2.025315  0.375315  1.075776  1.015412 8.07217E-09
 ag  47   1.081367 -0.118634  0.581827  0.521463 9.30917E-10
 cd  48   2.178412  0.468412  1.168873  1.108509 1.21303E-08
 in  49   1.049889  0.289889  0.990350  0.929985 9.21617E-10
 sn  50   2.620758  0.550758  1.251219  1.190855 3.54730E-08
 sb  51   1.116225  0.106225  0.806686  0.746322 1.13863E-09
 te  52   2.235748  0.055748  0.756209  0.695845 1.57127E-08
  i  53   1.234157 -0.315843  0.384618  0.324253 1.55698E-09
 xe  54   2.382414  0.142414  0.842875  0.782511 2.26625E-08
 cs  55   1.359811  0.279811  0.980272  0.919907 2.17773E-09
 ba  56   3.167715  0.987715  1.688176  1.627812 1.44585E-07
 la  57   2.165179  0.995179  1.695640  1.635276 1.45396E-08
 ce  58   2.676212  1.096212  1.796673  1.736309 4.75721E-08
 pr  59   1.630600  0.870600  1.571061  1.510697 4.30712E-09
 nd  60   2.438989  0.988989  1.689450  1.629085 2.83613E-08
 pm  61   0.000000 -9.000000  0.000000  0.000000 0.00000E+00
 sm  62   1.658349  0.718349  1.418810  1.358446 4.89929E-09
 eu  63   0.614633  0.104633  0.805094  0.744729 4.47740E-10
 gd  64   1.498165  0.448165  1.148626  1.088262 3.54330E-09
 tb  65   0.503363  0.183363  0.883824  0.823459 3.62415E-10
 dy  66   1.638102  0.508102  1.208562  1.148198 5.05367E-09
 ho  67   0.637697  0.167697  0.868158  0.807794 5.12446E-10
 er  68   1.472960  0.552960  1.253420  1.193056 3.55632E-09
 tm  69   0.539121  0.419121  1.119582  1.059217 4.18302E-10
 yb  70   1.787698  0.867698  1.568159  1.507794 7.59445E-09
 lu  71   0.849689  0.759688  1.460149  1.399785 8.85720E-10
 hf  72   1.774708  1.064708  1.765169  1.704804 7.60279E-09
 ta  73   0.864798  0.984798  1.685259  1.624894 9.48425E-10
  w  74   1.714454  1.064454  1.764915  1.704550 6.81625E-09
 re  75   0.778846  0.518846  1.219307  1.158942 8.00744E-10
 os  76   1.736579  0.386579  1.087040  1.026676 7.42180E-09
 ir  77   1.041671 -0.278329  0.422132  0.361767 1.51396E-09
 pt  78   1.737602  0.117602  0.818063  0.757699 7.62890E-09
 au  79   0.958450  0.158450  0.858911  0.798547 1.28084E-09
 hg  80   2.214421  1.044421  1.744882  1.684518 2.35170E-08
 tl  81   1.732103  0.962103  1.662564  1.602200 7.89224E-09
 pb  82   3.740174  1.700174  2.400635  2.340271 8.15109E-07
 bi  83   1.714810  1.064810  1.765271  1.704907 7.75473E-09
 po  84   1.981573 -9.000000  0.000000  0.000000 1.43341E-08
#[ls/Fe]_Thiswork =   1.1101, [hs/Fe]_Thiswork =   1.7268
#[hs/ls]_Thiswork =   0.6167, [Pb/hs]_Thiswork =   0.6738
# Elemental abundance ratios: 
# He/H =  9.6158E-02, C/O =  5.4339E+00, N/O = 3.33602E-01
#
#  TP   Mass     Mcore    Menv    log L
# 16 2.247010 0.646401 1.600610 3.995220
# El  Z   log e(X)   [X/H]    [X/Fe]     [X/O]      X(i)
  p   1  12.000000  0.000000  0.000000  0.000000 7.17872E-01
 he   2  10.988732  0.058732  0.759193  0.698829 2.77782E-01
  c   6   8.888769  0.418769  1.119230  1.058866 6.62118E-03
  n   7   7.613189 -0.256811  0.443650  0.383286 4.09375E-04
  o   8   8.099653 -0.630346  0.070115  0.000000 1.43328E-03
  f   9   4.900581  0.440581  1.141042  1.070927 1.07616E-06
 ne  10   7.862354 -0.107646  0.592815  0.522700 1.04679E-03
 na  11   6.056741 -0.253259  0.447202  0.377088 1.86581E-05
 mg  12   6.966843 -0.673157  0.027304 -0.042810 1.60371E-04
 al  13   5.812670 -0.657330  0.043131 -0.026984 1.24833E-05
 si  14   6.853913 -0.696087  0.004374 -0.065741 1.42886E-04
  p  15   4.826672 -0.643328  0.057133 -0.012981 1.47998E-06
  s  16   6.462186 -0.697814  0.002647 -0.067468 6.61917E-05
 cl  17   4.554473 -0.675527  0.024934 -0.045180 9.05134E-07
 ar  18   5.741074 -0.698926  0.001535 -0.068580 1.56731E-05
  k  19   4.390375 -0.689625  0.010836 -0.059278 6.84094E-07
 ca  20   5.590778 -0.699222  0.001239 -0.068875 1.11243E-05
 sc  21   2.411849 -0.638151  0.062310 -0.007805 8.26463E-09
 ti  22   4.227890 -0.682109  0.018352 -0.051763 5.76120E-07
  v  23   3.259201 -0.700799 -0.000338 -0.070453 6.58967E-08
 cr  24   4.923203 -0.716797 -0.016336 -0.086451 3.10284E-06
 mn  25   4.792255 -0.687745  0.012716 -0.057399 2.42502E-06
 fe  26   6.841383 -0.698617  0.000000 -0.068270 2.76029E-04
 co  27   4.251582 -0.618418  0.080199  0.011929 7.49079E-07
 ni  28   5.505922 -0.694077  0.004539 -0.063731 1.33997E-05
 cu  29   3.658874 -0.591126  0.107490  0.039220 2.06323E-07
 zn  30   3.991369 -0.638631  0.059986 -0.008285 4.56661E-07
 ga  31   2.635224 -0.444776  0.253841  0.185571 2.14382E-08
 ge  32   3.122930 -0.457070  0.241546  0.173276 6.86582E-08
 as  33   1.783214 -0.516786  0.181830  0.113560 3.23899E-09
 se  34   2.995973 -0.344027  0.354589  0.286319 5.57143E-08
 br  35   2.108001 -0.431999  0.266617  0.198347 7.29720E-09
 kr  36   3.054380 -0.195620  0.502997  0.434727 6.76395E-08
 rb  37   2.140850 -0.219150  0.479467  0.411196 8.41860E-09
 sr  38   3.289238  0.409238  1.107854  1.039584 1.21459E-07
  y  39   2.672371  0.502371  1.200987  1.132717 2.97775E-08
 zr  40   3.089858  0.559858  1.258475  1.190204 7.99012E-08
 nb  41   1.890285  0.480286  1.178902  1.110632 5.13944E-09
 mo  42   2.343112  0.403112  1.101728  1.033458 1.50556E-08
 tc  43   0.550618 -9.000000  0.000000  0.000000 2.47988E-10
 ru  44   2.061158  0.301158  0.999775  0.931504 8.28642E-09
 rh  45   1.044439 -0.015561  0.683056  0.614786 8.11833E-10
 pd  46   2.095645  0.445645  1.144261  1.075991 9.44615E-09
 ag  47   1.139395 -0.060605  0.638011  0.569741 1.05895E-09
 cd  48   2.249472  0.539472  1.238088  1.169818 1.42189E-08
 in  49   1.118161  0.358161  1.056778  0.988508 1.07339E-09
 sn  50   2.690556  0.620556  1.319172  1.250902 4.14601E-08
 sb  51   1.182077  0.172077  0.870694  0.802424 1.31877E-09
 te  52   2.302935  0.122935  0.821551  0.753281 1.82546E-08
  i  53   1.278061 -0.271939  0.426677  0.358407 1.71444E-09
 xe  54   2.445276  0.205276  0.903893  0.835623 2.60678E-08
 cs  55   1.431067  0.351067  1.049684  0.981414 2.55385E-09
 ba  56   3.246167  1.066167  1.764784  1.696513 1.72389E-07
 la  57   2.246652  1.076652  1.775268  1.706998 1.74566E-08
 ce  58   2.761598  1.181598  1.880214  1.811944 5.76331E-08
 pr  59   1.717448  0.957448  1.656065  1.587795 5.23565E-09
 nd  60   2.524754  1.074754  1.773370  1.705100 3.43895E-08
 pm  61   0.000000 -9.000000  0.000000  0.000000 0.00000E+00
 sm  62   1.740600  0.800600  1.499216  1.430946 5.89276E-09
 eu  63   0.690091  0.180091  0.878708  0.810437 5.30174E-10
 gd  64   1.581595  0.531595  1.230212  1.161942 4.27339E-09
 tb  65   0.580659  0.260659  0.959275  0.891005 4.30961E-10
 dy  66   1.720680  0.590680  1.289297  1.221027 6.08303E-09
 ho  67   0.714891  0.244891  0.943508  0.875238 6.09225E-10
 er  68   1.560449  0.640449  1.339065  1.270795 4.32937E-09
 tm  69   0.621675  0.501675  1.200291  1.132021 5.03476E-10
 yb  70   1.874377  0.954377  1.652994  1.584723 9.22807E-09
 lu  71   0.933063  0.843063  1.541679  1.473409 1.06808E-09
 hf  72   1.864203  1.154203  1.852820  1.784550 9.29831E-09
 ta  73   0.954823  1.074823  1.773439  1.705169 1.16135E-09
  w  74   1.802252  1.152252  1.850868  1.782598 8.30383E-09
 re  75   0.867695  0.607695  1.306311  1.238041 9.77862E-10
 os  76   1.816715  0.466715  1.165332  1.097062 8.88342E-09
 ir  77   1.099756 -0.220244  0.478373  0.410102 1.72240E-09
 pt  78   1.812677  0.192677  0.891294  0.823024 9.02552E-09
 au  79   1.034133  0.234133  0.932749  0.864479 1.51745E-09
 hg  80   2.300720  1.130720  1.829337  1.761067 2.85507E-08
 tl  81   1.825303  1.055303  1.753920  1.685649 9.73497E-09
 pb  82   3.799842  1.759842  2.458458  2.390188 9.30718E-07
 bi  83   1.768350  1.118350  1.816966  1.748696 8.73053E-09
 po  84   2.027377 -9.000000  0.000000  0.000000 1.58529E-08
#[ls/Fe]_Thiswork =   1.1891, [hs/Fe]_Thiswork =   1.8068
#[hs/ls]_Thiswork =   0.6177, [Pb/hs]_Thiswork =   0.6517
# Elemental abundance ratios: 
# He/H =  9.7439E-02, C/O =  6.1534E+00, N/O = 3.26240E-01
#
#  TP   Mass     Mcore    Menv    log L
# 17 2.243610 0.649413 1.594200 4.008910
# El  Z   log e(X)   [X/H]    [X/Fe]     [X/O]      X(i)
  p   1  12.000000  0.000000  0.000000  0.000000 7.14356E-01
 he   2  10.994638  0.064638  0.763255  0.694984 2.80207E-01
  c   6   8.945459  0.475459  1.174076  1.105805 7.50746E-03
  n   7   7.614640 -0.255360  0.443256  0.374986 4.08732E-04
  o   8   8.108969 -0.621031  0.077586  0.000000 1.45719E-03
  f   9   4.980257  0.520257  1.218874  1.141288 1.28653E-06
 ne  10   7.918711 -0.051289  0.647328  0.569742 1.18600E-03
 na  11   6.101968 -0.208032  0.490584  0.412999 2.06044E-05
 mg  12   6.974711 -0.665288  0.033328 -0.044258 1.62503E-04
 al  13   5.819747 -0.650253  0.048364 -0.029222 1.26263E-05
 si  14   6.856179 -0.693821  0.004795 -0.072791 1.42930E-04
  p  15   4.835893 -0.634107  0.064510 -0.013076 1.50434E-06
  s  16   6.464195 -0.695805  0.002811 -0.074774 6.61729E-05
 cl  17   4.559724 -0.670276  0.028341 -0.049245 9.11657E-07
 ar  18   5.742920 -0.697080  0.001537 -0.076049 1.56628E-05
  k  19   4.393702 -0.686298  0.012318 -0.065268 6.85978E-07
 ca  20   5.592589 -0.697411  0.001205 -0.076380 1.11160E-05
 sc  21   2.423552 -0.626448  0.072168 -0.005418 8.44876E-09
 ti  22   4.232265 -0.677735  0.020881 -0.056705 5.79102E-07
  v  23   3.260890 -0.699110 -0.000494 -0.078079 6.58294E-08
 cr  24   4.925275 -0.714725 -0.016109 -0.093694 3.10241E-06
 mn  25   4.796150 -0.683850  0.014766 -0.062819 2.43487E-06
 fe  26   6.843289 -0.696711  0.000000 -0.075680 2.75885E-04
 co  27   4.264006 -0.605994  0.090716  0.015037 7.67041E-07
 ni  28   5.508176 -0.691824  0.004887 -0.070793 1.34034E-05
 cu  29   3.670709 -0.579291  0.117419  0.041739 2.10985E-07
 zn  30   3.999949 -0.630051  0.066660 -0.009020 4.63491E-07
 ga  31   2.660432 -0.419568  0.277143  0.201463 2.26080E-08
 ge  32   3.150855 -0.429145  0.267566  0.191886 7.28593E-08
 as  33   1.804845 -0.495155  0.201555  0.125876 3.38773E-09
 se  34   3.033610 -0.306390  0.390321  0.314641 6.04605E-08
 br  35   2.143028 -0.396972  0.299739  0.224059 7.87137E-09
 kr  36   3.103873 -0.146127  0.550584  0.474904 7.54330E-08
 rb  37   2.198002 -0.161998  0.534713  0.459033 9.55563E-09
 sr  38   3.362222  0.482222  1.178932  1.103252 1.42981E-07
  y  39   2.747990  0.577990  1.274700  1.199020 3.52675E-08
 zr  40   3.163564  0.633564  1.330274  1.254595 9.42164E-08
 nb  41   1.963857  0.553857  1.250567  1.174888 6.05836E-09
 mo  42   2.413811  0.473811  1.170521  1.094841 1.76305E-08
 tc  43   0.604843 -9.000000  0.000000  0.000000 2.79591E-10
 ru  44   2.129372  0.369372  1.066082  0.990402 9.64825E-09
 rh  45   1.103684  0.043684  0.740395  0.664715 9.25933E-10
 pd  46   2.164570  0.514570  1.211280  1.135601 1.10166E-08
 ag  47   1.197783 -0.002218  0.694493  0.618813 1.20539E-09
 cd  48   2.319194  0.609194  1.305904  1.230225 1.66133E-08
 in  49   1.185540  0.425540  1.122251  1.046571 1.24740E-09
 sn  50   2.758724  0.688724  1.385435  1.309755 4.82688E-08
 sb  51   1.246490  0.236490  0.933200  0.857520 1.52212E-09
 te  52   2.368074  0.188074  0.884785  0.809105 2.11047E-08
  i  53   1.322644 -0.227356  0.469355  0.393675 1.89049E-09
 xe  54   2.506053  0.266053  0.962764  0.887084 2.98366E-08
 cs  55   1.499280  0.419280  1.115991  1.040311 2.97355E-09
 ba  56   3.314547  1.134547  1.831257  1.755577 2.00797E-07
 la  57   2.316311  1.146311  1.843022  1.767342 2.03933E-08
 ce  58   2.833422  1.253422  1.950132  1.874452 6.76650E-08
 pr  59   1.790839  1.030839  1.727550  1.651870 6.16920E-09
 nd  60   2.596468  1.146468  1.843179  1.767499 4.03653E-08
 pm  61   0.000000 -9.000000  0.000000  0.000000 0.00000E+00
 sm  62   1.809246  0.869246  1.565957  1.490277 6.86803E-09
 eu  63   0.754247  0.244247  0.940957  0.865278 6.11564E-10
 gd  64   1.651831  0.601831  1.298541  1.222862 4.99892E-09
 tb  65   0.646035  0.326035  1.022746  0.947066 4.98519E-10
 dy  66   1.789795  0.659795  1.356506  1.280826 7.09745E-09
 ho  67   0.780194  0.310194  1.006905  0.931225 7.04609E-10
 er  68   1.633674  0.713674  1.410384  1.334704 5.09938E-09
 tm  69   0.690681  0.570680  1.267391  1.191711 5.87289E-10
 yb  70   1.947064  1.027064  1.723775  1.648095 1.08559E-08
 lu  71   1.002225  0.912225  1.608935  1.533256 1.24634E-09
 hf  72   1.938786  1.228786  1.925496  1.849816 1.09863E-08
 ta  73   1.029005  1.149005  1.845716  1.770036 1.37092E-09
  w  74   1.875813  1.225813  1.922523  1.846843 9.78829E-09
 re  75   0.941664  0.681664  1.378374  1.302695 1.15376E-09
 os  76   1.884260  0.534260  1.230971  1.155291 1.03274E-08
 ir  77   1.150742 -0.169258  0.527452  0.451772 1.92747E-09
 pt  78   1.876572  0.256572  0.953282  0.877602 1.04048E-08
 au  79   1.097965  0.297965  0.994676  0.918996 1.74909E-09
 hg  80   2.372587  1.202587  1.899298  1.823618 3.35236E-08
 tl  81   1.905852  1.135852  1.832563  1.756883 1.16614E-08
 pb  82   3.850419  1.810419  2.507130  2.431450 1.04055E-06
 bi  83   1.814852  1.164852  1.861562  1.785883 9.66965E-09
 po  84   2.065546 -9.000000  0.000000  0.000000 1.72245E-08
#[ls/Fe]_Thiswork =   1.2613, [hs/Fe]_Thiswork =   1.8748
#[hs/ls]_Thiswork =   0.6135, [Pb/hs]_Thiswork =   0.6323
# Elemental abundance ratios: 
# He/H =  9.8773E-02, C/O =  6.8626E+00, N/O = 3.20384E-01
#
#  TP   Mass     Mcore    Menv    log L
# 18 2.236000 0.652238 1.583760 4.021220
# El  Z   log e(X)   [X/H]    [X/Fe]     [X/O]      X(i)
  p   1  12.000000  0.000000  0.000000  0.000000 7.10867E-01
 he   2  11.000479  0.070478  0.767189  0.691509 2.82613E-01
  c   6   8.995485  0.525485  1.222196  1.146516 8.38287E-03
  n   7   7.616801 -0.253199  0.443511  0.367832 4.08765E-04
  o   8   8.117756 -0.612244  0.084467  0.000000 1.47971E-03
  f   9   5.055490  0.595490  1.292201  1.207734 1.52239E-06
 ne  10   7.969616 -0.000384  0.696327  0.611860 1.32698E-03
 na  11   6.145035 -0.164965  0.531746  0.447279 2.26413E-05
 mg  12   6.982932 -0.657068  0.039642 -0.044825 1.64799E-04
 al  13   5.826581 -0.643418  0.053292 -0.031175 1.27639E-05
 si  14   6.858438 -0.691562  0.005148 -0.079319 1.42974E-04
  p  15   4.844918 -0.625082  0.071629 -0.012838 1.52842E-06
  s  16   6.466195 -0.693805  0.002906 -0.081561 6.61537E-05
 cl  17   4.564926 -0.665074  0.031636 -0.052831 9.18135E-07
 ar  18   5.744759 -0.695241  0.001469 -0.082998 1.56524E-05
  k  19   4.397020 -0.682980  0.013731 -0.070736 6.87864E-07
 ca  20   5.594388 -0.695612  0.001098 -0.083369 1.11076E-05
 sc  21   2.435256 -0.614744  0.081967 -0.002500 8.63718E-09
 ti  22   4.236582 -0.673418  0.023293 -0.061174 5.82031E-07
  v  23   3.262565 -0.697435 -0.000725 -0.085192 6.57611E-08
 cr  24   4.927339 -0.712661 -0.015950 -0.100417 3.10196E-06
 mn  25   4.800004 -0.679996  0.016715 -0.067752 2.44458E-06
 fe  26   6.845189 -0.694811  0.000000 -0.082567 2.75741E-04
 co  27   4.276543 -0.593457  0.101354  0.018787 7.85651E-07
 ni  28   5.510430 -0.689570  0.005241 -0.077326 1.34074E-05
 cu  29   3.682557 -0.567443  0.127368  0.044801 2.15761E-07
 zn  30   4.008663 -0.621337  0.073474 -0.009093 4.70575E-07
 ga  31   2.685535 -0.394464  0.300346  0.217779 2.38363E-08
 ge  32   3.178527 -0.401473  0.293338  0.210771 7.72735E-08
 as  33   1.826463 -0.473537  0.221274  0.138706 3.54323E-09
 se  34   3.069056 -0.270944  0.423867  0.341299 6.52816E-08
 br  35   2.175932 -0.364068  0.330743  0.248176 8.44945E-09
 kr  36   3.148240 -0.101760  0.593051  0.510484 8.31383E-08
 rb  37   2.249566 -0.110434  0.584377  0.501810 1.07077E-08
 sr  38   3.424407  0.544407  1.239218  1.156651 1.64187E-07
  y  39   2.813542  0.643542  1.338353  1.255786 4.08133E-08
 zr  40   3.228650  0.698650  1.393461  1.310894 1.08915E-07
 nb  41   2.029589  0.619589  1.314400  1.231832 7.01391E-09
 mo  42   2.477084  0.537084  1.231895  1.149328 2.02961E-08
 tc  43   0.651360 -9.000000  0.000000  0.000000 3.09681E-10
 ru  44   2.190213  0.430213  1.125024  1.042457 1.10450E-08
 rh  45   1.157475  0.097476  0.792286  0.709719 1.04290E-09
 pd  46   2.225962  0.575962  1.270773  1.188205 1.26274E-08
 ag  47   1.251106  0.051106  0.745917  0.663350 1.35621E-09
 cd  48   2.381372  0.671372  1.366183  1.283616 1.90770E-08
 in  49   1.245955  0.485955  1.180766  1.098199 1.42657E-09
 sn  50   2.819142  0.749142  1.443953  1.361386 5.52024E-08
 sb  51   1.303493  0.293494  0.988304  0.905737 1.72713E-09
 te  52   2.425027  0.245027  0.939838  0.857270 2.39445E-08
  i  53   1.363156 -0.186844  0.507967  0.425400 2.06519E-09
 xe  54   2.558958  0.318958  1.013769  0.931202 3.35373E-08
 cs  55   1.558268  0.478268  1.173078  1.090511 3.38951E-09
 ba  56   3.371947  1.191947  1.886758  1.804191 2.28051E-07
 la  57   2.374827  1.204827  1.899638  1.817071 2.32208E-08
 ce  58   2.894802  1.314802  2.009613  1.927046 7.75565E-08
 pr  59   1.853798  1.093798  1.788609  1.706042 7.09678E-09
 nd  60   2.658382  1.208382  1.903193  1.820626 4.63229E-08
 pm  61   0.000000 -9.000000  0.000000  0.000000 0.00000E+00
 sm  62   1.868828  0.928828  1.623639  1.541071 7.83950E-09
 eu  63   0.810744  0.300744  0.995555  0.912988 6.93128E-10
 gd  64   1.713492  0.663492  1.358303  1.275736 5.73338E-09
 tb  65   0.703983  0.383983  1.078794  0.996227 5.66896E-10
 dy  66   1.850378  0.720378  1.415189  1.332622 8.12007E-09
 ho  67   0.837922  0.367922  1.062733  0.980166 8.00847E-10
 er  68   1.698049  0.778049  1.472859  1.390292 5.88527E-09
 tm  69   0.751510  0.631510  1.326321  1.243753 6.72288E-10
 yb  70   2.010947  1.090947  1.785758  1.703191 1.25147E-08
 lu  71   1.063093  0.973093  1.667904  1.585337 1.42685E-09
 hf  72   2.004605  1.294605  1.989416  1.906849 1.27218E-08
 ta  73   1.094439  1.214439  1.909249  1.826682 1.58606E-09
  w  74   1.940886  1.290887  1.985697  1.903130 1.13150E-08
 re  75   1.007254  0.747254  1.442065  1.359497 1.33530E-09
 os  76   1.944650  0.594650  1.289461  1.206893 1.18102E-08
 ir  77   1.198019 -0.121981  0.572830  0.490263 2.13864E-09
 pt  78   1.934257  0.314257  1.009067  0.926500 1.18248E-08
 au  79   1.155602  0.355601  1.050412  0.967845 1.98757E-09
 hg  80   2.436990  1.266990  1.961801  1.879233 3.86926E-08
 tl  81   1.979027  1.209027  1.903838  1.821270 1.37341E-08
 pb  82   3.894160  1.854160  2.548971  2.466404 1.14519E-06
 bi  83   1.854415  1.204415  1.899226  1.816659 1.05402E-08
 po  84   2.096835 -9.000000  0.000000  0.000000 1.84209E-08
#[ls/Fe]_Thiswork =   1.3237, [hs/Fe]_Thiswork =   1.9320
#[hs/ls]_Thiswork =   0.6083, [Pb/hs]_Thiswork =   0.6170
# Elemental abundance ratios: 
# He/H =  1.0011E-01, C/O =  7.5462E+00, N/O = 3.15533E-01
#
#  TP   Mass     Mcore    Menv    log L
# 19 2.220030 0.654972 1.565060 4.032490
# El  Z   log e(X)   [X/H]    [X/Fe]     [X/O]      X(i)
  p   1  12.000000  0.000000  0.000000  0.000000 7.07323E-01
 he   2  11.006422  0.076422  0.771233  0.688665 2.85079E-01
  c   6   9.039900  0.569900  1.264710  1.182143 9.23925E-03
  n   7   7.620175 -0.249825  0.444986  0.362419 4.09900E-04
  o   8   8.126297 -0.603703  0.091108  0.000000 1.50157E-03
  f   9   5.126102  0.666102  1.360913  1.269805 1.78225E-06
 ne  10   8.019396  0.049396  0.744207  0.653099 1.48073E-03
 na  11   6.195049 -0.114951  0.579860  0.488751 2.52781E-05
 mg  12   6.991740 -0.648260  0.046551 -0.044557 1.67338E-04
 al  13   5.833375 -0.636625  0.058186 -0.032922 1.29005E-05
 si  14   6.860746 -0.689254  0.005557 -0.085551 1.43019E-04
  p  15   4.854016 -0.615984  0.078827 -0.012281 1.55300E-06
  s  16   6.468233 -0.691767  0.003044 -0.088064 6.61336E-05
 cl  17   4.570222 -0.659778  0.035033 -0.056076 9.24767E-07
 ar  18   5.746631 -0.693369  0.001442 -0.089666 1.56417E-05
  k  19   4.400398 -0.679602  0.015209 -0.075899 6.89780E-07
 ca  20   5.596217 -0.693783  0.001028 -0.090080 1.10989E-05
 sc  21   2.447186 -0.602814  0.091996  0.000888 8.83345E-09
 ti  22   4.240955 -0.669044  0.025766 -0.065342 5.84991E-07
  v  23   3.264269 -0.695731 -0.000920 -0.092029 6.56905E-08
 cr  24   4.929444 -0.710556 -0.015745 -0.106853 3.10150E-06
 mn  25   4.803855 -0.676145  0.018666 -0.072443 2.45406E-06
 fe  26   6.847128 -0.692872  0.000000 -0.089169 2.75594E-04
 co  27   4.289583 -0.580417  0.112454  0.023285 8.05562E-07
 ni  28   5.512737 -0.687263  0.005609 -0.083560 1.34116E-05
 cu  29   3.694551 -0.555449  0.137422  0.048253 2.20697E-07
 zn  30   4.017432 -0.612568  0.080304 -0.008865 4.77779E-07
 ga  31   2.710343 -0.369657  0.323215  0.234046 2.51118E-08
 ge  32   3.206285 -0.373714  0.319157  0.229988 8.19633E-08
 as  33   1.848763 -0.451237  0.241634  0.152465 3.71133E-09
 se  34   3.104892 -0.235108  0.457763  0.368594 7.05434E-08
 br  35   2.208653 -0.331347  0.361525  0.272356 9.06524E-09
 kr  36   3.191319 -0.058681  0.634191  0.545022 9.13503E-08
 rb  37   2.300022 -0.059978  0.632894  0.543725 1.19669E-08
 sr  38   3.479023  0.599023  1.291894  1.202725 1.85261E-07
  y  39   2.870975  0.700975  1.393847  1.304678 4.63515E-08
 zr  40   3.286508  0.756508  1.449379  1.360210 1.23815E-07
 nb  41   2.088552  0.678553  1.371424  1.282255 7.99381E-09
 mo  42   2.534410  0.594409  1.287281  1.198112 2.30445E-08
 tc  43   0.692005 -9.000000  0.000000  0.000000 3.38367E-10
 ru  44   2.245481  0.485481  1.178352  1.089183 1.24813E-08
 rh  45   1.207171  0.147171  0.840043  0.750874 1.16351E-09
 pd  46   2.281940  0.631940  1.324812  1.235643 1.42929E-08
 ag  47   1.300737  0.100737  0.793609  0.704440 1.51282E-09
 cd  48   2.438368  0.728368  1.421239  1.332070 2.16438E-08
 in  49   1.301727  0.541727  1.234599  1.145430 1.61397E-09
 sn  50   2.875304  0.805304  1.498176  1.409007 6.25100E-08
 sb  51   1.356952  0.346952  1.039823  0.950654 1.94363E-09
 te  52   2.478324  0.298324  0.991195  0.902026 2.69360E-08
  i  53   1.402416 -0.147584  0.545288  0.456119 2.24931E-09
 xe  54   2.608785  0.368785  1.061656  0.972487 3.74269E-08
 cs  55   1.613775  0.533775  1.226647  1.137478 3.83243E-09
 ba  56   3.423588  1.243588  1.936459  1.847290 2.55565E-07
 la  57   2.427024  1.257024  1.949896  1.860726 2.60557E-08
 ce  58   2.949597  1.369597  2.062469  1.973300 8.75473E-08
 pr  59   1.910126  1.150126  1.842997  1.753828 8.03931E-09
 nd  60   2.713789  1.263789  1.956661  1.867491 5.23639E-08
 pm  61   0.000000 -9.000000  0.000000  0.000000 0.00000E+00
 sm  62   1.922361  0.982361  1.675233  1.586064 8.82371E-09
 eu  63   0.862089  0.352089  1.044961  0.955792 7.76225E-10
 gd  64   1.769178  0.719178  1.412050  1.322881 6.48525E-09
 tb  65   0.756628  0.436628  1.129500  1.040331 6.36763E-10
 dy  66   1.905046  0.775046  1.467917  1.378748 9.16340E-09
 ho  67   0.890327  0.420327  1.113199  1.024030 8.99051E-10
 er  68   1.756161  0.836161  1.529032  1.439863 6.69435E-09
 tm  69   0.806415  0.686415  1.379286  1.290117 7.59082E-10
 yb  70   2.068799  1.148799  1.841671  1.752501 1.42267E-08
 lu  71   1.118106  1.028106  1.720977  1.631808 1.61146E-09
 hf  72   2.064121  1.354121  2.046993  1.957824 1.45175E-08
 ta  73   1.153471  1.273471  1.966343  1.877174 1.80793E-09
  w  74   2.000047  1.350047  2.042918  1.953749 1.29016E-08
 re  75   1.066867  0.806867  1.499738  1.410569 1.52413E-09
 os  76   1.999854  0.649854  1.342726  1.253557 1.33441E-08
 ir  77   1.242471 -0.077529  0.615342  0.526173 2.35733E-09
 pt  78   1.987488  0.367488  1.060359  0.971190 1.33001E-08
 au  79   1.208718  0.408718  1.101590  1.012421 2.23496E-09
 hg  80   2.496048  1.326048  2.018919  1.929751 4.41078E-08
 tl  81   2.047338  1.277338  1.970209  1.881040 1.59934E-08
 pb  82   3.934108  1.894108  2.586979  2.497810 1.24927E-06
 bi  83   1.890165  1.240165  1.933037  1.843868 1.13875E-08
 po  84   2.124373 -9.000000  0.000000  0.000000 1.95289E-08
#[ls/Fe]_Thiswork =   1.3784, [hs/Fe]_Thiswork =   1.9829
#[hs/ls]_Thiswork =   0.6046, [Pb/hs]_Thiswork =   0.6040
# Elemental abundance ratios: 
# He/H =  1.0149E-01, C/O =  8.1960E+00, N/O = 3.11802E-01
#
#  TP   Mass     Mcore    Menv    log L
# 20 2.178940 0.657614 1.521320 4.042910
# El  Z   log e(X)   [X/H]    [X/Fe]     [X/O]      X(i)
  p   1  12.000000  0.000000  0.000000  0.000000 7.03708E-01
 he   2  11.012465  0.082464  0.775336  0.686167 2.87595E-01
  c   6   9.080734  0.610734  1.303606  1.214437 1.00982E-02
  n   7   7.628488 -0.241512  0.451359  0.362190 4.15685E-04
  o   8   8.134702 -0.595298  0.097574  0.000000 1.52309E-03
  f   9   5.192667  0.732667  1.425539  1.327965 2.06684E-06
 ne  10   8.067568  0.097568  0.790440  0.692866 1.64596E-03
 na  11   6.251623 -0.058377  0.634494  0.536921 2.86479E-05
 mg  12   7.001320 -0.638680  0.054192 -0.043382 1.70195E-04
 al  13   5.840202 -0.629798  0.063074 -0.034500 1.30379E-05
 si  14   6.863116 -0.686884  0.005987 -0.091587 1.43066E-04
  p  15   4.863222 -0.606778  0.086094 -0.011480 1.57816E-06
  s  16   6.470320 -0.689680  0.003192 -0.094382 6.61124E-05
 cl  17   4.575612 -0.654388  0.038483 -0.059091 9.31529E-07
 ar  18   5.748550 -0.691450  0.001421 -0.096152 1.56306E-05
  k  19   4.403859 -0.676141  0.016731 -0.080843 6.91744E-07
 ca  20   5.598088 -0.691912  0.000960 -0.096614 1.10899E-05
 sc  21   2.459332 -0.590667  0.102204  0.004630 9.03757E-09
 ti  22   4.245436 -0.664564  0.028308 -0.069266 5.88036E-07
  v  23   3.266027 -0.693973 -0.001101 -0.098675 6.56199E-08
 cr  24   4.931603 -0.708397 -0.015525 -0.113099 3.10102E-06
 mn  25   4.807739 -0.672261  0.020610 -0.076963 2.46345E-06
 fe  26   6.849115 -0.690885  0.000000 -0.095587 2.75443E-04
 co  27   4.302969 -0.567030  0.123854  0.028267 8.26532E-07
 ni  28   5.515113 -0.684886  0.005998 -0.089589 1.34163E-05
 cu  29   3.706774 -0.543226  0.147658  0.052072 2.25836E-07
 zn  30   4.026838 -0.603162  0.087723 -0.007864 4.85744E-07
 ga  31   2.737605 -0.342395  0.348490  0.252903 2.66019E-08
 ge  32   3.237580 -0.342420  0.348465  0.252878 8.76371E-08
 as  33   1.874720 -0.425280  0.265604  0.170017 3.91977E-09
 se  34   3.146202 -0.193798  0.497087  0.401500 7.71864E-08
 br  35   2.244359 -0.295641  0.395244  0.299657 9.79173E-09
 kr  36   3.237483 -0.012517  0.678368  0.582781 1.01076E-07
 rb  37   2.354202 -0.005798  0.685087  0.589500 1.34877E-08
 sr  38   3.522957  0.642957  1.333841  1.238255 2.03935E-07
  y  39   2.913289  0.743289  1.434174  1.338587 5.08337E-08
 zr  40   3.326274  0.796274  1.487159  1.391572 1.34994E-07
 nb  41   2.129120  0.719120  1.410004  1.314418 8.73163E-09
 mo  42   2.573996  0.633996  1.324880  1.229293 2.51146E-08
 tc  43   0.696168 -9.000000  0.000000  0.000000 3.39880E-10
 ru  44   2.284203  0.524203  1.215087  1.119500 1.35755E-08
 rh  45   1.241761  0.181761  0.872646  0.777059 1.25353E-09
 pd  46   2.320716  0.670716  1.361601  1.266014 1.55479E-08
 ag  47   1.336415  0.136415  0.827300  0.731713 1.63395E-09
 cd  48   2.478991  0.768991  1.459875  1.364288 2.36445E-08
 in  49   1.342196  0.582196  1.273081  1.177494 1.76254E-09
 sn  50   2.918788  0.848788  1.539673  1.444086 6.87396E-08
 sb  51   1.400337  0.390337  1.081222  0.985635 2.13685E-09
 te  52   2.522921  0.342921  1.033805  0.938218 2.96964E-08
  i  53   1.436939 -0.113061  0.577824  0.482237 2.42296E-09
 xe  54   2.653940  0.413940  1.104825  1.009238 4.13156E-08
 cs  55   1.665675  0.585675  1.276560  1.180973 4.29683E-09
 ba  56   3.485186  1.305186  1.996070  1.900483 2.93004E-07
 la  57   2.492334  1.322334  2.013219  1.917632 3.01291E-08
 ce  58   3.017992  1.437992  2.128877  2.033290 1.01956E-07
 pr  59   1.980153  1.220153  1.911038  1.815451 9.39767E-09
 nd  60   2.782089  1.332089  2.022974  1.927387 6.09686E-08
 pm  61   0.000000 -9.000000  0.000000  0.000000 0.00000E+00
 sm  62   1.988224  1.048224  1.739109  1.643522 1.02162E-08
 eu  63   0.925600  0.415600  1.106485  1.010898 8.93866E-10
 gd  64   1.837342  0.787342  1.478227  1.382640 7.54856E-09
 tb  65   0.821467  0.501467  1.192352  1.096765 7.35515E-10
 dy  66   1.971760  0.841760  1.532644  1.437058 1.06303E-08
 ho  67   0.954521  0.484521  1.175406  1.079819 1.03694E-09
 er  68   1.826483  0.906483  1.597367  1.501781 7.83077E-09
 tm  69   0.873265  0.753265  1.444150  1.348563 8.80874E-10
 yb  70   2.138413  1.218413  1.909298  1.813711 1.66147E-08
 lu  71   1.184124  1.094124  1.785009  1.689422 1.86643E-09
 hf  72   2.134665  1.424665  2.115550  2.019963 1.69907E-08
 ta  73   1.223256  1.343256  2.034141  1.938554 2.11223E-09
  w  74   2.069459  1.419459  2.110343  2.014757 1.50602E-08
 re  75   1.136470  0.876470  1.567354  1.471768 1.77991E-09
 os  76   2.064320  0.714320  1.405204  1.309617 1.54003E-08
 ir  77   1.295471 -0.024529  0.666356  0.570769 2.64969E-09
 pt  78   2.049632  0.429632  1.120517  1.024930 1.52676E-08
 au  79   1.270608  0.470608  1.161493  1.065906 2.56409E-09
 hg  80   2.562682  1.392682  2.083567  1.987980 5.11591E-08
 tl  81   2.121814  1.351814  2.042698  1.947112 1.88882E-08
 pb  82   3.966139  1.926139  2.617023  2.521437 1.33801E-06
 bi  83   1.917540  1.267540  1.958424  1.862837 1.20664E-08
 po  84   2.146485 -9.000000  0.000000  0.000000 2.04439E-08
#[ls/Fe]_Thiswork =   1.4184, [hs/Fe]_Thiswork =   2.0461
#[hs/ls]_Thiswork =   0.6277, [Pb/hs]_Thiswork =   0.5710
# Elemental abundance ratios: 
# He/H =  1.0291E-01, C/O =  8.8315E+00, N/O = 3.11735E-01
#
#  TP   Mass     Mcore    Menv    log L
# 21 1.858810 0.660154 1.198660 4.050400
# El  Z   log e(X)   [X/H]    [X/Fe]     [X/O]      X(i)
  p   1  12.000000  0.000000  0.000000  0.000000 7.00076E-01
 he   2  11.018461  0.088461  0.779346  0.683759 2.90089E-01
  c   6   9.119723  0.649723  1.340608  1.245021 1.09897E-02
  n   7   7.633483 -0.236517  0.454368  0.358781 4.18324E-04
  o   8   8.143159 -0.586841  0.104044  0.000000 1.54503E-03
  f   9   5.252079  0.792079  1.482964  1.378920 2.35761E-06
 ne  10   8.113136  0.143137  0.834021  0.729977 1.81862E-03
 na  11   6.305878 -0.004122  0.686762  0.582718 3.22925E-05
 mg  12   7.011590 -0.628410  0.062474 -0.041570 1.73368E-04
 al  13   5.846930 -0.623070  0.067815 -0.036229 1.31731E-05
 si  14   6.865518 -0.684483  0.006402 -0.097642 1.43117E-04
  p  15   4.872353 -0.597647  0.093238 -0.010806 1.60337E-06
  s  16   6.472417 -0.687583  0.003302 -0.100742 6.60895E-05
 cl  17   4.581169 -0.648831  0.042053 -0.061991 9.38655E-07
 ar  18   5.750478 -0.689522  0.001363 -0.102681 1.56192E-05
  k  19   4.407428 -0.672572  0.018313 -0.085731 6.93853E-07
 ca  20   5.599960 -0.690040  0.000844 -0.103199 1.10803E-05
 sc  21   2.472288 -0.577712  0.113173  0.009129 9.26319E-09
 ti  22   4.249762 -0.660238  0.030647 -0.073397 5.90858E-07
  v  23   3.267734 -0.692266 -0.001382 -0.105426 6.55381E-08
 cr  24   4.933761 -0.706239 -0.015354 -0.119398 3.10038E-06
 mn  25   4.811568 -0.668432  0.022453 -0.081591 2.47244E-06
 fe  26   6.851113 -0.688887  0.000000 -0.102046 2.75284E-04
 co  27   4.317159 -0.552841  0.136046  0.034000 8.49576E-07
 ni  28   5.517618 -0.682382  0.006505 -0.095541 1.34242E-05
 cu  29   3.720615 -0.529385  0.159503  0.057456 2.31947E-07
 zn  30   4.037353 -0.592647  0.096240 -0.005806 4.95080E-07
 ga  31   2.766521 -0.313479  0.375408  0.273361 2.82866E-08
 ge  32   3.271030 -0.308969  0.379918  0.277871 9.41653E-08
 as  33   1.903306 -0.396694  0.292193  0.190147 4.16485E-09
 se  34   3.191525 -0.148474  0.540413  0.438366 8.52348E-08
 br  35   2.282995 -0.257005  0.431882  0.329836 1.06475E-08
 kr  36   3.287670  0.037670  0.726557  0.624511 1.12873E-07
 rb  37   2.420664  0.060664  0.749551  0.647505 1.56369E-08
 sr  38   3.577012  0.697012  1.385899  1.283853 2.29773E-07
  y  39   2.964844  0.794844  1.483731  1.381684 5.69454E-08
 zr  40   3.370318  0.840318  1.529206  1.427159 1.48632E-07
 nb  41   2.173071  0.763071  1.451958  1.349912 9.61167E-09
 mo  42   2.613197  0.673197  1.362084  1.260038 2.73452E-08
 tc  43   0.707326 -9.000000  0.000000  0.000000 3.46926E-10
 ru  44   2.320666  0.560666  1.249553  1.147507 1.46884E-08
 rh  45   1.274855  0.214855  0.903742  0.801695 1.34580E-09
 pd  46   2.357043  0.707043  1.395930  1.293884 1.68171E-08
 ag  47   1.369692  0.169692  0.858579  0.756532 1.75497E-09
 cd  48   2.515679  0.805679  1.494566  1.392520 2.55960E-08
 in  49   1.378268  0.618268  1.307155  1.205109 1.90530E-09
 sn  50   2.955460  0.885460  1.574347  1.472300 7.44100E-08
 sb  51   1.435937  0.425937  1.114824  1.012778 2.30741E-09
 te  52   2.558569  0.378569  1.067456  0.965410 3.20704E-08
  i  53   1.464837 -0.085163  0.603724  0.501678 2.57038E-09
 xe  54   2.689383  0.449383  1.138270  1.036223 4.45973E-08
 cs  55   1.705999  0.625999  1.314886  1.212840 4.69056E-09
 ba  56   3.529570  1.349570  2.038457  1.936410 3.22857E-07
 la  57   2.538728  1.368728  2.057615  1.955568 3.33529E-08
 ce  58   3.065881  1.485881  2.174768  2.072721 1.13254E-07
 pr  59   2.029768  1.269768  1.958655  1.856609 1.04806E-08
 nd  60   2.829534  1.379534  2.068421  1.966374 6.76557E-08
 pm  61   0.000000 -9.000000  0.000000  0.000000 0.00000E+00
 sm  62   2.033844  1.093844  1.782731  1.680685 1.12891E-08
 eu  63   0.970016  0.460016  1.148903  1.046856 9.85010E-10
 gd  64   1.884730  0.834730  1.523618  1.421571 8.37540E-09
 tb  65   0.866567  0.546567  1.235454  1.133407 8.11790E-10
 dy  66   2.018005  0.888005  1.576892  1.474846 1.17637E-08
 ho  67   0.999045  0.529045  1.217932  1.115886 1.14296E-09
 er  68   1.874934  0.954934  1.643821  1.541775 8.70981E-09
 tm  69   0.918920  0.798920  1.487807  1.385760 9.73467E-10
 yb  70   2.187280  1.267280  1.956167  1.854120 1.84974E-08
 lu  71   1.230466  1.140466  1.829353  1.727306 2.06588E-09
 hf  72   2.183689  1.473689  2.162576  2.060530 1.89229E-08
 ta  73   1.270977  1.390977  2.079864  1.977818 2.34539E-09
  w  74   2.118629  1.468629  2.157516  2.055470 1.67785E-08
 re  75   1.185493  0.925493  1.614381  1.512334 1.98232E-09
 os  76   2.110328  0.760328  1.449215  1.347168 1.70330E-08
 ir  77   1.333731  0.013731  0.702618  0.600571 2.87877E-09
 pt  78   2.093520  0.473520  1.162407  1.060361 1.68040E-08
 au  79   1.313704  0.513704  1.202591  1.100544 2.81697E-09
 hg  80   2.609390  1.439390  2.128277  2.026231 5.66740E-08
 tl  81   2.178756  1.408756  2.097643  1.995596 2.14232E-08
 pb  82   3.993232  1.953232  2.642119  2.540072 1.41679E-06
 bi  83   1.942443  1.292443  1.981330  1.879284 1.27125E-08
 po  84   2.165353 -9.000000  0.000000  0.000000 2.12414E-08
#[ls/Fe]_Thiswork =   1.4663, [hs/Fe]_Thiswork =   2.0903
#[hs/ls]_Thiswork =   0.6240, [Pb/hs]_Thiswork =   0.5518
# Elemental abundance ratios: 
# He/H =  1.0434E-01, C/O =  9.4747E+00, N/O = 3.09260E-01
#
# Final abundances
# El  Z   log e(X)   [X/H]    [X/Fe]     [X/O]      X(i)
  p   1  12.000000  0.000000  0.000000  0.000000 6.96151E-01
 he   2  11.024940  0.094939  0.781662  0.672686 2.92798E-01
  c   6   9.157652  0.687652  1.374374  1.265398 1.19254E-02
  n   7   7.639127 -0.230873  0.455850  0.346874 4.21420E-04
  o   8   8.152253 -0.577746  0.108976  0.000000 1.56888E-03
  f   9   5.313646  0.853646  1.540369  1.431392 2.70145E-06
 ne  10   8.160601  0.190601  0.877324  0.768347 2.01727E-03
 na  11   6.363809  0.053809  0.740532  0.631556 3.66937E-05
 mg  12   7.023360 -0.616640  0.070083 -0.038894 1.77133E-04
 al  13   5.854164 -0.615836  0.070887 -0.038089 1.33193E-05
 si  14   6.868128 -0.681872  0.004851 -0.104125 1.43173E-04
  p  15   4.882383 -0.587616  0.099106 -0.009870 1.63164E-06
  s  16   6.474691 -0.685308  0.001414 -0.107562 6.60641E-05
 cl  17   4.587137 -0.642863  0.043860 -0.065116 9.46310E-07
 ar  18   5.752572 -0.687428 -0.000706 -0.109682 1.56066E-05
  k  19   4.411252 -0.668748  0.017974 -0.091002 6.96064E-07
 ca  20   5.601992 -0.688008 -0.001286 -0.110262 1.10698E-05
 sc  21   2.485985 -0.564015  0.122708  0.013731 9.50639E-09
 ti  22   4.254594 -0.655406  0.031317 -0.077660 5.94119E-07
  v  23   3.269646 -0.690354 -0.003632 -0.112608 6.54583E-08
 cr  24   4.936107 -0.703893 -0.017170 -0.126146 3.09970E-06
 mn  25   4.815677 -0.664323  0.022399 -0.086577 2.48195E-06
 fe  26   6.853277 -0.686723  0.000000 -0.108976 2.75109E-04
 co  27   4.332186 -0.537814  0.148909  0.039933 8.74557E-07
 ni  28   5.520360 -0.679640  0.007083 -0.101893 1.34335E-05
 cu  29   3.735549 -0.514451  0.172272  0.063295 2.38716E-07
 zn  30   4.048558 -0.581442  0.105281 -0.003695 5.05171E-07
 ga  31   2.794892 -0.285108  0.401615  0.292639 3.00270E-08
 ge  32   3.301958 -0.278042  0.408681  0.299705 1.00549E-07
 as  33   1.929233 -0.370767  0.315955  0.206979 4.39628E-09
 se  34   3.228834 -0.111166  0.575557  0.466581 9.23599E-08
 br  35   2.316396 -0.223604  0.463119  0.354142 1.14342E-08
 kr  36   3.330266  0.080266  0.766989  0.658012 1.23806E-07
 rb  37   2.473750  0.113750  0.800473  0.691497 1.75710E-08
 sr  38   3.624470  0.744470  1.431192  1.322216 2.54869E-07
  y  39   3.014071  0.844071  1.530794  1.421818 6.34228E-08
 zr  40   3.418314  0.888314  1.575037  1.466060 1.65069E-07
 nb  41   2.222168  0.812168  1.498891  1.389914 1.07018E-08
 mo  42   2.660386  0.720386  1.407109  1.298132 3.03130E-08
 tc  43   0.757481 -9.000000  0.000000  0.000000 3.87213E-10
 ru  44   2.365156  0.605156  1.291879  1.182903 1.61816E-08
 rh  45   1.316430  0.256430  0.943153  0.834177 1.47270E-09
 pd  46   2.402830  0.752830  1.439553  1.330577 1.85822E-08
 ag  47   1.411479  0.211479  0.898202  0.789225 1.92139E-09
 cd  48   2.562671  0.852671  1.539393  1.430417 2.83611E-08
 in  49   1.424781  0.664781  1.351504  1.242527 2.10880E-09
 sn  50   3.003628  0.933628  1.620351  1.511374 8.26718E-08
 sb  51   1.483350  0.473350  1.160073  1.051096 2.55917E-09
 te  52   2.606623  0.426623  1.113345  1.004369 3.56219E-08
  i  53   1.503375 -0.046625  0.640098  0.531121 2.79315E-09
 xe  54   2.737274  0.497274  1.183997  1.075021 4.95175E-08
 cs  55   1.760150  0.680150  1.366873  1.257896 5.28366E-09
 ba  56   3.586248  1.406248  2.092971  1.983995 3.65804E-07
 la  57   2.596972  1.426973  2.113695  2.004719 3.79260E-08
 ce  58   3.123677  1.543677  2.230400  2.121424 1.28649E-07
 pr  59   2.088890  1.328890  2.015613  1.906636 1.19418E-08
 nd  60   2.885880  1.435879  2.122602  2.013626 7.65964E-08
 pm  61   0.000000 -9.000000  0.000000  0.000000 0.00000E+00
 sm  62   2.087837  1.147837  1.834560  1.725584 1.27120E-08
 eu  63   1.022365  0.512365  1.199087  1.090111 1.10496E-09
 gd  64   1.940272  0.890272  1.576995  1.468019 9.46469E-09
 tb  65   0.920056  0.600056  1.286779  1.177803 9.13044E-10
 dy  66   2.072134  0.942134  1.628857  1.519880 1.32505E-08
 ho  67   1.051266  0.581266  1.267988  1.159012 1.28177E-09
 er  68   1.930841  1.010841  1.697564  1.588588 9.85086E-09
 tm  69   0.972642  0.852642  1.539365  1.430388 1.09547E-09
 yb  70   2.243303  1.323303  2.010026  1.901050 2.09263E-08
 lu  71   1.283816  1.193816  1.880539  1.771563 2.32282E-09
 hf  72   2.239273  1.529273  2.215996  2.107019 2.13860E-08
 ta  73   1.325331  1.445331  2.132053  2.023077 2.64319E-09
  w  74   2.173713  1.523713  2.210435  2.101459 1.89407E-08
 re  75   1.240330  0.980330  1.667053  1.558076 2.23650E-09
 os  76   2.161907  0.811907  1.498630  1.389654 1.90735E-08
 ir  77   1.377311  0.057311  0.744033  0.635057 3.16480E-09
 pt  78   2.142878  0.522878  1.209600  1.100624 1.87210E-08
 au  79   1.362418  0.562418  1.249141  1.140165 3.13368E-09
 hg  80   2.660380  1.490380  2.177103  2.068127 6.33771E-08
 tl  81   2.237141  1.467141  2.153863  2.044887 2.43685E-08
 pb  82   4.017190  1.977190  2.663913  2.554936 1.48875E-06
 bi  83   1.964292  1.314292  2.001014  1.892038 1.32935E-08
 po  84   2.182787 -9.000000  0.000000  0.000000 2.19875E-08
#[ls/Fe]_Thiswork =   1.5123, [hs/Fe]_Thiswork =   2.1457
#[hs/ls]_Thiswork =   0.6333, [Pb/hs]_Thiswork =   0.5182
# Elemental abundance ratios: 
# He/H =  1.0591E-01, C/O =  1.0125E+01, N/O = 3.06813E-01
