#
# Initial mass = 3.000, Z =  0.0070, Y =  0.260, M_mix = 5.00E-04
#
# Initial abundances
# El  Z   log e(X)   [X/H]    [X/Fe]     [X/O]      X(i)
  p   1  12.000000  0.000000  0.000000  0.000000 7.38784E-01
 he   2  10.947809  0.017809  0.329395  0.335269 2.60167E-01
  c   6   8.158406 -0.311594 -0.000008  0.005866 1.26778E-03
  n   7   7.558417 -0.311583  0.000004  0.005877 3.71381E-04
  o   8   8.412539 -0.317460 -0.005874  0.000000 3.03172E-03
  f   9   4.148407 -0.311593 -0.000007  0.005867 1.95962E-07
 ne  10   7.658412 -0.311588 -0.000002  0.005872 6.73581E-04
 na  11   5.998426 -0.311574  0.000013  0.005887 1.67889E-05
 mg  12   7.328410 -0.311590 -0.000003  0.005870 3.79457E-04
 al  13   6.158416 -0.311584  0.000002  0.005876 2.84805E-05
 si  14   7.238416 -0.311584  0.000002  0.005876 3.56421E-04
  p  15   5.158416 -0.311584  0.000002  0.005876 3.26942E-06
  s  16   6.848414 -0.311585  0.000001  0.005875 1.65769E-04
 cl  17   4.918414 -0.311586  0.000000  0.005874 2.15339E-06
 ar  18   6.128408 -0.311592 -0.000006  0.005868 3.93514E-05
  k  19   4.767840 -0.312160 -0.000573  0.005301 1.67901E-06
 ca  20   5.978399 -0.311601 -0.000014  0.005859 2.79488E-05
 sc  21   2.738414 -0.311586  0.000000  0.005874 1.80409E-08
 ti  22   4.598415 -0.311585  0.000001  0.005875 1.39158E-06
  v  23   3.647326 -0.312674 -0.001087  0.004786 1.65752E-07
 cr  24   5.309124 -0.330876 -0.019290 -0.013416 7.76516E-06
 mn  25   5.168420 -0.311580  0.000006  0.005880 5.93403E-06
 fe  26   7.228414 -0.311586  0.000000  0.005874 6.92556E-04
 co  27   4.558412 -0.311588 -0.000001  0.005872 1.56253E-06
 ni  28   5.888417 -0.311583  0.000004  0.005877 3.32706E-05
 cu  29   3.938414 -0.311586  0.000000  0.005874 4.04166E-07
 zn  30   4.318419 -0.311581  0.000005  0.005879 9.97961E-07
 ga  31   2.768414 -0.311585  0.000001  0.005875 2.99811E-08
 ge  32   3.234039 -0.345961 -0.034374 -0.028501 9.12583E-08
 as  33   1.988411 -0.311589 -0.000003  0.005871 5.34660E-09
 se  34   2.984488 -0.355512 -0.043926 -0.038052 5.58408E-08
 br  35   2.228422 -0.311578  0.000009  0.005882 9.90942E-09
 kr  36   2.936842 -0.313158 -0.001572  0.004302 5.31046E-08
 rb  37   2.048426 -0.311574  0.000012  0.005886 7.00304E-09
 sr  38   2.565982 -0.314018 -0.002432  0.003442 2.36397E-08
  y  39   1.858433 -0.311567  0.000019  0.005893 4.70350E-09
 zr  40   2.218415 -0.311585  0.000002  0.005875 1.10556E-08
 nb  41   1.098424 -0.311576  0.000010  0.005884 8.54131E-10
 mo  42   1.507231 -0.432769 -0.121183 -0.115309 2.26094E-09
 tc  43   0.000000 -9.000000  0.000000  0.000000 0.00000E+00
 ru  44   1.317467 -0.442533 -0.130947 -0.125073 1.53867E-09
 rh  45   0.748415 -0.311585  0.000001  0.005875 4.22584E-10
 pd  46   1.279230 -0.370770 -0.059183 -0.053310 1.48358E-09
 ag  47   0.888413 -0.311587  0.000000  0.005873 6.11453E-10
 cd  48   1.358692 -0.351308 -0.039721 -0.033848 1.88174E-09
 in  49   0.429373 -0.330627 -0.019041 -0.013167 2.26173E-10
 sn  50   1.695980 -0.374020 -0.062433 -0.056560 4.32041E-09
 sb  51   0.455883 -0.554117 -0.242531 -0.236657 2.54944E-10
 te  52   1.401041 -0.778959 -0.467373 -0.461499 2.35477E-09
  i  53   1.238409 -0.311591 -0.000005  0.005869 1.61043E-09
 xe  54   1.891332 -0.348668 -0.037082 -0.031208 7.49257E-09
 cs  55   0.768414 -0.311586  0.000001  0.005875 5.71496E-10
 ba  56   1.867515 -0.312485 -0.000899  0.004975 7.41871E-09
 la  57   0.858023 -0.311977 -0.000391  0.005483 7.34177E-10
 ce  58   1.266513 -0.313487 -0.001901  0.003973 1.89696E-09
 pr  59   0.448415 -0.311585  0.000001  0.005875 2.90006E-10
 nd  60   1.113412 -0.336588 -0.025002 -0.019128 1.37263E-09
 pm  61   0.000000 -9.000000  0.000000  0.000000 0.00000E+00
 sm  62   0.498706 -0.441294 -0.129708 -0.123834 3.47452E-10
 eu  63   0.198417 -0.311583  0.000003  0.005877 1.75879E-10
 gd  64   0.738416 -0.311584  0.000002  0.005876 6.31050E-10
 tb  65   0.008419 -0.311581  0.000005  0.005879 1.18760E-10
 dy  66   0.817760 -0.312240 -0.000653  0.005221 7.82837E-10
 ho  67   0.158415 -0.311585  0.000001  0.005875 1.74089E-10
 er  68   0.600792 -0.319208 -0.007622 -0.001748 4.88921E-10
 tm  69  -0.191586 -0.311586  0.000000  0.005874 7.96505E-11
 yb  70   0.547386 -0.372614 -0.061027 -0.055154 4.47291E-10
 lu  71  -0.221586 -0.311586  0.000000  0.005874 7.69888E-11
 hf  72   0.397705 -0.312295 -0.000709  0.005165 3.26871E-10
 ta  73  -0.431639 -0.311639 -0.000052  0.005821 4.90877E-11
  w  74   0.337893 -0.312107 -0.000521  0.005353 2.93353E-10
 re  75  -0.051587 -0.311587 -0.000001  0.005873 1.21190E-10
 os  76   1.038330 -0.311670 -0.000084  0.005790 1.52288E-09
 ir  77   1.008417 -0.311583  0.000003  0.005877 1.43637E-09
 pt  78   1.276076 -0.343924 -0.032337 -0.026464 2.69986E-09
 au  79   0.488418 -0.311582  0.000004  0.005878 4.44496E-10
 hg  80   0.826799 -0.343201 -0.031614 -0.025741 9.86655E-10
 tl  81   0.458416 -0.311584  0.000002  0.005876 4.30445E-10
 pb  82   1.728411 -0.311589 -0.000003  0.005871 8.12566E-09
 bi  83   0.338418 -0.311582  0.000004  0.005878 3.33872E-10
 po  84   0.000000 -9.000000  0.000000  0.000000 0.00000E+00
#[ls/Fe]_Thiswork =  -0.0008, [hs/Fe]_Thiswork =  -0.0011
#[hs/ls]_Thiswork =  -0.0003, [Pb/hs]_Thiswork =   0.0011
# Elemental abundance ratios: 
# He/H =  8.8677E-02, C/O =  5.5702E-01, N/O = 1.39919E-01
#
#
# During TP-AGB
#  TP   Mass     Mcore    Menv    log L
#  1 2.999980 0.645878 2.354100 3.747060
# El  Z   log e(X)   [X/H]    [X/Fe]     [X/O]      X(i)
  p   1  12.000000  0.000000  0.000000  0.000000 7.24951E-01
 he   2  10.978304  0.048304  0.359890  0.365764 2.73865E-01
  c   6   7.921236 -0.548764 -0.237178 -0.231304 7.20548E-04
  n   7   8.058656  0.188656  0.500242  0.506116 1.15305E-03
  o   8   8.396646 -0.333354 -0.021768  0.000000 2.86805E-03
  f   9   4.121831 -0.338169 -0.026582 -0.004815 1.80879E-07
 ne  10   7.662286 -0.307714  0.003873  0.025640 6.66892E-04
 na  11   6.169781 -0.140219  0.171368  0.193135 2.44438E-05
 mg  12   7.336627 -0.303373  0.008214  0.029981 3.79464E-04
 al  13   6.166805 -0.303195  0.008392  0.030159 2.84923E-05
 si  14   7.246644 -0.303356  0.008231  0.029998 3.56437E-04
  p  15   5.166644 -0.303356  0.008231  0.029998 3.26956E-06
  s  16   6.856642 -0.303358  0.008229  0.029996 1.65776E-04
 cl  17   4.926641 -0.303359  0.008228  0.029995 2.15349E-06
 ar  18   6.136636 -0.303364  0.008223  0.029990 3.93531E-05
  k  19   4.776056 -0.303944  0.007642  0.029410 1.67903E-06
 ca  20   5.986629 -0.303371  0.008215  0.029983 2.79500E-05
 sc  21   2.746642 -0.303358  0.008229  0.029996 1.80417E-08
 ti  22   4.606643 -0.303357  0.008229  0.029997 1.39164E-06
  v  23   3.655555 -0.304445  0.007141  0.028909 1.65760E-07
 cr  24   5.317352 -0.322648 -0.011062  0.010706 7.76550E-06
 mn  25   5.176648 -0.303352  0.008235  0.030002 5.93429E-06
 fe  26   7.236641 -0.303359  0.000000  0.029995 6.92586E-04
 co  27   4.566640 -0.303360 -0.000001  0.029994 1.56260E-06
 ni  28   5.896645 -0.303355  0.000004  0.029999 3.32721E-05
 cu  29   3.946643 -0.303357  0.000001  0.029997 4.04184E-07
 zn  30   4.326647 -0.303353  0.000006  0.030001 9.98005E-07
 ga  31   2.776643 -0.303357  0.000001  0.029997 2.99824E-08
 ge  32   3.242268 -0.337732 -0.034374 -0.004378 9.12623E-08
 as  33   1.996639 -0.303361 -0.000002  0.029993 5.34684E-09
 se  34   2.992715 -0.347285 -0.043926 -0.013931 5.58432E-08
 br  35   2.236650 -0.303349  0.000009  0.030005 9.90985E-09
 kr  36   2.945069 -0.304931 -0.001572  0.028423 5.31069E-08
 rb  37   2.055963 -0.304037 -0.000679  0.029317 6.99220E-09
 sr  38   2.574420 -0.305580 -0.002222  0.027774 2.36522E-08
  y  39   1.866662 -0.303338  0.000021  0.030016 4.70371E-09
 zr  40   2.226644 -0.303356  0.000002  0.029998 1.10561E-08
 nb  41   1.106652 -0.303348  0.000011  0.030006 8.54169E-10
 mo  42   1.515459 -0.424541 -0.121182 -0.091187 2.26103E-09
 tc  43   0.000000 -9.000000  0.000000  0.000000 4.23435E-23
 ru  44   1.325695 -0.434305 -0.130946 -0.100951 1.53874E-09
 rh  45   0.756643 -0.303357  0.000002  0.029997 4.22602E-10
 pd  46   1.287458 -0.362542 -0.059183 -0.029188 1.48364E-09
 ag  47   0.896642 -0.303358  0.000000  0.029996 6.11480E-10
 cd  48   1.366921 -0.343079 -0.039720 -0.009725 1.88182E-09
 in  49   0.437601 -0.322399 -0.019040  0.010955 2.26183E-10
 sn  50   1.704209 -0.365791 -0.062432 -0.032437 4.32060E-09
 sb  51   0.464111 -0.545889 -0.242530 -0.212535 2.54955E-10
 te  52   1.409269 -0.770731 -0.467372 -0.437377 2.35488E-09
  i  53   1.246636 -0.303364 -0.000005  0.029990 1.61050E-09
 xe  54   1.899560 -0.340440 -0.037081 -0.007086 7.49290E-09
 cs  55   0.776643 -0.303357  0.000001  0.029997 5.71521E-10
 ba  56   1.875744 -0.304256 -0.000898  0.029098 7.41904E-09
 la  57   0.866251 -0.303749 -0.000390  0.029605 7.34210E-10
 ce  58   1.274741 -0.305259 -0.001900  0.028095 1.89704E-09
 pr  59   0.456643 -0.303357  0.000002  0.029997 2.90019E-10
 nd  60   1.121640 -0.328360 -0.025001  0.004994 1.37269E-09
 pm  61   0.000000 -9.000000  0.000000  0.000000 0.00000E+00
 sm  62   0.506934 -0.433066 -0.129707 -0.099712 3.47468E-10
 eu  63   0.206645 -0.303355  0.000004  0.029999 1.75887E-10
 gd  64   0.746644 -0.303356  0.000003  0.029998 6.31078E-10
 tb  65   0.016648 -0.303352  0.000007  0.030002 1.18765E-10
 dy  66   0.825989 -0.304011 -0.000653  0.029343 7.82871E-10
 ho  67   0.166644 -0.303356  0.000003  0.029998 1.74097E-10
 er  68   0.609020 -0.310980 -0.007621  0.022374 4.88942E-10
 tm  69  -0.183357 -0.303357  0.000001  0.029997 7.96540E-11
 yb  70   0.555614 -0.364386 -0.061027 -0.031032 4.47311E-10
 lu  71  -0.213446 -0.303446 -0.000087  0.029908 7.69766E-11
 hf  72   0.405954 -0.304046 -0.000687  0.029308 3.26901E-10
 ta  73  -0.423410 -0.303410 -0.000052  0.029944 4.90898E-11
  w  74   0.346122 -0.303878 -0.000520  0.029476 2.93366E-10
 re  75  -0.045201 -0.305201 -0.001843  0.028153 1.20682E-10
 os  76   1.046708 -0.303292  0.000067  0.030062 1.52347E-09
 ir  77   1.016645 -0.303355  0.000004  0.029999 1.43643E-09
 pt  78   1.284304 -0.335696 -0.032338 -0.002342 2.69998E-09
 au  79   0.496646 -0.303354  0.000004  0.030000 4.44516E-10
 hg  80   0.835027 -0.334973 -0.031615 -0.001619 9.86698E-10
 tl  81   0.466644 -0.303356  0.000003  0.029998 4.30464E-10
 pb  82   1.736640 -0.303360 -0.000001  0.029994 8.12601E-09
 bi  83   0.346646 -0.303354  0.000005  0.030000 3.33887E-10
 po  84   0.000000 -9.000000  0.000000  0.000000 1.65793E-24
#[ls/Fe]_Thiswork =  -0.0007, [hs/Fe]_Thiswork =  -0.0011
#[hs/ls]_Thiswork =  -0.0003, [Pb/hs]_Thiswork =   0.0011
# Elemental abundance ratios: 
# He/H =  9.5127E-02, C/O =  3.3465E-01, N/O = 4.59209E-01
#
#  TP   Mass     Mcore    Menv    log L
#  2 2.999970 0.649239 2.350740 3.825260
# El  Z   log e(X)   [X/H]    [X/Fe]     [X/O]      X(i)
  p   1  12.000000  0.000000  0.000000  0.000000 7.24952E-01
 he   2  10.978302  0.048302  0.351660  0.381656 2.73865E-01
  c   6   7.921261 -0.548739 -0.245381 -0.215385 7.20591E-04
  n   7   8.058634  0.188634  0.491992  0.521988 1.15299E-03
  o   8   8.396646 -0.333353 -0.029994  0.000000 2.86806E-03
  f   9   4.121833 -0.338167 -0.034808 -0.004814 1.80880E-07
 ne  10   7.662286 -0.307714 -0.004355  0.025640 6.66893E-04
 na  11   6.169772 -0.140228  0.163130  0.193125 2.44433E-05
 mg  12   7.336627 -0.303373 -0.000015  0.029980 3.79464E-04
 al  13   6.166805 -0.303195  0.000164  0.030158 2.84923E-05
 si  14   7.246644 -0.303356  0.000002  0.029997 3.56437E-04
  p  15   5.166644 -0.303356  0.000002  0.029997 3.26956E-06
  s  16   6.856642 -0.303358  0.000000  0.029995 1.65776E-04
 cl  17   4.926641 -0.303359  0.000000  0.029994 2.15349E-06
 ar  18   6.136636 -0.303364 -0.000006  0.029989 3.93531E-05
  k  19   4.776056 -0.303944 -0.000586  0.029409 1.67903E-06
 ca  20   5.986628 -0.303372 -0.000013  0.029981 2.79500E-05
 sc  21   2.746641 -0.303359  0.000000  0.029994 1.80417E-08
 ti  22   4.606642 -0.303358  0.000001  0.029995 1.39164E-06
  v  23   3.655555 -0.304445 -0.001087  0.028908 1.65760E-07
 cr  24   5.317351 -0.322649 -0.019290  0.010705 7.76550E-06
 mn  25   5.176648 -0.303352  0.000006  0.030001 5.93429E-06
 fe  26   7.236641 -0.303359  0.000000  0.029994 6.92586E-04
 co  27   4.566639 -0.303360 -0.000001  0.029993 1.56260E-06
 ni  28   5.896645 -0.303355  0.000004  0.029998 3.32721E-05
 cu  29   3.946642 -0.303358  0.000001  0.029995 4.04184E-07
 zn  30   4.326647 -0.303353  0.000006  0.030000 9.98005E-07
 ga  31   2.776643 -0.303357  0.000002  0.029996 2.99824E-08
 ge  32   3.242267 -0.337733 -0.034374 -0.004380 9.12623E-08
 as  33   1.996639 -0.303361 -0.000002  0.029992 5.34684E-09
 se  34   2.992715 -0.347285 -0.043926 -0.013932 5.58432E-08
 br  35   2.236650 -0.303349  0.000010  0.030004 9.90985E-09
 kr  36   2.945069 -0.304931 -0.001572  0.028422 5.31069E-08
 rb  37   2.055962 -0.304038 -0.000679  0.029315 6.99220E-09
 sr  38   2.574419 -0.305581 -0.002222  0.027772 2.36522E-08
  y  39   1.866661 -0.303339  0.000020  0.030014 4.70371E-09
 zr  40   2.226643 -0.303357  0.000002  0.029996 1.10561E-08
 nb  41   1.106651 -0.303349  0.000010  0.030004 8.54169E-10
 mo  42   1.515459 -0.424541 -0.121182 -0.091188 2.26103E-09
 tc  43   0.000000 -9.000000  0.000000  0.000000 3.60667E-23
 ru  44   1.325695 -0.434305 -0.130946 -0.100952 1.53874E-09
 rh  45   0.756642 -0.303358  0.000001  0.029995 4.22602E-10
 pd  46   1.287457 -0.362543 -0.059183 -0.029189 1.48364E-09
 ag  47   0.896642 -0.303358  0.000001  0.029995 6.11480E-10
 cd  48   1.366920 -0.343080 -0.039721 -0.009727 1.88182E-09
 in  49   0.437601 -0.322399 -0.019040  0.010954 2.26183E-10
 sn  50   1.704208 -0.365792 -0.062433 -0.032439 4.32060E-09
 sb  51   0.464110 -0.545890 -0.242531 -0.212537 2.54955E-10
 te  52   1.409269 -0.770731 -0.467372 -0.437378 2.35488E-09
  i  53   1.246636 -0.303364 -0.000005  0.029989 1.61050E-09
 xe  54   1.899560 -0.340440 -0.037081 -0.007087 7.49290E-09
 cs  55   0.776643 -0.303357  0.000002  0.029996 5.71521E-10
 ba  56   1.875743 -0.304257 -0.000898  0.029096 7.41904E-09
 la  57   0.866251 -0.303749 -0.000390  0.029604 7.34210E-10
 ce  58   1.274740 -0.305260 -0.001901  0.028093 1.89704E-09
 pr  59   0.456643 -0.303357  0.000002  0.029996 2.90019E-10
 nd  60   1.121639 -0.328361 -0.025002  0.004992 1.37269E-09
 pm  61   0.000000 -9.000000  0.000000  0.000000 0.00000E+00
 sm  62   0.506934 -0.433066 -0.129707 -0.099713 3.47468E-10
 eu  63   0.206644 -0.303356  0.000003  0.029997 1.75887E-10
 gd  64   0.746644 -0.303356  0.000003  0.029997 6.31078E-10
 tb  65   0.016647 -0.303353  0.000006  0.030000 1.18765E-10
 dy  66   0.825989 -0.304011 -0.000652  0.029342 7.82871E-10
 ho  67   0.166643 -0.303357  0.000002  0.029996 1.74097E-10
 er  68   0.609020 -0.310980 -0.007621  0.022373 4.88942E-10
 tm  69  -0.183358 -0.303358  0.000001  0.029995 7.96540E-11
 yb  70   0.555614 -0.364386 -0.061027 -0.031033 4.47311E-10
 lu  71  -0.213446 -0.303446 -0.000087  0.029907 7.69766E-11
 hf  72   0.405953 -0.304047 -0.000688  0.029306 3.26901E-10
 ta  73  -0.423410 -0.303410 -0.000051  0.029943 4.90898E-11
  w  74   0.346121 -0.303879 -0.000520  0.029474 2.93366E-10
 re  75  -0.045202 -0.305202 -0.001843  0.028151 1.20682E-10
 os  76   1.046707 -0.303293  0.000066  0.030060 1.52347E-09
 ir  77   1.016644 -0.303356  0.000003  0.029997 1.43643E-09
 pt  78   1.284304 -0.335696 -0.032337 -0.002343 2.69998E-09
 au  79   0.496645 -0.303355  0.000004  0.029998 4.44516E-10
 hg  80   0.835027 -0.334973 -0.031614 -0.001620 9.86698E-10
 tl  81   0.466643 -0.303357  0.000002  0.029996 4.30464E-10
 pb  82   1.736639 -0.303361 -0.000002  0.029992 8.12601E-09
 bi  83   0.346645 -0.303355  0.000004  0.029998 3.33887E-10
 po  84   0.000000 -9.000000  0.000000  0.000000 1.67080E-24
#[ls/Fe]_Thiswork =  -0.0007, [hs/Fe]_Thiswork =  -0.0011
#[hs/ls]_Thiswork =  -0.0003, [Pb/hs]_Thiswork =   0.0011
# Elemental abundance ratios: 
# He/H =  9.5127E-02, C/O =  3.3467E-01, N/O = 4.59185E-01
#
#  TP   Mass     Mcore    Menv    log L
#  3 2.999970 0.653253 2.346720 3.864680
# El  Z   log e(X)   [X/H]    [X/Fe]     [X/O]      X(i)
  p   1  12.000000  0.000000  0.000000  0.000000 7.25054E-01
 he   2  10.978080  0.048079  0.351439  0.381433 2.73763E-01
  c   6   7.923595 -0.546405 -0.243046 -0.213052 7.24576E-04
  n   7   8.056419  0.186419  0.489779  0.519773 1.14729E-03
  o   8   8.396767 -0.333233 -0.029874  0.000000 2.86926E-03
  f   9   4.122027 -0.337973 -0.034614 -0.004740 1.80986E-07
 ne  10   7.662257 -0.307743 -0.004384  0.025490 6.66942E-04
 na  11   6.168709 -0.141291  0.162068  0.191942 2.43870E-05
 mg  12   7.336565 -0.303434 -0.000075  0.029799 3.79464E-04
 al  13   6.166742 -0.303257  0.000102  0.029975 2.84922E-05
 si  14   7.246583 -0.303418 -0.000059  0.029815 3.56436E-04
  p  15   5.166583 -0.303417 -0.000058  0.029816 3.26956E-06
  s  16   6.856581 -0.303419 -0.000060  0.029814 1.65776E-04
 cl  17   4.926580 -0.303420 -0.000061  0.029813 2.15349E-06
 ar  18   6.136574 -0.303426 -0.000067  0.029807 3.93531E-05
  k  19   4.775994 -0.304006 -0.000647  0.029227 1.67903E-06
 ca  20   5.986567 -0.303433 -0.000074  0.029799 2.79500E-05
 sc  21   2.746580 -0.303420 -0.000061  0.029813 1.80417E-08
 ti  22   4.606581 -0.303419 -0.000060  0.029814 1.39164E-06
  v  23   3.655493 -0.304507 -0.001148  0.028726 1.65760E-07
 cr  24   5.317290 -0.322710 -0.019351  0.010523 7.76550E-06
 mn  25   5.176586 -0.303414 -0.000055  0.029819 5.93429E-06
 fe  26   7.236580 -0.303420  0.000000  0.029813 6.92586E-04
 co  27   4.566578 -0.303421 -0.000001  0.029811 1.56260E-06
 ni  28   5.896584 -0.303416  0.000004  0.029817 3.32720E-05
 cu  29   3.946581 -0.303419  0.000001  0.029814 4.04183E-07
 zn  30   4.326585 -0.303415  0.000005  0.029818 9.98005E-07
 ga  31   2.776581 -0.303419  0.000001  0.029814 2.99824E-08
 ge  32   3.242206 -0.337794 -0.034374 -0.004561 9.12622E-08
 as  33   1.996577 -0.303423 -0.000003  0.029810 5.34683E-09
 se  34   2.992654 -0.347346 -0.043926 -0.014113 5.58432E-08
 br  35   2.236588 -0.303411  0.000009  0.029821 9.90985E-09
 kr  36   2.945007 -0.304993 -0.001573  0.028240 5.31069E-08
 rb  37   2.055901 -0.304099 -0.000679  0.029134 6.99220E-09
 sr  38   2.574358 -0.305642 -0.002222  0.027591 2.36522E-08
  y  39   1.866600 -0.303400  0.000020  0.029833 4.70371E-09
 zr  40   2.226582 -0.303418  0.000002  0.029814 1.10561E-08
 nb  41   1.106590 -0.303410  0.000010  0.029823 8.54169E-10
 mo  42   1.515398 -0.424602 -0.121182 -0.091369 2.26103E-09
 tc  43   0.000000 -9.000000  0.000000  0.000000 2.96101E-23
 ru  44   1.325634 -0.434366 -0.130946 -0.101133 1.53874E-09
 rh  45   0.756581 -0.303419  0.000001  0.029814 4.22602E-10
 pd  46   1.287396 -0.362604 -0.059183 -0.029371 1.48364E-09
 ag  47   0.896580 -0.303420  0.000000  0.029813 6.11480E-10
 cd  48   1.366859 -0.343141 -0.039721 -0.009908 1.88182E-09
 in  49   0.437539 -0.322461 -0.019041  0.010772 2.26182E-10
 sn  50   1.704147 -0.365853 -0.062433 -0.032620 4.32060E-09
 sb  51   0.464049 -0.545951 -0.242531 -0.212718 2.54955E-10
 te  52   1.409207 -0.770793 -0.467373 -0.437560 2.35488E-09
  i  53   1.246575 -0.303425 -0.000005  0.029808 1.61050E-09
 xe  54   1.899498 -0.340502 -0.037082 -0.007269 7.49290E-09
 cs  55   0.776581 -0.303419  0.000001  0.029814 5.71521E-10
 ba  56   1.875682 -0.304318 -0.000898  0.028915 7.41903E-09
 la  57   0.866189 -0.303811 -0.000391  0.029422 7.34209E-10
 ce  58   1.274679 -0.305321 -0.001901  0.027912 1.89704E-09
 pr  59   0.456581 -0.303419  0.000001  0.029814 2.90019E-10
 nd  60   1.121578 -0.328422 -0.025002  0.004811 1.37269E-09
 pm  61   0.000000 -9.000000  0.000000  0.000000 0.00000E+00
 sm  62   0.506872 -0.433128 -0.129708 -0.099895 3.47468E-10
 eu  63   0.206583 -0.303417  0.000003  0.029816 1.75887E-10
 gd  64   0.746582 -0.303418  0.000002  0.029815 6.31077E-10
 tb  65   0.016586 -0.303414  0.000006  0.029819 1.18765E-10
 dy  66   0.825927 -0.304073 -0.000653  0.029160 7.82871E-10
 ho  67   0.166582 -0.303418  0.000002  0.029815 1.74097E-10
 er  68   0.608958 -0.311042 -0.007622  0.022191 4.88942E-10
 tm  69  -0.183419 -0.303419  0.000001  0.029814 7.96540E-11
 yb  70   0.555552 -0.364448 -0.061027 -0.031215 4.47310E-10
 lu  71  -0.213508 -0.303508 -0.000088  0.029725 7.69765E-11
 hf  72   0.405892 -0.304108 -0.000688  0.029125 3.26901E-10
 ta  73  -0.423472 -0.303472 -0.000052  0.029760 4.90898E-11
  w  74   0.346060 -0.303940 -0.000520  0.029293 2.93366E-10
 re  75  -0.045263 -0.305263 -0.001843  0.027970 1.20682E-10
 os  76   1.046646 -0.303354  0.000066  0.029879 1.52347E-09
 ir  77   1.016583 -0.303417  0.000003  0.029816 1.43643E-09
 pt  78   1.284243 -0.335757 -0.032337 -0.002524 2.69998E-09
 au  79   0.496584 -0.303416  0.000004  0.029817 4.44516E-10
 hg  80   0.834966 -0.335034 -0.031614 -0.001801 9.86698E-10
 tl  81   0.466582 -0.303418  0.000002  0.029815 4.30464E-10
 pb  82   1.736578 -0.303422 -0.000002  0.029811 8.12601E-09
 bi  83   0.346584 -0.303416  0.000004  0.029817 3.33887E-10
 po  84   0.000000 -9.000000  0.000000  0.000000 1.65839E-24
#[ls/Fe]_Thiswork =  -0.0007, [hs/Fe]_Thiswork =  -0.0011
#[hs/ls]_Thiswork =  -0.0003, [Pb/hs]_Thiswork =   0.0011
# Elemental abundance ratios: 
# He/H =  9.5078E-02, C/O =  3.3638E-01, N/O = 4.56723E-01
#
#  TP   Mass     Mcore    Menv    log L
#  4 2.999970 0.657949 2.342020 3.899270
# El  Z   log e(X)   [X/H]    [X/Fe]     [X/O]      X(i)
  p   1  12.000000  0.000000  0.000000  0.000000 7.25182E-01
 he   2  10.977801  0.047801  0.351221  0.381034 2.73636E-01
  c   6   7.926583 -0.543417 -0.239997 -0.210184 7.29708E-04
  n   7   8.053594  0.183594  0.487014  0.516827 1.14005E-03
  o   8   8.396906 -0.333094 -0.029674  0.000000 2.87069E-03
  f   9   4.122259 -0.337741 -0.034321 -0.004647 1.81115E-07
 ne  10   7.662220 -0.307780 -0.004360  0.025314 6.67003E-04
 na  11   6.167375 -0.142625  0.160795  0.190469 2.43165E-05
 mg  12   7.336486 -0.303514 -0.000093  0.029580 3.79462E-04
 al  13   6.166692 -0.303308  0.000112  0.029786 2.84939E-05
 si  14   7.246505 -0.303495 -0.000075  0.029599 3.56436E-04
  p  15   5.166505 -0.303494 -0.000074  0.029599 3.26956E-06
  s  16   6.856503 -0.303496 -0.000076  0.029597 1.65776E-04
 cl  17   4.926503 -0.303497 -0.000077  0.029596 2.15349E-06
 ar  18   6.136497 -0.303503 -0.000083  0.029591 3.93531E-05
  k  19   4.775917 -0.304083 -0.000663  0.029011 1.67903E-06
 ca  20   5.986489 -0.303511 -0.000091  0.029583 2.79500E-05
 sc  21   2.746503 -0.303497 -0.000077  0.029597 1.80417E-08
 ti  22   4.606504 -0.303496 -0.000076  0.029598 1.39164E-06
  v  23   3.655416 -0.304585 -0.001164  0.028509 1.65760E-07
 cr  24   5.317213 -0.322787 -0.019367  0.010306 7.76550E-06
 mn  25   5.176509 -0.303491 -0.000071  0.029603 5.93429E-06
 fe  26   7.236503 -0.303497  0.000000  0.029596 6.92586E-04
 co  27   4.566501 -0.303499 -0.000001  0.029595 1.56259E-06
 ni  28   5.896506 -0.303493  0.000004  0.029600 3.32720E-05
 cu  29   3.946504 -0.303496  0.000001  0.029597 4.04183E-07
 zn  30   4.326508 -0.303492  0.000005  0.029602 9.98004E-07
 ga  31   2.776504 -0.303496  0.000001  0.029597 2.99824E-08
 ge  32   3.242128 -0.337872 -0.034374 -0.004778 9.12622E-08
 as  33   1.996501 -0.303499 -0.000002  0.029595 5.34683E-09
 se  34   2.992577 -0.347423 -0.043926 -0.014330 5.58432E-08
 br  35   2.236511 -0.303489  0.000009  0.029605 9.90984E-09
 kr  36   2.944931 -0.305069 -0.001572  0.028025 5.31069E-08
 rb  37   2.055823 -0.304177 -0.000679  0.028917 6.99219E-09
 sr  38   2.574281 -0.305719 -0.002222  0.027374 2.36522E-08
  y  39   1.866523 -0.303477  0.000020  0.029616 4.70371E-09
 zr  40   2.226504 -0.303496  0.000002  0.029598 1.10561E-08
 nb  41   1.106513 -0.303487  0.000010  0.029607 8.54168E-10
 mo  42   1.515321 -0.424679 -0.121182 -0.091586 2.26103E-09
 tc  43   0.000000 -9.000000  0.000000  0.000000 2.40927E-23
 ru  44   1.325557 -0.434443 -0.130946 -0.101350 1.53874E-09
 rh  45   0.756504 -0.303496  0.000001  0.029598 4.22602E-10
 pd  46   1.287319 -0.362681 -0.059183 -0.029587 1.48364E-09
 ag  47   0.896502 -0.303498  0.000000  0.029596 6.11480E-10
 cd  48   1.366782 -0.343218 -0.039721 -0.010124 1.88182E-09
 in  49   0.437462 -0.322538 -0.019041  0.010556 2.26182E-10
 sn  50   1.704070 -0.365930 -0.062433 -0.032836 4.32060E-09
 sb  51   0.463972 -0.546028 -0.242531 -0.212934 2.54955E-10
 te  52   1.409131 -0.770869 -0.467372 -0.437775 2.35488E-09
  i  53   1.246498 -0.303502 -0.000005  0.029592 1.61050E-09
 xe  54   1.899422 -0.340578 -0.037081 -0.007485 7.49289E-09
 cs  55   0.776504 -0.303496  0.000001  0.029597 5.71520E-10
 ba  56   1.875605 -0.304395 -0.000898  0.028698 7.41903E-09
 la  57   0.866112 -0.303888 -0.000391  0.029205 7.34209E-10
 ce  58   1.274602 -0.305398 -0.001901  0.027696 1.89704E-09
 pr  59   0.456504 -0.303496  0.000001  0.029598 2.90019E-10
 nd  60   1.121501 -0.328499 -0.025002  0.004595 1.37269E-09
 pm  61   0.000000 -9.000000  0.000000  0.000000 0.00000E+00
 sm  62   0.506795 -0.433205 -0.129708 -0.100111 3.47467E-10
 eu  63   0.206506 -0.303494  0.000003  0.029599 1.75887E-10
 gd  64   0.746505 -0.303495  0.000002  0.029598 6.31077E-10
 tb  65   0.016509 -0.303491  0.000006  0.029603 1.18765E-10
 dy  66   0.825850 -0.304150 -0.000653  0.028943 7.82870E-10
 ho  67   0.166505 -0.303495  0.000002  0.029599 1.74097E-10
 er  68   0.608881 -0.311119 -0.007622  0.021975 4.88942E-10
 tm  69  -0.183496 -0.303496  0.000001  0.029597 7.96539E-11
 yb  70   0.555475 -0.364525 -0.061027 -0.031431 4.47310E-10
 lu  71  -0.213585 -0.303585 -0.000088  0.029509 7.69765E-11
 hf  72   0.405815 -0.304185 -0.000688  0.028909 3.26901E-10
 ta  73  -0.423550 -0.303550 -0.000052  0.029544 4.90898E-11
  w  74   0.345983 -0.304017 -0.000520  0.029076 2.93365E-10
 re  75  -0.045341 -0.305341 -0.001844  0.027752 1.20682E-10
 os  76   1.046569 -0.303431  0.000066  0.029662 1.52347E-09
 ir  77   1.016506 -0.303494  0.000003  0.029600 1.43643E-09
 pt  78   1.284165 -0.335835 -0.032337 -0.002741 2.69998E-09
 au  79   0.496507 -0.303493  0.000004  0.029600 4.44516E-10
 hg  80   0.834888 -0.335111 -0.031614 -0.002018 9.86698E-10
 tl  81   0.466505 -0.303495  0.000002  0.029599 4.30464E-10
 pb  82   1.736501 -0.303499 -0.000002  0.029594 8.12601E-09
 bi  83   0.346507 -0.303493  0.000004  0.029601 3.33886E-10
 po  84   0.000000 -9.000000  0.000000  0.000000 1.64247E-24
#[ls/Fe]_Thiswork =  -0.0007, [hs/Fe]_Thiswork =  -0.0011
#[hs/ls]_Thiswork =  -0.0003, [Pb/hs]_Thiswork =   0.0011
# Elemental abundance ratios: 
# He/H =  9.5017E-02, C/O =  3.3859E-01, N/O = 4.53615E-01
#
#  TP   Mass     Mcore    Menv    log L
#  5 2.999960 0.662648 2.337310 3.929390
# El  Z   log e(X)   [X/H]    [X/Fe]     [X/O]      X(i)
  p   1  12.000000  0.000000  0.000000  0.000000 7.25186E-01
 he   2  10.977732  0.047731  0.351229  0.380825 2.73594E-01
  c   6   7.953730 -0.516271 -0.212773 -0.183177 7.76779E-04
  n   7   8.048750  0.178750  0.482247  0.511844 1.12742E-03
  o   8   8.397283 -0.332717 -0.029220  0.000000 2.87319E-03
  f   9   4.124629 -0.335371 -0.031874 -0.002654 1.82107E-07
 ne  10   7.662978 -0.307022 -0.003525  0.025695 6.68171E-04
 na  11   6.165526 -0.144474  0.159023  0.188243 2.42133E-05
 mg  12   7.336460 -0.303540 -0.000043  0.029177 3.79441E-04
 al  13   6.167177 -0.302823  0.000675  0.029894 2.85260E-05
 si  14   7.246504 -0.303496  0.000001  0.029221 3.56437E-04
  p  15   5.166506 -0.303493  0.000004  0.029223 3.26959E-06
  s  16   6.856501 -0.303499 -0.000002  0.029218 1.65776E-04
 cl  17   4.926528 -0.303473  0.000025  0.029244 2.15362E-06
 ar  18   6.136493 -0.303507 -0.000010  0.029210 3.93529E-05
  k  19   4.775924 -0.304076 -0.000578  0.028641 1.67907E-06
 ca  20   5.986486 -0.303514 -0.000017  0.029203 2.79499E-05
 sc  21   2.746543 -0.303457  0.000040  0.029260 1.80435E-08
 ti  22   4.606502 -0.303498 -0.000001  0.029219 1.39164E-06
  v  23   3.655402 -0.304598 -0.001101  0.028119 1.65755E-07
 cr  24   5.317210 -0.322790 -0.019292  0.009927 7.76549E-06
 mn  25   5.176543 -0.303457  0.000041  0.029260 5.93478E-06
 fe  26   7.236500 -0.303500  0.000000  0.029217 6.92585E-04
 co  27   4.566552 -0.303448  0.000052  0.029269 1.56279E-06
 ni  28   5.896501 -0.303499  0.000001  0.029218 3.32718E-05
 cu  29   3.946524 -0.303476  0.000024  0.029241 4.04204E-07
 zn  30   4.326503 -0.303497  0.000003  0.029220 9.97997E-07
 ga  31   2.776517 -0.303483  0.000017  0.029234 2.99835E-08
 ge  32   3.242128 -0.337872 -0.034371 -0.005155 9.12627E-08
 as  33   1.996478 -0.303522 -0.000022  0.029195 5.34658E-09
 se  34   2.992579 -0.347421 -0.043921 -0.014704 5.58438E-08
 br  35   2.236482 -0.303518 -0.000018  0.029199 9.90921E-09
 kr  36   2.944935 -0.305065 -0.001565  0.027652 5.31077E-08
 rb  37   2.055817 -0.304183 -0.000683  0.028534 6.99212E-09
 sr  38   2.574288 -0.305712 -0.002212  0.027005 2.36527E-08
  y  39   1.866522 -0.303478  0.000022  0.029239 4.70372E-09
 zr  40   2.226501 -0.303499  0.000002  0.029218 1.10560E-08
 nb  41   1.106489 -0.303511 -0.000011  0.029206 8.54126E-10
 mo  42   1.515331 -0.424669 -0.121169 -0.091952 2.26110E-09
 tc  43  -3.838265 -9.000000  0.000000  0.000000 1.02317E-14
 ru  44   1.325545 -0.434455 -0.130955 -0.101738 1.53871E-09
 rh  45   0.756460 -0.303540 -0.000040  0.029177 4.22562E-10
 pd  46   1.287333 -0.362666 -0.059166 -0.029950 1.48370E-09
 ag  47   0.896459 -0.303541 -0.000041  0.029176 6.11421E-10
 cd  48   1.366796 -0.343204 -0.039704 -0.010488 1.88188E-09
 in  49   0.437438 -0.322562 -0.019062  0.010155 2.26171E-10
 sn  50   1.704070 -0.365930 -0.062430 -0.033213 4.32063E-09
 sb  51   0.463944 -0.546056 -0.242555 -0.213339 2.54940E-10
 te  52   1.409126 -0.770874 -0.467374 -0.438157 2.35486E-09
  i  53   1.246447 -0.303553 -0.000053  0.029164 1.61032E-09
 xe  54   1.899427 -0.340573 -0.037072 -0.007856 7.49303E-09
 cs  55   0.776488 -0.303512 -0.000012  0.029205 5.71504E-10
 ba  56   1.875608 -0.304392 -0.000891  0.028325 7.41914E-09
 la  57   0.866109 -0.303891 -0.000391  0.028826 7.34208E-10
 ce  58   1.274599 -0.305401 -0.001901  0.027316 1.89704E-09
 pr  59   0.456491 -0.303509 -0.000009  0.029207 2.90011E-10
 nd  60   1.121499 -0.328501 -0.025001  0.004216 1.37269E-09
 pm  61   0.000000 -9.000000  0.000000  0.000000 0.00000E+00
 sm  62   0.506786 -0.433214 -0.129713 -0.100497 3.47462E-10
 eu  63   0.206446 -0.303554 -0.000054  0.029163 1.75863E-10
 gd  64   0.746503 -0.303497  0.000003  0.029220 6.31077E-10
 tb  65   0.016468 -0.303532 -0.000032  0.029185 1.18754E-10
 dy  66   0.825857 -0.304143 -0.000643  0.028574 7.82888E-10
 ho  67   0.166464 -0.303536 -0.000036  0.029181 1.74081E-10
 er  68   0.608891 -0.311109 -0.007609  0.021607 4.88955E-10
 tm  69  -0.183517 -0.303517 -0.000017  0.029199 7.96504E-11
 yb  70   0.555507 -0.364493 -0.060993 -0.031776 4.47345E-10
 lu  71  -0.213603 -0.303603 -0.000103  0.029114 7.69736E-11
 hf  72   0.405825 -0.304175 -0.000675  0.028542 3.26909E-10
 ta  73  -0.423573 -0.303573 -0.000072  0.029144 4.90874E-11
  w  74   0.345978 -0.304022 -0.000522  0.028695 2.93364E-10
 re  75  -0.045393 -0.305393 -0.001893  0.027324 1.20668E-10
 os  76   1.046544 -0.303456  0.000044  0.029261 1.52339E-09
 ir  77   1.016454 -0.303546 -0.000046  0.029171 1.43626E-09
 pt  78   1.284185 -0.335815 -0.032314 -0.003098 2.70012E-09
 au  79   0.496507 -0.303493  0.000007  0.029224 4.44517E-10
 hg  80   0.834941 -0.335059 -0.031559 -0.002342 9.86823E-10
 tl  81   0.466497 -0.303503 -0.000002  0.029214 4.30458E-10
 pb  82   1.736499 -0.303501 -0.000001  0.029216 8.12602E-09
 bi  83   0.346504 -0.303496  0.000004  0.029221 3.33886E-10
 po  84  -5.426693 -9.000000  0.000000  0.000000 5.62915E-16
#[ls/Fe]_Thiswork =  -0.0007, [hs/Fe]_Thiswork =  -0.0011
#[hs/ls]_Thiswork =  -0.0003, [Pb/hs]_Thiswork =   0.0011
# Elemental abundance ratios: 
# He/H =  9.5002E-02, C/O =  3.6012E-01, N/O = 4.48196E-01
#
#  TP   Mass     Mcore    Menv    log L
#  6 2.999950 0.666960 2.332990 3.957930
# El  Z   log e(X)   [X/H]    [X/Fe]     [X/O]      X(i)
  p   1  12.000000  0.000000  0.000000  0.000000 7.24569E-01
 he   2  10.978762  0.048761  0.352262  0.381478 2.74010E-01
  c   6   8.047922 -0.422078 -0.118578 -0.089361 9.64098E-04
  n   7   8.048878  0.178878  0.482378  0.511595 1.12679E-03
  o   8   8.398016 -0.331984 -0.028483  0.000000 2.87559E-03
  f   9   4.140160 -0.319840 -0.016340  0.012144 1.88576E-07
 ne  10   7.667512 -0.302487  0.001013  0.029496 6.74610E-04
 na  11   6.167125 -0.142875  0.160625  0.189108 2.42819E-05
 mg  12   7.336785 -0.303215  0.000285  0.028769 3.79402E-04
 al  13   6.168638 -0.301362  0.002138  0.030622 2.85977E-05
 si  14   7.246885 -0.303115  0.000385  0.028868 3.56446E-04
  p  15   5.167159 -0.302841  0.000659  0.029142 3.27171E-06
  s  16   6.856862 -0.303138  0.000362  0.028846 1.65772E-04
 cl  17   4.927271 -0.302729  0.000772  0.029255 2.15548E-06
 ar  18   6.136837 -0.303163  0.000337  0.028821 3.93506E-05
  k  19   4.776395 -0.303605 -0.000105  0.028378 1.67946E-06
 ca  20   5.986826 -0.303174  0.000327  0.028810 2.79481E-05
 sc  21   2.747796 -0.302204  0.001296  0.029780 1.80802E-08
 ti  22   4.606924 -0.303076  0.000424  0.028907 1.39181E-06
  v  23   3.655621 -0.304379 -0.000879  0.027604 1.65697E-07
 cr  24   5.317576 -0.322424 -0.018924  0.009560 7.76542E-06
 mn  25   5.177141 -0.302859  0.000641  0.029125 5.93790E-06
 fe  26   7.236860 -0.303140  0.000000  0.028843 6.92570E-04
 co  27   4.567986 -0.302014  0.001126  0.029969 1.56662E-06
 ni  28   5.896874 -0.303126  0.000014  0.028858 3.32721E-05
 cu  29   3.948189 -0.301811  0.001329  0.030172 4.05412E-07
 zn  30   4.327243 -0.302757  0.000383  0.029227 9.98849E-07
 ga  31   2.779838 -0.300162  0.002978  0.031821 3.01879E-08
 ge  32   3.245837 -0.334163 -0.031023 -0.002179 9.19671E-08
 as  33   1.998742 -0.301258  0.001882  0.030726 5.36995E-09
 se  34   2.999149 -0.340851 -0.037710 -0.008867 5.66469E-08
 br  35   2.239049 -0.300951  0.002189  0.031033 9.95948E-09
 kr  36   2.952948 -0.297052  0.006088  0.034931 5.40506E-08
 rb  37   2.064710 -0.295290  0.007850  0.036693 7.13070E-09
 sr  38   2.609838 -0.270162  0.032979  0.061822 2.56484E-08
  y  39   1.909507 -0.260493  0.042647  0.071490 5.18869E-09
 zr  40   2.274253 -0.255747  0.047393  0.076236 1.23305E-08
 nb  41   1.146061 -0.263939  0.039201  0.068045 9.34811E-10
 mo  42   1.556526 -0.383474 -0.080334 -0.051490 2.48397E-09
 tc  43  -0.903636 -9.000000  0.000000  0.000000 8.79447E-12
 ru  44   1.356615 -0.403385 -0.100245 -0.071401 1.65142E-09
 rh  45   0.767093 -0.292907  0.010233  0.039076 4.32666E-10
 pd  46   1.328071 -0.321929 -0.018789  0.010054 1.62822E-09
 ag  47   0.906131 -0.293869  0.009271  0.038114 6.24659E-10
 cd  48   1.415629 -0.294371  0.008770  0.037613 2.10406E-09
 in  49   0.468542 -0.291458  0.011682  0.040526 2.42757E-10
 sn  50   1.766384 -0.303616 -0.000476  0.028368 4.98299E-09
 sb  51   0.498575 -0.511425 -0.208285 -0.179441 2.75867E-10
 te  52   1.458665 -0.721335 -0.418195 -0.389352 2.63715E-09
  i  53   1.251272 -0.298728  0.004412  0.033256 1.62692E-09
 xe  54   1.920850 -0.319150 -0.016010  0.012833 7.86521E-09
 cs  55   0.816041 -0.263959  0.039181  0.068025 6.25463E-10
 ba  56   1.966082 -0.213918  0.089222  0.118065 9.12971E-09
 la  57   0.944208 -0.225792  0.077348  0.106192 8.78109E-10
 ce  58   1.342877 -0.237123  0.066018  0.094861 2.21812E-09
 pr  59   0.495822 -0.264178  0.038962  0.067806 3.17232E-10
 nd  60   1.166415 -0.283585  0.019555  0.048399 1.52097E-09
 pm  61   0.000000 -9.000000  0.000000  0.000000 0.00000E+00
 sm  62   0.530896 -0.409104 -0.105964 -0.077120 3.66984E-10
 eu  63   0.210503 -0.299497  0.003643  0.032486 1.77363E-10
 gd  64   0.756741 -0.293259  0.009881  0.038724 6.45580E-10
 tb  65   0.021770 -0.298230  0.004911  0.033754 1.20111E-10
 dy  66   0.836927 -0.293073  0.010068  0.038911 8.02417E-10
 ho  67   0.171070 -0.298930  0.004210  0.033054 1.75788E-10
 er  68   0.621475 -0.298525  0.004615  0.033459 5.02903E-10
 tm  69  -0.175100 -0.295100  0.008040  0.036883 8.11402E-11
 yb  70   0.581922 -0.338078 -0.034938 -0.006095 4.74993E-10
 lu  71  -0.197373 -0.287373  0.015767  0.044610 7.98366E-11
 hf  72   0.438345 -0.271655  0.031485  0.060329 3.52029E-10
 ta  73  -0.398819 -0.278819  0.024321  0.053165 5.19223E-11
  w  74   0.374373 -0.275627  0.027514  0.056357 3.12920E-10
 re  75  -0.037544 -0.297544  0.005596  0.034439 1.22764E-10
 os  76   1.051757 -0.298243  0.004897  0.033740 1.54048E-09
 ir  77   1.017227 -0.302773  0.000367  0.029211 1.43760E-09
 pt  78   1.286718 -0.333282 -0.030141 -0.001298 2.71360E-09
 au  79   0.498874 -0.301126  0.002014  0.030857 4.46566E-10
 hg  80   0.854367 -0.315633 -0.012493  0.016351 1.03109E-09
 tl  81   0.480659 -0.289341  0.013799  0.042642 4.44347E-10
 pb  82   1.740751 -0.299249  0.003891  0.032735 8.19898E-09
 bi  83   0.346917 -0.303083  0.000057  0.028901 3.33919E-10
 po  84  -3.697911 -9.000000  0.000000  0.000000 3.01200E-14
#[ls/Fe]_Thiswork =   0.0410, [hs/Fe]_Thiswork =   0.0775
#[hs/ls]_Thiswork =   0.0365, [Pb/hs]_Thiswork =  -0.0736
# Elemental abundance ratios: 
# He/H =  9.5227E-02, C/O =  4.4659E-01, N/O = 4.47571E-01
#
#  TP   Mass     Mcore    Menv    log L
#  7 2.999930 0.670690 2.329240 3.984060
# El  Z   log e(X)   [X/H]    [X/Fe]     [X/O]      X(i)
  p   1  12.000000  0.000000  0.000000  0.000000 7.23567E-01
 he   2  10.980343  0.050343  0.353483  0.382326 2.74629E-01
  c   6   8.185506 -0.284494  0.018646  0.047489 1.32161E-03
  n   7   8.047225  0.177225  0.480365  0.509209 1.12095E-03
  o   8   8.399683 -0.330317 -0.027176  0.000000 2.88266E-03
  f   9   4.181767 -0.278233  0.024907  0.052083 2.07249E-07
 ne  10   7.677788 -0.292212  0.010929  0.038105 6.89807E-04
 na  11   6.168977 -0.141023  0.162117  0.189294 2.43520E-05
 mg  12   7.337324 -0.302676  0.000464  0.027641 3.79348E-04
 al  13   6.171370 -0.298630  0.004510  0.031686 2.87383E-05
 si  14   7.247505 -0.302495  0.000645  0.027821 3.56462E-04
  p  15   5.168473 -0.301527  0.001614  0.028790 3.27709E-06
  s  16   6.857448 -0.302552  0.000588  0.027764 1.65767E-04
 cl  17   4.928521 -0.301479  0.001661  0.028837 2.15870E-06
 ar  18   6.137395 -0.302605  0.000535  0.027711 3.93467E-05
  k  19   4.777201 -0.302799  0.000341  0.027518 1.68025E-06
 ca  20   5.987379 -0.302621  0.000519  0.027696 2.79450E-05
 sc  21   2.749806 -0.300194  0.002947  0.030123 1.81389E-08
 ti  22   4.607701 -0.302299  0.000841  0.028018 1.39237E-06
  v  23   3.656008 -0.303992 -0.000852  0.026324 1.65616E-07
 cr  24   5.318168 -0.321832 -0.018692  0.008484 7.76526E-06
 mn  25   5.178124 -0.301876  0.001264  0.028440 5.94312E-06
 fe  26   7.237438 -0.302562  0.000000  0.027754 6.92533E-04
 co  27   4.570494 -0.299506  0.003057  0.030811 1.57351E-06
 ni  28   5.897491 -0.302508  0.000054  0.027808 3.32733E-05
 cu  29   3.951050 -0.298950  0.003612  0.031366 4.07527E-07
 zn  30   4.328905 -0.301095  0.001467  0.029222 1.00129E-06
 ga  31   2.787787 -0.292212  0.010350  0.038104 3.07031E-08
 ge  32   3.254447 -0.325553 -0.022991  0.004764 9.36786E-08
 as  33   2.003908 -0.296092  0.006470  0.034225 5.42670E-09
 se  34   3.013729 -0.326271 -0.023709  0.004046 5.84998E-08
 br  35   2.245111 -0.294889  0.007673  0.035427 1.00855E-08
 kr  36   2.971183 -0.278817  0.023745  0.051499 5.62904E-08
 rb  37   2.077904 -0.282096  0.020466  0.048220 7.34050E-09
 sr  38   2.679037 -0.200963  0.101599  0.129354 3.00372E-08
  y  39   1.988384 -0.181616  0.120946  0.148701 6.21346E-09
 zr  40   2.367716 -0.162284  0.140278  0.168032 1.52701E-08
 nb  41   1.224216 -0.185784  0.116778  0.144532 1.11758E-09
 mo  42   1.645933 -0.294067  0.008495  0.036250 3.04755E-09
 tc  43  -0.363258 -9.000000  0.000000  0.000000 3.04779E-11
 ru  44   1.430893 -0.329107 -0.026545  0.001209 1.95674E-09
 rh  45   0.793641 -0.266359  0.036203  0.063958 4.59303E-10
 pd  46   1.420147 -0.229853  0.072709  0.100464 2.00996E-09
 ag  47   0.930399 -0.269601  0.032961  0.060715 6.59644E-10
 cd  48   1.522908 -0.187092  0.115470  0.143225 2.68989E-09
 in  49   0.541258 -0.218742  0.083820  0.111574 2.86607E-10
 sn  50   1.903205 -0.166795  0.135767  0.163522 6.81883E-09
 sb  51   0.586443 -0.423557 -0.120995 -0.093240 3.37260E-10
 te  52   1.581239 -0.598761 -0.296199 -0.268445 3.49227E-09
  i  53   1.265481 -0.284519  0.018043  0.045798 1.67870E-09
 xe  54   1.981499 -0.258501  0.044061  0.071815 9.03146E-09
 cs  55   0.880860 -0.199140  0.103423  0.131177 7.25137E-10
 ba  56   2.243863  0.063863  0.366425  0.394180 1.72837E-08
 la  57   1.225815  0.055815  0.358377  0.386131 1.67708E-09
 ce  58   1.656011  0.076011  0.378573  0.406327 4.55529E-09
 pr  59   0.696595 -0.063405  0.239157  0.266912 5.02977E-10
 nd  60   1.435149 -0.014851  0.287711  0.315466 2.82003E-09
 pm  61   0.000000 -9.000000  0.000000  0.000000 0.00000E+00
 sm  62   0.736548 -0.203452  0.099111  0.126865 5.88435E-10
 eu  63   0.246785 -0.263215  0.039347  0.067102 1.92550E-10
 gd  64   0.846944 -0.203056  0.099506  0.127260 7.93511E-10
 tb  65   0.071956 -0.248044  0.054518  0.082272 1.34637E-10
 dy  66   0.940070 -0.189930  0.112632  0.140387 1.01611E-09
 ho  67   0.216319 -0.253681  0.048881  0.076636 1.94822E-10
 er  68   0.723153 -0.196847  0.105715  0.133470 6.34688E-10
 tm  69  -0.093651 -0.213651  0.088911  0.116666 9.77427E-11
 yb  70   0.803023 -0.116977  0.185586  0.213340 7.89201E-10
 lu  71  -0.038046 -0.128046  0.174516  0.202271 1.15061E-10
 hf  72   0.688267 -0.021733  0.280829  0.308583 6.25027E-10
 ta  73  -0.191113 -0.071113  0.231450  0.259204 8.36487E-11
  w  74   0.625391 -0.024609  0.277953  0.305708 5.56992E-10
 re  75   0.029065 -0.230935  0.071627  0.099382 1.42916E-10
 os  76   1.121135 -0.228865  0.073697  0.101451 1.80481E-09
 ir  77   1.027808 -0.292192  0.010370  0.038125 1.47102E-09
 pt  78   1.326044 -0.293956  0.008606  0.036361 2.96668E-09
 au  79   0.533813 -0.266187  0.036375  0.064129 4.83308E-10
 hg  80   1.093530 -0.076470  0.226092  0.253846 1.78590E-09
 tl  81   0.605394 -0.164606  0.137957  0.165711 5.91367E-10
 pb  82   1.914123 -0.125877  0.176685  0.204439 1.22048E-08
 bi  83   0.356398 -0.293602  0.008960  0.036714 3.40816E-10
 po  84  -1.472155 -9.000000  0.000000  0.000000 5.05836E-12
#[ls/Fe]_Thiswork =   0.1209, [hs/Fe]_Thiswork =   0.3678
#[hs/ls]_Thiswork =   0.2469, [Pb/hs]_Thiswork =  -0.1911
# Elemental abundance ratios: 
# He/H =  9.5575E-02, C/O =  6.1069E-01, N/O = 4.44163E-01
#
#  TP   Mass     Mcore    Menv    log L
#  8 2.999900 0.673872 2.326030 4.007400
# El  Z   log e(X)   [X/H]    [X/Fe]     [X/O]      X(i)
  p   1  12.000000  0.000000  0.000000  0.000000 7.21976E-01
 he   2  10.982913  0.052913  0.355475  0.383229 2.75652E-01
  c   6   8.330401 -0.139599  0.162963  0.190718 1.84095E-03
  n   7   8.047300  0.177300  0.479863  0.507617 1.11868E-03
  o   8   8.402048 -0.327951 -0.025389  0.000000 2.89203E-03
  f   9   4.248360 -0.211640  0.090922  0.116311 2.41063E-07
 ne  10   7.695525 -0.274475  0.028088  0.053477 7.16982E-04
 na  11   6.172861 -0.137139  0.165423  0.190813 2.45167E-05
 mg  12   7.338225 -0.301775  0.000788  0.026177 3.79300E-04
 al  13   6.175790 -0.294210  0.008352  0.033741 2.89685E-05
 si  14   7.248489 -0.301511  0.001051  0.026441 3.56485E-04
  p  15   5.170609 -0.299391  0.003171  0.028561 3.28601E-06
  s  16   6.858381 -0.301619  0.000944  0.026333 1.65758E-04
 cl  17   4.930385 -0.299615  0.002947  0.028336 2.16321E-06
 ar  18   6.138290 -0.301710  0.000853  0.026242 3.93412E-05
  k  19   4.778474 -0.301526  0.001036  0.026425 1.68147E-06
 ca  20   5.988271 -0.301729  0.000834  0.026223 2.79408E-05
 sc  21   2.752771 -0.297229  0.005334  0.030723 1.82231E-08
 ti  22   4.608979 -0.301021  0.001541  0.026930 1.39340E-06
  v  23   3.656702 -0.303298 -0.000736  0.024653 1.65516E-07
 cr  24   5.319109 -0.320890 -0.018328  0.007061 7.76500E-06
 mn  25   5.179684 -0.300316  0.002246  0.027635 5.95139E-06
 fe  26   7.238356 -0.301644  0.000000  0.026307 6.92472E-04
 co  27   4.573957 -0.296043  0.005601  0.031909 1.58262E-06
 ni  28   5.898461 -0.301539  0.000105  0.026412 3.32743E-05
 cu  29   3.954795 -0.295205  0.006439  0.032746 4.10153E-07
 zn  30   4.331501 -0.298500  0.003145  0.029452 1.00508E-06
 ga  31   2.800056 -0.279944  0.021700  0.048007 3.15133E-08
 ge  32   3.267904 -0.312096 -0.010451  0.015856 9.64144E-08
 as  33   2.012199 -0.287801  0.013844  0.040151 5.51914E-09
 se  34   3.036826 -0.303174 -0.001529  0.024778 6.15596E-08
 br  35   2.255698 -0.284302  0.017343  0.043650 1.03117E-08
 kr  36   3.001688 -0.248312  0.053332  0.079639 6.02537E-08
 rb  37   2.097657 -0.262343  0.039302  0.065609 7.66518E-09
 sr  38   2.799774 -0.080226  0.221418  0.247725 3.95767E-08
  y  39   2.123353 -0.046647  0.254997  0.281304 8.45952E-09
 zr  40   2.518199 -0.011801  0.289843  0.316150 2.15462E-08
 nb  41   1.352641 -0.057359  0.244285  0.270593 1.49881E-09
 mo  42   1.785273 -0.154727  0.146917  0.173224 4.19116E-09
 tc  43   0.010646 -9.000000  0.000000  0.000000 7.19339E-11
 ru  44   1.551984 -0.208016  0.093628  0.119935 2.58029E-09
 rh  45   0.841847 -0.218153  0.083492  0.109799 5.12094E-10
 pd  46   1.558391 -0.091609  0.210035  0.236342 2.75725E-09
 ag  47   0.973182 -0.226818  0.074826  0.101133 7.26334E-10
 cd  48   1.673323 -0.036677  0.264967  0.291274 3.79484E-09
 in  49   0.649711 -0.110289  0.191355  0.217662 3.67099E-10
 sn  50   2.071738  0.001738  0.303383  0.329690 1.00297E-08
 sb  51   0.701964 -0.308036 -0.006391  0.019916 4.39068E-10
 te  52   1.730720 -0.449281 -0.147636 -0.121329 4.91623E-09
  i  53   1.287811 -0.262189  0.039456  0.065763 1.76339E-09
 xe  54   2.063254 -0.176746  0.124899  0.151206 1.08782E-08
 cs  55   0.956819 -0.123181  0.178463  0.204770 8.61831E-10
 ba  56   2.477390  0.297390  0.599035  0.625342 2.95262E-08
 la  57   1.461456  0.291456  0.593101  0.619408 2.87899E-09
 ce  58   1.917118  0.337118  0.638762  0.665069 8.29217E-09
 pr  59   0.903110  0.143110  0.444754  0.471061 8.07434E-10
 nd  60   1.682980  0.232980  0.534624  0.560931 4.97883E-09
 pm  61   0.000000 -9.000000  0.000000  0.000000 0.00000E+00
 sm  62   0.955462  0.015462  0.317107  0.343414 9.71979E-10
 eu  63   0.303402 -0.206598  0.095046  0.121353 2.18879E-10
 gd  64   0.967498 -0.082502  0.219142  0.245449 1.04508E-09
 tb  65   0.147151 -0.172849  0.128795  0.155102 1.59737E-10
 dy  66   1.076864 -0.053136  0.248509  0.274816 1.38925E-09
 ho  67   0.286620 -0.183380  0.118264  0.144572 2.28550E-10
 er  68   0.859559 -0.060441  0.241203  0.267510 8.66983E-10
 tm  69   0.021683 -0.098317  0.203327  0.229634 1.27193E-10
 yb  70   1.036995  0.116995  0.418639  0.444946 1.34960E-09
 lu  71   0.157019  0.067019  0.368663  0.394970 1.79902E-10
 hf  72   0.944714  0.234714  0.536358  0.562665 1.12561E-09
 ta  73   0.048774  0.168774  0.470418  0.496725 1.45007E-10
  w  74   0.885438  0.235438  0.537082  0.563389 1.01144E-09
 re  75   0.138625 -0.121375  0.180269  0.206577 1.83520E-10
 os  76   1.227017 -0.122983  0.178662  0.204969 2.29804E-09
 ir  77   1.047497 -0.272503  0.029141  0.055448 1.53586E-09
 pt  78   1.393063 -0.226937  0.074707  0.101014 3.45409E-09
 au  79   0.597276 -0.202724  0.098920  0.125227 5.58125E-10
 hg  80   1.361959  0.191960  0.493604  0.519911 3.30622E-09
 tl  81   0.793083  0.023083  0.324728  0.351035 9.09056E-10
 pb  82   2.224503  0.184503  0.486147  0.512454 2.48860E-08
 bi  83   0.397910 -0.252090  0.049554  0.075862 3.74177E-10
 po  84  -0.647756 -9.000000  0.000000  0.000000 3.36863E-11
#[ls/Fe]_Thiswork =   0.2554, [hs/Fe]_Thiswork =   0.6103
#[hs/ls]_Thiswork =   0.3549, [Pb/hs]_Thiswork =  -0.1242
# Elemental abundance ratios: 
# He/H =  9.6142E-02, C/O =  8.4792E-01, N/O = 4.41827E-01
#
#  TP   Mass     Mcore    Menv    log L
#  9 2.999860 0.676568 2.323290 4.027520
# El  Z   log e(X)   [X/H]    [X/Fe]     [X/O]      X(i)
  p   1  12.000000  0.000000  0.000000  0.000000 7.20042E-01
 he   2  10.986064  0.056064  0.357708  0.384015 2.76915E-01
  c   6   8.456209 -0.013791  0.287853  0.314160 2.45293E-03
  n   7   8.046267  0.176267  0.477911  0.504218 1.11303E-03
  o   8   8.404743 -0.325256 -0.023612  0.000000 2.90224E-03
  f   9   4.331490 -0.128510  0.173134  0.196746 2.91135E-07
 ne  10   7.718075 -0.251925  0.049720  0.073332 7.53171E-04
 na  11   6.176981 -0.133018  0.168626  0.192238 2.46841E-05
 mg  12   7.339375 -0.300624  0.001020  0.024632 3.79287E-04
 al  13   6.181563 -0.288436  0.013208  0.036820 2.92776E-05
 si  14   7.249692 -0.300308  0.001337  0.024949 3.56516E-04
  p  15   5.173247 -0.296753  0.004891  0.028503 3.29717E-06
  s  16   6.859519 -0.300481  0.001163  0.024775 1.65748E-04
 cl  17   4.932673 -0.297328  0.004317  0.027929 2.16882E-06
 ar  18   6.139381 -0.300619  0.001026  0.024638 3.93345E-05
  k  19   4.780043 -0.299957  0.001688  0.025300 1.68304E-06
 ca  20   5.989361 -0.300639  0.001005  0.024617 2.79360E-05
 sc  21   2.756464 -0.293536  0.008108  0.031720 1.83295E-08
 ti  22   4.610565 -0.299435  0.002210  0.025822 1.39476E-06
  v  23   3.657564 -0.302436 -0.000792  0.022820 1.65401E-07
 cr  24   5.320259 -0.319741 -0.018097  0.005515 7.76472E-06
 mn  25   5.181694 -0.298306  0.003338  0.026950 5.96299E-06
 fe  26   7.239473 -0.300527  0.000000  0.024729 6.92396E-04
 co  27   4.578126 -0.291873  0.008654  0.033383 1.59361E-06
 ni  28   5.899618 -0.300382  0.000145  0.024874 3.32737E-05
 cu  29   3.958842 -0.291158  0.009369  0.034099 4.12884E-07
 zn  30   4.334475 -0.295525  0.005002  0.029731 1.00928E-06
 ga  31   2.813573 -0.266427  0.034100  0.058829 3.24225E-08
 ge  32   3.282899 -0.297101  0.003426  0.028155 9.95342E-08
 as  33   2.021644 -0.278356  0.022171  0.046900 5.62536E-09
 se  34   3.062449 -0.277550  0.022977  0.047706 6.51259E-08
 br  35   2.268872 -0.271128  0.029399  0.054129 1.06008E-08
 kr  36   3.036890 -0.213110  0.087417  0.112146 6.51660E-08
 rb  37   2.120917 -0.239083  0.061445  0.086174 8.06525E-09
 sr  38   2.922043  0.042043  0.342570  0.367299 5.23051E-08
  y  39   2.258675  0.088675  0.389202  0.413931 1.15213E-08
 zr  40   2.666800  0.136801  0.437328  0.462057 3.02557E-08
 nb  41   1.485277  0.075277  0.375804  0.400534 2.02870E-09
 mo  42   1.927589 -0.012411  0.288116  0.312846 5.80078E-09
 tc  43   0.248078 -9.000000  0.000000  0.000000 1.23937E-10
 ru  44   1.681705 -0.078295  0.222233  0.246962 3.46916E-09
 rh  45   0.901937 -0.158063  0.142464  0.167193 5.86510E-10
 pd  46   1.699631  0.049631  0.350158  0.374887 3.80672E-09
 ag  47   1.026697 -0.173303  0.127224  0.151953 8.19383E-10
 cd  48   1.823055  0.113055  0.413582  0.438312 5.34270E-09
 in  49   0.766206  0.006206  0.306733  0.331462 4.78755E-10
 sn  50   2.231638  0.161638  0.462165  0.486894 1.44552E-08
 sb  51   0.821196 -0.188804  0.111723  0.136452 5.76232E-10
 te  52   1.876359 -0.303641 -0.003114  0.021615 6.85657E-09
  i  53   1.316458 -0.233542  0.066985  0.091714 1.87858E-09
 xe  54   2.153499 -0.086501  0.214026  0.238755 1.33548E-08
 cs  55   1.041491 -0.038509  0.262018  0.286747 1.04455E-09
 ba  56   2.660640  0.480640  0.781167  0.805896 4.49048E-08
 la  57   1.643406  0.473406  0.773933  0.798662 4.36540E-09
 ce  58   2.111709  0.531709  0.832236  0.856965 1.29448E-08
 pr  59   1.074339  0.314339  0.614866  0.639595 1.19446E-09
 nd  60   1.872419  0.422419  0.722946  0.747676 7.68073E-09
 pm  61   0.000000 -9.000000  0.000000  0.000000 0.00000E+00
 sm  62   1.132375  0.192375  0.492902  0.517631 1.45681E-09
 eu  63   0.368058 -0.141942  0.158585  0.183315 2.53336E-10
 gd  64   1.081948  0.031948  0.332475  0.357205 1.35655E-09
 tb  65   0.226395 -0.093605  0.206922  0.231651 1.91198E-10
 dy  66   1.204462  0.074462  0.374989  0.399718 1.85872E-09
 ho  67   0.362596 -0.107404  0.193123  0.217852 2.71514E-10
 er  68   0.989557  0.069557  0.370084  0.394814 1.16639E-09
 tm  69   0.135428  0.015428  0.315956  0.340685 1.64833E-10
 yb  70   1.221227  0.301227  0.601754  0.626483 2.05717E-09
 lu  71   0.323762  0.233762  0.534289  0.559018 2.63400E-10
 hf  72   1.143910  0.433910  0.734438  0.759167 1.77591E-09
 ta  73   0.246465  0.366465  0.666992  0.691721 2.27990E-10
  w  74   1.085687  0.435687  0.736214  0.760943 1.59965E-09
 re  75   0.259719 -0.000281  0.300246  0.324975 2.41887E-10
 os  76   1.332877 -0.017123  0.283404  0.308133 2.92451E-09
 ir  77   1.071607 -0.248393  0.052134  0.076863 1.61918E-09
 pt  78   1.466310 -0.153690  0.146837  0.171566 4.07770E-09
 au  79   0.670152 -0.129848  0.170679  0.195408 6.58328E-10
 hg  80   1.568439  0.398440  0.698967  0.723696 5.30452E-09
 tl  81   0.969440  0.199440  0.499967  0.524696 1.36076E-09
 pb  82   2.465574  0.425574  0.726101  0.750831 4.32375E-08
 bi  83   0.458906 -0.191094  0.109433  0.134163 4.29446E-10
 po  84  -0.247246 -9.000000  0.000000  0.000000 8.44885E-11
#[ls/Fe]_Thiswork =   0.3897, [hs/Fe]_Thiswork =   0.7958
#[hs/ls]_Thiswork =   0.4061, [Pb/hs]_Thiswork =  -0.0697
# Elemental abundance ratios: 
# He/H =  9.6842E-02, C/O =  1.1258E+00, N/O = 4.38049E-01
#
#  TP   Mass     Mcore    Menv    log L
# 10 2.999740 0.678863 2.320880 4.043920
# El  Z   log e(X)   [X/H]    [X/Fe]     [X/O]      X(i)
  p   1  12.000000  0.000000  0.000000  0.000000 7.17679E-01
 he   2  10.990005  0.060004  0.360531  0.385261 2.78522E-01
  c   6   8.564405  0.094405  0.394932  0.419662 3.13657E-03
  n   7   8.046313  0.176313  0.476840  0.501570 1.10950E-03
  o   8   8.407421 -0.322578 -0.022051  0.000000 2.91061E-03
  f   9   4.426169 -0.033831  0.266696  0.288748 3.60867E-07
 ne  10   7.744928 -0.225071  0.075456  0.097507 7.98582E-04
 na  11   6.182586 -0.127414  0.173113  0.195164 2.49227E-05
 mg  12   7.340866 -0.299134  0.001393  0.023445 3.79342E-04
 al  13   6.188575 -0.281425  0.019103  0.041154 2.96564E-05
 si  14   7.251170 -0.298831  0.001697  0.023748 3.56557E-04
  p  15   5.176339 -0.293661  0.006866  0.028918 3.30983E-06
  s  16   6.860913 -0.299087  0.001441  0.023492 1.65735E-04
 cl  17   4.935453 -0.294547  0.005980  0.028031 2.17558E-06
 ar  18   6.140720 -0.299280  0.001247  0.023299 3.93265E-05
  k  19   4.781973 -0.298027  0.002500  0.024551 1.68499E-06
 ca  20   5.990698 -0.299302  0.001225  0.023277 2.79302E-05
 sc  21   2.761067 -0.288933  0.011595  0.033646 1.84640E-08
 ti  22   4.612472 -0.297528  0.002999  0.025051 1.39630E-06
  v  23   3.658616 -0.301384 -0.000857  0.021194 1.65258E-07
 cr  24   5.321670 -0.318330 -0.017803  0.004248 7.76443E-06
 mn  25   5.184272 -0.295728  0.004799  0.026850 5.97880E-06
 fe  26   7.240845 -0.299155  0.000000  0.023423 6.92307E-04
 co  27   4.583269 -0.286731  0.012424  0.035848 1.60730E-06
 ni  28   5.901030 -0.298970  0.000185  0.023609 3.32726E-05
 cu  29   3.963756 -0.286244  0.012911  0.036334 4.16212E-07
 zn  30   4.338153 -0.291847  0.007308  0.030731 1.01452E-06
 ga  31   2.829131 -0.250869  0.048286  0.071710 3.34948E-08
 ge  32   3.299703 -0.280297  0.018858  0.042281 1.03121E-07
 as  33   2.032118 -0.267882  0.031273  0.054696 5.74377E-09
 se  34   3.088434 -0.251566  0.047590  0.071013 6.89146E-08
 br  35   2.283487 -0.256513  0.042643  0.066066 1.09276E-08
 kr  36   3.071424 -0.178576  0.120580  0.144003 7.03279E-08
 rb  37   2.145218 -0.214782  0.084373  0.107796 8.50142E-09
 sr  38   3.017574  0.137574  0.436729  0.460153 6.49603E-08
  y  39   2.362865  0.192865  0.492021  0.515444 1.45971E-08
 zr  40   2.779350  0.249350  0.548506  0.571929 3.90777E-08
 nb  41   1.589396  0.179397  0.478552  0.501975 2.56986E-09
 mo  42   2.039037  0.099037  0.398192  0.421615 7.47320E-09
 tc  43   0.378139 -9.000000  0.000000  0.000000 1.66661E-10
 ru  44   1.786519  0.026519  0.325674  0.349097 4.40160E-09
 rh  45   0.957208 -0.102792  0.196363  0.219786 6.63924E-10
 pd  46   1.810664  0.160664  0.459819  0.483243 4.89957E-09
 ag  47   1.076829 -0.123171  0.175984  0.199407 9.16625E-10
 cd  48   1.940531  0.230531  0.529686  0.553109 6.97927E-09
 in  49   0.863295  0.103295  0.402450  0.425873 5.96726E-10
 sn  50   2.357194  0.287194  0.586349  0.609772 1.92376E-08
 sb  51   0.922004 -0.087996  0.211159  0.234582 7.24399E-10
 te  52   1.996015 -0.183985  0.115170  0.138593 9.00192E-09
  i  53   1.346648 -0.203352  0.095803  0.119227 2.00721E-09
 xe  54   2.238195 -0.001805  0.297351  0.320774 1.61773E-08
 cs  55   1.129219  0.049219  0.348374  0.371797 1.27418E-09
 ba  56   2.822740  0.642740  0.941895  0.965318 6.50077E-08
 la  57   1.809380  0.639380  0.938535  0.961958 6.37633E-09
 ce  58   2.285859  0.705859  1.005014  1.028437 1.92671E-08
 pr  59   1.236465  0.476465  0.775621  0.799044 1.72930E-09
 nd  60   2.042363  0.592363  0.891518  0.914942 1.13219E-08
 pm  61   0.000000 -9.000000  0.000000  0.000000 0.00000E+00
 sm  62   1.292085  0.352085  0.651240  0.674663 2.09743E-09
 eu  63   0.444301 -0.065699  0.233456  0.256879 3.00962E-10
 gd  64   1.198760  0.148760  0.447915  0.471339 1.76938E-09
 tb  65   0.313471 -0.006529  0.292626  0.316049 2.32881E-10
 dy  66   1.330633  0.200633  0.499788  0.523212 2.47717E-09
 ho  67   0.446956 -0.023044  0.276111  0.299534 3.28644E-10
 er  68   1.120929  0.200929  0.500084  0.523507 1.57322E-09
 tm  69   0.252043  0.132043  0.431198  0.454621 2.14897E-10
 yb  70   1.383264  0.463264  0.762419  0.785842 2.97769E-09
 lu  71   0.475825  0.385825  0.684981  0.708404 3.72608E-10
 hf  72   1.317698  0.607699  0.906854  0.930277 2.64109E-09
 ta  73   0.423562  0.543562  0.842717  0.866140 3.41653E-10
  w  74   1.256798  0.606798  0.905953  0.929376 2.36433E-09
 re  75   0.389262  0.129262  0.428417  0.451841 3.24884E-10
 os  76   1.438333  0.088333  0.387488  0.410911 3.71605E-09
 ir  77   1.100739 -0.219262  0.079894  0.103317 1.72584E-09
 pt  78   1.543162 -0.076838  0.222318  0.245741 4.85110E-09
 au  79   0.748989 -0.051011  0.248144  0.271568 7.86778E-10
 hg  80   1.736418  0.566418  0.865573  0.888996 7.78389E-09
 tl  81   1.128595  0.358595  0.657751  0.681174 1.95663E-09
 pb  82   2.621026  0.581026  0.880181  0.903605 6.16432E-08
 bi  83   0.515094 -0.134906  0.164249  0.187672 4.87157E-10
 po  84  -0.020129 -9.000000  0.000000  0.000000 1.42065E-10
#[ls/Fe]_Thiswork =   0.4924, [hs/Fe]_Thiswork =   0.9618
#[hs/ls]_Thiswork =   0.4694, [Pb/hs]_Thiswork =  -0.0816
# Elemental abundance ratios: 
# He/H =  9.7725E-02, C/O =  1.4354E+00, N/O = 4.35404E-01
#
#  TP   Mass     Mcore    Menv    log L
# 11 2.999510 0.680823 2.318690 4.057470
# El  Z   log e(X)   [X/H]    [X/Fe]     [X/O]      X(i)
  p   1  12.000000  0.000000  0.000000  0.000000 7.15188E-01
 he   2  10.994183  0.064182  0.363338  0.386761 2.80238E-01
  c   6   8.653524  0.183524  0.482679  0.506103 3.83763E-03
  n   7   8.045822  0.175822  0.474977  0.498401 1.10440E-03
  o   8   8.409818 -0.320182 -0.021027  0.000000 2.91655E-03
  f   9   4.521399  0.061399  0.360554  0.381580 4.47782E-07
 ne  10   7.772717 -0.197282  0.101873  0.122900 8.48395E-04
 na  11   6.188318 -0.121682  0.177473  0.198500 2.51661E-05
 mg  12   7.342573 -0.297427  0.001728  0.022755 3.79514E-04
 al  13   6.195890 -0.274110  0.025045  0.046072 3.00555E-05
 si  14   7.252739 -0.297261  0.001894  0.022921 3.56606E-04
  p  15   5.179508 -0.290492  0.008664  0.029690 3.32250E-06
  s  16   6.862387 -0.297613  0.001542  0.022569 1.65721E-04
 cl  17   4.938461 -0.291539  0.007617  0.028643 2.18310E-06
 ar  18   6.142130 -0.297870  0.001286  0.022312 3.93174E-05
  k  19   4.784046 -0.295954  0.003201  0.024228 1.68717E-06
 ca  20   5.992105 -0.297895  0.001260  0.022286 2.79235E-05
 sc  21   2.766322 -0.283678  0.015477  0.036504 1.86239E-08
 ti  22   4.614451 -0.295549  0.003606  0.024633 1.39781E-06
  v  23   3.659677 -0.300323 -0.001168  0.019858 1.65087E-07
 cr  24   5.323164 -0.316835 -0.017680  0.003346 7.76415E-06
 mn  25   5.187169 -0.292831  0.006324  0.027350 5.99792E-06
 fe  26   7.242297 -0.297703  0.000000  0.022479 6.92214E-04
 co  27   4.589198 -0.280802  0.016901  0.039380 1.62374E-06
 ni  28   5.902509 -0.297491  0.000213  0.022691 3.32702E-05
 cu  29   3.969064 -0.280936  0.016767  0.039246 4.19867E-07
 zn  30   4.342004 -0.287996  0.009707  0.032186 1.02000E-06
 ga  31   2.844293 -0.235707  0.061996  0.084475 3.45644E-08
 ge  32   3.315977 -0.264023  0.033680  0.056159 1.06687E-07
 as  33   2.042316 -0.257684  0.040020  0.062498 5.85984E-09
 se  34   3.112446 -0.227554  0.070149  0.092628 7.25793E-08
 br  35   2.298334 -0.241666  0.056037  0.078516 1.12684E-08
 kr  36   3.102920 -0.147080  0.150623  0.173101 7.53552E-08
 rb  37   2.170125 -0.189875  0.107828  0.130307 8.97197E-09
 sr  38   3.092286  0.212286  0.509989  0.532468 7.68863E-08
  y  39   2.443716  0.273716  0.571419  0.593898 1.75229E-08
 zr  40   2.866385  0.336385  0.634088  0.656566 4.75831E-08
 nb  41   1.672215  0.262215  0.559919  0.582397 3.09898E-09
 mo  42   2.127495  0.187495  0.485198  0.507677 9.12964E-09
 tc  43   0.459332 -9.000000  0.000000  0.000000 2.00225E-10
 ru  44   1.871342  0.111342  0.409045  0.431524 5.33241E-09
 rh  45   1.006376 -0.053624  0.244080  0.266558 7.40929E-10
 pd  46   1.899415  0.249415  0.547118  0.569597 5.98960E-09
 ag  47   1.122279 -0.077721  0.219982  0.242461 1.01422E-09
 cd  48   2.034606  0.324606  0.622309  0.644788 8.63723E-09
 in  49   0.944289  0.184289  0.481992  0.504471 7.16570E-10
 sn  50   2.457859  0.387859  0.685562  0.708041 2.41716E-08
 sb  51   1.006552 -0.003448  0.294255  0.316734 8.77032E-10
 te  52   2.093733 -0.086267  0.211436  0.233915 1.12342E-08
  i  53   1.376409 -0.173591  0.124112  0.146590 2.14212E-09
 xe  54   2.313141  0.073141  0.370844  0.393323 1.91576E-08
 cs  55   1.215035  0.135035  0.432739  0.455217 1.54716E-09
 ba  56   2.945063  0.765063  1.062766  1.085244 8.58575E-08
 la  57   1.932591  0.762591  1.060295  1.082773 8.43864E-09
 ce  58   2.410230  0.830230  1.127933  1.150411 2.55668E-08
 pr  59   1.357585  0.597585  0.895288  0.917767 2.27762E-09
 nd  60   2.162692  0.712692  1.010395  1.032874 1.48846E-08
 pm  61   0.000000 -9.000000  0.000000  0.000000 0.00000E+00
 sm  62   1.403563  0.463564  0.761267  0.783745 2.70181E-09
 eu  63   0.509164 -0.000836  0.296867  0.319346 3.48229E-10
 gd  64   1.288789  0.238789  0.536492  0.558971 2.16940E-09
 tb  65   0.383099  0.063099  0.360802  0.383280 2.72427E-10
 dy  66   1.424329  0.294329  0.592032  0.614511 3.06297E-09
 ho  67   0.515186  0.045186  0.342890  0.365368 3.83218E-10
 er  68   1.221719  0.301719  0.599422  0.621901 1.97728E-09
 tm  69   0.341026  0.221026  0.518730  0.541208 2.62847E-10
 yb  70   1.495909  0.575909  0.873612  0.896091 3.84605E-09
 lu  71   0.582844  0.492844  0.790547  0.813026 4.75072E-10
 hf  72   1.439736  0.729736  1.027440  1.049918 3.48586E-09
 ta  73   0.548334  0.668334  0.966037  0.988516 4.53782E-10
  w  74   1.374997  0.724997  1.022700  1.045179 3.09312E-09
 re  75   0.491994  0.231994  0.529697  0.552176 4.10157E-10
 os  76   1.517682  0.167682  0.465385  0.487864 4.44551E-09
 ir  77   1.126733 -0.193267  0.104436  0.126915 1.82593E-09
 pt  78   1.602942 -0.017058  0.280645  0.303123 5.54765E-09
 au  79   0.811987  0.011987  0.309690  0.332169 9.06441E-10
 hg  80   1.849885  0.679885  0.977588  1.000067 1.00729E-08
 tl  81   1.248593  0.478593  0.776297  0.798775 2.57038E-09
 pb  82   2.720137  0.680137  0.977840  1.000319 7.71766E-08
 bi  83   0.561570 -0.088430  0.209273  0.231752 5.40300E-10
 po  84   0.119628 -9.000000  0.000000  0.000000 1.95314E-10
#[ls/Fe]_Thiswork =   0.5718, [hs/Fe]_Thiswork =   1.0837
#[hs/ls]_Thiswork =   0.5118, [Pb/hs]_Thiswork =  -0.1058
# Elemental abundance ratios: 
# He/H =  9.8669E-02, C/O =  1.7527E+00, N/O = 4.32518E-01
#
#  TP   Mass     Mcore    Menv    log L
# 12 2.999030 0.682665 2.316370 4.069420
# El  Z   log e(X)   [X/H]    [X/Fe]     [X/O]      X(i)
  p   1  12.000000  0.000000  0.000000  0.000000 7.12506E-01
 he   2  10.998716  0.068716  0.366419  0.388898 2.82117E-01
  c   6   8.730002  0.260002  0.557705  0.580184 4.55942E-03
  n   7   8.045987  0.175987  0.473691  0.496169 1.10068E-03
  o   8   8.412003 -0.317997 -0.020294  0.000000 2.92027E-03
  f   9   4.613956  0.153956  0.451660  0.471953 5.52068E-07
 ne  10   7.801677 -0.168323  0.129381  0.149674 9.03496E-04
 na  11   6.194865 -0.115135  0.182569  0.202862 2.54526E-05
 mg  12   7.344533 -0.295466  0.002237  0.022531 3.79802E-04
 al  13   6.203435 -0.266565  0.031138  0.051432 3.04675E-05
 si  14   7.254438 -0.295562  0.002141  0.022435 3.56661E-04
  p  15   5.182820 -0.287179  0.010524  0.030818 3.33538E-06
  s  16   6.863976 -0.296024  0.001679  0.021973 1.65705E-04
 cl  17   4.941730 -0.288270  0.009433  0.029727 2.19135E-06
 ar  18   6.143648 -0.296352  0.001351  0.021645 3.93072E-05
  k  19   4.786291 -0.293709  0.003994  0.024288 1.68956E-06
 ca  20   5.993617 -0.296383  0.001320  0.021614 2.79158E-05
 sc  21   2.772176 -0.277824  0.019879  0.040173 1.88058E-08
 ti  22   4.616553 -0.293447  0.004257  0.024550 1.39932E-06
  v  23   3.660782 -0.299218 -0.001515  0.018779 1.64887E-07
 cr  24   5.324781 -0.315219 -0.017516  0.002778 7.76388E-06
 mn  25   5.190339 -0.289661  0.008042  0.028336 6.01921E-06
 fe  26   7.243868 -0.296132  0.000000  0.021865 6.92119E-04
 co  27   4.596167 -0.273833  0.022298  0.044164 1.64382E-06
 ni  28   5.904072 -0.295928  0.000204  0.022069 3.32649E-05
 cu  29   3.974384 -0.275616  0.020516  0.042381 4.23448E-07
 zn  30   4.345621 -0.284379  0.011752  0.033617 1.02468E-06
 ga  31   2.857327 -0.222672  0.073459  0.095325 3.54839E-08
 ge  32   3.330171 -0.249829  0.046302  0.068168 1.09818E-07
 as  33   2.051455 -0.248544  0.047587  0.069453 5.96201E-09
 se  34   3.133507 -0.206493  0.089638  0.111504 7.59000E-08
 br  35   2.312949 -0.227051  0.069081  0.090946 1.16104E-08
 kr  36   3.132194 -0.117806  0.178325  0.200191 8.03074E-08
 rb  37   2.195502 -0.164498  0.131634  0.153499 9.47619E-09
 sr  38   3.157559  0.277559  0.573691  0.595556 8.90206E-08
  y  39   2.514628  0.344628  0.640760  0.662625 2.05536E-08
 zr  40   2.942308  0.412308  0.708440  0.730305 5.64606E-08
 nb  41   1.745687  0.335687  0.631818  0.653684 3.65644E-09
 mo  42   2.205106  0.265106  0.561237  0.583103 1.08751E-08
 tc  43   0.521765 -9.000000  0.000000  0.000000 2.30313E-10
 ru  44   1.946574  0.186574  0.482706  0.504571 6.31720E-09
 rh  45   1.053314 -0.006686  0.289446  0.311311 8.22401E-10
 pd  46   1.977615  0.327615  0.623747  0.645612 7.14442E-09
 ag  47   1.166381 -0.033619  0.262512  0.284378 1.11841E-09
 cd  48   2.117387  0.407387  0.703518  0.725384 1.04117E-08
 in  49   1.017715  0.257715  0.553846  0.575711 8.45381E-10
 sn  50   2.546715  0.476715  0.772846  0.794712 2.95482E-08
 sb  51   1.084023  0.074023  0.370155  0.392020 1.04437E-09
 te  52   2.181456  0.001456  0.297587  0.319453 1.36973E-08
  i  53   1.407461 -0.142539  0.153593  0.175458 2.29226E-09
 xe  54   2.384777  0.144777  0.440909  0.462774 2.25085E-08
 cs  55   1.302303  0.222303  0.518435  0.540300 1.88440E-09
 ba  56   3.050051  0.870051  1.166182  1.188048 1.08927E-07
 la  57   2.036828  0.866828  1.162960  1.184825 1.06875E-08
 ce  58   2.510596  0.930596  1.226728  1.248593 3.20931E-08
 pr  59   1.456927  0.696927  0.993059  1.014924 2.85228E-09
 nd  60   2.257565  0.807565  1.103697  1.125562 1.84493E-08
 pm  61   0.000000 -9.000000  0.000000  0.000000 0.00000E+00
 sm  62   1.488870  0.548870  0.845001  0.866867 3.27590E-09
 eu  63   0.564774  0.054774  0.350905  0.372771 3.94314E-10
 gd  64   1.362402  0.312402  0.608534  0.630399 2.56048E-09
 tb  65   0.441648  0.121648  0.417779  0.439645 3.10576E-10
 dy  66   1.499002  0.369002  0.665134  0.686999 3.62396E-09
 ho  67   0.572072  0.102072  0.398204  0.420069 4.35211E-10
 er  68   1.303094  0.383094  0.679226  0.701091 2.37581E-09
 tm  69   0.412436  0.292436  0.588567  0.610433 3.08660E-10
 yb  70   1.581008  0.661008  0.957140  0.979005 4.66104E-09
 lu  71   0.663338  0.573338  0.869469  0.891335 5.69669E-10
 hf  72   1.531442  0.821442  1.117573  1.139439 4.28928E-09
 ta  73   0.642799  0.762799  1.058931  1.080796 5.61929E-10
  w  74   1.462114  0.812114  1.108246  1.130111 3.76602E-09
 re  75   0.573294  0.313294  0.609425  0.631291 4.92740E-10
 os  76   1.578983  0.228983  0.525115  0.546980 5.10024E-09
 ir  77   1.149491 -0.170509  0.125623  0.147488 1.91695E-09
 pt  78   1.649669  0.029669  0.325800  0.347666 6.15468E-09
 au  79   0.861145  0.061145  0.357277  0.379142 1.01127E-09
 hg  80   1.929720  0.759720  1.055852  1.077717 1.20603E-08
 tl  81   1.336357  0.566357  0.862489  0.884354 3.13422E-09
 pb  82   2.782093  0.742093  1.038225  1.060090 8.86771E-08
 bi  83   0.597170 -0.052830  0.243302  0.265167 5.84256E-10
 po  84   0.211829 -9.000000  0.000000  0.000000 2.40604E-10
#[ls/Fe]_Thiswork =   0.6410, [hs/Fe]_Thiswork =   1.1853
#[hs/ls]_Thiswork =   0.5443, [Pb/hs]_Thiswork =  -0.1471
# Elemental abundance ratios: 
# He/H =  9.9705E-02, C/O =  2.0797E+00, N/O = 4.30511E-01
#
#  TP   Mass     Mcore    Menv    log L
# 13 2.998150 0.684271 2.313880 4.079040
# El  Z   log e(X)   [X/H]    [X/Fe]     [X/O]      X(i)
  p   1  12.000000  0.000000  0.000000  0.000000 7.09869E-01
 he   2  11.003170  0.073170  0.369301  0.391167 2.83971E-01
  c   6   8.793693  0.323692  0.619824  0.641689 5.26004E-03
  n   7   8.045896  0.175896  0.472027  0.493893 1.09637E-03
  o   8   8.413954 -0.316046 -0.019914  0.000000 2.92257E-03
  f   9   4.700425  0.240425  0.536557  0.556471 6.71198E-07
 ne  10   7.830950 -0.139050  0.157082  0.176996 9.62916E-04
 na  11   6.202045 -0.107955  0.188177  0.208091 2.57812E-05
 mg  12   7.346649 -0.293351  0.002781  0.022695 3.80244E-04
 al  13   6.210548 -0.259451  0.036680  0.056594 3.08560E-05
 si  14   7.256122 -0.293879  0.002253  0.022167 3.56721E-04
  p  15   5.186070 -0.283930  0.012202  0.032116 3.34800E-06
  s  16   6.865540 -0.294460  0.001672  0.021586 1.65687E-04
 cl  17   4.945032 -0.284968  0.011164  0.031078 2.19990E-06
 ar  18   6.145136 -0.294864  0.001267  0.021182 3.92961E-05
  k  19   4.788541 -0.291459  0.004673  0.024587 1.69205E-06
 ca  20   5.995094 -0.294906  0.001226  0.021140 2.79073E-05
 sc  21   2.778423 -0.271577  0.024555  0.044469 1.90077E-08
 ti  22   4.618598 -0.291401  0.004730  0.024644 1.40072E-06
  v  23   3.661808 -0.298192 -0.002060  0.017854 1.64665E-07
 cr  24   5.326375 -0.313625 -0.017493  0.002421 7.76360E-06
 mn  25   5.193543 -0.286457  0.009675  0.029589 6.04135E-06
 fe  26   7.245418 -0.294582  0.000000  0.021464 6.92022E-04
 co  27   4.603822 -0.266178  0.028404  0.049868 1.66686E-06
 ni  28   5.905616 -0.294384  0.000198  0.021662 3.32599E-05
 cu  29   3.980056 -0.269944  0.024638  0.046102 4.27427E-07
 zn  30   4.349226 -0.280775  0.013807  0.035271 1.02939E-06
 ga  31   2.869549 -0.210451  0.084131  0.105595 3.63616E-08
 ge  32   3.343514 -0.236485  0.058096  0.079560 1.12826E-07
 as  33   2.060155 -0.239845  0.054737  0.076201 6.06013E-09
 se  34   3.153382 -0.186618  0.107964  0.129428 7.91602E-08
 br  35   2.327457 -0.212543  0.082039  0.103503 1.19604E-08
 kr  36   3.159983 -0.090017  0.204565  0.226028 8.52972E-08
 rb  37   2.223399 -0.136601  0.157981  0.179445 1.00675E-08
 sr  38   3.217580  0.337580  0.632162  0.653625 1.01836E-07
  y  39   2.579265  0.409265  0.703846  0.725310 2.37637E-08
 zr  40   3.008177  0.478177  0.772759  0.794223 6.54642E-08
 nb  41   1.810186  0.400186  0.694768  0.716232 4.22618E-09
 mo  42   2.270047  0.330047  0.624629  0.646093 1.25824E-08
 tc  43   0.565038 -9.000000  0.000000  0.000000 2.53502E-10
 ru  44   2.008718  0.248718  0.543299  0.564763 7.26203E-09
 rh  45   1.094264  0.034264  0.328846  0.350310 9.00372E-10
 pd  46   2.041259  0.391259  0.685841  0.707305 8.24137E-09
 ag  47   1.204949  0.004949  0.299531  0.320995 1.21775E-09
 cd  48   2.183894  0.473894  0.768476  0.789940 1.20899E-08
 in  49   1.077554  0.317554  0.612136  0.633600 9.66678E-10
 sn  50   2.615128  0.545128  0.839710  0.861173 3.44614E-08
 sb  51   1.143666  0.133666  0.428248  0.449712 1.19368E-09
 te  52   2.246576  0.066576  0.361158  0.382622 1.58542E-08
  i  53   1.433132 -0.116868  0.177714  0.199178 2.42285E-09
 xe  54   2.438756  0.198756  0.493338  0.514802 2.53931E-08
 cs  55   1.371567  0.291567  0.586149  0.607612 2.20204E-09
 ba  56   3.121717  0.941717  1.236299  1.257763 1.27994E-07
 la  57   2.108098  0.938098  1.232680  1.254144 1.25469E-08
 ce  58   2.581115  1.001115  1.295697  1.317160 3.76115E-08
 pr  59   1.528654  0.768654  1.063236  1.084700 3.35203E-09
 nd  60   2.325626  0.875626  1.170208  1.191672 2.14996E-08
 pm  61   0.000000 -9.000000  0.000000  0.000000 0.00000E+00
 sm  62   1.549864  0.609864  0.904446  0.925910 3.75590E-09
 eu  63   0.608098  0.098098  0.392680  0.414144 4.34067E-10
 gd  64   1.418427  0.368427  0.663008  0.684472 2.90225E-09
 tb  65   0.486529  0.166529  0.461111  0.482575 3.43115E-10
 dy  66   1.555084  0.425084  0.719666  0.741130 4.10823E-09
 ho  67   0.616426  0.146426  0.441008  0.462472 4.80224E-10
 er  68   1.366102  0.446102  0.740684  0.762148 2.73659E-09
 tm  69   0.466846  0.346846  0.641428  0.662892 3.48563E-10
 yb  70   1.644749  0.724749  1.019331  1.040794 5.37790E-09
 lu  71   0.722735  0.632735  0.927317  0.948781 6.50742E-10
 hf  72   1.601512  0.891512  1.186094  1.207558 5.02162E-09
 ta  73   0.714281  0.834281  1.128863  1.150327 6.60013E-10
  w  74   1.528574  0.878574  1.173156  1.194620 4.37252E-09
 re  75   0.637462  0.377462  0.672044  0.693507 5.69082E-10
 os  76   1.627430  0.277430  0.572012  0.593476 5.68102E-09
 ir  77   1.169409 -0.150591  0.143991  0.165455 1.99949E-09
 pt  78   1.687830  0.067830  0.362412  0.383876 6.69509E-09
 au  79   0.901245  0.101245  0.395827  0.417291 1.10498E-09
 hg  80   1.992904  0.822904  1.117486  1.138950 1.38973E-08
 tl  81   1.411291  0.641291  0.935873  0.957337 3.71068E-09
 pb  82   2.835310  0.795310  1.089892  1.111356 9.98659E-08
 bi  83   0.628936 -0.021064  0.273518  0.294982 6.26265E-10
 po  84   0.277587 -9.000000  0.000000  0.000000 2.78902E-10
#[ls/Fe]_Thiswork =   0.7029, [hs/Fe]_Thiswork =   1.2549
#[hs/ls]_Thiswork =   0.5520, [Pb/hs]_Thiswork =  -0.1650
# Elemental abundance ratios: 
# He/H =  1.0073E-01, C/O =  2.3974E+00, N/O = 4.28491E-01
#
#  TP   Mass     Mcore    Menv    log L
# 14 2.996500 0.686101 2.310400 4.089420
# El  Z   log e(X)   [X/H]    [X/Fe]     [X/O]      X(i)
  p   1  12.000000  0.000000  0.000000  0.000000 7.07082E-01
 he   2  11.007878  0.077878  0.372460  0.393924 2.85939E-01
  c   6   8.851562  0.381562  0.676144  0.697608 5.98620E-03
  n   7   8.046149  0.176149  0.470731  0.492195 1.09271E-03
  o   8   8.415882 -0.314117 -0.019536  0.000000 2.92405E-03
  f   9   4.784848  0.324848  0.619430  0.638965 8.12016E-07
 ne  10   7.861989 -0.108011  0.186571  0.206106 1.03019E-03
 na  11   6.210567 -0.099433  0.195149  0.214684 2.61888E-05
 mg  12   7.349061 -0.290939  0.003643  0.023179 3.80860E-04
 al  13   6.217696 -0.252304  0.042278  0.061813 3.12449E-05
 si  14   7.257911 -0.292089  0.002492  0.022028 3.56788E-04
  p  15   5.189521 -0.280479  0.014103  0.033638 3.36146E-06
  s  16   6.867195 -0.292805  0.001777  0.021313 1.65667E-04
 cl  17   4.948551 -0.281449  0.013133  0.032669 2.20909E-06
 ar  18   6.146708 -0.293293  0.001289  0.020825 3.92837E-05
  k  19   4.790947 -0.289053  0.005529  0.025064 1.69477E-06
 ca  20   5.996652 -0.293348  0.001234  0.020769 2.78976E-05
 sc  21   2.785310 -0.264690  0.029892  0.049427 1.92356E-08
 ti  22   4.620758 -0.289242  0.005340  0.024876 1.40218E-06
  v  23   3.662858 -0.297142 -0.002560  0.016975 1.64416E-07
 cr  24   5.328066 -0.311934 -0.017352  0.002183 7.76327E-06
 mn  25   5.196949 -0.283051  0.011531  0.031066 6.06501E-06
 fe  26   7.247061 -0.292939  0.000000  0.021178 6.91918E-04
 co  27   4.612457 -0.257543  0.035397  0.056575 1.69366E-06
 ni  28   5.907244 -0.292756  0.000183  0.021361 3.32536E-05
 cu  29   3.986241 -0.263759  0.029181  0.050359 4.31856E-07
 zn  30   4.353278 -0.276722  0.016217  0.037395 1.03496E-06
 ga  31   2.884031 -0.195969  0.096971  0.118149 3.74470E-08
 ge  32   3.359591 -0.220408  0.072531  0.093709 1.16621E-07
 as  33   2.070775 -0.229225  0.063714  0.084893 6.18577E-09
 se  34   3.176516 -0.163484  0.129455  0.150633 8.31634E-08
 br  35   2.343838 -0.196162  0.096777  0.117955 1.23713E-08
 kr  36   3.189129 -0.060871  0.232068  0.253246 9.08598E-08
 rb  37   2.254316 -0.105684  0.187256  0.208434 1.07678E-08
 sr  38   3.271670  0.391670  0.684609  0.705788 1.14890E-07
  y  39   2.637424  0.467424  0.760364  0.781542 2.70623E-08
 zr  40   3.068443  0.538443  0.831383  0.852561 7.49137E-08
 nb  41   1.870210  0.460210  0.753149  0.774327 4.83351E-09
 mo  42   2.330943  0.390943  0.683882  0.705060 1.44196E-08
 tc  43   0.603798 -9.000000  0.000000  0.000000 2.76079E-10
 ru  44   2.067168  0.307168  0.600107  0.621286 8.27561E-09
 rh  45   1.134697  0.074697  0.367636  0.388814 9.84343E-10
 pd  46   2.101369  0.451369  0.744308  0.765486 9.42760E-09
 ag  47   1.243663  0.043663  0.336602  0.357780 1.32607E-09
 cd  48   2.247066  0.537066  0.830005  0.851183 1.39278E-08
 in  49   1.135471  0.375471  0.668411  0.689589 1.10025E-09
 sn  50   2.680672  0.610672  0.903611  0.924789 3.99180E-08
 sb  51   1.202013  0.192013  0.484952  0.506130 1.35996E-09
 te  52   2.309462  0.129462  0.422401  0.443579 1.82525E-08
  i  53   1.460212 -0.089788  0.203151  0.224329 2.56860E-09
 xe  54   2.492299  0.252299  0.545238  0.566417 2.86121E-08
 cs  55   1.439963  0.359963  0.652902  0.674081 2.56752E-09
 ba  56   3.186192  1.006191  1.299131  1.320309 1.47896E-07
 la  57   2.170929  1.000929  1.293868  1.315046 1.44431E-08
 ce  58   2.641742  1.061742  1.354681  1.375859 4.30763E-08
 pr  59   1.590617  0.830617  1.123556  1.144735 3.85090E-09
 nd  60   2.383519  0.933519  1.226458  1.247637 2.44689E-08
 pm  61   0.000000 -9.000000  0.000000  0.000000 0.00000E+00
 sm  62   1.601523  0.661523  0.954463  0.975641 4.21371E-09
 eu  63   0.646476  0.136476  0.429415  0.450593 4.72308E-10
 gd  64   1.467034  0.417034  0.709974  0.731152 3.23321E-09
 tb  65   0.525873  0.205873  0.498812  0.519991 3.74175E-10
 dy  66   1.603235  0.473235  0.766174  0.787353 4.57191E-09
 ho  67   0.655397  0.185397  0.478337  0.499515 5.23246E-10
 er  68   1.420114  0.500114  0.793053  0.814231 3.08683E-09
 tm  69   0.513557  0.393557  0.686497  0.707675 3.86619E-10
 yb  70   1.698978  0.778978  1.071918  1.093096 6.06924E-09
 lu  71   0.772768  0.682768  0.975707  0.996885 7.27333E-10
 hf  72   1.660377  0.950377  1.243316  1.264494 5.72796E-09
 ta  73   0.773434  0.893434  1.186373  1.207551 7.53350E-10
  w  74   1.584694  0.934694  1.227633  1.248811 4.95613E-09
 re  75   0.691820  0.431820  0.724759  0.745938 6.42429E-10
 os  76   1.669335  0.319335  0.612275  0.633453 6.23194E-09
 ir  77   1.187696 -0.132304  0.160636  0.181814 2.07729E-09
 pt  78   1.721398  0.101398  0.394338  0.415516 7.20470E-09
 au  79   0.936137  0.136137  0.429076  0.450255 1.19272E-09
 hg  80   2.045901  0.875901  1.168841  1.190019 1.56394E-08
 tl  81   1.476410  0.706410  0.999349  1.020527 4.29402E-09
 pb  82   2.880604  0.840604  1.133543  1.154721 1.10408E-07
 bi  83   0.658443  0.008443  0.301383  0.322561 6.67664E-10
 po  84   0.330975 -9.000000  0.000000  0.000000 3.14145E-10
#[ls/Fe]_Thiswork =   0.7588, [hs/Fe]_Thiswork =   1.3159
#[hs/ls]_Thiswork =   0.5571, [Pb/hs]_Thiswork =  -0.1824
# Elemental abundance ratios: 
# He/H =  1.0183E-01, C/O =  2.7270E+00, N/O = 4.26842E-01
#
#  TP   Mass     Mcore    Menv    log L
# 15 2.993710 0.687563 2.306140 4.098080
# El  Z   log e(X)   [X/H]    [X/Fe]     [X/O]      X(i)
  p   1  12.000000  0.000000  0.000000  0.000000 7.04250E-01
 he   2  11.012673  0.082673  0.375612  0.396791 2.87956E-01
  c   6   8.902452  0.432452  0.725391  0.746570 6.70345E-03
  n   7   8.046255  0.176255  0.469194  0.490373 1.08860E-03
  o   8   8.417721 -0.312279 -0.019340  0.000000 2.92469E-03
  f   9   4.867183  0.407183  0.700122  0.719461 9.77591E-07
 ne  10   7.893100 -0.076900  0.216039  0.235379 1.10227E-03
 na  11   6.219667 -0.090333  0.202607  0.221946 2.66362E-05
 mg  12   7.351718 -0.288282  0.004657  0.023997 3.81663E-04
 al  13   6.224698 -0.245302  0.047637  0.066977 3.16256E-05
 si  14   7.259741 -0.290259  0.002680  0.022019 3.56859E-04
  p  15   5.193025 -0.276975  0.015964  0.035304 3.37512E-06
  s  16   6.868878 -0.291121  0.001818  0.021157 1.65644E-04
 cl  17   4.952185 -0.277815  0.015124  0.034463 2.21873E-06
 ar  18   6.148302 -0.291698  0.001241  0.020580 3.92702E-05
  k  19   4.793412 -0.286588  0.006351  0.025691 1.69759E-06
 ca  20   5.998228 -0.291772  0.001167  0.020506 2.78869E-05
 sc  21   2.792641 -0.257359  0.035580  0.054919 1.94847E-08
 ti  22   4.622941 -0.287058  0.005881  0.025220 1.40360E-06
  v  23   3.663883 -0.296117 -0.003178  0.016162 1.64144E-07
 cr  24   5.329789 -0.310211 -0.017272  0.002068 7.76292E-06
 mn  25   5.200414 -0.279586  0.013353  0.032693 6.08910E-06
 fe  26   7.248736 -0.291264  0.000000  0.021015 6.91810E-04
 co  27   4.621954 -0.248046  0.043218  0.064233 1.72417E-06
 ni  28   5.908904 -0.291096  0.000168  0.021183 3.32473E-05
 cu  29   3.992735 -0.257265  0.033999  0.055014 4.36606E-07
 zn  30   4.357241 -0.272759  0.018505  0.039519 1.04027E-06
 ga  31   2.897258 -0.182742  0.108522  0.129537 3.84504E-08
 ge  32   3.374316 -0.205684  0.085580  0.106595 1.20160E-07
 as  33   2.080666 -0.219334  0.071930  0.092944 6.30292E-09
 se  34   3.197465 -0.142535  0.148729  0.169744 8.69238E-08
 br  35   2.359721 -0.180279  0.110985  0.132000 1.27807E-08
 kr  36   3.216349 -0.033651  0.257613  0.278627 9.63495E-08
 rb  37   2.285922 -0.074078  0.217186  0.238201 1.15343E-08
 sr  38   3.322360  0.442360  0.733624  0.754639 1.28597E-07
  y  39   2.692723  0.522723  0.813987  0.835002 3.06140E-08
 zr  40   3.125290  0.595290  0.886554  0.907569 8.50483E-08
 nb  41   1.927400  0.517400  0.808664  0.829678 5.49174E-09
 mo  42   2.387729  0.447729  0.738993  0.760007 1.63680E-08
 tc  43   0.640170 -9.000000  0.000000  0.000000 2.98994E-10
 ru  44   2.121155  0.361155  0.652419  0.673434 9.33348E-09
 rh  45   1.173608  0.113608  0.404872  0.425887 1.07230E-09
 pd  46   2.156751  0.506751  0.798015  0.819029 1.06669E-08
 ag  47   1.281072  0.081072  0.372336  0.393350 1.43956E-09
 cd  48   2.304944  0.594944  0.886208  0.907223 1.58496E-08
 in  49   1.189102  0.429102  0.720366  0.741381 1.23988E-09
 sn  50   2.739652  0.669652  0.960916  0.981930 4.55413E-08
 sb  51   1.254743  0.244743  0.536007  0.557021 1.52937E-09
 te  52   2.365138  0.185138  0.476402  0.497417 2.06660E-08
  i  53   1.486014 -0.063986  0.227278  0.248293 2.71492E-09
 xe  54   2.540277  0.300277  0.591541  0.612555 3.18262E-08
 cs  55   1.502257  0.422257  0.713521  0.734536 2.95165E-09
 ba  56   3.239396  1.059396  1.350660  1.371675 1.66502E-07
 la  57   2.222261  1.052261  1.343526  1.364540 1.61901E-08
 ce  58   2.691126  1.111126  1.402390  1.423405 4.80706E-08
 pr  59   1.641621  0.881621  1.172885  1.193899 4.31343E-09
 nd  60   2.430529  0.980529  1.271793  1.292807 2.71570E-08
 pm  61   0.000000 -9.000000  0.000000  0.000000 0.00000E+00
 sm  62   1.643198  0.703198  0.994462  1.015477 4.61953E-09
 eu  63   0.678763  0.168763  0.460027  0.481042 5.06723E-10
 gd  64   1.507442  0.457443  0.748707  0.769721 3.53427E-09
 tb  65   0.558800  0.238800  0.530064  0.551078 4.02030E-10
 dy  66   1.642903  0.512903  0.804167  0.825182 4.98911E-09
 ho  67   0.688077  0.218077  0.509341  0.530356 5.61879E-10
 er  68   1.465199  0.545199  0.836463  0.857477 3.41079E-09
 tm  69   0.552156  0.432156  0.723421  0.744435 4.20862E-10
 yb  70   1.743493  0.823493  1.114757  1.135772 6.69739E-09
 lu  71   0.813190  0.723189  1.014454  1.035468 7.95083E-10
 hf  72   1.708930  0.998930  1.290194  1.311209 6.37985E-09
 ta  73   0.822073  0.942073  1.233337  1.254352 8.39253E-10
  w  74   1.630705  0.980705  1.271969  1.292984 5.48797E-09
 re  75   0.736877  0.476877  0.768142  0.789156 7.09807E-10
 os  76   1.704236  0.354236  0.645500  0.666515 6.72638E-09
 ir  77   1.203851 -0.116149  0.175115  0.196129 2.14738E-09
 pt  78   1.749853  0.129853  0.421117  0.442132 7.66175E-09
 au  79   0.965474  0.165474  0.456738  0.477753 1.27097E-09
 hg  80   2.089540  0.919540  1.210804  1.231818 1.72233E-08
 tl  81   1.532231  0.762231  1.053495  1.074510 4.86343E-09
 pb  82   2.918001  0.878001  1.169265  1.190280 1.19855E-07
 bi  83   0.684569  0.034569  0.325833  0.346848 7.06222E-10
 po  84   0.372989 -9.000000  0.000000  0.000000 3.44668E-10
#[ls/Fe]_Thiswork =   0.8114, [hs/Fe]_Thiswork =   1.3655
#[hs/ls]_Thiswork =   0.5541, [Pb/hs]_Thiswork =  -0.1963
# Elemental abundance ratios: 
# He/H =  1.0296E-01, C/O =  3.0530E+00, N/O = 4.25142E-01
#
#  TP   Mass     Mcore    Menv    log L
# 16 2.989230 0.688890 2.300340 4.105650
# El  Z   log e(X)   [X/H]    [X/Fe]     [X/O]      X(i)
  p   1  12.000000  0.000000  0.000000  0.000000 7.01310E-01
 he   2  11.017647  0.087646  0.378911  0.399925 2.90056E-01
  c   6   8.949468  0.479467  0.770731  0.791746 7.43868E-03
  n   7   8.046552  0.176552  0.467816  0.488831 1.08479E-03
  o   8   8.419537 -0.310463 -0.019199  0.000000 2.92468E-03
  f   9   4.945346  0.485346  0.776610  0.795809 1.16548E-06
 ne  10   7.924646 -0.045354  0.245910  0.265109 1.18037E-03
 na  11   6.229890 -0.080110  0.211154  0.230353 2.71568E-05
 mg  12   7.354708 -0.285292  0.005972  0.025171 3.82695E-04
 al  13   6.231688 -0.238312  0.052952  0.072151 3.20045E-05
 si  14   7.261655 -0.288345  0.002919  0.022118 3.56939E-04
  p  15   5.196689 -0.273311  0.017953  0.037152 3.38950E-06
  s  16   6.870627 -0.289373  0.001891  0.021090 1.65618E-04
 cl  17   4.956030 -0.273970  0.017294  0.036493 2.22912E-06
 ar  18   6.149952 -0.290048  0.001216  0.020415 3.92552E-05
  k  19   4.796000 -0.284000  0.007264  0.026463 1.70061E-06
 ca  20   5.999856 -0.290144  0.001120  0.020319 2.78748E-05
 sc  21   2.800674 -0.249326  0.041939  0.061137 1.97657E-08
 ti  22   4.625203 -0.284797  0.006467  0.025666 1.40504E-06
  v  23   3.664905 -0.295095 -0.003831  0.015368 1.63844E-07
 cr  24   5.331584 -0.308416 -0.017152  0.002047 7.76253E-06
 mn  25   5.203994 -0.276006  0.015258  0.034457 6.11387E-06
 fe  26   7.250480 -0.289520  0.000000  0.020943 6.91693E-04
 co  27   4.632670 -0.237329  0.052191  0.073133 1.75986E-06
 ni  28   5.910652 -0.289348  0.000173  0.021115 3.32420E-05
 cu  29   4.000057 -0.249943  0.039577  0.060520 4.42176E-07
 zn  30   4.361412 -0.268589  0.020932  0.041874 1.04592E-06
 ga  31   2.910492 -0.169508  0.120012  0.140955 3.94746E-08
 ge  32   3.389062 -0.190938  0.098582  0.119525 1.23790E-07
 as  33   2.090748 -0.209252  0.080268  0.101211 6.42402E-09
 se  34   3.218743 -0.121257  0.168264  0.189206 9.09076E-08
 br  35   2.376246 -0.163754  0.125767  0.146709 1.32210E-08
 kr  36   3.244668 -0.005332  0.284188  0.305131 1.02412E-07
 rb  37   2.322440 -0.037560  0.251961  0.272903 1.24938E-08
 sr  38   3.370067  0.490067  0.779587  0.800529 1.42929E-07
  y  39   2.742661  0.572661  0.862182  0.883124 3.42012E-08
 zr  40   3.172827  0.642827  0.932347  0.953290 9.44900E-08
 nb  41   1.975400  0.565400  0.854920  0.875863 6.10791E-09
 mo  42   2.433624  0.493624  0.783144  0.804087 1.81165E-08
 tc  43   0.655697 -9.000000  0.000000  0.000000 3.08584E-10
 ru  44   2.164113  0.404113  0.693633  0.714576 1.02609E-08
 rh  45   1.205308  0.145308  0.434828  0.455771 1.14868E-09
 pd  46   2.200495  0.550495  0.840015  0.860958 1.17481E-08
 ag  47   1.312039  0.112039  0.401560  0.422502 1.53950E-09
 cd  48   2.350946  0.640946  0.930467  0.951409 1.75471E-08
 in  49   1.232327  0.472327  0.761848  0.782790 1.36391E-09
 sn  50   2.787259  0.717259  1.006779  1.027722 5.06053E-08
 sb  51   1.298163  0.288163  0.577684  0.598626 1.68313E-09
 te  52   2.410805  0.230805  0.520325  0.541268 2.28615E-08
  i  53   1.508706 -0.041294  0.248226  0.269169 2.84860E-09
 xe  54   2.581577  0.341577  0.631098  0.652040 3.48552E-08
 cs  55   1.556976  0.476976  0.766497  0.787439 3.33401E-09
 ba  56   3.290121  1.110121  1.399641  1.420584 1.86349E-07
 la  57   2.273034  1.103034  1.392554  1.413497 1.81219E-08
 ce  58   2.740865  1.160865  1.450385  1.471328 5.36787E-08
 pr  59   1.693431  0.933431  1.222951  1.243894 4.83967E-09
 nd  60   2.477733  1.027733  1.317253  1.338196 3.01486E-08
 pm  61   0.000000 -9.000000  0.000000  0.000000 0.00000E+00
 sm  62   1.685193  0.745193  1.034713  1.055656 5.06728E-09
 eu  63   0.712214  0.202214  0.491735  0.512677 5.45010E-10
 gd  64   1.548770  0.498770  0.788290  0.809233 3.87089E-09
 tb  65   0.592649  0.272649  0.562170  0.583112 4.32804E-10
 dy  66   1.683084  0.553084  0.842604  0.863546 5.44988E-09
 ho  67   0.721671  0.251671  0.541191  0.562134 6.04534E-10
 er  68   1.510853  0.590853  0.880373  0.901316 3.77305E-09
 tm  69   0.591048  0.471048  0.760568  0.781511 4.58369E-10
 yb  70   1.788593  0.868593  1.158113  1.179056 7.39927E-09
 lu  71   0.853192  0.763192  1.052713  1.073655 8.68155E-10
 hf  72   1.757266  1.047266  1.336786  1.357729 7.10117E-09
 ta  73   0.869557  0.989557  1.279078  1.300020 9.32311E-10
  w  74   1.676526  1.026526  1.316046  1.336989 6.07317E-09
 re  75   0.780915  0.520915  0.810436  0.831378 7.82276E-10
 os  76   1.739056  0.389056  0.678576  0.699519 7.25744E-09
 ir  77   1.220512 -0.099488  0.190033  0.210975 2.22205E-09
 pt  78   1.778623  0.158623  0.448143  0.469086 8.15230E-09
 au  79   0.994635  0.194635  0.484155  0.505098 1.35356E-09
 hg  80   2.131598  0.961599  1.251119  1.272061 1.88954E-08
 tl  81   1.587089  0.817089  1.106609  1.127552 5.49519E-09
 pb  82   2.950233  0.910233  1.199754  1.220696 1.28550E-07
 bi  83   0.708424  0.058424  0.347944  0.368887 7.42981E-10
 po  84   0.408857 -9.000000  0.000000  0.000000 3.72780E-10
#[ls/Fe]_Thiswork =   0.8580, [hs/Fe]_Thiswork =   1.4142
#[hs/ls]_Thiswork =   0.5562, [Pb/hs]_Thiswork =  -0.2144
# Elemental abundance ratios: 
# He/H =  1.0415E-01, C/O =  3.3879E+00, N/O = 4.23658E-01
#
#  TP   Mass     Mcore    Menv    log L
# 17 2.982250 0.690087 2.292170 4.112130
# El  Z   log e(X)   [X/H]    [X/Fe]     [X/O]      X(i)
  p   1  12.000000  0.000000  0.000000  0.000000 6.98399E-01
 he   2  11.022557  0.092557  0.382077  0.403020 2.92136E-01
  c   6   8.991435  0.521435  0.810955  0.831898 8.15938E-03
  n   7   8.046864  0.176864  0.466384  0.487327 1.08107E-03
  o   8   8.421288 -0.308712 -0.019192  0.000000 2.92431E-03
  f   9   5.018438  0.558438  0.847959  0.867150 1.37338E-06
 ne  10   7.956075 -0.013925  0.275596  0.294787 1.26369E-03
 na  11   6.241412 -0.068588  0.220932  0.240124 2.77711E-05
 mg  12   7.357897 -0.282103  0.007418  0.026609 3.83916E-04
 al  13   6.238363 -0.231637  0.057884  0.077075 3.23654E-05
 si  14   7.263562 -0.286438  0.003082  0.022274 3.57022E-04
  p  15   5.200357 -0.269643  0.019877  0.039069 3.40406E-06
  s  16   6.872360 -0.287640  0.001880  0.021072 1.65590E-04
 cl  17   4.959901 -0.270099  0.019421  0.038613 2.23974E-06
 ar  18   6.151585 -0.288415  0.001105  0.020297 3.92394E-05
  k  19   4.798587 -0.281413  0.008108  0.027299 1.70367E-06
 ca  20   6.001462 -0.288538  0.000982  0.020174 2.78619E-05
 sc  21   2.808853 -0.241147  0.048373  0.067565 2.00578E-08
 ti  22   4.627443 -0.282557  0.006964  0.026155 1.40644E-06
  v  23   3.665886 -0.294114 -0.004594  0.014598 1.63533E-07
 cr  24   5.333367 -0.306633 -0.017113  0.002079 7.76210E-06
 mn  25   5.207499 -0.272501  0.017019  0.036211 6.13782E-06
 fe  26   7.252212 -0.287788  0.000000  0.020924 6.91574E-04
 co  27   4.644049 -0.225951  0.061838  0.082761 1.79908E-06
 ni  28   5.912401 -0.287599  0.000189  0.021113 3.32376E-05
 cu  29   4.007640 -0.242360  0.045428  0.066352 4.48096E-07
 zn  30   4.365583 -0.264417  0.023372  0.044295 1.05163E-06
 ga  31   2.923715 -0.156285  0.131503  0.152427 4.05260E-08
 ge  32   3.403915 -0.176085  0.111704  0.132627 1.27566E-07
 as  33   2.101086 -0.198914  0.088874  0.109798 6.55146E-09
 se  34   3.239863 -0.100137  0.187652  0.208575 9.50415E-08
 br  35   2.392754 -0.147246  0.140542  0.161466 1.36762E-08
 kr  36   3.271662  0.021662  0.309450  0.330374 1.08527E-07
 rb  37   2.358377 -0.001622  0.286166  0.307090 1.35152E-08
 sr  38   3.412273  0.532273  0.820062  0.840985 1.56863E-07
  y  39   2.787428  0.617428  0.905216  0.926140 3.77573E-08
 zr  40   3.216570  0.686570  0.974358  0.995282 1.04069E-07
 nb  41   2.020058  0.610058  0.897846  0.918770 6.74132E-09
 mo  42   2.476660  0.536660  0.824448  0.845372 1.99206E-08
 tc  43   0.673399 -9.000000  0.000000  0.000000 3.20087E-10
 ru  44   2.204278  0.444278  0.732066  0.752990 1.12084E-08
 rh  45   1.235870  0.175870  0.463659  0.484582 1.22731E-09
 pd  46   2.241682  0.591682  0.879470  0.900394 1.28632E-08
 ag  47   1.342094  0.142094  0.429883  0.450806 1.64297E-09
 cd  48   2.394272  0.684272  0.972060  0.992984 1.93074E-08
 in  49   1.273369  0.513369  0.801157  0.822081 1.49287E-09
 sn  50   2.832047  0.762047  1.049835  1.070759 5.58698E-08
 sb  51   1.339291  0.329291  0.617079  0.638003 1.84263E-09
 te  52   2.453648  0.273648  0.561436  0.582360 2.51270E-08
  i  53   1.531049 -0.018951  0.268837  0.289761 2.98653E-09
 xe  54   2.620545  0.380545  0.668334  0.689257 3.79690E-08
 cs  55   1.607492  0.527492  0.815281  0.836204 3.72972E-09
 ba  56   3.334177  1.154177  1.441965  1.462889 2.05388E-07
 la  57   2.316374  1.146374  1.434162  1.455086 1.99406E-08
 ce  58   2.782746  1.202746  1.490535  1.511458 5.88677E-08
 pr  59   1.737174  0.977174  1.264962  1.285886 5.33032E-09
 nd  60   2.517196  1.067196  1.354984  1.375908 3.28794E-08
 pm  61   0.000000 -9.000000  0.000000  0.000000 0.00000E+00
 sm  62   1.720513  0.780513  1.068302  1.089225 5.47380E-09
 eu  63   0.740930  0.230930  0.518718  0.539642 5.79847E-10
 gd  64   1.583781  0.533781  0.821570  0.842493 4.17844E-09
 tb  65   0.621638  0.301638  0.589427  0.610350 4.60758E-10
 dy  66   1.717005  0.587005  0.874793  0.895717 5.86815E-09
 ho  67   0.750357  0.280357  0.568145  0.589069 6.43131E-10
 er  68   1.549062  0.629062  0.916850  0.937774 4.10293E-09
 tm  69   0.623734  0.503734  0.791522  0.812446 4.92145E-10
 yb  70   1.826717  0.906717  1.194506  1.215429 8.04464E-09
 lu  71   0.887024  0.797024  1.084812  1.105736 9.34595E-10
 hf  72   1.797594  1.087594  1.375382  1.396306 7.75981E-09
 ta  73   0.908728  1.028728  1.316516  1.337440 1.01607E-09
  w  74   1.715259  1.065259  1.353047  1.373971 6.61213E-09
 re  75   0.817963  0.557963  0.845751  0.866675 8.48402E-10
 os  76   1.768991  0.418991  0.706780  0.727703 7.74308E-09
 ir  77   1.235260 -0.084740  0.203048  0.223972 2.28926E-09
 pt  78   1.803516  0.183516  0.471305  0.492228 8.59741E-09
 au  79   1.019644  0.219644  0.507432  0.528356 1.42784E-09
 hg  80   2.167133  0.997133  1.284922  1.305845 2.04214E-08
 tl  81   1.634607  0.864607  1.152396  1.173319 6.10512E-09
 pb  82   2.978684  0.938684  1.226473  1.247396 1.36684E-07
 bi  83   0.730574  0.080574  0.368362  0.389286 7.78612E-10
 po  84   0.439610 -9.000000  0.000000  0.000000 3.98474E-10
#[ls/Fe]_Thiswork =   0.8999, [hs/Fe]_Thiswork =   1.4556
#[hs/ls]_Thiswork =   0.5557, [Pb/hs]_Thiswork =  -0.2291
# Elemental abundance ratios: 
# He/H =  1.0533E-01, C/O =  3.7166E+00, N/O = 4.22257E-01
#
#  TP   Mass     Mcore    Menv    log L
# 18 2.970830 0.691348 2.279480 4.118430
# El  Z   log e(X)   [X/H]    [X/Fe]     [X/O]      X(i)
  p   1  12.000000  0.000000  0.000000  0.000000 6.95553E-01
 he   2  11.027323  0.097322  0.385111  0.406034 2.94156E-01
  c   6   9.029535  0.559535  0.847323  0.868247 8.87125E-03
  n   7   8.047188  0.177188  0.464976  0.485900 1.07747E-03
  o   8   8.423006 -0.306993 -0.019205  0.000000 2.92394E-03
  f   9   5.083349  0.623349  0.911138  0.930343 1.58828E-06
 ne  10   7.986644  0.016644  0.304432  0.323637 1.35031E-03
 na  11   6.253962 -0.056038  0.231750  0.250956 2.84689E-05
 mg  12   7.361218 -0.278781  0.009007  0.028212 3.85286E-04
 al  13   6.244664 -0.225336  0.062452  0.081657 3.27045E-05
 si  14   7.265438 -0.284562  0.003226  0.022431 3.57106E-04
  p  15   5.203998 -0.266002  0.021787  0.040992 3.41873E-06
  s  16   6.874055 -0.285944  0.001844  0.021049 1.65560E-04
 cl  17   4.963716 -0.266284  0.021504  0.040709 2.25029E-06
 ar  18   6.153179 -0.286821  0.000967  0.020172 3.92232E-05
  k  19   4.801146 -0.278854  0.008934  0.028140 1.70675E-06
 ca  20   6.003026 -0.286974  0.000814  0.020019 2.78485E-05
 sc  21   2.817108 -0.232892  0.054897  0.074102 2.03594E-08
 ti  22   4.629639 -0.280361  0.007427  0.026632 1.40781E-06
  v  23   3.666822 -0.293178 -0.005389  0.013816 1.63218E-07
 cr  24   5.335114 -0.304886 -0.017097  0.002108 7.76164E-06
 mn  25   5.210880 -0.269120  0.018669  0.037874 6.16060E-06
 fe  26   7.253908 -0.286092  0.000000  0.020901 6.91452E-04
 co  27   4.655879 -0.214121  0.071971  0.092872 1.84123E-06
 ni  28   5.914137 -0.285862  0.000230  0.021131 3.32348E-05
 cu  29   4.015658 -0.234342  0.051751  0.072652 4.54586E-07
 zn  30   4.369864 -0.260136  0.025956  0.046857 1.05772E-06
 ga  31   2.936760 -0.143240  0.142852  0.163754 4.15916E-08
 ge  32   3.418297 -0.161703  0.124389  0.145290 1.31323E-07
 as  33   2.111030 -0.188970  0.097122  0.118023 6.67588E-09
 se  34   3.258945 -0.081055  0.205037  0.225938 9.89058E-08
 br  35   2.408293 -0.131707  0.154385  0.175286 1.41166E-08
 kr  36   3.295959  0.045959  0.332051  0.352952 1.14304E-07
 rb  37   2.391717  0.031717  0.317809  0.338711 1.45342E-08
 sr  38   3.449249  0.569249  0.855341  0.876243 1.70107E-07
  y  39   2.827602  0.657602  0.943695  0.964596 4.12480E-08
 zr  40   3.256907  0.726907  1.013000  1.033901 1.13733E-07
 nb  41   2.061735  0.651735  0.937827  0.958729 7.39007E-09
 mo  42   2.516995  0.576995  0.863088  0.883989 2.17703E-08
 tc  43   0.690962 -9.000000  0.000000  0.000000 3.31938E-10
 ru  44   2.241712  0.481712  0.767804  0.788705 1.21676E-08
 rh  45   1.265150  0.205150  0.491242  0.512144 1.30756E-09
 pd  46   2.280396  0.630396  0.916489  0.937390 1.40052E-08
 ag  47   1.371159  0.171159  0.457251  0.478152 1.74953E-09
 cd  48   2.435143  0.725142  1.011235  1.032136 2.11262E-08
 in  49   1.312439  0.552439  0.838531  0.859432 1.62674E-09
 sn  50   2.874519  0.804519  1.090612  1.111513 6.13587E-08
 sb  51   1.378616  0.368616  0.654709  0.675610 2.00905E-09
 te  52   2.494267  0.314267  0.600360  0.621261 2.74782E-08
  i  53   1.553198  0.003198  0.289290  0.310191 3.12999E-09
 xe  54   2.657940  0.417940  0.704032  0.724933 4.12146E-08
 cs  55   1.655815  0.575815  0.861907  0.882809 4.15170E-09
 ba  56   3.373467  1.193467  1.479560  1.500461 2.23920E-07
 la  57   2.354410  1.184410  1.470502  1.491404 2.16771E-08
 ce  58   2.818917  1.238917  1.525010  1.545911 6.37198E-08
 pr  59   1.775051  1.015051  1.301143  1.322045 5.79237E-09
 nd  60   2.550851  1.100851  1.386943  1.407844 3.53840E-08
 pm  61   0.000000 -9.000000  0.000000  0.000000 0.00000E+00
 sm  62   1.750676  0.810676  1.096768  1.117670 5.84356E-09
 eu  63   0.766078  0.256078  0.542170  0.563071 6.11912E-10
 gd  64   1.613879  0.563879  0.849972  0.870873 4.46005E-09
 tb  65   0.646605  0.326605  0.612698  0.633599 4.86035E-10
 dy  66   1.746127  0.616127  0.902219  0.923121 6.24957E-09
 ho  67   0.775205  0.305205  0.591297  0.612198 6.78225E-10
 er  68   1.581868  0.661868  0.947960  0.968862 4.40684E-09
 tm  69   0.651609  0.531609  0.817702  0.838603 5.22632E-10
 yb  70   1.859272  0.939272  1.225364  1.246265 8.63552E-09
 lu  71   0.915751  0.825750  1.111843  1.132744 9.94434E-10
 hf  72   1.831917  1.121917  1.408009  1.428910 8.36374E-09
 ta  73   0.942307  1.062307  1.348400  1.369301 1.09328E-09
  w  74   1.748292  1.098292  1.384384  1.405285 7.10562E-09
 re  75   0.849828  0.589828  0.875920  0.896821 9.09272E-10
 os  76   1.794677  0.444677  0.730769  0.751670 8.18137E-09
 ir  77   1.248387 -0.071613  0.214480  0.235381 2.34990E-09
 pt  78   1.825148  0.205148  0.491240  0.512141 8.99966E-09
 au  79   1.041272  0.241272  0.527364  0.548266 1.49463E-09
 hg  80   2.197450  1.027450  1.313542  1.334443 2.18087E-08
 tl  81   1.675966  0.905966  1.192059  1.212960 6.68777E-09
 pb  82   3.004025  0.964025  1.250118  1.271019 1.44306E-07
 bi  83   0.751442  0.101442  0.387534  0.408435 8.13610E-10
 po  84   0.466622 -9.000000  0.000000  0.000000 4.22316E-10
#[ls/Fe]_Thiswork =   0.9373, [hs/Fe]_Thiswork =   1.4917
#[hs/ls]_Thiswork =   0.5543, [Pb/hs]_Thiswork =  -0.2416
# Elemental abundance ratios: 
# He/H =  1.0649E-01, C/O =  4.0414E+00, N/O = 4.20903E-01
#
#  TP   Mass     Mcore    Menv    log L
# 19 2.951150 0.692573 2.258580 4.124110
# El  Z   log e(X)   [X/H]    [X/Fe]     [X/O]      X(i)
  p   1  12.000000  0.000000  0.000000  0.000000 6.92833E-01
 he   2  11.031849  0.101849  0.387941  0.408842 2.96075E-01
  c   6   9.063590  0.593590  0.879682  0.900583 9.55735E-03
  n   7   8.047464  0.177464  0.463557  0.484458 1.07393E-03
  o   8   8.424685 -0.305315 -0.019223  0.000000 2.92379E-03
  f   9   5.142359  0.682359  0.968451  0.987674 1.81232E-06
 ne  10   8.015938  0.045938  0.332030  0.351253 1.43889E-03
 na  11   6.267456 -0.042544  0.243548  0.262771 2.92525E-05
 mg  12   7.364675 -0.275325  0.010767  0.029990 3.86846E-04
 al  13   6.250477 -0.219523  0.066569  0.085792 3.30156E-05
 si  14   7.267245 -0.282755  0.003337  0.022560 3.57193E-04
  p  15   5.207568 -0.262432  0.023660  0.042883 3.43347E-06
  s  16   6.875674 -0.284326  0.001767  0.020989 1.65529E-04
 cl  17   4.967464 -0.262536  0.023556  0.042779 2.26092E-06
 ar  18   6.154696 -0.285304  0.000788  0.020011 3.92066E-05
  k  19   4.803629 -0.276371  0.009721  0.028944 1.70982E-06
 ca  20   6.004509 -0.285491  0.000601  0.019824 2.78345E-05
 sc  21   2.825364 -0.224636  0.061456  0.080679 2.06690E-08
 ti  22   4.631742 -0.278258  0.007834  0.027057 1.40911E-06
  v  23   3.667681 -0.292319 -0.006227  0.012996 1.62901E-07
 cr  24   5.336787 -0.303213 -0.017120  0.002102 7.76113E-06
 mn  25   5.214049 -0.265951  0.020141  0.039364 6.18144E-06
 fe  26   7.255531 -0.284469  0.000000  0.020846 6.91327E-04
 co  27   4.668179 -0.201821  0.082648  0.103494 1.88671E-06
 ni  28   5.915829 -0.284171  0.000298  0.021144 3.32341E-05
 cu  29   4.023933 -0.226067  0.058402  0.079248 4.61519E-07
 zn  30   4.374132 -0.255868  0.028601  0.049447 1.06399E-06
 ga  31   2.950210 -0.129790  0.154678  0.175525 4.27321E-08
 ge  32   3.433620 -0.146379  0.138089  0.158936 1.35508E-07
 as  33   2.122067 -0.177933  0.106536  0.127383 6.82094E-09
 se  34   3.280430 -0.059570  0.224899  0.245745 1.03515E-07
 br  35   2.425049 -0.114951  0.169518  0.190364 1.46145E-08
 kr  36   3.321955  0.071955  0.356423  0.377270 1.20881E-07
 rb  37   2.429342  0.069342  0.353811  0.374657 1.57875E-08
 sr  38   3.484189  0.604189  0.888658  0.909504 1.83637E-07
  y  39   2.863764  0.693764  0.978232  0.999079 4.46543E-08
 zr  40   3.290572  0.760572  1.045041  1.065887 1.22419E-07
 nb  41   2.096584  0.686584  0.971053  0.991899 7.97620E-09
 mo  42   2.549470  0.609470  0.893939  0.914785 2.33689E-08
 tc  43   0.694075 -9.000000  0.000000  0.000000 3.33019E-10
 ru  44   2.271045  0.511045  0.795513  0.816360 1.29669E-08
 rh  45   1.288258  0.228258  0.512726  0.533573 1.37362E-09
 pd  46   2.310404  0.660404  0.944872  0.965719 1.49484E-08
 ag  47   1.394406  0.194406  0.478875  0.499721 1.83851E-09
 cd  48   2.466907  0.756907  1.041375  1.062222 2.26404E-08
 in  49   1.343032  0.583032  0.867501  0.888347 1.73864E-09
 sn  50   2.907510  0.837510  1.121979  1.142825 6.59424E-08
 sb  51   1.409260  0.399260  0.683728  0.704575 2.14750E-09
 te  52   2.525537  0.345536  0.630005  0.650851 2.94141E-08
  i  53   1.570873  0.020873  0.305342  0.326188 3.24726E-09
 xe  54   2.687181  0.447181  0.731649  0.752496 4.39127E-08
 cs  55   1.692832  0.612832  0.897301  0.918147 4.50340E-09
 ba  56   3.405993  1.225993  1.510462  1.531308 2.40390E-07
 la  57   2.386879  1.216879  1.501348  1.522194 2.32685E-08
 ce  58   2.851446  1.271446  1.555915  1.576761 6.84072E-08
 pr  59   1.809363  1.049363  1.333832  1.354678 6.24405E-09
 nd  60   2.581890  1.131890  1.416359  1.437205 3.78568E-08
 pm  61   0.000000 -9.000000  0.000000  0.000000 0.00000E+00
 sm  62   1.779358  0.839358  1.123827  1.144673 6.21810E-09
 eu  63   0.790259  0.280259  0.564728  0.585574 6.44419E-10
 gd  64   1.642758  0.592758  0.877227  0.898073 4.74807E-09
 tb  65   0.670779  0.350779  0.635248  0.656094 5.11846E-10
 dy  66   1.774037  0.644037  0.928506  0.949352 6.63832E-09
 ho  67   0.799317  0.329317  0.613786  0.634632 7.14143E-10
 er  68   1.613153  0.693152  0.977621  0.998468 4.71748E-09
 tm  69   0.678416  0.558416  0.842885  0.863731 5.53734E-10
 yb  70   1.891238  0.971238  1.255707  1.276553 9.25875E-09
 lu  71   0.944099  0.854099  1.138568  1.159414 1.05736E-09
 hf  72   1.865173  1.155173  1.439642  1.460488 8.99405E-09
 ta  73   0.973990  1.093990  1.378459  1.399305 1.17142E-09
  w  74   1.781215  1.131215  1.415683  1.436530 7.63523E-09
 re  75   0.880909  0.620909  0.905378  0.926224 9.72911E-10
 os  76   1.820574  0.470574  0.755042  0.775889 8.65008E-09
 ir  77   1.261778 -0.058222  0.226246  0.247093 2.41400E-09
 pt  78   1.847322  0.227322  0.511790  0.532637 9.43405E-09
 au  79   1.063394  0.263394  0.547862  0.568709 1.56659E-09
 hg  80   2.228381  1.058381  1.342850  1.363696 2.33270E-08
 tl  81   1.719505  0.949505  1.233974  1.254820 7.36407E-09
 pb  82   3.031156  0.991156  1.275624  1.296471 1.53008E-07
 bi  83   0.773367  0.123367  0.407836  0.428682 8.52392E-10
 po  84   0.491982 -9.000000  0.000000  0.000000 4.45960E-10
#[ls/Fe]_Thiswork =   0.9706, [hs/Fe]_Thiswork =   1.5226
#[hs/ls]_Thiswork =   0.5519, [Pb/hs]_Thiswork =  -0.2470
# Elemental abundance ratios: 
# He/H =  1.0761E-01, C/O =  4.3542E+00, N/O = 4.19546E-01
#
#  TP   Mass     Mcore    Menv    log L
# 20 2.912130 0.693819 2.218310 4.129620
# El  Z   log e(X)   [X/H]    [X/Fe]     [X/O]      X(i)
  p   1  12.000000  0.000000  0.000000  0.000000 6.90028E-01
 he   2  11.036489  0.106488  0.390957  0.411803 2.98044E-01
  c   6   9.096560  0.626559  0.911028  0.931874 1.02694E-02
  n   7   8.047826  0.177826  0.462295  0.483141 1.07048E-03
  o   8   8.426440 -0.303559 -0.019091  0.000000 2.92375E-03
  f   9   5.198671  0.738671  1.023139  1.042230 2.05487E-06
 ne  10   8.045424  0.075424  0.359892  0.378983 1.53374E-03
 na  11   6.282248 -0.027751  0.256717  0.275808 3.01435E-05
 mg  12   7.368476 -0.271523  0.012945  0.032036 3.88668E-04
 al  13   6.256319 -0.213681  0.070788  0.089879 3.33273E-05
 si  14   7.269122 -0.280879  0.003590  0.022681 3.57288E-04
  p  15   5.211328 -0.258672  0.025797  0.044888 3.44931E-06
  s  16   6.877343 -0.282657  0.001812  0.020903 1.65494E-04
 cl  17   4.971391 -0.258609  0.025859  0.044950 2.27222E-06
 ar  18   6.156258 -0.283742  0.000726  0.019817 3.91885E-05
  k  19   4.806206 -0.273794  0.010675  0.029766 1.71304E-06
 ca  20   6.006032 -0.283968  0.000501  0.019591 2.78192E-05
 sc  21   2.834115 -0.215885  0.068584  0.087674 2.10044E-08
 ti  22   4.633929 -0.276071  0.008398  0.027489 1.41050E-06
  v  23   3.668550 -0.291450 -0.006981  0.012110 1.62567E-07
 cr  24   5.338516 -0.301484 -0.017015  0.002075 7.76054E-06
 mn  25   5.217247 -0.262753  0.021715  0.040806 6.20192E-06
 fe  26   7.257207 -0.282793  0.000000  0.020767 6.91191E-04
 co  27   4.681572 -0.188428  0.094365  0.115131 1.93793E-06
 ni  28   5.917608 -0.282392  0.000401  0.021168 3.32354E-05
 cu  29   4.033001 -0.216999  0.065794  0.086560 4.69349E-07
 zn  30   4.378458 -0.251543  0.031250  0.052017 1.07029E-06
 ga  31   2.963094 -0.116906  0.165886  0.186653 4.38406E-08
 ge  32   3.447881 -0.132119  0.150673  0.171440 1.39464E-07
 as  33   2.132384 -0.167616  0.115177  0.135944 6.95664E-09
 se  34   3.299740 -0.040260  0.242532  0.263299 1.07784E-07
 br  35   2.441030 -0.098970  0.183822  0.204589 1.51009E-08
 kr  36   3.346571  0.096571  0.379364  0.400130 1.27412E-07
 rb  37   2.465904  0.105904  0.388697  0.409464 1.71046E-08
 sr  38   3.520440  0.640440  0.923233  0.943999 1.98815E-07
  y  39   2.903457  0.733457  1.016249  1.037016 4.87298E-08
 zr  40   3.329106  0.799106  1.081899  1.102666 1.33236E-07
 nb  41   2.136846  0.726846  1.009638  1.030405 8.71557E-09
 mo  42   2.586831  0.646831  0.929624  0.950390 2.53651E-08
 tc  43   0.713454 -9.000000  0.000000  0.000000 3.46806E-10
 ru  44   2.303948  0.543948  0.826741  0.847508 1.39308E-08
 rh  45   1.315068  0.255068  0.537861  0.558628 1.45517E-09
 pd  46   2.344719  0.694719  0.977512  0.998278 1.61120E-08
 ag  47   1.421118  0.221118  0.503910  0.524677 1.94723E-09
 cd  48   2.502735  0.792735  1.075528  1.096294 2.44878E-08
 in  49   1.377491  0.617491  0.900284  0.921050 1.87460E-09
 sn  50   2.943563  0.873564  1.156356  1.177123 7.13604E-08
 sb  51   1.442366  0.432366  0.715158  0.735925 2.30822E-09
 te  52   2.558763  0.378762  0.661555  0.682322 3.16242E-08
  i  53   1.590098  0.040098  0.322891  0.343658 3.38049E-09
 xe  54   2.717647  0.477647  0.760439  0.781206 4.69132E-08
 cs  55   1.730318  0.650318  0.933111  0.953877 4.88952E-09
 ba  56   3.436757  1.256757  1.539550  1.560316 2.56992E-07
 la  57   2.417011  1.247011  1.529804  1.550571 2.48393E-08
 ce  58   2.881198  1.301198  1.583990  1.604757 7.29612E-08
 pr  59   1.840710  1.080710  1.363502  1.384269 6.68424E-09
 nd  60   2.609967  1.159967  1.442760  1.463526 4.02216E-08
 pm  61   0.000000 -9.000000  0.000000  0.000000 0.00000E+00
 sm  62   1.805497  0.865497  1.148290  1.169056 6.57712E-09
 eu  63   0.812533  0.302533  0.585326  0.606093 6.75585E-10
 gd  64   1.669085  0.619085  0.901877  0.922644 5.02437E-09
 tb  65   0.692960  0.372960  0.655752  0.676519 5.36486E-10
 dy  66   1.799355  0.669355  0.952147  0.972914 7.00833E-09
 ho  67   0.821365  0.351365  0.634158  0.654925 7.48293E-10
 er  68   1.641159  0.721159  1.003952  1.024718 5.01135E-09
 tm  69   0.702653  0.582653  0.865445  0.886212 5.83145E-10
 yb  70   1.920195  1.000195  1.282987  1.303754 9.85707E-09
 lu  71   0.970093  0.880093  1.162885  1.183652 1.11803E-09
 hf  72   1.894839  1.184839  1.467632  1.488399 9.59090E-09
 ta  73   1.001976  1.121976  1.404769  1.425535 1.24433E-09
  w  74   1.810954  1.160954  1.443747  1.464513 8.14329E-09
 re  75   0.909023  0.649023  0.931816  0.952583 1.03377E-09
 os  76   1.844226  0.494226  0.777018  0.797785 9.09728E-09
 ir  77   1.274224 -0.045776  0.237017  0.257784 2.47413E-09
 pt  78   1.867546  0.247546  0.530339  0.551105 9.84374E-09
 au  79   1.083450  0.283450  0.566243  0.587010 1.63399E-09
 hg  80   2.255798  1.085798  1.368591  1.389358 2.47465E-08
 tl  81   1.758971  0.988971  1.271764  1.292531 8.03197E-09
 pb  82   3.055023  1.015023  1.297816  1.318583 1.60998E-07
 bi  83   0.794892  0.144892  0.427685  0.448452 8.92079E-10
 po  84   0.516298 -9.000000  0.000000  0.000000 4.69733E-10
#[ls/Fe]_Thiswork =   1.0071, [hs/Fe]_Thiswork =   1.5511
#[hs/ls]_Thiswork =   0.5440, [Pb/hs]_Thiswork =  -0.2533
# Elemental abundance ratios: 
# He/H =  1.0876E-01, C/O =  4.6786E+00, N/O = 4.18201E-01
#
#  TP   Mass     Mcore    Menv    log L
# 21 2.796420 0.694983 2.101430 4.134250
# El  Z   log e(X)   [X/H]    [X/Fe]     [X/O]      X(i)
  p   1  12.000000  0.000000  0.000000  0.000000 6.87202E-01
 he   2  11.041150  0.111150  0.393942  0.414709 3.00026E-01
  c   6   9.127495  0.657495  0.940287  0.961054 1.09824E-02
  n   7   8.048231  0.178231  0.461024  0.481791 1.06709E-03
  o   8   8.428219 -0.301781 -0.018988  0.000000 2.92372E-03
  f   9   5.252097  0.792097  1.074890  1.093878 2.31435E-06
 ne  10   8.074921  0.104921  0.387713  0.406702 1.63481E-03
 na  11   6.298539 -0.011461  0.271331  0.290319 3.11675E-05
 mg  12   7.372489 -0.267511  0.015282  0.034270 3.90669E-04
 al  13   6.262087 -0.207912  0.074880  0.093868 3.36345E-05
 si  14   7.271022 -0.278978  0.003815  0.022803 3.57385E-04
  p  15   5.215182 -0.254817  0.027975  0.046963 3.46580E-06
  s  16   6.879029 -0.280971  0.001822  0.020810 1.65457E-04
 cl  17   4.975374 -0.254626  0.028167  0.047155 2.28376E-06
 ar  18   6.157833 -0.282167  0.000626  0.019614 3.91699E-05
  k  19   4.808818 -0.271182  0.011611  0.030599 1.71631E-06
 ca  20   6.007566 -0.282434  0.000359  0.019347 2.78033E-05
 sc  21   2.842957 -0.207042  0.075750  0.094738 2.13486E-08
 ti  22   4.636144 -0.273856  0.008936  0.027925 1.41190E-06
  v  23   3.669427 -0.290573 -0.007781  0.011208 1.62229E-07
 cr  24   5.340263 -0.299737 -0.016944  0.002044 7.75991E-06
 mn  25   5.220421 -0.259579  0.023214  0.042202 6.22183E-06
 fe  26   7.258900 -0.281100  0.000000  0.020681 6.91048E-04
 co  27   4.695395 -0.174605  0.106494  0.127175 1.99240E-06
 ni  28   5.919452 -0.280548  0.000552  0.021233 3.32401E-05
 cu  29   4.042701 -0.207299  0.073801  0.094481 4.77984E-07
 zn  30   4.382976 -0.247025  0.034075  0.054756 1.07705E-06
 ga  31   2.975994 -0.104006  0.177094  0.197775 4.49774E-08
 ge  32   3.461887 -0.118113  0.162987  0.183668 1.43446E-07
 as  33   2.142467 -0.157533  0.123566  0.144247 7.09087E-09
 se  34   3.317805 -0.022195  0.258905  0.279586 1.11902E-07
 br  35   2.456305 -0.083695  0.197404  0.218085 1.55775E-08
 kr  36   3.369514  0.119514  0.400614  0.421295 1.33774E-07
 rb  37   2.499070  0.139070  0.420170  0.440851 1.83865E-08
 sr  38   3.552167  0.672167  0.953267  0.973948 2.13007E-07
  y  39   2.938498  0.768497  1.049597  1.070278 5.26080E-08
 zr  40   3.363913  0.833913  1.115012  1.135693 1.43763E-07
 nb  41   2.173532  0.763532  1.044631  1.065312 9.44495E-09
 mo  42   2.621428  0.681427  0.962527  0.983208 2.73559E-08
 tc  43   0.731619 -9.000000  0.000000  0.000000 3.60138E-10
 ru  44   2.334554  0.574554  0.855654  0.876334 1.48868E-08
 rh  45   1.340318  0.280318  0.561418  0.582098 1.53597E-09
 pd  46   2.376577  0.726577  1.007677  1.028358 1.72673E-08
 ag  47   1.446492  0.246492  0.527592  0.548273 2.05593E-09
 cd  48   2.536369  0.826369  1.107469  1.128150 2.63513E-08
 in  49   1.410181  0.650181  0.931281  0.951962 2.01286E-09
 sn  50   2.978379  0.908379  1.189479  1.210160 7.69999E-08
 sb  51   1.474921  0.464921  0.746021  0.766702 2.47771E-09
 te  52   2.591635  0.411635  0.692734  0.713415 3.39711E-08
  i  53   1.609813  0.059813  0.340913  0.361593 3.52300E-09
 xe  54   2.748548  0.508548  0.789647  0.810328 5.01664E-08
 cs  55   1.768410  0.688410  0.969509  0.990190 5.31587E-09
 ba  56   3.468183  1.288182  1.569282  1.589963 2.75146E-07
 la  57   2.447690  1.277690  1.558790  1.579471 2.65482E-08
 ce  58   2.910911  1.330911  1.612010  1.632691 7.78076E-08
 pr  59   1.871892  1.111892  1.392992  1.413673 7.15239E-09
 nd  60   2.637628  1.187628  1.468727  1.489408 4.26911E-08
 pm  61   0.000000 -9.000000  0.000000  0.000000 0.00000E+00
 sm  62   1.831182  0.891182  1.172281  1.192962 6.94924E-09
 eu  63   0.834638  0.324638  0.605737  0.626418 7.07949E-10
 gd  64   1.694913  0.644913  0.926013  0.946694 5.31041E-09
 tb  65   0.714858  0.394858  0.675958  0.696639 5.61919E-10
 dy  66   1.824215  0.694215  0.975315  0.995996 7.39081E-09
 ho  67   0.843120  0.373120  0.654219  0.674900 7.83508E-10
 er  68   1.668560  0.748560  1.029660  1.050341 5.31586E-09
 tm  69   0.726375  0.606375  0.887474  0.908155 6.13361E-10
 yb  70   1.948247  1.028247  1.309347  1.330028 1.04717E-08
 lu  71   0.995265  0.905265  1.186365  1.207046 1.17990E-09
 hf  72   1.923462  1.213462  1.494562  1.515243 1.02023E-08
 ta  73   1.029024  1.149024  1.430124  1.450805 1.31887E-09
  w  74   1.839515  1.189515  1.470615  1.491295 8.66121E-09
 re  75   0.936015  0.676015  0.957115  0.977796 1.09556E-09
 os  76   1.867069  0.517069  0.798169  0.818850 9.54932E-09
 ir  77   1.286568 -0.033432  0.247667  0.268348 2.53503E-09
 pt  78   1.887230  0.267230  0.548330  0.569011 1.02580E-08
 au  79   1.102949  0.302949  0.584049  0.604730 1.70203E-09
 hg  80   2.281955  1.111955  1.393055  1.413736 2.61751E-08
 tl  81   1.795837  1.025837  1.306937  1.327618 8.70776E-09
 pb  82   3.078327  1.038327  1.319427  1.340108 1.69177E-07
 bi  83   0.816516  0.166516  0.447616  0.468297 9.33781E-10
 po  84   0.540119 -9.000000  0.000000  0.000000 4.94184E-10
#[ls/Fe]_Thiswork =   1.0393, [hs/Fe]_Thiswork =   1.5800
#[hs/ls]_Thiswork =   0.5407, [Pb/hs]_Thiswork =  -0.2606
# Elemental abundance ratios: 
# He/H =  1.0994E-01, C/O =  5.0035E+00, N/O = 4.16882E-01
#
#  TP   Mass     Mcore    Menv    log L
# 22 2.158320 0.695820 1.462500 4.133470
# El  Z   log e(X)   [X/H]    [X/Fe]     [X/O]      X(i)
  p   1  12.000000  0.000000  0.000000  0.000000 6.84317E-01
 he   2  11.045897  0.115896  0.396996  0.417677 3.02050E-01
  c   6   9.157001  0.687000  0.968100  0.988781 1.17051E-02
  n   7   8.048680  0.178680  0.459780  0.480461 1.06371E-03
  o   8   8.430055 -0.299945 -0.018845  0.000000 2.92378E-03
  f   9   5.303370  0.843369  1.124469  1.143314 2.59343E-06
 ne  10   8.104393  0.134393  0.415493  0.434338 1.74225E-03
 na  11   6.316257  0.006257  0.287357  0.306202 3.23290E-05
 mg  12   7.376801 -0.263198  0.017901  0.036747 3.92911E-04
 al  13   6.267854 -0.202146  0.078954  0.097799 3.39410E-05
 si  14   7.272974 -0.277026  0.004074  0.022919 3.57488E-04
  p  15   5.219191 -0.250809  0.030291  0.049136 3.48325E-06
  s  16   6.880752 -0.279248  0.001852  0.020697 1.65417E-04
 cl  17   4.979502 -0.250498  0.030602  0.049447 2.29589E-06
 ar  18   6.159441 -0.280559  0.000541  0.019386 3.91501E-05
  k  19   4.811493 -0.268507  0.012593  0.031438 1.71967E-06
 ca  20   6.009130 -0.280870  0.000230  0.019075 2.77864E-05
 sc  21   2.852132 -0.197868  0.083232  0.102077 2.17128E-08
 ti  22   4.638414 -0.271585  0.009514  0.028359 1.41334E-06
  v  23   3.670310 -0.289690 -0.008590  0.010255 1.61876E-07
 cr  24   5.342051 -0.297949 -0.016850  0.001996 7.75921E-06
 mn  25   5.223610 -0.256390  0.024710  0.043555 6.24137E-06
 fe  26   7.260632 -0.279368  0.000000  0.020576 6.90896E-04
 co  27   4.709783 -0.160217  0.119152  0.139728 2.05087E-06
 ni  28   5.921379 -0.278621  0.000748  0.021324 3.32478E-05
 cu  29   4.053016 -0.196984  0.082384  0.102961 4.87417E-07
 zn  30   4.387600 -0.242400  0.036968  0.057545 1.08401E-06
 ga  31   2.989024 -0.090976  0.188393  0.208969 4.61526E-08
 ge  32   3.476171 -0.103829  0.175539  0.196115 1.47619E-07
 as  33   2.153015 -0.146985  0.132384  0.152960 7.23471E-09
 se  34   3.336982 -0.003018  0.276350  0.296927 1.16462E-07
 br  35   2.471943 -0.068057  0.211311  0.231888 1.60808E-08
 kr  36   3.393829  0.143829  0.423198  0.443774 1.40884E-07
 rb  37   2.534536  0.174536  0.453905  0.474481 1.98672E-08
 sr  38   3.585065  0.705065  0.984433  1.005010 2.28805E-07
  y  39   2.974275  0.804275  1.083643  1.104219 5.68856E-08
 zr  40   3.398582  0.868582  1.147950  1.168526 1.55055E-07
 nb  41   2.209996  0.799996  1.079365  1.099941 1.02291E-08
 mo  42   2.655236  0.715236  0.994605  1.015181 2.94464E-08
 tc  43   0.753733 -9.000000  0.000000  0.000000 3.77360E-10
 ru  44   2.363883  0.603883  0.883251  0.903828 1.58599E-08
 rh  45   1.364944  0.304944  0.584312  0.604888 1.61876E-09
 pd  46   2.407200  0.757200  1.036568  1.057145 1.84510E-08
 ag  47   1.471130  0.271130  0.550499  0.571075 2.16681E-09
 cd  48   2.568359  0.858359  1.137728  1.158304 2.82465E-08
 in  49   1.441279  0.681279  0.960648  0.981224 2.15321E-09
 sn  50   3.010890  0.940890  1.220258  1.240835 8.26370E-08
 sb  51   1.505146  0.495146  0.774514  0.795091 2.64513E-09
 te  52   2.621754  0.441754  0.721122  0.741699 3.62578E-08
  i  53   1.628281  0.078281  0.357649  0.378226 3.66060E-09
 xe  54   2.776644  0.536644  0.816012  0.836589 5.32944E-08
 cs  55   1.802219  0.722219  1.001588  1.022164 5.72213E-09
 ba  56   3.496489  1.316489  1.595857  1.616433 2.92443E-07
 la  57   2.475605  1.305605  1.584973  1.605550 2.81918E-08
 ce  58   2.938715  1.358715  1.638083  1.658660 8.26037E-08
 pr  59   1.901121  1.141121  1.420490  1.441066 7.61822E-09
 nd  60   2.663920  1.213920  1.493289  1.513865 4.51650E-08
 pm  61   0.000000 -9.000000  0.000000  0.000000 0.00000E+00
 sm  62   1.856059  0.916059  1.195427  1.216004 7.32805E-09
 eu  63   0.856256  0.346256  0.625625  0.646201 7.40959E-10
 gd  64   1.720045  0.670045  0.949414  0.969990 5.60315E-09
 tb  65   0.736321  0.416321  0.695690  0.716266 5.87909E-10
 dy  66   1.848394  0.718394  0.997763  1.018339 7.78116E-09
 ho  67   0.864468  0.394468  0.673836  0.694412 8.19528E-10
 er  68   1.695056  0.775056  1.054424  1.075001 5.62655E-09
 tm  69   0.749543  0.629543  0.908912  0.929488 6.44254E-10
 yb  70   1.975781  1.055781  1.335150  1.355726 1.11103E-08
 lu  71   1.020288  0.930287  1.209656  1.230232 1.24463E-09
 hf  72   1.951425  1.241425  1.520793  1.541369 1.08352E-08
 ta  73   1.055190  1.175190  1.454558  1.475135 1.39489E-09
  w  74   1.867801  1.217801  1.497169  1.517746 9.20529E-09
 re  75   0.962771  0.702771  0.982140  1.002716 1.16028E-09
 os  76   1.889988  0.539988  0.819356  0.839933 1.00245E-08
 ir  77   1.299147 -0.020853  0.258515  0.279091 2.59858E-09
 pt  78   1.907132  0.287132  0.566501  0.587077 1.06939E-08
 au  79   1.122701  0.322701  0.602069  0.622646 1.77374E-09
 hg  80   2.308218  1.138218  1.417586  1.438163 2.76901E-08
 tl  81   1.832998  1.062998  1.342367  1.362943 9.44583E-09
 pb  82   3.102093  1.062093  1.341461  1.362038 1.77942E-07
 bi  83   0.838828  0.188828  0.468197  0.488773 9.78881E-10
 po  84   0.563816 -9.000000  0.000000  0.000000 5.19708E-10
#[ls/Fe]_Thiswork =   1.0720, [hs/Fe]_Thiswork =   1.6063
#[hs/ls]_Thiswork =   0.5343, [Pb/hs]_Thiswork =  -0.2648
# Elemental abundance ratios: 
# He/H =  1.1115E-01, C/O =  5.3327E+00, N/O = 4.15553E-01
#
# Final abundances
# El  Z   log e(X)   [X/H]    [X/Fe]     [X/O]      X(i)
  p   1  12.000000  0.000000  0.000000  0.000000 6.81005E-01
 he   2  11.051309  0.121308  0.398684  0.419084 3.04358E-01
  c   6   9.189068  0.719068  0.996443  1.016843 1.25411E-02
  n   7   8.049313  0.179313  0.456688  0.477088 1.06010E-03
  o   8   8.432224 -0.297775 -0.020400  0.000000 2.92420E-03
  f   9   5.357703  0.897703  1.175078  1.195478 2.92483E-06
 ne  10   8.137945  0.167945  0.445321  0.465721 1.87308E-03
 na  11   6.338679  0.028679  0.306055  0.326454 3.38772E-05
 mg  12   7.381839 -0.258161  0.019215  0.039615 3.95571E-04
 al  13   6.274335 -0.195664  0.081711  0.102111 3.42846E-05
 si  14   7.275221 -0.274779  0.002597  0.022996 3.57603E-04
  p  15   5.223885 -0.246115  0.031260  0.051660 3.50406E-06
  s  16   6.882739 -0.277261  0.000114  0.020514 1.65371E-04
 cl  17   4.984269 -0.245731  0.031644  0.052044 2.31000E-06
 ar  18   6.161297 -0.278703 -0.001328  0.019072 3.91275E-05
  k  19   4.814542 -0.265458  0.011918  0.032318 1.72340E-06
 ca  20   6.010937 -0.279063 -0.001688  0.018712 2.77673E-05
 sc  21   2.862301 -0.187699  0.089677  0.110076 2.21197E-08
 ti  22   4.641046 -0.268954  0.008422  0.028821 1.41505E-06
  v  23   3.671347 -0.288653 -0.011278  0.009122 1.61478E-07
 cr  24   5.344110 -0.295889 -0.018514  0.001886 7.75837E-06
 mn  25   5.227275 -0.252725  0.024651  0.045051 6.26381E-06
 fe  26   7.262624 -0.277376  0.000000  0.020400 6.90715E-04
 co  27   4.725516 -0.144484  0.132892  0.153292 2.11624E-06
 ni  28   5.923656 -0.276344  0.001031  0.021431 3.32608E-05
 cu  29   4.064988 -0.185012  0.092364  0.112763 4.98617E-07
 zn  30   4.393408 -0.236592  0.040783  0.061183 1.09329E-06
 ga  31   3.005851 -0.074149  0.203227  0.223626 4.77438E-08
 ge  32   3.494675 -0.085325  0.192050  0.212450 1.53300E-07
 as  33   2.166739 -0.133261  0.144114  0.164514 7.43085E-09
 se  34   3.361050  0.021050  0.298425  0.318825 1.22503E-07
 br  35   2.489576 -0.050424  0.226952  0.247352 1.66661E-08
 kr  36   3.421920  0.171920  0.449296  0.469695 1.49570E-07
 rb  37   2.572269  0.212270  0.489645  0.510045 2.15657E-08
 sr  38   3.617321  0.737321  1.014697  1.035096 2.45253E-07
  y  39   3.008359  0.838359  1.115735  1.136134 6.12322E-08
 zr  40   3.431627  0.901627  1.179003  1.199403 1.66505E-07
 nb  41   2.244636  0.834636  1.112011  1.132411 1.10248E-08
 mo  42   2.688199  0.748199  1.025575  1.045974 3.16147E-08
 tc  43   0.784012 -9.000000  0.000000  0.000000 4.02650E-10
 ru  44   2.393302  0.633302  0.910678  0.931077 1.68894E-08
 rh  45   1.389804  0.329804  0.607180  0.627579 1.70583E-09
 pd  46   2.437569  0.787569  1.064944  1.085344 1.96916E-08
 ag  47   1.495873  0.295873  0.573249  0.593649 2.28274E-09
 cd  48   2.600357  0.890357  1.167733  1.188132 3.02591E-08
 in  49   1.472659  0.712659  0.990035  1.010434 2.30335E-09
 sn  50   3.044844  0.974844  1.252219  1.272619 8.89243E-08
 sb  51   1.537667  0.527667  0.805043  0.825443 2.83702E-09
 te  52   2.654843  0.474843  0.752219  0.772619 3.89389E-08
  i  53   1.649375  0.099375  0.376751  0.397150 3.82420E-09
 xe  54   2.808564  0.568564  0.845940  0.866339 5.70816E-08
 cs  55   1.840453  0.760453  1.037829  1.058228 6.21849E-09
 ba  56   3.532770  1.352770  1.630146  1.650545 3.16386E-07
 la  57   2.512124  1.342124  1.619500  1.639899 3.05165E-08
 ce  58   2.974502  1.394502  1.671877  1.692277 8.92647E-08
 pr  59   1.938298  1.178298  1.455674  1.476074 8.25894E-09
 nd  60   2.697712  1.247712  1.525088  1.545487 4.85834E-08
 pm  61   0.000000 -9.000000  0.000000  0.000000 0.00000E+00
 sm  62   1.887658  0.947658  1.225034  1.245433 7.84298E-09
 eu  63   0.883718  0.373719  0.651094  0.671494 7.85505E-10
 gd  64   1.751728  0.701728  0.979104  0.999503 5.99805E-09
 tb  65   0.763892  0.443892  0.721268  0.741667 6.23411E-10
 dy  66   1.878957  0.748957  1.026332  1.046732 8.30808E-09
 ho  67   0.891568  0.421568  0.698944  0.719343 8.68077E-10
 er  68   1.727981  0.807981  1.085356  1.105756 6.04033E-09
 tm  69   0.779047  0.659047  0.936423  0.956822 6.86206E-10
 yb  70   2.009677  1.089677  1.367053  1.387452 1.19540E-08
 lu  71   1.051258  0.961258  1.238634  1.259033 1.33016E-09
 hf  72   1.985504  1.275504  1.552880  1.573279 1.16630E-08
 ta  73   1.087513  1.207513  1.484889  1.505288 1.49540E-09
  w  74   1.901721  1.251721  1.529097  1.549496 9.90493E-09
 re  75   0.995172  0.735172  1.012547  1.032947 1.24411E-09
 os  76   1.917877  0.567877  0.845253  0.865652 1.06377E-08
 ir  77   1.314839 -0.005161  0.272215  0.292615 2.68116E-09
 pt  78   1.931276  0.311276  0.588652  0.609052 1.12506E-08
 au  79   1.146587  0.346587  0.623963  0.644363 1.86497E-09
 hg  80   2.338797  1.168797  1.446172  1.466572 2.95662E-08
 tl  81   1.873335  1.103335  1.380711  1.401110 1.03150E-08
 pb  82   3.126800  1.086800  1.364175  1.384575 1.87447E-07
 bi  83   0.862564  0.212564  0.489940  0.510339 1.02887E-09
 po  84   0.590693 -9.000000  0.000000  0.000000 5.50211E-10
#[ls/Fe]_Thiswork =   1.1031, [hs/Fe]_Thiswork =   1.6405
#[hs/ls]_Thiswork =   0.5374, [Pb/hs]_Thiswork =  -0.2763
# Elemental abundance ratios: 
# He/H =  1.1254E-01, C/O =  5.7127E+00, N/O = 4.14083E-01
