#
# Initial mass = 0.900, Z =  0.0002, Y =  0.250, M_mix = 2.00E-03
#
# Initial abundances
# El  Z   log e(X)   [X/H]    [X/Fe]     [X/O]      X(i)
  p   1  12.000000  0.000000  0.000000  0.000000 7.55487E-01
 he   2  10.921201 -0.008800  1.815034  1.430868 2.50238E-01
  c   6   6.830440 -1.639560  0.184274 -0.199893 6.09237E-05
  n   7   6.630052 -1.239948  0.583886  0.199719 4.47882E-05
  o   8   7.290332 -1.439668  0.384166  0.000000 2.33987E-04
  f   9   2.636161 -1.823839 -0.000005 -0.384171 6.16077E-09
 ne  10   6.429841 -1.540159  0.283675 -0.100491 4.06939E-05
 na  11   4.190414 -2.119586 -0.295752 -0.679918 2.67129E-07
 mg  12   6.107235 -1.532764  0.291070 -0.093097 2.33183E-05
 al  13   4.520560 -1.949440 -0.125606 -0.509772 6.70503E-07
 si  14   5.864501 -1.685499  0.138335 -0.245831 1.54084E-05
  p  15   3.646171 -1.823829  0.000005 -0.384161 1.02786E-07
  s  16   5.655596 -1.504404  0.319430 -0.064736 1.08741E-05
 cl  17   3.406170 -1.823830  0.000004 -0.384162 6.77001E-08
 ar  18   4.960135 -1.479865  0.343969 -0.040197 2.73148E-06
  k  19   3.443538 -1.636462  0.187372 -0.196795 8.13691E-08
 ca  20   4.793693 -1.496307  0.327527 -0.056639 1.86795E-06
 sc  21   1.467190 -1.582810  0.241024 -0.143142 9.87972E-10
 ti  22   3.464959 -1.445041  0.378793 -0.005373 1.04656E-07
  v  23   2.382014 -1.577986  0.245848 -0.138318 9.20147E-09
 cr  24   3.969089 -1.670911  0.152923 -0.231244 3.62932E-07
 mn  25   3.130459 -2.349541 -0.525707 -0.909873 5.56030E-08
 fe  26   5.716166 -1.823834  0.000000 -0.384166 2.17729E-05
 co  27   3.046164 -1.823836 -0.000002 -0.384169 4.91235E-08
 ni  28   4.376177 -1.823822  0.000011 -0.384155 1.04600E-06
 cu  29   1.952294 -2.297706 -0.473872 -0.858038 4.26727E-09
 zn  30   3.056505 -1.573495  0.250339 -0.133827 5.58354E-08
 ga  31   1.256163 -1.823837 -0.000003 -0.384170 9.42552E-10
 ge  32   1.721786 -1.858213 -0.034379 -0.418546 2.86899E-09
 as  33   0.476170 -1.823830  0.000004 -0.384163 1.68091E-10
 se  34   1.472246 -1.867754 -0.043920 -0.428086 1.75558E-09
 br  35   0.716174 -1.823826  0.000008 -0.384158 3.11537E-10
 kr  36   1.424599 -1.825401 -0.001567 -0.385734 1.66955E-09
 rb  37   0.536179 -1.823821  0.000013 -0.384154 2.20165E-10
 sr  38   1.053733 -1.826267 -0.002433 -0.386600 7.43195E-10
  y  39   0.346187 -1.823813  0.000021 -0.384146 1.47872E-10
 zr  40   0.706167 -1.823833  0.000001 -0.384165 3.47570E-10
 nb  41  -0.413827 -1.823827  0.000007 -0.384159 2.68525E-11
 mo  42  -0.005015 -1.945015 -0.121181 -0.505348 7.10807E-11
 tc  43   0.000000 -9.000000  0.000000  0.000000 0.00000E+00
 ru  44  -0.194783 -1.954783 -0.130949 -0.515115 4.83734E-11
 rh  45  -0.763820 -1.823820  0.000014 -0.384152 1.32858E-11
 pd  46  -0.233027 -1.883026 -0.059193 -0.443359 4.66406E-11
 ag  47  -0.623837 -1.823838 -0.000004 -0.384170 1.92230E-11
 cd  48  -0.153564 -1.863564 -0.039731 -0.423897 5.91578E-11
 in  49  -1.082876 -1.842876 -0.019042 -0.403208 7.11050E-12
 sn  50   0.183731 -1.886269 -0.062435 -0.446601 1.35827E-10
 sb  51  -1.056368 -2.066368 -0.242534 -0.626700 8.01501E-12
 te  52  -0.111209 -2.291209 -0.467375 -0.851541 7.40302E-11
  i  53  -0.273838 -1.823838 -0.000004 -0.384170 5.06297E-11
 xe  54   0.379082 -1.860918 -0.037084 -0.421251 2.35554E-10
 cs  55  -0.743831 -1.823831  0.000003 -0.384163 1.79671E-11
 ba  56   0.355272 -1.824728 -0.000894 -0.385060 2.33236E-10
 la  57  -0.654231 -1.824231 -0.000397 -0.384563 2.30811E-11
 ce  58  -0.245736 -1.825736 -0.001902 -0.386068 5.96374E-11
 pr  59  -1.063835 -1.823835 -0.000001 -0.384167 9.11732E-12
 nd  60  -0.398837 -1.848837 -0.025003 -0.409169 4.31535E-11
 pm  61   0.000000 -9.000000  0.000000  0.000000 0.00000E+00
 sm  62  -1.013538 -1.953538 -0.129704 -0.513871 1.09235E-11
 eu  63  -1.313828 -1.823828  0.000005 -0.384161 5.52941E-12
 gd  64  -0.773833 -1.823833  0.000001 -0.384166 1.98392E-11
 tb  65  -1.503834 -1.823834  0.000000 -0.384166 3.73358E-12
 dy  66  -0.694488 -1.824488 -0.000654 -0.384820 2.46112E-11
 ho  67  -1.353829 -1.823829  0.000005 -0.384162 5.47315E-12
 er  68  -0.911458 -1.831458 -0.007624 -0.391790 1.53709E-11
 tm  69  -1.703832 -1.823832  0.000002 -0.384164 2.50411E-12
 yb  70  -0.964864 -1.884864 -0.061030 -0.445196 1.40621E-11
 lu  71  -1.733824 -1.823824  0.000010 -0.384156 2.42047E-12
 hf  72  -1.114540 -1.824540 -0.000706 -0.384872 1.02764E-11
 ta  73  -1.943889 -1.823889 -0.000055 -0.384221 1.54324E-12
  w  74  -1.174365 -1.824365 -0.000531 -0.384697 9.22235E-12
 re  75  -1.563829 -1.823829  0.000005 -0.384162 3.81008E-12
 os  76  -0.473927 -1.823927 -0.000093 -0.384259 4.78762E-11
 ir  77  -0.503833 -1.823833  0.000001 -0.384165 4.51570E-11
 pt  78  -0.236166 -1.856166 -0.032332 -0.416498 8.48808E-11
 au  79  -1.023831 -1.823831  0.000003 -0.384164 1.39743E-11
 hg  80  -0.685450 -1.855450 -0.031616 -0.415782 3.10189E-11
 tl  81  -1.053834 -1.823834  0.000000 -0.384166 1.35325E-11
 pb  82   0.216159 -1.823841 -0.000007 -0.384173 2.55456E-10
 bi  83  -1.173829 -1.823829  0.000005 -0.384161 1.04965E-11
 po  84   0.000000 -9.000000  0.000000  0.000000 0.00000E+00
#[ls/Fe]_Thiswork =  -0.0008, [hs/Fe]_Thiswork =  -0.0011
#[hs/ls]_Thiswork =  -0.0003, [Pb/hs]_Thiswork =   0.0011
# Elemental abundance ratios: 
# He/H =  8.3407E-02, C/O =  3.4682E-01, N/O = 2.18635E-01
#
#
# During TP-AGB
#  TP   Mass     Mcore    Menv    log L
#  1 0.899983 0.536322 0.363660 3.085449
# El  Z   log e(X)   [X/H]    [X/Fe]     [X/O]      X(i)
  p   1  12.000000  0.000000  0.000000  0.000000 7.38010E-01
 he   2  10.960622  0.030622  1.854455  1.470289 2.67676E-01
  c   6   6.749042 -1.720958  0.102876 -0.281291 4.93427E-05
  n   7   6.789635 -1.080365  0.743469  0.359303 6.31803E-05
  o   8   7.290012 -1.439988  0.383846  0.000000 2.28405E-04
  f   9   2.630247 -1.829753 -0.005919 -0.389765 5.93686E-09
 ne  10   6.438882 -1.531117  0.292717 -0.091130 4.05887E-05
 na  11   4.361471 -1.948529 -0.124695 -0.508542 3.86911E-07
 mg  12   6.117323 -1.522676  0.301157 -0.082689 2.33142E-05
 al  13   4.533689 -1.936311 -0.112477 -0.496323 6.75095E-07
 si  14   5.874667 -1.675333  0.148500 -0.235346 1.54084E-05
  p  15   3.656340 -1.813660  0.010174 -0.373672 1.02787E-07
  s  16   5.665761 -1.494239  0.329595 -0.054252 1.08741E-05
 cl  17   3.416335 -1.813665  0.010169 -0.373677 6.77002E-08
 ar  18   4.970301 -1.469699  0.354135 -0.029712 2.73148E-06
  k  19   3.453662 -1.626338  0.197496 -0.186350 8.13614E-08
 ca  20   4.803860 -1.486140  0.337694 -0.046153 1.86796E-06
 sc  21   1.477355 -1.572645  0.251189 -0.132657 9.87972E-10
 ti  22   3.475125 -1.434875  0.388959  0.005113 1.04656E-07
  v  23   2.392179 -1.567821  0.256013 -0.127833 9.20147E-09
 cr  24   3.979254 -1.660746  0.163088 -0.220758 3.62932E-07
 mn  25   3.140623 -2.339377 -0.515543 -0.899389 5.56030E-08
 fe  26   5.726331 -1.813669  0.000000 -0.373681 2.17729E-05
 co  27   3.056329 -1.813671 -0.000002 -0.373683 4.91235E-08
 ni  28   4.386343 -1.813657  0.000011 -0.373670 1.04600E-06
 cu  29   1.962460 -2.287540 -0.473872 -0.847553 4.26727E-09
 zn  30   3.066670 -1.563330  0.250339 -0.123342 5.58354E-08
 ga  31   1.266328 -1.813672 -0.000003 -0.373684 9.42552E-10
 ge  32   1.731952 -1.848048 -0.034379 -0.408061 2.86899E-09
 as  33   0.486335 -1.813665  0.000004 -0.373677 1.68091E-10
 se  34   1.482411 -1.857589 -0.043920 -0.417601 1.75558E-09
 br  35   0.726338 -1.813662  0.000007 -0.373674 3.11537E-10
 kr  36   1.434764 -1.815236 -0.001567 -0.375248 1.66955E-09
 rb  37   0.530390 -1.829610 -0.015941 -0.389622 2.12224E-10
 sr  38   1.068629 -1.811371  0.002298 -0.371383 7.51335E-10
  y  39   0.356352 -1.813648  0.000021 -0.373661 1.47872E-10
 zr  40   0.716332 -1.813668  0.000001 -0.373680 3.47571E-10
 nb  41  -0.403662 -1.813662  0.000007 -0.373674 2.68525E-11
 mo  42   0.005151 -1.934849 -0.121181 -0.494862 7.10807E-11
 tc  43   0.000000 -9.000000  0.000000  0.000000 9.23096E-27
 ru  44  -0.184618 -1.944618 -0.130949 -0.504630 4.83734E-11
 rh  45  -0.753655 -1.813655  0.000013 -0.373668 1.32858E-11
 pd  46  -0.222860 -1.872860 -0.059192 -0.432873 4.66406E-11
 ag  47  -0.613672 -1.813672 -0.000004 -0.373685 1.92230E-11
 cd  48  -0.143398 -1.853398 -0.039730 -0.413411 5.91578E-11
 in  49  -1.072711 -1.832711 -0.019042 -0.392723 7.11050E-12
 sn  50   0.193896 -1.876104 -0.062435 -0.436116 1.35827E-10
 sb  51  -1.046203 -2.056203 -0.242534 -0.616215 8.01501E-12
 te  52  -0.101044 -2.281044 -0.467375 -0.841056 7.40302E-11
  i  53  -0.263672 -1.813672 -0.000003 -0.373684 5.06297E-11
 xe  54   0.389247 -1.850753 -0.037084 -0.410765 2.35554E-10
 cs  55  -0.733666 -1.813666  0.000002 -0.373679 1.79671E-11
 ba  56   0.365438 -1.814563 -0.000894 -0.374575 2.33236E-10
 la  57  -0.644066 -1.814066 -0.000397 -0.374078 2.30811E-11
 ce  58  -0.235571 -1.815571 -0.001902 -0.375583 5.96374E-11
 pr  59  -1.053670 -1.813670 -0.000001 -0.373682 9.11732E-12
 nd  60  -0.388672 -1.838672 -0.025003 -0.398684 4.31535E-11
 pm  61   0.000000 -9.000000  0.000000  0.000000 0.00000E+00
 sm  62  -1.003374 -1.943374 -0.129705 -0.503386 1.09235E-11
 eu  63  -1.303663 -1.813663  0.000005 -0.373676 5.52941E-12
 gd  64  -0.763668 -1.813668  0.000001 -0.373680 1.98392E-11
 tb  65  -1.493669 -1.813668  0.000000 -0.373681 3.73358E-12
 dy  66  -0.684322 -1.814322 -0.000654 -0.374335 2.46112E-11
 ho  67  -1.343664 -1.813664  0.000005 -0.373677 5.47315E-12
 er  68  -0.901293 -1.821293 -0.007624 -0.381305 1.53709E-11
 tm  69  -1.693666 -1.813666  0.000002 -0.373679 2.50411E-12
 yb  70  -0.954699 -1.874699 -0.061030 -0.434711 1.40621E-11
 lu  71  -1.725624 -1.815624 -0.001955 -0.375636 2.40954E-12
 hf  72  -1.103904 -1.813904 -0.000235 -0.373916 1.02876E-11
 ta  73  -1.933723 -1.813723 -0.000055 -0.373736 1.54324E-12
  w  74  -1.164200 -1.814200 -0.000531 -0.374212 9.22235E-12
 re  75  -1.596895 -1.856895 -0.043226 -0.416908 3.44907E-12
 os  76  -0.460428 -1.810428  0.003240 -0.370441 4.82450E-11
 ir  77  -0.493669 -1.813669  0.000000 -0.373681 4.51570E-11
 pt  78  -0.226000 -1.846000 -0.032331 -0.406012 8.48809E-11
 au  79  -1.013666 -1.813666  0.000003 -0.373678 1.39743E-11
 hg  80  -0.675285 -1.845285 -0.031617 -0.405298 3.10189E-11
 tl  81  -1.043670 -1.813670 -0.000001 -0.373682 1.35325E-11
 pb  82   0.226324 -1.813676 -0.000007 -0.373688 2.55456E-10
 bi  83  -1.163664 -1.813664  0.000005 -0.373676 1.04965E-11
 po  84   0.000000 -9.000000  0.000000  0.000000 5.04557E-26
#[ls/Fe]_Thiswork =   0.0008, [hs/Fe]_Thiswork =  -0.0011
#[hs/ls]_Thiswork =  -0.0018, [Pb/hs]_Thiswork =   0.0011
# Elemental abundance ratios: 
# He/H =  9.1332E-02, C/O =  2.8776E-01, N/O = 3.15953E-01
#
#  TP   Mass     Mcore    Menv    log L
#  2 0.899981 0.538806 0.361175 3.224291
# El  Z   log e(X)   [X/H]    [X/Fe]     [X/O]      X(i)
  p   1  12.000000  0.000000  0.000000  0.000000 7.34807E-01
 he   2  10.967637  0.037637  1.851305  1.477624 2.70854E-01
  c   6   6.741260 -1.728740  0.084929 -0.288753 4.82561E-05
  n   7   6.815396 -1.054604  0.759065  0.385384 6.67504E-05
  o   8   7.286870 -1.443130  0.370539  0.000000 2.25775E-04
  f   9   2.625374 -1.834626 -0.020957 -0.391497 5.84514E-09
 ne  10   6.440132 -1.529868  0.283801 -0.086738 4.05290E-05
 na  11   4.433641 -1.876359 -0.062690 -0.433229 4.54876E-07
 mg  12   6.119144 -1.520856  0.292813 -0.077726 2.33105E-05
 al  13   4.538217 -1.931783 -0.118114 -0.488653 6.79210E-07
 si  14   5.876556 -1.673444  0.140225 -0.230314 1.54085E-05
  p  15   3.658233 -1.811767  0.001902 -0.368638 1.02788E-07
  s  16   5.667649 -1.492351  0.321318 -0.049221 1.08741E-05
 cl  17   3.418224 -1.811776  0.001893 -0.368646 6.77002E-08
 ar  18   4.972189 -1.467811  0.345858 -0.024681 2.73148E-06
  k  19   3.455551 -1.624449  0.189220 -0.181319 8.13614E-08
 ca  20   4.805748 -1.484251  0.329417 -0.041122 1.86796E-06
 sc  21   1.479244 -1.570756  0.242913 -0.127626 9.87972E-10
 ti  22   3.477014 -1.432986  0.380682  0.010143 1.04656E-07
  v  23   2.394069 -1.565931  0.247737 -0.122802 9.20147E-09
 cr  24   3.981143 -1.658857  0.154812 -0.215727 3.62932E-07
 mn  25   3.142512 -2.337488 -0.523819 -0.894358 5.56030E-08
 fe  26   5.728220 -1.811780  0.000000 -0.368650 2.17729E-05
 co  27   3.058218 -1.811782 -0.000002 -0.368652 4.91235E-08
 ni  28   4.388231 -1.811769  0.000011 -0.368639 1.04600E-06
 cu  29   1.964349 -2.285651 -0.473871 -0.842522 4.26727E-09
 zn  30   3.068559 -1.561441  0.250339 -0.118312 5.58354E-08
 ga  31   1.268216 -1.811784 -0.000004 -0.368654 9.42552E-10
 ge  32   1.733841 -1.846159 -0.034379 -0.403029 2.86899E-09
 as  33   0.488223 -1.811777  0.000003 -0.368647 1.68091E-10
 se  34   1.484301 -1.855699 -0.043919 -0.412570 1.75558E-09
 br  35   0.728228 -1.811772  0.000008 -0.368643 3.11537E-10
 kr  36   1.436653 -1.813347 -0.001567 -0.370217 1.66955E-09
 rb  37   0.532279 -1.827721 -0.015941 -0.384591 2.12224E-10
 sr  38   1.070518 -1.809483  0.002297 -0.366353 7.51336E-10
  y  39   0.358241 -1.811759  0.000021 -0.368629 1.47872E-10
 zr  40   0.718221 -1.811779  0.000001 -0.368650 3.47571E-10
 nb  41  -0.401772 -1.811772  0.000008 -0.368643 2.68525E-11
 mo  42   0.007039 -1.932961 -0.121181 -0.489831 7.10807E-11
 tc  43   0.000000 -9.000000  0.000000  0.000000 3.26266E-25
 ru  44  -0.182729 -1.942729 -0.130949 -0.499599 4.83734E-11
 rh  45  -0.751766 -1.811766  0.000014 -0.368637 1.32858E-11
 pd  46  -0.220972 -1.870972 -0.059192 -0.427842 4.66406E-11
 ag  47  -0.611783 -1.811783 -0.000003 -0.368654 1.92230E-11
 cd  48  -0.141510 -1.851510 -0.039730 -0.408381 5.91578E-11
 in  49  -1.070823 -1.830823 -0.019043 -0.387693 7.11050E-12
 sn  50   0.195786 -1.874214 -0.062434 -0.431085 1.35827E-10
 sb  51  -1.044313 -2.054313 -0.242533 -0.611184 8.01501E-12
 te  52  -0.099154 -2.279155 -0.467375 -0.836025 7.40302E-11
  i  53  -0.261783 -1.811783 -0.000003 -0.368653 5.06297E-11
 xe  54   0.391135 -1.848865 -0.037085 -0.405735 2.35554E-10
 cs  55  -0.731777 -1.811777  0.000003 -0.368648 1.79671E-11
 ba  56   0.367327 -1.812673 -0.000893 -0.369544 2.33236E-10
 la  57  -0.642178 -1.812178 -0.000398 -0.369048 2.30811E-11
 ce  58  -0.233682 -1.813682 -0.001902 -0.370552 5.96374E-11
 pr  59  -1.051782 -1.811782 -0.000002 -0.368652 9.11732E-12
 nd  60  -0.386783 -1.836783 -0.025003 -0.393653 4.31535E-11
 pm  61   0.000000 -9.000000  0.000000  0.000000 0.00000E+00
 sm  62  -1.001485 -1.941485 -0.129705 -0.498355 1.09235E-11
 eu  63  -1.301775 -1.811775  0.000005 -0.368645 5.52941E-12
 gd  64  -0.761779 -1.811779  0.000001 -0.368649 1.98392E-11
 tb  65  -1.491779 -1.811779  0.000001 -0.368650 3.73358E-12
 dy  66  -0.682434 -1.812434 -0.000654 -0.369305 2.46112E-11
 ho  67  -1.341775 -1.811775  0.000005 -0.368645 5.47315E-12
 er  68  -0.899405 -1.819405 -0.007625 -0.376275 1.53709E-11
 tm  69  -1.691777 -1.811777  0.000003 -0.368648 2.50411E-12
 yb  70  -0.952810 -1.872810 -0.061030 -0.429681 1.40621E-11
 lu  71  -1.723736 -1.813736 -0.001956 -0.370606 2.40954E-12
 hf  72  -1.102015 -1.812015 -0.000235 -0.368885 1.02876E-11
 ta  73  -1.931834 -1.811834 -0.000054 -0.368705 1.54324E-12
  w  74  -1.162312 -1.812312 -0.000532 -0.369182 9.22235E-12
 re  75  -1.595007 -1.855007 -0.043227 -0.411877 3.44907E-12
 os  76  -0.458540 -1.808540  0.003240 -0.365410 4.82450E-11
 ir  77  -0.491779 -1.811779  0.000001 -0.368650 4.51570E-11
 pt  78  -0.224112 -1.844112 -0.032332 -0.400982 8.48809E-11
 au  79  -1.011777 -1.811777  0.000003 -0.368647 1.39743E-11
 hg  80  -0.673396 -1.843396 -0.031616 -0.400267 3.10189E-11
 tl  81  -1.041780 -1.811780  0.000000 -0.368651 1.35325E-11
 pb  82   0.228213 -1.811787 -0.000007 -0.368657 2.55456E-10
 bi  83  -1.161775 -1.811775  0.000005 -0.368645 1.04965E-11
 po  84   0.000000 -9.000000  0.000000  0.000000 1.36845E-25
#[ls/Fe]_Thiswork =   0.0008, [hs/Fe]_Thiswork =  -0.0011
#[hs/ls]_Thiswork =  -0.0018, [Pb/hs]_Thiswork =   0.0011
# Elemental abundance ratios: 
# He/H =  9.2819E-02, C/O =  2.8470E-01, N/O = 3.37696E-01
#
#  TP   Mass     Mcore    Menv    log L
#  3 0.899978 0.543107 0.356871 3.318660
# El  Z   log e(X)   [X/H]    [X/Fe]     [X/O]      X(i)
  p   1  12.000000  0.000000  0.000000  0.000000 7.33206E-01
 he   2  10.971126  0.041125  1.852905  1.484255 2.72443E-01
  c   6   6.738396 -1.731605  0.080175 -0.288475 4.78344E-05
  n   7   6.826322 -1.043678  0.768102  0.399452 6.83019E-05
  o   8   7.285483 -1.444516  0.367264  0.000000 2.24565E-04
  f   9   2.623295 -1.836705 -0.024925 -0.392189 5.80455E-09
 ne  10   6.440749 -1.529251  0.282529 -0.084735 4.04981E-05
 na  11   4.466890 -1.843110 -0.031330 -0.398594 4.89998E-07
 mg  12   6.120055 -1.519945  0.291835 -0.075429 2.33086E-05
 al  13   4.540596 -1.929404 -0.117624 -0.484888 6.81451E-07
 si  14   5.877504 -1.672496  0.139284 -0.227980 1.54085E-05
  p  15   3.659182 -1.810818  0.000962 -0.366302 1.02788E-07
  s  16   5.668597 -1.491403  0.320377 -0.046887 1.08741E-05
 cl  17   3.419171 -1.810829  0.000951 -0.366313 6.77002E-08
 ar  18   4.973137 -1.466863  0.344917 -0.022346 2.73148E-06
  k  19   3.456498 -1.623502  0.188278 -0.178986 8.13614E-08
 ca  20   4.806696 -1.483304  0.328476 -0.038788 1.86796E-06
 sc  21   1.480192 -1.569808  0.241972 -0.125292 9.87972E-10
 ti  22   3.477962 -1.432038  0.379742  0.012478 1.04656E-07
  v  23   2.395016 -1.564984  0.246796 -0.120468 9.20147E-09
 cr  24   3.982091 -1.657909  0.153871 -0.213393 3.62932E-07
 mn  25   3.143460 -2.336540 -0.524760 -0.892024 5.56030E-08
 fe  26   5.729167 -1.810833  0.000000 -0.366316 2.17729E-05
 co  27   3.059165 -1.810835 -0.000002 -0.366319 4.91235E-08
 ni  28   4.389179 -1.810821  0.000011 -0.366305 1.04600E-06
 cu  29   1.965297 -2.284703 -0.473871 -0.840187 4.26727E-09
 zn  30   3.069507 -1.560493  0.250339 -0.115977 5.58354E-08
 ga  31   1.269164 -1.810836 -0.000003 -0.366320 9.42552E-10
 ge  32   1.734789 -1.845211 -0.034379 -0.400695 2.86899E-09
 as  33   0.489171 -1.810829  0.000004 -0.366313 1.68091E-10
 se  34   1.485249 -1.854751 -0.043919 -0.410235 1.75558E-09
 br  35   0.729176 -1.810824  0.000008 -0.366308 3.11537E-10
 kr  36   1.437601 -1.812399 -0.001566 -0.367883 1.66955E-09
 rb  37   0.533226 -1.826774 -0.015941 -0.382258 2.12224E-10
 sr  38   1.071465 -1.808535  0.002298 -0.364018 7.51336E-10
  y  39   0.359188 -1.810812  0.000021 -0.366296 1.47872E-10
 zr  40   0.719169 -1.810831  0.000001 -0.366315 3.47571E-10
 nb  41  -0.400825 -1.810825  0.000008 -0.366308 2.68525E-11
 mo  42   0.007987 -1.932013 -0.121181 -0.487497 7.10807E-11
 tc  43   0.000000 -9.000000  0.000000  0.000000 8.10752E-25
 ru  44  -0.181781 -1.941781 -0.130948 -0.497265 4.83734E-11
 rh  45  -0.750819 -1.810819  0.000013 -0.366303 1.32858E-11
 pd  46  -0.220024 -1.870024 -0.059192 -0.425508 4.66406E-11
 ag  47  -0.610836 -1.810836 -0.000004 -0.366320 1.92230E-11
 cd  48  -0.140562 -1.850562 -0.039730 -0.406046 5.91578E-11
 in  49  -1.069875 -1.829875 -0.019042 -0.385359 7.11050E-12
 sn  50   0.196733 -1.873266 -0.062434 -0.428750 1.35827E-10
 sb  51  -1.043366 -2.053366 -0.242534 -0.608850 8.01501E-12
 te  52  -0.098207 -2.278208 -0.467375 -0.833691 7.40302E-11
  i  53  -0.260836 -1.810836 -0.000003 -0.366319 5.06297E-11
 xe  54   0.392083 -1.847917 -0.037084 -0.403401 2.35554E-10
 cs  55  -0.730829 -1.810829  0.000003 -0.366313 1.79671E-11
 ba  56   0.368275 -1.811725 -0.000893 -0.367209 2.33236E-10
 la  57  -0.641230 -1.811230 -0.000397 -0.366713 2.30811E-11
 ce  58  -0.232735 -1.812735 -0.001902 -0.368219 5.96374E-11
 pr  59  -1.050834 -1.810834 -0.000001 -0.366318 9.11732E-12
 nd  60  -0.385835 -1.835835 -0.025002 -0.391319 4.31535E-11
 pm  61   0.000000 -9.000000  0.000000  0.000000 0.00000E+00
 sm  62  -1.000537 -1.940537 -0.129704 -0.496021 1.09235E-11
 eu  63  -1.300827 -1.810827  0.000005 -0.366311 5.52941E-12
 gd  64  -0.760832 -1.810832  0.000001 -0.366316 1.98392E-11
 tb  65  -1.490831 -1.810831  0.000001 -0.366315 3.73358E-12
 dy  66  -0.681486 -1.811486 -0.000654 -0.366970 2.46112E-11
 ho  67  -1.340828 -1.810828  0.000005 -0.366312 5.47315E-12
 er  68  -0.898457 -1.818457 -0.007624 -0.373940 1.53709E-11
 tm  69  -1.690829 -1.810829  0.000003 -0.366313 2.50411E-12
 yb  70  -0.951862 -1.871862 -0.061030 -0.427346 1.40621E-11
 lu  71  -1.722788 -1.812788 -0.001955 -0.368272 2.40954E-12
 hf  72  -1.101067 -1.811067 -0.000234 -0.366550 1.02876E-11
 ta  73  -1.930886 -1.810886 -0.000054 -0.366370 1.54324E-12
  w  74  -1.161364 -1.811364 -0.000531 -0.366847 9.22235E-12
 re  75  -1.594061 -1.854061 -0.043228 -0.409545 3.44906E-12
 os  76  -0.457592 -1.807592  0.003240 -0.363076 4.82450E-11
 ir  77  -0.490831 -1.810831  0.000001 -0.366315 4.51570E-11
 pt  78  -0.223164 -1.843164 -0.032331 -0.398647 8.48809E-11
 au  79  -1.010829 -1.810829  0.000004 -0.366313 1.39743E-11
 hg  80  -0.672448 -1.842448 -0.031616 -0.397932 3.10189E-11
 tl  81  -1.040833 -1.810833  0.000000 -0.366316 1.35325E-11
 pb  82   0.229160 -1.810840 -0.000007 -0.366323 2.55456E-10
 bi  83  -1.160827 -1.810827  0.000006 -0.366310 1.04965E-11
 po  84   0.000000 -9.000000  0.000000  0.000000 2.87319E-25
#[ls/Fe]_Thiswork =   0.0008, [hs/Fe]_Thiswork =  -0.0011
#[hs/ls]_Thiswork =  -0.0018, [Pb/hs]_Thiswork =   0.0011
# Elemental abundance ratios: 
# He/H =  9.3568E-02, C/O =  2.8373E-01, N/O = 3.47407E-01
#
#  TP   Mass     Mcore    Menv    log L
#  4 0.899972 0.549610 0.350362 3.414780
# El  Z   log e(X)   [X/H]    [X/Fe]     [X/O]      X(i)
  p   1  12.000000  0.000000  0.000000  0.000000 7.33301E-01
 he   2  10.970918  0.040917  1.851750  1.485434 2.72348E-01
  c   6   6.738437 -1.731563  0.079269 -0.287047 4.78452E-05
  n   7   6.825963 -1.044037  0.766796  0.400479 6.82543E-05
  o   8   7.285504 -1.444495  0.366337  0.000000 2.24605E-04
  f   9   2.623348 -1.836652 -0.025819 -0.392157 5.80601E-09
 ne  10   6.440701 -1.529299  0.281534 -0.084804 4.04989E-05
 na  11   4.466036 -1.843964 -0.033131 -0.399468 4.89099E-07
 mg  12   6.119999 -1.520001  0.290832 -0.075506 2.33086E-05
 al  13   4.540505 -1.929494 -0.118662 -0.484999 6.81398E-07
 si  14   5.877448 -1.672552  0.138280 -0.228057 1.54085E-05
  p  15   3.659125 -1.810874 -0.000042 -0.366379 1.02788E-07
  s  16   5.668540 -1.491459  0.319373 -0.046964 1.08741E-05
 cl  17   3.419115 -1.810885 -0.000052 -0.366390 6.77002E-08
 ar  18   4.973081 -1.466919  0.343914 -0.022424 2.73148E-06
  k  19   3.456442 -1.623558  0.187274 -0.179063 8.13614E-08
 ca  20   4.806640 -1.483360  0.327472 -0.038865 1.86796E-06
 sc  21   1.480136 -1.569864  0.240968 -0.125369 9.87972E-10
 ti  22   3.477905 -1.432095  0.378738  0.012401 1.04656E-07
  v  23   2.394959 -1.565041  0.245792 -0.120545 9.20147E-09
 cr  24   3.982035 -1.657965  0.152867 -0.213470 3.62932E-07
 mn  25   3.143404 -2.336596 -0.525764 -0.892101 5.56030E-08
 fe  26   5.729111 -1.810889  0.000000 -0.366394 2.17729E-05
 co  27   3.059109 -1.810891 -0.000002 -0.366396 4.91235E-08
 ni  28   4.389122 -1.810877  0.000011 -0.366382 1.04600E-06
 cu  29   1.965240 -2.284760 -0.473871 -0.840264 4.26727E-09
 zn  30   3.069450 -1.560550  0.250339 -0.116055 5.58354E-08
 ga  31   1.269108 -1.810892 -0.000003 -0.366397 9.42552E-10
 ge  32   1.734732 -1.845268 -0.034379 -0.400773 2.86899E-09
 as  33   0.489115 -1.810885  0.000004 -0.366390 1.68091E-10
 se  34   1.485191 -1.854809 -0.043920 -0.410313 1.75558E-09
 br  35   0.729119 -1.810881  0.000008 -0.366385 3.11537E-10
 kr  36   1.437545 -1.812455 -0.001566 -0.367960 1.66955E-09
 rb  37   0.533169 -1.826831 -0.015942 -0.382336 2.12224E-10
 sr  38   1.071409 -1.808591  0.002298 -0.364096 7.51336E-10
  y  39   0.359132 -1.810868  0.000021 -0.366373 1.47872E-10
 zr  40   0.719112 -1.810888  0.000001 -0.366392 3.47571E-10
 nb  41  -0.400882 -1.810882  0.000007 -0.366387 2.68525E-11
 mo  42   0.007931 -1.932069 -0.121181 -0.487574 7.10807E-11
 tc  43   0.000000 -9.000000  0.000000  0.000000 3.05957E-25
 ru  44  -0.181838 -1.941838 -0.130949 -0.497343 4.83734E-11
 rh  45  -0.750875 -1.810875  0.000013 -0.366380 1.32858E-11
 pd  46  -0.220080 -1.870080 -0.059192 -0.425585 4.66406E-11
 ag  47  -0.610892 -1.810892 -0.000004 -0.366397 1.92230E-11
 cd  48  -0.140618 -1.850618 -0.039730 -0.406123 5.91578E-11
 in  49  -1.069931 -1.829931 -0.019042 -0.385436 7.11050E-12
 sn  50   0.196677 -1.873323 -0.062434 -0.428828 1.35827E-10
 sb  51  -1.043423 -2.053423 -0.242534 -0.608927 8.01501E-12
 te  52  -0.098264 -2.278264 -0.467375 -0.833769 7.40302E-11
  i  53  -0.260892 -1.810892 -0.000003 -0.366397 5.06297E-11
 xe  54   0.392027 -1.847973 -0.037084 -0.403478 2.35554E-10
 cs  55  -0.730886 -1.810886  0.000003 -0.366390 1.79671E-11
 ba  56   0.368218 -1.811782 -0.000893 -0.367286 2.33236E-10
 la  57  -0.641286 -1.811286 -0.000397 -0.366791 2.30811E-11
 ce  58  -0.232791 -1.812791 -0.001902 -0.368296 5.96374E-11
 pr  59  -1.050890 -1.810890 -0.000001 -0.366395 9.11732E-12
 nd  60  -0.385892 -1.835892 -0.025003 -0.391397 4.31535E-11
 pm  61   0.000000 -9.000000  0.000000  0.000000 0.00000E+00
 sm  62  -1.000593 -1.940593 -0.129704 -0.496098 1.09235E-11
 eu  63  -1.300883 -1.810883  0.000005 -0.366388 5.52941E-12
 gd  64  -0.760888 -1.810888  0.000001 -0.366393 1.98392E-11
 tb  65  -1.490888 -1.810888  0.000001 -0.366392 3.73358E-12
 dy  66  -0.681542 -1.811542 -0.000654 -0.367047 2.46112E-11
 ho  67  -1.340884 -1.810884  0.000005 -0.366389 5.47315E-12
 er  68  -0.898513 -1.818513 -0.007624 -0.374018 1.53709E-11
 tm  69  -1.690886 -1.810886  0.000003 -0.366390 2.50411E-12
 yb  70  -0.951919 -1.871919 -0.061030 -0.427423 1.40621E-11
 lu  71  -1.722844 -1.812844 -0.001955 -0.368349 2.40954E-12
 hf  72  -1.101123 -1.811123 -0.000234 -0.366628 1.02876E-11
 ta  73  -1.930943 -1.810943 -0.000054 -0.366447 1.54324E-12
  w  74  -1.161420 -1.811420 -0.000531 -0.366925 9.22235E-12
 re  75  -1.594118 -1.854118 -0.043229 -0.409623 3.44905E-12
 os  76  -0.457648 -1.807648  0.003240 -0.363153 4.82450E-11
 ir  77  -0.490888 -1.810888  0.000001 -0.366392 4.51570E-11
 pt  78  -0.223220 -1.843220 -0.032331 -0.398725 8.48809E-11
 au  79  -1.010886 -1.810886  0.000003 -0.366391 1.39743E-11
 hg  80  -0.672505 -1.842505 -0.031617 -0.398010 3.10189E-11
 tl  81  -1.040889 -1.810889  0.000000 -0.366394 1.35325E-11
 pb  82   0.229104 -1.810896 -0.000007 -0.366401 2.55456E-10
 bi  83  -1.160883 -1.810883  0.000006 -0.366388 1.04965E-11
 po  84   0.000000 -9.000000  0.000000  0.000000 2.86100E-25
#[ls/Fe]_Thiswork =   0.0008, [hs/Fe]_Thiswork =  -0.0011
#[hs/ls]_Thiswork =  -0.0018, [Pb/hs]_Thiswork =   0.0011
# Elemental abundance ratios: 
# He/H =  9.3523E-02, C/O =  2.8375E-01, N/O = 3.47103E-01
#
#  TP   Mass     Mcore    Menv    log L
#  5 0.899963 0.557388 0.342575 3.479651
# El  Z   log e(X)   [X/H]    [X/Fe]     [X/O]      X(i)
  p   1  12.000000  0.000000  0.000000  0.000000 7.33331E-01
 he   2  10.970851  0.040851  1.851739  1.485346 2.72318E-01
  c   6   6.737759 -1.732241  0.078648 -0.287746 4.77725E-05
  n   7   6.826821 -1.043179  0.767710  0.401317 6.83922E-05
  o   8   7.285369 -1.444631  0.366258  0.000000 2.24544E-04
  f   9   2.622950 -1.837050 -0.026162 -0.392420 5.80092E-09
 ne  10   6.440675 -1.529325  0.281564 -0.084694 4.04982E-05
 na  11   4.466741 -1.843259 -0.032371 -0.398629 4.89914E-07
 mg  12   6.119979 -1.520021  0.290868 -0.075390 2.33085E-05
 al  13   4.540571 -1.929429 -0.118540 -0.484798 6.81530E-07
 si  14   5.877430 -1.672570  0.138319 -0.227940 1.54085E-05
  p  15   3.659107 -1.810893 -0.000004 -0.366262 1.02788E-07
  s  16   5.668522 -1.491477  0.319411 -0.046847 1.08741E-05
 cl  17   3.419097 -1.810903 -0.000014 -0.366272 6.77002E-08
 ar  18   4.973063 -1.466937  0.343952 -0.022306 2.73148E-06
  k  19   3.456424 -1.623576  0.187313 -0.178946 8.13614E-08
 ca  20   4.806622 -1.483378  0.327510 -0.038748 1.86796E-06
 sc  21   1.480118 -1.569882  0.241007 -0.125252 9.87972E-10
 ti  22   3.477887 -1.432113  0.378776  0.012518 1.04656E-07
  v  23   2.394941 -1.565059  0.245830 -0.120428 9.20147E-09
 cr  24   3.982017 -1.657983  0.152905 -0.213353 3.62932E-07
 mn  25   3.143386 -2.336614 -0.525725 -0.891984 5.56030E-08
 fe  26   5.729093 -1.810907  0.000000 -0.366276 2.17729E-05
 co  27   3.059091 -1.810909 -0.000002 -0.366279 4.91235E-08
 ni  28   4.389104 -1.810895  0.000011 -0.366265 1.04600E-06
 cu  29   1.965222 -2.284778 -0.473871 -0.840147 4.26727E-09
 zn  30   3.069432 -1.560568  0.250339 -0.115937 5.58354E-08
 ga  31   1.269090 -1.810910 -0.000003 -0.366280 9.42552E-10
 ge  32   1.734715 -1.845285 -0.034379 -0.400655 2.86899E-09
 as  33   0.489097 -1.810903  0.000004 -0.366273 1.68091E-10
 se  34   1.485173 -1.854827 -0.043920 -0.410196 1.75558E-09
 br  35   0.729101 -1.810899  0.000008 -0.366268 3.11537E-10
 kr  36   1.437527 -1.812473 -0.001566 -0.367843 1.66955E-09
 rb  37   0.533151 -1.826849 -0.015942 -0.382219 2.12224E-10
 sr  38   1.071391 -1.808609  0.002298 -0.363978 7.51336E-10
  y  39   0.359114 -1.810886  0.000021 -0.366256 1.47872E-10
 zr  40   0.719094 -1.810906  0.000001 -0.366275 3.47571E-10
 nb  41  -0.400900 -1.810900  0.000007 -0.366269 2.68525E-11
 mo  42   0.007913 -1.932087 -0.121181 -0.487457 7.10807E-11
 tc  43   0.000000 -9.000000  0.000000  0.000000 1.13337E-25
 ru  44  -0.181856 -1.941856 -0.130949 -0.497226 4.83734E-11
 rh  45  -0.750894 -1.810894  0.000013 -0.366263 1.32858E-11
 pd  46  -0.220098 -1.870098 -0.059192 -0.425468 4.66406E-11
 ag  47  -0.610910 -1.810910 -0.000004 -0.366280 1.92230E-11
 cd  48  -0.140636 -1.850636 -0.039730 -0.406006 5.91578E-11
 in  49  -1.069949 -1.829949 -0.019042 -0.385319 7.11050E-12
 sn  50   0.196659 -1.873341 -0.062434 -0.428710 1.35827E-10
 sb  51  -1.043441 -2.053441 -0.242534 -0.608810 8.01501E-12
 te  52  -0.098282 -2.278282 -0.467375 -0.833651 7.40302E-11
  i  53  -0.260910 -1.810910 -0.000003 -0.366279 5.06297E-11
 xe  54   0.392009 -1.847991 -0.037084 -0.403361 2.35554E-10
 cs  55  -0.730904 -1.810904  0.000003 -0.366273 1.79671E-11
 ba  56   0.368200 -1.811800 -0.000893 -0.367169 2.33236E-10
 la  57  -0.641304 -1.811304 -0.000397 -0.366673 2.30811E-11
 ce  58  -0.232809 -1.812809 -0.001902 -0.368178 5.96374E-11
 pr  59  -1.050908 -1.810908 -0.000001 -0.366277 9.11732E-12
 nd  60  -0.385910 -1.835910 -0.025003 -0.391279 4.31535E-11
 pm  61   0.000000 -9.000000  0.000000  0.000000 0.00000E+00
 sm  62  -1.000611 -1.940611 -0.129704 -0.495981 1.09235E-11
 eu  63  -1.300901 -1.810901  0.000005 -0.366271 5.52941E-12
 gd  64  -0.760906 -1.810906  0.000001 -0.366276 1.98392E-11
 tb  65  -1.490906 -1.810906  0.000001 -0.366275 3.73358E-12
 dy  66  -0.681561 -1.811561 -0.000654 -0.366930 2.46112E-11
 ho  67  -1.340902 -1.810902  0.000005 -0.366272 5.47315E-12
 er  68  -0.898531 -1.818531 -0.007624 -0.373900 1.53709E-11
 tm  69  -1.690904 -1.810904  0.000003 -0.366273 2.50411E-12
 yb  70  -0.951937 -1.871937 -0.061030 -0.427306 1.40621E-11
 lu  71  -1.722862 -1.812862 -0.001955 -0.368232 2.40954E-12
 hf  72  -1.101141 -1.811141 -0.000234 -0.366510 1.02876E-11
 ta  73  -1.930961 -1.810961 -0.000054 -0.366330 1.54324E-12
  w  74  -1.161438 -1.811438 -0.000531 -0.366807 9.22235E-12
 re  75  -1.594137 -1.854137 -0.043230 -0.409507 3.44904E-12
 os  76  -0.457666 -1.807666  0.003240 -0.363036 4.82450E-11
 ir  77  -0.490906 -1.810906  0.000001 -0.366275 4.51570E-11
 pt  78  -0.223238 -1.843238 -0.032331 -0.398607 8.48809E-11
 au  79  -1.010904 -1.810904  0.000003 -0.366274 1.39743E-11
 hg  80  -0.672523 -1.842523 -0.031617 -0.397893 3.10189E-11
 tl  81  -1.040907 -1.810907  0.000000 -0.366276 1.35325E-11
 pb  82   0.229086 -1.810914 -0.000007 -0.366283 2.55456E-10
 bi  83  -1.160901 -1.810901  0.000006 -0.366270 1.04965E-11
 po  84   0.000000 -9.000000  0.000000  0.000000 2.85698E-25
#[ls/Fe]_Thiswork =   0.0008, [hs/Fe]_Thiswork =  -0.0011
#[hs/ls]_Thiswork =  -0.0018, [Pb/hs]_Thiswork =   0.0011
# Elemental abundance ratios: 
# He/H =  9.3508E-02, C/O =  2.8339E-01, N/O = 3.47899E-01
#
#  TP   Mass     Mcore    Menv    log L
#  6 0.899948 0.566211 0.333737 3.537074
# El  Z   log e(X)   [X/H]    [X/Fe]     [X/O]      X(i)
  p   1  12.000000  0.000000  0.000000  0.000000 7.33585E-01
 he   2  10.970298  0.040298  1.851204  1.484928 2.72065E-01
  c   6   6.738153 -1.731847  0.079060 -0.287217 4.78323E-05
  n   7   6.826368 -1.043632  0.767275  0.400999 6.83444E-05
  o   8   7.285171 -1.444829  0.366078  0.000000 2.24519E-04
  f   9   2.622604 -1.837396 -0.026489 -0.392567 5.79832E-09
 ne  10   6.440532 -1.529468  0.281439 -0.084639 4.04989E-05
 na  11   4.465923 -1.844077 -0.033170 -0.399248 4.89161E-07
 mg  12   6.119824 -1.520176  0.290731 -0.075347 2.33082E-05
 al  13   4.540609 -1.929390 -0.118484 -0.484561 6.81825E-07
 si  14   5.877280 -1.672720  0.138187 -0.227891 1.54085E-05
  p  15   3.658957 -1.811042 -0.000135 -0.366213 1.02788E-07
  s  16   5.668373 -1.491627  0.319280 -0.046798 1.08741E-05
 cl  17   3.418947 -1.811053 -0.000146 -0.366224 6.77002E-08
 ar  18   4.972913 -1.467087  0.343820 -0.022258 2.73148E-06
  k  19   3.456274 -1.623726  0.187181 -0.178897 8.13614E-08
 ca  20   4.806472 -1.483528  0.327379 -0.038699 1.86796E-06
 sc  21   1.479967 -1.570033  0.240874 -0.125204 9.87972E-10
 ti  22   3.477737 -1.432262  0.378644  0.012567 1.04656E-07
  v  23   2.394792 -1.565208  0.245698 -0.120379 9.20147E-09
 cr  24   3.981866 -1.658134  0.152773 -0.213305 3.62932E-07
 mn  25   3.143235 -2.336765 -0.525858 -0.891936 5.56030E-08
 fe  26   5.728943 -1.811057  0.000000 -0.366228 2.17729E-05
 co  27   3.058941 -1.811059 -0.000002 -0.366230 4.91235E-08
 ni  28   4.388955 -1.811045  0.000011 -0.366216 1.04600E-06
 cu  29   1.965073 -2.284927 -0.473871 -0.840098 4.26727E-09
 zn  30   3.069283 -1.560718  0.250339 -0.115889 5.58354E-08
 ga  31   1.268940 -1.811060 -0.000003 -0.366231 9.42552E-10
 ge  32   1.734564 -1.845436 -0.034379 -0.400607 2.86899E-09
 as  33   0.488947 -1.811053  0.000004 -0.366224 1.68091E-10
 se  34   1.485023 -1.854976 -0.043920 -0.410147 1.75558E-09
 br  35   0.728951 -1.811049  0.000007 -0.366220 3.11537E-10
 kr  36   1.437376 -1.812624 -0.001567 -0.367795 1.66955E-09
 rb  37   0.533000 -1.827000 -0.015943 -0.382171 2.12223E-10
 sr  38   1.071241 -1.808759  0.002298 -0.363930 7.51336E-10
  y  39   0.358964 -1.811036  0.000021 -0.366207 1.47872E-10
 zr  40   0.718945 -1.811055  0.000001 -0.366226 3.47571E-10
 nb  41  -0.401050 -1.811050  0.000007 -0.366221 2.68525E-11
 mo  42   0.007763 -1.932237 -0.121181 -0.487408 7.10807E-11
 tc  43   0.000000 -9.000000  0.000000  0.000000 4.32184E-26
 ru  44  -0.182006 -1.942006 -0.130949 -0.497177 4.83734E-11
 rh  45  -0.751043 -1.811043  0.000013 -0.366214 1.32858E-11
 pd  46  -0.220248 -1.870248 -0.059192 -0.425419 4.66406E-11
 ag  47  -0.611060 -1.811060 -0.000004 -0.366231 1.92230E-11
 cd  48  -0.140786 -1.850786 -0.039730 -0.405957 5.91578E-11
 in  49  -1.070099 -1.830099 -0.019042 -0.385270 7.11050E-12
 sn  50   0.196508 -1.873492 -0.062435 -0.428663 1.35827E-10
 sb  51  -1.043591 -2.053591 -0.242534 -0.608762 8.01501E-12
 te  52  -0.098432 -2.278432 -0.467375 -0.833603 7.40302E-11
  i  53  -0.261060 -1.811060 -0.000003 -0.366231 5.06297E-11
 xe  54   0.391859 -1.848141 -0.037084 -0.403312 2.35554E-10
 cs  55  -0.731054 -1.811054  0.000002 -0.366225 1.79671E-11
 ba  56   0.368050 -1.811950 -0.000894 -0.367121 2.33236E-10
 la  57  -0.641454 -1.811454 -0.000397 -0.366625 2.30811E-11
 ce  58  -0.232959 -1.812959 -0.001902 -0.368130 5.96374E-11
 pr  59  -1.051058 -1.811058 -0.000001 -0.366229 9.11732E-12
 nd  60  -0.386060 -1.836060 -0.025003 -0.391231 4.31535E-11
 pm  61   0.000000 -9.000000  0.000000  0.000000 0.00000E+00
 sm  62  -1.000762 -1.940762 -0.129705 -0.495933 1.09235E-11
 eu  63  -1.301051 -1.811051  0.000005 -0.366222 5.52941E-12
 gd  64  -0.761056 -1.811056  0.000001 -0.366227 1.98392E-11
 tb  65  -1.491056 -1.811056  0.000000 -0.366227 3.73358E-12
 dy  66  -0.681710 -1.811710 -0.000654 -0.366881 2.46112E-11
 ho  67  -1.341052 -1.811052  0.000005 -0.366223 5.47315E-12
 er  68  -0.898681 -1.818681 -0.007624 -0.373852 1.53709E-11
 tm  69  -1.691054 -1.811054  0.000002 -0.366225 2.50411E-12
 yb  70  -0.952086 -1.872087 -0.061030 -0.427258 1.40621E-11
 lu  71  -1.723012 -1.813012 -0.001955 -0.368183 2.40954E-12
 hf  72  -1.101292 -1.811292 -0.000235 -0.366463 1.02876E-11
 ta  73  -1.931111 -1.811111 -0.000055 -0.366282 1.54324E-12
  w  74  -1.161588 -1.811588 -0.000531 -0.366759 9.22235E-12
 re  75  -1.594289 -1.854289 -0.043232 -0.409460 3.44903E-12
 os  76  -0.457816 -1.807816  0.003240 -0.362987 4.82450E-11
 ir  77  -0.491056 -1.811056  0.000000 -0.366228 4.51570E-11
 pt  78  -0.223388 -1.843388 -0.032331 -0.398559 8.48809E-11
 au  79  -1.011054 -1.811054  0.000003 -0.366225 1.39743E-11
 hg  80  -0.672673 -1.842673 -0.031617 -0.397844 3.10189E-11
 tl  81  -1.041058 -1.811058 -0.000001 -0.366229 1.35325E-11
 pb  82   0.228936 -1.811064 -0.000007 -0.366235 2.55456E-10
 bi  83  -1.161052 -1.811052  0.000005 -0.366223 1.04965E-11
 po  84   0.000000 -9.000000  0.000000  0.000000 2.82367E-25
#[ls/Fe]_Thiswork =   0.0008, [hs/Fe]_Thiswork =  -0.0011
#[hs/ls]_Thiswork =  -0.0018, [Pb/hs]_Thiswork =   0.0011
# Elemental abundance ratios: 
# He/H =  9.3389E-02, C/O =  2.8378E-01, N/O = 3.47694E-01
#
#  TP   Mass     Mcore    Menv    log L
#  7 0.899921 0.575576 0.324345 3.586447
# El  Z   log e(X)   [X/H]    [X/Fe]     [X/O]      X(i)
  p   1  12.000000  0.000000  0.000000  0.000000 7.33808E-01
 he   2  10.969810  0.039809  1.850866  1.484638 2.71842E-01
  c   6   6.738444 -1.731556  0.079500 -0.286727 4.78790E-05
  n   7   6.826352 -1.043648  0.767408  0.401181 6.83626E-05
  o   8   7.284878 -1.445122  0.365935  0.000000 2.24436E-04
  f   9   2.622186 -1.837814 -0.026758 -0.392693 5.79449E-09
 ne  10   6.440390 -1.529610  0.281446 -0.084488 4.04979E-05
 na  11   4.466730 -1.843270 -0.032213 -0.398148 4.90220E-07
 mg  12   6.119678 -1.520321  0.290735 -0.075200 2.33075E-05
 al  13   4.541008 -1.928991 -0.117935 -0.483870 6.82660E-07
 si  14   5.877148 -1.672852  0.138205 -0.227730 1.54085E-05
  p  15   3.658825 -1.811175 -0.000118 -0.366053 1.02788E-07
  s  16   5.668240 -1.491760  0.319297 -0.046638 1.08741E-05
 cl  17   3.418815 -1.811185 -0.000129 -0.366064 6.77002E-08
 ar  18   4.972781 -1.467219  0.343837 -0.022098 2.73148E-06
  k  19   3.456141 -1.623858  0.187198 -0.178737 8.13614E-08
 ca  20   4.806339 -1.483661  0.327396 -0.038539 1.86796E-06
 sc  21   1.479836 -1.570164  0.240892 -0.125043 9.87972E-10
 ti  22   3.477605 -1.432395  0.378662  0.012727 1.04656E-07
  v  23   2.394659 -1.565341  0.245716 -0.120219 9.20147E-09
 cr  24   3.981734 -1.658266  0.152791 -0.213144 3.62932E-07
 mn  25   3.143104 -2.336896 -0.525840 -0.891775 5.56030E-08
 fe  26   5.728811 -1.811189  0.000000 -0.366067 2.17729E-05
 co  27   3.058808 -1.811192 -0.000002 -0.366070 4.91235E-08
 ni  28   4.388822 -1.811178  0.000011 -0.366056 1.04600E-06
 cu  29   1.964940 -2.285060 -0.473871 -0.839938 4.26727E-09
 zn  30   3.069150 -1.560850  0.250339 -0.115728 5.58354E-08
 ga  31   1.268807 -1.811193 -0.000003 -0.366071 9.42552E-10
 ge  32   1.734432 -1.845568 -0.034379 -0.400446 2.86899E-09
 as  33   0.488814 -1.811186  0.000004 -0.366064 1.68091E-10
 se  34   1.484892 -1.855108 -0.043919 -0.409986 1.75558E-09
 br  35   0.728819 -1.811181  0.000008 -0.366059 3.11537E-10
 kr  36   1.437244 -1.812756 -0.001566 -0.367634 1.66955E-09
 rb  37   0.532867 -1.827132 -0.015943 -0.382011 2.12223E-10
 sr  38   1.071110 -1.808890  0.002299 -0.363769 7.51337E-10
  y  39   0.358831 -1.811169  0.000021 -0.366047 1.47872E-10
 zr  40   0.718812 -1.811188  0.000001 -0.366066 3.47571E-10
 nb  41  -0.401181 -1.811181  0.000008 -0.366059 2.68525E-11
 mo  42   0.007630 -1.932370 -0.121181 -0.487248 7.10807E-11
 tc  43   0.000000 -9.000000  0.000000  0.000000 1.78536E-26
 ru  44  -0.182137 -1.942137 -0.130948 -0.497016 4.83734E-11
 rh  45  -0.751175 -1.811175  0.000014 -0.366053 1.32858E-11
 pd  46  -0.220381 -1.870381 -0.059192 -0.425259 4.66406E-11
 ag  47  -0.611193 -1.811193 -0.000004 -0.366071 1.92230E-11
 cd  48  -0.140919 -1.850919 -0.039730 -0.405797 5.91578E-11
 in  49  -1.070231 -1.830231 -0.019042 -0.385110 7.11050E-12
 sn  50   0.196377 -1.873623 -0.062434 -0.428501 1.35827E-10
 sb  51  -1.043723 -2.053723 -0.242534 -0.608601 8.01501E-12
 te  52  -0.098563 -2.278563 -0.467374 -0.833441 7.40302E-11
  i  53  -0.261192 -1.811192 -0.000003 -0.366071 5.06297E-11
 xe  54   0.391726 -1.848274 -0.037084 -0.403152 2.35554E-10
 cs  55  -0.731186 -1.811186  0.000003 -0.366064 1.79671E-11
 ba  56   0.367918 -1.812082 -0.000893 -0.366960 2.33236E-10
 la  57  -0.641586 -1.811586 -0.000397 -0.366464 2.30811E-11
 ce  58  -0.233091 -1.813091 -0.001902 -0.367970 5.96374E-11
 pr  59  -1.051190 -1.811190 -0.000001 -0.366069 9.11732E-12
 nd  60  -0.386191 -1.836191 -0.025002 -0.391070 4.31535E-11
 pm  61   0.000000 -9.000000  0.000000  0.000000 0.00000E+00
 sm  62  -1.000894 -1.940894 -0.129704 -0.495772 1.09235E-11
 eu  63  -1.301184 -1.811184  0.000005 -0.366062 5.52941E-12
 gd  64  -0.761189 -1.811188  0.000001 -0.366067 1.98392E-11
 tb  65  -1.491188 -1.811188  0.000001 -0.366066 3.73358E-12
 dy  66  -0.681843 -1.811843 -0.000654 -0.366721 2.46112E-11
 ho  67  -1.341185 -1.811185  0.000005 -0.366063 5.47315E-12
 er  68  -0.898813 -1.818813 -0.007624 -0.373692 1.53709E-11
 tm  69  -1.691186 -1.811186  0.000003 -0.366064 2.50411E-12
 yb  70  -0.952219 -1.872219 -0.061030 -0.427097 1.40621E-11
 lu  71  -1.723145 -1.813145 -0.001955 -0.368023 2.40954E-12
 hf  72  -1.101423 -1.811423 -0.000234 -0.366302 1.02876E-11
 ta  73  -1.931243 -1.811243 -0.000054 -0.366121 1.54324E-12
  w  74  -1.161720 -1.811720 -0.000531 -0.366598 9.22235E-12
 re  75  -1.594422 -1.854422 -0.043233 -0.409301 3.44902E-12
 os  76  -0.457948 -1.807948  0.003241 -0.362826 4.82451E-11
 ir  77  -0.491188 -1.811188  0.000001 -0.366066 4.51570E-11
 pt  78  -0.223520 -1.843520 -0.032331 -0.398399 8.48809E-11
 au  79  -1.011186 -1.811186  0.000004 -0.366064 1.39743E-11
 hg  80  -0.672805 -1.842805 -0.031616 -0.397683 3.10189E-11
 tl  81  -1.041189 -1.811189  0.000000 -0.366067 1.35325E-11
 pb  82   0.228804 -1.811196 -0.000007 -0.366075 2.55456E-10
 bi  83  -1.161183 -1.811183  0.000006 -0.366062 1.04965E-11
 po  84   0.000000 -9.000000  0.000000  0.000000 2.79310E-25
#[ls/Fe]_Thiswork =   0.0008, [hs/Fe]_Thiswork =  -0.0011
#[hs/ls]_Thiswork =  -0.0018, [Pb/hs]_Thiswork =   0.0011
# Elemental abundance ratios: 
# He/H =  9.3284E-02, C/O =  2.8416E-01, N/O = 3.47916E-01
#
#  TP   Mass     Mcore    Menv    log L
#  8 0.899869 0.585209 0.314660 3.630871
# El  Z   log e(X)   [X/H]    [X/Fe]     [X/O]      X(i)
  p   1  12.000000  0.000000  0.000000  0.000000 7.33981E-01
 he   2  10.969431  0.039431  1.850620  1.484552 2.71669E-01
  c   6   6.738656 -1.731345  0.079844 -0.286223 4.79136E-05
  n   7   6.826734 -1.043266  0.767923  0.401856 6.84390E-05
  o   8   7.284517 -1.445482  0.365707  0.000000 2.24303E-04
  f   9   2.621712 -1.838288 -0.027099 -0.392806 5.78953E-09
 ne  10   6.440253 -1.529747  0.281442 -0.084265 4.04947E-05
 na  11   4.468987 -1.841013 -0.029824 -0.395531 4.92890E-07
 mg  12   6.119565 -1.520435  0.290754 -0.074953 2.33069E-05
 al  13   4.542047 -1.927953 -0.116764 -0.482471 6.84456E-07
 si  14   5.877047 -1.672953  0.138236 -0.227471 1.54085E-05
  p  15   3.658723 -1.811277 -0.000088 -0.365795 1.02788E-07
  s  16   5.668138 -1.491862  0.319327 -0.046380 1.08741E-05
 cl  17   3.418715 -1.811285 -0.000096 -0.365803 6.77004E-08
 ar  18   4.972678 -1.467322  0.343867 -0.021840 2.73148E-06
  k  19   3.456039 -1.623960  0.187229 -0.178478 8.13614E-08
 ca  20   4.806237 -1.483763  0.327426 -0.038280 1.86796E-06
 sc  21   1.479733 -1.570267  0.240922 -0.124785 9.87972E-10
 ti  22   3.477503 -1.432497  0.378692  0.012985 1.04656E-07
  v  23   2.394557 -1.565443  0.245746 -0.119961 9.20147E-09
 cr  24   3.981631 -1.658369  0.152821 -0.212886 3.62932E-07
 mn  25   3.143001 -2.336999 -0.525810 -0.891517 5.56030E-08
 fe  26   5.728709 -1.811291  0.000000 -0.365809 2.17729E-05
 co  27   3.058706 -1.811294 -0.000002 -0.365811 4.91235E-08
 ni  28   4.388720 -1.811280  0.000011 -0.365798 1.04600E-06
 cu  29   1.964837 -2.285163 -0.473872 -0.839681 4.26727E-09
 zn  30   3.069048 -1.560952  0.250339 -0.115470 5.58354E-08
 ga  31   1.268705 -1.811295 -0.000003 -0.365812 9.42552E-10
 ge  32   1.734329 -1.845671 -0.034379 -0.400188 2.86899E-09
 as  33   0.488712 -1.811288  0.000004 -0.365805 1.68091E-10
 se  34   1.484789 -1.855211 -0.043920 -0.409729 1.75558E-09
 br  35   0.728716 -1.811284  0.000007 -0.365802 3.11537E-10
 kr  36   1.437141 -1.812859 -0.001567 -0.367376 1.66955E-09
 rb  37   0.532764 -1.827235 -0.015944 -0.381753 2.12223E-10
 sr  38   1.071007 -1.808993  0.002298 -0.363511 7.51337E-10
  y  39   0.358729 -1.811271  0.000021 -0.365788 1.47872E-10
 zr  40   0.718710 -1.811290  0.000001 -0.365808 3.47571E-10
 nb  41  -0.401284 -1.811284  0.000007 -0.365802 2.68525E-11
 mo  42   0.007528 -1.932472 -0.121181 -0.486989 7.10807E-11
 tc  43   0.000000 -9.000000  0.000000  0.000000 9.47856E-27
 ru  44  -0.182240 -1.942240 -0.130949 -0.496758 4.83734E-11
 rh  45  -0.751278 -1.811278  0.000013 -0.365796 1.32858E-11
 pd  46  -0.220483 -1.870483 -0.059192 -0.425001 4.66406E-11
 ag  47  -0.611295 -1.811295 -0.000004 -0.365813 1.92230E-11
 cd  48  -0.141021 -1.851021 -0.039730 -0.405539 5.91578E-11
 in  49  -1.070333 -1.830333 -0.019042 -0.384851 7.11050E-12
 sn  50   0.196274 -1.873726 -0.062435 -0.428244 1.35827E-10
 sb  51  -1.043825 -2.053825 -0.242534 -0.608343 8.01501E-12
 te  52  -0.098666 -2.278666 -0.467375 -0.833184 7.40302E-11
  i  53  -0.261294 -1.811294 -0.000003 -0.365812 5.06297E-11
 xe  54   0.391624 -1.848376 -0.037084 -0.402893 2.35554E-10
 cs  55  -0.731289 -1.811289  0.000002 -0.365807 1.79671E-11
 ba  56   0.367815 -1.812185 -0.000894 -0.366703 2.33236E-10
 la  57  -0.641688 -1.811688 -0.000397 -0.366206 2.30811E-11
 ce  58  -0.233193 -1.813193 -0.001902 -0.367711 5.96374E-11
 pr  59  -1.051292 -1.811292 -0.000001 -0.365810 9.11732E-12
 nd  60  -0.386294 -1.836294 -0.025003 -0.390812 4.31535E-11
 pm  61   0.000000 -9.000000  0.000000  0.000000 0.00000E+00
 sm  62  -1.000997 -1.940997 -0.129705 -0.495514 1.09235E-11
 eu  63  -1.301286 -1.811286  0.000005 -0.365803 5.52941E-12
 gd  64  -0.761291 -1.811291  0.000001 -0.365808 1.98392E-11
 tb  65  -1.491291 -1.811291  0.000000 -0.365809 3.73358E-12
 dy  66  -0.681945 -1.811945 -0.000654 -0.366463 2.46112E-11
 ho  67  -1.341287 -1.811287  0.000005 -0.365804 5.47315E-12
 er  68  -0.898915 -1.818915 -0.007624 -0.373433 1.53709E-11
 tm  69  -1.691289 -1.811289  0.000002 -0.365807 2.50411E-12
 yb  70  -0.952321 -1.872321 -0.061030 -0.426839 1.40621E-11
 lu  71  -1.723247 -1.813247 -0.001955 -0.367764 2.40954E-12
 hf  72  -1.101526 -1.811526 -0.000235 -0.366044 1.02876E-11
 ta  73  -1.931346 -1.811346 -0.000055 -0.365864 1.54324E-12
  w  74  -1.161822 -1.811822 -0.000531 -0.366340 9.22235E-12
 re  75  -1.594525 -1.854525 -0.043234 -0.409043 3.44901E-12
 os  76  -0.458051 -1.808051  0.003240 -0.362568 4.82451E-11
 ir  77  -0.491291 -1.811291  0.000000 -0.365809 4.51570E-11
 pt  78  -0.223622 -1.843622 -0.032331 -0.398140 8.48809E-11
 au  79  -1.011289 -1.811289  0.000003 -0.365806 1.39743E-11
 hg  80  -0.672908 -1.842908 -0.031617 -0.397426 3.10189E-11
 tl  81  -1.041292 -1.811292 -0.000001 -0.365810 1.35325E-11
 pb  82   0.228702 -1.811298 -0.000007 -0.365816 2.55456E-10
 bi  83  -1.161286 -1.811286  0.000005 -0.365804 1.04965E-11
 po  84   0.000000 -9.000000  0.000000  0.000000 2.76524E-25
#[ls/Fe]_Thiswork =   0.0008, [hs/Fe]_Thiswork =  -0.0011
#[hs/ls]_Thiswork =  -0.0018, [Pb/hs]_Thiswork =   0.0011
# Elemental abundance ratios: 
# He/H =  9.3203E-02, C/O =  2.8454E-01, N/O = 3.48511E-01
#
#  TP   Mass     Mcore    Menv    log L
#  9 0.899760 0.594909 0.304850 3.671228
# El  Z   log e(X)   [X/H]    [X/Fe]     [X/O]      X(i)
  p   1  12.000000  0.000000  0.000000  0.000000 7.34068E-01
 he   2  10.969240  0.039240  1.850531  1.484722 2.71582E-01
  c   6   6.738708 -1.731292  0.079999 -0.285810 4.79251E-05
  n   7   6.827529 -1.042471  0.768820  0.403011 6.85725E-05
  o   8   7.284141 -1.445859  0.365432  0.000000 2.24135E-04
  f   9   2.621220 -1.838780 -0.027489 -0.392921 5.78366E-09
 ne  10   6.440146 -1.529854  0.281437 -0.083995 4.04896E-05
 na  11   4.471490 -1.838510 -0.027218 -0.392651 4.95799E-07
 mg  12   6.119485 -1.520515  0.290776 -0.074656 2.33054E-05
 al  13   4.545023 -1.924977 -0.113686 -0.479118 6.89244E-07
 si  14   5.877006 -1.672995  0.138297 -0.227136 1.54089E-05
  p  15   3.658671 -1.811328 -0.000037 -0.365469 1.02788E-07
  s  16   5.668087 -1.491913  0.319378 -0.046054 1.08741E-05
 cl  17   3.418668 -1.811332 -0.000041 -0.365473 6.77012E-08
 ar  18   4.972627 -1.467373  0.343918 -0.021514 2.73148E-06
  k  19   3.455988 -1.624012  0.187279 -0.178153 8.13614E-08
 ca  20   4.806186 -1.483814  0.327477 -0.037955 1.86796E-06
 sc  21   1.479681 -1.570319  0.240972 -0.124460 9.87972E-10
 ti  22   3.477451 -1.432549  0.378743  0.013310 1.04656E-07
  v  23   2.394506 -1.565495  0.245797 -0.119636 9.20147E-09
 cr  24   3.981580 -1.658420  0.152871 -0.212561 3.62932E-07
 mn  25   3.142949 -2.337051 -0.525760 -0.891192 5.56030E-08
 fe  26   5.728657 -1.811343  0.000000 -0.365484 2.17729E-05
 co  27   3.058655 -1.811345 -0.000002 -0.365486 4.91235E-08
 ni  28   4.388669 -1.811331  0.000011 -0.365472 1.04600E-06
 cu  29   1.964787 -2.285213 -0.473871 -0.839355 4.26727E-09
 zn  30   3.068996 -1.561004  0.250339 -0.115145 5.58354E-08
 ga  31   1.268654 -1.811346 -0.000003 -0.365487 9.42552E-10
 ge  32   1.734278 -1.845722 -0.034379 -0.399863 2.86899E-09
 as  33   0.488661 -1.811339  0.000004 -0.365480 1.68091E-10
 se  34   1.484737 -1.855263 -0.043920 -0.409404 1.75558E-09
 br  35   0.728664 -1.811336  0.000007 -0.365477 3.11537E-10
 kr  36   1.437090 -1.812910 -0.001567 -0.367051 1.66955E-09
 rb  37   0.532713 -1.827287 -0.015944 -0.381428 2.12223E-10
 sr  38   1.070956 -1.809044  0.002299 -0.363185 7.51337E-10
  y  39   0.358678 -1.811322  0.000021 -0.365463 1.47872E-10
 zr  40   0.718658 -1.811342  0.000001 -0.365483 3.47571E-10
 nb  41  -0.401336 -1.811336  0.000007 -0.365477 2.68525E-11
 mo  42   0.007477 -1.932523 -0.121181 -0.486664 7.10807E-11
 tc  43   0.000000 -9.000000  0.000000  0.000000 1.99843E-26
 ru  44  -0.182292 -1.942292 -0.130949 -0.496433 4.83734E-11
 rh  45  -0.751329 -1.811329  0.000013 -0.365470 1.32858E-11
 pd  46  -0.220534 -1.870534 -0.059192 -0.424675 4.66406E-11
 ag  47  -0.611346 -1.811346 -0.000004 -0.365487 1.92230E-11
 cd  48  -0.141072 -1.851072 -0.039730 -0.405213 5.91578E-11
 in  49  -1.070385 -1.830385 -0.019042 -0.384526 7.11050E-12
 sn  50   0.196222 -1.873778 -0.062435 -0.427919 1.35827E-10
 sb  51  -1.043877 -2.053877 -0.242534 -0.608018 8.01501E-12
 te  52  -0.098718 -2.278718 -0.467375 -0.832859 7.40302E-11
  i  53  -0.261346 -1.811346 -0.000003 -0.365487 5.06297E-11
 xe  54   0.391573 -1.848427 -0.037084 -0.402568 2.35554E-10
 cs  55  -0.731340 -1.811340  0.000002 -0.365481 1.79671E-11
 ba  56   0.367764 -1.812237 -0.000894 -0.366378 2.33236E-10
 la  57  -0.641740 -1.811740 -0.000397 -0.365881 2.30811E-11
 ce  58  -0.233245 -1.813245 -0.001902 -0.367386 5.96374E-11
 pr  59  -1.051344 -1.811344 -0.000001 -0.365485 9.11732E-12
 nd  60  -0.386346 -1.836346 -0.025003 -0.390487 4.31535E-11
 pm  61   0.000000 -9.000000  0.000000  0.000000 0.00000E+00
 sm  62  -1.001048 -1.941048 -0.129705 -0.495189 1.09235E-11
 eu  63  -1.301337 -1.811337  0.000005 -0.365478 5.52941E-12
 gd  64  -0.761342 -1.811342  0.000001 -0.365483 1.98392E-11
 tb  65  -1.491343 -1.811342  0.000000 -0.365484 3.73358E-12
 dy  66  -0.681996 -1.811996 -0.000654 -0.366137 2.46112E-11
 ho  67  -1.341338 -1.811338  0.000005 -0.365479 5.47315E-12
 er  68  -0.898967 -1.818967 -0.007624 -0.373108 1.53709E-11
 tm  69  -1.691340 -1.811340  0.000002 -0.365481 2.50411E-12
 yb  70  -0.952373 -1.872373 -0.061030 -0.426514 1.40621E-11
 lu  71  -1.723298 -1.813298 -0.001955 -0.367439 2.40954E-12
 hf  72  -1.101578 -1.811578 -0.000235 -0.365719 1.02876E-11
 ta  73  -1.931397 -1.811397 -0.000055 -0.365538 1.54324E-12
  w  74  -1.161874 -1.811874 -0.000531 -0.366015 9.22235E-12
 re  75  -1.594578 -1.854578 -0.043235 -0.408719 3.44900E-12
 os  76  -0.458102 -1.808102  0.003240 -0.362243 4.82451E-11
 ir  77  -0.491343 -1.811343  0.000000 -0.365484 4.51570E-11
 pt  78  -0.223674 -1.843674 -0.032331 -0.397815 8.48809E-11
 au  79  -1.011340 -1.811340  0.000003 -0.365481 1.39743E-11
 hg  80  -0.672959 -1.842959 -0.031617 -0.397100 3.10189E-11
 tl  81  -1.041344 -1.811344 -0.000001 -0.365485 1.35325E-11
 pb  82   0.228650 -1.811350 -0.000007 -0.365491 2.55456E-10
 bi  83  -1.161338 -1.811338  0.000005 -0.365479 1.04965E-11
 po  84   0.000000 -9.000000  0.000000  0.000000 2.74806E-25
#[ls/Fe]_Thiswork =   0.0008, [hs/Fe]_Thiswork =  -0.0011
#[hs/ls]_Thiswork =  -0.0018, [Pb/hs]_Thiswork =   0.0011
# Elemental abundance ratios: 
# He/H =  9.3162E-02, C/O =  2.8482E-01, N/O = 3.49453E-01
#
#  TP   Mass     Mcore    Menv    log L
# 10 0.899506 0.604589 0.294918 3.708604
# El  Z   log e(X)   [X/H]    [X/Fe]     [X/O]      X(i)
  p   1  12.000000  0.000000  0.000000  0.000000 7.33945E-01
 he   2  10.969507  0.039507  1.850850  1.485366 2.71704E-01
  c   6   6.738240 -1.731761  0.079582 -0.285902 4.78654E-05
  n   7   6.829431 -1.040569  0.770774  0.405290 6.88619E-05
  o   8   7.283727 -1.446273  0.365070  0.000000 2.23884E-04
  f   9   2.620651 -1.839349 -0.028006 -0.393076 5.77514E-09
 ne  10   6.440114 -1.529885  0.281457 -0.083612 4.04798E-05
 na  11   4.474918 -1.835082 -0.023739 -0.388809 4.99643E-07
 mg  12   6.119453 -1.520546  0.290796 -0.074274 2.32998E-05
 al  13   4.552863 -1.917137 -0.105794 -0.470864 7.01681E-07
 si  14   5.877144 -1.672856  0.138487 -0.226583 1.54112E-05
  p  15   3.658744 -1.811256  0.000087 -0.364983 1.02788E-07
  s  16   5.668159 -1.491841  0.319502 -0.045568 1.08741E-05
 cl  17   3.418756 -1.811244  0.000098 -0.364972 6.77036E-08
 ar  18   4.972700 -1.467300  0.344042 -0.021028 2.73148E-06
  k  19   3.456061 -1.623939  0.187404 -0.177666 8.13614E-08
 ca  20   4.806258 -1.483742  0.327601 -0.037469 1.86796E-06
 sc  21   1.479754 -1.570246  0.241097 -0.123973 9.87972E-10
 ti  22   3.477524 -1.432476  0.378867  0.013797 1.04656E-07
  v  23   2.394578 -1.565422  0.245921 -0.119149 9.20147E-09
 cr  24   3.981653 -1.658347  0.152996 -0.212074 3.62932E-07
 mn  25   3.143023 -2.336977 -0.525635 -0.890705 5.56030E-08
 fe  26   5.728730 -1.811270  0.000000 -0.364997 2.17729E-05
 co  27   3.058727 -1.811273 -0.000002 -0.365000 4.91235E-08
 ni  28   4.388741 -1.811259  0.000011 -0.364986 1.04600E-06
 cu  29   1.964859 -2.285141 -0.473871 -0.838868 4.26727E-09
 zn  30   3.069069 -1.560931  0.250339 -0.114658 5.58354E-08
 ga  31   1.268726 -1.811274 -0.000003 -0.365001 9.42552E-10
 ge  32   1.734351 -1.845649 -0.034379 -0.399376 2.86899E-09
 as  33   0.488733 -1.811267  0.000004 -0.364994 1.68091E-10
 se  34   1.484810 -1.855190 -0.043920 -0.408917 1.75558E-09
 br  35   0.728738 -1.811262  0.000008 -0.364989 3.11537E-10
 kr  36   1.437163 -1.812837 -0.001566 -0.366564 1.66955E-09
 rb  37   0.532785 -1.827214 -0.015944 -0.380942 2.12223E-10
 sr  38   1.071029 -1.808971  0.002299 -0.362699 7.51337E-10
  y  39   0.358750 -1.811250  0.000021 -0.364977 1.47872E-10
 zr  40   0.718731 -1.811269  0.000001 -0.364996 3.47571E-10
 nb  41  -0.401262 -1.811262  0.000008 -0.364989 2.68525E-11
 mo  42   0.007549 -1.932451 -0.121181 -0.486178 7.10807E-11
 tc  43   0.000000 -9.000000  0.000000  0.000000 2.86702E-25
 ru  44  -0.182219 -1.942219 -0.130948 -0.495946 4.83734E-11
 rh  45  -0.751257 -1.811257  0.000013 -0.364984 1.32858E-11
 pd  46  -0.220462 -1.870462 -0.059192 -0.424189 4.66406E-11
 ag  47  -0.611274 -1.811274 -0.000004 -0.365001 1.92230E-11
 cd  48  -0.141000 -1.851000 -0.039730 -0.404727 5.91578E-11
 in  49  -1.070312 -1.830312 -0.019042 -0.384040 7.11050E-12
 sn  50   0.196296 -1.873704 -0.062434 -0.427431 1.35827E-10
 sb  51  -1.043804 -2.053804 -0.242534 -0.607531 8.01501E-12
 te  52  -0.098645 -2.278645 -0.467375 -0.832372 7.40302E-11
  i  53  -0.261273 -1.811273 -0.000003 -0.365000 5.06297E-11
 xe  54   0.391645 -1.848355 -0.037084 -0.402082 2.35554E-10
 cs  55  -0.731267 -1.811267  0.000003 -0.364994 1.79671E-11
 ba  56   0.367837 -1.812163 -0.000893 -0.365890 2.33236E-10
 la  57  -0.641667 -1.811667 -0.000397 -0.365394 2.30811E-11
 ce  58  -0.233172 -1.813172 -0.001902 -0.366900 5.96374E-11
 pr  59  -1.051271 -1.811271 -0.000001 -0.364999 9.11732E-12
 nd  60  -0.386272 -1.836272 -0.025002 -0.390000 4.31535E-11
 pm  61   0.000000 -9.000000  0.000000  0.000000 0.00000E+00
 sm  62  -1.000975 -1.940975 -0.129704 -0.494702 1.09235E-11
 eu  63  -1.301265 -1.811265  0.000005 -0.364992 5.52941E-12
 gd  64  -0.761270 -1.811270  0.000001 -0.364997 1.98392E-11
 tb  65  -1.491269 -1.811269  0.000001 -0.364996 3.73358E-12
 dy  66  -0.681924 -1.811924 -0.000654 -0.365651 2.46112E-11
 ho  67  -1.341266 -1.811266  0.000005 -0.364993 5.47315E-12
 er  68  -0.898894 -1.818894 -0.007624 -0.372622 1.53709E-11
 tm  69  -1.691267 -1.811267  0.000003 -0.364994 2.50411E-12
 yb  70  -0.952300 -1.872300 -0.061030 -0.426027 1.40621E-11
 lu  71  -1.723226 -1.813226 -0.001955 -0.366953 2.40954E-12
 hf  72  -1.101504 -1.811504 -0.000234 -0.365232 1.02876E-11
 ta  73  -1.931324 -1.811324 -0.000054 -0.365051 1.54324E-12
  w  74  -1.161801 -1.811801 -0.000531 -0.365528 9.22235E-12
 re  75  -1.594506 -1.854506 -0.043236 -0.408233 3.44900E-12
 os  76  -0.458029 -1.808029  0.003241 -0.361756 4.82451E-11
 ir  77  -0.491269 -1.811269  0.000001 -0.364996 4.51570E-11
 pt  78  -0.223601 -1.843601 -0.032331 -0.397328 8.48809E-11
 au  79  -1.011267 -1.811267  0.000004 -0.364994 1.39743E-11
 hg  80  -0.672886 -1.842886 -0.031616 -0.396613 3.10189E-11
 tl  81  -1.041270 -1.811270  0.000000 -0.364997 1.35325E-11
 pb  82   0.228723 -1.811277 -0.000007 -0.365005 2.55456E-10
 bi  83  -1.161264 -1.811264  0.000006 -0.364992 1.04965E-11
 po  84   0.000000 -9.000000  0.000000  0.000000 2.83913E-25
#[ls/Fe]_Thiswork =   0.0008, [hs/Fe]_Thiswork =  -0.0011
#[hs/ls]_Thiswork =  -0.0018, [Pb/hs]_Thiswork =   0.0011
# Elemental abundance ratios: 
# He/H =  9.3220E-02, C/O =  2.8478E-01, N/O = 3.51321E-01
#
#  TP   Mass     Mcore    Menv    log L
# 11 0.898816 0.613054 0.285762 3.770600
# El  Z   log e(X)   [X/H]    [X/Fe]     [X/O]      X(i)
  p   1  12.000000  0.000000  0.000000  0.000000 7.32348E-01
 he   2  10.972241  0.042241  1.853511  1.488514 2.72825E-01
  c   6   7.752819 -0.717181  1.094089  0.729092 4.93919E-04
  n   7   6.831269 -1.038731  0.772539  0.407542 6.90035E-05
  o   8   7.312735 -1.417264  0.394006  0.000000 2.38828E-04
  f   9   2.900569 -1.559431  0.251839 -0.142167 1.09783E-08
 ne  10   6.457601 -1.512399  0.298872 -0.095134 4.20513E-05
 na  11   4.484344 -1.825656 -0.014386 -0.408391 5.09495E-07
 mg  12   6.119775 -1.520225  0.291046 -0.102960 2.32663E-05
 al  13   4.597018 -1.872982 -0.061711 -0.455717 7.75085E-07
 si  14   5.879384 -1.670617  0.140654 -0.253352 1.54572E-05
  p  15   3.664515 -1.805484  0.005786 -0.388220 1.03937E-07
  s  16   5.669026 -1.490973  0.320297 -0.073709 1.08721E-05
 cl  17   3.425239 -1.804761  0.006509 -0.387497 6.85723E-08
 ar  18   4.973494 -1.466506  0.344764 -0.049242 2.73053E-06
  k  19   3.457905 -1.622095  0.189175 -0.204831 8.15299E-08
 ca  20   4.807010 -1.482990  0.328280 -0.065725 1.86713E-06
 sc  21   1.484219 -1.565781  0.245489 -0.148517 9.96008E-10
 ti  22   3.478632 -1.431368  0.379902 -0.014103 1.04695E-07
  v  23   2.395133 -1.564867  0.246403 -0.147603 9.19319E-09
 cr  24   3.982524 -1.657476  0.153794 -0.240211 3.62870E-07
 mn  25   3.145669 -2.334331 -0.523061 -0.917067 5.58212E-08
 fe  26   5.729552 -1.810448  0.000000 -0.393183 2.17668E-05
 co  27   3.070069 -1.799931  0.010517 -0.382666 5.03136E-08
 ni  28   4.390779 -1.809221  0.001226 -0.391957 1.04863E-06
 cu  29   2.050601 -2.199399 -0.388951 -0.782135 5.18736E-09
 zn  30   3.075922 -1.554078  0.256370 -0.136814 5.66000E-08
 ga  31   1.316488 -1.763512  0.046936 -0.346247 1.04983E-09
 ge  32   1.777910 -1.802090  0.008358 -0.384825 3.16478E-09
 as  33   0.511755 -1.788245  0.022203 -0.370981 1.76857E-10
 se  34   1.536610 -1.803390  0.007057 -0.386126 1.97367E-09
 br  35   0.751441 -1.788559  0.021889 -0.371294 3.27542E-10
 kr  36   1.483771 -1.766229  0.044219 -0.348964 1.85465E-09
 rb  37   0.587649 -1.772351  0.038097 -0.355086 2.40276E-10
 sr  38   1.189488 -1.690512  0.119936 -0.273247 9.84801E-10
  y  39   0.490311 -1.679689  0.130758 -0.262425 1.99755E-10
 zr  40   0.836864 -1.693135  0.117312 -0.275871 4.55230E-10
 nb  41  -0.300617 -1.710617  0.099831 -0.293353 3.37819E-11
 mo  42   0.098394 -1.841606 -0.031158 -0.424341 8.74281E-11
 tc  43  -2.159026 -9.000000  0.000000  0.000000 4.93693E-13
 ru  44  -0.112427 -1.872427 -0.061979 -0.455162 5.66830E-11
 rh  45  -0.728552 -1.788552  0.021896 -0.371287 1.39684E-11
 pd  46  -0.141500 -1.791500  0.018947 -0.374236 5.58187E-11
 ag  47  -0.592966 -1.792966  0.017482 -0.375702 2.00071E-11
 cd  48  -0.053596 -1.763596  0.046852 -0.346331 7.21888E-11
 in  49  -1.015863 -1.775863  0.034584 -0.358599 8.04274E-12
 sn  50   0.297791 -1.772208  0.038239 -0.354944 1.71213E-10
 sb  51  -0.991069 -2.001069 -0.190621 -0.583804 9.03010E-12
 te  52  -0.026731 -2.206732 -0.396284 -0.789467 8.71719E-11
  i  53  -0.254317 -1.804317  0.006130 -0.387053 5.13352E-11
 xe  54   0.419208 -1.820792 -0.010345 -0.403528 2.50442E-10
 cs  55  -0.665128 -1.745128  0.065320 -0.327863 2.08771E-11
 ba  56   0.452887 -1.727113  0.083334 -0.309849 2.83074E-10
 la  57  -0.576815 -1.746815  0.063633 -0.329550 2.67402E-11
 ce  58  -0.184657 -1.764657  0.045791 -0.347393 6.65408E-11
 pr  59  -1.023451 -1.783451  0.026997 -0.366186 9.69934E-12
 nd  60  -0.355166 -1.805166  0.005281 -0.387902 4.62569E-11
 pm  61   0.000000 -9.000000  0.000000  0.000000 0.00000E+00
 sm  62  -0.983289 -1.923289 -0.112841 -0.506024 1.13528E-11
 eu  63  -1.298327 -1.808327  0.002120 -0.391063 5.55483E-12
 gd  64  -0.754980 -1.804980  0.005468 -0.387716 2.00848E-11
 tb  65  -1.487885 -1.807884  0.002563 -0.390620 3.75461E-12
 dy  66  -0.675133 -1.805133  0.005315 -0.387868 2.49447E-11
 ho  67  -1.338202 -1.808203  0.002245 -0.390938 5.49989E-12
 er  68  -0.891527 -1.811527 -0.001080 -0.394263 1.55998E-11
 tm  69  -1.685864 -1.805864  0.004583 -0.388600 2.52994E-12
 yb  70  -0.936121 -1.856121 -0.045673 -0.438857 1.45641E-11
 lu  71  -1.712460 -1.802460  0.007988 -0.385195 2.46464E-12
 hf  72  -1.081540 -1.791540  0.018908 -0.374276 1.07481E-11
 ta  73  -1.915059 -1.795059  0.015389 -0.377795 1.59864E-12
  w  74  -1.143609 -1.793609  0.016839 -0.376345 9.59596E-12
 re  75  -1.588640 -1.848640 -0.038193 -0.431376 3.48829E-12
 os  76  -0.454399 -1.804399  0.006049 -0.387135 4.85441E-11
 ir  77  -0.490541 -1.810542 -0.000094 -0.393277 4.51344E-11
 pt  78  -0.221577 -1.841577 -0.031129 -0.424312 8.50919E-11
 au  79  -1.009238 -1.809238  0.001209 -0.391974 1.40092E-11
 hg  80  -0.659432 -1.829432 -0.018985 -0.412168 3.19252E-11
 tl  81  -1.030309 -1.800309  0.010139 -0.383044 1.38482E-11
 pb  82   0.233846 -1.806154  0.004293 -0.388890 2.57924E-10
 bi  83  -1.160149 -1.810149  0.000299 -0.392884 1.05006E-11
 po  84  -4.387905 -9.000000  0.000000  0.000000 6.21581E-15
#[ls/Fe]_Thiswork =   0.1227, [hs/Fe]_Thiswork =   0.0643
#[hs/ls]_Thiswork =  -0.0584, [Pb/hs]_Thiswork =  -0.0600
# Elemental abundance ratios: 
# He/H =  9.3808E-02, C/O =  2.7548E+00, N/O = 3.30015E-01
#
#  TP   Mass     Mcore    Menv    log L
# 12 0.896679 0.621765 0.274914 3.797989
# El  Z   log e(X)   [X/H]    [X/Fe]     [X/O]      X(i)
  p   1  12.000000  0.000000  0.000000  0.000000 7.31997E-01
 he   2  10.973008  0.043008  1.853456  1.460272 2.73176E-01
  c   6   7.750137 -0.719863  1.090584  0.697401 4.90642E-04
  n   7   6.839652 -1.030348  0.780099  0.386916 7.03146E-05
  o   8   7.312314 -1.417686  0.392762  0.000000 2.38482E-04
  f   9   2.899041 -1.560959  0.249489 -0.143273 1.09345E-08
 ne  10   6.457622 -1.512378  0.298070 -0.094692 4.20332E-05
 na  11   4.487769 -1.822231 -0.011784 -0.404546 5.13283E-07
 mg  12   6.119821 -1.520179  0.290268 -0.102494 2.32576E-05
 al  13   4.606329 -1.863671 -0.053223 -0.445985 7.91502E-07
 si  14   5.879635 -1.670365  0.140083 -0.252679 1.54587E-05
  p  15   3.664699 -1.805301  0.005147 -0.387616 1.03931E-07
  s  16   5.669235 -1.490765  0.319683 -0.073080 1.08721E-05
 cl  17   3.425426 -1.804574  0.005873 -0.386889 6.85689E-08
 ar  18   4.973703 -1.466297  0.344151 -0.048611 2.73053E-06
  k  19   3.458141 -1.621859  0.188589 -0.204173 8.15351E-08
 ca  20   4.807218 -1.482782  0.327666 -0.065096 1.86712E-06
 sc  21   1.484408 -1.565592  0.244856 -0.147906 9.95966E-10
 ti  22   3.478840 -1.431160  0.379288 -0.013474 1.04695E-07
  v  23   2.395344 -1.564656  0.245791 -0.146971 9.19324E-09
 cr  24   3.982732 -1.657268  0.153180 -0.239583 3.62870E-07
 mn  25   3.145868 -2.334132 -0.523684 -0.916446 5.58200E-08
 fe  26   5.729761 -1.810239  0.000000 -0.392553 2.17668E-05
 co  27   3.070374 -1.799626  0.010612 -0.381941 5.03246E-08
 ni  28   4.390976 -1.809023  0.001215 -0.391338 1.04860E-06
 cu  29   2.050404 -2.199596 -0.389358 -0.781911 5.18251E-09
 zn  30   3.076099 -1.553901  0.256338 -0.136215 5.65960E-08
 ga  31   1.316463 -1.763537  0.046701 -0.345852 1.04927E-09
 ge  32   1.777905 -1.802095  0.008143 -0.384410 3.16322E-09
 as  33   0.511850 -1.788150  0.022089 -0.370464 1.76811E-10
 se  34   1.535851 -1.804148  0.006090 -0.386463 1.96928E-09
 br  35   0.755868 -1.784132  0.026107 -0.366446 3.30739E-10
 kr  36   1.483749 -1.766251  0.043988 -0.348565 1.85367E-09
 rb  37   0.587590 -1.772410  0.037829 -0.354724 2.40128E-10
 sr  38   1.189154 -1.690846  0.119392 -0.273161 9.83570E-10
  y  39   0.489923 -1.680077  0.130162 -0.262391 1.99482E-10
 zr  40   0.836532 -1.693468  0.116771 -0.275783 4.54663E-10
 nb  41  -0.300879 -1.710878  0.099360 -0.293193 3.37453E-11
 mo  42   0.098174 -1.841826 -0.031587 -0.424140 8.73419E-11
 tc  43  -2.361199 -9.000000  0.000000  0.000000 3.09796E-13
 ru  44  -0.111123 -1.871123 -0.060884 -0.453438 5.68261E-11
 rh  45  -0.728455 -1.788455  0.021784 -0.370769 1.39648E-11
 pd  46  -0.141726 -1.791726  0.018512 -0.374041 5.57629E-11
 ag  47  -0.592684 -1.792684  0.017555 -0.374998 2.00105E-11
 cd  48  -0.053801 -1.763801  0.046438 -0.346115 7.21201E-11
 in  49  -1.015921 -1.775921  0.034318 -0.358235 8.03782E-12
 sn  50   0.297526 -1.772474  0.037765 -0.354788 1.71026E-10
 sb  51  -0.991118 -2.001118 -0.190880 -0.583433 9.02475E-12
 te  52  -0.026869 -2.206869 -0.396630 -0.789183 8.71026E-11
  i  53  -0.254141 -1.804141  0.006098 -0.386455 5.13315E-11
 xe  54   0.419280 -1.820720 -0.010481 -0.403034 2.50363E-10
 cs  55  -0.666952 -1.746952  0.063287 -0.329267 2.07796E-11
 ba  56   0.452823 -1.727177  0.083061 -0.309492 2.82896E-10
 la  57  -0.576920 -1.746920  0.063319 -0.329234 2.67209E-11
 ce  58  -0.184687 -1.764687  0.045552 -0.347001 6.65044E-11
 pr  59  -1.023379 -1.783379  0.026860 -0.365694 9.69627E-12
 nd  60  -0.355112 -1.805112  0.005127 -0.387427 4.62405E-11
 pm  61   0.000000 -9.000000  0.000000  0.000000 0.00000E+00
 sm  62  -0.983167 -1.923167 -0.112928 -0.505481 1.13505E-11
 eu  63  -1.298130 -1.808130  0.002109 -0.390445 5.55469E-12
 gd  64  -0.754800 -1.804800  0.005439 -0.387114 2.00835E-11
 tb  65  -1.487689 -1.807689  0.002550 -0.390003 3.75450E-12
 dy  66  -0.674955 -1.804955  0.005283 -0.387270 2.49429E-11
 ho  67  -1.338006 -1.808006  0.002233 -0.390321 5.49975E-12
 er  68  -0.891353 -1.811353 -0.001114 -0.393667 1.55986E-11
 tm  69  -1.685679 -1.805679  0.004559 -0.387994 2.52980E-12
 yb  70  -0.935992 -1.855992 -0.045753 -0.438307 1.45614E-11
 lu  71  -1.712302 -1.802302  0.007937 -0.384617 2.46435E-12
 hf  72  -1.081443 -1.791443  0.018796 -0.373757 1.07453E-11
 ta  73  -1.914930 -1.794930  0.015308 -0.377245 1.59835E-12
  w  74  -1.143474 -1.793474  0.016765 -0.375788 9.59434E-12
 re  75  -1.588458 -1.848458 -0.038219 -0.430773 3.48808E-12
 os  76  -0.454206 -1.804206  0.006033 -0.386520 4.85426E-11
 ir  77  -0.490333 -1.810333 -0.000094 -0.392647 4.51345E-11
 pt  78  -0.221375 -1.841375 -0.031136 -0.423689 8.50908E-11
 au  79  -1.009036 -1.809036  0.001203 -0.391351 1.40090E-11
 hg  80  -0.659289 -1.829289 -0.019050 -0.411604 3.19204E-11
 tl  81  -1.030143 -1.800143  0.010096 -0.382457 1.38468E-11
 pb  82   0.234032 -1.805968  0.004271 -0.388283 2.57911E-10
 bi  83  -1.159942 -1.809942  0.000297 -0.392256 1.05006E-11
 po  84  -4.389994 -9.000000  0.000000  0.000000 6.18303E-15
#[ls/Fe]_Thiswork =   0.1221, [hs/Fe]_Thiswork =   0.0640
#[hs/ls]_Thiswork =  -0.0581, [Pb/hs]_Thiswork =  -0.0597
# Elemental abundance ratios: 
# He/H =  9.3974E-02, C/O =  2.7405E+00, N/O = 3.36774E-01
#
#  TP   Mass     Mcore    Menv    log L
# 13 0.892545 0.630329 0.262215 3.824360
# El  Z   log e(X)   [X/H]    [X/Fe]     [X/O]      X(i)
  p   1  12.000000  0.000000  0.000000  0.000000 7.31760E-01
 he   2  10.973524  0.043524  1.853763  1.461209 2.73412E-01
  c   6   7.747994 -0.722006  1.088233  0.695680 4.88070E-04
  n   7   6.846858 -1.023142  0.787097  0.394543 7.14678E-05
  o   8   7.311934 -1.418066  0.392173  0.000000 2.38196E-04
  f   9   2.897799 -1.562201  0.248038 -0.144135 1.08997E-08
 ne  10   6.457623 -1.512377  0.297862 -0.094312 4.20196E-05
 na  11   4.490665 -1.819335 -0.009096 -0.401269 5.16550E-07
 mg  12   6.119839 -1.520161  0.290078 -0.102096 2.32510E-05
 al  13   4.612924 -1.857076 -0.046837 -0.439010 8.03353E-07
 si  14   5.879809 -1.670191  0.140048 -0.252125 1.54599E-05
  p  15   3.664820 -1.805180  0.005059 -0.387115 1.03926E-07
  s  16   5.669376 -1.490624  0.319615 -0.072558 1.08721E-05
 cl  17   3.425550 -1.804450  0.005789 -0.386384 6.85665E-08
 ar  18   4.973845 -1.466156  0.344083 -0.048090 2.73054E-06
  k  19   3.458290 -1.621710  0.188529 -0.203644 8.15366E-08
 ca  20   4.807359 -1.482641  0.327598 -0.064575 1.86712E-06
 sc  21   1.484535 -1.565465  0.244774 -0.147399 9.95935E-10
 ti  22   3.478980 -1.431020  0.379219 -0.012954 1.04695E-07
  v  23   2.395486 -1.564514  0.245725 -0.146449 9.19327E-09
 cr  24   3.982873 -1.657127  0.153112 -0.239061 3.62870E-07
 mn  25   3.146002 -2.333998 -0.523759 -0.915933 5.58192E-08
 fe  26   5.729902 -1.810098  0.000000 -0.392032 2.17668E-05
 co  27   3.070512 -1.799488  0.010610 -0.381423 5.03244E-08
 ni  28   4.391113 -1.808887  0.001211 -0.390821 1.04859E-06
 cu  29   2.050241 -2.199759 -0.389662 -0.781694 5.17889E-09
 zn  30   3.076217 -1.553783  0.256314 -0.135718 5.65930E-08
 ga  31   1.316428 -1.763572  0.046526 -0.345506 1.04885E-09
 ge  32   1.777885 -1.802114  0.007983 -0.384049 3.16206E-09
 as  33   0.511907 -1.788093  0.022004 -0.370028 1.76776E-10
 se  34   1.535335 -1.804665  0.005432 -0.386600 1.96630E-09
 br  35   0.758737 -1.781263  0.028834 -0.363198 3.32823E-10
 kr  36   1.483719 -1.766281  0.043817 -0.348216 1.85294E-09
 rb  37   0.587531 -1.772469  0.037629 -0.354403 2.40017E-10
 sr  38   1.188889 -1.691112  0.118986 -0.273046 9.82653E-10
  y  39   0.489620 -1.680380  0.129718 -0.262314 1.99278E-10
 zr  40   0.836267 -1.693733  0.116365 -0.275667 4.54239E-10
 nb  41  -0.301088 -1.711088  0.099009 -0.293023 3.37181E-11
 mo  42   0.097995 -1.842005 -0.031908 -0.423940 8.72776E-11
 tc  43  -2.543964 -9.000000  0.000000  0.000000 2.03315E-13
 ru  44  -0.110409 -1.870409 -0.060311 -0.452343 5.69013E-11
 rh  45  -0.728398 -1.788398  0.021699 -0.370333 1.39621E-11
 pd  46  -0.141918 -1.791918  0.018180 -0.373853 5.57202E-11
 ag  47  -0.592465 -1.792465  0.017632 -0.374400 2.00141E-11
 cd  48  -0.053969 -1.763969  0.046128 -0.345904 7.20689E-11
 in  49  -1.015978 -1.775978  0.034120 -0.357912 8.03416E-12
 sn  50   0.297314 -1.772686  0.037411 -0.354621 1.70887E-10
 sb  51  -0.991170 -2.001170 -0.191072 -0.583104 9.02076E-12
 te  52  -0.026985 -2.206985 -0.396888 -0.788920 8.70509E-11
  i  53  -0.254024 -1.804024  0.006074 -0.385958 5.13287E-11
 xe  54   0.419319 -1.820681 -0.010583 -0.402615 2.50304E-10
 cs  55  -0.668535 -1.748535  0.061562 -0.330470 2.06973E-11
 ba  56   0.452774 -1.727226  0.082872 -0.309160 2.82773E-10
 la  57  -0.577013 -1.747013  0.063085 -0.328947 2.67065E-11
 ce  58  -0.184723 -1.764723  0.045375 -0.346657 6.64772E-11
 pr  59  -1.023342 -1.783342  0.026756 -0.365277 9.69398E-12
 nd  60  -0.355086 -1.805086  0.005011 -0.387021 4.62283E-11
 pm  61   0.000000 -9.000000  0.000000  0.000000 0.00000E+00
 sm  62  -0.983090 -1.923090 -0.112993 -0.505025 1.13488E-11
 eu  63  -1.297997 -1.807997  0.002101 -0.389931 5.55459E-12
 gd  64  -0.754680 -1.804680  0.005418 -0.386614 2.00825E-11
 tb  65  -1.487558 -1.807558  0.002539 -0.389493 3.75441E-12
 dy  66  -0.674837 -1.804837  0.005261 -0.386772 2.49416E-11
 ho  67  -1.337873 -1.807873  0.002224 -0.389808 5.49964E-12
 er  68  -0.891237 -1.811237 -0.001140 -0.393172 1.55977E-11
 tm  69  -1.685556 -1.805556  0.004541 -0.387491 2.52970E-12
 yb  70  -0.935910 -1.855910 -0.045813 -0.437845 1.45594E-11
 lu  71  -1.712200 -1.802200  0.007897 -0.384135 2.46413E-12
 hf  72  -1.081388 -1.791389  0.018709 -0.373323 1.07432E-11
 ta  73  -1.914849 -1.794849  0.015248 -0.376784 1.59813E-12
  w  74  -1.143386 -1.793386  0.016712 -0.375320 9.59318E-12
 re  75  -1.588338 -1.848338 -0.038240 -0.430272 3.48792E-12
 os  76  -0.454075 -1.804075  0.006023 -0.386009 4.85414E-11
 ir  77  -0.490191 -1.810191 -0.000093 -0.392125 4.51346E-11
 pt  78  -0.221238 -1.841238 -0.031140 -0.423173 8.50900E-11
 au  79  -1.008900 -1.808900  0.001198 -0.390834 1.40088E-11
 hg  80  -0.659197 -1.829197 -0.019099 -0.411131 3.19169E-11
 tl  81  -1.030032 -1.800032  0.010066 -0.381967 1.38459E-11
 pb  82   0.234155 -1.805845  0.004252 -0.387780 2.57901E-10
 bi  83  -1.159801 -1.809801  0.000296 -0.391736 1.05005E-11
 po  84  -4.391573 -9.000000  0.000000  0.000000 6.15860E-15
#[ls/Fe]_Thiswork =   0.1217, [hs/Fe]_Thiswork =   0.0638
#[hs/ls]_Thiswork =  -0.0579, [Pb/hs]_Thiswork =  -0.0595
# Elemental abundance ratios: 
# He/H =  9.4086E-02, C/O =  2.7294E+00, N/O = 3.42707E-01
#
#  TP   Mass     Mcore    Menv    log L
# 14 0.886255 0.638250 0.248005 3.857601
# El  Z   log e(X)   [X/H]    [X/Fe]     [X/O]      X(i)
  p   1  12.000000  0.000000  0.000000  0.000000 7.30528E-01
 he   2  10.975804  0.045804  1.855902  1.463870 2.74388E-01
  c   6   7.905485 -0.564515  1.245583  0.853550 7.00229E-04
  n   7   6.855927 -1.014072  0.796025  0.403993 7.28532E-05
  o   8   7.332627 -1.397372  0.412725  0.000000 2.49400E-04
  f   9   3.386724 -1.073276  0.736822  0.324097 3.35435E-08
 ne  10   6.626366 -1.343634  0.466464  0.053738 6.18675E-05
 na  11   4.620238 -1.689762  0.120336 -0.292389 6.94950E-07
 mg  12   6.125180 -1.514820  0.295278 -0.117447 2.34991E-05
 al  13   4.638856 -1.831143 -0.021046 -0.433771 8.51347E-07
 si  14   5.881116 -1.668884  0.141213 -0.271512 1.54804E-05
  p  15   3.675183 -1.794816  0.015281 -0.397444 1.06257E-07
  s  16   5.670085 -1.489914  0.320183 -0.092542 1.08716E-05
 cl  17   3.428584 -1.801416  0.008682 -0.404044 6.89307E-08
 ar  18   4.974471 -1.465529  0.344568 -0.068157 2.72987E-06
  k  19   3.459385 -1.620615  0.189483 -0.223243 8.16047E-08
 ca  20   4.807970 -1.482030  0.328067 -0.084658 1.86660E-06
 sc  21   1.487712 -1.562288  0.247810 -0.164916 1.00156E-09
 ti  22   3.480042 -1.429957  0.380140 -0.032585 1.04774E-07
  v  23   2.396142 -1.563858  0.246240 -0.166486 9.19167E-09
 cr  24   3.983579 -1.656421  0.153677 -0.259049 3.62848E-07
 mn  25   3.147807 -2.332193 -0.522095 -0.934821 5.59572E-08
 fe  26   5.730548 -1.809452  0.000000 -0.412080 2.17625E-05
 co  27   3.077255 -1.792745  0.016707 -0.395372 5.10258E-08
 ni  28   4.392204 -1.807796  0.001656 -0.410424 1.04946E-06
 cu  29   2.074765 -2.175235 -0.365783 -0.777863 5.47053E-09
 zn  30   3.078767 -1.551233  0.258219 -0.153861 5.68304E-08
 ga  31   1.331060 -1.748940  0.060513 -0.351567 1.08296E-09
 ge  32   1.792878 -1.787122  0.022330 -0.389750 3.26761E-09
 as  33   0.521137 -1.778863  0.030589 -0.381490 1.80270E-10
 se  34   1.557065 -1.782935  0.026517 -0.385563 2.06371E-09
 br  35   0.770393 -1.769607  0.039845 -0.372234 3.41301E-10
 kr  36   1.515115 -1.734885  0.074567 -0.337513 1.98849E-09
 rb  37   0.633436 -1.726564  0.082888 -0.329191 2.66327E-10
 sr  38   1.280884 -1.599116  0.210336 -0.201744 1.21245E-09
  y  39   0.607174 -1.562826  0.246626 -0.165454 2.60784E-10
 zr  40   0.966898 -1.563102  0.246350 -0.165730 6.12609E-10
 nb  41  -0.179557 -1.589557  0.219895 -0.192185 4.45311E-11
 mo  42   0.223162 -1.716838  0.092614 -0.319466 1.16235E-10
 tc  43  -1.845012 -9.000000  0.000000  0.000000 1.01482E-12
 ru  44  -0.016254 -1.776254  0.033198 -0.378882 7.05576E-11
 rh  45  -0.691870 -1.751870  0.057582 -0.354497 1.51617E-11
 pd  46  -0.027124 -1.677124  0.132328 -0.279752 7.24561E-11
 ag  47  -0.560379 -1.760379  0.049073 -0.363007 2.15124E-11
 cd  48   0.080381 -1.629619  0.179833 -0.232246 9.80317E-11
 in  49  -0.921996 -1.681996  0.127456 -0.284624 9.95840E-12
 sn  50   0.460891 -1.609109  0.200343 -0.211737 2.48630E-10
 sb  51  -0.889729 -1.899729 -0.090276 -0.502356 1.13750E-11
 te  52   0.110309 -2.069691 -0.260239 -0.672319 1.19216E-10
  i  53  -0.236875 -1.786875  0.022578 -0.389502 5.33061E-11
 xe  54   0.488360 -1.751640  0.057812 -0.354267 2.92939E-10
 cs  55  -0.501378 -1.581378  0.228074 -0.184006 3.03626E-11
 ba  56   0.755326 -1.424674  0.384778 -0.027302 5.66577E-10
 la  57  -0.256419 -1.426419  0.383033 -0.029047 5.57799E-11
 ce  58   0.208865 -1.371135  0.438317  0.026237 1.64259E-10
 pr  59  -0.731481 -1.491481  0.317971 -0.094108 1.89509E-11
 nd  60  -0.000607 -1.450607  0.358845 -0.053234 1.04389E-10
 pm  61   0.000000 -9.000000  0.000000  0.000000 0.00000E+00
 sm  62  -0.723028 -1.663028  0.146424 -0.265656 2.06196E-11
 eu  63  -1.239236 -1.749236  0.060216 -0.351864 6.34864E-12
 gd  64  -0.623998 -1.673998  0.135454 -0.276625 2.70875E-11
 tb  65  -1.412588 -1.732588  0.076864 -0.335216 4.45430E-12
 dy  66  -0.531593 -1.661593  0.147859 -0.264221 3.46287E-11
 ho  67  -1.268907 -1.738907  0.070545 -0.341534 6.43531E-12
 er  68  -0.718708 -1.638708  0.170744 -0.241336 2.31664E-11
 tm  69  -1.558638 -1.678638  0.130814 -0.281265 3.38264E-12
 yb  70  -0.605580 -1.525580  0.283872 -0.128208 3.10987E-11
 lu  71  -1.471804 -1.561804  0.247648 -0.164431 4.27887E-12
 hf  72  -0.660519 -1.370519  0.438933  0.026854 2.82665E-11
 ta  73  -1.531623 -1.411623  0.397829 -0.014251 3.85574E-12
  w  74  -0.721215 -1.371215  0.438237  0.026157 2.53163E-11
 re  75  -1.372632 -1.632632  0.176820 -0.235260 5.72189E-12
 os  76  -0.336250 -1.686250  0.123202 -0.288878 6.35630E-11
 ir  77  -0.468169 -1.788169  0.021283 -0.390797 4.74022E-11
 pt  78  -0.152862 -1.772862  0.036590 -0.375489 9.94313E-11
 au  79  -0.938850 -1.738850  0.070602 -0.341478 1.64331E-11
 hg  80  -0.232462 -1.402462  0.406990 -0.005090 8.51185E-11
 tl  81  -0.540130 -1.310130  0.499322  0.087243 4.27063E-11
 pb  82   1.572449 -0.467551  1.341901  0.929821 5.61067E-09
 bi  83  -0.182816 -0.832816  0.976637  0.564557 9.94181E-11
 po  84   0.679904 -9.000000  0.000000  0.000000 7.24814E-10
#[ls/Fe]_Thiswork =   0.2344, [hs/Fe]_Thiswork =   0.4020
#[hs/ls]_Thiswork =   0.1676, [Pb/hs]_Thiswork =   0.9399
# Elemental abundance ratios: 
# He/H =  9.4581E-02, C/O =  3.7399E+00, N/O = 3.33657E-01
#
#  TP   Mass     Mcore    Menv    log L
# 15 0.875988 0.646217 0.229771 3.879098
# El  Z   log e(X)   [X/H]    [X/Fe]     [X/O]      X(i)
  p   1  12.000000  0.000000  0.000000  0.000000 7.30384E-01
 he   2  10.976119  0.046119  1.855571  1.443491 2.74533E-01
  c   6   7.903889 -0.566111  1.243341  0.831261 6.97524E-04
  n   7   6.863769 -1.006231  0.803221  0.391141 7.41659E-05
  o   8   7.332247 -1.397752  0.411700  0.000000 2.49133E-04
  f   9   3.384839 -1.075161  0.734291  0.322591 3.33916E-08
 ne  10   6.625685 -1.344315  0.465137  0.053437 6.17585E-05
 na  11   4.626636 -1.683364  0.126088 -0.285612 7.05124E-07
 mg  12   6.125188 -1.514812  0.294640 -0.117060 2.34949E-05
 al  13   4.642787 -1.827213 -0.017761 -0.429461 8.58917E-07
 si  14   5.881214 -1.668787  0.140666 -0.271034 1.54808E-05
  p  15   3.675217 -1.794783  0.014669 -0.397031 1.06244E-07
  s  16   5.670171 -1.489829  0.319623 -0.092076 1.08716E-05
 cl  17   3.428649 -1.801351  0.008101 -0.403599 6.89276E-08
 ar  18   4.974557 -1.465443  0.344009 -0.067690 2.72987E-06
  k  19   3.459489 -1.620511  0.188941 -0.222759 8.16082E-08
 ca  20   4.808055 -1.481945  0.327507 -0.084193 1.86660E-06
 sc  21   1.487781 -1.562219  0.247233 -0.164467 1.00152E-09
 ti  22   3.480126 -1.429873  0.379579 -0.032121 1.04774E-07
  v  23   2.396229 -1.563771  0.245681 -0.166019 9.19169E-09
 cr  24   3.983665 -1.656335  0.153117 -0.258583 3.62848E-07
 mn  25   3.147885 -2.332115 -0.522663 -0.934362 5.59562E-08
 fe  26   5.730634 -1.809366  0.000000 -0.411614 2.17625E-05
 co  27   3.077415 -1.792585  0.016781 -0.394833 5.10344E-08
 ni  28   4.392282 -1.807717  0.001649 -0.409965 1.04944E-06
 cu  29   2.074624 -2.175376 -0.366010 -0.777624 5.46768E-09
 zn  30   3.078835 -1.551166  0.258201 -0.153413 5.68280E-08
 ga  31   1.331013 -1.748987  0.060379 -0.351235 1.08263E-09
 ge  32   1.792834 -1.787166  0.022201 -0.389413 3.26663E-09
 as  33   0.521149 -1.778851  0.030515 -0.381099 1.80239E-10
 se  34   1.556509 -1.783491  0.025875 -0.385739 2.06066E-09
 br  35   0.773270 -1.766730  0.042636 -0.368978 3.43501E-10
 kr  36   1.514995 -1.735005  0.074361 -0.337253 1.98756E-09
 rb  37   0.633246 -1.726753  0.082613 -0.329001 2.66158E-10
 sr  38   1.280448 -1.599552  0.209814 -0.201800 1.21099E-09
  y  39   0.606639 -1.563361  0.246005 -0.165609 2.60412E-10
 zr  40   0.966333 -1.563667  0.245700 -0.165914 6.11692E-10
 nb  41  -0.180076 -1.590076  0.219291 -0.192323 4.44691E-11
 mo  42   0.222641 -1.717359  0.092007 -0.319607 1.16073E-10
 tc  43  -1.992429 -9.000000  0.000000  0.000000 7.22583E-13
 ru  44  -0.014822 -1.774822  0.034544 -0.377070 7.07767E-11
 rh  45  -0.691977 -1.751976  0.057390 -0.354224 1.51550E-11
 pd  46  -0.027689 -1.677689  0.131677 -0.279937 7.23477E-11
 ag  47  -0.560153 -1.760153  0.049213 -0.362401 2.15194E-11
 cd  48   0.079834 -1.630166  0.179200 -0.232414 9.78889E-11
 in  49  -0.922370 -1.682370  0.126996 -0.284618 9.94787E-12
 sn  50   0.460239 -1.609761  0.199606 -0.212008 2.48209E-10
 sb  51  -0.890127 -1.900127 -0.090761 -0.502375 1.13623E-11
 te  52   0.109767 -2.070233 -0.260867 -0.672481 1.19044E-10
  i  53  -0.236874 -1.786874  0.022493 -0.389121 5.32956E-11
 xe  54   0.488113 -1.751887  0.057480 -0.354134 2.92715E-10
 cs  55  -0.505810 -1.585810  0.223556 -0.188058 3.00484E-11
 ba  56   0.754539 -1.425462  0.383905 -0.027709 5.65438E-10
 la  57  -0.257442 -1.427442  0.381924 -0.029690 5.56377E-11
 ce  58   0.207707 -1.372293  0.437074  0.025460 1.63789E-10
 pr  59  -0.732413 -1.492413  0.316953 -0.094661 1.89066E-11
 nd  60  -0.001678 -1.451678  0.357689 -0.053925 1.04111E-10
 pm  61   0.000000 -9.000000  0.000000  0.000000 0.00000E+00
 sm  62  -0.723874 -1.663874  0.145492 -0.266122 2.05754E-11
 eu  63  -1.239408 -1.749408  0.059958 -0.351656 6.34488E-12
 gd  64  -0.624445 -1.674445  0.134921 -0.276693 2.70543E-11
 tb  65  -1.412827 -1.732826  0.076540 -0.335074 4.45099E-12
 dy  66  -0.532084 -1.662084  0.147282 -0.264332 3.45827E-11
 ho  67  -1.269119 -1.739119  0.070247 -0.341367 6.43088E-12
 er  68  -0.719295 -1.639295  0.170072 -0.241542 2.31305E-11
 tm  69  -1.559072 -1.679072  0.130295 -0.281319 3.37860E-12
 yb  70  -0.606591 -1.526591  0.282775 -0.128839 3.10203E-11
 lu  71  -1.472591 -1.562591  0.246775 -0.164839 4.27027E-12
 hf  72  -0.662083 -1.372083  0.437284  0.025670 2.81593E-11
 ta  73  -1.532741 -1.412741  0.396626 -0.014988 3.84507E-12
  w  74  -0.721977 -1.371977  0.437389  0.025775 2.52670E-11
 re  75  -1.373347 -1.633347  0.176019 -0.235595 5.71135E-12
 os  76  -0.336650 -1.686650  0.122716 -0.288898 6.34921E-11
 ir  77  -0.468181 -1.788181  0.021186 -0.390428 4.73916E-11
 pt  78  -0.153070 -1.773070  0.036296 -0.375318 9.93637E-11
 au  79  -0.939067 -1.739067  0.070299 -0.341315 1.64217E-11
 hg  80  -0.233658 -1.403658  0.405708 -0.005906 8.48675E-11
 tl  81  -0.541258 -1.311258  0.498108  0.086494 4.25870E-11
 pb  82   1.570586 -0.469414  1.339952  0.928339 5.58555E-09
 bi  83  -0.184555 -0.834555  0.974811  0.563197 9.90011E-11
 po  84   0.677948 -9.000000  0.000000  0.000000 7.21415E-10
#[ls/Fe]_Thiswork =   0.2338, [hs/Fe]_Thiswork =   0.4010
#[hs/ls]_Thiswork =   0.1671, [Pb/hs]_Thiswork =   0.9390
# Elemental abundance ratios: 
# He/H =  9.4650E-02, C/O =  3.7294E+00, N/O = 3.40033E-01
#
#  TP   Mass     Mcore    Menv    log L
# 16 0.861884 0.653988 0.207896 3.899740
# El  Z   log e(X)   [X/H]    [X/Fe]     [X/O]      X(i)
  p   1  12.000000  0.000000  0.000000  0.000000 7.30367E-01
 he   2  10.976157  0.046157  1.855523  1.443909 2.74551E-01
  c   6   7.902654 -0.567346  1.242020  0.830406 6.95526E-04
  n   7   6.869959 -1.000041  0.809325  0.397711 7.52288E-05
  o   8   7.331939 -1.398061  0.411305  0.000000 2.48950E-04
  f   9   3.383448 -1.076552  0.732814  0.321508 3.32840E-08
 ne  10   6.625166 -1.344833  0.464533  0.053227 6.16833E-05
 na  11   4.632371 -1.677629  0.131738 -0.279568 7.14481E-07
 mg  12   6.125187 -1.514812  0.294554 -0.116752 2.34943E-05
 al  13   4.643052 -1.826948 -0.017581 -0.428887 8.59423E-07
 si  14   5.881221 -1.668779  0.140587 -0.270719 1.54807E-05
  p  15   3.675191 -1.794809  0.014557 -0.396748 1.06235E-07
  s  16   5.670182 -1.489818  0.319548 -0.091757 1.08716E-05
 cl  17   3.428642 -1.801358  0.008008 -0.403297 6.89249E-08
 ar  18   4.974568 -1.465432  0.343934 -0.067371 2.72988E-06
  k  19   3.459506 -1.620494  0.188872 -0.222433 8.16096E-08
 ca  20   4.808065 -1.481935  0.327432 -0.083874 1.86660E-06
 sc  21   1.487779 -1.562221  0.247145 -0.164160 1.00149E-09
 ti  22   3.480135 -1.429865  0.379501 -0.031804 1.04774E-07
  v  23   2.396239 -1.563761  0.245605 -0.165700 9.19170E-09
 cr  24   3.983675 -1.656325  0.153041 -0.258264 3.62848E-07
 mn  25   3.147890 -2.332110 -0.522744 -0.934049 5.59555E-08
 fe  26   5.730644 -1.809356  0.000000 -0.411295 2.17625E-05
 co  27   3.077437 -1.792562  0.016793 -0.394502 5.10359E-08
 ni  28   4.392291 -1.807709  0.001647 -0.409648 1.04944E-06
 cu  29   2.074478 -2.175522 -0.366166 -0.777461 5.46571E-09
 zn  30   3.078833 -1.551167  0.258188 -0.153107 5.68264E-08
 ga  31   1.330931 -1.749069  0.060287 -0.351008 1.08240E-09
 ge  32   1.792755 -1.787245  0.022111 -0.389184 3.26596E-09
 as  33   0.521109 -1.778891  0.030464 -0.380831 1.80218E-10
 se  34   1.556062 -1.783938  0.025418 -0.385877 2.05849E-09
 br  35   0.775284 -1.764716  0.044640 -0.366655 3.45090E-10
 kr  36   1.514864 -1.735136  0.074220 -0.337075 1.98691E-09
 rb  37   0.633067 -1.726933  0.082423 -0.328872 2.66042E-10
 sr  38   1.280099 -1.599901  0.209455 -0.201840 1.20999E-09
  y  39   0.606222 -1.563778  0.245578 -0.165717 2.60156E-10
 zr  40   0.965896 -1.564104  0.245251 -0.166044 6.11062E-10
 nb  41  -0.180482 -1.590482  0.218874 -0.192421 4.44265E-11
 mo  42   0.222234 -1.717766  0.091589 -0.319705 1.15962E-10
 tc  43  -2.126636 -9.000000  0.000000  0.000000 5.30482E-13
 ru  44  -0.013944 -1.773944  0.035412 -0.375883 7.09184E-11
 rh  45  -0.692099 -1.752099  0.057257 -0.354038 1.51503E-11
 pd  46  -0.028145 -1.678145  0.131211 -0.280084 7.22701E-11
 ag  47  -0.559981 -1.759981  0.049374 -0.361921 2.15274E-11
 cd  48   0.079409 -1.630591  0.178764 -0.232531 9.77907E-11
 in  49  -0.922676 -1.682676  0.126680 -0.284615 9.94063E-12
 sn  50   0.459742 -1.610258  0.199097 -0.212198 2.47919E-10
 sb  51  -0.890450 -1.900450 -0.091095 -0.502390 1.13536E-11
 te  52   0.109345 -2.070655 -0.261299 -0.672594 1.18926E-10
  i  53  -0.236922 -1.786922  0.022434 -0.388861 5.32885E-11
 xe  54   0.487895 -1.752105  0.057251 -0.354044 2.92562E-10
 cs  55  -0.509678 -1.589678  0.219678 -0.191617 2.97813E-11
 ba  56   0.753988 -1.426012  0.383344 -0.027951 5.64709E-10
 la  57  -0.258196 -1.428196  0.381160 -0.030135 5.55399E-11
 ce  58   0.206861 -1.373140  0.436216  0.024921 1.63466E-10
 pr  59  -0.733104 -1.493104  0.316252 -0.095043 1.88761E-11
 nd  60  -0.002464 -1.452464  0.356891 -0.054404 1.03921E-10
 pm  61   0.000000 -9.000000  0.000000  0.000000 0.00000E+00
 sm  62  -0.724505 -1.664505  0.144850 -0.266445 2.05451E-11
 eu  63  -1.239575 -1.749575  0.059780 -0.351515 6.34229E-12
 gd  64  -0.624802 -1.674802  0.134554 -0.276741 2.70314E-11
 tb  65  -1.413038 -1.733038  0.076318 -0.334977 4.44871E-12
 dy  66  -0.532472 -1.662472  0.146884 -0.264411 3.45511E-11
 ho  67  -1.269315 -1.739315  0.070041 -0.341254 6.42784E-12
 er  68  -0.719748 -1.639748  0.169608 -0.241687 2.31059E-11
 tm  69  -1.559419 -1.679419  0.129937 -0.281358 3.37582E-12
 yb  70  -0.607335 -1.527335  0.282021 -0.129274 3.09665E-11
 lu  71  -1.473183 -1.563183  0.246173 -0.165122 4.26436E-12
 hf  72  -0.663290 -1.373290  0.436066  0.024771 2.80805E-11
 ta  73  -1.533559 -1.413559  0.395797 -0.015498 3.83774E-12
  w  74  -0.722458 -1.372458  0.436898  0.025603 2.52384E-11
 re  75  -1.373888 -1.633888  0.175468 -0.235827 5.70411E-12
 os  76  -0.336973 -1.686973  0.122383 -0.288912 6.34434E-11
 ir  77  -0.468238 -1.788238  0.021118 -0.390177 4.73843E-11
 pt  78  -0.153264 -1.773264  0.036092 -0.375203 9.93173E-11
 au  79  -0.939264 -1.739264  0.070091 -0.341203 1.64138E-11
 hg  80  -0.234531 -1.404531  0.404824 -0.006471 8.46951E-11
 tl  81  -0.542048 -1.312047  0.497308  0.086013 4.25087E-11
 pb  82   1.569252 -0.470748  1.338608  0.927313 5.56829E-09
 bi  83  -0.185803 -0.835803  0.973552  0.562257 9.87146E-11
 po  84   0.676550 -9.000000  0.000000  0.000000 7.19080E-10
#[ls/Fe]_Thiswork =   0.2334, [hs/Fe]_Thiswork =   0.4002
#[hs/ls]_Thiswork =   0.1668, [Pb/hs]_Thiswork =   0.9384
# Elemental abundance ratios: 
# He/H =  9.4658E-02, C/O =  3.7215E+00, N/O = 3.45160E-01
#
#  TP   Mass     Mcore    Menv    log L
# 17 0.843712 0.661528 0.182185 3.919073
# El  Z   log e(X)   [X/H]    [X/Fe]     [X/O]      X(i)
  p   1  12.000000  0.000000  0.000000  0.000000 7.30358E-01
 he   2  10.976177  0.046177  1.855533  1.444238 2.74561E-01
  c   6   7.901425 -0.568575  1.240780  0.829485 6.93552E-04
  n   7   6.875980 -0.994020  0.815336  0.404041 7.62782E-05
  o   8   7.331637 -1.398363  0.410993  0.000000 2.48774E-04
  f   9   3.382069 -1.077931  0.731424  0.320431 3.31782E-08
 ne  10   6.624653 -1.345347  0.464009  0.053016 6.16097E-05
 na  11   4.637753 -1.672246  0.137109 -0.273884 7.23382E-07
 mg  12   6.125182 -1.514818  0.294538 -0.116456 2.34938E-05
 al  13   4.643201 -1.826799 -0.017443 -0.428436 8.59706E-07
 si  14   5.881223 -1.668777  0.140578 -0.270415 1.54806E-05
  p  15   3.675160 -1.794839  0.014516 -0.396477 1.06227E-07
  s  16   5.670187 -1.489813  0.319543 -0.091450 1.08716E-05
 cl  17   3.428632 -1.801368  0.007987 -0.403006 6.89224E-08
 ar  18   4.974574 -1.465426  0.343929 -0.067064 2.72988E-06
  k  19   3.459515 -1.620485  0.188870 -0.222123 8.16101E-08
 ca  20   4.808071 -1.481929  0.327426 -0.083567 1.86660E-06
 sc  21   1.487772 -1.562228  0.247128 -0.163865 1.00146E-09
 ti  22   3.480140 -1.429860  0.379496 -0.031497 1.04773E-07
  v  23   2.396245 -1.563755  0.245601 -0.165392 9.19172E-09
 cr  24   3.983680 -1.656320  0.153036 -0.257957 3.62849E-07
 mn  25   3.147890 -2.332110 -0.522754 -0.933747 5.59549E-08
 fe  26   5.730649 -1.809350  0.000000 -0.410988 2.17625E-05
 co  27   3.077429 -1.792571  0.016779 -0.394208 5.10344E-08
 ni  28   4.392294 -1.807705  0.001645 -0.409343 1.04944E-06
 cu  29   2.074329 -2.175671 -0.366320 -0.777308 5.46378E-09
 zn  30   3.078825 -1.551175  0.258175 -0.152812 5.68248E-08
 ga  31   1.330845 -1.749155  0.060195 -0.350792 1.08217E-09
 ge  32   1.792672 -1.787328  0.022023 -0.388965 3.26530E-09
 as  33   0.521064 -1.778936  0.030414 -0.380574 1.80197E-10
 se  34   1.555698 -1.784302  0.025049 -0.385939 2.05675E-09
 br  35   0.776758 -1.763242  0.046109 -0.364879 3.46260E-10
 kr  36   1.514730 -1.735270  0.074081 -0.336907 1.98627E-09
 rb  37   0.632885 -1.727115  0.082236 -0.328752 2.65928E-10
 sr  38   1.279750 -1.600250  0.209100 -0.201888 1.20901E-09
  y  39   0.605806 -1.564194  0.245157 -0.165831 2.59904E-10
 zr  40   0.965459 -1.564541  0.244809 -0.166178 6.10441E-10
 nb  41  -0.180887 -1.590887  0.218463 -0.192525 4.43846E-11
 mo  42   0.221828 -1.718173  0.091178 -0.319810 1.15852E-10
 tc  43  -2.250746 -9.000000  0.000000  0.000000 3.98617E-13
 ru  44  -0.013448 -1.773448  0.035903 -0.375085 7.09986E-11
 rh  45  -0.692225 -1.752224  0.057126 -0.353862 1.51458E-11
 pd  46  -0.028594 -1.678594  0.130756 -0.280231 7.21945E-11
 ag  47  -0.559838 -1.759838  0.049512 -0.361476 2.15342E-11
 cd  48   0.078983 -1.631017  0.178334 -0.232654 9.76940E-11
 in  49  -0.922983 -1.682983  0.126367 -0.284621 9.93350E-12
 sn  50   0.459246 -1.610754  0.198596 -0.212392 2.47633E-10
 sb  51  -0.890774 -1.900774 -0.091423 -0.502411 1.13450E-11
 te  52   0.108925 -2.071075 -0.261725 -0.672713 1.18809E-10
  i  53  -0.236975 -1.786975  0.022376 -0.388612 5.32814E-11
 xe  54   0.487675 -1.752325  0.057025 -0.353963 2.92410E-10
 cs  55  -0.513215 -1.593215  0.216135 -0.194852 2.95394E-11
 ba  56   0.753423 -1.426577  0.382773 -0.028215 5.63967E-10
 la  57  -0.258945 -1.428945  0.380405 -0.030583 5.54435E-11
 ce  58   0.206019 -1.373981  0.435370  0.024382 1.63148E-10
 pr  59  -0.733790 -1.493790  0.315560 -0.095428 1.88461E-11
 nd  60  -0.003246 -1.453246  0.356104 -0.054884 1.03732E-10
 pm  61   0.000000 -9.000000  0.000000  0.000000 0.00000E+00
 sm  62  -0.725133 -1.665133  0.144217 -0.266770 2.05151E-11
 eu  63  -1.239744 -1.749744  0.059606 -0.351382 6.33974E-12
 gd  64  -0.625159 -1.675159  0.134191 -0.276797 2.70089E-11
 tb  65  -1.413253 -1.733253  0.076098 -0.334890 4.44646E-12
 dy  66  -0.532858 -1.662858  0.146493 -0.264495 3.45200E-11
 ho  67  -1.269513 -1.739513  0.069837 -0.341151 6.42484E-12
 er  68  -0.720200 -1.640200  0.169151 -0.241837 2.30816E-11
 tm  69  -1.559766 -1.679766  0.129585 -0.281403 3.37308E-12
 yb  70  -0.608075 -1.528075  0.281275 -0.129713 3.09134E-11
 lu  71  -1.473772 -1.563772  0.245578 -0.165409 4.25853E-12
 hf  72  -0.664463 -1.374463  0.434887  0.023900 2.80044E-11
 ta  73  -1.534372 -1.414372  0.394978 -0.016010 3.83051E-12
  w  74  -0.722967 -1.372967  0.436383  0.025396 2.52086E-11
 re  75  -1.374427 -1.634427  0.174924 -0.236064 5.69697E-12
 os  76  -0.337297 -1.687297  0.122053 -0.288935 6.33953E-11
 ir  77  -0.468298 -1.788298  0.021052 -0.389935 4.73772E-11
 pt  78  -0.153459 -1.773459  0.035892 -0.375096 9.92715E-11
 au  79  -0.939464 -1.739464  0.069887 -0.341101 1.64061E-11
 hg  80  -0.235398 -1.405398  0.403952 -0.007036 8.45251E-11
 tl  81  -0.542844 -1.312844  0.496507  0.085519 4.24304E-11
 pb  82   1.567927 -0.472073  1.337278  0.926290 5.55127E-09
 bi  83  -0.187043 -0.837043  0.972307  0.561319 9.84321E-11
 po  84   0.675162 -9.000000  0.000000  0.000000 7.16777E-10
#[ls/Fe]_Thiswork =   0.2330, [hs/Fe]_Thiswork =   0.3995
#[hs/ls]_Thiswork =   0.1665, [Pb/hs]_Thiswork =   0.9378
# Elemental abundance ratios: 
# He/H =  9.4662E-02, C/O =  3.7135E+00, N/O = 3.50222E-01
#
#  TP   Mass     Mcore    Menv    log L
# 18 0.820974 0.668838 0.152136 3.937179
# El  Z   log e(X)   [X/H]    [X/Fe]     [X/O]      X(i)
  p   1  12.000000  0.000000  0.000000  0.000000 7.30330E-01
 he   2  10.976239  0.046239  1.855589  1.444602 2.74589E-01
  c   6   7.900443 -0.569558  1.239793  0.828805 6.91959E-04
  n   7   6.882680 -0.987319  0.822031  0.411043 7.74612E-05
  o   8   7.331342 -1.398658  0.410693  0.000000 2.48595E-04
  f   9   3.381063 -1.078937  0.730414  0.319721 3.31001E-08
 ne  10   6.624331 -1.345669  0.463682  0.052989 6.15617E-05
 na  11   4.643526 -1.666474  0.142877 -0.267816 7.33033E-07
 mg  12   6.125186 -1.514814  0.294537 -0.116156 2.34931E-05
 al  13   4.643896 -1.826104 -0.016754 -0.427446 8.61049E-07
 si  14   5.881238 -1.668762  0.140589 -0.270104 1.54806E-05
  p  15   3.675157 -1.794843  0.014507 -0.396185 1.06221E-07
  s  16   5.670204 -1.489796  0.319554 -0.091138 1.08716E-05
 cl  17   3.428639 -1.801361  0.007990 -0.402703 6.89209E-08
 ar  18   4.974591 -1.465409  0.343941 -0.066751 2.72988E-06
  k  19   3.459533 -1.620467  0.188883 -0.221809 8.16104E-08
 ca  20   4.808088 -1.481912  0.327438 -0.083254 1.86660E-06
 sc  21   1.487782 -1.562217  0.247133 -0.163560 1.00145E-09
 ti  22   3.480155 -1.429845  0.379506 -0.031187 1.04773E-07
  v  23   2.396262 -1.563738  0.245613 -0.165080 9.19173E-09
 cr  24   3.983697 -1.656303  0.153048 -0.257645 3.62849E-07
 mn  25   3.147903 -2.332097 -0.522746 -0.933439 5.59545E-08
 fe  26   5.730667 -1.809333  0.000000 -0.410676 2.17625E-05
 co  27   3.077435 -1.792564  0.016769 -0.393907 5.10332E-08
 ni  28   4.392311 -1.807689  0.001645 -0.409031 1.04944E-06
 cu  29   2.074255 -2.175745 -0.366412 -0.777087 5.46263E-09
 zn  30   3.078835 -1.551166  0.258168 -0.152508 5.68239E-08
 ga  31   1.330809 -1.749191  0.060142 -0.350533 1.08204E-09
 ge  32   1.792637 -1.787363  0.021970 -0.388705 3.26491E-09
 as  33   0.521051 -1.778949  0.030385 -0.380291 1.80185E-10
 se  34   1.555454 -1.784546  0.024788 -0.385888 2.05551E-09
 br  35   0.777896 -1.762104  0.047229 -0.363446 3.47154E-10
 kr  36   1.514665 -1.735335  0.073998 -0.336678 1.98590E-09
 rb  37   0.632792 -1.727208  0.082125 -0.328551 2.65860E-10
 sr  38   1.279557 -1.600443  0.208890 -0.201785 1.20842E-09
  y  39   0.605574 -1.564426  0.244907 -0.165769 2.59754E-10
 zr  40   0.965215 -1.564785  0.244548 -0.166127 6.10074E-10
 nb  41  -0.181113 -1.591113  0.218220 -0.192455 4.43598E-11
 mo  42   0.221601 -1.718400  0.090934 -0.319742 1.15787E-10
 tc  43  -2.364818 -9.000000  0.000000  0.000000 3.06526E-13
 ru  44  -0.013051 -1.773051  0.036282 -0.374393 7.10607E-11
 rh  45  -0.692286 -1.752285  0.057048 -0.353628 1.51431E-11
 pd  46  -0.028871 -1.678871  0.130463 -0.280213 7.21459E-11
 ag  47  -0.559659 -1.759659  0.049674 -0.361001 2.15423E-11
 cd  48   0.078746 -1.631254  0.178079 -0.232596 9.76368E-11
 in  49  -0.923151 -1.683151  0.126182 -0.284493 9.92928E-12
 sn  50   0.458966 -1.611034  0.198300 -0.212376 2.47464E-10
 sb  51  -0.890952 -1.900952 -0.091619 -0.502294 1.13400E-11
 te  52   0.108689 -2.071311 -0.261977 -0.672653 1.18740E-10
  i  53  -0.236993 -1.786993  0.022341 -0.388335 5.32772E-11
 xe  54   0.487558 -1.752442  0.056892 -0.353784 2.92320E-10
 cs  55  -0.516253 -1.596253  0.213081 -0.197595 2.93324E-11
 ba  56   0.753153 -1.426847  0.382486 -0.028189 5.63595E-10
 la  57  -0.259375 -1.429375  0.379959 -0.030717 5.53866E-11
 ce  58   0.205535 -1.374465  0.434868  0.024193 1.62960E-10
 pr  59  -0.734182 -1.494182  0.315151 -0.095525 1.88283E-11
 nd  60  -0.003695 -1.453696  0.355638 -0.055038 1.03621E-10
 pm  61   0.000000 -9.000000  0.000000  0.000000 0.00000E+00
 sm  62  -0.725492 -1.665492  0.143842 -0.266834 2.04974E-11
 eu  63  -1.239831 -1.749831  0.059502 -0.351173 6.33823E-12
 gd  64  -0.625357 -1.675357  0.133977 -0.276699 2.69956E-11
 tb  65  -1.413365 -1.733365  0.075968 -0.334707 4.44514E-12
 dy  66  -0.533072 -1.663072  0.146261 -0.264415 3.45016E-11
 ho  67  -1.269616 -1.739616  0.069717 -0.340958 6.42306E-12
 er  68  -0.720453 -1.640453  0.168880 -0.241796 2.30672E-11
 tm  69  -1.559958 -1.679958  0.129376 -0.281300 3.37146E-12
 yb  70  -0.608500 -1.528500  0.280834 -0.129842 3.08820E-11
 lu  71  -1.474107 -1.564107  0.245227 -0.165449 4.25508E-12
 hf  72  -0.665245 -1.375245  0.434088  0.023413 2.79529E-11
 ta  73  -1.534841 -1.414841  0.394493 -0.016183 3.82623E-12
  w  74  -0.723140 -1.373140  0.436194  0.025518 2.51976E-11
 re  75  -1.374732 -1.634732  0.174601 -0.236074 5.69275E-12
 os  76  -0.337475 -1.687475  0.121858 -0.288817 6.33669E-11
 ir  77  -0.468320 -1.788320  0.021013 -0.389662 4.73729E-11
 pt  78  -0.153561 -1.773561  0.035773 -0.374903 9.92444E-11
 au  79  -0.939569 -1.739568  0.069765 -0.340911 1.64015E-11
 hg  80  -0.235899 -1.405899  0.403434 -0.007241 8.44246E-11
 tl  81  -0.543255 -1.313255  0.496078  0.085403 4.23885E-11
 pb  82   1.567156 -0.472844  1.336489  0.925814 5.54120E-09
 bi  83  -0.187764 -0.837764  0.971569  0.560894 9.82651E-11
 po  84   0.674354 -9.000000  0.000000  0.000000 7.15416E-10
#[ls/Fe]_Thiswork =   0.2328, [hs/Fe]_Thiswork =   0.3991
#[hs/ls]_Thiswork =   0.1663, [Pb/hs]_Thiswork =   0.9374
# Elemental abundance ratios: 
# He/H =  9.4676E-02, C/O =  3.7077E+00, N/O = 3.55909E-01
#
#  TP   Mass     Mcore    Menv    log L
# 19 0.794528 0.675935 0.118593 3.954226
# El  Z   log e(X)   [X/H]    [X/Fe]     [X/O]      X(i)
  p   1  12.000000  0.000000  0.000000  0.000000 7.30289E-01
 he   2  10.976328  0.046328  1.855661  1.444985 2.74630E-01
  c   6   7.899266 -0.570734  1.238599  0.827924 6.90049E-04
  n   7   6.890215 -0.979785  0.829548  0.418873 7.88124E-05
  o   8   7.330994 -1.399006  0.410327  0.000000 2.48382E-04
  f   9   3.379829 -1.080171  0.729163  0.318835 3.30044E-08
 ne  10   6.623934 -1.346066  0.463267  0.052940 6.15020E-05
 na  11   4.649590 -1.660410  0.148923 -0.261404 7.43299E-07
 mg  12   6.125181 -1.514819  0.294515 -0.115813 2.34915E-05
 al  13   4.645265 -1.824735 -0.015401 -0.425729 8.63721E-07
 si  14   5.881262 -1.668738  0.140595 -0.269732 1.54805E-05
  p  15   3.675154 -1.794846  0.014487 -0.395840 1.06215E-07
  s  16   5.670228 -1.489772  0.319561 -0.090766 1.08716E-05
 cl  17   3.428653 -1.801347  0.007986 -0.402341 6.89192E-08
 ar  18   4.974616 -1.465384  0.343949 -0.066379 2.72989E-06
  k  19   3.459557 -1.620443  0.188890 -0.221437 8.16103E-08
 ca  20   4.808113 -1.481887  0.327446 -0.082881 1.86661E-06
 sc  21   1.487798 -1.562202  0.247131 -0.163196 1.00143E-09
 ti  22   3.480179 -1.429821  0.379512 -0.030815 1.04773E-07
  v  23   2.396287 -1.563713  0.245620 -0.164707 9.19174E-09
 cr  24   3.983722 -1.656278  0.153055 -0.257272 3.62849E-07
 mn  25   3.147923 -2.332077 -0.522743 -0.933071 5.59539E-08
 fe  26   5.730691 -1.809309  0.000000 -0.410303 2.17625E-05
 co  27   3.077440 -1.792560  0.016749 -0.393554 5.10308E-08
 ni  28   4.392335 -1.807664  0.001645 -0.408659 1.04944E-06
 cu  29   2.074163 -2.175837 -0.366528 -0.776831 5.46117E-09
 zn  30   3.078850 -1.551150  0.258159 -0.152144 5.68227E-08
 ga  31   1.330764 -1.749236  0.060073 -0.350230 1.08187E-09
 ge  32   1.792595 -1.787405  0.021904 -0.388399 3.26442E-09
 as  33   0.521037 -1.778963  0.030346 -0.379957 1.80169E-10
 se  34   1.555244 -1.784755  0.024554 -0.385750 2.05440E-09
 br  35   0.778758 -1.761242  0.048067 -0.362236 3.47825E-10
 kr  36   1.514585 -1.735415  0.073894 -0.336410 1.98542E-09
 rb  37   0.632674 -1.727326  0.081983 -0.328320 2.65774E-10
 sr  38   1.279314 -1.600686  0.208623 -0.201680 1.20768E-09
  y  39   0.605279 -1.564721  0.244588 -0.165715 2.59564E-10
 zr  40   0.964905 -1.565095  0.244214 -0.166089 6.09604E-10
 nb  41  -0.181399 -1.591399  0.217910 -0.192393 4.43281E-11
 mo  42   0.221313 -1.718688  0.090621 -0.319682 1.15704E-10
 tc  43  -2.470555 -9.000000  0.000000  0.000000 2.40273E-13
 ru  44  -0.012867 -1.772867  0.036442 -0.373861 7.10869E-11
 rh  45  -0.692360 -1.752360  0.056949 -0.353354 1.51396E-11
 pd  46  -0.029196 -1.679196  0.130113 -0.280190 7.20879E-11
 ag  47  -0.559510 -1.759510  0.049799 -0.360504 2.15485E-11
 cd  48   0.078444 -1.631556  0.177753 -0.232550 9.75637E-11
 in  49  -0.923363 -1.683363  0.125946 -0.284357 9.92389E-12
 sn  50   0.458611 -1.611388  0.197921 -0.212383 2.47248E-10
 sb  51  -0.891176 -1.901176 -0.091867 -0.502170 1.13335E-11
 te  52   0.108391 -2.071609 -0.262300 -0.672603 1.18652E-10
  i  53  -0.237012 -1.787012  0.022297 -0.388006 5.32718E-11
 xe  54   0.487412 -1.752588  0.056721 -0.353582 2.92205E-10
 cs  55  -0.519100 -1.599100  0.210209 -0.200094 2.91391E-11
 ba  56   0.752754 -1.427246  0.382063 -0.028240 5.63046E-10
 la  57  -0.259922 -1.429922  0.379387 -0.030916 5.53138E-11
 ce  58   0.204918 -1.375082  0.434227  0.023924 1.62720E-10
 pr  59  -0.734682 -1.494682  0.314627 -0.095676 1.88056E-11
 nd  60  -0.004268 -1.454268  0.355041 -0.055262 1.03479E-10
 pm  61   0.000000 -9.000000  0.000000  0.000000 0.00000E+00
 sm  62  -0.725946 -1.665946  0.143363 -0.266941 2.04748E-11
 eu  63  -1.239939 -1.749939  0.059370 -0.350933 6.33631E-12
 gd  64  -0.625606 -1.675606  0.133703 -0.276600 2.69786E-11
 tb  65  -1.413507 -1.733507  0.075802 -0.334502 4.44344E-12
 dy  66  -0.533344 -1.663344  0.145965 -0.264338 3.44781E-11
 ho  67  -1.269745 -1.739745  0.069564 -0.340739 6.42079E-12
 er  68  -0.720774 -1.640774  0.168535 -0.241768 2.30489E-11
 tm  69  -1.560200 -1.680200  0.129109 -0.281194 3.36940E-12
 yb  70  -0.609040 -1.529040  0.280269 -0.130034 3.08419E-11
 lu  71  -1.474532 -1.564532  0.244777 -0.165526 4.25068E-12
 hf  72  -0.666140 -1.376140  0.433169  0.022866 2.78939E-11
 ta  73  -1.535437 -1.415437  0.393872 -0.016431 3.82077E-12
  w  74  -0.723476 -1.373476  0.435833  0.025530 2.51767E-11
 re  75  -1.375120 -1.635120  0.174189 -0.236114 5.68735E-12
 os  76  -0.337700 -1.687700  0.121609 -0.288694 6.33306E-11
 ir  77  -0.468346 -1.788346  0.020963 -0.389340 4.73675E-11
 pt  78  -0.153687 -1.773687  0.035622 -0.374682 9.92098E-11
 au  79  -0.939699 -1.739699  0.069610 -0.340693 1.63957E-11
 hg  80  -0.236536 -1.406536  0.402773 -0.007530 8.42962E-11
 tl  81  -0.543825 -1.313825  0.495484  0.085181 4.23305E-11
 pb  82   1.566171 -0.473829  1.335480  0.925177 5.52834E-09
 bi  83  -0.188684 -0.838683  0.970626  0.560322 9.80517E-11
 po  84   0.673321 -9.000000  0.000000  0.000000 7.13676E-10
#[ls/Fe]_Thiswork =   0.2325, [hs/Fe]_Thiswork =   0.3986
#[hs/ls]_Thiswork =   0.1661, [Pb/hs]_Thiswork =   0.9369
# Elemental abundance ratios: 
# He/H =  9.4695E-02, C/O =  3.7006E+00, N/O = 3.62428E-01
#
#  TP   Mass     Mcore    Menv    log L
# 20 0.767668 0.682812 0.084857 3.970173
# El  Z   log e(X)   [X/H]    [X/Fe]     [X/O]      X(i)
  p   1  12.000000  0.000000  0.000000  0.000000 7.30182E-01
 he   2  10.976560  0.046559  1.855868  1.445565 2.74736E-01
  c   6   7.898010 -0.571990  1.237319  0.827015 6.87955E-04
  n   7   6.899937 -0.970063  0.839246  0.428943 8.05848E-05
  o   8   7.330567 -1.399432  0.409877  0.000000 2.48102E-04
  f   9   3.378576 -1.081424  0.727885  0.318008 3.29044E-08
 ne  10   6.623599 -1.346401  0.462908  0.053031 6.14457E-05
 na  11   4.656801 -1.653199  0.156110 -0.253767 7.55634E-07
 mg  12   6.125160 -1.514840  0.294469 -0.115407 2.34870E-05
 al  13   4.649352 -1.820648 -0.011339 -0.421216 8.71759E-07
 si  14   5.881337 -1.668663  0.140646 -0.269231 1.54810E-05
  p  15   3.675194 -1.794806  0.014503 -0.395374 1.06209E-07
  s  16   5.670291 -1.489708  0.319601 -0.090276 1.08716E-05
 cl  17   3.428711 -1.801289  0.008020 -0.401857 6.89183E-08
 ar  18   4.974679 -1.465321  0.343988 -0.065889 2.72989E-06
  k  19   3.459619 -1.620381  0.188928 -0.220949 8.16102E-08
 ca  20   4.808177 -1.481823  0.327486 -0.082391 1.86661E-06
 sc  21   1.487854 -1.562146  0.247163 -0.162714 1.00141E-09
 ti  22   3.480241 -1.429759  0.379550 -0.030327 1.04773E-07
  v  23   2.396351 -1.563649  0.245660 -0.164217 9.19175E-09
 cr  24   3.983785 -1.656215  0.153094 -0.256783 3.62849E-07
 mn  25   3.147984 -2.332016 -0.522707 -0.932584 5.59535E-08
 fe  26   5.730755 -1.809245  0.000000 -0.409813 2.17626E-05
 co  27   3.077485 -1.792515  0.016730 -0.393083 5.10287E-08
 ni  28   4.392399 -1.807601  0.001644 -0.408169 1.04944E-06
 cu  29   2.074126 -2.175874 -0.366629 -0.776442 5.45991E-09
 zn  30   3.078905 -1.551095  0.258150 -0.151663 5.68217E-08
 ga  31   1.330769 -1.749231  0.060014 -0.349799 1.08172E-09
 ge  32   1.792602 -1.787398  0.021847 -0.387966 3.26399E-09
 as  33   0.521069 -1.778931  0.030314 -0.379499 1.80156E-10
 se  34   1.555118 -1.784882  0.024363 -0.385450 2.05350E-09
 br  35   0.779472 -1.760528  0.048717 -0.361095 3.48347E-10
 kr  36   1.514558 -1.735442  0.073803 -0.336010 1.98501E-09
 rb  37   0.632616 -1.727384  0.081861 -0.327952 2.65699E-10
 sr  38   1.279147 -1.600853  0.208392 -0.201421 1.20704E-09
  y  39   0.605067 -1.564933  0.244312 -0.165501 2.59400E-10
 zr  40   0.964680 -1.565320  0.243925 -0.165888 6.09200E-10
 nb  41  -0.181603 -1.591603  0.217642 -0.192171 4.43008E-11
 mo  42   0.221107 -1.718893  0.090353 -0.319460 1.15632E-10
 tc  43  -2.568677 -9.000000  0.000000  0.000000 1.91655E-13
 ru  44  -0.012718 -1.772718  0.036527 -0.373286 7.11008E-11
 rh  45  -0.692381 -1.752381  0.056864 -0.352949 1.51367E-11
 pd  46  -0.029436 -1.679436  0.129809 -0.280004 7.20373E-11
 ag  47  -0.559328 -1.759328  0.049917 -0.359896 2.15544E-11
 cd  48   0.078228 -1.631772  0.177473 -0.232340 9.75007E-11
 in  49  -0.923502 -1.683502  0.125743 -0.284070 9.91925E-12
 sn  50   0.458348 -1.611652  0.197593 -0.212219 2.47062E-10
 sb  51  -0.891327 -1.901327 -0.092082 -0.501895 1.13279E-11
 te  52   0.108177 -2.071823 -0.262578 -0.672391 1.18576E-10
  i  53  -0.236986 -1.786986  0.022259 -0.387554 5.32672E-11
 xe  54   0.487329 -1.752671  0.056575 -0.353238 2.92107E-10
 cs  55  -0.521639 -1.601639  0.207606 -0.202207 2.89650E-11
 ba  56   0.752459 -1.427541  0.381704 -0.028109 5.62581E-10
 la  57  -0.260351 -1.430351  0.378894 -0.030919 5.52511E-11
 ce  58   0.204429 -1.375571  0.433674  0.023861 1.62513E-10
 pr  59  -0.735070 -1.495070  0.314175 -0.095638 1.87861E-11
 nd  60  -0.004718 -1.454718  0.354527 -0.055286 1.03357E-10
 pm  61   0.000000 -9.000000  0.000000  0.000000 0.00000E+00
 sm  62  -0.726295 -1.666296  0.142950 -0.266863 2.04554E-11
 eu  63  -1.239989 -1.749989  0.059256 -0.350557 6.33465E-12
 gd  64  -0.625778 -1.675778  0.133467 -0.276346 2.69639E-11
 tb  65  -1.413587 -1.733587  0.075659 -0.334154 4.44198E-12
 dy  66  -0.533537 -1.663537  0.145708 -0.264105 3.44578E-11
 ho  67  -1.269814 -1.739814  0.069432 -0.340381 6.41884E-12
 er  68  -0.721008 -1.641008  0.168237 -0.241576 2.30331E-11
 tm  69  -1.560366 -1.680366  0.128879 -0.280933 3.36762E-12
 yb  70  -0.609464 -1.529464  0.279781 -0.130032 3.08073E-11
 lu  71  -1.474855 -1.564855  0.244390 -0.165423 4.24689E-12
 hf  72  -0.666883 -1.376884  0.432362  0.022549 2.78420E-11
 ta  73  -1.535909 -1.415909  0.393336 -0.016477 3.81607E-12
  w  74  -0.723706 -1.373706  0.435539  0.025726 2.51597E-11
 re  75  -1.375411 -1.635411  0.173834 -0.235979 5.68271E-12
 os  76  -0.337851 -1.687851  0.121395 -0.288418 6.32994E-11
 ir  77  -0.468325 -1.788325  0.020920 -0.388893 4.73628E-11
 pt  78  -0.153755 -1.773755  0.035490 -0.374323 9.91800E-11
 au  79  -0.939769 -1.739769  0.069476 -0.340337 1.63906E-11
 hg  80  -0.237042 -1.407042  0.402203 -0.007610 8.41856E-11
 tl  81  -0.544268 -1.314268  0.494977  0.085165 4.22813E-11
 pb  82   1.565364 -0.474636  1.334609  0.924796 5.51727E-09
 bi  83  -0.189435 -0.839435  0.969810  0.559997 9.78679E-11
 po  84   0.672472 -9.000000  0.000000  0.000000 7.12179E-10
#[ls/Fe]_Thiswork =   0.2322, [hs/Fe]_Thiswork =   0.3981
#[hs/ls]_Thiswork =   0.1659, [Pb/hs]_Thiswork =   0.9365
# Elemental abundance ratios: 
# He/H =  9.4746E-02, C/O =  3.6935E+00, N/O = 3.70997E-01
#
#  TP   Mass     Mcore    Menv    log L
# 21 0.745829 0.689485 0.056345 3.985100
# El  Z   log e(X)   [X/H]    [X/Fe]     [X/O]      X(i)
  p   1  12.000000  0.000000  0.000000  0.000000 7.29985E-01
 he   2  10.976991  0.046990  1.856236  1.446423 2.74934E-01
  c   6   7.895871 -0.574129  1.235116  0.825303 6.84390E-04
  n   7   6.912195 -0.957805  0.851440  0.441628 8.28692E-05
  o   8   7.329957 -1.400042  0.409203  0.000000 2.47687E-04
  f   9   3.376200 -1.083800  0.725445  0.316242 3.27160E-08
 ne  10   6.622855 -1.347145  0.462100  0.052897 6.13238E-05
 na  11   4.664786 -1.645214  0.164031 -0.245172 7.69446E-07
 mg  12   6.125092 -1.514908  0.294337 -0.114866 2.34769E-05
 al  13   4.657185 -1.812815 -0.003570 -0.412773 8.87386E-07
 si  14   5.881501 -1.668499  0.140746 -0.268457 1.54826E-05
  p  15   3.675255 -1.794745  0.014500 -0.394703 1.06195E-07
  s  16   5.670410 -1.489590  0.319655 -0.089548 1.08716E-05
 cl  17   3.428817 -1.801183  0.008062 -0.401141 6.89164E-08
 ar  18   4.974798 -1.465202  0.344043 -0.065160 2.72989E-06
  k  19   3.459734 -1.620266  0.188979 -0.220224 8.16096E-08
 ca  20   4.808295 -1.481705  0.327540 -0.081663 1.86661E-06
 sc  21   1.487953 -1.562047  0.247198 -0.162005 1.00137E-09
 ti  22   3.480357 -1.429643  0.379602 -0.029601 1.04772E-07
  v  23   2.396470 -1.563530  0.245715 -0.163488 9.19177E-09
 cr  24   3.983903 -1.656097  0.153148 -0.256055 3.62849E-07
 mn  25   3.148093 -2.331907 -0.522662 -0.931865 5.59524E-08
 fe  26   5.730873 -1.809127  0.000000 -0.409085 2.17626E-05
 co  27   3.077555 -1.792445  0.016682 -0.392403 5.10230E-08
 ni  28   4.392514 -1.807486  0.001641 -0.407444 1.04943E-06
 cu  29   2.073999 -2.176001 -0.366874 -0.775959 5.45684E-09
 zn  30   3.079003 -1.550997  0.258130 -0.150955 5.68191E-08
 ga  31   1.330742 -1.749258  0.059869 -0.349216 1.08136E-09
 ge  32   1.792580 -1.787420  0.021707 -0.387378 3.26294E-09
 as  33   0.521107 -1.778893  0.030234 -0.378851 1.80123E-10
 se  34   1.554963 -1.785037  0.024090 -0.384995 2.05222E-09
 br  35   0.780021 -1.759979  0.049148 -0.359937 3.48692E-10
 kr  36   1.514455 -1.735545  0.073582 -0.335503 1.98400E-09
 rb  37   0.632437 -1.727563  0.081564 -0.327521 2.65517E-10
 sr  38   1.278700 -1.601300  0.207827 -0.201258 1.20547E-09
  y  39   0.604513 -1.565487  0.243640 -0.165445 2.58999E-10
 zr  40   0.964093 -1.565907  0.243220 -0.165865 6.08213E-10
 nb  41  -0.182139 -1.592139  0.216987 -0.192097 4.42341E-11
 mo  42   0.220569 -1.719431  0.089695 -0.319389 1.15457E-10
 tc  43  -2.661422 -9.000000  0.000000  0.000000 1.54760E-13
 ru  44  -0.012910 -1.772910  0.036217 -0.372868 7.10503E-11
 rh  45  -0.692472 -1.752471  0.056655 -0.352429 1.51294E-11
 pd  46  -0.029977 -1.679977  0.129150 -0.279935 7.19283E-11
 ag  47  -0.559217 -1.759218  0.049909 -0.359175 2.15540E-11
 cd  48   0.077660 -1.632340  0.176786 -0.232298 9.73469E-11
 in  49  -0.923882 -1.683882  0.125245 -0.283839 9.90791E-12
 sn  50   0.457666 -1.612334  0.196793 -0.212291 2.46608E-10
 sb  51  -0.891733 -1.901733 -0.092606 -0.501691 1.13142E-11
 te  52   0.107615 -2.072385 -0.263258 -0.672343 1.18391E-10
  i  53  -0.236960 -1.786960  0.022166 -0.386918 5.32560E-11
 xe  54   0.487088 -1.752912  0.056215 -0.352870 2.91866E-10
 cs  55  -0.524359 -1.604359  0.204768 -0.204317 2.87763E-11
 ba  56   0.751509 -1.428491  0.380635 -0.028449 5.61200E-10
 la  57  -0.261439 -1.431439  0.377688 -0.031397 5.50979E-11
 ce  58   0.203193 -1.376807  0.432320  0.023235 1.62007E-10
 pr  59  -0.736058 -1.496058  0.313069 -0.096016 1.87383E-11
 nd  60  -0.005859 -1.455859  0.353267 -0.055817 1.03058E-10
 pm  61   0.000000 -9.000000  0.000000  0.000000 0.00000E+00
 sm  62  -0.727189 -1.667189  0.141938 -0.267147 2.04078E-11
 eu  63  -1.240149 -1.750149  0.058977 -0.350107 6.33059E-12
 gd  64  -0.626238 -1.676238  0.132889 -0.276196 2.69281E-11
 tb  65  -1.413818 -1.733818  0.075309 -0.333776 4.43841E-12
 dy  66  -0.534043 -1.664043  0.145084 -0.264001 3.44083E-11
 ho  67  -1.270020 -1.740020  0.069107 -0.339978 6.41407E-12
 er  68  -0.721620 -1.641620  0.167507 -0.241578 2.29945E-11
 tm  69  -1.560809 -1.680809  0.128318 -0.280767 3.36326E-12
 yb  70  -0.610538 -1.530538  0.278589 -0.130496 3.07229E-11
 lu  71  -1.475686 -1.565686  0.243441 -0.165644 4.23763E-12
 hf  72  -0.668376 -1.378376  0.430751  0.021666 2.77390E-11
 ta  73  -1.537100 -1.417100  0.392027 -0.017058 3.80458E-12
  w  74  -0.724728 -1.374728  0.434399  0.025314 2.50937E-11
 re  75  -1.376162 -1.636162  0.172965 -0.236120 5.67136E-12
 os  76  -0.338257 -1.688257  0.120870 -0.288215 6.32230E-11
 ir  77  -0.468312 -1.788312  0.020815 -0.388270 4.73514E-11
 pt  78  -0.153956 -1.773956  0.035170 -0.373914 9.91073E-11
 au  79  -0.939977 -1.739977  0.069150 -0.339935 1.63783E-11
 hg  80  -0.238321 -1.408321  0.400806 -0.008279 8.39154E-11
 tl  81  -0.545557 -1.315557  0.493570  0.084485 4.21445E-11
 pb  82   1.563347 -0.476653  1.332474  0.923389 5.49022E-09
 bi  83  -0.191315 -0.841315  0.967812  0.558727 9.74189E-11
 po  84   0.670352 -9.000000  0.000000  0.000000 7.08518E-10
#[ls/Fe]_Thiswork =   0.2316, [hs/Fe]_Thiswork =   0.3969
#[hs/ls]_Thiswork =   0.1653, [Pb/hs]_Thiswork =   0.9356
# Elemental abundance ratios: 
# He/H =  9.4840E-02, C/O =  3.6806E+00, N/O = 3.82153E-01
#
#  TP   Mass     Mcore    Menv    log L
# 22 0.732080 0.695957 0.036123 3.999445
# El  Z   log e(X)   [X/H]    [X/Fe]     [X/O]      X(i)
  p   1  12.000000  0.000000  0.000000  0.000000 7.29912E-01
 he   2  10.977165  0.047165  1.856292  1.447207 2.75018E-01
  c   6   7.889018 -0.580982  1.228145  0.819060 6.73607E-04
  n   7   6.915703 -0.954297  0.854830  0.445745 8.35330E-05
  o   8   7.329008 -1.400991  0.408135  0.000000 2.47121E-04
  f   9   3.366739 -1.093261  0.715866  0.307731 3.20078E-08
 ne  10   6.618783 -1.351216  0.457911  0.049775 6.07455E-05
 na  11   4.662798 -1.647202  0.161925 -0.246210 7.65856E-07
 mg  12   6.124850 -1.515150  0.293977 -0.114158 2.34615E-05
 al  13   4.662983 -1.807016  0.002110 -0.406025 8.99222E-07
 si  14   5.881618 -1.668382  0.140745 -0.267391 1.54852E-05
  p  15   3.674984 -1.795016  0.014111 -0.394024 1.06119E-07
  s  16   5.670455 -1.489545  0.319582 -0.088554 1.08716E-05
 cl  17   3.428757 -1.801243  0.007884 -0.400252 6.89000E-08
 ar  18   4.974845 -1.465155  0.343972 -0.064163 2.72992E-06
  k  19   3.459757 -1.620243  0.188884 -0.219252 8.16059E-08
 ca  20   4.808344 -1.481656  0.327471 -0.080665 1.86664E-06
 sc  21   1.487894 -1.562106  0.247021 -0.161114 1.00113E-09
 ti  22   3.480390 -1.429610  0.379517 -0.028619 1.04770E-07
  v  23   2.396520 -1.563480  0.245646 -0.162489 9.19189E-09
 cr  24   3.983948 -1.656052  0.153075 -0.255061 3.62850E-07
 mn  25   3.148090 -2.331910 -0.522783 -0.930918 5.59464E-08
 fe  26   5.730920 -1.809080  0.000000 -0.408089 2.17628E-05
 co  27   3.077326 -1.792674  0.016406 -0.391683 5.09911E-08
 ni  28   4.392538 -1.807462  0.001618 -0.406470 1.04938E-06
 cu  29   2.072682 -2.177318 -0.368237 -0.776326 5.43976E-09
 zn  30   3.078940 -1.551060  0.258020 -0.150068 5.68051E-08
 ga  31   1.329984 -1.750016  0.059064 -0.349025 1.07937E-09
 ge  32   1.791848 -1.788152  0.020928 -0.387160 3.25712E-09
 as  33   0.520710 -1.779290  0.029790 -0.378299 1.79940E-10
 se  34   1.553946 -1.786054  0.023026 -0.385063 2.04721E-09
 br  35   0.779789 -1.760211  0.048869 -0.359220 3.48471E-10
 kr  36   1.513273 -1.736727  0.072353 -0.335735 1.97841E-09
 rb  37   0.630827 -1.729173  0.079907 -0.328182 2.64509E-10
 sr  38   1.275599 -1.604401  0.204679 -0.203409 1.19677E-09
  y  39   0.600809 -1.569191  0.239889 -0.168200 2.56774E-10
 zr  40   0.960207 -1.569793  0.239287 -0.168802 6.02734E-10
 nb  41  -0.185744 -1.595744  0.213336 -0.194753 4.38641E-11
 mo  42   0.216950 -1.723050  0.086030 -0.322058 1.14488E-10
 tc  43  -2.757506 -9.000000  0.000000  0.000000 1.24031E-13
 ru  44  -0.015685 -1.775685  0.033395 -0.374694 7.05906E-11
 rh  45  -0.693584 -1.753584  0.055496 -0.352593 1.50892E-11
 pd  46  -0.033351 -1.683351  0.125729 -0.282359 7.13645E-11
 ag  47  -0.560047 -1.760047  0.049033 -0.359056 2.15107E-11
 cd  48   0.073879 -1.636121  0.172959 -0.235129 9.64934E-11
 in  49  -0.926605 -1.686605  0.122475 -0.285614 9.84498E-12
 sn  50   0.453249 -1.616751  0.192329 -0.215760 2.44088E-10
 sb  51  -0.894608 -1.904608 -0.095528 -0.503617 1.12384E-11
 te  52   0.103870 -2.076130 -0.267050 -0.675138 1.17363E-10
  i  53  -0.237424 -1.787424  0.021656 -0.386432 5.31938E-11
 xe  54   0.485135 -1.754865  0.054215 -0.353873 2.90527E-10
 cs  55  -0.530245 -1.610245  0.198835 -0.209253 2.83861E-11
 ba  56   0.745050 -1.434950  0.374130 -0.033958 5.52861E-10
 la  57  -0.268147 -1.438147  0.370933 -0.037156 5.42479E-11
 ce  58   0.195647 -1.384353  0.424727  0.016639 1.59201E-10
 pr  59  -0.742200 -1.502200  0.306880 -0.101208 1.84733E-11
 nd  60  -0.012866 -1.462866  0.346214 -0.061875 1.01398E-10
 pm  61   0.000000 -9.000000  0.000000  0.000000 0.00000E+00
 sm  62  -0.732799 -1.672799  0.136281 -0.271807 2.01439E-11
 eu  63  -1.241652 -1.751652  0.057429 -0.350660 6.30810E-12
 gd  64  -0.629410 -1.679410  0.129670 -0.278418 2.67295E-11
 tb  65  -1.415718 -1.735718  0.073362 -0.334727 4.41859E-12
 dy  66  -0.537479 -1.667479  0.141601 -0.266488 3.41337E-11
 ho  67  -1.271772 -1.741772  0.067308 -0.340781 6.38760E-12
 er  68  -0.725641 -1.645641  0.163439 -0.244650 2.27802E-11
 tm  69  -1.563894 -1.683894  0.125186 -0.282903 3.33912E-12
 yb  70  -0.617164 -1.537164  0.271916 -0.136172 3.02547E-11
 lu  71  -1.480941 -1.570941  0.238139 -0.169949 4.18625E-12
 hf  72  -0.676305 -1.386305  0.422775  0.014687 2.72345E-11
 ta  73  -1.544395 -1.424395  0.384685 -0.023404 3.74083E-12
  w  74  -0.732273 -1.382273  0.426807  0.018718 2.46591E-11
 re  75  -1.380965 -1.640965  0.168115 -0.239974 5.60842E-12
 os  76  -0.341135 -1.691135  0.117945 -0.290144 6.27992E-11
 ir  77  -0.468849 -1.788849  0.020231 -0.387858 4.72881E-11
 pt  78  -0.155686 -1.775686  0.033394 -0.374695 9.87034E-11
 au  79  -0.941748 -1.741748  0.067333 -0.340756 1.63101E-11
 hg  80  -0.246107 -1.416107  0.392973 -0.015116 8.24160E-11
 tl  81  -0.553891 -1.323891  0.485189  0.077100 4.13393E-11
 pb  82   1.551360 -0.488640  1.320440  0.912352 5.34022E-09
 bi  83  -0.202522 -0.852522  0.956558  0.548469 9.49275E-11
 po  84   0.657765 -9.000000  0.000000  0.000000 6.88211E-10
#[ls/Fe]_Thiswork =   0.2280, [hs/Fe]_Thiswork =   0.3899
#[hs/ls]_Thiswork =   0.1620, [Pb/hs]_Thiswork =   0.9305
# Elemental abundance ratios: 
# He/H =  9.4878E-02, C/O =  3.6309E+00, N/O = 3.86096E-01
#
# Final abundances
# El  Z   log e(X)   [X/H]    [X/Fe]     [X/O]      X(i)
  p   1  12.000000  0.000000  0.000000  0.000000 7.29008E-01
 he   2  10.979136  0.049135  1.857673  1.451839 2.75926E-01
  c   6   7.880243 -0.589757  1.218781  0.812947 6.59317E-04
  n   7   6.938641 -0.931359  0.877179  0.471344 8.79544E-05
  o   8   7.327296 -1.402704  0.405834  0.000000 2.45845E-04
  f   9   3.355325 -1.104675  0.703863  0.298028 3.11390E-08
 ne  10   6.614590 -1.355410  0.453128  0.047294 6.00873E-05
 na  11   4.669568 -1.640432  0.168106 -0.237728 7.76924E-07
 mg  12   6.124428 -1.515572  0.292966 -0.112868 2.34097E-05
 al  13   4.693110 -1.776890  0.031648 -0.374186 9.62622E-07
 si  14   5.882765 -1.667235  0.141303 -0.264531 1.55070E-05
  p  15   3.675177 -1.794823  0.013715 -0.392119 1.06034E-07
  s  16   5.670993 -1.489007  0.319531 -0.086303 1.08717E-05
 cl  17   3.429248 -1.800752  0.007786 -0.398048 6.88928E-08
 ar  18   4.975388 -1.464612  0.343926 -0.061908 2.72995E-06
  k  19   3.460274 -1.619726  0.188812 -0.217022 8.16020E-08
 ca  20   4.808887 -1.481112  0.327425 -0.078409 1.86666E-06
 sc  21   1.488321 -1.561679  0.246859 -0.158975 1.00088E-09
 ti  22   3.480915 -1.429085  0.379453 -0.026381 1.04767E-07
  v  23   2.397063 -1.562937  0.245601 -0.160233 9.19203E-09
 cr  24   3.984487 -1.655513  0.153025 -0.252810 3.62852E-07
 mn  25   3.148578 -2.331422 -0.522884 -0.928719 5.59400E-08
 fe  26   5.731462 -1.808538  0.000000 -0.405834 2.17630E-05
 co  27   3.077571 -1.792429  0.016109 -0.389725 5.09567E-08
 ni  28   4.393055 -1.806945  0.001593 -0.404241 1.04933E-06
 cu  29   2.071749 -2.178251 -0.369713 -0.775548 5.42137E-09
 zn  30   3.079362 -1.550638  0.257900 -0.147934 5.67899E-08
 ga  31   1.329656 -1.750344  0.058194 -0.347641 1.07722E-09
 ge  32   1.791549 -1.788451  0.020087 -0.385747 3.25085E-09
 as  33   0.520772 -1.779228  0.029310 -0.376524 1.79744E-10
 se  34   1.553359 -1.786641  0.021897 -0.383937 2.04192E-09
 br  35   0.779899 -1.760101  0.048437 -0.357398 3.48128E-10
 kr  36   1.512486 -1.737514  0.071024 -0.334810 1.97239E-09
 rb  37   0.629578 -1.730422  0.078116 -0.327718 2.63423E-10
 sr  38   1.272725 -1.607275  0.201263 -0.204571 1.18741E-09
  y  39   0.597275 -1.572725  0.235813 -0.170022 2.54377E-10
 zr  40   0.956472 -1.573528  0.235010 -0.170824 5.96834E-10
 nb  41  -0.189170 -1.599170  0.209368 -0.196466 4.34657E-11
 mo  42   0.213509 -1.726491  0.082047 -0.323788 1.13444E-10
 tc  43  -2.849167 -9.000000  0.000000  0.000000 1.00307E-13
 ru  44  -0.018264 -1.778264  0.030274 -0.375560 7.00859E-11
 rh  45  -0.694294 -1.754294  0.054244 -0.351590 1.50459E-11
 pd  46  -0.036515 -1.686515  0.122023 -0.283811 7.07588E-11
 ag  47  -0.560484 -1.760484  0.048054 -0.357780 2.14625E-11
 cd  48   0.070260 -1.639740  0.168798 -0.237036 9.55742E-11
 in  49  -0.929068 -1.689068  0.119470 -0.286364 9.77720E-12
 sn  50   0.448929 -1.621071  0.187467 -0.218367 2.41373E-10
 sb  51  -0.897236 -1.907236 -0.098698 -0.504532 1.11568E-11
 te  52   0.100289 -2.079711 -0.271173 -0.677007 1.16255E-10
  i  53  -0.237434 -1.787434  0.021104 -0.384731 5.31267E-11
 xe  54   0.483513 -1.756487  0.052051 -0.353783 2.89085E-10
 cs  55  -0.535784 -1.615784  0.192754 -0.213080 2.79917E-11
 ba  56   0.738454 -1.441546  0.366992 -0.038842 5.43853E-10
 la  57  -0.275002 -1.445001  0.363536 -0.042298 5.33325E-11
 ce  58   0.187860 -1.392140  0.416398  0.010564 1.56178E-10
 pr  59  -0.748424 -1.508424  0.300114 -0.105720 1.81880E-11
 nd  60  -0.020052 -1.470052  0.338486 -0.067348 9.96107E-11
 pm  61   0.000000 -9.000000  0.000000  0.000000 0.00000E+00
 sm  62  -0.738433 -1.678433  0.130105 -0.275729 1.98596E-11
 eu  63  -1.242785 -1.752785  0.055753 -0.350082 6.28388E-12
 gd  64  -0.632361 -1.682361  0.126177 -0.279658 2.65156E-11
 tb  65  -1.417283 -1.737283  0.071255 -0.334579 4.39726E-12
 dy  66  -0.540722 -1.670722  0.137816 -0.268018 3.38379E-11
 ho  67  -1.273177 -1.743177  0.065361 -0.340473 6.35908E-12
 er  68  -0.729525 -1.649525  0.159013 -0.246821 2.25495E-11
 tm  69  -1.566751 -1.686751  0.121786 -0.284048 3.31312E-12
 yb  70  -0.623926 -1.543926  0.264612 -0.141222 2.97503E-11
 lu  71  -1.486182 -1.576182  0.232356 -0.173478 4.13091E-12
 hf  72  -0.684478 -1.394478  0.414060  0.008226 2.66937E-11
 ta  73  -1.551904 -1.431904  0.376634 -0.029200 3.67217E-12
  w  74  -0.740108 -1.390108  0.418430  0.012596 2.41882E-11
 re  75  -1.385709 -1.645709  0.162829 -0.243005 5.54063E-12
 os  76  -0.343766 -1.693766  0.114772 -0.291062 6.23427E-11
 ir  77  -0.468939 -1.788939  0.019599 -0.386235 4.72199E-11
 pt  78  -0.157067 -1.777067  0.031471 -0.374364 9.82684E-11
 au  79  -0.943172 -1.743171  0.065367 -0.340468 1.62366E-11
 hg  80  -0.254164 -1.424164  0.384374 -0.021460 8.08013E-11
 tl  81  -0.562580 -1.332580  0.475958  0.070124 4.04703E-11
 pb  82   1.538556 -0.501444  1.307094  0.901260 5.17868E-09
 bi  83  -0.214438 -0.864438  0.944100  0.538265 9.22443E-11
 po  84   0.644278 -9.000000  0.000000  0.000000 6.66341E-10
#[ls/Fe]_Thiswork =   0.2240, [hs/Fe]_Thiswork =   0.3823
#[hs/ls]_Thiswork =   0.1583, [Pb/hs]_Thiswork =   0.9248
# Elemental abundance ratios: 
# He/H =  9.5309E-02, C/O =  3.5723E+00, N/O = 4.08643E-01
