# Initial abundances
# El  Z   log e(X)   [X/H]    [X/Fe]     [X/O]      X(i)
  p   1  12.000000  0.000000  0.000000  0.000000 7.76059E-01
 he   2  10.873239 -0.056762  2.140697  2.140690 2.30175E-01
 li   3   1.028261 -2.231739 -0.034281 -0.034287 5.70319E-11
 be   4   0.000000 -1.300000  0.000000  0.000000 0.00000E+00
  b   5   0.000000 -2.790000  0.000000  0.000000 0.00000E+00
  c   6   6.272737 -2.197263  0.000195  0.000189 1.73281E-05
  n   7   5.672523 -2.197477 -0.000019 -0.000025 5.07344E-06
  o   8   6.532547 -2.197452  0.000006  0.000000 4.19831E-05
  f   9   2.222558 -2.197442  0.000016  0.000010 2.44175E-09
 ne  10   5.772550 -2.197450  0.000009  0.000002 9.20250E-06
 na  11   4.042541 -2.197459  0.000000 -0.000007 1.95216E-07
 mg  12   5.442543 -2.197457  0.000001 -0.000005 5.18409E-06
 al  13   4.252541 -2.197459  0.000000 -0.000007 3.71578E-07
 si  14   5.352544 -2.197456  0.000002 -0.000004 4.86932E-06
  p  15   3.212555 -2.197445  0.000013  0.000007 3.89033E-08
  s  16   4.962539 -2.187461  0.009997  0.009991 2.26467E-06
 cl  17   3.032549 -2.197451  0.000007  0.000001 2.94196E-08
 ar  18   4.242543 -2.197457  0.000001 -0.000005 5.37617E-07
  k  19   2.881974 -2.198026 -0.000567 -0.000574 2.29384E-08
 ca  20   4.092542 -2.197458  0.000000 -0.000006 3.81841E-07
 sc  21   0.852547 -2.197453  0.000005 -0.000001 2.46473E-10
 ti  22   2.712551 -2.197449  0.000010  0.000003 1.90118E-08
  v  23   1.761462 -2.198538 -0.001080 -0.001086 2.26451E-09
 cr  24   3.423259 -2.216741 -0.019283 -0.019289 1.06087E-07
 mn  25   3.282554 -2.197446  0.000012  0.000006 8.10702E-08
 fe  26   5.342542 -2.197458  0.000000 -0.000006 9.46152E-06
 co  27   2.672545 -2.197454  0.000004 -0.000002 2.13471E-08
 ni  28   4.002547 -2.197453  0.000005 -0.000001 4.54536E-07
 cu  29   2.052551 -2.197449  0.000010  0.000003 5.52172E-09
 zn  30   2.432552 -2.197448  0.000010  0.000004 1.36340E-08
 ga  31   0.882548 -2.197452  0.000007  0.000000 4.09599E-10
 ge  32   1.348176 -2.231824 -0.034366 -0.034372 1.24677E-09
 as  33   0.102540 -2.197460 -0.000002 -0.000008 7.30439E-11
 se  34   1.098623 -2.241377 -0.043918 -0.043925 7.62896E-10
 br  35   0.342546 -2.197453  0.000005 -0.000001 1.35379E-10
 kr  36   1.050975 -2.199025 -0.001567 -0.001573 7.25510E-10
 rb  37   0.322547 -2.197453  0.000005 -0.000001 1.38288E-10
 sr  38   0.680118 -2.199883 -0.002424 -0.002430 3.22966E-10
  y  39   0.012546 -2.197454  0.000004 -0.000002 7.04550E-11
 zr  40   0.332550 -2.197450  0.000008  0.000002 1.51041E-10
 nb  41  -0.787445 -2.197445  0.000013  0.000007 1.16690E-11
 mo  42  -0.378628 -2.318628 -0.121170 -0.121176 3.08892E-11
 tc  43   0.000000 -9.000000  0.000000  0.000000 0.00000E+00
 ru  44  -0.568392 -2.328392 -0.130934 -0.130940 2.10215E-11
 rh  45  -1.137451 -2.197451  0.000007  0.000001 5.77330E-12
 pd  46  -0.606635 -2.256635 -0.059177 -0.059183 2.02685E-11
 ag  47  -0.997451 -2.197451  0.000007  0.000001 8.35366E-12
 cd  48  -0.527168 -2.237168 -0.039710 -0.039716 2.57084E-11
 in  49  -1.456490 -2.216490 -0.019031 -0.019037 3.08998E-12
 sn  50  -0.189882 -2.259882 -0.062424 -0.062430 5.90256E-11
 sb  51  -1.429978 -2.439978 -0.242520 -0.242526 3.48307E-12
 te  52  -0.484830 -2.664830 -0.467372 -0.467378 3.21704E-11
  i  53  -0.647452 -2.197452  0.000006  0.000000 2.20018E-11
 xe  54   0.005466 -2.234535 -0.037076 -0.037082 1.02363E-10
 cs  55  -1.117452 -2.197452  0.000007  0.000000 7.80772E-12
 ba  56  -0.018354 -2.198354 -0.000896 -0.000902 1.01353E-10
 la  57  -1.027858 -2.197858 -0.000400 -0.000406 1.00299E-11
 ce  58  -0.619357 -2.199357 -0.001899 -0.001905 2.59159E-11
 pr  59  -1.437450 -2.197450  0.000008  0.000002 3.96205E-12
 nd  60  -0.772455 -2.222455 -0.024997 -0.025003 1.87527E-11
 pm  61   0.000000 -9.000000  0.000000  0.000000 0.00000E+00
 sm  62  -1.387170 -2.327170 -0.129712 -0.129718 4.74676E-12
 eu  63  -1.687467 -2.197467 -0.000008 -0.000015 2.40275E-12
 gd  64  -1.254583 -2.304583 -0.107125 -0.107131 6.73662E-12
 tb  65  -1.877466 -2.197466 -0.000008 -0.000014 1.62241E-12
 dy  66  -1.068110 -2.198110 -0.000651 -0.000658 1.06950E-11
 ho  67  -1.727450 -2.197450  0.000008  0.000002 2.37840E-12
 er  68  -1.285072 -2.205072 -0.007614 -0.007620 6.67963E-12
 tm  69  -2.077451 -2.197451  0.000008  0.000001 1.08818E-12
 yb  70  -1.338482 -2.258482 -0.061024 -0.061030 6.11083E-12
 lu  71  -2.107453 -2.197453  0.000005 -0.000001 1.05181E-12
 hf  72  -1.488158 -2.198158 -0.000700 -0.000706 4.46571E-12
 ta  73  -2.317506 -2.197506 -0.000048 -0.000054 6.70629E-13
  w  74  -1.547980 -2.197980 -0.000522 -0.000528 4.00770E-12
 re  75  -1.937452 -2.197452  0.000006  0.000000 1.65569E-12
 os  76  -0.847535 -2.197535 -0.000077 -0.000083 2.08055E-11
 ir  77  -0.877452 -2.197452  0.000006  0.000000 1.96234E-11
 pt  78  -0.609797 -2.229796 -0.032338 -0.032344 3.68847E-11
 au  79  -1.397452 -2.197452  0.000006  0.000000 6.07262E-12
 hg  80  -1.059057 -2.229057 -0.031599 -0.031605 1.34799E-11
 tl  81  -1.427455 -2.197455  0.000003 -0.000003 5.88064E-12
 pb  82  -0.157450 -2.197450  0.000009  0.000002 1.11013E-10
 bi  83  -1.547448 -2.197448  0.000010  0.000004 4.56134E-12
 po  84   0.000000 -9.000000  0.000000  0.000000 0.00000E+00
#[ls/Fe]_Bisterzo =   0.0000, [hs/Fe]_Bisterzo =  -0.0517
#[hs/ls]_Bisterzo =  -0.0517, [Pb/hs]_Bisterzo =   0.0517
#[ls/Fe]_Thiswork =  -0.0008, [hs/Fe]_Thiswork =  -0.0011
#[hs/ls]_Thiswork =  -0.0003, [Pb/hs]_Thiswork =   0.0011
# C/O = 5.4978E-01, c12/c13 = 8.94391E+01, n14/n15 = 4.47610E+02
# o16/o17 = 2.63226E+03, o16/o18 = 4.98812E+02
# mg24/mg25 = 7.8990E+00, mg24/mg26 = 7.1742E+00
#
# During TP-AGB
#  TP   Mass     Mcore    Menv    log L
#  1 3.962570 0.863184 3.099390 4.150840
# El  Z   log e(X)   [X/H]    [X/Fe]     [X/O]      X(i)
  p   1  12.000000  0.000000  0.000000  0.000000 7.31194E-01
 he   2  10.975965  0.045964  2.243423  2.243416 2.74740E-01
 li   3  -0.036330 -3.296330 -1.098872 -1.098878 4.63088E-12
 be   4  -7.426861 -8.726861  0.000000  0.000000 2.44643E-19
  b   5   0.000000 -2.790000  0.000000  0.000000 2.93858E-32
  c   6   5.922871 -2.547130 -0.349671 -0.349678 7.29494E-06
  n   7   6.321516 -1.548484  0.648974  0.648968 2.13026E-05
  o   8   6.501317 -2.228683 -0.031225  0.000000 3.68113E-05
  f   9   2.138625 -2.281375 -0.083917 -0.052692 1.89629E-09
 ne  10   5.778619 -2.191381  0.006078  0.037302 8.79250E-06
 na  11   4.584774 -1.655226  0.542232  0.573457 6.41039E-07
 mg  12   5.466391 -2.173609  0.023849  0.055074 5.16011E-06
 al  13   4.325794 -2.124206  0.073252  0.104477 4.14419E-07
 si  14   5.379081 -2.170919  0.026539  0.057764 4.87689E-06
  p  15   3.258883 -2.151117  0.046341  0.077566 4.07805E-08
  s  16   4.988405 -2.161595  0.035863  0.067088 2.26469E-06
 cl  17   3.058416 -2.171584  0.025875  0.057099 2.94199E-08
 ar  18   4.268409 -2.171591  0.025867  0.057092 5.37620E-07
  k  19   2.907836 -2.172164  0.025294  0.056519 2.29384E-08
 ca  20   4.118408 -2.171592  0.025866  0.057091 3.81844E-07
 sc  21   0.878413 -2.171587  0.025872  0.057096 2.46475E-10
 ti  22   2.738417 -2.171583  0.025875  0.057100 1.90119E-08
  v  23   1.787328 -2.172672  0.024786  0.056011 2.26452E-09
 cr  24   3.449124 -2.190876  0.006583  0.037807 1.06088E-07
 mn  25   3.308422 -2.171578  0.025880  0.057105 8.10713E-08
 fe  26   5.368407 -2.171593  0.000000  0.057090 9.46158E-06
 co  27   2.698414 -2.171586  0.000007  0.057097 2.13474E-08
 ni  28   4.028413 -2.171587  0.000006  0.057096 4.54539E-07
 cu  29   2.078418 -2.171582  0.000010  0.057101 5.52177E-09
 zn  30   2.458418 -2.171582  0.000010  0.057101 1.36341E-08
 ga  31   0.908416 -2.171584  0.000009  0.057099 4.09604E-10
 ge  32   1.374043 -2.205957 -0.034365  0.022726 1.24678E-09
 as  33   0.128402 -2.171598 -0.000005  0.057085 7.30438E-11
 se  34   1.124490 -2.215510 -0.043917  0.013173 7.62902E-10
 br  35   0.368410 -2.171590  0.000003  0.057093 1.35379E-10
 kr  36   1.076842 -2.173158 -0.001565  0.055525 7.25517E-10
 rb  37   0.348158 -2.171842 -0.000249  0.056841 1.38208E-10
 sr  38   0.706097 -2.173903 -0.002311  0.054780 3.23051E-10
  y  39   0.038412 -2.171588  0.000005  0.057095 7.04555E-11
 zr  40   0.358417 -2.171583  0.000009  0.057100 1.51042E-10
 nb  41  -0.761582 -2.171582  0.000010  0.057101 1.16690E-11
 mo  42  -0.352760 -2.292760 -0.121168 -0.064077 3.08896E-11
 tc  43   0.000000 -9.000000  0.000000  0.000000 0.00000E+00
 ru  44  -0.542526 -2.302526 -0.130934 -0.073843 2.10217E-11
 rh  45  -1.111591 -2.171591  0.000001  0.057092 5.77326E-12
 pd  46  -0.580769 -2.230769 -0.059176 -0.002086 2.02687E-11
 ag  47  -0.971588 -2.171588  0.000005  0.057095 8.35365E-12
 cd  48  -0.501300 -2.211300 -0.039707  0.017383 2.57087E-11
 in  49  -1.430626 -2.190626 -0.019033  0.038057 3.08998E-12
 sn  50  -0.164016 -2.234016 -0.062423 -0.005333 5.90261E-11
 sb  51  -1.404114 -2.414114 -0.242521 -0.185431 3.48308E-12
 te  52  -0.458963 -2.638963 -0.467371 -0.410280 3.21706E-11
  i  53  -0.621594 -2.171594 -0.000002  0.057089 2.20016E-11
 xe  54   0.031333 -2.208667 -0.037074  0.020016 1.02364E-10
 cs  55  -1.091589 -2.171589  0.000004  0.057094 7.80772E-12
 ba  56   0.007512 -2.172488 -0.000895  0.056195 1.01354E-10
 la  57  -1.001991 -2.171991 -0.000399  0.056692 1.00300E-11
 ce  58  -0.593491 -2.173491 -0.001898  0.055192 2.59160E-11
 pr  59  -1.411586 -2.171586  0.000007  0.057097 3.96207E-12
 nd  60  -0.746590 -2.196590 -0.024997  0.032093 1.87529E-11
 pm  61   0.000000 -9.000000  0.000000  0.000000 0.00000E+00
 sm  62  -1.361296 -2.301296 -0.129703 -0.072613 4.74689E-12
 eu  63  -1.661639 -2.171639 -0.000046  0.057044 2.40255E-12
 gd  64  -1.228709 -2.278709 -0.107116 -0.050026 6.73679E-12
 tb  65  -1.851616 -2.171616 -0.000023  0.057067 1.62236E-12
 dy  66  -1.042241 -2.172241 -0.000648  0.056442 1.06951E-11
 ho  67  -1.701596 -2.171596 -0.000004  0.057087 2.37835E-12
 er  68  -1.259201 -2.179201 -0.007608  0.049482 6.67975E-12
 tm  69  -2.051595 -2.171595 -0.000002  0.057088 1.08816E-12
 yb  70  -1.312613 -2.232613 -0.061020 -0.003930 6.11091E-12
 lu  71  -2.081616 -2.171616 -0.000024  0.057067 1.05175E-12
 hf  72  -1.462285 -2.172285 -0.000692  0.056398 4.46582E-12
 ta  73  -2.291648 -2.171648 -0.000055  0.057035 6.70621E-13
  w  74  -1.522113 -2.172113 -0.000520  0.056570 4.00774E-12
 re  75  -1.912276 -2.172276 -0.000684  0.056407 1.65307E-12
 os  76  -0.821615 -2.171615 -0.000022  0.057068 2.08083E-11
 ir  77  -0.851601 -2.171601 -0.000008  0.057082 1.96229E-11
 pt  78  -0.583922 -2.203922 -0.032330  0.024761 3.68857E-11
 au  79  -1.371592 -2.171592  0.000001  0.057091 6.07258E-12
 hg  80  -1.033187 -2.203187 -0.031594  0.025496 1.34801E-11
 tl  81  -1.401588 -2.171588  0.000004  0.057095 5.88069E-12
 pb  82  -0.131583 -2.171583  0.000010  0.057100 1.11014E-10
 bi  83  -1.521582 -2.171582  0.000011  0.057101 4.56137E-12
 po  84   0.000000 -9.000000  0.000000  0.000000 6.52329E-19
#[ls/Fe]_Bisterzo =   0.0000, [hs/Fe]_Bisterzo =  -0.0517
#[hs/ls]_Bisterzo =  -0.0517, [Pb/hs]_Bisterzo =   0.0517
#[ls/Fe]_Thiswork =  -0.0008, [hs/Fe]_Thiswork =  -0.0011
#[hs/ls]_Thiswork =  -0.0003, [Pb/hs]_Thiswork =   0.0011
# C/O = 2.6397E-01, c12/c13 = 1.83366E+01, n14/n15 = 6.16964E+03
# o16/o17 = 6.02655E+01, o16/o18 = 8.91756E+02
# mg24/mg25 = 8.7144E+00, mg24/mg26 = 7.4588E+00
#
#  TP   Mass     Mcore    Menv    log L
#  2 3.961450 0.864275 3.097170 4.175840
# El  Z   log e(X)   [X/H]    [X/Fe]     [X/O]      X(i)
  p   1  12.000000  0.000000  0.000000  0.000000 7.31192E-01
 he   2  10.975967  0.045967  2.217560  2.274650 2.74742E-01
 li   3   0.626407 -2.633593 -0.462001 -0.404910 2.13010E-11
 be   4  -3.184411 -4.484411  0.000000  0.000000 4.27544E-15
  b   5   0.000000 -2.790000  0.000000  0.000000 2.45832E-31
  c   6   5.922832 -2.547169 -0.375576 -0.318486 7.29427E-06
  n   7   6.321578 -1.548422  0.623171  0.680261 2.13056E-05
  o   8   6.501287 -2.228712 -0.057119  0.000000 3.68088E-05
  f   9   2.138586 -2.281414 -0.109821 -0.052702 1.89611E-09
 ne  10   5.778615 -2.191385 -0.019792  0.037327 8.79239E-06
 na  11   4.584776 -1.655223  0.516369  0.573489 6.41041E-07
 mg  12   5.466379 -2.173621 -0.002028  0.055091 5.15995E-06
 al  13   4.325880 -2.124120  0.047472  0.104592 4.14500E-07
 si  14   5.379104 -2.170896  0.000697  0.057816 4.87714E-06
  p  15   3.258882 -2.151118  0.020474  0.077594 4.07802E-08
  s  16   4.988406 -2.161594  0.009999  0.067118 2.26469E-06
 cl  17   3.058420 -2.171580  0.000013  0.057132 2.94201E-08
 ar  18   4.268410 -2.171590  0.000002  0.057122 5.37620E-07
  k  19   2.907837 -2.172163 -0.000570  0.056549 2.29384E-08
 ca  20   4.118409 -2.171591  0.000001  0.057121 3.81844E-07
 sc  21   0.878414 -2.171586  0.000007  0.057126 2.46475E-10
 ti  22   2.738418 -2.171582  0.000010  0.057130 1.90119E-08
  v  23   1.787329 -2.172671 -0.001079  0.056041 2.26452E-09
 cr  24   3.449125 -2.190875 -0.019282  0.037838 1.06088E-07
 mn  25   3.308423 -2.171577  0.000016  0.057135 8.10713E-08
 fe  26   5.368408 -2.171592  0.000000  0.057120 9.46158E-06
 co  27   2.698415 -2.171585  0.000007  0.057127 2.13474E-08
 ni  28   4.028414 -2.171586  0.000006  0.057126 4.54539E-07
 cu  29   2.078419 -2.171581  0.000010  0.057131 5.52177E-09
 zn  30   2.458419 -2.171581  0.000010  0.057131 1.36341E-08
 ga  31   0.908417 -2.171583  0.000009  0.057129 4.09604E-10
 ge  32   1.374043 -2.205956 -0.034365  0.022756 1.24678E-09
 as  33   0.128404 -2.171596 -0.000005  0.057116 7.30438E-11
 se  34   1.124491 -2.215509 -0.043917  0.013203 7.62902E-10
 br  35   0.368411 -2.171589  0.000003  0.057123 1.35379E-10
 kr  36   1.076843 -2.173157 -0.001565  0.055555 7.25517E-10
 rb  37   0.348159 -2.171841 -0.000249  0.056871 1.38208E-10
 sr  38   0.706098 -2.173903 -0.002311  0.054810 3.23051E-10
  y  39   0.038413 -2.171587  0.000005  0.057125 7.04555E-11
 zr  40   0.358418 -2.171582  0.000009  0.057130 1.51042E-10
 nb  41  -0.761581 -2.171581  0.000010  0.057131 1.16690E-11
 mo  42  -0.352759 -2.292759 -0.121168 -0.064047 3.08896E-11
 tc  43   0.000000 -9.000000  0.000000  0.000000 0.00000E+00
 ru  44  -0.542525 -2.302525 -0.130934 -0.073813 2.10217E-11
 rh  45  -1.111590 -2.171590  0.000001  0.057122 5.77326E-12
 pd  46  -0.580768 -2.230768 -0.059176 -0.002056 2.02687E-11
 ag  47  -0.971587 -2.171587  0.000005  0.057125 8.35365E-12
 cd  48  -0.501299 -2.211299 -0.039707  0.017413 2.57087E-11
 in  49  -1.430625 -2.190625 -0.019033  0.038087 3.08998E-12
 sn  50  -0.164015 -2.234015 -0.062423 -0.005303 5.90261E-11
 sb  51  -1.404113 -2.414113 -0.242521 -0.185401 3.48308E-12
 te  52  -0.458962 -2.638963 -0.467371 -0.410250 3.21706E-11
  i  53  -0.621593 -2.171592 -0.000001  0.057120 2.20016E-11
 xe  54   0.031334 -2.208666 -0.037074  0.020046 1.02364E-10
 cs  55  -1.091588 -2.171588  0.000004  0.057124 7.80772E-12
 ba  56   0.007513 -2.172487 -0.000895  0.056225 1.01354E-10
 la  57  -1.001990 -2.171990 -0.000399  0.056722 1.00300E-11
 ce  58  -0.593490 -2.173490 -0.001898  0.055223 2.59160E-11
 pr  59  -1.411585 -2.171585  0.000007  0.057127 3.96207E-12
 nd  60  -0.746589 -2.196589 -0.024997  0.032123 1.87529E-11
 pm  61   0.000000 -9.000000  0.000000  0.000000 0.00000E+00
 sm  62  -1.361295 -2.301295 -0.129703 -0.072583 4.74689E-12
 eu  63  -1.661638 -2.171638 -0.000046  0.057074 2.40255E-12
 gd  64  -1.228708 -2.278708 -0.107116 -0.049996 6.73679E-12
 tb  65  -1.851615 -2.171615 -0.000023  0.057097 1.62236E-12
 dy  66  -1.042240 -2.172240 -0.000648  0.056472 1.06951E-11
 ho  67  -1.701595 -2.171595 -0.000004  0.057117 2.37835E-12
 er  68  -1.259200 -2.179200 -0.007608  0.049512 6.67975E-12
 tm  69  -2.051594 -2.171594 -0.000002  0.057118 1.08816E-12
 yb  70  -1.312612 -2.232612 -0.061020 -0.003900 6.11091E-12
 lu  71  -2.081615 -2.171615 -0.000024  0.057097 1.05175E-12
 hf  72  -1.462284 -2.172284 -0.000692  0.056428 4.46582E-12
 ta  73  -2.291647 -2.171647 -0.000055  0.057065 6.70621E-13
  w  74  -1.522112 -2.172112 -0.000520  0.056600 4.00774E-12
 re  75  -1.912275 -2.172275 -0.000684  0.056437 1.65307E-12
 os  76  -0.821614 -2.171614 -0.000022  0.057098 2.08083E-11
 ir  77  -0.851600 -2.171600 -0.000008  0.057112 1.96229E-11
 pt  78  -0.583921 -2.203921 -0.032330  0.024791 3.68857E-11
 au  79  -1.371591 -2.171591  0.000001  0.057122 6.07258E-12
 hg  80  -1.033186 -2.203186 -0.031594  0.025526 1.34801E-11
 tl  81  -1.401587 -2.171587  0.000004  0.057125 5.88069E-12
 pb  82  -0.131582 -2.171582  0.000010  0.057130 1.11014E-10
 bi  83  -1.521581 -2.171581  0.000011  0.057131 4.56137E-12
 po  84   0.000000 -9.000000  0.000000  0.000000 6.52296E-19
#[ls/Fe]_Bisterzo =   0.0000, [hs/Fe]_Bisterzo =  -0.0517
#[hs/ls]_Bisterzo =  -0.0517, [Pb/hs]_Bisterzo =   0.0517
#[ls/Fe]_Thiswork =  -0.0008, [hs/Fe]_Thiswork =  -0.0011
#[hs/ls]_Thiswork =  -0.0003, [Pb/hs]_Thiswork =   0.0011
# C/O = 2.6396E-01, c12/c13 = 1.83352E+01, n14/n15 = 6.17198E+03
# o16/o17 = 6.02704E+01, o16/o18 = 8.91805E+02
# mg24/mg25 = 8.7146E+00, mg24/mg26 = 7.4584E+00
#
#  TP   Mass     Mcore    Menv    log L
#  3 3.960100 0.865309 3.094790 4.197460
# El  Z   log e(X)   [X/H]    [X/Fe]     [X/O]      X(i)
  p   1  12.000000  0.000000  0.000000  0.000000 7.31116E-01
 he   2  10.976131  0.046131  2.217723  2.274843 2.74817E-01
 li   3   2.052128 -1.207872  0.963720  1.020840 5.67643E-10
 be   4  -2.095942 -3.395942  0.000000  0.000000 5.24089E-14
  b   5   0.000000 -2.790000  0.000000  0.000000 4.65892E-31
  c   6   5.922828 -2.547173 -0.375581 -0.318460 7.29345E-06
  n   7   6.321748 -1.548252  0.623340  0.680460 2.13117E-05
  o   8   6.501263 -2.228736 -0.057145  0.000000 3.68029E-05
  f   9   2.138556 -2.281445 -0.109853 -0.052708 1.89579E-09
 ne  10   5.778611 -2.191389 -0.019797  0.037348 8.79141E-06
 na  11   4.584755 -1.655244  0.516347  0.573492 6.40945E-07
 mg  12   5.466364 -2.173636 -0.002044  0.055100 5.15924E-06
 al  13   4.325940 -2.124060  0.047532  0.104676 4.14514E-07
 si  14   5.379354 -2.170647  0.000945  0.058090 4.87943E-06
  p  15   3.258877 -2.151123  0.020469  0.077613 4.07756E-08
  s  16   4.988451 -2.161549  0.010043  0.067187 2.26469E-06
 cl  17   3.058566 -2.171434  0.000158  0.057302 2.94269E-08
 ar  18   4.268456 -2.171544  0.000048  0.057192 5.37622E-07
  k  19   2.907887 -2.172113 -0.000522  0.056623 2.29386E-08
 ca  20   4.118454 -2.171546  0.000046  0.057190 3.81844E-07
 sc  21   0.878460 -2.171540  0.000052  0.057196 2.46475E-10
 ti  22   2.738462 -2.171537  0.000054  0.057199 1.90119E-08
  v  23   1.787374 -2.172626 -0.001035  0.056110 2.26452E-09
 cr  24   3.449171 -2.190829 -0.019237  0.037908 1.06088E-07
 mn  25   3.308469 -2.171531  0.000061  0.057205 8.10713E-08
 fe  26   5.368454 -2.171546  0.000000  0.057190 9.46158E-06
 co  27   2.698461 -2.171539  0.000007  0.057197 2.13474E-08
 ni  28   4.028459 -2.171541  0.000005  0.057195 4.54539E-07
 cu  29   2.078465 -2.171535  0.000011  0.057201 5.52177E-09
 zn  30   2.458464 -2.171536  0.000010  0.057200 1.36341E-08
 ga  31   0.908463 -2.171537  0.000009  0.057199 4.09604E-10
 ge  32   1.374089 -2.205911 -0.034364  0.022826 1.24678E-09
 as  33   0.128448 -2.171552 -0.000006  0.057184 7.30438E-11
 se  34   1.124536 -2.215464 -0.043918  0.013272 7.62902E-10
 br  35   0.368455 -2.171545  0.000001  0.057191 1.35379E-10
 kr  36   1.076888 -2.173112 -0.001565  0.055624 7.25517E-10
 rb  37   0.348204 -2.171796 -0.000250  0.056940 1.38208E-10
 sr  38   0.706142 -2.173858 -0.002311  0.054879 3.23052E-10
  y  39   0.038458 -2.171542  0.000004  0.057194 7.04555E-11
 zr  40   0.358462 -2.171538  0.000009  0.057199 1.51042E-10
 nb  41  -0.761537 -2.171536  0.000010  0.057200 1.16690E-11
 mo  42  -0.352714 -2.292714 -0.121167 -0.063977 3.08896E-11
 tc  43   0.000000 -9.000000  0.000000  0.000000 0.00000E+00
 ru  44  -0.542480 -2.302480 -0.130934 -0.073744 2.10217E-11
 rh  45  -1.111546 -2.171546  0.000001  0.057191 5.77326E-12
 pd  46  -0.580723 -2.230723 -0.059176 -0.001987 2.02687E-11
 ag  47  -0.971542 -2.171542  0.000004  0.057194 8.35364E-12
 cd  48  -0.501254 -2.211254 -0.039708  0.017482 2.57087E-11
 in  49  -1.430580 -2.190580 -0.019034  0.038156 3.08998E-12
 sn  50  -0.163970 -2.233970 -0.062423 -0.005234 5.90261E-11
 sb  51  -1.404068 -2.414068 -0.242522 -0.185332 3.48308E-12
 te  52  -0.458918 -2.638918 -0.467371 -0.410181 3.21706E-11
  i  53  -0.621549 -2.171549 -0.000002  0.057188 2.20015E-11
 xe  54   0.031379 -2.208621 -0.037075  0.020115 1.02364E-10
 cs  55  -1.091543 -2.171543  0.000003  0.057193 7.80771E-12
 ba  56   0.007558 -2.172442 -0.000896  0.056294 1.01354E-10
 la  57  -1.001945 -2.171946 -0.000399  0.056791 1.00300E-11
 ce  58  -0.593445 -2.173445 -0.001898  0.055292 2.59160E-11
 pr  59  -1.411540 -2.171540  0.000006  0.057196 3.96207E-12
 nd  60  -0.746544 -2.196544 -0.024997  0.032192 1.87529E-11
 pm  61   0.000000 -9.000000  0.000000  0.000000 4.23306E-36
 sm  62  -1.361249 -2.301249 -0.129703 -0.072513 4.74689E-12
 eu  63  -1.661596 -2.171596 -0.000050  0.057140 2.40254E-12
 gd  64  -1.228663 -2.278663 -0.107117 -0.049927 6.73680E-12
 tb  65  -1.851571 -2.171571 -0.000025  0.057165 1.62236E-12
 dy  66  -1.042194 -2.172194 -0.000648  0.056542 1.06951E-11
 ho  67  -1.701551 -2.171551 -0.000005  0.057185 2.37834E-12
 er  68  -1.259155 -2.179155 -0.007609  0.049581 6.67975E-12
 tm  69  -2.051550 -2.171550 -0.000003  0.057187 1.08816E-12
 yb  70  -1.312567 -2.232567 -0.061020 -0.003830 6.11091E-12
 lu  71  -2.081570 -2.171570 -0.000023  0.057167 1.05175E-12
 hf  72  -1.462239 -2.172239 -0.000693  0.056497 4.46582E-12
 ta  73  -2.291603 -2.171603 -0.000057  0.057133 6.70620E-13
  w  74  -1.522067 -2.172067 -0.000521  0.056669 4.00774E-12
 re  75  -1.912231 -2.172231 -0.000685  0.056505 1.65307E-12
 os  76  -0.821569 -2.171569 -0.000023  0.057167 2.08083E-11
 ir  77  -0.851556 -2.171556 -0.000010  0.057180 1.96229E-11
 pt  78  -0.583876 -2.203876 -0.032329  0.024861 3.68858E-11
 au  79  -1.371546 -2.171546  0.000001  0.057191 6.07258E-12
 hg  80  -1.033140 -2.203140 -0.031594  0.025596 1.34802E-11
 tl  81  -1.401543 -2.171543  0.000004  0.057194 5.88069E-12
 pb  82  -0.131537 -2.171537  0.000009  0.057199 1.11014E-10
 bi  83  -1.521536 -2.171536  0.000010  0.057200 4.56137E-12
 po  84   0.000000 -9.000000  0.000000  0.000000 6.99085E-19
#[ls/Fe]_Bisterzo =   0.0000, [hs/Fe]_Bisterzo =  -0.0517
#[hs/ls]_Bisterzo =  -0.0517, [Pb/hs]_Bisterzo =   0.0517
#[ls/Fe]_Thiswork =  -0.0008, [hs/Fe]_Thiswork =  -0.0011
#[hs/ls]_Thiswork =  -0.0003, [Pb/hs]_Thiswork =   0.0011
# C/O = 2.6398E-01, c12/c13 = 1.83295E+01, n14/n15 = 6.22667E+03
# o16/o17 = 6.02771E+01, o16/o18 = 8.91870E+02
# mg24/mg25 = 8.7147E+00, mg24/mg26 = 7.4580E+00
#
#  TP   Mass     Mcore    Menv    log L
#  4 3.958450 0.866008 3.092440 4.232150
# El  Z   log e(X)   [X/H]    [X/Fe]     [X/O]      X(i)
  p   1  12.000000  0.000000  0.000000  0.000000 7.30885E-01
 he   2  10.976539  0.046538  2.218085  2.275275 2.74988E-01
 li   3  -0.691872 -3.951872 -1.780325 -1.723135 1.02315E-12
 be   4  -1.800694 -3.100693  0.000000  0.000000 1.03399E-13
  b   5   0.000000 -2.790000  0.000000  0.000000 1.01515E-29
  c   6   6.875673 -1.594327  0.577219  0.634409 6.54095E-05
  n   7   6.321846 -1.548153  0.623393  0.680583 2.13098E-05
  o   8   6.510809 -2.219191 -0.047644  0.000000 3.76088E-05
  f   9   2.139325 -2.280675 -0.109128 -0.061484 1.89855E-09
 ne  10   5.779733 -2.190267 -0.018721  0.028924 8.81135E-06
 na  11   4.584890 -1.655109  0.516437  0.564081 6.40940E-07
 mg  12   5.466381 -2.173619 -0.002073  0.045571 5.15780E-06
 al  13   4.326051 -2.123949  0.047597  0.095242 4.14489E-07
 si  14   5.379957 -2.170043  0.001503  0.049147 4.88467E-06
  p  15   3.258938 -2.151062  0.020484  0.068129 4.07684E-08
  s  16   4.988587 -2.161413  0.010133  0.057777 2.26468E-06
 cl  17   3.058987 -2.171013  0.000533  0.048177 2.94461E-08
 ar  18   4.268593 -2.171407  0.000139  0.047783 5.37621E-07
  k  19   2.908066 -2.171934 -0.000388  0.047256 2.29408E-08
 ca  20   4.118588 -2.171412  0.000134  0.047779 3.81841E-07
 sc  21   0.878698 -2.171302  0.000245  0.047889 2.46532E-10
 ti  22   2.738601 -2.171399  0.000147  0.047791 1.90119E-08
  v  23   1.787485 -2.172515 -0.000968  0.046676 2.26438E-09
 cr  24   3.449308 -2.190691 -0.019145  0.028499 1.06088E-07
 mn  25   3.308691 -2.171309  0.000237  0.047882 8.10872E-08
 fe  26   5.368590 -2.171410  0.000000  0.047781 9.46156E-06
 co  27   2.698779 -2.171221  0.000189  0.047970 2.13563E-08
 ni  28   4.028588 -2.171412 -0.000002  0.047779 4.54531E-07
 cu  29   2.078627 -2.171373  0.000036  0.047817 5.52209E-09
 zn  30   2.458594 -2.171406  0.000004  0.047785 1.36339E-08
 ga  31   0.908639 -2.171361  0.000049  0.047830 4.09641E-10
 ge  32   1.374234 -2.205766 -0.034356  0.013425 1.24680E-09
 as  33   0.128548 -2.171452 -0.000043  0.047738 7.30374E-11
 se  34   1.124681 -2.215318 -0.043909  0.003872 7.62916E-10
 br  35   0.368571 -2.171429 -0.000019  0.047762 1.35372E-10
 kr  36   1.077038 -2.172962 -0.001553  0.046228 7.25537E-10
 rb  37   0.348318 -2.171682 -0.000272  0.047509 1.38201E-10
 sr  38   0.706312 -2.173688 -0.002278  0.045503 3.23075E-10
  y  39   0.038598 -2.171402  0.000008  0.047789 7.04559E-11
 zr  40   0.358600 -2.171400  0.000009  0.047790 1.51042E-10
 nb  41  -0.761432 -2.171432 -0.000022  0.047759 1.16681E-11
 mo  42  -0.352556 -2.292556 -0.121147 -0.073366 3.08910E-11
 tc  43   0.000000 -9.000000  0.000000  0.000000 0.00000E+00
 ru  44  -0.542356 -2.302356 -0.130947 -0.083166 2.10210E-11
 rh  45  -1.111485 -2.171484 -0.000075  0.047706 5.77224E-12
 pd  46  -0.580563 -2.230563 -0.059153 -0.011372 2.02698E-11
 ag  47  -0.971458 -2.171458 -0.000049  0.047732 8.35261E-12
 cd  48  -0.501087 -2.211087 -0.039678  0.008103 2.57105E-11
 in  49  -1.430481 -2.190481 -0.019071  0.028710 3.08971E-12
 sn  50  -0.163826 -2.233826 -0.062416 -0.014635 5.90269E-11
 sb  51  -1.403978 -2.413978 -0.242569 -0.194788 3.48269E-12
 te  52  -0.458785 -2.638785 -0.467376 -0.419595 3.21702E-11
  i  53  -0.621504 -2.171504 -0.000094  0.047687 2.19968E-11
 xe  54   0.031531 -2.208469 -0.037059  0.010722 1.02367E-10
 cs  55  -1.091437 -2.171437 -0.000028  0.047753 7.80715E-12
 ba  56   0.007712 -2.172288 -0.000878  0.046903 1.01358E-10
 la  57  -1.001809 -2.171809 -0.000400  0.047381 1.00300E-11
 ce  58  -0.593307 -2.173307 -0.001898  0.045883 2.59161E-11
 pr  59  -1.411427 -2.171427 -0.000018  0.047763 3.96183E-12
 nd  60  -0.746405 -2.196405 -0.024995  0.022786 1.87529E-11
 pm  61   0.000000 -9.000000  0.000000  0.000000 5.97240E-35
 sm  62  -1.361124 -2.301124 -0.129714 -0.081933 4.74675E-12
 eu  63  -1.661555 -2.171555 -0.000146  0.047635 2.40201E-12
 gd  64  -1.228528 -2.278528 -0.107118 -0.059337 6.73677E-12
 tb  65  -1.851493 -2.171493 -0.000083  0.047698 1.62214E-12
 dy  66  -1.042050 -2.172050 -0.000641  0.047140 1.06953E-11
 ho  67  -1.701478 -2.171478 -0.000068  0.047713 2.37799E-12
 er  68  -1.259002 -2.179002 -0.007592  0.040189 6.67999E-12
 tm  69  -2.051435 -2.171434 -0.000025  0.047756 1.08811E-12
 yb  70  -1.312347 -2.232347 -0.060938 -0.013157 6.11206E-12
 lu  71  -2.081457 -2.171457 -0.000047  0.047734 1.05169E-12
 hf  72  -1.462075 -2.172075 -0.000666  0.047115 4.46608E-12
 ta  73  -2.291495 -2.171495 -0.000086  0.047695 6.70574E-13
  w  74  -1.521930 -2.171930 -0.000520  0.047261 4.00773E-12
 re  75  -1.912182 -2.172182 -0.000772  0.047009 1.65273E-12
 os  76  -0.821489 -2.171489 -0.000080  0.047701 2.08055E-11
 ir  77  -0.851508 -2.171508 -0.000099  0.047682 1.96188E-11
 pt  78  -0.583703 -2.203703 -0.032293  0.015488 3.68887E-11
 au  79  -1.371389 -2.171389  0.000020  0.047801 6.07285E-12
 hg  80  -1.032861 -2.202861 -0.031451  0.016330 1.34846E-11
 tl  81  -1.401403 -2.171403  0.000006  0.047787 5.88071E-12
 pb  82  -0.131398 -2.171398  0.000011  0.047792 1.11015E-10
 bi  83  -1.521399 -2.171399  0.000011  0.047792 4.56136E-12
 po  84  -6.878479 -9.000000  0.000000  0.000000 2.00473E-17
#[ls/Fe]_Bisterzo =   0.0000, [hs/Fe]_Bisterzo =  -0.0517
#[hs/ls]_Bisterzo =  -0.0517, [Pb/hs]_Bisterzo =   0.0517
#[ls/Fe]_Thiswork =  -0.0008, [hs/Fe]_Thiswork =  -0.0011
#[hs/ls]_Thiswork =  -0.0003, [Pb/hs]_Thiswork =   0.0011
# C/O = 2.3167E+00, c12/c13 = 1.62529E+02, n14/n15 = 6.39773E+03
# o16/o17 = 6.16579E+01, o16/o18 = 9.12567E+02
# mg24/mg25 = 8.7144E+00, mg24/mg26 = 7.4577E+00
#
#  TP   Mass     Mcore    Menv    log L
#  5 3.955960 0.866544 3.089420 4.264020
# El  Z   log e(X)   [X/H]    [X/Fe]     [X/O]      X(i)
  p   1  12.000000  0.000000  0.000000  0.000000 7.30562E-01
 he   2  10.977060  0.047060  2.218470  2.266251 2.75196E-01
 li   3  -0.951077 -4.211077 -2.039667 -1.991886 5.63044E-13
 be   4  -0.390640 -1.690640  0.000000  0.000000 2.65692E-12
  b   5   0.000000 -2.790000  0.000000  0.000000 2.59647E-29
  c   6   7.303602 -1.166398  1.005012  1.052793 1.75137E-04
  n   7   6.322009 -1.547991  0.623419  0.671200 2.13084E-05
  o   8   6.532304 -2.197696 -0.026286  0.000000 3.94996E-05
  f   9   2.144633 -2.275367 -0.103957 -0.077671 1.92104E-09
 ne  10   5.782338 -2.187662 -0.016253  0.010034 8.86044E-06
 na  11   4.584940 -1.655060  0.516350  0.542636 6.40730E-07
 mg  12   5.466423 -2.173577 -0.002167  0.024119 5.15603E-06
 al  13   4.326128 -2.123872  0.047537  0.073823 4.14380E-07
 si  14   5.380813 -2.169188  0.002222  0.028508 4.89214E-06
  p  15   3.259011 -2.150989  0.020421  0.046707 4.07573E-08
  s  16   4.988776 -2.161224  0.010186  0.036472 2.26466E-06
 cl  17   3.059639 -2.170361  0.001049  0.027335 2.94774E-08
 ar  18   4.268779 -2.171221  0.000189  0.026475 5.37615E-07
  k  19   2.908333 -2.171667 -0.000257  0.026029 2.29448E-08
 ca  20   4.118770 -2.171230  0.000180  0.026466 3.81832E-07
 sc  21   0.879162 -2.170838  0.000571  0.026858 2.46687E-10
 ti  22   2.738794 -2.171206  0.000204  0.026490 1.90120E-08
  v  23   1.787614 -2.172386 -0.000977  0.025310 2.26405E-09
 cr  24   3.449501 -2.190499 -0.019089  0.007197 1.06088E-07
 mn  25   3.309076 -2.170924  0.000486  0.026772 8.11233E-08
 fe  26   5.368780 -2.171220  0.000000  0.026476 9.46152E-06
 co  27   2.699448 -2.170552  0.000668  0.027143 2.13797E-08
 ni  28   4.028761 -2.171239 -0.000019  0.026457 4.54510E-07
 cu  29   2.078885 -2.171115  0.000105  0.026581 5.52294E-09
 zn  30   2.458771 -2.171229 -0.000010  0.026466 1.36334E-08
 ga  31   0.908928 -2.171072  0.000148  0.026624 4.09733E-10
 ge  32   1.374450 -2.205550 -0.034330 -0.007854 1.24687E-09
 as  33   0.128673 -2.171327 -0.000108  0.026368 7.30261E-11
 se  34   1.124895 -2.215105 -0.043885 -0.017409 7.62954E-10
 br  35   0.368730 -2.171270 -0.000051  0.026425 1.35361E-10
 kr  36   1.077256 -2.172744 -0.001524  0.024952 7.25582E-10
 rb  37   0.348473 -2.171527 -0.000308  0.026168 1.38189E-10
 sr  38   0.706581 -2.173419 -0.002199  0.024277 3.23133E-10
  y  39   0.038797 -2.171203  0.000017  0.026493 7.04572E-11
 zr  40   0.358794 -2.171206  0.000014  0.026490 1.51043E-10
 nb  41  -0.761312 -2.171312 -0.000093  0.026383 1.16662E-11
 mo  42  -0.352323 -2.292323 -0.121103 -0.094627 3.08940E-11
 tc  43   0.000000 -9.000000  0.000000  0.000000 0.00000E+00
 ru  44  -0.542193 -2.302193 -0.130974 -0.104498 2.10196E-11
 rh  45  -1.111428 -2.171428 -0.000208  0.026268 5.77044E-12
 pd  46  -0.580338 -2.230338 -0.059118 -0.032642 2.02714E-11
 ag  47  -0.971364 -2.171364 -0.000144  0.026332 8.35075E-12
 cd  48  -0.500833 -2.210833 -0.039613 -0.013137 2.57142E-11
 in  49  -1.430350 -2.190350 -0.019130  0.007345 3.08927E-12
 sn  50  -0.163617 -2.233617 -0.062397 -0.035921 5.90292E-11
 sb  51  -1.403874 -2.413874 -0.242655 -0.216179 3.48198E-12
 te  52  -0.458610 -2.638610 -0.467390 -0.440914 3.21690E-11
  i  53  -0.621477 -2.171477 -0.000257  0.026219 2.19885E-11
 xe  54   0.031738 -2.208262 -0.037042 -0.010566 1.02371E-10
 cs  55  -1.091289 -2.171288 -0.000069  0.026407 7.80638E-12
 ba  56   0.007951 -2.172049 -0.000829  0.025646 1.01368E-10
 la  57  -1.001620 -2.171620 -0.000401  0.026075 1.00299E-11
 ce  58  -0.593115 -2.173115 -0.001895  0.024581 2.59161E-11
 pr  59  -1.411291 -2.171291 -0.000071  0.026405 3.96133E-12
 nd  60  -0.746211 -2.196211 -0.024991  0.001485 1.87530E-11
 pm  61   0.000000 -9.000000  0.000000  0.000000 0.00000E+00
 sm  62  -1.360951 -2.300951 -0.129732 -0.103256 4.74654E-12
 eu  63  -1.661525 -2.171525 -0.000305  0.026171 2.40111E-12
 gd  64  -1.228393 -2.278393 -0.107173 -0.080697 6.73589E-12
 tb  65  -1.851414 -2.171414 -0.000194  0.026282 1.62172E-12
 dy  66  -1.041860 -2.171860 -0.000640  0.025836 1.06952E-11
 ho  67  -1.701392 -2.171392 -0.000172  0.026304 2.37741E-12
 er  68  -1.258791 -2.178791 -0.007571  0.018905 6.68029E-12
 tm  69  -2.051274 -2.171274 -0.000054  0.026422 1.08803E-12
 yb  70  -1.311946 -2.231946 -0.060726 -0.034250 6.11500E-12
 lu  71  -2.081258 -2.171258 -0.000038  0.026438 1.05171E-12
 hf  72  -1.461809 -2.171809 -0.000589  0.025887 4.46685E-12
 ta  73  -2.291326 -2.171326 -0.000106  0.026370 6.70540E-13
  w  74  -1.521724 -2.171724 -0.000504  0.025972 4.00786E-12
 re  75  -1.912134 -2.172134 -0.000914  0.025562 1.65218E-12
 os  76  -0.821425 -2.171425 -0.000206  0.026270 2.07994E-11
 ir  77  -0.851482 -2.171483 -0.000263  0.026213 1.96113E-11
 pt  78  -0.583502 -2.203502 -0.032282 -0.005806 3.68895E-11
 au  79  -1.371147 -2.171147  0.000073  0.026549 6.07356E-12
 hg  80  -1.032231 -2.202231 -0.031012 -0.004536 1.34982E-11
 tl  81  -1.401197 -2.171197  0.000022  0.026498 5.88090E-12
 pb  82  -0.131202 -2.171202  0.000018  0.026494 1.11016E-10
 bi  83  -1.521208 -2.171208  0.000012  0.026488 4.56135E-12
 po  84  -6.329359 -9.000000  0.000000  0.000000 7.09552E-17
#[ls/Fe]_Bisterzo =   0.0000, [hs/Fe]_Bisterzo =  -0.0517
#[hs/ls]_Bisterzo =  -0.0517, [Pb/hs]_Bisterzo =   0.0517
#[ls/Fe]_Thiswork =  -0.0007, [hs/Fe]_Thiswork =  -0.0010
#[hs/ls]_Thiswork =  -0.0003, [Pb/hs]_Thiswork =   0.0011
# C/O = 5.9061E+00, c12/c13 = 3.50420E+02, n14/n15 = 6.69477E+03
# o16/o17 = 6.48774E+01, o16/o18 = 9.60772E+02
# mg24/mg25 = 8.7100E+00, mg24/mg26 = 7.4553E+00
#
#  TP   Mass     Mcore    Menv    log L
#  6 3.951820 0.867005 3.084820 4.290570
# El  Z   log e(X)   [X/H]    [X/Fe]     [X/O]      X(i)
  p   1  12.000000  0.000000  0.000000  0.000000 7.30147E-01
 he   2  10.977723  0.047723  2.218943  2.245419 2.75460E-01
 li   3   1.149907 -2.110093  0.061127  0.087603 7.10033E-11
 be   4   1.743303  0.443303  0.000000  0.000000 3.61471E-10
  b   5   0.000000 -2.790000  0.000000  0.000000 1.23827E-25
  c   6   7.567140 -0.902861  1.268359  1.294835 3.21121E-04
  n   7   6.322893 -1.547107  0.624113  0.650589 2.13396E-05
  o   8   6.563007 -2.166992  0.004228  0.000000 4.23691E-05
  f   9   2.171849 -2.248151 -0.076931 -0.081159 2.04412E-09
 ne  10   5.788544 -2.181456 -0.010236 -0.014463 8.98286E-06
 na  11   4.585055 -1.654945  0.516275  0.512047 6.40536E-07
 mg  12   5.466592 -2.173408 -0.002188 -0.006416 5.15510E-06
 al  13   4.326207 -2.123793  0.047427  0.043200 4.14220E-07
 si  14   5.381830 -2.168170  0.003050 -0.001178 4.90083E-06
  p  15   3.259158 -2.150842  0.020378  0.016150 4.07478E-08
  s  16   4.989017 -2.160983  0.010237  0.006010 2.26463E-06
 cl  17   3.060523 -2.169477  0.001743 -0.002485 2.95207E-08
 ar  18   4.269012 -2.170988  0.000232 -0.003996 5.37597E-07
  k  19   2.908688 -2.171312 -0.000093 -0.004320 2.29505E-08
 ca  20   4.118992 -2.171008  0.000212 -0.004016 3.81810E-07
 sc  21   0.880012 -2.169988  0.001231 -0.002996 2.47029E-10
 ti  22   2.739045 -2.170955  0.000265 -0.003963 1.90121E-08
  v  23   1.787734 -2.172266 -0.001046 -0.005274 2.26339E-09
 cr  24   3.449749 -2.190251 -0.019031 -0.023259 1.06089E-07
 mn  25   3.309624 -2.170376  0.000844 -0.003384 8.11795E-08
 fe  26   5.369023 -2.170977  0.000000 -0.003984 9.46144E-06
 co  27   2.700777 -2.169223  0.001754 -0.002231 2.14331E-08
 ni  28   4.028979 -2.171021 -0.000044 -0.004028 4.54480E-07
 cu  29   2.079332 -2.170668  0.000309 -0.003675 5.52548E-09
 zn  30   2.458995 -2.171005 -0.000029 -0.004013 1.36327E-08
 ga  31   0.909407 -2.170593  0.000383 -0.003601 4.09951E-10
 ge  32   1.374780 -2.205220 -0.034244 -0.038228 1.24711E-09
 as  33   0.128835 -2.171165 -0.000189 -0.004173 7.30119E-11
 se  34   1.125200 -2.214800 -0.043823 -0.047807 7.63057E-10
 br  35   0.368953 -2.171047 -0.000071 -0.004055 1.35354E-10
 kr  36   1.077553 -2.172447 -0.001471 -0.005455 7.25664E-10
 rb  37   0.348717 -2.171283 -0.000307 -0.004291 1.38188E-10
 sr  38   0.706980 -2.173020 -0.002044 -0.006028 3.23245E-10
  y  39   0.039071 -2.170929  0.000048 -0.003937 7.04615E-11
 zr  40   0.359053 -2.170947  0.000029 -0.003955 1.51047E-10
 nb  41  -0.761148 -2.171148 -0.000172 -0.004156 1.16639E-11
 mo  42  -0.352050 -2.292050 -0.121073 -0.125058 3.08958E-11
 tc  43   0.000000 -9.000000  0.000000  0.000000 0.00000E+00
 ru  44  -0.541982 -2.301982 -0.131005 -0.134990 2.10179E-11
 rh  45  -1.111362 -2.171361 -0.000385 -0.004369 5.76804E-12
 pd  46  -0.580083 -2.230083 -0.059106 -0.063091 2.02717E-11
 ag  47  -0.971258 -2.171258 -0.000282 -0.004266 8.34804E-12
 cd  48  -0.500478 -2.210478 -0.039501 -0.043486 2.57206E-11
 in  49  -1.430154 -2.190154 -0.019177 -0.023162 3.08891E-12
 sn  50  -0.163322 -2.233322 -0.062346 -0.066330 5.90357E-11
 sb  51  -1.403738 -2.413738 -0.242761 -0.246746 3.48110E-12
 te  52  -0.458399 -2.638399 -0.467422 -0.471407 3.21663E-11
  i  53  -0.621449 -2.171449 -0.000473 -0.004457 2.19774E-11
 xe  54   0.031963 -2.208037 -0.037060 -0.041044 1.02366E-10
 cs  55  -1.091083 -2.171082 -0.000106 -0.004090 7.80563E-12
 ba  56   0.008323 -2.171677 -0.000701 -0.004685 1.01398E-10
 la  57  -1.001375 -2.171375 -0.000399 -0.004383 1.00299E-11
 ce  58  -0.592865 -2.172865 -0.001888 -0.005873 2.59162E-11
 pr  59  -1.411134 -2.171134 -0.000157 -0.004142 3.96051E-12
 nd  60  -0.745968 -2.195968 -0.024991 -0.028976 1.87528E-11
 pm  61   0.000000 -9.000000  0.000000  0.000000 0.00000E+00
 sm  62  -1.360741 -2.300741 -0.129764 -0.133749 4.74615E-12
 eu  63  -1.661487 -2.171487 -0.000510 -0.004494 2.39996E-12
 gd  64  -1.228275 -2.278275 -0.107299 -0.111283 6.73388E-12
 tb  65  -1.851353 -2.171353 -0.000376 -0.004360 1.62102E-12
 dy  66  -1.041695 -2.171695 -0.000718 -0.004703 1.06932E-11
 ho  67  -1.701308 -2.171308 -0.000332 -0.004316 2.37652E-12
 er  68  -1.258555 -2.178555 -0.007579 -0.011563 6.68011E-12
 tm  69  -2.051089 -2.171089 -0.000113 -0.004097 1.08787E-12
 yb  70  -1.311337 -2.231338 -0.060361 -0.064345 6.12010E-12
 lu  71  -2.080878 -2.170878  0.000098 -0.003886 1.05203E-12
 hf  72  -1.461281 -2.171281 -0.000304 -0.004289 4.46975E-12
 ta  73  -2.290994 -2.170994 -0.000017 -0.004002 6.70671E-13
  w  74  -1.521353 -2.171353 -0.000376 -0.004361 4.00901E-12
 re  75  -1.912045 -2.172045 -0.001068 -0.005052 1.65159E-12
 os  76  -0.821366 -2.171366 -0.000390 -0.004374 2.07904E-11
 ir  77  -0.851465 -2.171465 -0.000489 -0.004473 1.96009E-11
 pt  78  -0.583383 -2.203382 -0.032406 -0.036390 3.68787E-11
 au  79  -1.370953 -2.170953  0.000024 -0.003960 6.07282E-12
 hg  80  -1.030951 -2.200951 -0.029974 -0.033958 1.35303E-11
 tl  81  -1.400817 -2.170817  0.000160 -0.003825 5.88271E-12
 pb  82  -0.130943 -2.170943  0.000033 -0.003951 1.11019E-10
 bi  83  -1.520959 -2.170959  0.000018 -0.003967 4.56137E-12
 po  84  -5.883516 -9.000000  0.000000  0.000000 1.97961E-16
#[ls/Fe]_Bisterzo =   0.0000, [hs/Fe]_Bisterzo =  -0.0517
#[hs/ls]_Bisterzo =  -0.0518, [Pb/hs]_Bisterzo =   0.0518
#[ls/Fe]_Thiswork =  -0.0007, [hs/Fe]_Thiswork =  -0.0010
#[hs/ls]_Thiswork =  -0.0003, [Pb/hs]_Thiswork =   0.0010
# C/O = 1.0096E+01, c12/c13 = 4.16223E+02, n14/n15 = 7.09567E+03
# o16/o17 = 6.97298E+01, o16/o18 = 1.03367E+03
# mg24/mg25 = 8.6903E+00, mg24/mg26 = 7.4440E+00
#
#  TP   Mass     Mcore    Menv    log L
#  7 3.945660 0.867387 3.078270 4.315200
# El  Z   log e(X)   [X/H]    [X/Fe]     [X/O]      X(i)
  p   1  12.000000  0.000000  0.000000  0.000000 7.29635E-01
 he   2  10.978534  0.048533  2.219510  2.215526 2.75781E-01
 li   3   2.415464 -0.844536  1.326441  1.322457 1.30777E-09
 be   4   2.935501  1.635501  0.000000  0.000000 5.62298E-09
  b   5   0.000000 -2.790000  0.000000  0.000000 7.48024E-25
  c   6   7.763087 -0.706913  1.464064  1.460079 5.03862E-04
  n   7   6.324638 -1.545362  0.625615  0.621630 2.14106E-05
  o   8   6.601004 -2.128995  0.041981  0.000000 4.62106E-05
  f   9   2.245898 -2.174102 -0.003125 -0.045106 2.42243E-09
 ne  10   5.802444 -2.167556  0.003421 -0.038560 9.26852E-06
 na  11   4.585403 -1.654596  0.516380  0.474399 6.40601E-07
 mg  12   5.467209 -2.172791 -0.001814 -0.043796 5.15881E-06
 al  13   4.326296 -2.123704  0.047273  0.005291 4.14014E-07
 si  14   5.382979 -2.167021  0.003956 -0.038025 4.91037E-06
  p  15   3.259501 -2.150498  0.020478 -0.021503 4.07515E-08
  s  16   4.989307 -2.160693  0.010284 -0.031697 2.26456E-06
 cl  17   3.061695 -2.168305  0.002672 -0.039310 2.95796E-08
 ar  18   4.269282 -2.170718  0.000259 -0.041722 5.37554E-07
  k  19   2.909161 -2.170839  0.000137 -0.041844 2.29594E-08
 ca  20   4.119236 -2.170764  0.000212 -0.041769 3.81757E-07
 sc  21   0.881464 -2.168536  0.002441 -0.039541 2.47683E-10
 ti  22   2.739361 -2.170639  0.000338 -0.041644 1.90126E-08
  v  23   1.787826 -2.172174 -0.001198 -0.043179 2.26228E-09
 cr  24   3.450049 -2.189950 -0.018974 -0.060955 1.06087E-07
 mn  25   3.310163 -2.169837  0.001140 -0.040841 8.12234E-08
 fe  26   5.369318 -2.170682  0.000000 -0.041687 9.46121E-06
 co  27   2.704264 -2.165736  0.004946 -0.036741 2.15907E-08
 ni  28   4.029310 -2.170690 -0.000008 -0.041695 4.54507E-07
 cu  29   2.080608 -2.169392  0.001291 -0.040396 5.53785E-09
 zn  30   2.459294 -2.170706 -0.000023 -0.041710 1.36325E-08
 ga  31   0.910313 -2.169687  0.000995 -0.040692 4.10519E-10
 ge  32   1.375406 -2.204594 -0.033911 -0.075598 1.24804E-09
 as  33   0.129098 -2.170902 -0.000220 -0.041907 7.30050E-11
 se  34   1.125689 -2.214311 -0.043629 -0.085316 7.63379E-10
 br  35   0.369312 -2.170688 -0.000005 -0.041692 1.35371E-10
 kr  36   1.077980 -2.172020 -0.001338 -0.043025 7.25869E-10
 rb  37   0.349175 -2.170825 -0.000142 -0.041829 1.38237E-10
 sr  38   0.707570 -2.172430 -0.001748 -0.043435 3.23458E-10
  y  39   0.039481 -2.170519  0.000164 -0.041523 7.04785E-11
 zr  40   0.359410 -2.170590  0.000093 -0.041594 1.51065E-10
 nb  41  -0.760878 -2.170877 -0.000195 -0.041882 1.16630E-11
 mo  42  -0.351807 -2.291807 -0.121124 -0.162811 3.08914E-11
 tc  43   0.000000 -9.000000  0.000000  0.000000 0.00000E+00
 ru  44  -0.541744 -2.301744 -0.131062 -0.172749 2.10147E-11
 rh  45  -1.111288 -2.171288 -0.000606 -0.042293 5.76498E-12
 pd  46  -0.579806 -2.229806 -0.059124 -0.100811 2.02704E-11
 ag  47  -0.971151 -2.171151 -0.000469 -0.042156 8.34422E-12
 cd  48  -0.500074 -2.210074 -0.039392 -0.081079 2.57264E-11
 in  49  -1.429893 -2.189893 -0.019211 -0.060898 3.08860E-12
 sn  50  -0.162879 -2.232879 -0.062196 -0.103884 5.90546E-11
 sb  51  -1.403543 -2.413543 -0.242861 -0.284548 3.48022E-12
 te  52  -0.458134 -2.638134 -0.467451 -0.509138 3.21634E-11
  i  53  -0.621424 -2.171424 -0.000741 -0.042428 2.19633E-11
 xe  54   0.032155 -2.207845 -0.037163 -0.078850 1.02339E-10
 cs  55  -1.090891 -2.170891 -0.000208 -0.041895 7.80361E-12
 ba  56   0.008924 -2.171077 -0.000394 -0.042081 1.01467E-10
 la  57  -1.001041 -2.171041 -0.000359 -0.042046 1.00306E-11
 ce  58  -0.592546 -2.172545 -0.001863 -0.043550 2.59172E-11
 pr  59  -1.410943 -2.170943 -0.000261 -0.041948 3.95947E-12
 nd  60  -0.745686 -2.195686 -0.025003 -0.066690 1.87519E-11
 pm  61   0.000000 -9.000000  0.000000  0.000000 3.43626E-35
 sm  62  -1.360521 -2.300521 -0.129839 -0.171526 4.74522E-12
 eu  63  -1.661450 -2.171450 -0.000768 -0.042455 2.39848E-12
 gd  64  -1.228161 -2.278161 -0.107478 -0.149165 6.73093E-12
 tb  65  -1.851298 -2.171298 -0.000616 -0.042303 1.62009E-12
 dy  66  -1.041573 -2.171573 -0.000890 -0.042577 1.06887E-11
 ho  67  -1.701253 -2.171253 -0.000571 -0.042258 2.37515E-12
 er  68  -1.258387 -2.178387 -0.007704 -0.049391 6.67803E-12
 tm  69  -2.050964 -2.170964 -0.000282 -0.041969 1.08742E-12
 yb  70  -1.310766 -2.230766 -0.060084 -0.101771 6.12386E-12
 lu  71  -2.080454 -2.170454  0.000229 -0.041458 1.05232E-12
 hf  72  -1.460489 -2.170489  0.000193 -0.041494 4.47475E-12
 ta  73  -2.290406 -2.170406  0.000276 -0.041411 6.71108E-13
  w  74  -1.520564 -2.170564  0.000118 -0.041569 4.01348E-12
 re  75  -1.911837 -2.171837 -0.001154 -0.042841 1.65122E-12
 os  76  -0.821251 -2.171251 -0.000568 -0.042255 2.07813E-11
 ir  77  -0.851445 -2.171445 -0.000763 -0.042450 1.95881E-11
 pt  78  -0.583317 -2.203317 -0.032634 -0.074321 3.68584E-11
 au  79  -1.370875 -2.170875 -0.000193 -0.041880 6.06964E-12
 hg  80  -1.029469 -2.199469 -0.028786 -0.070473 1.35671E-11
 tl  81  -1.399544 -2.169544  0.001139 -0.040548 5.89584E-12
 pb  82  -0.130583 -2.170583  0.000100 -0.041587 1.11033E-10
 bi  83  -1.520643 -2.170643  0.000039 -0.041648 4.56149E-12
 po  84  -5.461494 -9.000000  0.000000  0.000000 5.22753E-16
#[ls/Fe]_Bisterzo =   0.0001, [hs/Fe]_Bisterzo =  -0.0517
#[hs/ls]_Bisterzo =  -0.0519, [Pb/hs]_Bisterzo =   0.0518
#[ls/Fe]_Thiswork =  -0.0005, [hs/Fe]_Thiswork =  -0.0009
#[hs/ls]_Thiswork =  -0.0004, [Pb/hs]_Thiswork =   0.0010
# C/O = 1.4524E+01, c12/c13 = 2.57014E+02, n14/n15 = 1.35007E+04
# o16/o17 = 7.63586E+01, o16/o18 = 1.14819E+03
# mg24/mg25 = 8.6200E+00, mg24/mg26 = 7.3982E+00
#
#  TP   Mass     Mcore    Menv    log L
#  8 3.937270 0.867694 3.069580 4.341470
# El  Z   log e(X)   [X/H]    [X/Fe]     [X/O]      X(i)
  p   1  12.000000  0.000000  0.000000  0.000000 7.29038E-01
 he   2  10.979478  0.049478  2.220160  2.178473 2.76155E-01
 li   3   3.411336  0.151336  2.322018  2.280331 1.29434E-08
 be   4   3.958660  2.658660  0.000000  0.000000 5.92613E-08
  b   5   0.000000 -2.790000  0.000000  0.000000 2.98169E-24
  c   6   7.910990 -0.559010  1.611672  1.569985 7.07716E-04
  n   7   6.395361 -1.474638  0.696044  0.654357 2.51765E-05
  o   8   6.641624 -2.088376  0.082307  0.000000 5.06998E-05
  f   9   2.378744 -2.041256  0.129426  0.047120 3.28656E-09
 ne  10   5.828163 -2.141837  0.028845 -0.053462 9.82593E-06
 na  11   4.586733 -1.653266  0.517416  0.435109 6.42040E-07
 mg  12   5.469125 -2.170875 -0.000193 -0.082500 5.17738E-06
 al  13   4.326438 -2.123561  0.047121 -0.035186 4.13811E-07
 si  14   5.384197 -2.165803  0.004879 -0.077428 4.92013E-06
  p  15   3.260392 -2.149608  0.021075 -0.061232 4.08018E-08
  s  16   4.989629 -2.160371  0.010312 -0.071995 2.26439E-06
 cl  17   3.063092 -2.166908  0.003775 -0.078532 2.96507E-08
 ar  18   4.269575 -2.170425  0.000257 -0.082049 5.37477E-07
  k  19   2.909804 -2.170196  0.000487 -0.081820 2.29747E-08
 ca  20   4.119471 -2.170529  0.000153 -0.082154 3.81651E-07
 sc  21   0.883738 -2.166262  0.004420 -0.077887 2.48780E-10
 ti  22   2.739738 -2.170261  0.000421 -0.081886 1.90136E-08
  v  23   1.787927 -2.172073 -0.001391 -0.083698 2.26096E-09
 cr  24   3.450380 -2.189620 -0.018937 -0.101244 1.06082E-07
 mn  25   3.310474 -2.169526  0.001157 -0.081150 8.12151E-08
 fe  26   5.369633 -2.170367  0.000000 -0.081992 9.46034E-06
 co  27   2.713418 -2.156582  0.013785 -0.068206 2.20326E-08
 ni  28   4.030071 -2.169929  0.000439 -0.081553 4.54933E-07
 cu  29   2.086035 -2.163965  0.006402 -0.075590 5.60289E-09
 zn  30   2.459836 -2.170164  0.000203 -0.081789 1.36384E-08
 ga  31   0.912284 -2.167716  0.002651 -0.079340 4.12050E-10
 ge  32   1.376883 -2.203117 -0.032750 -0.114742 1.25126E-09
 as  33   0.129754 -2.170246  0.000121 -0.081870 7.30556E-11
 se  34   1.126819 -2.213181 -0.042814 -0.124806 7.64743E-10
 br  35   0.370127 -2.169873  0.000494 -0.081498 1.35514E-10
 kr  36   1.078795 -2.171205 -0.000837 -0.082829 7.26640E-10
 rb  37   0.350126 -2.169874  0.000494 -0.081498 1.38426E-10
 sr  38   0.708438 -2.171562 -0.001195 -0.083187 3.23840E-10
  y  39   0.040154 -2.169846  0.000522 -0.081470 7.05303E-11
 zr  40   0.359952 -2.170048  0.000319 -0.081672 1.51130E-10
 nb  41  -0.760436 -2.170436 -0.000069 -0.082060 1.16653E-11
 mo  42  -0.351520 -2.291520 -0.121152 -0.203144 3.08866E-11
 tc  43   0.000000 -9.000000  0.000000  0.000000 0.00000E+00
 ru  44  -0.541551 -2.301551 -0.131183 -0.213175 2.10069E-11
 rh  45  -1.111232 -2.171232 -0.000865 -0.082856 5.76101E-12
 pd  46  -0.579583 -2.229583 -0.059216 -0.141208 2.02642E-11
 ag  47  -0.971066 -2.171066 -0.000698 -0.082690 8.33905E-12
 cd  48  -0.499722 -2.209722 -0.039354 -0.121346 2.57263E-11
 in  49  -1.429653 -2.189653 -0.019286 -0.101278 3.08778E-12
 sn  50  -0.162305 -2.232305 -0.061938 -0.143929 5.90843E-11
 sb  51  -1.403257 -2.413257 -0.242890 -0.324882 3.47966E-12
 te  52  -0.457750 -2.637750 -0.467383 -0.549375 3.21655E-11
  i  53  -0.621390 -2.171390 -0.001023 -0.083015 2.19470E-11
 xe  54   0.032340 -2.207660 -0.037293 -0.119284 1.02299E-10
 cs  55  -1.090747 -2.170747 -0.000380 -0.082371 7.79981E-12
 ba  56   0.009758 -2.170242  0.000125 -0.081867 1.01579E-10
 la  57  -1.000517 -2.170517 -0.000150 -0.082141 1.00345E-11
 ce  58  -0.592100 -2.172100 -0.001733 -0.083724 2.59225E-11
 pr  59  -1.410686 -2.170686 -0.000318 -0.082310 3.95859E-12
 nd  60  -0.745372 -2.195372 -0.025005 -0.106996 1.87501E-11
 pm  61   0.000000 -9.000000  0.000000  0.000000 4.71268E-34
 sm  62  -1.360298 -2.300298 -0.129931 -0.211923 4.74377E-12
 eu  63  -1.661415 -2.171415 -0.001048 -0.083040 2.39671E-12
 gd  64  -1.228045 -2.278044 -0.107677 -0.189669 6.72723E-12
 tb  65  -1.851245 -2.171245 -0.000878 -0.082869 1.61896E-12
 dy  66  -1.041460 -2.171460 -0.001093 -0.083085 1.06828E-11
 ho  67  -1.701206 -2.171206 -0.000839 -0.082831 2.37347E-12
 er  68  -1.258255 -2.178255 -0.007888 -0.089880 6.67459E-12
 tm  69  -2.050872 -2.170872 -0.000504 -0.082496 1.08676E-12
 yb  70  -1.310378 -2.230378 -0.060011 -0.142003 6.12432E-12
 lu  71  -2.080161 -2.170161  0.000206 -0.081785 1.05217E-12
 hf  72  -1.459860 -2.169860  0.000507 -0.081484 4.47758E-12
 ta  73  -2.289896 -2.169896  0.000471 -0.081521 6.71348E-13
  w  74  -1.519750 -2.169750  0.000618 -0.081374 4.01772E-12
 re  75  -1.911602 -2.171602 -0.001235 -0.083226 1.65076E-12
 os  76  -0.821108 -2.171108 -0.000741 -0.082732 2.07712E-11
 ir  77  -0.851418 -2.171419 -0.001051 -0.083043 1.95732E-11
 pt  78  -0.583227 -2.203227 -0.032860 -0.114851 3.68359E-11
 au  79  -1.370787 -2.170787 -0.000419 -0.082411 6.06592E-12
 hg  80  -1.028347 -2.198347 -0.027980 -0.109972 1.35910E-11
 tl  81  -1.397391 -2.167391  0.002976 -0.079016 5.92030E-12
 pb  82  -0.130032 -2.170032  0.000336 -0.081656 1.11083E-10
 bi  83  -1.520249 -2.170249  0.000118 -0.081874 4.56189E-12
 po  84  -5.081064 -9.000000  0.000000  0.000000 1.25422E-15
#[ls/Fe]_Bisterzo =   0.0004, [hs/Fe]_Bisterzo =  -0.0517
#[hs/ls]_Bisterzo =  -0.0521, [Pb/hs]_Bisterzo =   0.0520
#[ls/Fe]_Thiswork =  -0.0001, [hs/Fe]_Thiswork =  -0.0006
#[hs/ls]_Thiswork =  -0.0005, [Pb/hs]_Thiswork =   0.0009
# C/O = 1.8594E+01, c12/c13 = 2.26231E+01, n14/n15 = 4.26349E+04
# o16/o17 = 8.90356E+01, o16/o18 = 1.85738E+03
# mg24/mg25 = 8.4269E+00, mg24/mg26 = 7.2456E+00
#
#  TP   Mass     Mcore    Menv    log L
#  9 3.926410 0.867990 3.058420 4.378130
# El  Z   log e(X)   [X/H]    [X/Fe]     [X/O]      X(i)
  p   1  12.000000  0.000000  0.000000  0.000000 7.28391E-01
 he   2  10.980486  0.050486  2.220853  2.138861 2.76551E-01
 li   3   3.679771  0.419771  2.590139  2.508147 2.39937E-08
 be   4   4.273468  2.973468  0.000000  0.000000 1.22234E-07
  b   5   0.000000 -2.790000  0.000000  0.000000 7.75645E-25
  c   6   7.979308 -0.490692  1.679675  1.597683 8.27545E-04
  n   7   7.110164 -0.759836  1.410531  1.328539 1.30441E-04
  o   8   6.677700 -2.052299  0.118068  0.000000 5.50423E-05
  f   9   2.535522 -1.884478  0.285890  0.167822 4.71123E-09
 ne  10   5.865360 -2.104640  0.065727 -0.052341 1.06951E-05
 na  11   4.590033 -1.649967  0.520400  0.402332 6.46362E-07
 mg  12   5.473369 -2.166631  0.003736 -0.114332 5.22358E-06
 al  13   4.326741 -2.123259  0.047108 -0.070960 4.13732E-07
 si  14   5.385394 -2.164606  0.005761 -0.112307 4.92933E-06
  p  15   3.262214 -2.147786  0.022581 -0.095487 4.09369E-08
  s  16   4.989963 -2.160037  0.010330 -0.107738 2.26411E-06
 cl  17   3.064538 -2.165462  0.004905 -0.113163 2.97231E-08
 ar  18   4.269876 -2.170124  0.000244 -0.117824 5.37372E-07
  k  19   2.910613 -2.169387  0.000980 -0.117087 2.29970E-08
 ca  20   4.119688 -2.170312  0.000055 -0.118013 3.81503E-07
 sc  21   0.886823 -2.163177  0.007190 -0.110878 2.50331E-10
 ti  22   2.740155 -2.169845  0.000523 -0.117545 1.90150E-08
  v  23   1.788069 -2.171931 -0.001564 -0.119632 2.25969E-09
 cr  24   3.450712 -2.189288 -0.018920 -0.136988 1.06068E-07
 mn  25   3.310647 -2.169353  0.001014 -0.117054 8.11753E-08
 fe  26   5.369929 -2.170071  0.000000 -0.117771 9.45840E-06
 co  27   2.727020 -2.142980  0.027091 -0.090680 2.27134E-08
 ni  28   4.031594 -2.168406  0.001665 -0.116107 4.56125E-07
 cu  29   2.100527 -2.149473  0.020597 -0.097174 5.78787E-09
 zn  30   2.461432 -2.168569  0.001502 -0.116269 1.36764E-08
 ga  31   0.917993 -2.162007  0.008063 -0.109708 4.17131E-10
 ge  32   1.381123 -2.198877 -0.028807 -0.146578 1.26242E-09
 as  33   0.131635 -2.168365  0.001705 -0.116066 7.33074E-11
 se  34   1.130123 -2.209877 -0.039806 -0.157577 7.69899E-10
 br  35   0.372535 -2.167465  0.002605 -0.115166 1.36147E-10
 kr  36   1.081127 -2.168873  0.001198 -0.116573 7.29903E-10
 rb  37   0.352692 -2.167308  0.002762 -0.115009 1.39123E-10
 sr  38   0.710133 -2.169868  0.000203 -0.117568 3.24818E-10
  y  39   0.041363 -2.168637  0.001433 -0.116338 7.06639E-11
 zr  40   0.360847 -2.169153  0.000917 -0.116854 1.51307E-10
 nb  41  -0.759727 -2.169726  0.000344 -0.117427 1.16740E-11
 mo  42  -0.351047 -2.291047 -0.120976 -0.238747 3.08928E-11
 tc  43   0.000000 -9.000000  0.000000  0.000000 0.00000E+00
 ru  44  -0.541283 -2.301283 -0.131212 -0.248983 2.10012E-11
 rh  45  -1.111155 -2.171154 -0.001084 -0.118855 5.75691E-12
 pd  46  -0.579358 -2.229358 -0.059288 -0.177059 2.02567E-11
 ag  47  -0.970978 -2.170978 -0.000907 -0.118678 8.33333E-12
 cd  48  -0.499422 -2.209422 -0.039351 -0.157123 2.57212E-11
 in  49  -1.429447 -2.189447 -0.019377 -0.137148 3.08650E-12
 sn  50  -0.161736 -2.231735 -0.061665 -0.179436 5.91092E-11
 sb  51  -1.402935 -2.412935 -0.242864 -0.360636 3.47915E-12
 te  52  -0.457298 -2.637298 -0.467228 -0.584999 3.21704E-11
  i  53  -0.621341 -2.171341 -0.001270 -0.119041 2.19300E-11
 xe  54   0.032568 -2.207432 -0.037361 -0.155133 1.02262E-10
 cs  55  -1.090594 -2.170594 -0.000524 -0.118295 7.79563E-12
 ba  56   0.010746 -2.169254  0.000817 -0.116955 1.01720E-10
 la  57  -0.999838 -2.169838  0.000233 -0.117538 1.00412E-11
 ce  58  -0.591500 -2.171500 -0.001430 -0.119201 2.59353E-11
 pr  59  -1.410337 -2.170337 -0.000267 -0.118038 3.95824E-12
 nd  60  -0.744997 -2.194997 -0.024926 -0.142698 1.87496E-11
 pm  61   0.000000 -9.000000  0.000000  0.000000 1.18102E-31
 sm  62  -1.360048 -2.300048 -0.129978 -0.247749 4.74229E-12
 eu  63  -1.661366 -2.171366 -0.001296 -0.119067 2.39485E-12
 gd  64  -1.227912 -2.277912 -0.107841 -0.225612 6.72330E-12
 tb  65  -1.851179 -2.171179 -0.001108 -0.118880 1.61777E-12
 dy  66  -1.041334 -2.171334 -0.001264 -0.119035 1.06763E-11
 ho  67  -1.701148 -2.171148 -0.001077 -0.118849 2.37167E-12
 er  68  -1.258114 -2.178114 -0.008043 -0.125814 6.67082E-12
 tm  69  -2.050768 -2.170768 -0.000697 -0.118468 1.08606E-12
 yb  70  -1.310024 -2.230024 -0.059954 -0.177725 6.12387E-12
 lu  71  -2.079910 -2.169910  0.000160 -0.117611 1.05184E-12
 hf  72  -1.459375 -2.169375  0.000695 -0.117076 4.47860E-12
 ta  73  -2.289511 -2.169511  0.000560 -0.117211 6.71347E-13
  w  74  -1.519113 -2.169113  0.000958 -0.116813 4.02005E-12
 re  75  -1.911402 -2.171402 -0.001331 -0.119102 1.65006E-12
 os  76  -0.820977 -2.170977 -0.000906 -0.118678 2.07590E-11
 ir  77  -0.851385 -2.171385 -0.001315 -0.119086 1.95574E-11
 pt  78  -0.583130 -2.203130 -0.033059 -0.150830 3.68114E-11
 au  79  -1.370687 -2.170687 -0.000617 -0.118388 6.06192E-12
 hg  80  -1.027453 -2.197453 -0.027383 -0.145154 1.36069E-11
 tl  81  -1.395392 -2.165392  0.004678 -0.113093 5.94233E-12
 pb  82  -0.129297 -2.169297  0.000773 -0.116998 1.11172E-10
 bi  83  -1.519779 -2.169779  0.000291 -0.117480 4.56278E-12
 po  84  -4.783234 -9.000000  0.000000  0.000000 2.48780E-15
#[ls/Fe]_Bisterzo =   0.0012, [hs/Fe]_Bisterzo =  -0.0516
#[hs/ls]_Bisterzo =  -0.0527, [Pb/hs]_Bisterzo =   0.0523
#[ls/Fe]_Thiswork =   0.0009, [hs/Fe]_Thiswork =  -0.0001
#[hs/ls]_Thiswork =  -0.0010, [Pb/hs]_Thiswork =   0.0009
# C/O = 2.0027E+01, c12/c13 = 5.35786E+00, n14/n15 = 6.46342E+04
# o16/o17 = 1.34229E+02, o16/o18 = 1.44899E+05
# mg24/mg25 = 8.0664E+00, mg24/mg26 = 6.9026E+00
#
#  TP   Mass     Mcore    Menv    log L
# 10 3.911250 0.868282 3.042970 4.420410
# El  Z   log e(X)   [X/H]    [X/Fe]     [X/O]      X(i)
  p   1  12.000000  0.000000  0.000000  0.000000 7.27599E-01
 he   2  10.981671  0.051671  2.221742  2.103971 2.77006E-01
 li   3   3.509199  0.249199  2.419270  2.301499 1.61828E-08
 be   4   4.119064  2.819064  0.000000  0.000000 8.55692E-08
  b   5   0.000000 -2.790000  0.000000  0.000000 2.35943E-23
  c   6   7.801025 -0.668975  1.501096  1.383325 5.48323E-04
  n   7   7.857241 -0.012759  2.157311  2.039540 7.27810E-04
  o   8   6.712665 -2.017335  0.152736  0.000000 5.95922E-05
  f   9   2.624063 -1.795938  0.374133  0.221397 5.77035E-09
 ne  10   5.915292 -2.054708  0.115363 -0.037373 1.19852E-05
 na  11   4.596707 -1.643293  0.526778  0.374042 6.55658E-07
 mg  12   5.481494 -2.158506  0.011565 -0.141171 5.31644E-06
 al  13   4.327447 -2.122553  0.047518 -0.105218 4.13955E-07
 si  14   5.386719 -2.163281  0.006789 -0.145947 4.93902E-06
  p  15   3.265440 -2.144560  0.025511 -0.127225 4.11973E-08
  s  16   4.990360 -2.159640  0.010431 -0.142305 2.26372E-06
 cl  17   3.066150 -2.163850  0.006220 -0.146515 2.98013E-08
 ar  18   4.270240 -2.169760  0.000310 -0.152425 5.37238E-07
  k  19   2.911663 -2.168337  0.001734 -0.151002 2.30276E-08
 ca  20   4.119938 -2.170062  0.000009 -0.152727 3.81308E-07
 sc  21   0.890983 -2.159017  0.011053 -0.141682 2.52466E-10
 ti  22   2.740675 -2.169325  0.000746 -0.151990 1.90170E-08
  v  23   1.788290 -2.171710 -0.001639 -0.154375 2.25839E-09
 cr  24   3.451093 -2.188907 -0.018836 -0.171572 1.06046E-07
 mn  25   3.310807 -2.169193  0.000878 -0.151858 8.11171E-08
 fe  26   5.370254 -2.169746  0.000000 -0.152411 9.45519E-06
 co  27   2.743567 -2.126432  0.043314 -0.109097 2.35699E-08
 ni  28   4.034082 -2.165917  0.003829 -0.148582 4.58248E-07
 cu  29   2.126097 -2.123903  0.045843 -0.106568 6.13221E-09
 zn  30   2.465691 -2.164310  0.005436 -0.146975 1.37962E-08
 ga  31   0.934602 -2.145398  0.024348 -0.128063 4.32922E-10
 ge  32   1.394289 -2.185711 -0.015965 -0.168376 1.29986E-09
 as  33   0.137853 -2.162147  0.007599 -0.144812 7.42837E-11
 se  34   1.141114 -2.198886 -0.029140 -0.181551 7.88775E-10
 br  35   0.380610 -2.159390  0.010355 -0.142056 1.38551E-10
 kr  36   1.089146 -2.160854  0.008892 -0.143519 7.42696E-10
 rb  37   0.361370 -2.158630  0.011116 -0.141295 1.41777E-10
 sr  38   0.715266 -2.164734  0.005012 -0.147399 3.28323E-10
  y  39   0.044750 -2.165250  0.004496 -0.147915 7.11399E-11
 zr  40   0.363120 -2.166880  0.002866 -0.149545 1.51936E-10
 nb  41  -0.758004 -2.168004  0.001742 -0.150669 1.17077E-11
 mo  42  -0.349898 -2.289898 -0.120152 -0.272563 3.09410E-11
 tc  43   0.000000 -9.000000  0.000000  0.000000 0.00000E+00
 ru  44  -0.540629 -2.300629 -0.130883 -0.283294 2.10099E-11
 rh  45  -1.110955 -2.170955 -0.001209 -0.153620 5.75331E-12
 pd  46  -0.578872 -2.228872 -0.059126 -0.211537 2.02574E-11
 ag  47  -0.970780 -2.170780 -0.001034 -0.153445 8.32806E-12
 cd  48  -0.498958 -2.208958 -0.039212 -0.191623 2.57207E-11
 in  49  -1.429151 -2.189151 -0.019405 -0.171816 3.08526E-12
 sn  50  -0.161009 -2.231009 -0.061263 -0.213674 5.91439E-11
 sb  51  -1.402496 -2.412496 -0.242750 -0.395161 3.47889E-12
 te  52  -0.456686 -2.636686 -0.466940 -0.619351 3.21807E-11
  i  53  -0.621241 -2.171241 -0.001495 -0.153906 2.19112E-11
 xe  54   0.032898 -2.207102 -0.037356 -0.189767 1.02228E-10
 cs  55  -1.090375 -2.170375 -0.000629 -0.153040 7.79109E-12
 ba  56   0.012004 -2.167996  0.001750 -0.150661 1.01904E-10
 la  57  -0.998956 -2.168956  0.000790 -0.151621 1.00507E-11
 ce  58  -0.590672 -2.170672 -0.000926 -0.153337 2.59566E-11
 pr  59  -1.409845 -2.169845 -0.000099 -0.152510 3.95842E-12
 nd  60  -0.744479 -2.194479 -0.024733 -0.177144 1.87516E-11
 pm  61   0.000000 -9.000000  0.000000  0.000000 2.64404E-30
 sm  62  -1.359692 -2.299692 -0.129946 -0.282357 4.74103E-12
 eu  63  -1.661268 -2.171268 -0.001522 -0.153933 2.39279E-12
 gd  64  -1.227712 -2.277712 -0.107966 -0.260377 6.71910E-12
 tb  65  -1.851060 -2.171060 -0.001314 -0.153725 1.61646E-12
 dy  66  -1.041145 -2.171145 -0.001400 -0.153811 1.06694E-11
 ho  67  -1.701041 -2.171041 -0.001295 -0.153706 2.36968E-12
 er  68  -1.257911 -2.177911 -0.008165 -0.160576 6.66670E-12
 tm  69  -2.050608 -2.170608 -0.000862 -0.153273 1.08528E-12
 yb  70  -1.309583 -2.229583 -0.059837 -0.212248 6.12344E-12
 lu  71  -2.079590 -2.169590  0.000156 -0.152255 1.05147E-12
 hf  72  -1.458824 -2.168824  0.000922 -0.151489 4.47942E-12
 ta  73  -2.289078 -2.169078  0.000668 -0.151743 6.71286E-13
  w  74  -1.518467 -2.168467  0.001279 -0.151132 4.02165E-12
 re  75  -1.911176 -2.171176 -0.001430 -0.153841 1.64912E-12
 os  76  -0.820817 -2.170817 -0.001071 -0.153482 2.07441E-11
 ir  77  -0.851313 -2.171313 -0.001567 -0.153978 1.95394E-11
 pt  78  -0.582999 -2.202999 -0.033253 -0.185664 3.67825E-11
 au  79  -1.370550 -2.170550 -0.000804 -0.153215 6.05724E-12
 hg  80  -1.026516 -2.196516 -0.026770 -0.179181 1.36215E-11
 tl  81  -1.393522 -2.163522  0.006224 -0.146187 5.96149E-12
 pb  82  -0.128321 -2.168321  0.001425 -0.150986 1.11302E-10
 bi  83  -1.519144 -2.169144  0.000602 -0.151809 4.56449E-12
 po  84  -4.531244 -9.000000  0.000000  0.000000 4.43950E-15
#[ls/Fe]_Bisterzo =   0.0037, [hs/Fe]_Bisterzo =  -0.0513
#[hs/ls]_Bisterzo =  -0.0550, [Pb/hs]_Bisterzo =   0.0527
#[ls/Fe]_Thiswork =   0.0041, [hs/Fe]_Thiswork =   0.0005
#[hs/ls]_Thiswork =  -0.0036, [Pb/hs]_Thiswork =   0.0009
# C/O = 1.2256E+01, c12/c13 = 3.12752E+00, n14/n15 = 6.09687E+04
# o16/o17 = 3.25942E+02, o16/o18 = 2.45542E+06
# mg24/mg25 = 7.5024E+00, mg24/mg26 = 6.2906E+00
#
#  TP   Mass     Mcore    Menv    log L
# 11 3.891630 0.868520 3.023110 4.451450
# El  Z   log e(X)   [X/H]    [X/Fe]     [X/O]      X(i)
  p   1  12.000000  0.000000  0.000000  0.000000 7.26699E-01
 he   2  10.983035  0.053035  2.222781  2.070370 2.77533E-01
 li   3   3.196306 -0.063694  2.106052  1.953641 7.86362E-09
 be   4   3.804706  2.504706  0.000000  0.000000 4.14402E-08
  b   5   0.000000 -2.790000  0.000000  0.000000 6.13006E-24
  c   6   7.178304 -1.291697  0.878049  0.725638 1.30550E-04
  n   7   8.174478  0.304478  2.474224  2.321813 1.50910E-03
  o   8   6.747516 -1.982484  0.187262  0.000000 6.44915E-05
  f   9   2.573648 -1.846352  0.323394  0.136132 5.13157E-09
 ne  10   5.976449 -1.993551  0.176195 -0.011067 1.37805E-05
 na  11   4.608488 -1.631512  0.538234  0.350972 6.72855E-07
 mg  12   5.495828 -2.144172  0.025574 -0.161688 5.48804E-06
 al  13   4.329044 -2.120956  0.048790 -0.138472 4.14966E-07
 si  14   5.388176 -2.161824  0.007922 -0.179340 4.94949E-06
  p  15   3.270452 -2.139547  0.030199 -0.157063 4.16241E-08
  s  16   4.990799 -2.159201  0.010545 -0.176717 2.26321E-06
 cl  17   3.067884 -2.162116  0.007630 -0.179632 2.98835E-08
 ar  18   4.270645 -2.169355  0.000391 -0.186872 5.37074E-07
  k  19   2.912931 -2.167068  0.002677 -0.184585 2.30664E-08
 ca  20   4.120202 -2.169798 -0.000052 -0.187315 3.81067E-07
 sc  21   0.896357 -2.153643  0.016103 -0.171160 2.55293E-10
 ti  22   2.741280 -2.168720  0.001026 -0.186236 1.90200E-08
  v  23   1.788574 -2.171426 -0.001680 -0.188942 2.25707E-09
 cr  24   3.451497 -2.188503 -0.018757 -0.206019 1.06014E-07
 mn  25   3.310956 -2.169044  0.000702 -0.186560 8.10445E-08
 fe  26   5.370578 -2.169422  0.000000 -0.186938 9.45055E-06
 co  27   2.762076 -2.107924  0.061498 -0.125440 2.45657E-08
 ni  28   4.037589 -2.162411  0.007011 -0.179927 4.61392E-07
 cu  29   2.159687 -2.090313  0.079109 -0.107829 6.61713E-09
 zn  30   2.473522 -2.156478  0.012944 -0.173994 1.40299E-08
 ga  31   0.967456 -2.112544  0.056878 -0.130060 4.66365E-10
 ge  32   1.423264 -2.156736  0.012685 -0.174253 1.38782E-09
 as  33   0.153371 -2.146629  0.022793 -0.164145 7.68909E-11
 se  34   1.171474 -2.168525  0.000896 -0.186042 8.44843E-10
 br  35   0.403909 -2.136091  0.033330 -0.153607 1.46006E-10
 kr  36   1.117354 -2.132646  0.036776 -0.150162 7.91557E-10
 rb  37   0.393096 -2.126904  0.042518 -0.144420 1.52333E-10
 sr  38   0.733900 -2.146100  0.023322 -0.163616 3.42293E-10
  y  39   0.057217 -2.152783  0.016638 -0.170300 7.31210E-11
 zr  40   0.371758 -2.158242  0.011179 -0.175759 1.54796E-10
 nb  41  -0.751585 -2.161585  0.007837 -0.179101 1.18673E-11
 mo  42  -0.345378 -2.285378 -0.115956 -0.302894 3.12260E-11
 tc  43   0.000000 -9.000000  0.000000  0.000000 0.00000E+00
 ru  44  -0.537983 -2.297983 -0.128561 -0.315499 2.11122E-11
 rh  45  -1.110237 -2.170237 -0.000815 -0.187753 5.75570E-12
 pd  46  -0.576925 -2.226925 -0.057504 -0.244442 2.03232E-11
 ag  47  -0.970081 -2.170081 -0.000660 -0.187598 8.33116E-12
 cd  48  -0.497313 -2.207314 -0.037892 -0.224830 2.57863E-11
 in  49  -1.428252 -2.188252 -0.018831 -0.205768 3.08782E-12
 sn  50  -0.159400 -2.229400 -0.059978 -0.246916 5.92901E-11
 sb  51  -1.401611 -2.411611 -0.242190 -0.429127 3.48167E-12
 te  52  -0.455423 -2.635423 -0.466002 -0.652940 3.22346E-11
  i  53  -0.621060 -2.171060 -0.001639 -0.188576 2.18932E-11
 xe  54   0.033527 -2.206473 -0.037051 -0.223989 1.02250E-10
 cs  55  -1.089952 -2.169952 -0.000531 -0.187469 7.78903E-12
 ba  56   0.013875 -2.166125  0.003297 -0.183641 1.02218E-10
 la  57  -0.997807 -2.167807  0.001615 -0.185323 1.00649E-11
 ce  58  -0.589583 -2.169583 -0.000162 -0.187099 2.59895E-11
 pr  59  -1.409200 -2.169200  0.000222 -0.186716 3.95941E-12
 nd  60  -0.743804 -2.193804 -0.024382 -0.211320 1.87575E-11
 pm  61   0.000000 -9.000000  0.000000  0.000000 9.39314E-30
 sm  62  -1.359221 -2.299221 -0.129799 -0.316737 4.74030E-12
 eu  63  -1.661134 -2.171134 -0.001712 -0.188650 2.39057E-12
 gd  64  -1.227447 -2.277447 -0.108025 -0.294963 6.71488E-12
 tb  65  -1.850901 -2.170901 -0.001479 -0.188417 1.61505E-12
 dy  66  -1.040897 -2.170897 -0.001476 -0.188414 1.06623E-11
 ho  67  -1.700899 -2.170899 -0.001477 -0.188415 2.36753E-12
 er  68  -1.257650 -2.177650 -0.008229 -0.195167 6.66245E-12
 tm  69  -2.050401 -2.170401 -0.000979 -0.187917 1.08445E-12
 yb  70  -1.309044 -2.229044 -0.059622 -0.246560 6.12346E-12
 lu  71  -2.079202 -2.169202  0.000220 -0.186718 1.05111E-12
 hf  72  -1.458181 -2.168181  0.001240 -0.185698 4.48050E-12
 ta  73  -2.288578 -2.168578  0.000844 -0.186094 6.71228E-13
  w  74  -1.517760 -2.167760  0.001661 -0.185277 4.02322E-12
 re  75  -1.910921 -2.170921 -0.001499 -0.188437 1.64805E-12
 os  76  -0.820635 -2.170635 -0.001213 -0.188151 2.07271E-11
 ir  77  -0.851219 -2.171219 -0.001798 -0.188735 1.95194E-11
 pt  78  -0.582851 -2.202851 -0.033430 -0.220367 3.67495E-11
 au  79  -1.370399 -2.170398 -0.000977 -0.187915 6.05186E-12
 hg  80  -1.025585 -2.195585 -0.026164 -0.213101 1.36338E-11
 tl  81  -1.391711 -2.161711  0.007710 -0.179227 5.97899E-12
 pb  82  -0.127110 -2.167110  0.002311 -0.184627 1.11474E-10
 bi  83  -1.518327 -2.168327  0.001095 -0.185843 4.56743E-12
 po  84  -4.309416 -9.000000  0.000000  0.000000 7.38966E-15
#[ls/Fe]_Bisterzo =   0.0139, [hs/Fe]_Bisterzo =  -0.0509
#[hs/ls]_Bisterzo =  -0.0648, [Pb/hs]_Bisterzo =   0.0532
#[ls/Fe]_Thiswork =   0.0170, [hs/Fe]_Thiswork =   0.0016
#[hs/ls]_Thiswork =  -0.0155, [Pb/hs]_Thiswork =   0.0007
# C/O = 2.6964E+00, c12/c13 = 3.09961E+00, n14/n15 = 5.36485E+04
# o16/o17 = 4.82050E+02, o16/o18 = 4.94971E+06
# mg24/mg25 = 6.7156E+00, mg24/mg26 = 5.3806E+00
#
#  TP   Mass     Mcore    Menv    log L
# 12 3.868500 0.868729 2.999770 4.464970
# El  Z   log e(X)   [X/H]    [X/Fe]     [X/O]      X(i)
  p   1  12.000000  0.000000  0.000000  0.000000 7.25766E-01
 he   2  10.984535  0.054535  2.223957  2.037019 2.78135E-01
 li   3   2.774064 -0.485936  1.683486  1.496548 2.97045E-09
 be   4   3.380181  2.080181  0.000000  0.000000 1.55718E-08
  b   5   0.000000 -2.790000  0.000000  0.000000 1.38833E-24
  c   6   6.795824 -1.674177  0.495245  0.308307 5.40429E-05
  n   7   8.275780  0.405780  2.575202  2.388264 1.90310E-03
  o   8   6.777878 -1.952121  0.217300  0.000000 6.90728E-05
  f   9   2.304453 -2.115547  0.053874 -0.163426 2.75738E-09
 ne  10   6.044310 -1.925690  0.243731  0.026431 1.60904E-05
 na  11   4.625777 -1.614223  0.555199  0.337898 6.99281E-07
 mg  12   5.517045 -2.122955  0.046467 -0.170834 5.75541E-06
 al  13   4.332180 -2.117820  0.051602 -0.165699 4.17436E-07
 si  14   5.389729 -2.160272  0.009150 -0.208150 4.96083E-06
  p  15   3.276849 -2.133151  0.036271 -0.181030 4.21874E-08
  s  16   4.991243 -2.158757  0.010665 -0.206635 2.26261E-06
 cl  17   3.069651 -2.160349  0.009072 -0.208228 2.99668E-08
 ar  18   4.271055 -2.168945  0.000477 -0.216824 5.36891E-07
  k  19   2.914312 -2.165688  0.003734 -0.213566 2.31101E-08
 ca  20   4.120453 -2.169547 -0.000125 -0.217426 3.80798E-07
 sc  21   0.902547 -2.147453  0.021969 -0.195332 2.58625E-10
 ti  22   2.741925 -2.168075  0.001347 -0.215953 1.90238E-08
  v  23   1.788878 -2.171122 -0.001700 -0.219000 2.25575E-09
 cr  24   3.451894 -2.188106 -0.018684 -0.235985 1.05974E-07
 mn  25   3.311088 -2.168912  0.000509 -0.216791 8.09647E-08
 fe  26   5.370880 -2.169120  0.000000 -0.216999 9.44495E-06
 co  27   2.780912 -2.089087  0.080033 -0.136966 2.56216E-08
 ni  28   4.041753 -2.158247  0.010874 -0.206125 4.65238E-07
 cu  29   2.195549 -2.054451  0.114669 -0.102330 7.17750E-09
 zn  30   2.483421 -2.146579  0.022542 -0.194458 1.43349E-08
 ga  31   1.008172 -2.071828  0.097292 -0.119707 5.11545E-10
 ge  32   1.461057 -2.118943  0.050177 -0.166822 1.51206E-09
 as  33   0.175288 -2.124712  0.044409 -0.172590 8.07668E-11
 se  34   1.216058 -2.123942  0.045178 -0.171821 9.34976E-10
 br  35   0.439481 -2.100519  0.068601 -0.148398 1.58265E-10
 kr  36   1.170349 -2.079651  0.089469 -0.127530 8.93138E-10
 rb  37   0.455249 -2.064751  0.104369 -0.112630 1.75545E-10
 sr  38   0.773506 -2.106494  0.062626 -0.154373 3.74494E-10
  y  39   0.087126 -2.122874  0.046246 -0.170753 7.82335E-11
 zr  40   0.394324 -2.135676  0.033445 -0.183554 1.62843E-10
 nb  41  -0.734805 -2.144805  0.024315 -0.192684 1.23190E-11
 mo  42  -0.332776 -2.272776 -0.103656 -0.320655 3.21040E-11
 tc  43   0.000000 -9.000000  0.000000  0.000000 0.00000E+00
 ru  44  -0.530196 -2.290196 -0.121076 -0.338075 2.14665E-11
 rh  45  -1.108193 -2.168193  0.000927 -0.216072 5.77541E-12
 pd  46  -0.571034 -2.221035 -0.051914 -0.268913 2.05743E-11
 ag  47  -0.968038 -2.168038  0.001083 -0.215916 8.35971E-12
 cd  48  -0.492165 -2.202165 -0.033044 -0.250043 2.60604E-11
 in  49  -1.425485 -2.185485 -0.016364 -0.233363 3.10357E-12
 sn  50  -0.154949 -2.224949 -0.055829 -0.272828 5.98238E-11
 sb  51  -1.399412 -2.409412 -0.240292 -0.457291 3.49485E-12
 te  52  -0.452271 -2.632272 -0.463151 -0.680150 3.24276E-11
  i  53  -0.620712 -2.170712 -0.001592 -0.218591 2.18826E-11
 xe  54   0.035057 -2.204943 -0.035823 -0.252822 1.02479E-10
 cs  55  -1.088923 -2.168923  0.000197 -0.216802 7.79748E-12
 ba  56   0.017785 -2.162215  0.006905 -0.210094 1.03009E-10
 la  57  -0.995877 -2.165877  0.003243 -0.213756 1.00967E-11
 ce  58  -0.587915 -2.167915  0.001205 -0.215794 2.60560E-11
 pr  59  -1.408236 -2.168236  0.000885 -0.216114 3.96311E-12
 nd  60  -0.742834 -2.192834 -0.023714 -0.240713 1.87753E-11
 pm  61   0.000000 -9.000000  0.000000  0.000000 8.72600E-30
 sm  62  -1.358572 -2.298572 -0.129452 -0.346451 4.74129E-12
 eu  63  -1.660976 -2.170976 -0.001856 -0.218855 2.38836E-12
 gd  64  -1.227100 -2.277100 -0.107980 -0.324979 6.71161E-12
 tb  65  -1.850709 -2.170709 -0.001589 -0.218588 1.61369E-12
 dy  66  -1.040581 -2.170581 -0.001461 -0.218460 1.06563E-11
 ho  67  -1.700732 -2.170732 -0.001612 -0.218611 2.36539E-12
 er  68  -1.257319 -2.177320 -0.008199 -0.225198 6.65896E-12
 tm  69  -2.050145 -2.170145 -0.001025 -0.218024 1.08370E-12
 yb  70  -1.308344 -2.228344 -0.059224 -0.276223 6.12545E-12
 lu  71  -2.078712 -2.168711  0.000409 -0.216590 1.05095E-12
 hf  72  -1.457373 -2.167373  0.001748 -0.215251 4.48308E-12
 ta  73  -2.287963 -2.167963  0.001157 -0.215842 6.71316E-13
  w  74  -1.516904 -2.166904  0.002216 -0.214783 4.02598E-12
 re  75  -1.910627 -2.170627 -0.001507 -0.218506 1.64704E-12
 os  76  -0.820437 -2.170437 -0.001317 -0.218316 2.07099E-11
 ir  77  -0.851129 -2.171129 -0.002008 -0.219007 1.94984E-11
 pt  78  -0.582701 -2.202701 -0.033580 -0.250579 3.67150E-11
 au  79  -1.370245 -2.170245 -0.001125 -0.218124 6.04622E-12
 hg  80  -1.024639 -2.194639 -0.025519 -0.242518 1.36460E-11
 tl  81  -1.389890 -2.159890  0.009231 -0.207768 5.99641E-12
 pb  82  -0.125752 -2.165752  0.003368 -0.213631 1.11679E-10
 bi  83  -1.517384 -2.167384  0.001737 -0.215262 4.57148E-12
 po  84  -4.127066 -9.000000  0.000000  0.000000 1.12309E-14
#[ls/Fe]_Bisterzo =   0.0398, [hs/Fe]_Bisterzo =  -0.0500
#[hs/ls]_Bisterzo =  -0.0898, [Pb/hs]_Bisterzo =   0.0533
#[ls/Fe]_Thiswork =   0.0474, [hs/Fe]_Thiswork =   0.0038
#[hs/ls]_Thiswork =  -0.0437, [Pb/hs]_Thiswork =  -0.0004
# C/O = 1.0422E+00, c12/c13 = 3.67832E+00, n14/n15 = 5.00570E+04
# o16/o17 = 4.22028E+02, o16/o18 = 4.03067E+06
# mg24/mg25 = 5.7989E+00, mg24/mg26 = 4.3647E+00
#
#  TP   Mass     Mcore    Menv    log L
# 13 3.840850 0.868945 2.971900 4.483050
# El  Z   log e(X)   [X/H]    [X/Fe]     [X/O]      X(i)
  p   1  12.000000  0.000000  0.000000  0.000000 7.24767E-01
 he   2  10.986142  0.056142  2.225262  2.008263 2.78783E-01
 li   3   2.357337 -0.902663  1.266457  1.049458 1.13631E-09
 be   4   2.959181  1.659181  0.000000  0.000000 5.89848E-09
  b   5   0.000000 -2.790000  0.000000  0.000000 2.06313E-25
  c   6   6.829506 -1.640494  0.528626  0.311627 5.83207E-05
  n   7   8.346033  0.476033  2.645154  2.428154 2.23417E-03
  o   8   6.806916 -1.923084  0.246037  0.000000 7.37474E-05
  f   9   2.022293 -2.397707 -0.228587 -0.474623 1.43793E-09
 ne  10   6.115299 -1.854701  0.314419  0.068383 1.89216E-05
 na  11   4.648783 -1.591217  0.577904  0.331867 7.36309E-07
 mg  12   5.545593 -2.094407  0.074713 -0.171323 6.13799E-06
 al  13   4.337349 -2.112651  0.056469 -0.189567 4.21853E-07
 si  14   5.391426 -2.158574  0.010546 -0.235490 4.97341E-06
  p  15   3.284660 -2.125340  0.043781 -0.202256 4.28939E-08
  s  16   4.991714 -2.158286  0.010834 -0.235202 2.26195E-06
 cl  17   3.071473 -2.158527  0.010593 -0.235443 3.00514E-08
 ar  18   4.271493 -2.168507  0.000613 -0.245423 5.36693E-07
  k  19   2.915812 -2.164188  0.004932 -0.241105 2.31582E-08
 ca  20   4.120717 -2.169283 -0.000163 -0.246199 3.80506E-07
 sc  21   0.909274 -2.140726  0.028394 -0.217642 2.62301E-10
 ti  22   2.742635 -2.167365  0.001755 -0.244281 1.90287E-08
  v  23   1.789222 -2.170778 -0.001658 -0.247694 2.25443E-09
 cr  24   3.452303 -2.187697 -0.018577 -0.264613 1.05928E-07
 mn  25   3.311231 -2.168769  0.000351 -0.245686 8.08800E-08
 fe  26   5.371181 -2.168818  0.000000 -0.245735 9.43852E-06
 co  27   2.799108 -2.070892  0.097926 -0.147809 2.66811E-08
 ni  28   4.046503 -2.153497  0.015322 -0.230413 4.69707E-07
 cu  29   2.233712 -2.016288  0.152531 -0.093204 7.82597E-09
 zn  30   2.495107 -2.134893  0.033925 -0.211810 1.47056E-08
 ga  31   1.053327 -2.026673  0.142145 -0.103590 5.66814E-10
 ge  32   1.503785 -2.076215  0.092604 -0.153131 1.66609E-09
 as  33   0.201395 -2.098605  0.070214 -0.175521 8.56530E-11
 se  34   1.268100 -2.071900  0.096918 -0.148816 1.05256E-09
 br  35   0.482265 -2.057734  0.111084 -0.134651 1.74410E-10
 kr  36   1.240083 -2.009917  0.158901 -0.086833 1.04726E-09
 rb  37   0.535160 -1.984840  0.183979 -0.061756 2.10718E-10
 sr  38   0.831119 -2.048882  0.119937 -0.125798 4.27031E-10
  y  39   0.135493 -2.074507  0.094312 -0.151423 8.73297E-11
 zr  40   0.434937 -2.095063  0.073755 -0.171980 1.78560E-10
 nb  41  -0.704013 -2.114013  0.054806 -0.190929 1.32059E-11
 mo  42  -0.307859 -2.247859 -0.079041 -0.324776 3.39530E-11
 tc  43   0.000000 -9.000000  0.000000  0.000000 0.00000E+00
 ru  44  -0.513621 -2.273621 -0.104803 -0.350538 2.22710E-11
 rh  45  -1.103730 -2.163730  0.005088 -0.240646 5.82704E-12
 pd  46  -0.557966 -2.207966 -0.039148 -0.284883 2.11736E-11
 ag  47  -0.963442 -2.163442  0.005377 -0.240358 8.43701E-12
 cd  48  -0.480263 -2.190263 -0.021444 -0.267179 2.67476E-11
 in  49  -1.418950 -2.178950 -0.010132 -0.255866 3.14628E-12
 sn  50  -0.144723 -2.214723 -0.045904 -0.291639 6.11648E-11
 sb  51  -1.394599 -2.404599 -0.235780 -0.481515 3.52894E-12
 te  52  -0.445571 -2.625571 -0.456753 -0.702487 3.28865E-11
  i  53  -0.620027 -2.170027 -0.001208 -0.246943 2.18870E-11
 xe  54   0.038327 -2.201673 -0.032854 -0.278589 1.03111E-10
 cs  55  -1.086723 -2.166723  0.002095 -0.243639 7.82629E-12
 ba  56   0.026613 -2.153387  0.015432 -0.230303 1.04980E-10
 la  57  -0.991652 -2.161653  0.007166 -0.238569 1.01814E-11
 ce  58  -0.584435 -2.164434  0.004384 -0.241351 2.62296E-11
 pr  59  -1.406246 -2.166246  0.002572 -0.243162 3.97583E-12
 nd  60  -0.740855 -2.190855 -0.022037 -0.267771 1.88351E-11
 pm  61   0.000000 -9.000000  0.000000  0.000000 1.71410E-29
 sm  62  -1.357287 -2.297287 -0.128469 -0.374204 4.74879E-12
 eu  63  -1.660706 -2.170706 -0.001887 -0.247622 2.38656E-12
 gd  64  -1.226445 -2.276445 -0.107627 -0.353361 6.71248E-12
 tb  65  -1.850369 -2.170369 -0.001551 -0.247286 1.61273E-12
 dy  66  -1.039991 -2.169991 -0.001173 -0.246908 1.06561E-11
 ho  67  -1.700446 -2.170446 -0.001628 -0.247362 2.36370E-12
 er  68  -1.256708 -2.176708 -0.007890 -0.253624 6.65916E-12
 tm  69  -2.049683 -2.169683 -0.000864 -0.246599 1.08336E-12
 yb  70  -1.307023 -2.227023 -0.058205 -0.303939 6.13565E-12
 lu  71  -2.077809 -2.167809  0.001009 -0.244725 1.05168E-12
 hf  72  -1.455887 -2.165887  0.002932 -0.242803 4.49226E-12
 ta  73  -2.286855 -2.166855  0.001964 -0.243771 6.72105E-13
  w  74  -1.515398 -2.165398  0.003420 -0.242314 4.03441E-12
 re  75  -1.910142 -2.170142 -0.001323 -0.247058 1.64661E-12
 os  76  -0.820125 -2.170125 -0.001306 -0.247041 2.06963E-11
 ir  77  -0.851003 -2.171003 -0.002184 -0.247919 1.94772E-11
 pt  78  -0.582478 -2.202477 -0.033659 -0.279394 3.66833E-11
 au  79  -1.370022 -2.170022 -0.001203 -0.246938 6.04100E-12
 hg  80  -1.023339 -2.193339 -0.024521 -0.270256 1.36681E-11
 tl  81  -1.387728 -2.157728  0.011091 -0.234644 6.01803E-12
 pb  82  -0.124168 -2.164168  0.004650 -0.241085 1.11933E-10
 bi  83  -1.516286 -2.166286  0.002532 -0.243202 4.57675E-12
 po  84  -3.972297 -9.000000  0.000000  0.000000 1.60172E-14
#[ls/Fe]_Bisterzo =   0.0840, [hs/Fe]_Bisterzo =  -0.0478
#[hs/ls]_Bisterzo =  -0.1318, [Pb/hs]_Bisterzo =   0.0524
#[ls/Fe]_Thiswork =   0.0960, [hs/Fe]_Thiswork =   0.0090
#[hs/ls]_Thiswork =  -0.0870, [Pb/hs]_Thiswork =  -0.0043
# C/O = 1.0534E+00, c12/c13 = 3.78128E+00, n14/n15 = 4.73209E+04
# o16/o17 = 3.86013E+02, o16/o18 = 3.40712E+06
# mg24/mg25 = 4.8580E+00, mg24/mg26 = 3.4189E+00
#
#  TP   Mass     Mcore    Menv    log L
# 14 3.808330 0.869170 2.939160 4.501730
# El  Z   log e(X)   [X/H]    [X/Fe]     [X/O]      X(i)
  p   1  12.000000  0.000000  0.000000  0.000000 7.23706E-01
 he   2  10.987890  0.057890  2.226708  1.980974 2.79497E-01
 li   3   1.935575 -1.324425  0.844393  0.598658 4.29634E-10
 be   4   2.534984  1.234984  0.000000  0.000000 2.21772E-09
  b   5   0.000000 -2.790000  0.000000  0.000000 3.13602E-26
  c   6   6.884367 -1.585634  0.583185  0.337450 6.60766E-05
  n   7   8.405221  0.535221  2.704040  2.458305 2.55663E-03
  o   8   6.830057 -1.899942  0.268876  0.000000 7.76697E-05
  f   9   1.848595 -2.571405 -0.402587 -0.671463 9.62508E-10
 ne  10   6.188246 -1.781754  0.387064  0.118188 2.23495E-05
 na  11   4.677913 -1.562087  0.606731  0.337855 7.86237E-07
 mg  12   5.580728 -2.059272  0.109546 -0.159330 6.64546E-06
 al  13   4.344751 -2.105249  0.063570 -0.205307 4.28476E-07
 si  14   5.393295 -2.156705  0.012114 -0.256763 4.98755E-06
  p  15   3.293639 -2.116361  0.052458 -0.216418 4.37259E-08
  s  16   4.992211 -2.157789  0.011030 -0.257846 2.26123E-06
 cl  17   3.073350 -2.156650  0.012168 -0.256708 3.01373E-08
 ar  18   4.271959 -2.168041  0.000777 -0.268099 5.36483E-07
  k  19   2.917423 -2.162577  0.006242 -0.262634 2.32102E-08
 ca  20   4.120995 -2.169005 -0.000186 -0.269063 3.80192E-07
 sc  21   0.916654 -2.133346  0.035472 -0.233404 2.66405E-10
 ti  22   2.743398 -2.166602  0.002216 -0.266660 1.90342E-08
  v  23   1.789600 -2.170400 -0.001581 -0.270457 2.25309E-09
 cr  24   3.452727 -2.187273 -0.018454 -0.287330 1.05876E-07
 mn  25   3.311387 -2.168613  0.000206 -0.268671 8.07908E-08
 fe  26   5.371486 -2.168514  0.000000 -0.268571 9.43132E-06
 co  27   2.817004 -2.052996  0.115518 -0.153053 2.77629E-08
 ni  28   4.051819 -2.148181  0.020333 -0.248239 4.74796E-07
 cu  29   2.271914 -1.978086  0.190428 -0.078143 8.53306E-09
 zn  30   2.507649 -2.122351  0.046163 -0.222408 1.51143E-08
 ga  31   1.098221 -1.981779  0.186735 -0.081837 6.27622E-10
 ge  32   1.546635 -2.033365  0.135149 -0.133423 1.83617E-09
 as  33   0.228723 -2.071277  0.097236 -0.171335 9.10823E-11
 se  34   1.320310 -2.019690  0.148823 -0.119748 1.18527E-09
 br  35   0.526233 -2.013767  0.154747 -0.113825 1.92709E-10
 kr  36   1.311379 -1.938621  0.229893 -0.038678 1.23230E-09
 rb  37   0.615610 -1.904390  0.264124 -0.004447 2.53230E-10
 sr  38   0.891808 -1.988193  0.180321 -0.088250 4.90358E-10
  y  39   0.188803 -2.021197  0.147316 -0.121255 9.85906E-11
 zr  40   0.482829 -2.047171  0.121343 -0.147228 1.99086E-10
 nb  41  -0.667190 -2.077189  0.091324 -0.177247 1.43534E-11
 mo  42  -0.276368 -2.216368 -0.047854 -0.316426 3.64530E-11
 tc  43   0.000000 -9.000000  0.000000  0.000000 0.00000E+00
 ru  44  -0.491608 -2.251608 -0.083094 -0.351665 2.33947E-11
 rh  45  -1.097563 -2.157563  0.010951 -0.257620 5.90173E-12
 pd  46  -0.539994 -2.189994 -0.021481 -0.290052 2.20359E-11
 ag  47  -0.956934 -2.156934  0.011580 -0.256992 8.55186E-12
 cd  48  -0.463199 -2.173199 -0.004685 -0.273256 2.77787E-11
 in  49  -1.409272 -2.169272 -0.000758 -0.269330 3.21248E-12
 sn  50  -0.129402 -2.199402 -0.030888 -0.299460 6.32684E-11
 sb  51  -1.387330 -2.397330 -0.228816 -0.497388 3.58324E-12
 te  52  -0.435551 -2.615551 -0.447037 -0.715608 3.36048E-11
  i  53  -0.619006 -2.169006 -0.000492 -0.269064 2.19064E-11
 xe  54   0.043850 -2.196150 -0.027636 -0.296208 1.04278E-10
 cs  55  -1.083224 -2.163224  0.005290 -0.263282 7.87805E-12
 ba  56   0.054131 -2.125870  0.042644 -0.225927 1.11683E-10
 la  57  -0.968650 -2.138650  0.029864 -0.238708 1.07195E-11
 ce  58  -0.550088 -2.130088  0.038426 -0.230145 2.83467E-11
 pr  59  -1.386367 -2.146367  0.022147 -0.246424 4.15595E-12
 nd  60  -0.715483 -2.165483  0.003031 -0.265540 1.99391E-11
 pm  61   0.000000 -9.000000  0.000000  0.000000 2.20722E-29
 sm  62  -1.337439 -2.277439 -0.108925 -0.377496 4.96358E-12
 eu  63  -1.657385 -2.167385  0.001129 -0.267442 2.40136E-12
 gd  64  -1.216138 -2.266138 -0.097624 -0.366195 6.86364E-12
 tb  65  -1.845572 -2.165572  0.002941 -0.265630 1.62825E-12
 dy  66  -1.030286 -2.160286  0.008228 -0.260344 1.08810E-11
 ho  67  -1.696383 -2.166383  0.002131 -0.266440 2.38242E-12
 er  68  -1.245905 -2.165905  0.002609 -0.265963 6.81689E-12
 tm  69  -2.041854 -2.161854  0.006660 -0.261911 1.10145E-12
 yb  70  -1.280445 -2.200445 -0.031931 -0.300503 6.51333E-12
 lu  71  -2.059379 -2.149379  0.019135 -0.249436 1.09567E-12
 hf  72  -1.423143 -2.133143  0.035370 -0.233201 4.83696E-12
 ta  73  -2.261918 -2.141918  0.026596 -0.241976 7.10784E-13
  w  74  -1.479412 -2.129412  0.039102 -0.229470 4.37653E-12
 re  75  -1.899376 -2.159376  0.009138 -0.259434 1.68547E-12
 os  76  -0.813685 -2.163685  0.004828 -0.263743 2.09747E-11
 ir  77  -0.849713 -2.169713 -0.001200 -0.269771 1.95065E-11
 pt  78  -0.578279 -2.198278 -0.029765 -0.298336 3.69855E-11
 au  79  -1.365727 -2.165727  0.002786 -0.265785 6.09211E-12
 hg  80  -0.986140 -2.156140  0.012373 -0.256198 1.48686E-11
 tl  81  -1.326717 -2.096717  0.071796 -0.196775 6.91559E-12
 pb  82  -0.040839 -2.080839  0.087675 -0.180897 1.35410E-10
 bi  83  -1.456231 -2.106231  0.062283 -0.206289 5.24778E-12
 po  84  -2.773619 -9.000000  0.000000  0.000000 2.52714E-13
#[ls/Fe]_Bisterzo =   0.1343, [hs/Fe]_Bisterzo =  -0.0253
#[hs/ls]_Bisterzo =  -0.1597, [Pb/hs]_Bisterzo =   0.1130
#[ls/Fe]_Thiswork =   0.1497, [hs/Fe]_Thiswork =   0.0370
#[hs/ls]_Thiswork =  -0.1127, [Pb/hs]_Thiswork =   0.0507
# C/O = 1.1332E+00, c12/c13 = 3.79814E+00, n14/n15 = 4.56779E+04
# o16/o17 = 3.75204E+02, o16/o18 = 3.32815E+06
# mg24/mg25 = 4.0147E+00, mg24/mg26 = 2.6460E+00
#
#  TP   Mass     Mcore    Menv    log L
# 15 3.770470 0.869381 2.901090 4.518820
# El  Z   log e(X)   [X/H]    [X/Fe]     [X/O]      X(i)
  p   1  12.000000  0.000000  0.000000  0.000000 7.22569E-01
 he   2  10.989788  0.059788  2.228302  1.959730 2.80280E-01
 li   3   1.514857 -1.745143  0.423371  0.154800 1.62816E-10
 be   4   2.117711  0.817711  0.000000  0.000000 8.47132E-10
  b   5   0.000000 -2.790000  0.000000  0.000000 1.68775E-25
  c   6   6.938017 -1.531983  0.636531  0.367959 7.46475E-05
  n   7   8.458337  0.588337  2.756851  2.488279 2.88470E-03
  o   8   6.852688 -1.877311  0.291203  0.000000 8.16958E-05
  f   9   1.680932 -2.739068 -0.570554 -0.861757 6.53219E-10
 ne  10   6.261542 -1.708457  0.460056  0.168854 2.64169E-05
 na  11   4.712985 -1.527015  0.641499  0.350296 8.51025E-07
 mg  12   5.624131 -2.015869  0.152645 -0.138558 7.33238E-06
 al  13   4.355630 -2.094370  0.074144 -0.217059 4.38655E-07
 si  14   5.395420 -2.154581  0.013933 -0.277269 5.00412E-06
  p  15   3.304091 -2.105908  0.062605 -0.228597 4.47205E-08
  s  16   4.992742 -2.157258  0.011256 -0.279947 2.26043E-06
 cl  17   3.075304 -2.154696  0.013818 -0.277385 3.02256E-08
 ar  18   4.272460 -2.167541  0.000973 -0.290229 5.36257E-07
  k  19   2.919156 -2.160844  0.007670 -0.283533 2.32664E-08
 ca  20   4.121294 -2.168706 -0.000193 -0.291395 3.79855E-07
 sc  21   0.924761 -2.125239  0.043275 -0.247928 2.70998E-10
 ti  22   2.744222 -2.165778  0.002736 -0.288467 1.90404E-08
  v  23   1.790015 -2.169985 -0.001471 -0.292674 2.25169E-09
 cr  24   3.453173 -2.186827 -0.018313 -0.309516 1.05818E-07
 mn  25   3.311564 -2.168436  0.000078 -0.291124 8.06967E-08
 fe  26   5.371802 -2.168198  0.000000 -0.290887 9.42334E-06
 co  27   2.834545 -2.035455  0.132743 -0.158144 2.88618E-08
 ni  28   4.057684 -2.142315  0.025883 -0.265004 4.80496E-07
 cu  29   2.310527 -1.939473  0.228725 -0.062162 9.31180E-09
 zn  30   2.521425 -2.108575  0.059623 -0.231264 1.55769E-08
 ga  31   1.144185 -1.935815  0.232383 -0.058504 6.96595E-10
 ge  32   1.590960 -1.989040  0.179158 -0.111729 2.03027E-09
 as  33   0.258184 -2.041816  0.126383 -0.164504 9.73223E-11
 se  34   1.374083 -1.965917  0.202281 -0.088606 1.33939E-09
 br  35   0.572484 -1.967516  0.200682 -0.090205 2.14028E-10
 kr  36   1.385423 -1.864577  0.303621  0.012734 1.45907E-09
 rb  37   0.698125 -1.821875  0.346323  0.055436 3.05736E-10
 sr  38   0.957081 -1.922919  0.245279 -0.045608 5.68987E-10
  y  39   0.249175 -1.960825  0.207373 -0.083514 1.13116E-10
 zr  40   0.540402 -1.989598  0.178601 -0.112286 2.26950E-10
 nb  41  -0.621772 -2.031772  0.136426 -0.154460 1.59107E-11
 mo  42  -0.236144 -2.176144 -0.007946 -0.298833 3.99277E-11
 tc  43   0.000000 -9.000000  0.000000  0.000000 0.00000E+00
 ru  44  -0.462490 -2.222490 -0.054292 -0.345179 2.49776E-11
 rh  45  -1.089022 -2.149022  0.019176 -0.271710 6.00949E-12
 pd  46  -0.515562 -2.165562  0.002636 -0.288251 2.32744E-11
 ag  47  -0.947780 -2.147780  0.020418 -0.270468 8.72031E-12
 cd  48  -0.439427 -2.149427  0.018771 -0.272116 2.92954E-11
 in  49  -1.395400 -2.155400  0.012798 -0.278089 3.31153E-12
 sn  50  -0.107662 -2.177662 -0.009464 -0.300351 6.64115E-11
 sb  51  -1.376978 -2.386978 -0.218780 -0.509667 3.66392E-12
 te  52  -0.421733 -2.601733 -0.433535 -0.724422 3.46367E-11
  i  53  -0.617608 -2.167608  0.000590 -0.290297 2.19425E-11
 xe  54   0.051080 -2.188920 -0.020722 -0.311609 1.05862E-10
 cs  55  -1.078609 -2.158608  0.009590 -0.281297 7.94971E-12
 ba  56   0.076227 -2.103773  0.064425 -0.226462 1.17328E-10
 la  57  -0.956319 -2.126319  0.041879 -0.249008 1.10109E-11
 ce  58  -0.537906 -2.117906  0.050292 -0.240594 2.91072E-11
 pr  59  -1.379169 -2.139169  0.029029 -0.261858 4.21876E-12
 nd  60  -0.707673 -2.157673  0.010525 -0.280362 2.02689E-11
 pm  61   0.000000 -9.000000  0.000000  0.000000 2.88505E-29
 sm  62  -1.331795 -2.271795 -0.103597 -0.394484 5.02060E-12
 eu  63  -1.656344 -2.166344  0.001854 -0.289033 2.40334E-12
 gd  64  -1.213181 -2.263181 -0.094983 -0.385870 6.89965E-12
 tb  65  -1.844148 -2.164148  0.004050 -0.286836 1.63103E-12
 dy  66  -1.027570 -2.157570  0.010628 -0.280259 1.09321E-11
 ho  67  -1.695194 -2.165194  0.003004 -0.287883 2.38520E-12
 er  68  -1.242963 -2.162963  0.005235 -0.285652 6.85245E-12
 tm  69  -2.039708 -2.159708  0.008490 -0.282397 1.10517E-12
 yb  70  -1.273696 -2.193696 -0.025498 -0.316385 6.60494E-12
 lu  71  -2.054697 -2.144697  0.023501 -0.267386 1.10580E-12
 hf  72  -1.415257 -2.125257  0.042941 -0.247946 4.91785E-12
 ta  73  -2.255896 -2.135896  0.032302 -0.258584 7.19576E-13
  w  74  -1.471048 -2.121048  0.047150 -0.243737 4.45462E-12
 re  75  -1.896720 -2.156720  0.011478 -0.279409 1.69315E-12
 os  76  -0.812081 -2.162081  0.006117 -0.284770 2.10192E-11
 ir  77  -0.849315 -2.169315 -0.001117 -0.292004 1.94938E-11
 pt  78  -0.577219 -2.197219 -0.029021 -0.319908 3.70175E-11
 au  79  -1.364657 -2.164657  0.003541 -0.287346 6.09754E-12
 hg  80  -0.978302 -2.148302  0.019896 -0.270991 1.51156E-11
 tl  81  -1.314745 -2.084745  0.083453 -0.207434 7.09771E-12
 pb  82  -0.021000 -2.061000  0.107198 -0.183689 1.41517E-10
 bi  83  -1.431578 -2.081578  0.086620 -0.204267 5.54557E-12
 po  84  -2.542364 -9.000000  0.000000  0.000000 4.29735E-13
#[ls/Fe]_Bisterzo =   0.1930, [hs/Fe]_Bisterzo =  -0.0171
#[hs/ls]_Bisterzo =  -0.2101, [Pb/hs]_Bisterzo =   0.1243
#[ls/Fe]_Thiswork =   0.2104, [hs/Fe]_Thiswork =   0.0522
#[hs/ls]_Thiswork =  -0.1582, [Pb/hs]_Thiswork =   0.0550
# C/O = 1.2171E+00, c12/c13 = 3.80144E+00, n14/n15 = 4.48033E+04
# o16/o17 = 3.61440E+02, o16/o18 = 3.10054E+06
# mg24/mg25 = 3.2681E+00, mg24/mg26 = 2.0144E+00
#
#  TP   Mass     Mcore    Menv    log L
# 16 3.727060 0.869581 2.857480 4.532930
# El  Z   log e(X)   [X/H]    [X/Fe]     [X/O]      X(i)
  p   1  12.000000  0.000000  0.000000  0.000000 7.21358E-01
 he   2  10.991817  0.061816  2.230014  1.939127 2.81121E-01
 li   3   1.095433 -2.164567  0.003631 -0.287256 6.18793E-11
 be   4   1.696537  0.396537  0.000000  0.000000 3.20663E-10
  b   5   0.000000 -2.790000  0.000000  0.000000 2.62895E-26
  c   6   6.989129 -1.480872  0.687326  0.396440 8.38298E-05
  n   7   8.507618  0.637618  2.805816  2.514929 3.22592E-03
  o   8   6.875021 -1.854979  0.313219  0.000000 8.58626E-05
  f   9   1.628287 -2.791713 -0.623515 -0.936734 5.77677E-10
 ne  10   6.333733 -1.636267  0.531931  0.218712 3.11418E-05
 na  11   4.753548 -1.486452  0.681746  0.368527 9.32777E-07
 mg  12   5.674914 -1.965086  0.203112 -0.110107 8.22811E-06
 al  13   4.370467 -2.079533  0.088665 -0.224554 4.53139E-07
 si  14   5.397847 -2.152153  0.016045 -0.297174 5.02374E-06
  p  15   3.316113 -2.093886  0.074312 -0.238907 4.58988E-08
  s  16   4.993307 -2.156693  0.011505 -0.301714 2.25959E-06
 cl  17   3.077332 -2.152668  0.015530 -0.297689 3.03162E-08
 ar  18   4.272994 -2.167006  0.001192 -0.312027 5.36018E-07
  k  19   2.921006 -2.158994  0.009204 -0.304015 2.33266E-08
 ca  20   4.121613 -2.168387 -0.000189 -0.313408 3.79498E-07
 sc  21   0.933349 -2.116651  0.051547 -0.261672 2.75948E-10
 ti  22   2.745111 -2.164889  0.003309 -0.309910 1.90475E-08
  v  23   1.790464 -2.169536 -0.001338 -0.314557 2.25025E-09
 cr  24   3.453640 -2.186360 -0.018162 -0.331381 1.05755E-07
 mn  25   3.311761 -2.168239 -0.000041 -0.313260 8.05980E-08
 fe  26   5.372128 -2.167872  0.000000 -0.312893 9.41463E-06
 co  27   2.851471 -2.018529  0.149343 -0.163550 2.99585E-08
 ni  28   4.064055 -2.135945  0.031927 -0.280966 4.86779E-07
 cu  29   2.349439 -1.900561  0.267311 -0.045582 1.01676E-08
 zn  30   2.536186 -2.093814  0.074058 -0.238835 1.60884E-08
 ga  31   1.190071 -1.889929  0.277943 -0.034950 7.72926E-10
 ge  32   1.635480 -1.944520  0.223352 -0.089541 2.24567E-09
 as  33   0.288902 -2.011098  0.156774 -0.156119 1.04280E-10
 se  34   1.427726 -1.912274  0.255598 -0.057295 1.51295E-09
 br  35   0.619496 -1.920504  0.247368 -0.065525 2.38098E-10
 kr  36   1.459062 -1.790938  0.376934  0.064041 1.72578E-09
 rb  37   0.778666 -1.741334  0.426538  0.113645 3.67418E-10
 sr  38   1.023897 -1.856103  0.311769 -0.001124 6.62507E-10
  y  39   0.312096 -1.897904  0.269968 -0.042925 1.30532E-10
 zr  40   0.601996 -1.928004  0.239868 -0.073025 2.61093E-10
 nb  41  -0.572045 -1.982045  0.185827 -0.127066 1.78110E-11
 mo  42  -0.190796 -2.130796  0.037076 -0.275817 4.42480E-11
 tc  43   0.000000 -9.000000  0.000000  0.000000 0.00000E+00
 ru  44  -0.428327 -2.188327 -0.020455 -0.333348 2.69765E-11
 rh  45  -1.078444 -2.138444  0.029428 -0.283465 6.14733E-12
 pd  46  -0.486184 -2.136184  0.031688 -0.281205 2.48616E-11
 ag  47  -0.936313 -2.136313  0.031559 -0.281334 8.93863E-12
 cd  48  -0.410275 -2.120275  0.047597 -0.265296 3.12770E-11
 in  49  -1.377823 -2.137823  0.030049 -0.282844 3.44253E-12
 sn  50  -0.080194 -2.150194  0.017678 -0.295215 7.06291E-11
 sb  51  -1.363530 -2.373530 -0.205658 -0.518551 3.77281E-12
 te  52  -0.404158 -2.584158 -0.416286 -0.729179 3.60067E-11
  i  53  -0.615806 -2.165806  0.002066 -0.310827 2.19969E-11
 xe  54   0.060316 -2.179684 -0.011812 -0.324705 1.07956E-10
 cs  55  -1.072803 -2.152803  0.015069 -0.297824 8.04319E-12
 ba  56   0.103373 -2.076627  0.091244 -0.221648 1.24686E-10
 la  57  -0.941761 -2.111761  0.056111 -0.256782 1.13671E-11
 ce  58  -0.525376 -2.105376  0.062496 -0.250397 2.99090E-11
 pr  59  -1.371700 -2.131700  0.036172 -0.276721 4.28476E-12
 nd  60  -0.700141 -2.150141  0.017731 -0.295162 2.05890E-11
 pm  61   0.000000 -9.000000  0.000000  0.000000 5.05745E-29
 sm  62  -1.326579 -2.266579 -0.098707 -0.411600 5.07275E-12
 eu  63  -1.655363 -2.165363  0.002509 -0.310384 2.40474E-12
 gd  64  -1.210493 -2.260493 -0.092621 -0.405514 6.93087E-12
 tb  65  -1.842836 -2.162836  0.005036 -0.307857 1.63323E-12
 dy  66  -1.025136 -2.155136  0.012736 -0.300157 1.09751E-11
 ho  67  -1.694114 -2.164114  0.003758 -0.309135 2.38713E-12
 er  68  -1.240390 -2.160390  0.007482 -0.305411 6.88162E-12
 tm  69  -2.037813 -2.157813  0.010059 -0.302834 1.10814E-12
 yb  70  -1.267995 -2.187995 -0.020123 -0.333016 6.68101E-12
 lu  71  -2.050760 -2.140760  0.027112 -0.285781 1.11400E-12
 hf  72  -1.408873 -2.118873  0.048999 -0.263894 4.98232E-12
 ta  73  -2.251057 -2.131057  0.036815 -0.276078 7.26419E-13
  w  74  -1.464601 -2.114601  0.053271 -0.259622 4.51367E-12
 re  75  -1.894669 -2.154669  0.013203 -0.299690 1.69832E-12
 os  76  -0.810819 -2.160819  0.007053 -0.305840 2.10451E-11
 ir  77  -0.848967 -2.168967 -0.001095 -0.313988 1.94767E-11
 pt  78  -0.576403 -2.196403 -0.028531 -0.341424 3.70251E-11
 au  79  -1.363850 -2.163850  0.004022 -0.308871 6.09866E-12
 hg  80  -0.973345 -2.143345  0.024527 -0.288366 1.52635E-11
 tl  81  -1.308310 -2.078310  0.089562 -0.223330 7.19160E-12
 pb  82  -0.014609 -2.054609  0.113263 -0.199630 1.43374E-10
 bi  83  -1.423129 -2.073129  0.094743 -0.218150 5.64503E-12
 po  84  -2.461759 -9.000000  0.000000  0.000000 5.16510E-13
#[ls/Fe]_Bisterzo =   0.2549, [hs/Fe]_Bisterzo =  -0.0083
#[hs/ls]_Bisterzo =  -0.2632, [Pb/hs]_Bisterzo =   0.1216
#[ls/Fe]_Thiswork =   0.2739, [hs/Fe]_Thiswork =   0.0700
#[hs/ls]_Thiswork =  -0.2039, [Pb/hs]_Thiswork =   0.0433
# C/O = 1.3005E+00, c12/c13 = 3.80116E+00, n14/n15 = 4.34706E+04
# o16/o17 = 3.52080E+02, o16/o18 = 2.87170E+06
# mg24/mg25 = 2.6478E+00, mg24/mg26 = 1.5300E+00
#
#  TP   Mass     Mcore    Menv    log L
# 17 3.678120 0.869784 2.808340 4.544460
# El  Z   log e(X)   [X/H]    [X/Fe]     [X/O]      X(i)
  p   1  12.000000  0.000000  0.000000  0.000000 7.20094E-01
 he   2  10.993944  0.063944  2.231816  1.918923 2.82006E-01
 li   3   0.703899 -2.556101 -0.388229 -0.701122 2.50755E-11
 be   4   1.302808  0.002808  0.000000  0.000000 1.29288E-10
  b   5   0.000000 -2.790000  0.000000  0.000000 4.60463E-27
  c   6   7.034891 -1.435109  0.732763  0.419870 9.29820E-05
  n   7   8.553078  0.683078  2.850950  2.538057 3.57562E-03
  o   8   6.895666 -1.834334  0.333538  0.000000 8.98850E-05
  f   9   1.657463 -2.762537 -0.594665 -0.928203 6.16737E-10
 ne  10   6.403682 -1.566318  0.601554  0.268016 3.65201E-05
 na  11   4.798624 -1.441376  0.726496  0.392958 1.03298E-06
 mg  12   5.732307 -1.907692  0.260180 -0.073359 9.37415E-06
 al  13   4.389446 -2.060554  0.107318 -0.226220 4.72551E-07
 si  14   5.400611 -2.149389  0.018483 -0.315055 5.04696E-06
  p  15   3.329752 -2.080248  0.087624 -0.245914 4.72801E-08
  s  16   4.993895 -2.156106  0.011766 -0.321772 2.25868E-06
 cl  17   3.079405 -2.150595  0.017277 -0.316261 3.04079E-08
 ar  18   4.273552 -2.166448  0.001424 -0.332114 5.35767E-07
  k  19   2.922962 -2.157038  0.010834 -0.322704 2.33908E-08
 ca  20   4.121942 -2.168058 -0.000186 -0.333724 3.79120E-07
 sc  21   0.942599 -2.107401  0.060471 -0.273067 2.81395E-10
 ti  22   2.746046 -2.163954  0.003918 -0.329620 1.90551E-08
  v  23   1.790939 -2.169061 -0.001189 -0.334727 2.24876E-09
 cr  24   3.454115 -2.185885 -0.018013 -0.351551 1.05685E-07
 mn  25   3.311971 -2.168029 -0.000157 -0.333695 8.04956E-08
 fe  26   5.372454 -2.167546  0.000000 -0.333212 9.40517E-06
 co  27   2.867567 -2.002433  0.165113 -0.168099 3.10352E-08
 ni  28   4.070929 -2.129071  0.038476 -0.294737 4.93678E-07
 cu  29   2.388578 -1.861422  0.306125 -0.027088 1.11070E-08
 zn  30   2.551974 -2.078026  0.089520 -0.243692 1.66548E-08
 ga  31   1.235474 -1.844526  0.323020 -0.010192 8.56600E-10
 ge  32   1.679617 -1.900383  0.267163 -0.066049 2.48154E-09
 as  33   0.320265 -1.979735  0.187811 -0.145401 1.11893E-10
 se  34   1.479751 -1.860249  0.307297 -0.025915 1.70250E-09
 br  35   0.665755 -1.874245  0.293302 -0.039911 2.64394E-10
 kr  36   1.528156 -1.721844  0.445703  0.112490 2.01985E-09
 rb  37   0.854069 -1.665931  0.501615  0.168403 4.36316E-10
 sr  38   1.086719 -1.793282  0.374265  0.041052 7.64276E-10
  y  39   0.371421 -1.838579  0.328967 -0.004245 1.49376E-10
 zr  40   0.659766 -1.870234  0.297312 -0.035900 2.97717E-10
 nb  41  -0.524252 -1.934252  0.233294 -0.099918 1.98482E-11
 mo  42  -0.147594 -2.087595  0.079952 -0.253261 4.87904E-11
 tc  43   0.000000 -9.000000  0.000000  0.000000 0.00000E+00
 ru  44  -0.395280 -2.155280  0.012266 -0.320946 2.90584E-11
 rh  45  -1.067622 -2.127622  0.039924 -0.293288 6.29140E-12
 pd  46  -0.457175 -2.107175  0.060371 -0.272841 2.65324E-11
 ag  47  -0.924480 -2.124480  0.043066 -0.290147 9.16940E-12
 cd  48  -0.381060 -2.091060  0.076487 -0.256726 3.33947E-11
 in  49  -1.359635 -2.119635  0.047911 -0.285301 3.58347E-12
 sn  50  -0.051975 -2.121975  0.045571 -0.287641 7.52386E-11
 sb  51  -1.349222 -2.359222 -0.191676 -0.524888 3.89234E-12
 te  52  -0.385793 -2.565793 -0.398247 -0.731459 3.74962E-11
  i  53  -0.613864 -2.163864  0.003682 -0.329530 2.20567E-11
 xe  54   0.069989 -2.170011 -0.002465 -0.335677 1.10194E-10
 cs  55  -1.066804 -2.146804  0.020742 -0.312470 8.14079E-12
 ba  56   0.131290 -2.048710  0.118837 -0.214376 1.32732E-10
 la  57  -0.926053 -2.096053  0.071493 -0.261719 1.17651E-11
 ce  58  -0.511741 -2.091741  0.075806 -0.257407 3.08089E-11
 pr  59  -1.363450 -2.123450  0.044096 -0.289116 4.35928E-12
 nd  60  -0.691939 -2.141939  0.025607 -0.307606 2.09448E-11
 pm  61   0.000000 -9.000000  0.000000  0.000000 5.53542E-29
 sm  62  -1.320875 -2.260875 -0.093329 -0.426541 5.13081E-12
 eu  63  -1.654266 -2.164266  0.003280 -0.329932 2.40660E-12
 gd  64  -1.207487 -2.257487 -0.089941 -0.423153 6.96678E-12
 tb  65  -1.841370 -2.161370  0.006177 -0.327036 1.63588E-12
 dy  66  -1.022429 -2.152429  0.015118 -0.318095 1.10244E-11
 ho  67  -1.692910 -2.162910  0.004636 -0.328576 2.38956E-12
 er  68  -1.237503 -2.157503  0.010043 -0.323169 6.91536E-12
 tm  69  -2.035706 -2.155705  0.011841 -0.321372 1.11158E-12
 yb  70  -1.261662 -2.181662 -0.014115 -0.347328 6.76727E-12
 lu  71  -2.046382 -2.136382  0.031164 -0.302048 1.12332E-12
 hf  72  -1.401811 -2.111811  0.055736 -0.277477 5.05512E-12
 ta  73  -2.245687 -2.125687  0.041860 -0.291353 7.34168E-13
  w  74  -1.457431 -2.107431  0.060115 -0.273097 4.58077E-12
 re  75  -1.892335 -2.152335  0.015211 -0.318001 1.70447E-12
 os  76  -0.809404 -2.159404  0.008142 -0.325070 2.10767E-11
 ir  77  -0.848579 -2.168580 -0.001033 -0.334246 1.94599E-11
 pt  78  -0.575492 -2.195492 -0.027946 -0.361158 3.70378E-11
 au  79  -1.362948 -2.162948  0.004598 -0.328614 6.10061E-12
 hg  80  -0.967945 -2.137945  0.029601 -0.303611 1.54274E-11
 tl  81  -1.301582 -2.071582  0.095964 -0.237248 7.29107E-12
 pb  82  -0.010679 -2.050679  0.116867 -0.216345 1.44424E-10
 bi  83  -1.419482 -2.069482  0.098064 -0.235148 5.68265E-12
 po  84  -2.430686 -9.000000  0.000000  0.000000 5.53845E-13
#[ls/Fe]_Bisterzo =   0.3131, [hs/Fe]_Bisterzo =   0.0013
#[hs/ls]_Bisterzo =  -0.3119, [Pb/hs]_Bisterzo =   0.1156
#[ls/Fe]_Thiswork =   0.3335, [hs/Fe]_Thiswork =   0.0887
#[hs/ls]_Thiswork =  -0.2448, [Pb/hs]_Thiswork =   0.0282
# C/O = 1.3779E+00, c12/c13 = 3.80243E+00, n14/n15 = 4.25261E+04
# o16/o17 = 3.50996E+02, o16/o18 = 2.93759E+06
# mg24/mg25 = 2.1482E+00, mg24/mg26 = 1.1673E+00
#
#  TP   Mass     Mcore    Menv    log L
# 18 3.623310 0.869991 2.753320 4.554530
# El  Z   log e(X)   [X/H]    [X/Fe]     [X/O]      X(i)
  p   1  12.000000  0.000000  0.000000  0.000000 7.18774E-01
 he   2  10.996157  0.066156  2.233703  1.900490 2.82927E-01
 li   3   0.376060 -2.883940 -0.716393 -1.049606 1.17656E-11
 be   4   0.965572 -0.334428  0.000000  0.000000 5.93643E-11
  b   5   0.000000 -2.790000  0.000000  0.000000 9.87619E-28
  c   6   7.078191 -1.391809  0.775737  0.442525 1.02542E-04
  n   7   8.596351  0.726351  2.893897  2.560685 3.94301E-03
  o   8   6.915484 -1.814516  0.353031  0.000000 9.39092E-05
  f   9   1.619617 -2.800384 -0.632837 -0.985868 5.64230E-10
 ne  10   6.471663 -1.498337  0.669209  0.316179 4.26301E-05
 na  11   4.848684 -1.391315  0.776231  0.423200 1.15706E-06
 mg  12   5.793314 -1.846686  0.320860 -0.032171 1.07681E-05
 al  13   4.412556 -2.037444  0.130102 -0.222929 4.97464E-07
 si  14   5.403790 -2.146210  0.021337 -0.331694 5.07472E-06
  p  15   3.346263 -2.063737  0.103809 -0.249221 4.90221E-08
  s  16   4.994503 -2.155497  0.012049 -0.340981 2.25770E-06
 cl  17   3.081504 -2.148496  0.019050 -0.333981 3.04992E-08
 ar  18   4.274133 -2.165867  0.001679 -0.351351 5.35501E-07
  k  19   2.925045 -2.154955  0.012591 -0.340439 2.34602E-08
 ca  20   4.122278 -2.167722 -0.000176 -0.353207 3.78717E-07
 sc  21   0.952651 -2.097349  0.070197 -0.282833 2.87455E-10
 ti  22   2.747050 -2.162950  0.004597 -0.348434 1.90642E-08
  v  23   1.791436 -2.168564 -0.001018 -0.354048 2.24721E-09
 cr  24   3.454587 -2.185413 -0.017867 -0.370897 1.05606E-07
 mn  25   3.312191 -2.167809 -0.000263 -0.353293 8.03887E-08
 fe  26   5.372766 -2.167234  0.000000 -0.352718 9.39468E-06
 co  27   2.881928 -1.988071  0.179163 -0.173556 3.20198E-08
 ni  28   4.078457 -2.121542  0.045691 -0.307027 5.01390E-07
 cu  29   2.429111 -1.820889  0.346344 -0.006374 1.21711E-08
 zn  30   2.570113 -2.059887  0.107347 -0.245371 1.73334E-08
 ga  31   1.284365 -1.795635  0.371599  0.018880 9.56914E-10
 ge  32   1.727209 -1.852791  0.314443 -0.038275 2.76386E-09
 as  33   0.355090 -1.944910  0.222324 -0.130394 1.21013E-10
 se  34   1.534945 -1.805055  0.362179  0.009460 1.92967E-09
 br  35   0.715487 -1.824512  0.342721 -0.009997 2.95929E-10
 kr  36   1.599835 -1.650165  0.517069  0.164351 2.37794E-09
 rb  37   0.932323 -1.587677  0.579556  0.226838 5.21504E-10
 sr  38   1.152196 -1.727804  0.439430  0.086711 8.87015E-10
  y  39   0.432583 -1.777417  0.389817  0.037098 1.71651E-10
 zr  40   0.717755 -1.812245  0.354989  0.002271 3.39622E-10
 nb  41  -0.475237 -1.885237  0.281997 -0.070721 2.21788E-11
 mo  42  -0.103900 -2.043900  0.123334 -0.229384 5.38556E-11
 tc  43   0.000000 -9.000000  0.000000  0.000000 0.00000E+00
 ru  44  -0.361778 -2.121778  0.045456 -0.307263 3.13311E-11
 rh  45  -1.056160 -2.116160  0.051074 -0.301644 6.44781E-12
 pd  46  -0.427818 -2.077818  0.089416 -0.263303 2.83359E-11
 ag  47  -0.912045 -2.112046  0.055188 -0.297530 9.41843E-12
 cd  48  -0.351429 -2.061429  0.105805 -0.246913 3.56871E-11
 in  49  -1.340653 -2.100653  0.066581 -0.286138 3.73670E-12
 sn  50  -0.022736 -2.092736  0.074498 -0.278220 8.03310E-11
 sb  51  -1.333839 -2.343839 -0.176605 -0.529324 4.02529E-12
 te  52  -0.366378 -2.546378 -0.379144 -0.731862 3.91385E-11
  i  53  -0.611751 -2.161751  0.005483 -0.347235 2.21236E-11
 xe  54   0.079938 -2.160062  0.007172 -0.345546 1.12541E-10
 cs  55  -1.060700 -2.140700  0.026534 -0.326185 8.24086E-12
 ba  56   0.158277 -2.021724  0.145510 -0.207208 1.40982E-10
 la  57  -0.910405 -2.080405  0.086829 -0.265890 1.21744E-11
 ce  58  -0.498163 -2.078163  0.089071 -0.263648 3.17290E-11
 pr  59  -1.355152 -2.115152  0.052082 -0.300637 4.43522E-12
 nd  60  -0.683778 -2.133778  0.033456 -0.319262 2.13029E-11
 pm  61   0.000000 -9.000000  0.000000  0.000000 6.03627E-29
 sm  62  -1.315120 -2.255120 -0.087886 -0.440604 5.18973E-12
 eu  63  -1.653140 -2.163140  0.004094 -0.348624 2.40842E-12
 gd  64  -1.204426 -2.254426 -0.087192 -0.439910 7.00320E-12
 tb  65  -1.839863 -2.159863  0.007371 -0.345347 1.63856E-12
 dy  66  -1.019659 -2.149659  0.017575 -0.335144 1.10746E-11
 ho  67  -1.691670 -2.161670  0.005563 -0.347155 2.39200E-12
 er  68  -1.234552 -2.154552  0.012681 -0.340037 6.94974E-12
 tm  69  -2.033541 -2.153541  0.013693 -0.339025 1.11509E-12
 yb  70  -1.255201 -2.175201 -0.007967 -0.360686 6.85610E-12
 lu  71  -2.041868 -2.131868  0.035366 -0.317353 1.13297E-12
 hf  72  -1.394553 -2.104553  0.062681 -0.290038 5.13088E-12
 ta  73  -2.240127 -2.120127  0.047107 -0.305611 7.42265E-13
  w  74  -1.450018 -2.100018  0.067216 -0.285502 4.65108E-12
 re  75  -1.889890 -2.149890  0.017344 -0.335374 1.71095E-12
 os  76  -0.807906 -2.157906  0.009328 -0.343390 2.11108E-11
 ir  77  -0.848165 -2.168165 -0.000931 -0.353649 1.94428E-11
 pt  78  -0.574512 -2.194512 -0.027278 -0.379997 3.70533E-11
 au  79  -1.361978 -2.161978  0.005256 -0.347462 6.10306E-12
 hg  80  -0.962149 -2.132149  0.035085 -0.317633 1.56060E-11
 tl  81  -1.294404 -2.064404  0.102830 -0.249888 7.39899E-12
 pb  82  -0.006912 -2.046912  0.120322 -0.232397 1.45415E-10
 bi  83  -1.416697 -2.066697  0.100537 -0.252181 5.70873E-12
 po  84  -2.413104 -9.000000  0.000000  0.000000 5.75670E-13
#[ls/Fe]_Bisterzo =   0.3724, [hs/Fe]_Bisterzo =   0.0108
#[hs/ls]_Bisterzo =  -0.3616, [Pb/hs]_Bisterzo =   0.1095
#[ls/Fe]_Thiswork =   0.3947, [hs/Fe]_Thiswork =   0.1071
#[hs/ls]_Thiswork =  -0.2876, [Pb/hs]_Thiswork =   0.0132
# C/O = 1.4545E+00, c12/c13 = 3.80390E+00, n14/n15 = 4.18984E+04
# o16/o17 = 3.51299E+02, o16/o18 = 3.02607E+06
# mg24/mg25 = 1.7626E+00, mg24/mg26 = 9.0496E-01
#
#  TP   Mass     Mcore    Menv    log L
# 19 3.562070 0.870194 2.691870 4.563460
# El  Z   log e(X)   [X/H]    [X/Fe]     [X/O]      X(i)
  p   1  12.000000  0.000000  0.000000  0.000000 7.17476E-01
 he   2  10.998334  0.068334  2.235568  1.882849 2.83835E-01
 li   3   0.881603 -2.378397 -0.211163 -0.563881 3.76159E-11
 be   4   1.480472  0.180472  0.000000  0.000000 1.93928E-10
  b   5   0.000000 -2.790000  0.000000  0.000000 1.02605E-26
  c   6   7.116349 -1.353652  0.813582  0.460864 1.11757E-04
  n   7   8.634768  0.764769  2.932003  2.579284 4.29992E-03
  o   8   6.934593 -1.795406  0.371828  0.000000 9.79565E-05
  f   9   1.665299 -2.754701 -0.587467 -0.959294 6.25683E-10
 ne  10   6.535126 -1.434874  0.732360  0.360533 4.92487E-05
 na  11   4.899387 -1.340612  0.826622  0.454794 1.29800E-06
 mg  12   5.853734 -1.786266  0.380968  0.009140 1.23531E-05
 al  13   4.438614 -2.011385  0.155849 -0.215979 5.27273E-07
 si  14   5.407259 -2.142741  0.024493 -0.347335 5.10618E-06
  p  15   3.364087 -2.045913  0.121321 -0.250506 5.09837E-08
  s  16   4.995106 -2.154894  0.012340 -0.359488 2.25676E-06
 cl  17   3.083535 -2.146465  0.020769 -0.351058 3.05869E-08
 ar  18   4.274703 -2.165297  0.001937 -0.369891 5.35236E-07
  k  19   2.927094 -2.152905  0.014328 -0.357499 2.35286E-08
 ca  20   4.122607 -2.167393 -0.000159 -0.371987 3.78320E-07
 sc  21   0.962725 -2.087275  0.079959 -0.291869 2.93670E-10
 ti  22   2.748061 -2.161939  0.005295 -0.366532 1.90741E-08
  v  23   1.791933 -2.168067 -0.000833 -0.372661 2.24572E-09
 cr  24   3.455044 -2.184956 -0.017722 -0.389550 1.05526E-07
 mn  25   3.312408 -2.167592 -0.000358 -0.372185 8.02838E-08
 fe  26   5.373065 -2.166934  0.000000 -0.371528 9.38419E-06
 co  27   2.895003 -1.974997  0.191938 -0.179590 3.29389E-08
 ni  28   4.085843 -2.114157  0.052778 -0.318750 5.09069E-07
 cu  29   2.466442 -1.783558  0.383377  0.011848 1.32397E-08
 zn  30   2.587979 -2.042021  0.124914 -0.246614 1.80287E-08
 ga  31   1.329648 -1.750352  0.416583  0.045054 1.06016E-09
 ge  32   1.771701 -1.808299  0.358635 -0.012893 3.05650E-09
 as  33   0.388793 -1.911207  0.255728 -0.115801 1.30542E-10
 se  34   1.586676 -1.753324  0.413610  0.042082 2.16985E-09
 br  35   0.762765 -1.777235  0.389699  0.018171 3.29367E-10
 kr  36   1.668738 -1.581262  0.585673  0.214145 2.78175E-09
 rb  37   1.007027 -1.512973  0.653961  0.282433 6.18268E-10
 sr  38   1.217087 -1.662913  0.504021  0.132493 1.02810E-09
  y  39   0.495511 -1.714489  0.452446  0.080917 1.98056E-10
 zr  40   0.779196 -1.750804  0.416130  0.044602 3.90528E-10
 nb  41  -0.422131 -1.832131  0.334804 -0.036724 2.50185E-11
 mo  42  -0.055689 -1.995689  0.171246 -0.200283 6.00701E-11
 tc  43   0.000000 -9.000000  0.000000  0.000000 0.00000E+00
 ru  44  -0.324040 -2.084040  0.082894 -0.288634 3.41137E-11
 rh  45  -1.042559 -2.102559  0.064376 -0.307152 6.64093E-12
 pd  46  -0.394288 -2.044288  0.122646 -0.248882 3.05550E-11
 ag  47  -0.897243 -2.097244  0.069691 -0.301837 9.72738E-12
 cd  48  -0.317327 -2.027327  0.139608 -0.231920 3.85327E-11
 in  49  -1.318180 -2.078180  0.088754 -0.282774 3.92805E-12
 sn  50   0.011267 -2.058733  0.108201 -0.263327 8.67164E-11
 sb  51  -1.315320 -2.325320 -0.158386 -0.529914 4.19307E-12
 te  52  -0.343259 -2.523259 -0.356324 -0.727853 4.12039E-11
  i  53  -0.609163 -2.159163  0.007771 -0.363757 2.22156E-11
 xe  54   0.091889 -2.148111  0.018824 -0.352704 1.15472E-10
 cs  55  -1.053333 -2.133333  0.033601 -0.337927 8.36672E-12
 ba  56   0.189117 -1.990883  0.176052 -0.195476 1.51085E-10
 la  57  -0.892125 -2.062125  0.104809 -0.266719 1.26749E-11
 ce  58  -0.482466 -2.062466  0.104469 -0.267059 3.28374E-11
 pr  59  -1.345442 -2.105442  0.061493 -0.310035 4.52732E-12
 nd  60  -0.674383 -2.124383  0.042551 -0.328977 2.17295E-11
 pm  61   0.000000 -9.000000  0.000000  0.000000 6.81002E-29
 sm  62  -1.308486 -2.248486 -0.081552 -0.453080 5.26009E-12
 eu  63  -1.651849 -2.161849  0.005086 -0.366442 2.41123E-12
 gd  64  -1.200879 -2.250879 -0.083945 -0.455473 7.04789E-12
 tb  65  -1.838127 -2.158127  0.008807 -0.362721 1.64215E-12
 dy  66  -1.016462 -2.146462  0.020472 -0.351056 1.11362E-11
 ho  67  -1.690250 -2.160250  0.006684 -0.364844 2.39550E-12
 er  68  -1.231148 -2.151148  0.015787 -0.355742 6.99180E-12
 tm  69  -2.031056 -2.151056  0.015878 -0.355650 1.11946E-12
 yb  70  -1.247771 -2.167771 -0.000837 -0.372365 6.96181E-12
 lu  71  -2.036666 -2.126666  0.040269 -0.331259 1.14456E-12
 hf  72  -1.386240 -2.096240  0.070694 -0.300834 5.22061E-12
 ta  73  -2.233738 -2.113738  0.053196 -0.318332 7.51906E-13
  w  74  -1.441532 -2.091532  0.075402 -0.296126 4.73429E-12
 re  75  -1.887076 -2.147076  0.019858 -0.351670 1.71896E-12
 os  76  -0.806184 -2.156184  0.010751 -0.360777 2.11564E-11
 ir  77  -0.847707 -2.167707 -0.000772 -0.372301 1.94282E-11
 pt  78  -0.573395 -2.193395 -0.026460 -0.397988 3.70818E-11
 au  79  -1.360868 -2.160867  0.006067 -0.365461 6.10764E-12
 hg  80  -0.955479 -2.125479  0.041456 -0.330072 1.58190E-11
 tl  81  -1.286230 -2.056230  0.110704 -0.260824 7.52596E-12
 pb  82  -0.003103 -2.043103  0.123831 -0.247697 1.46431E-10
 bi  83  -1.414163 -2.064163  0.102772 -0.268756 5.73177E-12
 po  84  -2.399674 -9.000000  0.000000  0.000000 5.92678E-13
#[ls/Fe]_Bisterzo =   0.4343, [hs/Fe]_Bisterzo =   0.0219
#[hs/ls]_Bisterzo =  -0.4124, [Pb/hs]_Bisterzo =   0.1019
#[ls/Fe]_Thiswork =   0.4575, [hs/Fe]_Thiswork =   0.1284
#[hs/ls]_Thiswork =  -0.3291, [Pb/hs]_Thiswork =  -0.0046
# C/O = 1.5197E+00, c12/c13 = 3.80554E+00, n14/n15 = 4.14889E+04
# o16/o17 = 3.51850E+02, o16/o18 = 3.10489E+06
# mg24/mg25 = 1.4715E+00, mg24/mg26 = 7.2095E-01
#
#  TP   Mass     Mcore    Menv    log L
# 20 3.495100 0.870389 2.624710 4.569990
# El  Z   log e(X)   [X/H]    [X/Fe]     [X/O]      X(i)
  p   1  12.000000  0.000000  0.000000  0.000000 7.16042E-01
 he   2  11.000741  0.070741  2.237675  1.866147 2.84843E-01
 li   3   0.493342 -2.766658 -0.599723 -0.971251 1.53547E-11
 be   4   1.092386 -0.207614  0.000000  0.000000 7.91927E-11
  b   5   0.000000 -2.790000  0.000000  0.000000 2.01089E-27
  c   6   7.156319 -1.313682  0.853253  0.481725 1.22286E-04
  n   7   8.673383  0.803383  2.970317  2.598789 4.69035E-03
  o   8   6.955701 -1.774298  0.392636  0.000000 1.02629E-04
  f   9   1.649440 -2.770560 -0.603626 -0.996262 6.02040E-10
 ne  10   6.599191 -1.370809  0.796125  0.403489 5.69626E-05
 na  11   4.954914 -1.285086  0.881848  0.489212 1.47208E-06
 mg  12   5.921357 -1.718643  0.448292  0.055655 1.44056E-05
 al  13   4.470838 -1.979162  0.187773 -0.204864 5.66749E-07
 si  14   5.411502 -2.138498  0.028437 -0.364200 5.14600E-06
  p  15   3.385965 -2.024035  0.142900 -0.249736 5.35107E-08
  s  16   4.995775 -2.154225  0.012709 -0.379927 2.25571E-06
 cl  17   3.085732 -2.144268  0.022667 -0.369969 3.06806E-08
 ar  18   4.275333 -2.164667  0.002267 -0.390369 5.34941E-07
  k  19   2.929381 -2.150619  0.016316 -0.376320 2.36055E-08
 ca  20   4.122967 -2.167033 -0.000098 -0.392735 3.77878E-07
 sc  21   0.973968 -2.076032  0.090902 -0.301734 3.00769E-10
 ti  22   2.749207 -2.160792  0.006142 -0.386494 1.90863E-08
  v  23   1.792484 -2.167516 -0.000581 -0.393218 2.24408E-09
 cr  24   3.455530 -2.184470 -0.017535 -0.410172 1.05433E-07
 mn  25   3.312652 -2.167348 -0.000414 -0.393050 8.01683E-08
 fe  26   5.373379 -2.166621  0.000000 -0.392323 9.37219E-06
 co  27   2.907454 -1.962545  0.204076 -0.188247 3.38291E-08
 ni  28   4.094155 -2.105845  0.060776 -0.331547 5.17868E-07
 cu  29   2.506622 -1.743378  0.423244  0.030921 1.44940E-08
 zn  30   2.608662 -2.021338  0.145283 -0.247040 1.88702E-08
 ga  31   1.378607 -1.701393  0.465228  0.072905 1.18430E-09
 ge  32   1.819688 -1.760312  0.406309  0.013986 3.40676E-09
 as  33   0.425921 -1.874079  0.292543 -0.099780 1.41909E-10
 se  34   1.641119 -1.698881  0.467740  0.075417 2.45473E-09
 br  35   0.812972 -1.727028  0.439593  0.047270 3.68993E-10
 kr  36   1.739976 -1.510024  0.656597  0.264274 3.27105E-09
 rb  37   1.083428 -1.436572  0.730050  0.337727 7.35716E-10
 sr  38   1.285261 -1.594739  0.571882  0.179559 1.20045E-09
  y  39   0.562652 -1.647348  0.519273  0.126950 2.30707E-10
 zr  40   0.845811 -1.684189  0.482432  0.090109 4.54357E-10
 nb  41  -0.363579 -1.773579  0.393042  0.000719 2.85722E-11
 mo  42  -0.001542 -1.941542  0.225079 -0.167244 6.79103E-11
 tc  43   0.000000 -9.000000  0.000000  0.000000 0.00000E+00
 ru  44  -0.280457 -2.040457  0.126164 -0.266159 3.76394E-11
 rh  45  -1.025899 -2.085899  0.080722 -0.311601 6.88684E-12
 pd  46  -0.355045 -2.005045  0.161576 -0.230747 3.33777E-11
 ag  47  -0.879102 -2.079102  0.087519 -0.304804 1.01221E-11
 cd  48  -0.277179 -1.987179  0.179442 -0.212881 4.21801E-11
 in  49  -1.290860 -2.050860  0.115761 -0.276562 4.17472E-12
 sn  50   0.052277 -2.017723  0.148898 -0.243425 9.51134E-11
 sb  51  -1.291805 -2.301805 -0.135184 -0.527507 4.41750E-12
 te  52  -0.314050 -2.494050 -0.327429 -0.719752 4.39824E-11
  i  53  -0.605737 -2.155737  0.010885 -0.381438 2.23469E-11
 xe  54   0.107238 -2.132762  0.033859 -0.358464 1.19387E-10
 cs  55  -1.043739 -2.123739  0.042882 -0.349441 8.53650E-12
 ba  56   0.226496 -1.953504  0.213117 -0.179206 1.64335E-10
 la  57  -0.869144 -2.039145  0.127477 -0.264846 1.33369E-11
 ce  58  -0.462699 -2.042699  0.123922 -0.268401 3.42978E-11
 pr  59  -1.333033 -2.093033  0.073589 -0.318734 4.64923E-12
 nd  60  -0.662490 -2.112490  0.054131 -0.338192 2.22881E-11
 pm  61   0.000000 -9.000000  0.000000  0.000000 7.81946E-29
 sm  62  -1.300064 -2.240064 -0.073443 -0.465766 5.35237E-12
 eu  63  -1.650208 -2.160208  0.006414 -0.385909 2.41552E-12
 gd  64  -1.196344 -2.246344 -0.079723 -0.472046 7.10761E-12
 tb  65  -1.835910 -2.155910  0.010711 -0.381612 1.64725E-12
 dy  66  -1.012379 -2.142379  0.024242 -0.368081 1.12190E-11
 ho  67  -1.688443 -2.158443  0.008178 -0.384145 2.40068E-12
 er  68  -1.226795 -2.146795  0.019826 -0.372497 7.04811E-12
 tm  69  -2.027883 -2.147882  0.018739 -0.373584 1.12541E-12
 yb  70  -1.238336 -2.158336  0.008286 -0.384037 7.10051E-12
 lu  71  -2.030023 -2.120023  0.046599 -0.345724 1.15988E-12
 hf  72  -1.375670 -2.085670  0.080951 -0.311372 5.33853E-12
 ta  73  -2.225569 -2.105569  0.061052 -0.331271 7.64651E-13
  w  74  -1.430712 -2.080712  0.085909 -0.306414 4.84403E-12
 re  75  -1.883461 -2.143461  0.023160 -0.369163 1.72987E-12
 os  76  -0.803954 -2.153954  0.012667 -0.379656 2.12228E-11
 ir  77  -0.847134 -2.167134 -0.000513 -0.392836 1.94149E-11
 pt  78  -0.571947 -2.191947 -0.025326 -0.417649 3.71312E-11
 au  79  -1.359427 -2.159427  0.007194 -0.385129 6.11567E-12
 hg  80  -0.946692 -2.116692  0.049930 -0.342393 1.61100E-11
 tl  81  -1.275363 -2.045363  0.121258 -0.271065 7.70123E-12
 pb  82   0.001995 -2.038005  0.128616 -0.263707 1.47864E-10
 bi  83  -1.410723 -2.060723  0.105898 -0.286425 5.76580E-12
 po  84  -2.382500 -9.000000  0.000000  0.000000 6.15354E-13
#[ls/Fe]_Bisterzo =   0.5009, [hs/Fe]_Bisterzo =   0.0361
#[hs/ls]_Bisterzo =  -0.4648, [Pb/hs]_Bisterzo =   0.0926
#[ls/Fe]_Thiswork =   0.5245, [hs/Fe]_Thiswork =   0.1548
#[hs/ls]_Thiswork =  -0.3697, [Pb/hs]_Thiswork =  -0.0262
# C/O = 1.5871E+00, c12/c13 = 3.80313E+00, n14/n15 = 4.09119E+04
# o16/o17 = 3.48024E+02, o16/o18 = 3.09064E+06
# mg24/mg25 = 1.2214E+00, mg24/mg26 = 5.7086E-01
#
#  TP   Mass     Mcore    Menv    log L
# 21 3.421580 0.870577 2.551010 4.575760
# El  Z   log e(X)   [X/H]    [X/Fe]     [X/O]      X(i)
  p   1  12.000000  0.000000  0.000000  0.000000 7.14540E-01
 he   2  11.003239  0.073238  2.239860  1.847537 2.85884E-01
 li   3   0.127837 -3.132163 -0.965542 -1.357865 6.60428E-12
 be   4   0.728721 -0.571279  0.000000  0.000000 3.42064E-11
  b   5   0.000000 -2.790000  0.000000  0.000000 4.00393E-28
  c   6   7.193883 -1.276117  0.890504  0.498181 1.33054E-04
  n   7   8.711637  0.841638  3.008259  2.615936 5.11151E-03
  o   8   6.978809 -1.751191  0.415431  0.000000 1.08011E-04
  f   9   1.717751 -2.702250 -0.535628 -0.951059 7.03112E-10
 ne  10   6.660960 -1.309040  0.857582  0.442151 6.55310E-05
 na  11   5.011640 -1.228360  0.938262  0.522831 1.67396E-06
 mg  12   5.992529 -1.647470  0.519151  0.103720 1.69352E-05
 al  13   4.508662 -1.941338  0.225283 -0.190147 6.17024E-07
 si  14   5.416526 -2.133474  0.033147 -0.382284 5.19495E-06
  p  15   3.410988 -1.999012  0.167609 -0.247821 5.65654E-08
  s  16   4.996487 -2.153513  0.013108 -0.402322 2.25468E-06
 cl  17   3.088000 -2.142000  0.024621 -0.390809 3.07765E-08
 ar  18   4.275993 -2.164007  0.002614 -0.412817 5.34630E-07
  k  19   2.931767 -2.148233  0.018388 -0.397043 2.36857E-08
 ca  20   4.123348 -2.166652 -0.000031 -0.415462 3.77415E-07
 sc  21   0.985921 -2.064079  0.102542 -0.312888 3.08513E-10
 ti  22   2.750440 -2.159560  0.007061 -0.408370 1.91004E-08
  v  23   1.793071 -2.166929 -0.000308 -0.415739 2.24240E-09
 cr  24   3.456035 -2.183965 -0.017344 -0.432775 1.05334E-07
 mn  25   3.312912 -2.167088 -0.000467 -0.415897 8.00481E-08
 fe  26   5.373703 -2.166297  0.000000 -0.415107 9.35950E-06
 co  27   2.919388 -1.950612  0.215685 -0.199421 3.46986E-08
 ni  28   4.102720 -2.097280  0.069017 -0.346089 5.27075E-07
 cu  29   2.545547 -1.704453  0.461845  0.046738 1.58198E-08
 zn  30   2.630500 -1.999500  0.166797 -0.248310 1.98017E-08
 ga  31   1.427567 -1.652432  0.513865  0.098758 1.32285E-09
 ge  32   1.867997 -1.712003  0.454295  0.039188 3.79961E-09
 as  33   0.464426 -1.835574  0.330724 -0.084383 1.54740E-10
 se  34   1.695914 -1.644086  0.522212  0.107105 2.77899E-09
 br  35   0.864068 -1.675932  0.490366  0.075259 4.14193E-10
 kr  36   1.811930 -1.438070  0.728227  0.313120 3.85238E-09
 rb  37   1.160300 -1.359700  0.806598  0.391491 8.76334E-10
 sr  38   1.355238 -1.524762  0.641535  0.226429 1.40736E-09
  y  39   0.632813 -1.577187  0.589111  0.174004 2.70589E-10
 zr  40   0.916372 -1.613628  0.552670  0.137563 5.33393E-10
 nb  41  -0.300500 -1.710500  0.455798  0.040691 3.29693E-11
 mo  42   0.057592 -1.882408  0.283890 -0.131217 7.76529E-11
 tc  43   0.000000 -9.000000  0.000000  0.000000 0.00000E+00
 ru  44  -0.231980 -1.991980  0.174317 -0.240790 4.19960E-11
 rh  45  -1.006207 -2.066206  0.100091 -0.315016 7.19118E-12
 pd  46  -0.311033 -1.961033  0.205264 -0.209843 3.68600E-11
 ag  47  -0.857717 -2.057717  0.108581 -0.306526 1.06107E-11
 cd  48  -0.231979 -1.941979  0.224318 -0.190789 4.67085E-11
 in  49  -1.259055 -2.019055  0.147242 -0.267864 4.48251E-12
 sn  50   0.099159 -1.970841  0.195457 -0.219650 1.05734E-10
 sb  51  -1.263530 -2.273530 -0.107232 -0.522339 4.70479E-12
 te  52  -0.279185 -2.459185 -0.292888 -0.707995 4.75589E-11
  i  53  -0.601391 -2.151391  0.014907 -0.400200 2.25243E-11
 xe  54   0.126485 -2.113515  0.052782 -0.362324 1.24535E-10
 cs  55  -1.031633 -2.111633  0.054664 -0.360443 8.75939E-12
 ba  56   0.270926 -1.909074  0.257224 -0.157883 1.81655E-10
 la  57  -0.840751 -2.010751  0.155547 -0.259560 1.42081E-11
 ce  58  -0.437789 -2.017789  0.148509 -0.266598 3.62464E-11
 pr  59  -1.317114 -2.077114  0.089184 -0.325923 4.81269E-12
 nd  60  -0.647312 -2.097312  0.068985 -0.346122 2.30324E-11
 pm  61   0.000000 -9.000000  0.000000  0.000000 1.11437E-28
 sm  62  -1.289163 -2.229163 -0.062865 -0.477972 5.47691E-12
 eu  63  -1.648084 -2.158084  0.008214 -0.406893 2.42227E-12
 gd  64  -1.190432 -2.240432 -0.074134 -0.489241 7.18992E-12
 tb  65  -1.833022 -2.153022  0.013275 -0.401831 1.65476E-12
 dy  66  -1.007052 -2.137053  0.029245 -0.385862 1.13336E-11
 ho  67  -1.686099 -2.156099  0.010198 -0.404908 2.40861E-12
 er  68  -1.221134 -2.141134  0.025163 -0.389944 7.12560E-12
 tm  69  -2.023761 -2.143761  0.022537 -0.392570 1.13376E-12
 yb  70  -1.226132 -2.146132  0.020165 -0.394942 7.28753E-12
 lu  71  -2.021378 -2.111377  0.054920 -0.360187 1.18071E-12
 hf  72  -1.362050 -2.072050  0.094247 -0.320859 5.49704E-12
 ta  73  -2.214981 -2.094981  0.071316 -0.343791 7.81877E-13
  w  74  -1.416799 -2.066799  0.099499 -0.315608 4.99123E-12
 re  75  -1.878768 -2.138768  0.027529 -0.387577 1.74499E-12
 os  76  -0.801050 -2.151050  0.015247 -0.399859 2.13204E-11
 ir  77  -0.846421 -2.166421 -0.000124 -0.415231 1.94060E-11
 pt  78  -0.570070 -2.190070 -0.023773 -0.438879 3.72138E-11
 au  79  -1.357558 -2.157558  0.008739 -0.406368 6.12916E-12
 hg  80  -0.935230 -2.105230  0.061067 -0.354040 1.65061E-11
 tl  81  -1.261156 -2.031156  0.135141 -0.279965 7.94061E-12
 pb  82   0.008400 -2.031600  0.134697 -0.280409 1.49746E-10
 bi  83  -1.406536 -2.056536  0.109761 -0.305346 5.80944E-12
 po  84  -2.362352 -9.000000  0.000000  0.000000 6.43220E-13
#[ls/Fe]_Bisterzo =   0.5709, [hs/Fe]_Bisterzo =   0.0539
#[hs/ls]_Bisterzo =  -0.5170, [Pb/hs]_Bisterzo =   0.0808
#[ls/Fe]_Thiswork =   0.5944, [hs/Fe]_Thiswork =   0.1871
#[hs/ls]_Thiswork =  -0.4073, [Pb/hs]_Thiswork =  -0.0524
# C/O = 1.6409E+00, c12/c13 = 3.80546E+00, n14/n15 = 4.08587E+04
# o16/o17 = 3.50411E+02, o16/o18 = 3.16831E+06
# mg24/mg25 = 1.0178E+00, mg24/mg26 = 4.5469E-01
#
#  TP   Mass     Mcore    Menv    log L
# 22 3.341690 0.870758 2.470930 4.579120
# El  Z   log e(X)   [X/H]    [X/Fe]     [X/O]      X(i)
  p   1  12.000000  0.000000  0.000000  0.000000 7.12974E-01
 he   2  11.005871  0.075871  2.242168  1.827061 2.86992E-01
 li   3  -0.134967 -3.394967 -1.228669 -1.643776 3.59806E-12
 be   4   0.465905 -0.834095  0.000000  0.000000 1.86354E-11
  b   5   0.000000 -2.790000  0.000000  0.000000 1.02998E-28
  c   6   7.229326 -1.240674  0.925623  0.510516 1.44052E-04
  n   7   8.746626  0.876626  3.042923  2.627817 5.52821E-03
  o   8   6.999238 -1.730761  0.435536  0.000000 1.12965E-04
  f   9   1.735189 -2.684811 -0.518513 -0.954050 7.30316E-10
 ne  10   6.721790 -1.248209  0.918088  0.482552 7.52185E-05
 na  11   5.068540 -1.171460  0.994838  0.559301 1.90411E-06
 mg  12   6.061429 -1.578571  0.587727  0.152190 1.98033E-05
 al  13   4.549988 -1.900012  0.266286 -0.169250 6.77136E-07
 si  14   5.422254 -2.127747  0.038551 -0.396986 5.25238E-06
  p  15   3.437293 -1.972707  0.193591 -0.241946 5.99657E-08
  s  16   4.997239 -2.152761  0.013536 -0.422000 2.25363E-06
 cl  17   3.090358 -2.139642  0.026655 -0.408881 3.08762E-08
 ar  18   4.276684 -2.163316  0.002981 -0.432555 5.34308E-07
  k  19   2.934238 -2.145761  0.020536 -0.415000 2.37687E-08
 ca  20   4.123750 -2.166250  0.000047 -0.435489 3.76937E-07
 sc  21   0.998341 -2.051659  0.114638 -0.320898 3.16768E-10
 ti  22   2.751713 -2.158287  0.008010 -0.427526 1.91145E-08
  v  23   1.793682 -2.166318 -0.000021 -0.435557 2.24063E-09
 cr  24   3.456564 -2.183436 -0.017138 -0.452675 1.05232E-07
 mn  25   3.313188 -2.166812 -0.000515 -0.436051 7.99234E-08
 fe  26   5.374046 -2.165954  0.000000 -0.435193 9.34637E-06
 co  27   2.931763 -1.938237  0.227717 -0.207476 3.56233E-08
 ni  28   4.111466 -2.088533  0.077421 -0.357772 5.36619E-07
 cu  29   2.582364 -1.667636  0.498318  0.063125 1.71817E-08
 zn  30   2.651969 -1.978031  0.187923 -0.247270 2.07596E-08
 ga  31   1.472720 -1.607280  0.558674  0.123481 1.46457E-09
 ge  32   1.912488 -1.667512  0.498442  0.063249 4.20027E-09
 as  33   0.500637 -1.799363  0.366591 -0.068602 1.67826E-10
 se  34   1.745541 -1.594459  0.571495  0.136302 3.10857E-09
 br  35   0.910656 -1.629344  0.536610  0.101417 4.60085E-10
 kr  36   1.874591 -1.375409  0.790545  0.355352 4.44055E-09
 rb  37   1.227179 -1.292821  0.873133  0.437940 1.01999E-09
 sr  38   1.415979 -1.464021  0.701933  0.266740 1.61508E-09
  y  39   0.694448 -1.515553  0.650402  0.215209 3.11165E-10
 zr  40   0.978892 -1.551108  0.614846  0.179653 6.14631E-10
 nb  41  -0.243608 -1.653607  0.512347  0.077154 3.75016E-11
 mo  42   0.110951 -1.829049  0.336905 -0.098288 8.76121E-11
 tc  43   0.000000 -9.000000  0.000000  0.000000 0.00000E+00
 ru  44  -0.188316 -1.948316  0.217638 -0.217555 4.63361E-11
 rh  45  -0.987392 -2.047392  0.118562 -0.316631 7.49310E-12
 pd  46  -0.271024 -1.921024  0.244930 -0.190263 4.03286E-11
 ag  47  -0.837264 -2.037264  0.128690 -0.306503 1.10979E-11
 cd  48  -0.190620 -1.900620  0.265334 -0.169859 5.12627E-11
 in  49  -1.229007 -1.989007  0.176947 -0.258246 4.79310E-12
 sn  50   0.142196 -1.927804  0.238150 -0.197043 1.16492E-10
 sb  51  -1.236489 -2.246489 -0.080535 -0.515728 4.99607E-12
 te  52  -0.246286 -2.426286 -0.260332 -0.695525 5.11891E-11
  i  53  -0.596990 -2.146990  0.018965 -0.416229 2.27038E-11
 xe  54   0.145570 -2.094430  0.071524 -0.363669 1.29845E-10
 cs  55  -1.019556 -2.099556  0.066398 -0.368795 8.98667E-12
 ba  56   0.311507 -1.868493  0.297461 -0.137732 1.99010E-10
 la  57  -0.814188 -1.984188  0.181766 -0.253427 1.50711E-11
 ce  58  -0.413931 -1.993931  0.172023 -0.263170 3.82094E-11
 pr  59  -1.301554 -2.061554  0.104400 -0.330793 4.97731E-12
 nd  60  -0.632659 -2.082659  0.083295 -0.351898 2.37706E-11
 pm  61   0.000000 -9.000000  0.000000  0.000000 8.33871E-29
 sm  62  -1.278376 -2.218376 -0.052422 -0.487615 5.60234E-12
 eu  63  -1.645930 -2.155930  0.010024 -0.425169 2.42898E-12
 gd  64  -1.184475 -2.234475 -0.068521 -0.503714 7.27325E-12
 tb  65  -1.830087 -2.150087  0.015867 -0.419326 1.66233E-12
 dy  66  -1.001698 -2.131698  0.034256 -0.400937 1.14490E-11
 ho  67  -1.683726 -2.153726  0.012228 -0.422965 2.41650E-12
 er  68  -1.215457 -2.135457  0.030497 -0.404696 7.20353E-12
 tm  69  -2.019639 -2.139639  0.026315 -0.408878 1.14207E-12
 yb  70  -1.214025 -2.134025  0.031929 -0.403264 7.47712E-12
 lu  71  -2.012744 -2.102744  0.063210 -0.371983 1.20178E-12
 hf  72  -1.348665 -2.058665  0.107289 -0.327904 5.65668E-12
 ta  73  -2.204521 -2.084521  0.081433 -0.353760 7.99183E-13
  w  74  -1.403210 -2.053210  0.112744 -0.322449 5.13858E-12
 re  75  -1.874101 -2.134101  0.031853 -0.403340 1.75998E-12
 os  76  -0.798116 -2.148116  0.017838 -0.417355 2.14179E-11
 ir  77  -0.845687 -2.165687  0.000267 -0.434926 1.93963E-11
 pt  78  -0.568161 -2.188161 -0.022207 -0.457400 3.72959E-11
 au  79  -1.355661 -2.155661  0.010293 -0.424900 6.14250E-12
 hg  80  -0.923909 -2.093909  0.072045 -0.363148 1.69049E-11
 tl  81  -1.247084 -2.017084  0.148870 -0.286323 8.18415E-12
 pb  82   0.015097 -2.024903  0.141051 -0.294142 1.51740E-10
 bi  83  -1.402014 -2.052014  0.113940 -0.321253 5.85739E-12
 po  84  -2.341338 -9.000000  0.000000  0.000000 6.73630E-13
#[ls/Fe]_Bisterzo =   0.6326, [hs/Fe]_Bisterzo =   0.0709
#[hs/ls]_Bisterzo =  -0.5617, [Pb/hs]_Bisterzo =   0.0702
#[ls/Fe]_Thiswork =   0.6557, [hs/Fe]_Thiswork =   0.2171
#[hs/ls]_Thiswork =  -0.4386, [Pb/hs]_Thiswork =  -0.0760
# C/O = 1.6986E+00, c12/c13 = 3.80478E+00, n14/n15 = 4.07364E+04
# o16/o17 = 3.49069E+02, o16/o18 = 3.28164E+06
# mg24/mg25 = 8.5907E-01, mg24/mg26 = 3.7018E-01
#
#  TP   Mass     Mcore    Menv    log L
# 23 3.255460 0.870934 2.384520 4.581800
# El  Z   log e(X)   [X/H]    [X/Fe]     [X/O]      X(i)
  p   1  12.000000  0.000000  0.000000  0.000000 7.11345E-01
 he   2  11.008617  0.078617  2.244571  1.809378 2.88152E-01
 li   3  -0.346759 -3.606759 -1.440805 -1.875998 2.20436E-12
 be   4   0.257110 -1.042890  0.000000  0.000000 1.14961E-11
  b   5   0.000000 -2.790000  0.000000  0.000000 1.13431E-26
  c   6   7.262986 -1.207014  0.958940  0.523747 1.55305E-04
  n   7   8.779711  0.909711  3.075665  2.640472 5.95218E-03
  o   8   7.019391 -1.710609  0.455345  0.000000 1.18060E-04
  f   9   1.784042 -2.635958 -0.470004 -0.925349 8.15399E-10
 ne  10   6.781426 -1.188573  0.977381  0.522036 8.60929E-05
 na  11   5.125217 -1.114782  1.051172  0.595827 2.16459E-06
 mg  12   6.128826 -1.511174  0.654780  0.199435 2.30750E-05
 al  13   4.593905 -1.856095  0.309859 -0.145486 7.47479E-07
 si  14   5.428750 -2.121250  0.044704 -0.410641 5.31936E-06
  p  15   3.464808 -1.945191  0.220763 -0.234582 6.37420E-08
  s  16   4.998029 -2.151971  0.013983 -0.441362 2.25258E-06
 cl  17   3.092812 -2.137188  0.028766 -0.426579 3.09802E-08
 ar  18   4.277405 -2.162595  0.003359 -0.451986 5.33973E-07
  k  19   2.936816 -2.143184  0.022770 -0.432575 2.38556E-08
 ca  20   4.124167 -2.165833  0.000122 -0.455224 3.76438E-07
 sc  21   1.010975 -2.039025  0.126929 -0.328416 3.25373E-10
 ti  22   2.753030 -2.156970  0.008984 -0.446361 1.91287E-08
  v  23   1.794318 -2.165682  0.000272 -0.455073 2.23879E-09
 cr  24   3.457116 -2.182884 -0.016930 -0.472275 1.05125E-07
 mn  25   3.313476 -2.166524 -0.000570 -0.455915 7.97937E-08
 fe  26   5.374402 -2.165598  0.000000 -0.454989 9.33266E-06
 co  27   2.944308 -1.925692  0.239907 -0.215083 3.65836E-08
 ni  28   4.120506 -2.079494  0.086105 -0.368885 5.46654E-07
 cu  29   2.617963 -1.632037  0.533561  0.078572 1.86068E-08
 zn  30   2.673016 -1.956985  0.208614 -0.246376 2.17407E-08
 ga  31   1.514450 -1.565550  0.600049  0.145059 1.60859E-09
 ge  32   1.953562 -1.626438  0.539160  0.084171 4.60636E-09
 as  33   0.534608 -1.765392  0.400206 -0.054783 1.81066E-10
 se  34   1.790658 -1.549342  0.616256  0.161267 3.44100E-09
 br  35   0.953259 -1.586741  0.578857  0.123868 5.06345E-10
 kr  36   1.929934 -1.320066  0.845532  0.390543 5.03254E-09
 rb  37   1.285874 -1.234126  0.931473  0.476483 1.16492E-09
 sr  38   1.469726 -1.410275  0.755324  0.300334 1.82368E-09
  y  39   0.748882 -1.461118  0.704481  0.249491 3.51911E-10
 zr  40   1.034163 -1.495837  0.669761  0.214772 6.96453E-10
 nb  41  -0.192771 -1.602771  0.562827  0.107838 4.20622E-11
 mo  42   0.159032 -1.780968  0.384630 -0.070359 9.76453E-11
 tc  43   0.000000 -9.000000  0.000000  0.000000 0.00000E+00
 ru  44  -0.148211 -1.908211  0.257387 -0.197603 5.07026E-11
 rh  45  -0.969121 -2.029121  0.136477 -0.318512 7.79722E-12
 pd  46  -0.233767 -1.883767  0.281832 -0.173158 4.38406E-11
 ag  47  -0.817357 -2.017357  0.148241 -0.306748 1.15919E-11
 cd  48  -0.151999 -1.862000  0.303599 -0.151391 5.59023E-11
 in  49  -1.200207 -1.960207  0.205392 -0.249598 5.11002E-12
 sn  50   0.182441 -1.887559  0.278039 -0.176950 1.27511E-10
 sb  51  -1.210279 -2.220279 -0.054680 -0.509670 5.29475E-12
 te  52  -0.214807 -2.394807 -0.229208 -0.684198 5.49115E-11
  i  53  -0.592500 -2.142500  0.023099 -0.431891 2.28873E-11
 xe  54   0.164389 -2.075611  0.089987 -0.365002 1.35285E-10
 cs  55  -1.007488 -2.087488  0.078110 -0.376879 9.21876E-12
 ba  56   0.350060 -1.829941  0.335658 -0.119332 2.16988E-10
 la  57  -0.787997 -1.957997  0.207601 -0.247388 1.59714E-11
 ce  58  -0.390257 -1.970257  0.195341 -0.259648 4.02579E-11
 pr  59  -1.285808 -2.045808  0.119791 -0.335199 5.14930E-12
 nd  60  -0.617867 -2.067867  0.097732 -0.357258 2.45380E-11
 pm  61   0.000000 -9.000000  0.000000  0.000000 1.32365E-28
 sm  62  -1.267355 -2.207355 -0.041757 -0.496746 5.73321E-12
 eu  63  -1.643682 -2.153682  0.011916 -0.443074 2.43600E-12
 gd  64  -1.178314 -2.228314 -0.062716 -0.517705 7.36032E-12
 tb  65  -1.827032 -2.147032  0.018566 -0.436423 1.67024E-12
 dy  66  -0.996163 -2.126163  0.039435 -0.415555 1.15694E-11
 ho  67  -1.681258 -2.151258  0.014340 -0.440649 2.42472E-12
 er  68  -1.209583 -2.129583  0.036015 -0.418974 7.28494E-12
 tm  69  -2.015364 -2.135364  0.030235 -0.424755 1.15073E-12
 yb  70  -1.201653 -2.121653  0.043946 -0.411044 7.67562E-12
 lu  71  -2.003851 -2.093851  0.071748 -0.383242 1.22384E-12
 hf  72  -1.335045 -2.045045  0.120553 -0.334436 5.82357E-12
 ta  73  -2.193806 -2.073806  0.091793 -0.363197 8.17275E-13
  w  74  -1.389377 -2.039377  0.126222 -0.328768 5.29278E-12
 re  75  -1.869248 -2.129248  0.036350 -0.418639 1.77569E-12
 os  76  -0.795047 -2.145047  0.020552 -0.434438 2.15205E-11
 ir  77  -0.844916 -2.164917  0.000682 -0.454308 1.93863E-11
 pt  78  -0.566155 -2.186155 -0.020557 -0.475546 3.73829E-11
 au  79  -1.353670 -2.153670  0.011928 -0.443061 6.15664E-12
 hg  80  -0.912279 -2.082279  0.083319 -0.371670 1.73241E-11
 tl  81  -1.232743 -2.002743  0.162855 -0.292134 8.43960E-12
 pb  82   0.021986 -2.018014  0.147584 -0.307405 1.53814E-10
 bi  83  -1.397308 -2.047308  0.118290 -0.336699 5.90767E-12
 po  84  -2.320200 -9.000000  0.000000  0.000000 7.05612E-13
#[ls/Fe]_Bisterzo =   0.6871, [hs/Fe]_Bisterzo =   0.0879
#[hs/ls]_Bisterzo =  -0.5993, [Pb/hs]_Bisterzo =   0.0597
#[ls/Fe]_Thiswork =   0.7099, [hs/Fe]_Thiswork =   0.2462
#[hs/ls]_Thiswork =  -0.4637, [Pb/hs]_Thiswork =  -0.0986
# C/O = 1.7522E+00, c12/c13 = 3.80404E+00, n14/n15 = 4.05517E+04
# o16/o17 = 3.48087E+02, o16/o18 = 3.17857E+06
# mg24/mg25 = 7.3228E-01, mg24/mg26 = 3.0635E-01
#
#  TP   Mass     Mcore    Menv    log L
# 24 3.162690 0.871104 2.291580 4.583240
# El  Z   log e(X)   [X/H]    [X/Fe]     [X/O]      X(i)
  p   1  12.000000  0.000000  0.000000  0.000000 7.09942E-01
 he   2  11.010965  0.080965  2.246563  1.791574 2.89143E-01
 li   3   0.578358 -2.681642 -0.516044 -0.971033 1.85158E-11
 be   4   1.186536 -0.113464  0.000000  0.000000 9.75258E-11
  b   5   0.000000 -2.790000  0.000000  0.000000 4.22245E-27
  c   6   7.289474 -1.180526  0.985072  0.530083 1.64746E-04
  n   7   8.806946  0.936946  3.102544  2.647555 6.32490E-03
  o   8   7.037402 -1.692598  0.473001  0.000000 1.22816E-04
  f   9   1.760264 -2.659736 -0.494137 -0.967138 7.70432E-10
 ne  10   6.830890 -1.139110  1.026489  0.553488 9.62883E-05
 na  11   5.175872 -1.064127  1.101471  0.628470 2.42758E-06
 mg  12   6.188636 -1.451364  0.714234  0.241234 2.64298E-05
 al  13   4.635571 -1.814428  0.351170 -0.121830 8.21122E-07
 si  14   5.435318 -2.114683  0.050916 -0.422085 5.38976E-06
  p  15   3.493512 -1.916488  0.249111 -0.223890 6.79630E-08
  s  16   4.998728 -2.151272  0.014327 -0.458674 2.25176E-06
 cl  17   3.094862 -2.135138  0.030460 -0.442540 3.10654E-08
 ar  18   4.278022 -2.161978  0.003620 -0.469380 5.33678E-07
  k  19   2.939053 -2.140947  0.024651 -0.448349 2.39315E-08
 ca  20   4.124523 -2.165477  0.000121 -0.472879 3.76003E-07
 sc  21   1.022194 -2.027806  0.137792 -0.335208 3.33230E-10
 ti  22   2.754237 -2.155763  0.009836 -0.463165 1.91441E-08
  v  23   1.794874 -2.165126  0.000473 -0.472528 2.23724E-09
 cr  24   3.457564 -2.182436 -0.016837 -0.489838 1.05026E-07
 mn  25   3.313723 -2.166277 -0.000679 -0.473680 7.96815E-08
 fe  26   5.374685 -2.165315  0.000000 -0.472717 9.32033E-06
 co  27   2.952755 -1.917245  0.248070 -0.224647 3.72286E-08
 ni  28   4.128320 -2.071680  0.093636 -0.379082 5.55481E-07
 cu  29   2.649063 -1.600937  0.564378  0.091661 1.99487E-08
 zn  30   2.693858 -1.936142  0.229173 -0.243544 2.27645E-08
 ga  31   1.554538 -1.525462  0.639853  0.167136 1.76066E-09
 ge  32   1.993293 -1.586707  0.578608  0.105891 5.03768E-09
 as  33   0.568034 -1.731966  0.433349 -0.039368 1.95167E-10
 se  34   1.833920 -1.506079  0.659236  0.186518 3.79393E-09
 br  35   0.994331 -1.545669  0.619647  0.146929 5.55472E-10
 kr  36   1.981800 -1.268200  0.897115  0.424398 5.65973E-09
 rb  37   1.340234 -1.179766  0.985549  0.512832 1.31765E-09
 sr  38   1.520339 -1.359661  0.805654  0.332937 2.04505E-09
  y  39   0.799826 -1.410174  0.755141  0.282423 3.94929E-10
 zr  40   1.084662 -1.445338  0.719978  0.247260 7.80789E-10
 nb  41  -0.145813 -1.555813  0.609502  0.136785 4.67728E-11
 mo  42   0.202925 -1.737075  0.428240 -0.044477 1.07817E-10
 tc  43   0.000000 -9.000000  0.000000  0.000000 0.00000E+00
 ru  44  -0.110911 -1.870911  0.294404 -0.178313 5.51408E-11
 rh  45  -0.951316 -2.011316  0.153999 -0.318718 8.10751E-12
 pd  46  -0.199049 -1.849049  0.316266 -0.156451 4.73955E-11
 ag  47  -0.798151 -1.998151  0.167164 -0.305553 1.20922E-11
 cd  48  -0.116353 -1.826353  0.338962 -0.133755 6.05645E-11
 in  49  -1.173122 -1.933122  0.232193 -0.240525 5.42812E-12
 sn  50   0.219479 -1.850521  0.314794 -0.157923 1.38589E-10
 sb  51  -1.185308 -2.195307 -0.029992 -0.502710 5.59705E-12
 te  52  -0.184988 -2.364988 -0.199673 -0.672390 5.86982E-11
  i  53  -0.587995 -2.137995  0.027321 -0.445397 2.30804E-11
 xe  54   0.182487 -2.057513  0.107803 -0.364915 1.40764E-10
 cs  55  -0.995465 -2.075465  0.089850 -0.382867 9.45886E-12
 ba  56   0.385300 -1.794700  0.370615 -0.102103 2.34865E-10
 la  57  -0.763300 -1.933300  0.232015 -0.240702 1.68726E-11
 ce  58  -0.368036 -1.948036  0.217279 -0.255438 4.22877E-11
 pr  59  -1.270742 -2.030742  0.134573 -0.338145 5.32054E-12
 nd  60  -0.603727 -2.053727  0.111588 -0.361130 2.53000E-11
 pm  61   0.000000 -9.000000  0.000000  0.000000 1.33311E-28
 sm  62  -1.256934 -2.196934 -0.031619 -0.504336 5.86085E-12
 eu  63  -1.641529 -2.151529  0.013786 -0.458931 2.44329E-12
 gd  64  -1.172422 -2.222422 -0.057107 -0.529824 7.44614E-12
 tb  65  -1.824103 -2.144103  0.021212 -0.451505 1.67823E-12
 dy  66  -0.990870 -2.120870  0.044446 -0.428272 1.16882E-11
 ho  67  -1.678892 -2.148892  0.016423 -0.456294 2.43316E-12
 er  68  -1.203959 -2.123959  0.041357 -0.431361 7.36536E-12
 tm  69  -2.011267 -2.131267  0.034049 -0.438669 1.15935E-12
 yb  70  -1.190056 -2.110056  0.055259 -0.417458 7.86779E-12
 lu  71  -1.995483 -2.085483  0.079832 -0.392885 1.24519E-12
 hf  72  -1.322306 -2.032306  0.133009 -0.339708 5.98509E-12
 ta  73  -2.183709 -2.063709  0.101606 -0.371111 8.34847E-13
  w  74  -1.376388 -2.026388  0.138927 -0.333790 5.44270E-12
 re  75  -1.864593 -2.124593  0.040723 -0.431995 1.79129E-12
 os  76  -0.792114 -2.142114  0.023201 -0.449516 2.16236E-11
 ir  77  -0.844193 -2.164194  0.001122 -0.471596 1.93803E-11
 pt  78  -0.564246 -2.184246 -0.018931 -0.491648 3.74735E-11
 au  79  -1.351769 -2.151769  0.013546 -0.459172 6.17144E-12
 hg  80  -0.901184 -2.071184  0.094131 -0.378586 1.77373E-11
 tl  81  -1.218862 -1.988862  0.176454 -0.296264 8.69652E-12
 pb  82   0.028603 -2.011397  0.153918 -0.318799 1.55867E-10
 bi  83  -1.392790 -2.042790  0.122525 -0.350192 5.95768E-12
 po  84  -2.300212 -9.000000  0.000000  0.000000 7.37390E-13
#[ls/Fe]_Bisterzo =   0.7376, [hs/Fe]_Bisterzo =   0.1040
#[hs/ls]_Bisterzo =  -0.6336, [Pb/hs]_Bisterzo =   0.0499
#[ls/Fe]_Thiswork =   0.7603, [hs/Fe]_Thiswork =   0.2733
#[hs/ls]_Thiswork =  -0.4870, [Pb/hs]_Thiswork =  -0.1194
# C/O = 1.7868E+00, c12/c13 = 3.80573E+00, n14/n15 = 4.09640E+04
# o16/o17 = 3.51810E+02, o16/o18 = 3.40540E+06
# mg24/mg25 = 6.4184E-01, mg24/mg26 = 2.6139E-01
#
#  TP   Mass     Mcore    Menv    log L
# 25 3.062760 0.871269 2.191490 4.583510
# El  Z   log e(X)   [X/H]    [X/Fe]     [X/O]      X(i)
  p   1  12.000000  0.000000  0.000000  0.000000 7.08236E-01
 he   2  11.013804  0.083804  2.249119  1.776402 2.90341E-01
 li   3   0.271129 -2.988871 -0.823556 -1.296273 9.10475E-12
 be   4   0.883665 -0.416335  0.000000  0.000000 4.84400E-11
  b   5   0.000000 -2.790000  0.000000  0.000000 1.89396E-27
  c   6   7.319345 -1.150655  1.014660  0.541943 1.76052E-04
  n   7   8.838392  0.968392  3.133708  2.660990 6.78352E-03
  o   8   7.060784 -1.669215  0.496100  0.000000 1.29299E-04
  f   9   1.842241 -2.577759 -0.412444 -0.908544 9.28253E-10
 ne  10   6.886126 -1.083874  1.081441  0.585341 1.09085E-04
 na  11   5.231823 -1.008176  1.157139  0.661039 2.75474E-06
 mg  12   6.257212 -1.382788  0.782527  0.286427 3.08763E-05
 al  13   4.684980 -1.765020  0.400295 -0.095805 9.17850E-07
 si  14   5.443944 -2.106057  0.059258 -0.436841 5.48468E-06
  p  15   3.528224 -1.881776  0.283539 -0.212561 7.34412E-08
  s  16   4.999598 -2.150402  0.014913 -0.481187 2.25085E-06
 cl  17   3.097391 -2.132609  0.032706 -0.463394 3.11718E-08
 ar  18   4.278771 -2.161229  0.004086 -0.492013 5.33316E-07
  k  19   2.941764 -2.138236  0.027079 -0.469021 2.40235E-08
 ca  20   4.124954 -2.165046  0.000269 -0.495831 3.75472E-07
 sc  21   1.035611 -2.014389  0.150926 -0.345174 3.42860E-10
 ti  22   2.755712 -2.154288  0.011027 -0.485073 1.91631E-08
  v  23   1.795554 -2.164446  0.000869 -0.495231 2.23536E-09
 cr  24   3.458116 -2.181884 -0.016569 -0.512669 1.04907E-07
 mn  25   3.314018 -2.165982 -0.000667 -0.496767 7.95443E-08
 fe  26   5.375032 -2.164968  0.000000 -0.495752 9.30538E-06
 co  27   2.963532 -1.906467  0.258500 -0.237252 3.80722E-08
 ni  28   4.137634 -2.062366  0.102602 -0.393150 5.66159E-07
 cu  29   2.683436 -1.566564  0.598404  0.102652 2.15398E-08
 zn  30   2.717055 -1.912945  0.252023 -0.243730 2.39558E-08
 ga  31   1.597192 -1.482808  0.682159  0.186407 1.93770E-09
 ge  32   2.035684 -1.544316  0.620651  0.124899 5.54086E-09
 as  33   0.604322 -1.695678  0.469290 -0.026462 2.11665E-10
 se  34   1.880248 -1.459752  0.705216  0.209463 4.21088E-09
 br  35   1.038623 -1.501377  0.663590  0.167838 6.13634E-10
 kr  36   2.039729 -1.210271  0.954697  0.458944 6.45180E-09
 rb  37   1.400514 -1.119486  1.045481  0.549729 1.51020E-09
 sr  38   1.578423 -1.301578  0.863390  0.367638 2.33208E-09
  y  39   0.860208 -1.349792  0.815175  0.319423 4.52748E-10
 zr  40   1.147049 -1.382951  0.782017  0.286264 8.99241E-10
 nb  41  -0.087378 -1.497378  0.667590  0.171838 5.33807E-11
 mo  42   0.259270 -1.680730  0.484237 -0.011515 1.22458E-10
 tc  43   0.000000 -9.000000  0.000000  0.000000 0.00000E+00
 ru  44  -0.061703 -1.821703  0.343265 -0.152488 6.16081E-11
 rh  45  -0.926581 -1.986581  0.178386 -0.317366 8.56203E-12
 pd  46  -0.152754 -1.802754  0.362214 -0.133539 5.26001E-11
 ag  47  -0.771484 -1.971484  0.193483 -0.302269 1.28270E-11
 cd  48  -0.068715 -1.778715  0.386252 -0.109500 6.74235E-11
 in  49  -1.136037 -1.896037  0.268931 -0.226822 5.89781E-12
 sn  50   0.269360 -1.800640  0.364327 -0.131425 1.55083E-10
 sb  51  -1.150462 -2.160462  0.004505 -0.491247 6.05007E-12
 te  52  -0.143801 -2.323801 -0.158833 -0.654586 6.43825E-11
  i  53  -0.581371 -2.131371  0.033596 -0.462156 2.33788E-11
 xe  54   0.208628 -2.031372  0.133595 -0.362157 1.49137E-10
 cs  55  -0.977978 -2.057978  0.106990 -0.388762 9.82383E-12
 ba  56   0.434798 -1.745202  0.419766 -0.075987 2.62586E-10
 la  57  -0.727372 -1.897372  0.267595 -0.228157 1.82838E-11
 ce  58  -0.335110 -1.915110  0.249858 -0.245895 4.55089E-11
 pr  59  -1.247992 -2.007992  0.156976 -0.338776 5.59322E-12
 nd  60  -0.582247 -2.032247  0.132721 -0.363032 2.65190E-11
 pm  61   0.000000 -9.000000  0.000000  0.000000 9.36096E-29
 sm  62  -1.240865 -2.180865 -0.015897 -0.511650 6.06716E-12
 eu  63  -1.638194 -2.148194  0.016773 -0.478979 2.45620E-12
 gd  64  -1.163245 -2.213245 -0.048278 -0.544030 7.58688E-12
 tb  65  -1.819541 -2.139541  0.025427 -0.470326 1.69188E-12
 dy  66  -0.982607 -2.112607  0.052361 -0.443392 1.18840E-11
 ho  67  -1.675210 -2.145210  0.019758 -0.475995 2.44798E-12
 er  68  -1.195170 -2.115170  0.049797 -0.445955 7.49785E-12
 tm  69  -2.004860 -2.124860  0.040108 -0.455645 1.17375E-12
 yb  70  -1.172130 -2.092130  0.072838 -0.422915 8.17964E-12
 lu  71  -1.982448 -2.072448  0.092520 -0.403232 1.28005E-12
 hf  72  -1.302669 -2.012669  0.152299 -0.343453 6.24688E-12
 ta  73  -2.168035 -2.048035  0.116933 -0.378819 8.63449E-13
  w  74  -1.356380 -2.006380  0.158588 -0.337164 5.68563E-12
 re  75  -1.857317 -2.117317  0.047651 -0.448102 1.81718E-12
 os  76  -0.787518 -2.137517  0.027450 -0.468302 2.18012E-11
 ir  77  -0.843121 -2.163121  0.001847 -0.493906 1.93816E-11
 pt  78  -0.561276 -2.181276 -0.016309 -0.512061 3.76400E-11
 au  79  -1.348816 -2.148816  0.016152 -0.479601 6.19863E-12
 hg  80  -0.884016 -2.054016  0.110951 -0.384801 1.84082E-11
 tl  81  -1.197565 -1.967565  0.197402 -0.298350 9.11166E-12
 pb  82   0.038500 -2.001500  0.163467 -0.332285 1.59077E-10
 bi  83  -1.386345 -2.036345  0.128623 -0.367130 6.03223E-12
 po  84  -2.273099 -9.000000  0.000000  0.000000 7.83005E-13
#[ls/Fe]_Bisterzo =   0.7986, [hs/Fe]_Bisterzo =   0.1281
#[hs/ls]_Bisterzo =  -0.6705, [Pb/hs]_Bisterzo =   0.0353
#[ls/Fe]_Thiswork =   0.8202, [hs/Fe]_Thiswork =   0.3124
#[hs/ls]_Thiswork =  -0.5078, [Pb/hs]_Thiswork =  -0.1489
# C/O = 1.8137E+00, c12/c13 = 3.80812E+00, n14/n15 = 4.15895E+04
# o16/o17 = 3.59793E+02, o16/o18 = 3.69589E+06
# mg24/mg25 = 5.5463E-01, mg24/mg26 = 2.1953E-01
#
#  TP   Mass     Mcore    Menv    log L
# 26 2.956240 0.871430 2.084810 4.581560
# El  Z   log e(X)   [X/H]    [X/Fe]     [X/O]      X(i)
  p   1  12.000000  0.000000  0.000000  0.000000 7.06468E-01
 he   2  11.016760  0.086760  2.251727  1.755975 2.91593E-01
 li   3   0.011386 -3.248614 -1.083647 -1.579399 4.99390E-12
 be   4   0.631550 -0.668450  0.000000  0.000000 2.70397E-11
  b   5   0.000000 -2.790000  0.000000  0.000000 8.50190E-28
  c   6   7.349025 -1.120975  1.043993  0.548240 1.88034E-04
  n   7   8.868190  0.998190  3.163157  2.667405 7.24714E-03
  o   8   7.081912 -1.648088  0.516880  0.000000 1.35406E-04
  f   9   1.921638 -2.498363 -0.333395 -0.850275 1.11167E-09
 ne  10   6.940894 -1.029106  1.135861  0.618981 1.23437E-04
 na  11   5.286388 -0.953612  1.211356  0.694476 3.11572E-06
 mg  12   6.322462 -1.317538  0.847429  0.330549 3.57922E-05
 al  13   4.734556 -1.715444  0.449523 -0.067357 1.02627E-06
 si  14   5.453519 -2.096481  0.068486 -0.448394 5.59295E-06
  p  15   3.562430 -1.847569  0.317398 -0.199482 7.92610E-08
  s  16   5.000503 -2.149497  0.015471 -0.501410 2.24992E-06
 cl  17   3.100042 -2.129958  0.035010 -0.481870 3.12843E-08
 ar  18   4.279553 -2.160447  0.004520 -0.512360 5.32942E-07
  k  19   2.944587 -2.135413  0.029554 -0.487326 2.41198E-08
 ca  20   4.125401 -2.164599  0.000368 -0.516512 3.74920E-07
 sc  21   1.048982 -2.001018  0.163949 -0.352931 3.52697E-10
 ti  22   2.757204 -2.152796  0.012172 -0.504708 1.91810E-08
  v  23   1.796248 -2.163752  0.001216 -0.515664 2.23335E-09
 cr  24   3.458694 -2.181306 -0.016339 -0.533219 1.04784E-07
 mn  25   3.314322 -2.165678 -0.000710 -0.517590 7.94013E-08
 fe  26   5.375395 -2.164605  0.000000 -0.516517 9.28990E-06
 co  27   2.975096 -1.894904  0.269701 -0.246817 3.90020E-08
 ni  28   4.147244 -2.052756  0.111849 -0.404668 5.77381E-07
 cu  29   2.716368 -1.533632  0.630972  0.114455 2.31786E-08
 zn  30   2.739146 -1.890854  0.273751 -0.242766 2.51429E-08
 ga  31   1.635779 -1.444221  0.720384  0.203867 2.11245E-09
 ge  32   2.073784 -1.506216  0.658389  0.141871 6.03381E-09
 as  33   0.637203 -1.662797  0.501808 -0.014709 2.27743E-10
 se  34   1.921066 -1.418934  0.745671  0.229154 4.61429E-09
 br  35   1.077757 -1.462243  0.702362  0.185844 6.69819E-10
 kr  36   2.087941 -1.162059  1.002546  0.486029 7.19128E-09
 rb  37   1.450656 -1.069344  1.095261  0.578743 1.69079E-09
 sr  38   1.626115 -1.253885  0.910719  0.394202 2.59627E-09
  y  39   0.908992 -1.301008  0.863596  0.347079 5.05307E-10
 zr  40   1.197009 -1.332991  0.831614  0.315097 1.00635E-09
 nb  41  -0.040279 -1.450279  0.714325  0.197808 5.93467E-11
 mo  42   0.304853 -1.635147  0.529458  0.012941 1.35670E-10
 tc  43   0.000000 -9.000000  0.000000  0.000000 0.00000E+00
 ru  44  -0.021571 -1.781571  0.383034 -0.133484 6.74036E-11
 rh  45  -0.905435 -1.965435  0.199170 -0.317347 8.96681E-12
 pd  46  -0.114884 -1.764884  0.399720 -0.116797 5.72493E-11
 ag  47  -0.748778 -1.948778  0.215826 -0.300691 1.34817E-11
 cd  48  -0.029752 -1.739752  0.424853 -0.091664 7.35680E-11
 in  49  -1.105024 -1.865024  0.299580 -0.216937 6.31855E-12
 sn  50   0.310074 -1.759926  0.404679 -0.111839 1.69900E-10
 sb  51  -1.121141 -2.131141  0.033463 -0.483054 6.45647E-12
 te  52  -0.109601 -2.289601 -0.124996 -0.641514 6.94834E-11
  i  53  -0.575439 -2.125439  0.039165 -0.477352 2.36411E-11
 xe  54   0.231155 -2.008845  0.155760 -0.360757 1.56685E-10
 cs  55  -0.962749 -2.042748  0.121856 -0.394661 1.01490E-11
 ba  56   0.474970 -1.705030  0.459574 -0.056943 2.87314E-10
 la  57  -0.697665 -1.867665  0.296939 -0.219578 1.95294E-11
 ce  58  -0.307556 -1.887556  0.277048 -0.239469 4.83685E-11
 pr  59  -1.228567 -1.988567  0.176038 -0.340480 5.83445E-12
 nd  60  -0.563843 -2.013843  0.150762 -0.365755 2.75978E-11
 pm  61   0.000000 -9.000000  0.000000  0.000000 1.00998E-28
 sm  62  -1.226788 -2.166788 -0.002183 -0.518700 6.25140E-12
 eu  63  -1.635171 -2.145171  0.019434 -0.497083 2.46718E-12
 gd  64  -1.155086 -2.205086 -0.040481 -0.556998 7.71146E-12
 tb  65  -1.815423 -2.135423  0.029182 -0.487335 1.70373E-12
 dy  66  -0.975225 -2.105226  0.059379 -0.457138 1.20576E-11
 ho  67  -1.671871 -2.141871  0.022733 -0.493784 2.46071E-12
 er  68  -1.187347 -2.107347  0.057257 -0.459260 7.61506E-12
 tm  69  -1.999104 -2.119103  0.045501 -0.471016 1.18644E-12
 yb  70  -1.156440 -2.076440  0.088165 -0.428352 8.45939E-12
 lu  71  -1.970869 -2.060869  0.103736 -0.412781 1.31135E-12
 hf  72  -1.285501 -1.995502  0.169103 -0.347414 6.48253E-12
 ta  73  -2.154198 -2.034198  0.130407 -0.386110 8.89177E-13
  w  74  -1.338903 -1.988903  0.175701 -0.340816 5.90430E-12
 re  75  -1.850753 -2.110753  0.053852 -0.462665 1.84024E-12
 os  76  -0.783356 -2.133356  0.031249 -0.485268 2.19561E-11
 ir  77  -0.842115 -2.162116  0.002489 -0.514028 1.93780E-11
 pt  78  -0.558558 -2.178557 -0.013953 -0.530470 3.77818E-11
 au  79  -1.346105 -2.146105  0.018500 -0.498017 6.22187E-12
 hg  80  -0.868891 -2.038891  0.125714 -0.390803 1.90130E-11
 tl  81  -1.178990 -1.948990  0.215614 -0.300903 9.48607E-12
 pb  82   0.047794 -1.992206  0.172399 -0.344118 1.62112E-10
 bi  83  -1.379956 -2.029956  0.134648 -0.381869 6.10633E-12
 po  84  -2.247398 -9.000000  0.000000  0.000000 8.28666E-13
#[ls/Fe]_Bisterzo =   0.8476, [hs/Fe]_Bisterzo =   0.1485
#[hs/ls]_Bisterzo =  -0.6991, [Pb/hs]_Bisterzo =   0.0239
#[ls/Fe]_Thiswork =   0.8686, [hs/Fe]_Thiswork =   0.3445
#[hs/ls]_Thiswork =  -0.5241, [Pb/hs]_Thiswork =  -0.1721
# C/O = 1.8497E+00, c12/c13 = 3.80799E+00, n14/n15 = 4.17428E+04
# o16/o17 = 3.63204E+02, o16/o18 = 3.74175E+06
# mg24/mg25 = 4.8418E-01, mg24/mg26 = 1.8743E-01
#
#  TP   Mass     Mcore    Menv    log L
# 27 2.842650 0.871585 1.971060 4.578700
# El  Z   log e(X)   [X/H]    [X/Fe]     [X/O]      X(i)
  p   1  12.000000  0.000000  0.000000  0.000000 7.04668E-01
 he   2  11.019727  0.089726  2.254331  1.737814 2.92844E-01
 li   3  -0.186362 -3.446362 -1.281758 -1.798275 3.15925E-12
 be   4   0.438993 -0.861007  0.000000  0.000000 1.73116E-11
  b   5   0.000000 -2.790000  0.000000  0.000000 2.71639E-28
  c   6   7.378611 -1.091389  1.073215  0.556698 2.00777E-04
  n   7   8.897813  1.027813  3.192418  2.675900 7.73895E-03
  o   8   7.104801 -1.625199  0.539406  0.000000 1.42370E-04
  f   9   2.014032 -2.405968 -0.241363 -0.780769 1.37172E-09
 ne  10   6.993562 -0.976438  1.188167  0.648761 1.38998E-04
 na  11   5.340545 -0.899455  1.265150  0.725744 3.52053E-06
 mg  12   6.388312 -1.251688  0.912917  0.373511 4.15463E-05
 al  13   4.784902 -1.665098  0.499507 -0.039899 1.14948E-06
 si  14   5.464533 -2.085467  0.079137 -0.460268 5.72199E-06
  p  15   3.600809 -1.809191  0.355414 -0.183992 8.63636E-08
  s  16   5.001450 -2.148550  0.016055 -0.523351 2.24908E-06
 cl  17   3.102720 -2.127280  0.037325 -0.502081 3.13977E-08
 ar  18   4.280341 -2.159659  0.004945 -0.534461 5.32550E-07
  k  19   2.947488 -2.132512  0.032093 -0.507313 2.42196E-08
 ca  20   4.125844 -2.164156  0.000449 -0.538957 3.74347E-07
 sc  21   1.063210 -1.986790  0.177814 -0.361592 3.63514E-10
 ti  22   2.758781 -2.151218  0.013386 -0.526020 1.92018E-08
  v  23   1.796955 -2.163045  0.001560 -0.537846 2.23129E-09
 cr  24   3.459254 -2.180746 -0.016141 -0.555547 1.04652E-07
 mn  25   3.314620 -2.165380 -0.000775 -0.540181 7.92533E-08
 fe  26   5.375739 -2.164261  0.000000 -0.539062 9.27359E-06
 co  27   2.985497 -1.884502  0.279758 -0.259304 3.98456E-08
 ni  28   4.156987 -2.043013  0.121248 -0.417814 5.88976E-07
 cu  29   2.749299 -1.500701  0.663560  0.124498 2.49409E-08
 zn  30   2.763486 -1.866514  0.297747 -0.241315 2.65245E-08
 ga  31   1.677218 -1.402781  0.761479  0.222417 2.31803E-09
 ge  32   2.114986 -1.465014  0.699247  0.160185 6.61739E-09
 as  33   0.673397 -1.626603  0.537658 -0.001404 2.46905E-10
 se  34   1.965188 -1.374812  0.789449  0.250387 5.09471E-09
 br  35   1.120206 -1.419794  0.744467  0.205405 7.36714E-10
 kr  36   2.138413 -1.111587  1.052674  0.513612 8.05697E-09
 rb  37   1.503306 -1.016694  1.147567  0.608505 1.90386E-09
 sr  38   1.675480 -1.204520  0.959741  0.420679 2.90140E-09
  y  39   0.959109 -1.250891  0.913370  0.374308 5.65672E-10
 zr  40   1.247212 -1.282788  0.881473  0.342411 1.12680E-09
 nb  41   0.007491 -1.402509  0.761752  0.222690 6.60784E-11
 mo  42   0.350103 -1.589897  0.574364  0.035302 1.50185E-10
 tc  43   0.000000 -9.000000  0.000000  0.000000 0.00000E+00
 ru  44   0.017648 -1.742352  0.421909 -0.117153 7.35858E-11
 rh  45  -0.883945 -1.943944  0.220316 -0.318746 9.39767E-12
 pd  46  -0.077738 -1.727738  0.436523 -0.102539 6.22028E-11
 ag  47  -0.725726 -1.925726  0.238535 -0.300527 1.41805E-11
 cd  48   0.008523 -1.701477  0.462784 -0.076278 8.01412E-11
 in  49  -1.073992 -1.833992  0.330269 -0.208793 6.76927E-12
 sn  50   0.349988 -1.720012  0.444249 -0.094813 1.85780E-10
 sb  51  -1.091640 -2.101640  0.062621 -0.476441 6.89270E-12
 te  52  -0.075498 -2.255498 -0.091237 -0.630299 7.49683E-11
  i  53  -0.569141 -2.119141  0.045120 -0.493942 2.39254E-11
 xe  54   0.254397 -1.985603  0.178658 -0.360404 1.64878E-10
 cs  55  -0.946835 -2.026834  0.137426 -0.401636 1.05010E-11
 ba  56   0.514175 -1.665825  0.498436 -0.040626 3.13658E-10
 la  57  -0.667983 -1.837983  0.326278 -0.212784 2.08575E-11
 ce  58  -0.279719 -1.859719  0.304541 -0.234521 5.14390E-11
 pr  59  -1.208554 -1.968554  0.195707 -0.343355 6.09405E-12
 nd  60  -0.545192 -1.995192  0.169069 -0.369993 2.87355E-11
 pm  61   0.000000 -9.000000  0.000000  0.000000 1.03385E-28
 sm  62  -1.212297 -2.152297  0.011963 -0.527099 6.44702E-12
 eu  63  -1.631990 -2.141990  0.022270 -0.516792 2.47899E-12
 gd  64  -1.146557 -2.196557 -0.032296 -0.571358 7.84437E-12
 tb  65  -1.811094 -2.131094  0.033167 -0.505895 1.71642E-12
 dy  66  -0.967551 -2.097551  0.066710 -0.472353 1.22413E-11
 ho  67  -1.668388 -2.138388  0.025872 -0.513190 2.47420E-12
 er  68  -1.179238 -2.099238  0.065022 -0.474040 7.73883E-12
 tm  69  -1.993155 -2.113155  0.051105 -0.487957 1.19974E-12
 yb  70  -1.140407 -2.060407  0.103854 -0.435208 8.75516E-12
 lu  71  -1.958967 -2.048967  0.115294 -0.423768 1.34435E-12
 hf  72  -1.268154 -1.978154  0.186107 -0.352955 6.72952E-12
 ta  73  -2.140142 -2.020143  0.144118 -0.394944 9.16084E-13
  w  74  -1.321351 -1.971351  0.192910 -0.346152 6.13216E-12
 re  75  -1.844048 -2.104048  0.060213 -0.478849 1.86411E-12
 os  76  -0.779030 -2.129030  0.035231 -0.503831 2.21194E-11
 ir  77  -0.841079 -2.161079  0.003182 -0.535880 1.93748E-11
 pt  78  -0.555724 -2.175724 -0.011463 -0.550525 3.79322E-11
 au  79  -1.343287 -2.143286  0.020974 -0.518088 6.24642E-12
 hg  80  -0.853492 -2.023492  0.140769 -0.398293 1.96491E-11
 tl  81  -1.159968 -1.929968  0.234293 -0.304770 9.88555E-12
 pb  82   0.057626 -1.982374  0.181887 -0.357175 1.65402E-10
 bi  83  -1.373019 -2.023019  0.141242 -0.397820 6.18885E-12
 po  84  -2.220153 -9.000000  0.000000  0.000000 8.80072E-13
#[ls/Fe]_Bisterzo =   0.8974, [hs/Fe]_Bisterzo =   0.1691
#[hs/ls]_Bisterzo =  -0.7283, [Pb/hs]_Bisterzo =   0.0128
#[ls/Fe]_Thiswork =   0.9182, [hs/Fe]_Thiswork =   0.3764
#[hs/ls]_Thiswork =  -0.5418, [Pb/hs]_Thiswork =  -0.1945
# C/O = 1.8785E+00, c12/c13 = 3.80518E+00, n14/n15 = 4.25924E+04
# o16/o17 = 3.72105E+02, o16/o18 = 4.10511E+06
# mg24/mg25 = 4.2541E-01, mg24/mg26 = 1.6113E-01
#
#  TP   Mass     Mcore    Menv    log L
# 28 2.722770 0.871721 1.851050 4.573700
# El  Z   log e(X)   [X/H]    [X/Fe]     [X/O]      X(i)
  p   1  12.000000  0.000000  0.000000  0.000000 7.02671E-01
 he   2  11.023006  0.093006  2.257267  1.718205 2.94228E-01
 li   3  -0.527334 -3.787334 -1.623073 -2.162135 1.43674E-12
 be   4   0.110688 -1.189312  0.000000  0.000000 8.10589E-12
  b   5   0.000000 -2.790000  0.000000  0.000000 5.39544E-29
  c   6   7.409997 -1.060003  1.104258  0.565196 2.15212E-04
  n   7   8.928798  1.058798  3.223059  2.683997 8.28770E-03
  o   8   7.129967 -1.600032  0.564229  0.000000 1.50436E-04
  f   9   2.114113 -2.305887 -0.141626 -0.705855 1.72231E-09
 ne  10   7.049707 -0.920293  1.243968  0.679739 1.57732E-04
 na  11   5.398016 -0.841984  1.322277  0.758049 4.00725E-06
 mg  12   6.456386 -1.183614  0.980647  0.416418 4.84588E-05
 al  13   4.837986 -1.612014  0.552247 -0.011981 1.29524E-06
 si  14   5.477870 -2.072131  0.092130 -0.472098 5.88370E-06
  p  15   3.645198 -1.764802  0.399459 -0.164770 9.53863E-08
  s  16   5.002533 -2.147467  0.016794 -0.547435 2.24831E-06
 cl  17   3.105704 -2.124296  0.039965 -0.524263 3.15245E-08
 ar  18   4.281209 -2.158791  0.005470 -0.558758 5.32103E-07
  k  19   2.950739 -2.129261  0.035000 -0.529229 2.43324E-08
 ca  20   4.126323 -2.163677  0.000584 -0.563644 3.73698E-07
 sc  21   1.078927 -1.971073  0.193188 -0.371041 3.75843E-10
 ti  22   2.760585 -2.149415  0.014846 -0.549383 1.92270E-08
  v  23   1.797742 -2.162258  0.002003 -0.562226 2.22900E-09
 cr  24   3.459859 -2.180141 -0.015880 -0.580109 1.04501E-07
 mn  25   3.314936 -2.165064 -0.000803 -0.565032 7.90860E-08
 fe  26   5.376100 -2.163900  0.000000 -0.563868 9.25498E-06
 co  27   2.996227 -1.873773  0.290128 -0.273740 4.07265E-08
 ni  28   4.167804 -2.032196  0.131704 -0.432164 6.02118E-07
 cu  29   2.784527 -1.465473  0.698427  0.134559 2.69716E-08
 zn  30   2.790379 -1.839622  0.324279 -0.239589 2.81389E-08
 ga  31   1.721279 -1.358721  0.805180  0.241312 2.55827E-09
 ge  32   2.158856 -1.421144  0.742757  0.178889 7.30000E-09
 as  33   0.712313 -1.587687  0.576213  0.012345 2.69286E-10
 se  34   2.011795 -1.328205  0.835696  0.271827 5.65578E-09
 br  35   1.165250 -1.374750  0.789150  0.225282 8.14909E-10
 kr  36   2.192416 -1.057584  1.106317  0.542449 9.09789E-09
 rb  37   1.558993 -0.961007  1.202894  0.639026 2.15818E-09
 sr  38   1.729243 -1.150757  1.013144  0.449275 3.27445E-09
  y  39   1.014520 -1.195480  0.968420  0.404552 6.40829E-10
 zr  40   1.303349 -1.226651  0.937249  0.373381 1.27864E-09
 nb  41   0.061316 -1.348684  0.815216  0.251348 7.45848E-11
 mo  42   0.401637 -1.538363  0.625537  0.061669 1.68628E-10
 tc  43   0.000000 -9.000000  0.000000  0.000000 0.00000E+00
 ru  44   0.063540 -1.696460  0.467440 -0.096428 8.15554E-11
 rh  45  -0.857699 -1.917699  0.246201 -0.317667 9.95479E-12
 pd  46  -0.034183 -1.684183  0.479718 -0.084150 6.85696E-11
 ag  47  -0.697844 -1.897844  0.266057 -0.297811 1.50779E-11
 cd  48   0.052976 -1.657024  0.506876 -0.056992 8.85269E-11
 in  49  -1.037431 -1.797431  0.366470 -0.197398 7.34296E-12
 sn  50   0.395914 -1.674086  0.489815 -0.074054 2.05917E-10
 sb  51  -1.056905 -2.066905  0.096996 -0.466872 7.44545E-12
 te  52  -0.035780 -2.215780 -0.051880 -0.615748 8.19148E-11
  i  53  -0.561327 -2.111327  0.052573 -0.511295 2.42907E-11
 xe  54   0.281768 -1.958232  0.205668 -0.358200 1.75106E-10
 cs  55  -0.927483 -2.007483  0.156418 -0.407450 1.09484E-11
 ba  56   0.557987 -1.622013  0.541888 -0.021981 3.45967E-10
 la  57  -0.634480 -1.804480  0.359420 -0.204448 2.24663E-11
 ce  58  -0.248647 -1.828647  0.335254 -0.228614 5.50975E-11
 pr  59  -1.185780 -1.945780  0.218121 -0.345747 6.40394E-12
 nd  60  -0.523862 -1.973862  0.190038 -0.373830 3.00964E-11
 pm  61   0.000000 -9.000000  0.000000  0.000000 1.46389E-28
 sm  62  -1.195845 -2.135845  0.028056 -0.535812 6.67697E-12
 eu  63  -1.628278 -2.138278  0.025623 -0.538245 2.49319E-12
 gd  64  -1.136724 -2.186724 -0.022824 -0.586692 8.00125E-12
 tb  65  -1.806072 -2.126072  0.037828 -0.526040 1.73146E-12
 dy  66  -0.958675 -2.088675  0.075225 -0.488643 1.24586E-11
 ho  67  -1.664329 -2.134329  0.029572 -0.534296 2.49036E-12
 er  68  -1.169829 -2.089829  0.074071 -0.489797 7.88590E-12
 tm  69  -1.986202 -2.106202  0.057698 -0.506170 1.21564E-12
 yb  70  -1.122317 -2.042317  0.121583 -0.442285 9.10165E-12
 lu  71  -1.945415 -2.035414  0.128486 -0.435382 1.38303E-12
 hf  72  -1.248586 -1.958586  0.205315 -0.358553 7.01971E-12
 ta  73  -2.124138 -2.004138  0.159762 -0.404106 9.47779E-13
  w  74  -1.301413 -1.951413  0.212488 -0.351380 6.40204E-12
 re  75  -1.836102 -2.096102  0.067798 -0.496070 1.89315E-12
 os  76  -0.774039 -2.124039  0.039861 -0.524007 2.23116E-11
 ir  77  -0.839891 -2.159892  0.004009 -0.559859 1.93727E-11
 pt  78  -0.552461 -2.172461 -0.008560 -0.572428 3.81100E-11
 au  79  -1.340024 -2.140024  0.023876 -0.539992 6.27568E-12
 hg  80  -0.836038 -2.006038  0.157863 -0.406005 2.03968E-11
 tl  81  -1.138483 -1.908483  0.255417 -0.308451 1.03575E-11
 pb  82   0.068866 -1.971134  0.192766 -0.371102 1.69257E-10
 bi  83  -1.365041 -2.015041  0.148860 -0.415009 6.28573E-12
 po  84  -2.189935 -9.000000  0.000000  0.000000 9.40813E-13
#[ls/Fe]_Bisterzo =   0.9528, [hs/Fe]_Bisterzo =   0.1925
#[hs/ls]_Bisterzo =  -0.7603, [Pb/hs]_Bisterzo =   0.0003
#[ls/Fe]_Thiswork =   0.9729, [hs/Fe]_Thiswork =   0.4122
#[hs/ls]_Thiswork =  -0.5608, [Pb/hs]_Thiswork =  -0.2194
# C/O = 1.9056E+00, c12/c13 = 3.80036E+00, n14/n15 = 4.33583E+04
# o16/o17 = 3.83284E+02, o16/o18 = 4.33347E+06
# mg24/mg25 = 3.7431E-01, mg24/mg26 = 1.3908E-01
#
#  TP   Mass     Mcore    Menv    log L
# 29 2.594360 0.871871 1.722490 4.567990
# El  Z   log e(X)   [X/H]    [X/Fe]     [X/O]      X(i)
  p   1  12.000000  0.000000  0.000000  0.000000 7.00560E-01
 he   2  11.026467  0.096467  2.260367  1.696499 2.95691E-01
 li   3  -0.816787 -4.076787 -1.912887 -2.476755 7.35564E-13
 be   4  -0.171153 -1.471153  0.000000  0.000000 4.22331E-12
  b   5   0.000000 -2.790000  0.000000  0.000000 4.62198E-27
  c   6   7.441592 -1.028409  1.135492  0.571624 2.30757E-04
  n   7   8.959221  1.089221  3.253121  2.689253 8.86239E-03
  o   8   7.155289 -1.574711  0.589190  0.000000 1.58989E-04
  f   9   2.262142 -2.157858  0.006042 -0.583147 2.41455E-09
 ne  10   7.106915 -0.863084  1.300816  0.711627 1.79400E-04
 na  11   5.453005 -0.786995  1.376905  0.787716 4.53449E-06
 mg  12   6.522190 -1.117810  1.046090  0.456901 5.62173E-05
 al  13   4.891141 -1.558858  0.605042  0.015852 1.45949E-06
 si  14   5.492702 -2.057298  0.106603 -0.482587 6.06984E-06
  p  15   3.685648 -1.724352  0.439548 -0.149641 1.04383E-07
  s  16   5.003676 -2.146324  0.017576 -0.571613 2.24746E-06
 cl  17   3.108967 -2.121033  0.042867 -0.546322 3.16669E-08
 ar  18   4.282135 -2.157865  0.006036 -0.583154 5.31637E-07
  k  19   2.954166 -2.125834  0.038067 -0.551123 2.44515E-08
 ca  20   4.126832 -2.163168  0.000732 -0.588458 3.73012E-07
 sc  21   1.094208 -1.955792  0.208108 -0.381081 3.88132E-10
 ti  22   2.762399 -2.147601  0.016299 -0.572890 1.92495E-08
  v  23   1.798568 -2.161432  0.002468 -0.586721 2.22653E-09
 cr  24   3.460537 -2.179463 -0.015563 -0.604752 1.04350E-07
 mn  25   3.315263 -2.164737 -0.000837 -0.590026 7.89079E-08
 fe  26   5.376506 -2.163494  0.000000 -0.588783 9.23583E-06
 co  27   3.010197 -1.859803  0.303690 -0.285092 4.19315E-08
 ni  28   4.178990 -2.021010  0.142484 -0.446299 6.15972E-07
 cu  29   2.816972 -1.433028  0.730465  0.141683 2.89765E-08
 zn  30   2.813256 -1.816744  0.346750 -0.242033 2.95718E-08
 ga  31   1.756996 -1.323004  0.840490  0.251707 2.76922E-09
 ge  32   2.194298 -1.385702  0.777792  0.189009 7.89693E-09
 as  33   0.744035 -1.555965  0.607528  0.018746 2.88821E-10
 se  34   2.049480 -1.290519  0.872974  0.284191 6.14996E-09
 br  35   1.201832 -1.338168  0.825325  0.236543 8.83863E-10
 kr  36   2.236584 -1.013416  1.150077  0.561295 1.00416E-08
 rb  37   1.604425 -0.915575  1.247919  0.659136 2.38899E-09
 sr  38   1.773682 -1.106318  1.057175  0.468392 3.61634E-09
  y  39   1.060280 -1.149720  1.013773  0.424991 7.09898E-10
 zr  40   1.350361 -1.179639  0.983855  0.395072 1.42055E-09
 nb  41   0.106454 -1.303546  0.859948  0.271165 8.25054E-11
 mo  42   0.445906 -1.494094  0.669399  0.080616 1.86162E-10
 tc  43   0.000000 -9.000000  0.000000  0.000000 0.00000E+00
 ru  44   0.103904 -1.656096  0.507397 -0.081385 8.92300E-11
 rh  45  -0.833581 -1.893581  0.269913 -0.318870 1.04917E-11
 pd  46   0.004500 -1.645500  0.517994 -0.070789 7.47323E-11
 ag  47  -0.672224 -1.872224  0.291270 -0.297513 1.59460E-11
 cd  48   0.092477 -1.617523  0.545970 -0.042812 9.66654E-11
 in  49  -1.004354 -1.764354  0.399140 -0.189643 7.90025E-12
 sn  50   0.436646 -1.633354  0.530139 -0.058644 2.25485E-10
 sb  51  -1.025445 -2.035445  0.128049 -0.460734 7.98077E-12
 te  52  -0.000317 -2.180317 -0.016823 -0.605606 8.86173E-11
  i  53  -0.553867 -2.103867  0.059626 -0.529156 2.46373E-11
 xe  54   0.306936 -1.933064  0.230430 -0.358353 1.84996E-10
 cs  55  -0.909584 -1.989584  0.173910 -0.414873 1.13748E-11
 ba  56   0.597676 -1.582324  0.581170 -0.007613 3.77935E-10
 la  57  -0.603390 -1.773390  0.390104 -0.198679 2.40611E-11
 ce  58  -0.219627 -1.799627  0.363866 -0.224917 5.87280E-11
 pr  59  -1.164167 -1.924167  0.239326 -0.349457 6.71048E-12
 nd  60  -0.503351 -1.953351  0.210142 -0.378640 3.14571E-11
 pm  61   0.000000 -9.000000  0.000000  0.000000 9.50272E-29
 sm  62  -1.179712 -2.119712  0.043781 -0.545002 6.90884E-12
 eu  63  -1.624564 -2.134564  0.028929 -0.559853 2.50704E-12
 gd  64  -1.126999 -2.176999 -0.013505 -0.602288 8.15787E-12
 tb  65  -1.801042 -2.121042  0.042452 -0.546331 1.74637E-12
 dy  66  -0.949844 -2.079844  0.083649 -0.505134 1.26763E-11
 ho  67  -1.660240 -2.130240  0.033253 -0.555529 2.50636E-12
 er  68  -1.160483 -2.080483  0.083010 -0.505773 8.03324E-12
 tm  69  -1.979232 -2.099232  0.064262 -0.524521 1.23160E-12
 yb  70  -1.104580 -2.024580  0.138914 -0.449869 9.45261E-12
 lu  71  -1.931973 -2.021973  0.141520 -0.447263 1.42222E-12
 hf  72  -1.229447 -1.939447  0.224046 -0.364737 7.31393E-12
 ta  73  -2.108358 -1.988358  0.175135 -0.413648 9.79897E-13
  w  74  -1.282004 -1.932004  0.231489 -0.357293 6.67453E-12
 re  75  -1.828262 -2.088262  0.075231 -0.513551 1.92185E-12
 os  76  -0.768985 -2.118985  0.044509 -0.544274 2.25050E-11
 ir  77  -0.838687 -2.158687  0.004807 -0.583976 1.93682E-11
 pt  78  -0.549152 -2.169152 -0.005659 -0.594441 3.82860E-11
 au  79  -1.336730 -2.136730  0.026764 -0.562019 6.30446E-12
 hg  80  -0.819109 -1.989109  0.174385 -0.414398 2.11439E-11
 tl  81  -1.118313 -1.888313  0.275181 -0.313602 1.08173E-11
 pb  82   0.079535 -1.960465  0.203028 -0.385755 1.72946E-10
 bi  83  -1.357489 -2.007489  0.156005 -0.432778 6.37677E-12
 po  84  -2.162962 -9.000000  0.000000  0.000000 9.98090E-13
#[ls/Fe]_Bisterzo =   0.9988, [hs/Fe]_Bisterzo =   0.2147
#[hs/ls]_Bisterzo =  -0.7841, [Pb/hs]_Bisterzo =  -0.0116
#[ls/Fe]_Thiswork =   1.0183, [hs/Fe]_Thiswork =   0.4450
#[hs/ls]_Thiswork =  -0.5732, [Pb/hs]_Thiswork =  -0.2420
# C/O = 1.9333E+00, c12/c13 = 3.79322E+00, n14/n15 = 4.46772E+04
# o16/o17 = 3.94032E+02, o16/o18 = 4.70195E+06
# mg24/mg25 = 3.3078E-01, mg24/mg26 = 1.2116E-01
#
#  TP   Mass     Mcore    Menv    log L
# 30 2.458770 0.872020 1.586760 4.559340
# El  Z   log e(X)   [X/H]    [X/Fe]     [X/O]      X(i)
  p   1  12.000000  0.000000  0.000000  0.000000 6.98538E-01
 he   2  11.029758  0.099758  2.263252  1.674469 2.97080E-01
 li   3  -0.762720 -4.022720 -1.859227 -2.448009 8.30676E-13
 be   4  -0.107745 -1.407745  0.000000  0.000000 4.87310E-12
  b   5   0.000000 -2.790000  0.000000  0.000000 3.01609E-29
  c   6   7.471614 -0.998386  1.165108  0.576325 2.46560E-04
  n   7   8.987038  1.117038  3.280531  2.691749 9.42134E-03
  o   8   7.179513 -1.550487  0.613007  0.000000 1.67623E-04
  f   9   2.331644 -2.088356  0.075138 -0.537869 2.82541E-09
 ne  10   7.159347 -0.810653  1.352840  0.739834 2.01835E-04
 na  11   5.505447 -0.734552  1.428941  0.815935 5.10171E-06
 mg  12   6.584456 -1.055544  1.107950  0.494943 6.46966E-05
 al  13   4.941746 -1.508254  0.655240  0.042233 1.63512E-06
 si  14   5.508628 -2.041372  0.122121 -0.490885 6.27837E-06
  p  15   3.727584 -1.682416  0.481078 -0.131929 1.14633E-07
  s  16   5.004797 -2.145204  0.018290 -0.594717 2.24676E-06
 cl  17   3.112062 -2.117938  0.045556 -0.567451 3.18013E-08
 ar  18   4.283016 -2.156984  0.006510 -0.606497 5.31179E-07
  k  19   2.957511 -2.122489  0.041005 -0.572002 2.45694E-08
 ca  20   4.127302 -2.162698  0.000795 -0.612211 3.72338E-07
 sc  21   1.109112 -1.940888  0.222605 -0.390401 4.00524E-10
 ti  22   2.764180 -2.145820  0.017674 -0.595333 1.92728E-08
  v  23   1.799338 -2.160662  0.002832 -0.610175 2.22405E-09
 cr  24   3.461146 -2.178854 -0.015360 -0.628366 1.04195E-07
 mn  25   3.315562 -2.164438 -0.000944 -0.613951 7.87344E-08
 fe  26   5.376858 -2.163142  0.000000 -0.612655 9.21662E-06
 co  27   3.021469 -1.848531  0.314611 -0.298044 4.29098E-08
 ni  28   4.189873 -2.010127  0.153015 -0.459640 6.29780E-07
 cu  29   2.848364 -1.401636  0.761506  0.148851 3.10586E-08
 zn  30   2.837365 -1.792635  0.370507 -0.242148 3.11697E-08
 ga  31   1.793744 -1.286256  0.876886  0.264231 3.00503E-09
 ge  32   2.230629 -1.349371  0.813771  0.201116 8.56119E-09
 as  33   0.776683 -1.523317  0.639825  0.027170 3.10471E-10
 se  34   2.087194 -1.252805  0.910336  0.297682 6.68854E-09
 br  35   1.238405 -1.301595  0.861547  0.248892 9.58746E-10
 kr  36   2.277130 -0.972870  1.190272  0.577617 1.09924E-08
 rb  37   1.646057 -0.873943  1.289199  0.676544 2.62174E-09
 sr  38   1.813383 -1.066617  1.096525  0.483870 3.95108E-09
  y  39   1.100043 -1.109957  1.053185  0.440530 7.75717E-10
 zr  40   1.390355 -1.139645  1.023497  0.410842 1.55308E-09
 nb  41   0.144848 -1.265152  0.897990  0.285335 8.98712E-11
 mo  42   0.483321 -1.456679  0.706463  0.093808 2.02326E-10
 tc  43   0.000000 -9.000000  0.000000  0.000000 0.00000E+00
 ru  44   0.138023 -1.621977  0.541165 -0.071490 9.62443E-11
 rh  45  -0.812555 -1.872555  0.290586 -0.322068 1.09803E-11
 pd  46   0.037209 -1.612791  0.550350 -0.062304 8.03455E-11
 ag  47  -0.649953 -1.849953  0.313189 -0.299466 1.67367E-11
 cd  48   0.125980 -1.584020  0.579122 -0.033533 1.04116E-10
 in  49  -0.975848 -1.735848  0.427294 -0.185361 8.41185E-12
 sn  50   0.471642 -1.598357  0.564784 -0.047870 2.43702E-10
 sb  51  -0.997611 -2.007611  0.155531 -0.457124 8.48444E-12
 te  52   0.031032 -2.148968  0.014173 -0.598481 9.49756E-11
  i  53  -0.546837 -2.096837  0.066305 -0.546350 2.49671E-11
 xe  54   0.330077 -1.909923  0.253219 -0.359436 1.94557E-10
 cs  55  -0.892911 -1.972911  0.190231 -0.422424 1.17858E-11
 ba  56   0.633427 -1.546573  0.616568  0.003914 4.09178E-10
 la  57  -0.574426 -1.744426  0.418716 -0.193939 2.56463E-11
 ce  58  -0.192084 -1.772084  0.391057 -0.221597 6.23926E-11
 pr  59  -1.143328 -1.903328  0.259814 -0.352841 7.02001E-12
 nd  60  -0.483616 -1.933616  0.229526 -0.383129 3.28246E-11
 pm  61   0.000000 -9.000000  0.000000  0.000000 9.17333E-29
 sm  62  -1.163977 -2.103977  0.059165 -0.553490 7.14308E-12
 eu  63  -1.620853 -2.130853  0.032288 -0.580366 2.52125E-12
 gd  64  -1.117374 -2.167374 -0.004233 -0.616887 8.31660E-12
 tb  65  -1.796021 -2.116020  0.047121 -0.565533 1.76158E-12
 dy  66  -0.941095 -2.071095  0.092046 -0.520608 1.28970E-11
 ho  67  -1.656164 -2.126164  0.036978 -0.575677 2.52269E-12
 er  68  -1.151268 -2.071268  0.091874 -0.520781 8.18185E-12
 tm  69  -1.972329 -2.092329  0.070813 -0.541842 1.24772E-12
 yb  70  -1.087377 -2.007377  0.155765 -0.456890 9.80617E-12
 lu  71  -1.918792 -2.008792  0.154350 -0.458305 1.46182E-12
 hf  72  -1.210904 -1.920904  0.242238 -0.370417 7.61096E-12
 ta  73  -2.092968 -1.972968  0.190174 -0.422481 1.01231E-12
  w  74  -1.263230 -1.913230  0.249911 -0.362743 6.94928E-12
 re  75  -1.820498 -2.080498  0.082643 -0.530011 1.95086E-12
 os  76  -0.763944 -2.113944  0.049198 -0.563457 2.27020E-11
 ir  77  -0.837492 -2.157492  0.005650 -0.607005 1.93655E-11
 pt  78  -0.545831 -2.165831 -0.002689 -0.615344 3.84686E-11
 au  79  -1.333416 -2.133416  0.029726 -0.582929 6.33442E-12
 hg  80  -0.802341 -1.972341  0.190800 -0.421854 2.19128E-11
 tl  81  -1.098112 -1.868112  0.295030 -0.317625 1.12996E-11
 pb  82   0.090455 -1.949545  0.213597 -0.399058 1.76837E-10
 bi  83  -1.349754 -1.999754  0.163387 -0.449267 6.47261E-12
 po  84  -2.136622 -9.000000  0.000000  0.000000 1.05743E-12
#[ls/Fe]_Bisterzo =   1.0383, [hs/Fe]_Bisterzo =   0.2358
#[hs/ls]_Bisterzo =  -0.8025, [Pb/hs]_Bisterzo =  -0.0222
#[ls/Fe]_Thiswork =   1.0577, [hs/Fe]_Thiswork =   0.4754
#[hs/ls]_Thiswork =  -0.5823, [Pb/hs]_Thiswork =  -0.2619
# C/O = 1.9593E+00, c12/c13 = 3.78302E+00, n14/n15 = 4.59547E+04
# o16/o17 = 4.04408E+02, o16/o18 = 5.01563E+06
# mg24/mg25 = 2.9630E-01, mg24/mg26 = 1.0716E-01
#
#  TP   Mass     Mcore    Menv    log L
# 31 2.317290 0.872129 1.445160 4.547460
# El  Z   log e(X)   [X/H]    [X/Fe]     [X/O]      X(i)
  p   1  12.000000  0.000000  0.000000  0.000000 6.96149E-01
 he   2  11.033602  0.103601  2.266743  1.654088 2.98696E-01
 li   3  -0.998319 -4.258319 -2.095177 -2.707832 4.81222E-13
 be   4  -0.331537 -1.631537  0.000000  0.000000 2.90085E-12
  b   5   0.000000 -2.790000  0.000000  0.000000 2.52880E-27
  c   6   7.511794 -0.958206  1.204936  0.592281 2.69535E-04
  n   7   9.018701  1.148701  3.311842  2.699188 1.00992E-02
  o   8   7.208539 -1.521461  0.641681  0.000000 1.78597E-04
  f   9   2.415514 -2.004486  0.158656 -0.483026 3.41557E-09
 ne  10   7.217914 -0.752086  1.411056  0.769374 2.30185E-04
 na  11   5.564023 -0.675977  1.487164  0.845483 5.81839E-06
 mg  12   6.653530 -0.986470  1.176672  0.534990 7.55905E-05
 al  13   4.998129 -1.451870  0.711271  0.069590 1.85543E-06
 si  14   5.528819 -2.021181  0.141961 -0.499721 6.55467E-06
  p  15   3.778850 -1.631150  0.531991 -0.109690 1.28555E-07
  s  16   5.006177 -2.143823  0.019319 -0.622362 2.24621E-06
 cl  17   3.115724 -2.114276  0.048865 -0.592816 3.19608E-08
 ar  18   4.284048 -2.155952  0.007190 -0.634491 5.30622E-07
  k  19   2.961485 -2.118515  0.044627 -0.597054 2.47105E-08
 ca  20   4.127843 -2.162157  0.000985 -0.640696 3.71528E-07
 sc  21   1.126740 -1.923260  0.239881 -0.401800 4.15689E-10
 ti  22   2.766370 -2.143630  0.019512 -0.622169 1.93040E-08
  v  23   1.800261 -2.159739  0.003403 -0.638278 2.22116E-09
 cr  24   3.461844 -2.178155 -0.015014 -0.656695 1.04005E-07
 mn  25   3.315897 -2.164103 -0.000961 -0.642642 7.85257E-08
 fe  26   5.377248 -2.162752  0.000000 -0.641291 9.19336E-06
 co  27   3.033780 -1.836220  0.326532 -0.314759 4.39927E-08
 ni  28   4.202579 -1.997421  0.165331 -0.475960 6.46260E-07
 cu  29   2.884089 -1.365911  0.796840  0.155549 3.36061E-08
 zn  30   2.866149 -1.763851  0.398901 -0.242391 3.31916E-08
 ga  31   1.836651 -1.243349  0.919403  0.278111 3.30574E-09
 ge  32   2.273259 -1.306741  0.856011  0.214720 9.41188E-09
 as  33   0.815445 -1.484555  0.678197  0.036906 3.38296E-10
 se  34   2.131674 -1.208326  0.954426  0.313134 7.38453E-09
 br  35   1.281718 -1.258282  0.904470  0.263179 1.05567E-09
 kr  36   2.326186 -0.923814  1.238938  0.597647 1.22648E-08
 rb  37   1.696078 -0.823922  1.338830  0.697539 2.93173E-09
 sr  38   1.862243 -1.017757  1.144994  0.503703 4.40644E-09
  y  39   1.149574 -1.060426  1.102326  0.461035 8.66458E-10
 zr  40   1.439891 -1.090109  1.072643  0.431351 1.73477E-09
 nb  41   0.192856 -1.217144  0.945608  0.304316 1.00033E-10
 mo  42   0.529799 -1.410202  0.752550  0.111259 2.24409E-10
 tc  43   0.000000 -9.000000  0.000000  0.000000 0.00000E+00
 ru  44   0.180537 -1.579463  0.583289 -0.058002 1.05779E-10
 rh  45  -0.785575 -1.845575  0.317177 -0.324114 1.16441E-11
 pd  46   0.077805 -1.572195  0.590556 -0.050735 8.79164E-11
 ag  47  -0.621672 -1.821672  0.341080 -0.300211 1.78017E-11
 cd  48   0.167129 -1.542871  0.619880 -0.021411 1.14072E-10
 in  49  -0.940530 -1.700530  0.462222 -0.179069 9.09332E-12
 sn  50   0.513953 -1.556047  0.606705 -0.034586 2.67721E-10
 sb  51  -0.963559 -1.973559  0.189193 -0.452099 9.14508E-12
 te  52   0.068967 -2.111033  0.051718 -0.589573 1.03290E-10
  i  53  -0.537839 -2.087839  0.074913 -0.566378 2.54026E-11
 xe  54   0.358226 -1.881774  0.280977 -0.360314 2.06876E-10
 cs  55  -0.872108 -1.952108  0.210644 -0.430647 1.23218E-11
 ba  56   0.675164 -1.504836  0.657916  0.016625 4.48912E-10
 la  57  -0.540133 -1.710133  0.452618 -0.188673 2.76586E-11
 ce  58  -0.159468 -1.739468  0.423284 -0.218007 6.70288E-11
 pr  59  -1.118234 -1.878234  0.284518 -0.356773 7.41214E-12
 nd  60  -0.459696 -1.909696  0.253056 -0.388235 3.45646E-11
 pm  61   0.000000 -9.000000  0.000000  0.000000 9.10458E-29
 sm  62  -1.144808 -2.084808  0.077944 -0.563347 7.43989E-12
 eu  63  -1.616232 -2.126232  0.036520 -0.604771 2.53951E-12
 gd  64  -1.105515 -2.155514  0.007237 -0.634054 8.51761E-12
 tb  65  -1.789773 -2.109773  0.052979 -0.588312 1.78099E-12
 dy  66  -0.930277 -2.060277  0.102475 -0.538816 1.31770E-11
 ho  67  -1.651077 -2.121077  0.041674 -0.599617 2.54369E-12
 er  68  -1.139888 -2.059888  0.102864 -0.538427 8.37034E-12
 tm  69  -1.963743 -2.083743  0.079009 -0.562283 1.26828E-12
 yb  70  -1.066556 -1.986556  0.176196 -0.465096 1.02525E-11
 lu  71  -1.902678 -1.992679  0.170073 -0.471218 1.51189E-12
 hf  72  -1.188516 -1.898516  0.264236 -0.377055 7.98619E-12
 ta  73  -2.074230 -1.954230  0.208521 -0.432770 1.05333E-12
  w  74  -1.240574 -1.890574  0.272178 -0.369113 7.29638E-12
 re  75  -1.810912 -2.070912  0.091840 -0.549452 1.98758E-12
 os  76  -0.757672 -2.107672  0.055079 -0.586212 2.29535E-11
 ir  77  -0.836023 -2.156024  0.006728 -0.634563 1.93647E-11
 pt  78  -0.541697 -2.161696  0.001055 -0.640236 3.87038E-11
 au  79  -1.329288 -2.129287  0.033464 -0.607827 6.37305E-12
 hg  80  -0.781985 -1.951985  0.210766 -0.430525 2.28858E-11
 tl  81  -1.073663 -1.843663  0.319089 -0.322202 1.19131E-11
 pb  82   0.104066 -1.935934  0.226818 -0.414474 1.81843E-10
 bi  83  -1.339983 -1.989983  0.172769 -0.468522 6.59726E-12
 po  84  -2.104500 -9.000000  0.000000  0.000000 1.13472E-12
#[ls/Fe]_Bisterzo =   1.0875, [hs/Fe]_Bisterzo =   0.2612
#[hs/ls]_Bisterzo =  -0.8263, [Pb/hs]_Bisterzo =  -0.0344
#[ls/Fe]_Thiswork =   1.1067, [hs/Fe]_Thiswork =   0.5113
#[hs/ls]_Thiswork =  -0.5954, [Pb/hs]_Thiswork =  -0.2845
# C/O = 2.0103E+00, c12/c13 = 3.75575E+00, n14/n15 = 4.74325E+04
# o16/o17 = 4.17006E+02, o16/o18 = 5.31054E+06
# mg24/mg25 = 2.6399E-01, mg24/mg26 = 9.4307E-02
#
#  TP   Mass     Mcore    Menv    log L
# 32 2.167180 0.872259 1.294920 4.534380
# El  Z   log e(X)   [X/H]    [X/Fe]     [X/O]      X(i)
  p   1  12.000000  0.000000  0.000000  0.000000 6.93578E-01
 he   2  11.037676  0.107676  2.270427  1.629136 3.00397E-01
 li   3  -1.196330 -4.456330 -2.293579 -2.934870 3.03897E-13
 be   4  -0.514238 -1.814238  0.000000  0.000000 1.89766E-12
  b   5   0.000000 -2.790000  0.000000  0.000000 4.97643E-28
  c   6   7.571548 -0.898453  1.264299  0.623008 3.08149E-04
  n   7   9.051274  1.181274  3.344026  2.702735 1.08456E-02
  o   8   7.241867 -1.488133  0.674619  0.000000 1.92130E-04
  f   9   2.598416 -1.821584  0.341168 -0.333451 5.18512E-09
 ne  10   7.277913 -0.692087  1.470665  0.796046 2.63311E-04
 na  11   5.623150 -0.616849  1.545902  0.871284 6.64238E-06
 mg  12   6.726824 -0.913176  1.249576  0.574957 8.91567E-05
 al  13   5.057447 -1.392552  0.770199  0.095581 2.11912E-06
 si  14   5.552999 -1.997002  0.165750 -0.508869 6.90435E-06
  p  15   3.835140 -1.574860  0.587892 -0.086727 1.45805E-07
  s  16   5.007743 -2.142257  0.020494 -0.654124 2.24599E-06
 cl  17   3.119743 -2.110257  0.052495 -0.622124 3.21389E-08
 ar  18   4.285148 -2.154852  0.007899 -0.666719 5.30002E-07
  k  19   2.965804 -2.114196  0.048556 -0.626063 2.48653E-08
 ca  20   4.128406 -2.161594  0.001157 -0.673461 3.70635E-07
 sc  21   1.146397 -1.903603  0.259148 -0.415470 4.33331E-10
 ti  22   2.768786 -2.141213  0.021538 -0.653080 1.93400E-08
  v  23   1.801262 -2.158738  0.004014 -0.670605 2.21806E-09
 cr  24   3.462576 -2.177424 -0.014672 -0.689291 1.03796E-07
 mn  25   3.316227 -2.163773 -0.001021 -0.675640 7.82951E-08
 fe  26   5.377639 -2.162361  0.000000 -0.674228 9.16764E-06
 co  27   3.047109 -1.822891  0.339470 -0.334758 4.51962E-08
 ni  28   4.216110 -1.983890  0.178472 -0.495757 6.64249E-07
 cu  29   2.920313 -1.329687  0.832674  0.158446 3.63945E-08
 zn  30   2.896346 -1.733654  0.428707 -0.245521 3.54502E-08
 ga  31   1.880391 -1.199609  0.962752  0.288524 3.64252E-09
 ge  32   2.317130 -1.262870  0.899491  0.225263 1.03739E-08
 as  33   0.856004 -1.443996  0.718365  0.044137 3.70040E-10
 se  34   2.177919 -1.162081  1.000281  0.326052 8.18392E-09
 br  35   1.326933 -1.213067  0.949294  0.275066 1.16718E-09
 kr  36   2.378729 -0.871271  1.291090  0.616862 1.37910E-08
 rb  37   1.749940 -0.770060  1.392301  0.718073 3.30657E-09
 sr  38   1.914926 -0.965075  1.197287  0.523058 4.95637E-09
  y  39   1.204325 -1.005675  1.156686  0.482458 9.79244E-10
 zr  40   1.496254 -1.033746  1.128615  0.454387 1.96788E-09
 nb  41   0.247690 -1.162310  1.000051  0.325823 1.13075E-10
 mo  42   0.583219 -1.356781  0.805580  0.131351 2.52844E-10
 tc  43   0.000000 -9.000000  0.000000  0.000000 0.00000E+00
 ru  44   0.229490 -1.530510  0.631851 -0.042377 1.17963E-10
 rh  45  -0.753127 -1.813127  0.349234 -0.324994 1.25011E-11
 pd  46   0.125624 -1.524376  0.637985 -0.036243 9.77870E-11
 ag  47  -0.587231 -1.787231  0.375130 -0.299098 1.91998E-11
 cd  48   0.216175 -1.493825  0.668536 -0.005692 1.27239E-10
 in  49  -0.897696 -1.657696  0.504666 -0.169563 9.99882E-12
 sn  50   0.564844 -1.505156  0.657205 -0.017023 2.99893E-10
 sb  51  -0.921598 -1.931598  0.230763 -0.443465 1.00355E-11
 te  52   0.115417 -2.064583  0.097779 -0.576450 1.14526E-10
  i  53  -0.526039 -2.076039  0.086322 -0.587906 2.60059E-11
 xe  54   0.394110 -1.845890  0.316471 -0.357757 2.23865E-10
 cs  55  -0.845351 -1.925351  0.237010 -0.437218 1.30564E-11
 ba  56   0.726485 -1.453515  0.708846  0.034618 5.03357E-10
 la  57  -0.497229 -1.667229  0.495133 -0.179096 3.04178E-11
 ce  58  -0.118238 -1.698238  0.464123 -0.210106 7.34318E-11
 pr  59  -1.085802 -1.845802  0.316559 -0.357669 7.95735E-12
 nd  60  -0.429343 -1.879343  0.283018 -0.391210 3.69298E-11
 pm  61   0.000000 -9.000000  0.000000  0.000000 8.14325E-29
 sm  62  -1.119993 -2.059993  0.102368 -0.571860 7.84826E-12
 eu  63  -1.610049 -2.120049  0.042312 -0.631916 2.56641E-12
 gd  64  -1.089799 -2.139799  0.022562 -0.651666 8.79887E-12
 tb  65  -1.781455 -2.101455  0.060906 -0.613322 1.80872E-12
 dy  66  -0.916060 -2.046061  0.116301 -0.557928 1.35652E-11
 ho  67  -1.644361 -2.114361  0.048001 -0.626228 2.57380E-12
 er  68  -1.124832 -2.044832  0.117529 -0.556699 8.63361E-12
 tm  69  -1.952483 -2.072483  0.089878 -0.584350 1.29679E-12
 yb  70  -1.039525 -1.959525  0.202836 -0.471392 1.08707E-11
 lu  71  -1.881689 -1.971689  0.190672 -0.483556 1.58089E-12
 hf  72  -1.159946 -1.869946  0.292415 -0.381814 8.49772E-12
 ta  73  -2.050136 -1.930136  0.232226 -0.442003 1.10931E-12
  w  74  -1.211671 -1.861671  0.300690 -0.373538 7.76969E-12
 re  75  -1.798294 -2.058294  0.104067 -0.570161 2.03862E-12
 os  76  -0.749341 -2.099341  0.063020 -0.611208 2.33116E-11
 ir  77  -0.834127 -2.154128  0.008234 -0.665995 1.93775E-11
 pt  78  -0.536214 -2.156214  0.006147 -0.668081 3.90507E-11
 au  79  -1.323840 -2.123840  0.038521 -0.635707 6.42966E-12
 hg  80  -0.755892 -1.925892  0.236469 -0.437759 2.42132E-11
 tl  81  -1.042444 -1.812444  0.349917 -0.324311 1.27537E-11
 pb  82   0.121423 -1.918577  0.243784 -0.430444 1.88559E-10
 bi  83  -1.327796 -1.977796  0.184565 -0.489663 6.75995E-12
 po  84  -2.066705 -9.000000  0.000000  0.000000 1.23332E-12
#[ls/Fe]_Bisterzo =   1.1427, [hs/Fe]_Bisterzo =   0.2935
#[hs/ls]_Bisterzo =  -0.8491, [Pb/hs]_Bisterzo =  -0.0497
#[ls/Fe]_Thiswork =   1.1609, [hs/Fe]_Thiswork =   0.5560
#[hs/ls]_Thiswork =  -0.6048, [Pb/hs]_Thiswork =  -0.3122
# C/O = 2.1364E+00, c12/c13 = 3.67786E+00, n14/n15 = 5.09602E+04
# o16/o17 = 4.47348E+02, o16/o18 = 6.02615E+06
# mg24/mg25 = 2.3488E-01, mg24/mg26 = 8.2846E-02
#
#  TP   Mass     Mcore    Menv    log L
# 33 2.007210 0.872405 1.134800 4.517690
# El  Z   log e(X)   [X/H]    [X/Fe]     [X/O]      X(i)
  p   1  12.000000  0.000000  0.000000  0.000000 6.90771E-01
 he   2  11.042081  0.112081  2.274442  1.600214 3.02232E-01
 li   3  -1.312289 -4.572289 -2.409928 -3.084157 2.31743E-13
 be   4  -0.614614 -1.914613  0.000000  0.000000 1.49997E-12
  b   5   0.000000 -2.790000  0.000000  0.000000 8.62528E-29
  c   6   7.653163 -0.816837  1.345524  0.671296 3.70353E-04
  n   7   9.084332  1.214332  3.376693  2.702465 1.16560E-02
  o   8   7.277438 -1.452562  0.709799  0.000000 2.07684E-04
  f   9   2.899689 -1.520311  0.642050 -0.067750 1.03340E-08
 ne  10   7.342087 -0.627913  1.534449  0.824649 3.04006E-04
 na  11   5.681747 -0.558253  1.604108  0.894309 7.57110E-06
 mg  12   6.800178 -0.839822  1.322539  0.612740 1.05135E-04
 al  13   5.117662 -1.332337  0.830024  0.120224 2.42443E-06
 si  14   5.580640 -1.969360  0.193001 -0.516798 7.32830E-06
  p  15   3.888984 -1.521016  0.641345 -0.068454 1.64382E-07
  s  16   5.009448 -2.140552  0.021809 -0.687990 2.24571E-06
 cl  17   3.124286 -2.105714  0.056647 -0.653152 3.23454E-08
 ar  18   4.286349 -2.153651  0.008710 -0.701089 5.29319E-07
  k  19   2.970573 -2.109426  0.052935 -0.656865 2.50381E-08
 ca  20   4.128997 -2.161003  0.001358 -0.708441 3.69638E-07
 sc  21   1.166151 -1.883849  0.278512 -0.431287 4.51660E-10
 ti  22   2.771338 -2.138662  0.023699 -0.686100 1.93753E-08
  v  23   1.802332 -2.157668  0.004693 -0.705106 2.21453E-09
 cr  24   3.463401 -2.176599 -0.014238 -0.724037 1.03572E-07
 mn  25   3.316553 -2.163447 -0.001086 -0.710885 7.80368E-08
 fe  26   5.378067 -2.161933  0.000000 -0.709372 9.13954E-06
 co  27   3.064271 -1.805729  0.356205 -0.353167 4.68278E-08
 ni  28   4.230825 -1.969175  0.192759 -0.516613 6.84360E-07
 cu  29   2.956039 -1.293961  0.867973  0.158601 3.93551E-08
 zn  30   2.924319 -1.705681  0.456253 -0.253119 3.76556E-08
 ga  31   1.919428 -1.160572  1.001361  0.291990 3.96896E-09
 ge  32   2.355982 -1.224018  0.937915  0.228544 1.12988E-08
 as  33   0.891989 -1.408011  0.753922  0.044551 4.00379E-10
 se  34   2.218594 -1.121406  1.040527  0.331156 8.95106E-09
 br  35   1.366808 -1.173192  0.988741  0.279370 1.27424E-09
 kr  36   2.424926 -0.825074  1.336859  0.627488 1.52768E-08
 rb  37   1.796823 -0.723177  1.438756  0.729384 3.66859E-09
 sr  38   1.961766 -0.918234  1.243700  0.534328 5.49849E-09
  y  39   1.252756 -0.957244  1.204690  0.495318 1.09034E-09
 zr  40   1.546683 -0.983317  1.178617  0.469245 2.20123E-09
 nb  41   0.296704 -1.113296  1.048638  0.339266 1.26073E-10
 mo  42   0.632421 -1.307579  0.854355  0.144983 2.82029E-10
 tc  43   0.000000 -9.000000  0.000000  0.000000 0.00000E+00
 ru  44   0.276051 -1.483949  0.677984 -0.031388 1.30781E-10
 rh  45  -0.721203 -1.781203  0.380731 -0.328641 1.34002E-11
 pd  46   0.170958 -1.479042  0.682891 -0.026481 1.08107E-10
 ag  47  -0.553665 -1.753665  0.408268 -0.301103 2.06586E-11
 cd  48   0.262439 -1.447561  0.714372  0.005001 1.40968E-10
 in  49  -0.856746 -1.616746  0.545188 -0.164184 1.09430E-11
 sn  50   0.612696 -1.457304  0.704629 -0.004742 3.33470E-10
 sb  51  -0.881422 -1.891422  0.270511 -0.438860 1.09637E-11
 te  52   0.159386 -2.020614  0.141319 -0.568053 1.26215E-10
  i  53  -0.514023 -2.064023  0.097911 -0.611461 2.66272E-11
 xe  54   0.428842 -1.811158  0.350775 -0.358597 2.41522E-10
 cs  55  -0.819065 -1.899065  0.262868 -0.446503 1.38150E-11
 ba  56   0.775863 -1.404137  0.757796  0.048424 5.61684E-10
 la  57  -0.454887 -1.624887  0.537046 -0.172325 3.33970E-11
 ce  58  -0.077233 -1.657233  0.504700 -0.204672 8.03763E-11
 pr  59  -1.053041 -1.813040  0.348893 -0.360479 8.54611E-12
 nd  60  -0.397759 -1.847759  0.314174 -0.395198 3.95548E-11
 pm  61   0.000000 -9.000000  0.000000  0.000000 4.78045E-29
 sm  62  -1.093821 -2.033821  0.128113 -0.581259 8.30205E-12
 eu  63  -1.603331 -2.113331  0.048603 -0.660769 2.59587E-12
 gd  64  -1.072966 -2.122966  0.038968 -0.670404 9.10959E-12
 tb  65  -1.772373 -2.092373  0.069560 -0.639811 1.83947E-12
 dy  66  -0.900620 -2.030621  0.131313 -0.578059 1.39993E-11
 ho  67  -1.636946 -2.106946  0.054988 -0.654384 2.60752E-12
 er  68  -1.108608 -2.028608  0.133325 -0.576046 8.92595E-12
 tm  69  -1.940136 -2.060136  0.101798 -0.607574 1.32879E-12
 yb  70  -1.011072 -1.931072  0.230861 -0.478510 1.15597E-11
 lu  71  -1.859140 -1.949140  0.212793 -0.496579 1.65840E-12
 hf  72  -1.129604 -1.839604  0.322329 -0.387043 9.07577E-12
 ta  73  -2.024259 -1.904259  0.257675 -0.451697 1.17265E-12
  w  74  -1.181018 -1.831018  0.330916 -0.378456 8.30416E-12
 re  75  -1.784524 -2.044524  0.117409 -0.591962 2.09578E-12
 os  76  -0.740127 -2.090127  0.071807 -0.637565 2.37151E-11
 ir  77  -0.832047 -2.152048  0.009886 -0.699486 1.93918E-11
 pt  78  -0.530127 -2.150126  0.011807 -0.697565 3.94416E-11
 au  79  -1.317780 -2.117779  0.044154 -0.665218 6.49363E-12
 hg  80  -0.728142 -1.898142  0.263792 -0.445580 2.57064E-11
 tl  81  -1.010149 -1.780149  0.381784 -0.327587 1.36826E-11
 pb  82   0.139913 -1.900087  0.261846 -0.447526 1.95964E-10
 bi  83  -1.314738 -1.964738  0.197195 -0.512176 6.93809E-12
 po  84  -2.028668 -9.000000  0.000000  0.000000 1.34076E-12
#[ls/Fe]_Bisterzo =   1.1917, [hs/Fe]_Bisterzo =   0.3264
#[hs/ls]_Bisterzo =  -0.8652, [Pb/hs]_Bisterzo =  -0.0646
#[ls/Fe]_Thiswork =   1.2090, [hs/Fe]_Thiswork =   0.5998
#[hs/ls]_Thiswork =  -0.6092, [Pb/hs]_Thiswork =  -0.3380
# C/O = 2.3753E+00, c12/c13 = 3.56927E+00, n14/n15 = 5.42710E+04
# o16/o17 = 4.82698E+02, o16/o18 = 6.35141E+06
# mg24/mg25 = 2.0898E-01, mg24/mg26 = 7.3210E-02
#
#  TP   Mass     Mcore    Menv    log L
# 34 1.833410 0.872635 0.960777 4.497940
# El  Z   log e(X)   [X/H]    [X/Fe]     [X/O]      X(i)
  p   1  12.000000  0.000000  0.000000  0.000000 6.87729E-01
 he   2  11.046861  0.116860  2.278794  1.569422 3.04231E-01
 li   3  -1.402302 -4.662302 -2.500369 -3.209740 1.87533E-13
 be   4  -0.695018 -1.995018  0.000000  0.000000 1.24097E-12
  b   5   0.000000 -2.790000  0.000000  0.000000 8.06673E-29
  c   6   7.795342 -0.674658  1.487275  0.777904 5.11538E-04
  n   7   9.114488  1.244488  3.406421  2.697050 1.24391E-02
  o   8   7.311659 -1.418341  0.743593  0.000000 2.23722E-04
  f   9   3.036526 -1.383474  0.778459  0.034866 1.40991E-08
 ne  10   7.409741 -0.560258  1.601675  0.858082 3.53687E-04
 na  11   5.743587 -0.496413  1.665521  0.921928 8.69127E-06
 mg  12   6.875469 -0.764531  1.397402  0.653810 1.24486E-04
 al  13   5.179063 -1.270937  0.890996  0.147404 2.78032E-06
 si  14   5.613107 -1.936893  0.225040 -0.518552 7.86238E-06
  p  15   3.948033 -1.461967  0.699967 -0.043626 1.87494E-07
  s  16   5.011316 -2.138684  0.023249 -0.720344 2.24545E-06
 cl  17   3.129213 -2.100787  0.061147 -0.682446 3.25704E-08
 ar  18   4.287631 -2.152369  0.009564 -0.734029 5.28546E-07
  k  19   2.975908 -2.104092  0.057842 -0.685751 2.52360E-08
 ca  20   4.129582 -2.160418  0.001515 -0.742077 3.68506E-07
 sc  21   1.188071 -1.861929  0.300005 -0.443588 4.72951E-10
 ti  22   2.774164 -2.135836  0.026098 -0.717495 1.94159E-08
  v  23   1.803450 -2.156550  0.005383 -0.738210 2.21046E-09
 cr  24   3.464211 -2.175789 -0.013856 -0.757449 1.03309E-07
 mn  25   3.316847 -2.163153 -0.001220 -0.744812 7.77458E-08
 fe  26   5.378440 -2.161560  0.000000 -0.743219 9.10713E-06
 co  27   3.080297 -1.789702  0.371857 -0.371362 4.83741E-08
 ni  28   4.247200 -1.952799  0.208760 -0.534459 7.07529E-07
 cu  29   2.995713 -1.254287  0.907273  0.164054 4.29297E-08
 zn  30   2.957355 -1.672645  0.488915 -0.254304 4.04529E-08
 ga  31   1.964179 -1.115821  1.045739  0.302520 4.38039E-09
 ge  32   2.400320 -1.179680  0.981880  0.238661 1.24581E-08
 as  33   0.933021 -1.366979  0.794580  0.051361 4.38114E-10
 se  34   2.263592 -1.076408  1.085151  0.341933 9.88454E-09
 br  35   1.410820 -1.129180  1.032380  0.289161 1.40393E-09
 kr  36   2.470984 -0.779016  1.382543  0.639324 1.69112E-08
 rb  37   1.843613 -0.676387  1.485172  0.741953 4.06792E-09
 sr  38   2.006755 -0.873245  1.288314  0.545095 6.07177E-09
  y  39   1.297643 -0.912357  1.249202  0.505983 1.20374E-09
 zr  40   1.591467 -0.938533  1.223027  0.479808 2.42959E-09
 nb  41   0.340406 -1.069594  1.091966  0.348747 1.38806E-10
 mo  42   0.674980 -1.265020  0.896540  0.153321 3.09697E-10
 tc  43   0.000000 -9.000000  0.000000  0.000000 0.00000E+00
 ru  44   0.315918 -1.444082  0.717478 -0.025741 1.42724E-10
 rh  45  -0.693018 -1.753018  0.408542 -0.334677 1.42357E-11
 pd  46   0.209823 -1.440177  0.721382 -0.021837 1.17707E-10
 ag  47  -0.524207 -1.724207  0.437352 -0.305866 2.20112E-11
 cd  48   0.301887 -1.408113  0.753446  0.010227 1.53692E-10
 in  49  -0.821475 -1.581475  0.580085 -0.163134 1.18166E-11
 sn  50   0.653321 -1.416679  0.744881  0.001662 3.64557E-10
 sb  51  -0.846735 -1.856735  0.304825 -0.438394 1.18230E-11
 te  52   0.197122 -1.982878  0.178681 -0.564538 1.37066E-10
  i  53  -0.502993 -2.052993  0.108567 -0.634652 2.71919E-11
 xe  54   0.459076 -1.780924  0.380635 -0.362583 2.57795E-10
 cs  55  -0.795553 -1.875553  0.286006 -0.457213 1.45193E-11
 ba  56   0.816996 -1.363004  0.798555  0.055336 6.14764E-10
 la  57  -0.419115 -1.589115  0.572445 -0.170774 3.61046E-11
 ce  58  -0.042550 -1.622550  0.539009 -0.204209 8.66751E-11
 pr  59  -1.024783 -1.784783  0.376776 -0.366442 9.08049E-12
 nd  60  -0.370784 -1.820784  0.340776 -0.402443 4.19043E-11
 pm  61   0.000000 -9.000000  0.000000  0.000000 1.50387E-29
 sm  62  -1.071409 -2.011409  0.150150 -0.593069 8.70323E-12
 eu  63  -1.597322 -2.107322  0.054237 -0.688982 2.62045E-12
 gd  64  -1.058168 -2.108168  0.053391 -0.689828 9.38382E-12
 tb  65  -1.764276 -2.084275  0.077284 -0.665935 1.86584E-12
 dy  66  -0.887054 -2.017055  0.144505 -0.598714 1.43799E-11
 ho  67  -1.630336 -2.100336  0.061224 -0.681995 2.63585E-12
 er  68  -1.094284 -2.014284  0.147275 -0.595943 9.18465E-12
 tm  69  -1.929238 -2.049238  0.112321 -0.630898 1.35655E-12
 yb  70  -0.986741 -1.906741  0.254818 -0.488400 1.21720E-11
 lu  71  -1.839767 -1.929767  0.231792 -0.511427 1.72642E-12
 hf  72  -1.103908 -1.813908  0.347652 -0.395567 9.58657E-12
 ta  73  -2.002143 -1.882143  0.279417 -0.463802 1.22848E-12
  w  74  -1.154987 -1.804987  0.356572 -0.386647 8.77828E-12
 re  75  -1.772346 -2.032346  0.129213 -0.614006 2.14589E-12
 os  76  -0.731929 -2.081929  0.079631 -0.663588 2.40607E-11
 ir  77  -0.830185 -2.150185  0.011374 -0.731844 1.93894E-11
 pt  78  -0.524694 -2.144694  0.016865 -0.726354 3.97622E-11
 au  79  -1.312387 -2.112386  0.049173 -0.694046 6.54583E-12
 hg  80  -0.704263 -1.874263  0.287297 -0.455922 2.70398E-11
 tl  81  -0.982157 -1.752157  0.409403 -0.333816 1.45293E-11
 pb  82   0.157258 -1.882742  0.278818 -0.464401 2.03051E-10
 bi  83  -1.301590 -1.951590  0.209970 -0.533249 7.11986E-12
 po  84  -1.991781 -9.000000  0.000000  0.000000 1.45319E-12
#[ls/Fe]_Bisterzo =   1.2361, [hs/Fe]_Bisterzo =   0.3545
#[hs/ls]_Bisterzo =  -0.8817, [Pb/hs]_Bisterzo =  -0.0756
#[ls/Fe]_Thiswork =   1.2535, [hs/Fe]_Thiswork =   0.6367
#[hs/ls]_Thiswork =  -0.6168, [Pb/hs]_Thiswork =  -0.3579
# C/O = 3.0457E+00, c12/c13 = 3.40413E+00, n14/n15 = 6.09662E+04
# o16/o17 = 5.46213E+02, o16/o18 = 5.44606E+06
# mg24/mg25 = 1.8740E-01, mg24/mg26 = 6.5267E-02
#
#  TP   Mass     Mcore    Menv    log L
# 35 1.648640 0.872854 0.775787 4.470770
# El  Z   log e(X)   [X/H]    [X/Fe]     [X/O]      X(i)
  p   1  12.000000  0.000000  0.000000  0.000000 6.84320E-01
 he   2  11.052155  0.122155  2.283715  1.540496 3.06436E-01
 li   3  -1.620534 -4.880534 -2.718975 -3.462193 1.12898E-13
 be   4  -0.909901 -2.209901  0.000000  0.000000 7.52869E-13
  b   5   0.000000 -2.790000  0.000000  0.000000 6.99165E-30
  c   6   8.095829 -0.374171  1.787388  1.044169 1.01673E-03
  n   7   9.135342  1.265342  3.426901  2.683682 1.29863E-02
  o   8   7.350533 -1.379467  0.782093  0.000000 2.43458E-04
  f   9   3.257190 -1.162810  0.998749  0.216656 2.33183E-08
 ne  10   7.482979 -0.487020  1.674539  0.892446 4.16581E-04
 na  11   5.809251 -0.430749  1.730811  0.948718 1.00598E-05
 mg  12   6.959427 -0.680573  1.480987  0.698894 1.50287E-04
 al  13   5.245566 -1.204433  0.957126  0.175033 3.22433E-06
 si  14   5.653011 -1.896989  0.264570 -0.517523 8.57629E-06
  p  15   4.016805 -1.393195  0.768364 -0.013729 2.18575E-07
  s  16   5.013511 -2.136489  0.025071 -0.757022 2.24565E-06
 cl  17   3.134826 -2.095174  0.066385 -0.715708 3.28305E-08
 ar  18   4.289031 -2.150970  0.010590 -0.771503 5.27624E-07
  k  19   2.982069 -2.097931  0.063629 -0.718464 2.54696E-08
 ca  20   4.130161 -2.159839  0.001720 -0.780373 3.67169E-07
 sc  21   1.213122 -1.836878  0.324682 -0.457411 4.98550E-10
 ti  22   2.777485 -2.132515  0.029045 -0.753048 1.94679E-08
  v  23   1.804651 -2.155349  0.006211 -0.775882 2.20560E-09
 cr  24   3.465021 -2.174979 -0.013419 -0.795512 1.02989E-07
 mn  25   3.317080 -2.162920 -0.001360 -0.783453 7.74019E-08
 fe  26   5.378746 -2.161254  0.000000 -0.781788 9.06836E-06
 co  27   3.096661 -1.773339  0.387915 -0.393873 4.99825E-08
 ni  28   4.265853 -1.934147  0.227108 -0.554680 7.34916E-07
 cu  29   3.039654 -1.210346  0.950908  0.169120 4.72651E-08
 zn  30   2.996333 -1.633667  0.527587 -0.254200 4.40321E-08
 ga  31   2.016050 -1.063950  1.097305  0.315517 4.91163E-09
 ge  32   2.451698 -1.128302  1.032953  0.251165 1.39532E-08
 as  33   0.980940 -1.319060  0.842194  0.060406 4.86797E-10
 se  34   2.315529 -1.024471  1.136783  0.354995 1.10850E-08
 br  35   1.461713 -1.078287  1.082967  0.301179 1.57065E-09
 kr  36   2.523009 -0.726991  1.434264  0.652476 1.89689E-08
 rb  37   1.896206 -0.623794  1.537460  0.755672 4.56886E-09
 sr  38   2.057520 -0.822480  1.338774  0.556986 6.79081E-09
  y  39   1.348017 -0.861983  1.299271  0.517483 1.34507E-09
 zr  40   1.640985 -0.889015  1.272239  0.490451 2.70952E-09
 nb  41   0.388977 -1.021023  1.140231  0.358444 1.54461E-10
 mo  42   0.721912 -1.218088  0.943167  0.161379 3.43329E-10
 tc  43   0.000000 -9.000000  0.000000  0.000000 0.00000E+00
 ru  44   0.359541 -1.400459  0.760795 -0.020993 1.57022E-10
 rh  45  -0.661631 -1.721631  0.439624 -0.342164 1.52268E-11
 pd  46   0.251795 -1.398205  0.763049 -0.018739 1.29008E-10
 ag  47  -0.491824 -1.691824  0.469430 -0.312358 2.35976E-11
 cd  48   0.344102 -1.365898  0.795356  0.013568 1.68543E-10
 in  49  -0.783483 -1.543483  0.617772 -0.164016 1.28329E-11
 sn  50   0.696345 -1.373655  0.787600  0.005812 4.00527E-10
 sb  51  -0.809625 -1.819625  0.341630 -0.440158 1.28138E-11
 te  52   0.237189 -1.942811  0.218444 -0.563344 1.49568E-10
  i  53  -0.490602 -2.040601  0.120653 -0.661135 2.78402E-11
 xe  54   0.491705 -1.748295  0.412959 -0.368829 2.76532E-10
 cs  55  -0.769878 -1.849878  0.311376 -0.470412 1.53272E-11
 ba  56   0.859383 -1.320617  0.840637  0.058849 6.74431E-10
 la  57  -0.382217 -1.552217  0.609037 -0.172751 3.91113E-11
 ce  58  -0.006773 -1.586773  0.574481 -0.207307 9.36511E-11
 pr  59  -0.995296 -1.755296  0.405958 -0.375830 9.67026E-12
 nd  60  -0.342574 -1.792574  0.368680 -0.413108 4.44949E-11
 pm  61   0.000000 -9.000000  0.000000  0.000000 4.79617E-31
 sm  62  -1.047706 -1.987706  0.173549 -0.608239 9.14587E-12
 eu  63  -1.590817 -2.100817  0.060437 -0.721351 2.64681E-12
 gd  64  -1.042397 -2.092396  0.068858 -0.712930 9.68262E-12
 tb  65  -1.755541 -2.075541  0.085714 -0.696074 1.89430E-12
 dy  66  -0.872552 -2.002552  0.158702 -0.623085 1.47945E-11
 ho  67  -1.623199 -2.093199  0.068055 -0.713733 2.66624E-12
 er  68  -1.079154 -1.999154  0.162100 -0.619688 9.46312E-12
 tm  69  -1.917562 -2.037562  0.123692 -0.658096 1.38661E-12
 yb  70  -0.961483 -1.881483  0.279771 -0.502017 1.28370E-11
 lu  71  -1.819319 -1.909319  0.251936 -0.529852 1.80068E-12
 hf  72  -1.077263 -1.787263  0.373991 -0.407796 1.01426E-11
 ta  73  -1.979058 -1.859058  0.302196 -0.479592 1.28912E-12
  w  74  -1.128202 -1.778202  0.383052 -0.398736 9.29045E-12
 re  75  -1.759552 -2.019552  0.141702 -0.640085 2.19909E-12
 os  76  -0.723231 -2.073231  0.088023 -0.693765 2.44257E-11
 ir  77  -0.828251 -2.148251  0.013003 -0.768785 1.93794E-11
 pt  78  -0.518911 -2.138911  0.022343 -0.759445 4.00955E-11
 au  79  -1.306621 -2.106621  0.054634 -0.727154 6.60042E-12
 hg  80  -0.679623 -1.849623  0.311632 -0.470156 2.84764E-11
 tl  81  -0.953427 -1.723427  0.437827 -0.343961 1.54460E-11
 pb  82   0.175720 -1.864280  0.296975 -0.484813 2.10818E-10
 bi  83  -1.287253 -1.937253  0.224001 -0.557787 7.32234E-12
 po  84  -1.953054 -9.000000  0.000000  0.000000 1.58085E-12
#[ls/Fe]_Bisterzo =   1.2858, [hs/Fe]_Bisterzo =   0.3838
#[hs/ls]_Bisterzo =  -0.9020, [Pb/hs]_Bisterzo =  -0.0868
#[ls/Fe]_Thiswork =   1.3034, [hs/Fe]_Thiswork =   0.6747
#[hs/ls]_Thiswork =  -0.6287, [Pb/hs]_Thiswork =  -0.3777
# C/O = 5.5628E+00, c12/c13 = 3.53574E+00, n14/n15 = 6.54697E+04
# o16/o17 = 6.33948E+02, o16/o18 = 2.36642E+06
# mg24/mg25 = 1.6766E-01, mg24/mg26 = 5.8163E-02
#
#  TP   Mass     Mcore    Menv    log L
# 36 1.457700 0.872963 0.584732 4.433770
# El  Z   log e(X)   [X/H]    [X/Fe]     [X/O]      X(i)
  p   1  12.000000  0.000000  0.000000  0.000000 6.80629E-01
 he   2  11.057984  0.127984  2.289238  1.507451 3.08901E-01
 li   3  -3.556052 -6.816052 -4.654798 -5.436586 1.30263E-15
 be   4  -2.897019 -4.197020  0.000000  0.000000 7.71351E-15
  b   5   0.000000 -2.790000  0.000000  0.000000 9.60852E-32
  c   6   8.406991 -0.063009  2.098245  1.316457 2.07024E-03
  n   7   9.137689  1.267689  3.428943  2.647155 1.29862E-02
  o   8   7.388942 -1.341058  0.820197  0.000000 2.64536E-04
  f   9   3.512005 -0.907995  1.253259  0.433063 4.17025E-08
 ne  10   7.561540 -0.408460  1.752794  0.932598 4.96491E-04
 na  11   5.870897 -0.369103  1.792151  0.971955 1.15315E-05
 mg  12   7.037985 -0.602015  1.559240  0.739043 1.79115E-04
 al  13   5.313280 -1.136720  1.024534  0.204338 3.74804E-06
 si  14   5.695680 -1.854320  0.306934 -0.513262 9.41066E-06
  p  15   4.075966 -1.334034  0.827220  0.007024 2.49123E-07
  s  16   5.015800 -2.134201  0.027054 -0.793143 2.24533E-06
 cl  17   3.141204 -2.088796  0.072458 -0.747738 3.31365E-08
 ar  18   4.290548 -2.149452  0.011803 -0.808394 5.26615E-07
  k  19   2.988845 -2.091155  0.070099 -0.750097 2.57306E-08
 ca  20   4.130739 -2.159261  0.001994 -0.818203 3.65675E-07
 sc  21   1.237540 -1.812460  0.348795 -0.471402 5.24540E-10
 ti  22   2.780890 -2.129110  0.032144 -0.788053 1.95153E-08
  v  23   1.805931 -2.154069  0.007185 -0.813011 2.20018E-09
 cr  24   3.465960 -2.174040 -0.012786 -0.832983 1.02655E-07
 mn  25   3.317260 -2.162740 -0.001486 -0.821682 7.70164E-08
 fe  26   5.379081 -2.160919  0.000000 -0.819861 9.02642E-06
 co  27   3.119640 -1.750360  0.410560 -0.409302 5.24142E-08
 ni  28   4.285924 -1.914076  0.246843 -0.573018 7.65527E-07
 cu  29   3.081798 -1.168202  0.992717  0.172855 5.18008E-08
 zn  30   3.029778 -1.600222  0.560698 -0.259164 4.73005E-08
 ga  31   2.058496 -1.021504  1.139415  0.319553 5.38668E-09
 ge  32   2.493350 -1.086650  1.074269  0.254408 1.52748E-08
 as  33   1.019696 -1.280304  0.880615  0.060754 5.29365E-10
 se  34   2.357182 -0.982818  1.178101  0.358239 1.21350E-08
 br  35   1.502607 -1.037393  1.123527  0.303665 1.71643E-09
 kr  36   2.565991 -0.684009  1.476911  0.657049 2.08293E-08
 rb  37   1.939366 -0.580634  1.580286  0.760424 5.01904E-09
 sr  38   2.100343 -0.779657  1.381262  0.561400 7.45411E-09
  y  39   1.390721 -0.819279  1.341640  0.521779 1.47605E-09
 zr  40   1.683386 -0.846614  1.314305  0.494444 2.97129E-09
 nb  41   0.430617 -0.979383  1.181537  0.361675 1.69087E-10
 mo  42   0.763022 -1.176978  0.983942  0.164080 3.75381E-10
 tc  43   0.000000 -9.000000  0.000000  0.000000 0.00000E+00
 ru  44   0.398930 -1.361070  0.799849 -0.020013 1.71002E-10
 rh  45  -0.632483 -1.692482  0.468437 -0.351425 1.61960E-11
 pd  46   0.289861 -1.360139  0.800780 -0.019081 1.40067E-10
 ag  47  -0.461905 -1.661905  0.499015 -0.320847 2.51442E-11
 cd  48   0.382062 -1.327938  0.832981  0.013120 1.82945E-10
 in  49  -0.749149 -1.509149  0.651770 -0.168092 1.38137E-11
 sn  50   0.734424 -1.335576  0.825343  0.005481 4.34872E-10
 sb  51  -0.776635 -1.786635  0.374284 -0.445577 1.37505E-11
 te  52   0.272359 -1.907641  0.253278 -0.566583 1.61309E-10
  i  53  -0.479177 -2.029176  0.131743 -0.688119 2.84281E-11
 xe  54   0.520087 -1.719913  0.441006 -0.378855 2.93615E-10
 cs  55  -0.747072 -1.827072  0.333847 -0.486014 1.60664E-11
 ba  56   0.896024 -1.283976  0.876943  0.057081 7.29843E-10
 la  57  -0.349988 -1.519988  0.640931 -0.178930 4.18971E-11
 ce  58   0.024179 -1.555822  0.605098 -0.214764 1.00027E-10
 pr  59  -0.969495 -1.729495  0.431424 -0.388437 1.02068E-11
 nd  60  -0.317351 -1.767351  0.393568 -0.426294 4.69013E-11
 pm  61   0.000000 -9.000000  0.000000  0.000000 1.76634E-36
 sm  62  -1.026482 -1.966482  0.194438 -0.625424 9.55215E-12
 eu  63  -1.584833 -2.094833  0.066086 -0.753775 2.66905E-12
 gd  64  -1.028090 -2.078089  0.082830 -0.737032 9.95293E-12
 tb  65  -1.747531 -2.067531  0.093388 -0.726473 1.91916E-12
 dy  66  -0.859311 -1.989311  0.171608 -0.648253 1.51702E-11
 ho  67  -1.616607 -2.086607  0.074312 -0.745549 2.69242E-12
 er  68  -1.065328 -1.985328  0.175591 -0.644270 9.71655E-12
 tm  69  -1.906766 -2.026766  0.134153 -0.685708 1.41384E-12
 yb  70  -0.938878 -1.858878  0.302041 -0.517820 1.34499E-11
 lu  71  -1.800792 -1.890792  0.270127 -0.549734 1.86902E-12
 hf  72  -1.053301 -1.763301  0.397618 -0.422243 1.06602E-11
 ta  73  -1.958118 -1.838118  0.322801 -0.497061 1.34550E-12
  w  74  -1.103989 -1.753989  0.406931 -0.412931 9.77015E-12
 re  75  -1.747597 -2.007597  0.153322 -0.666539 2.24827E-12
 os  76  -0.715177 -2.065176  0.095743 -0.724119 2.47487E-11
 ir  77  -0.826495 -2.146495  0.014424 -0.805438 1.93529E-11
 pt  78  -0.513558 -2.133558  0.027361 -0.792500 4.03739E-11
 au  79  -1.301275 -2.101275  0.059644 -0.760217 6.64612E-12
 hg  80  -0.657565 -1.827565  0.333354 -0.486507 2.97985E-11
 tl  81  -0.928475 -1.698475  0.462444 -0.357418 1.62712E-11
 pb  82   0.192082 -1.847918  0.313002 -0.506860 2.17732E-10
 bi  83  -1.274446 -1.924446  0.236473 -0.583389 7.50082E-12
 po  84  -1.920391 -9.000000  0.000000  0.000000 1.69514E-12
#[ls/Fe]_Bisterzo =   1.3280, [hs/Fe]_Bisterzo =   0.4096
#[hs/ls]_Bisterzo =  -0.9183, [Pb/hs]_Bisterzo =  -0.0966
#[ls/Fe]_Thiswork =   1.3457, [hs/Fe]_Thiswork =   0.7077
#[hs/ls]_Thiswork =  -0.6381, [Pb/hs]_Thiswork =  -0.3947
# C/O = 1.0424E+01, c12/c13 = 6.54487E+00, n14/n15 = 6.08468E+04
# o16/o17 = 6.83566E+02, o16/o18 = 1.64069E+06
# mg24/mg25 = 1.5126E-01, mg24/mg26 = 5.2585E-02
#
#  TP   Mass     Mcore    Menv    log L
# 37 1.269310 0.872495 0.396814 4.391690
# El  Z   log e(X)   [X/H]    [X/Fe]     [X/O]      X(i)
  p   1  12.000000  0.000000  0.000000  0.000000 6.75153E-01
 he   2  11.061992  0.131991  2.292911  1.473049 3.09257E-01
 li   3  -6.387791 -9.647791 -7.486872 -8.306733 1.90358E-18
 be   4   0.000000 -1.300000  0.000000  0.000000 3.47264E-20
  b   5   0.000000 -2.790000  0.000000  0.000000 2.43467E-36
  c   6   8.917717  0.447717  2.608636  1.788774 6.65636E-03
  n   7   9.137569  1.267570  3.428489  2.608627 1.28782E-02
  o   8   7.824565 -0.905434  1.255485  0.000000 7.15483E-04
  f   9   4.407221 -0.012779  2.148140  0.892655 3.24990E-07
 ne  10   7.651536 -0.318464  1.842455  0.586970 6.05896E-04
 na  11   5.907063 -0.332937  1.827982  0.572497 1.24321E-05
 mg  12   7.108615 -0.531385  1.629534  0.374049 2.09051E-04
 al  13   5.414631 -1.035369  1.125550 -0.129935 4.69512E-06
 si  14   5.736617 -1.813383  0.347536 -0.907949 1.02577E-05
  p  15   4.163459 -1.246541  0.914379 -0.341106 3.02272E-07
  s  16   5.021177 -2.128823  0.032096 -1.223389 2.25502E-06
 cl  17   3.150640 -2.079360  0.081560 -1.173925 3.35919E-08
 ar  18   4.292943 -2.147058  0.013862 -1.241623 5.25266E-07
  k  19   2.996020 -2.083980  0.076940 -1.178545 2.59487E-08
 ca  20   4.132463 -2.157537  0.003382 -1.252103 3.64175E-07
 sc  21   1.272614 -1.777386  0.383533 -0.871952 5.64082E-10
 ti  22   2.788311 -2.121689  0.039230 -1.216255 1.96919E-08
  v  23   1.809077 -2.150923  0.009996 -1.245489 2.19834E-09
 cr  24   3.468358 -2.171642 -0.010723 -1.266208 1.02393E-07
 mn  25   3.318883 -2.161117 -0.000198 -1.255683 7.66828E-08
 fe  26   5.380906 -2.159094  0.000000 -1.253660 8.99149E-06
 co  27   3.146313 -1.723687  0.435407 -0.818253 5.52857E-08
 ni  28   4.296126 -1.903873  0.255220 -0.998439 7.77417E-07
 cu  29   3.109445 -1.140555  1.018538 -0.235121 5.47614E-08
 zn  30   3.077976 -1.552024  0.607070 -0.646590 5.24270E-08
 ga  31   2.120975 -0.959025  1.200068 -0.053591 6.17009E-09
 ge  32   2.564146 -1.015854  1.143240 -0.110420 1.78346E-08
 as  33   1.092105 -1.207895  0.951199 -0.302461 6.20377E-10
 se  34   2.441195 -0.898804  1.260289  0.006630 1.46064E-08
 br  35   1.587031 -0.952969  1.206125 -0.047534 2.06796E-09
 kr  36   2.683493 -0.566507  1.592587  0.338927 2.70812E-08
 rb  37   2.054524 -0.465476  1.693618  0.439959 6.49037E-09
 sr  38   2.259188 -0.620812  1.538281  0.284622 1.06594E-08
  y  39   1.590178 -0.619823  1.539271  0.285612 2.31766E-09
 zr  40   1.900106 -0.629894  1.529200  0.275541 4.85464E-09
 nb  41   0.678196 -0.731804  1.427290  0.173630 2.96607E-10
 mo  42   0.955553 -0.984447  1.174647 -0.079013 5.80089E-10
 tc  43   0.000000 -9.000000  0.000000  0.000000 0.00000E+00
 ru  44   0.546152 -1.213848  0.945246 -0.308414 2.38076E-10
 rh  45  -0.512985 -1.572985  0.586109 -0.667551 2.11542E-11
 pd  46   0.462749 -1.187251  0.971842 -0.281817 2.06877E-10
 ag  47  -0.309293 -1.509293  0.649801 -0.603859 3.54439E-11
 cd  48   0.632276 -1.077724  1.081369 -0.172290 3.22868E-10
 in  49  -0.482276 -1.242276  0.916818 -0.336842 2.53324E-11
 sn  50   1.079616 -0.990384  1.168710 -0.084950 9.55090E-10
 sb  51  -0.451168 -1.461168  0.697926 -0.555734 2.88588E-11
 te  52   0.612998 -1.567002  0.592092 -0.661568 3.50582E-10
  i  53  -0.334173 -1.884173  0.274921 -0.978739 3.93771E-11
 xe  54   0.802110 -1.437890  0.721204 -0.532456 5.57562E-10
 cs  55  -0.475098 -1.555098  0.603996 -0.649664 2.98116E-11
 ba  56   1.184243 -0.995757  1.163337 -0.090323 1.40585E-09
 la  57   0.003245 -1.166755  0.992339 -0.261320 9.37363E-11
 ce  58   0.368549 -1.211451  0.947643 -0.306017 2.19270E-10
 pr  59  -0.641057 -1.401057  0.758037 -0.495623 2.15685E-11
 nd  60  -0.062245 -1.512245  0.646848 -0.606811 8.37110E-11
 pm  61   0.000000 -9.000000  0.000000  0.000000 0.00000E+00
 sm  62  -0.822881 -1.762881  0.396213 -0.857447 1.51423E-11
 eu  63  -1.501908 -2.011908  0.147186 -1.106474 3.20460E-12
 gd  64  -0.863652 -1.913652  0.245442 -1.008218 1.44172E-11
 tb  65  -1.649799 -1.969799  0.189295 -1.064365 2.38416E-12
 dy  66  -0.711806 -1.841806  0.317288 -0.936372 2.11343E-11
 ho  67  -1.536407 -2.006407  0.152686 -1.100973 3.21243E-12
 er  68  -0.886303 -1.806303  0.352791 -0.900869 1.45555E-11
 tm  69  -1.766488 -1.886488  0.272606 -0.981054 1.93718E-12
 yb  70  -0.720306 -1.640306  0.518787 -0.734872 2.20690E-11
 lu  71  -1.622011 -1.712011  0.447083 -0.806577 2.79825E-12
 hf  72  -0.835392 -1.545392  0.613702 -0.639958 1.74648E-11
 ta  73  -1.763904 -1.643904  0.515190 -0.738469 2.08733E-12
  w  74  -0.875983 -1.525983  0.633111 -0.620549 1.63832E-11
 re  75  -1.578884 -1.838884  0.320210 -0.933450 3.28892E-12
 os  76  -0.635526 -1.985526  0.173568 -1.080092 2.94914E-11
 ir  77  -0.805433 -2.125433  0.033660 -1.219999 2.01511E-11
 pt  78  -0.462372 -2.082372  0.076722 -1.176938 4.50586E-11
 au  79  -1.247163 -2.047163  0.111931 -1.141729 7.46745E-12
 hg  80  -0.466920 -1.636920  0.522174 -0.731486 4.58491E-11
 tl  81  -0.712581 -1.482581  0.676513 -0.577147 2.65342E-11
 pb  82   0.311007 -1.728992  0.430101 -0.823558 2.84013E-10
 bi  83  -1.203760 -1.853760  0.305334 -0.948326 8.75560E-12
 po  84  -1.752590 -9.000000  0.000000  0.000000 2.47456E-12
#[ls/Fe]_Bisterzo =   1.5342, [hs/Fe]_Bisterzo =   0.6785
#[hs/ls]_Bisterzo =  -0.8558, [Pb/hs]_Bisterzo =  -0.2484
#[ls/Fe]_Thiswork =   1.5356, [hs/Fe]_Thiswork =   1.0344
#[hs/ls]_Thiswork =  -0.5011, [Pb/hs]_Thiswork =  -0.6043
# C/O = 1.2392E+01, c12/c13 = 2.35312E+01, n14/n15 = 6.08243E+04
# o16/o17 = 1.67645E+03, o16/o18 = 1.95530E+06
# mg24/mg25 = 1.3861E-01, mg24/mg26 = 4.7013E-02
#
# Final abundances
# El  Z   log e(X)   [X/H]    [X/Fe]     [X/O]      X(i)
  p   1  12.000000  0.000000  0.000000  0.000000 6.70418E-01
 he   2  11.069302  0.139301  2.297869  1.007240 3.12300E-01
 li   3  -1.083501 -4.343501 -2.184934 -3.475562 3.80897E-13
 be   4  -4.281544 -5.581544 -3.422976 -4.713605 3.13446E-16
  b   5   0.000000 -2.790000  0.000000  0.000000 2.78363E-30
  c   6   9.004685  0.534685  2.693253  1.402624 8.07514E-03
  n   7   9.138893  1.268893  3.427461  2.136832 1.28270E-02
  o   8   7.862061 -0.867939  1.290628  0.000000 7.74531E-04
  f   9   4.467454  0.047454  2.206022  0.915393 3.70721E-07
 ne  10   7.758368 -0.211632  1.946935  0.656307 7.69439E-04
 na  11   5.995520 -0.244480  1.914087  0.623459 1.51337E-05
 mg  12   7.184535 -0.455465  1.703102  0.412474 2.47238E-04
 al  13   5.477415 -0.972585  1.185982 -0.104646 5.38734E-06
 si  14   5.780054 -1.769947  0.388621 -0.902008 1.12572E-05
  p  15   4.211953 -1.198047  0.960520 -0.330108 3.35610E-07
  s  16   5.024237 -2.125763  0.032804 -1.257824 2.25504E-06
 cl  17   3.158944 -2.071056  0.087512 -1.203117 3.40003E-08
 ar  18   4.294930 -2.145070  0.013498 -1.277131 5.23975E-07
  k  19   3.004515 -2.075485  0.083082 -1.207546 2.62757E-08
 ca  20   4.133226 -2.156774  0.001794 -1.288835 3.62258E-07
 sc  21   1.298262 -1.751738  0.406829 -0.883799 5.94202E-10
 ti  22   2.792759 -2.117241  0.041327 -1.249302 1.97551E-08
  v  23   1.810939 -2.149061  0.009506 -1.281122 2.19230E-09
 cr  24   3.469753 -2.170247 -0.011679 -1.302308 1.02002E-07
 mn  25   3.319080 -2.160920 -0.002352 -1.292981 7.61795E-08
 fe  26   5.381433 -2.158567  0.000000 -1.290628 8.93927E-06
 co  27   3.178609 -1.691391  0.467176 -0.823452 5.91360E-08
 ni  28   4.319942 -1.880057  0.278510 -1.012118 8.15481E-07
 cu  29   3.153879 -1.096121  1.062447 -0.228182 6.02355E-08
 zn  30   3.106418 -1.523582  0.634985 -0.655643 5.55828E-08
 ga  31   2.154685 -0.925315  1.233253 -0.057376 6.62135E-09
 ge  32   2.596482 -0.983518  1.175050 -0.115579 1.90785E-08
 as  33   1.122124 -1.177876  0.980691 -0.309937 6.60114E-10
 se  34   2.473143 -0.866857  1.291710  0.001082 1.56112E-08
 br  35   1.618516 -0.921484  1.237083 -0.053545 2.20785E-09
 kr  36   2.725820 -0.524180  1.634387  0.343759 2.96441E-08
 rb  37   2.094899 -0.425101  1.733467  0.442838 7.07276E-09
 sr  38   2.302219 -0.577781  1.580787  0.290158 1.16871E-08
  y  39   1.636090 -0.573910  1.584658  0.294029 2.55804E-09
 zr  40   1.957672 -0.572328  1.586240  0.295611 5.50385E-09
 nb  41   0.727986 -0.682014  1.476554  0.185925 3.30305E-10
 mo  42   1.026065 -0.913935  1.244632 -0.045996 6.77564E-10
 tc  43   0.000000 -9.000000  0.000000  0.000000 0.00000E+00
 ru  44   0.633654 -1.126346  1.032221 -0.258407 2.89175E-10
 rh  45  -0.439569 -1.499568  0.658999 -0.631629 2.48747E-11
 pd  46   0.547982 -1.102018  1.056550 -0.234079 2.49972E-10
 ag  47  -0.236485 -1.436485  0.722083 -0.568546 4.16193E-11
 cd  48   0.705727 -1.004273  1.154294 -0.136334 3.79683E-10
 in  49  -0.417480 -1.177480  0.981088 -0.309541 2.92023E-11
 sn  50   1.140911 -0.929089  1.229479 -0.061150 1.09215E-09
 sb  51  -0.393385 -1.403385  0.755183 -0.535446 3.27345E-11
 te  52   0.673326 -1.506674  0.651894 -0.638735 4.00003E-10
  i  53  -0.301155 -1.851155  0.307412 -0.983216 4.21897E-11
 xe  54   0.860174 -1.379826  0.778742 -0.511887 6.32850E-10
 cs  55  -0.426338 -1.506338  0.652229 -0.638399 3.31199E-11
 ba  56   1.275936 -0.904064  1.254503 -0.036125 1.72416E-09
 la  57   0.081212 -1.088788  1.069780 -0.220849 1.11383E-10
 ce  58   0.449927 -1.130073  1.028495 -0.262134 2.62603E-10
 pr  59  -0.570098 -1.330098  0.828470 -0.462159 2.52187E-11
 nd  60   0.027573 -1.422427  0.736140 -0.554488 1.02222E-10
 pm  61   0.000000 -9.000000  0.000000  0.000000 5.17607E-30
 sm  62  -0.735833 -1.675833  0.482734 -0.807894 1.83732E-11
 eu  63  -1.467351 -1.977351  0.181216 -1.109412 3.44568E-12
 gd  64  -0.797591 -1.847591  0.310976 -0.979652 1.66681E-11
 tb  65  -1.605145 -1.925144  0.233423 -1.057205 2.62382E-12
 dy  66  -0.647163 -1.777163  0.381404 -0.909224 2.43543E-11
 ho  67  -1.497268 -1.967268  0.191300 -1.099329 3.49074E-12
 er  68  -0.823710 -1.743711  0.414857 -0.875772 1.66942E-11
 tm  69  -1.711430 -1.831430  0.327138 -0.963491 2.18360E-12
 yb  70  -0.629126 -1.549126  0.609442 -0.681187 2.70337E-11
 lu  71  -1.538170 -1.628170  0.530398 -0.760231 3.37032E-12
 hf  72  -0.737306 -1.447306  0.711262 -0.579367 2.17367E-11
 ta  73  -1.672061 -1.552061  0.606506 -0.684122 2.56082E-12
  w  74  -0.777748 -1.427748  0.730819 -0.559809 2.03975E-11
 re  75  -1.519941 -1.779941  0.378626 -0.912002 3.74059E-12
 os  76  -0.585738 -1.935738  0.222829 -1.067799 3.28417E-11
 ir  77  -0.792336 -2.112337  0.046231 -1.244398 2.06225E-11
 pt  78  -0.426143 -2.046143  0.112425 -1.178204 4.86353E-11
 au  79  -1.211150 -2.011150  0.147417 -1.143211 8.05618E-12
 hg  80  -0.367036 -1.537036  0.621532 -0.669097 5.73007E-11
 tl  81  -0.607511 -1.377511  0.781057 -0.509572 3.35598E-11
 pb  82   0.383255 -1.656745  0.501822 -0.788806 3.33066E-10
 bi  83  -1.158849 -1.808849  0.349719 -0.940910 9.64144E-12
 po  84  -1.675229 -9.000000  0.000000  0.000000 2.93632E-12
#[ls/Fe]_Bisterzo =   1.5854, [hs/Fe]_Bisterzo =   0.7629
#[hs/ls]_Bisterzo =  -0.8226, [Pb/hs]_Bisterzo =  -0.2611
#[ls/Fe]_Thiswork =   1.5839, [hs/Fe]_Thiswork =   1.1176
#[hs/ls]_Thiswork =  -0.4663, [Pb/hs]_Thiswork =  -0.6158
# C/O = 1.3887E+01, c12/c13 = 2.11977E+01, n14/n15 = 5.96346E+04
# o16/o17 = 1.72016E+03, o16/o18 = 1.65954E+06
# mg24/mg25 = 1.2892E-01, mg24/mg26 = 4.4675E-02
