# Initial abundances
# El  Z   log e(X)   [X/H]    [X/Fe]     [X/O]      X(i)
  p   1  12.000000  0.000000  0.000000  0.000000 7.54992E-01
 he   2  10.922963 -0.007037  2.178468  2.178463 2.51091E-01
 li   3   1.040214 -2.219786 -0.034281 -0.034287 5.70319E-11
 be   4   0.000000 -1.300000  0.000000  0.000000 0.00000E+00
  b   5   0.000000 -2.790000  0.000000  0.000000 0.00000E+00
  c   6   6.284690 -2.185310  0.000195  0.000189 1.73281E-05
  n   7   5.684475 -2.185524 -0.000019 -0.000025 5.07344E-06
  o   8   6.544500 -2.185500  0.000006  0.000000 4.19831E-05
  f   9   2.234511 -2.185489  0.000017  0.000011 2.44175E-09
 ne  10   5.784503 -2.185497  0.000008  0.000002 9.20250E-06
 na  11   4.054494 -2.185506  0.000000 -0.000006 1.95216E-07
 mg  12   5.454495 -2.185504  0.000001 -0.000005 5.18409E-06
 al  13   4.264494 -2.185506  0.000000 -0.000006 3.71578E-07
 si  14   5.364496 -2.185504  0.000001 -0.000004 4.86932E-06
  p  15   3.224507 -2.185493  0.000013  0.000007 3.89033E-08
  s  16   4.974493 -2.175508  0.009998  0.009992 2.26467E-06
 cl  17   3.044502 -2.185498  0.000008  0.000002 2.94196E-08
 ar  18   4.254496 -2.185504  0.000001 -0.000005 5.37617E-07
  k  19   2.893927 -2.186073 -0.000568 -0.000574 2.29384E-08
 ca  20   4.104495 -2.185505  0.000000 -0.000006 3.81841E-07
 sc  21   0.864499 -2.185501  0.000005 -0.000001 2.46473E-10
 ti  22   2.724504 -2.185496  0.000009  0.000003 1.90118E-08
  v  23   1.773416 -2.186584 -0.001079 -0.001085 2.26451E-09
 cr  24   3.435211 -2.204789 -0.019283 -0.019289 1.06087E-07
 mn  25   3.294506 -2.185494  0.000011  0.000006 8.10702E-08
 fe  26   5.354495 -2.185505  0.000000 -0.000006 9.46152E-06
 co  27   2.684499 -2.185501  0.000004 -0.000001 2.13471E-08
 ni  28   4.014500 -2.185500  0.000005  0.000000 4.54536E-07
 cu  29   2.064505 -2.185495  0.000010  0.000004 5.52172E-09
 zn  30   2.444506 -2.185494  0.000011  0.000005 1.36340E-08
 ga  31   0.894502 -2.185498  0.000007  0.000001 4.09599E-10
 ge  32   1.360129 -2.219871 -0.034365 -0.034371 1.24677E-09
 as  33   0.114493 -2.185507 -0.000001 -0.000007 7.30440E-11
 se  34   1.110576 -2.229424 -0.043919 -0.043925 7.62896E-10
 br  35   0.354500 -2.185500  0.000005  0.000000 1.35379E-10
 kr  36   1.062928 -2.187072 -0.001566 -0.001572 7.25510E-10
 rb  37   0.334500 -2.185500  0.000006  0.000000 1.38288E-10
 sr  38   0.692071 -2.187929 -0.002424 -0.002429 3.22966E-10
  y  39   0.024499 -2.185501  0.000004 -0.000001 7.04550E-11
 zr  40   0.344503 -2.185497  0.000009  0.000003 1.51041E-10
 nb  41  -0.775493 -2.185493  0.000013  0.000007 1.16690E-11
 mo  42  -0.366674 -2.306674 -0.121169 -0.121175 3.08892E-11
 tc  43   0.000000 -9.000000  0.000000  0.000000 0.00000E+00
 ru  44  -0.556439 -2.316439 -0.130934 -0.130940 2.10215E-11
 rh  45  -1.125499 -2.185499  0.000007  0.000001 5.77330E-12
 pd  46  -0.594683 -2.244683 -0.059177 -0.059183 2.02685E-11
 ag  47  -0.985497 -2.185498  0.000008  0.000002 8.35366E-12
 cd  48  -0.515215 -2.225215 -0.039710 -0.039715 2.57084E-11
 in  49  -1.444536 -2.204536 -0.019031 -0.019037 3.08998E-12
 sn  50  -0.177929 -2.247929 -0.062423 -0.062429 5.90256E-11
 sb  51  -1.418025 -2.428025 -0.242520 -0.242525 3.48307E-12
 te  52  -0.472877 -2.652877 -0.467371 -0.467377 3.21704E-11
  i  53  -0.635500 -2.185500  0.000005  0.000000 2.20018E-11
 xe  54   0.017419 -2.222581 -0.037076 -0.037081 1.02363E-10
 cs  55  -1.105498 -2.185498  0.000007  0.000001 7.80773E-12
 ba  56  -0.006401 -2.186401 -0.000896 -0.000901 1.01353E-10
 la  57  -1.015904 -2.185905 -0.000399 -0.000405 1.00299E-11
 ce  58  -0.607404 -2.187404 -0.001898 -0.001904 2.59159E-11
 pr  59  -1.425497 -2.185497  0.000008  0.000003 3.96205E-12
 nd  60  -0.760503 -2.210503 -0.024997 -0.025003 1.87527E-11
 pm  61   0.000000 -9.000000  0.000000  0.000000 0.00000E+00
 sm  62  -1.375216 -2.315217 -0.129711 -0.129717 4.74676E-12
 eu  63  -1.675513 -2.185513 -0.000008 -0.000014 2.40275E-12
 gd  64  -1.242631 -2.292631 -0.107126 -0.107131 6.73662E-12
 tb  65  -1.865513 -2.185513 -0.000007 -0.000013 1.62241E-12
 dy  66  -1.056156 -2.186156 -0.000651 -0.000657 1.06950E-11
 ho  67  -1.715497 -2.185497  0.000008  0.000003 2.37840E-12
 er  68  -1.273119 -2.193119 -0.007614 -0.007619 6.67963E-12
 tm  69  -2.065497 -2.185497  0.000008  0.000002 1.08818E-12
 yb  70  -1.326529 -2.246529 -0.061023 -0.061029 6.11083E-12
 lu  71  -2.095500 -2.185500  0.000005  0.000000 1.05181E-12
 hf  72  -1.476205 -2.186205 -0.000700 -0.000705 4.46571E-12
 ta  73  -2.305553 -2.185554 -0.000048 -0.000054 6.70629E-13
  w  74  -1.536027 -2.186027 -0.000522 -0.000527 4.00770E-12
 re  75  -1.925499 -2.185499  0.000006  0.000001 1.65569E-12
 os  76  -0.835582 -2.185582 -0.000076 -0.000082 2.08055E-11
 ir  77  -0.865499 -2.185499  0.000007  0.000001 1.96234E-11
 pt  78  -0.597843 -2.217843 -0.032338 -0.032343 3.68847E-11
 au  79  -1.385499 -2.185499  0.000006  0.000001 6.07262E-12
 hg  80  -1.047104 -2.217104 -0.031599 -0.031604 1.34799E-11
 tl  81  -1.415502 -2.185502  0.000004 -0.000002 5.88064E-12
 pb  82  -0.145496 -2.185496  0.000009  0.000003 1.11013E-10
 bi  83  -1.535495 -2.185495  0.000010  0.000005 4.56134E-12
 po  84   0.000000 -9.000000  0.000000  0.000000 0.00000E+00
#[ls/Fe]_Bisterzo =   0.0000, [hs/Fe]_Bisterzo =  -0.0517
#[hs/ls]_Bisterzo =  -0.0517, [Pb/hs]_Bisterzo =   0.0517
#[ls/Fe]_Thiswork =  -0.0008, [hs/Fe]_Thiswork =  -0.0011
#[hs/ls]_Thiswork =  -0.0003, [Pb/hs]_Thiswork =   0.0011
# C/O = 5.4978E-01, c12/c13 = 8.94392E+01, n14/n15 = 4.47610E+02
# o16/o17 = 2.63226E+03, o16/o18 = 4.98812E+02
# mg24/mg25 = 7.8990E+00, mg24/mg26 = 7.1742E+00
#
# During TP-AGB
#  TP   Mass     Mcore    Menv    log L
#  1 2.464830 0.742400 1.722430 3.969030
# El  Z   log e(X)   [X/H]    [X/Fe]     [X/O]      X(i)
  p   1  12.000000  0.000000  0.000000  0.000000 7.26623E-01
 he   2  10.985837  0.055837  2.241342  2.241336 2.79300E-01
 li   3   3.897115  0.637115  2.822620  2.822614 3.94808E-08
 be   4   0.000000 -1.300000  0.000000  0.000000 4.61591E-24
  b   5  -1.918529 -4.708529  0.000000  0.000000 9.40125E-14
  c   6   6.022052 -2.447948 -0.262443 -0.262449 9.10919E-06
  n   7   6.229808 -1.640192  0.545313  0.545308 1.71396E-05
  o   8   6.530828 -2.199172 -0.013666  0.000000 3.91534E-05
  f   9   2.213846 -2.206154 -0.020648 -0.006982 2.24080E-09
 ne  10   5.790658 -2.179341  0.006164  0.019830 8.98315E-06
 na  11   4.394353 -1.845646  0.339859  0.353525 4.10905E-07
 mg  12   5.467630 -2.172369  0.013136  0.026802 5.14250E-06
 al  13   4.352254 -2.097745  0.087760  0.101426 4.37701E-07
 si  14   5.382923 -2.167077  0.018428  0.032094 4.88947E-06
  p  15   3.251699 -2.158300  0.027205  0.040871 3.98608E-08
  s  16   4.991126 -2.158874  0.026631  0.040298 2.26468E-06
 cl  17   3.061181 -2.168819  0.016686  0.030353 2.94227E-08
 ar  18   4.271129 -2.168871  0.016634  0.030301 5.37617E-07
  k  19   2.910549 -2.169451  0.016055  0.029721 2.29378E-08
 ca  20   4.121129 -2.168871  0.016634  0.030300 3.81842E-07
 sc  21   0.881135 -2.168865  0.016640  0.030307 2.46474E-10
 ti  22   2.741138 -2.168862  0.016643  0.030309 1.90118E-08
  v  23   1.790048 -2.169952  0.015553  0.029219 2.26450E-09
 cr  24   3.451845 -2.188155 -0.002649  0.011017 1.06087E-07
 mn  25   3.311145 -2.168855  0.016650  0.030316 8.10711E-08
 fe  26   5.371128 -2.168872  0.000000  0.030299 9.46151E-06
 co  27   2.701137 -2.168863  0.000009  0.030308 2.13474E-08
 ni  28   4.031133 -2.168867  0.000005  0.030304 4.54536E-07
 cu  29   2.081139 -2.168861  0.000011  0.030310 5.52174E-09
 zn  30   2.461139 -2.168861  0.000011  0.030310 1.36340E-08
 ga  31   0.911138 -2.168862  0.000010  0.030309 4.09602E-10
 ge  32   1.376763 -2.203237 -0.034364 -0.004065 1.24677E-09
 as  33   0.131121 -2.168879 -0.000007  0.030292 7.30430E-11
 se  34   1.127210 -2.212790 -0.043918 -0.013619 7.62897E-10
 br  35   0.371128 -2.168872  0.000000  0.030300 1.35377E-10
 kr  36   1.079562 -2.170438 -0.001565  0.028734 7.25513E-10
 rb  37   0.350384 -2.169616 -0.000744  0.029555 1.38050E-10
 sr  38   0.709034 -2.170966 -0.002094  0.028205 3.23211E-10
  y  39   0.041132 -2.168868  0.000004  0.030303 7.04550E-11
 zr  40   0.361136 -2.168864  0.000009  0.030308 1.51041E-10
 nb  41  -0.758864 -2.168864  0.000008  0.030307 1.16689E-11
 mo  42  -0.350039 -2.290039 -0.121166 -0.090867 3.08894E-11
 tc  43   0.000000 -9.000000  0.000000  0.000000 2.22335E-21
 ru  44  -0.539806 -2.299806 -0.130934 -0.100635 2.10215E-11
 rh  45  -1.108875 -2.168875 -0.000003  0.030296 5.77317E-12
 pd  46  -0.578048 -2.228048 -0.059175 -0.028876 2.02686E-11
 ag  47  -0.968870 -2.168870  0.000002  0.030301 8.35355E-12
 cd  48  -0.498578 -2.208578 -0.039706 -0.009407 2.57086E-11
 in  49  -1.427908 -2.187908 -0.019036  0.011264 3.08995E-12
 sn  50  -0.161295 -2.231295 -0.062423 -0.032123 5.90257E-11
 sb  51  -1.401395 -2.411395 -0.242522 -0.212223 3.48304E-12
 te  52  -0.456244 -2.636244 -0.467371 -0.437072 3.21704E-11
  i  53  -0.618878 -2.168878 -0.000006  0.030293 2.20012E-11
 xe  54   0.034054 -2.205946 -0.037074 -0.006775 1.02363E-10
 cs  55  -1.088871 -2.168871  0.000001  0.030301 7.80762E-12
 ba  56   0.010233 -2.169767 -0.000895  0.029404 1.01353E-10
 la  57  -0.999271 -2.169271 -0.000399  0.029900 1.00299E-11
 ce  58  -0.590771 -2.170771 -0.001898  0.028401 2.59159E-11
 pr  59  -1.408866 -2.168866  0.000006  0.030306 3.96203E-12
 nd  60  -0.743870 -2.193870 -0.024997  0.005302 1.87528E-11
 pm  61   0.000000 -9.000000  0.000000  0.000000 0.00000E+00
 sm  62  -1.358575 -2.298575 -0.129703 -0.099403 4.74686E-12
 eu  63  -1.658929 -2.168929 -0.000057  0.030243 2.40249E-12
 gd  64  -1.225986 -2.275986 -0.107114 -0.076815 6.73678E-12
 tb  65  -1.848903 -2.168903 -0.000030  0.030269 1.62233E-12
 dy  66  -1.039519 -2.169519 -0.000647  0.029652 1.06950E-11
 ho  67  -1.698882 -2.168882 -0.000010  0.030289 2.37830E-12
 er  68  -1.256479 -2.176479 -0.007607  0.022692 6.67973E-12
 tm  69  -2.048880 -2.168880 -0.000007  0.030292 1.08814E-12
 yb  70  -1.309891 -2.229891 -0.061018 -0.030719 6.11089E-12
 lu  71  -2.078960 -2.168960 -0.000088  0.030211 1.05159E-12
 hf  72  -1.459549 -2.169549 -0.000677  0.029623 4.46595E-12
 ta  73  -2.288932 -2.168932 -0.000060  0.030240 6.70610E-13
  w  74  -1.519392 -2.169392 -0.000520  0.029779 4.00771E-12
 re  75  -1.910877 -2.170877 -0.002005  0.028294 1.64804E-12
 os  76  -0.818789 -2.168789  0.000083  0.030382 2.08132E-11
 ir  77  -0.848886 -2.168887 -0.000014  0.030285 1.96225E-11
 pt  78  -0.581198 -2.201198 -0.032325 -0.002026 3.68858E-11
 au  79  -1.368875 -2.168875 -0.000002  0.030297 6.07251E-12
 hg  80  -1.030464 -2.200464 -0.031592 -0.001293 1.34801E-11
 tl  81  -1.398869 -2.168869  0.000004  0.030303 5.88065E-12
 pb  82  -0.128862 -2.168862  0.000010  0.030309 1.11013E-10
 bi  83  -1.518862 -2.168862  0.000010  0.030310 4.56134E-12
 po  84   0.000000 -9.000000  0.000000  0.000000 1.08490E-18
#[ls/Fe]_Bisterzo =   0.0000, [hs/Fe]_Bisterzo =  -0.0517
#[hs/ls]_Bisterzo =  -0.0517, [Pb/hs]_Bisterzo =   0.0517
#[ls/Fe]_Thiswork =  -0.0007, [hs/Fe]_Thiswork =  -0.0011
#[hs/ls]_Thiswork =  -0.0004, [Pb/hs]_Thiswork =   0.0011
# C/O = 3.0990E-01, c12/c13 = 1.57928E+01, n14/n15 = 4.47440E+03
# o16/o17 = 2.79469E+02, o16/o18 = 8.43776E+02
# mg24/mg25 = 8.3739E+00, mg24/mg26 = 7.1273E+00
#
#  TP   Mass     Mcore    Menv    log L
#  2 2.464820 0.743890 1.720930 4.059700
# El  Z   log e(X)   [X/H]    [X/Fe]     [X/O]      X(i)
  p   1  12.000000  0.000000  0.000000  0.000000 7.28494E-01
 he   2  10.981465  0.051465  2.220337  2.250637 2.77214E-01
 li   3   3.693707  0.433707  2.602580  2.632879 2.47796E-08
 be   4   0.000000 -1.300000  0.000000  0.000000 2.61927E-25
  b   5  -2.599456 -5.389456  0.000000  0.000000 1.96506E-14
  c   6   7.400465 -1.069535  1.099337  1.129636 2.18278E-04
  n   7   6.212078 -1.657922  0.510951  0.541250 1.64964E-05
  o   8   6.605293 -2.124707  0.044166  0.000000 4.65962E-05
  f   9   2.996505 -1.423495  0.745377  0.701211 1.36200E-08
 ne  10   6.101105 -1.868895  0.299978  0.255812 1.84074E-05
 na  11   4.410998 -1.829002  0.339870  0.295705 4.28058E-07
 mg  12   5.468714 -2.171286 -0.002414 -0.046579 5.16862E-06
 al  13   4.344829 -2.105171  0.063702  0.019536 4.31388E-07
 si  14   5.383125 -2.166875  0.001997 -0.042168 4.90434E-06
  p  15   3.260361 -2.149639  0.019233 -0.024932 4.07683E-08
  s  16   4.990097 -2.159903  0.008969 -0.035196 2.26513E-06
 cl  17   3.061344 -2.168656  0.000216 -0.043949 2.95095E-08
 ar  18   4.269908 -2.170092 -0.001219 -0.045385 5.37488E-07
  k  19   2.909781 -2.170219 -0.001347 -0.045513 2.29562E-08
 ca  20   4.119836 -2.170164 -0.001291 -0.045457 3.81687E-07
 sc  21   0.882855 -2.167145  0.001728 -0.042438 2.48089E-10
 ti  22   2.740372 -2.169628 -0.000756 -0.044921 1.90271E-08
  v  23   1.788754 -2.171246 -0.002373 -0.046539 2.26358E-09
 cr  24   3.450686 -2.189314 -0.020442 -0.064608 1.06077E-07
 mn  25   3.309854 -2.170146 -0.001274 -0.045440 8.10385E-08
 fe  26   5.369925 -2.170075  0.000000 -0.045368 9.45963E-06
 co  27   2.709691 -2.160309  0.009766 -0.035602 2.18281E-08
 ni  28   4.030439 -2.169560  0.000515 -0.044854 4.54978E-07
 cu  29   2.086442 -2.163558  0.006517 -0.038851 5.60397E-09
 zn  30   2.460800 -2.169200  0.000875 -0.044493 1.36585E-08
 ga  31   0.916442 -2.163558  0.006517 -0.038851 4.15703E-10
 ge  32   1.381970 -2.198030 -0.027955 -0.073323 1.26506E-09
 as  33   0.133511 -2.166489  0.003586 -0.041783 7.36352E-11
 se  34   1.136160 -2.203840 -0.033765 -0.079133 7.80786E-10
 br  35   0.377937 -2.162063  0.008012 -0.037356 1.37870E-10
 kr  36   1.102762 -2.147238  0.022837 -0.022531 7.67293E-10
 rb  37   0.371716 -2.148284  0.021791 -0.023578 1.45373E-10
 sr  38   0.758521 -2.121479  0.048596  0.003228 3.63152E-10
  y  39   0.108619 -2.101381  0.068694  0.023325 8.25115E-11
 zr  40   0.447794 -2.082206  0.087869  0.042501 1.84871E-10
 nb  41  -0.683297 -2.093297  0.076778  0.031410 1.39223E-11
 mo  42  -0.283381 -2.223382 -0.053307 -0.098675 3.61063E-11
 tc  43  -2.486311 -9.000000  0.000000  0.000000 2.31143E-13
 ru  44  -0.499084 -2.259084 -0.089010 -0.134378 2.31474E-11
 rh  45  -1.097382 -2.157382  0.012693 -0.032675 5.94325E-12
 pd  46  -0.538417 -2.188417 -0.018342 -0.063710 2.22624E-11
 ag  47  -0.955021 -2.155021  0.015054 -0.030314 8.64643E-12
 cd  48  -0.447245 -2.157245  0.012830 -0.032538 2.90087E-11
 in  49  -1.392961 -2.152961  0.017114 -0.028254 3.35749E-12
 sn  50  -0.068768 -2.138767  0.031307 -0.014061 7.32293E-11
 sb  51  -1.347977 -2.357977 -0.187902 -0.233270 3.94905E-12
 te  52  -0.381104 -2.561104 -0.391029 -0.436397 3.83453E-11
  i  53  -0.612991 -2.162991  0.007084 -0.038285 2.23588E-11
 xe  54   0.065821 -2.174179 -0.004104 -0.049473 1.10415E-10
 cs  55  -1.064186 -2.144186  0.025889 -0.019479 8.28552E-12
 ba  56   0.205379 -1.974621  0.195454  0.150086 1.59258E-10
 la  57  -0.802275 -1.972275  0.197800  0.152432 1.58275E-11
 ce  58  -0.359686 -1.939686  0.230389  0.185021 4.42351E-11
 pr  59  -1.259231 -2.019231  0.150844  0.105476 5.60622E-12
 nd  60  -0.551662 -2.001662  0.168412  0.123044 2.92677E-11
 pm  61   0.000000 -9.000000  0.000000  0.000000 0.00000E+00
 sm  62  -1.223645 -2.163645  0.006430 -0.038939 6.49311E-12
 eu  63  -1.636748 -2.146748  0.023327 -0.022042 2.53488E-12
 gd  64  -1.156877 -2.206877 -0.036802 -0.082170 7.91916E-12
 tb  65  -1.817205 -2.137205  0.032870 -0.012499 1.74965E-12
 dy  66  -0.973600 -2.103601  0.066474  0.021106 1.24801E-11
 ho  67  -1.671838 -2.141838  0.028237 -0.017131 2.53762E-12
 er  68  -1.185975 -2.105975  0.064100  0.018732 7.87733E-12
 tm  69  -1.996660 -2.116660  0.053415  0.008047 1.23033E-12
 yb  70  -1.145409 -2.065409  0.104666  0.059298 8.94753E-12
 lu  71  -1.960672 -2.050672  0.119403  0.074034 1.38436E-12
 hf  72  -1.258698 -1.968699  0.201376  0.156008 7.11018E-12
 ta  73  -2.131934 -2.011934  0.158141  0.112772 9.65127E-13
  w  74  -1.301633 -1.951633  0.218442  0.173074 6.63395E-12
 re  75  -1.841000 -2.101000  0.069075  0.023707 1.94071E-12
 os  76  -0.775313 -2.125313  0.044762 -0.000607 2.30638E-11
 ir  77  -0.841755 -2.161755  0.008320 -0.037048 1.99987E-11
 pt  78  -0.552830 -2.172830 -0.002755 -0.048123 3.94770E-11
 au  79  -1.340485 -2.140485  0.029590 -0.015778 6.49941E-12
 hg  80  -0.804033 -1.974033  0.196042  0.150674 2.27636E-11
 tl  81  -1.099689 -1.869689  0.300385  0.255017 1.17414E-11
 pb  82   1.207345 -0.832655  1.337420  1.292052 2.41379E-09
 bi  83  -0.378201 -1.028201  1.141874  1.096506 6.32222E-11
 po  84   0.846483 -9.000000  0.000000  0.000000 1.06071E-09
#[ls/Fe]_Bisterzo =   0.0783, [hs/Fe]_Bisterzo =   0.1242
#[hs/ls]_Bisterzo =   0.0459, [Pb/hs]_Bisterzo =   1.2132
#[ls/Fe]_Thiswork =   0.0684, [hs/Fe]_Thiswork =   0.2079
#[hs/ls]_Thiswork =   0.1395, [Pb/hs]_Thiswork =   1.1295
# C/O = 6.2395E+00, c12/c13 = 4.28158E+02, n14/n15 = 3.21591E+03
# o16/o17 = 3.39011E+02, o16/o18 = 9.29759E+02
# mg24/mg25 = 8.1492E+00, mg24/mg26 = 6.9910E+00
#
#  TP   Mass     Mcore    Menv    log L
#  3 2.464820 0.744890 1.719930 4.116900
# El  Z   log e(X)   [X/H]    [X/Fe]     [X/O]      X(i)
  p   1  12.000000  0.000000  0.000000  0.000000 7.30430E-01
 he   2  10.976494  0.046494  2.216568  2.171200 2.74788E-01
 li   3   3.431442  0.171442  2.341517  2.296149 1.35826E-08
 be   4  -7.391602 -8.691602  0.000000  0.000000 2.65056E-19
  b   5   0.000000 -2.790000  0.000000  0.000000 9.37830E-36
  c   6   7.867992 -0.602008  1.568067  1.522698 6.42228E-04
  n   7   6.192784 -1.677216  0.492859  0.447491 1.58215E-05
  o   8   6.776261 -1.953738  0.216337  0.000000 6.92583E-05
  f   9   3.568008 -0.851992  1.318083  1.101747 5.09136E-08
 ne  10   6.666341 -1.303658  0.866416  0.650080 6.78235E-05
 na  11   4.657231 -1.582768  0.587306  0.370970 7.56638E-07
 mg  12   5.534109 -2.105891  0.064184 -0.152153 6.02452E-06
 al  13   4.338632 -2.111368  0.058707 -0.157630 4.26407E-07
 si  14   5.384741 -2.165259  0.004816 -0.211521 4.93571E-06
  p  15   3.300248 -2.109752  0.060323 -0.156013 4.48088E-08
  s  16   4.989283 -2.160717  0.009358 -0.206979 2.26690E-06
 cl  17   3.062285 -2.167715  0.002360 -0.213976 2.96522E-08
 ar  18   4.268522 -2.171478 -0.001403 -0.217740 5.37199E-07
  k  19   2.909402 -2.170598 -0.000523 -0.216860 2.29972E-08
 ca  20   4.118305 -2.171695 -0.001620 -0.217957 3.81355E-07
 sc  21   0.888365 -2.161635  0.008440 -0.207897 2.51924E-10
 ti  22   2.740211 -2.169788  0.000287 -0.216050 1.90707E-08
  v  23   1.787598 -2.172402 -0.002327 -0.218664 2.26356E-09
 cr  24   3.449406 -2.190594 -0.020519 -0.236856 1.06046E-07
 mn  25   3.308266 -2.171734 -0.001659 -0.217996 8.09574E-08
 fe  26   5.368501 -2.171499  0.000000 -0.217761 9.45372E-06
 co  27   2.728155 -2.141845  0.029655 -0.188107 2.28366E-08
 ni  28   4.031108 -2.168892  0.002607 -0.215154 4.56891E-07
 cu  29   2.111802 -2.138198  0.033301 -0.184460 5.95674E-09
 zn  30   2.463857 -2.166143  0.005356 -0.212405 1.37915E-08
 ga  31   0.935857 -2.144143  0.027356 -0.190405 4.35864E-10
 ge  32   1.400117 -2.179883 -0.008384 -0.226145 1.32254E-09
 as  33   0.143543 -2.156457  0.015043 -0.202718 7.55563E-11
 se  34   1.165665 -2.174335 -0.002836 -0.220597 8.37895E-10
 br  35   0.401452 -2.138548  0.032951 -0.184810 1.45928E-10
 kr  36   1.222615 -2.027385  0.144114 -0.073647 1.01384E-09
 rb  37   0.467371 -2.052629  0.118870 -0.098891 1.81674E-10
 sr  38   0.911757 -1.968244  0.203256 -0.014505 5.18176E-10
  y  39   0.304862 -1.905138  0.266361  0.048600 1.29990E-10
 zr  40   0.697103 -1.832897  0.338602  0.120841 3.29101E-10
 nb  41  -0.455607 -1.865607  0.305892  0.088131 2.35806E-11
 mo  42  -0.071323 -2.011323  0.160176 -0.057585 5.89922E-11
 tc  43  -1.790183 -9.000000  0.000000  0.000000 1.15123E-12
 ru  44  -0.365544 -2.125544  0.045955 -0.171806 3.15643E-11
 rh  45  -1.052135 -2.112134  0.059365 -0.158396 6.61339E-12
 pd  46  -0.403019 -2.053019  0.118480 -0.099281 3.04875E-11
 ag  47  -0.897097 -2.097097  0.074403 -0.143358 9.90636E-12
 cd  48  -0.256591 -1.966591  0.204908 -0.012853 4.51165E-11
 in  49  -1.247887 -2.007887  0.163613 -0.054148 4.70156E-12
 sn  50   0.208002 -1.861998  0.309501  0.091740 1.38870E-10
 sb  51  -1.163801 -2.173801 -0.002302 -0.220063 6.05093E-12
 te  52  -0.141620 -2.321620 -0.150120 -0.367882 6.67343E-11
  i  53  -0.581763 -2.131763  0.039736 -0.178025 2.40896E-11
 xe  54   0.201617 -2.038383  0.133116 -0.084645 1.51348E-10
 cs  55  -0.956035 -2.036035  0.135465 -0.082296 1.06567E-11
 ba  56   0.680548 -1.499452  0.672047  0.454286 4.76894E-10
 la  57  -0.313793 -1.483793  0.687706  0.469945 4.88704E-11
 ce  58   0.186681 -1.393319  0.778180  0.560419 1.56058E-10
 pr  59  -0.810882 -1.570882  0.600618  0.382857 1.57824E-11
 nd  60  -0.060220 -1.510220  0.661279  0.443518 9.09880E-11
 pm  61   0.000000 -9.000000  0.000000  0.000000 0.00000E+00
 sm  62  -0.806967 -1.746967  0.424532  0.206771 1.69935E-11
 eu  63  -1.516243 -2.026243  0.145256 -0.072505 3.35441E-12
 gd  64  -0.869061 -1.919060  0.252439  0.034678 1.54045E-11
 tb  65  -1.651396 -1.971396  0.200104 -0.017658 2.56989E-12
 dy  66  -0.693800 -1.823800  0.347699  0.129938 2.38326E-11
 ho  67  -1.526217 -1.996217  0.175282 -0.042479 3.55795E-12
 er  68  -0.891760 -1.811760  0.359739  0.141978 1.55506E-11
 tm  69  -1.763124 -1.883124  0.288375  0.070614 2.11208E-12
 yb  70  -0.663772 -1.583772  0.587728  0.369967 2.71952E-11
 lu  71  -1.557022 -1.647022  0.524477  0.306716 3.51603E-12
 hf  72  -0.736802 -1.446802  0.724697  0.506936 2.37099E-11
 ta  73  -1.668313 -1.548313  0.623186  0.405425 2.81423E-12
  w  74  -0.769574 -1.419574  0.751925  0.534164 2.26456E-11
 re  75  -1.565878 -1.825878  0.345621  0.127860 3.66636E-12
 os  76  -0.568047 -1.918047  0.253453  0.035692 3.72692E-11
 ir  77  -0.794537 -2.114537  0.056962 -0.160799 2.23549E-11
 pt  78  -0.401404 -2.021404  0.150095 -0.067666 5.60947E-11
 au  79  -1.187666 -1.987666  0.183833 -0.033928 9.26500E-12
 hg  80  -0.256100 -1.426100  0.745400  0.527639 8.05985E-11
 tl  81  -0.475948 -1.245948  0.925551  0.707790 4.95010E-11
 pb  82   1.771280 -0.268720  1.902780  1.685019 8.86722E-09
 bi  83   0.202481 -0.447519  1.723981  1.506220 2.41381E-10
 po  84   1.262291 -9.000000  0.000000  0.000000 2.77048E-09
#[ls/Fe]_Bisterzo =   0.3025, [hs/Fe]_Bisterzo =   0.5912
#[hs/ls]_Bisterzo =   0.2887, [Pb/hs]_Bisterzo =   1.3116
#[ls/Fe]_Thiswork =   0.2694, [hs/Fe]_Thiswork =   0.7126
#[hs/ls]_Thiswork =   0.4432, [Pb/hs]_Thiswork =   1.1901
# C/O = 1.2352E+01, c12/c13 = 1.36730E+03, n14/n15 = 2.75263E+03
# o16/o17 = 5.35841E+02, o16/o18 = 1.26995E+03
# mg24/mg25 = 5.6873E+00, mg24/mg26 = 4.7709E+00
#
#  TP   Mass     Mcore    Menv    log L
#  4 2.464810 0.745540 1.719270 4.154520
# El  Z   log e(X)   [X/H]    [X/Fe]     [X/O]      X(i)
  p   1  12.000000  0.000000  0.000000  0.000000 7.31487E-01
 he   2  10.973195  0.043195  2.214694  1.996933 2.73103E-01
 li   3   2.097776 -1.162224  1.009276  0.791515 6.30877E-10
 be   4  -4.917288 -6.217288  0.000000  0.000000 7.91186E-17
  b   5   0.000000 -2.790000  0.000000  0.000000 1.40811E-32
  c   6   8.119175 -0.350825  1.820674  1.602913 1.14683E-03
  n   7   6.173976 -1.696023  0.475476  0.257715 1.51729E-05
  o   8   6.943942 -1.786057  0.385442  0.000000 1.02042E-04
  f   9   3.886703 -0.533297  1.638203  1.252761 1.06208E-07
 ne  10   7.014627 -0.955372  1.216127  0.830685 1.51459E-04
 na  11   4.997358 -1.242642  0.928857  0.543416 1.65822E-06
 mg  12   5.724255 -1.915745  0.255754 -0.129688 9.34752E-06
 al  13   4.354244 -2.095756  0.075743 -0.309699 4.42653E-07
 si  14   5.388923 -2.161077  0.010422 -0.375020 4.99067E-06
  p  15   3.358748 -2.051251  0.120248 -0.265194 5.13443E-08
  s  16   4.989161 -2.160839  0.010660 -0.374782 2.26954E-06
 cl  17   3.063835 -2.166165  0.005334 -0.380107 2.98012E-08
 ar  18   4.267594 -2.172406 -0.000906 -0.386348 5.36828E-07
  k  19   2.909767 -2.170233  0.001266 -0.384175 2.30498E-08
 ca  20   4.117191 -2.172809 -0.001309 -0.386751 3.80928E-07
 sc  21   0.898119 -2.151881  0.019618 -0.365824 2.58019E-10
 ti  22   2.740871 -2.169128  0.002371 -0.383071 1.91273E-08
  v  23   1.787094 -2.172906 -0.001407 -0.386848 2.26421E-09
 cr  24   3.448607 -2.191392 -0.019893 -0.405335 1.06004E-07
 mn  25   3.307031 -2.172969 -0.001470 -0.386912 8.08444E-08
 fe  26   5.367486 -2.172513  0.000000 -0.386456 9.44532E-06
 co  27   2.751040 -2.118959  0.053554 -0.332902 2.41071E-08
 ni  28   4.033272 -2.166728  0.005785 -0.380671 4.59837E-07
 cu  29   2.151697 -2.098303  0.074211 -0.312245 6.53931E-09
 zn  30   2.473112 -2.156888  0.015625 -0.370831 1.41090E-08
 ga  31   0.981169 -2.098831  0.073682 -0.312774 4.84497E-10
 ge  32   1.440735 -2.139265  0.033248 -0.353208 1.45431E-09
 as  33   0.166156 -2.133844  0.038669 -0.347787 7.97097E-11
 se  34   1.221391 -2.118609  0.053904 -0.332552 9.53990E-10
 br  35   0.446961 -2.093039  0.079475 -0.306981 1.62284E-10
 kr  36   1.422869 -1.827131  0.345382 -0.041074 1.61008E-09
 rb  37   0.650881 -1.869119  0.303394 -0.083062 2.77607E-10
 sr  38   1.115551 -1.764449  0.408064  0.021608 8.29661E-10
  y  39   0.545171 -1.664829  0.507684  0.121228 2.26385E-10
 zr  40   0.979229 -1.550771  0.621742  0.235286 6.31080E-10
 nb  41  -0.189398 -1.599398  0.573116  0.186660 4.35905E-11
 mo  42   0.190995 -1.749005  0.423509  0.037053 1.08079E-10
 tc  43  -1.365960 -9.000000  0.000000  0.000000 3.06205E-12
 ru  44  -0.175706 -1.935706  0.236808 -0.149648 4.89398E-11
 rh  45  -0.973396 -2.033396  0.139117 -0.247339 7.93945E-12
 pd  46  -0.236026 -1.886026  0.286488 -0.099968 4.48480E-11
 ag  47  -0.815762 -2.015762  0.156752 -0.229704 1.19640E-11
 cd  48  -0.078875 -1.788875  0.383639 -0.002817 6.80269E-11
 in  49  -1.101106 -1.861106  0.311408 -0.075048 6.60161E-12
 sn  50   0.467873 -1.602127  0.570386  0.183930 2.52992E-10
 sb  51  -0.948517 -1.958517  0.213997 -0.172459 9.94795E-12
 te  52   0.112972 -2.067028  0.105486 -0.280970 1.20107E-10
  i  53  -0.526901 -2.076901  0.095612 -0.290844 2.73729E-11
 xe  54   0.393614 -1.846386  0.326127 -0.060329 2.35831E-10
 cs  55  -0.807125 -1.887125  0.285388 -0.101068 1.50371E-11
 ba  56   1.013799 -1.166201  1.006312  0.619856 1.02873E-09
 la  57   0.013695 -1.156305  1.016208  0.629752 1.04031E-10
 ce  58   0.534508 -1.045492  1.127021  0.740565 3.48130E-10
 pr  59  -0.492632 -1.252632  0.919882  0.533426 3.28889E-11
 nd  60   0.255345 -1.194655  0.977859  0.591403 1.88442E-10
 pm  61   0.000000 -9.000000  0.000000  0.000000 0.00000E+00
 sm  62  -0.506639 -1.446639  0.725875  0.339419 3.39813E-11
 eu  63  -1.370180 -1.880180  0.292333 -0.094123 4.70226E-12
 gd  64  -0.613883 -1.663883  0.508631  0.122175 2.77622E-11
 tb  65  -1.468279 -1.788279  0.384235 -0.002221 3.92337E-12
 dy  66  -0.444991 -1.574991  0.597522  0.211066 4.23261E-11
 ho  67  -1.360311 -1.830311  0.342203 -0.044253 5.22077E-12
 er  68  -0.632474 -1.552474  0.620039  0.233583 2.82919E-11
 tm  69  -1.537220 -1.657220  0.515293  0.128837 3.55831E-12
 yb  70  -0.339125 -1.259125  0.913389  0.526933 5.75133E-11
 lu  71  -1.256214 -1.346214  0.826299  0.439843 7.03864E-12
 hf  72  -0.408323 -1.118323  1.054190  0.667734 5.05868E-11
 ta  73  -1.355521 -1.235521  0.936992  0.550536 5.79134E-12
  w  74  -0.441186 -1.091186  1.081328  0.694872 4.83059E-11
 re  75  -1.319126 -1.579126  0.593387  0.206931 6.48061E-12
 os  76  -0.359351 -1.709351  0.463162  0.076706 6.03495E-11
 ir  77  -0.726461 -2.046462  0.126052 -0.260404 2.61864E-11
 pt  78  -0.235008 -1.855008  0.317505 -0.068951 8.24036E-11
 au  79  -1.022614 -1.822614  0.349899 -0.036557 1.35683E-11
 hg  80   0.072439 -1.097561  1.074953  0.688497 1.71987E-10
 tl  81  -0.117468 -0.887468  1.285046  0.898590 1.13168E-10
 pb  82   2.021668 -0.018332  2.154182  1.767726 1.58054E-08
 bi  83   0.504741 -0.145259  2.027254  1.640798 4.84832E-10
 po  84   1.417737 -9.000000  0.000000  0.000000 3.96853E-09
#[ls/Fe]_Bisterzo =   0.5647, [hs/Fe]_Bisterzo =   0.9066
#[hs/ls]_Bisterzo =   0.3419, [Pb/hs]_Bisterzo =   1.2475
#[ls/Fe]_Thiswork =   0.5125, [hs/Fe]_Thiswork =   1.0498
#[hs/ls]_Thiswork =   0.5374, [Pb/hs]_Thiswork =   1.1043
# C/O = 1.4970E+01, c12/c13 = 2.61283E+03, n14/n15 = 2.46009E+03
# o16/o17 = 8.29763E+02, o16/o18 = 1.76407E+03
# mg24/mg25 = 2.7673E+00, mg24/mg26 = 2.1945E+00
#
#  TP   Mass     Mcore    Menv    log L
#  5 2.464790 0.745980 1.718810 4.181560
# El  Z   log e(X)   [X/H]    [X/Fe]     [X/O]      X(i)
  p   1  12.000000  0.000000  0.000000  0.000000 7.32144E-01
 he   2  10.970844  0.040844  2.213357  1.826901 2.71873E-01
 li   3  -2.594921 -5.854921 -3.682408 -4.068864 1.28126E-14
 be   4  -2.488467 -3.788467  0.000000  0.000000 2.12564E-14
  b   5   0.000000 -2.790000  0.000000  0.000000 1.46062E-29
  c   6   8.262334 -0.207666  1.964847  1.578391 1.59606E-03
  n   7   6.152468 -1.717532  0.454981  0.068525 1.44527E-05
  o   8   7.054874 -1.675126  0.497388  0.000000 1.31857E-04
  f   9   4.148757 -0.271243  1.901271  1.403883 1.94357E-07
 ne  10   7.202961 -0.767038  1.405475  0.908087 2.33894E-04
 na  11   5.218999 -1.021001  1.151513  0.654125 2.76486E-06
 mg  12   5.942723 -1.697277  0.475236 -0.022151 1.54723E-05
 al  13   4.407864 -2.042136  0.130377 -0.367011 5.01272E-07
 si  14   5.396117 -2.153883  0.018630 -0.478758 5.07859E-06
  p  15   3.433763 -1.976237  0.196276 -0.301112 6.10796E-08
  s  16   4.989553 -2.160447  0.012067 -0.485321 2.27364E-06
 cl  17   3.065297 -2.164703  0.007811 -0.489577 2.99285E-08
 ar  18   4.266913 -2.173087 -0.000573 -0.497961 5.36468E-07
  k  19   2.910383 -2.169617  0.002897 -0.494491 2.31033E-08
 ca  20   4.116314 -2.173686 -0.001173 -0.498560 3.80501E-07
 sc  21   0.909365 -2.140635  0.031878 -0.465510 2.65026E-10
 ti  22   2.741438 -2.168562  0.003952 -0.493436 1.91694E-08
  v  23   1.786736 -2.173264 -0.000750 -0.498138 2.26438E-09
 cr  24   3.448035 -2.191965 -0.019451 -0.516839 1.05960E-07
 mn  25   3.305969 -2.174031 -0.001517 -0.498905 8.07194E-08
 fe  26   5.366699 -2.173301  0.000000 -0.498176 9.43668E-06
 co  27   2.776298 -2.093702  0.079599 -0.418577 2.55736E-08
 ni  28   4.036108 -2.163891  0.009410 -0.488766 4.63267E-07
 cu  29   2.188705 -2.061295  0.112007 -0.386169 7.12738E-09
 zn  30   2.485306 -2.144694  0.028607 -0.469569 1.45238E-08
 ga  31   1.038675 -2.041325  0.131977 -0.366199 5.53589E-10
 ge  32   1.495399 -2.084601  0.088700 -0.409476 1.65086E-09
 as  33   0.199127 -2.100873  0.072428 -0.425747 8.60742E-11
 se  34   1.292838 -2.047162  0.126139 -0.372036 1.12559E-09
 br  35   0.506731 -2.033269  0.140032 -0.358143 1.86395E-10
 kr  36   1.604733 -1.645267  0.528034  0.029858 2.44964E-09
 rb  37   0.833464 -1.686536  0.486765 -0.011411 4.23062E-10
 sr  38   1.267446 -1.612555  0.560747  0.062571 1.17811E-09
  y  39   0.707445 -1.502555  0.670746  0.172571 3.29240E-10
 zr  40   1.159314 -1.370686  0.802615  0.304440 9.56224E-10
 nb  41  -0.024090 -1.434090  0.739211  0.241036 6.38396E-11
 mo  42   0.367085 -1.572915  0.600387  0.102211 1.62264E-10
 tc  43  -1.147237 -9.000000  0.000000  0.000000 5.07137E-12
 ru  44  -0.028309 -1.788309  0.384992 -0.113183 6.87781E-11
 rh  45  -0.898368 -1.958368  0.214933 -0.283242 9.44515E-12
 pd  46  -0.105473 -1.755473  0.417829 -0.080347 6.06299E-11
 ag  47  -0.742956 -1.942956  0.230345 -0.267831 1.41603E-11
 cd  48   0.033222 -1.676778  0.496523 -0.001652 8.81389E-11
 in  49  -1.012506 -1.772506  0.400795 -0.097381 8.10289E-12
 sn  50   0.611293 -1.458707  0.714594  0.216419 3.52303E-10
 sb  51  -0.815079 -1.825079  0.348222 -0.149953 1.35382E-11
 te  52   0.263929 -1.916071  0.257231 -0.240945 1.70183E-10
  i  53  -0.480752 -2.030752  0.142549 -0.355626 3.04691E-11
 xe  54   0.535580 -1.704420  0.468881 -0.029295 3.27308E-10
 cs  55  -0.701320 -1.781320  0.391981 -0.106194 1.92025E-11
 ba  56   1.193333 -0.986667  1.186634  0.688458 1.55677E-09
 la  57   0.185288 -0.984712  1.188590  0.690414 1.54577E-10
 ce  58   0.719911 -0.860089  1.313212  0.815036 5.33992E-10
 pr  59  -0.318414 -1.078414  1.094887  0.596712 4.91652E-11
 nd  60   0.419806 -1.030194  1.143108  0.644932 2.75441E-10
 pm  61   0.000000 -9.000000  0.000000  0.000000 0.00000E+00
 sm  62  -0.342129 -1.282129  0.891172  0.392997 4.96752E-11
 eu  63  -1.265365 -1.775365  0.397937 -0.100239 5.99117E-12
 gd  64  -0.460855 -1.510854  0.662447  0.164271 3.95250E-11
 tb  65  -1.346225 -1.666225  0.507077  0.008901 5.20120E-12
 dy  66  -0.297522 -1.427522  0.745780  0.247604 5.94933E-11
 ho  67  -1.248739 -1.718739  0.454562 -0.043614 6.75610E-12
 er  68  -0.478593 -1.398593  0.774708  0.276533 4.03582E-11
 tm  69  -1.399875 -1.519875  0.653427  0.155251 4.88628E-12
 yb  70  -0.164976 -1.084976  1.088325  0.590149 8.59619E-11
 lu  71  -1.090292 -1.180292  0.993009  0.494834 1.03229E-11
 hf  72  -0.233150 -0.943150  1.230152  0.731976 7.57880E-11
 ta  73  -1.184242 -1.064242  1.109059  0.610883 8.59900E-12
  w  74  -0.264664 -0.914664  1.258638  0.760462 7.25959E-11
 re  75  -1.165994 -1.425994  0.747308  0.249132 9.22864E-12
 os  76  -0.226122 -1.576122  0.597179  0.099004 8.20905E-11
 ir  77  -0.670871 -1.990871  0.182430 -0.315745 2.97891E-11
 pt  78  -0.122544 -1.742544  0.430757 -0.067419 1.06856E-10
 au  79  -0.911288 -1.711288  0.462013 -0.036163 1.75485E-11
 hg  80   0.241508 -0.928491  1.244810  0.746634 2.54070E-10
 tl  81   0.068071 -0.701929  1.471373  0.973197 1.73641E-10
 pb  82   2.127218  0.087218  2.260520  1.762344 2.01718E-08
 bi  83   0.658229  0.008229  2.181530  1.683354 6.90987E-10
 po  84   1.452575 -9.000000  0.000000  0.000000 4.30385E-09
#[ls/Fe]_Bisterzo =   0.7367, [hs/Fe]_Bisterzo =   1.0743
#[hs/ls]_Bisterzo =   0.3376, [Pb/hs]_Bisterzo =   1.1862
#[ls/Fe]_Thiswork =   0.6780, [hs/Fe]_Thiswork =   1.2295
#[hs/ls]_Thiswork =   0.5514, [Pb/hs]_Thiswork =   1.0310
# C/O = 1.6123E+01, c12/c13 = 3.85167E+03, n14/n15 = 2.22239E+03
# o16/o17 = 1.12411E+03, o16/o18 = 2.18680E+03
# mg24/mg25 = 1.5688E+00, mg24/mg26 = 1.1021E+00
#
#  TP   Mass     Mcore    Menv    log L
#  6 2.464750 0.746320 1.718430 4.201940
# El  Z   log e(X)   [X/H]    [X/Fe]     [X/O]      X(i)
  p   1  12.000000  0.000000  0.000000  0.000000 7.32472E-01
 he   2  10.969398  0.039397  2.212698  1.714523 2.71090E-01
 li   3  -0.911346 -4.171347 -1.998045 -2.496221 6.18595E-13
 be   4  -0.607095 -1.907095  0.000000  0.000000 1.61829E-12
  b   5   0.000000 -2.790000  0.000000  0.000000 2.84501E-29
  c   6   8.350809 -0.119191  2.054110  1.555934 1.95758E-03
  n   7   6.132209 -1.737791  0.435510 -0.062665 1.38002E-05
  o   8   7.115187 -1.614812  0.558489  0.000000 1.51569E-04
  f   9   4.318130 -0.101871  2.071431  1.512942 2.87189E-07
 ne  10   7.302946 -0.667054  1.506248  0.947759 2.94576E-04
 na  11   5.343261 -0.896739  1.276562  0.718073 3.68239E-06
 mg  12   6.117555 -1.522445  0.650856  0.092367 2.31516E-05
 al  13   4.488874 -1.961125  0.212176 -0.346313 6.04337E-07
 si  14   5.407064 -2.142936  0.030365 -0.528123 5.21057E-06
  p  15   3.526541 -1.883459  0.289842 -0.268647 7.56604E-08
  s  16   4.990628 -2.159372  0.013929 -0.544560 2.28029E-06
 cl  17   3.066694 -2.163306  0.009995 -0.548493 3.00385E-08
 ar  18   4.266462 -2.173538 -0.000237 -0.558725 5.36152E-07
  k  19   2.911157 -2.168843  0.004458 -0.554031 2.31548E-08
 ca  20   4.115667 -2.174333 -0.001032 -0.559521 3.80105E-07
 sc  21   0.919831 -2.130169  0.043133 -0.515356 2.71612E-10
 ti  22   2.741740 -2.168260  0.005042 -0.553447 1.91914E-08
  v  23   1.786434 -2.173566 -0.000265 -0.558753 2.26381E-09
 cr  24   3.447651 -2.192349 -0.019048 -0.577537 1.05914E-07
 mn  25   3.305112 -2.174888 -0.001587 -0.560076 8.05964E-08
 fe  26   5.366126 -2.173874  0.000000 -0.559062 9.42845E-06
 co  27   2.802289 -2.067711  0.106164 -0.452899 2.71630E-08
 ni  28   4.039615 -2.160385  0.013490 -0.545572 4.67231E-07
 cu  29   2.220491 -2.029509  0.144366 -0.414696 7.67202E-09
 zn  30   2.496347 -2.133653  0.040222 -0.518840 1.49044E-08
 ga  31   1.087108 -1.992892  0.180982 -0.378080 6.19176E-10
 ge  32   1.543565 -2.036435  0.137439 -0.421623 1.84532E-09
 as  33   0.230543 -2.069457  0.104418 -0.454644 9.25726E-11
 se  34   1.355065 -1.984935  0.188940 -0.370122 1.29958E-09
 br  35   0.560058 -1.979942  0.193932 -0.365130 2.10842E-10
 kr  36   1.731000 -1.519000  0.654874  0.095812 3.27766E-09
 rb  37   0.966736 -1.553264  0.620610  0.061548 5.75267E-10
 sr  38   1.363932 -1.516068  0.657806  0.098744 1.47186E-09
  y  39   0.803383 -1.406617  0.767257  0.208195 4.10813E-10
 zr  40   1.262229 -1.267771  0.906103  0.347041 1.21246E-09
 nb  41   0.063912 -1.346088  0.827787  0.268725 7.82144E-11
 mo  42   0.469868 -1.470132  0.703742  0.144680 2.05683E-10
 tc  43  -1.031762 -9.000000  0.000000  0.000000 6.61904E-12
 ru  44   0.069592 -1.690408  0.483467 -0.075595 8.62075E-11
 rh  45  -0.841524 -1.901524  0.272350 -0.286712 1.07708E-11
 pd  46  -0.014238 -1.664238  0.509636 -0.049426 7.48368E-11
 ag  47  -0.686418 -1.886418  0.287457 -0.271605 1.61363E-11
 cd  48   0.106333 -1.603667  0.570207  0.011145 1.04345E-10
 in  49  -0.959579 -1.719579  0.454296 -0.104766 9.15717E-12
 sn  50   0.684817 -1.385183  0.788692  0.229630 4.17479E-10
 sb  51  -0.740849 -1.750849  0.423026 -0.136036 1.60689E-11
 te  52   0.349609 -1.830391  0.343484 -0.215578 2.07391E-10
  i  53  -0.448763 -1.998763  0.175112 -0.383950 3.28128E-11
 xe  54   0.628391 -1.611609  0.562266  0.003204 4.05474E-10
 cs  55  -0.635323 -1.715323  0.458552 -0.100510 2.23640E-11
 ba  56   1.296055 -0.883945  1.289929  0.730867 1.97306E-09
 la  57   0.281066 -0.888934  1.284940  0.725878 1.92805E-10
 ce  58   0.827152 -0.752848  1.421027  0.861965 6.83864E-10
 pr  59  -0.217350 -0.977350  1.196524  0.637462 6.20750E-11
 nd  60   0.513454 -0.936546  1.237329  0.678267 3.41877E-10
 pm  61   0.000000 -9.000000  0.000000  0.000000 0.00000E+00
 sm  62  -0.244421 -1.184421  0.989453  0.430391 6.22360E-11
 eu  63  -1.195026 -1.705026  0.468848 -0.090214 7.04766E-12
 gd  64  -0.366547 -1.416547  0.757328  0.198266 4.91332E-11
 tb  65  -1.267289 -1.587289  0.586585  0.027523 6.24071E-12
 dy  66  -0.207767 -1.337767  0.836108  0.277046 7.31842E-11
 ho  67  -1.176986 -1.646986  0.526889 -0.032173 7.97341E-12
 er  68  -0.386185 -1.306185  0.867690  0.308628 4.99500E-11
 tm  69  -1.315585 -1.435585  0.738289  0.179227 5.93557E-12
 yb  70  -0.065426 -0.985426  1.188448  0.629386 1.08156E-10
 lu  71  -0.993934 -1.083934  1.089941  0.530879 1.28930E-11
 hf  72  -0.132672 -0.842672  1.331202  0.772140 9.55592E-11
 ta  73  -1.084549 -0.964549  1.209325  0.650263 1.08227E-11
  w  74  -0.161770 -0.811770  1.362105  0.803043 9.20450E-11
 re  75  -1.070557 -1.330557  0.843318  0.284256 1.15019E-11
 os  76  -0.142451 -1.492451  0.681423  0.122361 9.95768E-11
 ir  77  -0.629928 -1.949928  0.223947 -0.335115 3.27488E-11
 pt  78  -0.049152 -1.669152  0.504722 -0.054340 1.26586E-10
 au  79  -0.837674 -1.637674  0.536200 -0.022862 2.07994E-11
 hg  80   0.339745 -0.830255  1.343619  0.784557 3.18701E-10
 tl  81   0.176003 -0.593997  1.579877  1.020815 2.22730E-10
 pb  82   2.165396  0.125396  2.299270  1.740208 2.20351E-08
 bi  83   0.733351  0.083351  2.257225  1.698163 8.21838E-10
 po  84   1.428486 -9.000000  0.000000  0.000000 4.07345E-09
#[ls/Fe]_Bisterzo =   0.8367, [hs/Fe]_Bisterzo =   1.1706
#[hs/ls]_Bisterzo =   0.3339, [Pb/hs]_Bisterzo =   1.1287
#[ls/Fe]_Thiswork =   0.7771, [hs/Fe]_Thiswork =   1.3320
#[hs/ls]_Thiswork =   0.5549, [Pb/hs]_Thiswork =   0.9673
# C/O = 1.7204E+01, c12/c13 = 4.92214E+03, n14/n15 = 2.04274E+03
# o16/o17 = 1.34978E+03, o16/o18 = 2.44386E+03
# mg24/mg25 = 1.0697E+00, mg24/mg26 = 6.6634E-01
#
#  TP   Mass     Mcore    Menv    log L
#  7 2.464670 0.746630 1.718040 4.217310
# El  Z   log e(X)   [X/H]    [X/Fe]     [X/O]      X(i)
  p   1  12.000000  0.000000  0.000000  0.000000 7.32497E-01
 he   2  10.968784  0.038784  2.212658  1.653596 2.70717E-01
 li   3  -0.862226 -4.122227 -1.948352 -2.507414 6.92693E-13
 be   4  -0.565734 -1.865734  0.000000  0.000000 1.78005E-12
  b   5   0.000000 -2.790000  0.000000  0.000000 4.51953E-29
  c   6   8.409388 -0.060613  2.113262  1.554200 2.24033E-03
  n   7   6.115300 -1.754700  0.419175 -0.139887 1.32737E-05
  o   8   7.144430 -1.585570  0.588305  0.000000 1.62132E-04
  f   9   4.473806  0.053806  2.227681  1.639376 4.11017E-07
 ne  10   7.359396 -0.610603  1.563271  0.974967 3.35477E-04
 na  11   5.406073 -0.833927  1.339948  0.751643 4.25557E-06
 mg  12   6.240536 -1.399464  0.774410  0.186106 3.07310E-05
 al  13   4.576595 -1.873405  0.300470 -0.287835 7.39630E-07
 si  14   5.420936 -2.129065  0.044810 -0.543495 5.37986E-06
  p  15   3.633090 -1.776910  0.396965 -0.191340 9.67013E-08
  s  16   4.992597 -2.157403  0.016471 -0.571834 2.29073E-06
 cl  17   3.068244 -2.161756  0.012118 -0.576186 3.01469E-08
 ar  18   4.266234 -2.173766  0.000108 -0.588196 5.35888E-07
  k  19   2.911995 -2.168005  0.005869 -0.582435 2.32004E-08
 ca  20   4.115262 -2.174738 -0.000864 -0.589168 3.79764E-07
 sc  21   0.928927 -2.121073  0.052802 -0.535503 2.77371E-10
 ti  22   2.741977 -2.168023  0.005851 -0.582453 1.92025E-08
  v  23   1.786204 -2.173796  0.000079 -0.588226 2.26269E-09
 cr  24   3.447468 -2.192532 -0.018658 -0.606962 1.05873E-07
 mn  25   3.304533 -2.175467 -0.001593 -0.589897 8.04918E-08
 fe  26   5.365799 -2.174201  0.000000 -0.588631 9.42170E-06
 co  27   2.825609 -2.044391  0.129810 -0.458821 2.86624E-08
 ni  28   4.042816 -2.157184  0.017017 -0.571614 4.70704E-07
 cu  29   2.244517 -2.005483  0.168718 -0.419913 8.10870E-09
 zn  30   2.505170 -2.124830  0.049370 -0.539260 1.52108E-08
 ga  31   1.122241 -1.957759  0.216442 -0.372189 6.71371E-10
 ge  32   1.578406 -2.001594  0.172607 -0.416024 1.99953E-09
 as  33   0.254014 -2.045986  0.128215 -0.460416 9.77168E-11
 se  34   1.397845 -1.942155  0.232046 -0.356585 1.43416E-09
 br  35   0.597191 -1.942809  0.231391 -0.357239 2.29670E-10
 kr  36   1.811049 -1.438951  0.735250  0.146619 3.94120E-09
 rb  37   1.052186 -1.467814  0.706387  0.117756 7.00383E-10
 sr  38   1.424867 -1.455133  0.719067  0.130436 1.69362E-09
  y  39   0.862469 -1.347531  0.826669  0.238039 4.70701E-10
 zr  40   1.323156 -1.206844  0.967357  0.378726 1.39512E-09
 nb  41   0.114864 -1.295136  0.879065  0.290434 8.79537E-11
 mo  42   0.528173 -1.411827  0.762374  0.173743 2.35244E-10
 tc  43  -0.979159 -9.000000  0.000000  0.000000 7.47157E-12
 ru  44   0.126070 -1.633930  0.540271 -0.048360 9.81834E-11
 rh  45  -0.806444 -1.866444  0.307756 -0.280874 1.16773E-11
 pd  46   0.041339 -1.608661  0.565539 -0.023091 8.50564E-11
 ag  47  -0.649049 -1.849049  0.325152 -0.263479 1.75869E-11
 cd  48   0.157776 -1.552224  0.621976  0.033346 1.17471E-10
 in  49  -0.918931 -1.678931  0.495270 -0.093361 1.00560E-11
 sn  50   0.737316 -1.332684  0.841517  0.252886 4.71139E-10
 sb  51  -0.689486 -1.699486  0.474715 -0.113916 1.80869E-11
 te  52   0.406999 -1.773001  0.401199 -0.187432 2.36698E-10
  i  53  -0.425220 -1.975220  0.198980 -0.389651 3.46418E-11
 xe  54   0.691659 -1.548341  0.625859  0.037229 4.69079E-10
 cs  55  -0.590559 -1.670559  0.503641 -0.084989 2.47929E-11
 ba  56   1.363017 -0.816983  1.357218  0.768587 2.30207E-09
 la  57   0.345603 -0.824397  1.349804  0.761173 2.23702E-10
 ce  58   0.898090 -0.681910  1.492291  0.903660 8.05236E-10
 pr  59  -0.149363 -0.909363  1.264838  0.676207 7.25970E-11
 nd  60   0.572697 -0.877303  1.296897  0.708266 3.91858E-10
 pm  61   0.000000 -9.000000  0.000000  0.000000 0.00000E+00
 sm  62  -0.181247 -1.121247  1.052954  0.464323 7.19832E-11
 eu  63  -1.145775 -1.655775  0.518426 -0.070205 7.89426E-12
 gd  64  -0.303622 -1.353622  0.820578  0.231948 5.67955E-11
 tb  65  -1.213423 -1.533423  0.640778  0.052147 7.06505E-12
 dy  66  -0.148492 -1.278492  0.895709  0.307078 8.38894E-11
 ho  67  -1.128170 -1.598170  0.576030 -0.012600 8.92227E-12
 er  68  -0.324345 -1.244345  0.929856  0.341225 5.75957E-11
 tm  69  -1.259489 -1.379489  0.794711  0.206081 6.75419E-12
 yb  70   0.000319 -0.919681  1.254519  0.665888 1.25838E-10
 lu  71  -0.930318 -1.020318  1.153883  0.565252 1.49274E-11
 hf  72  -0.067570 -0.777570  1.396631  0.808000 1.11017E-10
 ta  73  -1.019841 -0.899841  1.274359  0.685729 1.25620E-11
  w  74  -0.095233 -0.745233  1.428968  0.840337 1.07288E-10
 re  75  -1.006414 -1.266414  0.907786  0.319155 1.33330E-11
 os  76  -0.086246 -1.436247  0.737954  0.149323 1.13339E-10
 ir  77  -0.599582 -1.919582  0.254619 -0.334012 3.51201E-11
 pt  78   0.001199 -1.618801  0.555399 -0.033231 1.42152E-10
 au  79  -0.787049 -1.587049  0.587151 -0.001479 2.33717E-11
 hg  80   0.403861 -0.766139  1.408062  0.819431 3.69416E-10
 tl  81   0.247131 -0.522869  1.651332  1.062701 2.62374E-10
 pb  82   2.175591  0.135591  2.309791  1.721160 2.25593E-08
 bi  83   0.765348  0.115348  2.289549  1.700918 8.84704E-10
 po  84   1.379590 -9.000000  0.000000  0.000000 3.63983E-09
#[ls/Fe]_Bisterzo =   0.8970, [hs/Fe]_Bisterzo =   1.2332
#[hs/ls]_Bisterzo =   0.3362, [Pb/hs]_Bisterzo =   1.0766
#[ls/Fe]_Thiswork =   0.8377, [hs/Fe]_Thiswork =   1.3998
#[hs/ls]_Thiswork =   0.5621, [Pb/hs]_Thiswork =   0.9100
# C/O = 1.8406E+01, c12/c13 = 5.78488E+03, n14/n15 = 1.91112E+03
# o16/o17 = 1.50049E+03, o16/o18 = 2.56253E+03
# mg24/mg25 = 8.1880E-01, mg24/mg26 = 4.6837E-01
#
#  TP   Mass     Mcore    Menv    log L
#  8 2.464470 0.746970 1.717500 4.229210
# El  Z   log e(X)   [X/H]    [X/Fe]     [X/O]      X(i)
  p   1  12.000000  0.000000  0.000000  0.000000 7.32535E-01
 he   2  10.968357  0.038357  2.212557  1.623927 2.70465E-01
 li   3   0.427044 -2.832956 -0.658756 -1.247386 1.34845E-11
 be   4   0.723109 -0.576891  0.000000  0.000000 3.46177E-11
  b   5   0.000000 -2.790000  0.000000  0.000000 9.11562E-28
  c   6   8.444151 -0.025849  2.148351  1.559721 2.42715E-03
  n   7   6.100778 -1.769222  0.404979 -0.183652 1.28378E-05
  o   8   7.149909 -1.580091  0.594110  0.000000 1.64198E-04
  f   9   4.568068  0.148067  2.322268  1.728158 5.10673E-07
 ne  10   7.380432 -0.589568  1.584633  0.990523 3.52145E-04
 na  11   5.427361 -0.812638  1.361562  0.767453 4.46960E-06
 mg  12   6.320756 -1.319243  0.854957  0.260848 3.69675E-05
 al  13   4.650647 -1.799353  0.374847 -0.219262 8.77180E-07
 si  14   5.434539 -2.115461  0.058740 -0.535370 5.55133E-06
  p  15   3.728916 -1.681084  0.493117 -0.100993 1.20582E-07
  s  16   4.994975 -2.155025  0.019176 -0.574934 2.30343E-06
 cl  17   3.069927 -2.160073  0.014128 -0.579982 3.02655E-08
 ar  18   4.266066 -2.173934  0.000266 -0.593843 5.35709E-07
  k  19   2.912695 -2.167305  0.006896 -0.587214 2.32390E-08
 ca  20   4.114944 -2.175056 -0.000856 -0.594965 3.79505E-07
 sc  21   0.936071 -2.113929  0.060272 -0.533838 2.81986E-10
 ti  22   2.742003 -2.167996  0.006204 -0.587905 1.92047E-08
  v  23   1.785961 -2.174039  0.000162 -0.593948 2.26154E-09
 cr  24   3.447309 -2.192690 -0.018490 -0.612599 1.05839E-07
 mn  25   3.304064 -2.175936 -0.001736 -0.595845 8.04090E-08
 fe  26   5.365537 -2.174463  0.000000 -0.594372 9.41650E-06
 co  27   2.845239 -2.024761  0.149702 -0.444670 2.99892E-08
 ni  28   4.045680 -2.154320  0.020143 -0.574229 4.73843E-07
 cu  29   2.260890 -1.989110  0.185353 -0.409019 8.42065E-09
 zn  30   2.510374 -2.119626  0.054837 -0.539535 1.53950E-08
 ga  31   1.141466 -1.938534  0.235929 -0.358443 7.01795E-10
 ge  32   1.597666 -1.982334  0.192129 -0.402243 2.09030E-09
 as  33   0.267320 -2.032680  0.141783 -0.452589 1.00762E-10
 se  34   1.420264 -1.919736  0.254727 -0.339645 1.51021E-09
 br  35   0.616647 -1.923353  0.251110 -0.343262 2.40206E-10
 kr  36   1.851636 -1.398364  0.776099  0.181727 4.32751E-09
 rb  37   1.097237 -1.422763  0.751699  0.157328 7.76977E-10
 sr  38   1.454612 -1.425388  0.749074  0.154703 1.81377E-09
  y  39   0.890442 -1.319558  0.854905  0.260533 5.02042E-10
 zr  40   1.352332 -1.177668  0.996795  0.402423 1.49214E-09
 nb  41   0.134618 -1.275382  0.899081  0.304709 9.20512E-11
 mo  42   0.555572 -1.384429  0.790034  0.195662 2.50576E-10
 tc  43  -0.958768 -9.000000  0.000000  0.000000 7.83116E-12
 ru  44   0.157930 -1.602070  0.572393 -0.021979 1.05662E-10
 rh  45  -0.785485 -1.845485  0.328978 -0.265394 1.22553E-11
 pd  46   0.075559 -1.574441  0.600021  0.005650 9.20342E-11
 ag  47  -0.624852 -1.824852  0.349611 -0.244761 1.85955E-11
 cd  48   0.190310 -1.519690  0.654773  0.060401 1.26616E-10
 in  49  -0.894180 -1.654180  0.520283 -0.074089 1.06463E-11
 sn  50   0.761526 -1.308474  0.865989  0.271617 4.98175E-10
 sb  51  -0.666006 -1.676006  0.498457 -0.095915 1.90927E-11
 te  52   0.434481 -1.745519  0.428943 -0.165428 2.52173E-10
  i  53  -0.413010 -1.963010  0.211453 -0.382919 3.56314E-11
 xe  54   0.727812 -1.512188  0.662275  0.067903 5.09825E-10
 cs  55  -0.566688 -1.646688  0.527775 -0.066597 2.61952E-11
 ba  56   1.401135 -0.778865  1.395598  0.801226 2.51338E-09
 la  57   0.381664 -0.788336  1.386127  0.791755 2.43082E-10
 ce  58   0.938215 -0.641785  1.532678  0.938306 8.83225E-10
 pr  59  -0.111036 -0.871036  1.303427  0.709055 7.92990E-11
 nd  60   0.604369 -0.845631  1.328832  0.734460 4.21524E-10
 pm  61   0.000000 -9.000000  0.000000  0.000000 2.17642E-36
 sm  62  -0.145887 -1.085887  1.088575  0.494204 7.80930E-11
 eu  63  -1.116596 -1.626596  0.547867 -0.046505 8.44329E-12
 gd  64  -0.267492 -1.317492  0.856971  0.262599 6.17258E-11
 tb  65  -1.182174 -1.502174  0.672289  0.077917 7.59253E-12
 dy  66  -0.115246 -1.245246  0.929217  0.334845 9.05681E-11
 ho  67  -1.100454 -1.570454  0.604008  0.009637 9.51072E-12
 er  68  -0.289391 -1.209391  0.965072  0.370700 6.24262E-11
 tm  69  -1.227892 -1.347892  0.826571  0.232199 7.26430E-12
 yb  70   0.036294 -0.883706  1.290757  0.696385 1.36712E-10
 lu  71  -0.895767 -0.985767  1.188696  0.594324 1.61643E-11
 hf  72  -0.032830 -0.742830  1.431633  0.837261 1.20268E-10
 ta  73  -0.985166 -0.865166  1.309297  0.714925 1.36068E-11
  w  74  -0.059484 -0.709484  1.464978  0.870607 1.16499E-10
 re  75  -0.970492 -1.230492  0.943970  0.349599 1.44834E-11
 os  76  -0.055085 -1.405085  0.769378  0.175006 1.21776E-10
 ir  77  -0.581624 -1.901624  0.272839 -0.321533 3.66046E-11
 pt  78   0.029562 -1.590438  0.584025 -0.010347 1.51753E-10
 au  79  -0.758236 -1.558236  0.616227  0.021855 2.49761E-11
 hg  80   0.438828 -0.731172  1.443290  0.848919 4.00410E-10
 tl  81   0.286523 -0.483477  1.690986  1.096614 2.87300E-10
 pb  82   2.165996  0.125996  2.300458  1.706087 2.20675E-08
 bi  83   0.772305  0.122306  2.296768  1.702397 8.99038E-10
 po  84   1.316454 -9.000000  0.000000  0.000000 3.14752E-09
#[ls/Fe]_Bisterzo =   0.9258, [hs/Fe]_Bisterzo =   1.2678
#[hs/ls]_Bisterzo =   0.3420, [Pb/hs]_Bisterzo =   1.0326
#[ls/Fe]_Thiswork =   0.8669, [hs/Fe]_Thiswork =   1.4381
#[hs/ls]_Thiswork =   0.5712, [Pb/hs]_Thiswork =   0.8623
# C/O = 1.9690E+01, c12/c13 = 5.82306E+03, n14/n15 = 1.81685E+03
# o16/o17 = 1.57625E+03, o16/o18 = 2.55114E+03
# mg24/mg25 = 6.7064E-01, mg24/mg26 = 3.6284E-01
#
#  TP   Mass     Mcore    Menv    log L
#  9 2.463980 0.747300 1.716680 4.238970
# El  Z   log e(X)   [X/H]    [X/Fe]     [X/O]      X(i)
  p   1  12.000000  0.000000  0.000000  0.000000 7.32229E-01
 he   2  10.968710  0.038710  2.213172  1.618801 2.70571E-01
 li   3   0.368963 -2.891037 -0.716574 -1.310946 1.17916E-11
 be   4   0.646242 -0.653758  0.000000  0.000000 2.89901E-11
  b   5   0.000000 -2.790000  0.000000  0.000000 5.95931E-28
  c   6   8.474679  0.004679  2.179142  1.584770 2.60282E-03
  n   7   6.091214 -1.778786  0.395677 -0.198695 1.25529E-05
  o   8   7.151785 -1.578214  0.596249  0.000000 1.64841E-04
  f   9   4.649790  0.229790  2.404253  1.808004 6.16147E-07
 ne  10   7.396613 -0.573387  1.601076  1.004827 3.65359E-04
 na  11   5.437214 -0.802785  1.371677  0.775429 4.57025E-06
 mg  12   6.381471 -1.258529  0.915934  0.319685 4.24965E-05
 al  13   4.714215 -1.735785  0.438678 -0.157571 1.01502E-06
 si  14   5.447901 -2.102099  0.072363 -0.523885 5.72239E-06
  p  15   3.815955 -1.594045  0.580418 -0.015831 1.47278E-07
  s  16   4.998104 -2.151896  0.022566 -0.573682 2.31911E-06
 cl  17   3.072878 -2.157122  0.017341 -0.578908 3.04591E-08
 ar  18   4.266124 -2.173876  0.000587 -0.595662 5.35557E-07
  k  19   2.913654 -2.166346  0.008117 -0.588131 2.32806E-08
 ca  20   4.114845 -2.175155 -0.000692 -0.596941 3.79260E-07
 sc  21   0.944071 -2.105929  0.068534 -0.527715 2.87108E-10
 ti  22   2.742374 -2.167625  0.006837 -0.589411 1.92131E-08
  v  23   1.785969 -2.174031  0.000432 -0.595817 2.26064E-09
 cr  24   3.447378 -2.192622 -0.018159 -0.614408 1.05812E-07
 mn  25   3.303821 -2.176179 -0.001717 -0.597965 8.03304E-08
 fe  26   5.365502 -2.174498  0.000000 -0.596284 9.41180E-06
 co  27   2.864531 -2.005469  0.169029 -0.427255 3.13383E-08
 ni  28   4.048379 -2.151620  0.022878 -0.573406 4.76598E-07
 cu  29   2.273968 -1.976032  0.198466 -0.397818 8.67446E-09
 zn  30   2.514107 -2.115893  0.058605 -0.537679 1.55214E-08
 ga  31   1.154150 -1.925850  0.248648 -0.347636 7.22292E-10
 ge  32   1.610343 -1.969657  0.204841 -0.391443 2.15132E-09
 as  33   0.276185 -2.023815  0.150683 -0.445601 1.02797E-10
 se  34   1.434564 -1.905436  0.269062 -0.327222 1.56012E-09
 br  35   0.629081 -1.910919  0.263579 -0.332705 2.47079E-10
 kr  36   1.878899 -1.371101  0.803397  0.207113 4.60595E-09
 rb  37   1.127639 -1.392361  0.782137  0.185853 8.32969E-10
 sr  38   1.475306 -1.404695  0.769804  0.173520 1.90149E-09
  y  39   0.910488 -1.299512  0.874986  0.278702 5.25540E-10
 zr  40   1.374475 -1.155525  1.018973  0.422689 1.56953E-09
 nb  41   0.149377 -1.260623  0.913875  0.317591 9.51935E-11
 mo  42   0.575704 -1.364296  0.810202  0.213918 2.62355E-10
 tc  43  -0.948641 -9.000000  0.000000  0.000000 8.01257E-12
 ru  44   0.181442 -1.578558  0.595940 -0.000344 1.11494E-10
 rh  45  -0.769602 -1.829602  0.344896 -0.251388 1.27065E-11
 pd  46   0.101979 -1.548021  0.626477  0.030193 9.77662E-11
 ag  47  -0.605368 -1.805368  0.369130 -0.227154 1.94407E-11
 cd  48   0.218701 -1.491299  0.683199  0.086915 1.35113E-10
 in  49  -0.870610 -1.630610  0.543888 -0.052396 1.12353E-11
 sn  50   0.785921 -1.284079  0.890419  0.294135 5.26738E-10
 sb  51  -0.643342 -1.653342  0.521156 -0.075128 2.01071E-11
 te  52   0.459616 -1.720384  0.454114 -0.142170 2.67087E-10
  i  53  -0.401633 -1.951633  0.222865 -0.373419 3.65619E-11
 xe  54   0.759192 -1.480808  0.693690  0.097406 5.47797E-10
 cs  55  -0.545731 -1.625731  0.548767 -0.047516 2.74788E-11
 ba  56   1.434852 -0.745148  1.429350  0.833066 2.71515E-09
 la  57   0.415095 -0.754905  1.419593  0.823310 2.62424E-10
 ce  58   0.973704 -0.606296  1.568202  0.971918 9.58029E-10
 pr  59  -0.076564 -0.836564  1.337934  0.741650 8.58141E-11
 nd  60   0.631376 -0.818624  1.355874  0.759590 4.48383E-10
 pm  61   0.000000 -9.000000  0.000000  0.000000 2.24376E-36
 sm  62  -0.115799 -1.055799  1.118699  0.522415 8.36604E-11
 eu  63  -1.090750 -1.600750  0.573748 -0.022536 8.95730E-12
 gd  64  -0.236403 -1.286402  0.888096  0.291812 6.62787E-11
 tb  65  -1.155136 -1.475136  0.699362  0.103078 8.07687E-12
 dy  66  -0.086694 -1.216694  0.957804  0.361520 9.66821E-11
 ho  67  -1.076375 -1.546375  0.628123  0.031839 1.00487E-11
 er  68  -0.258886 -1.178886  0.995612  0.399328 6.69407E-11
 tm  69  -1.200560 -1.320560  0.853938  0.257655 7.73292E-12
 yb  70   0.067395 -0.852605  1.321893  0.725609 1.46801E-10
 lu  71  -0.866049 -0.956049  1.218449  0.622165 1.73019E-11
 hf  72  -0.003071 -0.713071  1.461427  0.865143 1.28745E-10
 ta  73  -0.955487 -0.835487  1.339011  0.742727 1.45631E-11
  w  74  -0.028831 -0.678831  1.495667  0.899383 1.24967E-10
 re  75  -0.938830 -1.198830  0.975668  0.379384 1.55723E-11
 os  76  -0.028380 -1.378380  0.796118  0.199834 1.29445E-10
 ir  77  -0.565539 -1.885539  0.288959 -0.307325 3.79698E-11
 pt  78   0.053985 -1.566015  0.608483  0.012199 1.60465E-10
 au  79  -0.733421 -1.533421  0.641077  0.044793 2.64337E-11
 hg  80   0.468672 -0.701328  1.473170  0.876886 4.28714E-10
 tl  81   0.319814 -0.450186  1.724312  1.128028 3.10059E-10
 pb  82   2.163901  0.123901  2.298399  1.702116 2.19522E-08
 bi  83   0.782384  0.132384  2.306882  1.710598 9.19761E-10
 po  84   1.270852 -9.000000  0.000000  0.000000 2.83260E-09
#[ls/Fe]_Bisterzo =   0.9470, [hs/Fe]_Bisterzo =   1.2981
#[hs/ls]_Bisterzo =   0.3511, [Pb/hs]_Bisterzo =   1.0003
#[ls/Fe]_Thiswork =   0.8879, [hs/Fe]_Thiswork =   1.4724
#[hs/ls]_Thiswork =   0.5845, [Pb/hs]_Thiswork =   0.8260
# C/O = 2.1033E+01, c12/c13 = 5.96561E+03, n14/n15 = 1.75544E+03
# o16/o17 = 1.62439E+03, o16/o18 = 2.52496E+03
# mg24/mg25 = 5.6844E-01, mg24/mg26 = 2.9852E-01
#
#  TP   Mass     Mcore    Menv    log L
# 10 2.462750 0.747590 1.715160 4.247110
# El  Z   log e(X)   [X/H]    [X/Fe]     [X/O]      X(i)
  p   1  12.000000  0.000000  0.000000  0.000000 7.31913E-01
 he   2  10.969131  0.039130  2.213628  1.617344 2.70717E-01
 li   3   0.317484 -2.942516 -0.768018 -1.364302 1.04690E-11
 be   4   0.572121 -0.727879  0.000000  0.000000 2.44310E-11
  b   5   0.000000 -2.790000  0.000000  0.000000 3.79976E-28
  c   6   8.500434  0.030434  2.204932  1.608648 2.76065E-03
  n   7   6.083395 -1.786604  0.387894 -0.208390 1.23237E-05
  o   8   7.151425 -1.578574  0.595924  0.000000 1.64633E-04
  f   9   4.751462  0.331462  2.505960  1.910037 7.78340E-07
 ne  10   7.402653 -0.567347  1.607151  1.011227 3.70316E-04
 na  11   5.428529 -0.811471  1.363028  0.767104 4.47782E-06
 mg  12   6.426033 -1.213967  0.960531  0.364607 4.70682E-05
 al  13   4.768060 -1.681940  0.492558 -0.103366 1.14850E-06
 si  14   5.457970 -2.092031  0.082468 -0.513456 5.85408E-06
  p  15   3.884139 -1.525861  0.648637  0.052713 1.72240E-07
  s  16   5.001573 -2.148427  0.026071 -0.569853 2.33670E-06
 cl  17   3.076997 -2.153003  0.021495 -0.574429 3.07361E-08
 ar  18   4.266282 -2.173718  0.000780 -0.595144 5.35521E-07
  k  19   2.914438 -2.165562  0.008936 -0.586987 2.33126E-08
 ca  20   4.114893 -2.175107 -0.000608 -0.596532 3.79139E-07
 sc  21   0.950115 -2.099885  0.074613 -0.521311 2.91006E-10
 ti  22   2.742998 -2.167002  0.007496 -0.588428 1.92324E-08
  v  23   1.786078 -2.173922  0.000576 -0.595347 2.26023E-09
 cr  24   3.447558 -2.192441 -0.017943 -0.613867 1.05810E-07
 mn  25   3.303836 -2.176164 -0.001666 -0.597590 8.02986E-08
 fe  26   5.365628 -2.174372  0.000000 -0.595798 9.41046E-06
 co  27   2.874872 -1.995128  0.179245 -0.416553 3.20796E-08
 ni  28   4.048951 -2.151049  0.023323 -0.572475 4.77019E-07
 cu  29   2.276879 -1.973121  0.201252 -0.394547 8.72903E-09
 zn  30   2.515159 -2.114841  0.059531 -0.536267 1.55523E-08
 ga  31   1.157639 -1.922361  0.252011 -0.343787 7.27802E-10
 ge  32   1.613280 -1.966720  0.207653 -0.388145 2.16499E-09
 as  33   0.278008 -2.021992  0.152380 -0.443418 1.03185E-10
 se  34   1.438258 -1.901742  0.272630 -0.323168 1.57277E-09
 br  35   0.632512 -1.907488  0.266884 -0.328914 2.48931E-10
 kr  36   1.890967 -1.359033  0.815340  0.219542 4.73369E-09
 rb  37   1.139617 -1.380383  0.793989  0.198191 8.55894E-10
 sr  38   1.483526 -1.396474  0.777898  0.182100 1.93700E-09
  y  39   0.917563 -1.292437  0.881936  0.286138 5.33941E-10
 zr  40   1.381512 -1.148488  1.025884  0.430086 1.59448E-09
 nb  41   0.155167 -1.254833  0.919539  0.323741 9.64294E-11
 mo  42   0.580447 -1.359553  0.814819  0.219021 2.65122E-10
 tc  43  -0.957259 -9.000000  0.000000  0.000000 7.85174E-12
 ru  44   0.188352 -1.571648  0.602724  0.006926 1.13233E-10
 rh  45  -0.764975 -1.824975  0.349398 -0.246400 1.28370E-11
 pd  46   0.112711 -1.537289  0.637083  0.041285 1.00169E-10
 ag  47  -0.596390 -1.796390  0.377982 -0.217816 1.98382E-11
 cd  48   0.241218 -1.468782  0.705590  0.109792 1.42241E-10
 in  49  -0.845851 -1.605851  0.568521 -0.027277 1.18894E-11
 sn  50   0.813708 -1.256292  0.918081  0.322283 5.61299E-10
 sb  51  -0.622810 -1.632810  0.541562 -0.054236 2.10714E-11
 te  52   0.477504 -1.702496  0.471876 -0.123922 2.78198E-10
  i  53  -0.394436 -1.944436  0.229936 -0.365862 3.71568E-11
 xe  54   0.773736 -1.466264  0.708108  0.112310 5.66209E-10
 cs  55  -0.534492 -1.614493  0.559880 -0.035918 2.81869E-11
 ba  56   1.458097 -0.721904  1.452469  0.856671 2.86320E-09
 la  57   0.442701 -0.727299  1.447074  0.851276 2.79525E-10
 ce  58   0.996947 -0.583053  1.591319  0.995521 1.01026E-09
 pr  59  -0.052691 -0.812691  1.361681  0.765883 9.06239E-11
 nd  60   0.649596 -0.800404  1.373968  0.778170 4.67391E-10
 pm  61   0.000000 -9.000000  0.000000  0.000000 2.05356E-36
 sm  62  -0.098394 -1.038394  1.135978  0.540180 8.70436E-11
 eu  63  -1.074804 -1.584804  0.589568 -0.006230 9.28828E-12
 gd  64  -0.216431 -1.266431  0.907942  0.312144 6.93679E-11
 tb  65  -1.137244 -1.457244  0.717128  0.121330 8.41293E-12
 dy  66  -0.067507 -1.197507  0.976865  0.381067 1.01006E-10
 ho  67  -1.059728 -1.529728  0.644644  0.048846 1.04369E-11
 er  68  -0.237106 -1.157106  1.017266  0.421468 7.03529E-11
 tm  69  -1.181095 -1.301095  0.873277  0.277479 8.08389E-12
 yb  70   0.089604 -0.830396  1.343976  0.748179 1.54436E-10
 lu  71  -0.844499 -0.934499  1.239874  0.644076 1.81742E-11
 hf  72   0.018734 -0.691266  1.483106  0.887308 1.35315E-10
 ta  73  -0.933966 -0.813966  1.360407  0.764609 1.52963E-11
  w  74  -0.007310 -0.657310  1.517062  0.921264 1.31259E-10
 re  75  -0.915829 -1.175829  0.998544  0.402745 1.64122E-11
 os  76  -0.010525 -1.360525  0.813847  0.218049 1.34820E-10
 ir  77  -0.554424 -1.874424  0.299948 -0.295850 3.89374E-11
 pt  78   0.069550 -1.550450  0.623922  0.028124 1.66248E-10
 au  79  -0.717305 -1.517305  0.657067  0.061269 2.74213E-11
 hg  80   0.489730 -0.680270  1.494102  0.898304 4.49819E-10
 tl  81   0.344189 -0.425811  1.748561  1.152763 3.27818E-10
 pb  82   2.158737  0.118737  2.293109  1.697311 2.16833E-08
 bi  83   0.780519  0.130519  2.304891  1.709093 9.15424E-10
 po  84   1.232303 -9.000000  0.000000  0.000000 2.59088E-09
#[ls/Fe]_Bisterzo =   0.9539, [hs/Fe]_Bisterzo =   1.3190
#[hs/ls]_Bisterzo =   0.3651, [Pb/hs]_Bisterzo =   0.9741
#[ls/Fe]_Thiswork =   0.8952, [hs/Fe]_Thiswork =   1.4970
#[hs/ls]_Thiswork =   0.6017, [Pb/hs]_Thiswork =   0.7962
# C/O = 2.2336E+01, c12/c13 = 5.99533E+03, n14/n15 = 1.70441E+03
# o16/o17 = 1.65742E+03, o16/o18 = 2.47052E+03
# mg24/mg25 = 4.8793E-01, mg24/mg26 = 2.5706E-01
#
#  TP   Mass     Mcore    Menv    log L
# 11 2.459680 0.747840 1.711840 4.253880
# El  Z   log e(X)   [X/H]    [X/Fe]     [X/O]      X(i)
  p   1  12.000000  0.000000  0.000000  0.000000 7.31194E-01
 he   2  10.970260  0.040259  2.214632  1.618834 2.71155E-01
 li   3   1.265595 -1.994405  0.179968 -0.415830 9.28088E-11
 be   4   1.507042  0.207042  0.000000  0.000000 2.10104E-10
  b   5   0.000000 -2.790000  0.000000  0.000000 1.64493E-27
  c   6   8.538332  0.068332  2.242704  1.646906 3.00942E-03
  n   7   6.079171 -1.790829  0.383543 -0.212255 1.21924E-05
  o   8   7.163303 -1.566697  0.607676  0.000000 1.69032E-04
  f   9   4.838983  0.418983  2.593355  1.985680 9.51180E-07
 ne  10   7.420036 -0.549964  1.624408  1.016733 3.85060E-04
 na  11   5.430595 -0.809404  1.364968  0.757292 4.49476E-06
 mg  12   6.476670 -1.163330  1.011042  0.403367 5.28369E-05
 al  13   4.822461 -1.627539  0.546833 -0.060843 1.30049E-06
 si  14   5.469387 -2.080613  0.093759 -0.513916 6.00411E-06
  p  15   3.951832 -1.458168  0.716204  0.108529 2.01095E-07
  s  16   5.006977 -2.143023  0.031349 -0.576327 2.36363E-06
 cl  17   3.086107 -2.143893  0.030479 -0.577196 3.13568E-08
 ar  18   4.266746 -2.173254  0.001118 -0.606558 5.35566E-07
  k  19   2.916151 -2.163849  0.010523 -0.597152 2.33818E-08
 ca  20   4.115147 -2.174853 -0.000481 -0.608156 3.78988E-07
 sc  21   0.963580 -2.086420  0.087952 -0.519723 2.99875E-10
 ti  22   2.745016 -2.164984  0.009388 -0.598287 1.93030E-08
  v  23   1.786945 -2.173055  0.001318 -0.606358 2.26253E-09
 cr  24   3.448038 -2.191962 -0.017590 -0.625265 1.05823E-07
 mn  25   3.303982 -2.176018 -0.001646 -0.609322 8.02465E-08
 fe  26   5.365932 -2.174068  0.000000 -0.607372 9.40779E-06
 co  27   2.889756 -1.980244  0.193825 -0.413547 3.31655E-08
 ni  28   4.050361 -2.149639  0.024430 -0.582942 4.78101E-07
 cu  29   2.283323 -1.966677  0.207392 -0.399980 8.85082E-09
 zn  30   2.517196 -2.112804  0.061264 -0.546108 1.56101E-08
 ga  31   1.164162 -1.915838  0.258230 -0.349142 7.38091E-10
 ge  32   1.619431 -1.960568  0.213500 -0.393872 2.19371E-09
 as  33   0.282259 -2.017741  0.156327 -0.451044 1.04098E-10
 se  34   1.445951 -1.894049  0.280019 -0.327353 1.59930E-09
 br  35   0.639473 -1.900527  0.273541 -0.333830 2.52704E-10
 kr  36   1.905099 -1.344901  0.829167  0.221796 4.88545E-09
 rb  37   1.154754 -1.365246  0.808822  0.201450 8.85379E-10
 sr  38   1.496171 -1.383829  0.790239  0.182868 1.99226E-09
  y  39   0.929429 -1.280571  0.893497  0.286126 5.48191E-10
 zr  40   1.393137 -1.136863  1.037205  0.429834 1.63613E-09
 nb  41   0.165559 -1.244441  0.929627  0.322255 9.86675E-11
 mo  42   0.589890 -1.350111  0.823958  0.216586 2.70683E-10
 tc  43  -0.960498 -9.000000  0.000000  0.000000 7.78575E-12
 ru  44   0.199119 -1.560881  0.613187  0.005815 1.15961E-10
 rh  45  -0.757725 -1.817725  0.356344 -0.251028 1.30403E-11
 pd  46   0.126283 -1.523717  0.650351  0.042979 1.03247E-10
 ag  47  -0.585529 -1.785529  0.388539 -0.218833 2.03205E-11
 cd  48   0.263327 -1.446673  0.727395  0.120023 1.49523E-10
 in  49  -0.822868 -1.582868  0.591200 -0.016172 1.25232E-11
 sn  50   0.839026 -1.230973  0.943095  0.335723 5.94410E-10
 sb  51  -0.602970 -1.612970  0.561098 -0.046273 2.20347E-11
 te  52   0.495828 -1.684172  0.489896 -0.117476 2.89901E-10
  i  53  -0.386512 -1.936512  0.237557 -0.369815 3.78038E-11
 xe  54   0.790099 -1.449901  0.724168  0.116796 5.87371E-10
 cs  55  -0.521604 -1.601604  0.572465 -0.034907 2.90075E-11
 ba  56   1.481782 -0.698218  1.475850  0.868479 3.02072E-09
 la  57   0.469343 -0.700657  1.473412  0.866040 2.96918E-10
 ce  58   1.020618 -0.559382  1.614687  1.007315 1.06581E-09
 pr  59  -0.028735 -0.788735  1.385333  0.777961 9.56692E-11
 nd  60   0.669265 -0.780735  1.393333  0.785961 4.88565E-10
 pm  61   0.000000 -9.000000  0.000000  0.000000 2.00482E-35
 sm  62  -0.078782 -1.018782  1.155286  0.547915 9.09750E-11
 eu  63  -1.057546 -1.567546  0.606523 -0.000849 9.65533E-12
 gd  64  -0.195303 -1.245303  0.928766  0.321394 7.27545E-11
 tb  65  -1.118337 -1.438337  0.735732  0.128360 8.77865E-12
 dy  66  -0.047300 -1.177300  0.996768  0.389396 1.05712E-10
 ho  67  -1.042115 -1.512115  0.661953  0.054581 1.08582E-11
 er  68  -0.214884 -1.134884  1.039185  0.431813 7.39738E-11
 tm  69  -1.160770 -1.280770  0.893298  0.285926 8.46289E-12
 yb  70   0.112547 -0.807453  1.366615  0.759244 1.62654E-10
 lu  71  -0.822209 -0.912209  1.261859  0.654487 1.91126E-11
 hf  72   0.041101 -0.668899  1.505170  0.897798 1.42327E-10
 ta  73  -0.911885 -0.791885  1.382183  0.774811 1.60783E-11
  w  74   0.014799 -0.635201  1.538868  0.931496 1.37978E-10
 re  75  -0.893279 -1.153279  1.020789  0.413418 1.72699E-11
 os  76   0.008492 -1.341508  0.832561  0.225189 1.40716E-10
 ir  77  -0.542605 -1.862605  0.311463 -0.295909 3.99722E-11
 pt  78   0.086589 -1.533411  0.640657  0.033285 1.72730E-10
 au  79  -0.699862 -1.499862  0.674206  0.066834 2.85169E-11
 hg  80   0.511806 -0.658193  1.515875  0.908503 4.72811E-10
 tl  81   0.368467 -0.401533  1.772536  1.165164 3.46325E-10
 pb  82   2.171402  0.131402  2.305470  1.698099 2.23030E-08
 bi  83   0.799646  0.149646  2.323715  1.716343 9.55704E-10
 po  84   1.236052 -9.000000  0.000000  0.000000 2.61078E-09
#[ls/Fe]_Bisterzo =   0.9654, [hs/Fe]_Bisterzo =   1.3407
#[hs/ls]_Bisterzo =   0.3753, [Pb/hs]_Bisterzo =   0.9648
#[ls/Fe]_Thiswork =   0.9070, [hs/Fe]_Thiswork =   1.5213
#[hs/ls]_Thiswork =   0.6143, [Pb/hs]_Thiswork =   0.7842
# C/O = 2.3715E+01, c12/c13 = 3.88473E+03, n14/n15 = 1.74176E+03
# o16/o17 = 1.72240E+03, o16/o18 = 2.49365E+03
# mg24/mg25 = 4.1707E-01, mg24/mg26 = 2.2160E-01
#
#  TP   Mass     Mcore    Menv    log L
# 12 2.452190 0.748070 1.704120 4.259560
# El  Z   log e(X)   [X/H]    [X/Fe]     [X/O]      X(i)
  p   1  12.000000  0.000000  0.000000  0.000000 7.29952E-01
 he   2  10.972392  0.042392  2.216460  1.609088 2.72026E-01
 li   3   1.186007 -2.073993  0.100075 -0.507297 7.71370E-11
 be   4   1.407122  0.107122  0.000000  0.000000 1.66639E-10
  b   5   0.000000 -2.790000  0.000000  0.000000 1.20591E-25
  c   6   8.581490  0.111489  2.285558  1.678186 3.31820E-03
  n   7   6.078457 -1.791543  0.382526 -0.224846 1.21517E-05
  o   8   7.184663 -1.545337  0.628732  0.000000 1.77251E-04
  f   9   4.941270  0.521270  2.695339  2.066607 1.20174E-06
 ne  10   7.456222 -0.513778  1.660291  1.031559 4.17808E-04
 na  11   5.449450 -0.790550  1.383519  0.754787 4.68622E-06
 mg  12   6.536260 -1.103740  1.070329  0.441597 6.05047E-05
 al  13   4.881635 -1.568365  0.605703 -0.023028 1.48779E-06
 si  14   5.482096 -2.067904  0.106164 -0.522568 6.17190E-06
  p  15   4.013492 -1.396508  0.777561  0.148829 2.31379E-07
  s  16   5.012133 -2.137867  0.036201 -0.592530 2.38780E-06
 cl  17   3.093803 -2.136197  0.037872 -0.590860 3.18632E-08
 ar  18   4.267421 -2.172579  0.001490 -0.627242 5.35488E-07
  k  19   2.918073 -2.161927  0.012141 -0.616590 2.34456E-08
 ca  20   4.115616 -2.174384 -0.000315 -0.629047 3.78753E-07
 sc  21   0.976173 -2.073827  0.100242 -0.528490 3.08173E-10
 ti  22   2.747268 -2.162732  0.011336 -0.617395 1.93703E-08
  v  23   1.787921 -2.172079  0.001989 -0.626742 2.26376E-09
 cr  24   3.448792 -2.191207 -0.017139 -0.645871 1.05827E-07
 mn  25   3.304420 -2.175581 -0.001512 -0.630244 8.01910E-08
 fe  26   5.366511 -2.173489  0.000000 -0.628152 9.40436E-06
 co  27   2.905838 -1.964162  0.209327 -0.418825 3.43581E-08
 ni  28   4.051944 -2.148056  0.025433 -0.602719 4.79031E-07
 cu  29   2.291516 -1.958484  0.215005 -0.413147 9.00406E-09
 zn  30   2.520497 -2.109503  0.063986 -0.564166 1.57025E-08
 ga  31   1.174527 -1.905473  0.268016 -0.360136 7.54635E-10
 ge  32   1.629689 -1.950311  0.223178 -0.404974 2.24232E-09
 as  33   0.289854 -2.010146  0.163343 -0.464809 1.05754E-10
 se  34   1.460690 -1.879309  0.294179 -0.333973 1.65170E-09
 br  35   0.652997 -1.887003  0.286486 -0.341666 2.60255E-10
 kr  36   1.937635 -1.312365  0.861124  0.232972 5.25657E-09
 rb  37   1.186165 -1.333835  0.839653  0.211502 9.50172E-10
 sr  38   1.527996 -1.352004  0.821485  0.193333 2.14009E-09
  y  39   0.961796 -1.248204  0.925284  0.297132 5.89604E-10
 zr  40   1.426208 -1.103792  1.069696  0.441544 1.76258E-09
 nb  41   0.199072 -1.210928  0.962561  0.334409 1.06402E-10
 mo  42   0.619417 -1.320583  0.852906  0.224754 2.89234E-10
 tc  43  -0.941874 -9.000000  0.000000  0.000000 8.11308E-12
 ru  44   0.226945 -1.533055  0.640434  0.012282 1.23424E-10
 rh  45  -0.738121 -1.798121  0.375368 -0.252784 1.36192E-11
 pd  46   0.158945 -1.491055  0.682434  0.054282 1.11122E-10
 ag  47  -0.559434 -1.759434  0.414055 -0.214097 2.15423E-11
 cd  48   0.311438 -1.398562  0.774926  0.146774 1.66755E-10
 in  49  -0.773514 -1.533514  0.639975  0.011823 1.40065E-11
 sn  50   0.890689 -1.179311  0.994178  0.366026 6.68359E-10
 sb  51  -0.561152 -1.571151  0.602337 -0.025815 2.42207E-11
 te  52   0.536032 -1.643968  0.529520 -0.098632 3.17480E-10
  i  53  -0.367749 -1.917749  0.255739 -0.372412 3.94057E-11
 xe  54   0.824594 -1.415406  0.758082  0.129930 6.34846E-10
 cs  55  -0.490433 -1.570433  0.603056 -0.025096 3.11130E-11
 ba  56   1.527497 -0.652503  1.520986  0.892834 3.35033E-09
 la  57   0.518783 -0.651217  1.522271  0.894119 3.32152E-10
 ce  58   1.065110 -0.514890  1.658599  1.030447 1.17878E-09
 pr  59   0.016469 -0.743531  1.429958  0.801806 1.05983E-10
 nd  60   0.710254 -0.739746  1.433742  0.805590 5.36010E-10
 pm  61   0.000000 -9.000000  0.000000  0.000000 1.89149E-35
 sm  62  -0.038345 -0.978345  1.195143  0.566991 9.96829E-11
 eu  63  -1.023357 -1.533357  0.640131  0.011979 1.04284E-11
 gd  64  -0.154387 -1.204387  0.969101  0.340949 7.98061E-11
 tb  65  -1.081390 -1.401390  0.772098  0.143946 9.54192E-12
 dy  66  -0.007116 -1.137116  1.036372  0.408220 1.15763E-10
 ho  67  -1.006699 -1.476699  0.696790  0.068638 1.17607E-11
 er  68  -0.172214 -1.092214  1.081275  0.453123 8.14722E-11
 tm  69  -1.120892 -1.240892  0.932597  0.304445 9.26102E-12
 yb  70   0.157100 -0.762900  1.410588  0.782436 1.79920E-10
 lu  71  -0.779116 -0.869116  1.304373  0.676221 2.10704E-11
 hf  72   0.084045 -0.625955  1.547534  0.919382 1.56853E-10
 ta  73  -0.869724 -0.749724  1.423764  0.795612 1.76874E-11
  w  74   0.056901 -0.593099  1.580390  0.952238 1.51766E-10
 re  75  -0.852577 -1.112577  1.060911  0.432760 1.89344E-11
 os  76   0.045540 -1.304460  0.869028  0.240877 1.52986E-10
 ir  77  -0.519489 -1.839489  0.333999 -0.294153 4.20858E-11
 pt  78   0.120772 -1.499228  0.674261  0.046109 1.86558E-10
 au  79  -0.665289 -1.465289  0.708200  0.080048 3.08275E-11
 hg  80   0.555371 -0.614629  1.558860  0.930708 5.21811E-10
 tl  81   0.413471 -0.356529  1.816960  1.188808 3.83486E-10
 pb  82   2.200390  0.160390  2.333879  1.705727 2.38020E-08
 bi  83   0.826542  0.176542  2.350030  1.721879 1.01503E-09
 po  84   1.249674 -9.000000  0.000000  0.000000 2.68939E-09
#[ls/Fe]_Bisterzo =   0.9975, [hs/Fe]_Bisterzo =   1.3837
#[hs/ls]_Bisterzo =   0.3862, [Pb/hs]_Bisterzo =   0.9502
#[ls/Fe]_Thiswork =   0.9388, [hs/Fe]_Thiswork =   1.5673
#[hs/ls]_Thiswork =   0.6285, [Pb/hs]_Thiswork =   0.7666
# C/O = 2.4936E+01, c12/c13 = 3.36019E+03, n14/n15 = 1.76135E+03
# o16/o17 = 1.81410E+03, o16/o18 = 2.53082E+03
# mg24/mg25 = 3.5533E-01, mg24/mg26 = 1.9283E-01
#
#  TP   Mass     Mcore    Menv    log L
# 13 2.433030 0.748300 1.684730 4.264200
# El  Z   log e(X)   [X/H]    [X/Fe]     [X/O]      X(i)
  p   1  12.000000  0.000000  0.000000  0.000000 7.28061E-01
 he   2  10.975559  0.045559  2.219048  1.590896 2.73308E-01
 li   3   1.071628 -2.188372 -0.014884 -0.643036 5.91231E-11
 be   4   1.280202 -0.019798  0.000000  0.000000 1.24088E-10
  b   5   0.000000 -2.790000  0.000000  0.000000 4.85227E-26
  c   6   8.644953  0.174953  2.348441  1.720289 3.83036E-03
  n   7   6.080722 -1.789278  0.384211 -0.243941 1.21836E-05
  o   8   7.221424 -1.508576  0.664913  0.000000 1.92408E-04
  f   9   5.035204  0.615204  2.788693  2.123780 1.48806E-06
 ne  10   7.506589 -0.463411  1.710078  1.045165 4.67969E-04
 na  11   5.488327 -0.751673  1.421815  0.756903 5.11179E-06
 mg  12   6.609670 -1.030330  1.143159  0.478246 7.14617E-05
 al  13   4.951997 -1.498003  0.675486  0.010573 1.74493E-06
 si  14   5.499436 -2.050564  0.122924 -0.541988 6.40669E-06
  p  15   4.084167 -1.325832  0.847656  0.182744 2.71564E-07
  s  16   5.019587 -2.130413  0.043076 -0.621837 2.42285E-06
 cl  17   3.105784 -2.124216  0.049273 -0.615640 3.26697E-08
 ar  18   4.268477 -2.171523  0.001966 -0.662947 5.35401E-07
  k  19   2.921204 -2.158796  0.014692 -0.650220 2.35541E-08
 ca  20   4.116332 -2.173668 -0.000180 -0.665092 3.78395E-07
 sc  21   0.996695 -2.053305  0.120183 -0.544729 3.22248E-10
 ti  22   2.751039 -2.158961  0.014527 -0.650385 1.94887E-08
  v  23   1.789701 -2.170300  0.003189 -0.661724 2.26717E-09
 cr  24   3.449949 -2.190051 -0.016562 -0.681475 1.05834E-07
 mn  25   3.304996 -2.175004 -0.001515 -0.666428 8.00897E-08
 fe  26   5.367343 -2.172657  0.000000 -0.664081 9.39800E-06
 co  27   2.930449 -1.939551  0.233105 -0.430975 3.62673E-08
 ni  28   4.055226 -2.144773  0.027883 -0.636198 4.81415E-07
 cu  29   2.308561 -1.941439  0.231218 -0.432863 9.34021E-09
 zn  30   2.526853 -2.103148  0.069509 -0.594572 1.58927E-08
 ga  31   1.193991 -1.886009  0.286647 -0.377433 7.87180E-10
 ge  32   1.648489 -1.931511  0.241146 -0.422935 2.33546E-09
 as  33   0.303391 -1.996608  0.176048 -0.488033 1.08820E-10
 se  34   1.484366 -1.855633  0.317023 -0.347058 1.73973E-09
 br  35   0.674459 -1.865541  0.307116 -0.356965 2.72732E-10
 kr  36   1.978920 -1.271080  0.901577  0.237496 5.76582E-09
 rb  37   1.226843 -1.293157  0.879499  0.215419 1.04077E-09
 sr  38   1.568666 -1.311335  0.861322  0.197241 2.34410E-09
  y  39   1.003409 -1.206591  0.966066  0.301985 6.47214E-10
 zr  40   1.468678 -1.061322  1.111334  0.447253 1.93862E-09
 nb  41   0.241640 -1.168360  1.004297  0.340216 1.17055E-10
 mo  42   0.659085 -1.280915  0.891742  0.227661 3.16077E-10
 tc  43  -0.916953 -9.000000  0.000000  0.000000 8.57000E-12
 ru  44   0.264057 -1.495943  0.676714  0.012633 1.34087E-10
 rh  45  -0.712177 -1.772177  0.400479 -0.263601 1.44202E-11
 pd  46   0.198018 -1.451982  0.720675  0.056594 1.21269E-10
 ag  47  -0.528592 -1.728592  0.444064 -0.220016 2.30679E-11
 cd  48   0.360575 -1.349425  0.823231  0.159151 1.86248E-10
 in  49  -0.724866 -1.484866  0.687791  0.023710 1.56261E-11
 sn  50   0.944010 -1.125990  1.046666  0.382586 7.53710E-10
 sb  51  -0.514437 -1.524437  0.648220 -0.015861 2.69014E-11
 te  52   0.582835 -1.597165  0.575492 -0.088589 3.52690E-10
  i  53  -0.344233 -1.894233  0.278424 -0.385657 4.14906E-11
 xe  54   0.867229 -1.372772  0.799885  0.135804 6.98518E-10
 cs  55  -0.452232 -1.532232  0.640424 -0.023656 3.38857E-11
 ba  56   1.579686 -0.600314  1.572343  0.908262 3.76833E-09
 la  57   0.573504 -0.596496  1.576161  0.912080 3.75779E-10
 ce  58   1.117929 -0.462071  1.710586  1.046505 1.32777E-09
 pr  59   0.069489 -0.690511  1.482146  0.818065 1.19435E-10
 nd  60   0.760517 -0.689483  1.483174  0.819093 6.00221E-10
 pm  61   0.000000 -9.000000  0.000000  0.000000 1.56429E-35
 sm  62   0.011558 -0.928442  1.244214  0.580133 1.11531E-10
 eu  63  -0.980947 -1.490947  0.681709  0.017628 1.14683E-11
 gd  64  -0.104652 -1.154652  1.018004  0.353924 8.92578E-11
 tb  65  -1.035973 -1.355973  0.816684  0.152603 1.05664E-11
 dy  66   0.042027 -1.087973  1.084683  0.420602 1.29297E-10
 ho  67  -0.962964 -1.432964  0.739692  0.075612 1.29731E-11
 er  68  -0.121346 -1.041347  1.131310  0.467229 9.13588E-11
 tm  69  -1.072556 -1.192557  0.980100  0.316019 1.03245E-11
 yb  70   0.210093 -0.709907  1.462749  0.798668 2.02743E-10
 lu  71  -0.727248 -0.817248  1.355408  0.691328 2.36819E-11
 hf  72   0.136291 -0.573709  1.598947  0.934866 1.76446E-10
 ta  73  -0.818053 -0.698053  1.474603  0.810523 1.98705E-11
  w  74   0.108812 -0.541188  1.631469  0.967388 1.70593E-10
 re  75  -0.802500 -1.062500  1.110157  0.446076 2.11936E-11
 os  76   0.091722 -1.258278  0.914379  0.250298 1.69711E-10
 ir  77  -0.489719 -1.809719  0.362937 -0.301144 4.49552E-11
 pt  78   0.163841 -1.456159  0.716498  0.052417 2.05474E-10
 au  79  -0.621767 -1.421767  0.750890  0.086809 3.39887E-11
 hg  80   0.608176 -0.561824  1.610833  0.946752 5.87750E-10
 tl  81   0.467761 -0.302239  1.870418  1.206337 4.33424E-10
 pb  82   2.248871  0.208871  2.381527  1.717447 2.65441E-08
 bi  83   0.876122  0.226122  2.398778  1.734697 1.13484E-09
 po  84   1.298070 -9.000000  0.000000  0.000000 2.99864E-09
#[ls/Fe]_Bisterzo =   1.0387, [hs/Fe]_Bisterzo =   1.4345
#[hs/ls]_Bisterzo =   0.3958, [Pb/hs]_Bisterzo =   0.9470
#[ls/Fe]_Thiswork =   0.9796, [hs/Fe]_Thiswork =   1.6197
#[hs/ls]_Thiswork =   0.6401, [Pb/hs]_Thiswork =   0.7618
# C/O = 2.6517E+01, c12/c13 = 3.35924E+03, n14/n15 = 1.77471E+03
# o16/o17 = 1.96391E+03, o16/o18 = 2.70182E+03
# mg24/mg25 = 3.0098E-01, mg24/mg26 = 1.6611E-01
#
#  TP   Mass     Mcore    Menv    log L
# 14 2.372170 0.748530 1.623640 4.267000
# El  Z   log e(X)   [X/H]    [X/Fe]     [X/O]      X(i)
  p   1  12.000000  0.000000  0.000000  0.000000 7.25384E-01
 he   2  10.980045  0.050045  2.222702  1.558621 2.75130E-01
 li   3   0.984188 -2.275812 -0.103155 -0.767236 4.81634E-11
 be   4   1.182168 -0.117832  0.000000  0.000000 9.86499E-11
  b   5   0.000000 -2.790000  0.000000  0.000000 2.06820E-26
  c   6   8.720340  0.250340  2.422996  1.758915 4.53969E-03
  n   7   6.086471 -1.783529  0.389127 -0.274953 1.23005E-05
  o   8   7.271212 -1.458787  0.713869  0.000000 2.14987E-04
  f   9   5.123089  0.703089  2.875745  2.161876 1.81511E-06
 ne  10   7.576362 -0.393638  1.779019  1.065150 5.47509E-04
 na  11   5.548904 -0.691096  1.481561  0.767692 5.85532E-06
 mg  12   6.689091 -0.950909  1.221747  0.507878 8.54859E-05
 al  13   5.031630 -1.418370  0.754286  0.040417 2.08839E-06
 si  14   5.523547 -2.026453  0.146203 -0.567666 6.74752E-06
  p  15   4.166807 -1.243193  0.929464  0.215595 3.27275E-07
  s  16   5.029889 -2.120111  0.052546 -0.661324 2.47188E-06
 cl  17   3.122533 -2.107467  0.065189 -0.648680 3.38293E-08
 ar  18   4.269955 -2.170045  0.002611 -0.711258 5.35251E-07
  k  19   2.925758 -2.154242  0.018415 -0.695454 2.37149E-08
 ca  20   4.117302 -2.172698 -0.000041 -0.713911 3.77847E-07
 sc  21   1.025971 -2.024029  0.148628 -0.565241 3.43453E-10
 ti  22   2.756397 -2.153603  0.019054 -0.694815 1.96581E-08
  v  23   1.792331 -2.167669  0.004987 -0.708882 2.27255E-09
 cr  24   3.451557 -2.188443 -0.015786 -0.729655 1.05836E-07
 mn  25   3.305646 -2.174354 -0.001698 -0.715567 7.99146E-08
 fe  26   5.368446 -2.171554  0.000000 -0.712766 9.38724E-06
 co  27   2.966285 -1.903715  0.267838 -0.444928 3.92420E-08
 ni  28   4.060957 -2.139042  0.032511 -0.680255 4.86017E-07
 cu  29   2.336660 -1.913340  0.258214 -0.454552 9.92787E-09
 zn  30   2.536931 -2.093069  0.078485 -0.634282 1.62060E-08
 ga  31   1.224340 -1.855659  0.315894 -0.396872 8.41055E-10
 ge  32   1.678305 -1.901695  0.269858 -0.442908 2.49223E-09
 as  33   0.325195 -1.974805  0.196749 -0.516017 1.14002E-10
 se  34   1.520410 -1.819590  0.351963 -0.360803 1.88332E-09
 br  35   0.707126 -1.832874  0.338679 -0.374087 2.92956E-10
 kr  36   2.035337 -1.214663  0.956891  0.244125 6.54152E-09
 rb  37   1.283686 -1.236314  0.935239  0.222473 1.18194E-09
 sr  38   1.624634 -1.255366  0.916187  0.203421 2.65671E-09
  y  39   1.061007 -1.148993  1.022561  0.309795 7.36286E-10
 zr  40   1.528047 -1.001953  1.169600  0.456834 2.21444E-09
 nb  41   0.299396 -1.110604  1.060949  0.348183 1.33213E-10
 mo  42   0.716229 -1.223771  0.947783  0.235017 3.59201E-10
 tc  43  -0.871024 -9.000000  0.000000  0.000000 9.49096E-12
 ru  44   0.318172 -1.441828  0.729726  0.016960 1.51322E-10
 rh  45  -0.673119 -1.733119  0.438435 -0.274331 1.57192E-11
 pd  46   0.252167 -1.397833  0.773720  0.060954 1.36867E-10
 ag  47  -0.485927 -1.685927  0.485627 -0.227139 2.53556E-11
 cd  48   0.418772 -1.291228  0.880325  0.167559 2.12172E-10
 in  49  -0.669619 -1.429619  0.741935  0.029169 1.76807E-11
 sn  50   1.008079 -1.061921  1.109632  0.396866 8.70309E-10
 sb  51  -0.453981 -1.463981  0.707572 -0.005194 3.08057E-11
 te  52   0.645006 -1.534994  0.636560 -0.076206 4.05476E-10
  i  53  -0.310644 -1.860644  0.310910 -0.401857 4.46620E-11
 xe  54   0.926020 -1.313980  0.857573  0.144807 7.96836E-10
 cs  55  -0.400144 -1.480144  0.691410 -0.021356 3.80632E-11
 ba  56   1.645931 -0.534069  1.637485  0.924719 4.37315E-09
 la  57   0.640662 -0.529338  1.642216  0.929450 4.37009E-10
 ce  58   1.185108 -0.394892  1.776662  1.063896 1.54420E-09
 pr  59   0.136160 -0.623840  1.547714  0.834947 1.38740E-10
 nd  60   0.824631 -0.625369  1.546184  0.833418 6.93145E-10
 pm  61   0.000000 -9.000000  0.000000  0.000000 1.43059E-35
 sm  62   0.076069 -0.863931  1.307622  0.594856 1.28917E-10
 eu  63  -0.926169 -1.436169  0.735384  0.022618 1.29622E-11
 gd  64  -0.041942 -1.091942  1.079612  0.366846 1.02744E-10
 tb  65  -0.978318 -1.298318  0.873235  0.160469 1.20221E-11
 dy  66   0.103661 -1.026339  1.145214  0.432448 1.48464E-10
 ho  67  -0.907511 -1.377511  0.794043  0.081277 1.46858E-11
 er  68  -0.058352 -0.978352  1.193201  0.480435 1.05231E-10
 tm  69  -1.012001 -1.132001  1.039553  0.326786 1.18256E-11
 yb  70   0.275986 -0.644014  1.527539  0.814773 2.35093E-10
 lu  71  -0.662503 -0.752503  1.419050  0.706284 2.73880E-11
 hf  72   0.201739 -0.508261  1.663293  0.950527 2.04390E-10
 ta  73  -0.752986 -0.632986  1.538568  0.825801 2.29972E-11
  w  74   0.174350 -0.475650  1.695903  0.983137 1.97650E-10
 re  75  -0.739846 -0.999846  1.171707  0.458941 2.43926E-11
 os  76   0.151524 -1.198476  0.973077  0.260311 1.94048E-10
 ir  77  -0.449780 -1.769781  0.401773 -0.310993 4.91042E-11
 pt  78   0.220005 -1.399995  0.771559  0.058792 2.32981E-10
 au  79  -0.565664 -1.365664  0.805889  0.093123 3.85333E-11
 hg  80   0.673637 -0.496363  1.675191  0.962425 6.80854E-10
 tl  81   0.534720 -0.235280  1.936274  1.223508 5.03817E-10
 pb  82   2.314536  0.274536  2.446090  1.733324 3.07633E-08
 bi  83   0.946065  0.296065  2.467618  1.754852 1.32824E-09
 po  84   1.367666 -9.000000  0.000000  0.000000 3.50688E-09
#[ls/Fe]_Bisterzo =   1.0961, [hs/Fe]_Bisterzo =   1.4987
#[hs/ls]_Bisterzo =   0.4026, [Pb/hs]_Bisterzo =   0.9474
#[ls/Fe]_Thiswork =   1.0361, [hs/Fe]_Thiswork =   1.6855
#[hs/ls]_Thiswork =   0.6493, [Pb/hs]_Thiswork =   0.7606
# C/O = 2.8127E+01, c12/c13 = 3.44918E+03, n14/n15 = 1.79497E+03
# o16/o17 = 2.17095E+03, o16/o18 = 2.93644E+03
# mg24/mg25 = 2.5982E-01, mg24/mg26 = 1.4381E-01
#
#  TP   Mass     Mcore    Menv    log L
# 15 1.986590 0.748830 1.237760 4.259490
# El  Z   log e(X)   [X/H]    [X/Fe]     [X/O]      X(i)
  p   1  12.000000  0.000000  0.000000  0.000000 7.21738E-01
 he   2  10.986115  0.056115  2.227669  1.514903 2.77600E-01
 li   3  -1.056820 -4.316820 -2.145267 -2.858033 4.36034E-13
 be   4  -0.939847 -2.239847  0.000000  0.000000 7.41127E-13
  b   5   0.000000 -2.790000  0.000000  0.000000 2.26209E-28
  c   6   8.806663  0.336662  2.508216  1.795450 5.51012E-03
  n   7   6.095259 -1.774741  0.396812 -0.315954 1.24889E-05
  o   8   7.335474 -1.394526  0.777028  0.000000 2.48020E-04
  f   9   5.239778  0.819778  2.991332  2.214303 2.36268E-06
 ne  10   7.659315 -0.310685  1.860869  1.083841 6.59409E-04
 na  11   5.621568 -0.618432  1.553122  0.776093 6.88693E-06
 mg  12   6.787032 -0.852968  1.318586  0.541558 1.06573E-04
 al  13   5.127661 -1.322339  0.849215  0.072186 2.59211E-06
 si  14   5.553250 -1.996750  0.174804 -0.602224 7.18884E-06
  p  15   4.252698 -1.157302  1.014252  0.237224 3.96839E-07
  s  16   5.041755 -2.108245  0.063308 -0.713720 2.52758E-06
 cl  17   3.140443 -2.089557  0.081996 -0.695032 3.50764E-08
 ar  18   4.271878 -2.168122  0.003432 -0.773596 5.34924E-07
  k  19   2.931178 -2.148822  0.022732 -0.754296 2.38920E-08
 ca  20   4.118644 -2.171356  0.000198 -0.776830 3.77111E-07
 sc  21   1.056187 -1.993813  0.177740 -0.599288 3.66348E-10
 ti  22   2.762458 -2.147542  0.024012 -0.753016 1.98341E-08
  v  23   1.795223 -2.164777  0.006777 -0.770251 2.27624E-09
 cr  24   3.453673 -2.186327 -0.014773 -0.791801 1.05819E-07
 mn  25   3.306767 -2.173234 -0.001680 -0.778708 7.97183E-08
 fe  26   5.370028 -2.169971  0.000000 -0.775446 9.37415E-06
 co  27   3.005486 -1.864514  0.305457 -0.469989 4.27330E-08
 ni  28   4.067559 -2.132441  0.037530 -0.737916 4.90980E-07
 cu  29   2.369560 -1.880440  0.289532 -0.485914 1.06553E-08
 zn  30   2.550869 -2.079131  0.090840 -0.684606 1.66504E-08
 ga  31   1.263575 -1.816425  0.353546 -0.421900 9.15945E-10
 ge  32   1.716993 -1.863007  0.306965 -0.468481 2.71074E-09
 as  33   0.354345 -1.945655  0.224317 -0.551129 1.21304E-10
 se  34   1.567903 -1.772097  0.397874 -0.377572 2.09040E-09
 br  35   0.750746 -1.789254  0.380717 -0.394729 3.22280E-10
 kr  36   2.108242 -1.141758  1.028214  0.252768 7.69830E-09
 rb  37   1.356121 -1.163879  1.006093  0.230647 1.38945E-09
 sr  38   1.697356 -1.182644  0.987328  0.211882 3.12520E-09
  y  39   1.135217 -1.074783  1.095188  0.319742 8.69095E-10
 zr  40   1.603731 -0.926269  1.243703  0.468257 2.62276E-09
 nb  41   0.375051 -1.034948  1.135023  0.359577 1.57766E-10
 mo  42   0.788132 -1.151868  1.018103  0.242657 4.21746E-10
 tc  43  -0.808224 -9.000000  0.000000  0.000000 1.09124E-11
 ru  44   0.385987 -1.374013  0.795959  0.020513 1.76006E-10
 rh  45  -0.621582 -1.681582  0.488389 -0.287056 1.76107E-11
 pd  46   0.323553 -1.326447  0.843525  0.068079 1.60507E-10
 ag  47  -0.426929 -1.626930  0.543042 -0.232404 2.88990E-11
 cd  48   0.502245 -1.207755  0.962216  0.186770 2.55842E-10
 in  49  -0.587464 -1.347464  0.822507  0.047061 2.12552E-11
 sn  50   1.094989 -0.975011  1.194960  0.419514 1.05778E-09
 sb  51  -0.375021 -1.385021  0.784950  0.009505 3.67623E-11
 te  52   0.724430 -1.455570  0.714401 -0.061044 4.84395E-10
  i  53  -0.264856 -1.814856  0.355115 -0.420331 4.93785E-11
 xe  54   1.000272 -1.239728  0.930243  0.154797 9.40659E-10
 cs  55  -0.331686 -1.411686  0.758285 -0.017161 4.43378E-11
 ba  56   1.731966 -0.448034  1.721937  0.946491 5.30446E-09
 la  57   0.729151 -0.440849  1.729122  0.953676 5.33078E-10
 ce  58   1.271242 -0.308758  1.861214  1.085768 1.87348E-09
 pr  59   0.222563 -0.537437  1.632534  0.857088 1.68429E-10
 nd  60   0.907875 -0.542125  1.627846  0.852401 8.35371E-10
 pm  61   0.000000 -9.000000  0.000000  0.000000 0.00000E+00
 sm  62   0.159135 -0.780865  1.389106  0.613660 1.55305E-10
 eu  63  -0.853254 -1.363254  0.806717  0.031271 1.52548E-11
 gd  64   0.040498 -1.009502  1.160469  0.385023 1.23597E-10
 tb  65  -0.901491 -1.221491  0.948480  0.173034 1.42765E-11
 dy  66   0.185002 -0.944998  1.224974  0.449528 1.78145E-10
 ho  67  -0.833091 -1.303091  0.866881  0.091435 1.73432E-11
 er  68   0.025196 -0.894804  1.275167  0.499722 1.26912E-10
 tm  69  -0.931615 -1.051615  1.118357  0.342911 1.41586E-11
 yb  70   0.362062 -0.557938  1.612034  0.836588 2.85186E-10
 lu  71  -0.578094 -0.668094  1.501878  0.726432 3.30965E-11
 hf  72   0.286474 -0.423526  1.746446  0.971000 2.47177E-10
 ta  73  -0.669007 -0.549007  1.620964  0.845518 2.77629E-11
  w  74   0.258732 -0.391268  1.778703  1.003257 2.38831E-10
 re  75  -0.657857 -0.917857  1.252115  0.476669 2.93128E-11
 os  76   0.229259 -1.120741  1.049230  0.273784 2.30917E-10
 ir  77  -0.394841 -1.714841  0.455130 -0.320316 5.54460E-11
 pt  78   0.293713 -1.326287  0.843684  0.068238 2.74688E-10
 au  79  -0.491621 -1.291621  0.878350  0.102905 4.54665E-11
 hg  80   0.759077 -0.410923  1.759049  0.983603 8.24717E-10
 tl  81   0.621088 -0.148912  2.021060  1.245614 6.11578E-10
 pb  82   2.387085  0.347085  2.517056  1.741611 3.61737E-08
 bi  83   1.016550  0.366550  2.536521  1.761076 1.55444E-09
 po  84   1.433099 -9.000000  0.000000  0.000000 4.05662E-09
#[ls/Fe]_Bisterzo =   1.1694, [hs/Fe]_Bisterzo =   1.5820
#[hs/ls]_Bisterzo =   0.4126, [Pb/hs]_Bisterzo =   0.9350
#[ls/Fe]_Thiswork =   1.1087, [hs/Fe]_Thiswork =   1.7708
#[hs/ls]_Thiswork =   0.6620, [Pb/hs]_Thiswork =   0.7463
# C/O = 2.9593E+01, c12/c13 = 4.00304E+03, n14/n15 = 1.80335E+03
# o16/o17 = 2.46610E+03, o16/o18 = 3.27800E+03
# mg24/mg25 = 2.1797E-01, mg24/mg26 = 1.2285E-01
#
#  TP   Mass     Mcore    Menv    log L
# 16 1.527910 0.749030 0.778880 4.249290
# El  Z   log e(X)   [X/H]    [X/Fe]     [X/O]      X(i)
  p   1  12.000000  0.000000  0.000000  0.000000 7.17017E-01
 he   2  10.993900  0.063900  2.233871  1.458426 2.80773E-01
 li   3  -3.042642 -6.302642 -4.132670 -4.908116 4.47558E-15
 be   4   0.000000 -1.300000  0.000000  0.000000 1.25074E-22
  b   5   0.000000 -2.790000  0.000000  0.000000 0.00000E+00
  c   6   8.899671  0.429670  2.599642  1.824196 6.78139E-03
  n   7   6.107826 -1.762174  0.407798 -0.367648 1.27715E-05
  o   8   7.407544 -1.322456  0.847516  0.000000 2.90874E-04
  f   9   5.347089  0.927089  3.097060  2.249545 3.00515E-06
 ne  10   7.753316 -0.216683  1.953288  1.105772 8.13404E-04
 na  11   5.710440 -0.529560  1.640412  0.792896 8.39553E-06
 mg  12   6.890425 -0.749575  1.420397  0.572881 1.34335E-04
 al  13   5.234885 -1.215115  0.954856  0.107341 3.29631E-06
 si  14   5.592458 -1.957542  0.212430 -0.635086 7.81659E-06
  p  15   4.352037 -1.057963  1.112009  0.264493 4.95568E-07
  s  16   5.058407 -2.091593  0.078379 -0.769137 2.60920E-06
 cl  17   3.165429 -2.064571  0.105401 -0.742115 3.69106E-08
 ar  18   4.274497 -2.165504  0.004468 -0.843048 5.34639E-07
  k  19   2.938968 -2.141032  0.028939 -0.818576 2.41652E-08
 ca  20   4.120397 -2.169603  0.000369 -0.847147 3.76159E-07
 sc  21   1.100008 -1.949992  0.219980 -0.627536 4.02591E-10
 ti  22   2.771911 -2.138089  0.031882 -0.815633 2.01380E-08
  v  23   1.799974 -2.160026  0.009946 -0.837570 2.28623E-09
 cr  24   3.456565 -2.183435 -0.013463 -0.860979 1.05829E-07
 mn  25   3.308017 -2.171983 -0.002012 -0.849527 7.94253E-08
 fe  26   5.372022 -2.167978  0.000000 -0.845522 9.35568E-06
 co  27   3.056318 -1.813682  0.354296 -0.491226 4.77250E-08
 ni  28   4.077223 -2.122777  0.045201 -0.800321 4.98744E-07
 cu  29   2.413184 -1.836816  0.331162 -0.514360 1.17042E-08
 zn  30   2.569059 -2.060941  0.107037 -0.738485 1.72491E-08
 ga  31   1.312403 -1.767597  0.400381 -0.445141 1.01823E-09
 ge  32   1.764964 -1.815036  0.352942 -0.492580 3.00752E-09
 as  33   0.390969 -1.909031  0.258947 -0.586575 1.31113E-10
 se  34   1.624148 -1.715852  0.452126 -0.393396 2.36387E-09
 br  35   0.802752 -1.737248  0.430729 -0.414793 3.60902E-10
 kr  36   2.187644 -1.062356  1.105622  0.260100 9.18220E-09
 rb  37   1.435466 -1.084534  1.083444  0.237922 1.65706E-09
 sr  38   1.776916 -1.103085  1.064893  0.219371 3.72896E-09
  y  39   1.216576 -0.993424  1.174553  0.329031 1.04130E-09
 zr  40   1.686239 -0.843761  1.324217  0.478695 3.15077E-09
 nb  41   0.456641 -0.953359  1.214619  0.369097 1.89127E-10
 mo  42   0.868560 -1.071440  1.096538  0.251016 5.04230E-10
 tc  43  -0.728230 -9.000000  0.000000  0.000000 1.30336E-11
 ru  44   0.462626 -1.297374  0.870604  0.025082 2.08601E-10
 rh  45  -0.561639 -1.621639  0.546339 -0.299183 2.00850E-11
 pd  46   0.400024 -1.249976  0.918002  0.072480 1.90159E-10
 ag  47  -0.363181 -1.563181  0.604797 -0.240725 3.32492E-11
 cd  48   0.582967 -1.127033  1.040945  0.195423 3.06086E-10
 in  49  -0.509333 -1.269333  0.898645  0.053123 2.52782E-11
 sn  50   1.181956 -0.888044  1.279934  0.434412 1.28384E-09
 sb  51  -0.291637 -1.301637  0.866340  0.020818 4.42524E-11
 te  52   0.809451 -1.370549  0.797429 -0.048093 5.85289E-10
  i  53  -0.211695 -1.761695  0.406283 -0.439239 5.54433E-11
 xe  54   1.080651 -1.159349  1.008629  0.163107 1.12450E-09
 cs  55  -0.256677 -1.336677  0.831301 -0.014221 5.23521E-11
 ba  56   1.817727 -0.362273  1.805705  0.960183 6.42024E-09
 la  57   0.815096 -0.354904  1.813074  0.967552 6.45484E-10
 ce  58   1.356108 -0.223892  1.944085  1.098564 2.26289E-09
 pr  59   0.307061 -0.452939  1.715039  0.869517 2.03266E-10
 nd  60   0.990685 -0.459316  1.708662  0.863140 1.00424E-09
 pm  61   0.000000 -9.000000  0.000000  0.000000 0.00000E+00
 sm  62   0.240654 -0.699346  1.468632  0.623110 1.86147E-10
 eu  63  -0.780495 -1.290495  0.877483  0.031961 1.79190E-11
 gd  64   0.120737 -0.929263  1.238715  0.393193 1.47706E-10
 tb  65  -0.825722 -1.145722  1.022256  0.176734 1.68865E-11
 dy  66   0.264587 -0.865413  1.302565  0.457043 2.12574E-10
 ho  67  -0.759212 -1.229213  0.938765  0.093243 2.04247E-11
 er  68   0.105886 -0.814115  1.353863  0.508341 1.51825E-10
 tm  69  -0.852736 -0.972736  1.195242  0.349720 1.68675E-11
 yb  70   0.444567 -0.475433  1.692544  0.847023 3.42596E-10
 lu  71  -0.496389 -0.586389  1.581588  0.736066 3.96858E-11
 hf  72   0.368999 -0.341000  1.826977  0.981455 2.96949E-10
 ta  73  -0.586789 -0.466789  1.701189  0.855667 3.33299E-11
  w  74   0.341383 -0.308617  1.859361  1.013839 2.87007E-10
 re  75  -0.576924 -0.836924  1.331053  0.485532 3.50866E-11
 os  76   0.305931 -1.044069  1.123909  0.278387 2.73702E-10
 ir  77  -0.337956 -1.657956  0.510021 -0.335501 6.27919E-11
 pt  78   0.366634 -1.253366  0.914612  0.069090 3.22784E-10
 au  79  -0.418365 -1.218364  0.949613  0.104091 5.34685E-11
 hg  80   0.840665 -0.329335  1.838643  0.993121 9.88652E-10
 tl  81   0.703525 -0.066475  2.101502  1.255980 7.34579E-10
 pb  82   2.464142  0.424142  2.592120  1.746598 4.29142E-08
 bi  83   1.096059  0.446059  2.614037  1.768515 1.85453E-09
 po  84   1.517102 -9.000000  0.000000  0.000000 4.89010E-09
#[ls/Fe]_Bisterzo =   1.2494, [hs/Fe]_Bisterzo =   1.6635
#[hs/ls]_Bisterzo =   0.4141, [Pb/hs]_Bisterzo =   0.9287
#[ls/Fe]_Thiswork =   1.1879, [hs/Fe]_Thiswork =   1.8543
#[hs/ls]_Thiswork =   0.6664, [Pb/hs]_Thiswork =   0.7378
# C/O = 3.1055E+01, c12/c13 = 4.95624E+03, n14/n15 = 1.80351E+03
# o16/o17 = 2.82918E+03, o16/o18 = 3.65627E+03
# mg24/mg25 = 1.8599E-01, mg24/mg26 = 1.0524E-01
#
# Final abundances
# El  Z   log e(X)   [X/H]    [X/Fe]     [X/O]      X(i)
  p   1  12.000000  0.000000  0.000000  0.000000 7.17017E-01
 he   2  10.993900  0.063900  2.231878  1.386356 2.80773E-01
 li   3  -3.042642 -6.302642 -4.134664 -4.980186 4.47558E-15
 be   4   0.000000 -1.300000  0.000000  0.000000 1.19519E-22
  b   5   0.000000 -2.790000  0.000000  0.000000 0.00000E+00
  c   6   8.899671  0.429670  2.597648  1.752126 6.78139E-03
  n   7   6.107827 -1.762173  0.405805 -0.439717 1.27715E-05
  o   8   7.407544 -1.322456  0.845522  0.000000 2.90874E-04
  f   9   5.347089  0.927089  3.095067  2.249545 3.00515E-06
 ne  10   7.753316 -0.216683  1.951294  1.105772 8.13404E-04
 na  11   5.710440 -0.529560  1.638418  0.792896 8.39553E-06
 mg  12   6.890425 -0.749575  1.418403  0.572881 1.34335E-04
 al  13   5.234885 -1.215115  0.952863  0.107341 3.29631E-06
 si  14   5.592458 -1.957542  0.210436 -0.635086 7.81659E-06
  p  15   4.352037 -1.057963  1.110015  0.264493 4.95568E-07
  s  16   5.058407 -2.091593  0.076385 -0.769137 2.60920E-06
 cl  17   3.165429 -2.064571  0.103407 -0.742115 3.69106E-08
 ar  18   4.274497 -2.165504  0.002474 -0.843048 5.34639E-07
  k  19   2.938968 -2.141032  0.026946 -0.818576 2.41652E-08
 ca  20   4.120397 -2.169603 -0.001625 -0.847147 3.76159E-07
 sc  21   1.100008 -1.949992  0.217986 -0.627536 4.02591E-10
 ti  22   2.771911 -2.138089  0.029889 -0.815633 2.01380E-08
  v  23   1.799974 -2.160026  0.007952 -0.837570 2.28623E-09
 cr  24   3.456565 -2.183435 -0.015457 -0.860979 1.05829E-07
 mn  25   3.308017 -2.171983 -0.004005 -0.849527 7.94253E-08
 fe  26   5.372022 -2.167978  0.000000 -0.845522 9.35568E-06
 co  27   3.056318 -1.813682  0.354296 -0.491226 4.77250E-08
 ni  28   4.077223 -2.122777  0.045201 -0.800321 4.98744E-07
 cu  29   2.413184 -1.836816  0.331162 -0.514360 1.17042E-08
 zn  30   2.569059 -2.060941  0.107037 -0.738485 1.72491E-08
 ga  31   1.312403 -1.767597  0.400381 -0.445141 1.01823E-09
 ge  32   1.764964 -1.815036  0.352942 -0.492580 3.00752E-09
 as  33   0.390969 -1.909031  0.258947 -0.586575 1.31113E-10
 se  34   1.624148 -1.715852  0.452126 -0.393396 2.36387E-09
 br  35   0.802752 -1.737248  0.430729 -0.414793 3.60902E-10
 kr  36   2.187644 -1.062356  1.105622  0.260100 9.18220E-09
 rb  37   1.435466 -1.084534  1.083444  0.237922 1.65706E-09
 sr  38   1.776916 -1.103085  1.064893  0.219371 3.72896E-09
  y  39   1.216576 -0.993424  1.174553  0.329031 1.04130E-09
 zr  40   1.686239 -0.843761  1.324217  0.478695 3.15077E-09
 nb  41   0.456641 -0.953359  1.214619  0.369097 1.89127E-10
 mo  42   0.868560 -1.071440  1.096538  0.251016 5.04230E-10
 tc  43  -0.728276 -9.000000  0.000000  0.000000 1.30322E-11
 ru  44   0.462629 -1.297371  0.870607  0.025085 2.08603E-10
 rh  45  -0.561639 -1.621639  0.546339 -0.299183 2.00850E-11
 pd  46   0.400024 -1.249976  0.918002  0.072480 1.90159E-10
 ag  47  -0.363181 -1.563181  0.604797 -0.240725 3.32492E-11
 cd  48   0.582967 -1.127033  1.040945  0.195423 3.06086E-10
 in  49  -0.509333 -1.269333  0.898645  0.053123 2.52782E-11
 sn  50   1.181956 -0.888044  1.279934  0.434412 1.28384E-09
 sb  51  -0.291637 -1.301637  0.866340  0.020818 4.42524E-11
 te  52   0.809451 -1.370549  0.797429 -0.048093 5.85289E-10
  i  53  -0.211695 -1.761695  0.406283 -0.439239 5.54433E-11
 xe  54   1.080651 -1.159349  1.008629  0.163107 1.12450E-09
 cs  55  -0.256677 -1.336677  0.831301 -0.014221 5.23521E-11
 ba  56   1.817727 -0.362273  1.805705  0.960183 6.42024E-09
 la  57   0.815096 -0.354904  1.813074  0.967552 6.45484E-10
 ce  58   1.356108 -0.223892  1.944085  1.098564 2.26289E-09
 pr  59   0.307061 -0.452939  1.715039  0.869517 2.03266E-10
 nd  60   0.990685 -0.459316  1.708662  0.863140 1.00424E-09
 pm  61   0.000000 -9.000000  0.000000  0.000000 0.00000E+00
 sm  62   0.240654 -0.699346  1.468632  0.623110 1.86147E-10
 eu  63  -0.780495 -1.290495  0.877483  0.031961 1.79190E-11
 gd  64   0.120737 -0.929263  1.238715  0.393193 1.47706E-10
 tb  65  -0.825722 -1.145722  1.022256  0.176734 1.68865E-11
 dy  66   0.264587 -0.865413  1.302565  0.457043 2.12574E-10
 ho  67  -0.759212 -1.229213  0.938765  0.093243 2.04247E-11
 er  68   0.105886 -0.814115  1.353863  0.508341 1.51825E-10
 tm  69  -0.852736 -0.972736  1.195242  0.349720 1.68675E-11
 yb  70   0.444567 -0.475433  1.692544  0.847023 3.42596E-10
 lu  71  -0.496389 -0.586389  1.581588  0.736066 3.96858E-11
 hf  72   0.368999 -0.341000  1.826977  0.981455 2.96949E-10
 ta  73  -0.586789 -0.466789  1.701189  0.855667 3.33299E-11
  w  74   0.341383 -0.308617  1.859361  1.013839 2.87007E-10
 re  75  -0.576924 -0.836924  1.331053  0.485532 3.50866E-11
 os  76   0.305931 -1.044069  1.123909  0.278387 2.73702E-10
 ir  77  -0.337956 -1.657956  0.510021 -0.335501 6.27919E-11
 pt  78   0.366634 -1.253366  0.914612  0.069090 3.22784E-10
 au  79  -0.418365 -1.218364  0.949613  0.104091 5.34685E-11
 hg  80   0.840665 -0.329335  1.838643  0.993121 9.88652E-10
 tl  81   0.703525 -0.066475  2.101502  1.255980 7.34579E-10
 pb  82   2.464142  0.424142  2.592120  1.746598 4.29142E-08
 bi  83   1.096059  0.446059  2.614037  1.768515 1.85453E-09
 po  84   1.517102 -9.000000  0.000000  0.000000 4.89010E-09
#[ls/Fe]_Bisterzo =   1.2494, [hs/Fe]_Bisterzo =   1.6635
#[hs/ls]_Bisterzo =   0.4141, [Pb/hs]_Bisterzo =   0.9287
#[ls/Fe]_Thiswork =   1.1879, [hs/Fe]_Thiswork =   1.8543
#[hs/ls]_Thiswork =   0.6664, [Pb/hs]_Thiswork =   0.7378
# C/O = 3.1055E+01, c12/c13 = 4.95624E+03, n14/n15 = 1.80351E+03
# o16/o17 = 2.82918E+03, o16/o18 = 3.65627E+03
# mg24/mg25 = 1.8599E-01, mg24/mg26 = 1.0524E-01
