q,R,e_init,age,a,e,spin1,type1,m1,m2,amloss
0.8,200.0,0.1,1246069046.577954,477.4009733165707,3.0106398405434366e-06,6.886821969622658e-08,6,1.9999387219933322,1.6000021318637507,-4.2684563381087706e-07
0.8,200.0,0.11816326530612245,1246069044.3397765,475.4522670307509,2.4944202760908494e-06,6.950459017122898e-08,6,1.9999387222575638,1.600002138944904,-4.265379483424042e-07
0.8,200.0,0.1363265306122449,1246069041.770934,473.17268090198775,1.8681286872464757e-06,7.027691605988976e-08,6,1.999938722551553,1.6000021473009935,-4.2618124562362243e-07
0.8,200.0,0.15448979591836737,1246069038.884462,470.5648052008125,1.2602646998510055e-06,7.118625574757972e-08,6,1.999938722871288,1.600002156976528,-4.257768347748215e-07
0.8,200.0,0.1726530612244898,1246069035.6953743,467.62464056592535,7.597187002238067e-07,7.225165325868488e-08,6,1.9999387232114156,1.600002168022749,-4.253258769677194e-07
0.8,200.0,0.19081632653061226,1245958515.7157094,460.8189755665602,7.217834314208502e-05,8.688074218860947e-08,6,1.9999407651762044,1.6000015680160389,-3.9994786655375845e-07
0.8,200.0,0.2089795918367347,1245958480.6828506,458.7787112964245,4.94038888520422e-05,8.217618280508104e-08,6,1.9999407684938564,1.6000015811043489,-3.9942906326088277e-07
0.8,200.0,0.22714285714285715,1245958456.3347807,455.8920985281114,3.0390914313242727e-05,7.957927718987505e-08,6,1.9999407707193448,1.6000015960976313,-3.9888879656633297e-07
0.8,200.0,0.2453061224489796,1245958436.6649992,452.4261039553955,1.6655912881523184e-05,7.80665495309833e-08,6,1.9999407724406189,1.600001612905669,-3.983214486026681e-07
0.8,200.0,0.26346938775510204,1245958419.6113205,448.4828186158932,7.99900712948647e-06,7.723935058121906e-08,6,1.9999407738619666,1.6000016315669812,-3.977273945444706e-07
0.8,200.0,0.2816326530612245,1245853844.8505728,440.8024340250301,2.994057330325882e-05,9.087157457455957e-08,5,1.9999420654619962,1.6000012650506172,-3.820223255915987e-07
0.8,200.0,0.2997959183673469,1245853809.619574,436.8835096120675,1.3241089087577961e-05,8.734264699885962e-08,5,1.9999420679954416,1.600001287258691,-3.8142363211927074e-07
0.8,200.0,0.3179591836734694,1245853783.667071,432.20594686193726,4.866337426359628e-06,8.577972360220331e-08,5,1.9999420697587877,1.600001311847367,-3.808171063279681e-07
0.8,200.0,0.33612244897959187,1245853762.234615,426.9699462978774,1.435763961954733e-06,8.533366969732782e-08,5,1.9999420711269436,1.600001338870027,-3.802025021964869e-07
0.8,200.0,0.3542857142857143,1245853743.5079126,421.2496206468689,3.2380311192862227e-07,8.57242430160411e-08,5,1.9999420722433134,1.6000013684696472,-3.795821694475106e-07
0.8,200.0,0.37244897959183676,1245853726.547056,415.09267569854455,9.714684982276184e-08,8.679794099406364e-08,5,1.9999420731828121,1.6000014008363077,-3.7896043844537813e-07
0.8,200.0,0.3906122448979592,1245853710.805749,408.5194979388528,9.851115215752936e-08,8.850051972149786e-08,5,1.9999420739899703,1.6000014361987562,-3.7834277513217e-07
0.8,200.0,0.40877551020408165,1245853695.9545507,401.5488745955906,9.793672620390163e-08,9.080789946379075e-08,5,1.999942074692023,1.6000014748270808,-3.7773544177567844e-07
0.8,200.0,0.4269387755102041,1245853681.7205362,394.1845248145595,9.936350729146651e-08,9.375287917828877e-08,5,1.9999420753103718,1.6000015170343422,-3.771453418393364e-07
0.8,200.0,0.44510204081632654,1245853667.933542,386.44197636020414,9.872836231968348e-08,9.734502978068042e-08,5,1.9999420758592783,1.600001563178868,-3.7658057173222484e-07
0.8,200.0,0.463265306122449,1245853654.4344156,378.3219848332094,9.909359292850215e-08,1.0165822274391354e-07,5,1.9999420763504554,1.6000016136763273,-3.760501694396771e-07
0.8,200.0,0.48142857142857143,1245853641.0871196,369.82992259077906,9.947475750355262e-08,1.0676819966955124e-07,5,1.9999420767932168,1.6000016690069452,-3.75563538039312e-07
0.8,200.0,0.4995918367346939,1245853627.7826903,360.971409732056,9.878897592361003e-08,1.127655002424205e-07,5,1.99994207719484,1.600001729729069,-3.751306293223354e-07
0.8,200.0,0.5177551020408163,1245853614.4110005,351.7476510793202,9.972870913225808e-08,1.1978683523345773e-07,5,1.999942077561518,1.6000017965000468,-3.747638551081096e-07
0.8,200.0,0.5359183673469388,1245853600.8603487,342.1616251881923,9.826458557010617e-08,1.279830352953112e-07,5,1.9999420778984958,1.6000018700785967,-3.7447229567782404e-07
0.8,200.0,0.5540816326530612,1245853583.2190738,329.46753715381016,9.959170701531473e-08,1.4041562213736162e-07,5,1.9999420782907178,1.6000019513090118,-3.7421748734869193e-07
0.8,200.0,0.5722448979591837,1245853557.6736965,311.03540299021904,9.838003240484923e-08,1.6216988364523884e-07,5,1.999942078779249,1.600002043508003,-3.739980398216995e-07
0.8,200.0,0.5904081632653061,1245831653.7250762,289.3333015206941,9.987051546611941e-08,2.4270064728705744e-07,5,1.9999423994453178,1.6000020819609346,-3.703706104432881e-07
0.8,200.0,0.6085714285714285,1245815082.7443566,272.0508266558654,9.792243793284016e-08,2.648742426527714e-07,5,1.9999426223869716,1.6000021580595973,-3.681952517601763e-07
0.8,200.0,0.626734693877551,1245759557.3548057,261.961312248121,9.718950685539226e-08,2.8359607750660933e-07,5,1.999943259273167,1.600002158366825,-3.618545191635012e-07
0.8,200.0,0.6448979591836734,1245715990.027693,254.3375925356991,9.73524416851275e-08,2.9333074920134604e-07,5,1.9999437437320429,1.6000022078632588,-3.568134508016887e-07
0.8,200.0,0.6630612244897959,1105009402.5146956,242.73200233907235,9.95311715113516e-08,3.172575911187049e-07,3,2.0,1.6,0.0
0.8,200.0,0.6812244897959183,1104732699.8461306,230.06764165869455,9.642193443362356e-08,3.419965241843647e-07,3,2.0,1.6,0.0
0.8,200.0,0.6993877551020408,1104412736.7732022,216.64517369345185,9.933517168444202e-08,3.738900488557843e-07,3,2.0,1.6,0.0
0.8,200.0,0.7175510204081632,1104079090.9158607,204.10780719818575,9.857814027585087e-08,4.075883510135386e-07,3,2.0,1.6,0.0
0.8,200.0,0.7357142857142857,1103702088.9440413,191.45380736375068,9.36488116841245e-08,4.4892155784648974e-07,3,2.0,1.6,0.0
0.8,200.0,0.7538775510204081,1103260847.2286756,178.4364607133394,9.153656036320516e-08,4.994540050649393e-07,3,2.0,1.6,0.0
0.8,200.0,0.7720408163265305,1102840712.1600106,167.5376806000938,9.001806193692226e-08,5.477098695576501e-07,3,2.0,1.6,0.0
0.8,200.0,0.790204081632653,1102282876.9466028,154.92851917894592,8.924988020441122e-08,6.169957682931345e-07,3,2.0,1.6,0.0
0.8,200.0,0.8083673469387754,1101671321.1537216,143.07631302641332,8.713466425925973e-08,6.972378396722602e-07,3,2.0,1.6,0.0
0.8,200.0,0.8265306122448979,1100914267.3668475,130.66438158154912,9.842124394749399e-08,7.970711278732246e-07,3,2.0,1.6,0.0
0.8,200.0,0.8446938775510203,1095843921.1632307,224.34175096673735,0.6323885516957165,1.570657957174182e-06,3,2.0,1.6,0.0
0.8,200.0,0.8628571428571428,1093695518.4663393,232.19145078253771,0.6933949369689145,1.8415663738056069e-06,3,2.0,1.6,0.0
0.8,200.0,0.8810204081632652,1091170316.3959332,229.02942062064093,0.7328573026314698,2.1543572375233273e-06,3,2.0,1.6,0.0
0.8,200.0,0.8991836734693877,1088078954.615058,199.77570873250357,0.7401985722079918,2.8506572275478266e-06,3,2.0,1.6,0.0
0.8,200.0,0.9173469387755101,1071254586.4041277,270.7552484461189,0.8465593120766849,2.3593239282275626e-06,3,2.0,1.6,0.0
0.8,200.0,0.9355102040816325,1066536048.8811674,296.97203637136846,0.8911590507545964,2.460820907507428e-06,3,2.0,1.6,0.0
0.8,200.0,0.953673469387755,1060265445.920833,362.1878569418014,0.9359039248322296,2.4605535877266214e-06,3,2.0,1.6,0.0
0.8,200.0,0.9718367346938775,1051917143.3520236,472.6822059546594,0.9700870535057171,3.866901475203931e-06,3,2.0,1.6,0.0
0.8,200.0,0.99,532442540.8421089,484.12751542264056,0.9896288080253464,0.00010127196266493545,1,2.0,1.6,0.0
0.8,209.18367346938777,0.1,1246069075.1822796,499.5628668790025,7.754028713849601e-05,6.277722396922807e-08,6,1.9999387179588264,1.6000020554989278,-4.3054180908980454e-07
0.8,209.18367346938777,0.11816326530612245,1246069072.284584,497.56085430924776,7.207157976160268e-05,6.32350578284382e-08,6,1.9999387184253594,1.6000020620462159,-4.3020195000199567e-07
0.8,209.18367346938777,0.1363265306122449,1246069068.993681,495.22070830780905,6.208305142314158e-05,6.379286915623636e-08,6,1.9999387189393834,1.6000020697901391,-4.2980582814881926e-07
0.8,209.18367346938777,0.15448979591836737,1246069065.3436706,492.53952275234053,4.954100518563265e-05,6.446341222093809e-08,6,1.9999387194892908,1.6000020787776257,-4.2935409673493883e-07
0.8,209.18367346938777,0.1726530612244898,1246069061.358055,489.5156657741048,3.6478078267621935e-05,6.525777114591407e-08,6,1.999938720066244,1.6000020890603306,-4.2884795215135866e-07
0.8,209.18367346938777,0.19081632653061226,1246069057.0675,486.1431208093824,2.4606893730430884e-05,6.619855858855466e-08,6,1.9999387206592636,1.6000021006963905,-4.2828892026092424e-07
0.8,209.18367346938777,0.2089795918367347,1246069052.5016525,482.4240857133617,1.5050166721451308e-05,6.729315409411678e-08,6,1.9999387212599586,1.6000021137499376,-4.276788385667672e-07
0.8,209.18367346938777,0.22714285714285715,1246069047.6833901,478.3564461677336,8.232093318551108e-06,6.855865767114319e-08,6,1.9999387218603906,1.600002128291826,-4.270201742673959e-07
0.8,209.18367346938777,0.2453061224489796,1246069042.6249535,473.9360227704575,3.955671837727903e-06,7.001935381939176e-08,6,1.9999387224548288,1.600002144401384,-4.263161198831907e-07
0.8,209.18367346938777,0.26346938775510204,1246069037.3559012,469.1647543888255,1.6325393546948132e-06,7.168574368355048e-08,6,1.9999387230360954,1.6000021621702065,-4.255708781471695e-07
0.8,209.18367346938777,0.2816326530612245,1245958511.702426,460.6911282509979,0.00010383983367514502,8.625516983425469e-08,6,1.9999407655601529,1.6000015691133227,-3.9990581344220783e-07
0.8,209.18367346938777,0.2997959183673469,1245958466.0410733,457.2156174726949,5.257491250286266e-05,8.053557512071844e-08,6,1.999940769842651,1.6000015894043644,-3.991273764287953e-07
0.8,209.18367346938777,0.3179591836734694,1245958437.343301,452.56700928245334,2.2466831705415772e-05,7.810697454118866e-08,6,1.9999407723826244,1.600001612229524,-3.983446445792944e-07
0.8,209.18367346938777,0.33612244897959187,1245853886.3460433,442.6736261273218,6.057755254091713e-05,9.642910108611206e-08,5,1.999942062358216,1.600001250991513,-3.824493866406951e-07
0.8,209.18367346938777,0.3542857142857143,1245853822.7213447,438.63599957937646,2.3303425736708176e-05,8.849054594243087e-08,5,1.9999420670688115,1.600001277677522,-3.8167471005419946e-07
0.8,209.18367346938777,0.37244897959183676,1245853787.5822866,433.02670302206155,6.959964086368712e-06,8.594782209708251e-08,5,1.9999420695000092,1.6000013075942139,-3.809186071658289e-07
0.8,209.18367346938777,0.3906122448979592,1245853761.0972767,426.6504012915618,1.5519960608530528e-06,8.533937932218484e-08,5,1.9999420711967089,1.600001340506374,-3.801668335006828e-07
0.8,209.18367346938777,0.40877551020408165,1245853738.9824328,419.6982384312183,2.4032170148712473e-07,8.5939109302028e-08,5,1.9999420725008412,1.6000013765714056,-3.7942127632706315e-07
0.8,209.18367346938777,0.4269387755102041,1245853719.4775078,412.24379370456626,9.654790219042665e-08,8.747296393911196e-08,5,1.999942073553191,1.6000014160489437,-3.7868738012743503e-07
0.8,209.18367346938777,0.44510204081632654,1245853701.6993806,404.3301436149096,9.777429892066127e-08,8.98341141796946e-08,5,1.9999420744272616,1.6000014592588674,-3.779724291668051e-07
0.8,209.18367346938777,0.463265306122449,1245853685.0846658,395.9834680940719,9.902822984257552e-08,9.298941072298098e-08,5,1.9999420751689612,1.600001506580541,-3.772849202336674e-07
0.8,209.18367346938777,0.48142857142857143,1245853669.2705424,387.217808415476,9.945984675850979e-08,9.696716035705576e-08,5,1.9999420758081863,1.6000015584599652,-3.766346703917774e-07
0.8,209.18367346938777,0.4995918367346939,1245853653.9899464,378.0461151024828,9.971951228757809e-08,1.0182033625623818e-07,5,1.9999420763658537,1.6000016154219998,-3.760333761334948e-07
0.8,209.18367346938777,0.5177551020408163,1245853639.019193,368.4777662773385,9.937501278020017e-08,1.0763475092468476e-07,5,1.9999420768581981,1.6000016780767754,-3.754923539587436e-07
0.8,209.18367346938777,0.5359183673469388,1245853624.1791334,358.51459533565435,9.893965570387383e-08,1.1455820946022601e-07,5,1.999942077297216,1.600001747145605,-3.750249796779947e-07
0.8,209.18367346938777,0.5540816326530612,1245853609.3175368,348.1669998389154,9.94296286364673e-08,1.2272988706488508e-07,5,1.999942077692087,1.6000018234749807,-3.7464396470784167e-07
0.8,209.18367346938777,0.5722448979591837,1245853592.8923917,336.4475967498999,9.846204301070363e-08,1.3334353428301518e-07,5,1.9999420780817838,1.6000019080588583,-3.743520154381559e-07
0.8,209.18367346938777,0.5904081632653061,1245853572.7795756,321.91498413688464,9.868403339466955e-08,1.4875294873301586e-07,5,1.9999420785007826,1.600002002370518,-3.7415974422146246e-07
0.8,209.18367346938777,0.6085714285714285,1245853544.4988713,301.664751505551,9.937314285588277e-08,1.751895787947928e-07,5,1.9999420790003768,1.6000021142850407,-3.738722682998987e-07
0.8,209.18367346938777,0.626734693877551,1245817804.712618,275.2060675875505,9.772006589635024e-08,2.6035191615206e-07,5,1.9999425880701875,1.6000021337246557,-3.685815023292531e-07
0.8,209.18367346938777,0.6448979591836734,1245807473.6654675,263.5207470436098,9.867696510863593e-08,2.773846752978847e-07,5,1.9999427138530856,1.600002249404394,-3.6720282721025834e-07
0.8,209.18367346938777,0.6630612244897959,1245725146.9774637,254.9412579255276,9.902948463274842e-08,2.920201894756897e-07,5,1.9999436439378295,1.600002206687166,-3.585363499346016e-07
0.8,209.18367346938777,0.6812244897959183,1105017203.8845613,243.09843370237516,9.957379161606764e-08,3.1475328699089307e-07,3,2.0,1.6,0.0
0.8,209.18367346938777,0.6993877551020408,1104713210.177116,229.22107498182294,9.928476348375107e-08,3.4282417321444936e-07,3,2.0,1.6,0.0
0.8,209.18367346938777,0.7175510204081632,1104369482.7204916,214.93218838446143,9.908987236195562e-08,3.7790801856847614e-07,3,2.0,1.6,0.0
0.8,209.18367346938777,0.7357142857142857,1103995874.5296886,201.20334908179677,9.513660553314319e-08,4.1742694273811777e-07,3,2.0,1.6,0.0
0.8,209.18367346938777,0.7538775510204081,1103560514.8180368,187.1029642750405,9.36354667652577e-08,4.6525594311126506e-07,3,2.0,1.6,0.0
0.8,209.18367346938777,0.7720408163265305,1103161072.1889744,175.72478060740457,9.42495615035941e-08,5.113487341532402e-07,3,2.0,1.6,0.0
0.8,209.18367346938777,0.790204081632653,1102614794.5390596,162.2063727886609,9.447168816966693e-08,5.769225495566068e-07,3,2.0,1.6,0.0
0.8,209.18367346938777,0.8083673469387754,1101986279.1877735,148.94602963402104,8.860218340596398e-08,6.571165132687154e-07,3,2.0,1.6,0.0
0.8,209.18367346938777,0.8265306122448979,1101346018.6969695,137.46379038614796,7.683993403268302e-08,7.375355522070564e-07,3,2.0,1.6,0.0
0.8,209.18367346938777,0.8446938775510203,1096567479.3299656,226.69075613541145,0.615898212244231,1.4648679591022615e-06,3,2.0,1.6,0.0
0.8,209.18367346938777,0.8628571428571428,1094417498.752427,239.36493238401297,0.688178653369877,1.7395070893990936e-06,3,2.0,1.6,0.0
0.8,209.18367346938777,0.8810204081632652,1091959476.9879012,238.906478660856,0.7320750183549077,2.030766709624691e-06,3,2.0,1.6,0.0
0.8,209.18367346938777,0.8991836734693877,1088896887.3210928,217.93719864096582,0.7517116917602087,2.5730170383367963e-06,3,2.0,1.6,0.0
0.8,209.18367346938777,0.9173469387755101,1072077126.1740183,276.16324003095156,0.8425574494380185,2.295080062041544e-06,3,2.0,1.6,0.0
0.8,209.18367346938777,0.9355102040816325,1067409336.4128319,301.53565886543083,0.8878920043849599,2.412351686727074e-06,3,2.0,1.6,0.0
0.8,209.18367346938777,0.953673469387755,1061102906.3754838,366.49852767202077,0.9337638356320732,2.407628269842518e-06,3,2.0,1.6,0.0
0.8,209.18367346938777,0.9718367346938775,1052618919.5252503,488.87445150320644,0.9697516594600923,3.51825203241044e-06,3,2.0,1.6,0.0
0.8,209.18367346938777,0.99,597418560.3798467,507.1079438761976,0.9896440861272517,9.562063242376869e-05,1,2.0,1.6,0.0
0.8,218.3673469387755,0.1,1246069112.983026,521.1065854823731,0.0006471243847467021,5.931412095427893e-08,6,1.999938710630115,1.6000019877555895,-4.345060312403601e-07
0.8,218.3673469387755,0.11816326530612245,1246069108.6497123,519.1070582340794,0.0006488735486716263,5.9491658347958763e-08,6,1.9999387115847047,1.6000019936603744,-4.3414251796323657e-07
0.8,218.3673469387755,0.1363265306122449,1246069103.8607514,516.7539768254042,0.0006128222850831739,5.974935300319572e-08,6,1.999938712606655,1.6000020006884792,-4.337166880557456e-07
0.8,218.3673469387755,0.15448979591836737,1246069098.6864803,514.0422935592566,0.0005459528391752829,6.010629209067212e-08,6,1.9999387136701026,1.6000020088970814,-4.3322796447936866e-07
0.8,218.3673469387755,0.1726530612244898,1246069093.1811447,510.9751605779216,0.0004581318683890844,6.05664080823726e-08,6,1.9999387147544163,1.6000020183469186,-4.326761175818783e-07
0.8,218.3673469387755,0.19081632653061226,1246069087.3927488,507.5432387616174,0.0003606066578983754,6.115545240983127e-08,6,1.9999387158420117,1.6000020291021582,-4.320614541754157e-07
0.8,218.3673469387755,0.2089795918367347,1246069081.3655455,503.7470112917766,0.00026455208468320233,6.188408649800013e-08,6,1.9999387169169291,1.600002041230205,-4.3138495018330714e-07
0.8,218.3673469387755,0.22714285714285715,1246069075.1383126,499.58402533433684,0.00017928506404714484,6.276877696824533e-08,6,1.9999387179660604,1.6000020548012484,-4.306486153916502e-07
0.8,218.3673469387755,0.2453061224489796,1246069068.7235014,495.04984248896244,0.00011091024298567273,6.383277930670978e-08,6,1.9999387189807607,1.6000020698884811,-4.2985536045791323e-07
0.8,218.3673469387755,0.26346938775510204,1246069062.1629546,490.14424196581734,6.169070378951293e-05,6.509166087933581e-08,6,1.9999387199515006,1.600002086571583,-4.290097059475944e-07
0.8,218.3673469387755,0.2816326530612245,1246069055.4742064,484.8645258233165,3.025809508541234e-05,6.656779492896479e-08,6,1.9999387208724462,1.6000021049369775,-4.2811671930357773e-07
0.8,218.3673469387755,0.2997959183673469,1246069048.6729352,479.20815549520347,1.2759183937795695e-05,6.828939557259521e-08,6,1.9999387217401836,1.6000021250842398,-4.27181532281373e-07
0.8,218.3673469387755,0.3179591836734694,1246069041.7746973,473.1772733533661,4.479788564251204e-06,7.02754130862459e-08,6,1.999938722551127,1.6000021471295456,-4.2621016920104436e-07
0.8,218.3673469387755,0.33612244897959187,1246069034.7751555,466.7655259054224,1.2567243086312154e-06,7.256571051310933e-08,6,1.9999387233069854,1.6000021712110575,-4.252091583398764e-07
0.8,218.3673469387755,0.3542857142857143,1245958475.1025934,458.24725137228967,7.690185777598131e-05,8.151158508697587e-08,6,1.9999407690110311,1.6000015839912625,-3.9932692741107513e-07
0.8,218.3673469387755,0.37244897959183676,1245958437.7126653,452.644360201011,2.696443430592241e-05,7.812851350382269e-08,6,1.9999407723510436,1.600001611856961,-3.983578669316759e-07
0.8,218.3673469387755,0.3906122448979592,1245853867.8032193,442.15858732674803,5.948744026929694e-05,9.376774078143887e-08,5,1.9999420637553482,1.6000012559011452,-3.822926521575462e-07
0.8,218.3673469387755,0.40877551020408165,1245853807.607013,436.5760447536602,1.717144195349126e-05,8.719438930480601e-08,5,1.9999420681354936,1.6000012889019715,-3.8138167659664295e-07
0.8,218.3673469387755,0.4269387755102041,1245853772.0547497,429.5356002761635,3.5406692584584146e-06,8.543039815421057e-08,5,1.9999420705109505,1.600001325640099,-3.8049724946000144e-07
0.8,218.3673469387755,0.44510204081632654,1245853744.9066315,421.71342553171894,4.906432547862599e-07,8.566823241143599e-08,5,1.9999420721625825,1.6000013660593144,-3.796307430439514e-07
0.8,218.3673469387755,0.463265306122449,1245853722.0290873,413.29206167189614,9.99413754168218e-08,8.721285592533442e-08,5,1.9999420734210087,1.6000014104313793,-3.7878686481291253e-07
0.8,218.3673469387755,0.48142857142857143,1245853701.7427006,404.3508036725125,9.90533907761551e-08,8.982713933683392e-08,5,1.9999420744252396,1.600001459143934,-3.7797421639548115e-07
0.8,218.3673469387755,0.4995918367346939,1245853683.1139379,394.9334493928557,9.840223339442791e-08,9.343106610748938e-08,5,1.9999420752521364,1.600001512672294,-3.7720306596513456e-07
0.8,218.3673469387755,0.5177551020408163,1245853665.5801663,385.06336018061455,9.990223619899758e-08,9.804357902828874e-08,5,1.9999420759481288,1.6000015715860716,-3.7648633616860816e-07
0.8,218.3673469387755,0.5359183673469388,1245853648.750897,374.7592307262775,9.927113154369265e-08,1.0372919880159836e-07,5,1.999942076544025,1.6000016365585958,-3.7583741055197425e-07
0.8,218.3673469387755,0.5540816326530612,1245853632.3205457,364.03159287072157,9.877216949658855e-08,1.1061488880410252e-07,5,1.999942077062143,1.6000017083892397,-3.7527172742111483e-07
0.8,218.3673469387755,0.5722448979591837,1245853616.0481377,352.89082941563527,9.987138670017806e-08,1.1886551803535959e-07,5,1.9999420775185148,1.6000017880267885,-3.748046959339808e-07
0.8,218.3673469387755,0.5904081632653061,1245853599.7043402,341.3355627680438,9.893879558663952e-08,1.2873625668213278e-07,5,1.999942077925751,1.600001876605259,-3.7445179266315804e-07
0.8,218.3673469387755,0.6085714285714285,1245853579.249763,326.5961904319746,9.897936664710807e-08,1.4349722517512213e-07,5,1.999942078372392,1.600001975422419,-3.741608482359937e-07
0.8,218.3673469387755,0.626734693877551,1245853549.308085,305.06723128005444,9.880869756145132e-08,1.702951490522266e-07,5,1.99994207892183,1.600002090205408,-3.7388064293318796e-07
0.8,218.3673469387755,0.6448979591836734,1245819893.7869682,277.54867474679736,9.971021804232124e-08,2.5612378759143453e-07,5,1.9999425611036745,1.600002124315054,-3.6880701090551585e-07
0.8,218.3673469387755,0.6630612244897959,1245806423.1397922,262.45660996320566,9.697518571626292e-08,2.8140469720842814e-07,5,1.9999427260101803,1.6000022403596694,-3.670323021798692e-07
0.8,218.3673469387755,0.6812244897959183,1245688638.997715,251.77186390871515,9.715977199355561e-08,2.980398705841768e-07,5,1.9999440387279115,1.6000021361898216,-3.5418888311465173e-07
0.8,218.3673469387755,0.6993877551020408,1104985630.718708,241.63764427849148,9.96621998905084e-08,3.169422001524141e-07,3,2.0,1.6,0.0
0.8,218.3673469387755,0.7175510204081632,1104650321.3114533,226.4710203424712,9.979771219029723e-08,3.494684891605982e-07,3,2.0,1.6,0.0
0.8,218.3673469387755,0.7357142857142857,1104273161.3622935,211.22984100815648,9.686699627164106e-08,3.890124221074508e-07,3,2.0,1.6,0.0
0.8,218.3673469387755,0.7538775510204081,1103882502.316618,197.31574585530484,9.75237965538331e-08,4.2999348273348175e-07,3,2.0,1.6,0.0
0.8,218.3673469387755,0.7720408163265305,1103416656.5311086,182.84527217974832,9.566394348388447e-08,4.814965012999295e-07,3,2.0,1.6,0.0
0.8,218.3673469387755,0.790204081632653,1102959736.780386,170.47726712869644,9.648259527760878e-08,5.348981620269249e-07,3,2.0,1.6,0.0
0.8,218.3673469387755,0.8083673469387754,1102328358.1413164,155.86885172017864,9.939508541188736e-08,6.118928069286912e-07,3,2.0,1.6,0.0
0.8,218.3673469387755,0.8265306122448979,1101637941.5522277,142.46809377852748,8.249009363481891e-08,7.020305376929755e-07,3,2.0,1.6,0.0
0.8,218.3673469387755,0.8446938775510203,1097339886.3613422,223.03851755041757,0.584882149124759,1.3498055938414305e-06,3,2.0,1.6,0.0
0.8,218.3673469387755,0.8628571428571428,1095091344.0656102,245.7315272499657,0.6819781494582051,1.6463305632854173e-06,3,2.0,1.6,0.0
0.8,218.3673469387755,0.8810204081632652,1092691602.2194777,247.74606008569066,0.7300982116010577,1.92366593146395e-06,3,2.0,1.6,0.0
0.8,218.3673469387755,0.8991836734693877,1089681935.843501,233.43609408674024,0.758449482480863,2.363007089853854e-06,3,2.0,1.6,0.0
0.8,218.3673469387755,0.9173469387755101,1072929569.8191484,279.27592477665183,0.8373590745899219,2.2613607325157058e-06,3,2.0,1.6,0.0
0.8,218.3673469387755,0.9355102040816325,1068235382.6453781,306.4635305862924,0.8848513965702818,2.3591229827964136e-06,3,2.0,1.6,0.0
0.8,218.3673469387755,0.953673469387755,1061900637.5347836,371.06350703925557,0.9317240440657211,2.3547043678950326e-06,3,2.0,1.6,0.0
0.8,218.3673469387755,0.9718367346938775,1053298559.2761883,503.51861446567403,0.969343010994863,3.2445741050857373e-06,3,2.0,1.6,0.0
0.8,218.3673469387755,0.99,653200866.6239537,530.3786130815336,0.9896637220607362,9.039910358397918e-05,1,2.0,1.6,0.0
0.8,227.55102040816325,0.1,1246069176.2726216,541.0785432901322,0.0026067879010088784,6.042666983413256e-08,6,1.999938693834095,1.6000019294232297,-4.3876683311920486e-07
0.8,227.55102040816325,0.11816326530612245,1246069166.5653846,539.3215710729783,0.002760114790864872,5.9796566254103e-08,6,1.999938696699644,1.6000019342117457,-4.3837376410174107e-07
0.8,227.55102040816325,0.1363265306122449,1246069156.8976338,537.1637389811694,0.0027809151773759283,5.930595485274418e-08,6,1.9999386994681276,1.6000019400969232,-4.3791743620393674e-07
0.8,227.55102040816325,0.15448979591836737,1246069147.3305957,534.6034526447128,0.0026739543795639186,5.8969485234327684e-08,6,1.9999387021087927,1.6000019471458689,-4.3739595210855417e-07
0.8,227.55102040816325,0.1726530612244898,1246069137.9029567,531.6353264324586,0.0024539125296903497,5.879475558023394e-08,6,1.9999387046052124,1.6000019554283336,-4.3680740205443076e-07
0.8,227.55102040816325,0.19081632653061226,1246069128.6096728,528.259457816579,0.0021450284899997042,5.8790115666331557e-08,6,1.9999387069535604,1.6000019650160633,-4.361496818723381e-07
0.8,227.55102040816325,0.2089795918367347,1246069119.4422185,524.482702274387,0.0017792741907450519,5.895602980346713e-08,6,1.9999387091526657,1.600001975984148,-4.3542127572210436e-07
0.8,227.55102040816325,0.22714285714285715,1246069110.374432,520.3029672149894,0.001392335810994782,5.930278071167481e-08,6,1.999938711208288,1.6000019884079648,-4.3462134627186515e-07
0.8,227.55102040816325,0.2453061224489796,1246069101.4298406,515.723658195753,0.0010198428776242957,5.984151313623884e-08,6,1.9999387131117499,1.6000020023677695,-4.337506317923478e-07
0.8,227.55102040816325,0.26346938775510204,1246069092.5566223,510.74317546489857,0.0006920110158950225,6.05849976878023e-08,6,1.9999387148751129,1.6000020179372463,-4.3281145181959103e-07
0.8,227.55102040816325,0.2816326530612245,1246069083.776189,505.35837174988035,0.0004291668387248104,6.155930179090642e-08,6,1.9999387164941758,1.6000020351941238,-4.318078689525965e-07
0.8,227.55102040816325,0.2997959183673469,1246069075.0832253,499.57675501391515,0.00023914961009540402,6.276804231262341e-08,6,1.999938717975124,1.6000020542149695,-4.307464092594176e-07
0.8,227.55102040816325,0.3179591836734694,1246069066.4477904,493.3924957767996,0.00011711284151537445,6.424261012738779e-08,6,1.9999387193253957,1.6000020750826531,-4.296352399076264e-07
0.8,227.55102040816325,0.33612244897959187,1246069057.8785558,486.80251912707223,4.900167887814126e-05,6.601233743037837e-08,6,1.9999387205496726,1.6000020978961274,-4.284849000995738e-07
0.8,227.55102040816325,0.3542857142857143,1246069049.3826044,479.8114330503934,1.687932000050447e-05,6.809787763171816e-08,6,1.9999387216524869,1.6000021227784689,-4.2730410888517976e-07
0.8,227.55102040816325,0.37244897959183676,1246069040.9259806,472.415180169979,4.560926351306742e-06,7.054061015259566e-08,6,1.9999387226462522,1.6000021498855626,-4.261017910885709e-07
0.8,227.55102040816325,0.3906122448979592,1245958519.2973742,460.92961187500305,0.00015746851762075267,8.737192296229778e-08,6,1.9999407648319363,1.6000015670285526,-4.0000335961339356e-07
0.8,227.55102040816325,0.40877551020408165,1245958454.2156458,455.57569355563345,5.295374671700195e-05,7.93928437228572e-08,6,1.9999407709080752,1.6000015976418471,-3.9883998759087043e-07
0.8,227.55102040816325,0.4269387755102041,1245853922.6449769,442.5405177497295,9.158096072054092e-05,1.0208754594382929e-07,5,1.999942059607913,1.60000124639068,-3.8262886598048065e-07
0.8,227.55102040816325,0.44510204081632654,1245853815.6716464,437.7420443499332,2.4845269533480286e-05,8.78460774735403e-08,5,1.9999420675699653,1.60000128261037,-3.815444963261014e-07
0.8,227.55102040816325,0.463265306122449,1245853773.3565352,429.8591510492239,4.424670236396385e-06,8.545237351717462e-08,5,1.9999420704281918,1.6000013239744952,-3.8053515438160405e-07
0.8,227.55102040816325,0.48142857142857143,1245853742.8319619,421.0204652316736,4.80624942943255e-07,8.575455768063073e-08,5,1.9999420722819856,1.6000013696638078,-3.7955824113116037e-07
0.8,227.55102040816325,0.4995918367346939,1245853717.7175052,411.5092629421299,9.84260676047737e-08,8.766335219272661e-08,5,1.9999420736435023,1.600001419997264,-3.7861836223357127e-07
0.8,227.55102040816325,0.5177551020408163,1245853695.7205622,401.43284949903534,9.774980486852326e-08,9.085630325320958e-08,5,1.9999420747025936,1.600001475467967,-3.777258995607716e-07
0.8,227.55102040816325,0.5359183673469388,1245853675.6553645,390.84700065439324,9.866282105599342e-08,9.524048908500963e-08,5,1.9999420755578052,1.600001536694283,-3.7689518529202763e-07
0.8,227.55102040816325,0.5540816326530612,1245853656.8044155,379.7822298195049,9.944037293024881e-08,1.0084652439277183e-07,5,1.999942076267394,1.6000016044184686,-3.761407695379041e-07
0.8,227.55102040816325,0.5722448979591837,1245853638.6863947,368.25967214830206,9.947956541373155e-08,1.0778188776025279e-07,5,1.9999420768685963,1.6000016795362009,-3.7548109363871204e-07
0.8,227.55102040816325,0.5904081632653061,1245853620.9523623,356.2938183246471,9.865683634175885e-08,1.162240724816196e-07,5,1.99994207738657,1.6000017631181036,-3.749341278840522e-07
0.8,227.55102040816325,0.6085714285714285,1245853603.2905803,343.89431799554603,9.917261332486809e-08,1.2642812187172723e-07,5,1.9999420778404606,1.600001856453661,-3.745179020036837e-07
0.8,227.55102040816325,0.626734693877551,1245853581.7388015,328.3970360087381,9.887943139136512e-08,1.4155148476020524e-07,5,1.9999420783214406,1.60000196115807,-3.742138844548274e-07
0.8,227.55102040816325,0.6448979591836734,1245853548.7495422,304.67079725718816,9.79711018391596e-08,1.7086161233733495e-07,5,1.9999420789310771,1.6000020824762917,-3.738522957231418e-07
0.8,227.55102040816325,0.6630612244897959,1245821582.153532,279.42784558008464,9.960306116770483e-08,2.3119024455463747e-07,5,1.999942538916404,1.6000021265648954,-3.6879630557592577e-07
0.8,227.55102040816325,0.6812244897959183,1245757497.2881482,261.49813408950547,9.903688183868222e-08,2.8100629463004995e-07,5,1.9999432829822927,1.600002141984177,-3.6180962967029144e-07
0.8,227.55102040816325,0.6993877551020408,1245689693.2199805,251.9126952826755,9.697696719321659e-08,2.9775505565963664e-07,5,1.9999440274841087,1.6000021864824252,-3.5436657505573284e-07
0.8,227.55102040816325,0.7175510204081632,1104927062.6525967,238.89130547668944,9.885652859363247e-08,3.2315295393273775e-07,3,2.0,1.6,0.0
0.8,227.55102040816325,0.7357142857142857,1104554471.096947,222.41671016984358,9.603679914429577e-08,3.598049907157635e-07,3,2.0,1.6,0.0
0.8,227.55102040816325,0.7538775510204081,1104148081.1766832,206.60194881195312,9.673092717007956e-08,4.009458475418294e-07,3,2.0,1.6,0.0
0.8,227.55102040816325,0.7720408163265305,1103744030.1800468,192.7941341376425,9.5358216899096e-08,4.4423040451613295e-07,3,2.0,1.6,0.0
0.8,227.55102040816325,0.790204081632653,1103202890.280853,176.86069289011013,9.732123305146755e-08,5.104471917097141e-07,3,2.0,1.6,0.0
0.8,227.55102040816325,0.8083673469387754,1102648400.6486077,162.96180393393962,9.84942892809746e-08,5.71132869887999e-07,3,2.0,1.6,0.0
0.8,227.55102040816325,0.8265306122448979,1101997101.0435,149.15900754857938,9.406653757012234e-08,6.547161664712315e-07,3,2.0,1.6,0.0
0.8,227.55102040816325,0.8446938775510203,1101206898.218254,135.2182900725278,9.939011581972619e-08,7.649840538638024e-07,3,2.0,1.6,0.0
0.8,227.55102040816325,0.8628571428571428,1095719936.687657,251.43407648327525,0.6749844850142468,1.5594500595379498e-06,3,2.0,1.6,0.0
0.8,227.55102040816325,0.8810204081632652,1093376003.6664126,255.68826868857533,0.7271801676759001,1.829248737287814e-06,3,2.0,1.6,0.0
0.8,227.55102040816325,0.8991836734693877,1090431005.4558015,246.47633093856447,0.7618127627384726,2.203152861422457e-06,3,2.0,1.6,0.0
0.8,227.55102040816325,0.9173469387755101,1073813410.4893641,280.97625861954236,0.8313907537169845,2.241639385791603e-06,3,2.0,1.6,0.0
0.8,227.55102040816325,0.9355102040816325,1069024312.9803566,311.3165103846653,0.8818744445349533,2.307715143622681e-06,3,2.0,1.6,0.0
0.8,227.55102040816325,0.953673469387755,1062675716.273629,375.05183707349903,0.9296258915458149,2.309817744765304e-06,3,2.0,1.6,0.0
0.8,227.55102040816325,0.9718367346938775,1053956253.5197195,517.2395092742065,0.9689048705192561,3.020361985415576e-06,3,2.0,1.6,0.0
0.8,227.55102040816325,0.99,701750141.6874815,553.7414686608372,0.9896834386493574,8.556906475154769e-05,1,2.0,1.6,0.0
0.8,236.73469387755102,0.1,1246196260.492943,564.0938469284442,0.00013012456834944473,5.3609840481827205e-08,6,1.9999345288991646,1.6000031213450248,-4.986493978613191e-07
0.8,236.73469387755102,0.11816326530612245,1246196257.247551,561.8399797098937,0.00012286724606775865,5.399285869476989e-08,6,1.9999345302946725,1.600003126012118,-4.982084333799126e-07
0.8,236.73469387755102,0.1363265306122449,1246196253.5791976,559.1996925293587,0.00010785704411078583,5.4468439377920756e-08,6,1.9999345318133723,1.6000031316176766,-4.976890663567914e-07
0.8,236.73469387755102,0.15448979591836737,1246196249.5427096,556.1722327660933,8.801132612678807e-05,5.5045987334528285e-08,6,1.9999345334105822,1.6000031382375348,-4.970889408609057e-07
0.8,236.73469387755102,0.1726530612244898,1246069237.899085,549.1686040748325,0.007294533347209059,6.535013823987609e-08,6,1.9999386742978609,1.6000019041758697,-4.413815658639476e-07
0.8,236.73469387755102,0.19081632653061226,1246069203.527587,547.0697862859699,0.006985552112707092,6.184758253144366e-08,6,1.999938685414011,1.6000019102444776,-4.405978944831817e-07
0.8,236.73469387755102,0.2089795918367347,1246069180.9432037,543.8936271983399,0.006357201547282851,6.010448520993825e-08,6,1.9999386924270235,1.600001918827745,-4.397923275761366e-07
0.8,236.73469387755102,0.22714285714285715,1246069162.9307935,540.0398678493724,0.005515374590283405,5.913757345220485e-08,6,1.9999386977509697,1.600001929298401,-4.389278346644868e-07
0.8,236.73469387755102,0.2453061224489796,1246069147.406516,535.6301594560879,0.00454671814581164,5.8668285187877884e-08,6,1.999938702088128,1.6000019415459754,-4.3799190212793425e-07
0.8,236.73469387755102,0.26346938775510204,1246069133.4445844,530.7163608798884,0.0035390169811339634,5.858166659638547e-08,6,1.9999387057452718,1.6000019555780713,-4.369785478087404e-07
0.8,236.73469387755102,0.2816326530612245,1246069120.488686,525.3371339513409,0.0025782435156717315,5.8810341011981296e-08,6,1.9999387089084724,1.6000019714337241,-4.358852020340585e-07
0.8,236.73469387755102,0.2997959183673469,1246069108.299516,519.5087914483771,0.0017372907049643153,5.934089916472731e-08,6,1.9999387116611342,1.6000019891749135,-4.34713500064306e-07
0.8,236.73469387755102,0.3179591836734694,1246069096.6833255,513.2331771571085,0.0010661959892284344,6.018081071007684e-08,6,1.9999387140706284,1.6000020088586637,-4.3346901775173106e-07
0.8,236.73469387755102,0.33612244897959187,1246069085.5301929,506.5241502699675,0.0005842767558876729,6.133008194851046e-08,6,1.999938716180494,1.600002030543108,-4.3216126043735153e-07
0.8,236.73469387755102,0.3542857142857143,1246069074.7643468,499.3788067301255,0.00027859269248922913,6.281470358001705e-08,6,1.999938718027059,1.6000020542912372,-4.308035859999501e-07
0.8,236.73469387755102,0.37244897959183676,1246069064.3143873,491.80187630726806,0.00011175637614726873,6.465382342186157e-08,6,1.99993871964094,1.6000020801858195,-4.294118109895072e-07
0.8,236.73469387755102,0.3906122448979592,1246069054.1499894,483.7899072514513,3.6090216833789065e-05,6.688467916430132e-08,6,1.999938721046718,1.600002108349729,-4.280025620924651e-07
0.8,236.73469387755102,0.40877551020408165,1246069044.2145376,475.34503125075025,8.839657108412784e-06,6.95453570405008e-08,6,1.9999387222720921,1.6000021389622217,-4.2658743322076984e-07
0.8,236.73469387755102,0.4269387755102041,1246069034.4566548,466.4680088921019,1.517347530561351e-06,7.268007332923293e-08,6,1.9999387233399566,1.600002172272499,-4.2517619201562406e-07
0.8,236.73469387755102,0.44510204081632654,1245958458.093458,456.1661147516758,6.544575578835922e-05,7.974542086526266e-08,6,1.9999407705618344,1.6000015947106214,-3.9894405996733614e-07
0.8,236.73469387755102,0.463265306122449,1245853906.2410133,442.79418537006984,9.973586571441092e-05,9.948619784954754e-08,5,1.9999420608510654,1.600001247585323,-3.825719208884316e-07
0.8,236.73469387755102,0.48142857142857143,1245853807.312419,436.5330166951274,2.2236158066491965e-05,8.717132705996374e-08,5,1.999942068155994,1.6000012891344169,-3.8137593557863395e-07
0.8,236.73469387755102,0.4995918367346939,1245853764.0862014,427.47402962246395,2.9676293550771745e-06,8.533941791584349e-08,5,1.9999420710120606,1.6000013362632433,-3.8025974799194956e-07
0.8,236.73469387755102,0.5177551020408163,1245853732.6821048,417.4299239505866,2.080851468643197e-07,8.632452796183914e-08,5,1.9999420728512765,1.6000013884705704,-3.791913697710907e-07
0.8,236.73469387755102,0.5359183673469388,1245853706.7615337,406.6915366606719,9.915884188094939e-08,8.905692511071551e-08,5,1.9999420741868728,1.6000014462162884,-3.7817891968274393e-07
0.8,236.73469387755102,0.5540816326530612,1245853683.9184606,395.3647074199988,9.991435390754106e-08,9.324987451006947e-08,5,1.9999420752183947,1.6000015101628473,-3.772365914941105e-07
0.8,236.73469387755102,0.5722448979591837,1245853662.9645538,383.5121364135723,9.90583783172512e-08,9.883939362106492e-08,5,1.9999420760452713,1.6000015811381227,-3.763821028381108e-07
0.8,236.73469387755102,0.5904081632653061,1245853643.136716,371.16125633654843,9.876252426816171e-08,1.0592871085307555e-07,5,1.9999420767279306,1.6000016601480094,-3.756351737525238e-07
0.8,236.73469387755102,0.6085714285714285,1245853623.9210079,358.33734890694416,9.962100636706165e-08,1.1468878406080887e-07,5,1.999942077304416,1.600001748413682,-3.7501754908767223e-07
0.8,236.73469387755102,0.626734693877551,1245853604.9198713,345.0529715118783,9.921447622734356e-08,1.2540894048723419e-07,5,1.9999420778009913,1.6000018474188724,-3.745506026808757e-07
0.8,236.73469387755102,0.6448979591836734,1245853583.6135678,329.75291033665593,9.937781765895774e-08,1.401074511168174e-07,5,1.9999420782824953,1.6000019590438308,-3.742360249381012e-07
0.8,236.73469387755102,0.6630612244897959,1245853547.251053,303.60878872342715,9.803935520819376e-08,1.7237365105085293e-07,5,1.9999420789557147,1.6000020897162148,-3.7381147032156375e-07
0.8,236.73469387755102,0.6812244897959183,1245816491.0786324,273.6756602166054,9.790317879959792e-08,2.6224686548999884e-07,5,1.9999426047403772,1.600002134351362,-3.6834557421169256e-07
0.8,236.73469387755102,0.6993877551020408,1245755655.2729995,261.0676244989719,9.735669040002199e-08,2.818022862832108e-07,5,1.9999433041081587,1.6000021626810284,-3.6127525580527466e-07
0.8,236.73469387755102,0.7175510204081632,1245574136.2581224,237.88335793225124,9.732268098481983e-08,3.244357678558669e-07,5,1.999945196765514,1.6000021582513009,-3.415903673538893e-07
0.8,236.73469387755102,0.7357142857142857,1104815193.133173,233.745911485638,9.623038107767591e-08,3.340384070221729e-07,3,2.0,1.6,0.0
0.8,236.73469387755102,0.7538775510204081,1104408910.2218163,216.5072429958846,9.543532323107706e-08,3.7394552055734893e-07,3,2.0,1.6,0.0
0.8,236.73469387755102,0.7720408163265305,1103996143.4591422,201.2134680737459,9.802160230351786e-08,4.1949747015945173e-07,3,2.0,1.6,0.0
0.8,236.73469387755102,0.790204081632653,1103497591.9300203,185.1918612806265,9.782584255569321e-08,4.738003764747408e-07,3,2.0,1.6,0.0
0.8,236.73469387755102,0.8083673469387754,1102932519.9649742,169.81310072501773,9.598220133206722e-08,5.382161593484468e-07,3,2.0,1.6,0.0
0.8,236.73469387755102,0.8265306122448979,1102258964.1974974,154.41116580373787,8.567404527971001e-08,6.206247456554014e-07,3,2.0,1.6,0.0
0.8,236.73469387755102,0.8446938775510203,1101499282.5648675,140.0462763976209,9.303027683635136e-08,7.21369064810464e-07,3,2.0,1.6,0.0
0.8,236.73469387755102,0.8628571428571428,1096309693.4172335,256.3756875912627,0.6670063747805551,1.4779349124433784e-06,3,2.0,1.6,0.0
0.8,236.73469387755102,0.8810204081632652,1094014197.273158,263.0318560147039,0.7237084611849925,1.7433372084054236e-06,3,2.0,1.6,0.0
0.8,236.73469387755102,0.8991836734693877,1091137218.2623105,257.6453877253996,0.7630089865835902,2.0762917341579537e-06,3,2.0,1.6,0.0
0.8,236.73469387755102,0.9173469387755101,1074790334.7993968,279.7778299894563,0.8236131303090459,2.251120766522042e-06,3,2.0,1.6,0.0
0.8,236.73469387755102,0.9355102040816325,1069775994.271573,316.17621468219045,0.8789672591413324,2.2564805728465867e-06,3,2.0,1.6,0.0
0.8,236.73469387755102,0.953673469387755,1063421938.3780129,378.9533992206608,0.9275542186677785,2.2675750889145194e-06,3,2.0,1.6,0.0
0.8,236.73469387755102,0.9718367346938775,1054598218.9040537,529.3886051540969,0.9683933749194549,2.8362193953110417e-06,3,2.0,1.6,0.0
0.8,236.73469387755102,0.99,744064272.0629237,577.1742182919836,0.9897028176810343,8.109674407687669e-05,1,2.0,1.6,0.0
0.8,245.9183673469388,0.1,1246196298.3781981,585.5017876199718,0.0007767449176238432,5.109609524738625e-08,6,1.999934508794471,1.6000030750606797,-5.038625189246767e-07
0.8,245.9183673469388,0.11816326530612245,1246196293.436603,583.2732054784723,0.0007829412179697262,5.122749674483614e-08,6,1.9999345118085314,1.6000030787200181,-5.033983635804486e-07
0.8,245.9183673469388,0.1363265306122449,1246196288.0241532,580.6408083722566,0.0007439684259901169,5.143705739373904e-08,6,1.9999345149761554,1.6000030832066183,-5.028553383542882e-07
0.8,245.9183673469388,0.15448979591836737,1246196282.2417185,577.6078713720049,0.0006675687381237443,5.1731839042307676e-08,6,1.999934518203635,1.6000030886078156,-5.022316484968663e-07
0.8,245.9183673469388,0.1726530612244898,1246196276.1410146,574.1689732066169,0.0005648048358085592,5.2125272372809765e-08,6,1.9999345214380568,1.600003095011464,-5.015244792975635e-07
0.8,245.9183673469388,0.19081632653061226,1246196269.7710166,570.3160466272304,0.00044874609360128273,5.263716246208821e-08,6,1.9999345246182492,1.6000031025215105,-5.00730690203471e-07
0.8,245.9183673469388,0.2089795918367347,1246196263.2061539,566.0478287146378,0.0003326878928410408,5.328058311937884e-08,6,1.9999345276898237,1.600003111253685,-4.998464589508798e-07
0.8,245.9183673469388,0.22714285714285715,1246196256.4771292,561.3586870194155,0.0002280981651652593,5.40761467213395e-08,6,1.9999345306211327,1.60000312133007,-4.988673922920673e-07
0.8,245.9183673469388,0.2453061224489796,1246069264.3792882,551.7545940657412,0.01197108074598484,6.760593455786764e-08,6,1.999938665594877,1.6000018932045237,-4.427548549582466e-07
0.8,245.9183673469388,0.26346938775510204,1246069204.1046224,549.1430582724554,0.010630576974314025,6.125378283499277e-08,6,1.9999386852316217,1.6000019012582736,-4.415072909144681e-07
0.8,245.9183673469388,0.2816326530612245,1246069175.8611286,544.3509172923902,0.008736302213736393,5.935641058308121e-08,6,1.999938693956827,1.6000019142755082,-4.4031121822031875e-07
0.8,245.9183673469388,0.2997959183673469,1246069154.6418939,538.7437327508379,0.006741373082671909,5.856604403927725e-08,6,1.9999387000991036,1.6000019298853076,-4.3904802031670606e-07
0.8,245.9183673469388,0.3179591836734694,1246069136.7487586,532.5311964460889,0.004846492929658649,5.84040436448327e-08,6,1.999938704902197,1.6000019478286283,-4.3770012693546926e-07
0.8,245.9183673469388,0.33612244897959187,1246069120.8038228,525.7970512848591,0.0032040551333475434,5.870560021749814e-08,6,1.9999387088347238,1.6000019680578974,-4.362647544621656e-07
0.8,245.9183673469388,0.3542857142857143,1246069106.166869,518.5703006105784,0.0019127669869346336,5.942332839519945e-08,6,1.9999387121190868,1.600001990574704,-4.3474791964327575e-07
0.8,245.9183673469388,0.37244897959183676,1246069092.4910595,510.86645572085183,0.001006909365673778,6.054824819085898e-08,6,1.9999387148876095,1.6000020153877188,-4.331641811028628e-07
0.8,245.9183673469388,0.3906122448979592,1246069079.5941758,502.6960248571306,0.0004528738844276122,6.209046798388737e-08,6,1.9999387172216296,1.6000020425183537,-4.3153426922880745e-07
0.8,245.9183673469388,0.40877551020408165,1246069067.3215196,494.0586438181665,0.00016688453789400314,6.40770683585782e-08,6,1.999938719193968,1.6000020720185364,-4.298833662075863e-07
0.8,245.9183673469388,0.4269387755102041,1246069055.576478,484.95571760737596,4.764895375615195e-05,6.65415103636964e-08,6,1.9999387208588715,1.6000021040111125,-4.282362233739269e-07
0.8,245.9183673469388,0.44510204081632654,1246069044.2640626,475.38928038602427,9.761870935308065e-06,6.953063525662859e-08,6,1.9999387222663843,1.6000021387194596,-4.2660899252030743e-07
0.8,245.9183673469388,0.463265306122449,1245958531.970869,461.11915013308186,0.0002102758677356736,8.92803748273824e-08,6,1.9999407636121973,1.6000015644313164,-4.0013210777685223e-07
0.8,245.9183673469388,0.48142857142857143,1245958446.762899,454.3556210489406,5.284720953671964e-05,7.877151505477934e-08,6,1.9999407715667938,1.6000016036054654,-3.9863826384358735e-07
0.8,245.9183673469388,0.4995918367346939,1245853853.3992052,441.42166207235476,7.252351562551022e-05,9.190433581121575e-08,5,1.9999420648302597,1.6000012611359133,-3.8213664533147026e-07
0.8,245.9183673469388,0.5177551020408163,1245853785.6216056,432.6190571427396,1.1277000642120511e-05,8.586013448028238e-08,5,1.9999420696296795,1.600001309700651,-3.8086839758662966e-07
0.8,245.9183673469388,0.5359183673469388,1245853746.0686255,422.096197022535,9.124638881894843e-07,8.56253424446626e-08,5,1.9999420720953185,1.6000013640656277,-3.7967116339097e-07
0.8,245.9183673469388,0.5540816326530612,1245853715.7671149,410.6825491767298,9.848148901936916e-08,8.788015093528865e-08,5,1.9999420737425349,1.6000014244683984,-3.7854109922994993e-07
0.8,245.9183673469388,0.5722448979591837,1245853690.077827,398.58924738616076,9.938137676662213e-08,9.193119888466783e-08,5,1.999942074953748,1.600001491609077,-3.774922247073876e-07
0.8,245.9183673469388,0.5904081632653061,1245853667.023202,385.9100950547686,9.943230490874434e-08,9.76149921034878e-08,5,1.9999420758937767,1.60000156641098,-3.765440634185298e-07
0.8,245.9183673469388,0.6085714285714285,1245853645.5194492,372.69731102192185,9.946334442182194e-08,1.0497404861571454e-07,5,1.9999420766507383,1.600001650020062,-3.7571981104158226e-07
0.8,245.9183673469388,0.626734693877551,1245853624.85783,358.978529921508,9.849072808173349e-08,1.1421285931591e-07,5,1.9999420772781011,1.6000017438412082,-3.7504450859300893e-07
0.8,245.9183673469388,0.6448979591836734,1245853604.5261219,344.773049598685,9.946076464138682e-08,1.256521108197626e-07,5,1.9999420778105639,1.6000018495983044,-3.745425699089537e-07
0.8,245.9183673469388,0.6630612244897959,1245853579.2124126,326.56917241164854,9.794579484991297e-08,1.4352628462498997e-07,5,1.99994207837315,1.600001969518892,-3.741934853527126e-07
0.8,245.9183673469388,0.6812244897959183,1245838868.9099786,294.0485506651069,9.93781676249196e-08,2.358211801930979e-07,5,1.9999422928787518,1.6000020675867423,-3.7156984794837113e-07
0.8,245.9183673469388,0.6993877551020408,1245814550.48072,271.4365229163031,9.900744399613094e-08,2.500491428455233e-07,5,1.9999426290134565,1.6000021672751497,-3.680656205919716e-07
0.8,245.9183673469388,0.7175510204081632,1245746368.0890489,258.6751085354926,9.982979442538402e-08,2.8637216453169047e-07,5,1.999943409439589,1.6000021895974441,-3.603689057221955e-07
0.8,245.9183673469388,0.7357142857142857,1105063646.7583554,245.2853577654283,9.746216760168996e-08,3.1058232408895284e-07,3,2.0,1.6,0.0
0.8,245.9183673469388,0.7538775510204081,1104688688.7836332,228.147431695896,9.980758404056583e-08,3.4559210496461327e-07,3,2.0,1.6,0.0
0.8,245.9183673469388,0.7720408163265305,1104209666.9667556,208.84868628196577,9.473043269424174e-08,3.965470353596288e-07,3,2.0,1.6,0.0
0.8,245.9183673469388,0.790204081632653,1103738425.4838226,192.60438361321562,9.337060673535804e-08,4.464219375806754e-07,3,2.0,1.6,0.0
0.8,245.9183673469388,0.8083673469387754,1103205757.3884475,176.9354072394791,9.789962038545005e-08,5.078381848620067e-07,3,2.0,1.6,0.0
0.8,245.9183673469388,0.8265306122448979,1102573043.4284706,161.23246315515232,8.839873848462836e-08,5.815887025875392e-07,3,2.0,1.6,0.0
0.8,245.9183673469388,0.8446938775510203,1101816607.1955698,145.71412904974824,9.034158373441986e-08,6.768229806681978e-07,3,2.0,1.6,0.0
0.8,245.9183673469388,0.8628571428571428,1096862280.3652952,260.6426429089056,0.6581138823089533,1.4002490368447658e-06,3,2.0,1.6,0.0
0.8,245.9183673469388,0.8810204081632652,1094609334.4685643,269.9288791796993,0.7198716425640289,1.6639346550592564e-06,3,2.0,1.6,0.0
0.8,245.9183673469388,0.8991836734693877,1091802571.1304364,267.38216303611546,0.7627520018670241,1.971646650423836e-06,3,2.0,1.6,0.0
0.8,245.9183673469388,0.9173469387755101,1088109923.0252218,228.359629769494,0.7723629862254566,2.740193399364356e-06,3,2.0,1.6,0.0
0.8,245.9183673469388,0.9355102040816325,1070476392.4549242,321.62748751890604,0.8763623695674065,2.1994713207417675e-06,3,2.0,1.6,0.0
0.8,245.9183673469388,0.953673469387755,1064149698.8780607,382.1547604056996,0.9253638074726426,2.232189043287339e-06,3,2.0,1.6,0.0
0.8,245.9183673469388,0.9718367346938775,1055222390.564314,540.7172142681499,0.9678603274746039,2.680481649250067e-06,3,2.0,1.6,0.0
0.8,245.9183673469388,0.99,781266822.6080679,600.5913819267654,0.9897204247140159,7.693697460249017e-05,1,2.0,1.6,0.0
0.8,255.10204081632654,0.1,1246196361.6346989,605.2492219301238,0.0026310078282740807,5.208914486641493e-08,6,1.99993446142048,1.6000030417131534,-5.095344146855579e-07
0.8,255.10204081632654,0.11816326530612245,1246196351.0370712,603.2985438218717,0.0027850177965384215,5.156337344077204e-08,6,1.999934470338963,1.6000030431751775,-5.089815418132812e-07
0.8,255.10204081632654,0.1363265306122449,1246196340.4911659,600.8989039156919,0.002804622074258221,5.115632251221855e-08,6,1.9999344788693525,1.6000030455278493,-5.083579745923603e-07
0.8,255.10204081632654,0.15448979591836737,1246196330.075136,598.0450743176564,0.0026946163407417997,5.088195860687234e-08,6,1.9999344869245834,1.600003048845924,-5.07662012881285e-07
0.8,255.10204081632654,0.1726530612244898,1246196319.8228345,594.7356273624055,0.002470142406598816,5.074736045268798e-08,6,1.9999344944578157,1.6000030532053133,-5.068908555134435e-07
0.8,255.10204081632654,0.19081632653061226,1246196309.7563622,590.9664911296558,0.002155896384208871,5.076320735918062e-08,6,1.999934501435563,1.6000030586935199,-5.060410440323226e-07
0.8,255.10204081632654,0.2089795918367347,1246196299.8797982,586.7438087524733,0.001784517062288953,5.093386178240314e-08,6,1.9999345078548534,1.6000030654065505,-5.051080320874763e-07
0.8,255.10204081632654,0.22714285714285715,1246196290.1568627,582.0651856659592,0.0013925068027523955,5.1268777326549167e-08,6,1.999934513742367,1.6000030734506738,-5.040863401871487e-07
0.8,255.10204081632654,0.2453061224489796,1246196280.6105566,576.9315647333517,0.0010160685562315753,5.178150488361961e-08,6,1.9999345190886213,1.6000030829627432,-5.029701822120756e-07
0.8,255.10204081632654,0.26346938775510204,1246196271.2257812,571.3440025117662,0.0006858571229440832,5.248584024269682e-08,6,1.9999345239111888,1.6000030940901906,-5.017527304764759e-07
0.8,255.10204081632654,0.2816326530612245,1246196262.0180151,565.2999440784588,0.00042235017477707524,5.34007065089544e-08,6,1.999934528222988,1.6000031069973566,-5.004270181590725e-07
0.8,255.10204081632654,0.2997959183673469,1246196252.9425056,558.8038056440597,0.00023306344520888087,5.453806497207228e-08,6,1.9999345320712976,1.6000031218470332,-4.989855520274608e-07
0.8,255.10204081632654,0.3179591836734694,1246069202.0438404,550.6392876084544,0.01368956025062527,6.055235877264253e-08,6,1.9999386858829933,1.6000018936701486,-4.4227303839946096e-07
0.8,255.10204081632654,0.33612244897959187,1246069170.9793186,544.370611852292,0.010404322929638408,5.8781065471680567e-08,6,1.9999386954065796,1.6000019109456496,-4.4071958622832517e-07
0.8,255.10204081632654,0.3542857142857143,1246069147.8927844,537.2468822408061,0.007293666352888948,5.8246913366564864e-08,6,1.9999387019557724,1.6000019313804557,-4.390850149209675e-07
0.8,255.10204081632654,0.37244897959183676,1246069128.398286,529.510409839628,0.004651087752541566,5.8401444610333816e-08,6,1.9999387070053427,1.6000019546199828,-4.3735463582924114e-07
0.8,255.10204081632654,0.3906122448979592,1246069111.004448,521.2443324528841,0.0026397224259115826,5.9085728398026066e-08,6,1.999938711069302,1.6000019805484755,-4.3553580285167163e-07
0.8,255.10204081632654,0.40877551020408165,1246069095.0801635,512.4677456488819,0.001293786602617753,6.027634616293666e-08,6,1.9999387143859715,1.6000020090944511,-4.336507186135462e-07
0.8,255.10204081632654,0.4269387755102041,1246069080.2913182,503.1877932205044,0.0005258950343275954,6.198707685302311e-08,6,1.999938717102729,1.6000020402107569,-4.3173264793625636e-07
0.8,255.10204081632654,0.44510204081632654,1246069066.4413874,493.41282058551843,0.00016782185962732198,6.423644874472312e-08,6,1.999938719326359,1.600002073918858,-4.2981953321038903e-07
0.8,255.10204081632654,0.463265306122449,1246069053.3504775,483.13745329903463,3.926046182043161e-05,6.707546932067289e-08,6,1.9999387211509696,1.600002110355886,-4.279476061084247e-07
0.8,255.10204081632654,0.48142857142857143,1246069040.8714426,472.3667646207293,6.169416613282841e-06,7.055726998852298e-08,6,1.9999387226523224,1.6000021498582515,-4.2613209152608717e-07
0.8,255.10204081632654,0.4995918367346939,1245958483.174509,459.03371819885405,0.00014252755119972815,8.244621659619163e-08,6,1.9999407682612018,1.6000015796396136,-3.995035419357031e-07
0.8,255.10204081632654,0.5177551020408163,1245958424.548368,449.7313959289234,2.5241798904174255e-05,7.741988275614839e-08,6,1.9999407734583665,1.6000016256576595,-3.97916656955083e-07
0.8,255.10204081632654,0.5359183673469388,1245853806.7485065,436.4496609082636,2.963229256256728e-05,8.712762839032962e-08,5,1.999942068195236,1.600001289583519,-3.8136486815398064e-07
0.8,255.10204081632654,0.5540816326530612,1245853757.0738108,425.5018385568723,2.579925079327925e-06,8.536574631179057e-08,5,1.9999420714421894,1.6000013464354594,-3.800389434954847e-07
0.8,255.10204081632654,0.5722448979591837,1245853722.251736,413.3829474992812,9.983002227234059e-08,8.71909173617127e-08,5,1.9999420734094284,1.6000014099449151,-3.7879555614204245e-07
0.8,255.10204081632654,0.5904081632653061,1245853693.8110578,400.48265388484543,9.999627988920734e-08,9.120891598014333e-08,5,1.9999420747885561,1.600001480832768,-3.7764692518733956e-07
0.8,255.10204081632654,0.6085714285714285,1245853668.7936044,386.94087302494694,9.893648136691264e-08,9.71024763236065e-08,5,1.999942075826412,1.6000015601405329,-3.76615241110849e-07
0.8,255.10204081632654,0.626734693877551,1245853645.7168958,372.82413360543273,9.838890077383252e-08,1.0489729596001656e-07,5,1.999942076644289,1.6000016491858335,-3.7572690773998153e-07
0.8,255.10204081632654,0.6448979591836734,1245853623.6792285,358.1714061393764,9.956868729379545e-08,1.1481090970998452e-07,5,1.99994207731116,1.6000017496026149,-3.750106133059135e-07
0.8,255.10204081632654,0.6630612244897959,1245853602.0445676,343.00668476600254,9.838242131044167e-08,1.272203854608879e-07,5,1.999942077870342,1.6000018634166646,-3.744938870366085e-07
0.8,255.10204081632654,0.6812244897959183,1245853574.5642765,323.2050815381984,9.877663351800198e-08,1.472792617932722e-07,5,1.9999420784659354,1.60000199311624,-3.7412160092117173e-07
0.8,255.10204081632654,0.6993877551020408,1245832619.512267,290.1106175061023,9.883406588870537e-08,2.409833444438079e-07,5,1.9999423854636542,1.6000020868222031,-3.707375442472562e-07
0.8,255.10204081632654,0.7175510204081632,1245809270.0376217,265.4289079034126,9.957554157503588e-08,2.7558129621555096e-07,5,1.9999426928151458,1.6000022053213159,-3.6706371492525753e-07
0.8,255.10204081632654,0.7357142857142857,1245675806.9052942,249.92640803946367,9.716458122084322e-08,3.0074827887590914e-07,5,1.9999441745801974,1.6000021123603136,-3.525298258697661e-07
0.8,255.10204081632654,0.7538775510204081,1104894818.4954867,237.38275312389607,9.817984497170381e-08,3.2571785135607515e-07,3,2.0,1.6,0.0
0.8,255.10204081632654,0.7720408163265305,1104491627.8100085,219.84567237869672,9.561992033360324e-08,3.6503631653094134e-07,3,2.0,1.6,0.0
0.8,255.10204081632654,0.790204081632653,1103979269.8968368,200.60824522828597,9.519779948886581e-08,4.189407455515725e-07,3,2.0,1.6,0.0
0.8,255.10204081632654,0.8083673469387754,1103443361.6047208,183.60850861491105,9.608648378477864e-08,4.784867575882391e-07,3,2.0,1.6,0.0
0.8,255.10204081632654,0.8265306122448979,1102820537.7229414,167.04687803718392,9.23073673755515e-08,5.519721479272781e-07,3,2.0,1.6,0.0
0.8,255.10204081632654,0.8446938775510203,1102082324.7604117,150.8322779650272,8.582791380525439e-08,6.449259703333465e-07,3,2.0,1.6,0.0
0.8,255.10204081632654,0.8628571428571428,1097390734.4171143,263.6604120011177,0.6472940036228124,1.326206132104536e-06,3,2.0,1.6,0.0
0.8,255.10204081632654,0.8810204081632652,1095172960.471076,276.09725925289314,0.715346803200298,1.5918226260551847e-06,3,2.0,1.6,0.0
0.8,255.10204081632654,0.8991836734693877,1092429458.7365687,276.0544397239393,0.7615250480131077,1.8820899177928187e-06,3,2.0,1.6,0.0
0.8,255.10204081632654,0.9173469387755101,1088792649.4611442,246.15082629328938,0.7813475715992007,2.5010206637555034e-06,3,2.0,1.6,0.0
0.8,255.10204081632654,0.9355102040816325,1071131361.3441584,327.3177626261272,0.8739469129696208,2.142243424524616e-06,3,2.0,1.6,0.0
0.8,255.10204081632654,0.953673469387755,1064840531.3166012,385.8859259865681,0.9233350234947084,2.1939762281174007e-06,3,2.0,1.6,0.0
0.8,255.10204081632654,0.9718367346938775,1055830162.2971958,550.8612739916214,0.9672779376037565,2.5486032828274537e-06,3,2.0,1.6,0.0
0.8,255.10204081632654,0.99,814328906.813975,623.9443415430168,0.9897356577826815,7.307259192143364e-05,1,2.0,1.6,0.0
0.8,264.2857142857143,0.1,1246328143.4492013,628.6106234634453,0.00025317061408914487,4.621091733545501e-08,6,1.9999278786025538,1.6000049733003694,-6.074224359259635e-07
0.8,264.2857142857143,0.11816326530612245,1246328138.0226274,626.2443327252397,0.00024525008665035727,4.629694280707826e-08,6,1.9999278856088278,1.6000049750394552,-6.06770040381806e-07
0.8,264.2857142857143,0.1363265306122449,1246328132.0859108,623.4470494711998,0.00022202658639896577,4.645126288529165e-08,6,1.9999278929225228,1.6000049773756242,-6.060172777793703e-07
0.8,264.2857142857143,0.15448979591836737,1246328125.7048855,620.2266665481609,0.0001879691884458841,4.667494146828597e-08,6,1.9999279003693748,1.6000049803944767,-6.051644143815307e-07
0.8,264.2857142857143,0.1726530612244898,1246196405.556487,612.7747672794029,0.006738759730923708,5.442831617067864e-08,6,1.9999344218243456,1.600003029971096,-5.12938954762212e-07
0.8,264.2857142857143,0.19081632653061226,1246196377.5789382,609.9439585549735,0.006364495406215476,5.246838183630283e-08,6,1.9999344474667087,1.6000030291292489,-5.11809613267549e-07
0.8,264.2857142857143,0.2089795918367347,1246196356.6787772,606.2205053575736,0.005730982009130854,5.1399656934890176e-08,6,1.9999344656280338,1.6000030314395204,-5.107004062674781e-07
0.8,264.2857142857143,0.22714285714285715,1246196339.1220565,601.8303706556306,0.004917617712086837,5.082054245402768e-08,6,1.9999344799495897,1.6000030359101576,-5.095529148683577e-07
0.8,264.2857142857143,0.2453061224489796,1246196323.561749,596.8601387097872,0.004003506314117546,5.0589137275930245e-08,6,1.9999344917566662,1.6000030422695959,-5.083420995123903e-07
0.8,264.2857142857143,0.26346938775510204,1246196309.3402166,591.3483733552497,0.003070593160934895,5.064672219628106e-08,6,1.9999345017135135,1.6000030504717662,-5.070517376586764e-07
0.8,264.2857142857143,0.2816326530612245,1246196296.1017892,585.3231420647477,0.0021977077052035077,5.096870228736021e-08,6,1.999934510198136,1.6000030605848623,-5.056689912262572e-07
0.8,264.2857142857143,0.2997959183673469,1246196283.6153889,578.7907673973893,0.001449197127906673,5.155778347244807e-08,6,1.9999345174517869,1.6000030727441799,-5.041819625480612e-07
0.8,264.2857142857143,0.3179591836734694,1246196271.7504473,571.7619243851333,0.0008659879617054365,5.241930777440381e-08,6,1.9999345236514803,1.6000030871242774,-5.025786879536087e-07
0.8,264.2857142857143,0.33612244897959187,1246196260.428132,564.2347643033929,0.0004589260729030925,5.357753998620913e-08,6,1.9999345289272799,1.6000031039222697,-5.008479374335995e-07
0.8,264.2857142857143,0.3542857142857143,1246069219.159578,554.6385442220804,0.018400078381973696,6.136309540048421e-08,6,1.9999386804054244,1.6000018791928743,-4.437423302627918e-07
0.8,264.2857142857143,0.37244897959183676,1246069178.9710302,547.5638358783539,0.013598792510289032,5.877140112611593e-08,6,1.9999386930226097,1.6000018987343803,-4.418697886741168e-07
0.8,264.2857142857143,0.3906122448979592,1246069152.0320537,539.3684502674413,0.009131611407634646,5.8091550811807974e-08,6,1.9999387008228198,1.600001922404164,-4.3992024182498586e-07
0.8,264.2857142857143,0.40877551020408165,1246069129.9260798,530.5125880830462,0.0054860185295647025,5.8269741375382865e-08,6,1.999938706627295,1.600001949410016,-4.378650265318955e-07
0.8,264.2857142857143,0.4269387755102041,1246069110.4366636,521.1012552331124,0.002866115007385399,5.9076842791302814e-08,6,1.999938711194706,1.6000019794926845,-4.35718133080061e-07
0.8,264.2857142857143,0.44510204081632654,1246069092.7886894,511.1598194138914,0.0012511955569486806,6.048240017744809e-08,6,1.9999387148302632,1.6000020124746035,-4.335171726540822e-07
0.8,264.2857142857143,0.463265306122449,1246069076.5755787,500.68170512528053,0.00043206081090074613,6.252188322915171e-08,6,1.9999387177295813,1.6000020482317634,-4.31314581292216e-07
0.8,264.2857142857143,0.48142857142857143,1246069061.5209281,489.67703068721084,0.00011149354834279258,6.521421514379394e-08,6,1.9999387200430254,1.600002086718459,-4.291760200040645e-07
0.8,264.2857142857143,0.4995918367346939,1246069047.4239423,478.13928698436507,1.938280262942725e-05,6.86271327824049e-08,6,1.9999387218919074,1.6000021283280295,-4.27118337347729e-07
0.8,264.2857142857143,0.5177551020408163,1245958550.4958313,461.03745112754837,0.00028580471544276587,9.216628058447227e-08,6,1.9999407618258285,1.6000015620756656,-4.0027561871864607e-07
0.8,264.2857142857143,0.5359183673469388,1245958440.633011,453.23611004887323,5.601229954185722e-05,7.831696401738255e-08,6,1.9999407721001468,1.6000016089897802,-3.9846193204110974e-07
0.8,264.2857142857143,0.5540816326530612,1245853825.692865,439.00589430411156,5.813622873315319e-05,8.87811110272082e-08,5,1.9999420668563341,1.6000012756264308,-3.817312443033998e-07
0.8,264.2857142857143,0.5722448979591837,1245853764.7163022,427.64639350799854,5.0954590459950445e-06,8.534010001610674e-08,5,1.9999420709729654,1.600001335375384,-3.802794270212831e-07
0.8,264.2857142857143,0.5904081632653061,1245853725.735208,414.7753152321266,1.63280363363316e-07,8.686537345652496e-08,5,1.999942073226063,1.6000014025286158,-3.7892949737412407e-07
0.8,264.2857142857143,0.6085714285714285,1245853694.8837445,401.0163069898439,9.961593999978733e-08,9.10088142997113e-08,5,1.9999420747402756,1.60000147782007,-3.7769105655105243e-07
0.8,264.2857142857143,0.626734693877551,1245853668.1425219,386.5631403487337,9.914154451105499e-08,9.728626777535001e-08,5,1.9999420758512922,1.6000015624397346,-3.765889708431144e-07
0.8,264.2857142857143,0.6448979591836734,1245853643.6591322,371.49875181723024,9.918727451228763e-08,1.0571332300703388e-07,5,1.999942076711098,1.6000016579218619,-3.75653539033246e-07
0.8,264.2857142857143,0.6630612244897959,1245853620.3395724,355.870656021435,9.950319561980096e-08,1.1654322338031944e-07,5,1.9999420774033203,1.600001766191861,-3.749172617014545e-07
0.8,264.2857142857143,0.6812244897959183,1245853597.3314784,339.6370860379864,9.933727754869117e-08,1.303081339867844e-07,5,1.999942077980991,1.6000018896653725,-3.7441228222377996e-07
0.8,264.2857142857143,0.6993877551020408,1245853561.3913121,313.70277892268234,9.839872905907225e-08,1.5872029917016003e-07,5,1.9999420787133226,1.6000020326935867,-3.7406914464346126e-07
0.8,264.2857142857143,0.7175510204081632,1245824517.0879045,282.5517669401527,9.877575044057176e-08,2.501202887709936e-07,5,1.9999424995271387,1.6000021175214367,-3.693372769124783e-07
0.8,264.2857142857143,0.7357142857142857,1245758418.1624382,261.708463703549,9.916704903594478e-08,2.802965148373342e-07,5,1.9999432723945219,1.6000021595972114,-3.613926867308143e-07
0.8,264.2857142857143,0.7538775510204081,1245532810.1406727,232.89261777804091,9.995010945985297e-08,3.3587532088578733e-07,5,1.9999455873538456,1.6000021261246835,-3.3916675848095635e-07
0.8,264.2857142857143,0.7720408163265305,1104695132.1960824,228.41818690068718,9.892340352731e-08,3.452568968339333e-07,3,2.0,1.6,0.0
0.8,264.2857142857143,0.790204081632653,1104205342.83501,208.71529039527474,9.525638286712008e-08,3.943444517422988e-07,3,2.0,1.6,0.0
0.8,264.2857142857143,0.8083673469387754,1103685770.0174835,190.94485991291322,9.470083906224127e-08,4.5191925265447284e-07,3,2.0,1.6,0.0
0.8,264.2857142857143,0.8265306122448979,1103106892.4175467,174.29244016161232,9.948874648318211e-08,5.177926162425901e-07,3,2.0,1.6,0.0
0.8,264.2857142857143,0.8446938775510203,1102330207.6928415,155.9074720778501,9.098080819254871e-08,6.136941596013333e-07,3,2.0,1.6,0.0
0.8,264.2857142857143,0.8628571428571428,1097914540.1993375,264.3409146764845,0.632446777126263,1.2536667634605598e-06,3,2.0,1.6,0.0
0.8,264.2857142857143,0.8810204081632652,1095696316.2370627,282.135101797072,0.7108136010947175,1.5228390421376918e-06,3,2.0,1.6,0.0
0.8,264.2857142857143,0.8991836734693877,1093025753.1478536,283.7053825186619,0.7594379037940621,1.8047668141186136e-06,3,2.0,1.6,0.0
0.8,264.2857142857143,0.9173469387755101,1089449085.2967422,261.70885896437113,0.7871885199308037,2.3150824744219633e-06,3,2.0,1.6,0.0
0.8,264.2857142857143,0.9355102040816325,1071767889.1644516,332.110774698916,0.8712471914273211,2.095375186719908e-06,3,2.0,1.6,0.0
0.8,264.2857142857143,0.953673469387755,1065508237.4239333,389.386763362648,0.9212936851953836,2.1586969447450312e-06,3,2.0,1.6,0.0
0.8,264.2857142857143,0.9718367346938775,1056424660.6100831,559.9224510643004,0.9666545959977528,2.4363565159627796e-06,3,2.0,1.6,0.0
0.8,264.2857142857143,0.99,843855396.0462788,647.226278380183,0.9897486697665497,6.948212228010039e-05,1,2.0,1.6,0.0
0.8,273.46938775510205,0.1,1246328210.8965466,647.7877623820311,0.001057545787445505,4.768373610527098e-08,6,1.9999277696810223,1.6000049665849836,-6.151175915499657e-07
0.8,273.46938775510205,0.11816326530612245,1246328199.1313624,645.7587952710584,0.0010848966665450595,4.712479465082041e-08,6,1.999927791167255,1.6000049638229739,-6.142280154603424e-07
0.8,273.46938775510205,0.1363265306122449,1246328187.4664283,643.2497414913474,0.0010514248544404453,4.668328234427053e-08,6,1.9999278115773587,1.6000049620091545,-6.132566034683993e-07
0.8,273.46938775510205,0.15448979591836737,1246328175.9267957,640.2597169918115,0.0009645850320283235,4.6360043046775174e-08,6,1.9999278307705435,1.6000049612015568,-6.122036325842123e-07
0.8,273.46938775510205,0.1726530612244898,1246328164.5458782,636.7866391841327,0.0008368288166853566,4.6161911681181337e-08,6,1.999927848626386,1.6000049614619778,-6.110687917628208e-07
0.8,273.46938775510205,0.19081632653061226,1246328153.382932,632.8256803818751,0.0006841592794766736,4.610052220451272e-08,6,1.9999278650232186,1.6000049628656903,-6.098511555138374e-07
0.8,273.46938775510205,0.2089795918367347,1246328142.484384,628.3681398647556,0.0005240838300921703,4.619240956995661e-08,6,1.9999278798631988,1.6000049654981694,-6.085495086014111e-07
0.8,273.46938775510205,0.22714285714285715,1246328131.8355012,623.4188219469368,0.00037316212391341687,4.644154682756036e-08,6,1.9999278932202171,1.6000049694146812,-6.071590087780623e-07
0.8,273.46938775510205,0.2453061224489796,1246196402.2364705,614.7850527437895,0.01033969262102642,5.3616266902908945e-08,6,1.9999344249209876,1.6000030187524308,-5.14252854249879e-07
0.8,273.46938775510205,0.26346938775510204,1246196368.6480744,610.1730448113053,0.008794776488418745,5.1585665451229756e-08,6,1.9999344553544702,1.6000030195735118,-5.12658088975284e-07
0.8,273.46938775510205,0.2816326530612245,1246196344.8436775,604.5074882859108,0.007042586995879311,5.072577081154001e-08,6,1.9999344753893533,1.6000030247609596,-5.111064455929077e-07
0.8,273.46938775510205,0.2997959183673469,1246196325.1644652,598.1297881310319,0.0052859547033124905,5.044378353829541e-08,6,1.9999344905822605,1.6000030328569563,-5.095082214488771e-07
0.8,273.46938775510205,0.3179591836734694,1246196307.88185,591.1478093740766,0.0036793763415998073,5.05766440097221e-08,6,1.9999345026875806,1.6000030435836985,-5.078278634086628e-07
0.8,273.46938775510205,0.33612244897959187,1246196292.2095823,583.6012764536185,0.002339319867016418,5.1074423366425563e-08,6,1.9999345125351886,1.6000030569756112,-5.060424759254194e-07
0.8,273.46938775510205,0.3542857142857143,1246196277.7362292,575.5135178023488,0.0013313560294393985,5.1925545606546644e-08,6,1.9999345206092085,1.6000030731936612,-5.041325824358286e-07
0.8,273.46938775510205,0.37244897959183676,1246196264.2078788,566.8952865868853,0.0006603122677327398,5.313884402641757e-08,6,1.9999345272348814,1.6000030924483064,-5.020806293573952e-07
0.8,273.46938775510205,0.3906122448979592,1246069218.375998,556.542431008198,0.021831984357580932,6.071547188937218e-08,6,1.9999386806595272,1.600001870494103,-4.4457360494946566e-07
0.8,273.46938775510205,0.40877551020408165,1246069176.8030171,548.163041901685,0.015326055126156533,5.835055412770517e-08,6,1.9999386936758994,1.60000189382653,-4.4237970574668867e-07
0.8,273.46938775510205,0.4269387755102041,1246069148.600582,538.6987022925199,0.009608006494174485,5.790798853656132e-08,6,1.9999387017631192,1.6000019217989359,-4.4008794676372967e-07
0.8,273.46938775510205,0.44510204081632654,1246069125.1493418,528.6024896404512,0.005255377609085789,5.8333173433086857e-08,6,1.9999387077972843,1.6000019535084564,-4.3767963908617263e-07
0.8,273.46938775510205,0.463265306122449,1246069104.399754,517.9534070337015,0.0024103474665293236,5.944929076777392e-08,6,1.9999387124929788,1.6000019885749353,-4.3518900601061694e-07
0.8,273.46938775510205,0.48142857142857143,1246069085.6475272,506.7478026068067,0.0008829850783873597,6.127294314704538e-08,6,1.9999387161593758,1.6000020266120156,-4.326947704997717e-07
0.8,273.46938775510205,0.4995918367346939,1246069068.5352106,494.979173535764,0.0002426533240362591,6.38463936154283e-08,6,1.999938719009597,1.6000020674952926,-4.3027342226581506e-07
0.8,273.46938775510205,0.5177551020408163,1246069052.748787,482.6429150207872,4.4643098280553664e-05,6.722786119063858e-08,6,1.9999387212283,1.6000021116080039,-4.27951945700179e-07
0.8,273.46938775510205,0.5359183673469388,1246069037.9942386,469.7515666774885,4.679330619336126e-06,7.147844484918506e-08,6,1.9999387229674674,1.600002159480908,-4.2575013016971544e-07
0.8,273.46938775510205,0.5540816326530612,1245958453.6502056,455.50844041455156,9.658857504999816e-05,7.933360226370691e-08,6,1.9999407709584336,1.600001597902108,-3.988471262564577e-07
0.8,273.46938775510205,0.5722448979591837,1245853839.4237168,440.3866374649268,8.944371382078956e-05,9.02105889645917e-08,5,1.9999420658603584,1.6000012676457631,-3.8195220723064947e-07
0.8,273.46938775510205,0.5904081632653061,1245853768.0640666,428.52992913656806,7.351740729939439e-06,8.536706460851648e-08,5,1.9999420707635143,1.6000013308244057,-3.803806692309567e-07
0.8,273.46938775510205,0.6085714285714285,1245853725.8603773,414.82424816701064,1.983074715493697e-07,8.685503949177554e-08,5,1.9999420732193947,1.600001402267346,-3.789342683096647e-07
0.8,273.46938775510205,0.626734693877551,1245853693.1425555,400.14539853409644,9.717792556543645e-08,9.133575817566005e-08,5,1.9999420748183028,1.6000014827450697,-3.7761913409603135e-07
0.8,273.46938775510205,0.6448979591836734,1245853665.0130136,384.7283603955886,9.943480453127787e-08,9.821261939260562e-08,5,1.99994207596931,1.600001573644393,-3.764636245945895e-07
0.8,273.46938775510205,0.6630612244897959,1245853639.3136196,368.670631384922,9.909013599395525e-08,1.0751175893218194e-07,5,1.9999420768489875,1.6000016767762608,-3.7550243237914113e-07
0.8,273.46938775510205,0.6812244897959183,1245853614.8084629,352.0253439134883,9.972011874334948e-08,1.1955789691739003e-07,5,1.9999420775511134,1.600001794442486,-3.747736478387032e-07
0.8,273.46938775510205,0.6993877551020408,1245853587.7211912,332.71899190900615,9.950802643734238e-08,1.3704547315544896e-07,5,1.9999420781952617,1.6000019294334502,-3.74267330375104e-07
0.8,273.46938775510205,0.7175510204081632,1245853545.9343956,302.6777425051131,9.899499860995221e-08,1.7371434763084963e-07,5,1.9999420789771754,1.6000020899754723,-3.7377134100881045e-07
0.8,273.46938775510205,0.7357142857142857,1245812999.187477,269.62894010771623,9.977151218260566e-08,2.685913343417933e-07,5,1.9999426480726092,1.600002169305406,-3.678662897221897e-07
0.8,273.46938775510205,0.7538775510204081,1245733634.1636662,255.94839603364875,9.91381083174743e-08,2.877218745787365e-07,5,1.999943550920604,1.6000021992746816,-3.587723085759867e-07
0.8,273.46938775510205,0.7720408163265305,1104924130.3820903,238.74454078895457,9.905027299290189e-08,3.253424854612943e-07,3,2.0,1.6,0.0
0.8,273.46938775510205,0.790204081632653,1104432039.535893,217.43498441301966,9.780579093157708e-08,3.7154879137052617e-07,3,2.0,1.6,0.0
0.8,273.46938775510205,0.8083673469387754,1103916985.8523786,198.46675137162597,9.688998603586179e-08,4.277648145386894e-07,3,2.0,1.6,0.0
0.8,273.46938775510205,0.8265306122448979,1103295354.5168338,179.3947958020811,9.584026474170683e-08,4.962218403818785e-07,3,2.0,1.6,0.0
0.8,273.46938775510205,0.8446938775510203,1102627300.5142186,162.4757657971261,9.452029159046317e-08,5.778622423758788e-07,3,2.0,1.6,0.0
0.8,273.46938775510205,0.8628571428571428,1098457158.3721442,260.8291790587602,0.6092430795419692,1.175681322595492e-06,3,2.0,1.6,0.0
0.8,273.46938775510205,0.8810204081632652,1096192931.7499707,287.5488331003642,0.705695394593839,1.458996894801622e-06,3,2.0,1.6,0.0
0.8,273.46938775510205,0.8991836734693877,1093581548.2578225,291.0095604957538,0.7571319568994294,1.7330663024863838e-06,3,2.0,1.6,0.0
0.8,273.46938775510205,0.9173469387755101,1090077374.0600803,275.1575957795499,0.7906925885033237,2.1695284369967595e-06,3,2.0,1.6,0.0
0.8,273.46938775510205,0.9355102040816325,1072417922.63894,334.8920257594017,0.8678197283254021,2.068313263004176e-06,3,2.0,1.6,0.0
0.8,273.46938775510205,0.953673469387755,1066158582.3820969,392.4395688005238,0.9191975230368938,2.128170909013846e-06,3,2.0,1.6,0.0
0.8,273.46938775510205,0.9718367346938775,1057005762.1425864,567.7236687552273,0.9659722082115646,2.3405899273553384e-06,3,2.0,1.6,0.0
0.8,273.46938775510205,0.99,870286177.2547765,670.4611958965216,0.9897600621238216,6.6132699828487e-05,1,2.0,1.6,0.0
0.8,282.6530612244898,0.1,1246460018.6205115,671.7088229679086,0.00010618406501515839,4.1956903913960755e-08,6,1.9999175316809714,1.6000080020666796,-7.708974577909582e-07
0.8,282.6530612244898,0.11816326530612245,1246460012.779385,669.1976322226907,9.980308243409835e-05,4.2020187182971596e-08,6,1.9999175484006388,1.6000080007141173,-7.698723993617134e-07
0.8,282.6530612244898,0.1363265306122449,1246460006.3694947,666.2391604407512,8.710306151671393e-05,4.213485596481275e-08,6,1.9999175658254291,1.6000079997338557,-7.687059136311779e-07
0.8,282.6530612244898,0.15448979591836737,1246459999.4828591,662.8223894836568,7.056110667930599e-05,4.231656647417301e-08,6,1.9999175834320442,1.6000079992807497,-7.674050372018419e-07
0.8,282.6530612244898,0.1726530612244898,1246328264.5895681,653.4203785044906,0.002769968530212829,5.10277067732186e-08,6,1.9999276641530321,1.6000049804780074,-6.19823750957267e-07
0.8,282.6530612244898,0.19081632653061226,1246328227.8910456,650.960526077082,0.002500897941357146,4.84467057255918e-08,6,1.9999277373597897,1.6000049645342862,-6.177125730580324e-07
0.8,282.6530612244898,0.2089795918367347,1246328203.4167893,647.2281560255407,0.0021219288238518205,4.7179747970404155e-08,6,1.9999277834406848,1.600004957360696,-6.159047775298299e-07
0.8,282.6530612244898,0.22714285714285715,1246328183.4906104,642.7104537043238,0.0016945709803950818,4.647254336715636e-08,6,1.9999278183068878,1.6000049542330492,-6.141557399775491e-07
0.8,282.6530612244898,0.2453061224489796,1246328166.043135,637.5425677535412,0.001266458610814756,4.6128005182882936e-08,6,1.9999278463507921,1.600004953907584,-6.123953032758415e-07
0.8,282.6530612244898,0.26346938775510204,1246328150.303961,631.7745258540753,0.0008774037978265625,4.608303903647128e-08,6,1.9999278693349352,1.6000049559600478,-6.10592421536375e-07
0.8,282.6530612244898,0.2816326530612245,1246328135.8198547,625.4294564742305,0.0005562791160031005,4.6310210476372656e-08,6,1.9999278883587974,1.6000049602028708,-6.087257924838113e-07
0.8,282.6530612244898,0.2997959183673469,1246196395.1762826,616.0032242600553,0.013151593739528532,5.2678033328147913e-08,6,1.9999344314710361,1.600003008377888,-5.152215620627581e-07
0.8,282.6530612244898,0.3179591836734694,1246196360.2673852,609.7050813426252,0.0103198793610443,5.0934667899642285e-08,6,1.999934462587236,1.6000030116209547,-5.132650752914548e-07
0.8,282.6530612244898,0.33612244897959187,1246196335.1700542,602.3643477005642,0.0075083167196892476,5.036083591835256e-08,6,1.9999344830313612,1.600003019775018,-5.113348925071175e-07
0.8,282.6530612244898,0.3542857142857143,1246196314.2429178,594.3201184612388,0.00501226433780141,5.038570758819308e-08,6,1.999934498376422,1.600003031511189,-5.093362544158113e-07
0.8,282.6530612244898,0.37244897959183676,1246196295.796709,585.6622585977731,0.003013232051326972,5.087664191763008e-08,6,1.9999345103829393,1.6000030466865334,-5.072284840264531e-07
0.8,282.6530612244898,0.3906122448979592,1246196279.104027,576.4274226409532,0.0015898983562157283,5.180399063050745e-08,6,1.9999345198888017,1.6000030654535384,-5.049831119002535e-07
0.8,282.6530612244898,0.40877551020408165,1246196263.753636,566.6237813533625,0.0007109827166698611,5.31791350596948e-08,6,1.99993452744118,1.6000030880308653,-5.025750565345968e-07
0.8,282.6530612244898,0.4269387755102041,1246069202.7584894,555.8814128528905,0.022863466774319937,5.911865682948186e-08,6,1.9999386856571073,1.6000018688876647,-4.4467516686575187e-07
0.8,282.6530612244898,0.44510204081632654,1246069166.162894,545.8253160900016,0.014794750937860526,5.7823637361638456e-08,6,1.999938696816684,1.6000018976372934,-4.42142589287878e-07
0.8,282.6530612244898,0.463265306122449,1246069138.4803238,534.9775047568519,0.00834458383713533,5.7884270428526314e-08,6,1.9999387044547565,1.6000019310716218,-4.3947503756368006e-07
0.8,282.6530612244898,0.48142857142857143,1246069114.621654,523.5604061603625,0.003949086067270192,5.875671742484499e-08,6,1.9999387102605193,1.6000019684242623,-4.366967426354291e-07
0.8,282.6530612244898,0.4995918367346939,1246069093.309075,511.5844776054097,0.0015078904809362739,6.039977764782923e-08,6,1.9999387147296923,1.6000020088789224,-4.3392688714614093e-07
0.8,282.6530612244898,0.5177551020408163,1246069074.1277404,499.01528374960225,0.00042767991256443264,6.289097911864344e-08,6,1.9999387181299417,1.6000020525225622,-4.3121162759853257e-07
0.8,282.6530612244898,0.5359183673469388,1246069056.6655867,485.8494500163618,7.994300828639458e-05,6.628065568653862e-08,6,1.9999387207135706,1.600002099560517,-4.2860948186059574e-07
0.8,282.6530612244898,0.5540816326530612,1246069040.5618243,472.08867565712603,8.260876236199434e-06,7.065272651469932e-08,6,1.999938722686784,1.6000021504665485,-4.2616619128097646e-07
0.8,282.6530612244898,0.5722448979591837,1245958461.2252796,456.626580588192,0.00013423243427549016,8.002535057827363e-08,6,1.999940770279296,1.6000015922762791,-3.990551237199943e-07
0.8,282.6530612244898,0.5904081632653061,1245853843.4357474,440.73141309114175,0.00011097235583106406,9.068764314193132e-08,5,1.999942065566245,1.6000012655521902,-3.820127847804736e-07
0.8,282.6530612244898,0.6085714285714285,1245853766.5345342,428.1327343136552,7.864666892030061e-06,8.534973286106873e-08,5,1.9999420708595643,1.6000013328768332,-3.803349720746658e-07
0.8,282.6530612244898,0.626734693877551,1245853722.5081334,413.4876579747282,1.5667075024890869e-07,8.716553287919599e-08,5,1.9999420733960929,1.600001409384979,-3.7880557614701986e-07
0.8,282.6530612244898,0.6448979591836734,1245853688.5934274,397.8228522675167,9.94429314999663e-08,9.223731051307548e-08,5,1.9999420750183665,1.6000014959900948,-3.7743065864155495e-07
0.8,282.6530612244898,0.6630612244897959,1245853659.436769,381.38784268847735,9.934773998311055e-08,9.996587351885255e-08,5,1.9999420761736442,1.6000015943419506,-3.762430312211134e-07
0.8,282.6530612244898,0.6812244897959183,1245853632.7028978,364.2882903073986,9.957558380555603e-08,1.1043932175564246e-07,5,1.9999420770507976,1.6000017066147738,-3.752839362900365e-07
0.8,282.6530612244898,0.6993877551020408,1245853607.077454,346.5834235157819,9.796430681930821e-08,1.240798116585152e-07,5,1.9999420777479773,1.6000018355925463,-3.7459551343223933e-07
0.8,282.6530612244898,0.7175510204081632,1245853576.2945278,324.4565826353698,9.933335138914554e-08,1.458593872620441e-07,5,1.9999420784317663,1.600001984627881,-3.74114859543088e-07
0.8,282.6530612244898,0.7357142857142857,1245829873.5681982,287.8116275678724,9.87042067574342e-08,2.4091085330171136e-07,5,1.999942424962816,1.600002094540305,-3.701560642064661e-07
0.8,282.6530612244898,0.7538775510204081,1245756914.5817347,261.36560684474694,9.960783243323606e-08,2.80685174023841e-07,5,1.999943289674244,1.600002138124543,-3.615999995237219e-07
0.8,282.6530612244898,0.7720408163265305,1245572631.0248787,237.71381680166084,9.779971784303728e-08,3.2294216033361775e-07,5,1.9999452112363325,1.6000022017932916,-3.424746468542082e-07
0.8,282.6530612244898,0.790204081632653,1104664824.5933561,227.09241680583176,9.976232258863662e-08,3.4864734558319176e-07,3,2.0,1.6,0.0
0.8,282.6530612244898,0.8083673469387754,1104120126.4158742,205.56955507374246,9.535422243087777e-08,4.0561361347130143e-07,3,2.0,1.6,0.0
0.8,282.6530612244898,0.8265306122448979,1103536473.6352038,186.3455940097595,9.984413261288835e-08,4.6733800639650345e-07,3,2.0,1.6,0.0
0.8,282.6530612244898,0.8446938775510203,1102854149.3182917,167.86045444530623,8.827717709857669e-08,5.486412725396138e-07,3,2.0,1.6,0.0
0.8,282.6530612244898,0.8628571428571428,1101935693.0238626,147.96144034055587,9.314049394537354e-08,6.611539102213157e-07,3,2.0,1.6,0.0
0.8,282.6530612244898,0.8810204081632652,1096660323.6602864,292.6125646296719,0.7002916682550872,1.398306593607599e-06,3,2.0,1.6,0.0
0.8,282.6530612244898,0.8991836734693877,1094108490.0615256,297.73673802088354,0.7544095046347188,1.6679320036121063e-06,3,2.0,1.6,0.0
0.8,282.6530612244898,0.9173469387755101,1090673514.024151,286.884141458439,0.792570340593519,2.0524645425698865e-06,3,2.0,1.6,0.0
0.8,282.6530612244898,0.9355102040816325,1073087026.3827093,336.1342364883512,0.8638178685831087,2.054539872264759e-06,3,2.0,1.6,0.0
0.8,282.6530612244898,0.953673469387755,1066796992.7646091,394.9678184170047,0.9170694719790368,2.104488420106077e-06,3,2.0,1.6,0.0
0.8,282.6530612244898,0.9718367346938775,1057569757.7252423,575.1076198597689,0.9652912969473977,2.256416121083211e-06,3,2.0,1.6,0.0
0.8,282.6530612244898,0.99,894356379.4439552,693.5556777494706,0.9897686184465778,6.301648434792407e-05,1,2.0,1.6,0.0
0.8,291.8367346938776,0.1,1246460086.57981,690.5948998987918,0.0005023660587307755,4.3416525034313664e-08,6,1.9999172844553244,1.6000080434407074,-7.822724634744835e-07
0.8,291.8367346938776,0.11816326530612245,1246460074.2032902,688.4606058624095,0.0005023560765200579,4.2889241406579006e-08,6,1.9999173356933142,1.6000080318416319,-7.806767920184202e-07
0.8,291.8367346938776,0.1363265306122449,1246460061.953334,685.8129034961737,0.00047190466198540463,4.247435134064822e-08,6,1.999917384060121,1.6000080216678014,-7.789906388258691e-07
0.8,291.8367346938776,0.15448979591836737,1246460049.8095875,682.6535514319359,0.00041699229969070935,4.216692091534849e-08,6,1.999917429382976,1.6000080129510377,-7.772156696972521e-07
0.8,291.8367346938776,0.1726530612244898,1246460037.8805876,678.9749964127442,0.00034594197410092357,4.198221482534994e-08,6,1.9999174709879215,1.6000080058779889,-7.753605302738429e-07
0.8,291.8367346938776,0.19081632653061226,1246460026.1100512,674.7799719949147,0.0002682520717184791,4.1916219874416546e-08,6,1.9999175090840764,1.6000080003781147,-7.734210843315143e-07
0.8,291.8367346938776,0.2089795918367347,1246460014.6022766,670.0634438453573,0.00019305993433936544,4.198500799858601e-08,6,1.999917543291065,1.600007996569221,-7.714013334177059e-07
0.8,291.8367346938776,0.22714285714285715,1246460003.3763275,664.8163598027982,0.00012770107841125246,4.220084073772957e-08,6,1.9999175736242571,1.6000079944667331,-7.692998888543788e-07
0.8,291.8367346938776,0.2453061224489796,1246328257.8513622,654.0583406930507,0.004024307199289936,5.0312868513215264e-08,6,1.9999276778145056,1.600004970788753,-6.207409122801996e-07
0.8,291.8367346938776,0.26346938775510204,1246328215.1210792,649.8006051394983,0.00317955511197211,4.761796541214709e-08,6,1.9999277617754312,1.6000049538413963,-6.179727891044614e-07
0.8,291.8367346938776,0.2816326530612245,1246328187.4948754,644.0726372530289,0.0023172445853868358,4.6521535130359494e-08,6,1.9999278115290795,1.6000049479162242,-6.156021705920587e-07
0.8,291.8367346938776,0.2997959183673469,1246328165.323028,637.4928878085423,0.0015518791742475915,4.608402937840834e-08,6,1.9999278474452409,1.6000049470517401,-6.133150288266309e-07
0.8,291.8367346938776,0.3179591836734694,1246328146.2569582,630.2069070268257,0.0009414789553743731,4.610043291748776e-08,6,1.999927874860559,1.6000049498498263,-6.110244969034219e-07
0.8,291.8367346938776,0.33612244897959187,1246196410.8096645,619.5473270685582,0.017143061492931558,5.328666886291725e-08,6,1.999934416893025,1.6000029995848306,-5.170475215759782e-07
0.8,291.8367346938776,0.3542857142857143,1246196366.308131,612.4227270991813,0.013030903873068884,5.087096009400265e-08,6,1.999934457393696,1.6000030015724045,-5.146877535801628e-07
0.8,291.8367346938776,0.37244897959183676,1246196337.5686746,603.9347688614534,0.00904599216304555,5.022398325015764e-08,6,1.9999344811665665,1.6000030106807135,-5.124273295311837e-07
0.8,291.8367346938776,0.3906122448979592,1246196314.1789258,594.6909298094654,0.0056707123915653865,5.0300980426871394e-08,6,1.9999344984208227,1.600003024319588,-5.100986121881167e-07
0.8,291.8367346938776,0.40877551020408165,1246196293.7943757,584.8120640879176,0.003132271374886403,5.0920217477040706e-08,6,1.9999345115924236,1.6000030422723532,-5.076453488492624e-07
0.8,291.8367346938776,0.4269387755102041,1246196275.5056639,574.3245467516557,0.001472464828521015,5.206104341335889e-08,6,1.9999345217636275,1.6000030647223018,-5.050302043934076e-07
0.8,291.8367346938776,0.44510204081632654,1246069230.3509715,562.4604413343983,0.03113346000790997,6.040726474055566e-08,6,1.9999386767670517,1.6000018476377773,-4.46762457658398e-07
0.8,291.8367346938776,0.463265306122449,1246069181.4769926,551.9089789672557,0.02063165897977708,5.783681225662002e-08,6,1.999938692265822,1.6000018768659223,-4.4397427858964227e-07
0.8,291.8367346938776,0.48142857142857143,1246069149.691481,540.2174398379391,0.011837169801531603,5.759844152339047e-08,6,1.999938701466191,1.6000019121999063,-4.4104971080431946e-07
0.8,291.8367346938776,0.4995918367346939,1246069122.8851228,527.9683536160705,0.005729499279904206,5.829028738184098e-08,6,1.9999387083410354,1.6000019518051876,-4.3802033205628956e-07
0.8,291.8367346938776,0.5177551020408163,1246069099.1747332,515.1683926939908,0.0022266696061167424,5.981681605290775e-08,6,1.9999387135717892,1.600001994980362,-4.349747743425782e-07
0.8,291.8367346938776,0.5359183673469388,1246069078.0301366,501.7562825688422,0.0006329379213870311,6.228134913174978e-08,6,1.999938717486534,1.6000020417749286,-4.319587895996296e-07
0.8,291.8367346938776,0.5540816326530612,1246069058.9984834,487.71673208598384,0.00011540484130594485,6.575478227974429e-08,6,1.9999387203957744,1.6000020921887554,-4.2906411825525286e-07
0.8,291.8367346938776,0.5722448979591837,1246069041.6292062,473.0506429409048,1.1082122674128576e-05,7.031813322742983e-08,6,1.9999387225676049,1.600002146597966,-4.263719190387885e-07
0.8,291.8367346938776,0.5904081632653061,1245958461.3011246,456.6454978429094,0.00015288979677000871,8.002792423069606e-08,6,1.9999407702724536,1.600001592130571,-3.990703682634351e-07
0.8,291.8367346938776,0.6085714285714285,1245853835.956134,440.0802430432508,0.0001116139063493221,8.983657250846575e-08,5,1.9999420661133371,1.6000012694571524,-3.8190413404319287e-07
0.8,291.8367346938776,0.626734693877551,1245853760.199814,426.4001532727915,6.145642882891309e-06,8.534122626329096e-08,5,1.999942071251746,1.6000013417997772,-3.8013905809140395e-07
0.8,291.8367346938776,0.6448979591836734,1245853715.8397915,410.7133250074712,9.882190715290249e-08,8.787219830145333e-08,5,1.9999420737388447,1.600001424301309,-3.7854397356237393e-07
0.8,291.8367346938776,0.6630612244897959,1245853681.361487,393.9898904057018,9.882914421268926e-08,9.383624659311873e-08,5,1.9999420753252548,1.6000015181731855,-3.7713038892610286e-07
0.8,291.8367346938776,0.6812244897959183,1245853651.4869022,376.48445128572104,9.968860510821239e-08,1.0271258063742778e-07,5,1.9999420764517868,1.6000016254213834,-3.7593900226558527e-07
0.8,291.8367346938776,0.6993877551020408,1245853623.865252,358.29907409801973,9.84492008080694e-08,1.1471696286066972e-07,5,1.9999420773059713,1.600001748687759,-3.750159475532194e-07
0.8,291.8367346938776,0.7175510204081632,1245853596.9892542,339.39139924876747,9.89066152685267e-08,1.3053669117105504e-07,5,1.999942077988857,1.600001891396638,-3.7440708837653595e-07
0.8,291.8367346938776,0.7357142857142857,1245853553.1642764,307.8109134479271,9.783117902617031e-08,1.6649130491583452e-07,5,1.999942078857071,1.6000020600301303,-3.7376149934164456e-07
0.8,291.8367346938776,0.7538775510204081,1245814320.753062,271.16848152045327,9.971273831707056e-08,2.662667480747779e-07,5,1.9999426318477431,1.6000021568570906,-3.6791229700310833e-07
0.8,291.8367346938776,0.7720408163265305,1245737838.5906508,256.70043790909995,9.984575515864615e-08,2.8805258070350764e-07,5,1.999943504524622,1.6000022162521321,-3.596913262546033e-07
0.8,291.8367346938776,0.790204081632653,1104880682.869943,236.72004922134698,9.732246018830762e-08,3.2878239460900373e-07,3,2.0,1.6,0.0
0.8,291.8367346938776,0.8083673469387754,1104340362.7400959,213.81253160977272,9.980556093704965e-08,3.829446338788759e-07,3,2.0,1.6,0.0
0.8,291.8367346938776,0.8265306122448979,1103741061.750448,192.7026401472282,9.775668289723614e-08,4.457866005516641e-07,3,2.0,1.6,0.0
0.8,291.8367346938776,0.8446938775510203,1103057705.9010434,173.00600050866362,9.320399997731288e-08,5.21437283689849e-07,3,2.0,1.6,0.0
0.8,291.8367346938776,0.8628571428571428,1102214762.5363781,153.50411807190375,8.517402407437757e-08,6.26976096609923e-07,3,2.0,1.6,0.0
0.8,291.8367346938776,0.8810204081632652,1097096890.142002,297.5313970575795,0.6948291174435597,1.3399304708840558e-06,3,2.0,1.6,0.0
0.8,291.8367346938776,0.8991836734693877,1094601286.8455596,304.31482138944574,0.751654436116423,1.6061501235030912e-06,3,2.0,1.6,0.0
0.8,291.8367346938776,0.9173469387755101,1091247225.768068,296.8982449791473,0.7930594418927028,1.9583895279542393e-06,3,2.0,1.6,0.0
0.8,291.8367346938776,0.9355102040816325,1073775491.5460296,336.32577310919453,0.8593825171400035,2.0480280865242263e-06,3,2.0,1.6,0.0
0.8,291.8367346938776,0.953673469387755,1067412440.2613918,397.8449521668922,0.9150171598613056,2.0773909827426695e-06,3,2.0,1.6,0.0
0.8,291.8367346938776,0.9718367346938775,1058123411.7039195,581.1993470798468,0.9645443401626574,2.1846596793139006e-06,3,2.0,1.6,0.0
0.8,291.8367346938776,0.99,916461129.824019,716.5015312930283,0.9897745001415087,6.011572516147248e-05,1,2.0,1.6,0.0
0.8,301.0204081632653,0.1,1246588939.427944,714.9308657704725,6.660873442026489e-05,3.8044660615311214e-08,6,1.9999018658717662,1.600012639048212,-1.022753342242425e-06
0.8,301.0204081632653,0.11816326530612245,1246588933.1626663,712.2873566413414,6.163674219554552e-05,3.8077819691467085e-08,6,1.999901907717223,1.60001263049895,-1.0209910235245074e-06
0.8,301.0204081632653,0.1363265306122449,1246588926.2855015,709.1709197688971,5.2781870538041564e-05,3.8155138209323465e-08,6,1.9999019510369451,1.6000126220709827,-1.01902124490437e-06
0.8,301.0204081632653,0.15448979591836737,1246588919.003057,705.5587109145604,4.179074367473394e-05,3.830230313183795e-08,6,1.9999019939679825,1.6000126142855762,-1.0168731051375369e-06
0.8,301.0204081632653,0.1726530612244898,1246460136.7200482,695.2502148886193,0.0013126267591639885,4.6346616155047655e-08,6,1.9999170608693049,1.6000080997984152,-7.891250767755005e-07
0.8,301.0204081632653,0.19081632653061226,1246460099.062267,692.711029571646,0.001134044206513926,4.396212472941977e-08,6,1.9999172307711974,1.6000080548710494,-7.850709659077605e-07
0.8,301.0204081632653,0.2089795918367347,1246460074.272697,688.7570011246099,0.0009127347127183761,4.284215353999097e-08,6,1.9999173354131958,1.6000080299585406,-7.818934860918487e-07
0.8,301.0204081632653,0.22714285714285715,1246460053.9736946,683.9691512943634,0.0006850104263234082,4.223164553612017e-08,6,1.9999174141547449,1.60000801324404,-7.789743494547417e-07
0.8,301.0204081632653,0.2453061224489796,1246460036.1232443,678.4875940386967,0.0004757688826338381,4.194698351937751e-08,6,1.9999174768877919,1.6000080017696328,-7.761579078629494e-07
0.8,301.0204081632653,0.26346938775510204,1246460019.9073148,672.3714306870897,0.00030229936485409855,4.1927076333526456e-08,6,1.9999175278969565,1.6000079942842265,-7.733751996185036e-07
0.8,301.0204081632653,0.2816326530612245,1246460005.002643,665.6374809995311,0.00017298757677937729,4.215823814132326e-08,6,1.999917569406133,1.6000079901869568,-7.705897761026685e-07
0.8,301.0204081632653,0.2997959183673469,1246328246.4636266,654.0377949583714,0.00482222710599392,4.9352336331047044e-08,6,1.999927700725243,1.6000049597857373,-6.211497067802714e-07
0.8,301.0204081632653,0.3179591836734694,1246328203.149966,648.0181091218265,0.003413129134662231,4.699519946633818e-08,6,1.9999277839240857,1.6000049446332003,-6.179700152199673e-07
0.8,301.0204081632653,0.33612244897959187,1246328174.2449012,640.5705029534121,0.002180545149042901,4.616914345042708e-08,6,1.9999278334784452,1.6000049405970176,-6.151672136554119e-07
0.8,301.0204081632653,0.3542857142857143,1246328150.9475627,632.2509230317027,0.0012411257087478857,4.603872089291307e-08,6,1.9999278684355806,1.6000049422586928,-6.12443911063367e-07
0.8,301.0204081632653,0.37244897959183676,1246196406.0134034,621.0550873831241,0.019942244382575827,5.25265006768566e-08,6,1.999934421395424,1.600002990145097,-5.1793043905879e-07
0.8,301.0204081632653,0.3906122448979592,1246196361.7825398,612.4689338024893,0.014344831808721818,5.046604602871863e-08,6,1.9999344612943244,1.6000029942411003,-5.152879330675448e-07
0.8,301.0204081632653,0.40877551020408165,1246196332.178284,602.6199472096083,0.009278942574958045,5.005531111295983e-08,6,1.999934485329584,1.6000030058113588,-5.127099617218136e-07
0.8,301.0204081632653,0.4269387755102041,1246196307.7320137,592.0495666129453,0.005293986273088621,5.0371561895490516e-08,6,1.9999345027876587,1.6000030227097617,-5.10035316351696e-07
0.8,301.0204081632653,0.44510204081632654,1246196286.317724,580.8416954850667,0.0025726893565565954,5.128441136086243e-08,6,1.9999345159436452,1.60000304490761,-5.072030058331014e-07
0.8,301.0204081632653,0.463265306122449,1246196267.1626441,569.0061864703719,0.0010135677660152935,5.280257768567114e-08,6,1.9999345258650905,1.6000030726583188,-5.041691035577347e-07
0.8,301.0204081632653,0.48142857142857143,1246069193.1603444,556.9513690595793,0.02660150371919605,5.7779617056239896e-08,6,1.9999386886731543,1.6000018594208765,-4.4553777015074684e-07
0.8,301.0204081632653,0.4995918367346939,1246069158.0505161,544.3061099749799,0.015362106215618681,5.7364508737469176e-08,6,1.9999386991423043,1.6000018968334762,-4.423716358453804e-07
0.8,301.0204081632653,0.5177551020408163,1246069128.6989903,531.1526057777116,0.007517647919672517,5.796425283308476e-08,6,1.9999387069316807,1.600001938705288,-4.3912603351365724e-07
0.8,301.0204081632653,0.5359183673469388,1246069102.9210289,517.4658368924537,0.002907752173115535,5.946585285293773e-08,6,1.99993871280267,1.600001984969214,-4.3580436562793446e-07
0.8,301.0204081632653,0.5540816326530612,1246069080.0439653,503.1661523546822,0.0008037081830456717,6.197958586522201e-08,6,1.9999387171449161,1.6000020353583182,-4.3248115740722595e-07
0.8,301.0204081632653,0.5722448979591837,1246069059.6149225,488.21199262125026,0.00013678925211480116,6.561296793813957e-08,6,1.9999387203108072,1.6000020896322416,-4.29286425325262e-07
0.8,301.0204081632653,0.5904081632653061,1246069041.118059,472.59164812875116,1.14090548621159e-05,7.04800951582309e-08,6,1.9999387226248733,1.6000021480381033,-4.263460654710753e-07
0.8,301.0204081632653,0.6085714285714285,1245958453.647413,455.52883676031536,0.00014230395887706614,7.932239605148075e-08,6,1.9999407709586823,1.6000015976650235,-3.988820098466331e-07
0.8,301.0204081632653,0.626734693877551,1245853819.5088613,438.2716822327702,8.924783060771314e-05,8.81819243141663e-08,5,1.9999420672979804,1.6000012797185632,-3.8162574610532763e-07
0.8,301.0204081632653,0.6448979591836734,1245853749.6695158,423.25795112377006,3.3398685624893806e-06,8.55036623248865e-08,5,1.999942071884872,1.6000013580497452,-3.7979463216760597e-07
0.8,301.0204081632653,0.6630612244897959,1245853706.1860492,406.42692750332253,9.829155210793166e-08,8.914541600974323e-08,5,1.999942074214531,1.6000014476616056,-3.7815567080609485e-07
0.8,301.0204081632653,0.6812244897959183,1245853671.6556227,388.5879944168516,9.945507021020953e-08,9.6298796552815e-08,5,1.9999420757158508,1.6000015501999065,-3.767315594925352e-07
0.8,301.0204081632653,0.6993877551020408,1245853641.2866683,369.9600378588492,9.914170257400577e-08,1.0668612361326757e-07,5,1.9999420767869067,1.6000016681369937,-3.7557047700289564e-07
0.8,301.0204081632653,0.7175510204081632,1245853612.8380046,350.64543342670396,9.849644526044962e-08,1.2068014901464065e-07,5,1.9999420776023402,1.600001804737635,-3.747255585379157e-07
0.8,301.0204081632653,0.7357142857142857,1245853579.8476553,327.0289790294305,9.837606912166894e-08,1.4302969657162078e-07,5,1.9999420783602573,1.600001964296952,-3.7418858676400937e-07
0.8,301.0204081632653,0.7538775510204081,1245832026.225765,289.63702247297203,9.77009008959457e-08,2.4190460233438593e-07,5,1.9999423940637284,1.600002094961245,-3.7047966524674697e-07
0.8,301.0204081632653,0.7720408163265305,1245758576.2145476,261.74471111477436,9.731173026715394e-08,2.8088884936333084e-07,5,1.9999432705751796,1.6000021530500093,-3.616713461137112e-07
0.8,301.0204081632653,0.790204081632653,1105099160.842931,246.94518742231222,9.643978953955677e-08,3.10272526428358e-07,3,2.0,1.6,0.0
0.8,301.0204081632653,0.8083673469387754,1104558018.3170362,222.57727930848424,9.690345152127937e-08,3.600252546652449e-07,3,2.0,1.6,0.0
0.8,301.0204081632653,0.8265306122448979,1103962854.2172668,200.0551929752201,9.749151829607065e-08,4.2079066756085713e-07,3,2.0,1.6,0.0
0.8,301.0204081632653,0.8446938775510203,1103308098.989894,179.73701467625213,9.566536930084782e-08,4.941329432649269e-07,3,2.0,1.6,0.0
0.8,301.0204081632653,0.8628571428571428,1102417065.5848224,157.7893794833897,9.70234224916328e-08,5.995586412550136e-07,3,2.0,1.6,0.0
0.8,301.0204081632653,0.8810204081632652,1097516904.939803,301.6076041637516,0.6884652501320442,1.2853567603852779e-06,3,2.0,1.6,0.0
0.8,301.0204081632653,0.8991836734693877,1095071411.686434,310.34456426948293,0.7485146818820493,1.5496099436648157e-06,3,2.0,1.6,0.0
0.8,301.0204081632653,0.9173469387755101,1091790239.0687242,305.8426377592029,0.7927581058660125,1.8781969514470377e-06,3,2.0,1.6,0.0
0.8,301.0204081632653,0.9355102040816325,1074504594.5321274,334.8410296482555,0.8542063505748848,2.0538389536332184e-06,3,2.0,1.6,0.0
0.8,301.0204081632653,0.953673469387755,1068001365.2986507,401.24318163600446,0.9131176267869511,2.0471331509511363e-06,3,2.0,1.6,0.0
0.8,301.0204081632653,0.9718367346938775,1058663555.1446213,586.5711905006868,0.9637704655587437,2.121971482577573e-06,3,2.0,1.6,0.0
0.8,301.0204081632653,0.99,937009201.9165224,739.282158179162,0.9897777272513496,5.741776084969169e-05,1,2.0,1.6,0.0
0.8,310.2040816326531,0.1,1246589009.164406,733.3753621441062,0.00032048628878328866,3.9685894609657974e-08,6,1.9999012649995505,1.6000127919149347,-1.04190410362997e-06
0.8,310.2040816326531,0.11816326530612245,1246588995.462096,731.2083548603713,0.00031594558085663063,3.9107404385083807e-08,6,1.999901399593913,1.600012755893483,-1.0386109194787034e-06
0.8,310.2040816326531,0.1363265306122449,1246588982.1698608,728.4749061992939,0.00029154861108987497,3.865554611761884e-08,6,1.9999015236611533,1.6000127236113406,-1.0352961192328488e-06
0.8,310.2040816326531,0.15448979591836737,1246588969.2499855,725.1769089375712,0.0002520808731849587,3.8330135665214036e-08,6,1.9999016368594158,1.600012695115119,-1.0319632520519118e-06
0.8,310.2040816326531,0.1726530612244898,1246588956.6320584,721.3180491216887,0.00020375159100941473,3.8124078305994936e-08,6,1.9999017395219247,1.6000126702486235,-1.0286073570632531e-06
0.8,310.2040816326531,0.19081632653061226,1246588944.3003147,716.9001214154619,0.00015317883403069205,3.8039309718994405e-08,6,1.9999018317115975,1.600012648939081,-1.025225783093335e-06
0.8,310.2040816326531,0.2089795918367347,1246588932.260943,711.9228379732915,0.00010628301493639644,3.8080940869740864e-08,6,1.9999019135242742,1.6000126311100968,-1.0218161782312086e-06
0.8,310.2040816326531,0.22714285714285715,1246588920.570454,706.3785877135157,6.733535130910581e-05,3.826255192054669e-08,6,1.999901984961813,1.6000126167238358,-1.018377789298518e-06
0.8,310.2040816326531,0.2453061224489796,1246460121.2651908,695.0258313214133,0.0017778782896005218,4.5207005706123664e-08,6,1.9999171316155047,1.6000080800802512,-7.886507203145364e-07
0.8,310.2040816326531,0.26346938775510204,1246460081.4941514,690.3301425088822,0.001303021530030307,4.309047811591521e-08,6,1.9999173057639732,1.6000080354990396,-7.838702372463799e-07
0.8,310.2040816326531,0.2816326530612245,1246460054.4386606,684.2173938266596,0.0008710867329268365,4.222173845756004e-08,6,1.999917412426388,1.6000080115010078,-7.799919779929706e-07
0.8,310.2040816326531,0.2997959183673469,1246460032.3359725,677.2230830162524,0.0005267308645936145,4.191033557762487e-08,6,1.999917489318485,1.6000079968362797,-7.764238123177828e-07
0.8,310.2040816326531,0.3179591836734694,1246460013.157695,669.4871136998171,0.000282920949556278,4.1995679710744977e-08,6,1.9999175473414796,1.600007988346525,-7.729930266532561e-07
0.8,310.2040816326531,0.33612244897959187,1246328269.573363,655.7319092835216,0.0061621869764973015,5.0922275750807817e-08,6,1.9999276540187023,1.6000049659357725,-6.233386355931265e-07
0.8,310.2040816326531,0.3542857142857143,1246328208.617328,649.4554291651424,0.004181622558642678,4.715411939664503e-08,6,1.9999277739041672,1.6000049405085541,-6.192816428543012e-07
0.8,310.2040816326531,0.37244897959183676,1246328174.886042,640.949225723873,0.0024916078632097353,4.6145253145818156e-08,6,1.9999278324461887,1.6000049347418164,-6.160132708565324e-07
0.8,310.2040816326531,0.3906122448979592,1246328148.7803257,631.4368018514149,0.0012906212289375758,4.6042236710962146e-08,6,1.999927871429009,1.6000049365373237,-6.128870697968506e-07
0.8,310.2040816326531,0.40877551020408165,1246196386.8479898,619.8997681215204,0.020588282774903554,5.1071583587369186e-08,6,1.9999344391118337,1.600002981894179,-5.178994106617884e-07
0.8,310.2040816326531,0.4269387755102041,1246196348.9417503,609.4722423313641,0.013628131939415483,5.000586781905738e-08,6,1.9999344720578494,1.60000299071312,-5.150330639627642e-07
0.8,310.2040816326531,0.44510204081632654,1246196320.227646,598.1450730185057,0.007936289627489258,5.0039942396895715e-08,6,1.9999344941664174,1.6000030064385233,-5.121250228938565e-07
0.8,310.2040816326531,0.463265306122449,1246196295.7017243,586.1560196792415,0.003927355398924217,5.0764925651895705e-08,6,1.9999345104403137,1.6000030283921032,-5.090666715015169e-07
0.8,310.2040816326531,0.48142857142857143,1246196274.0419734,573.5271481294559,0.0015677919521049695,5.215457979837911e-08,6,1.9999345225074967,1.6000030568268775,-5.057983210609851e-07
0.8,310.2040816326531,0.4995918367346939,1246069199.9162593,560.9290773089882,0.032158093554623,5.749202758878728e-08,6,1.999938686555479,1.6000018452654947,-4.4679723502255615e-07
0.8,310.2040816326531,0.5177551020408163,1246069162.772494,547.2180859565361,0.018624580567277903,5.708194297858088e-08,6,1.999938697796416,1.6000018845792452,-4.4345464484681375e-07
0.8,310.2040816326531,0.5359183673469388,1246069131.7434654,533.0726051978141,0.009041769663516134,5.7731422140008476e-08,6,1.9999387061750058,1.600001929190409,-4.3998598887325705e-07
0.8,310.2040816326531,0.5540816326530612,1246069104.3502388,518.443791869793,0.003401386182892876,5.930484718904448e-08,6,1.9999387125034216,1.6000019790052817,-4.3638400849939864e-07
0.8,310.2040816326531,0.5722448979591837,1246069080.0402806,503.2041414232168,0.0008839199461616788,6.19684052284404e-08,6,1.9999387171455445,1.6000020335078604,-4.3274448049380215e-07
0.8,310.2040816326531,0.5904081632653061,1246069058.4390235,487.2851373906995,0.0001333647323185185,6.587362430990749e-08,6,1.9999387204727288,1.6000020921611031,-4.292457080940519e-07
0.8,310.2040816326531,0.6085714285714285,1246069038.9974546,470.67103620074164,8.89395057259703e-06,7.114947555463241e-08,6,1.999938722858928,1.600002155070943,-4.2606962474274473e-07
0.8,310.2040816326531,0.626734693877551,1245958440.011954,453.1424030047313,0.00010559972599778057,7.826083007403179e-08,6,1.9999407721539872,1.6000016092671183,-3.9848662407144606e-07
0.8,310.2040816326531,0.6448979591836734,1245853798.2943544,435.0718349067134,5.415138213318845e-05,8.652159417179429e-08,5,1.9999420687781484,1.6000012968971253,-3.811838252135529e-07
0.8,310.2040816326531,0.6630612244897959,1245853735.8968675,418.605091628502,1.1476708620332749e-06,8.611222378362341e-08,5,1.9999420726737154,1.6000013823016572,-3.793096889921449e-07
0.8,310.2040816326531,0.6812244897959183,1245853693.9755197,400.56470727547276,9.672051368604821e-08,9.117263176651019e-08,5,1.9999420747811731,1.600001480380449,-3.776535245263813e-07
0.8,310.2040816326531,0.6993877551020408,1245853659.7050412,381.5504167099107,9.972270649829e-08,9.987985013078548e-08,5,1.9999420761639615,1.6000015933232552,-3.762535646346895e-07
0.8,310.2040816326531,0.7175510204081632,1245853628.94233,361.75719575832676,9.936890910920993e-08,1.1220312798389652e-07,5,1.9999420771613459,1.6000017242156042,-3.751660718415767e-07
0.8,310.2040816326531,0.7357142857142857,1245853599.6073458,341.266138291934,9.939576166375135e-08,1.287994032091367e-07,5,1.9999420779280221,1.6000018771540117,-3.744500965279506e-07
0.8,310.2040816326531,0.7538775510204081,1245853551.0677264,306.31778156133726,9.997737078171521e-08,1.6854823392326817e-07,5,1.999942078892483,1.6000020613110308,-3.738953330462072e-07
0.8,310.2040816326531,0.7720408163265305,1245810593.1724985,266.8877412309569,9.680993210023784e-08,2.7275660523168403e-07,5,1.9999426771131548,1.6000021638219744,-3.6705829184133506e-07
0.8,310.2040816326531,0.790204081632653,1245664957.7334406,248.4701072134377,9.696546424857174e-08,3.0264583288444543e-07,5,1.9999442879877252,1.6000021250238763,-3.517567913958788e-07
0.8,310.2040816326531,0.8083673469387754,1104718051.1645515,229.4032712143799,9.756314318805356e-08,3.432074265345044e-07,3,2.0,1.6,0.0
0.8,310.2040816326531,0.8265306122448979,1104165714.4886897,207.26001885307775,9.894858570465774e-08,3.9936558768150396e-07,3,2.0,1.6,0.0
0.8,310.2040816326531,0.8446938775510203,1103490588.7692401,184.98903506862453,9.248568305553558e-08,4.728220109151215e-07,3,2.0,1.6,0.0
0.8,310.2040816326531,0.8628571428571428,1102671239.7389321,163.49715580236457,9.003692351177766e-08,5.699135826929483e-07,3,2.0,1.6,0.0
0.8,310.2040816326531,0.8810204081632652,1097917083.9823499,305.1134395945486,0.681477708594873,1.2328865810961876e-06,3,2.0,1.6,0.0
0.8,310.2040816326531,0.8991836734693877,1095515253.6240487,316.16609903077085,0.7452869907839592,1.4959358454135063e-06,3,2.0,1.6,0.0
0.8,310.2040816326531,0.9173469387755101,1092302228.6000154,314.1005591917288,0.7919955171364181,1.8071072108037918e-06,3,2.0,1.6,0.0
0.8,310.2040816326531,0.9355102040816325,1075558670.9618976,321.02021013426946,0.8430627418610644,2.1640500925582366e-06,3,2.0,1.6,0.0
0.8,310.2040816326531,0.953673469387755,1068582406.9072411,403.77357595996915,0.9110114654338857,2.0223924446513226e-06,3,2.0,1.6,0.0
0.8,310.2040816326531,0.9718367346938775,1059193881.1322274,591.0312863162541,0.9629555298147499,2.0677991058253976e-06,3,2.0,1.6,0.0
0.8,310.2040816326531,0.99,956434865.9174528,761.8291790160102,0.989777619753317,5.4924299162245776e-05,1,2.0,1.6,0.0
0.8,319.38775510204084,0.1,1246712846.7825274,757.8601286731703,5.711215599648225e-05,3.489120343022425e-08,6,1.9998779179202502,1.600019771005499,-1.415122853789504e-06
0.8,319.38775510204084,0.11816326530612245,1246712839.7468522,755.1162654796827,5.263200925475698e-05,3.4872130712850856e-08,6,1.999878032815403,1.6000197413678858,-1.4116781940035436e-06
0.8,319.38775510204084,0.1363265306122449,1246712832.0451393,751.8744985339908,4.484216005374746e-05,3.488545004677214e-08,6,1.9998781507946635,1.6000197114208314,-1.4079221885426503e-06
0.8,319.38775510204084,0.15448979591836737,1246712823.642484,748.1447218157846,3.5297551601521896e-05,3.492918542461869e-08,6,1.9998782703431284,1.6000196815432381,-1.403880715730185e-06
0.8,319.38775510204084,0.1726530612244898,1246589066.9680755,736.2127123945402,0.000797381093520931,4.3290906099685e-08,6,1.999900656662281,1.6000129720959522,-1.0552833358557198e-06
0.8,319.38775510204084,0.19081632653061226,1246589016.598296,734.5321952079858,0.0006774278196436428,4.0011098323385584e-08,6,1.9999011896358554,1.6000128190378367,-1.0447468562122928e-06
0.8,319.38775510204084,0.2089795918367347,1246588990.6343021,730.4428397536122,0.0005275217965838596,3.890820387272442e-08,6,1.9999014454668598,1.6000127494345535,-1.0384660315488136e-06
0.8,319.38775510204084,0.22714285714285715,1246588969.7770417,725.4135818160596,0.00038053788850103855,3.832824855658198e-08,6,1.9999016323740368,1.6000127007556217,-1.0330908077979293e-06
0.8,319.38775510204084,0.2453061224489796,1246588951.5528643,719.630083487569,0.00025220671875386994,3.806706261979627e-08,6,1.9999017785291577,1.6000126644975916,-1.0281671676587595e-06
0.8,319.38775510204084,0.26346938775510204,1246588935.0544753,713.1633054938113,0.00015161953913946506,3.805630139635874e-08,6,1.9999018952789243,1.6000126372239476,-1.0235120873312722e-06
0.8,319.38775510204084,0.2816326530612245,1246588919.8842413,706.0385009766667,8.126261342142887e-05,3.8276609638731753e-08,6,1.9999019889208036,1.600012617038306,-1.0190252334004042e-06
0.8,319.38775510204084,0.2997959183673469,1246460105.105358,693.9320291232268,0.001966792904886407,4.4190175597227294e-08,6,1.999917204182353,1.6000080605472105,-7.877176613038344e-07
0.8,319.38775510204084,0.3179591836734694,1246460066.127488,687.3015217527178,0.001253483578836953,4.251305867767979e-08,6,1.9999173678631543,1.6000080197820885,-7.825512367109019e-07
0.8,319.38775510204084,0.33612244897959187,1246460038.2817388,679.3519217221618,0.0007085746113810607,4.19462021736183e-08,6,1.9999174696366182,1.600007997959676,-7.78192967787791e-07
0.8,319.38775510204084,0.3542857142857143,1246460015.395301,670.5070849628238,0.0003481734933638767,4.196067600685406e-08,6,1.9999175410153505,1.6000079858159264,-7.741470658109721e-07
0.8,319.38775510204084,0.37244897959183676,1246328262.099696,656.0522628394262,0.006854616774518385,5.022648556396971e-08,6,1.9999276692081134,1.6000049574492052,-6.237638903669329e-07
0.8,319.38775510204084,0.3906122448979592,1246328201.6885288,648.3158748498953,0.004289014741768551,4.681860627198974e-08,6,1.9999277865602183,1.6000049335648703,-6.194064887005691e-07
0.8,319.38775510204084,0.40877551020408165,1246328166.8575048,638.4580203850339,0.0023016256567343417,4.601379850613924e-08,6,1.9999278450958393,1.6000049290295,-6.157861803345529e-07
0.8,319.38775510204084,0.4269387755102041,1246196413.454399,626.1311624951096,0.027291615660014003,5.210333592928179e-08,6,1.9999344144004751,1.6000029734627739,-5.202556726821426e-07
0.8,319.38775510204084,0.44510204081632654,1246196363.3405044,615.2616185749208,0.018380541143047945,5.001804299684466e-08,6,1.9999344599582167,1.6000029784076417,-5.170389586783168e-07
0.8,319.38775510204084,0.463265306122449,1246196330.5807083,603.0916473495712,0.010802958924610827,4.982655223698574e-08,6,1.9999344865411641,1.6000029930558057,-5.138908295941162e-07
0.8,319.38775510204084,0.48142857142857143,1246196303.1801784,590.2555606377862,0.005366934067128994,5.041981182772282e-08,6,1.9999345057576,1.600003014943429,-5.105995037667145e-07
0.8,319.38775510204084,0.4995918367346939,1246196279.1760101,576.7794748016619,0.0021302321019301567,5.173308801652911e-08,6,1.9999345198505685,1.6000030443281066,-5.070859441971086e-07
0.8,319.38775510204084,0.5177551020408163,1246069200.6351497,563.8064490168144,0.03697125027152869,5.6869267389494456e-08,6,1.9999386863282522,1.6000018339773494,-4.4776737302728186e-07
0.8,319.38775510204084,0.5359183673469388,1246069163.700087,548.8851924243465,0.02123195153123537,5.674250388055728e-08,6,1.9999386975301126,1.6000018755196899,-4.4427533076735156e-07
0.8,319.38775510204084,0.5540816326530612,1246069131.9266603,533.6747678438846,0.01004017950653834,5.75826321253885e-08,6,1.9999387061289586,1.6000019234158356,-4.405777848937966e-07
0.8,319.38775510204084,0.5722448979591837,1246069103.3785665,518.0496244040422,0.0035787471351342113,5.9337115352607836e-08,6,1.9999387127078359,1.6000019773708225,-4.366830365745547e-07
0.8,319.38775510204084,0.5904081632653061,1246069077.976434,501.8243453479005,0.0008400264682801012,6.225891673221811e-08,6,1.9999387174955294,1.600002036593078,-4.327133068551193e-07
0.8,319.38775510204084,0.6085714285714285,1246069055.4633894,484.89217952132094,0.0001053372914825396,6.655955594299372e-08,6,1.9999387208738821,1.6000021001657498,-4.289123262079639e-07
0.8,319.38775510204084,0.626734693877551,1246069035.2749655,467.23384571780224,5.0405076573591526e-06,7.239479596635153e-08,6,1.9999387232550774,1.6000021680887784,-4.255299824410063e-07
0.8,319.38775510204084,0.6448979591836734,1245958422.7891235,449.3108943214099,5.938350399862691e-05,7.734438912743119e-08,6,1.9999407736026975,1.600001627480628,-3.978893838439333e-07
0.8,319.38775510204084,0.6630612244897959,1245853775.1668825,430.2966909346322,2.299110108022736e-05,8.549578966331267e-08,5,1.9999420703118127,1.6000013217158544,-3.8058878056868026e-07
0.8,319.38775510204084,0.6812244897959183,1245853719.7309337,412.3494508679341,2.1156579340914772e-07,8.744613005130255e-08,5,1.9999420735401674,1.6000014154809945,-3.786973835778508e-07
0.8,319.38775510204084,0.6993877551020408,1245853679.6249144,393.0448697352502,9.848730838042623e-08,9.424968402393419e-08,5,1.9999420753969281,1.600001523709829,-3.7705869391335127e-07
0.8,319.38775510204084,0.7175510204081632,1245853645.7012858,372.8141055272243,9.817760824366567e-08,1.049033679624838e-07,5,1.9999420766447988,1.6000016492517624,-3.7572634617536507e-07
0.8,319.38775510204084,0.7357142857142857,1245853614.5045505,351.8132268081001,9.923239649694475e-08,1.1973423369449762e-07,5,1.9999420775590846,1.6000017960113737,-3.7476617336770494e-07
0.8,319.38775510204084,0.7538775510204081,1245853578.572919,326.1065960167714,9.980871762067594e-08,1.440361243001318e-07,5,1.9999420783861135,1.6000019691894423,-3.7416666837359786e-07
0.8,319.38775510204084,0.7720408163265305,1245825618.963041,283.68823316065635,9.970510786601862e-08,2.4656403132321747e-07,5,1.9999424844673122,1.600002102672148,-3.6954715346012176e-07
0.8,319.38775510204084,0.790204081632653,1245746408.0583534,258.6855104590302,9.91087387989861e-08,2.855055026768513e-07,5,1.9999434089902348,1.6000021722440791,-3.6014976977693553e-07
0.8,319.38775510204084,0.8083673469387754,1104917323.237585,238.44332517669827,9.76748400812791e-08,3.23758388405577e-07,3,2.0,1.6,0.0
0.8,319.38775510204084,0.8265306122448979,1104345935.6277337,214.04750437415748,9.860043672360056e-08,3.806735122797867e-07,3,2.0,1.6,0.0
0.8,319.38775510204084,0.8446938775510203,1103678273.9409502,190.72020090551112,9.959801841283481e-08,4.5220975137880705e-07,3,2.0,1.6,0.0
0.8,319.38775510204084,0.8628571428571428,1102847445.4214644,167.71155263666472,9.432032416834248e-08,5.48519821669046e-07,3,2.0,1.6,0.0
0.8,319.38775510204084,0.8810204081632652,1098300567.8749342,307.87707320628124,0.6736047334562107,1.1823216187394828e-06,3,2.0,1.6,0.0
0.8,319.38775510204084,0.8991836734693877,1095935229.6669722,321.76252925102506,0.7419540162102911,1.445094032190511e-06,3,2.0,1.6,0.0
0.8,319.38775510204084,0.9173469387755101,1092797934.515211,321.249671349587,0.7905120051467281,1.746665397279866e-06,3,2.0,1.6,0.0
0.8,319.38775510204084,0.9355102040816325,1088248754.5604744,269.90697506137093,0.8060058710684441,2.5545377762609557e-06,3,2.0,1.6,0.0
0.8,319.38775510204084,0.953673469387755,1069139146.5847186,406.75603719929194,0.9090473830739388,1.9952762619438293e-06,3,2.0,1.6,0.0
0.8,319.38775510204084,0.9718367346938775,1059717635.5852251,594.479875251407,0.9620903042409994,2.021404069937399e-06,3,2.0,1.6,0.0
0.8,319.38775510204084,0.99,975920126.4989532,783.7804342320135,0.9897697246628784,5.266415671120205e-05,1,2.0,1.6,0.0
0.8,328.57142857142856,0.1,1246712926.2578814,775.2149141604818,0.00025871773893009305,3.72710358160816e-08,6,1.9998762198424591,1.600020257585466,-1.455261145791213e-06
0.8,328.57142857142856,0.11816326530612245,1246712907.0418973,773.3871832419965,0.0002546325887197346,3.630534116292165e-08,6,1.9998766834485515,1.6000201239359042,-1.4460285364133127e-06
0.8,328.57142857142856,0.1363265306122449,1246712891.30892,770.6822896574984,0.00023354213449197983,3.572459033185175e-08,6,1.9998770435707425,1.6000200219978515,-1.4382259640908674e-06
0.8,328.57142857142856,0.15448979591836737,1246712876.4868674,767.337147772473,0.0002002829750545933,3.53017968488264e-08,6,1.9998773610167602,1.600019933432184,-1.4308550405149993e-06
0.8,328.57142857142856,0.1726530612244898,1246712862.6401522,763.3351204340015,0.00016017056014322424,3.5048849826782765e-08,6,1.9998776345693186,1.60001985850257,-1.4239330103196289e-06
0.8,328.57142857142856,0.19081632653061226,1246712849.092306,758.7475277781166,0.00011889982336696818,3.4901632726223145e-08,6,1.9998778787145337,1.6000197927604227,-1.4172231151186338e-06
0.8,328.57142857142856,0.2089795918367347,1246712835.9252257,753.5634124437717,8.126450325898398e-05,3.48710430259382e-08,6,1.999878092300814,1.6000197364517468,-1.41074271471955e-06
0.8,328.57142857142856,0.22714285714285715,1246712822.9386585,747.8075978893228,5.059073316689136e-05,3.493794325761478e-08,6,1.9998782798907362,1.6000196881159374,-1.4044193782086787e-06
0.8,328.57142857142856,0.2453061224489796,1246589032.0893283,736.0789166344553,0.001010149690801306,4.0833105855393536e-08,6,1.9999010285732886,1.6000128715444377,-1.0491530872792882e-06
0.8,328.57142857142856,0.26346938775510204,1246588993.287074,731.0844241280166,0.000703849875866336,3.8983234935674476e-08,6,1.9999014204152856,1.6000127620541915,-1.0399831706525893e-06
0.8,328.57142857142856,0.2816326530612245,1246588966.6987686,724.5942029340289,0.0004434738247716861,3.825791050628944e-08,6,1.9999016582468985,1.6000126987539443,-1.0330777039506365e-06
0.8,328.57142857142856,0.2997959183673469,1246588944.8441799,717.1757711415928,0.00025002371498755466,3.803119192426309e-08,6,1.999901827833477,1.6000126559038206,-1.0270590237916662e-06
0.8,328.57142857142856,0.3179591836734694,1246588925.7716932,708.9784899004397,0.0001235614727705932,3.8155832061907944e-08,6,1.999901954172628,1.600012626033119,-1.0215259999876974e-06
0.8,328.57142857142856,0.33612244897959187,1246460116.1412807,695.1765859688422,0.0024472480846948553,4.4790277820336896e-08,6,1.999917154820593,1.600008073948799,-7.897409865184785e-07
0.8,328.57142857142856,0.3542857142857143,1246460067.7045949,687.7903184757353,0.001454850772807036,4.253934946264287e-08,6,1.9999173616922923,1.6000080202201958,-7.834850191415929e-07
0.8,328.57142857142856,0.37244897959183676,1246460036.1434112,678.6783140421094,0.0007465538463839488,4.1916818375803226e-08,6,1.9999174768212935,1.600007994448531,-7.785000075272814e-07
0.8,328.57142857142856,0.3906122448979592,1246460011.003911,668.5545693477096,0.0003224843316894991,4.202245172134487e-08,6,1.9999175533316738,1.6000079810066923,-7.739496646770742e-07
0.8,328.57142857142856,0.40877551020408165,1246328233.6300802,654.1761052082203,0.006524918233087666,4.825231666745162e-08,6,1.999927726162302,1.6000049398336313,-6.226846442308243e-07
0.8,328.57142857142856,0.4269387755102041,1246328184.7444756,644.2473061323913,0.003600518477905002,4.627102741250389e-08,6,1.999927816196927,1.6000049252710367,-6.18380591288489e-07
0.8,328.57142857142856,0.44510204081632654,1246196453.6071339,630.4108378632232,0.0335850621154691,5.474167907809472e-08,6,1.9999343762225772,1.6000029719561344,-5.225113506271139e-07
0.8,328.57142857142856,0.463265306122449,1246196374.3536901,619.9723075479781,0.023128486860951827,4.999211898854259e-08,6,1.9999344503338714,1.6000029682658725,-5.187016210089495e-07
0.8,328.57142857142856,0.48142857142857143,1246196338.1797228,606.8633234474862,0.0135693474584778,4.9659463120864005e-08,6,1.9999344806878487,1.6000029821556419,-5.153135225711507e-07
0.8,328.57142857142856,0.4995918367346939,1246196308.349855,593.1087657082198,0.00667064484733849,5.019452897367507e-08,6,1.9999345023749924,1.6000030043412532,-5.117830333484221e-07
0.8,328.57142857142856,0.5177551020408163,1246069238.2315412,581.6323554009338,0.06268969192114505,5.681125766330286e-08,6,1.999938674188901,1.600001787729636,-4.5193033159475507e-07
0.8,328.57142857142856,0.5359183673469388,1246069195.632801,565.4748539092192,0.04077064427513663,5.597656610738529e-08,6,1.999938687899836,1.600001825216473,-4.4847814812776085e-07
0.8,328.57142857142856,0.5540816326530612,1246069161.171394,549.2122359862365,0.022831550469673348,5.6403174158916174e-08,6,1.999938698256077,1.600001869802737,-4.448222070937442e-07
0.8,328.57142857142856,0.5722448979591837,1246069129.357178,532.8891380979176,0.010303113976599443,5.7548284415676275e-08,6,1.9999387067688763,1.6000019216632648,-4.408808806312067e-07
0.8,328.57142857142856,0.5904081632653061,1246069100.0778315,516.233709447083,0.0033720648071995304,5.958715936923893e-08,6,1.9999387133878224,1.6000019804988694,-4.3666916559864603e-07
0.8,328.57142857142856,0.6085714285714285,1246069073.8888805,498.97672118390005,0.0006794516853061625,6.289106747695608e-08,6,1.9999387181685442,1.600002045120414,-4.323501695817691e-07
0.8,328.57142857142856,0.626734693877551,1246069050.7412782,480.9810520104607,6.501587596991195e-05,6.773345906021003e-08,6,1.9999387214832887,1.600002114136731,-4.282616390794809e-07
0.8,328.57142857142856,0.6448979591836734,1245958491.4927151,459.8051243037754,0.000432838352897034,8.341871248397491e-08,6,1.9999407674808138,1.6000015744726614,-3.9985226464574746e-07
0.8,328.57142857142856,0.6630612244897959,1245853842.2941954,440.69068575807916,0.00021393603862803696,9.052865532169292e-08,5,1.999942065650358,1.6000012658341711,-3.820196379012678e-07
0.8,328.57142857142856,0.6812244897959183,1245853751.4876795,423.82372344835983,5.97008345347364e-06,8.546167837195642e-08,5,1.9999420717771446,1.6000013551075365,-3.798561117646742e-07
0.8,328.57142857142856,0.6993877551020408,1245853701.8594818,404.40650189906694,9.699752107404385e-08,8.98083185143149e-08,5,1.999942074419789,1.6000014588341736,-3.7797903720243394e-07
0.8,328.57142857142856,0.7175510204081632,1245853663.4534686,383.8033240744697,9.877927937553405e-08,9.869027009176234e-08,5,1.9999420760272195,1.6000015793357705,-3.7640154366913575e-07
0.8,328.57142857142856,0.7357142857142857,1245853629.769964,362.3166768837788,9.962108674634182e-08,1.1181137854575815e-07,5,1.9999420771372936,1.6000017202971792,-3.7519169757115085e-07
0.8,328.57142857142856,0.7538775510204081,1245853597.8884943,340.0359082179537,9.89145865381219e-08,1.2993227294245707e-07,5,1.9999420779680899,1.600001886727261,-3.744210685762384e-07
0.8,328.57142857142856,0.7720408163265305,1245853546.3461947,302.96878895844026,9.894393261788023e-08,1.7329756835025592e-07,5,1.999942078970484,1.6000020902003762,-3.738089560487833e-07
0.8,328.57142857142856,0.790204081632653,1245808621.4165483,264.7237243957858,9.876819039151733e-08,2.7480425905590284e-07,5,1.9999427004533612,1.6000022179567543,-3.673127711555866e-07
0.8,328.57142857142856,0.8083673469387754,1245525963.6996808,232.06087900026628,9.8282495554226e-08,3.366942363154772e-07,5,1.9999456507185025,1.6000021245185398,-3.37985725853073e-07
0.8,328.57142857142856,0.8265306122448979,1104525783.684757,221.2418702275907,9.948715864018658e-08,3.6215356065333535e-07,3,2.0,1.6,0.0
0.8,328.57142857142856,0.8446938775510203,1103867861.7239332,196.83474241173843,9.600287929153414e-08,4.30923446656256e-07,3,2.0,1.6,0.0
0.8,328.57142857142856,0.8628571428571428,1103090301.52792,173.85177101000923,9.382967874329019e-08,5.205327257823855e-07,3,2.0,1.6,0.0
0.8,328.57142857142856,0.8810204081632652,1098670689.9678879,309.7039930252659,0.6645138494255044,1.1330167151691124e-06,3,2.0,1.6,0.0
0.8,328.57142857142856,0.8991836734693877,1096334374.6878068,327.0869949063925,0.7384694066824496,1.3969158443768475e-06,3,2.0,1.6,0.0
0.8,328.57142857142856,0.9173469387755101,1093264326.2144003,328.10837888850733,0.7888889376564983,1.6903056704927574e-06,3,2.0,1.6,0.0
0.8,328.57142857142856,0.9355102040816325,1088791197.2458656,286.69061233714825,0.8122805718355621,2.370779809554001e-06,3,2.0,1.6,0.0
0.8,328.57142857142856,0.953673469387755,1069675601.0276878,409.88132405547583,0.9071343250192574,1.967312334991315e-06,3,2.0,1.6,0.0
0.8,328.57142857142856,0.9718367346938775,1060235677.1290429,597.0030765028354,0.9611762791802875,1.981658654226474e-06,3,2.0,1.6,0.0
0.8,328.57142857142856,0.99,1022258633.6066324,797.0257288723196,0.9896500679925869,5.717573224591469e-05,2,2.0,1.6,0.0
0.8,337.7551020408163,0.1,1246830694.1455371,797.343151919709,5.8738652596311015e-05,3.5123611884381756e-08,6,1.9998393102850993,1.600031309664505,-2.0596501609917015e-06
0.8,337.7551020408163,0.11816326530612245,1246830684.5129476,794.4904344942637,5.433035642323027e-05,3.509916947645167e-08,6,1.9998396847297348,1.6000312035025142,-2.051104416320487e-06
0.8,337.7551020408163,0.1363265306122449,1246830673.8834553,791.1222894127753,4.6495893913942496e-05,3.510668258846379e-08,6,1.9998400700296801,1.6000310948163878,-2.042009212349995e-06
0.8,337.7551020408163,0.15448979591836737,1246830660.9641864,787.3933327121831,3.6847219500222836e-05,3.4995520706406854e-08,6,1.999840504242559,1.600030972068227,-2.031750652805578e-06
0.8,337.7551020408163,0.1726530612244898,1246830646.7596736,783.2158963635148,2.6899273583364335e-05,3.4853963544479846e-08,6,1.9998409416353737,1.6000308488506325,-2.0210895404113185e-06
0.8,337.7551020408163,0.19081632653061226,1246712928.1643162,775.5159084793095,0.0005097439093363704,3.7350635796123753e-08,6,1.9998761729748515,1.6000202878033543,-1.4571174073213562e-06
0.8,337.7551020408163,0.2089795918367347,1246712896.0230515,771.713846735329,0.0003921025263646274,3.586595040254782e-08,6,1.9998769380401376,1.6000200668648674,-1.4414652607484731e-06
0.8,337.7551020408163,0.22714285714285715,1246712873.2637162,766.5397072042235,0.0002773878092880679,3.522346948514369e-08,6,1.9998774268262614,1.6000199289142878,-1.4300769900949573e-06
0.8,337.7551020408163,0.2453061224489796,1246712853.8892934,760.5066604952211,0.00017952795220858807,3.493325028877972e-08,6,1.9998777950776407,1.6000198271186394,-1.420387820357886e-06
0.8,337.7551020408163,0.26346938775510204,1246712836.345357,753.7457505220204,0.00010493358508041446,3.487043194924322e-08,6,1.9998780858764131,1.600019748458327,-1.411692197125552e-06
0.8,337.7551020408163,0.2816326530612245,1246712819.8505921,746.3364347418635,5.442361050980403e-05,3.497098169043222e-08,6,1.9998783211464735,1.6000196862820564,-1.4036315365916612e-06
0.8,337.7551020408163,0.2997959183673469,1246589010.4127095,734.0628381456521,0.0010257863957870634,3.9661348993226644e-08,6,1.9999012525014936,1.6000128150604533,-1.0449081907106194e-06
0.8,337.7551020408163,0.3179591836734694,1246588974.5796773,726.8601799604121,0.00060597628460518,3.841435809321319e-08,6,1.9999015910881135,1.6000127214435003,-1.0358497243096582e-06
0.8,337.7551020408163,0.33612244897959187,1246588947.9593205,718.3809369610676,0.0003134619006717436,3.803796118240616e-08,6,1.9999018052386015,1.6000126649674105,-1.0285768098690162e-06
0.8,337.7551020408163,0.3542857142857143,1246588925.7610397,708.9840485214173,0.00013849414596420643,3.815453153829993e-08,6,1.9999019542376444,1.6000126279392053,-1.0221377125021122e-06
0.8,337.7551020408163,0.37244897959183676,1246460106.1909869,694.4415582324555,0.002544917451679343,4.4176917774156233e-08,6,1.9999171993785332,1.6000080621314716,-7.892330379011012e-07
0.8,337.7551020408163,0.3906122448979592,1246460058.3286777,685.5438279143004,0.0013566502072109566,4.2266236078866766e-08,6,1.9999173978717877,1.6000080106366092,-7.826795149510269e-07
0.8,337.7551020408163,0.40877551020408165,1246460026.0880811,674.9982107589274,0.0006039521757591539,4.187934827464427e-08,6,1.9999175091518058,1.6000079859775902,-7.773195128282351e-07
0.8,337.7551020408163,0.4269387755102041,1246328289.6784868,657.3030348156108,0.008821461546966513,5.227001603266818e-08,6,1.9999276130599426,1.600004964682001,-6.264190853493978e-07
0.8,337.7551020408163,0.44510204081632654,1246328201.6606658,648.8150129483212,0.0050629882663699366,4.671751782753965e-08,6,1.9999277866104774,1.6000049243779784,-6.206346280141634e-07
0.8,337.7551020408163,0.463265306122449,1246328161.726528,636.8177513900956,0.0023349349322340724,4.5946861483447615e-08,6,1.9999278528755382,1.6000049189710503,-6.162981430755051e-07
0.8,337.7551020408163,0.48142857142857143,1246069240.0092914,645.0928749698235,0.15483608151259248,4.9112142833483116e-08,6,1.9999386736062568,1.600001685097389,-4.612964872175073e-07
0.8,337.7551020408163,0.4995918367346939,1246069227.930559,624.6083782112355,0.12767823641132517,4.9922005495079085e-08,6,1.9999386775567454,1.6000017099130148,-4.5860399136650233e-07
0.8,337.7551020408163,0.5177551020408163,1246069229.9998183,603.558276999704,0.09712762944368357,5.2464806796007376e-08,6,1.9999386768816203,1.6000017419243466,-4.5569082201448113e-07
0.8,337.7551020408163,0.5359183673469388,1246069215.5441382,583.9409031712418,0.06805422887829568,5.4198003313758405e-08,6,1.9999386815711973,1.600001778365416,-4.524386327063699e-07
0.8,337.7551020408163,0.5540816326530612,1246069187.1510694,565.7146468592107,0.04305413286836169,5.509309655605694e-08,6,1.9999386905333525,1.6000018193538486,-4.489238994620218e-07
0.8,337.7551020408163,0.5722448979591837,1246069155.8531246,548.0902164123038,0.02313264067730884,5.615950414360115e-08,6,1.999938699760298,1.6000018677048713,-4.450868049527033e-07
0.8,337.7551020408163,0.5904081632653061,1246069124.2912924,530.6508512432947,0.00971932227292142,5.76794861696027e-08,6,1.999938708004135,1.6000019243807184,-4.408720017315196e-07
0.8,337.7551020408163,0.6085714285714285,1246069094.5307996,512.9401157073661,0.0028053247300194556,6.010242990391907e-08,6,1.9999387144935792,1.6000019889913057,-4.3630439834164224e-07
0.8,337.7551020408163,0.626734693877551,1246069067.8763912,494.60816404856405,0.00045331079124456873,6.392973360613444e-08,6,1.9999387191104936,1.6000020597222677,-4.3161655569634377e-07
0.8,337.7551020408163,0.6448979591836734,1246069044.3750489,475.4958542217815,2.9395227006779306e-05,6.949074590528725e-08,6,1.9999387222534268,1.6000021346276163,-4.272820571817714e-07
0.8,337.7551020408163,0.6630612244897959,1245958449.8830807,454.95909285767175,0.00020709803139883206,7.897759507136596e-08,6,1.9999407712925898,1.600001600078704,-3.988688228475852e-07
0.8,337.7551020408163,0.6812244897959183,1245853796.037229,434.6689886119808,7.428009366485644e-05,8.638849431052695e-08,5,1.9999420689311962,1.6000012989943686,-3.8113617697643606e-07
0.8,337.7551020408163,0.6993877551020408,1245853727.772152,415.5721683380099,7.572880420458901e-07,8.668972797509201e-08,5,1.9999420731175326,1.6000013983012957,-3.790071350444722e-07
0.8,337.7551020408163,0.7175510204081632,1245853682.6819322,394.70207084172745,9.882230968763794e-08,9.352773484103408e-08,5,1.9999420752702548,1.6000015140225967,-3.771851218166525e-07
0.8,337.7551020408163,0.7357142857142857,1245853645.6364157,372.7724350856687,9.8814545341497e-08,1.04928593841961e-07,5,1.9999420766469178,1.6000016495257918,-3.757240134282913e-07
0.8,337.7551020408163,0.7538775510204081,1245853611.9186926,350.00006584892634,9.821608709899108e-08,1.212023434787521e-07,5,1.9999420776260184,1.6000018095961317,-3.747035902502735e-07
0.8,337.7551020408163,0.7720408163265305,1245853571.9569767,321.32049182323675,9.730312259511957e-08,1.4944546403225829e-07,5,1.999942078516684,1.600002001223158,-3.7417525849347084e-07
0.8,337.7551020408163,0.790204081632653,1245817410.402937,274.74488243870127,9.935277722223987e-08,2.5933065128203356e-07,5,1.9999425930857444,1.600002138657094,-3.682469346501749e-07
0.8,337.7551020408163,0.8083673469387754,1245694606.0810533,252.57320149932755,9.733663067775662e-08,2.9531954231423605e-07,5,1.9999439749265462,1.6000021551214938,-3.54488410575709e-07
0.8,337.7551020408163,0.8265306122448979,1104716827.741553,229.35853831209454,9.802368647367962e-08,3.4350246763076286e-07,3,2.0,1.6,0.0
0.8,337.7551020408163,0.8446938775510203,1104057725.0171502,203.36963369206532,9.358927565952081e-08,4.104756866914884e-07,3,2.0,1.6,0.0
0.8,337.7551020408163,0.8628571428571428,1103321148.6454933,180.12760555909514,9.180599538225014e-08,4.93170765050709e-07,3,2.0,1.6,0.0
0.8,337.7551020408163,0.8810204081632652,1099041278.0706182,309.4657003177966,0.6525328110327296,1.0843976088445568e-06,3,2.0,1.6,0.0
0.8,337.7551020408163,0.8991836734693877,1096715815.3679128,332.0346819606694,0.734735700323366,1.3515408383949293e-06,3,2.0,1.6,0.0
0.8,337.7551020408163,0.9173469387755101,1093705325.5667107,334.7388169856474,0.7871725366611775,1.6372885085894096e-06,3,2.0,1.6,0.0
0.8,337.7551020408163,0.9355102040816325,1089305498.0139134,301.97206158369704,0.8169095743955413,2.219814146911436e-06,3,2.0,1.6,0.0
0.8,337.7551020408163,0.953673469387755,1070186620.1412624,413.4909246742774,0.905372523718217,1.937054621186389e-06,3,2.0,1.6,0.0
0.8,337.7551020408163,0.9718367346938775,1060745299.4910433,598.8877977590912,0.9602290177725837,1.9464921927378775e-06,3,2.0,1.6,0.0
0.8,337.7551020408163,0.99,1023324548.3687819,828.6514065025972,0.9897671372651156,5.481686499852801e-05,2,2.0,1.6,0.0
0.8,346.9387755102041,0.1,1246942115.8999364,819.2410023263299,1.1862869865104429e-05,3.3335033947292334e-08,6,1.9997821268044818,1.60004844587593,-3.0100931293818392e-06
0.8,346.9387755102041,0.11816326530612245,1246942107.562013,816.2164279783456,1.036088259550399e-05,3.340292853103999e-08,6,1.999782660991077,1.6000482926840947,-2.9978082270327855e-06
0.8,346.9387755102041,0.1363265306122449,1246942093.5920563,813.1978195144027,8.312399995628705e-06,3.303395744661038e-08,6,1.9997835026586916,1.6000480480622679,-2.979904317553244e-06
0.8,346.9387755102041,0.15448979591836737,1246830729.347132,806.1437521330578,0.00018762450116949686,3.546879907395438e-08,6,1.9998377267948373,1.600031789366094,-2.094380462535499e-06
0.8,346.9387755102041,0.1726530612244898,1246830709.2808423,802.1842953820285,0.00015044818374708392,3.5060615766301236e-08,6,1.9998386691515324,1.600031515713621,-2.075020296204658e-06
0.8,346.9387755102041,0.19081632653061226,1246830693.397279,797.2046289875293,0.00011151308932650636,3.5109848073193056e-08,6,1.999839340262168,1.6000313237843455,-2.0598155230834982e-06
0.8,346.9387755102041,0.2089795918367347,1246830675.9663832,791.7781817729363,7.623100261178173e-05,3.510891935103781e-08,6,1.9998399966621836,1.600031136458015,-2.0445135176544705e-06
0.8,346.9387755102041,0.22714285714285715,1246830656.2787583,786.0169591276289,4.758533772074944e-05,3.495467234231905e-08,6,1.9998406529196324,1.6000309492103524,-2.028890295156197e-06
0.8,346.9387755102041,0.2453061224489796,1246712941.4402945,775.9991855604162,0.0007129195407981103,3.8162038264109545e-08,6,1.9998758438742739,1.6000204014464265,-1.4639783781474867e-06
0.8,346.9387755102041,0.26346938775510204,1246712894.293116,771.4580592299692,0.00048617941061460725,3.579742761547396e-08,6,1.99987697694069,1.6000200708191175,-1.4413020784544145e-06
0.8,346.9387755102041,0.2816326530612245,1246712866.6988683,764.6771180375433,0.00029611948828645523,3.509983742157707e-08,6,1.9998775568554716,1.6000199058020799,-1.427433438652662e-06
0.8,346.9387755102041,0.2997959183673469,1246712844.0806007,756.9002047806396,0.00016034096344428616,3.4872598626232146e-08,6,1.9998779628281014,1.6000197925547586,-1.4161371557272213e-06
0.8,346.9387755102041,0.3179591836734694,1246712823.97446,748.3393081400791,7.554525083731146e-05,3.492069955398626e-08,6,1.9998782658397731,1.6000197097410513,-1.4062493879578692e-06
0.8,346.9387755102041,0.33612244897959187,1246589014.278806,734.6651618671707,0.0012134859314040256,3.983006075030602e-08,6,1.9999012133092737,1.6000128331370167,-1.0464278575501369e-06
0.8,346.9387755102041,0.3542857142857143,1246588972.7687495,726.4200392068763,0.0006541273326375575,3.836668769149245e-08,6,1.9999016067971018,1.6000127223320317,-1.0359326812424983e-06
0.8,346.9387755102041,0.37244897959183676,1246588943.401521,716.6645288986076,0.0002996911156651442,3.802144089836e-08,6,1.9999018381205942,1.6000126598964215,-1.0278272215026807e-06
0.8,346.9387755102041,0.3906122448979592,1246588919.5447166,705.8877174757824,0.00011283502231184527,3.828108297157131e-08,6,1.9999019908796358,1.6000126209458094,-1.0207679755857434e-06
0.8,346.9387755102041,0.40877551020408165,1246460082.2184172,691.043590877954,0.0021564418561966308,4.301702806589773e-08,6,1.9999173027560824,1.6000080344685588,-7.866948571834663e-07
0.8,346.9387755102041,0.4269387755102041,1246460040.3726737,680.2068755740618,0.0009781363466980944,4.1942520446839446e-08,6,1.9999174625464617,1.600007994254494,-7.803022917075427e-07
0.8,346.9387755102041,0.44510204081632654,1246460009.757497,668.0053818471492,0.0003524808252220492,4.203978112484382e-08,6,1.999917556734885,1.6000079749402176,-7.74756220855741e-07
0.8,346.9387755102041,0.463265306122449,1246328216.4884286,652.1811766343782,0.006510558793761233,4.724962586297034e-08,6,1.9999277592090559,1.6000049251358768,-6.224955145426902e-07
0.8,346.9387755102041,0.48142857142857143,1246069201.2701247,674.8001858786047,0.19528080701030387,4.52503337249181e-08,6,1.9999386861275494,1.6000016498525584,-4.644911280294054e-07
0.8,346.9387755102041,0.4995918367346939,1246069191.361513,652.2848492601271,0.1692153462621575,4.580802577750605e-08,6,1.999938689231205,1.6000016713795668,-4.618805747486816e-07
0.8,346.9387755102041,0.5177551020408163,1246069194.9359553,628.9057428473474,0.1376452051265335,4.739688407344757e-08,6,1.9999386881177907,1.600001699164746,-4.5909010704015967e-07
0.8,346.9387755102041,0.5359183673469388,1246069203.4853303,605.74313011696,0.10317760663298105,5.008474359210398e-08,6,1.9999386854273675,1.6000017336605794,-4.5603235599957305e-07
0.8,346.9387755102041,0.5540816326530612,1246069197.8571823,584.2532688663047,0.07116288725102325,5.258636652956448e-08,6,1.999938687204109,1.6000017721992439,-4.527406794404302e-07
0.8,346.9387755102041,0.5722448979591837,1246069177.2234614,564.334833643798,0.04341244172712824,5.446363516760937e-08,6,1.9999386935503667,1.600001816734807,-4.491086794815281e-07
0.8,346.9387755102041,0.5904081632653061,1246069148.3569896,545.433987073112,0.021960595713720978,5.609876350751551e-08,6,1.999938701829422,1.6000018696578207,-4.450571432903912e-07
0.8,346.9387755102041,0.6085714285714285,1246069116.9875026,526.9019543718653,0.008321019861062335,5.803813133094727e-08,6,1.999938709721096,1.6000019322291956,-4.405195269714888e-07
0.8,346.9387755102041,0.626734693877551,1246069086.9545212,508.11573937136626,0.0020057750820696297,6.096084005336951e-08,6,1.9999387159223079,1.6000020036479023,-4.3554095328311876e-07
0.8,346.9387755102041,0.6448979591836734,1246069060.120423,488.65328887555717,0.00023633129718174197,6.54929590400327e-08,6,1.9999387202400234,1.600002081110223,-4.3047852150705617e-07
0.8,346.9387755102041,0.6630612244897959,1246069036.496713,468.37226948782586,8.744733942937973e-06,7.19764270611713e-08,6,1.9999387231270747,1.6000021622122143,-4.2598984964258884e-07
0.8,346.9387755102041,0.6812244897959183,1245853899.4789019,442.96648229608013,0.0004810091312811939,9.827919259020865e-08,5,1.999942061363729,1.6000012476517964,-3.826190950204289e-07
0.8,346.9387755102041,0.6993877551020408,1245853760.1862328,426.39986144450387,1.440944066880275e-05,8.533929609438962e-08,5,1.9999420712525788,1.6000013417973336,-3.8014063213956247e-07
0.8,346.9387755102041,0.7175510204081632,1245853704.1240706,405.47248112370806,9.67821035147727e-08,8.945320692634199e-08,5,1.9999420743129939,1.6000014529267363,-3.780717565189787e-07
0.8,346.9387755102041,0.7357142857142857,1245853662.3842824,383.1658844349226,9.846924048892244e-08,9.902465360229948e-08,5,1.999942076066631,1.6000015832717969,-3.7635923298330984e-07
0.8,346.9387755102041,0.7538775510204081,1245853626.1954205,359.8918467052261,9.929064479510434e-08,1.1354411958728826e-07,5,1.9999420772402443,1.6000017373539914,-3.7508354247235044e-07
0.8,346.9387755102041,0.7720408163265305,1245853589.4801815,333.9887634137333,9.926409583301603e-08,1.3576872847100265e-07,5,1.9999420781571355,1.6000019213360934,-3.74291665580027e-07
0.8,346.9387755102041,0.790204081632653,1245831008.1481726,288.79615298315383,9.835011948952343e-08,2.4228677536992675e-07,5,1.99994240874128,1.6000020833501252,-3.7029217374465473e-07
0.8,346.9387755102041,0.8083673469387754,1245751416.4294121,259.9899452935627,9.720755858690846e-08,2.796551096752955e-07,5,1.9999433524345585,1.6000021778441231,-3.610132358590468e-07
0.8,346.9387755102041,0.8265306122448979,1104904598.1421173,237.84871245227168,9.851181848068043e-08,3.2540461393334713e-07,3,2.0,1.6,0.0
0.8,346.9387755102041,0.8446938775510203,1104221448.14083,209.29356133939217,9.964708583463355e-08,3.93688691866447e-07,3,2.0,1.6,0.0
0.8,346.9387755102041,0.8628571428571428,1103457652.9738195,184.03875237525222,9.934365981450634e-08,4.7513804896328405e-07,3,2.0,1.6,0.0
0.8,346.9387755102041,0.8810204081632652,1099414411.5216289,306.74271758650036,0.6365631873034588,1.033520491116021e-06,3,2.0,1.6,0.0
0.8,346.9387755102041,0.8991836734693877,1097075063.9759507,336.9794390478274,0.7310772193844572,1.3074652826102244e-06,3,2.0,1.6,0.0
0.8,346.9387755102041,0.9173469387755101,1094127853.4786408,340.89841984150445,0.7852026238742223,1.5887830336450858e-06,3,2.0,1.6,0.0
0.8,346.9387755102041,0.9355102040816325,1089809229.0786834,315.29394899256465,0.8199398634350052,2.099076005050861e-06,3,2.0,1.6,0.0
0.8,346.9387755102041,0.953673469387755,1070671979.1330256,417.4754010452044,0.9037017219308084,1.9042124537765535e-06,3,2.0,1.6,0.0
0.8,346.9387755102041,0.9718367346938775,1061242302.0835181,600.7006792846005,0.9592839267328612,1.914138392779368e-06,3,2.0,1.6,0.0
0.8,346.9387755102041,0.99,1024840399.2133381,858.1629834888362,0.9898506187558092,5.2585435107976123e-05,2,2.0,1.6,0.0
0.8,356.12244897959187,0.1,1247049017.4429607,840.3633104642207,1.7965522814561521e-06,3.227113774842543e-08,6,1.999688173081594,1.6000766150506185,-4.594301433960795e-06
0.8,356.12244897959187,0.11816326530612245,1246942177.397704,834.9419183242663,6.182786527454787e-05,3.3930356605158687e-08,6,1.9997770879612897,1.600049948718852,-3.1148684120097834e-06
0.8,356.12244897959187,0.1363265306122449,1246942161.453052,831.7687299877934,5.3490467308177293e-05,3.365412556117511e-08,6,1.999778554441789,1.6000495178194332,-3.0858872785184708e-06
0.8,356.12244897959187,0.15448979591836737,1246942143.6039934,828.1919151447486,4.290173411508328e-05,3.329613722089324e-08,6,1.9997800795840928,1.600049070053743,-3.055453842895527e-06
0.8,356.12244897959187,0.1726530612244898,1246942129.1687887,823.6412002083448,3.159562534800399e-05,3.3310660799702444e-08,6,1.9997811991196137,1.600048744512026,-3.031372967384358e-06
0.8,356.12244897959187,0.19081632653061226,1246942114.0435164,818.5348989636592,2.1299411453359394e-05,3.335460459443889e-08,6,1.9997822489300403,1.6000484402345538,-3.0079863091786782e-06
0.8,356.12244897959187,0.2089795918367347,1246942094.264415,813.336749865898,1.3063390903045744e-05,3.3052425056637186e-08,6,1.999783463785246,1.6000480865958255,-2.9814141515076736e-06
0.8,356.12244897959187,0.22714285714285715,1246830718.827612,804.5410293973729,0.00024080032248536293,3.516235405966828e-08,6,1.999838231932463,1.6000316669332795,-2.084989189622647e-06
0.8,356.12244897959187,0.2453061224489796,1246830695.9804044,798.0399008245522,0.00015457331731378373,3.5101591366077155e-08,6,1.9998392362291912,1.6000313762133092,-2.0628391389954148e-06
0.8,356.12244897959187,0.26346938775510204,1246830673.3484519,790.9377487689915,8.963340401638797e-05,3.510887696308343e-08,6,1.9998400886621015,1.6000311306812778,-2.0429032448421116e-06
0.8,356.12244897959187,0.2816326530612245,1246830647.694351,783.626402641821,4.626107069003123e-05,3.483490013559781e-08,6,1.9998409140788747,1.6000308927499345,-2.023136670740765e-06
0.8,356.12244897959187,0.2997959183673469,1246712907.120034,773.7201346405383,0.000671899083646564,3.6264730892233915e-08,6,1.9998766815989253,1.6000201715761595,-1.4482870520383147e-06
0.8,356.12244897959187,0.3179591836734694,1246712871.4713106,766.1162660150039,0.00037867074266287884,3.51791171003586e-08,6,1.9998774627484737,1.6000199456297723,-1.430377063573669e-06
0.8,356.12244897959187,0.33612244897959187,1246712844.731871,757.1815493121779,0.00018522317150632315,3.48702098232253e-08,6,1.9998779521849939,1.6000198064826674,-1.416972652151835e-06
0.8,356.12244897959187,0.3542857142857143,1246712821.9464877,747.3359120258973,7.655397954639053e-05,3.4949481564077305e-08,6,1.999878293349837,1.600019711126128,-1.4057170917435761e-06
0.8,356.12244897959187,0.37244897959183676,1246589001.8182142,732.9309942954636,0.0011661245077839654,3.926406083836462e-08,6,1.9999013379832624,1.6000128041192996,-1.0439117802473978e-06
0.8,356.12244897959187,0.3906122448979592,1246588961.3347971,723.073676789927,0.0005491826450309782,3.81515916763075e-08,6,1.999901702235303,1.6000127007714284,-1.0333165771497891e-06
0.8,356.12244897959187,0.40877551020408165,1246588931.7752848,711.7840434083306,0.0002110343350891011,3.8074491474292494e-08,6,1.999901916651887,1.6000126421561893,-1.024908538382469e-06
0.8,356.12244897959187,0.4269387755102041,1246460108.9652135,695.0537598908636,0.0030644398543112398,4.427582448736738e-08,6,1.9999171870319299,1.600008066887102,-7.906048114031174e-07
0.8,356.12244897959187,0.44510204081632654,1246460052.9771833,684.1962600865868,0.0014032440542307819,4.212404017448302e-08,6,1.999917417830887,1.6000080041420628,-7.82821172237694e-07
0.8,356.12244897959187,0.463265306122449,1246460017.1459634,671.3605186286303,0.0005015060590380676,4.192589602738457e-08,6,1.9999175359915367,1.6000079765170037,-7.766178989109057e-07
0.8,356.12244897959187,0.48142857142857143,1246069189.8231761,705.0695625554987,0.23169651232375837,4.402123392116807e-08,6,1.9999386897069986,1.6000016215805177,-4.6766266619303407e-07
0.8,356.12244897959187,0.4995918367346939,1246069172.7812254,681.329347748714,0.2088246390850614,4.42554131218149e-08,6,1.9999386948754396,1.6000016395763332,-4.6505462188411195e-07
0.8,356.12244897959187,0.5177551020408163,1246069170.243858,656.0662719504297,0.17909879822314978,4.500342976720217e-08,6,1.9999386956231826,1.600001662968983,-4.6231760010469576e-07
0.8,356.12244897959187,0.5359183673469388,1246069177.6133084,630.3545505666601,0.14350018777828508,4.649034178630327e-08,6,1.9999386934326349,1.600001692929278,-4.5935665829341195e-07
0.8,356.12244897959187,0.5540816326530612,1246069185.3110316,605.6501133322579,0.1065967242855883,4.8895083033769144e-08,6,1.9999386910958254,1.600001728256318,-4.562131572993024e-07
0.8,356.12244897959187,0.5722448979591837,1246069183.5459094,582.5605131505723,0.07162886727944726,5.17121539784465e-08,6,1.9999386916353976,1.600001769186461,-4.528231741870489e-07
0.8,356.12244897959187,0.5904081632653061,1246069166.8657537,561.2217148010005,0.04156429199544424,5.418915671778699e-08,6,1.9999386966122998,1.6000018177416284,-4.490305902790257e-07
0.8,356.12244897959187,0.6085714285714285,1246069139.1538541,541.1776496940777,0.019311992781692166,5.6302700083828033e-08,6,1.9999387042792416,1.600001876321612,-4.447120091612695e-07
0.8,356.12244897959187,0.626734693877551,1246069107.6611705,521.5949797533232,0.00631818727357674,5.869777705503116e-08,6,1.9999387117984715,1.6000019461416155,-4.3977557804619314e-07
0.8,356.12244897959187,0.6448979591836734,1246069077.5376103,501.70041062070965,0.0011777630468234406,6.227235158599086e-08,6,1.9999387175690357,1.6000020254269487,-4.343199480958154e-07
0.8,356.12244897959187,0.6630612244897959,1246069050.8156247,481.0544649650141,8.810467915001407e-05,6.771122663454269e-08,6,1.999938721473932,1.6000021099674342,-4.289230974109521e-07
0.8,356.12244897959187,0.6812244897959183,1245958471.2828534,458.0185012609518,0.0004336719037617599,8.097356207282167e-08,6,1.999940769363911,1.600001583888477,-3.9958724415328967e-07
0.8,356.12244897959187,0.6993877551020408,1245853806.9937165,436.534105432588,0.00013682915873124734,8.711827624347767e-08,5,1.999942068178172,1.6000012891023359,-3.813955034760373e-07
0.8,356.12244897959187,0.7175510204081632,1245853729.0431225,416.05816916289956,1.149531590993536e-06,8.659333770576729e-08,5,1.9999420730490074,1.6000013957160826,-3.790551629014331e-07
0.8,356.12244897959187,0.7357142857142857,1245853680.423674,393.4819721988733,9.935503219625206e-08,9.405255013725652e-08,5,1.9999420753641277,1.6000015211546768,-3.770915975980003e-07
0.8,356.12244897959187,0.7538775510204081,1245853640.9550726,369.7438467428287,9.983298307746991e-08,1.0682244923928897e-07,5,1.999942076797392,1.6000016695829757,-3.7555895419475926e-07
0.8,356.12244897959187,0.7720408163265305,1245853604.9915636,345.10396254249014,9.774059403636028e-08,1.2536461306285928e-07,5,1.9999420777992483,1.6000018470224238,-3.7455207177507773e-07
0.8,356.12244897959187,0.790204081632653,1245853549.8647954,305.4626151821319,9.864981142442528e-08,1.6974465653554623e-07,5,1.9999420789125808,1.6000020640324626,-3.7380453588003093e-07
0.8,356.12244897959187,0.8083673469387754,1245806524.1621637,262.55747949853816,9.6993943459654e-08,2.8105656089615834e-07,5,1.9999427248455874,1.6000022134129235,-3.6694678638383804e-07
0.8,356.12244897959187,0.8265306122448979,1105060382.9736717,245.14412372847636,9.792544975506376e-08,3.130678462390302e-07,3,2.0,1.6,0.0
0.8,356.12244897959187,0.8446938775510203,1104404112.6704566,216.31667259343368,9.998253702933278e-08,3.747142249277032e-07,3,2.0,1.6,0.0
0.8,356.12244897959187,0.8628571428571428,1103627178.604636,189.13698279452205,9.657964795416907e-08,4.566329765655536e-07,3,2.0,1.6,0.0
0.8,356.12244897959187,0.8810204081632652,1102699357.0105884,164.15668869516887,9.986606851792418e-08,5.648118810771699e-07,3,2.0,1.6,0.0
0.8,356.12244897959187,0.8991836734693877,1097418310.2735364,341.61618667752066,0.7272186283093697,1.2655253821256548e-06,3,2.0,1.6,0.0
0.8,356.12244897959187,0.9173469387755101,1094532026.2877247,346.698634613311,0.7830551996344091,1.5436704684828056e-06,3,2.0,1.6,0.0
0.8,356.12244897959187,0.9355102040816325,1090292234.984945,327.0709638880529,0.8218603844960187,1.9998198352345086e-06,3,2.0,1.6,0.0
0.8,356.12244897959187,0.953673469387755,1071135881.2706031,421.5784288248248,0.9021063075927536,1.8720431918086976e-06,3,2.0,1.6,0.0
0.8,356.12244897959187,0.9718367346938775,1061722929.3533659,602.7230448732058,0.9583615638324801,1.8830988992459828e-06,3,2.0,1.6,0.0
0.8,356.12244897959187,0.99,1026587815.5788511,886.056475523153,0.9899101255309521,5.048527991185238e-05,2,2.0,1.6,0.0
0.8,365.30612244897964,0.1,1247049083.849251,859.3852689923611,1.4074118836856076e-05,3.252817291011258e-08,6,1.9996787626375738,1.6000794230989837,-4.788396877701139e-06
0.8,365.30612244897964,0.11816326530612245,1247049069.0289721,856.717251340728,1.244806492004909e-05,3.2225395246026545e-08,6,1.9996812102369992,1.6000786982266815,-4.74105678712672e-06
0.8,365.30612244897964,0.1363265306122449,1247049055.2748318,853.2986887351926,1.0059935423897915e-05,3.209131165390759e-08,6,1.999683323050662,1.6000780748148145,-4.698745478264341e-06
0.8,365.30612244897964,0.15448979591836737,1247049041.1865978,849.2624978575451,7.423891493707511e-06,3.20265915881626e-08,6,1.999685291308623,1.600077495579196,-4.658202951116932e-06
0.8,365.30612244897964,0.1726530612244898,1247049027.551511,844.5364988198912,4.969853485315331e-06,3.209555218745177e-08,6,1.9996870184893678,1.6000769892459799,-4.621075163744116e-06
0.8,365.30612244897964,0.19081632653061226,1247049015.0079381,839.0386144975579,2.987314840671229e-06,3.237334911990968e-08,6,1.9996884320660915,1.6000765773375079,-4.588582110649295e-06
0.8,365.30612244897964,0.2089795918367347,1246942157.429707,831.7339396649696,8.053747820491897e-05,3.3422399512529596e-08,6,1.9997789103651316,1.6000494461213093,-3.08009404846357e-06
0.8,365.30612244897964,0.22714285714285715,1246942134.854274,825.7592776405231,5.065132642355148e-05,3.3238433956878144e-08,6,1.999780771940743,1.600048899804213,-3.0414766465052054e-06
0.8,365.30612244897964,0.2453061224489796,1246942114.7179286,818.9323019046866,2.8572081049048878e-05,3.332386008244404e-08,6,1.9997822048247533,1.6000484817633895,-3.0096768986079693e-06
0.8,365.30612244897964,0.26346938775510204,1246942089.8876193,812.0534928846647,1.430291368045816e-05,3.2999434745429025e-08,6,1.9997837138649965,1.6000480403510704,-2.9762592416573277e-06
0.8,365.30612244897964,0.2816326530612245,1246830706.9997442,801.6272559386514,0.00023737976304547435,3.504133119422269e-08,6,1.999838770219617,1.600031534052806,-2.0739879776932896e-06
0.8,365.30612244897964,0.2997959183673469,1246830680.7749178,793.2208106039739,0.00012604540965095845,3.513262673307136e-08,6,1.9998398234299641,1.600031227873532,-2.049642537960979e-06
0.8,365.30612244897964,0.3179591836734694,1246830651.2837338,784.641856027883,5.8405962039650675e-05,3.4884165589750964e-08,6,1.9998408067092355,1.600030941749169,-2.0262148293708527e-06
0.8,365.30612244897964,0.33612244897959187,1246712905.890937,773.6038310176285,0.0007477763980613058,3.620405410888581e-08,6,1.9998767104249628,1.6000201785098924,-1.4481425582259909e-06
0.8,365.30612244897964,0.3542857142857143,1246712866.7106428,764.7431201251793,0.00037780836393730796,3.509205271566758e-08,6,1.9998775566281184,1.6000199315360277,-1.4284043180510468e-06
0.8,365.30612244897964,0.37244897959183676,1246712837.9007535,754.4283388664469,0.00016037348958727226,3.486499532366918e-08,6,1.999878061751139,1.600019785952305,-1.4139825113688203e-06
0.8,365.30612244897964,0.3906122448979592,1246589044.3562348,737.1630087861126,0.001811850787534332,4.15145994805505e-08,6,1.9999008983933253,1.6000129400973218,-1.0541122624151228e-06
0.8,365.30612244897964,0.40877551020408165,1246588979.1630325,728.2013495245625,0.0008779620388334999,3.850551013910914e-08,6,1.9999015507092055,1.6000127489252776,-1.038522294688993e-06
0.8,365.30612244897964,0.4269387755102041,1246588942.7518034,716.4470055975686,0.0003396409337506128,3.801498306908524e-08,6,1.9999018427535127,1.6000126655165627,-1.0285010196918887e-06
0.8,365.30612244897964,0.44510204081632654,1246460144.483335,697.1253183794538,0.003933822938904371,4.657366212911616e-08,6,1.999917025081941,1.6000081151320045,-7.948021054552655e-07
0.8,365.30612244897964,0.463265306122449,1246460063.0104368,686.9818123695206,0.0018130420000176898,4.2348018609215175e-08,6,1.99991737999136,1.600008013702309,-7.847888211506773e-07
0.8,365.30612244897964,0.48142857142857143,1246069190.9740202,736.2378294772008,0.26401820170694856,4.351537480486542e-08,6,1.999938689351053,1.6000015980276796,-4.707793039385126e-07
0.8,365.30612244897964,0.4995918367346939,1246069164.149996,711.9088283020448,0.24522542284315588,4.367017612560618e-08,6,1.9999386974009479,1.600001612896331,-4.6812562431508536e-07
0.8,365.30612244897964,0.5177551020408163,1246069154.8975995,685.1591238380423,0.2189039711708783,4.415922070115442e-08,6,1.9999387000275777,1.6000016325815887,-4.6540068365919996e-07
0.8,365.30612244897964,0.5359183673469388,1246069156.1861832,657.2344548803164,0.18523164551175617,4.4823388274064176e-08,6,1.9999386996671347,1.6000016577991183,-4.6250745582959075e-07
0.8,365.30612244897964,0.5540816326530612,1246069164.1322725,629.5694644484043,0.14651709754619693,4.611330453058617e-08,6,1.999938697406036,1.6000016890727615,-4.594213051896062e-07
0.8,365.30612244897964,0.5722448979591837,1246069171.4897182,603.3582193892563,0.10699020558690389,4.8371436445142036e-08,6,1.9999386952562603,1.6000017255047116,-4.561987493926523e-07
0.8,365.30612244897964,0.5904081632653061,1246069171.606202,578.8523167860731,0.06914569183101961,5.140553224205323e-08,6,1.9999386952219542,1.6000017694002184,-4.526798200053643e-07
0.8,365.30612244897964,0.6085714285714285,1246069156.271112,556.3371260031307,0.0374274189401642,5.430617390506634e-08,6,1.9999386996433786,1.6000018229163613,-4.4867704140444736e-07
0.8,365.30612244897964,0.626734693877551,1246069128.3648157,535.2955845632587,0.015431551670747272,5.6823041863737855e-08,6,1.9999387070135417,1.600001888674446,-4.4401175742367136e-07
0.8,365.30612244897964,0.6448979591836734,1246069096.4898283,514.6879499822884,0.004096516309192559,5.975167140419153e-08,6,1.9999387141086893,1.600001967352635,-4.385682898337078e-07
0.8,365.30612244897964,0.6630612244897959,1246069066.505905,493.63784090149846,0.0005276905273768724,6.4172987692423e-08,6,1.999938719316654,1.6000020553251282,-4.3258191958258465e-07
0.8,365.30612244897964,0.6812244897959183,1246069040.1752846,471.7461803571857,2.03106644818225e-05,7.077024174326786e-08,6,1.999938722729807,1.6000021468171635,-4.269917271550887e-07
0.8,365.30612244897964,0.6993877551020408,1245958423.0571883,449.398979035899,0.00010766359694593835,7.734401251494627e-08,6,1.999940773580705,1.6000016266243486,-3.979956450939954e-07
0.8,365.30612244897964,0.7175510204081632,1245853759.9541934,426.3363189120696,1.8260039569337127e-05,8.533898230204691e-08,5,1.9999420712668088,1.6000013421221224,-3.8013476704341963e-07
0.8,365.30612244897964,0.7357142857142857,1245853700.3505418,403.687401786761,9.880730663215873e-08,9.004932753516353e-08,5,1.9999420744902157,1.6000014628453034,-3.7791693776072266e-07
0.8,365.30612244897964,0.7538775510204081,1245853656.4184318,379.54554489068835,9.885409302252472e-08,1.0097552805789172e-07,5,1.9999420762810156,1.6000016059162427,-3.761259344014988e-07
0.8,365.30612244897964,0.7720408163265305,1245853618.1859715,354.3790390097988,9.939131621603185e-08,1.1769944831163448e-07,5,1.9999420774615615,1.6000017770637978,-3.74859610848947e-07
0.8,365.30612244897964,0.790204081632653,1245853575.9702137,324.2218974902124,9.790450797050911e-08,1.4613091540454424e-07,5,1.9999420784381936,1.6000019841697317,-3.741023053154271e-07
0.8,365.30612244897964,0.8083673469387754,1245816038.5592446,273.1541174152557,9.987769818761604e-08,2.624956579178832e-07,5,1.9999426104353653,1.6000021457871545,-3.6836714982791403e-07
0.8,365.30612244897964,0.8265306122448979,1245592073.3286572,239.92649195614615,9.925373515320636e-08,3.205739381287489e-07,5,1.9999450229641818,1.6000021021032265,-3.447221264660814e-07
0.8,365.30612244897964,0.8446938775510203,1104569325.0893116,223.0456244286828,9.527577351193314e-08,3.5829262412255927e-07,3,2.0,1.6,0.0
0.8,365.30612244897964,0.8628571428571428,1103806730.4510603,194.81876497562075,9.998812775853346e-08,4.389849751750247e-07,3,2.0,1.6,0.0
0.8,365.30612244897964,0.8810204081632652,1102926391.5195878,169.65348764222804,9.430286002728419e-08,5.399802889662223e-07,3,2.0,1.6,0.0
0.8,365.30612244897964,0.8991836734693877,1097747467.3391774,345.89388232624515,0.7231067600012901,1.2255548864942278e-06,3,2.0,1.6,0.0
0.8,365.30612244897964,0.9173469387755101,1094919115.2956243,352.1547637920625,0.7807427961410771,1.501583307717629e-06,3,2.0,1.6,0.0
0.8,365.30612244897964,0.9355102040816325,1090753610.3467872,337.60381556560765,0.8229768803165748,1.916197508007443e-06,3,2.0,1.6,0.0
0.8,365.30612244897964,0.953673469387755,1071594944.3077565,424.63813120687325,0.9002693669451529,1.8463747013003306e-06,3,2.0,1.6,0.0
0.8,365.30612244897964,0.9718367346938775,1062193186.799552,604.414707693074,0.9574241308776025,1.8550782029528318e-06,3,2.0,1.6,0.0
0.8,365.30612244897964,0.99,1028342980.5320624,912.7152022034037,0.9899523997429963,4.8502343424654157e-05,2,2.0,1.6,0.0
0.8,374.48979591836735,0.1,1247152045.878473,881.9205267229569,2.2161030898844954e-06,3.039422432132759e-08,6,1.9995200226695615,1.6001269405718448,-7.523274212558138e-06
0.8,374.48979591836735,0.11816326530612245,1247152036.1773288,878.7474206058524,1.8276463855271195e-06,3.040535794129389e-08,6,1.999522777473842,1.600126150022954,-7.4668262670248095e-06
0.8,374.48979591836735,0.1363265306122449,1247152027.4788585,874.7736261396054,1.3575736011926962e-06,3.060758534364176e-08,6,1.9995250348068612,1.600125500355513,-7.418012101043158e-06
0.8,374.48979591836735,0.15448979591836737,1247152019.1840012,870.0578601656213,9.053689120773417e-07,3.096135651475802e-08,6,1.9995269721667317,1.600124943049837,-7.373652207928707e-06
0.8,374.48979591836735,0.1726530612244898,1247152008.6574101,864.8897821363231,5.391437287306872e-07,3.128437583638245e-08,6,1.9995291617336879,1.600124307767486,-7.323893849812491e-06
0.8,374.48979591836735,0.19081632653061226,1247049075.9306035,857.8709203190587,2.30712126171787e-05,3.238275357785666e-08,6,1.9996800885173214,1.6000790501822644,-4.76375806472387e-06
0.8,374.48979591836735,0.2089795918367347,1247049052.533103,852.4832827276905,1.4281037837915546e-05,3.208495974861373e-08,6,1.9996837219756005,1.6000779790268567,-4.691498945660389e-06
0.8,374.48979591836735,0.22714285714285715,1247049031.929317,846.1980087103765,7.884425539337018e-06,3.204969673508211e-08,6,1.999686485187582,1.6000771680777384,-4.633644880766955e-06
0.8,374.48979591836735,0.2453061224489796,1247049014.771523,838.9128602888126,3.810952053969736e-06,3.2384619435535596e-08,6,1.9996884569207058,1.6000765939760144,-4.5887039578895985e-06
0.8,374.48979591836735,0.26346938775510204,1246942150.866032,829.9260609336167,8.716990868511502e-05,3.339149559610926e-08,6,1.9997794763595556,1.600049304055796,-3.06900650339949e-06
0.8,374.48979591836735,0.2816326530612245,1246942123.574512,822.1555474785516,4.497108973514957e-05,3.3245123388359935e-08,6,1.999781601571988,1.6000486810321306,-3.0239372965376175e-06
0.8,374.48979591836735,0.2997959183673469,1246942095.7476664,813.8941987200009,2.011601312505699e-05,3.305048319511846e-08,6,1.9997833776647584,1.600048161581669,-2.9844657384440905e-06
0.8,374.48979591836735,0.3179591836734694,1246830709.1635585,802.2586658608386,0.000283071116137086,3.504665584595341e-08,6,1.9998386743584535,1.600031584257669,-2.0765169707767422e-06
0.8,374.48979591836735,0.33612244897959187,1246830679.0113614,792.5532186840471,0.00013409631075022817,3.515154281210835e-08,6,1.9998398874173768,1.6000312295785486,-2.0484273541168474e-06
0.8,374.48979591836735,0.3542857142857143,1246830644.2771556,782.864942952487,5.3853268754291615e-05,3.473910883746853e-08,6,1.9998410143054677,1.6000308984128118,-2.0216030672211756e-06
0.8,374.48979591836735,0.37244897959183676,1246712890.7377243,770.8988273137003,0.0006630776348588263,3.5662491952080583e-08,6,1.9998770562091757,1.6000200914597593,-1.4408971769735352e-06
0.8,374.48979591836735,0.3906122448979592,1246712853.1048589,760.3189891747505,0.0002863500402361591,3.491509206909757e-08,6,1.999877809072819,1.6000198700548733,-1.4219200171219848e-06
0.8,374.48979591836735,0.40877551020408165,1246712824.104529,748.4214485647236,9.917702245037979e-05,3.4916651618027815e-08,6,1.9998782640753472,1.6000197370076459,-1.407549279745583e-06
0.8,374.48979591836735,0.4269387755102041,1246588996.2707536,732.0441274086778,0.0012509518059569608,3.9032200089719496e-08,6,1.9999013918413064,1.6000128013875803,-1.0432983564963744e-06
0.8,374.48979591836735,0.44510204081632654,1246588951.7854679,719.87742360306,0.00048050924565109273,3.804519126523368e-08,6,1.9999017767895413,1.6000126882487373,-1.0314099513983776e-06
0.8,374.48979591836735,0.463265306122449,1246588919.9581308,706.1167222985749,0.00013868418890047618,3.826942290486455e-08,6,1.9999019884945102,1.600012627244205,-1.0220817922384526e-06
0.8,374.48979591836735,0.48142857142857143,1246069207.5606518,767.6444800819952,0.29185609825035025,4.348603212176089e-08,6,1.9999386841306142,1.6000015788317261,-4.7388734127729366e-07
0.8,374.48979591836735,0.4995918367346939,1246069163.273706,743.6931784355837,0.2777437209963016,4.337859817823919e-08,6,1.9999386976525226,1.6000015903481295,-4.7112007932108533e-07
0.8,374.48979591836735,0.5177551020408163,1246069146.7404003,716.0273602964004,0.25560568910215925,4.396242213220856e-08,6,1.999938702268058,1.6000016069978495,-4.6836722334984863e-07
0.8,374.48979591836735,0.5359183673469388,1246069141.8225677,686.280764701042,0.22545269582997443,4.442067515192481e-08,6,1.9999387035797151,1.6000016282527203,-4.6549999836727595e-07
0.8,374.48979591836735,0.5540816326530612,1246069145.7936351,655.8022412580686,0.18766175723723372,4.493130783014076e-08,6,1.9999387025221231,1.600001655359465,-4.624473072188e-07
0.8,374.48979591836735,0.5722448979591837,1246069152.6881952,626.5761425463911,0.14676858943751772,4.607610719572364e-08,6,1.9999387006417386,1.600001686965344,-4.593070593625795e-07
0.8,374.48979591836735,0.5904081632653061,1246069160.7591298,598.8484992603521,0.10397726218291392,4.8326599114631954e-08,6,1.9999386983744343,1.6000017253670746,-4.5598384650481074e-07
0.8,374.48979591836735,0.6085714285714285,1246069161.4131293,573.1351884866073,0.06352596951877107,5.159924899653733e-08,6,1.9999386981866771,1.6000017731562686,-4.523029794300584e-07
0.8,374.48979591836735,0.626734693877551,1246069145.1566987,549.6977431418279,0.03119601479026088,5.481711385104389e-08,6,1.9999387026930457,1.600001833144483,-4.48019098714089e-07
0.8,374.48979591836735,0.6448979591836734,1246069115.9095917,527.7878161823561,0.010859198760111823,5.770569921436629e-08,6,1.9999387099685018,1.6000019081416625,-4.428864446465076e-07
0.8,374.48979591836735,0.6630612244897959,1246069083.6380436,506.1347131258348,0.002133899274079866,6.132767815701074e-08,6,1.9999387165185973,1.6000019973262467,-4.3679839873989927e-07
0.8,374.48979591836735,0.6812244897959183,1246069054.1519828,483.8515475231217,0.00016011025334892548,6.686645074459289e-08,6,1.9999387210464583,1.6000020941010533,-4.3030366035519117e-07
0.8,374.48979591836735,0.6993877551020408,1245958478.353773,458.8250620649084,0.0006089839486957156,8.173280246969167e-08,6,1.9999407687106525,1.6000015785871853,-3.999534931217809e-07
0.8,374.48979591836735,0.7175510204081632,1245853803.5464091,436.0009901439128,0.00015514066771051156,8.68507669926708e-08,5,1.9999420684173632,1.6000012919173092,-3.813323208732382e-07
0.8,374.48979591836735,0.7357142857142857,1245853723.1298385,413.73847086617445,7.54289849443863e-07,8.710265996511756e-08,5,1.999942073363526,1.6000014080539304,-3.7882959229040007e-07
0.8,374.48979591836735,0.7538775510204081,1245853672.8734832,389.28190764653976,9.83357609806122e-08,9.597235274850875e-08,5,1.9999420756682247,1.6000015460275516,-3.7678138362278897e-07
0.8,374.48979591836735,0.7720408163265305,1245853631.7121964,363.6235421619687,9.891122839038236e-08,1.1089334481881035e-07,5,1.9999420770801946,1.6000017112179628,-3.7525241810405743e-07
0.8,374.48979591836735,0.790204081632653,1245853592.1223662,335.8929677021868,9.879169218695248e-08,1.3388709525413102e-07,5,1.9999420780989619,1.6000019113741324,-3.7433565250800156e-07
0.8,374.48979591836735,0.8083673469387754,1245827617.6063404,285.71008479686856,9.984306785246964e-08,2.444150325921096e-07,5,1.99994245677917,1.6000020888004167,-3.697495930468827e-07
0.8,374.48979591836735,0.8265306122448979,1245706716.156938,253.75757117855687,9.974774421414063e-08,2.9528281729227654e-07,5,1.999943844368647,1.6000021237966329,-3.5606088185681024e-07
0.8,374.48979591836735,0.8446938775510203,1104728765.1965694,229.87217704877065,9.758761619328054e-08,3.434433215445209e-07,3,2.0,1.6,0.0
0.8,374.48979591836735,0.8628571428571428,1103988279.0320342,200.93297003335536,9.971132655665685e-08,4.185103015719851e-07,3,2.0,1.6,0.0
0.8,374.48979591836735,0.8810204081632652,1103089967.0261729,173.8396976919465,9.705443733933806e-08,5.185809028522012e-07,3,2.0,1.6,0.0
0.8,374.48979591836735,0.8991836734693877,1098058481.13328,350.19562546384566,0.7190773214070515,1.1864470182584048e-06,3,2.0,1.6,0.0
0.8,374.48979591836735,0.9173469387755101,1095285858.8542795,357.6187905504041,0.778494015925273,1.460623611978412e-06,3,2.0,1.6,0.0
0.8,374.48979591836735,0.9355102040816325,1091195312.2279038,347.0693231742212,0.8234702684976736,1.8446952491597145e-06,3,2.0,1.6,0.0
0.8,374.48979591836735,0.953673469387755,1072050836.5226912,426.82107234185327,0.8982730959560548,1.827160794732674e-06,3,2.0,1.6,0.0
0.8,374.48979591836735,0.9718367346938775,1062667456.6056376,604.2314900010617,0.9563375504600622,1.8344385821075085e-06,3,2.0,1.6,0.0
0.8,374.48979591836735,0.99,1029982560.0578506,938.433490811604,0.9899822245043385,4.662633470245264e-05,2,2.0,1.6,0.0
0.8,383.6734693877551,0.1,1247251839.893455,904.3063759110247,2.0151809820910552e-07,2.8553654247674112e-08,6,1.9992378774149007,1.6002098197562744,-1.2484505484130642e-05
0.8,383.6734693877551,0.11816326530612245,1247251833.5421972,900.7739917585862,1.5219519163113634e-07,2.8740897310058977e-08,6,1.9992410177718083,1.6002094799006514,-1.2403397817994187e-05
0.8,383.6734693877551,0.1363265306122449,1247251827.721721,896.4726079363617,1.0167228317751201e-07,2.9089080215643695e-08,6,1.9992436293355744,1.600209191288423,-1.233191576280276e-05
0.8,383.6734693877551,0.15448979591836737,1247251820.9558067,891.5657028770398,9.966914220255899e-08,2.948049433658794e-08,6,1.9992463108648808,1.600208733298251,-1.2260533310637354e-05
0.8,383.6734693877551,0.1726530612244898,1247152059.2036579,884.7465113349664,5.436030795179785e-06,3.061984420025699e-08,6,1.9995159205036837,1.6001280587786846,-7.606760135669278e-06
0.8,383.6734693877551,0.19081632653061226,1247152038.5829542,879.7392701994506,3.3137423179784554e-06,3.0365237447549876e-08,6,1.9995221149294138,1.6001263033650748,-7.483270736106563e-06
0.8,383.6734693877551,0.2089795918367347,1247152025.0701268,873.2891537089904,1.781909095646763e-06,3.072684231670955e-08,6,1.9995256185927945,1.60012530931075,-7.406570536308998e-06
0.8,383.6734693877551,0.22714285714285715,1247152010.7920992,866.2137720362964,8.371560322601665e-07,3.1168219508869944e-08,6,1.9995287398774002,1.6001244157763255,-7.335839114194946e-06
0.8,383.6734693877551,0.2453061224489796,1247049072.2985666,857.4614496009436,2.827824395165944e-05,3.226429585470247e-08,6,1.9996806837399346,1.6000788680919573,-4.753988786445747e-06
0.8,383.6734693877551,0.26346938775510204,1247049045.5091321,850.0834160352163,1.4174943273256869e-05,3.2133580042868046e-08,6,1.9996847105933442,1.6000776894640754,-4.671846731956897e-06
0.8,383.6734693877551,0.2816326530612245,1247049020.7923381,841.9084233264534,6.121846899904658e-06,3.218092056277927e-08,6,1.9996878034179648,1.600076787623965,-4.605379719121438e-06
0.8,383.6734693877551,0.2997959183673469,1246942156.216691,831.371539007374,0.00011325931144650762,3.342350337658578e-08,6,1.9997790161663738,1.6000494449956713,-3.0794318498221987e-06
0.8,383.6734693877551,0.3179591836734694,1246942124.3468595,822.3451796784315,5.201657093621343e-05,3.325685146635961e-08,6,1.9997815467768933,1.6000487046394416,-3.025861443567849e-06
0.8,383.6734693877551,0.33612244897959187,1246942091.9088578,812.8797329059504,2.0123714358396604e-05,3.29768193290393e-08,6,1.999783599333957,1.6000481057879339,-2.9801760004767034e-06
0.8,383.6734693877551,0.3542857142857143,1246830701.0369408,799.8599811257815,0.000261508879281551,3.504268184188188e-08,6,1.999839026908976,1.6000314904859705,-2.0691993494404996e-06
0.8,383.6734693877551,0.37244897959183676,1246830665.9159088,788.9689398132783,0.00010611855655992224,3.501676179804853e-08,6,1.9998403421426005,1.6000311070332678,-2.0382972858253843e-06
0.8,383.6734693877551,0.3906122448979592,1246712919.6058748,775.3559293014249,0.001024204090798535,3.682319430662338e-08,6,1.9998763825519517,1.600020303849944,-1.4556041733778716e-06
0.8,383.6734693877551,0.40877551020408165,1246712867.2739158,764.9640628899017,0.000447066398298683,3.50946001311821e-08,6,1.9998775457519375,1.6000199597661973,-1.4293351671098701e-06
0.8,383.6734693877551,0.4269387755102041,1246712833.1381047,752.4529632782137,0.0001538311430947084,3.486747988704195e-08,6,1.9998781344853016,1.6000197844683726,-1.4122653327472699e-06
0.8,383.6734693877551,0.44510204081632654,1246589011.573116,734.635827252732,0.0016132062849959592,3.9653590757561374e-08,6,1.9999012407512056,1.6000128530648063,-1.047387262967871e-06
0.8,383.6734693877551,0.463265306122449,1246588958.1151695,722.0930225770124,0.000606155491761954,3.81006460220228e-08,6,1.9999017279113838,1.6000127070532477,-1.033475410268621e-06
0.8,383.6734693877551,0.48142857142857143,1246196403.0050318,738.1348846837376,0.17565203604543433,4.0617394046189036e-08,6,1.99993442420484,1.6000028831323332,-5.389620350861304e-07
0.8,383.6734693877551,0.4995918367346939,1246069170.0646079,776.1747610949731,0.30617277943771287,4.3101593376341745e-08,6,1.9999386956759742,1.6000015712608864,-4.7406940973871007e-07
0.8,383.6734693877551,0.5177551020408163,1246069144.581432,748.2769211910731,0.28852099929960506,4.3891059011527054e-08,6,1.999938702847419,1.6000015853329284,-4.7124817018932014e-07
0.8,383.6734693877551,0.5359183673469388,1246069133.4990294,717.2826809325502,0.2626939807623559,4.453922251072971e-08,6,1.9999387057315097,1.6000016034155156,-4.6836748181643587e-07
0.8,383.6734693877551,0.5540816326530612,1246069132.0804589,684.4679473273276,0.22805825980707065,4.483299174484714e-08,6,1.9999387060900828,1.6000016264923262,-4.653413705665585e-07
0.8,383.6734693877551,0.5722448979591837,1246069135.8699503,652.1417080909581,0.18781691238431253,4.5238372256163215e-08,6,1.9999387051277617,1.600001654013617,-4.622184389017152e-07
0.8,383.6734693877551,0.5904081632653061,1246069143.4181914,621.21788237601,0.14355235681693204,4.630435764848687e-08,6,1.9999387031577103,1.6000016867559337,-4.5900657401941494e-07
0.8,383.6734693877551,0.6085714285714285,1246069152.493089,592.1098232181084,0.09718859444642912,4.8685200705852764e-08,6,1.9999387006955838,1.6000017279896672,-4.555674270582951e-07
0.8,383.6734693877551,0.626734693877551,1246069152.1439943,565.4683751856949,0.05481476301508717,5.225149045646858e-08,6,1.9999387007919267,1.6000017811196154,-4.5167409162581927e-07
0.8,383.6734693877551,0.6448979591836734,1246069132.9328058,541.3602094722368,0.023455691239411974,5.571964238527877e-08,6,1.9999387058746345,1.600001849863423,-4.469990135467026e-07
0.8,383.6734693877551,0.6630612244897959,1246069101.6833484,518.6450382792456,0.0063967215373736475,5.903711606311601e-08,6,1.999938713059205,1.6000019366587912,-4.412199569384652e-07
0.8,383.6734693877551,0.6812244897959183,1246069069.3802865,495.8701320768669,0.0008086159060720512,6.361769770529761e-08,6,1.9999387188801756,1.600002037439329,-4.34354421591852e-07
0.8,383.6734693877551,0.6993877551020408,1246069040.7561815,472.27267838468765,2.6972576220308012e-05,7.058997157151334e-08,6,1.9999387226651515,1.6000021419375252,-4.275751226966481e-07
0.8,383.6734693877551,0.7175510204081632,1245853908.0874207,443.07285407526905,0.000779472325903421,9.956270613224244e-08,5,1.9999420607110652,1.600001245501964,-3.827833397281991e-07
0.8,383.6734693877551,0.7357142857142857,1245853750.5860703,423.54618528529306,1.2025458620184566e-05,8.548131731808355e-08,5,1.9999420718305654,1.6000013565411817,-3.798282242958783e-07
0.8,383.6734693877551,0.7538775510204081,1245853690.757338,398.93599206433896,9.765384712952278e-08,9.179909515331914e-08,5,1.9999420749238688,1.6000014896237107,-3.775203783246219e-07
0.8,383.6734693877551,0.7720408163265305,1245853645.7223487,372.8276366742766,9.823458352141342e-08,1.0489517472881074e-07,5,1.9999420766441107,1.6000016491628084,-3.757271039259829e-07
0.8,383.6734693877551,0.790204081632653,1245853605.7896285,345.670457449464,9.79658332614518e-08,1.2486820905837613e-07,5,1.9999420777797132,1.6000018426358749,-3.7456849387116077e-07
0.8,383.6734693877551,0.8083673469387754,1245853548.1116488,304.21834112678573,9.999596556207205e-08,1.7149920842879056e-07,5,1.9999420789415965,1.60000208541287,-3.738815521695665e-07
0.8,383.6734693877551,0.8265306122448979,1245806428.9911733,262.46245287757733,9.830838394006192e-08,2.7916823708037034e-07,5,1.9999427259427252,1.6000022690614828,-3.6721398913425243e-07
0.8,383.6734693877551,0.8446938775510203,1104889820.6482174,237.17689672791005,9.9810266223364e-08,3.2764310798167967e-07,3,2.0,1.6,0.0
0.8,383.6734693877551,0.8628571428571428,1104114895.435845,205.37977091194227,9.266921280886151e-08,4.046282516675819e-07,3,2.0,1.6,0.0
0.8,383.6734693877551,0.8810204081632652,1103202875.270141,176.8603525130191,9.49080382624235e-08,5.068944209973469e-07,3,2.0,1.6,0.0
0.8,383.6734693877551,0.8991836734693877,1098360536.1802068,353.8620289564464,0.7145284982512033,1.149598102217721e-06,3,2.0,1.6,0.0
0.8,383.6734693877551,0.9173469387755101,1095635294.6972115,362.9935664418717,0.7762429831373978,1.4212370543476056e-06,3,2.0,1.6,0.0
0.8,383.6734693877551,0.9355102040816325,1091625190.594953,355.27090452435704,0.8232910695888385,1.7848012543473817e-06,3,2.0,1.6,0.0
0.8,383.6734693877551,0.953673469387755,1072518473.7726744,427.359432586171,0.89588197365971,1.8173969895196684e-06,3,2.0,1.6,0.0
0.8,383.6734693877551,0.9718367346938775,1063123708.9727181,604.8290197789663,0.9553256670235205,1.8132295912163122e-06,3,2.0,1.6,0.0
0.8,383.6734693877551,0.99,1031464173.394646,963.4365198378109,0.9900030249087344,4.486690960582857e-05,2,2.0,1.6,0.0
0.8,392.8571428571429,0.1,1247348826.1233187,925.5101890653971,9.961068792024645e-08,2.7518913836921047e-08,6,1.9986385684429313,1.6003817693208324,-2.3276111054294848e-05
0.8,392.8571428571429,0.11816326530612245,1247348821.9659216,921.698554599943,9.962502313200974e-08,2.782912863523664e-08,6,1.9986420917273713,1.600382152136184,-2.3158306407112706e-05
0.8,392.8571428571429,0.1363265306122449,1247348817.56936,917.1945129760572,9.967024387778388e-08,2.8230992382572447e-08,6,1.9986454106068936,1.6003828193791152,-2.3035725815316092e-05
0.8,392.8571428571429,0.15448979591836737,1247251855.6961246,912.7217740780865,8.557728899941256e-07,2.8133648579197185e-08,6,1.99922875250843,1.6002108304310023,-1.2716168919735819e-05
0.8,392.8571428571429,0.1726530612244898,1247251845.3111537,907.3548273347214,5.0809603647898e-07,2.8380463108417417e-08,6,1.999234972874509,1.6002100656353568,-1.2562304190874725e-05
0.8,392.8571428571429,0.19081632653061226,1247251834.2236216,901.3525653507323,2.655589924409357e-07,2.8692871237584354e-08,6,1.9992406946058898,1.6002094442951325,-1.241575949278607e-05
0.8,392.8571428571429,0.2089795918367347,1247251825.2368624,894.3892489583553,1.1981881370785162e-07,2.9276323374063008e-08,6,1.9992446549256415,1.6002090004768468,-1.2306032014103964e-05
0.8,392.8571428571429,0.22714285714285715,1247251813.1510105,887.0494307239869,9.967671310463398e-08,2.9764317850527338e-08,6,1.9992490794559836,1.600208040617809,-1.219482657808808e-05
0.8,392.8571428571429,0.2453061224489796,1247152035.959263,878.6323232383594,3.7973083476289825e-06,3.041203892947692e-08,6,1.9995228363255217,1.6001260609975525,-7.4701760488012385e-06
0.8,392.8571428571429,0.26346938775510204,1247152019.2893152,870.1306676725184,1.5757664693045954e-06,3.09558428059153e-08,6,1.9995269489073113,1.6001249035359593,-7.378046940494083e-06
0.8,392.8571428571429,0.2816326530612245,1247049084.1248262,859.4615764654866,4.068039313158259e-05,3.253059567324026e-08,6,1.9996787158947353,1.6000794288649973,-4.793638611146161e-06
0.8,392.8571428571429,0.2997959183673469,1247049048.1919937,851.2452057357725,1.816728110200866e-05,3.2065695957129796e-08,6,1.9996843398427893,1.600077785724767,-4.6813886850684124e-06
0.8,392.8571428571429,0.3179591836734694,1247049020.346041,841.6594174733895,6.760626816031742e-06,3.2200151844224565e-08,6,1.9996878534581248,1.6000767661562838,-4.605303611318713e-06
0.8,392.8571428571429,0.33612244897959187,1246942150.579789,829.8757364906656,0.00011165551347725117,3.338570255934954e-08,6,1.999779500459819,1.6000493014669572,-3.070337837337909e-06
0.8,392.8571428571429,0.3542857142857143,1246942116.4931777,819.3481987048315,4.3787289951533865e-05,3.335136548656024e-08,6,1.9997820873839733,1.6000485473947692,-3.0142268369587445e-06
0.8,392.8571428571429,0.37244897959183676,1246830724.4827633,805.7078393791385,0.0004426010626855978,3.5278856158191617e-08,6,1.9998379627423193,1.6000318033797059,-2.0927829349088285e-06
0.8,392.8571428571429,0.3906122448979592,1246830683.2911704,794.1954313955296,0.00018045137191755145,3.509198091842768e-08,6,1.9998397306050095,1.6000312890351382,-2.0533712114026028e-06
0.8,392.8571428571429,0.40877551020408165,1246830641.026963,782.4260569333346,5.889631924413629e-05,3.457867033561156e-08,6,1.9998411084287542,1.600030886344063,-2.0204320058436136e-06
0.8,392.8571428571429,0.4269387755102041,1246712879.6131744,768.3831929617775,0.0006218739458866972,3.5349122273092277e-08,6,1.9998772960289157,1.6000200388190944,-1.4359766817198962e-06
0.8,392.8571428571429,0.44510204081632654,1246712839.8419967,755.2711777457006,0.00020929143093265668,3.485801907947385e-08,6,1.999878031293985,1.6000198236549716,-1.4158556750962474e-06
0.8,392.8571428571429,0.463265306122449,1246589023.0876784,736.0747183274353,0.0019032925696825626,4.020927358266925e-08,6,1.9999011227221746,1.600012895752158,-1.0503737273924266e-06
0.8,392.8571428571429,0.48142857142857143,1246196382.6144311,767.7244521059306,0.20978014795400218,3.9093964280520386e-08,6,1.9999344429461117,1.6000028711123717,-5.421142201577743e-07
0.8,392.8571428571429,0.4995918367346939,1246069187.618303,808.7061344503746,0.33051122991026083,4.285795978878033e-08,6,1.999938690388946,1.6000015554324092,-4.770139069667637e-07
0.8,392.8571428571429,0.5177551020408163,1246069147.9348154,781.4141147998226,0.3174683003313949,4.3691154104100786e-08,6,1.999938701944332,1.6000015668720895,-4.7407275626974696e-07
0.8,392.8571428571429,0.5359183673469388,1246069130.1870208,749.842076455288,0.29625780417621417,4.470250539713237e-08,6,1.999938706562355,1.6000015824257614,-4.711416332521071e-07
0.8,392.8571428571429,0.5540816326530612,1246069123.1140156,715.3838481766171,0.2660795952773052,4.5229681084616913e-08,6,1.9999387082867417,1.6000016020256802,-4.6811824896663155e-07
0.8,392.8571428571429,0.5722448979591837,1246069123.2367842,680.0644150891441,0.2278909754812224,4.537955014789138e-08,6,1.9999387082576208,1.600001626152077,-4.649801035791161e-07
0.8,392.8571428571429,0.5904081632653061,1246069127.229302,645.9857201936704,0.1847923503774028,4.569661667263913e-08,6,1.999938707291702,1.6000016539392055,-4.6181546016421617e-07
0.8,392.8571428571429,0.6085714285714285,1246069136.3550878,613.4220793336568,0.13628877728812994,4.6751400480850276e-08,6,1.999938705003241,1.6000016884930355,-4.585257982434662e-07
0.8,392.8571428571429,0.626734693877551,1246069146.08012,583.2033527196096,0.08639760909611478,4.942212852688416e-08,6,1.9999387024452446,1.6000017338067876,-4.5494264372470024e-07
0.8,392.8571428571429,0.6448979591836734,1246069142.641553,555.981290403709,0.0434837715877548,5.3332548143331355e-08,6,1.9999387033631129,1.6000017945446532,-4.5075122035965375e-07
0.8,392.8571428571429,0.6630612244897959,1246069118.8243823,531.4046581146426,0.015262842567387537,5.7008699817652e-08,6,1.999938709296838,1.600001875292333,-4.45508886643066e-07
0.8,392.8571428571429,0.6812244897959183,1246069085.7432628,507.83444198685885,0.0029049143930482595,6.096844555303859e-08,6,1.9999387161421454,1.6000019764637134,-4.388409588361796e-07
0.8,392.8571428571429,0.6993877551020408,1246069054.0856783,483.811382273368,0.00018927303130876635,6.687819395436971e-08,6,1.999938721055104,1.6000020883133388,-4.3119433120549133e-07
0.8,392.8571428571429,0.7175510204081632,1245958466.4147553,457.50640366995776,0.0005902925865542643,8.044196113172031e-08,6,1.9999407698085219,1.6000015848228488,-3.998347579599481e-07
0.8,392.8571428571429,0.7357142857142857,1245853786.856488,432.919242869408,0.00010536007556215212,8.588687862155009e-08,5,1.9999420695481083,1.6000013080724294,-3.809310025022726e-07
0.8,392.8571428571429,0.7538775510204081,1245853710.7036865,408.47380557802734,1.8052516158386686e-07,8.851413255064952e-08,5,1.9999420739949685,1.600001436447889,-3.7833867553986253e-07
0.8,392.8571428571429,0.7720408163265305,1245853660.420892,381.9845634855181,9.857589014972557e-08,9.964937190414097e-08,5,1.9999420761381244,1.6000015906098417,-3.762817765572204e-07
0.8,392.8571428571429,0.790204081632653,1245853618.0633934,354.29387558412355,9.914428353046729e-08,1.1776522834464298e-07,5,1.9999420774648455,1.60000177768901,-3.7485641451724165e-07
0.8,392.8571428571429,0.8083673469387754,1245853570.955058,320.59646251695665,9.720997066374529e-08,1.5029267842331314e-07,5,1.9999420785359463,1.6000020082410351,-3.740959970480598e-07
0.8,392.8571428571429,0.8265306122448979,1245811882.7937443,268.3432900624261,9.885245543676657e-08,2.738100676066863e-07,5,1.9999426616297502,1.6000021962122222,-3.678595178007627e-07
0.8,392.8571428571429,0.8446938775510203,1105049194.5842166,244.63619873129764,9.972143461861911e-08,3.113977036621941e-07,3,2.0,1.6,0.0
0.8,392.8571428571429,0.8628571428571428,1104278013.9931278,211.40857728788563,9.955567639117528e-08,3.883633169778215e-07,3,2.0,1.6,0.0
0.8,392.8571428571429,0.8810204081632652,1103408622.4599173,182.5951888045894,8.965245277405211e-08,4.826163876572051e-07,3,2.0,1.6,0.0
0.8,392.8571428571429,0.8991836734693877,1098649264.1071231,357.2853739466092,0.7098002991869254,1.1138412925141809e-06,3,2.0,1.6,0.0
0.8,392.8571428571429,0.9173469387755101,1095969240.878432,368.22311995939344,0.7739523174928782,1.3835799871146397e-06,3,2.0,1.6,0.0
0.8,392.8571428571429,0.9355102040816325,1092032511.5110881,363.01229947799015,0.822889947862298,1.7302773026053402e-06,3,2.0,1.6,0.0
0.8,392.8571428571429,0.953673469387755,1072997551.2688987,426.701921235297,0.893194319180838,1.8142694425172932e-06,3,2.0,1.6,0.0
0.8,392.8571428571429,0.9718367346938775,1063562965.8431396,606.0929243310023,0.954366835700091,1.7909711326497346e-06,3,2.0,1.6,0.0
0.8,392.8571428571429,0.99,1032781142.6309539,987.89627078696,0.9900172724252909,4.319973575627282e-05,2,2.0,1.6,0.0
0.8,402.0408163265306,0.1,1247348852.049914,947.549786535359,1.278554273065986e-07,2.596493880713863e-08,6,1.998606927677109,1.6003827352592117,-2.41742418861366e-05
0.8,402.0408163265306,0.11816326530612245,1247348846.7383394,943.7772860095868,9.999641976342178e-08,2.6173145761956795e-08,6,1.998614858671088,1.6003818626321158,-2.397327080423954e-05
0.8,402.0408163265306,0.1363265306122449,1247348841.1428506,939.3071046502401,9.99502884111476e-08,2.645025717626678e-08,6,1.9986223716098623,1.600381345829727,-2.3770971011486415e-05
0.8,402.0408163265306,0.15448979591836737,1247348834.928568,934.1821962511139,9.982337608951773e-08,2.6810147985089683e-08,6,1.9986298340735105,1.6003810803636371,-2.3560877599221184e-05
0.8,402.0408163265306,0.1726530612244898,1247348829.225955,928.2555821070727,9.973996935599324e-08,2.7307494707898574e-08,6,1.9986357094613714,1.6003815239909338,-2.3370515299243588e-05
0.8,402.0408163265306,0.19081632653061226,1247348822.013051,921.7713577281661,9.976457081726765e-08,2.7821605298329384e-08,6,1.9986420536545935,1.6003820775767468,-2.3163276503381967e-05
0.8,402.0408163265306,0.2089795918367347,1247251861.55486,914.8659156861411,1.5085311270192833e-06,2.8122778303256008e-08,6,1.999224910890209,1.600211423987777,-1.2806773136679703e-05
0.8,402.0408163265306,0.22714285714285715,1247251845.8223984,907.7155691922419,7.012386372416892e-07,2.835656450435032e-08,6,1.9992346871417732,1.6002100295288402,-1.2573028500476208e-05
0.8,402.0408163265306,0.2453061224489796,1247251831.5432355,899.6792639548742,2.7740253098381527e-07,2.880218590721473e-08,6,1.9992419491327,1.6002092440713571,-1.2385544805281674e-05
0.8,402.0408163265306,0.26346938775510204,1247251819.5162604,890.6429016650414,9.999882995093349e-08,2.9549567780405604e-08,6,1.9992468462929864,1.6002085227118992,-1.2252160432321808e-05
0.8,402.0408163265306,0.2816326530612245,1247152042.0807235,880.6225775402119,5.5047745667374985e-06,3.039914512096525e-08,6,1.9995211227519116,1.600126505377409,-7.50776001846497e-06
0.8,402.0408163265306,0.2997959183673469,1247152020.4235735,870.9083167117146,1.9654270167561726e-06,3.0888331710294885e-08,6,1.999526696413208,1.6001249425563517,-7.386094087632237e-06
0.8,402.0408163265306,0.3179591836734694,1247049080.9629831,858.9002057176635,4.3442172852981855e-05,3.246525761778066e-08,6,1.9996792509547088,1.6000792492113443,-4.784833608229818e-06
0.8,402.0408163265306,0.33612244897959187,1247049042.8918667,849.1381310228894,1.6549108865678754e-05,3.215171866284493e-08,6,1.9996850627867528,1.6000775614045784,-4.666870183604659e-06
0.8,402.0408163265306,0.3542857142857143,1246942183.049903,835.5838575078958,0.00020395204731214975,3.412878830913959e-08,6,1.9997765455776573,1.6000501580162811,-3.1296064468096186e-06
0.8,402.0408163265306,0.37244897959183676,1246942133.7813148,825.2952896414188,8.123197104666873e-05,3.3261096065842194e-08,6,1.99978085385623,1.6000488998124802,-3.042753635084672e-06
0.8,402.0408163265306,0.3906122448979592,1246942095.1596293,813.5511248137284,2.5633302602862252e-05,3.307202146819172e-08,6,1.9997834118023676,1.600048157006238,-2.9856988660709208e-06
0.8,402.0408163265306,0.40877551020408165,1246830696.6635008,798.3985565586554,0.0002702945422162254,3.507858173028923e-08,6,1.9998392085507115,1.6000314373202429,-2.0662331012619525e-06
0.8,402.0408163265306,0.4269387755102041,1246830654.1048486,785.3809718087427,8.608169559840161e-05,3.493493504487929e-08,6,1.9998407203824906,1.6000310002427238,-2.030061206711466e-06
0.8,402.0408163265306,0.44510204081632654,1246712888.9222949,770.6225956415389,0.0007807356796388338,3.5591862142776067e-08,6,1.9998770963166541,1.600020097569684,-1.4411927830381e-06
0.8,402.0408163265306,0.463265306122449,1246712843.7928903,756.8539809103906,0.00025242561315239184,3.486395640659855e-08,6,1.9998779675298874,1.6000198440913678,-1.4182037871713318e-06
0.8,402.0408163265306,0.48142857142857143,1246196376.582032,798.1135786574596,0.2407863663085022,3.84959359849648e-08,6,1.9999344483597088,1.6000028628270744,-5.454327963316665e-07
0.8,402.0408163265306,0.4995918367346939,1246196354.3123875,771.467149538021,0.21929668922496462,3.861744784655929e-08,6,1.999934467616836,1.6000028662702765,-5.41879835104177e-07
0.8,402.0408163265306,0.5177551020408163,1246069157.314094,814.9310352976667,0.3425567082067369,4.328927029517022e-08,6,1.9999386993510082,1.6000015511289722,-4.768685199444418e-07
0.8,402.0408163265306,0.5359183673469388,1246069131.3307292,783.4688144104736,0.3259401684715838,4.4665639374955286e-08,6,1.9999387062777225,1.6000015645541303,-4.738514658396234e-07
0.8,402.0408163265306,0.5540816326530612,1246069118.6241636,748.0589148145275,0.3005750189467826,4.5648404537934884e-08,6,1.9999387093435588,1.6000015814480713,-4.7079336975413057e-07
0.8,402.0408163265306,0.5722448979591837,1246069114.6895857,710.2351214943591,0.2657040711413742,4.5954968033803775e-08,6,1.9999387102451849,1.6000016025739277,-4.6762891569416435e-07
0.8,402.0408163265306,0.5904081632653061,1246069114.6230617,673.179386113451,0.2253277089795024,4.607085051885193e-08,6,1.9999387102602015,1.6000016264329635,-4.6446137751605745e-07
0.8,402.0408163265306,0.6085714285714285,1246069120.2396228,637.1794548356398,0.17781477691497388,4.6248599716297396e-08,6,1.9999387089665912,1.6000016551041978,-4.6124401180096215e-07
0.8,402.0408163265306,0.626734693877551,1246069131.4563868,603.1981255170067,0.12441727199743713,4.740865189869232e-08,6,1.9999387062464504,1.6000016923779719,-4.578601444014878e-07
0.8,402.0408163265306,0.6448979591836734,1246069140.7307487,572.2707882897067,0.0717232604087347,5.05838907744379e-08,6,1.9999387038683194,1.6000017438009848,-4.5408079452492333e-07
0.8,402.0408163265306,0.6630612244897959,1246069131.4621112,544.8476401733815,0.030642917090669814,5.481742414662342e-08,6,1.9999387062450258,1.6000018156566096,-4.4944803695616e-07
0.8,402.0408163265306,0.6812244897959183,1246069102.3960629,519.8659787528994,0.00802844623568728,5.875960686722627e-08,6,1.99993871291148,1.6000019125123253,-4.433608652841569e-07
0.8,402.0408163265306,0.6993877551020408,1246069068.5019715,495.2745587483044,0.0008873414077224437,6.375934093718249e-08,6,1.9999387190146876,1.6000020293254702,-4.355543457571052e-07
0.8,402.0408163265306,0.7175510204081632,1246069038.1126661,469.8677631636268,2.0670501194513504e-05,7.143767856670398e-08,6,1.9999387229547354,1.6000021491292413,-4.2752171271177457e-07
0.8,402.0408163265306,0.7357142857142857,1245853847.0904548,441.21093019742545,0.0005726701945121745,9.097804255576679e-08,5,1.9999420652969548,1.6000012623628872,-3.8223235681980896e-07
0.8,402.0408163265306,0.7538775510204081,1245853733.8096344,417.8455183531012,3.5105019173605414e-06,8.624706207300326e-08,5,1.9999420727891746,1.6000013862844544,-3.792340047654195e-07
0.8,402.0408163265306,0.7720408163265305,1245853676.0752594,391.08183401650706,9.901052586617577e-08,9.513386501618563e-08,5,1.9999420755409998,1.6000015352973285,-3.7691248312260787e-07
0.8,402.0408163265306,0.790204081632653,1245853630.6216397,362.8901596834843,9.937880029389107e-08,1.1140641357167944e-07,5,1.9999420771123277,1.6000017163049116,-3.752181643510982e-07
0.8,402.0408163265306,0.8083673469387754,1245853586.2140877,331.6317130606533,9.895619178177985e-08,1.3815385131873902e-07,5,1.999942078227568,1.6000019393281362,-3.742613090616988e-07
0.8,402.0408163265306,0.8265306122448979,1245819472.3153424,277.08102715160373,9.900839474607961e-08,2.5011175744192015e-07,5,1.9999425665780188,1.6000021314066855,-3.686861954604188e-07
0.8,402.0408163265306,0.8446938775510203,1245569142.04617,237.3020102130195,9.941721337866646e-08,3.26736265766609e-07,5,1.9999452447037136,1.6000021572675165,-3.428038837221622e-07
0.8,402.0408163265306,0.8628571428571428,1104429986.1205664,217.3376946271949,9.892053672094632e-08,3.719304616800092e-07,3,2.0,1.6,0.0
0.8,402.0408163265306,0.8810204081632652,1103587641.5247679,187.9039805939568,9.340537945101273e-08,4.615843777624497e-07,3,2.0,1.6,0.0
0.8,402.0408163265306,0.8991836734693877,1098927628.345172,360.2789076726031,0.7047064135286407,1.0793023885905249e-06,3,2.0,1.6,0.0
0.8,402.0408163265306,0.9173469387755101,1096293360.0357242,372.97728889489815,0.7714033959650934,1.3487578256177955e-06,3,2.0,1.6,0.0
0.8,402.0408163265306,0.9355102040816325,1092424079.7873905,370.1179991486215,0.8221887506130747,1.681475958583145e-06,3,2.0,1.6,0.0
0.8,402.0408163265306,0.953673469387755,1073482475.9795086,425.5723643476142,0.8903734413441503,1.8133176212685371e-06,3,2.0,1.6,0.0
0.8,402.0408163265306,0.9718367346938775,1063994562.1001307,606.9999866497627,0.9533847907889377,1.7709666751342066e-06,3,2.0,1.6,0.0
0.8,402.0408163265306,0.99,1033945658.4995315,1011.94403565095,0.9900267615923731,4.160764750119344e-05,2,2.0,1.6,0.0
0.8,411.2244897959184,0.1,1247443091.1006582,966.5080609282609,9.97170684853339e-08,2.645642902974246e-08,6,1.9967887887274605,1.6008910971732135,-5.804087792570592e-05
0.8,411.2244897959184,0.11816326530612245,1247443088.1796236,962.3902528146513,9.988772958076381e-08,2.6813667336873865e-08,6,1.9967960671133063,1.600892421867273,-5.777396309367387e-05
0.8,411.2244897959184,0.1363265306122449,1247443084.4367492,957.6210961660652,9.972153274550448e-08,2.723059387793273e-08,6,1.9968043897715724,1.6008940273172758,-5.746501216975894e-05
0.8,411.2244897959184,0.15448979591836737,1247348868.5750465,954.942191627038,5.023172909567274e-07,2.585789662200391e-08,6,1.9985776650039893,1.6003880746896608,-2.4830752221291398e-05
0.8,411.2244897959184,0.1726530612244898,1247348855.4254735,949.7578681220725,2.903512188638847e-07,2.5855555917188895e-08,6,1.9986014635078717,1.6003834009843858,-2.43093229881562e-05
0.8,411.2244897959184,0.19081632653061226,1247348846.3152952,943.33672247606,1.4624867825784162e-07,2.6205693141221847e-08,6,1.9986154574796995,1.6003817810117995,-2.3958066853712575e-05
0.8,411.2244897959184,0.2089795918367347,1247348836.995573,936.1974677224048,9.981355634227982e-08,2.6648081301521204e-08,6,1.9986274763772147,1.600380966814479,-2.363458818202331e-05
0.8,411.2244897959184,0.22714285714285715,1247348829.097292,928.131336240552,9.967047827152374e-08,2.7318092067593848e-08,6,1.9986358318979007,1.6003814728581773,-2.3368694953288994e-05
0.8,411.2244897959184,0.2453061224489796,1247348820.0470393,919.4463700153681,9.992211449722497e-08,2.8042598262844596e-08,6,1.9986435918394683,1.6003824122441186,-2.310541984699387e-05
0.8,411.2244897959184,0.26346938775510204,1247251851.592499,910.9272175928995,1.1923322205194425e-06,2.818238295340575e-08,6,1.999231308510584,1.6002103468837132,-1.266059564354961e-05
0.8,411.2244897959184,0.2816326530612245,1247251834.3612707,901.4775764401014,4.021751331532688e-07,2.8681153392516467e-08,6,1.999240628854047,1.6002093428365816,-1.2422495240175636e-05
0.8,411.2244897959184,0.2997959183673469,1247251819.771303,890.9764263898749,1.0826436058980817e-07,2.9512867849287923e-08,6,1.9992467526718933,1.600208487813597,-1.2257115525797155e-05
0.8,411.2244897959184,0.3179591836734694,1247152038.2915406,879.5997056958485,5.523252809454754e-06,3.037261374937138e-08,6,1.9995221965698102,1.6001261599617884,-7.487767522003009e-06
0.8,411.2244897959184,0.33612244897959187,1247152015.5739965,868.1880607638753,1.6113439205769383e-06,3.108907667339661e-08,6,1.999527753722924,1.6001246163273435,-7.362794231210002e-06
0.8,411.2244897959184,0.3542857142857143,1247049064.270315,855.4516680363522,3.373242793752297e-05,3.2201761644298655e-08,6,1.9996819585841203,1.600078436715623,-4.73265925439686e-06
0.8,411.2244897959184,0.37244897959183676,1247049026.093975,843.9781553705167,1.0325057711986601e-05,3.211729500300393e-08,6,1.999687191888625,1.6000769284400294,-4.622620212907614e-06
0.8,411.2244897959184,0.3906122448979592,1246942150.5461838,829.8832442641898,0.00013069705862395285,3.338348966233267e-08,6,1.9997795032892047,1.6000492792190306,-3.0722737369371067e-06
0.8,411.2244897959184,0.40877551020408165,1246942109.8201663,817.0871914481382,4.04802800842784e-05,3.337356792326342e-08,6,1.9997825198666548,1.6000484102287287,-3.0059303939739764e-06
0.8,411.2244897959184,0.4269387755102041,1246830706.132789,801.4781313933797,0.00036177667949890014,3.502714845741889e-08,6,1.999838808023036,1.6000315477569031,-2.0761620084373455e-06
0.8,411.2244897959184,0.44510204081632654,1246830660.9965901,787.4684490229704,0.00011081200125602496,3.4987140648061625e-08,6,1.9998405031960689,1.6000310581764565,-2.0360171341864758e-06
0.8,411.2244897959184,0.463265306122449,1246712894.0414772,771.7229528546628,0.0008914904194304539,3.574745141983153e-08,6,1.9998769825900355,1.6000201298766152,-1.4442576096493284e-06
0.8,411.2244897959184,0.48142857142857143,1246196381.5860229,829.1216145337731,0.26843348263099287,3.828065873993326e-08,6,1.9999344438772775,1.6000028390031926,-5.492356985954216e-07
0.8,411.2244897959184,0.4995918367346939,1246196348.3517997,802.1131512279392,0.2506810815012862,3.8342604761924745e-08,6,1.9999344725413721,1.6000028539261772,-5.451879621427516e-07
0.8,411.2244897959184,0.5177551020408163,1246069175.425154,848.2652884300159,0.3639746876275439,4.278300926482136e-08,6,1.9999386940868609,1.6000015379206416,-4.796683891629409e-07
0.8,411.2244897959184,0.5359183673469388,1246069136.8439696,817.6772333468798,0.3518446391015254,4.4335615274199925e-08,6,1.9999387048777593,1.6000015492355462,-4.765219564542292e-07
0.8,411.2244897959184,0.5540816326530612,1246069117.9920914,782.0057545283024,0.331273854991719,4.583707653140009e-08,6,1.9999387094905199,1.6000015640126939,-4.7339598829642717e-07
0.8,411.2244897959184,0.5722448979591837,1246069109.4039931,742.5421789503089,0.3008834306897799,4.660563665201073e-08,6,1.9999387114200844,1.6000015823887854,-4.7019914990346615e-07
0.8,411.2244897959184,0.5904081632653061,1246069105.7986107,702.661970997219,0.26365698644398766,4.688386979975538e-08,6,1.9999387121979586,1.6000016034214255,-4.6698408348868645e-07
0.8,411.2244897959184,0.6085714285714285,1246069107.1055198,663.473042273272,0.2192129122133601,4.681996008809017e-08,6,1.999938711917691,1.600001627404937,-4.6377264389928983e-07
0.8,411.2244897959184,0.626734693877551,1246069115.3829243,625.6277035417913,0.1659118067915501,4.6841773950594233e-08,6,1.9999387100886752,1.6000016576508553,-4.604585658084914e-07
0.8,411.2244897959184,0.6448979591836734,1246069129.0090208,590.621142710472,0.10725473719217284,4.8347262014239425e-08,6,1.9999387068555217,1.600001699631922,-4.569347508606861e-07
0.8,411.2244897959184,0.6630612244897959,1246069134.9852545,559.5586171499527,0.05395991659905314,5.2232584894238797e-08,6,1.9999387053548374,1.6000017601203422,-4.5289251891549444e-07
0.8,411.2244897959184,0.6812244897959183,1246069117.1391165,532.2375929492121,0.0181406077102159,5.667313727762928e-08,6,1.9999387096862973,1.6000018480528562,-4.475980292259954e-07
0.8,411.2244897959184,0.6993877551020408,1246069083.7955747,506.6969107948858,0.003045693802401626,6.117749890479502e-08,6,1.9999387164907487,1.6000019648860386,-4.4026544748081837e-07
0.8,411.2244897959184,0.7175510204081632,1246069050.5318058,480.84376795637047,0.00014449707364979017,6.777537810860948e-08,6,1.9999387215096516,1.6000020950326652,-4.313162132456114e-07
0.8,411.2244897959184,0.7357142857142857,1245958442.0659537,453.6481473166434,0.0003731333579509843,7.834432560718709e-08,6,1.9999407719759226,1.6000016040911966,-3.991278150095189e-07
0.8,411.2244897959184,0.7538775510204081,1245853762.111549,426.9507300453557,3.695714863441696e-05,8.532646062929337e-08,5,1.9999420711345084,1.6000013389210632,-3.8021216867532763e-07
0.8,411.2244897959184,0.7720408163265305,1245853693.056901,400.1022079232512,9.932906508620125e-08,9.135193905220212e-08,5,1.999942074822114,1.600001482990376,-3.776155826175746e-07
0.8,411.2244897959184,0.790204081632653,1245853643.5899181,371.4541007210594,9.861795453572783e-08,1.0574066343256058e-07,5,1.9999420767133345,1.6000016582179963,-3.756510883848446e-07
0.8,411.2244897959184,0.8083673469387754,1245853600.1209402,341.6335713886551,9.983297208065712e-08,1.2845729779691712e-07,5,1.9999420779159707,1.6000018742601445,-3.7445908878882136e-07
0.8,411.2244897959184,0.8265306122448979,1245830703.3150907,288.5351375515403,9.826305442075075e-08,2.4256716452546347e-07,5,1.9999424131094543,1.6000020848255543,-3.703006017786672e-07
0.8,411.2244897959184,0.8446938775510203,1245731452.709208,255.6147578235424,9.754374100440415e-08,2.912730055850642e-07,5,1.9999435748936298,1.6000022023991227,-3.585865392019615e-07
0.8,411.2244897959184,0.8628571428571428,1104609677.6715724,224.73598745709924,9.74692190280685e-08,3.538565524314123e-07,3,2.0,1.6,0.0
0.8,411.2244897959184,0.8810204081632652,1103728649.318591,192.29570556757108,9.107766468990471e-08,4.4705187961176495e-07,3,2.0,1.6,0.0
0.8,411.2244897959184,0.8991836734693877,1099192329.849909,363.2077355466572,0.6995747309933339,1.0453004846069157e-06,3,2.0,1.6,0.0
0.8,411.2244897959184,0.9173469387755101,1096600490.007649,377.8649622470367,0.7689925884036388,1.3143189219230948e-06,3,2.0,1.6,0.0
0.8,411.2244897959184,0.9355102040816325,1092806711.2306457,376.3242138369101,0.8210724722875354,1.6392165311634139e-06,3,2.0,1.6,0.0
0.8,411.2244897959184,0.953673469387755,1073984101.0665596,423.3399050662446,0.8872261045634336,1.8177301072197877e-06,3,2.0,1.6,0.0
0.8,411.2244897959184,0.9718367346938775,1064417643.9031405,607.6833272349195,0.9523888587087326,1.7527921021217376e-06,3,2.0,1.6,0.0
0.8,411.2244897959184,0.99,1034977754.5491617,1035.680025642415,0.9900328015295661,4.0086851295564995e-05,2,2.0,1.6,0.0
0.8,420.40816326530614,0.1,1247443106.453532,989.5216814145349,9.974781315668743e-08,2.452266453655606e-08,6,1.9967325738500203,1.6008881523323375,-5.9723116987488765e-05
0.8,420.40816326530614,0.11816326530612245,1247443103.6184099,985.3131500229221,9.975584336601015e-08,2.4857487004361166e-08,6,1.9967456841459692,1.6008878817952379,-5.938603768315627e-05
0.8,420.40816326530614,0.1363265306122449,1247443100.2683635,980.4067091805017,9.979854276441866e-08,2.525417142331425e-08,6,1.9967594269257998,1.6008879997967436,-5.900250868192034e-05
0.8,420.40816326530614,0.15448979591836737,1247443096.370798,974.8027332052557,9.983703308444864e-08,2.5720626078772528e-08,6,1.996773287095953,1.6008886575046837,-5.858322541379056e-05
0.8,420.40816326530614,0.1726530612244898,1247443092.333462,968.4490955010143,9.988639552894458e-08,2.6277647141842267e-08,6,1.996785462573833,1.6008903784857376,-5.816233022661653e-05
0.8,420.40816326530614,0.19081632653061226,1247443087.3349495,961.4382253317292,9.986314859094411e-08,2.689019569180213e-08,6,1.9967980339690639,1.6008925862153223,-5.7705498234567804e-05
0.8,420.40816326530614,0.2089795918367347,1247443081.3892536,953.7672656910481,9.976018998755538e-08,2.7571578059904005e-08,6,1.9968103985954015,1.6008954686242907,-5.722863703320745e-05
0.8,420.40816326530614,0.22714285714285715,1247348854.5800233,949.1671485662075,3.581522782744705e-07,2.5885565614164606e-08,6,1.998602864517358,1.6003831516844318,-2.4275267436324226e-05
0.8,420.40816326530614,0.2453061224489796,1247348842.7537081,940.6011615858802,1.3359493480484062e-07,2.6374141906010975e-08,6,1.9986202916857776,1.6003813377132128,-2.3830624480955622e-05
0.8,420.40816326530614,0.26346938775510204,1247348831.9372444,931.154967286006,9.990563200609255e-08,2.706033524583048e-08,6,1.998633025316937,1.6003811305357245,-2.346320409782979e-05
0.8,420.40816326530614,0.2816326530612245,1247348821.2855675,920.908312378386,9.991632761656149e-08,2.7898505432700824e-08,6,1.998642632790512,1.6003821063461516,-2.3144178279900473e-05
0.8,420.40816326530614,0.2997959183673469,1247251851.3507295,910.7921199200175,1.3416278820608918e-06,2.8189053723293324e-08,6,1.9992314557378608,1.6002102773769489,-1.2658145740006067e-05
0.8,420.40816326530614,0.3179591836734694,1247251831.6629329,899.8151651173619,3.68761649551241e-07,2.878864930654654e-08,6,1.9992418944933195,1.600209144308471,-1.2390583849254987e-05
0.8,420.40816326530614,0.33612244897959187,1247251814.5996032,887.7697316077985,9.990407135024219e-08,2.9729732358172924e-08,6,1.9992485892123804,1.600208027027463,-1.2212059593670152e-05
0.8,420.40816326530614,0.3542857142857143,1247152028.0047069,874.9924769312897,3.7097399450682846e-06,3.059735370570405e-08,6,1.9995249044381669,1.6001253712477304,-7.429795494437309e-06
0.8,420.40816326530614,0.37244897959183676,1247049088.147229,860.1735482331326,5.866653500593968e-05,3.261023603687966e-08,6,1.9996780243779437,1.6000795548522098,-4.810941407528361e-06
0.8,420.40816326530614,0.3906122448979592,1247049039.4981287,848.467159098369,1.7831083631261905e-05,3.2072100452249244e-08,6,1.9996855148019606,1.600077388976699,-4.6598153772712115e-06
0.8,420.40816326530614,0.40877551020408165,1246942166.661726,833.075271144845,0.00018558682414354622,3.3703404292589384e-08,6,1.9997780878353806,1.6000496772460566,-3.1013476611725824e-06
0.8,420.40816326530614,0.4269387755102041,1246942117.4231188,819.8787743753443,5.588412402720715e-05,3.3314021462067974e-08,6,1.9997820255083618,1.6000485395670883,-3.018162010089691e-06
0.8,420.40816326530614,0.44510204081632654,1246830712.578954,803.270906438756,0.0004361615709418262,3.5056319870933106e-08,6,1.999838520785672,1.6000316237189323,-2.083163097271447e-06
0.8,420.40816326530614,0.463265306122449,1246830664.3087409,788.3242708136585,0.00012612462127401723,3.5042974702984006e-08,6,1.999840395185325,1.6000310832315265,-2.0391423764127414e-06
0.8,420.40816326530614,0.48142857142857143,1246196404.572483,859.9580126510123,0.2923081149728461,3.8526304750593e-08,6,1.9999344227442846,1.6000028074574415,-5.535272326736026e-07
0.8,420.40816326530614,0.4995918367346939,1246196348.8973446,833.7157012130073,0.2789428742790377,3.8201355084557304e-08,6,1.9999344720942442,1.6000028243417987,-5.489185399423207e-07
0.8,420.40816326530614,0.5177551020408163,1246069219.2391167,880.108166512318,0.3813972854721879,4.285060961046559e-08,6,1.9999386803796315,1.600001514159623,-4.828559380770545e-07
0.8,420.40816326530614,0.5359183673469388,1246069147.3087294,852.0142528270139,0.3742265349728209,4.37271369069958e-08,6,1.9999387021147443,1.60000153526637,-4.791909433293251e-07
0.8,420.40816326530614,0.5540816326530612,1246069120.9101863,816.7439031876206,0.35823852288233293,4.568089903741338e-08,6,1.999938708809494,1.6000015491091062,-4.7595085509268383e-07
0.8,420.40816326530614,0.5722448979591837,1246069107.1324508,776.5896529856856,0.3329241824028112,4.707669050729882e-08,6,1.9999387119119127,1.6000015651525963,-4.7270301977621817e-07
0.8,420.40816326530614,0.5904081632653061,1246069100.3576672,734.1508568473021,0.2990008275708366,4.772947651946035e-08,6,1.9999387133308182,1.6000015840638255,-4.694171715129e-07
0.8,420.40816326530614,0.6085714285714285,1246069097.4889636,692.199552982298,0.2587116224627776,4.791442516861859e-08,6,1.9999387139098241,1.6000016045617877,-4.661533160726496e-07
0.8,420.40816326530614,0.626734693877551,1246069101.7479122,650.5850317968057,0.2078507737816407,4.7476320213160596e-08,6,1.9999387130458228,1.6000016295564177,-4.628351398512846e-07
0.8,420.40816326530614,0.6448979591836734,1246069114.0368154,611.1960445536339,0.1471886762961043,4.744111027592741e-08,6,1.9999387103925368,1.6000016636042198,-4.5941513776559397e-07
0.8,420.40816326530614,0.6630612244897959,1246069128.6304514,575.9461717721782,0.08475119408074465,4.9766646228960925e-08,6,1.9999387069484704,1.6000017131275401,-4.5570834194625885e-07
0.8,420.40816326530614,0.6812244897959183,1246069126.3290052,545.3921872611213,0.035047286725689436,5.435579786472207e-08,6,1.9999387075122426,1.6000017867895586,-4.5126168476040673e-07
0.8,420.40816326530614,0.6993877551020408,1246069099.046568,518.2067024872748,0.008205851790941285,5.8964908507751825e-08,6,1.9999387135978972,1.6000018966801524,-4.448946764664317e-07
0.8,420.40816326530614,0.7175510204081632,1246069063.8713086,491.74903695547016,0.0006858337839242988,6.465850013196566e-08,6,1.9999387197052438,1.600002034138634,-4.3590944592159497e-07
0.8,420.40816326530614,0.7357142857142857,1245958509.850769,461.2586863808657,0.0014783051866755846,8.563803051923437e-08,6,1.999940765737277,1.6000015578001492,-4.0172903379218563e-07
0.8,420.40816326530614,0.7538775510204081,1245853800.7281585,435.562686274024,0.0002397602591362716,8.664673054475182e-08,5,1.9999420686109644,1.6000012940467905,-3.813235251853566e-07
0.8,420.40816326530614,0.7720408163265305,1245853711.935015,409.01768525778476,3.0857771588984665e-07,8.835298715537577e-08,5,1.999942073934097,1.6000014334889516,-3.7838814412020306e-07
0.8,420.40816326530614,0.790204081632653,1245853657.1204522,379.9761326360666,9.829555640906322e-08,1.0074060016944498e-07,5,1.999942076256241,1.6000016031936994,-3.7615295151228336e-07
0.8,420.40816326530614,0.8083673469387754,1245853611.356727,349.6041194706933,9.892523247287379e-08,1.2153539875245446e-07,5,1.9999420776403687,1.6000018125711373,-3.746903414283454e-07
0.8,420.40816326530614,0.8265306122448979,1245853548.9651077,304.8238499349768,9.949670004133978e-08,1.706443211525445e-07,5,1.9999420789275224,1.600002079978216,-3.738490750927876e-07
0.8,420.40816326530614,0.8446938775510203,1245759631.8960724,261.97630075830983,9.690225496204132e-08,2.7979306031757486e-07,5,1.9999432584131085,1.6000021919816474,-3.620965734032849e-07
0.8,420.40816326530614,0.8628571428571428,1104725610.5238936,229.73830323075165,9.511098212112382e-08,3.4576433422400405e-07,3,2.0,1.6,0.0
0.8,420.40816326530614,0.8810204081632652,1103834996.201416,195.75590177284906,9.423637771386006e-08,4.347233472243544e-07,3,2.0,1.6,0.0
0.8,420.40816326530614,0.8991836734693877,1099455104.8085122,364.9658443857582,0.6933209449615811,1.0129030181326312e-06,3,2.0,1.6,0.0
0.8,420.40816326530614,0.9173469387755101,1096895737.0023806,382.5590288625804,0.7665044031110909,1.2814245708603268e-06,3,2.0,1.6,0.0
0.8,420.40816326530614,0.9355102040816325,1093169532.2928507,382.4216242542682,0.8199366486465425,1.5987845572998442e-06,3,2.0,1.6,0.0
0.8,420.40816326530614,0.953673469387755,1074509302.9116158,419.81995803698055,0.8836958760216727,1.8290903115137779e-06,3,2.0,1.6,0.0
0.8,420.40816326530614,0.9718367346938775,1064839909.0065908,607.1865453861022,0.9512785382128713,1.7387008228852246e-06,3,2.0,1.6,0.0
0.8,420.40816326530614,0.99,1035894480.4547057,1059.1807735371972,0.9900363509137727,3.8635423353432326e-05,2,2.0,1.6,0.0
0.8,429.5918367346939,0.1,1247443117.1982858,1013.0454560763148,3.4899468116903754e-07,2.261486894241537e-08,6,1.9966643516154685,1.6008885545402214,-6.12249679194806e-05
0.8,429.5918367346939,0.11816326530612245,1247443116.96974,1008.4084770313325,2.6658196529733115e-07,2.3031759759161657e-08,6,1.9966661259027385,1.6008914990059393,-6.11639360742174e-05
0.8,429.5918367346939,0.1363265306122449,1247443114.7257102,1003.2600221561619,1.811913401147019e-07,2.3435327489055813e-08,6,1.9966829179536656,1.6008908849579118,-6.081518529097071e-05
0.8,429.5918367346939,0.15448979591836737,1247443111.0272455,997.5229828645711,1.0890736763774236e-07,2.3866743161334133e-08,6,1.9967074640795672,1.60088868336242,-6.0311737069932994e-05
0.8,429.5918367346939,0.1726530612244898,1247443107.2890918,991.00697403953,9.999415203734397e-08,2.4398480210443012e-08,6,1.9967283928076738,1.6008880469025997,-5.9829059060875195e-05
0.8,429.5918367346939,0.19081632653061226,1247443102.6098735,983.8240252173836,9.987670412988923e-08,2.4980096093944332e-08,6,1.996750023337743,1.6008877837522328,-5.9266403194874994e-05
0.8,429.5918367346939,0.2089795918367347,1247443097.0975432,975.9595047757125,9.961253770080978e-08,2.5618783701293686e-08,6,1.9967708567477347,1.6008883247629444,-5.86607011393686e-05
0.8,429.5918367346939,0.22714285714285715,1247443091.6502116,967.29820360435,9.975038178429521e-08,2.6384350569616143e-08,6,1.9967873266036515,1.6008907073822818,-5.8090304008850525e-05
0.8,429.5918367346939,0.2453061224489796,1247443084.6079493,958.0278434365019,9.970994445674311e-08,2.7190794911266095e-08,6,1.9968040342214306,1.600893653346204,-5.748296793820365e-05
0.8,429.5918367346939,0.26346938775510204,1247348858.9453464,951.5535106253154,5.589810629322103e-07,2.580559233790938e-08,6,1.99859545512486,1.6003842807344146,-2.4447403759927945e-05
0.8,429.5918367346939,0.2816326530612245,1247348844.1370785,941.5578853731837,1.745017140776354e-07,2.632600992348972e-08,6,1.9986184566413623,1.6003814426355607,-2.3878363136496605e-05
0.8,429.5918367346939,0.2997959183673469,1247348831.3660195,930.5432216919858,9.963587591236901e-08,2.711128461034775e-08,6,1.9986336060129968,1.6003811243594432,-2.344454139419081e-05
0.8,429.5918367346939,0.3179591836734694,1247348819.4476666,918.6272031379716,9.966360535313418e-08,2.8123730171885303e-08,6,1.9986440421071934,1.6003824605196153,-2.30879539111829e-05
0.8,429.5918367346939,0.33612244897959187,1247251844.880841,907.1305284551745,9.812129573023388e-07,2.8390774527694363e-08,6,1.9992352118501964,1.6002098275182133,-1.2563340440542873e-05
0.8,429.5918367346939,0.3542857142857143,1247251825.1119277,894.2948047436897,2.041532041085791e-07,2.9285156891728325e-08,6,1.9992447050602953,1.6002088005761255,-1.231130964074689e-05
0.8,429.5918367346939,0.37244897959183676,1247152039.936267,880.399957667255,7.089062286963595e-06,3.032970105781137e-08,6,1.9995217357947117,1.6001262070527442,-7.4998584533508545e-06
0.8,429.5918367346939,0.3906122448979592,1247152011.257287,866.6006584990294,1.535767258933256e-06,3.112777121811991e-08,6,1.9995286462633766,1.6001243014139064,-7.344954960270137e-06
0.8,429.5918367346939,0.40877551020408165,1247049049.8339584,851.783108657064,2.6541496491011626e-05,3.205959230258672e-08,6,1.9996841083454546,1.6000777685437004,-4.6902904089006245e-06
0.8,429.5918367346939,0.4269387755102041,1246942178.1989868,835.1893672354146,0.00023613390554212652,3.393754701462878e-08,6,1.9997770116765046,1.6000499738653047,-3.1231342448265787e-06
0.8,429.5918367346939,0.44510204081632654,1246942121.3291073,821.468029981683,6.783654836288065e-05,3.324156254422983e-08,6,1.9997817592014482,1.6000486015715976,-3.0249121432686396e-06
0.8,429.5918367346939,0.463265306122449,1246830714.7918806,803.8357751651504,0.0004761327518562558,3.50774150136896e-08,6,1.9998384194742196,1.6000316442920932,-2.0857607584856397e-06
0.8,429.5918367346939,0.48142857142857143,1246830662.5368257,788.048460590146,0.00012721720037778584,3.497450438002113e-08,6,1.999840453247961,1.6000310589404678,-2.0383589106198816e-06
0.8,429.5918367346939,0.4995918367346939,1246196356.222913,865.8727778839524,0.303987038360012,3.8057905374100573e-08,6,1.9999344660120129,1.600002784162081,-5.529577887218745e-07
0.8,429.5918367346939,0.5177551020408163,1246196328.000254,834.867865330648,0.28632445572393833,3.869542381552397e-08,6,1.9999344884797892,1.600002815530588,-5.484555854891955e-07
0.8,429.5918367346939,0.5359183673469388,1246069164.9237547,886.0137217439587,0.3933565181241885,4.2955265380056356e-08,6,1.9999386971770128,1.600001504403978,-4.822390533086958e-07
0.8,429.5918367346939,0.5540816326530612,1246069127.4152231,851.8200068244543,0.38169840783610365,4.517359058624404e-08,6,1.999938707246158,1.6000015338553204,-4.785248974287228e-07
0.8,429.5918367346939,0.5722448979591837,1246069107.9647298,811.6694260761504,0.3612596451405882,4.718157009470349e-08,6,1.9999387117333403,1.6000015505306047,-4.751499990889731e-07
0.8,429.5918367346939,0.5904081632653061,1246069097.722663,767.3248058712709,0.331124538924652,4.836595823056129e-08,6,1.9999387138630418,1.600001567607785,-4.717879555957171e-07
0.8,429.5918367346939,0.6085714285714285,1246069091.1377664,723.0498557066959,0.2952487112790685,4.9076791490670675e-08,6,1.9999387151445494,1.6000015856820125,-4.6843911591770434e-07
0.8,429.5918367346939,0.626734693877551,1246069091.2412393,678.0865732705169,0.24842923211137785,4.878104688807169e-08,6,1.9999387151249037,1.60000160678668,-4.650697688459736e-07
0.8,429.5918367346939,0.6448979591836734,1246069099.7663305,634.3026344684334,0.18914072022714784,4.7886889473873944e-08,6,1.9999387134512772,1.6000016345039052,-4.61668590524811e-07
0.8,429.5918367346939,0.6630612244897959,1245853864.7727766,659.4202901989831,0.32971673433157306,6.18023555153482e-08,5,1.9999420639822998,1.6000006357741146,-4.1382835550330566e-07
0.8,429.5918367346939,0.6812244897959183,1246069127.2242496,559.7636611582553,0.05922684274676086,5.185421675325736e-08,6,1.9999387072929398,1.6000017352831233,-4.541379913431221e-07
0.8,429.5918367346939,0.6993877551020408,1246069112.110461,530.0563305087288,0.018270706529880366,5.6844378282696635e-08,6,1.9999387108237991,1.6000018284372257,-4.4901429613302397e-07
0.8,429.5918367346939,0.7175510204081632,1246069077.9765806,502.6127942777644,0.0024072239517674387,6.203316717367817e-08,6,1.9999387174955048,1.600001966148073,-4.4085912412685006e-07
0.8,429.5918367346939,0.7357142857142857,1246069043.614065,474.8407775688536,6.489196431753991e-05,6.971381817927566e-08,6,1.999938722341297,1.6000021174022472,-4.3036124284439153e-07
0.8,429.5918367346939,0.7538775510204081,1245853871.8976688,442.75440984789276,0.0010404333812384884,9.409384153984464e-08,5,1.9999420634481386,1.6000012511631991,-3.82751018238142e-07
0.8,429.5918367346939,0.7720408163265305,1245853733.637545,417.78314205851825,4.786485210683355e-06,8.625760977158101e-08,5,1.9999420727986768,1.6000013866103253,-3.7922863012241044e-07
0.8,429.5918367346939,0.790204081632653,1245853671.417259,388.45232321064276,9.710325833487591e-08,9.636225469088345e-08,5,1.9999420757251725,1.600001551018619,-3.767218520654238e-07
0.8,429.5918367346939,0.8083673469387754,1245853622.7748337,357.5511758096662,9.916524503229455e-08,1.1527497263770802e-07,5,1.9999420773363767,1.6000017540477849,-3.7498501349939973e-07
0.8,429.5918367346939,0.8265306122448979,1245853569.699894,319.6895050693243,9.71279733555989e-08,1.5136244317807798e-07,5,1.9999420785598878,1.6000020091246518,-3.7407342979247525e-07
0.8,429.5918367346939,0.8446938775510203,1245807392.7613678,263.43684482809255,9.682379660764159e-08,2.587817578421223e-07,5,1.9999427147956306,1.6000022271445216,-3.6704924436956233e-07
0.8,429.5918367346939,0.8628571428571428,1104883815.2552192,236.87621110964102,9.851407260083006e-08,3.267982677637444e-07,3,2.0,1.6,0.0
0.8,429.5918367346939,0.8810204081632652,1104001410.6060982,201.40546286818068,9.242384047400137e-08,4.1689190660507714e-07,3,2.0,1.6,0.0
0.8,429.5918367346939,0.8991836734693877,1099707148.3442738,366.43340268896577,0.6867471545189592,9.807422556156306e-07,3,2.0,1.6,0.0
0.8,429.5918367346939,0.9173469387755101,1097174868.1412473,387.4606167528781,0.7641994329546153,1.2487928913333248e-06,3,2.0,1.6,0.0
0.8,429.5918367346939,0.9355102040816325,1093518876.9416935,388.1639739213401,0.8186620210785832,1.5612967394774133e-06,3,2.0,1.6,0.0
0.8,429.5918367346939,0.953673469387755,1075149505.111569,409.79821032814016,0.8781734699461893,1.876966671750469e-06,3,2.0,1.6,0.0
0.8,429.5918367346939,0.9718367346938775,1065244204.3184738,607.6953609392817,0.9502670967531841,1.722504495631528e-06,3,2.0,1.6,0.0
0.8,429.5918367346939,0.99,1036715152.9643801,1082.5047695671399,0.9900381137322145,3.7240278166091095e-05,2,2.0,1.6,0.0
0.8,438.7755102040817,0.1,1247443133.392361,1035.6974165820966,2.731855747587794e-06,2.146885711966631e-08,6,1.996455954800354,1.6009265824614907,-6.531056736184874e-05
0.8,438.7755102040817,0.11816326530612245,1247443129.4932728,1031.483492267159,2.2531197046657653e-06,2.1691715843891717e-08,6,1.9965107111303213,1.60091538622462,-6.424569694976973e-05
0.8,438.7755102040817,0.1363265306122449,1247443125.9106083,1026.4262819614253,1.676459864760392e-06,2.2013694810264838e-08,6,1.9965606977414627,1.6009059839408077,-6.326718807434248e-05
0.8,438.7755102040817,0.15448979591836737,1247443121.1312575,1020.7424923836851,1.122847682888958e-06,2.2347108253042983e-08,6,1.9966217955377108,1.6008940487459573,-6.207466309864749e-05
0.8,438.7755102040817,0.1726530612244898,1247443117.251623,1014.1309741391336,6.701570435672823e-07,2.2518506730215318e-08,6,1.996663937539649,1.600887764377168,-6.123671035032794e-05
0.8,438.7755102040817,0.19081632653061226,1247443116.8624573,1006.2392479881674,3.5119158552000167e-07,2.3229735402434494e-08,6,1.9966669587779569,1.6008927836262075,-6.113292536856024e-05
0.8,438.7755102040817,0.2089795918367347,1247443111.3629594,998.2280553201164,1.6024862667139083e-07,2.3809562122626064e-08,6,1.9967053934078234,1.6008886110353713,-6.035404240505619e-05
0.8,438.7755102040817,0.22714285714285715,1247443106.3649416,989.3423605665398,9.97609837140298e-08,2.453787316202722e-08,6,1.9967330086116573,1.6008879954642015,-5.9707230360334076e-05
0.8,438.7755102040817,0.2453061224489796,1247443099.7637057,979.8507810493911,9.981225812510228e-08,2.5298536371510508e-08,6,1.996761347509613,1.6008877552260945,-5.894737295429023e-05
0.8,438.7755102040817,0.26346938775510204,1247443092.974677,969.5722068370732,9.994405840518193e-08,2.618010706712566e-08,6,1.9967836662124243,1.6008898227903077,-5.822723784852725e-05
0.8,438.7755102040817,0.2816326530612245,1247443085.1426547,958.5976614922639,9.96131709092089e-08,2.713993422716854e-08,6,1.9968029032040406,1.6008934209805663,-5.752148070316053e-05
0.8,438.7755102040817,0.2997959183673469,1247348857.014984,950.5861410306027,5.669323263796776e-07,2.582902671263894e-08,6,1.9985987834546763,1.6003836424514977,-2.4370825459911103e-05
0.8,438.7755102040817,0.3179591836734694,1247348839.8512836,939.0227281227794,1.407072262419899e-07,2.6428351804249574e-08,6,1.9986240145053433,1.6003807560759304,-2.3738768856292298e-05
0.8,438.7755102040817,0.33612244897959187,1247348826.656862,926.1808533293588,9.982974887102807e-08,2.7459518794384672e-08,6,1.998638091702177,1.6003813730988545,-2.3301418115884393e-05
0.8,438.7755102040817,0.3542857142857143,1247251856.772317,913.1909169502213,2.122569260770986e-06,2.8122152687582632e-08,6,1.9992280648272336,1.6002106619178613,-1.2739859393072974e-05
0.8,438.7755102040817,0.37244897959183676,1247251831.6612015,899.8132478086245,4.3472905492206105e-07,2.878884038269897e-08,6,1.9992418952836661,1.6002090492066716,-1.2391862108544238e-05
0.8,438.7755102040817,0.3906122448979592,1247152053.7742393,884.1169607853016,1.1478391275333713e-05,3.04420684873975e-08,6,1.9995176291741,1.6001273075241658,-7.583531365563298e-06
0.8,438.7755102040817,0.40877551020408165,1247152018.3192768,869.8325033296729,2.393912692277504e-06,3.09545666599601e-08,6,1.9995271628917382,1.600124682376703,-7.379149203415328e-06
0.8,438.7755102040817,0.4269387755102041,1247049056.8348994,853.8735384005823,3.447864833628892e-05,3.207063524645103e-08,6,1.9996830919065938,1.600078035363262,-4.711910421096779e-06
0.8,438.7755102040817,0.44510204081632654,1246942188.706948,835.7863903787072,0.00026990993328579634,3.440820481927312e-08,6,1.9997759970581181,1.600050253466257,-3.142230792642163e-06
0.8,438.7755102040817,0.463265306122449,1246942122.0991096,821.7320535008488,7.260952419228506e-05,3.323804774721801e-08,6,1.999781705391756,1.6000486025144462,-3.0264753021089697e-06
0.8,438.7755102040817,0.48142857142857143,1246830712.1140776,803.1798528331626,0.00047058400125597847,3.5049043489972775e-08,6,1.9998385417929854,1.6000315979516992,-2.083427337678424e-06
0.8,438.7755102040817,0.4995918367346939,1246196373.1889598,898.0507026834653,0.3257920352777758,3.7943793289360235e-08,6,1.9999344513652013,1.6000027305719637,-5.571408274661665e-07
0.8,438.7755102040817,0.5177551020408163,1246196331.150035,867.5868550913784,0.31218710983179637,3.861946945137422e-08,6,1.9999344861093944,1.6000027717516847,-5.523404915850809e-07
0.8,438.7755102040817,0.5359183673469388,1246069199.1336052,918.8638561218667,0.40925613512572534,4.2399499001084253e-08,6,1.9999386868028601,1.6000014646157914,-4.855908050311428e-07
0.8,438.7755102040817,0.5540816326530612,1246069137.996749,886.8520381330383,0.40197423820021966,4.43622940057648e-08,6,1.999938704580771,1.6000015011614623,-4.814641509588401e-07
0.8,438.7755102040817,0.5722448979591837,1246069111.7169347,847.3236332572114,0.3860756381998228,4.688314719335586e-08,6,1.9999387109111506,1.6000015354329495,-4.776101578421664e-07
0.8,438.7755102040817,0.5904081632653061,1246069097.3963175,801.9594123385433,0.3602296745619375,4.869493802515155e-08,6,1.9999387139283704,1.6000015534288445,-4.7411799855267386e-07
0.8,438.7755102040817,0.6085714285714285,1246069087.5741115,755.6576885093008,0.3284401922482322,5.002286904233099e-08,6,1.9999387158087807,1.6000015698844217,-4.706671814787624e-07
0.8,438.7755102040817,0.626734693877551,1246069083.7506998,707.9386265570196,0.2864841393695152,5.027683999001782e-08,6,1.9999387164986817,1.6000015881825593,-4.672105044614879e-07
0.8,438.7755102040817,0.6448979591836734,1245958499.5569563,721.0832962623514,0.36192623781820105,5.577557991533807e-08,6,1.9999407667181113,1.6000009639301331,-4.3593786311032975e-07
0.8,438.7755102040817,0.6630612244897959,1245853821.0011153,697.1643362376697,0.3711452058797914,6.062047519325608e-08,5,1.9999420671915276,1.6000005917177655,-4.1559328511843446e-07
0.8,438.7755102040817,0.6812244897959183,1245853815.0041564,636.7034944754323,0.31264870236781606,6.112048086567933e-08,5,1.9999420676170059,1.6000006591402909,-4.1259210717356683e-07
0.8,438.7755102040817,0.6993877551020408,1246069120.27357,542.6035286030097,0.03448177428982951,5.456664481226255e-08,6,1.9999387089586698,1.6000017700907103,-4.5212872662218027e-07
0.8,438.7755102040817,0.7175510204081632,1246069092.0660603,513.533870633323,0.006674231558006296,5.977267430523765e-08,6,1.999938714968301,1.6000018926051662,-4.4567418376198944e-07
0.8,438.7755102040817,0.7357142857142857,1246069055.6873906,485.188600583889,0.0003426097849521762,6.647348010303903e-08,6,1.9999387208441495,1.6000020562941126,-4.350643978403928e-07
0.8,438.7755102040817,0.7538775510204081,1245958450.2246616,455.2091575863282,0.000627996122928265,7.890375237773386e-08,6,1.9999407712625714,1.6000015934096783,-3.9999351360391327e-07
0.8,438.7755102040817,0.7720408163265305,1245853759.8534963,426.31876057063,4.341997048777862e-05,8.533323823286043e-08,5,1.999942071272984,1.6000013421543422,-3.801483085880947e-07
0.8,438.7755102040817,0.790204081632653,1245853686.755326,396.8643761048364,9.877305621691398e-08,9.262503838727953e-08,5,1.9999420750976575,1.6000015014971811,-3.773543349219182e-07
0.8,438.7755102040817,0.8083673469387754,1245853634.480317,365.4749962598388,9.806092666093637e-08,1.0962466642615584e-07,5,1.9999420769974718,1.6000016984662189,-3.7534112695606385e-07
0.8,438.7755102040817,0.8265306122448979,1245853584.6968074,330.5354458181127,9.763967404881125e-08,1.3929640803752912e-07,5,1.9999420782597348,1.600001946125736,-3.742459090777951e-07
0.8,438.7755102040817,0.8446938775510203,1245814612.6410584,271.5081925924218,9.856978896564247e-08,2.62816625464491e-07,5,1.9999426282395834,1.6000021656168686,-3.681288717339839e-07
0.8,438.7755102040817,0.8628571428571428,1105006794.220731,242.60504012390672,9.744472235249643e-08,3.1671623872163777e-07,3,2.0,1.6,0.0
0.8,438.7755102040817,0.8810204081632652,1104147000.9415698,206.54977586393423,9.83019071163059e-08,4.0053978489090303e-07,3,2.0,1.6,0.0
0.8,438.7755102040817,0.8991836734693877,1099959850.5776336,366.3697996887781,0.6785369705222257,9.493401464610527e-07,3,2.0,1.6,0.0
0.8,438.7755102040817,0.9173469387755101,1097445628.0680728,392.02269585521606,0.7617164928341063,1.2179537046786007e-06,3,2.0,1.6,0.0
0.8,438.7755102040817,0.9355102040816325,1093852596.9077327,393.82587875287396,0.8173825785758382,1.5252062930306023e-06,3,2.0,1.6,0.0
0.8,438.7755102040817,0.953673469387755,1087890132.6870654,308.35967926082816,0.8332799988715429,2.52759366686236e-06,3,2.0,1.6,0.0
0.8,438.7755102040817,0.9718367346938775,1065642834.4989245,607.8310420842931,0.9492237665865746,1.7083840507443795e-06,3,2.0,1.6,0.0
0.8,438.7755102040817,0.99,1037455728.9288536,1105.6967160273557,0.9900386075816808,3.589846953401688e-05,2,2.0,1.6,0.0
0.8,447.9591836734694,0.1,1247534162.6637495,1046.5752235515045,9.95827497831722e-08,2.3330680191796016e-08,6,1.9865527829212517,1.6035380935006807,-0.00025610677566853296
0.8,447.9591836734694,0.11816326530612245,1247443157.2923727,1052.3730464830921,1.268945948044936e-05,2.102040404976145e-08,6,1.9961160284927943,1.6010016870728385,-7.188164133943154e-05
0.8,447.9591836734694,0.1363265306122449,1247443146.7712095,1048.1951332906617,1.0215859954298895e-05,2.0927887803916523e-08,6,1.9962664421205578,1.6009661926322725,-6.898690817507589e-05
0.8,447.9591836734694,0.15448979591836737,1247443140.3926547,1042.602588056265,7.474488085121602e-06,2.1150956939281973e-08,6,1.9963571090378731,1.6009469990566583,-6.722767992674705e-05
0.8,447.9591836734694,0.1726530612244898,1247443133.9434474,1036.2142749122258,4.959800665459544e-06,2.1451551303358218e-08,6,1.9964482005133972,1.6009281031347613,-6.545787995518253e-05
0.8,447.9591836734694,0.19081632653061226,1247443127.6167896,1029.0017621127317,2.955518363243444e-06,2.1845443932062115e-08,6,1.9965369573412022,1.600910218982912,-6.372993504327435e-05
0.8,447.9591836734694,0.2089795918367347,1247443121.3278508,1020.9654973755609,1.560494537761421e-06,2.2332822058236124e-08,6,1.9966194763018619,1.6008943912453308,-6.211721985707187e-05
0.8,447.9591836734694,0.22714285714285715,1247443117.1378088,1011.8167322352562,7.158154861845619e-07,2.2724526339416926e-08,6,1.9966648211211644,1.6008891316353808,-6.120378094304639e-05
0.8,447.9591836734694,0.2453061224489796,1247443113.5689428,1001.7469982637163,2.7919346099123804e-07,2.3541303449694404e-08,6,1.9966910190355882,1.6008896848356369,-6.06479401248917e-05
0.8,447.9591836734694,0.26346938775510204,1247443107.3790965,991.2003127450063,9.994718536215685e-08,2.438236643035026e-08,6,1.9967279296273062,1.6008878477677522,-5.983709338297115e-05
0.8,447.9591836734694,0.2816326530612245,1247443099.8779097,979.9872194415487,9.968144017259572e-08,2.5286938093669076e-08,6,1.9967609152778034,1.6008876834491568,-5.895721005926794e-05
0.8,447.9591836734694,0.2997959183673469,1247443092.003626,967.9873335800903,9.95624303510284e-08,2.6321287940018305e-08,6,1.9967863709952258,1.6008902718828188,-5.8126038109965906e-05
0.8,447.9591836734694,0.3179591836734694,1247443082.6583798,955.3159556719131,9.98313861975072e-08,2.7433105246374692e-08,6,1.9968079677229353,1.6008946492711744,-5.7321085486866645e-05
0.8,447.9591836734694,0.33612244897959187,1247348849.9235306,945.923316300323,3.6204499804566514e-07,2.606459351020425e-08,6,1.998610195480512,1.6003820692359674,-2.4092087991373413e-05
0.8,447.9591836734694,0.3542857142857143,1247348833.0163405,932.4130648644771,9.994245585645946e-08,2.6950051961491496e-08,6,1.9986319050611485,1.600380827373489,-2.3501317098311843e-05
0.8,447.9591836734694,0.37244897959183676,1247348818.7185526,917.7566729783862,9.991705668522778e-08,2.820893435358139e-08,6,1.998644578871732,1.6003825096541642,-2.3066709578329097e-05
0.8,447.9591836734694,0.3906122448979592,1247251839.0914774,903.7218214399173,7.576206907525108e-07,2.8595126399467593e-08,6,1.999238287280699,1.6002094438432901,-1.2483621235075381e-05
0.8,447.9591836734694,0.40877551020408165,1247251815.4360747,888.2012240248152,1.0057630961761751e-07,2.9699367036386793e-08,6,1.9992483009467377,1.6002079684344417,-1.222068962019647e-05
0.8,447.9591836734694,0.4269387755102041,1247152022.2399297,871.8109119398747,3.1582498655748745e-06,3.0829835085754564e-08,6,1.99952628308233,1.6001248915886626,-7.399538816690223e-06
0.8,447.9591836734694,0.44510204081632654,1247049060.0968435,854.7124243766161,3.934514722932895e-05,3.2096734365843616e-08,6,1.999682599530759,1.6000781515284055,-4.722250894236912e-06
0.8,447.9591836734694,0.463265306122449,1246942187.7753422,835.7877293006998,0.0002803610463076468,3.4357090335704757e-08,6,1.9997760875454207,1.6000502063343836,-3.1408699065874137e-06
0.8,447.9591836734694,0.48142857142857143,1246942119.478471,820.6461960552186,6.837126716147008e-05,3.3290509589571886e-08,6,1.999781886509286,1.600048536658621,-3.0223890899808423e-06
0.8,447.9591836734694,0.4995918367346939,1246830705.0363114,801.2088852439144,0.000418447188600542,3.5019216859510484e-08,6,1.9998388558347282,1.6000314964023368,-2.076698423424231e-06
0.8,447.9591836734694,0.5177551020408163,1246196339.4282103,900.694201904887,0.33501349984784423,3.8405666114955784e-08,6,1.9999344797097376,1.6000027147725424,-5.561301373808223e-07
0.8,447.9591836734694,0.5359183673469388,1246196313.0728247,865.6050845348818,0.3173289960156499,3.9480572990789305e-08,6,1.9999344991847599,1.6000027659375873,-5.514142798193307e-07
0.8,447.9591836734694,0.5540816326530612,1246069154.3118944,921.4632654017145,0.41936889686976786,4.335951838275325e-08,6,1.999938700191411,1.6000014591322185,-4.84635376001755e-07
0.8,447.9591836734694,0.5722448979591837,1246069118.4078076,883.1556684774268,0.40766769928599356,4.62094086439734e-08,6,1.9999387093940455,1.6000015028591186,-4.804238085084685e-07
0.8,447.9591836734694,0.5904081632653061,1246069098.9398096,837.9660707946188,0.3867322557209131,4.8707833272290564e-08,6,1.9999387136193905,1.6000015401459045,-4.764377950711443e-07
0.8,447.9591836734694,0.6085714285714285,1246069086.3828385,789.6380527934671,0.35824683967152027,5.060201075801362e-08,6,1.9999387160270334,1.600001556476661,-4.728624030084232e-07
0.8,447.9591836734694,0.626734693877551,1246069078.9137158,739.8163213790375,0.32141965849231724,5.1625188684789346e-08,6,1.9999387173376852,1.6000015728141408,-4.6929119753333333e-07
0.8,447.9591836734694,0.6448979591836734,1245958480.2417696,758.8115296013997,0.3954777639130747,5.552870049298703e-08,6,1.9999407685350417,1.6000009365921726,-4.377598164760894e-07
0.8,447.9591836734694,0.6630612244897959,1245853806.2082138,736.0246280552691,0.4071479028641642,6.08141161055646e-08,5,1.9999420682328344,1.600000553080869,-4.172695348820517e-07
0.8,447.9591836734694,0.6812244897959183,1245853782.6106322,673.4925504255924,0.35859398149503363,6.202904013110643e-08,5,1.9999420698285715,1.6000006124231907,-4.1428659978894267e-07
0.8,447.9591836734694,0.6993877551020408,1245853806.580602,606.4536455473127,0.2803886677877194,6.154793055486108e-08,5,1.9999420682069202,1.6000006955568096,-4.1117260874537145e-07
0.8,447.9591836734694,0.7175510204081632,1246069104.632695,524.7013602080768,0.015019389542678169,5.766107907180628e-08,6,1.9999387124438512,1.6000018241501943,-4.494417641800196e-07
0.8,447.9591836734694,0.7357142857142857,1246069068.4933264,495.4855710444808,0.0013254273046331806,6.369810485004496e-08,6,1.9999387190160116,1.6000019859222891,-4.402772588876855e-07
0.8,447.9591836734694,0.7538775510204081,1245958523.8669252,461.94290438469693,0.0021536731761990294,8.748801331032875e-08,6,1.9999407643927127,1.600001545651866,-4.032066261931444e-07
0.8,447.9591836734694,0.7720408163265305,1245853794.4153152,434.4526140302288,0.00025645838001910927,8.624839529942193e-08,5,1.9999420690411722,1.6000012997375106,-3.8121344838001294e-07
0.8,447.9591836734694,0.790204081632653,1245853703.533837,405.1950283412805,1.1371262565807433e-07,8.954433463669143e-08,5,1.999942074340874,1.6000014544630203,-3.7804755365667896e-07
0.8,447.9591836734694,0.8083673469387754,1245853646.5643294,373.36769596005865,9.944763456994311e-08,1.0456151266695664e-07,5,1.999942076616534,1.6000016456314663,-3.757573626077643e-07
0.8,447.9591836734694,0.8265306122448979,1245853598.0029137,340.11782940555645,9.971009727917496e-08,1.298570244490592e-07,5,1.9999420779654355,1.6000018861059742,-3.744229281410701e-07
0.8,447.9591836734694,0.8446938775510203,1245824221.9749312,282.2441401777743,9.816476404958595e-08,2.468174727384147e-07,5,1.999942503546255,1.60000211588583,-3.6920180687640713e-07
0.8,447.9591836734694,0.8628571428571428,1245558298.133621,236.04255332411546,9.966115785344208e-08,3.2772032294620206e-07,5,1.9999453481149971,1.600002165071683,-3.410825029899899e-07
0.8,447.9591836734694,0.8810204081632652,1104282076.69183,211.58463438772745,9.349249643592068e-08,3.884608139220292e-07,3,2.0,1.6,0.0
0.8,447.9591836734694,0.8991836734693877,1100208031.2953625,365.27814831083265,0.6690550100262344,9.175172573152068e-07,3,2.0,1.6,0.0
0.8,447.9591836734694,0.9173469387755101,1097708355.2770944,396.23514598410463,0.7590469781562045,1.1887668788616463e-06,3,2.0,1.6,0.0
0.8,447.9591836734694,0.9355102040816325,1094178728.9855204,398.87942405099255,0.815845514309029,1.4928035693957582e-06,3,2.0,1.6,0.0
0.8,447.9591836734694,0.953673469387755,1088288539.2204826,325.539067904675,0.8388470731258483,2.3686570296930247e-06,3,2.0,1.6,0.0
0.8,447.9591836734694,0.9718367346938775,1066034991.809554,607.6726161805789,0.9481533448910955,1.6956993825319841e-06,3,2.0,1.6,0.0
0.8,447.9591836734694,0.99,1038130845.786029,1128.7907141874366,0.9900382125734466,3.4602087719369507e-05,2,2.0,1.6,0.0
0.8,457.14285714285717,0.1,1247534175.7440367,1069.7218488211374,1.8146437976145116e-07,2.170519334730427e-08,6,1.9863693126957702,1.6035151587405434,-0.00025993483200637647
0.8,457.14285714285717,0.11816326530612245,1247534172.7918882,1065.1631804879373,1.3532407672605956e-07,2.199604017732576e-08,6,1.986411117609593,1.6035182515277546,-0.0002590691591850058
0.8,457.14285714285717,0.1363265306122449,1247534169.8522277,1059.774870692058,9.996390967251757e-08,2.2374539137325106e-08,6,1.9864525322941384,1.6035238364085533,-0.0002582018962721357
0.8,457.14285714285717,0.15448979591836737,1247534166.7784526,1053.572796061966,9.987889250460583e-08,2.2829344272342784e-08,6,1.9864955659337442,1.603531420786341,-0.0002572943127184154
0.8,457.14285714285717,0.1726530612244898,1247534162.7147932,1046.6645314336783,9.996505163875276e-08,2.3324557603445932e-08,6,1.9865520753302264,1.6035378674535516,-0.00025611781513817857
0.8,457.14285714285717,0.19081632653061226,1247443149.8203194,1050.1286707279874,1.6767016789057087e-05,2.0888826414981657e-08,6,1.9962229308945243,1.6009757934763476,-6.982433685637462e-05
0.8,457.14285714285717,0.2089795918367347,1247443140.0967286,1042.3965339898327,9.995395540960491e-06,2.115773042375623e-08,6,1.9963613024947402,1.6009459449259684,-6.714332814281207e-05
0.8,457.14285714285717,0.22714285714285715,1247443131.1832652,1033.727627130401,5.295546762189795e-06,2.1558337516260012e-08,6,1.9964870151976972,1.6009196973006867,-6.470275701273339e-05
0.8,457.14285714285717,0.2453061224489796,1247443123.7209942,1024.0225158757626,2.4453140820214064e-06,2.214314026746037e-08,6,1.9965899517851293,1.6008998258780582,-6.269231954230737e-05
0.8,457.14285714285717,0.26346938775510204,1247443117.2129793,1013.3448741996032,9.612028143130143e-07,2.2588262834924893e-08,6,1.9966642375443473,1.6008880622564443,-6.122115138968531e-05
0.8,457.14285714285717,0.2816326530612245,1247443113.4164317,1001.4357646677244,3.113412099661185e-07,2.3565773334471895e-08,6,1.9966920488455993,1.6008895534749676,-6.062406790208279e-05
0.8,457.14285714285717,0.2997959183673469,1247443106.2208955,989.1299608181009,9.98315130571936e-08,2.4555747230282064e-08,6,1.9967337065461233,1.6008878019798944,-5.968535253046073e-05
0.8,457.14285714285717,0.3179591836734694,1247443097.314564,976.1845103878591,9.99850996604163e-08,2.5602635124468607e-08,6,1.9967701164193563,1.6008881086045552,-5.8675530495423634e-05
0.8,457.14285714285717,0.33612244897959187,1247443088.1936905,962.4030418460121,9.988673964027581e-08,2.681284769133078e-08,6,1.9967960338470079,1.6008920534249758,-5.776852051562938e-05
0.8,457.14285714285717,0.3542857142857143,1247348858.8896096,951.5237621754146,7.572641615790481e-07,2.5806420475842246e-08,6,1.9985955517025986,1.6003840687879802,-2.4442840255689098e-05
0.8,457.14285714285717,0.37244897959183676,1247348838.050579,937.3282524421751,1.3325143673252127e-07,2.655744031242351e-08,6,1.9986262269285202,1.600380618644735,-2.3673552920254275e-05
0.8,457.14285714285717,0.3906122448979592,1247348821.9785848,921.7180676599108,9.963654702648113e-08,2.7827107247803402e-08,6,1.9986420814976535,1.600381756569946,-2.316594697893772e-05
0.8,457.14285714285717,0.40877551020408165,1247251843.3638916,906.4393417001265,1.1037844298251775e-06,2.8418246394265156e-08,6,1.9992360447233348,1.6002095716106208,-1.2543585347780429e-05
0.8,457.14285714285717,0.4269387755102041,1247251818.0077028,889.8888652709627,1.341054714985397e-07,2.9586240308020604e-08,6,1.9992473944122562,1.600208129475656,-1.2244002471531833e-05
0.8,457.14285714285717,0.44510204081632654,1247152023.1417687,872.469379741441,3.5463967617159263e-06,3.076915968034162e-08,6,1.9995260747711134,1.6001249128623778,-7.404871958905504e-06
0.8,457.14285714285717,0.463265306122449,1247049058.3327293,854.3770974433304,3.950256978604783e-05,3.206118227817579e-08,6,1.9996828673063212,1.6000780488629587,-4.7170771960535545e-06
0.8,457.14285714285717,0.48142857142857143,1246942176.7028246,835.0219296491817,0.0002634178511987512,3.388955015836123e-08,6,1.9997771541161005,1.6000498735347264,-3.1211851833161512e-06
0.8,457.14285714285717,0.4995918367346939,1246942112.637887,818.2524075376324,5.617156158956709e-05,3.3328758599954643e-08,6,1.9997823402735833,1.600048393425187,-3.012083622231824e-06
0.8,457.14285714285717,0.5177551020408163,1246196354.5963402,933.7633262026873,0.3549276092344739,3.809291101978104e-08,6,1.999934467380842,1.6000026506205987,-5.599076671772615e-07
0.8,457.14285714285717,0.5359183673469388,1246196317.4002545,899.2716815188229,0.34119458341824876,3.935885459556692e-08,6,1.999934496173183,1.600002708381651,-5.549379483315504e-07
0.8,457.14285714285717,0.5540816326530612,1246069181.6618857,955.1321336457062,0.43405525948749185,4.239520644439982e-08,6,1.999938692209985,1.6000014187473954,-4.87644880039363e-07
0.8,457.14285714285717,0.5722448979591837,1246069128.4612195,918.8287542151878,0.42636644122755213,4.523100355684588e-08,6,1.9999387069899262,1.600001460417324,-4.834592575494979e-07
0.8,457.14285714285717,0.5904081632653061,1246069102.8919096,874.4187246608716,0.4099552004448206,4.8293600887785026e-08,6,1.9999387128087056,1.6000015095412092,-4.790980694202055e-07
0.8,457.14285714285717,0.6085714285714285,1246069087.2661297,824.6414124254943,0.3848429328148715,5.076065512735971e-08,6,1.999938715865212,1.6000015447972102,-4.750455561573673e-07
0.8,457.14285714285717,0.626734693877551,1246069076.3668666,773.3305272118157,0.3530266558265082,5.263257676105164e-08,6,1.9999387177639214,1.6000015599557316,-4.713365221911651e-07
0.8,457.14285714285717,0.6448979591836734,1245958481.2766817,796.4503261364664,0.42393572565927934,5.590279237578935e-08,6,1.9999407684384085,1.6000009130402928,-4.395635322651548e-07
0.8,457.14285714285717,0.6630612244897959,1245853802.9533656,775.7645832641275,0.4381887302541148,6.08706532888739e-08,5,1.9999420684581026,1.6000005188833,-4.188963018526218e-07
0.8,457.14285714285717,0.6812244897959183,1245853765.498457,713.1434882901933,0.40004066466866905,6.360495396635496e-08,5,1.9999420709244362,1.6000005712224765,-4.158542752672291e-07
0.8,457.14285714285717,0.6993877551020408,1245853767.107776,641.5332737110856,0.33241463255459697,6.314266579967021e-08,5,1.9999420708235665,1.6000006444633912,-4.1284533655755776e-07
0.8,457.14285714285717,0.7175510204081632,1245853836.3575256,570.2108246072313,0.22823689957163523,6.306875375330364e-08,5,1.9999420660840534,1.6000007500237903,-4.094410616956278e-07
0.8,457.14285714285717,0.7357142857142857,1246069081.585261,505.78098206530433,0.004006715228657087,6.131730892896315e-08,6,1.999938716878778,1.6000019078117105,-4.453457650276113e-07
0.8,457.14285714285717,0.7538775510204081,1246069044.3181632,475.47555828070887,9.117039454052041e-05,6.949805824352702e-08,6,1.9999387222600986,1.6000021002024387,-4.3258264785958623e-07
0.8,457.14285714285717,0.7720408163265305,1245853850.1432512,441.65821338526496,0.0010629881228084294,9.118844307445354e-08,5,1.9999420650720152,1.6000012584774206,-3.826362034982222e-07
0.8,457.14285714285717,0.790204081632653,1245853722.3332264,413.4169521865769,1.8779152266533737e-06,8.71824641086606e-08,5,1.99994207340519,1.6000014097592377,-3.7879984929385956e-07
0.8,457.14285714285717,0.8083673469387754,1245853659.1650033,381.2231074915808,9.796307819326279e-08,1.0006055046311716e-07,5,1.9999420761834417,1.6000015953618023,-3.762325164127882e-07
0.8,457.14285714285717,0.8265306122448979,1245853608.290546,347.44149339757877,9.863148585124432e-08,1.2334632292242394e-07,5,1.9999420777178138,1.6000018290100857,-3.746215171648187e-07
0.8,457.14285714285717,0.8446938775510203,1245835647.8572955,292.3125254813652,9.882221733364153e-08,2.3808850197492537e-07,5,1.9999423410178276,1.6000020817995175,-3.71047403809772e-07
0.8,457.14285714285717,0.8628571428571428,1245664272.3565485,248.37951213183663,9.870960126028883e-08,3.054667229623236e-07,5,1.9999442951115718,1.6000021234150938,-3.512750536338985e-07
0.8,457.14285714285717,0.8810204081632652,1104418425.7870855,216.88908904927692,9.380727907899013e-08,3.7257638049378597e-07,3,2.0,1.6,0.0
0.8,457.14285714285717,0.8991836734693877,1100471185.4979408,360.6907327307688,0.6552558332862287,8.841159244430662e-07,3,2.0,1.6,0.0
0.8,457.14285714285717,0.9173469387755101,1097957962.646122,400.6290155780169,0.7565385873101611,1.1598122839054957e-06,3,2.0,1.6,0.0
0.8,457.14285714285717,0.9355102040816325,1094489975.8829875,403.97350076389085,0.814363209559869,1.4610136681051417e-06,3,2.0,1.6,0.0
0.8,457.14285714285717,0.953673469387755,1088678686.6042485,341.5391378887526,0.8432954006230612,2.233708791747328e-06,3,2.0,1.6,0.0
0.8,457.14285714285717,0.9718367346938775,1066413094.4471092,608.2459225569595,0.9471925216739242,1.682986261870248e-06,3,2.0,1.6,0.0
0.8,457.14285714285717,0.99,1038767123.2531112,1151.8126282001058,0.99003720640499,3.331876498529108e-05,2,2.0,1.6,0.0
0.8,466.32653061224494,0.1,1247534198.2847054,1091.5572702494815,1.4182982650759888e-06,2.0717923505224765e-08,6,1.9860454482326773,1.6035292201380098,-0.0002664936361367112
0.8,466.32653061224494,0.11816326530612245,1247534192.0885398,1087.3334993941605,1.1421731222313126e-06,2.0833576183474464e-08,6,1.9861351347395118,1.6035201917522595,-0.0002646947330116541
0.8,466.32653061224494,0.1363265306122449,1247534186.136536,1082.2401730655267,8.251930300841221e-07,2.1031574670203867e-08,6,1.9862208963706942,1.6035144833975188,-0.0002629641521098799
0.8,466.32653061224494,0.15448979591836737,1247534180.9783704,1076.1963629486042,5.321883129385845e-07,2.134983337425361e-08,6,1.9862948012006352,1.6035142006680256,-0.0002614549830590863
0.8,466.32653061224494,0.1726530612244898,1247534175.40014,1069.366429199876,3.039363946905308e-07,2.1725459047350593e-08,6,1.9863741930181416,1.6035148579851768,-0.00025983133649773313
0.8,466.32653061224494,0.19081632653061226,1247534170.7273319,1061.5709468555278,1.5147104059180139e-07,2.2243569038846693e-08,6,1.9864402289015128,1.6035214634156874,-0.00025845752018994995
0.8,466.32653061224494,0.2089795918367347,1247534166.444007,1052.870977632547,9.963122129457698e-08,2.288287482030023e-08,6,1.9865002323853738,1.603532191000835,-0.0002571916049147246
0.8,466.32653061224494,0.22714285714285715,1247534161.0354815,1043.4591447699825,9.969465073529024e-08,2.357265380520067e-08,6,1.986575312286233,1.6035414713316447,-0.0002556264239464345
0.8,466.32653061224494,0.2453061224489796,1247443142.9400742,1044.9729992209868,1.446214220695917e-05,2.1050718207223633e-08,6,1.996320964739777,1.6009543181420345,-6.79227269788235e-05
0.8,466.32653061224494,0.26346938775510204,1247443131.8714056,1034.7210972890787,6.698514483125367e-06,2.149664208844725e-08,6,1.9964773489880792,1.60092137182169,-6.488894953857672e-05
0.8,466.32653061224494,0.2816326530612245,1247443123.0360415,1023.3058691842697,2.6361112490803784e-06,2.218094055951645e-08,6,1.9965986755035614,1.6008979487590402,-6.251971233468587e-05
0.8,466.32653061224494,0.2997959183673469,1247443117.079355,1010.6303073137567,8.525677721860766e-07,2.2830962214958283e-08,6,1.996665274919847,1.6008896932180197,-6.118295115321561e-05
0.8,466.32653061224494,0.3179591836734694,1247443110.756885,997.1134112192802,2.179769925000389e-07,2.389979726684045e-08,6,1.9967091008521796,1.6008881989461696,-6.02683056737327e-05
0.8,466.32653061224494,0.33612244897959187,1247443102.0175343,983.0379223833831,9.994601584004662e-08,2.5042295694851946e-08,6,1.9967524826960037,1.600887409312611,-5.919187273198873e-05
0.8,466.32653061224494,0.3542857142857143,1247443092.1054382,968.2305451976622,9.9888907320725e-08,2.6297897516011927e-08,6,1.9967860942072524,1.6008900116161517,-5.813504027079618e-05
0.8,466.32653061224494,0.37244897959183676,1247348871.3290777,955.215444910503,1.3134140095153493e-06,2.5960583747056116e-08,6,1.9985723381199456,1.6003890042448718,-2.493107215575738e-05
0.8,466.32653061224494,0.3906122448979592,1247348843.042823,940.7223798326241,2.2027696294787143e-07,2.637178179672842e-08,6,1.9986199104174847,1.600381095299416,-2.3837708475702342e-05
0.8,466.32653061224494,0.40877551020408165,1247348824.805964,924.1752335432136,9.97733848673613e-08,2.7632316476031832e-08,6,1.9986397207048858,1.6003814723964915,-2.3243101849785497e-05
0.8,466.32653061224494,0.4269387755102041,1247251845.867213,907.747733260866,1.3552017618570234e-06,2.8354422740170036e-08,6,1.9992346620950734,1.6002096834562514,-1.257818383459108e-05
0.8,466.32653061224494,0.44510204081632654,1247251818.824161,890.1355884078962,1.4591896531542017e-07,2.9582059852796036e-08,6,1.9992470984866564,1.600208164541672,-1.2250397011644307e-05
0.8,466.32653061224494,0.463265306122449,1247152022.0263066,871.6457905879682,3.380971063207694e-06,3.0845114810846336e-08,6,1.999526332159678,1.6001248132615487,-7.398511573661253e-06
0.8,466.32653061224494,0.48142857142857143,1247049053.2371278,852.6383904611287,3.4631873043726106e-05,3.209686357818415e-08,6,1.99968361994493,1.6000778120386727,-4.701130215498861e-06
0.8,466.32653061224494,0.4995918367346939,1246942164.1976476,832.6239775210896,0.00022005399839522633,3.365607585581622e-08,6,1.999778310448629,1.600049521758381,-3.0982535658133342e-06
0.8,466.32653061224494,0.5177551020408163,1246196383.8709714,966.0846057007907,0.3718879846479004,3.790680947064918e-08,6,1.9999344418080798,1.6000025931195876,-5.633539800032219e-07
0.8,466.32653061224494,0.5359183673469388,1246196325.7584703,933.1928792870135,0.3622405696759992,3.903906915290819e-08,6,1.9999344901469975,1.6000026426097709,-5.584378988765536e-07
0.8,466.32653061224494,0.5540816326530612,1246196300.8501472,893.640587295297,0.3441294598777564,4.050832408000827e-08,6,1.9999345072441947,1.6000027097422578,-5.534819590764914e-07
0.8,466.32653061224494,0.5722448979591837,1246069142.9288454,954.0569976539543,0.44249432271074823,4.4040959434495325e-08,6,1.9999387032871307,1.6000014182487,-4.862741521825018e-07
0.8,466.32653061224494,0.5904081632653061,1246069109.2801833,910.9448426316499,0.430189960639351,4.749765354214249e-08,6,1.9999387114471057,1.6000014678593422,-4.819927135103273e-07
0.8,466.32653061224494,0.6085714285714285,1246069089.952353,860.4227550283234,0.40856954179623334,5.051639883323608e-08,6,1.9999387153679287,1.6000015206841878,-4.774867744742527e-07
0.8,466.32653061224494,0.626734693877551,1246069075.8107603,808.0608748032718,0.3812985318069162,5.3189664534175644e-08,6,1.99993871785542,1.6000015489556998,-4.7336598738187873e-07
0.8,466.32653061224494,0.6448979591836734,1245958502.735347,833.1842464931096,0.44757396995768345,5.654675274797752e-08,6,1.9999407664161015,1.6000008926915255,-4.413738939861242e-07
0.8,466.32653061224494,0.6630612244897959,1245853810.3944538,814.7594932159178,0.4636493609117133,6.042424638485493e-08,5,1.9999420679415185,1.6000004885755506,-4.205069732025798e-07
0.8,466.32653061224494,0.6812244897959183,1245853758.488872,753.6112485317557,0.43483739184846526,6.464213155310231e-08,5,1.9999420713563993,1.6000005348747426,-4.173573720753143e-07
0.8,466.32653061224494,0.6993877551020408,1245853744.619799,680.6752627053104,0.38058747058394427,6.605570703987953e-08,5,1.9999420721791863,1.6000005994443252,-4.14341056809476e-07
0.8,466.32653061224494,0.7175510204081632,1245853771.7546306,601.8649872799324,0.28645197745400075,6.279810364468844e-08,5,1.9999420705300301,1.6000006923933783,-4.1120932848085154e-07
0.8,466.32653061224494,0.7357142857142857,1246069094.0353856,516.1980287453106,0.009639753245011665,5.918076962371471e-08,6,1.999938714589324,1.6000018379008103,-4.48984262985436e-07
0.8,466.32653061224494,0.7538775510204081,1246069055.657522,485.20648677442415,0.0004292875952382787,6.646806121316419e-08,6,1.999938720848114,1.6000020313546224,-4.379429643002353e-07
0.8,466.32653061224494,0.7720408163265305,1245958438.640933,453.07639362919184,0.0005626207569960601,7.806025111939068e-08,6,1.999940772271677,1.6000016019946446,-3.999765568097537e-07
0.8,466.32653061224494,0.790204081632653,1245853744.1825333,421.48275759213715,1.8451851273370693e-05,8.568976261250355e-08,5,1.999942072204498,1.6000013672238667,-3.7961731227794947e-07
0.8,466.32653061224494,0.8083673469387754,1245853672.4463792,389.038410979008,9.843059032093983e-08,9.608725728815335e-08,5,1.9999420756849273,1.6000015474887828,-3.767638670844118e-07
0.8,466.32653061224494,0.8265306122448979,1245853618.6702533,354.7156085435338,9.746613616969111e-08,1.1743101550103635e-07,5,1.9999420774485799,1.600001774610182,-3.748722318972033e-07
0.8,466.32653061224494,0.8446938775510203,1245853550.4865763,305.9044940005885,9.734313655232904e-08,1.6912003428525464e-07,5,1.999942078902211,1.600002070069464,-3.7382484231350154e-07
0.8,466.32653061224494,0.8628571428571428,1245739112.327746,256.97724724537755,9.743138031200638e-08,2.8892643266822584e-07,5,1.9999434904138789,1.6000021847219295,-3.5969888098286324e-07
0.8,466.32653061224494,0.8810204081632652,1104543082.6578898,221.94268881390877,9.818763920386151e-08,3.610378164612672e-07,3,2.0,1.6,0.0
0.8,466.32653061224494,0.8991836734693877,1103489714.1516142,184.9623101087225,9.816910635131373e-08,4.7588470885357016e-07,3,2.0,1.6,0.0
0.8,466.32653061224494,0.9173469387755101,1098203088.429146,404.4074782422216,0.7536620382400329,1.132928391510061e-06,3,2.0,1.6,0.0
0.8,466.32653061224494,0.9355102040816325,1094790083.6554654,408.86038439939085,0.8128151334011448,1.4308802612871823e-06,3,2.0,1.6,0.0
0.8,466.32653061224494,0.953673469387755,1089063429.683115,356.1239878029031,0.8467223159233247,2.1203148163873298e-06,3,2.0,1.6,0.0
0.8,466.32653061224494,0.9718367346938775,1066799276.3105627,606.9813016822517,0.9460301098804298,1.6754266629959331e-06,3,2.0,1.6,0.0
0.8,466.32653061224494,0.99,1039397101.1902926,1174.7823283175182,0.9900357938647675,3.197656421355502e-05,2,2.0,1.6,0.0
0.8,475.51020408163265,0.1,1247621426.7420712,1087.9916318145056,9.957193974749679e-08,2.2936896878203954e-08,6,1.9523476315260058,1.6121635348332484,-0.0009304754996097165
0.8,475.51020408163265,0.11816326530612245,1247621424.668122,1083.0841689953277,9.967931215297295e-08,2.3305562059521548e-08,6,1.9523763050313092,1.612206437975709,-0.000929785101784259
0.8,475.51020408163265,0.1363265306122449,1247534213.9771147,1103.2065463268775,5.121332955691539e-06,2.0342736077707743e-08,6,1.9858165605258495,1.6035495030904467,-0.0002710964947285571
0.8,475.51020408163265,0.15448979591836737,1247534205.4667256,1097.4475245720444,3.6199767537810448e-06,2.0501577507395114e-08,6,1.9859410192434934,1.6035368066556448,-0.0002685960433310202
0.8,475.51020408163265,0.1726530612244898,1247534196.7066052,1090.8720174166724,2.3047136300791347e-06,2.071582589551109e-08,6,1.9860683274920583,1.6035256448305844,-0.0002660336803297867
0.8,475.51020408163265,0.19081632653061226,1247534187.4890416,1083.5227604961092,1.3077415405037046e-06,2.0975720646634907e-08,6,1.9862014503496748,1.603515250006523,-0.0002633527978640595
0.8,475.51020408163265,0.2089795918367347,1247534180.2998676,1075.0440038031722,6.500374066047831e-07,2.142183975774332e-08,6,1.9863044861259667,1.6035150189197804,-0.0002612483552338511
0.8,475.51020408163265,0.22714285714285715,1247534173.1039078,1065.7081726499623,2.7806843682807756e-07,2.1962342881724682e-08,6,1.9864067091957653,1.6035174355070405,-0.0002591523431075977
0.8,475.51020408163265,0.2453061224489796,1247534167.6442173,1055.270524622554,9.99862962324664e-08,2.2705091537556417e-08,6,1.9864834724333695,1.6035291306039805,-0.0002575405726016533
0.8,475.51020408163265,0.26346938775510204,1247534161.2752507,1044.0684068543464,9.967813880239872e-08,2.3524364133846568e-08,6,1.9865719997241391,1.6035403611885166,-0.00025569385562553644
0.8,475.51020408163265,0.2816326530612245,1247443141.7654078,1043.8424337405233,1.526387063854864e-05,2.110122730938663e-08,6,1.9963376431804234,1.6009507419862186,-6.75951909543334e-05
0.8,475.51020408163265,0.2997959183673469,1247443129.7873037,1031.7670054889375,5.978623062808258e-06,2.1676457101501842e-08,6,1.9965065928459351,1.6009158095439877,-6.431324182906309e-05
0.8,475.51020408163265,0.3179591836734694,1247443119.4310737,1018.5909447637267,1.9171766745222584e-06,2.2478572008633292e-08,6,1.9966410943738733,1.6008901255587416,-6.168486086592127e-05
0.8,475.51020408163265,0.33612244897959187,1247443115.036846,1003.6937805755473,4.790795505457138e-07,2.3403630384077816e-08,6,1.9966806698709412,1.600890690725804,-6.0848078469545624e-05
0.8,475.51020408163265,0.3542857142857143,1247443105.8563755,988.5350163241064,9.981745370473155e-08,2.4605697130519775e-08,6,1.9967354608063326,1.600887627340217,-5.9635592658516495e-05
0.8,475.51020408163265,0.37244897959183676,1247443095.0491636,972.6772979076218,9.965905114444889e-08,2.5908760703156295e-08,6,1.9967775138582844,1.6008887292781717,-5.8429581478448697e-05
0.8,475.51020408163265,0.3906122448979592,1247443083.1007717,956.0353952066089,9.974021177424481e-08,2.736919460852863e-08,6,1.9968070986658646,1.600894105747916,-5.735603386486342e-05
0.8,475.51020408163265,0.40877551020408165,1247348845.678148,942.8317457679811,3.0182340955895494e-07,2.623767592787293e-08,6,1.99861634694839,1.6003812812727485,-2.3932157278823236e-05
0.8,475.51020408163265,0.4269387755102041,1247348825.8349564,925.2400831891416,9.97978799272938e-08,2.7539987386323108e-08,6,1.9986388240381232,1.600381291040028,-2.3273687778150698e-05
0.8,475.51020408163265,0.44510204081632654,1247251845.7841623,907.6891877383067,1.4063119020260687e-06,2.8358302663629064e-08,6,1.9992347085118054,1.600209635716211,-1.257667769898524e-05
0.8,475.51020408163265,0.463265306122449,1247251816.4258747,889.052517587888,1.2920229291872727e-07,2.963005008161588e-08,6,1.999247956469084,1.60020791892733,-1.2230233922872288e-05
0.8,475.51020408163265,0.48142857142857143,1247152017.415904,869.449640886778,2.7152351979146846e-06,3.0974146111249264e-08,6,1.9995273601811048,1.6001245021523849,-7.3751663721453345e-06
0.8,475.51020408163265,0.4995918367346939,1247049044.4334576,849.4970819268577,2.6185330317080316e-05,3.217692320147019e-08,6,1.9996848559548748,1.600077441381622,-4.674492152627725e-06
0.8,475.51020408163265,0.5177551020408163,1246942146.1826358,828.9952985142581,0.0001616523336002522,3.329639601521706e-08,6,1.9997798679440364,1.6000490577398878,-3.066858068160942e-06
0.8,475.51020408163265,0.5359183673469388,1246196339.3094714,967.0200631187196,0.3806550994432477,3.85637010553659e-08,6,1.999934479802762,1.600002580536495,-5.614952704462868e-07
0.8,475.51020408163265,0.5540816326530612,1246196305.5057106,928.1245192038654,0.3664279977252921,4.031660904890635e-08,6,1.9999345042507302,1.6000026439103119,-5.567931299076232e-07
0.8,475.51020408163265,0.5722448979591837,1246069164.7461305,988.496451446696,0.45628755049084707,4.278893234896976e-08,6,1.999938697228664,1.600001379447505,-4.887041279854925e-07
0.8,475.51020408163265,0.5904081632653061,1246069118.3605123,947.2617280390901,0.4477745120259451,4.639108790977277e-08,6,1.999938709405082,1.6000014243768403,-4.847222955751742e-07
0.8,475.51020408163265,0.6085714285714285,1246069094.034906,897.1725693877804,0.4301857533176421,4.996654991095435e-08,6,1.9999387145894165,1.600001481462013,-4.80222511784163e-07
0.8,475.51020408163265,0.626734693877551,1246069077.0169764,843.6308806027323,0.4064207713740998,5.3275243399084874e-08,6,1.9999387176562458,1.600001530483162,-4.755624194962224e-07
0.8,475.51020408163265,0.6448979591836734,1246069065.3588617,787.0938219703849,0.374246896433898,5.5760168807193624e-08,6,1.9999387194870464,1.6000015546779391,-4.714847759299005e-07
0.8,475.51020408163265,0.6630612244897959,1245853830.0215738,852.6151659318418,0.4845940182624305,5.966443948729798e-08,5,1.99994206654394,1.600000461653552,-4.221221567322757e-07
0.8,475.51020408163265,0.6812244897959183,1245853758.6021013,793.6887693735141,0.46333384809559264,6.472931420735176e-08,5,1.9999420713495346,1.6000005026422466,-4.1883074719338806e-07
0.8,475.51020408163265,0.6993877551020408,1245853733.1043906,721.3745375426935,0.42112421123147986,6.850442091713745e-08,5,1.9999420728281156,1.6000005598579077,-4.15742586982011e-07
0.8,475.51020408163265,0.7175510204081632,1245853739.9833012,637.674092569448,0.34128459636755554,6.631680878148932e-08,5,1.9999420724442505,1.600000641818582,-4.127110322069138e-07
0.8,475.51020408163265,0.7357142857142857,1245853814.9879003,557.4178323862507,0.2148856569314554,6.295843833294732e-08,5,1.9999420676181514,1.6000007638588005,-4.091715661525113e-07
0.8,475.51020408163265,0.7538775510204081,1246069067.534715,494.89566534146877,0.001541393210632799,6.38410611964794e-08,6,1.999938719161899,1.6000019506190735,-4.4352165822266614e-07
0.8,475.51020408163265,0.7720408163265305,1245958488.247387,460.2772808407688,0.001939067516381442,8.263051613567378e-08,6,1.9999407677867067,1.6000015531953828,-4.0342836382963563e-07
0.8,475.51020408163265,0.790204081632653,1245853770.9172826,429.3030892124258,0.00011923604532415462,8.538158084990193e-08,5,1.9999420705832631,1.6000013265627961,-3.8054264102455786e-07
0.8,475.51020408163265,0.8083673469387754,1245853686.6322098,396.7998742144471,9.93777684789345e-08,9.265086552605762e-08,5,1.9999420751029442,1.6000015018697977,-3.7734921503004546e-07
0.8,475.51020408163265,0.8265306122448979,1245853629.2543995,361.96805334356503,9.892812255580718e-08,1.1205565243614873e-07,5,1.9999420771522767,1.6000017227366394,-3.751757040481523e-07
0.8,475.51020408163265,0.8446938775510203,1245853570.747101,320.4461025892394,9.817771817131971e-08,1.5046773822316321e-07,5,1.9999420785399258,1.6000020071809766,-3.740899387197219e-07
0.8,475.51020408163265,0.8628571428571428,1245754849.4352868,260.87081217328836,9.606054032331961e-08,2.807362755149138e-07,5,1.9999433133252067,1.6000021509799813,-3.612200571104154e-07
0.8,475.51020408163265,0.8810204081632652,1104678076.813979,227.68521405862103,9.942923867705145e-08,3.494799621523184e-07,3,2.0,1.6,0.0
0.8,475.51020408163265,0.8991836734693877,1103621942.5447772,188.96963352238726,9.739905961346049e-08,4.587190889355964e-07,3,2.0,1.6,0.0
0.8,475.51020408163265,0.9173469387755101,1098432775.1056366,408.73925147880186,0.751190070248512,1.1053716401669225e-06,3,2.0,1.6,0.0
0.8,475.51020408163265,0.9355102040816325,1095076467.8261104,413.89242859551166,0.8113687928231662,1.4009068020749956e-06,3,2.0,1.6,0.0
0.8,475.51020408163265,0.953673469387755,1089435279.2943435,369.52899084343863,0.8493892763295203,2.023355500752657e-06,3,2.0,1.6,0.0
0.8,475.51020408163265,0.9718367346938775,1067164776.1855948,607.6255215987583,0.945064296213432,1.6629688823483662e-06,3,2.0,1.6,0.0
0.8,475.51020408163265,0.99,1040022664.845708,1197.713078493157,0.9900341088718021,3.056268320351572e-05,2,2.0,1.6,0.0
0.8,484.6938775510204,0.1,1247621440.3824456,1111.2134382235704,9.983831932925964e-08,2.1420323916770976e-08,6,1.9521564449732083,1.6119744537932879,-0.0009348420571604247
0.8,484.6938775510204,0.11816326530612245,1247621437.7281275,1106.2843594411495,9.987534463012822e-08,2.1736755431575588e-08,6,1.9521939736242766,1.6120145427280046,-0.000933974722994154
0.8,484.6938775510204,0.1363265306122449,1247621434.4115236,1100.5582646007176,9.968082741922756e-08,2.2105656344394576e-08,6,1.9522406415428022,1.6120609325500537,-0.0009329057924322423
0.8,484.6938775510204,0.15448979591836737,1247621430.0430427,1094.0777045460002,9.956180222539057e-08,2.2514672232079495e-08,6,1.95230173438178,1.6121124034407976,-0.0009315310610414134
0.8,484.6938775510204,0.1726530612244898,1247621426.1611123,1086.6643412850133,9.972934545929254e-08,2.3034670819609893e-08,6,1.952355677572551,1.6121748411282628,-0.0009302765301755688
0.8,484.6938775510204,0.19081632653061226,1247534216.3309388,1103.9072023885506,7.706790097857984e-06,2.0372968284035445e-08,6,1.9857820385490936,1.603555288734075,-0.0002717745284802117
0.8,484.6938775510204,0.2089795918367347,1247534203.7854788,1095.9246480715287,4.34882320791172e-06,2.056349111821419e-08,6,1.985965510004008,1.6035351915249119,-0.0002680942135927204
0.8,484.6938775510204,0.22714285714285715,1247534191.8650682,1087.00435657398,2.1585239480924496e-06,2.085185160871678e-08,6,1.986138361494134,1.6035200082455054,-0.000264617477800734
0.8,484.6938775510204,0.2453061224489796,1247534181.6908207,1076.9986059964185,9.219733790404131e-07,2.1306247350226595e-08,6,1.9862846204487283,1.6035139971511405,-0.0002616527002667962
0.8,484.6938775510204,0.26346938775510204,1247534173.2007294,1065.8875692431286,3.2990510609291126e-07,2.1950050101218406e-08,6,1.9864053403050008,1.6035170980071918,-0.0002591764963470871
0.8,484.6938775510204,0.2816326530612245,1247534166.7971528,1053.6082569028183,9.9991477620882e-08,2.2826594383743714e-08,6,1.986495304942653,1.6035309644968487,-0.0002572875385131024
0.8,484.6938775510204,0.2997959183673469,1247443152.8747106,1051.4204387414752,2.9777795711587433e-05,2.0909205635904616e-08,6,1.9961792634825748,1.60098565571234,-7.065381385825576e-05
0.8,484.6938775510204,0.3179591836734694,1247443136.599173,1038.8038189837882,1.15344618198998e-05,2.1333151480989828e-08,6,1.99641076485691,1.6009354592391245,-6.617149035198402e-05
0.8,484.6938775510204,0.33612244897959187,1247443124.1761422,1024.7702897424365,3.6227729372817175e-06,2.2094173028802827e-08,6,1.9965840511201063,1.6009005210276888,-6.27996604375641e-05
0.8,484.6938775510204,0.3542857142857143,1247443117.0039527,1009.1017935818113,8.770666797078396e-07,2.2968903243574016e-08,6,1.9966658602957705,1.6008904855175339,-6.115761192133958e-05
0.8,484.6938775510204,0.37244897959183676,1247443108.2341688,992.7050869930121,1.544858793043795e-07,2.4256604560196992e-08,6,1.996723451283681,1.6008875619966363,-5.993911829758682e-05
0.8,484.6938775510204,0.3906122448979592,1247443096.8212502,975.7215343000614,9.997600340203615e-08,2.5638778917189948e-08,6,1.996771794055434,1.6008878077908624,-5.8624160200531754e-05
0.8,484.6938775510204,0.40877551020408165,1247443084.5553818,957.9028729816589,9.995764670542271e-08,2.7203012713655102e-08,6,1.9968041433941621,1.6008933185791498,-5.7469058175005945e-05
0.8,484.6938775510204,0.4269387755102041,1247348846.505783,943.5352128468431,3.446912260996474e-07,2.619102767411832e-08,6,1.9986151878488414,1.6003812992965476,-2.3962383844608894e-05
0.8,484.6938775510204,0.44510204081632654,1247348825.297731,924.8347079542094,9.972516519504154e-08,2.7572810679487055e-08,6,1.9986392961377104,1.6003812583183257,-2.325871579450226e-05
0.8,484.6938775510204,0.463265306122449,1247251843.0493877,906.2201092196079,1.2268860929306904e-06,2.843517736568395e-08,6,1.9992362148688498,1.600209427696394,-1.2538256402049492e-05
0.8,484.6938775510204,0.48142857142857143,1247152061.248987,884.7906978104822,1.6038396592097553e-05,3.072101399473065e-08,6,1.9995152697440448,1.6001277861029515,-7.6282996314775465e-06
0.8,484.6938775510204,0.4995918367346939,1247152010.2413273,865.7327683148432,1.801999632186831e-06,3.121565957445791e-08,6,1.999528849720424,1.6001240688786964,-7.340272768557646e-06
0.8,484.6938775510204,0.5177551020408163,1247049029.5207045,845.1895836469367,1.6756565475460643e-05,3.209507830741118e-08,6,1.9996867811587955,1.600076874051387,-4.633772638852635e-06
0.8,484.6938775510204,0.5359183673469388,1246196361.4604154,1000.3096041121742,0.3965611456402238,3.8049887425297394e-08,6,1.9999344615691996,1.600002523813203,-5.642874323742134e-07
0.8,484.6938775510204,0.5540816326530612,1246196313.3668916,962.7812406726943,0.38612055637798465,3.9896398236110814e-08,6,1.9999344989842518,1.6000025800144326,-5.596615472601428e-07
0.8,484.6938775510204,0.5722448979591837,1246069208.4661255,1021.1017159826238,0.467557411343944,4.1963605821278825e-08,6,1.9999386838416433,1.6000013452552146,-4.910672465538205e-07
0.8,484.6938775510204,0.5904081632653061,1246069130.8126118,983.1300438372651,0.463021838702354,4.506455624839508e-08,6,1.9999387064066654,1.6000013839236622,-4.870292189344362e-07
0.8,484.6938775510204,0.6085714285714285,1246069099.8075366,934.3697636745758,0.4495201929619617,4.9098985763081084e-08,6,1.9999387134428832,1.6000014371939075,-4.829073086725039e-07
0.8,484.6938775510204,0.626734693877551,1246069079.8074641,879.739408506885,0.428686010976394,5.292044634627466e-08,6,1.9999387171852525,1.600001496654162,-4.780859492549353e-07
0.8,484.6938775510204,0.6448979591836734,1246069065.1223497,822.3897034421293,0.4013175836400197,5.6319699723852933e-08,6,1.999938719521991,1.600001541935396,-4.734271694595902e-07
0.8,484.6938775510204,0.6630612244897959,1245958428.9436378,856.7922348980778,0.4739067548174312,5.898288956757177e-08,6,1.9999407730934824,1.600000880329486,-4.411807327217608e-07
0.8,484.6938775510204,0.6812244897959183,1245853763.7290518,833.4252991378958,0.4872059210276122,6.397927237536792e-08,5,1.9999420710342202,1.6000004738356073,-4.2029342070069284e-07
0.8,484.6938775510204,0.6993877551020408,1245853728.0915847,763.0152104501193,0.45519584673624763,6.981812728271275e-08,5,1.9999420731003101,1.6000005248294527,-4.1709256839481697e-07
0.8,484.6938775510204,0.7175510204081632,1245853720.0621777,678.0153480385591,0.3916252810773254,7.065311425727378e-08,5,1.999942073523145,1.600000597231832,-4.140539359266855e-07
0.8,484.6938775510204,0.7357142857142857,1245853757.2413208,587.441741459952,0.2755886280857212,6.396733659980619e-08,5,1.999942071432034,1.600000705075882,-4.10851683213985e-07
0.8,484.6938775510204,0.7538775510204081,1246069079.5449784,504.59357909352275,0.004275328865357801,6.154920388053595e-08,6,1.9999387172300205,1.6000018755299144,-4.475542985723822e-07
0.8,484.6938775510204,0.7720408163265305,1246069040.0381887,471.6407449931537,5.8469688262893156e-05,7.080700146231045e-08,6,1.9999387227450665,1.6000021061896563,-4.3319167695982266e-07
0.8,484.6938775510204,0.790204081632653,1245853806.8708558,436.69452658869034,0.0005473276610622877,8.700391391131144e-08,5,1.999942068186722,1.6000012870000502,-3.817318924627549e-07
0.8,484.6938775510204,0.8083673469387754,1245853702.035319,404.49039612335577,1.314646467488652e-07,8.977991877454713e-08,5,1.9999420744115823,1.6000014583675395,-3.7798639713652574e-07
0.8,484.6938775510204,0.8265306122448979,1245853640.117942,369.19802020602543,9.930069201418786e-08,1.0717449397790973e-07,5,1.999942076823825,1.6000016732308806,-3.755301231594193e-07
0.8,484.6938775510204,0.8446938775510203,1245853583.601203,329.74398751591633,9.722114248222425e-08,1.4011666519735115e-07,5,1.999942078282755,1.6000019499669187,-3.74221114307807e-07
0.8,484.6938775510204,0.8628571428571428,1245808076.2314577,264.1464728167174,9.929721928025216e-08,2.769129172221459e-07,5,1.9999427068331022,1.6000022046205917,-3.669812999670963e-07
0.8,484.6938775510204,0.8810204081632652,1104792461.9969318,232.727976822499,9.412615382034244e-08,3.349868590582937e-07,3,2.0,1.6,0.0
0.8,484.6938775510204,0.8991836734693877,1103771059.8346682,193.65554509518842,9.191652357178076e-08,4.4497088759812785e-07,3,2.0,1.6,0.0
0.8,484.6938775510204,0.9173469387755101,1098662448.93945,412.0468931316659,0.7480699525693781,1.0804724280893705e-06,3,2.0,1.6,0.0
0.8,484.6938775510204,0.9355102040816325,1095358216.2394338,418.30720213570015,0.8096601113292874,1.373938551471675e-06,3,2.0,1.6,0.0
0.8,484.6938775510204,0.953673469387755,1089795363.931967,381.7862250650576,0.8514162586343663,1.9401172648759822e-06,3,2.0,1.6,0.0
0.8,484.6938775510204,0.9718367346938775,1067537201.7061095,606.5118370545375,0.9438926865368019,1.6549769689210265e-06,3,2.0,1.6,0.0
0.8,484.6938775510204,0.99,1040687680.9781291,1220.6044066861296,0.9900321627749943,2.8982984809805564e-05,2,2.0,1.6,0.0
0.8,493.8775510204082,0.1,1247621451.3199465,1134.7174766703936,5.958480303534878e-07,1.9944366027331987e-08,6,1.9519998121760547,1.6117830475280657,-0.000938520183876623
0.8,493.8775510204082,0.11816326530612245,1247621449.1520348,1129.640654438398,4.6143708995347345e-07,2.0256194315786107e-08,6,1.952031152368718,1.61182424265678,-0.0009377743971424567
0.8,493.8775510204082,0.1363265306122449,1247621446.6871264,1123.705194780276,3.1814679581103674e-07,2.063388122717317e-08,6,1.9520666046472412,1.611872974127967,-0.0009369257949971654
0.8,493.8775510204082,0.15448979591836737,1247621443.8030782,1116.9231428638068,1.9421253101528533e-07,2.1078457832782814e-08,6,1.9521078281687823,1.6119290066601029,-0.0009359413840001505
0.8,493.8775510204082,0.1726530612244898,1247621439.531673,1109.423613107423,1.0396141800819623e-07,2.154124690564647e-08,6,1.9521684950949312,1.611989006804444,-0.0009345509789493886
0.8,493.8775510204082,0.19081632653061226,1247621434.6300042,1101.1008574133132,9.965948348373903e-08,2.2069763695296238e-08,6,1.9522375751705998,1.612056038745306,-0.0009329728035431425
0.8,493.8775510204082,0.2089795918367347,1247621428.7529023,1091.9944015491405,9.958039571280582e-08,2.265203551460441e-08,6,1.9523197053490122,1.6121291460093723,-0.0009311156494112748
0.8,493.8775510204082,0.22714285714285715,1247621424.0671287,1081.850580918201,9.967515344878524e-08,2.3396789967923587e-08,6,1.9523845900571122,1.6122166534971136,-0.0009295775246758228
0.8,493.8775510204082,0.2453061224489796,1247534205.451406,1097.4359568509942,5.800391440943862e-06,2.050206932595429e-08,6,1.9859412424723746,1.6035364086800221,-0.00026857997767094715
0.8,493.8775510204082,0.26346938775510204,1247534191.6760054,1086.7740745039564,2.464936473038085e-06,2.0862827554494327e-08,6,1.9861410909476112,1.6035198454433772,-0.000264556267305218
0.8,493.8775510204082,0.2816326530612245,1247534180.2165189,1074.942896662844,8.750904529470107e-07,2.1427795474524264e-08,6,1.9863056749971775,1.6035147088344477,-0.00026121430568808927
0.8,493.8775510204082,0.2997959183673469,1247534170.9885666,1061.9147706065773,2.5017531113549977e-07,2.2219165425354024e-08,6,1.9864365519425096,1.6035209174959053,-0.0002585197627189182
0.8,493.8775510204082,0.3179591836734694,1247534163.2246385,1047.7664908498618,9.993011108922647e-08,2.3242728000201803e-08,6,1.9865450055270724,1.6035358355196898,-0.0002562519739651496
0.8,493.8775510204082,0.33612244897959187,1247443142.4668257,1044.5222216003053,1.9342267434436808e-05,2.1071002077246785e-08,6,1.9963276856922327,1.6009525708144259,-6.77815420473836e-05
0.8,493.8775510204082,0.3542857142857143,1247443128.0802166,1029.5719853189944,5.883419559508839e-06,2.1809995931474902e-08,6,1.9965304821075887,1.6009109647488806,-6.384076506612593e-05
0.8,493.8775510204082,0.37244897959183676,1247443117.2066314,1013.2161124893464,1.3605055580993146e-06,2.2599722811682177e-08,6,1.996664286825426,1.6008877678793654,-6.120853079633926e-05
0.8,493.8775510204082,0.3906122448979592,1247443109.7270963,995.4280179679706,2.2267898170535146e-07,2.4033977681655956e-08,6,1.9967151668039937,1.6008876165552257,-6.013193201424999e-05
0.8,493.8775510204082,0.40877551020408165,1247443097.9924626,977.2496556981957,9.990761553179093e-08,2.5512336818452803e-08,6,1.9967677670011055,1.600887612632992,-5.874199806432838e-05
0.8,493.8775510204082,0.4269387755102041,1247443084.8276365,958.2839525030023,9.987334024026264e-08,2.7165473909892186e-08,6,1.996803571590196,1.6008931018058086,-5.749020578870083e-05
0.8,493.8775510204082,0.44510204081632654,1247348845.594349,942.7730772120963,3.275533931223588e-07,2.6241009891593696e-08,6,1.9986164633275034,1.600381159564971,-2.392719981615119e-05
0.8,493.8775510204082,0.463265306122449,1247348823.2801766,922.8990205576357,9.984412276091405e-08,2.7728724462067184e-08,6,1.998641014276652,1.6003814292720795,-2.3199829740280796e-05
0.8,493.8775510204082,0.48142857142857143,1247251837.6195252,903.2956887863738,8.876309402136583e-07,2.8580770955907468e-08,6,1.9992390324946394,1.600209092794438,-1.2465851578517934e-05
0.8,493.8775510204082,0.4995918367346939,1247152044.7940366,881.5579899466617,1.113142087828402e-05,3.039930154403487e-08,6,1.999520339809673,1.6001263394908043,-7.528324293176952e-06
0.8,493.8775510204082,0.5177551020408163,1247049081.558649,859.0087835454283,7.342034750249633e-05,3.2478693546303747e-08,6,1.9996791507452836,1.6000790072893045,-4.790315991933959e-06
0.8,493.8775510204082,0.5359183673469388,1246196417.8134801,1031.2516839362272,0.4092497893946533,3.823130454283588e-08,6,1.9999344102830534,1.600002479529681,-5.674128847867203e-07
0.8,493.8775510204082,0.5540816326530612,1246196325.2106802,997.3074289931806,0.4034112315297977,3.929499799425076e-08,6,1.999934490548396,1.6000025201182422,-5.622093541006848e-07
0.8,493.8775510204082,0.5722448979591837,1246196294.5109098,953.4118788027712,0.3881885450777863,4.1473911647904084e-08,6,1.99993451115961,1.6000025888334366,-5.576664458263283e-07
0.8,493.8775510204082,0.5904081632653061,1246069148.1568696,1018.3245918170082,0.4761975648772834,4.361958065462643e-08,6,1.999938701883892,1.6000013464144045,-4.891641836071483e-07
0.8,493.8775510204082,0.6085714285714285,1246069107.7116606,971.3369865800279,0.46638108755916835,4.791742725572621e-08,6,1.9999387117876384,1.6000013952249144,-4.851785383283653e-07
0.8,493.8775510204082,0.626734693877551,1246069084.062613,916.1941272248098,0.4484558727855123,5.218125195945637e-08,6,1.999938716443541,1.600001455542747,-4.807220784809111e-07
0.8,493.8775510204082,0.6448979591836734,1246069066.4989944,858.2290963108929,0.4251275709857556,5.6338788634706045e-08,6,1.9999387193176934,1.6000015142413895,-4.75681121132104e-07
0.8,493.8775510204082,0.6630612244897959,1245958442.9244008,893.71750401055,0.49241281630646544,5.854395900155519e-08,6,1.9999407719015023,1.600000863090245,-4.4283848113714624e-07
0.8,493.8775510204082,0.6812244897959183,1245853773.5490432,872.4311410289857,0.5072333070174326,6.263027583561217e-08,5,1.9999420704159534,1.6000004479589995,-4.217594843336857e-07
0.8,493.8775510204082,0.6993877551020408,1245853727.7240992,804.872186166714,0.4837029018301126,6.986853340932832e-08,5,1.9999420731201052,1.6000004935805825,-4.184167285317731e-07
0.8,493.8775510204082,0.7175510204081632,1245853709.1270206,720.2466653215407,0.433849571989282,7.406858907481725e-08,5,1.9999420740721818,1.6000005580299788,-4.153104746679896e-07
0.8,493.8775510204082,0.7357142857142857,1245853724.1069794,623.0701558962016,0.3353420013202613,6.887457444630815e-08,5,1.9999420733120894,1.6000006531833109,-4.1224752979661425e-07
0.8,493.8775510204082,0.7538775510204081,1245853837.4120553,535.6024417814962,0.17818933729043301,6.526244779344128e-08,5,1.9999420660071199,1.6000008008862083,-4.0835903999177594e-07
0.8,493.8775510204082,0.7720408163265305,1246069050.356876,480.76334119765755,0.0002819717395039712,6.780017512328899e-08,6,1.999938721531667,1.6000020318398955,-4.39030808904154e-07
0.8,493.8775510204082,0.790204081632653,1245853868.6460629,443.00026024697945,0.0018752561059151712,9.336553727578714e-08,5,1.9999420636922272,1.6000012468522258,-3.8355643659736826e-07
0.8,493.8775510204082,0.8083673469387754,1245853719.1129184,412.0926219978656,1.832978688824115e-06,8.751093761841229e-08,5,1.999942073571927,1.6000014168568826,-3.7867459640362225e-07
0.8,493.8775510204082,0.8265306122448979,1245853651.3568163,376.40304992308177,9.930864672822279e-08,1.0275893306949938e-07,5,1.9999420764562266,1.6000016259461631,-3.7593413545622774e-07
0.8,493.8775510204082,0.8446938775510203,1245853596.0874035,338.74464653175346,9.972031934671148e-08,1.311468996447701e-07,5,1.9999420780095738,1.60000189549257,-3.743945557997976e-07
0.8,493.8775510204082,0.8628571428571428,1245812862.3673432,269.47055118106636,9.870547530237792e-08,2.685401066166789e-07,5,1.9999426497383928,1.6000021500028954,-3.676239091758537e-07
0.8,493.8775510204082,0.8810204081632652,1104918362.1761866,238.50415349694455,9.88687226442497e-08,3.260320889081932e-07,3,2.0,1.6,0.0
0.8,493.8775510204082,0.8991836734693877,1103854971.3693726,196.41840932378622,9.938169312798508e-08,4.330258387565005e-07,3,2.0,1.6,0.0
0.8,493.8775510204082,0.9173469387755101,1098878061.8149137,415.8795779069874,0.745333741496203,1.0549906440866436e-06,3,2.0,1.6,0.0
0.8,493.8775510204082,0.9355102040816325,1095625332.0420718,423.0667044677994,0.8081458778274659,1.346340603138827e-06,3,2.0,1.6,0.0
0.8,493.8775510204082,0.953673469387755,1090140498.6638591,393.1325108683073,0.8529715573946397,1.867307752535494e-06,3,2.0,1.6,0.0
0.8,493.8775510204082,0.9718367346938775,1067892307.7551603,606.8244449454145,0.9428785760516553,1.6435509513085426e-06,3,2.0,1.6,0.0
0.8,493.8775510204082,0.99,1041524125.1972283,1243.2964046451566,0.9900286837726993,2.685847490349844e-05,2,2.0,1.6,0.0
0.8,503.06122448979596,0.1,1247621469.799497,1157.17701130476,3.453827060615201e-06,1.893144121762922e-08,6,1.9517289455658817,1.6116265870103246,-0.0009444516072166339
0.8,503.06122448979596,0.11816326530612245,1247621465.1236525,1152.3317758539667,2.856968993645322e-06,1.9119999576136506e-08,6,1.9517979767839173,1.6116579627114391,-0.000942957931749741
0.8,503.06122448979596,0.1363265306122449,1247621459.687315,1146.6839825123589,2.134705814917933e-06,1.9340937293896187e-08,6,1.9518778646353687,1.611695015145195,-0.0009412285196412889
0.8,503.06122448979596,0.15448979591836737,1247621455.275519,1139.9890563508602,1.4331218884844769e-06,1.968403911830928e-08,6,1.9519423440782426,1.611744540960515,-0.0009397832437163854
0.8,503.06122448979596,0.1726530612244898,1247621450.3913388,1132.444048485713,8.583756753853119e-07,2.0083140450485745e-08,6,1.952013253561556,1.6118012618972455,-0.0009381891230439899
0.8,503.06122448979596,0.19081632653061226,1247621446.725963,1123.8217487399784,4.523404893716957e-07,2.0626383734876284e-08,6,1.9520660476754852,1.6118717106036473,-0.0009369311545552707
0.8,503.06122448979596,0.2089795918367347,1247621442.1171892,1114.39694481327,2.0656245628302963e-07,2.1224499063978677e-08,6,1.9521318229749371,1.6119482549421216,-0.0009353939494548126
0.8,503.06122448979596,0.22714285714285715,1247621436.4661825,1104.1890856430819,9.988874986849727e-08,2.1869776806364515e-08,6,1.9522117610220577,1.6120308637972949,-0.000933554526216377
0.8,503.06122448979596,0.2453061224489796,1247621429.468982,1093.2207259690326,9.961739479915069e-08,2.257023755500798e-08,6,1.952309735137353,1.6121188203192758,-0.0009313370508302486
0.8,503.06122448979596,0.26346938775510204,1247621423.6128387,1081.1997493344986,9.943260889171896e-08,2.344430146583172e-08,6,1.9523908466226105,1.6122217161014243,-0.0009294307744649048
0.8,503.06122448979596,0.2816326530612245,1247534202.6551006,1095.0654672288629,5.497592371650334e-06,2.059093145193193e-08,6,1.9859819614254957,1.6035334144279039,-0.00026775141359136595
0.8,503.06122448979596,0.2997959183673469,1247534186.8163536,1082.648343040683,1.9247830170456744e-06,2.1019555011010167e-08,6,1.9862111244691627,1.6035149475738213,-0.0002631386512982745
0.8,503.06122448979596,0.3179591836734694,1247534175.0157685,1068.7953559371285,5.377519593590818e-07,2.1762624556458265e-08,6,1.986379644845848,1.6035145893794804,-0.00025970017194407245
0.8,503.06122448979596,0.33612244897959187,1247534166.7640254,1053.542428501124,1.1394171609045005e-07,2.2831652235780135e-08,6,1.9864957672363417,1.6035307783710537,-0.00025726947246928436
0.8,503.06122448979596,0.3542857142857143,1247443147.6514812,1048.8287507547686,2.8607256151908633e-05,2.0910532463549925e-08,6,1.9962538900555884,1.6009682103696001,-6.920824941358412e-05
0.8,503.06122448979596,0.37244897959183676,1247443130.6498325,1033.0198843681922,8.325717426353242e-06,2.160212081160975e-08,6,1.9964945016201585,1.6009177283675362,-6.454041990923144e-05
0.8,503.06122448979596,0.3906122448979592,1247443117.4616644,1015.7523697410021,1.8051439320274729e-06,2.247330417352215e-08,6,1.9966619659822167,1.6008864248847612,-6.126430056468768e-05
0.8,503.06122448979596,0.40877551020408165,1247443110.4715421,996.6387785756477,2.683568510222425e-07,2.3937828823755582e-08,6,1.9967108128648654,1.6008877745011258,-6.022255502016585e-05
0.8,503.06122448979596,0.4269387755102041,1247443098.0318296,977.2761242440787,9.972525648611834e-08,2.5510197776445597e-08,6,1.9967676282850335,1.600887558889974,-5.8743359645482154e-05
0.8,503.06122448979596,0.44510204081632654,1247443084.0565143,957.1138230781797,9.976055119738711e-08,2.727499091101578e-08,6,1.9968051728673615,1.6008935555495662,-5.74220440458916e-05
0.8,503.06122448979596,0.463265306122449,1247348842.6018357,940.5375623551059,2.5657267014217535e-07,2.63753642069996e-08,6,1.9986204919664237,1.6003807862999624,-2.382042188083872e-05
0.8,503.06122448979596,0.48142857142857143,1247348819.9675217,919.3597963014362,9.980479568148988e-08,2.8051138826646176e-08,6,1.9986436523201971,1.6003819181129584,-2.3102461897948404e-05
0.8,503.06122448979596,0.4995918367346939,1247251830.5370069,898.7504211641503,5.195584727101998e-07,2.889072604446387e-08,6,1.999242404318894,1.6002087270904426,-1.2375664457928946e-05
0.8,503.06122448979596,0.5177551020408163,1247152030.480109,876.2610351948205,6.366945504736847e-06,3.0520854442228165e-08,6,1.9995242823637738,1.6001252333188167,-7.444871263262594e-06
0.8,503.06122448979596,0.5359183673469388,1247049055.3091757,853.3377325552885,4.168181695184387e-05,3.208812448562454e-08,6,1.9996833179700895,1.6000777984873138,-4.707119125634715e-06
0.8,503.06122448979596,0.5540816326530612,1246196342.7957282,1031.3974426742773,0.41848599587749824,3.85848638854365e-08,6,1.9999344770354321,1.600002464541626,-5.646052355904892e-07
0.8,503.06122448979596,0.5722448979591837,1246196301.5536125,988.7512295754578,0.40691436613072923,4.0983438684841826e-08,6,1.9999345068014909,1.6000025271073681,-5.601098008749979e-07
0.8,503.06122448979596,0.5904081632653061,1246069175.056744,1052.4481809164206,0.4874302964549953,4.2239839729346346e-08,6,1.999938694196743,1.6000013120915804,-4.91304614514755e-07
0.8,503.06122448979596,0.6085714285714285,1246069118.1371253,1007.8879524498221,0.4810834690961096,4.649842364205987e-08,6,1.9999387094572094,1.6000013560607997,-4.872121988579191e-07
0.8,503.06122448979596,0.626734693877551,1246069089.7196145,952.9121925971972,0.4661174807340245,5.113238335361576e-08,6,1.9999387154113397,1.600001413424816,-4.830634224123343e-07
0.8,503.06122448979596,0.6448979591836734,1246069069.2465568,894.428903226692,0.44615773534312664,5.589170134122019e-08,6,1.999938718900656,1.6000014766605766,-4.781573397067111e-07
0.8,503.06122448979596,0.6630612244897959,1245958467.6369183,929.4949176647652,0.5079233745114679,5.777919757168821e-08,6,1.9999407696968998,1.6000008363494236,-4.4473710318616595e-07
0.8,503.06122448979596,0.6812244897959183,1245853789.1620986,910.2170224954484,0.5239225110388414,6.095037284543868e-08,5,1.9999420693942815,1.6000004246483555,-4.232408849797993e-07
0.8,503.06122448979596,0.6993877551020408,1245853731.6355696,845.2621021596452,0.5066168255716421,6.888679774350431e-08,5,1.999942072908378,1.6000004655770559,-4.197363900156953e-07
0.8,503.06122448979596,0.7175510204081632,1245853703.6919222,763.8993528699024,0.4694730091846248,7.587856264964137e-08,5,1.9999420743334066,1.60000052321442,-4.1651628408335815e-07
0.8,503.06122448979596,0.7357142857142857,1245853704.2797947,662.6291338690437,0.38797494868121213,7.439977564288065e-08,5,1.9999420743056382,1.600000607579734,-4.1348020653876756e-07
0.8,503.06122448979596,0.7538775510204081,1245853762.417066,562.4942354623498,0.24084754781077966,6.375316422807753e-08,5,1.9999420711156233,1.600000738311524,-4.100901115643426e-07
0.8,503.06122448979596,0.7720408163265305,1246069061.1390092,489.83340731407486,0.001028045923948828,6.516510694334253e-08,6,1.9999387200973937,1.600001947782795,-4.4450788710925615e-07
0.8,503.06122448979596,0.790204081632653,1245958443.959618,454.25105243947905,0.0009192360590496134,7.834806176945494e-08,6,1.9999407718117577,1.600001587926582,-4.016969690157771e-07
0.8,503.06122448979596,0.8083673469387754,1245853738.5931458,419.5697883427599,1.6188259065097057e-05,8.595438094327117e-08,5,1.9999420725228523,1.6000013771929862,-3.794218420057294e-07
0.8,503.06122448979596,0.8265306122448979,1245853663.0706878,383.5753283724902,9.782138211282824e-08,9.880707534362045e-08,5,1.9999420760413527,1.600001580746604,-3.763863171762073e-07
0.8,503.06122448979596,0.8446938775510203,1245853605.6617067,345.5796946611889,9.825420277774354e-08,1.2494608978929335e-07,5,1.999942077782853,1.600001843339741,-3.7456583821104026e-07
0.8,503.06122448979596,0.8628571428571428,1245821768.1985233,279.6318761527917,9.871947160030345e-08,2.541228414423223e-07,5,1.9999425364516867,1.600002107851032,-3.6901323679023487e-07
0.8,503.06122448979596,0.8810204081632652,1105023767.540227,243.42098994194205,9.62459239964974e-08,3.1581005745314946e-07,3,2.0,1.6,0.0
0.8,503.06122448979596,0.8991836734693877,1103986190.1031113,200.86860937658935,9.370861283845448e-08,4.174564986518467e-07,3,2.0,1.6,0.0
0.8,503.06122448979596,0.9173469387755101,1099088681.4248168,419.3101818985899,0.7423574503834778,1.0306897776280906e-06,3,2.0,1.6,0.0
0.8,503.06122448979596,0.9355102040816325,1095886667.3316388,427.3930768429966,0.8064569572142262,1.320872718897661e-06,3,2.0,1.6,0.0
0.8,503.06122448979596,0.953673469387755,1090483940.9031622,402.97045145239935,0.8538850422312667,1.8066721543513999e-06,3,2.0,1.6,0.0
0.8,503.06122448979596,0.9718367346938775,1068241480.4975163,607.0254276556029,0.9418474321063945,1.6327456876103943e-06,3,2.0,1.6,0.0
0.8,503.06122448979596,0.99,1042711032.9371042,1265.542778608742,0.9900218076764579,2.3532558956102636e-05,2,2.0,1.6,0.0
0.8,512.2448979591837,0.1,1247687009.2072408,1047.5469420735626,9.922142050705739e-08,3.389334228082091e-08,6,1.7760698360300822,1.6593185304466045,-0.004455604265087722
0.8,512.2448979591837,0.11816326530612245,1247621487.3919566,1174.2330604710978,1.3028869602934674e-05,1.8330460073508587e-08,6,1.9514666189249228,1.6115212343192042,-0.0009500859049092405
0.8,512.2448979591837,0.1363265306122449,1247621481.2534783,1168.5377550518288,1.038959317971664e-05,1.852234500861261e-08,6,1.9515585804172146,1.6115551558237653,-0.0009481132586743029
0.8,512.2448979591837,0.15448979591836737,1247621474.2141733,1162.0453830601434,7.554665646017882e-06,1.8739187029004195e-08,6,1.951663484923494,1.61159431896319,-0.0009458631936293339
0.8,512.2448979591837,0.1726530612244898,1247621467.2140608,1154.6237003887336,4.973130161630381e-06,1.90309508019708e-08,6,1.9517671526691072,1.6116424243169154,-0.0009436172581224502
0.8,512.2448979591837,0.19081632653061226,1247621459.0784369,1146.4394470360241,2.93681910491713e-06,1.934092844030848e-08,6,1.9518867871300136,1.6116953800592333,-0.0009410342702248549
0.8,512.2448979591837,0.2089795918367347,1247621453.18601,1137.0270483803229,1.5296706818198036e-06,1.9832453041057686e-08,6,1.951972735748812,1.6117659854582413,-0.000939096983139817
0.8,512.2448979591837,0.22714285714285715,1247621447.895347,1126.6048653284483,6.907529928916566e-07,2.0446878486824376e-08,6,1.9520492521998662,1.6118485590207012,-0.0009373235938021135
0.8,512.2448979591837,0.2453061224489796,1247621442.7238946,1115.2193779610932,2.6413596680722855e-07,2.1175336191450338e-08,6,1.9521231944848882,1.6119417808657186,-0.0009355776698848717
0.8,512.2448979591837,0.26346938775510204,1247621435.808481,1103.1185015535393,9.989374227727733e-08,2.1939230279978227e-08,6,1.952221016561666,1.6120392093206073,-0.0009333366932722899
0.8,512.2448979591837,0.2816326530612245,1247621427.7498665,1090.2114574527686,9.971180199033933e-08,2.2774997818890926e-08,6,1.9523336495563246,1.6121435444860954,-0.0009307810254890667
0.8,512.2448979591837,0.2997959183673469,1247534211.738196,1102.214295205702,1.0520656308268446e-05,2.0341146801164356e-08,6,1.9858493683015355,1.6035439376469038,-0.0002704187137763685
0.8,512.2448979591837,0.3179591836734694,1247534193.9876173,1088.8214461337755,3.594562628847882e-06,2.0782147145472675e-08,6,1.9861076886451419,1.60352153919267,-0.000265220196912973
0.8,512.2448979591837,0.33612244897959187,1247534179.6219187,1074.107369116514,9.70449910552818e-07,2.1476838231381494e-08,6,1.9863141531877557,1.6035147794486049,-0.0002610299351934821
0.8,512.2448979591837,0.3542857142857143,1247534168.9385643,1057.966515244788,1.9559296497066153e-07,2.2505662875774047e-08,6,1.9864653528167513,1.6035251390721776,-0.00025790633641492453
0.8,512.2448979591837,0.37244897959183676,1247443153.1706476,1051.522959248169,3.765840185282284e-05,2.0913556443688714e-08,6,1.9961750296152185,1.60098630806222,-7.072395939885435e-05
0.8,512.2448979591837,0.3906122448979592,1247443132.0814226,1035.0352863921169,1.0347323213417596e-05,2.1477264852079737e-08,6,1.9964743980434358,1.6009213752012728,-6.493050676231095e-05
0.8,512.2448979591837,0.40877551020408165,1247443118.1238353,1016.6005510631497,2.058306042316329e-06,2.2612299868379786e-08,6,1.9966551304364966,1.6008875143255739,-6.13958590734557e-05
0.8,512.2448979591837,0.4269387755102041,1247443110.3027651,996.3100969874331,2.70602521822756e-07,2.3963557393134642e-08,6,1.996711808010517,1.600887681729956,-6.019875202497556e-05
0.8,512.2448979591837,0.44510204081632654,1247443096.858637,975.7611322112826,9.97046543635032e-08,2.56352588609987e-08,6,1.996771667555247,1.6008876044665272,-5.862165262550748e-05
0.8,512.2448979591837,0.463265306122449,1247443081.8586047,954.3839553549693,9.952733253237921e-08,2.751249268676203e-08,6,1.9968095110471424,1.6008945613951997,-5.725288328761077e-05
0.8,512.2448979591837,0.48142857142857143,1247348837.5103235,936.7827594395528,1.6251442266478371e-07,2.66027362935638e-08,6,1.9986268737177364,1.6003803119893043,-2.3649040597111247e-05
0.8,512.2448979591837,0.4995918367346939,1247251860.6944206,914.6385215030838,3.625607235192462e-06,2.811190193707263e-08,6,1.9992254916351342,1.6002107185797028,-1.2795672082660919e-05
0.8,512.2448979591837,0.5177551020408163,1247251823.141785,892.3722587952166,2.3691129028935941e-07,2.9476973213408265e-08,6,1.9992454763110856,1.600208330493705,-1.2288202384187862e-05
0.8,512.2448979591837,0.5359183673469388,1247152016.765642,868.9849008906741,2.8897416775484385e-06,3.101880129002143e-08,6,1.999527500605101,1.600124347328296,-7.37086014562135e-06
0.8,512.2448979591837,0.5540816326530612,1246196371.973603,1064.5212905693604,0.4313822918093079,3.794306271291365e-08,6,1.9999344524413591,1.6000024147530432,-5.671364511139723e-07
0.8,512.2448979591837,0.5722448979591837,1246196311.6196876,1023.9661020788366,0.423430410120104,4.029137205402356e-08,6,1.9999345001741708,1.6000024689471015,-5.622846043269394e-07
0.8,512.2448979591837,0.5904081632653061,1246196283.9787538,974.2996778223961,0.4066086401841453,4.2838776549550065e-08,6,1.9999345172501577,1.6000025438408754,-5.5784774164198e-07
0.8,512.2448979591837,0.6085714285714285,1246069131.8829627,1043.8489718000944,0.493890839900007,4.4931001731638146e-08,6,1.9999387061400042,1.600001319553148,-4.891836969862614e-07
0.8,512.2448979591837,0.626734693877551,1246069096.6317708,990.1319048737976,0.4822330643759457,4.987509695157153e-08,6,1.9999387140807692,1.6000013730460652,-4.851036950672848e-07
0.8,512.2448979591837,0.6448979591836734,1246069073.2198799,930.8526192184887,0.46481526018015146,5.5051492640796736e-08,6,1.9999387182766621,1.6000014350869434,-4.804871600227683e-07
0.8,512.2448979591837,0.6630612244897959,1246069055.9948406,867.0454301696408,0.4403162422462382,5.994654203572436e-08,6,1.9999387208033406,1.600001500924281,-4.753202863255789e-07
0.8,512.2448979591837,0.6812244897959183,1245853813.5055795,946.6849419550393,0.5379327311612716,5.922036885200589e-08,5,1.9999420677226158,1.6000004034776885,-4.24750249188945e-07
0.8,512.2448979591837,0.6993877551020408,1245853738.7367222,884.4767379257584,0.5255807624063897,6.726102309333377e-08,5,1.9999420725147343,1.6000004403388424,-4.210624059802396e-07
0.8,512.2448979591837,0.7175510204081632,1245853703.4028778,805.7896306758511,0.49722188412929735,7.59661690447531e-08,5,1.99994207434706,1.6000004921503894,-4.1770159210195036e-07
0.8,512.2448979591837,0.7357142857142857,1245853690.5714657,707.2511869842025,0.43606878063897764,7.963315995686894e-08,5,1.9999420749320418,1.6000005673145552,-4.146117398647885e-07
0.8,512.2448979591837,0.7538775510204081,1245853723.220676,594.5312945007312,0.3040326005851778,6.863017199907877e-08,5,1.9999420733587443,1.6000006830519578,-4.114769441942142e-07
0.8,512.2448979591837,0.7720408163265305,1246069072.151903,498.90110279696256,0.002944190674707405,6.284500567221074e-08,6,1.9999387184464212,1.6000018744604763,-4.4802769238941627e-07
0.8,512.2448979591837,0.790204081632653,1245958491.5667927,460.90523050169514,0.0028076853054693545,8.282341005458273e-08,6,1.9999407674738314,1.6000015325611638,-4.0624867990633166e-07
0.8,512.2448979591837,0.8083673469387754,1245853761.7020538,426.8617694168019,9.837078227024211e-05,8.531376807110071e-08,5,1.9999420711596207,1.6000013390745356,-3.802761813532643e-07
0.8,512.2448979591837,0.8265306122448979,1245853675.4076395,390.7085226971962,9.906345788789752e-08,9.530319121797893e-08,5,1.9999420755677197,1.6000015375193928,-3.768850009409776e-07
0.8,512.2448979591837,0.8446938775510203,1245853615.0038805,352.16169173090134,9.846465426628452e-08,1.194501608273484e-07,5,1.9999420775459804,1.6000017934268056,-3.747785109814451e-07
0.8,512.2448979591837,0.8628571428571428,1245834450.3710256,291.4899276736864,9.874935307857861e-08,2.3672034814928335e-07,5,1.999942358698558,1.6000020808400206,-3.7086960263594654e-07
0.8,512.2448979591837,0.8810204081632652,1245536179.8745654,233.30628174212126,9.808051183629658e-08,3.270920369468922e-07,5,1.9999455560298074,1.6000021146921404,-3.385039182442901e-07
0.8,512.2448979591837,0.8991836734693877,1104128508.316848,205.88197201546836,9.341029363893103e-08,4.039820625265323e-07,3,2.0,1.6,0.0
0.8,512.2448979591837,0.9173469387755101,1099292048.4076474,422.60390097855725,0.7393148145310866,1.007002879355356e-06,3,2.0,1.6,0.0
0.8,512.2448979591837,0.9355102040816325,1096138324.2189064,431.7131193356709,0.8047938465981771,1.2959612248271678e-06,3,2.0,1.6,0.0
0.8,512.2448979591837,0.953673469387755,1090813227.414576,412.08325270821217,0.8544980840805039,1.752750880623149e-06,3,2.0,1.6,0.0
0.8,512.2448979591837,0.9718367346938775,1068587320.9285889,606.7866138071079,0.9407693013730667,1.6235154898216846e-06,3,2.0,1.6,0.0
0.8,512.2448979591837,0.99,1050411925.5301977,1251.8680926584552,0.9897286413966251,4.8084820145651226e-06,3,2.0,1.6,0.0
0.8,521.4285714285714,0.1,1247688533.3790867,1058.1820430851942,9.973674829273664e-08,3.330798791183196e-08,6,1.7579112076620989,1.663587648716992,-0.0048289588116542815
0.8,521.4285714285714,0.11816326530612245,1247688186.2859263,1055.7618793007887,9.956644931490229e-08,3.343815106193284e-08,6,1.7620483108933387,1.6626207039567766,-0.0047437844140128275
0.8,521.4285714285714,0.1363265306122449,1247687788.589627,1052.884484020385,9.884687796610921e-08,3.360199632122956e-08,6,1.7667872021270614,1.6615141053129114,-0.004646214786086299
0.8,521.4285714285714,0.15448979591836737,1247687327.7406564,1049.659148207518,9.879438398631587e-08,3.3780312998393846e-08,6,1.7722767025741364,1.660220968860824,-0.004533388954283966
0.8,521.4285714285714,0.1726530612244898,1247621490.315298,1176.015925105488,2.155898355254716e-05,1.8303289450781357e-08,6,1.951422679478348,1.611512783398355,-0.0009509959290529285
0.8,521.4285714285714,0.19081632653061226,1247621480.6641905,1167.8383451937066,1.3968805970617204e-05,1.855136374414844e-08,6,1.9515673844405643,1.611559378611445,-0.0009479092585902035
0.8,521.4285714285714,0.2089795918367347,1247621470.9316716,1158.7396179665832,8.134850810311218e-06,1.886265202882874e-08,6,1.9517121851361747,1.6116148802911945,-0.0009448011928919327
0.8,521.4285714285714,0.22714285714285715,1247621461.473543,1148.671245140851,4.1912210235128805e-06,1.9262233723429084e-08,6,1.9518516641600672,1.6116809447937575,-0.0009417783322308521
0.8,521.4285714285714,0.2453061224489796,1247621453.3710394,1137.4865569684944,1.870729333451972e-06,1.9806360823814114e-08,6,1.9519700479520454,1.6117619550656945,-0.0009391518716254177
0.8,521.4285714285714,0.26346938775510204,1247621447.2746365,1125.08480262196,7.04521605339261e-07,2.054398120808822e-08,6,1.9520581730675584,1.6118608173338176,-0.0009371007843048486
0.8,521.4285714285714,0.2816326530612245,1247621440.590074,1111.7876457357643,2.1708571249840928e-07,2.138394378326035e-08,6,1.9521535019118472,1.6119685426006363,-0.0009348829327799031
0.8,521.4285714285714,0.2997959183673469,1247621432.8098266,1097.670277467078,9.9757330068949e-08,2.230107214549579e-08,6,1.9522630875773288,1.612083771783324,-0.0009323597433400039
0.8,521.4285714285714,0.3179591836734694,1247621424.4563196,1082.662682414925,9.941299311030119e-08,2.3335608110839428e-08,6,1.952379225933794,1.612209036356609,-0.0009296845935417021
0.8,521.4285714285714,0.33612244897959187,1247534200.8997092,1093.5331030106129,5.808135564716721e-06,2.0653534907585517e-08,6,1.9860074846381603,1.6035314309834414,-0.00026722397358242125
0.8,521.4285714285714,0.3542857142857143,1247534182.481438,1078.1179477832688,1.4978346330678849e-06,2.1240440907826925e-08,6,1.986273312125422,1.60351286504444,-0.0002618655977608176
0.8,521.4285714285714,0.37244897959183676,1247534170.3984122,1060.9110485265958,2.8192424480553084e-07,2.229133178754283e-08,6,1.9864448558990933,1.6035214158562818,-0.00025833368394281614
0.8,521.4285714285714,0.3906122448979592,1247443159.2813833,1052.515194029095,4.436635997195729e-05,2.109823121905113e-08,6,1.9960875397132654,1.6010079117722649,-7.239739658731494e-05
0.8,521.4285714285714,0.40877551020408165,1247443133.1261466,1035.4620501473637,1.1321257153858968e-05,2.1476181956993995e-08,6,1.9964597005740874,1.6009247967105062,-6.520892060141215e-05
0.8,521.4285714285714,0.4269387755102041,1247443117.6251664,1015.9386549038613,2.0183782492194398e-06,2.2579439073796456e-08,6,1.996660293382125,1.6008865536229142,-6.129151659332827e-05
0.8,521.4285714285714,0.44510204081632654,1247443109.180178,994.3967562306635,2.2677223820145668e-07,2.4117610622613235e-08,6,1.996718271613241,1.600887344294424,-6.005328750339034e-05
0.8,521.4285714285714,0.463265306122449,1247443094.9831324,972.592034720144,9.993419675254312e-08,2.5916456172737303e-08,6,1.9967777186907,1.6008884058206891,-5.84134235136606e-05
0.8,521.4285714285714,0.48142857142857143,1247348862.5840356,953.2954240625523,1.2974276734187364e-06,2.5768075512567006e-08,6,1.9985889442432654,1.6003848406040582,-2.4582636210033873e-05
0.8,521.4285714285714,0.4995918367346939,1247348832.0433116,931.2450101431353,9.974881352169494e-08,2.7053021554461587e-08,6,1.998632916175374,1.6003805453658648,-2.3461115686157605e-05
0.8,521.4285714285714,0.5177551020408163,1247251846.9863255,908.4852690029729,1.8108406806714975e-06,2.8305266251533656e-08,6,1.9992340292672508,1.6002094754638736,-1.2592235242565105e-05
0.8,521.4285714285714,0.5359183673469388,1247152052.1281924,883.7695438151293,1.5381292756612637e-05,3.041437909432135e-08,6,1.9995181378514155,1.60012683449953,-7.57245546311733e-06
0.8,521.4285714285714,0.5540816326530612,1246328217.493043,1010.8022596258569,0.35885802544768153,3.4418256376169125e-08,6,1.9999277572998018,1.6000042906714367,-6.774563625591401e-07
0.8,521.4285714285714,0.5722448979591837,1246196325.6598475,1058.8116617692203,0.43793412274456356,3.945695070468586e-08,6,1.9999344902192644,1.6000024144429208,-5.644589470341242e-07
0.8,521.4285714285714,0.5904081632653061,1246196290.032205,1010.2946107412231,0.4247286551757009,4.2314580738204815e-08,6,1.9999345138145663,1.6000024837907363,-5.599208853654483e-07
0.8,521.4285714285714,0.6085714285714285,1246069150.757054,1079.02514076164,0.5050065659044979,4.3313329116840454e-08,6,1.9999387011746927,1.6000012856692625,-4.911551899342966e-07
0.8,521.4285714285714,0.626734693877551,1246069105.2082925,1027.3759601055312,0.4966723938497881,4.841695543784708e-08,6,1.9999387123224572,1.6000013347805984,-4.869534385901724e-07
0.8,521.4285714285714,0.6448979591836734,1246069078.3089056,967.4771463433962,0.4815122328939455,5.390766582490137e-08,6,1.999938717439838,1.6000013947568965,-4.825135133522715e-07
0.8,521.4285714285714,0.6630612244897959,1246069058.4174323,903.4041536716594,0.46070302860530726,5.950508188529524e-08,6,1.9999387204756987,1.6000014625761874,-4.775663206465517e-07
0.8,521.4285714285714,0.6812244897959183,1245853866.1653495,980.761269814086,0.5492686224674943,5.819575559335999e-08,5,1.9999420638780092,1.600000384857455,-4.263090180725423e-07
0.8,521.4285714285714,0.6993877551020408,1245853748.7634354,922.6688716608976,0.5415845060505465,6.525302371186371e-08,5,1.9999420719379433,1.6000004174307734,-4.2240368139425867e-07
0.8,521.4285714285714,0.7175510204081632,1245853706.2850895,846.3993367823675,0.5197625625341608,7.49578278332948e-08,5,1.9999420742097964,1.6000004642438672,-4.1888146609593773e-07
0.8,521.4285714285714,0.7357142857142857,1245853684.4610395,751.225052502309,0.4733232197462712,8.228091020457217e-08,5,1.999942075195426,1.6000005316201986,-4.1569059038459124e-07
0.8,521.4285714285714,0.7538775510204081,1245853697.5217144,632.596920981441,0.36402282314577133,7.561892022997216e-08,5,1.9999420746206065,1.600000634220631,-4.1265273923101634e-07
0.8,521.4285714285714,0.7720408163265305,1245853803.9204752,529.2176726280333,0.17614917312495285,6.432890388183067e-08,5,1.9999420683916667,1.6000008008387203,-4.087332634257572e-07
0.8,521.4285714285714,0.790204081632653,1246069040.0933342,471.69978397298223,7.838460731921463e-05,7.078718739411883e-08,6,1.9999387227389285,1.600002073678983,-4.3711817996315666e-07
0.8,521.4285714285714,0.8083673469387754,1245853790.9061458,433.86717988505677,0.00043928022648199473,8.600678858036988e-08,5,1.9999420692775625,1.600001301653801,-3.8140481612059114e-07
0.8,521.4285714285714,0.8265306122448979,1245853688.5398996,397.79517800760823,9.626470160051054e-08,9.224811759414199e-08,5,1.9999420750206927,1.6000014961491853,-3.774284507518519e-07
0.8,521.4285714285714,0.8446938775510203,1245853624.4921627,358.7285728234129,9.994889960754342e-08,1.1439443263781817e-07,5,1.9999420772884053,1.6000017456272315,-3.750339243302495e-07
0.8,521.4285714285714,0.8628571428571428,1245853551.6391866,306.7244030705916,9.887100813388633e-08,1.679799678789176e-07,5,1.9999420788828786,1.6000020793082768,-3.73906801221715e-07
0.8,521.4285714285714,0.8810204081632652,1245676334.8903003,250.005845824456,9.907696362674962e-08,3.0045001673867533e-07,5,1.9999441690319533,1.6000021606560588,-3.530495759678166e-07
0.8,521.4285714285714,0.8991836734693877,1104237675.121784,209.89517210838267,9.625893616710766e-08,3.9191425592261184e-07,3,2.0,1.6,0.0
0.8,521.4285714285714,0.9173469387755101,1099491202.1428354,425.44367896714067,0.7359854974914997,9.843269476265463e-07,3,2.0,1.6,0.0
0.8,521.4285714285714,0.9355102040816325,1096380934.811751,436.01985630395376,0.8031523745143051,1.2716128347892075e-06,3,2.0,1.6,0.0
0.8,521.4285714285714,0.953673469387755,1091131971.2062902,420.4297879286836,0.8548148258922177,1.704882715629167e-06,3,2.0,1.6,0.0
0.8,521.4285714285714,0.9718367346938775,1068926848.9622003,606.6195590478848,0.9396916573147095,1.6141310740773023e-06,3,2.0,1.6,0.0
0.8,521.4285714285714,0.99,1050705467.9970552,1272.698416866324,0.9897156490665218,4.5365181538349295e-06,3,2.0,1.6,0.0
0.8,530.6122448979593,0.1,1247690070.3184965,1068.8470900088844,2.460269182781117e-07,3.273726273893999e-08,6,1.739579231622971,1.6678357545858504,-0.0052070444300473815
0.8,530.6122448979593,0.11816326530612245,1247689715.5299244,1066.369107253036,2.171501654033522e-07,3.28668059126922e-08,6,1.7438128477162522,1.666861381510458,-0.005119600774413983
0.8,530.6122448979593,0.1363265306122449,1247689306.978932,1063.4312127461387,1.7508525588632663e-07,3.302979342612332e-08,6,1.7486865607512736,1.665739370967008,-0.00501895307401833
0.8,530.6122448979593,0.15448979591836737,1247688834.8622718,1060.13450015794,1.2939277307200187e-07,3.3208132172959923e-08,6,1.7543168253842751,1.6644325259689414,-0.004902866295796349
0.8,530.6122448979593,0.1726530612244898,1247688300.7261195,1056.4699301642734,9.931643502873914e-08,3.3403585846476807e-08,6,1.760684361808137,1.662944005547861,-0.004771767871275649
0.8,530.6122448979593,0.19081632653061226,1247687706.3340235,1052.4236931046896,9.963293297130901e-08,3.36219330202314e-08,6,1.7677671934504853,1.6612774219101096,-0.004626145407365919
0.8,530.6122448979593,0.2089795918367347,1247687057.3796911,1047.957580423598,9.922383603165088e-08,3.386447538514204e-08,6,1.7754962687704843,1.6594501397734303,-0.0044674085394020655
0.8,530.6122448979593,0.22714285714285715,1247621482.4040587,1169.785528661681,1.8955932550767826e-05,1.8474155666431375e-08,6,1.9515413801380772,1.6115464111971511,-0.0009484624664532342
0.8,530.6122448979593,0.2453061224489796,1247621470.9741967,1158.8031299126571,9.63166199453125e-06,1.885962150182025e-08,6,1.9517115553662698,1.6116140708130593,-0.0009448041170982854
0.8,530.6122448979593,0.26346938775510204,1247621459.8437514,1146.839468895744,4.234976487552172e-06,1.9336675939079384e-08,6,1.9518755721104575,1.6116930315148992,-0.0009412475299803843
0.8,530.6122448979593,0.2816326530612245,1247621450.9262798,1133.6267352519558,1.5644810221754754e-06,2.0011155984932068e-08,6,1.952005513602253,1.6117908783520583,-0.0009383436560920825
0.8,530.6122448979593,0.2997959183673469,1247621444.769375,1119.0698917247596,4.682472159180548e-07,2.0937246364630938e-08,6,1.9520940460355782,1.6119102967342163,-0.0009362341263389032
0.8,530.6122448979593,0.3179591836734694,1247621436.1609023,1103.8402092639315,1.0894405248579764e-07,2.1889083968379263e-08,6,1.9522160583712018,1.6120327363812865,-0.0009334377125598489
0.8,530.6122448979593,0.33612244897959187,1247621426.6346576,1087.7393178785744,9.957551952831803e-08,2.2954597964890078e-08,6,1.952349119713953,1.6121644786620186,-0.0009303997526327356
0.8,530.6122448979593,0.3542857142857143,1247534205.0478594,1097.0723721832794,8.241185002012378e-06,2.0517414582818394e-08,6,1.9859471227390437,1.6035353474329213,-0.00026843737152946307
0.8,530.6122448979593,0.37244897959183676,1247534184.8069596,1080.6104805752136,1.9959206756033424e-06,2.1116753274669624e-08,6,1.9862399839852354,1.603513478520005,-0.0002625377737545978
0.8,530.6122448979593,0.3906122448979592,1247534171.1863093,1062.3231379862787,3.437764550147215e-07,2.2191605171163042e-08,6,1.98643376704991,1.6035198658467884,-0.0002585607661874754
0.8,530.6122448979593,0.40877551020408165,1247443161.007045,1052.4761607150936,4.707690626188203e-05,2.1180389107564783e-08,6,1.996062822591982,1.6010141839358745,-7.286589703606399e-05
0.8,530.6122448979593,0.4269387755102041,1247443131.7489657,1034.544373993803,1.0905808124020662e-05,2.1507642800396718e-08,6,1.9964790693883874,1.600920325836722,-6.483252513386753e-05
0.8,530.6122448979593,0.44510204081632654,1247443117.2221801,1013.5326858908013,1.687879164400511e-06,2.2571600310483057e-08,6,1.9966641661150097,1.6008872208013614,-6.120170591054698e-05
0.8,530.6122448979593,0.463265306122449,1247443107.1821194,990.8367487980956,1.5554788629306077e-07,2.4412672922469278e-08,6,1.996728936179281,1.6008871531621314,-5.979069359303754e-05
0.8,530.6122448979593,0.48142857142857143,1247443091.9147193,967.7735976409639,9.96427752356136e-08,2.634175994712082e-08,6,1.9967866126515361,1.6008897744151818,-5.809868805971397e-05
0.8,530.6122448979593,0.4995918367346939,1247348852.455179,947.8607722541517,6.932009399921796e-07,2.5946253521294977e-08,6,1.9986062874475188,1.600381961607928,-2.418194056789366e-05
0.8,530.6122448979593,0.5177551020408163,1247348824.644427,924.0573597654671,9.974322101984395e-08,2.7637841296810024e-08,6,1.9986398592357737,1.6003811476902103,-2.3234135553586454e-05
0.8,530.6122448979593,0.5359183673469388,1247251833.1019795,900.4354688026423,6.950224843252002e-07,2.8762912814913292e-08,6,1.9992412245039208,1.6002087479037435,-1.240537123052692e-05
0.8,530.6122448979593,0.5540816326530612,1246328243.620363,1044.3813844239871,0.3769386899065232,3.456978295415641e-08,6,1.999927706413957,1.6000042112133734,-6.803650367837589e-07
0.8,530.6122448979593,0.5722448979591837,1246196346.043907,1092.998691773065,0.4505712097874924,3.8566337177535446e-08,6,1.9999344744197738,1.6000023640862413,-5.666915119418705e-07
0.8,530.6122448979593,0.5904081632653061,1246196298.3813548,1046.1912700744197,0.44078260960128046,4.1575942984758337e-08,6,1.9999345087925247,1.6000024269718702,-5.618975575344755e-07
0.8,530.6122448979593,0.6085714285714285,1246069180.5230308,1112.9753203405655,0.5144833088737266,4.1835776416017135e-08,6,1.9999386925539135,1.6000012547757911,-4.931566836085793e-07
0.8,530.6122448979593,0.626734693877551,1246069116.0591974,1064.1173420686173,0.5093394539514307,4.678149780100715e-08,6,1.9999387099341637,1.6000012989774537,-4.887854279746696e-07
0.8,530.6122448979593,0.6448979591836734,1246069084.5368485,1004.2069040489098,0.4965004436325315,5.251401799536303e-08,6,1.9999387163592777,1.6000013564420914,-4.843958581266851e-07
0.8,530.6122448979593,0.6630612244897959,1246069061.8783917,939.9371314247675,0.4787991599954006,5.8657636938009115e-08,6,1.9999387199920668,1.6000014215981935,-4.79609487357813e-07
0.8,530.6122448979593,0.6812244897959183,1245958434.1483727,980.6761063205699,0.5391944477308267,6.016191495613606e-08,6,1.9999407726554157,1.6000007975113484,-4.4581353205136434e-07
0.8,530.6122448979593,0.6993877551020408,1245853761.984915,959.9225972866096,0.555277397103224,6.304425453297171e-08,5,1.9999420711422742,1.6000003965104317,-4.2376678805990554e-07
0.8,530.6122448979593,0.7175510204081632,1245853711.4814727,885.9755344546492,0.5385674448039672,7.324689002139799e-08,5,1.9999420739565772,1.6000004390404863,-4.200665666687109e-07
0.8,530.6122448979593,0.7357142857142857,1245853683.1114602,793.5016915111823,0.5022921409122406,8.289150713253827e-08,5,1.9999420752522403,1.600000499746981,-4.167428624105729e-07
0.8,530.6122448979593,0.7538775510204081,1245853679.4539044,676.9192270524405,0.4195009107713494,8.325127586508912e-08,5,1.999942075403934,1.6000005911831823,-4.13699458420057e-07
0.8,530.6122448979593,0.7720408163265305,1245853744.8006694,554.8192637875127,0.2399717559049661,6.534994359202922e-08,5,1.9999420721687162,1.600000739342625,-4.102987644844544e-07
0.8,530.6122448979593,0.790204081632653,1246069049.6138828,480.1605062896278,0.00033563304688746326,6.799171038703973e-08,6,1.9999387216238904,1.600001987319265,-4.431664241700881e-07
0.8,530.6122448979593,0.8083673469387754,1245853832.2470489,440.34840183998546,0.0015155222739220689,8.903846155827685e-08,5,1.9999420663833323,1.6000012628981832,-3.8319865407929555e-07
0.8,530.6122448979593,0.8265306122448979,1245853702.7397187,404.82207297073825,2.3177832555876888e-07,8.966580386007016e-08,5,1.9999420743783844,1.6000014565336906,-3.780152242402507e-07
0.8,530.6122448979593,0.8446938775510203,1245853634.1812403,365.27599111133804,9.883196899415738e-08,1.0976539679193401e-07,5,1.9999420770065042,1.6000016998203337,-3.7533150656946906e-07
0.8,530.6122448979593,0.8628571428571428,1245853566.924151,317.6865903798522,9.728951563598583e-08,1.537630483796722e-07,5,1.9999420786121158,1.600002022910399,-3.740309525992998e-07
0.8,530.6122448979593,0.8810204081632652,1245738213.0677671,256.7817880212681,9.889780965728274e-08,2.882626260493369e-07,5,1.9999435003760813,1.6000021937789457,-3.5944362668227585e-07
0.8,530.6122448979593,0.8991836734693877,1104365725.8521135,214.79070193677072,9.437673774527827e-08,3.781562695406113e-07,3,2.0,1.6,0.0
0.8,530.6122448979593,0.9173469387755101,1099683637.708667,428.1660668709586,0.7325925230674106,9.62033210838541e-07,3,2.0,1.6,0.0
0.8,530.6122448979593,0.9355102040816325,1096614778.9547815,440.33183504415507,0.8015406821208232,1.2477901266800073e-06,3,2.0,1.6,0.0
0.8,530.6122448979593,0.953673469387755,1091441184.1844296,428.0588142250693,0.8548749526031737,1.662335534498456e-06,3,2.0,1.6,0.0
0.8,530.6122448979593,0.9718367346938775,1069252222.7245635,607.507008140623,0.9387418027180495,1.6023769368560309e-06,3,2.0,1.6,0.0
0.8,530.6122448979593,0.99,1050984230.0944221,1293.2845868612148,0.9897011434809659,4.303314465805887e-06,3,2.0,1.6,0.0
0.8,539.795918367347,0.1,1247691607.7899997,1079.6286733324043,7.697431992727203e-07,3.217918359765346e-08,6,1.7212216165009588,1.6720197863297324,-0.005586970416126453
0.8,539.795918367347,0.11816326530612245,1247691260.3938003,1076.9556343587096,7.031251673461616e-07,3.232773857942579e-08,6,1.7253709439602947,1.6710925141871953,-0.005500783333790129
0.8,539.795918367347,0.1363265306122449,1247690831.639992,1074.0479977040077,6.002736035000217e-07,3.247342303177687e-08,6,1.7304909887987563,1.6699219852327494,-0.005394858564883378
0.8,539.795918367347,0.15448979591836737,1247690348.696857,1070.6612546253061,4.719428603290585e-07,3.2657826415136265e-08,6,1.7362566648040025,1.6686033996211802,-0.005275605188341509
0.8,539.795918367347,0.1726530612244898,1247689796.9809692,1066.9809179809276,3.427869215317493e-07,3.283391287994596e-08,6,1.7428410089000195,1.6670821871687702,-0.005139691051838151
0.8,539.795918367347,0.19081632653061226,1247689198.9335248,1062.7551530762723,2.2545905508962278e-07,3.3063630255516374e-08,6,1.749975262612678,1.665435953936249,-0.004992423567053188
0.8,539.795918367347,0.2089795918367347,1247688534.5929937,1058.1865668589312,1.3418844105711522e-07,3.3307985795000476e-08,6,1.757896737169997,1.6635901231507593,-0.00482922378553954
0.8,539.795918367347,0.22714285714285715,1247687823.3548918,1053.1279068486397,9.892363451507137e-08,3.358749765591248e-08,6,1.7663730166417666,1.6616106191315516,-0.004654701299943249
0.8,539.795918367347,0.2453061224489796,1247687035.7937784,1047.8133257692862,9.940976154205939e-08,3.387266479327354e-08,6,1.7757532826064382,1.659388478546388,-0.00446212507402655
0.8,539.795918367347,0.26346938775510204,1247621480.381695,1167.5470637369567,1.907905107758566e-05,1.856150594401382e-08,6,1.951571601608861,1.6115604402183576,-0.000947794521001461
0.8,539.795918367347,0.2816326530612245,1247621467.2160358,1154.6311561765237,8.218870601370123e-06,1.9030626248781054e-08,6,1.9517671235240746,1.6116413377729035,-0.000943585592005873
0.8,539.795918367347,0.2997959183673469,1247621455.6246216,1140.5508827070526,2.9575941297528476e-06,1.965343952215458e-08,6,1.9519372578354397,1.611739089854779,-0.0009398589715869297
0.8,539.795918367347,0.3179591836734694,1247621447.2641566,1125.0550983266583,8.536616339349123e-07,2.054585554806788e-08,6,1.952058323613373,1.6118605371751993,-0.0009370794231118188
0.8,539.795918367347,0.33612244897959187,1247621439.1588845,1108.5120958647688,1.883536819145752e-07,2.1603461941755305e-08,6,1.952173767215609,1.6119955225527758,-0.0009343848870500637
0.8,539.795918367347,0.3542857142857143,1247621428.2774928,1091.3059413271462,9.980500227191189e-08,2.269835250804269e-08,6,1.952326318047226,1.6121335952701703,-0.0009309327624696808
0.8,539.795918367347,0.37244897959183676,1247534207.4739997,1099.2345578177842,1.0338740490945637e-05,2.0429404361886588e-08,6,1.985911730287633,1.6035373232777657,-0.0002691475180070136
0.8,539.795918367347,0.3906122448979592,1247534185.7173953,1081.6568919793897,2.3098539527141067e-06,2.1065709544416942e-08,6,1.9862269166305078,1.6035134331660494,-0.00026279900372328327
0.8,539.795918367347,0.40877551020408165,1247534171.1167614,1062.178538855848,3.551199753329228e-07,2.2201326803829585e-08,6,1.986434746532109,1.6035199201073154,-0.00025853570411195256
0.8,539.795918367347,0.4269387755102041,1247443154.45495,1051.9236631603985,4.5044949613310245e-05,2.0935122950168464e-08,6,1.9961566542646052,1.6009903822775655,-7.106556576008511e-05
0.8,539.795918367347,0.44510204081632654,1247443129.9087725,1031.9479161280833,9.166167360576495e-06,2.166585230328966e-08,6,1.996504890286247,1.6009154217227148,-6.432441846015272e-05
0.8,539.795918367347,0.463265306122449,1247443117.0151584,1009.3290463281247,1.1865488223242282e-06,2.2948343134306244e-08,6,1.9966657733019415,1.600889836200814,-6.114470297510718e-05
0.8,539.795918367347,0.48142857142857143,1247443103.8146117,985.639441907467,9.991234547052591e-08,2.4831945109582782e-08,6,1.9967448232329632,1.6008868593343788,-5.9381675312473855e-05
0.8,539.795918367347,0.4995918367346939,1247443087.1338193,961.3096244770696,9.977010574127687e-08,2.6901276187354972e-08,6,1.996798496031694,1.6008917201447055,-5.767264250270315e-05
0.8,539.795918367347,0.5177551020408163,1247348842.5354788,940.5097578337705,2.87491607443798e-07,2.6375898026929902e-08,6,1.9986205794741114,1.6003805737355343,-2.3814128085826504e-05
0.8,539.795918367347,0.5359183673469388,1247251863.4448304,915.3420013148127,4.283545997833712e-06,2.8150459969201424e-08,6,1.9992236309840892,1.6002109640797377,-1.2833557844756645e-05
0.8,539.795918367347,0.5540816326530612,1247251819.2594125,890.4003767852959,1.9145235653783975e-07,2.9570822680272095e-08,6,1.9992469401397872,1.6002079058745344,-1.2251843472117435e-05
0.8,539.795918367347,0.5722448979591837,1246196381.344325,1125.8546692988452,0.4612735755264074,3.784555705730142e-08,6,1.9999344440937834,1.6000023200494211,-5.691290542838398e-07
0.8,539.795918367347,0.5904081632653061,1246196309.5327468,1081.787191672721,0.45496999808269184,4.067172886516489e-08,6,1.9999345015849195,1.6000023733626934,-5.638711117028501e-07
0.8,539.795918367347,0.6085714285714285,1246196278.77511,1026.4422275432107,0.4394921745047903,4.390810366265341e-08,6,1.9999345200635033,1.6000024502883874,-5.592808889800338e-07
0.8,539.795918367347,0.626734693877551,1246069129.9620168,1100.2287322340478,0.5204497244443123,4.5044873170318434e-08,6,1.9999387066183514,1.6000012655109193,-4.906083534522518e-07
0.8,539.795918367347,0.6448979591836734,1246069091.9951575,1040.993539285779,0.5100205706724101,5.0934194748789494e-08,6,1.999938714981763,1.6000013199660712,-4.862188814381447e-07
0.8,539.795918367347,0.6630612244897959,1246069066.3033955,976.5296223852857,0.4949167724581589,5.746918660816991e-08,6,1.9999387193471159,1.6000013825641233,-4.814434549570794e-07
0.8,539.795918367347,0.6812244897959183,1245958461.6942153,1015.3404139933536,0.5502695426333364,5.845923799729262e-08,6,1.9999407702369907,1.6000007716309304,-4.47451028853645e-07
0.8,539.795918367347,0.6993877551020408,1245853779.4639788,996.2489523957659,0.567095327011686,6.078367730728844e-08,5,1.9999420700338613,1.6000003774610012,-4.2515425324859045e-07
0.8,539.795918367347,0.7175510204081632,1245853718.628822,924.652448058196,0.5545459015533146,7.109795638584172e-08,5,1.9999420735968045,1.6000004161159562,-4.2126550062160036e-07
0.8,539.795918367347,0.7357142857142857,1245853684.622175,834.5789184548663,0.5258229374893458,8.218934973728673e-08,5,1.999942075188588,1.6000004710975209,-4.177848017729704e-07
0.8,539.795918367347,0.7538775510204081,1245853669.985072,721.898393922348,0.46304159765796876,8.809300030956252e-08,5,1.999942075780636,1.6000005530863493,-4.1467308227350837e-07
0.8,539.795918367347,0.7720408163265305,1245853706.9646933,587.1176351155962,0.30715051468417004,7.197833688412334e-08,5,1.9999420741770428,1.6000006845650965,-4.115396646435488e-07
0.8,539.795918367347,0.790204081632653,1246069059.4932783,488.5882143498888,0.0011012194541213962,6.550605198875289e-08,6,1.9999387203277148,1.6000019108852703,-4.469888714695146e-07
0.8,539.795918367347,0.8083673469387754,1245958425.578394,450.24841558462373,0.0006212151822082239,7.733075804431598e-08,6,1.999940773373366,1.6000016054415638,-4.0138997782517007e-07
0.8,539.795918367347,0.8265306122448979,1245853718.345845,411.7735296348701,2.5299006859276666e-06,8.75907151457247e-08,5,1.9999420736113467,1.6000014185713798,-3.786461462813887e-07
0.8,539.795918367347,0.8446938775510203,1245853644.1342485,371.8054012113768,9.975554102945292e-08,1.0552527797948608e-07,5,1.9999420766957465,1.6000016558911796,-3.7567040737279484e-07
0.8,539.795918367347,0.8628571428571428,1245853578.1818056,325.82273381027716,9.899592253928754e-08,1.443470760777286e-07,5,1.9999420783939839,1.6000019708304192,-3.7413630988820753e-07
0.8,539.795918367347,0.8810204081632652,1245757270.279932,261.4464974036516,9.666449308842423e-08,2.837833545264535e-07,5,1.9999432855893138,1.6000021783969374,-3.6173659798860804e-07
0.8,539.795918367347,0.8991836734693877,1104478088.773203,219.29978994159902,9.671298271620784e-08,3.6655540872323425e-07,3,2.0,1.6,0.0
0.8,539.795918367347,0.9173469387755101,1099869246.9034824,430.7995150156238,0.7291547008229969,9.401481606578494e-07,3,2.0,1.6,0.0
0.8,539.795918367347,0.9355102040816325,1096841690.9086614,444.50059558508553,0.7998883357604056,1.2248896996004696e-06,3,2.0,1.6,0.0
0.8,539.795918367347,0.953673469387755,1091742294.644612,434.9785500830595,0.8546903818368222,1.6244025080916454e-06,3,2.0,1.6,0.0
0.8,539.795918367347,0.9718367346938775,1069577751.1376935,607.5653749945084,0.9376780387431445,1.5925007060846336e-06,3,2.0,1.6,0.0
0.8,539.795918367347,0.99,1051253883.5265986,1313.578174216291,0.9896848195200626,4.098659574100529e-06,3,2.0,1.6,0.0
0.8,548.9795918367347,0.1,1247693164.5840456,1090.375365899965,2.0014090948989893e-06,3.165450917241061e-08,6,1.7026172568147044,1.6762072478528256,-0.005973080279254658
0.8,548.9795918367347,0.11816326530612245,1247692788.4452894,1087.818210536121,1.914438036827654e-06,3.177653725270036e-08,6,1.7071136573326147,1.6751979644534203,-0.005879684908944988
0.8,548.9795918367347,0.1363265306122449,1247692359.6704068,1084.7737651908549,1.698694119718125e-06,3.192390324005712e-08,6,1.7122382267150273,1.6740517721583947,-0.005773202206801271
0.8,548.9795918367347,0.15448979591836737,1247691849.1269352,1081.465605241316,1.41915690869335e-06,3.20808006646242e-08,6,1.7183385783619707,1.6726620449760203,-0.005646860075110025
0.8,548.9795918367347,0.1726530612244898,1247691312.4599087,1077.449713938675,1.081600481991746e-06,3.229556160581148e-08,6,1.7247491140840632,1.6712257485174988,-0.0055137557384796095
0.8,548.9795918367347,0.19081632653061226,1247690708.7338321,1073.0596340117293,7.628173723443522e-07,3.2532680718469884e-08,6,1.7319584658049654,1.6695932498249142,-0.005364366894687385
0.8,548.9795918367347,0.2089795918367347,1247690024.8055563,1068.44116757905,4.967690358628138e-07,3.276252783267111e-08,6,1.7401223956078076,1.6677143418709488,-0.005195712380136382
0.8,548.9795918367347,0.22714285714285715,1247689296.1335955,1063.2653779546217,2.8943765237973195e-07,3.304555063584647e-08,6,1.7488159302422353,1.6657126636945374,-0.0050161806176016585
0.8,548.9795918367347,0.2453061224489796,1247688485.7712278,1057.8818329525338,1.513384496037122e-07,3.332167802493967e-08,6,1.7584787329876208,1.663452082935886,-0.004817249993510199
0.8,548.9795918367347,0.26346938775510204,1247687629.9643917,1051.9802196354217,9.95746743681417e-08,3.3640639763939754e-08,6,1.7686769833469758,1.6610580386413842,-0.004607485639585181
0.8,548.9795918367347,0.2816326530612245,1247621488.4991322,1175.0187667662844,3.3274550191700955e-05,1.8313323019364696e-08,6,1.9514499869638309,1.611515600310169,-0.0009503877917876276
0.8,548.9795918367347,0.2997959183673469,1247621473.1991477,1161.1270926142313,1.396444204994372e-05,1.8769659856063985e-08,6,1.951678559611768,1.6115984284903813,-0.0009454949281096926
0.8,548.9795918367347,0.3179591836734694,1247621458.8830783,1146.1403508091348,4.855456207403682e-06,1.9356671328525398e-08,6,1.9518896483436174,1.6116963258597279,-0.0009409293348854746
0.8,548.9795918367347,0.33612244897959187,1247621449.111705,1129.5613535771256,1.3355332020914992e-06,2.0261204421546954e-08,6,1.9520317341448707,1.6118231984035085,-0.000937706707790038
0.8,548.9795918367347,0.3542857142857143,1247621440.5893898,1111.7854828972545,2.754266411623393e-07,2.138407844148906e-08,6,1.9521535116113464,1.611967853301982,-0.0009348586360545195
0.8,548.9795918367347,0.37244897959183676,1247621429.4973917,1093.3033823570531,9.973971982750023e-08,2.2564706496303976e-08,6,1.9523093394197863,1.6121170487566174,-0.0009313119523852311
0.8,548.9795918367347,0.3906122448979592,1247534208.3344302,1099.9429759185787,1.1504079986841847e-05,2.0402901250252637e-08,6,1.9858991648620785,1.6035380756518005,-0.00026939524515906895
0.8,548.9795918367347,0.40877551020408165,1247534185.3713372,1081.1843532103953,2.320860897852678e-06,2.109016519012457e-08,6,1.9862318843288194,1.603513458484738,-0.0002626918498135814
0.8,548.9795918367347,0.4269387755102041,1247534170.2097287,1060.4248633001366,3.090956842617891e-07,2.2326677342994205e-08,6,1.9864475089024443,1.6035218031668643,-0.00025826362362663883
0.8,548.9795918367347,0.44510204081632654,1247443148.6916485,1049.4888943796443,3.826450919189387e-05,2.0897335991157882e-08,6,1.9962390455549868,1.6009709778480463,-6.947666593290368e-05
0.8,548.9795918367347,0.463265306122449,1247443126.8413262,1027.7328670538138,6.6374906752840505e-06,2.192881441245375e-08,6,1.9965477805049376,1.600907221309763,-6.348360305621322e-05
0.8,548.9795918367347,0.48142857142857143,1247443114.931181,1003.5466491621602,6.865522042816381e-07,2.3414381378335186e-08,6,1.996681433343399,1.6008899530154554,-6.081255280239312e-05
0.8,548.9795918367347,0.4995918367346939,1247443099.1553907,978.7418245181937,9.973552208284607e-08,2.5393619475149163e-08,6,1.9967636002942266,1.6008871564848064,-5.8850380194745275e-05
0.8,548.9795918367347,0.5177551020408163,1247443080.7733324,953.1295229536288,9.98269999576796e-08,2.7627231133318387e-08,6,1.9968115425334014,1.6008948292169989,-5.7169172335890554e-05
0.8,548.9795918367347,0.5359183673469388,1247348832.0904906,931.2850803193205,9.998944921255442e-08,2.704976776529929e-08,6,1.9986328676288962,1.6003804087239166,-2.345966516980781e-05
0.8,548.9795918367347,0.5540816326530612,1247251842.2136323,905.6104161910788,1.3825966505034559e-06,2.848059720660252e-08,6,1.9992366620809974,1.6002091279788355,-1.2521986583705188e-05
0.8,548.9795918367347,0.5722448979591837,1246328198.4981387,1067.4552278016304,0.39582261292895377,3.465227402554799e-08,6,1.999927792293394,1.6000041257462543,-6.782403856228958e-07
0.8,548.9795918367347,0.5904081632653061,1246196324.5610929,1116.8833504146203,0.46746390110130953,3.965949023691245e-08,6,1.9999344910243875,1.6000023230939178,-5.65868280199229e-07
0.8,548.9795918367347,0.6085714285714285,1246196285.5084336,1063.0163822328038,0.4553822356937592,4.316939339306602e-08,6,1.9999345164013478,1.6000023944348665,-5.61081203122358e-07
0.8,548.9795918367347,0.626734693877551,1246069148.5986779,1135.5499725797642,0.5301639551424763,4.329075146150017e-08,6,1.9999387017636374,1.6000012343588284,-4.924312103216685e-07
0.8,548.9795918367347,0.6448979591836734,1246069100.7425373,1078.0456786156547,0.5224318191799793,4.923908591992415e-08,6,1.9999387132524178,1.6000012850030287,-4.879873425662329e-07
0.8,548.9795918367347,0.6630612244897959,1246069071.6755095,1013.0983901972537,0.5093276479970774,5.600848355771115e-08,6,1.9999387185220445,1.6000013455107935,-4.831652231477127e-07
0.8,548.9795918367347,0.6812244897959183,1246069050.433595,941.7185441526017,0.48955875578770697,6.301430115289943e-08,6,1.9999387215220117,1.6000014163702243,-4.782524615938229e-07
0.8,548.9795918367347,0.6993877551020408,1245853804.051817,1031.5261729290296,0.5773073342636149,5.8628192394244195e-08,5,1.999942068382644,1.6000003601393917,-4.265679620721263e-07
0.8,548.9795918367347,0.7175510204081632,1245853727.6124952,962.5157088027424,0.5683088900217009,6.86917031611764e-08,5,1.9999420731260509,1.6000003951441775,-4.2248409732119097e-07
0.8,548.9795918367347,0.7357142857142857,1245853688.125045,874.6989579015898,0.5454657057124762,8.063166281477527e-08,5,1.9999420750387193,1.6000004452112149,-4.188279685855724e-07
0.8,548.9795918367347,0.7538775510204081,1245853666.3502681,764.9161021739087,0.4960021794013713,9.011196063275191e-08,5,1.9999420759191984,1.6000005191280562,-4.1560602528608525e-07
0.8,548.9795918367347,0.7720408163265305,1245853683.1364875,624.5536740966775,0.367635704626903,8.021310290485632e-08,5,1.9999420752511907,1.6000006362621555,-4.125862376086209e-07
0.8,548.9795918367347,0.790204081632653,1245853827.3300812,510.7677040015632,0.1402054916284403,6.723694771950135e-08,5,1.9999420667381795,1.600000836843551,-4.082293318367221e-07
0.8,548.9795918367347,0.8083673469387754,1245958457.5236168,456.95719992950836,0.0019672760383142077,7.923442307735526e-08,6,1.9999407706132428,1.6000015492225286,-4.061857500364864e-07
0.8,548.9795918367347,0.8265306122448979,1245853735.9223483,418.62156141188564,1.8811307092375448e-05,8.610675846784518e-08,5,1.9999420726722916,1.6000013821191068,-3.7933539910270157e-07
0.8,548.9795918367347,0.8446938775510203,1245853654.4195418,378.3128023003011,9.798916172957957e-08,1.016632920962624e-07,5,1.9999420763509743,1.6000016137349322,-3.760496041838273e-07
0.8,548.9795918367347,0.8628571428571428,1245853589.4220736,333.94675963117743,9.743647781273278e-08,1.3581048117268677e-07,5,1.9999420781584003,1.6000019212996255,-3.742904471705816e-07
0.8,548.9795918367347,0.8810204081632652,1245806479.9274611,262.5133075006532,9.86299593326765e-08,2.681026922305123e-07,5,1.999942725355528,1.6000022285440891,-3.669514535107726e-07
0.8,548.9795918367347,0.8991836734693877,1104610583.4609196,224.77998667255542,9.546636908097692e-08,3.5460205359976417e-07,3,2.0,1.6,0.0
0.8,548.9795918367347,0.9173469387755101,1100050657.067183,433.0536928005099,0.7254605541845266,9.188850723536145e-07,3,2.0,1.6,0.0
0.8,548.9795918367347,0.9355102040816325,1097059178.1040325,448.8160215839215,0.7983309488023239,1.2021079164991917e-06,3,2.0,1.6,0.0
0.8,548.9795918367347,0.953673469387755,1092031914.4555974,441.5965583610268,0.8544123971429266,1.5890262886855042e-06,3,2.0,1.6,0.0
0.8,548.9795918367347,0.9718367346938775,1069896243.8045261,607.7101877929092,0.9366228319529359,1.5826441302228991e-06,3,2.0,1.6,0.0
0.8,548.9795918367347,0.99,1051517136.9435285,1333.3505375276761,0.9896649126459951,3.916779373292473e-06,3,2.0,1.6,0.0
0.8,558.1632653061224,0.1,1247694699.365124,1101.4730221716109,4.553747088459313e-06,3.110169289578289e-08,6,1.6842625697221048,1.6802502348298327,-0.0063556307149451
0.8,558.1632653061224,0.11816326530612245,1247694335.6612597,1098.6738167836186,4.442263050502199e-06,3.12485873802768e-08,6,1.6886132036194088,1.6793070891251736,-0.006264690240546461
0.8,558.1632653061224,0.1363265306122449,1247693888.8209596,1095.6173581975272,4.106070564611935e-06,3.139050755952735e-08,6,1.6939574835303177,1.6781210336388146,-0.006153414823482711
0.8,558.1632653061224,0.15448979591836737,1247693377.7903605,1092.1519363085365,3.565931479292385e-06,3.1548877098303835e-08,6,1.7000682253241048,1.6767578518633728,-0.006026320345820855
0.8,558.1632653061224,0.1726530612244898,1247692824.5692275,1088.0676522920278,2.8703168143666434e-06,3.1764230254179076e-08,6,1.7066818721163308,1.6752938353305509,-0.005888630511783366
0.8,558.1632653061224,0.19081632653061226,1247692218.1726468,1083.4990387784087,2.1429073050090548e-06,3.200409968362132e-08,6,1.7139290923712838,1.6736866933570897,-0.0057378361262586915
0.8,558.1632653061224,0.2089795918367347,1247691512.4370034,1078.825882876168,1.5072101580294369e-06,3.2226272551257136e-08,6,1.7223605784738476,1.6717676889490503,-0.005563207929321124
0.8,558.1632653061224,0.22714285714285715,1247690764.413431,1073.5717834848892,9.597877542483905e-07,3.24987292504095e-08,6,1.7312936900483713,1.6697377292216597,-0.005378204786063347
0.8,558.1632653061224,0.2453061224489796,1247689951.4329379,1067.9450040363095,5.521696923882394e-07,3.278755519534366e-08,6,1.740997975581259,1.667511593256853,-0.0051776190837049445
0.8,558.1632653061224,0.26346938775510204,1247689078.7330582,1061.8863748611345,2.8089421735097754e-07,3.3111082644456816e-08,6,1.7514088004701773,1.6651039192948114,-0.004962804190969166
0.8,558.1632653061224,0.2816326530612245,1247688148.1776736,1055.4072997044327,1.2334309812097757e-07,3.346251627188121e-08,6,1.7625024714025344,1.662516628831722,-0.004734309426921714
0.8,558.1632653061224,0.2997959183673469,1247687142.0392761,1048.6799091257774,9.882535411598021e-08,3.3816384917182244e-08,6,1.7744882009613732,1.6596812282989115,-0.004488167978436104
0.8,558.1632653061224,0.3179591836734694,1247621478.562866,1166.161867500387,2.1052683796048607e-05,1.8598615116705983e-08,6,1.9515987417298806,1.6115672636846987,-0.000947195587202942
0.8,558.1632653061224,0.33612244897959187,1247621462.6222591,1150.089974759288,6.998764422330972e-06,1.9198834298361697e-08,6,1.9518347902540376,1.6116698125289586,-0.0009421065275451687
0.8,558.1632653061224,0.3542857142857143,1247621450.4247072,1132.5282099001977,1.8119463162997792e-06,2.0078205069310597e-08,6,1.952012771094502,1.6117988876736098,-0.0009381452172064111
0.8,558.1632653061224,0.37244897959183676,1247621441.6308036,1113.4686029450977,3.429638568527062e-07,2.128060436935477e-08,6,1.9521387331477351,1.61195433346868,-0.000935185281900325
0.8,558.1632653061224,0.3906122448979592,1247621429.7728336,1093.7430080869647,9.952800852282928e-08,2.2533967514560493e-08,6,1.952305501220977,1.6121132788787886,-0.000931392012846022
0.8,558.1632653061224,0.40877551020408165,1247534207.4071991,1099.180728968151,1.1343746187830339e-05,2.0431407920283043e-08,6,1.9859127058201316,1.6035369134427386,-0.0002691160816456169
0.8,558.1632653061224,0.4269387755102041,1247534183.6068811,1079.1662661818066,2.0133435548932188e-06,2.1189084268733685e-08,6,1.98625719154885,1.6035130987695925,-0.00026217135595882135
0.8,558.1632653061224,0.44510204081632654,1247534168.4971805,1057.0061792751299,2.2383415560274721e-07,2.2575523202129957e-08,6,1.9864715371353394,1.603525814988032,-0.00025775422988295475
0.8,558.1632653061224,0.463265306122449,1247443143.1640534,1045.2033343179949,2.8518788963226182e-05,2.104033075393649e-08,6,1.9963177838446544,1.6009538700882762,-6.794944017383209e-05
0.8,558.1632653061224,0.48142857142857143,1247443122.1014302,1021.9101962717981,4.057104517634538e-06,2.227548304417014e-08,6,1.9966102360825637,1.600895008522013,-6.226326568082354e-05
0.8,558.1632653061224,0.4995918367346939,1247443110.2600732,996.2269722254431,3.162341788969266e-07,2.397006442544206e-08,6,1.9967120597314696,1.6008873148940734,-6.018162032076032e-05
0.8,558.1632653061224,0.5177551020408163,1247443093.490169,970.0510050057509,9.955861397718099e-08,2.6144071062383753e-08,6,1.9967821806275836,1.6008889730916545,-5.8246191928275e-05
0.8,558.1632653061224,0.5359183673469388,1247348851.4225664,947.0746651636474,6.796865761222461e-07,2.5993592299355707e-08,6,1.9986079058584567,1.6003816435530824,-2.413737014158524e-05
0.8,558.1632653061224,0.5540816326530612,1247348820.5896816,920.1798987694191,9.991755189673743e-08,2.7968312036573787e-08,6,1.9986431766499773,1.6003815060752953,-2.3117647042091045e-05
0.8,558.1632653061224,0.5722448979591837,1246328219.6759956,1102.1526769682932,0.41173651294118396,3.446605171461245e-08,6,1.9999277531511346,1.6000040487443037,-6.807131336681295e-07
0.8,558.1632653061224,0.5904081632653061,1246196345.9261243,1151.217420794202,0.47838005480253515,3.862159709307028e-08,6,1.999934474514922,1.6000022766770934,-5.679387256450669e-07
0.8,558.1632653061224,0.6085714285714285,1246196294.2952306,1099.3651155799032,0.46950334272626315,4.224528847665374e-08,6,1.9999345112898883,1.600002341490798,-5.62870498211579e-07
0.8,558.1632653061224,0.626734693877551,1246069176.96387,1169.7006400332868,0.5385227248749257,4.167223129943259e-08,6,1.9999386936279233,1.600001205826522,-4.9428010733372e-07
0.8,558.1632653061224,0.6448979591836734,1246069111.2131784,1115.0183279282417,0.5336728541069091,4.744731446794206e-08,6,1.99993871102297,1.600001251779151,-4.896747573792898e-07
0.8,558.1632653061224,0.6630612244897959,1246069077.9897287,1049.6366584032369,0.5222998043096457,5.434240979717211e-08,6,1.9999387174933025,1.600001310260512,-4.848690169846149e-07
0.8,558.1632653061224,0.6812244897959183,1246069054.0565681,978.5989882218489,0.5057260996294576,6.188617050123037e-08,6,1.9999387210588997,1.6000013780611382,-4.799213242653769e-07
0.8,558.1632653061224,0.6993877551020408,1245853848.3628554,1065.0232011369371,0.5858735731346874,5.698305679350403e-08,5,1.9999420652032003,1.600000344673282,-4.280254598561119e-07
0.8,558.1632653061224,0.7175510204081632,1245853738.5642395,999.6214284195843,0.5802882037930223,6.615334685508038e-08,5,1.9999420725244867,1.6000003759774029,-4.237240573084763e-07
0.8,558.1632653061224,0.7357142857142857,1245853693.1910336,913.9946637619919,0.5621749620026588,7.852151465924098e-08,5,1.9999420748161456,1.6000004217033987,-4.1988082254954983e-07
0.8,558.1632653061224,0.7538775510204081,1245853665.9324465,806.6757409732329,0.5223960848778206,9.032887067941859e-08,5,1.9999420759349724,1.600000488643446,-4.165176557406454e-07
0.8,558.1632653061224,0.7720408163265305,1245853663.7917378,671.2837823518815,0.42795455524874176,9.010946406628712e-08,5,1.99994207601473,1.6000005934290153,-4.135037026503366e-07
0.8,558.1632653061224,0.790204081632653,1245853755.6807795,532.7374996708262,0.2020554635757086,6.487796552571502e-08,5,1.999942071526622,1.6000007726681622,-4.0985918336232067e-07
0.8,558.1632653061224,0.8083673469387754,1245958507.413955,462.88496174215385,0.005175457461101309,8.434934032850464e-08,6,1.9999407659703754,1.6000014748787628,-4.12562296480825e-07
0.8,558.1632653061224,0.8265306122448979,1245853756.3280513,425.32690460222165,0.00010166768691994261,8.534932483214547e-08,5,1.999942071487402,1.600001346805537,-3.8015033846804985e-07
0.8,558.1632653061224,0.8446938775510203,1245853665.117494,384.7900518806567,9.955466696111992e-08,9.818154051202547e-08,5,1.999942075965408,1.6000015732648971,-3.7646780163726296e-07
0.8,558.1632653061224,0.8628571428571428,1245853600.2032185,341.69229049535005,9.950140637506202e-08,1.2840461108016662e-07,5,1.999942077914026,1.6000018737948332,-3.744605457872746e-07
0.8,558.1632653061224,0.8810204081632652,1245808455.8402588,264.54400835347514,9.976546570382309e-08,2.7632587759509863e-07,5,1.9999427024032013,1.6000021798207609,-3.673043665188437e-07
0.8,558.1632653061224,0.8991836734693877,1104690268.4330797,228.21235913801965,9.619389693825993e-08,3.4603921799348284e-07,3,2.0,1.6,0.0
0.8,558.1632653061224,0.9173469387755101,1100226696.0978706,435.09519610892295,0.7216200438745922,8.980244628083348e-07,3,2.0,1.6,0.0
0.8,558.1632653061224,0.9355102040816325,1097272863.48503,452.72105270328655,0.7966051411868181,1.1808723856049989e-06,3,2.0,1.6,0.0
0.8,558.1632653061224,0.953673469387755,1092314174.9668386,447.67303679961543,0.8539618948728425,1.5569457297215031e-06,3,2.0,1.6,0.0
0.8,558.1632653061224,0.9718367346938775,1070198591.662792,609.1583252785615,0.9357246069452336,1.569489348719312e-06,3,2.0,1.6,0.0
0.8,558.1632653061224,0.99,1051774851.7399592,1352.8065020019226,0.9896431800616555,3.752728639675055e-06,3,2.0,1.6,0.0
0.8,567.3469387755102,0.1,1247696253.9931524,1112.5769262284548,9.10347753530103e-06,3.057171435826909e-08,6,1.6656604217981728,1.6842987343095808,-0.006744377873666814
0.8,567.3469387755102,0.11816326530612245,1247695856.7331748,1109.9145289681437,9.222921412697078e-06,3.0692065763549875e-08,6,1.6704146829334132,1.6832572441649158,-0.006645079890101334
0.8,567.3469387755102,0.1363265306122449,1247695413.6414382,1106.6631889427651,8.734197679176432e-06,3.085062689919035e-08,6,1.6757168340390398,1.68211025377355,-0.00653415135052351
0.8,567.3469387755102,0.15448979591836737,1247694903.075281,1102.9977666705017,7.828145556761479e-06,3.1028259015229895e-08,6,1.6818255498015253,1.680777753269599,-0.006406541970552346
0.8,567.3469387755102,0.1726530612244898,1247694345.8351426,1098.7608042552747,6.561499959828619e-06,3.124320837522614e-08,6,1.6884915064102288,1.6793317329232667,-0.0062672140634604375
0.8,567.3469387755102,0.19081632653061226,1247693693.7972755,1094.3541563262013,5.247512235159075e-06,3.14460385705481e-08,6,1.6962896961853096,1.677596526894313,-0.00610492506056365
0.8,567.3469387755102,0.2089795918367347,1247692999.2178092,1089.3414652479225,3.8762205842568504e-06,3.169997544522249e-08,6,1.7045941804849598,1.6757563386749283,-0.0059320456837937685
0.8,567.3469387755102,0.22714285714285715,1247692250.2817044,1083.8501843847669,2.637170930045891e-06,3.197833870580976e-08,6,1.7135453891846102,1.6737650872999021,-0.0057458855715628344
0.8,567.3469387755102,0.2453061224489796,1247691414.0075684,1078.1374424958276,1.659906813688259e-06,3.2261597193669096e-08,6,1.723536234643917,1.6715004849699295,-0.0055388250449737554
0.8,567.3469387755102,0.26346938775510204,1247690524.017277,1071.927190159326,9.356542929827623e-07,3.2586864704042796e-08,6,1.7341637843337552,1.6690786152543606,-0.0053188556608156036
0.8,567.3469387755102,0.2816326530612245,1247689586.1724238,1065.2160178760498,4.6173426556263704e-07,3.294298308275796e-08,6,1.7453561388720393,1.6665157044732584,-0.0050874695525167735
0.8,567.3469387755102,0.2997959183673469,1247688559.6216316,1058.3134948314453,1.984626370020708e-07,3.3304027229950443e-08,6,1.75759836384601,1.6636604897485308,-0.004835285184312741
0.8,567.3469387755102,0.3179591836734694,1247687485.3261826,1050.9255765608461,9.941580627388488e-08,3.3697564460218764e-08,6,1.770399842867601,1.6606538641982338,-0.004572007395558118
0.8,567.3469387755102,0.33612244897959187,1247621482.418225,1169.8107487213952,2.8462957848543272e-05,1.847326469299027e-08,6,1.9515411682936379,1.6115447268874086,-0.0009484188343908663
0.8,567.3469387755102,0.3542857142857143,1247621465.3077164,1152.5564248729513,8.94069213326105e-06,1.911191496211052e-08,6,1.9517952654018582,1.611654112633033,-0.0009429429117260164
0.8,567.3469387755102,0.37244897959183676,1247621451.0298052,1133.9312115531648,2.144058399688401e-06,1.9992489068681668e-08,6,1.9520040143679598,1.6117872494840184,-0.000938343310931576
0.8,567.3469387755102,0.3906122448979592,1247621441.72347,1113.5817177359106,3.645535709129751e-07,2.127365280462549e-08,6,1.9521374169345715,1.6119532734614497,-0.0009352062259911608
0.8,567.3469387755102,0.40877551020408165,1247621428.957428,1092.5923821173933,9.983898121086387e-08,2.2609634603788148e-08,6,1.9523168591982056,1.6121222088380611,-0.0009311314484843759
0.8,567.3469387755102,0.4269387755102041,1247534204.829611,1096.8760658590386,9.853341988027092e-06,2.0525688059032047e-08,6,1.9859503029385295,1.6035345028532968,-0.00026834994734445795
0.8,567.3469387755102,0.44510204081632654,1247534180.5734062,1075.5320552574485,1.4898124017992517e-06,2.139113149807514e-08,6,1.9863005826707645,1.603513085831763,-0.00026128117948594757
0.8,567.3469387755102,0.463265306122449,1247534165.884207,1051.8819371697505,1.320318321496344e-07,2.295300211066242e-08,6,1.9865080359975842,1.6035318139983938,-0.0002569840796441116
0.8,567.3469387755102,0.48142857142857143,1247443136.8947053,1039.1652755913417,1.8316072528302532e-05,2.1313376743685853e-08,6,1.9964065923294596,1.6009353611146862,-6.622297439306015e-05
0.8,567.3469387755102,0.4995918367346939,1247443117.2550788,1014.2025296597895,2.0270681108054485e-06,2.251221340031284e-08,6,1.996663910710382,1.6008864740075885,-6.119970940365185e-05
0.8,567.3469387755102,0.5177551020408163,1247443104.9964504,987.0455999187624,1.1021466744522212e-07,2.47301462728034e-08,6,1.9967394833026013,1.6008869916910764,-5.950674753049127e-05
0.8,567.3469387755102,0.5359183673469388,1247443085.802828,959.6203372493591,9.971433271527156e-08,2.7042517832551143e-08,6,1.996801475921022,1.6008921276061157,-5.755884136105859e-05
0.8,567.3469387755102,0.5540816326530612,1247348836.6730378,935.8690774038924,1.6769534152709647e-07,2.667299361497253e-08,6,1.9986278529454924,1.6003800836264472,-2.3612410394353646e-05
0.8,567.3469387755102,0.5722448979591837,1247251846.5909023,908.2443199183872,1.961343071760003e-06,2.832116741841099e-08,6,1.9992342555900218,1.6002092658708766,-1.258308054754177e-05
0.8,567.3469387755102,0.5904081632653061,1246196382.9367454,1184.087374269043,0.48761676934423237,3.7779571912972196e-08,6,1.9999344426541958,1.6000022364303235,-5.702395720729058e-07
0.8,567.3469387755102,0.6085714285714285,1246196305.5786397,1135.325900491614,0.4820317907621225,4.118369685118163e-08,6,1.9999345042029617,1.6000022914266816,-5.646650729668018e-07
0.8,567.3469387755102,0.626734693877551,1246196273.1283934,1073.277745062777,0.4669697584737525,4.5082124349684323e-08,6,1.999934522966599,1.6000023718913905,-5.598710616191193e-07
0.8,567.3469387755102,0.6448979591836734,1246069124.2416177,1151.4031018905282,0.5436228499469677,4.5582243546134815e-08,6,1.9999387080161102,1.600001220609467,-4.913520470098394e-07
0.8,567.3469387755102,0.6630612244897959,1246069085.292991,1086.178953223099,0.5340709598860984,5.253202967942042e-08,6,1.9999387162231859,1.6000012766434133,-4.865783202622518e-07
0.8,567.3469387755102,0.6812244897959183,1246069058.4775715,1015.4002719016787,0.5201395562623594,6.043336564976258e-08,6,1.9999387204674264,1.6000013416516468,-4.814946604469131e-07
0.8,567.3469387755102,0.6993877551020408,1245958426.5473597,1058.6479261206719,0.574746020962208,6.11355045320001e-08,6,1.9999407732927783,1.60000074400041,-4.4735478075457996e-07
0.8,567.3469387755102,0.7175510204081632,1245853751.8486042,1035.9853709940755,0.5907921804846473,6.358399934164021e-08,5,1.9999420717557594,1.6000003584167817,-4.2498563074554524e-07
0.8,567.3469387755102,0.7357142857142857,1245853699.585996,952.5531262046852,0.5765911953696409,7.60614621939835e-08,5,1.9999420745256438,1.6000004001584371,-4.209511454388412e-07
0.8,567.3469387755102,0.7538775510204081,1245853667.6055188,847.4943939230127,0.5442433263614006,8.935357785672207e-08,5,1.9999420758717783,1.6000004611287808,-4.1742197214755144e-07
0.8,567.3469387755102,0.7720408163265305,1245853654.954386,715.7702162740175,0.47099918029705035,9.559899089637347e-08,5,1.9999420763323095,1.6000005554729244,-4.143517532737189e-07
0.8,567.3469387755102,0.790204081632653,1245853712.3378134,560.2570709376455,0.2696302399151466,7.033025199403678e-08,5,1.999942073914132,1.6000007152738769,-4.1111087613472767e-07
0.8,567.3469387755102,0.8083673469387754,1246069042.0768878,473.5143274737305,0.00014691775652873412,7.016424119163168e-08,6,1.9999387225169014,1.6000020007223843,-4.434209584637419e-07
0.8,567.3469387755102,0.8265306122448979,1245853781.0822353,431.82415489505735,0.000420950065826895,8.557752292021826e-08,5,1.9999420699283437,1.6000013115735925,-3.813015249267105e-07
0.8,567.3469387755102,0.8446938775510203,1245853676.3488247,391.2349062521687,9.998477054331931e-08,9.506416728646713e-08,5,1.999942075530051,1.6000015343882816,-3.769237777590338e-07
0.8,567.3469387755102,0.8628571428571428,1245853608.47524,347.5719367158582,9.92846375353984e-08,1.232369502966592e-07,5,1.999942077713193,1.6000018280103065,-3.746255319623618e-07
0.8,567.3469387755102,0.8810204081632652,1245816838.3928728,274.07723032833195,9.595532116195584e-08,2.62019988048774e-07,5,1.9999426003616219,1.6000021408965928,-3.6859611693771264e-07
0.8,567.3469387755102,0.8991836734693877,1104825215.8205392,234.20604951000388,9.513191847004299e-08,3.3177991784556757e-07,3,2.0,1.6,0.0
0.8,567.3469387755102,0.9173469387755101,1100399268.9291136,436.68560903750733,0.7174487744881723,8.776345290736504e-07,3,2.0,1.6,0.0
0.8,567.3469387755102,0.9355102040816325,1097479451.6051767,456.6256047834531,0.7949018050005385,1.1600173748725069e-06,3,2.0,1.6,0.0
0.8,567.3469387755102,0.953673469387755,1092592334.4223163,453.0005120191888,0.8532772566254515,1.5287273032670294e-06,3,2.0,1.6,0.0
0.8,567.3469387755102,0.9718367346938775,1070495265.4483191,610.4196675640424,0.9347873241531035,1.5564619803514943e-06,3,2.0,1.6,0.0
0.8,567.3469387755102,0.99,1052029056.3927466,1372.0918547567144,0.9896208709819141,3.603122928925915e-06,3,2.0,1.6,0.0
0.8,576.5306122448981,0.1,1247697802.9868653,1123.8869926602715,1.653092275857466e-05,3.004694110054133e-08,6,1.6471198905091167,1.6882607672533794,-0.007133233190260233
0.8,576.5306122448981,0.11816326530612245,1247697421.0762355,1120.96956289478,1.691484809603512e-05,3.018534942019639e-08,6,1.6516913754182125,1.6872971776662675,-0.007037112944810437
0.8,576.5306122448981,0.1363265306122449,1247696950.2231824,1117.7790870724689,1.6591042573856473e-05,3.0325003589071445e-08,6,1.657327392645026,1.6860768647757878,-0.006919110972671386
0.8,576.5306122448981,0.15448979591836737,1247696435.786544,1113.9710016949564,1.529229533694466e-05,3.0504949092712045e-08,6,1.6634846831569652,1.6847603046852462,-0.006789989902291248
0.8,576.5306122448981,0.1726530612244898,1247695841.8243475,1109.8269166015878,1.3469155275499887e-05,3.069500065930106e-08,6,1.6705930944097636,1.6832157266605021,-0.006641334421217217
0.8,576.5306122448981,0.19081632653061226,1247695196.2017653,1105.1252259277812,1.1150579681537665e-05,3.092699219981559e-08,6,1.6783185512647982,1.6815401017045117,-0.0064797856816159825
0.8,576.5306122448981,0.2089795918367347,1247694495.832248,1099.9309862450484,8.645963303141728e-06,3.117936938854118e-08,6,1.686697314568183,1.6797189328708344,-0.006304694169623937
0.8,576.5306122448981,0.22714285714285715,1247693704.1739807,1094.5196954876374,6.34545659413565e-06,3.143341092186679e-08,6,1.6961656047260885,1.6776173077598184,-0.006107567352683416
0.8,576.5306122448981,0.2453061224489796,1247692873.086239,1088.481540261633,4.2513876952284876e-06,3.1739741176126425e-08,6,1.7061019417939358,1.675417208772525,-0.005900701434608408
0.8,576.5306122448981,0.26346938775510204,1247691969.702386,1082.090765032165,2.6091708755309942e-06,3.206485696708718e-08,6,1.716898032148428,1.6729962298795134,-0.005676494872832099
0.8,576.5306122448981,0.2816326530612245,1247691001.521369,1075.3200606761848,1.4366066597246355e-06,3.240462829401409e-08,6,1.728462476790061,1.6703764006137507,-0.005436843118768642
0.8,576.5306122448981,0.2997959183673469,1247689971.2666814,1068.1343661093233,6.932761842898078e-07,3.2774589067637585e-08,6,1.7407613029699829,1.6675620671793852,-0.005182514926888907
0.8,576.5306122448981,0.3179591836734694,1247688879.5224552,1060.5208275274615,2.8472142073783715e-07,3.318248391813321e-08,6,1.7537843081135105,1.6645498877807485,-0.004913821997711406
0.8,576.5306122448981,0.33612244897959187,1247687724.600246,1052.5255657244704,9.874885399307084e-08,3.361758086984061e-08,6,1.7675495832004955,1.6613275428435401,-0.004630528025625902
0.8,576.5306122448981,0.3542857142857143,1247621484.6474671,1172.03336992905,3.4723527831751424e-05,1.8393046950491318e-08,6,1.9515077920081794,1.6115306484856937,-0.0009491248324411514
0.8,576.5306122448981,0.37244897959183676,1247621466.4263272,1153.5587380756472,1.0165696424053351e-05,1.907417563103989e-08,6,1.9517787730144442,1.6116476442487446,-0.0009432849971239692
0.8,576.5306122448981,0.3906122448979592,1247621450.9568884,1133.7171310253088,2.214140747167099e-06,2.0005618703855532e-08,6,1.9520050703338019,1.6117887736919296,-0.0009383080841754952
0.8,576.5306122448981,0.40877551020408165,1247621440.7209866,1112.0931880353232,3.2951141476028903e-07,2.136414710541394e-08,6,1.9521516457159844,1.6119646065165663,-0.0009348794415360399
0.8,576.5306122448981,0.4269387755102041,1247621427.5390737,1089.7447579012835,9.982954467120431e-08,2.280920926347032e-08,6,1.9523365765341636,1.6121462041165437,-0.0009306642536271919
0.8,576.5306122448981,0.44510204081632654,1247534200.3088017,1093.0247968296248,7.4572039624435955e-06,2.0669395818687196e-08,6,1.986016066584649,1.6035299080215923,-0.0002670171418315753
0.8,576.5306122448981,0.463265306122449,1247534176.0885139,1070.256245045916,9.223834448731882e-07,2.1675513280139582e-08,6,1.9863644233420819,1.6035129424727819,-0.0002599757305065161
0.8,576.5306122448981,0.48142857142857143,1247534161.8355937,1045.0655496889349,9.973993347086338e-08,2.3446737303595892e-08,6,1.986564251164291,1.6035380490053397,-0.00025581341655954464
0.8,576.5306122448981,0.4995918367346939,1247443129.3936338,1031.4001927470792,9.866560118739301e-06,2.169615130732176e-08,6,1.9965121066268485,1.600913586199612,-6.41722150018098e-05
0.8,576.5306122448981,0.5177551020408163,1247443115.3108227,1004.1388437429123,7.900868200944035e-07,2.337020565405783e-08,6,1.9966786729380699,1.6008900202803855,-6.086094597978292e-05
0.8,576.5306122448981,0.5359183673469388,1247443097.3091512,976.1782117204818,9.995721175623975e-08,2.5603052058764897e-08,6,1.996770134932395,1.6008872475194613,-5.8649138809632266e-05
0.8,576.5306122448981,0.5540816326530612,1247348857.8058813,950.9426234634047,1.130053974175249e-06,2.5822592136475382e-08,6,1.9985974295295799,1.6003830505545518,-2.438320752798845e-05
0.8,576.5306122448981,0.5722448979591837,1247348822.743454,922.493764744772,9.989056935734522e-08,2.7754868494388875e-08,6,1.9986414579980907,1.6003810697785161,-2.3178795392061216e-05
0.8,576.5306122448981,0.5904081632653061,1246328184.3479686,1120.0754418589459,0.42697289333238425,3.5111983040104325e-08,6,1.9999278168698598,1.6000039856832324,-6.782865209481948e-07
0.8,576.5306122448981,0.6085714285714285,1246196320.314159,1170.742700654942,0.4931199997765247,4.003419777987657e-08,6,1.9999344941041424,1.6000022443498099,-5.664895520910398e-07
0.8,576.5306122448981,0.626734693877551,1246196279.933605,1110.365937055443,0.4812789189685208,4.419028032200296e-08,6,1.9999345194481783,1.600002319329226,-5.614893638979764e-07
0.8,576.5306122448981,0.6448979591836734,1246069141.0448668,1187.0757647813784,0.5524116318863824,4.370785105271765e-08,6,1.9999387037853988,1.60000119145172,-4.930260388737006e-07
0.8,576.5306122448981,0.6630612244897959,1246069093.7029824,1122.8098689147532,0.5448608205090224,5.063225568156858e-08,6,1.999938714653565,1.6000012444797034,-4.882777734749244e-07
0.8,576.5306122448981,0.6812244897959183,1246069063.696724,1051.9879107362794,0.5329986813726835,5.873339768989055e-08,6,1.9999387197305813,1.6000013070103822,-4.830600752350532e-07
0.8,576.5306122448981,0.6993877551020408,1245958452.1940668,1092.881749459989,0.5834498135209926,5.889178948120851e-08,6,1.9999407710881174,1.6000007214832739,-4.488123105719796e-07
0.8,576.5306122448981,0.7175510204081632,1245853768.2945595,1071.602779510871,0.6000508318019623,6.106012905462712e-08,5,1.99994207074904,1.600000342305381,-4.26273596974082e-07
0.8,576.5306122448981,0.7357142857142857,1245853707.2253473,990.4292238045379,0.5891648927051616,7.339708329604628e-08,5,1.9999420741644311,1.600000380454687,-4.2204066486139186e-07
0.8,576.5306122448981,0.7538775510204081,1245853670.7904484,887.5331792596131,0.5627286936408854,8.75852867375063e-08,5,1.999942075749503,1.6000004361830336,-4.1832900701673786e-07
0.8,576.5306122448981,0.7720408163265305,1245853651.1979344,758.5369300246738,0.5039087169199453,9.809668768754943e-08,5,1.9999420764616493,1.6000005215340563,-4.1515659159608296e-07
0.8,576.5306122448981,0.790204081632653,1245853682.5059438,594.5851754690893,0.3363309701519468,7.939610777634188e-08,5,1.9999420752776358,1.6000006641941051,-4.1212325503238987e-07
0.8,576.5306122448981,0.8083673469387754,1246069050.8624563,481.30042599818637,0.0005175725858161652,6.763804264968352e-08,6,1.999938721468038,1.600001925075976,-4.4703442108091626e-07
0.8,576.5306122448981,0.8265306122448979,1245853813.2107363,438.00200294518066,0.0013938461696508789,8.729011979252274e-08,5,1.9999420677433946,1.6000012739290523,-3.8324927884619885e-07
0.8,576.5306122448981,0.8446938775510203,1245853688.2461298,397.6433372712349,9.575282678985533e-08,9.23073090487537e-08,5,1.9999420750334578,1.600001497023,-3.7741628689727484e-07
0.8,576.5306122448981,0.8628571428571428,1245853616.8328366,353.4379518622726,9.74682331701988e-08,1.1843757846185165e-07,5,1.9999420774976988,1.6000017839794531,-3.7482469183526204e-07
0.8,576.5306122448981,0.8810204081632652,1245826433.8059673,284.51884700112794,9.978388447783491e-08,2.476826907446039e-07,5,1.99994247324001,1.6000021062283443,-3.697315120533995e-07
0.8,576.5306122448981,0.8991836734693877,1104905973.7742915,237.92394937681098,9.773861858286417e-08,3.24822333372966e-07,3,2.0,1.6,0.0
0.8,576.5306122448981,0.9173469387755101,1100568286.774658,437.8337775440092,0.7129365307521996,8.576290524176474e-07,3,2.0,1.6,0.0
0.8,576.5306122448981,0.9355102040816325,1097676986.7068806,460.79127972234085,0.7933466859933122,1.1389590507688767e-06,3,2.0,1.6,0.0
0.8,576.5306122448981,0.953673469387755,1092858257.6305323,458.40259626078245,0.8526321779757452,1.500889923095502e-06,3,2.0,1.6,0.0
0.8,576.5306122448981,0.9718367346938775,1070779820.8811893,612.3704763078006,0.9339483109387712,1.5422497893409535e-06,3,2.0,1.6,0.0
0.8,576.5306122448981,0.99,1052279751.9452816,1390.8130174824194,0.9895949001052611,3.4665186160891696e-06,3,2.0,1.6,0.0
0.8,585.7142857142858,0.1,1247699385.5788078,1135.1632137173463,2.7241955687536465e-05,2.9537673896227623e-08,6,1.6281765625682123,1.6922762197023387,-0.00753135265872166
0.8,585.7142857142858,0.11816326530612245,1247698990.194677,1132.1978415259405,2.8449965474660778e-05,2.967568015085955e-08,6,1.6329088618644427,1.6912878168410128,-0.00743163056859764
0.8,585.7142857142858,0.1363265306122449,1247698516.9458926,1128.8536266776046,2.8419042903031544e-05,2.982405810525876e-08,6,1.6385735714119336,1.6900861167910552,-0.007312559320606248
0.8,585.7142857142858,0.15448979591836737,1247697989.484697,1124.9400286482105,2.6917923441470426e-05,3.0009782112168635e-08,6,1.6448874201184478,1.6887535918975836,-0.007179784592235348
0.8,585.7142857142858,0.1726530612244898,1247697385.1028085,1120.663394361747,2.4451813680811165e-05,3.020309460912521e-08,6,1.6521219754213645,1.6872058726811245,-0.007028000592419465
0.8,585.7142857142858,0.19081632653061226,1247696703.0381777,1116.041410346624,2.1262027706274606e-05,3.0403968447264606e-08,6,1.6602859828211636,1.685437027701563,-0.006857107214740914
0.8,585.7142857142858,0.2089795918367347,1247695980.8030107,1110.7539532168955,1.7297733020588395e-05,3.065900957438085e-08,6,1.6689299211673734,1.6835782134243586,-0.006676038617188234
0.8,585.7142857142858,0.22714285714285715,1247695188.2482333,1105.0766375347055,1.3283117412684784e-05,3.09291603576061e-08,6,1.6784137133977086,1.6815173518767608,-0.006477775902712416
0.8,585.7142857142858,0.2453061224489796,1247694351.0935898,1098.8072392803415,9.425090728144082e-06,3.124015988229649e-08,6,1.6884286078237616,1.6793425233722459,-0.006268478841399783
0.8,585.7142857142858,0.26346938775510204,1247693420.6368835,1092.3497627703916,6.258592841245403e-06,3.1545757361909394e-08,6,1.6995559509845786,1.676874336936887,-0.006036815831467588
0.8,585.7142857142858,0.2816326530612245,1247692437.8619711,1085.370527239929,3.755134167561542e-06,3.189264176575459e-08,6,1.711303792311118,1.6742549186910094,-0.005792559124076413
0.8,585.7142857142858,0.2997959183673469,1247691397.052035,1077.922604575187,2.0028407546427527e-06,3.2277612143635726e-08,6,1.723738753519761,1.6714583353679573,-0.005534505362142849
0.8,585.7142857142858,0.3179591836734694,1247690259.3525047,1070.3404531349756,9.453368783399053e-07,3.2656346817616706e-08,6,1.7373231532768834,1.6683394477692135,-0.00525372055379061
0.8,585.7142857142858,0.33612244897959187,1247689101.4168847,1062.008780467384,3.6779803581974797e-07,3.3106997235439374e-08,6,1.7511382665967308,1.6651668121865744,-0.0049683051807675955
0.8,585.7142857142858,0.3542857142857143,1247687859.8035035,1053.4628661143456,1.1686091534039722e-07,3.356302910972898e-08,6,1.7659387486288483,1.6617064550131613,-0.004663623042737831
0.8,585.7142857142858,0.37244897959183676,1247621485.4844162,1172.7426919605045,3.831491539468186e-05,1.83709698972366e-08,6,1.9514952467647826,1.6115262273077535,-0.000949379867125466
0.8,585.7142857142858,0.3906122448979592,1247621465.6427026,1153.0912472276586,1.0287650550730082e-05,1.9086137142935113e-08,6,1.9517903288235328,1.6116495679248648,-0.0009430325624275845
0.8,585.7142857142858,0.40877551020408165,1247621450.148135,1131.8432517665779,1.986800370168861e-06,2.0118605421924713e-08,6,1.9520167699497664,1.6118037294127001,-0.0009380222790403971
0.8,585.7142857142858,0.4269387755102041,1247621439.3040755,1108.868058359417,2.5047785809402914e-07,2.1579909193517382e-08,6,1.9521717145643758,1.6119914198599397,-0.0009343957763033202
0.8,585.7142857142858,0.44510204081632654,1247621425.535913,1085.146547785837,9.96277437293835e-08,2.3150743856049362e-08,6,1.9523643245001967,1.6121860389025195,-0.0009299959139623839
0.8,585.7142857142858,0.463265306122449,1247534192.6131296,1087.7601285731162,4.836445947999562e-06,2.0816272420619313e-08,6,1.9861275566214505,1.6035186766275062,-0.00026477806465603884
0.8,585.7142857142858,0.48142857142857143,1247534171.5915196,1063.094021530747,4.6359043090242526e-07,2.2138653355266277e-08,6,1.9864280578527427,1.6035182726388963,-0.00025865457651276107
0.8,585.7142857142858,0.4995918367346939,1247443146.3194396,1047.9089286759693,3.8116604178751014e-05,2.0934956131866507e-08,6,1.9962728840457211,1.6009630860061395,-6.880911474018851e-05
0.8,585.7142857142858,0.5177551020408163,1247443121.9371967,1021.662245366874,4.281844448875586e-06,2.2290818746407907e-08,6,1.9966122099368022,1.60089443252067,-6.221618330177982e-05
0.8,585.7142857142858,0.5359183673469388,1247443108.2541432,992.7470914196845,2.2758495844529164e-07,2.4253165676506463e-08,6,1.9967233437421614,1.6008867766274326,-5.991687428038041e-05
0.8,585.7142857142858,0.5540816326530612,1247443088.8057303,963.3570239457738,9.956901881783728e-08,2.673014289201612e-08,6,1.9967945742930817,1.600890842718534,-5.7802342402336566e-05
0.8,585.7142857142858,0.5722448979591837,1247348838.4449992,937.7074049858859,2.2045378932059493e-07,2.6526829843304025e-08,6,1.9986257513573233,1.6003799306065027,-2.36739469641052e-05
0.8,585.7142857142858,0.5904081632653061,1246328202.708579,1155.5588354867223,0.44120166140106704,3.4712413497015e-08,6,1.999927784720257,1.6000039116398095,-6.804417973165712e-07
0.8,585.7142857142858,0.6085714285714285,1246196340.6017783,1205.4004663429325,0.5028703315860873,3.886483789968155e-08,6,1.9999344787813296,1.6000022006739134,-5.683871080531248e-07
0.8,585.7142857142858,0.626734693877551,1246196288.4347804,1147.1760144470143,0.49405190717782704,4.3136296159456756e-08,6,1.9999345147397656,1.6000022693745806,-5.631024048069388e-07
0.8,585.7142857142858,0.6448979591836734,1246069164.7764585,1221.781233136847,0.5600979556069192,4.19220691898365e-08,6,1.999938697219845,1.6000011644546674,-4.94714054222343e-07
0.8,585.7142857142858,0.6630612244897959,1246069103.4344003,1159.5326909781224,0.5547997682747525,4.868305209295498e-08,6,1.999938712696263,1.6000012136383936,-4.89914868427028e-07
0.8,585.7142857142858,0.6812244897959183,1246069069.6941717,1088.3875234595725,0.5445603867681473,5.685844478800364e-08,6,1.99993871883186,1.6000012740103007,-4.846396198111223e-07
0.8,585.7142857142858,0.6993877551020408,1245958508.510508,1124.8968909458329,0.5906036915132961,5.736078603700108e-08,6,1.9999407658654824,1.6000007011997543,-4.503332013405191e-07
0.8,585.7142857142858,0.7175510204081632,1245853789.8312957,1106.3883940081919,0.6082159794507616,5.866834619110737e-08,5,1.999942069349496,1.6000003275366084,-4.2759063092684885e-07
0.8,585.7142857142858,0.7357142857142857,1245853716.118144,1027.6582459957162,0.6002259324133983,7.063292718835261e-08,5,1.9999420737247111,1.6000003623802888,-4.231498659912279e-07
0.8,585.7142857142858,0.7538775510204081,1245853675.1619964,926.8859808397596,0.5786200615398015,8.529274906272046e-08,5,1.9999420755775512,1.6000004134191788,-4.1924698942586046e-07
0.8,585.7142857142858,0.7720408163265305,1245853650.3206131,800.2132196654766,0.5304363102638213,9.86555723232477e-08,5,1.999942076491311,1.6000004909935106,-4.1593724765183523e-07
0.8,585.7142857142858,0.790204081632653,1245853658.3731303,639.1386021156045,0.4042910893714584,9.184504173867596e-08,5,1.9999420762117026,1.6000006188595268,-4.129776924850684e-07
0.8,585.7142857142858,0.8083673469387754,1245853821.2704387,500.1093639797331,0.12329552694153108,6.833296721029374e-08,5,1.9999420671723147,1.6000008520737996,-4.0841226401056604e-07
0.8,585.7142857142858,0.8265306122448979,1245853861.506361,443.5432528993465,0.00380813000075105,9.192328000334383e-08,5,1.9999420642269237,1.6000012293025423,-3.8665600249581407e-07
0.8,585.7142857142858,0.8446938775510203,1245853701.0085187,404.00088135226446,2.752475885840356e-07,8.994477910882662e-08,5,1.999942074459506,1.6000014610915105,-3.779444970625985e-07
0.8,585.7142857142858,0.8628571428571428,1245853625.3155422,359.2916518974937,9.852778219037449e-08,1.139850132473656e-07,5,1.9999420772652035,1.6000017416092278,-3.7505783303278245e-07
0.8,585.7142857142858,0.8810204081632652,1245835043.5809205,291.90515905653933,9.877248281379132e-08,2.3779568176206607e-07,5,1.9999423499521962,1.6000020789046965,-3.7087089644131767e-07
0.8,585.7142857142858,0.8991836734693877,1105000076.529277,242.29339393525157,9.628665577611416e-08,3.1722785158621983e-07,3,2.0,1.6,0.0
0.8,585.7142857142858,0.9173469387755101,1100733617.982287,438.5560452968176,0.7080769661790387,8.379063680634444e-07,3,2.0,1.6,0.0
0.8,585.7142857142858,0.9355102040816325,1097870139.5164173,464.72089507603073,0.7917027264131782,1.1188529936307774e-06,3,2.0,1.6,0.0
0.8,585.7142857142858,0.953673469387755,1093117214.4755478,463.42958096243075,0.8518789536194644,1.4751370689528173e-06,3,2.0,1.6,0.0
0.8,585.7142857142858,0.9718367346938775,1071063938.7121347,613.3733074269871,0.9329878928471245,1.530509687416671e-06,3,2.0,1.6,0.0
0.8,585.7142857142858,0.99,1052527681.9918408,1409.17993344224,0.9895670223264054,3.340598733459772e-06,3,2.0,1.6,0.0
0.8,594.8979591836735,0.1,1247700987.624106,1146.5316306449681,4.1655467790417595e-05,2.9032183847103086e-08,6,1.6090086402264507,1.696292030126073,-0.007935224276290972
0.8,594.8979591836735,0.11816326530612245,1247700572.3894627,1143.5652555022345,4.439459240257515e-05,2.916130785841674e-08,6,1.6139754072055736,1.695257104974665,-0.007830432908290667
0.8,594.8979591836735,0.1363265306122449,1247700095.7466342,1140.0574693892308,4.5014099348419715e-05,2.9324535238843002e-08,6,1.619677996237026,1.6940717272013377,-0.007710109079247857
0.8,594.8979591836735,0.15448979591836737,1247699534.2771392,1136.2159706120647,4.40755591195982e-05,2.9488233727168174e-08,6,1.6263968928960086,1.6926491875368541,-0.0075687544009836304
0.8,594.8979591836735,0.1726530612244898,1247698926.5726464,1131.7236089281346,4.092866567158134e-05,2.9700921989395638e-08,6,1.6336704207070796,1.6911250165321687,-0.007415556735635537
0.8,594.8979591836735,0.19081632653061226,1247698232.4874468,1126.956782245661,3.670483986597874e-05,2.990141286391963e-08,6,1.6419785928155282,1.6893518526146576,-0.007241101356143952
0.8,594.8979591836735,0.2089795918367347,1247697487.519994,1121.587837966054,3.113718386322127e-05,3.0149920595409697e-08,6,1.65089604793669,1.6874535653510492,-0.007053861056715496
0.8,594.8979591836735,0.22714285714285715,1247696674.517828,1115.7946333788418,2.5064730348974155e-05,3.0417232206170375e-08,6,1.660627348921593,1.685364563325869,-0.006849878708541956
0.8,594.8979591836735,0.2453061224489796,1247695801.985074,1109.5142322239658,1.8924651716081706e-05,3.070982653612967e-08,6,1.6710698467552636,1.6831110210665616,-0.006631271098424783
0.8,594.8979591836735,0.26346938775510204,1247694873.6074169,1102.7044382372428,1.3251076162817968e-05,3.104700723358024e-08,6,1.6821780920846787,1.6807014967476082,-0.006399020389403646
0.8,594.8979591836735,0.2816326530612245,1247693880.6701312,1095.4789137968703,8.531770647170785e-06,3.140169841409947e-08,6,1.6940549652461985,1.6780995841548685,-0.006151207564298585
0.8,594.8979591836735,0.2997959183673469,1247692807.4196506,1087.9597943654405,5.009102297103809e-06,3.1768690854864586e-08,6,1.7068868587002783,1.6752433291299762,-0.005884287887772218
0.8,594.8979591836735,0.3179591836734694,1247691673.4852636,1079.9950924441048,2.5995097052710897e-06,3.216704374852595e-08,6,1.7204368509841061,1.6721972514879424,-0.005603038671942017
0.8,594.8979591836735,0.33612244897959187,1247690474.9792333,1071.6156904212944,1.1623271670354844e-06,3.2601646957162916e-08,6,1.734749195806018,1.668940959569225,-0.005306719939829317
0.8,594.8979591836735,0.3542857142857143,1247689213.451676,1062.8454308055907,4.3174971258021434e-07,3.305920805660625e-08,6,1.7498021087459332,1.6654732511454577,-0.004995887498581457
0.8,594.8979591836735,0.37244897959183676,1247687892.0033205,1053.650480106327,1.2685591620995042e-07,3.3554364882372685e-08,6,1.7655551027919623,1.6617979625950523,-0.004671468303418825
0.8,594.8979591836735,0.3906122448979592,1247621484.538517,1171.945579635401,3.821693161234282e-05,1.8395759230945734e-08,6,1.9515094250895508,1.6115304305227367,-0.0009490659082315548
0.8,594.8979591836735,0.40877551020408165,1247621463.8456244,1150.9828719552077,9.216740844252235e-06,1.9173142230536916e-08,6,1.9518167944895657,1.6116636586289315,-0.0009424453320222781
0.8,594.8979591836735,0.4269387755102041,1247621448.5844545,1128.2614564703508,1.5336550941421535e-06,2.034148934573216e-08,6,1.9520393332686794,1.6118326406790928,-0.0009374805539699924
0.8,594.8979591836735,0.44510204081632654,1247621436.3030376,1103.9980057246783,1.5740654590315816e-07,2.187967973448696e-08,6,1.952214057706091,1.612030123604966,-0.000933429506750217
0.8,594.8979591836735,0.463265306122449,1247534217.7118788,1104.1733355121958,1.9884837813004196e-05,2.0403117919966248e-08,6,1.985761776430308,1.6035570515484476,-0.00027210113667083867
0.8,594.8979591836735,0.48142857142857143,1247534184.812758,1080.6145900452539,2.611751875194081e-06,2.1116586357875384e-08,6,1.9862399007748144,1.603512511172149,-0.00026250484899599394
0.8,594.8979591836735,0.4995918367346939,1247534167.041995,1053.992672709781,1.8147882664601028e-07,2.2799062676813737e-08,6,1.9864918862918675,1.6035292314045748,-0.00025730952132335525
0.8,594.8979591836735,0.5177551020408163,1247443135.9532838,1038.1130773993411,1.815554890374939e-05,2.1364890063562786e-08,6,1.9964198761010667,1.6009324380974816,-6.595526536627704e-05
0.8,594.8979591836735,0.5359183673469388,1247443117.0260026,1009.5489454277272,1.4133828717230838e-06,2.2928465085435632e-08,6,1.996665689114126,1.6008892496346563,-6.113245437476765e-05
0.8,594.8979591836735,0.5540816326530612,1247443099.590414,979.4881931679842,9.994249515233672e-08,2.5331274389197456e-08,6,1.9967619938586747,1.6008867054899414,-5.889103437522641e-05
0.8,594.8979591836735,0.5722448979591837,1247348860.1819777,952.190289216824,1.3621087994571287e-06,2.5787797090777325e-08,6,1.998593273452785,1.6003836502293085,-2.4475357748931555e-05
0.8,594.8979591836735,0.5904081632653061,1246328237.9147196,1189.7443970192733,0.4534224205331484,3.4491905775560904e-08,6,1.9999277177352908,1.6000038496555102,-6.831624231413972e-07
0.8,594.8979591836735,0.6085714285714285,1246196373.105571,1238.784281664447,0.5112454841125627,3.78273995833984e-08,6,1.9999344514390394,1.6000021619914102,-5.704724079529856e-07
0.8,594.8979591836735,0.626734693877551,1246196299.0598044,1183.574192701827,0.5054424636348519,4.196133894474049e-08,6,1.9999345083708908,1.600002221999884,-5.647255186615738e-07
0.8,594.8979591836735,0.6448979591836734,1246069210.9151716,1254.365965771493,0.5664090379697614,4.058485209924782e-08,6,1.9999386830600607,1.6000011408910608,-4.964954310566132e-07
0.8,594.8979591836735,0.6630612244897959,1246069114.9402826,1196.2385130025011,0.5639386997504795,4.671276551640983e-08,6,1.9999387101885941,1.6000011841923745,-4.914528694736686e-07
0.8,594.8979591836735,0.6812244897959183,1246069076.506021,1124.66996045096,0.5550532064507603,5.486929067375623e-08,6,1.999938717741026,1.6000012425289567,-4.862310568239171e-07
0.8,594.8979591836735,0.6993877551020408,1246069048.617368,1050.00660335487,0.5436654960194757,6.437500268700453e-08,6,1.9999387217469335,1.6000013114522593,-4.808410927564472e-07
0.8,594.8979591836735,0.7175510204081632,1245853821.984276,1140.0143025480559,0.6153245887035491,5.656986331965495e-08,5,1.9999420671213919,1.6000003141090227,-4.289426684567822e-07
0.8,594.8979591836735,0.7357142857142857,1245853726.406122,1064.2629540919954,0.6100235768099102,6.784371645970996e-08,5,1.9999420731903204,1.60000034575757,-4.242824388388012e-07
0.8,594.8979591836735,0.7538775510204081,1245853680.5253198,965.6091668128281,0.5924470219451954,8.266674419776681e-08,5,1.9999420753599144,1.6000003925467656,-4.201813829578236e-07
0.8,594.8979591836735,0.7720408163265305,1245853651.3203824,841.0835241585304,0.5525056119966083,9.790787054734852e-08,5,1.9999420764574702,1.60000046337445,-4.167075911171762e-07
0.8,594.8979591836735,0.790204081632653,1245853645.4209545,684.3527240002259,0.455494283336823,1.0062092483112284e-07,5,1.9999420766539555,1.6000005786696032,-4.13740520389113e-07
0.8,594.8979591836735,0.8083673469387754,1245853753.9217932,519.5703643746449,0.18285330624468157,6.550912121186521e-08,5,1.9999420716320513,1.6000007881084293,-4.099788495463704e-07
0.8,594.8979591836735,0.8265306122448979,1245958437.7650595,453.3285670407094,0.001512658699793149,7.778829842861412e-08,6,1.999940772346564,1.6000015567015349,-4.071480121332225e-07
0.8,594.8979591836735,0.8446938775510203,1245853714.8739173,410.29902302417446,2.500165591699714e-06,8.798982669214882e-08,5,1.999942073787457,1.600001426513417,-3.785106615009901e-07
0.8,594.8979591836735,0.8628571428571428,1245853633.9649575,365.13139893754516,9.901693655669742e-08,1.0986301231817247e-07,5,1.9999420770129892,1.6000017008135445,-3.753244801006267e-07
0.8,594.8979591836735,0.8810204081632652,1245853549.254018,305.02885838322237,9.672428564050894e-08,1.7034915173351524e-07,5,1.9999420789227282,1.6000020830355537,-3.7387254731960763e-07
0.8,594.8979591836735,0.8991836734693877,1245548299.076274,234.79375565165654,9.883163433319893e-08,3.3071227543592426e-07,5,1.9999454426114758,1.6000021629259802,-3.403426600090122e-07
0.8,594.8979591836735,0.9173469387755101,1100898087.2422054,438.4350454224612,0.7025152812725189,8.184283408816611e-07,3,2.0,1.6,0.0
0.8,594.8979591836735,0.9355102040816325,1098058904.4575005,468.3985240279559,0.7899602215133753,1.0997014011223742e-06,3,2.0,1.6,0.0
0.8,594.8979591836735,0.953673469387755,1093370858.003385,468.03837865056437,0.8510064396752033,1.4514729428802691e-06,3,2.0,1.6,0.0
0.8,594.8979591836735,0.9718367346938775,1071340485.2897787,614.5385473538385,0.9320659159212321,1.5190893647665224e-06,3,2.0,1.6,0.0
0.8,594.8979591836735,0.99,1052772987.5508736,1426.8990772869208,0.9895349930150454,3.2243471774355864e-06,3,2.0,1.6,0.0
0.8,604.0816326530612,0.1,1247702685.9985485,1157.5191068088961,5.788090840570032e-05,2.855895267367048e-08,6,1.5887127241997507,1.7005794389069495,-0.008362721783133749
0.8,604.0816326530612,0.11816326530612245,1247702237.7007105,1154.5876263517794,6.307629875763327e-05,2.8692120289910643e-08,6,1.5940659470086431,1.6994527996893893,-0.008249845066206985
0.8,604.0816326530612,0.1363265306122449,1247701725.2557573,1151.1325448137134,6.566864566131906e-05,2.884781301250125e-08,6,1.6001891610319143,1.6981693841224719,-0.008120684357310833
0.8,604.0816326530612,0.15448979591836737,1247701123.1881342,1147.3653699495883,6.636668892300876e-05,2.900153863838444e-08,6,1.6073873529054992,1.6966350831261148,-0.007969255052391088
0.8,604.0816326530612,0.1726530612244898,1247700473.6125104,1142.9887429743833,6.389975133090428e-05,2.9180660532582675e-08,6,1.6151571068259363,1.6949978932640548,-0.00780559146261206
0.8,604.0816326530612,0.19081632653061226,1247699775.5025055,1137.9653990610168,5.855635219955175e-05,2.9409748788223445e-08,6,1.6235100535306348,1.6932509163411193,-0.007629527042469555
0.8,604.0816326530612,0.2089795918367347,1247699012.5563014,1132.4621889477476,5.13463935208033e-05,2.9658925963014075e-08,6,1.6326412119844784,1.6913317690902514,-0.007437276025463889
0.8,604.0816326530612,0.22714285714285715,1247698186.5838683,1126.4729917907746,4.28570601758741e-05,2.9932103266950853e-08,6,1.6425280782560094,1.6892429420575705,-0.007229368693849528
0.8,604.0816326530612,0.2453061224489796,1247697285.5917428,1120.094760311364,3.403705179956167e-05,3.0224254302159146e-08,6,1.6533131101621679,1.686937007414901,-0.007003085861037121
0.8,604.0816326530612,0.26346938775510204,1247696331.010997,1113.1995004755436,2.525169232489193e-05,3.0540580416371917e-08,6,1.6647386669867001,1.6844860452456896,-0.0067636098250870155
0.8,604.0816326530612,0.2816326530612245,1247695315.69528,1105.7927444694133,1.7356889095481457e-05,3.0903551090723954e-08,6,1.6768888015945094,1.6818592162092572,-0.006509388893380714
0.8,604.0816326530612,0.2997959183673469,1247694228.802384,1098.0266770468622,1.0963672485234025e-05,3.1277111520356766e-08,6,1.6898913517987264,1.6790120225824121,-0.006238018272012118
0.8,604.0816326530612,0.3179591836734694,1247693068.660774,1089.9156758638833,6.2527275454392625e-06,3.16669338765725e-08,6,1.7037640271968022,1.6759324941222364,-0.0059492851707298
0.8,604.0816326530612,0.33612244897959187,1247691842.2160544,1081.4039077530822,3.1332586814960844e-06,3.2083924387435994e-08,6,1.7184211287916247,1.6726391373316116,-0.0056450080995203026
0.8,604.0816326530612,0.3542857142857143,1247690576.377802,1072.2497763633223,1.3186256681301842e-06,3.257149416398838e-08,6,1.7335386941574893,1.669221317815909,-0.005331670279867781
0.8,604.0816326530612,0.37244897959183676,1247689224.992501,1062.8943762493893,4.5823991996849634e-07,3.3058432768181885e-08,6,1.7496644652784967,1.6655062451559541,-0.004998683867022048
0.8,604.0816326530612,0.3906122448979592,1247687817.2360156,1053.0796475905495,1.226540468993318e-07,3.359030382751044e-08,6,1.7664459179337622,1.6615905664804689,-0.004653098295297171
0.8,604.0816326530612,0.40877551020408165,1247621482.1465244,1169.5420399219672,3.428685952323053e-05,1.848312080616441e-08,6,1.9515452313193826,1.6115450023091522,-0.000948283847431568
0.8,604.0816326530612,0.4269387755102041,1247621460.1012018,1147.3136560928351,7.246710033749854e-06,1.9313115006756242e-08,6,1.9518717981788407,1.611687051838119,-0.0009412525447880869
0.8,604.0816326530612,0.44510204081632654,1247621446.3562236,1122.9066680206674,1.0014732566926718e-06,2.068605886132045e-08,6,1.9520713484001786,1.6118765616811248,-0.0009367096657146627
0.8,604.0816326530612,0.463265306122449,1247621432.6265972,1097.3200111887897,9.975071658305774e-08,2.2323631154193606e-08,6,1.95226565080372,1.612084903979802,-0.0009322369475583247
0.8,604.0816326530612,0.48142857142857143,1247534205.1823876,1097.1977728807067,1.1471489895899608e-05,2.0512125830995443e-08,6,1.9859451624660263,1.6035341839082302,-0.00026843182079260887
0.8,604.0816326530612,0.4995918367346939,1247534177.2798748,1071.477967020938,1.1311455025645129e-06,2.161259725890265e-08,6,1.9863474922400015,1.6035130842306857,-0.0002603053256825418
0.8,604.0816326530612,0.5177551020408163,1247534160.8376117,1043.0998621709714,9.98662346481356e-08,2.360116488241248e-08,6,1.9865780445323815,1.6035401793442918,-0.0002555133937597966
0.8,604.0816326530612,0.5359183673469388,1247443125.8202538,1026.2704859203284,6.802470635608052e-06,2.202425231911042e-08,6,1.9965619391187914,1.600904092318889,-6.318970967795664e-05
0.8,604.0816326530612,0.5540816326530612,1247443109.8875287,995.6317737106801,3.29685874427808e-07,2.401746394268696e-08,6,1.9967142369960738,1.6008868635244091,-6.0124224666260993e-05
0.8,604.0816326530612,0.5722448979591837,1247443089.4532177,964.2829786578691,9.977170707173563e-08,2.6651139315469344e-08,6,1.9967929942224119,1.6008904189858404,-5.785737165193851e-05
0.8,604.0816326530612,0.5904081632653061,1246460101.79759,1125.3269057476618,0.38485753111746973,3.1218335817352125e-08,6,1.9999172188038141,1.6000065471935978,-8.580187799070839e-07
0.8,604.0816326530612,0.6085714285714285,1246328170.900536,1167.6284999405232,0.4534124455998845,3.5764730625066874e-08,6,1.9999278387933128,1.6000038667663576,-6.775728824193032e-07
0.8,604.0816326530612,0.626734693877551,1246196312.5022779,1219.4393121616256,0.5155863622842679,4.07082402946656e-08,6,1.9999344995732335,1.6000021772546138,-5.663787855948837e-07
0.8,604.0816326530612,0.6448979591836734,1246196272.8537955,1150.9991120735858,0.5031052371285061,4.55144564751026e-08,6,1.9999345231030825,1.6000022576820967,-5.612108045877346e-07
0.8,604.0816326530612,0.6630612244897959,1246069129.1157668,1232.404624401639,0.572127254833525,4.473332523577355e-08,6,1.999938706828956,1.6000011564735008,-4.929820169311179e-07
0.8,604.0816326530612,0.6812244897959183,1246069084.1746624,1160.9071944903783,0.564657773007071,5.28081027225144e-08,6,1.9999387164237328,1.6000012124445224,-4.878273228083806e-07
0.8,604.0816326530612,0.6993877551020408,1246069053.6372778,1085.977498221764,0.5549144272231508,6.238762966876191e-08,6,1.9999387211135726,1.6000012786800306,-4.822793204036484e-07
0.8,604.0816326530612,0.7175510204081632,1245958414.4335027,1126.679953340134,0.6031782332860811,6.25156527927005e-08,6,1.9999407742783766,1.6000007032277825,-4.4798868735742157e-07
0.8,604.0816326530612,0.7357142857142857,1245853738.3317728,1100.2606138360388,0.6187519403001329,6.508413572551983e-08,5,1.999942072537631,1.6000003304367167,-4.254400732008504e-07
0.8,604.0816326530612,0.7538775510204081,1245853686.7961252,1003.7406605083127,0.6045934291170083,7.984033156573521e-08,5,1.9999420750959054,1.600000373414302,-4.2113399219062724e-07
0.8,604.0816326530612,0.7720408163265305,1245853653.669219,881.2864713312988,0.5712557850919145,9.627649703713016e-08,5,1.9999420763769227,1.6000004382934012,-4.1747772495637395e-07
0.8,604.0816326530612,0.790204081632653,1245853639.274341,727.4112543344114,0.4932099281142377,1.0529242536364257e-07,5,1.9999420768502163,1.600000542760462,-4.144448219046451e-07
0.8,604.0816326530612,0.8083673469387754,1245853709.5285544,544.385511726589,0.25062741047931214,7.074747476391767e-08,5,1.9999420740525178,1.600000730450212,-4.1116392374295295e-07
0.8,604.0816326530612,0.8265306122448979,1245958468.879158,459.41110731207874,0.004091025560309026,7.984390540044652e-08,6,1.9999407695834441,1.6000014741691608,-4.14193160397859e-07
0.8,604.0816326530612,0.8446938775510203,1245853730.2300088,416.5187316498935,1.6403803929232028e-05,8.649752051565679e-08,5,1.9999420729850155,1.6000013931467574,-3.791333047559042e-07
0.8,604.0816326530612,0.8628571428571428,1245853642.820719,370.9562182592026,9.954099095651183e-08,1.060564731167171e-07,5,1.999942076738031,1.6000016615090675,-3.7562401241138116e-07
0.8,604.0816326530612,0.8810204081632652,1245853559.4144757,312.28345098837406,9.905563411513663e-08,1.6054586870815696e-07,5,1.999942078748596,1.6000020322501014,-3.739120985767227e-07
0.8,604.0816326530612,0.8991836734693877,1245593007.3560002,240.03720476508755,9.887398973439277e-08,3.153359460204832e-07,5,1.9999450138404498,1.6000021483419233,-3.443930429073667e-07
0.8,604.0816326530612,0.9173469387755101,1101060188.1767747,437.6698856377961,0.6963590228573312,7.989098513223e-07,3,2.0,1.6,0.0
0.8,604.0816326530612,0.9355102040816325,1098240951.2205894,472.1769234417538,0.7882881457565508,1.0806934816912234e-06,3,2.0,1.6,0.0
0.8,604.0816326530612,0.953673469387755,1093616767.8888757,472.508643913456,0.8501051456128114,1.428780121552188e-06,3,2.0,1.6,0.0
0.8,604.0816326530612,0.9718367346938775,1071613736.0121089,615.3453936566159,0.9311049413684266,1.5089147638624669e-06,3,2.0,1.6,0.0
0.8,604.0816326530612,0.99,1053014876.7694972,1444.5779040322232,0.9895036016698578,3.11584611197579e-06,3,2.0,1.6,0.0
0.8,613.265306122449,0.1,1247704901.160846,1170.025601277031,6.636988674868558e-05,2.628527420432453e-08,6,1.5636206635875927,1.7062388738432401,-0.008886358577607431
0.8,613.265306122449,0.11816326530612245,1247704216.7950268,1163.862744127416,7.493831233942695e-05,2.8339864366383268e-08,6,1.5704733933368165,1.7046870490563966,-0.008743437434370512
0.8,613.265306122449,0.1363265306122449,1247703478.7467387,1161.7104475742408,8.676636296761766e-05,2.8394074694629594e-08,6,1.5792570017774605,1.7026341782655265,-0.008561089270775058
0.8,613.265306122449,0.15448979591836737,1247702806.337739,1158.1617975017502,9.118397376948719e-05,2.8538599773634018e-08,6,1.5872763703733896,1.7008861145709544,-0.00839282001993008
0.8,613.265306122449,0.1726530612244898,1247702111.6092677,1153.8007659275256,9.057246500996977e-05,2.8728578029845623e-08,6,1.5955722719511245,1.699127579409063,-0.008218082567274406
0.8,613.265306122449,0.19081632653061226,1247701347.320034,1148.9953161272265,8.687306378019745e-05,2.8925490489917444e-08,6,1.604707239623311,1.697186291450507,-0.008025806266799327
0.8,613.265306122449,0.2089795918367347,1247700558.1016645,1143.3962291017492,7.862460248139173e-05,2.917384285243684e-08,6,1.6141463420379853,1.6952188015667804,-0.007826662924687897
0.8,613.265306122449,0.22714285714285715,1247699701.2185228,1137.3336594592906,6.820009076742337e-05,2.944380778823757e-08,6,1.624399038994191,1.6930679144780463,-0.007610658835726143
0.8,613.265306122449,0.2453061224489796,1247698765.1124794,1130.9103501674097,5.6741366748123005e-05,2.9722846056459624e-08,6,1.635603073719003,1.6906874607068965,-0.0073751672857141435
0.8,613.265306122449,0.26346938775510204,1247697791.0689633,1123.8052658061658,4.4067211177973244e-05,3.005180533040298e-08,6,1.6472625533992273,1.6882209675379247,-0.007130087837181727
0.8,613.265306122449,0.2816326530612245,1247696746.386999,1116.3064766911643,3.2157652892184514e-05,3.039586193208255e-08,6,1.6597671451945986,1.6855457765458415,-0.00686783019174587
0.8,613.265306122449,0.2997959183673469,1247695657.1586697,1108.1995062507908,2.1492127216805524e-05,3.078423067138241e-08,6,1.672802896203864,1.682749802284895,-0.0065947027603007555
0.8,613.265306122449,0.3179591836734694,1247694477.7550695,1099.8548796425725,1.3243945434862472e-05,3.118019894635126e-08,6,1.6869135553489272,1.679663172690362,-0.006300119303653325
0.8,613.265306122449,0.33612244897959187,1247693239.9041464,1091.0321619670212,7.254988239201507e-06,3.161403656027331e-08,6,1.7017167762141474,1.676393254280074,-0.0059917489972130126
0.8,613.265306122449,0.3542857142857143,1247691924.0488381,1081.8982191868051,3.473426301896469e-06,3.2066228395946707e-08,6,1.71744349771108,1.67286287821492,-0.00566520185242205
0.8,613.265306122449,0.37244897959183676,1247690564.6257603,1072.180266854192,1.3779657728886046e-06,3.25749814792617e-08,6,1.7336790026500688,1.6691878866698786,-0.005328760928054789
0.8,613.265306122449,0.3906122448979592,1247689126.0175388,1062.1953642202527,4.4027272997397403e-07,3.3096208731987325e-08,6,1.7508448727000836,1.6652325432724366,-0.004974318684449468
0.8,613.265306122449,0.40877551020408165,1247687612.889541,1051.9048684461445,1.0606573687820338e-07,3.36411642923086e-08,6,1.7688803853774577,1.6610050786571664,-0.004603240849123757
0.8,613.265306122449,0.4269387755102041,1247621478.0797162,1165.5182757928847,2.742827187285156e-05,1.8626877919463836e-08,6,1.9516059437337336,1.611569685492403,-0.000946967772873225
0.8,613.265306122449,0.44510204081632654,1247621456.2830415,1141.780095657507,4.916693072165771e-06,1.9584653303914973e-08,6,1.9519276567236992,1.6117273731575126,-0.0009400017110293154
0.8,613.265306122449,0.463265306122449,1247621442.9265277,1115.7917463049012,5.398147628125471e-07,2.113894617416547e-08,6,1.9521203110268937,1.6119343798079673,-0.0009355601032440946
0.8,613.265306122449,0.48142857142857143,1247621427.1082242,1088.9208550790672,9.950162075376701e-08,2.2866824985083673e-08,6,1.952342555034878,1.6121524783348826,-0.0009305001365135986
0.8,613.265306122449,0.4995918367346939,1247534193.3904803,1088.158729500305,5.44266076197945e-06,2.0811473326323607e-08,6,1.9861163217466893,1.6035197551677363,-0.00026498648196396455
0.8,613.265306122449,0.5177551020408163,1247534170.1450224,1060.2823537407628,3.729059770038322e-07,2.233718076306641e-08,6,1.9864484184182254,1.603521195439251,-0.00025821565892164463
0.8,613.265306122449,0.5359183673469388,1247443139.8494623,1042.2389195807073,2.6265616532957994e-05,2.116271057141498e-08,6,1.9963648064119461,1.6009434212795928,-6.701875516661427e-05
0.8,613.265306122449,0.5540816326530612,1247443117.1531632,1012.129595291296,1.8680075943000773e-06,2.2696584015643247e-08,6,1.9966647019192583,1.6008874453281392,-6.116062755583978e-05
0.8,613.265306122449,0.5722448979591837,1247443099.833608,979.9465999188737,9.993172514627413e-08,2.529016797984704e-08,6,1.9967610837116168,1.6008864793117104,-5.8916416377002006e-05
0.8,613.265306122449,0.5904081632653061,1246460134.3229096,1159.5733592453182,0.4012584761057908,3.158096665271156e-08,6,1.9999170718894954,1.6000064542521233,-8.618331253458853e-07
0.8,613.265306122449,0.6085714285714285,1246328186.3960297,1203.840272289925,0.4664414236379798,3.521257083996012e-08,6,1.9999278133939882,1.6000037949675958,-6.794393762257559e-07
0.8,613.265306122449,0.626734693877551,1246196330.1845946,1254.6243998016284,0.5245872517018247,3.9423897800270204e-08,6,1.9999344868415714,1.60000213537816,-5.680936353125551e-07
0.8,613.265306122449,0.6448979591836734,1246196280.6163678,1188.327006683396,0.5149916554396062,4.4378344111265956e-08,6,1.9999345190855347,1.6000022099808746,-5.626563325820122e-07
0.8,613.265306122449,0.6630612244897959,1246069147.55924,1267.8402179701563,0.5794133326922508,4.280133099725555e-08,6,1.9999387020465587,1.6000011305205544,-4.945135361476795e-07
0.8,613.265306122449,0.6812244897959183,1246069092.8679073,1197.1841487108884,0.5735286308240558,5.0711664428847146e-08,6,1.9999387148149532,1.6000011836229704,-4.894104048127965e-07
0.8,613.265306122449,0.6993877551020408,1246069059.2692478,1121.6014895625299,0.56502052635347,6.028261345035928e-08,6,1.9999387203585306,1.6000012473915353,-4.837335125043438e-07
0.8,613.265306122449,0.7175510204081632,1245958435.2605808,1161.0089634476021,0.6105694567147079,5.991975486013682e-08,6,1.9999407725606961,1.6000006830159526,-4.493366310971302e-07
0.8,613.265306122449,0.7357142857142857,1245853752.3757868,1135.6386971262289,0.6265562090192892,6.24039696010197e-08,5,1.9999420717245235,1.6000003162948464,-4.2662378135577776e-07
0.8,613.265306122449,0.7538775510204081,1245853693.9294398,1041.3117983608952,0.6153489201995918,7.690765619627421e-08,5,1.9999420747832481,1.6000003558258757,-4.2210580639740503e-07
0.8,613.265306122449,0.7720408163265305,1245853657.0527475,920.9030778246802,0.5874327125013222,9.404410542904338e-08,5,1.9999420762586304,1.6000004153991858,-4.1825562226506624e-07
0.8,613.265306122449,0.790204081632653,1245853636.6279006,769.289937042191,0.5230661606832329,1.0735256459406553e-07,5,1.999942076932112,1.6000005104532464,-4.1511227122365206e-07
0.8,613.265306122449,0.8083673469387754,1245853677.6803412,576.2499366290733,0.31978465078343904,8.052201317404124e-08,5,1.9999420754762443,1.600000678826342,-4.121015156505675e-07
0.8,613.265306122449,0.8265306122448979,1245958514.6487994,464.9203690444865,0.008972031336253803,8.436482605800866e-08,6,1.9999407652783112,1.6000013923451522,-4.192881094808703e-07
0.8,613.265306122449,0.8446938775510203,1245853747.6294565,422.63657494374365,8.177429046699397e-05,8.555200686512658e-08,5,1.9999420720043557,1.6000013605917853,-3.798901533242244e-07
0.8,613.265306122449,0.8628571428571428,1245853651.9307435,376.76231721809717,9.956515406747881e-08,1.0255407802541009e-07,5,1.999942076436638,1.6000016236327956,-3.7595564904755866e-07
0.8,613.265306122449,0.8810204081632652,1245853575.7179039,324.03933654784134,9.726752824650382e-08,1.4633477762660327e-07,5,1.9999420784431856,1.6000019857949133,-3.741277738882235e-07
0.8,613.265306122449,0.8991836734693877,1245705943.511031,253.7022547497257,9.690280978312623e-08,2.9458941298039694e-07,5,1.9999438527332145,1.6000021644610996,-3.561065009494149e-07
0.8,613.265306122449,0.9173469387755101,1101222181.0748806,435.8371431178945,0.6892002875118092,7.792603945058765e-07,3,2.0,1.6,0.0
0.8,613.265306122449,0.9355102040816325,1098418179.2630436,475.84628222531967,0.7865851384687171,1.062259560639339e-06,3,2.0,1.6,0.0
0.8,613.265306122449,0.953673469387755,1093852297.248211,477.18936666106674,0.8492879789105771,1.4058339277038366e-06,3,2.0,1.6,0.0
0.8,613.265306122449,0.9718367346938775,1071889293.0554928,615.0636429413715,0.9300189835805205,1.5020712076621337e-06,3,2.0,1.6,0.0
0.8,613.265306122449,0.99,1053253927.2488828,1461.9643686443217,0.9894709119638432,3.0145396933363995e-06,3,2.0,1.6,0.0
0.8,622.4489795918367,0.1,1247704906.4928274,1194.3149893337552,0.00017872907116207935,2.437478061161744e-08,6,1.5635564769575307,1.7043224528775291,-0.008914698553440157
0.8,622.4489795918367,0.11816326530612245,1247704905.007974,1187.715888260185,0.00016426062986204246,2.4877265541135376e-08,6,1.563574492270099,1.7048463446865867,-0.008907000183053395
0.8,622.4489795918367,0.1363265306122449,1247704903.3087032,1180.0295568920983,0.00013927909229525737,2.5478323118972648e-08,6,1.5635949763344412,1.705451743788021,-0.008898016628123277
0.8,622.4489795918367,0.15448979591836737,1247704901.4053433,1171.2605358421326,0.00010873757427255974,2.618630614090584e-08,6,1.563617750320404,1.7061359806402552,-0.008887746363886126
0.8,622.4489795918367,0.1726530612244898,1247703939.3102365,1163.724842314321,0.00011353406601828299,2.831135552599503e-08,6,1.5737725709939623,1.7038569951489728,-0.008675644019357038
0.8,622.4489795918367,0.19081632653061226,1247703039.2374132,1159.4894951017257,0.00011662554878439389,2.8480530921225994e-08,6,1.584497384417256,1.701479821628911,-0.008451164474962086
0.8,622.4489795918367,0.2089795918367347,1247702161.031884,1154.1742973073901,0.00011131116792918554,2.8710150555200797e-08,6,1.5949818317037099,1.6992435938453447,-0.008230524502677581
0.8,622.4489795918367,0.22714285714285715,1247701246.7270527,1148.1818238943695,0.00010094391970741548,2.8970131175092364e-08,6,1.6059100647910844,1.6969385961440544,-0.00800026959603581
0.8,622.4489795918367,0.2453061224489796,1247700294.2959116,1141.5509983019629,8.6632402259742e-05,2.9252320650700834e-08,6,1.6173023957317119,1.694553802154901,-0.007760102529996411
0.8,622.4489795918367,0.26346938775510204,1247699278.6795783,1134.400098482555,7.066318490741686e-05,2.957504269732198e-08,6,1.6294559830995816,1.691994685765125,-0.007504248453841102
0.8,622.4489795918367,0.2816326530612245,1247698213.54765,1126.692084384377,5.401562963346181e-05,2.992161499452134e-08,6,1.6422053120597384,1.6893050058690937,-0.0072360906377514555
0.8,622.4489795918367,0.2997959183673469,1247697085.2007904,1118.490012755027,3.8512344610324346e-05,3.030807657866842e-08,6,1.6557117432775788,1.6864300368987482,-0.006952557421839413
0.8,622.4489795918367,0.3179591836734694,1247695875.054762,1110.0157521219287,2.5494948985839716e-05,3.069045609740816e-08,6,1.670195429471256,1.683296789414291,-0.00664944710714917
0.8,622.4489795918367,0.33612244897959187,1247694616.554997,1100.966525943945,1.513972515284701e-05,3.112038687568977e-08,6,1.6852531799715054,1.6800188121042816,-0.006334837605218517
0.8,622.4489795918367,0.3542857142857143,1247693304.426731,1091.3851879760534,7.891606868835137e-06,3.160128782256821e-08,6,1.7009453453326775,1.6765699670016607,-0.006007678764876753
0.8,622.4489795918367,0.37244897959183676,1247691890.4237187,1081.697376925646,3.587750913750696e-06,3.207366207772873e-08,6,1.7178452302083673,1.672769615839394,-0.005656876785449421
0.8,622.4489795918367,0.3906122448979592,1247690443.946132,1071.3211369968924,1.3184781344094085e-06,3.2622051798047615e-08,6,1.7351196596274125,1.668858353291018,-0.005298940534478994
0.8,622.4489795918367,0.40877551020408165,1247688912.0418112,1060.7451522686792,3.8092697240047526e-07,3.317057259303671e-08,6,1.7533965658039394,1.6646376633681095,-0.004921732087683613
0.8,622.4489795918367,0.4269387755102041,1247687327.6154444,1049.6576253282526,9.952026386249206e-08,3.3780371543044666e-08,6,1.7722781937916963,1.660215945398044,-0.004533210920938425
0.8,622.4489795918367,0.44510204081632654,1247621472.1964958,1159.850341427413,1.9294678236398754e-05,1.8826596935405583e-08,6,1.951693436985711,1.6116046423725203,-0.000945080073626722
0.8,622.4489795918367,0.463265306122449,1247621451.2181644,1134.4850448294892,2.8169249680424275e-06,1.995855804394117e-08,6,1.9520012865865422,1.6117811462756622,-0.0009383564946871153
0.8,622.4489795918367,0.48142857142857143,1247621438.0489638,1106.9028979289567,2.3183797214329309e-07,2.1699455285200027e-08,6,1.9521894461089502,1.612006186388123,-0.0009339669850837889
0.8,622.4489795918367,0.4995918367346939,1247534216.5349057,1103.958854913133,2.1010390258859795e-05,2.0376920200695843e-08,6,1.9857790458044537,1.6035532272312634,-0.0002717432911156557
0.8,622.4489795918367,0.5177551020408163,1247534181.7613544,1077.10992373221,2.0283289604212017e-06,2.1300011497250876e-08,6,1.9862836122770469,1.6035118358445248,-0.0002616014680713811
0.8,622.4489795918367,0.5359183673469388,1247534162.9155889,1047.0157046776617,9.994766946494382e-08,2.330047446523977e-08,6,1.9865492918120997,1.6035354575441951,-0.0002561073336043332
0.8,622.4489795918367,0.5540816326530612,1247443127.1069953,1028.1894301589782,8.344987114549564e-06,2.1898778616307044e-08,6,1.996544073261373,1.6009072030104243,-6.353371411415522e-05
0.8,622.4489795918367,0.5722448979591837,1247443109.8691506,995.6084235422113,3.4040533910917497e-07,2.401935471967557e-08,6,1.9967143435084396,1.6008867304810568,-6.011771272176563e-05
0.8,622.4489795918367,0.5904081632653061,1247443088.0253582,962.2684200330145,9.953698633769583e-08,2.6823513274417188e-08,6,1.9967964305215882,1.600891023371425,-5.772734916148809e-05
0.8,622.4489795918367,0.6085714285714285,1246328210.211505,1239.260230051712,0.4779196219905107,3.4671296112569006e-08,6,1.99992777095033,1.6000037302628651,-6.815939450648872e-07
0.8,622.4489795918367,0.626734693877551,1246196355.7095747,1288.8291637141517,0.5324748680682494,3.819427891542083e-08,6,1.9999344664444028,1.6000020971657292,-5.699355803101661e-07
0.8,622.4489795918367,0.6448979591836734,1246196290.0470598,1225.268616112188,0.525654388706433,4.312881841742962e-08,6,1.9999345138059628,1.600002164586917,-5.641130879350072e-07
0.8,622.4489795918367,0.6630612244897959,1246069174.6543689,1302.195313694889,0.585790311408116,4.102276795543209e-08,6,1.9999386943167554,1.6000011066116473,-4.960722595559646e-07
0.8,622.4489795918367,0.6812244897959183,1246069102.7981257,1233.5598901241335,0.5817810292622896,4.861506878555957e-08,6,1.9999387128281443,1.600001155934557,-4.909354408010904e-07
0.8,622.4489795918367,0.6993877551020408,1246069065.5426216,1156.8887191232905,0.5741480812017199,5.8109079020978045e-08,6,1.9999387194598957,1.600001217506441,-4.852035378074387e-07
0.8,622.4489795918367,0.7175510204081632,1245958467.2072425,1194.361696203517,0.6170915160364802,5.759371436858544e-08,6,1.9999407697361429,1.6000006642313158,-4.507220600182403e-07
0.8,622.4489795918367,0.7357142857142857,1245853769.4318514,1170.3720834108578,0.6335503708870727,5.984290771542552e-08,5,1.9999420706776214,1.600000303235494,-4.278345850809011e-07
0.8,622.4489795918367,0.7538775510204081,1245853701.9480052,1078.3366174258729,0.6249328639937771,7.39436292026267e-08,5,1.9999420744156575,1.600000339614848,-4.2310046488821967e-07
0.8,622.4489795918367,0.7720408163265305,1245853661.2754798,959.9806906458549,0.60155435015973,9.141258248844376e-08,5,1.9999420761071076,1.6000003943679393,-4.1904770248278047e-07
0.8,622.4489795918367,0.790204081632653,1245853636.138374,810.3825448363692,0.5476506417993963,1.076553266077235e-07,5,1.9999420769471037,1.6000004812387396,-4.157589847991444e-07
0.8,622.4489795918367,0.8083673469387754,1245853650.774779,619.5869143872635,0.3930837988483888,9.518302969173246e-08,5,1.99994207647598,1.6000006328053507,-4.1287099594312044e-07
0.8,622.4489795918367,0.8265306122448979,1246069043.576419,474.8957941217662,0.00025080052297253526,6.969834307547846e-08,6,1.9999387223456357,1.6000019317730192,-4.474863683452918e-07
0.8,622.4489795918367,0.8446938775510203,1245853767.870542,428.6149550742413,0.00032308617356464626,8.528905741958548e-08,5,1.999942070775667,1.600001327713497,-3.8101116262716016e-07
0.8,622.4489795918367,0.8628571428571428,1245853661.3546548,382.547723604149,9.789142088092933e-08,9.934635260780578e-08,5,1.9999420761042175,1.6000015871123772,-3.763184824969981e-07
0.8,622.4489795918367,0.8810204081632652,1245853585.9546933,331.4444530616722,9.792262804245466e-08,1.3835371825936846e-07,5,1.999942078233095,1.6000019418121927,-3.7426104541540825e-07
0.8,622.4489795918367,0.8991836734693877,1245732945.004558,255.83867862421403,9.693760038180346e-08,2.9088548401186286e-07,5,1.9999435584985183,1.6000021668911788,-3.5849820780070453e-07
0.8,622.4489795918367,0.9173469387755101,1101388623.3472133,432.1062037075203,0.6801902143912347,7.589626505388397e-07,3,2.0,1.6,0.0
0.8,622.4489795918367,0.9355102040816325,1098592213.1193275,479.1750078738037,0.7847383117954595,1.0447847838097382e-06,3,2.0,1.6,0.0
0.8,622.4489795918367,0.953673469387755,1094087339.0652292,481.07960159846004,0.8482310582888858,1.3859676810333605e-06,3,2.0,1.6,0.0
0.8,622.4489795918367,0.9718367346938775,1072169095.1219761,613.6327189674158,0.9287934930989885,1.4986109472768226e-06,3,2.0,1.6,0.0
0.8,622.4489795918367,0.99,1053491012.2235467,1479.0504614213264,0.9894369242722393,2.9195142480416717e-06,3,2.0,1.6,0.0
0.8,631.6326530612246,0.1,1247704912.2564561,1218.7378507217118,0.0004138374484151157,2.2640407332420956e-08,6,1.5634855755444192,1.7023511902027753,-0.008942744892086046
0.8,631.6326530612246,0.11816326530612245,1247704910.5481875,1212.0035113333158,0.0003939138099987916,2.3104604357080778e-08,6,1.5635067481058686,1.702889435607567,-0.008935173200779694
0.8,631.6326530612246,0.1363265306122449,1247704908.691454,1204.1630468094984,0.0003486654826271771,2.3660961989583275e-08,6,1.5635296112347858,1.7035229575832607,-0.008926095526415052
0.8,631.6326530612246,0.15448979591836737,1247704906.670934,1195.2184576663108,0.0002867404472500877,2.431300396664002e-08,6,1.5635543085938004,1.7042409900122466,-0.008915689836636279
0.8,631.6326530612246,0.1726530612244898,1247704904.423826,1185.1778008211384,0.00021808602964181977,2.5076922071408224e-08,6,1.5635815503818051,1.7050385009759699,-0.00890397269697439
0.8,631.6326530612246,0.19081632653061226,1247704901.9947295,1174.0460997765836,0.0001521551902055754,2.5962039225800333e-08,6,1.5636107181985814,1.7059120907502896,-0.008890948753024078
0.8,631.6326530612246,0.2089795918367347,1247703956.6490202,1164.0236011611755,0.00013938693757469057,2.8288974906730017e-08,6,1.5735662939470203,1.703880369686863,-0.008680131113542851
0.8,631.6326530612246,0.22714285714285715,1247702912.7615726,1158.4660148376367,0.00013520304465931428,2.8542220277628302e-08,6,1.5860063486740317,1.701171354013207,-0.008419079227626173
0.8,631.6326530612246,0.2453061224489796,1247701855.5879366,1152.1911095275034,0.00012369690073338855,2.8793519885916076e-08,6,1.598631481702785,1.6984698978918584,-0.008153550959454546
0.8,631.6326530612246,0.26346938775510204,1247700783.191611,1145.0874375113067,0.00010599660263469076,2.9096528834914157e-08,6,1.6114537813792247,1.6957668294337762,-0.007883437000265451
0.8,631.6326530612246,0.2816326530612245,1247699678.8529694,1137.2805404889716,8.498224467130579e-05,2.9442051581195107e-08,6,1.6246666951407676,1.6929981383707555,-0.007605032684741739
0.8,631.6326530612246,0.2997959183673469,1247698521.8269405,1128.9180548677396,6.376613689465316e-05,2.9821601674910395e-08,6,1.638515144897954,1.6900838141466352,-0.007313604709101253
0.8,631.6326530612246,0.3179591836734694,1247697291.0354128,1120.1747065888162,4.466831652821673e-05,3.0219184937015375e-08,6,1.6532479514529075,1.686942243139051,-0.007004376742910518
0.8,631.6326530612246,0.33612244897959187,1247696016.4170904,1110.823877558926,2.8340436710163427e-05,3.0664960020436533e-08,6,1.6685037033548347,1.683674244053916,-0.006684614881619926
0.8,631.6326530612246,0.3542857142857143,1247694655.8502626,1101.2322150874045,1.6284440906046992e-05,3.110920662295494e-08,6,1.6847831234122828,1.6801214765293684,-0.0063446032309036945
0.8,631.6326530612246,0.37244897959183676,1247693247.3513546,1091.0582720690363,8.090715446214807e-06,3.16140380203571e-08,6,1.7016277415794208,1.676412693681312,-0.005993527643680939
0.8,631.6326530612246,0.3906122448979592,1247691759.2157469,1080.5892587113538,3.4081422388753943e-06,3.2138305287419866e-08,6,1.719412720117234,1.6724259087167492,-0.005624183075868058
0.8,631.6326530612246,0.40877551020408165,1247690190.6545613,1069.8520096597833,1.1608205975378494e-06,3.2677979008984544e-08,6,1.738143054389554,1.6681494004869701,-0.00523666874206267
0.8,631.6326530612246,0.4269387755102041,1247688587.020362,1058.4473871188845,2.9273132764557103e-07,3.3299822279310666e-08,6,1.7572717286756505,1.6637361947605718,-0.004841859803265562
0.8,631.6326530612246,0.44510204081632654,1247621493.5603974,1177.2308750311715,6.263589598980878e-05,1.8327995462753153e-08,6,1.951373832657063,1.6115059099229598,-0.0009518536044785331
0.8,631.6326530612246,0.463265306122449,1247621465.1696675,1152.3957533180317,1.1687290142026419e-05,1.9117704776836076e-08,6,1.9517972989524508,1.6116531935343397,-0.0009428266221395863
0.8,631.6326530612246,0.48142857142857143,1247621447.2678702,1125.0658119449427,1.3171680547534968e-06,2.0545173291582157e-08,6,1.9520582702668081,1.611858094268968,-0.00093699600633336
0.8,631.6326530612246,0.4995918367346939,1247621431.526582,1096.1985645626137,9.968800389453565e-08,2.2384132948108647e-08,6,1.9522810288297112,1.6120924471895963,-0.0009318844298638199
0.8,631.6326530612246,0.5177551020408163,1247534200.2884233,1093.0084761261794,8.728906248749452e-06,2.0669888733187272e-08,6,1.986016362546196,1.60352903854173,-0.0002669798817574368
0.8,631.6326530612246,0.5359183673469388,1247534171.9219165,1063.746315361627,5.552626035385652e-07,2.209235826718439e-08,6,1.9864233993314593,1.603516950631741,-0.00025873207820455336
0.8,631.6326530612246,0.5540816326530612,1247443141.5035222,1043.605584706737,3.0406059778550586e-05,2.1111047933550545e-08,6,1.9963413576210294,1.6009482773214467,-6.746621301366108e-05
0.8,631.6326530612246,0.5722448979591837,1247443117.1267421,1011.5928974821694,1.8393073361903633e-06,2.2744592807524335e-08,6,1.9966649070359,1.6008876571028507,-6.11490163831828e-05
0.8,631.6326530612246,0.5904081632653061,1247443098.236459,977.4297068732998,9.995863714511275e-08,2.550034987647334e-08,6,1.996766905015535,1.6008867923760843,-5.873445848028635e-05
0.8,631.6326530612246,0.6085714285714285,1246460067.5747368,1166.746443851028,0.41138819644961777,3.1526815540333096e-08,6,1.9999173622003972,1.600006349871209,-8.539585106476245e-07
0.8,631.6326530612246,0.626734693877551,1246196412.2339966,1320.3213486817206,0.5387519823424317,3.745839057177353e-08,6,1.9999344155532208,1.600002068210646,-5.722655434014605e-07
0.8,631.6326530612246,0.6448979591836734,1246196301.5949547,1261.7292193500714,0.5352157662257979,4.179962001433979e-08,6,1.9999345067754735,1.6000021214920386,-5.655963061898906e-07
0.8,631.6326530612246,0.6630612244897959,1246196264.3178205,1183.285469333611,0.5211691961130538,4.7258112207134974e-08,6,1.9999345271849505,1.6000022093297952,-5.603117531292786e-07
0.8,631.6326530612246,0.6812244897959183,1246069114.3392253,1270.0457077547983,0.5894886290939982,4.653991840568575e-08,6,1.9999387103242727,1.60000112933264,-4.923428009710986e-07
0.8,631.6326530612246,0.6993877551020408,1246069072.4976964,1191.8825635328687,0.5824471785257183,5.5910544006372656e-08,6,1.9999387183915296,1.6000011889366188,-4.866864051627362e-07
0.8,631.6326530612246,0.7175510204081632,1246069042.4928217,1110.2193262929327,0.5732230113206462,6.713669208136877e-08,6,1.9999387224697938,1.6000012607133398,-4.808605080934977e-07
0.8,631.6326530612246,0.7357142857142857,1245853791.5581686,1204.347949043968,0.6398011703279654,5.7459604195771475e-08,5,1.9999420692339263,1.6000002912029367,-4.290743756498299e-07
0.8,631.6326530612246,0.7538775510204081,1245853710.903223,1114.8369556256932,0.6335221325917679,7.099542365712637e-08,5,1.9999420739851967,1.6000003246380765,-4.2411907751593206e-07
0.8,631.6326530612246,0.7720408163265305,1245853666.224438,998.547097713344,0.6139967537666285,8.852947761712463e-08,5,1.999942075923952,1.6000003750713088,-4.1985608778290344e-07
0.8,631.6326530612246,0.790204081632653,1245853637.1254075,850.8696683184216,0.5684058630336544,1.0674979958512443e-07,5,1.999942076916876,1.6000004547110018,-4.1639687393540584e-07
0.8,631.6326530612246,0.8083673469387754,1245853635.665159,664.5985762216375,0.44889677192976335,1.0651492030475973e-07,5,1.9999420769615677,1.6000005918986946,-4.135400354139737e-07
0.8,631.6326530612246,0.8265306122448979,1245853808.5680568,491.5252157826339,0.11150817900748027,6.88752622802351e-08,5,1.9999420680686155,1.6000008607140987,-4.0887979608348494e-07
0.8,631.6326530612246,0.8446938775510203,1245853792.3078299,434.40801281971835,0.0010492361521786955,8.592229639282555e-08,5,1.999942069183756,1.6000012918306186,-3.8299098125293974e-07
0.8,631.6326530612246,0.8628571428571428,1245853671.1622803,388.3070185361099,9.697478686600785e-08,9.643751770673001e-08,5,1.9999420757351292,1.6000015518825028,-3.767116331269314e-07
0.8,631.6326530612246,0.8810204081632652,1245853595.0347118,337.9886404855215,9.772917386379102e-08,1.3185754083231208e-07,5,1.9999420780335477,1.6000018992729304,-3.743821927331427e-07
0.8,631.6326530612246,0.8991836734693877,1245747800.414627,259.0476824965826,9.986436329193667e-08,2.8675375834619483e-07,5,1.9999433933239836,1.6000021540933205,-3.604899112407885e-07
0.8,631.6326530612246,0.9173469387755101,1101574667.4047718,423.4859499077709,0.666192987797073,7.3635087840629e-07,3,2.0,1.6,0.0
0.8,631.6326530612246,0.9355102040816325,1098758978.5234737,482.78993881157504,0.7830487050808421,1.027055065682229e-06,3,2.0,1.6,0.0
0.8,631.6326530612246,0.953673469387755,1094309377.1501997,485.56488812936874,0.8473815022684735,1.3645540627072291e-06,3,2.0,1.6,0.0
0.8,631.6326530612246,0.9718367346938775,1072449538.4872104,611.7516926664093,0.9275222660307685,1.4969738057362436e-06,3,2.0,1.6,0.0
0.8,631.6326530612246,0.99,1053725520.508673,1495.3212873810749,0.989397679170559,2.8307227401063176e-06,3,2.0,1.6,0.0
0.8,640.8163265306123,0.1,1247704922.6905274,1243.1321331432937,0.0008429341358937915,2.1152014181812288e-08,6,1.5633541403072497,1.7004338336757328,-0.008969288136388583
0.8,640.8163265306123,0.11816326530612245,1247704917.7482889,1236.4180126332703,0.0008279077452389808,2.1512121274626203e-08,6,1.5634167341160201,1.700951907146415,-0.0089616687424551
0.8,640.8163265306123,0.1363265306122449,1247704914.8646798,1228.439196105863,0.0007603135525902997,2.201191877920812e-08,6,1.563453013872201,1.7015729372285642,-0.00895320002690754
0.8,640.8163265306123,0.15448979591836737,1247704912.3337636,1219.3099146567547,0.0006535379752902855,2.2613509801348e-08,6,1.5634846145832249,1.7022934410743944,-0.008943304511318402
0.8,640.8163265306123,0.1726530612244898,1247704909.806674,1209.064336250485,0.0005240852833888996,2.3318350162619602e-08,6,1.563515897851281,1.7031153117296167,-0.008931734172679902
0.8,640.8163265306123,0.19081632653061226,1247704907.1856492,1197.713551477437,0.00038954157798822946,2.413319886414714e-08,6,1.5635480346367203,1.7040318216757326,-0.008918522461090282
0.8,640.8163265306123,0.2089795918367347,1247704904.429682,1185.258354657044,0.0002657646681092005,2.5073351156699724e-08,6,1.5635814796741556,1.70502389348725,-0.008904001112361963
0.8,640.8163265306123,0.22714285714285715,1247704901.4848025,1171.7085839395056,0.00016422050835031022,2.6152791041556322e-08,6,1.5636168035375442,1.7060870978410163,-0.008888144263954414
0.8,640.8163265306123,0.2453061224489796,1247703571.9239602,1162.0711199912719,0.00015847752935409872,2.8386542455979198e-08,6,1.5781467593573222,1.7028685460835944,-0.008584064825613306
0.8,640.8163265306123,0.26346938775510204,1247702366.0442202,1155.455447138217,0.00014624965408082955,2.8654349142038113e-08,6,1.5925330032288627,1.6997541508471792,-0.008281963194846951
0.8,640.8163265306123,0.2816326530612245,1247701168.6047645,1147.8955900463934,0.00012514510760483597,2.8972202593650384e-08,6,1.606844260500098,1.6967172126669263,-0.007980715450474398
0.8,640.8163265306123,0.2997959183673469,1247699984.1124358,1139.3109696726233,9.795098087635277e-05,2.9362927766104755e-08,6,1.6210137910870586,1.6937710828605506,-0.007681781116910236
0.8,640.8163265306123,0.3179591836734694,1247698708.8043694,1130.500542683674,7.28145194768503e-05,2.9741473627154927e-08,6,1.6362770623381773,1.6905379624621002,-0.007360851537349518
0.8,640.8163265306123,0.33612244897959187,1247697409.9653141,1120.9054399819966,4.906330568973179e-05,3.0189519169491647e-08,6,1.651824371191362,1.6872530781872017,-0.007034072843408934
0.8,640.8163265306123,0.3542857142857143,1247696041.7212112,1110.9058632056522,3.0074976415391375e-05,3.0665783485251284e-08,6,1.6682008553578225,1.6837446058427372,-0.00669082334669276
0.8,640.8163265306123,0.37244897959183676,1247694593.0858307,1100.6292161512165,1.6469948886419516e-05,3.114486167789045e-08,6,1.68553393868857,1.6799654225097085,-0.006328764924861989
0.8,640.8163265306123,0.3906122448979592,1247693074.4339926,1089.9487839357275,7.764484673882177e-06,3.166579964187415e-08,6,1.7036950114745895,1.6759445368964059,-0.005950616562099419
0.8,640.8163265306123,0.40877551020408165,1247691505.1336536,1078.748579605325,2.9942770875761496e-06,3.223154476716932e-08,6,1.722447816530091,1.6717425239591417,-0.005561192928234576
0.8,640.8163265306123,0.4269387755102041,1247689867.76762,1067.1562520852135,9.00071283553596e-07,3.284200248971656e-08,6,1.741996337449407,1.667287038614658,-0.005156677327174726
0.8,640.8163265306123,0.44510204081632654,1247688142.429728,1055.359700512727,1.972360362127484e-07,3.346545896109475e-08,6,1.7625709735311106,1.6624968575996446,-0.004732764406500628
0.8,640.8163265306123,0.463265306122449,1247621482.48509,1169.8915271171186,3.9975219956368206e-05,1.8470340325222408e-08,6,1.9515401683913076,1.611541519798588,-0.0009483471390607246
0.8,640.8163265306123,0.48142857142857143,1247621456.952375,1143.1216234771164,5.922709489033286e-06,1.9511055997281732e-08,6,1.9519178865893838,1.6117161180066573,-0.0009401994431352763
0.8,640.8163265306123,0.4995918367346939,1247621441.8740742,1113.7918959461667,4.815904250474404e-07,2.1262634358561953e-08,6,1.9521352774703487,1.6119500154406738,-0.0009351929069581595
0.8,640.8163265306123,0.5177551020408163,1247621424.81069,1083.4568656711378,9.949296917833006e-08,2.3277856777167892e-08,6,1.9523743383886927,1.612199882880608,-0.0009297206852224677
0.8,640.8163265306123,0.5359183673469388,1247534184.2734292,1079.9916500936733,2.760411494937013e-06,2.1150720094779068e-08,6,1.9862476375011446,1.6035118479809558,-0.0002623244293220414
0.8,640.8163265306123,0.5540816326530612,1247534163.5901349,1048.0303168198693,1.0181072126171757e-07,2.3225898857369942e-08,6,1.9865399330880227,1.60353455979882,-0.00025629312243944155
0.8,640.8163265306123,0.5722448979591837,1247443126.4313815,1027.2294300506887,7.93967277075749e-06,2.1960841863837902e-08,6,1.996553496415064,1.600905296523403,-6.334437201229394e-05
0.8,640.8163265306123,0.5904081632653061,1247443108.1728292,992.5798785134928,2.4774980097338463e-07,2.426697404232751e-08,6,1.9967237809617622,1.6008864270079997,-5.98934129260177e-05
0.8,640.8163265306123,0.6085714285714285,1246460079.1405518,1203.2593480816774,0.42736268399687294,3.138737655899268e-08,6,1.9999173155365928,1.6000062361965173,-8.558603854125557e-07
0.8,640.8163265306123,0.626734693877551,1246328169.5781333,1245.7953743638784,0.48801932014810456,3.6005996581890615e-08,6,1.9999278408783148,1.6000036974792236,-6.777510727997745e-07
0.8,640.8163265306123,0.6448979591836734,1246196316.1032367,1297.6047878110119,0.5437754895110335,4.042764310980453e-08,6,1.9999344970856416,1.600002080797188,-5.671274495264755e-07
0.8,640.8163265306123,0.6630612244897959,1246196271.0614567,1221.201202352377,0.5325493960537947,4.608276221719196e-08,6,1.9999345239910555,1.6000021632497414,-5.615961090229602e-07
0.8,640.8163265306123,0.6812244897959183,1246069128.31794,1306.1825099424505,0.5965206784814632,4.4494087362299476e-08,6,1.9999387070250245,1.600001104140502,-4.937299972625552e-07
0.8,640.8163265306123,0.6993877551020408,1246069080.0764773,1227.2957100002218,0.5903327109335306,5.3710274802962e-08,6,1.999938717139371,1.6000011615252099,-4.88171283284052e-07
0.8,640.8163265306123,0.7175510204081632,1246069047.5318813,1145.5971850747408,0.5825561405020335,6.483837639264804e-08,6,1.9999387218787954,1.6000012306726656,-4.821866177150888e-07
0.8,640.8163265306123,0.7357142857142857,1245853824.536856,1237.1924200542344,0.6452871141723349,5.538899374288292e-08,5,1.9999420669392984,1.6000002802375675,-4.303486232610623e-07
0.8,640.8163265306123,0.7538775510204081,1245853720.9488163,1150.8218062894723,0.641255258342863,6.810022547749683e-08,5,1.9999420734771953,1.6000003107735197,-4.2516236279908037e-07
0.8,640.8163265306123,0.7720408163265305,1245853671.8311222,1036.6223913943436,0.6250439744434341,8.549879121019336e-08,5,1.9999420757089876,1.600000357316951,-4.2068152748989867e-07
0.8,640.8163265306123,0.790204081632653,1245853639.2027636,890.8474861924603,0.5862390490706729,1.050018674197017e-07,5,1.9999420768524554,1.6000004305365112,-4.170347785279999e-07
0.8,640.8163265306123,0.8083673469387754,1245853628.1689367,707.2684450838311,0.48925531707182124,1.1295065428693631e-07,5,1.9999420771837304,1.6000005552681231,-4.1414238055802407e-07
0.8,640.8163265306123,0.8265306122448979,1245853749.1305354,508.73797664801447,0.168366486881107,6.635759451696127e-08,5,1.9999420719164438,1.6000007981436162,-4.1034061801211445e-07
0.8,640.8163265306123,0.8446938775510203,1245853823.1817079,439.9534896537175,0.002889705115331059,8.778381568167625e-08,5,1.9999420670359707,1.6000012478480004,-3.865454998552109e-07
0.8,640.8163265306123,0.8628571428571428,1245853681.4530122,394.039494425329,9.611950973523325e-08,9.381502496655159e-08,5,1.999942075321461,1.6000015178826794,-3.771342181218218e-07
0.8,640.8163265306123,0.8810204081632652,1245853602.9783459,343.67213915864653,9.788249027027296e-08,1.2662316049340205e-07,5,1.99994207784798,1.600001858196445,-3.745117561047689e-07
0.8,640.8163265306123,0.8991836734693877,1245806306.3875854,262.3400813029443,9.633251743828382e-08,2.620242010478592e-07,5,1.9999427273561077,1.6000022383696417,-3.666480983332734e-07
0.8,640.8163265306123,0.9173469387755101,1104365329.9097097,214.77335889639994,9.9359595577181e-08,3.7816464844690143e-07,3,2.0,1.6,0.0
0.8,640.8163265306123,0.9355102040816325,1098923098.549155,486.0590138132821,0.7812114031461128,1.0102315316129086e-06,3,2.0,1.6,0.0
0.8,640.8163265306123,0.953673469387755,1094529229.3777966,489.51625620123525,0.8463758929628323,1.3452443484362442e-06,3,2.0,1.6,0.0
0.8,640.8163265306123,0.9718367346938775,1072739547.8938559,608.3218594849703,0.926030784740523,1.4993164576171868e-06,3,2.0,1.6,0.0
0.8,640.8163265306123,0.99,1053956531.282876,1511.8416516386378,0.9893613809787314,2.7467226539119777e-06,3,2.0,1.6,0.0
0.8,650.0,0.1,1247704990.3219757,1265.2770683883964,0.0015074444694444123,2.0612244151795714e-08,6,1.5624988601128098,1.6987745346307133,-0.009007335353197992
0.8,650.0,0.11816326530612245,1247704987.388368,1258.1537574955448,0.0015145863021835458,2.1058886444731622e-08,6,1.5625365464835408,1.6992929310903846,-0.009000987677127568
0.8,650.0,0.1363265306122449,1247704982.7777572,1249.9325330351066,0.00143349882068131,2.1564941373541486e-08,6,1.5625954705517144,1.6998995415730391,-0.008992948785518855
0.8,650.0,0.15448979591836737,1247704922.0259762,1243.4092052972346,0.0013160524083457787,2.1146939389719562e-08,6,1.5633625739069283,1.7003973961824137,-0.00896928059593742
0.8,650.0,0.1726530612244898,1247704916.2576697,1233.0958969444,0.0011056701400623129,2.1729964106112544e-08,6,1.563435520044552,1.7011954186912943,-0.008958043506108517
0.8,650.0,0.19081632653061226,1247704912.8310678,1221.5161686261572,0.0008674548900795313,2.2475457548204165e-08,6,1.5634784261959003,1.702105876167334,-0.0089456453735
0.8,650.0,0.2089795918367347,1247704909.7152462,1208.8075518426358,0.0006310746034821585,2.3342147918104857e-08,6,1.563517024671079,1.7031253253809835,-0.008931365522934063
0.8,650.0,0.22714285714285715,1247704906.5837834,1194.993424452544,0.00042102127266685805,2.4337213980799292e-08,6,1.5635553696111912,1.704240567262716,-0.008915290776387256
0.8,650.0,0.2453061224489796,1247704903.2902603,1180.074883590351,0.00025374949963828295,2.5481254271082356e-08,6,1.5635951979136278,1.7054249864956381,-0.008897873432691222
0.8,650.0,0.26346938775510204,1247704286.48925,1163.8855191254072,0.0001678876437097746,2.834635617557716e-08,6,1.569645688786553,1.7048706354071652,-0.008760148141453138
0.8,650.0,0.2816326530612245,1247702759.7151093,1158.060729474058,0.00016851869386616482,2.8537708511393538e-08,6,1.5878328043785084,1.7007335533006676,-0.008381056890162757
0.8,650.0,0.2997959183673469,1247701468.4746785,1149.7743605926544,0.0001415428967205032,2.8897807274002767e-08,6,1.6032587374038088,1.6974763800727986,-0.008056081066006577
0.8,650.0,0.3179591836734694,1247700169.8949265,1140.675847558742,0.00010958752000651836,2.9294506431165906e-08,6,1.6187907992560626,1.6942315906035752,-0.007728592624724934
0.8,650.0,0.33612244897959187,1247698817.3675072,1131.028858648535,7.878716781463757e-05,2.9731307574130418e-08,6,1.6349775702529004,1.6908267619730102,-0.007387888521064943
0.8,650.0,0.3542857142857143,1247697409.1574838,1120.9009418056344,5.180259472018717e-05,3.0189799967523834e-08,6,1.6518340407828076,1.6872489921624976,-0.007033831801188484
0.8,650.0,0.37244897959183676,1247695926.9339683,1110.4125658436456,3.0759531709354634e-05,3.0672022283169016e-08,6,1.6695745748171271,1.683424948095382,-0.006662359871982276
0.8,650.0,0.3906122448979592,1247694407.1646795,1099.2806613201133,1.5759985919108567e-05,3.1212394866804266e-08,6,1.6877579158388227,1.679477317042034,-0.006282333521164964
0.8,650.0,0.40877551020408165,1247692798.4750729,1087.9183852992005,6.884935012353119e-06,3.1769646360431265e-08,6,1.706993770378389,1.675212758690069,-0.005881944568007304
0.8,650.0,0.4269387755102041,1247691136.5836248,1076.046783892483,2.397796252933314e-06,3.2378961973281037e-08,6,1.7268495507499444,1.6707498245116614,-0.005469893530988411
0.8,650.0,0.44510204081632654,1247689388.6704924,1063.9509363797497,6.326170538146919e-07,3.3005224028396054e-08,6,1.7477121833898681,1.665960240734088,-0.005038800809409493
0.8,650.0,0.463265306122449,1247687561.696722,1051.5863605597933,1.1474429857892663e-07,3.3654776591178705e-08,6,1.7694901766920463,1.660858258836103,-0.004590683124941321
0.8,650.0,0.48142857142857143,1247621472.5760107,1160.3852218206962,2.172801059570854e-05,1.880244001840922e-08,6,1.9516878075858524,1.6116000083875066,-0.0009451731226255001
0.8,650.0,0.4995918367346939,1247621450.0183027,1131.6300206203334,2.406689928597504e-06,2.0131867803220114e-08,6,1.9520186461082054,1.6118037518814703,-0.0009379199282632751
0.8,650.0,0.5177551020408163,1247621434.4573817,1100.6895298885795,1.2941034319681082e-07,2.209699328181066e-08,6,1.9522399980064378,1.6120561462173404,-0.0009327941943356126
0.8,650.0,0.5359183673469388,1247534203.1664264,1095.3719923589813,1.105821663982693e-05,2.0583585985097284e-08,6,1.9859745210951514,1.603531823470363,-0.0002678124672429627
0.8,650.0,0.5540816326530612,1247534172.151607,1064.3187393659603,6.096799853742879e-07,2.205151628775429e-08,6,1.986420159209476,1.603515863535699,-0.00025879356280713006
0.8,650.0,0.5722448979591837,1247443139.884391,1042.2655489021956,2.8236113146175096e-05,2.1161808382104185e-08,6,1.9963643114491374,1.6009431985046658,-6.70162766882656e-05
0.8,650.0,0.5904081632653061,1247443116.9415083,1007.8379772549778,1.331176499129805e-06,2.30836652486417e-08,6,1.996666345075362,1.6008899613775476,-6.109658649883805e-05
0.8,650.0,0.6085714285714285,1246460099.828315,1239.303349676271,0.4416117894892164,3.126804942823484e-08,6,1.999917227419641,1.6000061368736538,-8.584614061227598e-07
0.8,650.0,0.626734693877551,1246328186.9352577,1282.1703641477832,0.4989376976132653,3.530549238833024e-08,6,1.9999278124788362,1.6000036322372366,-6.795205613369119e-07
0.8,650.0,0.6448979591836734,1246196335.2644882,1332.7401867784731,0.55140025343344,3.9059172003682596e-08,6,1.999934482958553,1.6000020428158286,-5.687408121648964e-07
0.8,650.0,0.6630612244897959,1246196279.0718694,1258.785606294482,0.5428188198707957,4.479370165699742e-08,6,1.999934519905882,1.600002119251135,-5.628907206770738e-07
0.8,650.0,0.6812244897959183,1246069146.1865654,1341.7068966258962,0.6028591091863136,4.251376663196581e-08,6,1.99993870241668,1.600001080452983,-4.951211214008303e-07
0.8,650.0,0.6993877551020408,1246069088.449208,1263.0344078038515,0.5977974355889869,5.1507847028463816e-08,6,1.9999387156482997,1.6000011352146934,-4.896448080867433e-07
0.8,650.0,0.7175510204081632,1246069053.0173807,1180.7476460360274,0.5910695124179263,6.249728126606567e-08,6,1.9999387211938922,1.6000012018977987,-4.835289980988773e-07
0.8,650.0,0.7357142857142857,1245958413.1544206,1217.7984137648848,0.6331596621892106,6.219596922454187e-08,6,1.9999407743803939,1.6000006546648031,-4.4904705060184005e-07
0.8,650.0,0.7538775510204081,1245853732.2995248,1186.2891513726238,0.6482421307577395,6.529068748285956e-08,5,1.9999420728721509,1.6000002979166381,-4.262307379615301e-07
0.8,650.0,0.7720408163265305,1245853678.0536563,1074.2224075227282,0.6349162458949675,8.239799780172172e-08,5,1.9999420754611283,1.600000340939431,-4.215280666080803e-07
0.8,650.0,0.790204081632653,1245853642.1265874,930.3636879025794,0.6017620595236134,1.0267354435921737e-07,5,1.9999420767602176,1.6000004083736783,-4.176803561732478e-07
0.8,650.0,0.8083673469387754,1245853624.428438,748.7806355805521,0.5209746122425152,1.1629417304359716e-07,5,1.999942077290201,1.6000005222416616,-4.147000889449005e-07
0.8,650.0,0.8265306122448979,1245853705.1770732,531.2329616009928,0.23581475826123657,7.157994405447039e-08,5,1.9999420742627672,1.6000007412272717,-4.114361430489837e-07
0.8,650.0,0.8446938775510203,1245853865.6368246,445.12374584235715,0.006935518495204456,9.160366585919437e-08,5,1.9999420639175907,1.600001187804069,-3.922212381223099e-07
0.8,650.0,0.8628571428571428,1245853692.3361762,399.7389650979871,9.907561365654889e-08,9.148745344707301e-08,5,1.9999420748541843,1.6000014850562676,-3.775859942776021e-07
0.8,650.0,0.8810204081632652,1245853610.240737,348.8178926455803,9.764262303043377e-08,1.2219028919910065e-07,5,1.9999420776687669,1.6000018185174751,-3.746645332998313e-07
0.8,650.0,0.8991836734693877,1245810486.6564422,266.76949929590603,9.990663569276581e-08,2.7216517661244967e-07,5,1.9999426783814358,1.6000021941936042,-3.670907979423775e-07
0.8,650.0,0.9173469387755101,1104448354.9244456,218.077936349292,9.837579714839042e-08,3.705234518983788e-07,3,2.0,1.6,0.0
0.8,650.0,0.9355102040816325,1099078908.7789915,489.8340778035834,0.7796363925188914,9.928268202921706e-07,3,2.0,1.6,0.0
0.8,650.0,0.953673469387755,1094741672.309107,493.5258010522261,0.845403098224643,1.3261032745179879e-06,3,2.0,1.6,0.0
0.8,650.0,0.9718367346938775,1073027082.1538109,605.2200782039623,0.9245883450387841,1.5014346729752309e-06,3,2.0,1.6,0.0
0.8,650.0,0.99,1054187112.3805892,1527.3211740183388,0.9893182728839272,2.6679342867815666e-06,3,2.0,1.6,0.0
