q,R,e_init,age,a,e,spin1,type1,m1,m2,amloss
0.1,200.0,0.01,1245829289.8152776,197.94642828809012,9.95306498326406e-08,3.0761750517074e-07,5,1.9999424332492053,0.20000003891068988,-9.199738826666273e-08
0.1,200.0,0.010980250419408422,1245829285.2822764,197.94358846613216,9.8020454071992e-08,3.0762110338223254e-07,5,1.9999424333135514,0.20000003891301754,-9.200354283242568e-08
0.1,200.0,0.012056589927291887,1245829279.488946,197.93995957163472,9.830290153644431e-08,3.076258654412696e-07,5,1.9999424333957878,0.2000000389158029,-9.201095284959345e-08
0.1,200.0,0.013238437660578209,1245829271.9357078,197.9352283843376,9.86501916449563e-08,3.0763233999262904e-07,5,1.9999424335030063,0.20000003891912357,-9.201986840414064e-08
0.1,200.0,0.01453613606748761,1245829262.8766413,197.9295540623372,9.873359965568486e-08,3.0764005388610075e-07,5,1.9999424336316,0.20000003892313228,-9.203062320856452e-08
0.1,200.0,0.01596104141516088,1245829252.0240002,197.92275644636038,9.850498613693007e-08,3.076492197416529e-07,5,1.9999424337856535,0.20000003892797186,-9.20435981236548e-08
0.1,200.0,0.017525623169301542,1245829239.0410876,197.91462484893256,9.832729695652119e-08,3.076600742726893e-07,5,1.9999424339699463,0.2000000389338171,-9.205925353576209e-08
0.1,200.0,0.01924357311551172,1245829223.5370355,197.90491498962484,9.99699811299526e-08,3.076728738816733e-07,5,1.999942434190027,0.20000003894087817,-9.207814626889564e-08
0.1,200.0,0.02112992517725142,1245829205.0630233,197.893345155111,9.901525876766235e-08,3.0768788864768595e-07,5,1.999942434452266,0.20000003894941243,-9.210095024451822e-08
0.1,200.0,0.023201186978958357,1245829183.1109204,197.8795983289825,9.9783892091901e-08,3.0770537917089913e-07,5,1.9999424347638768,0.20000003895973148,-9.212848176573958e-08
0.1,200.0,0.02547548430564807,1245829157.117665,197.86332159602134,9.82000188822756e-08,3.0772557369330213e-07,5,1.9999424351328516,0.20000003897221827,-9.21617306107468e-08
0.1,200.0,0.0279727197231725,1245829126.4783304,197.84413766682437,9.842138711824432e-08,3.0774861211076584e-07,5,1.999942435567778,0.20000003898733892,-9.220189837520649e-08
0.1,200.0,0.030714746747235906,1245829090.5754204,197.82166031442952,9.791103050428685e-08,3.077744732671693e-07,5,1.9999424360774207,0.20000003900566746,-9.22504460551694e-08
0.1,200.0,0.03372556108533605,1245829048.8341367,197.79553131303075,9.887734926208168e-08,3.0780284771102756e-07,5,1.9999424366699394,0.20000003902791158,-9.230915343044841e-08
0.1,200.0,0.03703151062520455,1245828831.8729908,197.65625357141508,9.92845976906522e-08,3.084193211656059e-07,5,1.9999424397265764,0.20000003904443375,-9.237442682475247e-08
0.1,200.0,0.04066152600737297,1245828758.934074,197.60944482401374,9.88665113708888e-08,3.084972542188073e-07,5,1.9999424407541189,0.2000000390761404,-9.245976288232042e-08
0.1,200.0,0.044647373799624364,1245828671.4330456,197.55330563816094,9.942088961624555e-08,3.085890238513036e-07,5,1.9999424419868084,0.20000003911452305,-9.256302768493992e-08
0.1,200.0,0.049023934488881024,1245828565.6957848,197.4854874039193,9.873792274577976e-08,3.0869718468747974e-07,5,1.9999424434764046,0.2000000391609643,-9.268804975610639e-08
0.1,200.0,0.05382950772325868,1245828443.0123544,197.40682950056015,9.876330740701023e-08,3.0881616993774166e-07,5,1.9999424452047336,0.20000003921753728,-9.283973652670204e-08
0.1,200.0,0.059106147475486,1245828304.9902556,197.31837480946731,9.918665753781106e-08,3.089397037942528e-07,5,1.9999424471491494,0.200000039286806,-9.302413913285496e-08
0.1,200.0,0.06490003006073211,1245828138.5114374,197.211735714531,9.978068720059845e-08,3.090784503848127e-07,5,1.9999424494944553,0.2000000393709201,-9.324817073623198e-08
0.1,200.0,0.07126185822939729,1245827764.52651,196.96264658896084,9.969129622307677e-08,3.0990275263581773e-07,5,1.9999424547258404,0.20000003946259137,-9.351495783741333e-08
0.1,200.0,0.07824730487111635,1245827501.3668973,196.78670617310542,9.884909516333228e-08,3.1020262255400915e-07,5,1.9999424584037113,0.20000003958595158,-9.384665899645167e-08
0.1,200.0,0.08591750021286539,1245827210.1818771,196.59221214747865,9.87226964339966e-08,3.104958216801284e-07,5,1.99994246247326,0.20000003973833955,-9.425312837300025e-08
0.1,200.0,0.09433956677468387,1245826672.6138337,196.21318750946804,9.852737194589327e-08,3.1162305870359714e-07,5,1.9999424699309454,0.20000003991370943,-9.474537905571021e-08
0.1,200.0,0.10358720676445314,1245826241.587437,195.90719581853216,9.960892439017064e-08,3.121724447903956e-07,5,1.999942475903505,0.2000000401428956,-9.535887910931839e-08
0.1,200.0,0.11374134705207334,1245825532.1475964,195.4106751452959,9.847564245151165e-08,3.1352551718996855e-07,5,1.9999424856600976,0.20000004041470862,-9.611192644062816e-08
0.1,200.0,0.12489084736726071,1245824729.7383554,194.84108730083105,9.821908495719077e-08,3.1502554793743484e-07,5,1.9999424966310717,0.20000004075649663,-9.705212815252975e-08
0.1,200.0,0.1371332779184638,1245823790.857764,194.1659539726321,9.748267975455836e-08,3.1677927308431373e-07,5,1.9999425093709255,0.20000004118727083,-9.823481606607552e-08
0.1,200.0,0.15057577323790639,1245822679.101793,193.35622216624787,9.923944058750647e-08,3.188762193047561e-07,5,1.9999425243170923,0.20000004173515012,-9.973929686113699e-08
0.1,200.0,0.1653359697248269,1245821375.6020544,192.37975427748037,9.85947434994609e-08,3.2145427870231956e-07,5,1.9999425416527903,0.20000004244333863,-1.016848563033565e-07
0.1,200.0,0.18154303509143294,1245819613.3856304,191.0264653723518,9.951529241984317e-08,3.255959244014254e-07,5,1.9999425647457072,0.20000004336565239,-1.0425367688064008e-07
0.1,200.0,0.19933879872033844,1245817485.6137855,189.3695583804794,9.855557607895081e-08,3.3084768393684114e-07,5,1.9999425921290743,0.20000004462809298,-1.0778565212570545e-07
0.1,200.0,0.21887899282533668,1245814741.441082,187.18115929918108,9.944254498457945e-08,3.38492328851799e-07,5,1.999942626636071,0.2000000464807274,-1.1299294772492333e-07
0.1,200.0,0.24033461527700972,1245763952.7428718,181.01797036878804,9.950330476702992e-08,3.710382959337437e-07,5,1.9999432084179456,0.20000004694029438,-1.2043404823631417e-07
0.1,200.0,0.26389342601937477,1105105984.45046,170.3630434806049,9.762142849108628e-08,4.0917779227476753e-07,3,2.0,0.2,0.0
0.1,200.0,0.2897615901728365,1105019240.5289524,167.57617174008942,9.677930134465596e-08,4.191089197215307e-07,3,2.0,0.2,0.0
0.1,200.0,0.318165482202374,1104913854.617196,164.17843602269036,9.962787524629163e-08,4.3197521394728134e-07,3,2.0,0.2,0.0
0.1,200.0,0.34935366693939,1104783411.3685014,160.07912003497674,9.997422094554618e-08,4.484454741547028e-07,3,2.0,0.2,0.0
0.1,200.0,0.3835990747933107,1104619355.1420472,155.14333868354854,9.813354387823135e-08,4.697023435946176e-07,3,2.0,0.2,0.0
0.1,200.0,0.4212013901883932,1104409325.1631076,149.18781582519145,9.95482000630155e-08,4.977819664384252e-07,3,2.0,0.2,0.0
0.1,200.0,0.4624896741271517,1104135773.591053,142.0474253613679,9.910176300365256e-08,5.351880435160981e-07,3,2.0,0.2,0.0
0.1,200.0,0.5078252438306721,1103771216.9737508,133.44061324569515,9.984421181869099e-08,5.870783192986935e-07,3,2.0,0.2,0.0
0.1,200.0,0.5576048346557921,1103269943.7009487,123.11657582729302,9.69193564166981e-08,6.613075371316997e-07,3,2.0,0.2,0.0
0.1,200.0,0.6122640719593427,1102551688.2249246,110.76746702446447,9.932911574843423e-08,7.729082573110742e-07,3,2.0,0.2,0.0
0.1,200.0,0.6722812832920282,1101459302.933425,96.03298761106646,9.796913462093502e-08,9.538093328146397e-07,3,2.0,0.2,0.0
0.1,200.0,0.7381816842827723,1099639757.9946308,78.54973743253446,9.841236752459514e-08,1.2820566536197731e-06,3,2.0,0.2,0.0
0.1,200.0,0.810541974844553,1096107823.0328207,57.93575468029256,9.531849309411187e-08,2.0088014155658446e-06,3,2.0,0.2,0.0
0.1,200.0,0.8899953859235032,1072845182.0942894,24.834131069729416,-0.25501068181464354,5.901811536605686e-06,3,2.0,0.2,0.0
0.1,200.0,0.9772372209558107,1038639115.798528,345.5270885550054,0.9772095252617822,3.366202656720531e-05,2,2.0,0.2,0.0
0.1,250.0,0.01,1246049376.3980272,247.40830141959884,9.562890250116552e-08,2.190071025173611e-07,6,1.999939295065062,0.2000000614373942,-5.939654227934695e-08
0.1,250.0,0.010980250419408422,1246049371.7188227,247.40525793414636,6.59652582451831e-08,2.1900891743285267e-07,6,1.999939295197633,0.2000000614374777,-5.940002835537593e-08
0.1,250.0,0.012056589927291887,1246049366.112292,247.4016215185972,7.159292349119872e-08,2.1901107220226117e-07,6,1.9999392953564763,0.20000006143759114,-5.940423379351441e-08
0.1,250.0,0.013238437660578209,1246049301.1654572,247.35933394826733,7.751098899593967e-08,2.1909897067657878e-07,6,1.9999392971904446,0.2000000614147316,-5.940440851739102e-08
0.1,250.0,0.01453613606748761,1246049290.8304324,247.35260458034995,8.366935554101525e-08,2.1910364361427986e-07,6,1.9999392974822017,0.20000006141404378,-5.941032490754633e-08
0.1,250.0,0.01596104141516088,1246049278.455249,247.3445468024876,8.999106792322586e-08,2.19109207097023e-07,6,1.9999392978315524,0.2000000614132495,-5.941746293590849e-08
0.1,250.0,0.017525623169301542,1246049263.6601622,247.3349134206144,9.636456758983315e-08,2.19115812127059e-07,6,1.9999392982492166,0.20000006141233748,-5.942607618697074e-08
0.1,250.0,0.01924357311551172,1246049246.0070016,247.32341022534726,6.615671909298848e-08,2.191236367565025e-07,6,1.9999392987475642,0.20000006141130194,-5.9436471475444985e-08
0.1,250.0,0.02112992517725142,1246049224.9948132,247.30972946907337,7.28884892606047e-08,2.1913283826857827e-07,6,1.9999392993407368,0.20000006141015506,-5.944901959020934e-08
0.1,250.0,0.023201186978958357,1246049200.0619397,247.29349681684718,8.018185694465646e-08,2.191436152304779e-07,6,1.9999393000445902,0.20000006140892834,-5.946417212216788e-08
0.1,250.0,0.02547548430564807,1246049170.59456,247.2743131221552,8.796833897039334e-08,2.1915615028409508e-07,6,1.9999393008764523,0.20000006140766208,-5.948247715344151e-08
0.1,250.0,0.0279727197231725,1246049135.950011,247.25176066056372,9.609103331643737e-08,2.1917060025181302e-07,6,1.9999393018544656,0.20000006140647664,-5.950460185564662e-08
0.1,250.0,0.030714746747235906,1246049095.5022335,247.22543276754902,1.0425566841753808e-07,2.1918706687648028e-07,6,1.9999393029963035,0.2000000614055353,-5.9531360993144974e-08
0.1,250.0,0.03372556108533605,1246049048.726773,247.19498918515066,1.1196476236182903e-07,2.192055561182785e-07,6,1.9999393043167717,0.20000006140515092,-5.956375420209406e-08
0.1,250.0,0.03703151062520455,1246048936.6683645,247.1211782954696,1.429351341883555e-07,2.193133314860047e-07,6,1.9999393074735703,0.20000006138271817,-5.9598093991301765e-08
0.1,250.0,0.04066152600737297,1246048858.440665,247.06919671417918,1.5083661875336757e-07,2.1935024018009015e-07,6,1.9999393096739053,0.2000000613780565,-5.964410306917954e-08
0.1,250.0,0.044647373799624364,1246048769.6121476,247.01018058173742,1.4500029550191287e-07,2.193902760637988e-07,6,1.999939312172413,0.20000006137444154,-5.969989856892871e-08
0.1,250.0,0.049023934488881024,1246048671.0598152,246.94472397271335,1.5211372059081014e-07,2.1943222766023696e-07,6,1.9999393149444253,0.20000006137320622,-5.976774352852164e-08
0.1,250.0,0.05382950772325868,1246048485.0829792,246.81881625352315,1.8625452633845364e-07,2.195820707889223e-07,6,1.9999393201589795,0.2000000613449876,-5.984361541549913e-08
0.1,250.0,0.059106147475486,1246048336.7962036,246.71813549707488,1.751872482279879e-07,2.1965208323376264e-07,6,1.9999393243145478,0.20000006133964152,-5.99410413458629e-08
0.1,250.0,0.06490003006073211,1246048096.5963507,246.5490180631575,2.0563565667232443e-07,2.1984452061645742e-07,6,1.9999393310251345,0.20000006130933917,-6.005281101422216e-08
0.1,250.0,0.07126185822939729,1246047828.1075897,246.35918398153,2.2323029594458748e-07,2.200512327868329e-07,6,1.999939338508845,0.20000006128150943,-6.018855107104463e-08
0.1,250.0,0.07824730487111635,1246047515.810115,246.13865143577272,2.3320962159754975e-07,2.202784658297679e-07,6,1.999939347186633,0.20000006125302577,-6.03519116798936e-08
0.1,250.0,0.08591750021286539,1246047147.6800349,245.8741812849924,2.3519893154414193e-07,2.2054728586807274e-07,6,1.9999393573762643,0.20000006122287703,-6.054782742426313e-08
0.1,250.0,0.09433956677468387,1246046716.2219865,245.5593979754633,2.2445490994749404e-07,2.2086320499680418e-07,6,1.9999393692661083,0.20000006119269936,-6.078279233457538e-08
0.1,250.0,0.10358720676445314,1246046171.633203,245.1513629353524,2.2765252327837923e-07,2.213248127803157e-07,6,1.999939384192969,0.20000006114857544,-6.106083501711641e-08
0.1,250.0,0.11374134705207334,1246045537.3792791,244.6611057806428,2.1183470050923286e-07,2.2188286413883297e-07,6,1.9999394014570973,0.20000006110099472,-6.139343967809957e-08
0.1,250.0,0.12489084736726071,1246044791.387543,244.0790852645332,1.7896741683699684e-07,2.2252746766931195e-07,6,1.9999394215961754,0.20000006104159818,-6.179011744929653e-08
0.1,250.0,0.1371332779184638,1246043885.3935955,243.3476452743317,1.45951266037242e-07,2.2339779485279134e-07,6,1.9999394458147242,0.20000006095439224,-6.22606617370847e-08
0.1,250.0,0.15057577323790639,1246042837.3698194,242.463731242436,9.563995705602099e-08,2.2447967317558507e-07,6,1.9999394734914768,0.2000000608618681,-6.2822887818884e-08
0.1,250.0,0.1653359697248269,1245958579.4680102,317.0936158495699,0.0005220244260117676,7.164152019711147e-08,6,1.9999407590451588,0.20000004319556558,-6.023522987014e-08
0.1,250.0,0.18154303509143294,1245958504.2074382,317.3222668286509,0.00039164459806964716,6.987454011682721e-08,6,1.9999407662762239,0.20000004344078764,-6.104228411027739e-08
0.1,250.0,0.19933879872033844,1245958460.4098794,314.587539375623,0.0002378531628398253,7.125999280638093e-08,6,1.9999407703528576,0.20000004378310363,-6.201298138506169e-08
0.1,250.0,0.21887899282533668,1245958425.6578314,310.09053509579235,0.00010758711160951132,7.446207053951447e-08,6,1.9999407733667594,0.20000004423183732,-6.318764461803386e-08
0.1,250.0,0.24033461527700972,1245958394.659433,303.80124350428946,2.81896659867158e-05,7.96971098896586e-08,6,1.9999407757954184,0.2000000448058893,-6.464039394694963e-08
0.1,250.0,0.26389342601937477,1245856325.8674192,254.7877819707691,0.00010800218304875598,1.6768678739864616e-07,5,1.9999419880382145,0.20000002860044788,-6.348566169709939e-08
0.1,250.0,0.2897615901728365,1245853808.5571413,300.97044967878793,0.00019479143899426763,7.598473057000745e-08,5,1.9999420680693751,0.2000000284655469,-6.540779273595557e-08
0.1,250.0,0.318165482202374,1245853736.995623,288.71219375705874,3.1004284024895904e-05,8.798458191073662e-08,5,1.9999420726123205,0.20000002969551195,-6.820725900255054e-08
0.1,250.0,0.34935366693939,1245853679.246998,270.6793637441204,1.0363371067053125e-06,1.1132728590246289e-07,5,1.9999420754124106,0.2000000314007235,-7.20154045151874e-08
0.1,250.0,0.3835990747933107,1245853616.157853,243.20700010835148,9.576789879475625e-08,1.6350188338195434e-07,5,1.9999420775156043,0.20000003382675136,-7.737309248989756e-08
0.1,250.0,0.4212013901883932,1245838271.4961812,202.42338497321376,9.937126957259566e-08,3.007061719386092e-07,5,1.9999423018628355,0.2000000362916043,-8.473442260701407e-08
0.1,250.0,0.4624896741271517,1245824282.611358,194.51977560434594,9.982918145273967e-08,3.156333997643815e-07,5,1.9999425027204532,0.2000000410138936,-9.774485754005467e-08
0.1,250.0,0.5078252438306721,1105088552.0868762,169.82605978988312,9.907697733788224e-08,4.1098646026316633e-07,3,2.0,0.2,0.0
0.1,250.0,0.5576048346557921,1104674822.35823,156.7725285626457,9.746589129719548e-08,4.625620996602713e-07,3,2.0,0.2,0.0
0.1,250.0,0.6122640719593427,1104097276.5928628,141.0881666673825,9.675869848343895e-08,5.406329520361584e-07,3,2.0,0.2,0.0
0.1,250.0,0.6722812832920282,1103226599.715315,122.30904814182155,9.773252764444937e-08,6.676239256069041e-07,3,2.0,0.2,0.0
0.1,250.0,0.7381816842827723,1101779928.4018433,99.94010394253695,9.492951251892401e-08,8.995603445932384e-07,3,2.0,0.2,0.0
0.1,250.0,0.810541974844553,1098968032.3572922,73.59154060964565,9.673557560091636e-08,1.4113289435238505e-06,3,2.0,0.2,0.0
0.1,250.0,0.8899953859235032,1091403362.8831701,42.713538762166976,6.75552205324263e-08,3.148523263829021e-06,3,2.0,0.2,0.0
0.1,250.0,0.9772372209558107,1052074667.7237526,391.76183774745834,0.9748789718946729,3.5694027302198724e-06,3,2.0,0.2,0.0
0.1,300.0,0.01,1246184766.6753206,290.84684633120435,7.448945823861226e-08,1.7725163795254547e-07,6,1.9999351826997167,0.200000093442921,-4.5107421571415566e-08
0.1,300.0,0.010980250419408422,1246184754.7525737,290.84571408728334,8.045555922600229e-08,1.772470879407788e-07,6,1.9999351833960917,0.20000009343758635,-4.510984625721152e-08
0.1,300.0,0.012056589927291887,1246184740.475894,290.8443580167007,8.659732404621088e-08,1.7724162691351224e-07,6,1.9999351842299535,0.200000093431234,-4.5112789977613436e-08
0.1,300.0,0.013238437660578209,1246184723.4067435,290.84273638544505,9.281306043949403e-08,1.7723507948314765e-07,6,1.9999351852269158,0.20000009342369449,-4.511636899438993e-08
0.1,300.0,0.01453613606748761,1246184703.0379004,290.84080091099435,9.896037352191404e-08,1.7722724029125792e-07,6,1.9999351864166042,0.20000009341473476,-4.512072804209364e-08
0.1,300.0,0.01596104141516088,1246184678.7897933,290.8384959420376,1.0319104152213086e-07,1.772178715662857e-07,6,1.99993518783287,0.20000009340418734,-4.51260483297852e-08
0.1,300.0,0.017525623169301542,1246184627.6144133,290.8321832156043,1.2457282337477415e-07,1.772113541739002e-07,6,1.9999351908204817,0.2000000933735516,-4.512815626370139e-08
0.1,300.0,0.01924357311551172,1246184589.8154228,290.82721284987133,1.3630997951016287e-07,1.7719970504193958e-07,6,1.9999351930268854,0.20000009335616578,-4.513538091316677e-08
0.1,300.0,0.02112992517725142,1246184545.1007175,290.8213327377475,1.485596554742895e-07,1.771858049978063e-07,6,1.9999351956369735,0.20000009333591504,-4.514426758954102e-08
0.1,300.0,0.023201186978958357,1246184492.4606378,290.8144099750921,1.609400929437294e-07,1.771692763223995e-07,6,1.9999351987096818,0.20000009331255783,-4.5155246658071254e-08
0.1,300.0,0.02547548430564807,1246184430.9013789,290.8063136921155,1.72813376474374e-07,1.7714971817862718e-07,6,1.9999352023030208,0.20000009328598037,-4.516888064463864e-08
0.1,300.0,0.0279727197231725,1246184332.6960998,290.7931355378191,2.0644140104082295e-07,1.7712964386963724e-07,6,1.9999352080326067,0.20000009323423718,-4.5180617147722215e-08
0.1,300.0,0.030714746747235906,1246184240.6170416,290.7807135241189,2.22184347365774e-07,1.7710086341613852e-07,6,1.9999352134041086,0.20000009319340775,-4.519994219249229e-08
0.1,300.0,0.03372556108533605,1246184111.94268,290.7626992257994,2.600528069525648e-07,1.770720406547677e-07,6,1.9999352209087065,0.20000009312986988,-4.521985369107033e-08
0.1,300.0,0.03703151062520455,1246183979.048176,290.7426999671997,2.782296848208394e-07,1.770339690654681e-07,6,1.9999352286558185,0.20000009307127628,-4.524822866366514e-08
0.1,300.0,0.04066152600737297,1246183801.3413937,290.7143342504372,3.2371039498466715e-07,1.7699624027587866e-07,6,1.9999352390109708,0.20000009298653906,-4.527912082268383e-08
0.1,300.0,0.044647373799624364,1246183594.7096462,290.6792667192825,3.7102498293128214e-07,1.7695378694237117e-07,6,1.9999352510452018,0.20000009289050233,-4.5317969400180513e-08
0.1,300.0,0.049023934488881024,1246183351.0687647,290.63537124977466,4.222815019385133e-07,1.7690576059784344e-07,6,1.9999352652240916,0.2000000927792735,-4.5366007612191616e-08
0.1,300.0,0.05382950772325868,1246183063.2598727,290.57829850867927,4.780080549183933e-07,1.768559336789801e-07,6,1.9999352819567264,0.200000092650197,-4.542533505998607e-08
0.1,300.0,0.059106147475486,1246182725.1089733,290.5100692626948,5.331595254381883e-07,1.767951017341704e-07,6,1.9999353015940964,0.20000009250193232,-4.5498886202098494e-08
0.1,300.0,0.06490003006073211,1246182310.4545941,290.42073925371534,6.341123811549821e-07,1.7673727135503945e-07,6,1.9999353256412107,0.20000009231774662,-4.558670918880451e-08
0.1,300.0,0.07126185822939729,1246181848.2899442,290.3030982734218,6.731745429252096e-07,1.766909101133008e-07,6,1.9999353523912191,0.20000009212681027,-4.5700606945632466e-08
0.1,300.0,0.07824730487111635,1246181260.5370705,290.1432398373196,8.464660232705253e-07,1.7666680154588626e-07,6,1.9999353863236247,0.2000000918726993,-4.58330358060603e-08
0.1,300.0,0.08591750021286539,1246180602.9143803,289.9442651000548,9.327730095133958e-07,1.7665584970820708e-07,6,1.999935424163303,0.200000091608827,-4.600398301856851e-08
0.1,300.0,0.09433956677468387,1246179815.8210893,289.69841693881034,1.0832586653736857e-06,1.7665388278470803e-07,6,1.9999354692751963,0.20000009129736307,-4.621327592224921e-08
0.1,300.0,0.10358720676445314,1246178882.3043382,289.3750830712349,1.3206315169056784e-06,1.7670684788387615e-07,6,1.999935522505832,0.20000009093690088,-4.647140925320258e-08
0.1,300.0,0.11374134705207334,1246177808.673477,288.9764097000393,1.511945708658949e-06,1.7679118239936564e-07,6,1.9999355833287205,0.20000009054655324,-4.6795705203420904e-08
0.1,300.0,0.12489084736726071,1246176553.0592391,288.46198276446034,1.7542715148419913e-06,1.7696508198213354e-07,6,1.9999356538802833,0.20000009011262404,-4.719936508653917e-08
0.1,300.0,0.1371332779184638,1246175110.6492252,287.8229683716161,1.8781523732561326e-06,1.772138702877107e-07,6,1.9999357340963908,0.2000000896548268,-4.7706932220283904e-08
0.1,300.0,0.15057577323790639,1246173438.6347148,286.9795306638178,1.9436242399722365e-06,1.776720915296652e-07,6,1.9999358258616364,0.20000008917064063,-4.8342330176374716e-08
0.1,300.0,0.1653359697248269,1246171498.3978076,285.947218516754,1.913772188010472e-06,1.7825741366025458e-07,6,1.9999359305787583,0.20000008867061875,-4.913762604289289e-08
0.1,300.0,0.18154303509143294,1246169221.691259,284.6159663916726,1.9304830950267973e-06,1.7913657098094586e-07,6,1.9999360509095214,0.20000008815824072,-5.0130186004129384e-08
0.1,300.0,0.19933879872033844,1246069300.825526,381.2940943740849,0.017739593129348103,5.167524064869988e-08,6,1.9999386537223278,0.20000005507042012,-4.4729690305496506e-08
0.1,300.0,0.21887899282533668,1246069204.1435266,380.86314946789906,0.017076597790230623,5.028057406060171e-08,6,1.9999386852193248,0.20000005559143272,-4.641199833303388e-08
0.1,300.0,0.24033461527700972,1246069154.0557177,373.7930129200537,0.013862833515014963,5.320522226904193e-08,6,1.9999387002630689,0.200000056537874,-4.848901355114812e-08
0.1,300.0,0.26389342601937477,1246069115.4723496,362.9839293376225,0.009362011186344455,5.884813359173871e-08,6,1.999938710068489,0.20000005783672575,-5.0971902396177344e-08
0.1,300.0,0.2897615901728365,1246069080.3109624,348.15009915110807,0.004622652328659381,6.83650191248608e-08,6,1.9999387170993785,0.20000005954959252,-5.384885730839318e-08
0.1,300.0,0.318165482202374,1246069043.7625349,327.6311720009347,0.0011594680950047403,8.552703296246229e-08,6,1.9999387223241856,0.20000006179624547,-5.702638005412522e-08
0.1,300.0,0.34935366693939,1246068998.439551,295.952682491378,3.1329388283126366e-05,1.2445690601545167e-07,6,1.999938726290485,0.20000006441608717,-6.030263339878442e-08
0.1,300.0,0.3835990747933107,1246057296.2524085,251.24032444628293,1.3706225671059353e-06,2.172842689995056e-07,6,1.9999390633076424,0.20000006282196414,-6.232777376071131e-08
0.1,300.0,0.4212013901883932,1246045514.6850135,244.64366752676057,6.006701229820305e-07,2.219130492560445e-07,6,1.9999394020717245,0.20000006133285975,-6.429175238022685e-08
0.1,300.0,0.4624896741271517,1245958397.465755,304.4759845235301,5.223421864913213e-05,7.91056808852492e-08,6,1.9999407755876801,0.20000004479516223,-6.502135459680557e-08
0.1,300.0,0.5078252438306721,1245853712.1259098,281.88905072056696,1.2442334868380355e-05,9.600545845694097e-08,5,1.9999420739246352,0.20000003034896227,-6.968205992944764e-08
0.1,300.0,0.5576048346557921,1245840218.1197987,202.95313981232317,9.722611688763167e-08,3.009906353232062e-07,5,1.9999422725079794,0.20000003589382784,-8.358385415743612e-08
0.1,300.0,0.6122640719593427,1245757608.2777903,180.19891118140595,9.935517691234474e-08,3.7297717420701984e-07,5,1.9999432817076588,0.20000004897204274,-1.2760176414092502e-07
0.1,300.0,0.6722812832920282,1104403302.9948392,149.0275491671684,9.977891633533503e-08,4.985222874454945e-07,3,2.0,0.2,0.0
0.1,300.0,0.7381816842827723,1103199576.6502905,121.78992380863791,9.840598992194328e-08,6.718933483655868e-07,3,2.0,0.2,0.0
0.1,300.0,0.810541974844553,1100869180.0857263,89.57596627343986,9.728519547892304e-08,1.0569121627893558e-06,3,2.0,0.2,0.0
0.1,300.0,0.8899953859235032,1094621914.2411547,52.14221276989549,7.188844190019259e-08,2.3458188894149e-06,3,2.0,0.2,0.0
0.1,300.0,0.9772372209558107,1054976863.0342352,421.21064608710844,0.9719895275075399,2.408681720363421e-06,3,2.0,0.2,0.0
0.1,350.0,0.01,1246328172.3693435,440.1481041399085,0.0002340046122613123,4.615918665894193e-08,6,1.99992783647214,0.20000014294528434,-4.630200994369661e-08
0.1,350.0,0.010980250419408422,1246328172.235934,440.1312266984935,0.00025661615812373203,4.616751285921256e-08,6,1.9999278366829685,0.2000001429493214,-4.630527936652037e-08
0.1,350.0,0.012056589927291887,1246328172.078361,440.11041909376684,0.0002813369441782243,4.6177527175267247e-08,6,1.9999278369319828,0.20000014295424529,-4.630923518152326e-08
0.1,350.0,0.013238437660578209,1246328171.8920138,440.0848303899983,0.00030833884513084786,4.618957285088313e-08,6,1.9999278372264695,0.200000142960246,-4.6314020231706683e-08
0.1,350.0,0.01453613606748761,1246328171.671383,440.053431778732,0.0003377993462962376,4.620406267325862e-08,6,1.999927837575135,0.2000001429675517,-4.6319807031160207e-08
0.1,350.0,0.01596104141516088,1246328171.4098864,440.0149803650147,0.000369898521421552,4.6221492884519355e-08,6,1.999927837988381,0.20000014297644003,-4.632680395234053e-08
0.1,350.0,0.017525623169301542,1246328171.099618,439.9679668687763,0.00040481428690168365,4.6242464818217284e-08,6,1.9999278384787016,0.20000014298724914,-4.633526534606762e-08
0.1,350.0,0.01924357311551172,1246328170.7312267,439.91058949783763,0.00044271692038462995,4.626769065641375e-08,6,1.9999278390608743,0.20000014300038493,-4.63454932865016e-08
0.1,350.0,0.02112992517725142,1246328170.2935126,439.8406686454802,0.00048375955487172875,4.629803009981531e-08,6,1.9999278397525988,0.20000014301634003,-4.635785545913216e-08
0.1,350.0,0.023201186978958357,1246328169.773123,439.7555818535976,0.0005280663715915946,4.6334514135957445e-08,6,1.9999278405749763,0.20000014303571265,-4.637279639628725e-08
0.1,350.0,0.02547548430564807,1246328169.1324465,439.6413018197327,0.0005756655493932241,4.6383356212973604e-08,6,1.9999278415692194,0.20000014305912586,-4.63908435930833e-08
0.1,350.0,0.0279727197231725,1246328168.4105442,439.5109700755483,0.0006266332389238914,4.6438499287211236e-08,6,1.9999278426883143,0.20000014308817082,-4.641279194864414e-08
0.1,350.0,0.030714746747235906,1246328167.5512187,439.35304702102604,0.0006808595667461753,4.650475438834786e-08,6,1.9999278440204424,0.20000014312341238,-4.6439320997557e-08
0.1,350.0,0.03372556108533605,1246328166.52834,439.16194245010337,0.00073812553135459,4.6584321686774256e-08,6,1.9999278456061114,0.20000014316616924,-4.64713876936728e-08
0.1,350.0,0.03703151062520455,1246328165.296811,438.9175932574056,0.0007979373967393833,4.668614242670196e-08,6,1.9999278474850866,0.20000014321821719,-4.65102083774692e-08
0.1,350.0,0.04066152600737297,1246328163.874648,438.629529014553,0.0008597456593578126,4.680545054593323e-08,6,1.9999278496465498,0.2000001432821475,-4.6557325121628186e-08
0.1,350.0,0.044647373799624364,1246328162.1639757,438.27062519811625,0.0009224681598693681,4.695401924178636e-08,6,1.9999278522240356,0.20000014335976368,-4.661433667442049e-08
0.1,350.0,0.049023934488881024,1246328160.1871443,437.84024974591864,0.0009847823725599922,4.713183688997208e-08,6,1.9999278551681832,0.2000001434552983,-4.668361612270791e-08
0.1,350.0,0.05382950772325868,1246328157.840599,437.30477742290753,0.0010446280561563902,4.735384398157936e-08,6,1.9999278586100353,0.20000014357205756,-4.676765768576625e-08
0.1,350.0,0.059106147475486,1246328155.0947843,436.65186247147636,0.0010994786373531781,4.7625115490560096e-08,6,1.9999278625785868,0.20000014371533925,-4.686978515068189e-08
0.1,350.0,0.06490003006073211,1246328151.8991787,435.85248723193115,0.001145952650971657,4.7958823183104574e-08,6,1.9999278671058136,0.20000014389164952,-4.699404193414716e-08
0.1,350.0,0.07126185822939729,1246328148.19141,434.87288226972925,0.001179813837071535,4.8370956802142606e-08,6,1.999927872234048,0.20000014410897915,-4.714541297304265e-08
0.1,350.0,0.07824730487111635,1246328143.8939548,433.673958131535,0.0011959895424225196,4.888009963078213e-08,6,1.9999278780192136,0.2000001443770606,-4.732998099234038e-08
0.1,350.0,0.08591750021286539,1246328138.9337614,432.1892950776689,0.0011884420098390426,4.952026626310618e-08,6,1.9999278844454509,0.20000014470887192,-4.7555481414517704e-08
0.1,350.0,0.09433956677468387,1246328133.2614515,430.36526217037385,0.001151072855826055,5.0319011930180814e-08,6,1.9999278914961989,0.20000014512035885,-4.78314425543638e-08
0.1,350.0,0.10358720676445314,1246328126.756717,428.11679856119184,0.0010781033894687036,5.132634377061983e-08,6,1.9999278991785996,0.20000014563125212,-4.81697316612009e-08
0.1,350.0,0.11374134705207334,1246328119.4063408,425.3491920275281,0.0009657722255946918,5.2599895062043096e-08,6,1.999927907310927,0.20000014626833829,-4.8585675642231685e-08
0.1,350.0,0.12489084736726071,1246328111.074512,421.91232053893697,0.0008141999465093724,5.423814918794088e-08,6,1.9999279158432655,0.20000014706387031,-4.9098327207634314e-08
0.1,350.0,0.1371332779184638,1246328101.6940846,417.6506810335154,0.0006308680901512289,5.635939825602867e-08,6,1.9999279245730572,0.20000014806085972,-4.973247798820556e-08
0.1,350.0,0.15057577323790639,1246328091.1408515,412.32698341697034,0.00043272488982178017,5.9159655224317844e-08,6,1.9999279333024833,0.20000014931539015,-5.052049664010045e-08
0.1,350.0,0.1653359697248269,1246328079.2625077,405.61282646509346,0.000246855491942196,6.29442460433842e-08,6,1.9999279417860891,0.20000015090317175,-5.1505725338578696e-08
0.1,350.0,0.18154303509143294,1246328065.738589,397.0078973794243,0.0001045566950397072,6.824605226394965e-08,6,1.9999279498206037,0.2000001529301872,-5.2748340419083486e-08
0.1,350.0,0.19933879872033844,1246328049.993306,385.6406370680265,2.599634075593635e-05,7.611783094956782e-08,6,1.9999279572095925,0.20000015555711928,-5.433723327080032e-08
0.1,350.0,0.21887899282533668,1246328030.474874,369.54534051542095,2.061562424115996e-06,8.924670805179734e-08,6,1.9999279638961378,0.20000015906253266,-5.641902227106871e-08
0.1,350.0,0.24033461527700972,1246196414.7740045,428.28921667492824,0.020084146329691605,4.5451585472472356e-08,6,1.9999344131540264,0.20000008614369594,-4.019874251635949e-08
0.1,350.0,0.26389342601937477,1246196336.9264436,418.2296645789898,0.014287196466714796,4.862148270400229e-08,6,1.999934481669714,0.20000008755538276,-4.21492817746493e-08
0.1,350.0,0.2897615901728365,1246196285.1064956,401.5881081864418,0.007031981865858227,5.582984354004359e-08,6,1.9999345166243807,0.20000008996886645,-4.4829356883670734e-08
0.1,350.0,0.318165482202374,1246196239.4380786,378.21699994964183,0.0016153795831403913,6.933929604958271e-08,6,1.9999345370750936,0.20000009344706463,-4.844983797869201e-08
0.1,350.0,0.34935366693939,1246196188.7867098,341.4566491662735,2.6748629260595032e-05,1.0129615265836806e-07,6,1.999934549177864,0.20000009848857975,-5.340553023995617e-08
0.1,350.0,0.3835990747933107,1246181023.7007577,290.06663273737763,1.8518106117538674e-06,1.7711929202982865e-07,6,1.999935399966808,0.20000009291535029,-5.702281490626584e-08
0.1,350.0,0.4212013901883932,1246069178.246246,384.314541945989,0.03183572042975911,5.107077818738196e-08,6,1.9999386932414909,0.2000000553563127,-5.5029142804247746e-08
0.1,350.0,0.4624896741271517,1246069078.1758316,347.67036239708113,0.006023529565265086,6.928502542654397e-08,6,1.9999387174621288,0.20000006002589693,-6.142404117628303e-08
0.1,350.0,0.5078252438306721,1246068952.326234,259.9684541235572,8.170894572067382e-08,1.9790455220245396e-07,6,1.999938728468914,0.20000006620158617,-6.550229825977844e-08
0.1,350.0,0.5576048346557921,1245958484.0477912,316.5176923350509,0.0006980828750938122,7.019875218834096e-08,6,1.9999407681796606,0.20000004371461588,-6.322763922026358e-08
0.1,350.0,0.6122640719593427,1245853671.9423063,267.86359510285615,7.320055811776334e-07,1.1563957505625666e-07,5,1.9999420757046398,0.20000003166245992,-7.259953224312265e-08
0.1,350.0,0.6722812832920282,1245817064.3467586,189.03054028590387,9.947884814619352e-08,3.3182776077825964e-07,5,1.9999425974875242,0.20000004495727436,-1.0869939952853856e-07
0.1,350.0,0.7381816842827723,1104211537.8059373,143.9556554405195,9.666241384848725e-08,5.247824964713383e-07,3,2.0,0.2,0.0
0.1,350.0,0.810541974844553,1102220851.3060875,105.85156282935282,9.781147560696666e-08,8.264624580256907e-07,3,2.0,0.2,0.0
0.1,350.0,0.8899953859235032,1096886879.4481883,61.50846189109966,8.948215453985029e-08,1.836134251730513e-06,3,2.0,0.2,0.0
0.1,350.0,0.9772372209558107,1057532343.3550575,409.85381734689634,0.9665137565464619,1.8272113024570797e-06,3,2.0,0.2,0.0
0.1,400.0,0.01,1246588962.8992112,498.3206386338292,8.64351266318416e-05,3.8034848962989985e-08,6,1.999901689547665,0.20000034072329015,-9.371632196349418e-08
0.1,400.0,0.010980250419408422,1246588962.7864368,498.30151419459133,9.475413021065223e-05,3.804052854627111e-08,6,1.9999016904694376,0.20000034073007894,-9.372105865373657e-08
0.1,400.0,0.012056589927291887,1246588962.651789,498.2782588310588,0.0001038387988194456,3.804736876687495e-08,6,1.9999016915699952,0.20000034073836648,-9.372679901771776e-08
0.1,400.0,0.013238437660578209,1246588962.4909225,498.25000620657624,0.00011374816013773555,3.805560674158868e-08,6,1.9999016928848536,0.20000034074847925,-9.373375283188148e-08
0.1,400.0,0.01453613606748761,1246588962.2986243,498.21571131823947,0.00012454191983718728,3.806552781958399e-08,6,1.999901694456622,0.20000034076080642,-9.374217355627218e-08
0.1,400.0,0.01596104141516088,1246588962.0686278,498.17411215814286,0.00013627889619943556,3.807747619717353e-08,6,1.9999016963365208,0.20000034077581813,-9.375236881440041e-08
0.1,400.0,0.017525623169301542,1246588961.7658374,498.116364828467,0.00014900853952873964,3.809422598454813e-08,6,1.9999016987865694,0.20000034079240794,-9.376428600210588e-08
0.1,400.0,0.01924357311551172,1246588961.4432127,498.0530307699629,0.0001627891933859966,3.811239829192633e-08,6,1.9999017013678746,0.20000034081574367,-9.377953594668012e-08
0.1,400.0,0.02112992517725142,1246588961.0569327,497.9763984314502,0.0001776568453064884,3.81342727108399e-08,6,1.9999017044584837,0.2000003408440955,-9.379798011994817e-08
0.1,400.0,0.023201186978958357,1246588960.5943425,497.8837333352517,0.00019363502612758824,3.816060019655226e-08,6,1.9999017081596469,0.20000034087853208,-9.382028587328253e-08
0.1,400.0,0.02547548430564807,1246588960.0402396,497.771738704489,0.00021072385740413929,3.819228753750427e-08,6,1.9999017125929988,0.20000034092036595,-9.384727133094523e-08
0.1,400.0,0.0279727197231725,1246588959.3765674,497.6364863567936,0.00022889131933438728,3.8230411545137945e-08,6,1.9999017179030096,0.20000034097117617,-9.387990454559248e-08
0.1,400.0,0.030714746747235906,1246588958.5526612,497.466552786781,0.00024805099439424754,3.8278416482094864e-08,6,1.9999017244864787,0.20000034103094672,-9.39188612227667e-08
0.1,400.0,0.03372556108533605,1246588957.6112707,497.26460457761885,0.0002680704905201597,3.833547829579705e-08,6,1.9999017318561578,0.20000034110836667,-9.396728203653867e-08
0.1,400.0,0.03703151062520455,1246588956.484172,497.0212813240096,0.0002887310068367631,3.840406396749999e-08,6,1.999901740679653,0.20000034120238722,-9.402582465361547e-08
0.1,400.0,0.04066152600737297,1246588955.1100035,496.72029816922446,0.00030969282505551255,3.848911267475318e-08,6,1.9999017513981754,0.20000034131532773,-9.4096299261205e-08
0.1,400.0,0.044647373799624364,1246588953.524399,496.3575072612102,0.00033049628350581415,3.859181023682548e-08,6,1.9999017635348555,0.20000034145920995,-9.418338260457633e-08
0.1,400.0,0.049023934488881024,1246588951.6085591,495.91168008197127,0.0003505033398375238,3.871847144296195e-08,6,1.9999017781126223,0.20000034163376898,-9.42886637099186e-08
0.1,400.0,0.05382950772325868,1246588949.382224,495.3740243653622,0.00036889038651883503,3.887176583090693e-08,6,1.9999017947631372,0.2000003418535433,-9.441810317304006e-08
0.1,400.0,0.059106147475486,1246588946.7257352,494.7096834083788,0.0003845523718850775,3.906270040221517e-08,6,1.9999018142482974,0.2000003421253917,-9.457606938979859e-08
0.1,400.0,0.06490003006073211,1246588943.5870566,493.90199223468994,0.00039618933870606365,3.929680711149581e-08,6,1.9999018367976016,0.20000034246349493,-9.476926806028807e-08
0.1,400.0,0.07126185822939729,1246588939.919041,492.9126708188272,0.00040218209250535684,3.9586512830821014e-08,6,1.9999018624794795,0.20000034288780763,-9.500675781622859e-08
0.1,400.0,0.07824730487111635,1246588935.6363072,491.6869280858361,0.00040068430601427317,3.995097605754479e-08,6,1.999901891432838,0.20000034342215864,-9.529929304980843e-08
0.1,400.0,0.08591750021286539,1246588930.664368,490.19458691462427,0.0003898784912545433,4.040041884883391e-08,6,1.9999019238061329,0.20000034409549655,-9.56598629427142e-08
0.1,400.0,0.09433956677468387,1246588924.897167,488.34487863131864,0.0003679433695182524,4.0970222809233996e-08,6,1.99990195950971,0.20000034494716196,-9.610549835425731e-08
0.1,400.0,0.10358720676445314,1246588918.2980676,486.0419508454321,0.00033365765823955385,4.1695764081194026e-08,6,1.9999019979210755,0.20000034603070566,-9.665845567703845e-08
0.1,400.0,0.11374134705207334,1246588910.6566792,483.2059912226503,0.0002871191234213821,4.261606794042267e-08,6,1.9999020392905191,0.2000003474028712,-9.734339219274832e-08
0.1,400.0,0.12489084736726071,1246588901.9267254,479.6806203533418,0.00023014679422795017,4.3800722953734945e-08,6,1.9999020824204214,0.20000034915127726,-9.819580615140853e-08
0.1,400.0,0.1371332779184638,1246588891.9528613,475.2733650330899,0.00016720232242103936,4.5349205064602125e-08,6,1.999902126477793,0.20000035138206118,-9.92591727068408e-08
0.1,400.0,0.15057577323790639,1246588880.6830912,469.71174280789046,0.00010548577756599081,4.7411784953755583e-08,6,1.9999021697494532,0.20000035424179893,-1.0059242472692566e-07
0.1,400.0,0.1653359697248269,1246588867.937991,462.6172064930819,5.384559379755958e-05,5.022949463346989e-08,6,1.9999022107603444,0.2000003579226017,-1.0227372068971659e-07
0.1,400.0,0.18154303509143294,1246588853.4259849,453.4375399065967,1.9574819805921654e-05,5.420513220259161e-08,6,1.9999022481598197,0.2000003626932416,-1.0441387938899821e-07
0.1,400.0,0.19933879872033844,1246588836.670273,441.17525793992223,3.883547449483906e-06,6.015901332212434e-08,6,1.9999022805593112,0.20000036897089277,-1.0718837197129933e-07
0.1,400.0,0.21887899282533668,1246460103.4383564,479.2661298744168,0.004541927220984716,3.989316164729309e-08,6,1.9999172115586987,0.2000002214074143,-6.552136437747688e-08
0.1,400.0,0.24033461527700972,1246460044.8474612,470.3917966831213,0.002586884300007112,4.222847420710606e-08,6,1.999917447031739,0.20000022393170036,-6.717812074659069e-08
0.1,400.0,0.26389342601937477,1246459997.2828844,456.3248776329348,0.0009547420306162716,4.700638034538315e-08,6,1.999917588827279,0.20000022870250594,-6.967226841791488e-08
0.1,400.0,0.2897615901728365,1246459953.813007,435.8737724705991,0.00014673480011372677,5.5737677716499657e-08,6,1.9999176717179783,0.20000023599120664,-7.319174005679182e-08
0.1,400.0,0.318165482202374,1246328319.4898646,453.9907496007955,0.013661801036313146,4.4385269738009834e-08,6,1.999927553117995,0.20000013984121032,-4.976219314909099e-08
0.1,400.0,0.34935366693939,1246328162.1639097,440.06787522625973,0.005002764545665512,4.7215990597833685e-08,6,1.999927852224134,0.20000014345771785,-5.2910443305553697e-08
0.1,400.0,0.3835990747933107,1246328081.1114814,406.72534098869505,0.0003196108423282462,6.249686936204463e-08,6,1.9999279405559212,0.2000001518396512,-5.8205068259562354e-08
0.1,400.0,0.4212013901883932,1246196341.838671,422.42493663734496,0.022064697931787548,4.8713815699769254e-08,6,1.9999344777970374,0.20000008638107078,-4.703240208222864e-08
0.1,400.0,0.4624896741271517,1246196234.827836,375.3557911140361,0.001276121628341859,7.162345202383022e-08,6,1.999934538593322,0.20000009427626791,-5.545089933297655e-08
0.1,400.0,0.5078252438306721,1246069253.0470347,400.35532927829513,0.06151882880820751,4.9388522252168756e-08,6,1.9999386693217076,0.20000005278903313,-5.6229151556957315e-08
0.1,400.0,0.5576048346557921,1246069079.3642182,348.5166746482204,0.006890541531367747,6.89677541597999e-08,6,1.99993871726085,0.20000006018222424,-6.569125416631126e-08
0.1,400.0,0.6122640719593427,1246049301.5232718,247.3599262480453,1.5295604131393723e-06,2.1914271141013974e-07,6,1.9999392971803436,0.20000006192293182,-6.577774756459777e-08
0.1,400.0,0.6722812832920282,1245853675.8660328,269.38892568139465,1.0971897947539562e-06,1.1327882636918052e-07,5,1.9999420755493735,0.20000003152135662,-7.228769915971705e-08
0.1,400.0,0.7381816842827723,1104980366.9538124,166.30904253851241,9.930098157005126e-08,4.238648593113192e-07,3,2.0,0.2,0.0
0.1,400.0,0.810541974844553,1103230693.7802913,122.37093073359834,9.78090113564554e-08,6.67259167640157e-07,3,2.0,0.2,0.0
0.1,400.0,0.8899953859235032,1098579599.3929412,71.00273917704654,8.764556583064357e-08,1.4874651241500566e-06,3,2.0,0.2,0.0
0.1,400.0,0.9772372209558107,1059814359.0313553,356.06751512150373,0.956158807885304,1.5136780951213096e-06,3,2.0,0.2,0.0
0.1,450.0,0.01,1246941976.4327803,521.4016169283689,3.39561256448873e-07,4.35547065848688e-08,6,1.9997874448043707,0.2000012091597738,-3.728126183654912e-07
0.1,450.0,0.010980250419408422,1246941976.3749454,521.3603343244405,3.710435521620761e-07,4.3568075786036024e-08,6,1.9997874457524827,0.20000120921886877,-3.728416142505848e-07
0.1,450.0,0.012056589927291887,1246941976.3052018,521.3105537932466,4.050386243533505e-07,4.358420159901621e-08,6,1.99978744689582,0.2000012092901367,-3.7287658075992347e-07
0.1,450.0,0.013238437660578209,1246941976.2210941,521.2505245361166,4.41613500566876e-07,4.36036540534343e-08,6,1.9997874482746332,0.20000120937608343,-3.7291874720856173e-07
0.1,450.0,0.01453613606748761,1246941976.119658,521.1781343957128,4.807874431052025e-07,4.3627122022497854e-08,6,1.9997874499375197,0.200001209479736,-3.7296959662258716e-07
0.1,450.0,0.01596104141516088,1246941975.997315,521.0908343476829,5.225117777212524e-07,4.365543820734071e-08,6,1.9997874519431424,0.2000012096047475,-3.7303091976272087e-07
0.1,450.0,0.017525623169301542,1246941975.8456137,520.9847949686349,5.666408293295234e-07,4.3689727342960357e-08,6,1.9997874544254342,0.2000012097549687,-3.7310467940412085e-07
0.1,450.0,0.01924357311551172,1246941975.6384745,520.8614427064952,6.129409827518974e-07,4.3727524051315625e-08,6,1.9997874577698267,0.20000120993288512,-3.731924777843742e-07
0.1,450.0,0.02112992517725142,1246941975.3885672,520.7126566166583,6.609537127251298e-07,4.377315495921401e-08,6,1.9997874618047353,0.20000121014754768,-3.7329840332766735e-07
0.1,450.0,0.023201186978958357,1246941975.0870574,520.5332001115505,7.100310455667769e-07,4.3828251270350005e-08,6,1.9997874666728004,0.20000121040655444,-3.734261848609748e-07
0.1,450.0,0.02547548430564807,1246941974.5897744,520.3330029362223,7.594152142521157e-07,4.38977424478731e-08,6,1.9997874746201176,0.20000121069975602,-3.7357349856959896e-07
0.1,450.0,0.0279727197231725,1246941974.0129974,520.0877237707143,8.076989212507798e-07,4.398330276113108e-08,6,1.9997874838043979,0.20000121105746083,-3.737526174363568e-07
0.1,450.0,0.030714746747235906,1246941973.579772,519.7582084792938,8.52879391767171e-07,4.409062543431317e-08,6,1.9997874905688005,0.20000121152979436,-3.739831313944863e-07
0.1,450.0,0.03372556108533605,1246941973.049276,519.359427036909,8.930848878372171e-07,4.422137392443531e-08,6,1.9997874988254845,0.2000012120994678,-3.74261162351006e-07
0.1,450.0,0.03703151062520455,1246941972.3774226,518.8829320906929,9.257288384407199e-07,4.438035783632419e-08,6,1.9997875091143542,0.20000121278470526,-3.7459584976479305e-07
0.1,450.0,0.04066152600737297,1246941971.5653002,518.3040918728487,9.475718758145703e-07,4.4567420087739676e-08,6,1.9997875213390186,0.20000121361497647,-3.750008944135479e-07
0.1,450.0,0.044647373799624364,1246941970.3766563,517.6308106734361,9.553669670358853e-07,4.479877856272187e-08,6,1.9997875389491946,0.20000121459260006,-3.754811091592005e-07
0.1,450.0,0.049023934488881024,1246830781.2672524,553.355341317072,0.0004654449010948882,3.2423488400806774e-08,6,1.9998351863726826,0.20000079799932513,-2.2868520266988935e-07
0.1,450.0,0.05382950772325868,1246830763.957382,555.2797948533762,0.0005068866176984625,3.1821152113874864e-08,6,1.999836009977106,0.20000079169733623,-2.2677675597381488e-07
0.1,450.0,0.059106147475486,1246830752.5211368,555.9869283508848,0.0005412894194458636,3.156443846787553e-08,6,1.9998365749391154,0.2000007878554297,-2.2570139874286074e-07
0.1,450.0,0.06490003006073211,1246830742.6163037,556.1798766933811,0.0005702840214787517,3.1444072128922924e-08,6,1.9998370694782857,0.20000078485405687,-2.249346577888364e-07
0.1,450.0,0.07126185822939729,1246830733.4199917,555.9409132594019,0.0005921589047021935,3.1431906686669384e-08,6,1.9998375266635324,0.20000078244691832,-2.2440169812372898e-07
0.1,450.0,0.07824730487111635,1246830724.6729374,555.2668441171066,0.0006043697591519842,3.152627056080499e-08,6,1.9998379535904118,0.20000078062090973,-2.2410346924794085e-07
0.1,450.0,0.08591750021286539,1246830715.9910989,554.1330161286139,0.0006041456787294097,3.1731277785495746e-08,6,1.9998383643380038,0.20000077932186458,-2.2403132398315332e-07
0.1,450.0,0.09433956677468387,1246830706.9426742,552.5282187149666,0.0005887629225571176,3.204690289468736e-08,6,1.9998387727081441,0.20000077850831757,-2.2418120699558479e-07
0.1,450.0,0.10358720676445314,1246830697.1615622,550.4042471351852,0.0005556935053198153,3.248833027691719e-08,6,1.9998391882338549,0.20000077819545725,-2.2456925785211645e-07
0.1,450.0,0.11374134705207334,1246830685.2140145,547.8601592265911,0.0005042812253243546,3.3014169282832776e-08,6,1.999839658225059,0.20000077808683156,-2.2511332356023905e-07
0.1,450.0,0.12489084736726071,1246830670.7982051,544.7904542309109,0.0004343259140280798,3.367000587785461e-08,6,1.9998401770705176,0.20000077837834837,-2.2589148849602481e-07
0.1,450.0,0.1371332779184638,1246830653.1650736,541.127613067489,0.0003487066194668364,3.446461787655055e-08,6,1.9998407492770216,0.20000077921483655,-2.26968191160955e-07
0.1,450.0,0.15057577323790639,1246830630.671821,536.908475076512,0.0002543646902207098,3.53949874535518e-08,6,1.9998413959379224,0.2000007806434359,-2.2838070329521194e-07
0.1,450.0,0.1653359697248269,1246830605.669498,531.4334510726533,0.0001604733933213008,3.669390787196477e-08,6,1.9998420155067478,0.20000078390123197,-2.3055555765251244e-07
0.1,450.0,0.18154303509143294,1246830579.9244094,523.9612462254174,8.091495385698551e-05,3.8636760879904615e-08,6,1.9998425413943475,0.20000079006270746,-2.3387777080328498e-07
0.1,450.0,0.19933879872033844,1246830556.9195023,513.1362129255128,2.8139281509263484e-05,4.182928314801625e-08,6,1.9998428929279517,0.20000080059753417,-2.388854740013696e-07
0.1,450.0,0.21887899282533668,1246712948.8822496,535.6530897753219,0.0026278014860148585,3.3084466693185e-08,6,1.9998756587365238,0.20000051850068984,-1.4756093271572934e-07
0.1,450.0,0.24033461527700972,1246712873.8675354,528.902025852084,0.0014497273233000155,3.406411425973727e-08,6,1.9998774145161482,0.20000051422089302,-1.4774385037066253e-07
0.1,450.0,0.26389342601937477,1246712820.4799023,514.6826519815937,0.0005016252526223838,3.7470581556581625e-08,6,1.999878312811691,0.2000005204104564,-1.5131185378376607e-07
0.1,450.0,0.2897615901728365,1246712772.7338605,493.24649263705186,7.162682024419766e-05,4.394604275964396e-08,6,1.9998787903163913,0.2000005346633383,-1.576634933517055e-07
0.1,450.0,0.318165482202374,1246589011.0790465,507.04578242953147,0.003380995844194061,3.635317991878235e-08,6,1.9999012457622098,0.2000003403881181,-9.976049803534886e-08
0.1,450.0,0.34935366693939,1246588910.0942311,483.1003315625217,0.0005150849939080053,4.275141837387347e-08,6,1.9999020421853797,0.2000003498933281,-1.0447902722891577e-07
0.1,450.0,0.3835990747933107,1246460141.858765,482.0275746698396,0.0074078121328266305,3.996834924108283e-08,6,1.999917037188154,0.20000022120717215,-7.00520658143679e-08
0.1,450.0,0.4212013901883932,1246459979.257088,448.89039131285904,0.0005077129056326739,5.000425076007294e-08,6,1.999917628561495,0.20000023226830843,-7.578709430920105e-08
0.1,450.0,0.4624896741271517,1246328182.8171148,445.04567889626395,0.006882081549774207,4.5848947801277527e-08,6,1.999927819430717,0.20000014222094603,-5.6010243108544934e-08
0.1,450.0,0.5078252438306721,1246196369.8197026,431.33228218533037,0.03356319200082191,4.727682037937503e-08,6,1.9999344543294153,0.2000000841953347,-4.8672253195527694e-08
0.1,450.0,0.5576048346557921,1246196205.7156248,355.02921123561197,0.00013815395952565567,8.794624901515468e-08,6,1.999934546151601,0.20000009761119825,-6.296984911568708e-08
0.1,450.0,0.6122640719593427,1246069112.1773338,364.8944203726288,0.017316774289594102,5.987779865014802e-08,6,1.9999387108089555,0.20000005830935116,-6.752832982803022e-08
0.1,450.0,0.6722812832920282,1246045293.795695,244.4730776357025,6.086946232297838e-07,2.220748194032423e-07,6,1.999939408054054,0.2000000614681204,-6.618828424466103e-08
0.1,450.0,0.7381816842827723,1245836593.4673967,201.814423991011,9.976858111904914e-08,3.0111461681292324e-07,5,1.9999423269664,0.20000003667474872,-8.582488155013829e-08
0.1,450.0,0.810541974844553,1104014517.5782466,139.0888779889766,9.91448795903258e-08,5.520561346316997e-07,3,2.0,0.2,0.0
0.1,450.0,0.8899953859235032,1099896573.3469276,80.62613417331063,9.947692401289519e-08,1.2337413945574764e-06,3,2.0,0.2,0.0
0.1,450.0,0.9772372209558107,1062053525.689947,235.85835811905017,0.9253817388124453,1.4407646604719123e-06,3,2.0,0.2,0.0
0.1,500.0,0.01,1247151944.2732408,572.0578345895763,1.153644725217429e-06,3.787959756359781e-08,6,1.999537563083018,0.20000283292011178,-9.759844721200117e-07
0.1,500.0,0.010980250419408422,1247151944.2125986,572.0059181331143,1.2615843219568782e-06,3.7892045510129335e-08,6,1.9995375682442635,0.2000028330384748,-9.760524718098697e-07
0.1,500.0,0.012056589927291887,1247151944.13947,571.9433105123424,1.3784634686600102e-06,3.7907060884274394e-08,6,1.9995375744682078,0.20000283318119272,-9.761344604624598e-07
0.1,500.0,0.013238437660578209,1247151944.0512776,571.8678070578796,1.5046419916458443e-06,3.79251753883303e-08,6,1.9995375819742454,0.20000283335328262,-9.762333160180403e-07
0.1,500.0,0.01453613606748761,1247151943.9119213,571.7813821335984,1.640446512545995e-06,3.7945279880374255e-08,6,1.99953759382265,0.20000283353700626,-9.763429397777786e-07
0.1,500.0,0.01596104141516088,1247151943.5138087,571.7103506684338,1.7865744852219648e-06,3.796094960125918e-08,6,1.9995376276114247,0.20000283359240228,-9.764081474707177e-07
0.1,500.0,0.017525623169301542,1247151943.1135335,571.6129030176592,1.9421491721035376e-06,3.799359741615968e-08,6,1.9995376614900744,0.2000028337176786,-9.765103441492022e-07
0.1,500.0,0.01924357311551172,1247151942.9460795,571.4502313238227,2.1057591593189176e-06,3.803207988488944e-08,6,1.9995376755455287,0.2000028340971585,-9.767255505208427e-07
0.1,500.0,0.02112992517725142,1247151942.125852,571.3424669837251,2.2795160078002565e-06,3.806311998095395e-08,6,1.9995377443052436,0.20000283411329162,-9.768071817036498e-07
0.1,500.0,0.023201186978958357,1247151941.865676,571.107945313006,2.457256343227525e-06,3.811832681256959e-08,6,1.9995377659168354,0.2000028346554845,-9.771161762063433e-07
0.1,500.0,0.02547548430564807,1247151940.9101524,570.9166695038323,2.641491269991631e-06,3.8168629460418735e-08,6,1.9995378451111019,0.20000283485639717,-9.7730618074069e-07
0.1,500.0,0.0279727197231725,1247151939.9165409,570.6627041257636,2.82610957552688e-06,3.8233873175058145e-08,6,1.9995379266644244,0.20000283521785292,-9.775831807830916e-07
0.1,500.0,0.030714746747235906,1247151938.8219159,570.3406753210114,3.006519712039629e-06,3.831511239802675e-08,6,1.9995380155173275,0.20000283573519487,-9.779498483133918e-07
0.1,500.0,0.03372556108533605,1247151938.0961106,569.8661900216474,3.1737638557946557e-06,3.8442185464853816e-08,6,1.999538073586434,0.2000028367792731,-9.7856120689249e-07
0.1,500.0,0.03703151062520455,1247151937.095342,569.3096740050863,3.322790797421597e-06,3.858448986244359e-08,6,1.9995381522997906,0.20000283796622145,-9.792691281033212e-07
0.1,500.0,0.04066152600737297,1247151935.7699327,568.6520840551236,3.443785975258011e-06,3.8757690093505683e-08,6,1.999538254785552,0.200002839335719,-9.80097415728014e-07
0.1,500.0,0.044647373799624364,1247151933.7175763,567.9175781086615,3.526992312872599e-06,3.895372290272854e-08,6,1.9995384091373647,0.2000028407275368,-9.809906423881905e-07
0.1,500.0,0.049023934488881024,1247151931.649394,566.9677905185704,3.5543273997661946e-06,3.921364405309821e-08,6,1.9995385607385556,0.20000284270826665,-9.821891543726828e-07
0.1,500.0,0.05382950772325868,1247151929.3819983,565.7796278180548,3.511820445458746e-06,3.953493146436778e-08,6,1.999538721037751,0.2000028453006302,-9.83715827101688e-07
0.1,500.0,0.059106147475486,1247151926.166798,564.3965137086725,3.3892837097456363e-06,3.9911741617358654e-08,6,1.9995389391465168,0.20000284822864878,-9.854751712321982e-07
0.1,500.0,0.06490003006073211,1247151922.6514647,562.6530086529265,3.1710642862380157e-06,4.039183367895432e-08,6,1.9995391653124384,0.20000285210100668,-9.877330599946365e-07
0.1,500.0,0.07126185822939729,1247151917.8901927,560.5815759887131,2.8562344077364653e-06,4.0979445211393753e-08,6,1.999539453069895,0.20000285667796375,-9.904159806207983e-07
0.1,500.0,0.07824730487111635,1247151912.1790993,558.0178548688469,2.4473523403564437e-06,4.171459512100582e-08,6,1.999539771919845,0.2000028624984617,-9.937704881912844e-07
0.1,500.0,0.08591750021286539,1247151903.7444644,555.0369960027454,1.969528299739148e-06,4.258001272701677e-08,6,1.9995402024646962,0.20000286920327728,-9.976843742990544e-07
0.1,500.0,0.09433956677468387,1247151889.976475,551.7781330937047,1.4625764849679567e-06,4.353921117136019e-08,6,1.9995408419702778,0.20000287636069214,-1.002021217386834e-06
0.1,500.0,0.10358720676445314,1247151878.5360658,546.9614741444476,9.576242687586456e-07,4.504916550470867e-08,6,1.9995413019477453,0.20000288795832952,-1.008464874343213e-06
0.1,500.0,0.11374134705207334,1247151861.1557446,541.1861914976564,5.324971088252643e-07,4.692642650974992e-08,6,1.9995418957642304,0.20000290197858453,-1.016257390288561e-06
0.1,500.0,0.12489084736726071,1247151835.822836,534.0402217312794,2.3184330986616208e-07,4.9371510559215006e-08,6,1.9995426078892498,0.2000029195627481,-1.025958713964757e-06
0.1,500.0,0.1371332779184638,1247151814.2810705,523.0180199616842,9.961239332451454e-08,5.3528668933983006e-08,6,1.9995430685310607,0.20000294560801526,-1.0397445385451938e-06
0.1,500.0,0.15057577323790639,1247049084.6584105,592.5097002256796,0.0004655351807647713,3.004635725519449e-08,6,1.9996786251999903,0.20000183582388012,-5.915386452204409e-07
0.1,500.0,0.1653359697248269,1247049049.8730412,587.0812819385452,0.0003244772627651838,3.0984510017548655e-08,6,1.9996841028137846,0.20000181218131385,-5.855949237730119e-07
0.1,500.0,0.18154303509143294,1247049016.874309,578.8243184417549,0.00018799050861006926,3.263492077878674e-08,6,1.9996882342070867,0.20000180360861566,-5.85545582005948e-07
0.1,500.0,0.19933879872033844,1247048981.6893556,567.4296290045729,8.22864929050689e-05,3.517921813024482e-08,6,1.9996913445791327,0.2000018089440889,-5.910325851919515e-07
0.1,500.0,0.21887899282533668,1247048933.7999978,553.3932248777567,2.286177495948089e-05,3.864301452678858e-08,6,1.9996941887847468,0.20000182391635754,-6.006239106188958e-07
0.1,500.0,0.24033461527700972,1247048882.7680035,532.4854125364312,2.530426660158399e-06,4.4795718491695025e-08,6,1.999695896579512,0.20000185984884827,-6.188616884421063e-07
0.1,500.0,0.26389342601937477,1246942135.2892394,569.4631667227487,0.0006758371053610278,3.146536561203771e-08,6,1.999780738733142,0.2000011811417107,-3.6751557162507916e-07
0.1,500.0,0.2897615901728365,1246942055.9218345,549.4545663050686,0.00013310138039496303,3.576053484013127e-08,6,1.9997853438969178,0.2000011839784417,-3.723843760465559e-07
0.1,500.0,0.318165482202374,1246830762.9918315,556.2597499267932,0.002134868799302206,3.1808186929403165e-08,6,1.9998360572967702,0.20000079610160096,-2.4011514271414805e-07
0.1,500.0,0.34935366693939,1246830618.5081413,534.4938453016002,0.0003065889393842233,3.5988891553675534e-08,6,1.9998417113224214,0.20000078672751564,-2.4027729522153836e-07
0.1,500.0,0.3835990747933107,1246712900.501553,533.3446872634221,0.002390791739270295,3.329984620185235e-08,6,1.999876835703458,0.20000051628913737,-1.5455130342618379e-07
0.1,500.0,0.4212013901883932,1246712766.3396447,489.50827625303083,4.833741710312571e-05,4.524737167988693e-08,6,1.9998788325341466,0.2000005390725455,-1.6442409340123984e-07
0.1,500.0,0.4624896741271517,1246588893.7724862,476.15251238227586,0.00026177871191016266,4.511958685828689e-08,6,1.9999021188724775,0.20000035401638852,-1.0985679188075171e-07
0.1,500.0,0.5078252438306721,1246459985.168042,451.4575327926826,0.0005938760751293966,4.899464284690994e-08,6,1.999917616393309,0.20000023148618998,-7.827897507383055e-08
0.1,500.0,0.5576048346557921,1246328102.3264472,417.99579207231005,0.0007419004177174436,5.6615417238588804e-08,6,1.9999279240177723,0.20000014940551217,-6.317280658865496e-08
0.1,500.0,0.6122640719593427,1246069228.8191948,438.680763176435,0.144138047621518,4.6655108750588914e-08,6,1.9999386772668155,0.20000004721500916,-5.4034403474395683e-08
0.1,500.0,0.6722812832920282,1246069067.7243142,342.25576293268546,0.004922343643168155,7.360825680942821e-08,6,1.999938719133379,0.20000006119553845,-7.068312311800688e-08
0.1,500.0,0.7381816842827723,1245853777.3585577,296.89413947126747,0.0001841089518787964,7.960745341257051e-08,5,1.9999420701707213,0.20000002890982171,-6.655101466292185e-08
0.1,500.0,0.810541974844553,1104644862.4938731,155.89625214578794,9.914310138956199e-08,4.663572701408383e-07,3,2.0,0.2,0.0
0.1,500.0,0.8899953859235032,1100946995.5046453,90.38673906362885,9.149887354721961e-08,1.0424424487658931e-06,3,2.0,0.2,0.0
0.1,500.0,0.9772372209558107,1064298545.750706,89.71344462114907,0.7791708309061495,2.138565248605895e-06,3,2.0,0.2,0.0
0.1,550.0,0.01,1247348630.4453034,540.7459856874096,9.932178648174283e-08,6.040569998825672e-08,6,1.9986746060420773,0.20000846208628398,-3.4956427447299273e-06
0.1,550.0,0.010980250419408422,1247348630.1822133,540.5486664332595,9.914993895837472e-08,6.049206381377262e-08,6,1.9986746140533347,0.20000846276529835,-3.496064440135053e-06
0.1,550.0,0.012056589927291887,1247348629.8935976,540.3082799202052,9.86191269550203e-08,6.059182121947561e-08,6,1.9986746227777155,0.20000846359338353,-3.4965777400827338e-06
0.1,550.0,0.013238437660578209,1247348629.4636042,540.0210828240167,9.953125139710395e-08,6.071855930165382e-08,6,1.9986746356683545,0.2000084645718467,-3.4971865204494073e-06
0.1,550.0,0.01453613606748761,1247348628.8774834,539.676274971972,9.816659734753123e-08,6.085702068470692e-08,6,1.9986746530646538,0.20000846573692804,-3.4979131814980412e-06
0.1,550.0,0.01596104141516088,1247348628.2550519,539.2523896261499,9.81750971183111e-08,6.104913525148258e-08,6,1.9986746713332655,0.2000084671691615,-3.4988035625706646e-06
0.1,550.0,0.017525623169301542,1247348627.5708067,538.7321491223956,9.950618628525293e-08,6.127485429333806e-08,6,1.9986746910647775,0.2000084689213614,-3.499890335139587e-06
0.1,550.0,0.01924357311551172,1247348626.8680885,538.0903398953004,9.831085390407834e-08,6.155462369786533e-08,6,1.998674710951605,0.20000847107616826,-3.5012226706871753e-06
0.1,550.0,0.02112992517725142,1247348625.9438095,537.3085545292125,9.829110253899351e-08,6.190131862678274e-08,6,1.9986747365248378,0.20000847366991772,-3.502827511311562e-06
0.1,550.0,0.023201186978958357,1247348624.9725854,536.3409049976411,9.937075451205498e-08,6.232508532050303e-08,6,1.9986747626242483,0.20000847685531115,-3.5047931976401478e-06
0.1,550.0,0.02547548430564807,1247348623.6477845,535.1547653543917,9.939267111885002e-08,6.285461805087523e-08,6,1.9986747971090753,0.200008480691303,-3.507162301068679e-06
0.1,550.0,0.0279727197231725,1247348622.0893888,533.680035177072,9.814610422743027e-08,6.352208633223847e-08,6,1.9986748358520525,0.20000848537650484,-3.510051728745407e-06
0.1,550.0,0.030714746747235906,1247348620.4528985,531.8241752942023,9.953166332276897e-08,6.436832028640282e-08,6,1.9986748744134293,0.20000849115243788,-3.513604055656028e-06
0.1,550.0,0.03372556108533605,1247348618.498121,529.4807009477729,9.912195456977639e-08,6.545520026602988e-08,6,1.9986749175381522,0.2000084982288065,-3.5179500313271226e-06
0.1,550.0,0.03703151062520455,1247348616.0367,526.4885966290209,9.866026923917843e-08,6.687574659133345e-08,6,1.998674967500451,0.2000085069071281,-3.523273355701821e-06
0.1,550.0,0.04066152600737297,1247348613.3402703,522.5793003689646,9.775040189469861e-08,6.877965019832067e-08,6,1.9986750164964686,0.200008517678688,-3.529863175382895e-06
0.1,550.0,0.044647373799624364,1247348609.9989946,517.3537184366155,9.810462779313443e-08,7.14225226571545e-08,6,1.9986750691839221,0.2000085310626945,-3.5380337371004193e-06
0.1,550.0,0.049023934488881024,1247348605.6949468,510.0695972531428,9.92746511297684e-08,7.529117852627812e-08,6,1.9986751251417436,0.20000854785248368,-3.548255718449335e-06
0.1,550.0,0.05382950772325868,1247347616.9833672,501.98800639314595,9.817859867790669e-08,7.98344993309775e-08,6,1.9986823385003454,0.20000849941587107,-3.5241181337295117e-06
0.1,550.0,0.059106147475486,1247346409.8481145,503.80590193906244,9.876851649349424e-08,7.868060605469314e-08,6,1.9986938356876622,0.2000084130186242,-3.4802829003877367e-06
0.1,550.0,0.06490003006073211,1247345313.090363,504.53958580669985,9.756837193007419e-08,7.814741706033867e-08,6,1.9987046395064458,0.20000833763809306,-3.442677189239842e-06
0.1,550.0,0.07126185822939729,1247344166.7505012,504.9616825180856,9.851994996889261e-08,7.777416661993456e-08,6,1.998716122218281,0.20000826080285228,-3.404747537148022e-06
0.1,550.0,0.07824730487111635,1247342922.8861036,505.1875490474355,9.772466377797168e-08,7.74882005070594e-08,6,1.9987287003927998,0.200008179385226,-3.364911032646499e-06
0.1,550.0,0.08591750021286539,1247341546.2353191,505.25952724972683,9.859776778611441e-08,7.725914241355843e-08,6,1.9987426815412173,0.2000080914512968,-3.3222311922621124e-06
0.1,550.0,0.09433956677468387,1247340007.034593,505.1758233476331,9.973791693687427e-08,7.708057889442414e-08,6,1.998758308210724,0.20000799582310827,-3.2761823074896676e-06
0.1,550.0,0.10358720676445314,1247338273.9527562,504.9359726336181,9.820321433688804e-08,7.694480412319575e-08,6,1.9987758135632592,0.20000789157045434,-3.2263808396326804e-06
0.1,550.0,0.11374134705207334,1247336315.3471427,504.5184796712523,9.839072459300176e-08,7.685396182251636e-08,6,1.998795401890179,0.20000777823564106,-3.172703922977719e-06
0.1,550.0,0.12489084736726071,1247334098.2766175,503.92758952176865,9.923269417089444e-08,7.679363262763075e-08,6,1.998817241760938,0.20000765592746328,-3.115336359425092e-06
0.1,550.0,0.1371332779184638,1247331587.3827646,503.0698485495444,9.971366001943778e-08,7.680226814023458e-08,6,1.998841440140594,0.20000752567925684,-3.0549538379515616e-06
0.1,550.0,0.15057577323790639,1247328742.6143265,501.9558396333089,9.761048182700824e-08,7.68567400932773e-08,6,1.998868064666017,0.20000738941332694,-2.9927119885443936e-06
0.1,550.0,0.1653359697248269,1247251853.159297,628.2736841939225,0.00017746743964266852,2.9513563987674862e-08,6,1.9992303474228028,0.20000460724511587,-1.7091595380430331e-06
0.1,550.0,0.18154303509143294,1247251824.4201682,615.7459150339866,8.710636070505972e-05,3.193021652512647e-08,6,1.9992449797169927,0.20000456584410892,-1.7010259627206398e-06
0.1,550.0,0.19933879872033844,1247251789.702738,598.8855045097737,2.8991881575219286e-05,3.560692194483177e-08,6,1.9992555168790385,0.20000457105332087,-1.7137763492507703e-06
0.1,550.0,0.21887899282533668,1247251748.9328032,574.0072793785815,4.563471637448533e-06,4.2078445865199614e-08,6,1.9992614523443397,0.20000463591745068,-1.7538772245599561e-06
0.1,550.0,0.24033461527700972,1247251637.4709165,537.1070381100261,1.1614128540909395e-07,5.441629770072176e-08,6,1.9992667991778317,0.2000047436327977,-1.81569533183927e-06
0.1,550.0,0.26389342601937477,1247242950.5099769,476.44635285692686,9.964584962569242e-08,8.459968568491705e-08,6,1.999303406870366,0.2000046088551115,-1.7620569158151093e-06
0.1,550.0,0.2897615901728365,1247151985.6473832,587.1825649564502,8.065521060045155e-05,3.427360436843707e-08,6,1.9995329592576239,0.20000283581472456,-1.000540229538098e-06
0.1,550.0,0.318165482202374,1247151872.5773604,545.1323290712093,1.6044575625452913e-06,4.562738304527147e-08,6,1.9995415179762175,0.20000290910782997,-1.0412055082405986e-06
0.1,550.0,0.34935366693939,1247049009.9804318,576.188612694572,0.00021497457329083559,3.3229514839211046e-08,6,1.999688943280561,0.2000018149776978,-6.076698138431541e-07
0.1,550.0,0.3835990747933107,1246942192.5312965,576.4739312335442,0.0014214676591815876,3.039455757133444e-08,6,1.9997756253812822,0.20000120832900964,-3.8643761480938004e-07
0.1,550.0,0.4212013901883932,1246941998.1524198,530.5325621502817,2.008045606942728e-05,4.077954541196443e-08,6,1.999787027626311,0.2000012084267446,-3.9161781112297294e-07
0.1,550.0,0.4624896741271517,1246830557.7556388,513.5695912868713,3.538898118653933e-05,4.170432981625276e-08,6,1.9998428822390644,0.20000080564470313,-2.5342905169061165e-07
0.1,550.0,0.5078252438306721,1246589082.2024784,508.8484015643674,0.005111426142655824,3.6875849526987895e-08,6,1.9999004954586983,0.20000034274754724,-1.0746651845238974e-07
0.1,550.0,0.5576048346557921,1246460057.372031,473.1399149968087,0.003339987750793041,4.17607796192338e-08,6,1.9999174014914192,0.20000022350087263,-7.672873529758486e-08
0.1,550.0,0.6122640719593427,1246196420.13916,448.4191182215785,0.06378426703527657,4.6173198144332915e-08,6,1.9999344080799921,0.20000007914097773,-4.821611528876931e-08
0.1,550.0,0.6722812832920282,1246069186.0703151,409.3619316922333,0.0890545539436733,5.005376661223847e-08,6,1.9999386908637233,0.20000005124351414,-6.356606245335823e-08
0.1,550.0,0.7381816842827723,1246049531.1394463,247.5091042994903,1.615940208536172e-06,2.189989752199354e-07,6,1.9999392906809461,0.2000000620629845,-6.709785309542335e-08
0.1,550.0,0.810541974844553,1245764518.0881577,181.06807014922856,9.722391967529937e-08,3.709047739561863e-07,5,1.9999432018571712,0.2000000468993163,-1.202352668179186e-07
0.1,550.0,0.8899953859235032,1101802499.2418318,100.22443055752818,9.423892817271508e-08,8.957747078911144e-07,3,2.0,0.2,0.0
0.1,550.0,0.9772372209558107,1065067979.3670292,177.82672337709826,0.8839661155999282,1.3447186308085694e-06,3,2.0,0.2,0.0
0.1,600.0,0.01,1247443064.9187577,641.3686960368416,1.8211975194306587e-06,3.694541351861202e-08,6,1.996833835107278,0.20001872325605866,-8.587861244966365e-06
0.1,600.0,0.010980250419408422,1247443064.7916133,641.2635300805734,1.988063863688203e-06,3.6968927014854375e-08,6,1.9968339659172671,0.2000187238320685,-8.588435950775179e-06
0.1,600.0,0.012056589927291887,1247443064.6064954,641.140439934195,2.167687570980468e-06,3.699947568807081e-08,6,1.996834155790527,0.20001872428287548,-8.588998167376978e-06
0.1,600.0,0.013238437660578209,1247443064.4175348,640.9876224563893,2.359976311127688e-06,3.704068371843266e-08,6,1.996834348570443,0.2000187251013265,-8.589823431857907e-06
0.1,600.0,0.01453613606748761,1247443064.3063068,640.7890757381207,2.564329423611655e-06,3.7083687092765784e-08,6,1.9968344605865769,0.20001872700356774,-8.591308702886846e-06
0.1,600.0,0.01596104141516088,1247443064.119899,640.5554706104791,2.780497306601179e-06,3.713201567964903e-08,6,1.9968346476803738,0.20001872890389635,-8.59288892149376e-06
0.1,600.0,0.017525623169301542,1247443063.579856,640.3110697304296,3.0083203811600987e-06,3.7189070729986585e-08,6,1.9968351865734253,0.20001872881643257,-8.59351945812451e-06
0.1,600.0,0.01924357311551172,1247443063.2893877,639.9720769741681,3.2430050629498323e-06,3.7258390350058706e-08,6,1.9968354719160037,0.20001873148330776,-8.595765172135885e-06
0.1,600.0,0.02112992517725142,1247443062.8404167,639.5734984218968,3.4829051830843323e-06,3.735644412939659e-08,6,1.9968359085138006,0.2000187340001706,-8.598098109228312e-06
0.1,600.0,0.023201186978958357,1247443062.3484263,639.084759130233,3.7226815104022394e-06,3.7471753693787684e-08,6,1.9968363774631264,0.20001873747957868,-8.601149001004639e-06
0.1,600.0,0.02547548430564807,1247443061.9097152,638.4736674483426,3.955145155467542e-06,3.761006524295295e-08,6,1.996836787215073,0.2000187428729257,-8.60547041099784e-06
0.1,600.0,0.0279727197231725,1247443061.032123,637.7733339538617,4.174386069945943e-06,3.777431479272582e-08,6,1.996837590325544,0.20001874703712372,-8.609425031931664e-06
0.1,600.0,0.030714746747235906,1247443060.0835588,636.9083334111439,4.3670861816458565e-06,3.798318437972507e-08,6,1.9968384308791185,0.20001875305697717,-8.614728563439922e-06
0.1,600.0,0.03372556108533605,1247443058.9435325,635.8540069085631,4.51989759215186e-06,3.823441359126262e-08,6,1.9968394049115084,0.200018760654279,-8.621304395493274e-06
0.1,600.0,0.03703151062520455,1247443057.312461,634.5958379632914,4.617834131687526e-06,3.8530181535768254e-08,6,1.9968407399324737,0.2000187686394577,-8.62859941924725e-06
0.1,600.0,0.04066152600737297,1247443055.6603713,633.0176734673688,4.63821881075104e-06,3.891442955543972e-08,6,1.9968420248081655,0.20001878084415814,-8.638782225982825e-06
0.1,600.0,0.044647373799624364,1247443053.286481,631.119658870399,4.564384305351103e-06,3.937826467704206e-08,6,1.9968437562245347,0.20001879429039598,-8.650374561470929e-06
0.1,600.0,0.049023934488881024,1247443050.014256,628.8179158995932,4.376313930027051e-06,3.9957885046666975e-08,6,1.9968459650052952,0.20001880975901376,-8.663947836066072e-06
0.1,600.0,0.05382950772325868,1247443046.9925263,625.8482406255388,4.049364001382159e-06,4.070791305811331e-08,6,1.9968478069773912,0.2000188350893576,-8.683934338550327e-06
0.1,600.0,0.059106147475486,1247443043.012014,622.1542647269703,3.582575079621352e-06,4.167256649527781e-08,6,1.9968499578565186,0.20001886671293906,-8.708635856197213e-06
0.1,600.0,0.06490003006073211,1247443037.6958437,617.5060626424146,2.9847292240764503e-06,4.291569779305034e-08,6,1.9968524151509357,0.20001890676958967,-8.73949922305005e-06
0.1,600.0,0.07126185822939729,1247443030.4252644,611.5726372546151,2.2886888861213734e-06,4.456791920636336e-08,6,1.9968552251270835,0.20001895768860856,-8.778209396610489e-06
0.1,600.0,0.07824730487111635,1247443020.0632324,603.8052986095706,1.5568067026965718e-06,4.684650804635422e-08,6,1.9968583114530887,0.20001902389432563,-8.82764262093829e-06
0.1,600.0,0.08591750021286539,1247443003.5995185,593.3096730493959,8.813035038812584e-07,5.0137061641256825e-08,6,1.9968618750905487,0.20001910928411412,-8.890555763570384e-06
0.1,600.0,0.09433956677468387,1247442957.9019005,579.1200687523486,3.717629364719996e-07,5.500120680304861e-08,6,1.996868038400997,0.20001920469656156,-8.962519637915916e-06
0.1,600.0,0.10358720676445314,1247442908.751558,552.7786969098564,9.94902572180994e-08,6.556591939222961e-08,6,1.9968721313462667,0.2000193659520824,-9.076371976194078e-06
0.1,600.0,0.11374134705207334,1247439702.953376,545.0250751891042,1.4815231511509734e-07,6.886698562796945e-08,6,1.9969740050048916,0.2000187022273007,-8.710695015138252e-06
0.1,600.0,0.12489084736726071,1247436779.0576742,545.6557980465819,2.503915025591917e-07,6.822162704056217e-08,6,1.9970788038695964,0.20001803945989263,-8.35006389977651e-06
0.1,600.0,0.1371332779184638,1247433768.8399677,545.4164372592635,3.581116182487452e-07,6.791421997850494e-08,6,1.9971871459814563,0.2000173780652988,-7.994573806518368e-06
0.1,600.0,0.15057577323790639,1247430523.3961747,544.6763377952674,4.632313429275081e-07,6.775403022674547e-08,6,1.9973020390851446,0.20001669427178959,-7.630587372839745e-06
0.1,600.0,0.1653359697248269,1247426968.6070073,543.5193655842537,5.468457518352014e-07,6.768342297788853e-08,6,1.9974239728971006,0.2000159859481244,-7.25703880296248e-06
0.1,600.0,0.18154303509143294,1247423063.9724638,541.8846234463986,5.73010596027313e-07,6.770645684553731e-08,6,1.9975519763744813,0.20001526375571313,-6.880122204517895e-06
0.1,600.0,0.19933879872033844,1247418780.5347853,539.7768667410502,5.052820436419679e-07,6.779499879613231e-08,6,1.9976841363505935,0.20001454745450953,-6.511027833067211e-06
0.1,600.0,0.21887899282533668,1247414123.916306,537.1065012418431,3.2708938065307185e-07,6.79565856283233e-08,6,1.9978172357993838,0.2000138725951752,-6.169772091926194e-06
0.1,600.0,0.24033461527700972,1247348849.84398,651.7876713723332,0.00018935100562375999,2.9022257987677937e-08,6,1.998610315264947,0.20000827417093262,-3.3935705613983366e-06
0.1,600.0,0.26389342601937477,1247348794.0900211,613.549465198037,1.9843755628335168e-05,3.690581370940347e-08,6,1.9986577205245206,0.2000082260938489,-3.40822076902993e-06
0.1,600.0,0.2897615901728365,1247348621.4489887,532.8997748381342,9.771037410441263e-08,6.388509945507992e-08,6,1.9986748511949703,0.20000854104759896,-3.6036058835029787e-06
0.1,600.0,0.318165482202374,1247330965.0557182,502.8507596175649,9.993060286508319e-08,7.680925889585507e-08,6,1.9988473397296687,0.20000753243479052,-3.1071310397333157e-06
0.1,600.0,0.34935366693939,1247251776.6093907,591.5231076330687,2.169536091446289e-05,3.738930573706232e-08,6,1.9992580211831106,0.2000046098218365,-1.7686915300149066e-06
0.1,600.0,0.3835990747933107,1247242907.400021,476.442008334323,9.909265119561281e-08,8.459693019341578e-08,6,1.9993035948712967,0.20000462234907906,-1.7902350587904958e-06
0.1,600.0,0.4212013901883932,1247151860.0028744,540.8641355466809,1.0187721653431278e-06,4.7035595641806286e-08,6,1.9995419313280673,0.2000029266542366,-1.0631473664310063e-06
0.1,600.0,0.4624896741271517,1247048887.842569,534.6284978380103,3.7494653429512554e-06,4.4116735146729905e-08,6,1.9996957734901915,0.20000186645585757,-6.415089153281702e-07
0.1,600.0,0.5078252438306721,1246830691.5865476,549.4295385278123,0.0011387878686174514,3.281963003345356e-08,6,1.9998394120346965,0.2000007860562535,-2.4915339421899196e-07
0.1,600.0,0.5576048346557921,1246712779.714833,497.036271209931,9.914151275673977e-05,4.2705073374975256e-08,6,1.9998787387503871,0.20000053406007048,-1.6817797352054946e-07
0.1,600.0,0.6122640719593427,1246460017.254674,463.0635443033288,0.0014532824792389376,4.4791526710859824e-08,6,1.999917535679574,0.20000022662288602,-7.949616931979102e-08
0.1,600.0,0.6722812832920282,1246069147.568773,494.10464319000494,0.2563906660094848,4.5999658910080884e-08,6,1.9999387020439638,0.2000000406118383,-4.713912493569935e-08
0.1,600.0,0.7381816842827723,1246069061.0718808,338.4404433449779,0.003873156421016172,7.661888714311534e-08,6,1.9999387201067935,0.20000006178494786,-7.317883584910237e-08
0.1,600.0,0.810541974844553,1245838278.3642297,202.4255279174006,9.788094062988534e-08,3.0070846847779424e-07,5,1.9999423017595517,0.20000003628980148,-8.472942565496055e-08
0.1,600.0,0.8899953859235032,1102512962.520141,110.17630029768128,9.705229480333367e-08,7.789441633123757e-07,3,2.0,0.2,0.0
0.1,600.0,0.9772372209558107,1067068239.4130808,23.046684819575475,0.006960022939940439,6.732306071391745e-06,3,2.0,0.2,0.0
0.1,650.0,0.01,1247534113.8995163,667.6423072974337,1.6609952406617781e-06,3.828527198861591e-08,6,1.9869809998257604,0.2000740479389424,-3.914840274393209e-05
0.1,650.0,0.010980250419408422,1247534113.8002043,667.4607462467184,1.8086966224236426e-06,3.8322110644497496e-08,6,1.986981291830795,0.2000740540897239,-3.915375924039739e-05
0.1,650.0,0.012056589927291887,1247534113.370215,667.2717634628921,1.966907142314211e-06,3.836647963293511e-08,6,1.9869825502249145,0.2000740548725733,-3.915615898022703e-05
0.1,650.0,0.013238437660578209,1247534113.1992714,667.0091573695821,2.1336658565500884e-06,3.8423715681966044e-08,6,1.9869830444690644,0.2000740633179488,-3.9163642594627667e-05
0.1,650.0,0.01453613606748761,1247534112.7635891,666.7139442716792,2.309356536550034e-06,3.849150384418727e-08,6,1.9869842921159915,0.20007406873553293,-3.91697487911328e-05
0.1,650.0,0.01596104141516088,1247534112.5228405,666.3288336692844,2.491006071743532e-06,3.857839498536879e-08,6,1.9869849719873718,0.2000740813301734,-3.9180823100257095e-05
0.1,650.0,0.017525623169301542,1247534112.0024896,665.8845229871002,2.677606484076162e-06,3.868363670309669e-08,6,1.9869864190606363,0.2000740919399681,-3.9191373261946475e-05
0.1,650.0,0.01924357311551172,1247534111.473159,665.3361517865491,2.8647529125286014e-06,3.8806064469689044e-08,6,1.9869878580161549,0.20007410701508918,-3.920549216612478e-05
0.1,650.0,0.02112992517725142,1247534110.8229866,664.6712516038274,3.0479184395981172e-06,3.895959504729468e-08,6,1.9869895842128236,0.20007412531384536,-3.922259135963009e-05
0.1,650.0,0.023201186978958357,1247534110.0584893,663.860575612152,3.220513834032431e-06,3.9147899314203945e-08,6,1.9869915583365467,0.2000741482522198,-3.9243746277558715e-05
0.1,650.0,0.02547548430564807,1247534108.8166723,662.9028230737711,3.375565209304306e-06,3.9368600342087436e-08,6,1.9869946616282959,0.20007417070763944,-3.926606229172805e-05
0.1,650.0,0.0279727197231725,1247534107.0477273,661.7575511491731,3.502677338694945e-06,3.963894345703117e-08,6,1.9869989060177942,0.20007419423971262,-3.9290790982017845e-05
0.1,650.0,0.030714746747235906,1247534105.1816924,660.3277240781604,3.5867377302866395e-06,3.997654650673362e-08,6,1.987003158697526,0.20007422926004487,-3.9324693631288486e-05
0.1,650.0,0.03372556108533605,1247534103.3245194,658.5316304977437,3.6116653546490652e-06,4.0397130543894754e-08,6,1.9870071383042132,0.20007428040749367,-3.9371071158903205e-05
0.1,650.0,0.03703151062520455,1247534101.2337582,656.295826019852,3.561288333981898e-06,4.094132708201472e-08,6,1.9870112713534858,0.2000743477027152,-3.943047794286401e-05
0.1,650.0,0.04066152600737297,1247534097.989268,653.5750100703374,3.4221880879850507e-06,4.161045878252337e-08,6,1.9870171114494612,0.2000744234860301,-3.9498828261233355e-05
0.1,650.0,0.044647373799624364,1247534093.998161,650.1612025479683,3.1768245771382835e-06,4.246436093210363e-08,6,1.9870235225225827,0.20007452116842772,-3.958519689769806e-05
0.1,650.0,0.049023934488881024,1247534089.4635642,645.793798274113,2.814944112455121e-06,4.359015382496548e-08,6,1.987029810488812,0.2000746523885721,-3.969777922472617e-05
0.1,650.0,0.05382950772325868,1247534083.3826256,640.184551655231,2.3425503818864616e-06,4.508958535593546e-08,6,1.9870367085043814,0.20007482005275748,-3.983958534626075e-05
0.1,650.0,0.059106147475486,1247534073.1383896,632.9424473512954,1.7871163781890484e-06,4.710813760740839e-08,6,1.9870458738715309,0.20007502271850836,-4.001116508059302e-05
0.1,650.0,0.06490003006073211,1247534057.2680695,623.1138053935005,1.194346259369815e-06,5.002606274812564e-08,6,1.9870560559884423,0.20007528578370468,-4.023024803862074e-05
0.1,650.0,0.07126185822939729,1247533997.7231658,610.5821630711491,6.682915410381022e-07,5.40560603999957e-08,6,1.9870820063163512,0.20007551510946825,-4.043881345653429e-05
0.1,650.0,0.07824730487111635,1247533297.4666061,590.3936762018953,3.8950682131607136e-07,6.127402773974453e-08,6,1.9871690970316314,0.2000753607176251,-4.040614299935775e-05
0.1,650.0,0.08591750021286539,1247531501.7718976,593.2773756388675,6.84882530855809e-07,6.003602185863078e-08,6,1.9874914807131927,0.2000733590718032,-3.9183213477654154e-05
0.1,650.0,0.09433956677468387,1247529798.0688093,593.985043121827,9.598378423476938e-07,5.960530789266604e-08,6,1.987812461245167,0.2000714700850095,-3.80493812460356e-05
0.1,650.0,0.10358720676445314,1247527962.8857713,594.1752955847837,1.2648541073066984e-06,5.933522466143184e-08,6,1.9881628090673114,0.20006945266682677,-3.684884878153649e-05
0.1,650.0,0.11374134705207334,1247525929.6204078,593.9422873611529,1.597899331448321e-06,5.918090280027298e-08,6,1.9885499084937388,0.20006725822205054,-3.55517874182044e-05
0.1,650.0,0.12489084736726071,1247523640.5850372,593.4082236049067,1.9620765123454926e-06,5.9088629356352655e-08,6,1.98897889343541,0.20006485525751974,-3.41395663001888e-05
0.1,650.0,0.1371332779184638,1247521059.4782608,592.514269170581,2.3215471069564553e-06,5.9067161507356904e-08,6,1.9894504378462023,0.20006224698989006,-3.2615833093217776e-05
0.1,650.0,0.15057577323790639,1247518127.0668356,591.2862620289598,2.6537162622185006e-06,5.90958893524829e-08,6,1.9899651310757613,0.2000594347215776,-3.098260957342265e-05
0.1,650.0,0.1653359697248269,1247514810.2696342,589.510931401018,2.8599237046877996e-06,5.9234900585291834e-08,6,1.9905174862302695,0.20005646699099816,-2.9271609407464804e-05
0.1,650.0,0.18154303509143294,1247511044.862361,587.3965779016175,2.890784460117327e-06,5.9392012129141373e-08,6,1.9911018772954105,0.20005339228024235,-2.751375947028466e-05
0.1,650.0,0.19933879872033844,1247506820.5953972,584.7020536312558,2.568646514582958e-06,5.963087925381523e-08,6,1.9917039452635066,0.2000503368008849,-2.5788631374928133e-05
0.1,650.0,0.21887899282533668,1247502101.9502292,581.1685855749646,1.7982055221738507e-06,6.001881966981396e-08,6,1.9923071369178664,0.20004746906408147,-2.4202019071943453e-05
0.1,650.0,0.24033461527700972,1247443137.3847094,716.9055536907963,0.0009483270660066785,2.411180175172764e-08,6,1.9963996741147323,0.20002057214293634,-9.533955706939736e-06
0.1,650.0,0.26389342601937477,1247443097.560932,672.8273066811886,0.00016525116721568633,3.0606680782412554e-08,6,1.9967692714696428,0.20001885681421872,-8.782363633519133e-06
0.1,650.0,0.2897615901728365,1247442988.4050906,586.5272506862387,1.2709989888173433e-06,5.2449454415318956e-08,6,1.9968643010534932,0.20001929429848092,-9.161048842718643e-06
0.1,650.0,0.318165482202374,1247427494.3435333,543.7043577269951,7.427211089886403e-07,6.771643318323535e-08,6,1.9974062375636583,0.20001617831488647,-7.469280488487185e-06
0.1,650.0,0.34935366693939,1247413528.8996098,536.7267447140952,3.4894788818252546e-07,6.799439014140822e-08,6,1.9978334078302353,0.20001385330935145,-6.234185323225631e-06
0.1,650.0,0.3835990747933107,1247348750.6339192,585.7497776214594,2.929769202918831e-06,4.430469313423869e-08,6,1.9986673532019716,0.200008369918372,-3.5415677860710092e-06
0.1,650.0,0.4212013901883932,1247251847.5307846,626.3234691721237,0.0002421262115874528,2.9904159104960057e-08,6,1.9992337176428916,0.20000463736192792,-1.7935817306460465e-06
0.1,650.0,0.4624896741271517,1247152068.8290372,609.5587604706499,0.00047658089475713714,2.984188103647614e-08,6,1.9995128595499698,0.2000029188973817,-1.0609526488928416e-06
0.1,650.0,0.5078252438306721,1247049004.0089166,574.2234528354307,0.00018940792938655502,3.3669692626424795e-08,6,1.9996895108329897,0.2000018221977806,-6.283561480166993e-07
0.1,650.0,0.5576048346557921,1246830721.0455225,555.4805753495372,0.0017415135938582535,3.166995187387644e-08,6,1.9998381270786145,0.20000078774349303,-2.5286651207077396e-07
0.1,650.0,0.6122640719593427,1246589031.2919383,508.61309344266516,0.0038769756726490193,3.631881144904504e-08,6,1.9999010369956651,0.2000003399061003,-1.1033579813671824e-07
0.1,650.0,0.6722812832920282,1246196382.540564,478.506984950041,0.1264240960896225,4.4837472268856044e-08,6,1.9999344430130122,0.20000007130739672,-4.4352264732566414e-08
0.1,650.0,0.7381816842827723,1246069164.087662,395.51884705411317,0.0639373655206946,5.2446581243662793e-08,6,1.9999386974188433,0.20000005347606806,-7.04028261651175e-08
0.1,650.0,0.810541974844553,1245853714.16543,282.5047062050046,2.0119191007310234e-05,9.524414048591303e-08,5,1.9999420738230003,0.2000000302954148,-6.959272951014897e-08
0.1,650.0,0.8899953859235032,1103113163.5001943,120.21177121221584,9.862188365636613e-08,6.848730382554887e-07,3,2.0,0.2,0.0
0.1,650.0,0.9772372209558107,1067337618.7034558,180.94234002640556,0.8717479258538807,1.1726721757673667e-06,3,2.0,0.2,0.0
0.2,200.0,0.01,1245853789.6703477,331.5806883177441,1.8458284783824914e-07,8.016532756201427e-08,5,1.9999420693602672,0.4000001071692105,-9.06521598446495e-08
0.2,200.0,0.010980250419408422,1245853789.6251695,331.5739040517443,2.0225560276068481e-07,8.016799985989703e-08,5,1.9999420693632908,0.40000010717314044,-9.065398658459313e-08
0.2,200.0,0.012056589927291887,1245853789.570707,331.5657250716303,2.2152552931313093e-07,8.017122099491565e-08,5,1.9999420693669356,0.40000010717788037,-9.06561891852938e-08
0.2,200.0,0.013238437660578209,1245853789.505053,331.5558648777232,2.4250607862012037e-07,8.017510345048738e-08,5,1.9999420693713295,0.400000107183595,-9.06588450251572e-08
0.2,200.0,0.01453613606748761,1245853789.4259086,331.543978213748,2.653082590301118e-07,8.017978265948822e-08,5,1.999942069376626,0.4000001071904855,-9.066204743209741e-08
0.2,200.0,0.01596104141516088,1245853789.3305035,331.52964903416574,2.9003623804372705e-07,8.018542165333513e-08,5,1.9999420693830112,0.40000010719879514,-9.066590898009232e-08
0.2,200.0,0.017525623169301542,1245853789.2154996,331.5123760658874,3.1678130334688627e-07,8.019221661002477e-08,5,1.9999420693907077,0.40000010720881457,-9.06705654710243e-08
0.2,200.0,0.01924357311551172,1245853789.076875,331.4915554442185,3.4561370920289096e-07,8.020040349090363e-08,5,1.999942069399985,0.40000010722089824,-9.067618074622957e-08
0.2,200.0,0.02112992517725142,1245853788.9097838,331.4664598357703,3.765718316493893e-07,8.021026596913122e-08,5,1.9999420694111674,0.40000010723546964,-9.06829525033578e-08
0.2,200.0,0.023201186978958357,1245853788.70839,331.43621332944275,4.096479492102568e-07,8.022214489446752e-08,5,1.9999420694246455,0.4000001072530424,-9.069111933251306e-08
0.2,200.0,0.02547548430564807,1245853788.4656641,331.39976145224335,4.4476987173344836e-07,8.0236449458125e-08,5,1.9999420694408898,0.4000001072742367,-9.070096923237326e-08
0.2,200.0,0.0279727197231725,1245853788.1731431,331.35583506247946,4.817775790055238e-07,8.025367050020274e-08,5,1.9999420694604666,0.40000010729980146,-9.071284992679011e-08
0.2,200.0,0.030714746747235906,1245853787.82064,331.30290723797185,5.203940607771459e-07,8.027439613394525e-08,5,1.9999420694840575,0.40000010733063945,-9.07271813735656e-08
0.2,200.0,0.03372556108533605,1245853787.3553393,331.232546114943,5.601472564356166e-07,8.030776117083544e-08,5,1.9999420695151562,0.4000001073676931,-9.074446484088911e-08
0.2,200.0,0.03703151062520455,1245853786.8617752,331.15319516357044,6.004697491298452e-07,8.034231538217746e-08,5,1.999942069547759,0.40000010741267233,-9.076533206564385e-08
0.2,200.0,0.04066152600737297,1245853786.2671592,331.0576204295854,6.404712340495908e-07,8.038387321202785e-08,5,1.999942069587037,0.40000010746695097,-9.079051354873104e-08
0.2,200.0,0.044647373799624364,1245853785.5509143,330.9425292346458,6.789884589150697e-07,8.043382768617971e-08,5,1.9999420696343488,0.4000001075324611,-9.082090691647945e-08
0.2,200.0,0.049023934488881024,1245853784.688325,330.80397197788307,7.145137785908432e-07,8.049383635589568e-08,5,1.999942069691328,0.4000001076115485,-9.085759913881818e-08
0.2,200.0,0.05382950772325868,1245853783.649732,330.6372162553938,7.451556497217803e-07,8.056586546701022e-08,5,1.999942069759933,0.4000001077070519,-9.090190764910646e-08
0.2,200.0,0.059106147475486,1245853782.3676596,330.43031591503495,7.685670031115018e-07,8.066044381361389e-08,5,1.9999420698445283,0.40000010782229833,-9.095542671014695e-08
0.2,200.0,0.06490003006073211,1245853780.9160018,330.18206709591027,7.821154793804865e-07,8.077651234284738e-08,5,1.9999420699391828,0.4000001079619651,-9.102012463586704e-08
0.2,200.0,0.07126185822939729,1245853779.1695046,329.8836396909605,7.829029894049356e-07,8.091555125930121e-08,5,1.9999420700530621,0.40000010813081416,-9.109834595034628e-08
0.2,200.0,0.07824730487111635,1245853777.063989,329.5160892960957,7.678892590055447e-07,8.109545768654936e-08,5,1.9999420701896844,0.40000010833507943,-9.119297727844286e-08
0.2,200.0,0.08591750021286539,1245853774.620137,329.07475521349915,7.345360006261083e-07,8.131395294475896e-08,5,1.99994207034701,0.4000001085827229,-9.130756596327497e-08
0.2,200.0,0.09433956677468387,1245853771.7115886,328.5324431655813,6.810361358093644e-07,8.15956885464939e-08,5,1.9999420705327664,0.4000001088829092,-9.144641610809527e-08
0.2,200.0,0.10358720676445314,1245853768.3006263,327.8740105696342,6.073543391306863e-07,8.194747919150292e-08,5,1.999942070748659,0.40000010924732127,-9.161484525110109e-08
0.2,200.0,0.11374134705207334,1245853764.328302,327.0709913438682,5.157857475189168e-07,8.239386667403648e-08,5,1.9999420709970392,0.4000001096903404,-9.181941654470642e-08
0.2,200.0,0.12489084736726071,1245853759.7066271,326.0920287592322,4.1169953867684214e-07,8.29607730413882e-08,5,1.9999420712819906,0.4000001102296778,-9.206826052178769e-08
0.2,200.0,0.1371332779184638,1245853754.341399,324.89288391931535,3.035415774490435e-07,8.36898636953472e-08,5,1.9999420716069012,0.4000001108874743,-9.237155181133747e-08
0.2,200.0,0.15057577323790639,1245853748.172035,323.4274475506807,2.0195002398895282e-07,8.46235241147924e-08,5,1.9999420719725791,0.40000011169162786,-9.274206952926075e-08
0.2,200.0,0.1653359697248269,1245853741.1028492,321.6361157755568,1.174064637458537e-07,8.582210212918856e-08,5,1.9999420723809105,0.4000001126771733,-9.319587700170358e-08
0.2,200.0,0.18154303509143294,1245853733.0439048,319.44032739981475,9.577106073490822e-08,8.737550255048595e-08,5,1.9999420728314554,0.4000001138888679,-9.375361351398886e-08
0.2,200.0,0.19933879872033844,1245853723.9050682,316.7503206231046,9.716362781456036e-08,8.93939912721186e-08,5,1.999942073322718,0.40000011538425945,-9.444185267243287e-08
0.2,200.0,0.21887899282533668,1245853713.5972722,313.4598181235172,9.863326005878582e-08,9.201962895558595e-08,5,1.9999420738515037,0.40000011723836415,-9.529552416551569e-08
0.2,200.0,0.24033461527700972,1245853702.0066295,309.42823569282245,9.804078058342545e-08,9.546933805492976e-08,5,1.9999420744129213,0.40000011955045844,-9.636125792345597e-08
0.2,200.0,0.26389342601937477,1245853688.9993608,304.4985798268905,9.912407213239106e-08,1.0002417012401348e-07,5,1.9999420750007275,0.40000012245380884,-9.770195096837981e-08
0.2,200.0,0.2897615901728365,1245853674.4066951,298.46602668144277,9.919460155992048e-08,1.0611512802015378e-07,5,1.999942075607614,0.4000001261323095,-9.940576963782356e-08
0.2,200.0,0.318165482202374,1245853657.980728,291.087224613049,9.811938850371004e-08,1.143773909868405e-07,5,1.999942076225707,0.40000013084560415,-1.015984670625184e-07
0.2,200.0,0.34935366693939,1245853639.3530152,282.0560222982599,9.819045813265747e-08,1.2582530573798068e-07,5,1.999942076847755,0.4000001369738069,-1.0446722921830096e-07
0.2,200.0,0.3835990747933107,1245853617.9738765,270.9903583890139,9.86238751951598e-08,1.4214039738640686e-07,5,1.999942077467244,0.40000014509784354,-1.0830300193726041e-07
0.2,200.0,0.4212013901883932,1245853592.8635175,257.3694479174387,9.903254228879573e-08,1.6646202526563034e-07,5,1.9999420780824295,0.4000001561588762,-1.1358661535580495e-07
0.2,200.0,0.4624896741271517,1245853562.0390217,240.34164614621497,9.964731134722262e-08,2.0578175910220483e-07,5,1.9999420787016777,0.40000017181323233,-1.2118187672327453e-07
0.2,200.0,0.5078252438306721,1245822046.4985015,214.1545361690748,9.948054093495668e-08,3.079350026152272e-07,5,1.9999425327647788,0.40000018453752356,-1.3098012050900802e-07
0.2,200.0,0.5576048346557921,1245748048.0335937,198.22291529332844,9.870837273060501e-08,3.4769314862248303e-07,5,1.999943390532503,0.40000020282098814,-1.475885428588299e-07
0.2,200.0,0.6122640719593427,1104705250.1477656,175.07380920625724,9.657594981617938e-08,4.195019329522809e-07,3,2.0,0.4,0.0
0.2,200.0,0.6722812832920282,1103941038.872984,152.46113391507043,9.530271868371138e-08,5.161971978145573e-07,3,2.0,0.4,0.0
0.2,200.0,0.7381816842827723,1102684426.7876208,125.32367856976701,9.83210325728294e-08,6.927551832813999e-07,3,2.0,0.4,0.0
0.2,200.0,0.810541974844553,1100052370.9051232,90.9719493190968,8.730901113519979e-08,1.1197380742408958e-06,3,2.0,0.4,0.0
0.2,200.0,0.8899953859235032,1092270203.6945033,49.8891644381555,6.965638930098602e-08,2.758375115903976e-06,3,2.0,0.4,0.0
0.2,200.0,0.9772372209558107,1038639211.6890913,384.8171506638285,0.9772800798506037,3.360925637188819e-05,2,2.0,0.4,0.0
0.2,250.0,0.01,1246069176.668581,412.9987010746273,0.00022845802950980022,5.668955783636257e-08,6,1.9999386937159962,0.4000002293577751,-8.619719436892814e-08
0.2,250.0,0.010980250419408422,1246069176.5793877,412.9958226634705,0.00025070962758878357,5.6688007968469364e-08,6,1.9999386937425991,0.4000002293624368,-8.619923216792004e-08
0.2,250.0,0.012056589927291887,1246069176.4757044,412.9918646883371,0.00027509417378962275,5.668638596116394e-08,6,1.9999386937735237,0.40000022936811397,-8.620169303029344e-08
0.2,250.0,0.013238437660578209,1246069176.3549445,412.9865570173129,0.00030180474456718305,5.668470098899659e-08,6,1.9999386938095416,0.4000002293750237,-8.620466419998318e-08
0.2,250.0,0.01453613606748761,1246069176.2140336,412.97956915102117,0.0003310480989415638,5.6682966383422534e-08,6,1.9999386938515695,0.4000002293834206,-8.620825081682196e-08
0.2,250.0,0.01596104141516088,1246069176.0493157,412.97049747613096,0.0003630443206430798,5.6681200583234165e-08,6,1.9999386939006984,0.4000002293936227,-8.621257955897206e-08
0.2,250.0,0.017525623169301542,1246069175.8564415,412.95884967434426,0.00039802588047105445,5.667942836291301e-08,6,1.999938693958225,0.40000022940600793,-8.62178030178512e-08
0.2,250.0,0.01924357311551172,1246069175.630235,412.94402613416503,0.00043623589340131624,5.667768216300263e-08,6,1.9999386940256936,0.4000002294210374,-8.622410494386067e-08
0.2,250.0,0.02112992517725142,1246069175.3645349,412.9252974984736,0.0004779252684584882,5.6676003651654304e-08,6,1.9999386941049413,0.40000022943925984,-8.623170653200954e-08
0.2,250.0,0.023201186978958357,1246069175.052009,412.9017774185415,0.0005233483534569232,5.667444560598725e-08,6,1.9999386941981552,0.40000022946135194,-8.624087394479323e-08
0.2,250.0,0.02547548430564807,1246069174.6839318,412.8723902724786,0.0005727565603656442,5.667307376088882e-08,6,1.999938694307938,0.4000002294881246,-8.625192729434113e-08
0.2,250.0,0.0279727197231725,1246069174.2499232,412.83583238598305,0.0006263893266144539,5.667196884083617e-08,6,1.9999386944373856,0.4000002295205594,-8.626525166031741e-08
0.2,250.0,0.030714746747235906,1246069173.7376468,412.79052605725605,0.0006844616411064182,5.667122852487164e-08,6,1.9999386945901771,0.40000022955984815,-8.628131109280655e-08
0.2,250.0,0.03372556108533605,1246069173.1324291,412.7345613137972,0.0007471461899859764,5.667096995841833e-08,6,1.9999386947706894,0.4000002296074218,-8.630065855519658e-08
0.2,250.0,0.03703151062520455,1246069172.387295,412.65838288433,0.0008145039145176171,5.667687299169248e-08,6,1.999938694991912,0.400000229664712,-8.63239454278212e-08
0.2,250.0,0.04066152600737297,1246069171.569336,412.5678503467886,0.0008865680077876075,5.668409499235638e-08,6,1.9999386952328118,0.40000022973503624,-8.635204369471827e-08
0.2,250.0,0.044647373799624364,1246069170.6010373,412.45712879384024,0.0009632114740796669,5.669341076257274e-08,6,1.9999386955179885,0.40000022982016237,-8.638585375151706e-08
0.2,250.0,0.049023934488881024,1246069169.4544222,412.321989569921,0.0010441101757253035,5.6705226162705874e-08,6,1.999938695855682,0.4000002299232177,-8.64265132572468e-08
0.2,250.0,0.05382950772325868,1246069168.0724146,412.14994584411176,0.0011286075709319463,5.672584761423828e-08,6,1.9999386962614154,0.40000023004776825,-8.647537721870227e-08
0.2,250.0,0.059106147475486,1246069166.5126774,411.93942165369174,0.001215750159792403,5.675473384510854e-08,6,1.9999386967149706,0.4000002301999001,-8.653416543543149e-08
0.2,250.0,0.06490003006073211,1246069164.6655428,411.68416630686335,0.0013041930038755953,5.678959207847278e-08,6,1.999938697252098,0.40000023038418686,-8.660470032177114e-08
0.2,250.0,0.07126185822939729,1246069162.5075407,411.357579478892,0.0013916767401759686,5.6847688408518915e-08,6,1.9999386978724816,0.40000023060831175,-8.668930037078394e-08
0.2,250.0,0.07824730487111635,1246069159.9908519,410.95839054915234,0.0014755781301923788,5.692233850549422e-08,6,1.9999386985924084,0.40000023088071424,-8.679060337474256e-08
0.2,250.0,0.08591750021286539,1246069157.085544,410.4648402993933,0.0015521048930916637,5.702431829280772e-08,6,1.9999386994155655,0.4000002312125848,-8.691180699031927e-08
0.2,250.0,0.09433956677468387,1246069153.7545393,409.8599638286014,0.0016165128995646275,5.715793054031634e-08,6,1.9999387003473146,0.40000023161736603,-8.705649923169905e-08
0.2,250.0,0.10358720676445314,1246069149.8820097,409.0993233597783,0.0016625353723801952,5.73475910142734e-08,6,1.9999387014143317,0.4000002321108473,-8.722882474749984e-08
0.2,250.0,0.11374134705207334,1246069145.4856389,408.16458054517557,0.0016831925598046079,5.759636195939652e-08,6,1.9999387026047744,0.40000023271437285,-8.743363080442951e-08
0.2,250.0,0.12489084736726071,1246069140.4546192,407.0051426548598,0.0016701762178824525,5.793009022087124e-08,6,1.9999387039402758,0.4000002334524363,-8.767611789919476e-08
0.2,250.0,0.1371332779184638,1246069134.7952862,405.5755871654604,0.0016150784664351234,5.837065612837743e-08,6,1.9999387054035966,0.40000023435782645,-8.796230991389006e-08
0.2,250.0,0.15057577323790639,1246069128.37108,403.79804441925484,0.0015100969380545952,5.896474047184272e-08,6,1.9999387070120072,0.40000023546938235,-8.829855714153272e-08
0.2,250.0,0.1653359697248269,1246069121.1914256,401.61139278934536,0.0013509210640317382,5.974424135767116e-08,6,1.9999387087427836,0.40000023683783714,-8.869173306551478e-08
0.2,250.0,0.18154303509143294,1246069113.1634145,398.909115704572,0.0011388524600010363,6.078075730749236e-08,6,1.9999387105896924,0.4000002385260627,-8.914904060494609e-08
0.2,250.0,0.19933879872033844,1246069104.239821,395.5731754175439,0.0008851547266453497,6.216083135859574e-08,6,1.9999387125267087,0.4000002406150209,-8.967842616826723e-08
0.2,250.0,0.21887899282533668,1246069094.350722,391.4655455312544,0.0006139379910156295,6.39966659121152e-08,6,1.9999387145283813,0.40000024320842803,-9.028939094504258e-08
0.2,250.0,0.24033461527700972,1246069083.4401934,386.41571980076225,0.0003612319424803162,6.644631295760588e-08,6,1.9999387165535738,0.4000002464421692,-9.099575971231841e-08
0.2,250.0,0.26389342601937477,1246069071.4123302,380.2079230513099,0.0001660284608206869,6.974141776474574e-08,6,1.999938718563822,0.4000002504934787,-9.182136866219854e-08
0.2,250.0,0.2897615901728365,1246069058.1493986,372.5726788882143,5.172221460079573e-05,7.422987233779458e-08,6,1.999938720512567,0.40000025559986063,-9.281242696051474e-08
0.2,250.0,0.318165482202374,1246069043.5273929,363.1782303423075,8.400047821172599e-06,8.043218222283565e-08,6,1.999938722351286,0.4000002620877332,-9.405898485254665e-08
0.2,250.0,0.34935366693939,1246069027.2920704,351.6025436191979,4.187876217853222e-07,8.91922675326413e-08,6,1.9999387240440538,0.40000027038908564,-9.572039285080389e-08
0.2,250.0,0.3835990747933107,1245958516.7578726,352.55189349533083,8.76460969087574e-05,7.355623103853983e-08,6,1.9999407650760321,0.4000001662875557,-9.002923283733985e-08
0.2,250.0,0.4212013901883932,1245853882.0985336,338.60853123497077,8.133636356337978e-05,8.09970749420867e-08,5,1.9999420626795221,0.4000001021463059,-8.827744592653537e-08
0.2,250.0,0.4624896741271517,1245853756.559518,325.3976605980627,1.1484449960218402e-06,8.337822845407647e-08,5,1.999942071473369,0.40000011061108237,-9.224422066094655e-08
0.2,250.0,0.5078252438306721,1245853686.040619,303.31840222881965,9.964040250293902e-08,1.011686564227104e-07,5,1.9999420751283483,0.4000001231629176,-9.802995884759923e-08
0.2,250.0,0.5576048346557921,1245853625.007591,274.70008384388603,9.94816940260368e-08,1.3636590166046206e-07,5,1.9999420772738812,0.4000001422928322,-1.0697438202658558e-07
0.2,250.0,0.6122640719593427,1245839874.645646,225.25047381143847,9.954894713837732e-08,2.868498613352644e-07,5,1.9999422777065115,0.4000001697205692,-1.2156608562611745e-07
0.2,250.0,0.6722812832920282,1245741448.0347676,196.9784890460683,9.865387524451639e-08,3.5103429422939336e-07,5,1.9999434644579093,0.40000020462004504,-1.4930464475715924e-07
0.2,250.0,0.7381816842827723,1104164111.300027,158.49842575283378,9.807964964010551e-08,4.869928698291938e-07,3,2.0,0.4,0.0
0.2,250.0,0.810541974844553,1102226577.0548818,117.6191859610639,9.704127089174057e-08,7.617980522731703e-07,3,2.0,0.4,0.0
0.2,250.0,0.8899953859235032,1096044044.0494902,64.02460912794844,5.7120395090417586e-08,1.8517067676238155e-06,3,2.0,0.4,0.0
0.2,250.0,0.9772372209558107,1052075250.2616553,439.13383257724627,0.9751169670584152,3.605678786665664e-06,3,2.0,0.4,0.0
0.2,300.0,0.01,1246328174.2221594,488.98325398760835,3.0475556747085407e-05,4.594847026017788e-08,6,1.99992783351506,0.4000006282590691,-1.1635315499874977e-07
0.2,300.0,0.010980250419408422,1246328174.171116,488.97382410571686,3.342356989073962e-05,4.595006858317833e-08,6,1.9999278335972412,0.4000006282706888,-1.1635663877178104e-07
0.2,300.0,0.012056589927291887,1246328174.1100395,488.9623926055591,3.66478393451943e-05,4.595200703496157e-08,6,1.9999278336955766,0.4000006282847326,-1.163608420773412e-07
0.2,300.0,0.013238437660578209,1246328174.0369167,488.9485421560233,4.017134986343645e-05,4.5954356372891985e-08,6,1.9999278338133064,0.40000062830169847,-1.1636591319782821e-07
0.2,300.0,0.01453613606748761,1246328173.9493275,488.93176938247774,4.401803040023403e-05,4.595720181638907e-08,6,1.9999278339543278,0.40000062832219757,-1.1637203093524375e-07
0.2,300.0,0.01596104141516088,1246328173.8443632,488.91146697505553,4.821243342676647e-05,4.596064600041819e-08,6,1.9999278341233233,0.4000006283469586,-1.1637941090316614e-07
0.2,300.0,0.017525623169301542,1246328173.7185264,488.8869028501258,5.277925587691925e-05,4.596481236720262e-08,6,1.9999278343259246,0.40000062837686406,-1.1638831308023447e-07
0.2,300.0,0.01924357311551172,1246328173.567614,488.85719440565487,5.774264812110943e-05,4.596984933769262e-08,6,1.999927834568898,0.4000006284129806,-1.1639905095433641e-07
0.2,300.0,0.02112992517725142,1246328173.386575,488.82127823232014,6.312524372733506e-05,4.597593513856303e-08,6,1.9999278348603764,0.400000628456596,-1.1641200250405455e-07
0.2,300.0,0.023201186978958357,1246328173.1443021,488.7714932364703,6.894359649267704e-05,4.5986540815092816e-08,6,1.999927835247464,0.4000006285078702,-1.1642752264634125e-07
0.2,300.0,0.02547548430564807,1246328172.8890622,488.7175555402299,7.521776667654626e-05,4.5996406494544846e-08,6,1.9999278356508228,0.40000062857219065,-1.1644644298226427e-07
0.2,300.0,0.0279727197231725,1246328172.58267,488.65242730528996,8.195357178545424e-05,4.6008299713388324e-08,6,1.9999278361350177,0.40000062864985514,-1.1646926145839618e-07
0.2,300.0,0.030714746747235906,1246328172.2148354,488.5738144071587,8.9148628750312e-05,4.6022627859845933e-08,6,1.999927836716311,0.40000062874363856,-1.1649677944356677e-07
0.2,300.0,0.03372556108533605,1246328171.7732131,488.4789595850023,9.678611988240068e-05,4.603987681616075e-08,6,1.9999278374142115,0.40000062885688686,-1.165299653150698e-07
0.2,300.0,0.03703151062520455,1246328171.2429976,488.3645502256447,0.00010482949959668714,4.606062484785994e-08,6,1.999927838252117,0.4000006289936813,-1.165699914775303e-07
0.2,300.0,0.04066152600737297,1246328170.6064858,488.2266199890069,0.000113215710119499,4.608555621163895e-08,6,1.9999278392580038,0.40000062915890466,-1.16618256773704e-07
0.2,300.0,0.044647373799624364,1246328169.8424892,488.0604153309132,0.00012184703938342262,4.611547912705937e-08,6,1.9999278404653562,0.40000062935850694,-1.1667646354343089e-07
0.2,300.0,0.049023934488881024,1246328168.9192352,487.84906399323523,0.0001305679399620623,4.615785566631312e-08,6,1.9999278418997402,0.4000006296005454,-1.1674677741229296e-07
0.2,300.0,0.05382950772325868,1246328167.8457127,487.60124160058695,0.00013919483423455726,4.620542355371388e-08,6,1.9999278435639172,0.40000062989527535,-1.1683173073270527e-07
0.2,300.0,0.059106147475486,1246328166.5582206,487.3031739185742,0.00014745539149525522,4.626229203460951e-08,6,1.9999278455597904,0.40000063025160293,-1.1693417088909363e-07
0.2,300.0,0.06490003006073211,1246328165.018035,486.930973514843,0.0001549794817103274,4.633860218600195e-08,6,1.9999278479087823,0.4000006306846942,-1.1705792932969375e-07
0.2,300.0,0.07126185822939729,1246328163.210156,486.48959951453037,0.0001613456871413515,4.6427024170806606e-08,6,1.999927850656473,0.4000006312114342,-1.172073708251073e-07
0.2,300.0,0.07824730487111635,1246328161.059816,485.94277346298077,0.00016598083399093632,4.6542886924834034e-08,6,1.9999278538684901,0.4000006318529232,-1.1738795710232263e-07
0.2,300.0,0.08591750021286539,1246328158.5235422,485.2801666374333,0.00016825847163518296,4.6685744016077595e-08,6,1.9999278576138424,0.40000063263426106,-1.1760602223049483e-07
0.2,300.0,0.09433956677468387,1246328155.5514731,484.4732488961659,0.00016746234850926775,4.686475788426676e-08,6,1.9999278619264067,0.40000063358869375,-1.1786950005677828e-07
0.2,300.0,0.10358720676445314,1246328152.0842938,483.488233940107,0.0001628645371927973,4.709067766984502e-08,6,1.9999278668471379,0.4000006347572806,-1.1818800467954648e-07
0.2,300.0,0.11374134705207334,1246328148.0545378,482.2853368679869,0.00015382384546250738,4.737688677560109e-08,6,1.9999278724211507,0.4000006361898327,-1.185728247085271e-07
0.2,300.0,0.12489084736726071,1246328143.3620112,480.8093463297413,0.00013993905600007193,4.7743656161975526e-08,6,1.9999278787164778,0.4000006379482783,-1.1903768720529686e-07
0.2,300.0,0.1371332779184638,1246328137.9842532,479.0097548315367,0.00012128496834873961,4.820863728784232e-08,6,1.9999278856578258,0.4000006401150091,-1.1959919692233058e-07
0.2,300.0,0.15057577323790639,1246328131.8207762,476.7841169085208,9.861064101119267e-05,4.8817555789686006e-08,6,1.9999278932377227,0.40000064279281766,-1.2027779125489574e-07
0.2,300.0,0.1653359697248269,1246328124.8059735,474.06613010505055,7.363787343707366e-05,4.9596749147665894e-08,6,1.9999279013870304,0.4000006461122956,-1.2109735952026717e-07
0.2,300.0,0.18154303509143294,1246196488.6677985,467.7064746363672,0.006622967927263427,5.3742701092565846e-08,6,1.9999343433132346,0.4000003716132679,-9.567748313751826e-08
0.2,300.0,0.19933879872033844,1246196425.2462015,469.2051768086547,0.00639936784519027,5.0314904889551665e-08,6,1.9999344032333246,0.40000037203643946,-9.646290590763712e-08
0.2,300.0,0.21887899282533668,1246196386.6542068,467.04393467857255,0.005556600470944518,4.943906419169428e-08,6,1.9999344392873404,0.4000003742050021,-9.75339989910046e-08
0.2,300.0,0.24033461527700972,1246196355.2613418,462.9012903731625,0.004328137540680398,4.962798529592545e-08,6,1.9999344668219539,0.40000037762134827,-9.884153751818107e-08
0.2,300.0,0.26389342601937477,1246196327.0828989,456.92709604343014,0.002900234620718242,5.071579418438515e-08,6,1.9999344891637574,0.4000003823806965,-1.0037976470601008e-07
0.2,300.0,0.2897615901728365,1246196300.5486052,448.975730853851,0.0015445689577500425,5.281406649720211e-08,6,1.9999345074339607,0.40000038876072425,-1.0213421368387112e-07
0.2,300.0,0.318165482202374,1246196274.9542336,438.71829240095866,0.0005638903076248846,5.625591402439455e-08,6,1.9999345220438725,0.4000003972062751,-1.0406443265553777e-07
0.2,300.0,0.34935366693939,1246196249.863315,425.6702628598866,0.00010481000666825012,6.163063426563786e-08,6,1.9999345332865108,0.40000040837682405,-1.060862779201412e-07
0.2,300.0,0.3835990747933107,1246069224.1684206,423.5987114796436,0.01629215575993018,5.55278255043181e-08,6,1.999938678781136,0.4000002224128182,-9.11523672362949e-08
0.2,300.0,0.4212013901883932,1246069140.2808833,408.7429598459909,0.0060176624680212745,5.74652372096326e-08,6,1.9999387039855496,0.4000002320544489,-9.218188161763376e-08
0.2,300.0,0.4624896741271517,1246069084.2977157,386.96482127273447,0.0007141561852462164,6.619720837441092e-08,6,1.999938716401979,0.4000002458986652,-9.3025399792529e-08
0.2,300.0,0.5078252438306721,1246069036.90313,358.59555635248404,4.22738420765049e-06,8.374592622058269e-08,6,1.999938723084131,0.40000026532347255,-9.50980907874258e-08
0.2,300.0,0.5576048346557921,1245853913.3019824,338.6944769275367,0.0001556380194618902,8.346980007906131e-08,5,1.9999420603156814,0.40000010131675207,-8.78731713982137e-08
0.2,300.0,0.6122640719593427,1245853696.6895115,307.4639706986547,9.769065476143947e-08,9.723860922071507e-08,5,1.9999420746585304,0.40000012069739005,-9.689051219091149e-08
0.2,300.0,0.6722812832920282,1245853592.1877983,256.99713712327247,9.949538316935855e-08,1.6720746584508976e-07,5,1.999942078097512,0.40000015647784176,-1.1374001662851787e-07
0.2,300.0,0.7381816842827723,1245736597.4287732,196.19926753915044,9.96642064360168e-08,3.5326525643832715e-07,5,1.9999435182473662,0.40000020559587146,-1.5036747571725518e-07
0.2,300.0,0.810541974844553,1103535313.51253,142.53277460804603,9.552817237472197e-08,5.71128123700529e-07,3,2.0,0.4,0.0
0.2,300.0,0.8899953859235032,1098768475.0351195,80.20453325849779,8.802408358978787e-08,1.3531358901770728e-06,3,2.0,0.4,0.0
0.2,300.0,0.9772372209558107,1054980917.3150266,477.6372733309813,0.9725682653598835,2.4675951482017426e-06,3,2.0,0.4,0.0
0.2,350.0,0.01,1246589080.0467088,562.210759189252,3.289985232078102e-05,3.885797864971067e-08,6,1.9999005180933427,0.400001503373903,-2.1272476070879463e-07
0.2,350.0,0.010980250419408422,1246589079.778819,562.2281300378388,3.609706038122645e-05,3.884480045484038e-08,6,1.9999005209060685,0.4000015033043408,-2.1271682895242864e-07
0.2,350.0,0.012056589927291887,1246589079.4583416,562.2487297421555,3.959852082630365e-05,3.882905776702464e-08,6,1.999900524270943,0.4000015032214701,-2.127073841789728e-07
0.2,350.0,0.013238437660578209,1246589079.0748138,562.273182010037,4.3431062531865683e-05,3.881024085767528e-08,6,1.9999005282978177,0.4000015031226832,-2.1269613156813699e-07
0.2,350.0,0.01453613606748761,1246589078.6157024,562.3022321052999,4.7623168193561944e-05,3.878773832816708e-08,6,1.9999005331182886,0.40000150300487464,-2.1268271932283548e-07
0.2,350.0,0.01596104141516088,1246589078.1187472,562.3290610786207,5.220236410265264e-05,3.8765410133907414e-08,6,1.9999005383692952,0.4000015028868696,-2.1267000062013957e-07
0.2,350.0,0.017525623169301542,1246589077.5264237,562.3603838651292,5.7198415778907035e-05,3.8738320241928646e-08,6,1.9999005446308358,0.4000015027441779,-2.1265397173127099e-07
0.2,350.0,0.01924357311551172,1246589076.816977,562.3976002142139,6.264473654631082e-05,3.8705890191553e-08,6,1.9999005521305024,0.400001502573988,-2.1263486528199867e-07
0.2,350.0,0.02112992517725142,1246589075.9673076,562.4418410828162,6.857267171627774e-05,3.866705835493001e-08,6,1.9999005611124852,0.40000150237102305,-2.1261209430774072e-07
0.2,350.0,0.023201186978958357,1246589074.9498749,562.4944512731995,7.501252176291356e-05,3.862055355035121e-08,6,1.999900571867918,0.40000150212904917,-2.12584968617653e-07
0.2,350.0,0.02547548430564807,1246589073.7319496,562.5570248689093,8.199213190154067e-05,3.856485693634627e-08,6,1.9999005847427882,0.40000150184072036,-2.1255267383344134e-07
0.2,350.0,0.0279727197231725,1246589072.3686526,562.6165493493813,8.952402278478477e-05,3.850637566777658e-08,6,1.999900599212803,0.4000015015359883,-2.125194951434407e-07
0.2,350.0,0.030714746747235906,1246589070.782416,562.6814120999269,9.762046426275745e-05,3.843886157413529e-08,6,1.999900616071781,0.40000150118774325,-2.124811540849139e-07
0.2,350.0,0.03372556108533605,1246589068.8860686,562.7583985692037,0.00010629253988263936,3.835799429627497e-08,6,1.9999006362267084,0.40000150077407376,-2.1243566063878134e-07
0.2,350.0,0.03703151062520455,1246589066.7368119,562.8302971831401,0.0001155084710254284,3.827156789304003e-08,6,1.999900659129897,0.40000150033127,-2.1238815307437503e-07
0.2,350.0,0.04066152600737297,1246589064.2568016,562.9042151027563,0.00012522440431132696,3.817349802727108e-08,6,1.99990068559196,0.40000149983778666,-2.1233508400421927e-07
0.2,350.0,0.044647373799624364,1246589061.4059358,562.9722751637037,0.0001353647774133071,3.80662066334716e-08,6,1.9999007160508815,0.4000014993003529,-2.1227863096636065e-07
0.2,350.0,0.049023934488881024,1246589058.1510868,563.0333516738143,0.0001457963833682898,3.7947322317788675e-08,6,1.999900750864914,0.4000014987214097,-2.1221822792310956e-07
0.2,350.0,0.05382950772325868,1246589054.49998,563.0658189875154,0.00015631989548987803,3.782503173600131e-08,6,1.9999007899459549,0.40000149813624736,-2.1215965119405344e-07
0.2,350.0,0.059106147475486,1246589050.3462882,563.0726464855306,0.000166680762237873,3.769378434461995e-08,6,1.9999008343940308,0.4000014975312628,-2.1210106045832369e-07
0.2,350.0,0.06490003006073211,1246589045.6798267,563.0356235604827,0.0001765057130863303,3.7558291649398477e-08,6,1.9999008842709385,0.400001496942238,-2.1204729887050115e-07
0.2,350.0,0.07126185822939729,1246589040.474195,562.9352176478205,0.00018530972115613428,3.742300782662747e-08,6,1.9999009397553382,0.40000149640826876,-2.1200369111774556e-07
0.2,350.0,0.07824730487111635,1246589034.6767218,562.7512991933255,0.00019248611248764475,3.7291500762761494e-08,6,1.9999010012441236,0.40000149596955814,-2.1197579810693693e-07
0.2,350.0,0.08591750021286539,1246589028.2624729,562.4542547604954,0.00019728617697128354,3.717053097300754e-08,6,1.999901068757628,0.4000014956923343,-2.119724555985336e-07
0.2,350.0,0.09433956677468387,1246589021.1703336,562.0146077419543,0.00019885581633436583,3.706466963149571e-08,6,1.9999011426232631,0.40000149564524945,-2.120029994529807e-07
0.2,350.0,0.10358720676445314,1246589013.4032464,561.3723178186802,0.00019623294694762113,3.6991972346341034e-08,6,1.9999012221894656,0.40000149595472917,-2.1208438699637328e-07
0.2,350.0,0.11374134705207334,1246589004.8424149,560.500593452217,0.00018855206055482887,3.695340053548167e-08,6,1.9999013081179242,0.4000014967131585,-2.1222886344116395e-07
0.2,350.0,0.12489084736726071,1246588995.5696988,559.316207762059,0.00017506082223219896,3.6972720565064705e-08,6,1.9999013985623237,0.40000149813967695,-2.124647252494088e-07
0.2,350.0,0.1371332779184638,1246588985.4007366,557.7582701290512,0.0001555283710362712,3.706315093835539e-08,6,1.999901494156798,0.40000150039384813,-2.1281416471305174e-07
0.2,350.0,0.15057577323790639,1246588974.313107,555.7353212910883,0.00013043790286057833,3.724908601688996e-08,6,1.9999015934004918,0.40000150375880694,-2.13314348089072e-07
0.2,350.0,0.1653359697248269,1246588962.2818832,553.1329410644212,0.00010133591257107992,3.756206869939021e-08,6,1.9999016945934565,0.40000150858393535,-2.140118373837394e-07
0.2,350.0,0.18154303509143294,1246588949.2735567,549.8011320162694,7.097840858566469e-05,3.804916268592494e-08,6,1.9999017955758485,0.40000151531152045,-2.1496577433277986e-07
0.2,350.0,0.19933879872033844,1246588935.2337,545.5743410225256,4.307495931609389e-05,3.876517596630168e-08,6,1.9999018940941942,0.400001524486279,-2.1624952717837272e-07
0.2,350.0,0.21887899282533668,1246588920.257104,540.2376087866401,2.1307684761078973e-05,3.979166532896132e-08,6,1.9999019867696342,0.4000015368333452,-2.179608801900919e-07
0.2,350.0,0.24033461527700972,1246460152.2799926,531.8155628159806,0.0012675051452436996,4.2174064634408545e-08,6,1.999916989120803,0.4000009720411027,-1.5594716471556086e-07
0.2,350.0,0.26389342601937477,1246460089.506533,528.7739499572177,0.0007501715838863481,4.0897456052394684e-08,6,1.999917272028127,0.40000097543396984,-1.5713985768818007e-07
0.2,350.0,0.2897615901728365,1246460045.8679588,521.3073431806425,0.00031807706008088834,4.1634012092282636e-08,6,1.999917443450332,0.4000009867041926,-1.5940929969497533e-07
0.2,350.0,0.318165482202374,1246460008.662471,510.50774957111366,8.034405344642902e-05,4.3754994177452054e-08,6,1.9999175597229726,0.40000100476137973,-1.6265809274103664e-07
0.2,350.0,0.34935366693939,1246328244.938698,499.4212482246443,0.0031226373864218335,4.528319216166608e-08,6,1.9999277037762728,0.4000006126087276,-1.2413709581287774e-07
0.2,350.0,0.3835990747933107,1246328162.2399693,486.5497377279898,0.0007901864505139936,4.642549558024055e-08,6,1.9999278521108563,0.4000006279412423,-1.2794075586211877e-07
0.2,350.0,0.4212013901883932,1246196401.108481,471.408419384932,0.012756413324676545,4.901490496827495e-08,6,1.9999344259720513,0.4000003687602445,-1.0578712915661904e-07
0.2,350.0,0.4624896741271517,1246196301.3123026,449.63816939469876,0.002458545623415796,5.265407665042339e-08,6,1.9999345069533516,0.4000003865015792,-1.0940215617359543e-07
0.2,350.0,0.5078252438306721,1246069269.8591955,429.44902854093897,0.02911392123606818,5.6475912454143214e-08,6,1.9999386637951237,0.4000002178129561,-9.53265594948535e-08
0.2,350.0,0.5576048346557921,1246069108.2666698,397.87581559679245,0.002888519292022406,6.129734497101284e-08,6,1.999938711668303,0.4000002386544863,-9.451636891373057e-08
0.2,350.0,0.6122640719593427,1246069025.11629,349.96749019302746,4.605150490584058e-07,9.053849587398404e-08,6,1.9999387242454343,0.40000027155385715,-9.642987054433772e-08
0.2,350.0,0.6722812832920282,1245853721.944085,316.1455296672759,9.999799785591369e-08,8.986405807822085e-08,5,1.9999420734254298,0.4000001157226263,-9.459762439262118e-08
0.2,350.0,0.7381816842827723,1245853570.5385957,245.02880200071223,9.757475895659901e-08,1.937769872894936e-07,5,1.999942078543916,0.40000016728473675,-1.1897097987838805e-07
0.2,350.0,0.810541974844553,1104473920.302165,167.62428150384218,9.703520193983803e-08,4.477431320958731e-07,3,2.0,0.4,0.0
0.2,350.0,0.8899953859235032,1100708201.9472198,97.6538258531268,8.583723876250742e-08,1.007044415212926e-06,3,2.0,0.4,0.0
0.2,350.0,0.9772372209558107,1057536375.9983149,479.75896879033434,0.9682314424262349,1.9119239550422716e-06,3,2.0,0.4,0.0
0.2,400.0,0.01,1247048996.9868674,635.2443954926524,9.967824478213642e-08,3.319078557461585e-08,6,1.999690132122092,0.40000809283953886,-1.1165480292343186e-06
0.2,400.0,0.010980250419408422,1247048996.9544125,635.226297807778,9.965865723785189e-08,3.319388285837623e-08,6,1.9996901348983382,0.4000080929740393,-1.116559088751687e-06
0.2,400.0,0.012056589927291887,1247048996.9152842,635.2044796590811,9.959015993445454e-08,3.319761710397322e-08,6,1.999690138245432,0.4000080931362026,-1.1165724249912123e-06
0.2,400.0,0.013238437660578209,1247048996.868111,635.1781765441585,9.944184183032233e-08,3.320211929221123e-08,6,1.9996901422807032,0.40000809333174764,-1.1165885072873828e-06
0.2,400.0,0.01453613606748761,1247048996.8112385,635.14646715264,9.978997543655334e-08,3.320754735524328e-08,6,1.9996901471456505,0.4000080935675422,-1.1166079016646778e-06
0.2,400.0,0.01596104141516088,1247048996.742675,635.1082408429635,9.94483607376076e-08,3.321409164596316e-08,6,1.9996901530106717,0.4000080938518801,-1.1166312920319001e-06
0.2,400.0,0.017525623169301542,1247048996.6600165,635.0621596622865,9.959937384647435e-08,3.322198173116723e-08,6,1.9996901600814059,0.40000809419476574,-1.1166595027246865e-06
0.2,400.0,0.01924357311551172,1247048996.544158,635.0087361251262,9.978756487501828e-08,3.323071882416105e-08,6,1.999690169969273,0.40000809456221187,-1.116687099591725e-06
0.2,400.0,0.02112992517725142,1246942210.4611557,637.4244256985186,9.85109643791738e-06,3.215943511456682e-08,6,1.9997739139929136,0.4000053276483086,-7.280944827752435e-07
0.2,400.0,0.023201186978958357,1246942206.0401049,638.028338606447,1.0815411609495967e-05,3.1920939405544336e-08,6,1.999774327877116,0.4000053142958254,-7.26213200565376e-07
0.2,400.0,0.02547548430564807,1246942203.1986196,638.3563630465258,1.1825377939716526e-05,3.1781774201022525e-08,6,1.9997745973779422,0.4000053059682609,-7.25028911960188e-07
0.2,400.0,0.0279727197231725,1246942200.5341668,638.6289859695161,1.2901972927912789e-05,3.1659330647593976e-08,6,1.99977485180433,0.40000529831144316,-7.239330276688414e-07
0.2,400.0,0.030714746747235906,1246942198.2006292,638.815354539309,1.4037270228024219e-05,3.15639053853408e-08,6,1.9997750765686906,0.40000529184049427,-7.229935411483393e-07
0.2,400.0,0.03372556108533605,1246942195.7593813,638.9807751409953,1.5234263536162556e-05,3.147089096807919e-08,6,1.9997753123766167,0.40000528523865797,-7.220307601512641e-07
0.2,400.0,0.03703151062520455,1246942193.2289996,639.1149052085198,1.64815013580873e-05,3.138250248968374e-08,6,1.9997755576384864,0.40000527858278445,-7.210484527116183e-07
0.2,400.0,0.04066152600737297,1246942190.7527833,639.1825953755839,1.77589566357553e-05,3.1310377501136804e-08,6,1.9997757982443913,0.40000527243154005,-7.201276194958573e-07
0.2,400.0,0.044647373799624364,1246942188.082935,639.2138978291719,1.9049547709279294e-05,3.124156928948555e-08,6,1.9997760576687835,0.40000526604408604,-7.19159788576077e-07
0.2,400.0,0.049023934488881024,1246942185.2690084,639.1870153552685,2.0319615165183e-05,3.1181979945529516e-08,6,1.9997763308578542,0.4000052596736276,-7.181773273768749e-07
0.2,400.0,0.05382950772325868,1246942182.356772,639.0811712436968,2.1524528224138413e-05,3.113686168244383e-08,6,1.9997766126447465,0.40000525358550587,-7.172118431168396e-07
0.2,400.0,0.059106147475486,1246942179.2820547,638.8799712155652,2.2609677139051455e-05,3.1108922021729326e-08,6,1.9997769082539003,0.4000052477393874,-7.162570067025189e-07
0.2,400.0,0.06490003006073211,1246942175.9938557,638.571132856051,2.3507195481113932e-05,3.109906653242528e-08,6,1.9997772216122867,0.4000052421358154,-7.15305674071283e-07
0.2,400.0,0.07126185822939729,1246942172.4436312,638.1282793642991,2.413412202683391e-05,3.111186366473619e-08,6,1.9997775556048636,0.4000052368570918,-7.143642657065091e-07
0.2,400.0,0.07824730487111635,1246942168.6092954,637.5300486461149,2.4396367771818826e-05,3.114970378750191e-08,6,1.9997779099398871,0.40000523210780586,-7.134507626830687e-07
0.2,400.0,0.08591750021286539,1246942164.045459,636.802830178762,2.4207459273792568e-05,3.119795069864066e-08,6,1.999778324017749,0.40000522681456113,-7.124105815707982e-07
0.2,400.0,0.09433956677468387,1246942157.130462,636.1682487371426,2.352903309834477e-05,3.116788546668869e-08,6,1.99977893646578,0.4000052165792086,-7.106333495825568e-07
0.2,400.0,0.10358720676445314,1246942151.4328964,634.980414337733,2.2134555937219517e-05,3.12835200641071e-08,6,1.9997794282616044,0.4000052125753595,-7.096331513184855e-07
0.2,400.0,0.11374134705207334,1246942144.0091333,633.6486660423583,2.0090619779015872e-05,3.1391719313959254e-08,6,1.9997800465024804,0.4000052068753945,-7.083128792999094e-07
0.2,400.0,0.12489084736726071,1246942135.6640294,631.9567209584644,1.7388270509666137e-05,3.1552932230488123e-08,6,1.9997807096819438,0.4000052027858577,-7.071054957508493e-07
0.2,400.0,0.1371332779184638,1246942127.424436,629.6283490918913,1.4126183338821963e-05,3.184920630941425e-08,6,1.999781325719535,0.4000052041296474,-7.065064625284009e-07
0.2,400.0,0.15057577323790639,1246942116.867114,626.9424032971104,1.0611632577805223e-05,3.2178441241645394e-08,6,1.9997820625033198,0.400005206004864,-7.058262097750259e-07
0.2,400.0,0.1653359697248269,1246942102.2629187,624.0309333629318,7.198722945844787e-06,3.2451114749318764e-08,6,1.9997829866622636,0.4000052071214141,-7.048671618851773e-07
0.2,400.0,0.18154303509143294,1246942086.8623853,620.2405519260615,4.224764723232988e-06,3.289967428347684e-08,6,1.9997838811833948,0.40000521624629204,-7.047802084329777e-07
0.2,400.0,0.19933879872033844,1246830748.2661037,617.2101927731072,0.00018474822188327566,3.269047372185802e-08,6,1.9998367872140983,0.4000034576868581,-4.696061171762813e-07
0.2,400.0,0.21887899282533668,1246830710.1782765,613.8385484759764,0.00011296922583113218,3.247814398869506e-08,6,1.9998386292699533,0.4000034309957278,-4.6491034038876834e-07
0.2,400.0,0.24033461527700972,1246830681.92695,607.093273736819,5.4156670387218985e-05,3.3297224946829246e-08,6,1.9998397811466337,0.4000034362231807,-4.641897872944798e-07
0.2,400.0,0.26389342601937477,1246830647.1702409,599.2916629474726,1.8639984080766788e-05,3.419360890613262e-08,6,1.9998409295308792,0.4000034516115672,-4.6456784166629347e-07
0.2,400.0,0.2897615901728365,1246712922.3390296,592.9440878717161,0.00041321187974570583,3.382772476060525e-08,6,1.9998763158602513,0.4000022599331065,-3.1318615976449965e-07
0.2,400.0,0.318165482202374,1246712861.0036674,583.5435278155999,0.00012108007996240215,3.424810804897449e-08,6,1.9998776653746693,0.40000226449713455,-3.1271816770856755e-07
0.2,400.0,0.34935366693939,1246712814.0980277,568.6594104094315,1.53620096125395e-05,3.6502513846595435e-08,6,1.999878394382657,0.40000230481016763,-3.166304665269752e-07
0.2,400.0,0.3835990747933107,1246588966.886201,554.252912319119,0.0002488863564734619,3.741925913125827e-08,6,1.9999016566831336,0.40000150079327645,-2.2157442228437688e-07
0.2,400.0,0.4212013901883932,1246460133.6194756,532.1081477262612,0.0018556185040680313,4.148626979569078e-08,6,1.9999170751224093,0.4000009665828327,-1.6349116823809608e-07
0.2,400.0,0.4624896741271517,1246460007.7737756,510.1966961683706,0.00010376676262178625,4.382785130279784e-08,6,1.9999175620881193,0.40000100155741536,-1.697653918897336e-07
0.2,400.0,0.5078252438306721,1246328151.401717,483.54265765359185,0.000688471380714245,4.7092166042735415e-08,6,1.9999278678009555,0.40000062901187616,-1.3495034129024594e-07
0.2,400.0,0.5576048346557921,1246196303.3994946,450.5965896783157,0.0031070365871220793,5.239631428873941e-08,6,1.9999345056167748,0.4000003843478045,-1.1399624157710915e-07
0.2,400.0,0.6122640719593427,1246069156.5665302,415.33955119407096,0.013507200092828471,5.5777261631039073e-08,6,1.999938699560744,0.40000022727844475,-9.773508473315586e-08
0.2,400.0,0.6722812832920282,1246069026.3166268,350.8719528605022,7.779230792795846e-07,8.979070125135109e-08,6,1.9999387241350712,0.4000002708817908,-9.67477718054045e-08
0.2,400.0,0.7381816842827723,1245853668.2748208,295.78290000691237,9.871308729826515e-08,1.0901255794838264e-07,5,1.9999420758462367,0.4000001278180628,-1.001886970431917e-07
0.2,400.0,0.810541974844553,1245742376.3327453,197.1407889963435,9.713899665933997e-08,3.506179069108884e-07,5,1.999943454115119,0.4000002043850531,-1.4907311132616026e-07
0.2,400.0,0.8899953859235032,1101968682.9578383,113.68281852156976,8.857286658800433e-08,8.017024538484331e-07,3,2.0,0.4,0.0
0.2,400.0,0.9772372209558107,1059833604.8929547,444.85059379970016,0.9609987460720385,1.6209239223412359e-06,3,2.0,0.4,0.0
0.2,450.0,0.01,1247348811.3281813,695.9811476729647,9.978600857396192e-08,3.2048914249624306e-08,6,1.9986494595075992,0.4000378624356147,-6.0655361956827915e-06
0.2,450.0,0.010980250419408422,1247348811.310964,695.9575777171201,9.996328685849887e-08,3.2052714413886964e-08,6,1.9986494697045705,0.4000378633009846,-6.065629011474336e-06
0.2,450.0,0.012056589927291887,1247348811.2902055,695.9291605240547,9.983788049945413e-08,3.2057296616972825e-08,6,1.9986494819989995,0.4000378643443954,-6.065740926731663e-06
0.2,450.0,0.013238437660578209,1247348811.2651765,695.894899312035,9.986611887552921e-08,3.206282194446037e-08,6,1.9986494968225494,0.4000378656024819,-6.0658758737322785e-06
0.2,450.0,0.01453613606748761,1247348811.2349987,695.8535922898762,9.962046720250086e-08,3.206948468279171e-08,6,1.9986495146955607,0.4000378671194517,-6.066038596651119e-06
0.2,450.0,0.01596104141516088,1247348811.1986125,695.8037905623755,9.997700346805862e-08,3.2077519234908064e-08,6,1.9986495362455479,0.4000378689486065,-6.066234818377104e-06
0.2,450.0,0.017525623169301542,1247348811.1547403,695.7437472799419,9.961373542114302e-08,3.2087208402357016e-08,6,1.9986495622290865,0.40003787115424133,-6.066471444647581e-06
0.2,450.0,0.01924357311551172,1247348811.0800512,695.6743079064886,9.985426302462461e-08,3.2097932812623695e-08,6,1.998649606357446,0.40003787341557984,-6.066690506561591e-06
0.2,450.0,0.02112992517725142,1247348810.9123998,695.6017761665323,9.974312509771061e-08,3.210727169967085e-08,6,1.9986497051389405,0.4000378747216065,-6.0667177379169675e-06
0.2,450.0,0.023201186978958357,1247348810.6932683,695.5166255724207,9.977107618649933e-08,3.212009342391792e-08,6,1.9986498341230803,0.4000378759890481,-6.0666992489977325e-06
0.2,450.0,0.02547548430564807,1247348810.371187,695.4219860194593,9.987104351383454e-08,3.2141894120009e-08,6,1.998650023189698,0.40003787647151584,-6.066502966609299e-06
0.2,450.0,0.0279727197231725,1247348810.2628062,695.2684618704064,9.95195484858094e-08,3.216706896446442e-08,6,1.9986500858329457,0.40003788220779907,-6.0671253671175505e-06
0.2,450.0,0.030714746747235906,1247348810.132107,695.0833685431303,9.964832427956025e-08,3.2197443768765196e-08,6,1.9986501613760317,0.4000378891267208,-6.067876245375845e-06
0.2,450.0,0.03372556108533605,1247348809.8837395,694.8728491558677,9.972030266115935e-08,3.222966688115556e-08,6,1.9986503043487838,0.400037895855152,-6.068512746116722e-06
0.2,450.0,0.03703151062520455,1247348809.32079,694.656386406253,9.9651064396039e-08,3.226826960753293e-08,6,1.998650626856884,0.40003789928789735,-6.06850016589637e-06
0.2,450.0,0.04066152600737297,1247348809.054806,694.3366216616199,9.98158543085165e-08,3.232374793197431e-08,6,1.9986507769894608,0.4000379108838023,-6.069727856906072e-06
0.2,450.0,0.044647373799624364,1247348808.6853855,693.9580352441997,9.958433618026813e-08,3.238653657425537e-08,6,1.9986509836201907,0.4000379240791578,-6.0710772053588e-06
0.2,450.0,0.049023934488881024,1247348808.109435,693.5195493981313,9.981851465156323e-08,3.2464950453412386e-08,6,1.9986513022167625,0.4000379378378159,-6.07234567795001e-06
0.2,450.0,0.05382950772325868,1247348807.1847775,693.0227736234087,9.981024011918954e-08,3.254864872254063e-08,6,1.9986518051978892,0.4000379507352399,-6.073260325643884e-06
0.2,450.0,0.059106147475486,1247348806.5334656,692.3589195817102,9.982809037090412e-08,3.26555685322168e-08,6,1.9986521517264166,0.40003797445309536,-6.075724138490553e-06
0.2,450.0,0.06490003006073211,1247348805.6282713,691.5739733405987,9.955949218037388e-08,3.2798479194909604e-08,6,1.9986526243070784,0.40003800139937057,-6.078419970463974e-06
0.2,450.0,0.07126185822939729,1247348804.4086967,690.6441564196034,9.971050792339138e-08,3.2956229273631106e-08,6,1.9986532412974043,0.4000380324974296,-6.081439066911766e-06
0.2,450.0,0.07824730487111635,1247348803.012849,689.5110794843682,9.979687535996277e-08,3.316168416520528e-08,6,1.998653925324792,0.40003807200221386,-6.085414910616707e-06
0.2,450.0,0.08591750021286539,1247348801.2744157,688.1496241111199,9.978261617784032e-08,3.340500890564523e-08,6,1.9986547407429012,0.4000381201238928,-6.090291301432865e-06
0.2,450.0,0.09433956677468387,1247348799.2701876,686.4921646355953,9.947602853335529e-08,3.370141123452835e-08,6,1.998655636909915,0.4000381811827486,-6.0966785938307515e-06
0.2,450.0,0.10358720676445314,1247348797.0275075,684.464208393814,9.952538601301524e-08,3.406920221136937e-08,6,1.9986565792900648,0.4000382596245772,-6.1051854019137185e-06
0.2,450.0,0.11374134705207334,1247251868.0743544,700.7204922629634,1.0302360891841677e-06,2.8501485611089955e-08,6,1.999220433951567,0.40002094354950735,-3.195748532064153e-06
0.2,450.0,0.12489084736726071,1247251858.0311244,698.957775420268,8.114679265086561e-07,2.8626840886168507e-08,6,1.9992272491355798,0.4000208136574491,-3.1713019125630556e-06
0.2,450.0,0.1371332779184638,1247251849.776832,696.2082187884944,5.837754413942887e-07,2.8954880046907677e-08,6,1.999232401687641,0.4000207512604753,-3.15683971495508e-06
0.2,450.0,0.15057577323790639,1247251841.8473182,692.5582995529231,3.74226896559679e-07,2.9453722443944616e-08,6,1.999236855923168,0.4000207303204958,-3.1480326098049047e-06
0.2,450.0,0.1653359697248269,1247251831.578875,688.2662995407993,2.0674942458021452e-07,3.004566138389055e-08,6,1.999241932863987,0.4000207140625504,-3.1388762998491842e-06
0.2,450.0,0.18154303509143294,1247251821.717568,682.6593517989554,9.998700610788169e-08,3.0910985099986605e-08,6,1.999246023331427,0.4000207587526432,-3.1379979270919366e-06
0.2,450.0,0.19933879872033844,1247251808.841442,676.0222047121044,9.974518839745893e-08,3.1951873979153626e-08,6,1.9992504646397349,0.400020829656956,-3.139664209870108e-06
0.2,450.0,0.21887899282533668,1247251793.2335658,667.9708166346509,9.986313210169613e-08,3.3284681380245244e-08,6,1.9992547128782507,0.4000209536214523,-3.147792522871009e-06
0.2,450.0,0.24033461527700972,1247152035.9121823,672.1258501486868,3.05934159864671e-06,3.006569950464704e-08,6,1.9995228490316972,0.4000126833166552,-1.8417344268062505e-06
0.2,450.0,0.26389342601937477,1247152008.118099,661.2484267032713,6.582242339933715e-07,3.165091632957628e-08,6,1.9995292655529266,0.40001270163296154,-1.834340506508303e-06
0.2,450.0,0.2897615901728365,1247049079.8994951,656.9338092066432,2.878488196036641e-05,3.048721176336793e-08,6,1.99967942986627,0.40000810533156,-1.142610866885434e-06
0.2,450.0,0.318165482202374,1247049020.911488,644.1101720902765,4.377428325984214e-06,3.181807705614377e-08,6,1.9996877900406447,0.40000803763441223,-1.1235874058096075e-06
0.2,450.0,0.34935366693939,1246942145.6954813,634.0358907917796,6.016096502198612e-05,3.13486800671256e-08,6,1.9997799082518408,0.4000051970857022,-7.160857219581403e-07
0.2,450.0,0.3835990747933107,1246830741.1253722,617.3320453883665,0.000313120123465906,3.248817233884697e-08,6,1.9998371438659641,0.4000034400382141,-4.7477468638035105e-07
0.2,450.0,0.4212013901883932,1246830631.576779,596.2425789229586,1.6014564330825373e-05,3.4476819705868855e-08,6,1.999841371596332,0.4000034521523877,-4.7053779507460494e-07
0.2,450.0,0.4624896741271517,1246712826.7018802,573.406231946794,3.9715985569452013e-05,3.568765224734615e-08,6,1.9998782279877452,0.4000022839488971,-3.201066541835587e-07
0.2,450.0,0.5078252438306721,1246588923.4445257,541.4754546252599,5.1854906960842246e-05,3.954322221612832e-08,6,1.999901968142029,0.4000015242095604,-2.2986742435242797e-07
0.2,450.0,0.5576048346557921,1246328289.6434925,501.5101775587797,0.006186904869180646,4.651889213296807e-08,6,1.9999276131310009,0.4000006036070126,-1.344929871391518e-07
0.2,450.0,0.6122640719593427,1246196336.4037836,461.31792473864306,0.008044193302548899,4.983214166403802e-08,6,1.9999344820791851,0.40000037407422007,-1.1664860485545392e-07
0.2,450.0,0.6722812832920282,1246069134.1762695,408.83626186528727,0.009974640677723235,5.754306301722035e-08,6,1.999938705560323,0.4000002307985462,-1.0084594488974451e-07
0.2,450.0,0.7381816842827723,1245853859.774363,338.02099088348933,0.00018612296327838673,7.980172835770622e-08,5,1.9999420643563643,0.40000010291388866,-8.869743004729794e-08
0.2,450.0,0.810541974844553,1245833513.5228543,222.46515129561683,9.721377821909736e-08,2.9151937061993123e-07,5,1.9999423724346903,0.4000001725809039,-1.2365911127834851e-07
0.2,450.0,0.8899953859235032,1102871079.8149168,128.73718932825875,9.101717513367607e-08,6.653784480117325e-07,3,2.0,0.4,0.0
0.2,450.0,0.9772372209558107,1061912154.3564085,390.0847314013266,0.9502847268813959,1.4828139730964042e-06,3,2.0,0.4,0.0
0.2,500.0,0.01,1247443125.5041635,784.6367271697433,1.4298802702647764e-07,2.449147785575547e-08,6,1.9965662476231858,0.40008845052551734,-1.5932308044696535e-05
0.2,500.0,0.010980250419408422,1247443125.4719388,784.6140982712984,1.566083285965896e-07,2.449354217171388e-08,6,1.9965666836524425,0.40008844134110366,-1.593044964245141e-05
0.2,500.0,0.012056589927291887,1247443125.43309,784.5868171126573,1.7143678358339133e-07,2.4496030925196922e-08,6,1.9965672093135198,0.40008843026806107,-1.592820911649285e-05
0.2,500.0,0.013238437660578209,1247443125.3862548,784.5539278202722,1.8755147019388922e-07,2.449903137852169e-08,6,1.9965678430366867,0.4000884169176257,-1.592550783342978e-05
0.2,500.0,0.01453613606748761,1247443125.3297923,784.5142781752144,2.0502550686835142e-07,2.450264870738101e-08,6,1.9965686070266586,0.40008840082135894,-1.592225104136333e-05
0.2,500.0,0.01596104141516088,1247443125.2617242,784.4664797365218,2.2392274860119818e-07,2.450700968646565e-08,6,1.996569528049748,0.40008838141434155,-1.5918324490878953e-05
0.2,500.0,0.017525623169301542,1247443125.179666,784.4088590452999,2.442919793996125e-07,2.451226715167797e-08,6,1.9965706383726356,0.4000883580151692,-1.5913590384812247e-05
0.2,500.0,0.01924357311551172,1247443125.0721989,784.340545290512,2.6616205379640217e-07,2.4518669429933307e-08,6,1.9965720916444194,0.40008832666082594,-1.5907293071374967e-05
0.2,500.0,0.02112992517725142,1247443124.785254,784.2850666033372,2.8959002320232845e-07,2.4526792616500756e-08,6,1.9965759567401267,0.40008823034440905,-1.588881924822289e-05
0.2,500.0,0.023201186978958357,1247443124.456124,784.2143846145044,3.144739399589955e-07,2.453700015726531e-08,6,1.9965803878593331,0.4000881205437699,-1.586772223778942e-05
0.2,500.0,0.02547548430564807,1247443124.3615391,784.079245979076,3.4056766966436643e-07,2.455268201987472e-08,6,1.996581625401357,0.40008810171846193,-1.5863420752383564e-05
0.2,500.0,0.0279727197231725,1247443124.2474928,783.9163295463085,3.6777111651757095e-07,2.4571597710645307e-08,6,1.9965831175747382,0.4000880790075228,-1.5858232390029142e-05
0.2,500.0,0.030714746747235906,1247443124.109978,783.7199296151847,3.9577272727272777e-07,2.4594416282524844e-08,6,1.9965849168080754,0.4000880516052243,-1.5851973694823186e-05
0.2,500.0,0.03372556108533605,1247443123.944162,783.4831704747933,4.241217043504869e-07,2.462194613370046e-08,6,1.996587086332623,0.4000880185373561,-1.584442304736364e-05
0.2,500.0,0.03703151062520455,1247443123.6847737,783.2066723502085,4.52229194188115e-07,2.4651451455970225e-08,6,1.9965904155240053,0.400087958899265,-1.5831645417787864e-05
0.2,500.0,0.04066152600737297,1247443123.36076,782.8762553451131,4.792496671791968e-07,2.4686085582025264e-08,6,1.9965945639356508,0.40008788316509275,-1.5815525003669062e-05
0.2,500.0,0.044647373799624364,1247443122.73017,782.5164567592277,5.042680227792486e-07,2.473174544349667e-08,6,1.9966025394291733,0.4000877093262412,-1.578073740118092e-05
0.2,500.0,0.049023934488881024,1247443122.3895705,782.0138246999252,5.255114766289693e-07,2.47912490518135e-08,6,1.9966067270089776,0.4000876500773093,-1.576677260399643e-05
0.2,500.0,0.05382950772325868,1247443121.9189422,781.4168010113342,5.416282580338728e-07,2.4859165674231606e-08,6,1.996612429330352,0.40008756039530086,-1.574654698199355e-05
0.2,500.0,0.059106147475486,1247443121.1288629,780.7334243921744,5.508772333227875e-07,2.494177503645052e-08,6,1.9966218232378214,0.4000873820440778,-1.5709106007666998e-05
0.2,500.0,0.06490003006073211,1247443120.4207697,779.8690069773588,5.508759583949316e-07,2.5038371796848013e-08,6,1.996629961519956,0.40008725523876343,-1.5680388635217424e-05
0.2,500.0,0.07126185822939729,1247443119.2864828,778.8724648333432,5.399295465717521e-07,2.5158747003978444e-08,6,1.9966426901757441,0.4000870206578325,-1.5630592538345316e-05
0.2,500.0,0.07824730487111635,1247443118.1601872,777.629177855598,5.158593383556568e-07,2.530569768290826e-08,6,1.9966547496392846,0.40008682868271905,-1.5587468790497383e-05
0.2,500.0,0.08591750021286539,1247443117.2750282,776.0463101140595,4.77329079806328e-07,2.5171949034670113e-08,6,1.9966637558354532,0.40008675106941494,-1.5564246317399784e-05
0.2,500.0,0.09433956677468387,1247443117.1427143,773.9877297449226,4.2414018562274976e-07,2.541581474413343e-08,6,1.9966647830382276,0.40008693268038936,-1.5587194129190816e-05
0.2,500.0,0.10358720676445314,1247443116.982258,771.4986295980644,3.5865280613393096e-07,2.571379237295857e-08,6,1.9966660287195257,0.40008715264118755,-1.5615009392572185e-05
0.2,500.0,0.11374134705207334,1247443115.7315753,768.6586447713341,2.8525732758517016e-07,2.605627689382782e-08,6,1.9966755713599416,0.40008719249091007,-1.5607011047231745e-05
0.2,500.0,0.12489084736726071,1247443113.0469732,765.4153287642422,2.0981327701649433e-07,2.6467950510811497e-08,6,1.996694538612425,0.40008702908096777,-1.555847575720644e-05
0.2,500.0,0.1371332779184638,1247443109.8358245,761.483201016057,1.392005591917784e-07,2.698688526319696e-08,6,1.9967145366547685,0.4000869118175988,-1.5514702258965813e-05
0.2,500.0,0.15057577323790639,1247443106.3082736,756.6593323111998,9.987713083275802e-08,2.7643082977804307e-08,6,1.9967332831806262,0.4000869225552699,-1.5489949181362795e-05
0.2,500.0,0.1653359697248269,1247443101.1629338,750.939280259771,9.984505256330663e-08,2.8434595631305424e-08,6,1.996755931958094,0.40008693422421443,-1.5459945510434364e-05
0.2,500.0,0.18154303509143294,1247443095.0423539,743.9707227567704,9.987465037295458e-08,2.944884432571895e-08,6,1.9967775349823784,0.40008711518844253,-1.5454524964259364e-05
0.2,500.0,0.19933879872033844,1247443087.5670989,735.4842006457504,9.976846533969801e-08,3.073249099430814e-08,6,1.99679749821964,0.4000875182946479,-1.548201624331705e-05
0.2,500.0,0.21887899282533668,1247443077.0669932,725.3137552706444,9.950752196878312e-08,3.236314509193668e-08,6,1.9968179106807706,0.4000881282781569,-1.553809429938757e-05
0.2,500.0,0.24033461527700972,1247443065.3121483,712.7095403358265,9.936999476824578e-08,3.455330019097526e-08,6,1.996833425427792,0.40008916869777594,-1.5661898534471323e-05
0.2,500.0,0.26389342601937477,1247348865.7507305,730.0388382627885,9.504000927158331e-07,2.7129941897098272e-08,6,1.9985830524327055,0.40003796402526776,-6.194262523301882e-06
0.2,500.0,0.2897615901728365,1247348835.3369956,714.9325874838138,1.0178907965046919e-07,2.90557147681763e-08,6,1.9986293792413188,0.40003745098238835,-6.063508464205253e-06
0.2,500.0,0.318165482202374,1247348809.2608123,694.6219292971037,9.995826242156167e-08,3.227492636741262e-08,6,1.9986506610283765,0.40003788094190257,-6.083136866549418e-06
0.2,500.0,0.34935366693939,1247251837.3007507,690.9127860547482,6.236278157683716e-07,2.966997046299818e-08,6,1.9992391925987851,0.4000206969714777,-3.1540306327372274e-06
0.2,500.0,0.3835990747933107,1247152053.134213,676.2418652952759,8.725020346789007e-06,2.9630218967275744e-08,6,1.9995178275579175,0.40001272895538215,-1.8637826825275759e-06
0.2,500.0,0.4212013901883932,1247049070.9841592,655.6244972608275,3.1976750963422937e-05,3.055629598893929e-08,6,1.9996808962450787,0.40000806985913573,-1.1441777815073526e-06
0.2,500.0,0.4624896741271517,1246942130.5447671,630.6273946757759,4.750117593661952e-05,3.1717383416908517e-08,6,1.999781097850768,0.40000518258851664,-7.183685400621488e-07
0.2,500.0,0.5078252438306721,1246830638.0320761,597.5906619949077,2.3432478926836664e-05,3.4331833198872036e-08,6,1.9998411935445117,0.40000344076146677,-4.7381384557614705e-07
0.2,500.0,0.5576048346557921,1246588993.7816837,559.3168714043118,0.000632887500634082,3.694923123316629e-08,6,1.9999014157040371,0.40000148189462287,-2.283592555738187e-07
0.2,500.0,0.6122640719593427,1246069173.5788598,596.6653451330421,0.30868029226672683,4.5946034813729006e-08,6,1.999938694637537,0.40000015766172853,-9.354588464792572e-08
0.2,500.0,0.6722812832920282,1246069230.4791648,469.1851143257249,0.11144997075571732,4.964702369222751e-08,6,1.9999386767252267,0.400000197430486,-1.0510988408271983e-07
0.2,500.0,0.7381816842827723,1246069052.712107,369.2222559167294,9.731851078171095e-05,7.636329130117571e-08,6,1.9999387212329987,0.40000025743501016,-9.886603920223204e-08
0.2,500.0,0.810541974844553,1245853621.3385282,272.77210223799517,9.963324633001556e-08,1.3932655596898e-07,5,1.9999420773760144,0.40000014373972376,-1.0765917392071653e-07
0.2,500.0,0.8899953859235032,1103592952.7423162,143.88599581481807,9.959392428098357e-08,5.629964599586434e-07,3,2.0,0.4,0.0
0.2,500.0,0.9772372209558107,1063772594.2252476,334.7125162131618,0.9360888957046538,1.4362295553351738e-06,3,2.0,0.4,0.0
0.2,550.0,0.01,1247621410.0044835,807.379181077843,9.929665372864778e-08,2.9951889620728174e-08,6,1.9525760397664174,0.4012129447292496,-0.0002626875019957681
0.2,550.0,0.010980250419408422,1247621409.9723814,807.3474040346763,9.960996169095607e-08,2.99563545585023e-08,6,1.9525764716041811,0.4012129814881034,-0.00026269349962575915
0.2,550.0,0.012056589927291887,1247621409.9241831,807.3101580801085,9.926942815931246e-08,2.9961738895749594e-08,6,1.9525771199509827,0.4012130222793382,-0.00026269996768607165
0.2,550.0,0.013238437660578209,1247621409.8660705,807.2652533528847,9.960923704200268e-08,2.99682313899539e-08,6,1.95257790166304,0.4012130714656125,-0.00026270776743815945
0.2,550.0,0.01453613606748761,1247621409.8057556,807.2099909301372,9.940647193521368e-08,2.9976759891069664e-08,6,1.9525787129131933,0.40121313440691375,-0.0002627179575382911
0.2,550.0,0.01596104141516088,1247621409.7462728,807.1420249866355,9.946690890534088e-08,2.9987926217680506e-08,6,1.9525795128376084,0.401213215231651,-0.0002627313151246399
0.2,550.0,0.017525623169301542,1247621409.6745503,807.0600812176231,9.966838770882957e-08,3.000139304196091e-08,6,1.9525804773613433,0.40121331269804195,-0.00026274742434866344
0.2,550.0,0.01924357311551172,1247621409.6216712,806.9575597039083,9.962226530687959e-08,3.0015865250594514e-08,6,1.9525811882477708,0.40121344274428533,-0.0002627695604793584
0.2,550.0,0.02112992517725142,1247621409.5709143,806.8326809253125,9.931359778762475e-08,3.003258400480273e-08,6,1.9525818704591846,0.40121360442240717,-0.0002627973078496892
0.2,550.0,0.023201186978958357,1247621409.509701,806.682102303701,9.960418983105525e-08,3.005275457044426e-08,6,1.9525826932114694,0.40121379942047075,-0.0002628307774733457
0.2,550.0,0.02547548430564807,1247621409.3461943,806.5099925701066,9.94635502063998e-08,3.007715005647157e-08,6,1.9525848904627492,0.40121400127818413,-0.0002628639329555757
0.2,550.0,0.0279727197231725,1247621409.1466467,806.3025648006446,9.93781005472087e-08,3.011090275685537e-08,6,1.9525875713855345,0.401214243911477,-0.0002629037474356404
0.2,550.0,0.030714746747235906,1247621409.026695,806.0397664135617,9.928948445130292e-08,3.014742728216866e-08,6,1.9525891821318522,0.40121458154708217,-0.0002629615202698953
0.2,550.0,0.03372556108533605,1247621408.7614288,805.7354722245623,9.97044087765393e-08,3.018687400302325e-08,6,1.9525927433398087,0.4012149441050109,-0.000263021539384668
0.2,550.0,0.03703151062520455,1247621408.35585,805.3774421133706,9.946089562597144e-08,3.023573147783052e-08,6,1.952598186431593,0.4012153498130194,-0.00026308710643784016
0.2,550.0,0.04066152600737297,1247621407.9468286,804.9370025359925,9.946857842941311e-08,3.0304701998278707e-08,6,1.952603672514987,0.4012158694132111,-0.0002631727596537347
0.2,550.0,0.044647373799624364,1247621407.5754786,804.3928138021519,9.95156159086979e-08,3.037810243903967e-08,6,1.9526086489909815,0.4012165422526478,-0.0002632860825453367
0.2,550.0,0.049023934488881024,1247621407.136698,803.7350453289556,9.940486273028633e-08,3.047412401882503e-08,6,1.9526145251434095,0.40121735834849553,-0.0002634237833036903
0.2,550.0,0.05382950772325868,1247621406.630546,802.9386286187205,9.94264207303415e-08,3.059021861626437e-08,6,1.9526212971473969,0.40121835309110054,-0.0002635921674860492
0.2,550.0,0.059106147475486,1247621405.9895866,801.9800324323924,9.931121293018891e-08,3.073211569099922e-08,6,1.952629862187024,0.4012195443828016,-0.0002637934770574075
0.2,550.0,0.06490003006073211,1247621405.3013723,800.8134118310835,9.924586409827894e-08,3.090892434476813e-08,6,1.9526390446117339,0.4012210170944253,-0.00026404412574747787
0.2,550.0,0.07126185822939729,1247621404.4005573,799.4109171275409,9.934794377006137e-08,3.111458075747802e-08,6,1.9526510449315126,0.40122277349237695,-0.00026434224605531207
0.2,550.0,0.07824730487111635,1247621403.1236255,797.734667411978,9.966311155783821e-08,3.136261845608204e-08,6,1.952668026433594,0.4012248305782015,-0.0002646887065609529
0.2,550.0,0.08591750021286539,1247621401.360202,795.7286544097733,9.920525440897848e-08,3.166535133574177e-08,6,1.9526914166706315,0.40122724289934675,-0.00026509193586541805
0.2,550.0,0.09433956677468387,1247621399.0678012,793.3165303475749,9.951953452055737e-08,3.2033849140036e-08,6,1.9527217395657344,0.40123011170782247,-0.0002655698606861056
0.2,550.0,0.10358720676445314,1247621396.9176128,790.333789118307,9.941954107106359e-08,3.2502914787497955e-08,6,1.9527500655647878,0.4012338325688664,-0.00026620329514381527
0.2,550.0,0.11374134705207334,1247534214.1083138,843.3739154037935,4.502334100239547e-06,2.230639242197136e-08,6,1.9858146366285492,0.400345059162189,-7.015320623887134e-05
0.2,550.0,0.12489084736726071,1247534207.5424342,840.3448028593817,3.6300860042642953e-06,2.2564497777167227e-08,6,1.9859107308944859,0.4003441638001803,-6.988653779429188e-05
0.2,550.0,0.1371332779184638,1247534201.442875,836.3820204604683,2.6963340015066594e-06,2.293168861543086e-08,6,1.985999591335188,0.4003437771162866,-6.970828422549796e-05
0.2,550.0,0.15057577323790639,1247534193.2451558,831.7385822639824,1.8050817293861657e-06,2.3355455949676862e-08,6,1.9861184222350938,0.4003429993094614,-6.943073777945144e-05
0.2,550.0,0.1653359697248269,1247534184.5169446,825.9421805083349,1.0486698521122434e-06,2.3933700037880893e-08,6,1.9862441459125126,0.4003425125382772,-6.919029021387774e-05
0.2,550.0,0.18154303509143294,1247534176.3366897,818.5295714312898,5.011337202447053e-07,2.472951798398773e-08,6,1.986360898399003,0.4003428455125499,-6.909005024389934e-05
0.2,550.0,0.19933879872033844,1247534169.1700943,809.0962359767902,1.8212752922890283e-07,2.5835749430740156e-08,6,1.9864621059836585,0.40034432650579926,-6.919095474335141e-05
0.2,550.0,0.21887899282533668,1247534160.905752,797.5051337649556,9.944953966063978e-08,2.729171578294895e-08,6,1.9865771036308055,0.4003463616090753,-6.936513239132597e-05
0.2,550.0,0.24033461527700972,1247534149.3430858,783.5038454160527,9.946036949937495e-08,2.9180135340020982e-08,6,1.9867352320295595,0.4003483731561346,-6.948905888968787e-05
0.2,550.0,0.26389342601937477,1247534134.4952133,766.334542546374,9.993888196705342e-08,3.172379390792572e-08,6,1.9868835039821522,0.400352149299689,-6.992066802748983e-05
0.2,550.0,0.2897615901728365,1247443135.082141,793.5078399551802,9.646813164584064e-06,2.3518928977212558e-08,6,1.996432159557932,0.40009101263830077,-1.651262791890931e-05
0.2,550.0,0.318165482202374,1247443116.9244835,770.6048165843506,9.477391052217889e-07,2.5821663355771175e-08,6,1.9966664772449014,0.40008719948881943,-1.5655545828024236e-05
0.2,550.0,0.34935366693939,1247443093.7628286,742.2906907531528,9.96175579559324e-08,2.9703732535300917e-08,6,1.9967813875322082,0.4000871664518764,-1.54822707505795e-05
0.2,550.0,0.3835990747933107,1247443060.249983,707.3504086669208,9.962508519483396e-08,3.554810803484199e-08,6,1.996838285291337,0.4000896444746433,-1.5740900695036714e-05
0.2,550.0,0.4212013901883932,1247348818.3480937,701.8058880725087,9.948686010577471e-08,3.1071130170081307e-08,6,1.9986448478080157,0.40003765668830576,-6.077058940106069e-06
0.2,550.0,0.4624896741271517,1247251809.7521877,676.4524238502656,9.994788751043963e-08,3.18833377140427e-08,6,1.9992501815310675,0.400020793093932,-3.1550782066623273e-06
0.2,550.0,0.5078252438306721,1247049046.1267724,650.5343044139873,1.722801783993103e-05,3.1051258476045236e-08,6,1.9996846261977228,0.4000080204472244,-1.138137392118336e-06
0.2,550.0,0.5576048346557921,1246830696.1604447,610.5649269565042,0.00016622736253715938,3.2874599768733026e-08,6,1.9998392289341105,0.40000340792843436,-4.7657362616105755e-07
0.2,550.0,0.6122640719593427,1246588987.0820189,558.2718895675483,0.0005859797230824046,3.7011469888983955e-08,6,1.999901478627083,0.4000014793193117,-2.306017328089073e-07
0.2,550.0,0.6722812832920282,1246069129.3294075,560.2225857959852,0.2798272936071249,5.066138635626788e-08,6,1.9999387067757877,0.40000016534127353,-1.0013387951751511e-07
0.2,550.0,0.7381816842827723,1246069147.3359842,416.6640507141736,0.021072610115610582,5.556873615553694e-08,6,1.9999387021073258,0.40000022394540957,-1.0982160589245497e-07
0.2,550.0,0.810541974844553,1245853702.446032,309.5869472653537,9.844208285896041e-08,9.532728446376825e-08,5,1.999942074392257,0.4000001194594347,-9.631927458952338e-08
0.2,550.0,0.8899953859235032,1104185037.0729659,159.07980012681966,9.982613053755164e-08,4.843466454106288e-07,3,2.0,0.4,0.0
0.2,550.0,0.9772372209558107,1065425691.8576959,290.7217729444809,0.9197052602840473,1.4333115433613309e-06,3,2.0,0.4,0.0
0.2,600.0,0.01,1247685357.0766516,784.0868662061088,9.853470793805382e-08,4.0034722359821024e-08,6,1.7957274856617207,0.4052234080422109,-0.0011774926566719423
0.2,600.0,0.010980250419408422,1247685354.3107164,784.0792071567419,9.862492171009051e-08,4.003523299939566e-08,6,1.795760373614851,0.4052226471148384,-0.0011773185007710625
0.2,600.0,0.012056589927291887,1247685350.9771428,784.0699767947852,9.919513479423318e-08,4.00358478071782e-08,6,1.7958000109904264,0.40522172996786454,-0.0011771085898233404
0.2,600.0,0.013238437660578209,1247685346.9598026,784.0588523340324,9.854489377576691e-08,4.003658794621494e-08,6,1.7958477785941245,0.40522062462223785,-0.0011768556040868817
0.2,600.0,0.01453613606748761,1247685342.1638265,784.0461063421966,9.928027599738544e-08,4.0037173298411066e-08,6,1.795904804025274,0.40521931803238387,-0.001176556230159987
0.2,600.0,0.01596104141516088,1247685335.4464605,784.04741314786,9.861294091737408e-08,4.003422235237145e-08,6,1.7959846596358697,0.4052173817528927,-0.0011761160406617826
0.2,600.0,0.017525623169301542,1247685327.355387,784.0489888003001,9.939086782764248e-08,4.003066239272878e-08,6,1.7960808457924178,0.4052150492272863,-0.0011755857640587816
0.2,600.0,0.01924357311551172,1247685317.6117747,784.0508855454308,9.873148498264699e-08,4.0026367540652586e-08,6,1.796196677222636,0.4052122399162282,-0.001174947086670306
0.2,600.0,0.02112992517725142,1247685309.7455359,783.9708502852883,9.850089806043925e-08,4.003868812265825e-08,6,1.7962901958893949,0.40521032620726355,-0.0011745007828163649
0.2,600.0,0.023201186978958357,1247685300.6522284,783.8731737953965,9.875323990478109e-08,4.005348852937211e-08,6,1.7963983030383581,0.40520815451758596,-0.0011739926063553843
0.2,600.0,0.02547548430564807,1247685289.209183,783.7620728548764,9.84848202501579e-08,4.007006974544653e-08,6,1.796534345765574,0.4052053622151902,-0.0011733416120582175
0.2,600.0,0.0279727197231725,1247685273.861741,783.6607271539408,9.867519831131382e-08,4.008318472779368e-08,6,1.796716808104437,0.4052014002154678,-0.0011724259859665143
0.2,600.0,0.030714746747235906,1247685254.4212723,783.5551580815444,9.936335038620363e-08,4.0095556232245424e-08,6,1.7969479323563067,0.4051962762220873,-0.0011712456840869826
0.2,600.0,0.03372556108533605,1247685229.62737,783.4558361548736,9.931755956165036e-08,4.010473441535512e-08,6,1.7972427003526712,0.40518958249436143,-0.0011697092833388733
0.2,600.0,0.03703151062520455,1247685198.212877,783.3678562609686,9.840766789153672e-08,4.01086436273161e-08,6,1.7976161618952595,0.40518093283330264,-0.0011677296640788992
0.2,600.0,0.04066152600737297,1247685162.3799381,783.2226647533155,9.897957715091221e-08,4.012178031910682e-08,6,1.7980421536520046,0.40517127511425743,-0.0011655123083250682
0.2,600.0,0.044647373799624364,1247685114.0799282,783.153174132736,9.839813252557935e-08,4.0116919566978164e-08,6,1.798616311057154,0.40515769905952426,-0.0011624143343159088
0.2,600.0,0.049023934488881024,1247685067.5662324,782.8362621506323,9.90366232663581e-08,4.015828784186693e-08,6,1.7991691587363356,0.4051457265852859,-0.001159645739645603
0.2,600.0,0.05382950772325868,1247685008.2906797,782.5097350198731,9.939597689315276e-08,4.019732646138036e-08,6,1.7998737213959817,0.4051300837746716,-0.001156042230883802
0.2,600.0,0.059106147475486,1247684934.0124836,782.1756973766231,9.916032211354316e-08,4.023236032311113e-08,6,1.8007565425011558,0.40511013331136314,-0.0011514582160627995
0.2,600.0,0.06490003006073211,1247684846.495162,781.7329643983406,9.928219668822758e-08,4.028273865525781e-08,6,1.801796677834231,0.4050868045289396,-0.00114609120651809
0.2,600.0,0.07126185822939729,1247684732.3895981,781.3814208334177,9.927783445756249e-08,4.030536525448124e-08,6,1.8031526314123882,0.40505540353302305,-0.001138900782618493
0.2,600.0,0.07824730487111635,1247684606.9862285,780.7215756585684,9.852826126286854e-08,4.038312485506881e-08,6,1.804642700396551,0.40502204094555666,-0.0011312211846571058
0.2,600.0,0.08591750021286539,1247684448.820539,780.0726283699187,9.890701844791797e-08,4.044500073476797e-08,6,1.8065218380821222,0.40497908134344396,-0.0011213618242501594
0.2,600.0,0.09433956677468387,1247684266.743138,779.1211743617864,9.911481672062528e-08,4.055876430524387e-08,6,1.8086846480264347,0.4049303666933175,-0.001110153975853753
0.2,600.0,0.10358720676445314,1247684037.899692,778.161759569312,9.872974184868125e-08,4.065852832361507e-08,6,1.811402468699947,0.40486789693607855,-0.0010958207385068901
0.2,600.0,0.11374134705207334,1247683761.8571808,777.0234101196183,9.9098842062088e-08,4.077601549151281e-08,6,1.8146800386051236,0.40479219026091123,-0.0010784558491347945
0.2,600.0,0.12489084736726071,1247683435.16313,775.5717998202381,9.874747235407791e-08,4.093887051573077e-08,6,1.8185577527842467,0.4047027203628589,-0.001057920359328106
0.2,600.0,0.1371332779184638,1247683050.8407,773.6109752258631,9.917953742053535e-08,4.118926980607854e-08,6,1.823117884577376,0.4045977054462044,-0.0010337931011984794
0.2,600.0,0.15057577323790639,1247682572.4237292,771.5176421454119,9.882895814015904e-08,4.1446315088214674e-08,6,1.8287920437736542,0.40446439855301863,-0.001003225842719079
0.2,600.0,0.1653359697248269,1247621489.2187665,896.97462059898,1.2558247866401341e-05,2.0227121603544018e-08,6,1.951439168684192,0.4011129703166494,-0.0002471539032583915
0.2,600.0,0.18154303509143294,1247621477.4593544,888.9586487687818,7.207298364111988e-06,2.0858161011916915e-08,6,1.9516151867882807,0.4011204393536064,-0.0002481711327450788
0.2,600.0,0.19933879872033844,1247621464.4682488,879.0446643572521,3.3477285379561382e-06,2.1706215682218873e-08,6,1.9518076306485954,0.4011301563014798,-0.0002495504365274181
0.2,600.0,0.21887899282533668,1247621452.0537171,866.4674524770211,1.1427404735155274e-06,2.2884241220623776e-08,6,1.9519891733898305,0.4011435143881369,-0.0002515681323020079
0.2,600.0,0.24033461527700972,1247621442.0705028,850.2858743270527,2.451662380025589e-07,2.460106592755158e-08,6,1.9521324864408192,0.40116220339480885,-0.00025455736614752943
0.2,600.0,0.26389342601937477,1247621426.9699006,830.7727029827386,9.98359292735537e-08,2.6861801428841606e-08,6,1.9523444736187077,0.40118477399980534,-0.00025816728691807606
0.2,600.0,0.2897615901728365,1247621409.2280247,806.3890325534468,9.956251291301092e-08,3.0096661688951416e-08,6,1.9525864781045745,0.4012140919493441,-0.0002629872085907585
0.2,600.0,0.318165482202374,1247534200.114424,835.4337399110216,5.41186003774778e-06,2.3014924395951395e-08,6,1.9860188895958226,0.4003436760071189,-6.974718865845584e-05
0.2,600.0,0.34935366693939,1247534166.8395655,805.4935962678836,1.9524030437548988e-07,2.6279103167953898e-08,6,1.9864947127475403,0.4003449834500428,-6.930958663400748e-05
0.2,600.0,0.3835990747933107,1247534134.4861155,766.3266841259234,9.994614742101929e-08,3.1725260387429295e-08,6,1.9868835694776716,0.40035211112019325,-6.995344338180799e-05
0.2,600.0,0.4212013901883932,1247443115.714476,768.6339486230282,9.556156029228514e-07,2.6059370026112336e-08,6,1.9966756974063034,0.4000871275554423,-1.5656329580249177e-05
0.2,600.0,0.4624896741271517,1247443066.7217667,714.0068396686507,9.935094914821507e-08,3.432897522628367e-08,6,1.9968319114706927,0.4000890065654666,-1.567550240027743e-05
0.2,600.0,0.5078252438306721,1247348797.2353706,684.562683658693,9.935682511276902e-08,3.4053772526154846e-08,6,1.9986564942990397,0.4000382025992074,-6.131848787631623e-06
0.2,600.0,0.5576048346557921,1247049092.1962488,658.3724584901398,6.248030662053855e-05,3.046150419433727e-08,6,1.999677317233392,0.4000081073679627,-1.1626540015163278e-06
0.2,600.0,0.6122640719593427,1246830667.895452,603.8939310360723,7.34655829377378e-05,3.3672879150550065e-08,6,1.9998402758062572,0.4000034119043628,-4.774261441370603e-07
0.2,600.0,0.6722812832920282,1246069129.4393322,686.4583781286551,0.41221916126210695,4.795822285625283e-08,6,1.9999387067484309,0.400000137338338,-8.934903565162412e-08
0.2,600.0,0.7381816842827723,1246069155.092331,471.6249539735343,0.13183039237888244,5.0144080482676876e-08,6,1.9999386999731072,0.40000019388595365,-1.099824968252211e-07
0.2,600.0,0.810541974844553,1245853882.2114205,338.7216456075891,0.00041150956556179765,8.09500439864369e-08,5,1.9999420626709827,0.40000010210915177,-8.843620641827049e-08
0.2,600.0,0.8899953859235032,1104682198.083746,174.31872278907068,9.956454910940034e-08,4.2225154830586557e-07,3,2.0,0.4,0.0
0.2,600.0,0.9772372209558107,1067118646.5692976,223.48328989446105,0.8860052760738847,1.5938237880038275e-06,3,2.0,0.4,0.0
0.2,650.0,0.01,1247696618.4948437,837.5332217892967,1.2968476393527e-06,3.527079269078084e-08,6,1.6612978521808601,0.4080505379768402,-0.0018338998857973065
0.2,650.0,0.010980250419408422,1247696616.0151658,837.5016189403925,1.4219146869067598e-06,3.527475047040712e-08,6,1.6613275303052506,0.4080500700397097,-0.0018337854288398492
0.2,650.0,0.012056589927291887,1247696613.026404,837.4635178278851,1.55857278877421e-06,3.5279522403348357e-08,6,1.6613633014217086,0.408049506042562,-0.0018336474749101584
0.2,650.0,0.013238437660578209,1247696608.8888175,837.4245845586895,1.7088805687779685e-06,3.5284209027274074e-08,6,1.661412824727768,0.4080486275098889,-0.0018334375825597793
0.2,650.0,0.01453613606748761,1247696603.7523353,837.3833347231905,1.8728128881208104e-06,3.528875937121385e-08,6,1.6614743051972918,0.4080475014686481,-0.0018331701012083762
0.2,650.0,0.01596104141516088,1247696597.5626736,837.3336143760282,2.0516281610966007e-06,3.5294244917542177e-08,6,1.6615483915646452,0.40804614441610587,-0.0018328477488063414
0.2,650.0,0.017525623169301542,1247696590.1044824,837.2736911647362,2.2463859023228437e-06,3.530085748563698e-08,6,1.6616376614331616,0.4080445090242324,-0.0018324592868694915
0.2,650.0,0.01924357311551172,1247696579.5728579,837.2302329964856,2.46182445908127e-06,3.530367240145475e-08,6,1.6617637186200085,0.4080419493035897,-0.0018318622160024781
0.2,650.0,0.02112992517725142,1247696565.9999135,837.1938222234826,2.697690735982405e-06,3.530434116512407e-08,6,1.6619261786876949,0.4080385129653386,-0.0018310660284334944
0.2,650.0,0.023201186978958357,1247696549.330349,837.1568348242124,2.956527694290121e-06,3.530416739766487e-08,6,1.662125699554906,0.4080342598220602,-0.0018300818430358752
0.2,650.0,0.02547548430564807,1247696529.3701465,837.1104484371829,3.2383554184889134e-06,3.5303915498465554e-08,6,1.6623645955562063,0.4080291821630875,-0.001828906341421003
0.2,650.0,0.0279727197231725,1247696507.6290908,837.0070025308511,3.5386158710519697e-06,3.5311888926410406e-08,6,1.662624798036499,0.40802395711013545,-0.0018276852136377168
0.2,650.0,0.030714746747235906,1247696486.1965566,836.7977201522905,3.8487952243820575e-06,3.533675688720769e-08,6,1.6628813240609235,0.4080195036256348,-0.001826616684272775
0.2,650.0,0.03372556108533605,1247696452.9536357,836.6823782531532,4.201436203809793e-06,3.53421584763445e-08,6,1.6632792097926776,0.40801126216659833,-0.0018247005974505663
0.2,650.0,0.03703151062520455,1247696411.2232819,836.5780269976063,4.5875083305804844e-06,3.534324663094149e-08,6,1.6637786664979848,0.40800068635050407,-0.001822250695683902
0.2,650.0,0.04066152600737297,1247696368.6199033,836.3073589636375,4.972103096072879e-06,3.536940326490522e-08,6,1.6642885456120764,0.4079909026674334,-0.0018199460800842919
0.2,650.0,0.044647373799624364,1247696313.76628,836.044468517703,5.3910961613516685e-06,3.5390590069340305e-08,6,1.6649450517476254,0.4079777573051714,-0.001816872473086173
0.2,650.0,0.049023934488881024,1247696250.7552884,835.6702013777247,5.8137018924445055e-06,3.542602511931219e-08,6,1.6656991727707273,0.4079630879808015,-0.0018134253015230995
0.2,650.0,0.05382950772325868,1247696174.2958517,835.2270101777281,6.2489674263217124e-06,3.546867230772042e-08,6,1.6666142202610859,0.4079451903295896,-0.00180922345861959
0.2,650.0,0.059106147475486,1247696082.6024764,834.676201986161,6.684669103498413e-06,3.5521966923194386e-08,6,1.6677115830139355,0.4079237664911679,-0.0018041920765379186
0.2,650.0,0.06490003006073211,1247695952.4521883,834.4048009333992,7.2207984443784436e-06,3.551528206210089e-08,6,1.6692691931323944,0.4078902958632572,-0.0017964564161693452
0.2,650.0,0.07126185822939729,1247695816.8211994,833.6975106532037,7.648100615867846e-06,3.557480683077754e-08,6,1.6708923029459255,0.4078581039375024,-0.0017889167896488498
0.2,650.0,0.07824730487111635,1247695659.6308804,832.7272442473101,7.996538021988897e-06,3.567045748883711e-08,6,1.6727733116772954,0.40782161979484327,-0.001780338957430514
0.2,650.0,0.08591750021286539,1247695458.5754497,831.7677455699896,8.347726115475335e-06,3.5748845319152795e-08,6,1.675179180360977,0.40777300833384006,-0.0017689895896359962
0.2,650.0,0.09433956677468387,1247695212.712067,830.7183218623928,8.645223812494202e-06,3.5823631515602576e-08,6,1.6781210090076546,0.4077128310277572,-0.0017549685813995704
0.2,650.0,0.10358720676445314,1247694924.3115902,829.3563751231252,8.78658611682881e-06,3.593171012871562e-08,6,1.6815714940350752,0.40764304256329686,-0.0017386775851273692
0.2,650.0,0.11374134705207334,1247694586.1411848,827.5818265741133,8.711900016750946e-06,3.608705497899167e-08,6,1.6856170085528304,0.4075620942165493,-0.0017197480480853566
0.2,650.0,0.12489084736726071,1247694165.2963982,825.7209465601211,8.523875171176034e-06,3.622895320044357e-08,6,1.690650931798004,0.4074587312810415,-0.0016956817737909722
0.2,650.0,0.1371332779184638,1247693678.4571295,823.2223157304365,7.991326252986212e-06,3.6448309755150174e-08,6,1.6964731412355039,0.40734102739225536,-0.0016682057320832697
0.2,650.0,0.15057577323790639,1247693086.3352408,820.4173747105137,7.238885026227602e-06,3.6683344271196235e-08,6,1.70355273845614,0.407195689816028,-0.0016343665888828946
0.2,650.0,0.1653359697248269,1247692385.3505204,817.0208885321167,6.184127297162565e-06,3.6973366662949554e-08,6,1.7119313324984422,0.4070233645756002,-0.0015942565106043692
0.2,650.0,0.18154303509143294,1247691552.4166963,812.9391889171399,4.8932479902765146e-06,3.733688739649354e-08,6,1.721883035656122,0.40681735616094883,-0.0015463560860868994
0.2,650.0,0.19933879872033844,1247690553.3124838,808.2936450730646,3.510736821995599e-06,3.773945737975351e-08,6,1.7338140579051056,0.4065667621650879,-0.0014882220973046433
0.2,650.0,0.21887899282533668,1247689380.9691799,802.6608798825781,2.1480036868021453e-06,3.825348662639004e-08,6,1.7478040522869123,0.4062710213663014,-0.0014196755948998993
0.2,650.0,0.24033461527700972,1247687983.2946763,796.3094498676264,1.058739135000315e-06,3.8823535708006265e-08,6,1.7644673475665353,0.4059120947156552,-0.0013367056654243067
0.2,650.0,0.26389342601937477,1247686346.92248,788.6169870776171,3.6351669654393194e-07,3.957659344779348e-08,6,1.783953353347646,0.40548594786718517,-0.0012383640727136357
0.2,650.0,0.2897615901728365,1247684407.6184502,779.9111719630448,9.915364445972514e-08,4.0460068824907145e-08,6,1.8070112895536363,0.4049678808161362,-0.0011191385058884969
0.2,650.0,0.318165482202374,1247621492.411305,898.1141888192623,2.5499635413416244e-05,2.015293085774304e-08,6,1.9513911357667693,0.40111216696489466,-0.0002473158340060284
0.2,650.0,0.34935366693939,1247621450.7842708,864.8425109226326,1.4895389297286035e-06,2.3048145285807497e-08,6,1.952007568930515,0.4011452740330977,-0.00025198952766144567
0.2,650.0,0.3835990747933107,1247621419.809471,819.7714884013367,9.954175496139057e-08,2.8266562306232778e-08,6,1.952443035426423,0.40119799917489735,-0.0002604300235852292
0.2,650.0,0.4212013901883932,1247534183.8654935,825.1552742021663,2.2529267104881038e-06,2.401346119718672e-08,6,1.9862534853317222,0.4003425150936559,-6.930055641517651e-05
0.2,650.0,0.4624896741271517,1247534132.862556,764.2915982532154,9.947932168847595e-08,3.2051608260600084e-08,6,1.9868948378111075,0.40035269625857184,-7.00633842342481e-05
0.2,650.0,0.5078252438306721,1247443092.5819616,740.970000190368,9.952214927599139e-08,2.989336877849231e-08,6,1.996784770632154,0.40008716732275995,-1.550972583436404e-05
0.2,650.0,0.5576048346557921,1247348804.921335,690.9012628671304,9.957511764035382e-08,3.291711703115296e-08,6,1.9986529841514644,0.4000379534064934,-6.113966874624135e-06
0.2,650.0,0.6122640719593427,1247049032.1795082,647.4255852327473,1.2010148492184144e-05,3.137814137286327e-08,6,1.9996864540765054,0.4000079912107034,-1.1381637246103936e-06
0.2,650.0,0.6722812832920282,1246196317.9942667,680.7359889182828,0.3339851902624674,4.5377956015884e-08,6,1.9999344957533218,0.4000002475545055,-9.410333750429634e-08
0.2,650.0,0.7381816842827723,1246069095.194575,545.6902300945665,0.2824076457095601,5.738591596127049e-08,6,1.9999387143634666,0.40000016606776984,-1.038850882900031e-07
0.2,650.0,0.810541974844553,1246069037.577322,359.0754055819902,1.5580185876076863e-05,8.338977740134334e-08,6,1.9999387230122905,0.4000002645240835,-1.0170658023435009e-07
0.2,650.0,0.8899953859235032,1105119784.9513693,189.59205223375747,9.781305982247056e-08,3.7231300664762464e-07,3,2.0,0.4,0.0
0.2,650.0,0.9772372209558107,1068112417.8204405,253.75668731454135,0.8942940475998828,1.3966883735144507e-06,3,2.0,0.4,0.0
0.30000000000000004,200.0,0.01,1245958449.0966287,373.222181843651,3.4975550311858294e-07,7.356208893824643e-08,6,1.999940771361704,0.6000003605795421,-1.301072148469594e-07
0.30000000000000004,200.0,0.010980250419408422,1245958449.0520923,373.21594535349567,3.8332039988332427e-07,7.356145672483254e-08,6,1.9999407713656177,0.6000003605893844,-1.3010836704304605e-07
0.30000000000000004,200.0,0.012056589927291887,1245958448.9984093,373.2084267196561,4.1994408690884744e-07,7.356069345451737e-08,6,1.9999407713703354,0.600000360601247,-1.3010975631324372e-07
0.30000000000000004,200.0,0.013238437660578209,1245958448.9337018,373.1993627105746,4.598524873132817e-07,7.35597713912762e-08,6,1.999940771376022,0.6000003606155541,-1.3011143146482762e-07
0.30000000000000004,200.0,0.01453613606748761,1245958448.855708,373.18843610331976,5.032703402948219e-07,7.355865681570584e-08,6,1.999940771382876,0.6000003606327995,-1.301134513661019e-07
0.30000000000000004,200.0,0.01596104141516088,1245958448.761702,373.17526481080864,5.504138890496567e-07,7.355730846087978e-08,6,1.9999407713911375,0.6000003606535976,-1.301158870253903e-07
0.30000000000000004,200.0,0.017525623169301542,1245958448.6484015,373.15938858263627,6.014807293976756e-07,7.355567584406715e-08,6,1.9999407714010944,0.6000003606786746,-1.3011882410344684e-07
0.30000000000000004,200.0,0.01924357311551172,1245958448.5118527,373.1402531635201,6.566359782652895e-07,7.355369698470858e-08,6,1.9999407714130943,0.6000003607089168,-1.301223659489088e-07
0.30000000000000004,200.0,0.02112992517725142,1245958448.3472948,373.1171913553162,7.159937228487902e-07,7.355129540784689e-08,6,1.9999407714275559,0.6000003607453825,-1.3012663726778017e-07
0.30000000000000004,200.0,0.023201186978958357,1245958448.1489975,373.08940006624243,7.795924941122693e-07,7.354837661579485e-08,6,1.9999407714449824,0.6000003607893577,-1.3013178856350663e-07
0.30000000000000004,200.0,0.02547548430564807,1245958447.9100647,373.0559131899431,8.473633069258767e-07,7.354482305450287e-08,6,1.99994077146598,0.6000003608423913,-1.301380015099573e-07
0.30000000000000004,200.0,0.0279727197231725,1245958447.6222012,373.0155689041556,9.190886255127361e-07,7.354048791393251e-08,6,1.9999407714912778,0.6000003609063579,-1.30145495462034e-07
0.30000000000000004,200.0,0.030714746747235906,1245958447.275434,372.9669708183749,9.943505622745244e-07,7.353518673881061e-08,6,1.9999407715217519,0.600000360983499,-1.301545353501238e-07
0.30000000000000004,200.0,0.03372556108533605,1245958446.857779,372.90844180981816,1.07246677586581e-06,7.352868617830252e-08,6,1.9999407715584558,0.6000003610765579,-1.3016544126436503e-07
0.30000000000000004,200.0,0.03703151062520455,1245958446.3548465,372.83796916577495,1.1524131023950776e-06,7.352068900045959e-08,6,1.9999407716026538,0.6000003611888178,-1.3017860010766418e-07
0.30000000000000004,200.0,0.04066152600737297,1245958445.749373,372.75313987750354,1.232733218204221e-06,7.351081361529163e-08,6,1.9999407716558633,0.6000003613242553,-1.3019447978686467e-07
0.30000000000000004,200.0,0.044647373799624364,1245958444.977346,372.6429104114086,1.3113136487041645e-06,7.350785103581585e-08,6,1.9999407717235291,0.6000003614873285,-1.3021363616554084e-07
0.30000000000000004,200.0,0.049023934488881024,1245958444.1394136,372.5140680611375,1.385638052412806e-06,7.350455403559519e-08,6,1.9999407717961708,0.6000003616850783,-1.3023680181383338e-07
0.30000000000000004,200.0,0.05382950772325868,1245958443.1314783,372.35913618371507,1.4523241989767033e-06,7.349988878028725e-08,6,1.9999407718835505,0.6000003619237841,-1.3026477809588413e-07
0.30000000000000004,200.0,0.059106147475486,1245958441.9196515,372.17293964126446,1.50721191369978e-06,7.349325501887865e-08,6,1.9999407719886058,0.6000003622119988,-1.3029857780757907e-07
0.30000000000000004,200.0,0.06490003006073211,1245958440.4636226,371.94933439483265,1.5453808891147273e-06,7.348378215702055e-08,6,1.9999407721148315,0.6000003625601732,-1.3033944043114651e-07
0.30000000000000004,200.0,0.07126185822939729,1245853992.2890077,360.49282524049937,1.5676119525420225e-05,1.0049662482285737e-07,5,1.999942054417487,0.6000002178089501,-1.2357290972761346e-07
0.30000000000000004,200.0,0.07824730487111635,1245853963.0607188,361.9357076565691,1.6661814513305404e-05,9.60198478637671e-08,5,1.9999420565706068,0.6000002179608382,-1.2362139667209423e-07
0.30000000000000004,200.0,0.08591750021286539,1245853943.474101,362.674208511718,1.7166353164142917e-05,9.321411383580112e-08,5,1.9999420580354579,0.6000002182780353,-1.23686927160556e-07
0.30000000000000004,200.0,0.09433956677468387,1245853926.4776037,363.11437222359126,1.725232699863902e-05,9.096880019239393e-08,5,1.9999420593179016,0.6000002187189516,-1.2376923222929804e-07
0.30000000000000004,200.0,0.10358720676445314,1245853910.4223514,363.3533659177221,1.6876303547292935e-05,8.89932819308018e-08,5,1.999942060534024,0.6000002192921746,-1.2387107985835538e-07
0.30000000000000004,200.0,0.11374134705207334,1245853894.7749243,363.39453166470065,1.5979099480607295e-05,8.722196045862576e-08,5,1.9999420617203525,0.6000002200204941,-1.2399649655989176e-07
0.30000000000000004,200.0,0.12489084736726071,1245853879.4418747,363.20071965777385,1.4526402525987578e-05,8.567383042769288e-08,5,1.999942062879812,0.6000002209371603,-1.2415077291645395e-07
0.30000000000000004,200.0,0.1371332779184638,1245853864.089883,362.7520311459806,1.2548330085807484e-05,8.432928874496643e-08,5,1.999942064033442,0.6000002220806245,-1.243403013157094e-07
0.30000000000000004,200.0,0.15057577323790639,1245853848.4571586,362.00686580827755,1.0156546068948854e-05,8.31853430456413e-08,5,1.9999420651962518,0.6000002235008616,-1.2457329619871083e-07
0.30000000000000004,200.0,0.1653359697248269,1245853832.5829413,360.9024558962075,7.553937880660462e-06,8.229469131796729e-08,5,1.9999420663590914,0.6000002252633059,-1.2486036419528476e-07
0.30000000000000004,200.0,0.18154303509143294,1245853816.4512126,359.36002815197435,5.025046724134931e-06,8.172097344773376e-08,5,1.9999420675150266,0.6000002274499917,-1.2521484706320242e-07
0.30000000000000004,200.0,0.19933879872033844,1245853799.943116,357.29684412250907,2.8782631536071944e-06,8.15162460549909e-08,5,1.9999420686648932,0.6000002301643407,-1.2565398785966697e-07
0.30000000000000004,200.0,0.21887899282533668,1245853782.9032402,354.6022327937683,1.3428266620561977e-06,8.177017956272639e-08,5,1.9999420698092432,0.6000002335396094,-1.2620036682314898e-07
0.30000000000000004,200.0,0.24033461527700972,1245853765.4003034,351.1439353586214,4.6948590326295727e-07,8.260198397504208e-08,5,1.9999420709305262,0.6000002377520792,-1.2688437524292865e-07
0.30000000000000004,200.0,0.26389342601937477,1245853747.3913305,346.7899157461324,1.0806394638340385e-07,8.412724826021536e-08,5,1.9999420720183017,0.6000002430328216,-1.2774620865699438e-07
0.30000000000000004,200.0,0.2897615901728365,1245853728.4664416,341.3003016051467,9.632248780047128e-08,8.669462655676351e-08,5,1.9999420730800994,0.6000002496920473,-1.2884206445571448e-07
0.30000000000000004,200.0,0.318165482202374,1245853708.4898186,334.44172467102686,9.912786581584371e-08,9.066052546642017e-08,5,1.9999420741032499,0.6000002581590599,-1.302505221226949e-07
0.30000000000000004,200.0,0.34935366693939,1245853687.2415264,325.9374019263268,9.896196112550874e-08,9.65487819497356e-08,5,1.9999420750767791,0.6000002690408492,-1.3208571142663442e-07
0.30000000000000004,200.0,0.3835990747933107,1245853664.3507195,315.4467839575659,9.908529954114025e-08,1.0519043433265589e-07,5,1.9999420759940445,0.6000002832041188,-1.3451889317229502e-07
0.30000000000000004,200.0,0.4212013901883932,1245853639.252097,302.55501732269596,9.980540084248105e-08,1.1796212005978755e-07,5,1.9999420768509122,0.600000301998271,-1.3781555204943378e-07
0.30000000000000004,200.0,0.4624896741271517,1245853611.024614,286.7471552349877,9.816747411319875e-08,1.3732183343817578e-07,5,1.9999420776488397,0.6000003275851049,-1.424100494293567e-07
0.30000000000000004,200.0,0.5078252438306721,1245853577.9886856,267.30552330547295,9.777167789943153e-08,1.684119048330624e-07,5,1.99994207839787,0.6000003636253042,-1.490523443650077e-07
0.30000000000000004,200.0,0.5576048346557921,1245829625.5008397,236.03733132186244,9.751520285447175e-08,2.7846046492792137e-07,5,1.9999424284841392,0.6000004001299911,-1.574406981764032e-07
0.30000000000000004,200.0,0.6122640719593427,1245734920.904764,210.24961472113915,9.923841930047613e-08,3.323924470122855e-07,5,1.999943536749177,0.6000004324215208,-1.684776907039242e-07
0.30000000000000004,200.0,0.6722812832920282,1104597662.8538272,184.03831604244235,9.95942862459862e-08,4.052039427690951e-07,3,2.0,0.6000000000000001,0.0
0.30000000000000004,200.0,0.7381816842827723,1103363538.3496711,148.81513696445916,9.28123243678092e-08,5.572175641236411e-07,3,2.0,0.6000000000000001,0.0
0.30000000000000004,200.0,0.810541974844553,1100584611.2243404,103.3431374824699,8.953233643162181e-08,9.623866456077879e-07,3,2.0,0.6000000000000001,0.0
0.30000000000000004,200.0,0.8899953859235032,1094295174.964417,60.77014281413701,4.648918919181253e-09,2.0677167328519587e-06,3,2.0,0.6000000000000001,0.0
0.30000000000000004,200.0,0.9772372209558107,1038639155.8273771,413.52825539388607,0.9773169260250527,3.355332807985748e-05,2,2.0,0.6000000000000001,0.0
0.30000000000000004,250.0,0.01,1246196257.5549688,461.254729178355,3.9071144671828705e-06,5.707231777578532e-08,6,1.9999345301643183,0.6000008600797541,-1.5660650656179153e-07
0.30000000000000004,250.0,0.010980250419408422,1246196257.536261,461.2441331082051,4.28359203730693e-06,5.707588276845017e-08,6,1.9999345301722509,0.6000008600976137,-1.5660814413953877e-07
0.30000000000000004,250.0,0.012056589927291887,1246196257.513735,461.23135524641367,4.694875162054872e-06,5.708017943519738e-08,6,1.9999345301818026,0.6000008601191492,-1.566101181960796e-07
0.30000000000000004,250.0,0.013238437660578209,1246196257.4866085,461.21594687054153,5.143703217256347e-06,5.708535798641857e-08,6,1.9999345301933051,0.60000086014511,-1.566124977669205e-07
0.30000000000000004,250.0,0.01453613606748761,1246196257.453939,461.19736704715143,5.632870627830057e-06,5.7091599433173404e-08,6,1.999934530207158,0.6000008601764245,-1.566153660089654e-07
0.30000000000000004,250.0,0.01596104141516088,1246196257.414591,461.17496370224865,6.165165668087798e-06,5.7099121880606385e-08,6,1.9999345302238427,0.600000860214173,-1.5661882307005166e-07
0.30000000000000004,250.0,0.017525623169301542,1246196257.3671958,461.1479509889549,6.743283207887307e-06,5.710818815825501e-08,6,1.9999345302439395,0.6000008602597023,-1.5662298952895842e-07
0.30000000000000004,250.0,0.01924357311551172,1246196257.3101044,461.1153817122409,7.369703185327703e-06,5.711911488271365e-08,6,1.999934530268148,0.600000860314603,-1.5662801052714916e-07
0.30000000000000004,250.0,0.02112992517725142,1246196257.2413292,461.0761144792709,8.046524560951639e-06,5.713228347181423e-08,6,1.9999345302973108,0.6000008603808065,-1.5663406070884384e-07
0.30000000000000004,250.0,0.023201186978958357,1246196257.1584764,461.0287738716206,8.775241937676288e-06,5.71481532702783e-08,6,1.9999345303324427,0.6000008604606507,-1.5664135013509737e-07
0.30000000000000004,250.0,0.02547548430564807,1246196257.0586605,460.9717029055405,9.556449417705609e-06,5.7167277431663115e-08,6,1.9999345303747675,0.6000008605569488,-1.566501313349973e-07
0.30000000000000004,250.0,0.0279727197231725,1246196256.938406,460.90290551875165,1.0389453436009572e-05,5.7190321841213385e-08,6,1.999934530425759,0.6000008606730916,-1.5666070778891042e-07
0.30000000000000004,250.0,0.030714746747235906,1246196256.7935264,460.8199776677601,1.1271773681483342e-05,5.721808783783963e-08,6,1.9999345304871923,0.6000008608131756,-1.566734440359783e-07
0.30000000000000004,250.0,0.03372556108533605,1246196256.618978,460.7200249683012,1.2198510413711016e-05,5.7251539444756716e-08,6,1.999934530561206,0.6000008609821635,-1.5668877738740912e-07
0.30000000000000004,250.0,0.03703151062520455,1246196256.4016888,460.5941741841096,1.316073382044804e-05,5.7297337975800595e-08,6,1.9999345306524001,0.6000008611858751,-1.567072254390982e-07
0.30000000000000004,250.0,0.04066152600737297,1246196256.1522186,460.4477852723611,1.414754460322393e-05,5.7347322909788494e-08,6,1.9999345307557963,0.6000008614322789,-1.567294563883976e-07
0.30000000000000004,250.0,0.044647373799624364,1246196255.8516693,460.2713950663323,1.5140757420214104e-05,5.740752342078955e-08,6,1.999934530880363,0.6000008617296283,-1.5675618991649862e-07
0.30000000000000004,250.0,0.049023934488881024,1246196255.4895952,460.0588843911092,1.6116232057382878e-05,5.748001304140404e-08,6,1.9999345310304297,0.6000008620885291,-1.5678833326552837e-07
0.30000000000000004,250.0,0.05382950772325868,1246196255.0534256,459.8029007969534,1.7041946570957475e-05,5.756727857359718e-08,6,1.999934531211206,0.6000008625218564,-1.568269600564315e-07
0.30000000000000004,250.0,0.059106147475486,1246196254.5280497,459.4946230928143,1.7876622820585825e-05,5.7672296443817806e-08,6,1.9999345314289552,0.6000008630451162,-1.568733158839106e-07
0.30000000000000004,250.0,0.06490003006073211,1246196253.8969014,459.11552863130714,1.856711241757739e-05,5.7807270198043274e-08,6,1.99993453168467,0.6000008636778367,-1.5692893825038098e-07
0.30000000000000004,250.0,0.07126185822939729,1246196253.1466334,458.6650757943759,1.905437878037534e-05,5.7963637840572854e-08,6,1.999934531988605,0.6000008644427363,-1.5699556501785436e-07
0.30000000000000004,250.0,0.07824730487111635,1246196252.2404723,458.1166137270369,1.926530956823016e-05,5.815865169227175e-08,6,1.9999345323525555,0.6000008653676779,-1.5707526776115287e-07
0.30000000000000004,250.0,0.08591750021286539,1246196251.169197,457.4594964511664,1.912566564915473e-05,5.839103749159266e-08,6,1.9999345327767157,0.6000008664879309,-1.5717055878893573e-07
0.30000000000000004,250.0,0.09433956677468387,1246196249.8822453,456.66110492144225,1.85585074810105e-05,5.867964037262071e-08,6,1.999934533279185,0.6000008678447833,-1.5728414666188615e-07
0.30000000000000004,250.0,0.10358720676445314,1246196248.349135,455.69801525371105,1.7503136472755716e-05,5.9031016785287726e-08,6,1.9999345338685708,0.6000008694899058,-1.5741923286094447e-07
0.30000000000000004,250.0,0.11374134705207334,1246196246.5307283,454.5344254052438,1.592715832384364e-05,5.946157632027972e-08,6,1.9999345345527755,0.6000008714870965,-1.575794376742535e-07
0.30000000000000004,250.0,0.12489084736726071,1246196244.3794558,453.12785563084395,1.3849606347200106e-05,5.999129479781045e-08,6,1.999934535341723,0.6000008739152096,-1.5776879166809565e-07
0.30000000000000004,250.0,0.1371332779184638,1246069322.4080112,446.9364906566167,0.004788508875151362,6.761774867352834e-08,6,1.9999386468592777,0.6000004741539979,-1.3337697119701668e-07
0.30000000000000004,250.0,0.15057577323790639,1246069263.7338798,449.7490815254277,0.005124494578573171,6.149235464283241e-08,6,1.999938665807027,0.6000004744284818,-1.3349814245731754e-07
0.30000000000000004,250.0,0.1653359697248269,1246069233.1183915,449.6552563449447,0.0051188269180637395,5.9082188125406086e-08,6,1.9999386758641418,0.6000004760653895,-1.337124176176943e-07
0.30000000000000004,250.0,0.18154303509143294,1246069208.7212708,448.4342414982494,0.00488495209208183,5.768633638354579e-08,6,1.9999386837602169,0.6000004785064716,-1.3397980363488408e-07
0.30000000000000004,250.0,0.19933879872033844,1246069187.017215,446.27945290597324,0.004421476629993215,5.691187373065938e-08,6,1.9999386905742698,0.600000481789697,-1.3429507366945604e-07
0.30000000000000004,250.0,0.21887899282533668,1246069166.9406595,443.1469502875748,0.0037336685311571698,5.669805552811434e-08,6,1.999938696590518,0.6000004860724009,-1.3465637517447695e-07
0.30000000000000004,250.0,0.24033461527700972,1246069147.6736362,438.9403154825506,0.002866102941027967,5.704442940225742e-08,6,1.9999387020154216,0.6000004915733846,-1.3506125695763546e-07
0.30000000000000004,250.0,0.26389342601937477,1246069128.6787531,433.494086184362,0.001918494396529192,5.803526817390509e-08,6,1.9999387069366383,0.6000004985939217,-1.355092979209269e-07
0.30000000000000004,250.0,0.2897615901728365,1246069109.623538,426.6036557288039,0.0010459125999074904,5.981908874603827e-08,6,1.9999387113721692,0.6000005075343758,-1.3600849421144105e-07
0.30000000000000004,250.0,0.318165482202374,1246069090.242972,417.97878712969134,0.00041272086828923434,6.267085631665638e-08,6,1.9999387153137216,0.6000005189225371,-1.365921674764021e-07
0.30000000000000004,250.0,0.34935366693939,1246069070.350502,407.26514159193255,9.497226282428668e-05,6.700748806529943e-08,6,1.9999387187295257,0.600000533461249,-1.3734947856427568e-07
0.30000000000000004,250.0,0.3835990747933107,1246069049.6916602,394.0190292196042,8.296163562659803e-06,7.349586396958263e-08,6,1.9999387216142737,0.6000005521105944,-1.3845878699706932e-07
0.30000000000000004,250.0,0.4212013901883932,1245958558.8161418,378.1819207611678,0.00012609946785901378,8.223288816095678e-08,6,1.999940761024444,0.6000003480538112,-1.286827163708391e-07
0.30000000000000004,250.0,0.4624896741271517,1245853870.001932,362.9787831663742,4.669558988785727e-05,8.480474529164508e-08,5,1.9999420635906853,0.6000002215936932,-1.242626454472221e-07
0.30000000000000004,250.0,0.5078252438306721,1245853743.4404678,345.72371904518286,1.5192264983352174e-07,8.457913464936583e-08,5,1.9999420722471721,0.6000002443193982,-1.2795716058781965e-07
0.30000000000000004,250.0,0.5576048346557921,1245853671.7186947,318.9648412104879,9.865087181135519e-08,1.0212347048659212e-07,5,1.9999420757133843,0.6000002783533793,-1.336797588753573e-07
0.30000000000000004,250.0,0.6122640719593427,1245853607.3529944,284.6199984738818,9.966534433338995e-08,1.4029417433411391e-07,5,1.9999420777411498,0.600000331265359,-1.4307985883362349e-07
0.30000000000000004,250.0,0.6722812832920282,1245827707.6260507,234.56954616102826,9.807776586099227e-08,2.8113808684671397e-07,5,1.9999424555210707,0.6000004035650265,-1.5822377692370045e-07
0.30000000000000004,250.0,0.7381816842827723,1104797375.6602623,191.19279017563565,9.693008051351699e-08,3.82680359890165e-07,3,2.0,0.6000000000000001,0.0
0.30000000000000004,250.0,0.810541974844553,1102874927.4810946,138.19372131466025,9.289984102731914e-08,6.240067902810208e-07,3,2.0,0.6000000000000001,0.0
0.30000000000000004,250.0,0.8899953859235032,1097266812.4884999,75.53889479233706,7.817054841640377e-08,1.541096112161537e-06,3,2.0,0.6000000000000001,0.0
0.30000000000000004,250.0,0.9772372209558107,1052075710.7610229,475.42865217597745,0.9753410624165082,3.632311794261221e-06,3,2.0,0.6000000000000001,0.0
0.30000000000000004,300.0,0.01,1246460024.4454417,553.1590561846282,4.359294355228826e-06,4.1759092271827874e-08,6,1.999917514215749,0.6000021101263069,-2.5490500787813906e-07
0.30000000000000004,300.0,0.010980250419408422,1246460024.4097526,553.1480790823927,4.779609661978784e-06,4.176045167237226e-08,6,1.999917514325772,0.6000021101601893,-2.5490734481892257e-07
0.30000000000000004,300.0,0.012056589927291887,1246460024.3667853,553.134837792125,5.238870063014784e-06,4.176209172523741e-08,6,1.999917514458232,0.6000021102010658,-2.5491016343382307e-07
0.30000000000000004,300.0,0.013238437660578209,1246460024.3150504,553.118866479546,5.740169838067701e-06,4.1764070002852435e-08,6,1.9999175146177208,0.6000021102503552,-2.5491356285571906e-07
0.30000000000000004,300.0,0.01453613606748761,1246460024.2527537,553.0996036666207,6.286676760646077e-06,4.176645579723327e-08,6,1.9999175148097694,0.6000021103098242,-2.549176626027339e-07
0.30000000000000004,300.0,0.01596104141516088,1246460024.1777341,553.0763727028838,6.881567501391607e-06,4.1769332459571756e-08,6,1.9999175150410404,0.6000021103815391,-2.5492260676822525e-07
0.30000000000000004,300.0,0.017525623169301542,1246460024.0873878,553.048358063577,7.527935038776479e-06,4.177280022198996e-08,6,1.999917515319561,0.6000021104680531,-2.5492856956270555e-07
0.30000000000000004,300.0,0.01924357311551172,1246460023.9785795,553.0145776283708,8.228658986003534e-06,4.177697945181875e-08,6,1.999917515654996,0.6000021105723977,-2.549357599383322e-07
0.30000000000000004,300.0,0.02112992517725142,1246460023.8475332,552.9738482042455,8.986228048611186e-06,4.178201466830284e-08,6,1.9999175160589866,0.600002110698259,-2.5494443027927805e-07
0.30000000000000004,300.0,0.023201186978958357,1246460023.6897023,552.9247449180151,9.802500291784702e-06,4.178807918656686e-08,6,1.9999175165455494,0.6000021108500716,-2.5495488477029565e-07
0.30000000000000004,300.0,0.02547548430564807,1246460023.4845319,552.8593567657231,1.0677817296122569e-05,4.1798618004060596e-08,6,1.9999175171681933,0.6000021110306336,-2.549673560369742e-07
0.30000000000000004,300.0,0.0279727197231725,1246460023.2595136,552.7868735472985,1.1612668519594757e-05,4.1808177976729904e-08,6,1.9999175178459114,0.6000021112539776,-2.549827427929405e-07
0.30000000000000004,300.0,0.030714746747235906,1246460022.9885151,552.6995176345395,1.260424984867333e-05,4.1819679529392065e-08,6,1.9999175186621145,0.600002111523423,-2.550012927736356e-07
0.30000000000000004,300.0,0.03372556108533605,1246460022.6621625,552.5942533138407,1.364758486812901e-05,4.183350924163402e-08,6,1.999917519645035,0.6000021118485191,-2.5502365982228603e-07
0.30000000000000004,300.0,0.03703151062520455,1246460022.2691839,552.4674318330165,1.473423846912409e-05,4.1850127178895084e-08,6,1.9999175208286224,0.6000021122408057,-2.5505062733771844e-07
0.30000000000000004,300.0,0.04066152600737297,1246460021.7960362,552.3146712444398,1.5851269933142358e-05,4.187007913475149e-08,6,1.9999175222536654,0.6000021127142485,-2.5508313506671154e-07
0.30000000000000004,300.0,0.044647373799624364,1246460021.2264535,552.1307123804411,1.6979981734424096e-05,4.189401025471284e-08,6,1.9999175239691551,0.6000021132856999,-2.551223169672465e-07
0.30000000000000004,300.0,0.049023934488881024,1246460020.5240304,551.903506030084,1.8093610576313313e-05,4.192563512356521e-08,6,1.9999175260834228,0.6000021139718988,-2.551693104450256e-07
0.30000000000000004,300.0,0.05382950772325868,1246460019.7202725,551.6318910546693,1.915825458046227e-05,4.1963476121255304e-08,6,1.999917528446979,0.6000021148154158,-2.5522703542168374e-07
0.30000000000000004,300.0,0.059106147475486,1246460018.75328,551.3051202097755,2.0129021042472818e-05,4.200872363807297e-08,6,1.9999175312905484,0.600002115834262,-2.552965812876824e-07
0.30000000000000004,300.0,0.06490003006073211,1246460017.5903196,550.9121923702972,2.0949735219761115e-05,4.20627221897693e-08,6,1.9999175347103866,0.6000021170653485,-2.553803588906529e-07
0.30000000000000004,300.0,0.07126185822939729,1246460016.2056923,550.4265020400054,2.15496888657986e-05,4.2135660986549456e-08,6,1.9999175386897996,0.6000021185653991,-2.5548227003863173e-07
0.30000000000000004,300.0,0.07824730487111635,1246460014.563981,549.8495768180384,2.1853577075654016e-05,4.221920692227376e-08,6,1.9999175434009604,0.6000021203851013,-2.5560535877469204e-07
0.30000000000000004,300.0,0.08591750021286539,1246460012.6079931,549.1416773275453,2.1771387782381515e-05,4.2328353198829824e-08,6,1.9999175488804872,0.6000021226031544,-2.5575485481836636e-07
0.30000000000000004,300.0,0.09433956677468387,1246460010.2913704,548.2864105949002,2.1218461521850748e-05,4.24622234064324e-08,6,1.9999175552771962,0.6000021253045092,-2.559359381830719e-07
0.30000000000000004,300.0,0.10358720676445314,1246460007.5689704,547.2490508453877,2.0119474744171003e-05,4.26296677785122e-08,6,1.9999175626331813,0.6000021286055146,-2.5615580846006714e-07
0.30000000000000004,300.0,0.11374134705207334,1246460004.376414,545.9900831509044,1.842985430825305e-05,4.28403373703939e-08,6,1.9999175710303638,0.6000021326460931,-2.564228683735543e-07
0.30000000000000004,300.0,0.12489084736726071,1246460000.62514,544.4643572362027,1.6159315389023104e-05,4.310378889970743e-08,6,1.9999175805986804,0.600002137595512,-2.567468954680921e-07
0.30000000000000004,300.0,0.1371332779184638,1246328332.3370326,533.2446210154112,0.0014833304142594266,5.159792236111833e-08,6,1.9999275279346256,0.6000013040638624,-1.946552529930796e-07
0.30000000000000004,300.0,0.15057577323790639,1246328280.7393553,535.6644591677766,0.0014906782538871965,4.785665103008541e-08,6,1.9999276312645686,0.6000013001933603,-1.944367298820579e-07
0.30000000000000004,300.0,0.1653359697248269,1246328251.814478,535.1993349373721,0.0013907170634505394,4.6394151501532136e-08,6,1.99992768999269,0.600001301279582,-1.9460749845338987e-07
0.30000000000000004,300.0,0.18154303509143294,1246328227.5682502,533.5655066957071,0.0012197442441223023,4.55615689542158e-08,6,1.9999277379876261,0.6000013046325995,-1.9495393251653158e-07
0.30000000000000004,300.0,0.19933879872033844,1246328205.3512547,530.88861268557,0.0009902446676678873,4.5164014689383464e-08,6,1.9999277799035804,0.6000013101705397,-1.9546042991470974e-07
0.30000000000000004,300.0,0.21887899282533668,1246328184.0631826,527.1134562970466,0.0007244871770455759,4.5164933804894775e-08,6,1.9999278173514645,0.6000013181655984,-1.9613202762102422e-07
0.30000000000000004,300.0,0.24033461527700972,1246328163.2039847,522.0931286068969,0.00045781988869837725,4.559692477199933e-08,6,1.9999278506658524,0.6000013291238421,-1.9698098955021198e-07
0.30000000000000004,300.0,0.26389342601937477,1246328142.4859226,515.5863537362807,0.00023332625374012652,4.6566764292386635e-08,6,1.9999278798611884,0.600001343749711,-1.9801765027113712e-07
0.30000000000000004,300.0,0.2897615901728365,1246196433.8979988,504.76078647705054,0.008927127969805002,5.167448899982508e-08,6,1.9999343949984392,0.600000783606592,-1.593785021051296e-07
0.30000000000000004,300.0,0.318165482202374,1246196363.8624287,498.6361320069186,0.005752865779125506,4.9369087632092905e-08,6,1.9999344595071877,0.6000007936705465,-1.6026188753483137e-07
0.30000000000000004,300.0,0.34935366693939,1246196318.3258064,487.7955385193763,0.00263424089225992,5.0291819769714274e-08,6,1.9999344955189824,0.6000008106685407,-1.6134227684978343e-07
0.30000000000000004,300.0,0.3835990747933107,1246196280.327857,473.23339489593366,0.0006846109384908294,5.344961731053216e-08,6,1.9999345192387747,0.6000008347266816,-1.6236443941801408e-07
0.30000000000000004,300.0,0.4212013901883932,1246069271.9976966,455.8146991951207,0.018739816580477235,6.021528662213518e-08,6,1.9999386630941487,0.6000004654971427,-1.3836579351915811e-07
0.30000000000000004,300.0,0.4624896741271517,1246069145.889277,439.7966512342038,0.005754365962328167,5.674842064621424e-08,6,1.9999387024964577,0.6000004890826924,-1.3800372972061245e-07
0.30000000000000004,300.0,0.5078252438306721,1246069081.8554804,413.7532792142375,0.0003683961755605732,6.428770546238377e-08,6,1.9999387168318572,0.6000005241853432,-1.3777424882740516e-07
0.30000000000000004,300.0,0.5576048346557921,1246069030.8049047,380.01181613798207,3.299495746669259e-07,8.173904552774959e-08,6,1.9999387237068993,0.6000005727423118,-1.3998973372312458e-07
0.30000000000000004,300.0,0.6122640719593427,1245853757.876486,349.4239152273342,1.0487657721087024e-06,8.314101502611034e-08,5,1.999942071393526,0.600000239842644,-1.2722496994699718e-07
0.30000000000000004,300.0,0.6722812832920282,1245853638.5866778,302.1968028120087,9.912157114636937e-08,1.183540201462275e-07,5,1.9999420768716827,0.6000003025442953,-1.3791234556989613e-07
0.30000000000000004,300.0,0.7381816842827723,1245826748.835904,233.7866622246351,9.896176782642193e-08,2.81843365530009e-07,5,1.9999424688747667,0.6000004058456211,-1.5872593169931406e-07
0.30000000000000004,300.0,0.810541974844553,1104236901.064351,172.25122529664156,9.653919948639012e-08,4.4763631845930874e-07,3,2.0,0.6000000000000001,0.0
0.30000000000000004,300.0,0.8899953859235032,1099495699.5084248,92.23084555990121,9.079231860855635e-08,1.142418827800049e-06,3,2.0,0.6000000000000001,0.0
0.30000000000000004,300.0,0.9772372209558107,1054984163.1925144,522.7298395354518,0.9731028209206916,2.5099373057506266e-06,3,2.0,0.6000000000000001,0.0
0.30000000000000004,350.0,0.01,1246830637.6438756,641.055136933285,3.408352453727701e-07,3.388538564330936e-08,6,1.9998412044703127,0.6000073397708088,-7.382393595025167e-07
0.30000000000000004,350.0,0.010980250419408422,1246830637.515336,641.0553523448391,3.735583149468541e-07,3.388090830406341e-08,6,1.9998412080881114,0.6000073396619883,-7.382219707357158e-07
0.30000000000000004,350.0,0.012056589927291887,1246830637.3604414,641.0556095057526,4.0926803976973737e-07,3.387551068144748e-08,6,1.999841212447683,0.6000073395309536,-7.382010207544788e-07
0.30000000000000004,350.0,0.013238437660578209,1246830637.173802,641.0559167653557,4.4818653926655315e-07,3.386900343093505e-08,6,1.9998412177007296,0.6000073393731845,-7.381757827567632e-07
0.30000000000000004,350.0,0.01453613606748761,1246830636.948933,641.0562840495699,4.905353785157535e-07,3.3861158242885426e-08,6,1.99984122402976,0.6000073391832909,-7.381453830434562e-07
0.30000000000000004,350.0,0.01596104141516088,1246830636.6780348,641.056723245305,5.365286111555893e-07,3.385169974431183e-08,6,1.9998412316542984,0.6000073389547682,-7.381087721096991e-07
0.30000000000000004,350.0,0.017525623169301542,1246830636.5553796,641.0252459365753,5.861724996433048e-07,3.385403352323297e-08,6,1.9998412350792334,0.6000073391099789,-7.381039467316888e-07
0.30000000000000004,350.0,0.01924357311551172,1246830636.4599345,640.9812528196057,6.397046735631828e-07,3.3859555556253896e-08,6,1.9998412377276042,0.6000073394069312,-7.381080313994695e-07
0.30000000000000004,350.0,0.02112992517725142,1246830636.344885,640.928223093897,6.972433853407408e-07,3.386621028830169e-08,6,1.9998412409199444,0.6000073397650767,-7.381129647264021e-07
0.30000000000000004,350.0,0.023201186978958357,1246830636.2062085,640.8643036904206,7.587976526406013e-07,3.3874229292646654e-08,6,1.9998412447678842,0.6000073401970204,-7.381189246665835e-07
0.30000000000000004,350.0,0.02547548430564807,1246830636.039058,640.7872629705075,8.24263686703067e-07,3.388389112998264e-08,6,1.9998412494059041,0.6000073407180332,-7.381261275179792e-07
0.30000000000000004,350.0,0.0279727197231725,1246712985.5509627,633.8768669912461,4.561872845689409e-05,3.748703460396418e-08,6,1.9998747676160842,0.6000048862584075,-5.162436790497177e-07
0.30000000000000004,350.0,0.030714746747235906,1246712979.3599932,634.5481324708469,5.006970580170556e-05,3.706033377170805e-08,6,1.9998749135598777,0.6000048761008675,-5.152699110190713e-07
0.30000000000000004,350.0,0.03372556108533605,1246712974.5646467,635.0023609690078,5.473123214083812e-05,3.674816377094229e-08,6,1.9998750282592415,0.6000048684614515,-5.145215595044437e-07
0.30000000000000004,350.0,0.03703151062520455,1246712970.143694,635.3716872465845,5.9650741010322066e-05,3.6473434322164506e-08,6,1.9998751350490418,0.6000048616213137,-5.138388520775767e-07
0.30000000000000004,350.0,0.04066152600737297,1246712965.8126578,635.6858914745404,6.481544154506219e-05,3.621661769515477e-08,6,1.9998752405333933,0.6000048551238613,-5.131777238860291e-07
0.30000000000000004,350.0,0.044647373799624364,1246712961.4285078,635.9548762510935,7.018549284165864e-05,3.5969140843183124e-08,6,1.999875348069129,0.6000048487657136,-5.125172342164611e-07
0.30000000000000004,350.0,0.049023934488881024,1246712956.9059463,636.1770577046265,7.56898715720216e-05,3.572798663643723e-08,6,1.999875459660382,0.6000048424478954,-5.118444459785749e-07
0.30000000000000004,350.0,0.05382950772325868,1246712952.198268,636.3504961227846,8.122875474197411e-05,3.549068502170303e-08,6,1.9998755763222724,0.600004836180325,-5.111595739880931e-07
0.30000000000000004,350.0,0.059106147475486,1246712947.2475073,636.4654393561699,8.665715720687577e-05,3.525721836277385e-08,6,1.999875699374791,0.6000048299504496,-5.10457798616537e-07
0.30000000000000004,350.0,0.06490003006073211,1246712941.991442,636.5095660263153,9.177835344175553e-05,3.5027980946098554e-08,6,1.9998758301647452,0.6000048237450061,-5.097308930924371e-07
0.30000000000000004,350.0,0.07126185822939729,1246712936.3813157,636.4686598126456,9.634173965415359e-05,3.480362583401909e-08,6,1.9998759696198685,0.6000048176268276,-5.08980427171836e-07
0.30000000000000004,350.0,0.07824730487111635,1246712930.3617327,636.3237544124275,0.00010003163056473115,3.458574642623768e-08,6,1.9998761187338223,0.6000048116717619,-5.082067824853215e-07
0.30000000000000004,350.0,0.08591750021286539,1246712923.8751256,636.0477758272117,0.00010246639515655872,3.437787462247102e-08,6,1.9998762783779755,0.6000048060043516,-5.07414669430731e-07
0.30000000000000004,350.0,0.09433956677468387,1246712917.0076354,635.5940197657545,0.00010318970436652808,3.419332460809458e-08,6,1.9998764454160967,0.60000480106613,-5.066322837386674e-07
0.30000000000000004,350.0,0.10358720676445314,1246712909.6060882,634.9322585129511,0.00010174878026767453,3.403218155329703e-08,6,1.999876622749854,0.6000047969191565,-5.058555488191358e-07
0.30000000000000004,350.0,0.11374134705207334,1246712901.7016864,634.0045216248269,9.769152231417269e-05,3.390797077003237e-08,6,1.9998768079984472,0.6000047940628832,-5.051146043825527e-07
0.30000000000000004,350.0,0.12489084736726071,1246712893.2089212,632.7559048529097,9.069169966194705e-05,3.382845862272043e-08,6,1.9998770012810914,0.6000047928881634,-5.04427625980422e-07
0.30000000000000004,350.0,0.1371332779184638,1246712883.8613575,631.1405928630701,8.067162928047223e-05,3.3792781527177414e-08,6,1.9998772059480285,0.6000047936354858,-5.037961477328919e-07
0.30000000000000004,350.0,0.15057577323790639,1246712873.5861447,629.0785969439371,6.790260472100133e-05,3.3812538879296146e-08,6,1.9998774202597152,0.600004797034778,-5.032596972424366e-07
0.30000000000000004,350.0,0.1653359697248269,1246712862.5583751,626.4211416928135,5.3138288767564234e-05,3.3930501795530966e-08,6,1.9998776361179156,0.6000048044524704,-5.029086944500702e-07
0.30000000000000004,350.0,0.18154303509143294,1246712850.438069,623.0884485493809,3.776044986814756e-05,3.414968629118431e-08,6,1.999877855661821,0.6000048166633705,-5.027726334493439e-07
0.30000000000000004,350.0,0.19933879872033844,1246712837.27605,618.8979314252492,2.3531560824089268e-05,3.4516439821971976e-08,6,1.9998780715083773,0.600004835423397,-5.029579704442315e-07
0.30000000000000004,350.0,0.21887899282533668,1246712822.8203797,613.6934539845311,1.2223177945953645e-05,3.506244632673708e-08,6,1.9998782814952236,0.6000048624209887,-5.035511977190041e-07
0.30000000000000004,350.0,0.24033461527700972,1246589032.3393023,603.8219840231258,0.00046704841021967005,3.780985148505036e-08,6,1.9999010259329555,0.6000031614061873,-3.5709010624196083e-07
0.30000000000000004,350.0,0.26389342601937477,1246588987.5144188,598.8264787386141,0.0002512767512191119,3.700030914125011e-08,6,1.9999014746068962,0.6000031671041033,-3.5620293036421947e-07
0.30000000000000004,350.0,0.2897615901728365,1246588952.0294447,590.6870577716271,9.772640225404489e-05,3.737554556189698e-08,6,1.9999017749648655,0.6000031938013526,-3.5678102842872183e-07
0.30000000000000004,350.0,0.318165482202374,1246588920.3347735,579.6382665002592,2.2967994406326517e-05,3.870092121275618e-08,6,1.999901986321532,0.6000032398043399,-3.5852702154417644e-07
0.30000000000000004,350.0,0.34935366693939,1246460075.4103076,565.3405362960264,0.0006641910481758806,4.0915048657754126e-08,6,1.9999173308114906,0.6000020607661426,-2.63052335528688e-07
0.30000000000000004,350.0,0.3835990747933107,1246460016.0093048,550.4076044017391,0.00011269897909780027,4.213796213307605e-08,6,1.999917539253366,0.6000021055166688,-2.650659719888672e-07
0.30000000000000004,350.0,0.4212013901883932,1246328201.3837476,530.8353466374417,0.0019892658439622023,4.5028784944292926e-08,6,1.999927787109981,0.6000012996964861,-2.0387012592433467e-07
0.30000000000000004,350.0,0.4624896741271517,1246196415.772818,507.512064779812,0.014903044607040089,5.0011912988750834e-08,6,1.999934412210585,0.6000007731004182,-1.6612093015612235e-07
0.30000000000000004,350.0,0.5078252438306721,1246196297.730212,480.9054511963814,0.001999792157099452,5.159039026167586e-08,6,1.9999345091940282,0.6000008169930175,-1.6694577792031589e-07
0.30000000000000004,350.0,0.5576048346557921,1246069179.538318,449.9450649312344,0.01459274800997634,5.548939971122106e-08,6,1.9999386928512919,0.6000004742820538,-1.4097982936723682e-07
0.30000000000000004,350.0,0.6122640719593427,1246069067.7447772,405.7516627165124,0.00015569869098884797,6.769237680701691e-08,6,1.999938719130301,0.6000005348571744,-1.3901114966175514e-07
0.30000000000000004,350.0,0.6722812832920282,1245853796.52796,356.80972581451783,1.7504899249664645e-05,8.152892733843629e-08,5,1.9999420688979213,0.6000002307819977,-1.2575646203585312e-07
0.30000000000000004,350.0,0.7381816842827723,1245853618.51125,291.04377544753555,9.870823664701583e-08,1.3160522887200695e-07,5,1.9999420774528462,0.6000003203271522,-1.4109524548671548e-07
0.30000000000000004,350.0,0.810541974844553,1105081500.1363208,202.00355537682537,9.784823107931444e-08,3.52381500939536e-07,3,2.0,0.6000000000000001,0.0
0.30000000000000004,350.0,0.8899953859235032,1101183035.8954685,110.66600262862018,8.314436394571035e-08,8.692347917228271e-07,3,2.0,0.6000000000000001,0.0
0.30000000000000004,350.0,0.9772372209558107,1057555793.0859833,535.1354702467775,0.969409351436875,1.968982484884279e-06,3,2.0,0.6000000000000001,0.0
0.30000000000000004,400.0,0.01,1247152047.1008525,724.164558024069,9.998798477869878e-08,2.9538071070481832e-08,6,1.999519660387307,0.6000272016939159,-2.8739663263071837e-06
0.30000000000000004,400.0,0.010980250419408422,1247152047.0484033,724.1500862524366,9.995327700091451e-08,2.9539111063736962e-08,6,1.9995196759813285,0.6000272012918423,-2.87388507179157e-06
0.30000000000000004,400.0,0.012056589927291887,1247152046.9851658,724.1326415604301,1.0463157987768056e-07,2.9540364283098586e-08,6,1.9995196947828606,0.6000272008070113,-2.8737871004917582e-06
0.30000000000000004,400.0,0.013238437660578209,1247152046.9089248,724.1116134362444,1.1451751814754988e-07,2.9541874353463448e-08,6,1.9995197174505743,0.6000272002224312,-2.873668980205238e-06
0.30000000000000004,400.0,0.01453613606748761,1247152046.8170195,724.0862648701492,1.2525408196059158e-07,2.9543693925963677e-08,6,1.9995197447755546,0.6000271995178921,-2.873526594059121e-06
0.30000000000000004,400.0,0.01596104141516088,1247152046.7062347,724.0557093031658,1.368872218822526e-07,2.9545886162702948e-08,6,1.9995197777136966,0.6000271986687631,-2.873354962559161e-06
0.30000000000000004,400.0,0.017525623169301542,1247152046.5726964,724.0188788564161,1.4945581531330351e-07,2.9548526980028115e-08,6,1.9995198174168232,0.6000271976454665,-2.8731480856372376e-06
0.30000000000000004,400.0,0.01924357311551172,1247152046.4117386,723.9744872000799,1.6298754104295043e-07,2.955170759716421e-08,6,1.9995198652722401,0.6000271964123751,-2.8728987380394276e-06
0.30000000000000004,400.0,0.02112992517725142,1247152046.2177408,723.9209855432545,1.7749342370042614e-07,2.9555537500871087e-08,6,1.9995199229510086,0.6000271949266195,-2.8725982169300885e-06
0.30000000000000004,400.0,0.023201186978958357,1247152045.978922,723.8545095907448,1.9295841769031415e-07,2.9560873583494973e-08,6,1.9995199932936036,0.6000271930967793,-2.87223382950396e-06
0.30000000000000004,400.0,0.02547548430564807,1247152045.6991327,723.7760893649503,2.0934009262366582e-07,2.9567089080491183e-08,6,1.9995200751171016,0.6000271910735335,-2.8718119064391154e-06
0.30000000000000004,400.0,0.0279727197231725,1247152045.3619843,723.6816018059673,2.2654697145821592e-07,2.9574568284675687e-08,6,1.9995201737151278,0.6000271886368379,-2.871303519598698e-06
0.30000000000000004,400.0,0.030714746747235906,1247152044.9557602,723.567769893376,2.4443007317949446e-07,2.9583564446825075e-08,6,1.9995202925140971,0.6000271857028103,-2.870691017703214e-06
0.30000000000000004,400.0,0.03372556108533605,1247152044.4663734,723.4306553945801,2.6276439874503183e-07,2.959437983934349e-08,6,1.9995204356337684,0.6000271821709193,-2.8699531883622375e-06
0.30000000000000004,400.0,0.03703151062520455,1247152043.8792272,723.2622878184055,2.8122201464858115e-07,2.9606304974026196e-08,6,1.9995206059520896,0.6000271780760528,-2.869083873155282e-06
0.30000000000000004,400.0,0.04066152600737297,1247152043.1896524,723.0594278912884,2.993654601855235e-07,2.9618204376171153e-08,6,1.9995208041368604,0.6000271736007087,-2.8680823522338413e-06
0.30000000000000004,400.0,0.044647373799624364,1247152042.3593242,722.8152330918423,3.1661354709292997e-07,2.963245630822667e-08,6,1.999521042774393,0.6000271682202696,-2.8668766339713637e-06
0.30000000000000004,400.0,0.049023934488881024,1247152040.3644192,722.6721871435535,3.3269391831129924e-07,2.9606515797314462e-08,6,1.999521614501919,0.6000271426953653,-2.863401361072303e-06
0.30000000000000004,400.0,0.05382950772325868,1247152039.2486079,722.3008336891079,3.456989107610929e-07,2.9640381565687048e-08,6,1.9995219284444916,0.6000271370810051,-2.8618884574602087e-06
0.30000000000000004,400.0,0.059106147475486,1247152038.0254123,721.8369906362468,3.549574122560423e-07,2.96873446603528e-08,6,1.9995222700417525,0.6000271327774971,-2.8603262448816366e-06
0.30000000000000004,400.0,0.06490003006073211,1247152036.366192,721.3056077762503,3.593465627346259e-07,2.973833195487625e-08,6,1.9995227265033355,0.6000271245855612,-2.8581254498475294e-06
0.30000000000000004,400.0,0.07126185822939729,1247152034.6694326,720.6209301011958,3.572962043454951e-07,2.98068715492621e-08,6,1.999523183836142,0.6000271209481934,-2.856135354261793e-06
0.30000000000000004,400.0,0.07824730487111635,1247152032.3105524,719.8424219267063,3.47780424214389e-07,2.988289204513297e-08,6,1.9995238085137255,0.6000271116244162,-2.8532150837895213e-06
0.30000000000000004,400.0,0.08591750021286539,1247152029.8492076,718.8453679884412,3.2941416815397356e-07,2.999548702836987e-08,6,1.9995244419008582,0.6000271084403336,-2.850551804952508e-06
0.30000000000000004,400.0,0.09433956677468387,1247152026.8090243,717.6559736998636,3.0185235676665745e-07,3.012733882844081e-08,6,1.9995251992292613,0.6000271050272743,-2.8473894615817344e-06
0.30000000000000004,400.0,0.10358720676445314,1247152023.3762445,716.1856917480308,2.652801539073688e-07,3.0298660337254224e-08,6,1.9995260198040359,0.6000271071752585,-2.8442441490060573e-06
0.30000000000000004,400.0,0.11374134705207334,1247152019.6462166,714.3516481950066,2.2117472160122395e-07,3.053094654275988e-08,6,1.999526870082857,0.6000271192304929,-2.8414557722284896e-06
0.30000000000000004,400.0,0.12489084736726071,1247152014.4102428,712.2519882583503,1.7279872086289205e-07,3.07723037435426e-08,6,1.9995279982873728,0.6000271268894819,-2.837376949774294e-06
0.30000000000000004,400.0,0.1371332779184638,1247152008.4188616,709.6741202190574,1.2404480366848237e-07,3.108609247136475e-08,6,1.999529208019692,0.6000271465305823,-2.833565978769496e-06
0.30000000000000004,400.0,0.15057577323790639,1247152002.0751407,706.4315854594138,9.989642598138012e-08,3.1524895507940495e-08,6,1.9995303722076527,0.6000271906728969,-2.8311244158391797e-06
0.30000000000000004,400.0,0.1653359697248269,1247049084.5082154,705.4391599498546,1.0378059482292562e-05,3.069167847320151e-08,6,1.9996786508645596,0.6000173326154575,-1.7998614827267879e-06
0.30000000000000004,400.0,0.18154303509143294,1247049064.572801,702.1811959104112,6.787351822300153e-06,3.0700365438593333e-08,6,1.999681911506404,0.6000172213596745,-1.781777516672761e-06
0.30000000000000004,400.0,0.19933879872033844,1247049045.3417087,697.6313198667202,3.781611094075314e-06,3.0975092305974645e-08,6,1.99968473347043,0.6000171626302313,-1.7678772476737897e-06
0.30000000000000004,400.0,0.21887899282533668,1247049023.90945,691.9743964978303,1.6954672836486546e-06,3.1379738865281865e-08,6,1.9996874471630457,0.6000171391760842,-1.756087880103626e-06
0.30000000000000004,400.0,0.24033461527700972,1246942179.801568,685.4994140374575,5.973812891154942e-05,3.1580115764299814e-08,6,1.9997768583230695,0.6000111598040285,-1.1509010187187326e-06
0.30000000000000004,400.0,0.26389342601937477,1246942138.437893,678.5446022808986,2.4331255778273807e-05,3.158606832623784e-08,6,1.9997804925426292,0.6000110583410192,-1.1320428274417846e-06
0.30000000000000004,400.0,0.2897615901728365,1246942099.217567,668.9204914861888,6.469677688301194e-06,3.2182827700567284e-08,6,1.9997831715200103,0.6000110561611779,-1.1214156590761126e-06
0.30000000000000004,400.0,0.318165482202374,1246830703.436032,656.9935614983253,9.838039652112385e-05,3.290473877620215e-08,6,1.9998389247941553,0.6000072735972919,-7.528033886680757e-07
0.30000000000000004,400.0,0.34935366693939,1246830646.809215,642.8356479797758,1.5867444557760442e-05,3.387971042867002e-08,6,1.9998409401747739,0.6000073098467718,-7.466106033197796e-07
0.30000000000000004,400.0,0.3835990747933107,1246712866.8861947,627.5574322682174,0.00013821101530430392,3.386971479841415e-08,6,1.9998775532384045,0.6000047806769158,-5.102908823605493e-07
0.30000000000000004,400.0,0.4212013901883932,1246589020.920993,603.2559022590098,0.0007044355647900778,3.7450281017082115e-08,6,1.9999011452112943,0.6000031427080542,-3.634770054001779e-07
0.30000000000000004,400.0,0.4624896741271517,1246588919.5954337,579.3336047586221,3.1083647735321834e-05,3.8745219777534656e-08,6,1.9999019905870317,0.6000032275813046,-3.6482320043306674e-07
0.30000000000000004,400.0,0.5078252438306721,1246460007.4601066,547.2472414525149,9.434647421475828e-05,4.2630343731229844e-08,6,1.9999175629229082,0.6000021058596262,-2.7108371495299353e-07
0.30000000000000004,400.0,0.5576048346557921,1246196410.1529713,509.37238128945205,0.018890306173953503,4.9333925331892784e-08,6,1.9999344175094833,0.6000007648892433,-1.7049063912312635e-07
0.30000000000000004,400.0,0.6122640719593427,1246069249.1077583,466.7839575265828,0.0411846874376039,5.570403846676443e-08,6,1.999938670617389,0.6000004500484535,-1.4599437644451364e-07
0.30000000000000004,400.0,0.6722812832920282,1246069069.1010747,406.59142491898086,0.0002419669839222353,6.731832155113674e-08,6,1.9999387189229363,0.60000053284985,-1.406865752497683e-07
0.30000000000000004,400.0,0.7381816842827723,1245853720.8453453,338.8150313593487,9.942429291280194e-08,8.804242302199033e-08,5,1.9999420734825768,0.6000002527362205,-1.2934641782684024e-07
0.30000000000000004,400.0,0.810541974844553,1245827917.0740225,234.7364469683538,9.818293723265836e-08,2.8100826267979163e-07,5,1.999942452593864,0.6000004030745786,-1.5811568184094153e-07
0.30000000000000004,400.0,0.8899953859235032,1102586641.3738692,132.59177999802566,9.619111430347217e-08,6.6298219749892e-07,3,2.0,0.6000000000000001,0.0
0.30000000000000004,400.0,0.9772372209558107,1059859214.7683216,516.4465178960759,0.9639077755026313,1.6856249313814225e-06,3,2.0,0.6000000000000001,0.0
0.30000000000000004,450.0,0.01,1247443099.4492269,803.5779869499498,9.976299210821443e-08,2.7349760144271724e-08,6,1.9967625201549242,0.6001873174896692,-2.2850903280592132e-05
0.30000000000000004,450.0,0.010980250419408422,1247443099.4322948,803.556497577537,9.972657582805054e-08,2.735225877674451e-08,6,1.9967625823968649,0.6001873185342435,-2.285072426057236e-05
0.30000000000000004,450.0,0.012056589927291887,1247443099.4118803,803.530589342427,9.962068728945818e-08,2.7355271432482985e-08,6,1.9967626574407435,0.6001873197936051,-2.2850508420306896e-05
0.30000000000000004,450.0,0.013238437660578209,1247443099.3872669,803.499353721994,9.990362101951406e-08,2.735890388447659e-08,6,1.9967627479193406,0.6001873213119712,-2.2850248190880052e-05
0.30000000000000004,450.0,0.01453613606748761,1247443099.3575914,803.4616954381524,9.989509933277058e-08,2.7363283673707298e-08,6,1.9967628570061902,0.600187323142677,-2.2849934453452216e-05
0.30000000000000004,450.0,0.01596104141516088,1247443099.3218126,803.4162941751359,9.956613028034109e-08,2.7368564631380885e-08,6,1.9967629885286395,0.6001873253499885,-2.2849556207203424e-05
0.30000000000000004,450.0,0.017525623169301542,1247443099.2786748,803.3615583967353,9.980670336014083e-08,2.7374932312776194e-08,6,1.9967631471028189,0.6001873280113156,-2.284910017938745e-05
0.30000000000000004,450.0,0.01924357311551172,1247443099.2266645,803.2955695414084,9.979303814082719e-08,2.7382610483502545e-08,6,1.996763338292273,0.6001873312200998,-2.2848550386518315e-05
0.30000000000000004,450.0,0.02112992517725142,1247443099.1639564,803.2160150582014,9.994540972225798e-08,2.7391869091106426e-08,6,1.9967635688069105,0.6001873350889783,-2.284788754905263e-05
0.30000000000000004,450.0,0.023201186978958357,1247443099.0791342,803.1211779929388,9.979241276961224e-08,2.7403527338983644e-08,6,1.9967638795306273,0.6001873377608805,-2.284684081553559e-05
0.30000000000000004,450.0,0.02547548430564807,1247443098.9497106,803.0109581944404,9.975736366897744e-08,2.7418822146825755e-08,6,1.9967643507173696,0.600187335095398,-2.2844850329438505e-05
0.30000000000000004,450.0,0.0279727197231725,1247443098.7936826,802.8781013757132,9.983105162165323e-08,2.743726400370006e-08,6,1.9967649187616046,0.6001873318826912,-2.2842450789216278e-05
0.30000000000000004,450.0,0.030714746747235906,1247443098.6882021,802.7056916852355,9.99323224257406e-08,2.7458229594324655e-08,6,1.9967652973252787,0.6001873466796289,-2.2841871157890085e-05
0.30000000000000004,450.0,0.03372556108533605,1247443098.5770302,802.4959491235405,9.953607972884032e-08,2.7483138922230977e-08,6,1.9967656944616634,0.6001873681369552,-2.284161981473179e-05
0.30000000000000004,450.0,0.03703151062520455,1247443098.4107947,802.2475046955815,9.995654401637753e-08,2.751189182972086e-08,6,1.9967662868647946,0.600187387097708,-2.2840461224536612e-05
0.30000000000000004,450.0,0.04066152600737297,1247443097.9900715,801.9793004773871,9.970562186555398e-08,2.7542128114333838e-08,6,1.9967677754265463,0.6001873627388933,-2.2833215609289767e-05
0.30000000000000004,450.0,0.044647373799624364,1247443097.672222,801.6287805123185,9.960936213106623e-08,2.758796793711481e-08,6,1.996768886997987,0.6001873750324734,-2.282964135176368e-05
0.30000000000000004,450.0,0.049023934488881024,1247443097.403643,801.1900032957334,9.995743246270624e-08,2.7640719059278495e-08,6,1.996769811749682,0.6001874152307219,-2.2828473626155038e-05
0.30000000000000004,450.0,0.05382950772325868,1247443096.8066022,800.6992196660052,9.963288857309064e-08,2.7702578115877212e-08,6,1.9967718428185475,0.6001874077841137,-2.2820144820602388e-05
0.30000000000000004,450.0,0.059106147475486,1247443096.4385452,800.0579024095024,9.984904810619008e-08,2.778268488746624e-08,6,1.9967730646191617,0.6001874738005587,-2.2819384453176352e-05
0.30000000000000004,450.0,0.06490003006073211,1247443095.7604117,799.3170550037029,9.985267055767149e-08,2.787733596247111e-08,6,1.9967752735667967,0.600187508497027,-2.281291142777345e-05
0.30000000000000004,450.0,0.07126185822939729,1247443095.1961746,798.38815516044,9.979857572974874e-08,2.7994272794380936e-08,6,1.9967770575056587,0.6001876042669607,-2.281177533508892e-05
0.30000000000000004,450.0,0.07824730487111635,1247443094.400343,797.2829470409865,9.977893039990542e-08,2.8139807112099355e-08,6,1.9967794957708984,0.6001877023828285,-2.280825437256104e-05
0.30000000000000004,450.0,0.08591750021286539,1247443093.3253055,795.9654023980161,9.976648529200186e-08,2.8303428331490678e-08,6,1.9967826585507653,0.6001878073119382,-2.2802352285272625e-05
0.30000000000000004,450.0,0.09433956677468387,1247443092.0031552,794.3786939325876,9.971531097788564e-08,2.8509449266066464e-08,6,1.9967863722751096,0.6001879403863167,-2.2796042648564205e-05
0.30000000000000004,450.0,0.10358720676445314,1247443090.3528826,792.470471979451,9.98771335984533e-08,2.8758808510480785e-08,6,1.9967907320108385,0.6001881087775083,-2.2789404620608596e-05
0.30000000000000004,450.0,0.11374134705207334,1247443088.5015736,790.1480120563934,9.977436807870892e-08,2.9061359529118083e-08,6,1.9967953042448197,0.6001883551727291,-2.27867241359055e-05
0.30000000000000004,450.0,0.12489084736726071,1247443085.676558,787.42190902236,9.97119842686498e-08,2.941091819010294e-08,6,1.996801752088878,0.6001885960775962,-2.2776559163184044e-05
0.30000000000000004,450.0,0.1371332779184638,1247443082.7925181,784.0594080716975,9.961802608183817e-08,2.986754214910644e-08,6,1.996807705294578,0.6001890022516039,-2.2778478171574938e-05
0.30000000000000004,450.0,0.15057577323790639,1247443079.01179,780.0344694148533,9.953581200307156e-08,3.0416105277467965e-08,6,1.9968146710051105,0.6001895098519081,-2.2782895237521674e-05
0.30000000000000004,450.0,0.1653359697248269,1247443074.1019742,775.2093178846405,9.974698758764826e-08,3.109136117266628e-08,6,1.996822488758661,0.600190165514786,-2.2793429475351966e-05
0.30000000000000004,450.0,0.18154303509143294,1247348871.3800569,783.955486049697,2.2264622102090853e-07,2.6398944239019316e-08,6,1.9985722390126917,0.6000821250987606,-9.46254761115879e-06
0.30000000000000004,450.0,0.19933879872033844,1247348853.8708308,778.6685176235372,9.995925109018472e-08,2.6720924813624615e-08,6,1.998604017472199,0.6000808322358255,-9.26680648313345e-06
0.30000000000000004,450.0,0.21887899282533668,1247348841.279439,770.9678530755257,9.957675624933759e-08,2.7529207826627124e-08,6,1.998622197450973,0.6000805194358985,-9.17749151337916e-06
0.30000000000000004,450.0,0.24033461527700972,1247348828.4988515,761.2969990046395,9.958783598813039e-08,2.8717623088024807e-08,6,1.9986363969766048,0.6000806280197521,-9.126649175562404e-06
0.30000000000000004,450.0,0.26389342601937477,1247348814.6678436,749.3322329698575,9.985889292963518e-08,3.033397756907272e-08,6,1.9986473788691215,0.6000811620613901,-9.111832996171699e-06
0.30000000000000004,450.0,0.2897615901728365,1247251844.7737558,744.4777781522946,2.6329521317506025e-07,2.860383516467025e-08,6,1.9992352709847847,0.6000444180847935,-4.844294268507401e-06
0.30000000000000004,450.0,0.318165482202374,1247251814.3323925,728.3765757897903,9.949767808316051e-08,3.0542527209963065e-08,6,1.9992486801320022,0.6000445320802542,-4.795755953117479e-06
0.30000000000000004,450.0,0.34935366693939,1247152020.540046,714.8544781244442,7.142235836258982e-07,3.046325031865333e-08,6,1.9995266702873458,0.6000270765062881,-2.848573461849339e-06
0.30000000000000004,450.0,0.3835990747933107,1247049043.1891737,697.0180727224396,6.486068755471128e-06,3.1023646044317254e-08,6,1.9996850231734957,0.6000171277774775,-1.7722536028478446e-06
0.30000000000000004,450.0,0.4212013901883932,1246942125.2675467,675.0705699278662,2.370327431156518e-05,3.184693042638977e-08,6,1.9997814811756416,0.6000110274695828,-1.13289415530595e-06
0.30000000000000004,450.0,0.4624896741271517,1246830664.462787,647.011082890528,3.883122336224345e-05,3.364911178644945e-08,6,1.9998403901408919,0.6000072730724774,-7.524998838251961e-07
0.30000000000000004,450.0,0.5078252438306721,1246712825.9601266,614.9141368480073,3.2251248350198107e-05,3.492333990756158e-08,6,1.9998782383101024,0.6000048222588295,-5.145716887438276e-07
0.30000000000000004,450.0,0.5576048346557921,1246460102.5287557,569.1350204652701,0.0016099563659289992,4.126013743887856e-08,6,1.9999172155836078,0.6000020285728518,-2.7278820251185045e-07
0.30000000000000004,450.0,0.6122640719593427,1246069168.481915,564.3903645378465,0.21729237862355125,4.636923297573182e-08,6,1.9999386961420982,0.600000372020757,-1.4806645222188856e-07
0.30000000000000004,450.0,0.6722812832920282,1246069188.8183107,463.0948912856642,0.04015098639695091,5.302651550056302e-08,6,1.9999386900177945,0.6000004513660783,-1.5102474857486409e-07
0.30000000000000004,450.0,0.7381816842827723,1245958525.691874,378.51403928465913,0.0004200811103175857,7.836269616056332e-08,6,1.9999407642172993,0.6000003496645144,-1.2961203900634922e-07
0.30000000000000004,450.0,0.810541974844553,1245853599.7309117,280.16832619924145,9.957312049758858e-08,1.4682938914536698e-07,5,1.999942077925129,0.6000003391671416,-1.4452491305298057e-07
0.30000000000000004,450.0,0.8899953859235032,1103575999.3509734,153.9412094962337,9.128049269157283e-08,5.29761786321371e-07,3,2.0,0.6000000000000001,0.0
0.30000000000000004,450.0,0.9772372209558107,1061984379.6623511,473.9812530934256,0.9559343152681287,1.5483686353094255e-06,3,2.0,0.6000000000000001,0.0
0.30000000000000004,500.0,0.01,1247534193.2011693,892.488181468491,9.969602240198725e-08,2.2310163515166635e-08,6,1.9861190580072927,0.6007399865484709,-0.00010158503966855736
0.30000000000000004,500.0,0.010980250419408422,1247534193.172686,892.4660265078293,9.960693558159952e-08,2.231165463997371e-08,6,1.9861194696966102,0.6007399840377528,-0.00010158332048388356
0.30000000000000004,500.0,0.012056589927291887,1247534193.1383457,892.4393166865337,9.984343149297403e-08,2.2313452318848832e-08,6,1.986119966045051,0.6007399810107831,-0.0001015812477893683
0.30000000000000004,500.0,0.013238437660578209,1247534193.0969446,892.4071158234824,9.996549066533976e-08,2.2315619538120068e-08,6,1.9861205644482782,0.6007399773620892,-0.00010157874899473312
0.30000000000000004,500.0,0.01453613606748761,1247534193.0374525,892.3696201157703,9.959005761385829e-08,2.231813040475076e-08,6,1.9861214243096834,0.6007399653754594,-0.00010157469150458992
0.30000000000000004,500.0,0.01596104141516088,1247534192.8508475,892.3430747306496,9.98952275604234e-08,2.231954009604606e-08,6,1.9861241211239407,0.600739858907944,-0.00010155711886312235
0.30000000000000004,500.0,0.017525623169301542,1247534192.6259646,892.3110848157781,9.972162057098398e-08,2.232123615449692e-08,6,1.9861273711297174,0.6007397306052873,-0.0001015359417795597
0.30000000000000004,500.0,0.01924357311551172,1247534192.3549745,892.2725377643026,9.98010503230024e-08,2.23232758478458e-08,6,1.986131287477867,0.6007395760026676,-0.00010151042304376012
0.30000000000000004,500.0,0.02112992517725142,1247534192.2728019,892.1858638746133,9.971609554554838e-08,2.2330618727202998e-08,6,1.9861324741407154,0.6007395854375026,-0.00010150664804683238
0.30000000000000004,500.0,0.023201186978958357,1247534192.1858582,892.0804643578667,9.985797986186435e-08,2.2339500548604777e-08,6,1.9861337295382524,0.6007396064605607,-0.0001015034215211402
0.30000000000000004,500.0,0.02547548430564807,1247534192.0810337,891.9534049043482,9.995667109235089e-08,2.235021044048669e-08,6,1.986135243122152,0.6007396318116034,-0.00010149953217549453
0.30000000000000004,500.0,0.0279727197231725,1247534191.954651,891.8002384192242,9.996074840782378e-08,2.2363124996508345e-08,6,1.9861370679872736,0.6007396623829179,-0.0001014948440694341
0.30000000000000004,500.0,0.030714746747235906,1247534191.8022766,891.6156068354687,9.999407586255761e-08,2.2378698565878784e-08,6,1.986139268155215,0.6007396992508871,-0.00010148919342195422
0.30000000000000004,500.0,0.03372556108533605,1247534191.5240748,891.4075822962656,1.0426253028477575e-07,2.2392443402832407e-08,6,1.9861432836688686,0.6007396682403457,-0.00010147200183019288
0.30000000000000004,500.0,0.03703151062520455,1247534191.1371303,891.1656798354137,1.1120190817019844e-07,2.2406085196477875e-08,6,1.9861488682032935,0.600739589539051,-0.00010144557380612847
0.30000000000000004,500.0,0.04066152600737297,1247534190.267761,890.9377979252322,1.1794181749040294e-07,2.242193004433656e-08,6,1.9861614133569814,0.6007391723546801,-0.00010136936238114499
0.30000000000000004,500.0,0.044647373799624364,1247534189.962882,890.5451623295289,1.2406854714574546e-07,2.245539211671503e-08,6,1.986165809798421,0.6007392641516999,-0.00010135936778229376
0.30000000000000004,500.0,0.049023934488881024,1247534189.3292916,890.1138024004152,1.2938065195712168e-07,2.248040462880362e-08,6,1.9861749427086797,0.6007391622406459,-0.00010131808452856929
0.30000000000000004,500.0,0.05382950772325868,1247534188.2221649,889.6482948208561,1.3350853883792218e-07,2.251746970250613e-08,6,1.9861908975445688,0.6007387647171797,-0.00010123056189272219
0.30000000000000004,500.0,0.059106147475486,1247534187.6267424,888.9696087677588,1.358291559452671e-07,2.2577301577028266e-08,6,1.9861994687432967,0.6007388774729215,-0.00010120648996844164
0.30000000000000004,500.0,0.06490003006073211,1247534186.8528438,888.1600868889138,1.359510399987289e-07,2.264390555904107e-08,6,1.9862105997686341,0.6007389692757426,-0.00010117142150978907
0.30000000000000004,500.0,0.07126185822939729,1247534185.6473925,887.2269865434934,1.3341031074164557e-07,2.2724740786705702e-08,6,1.9862279221046422,0.6007388628954843,-0.00010109936050962297
0.30000000000000004,500.0,0.07824730487111635,1247534184.3620489,886.0742920775223,1.27701030252029e-07,2.2822304916072454e-08,6,1.9862463668719015,0.6007388704065053,-0.0001010312046189059
0.30000000000000004,500.0,0.08591750021286539,1247534182.671681,884.7067876369576,1.1858413710774388e-07,2.293628535864377e-08,6,1.986270588859616,0.6007387686698822,-0.00010093394174474218
0.30000000000000004,500.0,0.09433956677468387,1247534181.1926713,882.9698176427132,1.0595569149055502e-07,2.3093496034308182e-08,6,1.9862917394866653,0.600739096117601,-0.00010087848312202954
0.30000000000000004,500.0,0.10358720676445314,1247534179.4340115,880.8699798312932,9.99388816569051e-08,2.3287438864357067e-08,6,1.9863168313443427,0.6007395154956632,-0.00010081506099134017
0.30000000000000004,500.0,0.11374134705207334,1247534176.417645,878.4741371218206,9.966942712171583e-08,2.349609893886498e-08,6,1.9863597485582871,0.6007393115593235,-0.0001006418047367339
0.30000000000000004,500.0,0.12489084736726071,1247534174.0731528,875.385712018014,9.964899157936947e-08,2.379217062750955e-08,6,1.9863929981832587,0.6007401077986262,-0.00010057557877903807
0.30000000000000004,500.0,0.1371332779184638,1247534171.3003886,871.6467639285981,9.995561770884088e-08,2.4164884003853607e-08,6,1.986432160407648,0.6007411278211938,-0.00010050403254486493
0.30000000000000004,500.0,0.15057577323790639,1247534168.466605,867.051299598622,9.955136011758246e-08,2.4642667317838324e-08,6,1.986471965339378,0.6007427916310077,-0.00010047685142383705
0.30000000000000004,500.0,0.1653359697248269,1247534164.9262657,861.5092243396042,9.94844881698549e-08,2.5233182121311195e-08,6,1.9865213718117878,0.6007447402623618,-0.00010043620827415309
0.30000000000000004,500.0,0.18154303509143294,1247534160.3173823,854.8504647051883,9.990638230904547e-08,2.5962899544448026e-08,6,1.986585222818558,0.6007468767560147,-0.0001003585352539121
0.30000000000000004,500.0,0.19933879872033844,1247534154.3365986,846.8394726242263,9.958142887296529e-08,2.6868528015320373e-08,6,1.9866673011831082,0.6007492031741434,-0.00010023189272303922
0.30000000000000004,500.0,0.21887899282533668,1247443151.1629426,862.2748229537162,8.22495923214919e-06,2.1750505288415124e-08,6,1.9962037418739083,0.6002061719294428,-2.6204338125150253e-05
0.30000000000000004,500.0,0.24033461527700972,1247443136.2452104,852.1590657042947,3.1500951245006594e-06,2.2518734845512602e-08,6,1.9964157588168268,0.6001966815392973,-2.4799732455426393e-05
0.30000000000000004,500.0,0.26389342601937477,1247443122.5013905,839.2169592729917,8.075094264208419e-07,2.3696112541329573e-08,6,1.9966053522123328,0.6001887617449383,-2.3577430091598744e-05
0.30000000000000004,500.0,0.2897615901728365,1247443113.7171528,822.2249219631826,1.1140223512417643e-07,2.516922607595707e-08,6,1.996689995325887,0.6001874312669989,-2.316131374600898e-05
0.30000000000000004,500.0,0.318165482202374,1247443098.3749726,802.2230230939731,9.962896337610526e-08,2.751427461163291e-08,6,1.9967664138811667,0.6001873072148869,-2.285212373972203e-05
0.30000000000000004,500.0,0.34935366693939,1247443077.0136368,778.1208438109592,9.970594788591378e-08,3.0683037128166566e-08,6,1.9968179965215949,0.6001896902360372,-2.2794673245627954e-05
0.30000000000000004,500.0,0.3835990747933107,1247348834.848883,766.6342700879604,9.979500026829106e-08,2.803674883461432e-08,6,1.998629922307118,0.6000804367596801,-9.152028412758555e-06
0.30000000000000004,500.0,0.4212013901883932,1247251840.701539,742.5946133342864,2.7610616025520594e-07,2.8808628951836996e-08,6,1.9992374584136814,0.600044351423906,-4.839221406576041e-06
0.30000000000000004,500.0,0.4624896741271517,1247152010.6021113,710.8003027823867,4.786276830742144e-07,3.0929988903723965e-08,6,1.9995287777675743,0.6000270640858766,-2.844679313907407e-06
0.30000000000000004,500.0,0.5078252438306721,1246942130.6811275,676.6235904110624,3.4467789554667984e-05,3.1720342267222456e-08,6,1.9997810876585467,0.6000110034180931,-1.1374481438240408e-06
0.30000000000000004,500.0,0.5576048346557921,1246712891.8790321,632.7211828464991,0.00037222242577196046,3.3798424240525863e-08,6,1.9998770309562803,0.600004737458714,-5.188142609222276e-07
0.30000000000000004,500.0,0.6122640719593427,1246069143.6337419,699.1951161960984,0.3753841289351032,4.677854955794231e-08,6,1.9999387031007023,0.6000003093594073,-1.4377131538662411e-07
0.30000000000000004,500.0,0.6722812832920282,1246069128.380085,546.3654255972727,0.20827506454843547,4.916397874725298e-08,6,1.9999387070098014,0.6000003776810919,-1.5234091434124324e-07
0.30000000000000004,500.0,0.7381816842827723,1246069100.055733,423.754906903022,0.0035208587258385967,6.07488566496594e-08,6,1.999938713392324,0.6000005018704541,-1.5086523634992483e-07
0.30000000000000004,500.0,0.810541974844553,1245853667.8483768,317.1334983946766,9.934980899779533e-08,1.0369821313937908e-07,5,1.9999420758625328,0.6000002808649753,-1.341136691576951e-07
0.30000000000000004,500.0,0.8899953859235032,1104289205.9516945,173.87086261753188,9.675134566445473e-08,4.413922978173658e-07,3,2.0,0.6000000000000001,0.0
0.30000000000000004,500.0,0.9772372209558107,1063878765.7936745,432.25189364041296,0.9465998063423375,1.4826346585832512e-06,3,2.0,0.6000000000000001,0.0
0.30000000000000004,550.0,0.01,1247685048.6423967,842.2804226662298,9.772078135007401e-08,3.8618215126476526e-08,6,1.7993940983484185,0.6112220056778687,-0.0016600712085039168
0.30000000000000004,550.0,0.010980250419408422,1247685046.905816,842.2653774685808,9.793905692350718e-08,3.862003637191304e-08,6,1.7994147404571657,0.6112210380132084,-0.001659913376181599
0.30000000000000004,550.0,0.012056589927291887,1247685044.81226,842.2472396888371,9.793695336734728e-08,3.8622232136353525e-08,6,1.7994396258058702,0.6112198713437573,-0.0016597230909184857
0.30000000000000004,550.0,0.013238437660578209,1247685042.288383,842.2253741187429,9.771092306216477e-08,3.862487942229023e-08,6,1.7994696262223429,0.6112184647394734,-0.0016594936808304898
0.30000000000000004,550.0,0.01453613606748761,1247685038.755264,842.2061161835576,9.799252994076906e-08,3.862650128405878e-08,6,1.7995116215475975,0.6112163944087403,-0.001659163645406866
0.30000000000000004,550.0,0.01596104141516088,1247685033.8672557,842.1904746627837,9.801652815110205e-08,3.862709411143334e-08,6,1.799569719805198,0.6112133878236261,-0.001658694045975119
0.30000000000000004,550.0,0.017525623169301542,1247685027.975567,842.1716216685131,9.775860357378164e-08,3.8627808123352957e-08,6,1.7996397476808057,0.6112097633323671,-0.001658127967675259
0.30000000000000004,550.0,0.01924357311551172,1247685020.8744476,842.1488998788724,9.809695349596779e-08,3.862866784591418e-08,6,1.799724150701621,0.611205394008388,-0.0016574456075464001
0.30000000000000004,550.0,0.02112992517725142,1247685012.7509577,842.1146820137556,9.810592340502759e-08,3.8631215844879475e-08,6,1.7998207061236888,0.611200484106865,-0.0016566731187363766
0.30000000000000004,550.0,0.023201186978958357,1247685003.9269009,842.0617442886637,9.77500132587738e-08,3.8636631061157554e-08,6,1.7999255896699102,0.6111953166363079,-0.001655848741933198
0.30000000000000004,550.0,0.02547548430564807,1247684993.292655,841.997952013047,9.785551666507492e-08,3.864315764826748e-08,6,1.8000519892881033,0.6111890870023534,-0.0016548550479483718
0.30000000000000004,550.0,0.0279727197231725,1247684978.8598533,841.9431129925113,9.79879982131438e-08,3.864648353995898e-08,6,1.8002235312216948,0.6111803163437434,-0.001653478312191473
0.30000000000000004,550.0,0.030714746747235906,1247684961.3132265,841.8780773669741,9.813980508945977e-08,3.865037289936794e-08,6,1.8004320775511353,0.6111696209281077,-0.001651801635304464
0.30000000000000004,550.0,0.03372556108533605,1247684941.8358505,841.7780357182021,9.820752082307567e-08,3.8659177450241854e-08,6,1.8006635605621346,0.6111580344880656,-0.001649966005072139
0.30000000000000004,550.0,0.03703151062520455,1247684921.5423923,841.6117339551136,9.811779167492065e-08,3.86792260720673e-08,6,1.8009047528902156,0.6111465926209046,-0.0016481102050118995
0.30000000000000004,550.0,0.04066152600737297,1247684893.4395952,841.4617625094123,9.82317958466808e-08,3.86932992467596e-08,6,1.8012387528327745,0.6111299159238416,-0.0016454656345845408
0.30000000000000004,550.0,0.044647373799624364,1247684858.990785,841.287710850421,9.798593450282102e-08,3.87084210636398e-08,6,1.801648167408342,0.6111093636079923,-0.0016422143447508643
0.30000000000000004,550.0,0.049023934488881024,1247684811.3582282,841.1641635291136,9.820804169954173e-08,3.8709876634100743e-08,6,1.802214256242135,0.6110797496344921,-0.001637611586673435
0.30000000000000004,550.0,0.05382950772325868,1247684756.1930084,840.9891142074102,9.821820814436406e-08,3.871703962046781e-08,6,1.802869800225165,0.6110458143257607,-0.0016323140082427515
0.30000000000000004,550.0,0.059106147475486,1247684705.3565102,840.5629172502847,9.832541289809724e-08,3.8767512684218924e-08,6,1.8034738695520867,0.6110172383366814,-0.0016276745489325754
0.30000000000000004,550.0,0.06490003006073211,1247684629.5097106,840.2462848749127,9.825442235889938e-08,3.879000955138305e-08,6,1.8043750839900872,0.6109712650402072,-0.001620453871939781
0.30000000000000004,550.0,0.07126185822939729,1247684543.255693,839.7949707517594,9.817968076050592e-08,3.883006155976457e-08,6,1.805399900797489,0.6109198679834592,-0.0016123228693974705
0.30000000000000004,550.0,0.07824730487111635,1247621499.3970344,964.5952817667828,3.40697726509213e-06,1.9458070362149503e-08,6,1.951285911837378,0.6024098092708288,-0.00036151617176681717
0.30000000000000004,550.0,0.08591750021286539,1247621491.7773173,963.9803952552036,3.323178295451502e-06,1.9388121776748456e-08,6,1.9514006776884898,0.6024080933415754,-0.0003609498947273249
0.30000000000000004,550.0,0.09433956677468387,1247621488.0020459,962.3588941823531,3.1360225410113727e-06,1.9465202570976768e-08,6,1.951457454180289,0.6024102977305735,-0.0003609011545669936
0.30000000000000004,550.0,0.10358720676445314,1247621484.668806,960.2068319181769,2.8540178411596208e-06,1.9593928559389356e-08,6,1.9515074721533774,0.6024139351213819,-0.00036098688918368235
0.30000000000000004,550.0,0.11374134705207334,1247621481.3955486,957.4895534892506,2.48301546003693e-06,1.9772343463394378e-08,6,1.9515564578715416,0.6024189392214493,-0.00036118059625047993
0.30000000000000004,550.0,0.12489084736726071,1247621477.257528,954.2459985364787,2.042670919834712e-06,1.997612942195439e-08,6,1.9516181934549852,0.6024248679432626,-0.00036139717628805973
0.30000000000000004,550.0,0.1371332779184638,1247621472.2953014,950.3310362029725,1.563724767931537e-06,2.0244100316568672e-08,6,1.9516919720996952,0.6024321043945617,-0.000361669129790128
0.30000000000000004,550.0,0.15057577323790639,1247621466.9315073,945.5087675106068,1.0896333472701149e-06,2.0584526589567648e-08,6,1.9517713220838073,0.6024414214003283,-0.0003620804901870186
0.30000000000000004,550.0,0.1653359697248269,1247621459.9893234,939.7649207505367,6.718103557739506e-07,2.099134865196342e-08,6,1.9518734383637553,0.6024524341716087,-0.00036253940687873247
0.30000000000000004,550.0,0.18154303509143294,1247621454.1943219,932.4317268440226,3.503274734671464e-07,2.1579035202722184e-08,6,1.9519580793865372,0.6024679776376818,-0.00036341485065023406
0.30000000000000004,550.0,0.19933879872033844,1247621448.0872288,923.4257018405025,1.4563098382790512e-07,2.2354146151079992e-08,6,1.952046491770056,0.6024877821569573,-0.0003646113516835149
0.30000000000000004,550.0,0.21887899282533668,1247621441.7461367,912.3459969132599,9.967492360083766e-08,2.3377712606676364e-08,6,1.9521370949345034,0.6025130471606642,-0.0003662337257448532
0.30000000000000004,550.0,0.24033461527700972,1247621432.6903868,899.1017518036199,9.938261675246625e-08,2.466235076977364e-08,6,1.9522647586265978,0.602543269594716,-0.00036812687792855817
0.30000000000000004,550.0,0.26389342601937477,1247621421.6446433,883.0068526098786,9.926585996173681e-08,2.6349755948875132e-08,6,1.9524178950070106,0.6025809429698468,-0.00037054755518662913
0.30000000000000004,550.0,0.2897615901728365,1247534205.8129017,900.5140074513025,2.4788492892459397e-06,2.173409426526246e-08,6,1.9859359702112642,0.6007423122413443,-0.00010248497200568098
0.30000000000000004,550.0,0.318165482202374,1247534178.7424135,880.1361642931766,2.491263742198758e-07,2.335667252776082e-08,6,1.9863266817369225,0.6007394599432464,-0.00010081233905032083
0.30000000000000004,550.0,0.34935366693939,1247534159.1811004,853.2887175206845,9.951633669306204e-08,2.6135487074748575e-08,6,1.9866008783755487,0.6007472217766706,-0.00010035519474214033
0.30000000000000004,550.0,0.3835990747933107,1247443130.705746,847.7986231496121,3.0538291017128484e-06,2.2885921734183067e-08,6,1.9964937169069639,0.6001931621762858,-2.4300510883049475e-05
0.30000000000000004,550.0,0.4212013901883932,1247443104.0058022,809.2263973050391,9.949324136918749e-08,2.66699499995598e-08,6,1.9967439764900055,0.6001870154765672,-2.2935706675140155e-05
0.30000000000000004,550.0,0.4624896741271517,1247348854.7409785,779.0833918222155,2.2819566869784935e-07,2.6681570568444478e-08,6,1.9986025977958422,0.6000807608685987,-9.287387873920893e-06
0.30000000000000004,550.0,0.5078252438306721,1247251828.1695077,736.108377070956,1.1048258619547534e-07,2.956897451143762e-08,6,1.9992434389424463,0.6000443264471795,-4.818005525351063e-06
0.30000000000000004,550.0,0.5576048346557921,1247049014.3413339,688.2602711166103,2.2996628274138596e-06,3.181656245537423e-08,6,1.99968850155232,0.6000170835616644,-1.7634656739706337e-06
0.30000000000000004,550.0,0.6122640719593427,1246196334.8858805,736.9865380082385,0.33429122672806005,4.239354827459752e-08,6,1.9999344832504584,0.6000005450810232,-1.6051193613658987e-07
0.30000000000000004,550.0,0.6722812832920282,1246069095.6584563,665.8139118099335,0.36870232441869394,5.4432355143983105e-08,6,1.999938714272221,0.6000003183239915,-1.47995011561478e-07
0.30000000000000004,550.0,0.7381816842827723,1245853852.2034276,538.2635748653237,0.3270694273468849,6.342298108126958e-08,5,1.9999420649191475,0.6000001130328659,-1.402803624751776e-07
0.30000000000000004,550.0,0.810541974844553,1245853766.0257347,351.28475033088614,1.1521096627378582e-05,8.255416790600789e-08,5,1.9999420708915154,0.6000002375870669,-1.2686330382876602e-07
0.30000000000000004,550.0,0.8899953859235032,1104816438.8091445,191.90550243108305,9.981837337118137e-08,3.8055738775572657e-07,3,2.0,0.6000000000000001,0.0
0.30000000000000004,550.0,0.9772372209558107,1065603756.204456,392.03156237540463,0.9355135457321404,1.4632644634134158e-06,3,2.0,0.6000000000000001,0.0
0.30000000000000004,600.0,0.01,1247694566.5854268,892.072526507079,2.605916536207743e-07,3.464551392008569e-08,6,1.6858509313949346,0.6166018626547151,-0.0025403430229588146
0.30000000000000004,600.0,0.010980250419408422,1247694564.650292,892.0524623773831,2.857410403233052e-07,3.464763523549179e-08,6,1.6858740803528611,0.6166009588539242,-0.002540179526942257
0.30000000000000004,600.0,0.012056589927291887,1247694562.3174531,892.02827283726,3.1322780401317764e-07,3.465019288312924e-08,6,1.6859019868243765,0.6165998692411022,-0.00253998242351194
0.30000000000000004,600.0,0.013238437660578209,1247694559.5052073,891.9991103816894,3.4323970077228384e-07,3.465327661159364e-08,6,1.6859356281799103,0.6165985556016903,-0.002539744804564885
0.30000000000000004,600.0,0.01453613606748761,1247694556.1150832,891.9639536954089,3.759695327544803e-07,3.465699463055515e-08,6,1.6859761823760293,0.6165969718574476,-0.0025394583423261155
0.30000000000000004,600.0,0.01596104141516088,1247694552.0284107,891.9215721082668,4.116113425077681e-07,3.4661477409575607e-08,6,1.6860250689995886,0.6165950624487284,-0.002539112998028996
0.30000000000000004,600.0,0.017525623169301542,1247694547.102189,891.8704828675463,4.5035486112688036e-07,3.4666882257823545e-08,6,1.686083998688413,0.6165927603812643,-0.002538696670685434
0.30000000000000004,600.0,0.01924357311551172,1247694539.9449127,891.824503799087,4.929142709132265e-07,3.467082436835778e-08,6,1.6861696176405592,0.6165890126765687,-0.002538055834879115
0.30000000000000004,600.0,0.02112992517725142,1247694530.6734948,891.7777707829724,5.392262301465572e-07,3.4674167726517146e-08,6,1.6862805271914834,0.6165839595645743,-0.0025372078077540855
0.30000000000000004,600.0,0.023201186978958357,1247694519.4480343,891.7224942187971,5.895714842885224e-07,3.4677924003227675e-08,6,1.6864148119424909,0.6165778382770118,-0.002536180873400454
0.30000000000000004,600.0,0.02547548430564807,1247694505.0342107,891.6672299606216,6.442920887671209e-07,3.468063797016143e-08,6,1.6865872365639036,0.6165697335928918,-0.00253484025389742
0.30000000000000004,600.0,0.0279727197231725,1247694487.397922,891.6051530200374,7.036698342109788e-07,3.468295770206799e-08,6,1.686798206713452,0.6165597622753272,-0.0025331951663215032
0.30000000000000004,600.0,0.030714746747235906,1247694465.9988148,891.5319959949035,7.676980126570596e-07,3.468570316041634e-08,6,1.687054183227489,0.6165476255727003,-0.002531195713190783
0.30000000000000004,600.0,0.03372556108533605,1247694441.5105288,891.4274061453042,8.356603009286678e-07,3.469201191340654e-08,6,1.6873471008650913,0.6165340486514437,-0.002528935703791096
0.30000000000000004,600.0,0.03703151062520455,1247694415.4055946,891.250841594514,9.057924474195246e-07,3.470756211005787e-08,6,1.6876593380611704,0.6165204378207488,-0.002526603810740277
0.30000000000000004,600.0,0.04066152600737297,1247694389.4226832,890.9692360786473,9.754942971185293e-07,3.473818218792692e-08,6,1.6879701408003234,0.6165084545748231,-0.0025244228450156145
0.30000000000000004,600.0,0.044647373799624364,1247694347.9765956,890.7605532939608,1.0534616698741415e-06,3.4753174549661394e-08,6,1.6884658911489046,0.6164858093774106,-0.0025206280029716195
0.30000000000000004,600.0,0.049023934488881024,1247694295.7335517,890.5391402603815,1.1359513700205043e-06,3.47665300619049e-08,6,1.6890907840011085,0.6164566748795899,-0.002515792237740857
0.30000000000000004,600.0,0.05382950772325868,1247694236.704992,890.2233153227883,1.2165073521252714e-06,3.4789804999859925e-08,6,1.6897968282337303,0.6164247058218438,-0.0025104137174671378
0.30000000000000004,600.0,0.059106147475486,1247694154.3893306,890.0018837788608,1.3060680523621854e-06,3.479049602523228e-08,6,1.6907813774776008,0.6163771239481353,-0.0025026455885973245
0.30000000000000004,600.0,0.06490003006073211,1247694072.725247,889.4971087608134,1.3788335386313338e-06,3.48317306069192e-08,6,1.691758089614207,0.6163339197335806,-0.002495298510283343
0.30000000000000004,600.0,0.07126185822939729,1247693973.32491,888.9081043815861,1.4441670233195912e-06,3.487860284603529e-08,6,1.6929469033521929,0.6162809839797749,-0.0024863258933788316
0.30000000000000004,600.0,0.07824730487111635,1247693852.8297138,888.2030337171625,1.4977825097958155e-06,3.493559520660476e-08,6,1.694387910191053,0.6162165295084181,-0.0024754258727835527
0.30000000000000004,600.0,0.08591750021286539,1247693697.42446,887.490878370992,1.5448263237673817e-06,3.497912907811531e-08,6,1.6962463199308448,0.6161304831203623,-0.0024611099522061437
0.30000000000000004,600.0,0.09433956677468387,1247693528.0533576,886.4026674334299,1.5518040139228845e-06,3.507258013187197e-08,6,1.698271567977037,0.6160410387478248,-0.002445900356675236
0.30000000000000004,600.0,0.10358720676445314,1247693311.24702,885.2613173764144,1.5412547626474152e-06,3.515726098704005e-08,6,1.7008637984343236,0.6159227024175338,-0.0024260938683705606
0.30000000000000004,600.0,0.11374134705207334,1247693045.6669447,883.9454601020647,1.4997990506933055e-06,3.525077329109168e-08,6,1.7040389089945354,0.6157761639923811,-0.002401699510409911
0.30000000000000004,600.0,0.12489084736726071,1247692736.1109326,882.251302196934,1.4083675878876526e-06,3.538019935531e-08,6,1.7077392233918218,0.615607396224565,-0.00237346292363556
0.30000000000000004,600.0,0.1371332779184638,1247692362.5256524,880.2458445043786,1.273270178947502e-06,3.553121568736447e-08,6,1.7122041040889735,0.6154026214933117,-0.0023393098385335004
0.30000000000000004,600.0,0.15057577323790639,1247691899.9357364,877.9945072460991,1.105528774753026e-06,3.5692340520966174e-08,6,1.7177315828978754,0.6151445061838016,-0.00229664326600419
0.30000000000000004,600.0,0.1653359697248269,1247691375.857691,874.9174054940396,8.810364021909782e-07,3.594944257495966e-08,6,1.7239919065829192,0.6148582684587428,-0.0022489040629718863
0.30000000000000004,600.0,0.18154303509143294,1247690723.8618755,871.5256590386854,6.523483678993668e-07,3.62127370810575e-08,6,1.7317778421072938,0.6144939650273749,-0.002188842704414068
0.30000000000000004,600.0,0.19933879872033844,1247689944.9726703,867.4852235051112,4.2832126966013175e-07,3.652480326645003e-08,6,1.7410750639916655,0.6140561764825401,-0.0021169566822153564
0.30000000000000004,600.0,0.21887899282533668,1247689011.2994025,862.6572309186396,2.3803440160814488e-07,3.6908142698135005e-08,6,1.7522129520886929,0.6135264719805982,-0.002030489764819887
0.30000000000000004,600.0,0.24033461527700972,1247687904.9424698,856.8253197035975,1.0331577341550916e-07,3.73876856678721e-08,6,1.765400928671973,0.6128942944860118,-0.0019278312257203236
0.30000000000000004,600.0,0.26389342601937477,1247686573.3635201,850.0105097438937,9.877010754482084e-08,3.795564395313151e-08,6,1.7812583815658742,0.6121210117701797,-0.001803457888990948
0.30000000000000004,600.0,0.2897615901728365,1247684986.04618,841.9665552547677,9.890921104039055e-08,3.86454045640449e-08,6,1.8001381186141714,0.611184369941619,-0.0016542791571248138
0.30000000000000004,600.0,0.318165482202374,1247621471.078614,949.4312234230937,3.278905288703167e-06,2.0302989658190396e-08,6,1.9517100079755272,0.6024334498983027,-0.00036180235336809075
0.30000000000000004,600.0,0.34935366693939,1247621446.366294,919.9791301140045,1.7110865866518398e-07,2.2671336747406014e-08,6,1.952071204075322,0.6024954583285571,-0.00036518075132535707
0.30000000000000004,600.0,0.3835990747933107,1247621421.6451223,883.0079565186679,9.941749664618745e-08,2.6349637853464956e-08,6,1.952417888434995,0.6025807541645656,-0.0003705774987276033
0.30000000000000004,600.0,0.4212013901883932,1247534176.41296,878.4668623432875,2.598955940271022e-07,2.349680654255946e-08,6,1.986359815100191,0.6007390304482154,-0.00010068547163108772
0.30000000000000004,600.0,0.4624896741271517,1247443137.4257934,853.2895296719851,6.588770143533252e-06,2.2421565565380808e-08,6,1.996399093621541,0.6001971731917645,-2.4929595136157e-05
0.30000000000000004,600.0,0.5078252438306721,1247443090.5261695,792.5920442309465,9.953626199755055e-08,2.8740040922436314e-08,6,1.99679028419461,0.6001879084325248,-2.281294395259706e-05
0.30000000000000004,600.0,0.5576048346557921,1247251849.6049588,746.8918982583594,6.976422313450035e-07,2.8340256326150913e-08,6,1.999232504585248,0.6000443295004637,-4.867293463469985e-06
0.30000000000000004,600.0,0.6122640719593427,1246942162.0807242,682.8244313472027,9.692076254219004e-05,3.154171523292472e-08,6,1.9997784991628567,0.60001101239498,-1.1532758375079078e-06
0.30000000000000004,600.0,0.6722812832920282,1246069117.4941862,817.0826887283142,0.4749164617279393,4.889369504932434e-08,6,1.9999387096048007,0.6000002699157542,-1.413075469476729e-07
0.30000000000000004,600.0,0.7381816842827723,1245853783.3679225,690.0131727221507,0.4859782901680866,6.46039041778322e-08,5,1.9999420697785482,0.6000000828207578,-1.3684805645030225e-07
0.30000000000000004,600.0,0.810541974844553,1245958555.5931609,378.5910519864075,0.0010468217637833188,8.16334024971111e-08,6,1.9999407613348708,0.6000003468194404,-1.3177085810589345e-07
0.30000000000000004,600.0,0.8899953859235032,1245714449.0760279,208.6781893023882,9.59252164811299e-08,3.3633486234540156e-07,5,1.9999437604852204,0.6000004264343476,-1.68236063706674e-07
0.30000000000000004,600.0,0.9772372209558107,1067105181.7936478,367.51974254102225,0.9256820216027937,1.4445539636471064e-06,3,2.0,0.6000000000000001,0.0
0.30000000000000004,650.0,0.01,1247704905.4721954,959.8262929512946,4.753481963925018e-06,2.8228439328623512e-08,6,1.563568871595595,0.6217807395018368,-0.003449147860361583
0.30000000000000004,650.0,0.010980250419408422,1247704905.4576955,959.7735779883166,5.207853138850991e-06,2.823460976717177e-08,6,1.5635690472618262,0.6217816909678631,-0.003449232024412607
0.30000000000000004,650.0,0.012056589927291887,1247704905.4402258,959.7100203715522,5.703041928101638e-06,2.8242047154255586e-08,6,1.5635692589064607,0.6217828382255125,-0.0034493335071197977
0.30000000000000004,650.0,0.013238437660578209,1247704905.4191763,959.6333897729123,6.241862456720323e-06,2.8251012391878426e-08,6,1.563569513921016,0.6217842215888002,-0.0034494558739898854
0.30000000000000004,650.0,0.01453613606748761,1247704905.393812,959.5409969686616,6.827031167883377e-06,2.8261820128824805e-08,6,1.5635698212105509,0.621785889684583,-0.003449603425551727
0.30000000000000004,650.0,0.01596104141516088,1247704905.3632457,959.4295994214032,7.461042699046147e-06,2.8274850241826012e-08,6,1.563570191520061,0.6217879011708884,-0.0034497813491400184
0.30000000000000004,650.0,0.017525623169301542,1247704905.326408,959.295287352137,8.14600024638598e-06,2.829056134078422e-08,6,1.5635706378099747,0.6217903268142951,-0.003449995902417312
0.30000000000000004,650.0,0.01924357311551172,1247704905.2820084,959.1333463276952,8.883387344766726e-06,2.8309507137067783e-08,6,1.5635711757096387,0.621793252000834,-0.003450254635139626
0.30000000000000004,650.0,0.02112992517725142,1247704905.2284913,958.9380915177821,9.673765160085298e-06,2.833235638476817e-08,6,1.5635718240690095,0.6217967797726628,-0.0034505666572295975
0.30000000000000004,650.0,0.023201186978958357,1247704905.1637,958.7020596223393,1.0516327967686423e-05,2.8360294787240575e-08,6,1.5635726088121455,0.6218010342928141,-0.0034509429212362945
0.30000000000000004,650.0,0.02547548430564807,1247704905.085006,958.418111077628,1.1408579336513747e-05,2.8393691636962794e-08,6,1.5635735605918946,0.6218061654840461,-0.003451396687880071
0.30000000000000004,650.0,0.0279727197231725,1247704904.990124,958.0757308940841,1.2345412698071705e-05,2.84339923496385e-08,6,1.5635747081591345,0.6218123549755824,-0.0034519440132822973
0.30000000000000004,650.0,0.030714746747235906,1247704904.8757136,957.6628979043513,1.3318479232516262e-05,2.8482632925233388e-08,6,1.5635760919159225,0.6218198217856677,-0.0034526042459390306
0.30000000000000004,650.0,0.03372556108533605,1247704904.7376006,957.1644699884483,1.4315091330105619e-05,2.854170241779332e-08,6,1.563577761767952,0.6218288305310785,-0.0034534007407214795
0.30000000000000004,650.0,0.03703151062520455,1247704904.571326,956.5639652931919,1.531730797132872e-05,2.8612554147296505e-08,6,1.563579769419569,0.6218397017248707,-0.0034543618420063136
0.30000000000000004,650.0,0.04066152600737297,1247704904.370742,955.8398391716503,1.6300292801884514e-05,2.869815421443347e-08,6,1.5635821913336072,0.6218528221946791,-0.0034555216649921473
0.30000000000000004,650.0,0.044647373799624364,1247704904.135193,954.9654533059274,1.7230910615012316e-05,2.8802822775347615e-08,6,1.5635850311190913,0.6218686663224022,-0.0034569223420589817
0.30000000000000004,650.0,0.049023934488881024,1247704903.8493083,953.9109961774869,1.8066922787766487e-05,2.8929377224818097e-08,6,1.5635884753293856,0.6218877964912132,-0.0034586131832021645
0.30000000000000004,650.0,0.05382950772325868,1247704903.500602,952.6391006959501,1.875547552159382e-05,2.9082514134567347e-08,6,1.5635926707937673,0.6219109002569145,-0.003460654707237445
0.30000000000000004,650.0,0.059106147475486,1247704903.087852,951.1042962422288,1.9232903588432736e-05,2.9268288945191986e-08,6,1.5635976286865,0.6219388240765084,-0.0034631219820940385
0.30000000000000004,650.0,0.06490003006073211,1247704902.5885525,949.2521981473453,1.9426403076417905e-05,2.9495156357160466e-08,6,1.5636036146262264,0.6219725803152651,-0.0034661038268819387
0.30000000000000004,650.0,0.07126185822939729,1247704901.984718,947.0167536230379,1.925738890764879e-05,2.977212499853608e-08,6,1.5636108378706883,0.622013410442682,-0.0034697095002852165
0.30000000000000004,650.0,0.07824730487111635,1247704901.275028,944.3167533369758,1.8648476495912153e-05,3.010765941254812e-08,6,1.5636193030708843,0.6220628480252758,-0.0034740747647116275
0.30000000000000004,650.0,0.08591750021286539,1247704900.4156775,941.0561545686156,1.753666001513953e-05,3.052218275938524e-08,6,1.5636295214310496,0.622122736418995,-0.0034793609035540236
0.30000000000000004,650.0,0.09433956677468387,1247704194.9236007,939.0928902008768,2.281229927414982e-05,3.150727395390244e-08,6,1.5707332393818854,0.6217024968013388,-0.0034157794906547576
0.30000000000000004,650.0,0.10358720676445314,1247703821.64611,938.6205243229566,2.5545626854249308e-05,3.1497041702119127e-08,6,1.5751728985811766,0.621481626300041,-0.003379762360246884
0.30000000000000004,650.0,0.11374134705207334,1247703427.1377351,937.5698829524064,2.777222923077906e-05,3.154249509880169e-08,6,1.5798720461638458,0.6212598016329923,-0.0033426944863353646
0.30000000000000004,650.0,0.12489084736726071,1247702998.6100538,935.8667059370978,2.928771049556036e-05,3.164905023384246e-08,6,1.5849820298306767,0.6210296435099016,-0.003303366676372298
0.30000000000000004,650.0,0.1371332779184638,1247702492.876437,933.8164905542105,3.043871723100024e-05,3.176875839418257e-08,6,1.5910183574107217,0.6207592700531389,-0.0032570470672022584
0.30000000000000004,650.0,0.15057577323790639,1247701907.4444559,931.1712993775559,3.0802029096039835e-05,3.193457281170497e-08,6,1.5980117688332818,0.6204507615106502,-0.0032038187253100154
0.30000000000000004,650.0,0.1653359697248269,1247701234.6055155,927.7352223446585,2.99661499961698e-05,3.2167440458815084e-08,6,1.60605501850365,0.6201024370479602,-0.003143207061650775
0.30000000000000004,650.0,0.18154303509143294,1247700438.6844604,923.6652551510647,2.806542166467093e-05,3.242922738086891e-08,6,1.6155749471263867,0.6196903952880621,-0.003071547803738616
0.30000000000000004,650.0,0.19933879872033844,1247699502.8695543,918.6270925445854,2.482956450656039e-05,3.277782607161074e-08,6,1.6267727572334514,0.6192066939666108,-0.002987436997812007
0.30000000000000004,650.0,0.21887899282533668,1247698385.4915512,912.7383460867021,2.0563578786024394e-05,3.3173723302877235e-08,6,1.6401471127083995,0.6186235288053883,-0.002886639821266715
0.30000000000000004,650.0,0.24033461527700972,1247697076.8124573,905.5054837987814,1.5239909303079414e-05,3.369014951581784e-08,6,1.6558121572464928,0.6179394420541556,-0.002768709573147153
0.30000000000000004,650.0,0.26389342601937477,1247695513.8903506,897.1291289377077,9.805220551389797e-06,3.4283502241026664e-08,6,1.674517271346694,0.6171094935801886,-0.0026270648156486247
0.30000000000000004,650.0,0.2897615901728365,1247693661.3546815,887.2781666112255,5.0386484819425955e-06,3.4996122600812696e-08,6,1.6966776509313224,0.6161104243385109,-0.0024583347444385823
0.30000000000000004,650.0,0.318165482202374,1247691483.9320807,875.532188657247,1.7830427898800855e-06,3.589751823125018e-08,6,1.722701067709247,0.6149171167235318,-0.0022590965392545533
0.30000000000000004,650.0,0.34935366693939,1247688897.271822,862.0485796386413,3.4168175650396326e-07,3.695833506109473e-08,6,1.7535726728057608,0.6134612425658371,-0.0020201174883807582
0.30000000000000004,650.0,0.3835990747933107,1247685852.6700974,846.3851549814625,9.879425680610525e-08,3.826008609919502e-08,6,1.7898337805008653,0.6116970241283043,-0.0017359124941081184
0.30000000000000004,650.0,0.4212013901883932,1247621458.940347,939.1039937917618,1.5446828100947179e-06,2.1036458059660396e-08,6,1.95188880977869,0.6024530811816939,-0.00036268193510470055
0.30000000000000004,650.0,0.4624896741271517,1247621420.43681,881.1270656187334,9.932493385109188e-08,2.6556627062358547e-08,6,1.9524344518284573,0.6025850984993798,-0.00037089621724886723
0.30000000000000004,650.0,0.5078252438306721,1247534158.2186208,852.0587827793,9.94501853569882e-08,2.6270175648192455e-08,6,1.9866141164809754,0.6007473367024914,-0.00010035162347623573
0.30000000000000004,650.0,0.5576048346557921,1247443095.3994598,798.6991161095609,9.959969713152032e-08,2.7956601533397037e-08,6,1.996776419410802,0.6001873116111951,-2.283903214256362e-05
0.30000000000000004,650.0,0.6122640719593427,1247251821.4625034,732.1533199029199,9.952262698678698e-08,3.007453623319416e-08,6,1.9992461199626799,0.600044330787507,-4.812686551950109e-06
0.30000000000000004,650.0,0.6722812832920282,1246196292.2610424,819.1313136097958,0.4165858921789766,4.673341710804116e-08,6,1.9999345125047472,0.6000004922268084,-1.570625246318601e-07
0.30000000000000004,650.0,0.7381816842827723,1245958450.0848997,787.3725069698849,0.5258143776863793,6.21162354619561e-08,6,1.9999407712748538,0.6000001574159336,-1.3891368277391527e-07
0.30000000000000004,650.0,0.810541974844553,1246069081.5014024,414.23054855961146,0.0019696280422553977,6.4172946160533e-08,6,1.999938716893339,0.6000005053479602,-1.617944875010716e-07
0.30000000000000004,650.0,0.8899953859235032,1245823558.438477,231.08446930516536,9.890043637222164e-08,2.87087064555369e-07,5,1.9999425125082613,0.6000004126750469,-1.602507179194059e-07
0.30000000000000004,650.0,0.9772372209558107,1068539650.1837162,340.403971068498,0.9135577095989599,1.453405108991776e-06,3,2.0,0.6000000000000001,0.0
0.4,200.0,0.01,1245958524.9359746,399.3298200982634,2.1773362156270967e-06,8.105404526652799e-08,6,1.999940764289956,0.8000005854812071,-1.7640684784082226e-07
0.4,200.0,0.010980250419408422,1245958524.8193142,399.3278911572053,2.387569556507918e-06,8.10404254904694e-08,6,1.9999407643011693,0.8000005854953417,-1.764074143488689e-07
0.4,200.0,0.012056589927291887,1245958524.6787899,399.3255582786727,2.617379458851832e-06,8.102401990449294e-08,6,1.9999407643146765,0.8000005855123872,-1.764080975446598e-07
0.4,200.0,0.013238437660578209,1245958524.5095184,399.3227378673824,2.8683538330186416e-06,8.100425668217755e-08,6,1.9999407643309468,0.800000585532942,-1.7640892148239967e-07
0.4,200.0,0.01453613606748761,1245958524.3056207,399.3193291560184,3.1421308269370422e-06,8.098044635490676e-08,6,1.9999407643505454,0.8000005855577276,-1.7640991518646402e-07
0.4,200.0,0.01596104141516088,1245958524.06002,399.3152107062516,3.4403706851059956e-06,8.095175754987852e-08,6,1.9999407643741525,0.8000005855876197,-1.7641111368386242e-07
0.4,200.0,0.017525623169301542,1245958523.7642,399.31023625740744,3.7647147790958605e-06,8.091718759724223e-08,6,1.9999407644025866,0.8000005856236654,-1.7641255925327322e-07
0.4,200.0,0.01924357311551172,1245958523.4079156,399.3042297152966,4.116727659155173e-06,8.087552710580954e-08,6,1.9999407644368326,0.800000585667141,-1.764143029380382e-07
0.4,200.0,0.02112992517725142,1245958522.9788477,399.29697912386297,4.4978168540101965e-06,8.082531722636755e-08,6,1.9999407644780742,0.8000005857195764,-1.7641640638041242e-07
0.4,200.0,0.023201186978958357,1245958522.46219,399.2882295983684,4.909123816237346e-06,8.076479770389268e-08,6,1.9999407645277352,0.8000005857828129,-1.764189440461328e-07
0.4,200.0,0.02547548430564807,1245958521.8401585,399.27767471131824,5.351377826578201e-06,8.06918444467601e-08,6,1.9999407645875247,0.8000005858590957,-1.7642200592905108e-07
0.4,200.0,0.0279727197231725,1245958521.0914094,399.2649464190439,5.824703026430851e-06,8.060389360426177e-08,6,1.9999407646594942,0.8000005859511088,-1.7642570084081868e-07
0.4,200.0,0.030714746747235906,1245958520.1903465,399.2496030757161,6.328367795766433e-06,8.049784931198844e-08,6,1.999940764746104,0.8000005860621144,-1.7643016059557925e-07
0.4,200.0,0.03372556108533605,1245958519.1063077,399.23111531190443,6.860462541803944e-06,8.036997207438176e-08,6,1.9999407648503014,0.8000005861960554,-1.7643554505437679e-07
0.4,200.0,0.03703151062520455,1245958517.8026311,399.2088498086761,7.417487537862915e-06,8.02157452811418e-08,6,1.9999407649756102,0.8000005863576802,-1.7644204682619103e-07
0.4,200.0,0.04066152600737297,1245958516.235529,399.1820496472867,7.993853843737541e-06,8.002970842338616e-08,6,1.9999407651262395,0.8000005865527484,-1.7644990015282635e-07
0.4,200.0,0.044647373799624364,1245958514.5570595,399.1387446005367,8.579073395588818e-06,7.982744698722427e-08,6,1.9999407652870869,0.8000005867921958,-1.7645958837001268e-07
0.4,200.0,0.049023934488881024,1245958512.5825102,399.0775469171118,9.161890582539256e-06,7.961390620049131e-08,6,1.9999407654759664,0.8000005870817666,-1.764712929382792e-07
0.4,200.0,0.05382950772325868,1245958510.2122748,399.0040443348812,9.726904777983724e-06,7.935583222764848e-08,6,1.9999407657026964,0.8000005874314462,-1.7648544636871544e-07
0.4,200.0,0.059106147475486,1245958507.3695114,398.9158457355662,1.0252972782929387e-05,7.904376321096989e-08,6,1.9999407659746269,0.8000005878538478,-1.7650257160533012e-07
0.4,200.0,0.06490003006073211,1245958504.1606376,398.7951682588784,1.0709975541873926e-05,7.869625571150204e-08,6,1.9999407662806707,0.8000005883681925,-1.7652350207638609e-07
0.4,200.0,0.07126185822939729,1245958500.5521474,398.6297226668067,1.1063711666242878e-05,7.833798869616776e-08,6,1.9999407666235485,0.8000005889941398,-1.7654903609467126e-07
0.4,200.0,0.07824730487111635,1245958496.2359476,398.4318362380193,1.1277975341464039e-05,7.790257460375681e-08,6,1.9999407670336724,0.8000005897511345,-1.7658000395338666e-07
0.4,200.0,0.08591750021286539,1245958491.5303054,398.15473899127596,1.1300800614552094e-05,7.746517882133775e-08,6,1.9999407674772707,0.8000005906759707,-1.766180211541343e-07
0.4,200.0,0.09433956677468387,1245958486.03513,397.8111055518133,1.1091910593867343e-05,7.696355879348352e-08,6,1.9999407679940961,0.8000005917979861,-1.7666434309434258e-07
0.4,200.0,0.10358720676445314,1245958479.9612024,397.36260751441995,1.060553074806503e-05,7.645669207398604e-08,6,1.9999407685612391,0.8000005931663338,-1.7672112295035538e-07
0.4,200.0,0.11374134705207334,1245958473.2158818,396.77660899653176,9.811669425841018e-06,7.594864826496459e-08,6,1.9999407691853457,0.8000005948354717,-1.767908531657196e-07
0.4,200.0,0.12489084736726071,1245958465.727205,396.0272441827714,8.708269969986454e-06,7.544562492302923e-08,6,1.999940769871317,0.8000005968722295,-1.7687660157972805e-07
0.4,200.0,0.1371332779184638,1245958457.4776826,395.07202168166623,7.330126392955775e-06,7.497097712832883e-08,6,1.9999407706173868,0.8000005993603294,-1.7698228771312016e-07
0.4,200.0,0.15057577323790639,1245958448.5206835,393.8412738079349,5.761680199699275e-06,7.458826451228828e-08,6,1.9999407714123183,0.8000006024059488,-1.7711311362661056e-07
0.4,200.0,0.1653359697248269,1245958438.7500305,392.29153731397594,4.143491388206247e-06,7.429897658165769e-08,6,1.9999407722623492,0.8000006061366438,-1.7727548778319006e-07
0.4,200.0,0.18154303509143294,1245853922.3513594,383.3456991613857,2.6734825516037505e-05,9.39323106715556e-08,5,1.9999420596301307,0.8000003756111522,-1.6802268997558802e-07
0.4,200.0,0.19933879872033844,1245853872.5527763,383.17423007977925,1.8263536047455784e-05,8.7560210815944e-08,5,1.9999420633987877,0.8000003794240678,-1.6826864695789905e-07
0.4,200.0,0.21887899282533668,1245853838.466004,381.3927502242338,1.0391021386463307e-05,8.439413676144653e-08,5,1.9999420659302287,0.8000003845050748,-1.685940683641468e-07
0.4,200.0,0.24033461527700972,1245853809.7053049,378.4720457436948,4.682859058455229e-06,8.274803501037232e-08,5,1.9999420679894757,0.8000003909802893,-1.690137964176323e-07
0.4,200.0,0.26389342601937477,1245853783.6384528,374.4053317604677,1.5192589948392313e-06,8.230857983929458e-08,5,1.999942069760678,0.8000003991693063,-1.6955454942873683e-07
0.4,200.0,0.2897615901728365,1245853758.904588,369.06509289188637,3.0317687198392557e-07,8.30589259516485e-08,5,1.999942071331176,0.800000409530965,-1.702558769664355e-07
0.4,200.0,0.318165482202374,1245853734.6937788,362.2505038655261,9.935423437881972e-08,8.517801546062716e-08,5,1.9999420727403554,0.8000004227059467,-1.7117421030066283e-07
0.4,200.0,0.34935366693939,1245853710.3422165,353.71279891374195,9.821040170021026e-08,8.897271265752423e-08,5,1.9999420740126705,0.8000004395973553,-1.7239291155502381e-07
0.4,200.0,0.3835990747933107,1245853685.2722251,343.1191162909742,9.999525259914967e-08,9.503744148145934e-08,5,1.9999420751610018,0.800000461511247,-1.7403769350415378e-07
0.4,200.0,0.4212013901883932,1245853658.8118649,330.05986929636055,9.943833036716103e-08,1.0437816802642524e-07,5,1.9999420761960447,0.8000004904002633,-1.7630353164855387e-07
0.4,200.0,0.4624896741271517,1245853630.0458403,314.02924724632504,9.869941282788537e-08,1.1876715037020804e-07,5,1.9999420771292362,0.8000005293190121,-1.7950472107357483e-07
0.4,200.0,0.5078252438306721,1245853597.5994203,294.3874102265022,9.970720368761825e-08,1.4161248197184988e-07,5,1.9999420779747958,0.800000583299989,-1.8416746639184793e-07
0.4,200.0,0.5576048346557921,1245853559.0925086,270.32504777464277,9.963298208726314e-08,1.8003450770839668e-07,5,1.9999420787542819,0.8000006611994152,-1.9120925734840713e-07
0.4,200.0,0.6122640719593427,1245748095.0036027,224.47430151285923,9.928680517951482e-08,3.1175568210629394e-07,5,1.9999433900029966,0.8000006867270582,-1.9465053415407671e-07
0.4,200.0,0.6722812832920282,1104876167.5645735,204.89951670656725,9.680973187310658e-08,3.581992247412958e-07,3,2.0,0.8,0.0
0.4,200.0,0.7381816842827723,1103462025.492577,159.51882876251193,9.856953744630702e-08,5.211729131627775e-07,3,2.0,0.8,0.0
0.4,200.0,0.810541974844553,1100918246.0198455,113.25265752928082,8.153414254061419e-08,8.713583008638936e-07,3,2.0,0.8,0.0
0.4,200.0,0.8899953859235032,1095240033.2946115,68.31078553568476,-0.0015177182134171498,1.6397110318493357e-06,3,2.0,0.8,0.0
0.4,200.0,0.9772372209558107,1038639075.0258421,436.86787372844793,0.9773378467511863,3.349956958384486e-05,2,2.0,0.8,0.0
0.4,250.0,0.01,1246196285.2808056,501.43184908559624,2.3882662978915544e-05,5.210547491286674e-08,6,1.9999345165276572,0.8000013761410033,-2.2291844373021168e-07
0.4,250.0,0.010980250419408422,1246196285.2556136,501.42163839172804,2.619576724534019e-05,5.2107506448982976e-08,6,1.9999345165416362,0.800001376166668,-2.2291930958159624e-07
0.4,250.0,0.012056589927291887,1246196285.22547,501.4093023979717,2.8726572496959706e-05,5.210996230120741e-08,6,1.9999345165583626,0.8000013761976323,-2.2292035425584561e-07
0.4,250.0,0.013238437660578209,1246196285.1893811,501.39440163841545,3.149350959405088e-05,5.211293018330977e-08,6,1.9999345165783882,0.800001376234981,-2.2292161449468889e-07
0.4,250.0,0.01453613606748761,1246196285.1461504,501.3764062218787,3.451588587355282e-05,5.211651576970609e-08,6,1.9999345166023765,0.8000013762800506,-2.2292313453767963e-07
0.4,250.0,0.01596104141516088,1246196285.0943387,501.35467716438313,3.781367702174675e-05,5.212084636814185e-08,6,1.9999345166311266,0.800001376334412,-2.2292496763970202e-07
0.4,250.0,0.017525623169301542,1246196285.0322154,501.3284439538431,4.140720765167395e-05,5.2126075309863294e-08,6,1.9999345166655984,0.8000013764000069,-2.229271778852233e-07
0.4,250.0,0.01924357311551172,1246196284.9576979,501.2967777001824,4.531668307265466e-05,5.213238716015445e-08,6,1.9999345167069478,0.8000013764791296,-2.2292984238878194e-07
0.4,250.0,0.02112992517725142,1246196284.8682806,501.25855870253304,4.956152260799357e-05,5.214000398192379e-08,6,1.9999345167565648,0.8000013765745797,-2.229330537803437e-07
0.4,250.0,0.023201186978958357,1246196284.7609491,501.212437441358,5.415943370542698e-05,5.214919280099751e-08,6,1.9999345168161224,0.8000013766897341,-2.2293692334129424e-07
0.4,250.0,0.02547548430564807,1246196284.632077,501.1567872522504,5.912515274834103e-05,5.216027458573522e-08,6,1.9999345168876328,0.8000013768286625,-2.2294158525581882e-07
0.4,250.0,0.0279727197231725,1246196284.4773016,501.0896490163747,6.446873250939783e-05,5.21736345574115e-08,6,1.9999345169735168,0.8000013769962685,-2.2294719930831086e-07
0.4,250.0,0.030714746747235906,1246196284.2913756,501.0086620855005,7.019330136209191e-05,5.218973495115344e-08,6,1.9999345170766858,0.8000013771984977,-2.2295395783079935e-07
0.4,250.0,0.03372556108533605,1246196284.0679867,500.9109837666015,7.629212726735172e-05,5.22091295075139e-08,6,1.999934517200643,0.8000013774425282,-2.2296209136038162e-07
0.4,250.0,0.03703151062520455,1246196283.7995477,500.79319345486516,8.274477292558167e-05,5.223248031690276e-08,6,1.9999345173495982,0.8000013777370071,-2.2297187287905223e-07
0.4,250.0,0.04066152600737297,1246196283.4769359,500.65117473466677,8.951230608823746e-05,5.226057794803313e-08,6,1.9999345175286134,0.8000013780924117,-2.229836292737366e-07
0.4,250.0,0.044647373799624364,1246196283.0793104,500.4750255312383,9.652605200280478e-05,5.2298922865390354e-08,6,1.9999345177488677,0.8000013785207286,-2.2299773352526057e-07
0.4,250.0,0.049023934488881024,1246196282.6236804,500.26635277402625,0.00010369788822824805,5.234235375936841e-08,6,1.9999345179962502,0.8000013790404261,-2.2301479022187773e-07
0.4,250.0,0.05382950772325868,1246196282.0759816,500.0149139456353,0.00011088909042301446,5.239450870010124e-08,6,1.9999345182936212,0.8000013796679852,-2.2303523265857066e-07
0.4,250.0,0.059106147475486,1246196281.4176185,499.71202867958607,0.00011791343331019264,5.2457074941394345e-08,6,1.999934518651077,0.8000013804260121,-2.2305970002226628e-07
0.4,250.0,0.06490003006073211,1246196280.6170058,499.34223967408366,0.0001245171230846949,5.253680626159455e-08,6,1.9999345190851958,0.8000013813413247,-2.2308891038161999e-07
0.4,250.0,0.07126185822939729,1246196279.686347,498.8984628559678,0.00013038926388477613,5.2632571225577604e-08,6,1.9999345195795073,0.8000013824519411,-2.2312397237249381e-07
0.4,250.0,0.07824730487111635,1246196278.5678132,498.3644684176546,0.00013513432828557944,5.274703720643029e-08,6,1.9999345201736072,0.8000013837951272,-2.2316571696054902e-07
0.4,250.0,0.08591750021286539,1246196277.2296445,497.7129704047263,0.00013826526709624946,5.2893697264316945e-08,6,1.999934520872422,0.8000013854230932,-2.2321542018684403e-07
0.4,250.0,0.09433956677468387,1246196275.6347454,496.9280396489039,0.00013925051113548154,5.3071114029825065e-08,6,1.9999345216980264,0.8000013873967232,-2.2327428944108244e-07
0.4,250.0,0.10358720676445314,1246196273.760798,495.98339713296696,0.00013751044044962326,5.328605628408855e-08,6,1.9999345226503942,0.8000013897947273,-2.2334389994285558e-07
0.4,250.0,0.11374134705207334,1246196271.5410795,494.83483711716815,0.00013246881749122332,5.355836105872632e-08,6,1.9999345237555424,0.8000013927102029,-2.2342569879766757e-07
0.4,250.0,0.12489084736726071,1246196268.922433,493.4403346694036,0.00012368077454702727,5.390163164684963e-08,6,1.9999345250288283,0.8000013962599694,-2.235211862803186e-07
0.4,250.0,0.1371332779184638,1246196265.8707151,491.7562879175382,0.00011097236422656676,5.43269071913657e-08,6,1.9999345264680426,0.8000014005921472,-2.236318541777698e-07
0.4,250.0,0.15057577323790639,1246196262.296174,489.71256675981266,9.458175454592267e-05,5.4862778714083015e-08,6,1.9999345280995375,0.8000014058857134,-2.2375849692949577e-07
0.4,250.0,0.1653359697248269,1246196258.1477365,487.2352273202582,7.538385011473366e-05,5.5542373072374093e-08,6,1.9999345299129674,0.8000014123716084,-2.2390140131965235e-07
0.4,250.0,0.18154303509143294,1246196253.3206198,484.23445034096216,5.4970892927259975e-05,5.640142102883361e-08,6,1.9999345319181228,0.8000014203362836,-2.2405930291420186e-07
0.4,250.0,0.19933879872033844,1246196247.7616796,480.5890209838374,3.5544068864188614e-05,5.750631491708684e-08,6,1.9999345340907664,0.8000014301478743,-2.2422907873554407e-07
0.4,250.0,0.21887899282533668,1246069236.4521768,475.6233536375716,0.007121125436194343,6.06166356761426e-08,6,1.999938674772074,0.8000007867001416,-1.9030160244924281e-07
0.4,250.0,0.24033461527700972,1246069196.331534,472.82049713308044,0.0060544123612673055,5.7944423799991317e-08,6,1.999938687681291,0.8000007940359076,-1.9038117192345223e-07
0.4,250.0,0.26389342601937477,1246069166.2891996,468.00673555172324,0.00457604534357917,5.703248169525249e-08,6,1.9999386967799557,0.8000008042780644,-1.9047580548714178e-07
0.4,250.0,0.2897615901728365,1246069140.2290545,461.41096630190884,0.0029429860134595966,5.726844436686017e-08,6,1.9999387039990557,0.800000817753522,-1.9055496363654743e-07
0.4,250.0,0.318165482202374,1246069115.9091382,452.91821480079506,0.0014810903471570004,5.8595964219573035e-08,6,1.9999387099686057,0.8000008351816692,-1.906114856206388e-07
0.4,250.0,0.34935366693939,1246069092.2896755,442.2286176291952,0.0005001740973264878,6.125587320215338e-08,6,1.999938714925845,0.8000008575869921,-1.9068195544458304e-07
0.4,250.0,0.3835990747933107,1246069068.8745215,428.9352634497329,8.429128321026496e-05,6.571385545413705e-08,6,1.9999387189576323,0.8000008863680156,-1.9089066861124221e-07
0.4,250.0,0.4212013901883932,1246069045.1908197,412.5199480339728,3.8066081784942267e-06,7.276314289071236e-08,6,1.99993872215775,0.8000009235358521,-1.914720944988458e-07
0.4,250.0,0.4624896741271517,1245958460.8289366,395.4779684452753,2.833490498106054e-05,7.515710678738149e-08,6,1.9999407703150522,0.8000005983023061,-1.7694765334029053e-07
0.4,250.0,0.5078252438306721,1245853778.291065,373.3845218565943,2.4447461923692567e-06,8.236118715826277e-08,5,1.9999420701103403,0.8000004011706038,-1.6968859815276255e-07
0.4,250.0,0.5576048346557921,1245853693.224234,346.67402457818076,9.956755697274504e-08,9.284851481112309e-08,5,1.9999420748146681,0.8000004540204627,-1.7346776663475267e-07
0.4,250.0,0.6122640719593427,1245853626.3676763,311.8691095421175,9.92452056425003e-08,1.2098100131545904e-07,5,1.9999420772353405,0.800000534889668,-1.7997502963171034e-07
0.4,250.0,0.6722812832920282,1245853555.7829897,268.27078637214396,9.845484052525955e-08,1.8399267001411093e-07,5,1.9999420788121671,0.8000006681630275,-1.9184939314234014e-07
0.4,250.0,0.7381816842827723,1105082138.880053,213.22965945537092,9.742484978982718e-08,3.3707734143921563e-07,3,2.0,0.8,0.0
0.4,250.0,0.810541974844553,1102968315.8091643,147.88029684227075,9.822034851053657e-08,5.832569858647048e-07,3,2.0,0.8,0.0
0.4,250.0,0.8899953859235032,1097942680.5839024,84.37420042004929,8.671355705320522e-08,1.3545502196939335e-06,3,2.0,0.8,0.0
0.4,250.0,0.9772372209558107,1052076018.89776,505.3507870180734,0.9755138410295431,3.653307104880242e-06,3,2.0,0.8,0.0
0.4,300.0,0.01,1246460083.479086,597.5442235086689,2.4376659618554417e-05,4.143997835153323e-08,6,1.9999172975100776,0.8000033894752364,-3.706724476723088e-07
0.4,300.0,0.010980250419408422,1246460083.4095514,597.5362489805742,2.6739313889158924e-05,4.143797313450168e-08,6,1.999917297802834,0.8000033894999053,-3.706714915143604e-07
0.4,300.0,0.012056589927291887,1246460083.3263304,597.5265602772065,2.9324871316095652e-05,4.143559670401259e-08,6,1.9999172981532132,0.8000033895299916,-3.706703620059143e-07
0.4,300.0,0.013238437660578209,1246460083.2160773,597.5124041157887,3.215169024635486e-05,4.1433343700284844e-08,6,1.9999172986127793,0.8000033895629477,-3.7066895640496385e-07
0.4,300.0,0.01453613606748761,1246460083.1015344,597.4974244271594,3.524081846928346e-05,4.1430578702284605e-08,6,1.9999172990884786,0.8000033896112403,-3.7066762820355154e-07
0.4,300.0,0.01596104141516088,1246460082.9642403,597.4792721948526,3.861258839753439e-05,4.142729434124305e-08,6,1.9999172996586636,0.8000033896699268,-3.7066605653734167e-07
0.4,300.0,0.017525623169301542,1246460082.799611,597.4572870525465,4.2288240623781445e-05,4.142338774766841e-08,6,1.9999173003423723,0.8000033897411984,-3.706641945973663e-07
0.4,300.0,0.01924357311551172,1246460082.6021352,597.4306726511669,4.628905005547766e-05,4.141873481177209e-08,6,1.9999173011624938,0.8000033898277046,-3.7066198987904235e-07
0.4,300.0,0.02112992517725142,1246460082.3651888,597.3984691085948,5.0635692167937196e-05,4.1413185649581075e-08,6,1.9999173021465366,0.8000033899326509,-3.7065937512134035e-07
0.4,300.0,0.023201186978958357,1246460082.0808089,597.3595194543401,5.534733989164354e-05,4.1406558818797785e-08,6,1.9999173033275726,0.8000033900599476,-3.7065626838925386e-07
0.4,300.0,0.02547548430564807,1246460081.7394297,597.3124300430031,6.0440462736355354e-05,4.139863446399985e-08,6,1.9999173047453271,0.8000033902142765,-3.7065257423488337e-07
0.4,300.0,0.0279727197231725,1246460081.3295615,597.2555230998349,6.592717552543343e-05,4.138914542407773e-08,6,1.9999173064475182,0.8000033904013751,-3.706481785588103e-07
0.4,300.0,0.030714746747235906,1246460080.8374114,597.1867796943378,7.181304690492936e-05,4.137776640422888e-08,6,1.9999173084914275,0.8000033906281564,-3.7064294525259743e-07
0.4,300.0,0.03372556108533605,1246460080.2464302,597.1037722577514,7.809422036797382e-05,4.136410007806061e-08,6,1.9999173109457846,0.8000033909030294,-3.70636711703281e-07
0.4,300.0,0.03703151062520455,1246460079.5367746,597.0035843324587,8.47536835204215e-05,4.1347659505788553e-08,6,1.9999173138929984,0.8000033912362148,-3.706292839987554e-07
0.4,300.0,0.04066152600737297,1246460078.6901157,596.8777926450686,9.175199319850637e-05,4.13305434948051e-08,6,1.999917317381074,0.8000033916485922,-3.706211872037336e-07
0.4,300.0,0.044647373799624364,1246460077.706233,596.7261498405458,9.90325345023647e-05,4.13115060293525e-08,6,1.9999173214099544,0.800003392168305,-3.7061271221921297e-07
0.4,300.0,0.049023934488881024,1246460076.525129,596.5434047937631,0.00010650520026976645,4.1288435242647095e-08,6,1.9999173262464318,0.8000033927983343,-3.7060263686910586e-07
0.4,300.0,0.05382950772325868,1246460075.0989327,596.320397423504,0.00011403639721516868,4.126143860107343e-08,6,1.9999173320785937,0.8000033935600895,-3.705906450776539e-07
0.4,300.0,0.059106147475486,1246460073.4577265,596.0462842012649,0.00012143894320100608,4.123478412786603e-08,6,1.9999173387023321,0.8000033945335789,-3.705795850411168e-07
0.4,300.0,0.06490003006073211,1246460071.4894352,595.7166112979763,0.00012847665012445756,4.120199425847853e-08,6,1.9999173466461517,0.8000033957150217,-3.7056649941488094e-07
0.4,300.0,0.07126185822939729,1246460069.200692,595.3048985170662,0.00013481285747505515,4.1172949228457724e-08,6,1.9999173557471175,0.8000033972084813,-3.7055514876953423e-07
0.4,300.0,0.07824730487111635,1246460066.4999793,594.8044359010587,0.00014005964813956236,4.1141680726825184e-08,6,1.9999173664056802,0.8000033990560309,-3.7054401734038797e-07
0.4,300.0,0.08591750021286539,1246460063.3415158,594.1924190248047,0.0001437274112243029,4.111157284142746e-08,6,1.9999173787170454,0.8000034013634637,-3.7053510573797117e-07
0.4,300.0,0.09433956677468387,1246460059.6726587,593.441398972859,0.00014524807960533716,4.108663708474686e-08,6,1.9999173927866123,0.8000034042606877,-3.705308175342876e-07
0.4,300.0,0.10358720676445314,1246460055.4374783,592.5179839821153,0.00014400287546934018,4.1072308198681826e-08,6,1.9999174087136153,0.8000034079100888,-3.705342526771499e-07
0.4,300.0,0.11374134705207334,1246460050.5587127,591.3840280699188,0.0001393819516977018,4.107307745542633e-08,6,1.999917426656722,0.8000034125052212,-3.705486895936354e-07
0.4,300.0,0.12489084736726071,1246460044.993839,589.9801765808429,0.00013086026978143662,4.110441365759503e-08,6,1.9999174465180303,0.8000034183242367,-3.70580788722287e-07
0.4,300.0,0.1371332779184638,1246460038.6238186,588.2582359784014,0.0001181904624618683,4.116977864509504e-08,6,1.9999174684843004,0.8000034256650088,-3.7063500765202503e-07
0.4,300.0,0.15057577323790639,1246460031.428359,586.1368208386532,0.00010153455912561535,4.129077264219146e-08,6,1.9999174922463152,0.8000034349717776,-3.7072167495321484e-07
0.4,300.0,0.1653359697248269,1246460023.3416471,583.5185777448762,8.169793256233172e-05,4.1493126159485266e-08,6,1.9999175175985386,0.8000034467719616,-3.7085096072079005e-07
0.4,300.0,0.18154303509143294,1246460014.3497882,580.290257588484,6.026869078640389e-05,4.1807928480515435e-08,6,1.999917544003961,0.8000034617639433,-3.710367576974572e-07
0.4,300.0,0.19933879872033844,1246460004.4303794,576.3106593312822,3.9538315601421116e-05,4.227887865818558e-08,6,1.9999175708903956,0.8000034808162586,-3.7129400946668945e-07
0.4,300.0,0.21887899282533668,1246328275.6691363,565.8757692394024,0.0023087492390887593,4.860852817915529e-08,6,1.999927641599276,0.8000021269784071,-2.84122485350263e-07
0.4,300.0,0.24033461527700972,1246328225.3173769,563.2483733481615,0.0017602728033711283,4.6020082516378255e-08,6,1.9999277423397572,0.8000021336616726,-2.8378492686357443e-07
0.4,300.0,0.26389342601937477,1246328190.081185,557.7956898880773,0.0011335368106933422,4.52421708675542e-08,6,1.9999278070780082,0.8000021502378178,-2.8384868429432127e-07
0.4,300.0,0.2897615901728365,1246328159.8064725,550.1350851392941,0.0005789129429807589,4.54519519442502e-08,6,1.9999278557351277,0.8000021753435689,-2.8411944740881223e-07
0.4,300.0,0.318165482202374,1246328132.1317117,540.0912104799704,0.00020652767048843083,4.6640176339515325e-08,6,1.9999278928680733,0.8000022102600364,-2.84522742327765e-07
0.4,300.0,0.34935366693939,1246196365.3718743,527.2524056791725,0.007149186945284513,4.95932309184211e-08,6,1.9999344582027767,0.8000013000985744,-2.2931227867370633e-07
0.4,300.0,0.3835990747933107,1246196313.0185852,513.310856198359,0.0027711270515573608,5.0145555951235395e-08,6,1.9999344992216905,0.8000013341078941,-2.2935153268943132e-07
0.4,300.0,0.4212013901883932,1246196271.2037373,494.8407504189069,0.0005002553332060085,5.3564467379237365e-08,6,1.9999345239219026,0.8000013830329045,-2.2904088176227588e-07
0.4,300.0,0.4624896741271517,1246069185.269409,474.63093160374194,0.012431559532605694,5.6532601602931865e-08,6,1.9999386911085488,0.800000787338422,-1.937371368766148e-07
0.4,300.0,0.5078252438306721,1246069105.4315133,448.752776370578,0.0015530491112074436,5.9511592202863815e-08,6,1.9999387122753798,0.8000008423406083,-1.9191514376504516e-07
0.4,300.0,0.5576048346557921,1246069048.2755132,414.831966399569,9.86826668264287e-06,7.166923884518337e-08,6,1.9999387217884612,0.8000009179853973,-1.915676489353695e-07
0.4,300.0,0.6122640719593427,1245853798.4229648,376.89787055388246,1.3202159778192872e-05,8.241324894231798e-08,5,1.9999420687693206,0.8000003942205497,-1.6922742295887775e-07
0.4,300.0,0.6722812832920282,1245853658.112055,329.69069591661173,9.847590382433178e-08,1.0466962477347909e-07,5,1.99994207622102,0.8000004912537668,-1.7637199674062194e-07
0.4,300.0,0.7381816842827723,1245853553.867196,267.08515833803295,9.760554836177134e-08,1.8632868825193426e-07,5,1.9999420788450986,0.8000006724791108,-1.922462769536463e-07
0.4,300.0,0.810541974844553,1104436032.6891754,188.48903857153374,9.976950651632378e-08,4.057309295608915e-07,3,2.0,0.8,0.0
0.4,300.0,0.8899953859235032,1099874715.6626742,101.14075377070803,8.417412692914407e-08,1.033532314441968e-06,3,2.0,0.8,0.0
0.4,300.0,0.9772372209558107,1054986355.2575357,560.2797562914686,0.9735099728297847,2.5428892952761896e-06,3,2.0,0.8,0.0
0.4,350.0,0.01,1246830704.7961779,693.7224641756749,3.541113989440407e-06,3.332561862618951e-08,6,1.9998388663057045,0.8000119417735719,-1.0730552536344858e-06
0.4,350.0,0.010980250419408422,1246830704.74437,693.7098301317789,3.882811274724292e-06,3.3326052253201415e-08,6,1.9998388685647772,0.8000119417463429,-1.0730383336905525e-06
0.4,350.0,0.012056589927291887,1246830704.6819816,693.69458981474,4.256256976686144e-06,3.3326577067752536e-08,6,1.9998388712852124,0.8000119417138947,-1.0730179644429155e-06
0.4,350.0,0.013238437660578209,1246830704.606846,693.6762069615997,4.664003122381831e-06,3.3327211813126035e-08,6,1.9998388745614801,0.8000119416752088,-1.0729934402892377e-06
0.4,350.0,0.01453613606748761,1246830704.5163536,693.6540352080963,5.108673790253868e-06,3.3327978999353915e-08,6,1.9998388785073877,0.8000119416290438,-1.0729639113182614e-06
0.4,350.0,0.01596104141516088,1246830704.4008846,693.6247175093338,5.5928077515551605e-06,3.332975241320976e-08,6,1.9998388834822385,0.800011941554057,-1.0729274744352956e-06
0.4,350.0,0.017525623169301542,1246830704.273369,693.5917878664353,6.119173103915226e-06,3.333127457921214e-08,6,1.9998388889420486,0.8000119415199167,-1.0728872325122006e-06
0.4,350.0,0.01924357311551172,1246830704.1197708,693.5520809215401,6.69014872616156e-06,3.333310997283669e-08,6,1.9998388955186395,0.8000119414794701,-1.0728387713945563e-06
0.4,350.0,0.02112992517725142,1246830703.934751,693.5042056681589,7.307901527387933e-06,3.3335321722838826e-08,6,1.9998389034405957,0.8000119414315396,-1.0727804093616972e-06
0.4,350.0,0.023201186978958357,1246830703.7118819,693.4464869454152,7.97413018788444e-06,3.333798521962531e-08,6,1.9998389129831438,0.8000119413747635,-1.0727101227296638e-06
0.4,350.0,0.02547548430564807,1246830703.4434242,693.3769078867108,8.689818300939712e-06,3.3341190275159104e-08,6,1.999838924477646,0.8000119413075191,-1.072625475648282e-06
0.4,350.0,0.0279727197231725,1246830703.1200628,693.2930409632266,9.454909747793034e-06,3.3345043580960816e-08,6,1.999838938322952,0.8000119412279771,-1.0725235367737696e-06
0.4,350.0,0.030714746747235906,1246830702.7305908,693.191965711111,1.0267888644184819e-05,3.334967144932766e-08,6,1.9998389549989042,0.800011941134009,-1.072400785704473e-06
0.4,350.0,0.03372556108533605,1246830702.2615254,693.0701697111322,1.1125239985814085e-05,3.335522272569615e-08,6,1.999838975082793,0.8000119410232065,-1.0722529801226076e-06
0.4,350.0,0.03703151062520455,1246830701.6951137,692.9201733821043,1.2020457308772797e-05,3.336304568146448e-08,6,1.9998389992583434,0.8000119408996741,-1.0720762006935988e-06
0.4,350.0,0.04066152600737297,1246830701.0606296,692.7362328888416,1.2943555946230696e-05,3.337448811907454e-08,6,1.9998390259137813,0.8000119410406602,-1.0718857051992257e-06
0.4,350.0,0.044647373799624364,1246830700.2966633,692.514698796048,1.3880627981073195e-05,3.3388195188937e-08,6,1.999839058008925,0.8000119412156959,-1.0716563930734087e-06
0.4,350.0,0.049023934488881024,1246830699.3769584,692.2479614198112,1.4811770193906423e-05,3.340458846323778e-08,6,1.999839096646834,0.8000119414336688,-1.0713804202599366e-06
0.4,350.0,0.05382950772325868,1246830698.245017,691.9262332208774,1.5710197146849576e-05,3.3425765955624416e-08,6,1.9998391434774154,0.8000119416739176,-1.0710465205561027e-06
0.4,350.0,0.059106147475486,1246830696.89346,691.537723952946,1.6540707477322112e-05,3.3451660939657924e-08,6,1.9998391992329603,0.8000119420466865,-1.0706504372395867e-06
0.4,350.0,0.06490003006073211,1246830695.4418812,691.0482120828942,1.7255469534675995e-05,3.3489507128496303e-08,6,1.9998392580496887,0.8000119434923454,-1.0702521008171143e-06
0.4,350.0,0.07126185822939729,1246830693.2853928,690.5132202895766,1.7813108877402727e-05,3.3509457576629864e-08,6,1.9998393447446081,0.8000119433692768,-1.0696230832057675e-06
0.4,350.0,0.07824730487111635,1246830691.0877512,689.8134731015356,1.8133006063135953e-05,3.356084316160349e-08,6,1.9998394316700019,0.8000119453157427,-1.0690319844248241e-06
0.4,350.0,0.08591750021286539,1246830688.1639733,689.0088804849455,1.8160013438955663e-05,3.3598809872394176e-08,6,1.9998395452452387,0.8000119466306727,-1.0682371606522259e-06
0.4,350.0,0.09433956677468387,1246830684.1183457,688.1144978677004,1.7829815869035683e-05,3.3608784243336205e-08,6,1.999839699547467,0.8000119461607902,-1.0671157128340021e-06
0.4,350.0,0.10358720676445314,1246830680.222013,686.9031068609771,1.7042537581514704e-05,3.369945805318825e-08,6,1.999839843668762,0.8000119506064928,-1.0661623732183764e-06
0.4,350.0,0.11374134705207334,1246830674.7743268,685.5533707355171,1.5791407931225283e-05,3.3735270121780624e-08,6,1.9998400387876691,0.8000119534525043,-1.064813338836467e-06
0.4,350.0,0.12489084736726071,1246830668.2260582,683.9320019729278,1.4053542936143871e-05,3.377574044958373e-08,6,1.999840264681201,0.8000119580519712,-1.0632800841447592e-06
0.4,350.0,0.1371332779184638,1246830660.5417895,681.9634785423328,1.1877892143549304e-05,3.383141862833622e-08,6,1.9998405178314425,0.8000119659782845,-1.0616193244377874e-06
0.4,350.0,0.15057577323790639,1246830651.1272588,679.6321292530627,9.398864190210739e-06,3.387605100987305e-08,6,1.9998408114621415,0.800011977061059,-1.0597362250650483e-06
0.4,350.0,0.1653359697248269,1246830638.827106,676.9925571880731,6.833037272338295e-06,3.382012755635671e-08,6,1.9998411711691686,0.8000119899500273,-1.0574286735636839e-06
0.4,350.0,0.18154303509143294,1246712925.1486123,671.4868113075614,0.00024021863628670176,3.502817519047382e-08,6,1.9998762471126241,0.8000078592321486,-7.362948636657547e-07
0.4,350.0,0.19933879872033844,1246712897.9817142,668.6841015233852,0.00017848323509568986,3.424562409040009e-08,6,1.9998768934452364,0.800007833487866,-7.311946468251315e-07
0.4,350.0,0.21887899282533668,1246712874.6047666,664.2406237539037,0.00011600735298006421,3.398288444556653e-08,6,1.9998773994682537,0.8000078358776922,-7.27632462762161e-07
0.4,350.0,0.24033461527700972,1246712852.2787797,658.2434391877536,6.281137433125846e-05,3.4080149111290523e-08,6,1.9998778235125658,0.8000078621752925,-7.250976644371417e-07
0.4,350.0,0.26389342601937477,1246712829.8545537,650.5517161395867,2.6147038673279374e-05,3.451375261560236e-08,6,1.9998781828706633,0.8000079139838301,-7.234825152637024e-07
0.4,350.0,0.2897615901728365,1246589023.3013482,636.8101027637733,0.0005664296958388273,3.813945450782976e-08,6,1.9999011205043884,0.8000051626620722,-5.178876004907156e-07
0.4,350.0,0.318165482202374,1246588967.7090278,627.8070504760676,0.0002127051397828003,3.715471542776437e-08,6,1.9999016498182132,0.8000051889798394,-5.146651148859467e-07
0.4,350.0,0.34935366693939,1246588926.2738254,614.330776189646,4.439116975372075e-05,3.7978462919949665e-08,6,1.9999019511082023,0.8000052672928478,-5.138808618796716e-07
0.4,350.0,0.3835990747933107,1246460067.9321232,595.4268702732008,0.000726687766599683,4.109721648386647e-08,6,1.9999173607898513,0.8000033683835761,-3.7873881066970945e-07
0.4,350.0,0.4212013901883932,1246460003.4199722,575.9079578936878,7.92825406127603e-05,4.2328751205213225e-08,6,1.9999175735110573,0.8000034591412623,-3.7861811720891526e-07
0.4,350.0,0.4624896741271517,1246328161.1187627,550.7395325604733,0.0009831213872179075,4.538575522605859e-08,6,1.999927853780699,0.8000021551998914,-2.903199471998811e-07
0.4,350.0,0.5078252438306721,1246196333.8155997,521.0238969877557,0.006603263503826933,4.931487748788102e-08,6,1.9999344840756417,0.8000013035276292,-2.341597587625931e-07
0.4,350.0,0.5576048346557921,1246069225.1850605,485.2812566467157,0.02756137108139329,5.679764630524556e-08,6,1.9999386784514557,0.8000007614560473,-1.9758293537688922e-07
0.4,350.0,0.6122640719593427,1246069088.9771793,440.74582589254845,0.0009298124202437369,6.169648154668889e-08,6,1.999938715549821,0.8000008577111416,-1.932883535279631e-07
0.4,350.0,0.6722812832920282,1245853864.6629503,382.94160597360116,0.0001331364615077719,8.670081116166405e-08,5,1.9999420639905248,0.8000003803290937,-1.6834705454341815e-07
0.4,350.0,0.7381816842827723,1245853637.5598145,318.3729946756774,9.918311052580604e-08,1.1452641994958758e-07,5,1.999942076903466,0.8000005183580663,-1.7858767588604853e-07
0.4,350.0,0.810541974844553,1245637470.6647553,212.65436485841852,9.70186797376697e-08,3.379886195991742e-07,5,1.9999445705681769,0.800000658285936,-1.9326658721247643e-07
0.4,350.0,0.8899953859235032,1101382772.0194602,119.61937563275785,9.112636736888408e-08,8.020588686658184e-07,3,2.0,0.8,0.0
0.4,350.0,0.9772372209558107,1057566963.6701449,582.0318025059532,0.970294961023759,2.0118046633966147e-06,3,2.0,0.8,0.0
0.4,400.0,0.01,1247251847.8376346,787.4358434921396,9.998600854884532e-08,2.818086374782067e-08,6,1.9992335415772873,0.8000730089549551,-6.78101725543054e-06
0.4,400.0,0.010980250419408422,1247251847.8053944,787.4186588992981,9.971315016549886e-08,2.818245531253489e-08,6,1.9992335604233153,0.8000730085590858,-6.780872846502405e-06
0.4,400.0,0.012056589927291887,1247251847.763369,787.3964339903085,9.966308803214138e-08,2.8184932165843528e-08,6,1.9992335845218034,0.8000730079550699,-6.780688560373693e-06
0.4,400.0,0.013238437660578209,1247251847.7160811,787.3714459291699,9.989425162993763e-08,2.8187391064687888e-08,6,1.9992336115873335,0.800073007415132,-6.780482030193865e-06
0.4,400.0,0.01453613606748761,1247251847.6590717,787.3413213930633,9.966247440931588e-08,2.819035520980539e-08,6,1.9992336442170313,0.8000730067643309,-6.7802330426927265e-06
0.4,400.0,0.01596104141516088,1247251847.5903416,787.3050053826611,9.970921149041567e-08,2.819392830652167e-08,6,1.9992336835551159,0.8000730059798176,-6.779932865893639e-06
0.4,400.0,0.017525623169301542,1247251847.507483,787.261226235106,9.960153216227873e-08,2.8198235292504555e-08,6,1.9992337309796997,0.8000730050342192,-6.779570984838607e-06
0.4,400.0,0.01924357311551172,1247251847.4075933,787.2084517666802,9.97363154145128e-08,2.8203426655711986e-08,6,1.9992337881521864,0.8000730038945133,-6.77913472338817e-06
0.4,400.0,0.02112992517725142,1247251847.2871737,787.1448356474962,9.96789878068036e-08,2.820968365258888e-08,6,1.9992338570749943,0.800073002520937,-6.7786088021747185e-06
0.4,400.0,0.023201186978958357,1247251847.1420088,787.0681535270804,9.979433016892991e-08,2.821722452306024e-08,6,1.9992339401610137,0.8000730008656562,-6.777974811097486e-06
0.4,400.0,0.02547548430564807,1247251846.9670184,786.9757262146051,9.965239235400148e-08,2.8226311957761773e-08,6,1.9992340403178035,0.8000729988710875,-6.777210568496536e-06
0.4,400.0,0.0279727197231725,1247251846.7560809,786.8643267264146,9.96009847904994e-08,2.823726209733744e-08,6,1.999234161049118,0.8000729964679244,-6.776289341518435e-06
0.4,400.0,0.030714746747235906,1247251846.5018232,786.7300701472361,9.957880320038353e-08,2.825045514452156e-08,6,1.9992343065749905,0.8000729935729431,-6.775178934788905e-06
0.4,400.0,0.03372556108533605,1247251846.21918,786.5624805707666,9.992010946359757e-08,2.8266690608139677e-08,6,1.9992344653820184,0.8000729918661611,-6.774008471437022e-06
0.4,400.0,0.03703151062520455,1247251845.8898687,786.3612103161108,9.981049549741743e-08,2.8285634252070707e-08,6,1.9992346494328757,0.8000729905734222,-6.772666114173754e-06
0.4,400.0,0.04066152600737297,1247251845.4929495,786.1186879129983,9.998057625059214e-08,2.8308452980317727e-08,6,1.9992348712695165,0.8000729890200694,-6.7710482455571804e-06
0.4,400.0,0.044647373799624364,1247251844.9501448,785.8346207935014,9.983571448208904e-08,2.8333541558522613e-08,6,1.9992351735792895,0.800072983464816,-6.768757233070599e-06
0.4,400.0,0.049023934488881024,1247251843.9950325,785.5365234504567,9.963750791331447e-08,2.835091078119781e-08,6,1.999235701011214,0.8000729594471636,-6.764385095246355e-06
0.4,400.0,0.05382950772325868,1247251843.2121801,785.1225176397173,9.9621374994805e-08,2.8392554739602404e-08,6,1.9992361267987067,0.8000729527940051,-6.761188644256599e-06
0.4,400.0,0.059106147475486,1247251842.3824966,784.6074349957373,9.958796128955589e-08,2.8446605915051737e-08,6,1.9992365727232406,0.8000729519268067,-6.758000319663394e-06
0.4,400.0,0.06490003006073211,1247251841.3873918,783.9868712457461,9.972406938222458e-08,2.8506292345467745e-08,6,1.9992370988307888,0.800072952105591,-6.754270025748463e-06
0.4,400.0,0.07126185822939729,1247251839.7901514,783.2952245032232,9.971667409743304e-08,2.8567843396696374e-08,6,1.9992379305568437,0.8000729313126901,-6.747826946292661e-06
0.4,400.0,0.07824730487111635,1247251837.6522918,782.4921022070414,9.962362054140652e-08,2.861947002544226e-08,6,1.9992390159117635,0.8000728974188497,-6.739249388678123e-06
0.4,400.0,0.08591750021286539,1247251835.905203,781.4054226173516,9.984333389446828e-08,2.8730157155527005e-08,6,1.9992398796310535,0.8000729039099456,-6.733297723073354e-06
0.4,400.0,0.09433956677468387,1247251833.326697,780.1635502487494,9.984914668513385e-08,2.884317609536226e-08,6,1.9992411189735342,0.8000728906340859,-6.724177094962986e-06
0.4,400.0,0.10358720676445314,1247251830.6204348,778.6095359763526,9.960745512481258e-08,2.9010085239784592e-08,6,1.9992423668333388,0.800072900959361,-6.715619573457969e-06
0.4,400.0,0.11374134705207334,1247251827.8242357,776.667845036969,9.959711984243431e-08,2.9236723702874153e-08,6,1.9992435862978288,0.8000729440638656,-6.708130296782453e-06
0.4,400.0,0.12489084736726071,1247251824.61717,774.3030967184578,9.971063626086528e-08,2.9521206545386902e-08,6,1.9992449022230658,0.8000730129471396,-6.700649991766813e-06
0.4,400.0,0.1371332779184638,1247251819.5870693,771.6115336514354,9.980822906130662e-08,2.979724693420378e-08,6,1.9992468203004399,0.800073060851165,-6.688402323223446e-06
0.4,400.0,0.15057577323790639,1247251813.1517463,768.4194252703788,9.963075541793994e-08,3.011339677240848e-08,6,1.9992490792109183,0.8000731250279971,-6.674234932899871e-06
0.4,400.0,0.1653359697248269,1247152055.7030907,766.1332734944522,1.8600689201544403e-06,2.9595879051364015e-08,6,1.999517025532834,0.8000447587087235,-4.0737279869235405e-06
0.4,400.0,0.18154303509143294,1247152039.164353,762.33502610599,1.1277611499017456e-06,2.9657653486886746e-08,6,1.999521952048782,0.8000444947950515,-4.031980542053897e-06
0.4,400.0,0.19933879872033844,1247152025.7808154,756.8788144921288,5.70401766510543e-07,3.014133532106797e-08,6,1.9995254481514781,0.8000444411794828,-4.005672044410177e-06
0.4,400.0,0.21887899282533668,1247152010.54178,750.1854419409113,2.2666276537526844e-07,3.079830115573141e-08,6,1.9995287897997363,0.800044472698879,-3.982654478379612e-06
0.4,400.0,0.24033461527700972,1247049075.5162358,743.0466497344543,1.2133054358091325e-05,3.100543864630143e-08,6,1.9996801565853257,0.8000283141080927,-2.541336044576425e-06
0.4,400.0,0.26389342601937477,1247049039.5434048,735.0168700670471,4.201828306843371e-06,3.112430475379767e-08,6,1.9996855088500876,0.8000280845620029,-2.497414564464811e-06
0.4,400.0,0.2897615901728365,1246942178.566314,723.4284900396427,7.402892860896945e-05,3.2100774332879076e-08,6,1.9997769767057367,0.8000182638369793,-1.6425014781662544e-06
0.4,400.0,0.318165482202374,1246942123.1574996,712.0935020446839,1.8765920171807153e-05,3.2050175645902974e-08,6,1.999781631024085,0.8000180806953399,-1.6046198426704832e-06
0.4,400.0,0.34935366693939,1246830713.3879788,695.8351159596933,0.00015486094458796345,3.3261142937634346e-08,6,1.999838484021129,0.8000118987047636,-1.0820233388260195e-06
0.4,400.0,0.3835990747933107,1246830644.0893316,678.0715077731954,1.878742547194936e-05,3.3861214420871617e-08,6,1.99984101975746,0.8000119423857269,-1.0641724852357519e-06
0.4,400.0,0.4212013901883932,1246712847.729626,656.8484272995498,9.220877437624718e-05,3.4135514863444686e-08,6,1.999877902016398,0.8000078346440225,-7.301204168701281e-07
0.4,400.0,0.4624896741271517,1246588966.4705882,627.553644963763,0.0002979330937225534,3.714913212063416e-08,6,1.9999016601506288,0.8000051613458232,-5.196782524006419e-07
0.4,400.0,0.5078252438306721,1246460054.4752347,592.6350425035786,0.0007069078950179435,4.1015800179430884e-08,6,1.999917412290436,0.8000033581831368,-3.8320863276736364e-07
0.4,400.0,0.5576048346557921,1246069204.9380646,590.1763018506753,0.2024013426665852,4.554684622809916e-08,6,1.9999386849675802,0.8000006215332508,-2.0306786190245463e-07
0.4,400.0,0.6122640719593427,1246069250.261645,507.8540795453257,0.06982645936348165,5.4029672176488343e-08,6,1.9999386702381259,0.8000007155537848,-2.0318888989267696e-07
0.4,400.0,0.6722812832920282,1246069090.2277057,441.6116193097774,0.0014443478238104677,6.144233810104706e-08,6,1.999938715316569,0.8000008518723634,-1.9630256647104095e-07
0.4,400.0,0.7381816842827723,1245853749.4396238,366.5958854067945,1.8257359800489443e-06,8.371321253976119e-08,5,1.9999420718983418,0.8000004142851351,-1.7058416953250576e-07
0.4,400.0,0.810541974844553,1245853556.2565837,268.56445988955136,9.76206135073451e-08,1.8341472651527697e-07,5,1.9999420788039597,0.8000006672717869,-1.9176756405915856e-07
0.4,400.0,0.8899953859235032,1102623449.692312,140.67368292287287,9.07042665434697e-08,6.293076842713118e-07,3,2.0,0.8,0.0
0.4,400.0,0.9772372209558107,1059893297.3039771,573.2973766249411,0.9656203037611548,1.7350407871507644e-06,3,2.0,0.8,0.0
0.4,450.0,0.01,1247443122.5876338,885.9440673634488,9.995950372322049e-08,2.307057304210235e-08,6,1.9966042918730091,0.8003105975619883,-3.251573913390769e-05
0.4,450.0,0.010980250419408422,1247443122.574692,885.9224338265785,9.988010175894343e-08,2.3072571382571007e-08,6,1.996604450989422,0.8003105896052805,-3.251437195467514e-05
0.4,450.0,0.012056589927291887,1247443122.5590882,885.8963516275409,9.970250684465031e-08,2.3074980823867804e-08,6,1.9966046428337145,0.8003105800112331,-3.2512723534991946e-05
0.4,450.0,0.013238437660578209,1247443122.540275,885.864906050958,9.979825888572618e-08,2.3077885955335532e-08,6,1.9966048741361335,0.800310568442923,-3.251073602858893e-05
0.4,450.0,0.01453613606748761,1247443122.5175927,885.8269943440033,9.978324847477023e-08,2.3081388780567332e-08,6,1.9966051530104965,0.8003105544940361,-3.250833969285399e-05
0.4,450.0,0.01596104141516088,1247443122.4902446,885.7812867196913,9.969762001359715e-08,2.3085612474261388e-08,6,1.9966054892473202,0.800310537673763,-3.250545035710621e-05
0.4,450.0,0.017525623169301542,1247443122.4572713,885.7261809522246,9.985095285587851e-08,2.3090705320527964e-08,6,1.9966058946450562,0.8003105173906793,-3.2501966577860095e-05
0.4,450.0,0.01924357311551172,1247443122.417516,885.6597450964414,9.984913138741991e-08,2.3096846265438853e-08,6,1.9966063834263352,0.8003104929315229,-3.249776605857147e-05
0.4,450.0,0.02112992517725142,1247443122.3695834,885.5796503546005,9.968559332273119e-08,2.3104251185663538e-08,6,1.9966069727450804,0.8003104634352728,-3.2492701263975715e-05
0.4,450.0,0.023201186978958357,1247443122.3117907,885.4830896651846,9.968963053110282e-08,2.311318052825809e-08,6,1.996607683290353,0.8003104278623141,-3.2486594208346834e-05
0.4,450.0,0.02547548430564807,1247443122.2421095,885.3666794561991,9.982876947657606e-08,2.3123948474145736e-08,6,1.996608540001589,0.8003103849585719,-3.247923029580017e-05
0.4,450.0,0.0279727197231725,1247443122.1415985,885.2281672640181,9.970006173674854e-08,2.313583697647258e-08,6,1.9966097533164633,0.8003103160837716,-3.246854705023053e-05
0.4,450.0,0.030714746747235906,1247443122.0152328,885.0628000934619,9.998278920292412e-08,2.3149532755460608e-08,6,1.9966112720533753,0.8003102276190245,-3.2455089388937814e-05
0.4,450.0,0.03372556108533605,1247443121.8628786,884.8634640623575,9.993952505341648e-08,2.3166046574122616e-08,6,1.9966131031363266,0.8003101209114468,-3.243886178702802e-05
0.4,450.0,0.03703151062520455,1247443121.670768,884.6240883854015,9.997468646892883e-08,2.3186057959572575e-08,6,1.996615408559928,0.8003099829190259,-3.2418315087504814e-05
0.4,450.0,0.04066152600737297,1247443121.321276,884.3544974975377,9.999203367371521e-08,2.321015307474806e-08,6,1.996619554294073,0.8003096860630056,-3.237977836978923e-05
0.4,450.0,0.044647373799624364,1247443121.0382535,884.0069363502805,9.999551010671765e-08,2.324167060643147e-08,6,1.9966228713494392,0.8003094883872083,-3.235024453004035e-05
0.4,450.0,0.049023934488881024,1247443120.7866244,883.5744944216945,1.0414327328574928e-07,2.328098214015949e-08,6,1.996625782037005,0.8003093537311438,-3.232558560055293e-05
0.4,450.0,0.05382950772325868,1247443120.3105547,883.0798231215855,1.0778870193652703e-07,2.3317702504252073e-08,6,1.9966312175290637,0.8003090072466206,-3.2276455753593916e-05
0.4,450.0,0.059106147475486,1247443119.5528727,882.5119436568779,1.1019194878105993e-07,2.336608753912908e-08,6,1.9966397501183182,0.8003083998328887,-3.2197266092644335e-05
0.4,450.0,0.06490003006073211,1247443119.064974,881.7608524643357,1.1088063447378466e-07,2.3433979591735093e-08,6,1.9966450909680455,0.8003081395180066,-3.215159397917979e-05
0.4,450.0,0.07126185822939729,1247443118.288001,880.8843696276772,1.0951487781274761e-07,2.3511956848172072e-08,6,1.9966534107513823,0.8003076450187023,-3.2077552313003903e-05
0.4,450.0,0.07824730487111635,1247443117.4334702,879.8168973381044,1.0568663356249554e-07,2.3385159830140776e-08,6,1.9966622544044352,0.8003071612778737,-3.2000345617907515e-05
0.4,450.0,0.08591750021286539,1247443117.2486513,878.3887363563946,9.995863012830364e-08,2.3450604176220287e-08,6,1.9966639606096723,0.8003074361548687,-3.199740714909265e-05
0.4,450.0,0.09433956677468387,1247443117.1502192,876.6548249686082,9.997903876493884e-08,2.362660755278954e-08,6,1.9966647247745732,0.8003078928554598,-3.2006954520959375e-05
0.4,450.0,0.10358720676445314,1247443117.0311596,874.562122813622,9.977883084781356e-08,2.384091003680046e-08,6,1.9966656490784551,0.8003084452291789,-3.201852377819004e-05
0.4,450.0,0.11374134705207334,1247443116.8870502,872.0358063848907,9.980947506929016e-08,2.4102391759068617e-08,6,1.996666767854266,0.8003091137586281,-3.2032558738237936e-05
0.4,450.0,0.12489084736726071,1247443114.9208446,869.2606924844438,9.999022716914078e-08,2.4363446101342732e-08,6,1.9966815080280949,0.8003086259569954,-3.1914522356606306e-05
0.4,450.0,0.1371332779184638,1247443112.366563,865.9385918597495,9.96503091920379e-08,2.4686801025605492e-08,6,1.9966990111000933,0.8003080595791162,-3.177480048525376e-05
0.4,450.0,0.15057577323790639,1247443109.4827626,861.8963070977089,9.981710081805053e-08,2.5100919230435272e-08,6,1.9967165658263193,0.8003077172819282,-3.164206852907604e-05
0.4,450.0,0.1653359697248269,1247443106.356373,856.9596022710606,9.958759179448219e-08,2.5622777530551083e-08,6,1.9967330501280223,0.8003077595213685,-3.1529384630816484e-05
0.4,450.0,0.18154303509143294,1247443101.7493289,851.1126030541683,9.974376379899968e-08,2.6242395924433056e-08,6,1.9967535779179395,0.8003077455173367,-3.138702986769775e-05
0.4,450.0,0.19933879872033844,1247443096.0971355,844.0558583585184,9.954791998508278e-08,2.700806470925371e-08,6,1.9967741830032883,0.8003081402162701,-3.125785768505406e-05
0.4,450.0,0.21887899282533668,1247443089.6291304,835.4657499625639,9.97045591700875e-08,2.8000639183895344e-08,6,1.9967925566449807,0.8003092738182224,-3.116897162241067e-05
0.4,450.0,0.24033461527700972,1247443080.5876606,825.2256936353059,9.987053284400927e-08,2.9208197154035055e-08,6,1.9968118809174684,0.8003109565333282,-3.109274056712812e-05
0.4,450.0,0.26389342601937477,1247348856.395768,823.2200306861819,1.363643574218115e-07,2.6175024763376445e-08,6,1.998599838191335,0.8001329812293926,-1.2910374594708903e-05
0.4,450.0,0.2897615901728365,1247348835.2341611,809.4853125800304,9.980463085298341e-08,2.7431393077084404e-08,6,1.9986294950664192,0.8001321891311608,-1.267871463755067e-05
0.4,450.0,0.318165482202374,1247348815.5325978,792.0317845796228,9.992434774778553e-08,2.946715917869229e-08,6,1.9986468125368801,0.8001331437791251,-1.258487851995515e-05
0.4,450.0,0.34935366693939,1247251828.4911745,777.2029951643082,9.962572917979973e-08,2.916894146217796e-08,6,1.999243301289509,0.800072848326889,-6.7135275032541765e-06
0.4,450.0,0.3835990747933107,1247152023.949737,756.2178855584461,9.871761410753148e-07,3.0193546820742626e-08,6,1.9995258853628637,0.8000443675238428,-4.005805051957559e-06
0.4,450.0,0.4212013901883932,1247049026.756285,731.3896745217887,3.893786309252543e-06,3.1309567185508776e-08,6,1.99968711343942,0.8000280052904714,-2.488494677643263e-06
0.4,450.0,0.4624896741271517,1246830741.7846045,699.0760005036943,0.0003177437166252026,3.38478970203466e-08,6,1.9998371110169522,0.8000119313304371,-1.0967021466955557e-06
0.4,450.0,0.5078252438306721,1246712879.3028386,665.3586317612427,0.0003019017505289564,3.4000577168472135e-08,6,1.9998773025061085,0.8000077626923005,-7.36961029323115e-07
0.4,450.0,0.5576048346557921,1246069196.9660065,737.7537045044252,0.362902445906921,4.3680941992568815e-08,6,1.9999386874828449,0.8000005144401102,-2.0224966048563171e-07
0.4,450.0,0.6122640719593427,1246069129.3741307,623.3934010245489,0.26710695381539695,4.73738452654476e-08,6,1.9999387067646575,0.8000005866390909,-2.0558225724338433e-07
0.4,450.0,0.6722812832920282,1246069172.467302,504.73896592539927,0.0749297665663351,5.011707170390009e-08,6,1.9999386949683489,0.8000007096421236,-2.0830305752783025e-07
0.4,450.0,0.7381816842827723,1246069042.4919908,410.4622845950506,1.231202554989964e-05,7.376632918791789e-08,6,1.999938722469888,0.8000009260514833,-1.9395758515948249e-07
0.4,450.0,0.810541974844553,1245853618.7875628,307.3536505650706,9.755314934782852e-08,1.2582451981400182e-07,5,1.9999420774454053,0.8000005468199959,-1.8099138000315664e-07
0.4,450.0,0.8899953859235032,1103676192.3958633,165.1514263070987,9.795133160204706e-08,4.954998188449248e-07,3,2.0,0.8,0.0
0.4,450.0,0.9772372209558107,1062024001.3960876,545.3292481271961,0.959489431903434,1.5916004551398648e-06,3,2.0,0.8,0.0
0.4,500.0,0.01,1247621432.5838199,949.2759661169433,9.931860760046791e-08,2.3810123231052118e-08,6,1.9522662490975589,0.804182423144441,-0.0004956531288852067
0.4,500.0,0.010980250419408422,1247621432.5699947,949.2508426350033,9.943044965302115e-08,2.3812111673452604e-08,6,1.9522664424599012,0.8041825129948528,-0.0004956559653771063
0.4,500.0,0.012056589927291887,1247621432.553326,949.2205526884018,9.938287025481846e-08,2.381450918414378e-08,6,1.9522666755937899,0.8041826213291482,-0.0004956593855269023
0.4,500.0,0.013238437660578209,1247621432.5332289,949.1840338840407,9.944088557244706e-08,2.3817399926182137e-08,6,1.9522669566756172,0.8041827519515469,-0.000495663509564222
0.4,500.0,0.01453613606748761,1247621432.4444,949.148234731359,9.930768303029758e-08,2.3818994797872566e-08,6,1.952268199001121,0.8041828265502544,-0.0004956588161680248
0.4,500.0,0.01596104141516088,1247621432.2881966,949.1113104136912,9.935101948696488e-08,2.382021189336122e-08,6,1.952270383539555,0.8041828534757604,-0.0004956458072553767
0.4,500.0,0.017525623169301542,1247621432.1738877,949.0574002082275,9.934548594657784e-08,2.3825824882378687e-08,6,1.9522719820164425,0.8041829809557969,-0.0004956412043030651
0.4,500.0,0.01924357311551172,1247621432.085209,948.9860096321013,9.938263401057545e-08,2.383250021808156e-08,6,1.9522732219661223,0.8041831977610179,-0.0004956430128009924
0.4,500.0,0.02112992517725142,1247621432.0409942,948.8920855791275,9.956000243695056e-08,2.384035045325613e-08,6,1.952273839958092,0.804183539688746,-0.0004956545796463476
0.4,500.0,0.023201186978958357,1247621431.9876823,948.7788491976158,9.949145810051136e-08,2.384981744245667e-08,6,1.9522745851007843,0.8041839520129166,-0.0004956685297780128
0.4,500.0,0.02547548430564807,1247621431.9234004,948.6423304279015,9.941420451931653e-08,2.386123475500234e-08,6,1.9522754835734661,0.8041844492459274,-0.0004956853553374743
0.4,500.0,0.0279727197231725,1247621431.7036207,948.4957992195293,9.934853402573176e-08,2.3871221042013837e-08,6,1.952278555067522,0.8041848663386543,-0.0004956843720966885
0.4,500.0,0.030714746747235906,1247621431.4573965,948.3165854747402,9.933541518223327e-08,2.3888996302943843e-08,6,1.95228199544681,0.8041853935293265,-0.0004956860125486407
0.4,500.0,0.03372556108533605,1247621431.3508365,948.0765341397527,9.933153215349843e-08,2.3909336219200623e-08,6,1.9522834836120204,0.8041862737375272,-0.0004957164799596261
0.4,500.0,0.03703151062520455,1247621431.1115582,947.8011337909719,9.957785954602152e-08,2.3930879131714125e-08,6,1.9522868249424223,0.804187193341442,-0.0004957366845172482
0.4,500.0,0.04066152600737297,1247621430.7718134,947.4754465198336,9.951187869679273e-08,2.3959901553925152e-08,6,1.9522915678139652,0.8041882370829818,-0.0004957534401003143
0.4,500.0,0.044647373799624364,1247621430.3897455,947.0793344578082,9.938149873174389e-08,2.3990796701435482e-08,6,1.9522968988356164,0.8041895320162129,-0.0004957778505117402
0.4,500.0,0.049023934488881024,1247621430.0589206,946.5852931373173,9.946266902977687e-08,2.4035986714317525e-08,6,1.9523015129902992,0.8041912614685314,-0.0004958267949418242
0.4,500.0,0.05382950772325868,1247621429.5472906,946.0036274233205,9.959513628127265e-08,2.408836282122094e-08,6,1.9523086443810123,0.8041932044680846,-0.0004958691484055176
0.4,500.0,0.059106147475486,1247621428.9946973,945.2942420965751,9.955864651518764e-08,2.4150180711223065e-08,6,1.9523163402557056,0.8041956331998265,-0.0004959300765468213
0.4,500.0,0.06490003006073211,1247621428.5018432,944.4168072003462,9.948962239395789e-08,2.422805832494344e-08,6,1.9523231978723394,0.8041987892466906,-0.0004960297850204553
0.4,500.0,0.07126185822939729,1247621427.8807979,943.3620687716543,9.946555998001238e-08,2.4326222678695386e-08,6,1.9523318308572724,0.8042025678399364,-0.0004961465408611671
0.4,500.0,0.07824730487111635,1247621427.1136234,942.0918927086449,9.94896194060131e-08,2.4446353146587988e-08,6,1.952342480141248,0.8042071116901209,-0.0004962853847225827
0.4,500.0,0.08591750021286539,1247621426.329331,940.5422482709549,9.948764941927769e-08,2.4595386998555022e-08,6,1.952353348962695,0.8042127875843761,-0.0004964749079708134
0.4,500.0,0.09433956677468387,1247621425.4847271,938.6599342565507,9.961592207969085e-08,2.4779926964733152e-08,6,1.9523650318304544,0.8042197855251728,-0.0004967201329812617
0.4,500.0,0.10358720676445314,1247621424.268929,936.412149527809,9.959343454764423e-08,2.4998345174025166e-08,6,1.952381809327709,0.8042280065804837,-0.0004969889961263115
0.4,500.0,0.11374134705207334,1247621422.707746,933.7106695000919,9.94521811676185e-08,2.526006777516456e-08,6,1.9524032948490018,0.8042378496735773,-0.000497302731922982
0.4,500.0,0.12489084736726071,1247621420.4413512,930.495410721739,9.928097457546186e-08,2.5570201356606183e-08,6,1.9524343896632317,0.8042493020299639,-0.0004976296031398486
0.4,500.0,0.1371332779184638,1247621417.760096,926.6049200732806,9.946812265230426e-08,2.5957812150216995e-08,6,1.952471003257119,0.8042632914672015,-0.0004980397347493893
0.4,500.0,0.15057577323790639,1247534210.3359137,953.7057705560995,1.6941138525211182e-06,2.1017935377800176e-08,6,1.985869895174405,0.8012234055057711,-0.00014047847787260212
0.4,500.0,0.1653359697248269,1247534203.426342,948.7342124968803,1.1193218702815041e-06,2.132003555213162e-08,6,1.985970737694852,0.801221324021824,-0.0001397208363210407
0.4,500.0,0.18154303509143294,1247534194.0314462,942.9194114848418,6.433544452544101e-07,2.1652450085812506e-08,6,1.9861070547279391,0.8012174504367683,-0.0001386566002803906
0.4,500.0,0.19933879872033844,1247534184.578534,935.6379487369724,3.0528622894636755e-07,2.2134417056658228e-08,6,1.9862432620618224,0.8012152748260009,-0.00013766512450086494
0.4,500.0,0.21887899282533668,1247534175.8260632,926.4441783795722,1.1108823874212686e-07,2.2846446727249993e-08,6,1.986368148456274,0.8012162184190779,-0.000136879059862697
0.4,500.0,0.24033461527700972,1247534168.2051969,914.8938992257861,9.969863890159415e-08,2.3889771361248664e-08,6,1.9864756258054599,0.8012213853869818,-0.00013638531092434288
0.4,500.0,0.26389342601937477,1247534159.224794,900.8569314328066,9.965394196259499e-08,2.5250023520198556e-08,6,1.986600276939201,0.8012282470809625,-0.00013585692462675362
0.4,500.0,0.2897615901728365,1247443141.0843449,903.5934587362797,5.390995898449985e-06,2.1711217337271405e-08,6,1.9963473029991083,0.8003282470593175,-3.489404678918137e-05
0.4,500.0,0.318165482202374,1247443121.6450355,884.6047856511572,7.62745819019172e-07,2.3187804411001988e-08,6,1.9966157138034044,0.8003097900536937,-3.2421091933572016e-05
0.4,500.0,0.34935366693939,1247443108.2628117,859.9354178990174,9.993219573520475e-08,2.53052302621432e-08,6,1.9967232970718198,0.8003075725734506,-3.1599367145235824e-05
0.4,500.0,0.3835990747933107,1247443085.389522,830.8008389424375,9.983347371197816e-08,2.8538397881701488e-08,6,1.996802375234314,0.8003098237301867,-3.112643431625275e-05
0.4,500.0,0.4212013901883932,1247348832.762352,807.4008097609484,9.953658340421039e-08,2.7661905948248424e-08,6,1.9986321701945222,0.8001321507323838,-1.2663233314693958e-05
0.4,500.0,0.4624896741271517,1247251821.4722319,772.7818696318249,9.965728560403577e-08,2.9665527951870097e-08,6,1.999246116277061,0.8000728846523889,-6.697719104163434e-06
0.4,500.0,0.5078252438306721,1247049031.9042053,733.0290459121103,5.917525843517357e-06,3.120125641905721e-08,6,1.9996864883101986,0.8000279590984859,-2.494548913553112e-06
0.4,500.0,0.5576048346557921,1246196389.3657439,802.6058330550629,0.3444330602242043,3.9638545245552237e-08,6,1.9999344368095309,0.8000008933617196,-2.3316789078528847e-07
0.4,500.0,0.6122640719593427,1246069129.805821,777.0548898255372,0.41186340226854284,4.7244494959567403e-08,6,1.9999387066572234,0.8000004902542048,-2.0354460887251058e-07
0.4,500.0,0.6722812832920282,1246069093.5633664,606.6668673695406,0.2703877176817161,5.2413434482495557e-08,6,1.9999387146805474,0.8000005903019397,-2.0876714757706492e-07
0.4,500.0,0.7381816842827723,1246069119.834946,459.4988115939862,0.01265958631425698,5.6960111690280124e-08,6,1.9999387090610228,0.8000007855420173,-2.107082791694993e-07
0.4,500.0,0.810541974844553,1245853689.006881,344.81158614226865,9.902585048007594e-08,9.397565866335566e-08,5,1.9999420750004007,0.8000004579273176,-1.7376401393917175e-07
0.4,500.0,0.8899953859235032,1104501769.8522239,190.80875209490685,9.760303012632666e-08,3.977676009029476e-07,3,2.0,0.8,0.0
0.4,500.0,0.9772372209558107,1063961225.8928194,510.593220992956,0.952078434136929,1.521187288469505e-06,3,2.0,0.8,0.0
0.4,550.0,0.01,1247688365.2231317,909.5093261437374,9.830021207156211e-08,3.5899707306498766e-08,6,1.7599156507770657,0.8216494268780318,-0.0026402964366942015
0.4,550.0,0.010980250419408422,1247688363.193855,909.4994801456444,9.834968028118666e-08,3.5900310633161605e-08,6,1.7599398370606107,0.8216474829556651,-0.00264003471732342
0.4,550.0,0.012056589927291887,1247688360.7474,909.4876105652564,9.884447792991159e-08,3.5901037910760596e-08,6,1.7599689955568354,0.8216451392377555,-0.002639719184480094
0.4,550.0,0.013238437660578209,1247688357.7981422,909.4733005936434,9.816226707337058e-08,3.5901914654219024e-08,6,1.7600041467956031,0.8216423136262664,-0.0026393387906864163
0.4,550.0,0.01453613606748761,1247688354.242659,909.4560507633421,9.870451326998057e-08,3.590297141653255e-08,6,1.7600465234346798,0.8216389068502885,-0.0026388801863244217
0.4,550.0,0.01596104141516088,1247688349.956548,909.4352562521939,9.88523215262579e-08,3.5904245194405315e-08,6,1.7600976081898512,0.8216347995320205,-0.002638327315129396
0.4,550.0,0.017525623169301542,1247688344.789802,909.4101895564116,9.856154197975814e-08,3.590578046315009e-08,6,1.7601591889427115,0.8216298476225619,-0.0026376608106170986
0.4,550.0,0.01924357311551172,1247688339.0160189,909.3729632576608,9.874581518554717e-08,3.5908939288934464e-08,6,1.7602280031709345,0.8216244848144846,-0.0026369253086898736
0.4,550.0,0.02112992517725142,1247688332.761942,909.3207579101334,9.848776696002115e-08,3.591363374914674e-08,6,1.7603025396611955,0.8216189140105956,-0.0026361408846722
0.4,550.0,0.023201186978958357,1247688325.223103,909.2578328267437,9.880679649237399e-08,3.591929308203127e-08,6,1.7603923880262413,0.8216121970263102,-0.002635195218203776
0.4,550.0,0.02547548430564807,1247688316.113177,909.1790173869529,9.864501452412051e-08,3.5927262363167804e-08,6,1.7605009615047236,0.8216040861483307,-0.00263405303817567
0.4,550.0,0.0279727197231725,1247688306.7846978,909.0666305538402,9.904449353577585e-08,3.593956599305542e-08,6,1.7606121488404056,0.8215964285979215,-0.00263291730249551
0.4,550.0,0.030714746747235906,1247688295.5402887,908.9311792161437,9.890637793549387e-08,3.595440268847134e-08,6,1.760746172387925,0.8215871936728539,-0.002631548046131975
0.4,550.0,0.03372556108533605,1247688277.090475,908.827929235156,9.922819436391874e-08,3.5961820969105506e-08,6,1.760966072484775,0.8215697442369646,-0.0026291809317227073
0.4,550.0,0.03703151062520455,1247688253.9146292,908.714242989039,9.887231247921252e-08,3.59690155885589e-08,6,1.7612422980108822,0.8215474906099046,-0.002626189962095244
0.4,550.0,0.04066152600737297,1247688226.402832,908.5724238960509,9.887934279836028e-08,3.597879745012925e-08,6,1.7615702031151186,0.8215212047035573,-0.0026226464373259647
0.4,550.0,0.044647373799624364,1247688189.5805132,908.4474131827038,9.913536420516152e-08,3.5982155346635254e-08,6,1.7620090471707561,0.8214847922210978,-0.002617839693786584
0.4,550.0,0.049023934488881024,1247688155.153672,908.1733976230722,9.950428743223924e-08,3.600738097939417e-08,6,1.7624193339829475,0.8214537466264542,-0.002613503583420629
0.4,550.0,0.05382950772325868,1247688107.5381038,907.9191677221035,9.864448674028172e-08,3.602443621828221e-08,6,1.7629868141045066,0.8214083992590242,-0.002607380238571094
0.4,550.0,0.059106147475486,1247688043.320361,907.7031988000971,9.873880959317875e-08,3.603131402149177e-08,6,1.763752064100561,0.8213449009772354,-0.002599000545129078
0.4,550.0,0.06490003006073211,1247687975.2256563,907.3278046018879,9.956367496941714e-08,3.60576670460473e-08,6,1.7645634990299617,0.8212803319307135,-0.0025902613792348162
0.4,550.0,0.07126185822939729,1247687902.3191671,906.7567631152929,9.954414103014682e-08,3.6110038567110206e-08,6,1.7654321865617022,0.8212143053865674,-0.0025810703248182166
0.4,550.0,0.07824730487111635,1247687805.4516232,906.1742044583466,9.946341444620538e-08,3.615673472057209e-08,6,1.766586310211988,0.8211230039715931,-0.002568673290940293
0.4,550.0,0.08591750021286539,1247687681.1680777,905.5626981328917,9.872701999227315e-08,3.6196279289727145e-08,6,1.7680669994390867,0.8210030812421059,-0.002552625665668563
0.4,550.0,0.09433956677468387,1247687534.223748,904.8105574773266,9.912026773706326e-08,3.62442771852617e-08,6,1.769817411185893,0.8208620259655423,-0.002533698385217606
0.4,550.0,0.10358720676445314,1247687369.6909122,903.7358156186153,9.844435527447958e-08,3.6335826581834746e-08,6,1.7717770874347802,0.8207079407315574,-0.0025127175710340653
0.4,550.0,0.11374134705207334,1247687153.1262717,902.6663499438631,9.89976336038728e-08,3.640626914305489e-08,6,1.7743561872419096,0.8204981804933181,-0.002484749874551697
0.4,550.0,0.12489084736726071,1247686901.9101825,901.2559643666856,9.894472800929969e-08,3.651438974310577e-08,6,1.777347388075501,0.8202573567537782,-0.002452459532964518
0.4,550.0,0.1371332779184638,1247686601.7695756,899.542541707261,9.853307790709826e-08,3.664689866718675e-08,6,1.7809202830156265,0.819969524716135,-0.0024139038995819044
0.4,550.0,0.15057577323790639,1247686237.8730175,897.5211325856106,9.908570597747959e-08,3.6798930477042896e-08,6,1.7852510082503488,0.8196184147532437,-0.002367089360465153
0.4,550.0,0.1653359697248269,1247685792.559742,895.1710476758154,9.840330309276566e-08,3.6972417106380574e-08,6,1.7905487477766338,0.8191844983414452,-0.0023096423150197995
0.4,550.0,0.18154303509143294,1247685270.1322749,892.1897579941669,9.80517972626542e-08,3.721097922455834e-08,6,1.7967611469023588,0.8186768122455418,-0.0022424097918841922
0.4,550.0,0.19933879872033844,1247621486.360074,1015.2123358970017,6.931120745028407e-06,1.9037696936554004e-08,6,1.9514821080726303,0.8039724624782331,-0.0004914900656105116
0.4,550.0,0.21887899282533668,1247621474.1468995,1005.2816573710274,3.280746929980993e-06,1.957763844506701e-08,6,1.9516644842749182,0.8039992176325232,-0.0004914513761612703
0.4,550.0,0.24033461527700972,1247621460.8895407,993.0905266722715,1.1664599428044788e-06,2.0308208827116482e-08,6,1.9518602340820015,0.804034268092477,-0.0004917025936353824
0.4,550.0,0.26389342601937477,1247621449.3740506,977.7061730331034,2.7189385719829623e-07,2.141645115607009e-08,6,1.9520279496781852,0.8040837130753129,-0.0004927980890908773
0.4,550.0,0.2897615901728365,1247621438.8529088,958.5530002051358,9.952496509380426e-08,2.3010525335759398e-08,6,1.9521780918313778,0.8041500048458985,-0.0004947933741084687
0.4,550.0,0.318165482202374,1247621423.8030124,935.6258499239401,9.94959189568655e-08,2.507235918739669e-08,6,1.9523882280420175,0.8042305110103376,-0.0004970920032049819
0.4,550.0,0.34935366693939,1247534192.046085,941.5274029682549,1.0556757645229582e-06,2.1738821862019928e-08,6,1.9861357477556907,0.8012165486566292,-0.00013844931557739174
0.4,550.0,0.3835990747933107,1247534165.3349793,909.9960845648137,9.975844195750752e-08,2.4356094787343035e-08,6,1.986515684793019,0.8012238273925022,-0.0001362379291048393
0.4,550.0,0.4212013901883932,1247443127.6907094,891.3976706563376,2.1637745655172643e-06,2.2619147667812607e-08,6,1.9965359244973444,0.800314836071075,-3.3149347030067894e-05
0.4,550.0,0.4624896741271517,1247443096.501516,844.5505311236035,9.96348394165308e-08,2.6955237935231336e-08,6,1.9967728578272066,0.8003078589656323,-3.12696815879026e-05
0.4,550.0,0.5078252438306721,1247348824.5083394,800.3769965849342,9.957816793481172e-08,2.844331331058847e-08,6,1.9986399759418643,0.80013238004227,-1.2617312597408245e-05
0.4,550.0,0.5576048346557921,1247049097.874694,745.6819169136377,4.297762730351475e-05,3.135978167485814e-08,6,1.9996763149872236,0.8000284188200693,-2.5805940113295313e-06
0.4,550.0,0.6122640719593427,1246196311.4540434,823.4402048862167,0.37896074718775286,4.2924301466806476e-08,6,1.9999345002869546,0.8000008646988785,-2.3332378938177247e-07
0.4,550.0,0.6722812832920282,1246069080.97216,750.3062431241488,0.4188336170761582,5.656960175803933e-08,6,1.999938716985236,0.8000004987621964,-2.059325489872978e-07
0.4,550.0,0.7381816842827723,1245853742.7083626,622.8131627723649,0.4144543771019468,7.079375270280736e-08,5,1.9999420722890568,0.8000001671505196,-1.873226014814784e-07
0.4,550.0,0.810541974844553,1245853810.295609,378.6100568181752,0.0001616088119703629,8.273386289320424e-08,5,1.999942067948397,0.8000003906711599,-1.6909754149620336e-07
0.4,550.0,0.8899953859235032,1105100495.7024662,213.99018490730504,9.533192143926507e-08,3.355388026742908e-07,3,2.0,0.8,0.0
0.4,550.0,0.9772372209558107,1065700684.2494909,480.0218676568459,0.9441340066536126,1.4828471577089232e-06,3,2.0,0.8,0.0
0.4,600.0,0.01,1247697225.7299984,960.449916824541,1.064107073481613e-06,3.247485541047009e-08,6,1.6540296660104987,0.8296476542497572,-0.003768731490658113
0.4,600.0,0.010980250419408422,1247697222.996333,960.443753191131,1.1680867344625446e-06,3.247435163768726e-08,6,1.6540623887728225,0.8296450910804044,-0.0037683761744553685
0.4,600.0,0.012056589927291887,1247697219.4909256,960.4372808480766,1.2820301282118412e-06,3.247398981769933e-08,6,1.6541043493494922,0.8296417048126199,-0.003767915190634912
0.4,600.0,0.013238437660578209,1247697215.2659998,960.4294683269183,1.4069540135065352e-06,3.247355416001228e-08,6,1.6541549227363395,0.8296376234273686,-0.003767359582269268
0.4,600.0,0.01453613606748761,1247697210.17392,960.4200395405242,1.5438691887922e-06,3.247302947752564e-08,6,1.6542158761685097,0.8296327041680631,-0.0037666899267132696
0.4,600.0,0.01596104141516088,1247697204.036813,960.4086617644185,1.693861783568197e-06,3.247239743346419e-08,6,1.6542893388277462,0.8296267749722286,-0.0037658828196982896
0.4,600.0,0.017525623169301542,1247697196.7075682,960.3958482804528,1.8584256065212598e-06,3.247113573951199e-08,6,1.6543770691526398,0.8296197368004105,-0.003764921300262096
0.4,600.0,0.01924357311551172,1247697187.704871,960.3809418799929,2.038406707791591e-06,3.246992475962498e-08,6,1.6544848277162174,0.8296110128255791,-0.003763736003785446
0.4,600.0,0.02112992517725142,1247697176.8559258,960.3629605081451,2.2352426661239105e-06,3.2468464622975096e-08,6,1.654614685103945,0.8296004980128788,-0.003762307534844193
0.4,600.0,0.023201186978958357,1247697166.3971841,960.309314589832,2.4470142614170964e-06,3.247115217114381e-08,6,1.6547398646270757,0.8295912930517275,-0.003760980052580571
0.4,600.0,0.02547548430564807,1247697153.992111,960.2421348007468,2.676199218086909e-06,3.247481559936451e-08,6,1.6548883388687188,0.8295804390274566,-0.003759408808164899
0.4,600.0,0.0279727197231725,1247697142.189892,960.1190350019908,2.9193070503411884e-06,3.2486142701836806e-08,6,1.6550296017316932,0.8295715222923529,-0.0037579888248349064
0.4,600.0,0.030714746747235906,1247697128.8461483,959.9628386712784,3.177779449734787e-06,3.250041873622936e-08,6,1.6551893165559672,0.8295619110299404,-0.003756408191420283
0.4,600.0,0.03372556108533605,1247697110.9960165,959.7935223608827,3.457267140038075e-06,3.2514575897835665e-08,6,1.6554029681106792,0.829548018444801,-0.0037542389928757907
0.4,600.0,0.03703151062520455,1247697089.9653876,959.5818964657193,3.752772310420015e-06,3.2533512585290385e-08,6,1.6556547074074393,0.8295319004843053,-0.003751696397154225
0.4,600.0,0.04066152600737297,1247697052.365903,959.4826152294099,4.095106432906311e-06,3.253234475881112e-08,6,1.6561047847610144,0.829496344767279,-0.0037467931720856877
0.4,600.0,0.044647373799624364,1247697008.4356112,959.3472724803377,4.458000741398591e-06,3.253338199160442e-08,6,1.6566306156953423,0.8294552919815333,-0.0037410906695737618
0.4,600.0,0.049023934488881024,1247696965.0426538,959.0660440442261,4.816564697044244e-06,3.255192725526463e-08,6,1.6571500091699458,0.8294183905274192,-0.0037356518865101582
0.4,600.0,0.05382950772325868,1247696908.67837,958.781231643267,5.198914688727312e-06,3.256577364967796e-08,6,1.657824629494888,0.8293685355594864,-0.0037284858370651183
0.4,600.0,0.059106147475486,1247696851.2363544,958.2989551594715,5.555545671417306e-06,3.260555874403958e-08,6,1.6585121780370935,0.8293222282931424,-0.0037214217678905835
0.4,600.0,0.06490003006073211,1247696769.3254974,957.8787341279975,5.948122132544343e-06,3.262894156828569e-08,6,1.6594925922128647,0.8292496636568103,-0.00371100268752393
0.4,600.0,0.07126185822939729,1247696672.5291746,957.3540663644837,6.326942924584693e-06,3.2659011330575137e-08,6,1.66065115183626,0.829164667613504,-0.0036987313688405373
0.4,600.0,0.07824730487111635,1247696567.0163517,956.5792426074671,6.636415647138614e-06,3.271640677722408e-08,6,1.661914012526742,0.8290767627777968,-0.003685608144284587
0.4,600.0,0.08591750021286539,1247696422.9872847,955.8582930021043,6.965681477229776e-06,3.2753965206415526e-08,6,1.663637871109774,0.8289484714644875,-0.003667256596034044
0.4,600.0,0.09433956677468387,1247696265.2598495,954.7964371758761,7.166942816924695e-06,3.28284369973125e-08,6,1.6655255812148766,0.8288144475308794,-0.0036475062340794763
0.4,600.0,0.10358720676445314,1247696074.6649346,953.5037450245871,7.266332277530906e-06,3.292564825819718e-08,6,1.6678065798478023,0.8286518432885815,-0.003623609415759803
0.4,600.0,0.11374134705207334,1247695815.832358,952.3438238417477,7.371655730226232e-06,3.2975504237179453e-08,6,1.670904136405693,0.8284170423882092,-0.0035904228407759964
0.4,600.0,0.12489084736726071,1247695538.8973913,950.5097008725015,7.176866207328523e-06,3.310795220351262e-08,6,1.6742180417854906,0.8281792084833255,-0.003555635895684714
0.4,600.0,0.1371332779184638,1247695180.7934666,948.6098866123699,6.89465973418387e-06,3.322193059578586e-08,6,1.6785029044722342,0.8278593900024042,-0.0035100164252745312
0.4,600.0,0.15057577323790639,1247694757.427828,946.2729623785895,6.373279721298304e-06,3.336173236438869e-08,6,1.6835679900999228,0.8274829597367215,-0.00345619590474032
0.4,600.0,0.1653359697248269,1247694275.763566,943.1108211635925,5.530374370199971e-06,3.3592414631100294e-08,6,1.6893296444478458,0.8270641365512762,-0.0033954973073664204
0.4,600.0,0.18154303509143294,1247693666.4510088,939.7304273123895,4.591470433500927e-06,3.3802414048437136e-08,6,1.696616709459802,0.8265178626738997,-0.003317890815182922
0.4,600.0,0.19933879872033844,1247692944.9206653,935.5481975700553,3.487806750027961e-06,3.408374481239042e-08,6,1.7052432571130607,0.8258708145271217,-0.0032260582892991905
0.4,600.0,0.21887899282533668,1247692090.2563202,930.4285221238067,2.3456387844628177e-06,3.4445078569838484e-08,6,1.7154576015860177,0.8251025929123963,-0.00311730109126562
0.4,600.0,0.24033461527700972,1247691043.0196273,924.607326353608,1.3581603527328772e-06,3.483284442757293e-08,6,1.727966920504107,0.8241428633239694,-0.002983353352213615
0.4,600.0,0.26389342601937477,1247689796.6417947,917.578378113904,6.176443023530473e-07,3.532032948943196e-08,6,1.7428450560062239,0.8229901849469834,-0.00282385190001934
0.4,600.0,0.2897615901728365,1247688311.8360116,909.1273600024809,1.9470040662065035e-07,3.593290249301486e-08,6,1.760551941585372,0.8215996124448877,-0.0026336224553383863
0.4,600.0,0.318165482202374,1247686534.3831117,899.1252877303243,9.876609166233478e-08,3.6681122733464744e-08,6,1.7817223474868795,0.81990455181175,-0.002405329153459335
0.4,600.0,0.34935366693939,1247621482.527912,1012.1620381438444,9.432519241785877e-06,1.9201021493125546e-08,6,1.9515395280305408,0.8039799671130237,-0.0004914931209454213
0.4,600.0,0.3835990747933107,1247621449.3782935,977.7134799533638,3.9413287226459254e-07,2.1415845866463865e-08,6,1.9520278884722593,0.8040832567548977,-0.0004928124788250498
0.4,600.0,0.4212013901883932,1247621422.7099354,933.7148210443219,9.947280585507947e-08,2.5259692649644317e-08,6,1.9524032647613563,0.8042371867987013,-0.0004973214145705732
0.4,600.0,0.4624896741271517,1247534168.9274023,916.1322582092938,9.953905724993418e-08,2.377202858476902e-08,6,1.9864655092382288,0.8012202846075338,-0.00013643098797950387
0.4,600.0,0.5078252438306721,1247443117.040227,874.7214791434282,3.820548729917247e-07,2.382452312295129e-08,6,1.99666557868564,0.8003079759456205,-3.202399291188405e-05
0.4,600.0,0.5576048346557921,1247348838.260443,812.1408884011647,9.954358786197526e-08,2.7143810125323994e-08,6,1.9986259753519877,0.80013188716794,-1.270384931868898e-05
0.4,600.0,0.6122640719593427,1246328259.7544496,884.2144762086373,0.3617295637665108,3.6384794185306104e-08,6,1.9999276739591785,0.800001431064663,-2.845511281975573e-07
0.4,600.0,0.6722812832920282,1246069110.7043688,916.825137402467,0.5089207710522342,4.925841968477872e-08,6,1.999938711135911,0.800000427079509,-2.0222484468170828e-07
0.4,600.0,0.7381816842827723,1245853752.7709544,797.5125693732739,0.5392012340355895,6.631662229647779e-08,5,1.9999420717010297,0.8000001234674565,-1.8462522138991625e-07
0.4,600.0,0.810541974844553,1246069045.2589962,412.5874909884448,4.233561748435467e-05,7.273356314656941e-08,6,1.999938722149754,0.8000009109347024,-2.0240632514139606e-07
0.4,600.0,0.8899953859235032,1245742139.9103732,223.19062505787167,9.998290606709034e-08,3.14669569792906e-07,5,1.9999434567527057,0.8000006875584182,-1.9479246349118922e-07
0.4,600.0,0.9772372209558107,1067259955.6518922,456.3481044239039,0.9363245249492584,1.4598709781263131e-06,3,2.0,0.8,0.0
0.4,650.0,0.01,1247704913.270367,1045.993075939657,2.344670752744139e-05,2.435483783079297e-08,6,1.5634729501554088,0.8349857121069575,-0.004663826959244962
0.4,650.0,0.010980250419408422,1247704913.25572,1045.947669188614,2.5706748579413535e-05,2.4358988420230498e-08,6,1.5634731329293157,0.834986983621281,-0.004663893839932806
0.4,650.0,0.012056589927291887,1247704913.23814,1045.892920010052,2.8175983682402844e-05,2.4363979488417196e-08,6,1.5634733523002506,0.8349885168486856,-0.004663974491407608
0.4,650.0,0.013238437660578209,1247704913.2163544,1045.8264521280128,3.0870872125823634e-05,2.4370260112328374e-08,6,1.563473624041082,0.8349903647980632,-0.004664071639986458
0.4,650.0,0.01453613606748761,1247704913.1891305,1045.7469279874551,3.3808525680627885e-05,2.4377676842561246e-08,6,1.563473963354816,0.834992591765824,-0.004664188640926906
0.4,650.0,0.01596104141516088,1247704913.1564214,1045.6510438406704,3.700575749845594e-05,2.438660150040156e-08,6,1.5634743710364711,0.8349952772151074,-0.004664329733845193
0.4,650.0,0.017525623169301542,1247704913.11711,1045.5354334482656,4.047897768960114e-05,2.4397343414854642e-08,6,1.5634748610080587,0.8349985156036845,-0.0046644998808204816
0.4,650.0,0.01924357311551172,1247704913.069851,1045.3960406303217,4.4243372628539654e-05,2.4410275076483015e-08,6,1.5634754500383956,0.83500242088614,-0.004664705067140071
0.4,650.0,0.02112992517725142,1247704913.0130239,1045.2279753317493,4.831192272728351e-05,2.442584570662071e-08,6,1.5634761583225705,0.8350071305557067,-0.004664952513021304
0.4,650.0,0.023201186978958357,1247704912.9446752,1045.02534145072,5.269407713099553e-05,2.444459778140381e-08,6,1.563477010209987,0.8350128105285001,-0.004665250929026681
0.4,650.0,0.02547548430564807,1247704912.8624518,1044.7810308247672,5.7393990400908865e-05,2.4467185928735938e-08,6,1.5634780350304753,0.8350196610584782,-0.004665610825389203
0.4,650.0,0.0279727197231725,1247704912.7706442,1044.4854772703002,6.24076483593076e-05,2.4494436964573894e-08,6,1.563479178344767,0.8350279334811881,-0.004666045979345398
0.4,650.0,0.030714746747235906,1247704912.6651087,1044.129470015279,6.772137703318466e-05,2.4526821999116903e-08,6,1.5634804919402407,0.8350379187208471,-0.004666571600002546
0.4,650.0,0.03372556108533605,1247704912.5380716,1043.7002510899285,7.330659112647506e-05,2.4565860497320805e-08,6,1.5634820731643815,0.8350499645090921,-0.004667205600751275
0.4,650.0,0.03703151062520455,1247704912.381582,1043.1823883229347,7.911539556247113e-05,2.4613388623374068e-08,6,1.5634840201820295,0.8350644930890341,-0.004667969849444358
0.4,650.0,0.04066152600737297,1247704912.18349,1042.5589991100949,8.507579741310492e-05,2.467103928638659e-08,6,1.5634864825408075,0.8350820115525698,-0.004668890402091665
0.4,650.0,0.044647373799624364,1247704911.9524648,1041.8063891583047,9.108141794535041e-05,2.4740775399213696e-08,6,1.5634893529519682,0.8351031640820378,-0.004670002252432829
0.4,650.0,0.049023934488881024,1247704911.6912487,1040.8985822224106,9.698694854889835e-05,2.4824410498702694e-08,6,1.5634925954928613,0.8351287203375563,-0.0046713465894177636
0.4,650.0,0.05382950772325868,1247704911.35652,1039.8043208500371,0.00010259984293800892,2.4926873278825582e-08,6,1.5634967457397149,0.8351595507063093,-0.004672966098029588
0.4,650.0,0.059106147475486,1247704910.9701889,1038.4838842022446,0.00010766684615061509,2.5050218294767392e-08,6,1.5635015297981774,0.8351968092896224,-0.004674923815590597
0.4,650.0,0.06490003006073211,1247704910.50343,1036.8915813969484,0.00011187347953149267,2.520009143106645e-08,6,1.5635073013202263,0.8352418236429001,-0.004677287707626977
0.4,650.0,0.07126185822939729,1247704909.9690218,1034.9690806436442,0.00011483477371528045,2.5381967328582825e-08,6,1.563513896964222,0.8352962712958996,-0.004680147512963634
0.4,650.0,0.07824730487111635,1247704909.3273153,1032.6507733972614,0.00011611017105765049,2.5604050449221986e-08,6,1.5635217998048245,0.8353621216709168,-0.004683603906466086
0.4,650.0,0.08591750021286539,1247704908.557583,1029.8534303875015,0.00011521505413815563,2.5875432524439077e-08,6,1.5635312534856933,0.8354418150214556,-0.004687783635637905
0.4,650.0,0.09433956677468387,1247704907.647477,1026.477835468949,0.00011166669605931164,2.6206588690098066e-08,6,1.5635423958519052,0.8355383536653861,-0.004692843315776754
0.4,650.0,0.10358720676445314,1247704906.591847,1022.4021102771535,0.00010505465612994884,2.661014605596159e-08,6,1.563555271441191,0.8356554351867167,-0.004698976150355302
0.4,650.0,0.11374134705207334,1247704905.3006659,1017.4838897728276,9.515939504664686e-05,2.7111811656369954e-08,6,1.563570949674798,0.8357975020763144,-0.0047064068102071225
0.4,650.0,0.12489084736726071,1247704903.7676451,1011.5447792170019,8.208302511026466e-05,2.7733405471247767e-08,6,1.5635894580678897,0.8359701900611,-0.00471542840162823
0.4,650.0,0.1371332779184638,1247704901.9409957,1004.3712203263857,6.641975262001598e-05,2.850797462161735e-08,6,1.5636113605081423,0.8361804496583061,-0.004726398113839867
0.4,650.0,0.15057577323790639,1247704380.5607064,995.72520706406,6.140611719879418e-05,3.045916806248479e-08,6,1.568529263813702,0.8358874879053375,-0.004677591602828056
0.4,650.0,0.1653359697248269,1247703522.1661844,994.5804269736644,7.01453328592206e-05,3.0449822310826635e-08,6,1.5787396092465853,0.8350518414832084,-0.004564230210974456
0.4,650.0,0.18154303509143294,1247702706.1941805,991.314429314211,7.14042735519593e-05,3.0616496454688286e-08,6,1.5884716509530172,0.8343272896508309,-0.004459950026662752
0.4,650.0,0.19933879872033844,1247701811.6758568,986.6399223787025,6.77651441627972e-05,3.0894662347256414e-08,6,1.5991562698134918,0.833562848517558,-0.0043471237773574515
0.4,650.0,0.21887899282533668,1247700762.301312,980.9928620181446,6.088731659127124e-05,3.121913124494918e-08,6,1.6117036563460645,0.8326675899345313,-0.004214827561030413
0.4,650.0,0.24033461527700972,1247699540.1221032,974.0164811175524,5.024096595435111e-05,3.1636918763379e-08,6,1.6263269468692225,0.8316287593055306,-0.004061031697523518
0.4,650.0,0.26389342601937477,1247698097.5532362,965.6361172992836,3.707889415564778e-05,3.214714775257925e-08,6,1.6435938098089966,0.8303944973831032,-0.003879258895333002
0.4,650.0,0.2897615901728365,1247696387.8557065,955.7021664878857,2.324188773316675e-05,3.2761530824041894e-08,6,1.664058327599961,0.8289139043665945,-0.0036632392181400845
0.4,650.0,0.318165482202374,1247694380.9051762,943.7042847967333,1.1124228008898397e-05,3.355261349449616e-08,6,1.6880720217915541,0.8271561370510426,-0.003409186499796556
0.4,650.0,0.34935366693939,1247691975.394585,929.9231823506608,3.5255879262640543e-06,3.44702277596128e-08,6,1.7168300216777135,0.8249933311898415,-0.0031026245336152223
0.4,650.0,0.3835990747933107,1247689129.827544,913.6953950855255,5.215977400421795e-07,3.560690067617357e-08,6,1.7507994338721187,0.8223689291882205,-0.0027386263421490423
0.4,650.0,0.4212013901883932,1247685748.7285137,894.785351512292,9.886052810126821e-08,3.701260314412779e-08,6,1.7910700586095774,0.8191430184129457,-0.002304198219107096
0.4,650.0,0.4624896741271517,1247621448.4188344,975.8827144729552,3.894827760894442e-07,2.1564018993139006e-08,6,1.9520417187439973,0.804089162402032,-0.000493009650153045
0.4,650.0,0.5078252438306721,1247534190.243597,940.4671043747392,1.3385105119395038e-06,2.1798159515973275e-08,6,1.9861617618081986,0.8012152846698452,-0.00013824832663850094
0.4,650.0,0.5576048346557921,1247443118.5320644,881.2050323909546,8.760470592622748e-07,2.348263602076097e-08,6,1.9966508244018355,0.8003072185259743,-3.210627649952026e-05
0.4,650.0,0.6122640719593427,1247348819.7908585,796.2010936205919,9.997132310287785e-08,2.8945358948509897e-08,6,1.9986437856773163,0.8001325240735839,-1.259698016200379e-05
0.4,650.0,0.6722812832920282,1246196280.3900912,926.4800803949784,0.4612177195896145,4.730704209921272e-08,6,1.9999345192057196,0.8000007810129693,-2.300132550176951e-07
0.4,650.0,0.7381816842827723,1245958425.7896452,903.9786019740544,0.5687487596668084,6.31001684477648e-08,6,1.9999407733557966,0.8000002419126103,-1.911870172613466e-07
0.4,650.0,0.810541974844553,1245853787.2726321,482.2490092482402,0.22225668049388755,6.522355715707704e-08,5,1.9999420695206196,0.8000002273399354,-1.936416065840978e-07
0.4,650.0,0.8899953859235032,1245853548.2071972,263.5972223481769,9.794533395289575e-08,1.9346623162491328e-07,5,1.9999420789400209,0.8000006855918966,-1.9345660013813126e-07
0.4,650.0,0.9772372209558107,1068770825.7759534,425.780072462176,0.9261735455636733,1.4695793426340805e-06,3,2.0,0.8,0.0
0.5,200.0,0.01,1246069038.908273,426.06824177338837,9.563492220572533e-08,7.349224294216288e-08,6,1.9999387228686833,1.0000013585044765,-2.489230352406894e-07
0.5,200.0,0.010980250419408422,1246069038.8969872,426.0589621836042,9.934285676410797e-08,7.349640427939451e-08,6,1.999938722869918,1.0000013585353498,-2.4892307741157005e-07
0.5,200.0,0.012056589927291887,1246069038.883383,426.04777422879096,9.782418858626435e-08,7.350142095791359e-08,6,1.999938722871406,1.000001358572573,-2.4892312831541633e-07
0.5,200.0,0.013238437660578209,1246069038.866981,426.03428581138434,9.633522691805391e-08,7.350746899907785e-08,6,1.9999387228732002,1.000001358617456,-2.489231897713659e-07
0.5,200.0,0.01453613606748761,1246069038.8472033,426.0180242455517,9.998663425979627e-08,7.351476056062695e-08,6,1.9999387228753638,1.0000013586715706,-2.4892326398467444e-07
0.5,200.0,0.01596104141516088,1246069038.823361,425.9984190100405,9.8591638304154e-08,7.352355067775818e-08,6,1.9999387228779717,1.0000013587368226,-2.489233536400237e-07
0.5,200.0,0.017525623169301542,1246069038.794615,425.97478314633935,9.760616995684607e-08,7.353414745220003e-08,6,1.9999387228811163,1.0000013588154917,-2.489234619900338e-07
0.5,200.0,0.01924357311551172,1246069038.759957,425.94628833804035,9.714110103802906e-08,7.354692193115868e-08,6,1.9999387228849075,1.0000013589103671,-2.489235929960734e-07
0.5,200.0,0.02112992517725142,1246069038.7181716,425.9119361563158,9.735858097907608e-08,7.356232119735733e-08,6,1.9999387228894783,1.0000013590247654,-2.489237514879387e-07
0.5,200.0,0.023201186978958357,1246069038.6677926,425.87052329830755,9.838709302462518e-08,7.358088398915224e-08,6,1.9999387228949892,1.0000013591627137,-2.4892394336565014e-07
0.5,200.0,0.02547548430564807,1246069038.603783,425.8176161123219,9.766030668593473e-08,7.360962470538084e-08,6,1.9999387229019352,1.0000013593289954,-2.489241736514884e-07
0.5,200.0,0.0279727197231725,1246069038.5311518,425.75720687171844,9.909463625802153e-08,7.363714395930747e-08,6,1.9999387229097438,1.0000013595296664,-2.489244576815102e-07
0.5,200.0,0.030714746747235906,1246069038.443585,425.6843860264179,9.963344650666767e-08,7.367031303773231e-08,6,1.999938722919158,1.0000013597716724,-2.489248025708022e-07
0.5,200.0,0.03372556108533605,1246069038.3380105,425.5966066195039,9.99474432935044e-08,7.371028944800411e-08,6,1.9999387229305086,1.0000013600635642,-2.4892522195532433e-07
0.5,200.0,0.03703151062520455,1246069038.210725,425.490800464419,1.023490822961339e-07,7.375846668146056e-08,6,1.999938722944193,1.0000013604156284,-2.4892573279146824e-07
0.5,200.0,0.04066152600737297,1246069038.0572639,425.3632720769013,1.0887090561318271e-07,7.381652169387081e-08,6,1.9999387229606915,1.0000013608403455,-2.4892635627979956e-07
0.5,200.0,0.044647373799624364,1246069037.8722472,425.20957107318736,1.1504062768554716e-07,7.388647154570015e-08,6,1.999938722980583,1.000001361352731,-2.48927119166969e-07
0.5,200.0,0.049023934488881024,1246069037.6491888,425.02433988802255,1.205822869189911e-07,7.397074144985166e-08,6,1.999938723004564,1.0000013619709789,-2.4892805534870375e-07
0.5,200.0,0.05382950772325868,1246069037.3802912,424.80114969189134,1.251583568844633e-07,7.407223680144295e-08,6,1.9999387230334733,1.0000013627172475,-2.4892923043326826e-07
0.5,200.0,0.059106147475486,1246069037.0544636,424.52872394952334,1.2835823986375926e-07,7.420229661112008e-08,6,1.9999387230681402,1.0000013636181013,-2.4893068954087083e-07
0.5,200.0,0.06490003006073211,1246069036.6672206,424.2035027451749,1.2973703063494704e-07,7.435269709361492e-08,6,1.9999387231090582,1.0000013647059227,-2.489325085103725e-07
0.5,200.0,0.07126185822939729,1246069036.2003627,423.8117484116726,1.2880954225976352e-07,7.453375014358076e-08,6,1.9999387231583885,1.0000013660196507,-2.4893477993554187e-07
0.5,200.0,0.07824730487111635,1246069035.6356986,423.3363648999004,1.2510958330215204e-07,7.475972327801046e-08,6,1.9999387232176133,1.000001367606812,-2.489376363385539e-07
0.5,200.0,0.08591750021286539,1246069034.9615142,422.7662620925692,1.1828181058724622e-07,7.5027016685227e-08,6,1.9999387232876311,1.0000013695254093,-2.4894126902414145e-07
0.5,200.0,0.09433956677468387,1245958588.3328874,416.0692822607342,3.055394000723025e-05,9.30685055069728e-08,6,1.9999407582014517,1.000000854773504,-2.292662613280859e-07
0.5,200.0,0.10358720676445314,1245958552.2659442,417.2800451932063,3.095981406025234e-05,8.728401322829446e-08,6,1.999940761655337,1.0000008559607834,-2.2924697877240854e-07
0.5,200.0,0.11374134705207334,1245958532.4100468,417.423624191397,2.9876047734390608e-05,8.435343513339263e-08,6,1.9999407635698638,1.0000008579857909,-2.2924740219788e-07
0.5,200.0,0.12489084736726071,1245958515.275276,417.19395539383635,2.7712462671398655e-05,8.202644095911501e-08,6,1.9999407652183843,1.0000008606136492,-2.292555625877142e-07
0.5,200.0,0.1371332779184638,1245958499.751385,416.59781445810495,2.4506203836091424e-05,8.01722101286551e-08,6,1.9999407666996367,1.0000008639364981,-2.2927190619196987e-07
0.5,200.0,0.15057577323790639,1245958484.6211193,415.6697824545427,2.043052858131491e-05,7.853957332164648e-08,6,1.999940768126127,1.0000008680715249,-2.292974002381679e-07
0.5,200.0,0.1653359697248269,1245958469.697507,414.3443103360428,1.5785158628590036e-05,7.717044852229888e-08,6,1.9999407695087033,1.0000008731970425,-2.29334722551545e-07
0.5,200.0,0.18154303509143294,1245958454.845567,412.5486299343862,1.1038140233426837e-05,7.609090539852356e-08,6,1.9999407708519743,1.0000008795389979,-2.2938770473601845e-07
0.5,200.0,0.19933879872033844,1245958439.8308187,410.2036963203742,6.757317713260907e-06,7.531073898447089e-08,6,1.9999407721696902,1.0000008873810704,-2.2946189462810728e-07
0.5,200.0,0.21887899282533668,1245853915.3125093,400.7780117324168,3.135295801221142e-05,9.557340034475056e-08,5,1.9999420601632374,1.0000005631604736,-2.1764977172466092e-07
0.5,200.0,0.24033461527700972,1245853851.2928758,399.526880167882,1.6675982910297393e-05,8.730566096768841e-08,5,1.9999420649868331,1.0000005716238247,-2.17800123760098e-07
0.5,200.0,0.26389342601937477,1245853812.5229135,395.93072203966807,6.518426573281922e-06,8.414337433261619e-08,5,1.999942067791868,1.0000005829625527,-2.1803721831946523e-07
0.5,200.0,0.2897615901728365,1245853780.6955132,390.731220238263,1.674565129234114e-06,8.310076077703182e-08,5,1.9999420699535597,1.0000005974745587,-2.1837391763159754e-07
0.5,200.0,0.318165482202374,1245853752.0542808,383.8870542777099,2.2705405754745395e-07,8.377057626706707e-08,5,1.999942071743573,1.000000615990488,-2.188477368195246e-07
0.5,200.0,0.34935366693939,1245853724.7699687,375.1919273209583,9.901956493005311e-08,8.622566986178515e-08,5,1.9999420732771898,1.0000006397365497,-2.1951845187122475e-07
0.5,200.0,0.3835990747933107,1245853697.707951,364.3406486484951,9.878662756917282e-08,9.085188252472142e-08,5,1.9999420746121197,1.0000006704967754,-2.2047937161034721e-07
0.5,200.0,0.4212013901883932,1245853669.9389071,350.9355296668575,9.869033521171197e-08,9.843169244137833e-08,5,1.9999420757824207,1.0000007109323408,-2.2187965941814491e-07
0.5,200.0,0.4624896741271517,1245853640.452895,334.4696842231598,9.877823669208493e-08,1.1041538843505111e-07,5,1.9999420768132714,1.0000007651692953,-2.239626765951176e-07
0.5,200.0,0.5078252438306721,1245853607.8961086,314.32128217692724,9.862682766787666e-08,1.2951596665125366e-07,5,1.999942077727682,1.000000839817752,-2.2713493653396174e-07
0.5,200.0,0.5576048346557921,1245853569.929512,289.59689774949595,9.961694157995e-08,1.6143835239618817e-07,5,1.99994207855553,1.0000009466633086,-2.3208467051221096e-07
0.5,200.0,0.6122640719593427,1245762341.5667138,237.64462252964242,9.889899994879733e-08,2.967911589276875e-07,5,1.9999432270958668,1.000000994710105,-2.317987034501573e-07
0.5,200.0,0.6722812832920282,1104908501.1800783,215.53072297927778,9.715231216559977e-08,3.433023358032115e-07,3,2.0,1.0,0.0
0.5,200.0,0.7381816842827723,1103490954.6716242,167.50010953914372,9.609261673909768e-08,5.013540050069303e-07,3,2.0,1.0,0.0
0.5,200.0,0.810541974844553,1101132770.752548,121.36894298070554,8.221853095241165e-08,8.119236711390764e-07,3,2.0,1.0,0.0
0.5,200.0,0.8899953859235032,1090130724.1012065,142.7000038996982,0.6334467028186551,2.539168024209469e-06,3,2.0,1.0,0.0
0.5,200.0,0.9772372209558107,1038638993.924617,456.8471847473272,0.9773503980620304,3.3449307843075797e-05,2,2.0,1.0,0.0
0.5,250.0,0.01,1246196304.5782945,532.1020126262542,5.79277990693485e-05,5.0660889616945825e-08,6,1.9999345048581845,1.0000019558027655,-2.9568562308202776e-07
0.5,250.0,0.010980250419408422,1246196304.543342,532.0924105079531,6.355140943840214e-05,5.066133250945956e-08,6,1.9999345048810782,1.000001955835729,-2.956856115825936e-07
0.5,250.0,0.012056589927291887,1246196304.5019057,532.0807561998339,6.970852140593238e-05,5.0661916498995275e-08,6,1.999934504908219,1.0000019558755717,-2.956856024344375e-07
0.5,250.0,0.013238437660578209,1246196304.452724,532.0666200973735,7.644569898697361e-05,5.066267534137997e-08,6,1.9999345049404327,1.0000019559237276,-2.956855965027018e-07
0.5,250.0,0.01453613606748761,1246196304.3851256,532.0452418258234,8.380812601455427e-05,5.066715655144727e-08,6,1.999934504983891,1.0000019559809723,-2.9568556230841837e-07
0.5,250.0,0.01596104141516088,1246196304.317478,532.0241495152566,9.18549352795702e-05,5.066883783065956e-08,6,1.9999345050273283,1.0000019560517308,-2.9568558952535806e-07
0.5,250.0,0.017525623169301542,1246196304.2369351,531.998612386763,0.00010063616967902699,5.0670929540516e-08,6,1.9999345050790458,1.0000019561371722,-2.9568562812122857e-07
0.5,250.0,0.01924357311551172,1246196304.1409545,531.9677064036532,0.00011020639048021736,5.067352147934583e-08,6,1.9999345051406758,1.0000019562403888,-2.95685680606659e-07
0.5,250.0,0.02112992517725142,1246196304.026484,531.9303169100808,0.00012061997795188018,5.067672193861595e-08,6,1.9999345052141786,1.0000019563650209,-2.956857498362173e-07
0.5,250.0,0.023201186978958357,1246196303.8898597,531.8850993124703,0.00013192939400347444,5.0680661649256455e-08,6,1.9999345053019064,1.0000019565155172,-2.956858389753455e-07
0.5,250.0,0.02547548430564807,1246196303.7266839,531.8304323039899,0.00014418275963223423,5.068549758416222e-08,6,1.9999345054066833,1.0000019566972447,-2.9568595140594043e-07
0.5,250.0,0.0279727197231725,1246196303.5316796,531.7643619194339,0.0001574205391548923,5.0691416967283714e-08,6,1.9999345055318976,1.0000019569166654,-2.9568609055922023e-07
0.5,250.0,0.030714746747235906,1246196303.2985115,531.684532984983,0.0001716710755049125,5.069864407550975e-08,6,1.9999345056816171,1.0000019571816128,-2.956862596672337e-07
0.5,250.0,0.03372556108533605,1246196303.019579,531.5881084041234,0.00018694469664176799,5.070744598828594e-08,6,1.9999345058607225,1.000001957501534,-2.956864622314526e-07
0.5,250.0,0.03703151062520455,1246196302.6857567,531.4716700080247,0.00020322577344491236,5.07181394109635e-08,6,1.9999345060750733,1.0000019578878685,-2.956866979033081e-07
0.5,250.0,0.04066152600737297,1246196302.2861001,531.3311037152959,0.00022046276132732564,5.073109776641471e-08,6,1.9999345063316967,1.0000019583544326,-2.956869639467548e-07
0.5,250.0,0.044647373799624364,1246196301.8074822,531.161459614826,0.00023855530641767885,5.074675837486739e-08,6,1.9999345066390222,1.0000019589179572,-2.956872524101906e-07
0.5,250.0,0.049023934488881024,1246196301.2326088,530.9511062865374,0.0002573210840116201,5.07711008043221e-08,6,1.9999345070035044,1.0000019595996974,-2.956876178950745e-07
0.5,250.0,0.05382950772325868,1246196300.5624478,530.7011292724212,0.0002765326507228619,5.079790267270994e-08,6,1.9999345074252493,1.0000019604265216,-2.956881325653367e-07
0.5,250.0,0.059106147475486,1246196299.7593749,530.3997503155049,0.00029582311188628335,5.083000497151856e-08,6,1.999934507930638,1.0000019614258127,-2.956886227688852e-07
0.5,250.0,0.06490003006073211,1246196298.786867,530.0324257123061,0.00031468402252732985,5.087178664458867e-08,6,1.9999345085424802,1.0000019626328214,-2.9568896929434743e-07
0.5,250.0,0.07126185822939729,1246196297.6623418,529.5895311623395,0.0003324640779973877,5.092464826607321e-08,6,1.9999345092358778,1.0000019641012352,-2.956894979448354e-07
0.5,250.0,0.07824730487111635,1246196296.3145077,529.0562844100447,0.00034831481569316087,5.098732836358389e-08,6,1.9999345100669708,1.0000019658781345,-2.956896776877922e-07
0.5,250.0,0.08591750021286539,1246196294.719693,528.4044905456497,0.00036113005883911737,5.107292989331221e-08,6,1.9999345110334974,1.000001968036423,-2.9568963372231244e-07
0.5,250.0,0.09433956677468387,1246196292.8304245,527.6176111622823,0.00036964325539070117,5.1178320323214094e-08,6,1.9999345121679268,1.0000019706568095,-2.956888322930753e-07
0.5,250.0,0.10358720676445314,1246196290.6100895,526.6648605112849,0.0003723546344651633,5.1312011131068135e-08,6,1.9999345134798663,1.0000019738451784,-2.956869111124918e-07
0.5,250.0,0.11374134705207334,1246196288.0144851,525.5095638383654,0.0003676452005037202,5.148404801778628e-08,6,1.999934514981637,1.000001977731565,-2.9568328474934915e-07
0.5,250.0,0.12489084736726071,1246196284.985289,524.1085949224982,0.00035393652301778284,5.170525764028366e-08,6,1.9999345166916376,1.0000019824754898,-2.956767104238089e-07
0.5,250.0,0.1371332779184638,1246196281.4618347,522.4097992603761,0.0003299537375880281,5.198923551815345e-08,6,1.99993451862707,1.0000019882755349,-2.956654078776166e-07
0.5,250.0,0.15057577323790639,1246196277.3743181,520.343966181481,0.0002951179072410769,5.2361698960129904e-08,6,1.9999345207972519,1.0000019953819423,-2.956466073484371e-07
0.5,250.0,0.1653359697248269,1246196272.6468573,517.8386763134694,0.0002501251050782439,5.284250048483939e-08,6,1.9999345232059371,1.0000020041091011,-2.956160526569472e-07
0.5,250.0,0.18154303509143294,1246196267.2307575,514.7961782079759,0.0001974299610651273,5.347043085382776e-08,6,1.9999345258327226,1.0000020148590556,-2.955675544932936e-07
0.5,250.0,0.19933879872033844,1246196261.0693476,511.0924038106748,0.0001416004047980531,5.430190564407177e-08,6,1.9999345286440182,1.0000020281428497,-2.954917240728692e-07
0.5,250.0,0.21887899282533668,1246196254.0363514,506.5926653334822,8.90508546085227e-05,5.539620995861726e-08,6,1.9999345316281785,1.000002044605428,-2.953741373766276e-07
0.5,250.0,0.24033461527700972,1246069253.6679125,498.16953607759456,0.008963926016434153,6.343577418121942e-08,6,1.9999386691174332,1.000001139158539,-2.5210771596741753e-07
0.5,250.0,0.26389342601937477,1246069196.902977,494.88311408998953,0.007363073492763672,5.871821186177787e-08,6,1.9999386875025589,1.0000011513682938,-2.517522453056005e-07
0.5,250.0,0.2897615901728365,1246069161.8666413,488.5672465727776,0.005168013042697378,5.739835503854433e-08,6,1.999938698056478,1.0000011694881936,-2.513758921655751e-07
0.5,250.0,0.318165482202374,1246069132.8296902,480.0275519993661,0.002935438650157367,5.762382205076761e-08,6,1.999938705900699,1.0000011935329491,-2.508938944606224e-07
0.5,250.0,0.34935366693939,1246069106.1336744,469.1601739634807,0.0011924015088082957,5.922233177585523e-08,6,1.9999387121262089,1.0000012247553196,-2.5029099736136307e-07
0.5,250.0,0.3835990747933107,1246069080.488449,455.5870164920985,0.00027241130064201483,6.252268156270154e-08,6,1.9999387170691074,1.0000012650243675,-2.496345563590778e-07
0.5,250.0,0.4212013901883932,1246069055.2171106,438.8038935390738,2.1327038069266538e-05,6.81567215403764e-08,6,1.9999387209065715,1.0000013170154987,-2.491175318779999e-07
0.5,250.0,0.4624896741271517,1245958505.4951727,416.90243940304055,9.439938967036568e-05,8.079947321545219e-08,6,1.9999407661538637,1.0000008624802585,-2.2928678812806787e-07
0.5,250.0,0.5078252438306721,1245853805.3475566,394.95937131038994,1.1256606197971906e-05,8.376558867051018e-08,5,1.9999420682927267,1.0000005857584153,-2.1809981278092092e-07
0.5,250.0,0.5576048346557921,1245853706.1990535,367.9841936315608,9.881093353668937e-08,8.913656211064572e-08,5,1.9999420742139093,1.000000659995108,-2.2014042639013755e-07
0.5,250.0,0.6122640719593427,1245853636.7223225,332.24821268359193,9.99007791813182e-08,1.122722462122995e-07,5,1.9999420769292204,1.0000007729095168,-2.2427670697016907e-07
0.5,250.0,0.6722812832920282,1245853563.7789981,285.5810517597596,9.80457811131463e-08,1.67724210749326e-07,5,1.9999420786701088,1.0000009561406051,-2.3252344660173742e-07
0.5,250.0,0.7381816842827723,1245521069.5402946,209.5907658205695,9.844690430538836e-08,3.5691417203379156e-07,5,1.9999456957943897,1.0000009411104522,-2.2469894750701326e-07
0.5,250.0,0.810541974844553,1103029903.168887,155.99321498759213,9.491738332369477e-08,5.585257137844313e-07,3,2.0,1.0,0.0
0.5,250.0,0.8899953859235032,1094021500.0065105,172.88072209795212,0.619231376438762,1.8877904702333098e-06,3,2.0,1.0,0.0
0.5,250.0,0.9772372209558107,1052076229.6230693,531.0822290190616,0.975647750225817,3.6706825318083673e-06,3,2.0,1.0,0.0
0.5,300.0,0.01,1246460179.4937882,627.436902427441,5.3851275911300206e-05,4.764551515403262e-08,6,1.9999168648019738,1.0000048730859608,-4.971717235120654e-07
0.5,300.0,0.010980250419408422,1246460178.4151914,627.515842802881,5.915184515178746e-05,4.755274354475583e-08,6,1.9999168696584546,1.0000048722513994,-4.971142087733981e-07
0.5,300.0,0.012056589927291887,1246460177.134546,627.6092899367542,6.497741282132443e-05,4.7442634061010307e-08,6,1.9999168754246772,1.0000048712620475,-4.970459250571549e-07
0.5,300.0,0.013238437660578209,1246460176.4181106,627.658403047066,7.13180781798648e-05,4.737690539373389e-08,6,1.999916878667767,1.0000048707772415,-4.970083930834172e-07
0.5,300.0,0.01453613606748761,1246460175.2835155,627.7310315861815,7.828938671212301e-05,4.7282471128826386e-08,6,1.9999168838146726,1.0000048699540853,-4.969477927974368e-07
0.5,300.0,0.01596104141516088,1246460173.9327803,627.8170968368111,8.593573639812573e-05,4.7170092844558864e-08,6,1.999916889942062,1.0000048689763419,-4.968756545365914e-07
0.5,300.0,0.017525623169301542,1246460172.3238537,627.9191743971173,9.432006631630651e-05,4.7036270142667644e-08,6,1.9999168972406944,1.0000048678142766,-4.967897335215431e-07
0.5,300.0,0.01924357311551172,1246460170.8503575,628.0095536725246,0.00010346295667110768,4.690958601729821e-08,6,1.9999169039353355,1.0000048668163313,-4.967117782784188e-07
0.5,300.0,0.02112992517725142,1246460169.2156932,628.0963874471942,0.00011344074418134999,4.67787183354402e-08,6,1.999916911396452,1.0000048657254512,-4.966244857554677e-07
0.5,300.0,0.023201186978958357,1246460167.265449,628.1993694365832,0.0001243400498003304,4.662259079262086e-08,6,1.999916920297973,1.0000048644278121,-4.965203472175473e-07
0.5,300.0,0.02547548430564807,1246460165.212895,628.3050956833542,0.0001361961633752357,4.64539784559412e-08,6,1.9999169296725157,1.0000048631243108,-4.964115110557229e-07
0.5,300.0,0.0279727197231725,1246460163.0379896,628.3971680952649,0.00014904364510730467,4.628639045038809e-08,6,1.9999169396476209,1.0000048618011526,-4.962955330770679e-07
0.5,300.0,0.030714746747235906,1246460160.4413152,628.5062337478196,0.00016298309714431745,4.6086185076420764e-08,6,1.9999169515571513,1.0000048602275866,-4.961570653400237e-07
0.5,300.0,0.03372556108533605,1246460157.9027596,628.5927309576604,0.00017795872842264016,4.5891523754941303e-08,6,1.9999169632287195,1.000004858844391,-4.960227307184132e-07
0.5,300.0,0.03703151062520455,1246460154.890251,628.6845704946194,0.00019405837718236305,4.566889340335306e-08,6,1.9999169770926997,1.0000048572116063,-4.958625617475434e-07
0.5,300.0,0.04066152600737297,1246460151.7903101,628.7551442243176,0.00021118589917478228,4.544178728516155e-08,6,1.999916991378905,1.0000048557079058,-4.956989789986666e-07
0.5,300.0,0.044647373799624364,1246460148.1532722,628.8241952230157,0.00022935270374151897,4.5183877330093345e-08,6,1.9999170081505953,1.0000048539759705,-4.955064117033031e-07
0.5,300.0,0.049023934488881024,1246460144.483078,628.8499560480133,0.0002483054179589191,4.4931442282600766e-08,6,1.9999170250831266,1.0000048525164464,-4.953140104761946e-07
0.5,300.0,0.05382950772325868,1246460140.358929,628.8532157752677,0.0002679215792357037,4.465482167786129e-08,6,1.9999170440999656,1.0000048510210824,-4.950985009902982e-07
0.5,300.0,0.059106147475486,1246460135.8192444,628.817807707351,0.0002878610587613614,4.436075535628991e-08,6,1.9999170650124871,1.0000048496001772,-4.948624351566901e-07
0.5,300.0,0.06490003006073211,1246460130.8574514,628.7248417004882,0.00030764928998304355,4.405735054594333e-08,6,1.9999170878164023,1.0000048483406128,-4.946056362471222e-07
0.5,300.0,0.07126185822939729,1246460125.54456,628.5576111457749,0.00032662954198367386,4.374576559371125e-08,6,1.9999171121321255,1.0000048474311525,-4.943342523936522e-07
0.5,300.0,0.07824730487111635,1246460119.7549524,628.3003292788543,0.00034398802513364564,4.3424939312053175e-08,6,1.9999171384832457,1.0000048468998106,-4.940418640543486e-07
0.5,300.0,0.08591750021286539,1246460113.4504082,627.9294490857629,0.00035865622251326525,4.3097884626789726e-08,6,1.9999171669609848,1.0000048468887572,-4.937278477037225e-07
0.5,300.0,0.09433956677468387,1246460106.6047149,627.4154183970098,0.00036930735927275833,4.276760302081746e-08,6,1.9999171975478205,1.0000048475990653,-4.933935010578007e-07
0.5,300.0,0.10358720676445314,1246460099.2035165,626.7179790474657,0.0003743810254318887,4.2447175305757125e-08,6,1.9999172301532135,1.0000048492772917,-4.930392982397813e-07
0.5,300.0,0.11374134705207334,1246460091.1884787,625.7954550694116,0.0003721536257116202,4.2138149743185524e-08,6,1.999917264852224,1.0000048522041989,-4.92665837461885e-07
0.5,300.0,0.12489084736726071,1246460082.5278382,624.5940411386035,0.00036088453482528335,4.1852801680268125e-08,6,1.9999173014710505,1.000004856764594,-4.922751923107367e-07
0.5,300.0,0.1371332779184638,1246460073.1816444,623.048700051371,0.0003390793723317501,4.16033688534075e-08,6,1.9999173398165706,1.000004863432202,-4.918701045523853e-07
0.5,300.0,0.15057577323790639,1246460063.1122496,621.0766637697064,0.0003058909087648445,4.1407826183729606e-08,6,1.9999173795994851,1.000004872802981,-4.91454110323812e-07
0.5,300.0,0.1653359697248269,1246460052.2595177,618.5857917652601,0.0002617273217758179,4.1283781707339394e-08,6,1.999917420449897,1.0000048856175416,-4.910308162262542e-07
0.5,300.0,0.18154303509143294,1246460040.6217792,615.4551797507626,0.00020880767447053442,4.126116290638829e-08,6,1.9999174616897288,1.0000049028469598,-4.906066270805849e-07
0.5,300.0,0.19933879872033844,1246460028.1005254,611.5455682013412,0.00015164399312254449,4.137193761866606e-08,6,1.9999175028511964,1.0000049256440773,-4.901842041295636e-07
0.5,300.0,0.21887899282533668,1246460014.761338,606.6782217416196,9.679890673891325e-05,4.167199423853473e-08,6,1.999917542834612,1.0000049555752961,-4.897708144931488e-07
0.5,300.0,0.24033461527700972,1246460000.6168923,600.6331722823757,5.153321601570841e-05,4.223425027709374e-08,6,1.9999175806195228,1.0000049945901635,-4.89369473744917e-07
0.5,300.0,0.26389342601937477,1246328233.463101,589.8624894110125,0.002458265618854806,4.695689352368283e-08,6,1.9999277264905029,1.000003057224823,-3.767517874430405e-07
0.5,300.0,0.2897615901728365,1246328188.9347665,582.9437985389185,0.0014657312193691444,4.550718279256476e-08,6,1.9999278090554893,1.000003084345302,-3.757978245496444e-07
0.5,300.0,0.318165482202374,1246328153.8444564,573.0938449257428,0.0006511320456932478,4.55678036961532e-08,6,1.999927864364133,1.0000031279913568,-3.7505943182294563e-07
0.5,300.0,0.34935366693939,1246196405.930651,557.741592091871,0.011934242107436488,5.153757298115432e-08,6,1.9999344214731063,1.0000018511119113,-3.037920864064103e-07
0.5,300.0,0.3835990747933107,1246196335.0962496,544.3237434953661,0.0056147084051170176,4.960579903842722e-08,6,1.9999344830882644,1.0000018936224189,-3.0261196832691213e-07
0.5,300.0,0.4212013901883932,1246196287.000255,525.5921624713932,0.0014070118090104852,5.1438082589643954e-08,6,1.9999345155566723,1.0000019596647263,-3.0114158565160846e-07
0.5,300.0,0.4624896741271517,1246069214.0797215,502.2412920803198,0.01913693747909199,5.816609679709782e-08,6,1.9999386820425802,1.0000011246115335,-2.555206260819315e-07
0.5,300.0,0.5078252438306721,1246069120.1526415,475.8764007722397,0.0033384773776207926,5.801225058488904e-08,6,1.9999387089868883,1.0000012020004654,-2.521934099664359e-07
0.5,300.0,0.5576048346557921,1246069058.463697,441.1691582247639,5.1423181369380864e-05,6.726651319557e-08,6,1.9999387204693349,1.0000013089078121,-2.495044214858143e-07
0.5,300.0,0.6122640719593427,1245853833.4123929,398.2153698739087,5.331042059686933e-05,8.561500254156486e-08,5,1.9999420662989167,1.0000005760803408,-2.1789417744220404e-07
0.5,300.0,0.6722812832920282,1245853669.1962306,350.5477391360504,9.997672470288434e-08,9.868332340833046e-08,5,1.999942075811026,1.00000071214354,-2.2192371734890844e-07
0.5,300.0,0.7381816842827723,1245853560.5421045,283.4740025246197,9.983101192291895e-08,1.711676707465162e-07,5,1.9999420787285376,1.0000009620178765,-2.3279397674693203e-07
0.5,300.0,0.810541974844553,1104448586.229913,197.45424703203747,9.619797755554605e-08,3.9191137802934386e-07,3,2.0,1.0,0.0
0.5,300.0,0.8899953859235032,1100149338.4511266,108.76930486388085,8.839313435270417e-08,9.60219792756141e-07,3,2.0,1.0,0.0
0.5,300.0,0.9772372209558107,1054987877.9864169,592.633651553618,0.9738228302220002,2.5698898841212162e-06,3,2.0,1.0,0.0
0.5,350.0,0.01,1246942098.853417,737.8182868722193,3.1615260222727794e-07,3.2367398851503054e-08,6,1.9997831934419505,1.0000259751588245,-2.06665062439316e-06
0.5,350.0,0.010980250419408422,1246942098.8052053,737.8051438658096,3.46513744588435e-07,3.236743076477919e-08,6,1.9997831963239212,1.0000259751882672,-2.066619395462206e-06
0.5,350.0,0.012056589927291887,1246942098.7470891,737.789298517753,3.7964857855990563e-07,3.236746884228861e-08,6,1.9997831997979658,1.0000259752238962,-2.066581751498635e-06
0.5,350.0,0.013238437660578209,1246942098.6770341,737.7701956164854,4.1576430518253143e-07,3.236751408523105e-08,6,1.9997832039856838,1.0000259752669516,-2.066536375144672e-06
0.5,350.0,0.01453613606748761,1246942098.5925882,737.7471661292815,4.550680056876619e-07,3.236756754244612e-08,6,1.9997832090336571,1.0000259753190566,-2.0664816783796485e-06
0.5,350.0,0.01596104141516088,1246942098.4907966,737.7194038096663,4.977603186983599e-07,3.236763029718541e-08,6,1.9997832151185124,1.0000259753820904,-2.0664157477752485e-06
0.5,350.0,0.017525623169301542,1246942098.368099,737.6859371681326,5.440266333962594e-07,3.236770337785847e-08,6,1.9997832224530756,1.0000259754583802,-2.0663362779998066e-06
0.5,350.0,0.01924357311551172,1246942098.2202053,737.6455958290408,5.94025055418386e-07,3.236778759370722e-08,6,1.9997832312937989,1.000025975550747,-2.0662404914774554e-06
0.5,350.0,0.02112992517725142,1246942098.0419476,737.5969702120151,6.478702282413533e-07,3.236788330238636e-08,6,1.9997832419496104,1.0000259756626444,-2.0661250415448227e-06
0.5,350.0,0.023201186978958357,1246942097.8271003,737.538362611513,7.056118942838073e-07,3.2367990098873996e-08,6,1.9997832547926604,1.0000259757982826,-2.0659858974023574e-06
0.5,350.0,0.02547548430564807,1246942097.5672488,737.4673420770819,7.672044012224675e-07,3.2368485135206266e-08,6,1.999783270220136,1.0000259759734305,-2.0658191869052674e-06
0.5,350.0,0.0279727197231725,1246942097.255382,737.3820924831034,8.324795262631847e-07,3.23690197496729e-08,6,1.9997832887239027,1.000025976198624,-2.0656190120320654e-06
0.5,350.0,0.030714746747235906,1246942096.8795736,737.279369928518,9.010889238263703e-07,3.236963691562092e-08,6,1.9997833110214773,1.0000259764721893,-2.06537780476999e-06
0.5,350.0,0.03372556108533605,1246942096.478424,737.1481336803565,9.723858725428812e-07,3.23762599430306e-08,6,1.999783334693862,1.0000259773377775,-2.065126278934541e-06
0.5,350.0,0.03703151062520455,1246942096.0296829,736.9860324574731,1.045494956804947e-06,3.238768690391402e-08,6,1.9997833610833913,1.0000259787382468,-2.0648489519012468e-06
0.5,350.0,0.04066152600737297,1246942095.5563154,736.7809932342332,1.1190737764855421e-06,3.240357723013741e-08,6,1.9997833887733507,1.0000259811157097,-2.064565027247914e-06
0.5,350.0,0.044647373799624364,1246942095.0741696,736.5230628188847,1.1913237284035799e-06,3.242488323875985e-08,6,1.999783416763603,1.0000259848804292,-2.0642880175159163e-06
0.5,350.0,0.049023934488881024,1246942093.7012274,736.3158932255147,1.2612687496652554e-06,3.239588597837126e-08,6,1.9997834963917498,1.0000259817911301,-2.063397459831427e-06
0.5,350.0,0.05382950772325868,1246942092.9579978,735.9472476741776,1.3235523896460779e-06,3.242234575085799e-08,6,1.999783539056655,1.0000259869423231,-2.0629711609720745e-06
0.5,350.0,0.059106147475486,1246942090.9978104,735.6434554198537,1.3774651310376957e-06,3.237990739983373e-08,6,1.9997836512158902,1.0000259830521199,-2.061721021349114e-06
0.5,350.0,0.06490003006073211,1246942089.6735976,735.14004234359,1.415359510080466e-06,3.241038436871918e-08,6,1.9997837258204716,1.0000259884626046,-2.060949984483484e-06
0.5,350.0,0.07126185822939729,1246830750.9805133,730.3067420890345,5.958196127472015e-05,3.502621384968462e-08,6,1.9998366516397201,1.000017301465312,-1.4320444347249093e-06
0.5,350.0,0.07824730487111635,1246830741.1904747,730.4429171720903,6.204996070536911e-05,3.4492928848409965e-08,6,1.9998371406219557,1.000017236500489,-1.4261524859895885e-06
0.5,350.0,0.08591750021286539,1246830733.5079994,730.1373327732158,6.355087825927954e-05,3.41645454630085e-08,6,1.9998375223352143,1.0000171929253197,-1.4216019484963572e-06
0.5,350.0,0.09433956677468387,1246830726.6419983,729.4936888499581,6.389742336858787e-05,3.395240634784388e-08,6,1.999837858525017,1.0000171610919772,-1.41763339006187e-06
0.5,350.0,0.10358720676445314,1246830720.0581534,728.5213484660749,6.28440748784902e-05,3.3826611371080695e-08,6,1.999838173950162,1.0000171377440639,-1.4139514792569676e-06
0.5,350.0,0.11374134705207334,1246830713.4288714,727.1974650964814,6.015761899474344e-05,3.377460623783018e-08,6,1.9998384821410182,1.0000171216505993,-1.4103930398808267e-06
0.5,350.0,0.12489084736726071,1246830706.3629332,725.4943156186456,5.56834738256135e-05,3.378159374190893e-08,6,1.9998387979876395,1.0000171116007204,-1.406784898036668e-06
0.5,350.0,0.1371332779184638,1246830698.7355301,723.3422488879216,4.93940157092009e-05,3.385696228849038e-08,6,1.999839123214809,1.000017108853988,-1.4031120258936518e-06
0.5,350.0,0.15057577323790639,1246830690.078997,720.6935528227114,4.150475794328356e-05,3.398123186618427e-08,6,1.9998394710987188,1.000017113089912,-1.3992251505240039e-06
0.5,350.0,0.1653359697248269,1246830679.219511,717.5771612412492,3.2547045435338426e-05,3.4077431807776236e-08,6,1.9998398798955932,1.0000171201591512,-1.3946765106405855e-06
0.5,350.0,0.18154303509143294,1246830665.1584735,713.9837794397426,2.3316119422584494e-05,3.4089037409886056e-08,6,1.9998403672262535,1.0000171298877718,-1.389274529158278e-06
0.5,350.0,0.19933879872033844,1246830649.1002147,709.6038985051233,1.4758086461548926e-05,3.4117725176516256e-08,6,1.9998408722320957,1.0000171562035904,-1.3837796147670192e-06
0.5,350.0,0.21887899282533668,1246712926.1789885,701.936132421718,0.0003464905651115647,3.568046624545083e-08,6,1.9998762217819557,1.0000112614058625,-9.69411652126383e-07
0.5,350.0,0.24033461527700972,1246712888.2901337,697.2049142202565,0.0002172255800724554,3.447463988107973e-08,6,1.99987711009341,1.0000112145697804,-9.590935090165738e-07
0.5,350.0,0.26389342601937477,1246712858.3535628,689.8848944575341,0.00010923065676411551,3.419646509378691e-08,6,1.9998777145076116,1.0000112398901553,-9.522750791526837e-07
0.5,350.0,0.2897615901728365,1246712830.6823502,680.237394140216,3.996416815761394e-05,3.447637423806085e-08,6,1.9998781707809863,1.0000113206046408,-9.473142766025046e-07
0.5,350.0,0.318165482202374,1246589009.8019924,664.2804964630088,0.0006286233666672212,3.822253675095896e-08,6,1.9999012586160139,1.0000073912880065,-6.809887897512858e-07
0.5,350.0,0.34935366693939,1246588952.135514,651.6943248468293,0.0001820483795044711,3.738385697731878e-08,6,1.9999017741657878,1.0000074568144992,-6.750430205916112e-07
0.5,350.0,0.3835990747933107,1246460119.2834055,629.1936407426479,0.0017994542514912525,4.3227560931192785e-08,6,1.999917140627584,1.0000047944781665,-5.00789549816281e-07
0.5,350.0,0.4212013901883932,1246460026.6733637,611.1672507565191,0.0003116025887133438,4.137751016434001e-08,6,1.9999175073474915,1.0000048876405347,-4.962712474718591e-07
0.5,350.0,0.4624896741271517,1246328189.5434017,583.6690135769686,0.002493692361371874,4.540119422820719e-08,6,1.999927808005642,1.0000030499823716,-3.81206784773085e-07
0.5,350.0,0.5078252438306721,1246196356.62756,552.4806459194393,0.012241870130105428,4.9190331981652e-08,6,1.9999344656711746,1.0000018469808531,-3.0749269142603e-07
0.5,350.0,0.5576048346557921,1246069250.912568,514.265611430787,0.03995067643001502,5.841335553436771e-08,6,1.9999386700239663,1.0000010842365454,-2.5990591968426765e-07
0.5,350.0,0.6122640719593427,1246069101.7569017,467.7156354331982,0.002361167035075355,5.9464668245647036e-08,6,1.9999387130439596,1.0000012214182057,-2.5357226030139725e-07
0.5,350.0,0.6722812832920282,1245958436.7148857,409.6501074558629,5.209214367105613e-05,7.519621267441414e-08,6,1.9999407724363536,1.0000008890923817,-2.2954369951868804e-07
0.5,350.0,0.7381816842827723,1245853648.0775664,338.92046376455403,9.98241640531022e-08,1.0687645374749188e-07,5,1.999942076566505,1.0000007499574595,-2.2335727134349085e-07
0.5,350.0,0.810541974844553,1245663376.4669778,224.77916706425142,9.726073253141093e-08,3.223871723076541e-07,5,1.9999443044162128,1.000000961562727,-2.2808604117870911e-07
0.5,350.0,0.8899953859235032,1101630606.7592387,128.87662147014254,9.136587309695708e-08,7.427181973824873e-07,3,2.0,1.0,0.0
0.5,350.0,0.9772372209558107,1057574079.3876028,622.5705916862146,0.9709632899639639,2.0460007924124185e-06,3,2.0,1.0,0.0
0.5,400.0,0.01,1247348824.6353378,836.6136591590981,9.980627907717196e-08,2.806431313684374e-08,6,1.9986398670305194,1.000190361996837,-1.616222096525742e-05
0.5,400.0,0.010980250419408422,1247348824.6081045,836.5956753082199,9.986300519088517e-08,2.8065526271017243e-08,6,1.998639890385314,1.000190362534552,-1.6161988043554437e-05
0.5,400.0,0.012056589927291887,1247348824.575271,836.5739939727831,9.998713613046807e-08,2.8066988653536246e-08,6,1.9986399185427415,1.0001903631829427,-1.616170722626284e-05
0.5,400.0,0.013238437660578209,1247348824.535686,836.5478551598244,9.986394701581382e-08,2.80687514373081e-08,6,1.9986399524899499,1.0001903639648615,-1.6161368670565644e-05
0.5,400.0,0.01453613606748761,1247348824.487962,836.5163428129639,9.982781354986499e-08,2.8070876243762828e-08,6,1.9986399934171186,1.0001903649078565,-1.6160960509313885e-05
0.5,400.0,0.01596104141516088,1247348824.4036682,836.4817779666332,9.974468607361898e-08,2.80730208046855e-08,6,1.9986400655938397,1.00019036264582,-1.616018013712367e-05
0.5,400.0,0.017525623169301542,1247348824.2334406,836.4492686801681,9.990051375260009e-08,2.807445950964871e-08,6,1.9986402111533539,1.0001903511837202,-1.6158498236681598e-05
0.5,400.0,0.01924357311551172,1247348824.0282683,836.4100874114665,9.985228086192267e-08,2.8076188591806958e-08,6,1.9986403865937232,1.0001903373706673,-1.615647108350954e-05
0.5,400.0,0.02112992517725142,1247348823.8859832,836.3484315459152,9.996500315156071e-08,2.8081947713663093e-08,6,1.9986405078109764,1.0001903341854625,-1.615516987478952e-05
0.5,400.0,0.023201186978958357,1247348823.8244793,836.2602096569292,9.99874104621133e-08,2.8092272602929125e-08,6,1.998640559406299,1.0001903444420772,-1.615479659161328e-05
0.5,400.0,0.02547548430564807,1247348823.7503238,836.1538517168749,9.989293420985823e-08,2.810472347019157e-08,6,1.9986406216150587,1.0001903568101926,-1.6154346579852557e-05
0.5,400.0,0.0279727197231725,1247348823.6609125,836.0256316332013,9.968061474285623e-08,2.8119738742084667e-08,6,1.9986406966217447,1.0001903717249485,-1.615380406769549e-05
0.5,400.0,0.030714746747235906,1247348823.5531063,835.8710583918206,9.967714412477917e-08,2.8137847488729932e-08,6,1.9986407870598657,1.0001903897115245,-1.615315005895308e-05
0.5,400.0,0.03372556108533605,1247348823.4106307,835.685987105749,9.985568249920395e-08,2.8158706125890454e-08,6,1.9986409062152308,1.0001904098996992,-1.6152234693132797e-05
0.5,400.0,0.03703151062520455,1247348823.1685324,835.4724459999554,9.979321364278681e-08,2.8177422965533307e-08,6,1.9986411067570082,1.0001904257554637,-1.615041077541222e-05
0.5,400.0,0.04066152600737297,1247348822.803074,835.2245348413853,9.975997266617339e-08,2.819892653926823e-08,6,1.9986414088748974,1.0001904358791083,-1.614744940633883e-05
0.5,400.0,0.044647373799624364,1247348822.2882986,834.9349989655971,9.970390921683193e-08,2.8228481515332953e-08,6,1.9986418312999417,1.0001904394033927,-1.6143143610908424e-05
0.5,400.0,0.049023934488881024,1247348822.0074248,834.5420299294937,9.984939197235266e-08,2.827555940043289e-08,6,1.9986420581996367,1.0001904858467856,-1.6141525483677554e-05
0.5,400.0,0.05382950772325868,1247348821.6122928,834.0750627053714,9.967410546011644e-08,2.832616163751456e-08,6,1.9986423737210142,1.000190535626839,-1.6139046112960932e-05
0.5,400.0,0.059106147475486,1247348820.8930724,833.5440395689131,9.973764545839066e-08,2.8383137615276846e-08,6,1.9986429421722662,1.0001905675861595,-1.613367909228194e-05
0.5,400.0,0.06490003006073211,1247348820.421987,832.8516646049786,9.980702673083029e-08,2.8465351863596484e-08,6,1.9986433059472168,1.0001906543069723,-1.6131281094758356e-05
0.5,400.0,0.07126185822939729,1247348819.6956463,832.0370864573321,9.995083904048173e-08,2.8561607143865828e-08,6,1.9986438568190328,1.0001907422169194,-1.6126974282877544e-05
0.5,400.0,0.07824730487111635,1247348818.8147988,831.0557162324593,9.981393704031672e-08,2.867627904303564e-08,6,1.9986445087889235,1.0001908502449592,-1.6121943009691497e-05
0.5,400.0,0.08591750021286539,1247348817.2735524,829.9341649064786,9.968307431632259e-08,2.8786307614598976e-08,6,1.9986456201886387,1.000190931960758,-1.6111769648145744e-05
0.5,400.0,0.09433956677468387,1247348816.1376102,828.4882445688356,9.974470625708776e-08,2.8960913783728242e-08,6,1.99864640570389,1.0001911141555868,-1.6106539261850246e-05
0.5,400.0,0.10358720676445314,1247251865.8998914,829.1307709839399,3.4717198029001306e-07,2.7890539393995853e-08,6,1.9992219440910508,1.0001056603981566,-8.877815321847747e-06
0.5,400.0,0.11374134705207334,1247251859.2425797,827.6473912247154,2.988823126481616e-07,2.7850568887225577e-08,6,1.9992264528940387,1.0001052206455854,-8.824349296055883e-06
0.5,400.0,0.12489084736726071,1247251853.5097277,825.5565456132791,2.422559828104733e-07,2.793977740153561e-08,6,1.9992301287990988,1.000104953535062,-8.78201338062619e-06
0.5,400.0,0.1371332779184638,1247251847.6547267,822.8983656446463,1.821629713359812e-07,2.8115906363237925e-08,6,1.9992336467038831,1.0001047679765351,-8.74246357215767e-06
0.5,400.0,0.15057577323790639,1247251841.672176,819.5532786420106,1.2439848929923247e-07,2.839310453266259e-08,6,1.9992369486030688,1.0001046853772302,-8.706590258049904e-06
0.5,400.0,0.1653359697248269,1247251833.6626015,815.6328910972463,9.988023371720245e-08,2.8686638611400456e-08,6,1.9992409612283715,1.0001045803330282,-8.663001378176929e-06
0.5,400.0,0.18154303509143294,1247251826.1040418,810.6286703707206,9.981442140267298e-08,2.918771447467322e-08,6,1.999244303679405,1.0001046818507238,-8.629280758244529e-06
0.5,400.0,0.19933879872033844,1247251816.2093368,804.6914108767892,9.983837073776599e-08,2.9751900980095125e-08,6,1.999248032175629,1.0001048527454968,-8.592556386273547e-06
0.5,400.0,0.21887899282533668,1247152045.8546495,798.4764091723565,2.1573936957620903e-06,2.97769248139618e-08,6,1.999520029636671,1.0000639632523287,-5.238075437955317e-06
0.5,400.0,0.24033461527700972,1247152024.459269,790.5150943857066,8.023719995079584e-07,3.025983950668649e-08,6,1.9995257641672908,1.0000637314700636,-5.174285490719188e-06
0.5,400.0,0.26389342601937477,1247049093.4642096,779.2663925378092,2.3261419632750572e-05,3.164555031651837e-08,6,1.9996770946047153,1.0000409008590265,-3.336547570865864e-06
0.5,400.0,0.2897615901728365,1247049045.1775043,769.5055810526999,6.951513362943601e-06,3.135875941437978e-08,6,1.9996847557137287,1.000040299565549,-3.2474382444461025e-06
0.5,400.0,0.318165482202374,1246942170.1320038,754.8708076399615,8.27884527611045e-05,3.249032313635644e-08,6,1.9997777700774382,1.0000261111430588,-2.1319787957657334e-06
0.5,400.0,0.34935366693939,1246942109.6139264,739.6603019328969,1.4979117672384811e-05,3.25771488835953e-08,6,1.999782532854785,1.0000259195476857,-2.0779383971678712e-06
0.5,400.0,0.3835990747933107,1246830683.1761358,718.9571679897665,8.794952633717401e-05,3.399381457161286e-08,6,1.9998397348668095,1.000017042088589,-1.4000949565815538e-06
0.5,400.0,0.4212013901883932,1246712881.6971285,695.9509076855777,0.0003340875654847659,3.4353712858255636e-08,6,1.9998772520453072,1.0000111543898087,-9.612468952977649e-07
0.5,400.0,0.4624896741271517,1246589007.2852056,664.1493595081847,0.0008971263767087285,3.8109853160905976e-08,6,1.99990128381417,1.0000073416505213,-6.844069977234508e-07
0.5,400.0,0.5078252438306721,1246460094.9257617,627.1999652094206,0.00189177583311213,4.210720949983895e-08,6,1.9999172487568064,1.0000047622268449,-5.03119982228825e-07
0.5,400.0,0.5576048346557921,1246069161.4280872,633.9419775456911,0.2334398791224286,4.47731534057568e-08,6,1.9999386981823828,1.0000008778920295,-2.6696285568932736e-07
0.5,400.0,0.6122640719593427,1246069193.6548502,544.4419863453882,0.09834134455525985,4.90948860596766e-08,6,1.9999386885184862,1.000001007654752,-2.655759880556694e-07
0.5,400.0,0.6722812832920282,1246069102.4638207,468.66534446821476,0.003683629502535689,5.9224429084121644e-08,6,1.999938712897436,1.0000012083374334,-2.5752666795629293e-07
0.5,400.0,0.7381816842827723,1245853769.2188542,388.26492895064166,1.3147832267415797e-05,8.315558102287515e-08,5,1.9999420706909972,1.0000006041671365,-2.185431674541467e-07
0.5,400.0,0.810541974844553,1245853565.5405972,286.7300946220164,9.994224892236125e-08,1.6588417928241428e-07,5,1.9999420786377897,1.000000955002733,-2.3247588344886335e-07
0.5,400.0,0.8899953859235032,1102774400.6052535,150.2339237468904,9.912817160832248e-08,5.898245127092636e-07,3,2.0,1.0,0.0
0.5,400.0,0.9772372209558107,1059912476.1845897,623.222149767992,0.96691208890918,1.7725991806795813e-06,3,2.0,1.0,0.0
0.5,450.0,0.01,1247443142.074623,945.2860112604976,2.441032619968312e-07,2.138287473471346e-08,6,1.9963332556522748,1.000473281796655,-4.4933072117259726e-05
0.5,450.0,0.010980250419408422,1247443142.0512536,945.2656725778053,2.675222953709525e-07,2.1384098637714638e-08,6,1.9963335875405857,1.0004732478125773,-4.4929036610154717e-05
0.5,450.0,0.012056589927291887,1247443142.0230806,945.2411517514105,2.9307333634943576e-07,2.1385574089106093e-08,6,1.9963339876458115,1.0004732068423512,-4.492417159029304e-05
0.5,450.0,0.013238437660578209,1247443141.9891174,945.2115890268257,3.2091312560645154e-07,2.1387352751299035e-08,6,1.9963344699824366,1.0004731574502348,-4.491830661949325e-05
0.5,450.0,0.01453613606748761,1247443141.946067,945.1740693544659,3.511933076922284e-07,2.1389837995174843e-08,6,1.996335080809267,1.0004730944788414,-4.491095294808886e-05
0.5,450.0,0.01596104141516088,1247443141.8966868,945.13101266661,3.84070596908089e-07,2.13922794966108e-08,6,1.996335781192069,1.0004730227900134,-4.490244014628552e-05
0.5,450.0,0.017525623169301542,1247443141.837157,945.0791050226353,4.1967731171197815e-07,2.1395222420216485e-08,6,1.9963366255294468,1.0004729363592983,-4.489217738800617e-05
0.5,450.0,0.01924357311551172,1247443141.7653916,945.0165282364527,4.581259996015441e-07,2.1398769574836214e-08,6,1.9963376434103721,1.0004728321527605,-4.487980484871567e-05
0.5,450.0,0.02112992517725142,1247443141.6788766,944.9410910202369,4.994928422287633e-07,2.140304476843442e-08,6,1.9963388704904017,1.0004727065129,-4.486488887626194e-05
0.5,450.0,0.023201186978958357,1247443141.574581,944.8501526065644,5.438003694915865e-07,2.1408197176246773e-08,6,1.996340349763157,1.0004725550263658,-4.484690648106647e-05
0.5,450.0,0.02547548430564807,1247443141.4488518,944.7405314185484,5.909949672436166e-07,2.1414406219548335e-08,6,1.9963421330347013,1.000472372371874,-4.4825227349907684e-05
0.5,450.0,0.0279727197231725,1247443141.297287,944.6083948704296,6.409180590053827e-07,2.1421887696991975e-08,6,1.9963442827462192,1.0004721521301907,-4.479909158159793e-05
0.5,450.0,0.030714746747235906,1247443141.1145813,944.4491263991521,6.932698268856089e-07,2.143090121671244e-08,6,1.996346874141621,1.0004718865578728,-4.476758320870728e-05
0.5,450.0,0.03372556108533605,1247443140.8943415,944.2571657875008,7.475643615855221e-07,2.1441758877886572e-08,6,1.9963499979018065,1.0004715663111443,-4.472959794682341e-05
0.5,450.0,0.03703151062520455,1247443140.5931203,944.0299677035181,8.031003607435859e-07,2.1454414885421663e-08,6,1.9963542683144768,1.000471113014568,-4.467743971225764e-05
0.5,450.0,0.04066152600737297,1247443140.1793475,943.7659507854769,8.588911202307722e-07,2.146824496987685e-08,6,1.9963601317327908,1.0004704700097495,-4.460535460218582e-05
0.5,450.0,0.044647373799624364,1247443139.680748,943.4478945433335,9.135013502328283e-07,2.1484868671684016e-08,6,1.996367197198331,1.0004696947095613,-4.451847540204686e-05
0.5,450.0,0.049023934488881024,1247443139.2437537,943.0352477782196,9.648978651946313e-07,2.1511086888331055e-08,6,1.9963733832642188,1.0004690721970184,-4.444355842541603e-05
0.5,450.0,0.05382950772325868,1247443138.7649794,942.5327631719101,1.0108330420679798e-06,2.1543681398780777e-08,6,1.9963801583417597,1.0004684119998122,-4.436185141827007e-05
0.5,450.0,0.059106147475486,1247443138.1286323,941.9350145996774,1.04849415314347e-06,2.1581793519169808e-08,6,1.9963891584050408,1.0004675039099014,-4.425276857860053e-05
0.5,450.0,0.06490003006073211,1247443137.3025918,941.224223970184,1.0744724397844606e-06,2.1626524717845215e-08,6,1.9964008335069479,1.000466296760424,-4.411068518688256e-05
0.5,450.0,0.07126185822939729,1247443136.4881058,940.3396505717448,1.084618186720103e-06,2.168757073446934e-08,6,1.9964123329814525,1.0004651847234,-4.397217689124814e-05
0.5,450.0,0.07824730487111635,1247443135.2477705,939.3127719769233,1.075305288015149e-06,2.1744999938159753e-08,6,1.9964298245571324,1.0004633540759793,-4.375894120300528e-05
0.5,450.0,0.08591750021286539,1247443133.8733265,938.0560844633433,1.042235873695969e-06,2.1827114907814702e-08,6,1.9964491873656736,1.0004613736699794,-4.352376799216746e-05
0.5,450.0,0.09433956677468387,1247443131.7564557,936.6156948657117,9.8297468750903e-07,2.1901863410167568e-08,6,1.9964789641476597,1.0004581118657039,-4.315803279864343e-05
0.5,450.0,0.10358720676445314,1247443130.251772,934.7113751703682,8.945867182399667e-07,2.2045021257293487e-08,6,1.9965000826555201,1.0004561616795413,-4.290552439934173e-05
0.5,450.0,0.11374134705207334,1247443128.3311136,932.4327453744747,7.796665769518037e-07,2.2214019581478644e-08,6,1.9965269749950683,1.0004536061987515,-4.2582587323039954e-05
0.5,450.0,0.12489084736726071,1247443126.155792,929.6606143539756,6.432554532188464e-07,2.243190512757611e-08,6,1.9965573291689205,1.000450789583083,-4.221934134480909e-05
0.5,450.0,0.1371332779184638,1247443122.97936,926.404471398771,4.953900065291437e-07,2.2662957073863988e-08,6,1.9965993927450787,1.0004466271618346,-4.1711100617474924e-05
0.5,450.0,0.15057577323790639,1247443119.5632107,922.4096132716422,3.488125726945346e-07,2.2974566766690158e-08,6,1.9966396360204501,1.0004430013579246,-4.123148796728319e-05
0.5,450.0,0.1653359697248269,1247443117.207276,917.3190835160741,2.182575625330948e-07,2.3127305559137537e-08,6,1.9966642818205045,1.0004418678922598,-4.0958061498988515e-05
0.5,450.0,0.18154303509143294,1247443116.8519897,910.8000000635576,1.1678352048295864e-07,2.3769389856055245e-08,6,1.996667040041299,1.0004442105128049,-4.097339947173377e-05
0.5,450.0,0.19933879872033844,1247443111.330374,903.6754118934754,9.979385188538188e-08,2.439243406123592e-08,6,1.9967055947741656,1.0004421637381844,-4.0541574744009184e-05
0.5,450.0,0.21887899282533668,1247443105.8159676,894.8917083702386,9.991622119718395e-08,2.524516578064452e-08,6,1.9967356523919357,1.000441960271034,-4.023090498911728e-05
0.5,450.0,0.24033461527700972,1247443097.7200298,884.4637292593125,9.965236251473532e-08,2.626049030340099e-08,6,1.9967687218367114,1.0004421560025087,-3.9897255187884104e-05
0.5,450.0,0.26389342601937477,1247443088.5315409,871.7603500854364,9.965660712176277e-08,2.7596730621276573e-08,6,1.9967952328981855,1.0004443155404008,-3.96680181361904e-05
0.5,450.0,0.2897615901728365,1247348863.8059907,863.5038936960806,2.999966646575262e-07,2.582703554019694e-08,6,1.9985866903146712,1.0001920789633731,-1.674313534544406e-05
0.5,450.0,0.318165482202374,1247348835.907865,846.8626592108695,9.959899186873725e-08,2.702790600607345e-08,6,1.9986287362563815,1.0001896868757993,-1.6269170624610174e-05
0.5,450.0,0.34935366693939,1247251860.6931455,828.0991020700773,9.910209514109213e-07,2.783932077416886e-08,6,1.9992254924957247,1.0001051669970606,-8.835556036812696e-06
0.5,450.0,0.3835990747933107,1247251814.7652478,803.9811378864338,9.976101299326087e-08,2.9810816611985734e-08,6,1.99924853273153,1.0001047563637488,-8.587865264996689e-06
0.5,450.0,0.4212013901883932,1247049072.308023,776.3413754191548,2.434792687356358e-05,3.128100134061827e-08,6,1.9996806822101474,1.00004045568932,-3.2947729518768905e-06
0.5,450.0,0.4624896741271517,1246942124.9192562,744.638277443021,3.6247224662151133e-05,3.2345013416353715e-08,6,1.9997815059955744,1.0000258365112409,-2.0903895885539653e-06
0.5,450.0,0.5078252438306721,1246712935.6876743,702.6581169830208,0.0008963330852994632,3.6097065463002456e-08,6,1.9998759868370035,1.0000111640369502,-9.777220090208653e-07
0.5,450.0,0.5576048346557921,1246069175.4516108,794.4132542588915,0.38510122345018566,4.3559480193313314e-08,6,1.9999386940789698,1.0000007285088977,-2.689317872900428e-07
0.5,450.0,0.6122640719593427,1246069110.2643492,672.477916190189,0.3005281433621073,4.8537549154885877e-08,6,1.9999387112323135,1.0000008261733793,-2.693767286344818e-07
0.5,450.0,0.6722812832920282,1246069143.7877395,539.2638889973351,0.10653987957655213,4.836190350037473e-08,6,1.9999387030599736,1.0000009945575545,-2.698304032182754e-07
0.5,450.0,0.7381816842827723,1246069052.332967,436.68989118524894,8.308794049215568e-05,6.898328008666171e-08,6,1.9999387212815678,1.000001314825062,-2.536742504918961e-07
0.5,450.0,0.810541974844553,1245853629.0507293,327.60109033349056,9.805084001215925e-08,1.1633991631918448e-07,5,1.9999420771581957,1.0000007894842668,-2.249622165425414e-07
0.5,450.0,0.8899953859235032,1103706819.094787,173.47317441261043,9.329416537375493e-08,4.768037986744472e-07,3,2.0,1.0,0.0
0.5,450.0,0.9772372209558107,1062063918.6137537,604.1783861342466,0.9617025104478785,1.628260079834646e-06,3,2.0,1.0,0.0
0.5,500.0,0.01,1247621446.8331683,1016.9070012707213,9.950954420816709e-08,2.1349849213688417e-08,6,1.9520645102066738,1.005892074999253,-0.0006239924905821415
0.5,500.0,0.010980250419408422,1247621446.8236904,1016.8812792588406,9.965273551342161e-08,2.1351781986811487e-08,6,1.9520646461320863,1.005892198489632,-0.0006239946077503188
0.5,500.0,0.012056589927291887,1247621446.8122633,1016.8502674715156,9.963372489573085e-08,2.1354112402852258e-08,6,1.95206481001328,1.0058923473838999,-0.000623997160564736
0.5,500.0,0.013238437660578209,1247621446.7984858,1016.8128781149978,9.948735115186497e-08,2.1356922316871226e-08,6,1.9520650076014323,1.005892526909646,-0.0006240002387099294
0.5,500.0,0.01453613606748761,1247621446.7818742,1016.7677997521675,9.951045317036748e-08,2.1360310472481387e-08,6,1.9520652458341994,1.005892743370474,-0.0006240039503173805
0.5,500.0,0.01596104141516088,1247621446.761845,1016.713450909536,9.9757626121758e-08,2.1364396076301137e-08,6,1.9520655330784842,1.0058930043684835,-0.0006240084258181452
0.5,500.0,0.017525623169301542,1247621446.7376962,1016.6479254898035,9.956802858707612e-08,2.1369322655330377e-08,6,1.9520658794073946,1.0058933190737078,-0.0006240138227372061
0.5,500.0,0.01924357311551172,1247621446.708579,1016.5689255647004,9.945772675489112e-08,2.13752635101621e-08,6,1.9520662969866196,1.005893698544302,-0.0006240203308852493
0.5,500.0,0.02112992517725142,1247621446.6734715,1016.4736805581076,9.946804877228421e-08,2.1382427708311102e-08,6,1.9520668004778992,1.005894156119967,-0.0006240281794279225
0.5,500.0,0.023201186978958357,1247621446.6311402,1016.358850400042,9.954147250363733e-08,2.139106755192909e-08,6,1.9520674075655904,1.005894707892619,-0.0006240376449047654
0.5,500.0,0.02547548430564807,1247621446.5800982,1016.2204082779109,9.969456818370027e-08,2.1401487617787835e-08,6,1.9520681395789696,1.005895373276753,-0.0006240490611252853
0.5,500.0,0.0279727197231725,1247621446.5048208,1016.055002958828,9.953407624388099e-08,2.1414313891240394e-08,6,1.952069218749185,1.0058961504993484,-0.0006240602170915313
0.5,500.0,0.030714746747235906,1247621446.3954706,1015.8584549508745,9.971928074929055e-08,2.1429910951214283e-08,6,1.9520707859234534,1.0058970536546694,-0.0006240701356956724
0.5,500.0,0.03372556108533605,1247621446.26362,1015.6215138588369,9.947911988722943e-08,2.1448722333933706e-08,6,1.9520726755683406,1.0058981429371487,-0.0006240821062821156
0.5,500.0,0.03703151062520455,1247621446.1348786,1015.331258899276,9.979278163590976e-08,2.1471056423110075e-08,6,1.9520745196705764,1.0058995126549848,-0.0006241023427970581
0.5,500.0,0.04066152600737297,1247621446.0004997,1014.9789733966142,9.947977227072859e-08,2.14975279665086e-08,6,1.952076443706356,1.005901203418117,-0.0006241307541631786
0.5,500.0,0.044647373799624364,1247621445.8245583,1014.5558158334293,9.952116691691624e-08,2.1529814778664122e-08,6,1.952078962442066,1.005903217689573,-0.0006241624074997262
0.5,500.0,0.049023934488881024,1247621445.5460973,1014.0548337450945,9.979794739002378e-08,2.1569931184602597e-08,6,1.9520829470785828,1.005905526187143,-0.0006241880169003081
0.5,500.0,0.05382950772325868,1247621445.310725,1013.436747626325,9.975651667768266e-08,2.161711606158426e-08,6,1.952086312152118,1.0059084973932624,-0.0006242381573685135
0.5,500.0,0.059106147475486,1247621444.9376984,1012.7036263589815,9.957074026199401e-08,2.1674708980292988e-08,6,1.9520916426874404,1.0059119197997615,-0.0006242817927273391
0.5,500.0,0.06490003006073211,1247621444.5376914,1011.8125728747431,9.97698967756575e-08,2.1743012797574576e-08,6,1.9520973531325692,1.0059161442236844,-0.0006243441571563262
0.5,500.0,0.07126185822939729,1247621444.0274317,1010.7420752827865,9.9652347638192e-08,2.182713589650068e-08,6,1.9521046308430179,1.0059211953625877,-0.0006244144193216692
0.5,500.0,0.07824730487111635,1247621442.9825723,1009.5089929628808,9.96368566978633e-08,2.191386993120655e-08,6,1.9521195134782954,1.0059265086576867,-0.0006244181554590859
0.5,500.0,0.08591750021286539,1247621442.0765097,1007.9760115022982,9.96397488246293e-08,2.20288537453524e-08,6,1.9521324010752845,1.0059335844983843,-0.0006244906833376394
0.5,500.0,0.09433956677468387,1247621440.8830056,1006.1404115567618,9.949413422030416e-08,2.2163480128482307e-08,6,1.9521493473416782,1.0059419584798572,-0.0006245602813782119
0.5,500.0,0.10358720676445314,1247621439.6482685,1003.8991261919296,9.970328392376426e-08,2.234053108652146e-08,6,1.9521668451543588,1.0059524720385256,-0.0006246847137264909
0.5,500.0,0.11374134705207334,1247621438.0133355,1001.2135749643656,9.951226184146408e-08,2.2548165934943516e-08,6,1.952189948944898,1.0059649418444851,-0.0006248099687429889
0.5,500.0,0.12489084736726071,1247621435.8491776,997.9991025808799,9.954577535796634e-08,2.279681351852595e-08,6,1.952220444214804,1.0059797107618729,-0.0006249286939332502
0.5,500.0,0.1371332779184638,1247621433.4356947,994.0945997896769,9.952175378891992e-08,2.310573175020675e-08,6,1.9522543250533884,1.0059980093319087,-0.0006251148082296767
0.5,500.0,0.15057577323790639,1247621429.8452616,989.4675279597053,9.957284011332555e-08,2.3465216522924923e-08,6,1.952304491618042,1.0060190155610431,-0.0006252209732088837
0.5,500.0,0.1653359697248269,1247621426.534583,983.7570491139252,9.934597674195224e-08,2.3947972166785345e-08,6,1.952350506219392,1.0060464963779032,-0.0006255525105706136
0.5,500.0,0.18154303509143294,1247621422.9270258,976.8093900166475,9.940447286211207e-08,2.4570312697693628e-08,6,1.9524002808948069,1.0060807707577764,-0.0006260436742952537
0.5,500.0,0.19933879872033844,1247534213.3993912,998.3799039210379,3.273107625572709e-06,2.06697247768626e-08,6,1.9858250295576367,1.0017610463136053,-0.0001796101056240652
0.5,500.0,0.21887899282533668,1247534200.6093237,989.5989123654128,1.5178112440828104e-06,2.110046799059177e-08,6,1.9860117020027732,1.0017538409078979,-0.00017759240238954664
0.5,500.0,0.24033461527700972,1247534185.645621,978.9904992951342,5.290467058602164e-07,2.1653157282482536e-08,6,1.9862279475485864,1.0017461203389362,-0.00017527841842820418
0.5,500.0,0.26389342601937477,1247534173.5327888,965.3213670805469,1.2114323435673726e-07,2.2618090388537355e-08,6,1.9864006449381968,1.0017481870942329,-0.00017364277234748144
0.5,500.0,0.2897615901728365,1247534163.1232784,948.1713757334327,9.961344320398246e-08,2.4084745735405577e-08,6,1.986546411473536,1.0017591140826398,-0.00017250152584222326
0.5,500.0,0.318165482202374,1247443140.5620553,944.0159031816615,6.968641346729823e-06,2.1455187592060187e-08,6,1.9963547085246727,1.0004707685413126,-4.466810595569545e-05
0.5,500.0,0.34935366693939,1247443118.1719959,920.4645605199097,6.555473066735711e-07,2.3134122085991784e-08,6,1.9966546259403182,1.000441593179766,-4.105257110599784e-05
0.5,500.0,0.3835990747933107,1247443102.165377,890.124760676694,9.962013031373972e-08,2.5701371651944625e-08,6,1.9967518726290945,1.0004416961883038,-4.006086029987296e-05
0.5,500.0,0.4212013901883932,1247348859.2607796,861.6662368194778,3.319162193918077e-07,2.5900797006541433e-08,6,1.9985949081216277,1.0001911845157407,-1.664358411632984e-05
0.5,500.0,0.4624896741271517,1247251849.9491448,824.0570611994632,7.300584784524181e-07,2.8027844619478546e-08,6,1.9992322985269697,1.000104582164828,-8.755879070876632e-06
0.5,500.0,0.5078252438306721,1247049081.1421251,777.6603195724678,3.549726128316514e-05,3.141984136542227e-08,6,1.9996792208174863,1.0000405125916525,-3.3114257286160944e-06
0.5,500.0,0.5576048346557921,1246196358.7917476,867.4438611467564,0.37045882904526056,3.934710332001222e-08,6,1.999934463846427,1.0000012604218838,-3.132406576237657e-07
0.5,500.0,0.6122640719593427,1246069121.388901,840.65479758543,0.43527066277771614,4.7510393754122727e-08,6,1.9999387086959421,1.0000006926366327,-2.6987317731684364e-07
0.5,500.0,0.6722812832920282,1245958475.6276114,741.3012002424207,0.44029003137012085,5.9123870127579876e-08,6,1.9999407689625244,1.0000004395815016,-2.5005721628035405e-07
0.5,500.0,0.7381816842827723,1246069124.6423545,488.0537946281854,0.024894312947603827,5.517160604471009e-08,6,1.9999387079195041,1.0000010962257242,-2.7175299201730037e-07
0.5,500.0,0.810541974844553,1245853701.6600192,366.0633243857815,9.690798979736005e-08,9.002127871188904e-08,5,1.9999420744290985,1.0000006655087,-2.203170966506905e-07
0.5,500.0,0.8899953859235032,1104500857.256693,199.38391781906438,9.85573715407239e-08,3.865518196753281e-07,3,2.0,1.0,0.0
0.5,500.0,0.9772372209558107,1064004300.1822394,580.5425196755015,0.9558482321595697,1.5467100699138053e-06,3,2.0,1.0,0.0
0.5,550.0,0.01,1247690133.1590428,963.2418168908963,9.91893529404242e-08,3.42905500620936e-08,6,1.7388292776480219,1.0335060902003328,-0.003568654015627398
0.5,550.0,0.010980250419408422,1247690130.9952106,963.2333982358266,9.875099611012553e-08,3.4290795401796236e-08,6,1.7388551037410613,1.033503060794351,-0.003568301603835843
0.5,550.0,0.012056589927291887,1247690128.3899162,963.2242675637659,9.924345950189627e-08,3.42906247030501e-08,6,1.738886197378187,1.033499440183996,-0.003567878379881257
0.5,550.0,0.013238437660578209,1247690125.1393564,963.2133814230094,9.949200888045535e-08,3.429076750778738e-08,6,1.7389249913573184,1.0334948446404055,-0.0035673475983022894
0.5,550.0,0.01453613606748761,1247690121.220694,963.2002576671497,9.941314064174195e-08,3.429093946268001e-08,6,1.7389717588413511,1.0334893040572328,-0.0035667077064027437
0.5,550.0,0.01596104141516088,1247690116.496693,963.1844368822813,9.905732693649264e-08,3.4291146447877855e-08,6,1.739028137684894,1.0334826240786628,-0.0035659362839259388
0.5,550.0,0.017525623169301542,1247690110.801894,963.1653663934326,9.970781342714423e-08,3.429139543971629e-08,6,1.7390961025662104,1.0334745702419947,-0.003565006295400434
0.5,550.0,0.01924357311551172,1247690104.0968528,963.1404496100997,9.865468102135017e-08,3.429193872562442e-08,6,1.7391761235873893,1.0334651801274373,-0.003563914539808546
0.5,550.0,0.02112992517725142,1247690097.1917405,963.0967854288175,9.85688590755778e-08,3.429456538663642e-08,6,1.739258527605693,1.0334560144166414,-0.003562806223471646
0.5,550.0,0.023201186978958357,1247690088.8680012,963.0441544595661,9.950783415665945e-08,3.429773112636766e-08,6,1.7393578611919338,1.0334449629357207,-0.0035614701188887
0.5,550.0,0.02547548430564807,1247690078.9085884,962.9775437622812,9.853778205406927e-08,3.430261845781934e-08,6,1.7394767149300856,1.0334317986157875,-0.003559873570269255
0.5,550.0,0.0279727197231725,1247690069.3141878,962.8712319858613,1.0388111988209043e-07,3.4312303669362715e-08,6,1.739591217339456,1.0334203626858118,-0.0035583752622318676
0.5,550.0,0.030714746747235906,1247690057.7487173,962.7430974668955,1.1256116168750013e-07,3.43239816113634e-08,6,1.7397292430777938,1.0334065708789215,-0.0035565689294814106
0.5,550.0,0.03372556108533605,1247690040.8871117,962.6219967347249,1.2186773604382703e-07,3.433272305262226e-08,6,1.739930474291236,1.0333845695452208,-0.0035538750754947534
0.5,550.0,0.03703151062520455,1247690018.9035468,962.4956269778872,1.3168179161477393e-07,3.4340272691406633e-08,6,1.7401928311757056,1.0333549706714287,-0.0035503336691049734
0.5,550.0,0.04066152600737297,1247689990.4180338,962.36759989677,1.4197425886858761e-07,3.43455703000102e-08,6,1.7405327688055017,1.0333156092302636,-0.0035457128471626403
0.5,550.0,0.044647373799624364,1247689959.8603084,962.1675141641327,1.521318826726354e-07,3.4359468518805616e-08,6,1.7408974134213673,1.0332751349717733,-0.0035408124209314194
0.5,550.0,0.049023934488881024,1247689927.5282032,961.8702712037157,1.6175940194101132e-07,3.438566283843885e-08,6,1.741283223618998,1.0332346701634099,-0.0035357035625621894
0.5,550.0,0.05382950772325868,1247689887.0725644,961.5292537938151,1.7094854217846085e-07,3.441432559648065e-08,6,1.7417659727325712,1.0331830958488055,-0.0035292809783388644
0.5,550.0,0.059106147475486,1247689829.850043,961.215354698613,1.8012922274361684e-07,3.4433865885576846e-08,6,1.742448831064246,1.0331052587738945,-0.0035200404351205033
0.5,550.0,0.06490003006073211,1247689753.9168944,960.929906959362,1.8896432621428543e-07,3.44396424520827e-08,6,1.7433548483373689,1.0329985483249904,-0.0035076715639316644
0.5,550.0,0.07126185822939729,1247689674.5324705,960.4418655284983,1.9486079242431327e-07,3.447111722212521e-08,6,1.7443019731043925,1.0328922953913997,-0.003494913234256209
0.5,550.0,0.07824730487111635,1247689588.3327136,959.7337721820726,1.9700392768352227e-07,3.452997829800759e-08,6,1.7453303648204963,1.0327815787666814,-0.003481210898453611
0.5,550.0,0.08591750021286539,1247689462.4327874,959.1423273098574,1.9825807050560444e-07,3.455805546589318e-08,6,1.7468322966969874,1.0326073283200077,-0.0034608007365039043
0.5,550.0,0.09433956677468387,1247689321.9621425,958.298046003242,1.943249009024714e-07,3.461399506890963e-08,6,1.7485078623747208,1.032417872793909,-0.003438194423789214
0.5,550.0,0.10358720676445314,1247689150.815101,957.3032800013948,1.858137713512902e-07,3.4677083924752723e-08,6,1.7505491339118757,1.032185725826166,-0.0034106182770490723
0.5,550.0,0.11374134705207334,1247688949.9779341,956.0517437394715,1.7149829510756326e-07,3.476047675881303e-08,6,1.7529442007420504,1.0319153816192215,-0.0033783385304700857
0.5,550.0,0.12489084736726071,1247688702.6079721,954.5996666148781,1.5238399312086593e-07,3.485506309002474e-08,6,1.7558937040981206,1.0315789124993116,-0.0033384884815232784
0.5,550.0,0.1371332779184638,1247688407.9943547,952.8235972719368,1.2831437058006988e-07,3.497164746238374e-08,6,1.7594058280895777,1.0311786444547089,-0.003291071380745738
0.5,550.0,0.15057577323790639,1247688046.8394866,950.7680752242314,1.014088172522728e-07,3.5100369154979565e-08,6,1.7637101302721505,1.0306832193715503,-0.0032328374250007
0.5,550.0,0.1653359697248269,1247687622.7353034,948.1692772308334,9.946392849745292e-08,3.5277823084938545e-08,6,1.7687631032401059,1.0301040467846128,-0.00316459966810403
0.5,550.0,0.18154303509143294,1247687108.828032,945.0924014349094,9.846280566448168e-08,3.548469606638438e-08,6,1.7748836441978377,1.0293970685211689,-0.003081840400176477
0.5,550.0,0.19933879872033844,1247686482.60496,941.4725799517389,9.930289312562783e-08,3.572900547495366e-08,6,1.782338627886493,1.028526711152074,-0.002980840902420362
0.5,550.0,0.21887899282533668,1247685746.178703,936.949294727801,9.874158342158807e-08,3.6055909246051804e-08,6,1.7911003862091315,1.0275030210423417,-0.002862254551225335
0.5,550.0,0.24033461527700972,1247621483.927656,1059.625605629936,1.000040914826567e-05,1.8821011974890857e-08,6,1.951518577985668,1.00571734111134,-0.0006245279729717499
0.5,550.0,0.26389342601937477,1247621467.405474,1044.8228494875539,3.273637479981512e-06,1.9554168398017015e-08,6,1.9517643280742747,1.0057717900527878,-0.000623610113472884
0.5,550.0,0.2897615901728365,1247621451.2832196,1026.4359740778204,6.583258354621234e-07,2.064299425718644e-08,6,1.9520003444710365,1.0058470060055758,-0.0006233798474584265
0.5,550.0,0.318165482202374,1247621439.3116872,1003.1031107914878,9.960364348729535e-08,2.2406133370267306e-08,6,1.952171606952498,1.0059557180412704,-0.0006247395515120167
0.5,550.0,0.34935366693939,1247621421.7328844,975.2262583477384,9.941417514292959e-08,2.4705173504976586e-08,6,1.9524166842709785,1.0060877027472124,-0.0006260885347762084
0.5,550.0,0.3835990747933107,1247534181.1858299,974.2895867099338,5.042798930766882e-07,2.1967401093733526e-08,6,1.986291837229967,1.001745933241763,-0.00017465052537776954
0.5,550.0,0.4212013901883932,1247443149.409052,950.5015265997183,1.70054711093328e-05,2.111725817248055e-08,6,1.9962288027888442,1.00048384295745,-4.620141265910174e-05
0.5,550.0,0.4624896741271517,1247443111.63511,904.197340899084,1.2779284745463454e-07,2.4343158039540725e-08,6,1.9967036975307388,1.0004417809703126,-4.055305861942843e-05
0.5,550.0,0.5078252438306721,1247348847.4827204,854.9952114796642,1.4998510421561735e-07,2.634878965226618e-08,6,1.9986137932497476,1.000189827042944,-1.642508462470731e-05
0.5,550.0,0.5576048346557921,1247152034.1127834,794.8328714658672,3.338105803450743e-06,2.9908913171122005e-08,6,1.9995233327162598,1.0000634931291352,-5.198593753857628e-06
0.5,550.0,0.6122640719593427,1246196298.9512396,894.1605579609078,0.40734417899465963,4.325463574930906e-08,6,1.9999345084392126,1.0000012192866798,-3.125306958461545e-07
0.5,550.0,0.6722812832920282,1246069072.7851756,820.5827702205788,0.4506638510449473,5.7764203678201753e-08,6,1.999938718345895,1.000000699356105,-2.7046286478562625e-07
0.5,550.0,0.7381816842827723,1245853713.128795,697.229734679902,0.46818068137792623,7.589455160676834e-08,5,1.999942073874926,1.0000002291595296,-2.39917269591328e-07
0.5,550.0,0.810541974844553,1245853850.5599134,399.7652548881492,0.0007121448082765718,8.703669351869076e-08,5,1.9999420650413142,1.0000005705392494,-2.1831186605228652e-07
0.5,550.0,0.8899953859235032,1245554075.4577127,213.24805900617284,9.966946464238838e-08,3.486339970466578e-07,5,1.99994538812447,1.0000009596306252,-2.262488602079236e-07
0.5,550.0,0.9772372209558107,1065763131.1381752,556.5968246712466,0.9494775965828216,1.4991931503148052e-06,3,2.0,1.0,0.0
0.5,600.0,0.01,1247698722.5019064,1016.492221003442,2.343677129929592e-06,3.1108416566459626e-08,6,1.636113105008857,1.0445030406320701,-0.00494713031769715
0.5,600.0,0.010980250419408422,1247698720.5134902,1016.4764676169115,2.571514397825748e-06,3.1109501316824966e-08,6,1.6361369060330995,1.044500717840836,-0.004946815878625589
0.5,600.0,0.012056589927291887,1247698718.1175315,1016.4574605950428,2.8210652810754936e-06,3.111080966550788e-08,6,1.636165585275576,1.0444979196654351,-0.004946437014901705
0.5,600.0,0.013238437660578209,1247698715.2303967,1016.4345298432219,3.094255713320068e-06,3.1112387636743805e-08,6,1.6362001438178537,1.0444945485461496,-0.004945980505501769
0.5,600.0,0.01453613606748761,1247698711.751289,1016.4068675573407,3.393133992484357e-06,3.1114290718499704e-08,6,1.636241788183179,1.0444904868679887,-0.004945430415086468
0.5,600.0,0.01596104141516088,1247698707.5587301,1016.3735000012242,3.7198608220650307e-06,3.1116585806146114e-08,6,1.6362919724419211,1.0444855928320396,-0.004944767537099624
0.5,600.0,0.017525623169301542,1247698702.5063274,1016.33325351118,4.076691024251915e-06,3.111935354511199e-08,6,1.636352448895633,1.0444796954778015,-0.004943968723155033
0.5,600.0,0.01924357311551172,1247698695.5319324,1016.295722712866,4.468986314928348e-06,3.1120595023221816e-08,6,1.6364359256873102,1.044470956242704,-0.004942847025582975
0.5,600.0,0.02112992517725142,1247698686.7110827,1016.2543638257596,4.897569237213959e-06,3.1121700101635466e-08,6,1.6365415008488091,1.0444596186639594,-0.004941418966652703
0.5,600.0,0.023201186978958357,1247698676.0142155,1016.2015184457147,5.365773271794848e-06,3.112436084925499e-08,6,1.636669530194975,1.044445850901383,-0.0049396867409396755
0.5,600.0,0.02547548430564807,1247698668.2260232,1016.0824487032287,5.8586135953306685e-06,3.1134826638976414e-08,6,1.6367627604474608,1.0444388008567214,-0.00493852119798387
0.5,600.0,0.0279727197231725,1247698658.8395438,1015.9388983208389,6.389123141476137e-06,3.1147447928563833e-08,6,1.6368751233439784,1.0444303019923786,-0.004937116394030146
0.5,600.0,0.030714746747235906,1247698641.928933,1015.8329460656972,6.980936347394625e-06,3.1152744142017295e-08,6,1.6370775482561382,1.0444095882165965,-0.004934411638525887
0.5,600.0,0.03372556108533605,1247698614.9227362,1015.7797666333322,7.647699481224888e-06,3.1149266836337954e-08,6,1.6374008096504153,1.0443722000704567,-0.0049299534920180695
0.5,600.0,0.03703151062520455,1247698589.8118498,1015.6295189260696,8.3388593606897e-06,3.1157177319362694e-08,6,1.637701381599136,1.0443410737189969,-0.004925925678731177
0.5,600.0,0.04066152600737297,1247698561.3411753,1015.427541795178,9.069761952735748e-06,3.116923288139864e-08,6,1.6380421597642445,1.044306912022247,-0.004921395657077542
0.5,600.0,0.044647373799624364,1247698533.054799,1015.1103168009523,9.81119608109442e-06,3.119506035361513e-08,6,1.6383807457681654,1.0442770188790762,-0.004917025442600023
0.5,600.0,0.049023934488881024,1247698489.8577206,1014.8343252950367,1.0635936001877915e-05,3.121099887222521e-08,6,1.6388978262824543,1.0442239235818764,-0.004910111922435531
0.5,600.0,0.05382950772325868,1247698433.706556,1014.5513428370133,1.1524680789072863e-05,3.122324113607298e-08,6,1.639569968585385,1.044152229179542,-0.004901039504056482
0.5,600.0,0.059106147475486,1247698370.2954714,1014.1614449397243,1.242398461550566e-05,3.124420019122915e-08,6,1.6403290141229865,1.044073786527586,-0.0048908764555580025
0.5,600.0,0.06490003006073211,1247698291.9165792,1013.7162606861699,1.335456336321216e-05,3.12658496409023e-08,6,1.6412672260148866,1.0439755041359484,-0.0048782732073021015
0.5,600.0,0.07126185822939729,1247698209.1565087,1013.0395279572832,1.4192970003099149e-05,3.131321248779751e-08,6,1.6422578765512073,1.0438788692550054,-0.00486519721978617
0.5,600.0,0.07824730487111635,1247698091.8239293,1012.4289372925156,1.5131354825442785e-05,3.134150768142094e-08,6,1.643662389530162,1.0437293266878362,-0.004846257676575598
0.5,600.0,0.08591750021286539,1247697964.474505,1011.5235877969629,1.5896574797564016e-05,3.1400907036368595e-08,6,1.6451868066335587,1.043575191656598,-0.004825968174184174
0.5,600.0,0.09433956677468387,1247697793.976763,1010.6360194533111,1.6702324374028018e-05,3.1442902748794696e-08,6,1.6472277456694544,1.0433572410574115,-0.004798436667292698
0.5,600.0,0.10358720676445314,1247697602.5005407,1009.427633472626,1.7238186358511935e-05,3.150888517653078e-08,6,1.6495197455780553,1.043120315762768,-0.00476778012710015
0.5,600.0,0.11374134705207334,1247697380.2219708,1007.8618008478244,1.745162623549812e-05,3.160856079437925e-08,6,1.6521804001494038,1.0428499330780805,-0.0047323545550605655
0.5,600.0,0.12489084736726071,1247697098.3006535,1006.1447002562273,1.748026034722513e-05,3.170510512117942e-08,6,1.6555549279036734,1.0424967604112543,-0.00468711219487039
0.5,600.0,0.1371332779184638,1247696753.4047592,1004.1637769528342,1.717765220917839e-05,3.18080179668704e-08,6,1.6596831468660098,1.042059982983942,-0.00463164206423634
0.5,600.0,0.15057577323790639,1247696356.2656028,1001.5825366525697,1.6243910902208825e-05,3.1957658699437335e-08,6,1.6644364087747607,1.0415659767140941,-0.004568099996951357
0.5,600.0,0.1653359697248269,1247695865.1017513,998.6151697377466,1.4889715700257062e-05,3.212639030664371e-08,6,1.6703145370546666,1.0409439058641594,-0.0044892206419898505
0.5,600.0,0.18154303509143294,1247695289.382759,994.8884651936584,1.2877788856061601e-05,3.235541392036813e-08,6,1.6772036348717507,1.0402197195461216,-0.004397014802007354
0.5,600.0,0.19933879872033844,1247694593.8738854,990.5030657466235,1.0429267036914712e-05,3.2612113840250835e-08,6,1.685524512203986,1.0393369241390118,-0.004285505107212924
0.5,600.0,0.21887899282533668,1247693748.3982291,985.3423986948566,7.736983158459714e-06,3.2918880883837104e-08,6,1.695636788779813,1.0382494134178024,-0.004149700247841156
0.5,600.0,0.24033461527700972,1247692743.4534006,979.076632691745,5.011878132359233e-06,3.33037695778766e-08,6,1.707651460992936,1.036950335527214,-0.003988383404199658
0.5,600.0,0.26389342601937477,1247691533.479207,971.6674404010419,2.692827729823773e-06,3.3760446372063877e-08,6,1.7221092410012866,1.0353658178064125,-0.003793959116533805
0.5,600.0,0.2897615901728365,1247690075.0510664,962.9353801151467,1.093806624406799e-06,3.430646461855159e-08,6,1.7395227517364285,1.0334252771804575,-0.0035593070906751716
0.5,600.0,0.318165482202374,1247688335.6344,952.4828374663725,2.828828709390718e-07,3.4987621130319874e-08,6,1.7602683055227637,1.031076209688261,-0.0032793578458366304
0.5,600.0,0.34935366693939,1247686258.0270846,940.0600865716638,9.906546300213224e-08,3.583102626842163e-08,6,1.785011194112398,1.0282152222139347,-0.0029447091344451345
0.5,600.0,0.3835990747933107,1247621467.4118986,1044.8356690212981,4.78087353017833e-06,1.9553403365300163e-08,6,1.9517642332684817,1.0057709559646764,-0.0006235997200881794
0.5,600.0,0.4212013901883932,1247621438.0186307,1001.2274414618479,9.981842432755916e-08,2.2547083174541492e-08,6,1.9521898742106545,1.0059637293629349,-0.0006247902759935698
0.5,600.0,0.4624896741271517,1247534186.9672365,980.160747925386,1.1640461853606668e-06,2.1578058933674645e-08,6,1.9862089548903636,1.001745675449683,-0.00017545503073036945
0.5,600.0,0.5078252438306721,1247443130.3681593,934.8688540476016,4.50450792718683e-06,2.203378215623225e-08,6,1.996498451319174,1.0004555759261053,-4.2908707837230307e-05
0.5,600.0,0.5576048346557921,1247443078.0123923,859.4114513165462,9.967661254868824e-08,2.8934050819558635e-08,6,1.996816360846539,1.0004467867898428,-3.949857428942068e-05
0.5,600.0,0.6122640719593427,1246196397.8598354,1064.9093514324718,0.48296788641936733,3.842617401436669e-08,6,1.999934428991813,1.0000010812569862,-3.1021023558530027e-07
0.5,600.0,0.6722812832920282,1246069106.2919445,997.9641527405793,0.5303741249571725,4.940583930636662e-08,6,1.9999387120922507,1.000000602312177,-2.695526225966692e-07
0.5,600.0,0.7381816842827723,1245853740.2205696,883.1613992970497,0.5692929039706309,6.710684804377662e-08,5,1.9999420724308348,1.0000001704267796,-2.3886199567266576e-07
0.5,600.0,0.810541974844553,1246069055.0838134,438.82357949093245,0.0002886007487859036,6.81585966264706e-08,6,1.9999387209242645,1.0000012642208875,-2.690607929933411e-07
0.5,600.0,0.8899953859235032,1245754911.2111535,236.20614329611882,9.873391845553756e-08,2.986827915064939e-07,5,1.9999433126192947,1.0000009937950078,-2.316114821048025e-07
0.5,600.0,0.9772372209558107,1067366825.63548,534.1946018040957,0.9428310886185846,1.474613876641425e-06,3,2.0,1.0,0.0
0.5,650.0,0.01,1247704919.3838456,1112.6218205607156,5.312430716075024e-05,2.246135246692386e-08,6,1.5633960619499216,1.0496727908142034,-0.005851066811951705
0.5,650.0,0.010980250419408422,1247704919.3645356,1112.5797541449392,5.826314157027185e-05,2.2464688841645397e-08,6,1.5633963063683245,1.0496744040911983,-0.005851117497985969
0.5,650.0,0.012056589927291887,1247704919.3415039,1112.5290212377686,6.388354907454333e-05,2.246868565434557e-08,6,1.563396597894729,1.0496763497500685,-0.005851178657141093
0.5,650.0,0.013238437660578209,1247704919.3140106,1112.4678381933495,7.002561048471452e-05,2.2473476175581557e-08,6,1.5633969458933972,1.0496786962538562,-0.005851252449144169
0.5,650.0,0.01453613606748761,1247704919.2811663,1112.394054534173,7.673105944244076e-05,2.2479220880390252e-08,6,1.5633973616237749,1.0496815261764918,-0.005851341478816187
0.5,650.0,0.01596104141516088,1247704919.2419019,1112.3050775106155,8.404272613307223e-05,2.248611296173494e-08,6,1.563397858617719,1.0496849391183858,-0.005851448888009651
0.5,650.0,0.017525623169301542,1247704919.1855693,1112.1981610933296,9.200414293550657e-05,2.249449680880415e-08,6,1.5633985712712015,1.0496890376526418,-0.0058515767150559336
0.5,650.0,0.01924357311551172,1247704919.11664,1112.069539874094,0.0001006574410353319,2.2504489212258957e-08,6,1.5633994432270273,1.0496939779951968,-0.0058517306576830646
0.5,650.0,0.02112992517725142,1247704919.0340886,1111.9144399152221,0.00011004207623173119,2.2516491064822964e-08,6,1.563400487505042,1.049699936596899,-0.005851916385203878
0.5,650.0,0.023201186978958357,1247704918.935172,1111.7274156117087,0.00012019274502795997,2.2530911431058544e-08,6,1.5634017388013126,1.0497071235235929,-0.005852140455267252
0.5,650.0,0.02547548430564807,1247704918.8109128,1111.5020232250413,0.0001311363643099591,2.254711855513143e-08,6,1.5634033098243498,1.0497157817465432,-0.0058524097290420995
0.5,650.0,0.0279727197231725,1247704918.6613703,1111.2304891413175,0.00014288737061462736,2.2566401655655657e-08,6,1.563405200416223,1.049726224776031,-0.005852734498252356
0.5,650.0,0.030714746747235906,1247704918.3894413,1110.9087000760624,0.00015545138295292209,2.259192369887088e-08,6,1.5634086373609883,1.0497386482849032,-0.005853108994985263
0.5,650.0,0.03372556108533605,1247704918.1562796,1110.5147320473482,0.00016878409157948656,2.2622474731341185e-08,6,1.5634115830595234,1.0497538130537334,-0.005853578410553301
0.5,650.0,0.03703151062520455,1247704917.9540846,1110.0349371536138,0.0001828211491335193,2.2658201323628943e-08,6,1.5634141364969167,1.049772256725437,-0.005854159370307427
0.5,650.0,0.04066152600737297,1247704917.5630848,1109.4655775489637,0.00019747880033154128,2.2698652758207264e-08,6,1.5634190714962302,1.049794232877238,-0.005854832577205368
0.5,650.0,0.044647373799624364,1247704917.1322,1108.77640830477,0.00021256980762420855,2.2754809616721406e-08,6,1.5634245066214245,1.0498208291209712,-0.005855652305554611
0.5,650.0,0.049023934488881024,1247704916.8326182,1107.932085166202,0.0002278199559214331,2.2820056679445457e-08,6,1.563428282093714,1.0498533448470506,-0.005856682457836039
0.5,650.0,0.05382950772325868,1247704916.42967,1106.9165719369023,0.00024291245155185273,2.2898402595405942e-08,6,1.5634333555805,1.0498925207603742,-0.0058579176865855365
0.5,650.0,0.059106147475486,1247704915.883432,1105.695803320762,0.0002573860324814933,2.299452731007173e-08,6,1.5634402265320881,1.0499397147347334,-0.005859397150244395
0.5,650.0,0.06490003006073211,1247704915.3934038,1104.2132692274392,0.00027059318724889083,2.3110373108936245e-08,6,1.563446381513209,1.0499970417298685,-0.005861214537278865
0.5,650.0,0.07126185822939729,1247704914.7813075,1102.4273888326588,0.0002817864494597248,2.3251881033256142e-08,6,1.5634540591297663,1.050066277997667,-0.0058634049170506585
0.5,650.0,0.07824730487111635,1247704914.0599542,1100.2724554506372,0.0002900094445128869,2.3425780148810977e-08,6,1.563463089058807,1.0501500177533174,-0.0058660536205459145
0.5,650.0,0.08591750021286539,1247704913.2468336,1097.670632232778,0.0002941391558306171,2.363724945780235e-08,6,1.5634732438182217,1.0502514259957316,-0.00586926460507376
0.5,650.0,0.09433956677468387,1247704912.317202,1094.5295240881906,0.0002929326587062022,2.3896442847534675e-08,6,1.563484820449077,1.050374282108362,-0.005873155797313317
0.5,650.0,0.10358720676445314,1247704911.2299767,1090.7396075341092,0.00028512151818385303,2.421455073501435e-08,6,1.5634983142331027,1.0505231940249522,-0.005877868991376178
0.5,650.0,0.11374134705207334,1247704909.9930098,1086.1646973981192,0.0002695680835493945,2.460375442174076e-08,6,1.5635136013193305,1.0507039334831187,-0.005883588409663089
0.5,650.0,0.12489084736726071,1247704908.5461593,1080.6439984605677,0.00024555992587044033,2.5085791462233582e-08,6,1.5635313936266604,1.0509234860150247,-0.005890527223140523
0.5,650.0,0.1371332779184638,1247704906.8721123,1073.9799547635146,0.0002131656000219686,2.5679013415720454e-08,6,1.56355185806058,1.0511906134616205,-0.005898958806789536
0.5,650.0,0.15057577323790639,1247704904.869832,1065.9374616522114,0.00017369397740238878,2.6423729667572654e-08,6,1.5635761630513425,1.0515160796686445,-0.005909207711311924
0.5,650.0,0.1653359697248269,1247704902.50288,1056.2280851629614,0.00013004088894609032,2.7359211720680544e-08,6,1.5636046404850994,1.051913553174716,-0.00592169621487997
0.5,650.0,0.18154303509143294,1247704337.027355,1045.0102715303965,0.00010876495596518568,2.965635413778561e-08,6,1.5690457904462805,1.0515391057966514,-0.005854244445947584
0.5,650.0,0.19933879872033844,1247703244.8890996,1042.3984274136692,0.00011885947629061487,2.973100892519427e-08,6,1.582044624005234,1.0500585355992182,-0.005674343396124543
0.5,650.0,0.21887899282533668,1247702192.7170138,1036.9632935043962,0.0001124088853243368,3.002061855766572e-08,6,1.5946033142406861,1.0487534126318983,-0.005504696392472721
0.5,650.0,0.24033461527700972,1247700972.3153694,1030.260153284233,9.928680857663062e-05,3.036306453011327e-08,6,1.6091917356657046,1.0472483994827215,-0.005308263265321599
0.5,650.0,0.26389342601937477,1247699579.9552677,1021.6825139419296,7.816367050909245e-05,3.0830146933142613e-08,6,1.6258502312927363,1.0455531396674544,-0.005085157729410189
0.5,650.0,0.2897615901728365,1247697930.0010614,1011.4047814895487,5.370224302045715e-05,3.14051772267756e-08,6,1.6455994667525604,1.0435228013220976,-0.004820673596369856
0.5,650.0,0.318165482202374,1247695965.2156878,999.2677254856352,3.0007945881948426e-05,3.209005222486292e-08,6,1.6691164581724562,1.041064571761809,-0.0045054339970368685
0.5,650.0,0.34935366693939,1247693641.1802475,984.7801729242063,1.1824247492677842e-05,3.2945143314527994e-08,6,1.6969188869916374,1.0381051931241605,-0.0041324814099681076
0.5,650.0,0.3835990747933107,1247690878.6123128,967.6769918155622,2.5528021764590357e-06,3.40135935039082e-08,6,1.729930114546885,1.0344977349777291,-0.0036886966638859163
0.5,650.0,0.4212013901883932,1247687570.6096961,947.9107064624708,1.7862621578305225e-07,3.528998853316675e-08,6,1.7693840158940277,1.0300287554010266,-0.0031561657616800925
0.5,650.0,0.4624896741271517,1247621465.6566386,1043.114636844681,4.961342762778549e-06,1.9643379951489802e-08,6,1.9517901234256423,1.0057769262601342,-0.0006235152167848939
0.5,650.0,0.5078252438306721,1247621421.0279205,973.9547544071941,9.944399603442855e-08,2.4816302761739657e-08,6,1.952426353542208,1.006093164924797,-0.0006261519573940112
0.5,650.0,0.5576048346557921,1247443136.7884214,940.6728479906974,8.86407196976657e-06,2.166473361173233e-08,6,1.996408092918781,1.0004646211061383,-4.399960137319995e-05
0.5,650.0,0.6122640719593427,1247348841.8414245,850.8796663011517,9.999920307813019e-08,2.6692514599165666e-08,6,1.9986214786147967,1.0001893938982442,-1.6335133938353825e-05
0.5,650.0,0.6722812832920282,1246196273.3238196,1014.6119456011612,0.48938582752288096,4.756183310844258e-08,6,1.9999345228694663,1.0000011005370855,-3.093722965588825e-07
0.5,650.0,0.7381816842827723,1245958415.1474683,997.6367620209161,0.5940668679207622,6.358568399145269e-08,6,1.999940774221341,1.000000336411362,-2.501160753218782e-07
0.5,650.0,0.810541974844553,1245853697.9889789,540.7636461285406,0.32601741501277764,7.896174465771234e-08,5,1.9999420745992942,1.0000002994746116,-2.451214666403503e-07
0.5,650.0,0.8899953859235032,1245853555.842372,280.42354175007415,9.865744425167619e-08,1.7633378859137293e-07,5,1.9999420788111426,1.0000009799586653,-2.3365577022119071e-07
0.5,650.0,0.9772372209558107,1068870506.1350652,512.0993439448175,0.9355100287561883,1.461774559997355e-06,3,2.0,1.0,0.0
0.6,200.0,0.01,1246069044.9447544,447.43901021631547,1.2888604293877673e-07,7.03739255018083e-08,6,1.9999387221866096,1.2000017043003612,-3.0831032788128136e-07
0.6,200.0,0.010980250419408422,1246069044.9331377,447.4294711522638,1.412401088000258e-07,7.037757165654924e-08,6,1.999938722187972,1.2000017043233504,-3.0830999488636626e-07
0.6,200.0,0.012056589927291887,1246069044.9191325,447.4179705348194,1.5471523265247105e-07,7.038196732582197e-08,6,1.9999387221896145,1.2000017043510651,-3.0830959345479326e-07
0.6,200.0,0.013238437660578209,1246069044.902248,447.40410505924774,1.6939260621834515e-07,7.038726649374758e-08,6,1.999938722191595,1.2000017043844855,-3.083091095332466e-07
0.6,200.0,0.01453613606748761,1246069044.8818917,447.38738857081796,1.853523399572943e-07,7.039365475903913e-08,6,1.9999387221939824,1.2000017044247828,-3.0830852618723e-07
0.6,200.0,0.01596104141516088,1246069044.85735,447.3672350029698,2.0267057902493007e-07,7.040135578425519e-08,6,1.9999387221968608,1.2000017044733742,-3.083078230136333e-07
0.6,200.0,0.017525623169301542,1246069044.8277626,447.34293787208975,2.2141552451509246e-07,7.041063908010284e-08,6,1.9999387222003309,1.2000017045319642,-3.0830697543368116e-07
0.6,200.0,0.01924357311551172,1246069044.7920914,447.3136456243406,2.4164204039926695e-07,7.042182939159775e-08,6,1.9999387222045144,1.200001704602614,-3.083059538426023e-07
0.6,200.0,0.02112992517725142,1246069044.7490854,447.27833182246286,2.633844545887258e-07,7.04353179347332e-08,6,1.9999387222095584,1.2000017046878086,-3.0830472259042665e-07
0.6,200.0,0.023201186978958357,1246069044.697237,447.23575928556386,2.8664708803406387e-07,7.045157591949967e-08,6,1.9999387222156393,1.200001704790545,-3.0830323875874794e-07
0.6,200.0,0.02547548430564807,1246069044.6347277,447.1844370241851,3.1139197516668725e-07,7.047117083729087e-08,6,1.9999387222229708,1.2000017049144516,-3.083014506932879e-07
0.6,200.0,0.0279727197231725,1246069044.5593655,447.12256822296814,3.3752318823272436e-07,7.04947859273298e-08,6,1.9999387222318095,1.2000017050638796,-3.082992962508359e-07
0.6,200.0,0.030714746747235906,1246069044.4685075,447.04798776786976,3.648671815641019e-07,7.0523243558072e-08,6,1.9999387222424656,1.200001705244113,-3.082967007035619e-07
0.6,200.0,0.03372556108533605,1246069044.3589678,446.9580870270247,3.9314866934432804e-07,7.055753317948106e-08,6,1.9999387222553129,1.2000017054615124,-3.0829357424261465e-07
0.6,200.0,0.03703151062520455,1246069044.2241323,446.8466865255711,4.2194417614971984e-07,7.060550369488763e-08,6,1.9999387222709861,1.2000017057237102,-3.08289808200841e-07
0.6,200.0,0.04066152600737297,1246069044.0664318,446.71558334705384,4.507156601715265e-07,7.065653722653298e-08,6,1.9999387222891614,1.2000017060402715,-3.082852837566571e-07
0.6,200.0,0.044647373799624364,1246069043.8763046,446.557570979233,4.786791049963498e-07,7.071800755005274e-08,6,1.9999387223110736,1.2000017064222368,-3.082798378756117e-07
0.6,200.0,0.049023934488881024,1246069043.6470847,446.3671398886399,5.048290635214557e-07,7.079203370370099e-08,6,1.9999387223374914,1.2000017068832165,-3.082732852820391e-07
0.6,200.0,0.05382950772325868,1246069043.370729,446.137653627406,5.278951107860845e-07,7.088115962845614e-08,6,1.9999387223693417,1.2000017074396587,-3.082654112950778e-07
0.6,200.0,0.059106147475486,1246069043.0375593,445.86114153891157,5.463298893182361e-07,7.098842771460787e-08,6,1.9999387224077396,1.2000017081114949,-3.0825597160517887e-07
0.6,200.0,0.06490003006073211,1246069042.634584,445.5245219634889,5.582768384008037e-07,7.112540493902835e-08,6,1.9999387224537382,1.2000017089229829,-3.082446417885208e-07
0.6,200.0,0.07126185822939729,1246069042.154773,445.1217468559455,5.617506961559343e-07,7.128447752292635e-08,6,1.9999387225080805,1.2000017099037172,-3.082310793897103e-07
0.6,200.0,0.07824730487111635,1246069041.576309,444.6366370765837,5.546285733795709e-07,7.147571493079305e-08,6,1.9999387225735958,1.2000017110890964,-3.082148510623545e-07
0.6,200.0,0.08591750021286539,1246069040.8805664,444.0480162141383,5.349242153738114e-07,7.17162116865629e-08,6,1.999938722651307,1.2000017125229423,-3.0819546175697616e-07
0.6,200.0,0.09433956677468387,1246069040.0472176,443.3422411325969,5.012543414953612e-07,7.199893765609238e-08,6,1.9999387227440615,1.2000017142582053,-3.0817226881662045e-07
0.6,200.0,0.10358720676445314,1246069039.046822,442.4871620841037,4.5313578011189235e-07,7.235206715793521e-08,6,1.9999387228535277,1.2000017163602086,-3.0814468254161674e-07
0.6,200.0,0.11374134705207334,1246069037.848209,441.4565599498012,3.916787103541355e-07,7.27805792196097e-08,6,1.9999387229831673,1.200001718908578,-3.0811198689367643e-07
0.6,200.0,0.12489084736726071,1246069036.4159105,440.21369688320925,3.199929355227003e-07,7.330374023625838e-08,6,1.9999387231356127,1.20000172200163,-3.0807346453142683e-07
0.6,200.0,0.1371332779184638,1246069034.7042148,438.71474783535615,2.433484408409045e-07,7.394403295890621e-08,6,1.9999387233143529,1.2000017257607316,-3.0802806751298366e-07
0.6,200.0,0.15057577323790639,1245958530.0403297,433.38947854308947,4.523832702928703e-05,8.597987501541125e-08,6,1.999940763798287,1.2000011182540244,-2.849850952706731e-07
0.6,200.0,0.1653359697248269,1245958502.1125724,432.6588498892733,3.687726802242708e-05,8.213691989954805e-08,6,1.9999407664752773,1.2000011231045231,-2.8490042379213893e-07
0.6,200.0,0.18154303509143294,1245958479.5257154,431.16735226848897,2.7354460968163122e-05,7.951846726052432e-08,6,1.9999407686019022,1.2000011293729913,-2.8481506693466187e-07
0.6,200.0,0.19933879872033844,1245958459.4434896,428.96700529839,1.7984638833825343e-05,7.764658013805125e-08,6,1.9999407704400407,1.200001137282084,-2.8472679276022445e-07
0.6,200.0,0.21887899282533668,1245958440.463093,426.00977462747875,1.0060942074907559e-05,7.637007544151577e-08,6,1.9999407721148774,1.2000011471789367,-2.8463570490591875e-07
0.6,200.0,0.24033461527700972,1245853912.9025707,416.1410732459667,3.74301173382867e-05,9.734946711249432e-08,5,1.999942060345966,1.2000007735447042,-2.705323333869064e-07
0.6,200.0,0.26389342601937477,1245853839.3464687,413.9435913850275,1.6924099629645753e-05,8.766139901642708e-08,5,1.999942065865994,1.2000007878125583,-2.704305578055112e-07
0.6,200.0,0.2897615901728365,1245853798.159873,408.941002265849,5.116558631161245e-06,8.453501664501286e-08,5,1.999942068787267,1.2000008068169041,-2.703854100781084e-07
0.6,200.0,0.318165482202374,1245853764.8581684,402.0385193516823,8.72609854081246e-07,8.39061000566049e-08,5,1.9999420709641633,1.2000008311816268,-2.7039890207753414e-07
0.6,200.0,0.34935366693939,1245853734.8588865,393.150141942523,9.832501346204628e-08,8.532207343583581e-08,5,1.9999420727312387,1.2000008624455598,-2.7050645302598216e-07
0.6,200.0,0.3835990747933107,1245853706.0698054,382.00626842143913,9.986100933184084e-08,8.894044932821354e-08,5,1.9999420742200884,1.2000009029081808,-2.707711788425244e-07
0.6,200.0,0.4212013901883932,1245853677.1938214,368.2170541354597,9.989411594042999e-08,9.53791226238369e-08,5,1.999942075495944,1.200000956007143,-2.71301314965301e-07
0.6,200.0,0.4624896741271517,1245853647.0571778,351.275274110089,9.834499308060406e-08,1.0588162543902028e-07,5,1.999942076600259,1.200001027051323,-2.722798492853961e-07
0.6,200.0,0.5078252438306721,1245853614.2618642,330.5579546873878,9.865659945806276e-08,1.2278400472035193e-07,5,1.9999420775653969,1.2000011246161837,-2.7401684104171107e-07
0.6,200.0,0.5576048346557921,1245853573.5549085,303.13912554774134,9.919397205338763e-08,1.5360215982376212e-07,5,1.9999420784856976,1.2000012634111266,-2.7700803573079285e-07
0.6,200.0,0.6122640719593427,1245807236.4340045,247.48835074934416,9.823129136833938e-08,2.8783886590453217e-07,5,1.9999427166168675,1.200001394994106,-2.7653180492806645e-07
0.6,200.0,0.6722812832920282,1104904610.0359302,223.58771964932114,9.599452200630205e-08,3.3583140527552433e-07,3,2.0,1.2,0.0
0.6,200.0,0.7381816842827723,1103546376.7567139,175.4652941437919,9.589338432442356e-08,4.834263209441582e-07,3,2.0,1.2,0.0
0.6,200.0,0.810541974844553,1101251631.890955,127.77586340039765,9.193365143100436e-08,7.756240804994396e-07,3,2.0,1.2,0.0
0.6,200.0,0.8899953859235032,1089904319.7143097,172.03114611321035,0.6881733780919359,2.475397445854457e-06,3,2.0,1.2,0.0
0.6,200.0,0.9772372209558107,1038638918.349798,474.48612855719506,0.977358141525968,3.3402718286968576e-05,2,2.0,1.2,0.0
0.6,250.0,0.01,1246196319.390103,557.6138251126762,9.996639889949969e-05,5.05000938785203e-08,6,1.9999344947667137,1.2000025791770474,-3.672605029253275e-07
0.6,250.0,0.010980250419408422,1246196319.344604,557.6046673941182,0.00010968458138525251,5.0499131446914515e-08,6,1.9999344947988735,1.2000025792164766,-3.67259492949717e-07
0.6,250.0,0.012056589927291887,1246196319.2911596,557.5934809543763,0.00012032898940596599,5.0498097512633857e-08,6,1.9999344948366493,1.2000025792643072,-3.672582874231348e-07
0.6,250.0,0.013238437660578209,1246196319.2282794,557.579834228689,0.00013198185915470296,5.049698971319685e-08,6,1.9999344948810944,1.2000025793222862,-3.6725684728880543e-07
0.6,250.0,0.01453613606748761,1246196319.1541817,557.5632055020642,0.00014473072967604686,5.049580634338125e-08,6,1.9999344949334683,1.2000025793925413,-3.672551255101847e-07
0.6,250.0,0.01596104141516088,1246196319.0667365,557.542964280419,0.00015866808177380617,5.049454654006751e-08,6,1.9999344949952764,1.200002579477634,-3.6725306546159474e-07
0.6,250.0,0.017525623169301542,1246196318.963396,557.5183487222833,0.0001738906631468808,5.049321058334923e-08,6,1.9999344950683198,1.2000025795806457,-3.672505989452005e-07
0.6,250.0,0.01924357311551172,1246196318.8411114,557.488438691799,0.00019049838502803373,5.049180001131499e-08,6,1.9999344951547533,1.2000025797053429,-3.672476437668756e-07
0.6,250.0,0.02112992517725142,1246196318.6962342,557.4521229216462,0.00020859263740551036,5.049031803571403e-08,6,1.9999344952571558,1.2000025798562237,-3.6724410086180896e-07
0.6,250.0,0.023201186978958357,1246196318.524397,557.4080598264105,0.0002282738265074103,5.048876965080266e-08,6,1.9999344953786142,1.200002580038744,-3.672398510060619e-07
0.6,250.0,0.02547548430564807,1246196318.3203697,557.3546302572835,0.00024963788011415114,5.048716172122871e-08,6,1.999934495522825,1.2000025802595204,-3.6723474964909724e-07
0.6,250.0,0.0279727197231725,1246196318.0778925,557.2898805666914,0.00027277140627964116,5.048550307974189e-08,6,1.9999344956942133,1.200002580526523,-3.67228622853556e-07
0.6,250.0,0.030714746747235906,1246196317.7894695,557.2114543744616,0.00029774506661313686,5.048380401406778e-08,6,1.9999344958980771,1.2000025808493735,-3.672212604508507e-07
0.6,250.0,0.03372556108533605,1246196317.4461246,557.1165097035131,0.0003246045632795777,5.048207544309053e-08,6,1.999934496140761,1.2000025812397357,-3.67212406393941e-07
0.6,250.0,0.03703151062520455,1246196317.0371134,557.0016215148878,0.0003533589137362808,5.0480327002968825e-08,6,1.999934496429859,1.2000025817117137,-3.672017514998868e-07
0.6,250.0,0.04066152600737297,1246196316.549576,556.8626636458614,0.00038396490078256734,5.047856371647377e-08,6,1.9999344967744614,1.2000025822823808,-3.67188920460781e-07
0.6,250.0,0.044647373799624364,1246196315.971498,556.6897483634772,0.00041628075653462666,5.0481351305502116e-08,6,1.9999344971770485,1.2000025829750924,-3.671735974958294e-07
0.6,250.0,0.049023934488881024,1246196315.296266,556.4839400146708,0.00045012775173578596,5.048356069692153e-08,6,1.9999344976455573,1.2000025838158095,-3.6715522668119957e-07
0.6,250.0,0.05382950772325868,1246196314.4902453,556.2353730395298,0.00048514876818021825,5.048646938048696e-08,6,1.999934498204814,1.2000025848325848,-3.671330440561945e-07
0.6,250.0,0.059106147475486,1246196313.5278094,555.935303485324,0.0005208310448330577,5.0490125117373906e-08,6,1.999934498872599,1.2000025860626182,-3.6710625476907227e-07
0.6,250.0,0.06490003006073211,1246196312.397997,555.5658333317211,0.0005563940766585187,5.0502778674493e-08,6,1.9999344996442363,1.2000025875587517,-3.6707420275422425e-07
0.6,250.0,0.07126185822939729,1246196311.0655715,555.1231266546338,0.0005908979297932975,5.0516638973657615e-08,6,1.999934500551457,1.2000025893737063,-3.6703549178011336e-07
0.6,250.0,0.07824730487111635,1246196309.4895847,554.5825349099433,0.0006229497476537871,5.054052075255389e-08,6,1.999934501613748,1.2000025915782095,-3.669887757894702e-07
0.6,250.0,0.08591750021286539,1246196307.643332,553.9313946286893,0.0006508898409248018,5.057113036274488e-08,6,1.9999345028468907,1.200002594259743,-3.6693235288243254e-07
0.6,250.0,0.09433956677468387,1246196305.4792655,553.1362558414893,0.000672514604227859,5.0620115279489e-08,6,1.9999345042680516,1.2000025975271693,-3.668642946406821e-07
0.6,250.0,0.10358720676445314,1246196302.946694,552.1724136019374,0.0006852993908396064,5.068746091144937e-08,6,1.9999345059075226,1.2000026015099474,-3.667817448588884e-07
0.6,250.0,0.11374134705207334,1246196299.997149,551.0027212840124,0.0006863133967090012,5.078094411295418e-08,6,1.9999345077810025,1.2000026063738334,-3.6668148392289637e-07
0.6,250.0,0.12489084736726071,1246196296.57294,549.5828431318287,0.0006724518382434975,5.0909901750241396e-08,6,1.9999345099076178,1.200002612323404,-3.665592402071171e-07
0.6,250.0,0.1371332779184638,1246196292.6104538,547.8536975812516,0.0006407611858338876,5.109207815916511e-08,6,1.9999345122980514,1.2000026196167826,-3.664097614188551e-07
0.6,250.0,0.15057577323790639,1246196288.0530787,545.7537003620105,0.0005891241593963228,5.134044928647496e-08,6,1.9999345149597556,1.200002628575933,-3.6622588244992125e-07
0.6,250.0,0.1653359697248269,1246196282.8505757,543.1995067630075,0.0005170390884458831,5.168255902505783e-08,6,1.9999345178730583,1.20000263961389,-3.659985868826784e-07
0.6,250.0,0.18154303509143294,1246196276.9428737,540.0927505853792,0.0004267789180564651,5.2150979819044045e-08,6,1.9999345210214234,1.2000026532485257,-3.6571546286362264e-07
0.6,250.0,0.19933879872033844,1246196270.224719,536.3136613213275,0.00032445778106387466,5.27884793335854e-08,6,1.9999345243977358,1.2000026701347455,-3.6535946413063535e-07
0.6,250.0,0.21887899282533668,1246196262.6744244,531.7169761665442,0.000220401030570409,5.365514416158348e-08,6,1.9999345279313132,1.2000026911276866,-3.649080077010513e-07
0.6,250.0,0.24033461527700972,1246196254.214698,526.1170430578953,0.0001278360715456958,5.484761258500673e-08,6,1.99993453155593,1.2000027173224441,-3.643300092329918e-07
0.6,250.0,0.26389342601937477,1246069226.7656393,517.3308404639469,0.010018071173889578,6.173856807480651e-08,6,1.999938677936817,1.2000015284871695,-3.1462430192266074e-07
0.6,250.0,0.2897615901728365,1246069178.4264739,511.4704145092139,0.007472241990341167,5.838143144582846e-08,6,1.999938693187063,1.2000015507559916,-3.1372202122283304e-07
0.6,250.0,0.318165482202374,1246069144.7948985,502.82002835675786,0.004577100277299198,5.76678528753361e-08,6,1.999938702790135,1.2000015802596817,-3.126720105073403e-07
0.6,250.0,0.34935366693939,1246069115.661979,491.67632939540357,0.002080325025531786,5.851894853065702e-08,6,1.9999387100253345,1.2000016055198355,-3.1157309396522816e-07
0.6,250.0,0.3835990747933107,1246069088.333788,477.74290377924626,0.0005700036617116706,6.103233912569743e-08,6,1.9999387156695858,1.2000016346575162,-3.103461998470225e-07
0.6,250.0,0.4212013901883932,1246069061.8296912,460.5142469903608,6.145369741880352e-05,6.575082806268159e-08,6,1.9999387199990093,1.200001673112319,-3.090947665192391e-07
0.6,250.0,0.4624896741271517,1246069035.4208765,439.34399182412,1.0087913230429928e-06,7.36763121268844e-08,6,1.9999387232399237,1.2000017240737368,-3.080859055369599e-07
0.6,250.0,0.5078252438306721,1245853829.4565103,413.0490081920509,3.054905383383934e-05,8.672137157476315e-08,5,1.9999420665847196,1.200000791456191,-2.7041788947266156e-07
0.6,250.0,0.5576048346557921,1245853715.0091603,385.7507510437683,9.95039879466224e-08,8.754426269286986e-08,5,1.9999420737806721,1.2000008891046168,-2.706662941737747e-07
0.6,250.0,0.6122640719593427,1245853643.2753837,348.9903384069128,9.83754933072606e-08,1.0751280833299424e-07,5,1.9999420767234974,1.2000010371994367,-2.7244084188668854e-07
0.6,250.0,0.6722812832920282,1245853568.1969879,299.50061134497275,9.999515143424847e-08,1.5857919982322517e-07,5,1.9999420785882884,1.2000012757616079,-2.772798354434131e-07
0.6,250.0,0.7381816842827723,1245532237.6689928,218.86163781711787,9.954846049814501e-08,3.452673935197738e-07,5,1.999945592668714,1.2000013131133955,-2.614392543500019e-07
0.6,250.0,0.810541974844553,1103066855.686206,162.854869555344,9.603040042788846e-08,5.402836550178826e-07,3,2.0,1.2,0.0
0.6,250.0,0.8899953859235032,1093765017.578254,212.0636351660118,0.6830451503302795,1.8340264910156534e-06,3,2.0,1.2,0.0
0.6,250.0,0.9772372209558107,1052076379.1079673,553.8244376603367,0.9757541158534725,3.685553764669609e-06,3,2.0,1.2,0.0
0.6,300.0,0.01,1246588929.8960204,668.1789330142446,2.6991899762944155e-06,3.782379711796049e-08,6,1.9999019286335853,1.2000100083596776,-8.03875379213646e-07
0.6,300.0,0.010980250419408422,1246588929.8655407,668.1661007664574,2.9595701405173843e-06,3.782441718424936e-08,6,1.9999019288247268,1.200010008489978,-8.038711307830868e-07
0.6,300.0,0.012056589927291887,1246588929.8288295,668.1506260421169,3.2441186529763858e-06,3.7825166062105134e-08,6,1.999901929054947,1.2000100086471626,-8.038660115249393e-07
0.6,300.0,0.013238437660578209,1246588929.78461,668.1319652969443,3.5547700747889247e-06,3.78260701820387e-08,6,1.9999019293322524,1.200010008836724,-8.038598426633378e-07
0.6,300.0,0.01453613606748761,1246588929.7313428,668.1094634472264,3.893510508544845e-06,3.7827161254238984e-08,6,1.9999019296662974,1.2000100090653745,-8.038524086012675e-07
0.6,300.0,0.01596104141516088,1246588929.6671731,668.082330839468,4.262339479278175e-06,3.782847737390112e-08,6,1.9999019300687126,1.2000100093411457,-8.038434494625434e-07
0.6,300.0,0.017525623169301542,1246588929.589866,668.0496157469544,4.663215045411598e-06,3.783006421508594e-08,6,1.999901930553515,1.2000100096737563,-8.038326520051007e-07
0.6,300.0,0.01924357311551172,1246588929.496727,668.0101709255467,5.097976930800668e-06,3.7831976486435626e-08,6,1.9999019311375998,1.2000100100749482,-8.038196394376095e-07
0.6,300.0,0.02112992517725142,1246588929.384512,667.9626144756559,5.568240056876223e-06,3.783427959548147e-08,6,1.9999019318413132,1.200010010558832,-8.038039558662545e-07
0.6,300.0,0.023201186978958357,1246588929.2493107,667.9052814009342,6.075251744101166e-06,3.783705155377459e-08,6,1.9999019326891754,1.2000100111425018,-8.037850518553599e-07
0.6,300.0,0.02547548430564807,1246588929.0864136,667.8361657178035,6.6197008242269616e-06,3.7840385289077734e-08,6,1.9999019337107218,1.2000100118465522,-8.037622653523309e-07
0.6,300.0,0.0279727197231725,1246588928.8901467,667.7528514576923,7.2014670024062336e-06,3.7844391053562804e-08,6,1.9999019349415337,1.2000100126958202,-8.037347979722466e-07
0.6,300.0,0.030714746747235906,1246588928.6536753,667.6524290012035,7.819296862963588e-06,3.784919922455272e-08,6,1.999901936424473,1.2000100137203569,-8.037016903185088e-07
0.6,300.0,0.03372556108533605,1246588928.3687718,667.531396695923,8.470389732472401e-06,3.785496319837982e-08,6,1.9999019382111354,1.200010014956408,-8.036617877641048e-07
0.6,300.0,0.03703151062520455,1246588928.0255291,667.3855398342166,9.149878362256872e-06,3.786186245456172e-08,6,1.999901940363649,1.2000100164477983,-8.036136827653196e-07
0.6,300.0,0.04066152600737297,1246588927.6056268,667.205281255291,9.849760856172545e-06,3.7872502959385096e-08,6,1.999901942980449,1.2000100182435411,-8.035556148275094e-07
0.6,300.0,0.044647373799624364,1246588927.121998,666.9909027065519,1.0559571630008258e-05,3.78846749950118e-08,6,1.9999019459319516,1.200010020458119,-8.034880414323443e-07
0.6,300.0,0.049023934488881024,1246588926.5394332,666.732659623455,1.126374814903949e-05,3.789919184119543e-08,6,1.9999019494872436,1.2000100231312403,-8.034065679175967e-07
0.6,300.0,0.05382950772325868,1246588925.8377664,666.4216395262554,1.1941658513010314e-05,3.7916459910625955e-08,6,1.9999019537693947,1.2000100263585691,-8.033083343724884e-07
0.6,300.0,0.059106147475486,1246588924.992769,666.0471518562179,1.256648967036882e-05,3.793693336713559e-08,6,1.9999019589262674,1.2000100302559527,-8.031898885291781e-07
0.6,300.0,0.06490003006073211,1246588923.9890673,665.5878756279831,1.3103373270852808e-05,3.796685104801326e-08,6,1.9999019649097858,1.2000100350217462,-8.030503571772618e-07
0.6,300.0,0.07126185822939729,1246588922.796429,665.0392513059485,1.3512585288948006e-05,3.8000453945983937e-08,6,1.999901971988946,1.2000100408094065,-8.028834910903523e-07
0.6,300.0,0.07824730487111635,1246588921.371698,664.3713846971963,1.3744816873769254e-05,3.804545230346937e-08,6,1.999901980339167,1.2000100478502562,-8.026847486036614e-07
0.6,300.0,0.08591750021286539,1246588919.696533,663.5682560955887,1.3748099465485733e-05,3.8100230191346534e-08,6,1.9999019900037562,1.2000100564595997,-8.024499388371156e-07
0.6,300.0,0.09433956677468387,1246588917.6972964,662.5927655826441,1.3467457865047422e-05,3.8171958101475314e-08,6,1.9999020012897848,1.2000100669654312,-8.021714260114071e-07
0.6,300.0,0.10358720676445314,1246588915.3171647,661.4160071217203,1.2855829800589212e-05,3.8260252678692184e-08,6,1.9999020144508286,1.2000100797919977,-8.018408831737629e-07
0.6,300.0,0.11374134705207334,1246460143.1093178,653.1867200309297,0.0006659981373436997,4.559057096233472e-08,6,1.9999170314210164,1.2000064220628945,-6.048403065103966e-07
0.6,300.0,0.12489084736726071,1246460123.8635526,652.7527609797174,0.0006639110861046101,4.431516546182791e-08,6,1.9999171197995718,1.200006414799596,-6.034716936656775e-07
0.6,300.0,0.1371332779184638,1246460107.4342127,651.6732484039183,0.0006414804984691331,4.339649480004797e-08,6,1.9999171938766818,1.2000064141766944,-6.022626011373078e-07
0.6,300.0,0.15057577323790639,1246460092.1176355,650.0094220747615,0.0005971712311041166,4.268112128709144e-08,6,1.9999172608880422,1.2000064190908044,-6.011068270158044e-07
0.6,300.0,0.1653359697248269,1246460077.1452346,647.7160390740856,0.0005304197608582402,4.213282887694286e-08,6,1.999917323707175,1.200006429667014,-5.999522536850709e-07
0.6,300.0,0.18154303509143294,1246460062.1051903,644.7050772673329,0.00044317852856794827,4.1737717876020875e-08,6,1.9999173834756305,1.200006446693988,-5.987697476001851e-07
0.6,300.0,0.19933879872033844,1246460046.7714996,640.8471598286075,0.000341303913910341,4.151004425195124e-08,6,1.9999174402585564,1.200006471504179,-5.975397509243725e-07
0.6,300.0,0.21887899282533668,1246460030.9695299,635.9742440988869,0.0002351966859866738,4.148079820764637e-08,6,1.999917493726432,1.2000065059053995,-5.962430433352459e-07
0.6,300.0,0.24033461527700972,1246460014.6637936,629.8756985191243,0.00013874013843049958,4.1707524161741635e-08,6,1.999917543114532,1.2000065523141625,-5.948581212987266e-07
0.6,300.0,0.26389342601937477,1246459997.854413,622.2845505404975,6.542531660448485e-05,4.227806219873309e-08,6,1.9999175874401909,1.2000066138895629,-5.933560071065091e-07
0.6,300.0,0.2897615901728365,1246328213.8644612,610.3001377171645,0.00258600977225865,4.661503821832332e-08,6,1.9999277641339415,1.2000040597221981,-4.6234843018253695e-07
0.6,300.0,0.318165482202374,1246328170.4137342,600.593714822219,0.0013056976330908044,4.559244928143104e-08,6,1.9999278395626112,1.2000041099182344,-4.602476765387322e-07
0.6,300.0,0.34935366693939,1246328135.2264156,587.6029283946433,0.0004393044253520277,4.614422130994439e-08,6,1.9999278890989682,1.2000041857736186,-4.5811353517232597e-07
0.6,300.0,0.3835990747933107,1246196350.5472999,570.4372406117949,0.008749721824333034,4.9857038497575185e-08,6,1.9999344707419426,1.2000024939365905,-3.7471120871433755e-07
0.6,300.0,0.4212013901883932,1246196297.825256,551.1970017122841,0.002651167486120846,5.062542248446548e-08,6,1.9999345091354226,1.2000025776694245,-3.7185866472711745e-07
0.6,300.0,0.4624896741271517,1246069235.6464393,525.8524654558125,0.025530869245106964,6.007252177188597e-08,6,1.9999386750361483,1.2000014892952984,-3.1876673653133673e-07
0.6,300.0,0.5078252438306721,1246069129.843395,498.66848810266805,0.005474778000292093,5.7587989574379585e-08,6,1.9999387066478724,1.2000015852823538,-3.139035145232538e-07
0.6,300.0,0.5576048346557921,1246069065.1928854,462.9432023701101,0.00014205307202680857,6.49892599393515e-08,6,1.9999387195115694,1.2000016661370374,-3.0971540800190187e-07
0.6,300.0,0.6122640719593427,1245853871.6206737,415.82019739977477,0.00013179047157056565,9.140105822989723e-08,5,1.9999420634690055,1.200000778927702,-2.70488051707662e-07
0.6,300.0,0.6722812832920282,1245853676.4208648,367.8136329836236,9.869893256347445e-08,9.559976396026832e-08,5,1.9999420755271677,1.2000009576142787,-2.713201791020078e-07
0.6,300.0,0.7381816842827723,1245853566.9141884,298.63075616426937,9.733793606926404e-08,1.598045394565778e-07,5,1.9999420786123019,1.200001283411078,-2.7745804693471743e-07
0.6,300.0,0.810541974844553,1104430101.7012508,204.31153023243826,9.558778328042864e-08,3.847937933753105e-07,3,2.0,1.2,0.0
0.6,300.0,0.8899953859235032,1096631497.8752446,229.3529137491473,0.6413687344130806,1.4594072640648402e-06,3,2.0,1.2,0.0
0.6,300.0,0.9772372209558107,1054988980.5821669,621.2081268981441,0.9740697826055685,2.5927994078551137e-06,3,2.0,1.2,0.0
0.6,350.0,0.01,1246942126.0652695,773.5134829075795,1.0358539863325266e-06,3.264596918951353e-08,6,1.9997814240046294,1.2000343762269865,-2.4805559003069645e-06
0.6,350.0,0.010980250419408422,1246942126.0290499,773.4978468340618,1.1355954095340208e-06,3.26469867169408e-08,6,1.999781426600407,1.2000343763124892,-2.480517008183582e-06
0.6,350.0,0.012056589927291887,1246942125.9853983,773.4789940885246,1.2445352538739876e-06,3.2648213720801567e-08,6,1.9997814297288183,1.2000343764158639,-2.4804701347443566e-06
0.6,350.0,0.013238437660578209,1246942125.9327888,773.4562633023257,1.3633899223899797e-06,3.264969320640821e-08,6,1.9997814334992197,1.200034376540791,-2.480413641839778e-06
0.6,350.0,0.01453613606748761,1246942125.8693812,773.4288573845018,1.4928873077157186e-06,3.2651476927574986e-08,6,1.999781438043505,1.2000343766917794,-2.480345551954042e-06
0.6,350.0,0.01596104141516088,1246942125.792958,773.3958154539728,1.6337496656068752e-06,3.265362722584479e-08,6,1.9997814435205827,1.2000343768742014,-2.480263483344191e-06
0.6,350.0,0.017525623169301542,1246942125.7008467,773.355979403124,1.7866693183653142e-06,3.265621912870048e-08,6,1.9997814501219973,1.2000343770946384,-2.4801645649666507e-06
0.6,350.0,0.01924357311551172,1246942125.5898254,773.3079535527912,1.9522749945570267e-06,3.265934288578714e-08,6,1.9997814580786444,1.2000343773609494,-2.4800453357623125e-06
0.6,350.0,0.02112992517725142,1246942125.4560115,773.2500559662947,2.13108602274535e-06,3.2663107033455635e-08,6,1.9997814676687846,1.2000343776826923,-2.479901624335733e-06
0.6,350.0,0.023201186978958357,1246942125.2947261,773.1802599655707,2.323450966419506e-06,3.2667642021494715e-08,6,1.9997814792277488,1.2000343780714473,-2.479728403292036e-06
0.6,350.0,0.02547548430564807,1246942124.9728112,773.1112986863822,2.529833444871697e-06,3.26633965820716e-08,6,1.9997815021799623,1.2000343765857793,-2.4793917003295025e-06
0.6,350.0,0.0279727197231725,1246942124.5458245,773.033080199605,2.749883719399567e-06,3.2655311247819315e-08,6,1.9997815326013098,1.200034374192867,-2.478945951598723e-06
0.6,350.0,0.030714746747235906,1246942124.0314045,772.9388307159222,2.9828139562329047e-06,3.264553215972872e-08,6,1.9997815692519845,1.200034371312877,-2.47840889172758e-06
0.6,350.0,0.03372556108533605,1246942123.5252838,772.8110007424158,3.2268358696976195e-06,3.264315116229887e-08,6,1.9997816050487989,1.2000343696676585,-2.47788162118871e-06
0.6,350.0,0.03703151062520455,1246942122.938159,772.6547524122789,3.479949788917264e-06,3.2641940161040885e-08,6,1.999781646515324,1.2000343680469452,-2.477269360322624e-06
0.6,350.0,0.04066152600737297,1246942122.2737956,772.4605667811096,3.7386319452803148e-06,3.264423738416585e-08,6,1.9997816931842645,1.200034366819463,-2.476579186324469e-06
0.6,350.0,0.044647373799624364,1246942121.5205107,772.2215684181921,3.998047029798734e-06,3.26506018124676e-08,6,1.9997817458257003,1.2000343661236055,-2.4757981226517176e-06
0.6,350.0,0.049023934488881024,1246942120.6940377,771.9228194927236,4.251344424397062e-06,3.266722436488738e-08,6,1.9997818031165029,1.2000343666324864,-2.474944979901646e-06
0.6,350.0,0.05382950772325868,1246942119.7919688,771.5512890447104,4.489676109487262e-06,3.269397655099727e-08,6,1.999781865198923,1.2000343687685846,-2.474015936342811e-06
0.6,350.0,0.059106147475486,1246942118.8893943,771.0822115207878,4.701351929619069e-06,3.2733923993286664e-08,6,1.9997819265524388,1.2000343742842066,-2.4730875629476203e-06
0.6,350.0,0.06490003006073211,1246942117.244853,770.5829926649973,4.876471706699376e-06,3.274654924236513e-08,6,1.9997820373696562,1.2000343729254797,-2.4714450731399816e-06
0.6,350.0,0.07126185822939729,1246942115.077688,770.0046469625099,4.997579564107127e-06,3.274198667218984e-08,6,1.9997821812971728,1.2000343690414619,-2.4693184334834534e-06
0.6,350.0,0.07824730487111635,1246942112.8502755,769.2619257008581,5.043239447565917e-06,3.2766749878467916e-08,6,1.9997823266442951,1.2000343705075807,-2.467155979794763e-06
0.6,350.0,0.08591750021286539,1246942110.334474,768.3473218753192,4.9948171782779965e-06,3.280742828240476e-08,6,1.9997824874777013,1.200034375437636,-2.4647545231583503e-06
0.6,350.0,0.09433956677468387,1246942107.4567926,767.2277912710144,4.833683893195391e-06,3.287003880571771e-08,6,1.9997826674754575,1.2000343844575427,-2.462058289463218e-06
0.6,350.0,0.10358720676445314,1246942100.1115701,766.3612664082319,4.56695117057141e-06,3.2593428406791666e-08,6,1.9997831176064027,1.2000343443764094,-2.455504822079474e-06
0.6,350.0,0.11374134705207334,1246942095.3054278,764.8325310637767,4.148106875927326e-06,3.2614172314619276e-08,6,1.9997834033382569,1.2000343522861254,-2.4512539874130355e-06
0.6,350.0,0.12489084736726071,1246942089.1183062,763.0484916028805,3.60462797850734e-06,3.259517215761063e-08,6,1.9997837568396308,1.200034359955194,-2.4460077082788347e-06
0.6,350.0,0.1371332779184638,1246830730.2098317,757.8354768717498,0.00011763428257073177,3.458676907474655e-08,6,1.999837684542848,1.2000227223033697,-1.6974673484580854e-06
0.6,350.0,0.15057577323790639,1246830716.05396,755.6335134702293,0.00010301146484936273,3.427110778850706e-08,6,1.999838361447847,1.200022653579462,-1.6874356628695315e-06
0.6,350.0,0.1653359697248269,1246830703.5383859,752.4980415121686,8.461550944063077e-05,3.424433307451548e-08,6,1.9998389204116906,1.2000226274210413,-1.679001012846328e-06
0.6,350.0,0.18154303509143294,1246830690.8143032,748.4750416263624,6.406980260757213e-05,3.438747327908402e-08,6,1.9998394424343822,1.200022629714458,-1.6709911345474636e-06
0.6,350.0,0.19933879872033844,1246830674.2369447,743.8182601399178,4.3699389792379034e-05,3.4419279758654256e-08,6,1.9998400577187994,1.2000226359925448,-1.6615505317374666e-06
0.6,350.0,0.21887899282533668,1246830654.2378814,738.2986510378436,2.580256424246325e-05,3.43660325886668e-08,6,1.999840716289356,1.200022662954812,-1.6513656671658576e-06
0.6,350.0,0.24033461527700972,1246712926.9010925,728.9113418023402,0.00045954835381359593,3.6281194771551494e-08,6,1.9998762040298192,1.2000148952427683,-1.1651679025762038e-06
0.6,350.0,0.26389342601937477,1246712882.0064456,722.5940590500016,0.0002601749703240017,3.473044698860431e-08,6,1.9998772455169087,1.200014824996772,-1.1492963394580328e-06
0.6,350.0,0.2897615901728365,1246712848.4748538,713.0383810375602,0.00011101654448860143,3.442900746090582e-08,6,1.999877889272982,1.20001488211896,-1.1387199958510119e-06
0.6,350.0,0.318165482202374,1246712817.9129379,700.6385552427012,3.105292552516653e-05,3.480421317714317e-08,6,1.9998783462965641,1.2000150300467336,-1.1303672777647467e-06
0.6,350.0,0.34935366693939,1246588973.012612,682.7679003597825,0.0004278110241311253,3.772759692545373e-08,6,1.9999016046817026,1.2000098031454698,-8.162667833447983e-07
0.6,350.0,0.3835990747933107,1246588922.6754348,665.0241450653277,7.450611585151376e-05,3.799828665550201e-08,6,1.9999019727071323,1.2000099705895164,-8.085065638173649e-07
0.6,350.0,0.4212013901883932,1246460044.73996,640.5132545209575,0.0007120805592034935,4.1455386831757575e-08,6,1.9999174474090116,1.2000064138985125,-6.025584846293507e-07
0.6,350.0,0.4624896741271517,1246328212.5982058,611.246338684754,0.004415544197837574,4.6331545775309153e-08,6,1.9999277665105395,1.200004007816447,-4.670210331281031e-07
0.6,350.0,0.5078252438306721,1246196370.1323676,579.2752563083279,0.018165047395090984,4.942584378869199e-08,6,1.9999344540558655,1.2000024282666624,-3.796933405224662e-07
0.6,350.0,0.5576048346557921,1246069240.8349006,540.9624959539692,0.05255057013496494,5.681923900661892e-08,6,1.9999386733356697,1.20000142921466,-3.234874009597855e-07
0.6,350.0,0.6122640719593427,1246069109.8658185,490.2968857219146,0.0042778878357688475,5.853201733164925e-08,6,1.999938711319292,1.2000015942064834,-3.152861657261816e-07
0.6,350.0,0.6722812832920282,1245958455.247138,428.44852749460915,0.00014756982265745134,7.728830661310126e-08,6,1.9999407708162105,1.2000011387780898,-2.848448783642307e-07
0.6,350.0,0.7381816842827723,1245853654.7944274,355.84607922684773,9.817530501615042e-08,1.0276845499849247e-07,5,1.9999420763378917,1.200001007179971,-2.719784484806252e-07
0.6,350.0,0.810541974844553,1245713085.9558547,238.92779239941228,9.708342795300066e-08,3.0389055524158645e-07,5,1.9999437752952818,1.2000013501818687,-2.7072847661939964e-07
0.6,350.0,0.8899953859235032,1101795437.8320847,136.612477753443,9.371476671917397e-08,7.024036087671244e-07,3,2.0,1.2,0.0
0.6,350.0,0.9772372209558107,1057578957.6829247,658.3345386935758,0.9714821766931505,2.0744726214629703e-06,3,2.0,1.2,0.0
0.6,400.0,0.01,1247348837.915076,880.9828073555392,9.970172355848167e-08,2.670000623244199e-08,6,1.998626389364214,1.200251341840519,-1.921250189095732e-05
0.6,400.0,0.010980250419408422,1247348837.8945937,880.9635117493458,9.993234217636026e-08,2.6701816000663787e-08,6,1.998626413917586,1.2002513421720238,-1.9212162313908938e-05
0.6,400.0,0.012056589927291887,1247348837.8699,880.9402484191332,9.967538743391654e-08,2.670399789435117e-08,6,1.9986264435194485,1.2002513425718964,-1.9211752915966982e-05
0.6,400.0,0.013238437660578209,1247348837.8401272,880.9122018902464,9.992621013238955e-08,2.6706628448874522e-08,6,1.9986264792098523,1.2002513430538946,-1.921125931120758e-05
0.6,400.0,0.01453613606748761,1247348837.804232,880.878388796394,9.99687064612829e-08,2.6709799882298636e-08,6,1.9986265222397732,1.2002513436351467,-1.9210664198934196e-05
0.6,400.0,0.01596104141516088,1247348837.760955,880.837623837996,9.984168976038089e-08,2.6713623375171515e-08,6,1.9986265741182712,1.2002513443361387,-1.920994670827405e-05
0.6,400.0,0.017525623169301542,1247348837.7087786,880.7884783286474,9.983659067149175e-08,2.671823295986546e-08,6,1.9986266366653633,1.2002513451814156,-1.9209081666863022e-05
0.6,400.0,0.01924357311551172,1247348837.6458724,880.7292301635769,9.998222154441556e-08,2.6723790192825344e-08,6,1.9986267120749026,1.200251346200706,-1.9208038731978877e-05
0.6,400.0,0.02112992517725142,1247348837.5700305,880.6578036515881,9.991336772635531e-08,2.6730489795160268e-08,6,1.998626802991173,1.2002513474300092,-1.92067813312845e-05
0.6,400.0,0.023201186978958357,1247348837.4842777,880.5698648278769,9.996129211123982e-08,2.67385666344218e-08,6,1.9986269042116327,1.2002513505643648,-1.9205392771753706e-05
0.6,400.0,0.02547548430564807,1247348837.3856306,880.4643996559829,9.971742783675333e-08,2.6747736256804962e-08,6,1.998627019705688,1.2002513555937024,-1.9203811773864755e-05
0.6,400.0,0.0279727197231725,1247348837.266696,880.3372618348233,9.986981416953451e-08,2.6758790758180185e-08,6,1.9986271589519549,1.2002513616585004,-1.9201905633130084e-05
0.6,400.0,0.030714746747235906,1247348837.1233017,880.1840018469247,9.97037306868674e-08,2.677211735241526e-08,6,1.9986273268350288,1.200251368972254,-1.9199607486871252e-05
0.6,400.0,0.03372556108533605,1247348836.9504182,879.9992590602733,9.984637480932886e-08,2.678818264568739e-08,6,1.9986275292435551,1.2002513777926742,-1.919683672520648e-05
0.6,400.0,0.03703151062520455,1247348836.738942,879.7764302323984,9.981565610460748e-08,2.680764453307644e-08,6,1.9986277767451865,1.2002513877747354,-1.9193446974975343e-05
0.6,400.0,0.04066152600737297,1247348836.3089206,879.5313365956351,9.994139032099062e-08,2.682683781951606e-08,6,1.9986282739484462,1.2002513611114358,-1.91864181764649e-05
0.6,400.0,0.044647373799624364,1247348835.8708365,879.2242632067615,9.970264396104131e-08,2.6853192707757934e-08,6,1.9986287779625909,1.2002513475378962,-1.917935770084938e-05
0.6,400.0,0.049023934488881024,1247348835.554199,878.8273791787705,9.97645741258354e-08,2.68919879451683e-08,6,1.9986291345995677,1.200251380028934,-1.9174556009555403e-05
0.6,400.0,0.05382950772325868,1247348835.1599247,878.3499642556837,9.996126444697732e-08,2.6938711429654416e-08,6,1.9986295778965975,1.2002514166545453,-1.9168571959105735e-05
0.6,400.0,0.059106147475486,1247348834.5108225,877.7977739522004,9.9697619390676e-08,2.6990441371137677e-08,6,1.9986302966347458,1.2002514249231309,-1.9158631222101493e-05
0.6,400.0,0.06490003006073211,1247348833.8951719,877.1091281197452,9.991033896028203e-08,2.7053812557492868e-08,6,1.9986309638599453,1.200251473804008,-1.9149598116497535e-05
0.6,400.0,0.07126185822939729,1247348832.8791919,876.3142191391801,9.990265017873603e-08,2.7125112189188126e-08,6,1.9986320482277695,1.2002514781904077,-1.9134570513729463e-05
0.6,400.0,0.07824730487111635,1247348831.950634,875.3181658466116,9.97181050973472e-08,2.722232043125814e-08,6,1.9986330115392492,1.2002515507099287,-1.912154190993815e-05
0.6,400.0,0.08591750021286539,1247348830.6636114,874.1381823736093,9.971334885444519e-08,2.7329450667365246e-08,6,1.9986343096661954,1.2002516116072837,-1.9103819328844892e-05
0.6,400.0,0.09433956677468387,1247348829.313895,872.6891946072449,9.977065162747015e-08,2.7474296583803433e-08,6,1.9986356252389823,1.2002517341180392,-1.9086149407570503e-05
0.6,400.0,0.10358720676445314,1247348826.94227,871.0365386943561,9.95965388175527e-08,2.7607856067798038e-08,6,1.998637834053914,1.2002517601256337,-1.9055652296583877e-05
0.6,400.0,0.11374134705207334,1247348825.00293,868.9276894499708,9.996529098093587e-08,2.7820189226149275e-08,6,1.9986395513268487,1.2002519776351404,-1.903288691870429e-05
0.6,400.0,0.12489084736726071,1247348822.0005352,866.4685035586529,9.965045098024509e-08,2.8043332586418206e-08,6,1.9986420637652826,1.2002521540323101,-1.8998937139444696e-05
0.6,400.0,0.1371332779184638,1247348819.3077655,863.3849133777313,9.973723833041445e-08,2.837315892706276e-08,6,1.9986441459391797,1.2002525552835384,-1.8972050227789078e-05
0.6,400.0,0.15057577323790639,1247251866.4587703,860.9109351816537,6.810671381750671e-07,2.7986711395026787e-08,6,1.999221555956105,1.2001399543324136,-1.050201354102499e-05
0.6,400.0,0.1653359697248269,1247251854.202912,857.3734079629419,4.5032389625526844e-07,2.7968172223985073e-08,6,1.9992296963412,1.2001389876480375,-1.0384200838306381e-05
0.6,400.0,0.18154303509143294,1247251844.249142,852.515466524016,2.580738091481659e-07,2.826006922527622e-08,6,1.9992355606869694,1.2001386010230397,-1.030035278999551e-05
0.6,400.0,0.19933879872033844,1247251833.2497633,846.5430632345115,1.226925520863381e-07,2.867588478731099e-08,6,1.9992411551027,1.2001384266786175,-1.0221056782713688e-05
0.6,400.0,0.21887899282533668,1247251823.218183,838.9402181784588,9.960560845109285e-08,2.9430487886457893e-08,6,1.9992454469992291,1.2001387113047401,-1.0161581957711821e-05
0.6,400.0,0.24033461527700972,1247152049.6731355,830.1759923460826,3.5938148883530383e-06,2.9955629684735755e-08,6,1.9995188883279529,1.2000847622840896,-6.21458783575266e-06
0.6,400.0,0.26389342601937477,1247152023.3274326,820.2546575296274,1.1188012035501864e-06,3.043351380352125e-08,6,1.9995260312467844,1.2000843257061595,-6.111963470648889e-06
0.6,400.0,0.2897615901728365,1247049077.9035761,806.8912167775742,2.3612916581269095e-05,3.174103807904478e-08,6,1.9996797630443837,1.2000537715279542,-3.92001707716361e-06
0.6,400.0,0.318165482202374,1247049026.9138608,793.7316414332308,5.121205924447357e-06,3.165317800335201e-08,6,1.9996870947269054,1.20005319146518,-3.813636804749785e-06
0.6,400.0,0.34935366693939,1246942134.0293736,775.8881454575517,4.776075026792958e-05,3.26056706411592e-08,6,1.9997808349180846,1.200034277459639,-2.491524111508364e-06
0.6,400.0,0.3835990747933107,1246830708.257144,753.877263600243,0.00022614061989184714,3.4221581786629e-08,6,1.9998387145995447,1.2000225283761323,-1.6845111380047746e-06
0.6,400.0,0.4212013901883932,1246712914.2827914,728.175443942869,0.0007301641065806793,3.566129006346755e-08,6,1.9998765111239167,1.2000147686238576,-1.163137288118177e-06
0.6,400.0,0.4624896741271517,1246589064.4612494,692.793009461637,0.001720575823623863,4.171411640347778e-08,6,1.9999006834104736,1.2000097512935952,-8.337366482964432e-07
0.6,400.0,0.5078252438306721,1246069224.2422683,752.356111884717,0.3194195551017784,4.375794990983521e-08,6,1.9999386787571882,1.2000010565546089,-3.361410111522277e-07
0.6,400.0,0.5576048346557921,1246069140.8435578,670.9973117754794,0.2557272540506336,4.4927925219763925e-08,6,1.9999387038386403,1.200001154551977,-3.332445187895215e-07
0.6,400.0,0.6122640719593427,1246069161.661337,574.5344565273535,0.12173304523957867,4.72197472453336e-08,6,1.999938698115419,1.2000013209182423,-3.2943889560121867e-07
0.6,400.0,0.6722812832920282,1246069109.5928433,491.3713464072198,0.006699989478190003,5.8219272385565104e-08,6,1.9999387113788683,1.200001572651089,-3.197523833562229e-07
0.6,400.0,0.7381816842827723,1245853784.490934,406.4699144933038,4.7411043889000606e-05,8.402930401310824e-08,5,1.9999420697043668,1.200000815615791,-2.7039450239427166e-07
0.6,400.0,0.810541974844553,1245853569.7182243,300.5327676427697,9.862512566762736e-08,1.5714458772750168e-07,5,1.9999420785595399,1.2000012742929322,-2.7724835442228175e-07
0.6,400.0,0.8899953859235032,1102857303.2843184,157.85855507712043,9.468946009630899e-08,5.667433057678861e-07,3,2.0,1.2,0.0
0.6,400.0,0.9772372209558107,1059924864.4958007,667.3582160227769,0.967896803870762,1.8030367807509019e-06,3,2.0,1.2,0.0
0.6,450.0,0.01,1247534160.8632534,980.447476377585,9.980106529387037e-08,2.4063062354741053e-08,6,1.9865776904642587,1.2023342640758108,-0.00020262862748253823
0.6,450.0,0.010980250419408422,1247534160.8499556,980.4248010434966,9.957049703514145e-08,2.406507048199467e-08,6,1.9865778740842788,1.2023342824187306,-0.00020262646205221056
0.6,450.0,0.012056589927291887,1247534160.8339226,980.397462675706,9.959313374108533e-08,2.4067491724121228e-08,6,1.9865780954719168,1.2023343045341743,-0.00020262385124566687
0.6,450.0,0.013238437660578209,1247534160.8145921,980.3645025256409,9.95384297647889e-08,2.4070411045157833e-08,6,1.986578362393369,1.2023343311985422,-0.00020262070349632278
0.6,450.0,0.01453613606748761,1247534160.7912858,980.3247646969629,9.970098391310135e-08,2.407393093872874e-08,6,1.9865786842148205,1.202334363347775,-0.00020261690837119125
0.6,450.0,0.01596104141516088,1247534160.763186,980.2768556564529,9.973479629768514e-08,2.4078174981739735e-08,6,1.9865790722250756,1.2023344021109559,-0.00020261233279088582
0.6,450.0,0.017525623169301542,1247534160.7341928,980.2181926162532,9.962123499372296e-08,2.4083249646023034e-08,6,1.9865794723233676,1.2023344609297035,-0.00020260786023863596
0.6,450.0,0.01924357311551172,1247534160.6999726,980.1476773896466,9.969534520042008e-08,2.4089248406127163e-08,6,1.986579944519899,1.2023345336332631,-0.0002026026212590787
0.6,450.0,0.02112992517725142,1247534160.6587126,980.0626629204968,9.988688814923509e-08,2.4096481965360565e-08,6,1.9865805138567283,1.2023346212955972,-0.00020259630474710725
0.6,450.0,0.023201186978958357,1247534160.6089647,979.9601686290401,9.977634078071287e-08,2.4105204719418783e-08,6,1.9865812003165892,1.2023347269974163,-0.0002025886891807852
0.6,450.0,0.02547548430564807,1247534160.5489814,979.8366014562705,9.980212299096199e-08,2.4115723692766642e-08,6,1.9865820280110151,1.2023348544524237,-0.00020257950726204182
0.6,450.0,0.0279727197231725,1247534160.4766562,979.6876304946522,9.986301236511676e-08,2.4128409311755536e-08,6,1.9865830260093889,1.2023350081410944,-0.0002025684368366996
0.6,450.0,0.030714746747235906,1247534160.3605895,979.5114735038028,9.959835064278007e-08,2.4144489325139633e-08,6,1.986584626895499,1.202335122711879,-0.00020254897951658615
0.6,450.0,0.03372556108533605,1247534160.2160852,979.2999065767993,9.971390901184102e-08,2.416392418617066e-08,6,1.9865866199316666,1.2023352496527526,-0.00020252455424479295
0.6,450.0,0.03703151062520455,1247534160.0958967,979.0376730911375,9.967772345656083e-08,2.41863257196137e-08,6,1.9865882767596659,1.2023355357081529,-0.00020250658276897642
0.6,450.0,0.04066152600737297,1247534159.9670339,978.719736202971,9.986659142789681e-08,2.421292882306803e-08,6,1.98659005280791,1.2023359202224497,-0.0002024883230527392
0.6,450.0,0.044647373799624364,1247534159.627733,978.359556922231,9.977131397557537e-08,2.4238397711432987e-08,6,1.9865947279608271,1.2023359324501472,-0.00020242736058117246
0.6,450.0,0.049023934488881024,1247534159.2819188,977.9172508860672,9.961603191010304e-08,2.427774108326959e-08,6,1.9865994906224804,1.20233610303053,-0.000202367306836564
0.6,450.0,0.05382950772325868,1247534158.9941642,977.367717512499,9.961089492230846e-08,2.4322793570799614e-08,6,1.9866034509750679,1.202336626798149,-0.00020232231452614222
0.6,450.0,0.059106147475486,1247443158.8064992,989.2967433563165,3.933798906399276e-06,2.1115316545068645e-08,6,1.9960943415205112,1.2006633238464068,-5.676208363302294e-05
0.6,450.0,0.06490003006073211,1247443155.507689,988.9493510035688,4.0818572697369514e-06,2.1022076451125776e-08,6,1.996141582069483,1.2006555271571013,-5.6054543435343e-05
0.6,450.0,0.07126185822939729,1247443152.906242,988.3171362410138,4.178086536710188e-06,2.0982864693126773e-08,6,1.9961788123748805,1.2006495782706965,-5.549898267689177e-05
0.6,450.0,0.07824730487111635,1247443150.5604484,987.4323415685202,4.2082750801731795e-06,2.0977380862443883e-08,6,1.9962123533872602,1.2006443870297578,-5.5000097376750837e-05
0.6,450.0,0.08591750021286539,1247443148.3131652,986.2758701104876,4.1564711762632015e-06,2.1001729526109764e-08,6,1.9962444493707758,1.2006395817513051,-5.452418508757667e-05
0.6,450.0,0.09433956677468387,1247443146.0631628,984.8080203535467,4.007596368617358e-06,2.1056718755980575e-08,6,1.9962765338676314,1.200634937969177,-5.405000806341447e-05
0.6,450.0,0.10358720676445314,1247443143.7615066,982.9781514089037,3.750503757232221e-06,2.114384182543924e-08,6,1.9963092899987045,1.2006303645897594,-5.3567175744931104e-05
0.6,450.0,0.11374134705207334,1247443141.2473674,980.730455599631,3.3819504574277065e-06,2.1261837156192538e-08,6,1.9963449907781932,1.2006254987866867,-5.30420375817111e-05
0.6,450.0,0.12489084736726071,1247443138.1652052,978.0303122449014,2.9113855565265723e-06,2.1405648309898078e-08,6,1.9963886414159975,1.2006194953012703,-5.2399645945788975e-05
0.6,450.0,0.1371332779184638,1247443134.5060947,974.7676463704653,2.3626861587905043e-06,2.158422633267132e-08,6,1.9964402775941552,1.2006123893892424,-5.163981396730225e-05
0.6,450.0,0.15057577323790639,1247443130.458163,970.7809311826426,1.7770919037461857e-06,2.1820633998253927e-08,6,1.9964971897874662,1.2006047129483604,-5.080374729179122e-05
0.6,450.0,0.1653359697248269,1247443126.6261187,965.8123390066494,1.21019722222694e-06,2.2169403221281092e-08,6,1.99655078126713,1.2005980677935266,-5.0020839681555805e-05
0.6,450.0,0.18154303509143294,1247443121.5414011,959.8876901497289,7.242860646522389e-07,2.2575378110338452e-08,6,1.9966169431316994,1.2005896883337206,-4.905294774559604e-05
0.6,450.0,0.19933879872033844,1247443117.2088556,952.4672810861008,3.637005383347895e-07,2.286977401040041e-08,6,1.9966642695580765,1.2005853388245398,-4.837271572189773e-05
0.6,450.0,0.21887899282533668,1247443114.7479234,943.0959759256207,1.435427821310993e-07,2.3713614797236836e-08,6,1.9966827574540944,1.2005870675290826,-4.813241790690795e-05
0.6,450.0,0.24033461527700972,1247443107.6858845,932.3509082565697,9.963899869562569e-08,2.4649930037658757e-08,6,1.9967263508409627,1.2005852433317243,-4.7522907711278175e-05
0.6,450.0,0.26389342601937477,1247443098.6709182,919.4109104824981,9.998393701273158e-08,2.5828405725289155e-08,6,1.9967653590681145,1.2005855224204265,-4.6991717966945815e-05
0.6,450.0,0.2897615901728365,1247443087.4075687,903.79457089182,9.954115222662884e-08,2.73417229563457e-08,6,1.9967978663799997,1.2005886211148264,-4.657097947455323e-05
0.6,450.0,0.318165482202374,1247348852.5076368,891.0485616172919,2.1165989921208237e-07,2.599308776401805e-08,6,1.9986062045757333,1.2002522470610741,-1.949502872402306e-05
0.6,450.0,0.34935366693939,1247348825.4077446,869.5208262196642,9.960991088313556e-08,2.7756619212308374e-08,6,1.9986392007503424,1.200251697459712,-1.9034632455504486e-05
0.6,450.0,0.3835990747933107,1247251831.6460516,845.8352913337252,2.1486450635495958e-07,2.871977643972593e-08,6,1.999241902199254,1.20013822866797,-1.0208540734740807e-05
0.6,450.0,0.4212013901883932,1247152014.7201107,815.8056346384976,1.008329472007842e-06,3.0806933289420836e-08,6,1.9995279332162792,1.2000842332868347,-6.08391408489774e-06
0.6,450.0,0.4624896741271517,1246942152.9056022,780.763176211294,0.00010686678680797275,3.2653994258953715e-08,6,1.9997793028924205,1.200034270581556,-2.513901679274993e-06
0.6,450.0,0.5078252438306721,1246830658.922498,739.5842790993457,7.121270993510764e-05,3.438788828193636e-08,6,1.9998405695426769,1.2000224822511258,-1.6567919482202698e-06
0.6,450.0,0.5576048346557921,1246069163.3288646,842.4528963111574,0.40063026550557373,4.356032742844488e-08,6,1.999938697636687,1.2000009599730528,-3.3868206735095057e-07
0.6,450.0,0.6122640719593427,1246069098.4952955,715.0843561399807,0.3247522641229219,4.951708430852402e-08,6,1.9999387137083744,1.2000010837080337,-3.3571943754099043e-07
0.6,450.0,0.6722812832920282,1246069121.4936647,569.0612946792253,0.13375872403757394,4.7945469069630685e-08,6,1.9999387086710918,1.2000012982674528,-3.325732317339141e-07
0.6,450.0,0.7381816842827723,1246069058.726419,458.3409480637717,0.0002680147411745745,6.646277293134238e-08,6,1.9999387204331973,1.2000016554500623,-3.157489957712068e-07
0.6,450.0,0.810541974844553,1245853635.4994082,344.19706990553493,9.915188748265311e-08,1.1112768212742197e-07,5,1.9999420769665905,1.2000010589429295,-2.728031261965818e-07
0.6,450.0,0.8899953859235032,1103755255.9477956,181.55874772392323,9.71385172358648e-08,4.5900346736782247e-07,3,2.0,1.2,0.0
0.6,450.0,0.9772372209558107,1062088660.7020669,656.6855771795044,0.9633680970213296,1.6568653676064928e-06,3,2.0,1.2,0.0
0.6,500.0,0.01,1247621456.1306975,1072.5608099891494,9.989143405085782e-08,1.9948411793206177e-08,6,1.9519298792688844,1.2077177161328692,-0.0007369780393900915
0.6,500.0,0.010980250419408422,1247621456.1100936,1072.5363473329708,9.966098550349598e-08,1.9949947581665836e-08,6,1.9519301798589406,1.2077178419656418,-0.0007369759214239489
0.6,500.0,0.012056589927291887,1247621456.0852523,1072.5068545861302,9.969312720517752e-08,1.9951799171963895e-08,6,1.951930542268586,1.2077179936835258,-0.0007369733679868233
0.6,500.0,0.013238437660578209,1247621456.0553024,1072.4712976193866,9.96548894727376e-08,1.995403148165534e-08,6,1.9519309792074797,1.2077181766137721,-0.0007369702896369761
0.6,500.0,0.01453613606748761,1247621456.019193,1072.4284298856123,9.982261319868379e-08,1.995672278674928e-08,6,1.9519315060079099,1.20771839717914,-0.0007369665784254675
0.6,500.0,0.01596104141516088,1247621455.9756577,1072.3767486373272,9.987848422236874e-08,1.995996742165597e-08,6,1.951932141143057,1.207718663127083,-0.000736962104428405
0.6,500.0,0.017525623169301542,1247621455.9423316,1072.3112039208725,9.999123798359154e-08,1.9964185643672803e-08,6,1.9519326270186441,1.2077190306481893,-0.0007369610889274112
0.6,500.0,0.01924357311551172,1247621455.9075382,1072.2320356713367,1.0672270355992642e-07,1.9969155408963867e-08,6,1.9519331341534318,1.2077194868930292,-0.0007369610846504705
0.6,500.0,0.02112992517725142,1247621455.8655865,1072.1365888020239,1.1623268380434175e-07,1.9975148220713853e-08,6,1.951933745624528,1.2077200370384564,-0.0007369610802677642
0.6,500.0,0.023201186978958357,1247621455.8150048,1072.0215171033456,1.263769407393349e-07,1.99823746853945e-08,6,1.951934482883706,1.2077207004316872,-0.0007369610764586201
0.6,500.0,0.02547548430564807,1247621455.754017,1071.8827866859374,1.3712711649669314e-07,1.9991089053533672e-08,6,1.9519353718169623,1.2077215004109207,-0.0007369610739942616
0.6,500.0,0.0279727197231725,1247621455.6804812,1071.7155351483975,1.484261865039465e-07,2.0001598133071977e-08,6,1.9519364436480422,1.2077224651343201,-0.0007369610739888896
0.6,500.0,0.030714746747235906,1247621455.5918143,1071.513901343817,1.6017920442350122e-07,2.0014272142859188e-08,6,1.9519377360226704,1.2077236285847932,-0.0007369610783920567
0.6,500.0,0.03372556108533605,1247621455.4370375,1071.2771693087957,1.7224944043458696e-07,2.0028965045686653e-08,6,1.9519399910658388,1.2077249152525669,-0.0007369502170905312
0.6,500.0,0.03703151062520455,1247621455.2255912,1070.9955872635303,1.8443057078589148e-07,2.0046252548133596e-08,6,1.9519430714281794,1.207726406615499,-0.0007369314821172997
0.6,500.0,0.04066152600737297,1247621455.022303,1070.6484661513307,1.9642723649002727e-07,2.0067167578511572e-08,6,1.9519460314382735,1.2077283318790977,-0.0007369206928910646
0.6,500.0,0.044647373799624364,1247621454.794566,1070.2280016576153,2.078690187032277e-07,2.0092281559425632e-08,6,1.9519493468198899,1.207730696905606,-0.0007369116596228631
0.6,500.0,0.049023934488881024,1247621454.382765,1069.7396329297615,2.1830388606292333e-07,2.012293364308862e-08,6,1.9519553390558422,1.207733216243931,-0.0007368696624612195
0.6,500.0,0.05382950772325868,1247621454.1132932,1069.1197390705288,2.2706812382274714e-07,2.016113499248183e-08,6,1.9519592577015543,1.2077368105830593,-0.0007368707063207323
0.6,500.0,0.059106147475486,1247621453.257615,1068.4458443427286,2.3359721709889175e-07,2.0192336072838667e-08,6,1.9519716955890918,1.2077398550164233,-0.000736751597990753
0.6,500.0,0.06490003006073211,1247621452.4423573,1067.603546448852,2.3694025571633013e-07,2.023677510653305e-08,6,1.9519835344627876,1.2077440602397331,-0.000736657413517079
0.6,500.0,0.07126185822939729,1247621451.848981,1066.533726935845,2.3617102730938969e-07,2.0301934803338843e-08,6,1.9519921422424131,1.207750090307086,-0.000736632534379896
0.6,500.0,0.07824730487111635,1247621450.9913912,1065.2635404572563,2.3052900636640126e-07,2.038302897130459e-08,6,1.9520045706719031,1.2077570295199669,-0.0007365707732723244
0.6,500.0,0.08591750021286539,1247621450.2700288,1063.6884946418645,2.1920187939224716e-07,2.0488960959174855e-08,6,1.9520150075613143,1.2077661812237654,-0.0007365677457366202
0.6,500.0,0.09433956677468387,1247621449.3935459,1061.7896925860512,2.0184496442371597e-07,2.0619441069786905e-08,6,1.9520276684494053,1.2077772329741079,-0.0007365634744469009
0.6,500.0,0.10358720676445314,1247621448.275062,1059.5075781945682,1.7859717546886576e-07,2.0778478775106006e-08,6,1.9520437891313123,1.2077904580966796,-0.0007365458106693913
0.6,500.0,0.11374134705207334,1247621447.1104496,1056.7300318845184,1.5030316855284744e-07,2.09746002331483e-08,6,1.9520605304485026,1.2078069252465762,-0.0007365679195929551
0.6,500.0,0.12489084736726071,1247621445.6402488,1053.3873402261868,1.1877796584336132e-07,2.12162140838372e-08,6,1.9520815998180319,1.2078267272935852,-0.0007365826363052292
0.6,500.0,0.1371332779184638,1247621443.7879727,1049.3636523394093,9.974145540552031e-08,2.1509260666375233e-08,6,1.9521080434395974,1.2078505678662625,-0.0007365868846682076
0.6,500.0,0.15057577323790639,1247621440.615289,1044.6370816281983,9.953727146028128e-08,2.1828234848791567e-08,6,1.9521531444869928,1.2078772556660604,-0.0007363891126584211
0.6,500.0,0.1653359697248269,1247621437.3128808,1038.8641520797385,9.951831903889944e-08,2.224379487455466e-08,6,1.952199830801454,1.2079110393699948,-0.0007362771590340655
0.6,500.0,0.18154303509143294,1247621433.0928652,1031.9266836289562,9.942790865149791e-08,2.2753617788101666e-08,6,1.952259126422503,1.2079516860025583,-0.0007361041729534706
0.6,500.0,0.19933879872033844,1247621427.4575264,1023.6200243333735,9.941968532537408e-08,2.3365905647232802e-08,6,1.9523377085074463,1.2080000919734388,-0.0007357980753895454
0.6,500.0,0.21887899282533668,1247621422.190605,1013.3973763493742,9.935907734912981e-08,2.4208062504143592e-08,6,1.952410399778093,1.2080632677612715,-0.0007357963887331447
0.6,500.0,0.24033461527700972,1247534204.0407739,1030.2647873057886,2.875459962724141e-06,2.0760656103841087e-08,6,1.9859617938616905,1.2023268199693864,-0.0002106357120379774
0.6,500.0,0.26389342601937477,1247534186.0838656,1017.12042658526,8.450807034952105e-07,2.134232142073004e-08,6,1.986221652891415,1.2023137869712512,-0.0002070400524286754
0.6,500.0,0.2897615901728365,1247534172.0864105,1000.1935788831042,1.4700403562294949e-07,2.2455358576262047e-08,6,1.9864210789018928,1.202317493120638,-0.000204461953592785
0.6,500.0,0.318165482202374,1247534160.0898793,979.0227484722946,9.963799660416264e-08,2.418756840601038e-08,6,1.9865883596949312,1.2023351111743494,-0.00020249456542380647
0.6,500.0,0.34935366693939,1247443128.7795594,968.8413517662523,3.473933925497867e-06,2.1949721466291262e-08,6,1.9965207031496075,1.2006013115480743,-5.0449817266387484e-05
0.6,500.0,0.3835990747933107,1247443111.3073804,938.2240983212896,1.3964472891228662e-07,2.4120490201894473e-08,6,1.996705736866406,1.200585381017457,-4.780022132361255e-05
0.6,500.0,0.4212013901883932,1247443085.385598,901.5754480790749,9.951336707163567e-08,2.7557981493033488e-08,6,1.996802383643391,1.200588886139006,-4.650725460172085e-05
0.6,500.0,0.4624896741271517,1247348820.414482,864.7114408079173,9.970562407840668e-08,2.8227218291052652e-08,6,1.9986433117337372,1.2002520137261155,-1.8976236168581435e-05
0.6,500.0,0.5078252438306721,1247152018.8702455,817.7110575816521,1.5828824285974444e-06,3.066203430377904e-08,6,1.9995270414405166,1.2000841071024853,-6.094436136242018e-06
0.6,500.0,0.5576048346557921,1246196343.6052856,922.0342299912987,0.38831817955035686,3.9276028491495205e-08,6,1.9999344763897615,1.2000016545779653,-3.9479402472612216e-07
0.6,500.0,0.6122640719593427,1246069115.5692766,894.9044728932731,0.45176700400683295,4.768504940896182e-08,6,1.9999387100466093,1.2000009109411798,-3.394155449951161e-07
0.6,500.0,0.6722812832920282,1245958442.4051547,797.3419694714728,0.46528953769035397,5.982182179242659e-08,6,1.9999407719465168,1.200000575739882,-3.1164566693677367e-07
0.6,500.0,0.7381816842827723,1245853779.7994199,560.8815372547319,0.2770472179929268,6.334698825781178e-08,5,1.999942070011989,1.2000004304504406,-2.943315823725349e-07
0.6,500.0,0.810541974844553,1245853710.193652,383.76620791220313,1.3772881072060592e-07,8.826267154720511e-08,5,1.9999420740199463,1.2000008963928632,-2.7072004721224347e-07
0.6,500.0,0.8899953859235032,1104509599.2994566,207.34585665654672,9.794031735911689e-08,3.764669015175646e-07,3,2.0,1.2,0.0
0.6,500.0,0.9772372209558107,1064044167.669109,640.294392376792,0.9583485720969751,1.5708198216848523e-06,3,2.0,1.2,0.0
0.6,550.0,0.01,1247691551.2074628,1010.9818911884732,1.1422656929487826e-07,3.310315529636926e-08,6,1.721897479909547,1.2469679928814992,-0.004473582415739597
0.6,550.0,0.010980250419408422,1247691548.6137207,1010.9776874412356,1.2532015063391533e-07,3.310271461537031e-08,6,1.721928462071372,1.2469629585698359,-0.0044730725158659505
0.6,550.0,0.012056589927291887,1247691545.4868436,1010.9726184657849,1.3746742487988017e-07,3.310218330052766e-08,6,1.7219658125119464,1.2469568891521388,-0.004472457801805868
0.6,550.0,0.013238437660578209,1247691541.7172854,1010.9665063925444,1.5076060919216443e-07,3.310154268150327e-08,6,1.72201083975673,1.2469495717770507,-0.004471716733783618
0.6,550.0,0.01453613606748761,1247691537.3460011,1010.9577227547923,1.6530658459202755e-07,3.31007619352241e-08,6,1.7220630543547257,1.2469411995826665,-0.004470859718278941
0.6,550.0,0.01596104141516088,1247691533.1234753,1010.9350448138633,1.8106880903315844e-07,3.3101647511233066e-08,6,1.7221134900135229,1.2469336305286496,-0.0044700409792889735
0.6,550.0,0.017525623169301542,1247691528.0331044,1010.907704850002,1.9823307668275407e-07,3.310271501414715e-08,6,1.7221742915857485,1.246924504671902,-0.004469053945275086
0.6,550.0,0.01924357311551172,1247691521.896621,1010.8747453700539,2.1689056687006006e-07,3.310400174248555e-08,6,1.7222475883745956,1.2469135016747381,-0.004467864035834689
0.6,550.0,0.02112992517725142,1247691514.499189,1010.8350125969023,2.3712647660588638e-07,3.310555260983376e-08,6,1.7223359464747903,1.2469002352358782,-0.004466429572232441
0.6,550.0,0.023201186978958357,1247691507.1301725,1010.768361253383,2.5883600836311914e-07,3.311084919972698e-08,6,1.7224239682371685,1.2468880480698412,-0.004465019453556527
0.6,550.0,0.02547548430564807,1247691498.667402,1010.6849619415602,2.8207432569932046e-07,3.3117275616451815e-08,6,1.7225250555015739,1.246874345948399,-0.004463405006638506
0.6,550.0,0.0279727197231725,1247691488.477204,1010.5851009853959,3.069580399323329e-07,3.3124642194424924e-08,6,1.7226467767740137,1.2468578777676687,-0.0044614618083242425
0.6,550.0,0.030714746747235906,1247691470.8962436,1010.5226747036562,3.3435259479091914e-07,3.3125824314181916e-08,6,1.722856779169411,1.2468250851318046,-0.004458030147094287
0.6,550.0,0.03372556108533605,1247691448.1529098,1010.4668847315882,3.639512981530976e-07,3.312391814406718e-08,6,1.723128423334688,1.2467818023078885,-0.004453576011828036
0.6,550.0,0.03703151062520455,1247691427.169951,1010.3249914640575,3.9400929777661006e-07,3.3132773582491885e-08,6,1.7233790312003403,1.246745295424081,-0.00444952872685251
0.6,550.0,0.04066152600737297,1247691406.4946086,1010.1012597569359,4.2417827834266176e-07,3.3151186889790545e-08,6,1.7236259703150172,1.246712525875192,-0.004445598511965305
0.6,550.0,0.044647373799624364,1247691380.0567863,1009.8495210385356,4.5515634547178246e-07,3.317061762862105e-08,6,1.7239417505237427,1.246669309013852,-0.004440549164547723
0.6,550.0,0.049023934488881024,1247691335.4183335,1009.6897765418018,4.895815139898635e-07,3.3172741507264615e-08,6,1.7244749095117844,1.2465860931114985,-0.004431840084699825
0.6,550.0,0.05382950772325868,1247691288.1622648,1009.4232182466744,5.223623026733212e-07,3.318633020466595e-08,6,1.7250392911655075,1.2465017160485712,-0.00442268873279986
0.6,550.0,0.059106147475486,1247691239.6781147,1009.0078267990996,5.512930921130152e-07,3.3216423354455347e-08,6,1.7256183550189577,1.2464206005809841,-0.004413398408385307
0.6,550.0,0.06490003006073211,1247691171.8997552,1008.6103225397314,5.799235079100497e-07,3.3238314568778234e-08,6,1.7264278054481592,1.2463000026722966,-0.004400283414519492
0.6,550.0,0.07126185822939729,1247691099.877631,1008.0172673467281,6.011756704585818e-07,3.328194547523043e-08,6,1.7272879240205155,1.2461781168088832,-0.004386462321693818
0.6,550.0,0.07824730487111635,1247690990.513458,1007.5650114397571,6.234907616723951e-07,3.3293231753640064e-08,6,1.7285939242196524,1.245976151794997,-0.004365176495756557
0.6,550.0,0.08591750021286539,1247690881.8961625,1006.7614872371784,6.300650608860566e-07,3.3345573683969714e-08,6,1.7298909022126452,1.2457889613343327,-0.004344283186138773
0.6,550.0,0.09433956677468387,1247690739.0550272,1005.9213346383052,6.293195412806671e-07,3.339138111852918e-08,6,1.7315964359099625,1.2455340009688896,-0.004316657475339313
0.6,550.0,0.10358720676445314,1247690576.8903112,1004.7930388124289,6.116580038872167e-07,3.3465817181330565e-08,6,1.733532575270546,1.2452505180591327,-0.004285412869729111
0.6,550.0,0.11374134705207334,1247690372.5868988,1003.5368389595563,5.809909364248065e-07,3.353962341030108e-08,6,1.7359714839971485,1.2448866235305076,-0.0042459473178168535
0.6,550.0,0.12489084736726071,1247690128.3032172,1002.032696636188,5.327953806051007e-07,3.36184990327492e-08,6,1.7388872320921265,1.244451770374249,-0.004198791938305326
0.6,550.0,0.1371332779184638,1247689851.0405324,1000.0092043485425,4.629215161798619e-07,3.37537306909838e-08,6,1.74219594465268,1.2439678569815757,-0.0041454838412518695
0.6,550.0,0.15057577323790639,1247689492.0013342,997.8558784895409,3.8482673664634035e-07,3.3875166050872214e-08,6,1.7464795802788828,1.2433219643632383,-0.004076167123385096
0.6,550.0,0.1653359697248269,1247689060.5752711,995.2504262967116,2.972222255660691e-07,3.402508315137069e-08,6,1.7516253462196694,1.2425434513345588,-0.003992921569832473
0.6,550.0,0.18154303509143294,1247688553.6255999,991.9786977502974,2.0697281378815242e-07,3.4229291717312345e-08,6,1.7576698452727892,1.2416320220231196,-0.0038952897995942876
0.6,550.0,0.19933879872033844,1247687935.4051113,988.1663509599813,1.2697417871135732e-07,3.445254278078353e-08,6,1.7650379560361174,1.240509045949254,-0.0037762095108609074
0.6,550.0,0.21887899282533668,1247687199.461925,983.4753094846085,9.933115285538219e-08,3.4748360198423235e-08,6,1.7738044036034228,1.2391676026899452,-0.0036346437220768214
0.6,550.0,0.24033461527700972,1247686311.732713,977.8734150940211,9.849824877514506e-08,3.510634805671491e-08,6,1.7843721253349685,1.2375340441060287,-0.0034639947540427915
0.6,550.0,0.26389342601937477,1247621483.3757157,1099.9987524736619,1.4112707383897567e-05,1.8648208100235612e-08,6,1.9515268408125064,1.2075857059140536,-0.0007403699581223612
0.6,550.0,0.2897615901728365,1247621464.1098526,1081.7188845454114,3.7101715739309783e-06,1.9467518404310972e-08,6,1.9518129062299185,1.2076703217188662,-0.0007378185486737652
0.6,550.0,0.318165482202374,1247621447.986932,1058.7004510811369,5.163531644770911e-07,2.0834505061723756e-08,6,1.9520479348891977,1.2077943739176866,-0.0007365387040140162
0.6,550.0,0.34935366693939,1247621431.9790218,1030.325135065014,9.980795608622868e-08,2.2867683602425785e-08,6,1.9522747061498988,1.20796016407145,-0.0007360163518142616
0.6,550.0,0.3835990747933107,1247534197.9377668,1025.6795261509328,2.99102487408705e-06,2.0963339658017597e-08,6,1.9860504783150033,1.202322006278572,-0.00020939223389370627
0.6,550.0,0.4212013901883932,1247534164.5757458,986.4301956022007,9.965231545478467e-08,2.3569175440565328e-08,6,1.9865262455405182,1.202329034675353,-0.00020322124114634775
0.6,550.0,0.4624896741271517,1247443117.2389798,953.0438325843281,9.108601491167077e-07,2.2815831488286313e-08,6,1.9966640356927505,1.200584462706094,-4.835608011016918e-05
0.6,550.0,0.5078252438306721,1247443079.2903097,894.0009426737118,9.975639305173493e-08,2.832545362384514e-08,6,1.9968141898641552,1.2005910371902624,-4.635851355744036e-05
0.6,550.0,0.5576048346557921,1247251814.8549001,834.8598732182329,9.957571582910992e-08,2.9700021189027758e-08,6,1.9992485021622461,1.200138357332814,-1.0111546985750165e-05
0.6,550.0,0.6122640719593427,1246196290.905765,954.4978398622533,0.4271923117197671,4.3474607386991726e-08,6,1.9999345133064672,1.200001598724346,-3.9338126186668047e-07
0.6,550.0,0.6722812832920282,1246069067.4073272,880.9866769588825,0.47284597092463804,5.85209622902125e-08,6,1.9999387191810607,1.2000009148100617,-3.3820629512489275e-07
0.6,550.0,0.7381816842827723,1245853698.941899,760.8243592731997,0.5020633152133445,7.879513413094798e-08,5,1.999942074555348,1.200000297766377,-2.9667035260332487e-07
0.6,550.0,0.810541974844553,1245853900.908912,416.9851476026986,0.0018680545883631586,9.499907112819842e-08,5,1.9999420612553156,1.2000007691443872,-2.72046525326442e-07
0.6,550.0,0.8899953859235032,1245528212.516387,218.40074725232196,9.930550738958713e-08,3.4767424840574736e-07,5,1.9999456299479081,1.2000012996565128,-2.609082951127923e-07
0.6,550.0,0.9772372209558107,1065820347.6590295,621.8299440568674,0.9529047350482674,1.5183426026218815e-06,3,2.0,1.2,0.0
0.6,600.0,0.01,1247700002.1741083,1066.1926501622283,4.00462461127391e-06,3.013169584166804e-08,6,1.6207976593971014,1.2611534660832342,-0.00611147747222614
0.6,600.0,0.010980250419408422,1247699999.3493524,1066.1857965034878,4.396303565422025e-06,3.0131649916150345e-08,6,1.620831461320463,1.2611483210859105,-0.00611091782630765
0.6,600.0,0.012056589927291887,1247699995.9471645,1066.1774976121171,4.826073552979576e-06,3.013159658773214e-08,6,1.6208721729769322,1.2611421260505415,-0.006110243809759883
0.6,600.0,0.013238437660578209,1247699991.849209,1066.167452962475,5.297561603188049e-06,3.013153453004694e-08,6,1.62092121040924,1.261134665807114,-0.0061094319844959884
0.6,600.0,0.01453613606748761,1247699986.9128885,1066.1552999879407,5.814711282647664e-06,3.013146216149735e-08,6,1.6209802799834556,1.2611256810056426,-0.0061084541058776
0.6,600.0,0.01596104141516088,1247699981.0215268,1066.1412995227242,6.3825532160688445e-06,3.0130837324446916e-08,6,1.6210507776343064,1.2611150233578596,-0.006107288441931817
0.6,600.0,0.017525623169301542,1247699973.6954212,1066.125630990008,7.005148698942147e-06,3.013027298743534e-08,6,1.6211384429735476,1.2611015955763574,-0.006105835506608387
0.6,600.0,0.01924357311551172,1247699964.869484,1066.1066842059925,7.687636130769443e-06,3.0129595939914556e-08,6,1.6212440555360474,1.2610854194310286,-0.006104085132520289
0.6,600.0,0.02112992517725142,1247699954.8336022,1066.0780394419899,8.434097044358964e-06,3.01291564704295e-08,6,1.6213641460812995,1.261067432434998,-0.00610210253497985
0.6,600.0,0.023201186978958357,1247699943.8421848,1066.0308173424226,9.244776107068604e-06,3.013028709964658e-08,6,1.6214956697744685,1.261048445802559,-0.006099944108187374
0.6,600.0,0.02547548430564807,1247699930.9803298,1065.96957166571,1.012873597200793e-05,3.013220857891556e-08,6,1.6216495768768315,1.2610265351771812,-0.006097424247838787
0.6,600.0,0.0279727197231725,1247699917.0064905,1065.8791222113553,1.1081839341935579e-05,3.0136727732965776e-08,6,1.6218167969669461,1.261003861132973,-0.006094707084843977
0.6,600.0,0.030714746747235906,1247699897.4479506,1065.8018514609525,1.2134405273366212e-05,3.013752247534163e-08,6,1.6220508492818566,1.2609698680530992,-0.0060908628073455115
0.6,600.0,0.03372556108533605,1247699870.0279398,1065.7526683309395,1.3305679442055034e-05,3.013299062929929e-08,6,1.6223789802789303,1.2609194182157357,-0.0060854221088371295
0.6,600.0,0.03703151062520455,1247699835.2990193,1065.7135424662627,1.45997468926524e-05,3.012421759860808e-08,6,1.6227945473021912,1.2608545015224255,-0.006078513491604941
0.6,600.0,0.04066152600737297,1247699813.2051165,1065.4452755635982,1.584799108179838e-05,3.014372293407098e-08,6,1.623058927305744,1.2608248434342701,-0.0060743322232788095
0.6,600.0,0.044647373799624364,1247699783.1257756,1065.1529993959125,1.7196020647377562e-05,3.016310216078702e-08,6,1.623418828187458,1.2607806545567501,-0.0060685710065731206
0.6,600.0,0.049023934488881024,1247699760.6666794,1064.6500149455437,1.8475466849365927e-05,3.020602056904772e-08,6,1.6236875906660206,1.260761291611593,-0.006064519239134771
0.6,600.0,0.05382950772325868,1247699702.4383712,1064.3861091856816,2.008693995462215e-05,3.0214288644264543e-08,6,1.6243844406190293,1.2606612066101797,-0.006053098015562193
0.6,600.0,0.059106147475486,1247699632.0921948,1064.0752558737352,2.1796875552307833e-05,3.0222462293376015e-08,6,1.6252262928266938,1.2605401409543782,-0.006039299187552584
0.6,600.0,0.06490003006073211,1247699564.4067898,1063.5098234038546,2.337942302575845e-05,3.025699553092432e-08,6,1.6260363149980255,1.2604362313760786,-0.006026254866013192
0.6,600.0,0.07126185822939729,1247699481.9664016,1062.8320185054638,2.4960075391648377e-05,3.0300127049205855e-08,6,1.627022929435375,1.2603087384431404,-0.0060103517728504665
0.6,600.0,0.07824730487111635,1247699358.5527842,1062.283909755469,2.6829001097611284e-05,3.031741969952797e-08,6,1.6285000210168226,1.2600956922229758,-0.0059861400012522535
0.6,600.0,0.08591750021286539,1247699222.7781312,1061.488274462146,2.8503602472705247e-05,3.035294613667734e-08,6,1.630125074366674,1.259870558093225,-0.005959679034769467
0.6,600.0,0.09433956677468387,1247699075.4842196,1060.3581349220497,2.9805814356207085e-05,3.041635108644856e-08,6,1.6318880212506608,1.259639058729807,-0.005931214735886124
0.6,600.0,0.10358720676445314,1247698883.2353354,1059.1419153050226,3.1068491720486866e-05,3.0479854317073005e-08,6,1.6341891520717355,1.2593232202426643,-0.00589382232213082
0.6,600.0,0.11374134705207334,1247698656.6386898,1057.6388373062466,3.191680545452471e-05,3.0556601506464023e-08,6,1.6369014691470622,1.258954234030919,-0.005849825696205609
0.6,600.0,0.12489084736726071,1247698381.1033673,1055.8634720618081,3.232296917403305e-05,3.064440186436605e-08,6,1.6401996403512547,1.258502255748786,-0.005796292615505106
0.6,600.0,0.1371332779184638,1247698056.2731686,1053.646000940687,3.1984116418655136e-05,3.076352741453406e-08,6,1.644087936394577,1.2579734999324361,-0.005733293756630262
0.6,600.0,0.15057577323790639,1247697653.6049778,1051.105714869557,3.103007483804764e-05,3.0891453627185067e-08,6,1.648908009705946,1.2573059679303054,-0.005655031220290294
0.6,600.0,0.1653359697248269,1247697169.7415566,1048.0553779465843,2.9141223004625163e-05,3.1045482417568475e-08,6,1.6546998363930066,1.2565010349096561,-0.005561022827262592
0.6,600.0,0.18154303509143294,1247696610.3536432,1044.1599670245403,2.590918207428294e-05,3.125924117131804e-08,6,1.6613952916840762,1.2555834669326096,-0.005452696711368726
0.6,600.0,0.19933879872033844,1247695917.3317883,1039.697803924946,2.1933520143676694e-05,3.1493353413096333e-08,6,1.669689486305863,1.2544228991915478,-0.005318242005718113
0.6,600.0,0.21887899282533668,1247695086.5836957,1034.3343325361125,1.713206145972027e-05,3.177906759277909e-08,6,1.6796300879372916,1.2530229427169204,-0.0051571836386161045
0.6,600.0,0.24033461527700972,1247694105.798841,1027.732072110388,1.1857851994923348e-05,3.214962686378755e-08,6,1.691362538370577,1.251368022680342,-0.004967402003565084
0.6,600.0,0.26389342601937477,1247692916.8819256,1019.9690017290657,7.01552508587945e-06,3.258343619705891e-08,6,1.7055784387608528,1.2493309063349258,-0.004737392415526745
0.6,600.0,0.2897615901728365,1247691494.9384952,1010.6506245911361,3.2477793136311013e-06,3.31199609236495e-08,6,1.7225695970611483,1.2468650109095807,-0.004462672852713986
0.6,600.0,0.318165482202374,1247689774.8388865,999.7018327869912,1.038603618003066e-06,3.376084842503024e-08,6,1.7431052117397832,1.2438230868402933,-0.004130641457941103
0.6,600.0,0.34935366693939,1247687714.8702872,986.6548959507433,1.7845091560266232e-07,3.455582190199846e-08,6,1.7676654993678633,1.240109703511339,-0.0037337996349493846
0.6,600.0,0.3835990747933107,1247621483.385559,1100.0154810573122,2.0708465037114393e-05,1.8647534495951012e-08,6,1.9515266934525357,1.2075844000899432,-0.0007403390653044374
0.6,600.0,0.4212013901883932,1247621447.121779,1056.7505089235974,5.698613219699927e-07,2.0973083875800203e-08,6,1.9520603678063586,1.2078050466712198,-0.0007365182125766258
0.6,600.0,0.4624896741271517,1247534205.4454443,1031.4648520596866,6.26333359926349e-06,2.0700810461013315e-08,6,1.9859413293424732,1.202326378240837,-0.000210878709529155
0.6,600.0,0.5078252438306721,1247443143.9355323,983.1404824797545,1.9140455094312048e-05,2.1135762333169278e-08,6,1.9963068153663246,1.2006295965072062,-5.356958613837198e-05
0.6,600.0,0.5576048346557921,1247443089.6638134,906.6782367125511,9.971507072252047e-08,2.706353527658345e-08,6,1.9967924700056745,1.200587291700667,-4.662020758598401e-05
0.6,600.0,0.6122640719593427,1246196383.2351995,1134.0759477205083,0.49707239622055266,3.819216678547038e-08,6,1.99993444238389,1.2000014222014752,-3.9482858192789107e-07
0.6,600.0,0.6722812832920282,1246069103.1129444,1066.837450293809,0.5452769574065782,4.9471978902586934e-08,6,1.9999387127628916,1.2000007910502672,-3.4039770267144146e-07
0.6,600.0,0.7381816842827723,1245853732.991535,954.9701352550982,0.5889837466855726,6.7563205546406e-08,5,1.999942072834347,1.2000002229832027,-2.9769646896358243e-07
0.6,600.0,0.810541974844553,1246069061.263311,460.48985432784957,0.000893346324957093,6.576661927865124e-08,6,1.9999387200797503,1.2000015608320342,-3.318409403788086e-07
0.6,600.0,0.8899953859235032,1245757004.2146597,245.71279360762884,9.904971372075382e-08,2.9072018961933545e-07,5,1.9999432886448762,1.200001328856263,-2.7240534411258353e-07
0.6,600.0,0.9772372209558107,1067449216.6731269,603.0076139025015,0.9471923228308048,1.4895829626986e-06,3,2.0,1.2,0.0
0.6,650.0,0.01,1247704983.869109,1169.445796950767,9.346302022995571e-05,2.19505743190604e-08,6,1.5625815646691,1.2652960075673936,-0.006992226677047
0.6,650.0,0.010980250419408422,1247704983.8571901,1169.404166667663,0.00010252265296996665,2.1953861389512463e-08,6,1.562581716605083,1.2652979889033276,-0.00699226257569391
0.6,650.0,0.012056589927291887,1247704983.8430834,1169.3539590652229,0.0001124373886936875,2.1957782212471194e-08,6,1.562581896432417,1.2653003785183126,-0.006992305916725192
0.6,650.0,0.013238437660578209,1247704983.8263648,1169.2934086337436,0.00012328043383013701,2.1962463074981167e-08,6,1.562582109554918,1.2653032605114118,-0.006992358237040974
0.6,650.0,0.01453613606748761,1247704983.7631705,1169.2229711584093,0.00013513229507771006,2.196779549951595e-08,6,1.562582915065692,1.2653066294567057,-0.006992411781943008
0.6,650.0,0.01596104141516088,1247704983.675161,1169.1387541166698,0.00014807205782479559,2.197534120188014e-08,6,1.5625840368238044,1.2653106625786235,-0.006992473723486061
0.6,650.0,0.017525623169301542,1247704983.2465098,1169.056467064777,0.0001622131253099033,2.1973240735461964e-08,6,1.5625894993063205,1.2653147309032258,-0.006992476947227496
0.6,650.0,0.01924357311551172,1247704983.156001,1168.931801520368,0.0001775746291001044,2.1981910910795433e-08,6,1.5625906526471556,1.2653206874322709,-0.006992575296670503
0.6,650.0,0.02112992517725142,1247704983.07745,1168.7797039110933,0.000194265453998847,2.1995455242554186e-08,6,1.562591653647616,1.2653279457098918,-0.006992700657146236
0.6,650.0,0.023201186978958357,1247704983.0195613,1168.594059159518,0.00021235856659282407,2.2010268835702005e-08,6,1.5625923911742958,1.2653367895653471,-0.006992859975247783
0.6,650.0,0.02547548430564807,1247704982.9698372,1168.3691057229184,0.0002319195252779364,2.202721355683465e-08,6,1.5625930245335027,1.265347504750704,-0.006993056530745722
0.6,650.0,0.0279727197231725,1247704982.893181,1168.0988414098633,0.00025300113445883587,2.204755031210809e-08,6,1.5625940008211188,1.265360386835781,-0.00699328984542967
0.6,650.0,0.030714746747235906,1247704982.7420127,1167.7764504845181,0.0002756354553018219,2.2073576144511014e-08,6,1.5625959256134014,1.2653757798117145,-0.006993558188230462
0.6,650.0,0.03372556108533605,1247704982.6228268,1167.383979709792,0.0002997937394541391,2.210479469107569e-08,6,1.562597442637109,1.2653945032779848,-0.006993895765841248
0.6,650.0,0.03703151062520455,1247704982.4954355,1166.9098432232968,0.00032541970592574545,2.2140235046413664e-08,6,1.5625990634758093,1.2654171311522002,-0.00699430649521171
0.6,650.0,0.04066152600737297,1247704982.2628312,1166.342717514022,0.00035240261130050157,2.218511203022525e-08,6,1.5626020218232763,1.265444237515127,-0.006994784379214522
0.6,650.0,0.044647373799624364,1247704981.9319396,1165.661783205541,0.00038052292176302864,2.223726417187444e-08,6,1.5626062277045376,1.2654768227155504,-0.006995349644514168
0.6,650.0,0.049023934488881024,1247704980.8534603,1164.8796821341894,0.0004096010894554112,2.2288354000170665e-08,6,1.5626199266190617,1.2655144749575344,-0.0069958813449100665
0.6,650.0,0.05382950772325868,1247704978.8660617,1163.9763644871884,0.0004392226853513234,2.2336209723240617e-08,6,1.5626451596738278,1.2655582329029935,-0.006996371155034601
0.6,650.0,0.059106147475486,1247704978.4560132,1162.7735037755608,0.0004680444208124428,2.242960111845723e-08,6,1.5626503595562924,1.2656159737754562,-0.006997401253040627
0.6,650.0,0.06490003006073211,1247704975.8196375,1161.443022037631,0.0004961744664059708,2.2502524913761515e-08,6,1.5626837563947937,1.2656804324458624,-0.006998172005157714
0.6,650.0,0.07126185822939729,1247704922.7626283,1162.5884459343374,0.0005372440661125957,2.1774966172079634e-08,6,1.5633532251926945,1.2656357516224646,-0.006988174534295208
0.6,650.0,0.07824730487111635,1247704920.341861,1160.6269430459192,0.0005596593478842673,2.188528249214419e-08,6,1.5633839278886827,1.2657331521247495,-0.0069896085818000235
0.6,650.0,0.08591750021286539,1247704918.8131316,1158.1739784386732,0.0005756858155990436,2.204640480720467e-08,6,1.5634032817741415,1.265854401877298,-0.006991646605687644
0.6,650.0,0.09433956677468387,1247704917.1189291,1155.206566326811,0.0005833786728252574,2.2249683504597563e-08,6,1.5634246739134086,1.2660015251450594,-0.0069941423190770825
0.6,650.0,0.10358720676445314,1247704915.7593274,1151.5867088014998,0.0005800086355367029,2.250656419840214e-08,6,1.5634417857670648,1.2661814257449429,-0.006997309126978064
0.6,650.0,0.11374134705207334,1247704914.3230677,1147.2097612326163,0.0005631130384418034,2.2826040571077857e-08,6,1.5634597976557094,1.2664000443048993,-0.0070011839430381695
0.6,650.0,0.12489084736726071,1247704912.766971,1141.9217880547776,0.0005304089587184732,2.3221549364053695e-08,6,1.5634792240633784,1.266665839381603,-0.007005912564165509
0.6,650.0,0.1371332779184638,1247704911.0359058,1135.5373763929206,0.00048050537231195426,2.3712112651899214e-08,6,1.5635007163757093,1.2669892631878785,-0.0070116734123073805
0.6,650.0,0.15057577323790639,1247704909.0709786,1127.8316560485475,0.00041370406811122525,2.432299182118958e-08,6,1.563524950974724,1.26738332388667,-0.007018688484803479
0.6,650.0,0.1653359697248269,1247704906.8202736,1118.5330515135004,0.0003329473497431961,2.508423206463107e-08,6,1.5635524902065583,1.2678643283478452,-0.0070272377974174675
0.6,650.0,0.18154303509143294,1247704904.1505756,1107.314467161589,0.00024460199597668177,2.6049418266529873e-08,6,1.563584845682728,1.2684526255504076,-0.007037657039903298
0.6,650.0,0.19933879872033844,1247704901.0311444,1093.7770990342449,0.00015840343882705723,2.7277154506069035e-08,6,1.5636222069890793,1.2691743789205696,-0.00705039975672102
0.6,650.0,0.21887899282533668,1247703471.8831964,1086.756529389505,0.00017085330273462345,2.911739136978376e-08,6,1.579338792189293,1.266782610639012,-0.006788375571316243
0.6,650.0,0.24033461527700972,1247702229.081253,1080.2260446348575,0.00015813642975059892,2.9431684372286293e-08,6,1.594168907223064,1.264732275853066,-0.006545271138587698
0.6,650.0,0.26389342601937477,1247700812.9643886,1071.9155238513417,0.00013295969504999953,2.982380385153159e-08,6,1.6110976656716542,1.2624249864080126,-0.006268980972146147
0.6,650.0,0.2897615901728365,1247699189.698338,1061.3932921165172,9.6999585667646e-05,3.035450547224307e-08,6,1.6305210063162507,1.2598000756222272,-0.005953309616622747
0.6,650.0,0.318165482202374,1247697280.6797576,1048.61793102677,5.8386082217424756e-05,3.102639072001517e-08,6,1.6533719048008653,1.2566841120942982,-0.005582747701279694
0.6,650.0,0.34935366693939,1247695003.902075,1033.4992406391134,2.6170608582632617e-05,3.184049295859248e-08,6,1.6806192760775238,1.2528907770694273,-0.0051413978231940275
0.6,650.0,0.3835990747933107,1247692278.4505038,1015.7486474209735,7.069105971028296e-06,3.2822732934637644e-08,6,1.7132087923855999,1.2482266160910234,-0.004614005513872662
0.6,650.0,0.4212013901883932,1247689013.755791,994.9296084962284,7.380402099533874e-07,3.4044995825306823e-08,6,1.752183660271031,1.2424561341765863,-0.003983843608531532
0.6,650.0,0.4624896741271517,1247621481.581603,1098.267854128261,2.2076241066873904e-05,1.8725215629521467e-08,6,1.951553678197503,1.2075913302701486,-0.0007400650621730969
0.6,650.0,0.5078252438306721,1247621430.8460674,1029.1007738947987,9.972068466386174e-08,2.295139213750673e-08,6,1.9522905316366748,1.207965537495589,-0.0007358638775846685
0.6,650.0,0.5576048346557921,1247443153.7236965,988.5916863117745,3.4625944788832036e-05,2.0989442460423945e-08,6,1.996167117340026,1.200649943724423,-5.56259644909763e-05
0.6,650.0,0.6122640719593427,1247348859.9993062,894.9931932085223,7.148881906988266e-07,2.5796908071255336e-08,6,1.9985935976039926,1.2002528209909138,-1.965434490883621e-05
0.6,650.0,0.6722812832920282,1246196268.5404994,1089.719321622539,0.5089005827918166,4.768329045914164e-08,6,1.9999345252103253,1.2000014420646299,-3.9098260782778725e-07
0.6,650.0,0.7381816842827723,1245853866.8428679,1130.7809726728385,0.6324829511892367,5.510028840216467e-08,5,1.9999420638272694,1.2000001767374382,-2.9924970045560733e-07
0.6,650.0,0.810541974844553,1245853656.1833289,606.9745220218772,0.4124106601710884,9.664599276666691e-08,5,1.9999420762893125,1.2000003762212155,-2.993069775470687e-07
0.6,650.0,0.8899953859235032,1245853557.860413,292.51089646643726,9.890539627220994e-08,1.6884179687875872e-07,5,1.999942078775977,1.200001306486326,-2.779486218539987e-07
0.6,650.0,0.9772372209558107,1068942803.793149,588.9806667701986,0.9415603018537652,1.4609420525718594e-06,3,2.0,1.2,0.0
0.7000000000000001,200.0,0.01,1246069049.1796613,465.8797761760745,3.37070179527914e-07,6.851065140348018e-08,6,1.99993872167758,1.4000019028279111,-3.672730321296073e-07
0.7000000000000001,200.0,0.010980250419408422,1246069049.167736,465.86997944387497,3.694525093040286e-07,6.851391537182844e-08,6,1.9999387216790545,1.4000019028570287,-3.672719604953549e-07
0.7000000000000001,200.0,0.012056589927291887,1246069049.1533604,465.85816803029445,4.047972266784657e-07,6.851785021298097e-08,6,1.999938721680832,1.4000019028921402,-3.6727066851221106e-07
0.7000000000000001,200.0,0.013238437660578209,1246069049.13603,465.8439273920071,4.433270392240636e-07,6.852259383032928e-08,6,1.9999387216829747,1.4000019029344708,-3.6726911112096936e-07
0.7000000000000001,200.0,0.01453613606748761,1246069049.115137,465.8267579057211,4.852650998367168e-07,6.852831236710204e-08,6,1.999938721685558,1.4000019029855129,-3.67267233855885e-07
0.7000000000000001,200.0,0.01596104141516088,1246069049.08995,465.80605804658035,5.308283507675724e-07,6.85352057618766e-08,6,1.9999387216886724,1.4000019030470605,-3.6726497069496157e-07
0.7000000000000001,200.0,0.017525623169301542,1246069049.059586,465.781102091946,5.802184389395728e-07,6.854351510493782e-08,6,1.9999387216924267,1.4000019031212707,-3.6726224227601495e-07
0.7000000000000001,200.0,0.01924357311551172,1246069049.0229805,465.7510153010661,6.336091593720748e-07,6.855353080898168e-08,6,1.9999387216969529,1.4000019032107638,-3.672589529955933e-07
0.7000000000000001,200.0,0.02112992517725142,1246069048.9788504,465.71474325055414,6.911295315772473e-07,6.856560265184488e-08,6,1.9999387217024094,1.4000019033186768,-3.67254987626408e-07
0.7000000000000001,200.0,0.023201186978958357,1246069048.925647,465.67101384374575,7.52841579609381e-07,6.858015223651136e-08,6,1.9999387217089877,1.4000019034488185,-3.6725020796158443e-07
0.7000000000000001,200.0,0.02547548430564807,1246069048.8615065,465.6182963387075,8.187104509408021e-07,6.85976862920823e-08,6,1.9999387217169182,1.4000019036057592,-3.6724444614576466e-07
0.7000000000000001,200.0,0.0279727197231725,1246069048.7841802,465.5547448213582,8.885670771389295e-07,6.861881502845384e-08,6,1.9999387217264795,1.4000019037950409,-3.672375005370092e-07
0.7000000000000001,200.0,0.030714746747235906,1246069048.6877043,465.4753522685905,9.620236938265222e-07,6.865041475885677e-08,6,1.9999387217383895,1.4000019040232228,-3.6722912484047483e-07
0.7000000000000001,200.0,0.03372556108533605,1246069048.5765953,465.38265925248345,1.0385519121919431e-06,6.86820640168294e-08,6,1.9999387217518867,1.400001904298717,-3.672190381370995e-07
0.7000000000000001,200.0,0.03703151062520455,1246069048.4426427,465.27092692404216,1.1172136862847004e-06,6.87201896747387e-08,6,1.9999387217681588,1.4000019046310603,-3.67206880677029e-07
0.7000000000000001,200.0,0.04066152600737297,1246069048.2811513,465.1362527993903,1.1967054833207394e-06,6.876610801177939e-08,6,1.9999387217877762,1.4000019050320198,-3.6719223543376907e-07
0.7000000000000001,200.0,0.044647373799624364,1246069048.0864553,464.973931791688,1.2752248393020963e-06,6.882140076028806e-08,6,1.9999387218114273,1.4000019055158401,-3.6717459240305227e-07
0.7000000000000001,200.0,0.049023934488881024,1246069047.8517222,464.77829733899915,1.350369580620321e-06,6.888796513625235e-08,6,1.999938721839942,1.4000019060997362,-3.671533357730333e-07
0.7000000000000001,200.0,0.05382950772325868,1246069047.5687191,464.542532259776,1.4190448131421951e-06,6.896807207202709e-08,6,1.9999387218743203,1.4000019068045475,-3.6712772837167816e-07
0.7000000000000001,200.0,0.059106147475486,1246069047.2275214,464.258434107287,1.4773885998856922e-06,6.906443684153992e-08,6,1.999938721915768,1.400001907655527,-3.6709688389622123e-07
0.7000000000000001,200.0,0.06490003006073211,1246069046.815748,463.9123111439249,1.5206816354657992e-06,6.918933777577577e-08,6,1.9999387219649494,1.4000019086835118,-3.6705975872292777e-07
0.7000000000000001,200.0,0.07126185822939729,1246069046.3233225,463.4985600899656,1.5437077954349835e-06,6.933227523737666e-08,6,1.9999387220237248,1.4000019099256362,-3.670150711457282e-07
0.7000000000000001,200.0,0.07824730487111635,1246069045.7265496,462.99740979956744,1.540570064609803e-06,6.951020775560121e-08,6,1.9999387220949176,1.400001911426886,-3.66961320047235e-07
0.7000000000000001,200.0,0.08591750021286539,1246069045.0176167,462.3950507588279,1.5055876036839995e-06,6.972204448995487e-08,6,1.999938722178064,1.400001913243137,-3.668967285611122e-07
0.7000000000000001,200.0,0.09433956677468387,1246069044.1610005,461.6667371679335,1.433727105944389e-06,6.998331325903016e-08,6,1.9999387222782623,1.4000019154408387,-3.668190646418314e-07
0.7000000000000001,200.0,0.10358720676445314,1246069043.1405096,460.7907896153569,1.3221050837016354e-06,7.02960988801364e-08,6,1.9999387223958744,1.4000019181029821,-3.6672579597113185e-07
0.7000000000000001,200.0,0.11374134705207334,1246069041.9159336,459.731408516084,1.1711222071121091e-06,7.068433420525226e-08,6,1.9999387225351308,1.4000019213301498,-3.666138906844124e-07
0.7000000000000001,200.0,0.12489084736726071,1246069040.4522622,458.4539429394354,9.862301341331672e-07,7.115823271003765e-08,6,1.9999387226989787,1.400001925246668,-3.6647972572740515e-07
0.7000000000000001,200.0,0.1371332779184638,1246069038.7037413,456.9133564028301,7.789290615283344e-07,7.173803343719049e-08,6,1.9999387228910568,1.4000019300059954,-3.6631913060995815e-07
0.7000000000000001,200.0,0.15057577323790639,1246069036.620611,455.05115604169316,5.666294193444375e-07,7.246000663240908e-08,6,1.9999387231139831,1.400001935798933,-3.661273241088409e-07
0.7000000000000001,200.0,0.1653359697248269,1245958557.0672963,447.57421750250523,6.575839725634509e-05,9.190381416279165e-08,6,1.999940761192887,1.4000013315167554,-3.419130031621582e-07
0.7000000000000001,200.0,0.18154303509143294,1245958506.548542,447.2794650924438,5.199290118783495e-05,8.423314741009233e-08,6,1.9999407660531583,1.4000013387815973,-3.4162735707555896e-07
0.7000000000000001,200.0,0.19933879872033844,1245958477.890946,445.3683498508588,3.607724311115703e-05,8.064628476578854e-08,6,1.9999407687534134,1.4000013486552614,-3.413283388874739e-07
0.7000000000000001,200.0,0.21887899282533668,1245958454.1628807,442.49182910847196,2.153358867852344e-05,7.835785455822618e-08,6,1.9999407709127746,1.4000013611355069,-3.4099070633849036e-07
0.7000000000000001,200.0,0.24033461527700972,1245958432.6877973,438.63844982385115,1.047116573775096e-05,7.694161227918723e-08,6,1.9999407727785747,1.4000013767734545,-3.4060630483802053e-07
0.7000000000000001,200.0,0.26389342601937477,1245853868.990487,429.521025734149,3.3550310967872596e-05,9.259659100343092e-08,5,1.999942063666433,1.4000010095935131,-3.2561411865658614e-07
0.7000000000000001,200.0,0.2897615901728365,1245853813.3542948,424.87490551971774,1.1448985648753999e-05,8.6594202257023e-08,5,1.9999420677332775,1.4000010334380173,-3.251734753608301e-07
0.7000000000000001,200.0,0.318165482202374,1245853774.996717,417.9117637908922,2.2941486079129533e-06,8.469417237857341e-08,5,1.9999420703227673,1.4000010641815308,-3.2471603861285283e-07
0.7000000000000001,200.0,0.34935366693939,1245853742.4333134,408.81778516388255,1.9939996747938916e-07,8.523559370450577e-08,5,1.9999420723047927,1.4000011036122164,-3.242491525600554e-07
0.7000000000000001,200.0,0.3835990747933107,1245853712.1307144,397.37409123439744,9.820451895235673e-08,8.807927162252487e-08,5,1.999942073924397,1.400001154573994,-3.2380652501480924e-07
0.7000000000000001,200.0,0.4212013901883932,1245853682.3228498,383.19864002791576,9.882503499119047e-08,9.369266128714133e-08,5,1.9999420752853148,1.4000012213352446,-3.2345749958421286e-07
0.7000000000000001,200.0,0.4624896741271517,1245853651.6371057,365.78137080123156,9.948848588316815e-08,1.0316938753256583e-07,5,1.9999420764466602,1.4000013104691738,-3.233298541718118e-07
0.7000000000000001,200.0,0.5078252438306721,1245853618.5938637,344.49384699112767,9.918498314752592e-08,1.1859489810767203e-07,5,1.999942077450633,1.400001432542377,-3.23650487609672e-07
0.7000000000000001,200.0,0.5576048346557921,1245853578.1797235,316.4794194093348,9.827442072934981e-08,1.4654708324790487e-07,5,1.9999420783940258,1.400001605524253,-3.247608324320403e-07
0.7000000000000001,200.0,0.6122640719593427,1245810462.842438,259.09512851426257,9.811933802962912e-08,2.7397912725483826e-07,5,1.9999426786649879,1.4000017739475763,-3.2132166297201897e-07
0.7000000000000001,200.0,0.6722812832920282,1104877140.0265775,229.78479299419695,9.96836698488872e-08,3.340850683408516e-07,3,2.0,1.4000000000000001,0.0
0.7000000000000001,200.0,0.7381816842827723,1103592570.8802798,182.67651369539533,9.638943729617279e-08,4.6871264152037857e-07,3,2.0,1.4000000000000001,0.0
0.7000000000000001,200.0,0.810541974844553,1101469965.3730073,135.55544441348403,8.680514361545663e-08,7.327991597075087e-07,3,2.0,1.4000000000000001,0.0
0.7000000000000001,200.0,0.8899953859235032,1089791616.3350503,197.36728206513905,0.7208802697559784,2.431995565203156e-06,3,2.0,1.4000000000000001,0.0
0.7000000000000001,200.0,0.9772372209558107,1038638849.3510276,490.38270486319,0.9773629389811564,3.335960974896797e-05,2,2.0,1.4000000000000001,0.0
0.7000000000000001,250.0,0.01,1246196331.5407884,579.8200631037356,0.00014600910135083504,5.090196376239761e-08,6,1.999934485813052,1.4000028993397133,-4.38642989269469e-07
0.7000000000000001,250.0,0.010980250419408422,1246196331.4804387,579.8117215014488,0.0001602177284660217,5.089890985603836e-08,6,1.9999344858588204,1.4000028993439557,-4.3864093317487843e-07
0.7000000000000001,250.0,0.012056589927291887,1246196331.4101157,579.8014279770482,0.0001757850448829979,5.0895483622192954e-08,6,1.9999344859121524,1.4000028993496234,-4.386384792115752e-07
0.7000000000000001,250.0,0.013238437660578209,1246196331.328015,579.7887576486662,0.0001928331215904122,5.089163373278674e-08,6,1.9999344859744166,1.4000028993570768,-4.386355480087921e-07
0.7000000000000001,250.0,0.01453613606748761,1246196331.2319877,579.7731959456556,0.00021149239861098374,5.08873007369286e-08,6,1.9999344860472423,1.4000028993667344,-4.38632044101254e-07
0.7000000000000001,250.0,0.01596104141516088,1246196331.1194725,579.7541199159682,0.0002319013508106787,5.0882415630395405e-08,6,1.9999344861325725,1.4000028993791214,-4.386278526374785e-07
0.7000000000000001,250.0,0.017525623169301542,1246196330.9874163,579.7307756438735,0.0002542057549990971,5.087689816848392e-08,6,1.9999344862327222,1.4000028993948905,-4.3862283541202817e-07
0.7000000000000001,250.0,0.01924357311551172,1246196330.8321762,579.7022511591836,0.00027855740731439247,5.087065464800245e-08,6,1.9999344863504542,1.4000028994148206,-4.386168260941804e-07
0.7000000000000001,250.0,0.02112992517725142,1246196330.6494052,579.6674435891402,0.0003051120892092887,5.0863575409227946e-08,6,1.9999344864890651,1.400002899439845,-4.386096244889511e-07
0.7000000000000001,250.0,0.023201186978958357,1246196330.4339147,579.6250198464601,0.00033402651115621167,5.0855531679793454e-08,6,1.9999344866524904,1.400002899471178,-4.38600989239614e-07
0.7000000000000001,250.0,0.02547548430564807,1246196330.1795084,579.5733689681035,0.0003654539146141954,5.084637159896958e-08,6,1.9999344868454287,1.4000028995102014,-4.3859062970424656e-07
0.7000000000000001,250.0,0.0279727197231725,1246196329.8787887,579.5105451283732,0.0003995379141784495,5.0835915430420006e-08,6,1.9999344870734905,1.400002899558658,-4.3857819622135954e-07
0.7000000000000001,250.0,0.030714746747235906,1246196329.522918,579.4341984497726,0.00043640385445396096,5.082394918186247e-08,6,1.9999344873433782,1.4000028996187106,-4.3856326701175774e-07
0.7000000000000001,250.0,0.03372556108533605,1246196329.1070716,579.3380243342324,0.0004761221714881232,5.08128278125148e-08,6,1.99993448765456,1.400002899695452,-4.3854549255167867e-07
0.7000000000000001,250.0,0.03703151062520455,1246196328.6260908,579.223332994,0.0005187759211453263,5.080059878985727e-08,6,1.9999344880131733,1.4000028997931453,-4.3852423611425553e-07
0.7000000000000001,250.0,0.04066152600737297,1246196328.0552666,579.0843163326023,0.0005643353934373143,5.078659844662852e-08,6,1.9999344884387724,1.4000028999132093,-4.3849867482020384e-07
0.7000000000000001,250.0,0.044647373799624364,1246196327.3773043,578.9159182443751,0.0006126900414748341,5.077050319068176e-08,6,1.9999344889442525,1.4000029000605734,-4.384679212088766e-07
0.7000000000000001,250.0,0.049023934488881024,1246196326.5715647,578.7120503178963,0.0006636017179932328,5.075190919633945e-08,6,1.9999344895450017,1.4000029002413787,-4.384309063953336e-07
0.7000000000000001,250.0,0.05382950772325868,1246196325.6203032,578.4615052328521,0.0007166192281020995,5.073350904524703e-08,6,1.9999344902482408,1.4000029004664225,-4.383865265232847e-07
0.7000000000000001,250.0,0.059106147475486,1246196324.513718,578.1590445928588,0.0007711432313512748,5.0714802528571274e-08,6,1.999934491059102,1.400002900749914,-4.3833336836199406e-07
0.7000000000000001,250.0,0.06490003006073211,1246196323.1965911,577.7935741509071,0.0008262339178222803,5.0692859726745945e-08,6,1.9999344920242392,1.4000029010970667,-4.382692755573906e-07
0.7000000000000001,250.0,0.07126185822939729,1246196321.6606042,577.3450401256969,0.0008805017663471376,5.0675253316952886e-08,6,1.9999344931349214,1.400002901533812,-4.381925160095969e-07
0.7000000000000001,250.0,0.07824730487111635,1246196319.8552375,576.8046404993204,0.0009322638975217191,5.0656150654685683e-08,6,1.9999344944344908,1.4000029020757905,-4.3810016181723273e-07
0.7000000000000001,250.0,0.08591750021286539,1246196317.7618089,576.1424095787038,0.0009790598937314847,5.0646713786130386e-08,6,1.9999344959176284,1.4000029027594714,-4.379894773794091e-07
0.7000000000000001,250.0,0.09433956677468387,1246196315.311505,575.3392741478351,0.001017985866354853,5.064277556085652e-08,6,1.9999344976349838,1.4000029036126242,-4.378562071536907e-07
0.7000000000000001,250.0,0.10358720676445314,1246196312.464297,574.3632725432396,0.0010453667155291449,5.065029771760208e-08,6,1.9999344995990938,1.4000029046846096,-4.3769591729370695e-07
0.7000000000000001,250.0,0.11374134705207334,1246196309.1792665,573.175518659547,0.0010568764505831567,5.067748655606528e-08,6,1.9999345018210146,1.4000029060379708,-4.375030739492818e-07
0.7000000000000001,250.0,0.12489084736726071,1246196305.3963695,571.7306343736233,0.001047713912177109,5.0731996114494277e-08,6,1.9999345043223482,1.4000029077486429,-4.372706621773724e-07
0.7000000000000001,250.0,0.1371332779184638,1246196301.0521371,569.9692839333308,0.0010129594729209165,5.08281997366863e-08,6,1.9999345071170787,1.4000029099162405,-4.369900678194458e-07
0.7000000000000001,250.0,0.15057577323790639,1246196296.1004438,567.8295370286731,0.0009484752242344194,5.097746839344529e-08,6,1.9999345101989656,1.4000029126749467,-4.3665068984714194e-07
0.7000000000000001,250.0,0.1653359697248269,1246196290.4651299,565.2173394805072,0.000851759754564649,5.121208923988547e-08,6,1.9999345135638242,1.4000029161962948,-4.3623899071350163e-07
0.7000000000000001,250.0,0.18154303509143294,1246196284.1153488,562.040857712135,0.0007240452786027455,5.155474800657263e-08,6,1.999934517174362,1.4000029207137026,-4.3573783151663036e-07
0.7000000000000001,250.0,0.19933879872033844,1246196276.97817,558.1707776915127,0.0005718098026004404,5.2052026583488284e-08,6,1.999934521003084,1.400002926529618,-4.3512503991644503e-07
0.7000000000000001,250.0,0.21887899282533668,1246196268.966123,553.460616010743,0.00040841829155842586,5.275658293947916e-08,6,1.9999345250080665,1.4000029340514344,-4.343717060720078e-07
0.7000000000000001,250.0,0.24033461527700972,1246196260.0986035,547.7242775629228,0.0002534507587005212,5.375500770148421e-08,6,1.9999345290702313,1.4000029438505446,-4.334405286887374e-07
0.7000000000000001,250.0,0.26389342601937477,1246069278.5959935,535.6468570738111,0.012205374186500187,6.8341331764963e-08,6,1.9999386609333596,1.4000017183192013,-3.79232750474001e-07
0.7000000000000001,250.0,0.2897615901728365,1246069191.6678274,531.5969982572697,0.009757827974986033,5.96188956286793e-08,6,1.9999386891364648,1.4000017279277588,-3.7771156334161195e-07
0.7000000000000001,250.0,0.318165482202374,1246069153.5487778,522.7993444935349,0.006302168214209228,5.8073622554514334e-08,6,1.9999387004042362,1.4000017479474347,-3.7609436117276144e-07
0.7000000000000001,250.0,0.34935366693939,1246069122.5200458,511.3328830824326,0.003094140340964527,5.837684139396953e-08,6,1.9999387084276323,1.4000017759349748,-3.741306331716093e-07
0.7000000000000001,250.0,0.3835990747933107,1246069093.9724638,497.0068699619345,0.0009593451981347324,6.032262620325303e-08,6,1.9999387146014844,1.4000018134567946,-3.717802587811898e-07
0.7000000000000001,250.0,0.4212013901883932,1246069066.5314426,479.31111400242986,0.00012820344470076064,6.438472570836325e-08,6,1.9999387193128126,1.400001862814435,-3.6913773166683665e-07
0.7000000000000001,250.0,0.4624896741271517,1246069039.435478,457.5602478836389,3.1998587400788066e-06,7.14961689253457e-08,6,1.9999387228110135,1.4000019277752158,-3.664434783527012e-07
0.7000000000000001,250.0,0.5078252438306721,1245853853.891589,428.78969067089093,6.258245127215807e-05,9.069008573112888e-08,5,1.9999420647936585,1.40000101411865,-3.2552240898242727e-07
0.7000000000000001,250.0,0.5576048346557921,1245853721.469099,401.22038528131804,9.929899180082079e-08,8.692510069118295e-08,5,1.9999420734501345,1.4000011372015218,-3.2393894198612846e-07
0.7000000000000001,250.0,0.6122640719593427,1245853647.800522,363.42875870005884,9.846080247448347e-08,1.0466281101146008e-07,5,1.999942076575712,1.4000013231954314,-3.2333866541545887e-07
0.7000000000000001,250.0,0.6722812832920282,1245853573.324433,313.06758137329473,9.787587378395603e-08,1.506687673094467e-07,5,1.9999420784901818,1.4000016208305215,-3.2485341359020525e-07
0.7000000000000001,250.0,0.7381816842827723,1245520890.6756575,224.83256799603188,9.609716552693018e-08,3.41671414781271e-07,5,1.9999456974393441,1.4000016899472356,-2.9857017901419227e-07
0.7000000000000001,250.0,0.810541974844553,1103190994.0392177,171.47048992345375,9.096215812013858e-08,5.165916923910205e-07,3,2.0,1.4000000000000001,0.0
0.7000000000000001,250.0,0.8899953859235032,1093653184.8237002,244.61109652357277,0.7181053339700717,1.7961198055879067e-06,3,2.0,1.4000000000000001,0.0
0.7000000000000001,250.0,0.9772372209558107,1052076488.7539835,574.3138717590911,0.9758406946355668,3.698592874026411e-06,3,2.0,1.4000000000000001,0.0
0.7000000000000001,300.0,0.01,1246588941.32486,695.1242693140836,5.650543343537209e-06,3.783678459791713e-08,6,1.9999018526999552,1.4000124658158675,-9.324004775654825e-07
0.7000000000000001,300.0,0.010980250419408422,1246588941.2902899,695.1113095565728,6.196585667728798e-06,3.78368830948143e-08,6,1.9999018529404415,1.400012465883843,-9.32390184881652e-07
0.7000000000000001,300.0,0.012056589927291887,1246588941.248696,695.0956756140449,6.793622377342837e-06,3.7837006709530104e-08,6,1.999901853229787,1.4000124659651805,-9.323777986264737e-07
0.7000000000000001,300.0,0.013238437660578209,1246588941.1986444,695.0768168407925,7.44583951923062e-06,3.7837160904343674e-08,6,1.9999018535779696,1.4000124660624014,-9.323628932709557e-07
0.7000000000000001,300.0,0.01453613606748761,1246588941.1384056,695.0540695667759,8.157574587155306e-06,3.7837352100040695e-08,6,1.9999018539970186,1.400012466178409,-9.323449584049294e-07
0.7000000000000001,300.0,0.01596104141516088,1246588941.0658972,695.0266336670782,8.933250053783009e-06,3.783758796085298e-08,6,1.99990185450142,1.4000124663166478,-9.323233800780523e-07
0.7000000000000001,300.0,0.017525623169301542,1246588940.9786098,694.9935448266932,9.77727559896735e-06,3.783787743787852e-08,6,1.9999018551086314,1.4000124664809928,-9.322974223138626e-07
0.7000000000000001,300.0,0.01924357311551172,1246588940.873521,694.9536406990527,1.0693908740717981e-05,3.7838231038727506e-08,6,1.9999018558396766,1.4000124666760858,-9.322661895943785e-07
0.7000000000000001,300.0,0.02112992517725142,1246588940.7469895,694.905520656485,1.168706090995478e-05,3.783866082093595e-08,6,1.9999018567198887,1.400012466907218,-9.322286120245798e-07
0.7000000000000001,300.0,0.023201186978958357,1246588940.5946293,694.8474969318889,1.276003248839375e-05,3.783918054786635e-08,6,1.9999018577797762,1.4000124671801915,-9.32183417164155e-07
0.7000000000000001,300.0,0.02547548430564807,1246588940.4111576,694.7775362408148,1.391515656146113e-05,3.7839805540145745e-08,6,1.9999018590560895,1.400012467501708,-9.321290722817217e-07
0.7000000000000001,300.0,0.0279727197231725,1246588940.1902125,694.69318939562,1.5153326662842227e-05,3.784055244440933e-08,6,1.9999018605930854,1.400012467879228,-9.320637342216301e-07
0.7000000000000001,300.0,0.030714746747235906,1246588939.9241326,694.5915070038391,1.647337946633013e-05,3.784143855889846e-08,6,1.9999018624440594,1.4000124683205077,-9.319851853393635e-07
0.7000000000000001,300.0,0.03372556108533605,1246588939.603694,694.4689378583314,1.787129993326804e-05,3.78424807441413e-08,6,1.9999018646731779,1.4000124688343494,-9.318907466791237e-07
0.7000000000000001,300.0,0.03703151062520455,1246588939.2204847,694.3165273730482,1.933824149185809e-05,3.7846365178139136e-08,6,1.9999018672788433,1.4000124694538154,-9.317788721083799e-07
0.7000000000000001,300.0,0.04066152600737297,1246588938.7694955,694.1363259760192,2.0862618203626763e-05,3.784985134670139e-08,6,1.9999018703376452,1.4000124701930594,-9.316454277650762e-07
0.7000000000000001,300.0,0.044647373799624364,1246588938.2263937,693.9191909753265,2.2424195740844022e-05,3.7853948352734105e-08,6,1.9999018740211936,1.400012471042227,-9.314853530504587e-07
0.7000000000000001,300.0,0.049023934488881024,1246588937.5724087,693.6575995979781,2.3994880100135762e-05,3.785872559041176e-08,6,1.9999018784567995,1.4000124720080178,-9.312934739256498e-07
0.7000000000000001,300.0,0.05382950772325868,1246588936.7849643,693.3425131026862,2.5536091089458266e-05,3.78642399971446e-08,6,1.9999018837975837,1.400012473092938,-9.310636445152764e-07
0.7000000000000001,300.0,0.059106147475486,1246588935.8451486,692.9571631595718,2.699497367232009e-05,3.787431304957774e-08,6,1.999901890052333,1.4000124743526325,-9.307914510691373e-07
0.7000000000000001,300.0,0.06490003006073211,1246588934.7296205,692.4958854105952,2.8307757932681913e-05,3.7885527894351884e-08,6,1.9999018974263139,1.4000124757920605,-9.30467665432043e-07
0.7000000000000001,300.0,0.07126185822939729,1246588933.383024,691.9368261877415,2.9390761421799585e-05,3.790018533200006e-08,6,1.9999019062981316,1.4000124772982334,-9.300819701419932e-07
0.7000000000000001,300.0,0.07824730487111635,1246588931.8024821,691.2626917246331,3.0146307519028192e-05,3.791996772728321e-08,6,1.9999019164767375,1.4000124786633312,-9.29635319554363e-07
0.7000000000000001,300.0,0.08591750021286539,1246588929.910239,690.4456987141692,3.046044268070775e-05,3.794662963936033e-08,6,1.999901928544419,1.4000124798790243,-9.291084605002292e-07
0.7000000000000001,300.0,0.09433956677468387,1246588927.6708732,689.4581948290707,3.0212601867999976e-05,3.798243157958196e-08,6,1.999901942582262,1.4000124809798176,-9.284889578000811e-07
0.7000000000000001,300.0,0.10358720676445314,1246588925.0672104,688.2631432823139,2.928400393200246e-05,3.803298046266552e-08,6,1.9999019584719644,1.4000124819976962,-9.277663930806629e-07
0.7000000000000001,300.0,0.11374134705207334,1246588922.001027,686.807492923385,2.757541933088859e-05,3.8105350777524956e-08,6,1.9999019767083555,1.4000124822337494,-9.269295126294733e-07
0.7000000000000001,300.0,0.12489084736726071,1246588918.4618704,685.0434802611525,2.504081684739386e-05,3.8206023818150363e-08,6,1.9999019970025824,1.4000124814642894,-9.259691582708885e-07
0.7000000000000001,300.0,0.1371332779184638,1246460168.5719543,674.4408952404242,0.0009641538377894474,4.831121457807362e-08,6,1.9999169143346769,1.4000080115510392,-7.092722908001503e-07
0.7000000000000001,300.0,0.15057577323790639,1246460124.9948754,674.7209508333736,0.0009390811024680698,4.499344729625678e-08,6,1.9999171146473553,1.400007957299533,-7.055722167378984e-07
0.7000000000000001,300.0,0.1653359697248269,1246460101.4063213,672.9242306502957,0.0008595250720185272,4.361599821337874e-08,6,1.9999172205156643,1.4000079317783383,-7.031702085704269e-07
0.7000000000000001,300.0,0.18154303509143294,1246460081.2861104,670.1266710009002,0.0007420943340285381,4.271079956876403e-08,6,1.9999173066279714,1.400007912828213,-7.009052745430449e-07
0.7000000000000001,300.0,0.19933879872033844,1246460062.4539058,666.3451441813315,0.0005946932620944222,4.210372506212121e-08,6,1.9999173821334333,1.4000078975776822,-6.986094383996078e-07
0.7000000000000001,300.0,0.21887899282533668,1246460044.0873654,661.456832013949,0.00043114191206509664,4.1763737287440434e-08,6,1.9999174496992735,1.40000788428317,-6.962189187829412e-07
0.7000000000000001,300.0,0.24033461527700972,1246460025.6872444,655.2781421944851,0.0002719958739937515,4.169964810887431e-08,6,1.9999175103875089,1.4000078732977748,-6.936559409245199e-07
0.7000000000000001,300.0,0.26389342601937477,1246460007.1803973,647.5455510952703,0.00014057246757259826,4.1986639449426746e-08,6,1.9999175636673179,1.4000078658097272,-6.908488788693012e-07
0.7000000000000001,300.0,0.2897615901728365,1246328237.8164294,634.0575624076503,0.003819385712052855,4.832236005520293e-08,6,1.9999277179303212,1.4000048296752832,-5.462421326500096e-07
0.7000000000000001,300.0,0.318165482202374,1246328183.6454942,624.5785394594951,0.002106443373329326,4.605360502953831e-08,6,1.9999278180484408,1.400004812114129,-5.425479656298757e-07
0.7000000000000001,300.0,0.34935366693939,1246328144.5120926,611.3551431961057,0.0008040499924611148,4.595385457642332e-08,6,1.9999278771929414,1.4000048104572416,-5.389088123855877e-07
0.7000000000000001,300.0,0.3835990747933107,1246196361.3229961,593.3955768769931,0.011965935943970227,5.0296880479113875e-08,6,1.999934461686462,1.4000028573064813,-4.465625681386337e-07
0.7000000000000001,300.0,0.4212013901883932,1246196305.458155,573.5141704344578,0.004112630305525354,5.0347592563341196e-08,6,1.9999345042818788,1.400002877654548,-4.4232518308546384e-07
0.7000000000000001,300.0,0.4624896741271517,1246069249.587134,546.9724465423774,0.03163032533403066,6.1495232807254e-08,6,1.9999386704598319,1.4000016795743908,-3.8349579187162056e-07
0.7000000000000001,300.0,0.5078252438306721,1246069136.25129,518.6447007249477,0.007807599621677887,5.754731810043694e-08,6,1.999938705029883,1.4000017485052236,-3.770885610623348e-07
0.7000000000000001,300.0,0.5576048346557921,1246069069.9651024,481.808076345919,0.00028781275898761893,6.371257319332751e-08,6,1.9999387187896167,1.4000018530639509,-3.7006683777102534e-07
0.7000000000000001,300.0,0.6122640719593427,1245958423.8846798,436.68097800984424,3.40306885365375e-05,7.656950876716647e-08,6,1.9999407735128163,1.400001384491151,-3.4044716899326927e-07
0.7000000000000001,300.0,0.6722812832920282,1245853681.5257645,382.7800727227665,9.76495353853382e-08,9.389297299276614e-08,5,1.9999420753184454,1.4000012233712016,-3.2345057066319567e-07
0.7000000000000001,300.0,0.7381816842827723,1245853569.3248415,310.26053077359796,9.859738687244308e-08,1.541893755874599e-07,5,1.999942078567006,1.4000016306104175,-3.2495627602878944e-07
0.7000000000000001,300.0,0.810541974844553,1104451368.0612948,211.95060257597785,9.98675615643205e-08,3.7555684886219125e-07,3,2.0,1.4000000000000001,0.0
0.7000000000000001,300.0,0.8899953859235032,1096431996.020568,271.5804510421179,0.6918025714036736,1.4389954869191526e-06,3,2.0,1.4000000000000001,0.0
0.7000000000000001,300.0,0.9772372209558107,1054989809.0548722,646.9092214743623,0.974269844123174,2.6127261809505417e-06,3,2.0,1.4000000000000001,0.0
0.7000000000000001,350.0,0.01,1246942145.4554455,804.9411427444581,2.3344916854564572e-06,3.296040904153907e-08,6,1.9997799281127173,1.400043198575731,-2.8648314615465414e-06
0.7000000000000001,350.0,0.010980250419408422,1246942145.39248,804.9277414057992,2.5597687163627606e-06,3.2959491013137784e-08,6,1.9997799333225768,1.4000431979636847,-2.8647390814504683e-06
0.7000000000000001,350.0,0.012056589927291887,1246942145.3195522,804.9106433671004,2.805953205566983e-06,3.295881965959128e-08,6,1.9997799393357873,1.4000431973055918,-2.8646330039021947e-06
0.7000000000000001,350.0,0.013238437660578209,1246942145.2445798,804.8893005403086,3.074727499743454e-06,3.2959004050668835e-08,6,1.9997799454670662,1.4000431968054385,-2.8645219850596204e-06
0.7000000000000001,350.0,0.01453613606748761,1246942145.1542563,804.8635638015584,3.3678306890847097e-06,3.295922792590206e-08,6,1.9997799528537619,1.4000431962039086,-2.8643882222817764e-06
0.7000000000000001,350.0,0.01596104141516088,1246942145.0454345,804.8325297365333,3.6870036357029744e-06,3.295949922512805e-08,6,1.9997799617532674,1.4000431954802828,-2.8642270502004378e-06
0.7000000000000001,350.0,0.017525623169301542,1246942144.9143205,804.7951097048337,4.033954986375111e-06,3.2959827282615084e-08,6,1.999779972475835,1.400043194609744,-2.8640328454899464e-06
0.7000000000000001,350.0,0.01924357311551172,1246942144.7563431,804.7499916944677,4.4102955561957065e-06,3.296022308224291e-08,6,1.999779985395299,1.4000431935622752,-2.8637988315605153e-06
0.7000000000000001,350.0,0.02112992517725142,1246942144.5659947,804.6955946106468,4.81744800849919e-06,3.296069946411407e-08,6,1.9997800009620832,1.4000431923018253,-2.8635168419625714e-06
0.7000000000000001,350.0,0.023201186978958357,1246942144.3366396,804.6300137828875,5.256524838011567e-06,3.296127125116489e-08,6,1.999780019718855,1.400043190785014,-2.86317703612071e-06
0.7000000000000001,350.0,0.02547548430564807,1246942144.060284,804.5509547617983,5.72816557207128e-06,3.2961955386579064e-08,6,1.9997800423193626,1.400043188959613,-2.8627675607436047e-06
0.7000000000000001,350.0,0.0279727197231725,1246942143.7272992,804.4556541348351,6.232322287021344e-06,3.296277094711904e-08,6,1.9997800695510128,1.4000431867628202,-2.862274128863769e-06
0.7000000000000001,350.0,0.030714746747235906,1246942143.3832777,804.3333961151034,6.767493541188806e-06,3.2966346464303264e-08,6,1.9997800973621043,1.4000431854780566,-2.861761228696005e-06
0.7000000000000001,350.0,0.03372556108533605,1246942142.9891274,804.1847649575483,7.331563997661907e-06,3.297122179785462e-08,6,1.9997801291097592,1.4000431844020331,-2.8611702787132977e-06
0.7000000000000001,350.0,0.03703151062520455,1246942142.514184,804.0056307991757,7.92043339995909e-06,3.29770718327299e-08,6,1.9997801673650666,1.400043183110083,-2.860458102580691e-06
0.7000000000000001,350.0,0.04066152600737297,1246942141.9037104,803.7944055965596,8.527980657579677e-06,3.2980982750015054e-08,6,1.999780216521708,1.4000431807390799,-2.859551563028305e-06
0.7000000000000001,350.0,0.044647373799624364,1246942140.2173634,803.6450535305677,9.1538072769117e-06,3.291889573141477e-08,6,1.9997803518528636,1.4000431573188912,-2.8572354682233675e-06
0.7000000000000001,350.0,0.049023934488881024,1246942139.395976,803.3306548221145,9.766121619798014e-06,3.292991635718619e-08,6,1.9997804168200644,1.4000431556103377,-2.856021381635437e-06
0.7000000000000001,350.0,0.05382950772325868,1246942138.0694225,802.9901499935637,1.0360131920036002e-05,3.291785545066253e-08,6,1.9997805215813398,1.4000431464081637,-2.854133804685374e-06
0.7000000000000001,350.0,0.059106147475486,1246942136.204132,802.608802223519,1.0913238379315047e-05,3.2890028080362484e-08,6,1.9997806677527663,1.4000431299297238,-2.8515390242123243e-06
0.7000000000000001,350.0,0.06490003006073211,1246942134.8487368,802.0491355813859,1.1383437347798828e-05,3.29231301134798e-08,6,1.9997807723634882,1.4000431294361377,-2.849561775477076e-06
0.7000000000000001,350.0,0.07126185822939729,1246942132.7379699,801.4299207941721,1.1749707763518305e-05,3.2920075418304574e-08,6,1.9997809331151535,1.4000431194661265,-2.8466222462725777e-06
0.7000000000000001,350.0,0.07824730487111635,1246942130.47553,800.6506966014506,1.1962173040111538e-05,3.294739915304974e-08,6,1.9997811029764547,1.4000431139326341,-2.8434637190405845e-06
0.7000000000000001,350.0,0.08591750021286539,1246942128.3736365,799.6423372636509,1.1970044080403262e-05,3.3022262963235445e-08,6,1.999781256807001,1.4000431210902589,-2.840473481686915e-06
0.7000000000000001,350.0,0.09433956677468387,1246942123.9087484,798.6482199572641,1.1757998500024951e-05,3.2952320450344865e-08,6,1.9997815779660684,1.4000430929027416,-2.8346958966244285e-06
0.7000000000000001,350.0,0.10358720676445314,1246942119.899663,797.297424958438,1.1245775795179342e-05,3.298782611868653e-08,6,1.9997818578782924,1.4000430880505867,-2.8294521633543892e-06
0.7000000000000001,350.0,0.11374134705207334,1246942115.122534,795.6656482716236,1.041885507786219e-05,3.3026437956878355e-08,6,1.9997821783643253,1.4000430868636378,-2.823405439046756e-06
0.7000000000000001,350.0,0.12489084736726071,1246942109.8463905,793.6498144074993,9.26968784211789e-06,3.3104295624398795e-08,6,1.9997825182151683,1.400043098212081,-2.8168633214004627e-06
0.7000000000000001,350.0,0.1371332779184638,1246942099.442523,791.7018642140655,7.874102356322126e-06,3.282312191619374e-08,6,1.9997831579735363,1.40004304912313,-2.8053177446472865e-06
0.7000000000000001,350.0,0.15057577323790639,1246942090.4179282,788.9815674917326,6.249770574938846e-06,3.277611257684357e-08,6,1.9997836839675744,1.4000430571434963,-2.7953257091980877e-06
0.7000000000000001,350.0,0.1653359697248269,1246830726.2066145,782.6408266921796,0.00016264240433443112,3.4929345836859415e-08,6,1.9998378797266256,1.4000284641424172,-1.9479148816037084e-06
0.7000000000000001,350.0,0.18154303509143294,1246830708.4015427,778.9338319751223,0.00012856124155053572,3.466180448840677e-08,6,1.9998387081888342,1.4000283800168478,-1.9328063243214706e-06
0.7000000000000001,350.0,0.19933879872033844,1246830692.1742873,773.9586296596786,9.202361550345358e-05,3.4745547638899347e-08,6,1.9998393888981079,1.4000283666363722,-1.9196750665637593e-06
0.7000000000000001,350.0,0.21887899282533668,1246830672.517643,768.0431272199872,5.790634583135595e-05,3.4764623118329235e-08,6,1.9998401175838745,1.400028376683368,-1.9053236791872403e-06
0.7000000000000001,350.0,0.24033461527700972,1246830647.8349493,761.1568162423506,3.047265161504596e-05,3.4576140296696255e-08,6,1.999840909897009,1.4000284142579082,-1.8894160392422518e-06
0.7000000000000001,350.0,0.26389342601937477,1246712904.012391,750.9476216202579,0.0004714372888668609,3.574177419484671e-08,6,1.999876754351456,1.400018602219981,-1.335997291073222e-06
0.7000000000000001,350.0,0.2897615901728365,1246712862.923935,741.5824539067632,0.00022319141742748976,3.4755989336907444e-08,6,1.9998776291953801,1.4000186026037873,-1.3183253943645468e-06
0.7000000000000001,350.0,0.318165482202374,1246712828.7187033,728.9977124155721,7.22827993336867e-05,3.4715845513646535e-08,6,1.9998781992704988,1.400018747464903,-1.3044987164832723e-06
0.7000000000000001,350.0,0.34935366693939,1246588991.2586696,709.788002557055,0.0007681780355535954,3.850927677576024e-08,6,1.9999014395706167,1.400012255914172,-9.507171583661536e-07
0.7000000000000001,350.0,0.3835990747933107,1246588933.162187,691.9351230045789,0.00016323024235356874,3.78901865038494e-08,6,1.9999019077203093,1.400012383298803,-9.351117270768376e-07
0.7000000000000001,350.0,0.4212013901883932,1246460059.4393528,666.0868685824021,0.0012543150726681902,4.195129145985149e-08,6,1.9999173936693642,1.400007839140878,-7.031363341746244e-07
0.7000000000000001,350.0,0.4624896741271517,1246328232.6859684,635.3565011834522,0.006555280041962572,4.764061671417883e-08,6,1.9999277280179704,1.4000048043346895,-5.50425447747286e-07
0.7000000000000001,350.0,0.5078252438306721,1246069218.596938,625.3842907139169,0.15444837522743216,4.7494385896282026e-08,6,1.9999386805878798,1.4000015535386512,-3.9511704197543676e-07
0.7000000000000001,350.0,0.5576048346557921,1246069215.5490046,565.2457011403228,0.06483413340694898,5.399152457122199e-08,6,1.999938681569631,1.4000016277060274,-3.8839600262802455e-07
0.7000000000000001,350.0,0.6122640719593427,1246069115.027555,510.0428074305287,0.006525069803749648,5.811408989378241e-08,6,1.999938710168894,1.4000017562123317,-3.7800215315515383e-07
0.7000000000000001,350.0,0.6722812832920282,1245958472.0369906,444.90625690349367,0.0003084909897667178,7.996539497359279e-08,6,1.9999407692942643,1.4000013500851156,-3.414966258524093e-07
0.7000000000000001,350.0,0.7381816842827723,1245853659.4718425,370.4735000043204,9.986869664796694e-08,1.0034638357675225e-07,5,1.9999420761723783,1.4000012855925064,-3.2333055941546377e-07
0.7000000000000001,350.0,0.810541974844553,1245741827.473782,250.18559591818692,9.927802512191422e-08,2.921928542173546e-07,5,1.9999434602349346,1.400001765648386,-3.157252210444062e-07
0.7000000000000001,350.0,0.8899953859235032,1098561088.716509,283.7750550895319,0.6478925376685806,1.1627163906684592e-06,3,2.0,1.4000000000000001,0.0
0.7000000000000001,350.0,0.9772372209558107,1057582486.8736465,690.4188198595809,0.9718965831110217,2.0988811385068013e-06,3,2.0,1.4000000000000001,0.0
0.7000000000000001,400.0,0.01,1247348849.7736175,918.67954306037,9.989613885528263e-08,2.6081797417434168e-08,6,1.9986104212145002,1.400316504248334,-2.213387975978621e-05
0.7000000000000001,400.0,0.010980250419408422,1247348849.7486806,918.6602840513636,9.966635304264891e-08,2.6083136816842817e-08,6,1.9986104587636548,1.4003165014294567,-2.2133228567746516e-05
0.7000000000000001,400.0,0.012056589927291887,1247348849.7186158,918.6370651181716,9.966452140818381e-08,2.6084751501954807e-08,6,1.9986105040342366,1.4003164980308556,-2.2132443465275153e-05
0.7000000000000001,400.0,0.013238437660578209,1247348849.6823678,918.6090722896831,9.990516792287153e-08,2.608669801072993e-08,6,1.9986105586151905,1.400316493933017,-2.21314968948665e-05
0.7000000000000001,400.0,0.01453613606748761,1247348849.6386666,918.5753241342615,9.965603443596417e-08,2.608904447907109e-08,6,1.9986106244189237,1.4003164889926065,-2.2130355687061042e-05
0.7000000000000001,400.0,0.01596104141516088,1247348849.5859785,918.5346379233242,9.994779389301115e-08,2.6091873017952998e-08,6,1.9986107037548992,1.4003164830358101,-2.2128979787356644e-05
0.7000000000000001,400.0,0.017525623169301542,1247348849.5224564,918.4855876713832,9.979399013843593e-08,2.609528260160752e-08,6,1.99861079940431,1.4003164758537658,-2.2127320957366743e-05
0.7000000000000001,400.0,0.01924357311551172,1247348849.4458725,918.4264551978379,9.98336529120228e-08,2.6099392286028425e-08,6,1.9986109147216762,1.4003164671942878,-2.2125321012464243e-05
0.7000000000000001,400.0,0.02112992517725142,1247348849.3523436,918.3541396580999,9.999488337238487e-08,2.6104250063003724e-08,6,1.9986110539644588,1.4003164567571145,-2.212291508449958e-05
0.7000000000000001,400.0,0.023201186978958357,1247348849.2411728,918.2680638114794,9.998178077057525e-08,2.6109225722874144e-08,6,1.99861121754192,1.4003164451483667,-2.2120076518485458e-05
0.7000000000000001,400.0,0.02547548430564807,1247348849.1071458,918.1643016975527,9.966361564565178e-08,2.6115220845843005e-08,6,1.9986114147502088,1.4003164311513208,-2.211665430620589e-05
0.7000000000000001,400.0,0.0279727197231725,1247348848.9455643,918.0392233614666,9.978955283926564e-08,2.6122443312243872e-08,6,1.9986116525024027,1.4003164142741786,-2.2112528453350914e-05
0.7000000000000001,400.0,0.030714746747235906,1247348848.7507677,917.888456165579,9.987734947673117e-08,2.61311426915048e-08,6,1.998611939127452,1.4003163939244894,-2.210755437359694e-05
0.7000000000000001,400.0,0.03372556108533605,1247348848.5159328,917.7067330550636,9.993360607461339e-08,2.6141618838947324e-08,6,1.9986122846652106,1.4003163693875957,-2.2101557772065938e-05
0.7000000000000001,400.0,0.03703151062520455,1247348848.1673832,917.4957253467005,9.997516301846099e-08,2.6151603532678977e-08,6,1.9986127956375328,1.4003163170423,-2.2092752715561787e-05
0.7000000000000001,400.0,0.04066152600737297,1247348847.493564,917.2745746747972,9.976911867395381e-08,2.6152989428580952e-08,6,1.9986137774498194,1.4003161654417569,-2.207599859458295e-05
0.7000000000000001,400.0,0.044647373799624364,1247348846.9907138,916.9664645223168,9.988802888502688e-08,2.6170495232779657e-08,6,1.9986145014413499,1.400316093756382,-2.2063513724968234e-05
0.7000000000000001,400.0,0.049023934488881024,1247348846.5981383,916.569209147527,9.986929382314407e-08,2.620153348174438e-08,6,1.9986150571222667,1.4003160839330453,-2.2053771568385406e-05
0.7000000000000001,400.0,0.05382950772325868,1247348846.1163836,916.0906418109512,9.994585440070694e-08,2.6238841098769544e-08,6,1.9986157383327017,1.4003160693936867,-2.2041842815513497e-05
0.7000000000000001,400.0,0.059106147475486,1247348845.311768,915.5433564113157,9.991791462093513e-08,2.6272955383914923e-08,6,1.998616855772049,1.4003159801107399,-2.202249341378673e-05
0.7000000000000001,400.0,0.06490003006073211,1247348844.4908185,914.8633710551218,9.990880363347091e-08,2.6325282512613778e-08,6,1.9986179774094563,1.400315927022692,-2.2002951778736927e-05
0.7000000000000001,400.0,0.07126185822939729,1247348843.5233028,914.041041213902,9.9988545941921e-08,2.63825426528621e-08,6,1.998619273804443,1.4003158764693466,-2.1980330812556805e-05
0.7000000000000001,400.0,0.07824730487111635,1247348842.05381,913.0885366006811,9.980993938550618e-08,2.6439155811966722e-08,6,1.9986212044556442,1.400315726213405,-2.1946905049111735e-05
0.7000000000000001,400.0,0.08591750021286539,1247348839.7651494,912.0068464855016,9.971024090501391e-08,2.6470888997208686e-08,6,1.9986241219757284,1.4003154014336123,-2.1896744965095066e-05
0.7000000000000001,400.0,0.09433956677468387,1247348838.1623611,910.5558689302887,9.993476146847278e-08,2.6587663929612672e-08,6,1.9986260929285973,1.4003153850259924,-2.1862168780232773e-05
0.7000000000000001,400.0,0.10358720676445314,1247348836.2826571,908.7998461337993,9.968601186043072e-08,2.673196560774479e-08,6,1.998628304315049,1.4003154053570932,-2.1823250693230563e-05
0.7000000000000001,400.0,0.11374134705207334,1247348834.191274,906.6592572487142,9.977283005466393e-08,2.6921030773467844e-08,6,1.9986306433459342,1.4003155098462772,-2.1781816016934847e-05
0.7000000000000001,400.0,0.12489084736726071,1247348831.5630784,904.0912764086462,9.986632221144962e-08,2.714620958747677e-08,6,1.9986334074001157,1.4003156501274598,-2.1732814010026263e-05
0.7000000000000001,400.0,0.1371332779184638,1247348828.4837728,900.982838032998,9.965702914611493e-08,2.742725510127873e-08,6,1.9986364110060613,1.4003159009614654,-2.1679259249459513e-05
0.7000000000000001,400.0,0.15057577323790639,1247348824.0087655,897.3279913516353,9.997065203292863e-08,2.771728622748763e-08,6,1.9986404032704002,1.4003161141231164,-2.1608537084184985e-05
0.7000000000000001,400.0,0.1653359697248269,1247348819.7896726,892.7762884499792,9.963972865037106e-08,2.8158453942469137e-08,6,1.9986437865634057,1.4003167271818973,-2.1547222310277377e-05
0.7000000000000001,400.0,0.18154303509143294,1247251860.325538,888.2874084619543,9.230032343119781e-07,2.7995433724012803e-08,6,1.9992257362032329,1.4001748971615964,-1.1896328588988634e-05
0.7000000000000001,400.0,0.19933879872033844,1247251846.9252486,882.3968544488174,4.823792570929987e-07,2.8221617233405315e-08,6,1.9992340642249609,1.400173983272878,-1.1752267822646863e-05
0.7000000000000001,400.0,0.21887899282533668,1247251833.585173,874.9761996803031,2.0087757499763593e-07,2.868145051656926e-08,6,1.999240997589864,1.4001736488621193,-1.1630429868289655e-05
0.7000000000000001,400.0,0.24033461527700972,1247251820.3603256,865.6939075094493,9.970475124817887e-08,2.9465336697732674e-08,6,1.9992465336690268,1.4001739568397957,-1.1530521661088878e-05
0.7000000000000001,400.0,0.26389342601937477,1247152038.8961549,854.6618932807004,3.550544277789233e-06,3.016195732682523e-08,6,1.999522027185276,1.4001059469438577,-7.029759959596966e-06
0.7000000000000001,400.0,0.2897615901728365,1247152011.3135116,841.7946266806327,8.160937143740782e-07,3.097624437053134e-08,6,1.9995286348480235,1.4001057756027975,-6.911678963574039e-06
0.7000000000000001,400.0,0.318165482202374,1247049046.6741152,826.2380269114634,1.407174536251486e-05,3.183418209834995e-08,6,1.9996845509188805,1.400066855800315,-4.392453398171028e-06
0.7000000000000001,400.0,0.34935366693939,1246942155.3389142,807.2542083045469,0.00010531625764842182,3.30693246113008e-08,6,1.999779092727507,1.400043131269141,-2.880541940715892e-06
0.7000000000000001,400.0,0.3835990747933107,1246830735.0868144,783.6821788258673,0.00043004445519604593,3.524860546596971e-08,6,1.9998374440946995,1.400028393841734,-1.956660223413016e-06
0.7000000000000001,400.0,0.4212013901883932,1246830640.7260194,759.8260739087625,4.578747744467509e-05,3.4346636259128005e-08,6,1.9998411170549362,1.4000282958509995,-1.8868159373003992e-06
0.7000000000000001,400.0,0.4624896741271517,1246712827.9456873,728.6672492863876,0.00010331640376033505,3.472401759694004e-08,6,1.999878210281591,1.4000186554422234,-1.3059350240212009e-06
0.7000000000000001,400.0,0.5078252438306721,1246069193.361422,789.7270719298469,0.33316937636585153,4.300735501844278e-08,6,1.9999386886102626,1.4000013239552442,-4.073649527318384e-07
0.7000000000000001,400.0,0.5576048346557921,1246069127.642747,703.8081457952509,0.27300765777535524,4.5270066500131876e-08,6,1.9999387071904229,1.4000014454083884,-4.01836699178622e-07
0.7000000000000001,400.0,0.6122640719593427,1246069140.7104094,600.8958554135506,0.14130154669207176,4.6541645439785816e-08,6,1.9999387038736196,1.4000015518472089,-3.9476229709250356e-07
0.7000000000000001,400.0,0.6722812832920282,1246069113.4224017,511.26880285552664,0.010251983836466456,5.76618309717366e-08,6,1.9999387105312303,1.4000017212101488,-3.827218775665948e-07
0.7000000000000001,400.0,0.7381816842827723,1245853797.0656157,422.4072804255029,0.00011882548960694238,8.547813790826561e-08,5,1.9999420688614649,1.4000010444816129,-3.25028111596162e-07
0.7000000000000001,400.0,0.810541974844553,1245853574.1225572,313.6280773084275,9.816146107483784e-08,1.499762132671176e-07,5,1.9999420784746018,1.4000016192246834,-3.24864596387243e-07
0.7000000000000001,400.0,0.8899953859235032,1102964488.861684,165.7050017787536,9.475414861563555e-08,5.424111647888413e-07,3,2.0,1.4000000000000001,0.0
0.7000000000000001,400.0,0.9772372209558107,1059933509.7515056,706.8914395265513,0.9686687697367957,1.8286958418069865e-06,3,2.0,1.4000000000000001,0.0
0.7000000000000001,450.0,0.01,1247534167.3543212,1024.34913899108,9.959374022989911e-08,2.2926386727965893e-08,6,1.9864875238978081,1.4029204675442948,-0.00023207406664259222
0.7000000000000001,450.0,0.010980250419408422,1247534167.3443956,1024.3256085263881,9.974736942776681e-08,2.292818819469834e-08,6,1.9864876625583634,1.4029204986215884,-0.0002320718615173802
0.7000000000000001,450.0,0.012056589927291887,1247534167.3324287,1024.297239046765,9.97155874555744e-08,2.2930360247677992e-08,6,1.98648782973641,1.4029205360916157,-0.00023206920289707664
0.7000000000000001,450.0,0.013238437660578209,1247534167.318,1024.2630355234312,9.98762533785416e-08,2.293297918386099e-08,6,1.9864880313039794,1.4029205812682732,-0.00023206599740142956
0.7000000000000001,450.0,0.01453613606748761,1247534167.3006039,1024.2217982997574,9.964979618441229e-08,2.2936136942610297e-08,6,1.9864882743288268,1.4029206357384587,-0.00023206213265758585
0.7000000000000001,450.0,0.01596104141516088,1247534167.2796292,1024.1720810774327,9.960687732692829e-08,2.293994446942194e-08,6,1.9864885673442165,1.4029207014134195,-0.00023205747297924987
0.7000000000000001,450.0,0.017525623169301542,1247534167.2543402,1024.1121401966777,9.971917958290451e-08,2.2944535531490085e-08,6,1.9864889206320333,1.4029207805995165,-0.00023205185489488632
0.7000000000000001,450.0,0.01924357311551172,1247534167.2238488,1024.0398736040145,9.968571275144571e-08,2.2950071505212467e-08,6,1.9864893465958202,1.4029208760769643,-0.00023204508120338368
0.7000000000000001,450.0,0.02112992517725142,1247534167.187085,1023.9527471269889,9.990627712389131e-08,2.295674702622631e-08,6,1.9864898601871097,1.4029209911996228,-0.00023203691421752495
0.7000000000000001,450.0,0.023201186978958357,1247534167.1383493,1023.8480000472304,9.990033496101212e-08,2.2964823319630497e-08,6,1.9864905409298466,1.4029211164806121,-0.00023202599894423548
0.7000000000000001,450.0,0.02547548430564807,1247534167.0576425,1023.7248579499071,9.961402495953225e-08,2.2974136586056867e-08,6,1.986491667812311,1.4029211998721556,-0.00023200749503006797
0.7000000000000001,450.0,0.0279727197231725,1247534166.960334,1023.5764050368552,9.987296281771038e-08,2.298536583020013e-08,6,1.9864930264968246,1.4029213004222036,-0.0002319851851836572
0.7000000000000001,450.0,0.030714746747235906,1247534166.8430085,1023.3974426360713,9.975098868735278e-08,2.2998905344763548e-08,6,1.9864946646740484,1.402921421663709,-0.00023195828654824142
0.7000000000000001,450.0,0.03372556108533605,1247534166.7223375,1023.1786079712488,9.991014947477917e-08,2.3016137779162705e-08,6,1.9864963489087661,1.4029216322172071,-0.0002319309342334761
0.7000000000000001,450.0,0.03703151062520455,1247534166.5921018,1022.9131563829599,9.99269222063497e-08,2.3037354382882818e-08,6,1.9864981660878578,1.4029219333048275,-0.00023190167815025846
0.7000000000000001,450.0,0.04066152600737297,1247534166.4349148,1022.5928534552285,9.973926479857566e-08,2.306287303602986e-08,6,1.9865003591539236,1.4029222960468948,-0.00023186637528619996
0.7000000000000001,450.0,0.044647373799624364,1247534166.2455096,1022.2069300423093,9.95671571799236e-08,2.3091649146564308e-08,6,1.9865029999786694,1.4029227343271746,-0.0002318238680271277
0.7000000000000001,450.0,0.049023934488881024,1247534165.9618926,1021.7485859582703,9.968957163040076e-08,2.3125935187958388e-08,6,1.9865069533618307,1.4029230928815986,-0.0002317592072593459
0.7000000000000001,450.0,0.05382950772325868,1247534165.6157293,1021.1964219825896,9.993550498603475e-08,2.3168681663038185e-08,6,1.9865117759912563,1.4029235130799096,-0.00023168027755552024
0.7000000000000001,450.0,0.059106147475486,1247534165.2644398,1020.5221779684986,9.972715635758568e-08,2.3220134303245774e-08,6,1.9865166665098166,1.4029242248803224,-0.00023160124742829105
0.7000000000000001,450.0,0.06490003006073211,1247534164.728825,1019.7233896480361,9.957974067317956e-08,2.328254332826368e-08,6,1.9865241178558672,1.4029247394181028,-0.00023147885943813036
0.7000000000000001,450.0,0.07126185822939729,1247534164.2545211,1018.738520059287,9.960418403449065e-08,2.3361820396027422e-08,6,1.9865307088752635,1.40292589151594,-0.00023137306582411113
0.7000000000000001,450.0,0.07824730487111635,1247534163.2076564,1017.6111077341932,9.982877855825454e-08,2.3434314230038148e-08,6,1.9865452410822602,1.4029258204278565,-0.00023113069906134347
0.7000000000000001,450.0,0.08591750021286539,1247534162.3946178,1016.1948905894071,9.983416323614122e-08,2.3544246843712844e-08,6,1.9865565122362527,1.4029271241240395,-0.00023094756575450087
0.7000000000000001,450.0,0.09433956677468387,1247534161.4980736,1014.4759465858637,9.987954110028049e-08,2.368371499920401e-08,6,1.9865689195501135,1.4029289633009914,-0.00023074748468778178
0.7000000000000001,450.0,0.10358720676445314,1247534160.4827893,1012.3944888653318,9.970369719532378e-08,2.3855462777594033e-08,6,1.9865829413805058,1.4029313968676893,-0.0002305227464415979
0.7000000000000001,450.0,0.11374134705207334,1247443154.405569,1021.6975519631919,9.029944754330162e-06,2.0947371287958477e-08,6,1.9961573612588375,1.4008200199577077,-6.387270338343963e-05
0.7000000000000001,450.0,0.12489084736726071,1247443148.6439073,1019.3207493329447,8.004747499986271e-06,2.092724631004488e-08,6,1.9962397271821992,1.4008040726225097,-6.245981514940787e-05
0.7000000000000001,450.0,0.1371332779184638,1247443144.1737974,1016.0844334365615,6.721236404268822e-06,2.1042697706908364e-08,6,1.9963034272568319,1.4007926089236464,-6.136743835335584e-05
0.7000000000000001,450.0,0.15057577323790639,1247443139.5247319,1012.074503163437,5.27438371857194e-06,2.1224800488692154e-08,6,1.9963694071755376,1.400781091166797,-6.02361661073805e-05
0.7000000000000001,450.0,0.1653359697248269,1247443134.4518633,1007.1646775635667,3.7923930903627097e-06,2.1475268682581664e-08,6,1.9964410412537545,1.4007688489660621,-5.900808824243484e-05
0.7000000000000001,450.0,0.18154303509143294,1247443128.8206396,1001.1778077514741,2.4307695354146144e-06,2.1813510900398536e-08,6,1.9965201286121803,1.400755565543389,-5.765244326177518e-05
0.7000000000000001,450.0,0.19933879872033844,1247443122.8644922,993.8317301389155,1.3355807235891758e-06,2.2281857031075996e-08,6,1.9966008462739817,1.4007426449477685,-5.626829903381887e-05
0.7000000000000001,450.0,0.21887899282533668,1247443117.236514,984.7382781311607,5.943473095940838e-07,2.2653840179736908e-08,6,1.996664054835095,1.4007345763091785,-5.518231283409401e-05
0.7000000000000001,450.0,0.24033461527700972,1247443113.821997,973.2688963001001,1.966664846988282e-07,2.363496512503504e-08,6,1.9966892662730875,1.4007363677124014,-5.4744237506326045e-05
0.7000000000000001,450.0,0.26389342601937477,1247443105.738487,959.949371838405,9.985532396750035e-08,2.4758841419407738e-08,6,1.9967360197498099,1.40073476102319,-5.3937292844309615e-05
0.7000000000000001,450.0,0.2897615901728365,1247443094.5967422,944.0101551059433,9.961777181390282e-08,2.6147830426153478e-08,6,1.9967789034328325,1.4007359374204267,-5.3194584236599094e-05
0.7000000000000001,450.0,0.318165482202374,1247348874.7425182,927.7369720621871,8.332473665089963e-07,2.608219748675052e-08,6,1.9985656886210883,1.4003235192910621,-2.289096005913975e-05
0.7000000000000001,450.0,0.34935366693939,1247348834.766287,907.2485045576233,9.995296309854518e-08,2.6869705330282462e-08,6,1.9986300137638555,1.400315209626622,-2.1787854733419828e-05
0.7000000000000001,450.0,0.3835990747933107,1247251845.7212815,881.6173260668814,8.591354014171815e-07,2.8277342405010963e-08,6,1.9992347436556168,1.4001737322463836,-1.1736412726829407e-05
0.7000000000000001,450.0,0.4212013901883932,1247152029.0256598,850.2115220182524,3.429272900568327e-06,3.041872612321014e-08,6,1.9995246495546641,1.40010562219438,-6.980713043352902e-06
0.7000000000000001,450.0,0.4624896741271517,1246942182.5669,811.6186294287423,0.00022271141036023432,3.369665409407006e-08,6,1.9997765923128346,1.400043373611892,-2.922515567172533e-06
0.7000000000000001,450.0,0.5078252438306721,1246196393.3002322,886.592698615726,0.33416609227698024,3.8270184295456074e-08,6,1.9999344332042412,1.400002220428354,-4.775885148871294e-07
0.7000000000000001,450.0,0.5576048346557921,1246069155.1269546,884.5730848087493,0.41227484950965376,4.359643242420272e-08,6,1.9999386999634223,1.4000012041859407,-4.111650934014313e-07
0.7000000000000001,450.0,0.6122640719593427,1246069090.3105664,753.010640465782,0.3433096689560804,5.0334031843664435e-08,6,1.9999387153011137,1.4000013541569267,-4.045099763052227e-07
0.7000000000000001,450.0,0.6722812832920282,1245853814.6302226,678.1875255146216,0.37326915126055804,6.099445870739197e-08,5,1.9999420676433584,1.4000004712299345,-3.536939728287781e-07
0.7000000000000001,450.0,0.7381816842827723,1246069063.151878,477.0821580069235,0.0006036644546340977,6.500794686798466e-08,6,1.9999387198096545,1.4000018236957892,-3.774514387342234e-07
0.7000000000000001,450.0,0.810541974844553,1245853639.9341908,358.4954422873252,9.992855822320314e-08,1.0795499494493886e-07,5,1.9999420768295735,1.4000013504784037,-3.233784714417817e-07
0.7000000000000001,450.0,0.8899953859235032,1103765148.287572,187.91554754217432,9.178040770202476e-08,4.4994174344835126e-07,3,2.0,1.4000000000000001,0.0
0.7000000000000001,450.0,0.9772372209558107,1062093909.9076929,705.7539114892091,0.9647704607464165,1.677283465589123e-06,3,2.0,1.4000000000000001,0.0
0.7000000000000001,500.0,0.01,1247621465.6965325,1119.8359146978119,1.9619697402178776e-07,1.9204423299715267e-08,6,1.951789535445542,1.4096301384632752,-0.0008453203361541303
0.7000000000000001,500.0,0.010980250419408422,1247621465.681179,1119.8102177173328,2.1501438068322612e-07,1.9205803579263343e-08,6,1.9517897617339144,1.4096303037697904,-0.0008453173805129275
0.7000000000000001,500.0,0.012056589927291887,1247621465.6626692,1119.779236293769,2.3554307212286759e-07,1.920746769332009e-08,6,1.951790034543581,1.4096305030851,-0.0008453138173676644
0.7000000000000001,500.0,0.013238437660578209,1247621465.6403542,1119.741883818652,2.5790824895850794e-07,1.9209474003558887e-08,6,1.951790363436022,1.409630743408511,-0.0008453095219091716
0.7000000000000001,500.0,0.01453613606748761,1247621465.6134508,1119.6968504710974,2.822339714093395e-07,1.9211892905402063e-08,6,1.9517907599545905,1.4096310331774293,-0.0008453043433945248
0.7000000000000001,500.0,0.01596104141516088,1247621465.581016,1119.6425570234433,3.08638918546262e-07,1.9214809232901677e-08,6,1.9517912379969915,1.409631382570995,-0.0008452981004440596
0.7000000000000001,500.0,0.017525623169301542,1247621465.5419123,1119.5770998371786,3.372305227893556e-07,1.9218325292279434e-08,6,1.951791814331834,1.4096318038628217,-0.0008452905741719631
0.7000000000000001,500.0,0.01924357311551172,1247621465.494768,1119.4981840416265,3.6809699451803187e-07,1.9222564429566393e-08,6,1.9517925091749204,1.4096323118568186,-0.0008452815007319593
0.7000000000000001,500.0,0.02112992517725142,1247621465.437929,1119.403043390942,4.012966594258719e-07,1.922767536245144e-08,6,1.951793346902579,1.4096329244080914,-0.0008452705620025457
0.7000000000000001,500.0,0.023201186978958357,1247621465.360884,1119.289209872976,4.3684634302254624e-07,1.9233359375541556e-08,6,1.9517944822085336,1.4096336371293263,-0.0008452551595341547
0.7000000000000001,500.0,0.02547548430564807,1247621465.2446823,1119.1555822532353,4.7470744184604094e-07,1.923859426641973e-08,6,1.9517961939348423,1.4096344252556032,-0.0008452304596985587
0.7000000000000001,500.0,0.0279727197231725,1247621465.104591,1118.9944973408499,5.147403185433388e-07,1.9244902053255843e-08,6,1.9517982575732695,1.4096353757045457,-0.0008452006832902842
0.7000000000000001,500.0,0.030714746747235906,1247621464.9356987,1118.800319685016,5.566981541603089e-07,1.9252501690760176e-08,6,1.951800745465267,1.4096365219622735,-0.0008451647873127398
0.7000000000000001,500.0,0.03372556108533605,1247621464.4382114,1118.6074185438065,6.003388543843508e-07,1.9255982720395607e-08,6,1.9518080730728868,1.409637005088665,-0.0008450444060499626
0.7000000000000001,500.0,0.03703151062520455,1247621464.254537,1118.3160539922144,6.447336533972188e-07,1.9271218761304175e-08,6,1.9518107767756103,1.4096388621336335,-0.0008450085170519691
0.7000000000000001,500.0,0.04066152600737297,1247621464.0665982,1117.960616989281,6.891952465980392e-07,1.9290303653915417e-08,6,1.9518135428439465,1.409641204755463,-0.0008449740382148378
0.7000000000000001,500.0,0.044647373799624364,1247621463.647059,1117.5590020034913,7.32719617826917e-07,1.930254284047742e-08,6,1.9518197160260795,1.409643440588477,-0.000844881928157719
0.7000000000000001,500.0,0.049023934488881024,1247621462.7710302,1117.126715706747,7.739782770586766e-07,1.9312666463105588e-08,6,1.9518326031333697,1.4096450053960912,-0.0008446739054773034
0.7000000000000001,500.0,0.05382950772325868,1247621462.429287,1116.5055745929992,8.103869451083558e-07,1.9346884823935607e-08,6,1.9518376262824377,1.40964908224108,-0.0008446104367290326
0.7000000000000001,500.0,0.059106147475486,1247621461.7627182,1115.7925545117873,8.401765231656358e-07,1.937894380139261e-08,6,1.951847418116858,1.409653224504318,-0.0008444673976889701
0.7000000000000001,500.0,0.06490003006073211,1247621461.1787095,1114.9019315856249,8.602697020095911e-07,1.94256163751449e-08,6,1.951855991340894,1.4096588987131748,-0.0008443525943863607
0.7000000000000001,500.0,0.07126185822939729,1247621459.9848323,1113.8969499261013,8.680646972182213e-07,1.9463596320153468e-08,6,1.9518735042050586,1.409664252954106,-0.0008440864294968893
0.7000000000000001,500.0,0.07824730487111635,1247621458.7198966,1112.6610923376124,8.598527986595018e-07,1.9516683337644743e-08,6,1.9518920377589744,1.409671259076015,-0.0008438116540503988
0.7000000000000001,500.0,0.08591750021286539,1247621457.5389729,1111.1230565665405,8.32389038627003e-07,1.9594316743543092e-08,6,1.9519093151955493,1.409680784216852,-0.000843570804622707
0.7000000000000001,500.0,0.09433956677468387,1247621456.5333974,1109.2109699822056,7.83209388064147e-07,1.9705675197028182e-08,6,1.9519240033224288,1.4096935852905823,-0.0008433900535405709
0.7000000000000001,500.0,0.10358720676445314,1247621455.1958046,1106.922238163945,7.116967115810141e-07,1.983932102313837e-08,6,1.9519435053609864,1.4097086927887588,-0.0008431405756567438
0.7000000000000001,500.0,0.11374134705207334,1247621453.2099206,1104.212902219271,6.192800620880074e-07,1.9983561801264036e-08,6,1.9519723884135844,1.409725848963549,-0.0008427447362255208
0.7000000000000001,500.0,0.12489084736726071,1247621450.9526997,1100.9283903166222,5.100104743645319e-07,2.0166970448691055e-08,6,1.9520051309948245,1.409747069569191,-0.0008423054004774049
0.7000000000000001,500.0,0.1371332779184638,1247621449.0836105,1096.8510183843127,3.914151020416731e-07,2.0430410906199238e-08,6,1.9520321394226132,1.4097754391276898,-0.0008419989599198204
0.7000000000000001,500.0,0.15057577323790639,1247621446.946742,1091.9151736439603,2.7459307104795545e-07,2.0759062268902465e-08,6,1.9520628805913738,1.4098102687501046,-0.0008416638067086127
0.7000000000000001,500.0,0.1653359697248269,1247621444.4079342,1085.9522746745051,1.7143926296855936e-07,2.1167723830556647e-08,6,1.9520992046078014,1.409852774584158,-0.0008412757024113948
0.7000000000000001,500.0,0.18154303509143294,1247621440.264476,1078.9003840424386,9.992148152738787e-08,2.1621764277389732e-08,6,1.9521581169530475,1.4099012989323014,-0.0008405426578850095
0.7000000000000001,500.0,0.19933879872033844,1247621435.2641392,1070.3893008744712,9.955376166050537e-08,2.2200245311148334e-08,6,1.9522286685248025,1.409960632451177,-0.000839673872678816
0.7000000000000001,500.0,0.21887899282533668,1247621428.6078188,1060.190694433133,9.948856960444252e-08,2.2892902654719034e-08,6,1.952321723685343,1.410031504868075,-0.0008384940664478526
0.7000000000000001,500.0,0.24033461527700972,1247621422.2803252,1047.6707637348675,9.936305208785983e-08,2.3859176184518738e-08,6,1.952409167677859,1.410123995881956,-0.0008375286574565704
0.7000000000000001,500.0,0.26389342601937477,1247534198.9117548,1060.9040687177467,3.028343609323524e-06,2.0771381178521253e-08,6,1.98603635160466,1.4029178119929273,-0.00023959560353407005
0.7000000000000001,500.0,0.2897615901728365,1247534180.361873,1044.2198417152579,6.585341521082535e-07,2.1556556574410456e-08,6,1.9863036016940696,1.402906858102827,-0.00023508215483599552
0.7000000000000001,500.0,0.318165482202374,1247534166.5861824,1022.9009966706387,9.997632535689735e-08,2.3038319505103253e-08,6,1.9864982486820688,1.4029213363684763,-0.000231882413189318
0.7000000000000001,500.0,0.34935366693939,1247443137.6122706,1010.1224261380596,1.0577858297937823e-05,2.1327787782298807e-08,6,1.9963964576103521,1.4007760405339034,-5.975736830254035e-05
0.7000000000000001,500.0,0.3835990747933107,1247443116.9621592,979.3299377832793,6.205285003358759e-07,2.3151171761779443e-08,6,1.9966661847549894,1.4007371287471408,-5.5130340469233775e-05
0.7000000000000001,500.0,0.4212013901883932,1247443092.9535015,941.7036594185347,9.994359023538043e-08,2.635556369330515e-08,6,1.996783726015113,1.400736125032707,-5.310193170504681e-05
0.7000000000000001,500.0,0.4624896741271517,1247348829.7738035,902.3247654706606,9.997409116329209e-08,2.7304115839936258e-08,6,1.998635184704645,1.4003152894504927,-2.1690351303667347e-05
0.7000000000000001,500.0,0.5078252438306721,1247152032.810595,852.2289135091031,5.255922105272586e-06,3.0269691489442844e-08,6,1.9995236778783605,1.400105475812575,-6.994606979095383e-06
0.7000000000000001,500.0,0.5576048346557921,1246196333.728753,969.7410071214464,0.40156774606832923,3.9259350834211456e-08,6,1.9999344841426,1.4000020675674598,-4.78459683979028e-07
0.7000000000000001,500.0,0.6122640719593427,1246069111.2446191,942.5332988338511,0.4641366397696517,4.781519828395358e-08,6,1.999938711015991,1.4000011410208215,-4.117620065438671e-07
0.7000000000000001,500.0,0.6722812832920282,1245853891.00654,878.4202746813359,0.5104599632962893,5.978413434557153e-08,5,1.9999420620056692,1.4000003402096886,-3.594959839001848e-07
0.7000000000000001,500.0,0.7381816842827723,1245853738.6997607,598.5916513048867,0.31911950202457395,6.700460272942213e-08,5,1.9999420725168242,1.4000005314519988,-3.526386805841559e-07
0.7000000000000001,500.0,0.810541974844553,1245853716.4107459,399.1727046693367,7.198133839378168e-07,8.751660148716069e-08,5,1.9999420737098539,1.400001146415833,-3.2386694354650103e-07
0.7000000000000001,500.0,0.8899953859235032,1104509887.4181614,214.259379402,9.534298949078874e-08,3.6940618353788196e-07,3,2.0,1.4000000000000001,0.0
0.7000000000000001,500.0,0.9772372209558107,1064057835.836908,696.5443953170344,0.9604090831103542,1.5864808759743358e-06,3,2.0,1.4000000000000001,0.0
0.7000000000000001,550.0,0.01,1247692694.298505,1054.389174232659,2.4439653955206355e-07,3.216702252151294e-08,6,1.7082389901742623,1.4615812318386632,-0.005356149850768065
0.7000000000000001,550.0,0.010980250419408422,1247692692.200393,1054.379038190124,2.680943241790519e-07,3.216723493904152e-08,6,1.7082640652508458,1.461576462264348,-0.005355677711466837
0.7000000000000001,550.0,0.012056589927291887,1247692689.6710527,1054.366816273744,2.94031017441017e-07,3.2167491079267924e-08,6,1.7082942940459207,1.4615707121757082,-0.005355108530749748
0.7000000000000001,550.0,0.013238437660578209,1247692686.621858,1054.3520795803277,3.223988005632954e-07,3.216779991038678e-08,6,1.7083307357561697,1.461563779910837,-0.005354422363340082
0.7000000000000001,550.0,0.01453613606748761,1247692682.9459763,1054.3343110986366,3.5339982352225534e-07,3.21681722301886e-08,6,1.7083746671614375,1.4615554223110725,-0.005353595166146502
0.7000000000000001,550.0,0.01596104141516088,1247692678.5146334,1054.312887652038,3.872442932656105e-07,3.216862103453795e-08,6,1.7084276272777017,1.4615453461714545,-0.005352597957016799
0.7000000000000001,550.0,0.017525623169301542,1247692673.1726143,1054.287058126429,4.2414743076206563e-07,3.216916195985858e-08,6,1.7084914711195855,1.461533197934005,-0.0053513958017594315
0.7000000000000001,550.0,0.01924357311551172,1247692668.936733,1054.2293145178296,4.6384804613141877e-07,3.217481052937404e-08,6,1.708542100235698,1.4615252976547355,-0.0053504565537409385
0.7000000000000001,550.0,0.02112992517725142,1247692664.1734087,1054.1594311716826,5.066875812435045e-07,3.2180512864322086e-08,6,1.70859903425023,1.4615167783899183,-0.00534940280481946
0.7000000000000001,550.0,0.023201186978958357,1247692658.4308748,1054.0751821443364,5.528885920475568e-07,3.2187388974697456e-08,6,1.7086676723466268,1.4615065052888532,-0.005348132411076513
0.7000000000000001,550.0,0.02547548430564807,1247692651.5078588,1053.973616756186,6.025173512499812e-07,3.219568072575456e-08,6,1.7087504202504091,1.4614941166242084,-0.0053466008309919185
0.7000000000000001,550.0,0.0279727197231725,1247692639.2853916,1053.8932093905998,6.57011063840687e-07,3.219957726064722e-08,6,1.7088965067296475,1.4614674132519836,-0.005343859290699354
0.7000000000000001,550.0,0.030714746747235906,1247692621.431144,1053.829118445709,7.16540008624472e-07,3.2199805299196056e-08,6,1.7091099016531948,1.4614257100633719,-0.005339833362275468
0.7000000000000001,550.0,0.03372556108533605,1247692601.391316,1053.7356751472805,7.7963737638594e-07,3.2201801283187995e-08,6,1.7093494005390362,1.4613799179423548,-0.005335322749075806
0.7000000000000001,550.0,0.03703151062520455,1247692584.1503637,1053.5469867893623,8.437072642145955e-07,3.22162480220413e-08,6,1.7095554645575977,1.461345793311642,-0.005331483919243294
0.7000000000000001,550.0,0.04066152600737297,1247692558.4960337,1053.3745289887981,9.126023279758418e-07,3.222473614267073e-08,6,1.7098620810495886,1.4612898079654344,-0.005325730909618677
0.7000000000000001,550.0,0.044647373799624364,1247692524.083812,1053.2043251963087,9.859217622010315e-07,3.222980321188235e-08,6,1.7102733577080056,1.4612117134110223,-0.005317991336607466
0.7000000000000001,550.0,0.049023934488881024,1247692487.6246755,1052.9440984099049,1.0585082933259957e-06,3.224381450592422e-08,6,1.7107090763073058,1.4611328044823229,-0.005309822308808879
0.7000000000000001,550.0,0.05382950772325868,1247692445.4560587,1052.6120521097746,1.1301021684937118e-06,3.2263150668123545e-08,6,1.711213037435648,1.4610430817402402,-0.005300387121495277
0.7000000000000001,550.0,0.059106147475486,1247692390.4261808,1052.2566662234144,1.2019592101594634e-06,3.2280207781445576e-08,6,1.7118706775137573,1.4609220836317598,-0.005288045212180354
0.7000000000000001,550.0,0.06490003006073211,1247692324.3724139,1051.8252589510148,1.2695989878581137e-06,3.230140305440787e-08,6,1.712660046680756,1.4607770133946008,-0.0052732347689711905
0.7000000000000001,550.0,0.07126185822939729,1247692255.9885685,1051.1825379905843,1.3217614137920127e-06,3.234557429068915e-08,6,1.713477194274532,1.4606361770010932,-0.005257978577948969
0.7000000000000001,550.0,0.07824730487111635,1247692161.4407809,1050.5256359056216,1.3692065815878843e-06,3.238627378622415e-08,6,1.7146070258959965,1.460429383639963,-0.005236793827268961
0.7000000000000001,550.0,0.08591750021286539,1247692042.2154644,1049.7929926714241,1.4043119728406754e-06,3.242601456586285e-08,6,1.7160316232581485,1.4601638606929135,-0.005210050461021548
0.7000000000000001,550.0,0.09433956677468387,1247691888.6405482,1049.0316967132235,1.426132325526717e-06,3.24497081076429e-08,6,1.7178665351021274,1.4598134110243635,-0.005175548536496767
0.7000000000000001,550.0,0.10358720676445314,1247691729.7597108,1047.8355605868658,1.403052128417339e-06,3.2519306035255026e-08,6,1.7197646104937618,1.4594702055160436,-0.005140024053768287
0.7000000000000001,550.0,0.11374134705207334,1247691535.5253084,1046.4253777538931,1.3477834323523239e-06,3.259848376587988e-08,6,1.7220848014898043,1.459047355294243,-0.005096591312082611
0.7000000000000001,550.0,0.12489084736726071,1247691289.535892,1044.8469026199366,1.2624898038348216e-06,3.2680152834945206e-08,6,1.7250228851313862,1.4585003488273383,-0.0050415301900250545
0.7000000000000001,550.0,0.1371332779184638,1247690996.3346713,1042.906932008662,1.1357576088698035e-06,3.2785962915711915e-08,6,1.7285244121416532,1.4578491638156008,-0.004975955710549895
0.7000000000000001,550.0,0.15057577323790639,1247690658.9547522,1040.4066685796959,9.63927943777061e-07,3.293762956292809e-08,6,1.732552800042853,1.4571102583596114,-0.004900650310719449
0.7000000000000001,550.0,0.1653359697248269,1247690208.505789,1037.8743487416393,7.837604436740388e-07,3.304996646074165e-08,6,1.7379300106611915,1.4560827745142677,-0.004799900292806384
0.7000000000000001,550.0,0.18154303509143294,1247689714.3508685,1034.323930849104,5.715894002339858e-07,3.3257281955049307e-08,6,1.7438269150511427,1.4549866340977575,-0.004689777468069159
0.7000000000000001,550.0,0.19933879872033844,1247689106.0583935,1030.173744919028,3.735208936045448e-07,3.3499665366730615e-08,6,1.751082909888294,1.453618627654828,-0.004554300965713304
0.7000000000000001,550.0,0.21887899282533668,1247688357.226815,1025.3787041948149,2.10299157180084e-07,3.376127498907174e-08,6,1.7600109562575665,1.4519101293204033,-0.004387679190670888
0.7000000000000001,550.0,0.24033461527700972,1247687474.639704,1019.4331557986026,9.939264879534366e-08,3.4107079999450436e-08,6,1.7705271292349756,1.4498933591542336,-0.004191771032379026
0.7000000000000001,550.0,0.26389342601937477,1247686395.3962622,1012.4502679606848,9.886488746392127e-08,3.451622224163316e-08,6,1.7833765036259366,1.4473896526832724,-0.003952664988093844
0.7000000000000001,550.0,0.2897615901728365,1247621474.678102,1129.0558869944168,1.1645000889662192e-05,1.8814398626856153e-08,6,1.9516565914257669,1.4095767064942313,-0.0008472419677531664
0.7000000000000001,550.0,0.318165482202374,1247621454.754953,1106.1258226567231,2.086303073248164e-06,1.988423376218955e-08,6,1.951949923304634,1.4097126837935638,-0.0008430194212924902
0.7000000000000001,550.0,0.34935366693939,1247621439.48417,1077.2365215898726,1.5121386242626546e-07,2.1742317523856128e-08,6,1.9521691670828292,1.4099121788941487,-0.0008403857945042539
0.7000000000000001,550.0,0.3835990747933107,1247534210.4836445,1069.781960426552,9.712591804076149e-06,2.0421857246315735e-08,6,1.9858677326755267,1.4029278350248309,-0.0002424368827772741
0.7000000000000001,550.0,0.4212013901883932,1247534170.4422004,1030.5297885679954,2.2477654506593603e-07,2.2450363813195184e-08,6,1.9864442402108051,1.4029124692945465,-0.00023273429452117908
0.7000000000000001,550.0,0.4624896741271517,1247443123.4851604,994.3397202110064,3.347488002014389e-06,2.2253904003793018e-08,6,1.9965929712130042,1.4007431956881928,-5.637644747133429e-05
0.7000000000000001,550.0,0.5078252438306721,1247443087.4305673,933.9101370652608,9.95415059527077e-08,2.70750542618524e-08,6,1.9967978133043796,1.400738093794749,-5.28485617334405e-05
0.7000000000000001,550.0,0.5576048346557921,1247251827.4512594,870.51004129849,2.9025118875536076e-07,2.9066637945890558e-08,6,1.9992437428807612,1.4001732215605844,-1.1568909511797212e-05
0.7000000000000001,550.0,0.6122640719593427,1246196285.1915762,1007.4395032682937,0.44197325692571465,4.3638315929452464e-08,6,1.99993451657717,1.4000019957900973,-4.7641625767679113e-07
0.7000000000000001,550.0,0.6722812832920282,1246069063.537735,934.1960526748085,0.48931782968962406,5.905292423748369e-08,6,1.9999387197536553,1.40000114122024,-4.0873565791222475e-07
0.7000000000000001,550.0,0.7381816842827723,1245853690.3985982,816.2251375884509,0.5254741342252579,8.067782891590496e-08,5,1.999942074939643,1.4000003719621488,-3.5649781628334995e-07
0.7000000000000001,550.0,0.810541974844553,1245958432.377737,438.8199795302078,0.0005742832664426527,7.680184061150166e-08,6,1.9999407728047198,1.400001364069661,-3.4382349292417243e-07
0.7000000000000001,550.0,0.8899953859235032,1245536415.2295797,226.64523628734207,9.519211982918184e-08,3.3918174325246205e-07,5,1.999945553837708,1.400001706762338,-2.9956564673531953e-07
0.7000000000000001,550.0,0.9772372209558107,1065853534.2364923,682.300688500811,0.9555718038215539,1.5317629145467789e-06,3,2.0,1.4000000000000001,0.0
0.7000000000000001,600.0,0.01,1247701110.4968565,1111.8416328991248,5.939175655440649e-06,2.9333324060888007e-08,6,1.607539130928611,1.479193364370099,-0.007257864734227605
0.7000000000000001,600.0,0.010980250419408422,1247701108.77998,1111.822626269819,6.516774075550111e-06,2.9334621197616058e-08,6,1.6075596637623792,1.4791903332297642,-0.0072574780453396525
0.7000000000000001,600.0,0.012056589927291887,1247701106.7132263,1111.7996778970057,7.149492533201361e-06,2.9336185668825684e-08,6,1.6075843809208188,1.479186688233868,-0.0072570125861457285
0.7000000000000001,600.0,0.013238437660578209,1247701104.2249758,1111.7719741057845,7.842245508739971e-06,2.933807253874432e-08,6,1.6076141389340275,1.479182304017258,-0.007256452234733934
0.7000000000000001,600.0,0.01453613606748761,1247701101.2289205,1111.738533689678,8.600270007397338e-06,2.9340348217297808e-08,6,1.6076499699949793,1.479177029490354,-0.007255777562657787
0.7000000000000001,600.0,0.01596104141516088,1247701097.6210513,1111.6981734797762,9.42910524806135e-06,2.9343092801501988e-08,6,1.6076931179891332,1.4791706825429507,-0.007254965156564185
0.7000000000000001,600.0,0.017525623169301542,1247701091.1444166,1111.67301431975,1.0346857568976632e-05,2.9343112594979754e-08,6,1.6077705753003935,1.479156541675147,-0.007253484247397989
0.7000000000000001,600.0,0.01924357311551172,1247701082.0566306,1111.65447945454,1.1357776676500837e-05,2.934229831494943e-08,6,1.6078792608762624,1.4791355279583502,-0.007251396209928443
0.7000000000000001,600.0,0.02112992517725142,1247701071.1979494,1111.6321417497193,1.246741337119486e-05,2.9340931849329352e-08,6,1.6080091255440465,1.4791105196616157,-0.007248902387439185
0.7000000000000001,600.0,0.023201186978958357,1247701059.0248287,1111.595015078833,1.367686895933626e-05,2.934088056817836e-08,6,1.608154714060477,1.4790831536008806,-0.007246112021908333
0.7000000000000001,600.0,0.02547548430564807,1247701044.3687434,1111.5515784515185,1.5002131813349713e-05,2.9340097584059434e-08,6,1.6083299976669672,1.4790502455069945,-0.007242753157037027
0.7000000000000001,600.0,0.0279727197231725,1247701025.7970262,1111.5078915474276,1.6457423521791675e-05,2.9338363162004237e-08,6,1.6085521050357026,1.4790077690432994,-0.00723849040067132
0.7000000000000001,600.0,0.030714746747235906,1247701008.3475127,1111.4032809214157,1.800872859457435e-05,2.9342329390161085e-08,6,1.6087607924646092,1.4789717391252188,-0.0072345179175648915
0.7000000000000001,600.0,0.03372556108533605,1247700989.612273,1111.2517342199837,1.9669151492488453e-05,2.9350894698930946e-08,6,1.6089848613654467,1.4789353423795855,-0.007230271722203462
0.7000000000000001,600.0,0.03703151062520455,1247700967.726085,1111.0643177844388,2.145146291353783e-05,2.936127642641636e-08,6,1.609246620035786,1.478893593223912,-0.007225317902957945
0.7000000000000001,600.0,0.04066152600737297,1247700938.8392005,1110.8583869756897,2.3389375491253507e-05,2.937189584156685e-08,6,1.6095920921718185,1.4788355748078452,-0.007218755803560541
0.7000000000000001,600.0,0.044647373799624364,1247700913.3157136,1110.5175889737234,2.5349585628432396e-05,2.9395386768619365e-08,6,1.6098973811195432,1.4787941134154914,-0.0072130386848948515
0.7000000000000001,600.0,0.049023934488881024,1247700853.095865,1110.4196447240383,2.7801865969113983e-05,2.9385025322745208e-08,6,1.6106176771787566,1.4786537978527337,-0.007199198212159787
0.7000000000000001,600.0,0.05382950772325868,1247700805.4246402,1110.0379178706335,3.0109743796260808e-05,2.9404576486331575e-08,6,1.6111878497269867,1.4785610347999278,-0.0071883958121469315
0.7000000000000001,600.0,0.059106147475486,1247700752.6535585,1109.5248724780965,3.243707125998904e-05,2.9435705405963143e-08,6,1.6118190586965062,1.4784635158229213,-0.007176481084251667
0.7000000000000001,600.0,0.06490003006073211,1247700671.514702,1109.0919356123327,3.511085962147657e-05,2.9450633997592953e-08,6,1.6127896433917628,1.478292148014639,-0.007157985388807241
0.7000000000000001,600.0,0.07126185822939729,1247700584.0694425,1108.4644915026802,3.7689105414460314e-05,2.9480523651720538e-08,6,1.6138356897005208,1.4781171482026647,-0.0071381352842290165
0.7000000000000001,600.0,0.07824730487111635,1247700469.619681,1107.8043798755764,4.044369113995931e-05,2.950511263939838e-08,6,1.6152048713106697,1.4778782721406394,-0.007112077761669006
0.7000000000000001,600.0,0.08591750021286539,1247700349.1922054,1106.819903509925,4.2801583572349263e-05,2.955927400807125e-08,6,1.616645605024602,1.4776437160341822,-0.007084804380313515
0.7000000000000001,600.0,0.09433956677468387,1247700193.6801875,1105.7424021571328,4.5162590952176156e-05,2.9613201955661776e-08,6,1.6185062100901266,1.4773287403096669,-0.0070494927367803694
0.7000000000000001,600.0,0.10358720676445314,1247700011.0917299,1104.3836147334796,4.7112580475237687e-05,2.968779747488435e-08,6,1.6206909482805674,1.4769632216478417,-0.007008078806064147
0.7000000000000001,600.0,0.11374134705207334,1247699772.8510232,1102.968278863111,4.903869304536036e-05,2.974155190240926e-08,6,1.6235417830096677,1.476465950366479,-0.0069538941024698524
0.7000000000000001,600.0,0.12489084736726071,1247699503.7935333,1101.063059931947,4.99410809588244e-05,2.9835846874057686e-08,6,1.6267616992385774,1.475920456646121,-0.006892861239911269
0.7000000000000001,600.0,0.1371332779184638,1247699159.5490801,1098.9894093290554,5.046275187281167e-05,2.992167939211233e-08,6,1.6308818530001399,1.4751995551044323,-0.0068146258620319184
0.7000000000000001,600.0,0.15057577323790639,1247698765.7355087,1096.2754763480561,4.941244862085601e-05,3.0054440725675096e-08,6,1.6355956162824201,1.474391999535535,-0.0067253314751433875
0.7000000000000001,600.0,0.1653359697248269,1247698299.0094693,1092.9606687364806,4.680836680687251e-05,3.0214046322023527e-08,6,1.6411823249190158,1.473438158798118,-0.006619626203537816
0.7000000000000001,600.0,0.18154303509143294,1247697721.8146868,1089.121102485975,4.2945985025935774e-05,3.039694613674078e-08,6,1.6480915525915136,1.4722366349107836,-0.0064888670488213165
0.7000000000000001,600.0,0.19933879872033844,1247697050.0330124,1084.286022955723,3.701020982265282e-05,3.064487704874348e-08,6,1.6561327092189302,1.4708515142488066,-0.006337002038194084
0.7000000000000001,600.0,0.21887899282533668,1247696234.633991,1078.6022907288486,2.9776921034007573e-05,3.092207586377531e-08,6,1.6658921120530819,1.46914984410579,-0.006152824632966677
0.7000000000000001,600.0,0.24033461527700972,1247695249.2964842,1071.7987762037524,2.171500644604048e-05,3.127284488286772e-08,6,1.677683275799685,1.4670697347325787,-0.005930558261105981
0.7000000000000001,600.0,0.26389342601937477,1247694063.6150794,1063.709229055988,1.3726420910046609e-05,3.1681827974490217e-08,6,1.6918670518096415,1.4645376187259733,-0.005663605696563346
0.7000000000000001,600.0,0.2897615901728365,1247692648.654493,1053.9376205432493,6.9675034692640926e-06,3.219878645539715e-08,6,1.7087845253318699,1.4614838748999575,-0.00534588274046074
0.7000000000000001,600.0,0.318165482202374,1247690932.3346214,1042.450955515862,2.5567295535176277e-06,3.281129380217051e-08,6,1.7292886393935891,1.4577048825399863,-0.004961582445350997
0.7000000000000001,600.0,0.34935366693939,1247688877.5331218,1028.6905118177756,5.439440905141836e-07,3.358056981260747e-08,6,1.7538080292886022,1.4530968699008162,-0.00450335970407298
0.7000000000000001,600.0,0.3835990747933107,1247686396.7145224,1012.4588620129819,9.93827945568359e-08,3.4515694378339916e-08,6,1.7833608158005387,1.4473908995560312,-0.0039528993547681525
0.7000000000000001,600.0,0.4212013901883932,1247621453.220453,1104.2397864041923,2.3652739163398125e-06,1.9981987417428258e-08,6,1.9519722354169347,1.4097231775904993,-0.0008426647452975145
0.7000000000000001,600.0,0.4624896741271517,1247621423.106976,1049.0019267533655,9.950961026372651e-08,2.375804965393943e-08,6,1.952397806410437,1.410112796587669,-0.0008376102586880767
0.7000000000000001,600.0,0.5078252438306721,1247534160.5713637,1012.5827869720159,9.979474959499423e-08,2.3840262891943204e-08,6,1.9865817191636246,1.4029296425148616,-0.0002304914862637226
0.7000000000000001,600.0,0.5576048346557921,1247443096.4819953,947.0030509479841,9.986891544803665e-08,2.5867296237667953e-08,6,1.9967729219320158,1.4007343877438068,-5.327126663521537e-05
0.7000000000000001,600.0,0.6122640719593427,1246196374.1863081,1194.158436328504,0.5073967099036625,3.803453970408199e-08,6,1.9999344504820826,1.4000017800478866,-4.819686252240616e-07
0.7000000000000001,600.0,0.6722812832920282,1246069100.6758869,1127.03598868615,0.5563183519140565,4.950842288626597e-08,6,1.999938713265995,1.4000009899446968,-4.1419093824853164e-07
0.7000000000000001,600.0,0.7381816842827723,1245853728.1618934,1017.2115030115392,0.603031071837481,6.788353481568609e-08,5,1.9999420730965194,1.400000280446615,-3.5984464973915e-07
0.7000000000000001,600.0,0.810541974844553,1245853820.4656043,492.63395717985145,0.13570422648678127,6.700130344652448e-08,5,1.9999420672297292,1.4000006721344405,-3.519112376530011e-07
0.7000000000000001,600.0,0.8899953859235032,1245807233.0892272,255.72293415193548,9.637763790372651e-08,2.822786520740413e-07,5,1.9999427166558348,1.4000017810160639,-3.2076092742208345e-07
0.7000000000000001,600.0,0.9772372209558107,1067481209.0884092,670.6158802889813,0.9508537679868236,1.4931944200069364e-06,3,2.0,1.4000000000000001,0.0
0.7000000000000001,650.0,0.01,1247704990.4350288,1224.8189547342747,0.00014739367194339256,2.0813382914493108e-08,6,1.5624974029510692,1.4813154094462353,-0.008069691827716266
0.7000000000000001,650.0,0.010980250419408422,1247704990.4056952,1224.7795967582504,0.00016170484413443784,2.0817281665690632e-08,6,1.5624977810684937,1.4813176782089572,-0.00806970575787746
0.7000000000000001,650.0,0.012056589927291887,1247704990.3712897,1224.7320827438668,0.00017737449225667281,2.082189463908598e-08,6,1.562498224563716,1.4813204166785026,-0.00806972279661652
0.7000000000000001,650.0,0.013238437660578209,1247704990.3376505,1224.6742355396952,0.00019452063425871245,2.082714047415118e-08,6,1.5624986581539333,1.4813237426402792,-0.008069745327750155
0.7000000000000001,650.0,0.01453613606748761,1247704990.3184657,1224.6031606416439,0.0002132672104012303,2.0832598963660543e-08,6,1.5624989053366074,1.4813278185325025,-0.008069777911713013
0.7000000000000001,650.0,0.01596104141516088,1247704990.2958531,1224.517435583297,0.0002337477947544123,2.0839091306966406e-08,6,1.5624991966832906,1.4813327347926284,-0.008069817328752086
0.7000000000000001,650.0,0.017525623169301542,1247704990.2691612,1224.414044212993,0.0002560990888873439,2.0846821339397073e-08,6,1.562499540589353,1.4813386646574396,-0.008069864997995252
0.7000000000000001,650.0,0.01924357311551172,1247704990.2376103,1224.289349795537,0.0002804605933190309,2.085603398690887e-08,6,1.5624999470997485,1.4813458171204252,-0.008069922632091095
0.7000000000000001,650.0,0.02112992517725142,1247704990.1785913,1224.1403229630187,0.0003069753427014033,2.086768087151934e-08,6,1.562500707341749,1.48135437791931,-0.008069986809143694
0.7000000000000001,650.0,0.023201186978958357,1247704990.1056962,1223.9607575264681,0.00033577621464568185,2.0881527142720224e-08,6,1.562501646247163,1.4813646963890184,-0.008070063749735835
0.7000000000000001,650.0,0.02547548430564807,1247704990.044462,1223.7425794210844,0.00036698192251434595,2.0896421035114018e-08,6,1.5625024346817462,1.481377222187754,-0.008070163273879051
0.7000000000000001,650.0,0.0279727197231725,1247704989.9210334,1223.4826965120724,0.0004007128977804801,2.0913831596014972e-08,6,1.5625040237566388,1.4813921770550522,-0.008070270717107766
0.7000000000000001,650.0,0.030714746747235906,1247704989.7460306,1223.1709829997824,0.0004370435735360207,2.0937317897932318e-08,6,1.5625062762579152,1.4814101346147053,-0.008070393646031432
0.7000000000000001,650.0,0.03372556108533605,1247704989.6153076,1222.7900565596804,0.0004759789037793638,2.0962851719470086e-08,6,1.5625079581140233,1.4814320421465736,-0.008070562202191697
0.7000000000000001,650.0,0.03703151062520455,1247704989.4078698,1222.3338857301314,0.0005175137635691615,2.099617073766216e-08,6,1.5625106262582713,1.4814583179974363,-0.00807075284893253
0.7000000000000001,650.0,0.04066152600737297,1247704989.1720762,1221.782968295902,0.0005615085848010471,2.103295241761109e-08,6,1.5625136575812046,1.4814900643027749,-0.00807098638220676
0.7000000000000001,650.0,0.044647373799624364,1247704988.8967497,1221.1180823163436,0.0006077148239084583,2.10813988950827e-08,6,1.5625171954649706,1.4815283999362807,-0.008071270284572716
0.7000000000000001,650.0,0.049023934488881024,1247704988.4598985,1220.3228951626875,0.0006557606460499741,2.1133866737182997e-08,6,1.562522804636472,1.48157434612096,-0.00807158620632401
0.7000000000000001,650.0,0.05382950772325868,1247704987.976652,1219.361361908589,0.0007049739861785895,2.1198170575716654e-08,6,1.5625290051457152,1.4816299441097784,-0.0080719782503936
0.7000000000000001,650.0,0.059106147475486,1247704987.3200414,1218.2063470772746,0.000754493961386431,2.127717499743585e-08,6,1.562537421931929,1.4816968506213462,-0.008072432540293419
0.7000000000000001,650.0,0.06490003006073211,1247704985.4471648,1216.8797697407563,0.0008035465976572728,2.1348078862921097e-08,6,1.5625614086416415,1.4817743464714785,-0.00807270819307445
0.7000000000000001,650.0,0.07126185822939729,1247704984.8207994,1215.1807695852283,0.0008493267789942188,2.1467583008644137e-08,6,1.5625694180013507,1.4818729939540538,-0.008073452216335554
0.7000000000000001,650.0,0.07824730487111635,1247704984.0497997,1213.1326925296,0.0008902307499347302,2.1610066256152942e-08,6,1.562579260597223,1.4819921925013904,-0.008074346055323898
0.7000000000000001,650.0,0.08591750021286539,1247704982.7774365,1210.6825310562879,0.0009236667894691185,2.1773471347825693e-08,6,1.5625954746341966,1.482135306024272,-0.008075338842632309
0.7000000000000001,650.0,0.09433956677468387,1247704981.1556869,1207.731101441337,0.0009461792342172914,2.1976478309087955e-08,6,1.562616088327657,1.482308239633337,-0.008076515836472484
0.7000000000000001,650.0,0.10358720676445314,1247704976.8881478,1204.300438972166,0.0009550800585047826,2.2179879613090334e-08,6,1.5626702243709307,1.482510582583217,-0.008077359834823388
0.7000000000000001,650.0,0.11374134705207334,1247704920.3713121,1202.9884622058623,0.0009724140375309326,2.1504807497109225e-08,6,1.5633835547363895,1.4825985407273332,-0.00806564812875986
0.7000000000000001,650.0,0.12489084736726071,1247704917.4427576,1197.9241630203833,0.0009374787603994303,2.1813913905790698e-08,6,1.5634205897963016,1.4829055890135823,-0.008067701570064553
0.7000000000000001,650.0,0.1371332779184638,1247704915.227704,1191.7386948763717,0.0008740982693522715,2.2223691697359246e-08,6,1.5634484612923552,1.483282765612674,-0.008070512242390245
0.7000000000000001,650.0,0.15057577323790639,1247704913.020513,1184.254520849138,0.0007807754984607833,2.2739423487037753e-08,6,1.5634760649782344,1.4837432376652562,-0.008074028484306137
0.7000000000000001,650.0,0.1653359697248269,1247704910.663321,1175.2156178467778,0.000659107816920972,2.3387588694472025e-08,6,1.5635053250288509,1.484305634082069,-0.008078362723729936
0.7000000000000001,650.0,0.18154303509143294,1247704908.0255866,1164.3089074496365,0.0005157814701371191,2.420448770877311e-08,6,1.5635377716830297,1.484993530857934,-0.008083669862379381
0.7000000000000001,650.0,0.19933879872033844,1247704905.0163956,1151.1540264685427,0.0003637727533795445,2.5237815516684223e-08,6,1.5635743904128516,1.4858369501269892,-0.008090160058000246
0.7000000000000001,650.0,0.21887899282533668,1247704901.4561071,1135.2934685835014,0.00022166815893365105,2.6566210048121217e-08,6,1.5636171454521874,1.4868739868843321,-0.0080980822457832
0.7000000000000001,650.0,0.24033461527700972,1247703411.7162707,1125.6833065103135,0.00021652305995822785,2.8700913894333982e-08,6,1.5800558337535382,1.483889489173573,-0.0077821702575707795
0.7000000000000001,650.0,0.26389342601937477,1247701942.4831922,1117.5509226209879,0.00019183643768899995,2.905837953579942e-08,6,1.597593089387933,1.4808425070545914,-0.007446996689850494
0.7000000000000001,650.0,0.2897615901728365,1247700319.7646751,1106.7071766874096,0.00014618440357766393,2.9565853796824865e-08,6,1.6169976795793315,1.4775611041614916,-0.007077995741482146
0.7000000000000001,650.0,0.318165482202374,1247698400.4310844,1093.6696468513962,9.433600567386117e-05,3.018332160149748e-08,6,1.639968282810626,1.4736339962147593,-0.006642485161798986
0.7000000000000001,650.0,0.34935366693939,1247696142.445319,1077.8625150647554,4.612723365635396e-05,3.0967473457083315e-08,6,1.666995383173953,1.4689532956716145,-0.006131944759129586
0.7000000000000001,650.0,0.3835990747933107,1247693428.574895,1059.2914652534446,1.443733243428883e-05,3.191251046920848e-08,6,1.699461038429055,1.4631692720855085,-0.005520817502249013
0.7000000000000001,650.0,0.4212013901883932,1247690171.7967403,1037.4404319331652,1.9592417818806014e-06,3.308360313656382e-08,6,1.7383681206899244,1.4560032377188579,-0.004791622240145342
0.7000000000000001,650.0,0.4624896741271517,1247686271.4600253,1011.6813557670973,9.937707995316333e-08,3.4559519968103015e-08,6,1.7848513500318066,1.4470957783081815,-0.003925125242262417
0.7000000000000001,650.0,0.5078252438306721,1247621438.8640468,1075.9351462744328,1.9410902484031067e-07,2.183434422703106e-08,6,1.952177934426231,1.409919753500755,-0.0008402221096351094
0.7000000000000001,650.0,0.5576048346557921,1247534164.4840252,1019.1248723914086,9.971495207220581e-08,2.333050530731346e-08,6,1.98652752038636,1.402923532461244,-0.00023135520686112272
0.7000000000000001,650.0,0.6122640719593427,1246460102.2494013,1168.9654907380475,0.424759313140088,3.1500292001531566e-08,6,1.9999172168197281,1.4000051387754224,-7.363894250378775e-07
0.7000000000000001,650.0,0.6722812832920282,1246196265.038995,1155.4539264024722,0.5232985587844371,4.774722980990327e-08,6,1.9999345268544513,1.400001799412476,-4.750158562281105e-07
0.7000000000000001,650.0,0.7381816842827723,1245853848.7552147,1199.2941490145179,0.6427587715132015,5.485825449962577e-08,5,1.99994206517429,1.4000002230403914,-3.638531666352322e-07
0.7000000000000001,650.0,0.810541974844553,1245853636.2184744,668.68010028257,0.46743253886299146,1.082884628225114e-07,5,1.9999420769446505,1.4000004570399855,-3.5593387710704497e-07
0.7000000000000001,650.0,0.8899953859235032,1245853560.4802802,304.07272579211326,9.850821836710804e-08,1.6241202260705704e-07,5,1.999942078729638,1.4000016596223865,-3.251761915219982e-07
0.7000000000000001,650.0,0.9772372209558107,1069000246.5251157,658.0071815909088,0.945783765428969,1.4640038938375603e-06,3,2.0,1.4000000000000001,0.0
0.8,200.0,0.01,1246069052.3163257,482.2638270786619,6.895450238871767e-07,6.73409094364605e-08,6,1.9999387212836994,1.600002114502401,-4.2762037767093697e-07
0.8,200.0,0.010980250419408422,1246069052.3041315,482.2537718862651,7.558977942653658e-07,6.734390427617718e-08,6,1.9999387212852615,1.6000021145379764,-4.276187607664131e-07
0.8,200.0,0.012056589927291887,1246069052.2894332,482.24164870738724,8.283558611536895e-07,6.734751469262478e-08,6,1.9999387212871444,1.600002114580867,-4.276168113644071e-07
0.8,200.0,0.013238437660578209,1246069052.2717168,482.22703228358813,9.073900481750986e-07,6.73518671132362e-08,6,1.999938721289414,1.6000021146325865,-4.276144610978874e-07
0.8,200.0,0.01453613606748761,1246069052.2503617,482.20941002795024,9.934769102496121e-07,6.735711385667513e-08,6,1.9999387212921498,1.6000021146949428,-4.276116275438518e-07
0.8,200.0,0.01596104141516088,1246069052.22462,482.18816396970624,1.0870867444264871e-06,6.736343845205246e-08,6,1.9999387212954474,1.600002114770135,-4.2760821133751613e-07
0.8,200.0,0.017525623169301542,1246069052.1935904,482.16254918745324,1.18866668117859e-06,6.737106197901115e-08,6,1.9999387212994222,1.6000021148608004,-4.2760409269059556e-07
0.8,200.0,0.01924357311551172,1246069052.1561856,482.13166771697473,1.2986173419664365e-06,6.738025071564221e-08,6,1.999938721304214,1.6000021149701324,-4.275991271974082e-07
0.8,200.0,0.02112992517725142,1246069052.1110957,482.09443713910986,1.4172611785611436e-06,6.739132531401778e-08,6,1.9999387213099902,1.6000021151019694,-4.27593140780624e-07
0.8,200.0,0.023201186978958357,1246069052.0567405,482.04955283174405,1.544800184595386e-06,6.740467177981792e-08,6,1.999938721316953,1.6000021152609598,-4.275859235998293e-07
0.8,200.0,0.02547548430564807,1246069051.991216,481.99544234106224,1.681260209881301e-06,6.742075467585136e-08,6,1.999938721325347,1.6000021154526998,-4.2757722271623407e-07
0.8,200.0,0.0279727197231725,1246069051.9122257,481.9302106321807,1.8264186887955344e-06,6.744013286408895e-08,6,1.999938721335466,1.6000021156839446,-4.275667332538424e-07
0.8,200.0,0.030714746747235906,1246069051.8170018,481.8515740409585,1.979712268449411e-06,6.746347834982232e-08,6,1.9999387213476645,1.6000021159628568,-4.2755408775836616e-07
0.8,200.0,0.03372556108533605,1246069051.6991446,481.7541101406496,2.1400434694075934e-06,6.74976145436545e-08,6,1.999938721362738,1.6000021162991789,-4.2753884035357765e-07
0.8,200.0,0.03703151062520455,1246069051.5624082,481.63943612876733,2.3059286451323123e-06,6.753266301017027e-08,6,1.9999387213799467,1.6000021167051937,-4.275204704009927e-07
0.8,200.0,0.04066152600737297,1246069051.3975646,481.5012114517155,2.4749146710678937e-06,6.757486683743308e-08,6,1.999938721400693,1.6000021171950363,-4.2749832633448103e-07
0.8,200.0,0.044647373799624364,1246069051.198835,481.3346082825347,2.6436435466908873e-06,6.76256732079006e-08,6,1.9999387214257036,1.6000021177861097,-4.274716337880597e-07
0.8,200.0,0.049023934488881024,1246069050.9592507,481.1338129071909,2.80757424204842e-06,6.768681562256995e-08,6,1.9999387214558562,1.600002118499447,-4.274394602123173e-07
0.8,200.0,0.05382950772325868,1246069050.6704078,480.8918237948753,2.9607667238315346e-06,6.776036814869193e-08,6,1.999938721492208,1.6000021193605143,-4.274006844277662e-07
0.8,200.0,0.059106147475486,1246069050.322181,480.600221512792,3.0956909345786944e-06,6.784880462017381e-08,6,1.9999387215360336,1.600002120400156,-4.273539525063766e-07
0.8,200.0,0.06490003006073211,1246069049.9022439,480.24541203924565,3.2029772730996375e-06,6.796336285545759e-08,6,1.9999387215882358,1.6000021216559706,-4.2729764706976334e-07
0.8,200.0,0.07126185822939729,1246069049.401239,479.82069526527624,3.2720268823474344e-06,6.809493944607069e-08,6,1.999938721650183,1.6000021231735044,-4.2722982050948696e-07
0.8,200.0,0.07824730487111635,1246069048.7971866,479.30909065524867,3.2906454436906517e-06,6.825284941857895e-08,6,1.9999387217248712,1.6000021250077046,-4.2714812040095815e-07
0.8,200.0,0.08591750021286539,1246069048.073133,478.6884797102048,3.246041322880572e-06,6.84538311955633e-08,6,1.9999387218130458,1.600002127226344,-4.2704974584100803e-07
0.8,200.0,0.09433956677468387,1246069047.202248,477.94139200911485,3.1267427815034066e-06,6.869454192443924e-08,6,1.999938721918817,1.600002129911109,-4.269313071966312e-07
0.8,200.0,0.10358720676445314,1246069046.163461,477.04250146743175,2.9241866528521763e-06,6.898305694375978e-08,6,1.9999387220428058,1.6000021331631613,-4.267888089624034e-07
0.8,200.0,0.11374134705207334,1246069044.9161701,475.9558332831643,2.6355955655575015e-06,6.934075992801742e-08,6,1.999938722189962,1.6000021371052178,-4.266174285184357e-07
0.8,200.0,0.12489084736726071,1246069043.4264076,474.6452603968088,2.2677848331401196e-06,6.977774169128101e-08,6,1.9999387223629246,1.6000021418891608,-4.264114538412153e-07
0.8,200.0,0.1371332779184638,1246069041.6492581,473.06415180064056,1.8399177729071395e-06,7.031343816786638e-08,6,1.9999387225653338,1.6000021477023711,-4.2616428937553973e-07
0.8,200.0,0.15057577323790639,1246069039.5320156,471.153379498918,1.384440087144987e-06,7.098130175325204e-08,6,1.9999387228004533,1.6000021547775565,-4.25867958260699e-07
0.8,200.0,0.1653359697248269,1246069037.0139806,468.8483283588762,9.448706264849173e-07,7.180465047939403e-08,6,1.999938723072418,1.6000021634042485,-4.255130594524581e-07
0.8,200.0,0.18154303509143294,1245958552.5606923,460.8967515558983,8.311565114554198e-05,9.264600196325456e-08,6,1.999940761626948,1.6000015624735475,-4.002221302783207e-07
0.8,200.0,0.19933879872033844,1245958497.113256,460.00315028419897,6.122736466759059e-05,8.426717047319364e-08,6,1.9999407669503109,1.6000015739006972,-3.9970621080819753e-07
0.8,200.0,0.21887899282533668,1245958466.6684167,457.2843003961683,3.842586302485599e-05,8.060348603242618e-08,6,1.9999407697853546,1.600001589051699,-3.9913788940974295e-07
0.8,200.0,0.24033461527700972,1245958441.7313514,453.4252605392164,1.9880017692364253e-05,7.840348820107004e-08,6,1.9999407720049298,1.6000016081236905,-3.984794597157724e-07
0.8,200.0,0.26389342601937477,1245853925.6310027,442.45243301792397,5.5118237258672097e-05,1.0255840453337002e-07,5,1.9999420593819632,1.6000012463785334,-3.826324566721713e-07
0.8,200.0,0.2897615901728365,1245853827.34227,439.1659192585682,2.122958344925841e-05,8.895501143218954e-08,5,1.9999420667372998,1.600001274690984,-3.8175482771970386e-07
0.8,200.0,0.318165482202374,1245853783.3995357,432.1497843156952,4.805677150634177e-06,8.576825837078076e-08,5,1.9999420697764598,1.6000013121403094,-3.80810157870557e-07
0.8,200.0,0.34935366693939,1245853748.3939562,422.8474203611477,4.999184660666419e-07,8.554753899484424e-08,5,1.9999420719595822,1.6000013601670118,-3.797508163423592e-07
0.8,200.0,0.3835990747933107,1245853716.7665584,411.1059764772236,9.835300229702289e-08,8.776993027373498e-08,5,1.9999420736917872,1.600001422174033,-3.785806344116724e-07
0.8,200.0,0.4212013901883932,1245853686.1617138,396.5534717918566,9.817523026408015e-08,9.274924391156348e-08,5,1.9999420751231483,1.600001503295235,-3.7732966642606833e-07
0.8,200.0,0.4624896741271517,1245853655.006538,378.675348282891,9.88442342229689e-08,1.0146277656474988e-07,5,1.9999420763304894,1.6000016114247124,-3.760719652177323e-07
0.8,200.0,0.5078252438306721,1245853621.7379835,356.83608588554324,9.922244077048053e-08,1.1580852738622564e-07,5,1.9999420773650058,1.600001759204793,-3.749558757019485e-07
0.8,200.0,0.5576048346557921,1245853581.9068487,328.5186514732361,9.896967774251468e-08,1.414226673139736e-07,5,1.9999420783179707,1.6000019681405462,-3.742099462250948e-07
0.8,200.0,0.6122640719593427,1245811452.415891,267.8544282621221,9.938031175715597e-08,2.7206615918179637e-07,5,1.9999426668113927,1.6000021717303108,-3.6744368165676994e-07
0.8,200.0,0.6722812832920282,1104894843.6827424,237.3843351904447,9.658068303292533e-08,3.2601671839387637e-07,3,2.0,1.6,0.0
0.8,200.0,0.7381816842827723,1103634088.7150712,189.33347794045847,9.885260299572692e-08,4.5687850004450974e-07,3,2.0,1.6,0.0
0.8,200.0,0.810541974844553,1101612458.6401854,142.02043898514603,9.153897345272127e-08,7.03332784527735e-07,3,2.0,1.6,0.0
0.8,200.0,0.8899953859235032,1089719833.4256945,220.05353587886933,0.7432485279323875,2.4007102688797853e-06,3,2.0,1.6,0.0
0.8,200.0,0.9772372209558107,1038638786.623866,504.92145847358114,0.9773658435685841,3.331968311723655e-05,2,2.0,1.6,0.0
0.8,250.0,0.01,1246196341.9376845,599.6802987430186,0.00019376219680358517,5.1575521729944024e-08,6,1.9999344777182446,1.6000030521178015,-5.075524020853552e-07
0.8,250.0,0.010980250419408422,1246196341.8601184,599.6728138506121,0.00021263275134599313,5.157011823778375e-08,6,1.99993447777997,1.600003052120799,-5.075494039060722e-07
0.8,250.0,0.012056589927291887,1246196341.7703307,599.6634516755802,0.00023331232983375382,5.156402780253392e-08,6,1.9999344778514212,1.6000030521253013,-5.075458311357671e-07
0.8,250.0,0.013238437660578209,1246196341.6661837,599.6517925987225,0.00025596489588387427,5.155715113883955e-08,6,1.999934477934299,1.6000030521317168,-5.075415697707531e-07
0.8,250.0,0.01453613606748761,1246196341.5451412,599.6373272457872,0.00028076613945837345,5.154937282227106e-08,6,1.9999344780306219,1.6000030521405264,-5.075364827866109e-07
0.8,250.0,0.01596104141516088,1246196341.4041898,599.6194378208068,0.00030790322591031004,5.154055820518689e-08,6,1.999934478142788,1.6000030521523498,-5.075304054263559e-07
0.8,250.0,0.017525623169301542,1246196341.2397478,599.5973753522098,0.0003375740737413,5.153054999960527e-08,6,1.9999344782736475,1.6000030521679203,-5.07523139548476e-07
0.8,250.0,0.01924357311551172,1246196341.0475552,599.5702322918527,0.0003699859769243258,5.1519164102784284e-08,6,1.99993447842659,1.6000030521881619,-5.075144468182549e-07
0.8,250.0,0.02112992517725142,1246196340.8225434,599.536909455616,0.00040535332607400255,5.150618457116074e-08,6,1.9999344786056494,1.6000030522141913,-5.075040404896891e-07
0.8,250.0,0.023201186978958357,1246196340.5586767,599.4960762988819,0.000443894102775835,5.149135735088836e-08,6,1.9999344788156288,1.6000030522473772,-5.074915753779228e-07
0.8,250.0,0.02547548430564807,1246196340.2487683,599.4461227218451,0.00048582473560260237,5.1474383074836024e-08,6,1.999934479062247,1.6000030522893856,-5.074766364508975e-07
0.8,250.0,0.0279727197231725,1246196339.8842561,599.3851011132125,0.0005313527945427438,5.145490785348369e-08,6,1.999934479352318,1.6000030523422926,-5.074587238182838e-07
0.8,250.0,0.030714746747235906,1246196339.4687293,599.307911310768,0.0005806366500165329,5.1434111078548715e-08,6,1.9999344796779934,1.6000030524133897,-5.07437517629354e-07
0.8,250.0,0.03372556108533605,1246196338.983868,599.2151001469106,0.000633870764964355,5.141197874576142e-08,6,1.9999344800578518,1.6000030525031101,-5.074120610559974e-07
0.8,250.0,0.03703151062520455,1246196338.4114292,599.1022017494226,0.0006911421496007125,5.138650311458213e-08,6,1.9999344805063215,1.6000030526143123,-5.073814884264136e-07
0.8,250.0,0.04066152600737297,1246196337.7348876,598.9649931876467,0.0007524751495080247,5.1357099477478365e-08,6,1.999934481036349,1.6000030527519593,-5.073447751308544e-07
0.8,250.0,0.044647373799624364,1246196336.934559,598.7983795862318,0.0008177825776190487,5.1323062625490066e-08,6,1.999934481663356,1.600003052921946,-5.073006483600859e-07
0.8,250.0,0.049023934488881024,1246196335.9937785,598.5938955639781,0.0008867835902682562,5.128432263490096e-08,6,1.9999344823962724,1.6000030531344698,-5.072477737206672e-07
0.8,250.0,0.05382950772325868,1246196334.9078994,598.3449885592878,0.0009590545146945423,5.124467789351827e-08,6,1.999934483233482,1.6000030534055931,-5.071845687684627e-07
0.8,250.0,0.059106147475486,1246196333.6204786,598.0435106740453,0.0010338625725784401,5.1198416607177675e-08,6,1.9999344842260793,1.6000030537389105,-5.07108505314278e-07
0.8,250.0,0.06490003006073211,1246196332.1167648,597.6743104059402,0.0011100346991150094,5.1148292652452495e-08,6,1.999934485376239,1.6000030541568078,-5.070173732683715e-07
0.8,250.0,0.07126185822939729,1246196330.3722258,597.2258776731542,0.0011860394968271975,5.109625771975913e-08,6,1.9999344866992745,1.6000030546827908,-5.06908130761708e-07
0.8,250.0,0.07824730487111635,1246196328.340168,596.6777278427616,0.0012596138995347873,5.104231406087138e-08,6,1.9999344882263537,1.6000030553419196,-5.067771560281185e-07
0.8,250.0,0.08591750021286539,1246196325.974347,596.0110910456068,0.0013278872143648573,5.0986888387201315e-08,6,1.9999344899888118,1.600003056166872,-5.066199063587404e-07
0.8,250.0,0.09433956677468387,1246196323.2511125,595.1998253350513,0.0013870884501362452,5.093542175349497e-08,6,1.999934491984288,1.6000030572101176,-5.064314327903218e-07
0.8,250.0,0.10358720676445314,1246196320.1051636,594.2093934841051,0.0014324123948708453,5.089012127325241e-08,6,1.999934494254585,1.6000030585233014,-5.062052493016907e-07
0.8,250.0,0.11374134705207334,1246196316.4965785,593.0022630687172,0.0014581917191866538,5.085802012951741e-08,6,1.9999344968119213,1.6000030601824131,-5.059337265393795e-07
0.8,250.0,0.12489084736726071,1246196312.3727765,591.5276876411419,0.0014578026397362867,5.08493291394625e-08,6,1.9999344996614083,1.600003062285728,-5.056076828221167e-07
0.8,250.0,0.1371332779184638,1246196307.6777534,589.7344852299615,0.0014244279453039315,5.087035474221969e-08,6,1.9999345028239002,1.6000030649529806,-5.052154573689125e-07
0.8,250.0,0.15057577323790639,1246196302.3655746,587.5446049321694,0.001351337870463786,5.094369001429448e-08,6,1.9999345062806653,1.600003068350608,-5.047433011767844e-07
0.8,250.0,0.1653359697248269,1246196296.3695812,584.8772067015929,0.00123390398492857,5.1085441347644995e-08,6,1.9999345100330117,1.6000030726855674,-5.041734585996341e-07
0.8,250.0,0.18154303509143294,1246196289.6382825,581.6237388431323,0.001071295870515559,5.132995901788397e-08,6,1.9999345140427192,1.6000030782405605,-5.034842103153075e-07
0.8,250.0,0.19933879872033844,1246196282.1243105,577.6614711258588,0.0008695172325958552,5.171313406456444e-08,6,1.9999345182673813,1.6000030853880887,-5.026478393610944e-07
0.8,250.0,0.21887899282533668,1246196273.769211,572.8383257483447,0.0006437642600915748,5.228726821189199e-08,6,1.9999345226461185,1.6000030946304338,-5.016289025934893e-07
0.8,250.0,0.24033461527700972,1246196264.513856,566.9607945352419,0.00041914876136589247,5.3136701396644276e-08,6,1.9999345270959192,1.6000031066513936,-5.003816058001353e-07
0.8,250.0,0.26389342601937477,1246196254.3224092,559.8106543750258,0.0002269424154042712,5.4354614033923784e-08,6,1.999934531512296,1.6000031223852809,-4.988466957279459e-07
0.8,250.0,0.2897615901728365,1246069202.4701736,549.7329089131455,0.011986582116296761,6.087889127616456e-08,6,1.999938685748238,1.6000018980963286,-4.4182763513003367e-07
0.8,250.0,0.318165482202374,1246069160.0251803,540.7664838414939,0.008056488523730055,5.858151889992978e-08,6,1.9999386985826795,1.6000019228315145,-4.396718747641479e-07
0.8,250.0,0.34935366693939,1246069127.573443,528.9557163303164,0.004187768347357446,5.8477200779974764e-08,6,1.9999387072073997,1.6000019575040003,-4.370697965895136e-07
0.8,250.0,0.3835990747933107,1246069098.177523,514.2198601385077,0.0014220058083433524,6.001332924081291e-08,6,1.9999387137719868,1.6000020039591083,-4.3392755129000267e-07
0.8,250.0,0.4212013901883932,1246069070.0388625,496.05007989027496,0.0002226038908995676,6.358622526546536e-08,6,1.9999387187781161,1.6000020649607125,-4.302868669900621e-07
0.8,250.0,0.4624896741271517,1246069042.3908498,473.7286082537751,7.510257354992302e-06,7.008953157709865e-08,6,1.999938722481343,1.6000021448330906,-4.2634398259036845e-07
0.8,250.0,0.5078252438306721,1245853884.1054716,442.66154544842476,0.00010763490951043405,9.610011295213912e-08,5,1.9999420625277058,1.6000012513503679,-3.824388323460866e-07
0.8,250.0,0.5576048346557921,1245853726.4457655,415.0530785494231,1.3350858520526696e-07,8.680640874508324e-08,5,1.9999420731882083,1.6000014010471733,-3.7895657770164675e-07
0.8,250.0,0.6122640719593427,1245853651.1309018,376.2617259355137,9.93948713085493e-08,1.0283931901247053e-07,5,1.9999420764639373,1.6000016268581276,-3.759256966398672e-07
0.8,250.0,0.6722812832920282,1245853576.2429328,324.41931674958437,9.779077401081932e-08,1.459010098011084e-07,5,1.9999420784327957,1.600001986619781,-3.7413170698379025e-07
0.8,250.0,0.7381816842827723,1245509536.0652142,230.1597404902305,9.767427574085247e-08,3.405325369470917e-07,5,1.9999458013120086,1.6000020894418419,-3.3607783383225635e-07
0.8,250.0,0.810541974844553,1103234779.1340144,177.7225336244359,9.09332751814854e-08,5.022861550749087e-07,3,2.0,1.6,0.0
0.8,250.0,0.8899953859235032,1093584053.6691492,273.50183854415013,0.7415475709800173,1.768603398471411e-06,3,2.0,1.6,0.0
0.8,250.0,0.9772372209558107,1052076571.4714786,593.0366664807602,0.9759126882097304,3.710232791518672e-06,3,2.0,1.6,0.0
0.8,300.0,0.01,1246588950.8010654,719.1876275811113,9.732245533615738e-06,3.808681460378608e-08,6,1.9999017841517788,1.6000126564618167,-1.0257113953284306e-06
0.8,300.0,0.010980250419408422,1246588950.7623723,719.1745161989712,1.0673906030435685e-05,3.808644667559565e-08,6,1.9999017844411608,1.6000126563969859,-1.0257011514130182e-06
0.8,300.0,0.012056589927291887,1246588950.7158856,719.1586914051826,1.1703890649587483e-05,3.808601423822413e-08,6,1.9999017847888292,1.600012656319199,-1.0256888197174799e-06
0.8,300.0,0.013238437660578209,1246588950.6600204,719.1395937314959,1.2829577572715351e-05,3.808550490654768e-08,6,1.9999017852066394,1.6000126562258161,-1.0256739728779609e-06
0.8,300.0,0.01453613606748761,1246588950.5928667,719.1165487056555,1.4058659787085445e-05,3.8084903677407207e-08,6,1.9999017857088746,1.6000126561136785,-1.0256560958048074e-06
0.8,300.0,0.01596104141516088,1246588950.5121257,719.088743067664,1.5399047241478127e-05,3.808419246455074e-08,6,1.999901786312727,1.6000126559789447,-1.025634567881571e-06
0.8,300.0,0.017525623169301542,1246588950.4150283,719.055196514554,1.6858719918860708e-05,3.808334925011009e-08,6,1.9999017870389078,1.6000126558170609,-1.0256086411062165e-06
0.8,300.0,0.01924357311551172,1246588950.2982395,719.0147274088549,1.8445515385155957e-05,3.808234720241234e-08,6,1.9999017879123588,1.6000126556224963,-1.025577414040807e-06
0.8,300.0,0.02112992517725142,1246588950.1577435,718.9659115247817,2.0166829862628102e-05,3.808115353786122e-08,6,1.9999017889631132,1.6000126553885674,-1.0255398004060616e-06
0.8,300.0,0.023201186978958357,1246588949.988705,718.9070327540435,2.2029207621595316e-05,3.807972796452657e-08,6,1.9999017902273337,1.6000126551072558,-1.0254944919489725e-06
0.8,300.0,0.02547548430564807,1246588949.7853005,718.8360232220318,2.4037780795094484e-05,3.8078020688596346e-08,6,1.999901791748573,1.6000126547689568,-1.0254399112773251e-06
0.8,300.0,0.0279727197231725,1246588949.540519,718.7503914511706,2.6195522817376525e-05,3.807596994012655e-08,6,1.999901793579267,1.6000126543619775,-1.0253741566245653e-06
0.8,300.0,0.030714746747235906,1246588949.2459195,718.647136963461,2.8502269693658704e-05,3.8073498458910175e-08,6,1.9999017957825445,1.6000126538723403,-1.0252949371437507e-06
0.8,300.0,0.03372556108533605,1246588948.8859088,718.5204075613854,3.095252539721611e-05,3.807082662154729e-08,6,1.9999017984711098,1.6000126532721426,-1.025199295909528e-06
0.8,300.0,0.03703151062520455,1246588948.4705114,718.3687307737429,3.353685552942959e-05,3.8068782330066186e-08,6,1.9999018015050338,1.6000126526104939,-1.0250868118244278e-06
0.8,300.0,0.04066152600737297,1246588947.9705038,718.185906616486,3.623605431716193e-05,3.806626571896012e-08,6,1.9999018051569228,1.60001265181412,-1.0249512796245639e-06
0.8,300.0,0.044647373799624364,1246588947.3686492,717.9655712340603,3.902073544778548e-05,3.806314138445145e-08,6,1.9999018095526677,1.6000126508554873,-1.024787978828156e-06
0.8,300.0,0.049023934488881024,1246588946.644224,717.7000763857774,4.184784859582364e-05,3.8059226884737384e-08,6,1.9999018148436283,1.6000126497014489,-1.0245912177732556e-06
0.8,300.0,0.05382950772325868,1246588945.772315,717.3802347544308,4.465718572452093e-05,3.805427384566782e-08,6,1.99990182121176,1.600012648312001,-1.0243541387856673e-06
0.8,300.0,0.059106147475486,1246588944.7367222,716.9896826285038,4.7364588961579575e-05,3.805139586935426e-08,6,1.9999018285997214,1.6000126467218738,-1.024073257833952e-06
0.8,300.0,0.06490003006073211,1246588943.4981544,716.5220879745589,4.986777429592659e-05,3.804701969493635e-08,6,1.9999018374315336,1.6000126448246266,-1.0237353352769885e-06
0.8,300.0,0.07126185822939729,1246588942.023928,715.9537620962254,5.202787374852758e-05,3.8044585015652796e-08,6,1.999901847836918,1.6000126426060468,-1.0233320295736048e-06
0.8,300.0,0.07824730487111635,1246588940.2943983,715.267914494646,5.368237165089108e-05,3.804488763441658e-08,6,1.999901859868321,1.6000126400797121,-1.0228534259877464e-06
0.8,300.0,0.08591750021286539,1246588938.2489002,714.4344667803983,5.463393448006568e-05,3.805043087989944e-08,6,1.999901873868545,1.6000126371772985,-1.0222845858196922e-06
0.8,300.0,0.09433956677468387,1246588935.8335676,713.4265229038501,5.4669025948523564e-05,3.806121958983641e-08,6,1.9999018901288865,1.6000126338520684,-1.0216083096402e-06
0.8,300.0,0.10358720676445314,1246588932.9915497,712.2063854934231,5.3565295667009606e-05,3.808008080059148e-08,6,1.999901908819205,1.600012630100684,-1.0208072205473196e-06
0.8,300.0,0.11374134705207334,1246588929.662205,710.728219169418,5.112171754797209e-05,3.811115319820117e-08,6,1.9999019300998684,1.600012625930495,-1.0198610178587355e-06
0.8,300.0,0.12489084736726071,1246588925.7941608,708.9349554875461,4.720016012539259e-05,3.816295529241904e-08,6,1.999901954035512,1.6000126213863257,-1.0187470324221966e-06
0.8,300.0,0.1371332779184638,1246588921.337958,706.7521061836904,4.1782460217539825e-05,3.8247469945089034e-08,6,1.9999019805338234,1.6000126165699298,-1.0174408956857693e-06
0.8,300.0,0.15057577323790639,1246588916.22156,704.1008132880027,3.5045229946410756e-05,3.837482357970964e-08,6,1.9999020095214282,1.6000126115884001,-1.0159121714345955e-06
0.8,300.0,0.1653359697248269,1246460130.4848561,695.0415662573951,0.0012206549809630756,4.5901101440619185e-08,6,1.999917089526467,1.600008091980234,-7.883801869099827e-07
0.8,300.0,0.18154303509143294,1246460099.983158,692.782009827712,0.0010852483962722147,4.4017126880109084e-08,6,1.999917226742183,1.600008056001387,-7.85051513819571e-07
0.8,300.0,0.19933879872033844,1246460076.3747027,689.1430424957179,0.0008964137008877764,4.292762258950817e-08,6,1.9999173268624097,1.600008032075338,-7.820559970608607e-07
0.8,300.0,0.21887899282533668,1246460055.0843716,684.2505687917125,0.0006743944244552349,4.2260731942971294e-08,6,1.9999174100261723,1.600008014322593,-7.790250230426677e-07
0.8,300.0,0.24033461527700972,1246460034.6839938,677.9785057551576,0.0004464648125390007,4.193772031588958e-08,6,1.9999174816335927,1.6000080013357916,-7.758091900182122e-07
0.8,300.0,0.26389342601937477,1246460014.5937834,670.0955140976407,0.00024633585680957406,4.1979358632231715e-08,6,1.9999175433154377,1.6000079929324516,-7.723040710128279e-07
0.8,300.0,0.2897615901728365,1246328266.4512246,654.962007035534,0.005071169744834228,5.083619897694841e-08,6,1.999927660367435,1.60000497000735,-6.221430254143108e-07
0.8,300.0,0.318165482202374,1246328194.5578625,646.078420909504,0.003004242955326873,4.668886628633399e-08,6,1.9999277992768325,1.6000049434913666,-6.170997919379419e-07
0.8,300.0,0.34935366693939,1246328151.7929354,632.5835729534916,0.0012552698327529396,4.603534266253063e-08,6,1.9999278672542755,1.600004942808702,-6.124648366251253e-07
0.8,300.0,0.3835990747933107,1246196368.5098987,614.1024793151308,0.015171237679143378,5.070384281126702e-08,6,1.9999344554753598,1.6000029936356692,-5.156785952839777e-07
0.8,300.0,0.4212013901883932,1246196310.877599,593.502333352878,0.00570845913574389,5.029979701359912e-08,6,1.9999345006794438,1.6000030208116334,-5.103379879229586e-07
0.8,300.0,0.4624896741271517,1246069249.821946,566.6641294542295,0.03768728423490762,6.143194964181303e-08,6,1.999938670382656,1.6000018334834276,-4.482059728195601e-07
0.8,300.0,0.5078252438306721,1246069140.3594651,536.6063013630187,0.010246276323777925,5.762374147874916e-08,6,1.999938703965072,1.6000019213334433,-4.4042780644782766e-07
0.8,300.0,0.5576048346557921,1246069073.5034225,498.6165964809718,0.0004888036384649967,6.29774191686587e-08,6,1.9999387182308386,1.6000020518639397,-4.314508822042056e-07
0.8,300.0,0.6122640719593427,1245958431.8943224,451.43829675676494,6.747049883113638e-05,7.777467529438071e-08,6,1.9999407728454823,1.6000016174701166,-3.9819983716972946e-07
0.8,300.0,0.6722812832920282,1245853685.344433,396.1212517672948,9.83103775447902e-08,9.293273490418573e-08,5,1.9999420751579375,1.600001505782203,-3.772957553618645e-07
0.8,300.0,0.7381816842827723,1245853574.093419,322.86466003563834,9.812552909878344e-08,1.476630048561438e-07,5,1.9999420784751736,1.6000019982315201,-3.7413153923148976e-07
0.8,300.0,0.810541974844553,1104451100.241193,218.19582807837895,9.74270914867502e-08,3.706074844376665e-07,3,2.0,1.6,0.0
0.8,300.0,0.8899953859235032,1096334231.7106273,307.06818361261145,0.7214221366465772,1.4199435757694296e-06,3,2.0,1.6,0.0
0.8,300.0,0.9772372209558107,1054990451.0769045,670.3486401100156,0.9744355861946169,2.6303802313788323e-06,3,2.0,1.6,0.0
0.8,350.0,0.01,1246942165.4998734,832.6999140997758,4.237597906056785e-06,3.369990774859217e-08,6,1.9997781928335079,1.600049600314055,-3.0926576165062475e-06
0.8,350.0,0.010980250419408422,1246942165.427809,832.6863464184183,4.647093537136921e-06,3.3698558076916025e-08,6,1.999778199346061,1.6000495984038128,-3.0925293253090938e-06
0.8,350.0,0.012056589927291887,1246942165.3410587,832.6699764119775,5.094829443972854e-06,3.369693696130047e-08,6,1.9997782071857955,1.6000495961043182,-3.09237485638745e-06
0.8,350.0,0.013238437660578209,1246942165.2366176,832.6502269619363,5.583943983941096e-06,3.369498895626626e-08,6,1.9997782166242792,1.6000495933359955,-3.092188849599449e-06
0.8,350.0,0.01453613606748761,1246942165.110865,832.6264023309188,6.1176887783490695e-06,3.3692647163007036e-08,6,1.9997782279886913,1.6000495900028486,-3.0919648466018537e-06
0.8,350.0,0.01596104141516088,1246942164.9594395,832.5976638780104,6.699378787742871e-06,3.3689830810787856e-08,6,1.9997782416732193,1.6000495859893025,-3.091695065701654e-06
0.8,350.0,0.017525623169301542,1246942164.777086,832.5630007814308,7.332318861418047e-06,3.3686442337101157e-08,6,1.9997782581527415,1.6000495811560882,-3.0913701314480863e-06
0.8,350.0,0.01924357311551172,1246942164.5574741,832.5211948756287,8.019699094824342e-06,3.368236379340319e-08,6,1.9997782779993525,1.6000495753354205,-3.0909787481271385e-06
0.8,350.0,0.02112992517725142,1246942164.292978,832.4707783127606,8.764449213223994e-06,3.367745247663155e-08,6,1.999778301902207,1.6000495683251903,-3.090507307512398e-06
0.8,350.0,0.023201186978958357,1246942164.0307155,832.4037816509399,9.568417386508304e-06,3.3675958226503906e-08,6,1.9997783253322843,1.6000495614896424,-3.0900318906546497e-06
0.8,350.0,0.02547548430564807,1246942163.7259424,832.3224526475653,1.0433700682852009e-05,3.3675097341248276e-08,6,1.9997783525058326,1.6000495535706134,-3.0894749170813556e-06
0.8,350.0,0.0279727197231725,1246942163.3588173,832.22439964919,1.1360891552144483e-05,3.3674057273020016e-08,6,1.9997783852386757,1.60004954403135,-3.0888039067062327e-06
0.8,350.0,0.030714746747235906,1246942162.9165788,832.106193241675,1.2349003340739323e-05,3.3672796244788976e-08,6,1.9997784246686368,1.6000495325401427,-3.087995507005149e-06
0.8,350.0,0.03372556108533605,1246942162.3838582,831.9637039994503,1.3394880697042404e-05,3.367126122816918e-08,6,1.9997784721659662,1.6000495186974264,-3.087021592953996e-06
0.8,350.0,0.03703151062520455,1246942161.7053905,831.7956680007752,1.4492871357829687e-05,3.366256653089712e-08,6,1.9997785322184087,1.6000495011707203,-3.08580274400439e-06
0.8,350.0,0.04066152600737297,1246942160.8548777,831.5964979501272,1.56333660018573e-05,3.364663088782053e-08,6,1.999778607122852,1.6000494792873763,-3.084288816392788e-06
0.8,350.0,0.044647373799624364,1246942157.2495015,831.6230683801092,1.684474009838603e-05,3.34291125747158e-08,6,1.9997789260829573,1.6000493843059758,-3.078609187449124e-06
0.8,350.0,0.049023934488881024,1246942156.2704008,831.3095919686416,1.801694558549712e-05,3.3432396897639445e-08,6,1.9997790114817218,1.6000493595349525,-3.0768071454630393e-06
0.8,350.0,0.05382950772325868,1246942155.0644128,830.9347082619304,1.9164800700618125e-05,3.343393927004189e-08,6,1.999779116590249,1.6000493290207585,-3.074600244893527e-06
0.8,350.0,0.059106147475486,1246942153.068135,830.5392764565863,2.0260155808030702e-05,3.339684429353173e-08,6,1.9997792889884196,1.6000492785220917,-3.071169121538761e-06
0.8,350.0,0.06490003006073211,1246942151.3026829,829.9963411840903,2.1231460586330767e-05,3.33994527108326e-08,6,1.9997794393464794,1.6000492348764352,-3.0680047004799443e-06
0.8,350.0,0.07126185822939729,1246942148.7902734,829.3834851814822,2.2035767504803908e-05,3.336743077594529e-08,6,1.9997796509145394,1.600049173153835,-3.063682790111683e-06
0.8,350.0,0.07824730487111635,1246942145.334972,828.6912859587087,2.26026082675488e-05,3.3295859085734776e-08,6,1.9997799380747552,1.6000490890920465,-3.05793558061733e-06
0.8,350.0,0.08591750021286539,1246942142.448366,827.7252853880873,2.2810574661479633e-05,3.33107836642334e-08,6,1.9997801726665203,1.6000490211995073,-3.0528879202077156e-06
0.8,350.0,0.09433956677468387,1246942137.848815,826.6833428175981,2.2619127189713976e-05,3.323270114274812e-08,6,1.9997805389671524,1.6000489142618661,-3.0454089252443383e-06
0.8,350.0,0.10358720676445314,1246942133.8306687,825.2687975222349,2.1884849903178914e-05,3.3265457975077367e-08,6,1.999780850088292,1.6000488244227924,-3.038590799072495e-06
0.8,350.0,0.11374134705207334,1246942129.0241187,823.5632229414703,2.056674663169924e-05,3.331502989517795e-08,6,1.9997812096152585,1.6000487206918212,-3.030644342159406e-06
0.8,350.0,0.12489084736726071,1246942121.9831765,821.64855137126,1.8658369471411382e-05,3.324348894682743e-08,6,1.9997817134934568,1.6000485743767885,-3.0199036953415284e-06
0.8,350.0,0.1371332779184638,1246942115.1471963,819.1713656327088,1.613739763546374e-05,3.330582374302761e-08,6,1.9997821767514603,1.6000484410639613,-3.009390561726225e-06
0.8,350.0,0.15057577323790639,1246942107.3811696,816.1464955497645,1.3146302911305762e-05,3.340274488851432e-08,6,1.9997826721273368,1.6000482990250184,-2.9977998527350516e-06
0.8,350.0,0.1653359697248269,1246942093.3334417,813.0574558930913,9.966309283419948e-06,3.3041076518100946e-08,6,1.9997835175043928,1.600048052978704,-2.979759128121472e-06
0.8,350.0,0.18154303509143294,1246830726.6726847,805.8412485418535,0.0002145639270280572,3.537081827132372e-08,6,1.9998378570307018,1.6000317597434566,-2.092099441667579e-06
0.8,350.0,0.19933879872033844,1246830705.4347808,801.1159674400855,0.0001598432852552525,3.5046097591649545e-08,6,1.999838838459544,1.6000314750206914,-2.0715376910594965e-06
0.8,350.0,0.21887899282533668,1246830685.5130148,794.9260690374189,0.00010533431164967421,3.507511574043326e-08,6,1.9998396468774366,1.600031243256405,-2.053059198565517e-06
0.8,350.0,0.24033461527700972,1246830661.3201563,787.5959423921034,5.89056225357213e-05,3.4980161242643336e-08,6,1.9998404927463742,1.6000310012076848,-2.0330328146896865e-06
0.8,350.0,0.26389342601937477,1246712930.3234098,775.7784914845208,0.000727559928438504,3.745731250670254e-08,6,1.9998761196813557,1.600020325592055,-1.4590901823928915e-06
0.8,350.0,0.2897615901728365,1246712875.1661482,767.1215320030767,0.00037389465996940556,3.525526660842616e-08,6,1.999877388009691,1.600019958016515,-1.4319000723106557e-06
0.8,350.0,0.318165482202374,1246712837.6570652,754.3059352216674,0.00013447489691082866,3.4867872496115724e-08,6,1.9998780655573054,1.6000197677619814,-1.4131245367795898e-06
0.8,350.0,0.34935366693939,1246589008.408567,733.9062961653985,0.0011835182450848757,3.9552744674058815e-08,6,1.9999012725670375,1.6000128184488023,-1.0452003529510968e-06
0.8,350.0,0.3835990747933107,1246588941.638544,715.9713652057512,0.0002904984115902382,3.802081460832013e-08,6,1.9999018505178252,1.6000126577322007,-1.027485376651667e-06
0.8,350.0,0.4212013901883932,1246460071.9471939,688.9867435259607,0.0019068123719387753,4.2636110964949305e-08,6,1.9999173447986853,1.6000080233185054,-7.854067308410673e-07
0.8,350.0,0.4624896741271517,1246328251.7580252,656.9473903192096,0.00878979127064986,4.918097484001681e-08,6,1.9999276901064305,1.600004939503189,-6.252601934223263e-07
0.8,350.0,0.5078252438306721,1246069183.2515903,650.9582769846388,0.16924100642903706,4.5566677975636993e-08,6,1.9999386917253668,1.6000016712425087,-4.61722748670751e-07
0.8,350.0,0.5576048346557921,1246069194.2998874,586.8799242017574,0.07601762796690974,5.188905840171817e-08,6,1.9999386883167358,1.6000017650343212,-4.5327506423570506e-07
0.8,350.0,0.6122640719593427,1246069118.1674776,527.7686170679231,0.008993164215726407,5.790397165385037e-08,6,1.9999387094501266,1.6000019271440509,-4.409543812601699e-07
0.8,350.0,0.6722812832920282,1245958488.4811716,459.6486532461366,0.0005394106355985504,8.30153152458619e-08,6,1.999940767764671,1.6000015748315086,-3.99944431718167e-07
0.8,350.0,0.7381816842827723,1245853662.9210298,383.4862247190196,9.819281092656825e-08,9.885263863965505e-08,5,1.9999420760468782,1.6000015812987294,-3.76380375505817e-07
0.8,350.0,0.810541974844553,1245748278.2039785,259.1716925031752,9.615163278035399e-08,2.8570937466761876e-07,5,1.9999433879377255,1.6000021763475203,-3.6077726244666377e-07
0.8,350.0,0.8899953859235032,1098380057.7053692,330.20619537955935,0.6935686660973485,1.1613358455017138e-06,3,2.0,1.6,0.0
0.8,350.0,0.9772372209558107,1057585146.4729944,719.5908906259637,0.972235723043107,2.1202570108389946e-06,3,2.0,1.6,0.0
0.8,400.0,0.01,1247348859.7896044,951.990239043274,9.967880849760186e-08,2.5793328221500883e-08,6,1.9985939697204236,1.6003847604322219,-2.4479004284562336e-05
0.8,400.0,0.010980250419408422,1247348859.753331,951.9718434976797,9.976460798915626e-08,2.579383072454439e-08,6,1.9985940340878217,1.6003847492160874,-2.4477534485270075e-05
0.8,400.0,0.012056589927291887,1247348859.7095988,951.949665879133,9.988580749677348e-08,2.5794436168675818e-08,6,1.9985941116906818,1.6003847356933159,-2.447576248156946e-05
0.8,400.0,0.013238437660578209,1247348859.6568747,951.9229288780494,9.991141002449669e-08,2.5795165543887016e-08,6,1.9985942052497963,1.6003847193894862,-2.4473626158624196e-05
0.8,400.0,0.01453613606748761,1247348859.5933108,951.8906955393497,9.972537679604297e-08,2.57960440860264e-08,6,1.9985943180439918,1.6003846997330389,-2.4471050662463157e-05
0.8,400.0,0.01596104141516088,1247348859.5166779,951.8518367907635,9.976946935363499e-08,2.579710204618479e-08,6,1.9985944540294385,1.6003846760337899,-2.4467945698913796e-05
0.8,400.0,0.017525623169301542,1247348859.424291,951.8049914127174,9.974270847389631e-08,2.5798375796621207e-08,6,1.9985946179703777,1.600384647460891,-2.4464202515770248e-05
0.8,400.0,0.01924357311551172,1247348859.312912,951.7485192674022,9.986991359490931e-08,2.579990888099132e-08,6,1.9985948156125841,1.6003846130118144,-2.4459689985725996e-05
0.8,400.0,0.02112992517725142,1247348859.179654,951.6788555901162,9.983875273505805e-08,2.5802080402901972e-08,6,1.998595049129195,1.6003845730234683,-2.4454354524099358e-05
0.8,400.0,0.023201186978958357,1247348859.0248458,951.5957686186395,9.990621310277172e-08,2.5804420605293293e-08,6,1.9985953173723694,1.6003845284664695,-2.4448142929670663e-05
0.8,400.0,0.02547548430564807,1247348858.838223,951.4956156161369,9.972607144498087e-08,2.5807234454830847e-08,6,1.9985956407425662,1.6003844747459715,-2.4440655179151458e-05
0.8,400.0,0.0279727197231725,1247348858.6132512,951.3748968669365,9.994630600174138e-08,2.5810615837995074e-08,6,1.9985960305617274,1.6003844099765614,-2.443162936838e-05
0.8,400.0,0.030714746747235906,1247348858.3420599,951.2293970295299,9.984523539343857e-08,2.581467643155887e-08,6,1.99859650046774,1.6003843318865565,-2.4420750077781346e-05
0.8,400.0,0.03372556108533605,1247348858.015165,951.0540405474361,9.97143512343823e-08,2.5819548524562565e-08,6,1.9985970668936541,1.600384237736271,-2.4407637372937857e-05
0.8,400.0,0.03703151062520455,1247348857.621142,950.8427175704289,9.98050927793164e-08,2.582538821245526e-08,6,1.9985977496361362,1.600384124222311,-2.4391833728784928e-05
0.8,400.0,0.04066152600737297,1247348857.0476162,950.5992736589924,9.968426056063945e-08,2.582888827518836e-08,6,1.9985987278706172,1.600383942516852,-2.436999320169446e-05
0.8,400.0,0.044647373799624364,1247348856.3462098,950.3083071721524,9.990586686042708e-08,2.583242308081879e-08,6,1.9985999226058428,1.6003837186967098,-2.4343375096160198e-05
0.8,400.0,0.049023934488881024,1247348855.677227,949.9336872338586,9.976821484905988e-08,2.5846599301901337e-08,6,1.998601046322858,1.6003835406631906,-2.4317041351124067e-05
0.8,400.0,0.05382950772325868,1247348855.0091991,949.4667725503533,9.986912436604024e-08,2.5870365276870033e-08,6,1.9986021533229332,1.6003833976081527,-2.4289774872469114e-05
0.8,400.0,0.059106147475486,1247348854.1261184,948.9126541608583,9.991482964031942e-08,2.5895656044947637e-08,6,1.9986036030330068,1.6003831916689426,-2.425484739601029e-05
0.8,400.0,0.06490003006073211,1247348852.9711626,948.2558741270404,9.998253477299601e-08,2.592249352703402e-08,6,1.9986054723071016,1.6003829077728422,-2.4210565651975123e-05
0.8,400.0,0.07126185822939729,1247348851.8897817,947.4270786434773,9.996114795504003e-08,2.5972300748935112e-08,6,1.9986071806506691,1.600382723441551,-2.4167059269056298e-05
0.8,400.0,0.07824730487111635,1247348850.5633774,946.4294518176332,9.984752882249682e-08,2.603181643481837e-08,6,1.9986092299818117,1.6003825039058135,-2.4114844867587708e-05
0.8,400.0,0.08591750021286539,1247348849.0363216,945.2170031952663,9.999766063700347e-08,2.610715648327231e-08,6,1.998611518961362,1.6003822916632007,-2.405524056608293e-05
0.8,400.0,0.09433956677468387,1247348846.7695625,943.8098147461732,9.998600145796885e-08,2.617074239524818e-08,6,1.9986148144756204,1.6003818788165078,-2.3973811762732553e-05
0.8,400.0,0.10358720676445314,1247348844.6686022,942.0355395321473,9.994908708492281e-08,2.6290537464736172e-08,6,1.9986177358264539,1.6003816868222682,-2.3894710430010107e-05
0.8,400.0,0.11374134705207334,1247348841.9413917,939.9209079651519,9.992307151639396e-08,2.642048127036254e-08,6,1.9986213495714062,1.6003814276795885,-2.3797861510871213e-05
0.8,400.0,0.12489084736726071,1247348838.1567893,937.43473627062,9.983680597825175e-08,2.6548613877426952e-08,6,1.998626099607901,1.600380998606549,-2.367430447353132e-05
0.8,400.0,0.1371332779184638,1247348835.0173366,934.2625428079405,9.962677795306856e-08,2.6803570027340978e-08,6,1.998629735781647,1.6003810936223628,-2.356311460818449e-05
0.8,400.0,0.15057577323790639,1247348831.2745333,930.4311054967408,9.972853711526884e-08,2.7120688246076516e-08,6,1.9986336982206534,1.600381333419379,-2.3436939511859085e-05
0.8,400.0,0.1653359697248269,1247348826.4247856,925.8490830880061,9.979890003948596e-08,2.7491810352592312e-08,6,1.9986383005378534,1.6003816768374715,-2.3288414874870753e-05
0.8,400.0,0.18154303509143294,1247348820.6681461,920.3130917437029,9.964487305774768e-08,2.7954599446032584e-08,6,1.9986431161516296,1.6003823133120378,-2.3123043150873695e-05
0.8,400.0,0.19933879872033844,1247251859.0952516,914.0869552612068,1.305066545820542e-06,2.8110136776218457e-08,6,1.9992265503943116,1.6002111354877953,-1.2769713540868294e-05
0.8,400.0,0.21887899282533668,1247251843.6906967,906.6668799363348,5.93309869820836e-07,2.8400666675007322e-08,6,1.99923586792291,1.6002098936371247,-1.2543161038080923e-05
0.8,400.0,0.24033461527700972,1247251828.6710558,897.3421056678683,2.022818203649009e-07,2.900475560987016e-08,6,1.9992432240631748,1.6002091406196575,-1.2348692940507254e-05
0.8,400.0,0.26389342601937477,1247152057.743883,884.6251523434373,8.218006485795213e-06,3.0564318987690236e-08,6,1.9995163821525772,1.6001278441982922,-7.6025215509601365e-06
0.8,400.0,0.2897615901728365,1247152022.6336625,872.1148424513219,2.178702989933056e-06,3.080171323753199e-08,6,1.9995261926269168,1.6001250907325797,-7.397311806461219e-06
0.8,400.0,0.318165482202374,1247049063.6995437,855.2326547851467,2.954377194652301e-05,3.220569722527843e-08,6,1.999682046310062,1.6000784393784764,-4.729166395955264e-06
0.8,400.0,0.34935366693939,1246942177.1379986,835.0144653120819,0.0001882283332701027,3.391010767065425e-08,6,1.999777112686095,1.6000499934038306,-3.1186812822079377e-06
0.8,400.0,0.3835990747933107,1246942097.558165,814.5430441294653,2.789191057312359e-05,3.304047004050873e-08,6,1.9997832707590955,1.6000481987752668,-2.988999709396179e-06
0.8,400.0,0.4212013901883932,1246830656.09763,785.959740454716,9.001205022056919e-05,3.495607638738329e-08,6,1.9998406585772879,1.6000310187819813,-2.031456798834299e-06
0.8,400.0,0.4624896741271517,1246712836.7614176,753.9755040246357,0.00019353017828809853,3.486373573026989e-08,6,1.9998780795142563,1.6000198118176039,-1.414570086797429e-06
0.8,400.0,0.5078252438306721,1246069178.5390718,822.6275138328956,0.3435085861900472,4.2824144628166866e-08,6,1.999938693153059,1.6000015485852732,-4.779042267718861e-07
0.8,400.0,0.5576048346557921,1246069118.1342607,733.5087039440158,0.2869770328919738,4.5656844930159305e-08,6,1.9999387094578778,1.6000015895999629,-4.696022263297131e-07
0.8,400.0,0.6122640719593427,1246069125.6669722,624.7393045135058,0.15800981328252856,4.6415339511646785e-08,6,1.9999387076724986,1.6000016690433616,-4.599841554751851e-07
0.8,400.0,0.6722812832920282,1246069114.9991589,529.1551695176875,0.01416564096175352,5.727929516007255e-08,6,1.999938710175304,1.6000018755371317,-4.4565757337224665e-07
0.8,400.0,0.7381816842827723,1245853807.910542,436.7197452936771,0.00023947176608028246,8.715956208074262e-08,5,1.9999420681143711,1.6000012879728411,-3.814623622338481e-07
0.8,400.0,0.810541974844553,1245853576.6224024,324.6934966074447,9.86251187228494e-08,1.4559844244971938e-07,5,1.9999420784252242,1.6000019846231714,-3.7414154683083205e-07
0.8,400.0,0.8899953859235032,1100096980.7615817,328.0858067322377,0.6358518017444198,9.372732264733972e-07,3,2.0,1.6,0.0
0.8,400.0,0.9772372209558107,1059939890.9039547,742.7329241904496,0.969289916233288,1.8509230937179093e-06,3,2.0,1.6,0.0
0.8,450.0,0.01,1247534171.60809,1063.122093761156,9.977809902036832e-08,2.2136685429374736e-08,6,1.9864278242736644,1.6035202392169512,-0.000258724032719918
0.8,450.0,0.010980250419408422,1247534171.5942874,1063.0986307965923,9.960822579014e-08,2.213833648780862e-08,6,1.9864280188371959,1.603520260138527,-0.00025871997883081737
0.8,450.0,0.012056589927291887,1247534171.5776458,1063.0703429557395,9.968454975540043e-08,2.2140327141899572e-08,6,1.986428253421154,1.6035202853619113,-0.0002587150910974485
0.8,450.0,0.013238437660578209,1247534171.5575817,1063.036238092529,9.961689807229963e-08,2.2142727219355733e-08,6,1.98642853624942,1.6035203157740334,-0.0002587091981629431
0.8,450.0,0.01453613606748761,1247534171.5333908,1062.9951202240763,9.976470102142377e-08,2.2145620953416857e-08,6,1.9864288772498029,1.6035203524409671,-0.0002587020931864445
0.8,450.0,0.01596104141516088,1247534171.5042243,1062.9455474846293,9.983915337187574e-08,2.2149109889609102e-08,6,1.986429288386756,1.6035203966496998,-0.0002586935268880043
0.8,450.0,0.017525623169301542,1247534171.469059,1062.8857816594468,9.97681404611157e-08,2.21533164636216e-08,6,1.9864297840848406,1.603520449952432,-0.00025868319873208483
0.8,450.0,0.01924357311551172,1247534171.4266605,1062.8137273245075,9.987157951972619e-08,2.2158388372884428e-08,6,1.986430381742927,1.6035205142189592,-0.00025867074623252555
0.8,450.0,0.02112992517725142,1247534171.3799794,1062.7258125967498,9.975877312216324e-08,2.2164546206360087e-08,6,1.98643103948554,1.6035206084225495,-0.000258656955753452
0.8,450.0,0.023201186978958357,1247534171.3289304,1062.6196373803102,9.973257838048387e-08,2.217168051463163e-08,6,1.986431758437327,1.60352074153792,-0.0002586417497522792
0.8,450.0,0.02547548430564807,1247534171.2673788,1062.491632989811,9.979318288128856e-08,2.218028317581992e-08,6,1.9864326253028295,1.603520902042902,-0.0002586234155183267
0.8,450.0,0.0279727197231725,1247534171.1931639,1062.337313148218,9.989968148479932e-08,2.219065662134181e-08,6,1.986433670513638,1.6035210955796408,-0.00025860130951328367
0.8,450.0,0.030714746747235906,1247534171.1036782,1062.1512702602865,9.966516689125141e-08,2.2203165786623725e-08,6,1.9864349307904716,1.603521328948715,-0.00025857465526561815
0.8,450.0,0.03372556108533605,1247534170.9957783,1061.9269865482256,9.973671339596687e-08,2.221825092518763e-08,6,1.9864364504057042,1.6035216103577166,-0.0002585425166496721
0.8,450.0,0.03703151062520455,1247534170.7987843,1061.6649507772552,9.96968953083207e-08,2.2236897865338864e-08,6,1.9864392231874617,1.603521700632681,-0.00025848560525404244
0.8,450.0,0.04066152600737297,1247534170.5679464,1061.348025438695,9.979059761665375e-08,2.2259598804074943e-08,6,1.9864424721464373,1.6035218344093738,-0.00025841880922287085
0.8,450.0,0.044647373799624364,1247534170.4136329,1060.950243471722,9.992552273695633e-08,2.2288488507705332e-08,6,1.9864446418877337,1.603522458973568,-0.00025837202458310794
0.8,450.0,0.049023934488881024,1247534170.2275317,1060.4707187422682,9.994740782212922e-08,2.232334928887373e-08,6,1.986447258582234,1.603523212295556,-0.00025831560539652025
0.8,450.0,0.05382950772325868,1247534169.9256828,1059.9021862856591,9.968405124358147e-08,2.236516865372495e-08,6,1.986451500222374,1.6035238329914485,-0.0002582266002309877
0.8,450.0,0.059106147475486,1247534169.592298,1059.2126790552495,9.966546892773622e-08,2.2415088834233367e-08,6,1.9864561817961603,1.6035246968532386,-0.0002581276496251427
0.8,450.0,0.06490003006073211,1247534169.1678426,1058.3844254754727,9.9659640150446e-08,2.2475048620292564e-08,6,1.9864621375676292,1.6035256568680654,-0.00025800233975722004
0.8,450.0,0.07126185822939729,1247534168.695102,1057.380561730027,9.973845217029598e-08,2.2547924954151493e-08,6,1.9864687646238746,1.6035269631570617,-0.0002578619655045343
0.8,450.0,0.07824730487111635,1247534168.073725,1056.1763540245322,9.99319507094754e-08,2.2637409647748942e-08,6,1.9864774652406918,1.603528351716493,-0.00025767902063412914
0.8,450.0,0.08591750021286539,1247534167.3777683,1054.7174434513922,9.9800407096482e-08,2.2746199218227757e-08,6,1.9864871963430135,1.6035302315500386,-0.00025747313233938623
0.8,450.0,0.09433956677468387,1247534166.4885983,1052.9645615549723,9.960357450291614e-08,2.2875728112990544e-08,6,1.9864996102723185,1.6035323217856767,-0.0002572117834176115
0.8,450.0,0.10358720676445314,1247534165.338468,1050.859893922579,9.989477516987356e-08,2.3028371274553324e-08,6,1.9865156362387444,1.6035345664886071,-0.0002568763233870591
0.8,450.0,0.11374134705207334,1247534163.9747908,1048.3188874622388,9.959487544806959e-08,2.3216634942289357e-08,6,1.9865345933209806,1.6035373803886803,-0.00025647901659673874
0.8,450.0,0.12489084736726071,1247534161.9498863,1045.30162883916,9.97466637941248e-08,2.342938510379846e-08,6,1.9865626698778884,1.60353938552865,-0.0002558994675253333
0.8,450.0,0.1371332779184638,1247443155.760639,1052.1345135860165,1.434341291257215e-05,2.0973164471528116e-08,6,1.9961379605532354,1.6009962059461653,-7.146065938879847e-05
0.8,450.0,0.15057577323790639,1247443147.3010995,1048.5664403396331,1.1634369597075107e-05,2.0917920667302264e-08,6,1.9962588862549455,1.6009678284895101,-6.913238189675305e-05
0.8,450.0,0.1653359697248269,1247443141.543189,1043.6214405875508,8.689388405956465e-06,2.1110472190553204e-08,6,1.9963407950078624,1.6009504290316048,-6.754341581411766e-05
0.8,450.0,0.18154303509143294,1247443135.3111465,1037.5632738704064,5.845570683442489e-06,2.138538578381167e-08,6,1.9964289311004615,1.6009320934084375,-6.583139174014422e-05
0.8,450.0,0.19933879872033844,1247443128.475181,1030.1691201002445,3.4201396661265634e-06,2.177148606565447e-08,6,1.9965249601043853,1.6009124819391067,-6.396384650342898e-05
0.8,450.0,0.21887899282533668,1247443121.4485013,1021.073058682283,1.6536415723657263e-06,2.232654555980837e-08,6,1.9966180451248488,1.6008946665575505,-6.214438064847989e-05
0.8,450.0,0.24033461527700972,1247443117.0250468,1009.5289482320221,6.112196649963038e-07,2.2930253427163273e-08,6,1.9966656965345144,1.6008905656782102,-6.117317635046508e-05
0.8,450.0,0.26389342601937477,1247443110.012958,995.7911069965463,1.5463121844467258e-07,2.4004563842526813e-08,6,1.996713510052598,1.6008881817145,-6.01784733968556e-05
0.8,450.0,0.2897615901728365,1247443099.5700457,979.4457453684331,9.982760607710018e-08,2.5335122658629805e-08,6,1.9967620698291753,1.6008877759922566,-5.892059419241026e-05
0.8,450.0,0.318165482202374,1247443085.9982424,959.7896127098203,9.962499976515591e-08,2.703156324598015e-08,6,1.9968010468738533,1.600892873970856,-5.7592430066202e-05
0.8,450.0,0.34935366693939,1247348842.5631025,940.5213099791811,1.9049208579493047e-07,2.6375680938915843e-08,6,1.9986205430456143,1.6003810991009157,-2.3824223286887726e-05
0.8,450.0,0.3835990747933107,1247251857.2048569,913.3651718361141,2.3547319080818312e-06,2.8118865784912267e-08,6,1.9992277845466975,1.600210644638248,-1.2746475872568794e-05
0.8,450.0,0.4212013901883932,1247152042.0701592,880.6244299897648,8.374943335651025e-06,3.0398501842978236e-08,6,1.9995211257787688,1.6001262983484952,-7.512274384679698e-06
0.8,450.0,0.4624896741271517,1247049023.3502226,843.0026136333807,1.161168863392456e-05,3.212818235695194e-08,6,1.9996875119148163,1.600076750786105,-4.617488400246477e-06
0.8,450.0,0.5078252438306721,1246196371.9186006,924.6992659600104,0.34541084623699264,3.791841473408663e-08,6,1.999934452490062,1.600002673906953,-5.597653068955754e-07
0.8,450.0,0.5576048346557921,1246069149.021391,922.3169836858224,0.42141527568511905,4.364881954228231e-08,6,1.9999387016485806,1.6000014577016033,-4.845179662079557e-07
0.8,450.0,0.6122640719593427,1246069084.1870954,787.3774833861592,0.35812265917491737,5.103185372712268e-08,6,1.9999387164215348,1.6000015568759576,-4.7260873809293674e-07
0.8,450.0,0.6722812832920282,1245853785.5496202,714.0497040646413,0.39416120117034176,6.188397253972065e-08,5,1.9999420696344343,1.6000005720678017,-4.161092996506324e-07
0.8,450.0,0.7381816842827723,1246069066.2994487,493.7734047370808,0.0011088582093520716,6.412693415137032e-08,6,1.9999387193477094,1.600001994142061,-4.3981527001751e-07
0.8,450.0,0.810541974844553,1245853643.1793287,371.18891500369654,9.93022903585564e-08,1.0591146027716902e-07,5,1.9999420767265685,1.6000016599645925,-3.7563668163130935e-07
0.8,450.0,0.8899953859235032,1103828986.404168,195.5493316706772,9.176179336586152e-08,4.3524525890634594e-07,3,2.0,1.6,0.0
0.8,450.0,0.9772372209558107,1062107808.4688169,748.2045373195909,0.9657627595739243,1.6981128847863778e-06,3,2.0,1.6,0.0
0.8,500.0,0.01,1247621474.0963717,1161.874945956975,4.796107097769319e-07,1.8746207486526332e-08,6,1.9516652348642785,1.6115960229264878,-0.0009458389227016336
0.8,500.0,0.010980250419408422,1247621474.07764,1161.8491932115398,5.2570910003438e-07,1.8747279026234032e-08,6,1.9516655131216367,1.6115962023930546,-0.0009458327600887296
0.8,500.0,0.012056589927291887,1247621474.0550601,1161.8181443042392,5.760318687693036e-07,1.87485708348457e-08,6,1.9516658485456067,1.6115964187922172,-0.0009458253312232681
0.8,500.0,0.013238437660578209,1247621474.0278409,1161.7807102901018,6.308989835330476e-07,1.8750128176797746e-08,6,1.9516662528875555,1.6115966797248191,-0.000945816375780435
0.8,500.0,0.01453613606748761,1247621473.9950283,1161.7355784347362,6.906320157610596e-07,1.875200561160297e-08,6,1.951666740317833,1.6115969943562072,-0.0009458055798457633
0.8,500.0,0.01596104141516088,1247621473.955473,1161.6811661375964,7.555450852463832e-07,1.8754268892460677e-08,6,1.9516673279109844,1.6115973737417681,-0.000945792565134026
0.8,500.0,0.017525623169301542,1247621473.9077885,1161.6155657047116,8.259321844674779e-07,1.8756997267816035e-08,6,1.9516680362620067,1.6115978312122503,-0.0009457768753689528
0.8,500.0,0.01924357311551172,1247621473.850304,1161.5364774773884,9.0204978520682e-07,1.8760286234323134e-08,6,1.951668890194689,1.6115983828471794,-0.0009457579605473347
0.8,500.0,0.02112992517725142,1247621473.7777429,1161.4412809532382,9.840942896040456e-07,1.876420590260698e-08,6,1.9516699680525893,1.6115990362406518,-0.0009457342298616555
0.8,500.0,0.023201186978958357,1247621473.5986528,1161.3395604950672,1.0722531867420844e-06,1.8766049541201157e-08,6,1.9516726273602258,1.611599485179318,-0.0009456785896170666
0.8,500.0,0.02547548430564807,1247621473.3827853,1161.2169491503437,1.1664460543114137e-06,1.876826472080696e-08,6,1.9516758327768817,1.6116000267262824,-0.000945611521292502
0.8,500.0,0.0279727197231725,1247621473.1225955,1161.069164409721,1.2664680249933883e-06,1.8770924308394166e-08,6,1.951679696334633,1.6116006800339162,-0.0009455306796785049
0.8,500.0,0.030714746747235906,1247621472.9278495,1160.8736225192306,1.3717199908597546e-06,1.8778754862042146e-08,6,1.9516825870488226,1.611601908501011,-0.0009454683246545651
0.8,500.0,0.03372556108533605,1247621472.7597375,1160.629493083478,1.4814258462708818e-06,1.8790438161684827e-08,6,1.9516850814725757,1.6116036367762605,-0.0009454127841803411
0.8,500.0,0.03703151062520455,1247621472.5570583,1160.3352119164624,1.594394264992993e-06,1.880452041285067e-08,6,1.9516880887985557,1.6116057213185389,-0.000945345820072339
0.8,500.0,0.04066152600737297,1247621472.3093262,1159.9802858293726,1.7088182215844027e-06,1.8821243377094388e-08,6,1.951691764169945,1.611608223592506,-0.0009452641291647991
0.8,500.0,0.044647373799624364,1247621471.9891784,1159.5559737030508,1.8222344959390523e-06,1.883831606740666e-08,6,1.9516965106585336,1.6116111633846377,-0.000945159345301858
0.8,500.0,0.049023934488881024,1247621471.5006526,1159.058586402543,1.931435062479606e-06,1.885593992816574e-08,6,1.951703752734634,1.611614331266071,-0.0009450028789195977
0.8,500.0,0.05382950772325868,1247621470.757839,1158.4799542348255,2.0322355129238722e-06,1.8875037732871366e-08,6,1.95171475949098,1.6116175857403292,-0.0009447690826722375
0.8,500.0,0.059106147475486,1247621470.2272987,1157.7320207091987,2.1183818471572786e-06,1.8909438597557585e-08,6,1.951722614795632,1.611622865967839,-0.000944594658500038
0.8,500.0,0.06490003006073211,1247621469.212868,1156.882676040659,2.184489831889624e-06,1.8936826994825298e-08,6,1.951737624474204,1.6116278553237997,-0.0009442744620063261
0.8,500.0,0.07126185822939729,1247621468.5160851,1155.7852273915732,2.221424722427319e-06,1.899057142686845e-08,6,1.9517479240172853,1.611635830122568,-0.000944043108618288
0.8,500.0,0.07824730487111635,1247621467.1692705,1154.532717541983,2.2225985836514197e-06,1.903563863446927e-08,6,1.9517678136182113,1.6116435908164572,-0.0009436159594347884
0.8,500.0,0.08591750021286539,1247621465.6035955,1153.0149438007074,2.1787086450563937e-06,1.908987006040753e-08,6,1.9517909052075708,1.6116531901305504,-0.0009431186363607414
0.8,500.0,0.09433956677468387,1247621464.0158477,1151.1446585182305,2.08190719401834e-06,1.9168718283041572e-08,6,1.9518142897851765,1.611665911977601,-0.0009426073859463941
0.8,500.0,0.10358720676445314,1247621461.6635084,1148.9509613087555,1.928598774032395e-06,1.9248439448302275e-08,6,1.9518488752797458,1.6116796900349226,-0.0009418643972062661
0.8,500.0,0.11374134705207334,1247621458.953709,1146.289137961142,1.7177608914575032e-06,1.9348267686858386e-08,6,1.951888614124479,1.6116968575022679,-0.0009410075531187503
0.8,500.0,0.12489084736726071,1247621456.8464277,1142.9242916529283,1.4549270794664002e-06,1.952204816253153e-08,6,1.9519194341374138,1.6117219687094266,-0.0009403129193623415
0.8,500.0,0.1371332779184638,1247621454.55346,1138.8320829812471,1.157037023047478e-06,1.9745846137878727e-08,6,1.9519528555178483,1.6117533594548554,-0.000939549216671062
0.8,500.0,0.15057577323790639,1247621451.0523946,1133.9964092161279,8.494507681408676e-07,1.9988469056306896e-08,6,1.9520036872321003,1.6117887772192858,-0.0009384197698687347
0.8,500.0,0.1653359697248269,1247621448.4077933,1127.9554727077357,5.610670470359737e-07,2.0361066714157817e-08,6,1.952041877773167,1.6118377328834448,-0.0009375145018923155
0.8,500.0,0.18154303509143294,1247621445.4239235,1120.6373377725615,3.228538529166665e-07,2.0834649267413028e-08,6,1.9520846937880088,1.611898173478889,-0.0009364861551019264
0.8,500.0,0.19933879872033844,1247621440.6443787,1111.9558998828923,1.5465747701896127e-07,2.1373122435914493e-08,6,1.9521527321366121,1.6119676674719647,-0.0009349209497832569
0.8,500.0,0.21887899282533668,1247621434.9699655,1101.4709692555016,9.980096316745759e-08,2.2047002127715634e-08,6,1.9522328010357204,1.612053190683113,-0.0009330720523756057
0.8,500.0,0.24033461527700972,1247621427.1179276,1088.935372744896,9.960135896820018e-08,2.2865727691748157e-08,6,1.9523424204373394,1.6121546839204977,-0.0009305845576886834
0.8,500.0,0.26389342601937477,1247534208.2478824,1099.8676860659564,7.609548457883949e-06,2.0405739268644318e-08,6,1.9859004287766098,1.603538943571096,-0.0002694016473065242
0.8,500.0,0.2897615901728365,1247534187.1379123,1083.0761277334261,1.9306117614058507e-06,2.099850920914416e-08,6,1.9862065007066698,1.6035148776279464,-0.0002632353998700532
0.8,500.0,0.318165482202374,1247534170.7914398,1061.6553389307694,2.587759703079378e-07,2.2237577546008457e-08,6,1.9864393265633207,1.6035209088669637,-0.0002584599178170686
0.8,500.0,0.34935366693939,1247443144.7789125,1046.6536921652762,2.3770520130350602e-05,2.0979936726077502e-08,6,1.9962948211694835,1.6009593609798354,-6.841706074661525e-05
0.8,500.0,0.3835990747933107,1247443117.7213016,1016.0479204968046,1.8244802299144235e-06,2.2641808786301324e-08,6,1.9966593099344312,1.6008869380059911,-6.131730484043864e-05
0.8,500.0,0.4212013901883932,1247443097.7933967,977.1141006049963,9.992083707214554e-08,2.5523409466769676e-08,6,1.9967684683773568,1.6008874884089486,-5.8723334546891546e-05
0.8,500.0,0.4624896741271517,1247348836.2965693,935.6408316077766,1.3398804326109178e-07,2.668739848314615e-08,6,1.9986282882293531,1.6003803903175235,-2.360855269967311e-05
0.8,500.0,0.5078252438306721,1247152047.635125,882.5214368568271,1.2595757944299397e-05,3.038742061011014e-08,6,1.999519501539287,1.6001265426707718,-7.5455700247107664e-06
0.8,500.0,0.5576048346557921,1246196326.5840566,1012.3869495764643,0.41188229062750464,3.9267656869129536e-08,6,1.9999344895356879,1.6000024936017012,-5.629119582246387e-07
0.8,500.0,0.6122640719593427,1246069107.8503122,985.2058577281653,0.4738249479348626,4.792600857336975e-08,6,1.9999387117578895,1.6000013797558585,-4.857379304368986e-07
0.8,500.0,0.6722812832920282,1245853844.8114922,924.0049569792541,0.5229611780869817,5.884743331117597e-08,5,1.9999420654648759,1.6000004163124544,-4.2456782738829695e-07
0.8,500.0,0.7381816842827723,1245853713.3569908,635.5055449265438,0.3554062532756943,7.141131514257533e-08,5,1.999942073863558,1.6000006371488578,-4.1265803037158016e-07
0.8,500.0,0.810541974844553,1245853721.17425,412.944296976343,2.513758723870298e-06,8.72957310063163e-08,5,1.99994207346547,1.6000014122884505,-3.787558253578766e-07
0.8,500.0,0.8899953859235032,1104512148.1438901,220.67220718457096,9.973137801486654e-08,3.631376413645655e-07,3,2.0,1.6,0.0
0.8,500.0,0.9772372209558107,1064080224.3454394,745.1244599197328,0.9618549851953242,1.6044114225749092e-06,3,2.0,1.6,0.0
0.8,550.0,0.01,1247694260.106905,1098.1807156227103,3.6130097282631417e-07,3.127235581064857e-08,6,1.6895169156077845,1.6791061928653455,-0.006245916853390241
0.8,550.0,0.010980250419408422,1247694258.0831213,1098.1676536728294,3.9634641503062415e-07,3.127299287168384e-08,6,1.6895411223752108,1.6791007680300691,-0.006245413602199813
0.8,550.0,0.012056589927291887,1247694255.6433868,1098.1519031519742,4.347068867596894e-07,3.127376110223646e-08,6,1.689570304389624,1.6790942285632777,-0.006244806917626048
0.8,550.0,0.013238437660578209,1247694252.7021756,1098.1329109557773,4.766683388190891e-07,3.127468751156218e-08,6,1.6896054846396733,1.6790863453441083,-0.006244075533706826
0.8,550.0,0.01453613606748761,1247694249.157057,1098.1100147271209,5.225320410554914e-07,3.127580445802969e-08,6,1.6896478883122685,1.6790768443599475,-0.00624319383872079
0.8,550.0,0.01596104141516088,1247694244.381576,1098.0875344062736,5.728358038687907e-07,3.127603421447622e-08,6,1.689705008157012,1.6790635860326117,-0.006242013052536046
0.8,550.0,0.017525623169301542,1247694238.4818587,1098.0606794138482,6.277236475524876e-07,3.127662840092169e-08,6,1.689775575026021,1.6790470915433595,-0.006240556134959969
0.8,550.0,0.01924357311551172,1247694231.36922,1098.028298087165,6.875786021677964e-07,3.127734509196568e-08,6,1.6898606497196274,1.6790272069730117,-0.0062387997146254376
0.8,550.0,0.02112992517725142,1247694222.8895144,1097.9889571520703,7.528124717458114e-07,3.1278113743441655e-08,6,1.689962076563827,1.6790035772371732,-0.006236704498636645
0.8,550.0,0.023201186978958357,1247694213.0005724,1097.9383822820334,8.235112007839359e-07,3.12799155590439e-08,6,1.690080363178487,1.6789762832011337,-0.006234257207862545
0.8,550.0,0.02547548430564807,1247694201.0800197,1097.8774123745463,9.001266090281259e-07,3.12820882345151e-08,6,1.6902229509120295,1.6789433792753243,-0.006231306974410751
0.8,550.0,0.0279727197231725,1247694176.8709083,1097.8920563066877,9.878930506549027e-07,3.1270912223752965e-08,6,1.6905125025949,1.6788684175218567,-0.006225438688356232
0.8,550.0,0.030714746747235906,1247694161.3966389,1097.7895496134538,1.0767342592525142e-06,3.127483490460539e-08,6,1.6906975719008042,1.678827236433314,-0.006221586786464504
0.8,550.0,0.03372556108533605,1247694145.3020883,1097.6420285135428,1.1702119243803702e-06,3.128371502380482e-08,6,1.6908900618185154,1.6787867728112524,-0.006217544772680702
0.8,550.0,0.03703151062520455,1247694128.95883,1097.439246417477,1.2670158525233751e-06,3.129751746511663e-08,6,1.6910855330267764,1.6787489578224386,-0.0062133908804124375
0.8,550.0,0.04066152600737297,1247694103.7105534,1097.2418277156764,1.3717405699460592e-06,3.1308373324965535e-08,6,1.6913875154078033,1.6786834530905308,-0.006207080301329572
0.8,550.0,0.044647373799624364,1247694069.6955664,1097.0344937692996,1.4835059420451822e-06,3.131611544689461e-08,6,1.691794326120022,1.6785916322971262,-0.006198633081675754
0.8,550.0,0.049023934488881024,1247694032.7952545,1096.750826245446,1.595759937411858e-06,3.133058108503279e-08,6,1.6922356596715227,1.678495635972486,-0.006189414664573068
0.8,550.0,0.05382950772325868,1247693987.5117567,1096.414361995998,1.709891296570671e-06,3.134728742631593e-08,6,1.6927772318697303,1.678376993885274,-0.006178115584065666
0.8,550.0,0.059106147475486,1247693928.668425,1096.0483146071372,1.8264917102285314e-06,3.13618527333654e-08,6,1.6934809614241764,1.6782186410099416,-0.006163496774682479
0.8,550.0,0.06490003006073211,1247693876.8111775,1095.437905244466,1.9213694177718574e-06,3.1403703001335634e-08,6,1.6941011157977877,1.6780960913505003,-0.006150358021607093
0.8,550.0,0.07126185822939729,1247693794.5851707,1094.868074891305,2.02224849044584e-06,3.1432288077549095e-08,6,1.6950844321592946,1.6778774830307424,-0.006129892606458968
0.8,550.0,0.07824730487111635,1247693687.7865736,1094.2558030881044,2.117190331498783e-06,3.145347585972379e-08,6,1.6963615761083555,1.677586187176513,-0.006103424270442849
0.8,550.0,0.08591750021286539,1247693575.97728,1093.3740507410791,2.175053630487122e-06,3.1499338366770486e-08,6,1.6976985201577122,1.6772954776845304,-0.0060755032590977505
0.8,550.0,0.09433956677468387,1247693434.4273467,1092.3635273083516,2.2090003096024726e-06,3.154932574231101e-08,6,1.6993910623194224,1.6769202536233436,-0.006040267210379927
0.8,550.0,0.10358720676445314,1247693267.004801,1091.1191748442095,2.2004401281166754e-06,3.161496642256547e-08,6,1.7013927738241834,1.6764787605129285,-0.005998563504380299
0.8,550.0,0.11374134705207334,1247693049.9256136,1089.7463997568743,2.1602431431053654e-06,3.167731407902253e-08,6,1.7039879983121027,1.6758907964849197,-0.005944735550592322
0.8,550.0,0.12489084736726071,1247692806.1864126,1087.9514347719667,2.046850940026654e-06,3.17689745993226e-08,6,1.7069015991996797,1.6752448873612382,-0.005884095282405962
0.8,550.0,0.1371332779184638,1247692500.7061946,1085.8933485608982,1.8827192584635796e-06,3.1863632533966905e-08,6,1.710552738619321,1.6744222573215208,-0.00580831725450975
0.8,550.0,0.15057577323790639,1247692156.3576183,1083.2044373404324,1.6362099773016727e-06,3.201414671360768e-08,6,1.7146677676022026,1.6735130649546626,-0.005722651001469881
0.8,550.0,0.1653359697248269,1247691705.4904232,1080.283822451796,1.3640859820849252e-06,3.214917636717182e-08,6,1.7200545287884244,1.6722841744434296,-0.005611122275280147
0.8,550.0,0.18154303509143294,1247691192.2261426,1076.5188127082263,1.0385248647797405e-06,3.2349075176714665e-08,6,1.7261850692335485,1.6709043485900417,-0.005483935762044646
0.8,550.0,0.19933879872033844,1247690554.5459814,1072.1493294856443,7.196785559590692e-07,3.2573532032685156e-08,6,1.7337993332475212,1.6691630218112485,-0.005326432889176932
0.8,550.0,0.21887899282533668,1247689790.5508547,1066.8906802873978,4.3268984631732476e-07,3.284100253620028e-08,6,1.7429177344664333,1.6670662008662,-0.005138049533998642
0.8,550.0,0.24033461527700972,1247688878.222916,1060.5032253752768,2.1280756894983144e-07,3.318394555313677e-08,6,1.7537998040580645,1.664548296837713,-0.004913541439086588
0.8,550.0,0.26389342601937477,1247687783.4922202,1052.8167849967742,9.938366223767726e-08,3.360767605438788e-08,6,1.7668479363582532,1.6614998534034033,-0.004644897050652922
0.8,550.0,0.2897615901728365,1247621483.7655244,1171.2090914464934,2.6715587151955942e-05,1.842121130199767e-08,6,1.9515210051777787,1.6115366534607178,-0.0009488770895498972
0.8,550.0,0.318165482202374,1247621461.211305,1148.1440508617038,5.708696259859322e-06,1.9289625709625905e-08,6,1.9518555130153614,1.6116840367249645,-0.0009416569194963121
0.8,550.0,0.34935366693939,1247621444.7195945,1118.9378320854373,5.422764053132162e-07,2.0945737575781955e-08,6,1.9520947567198732,1.6119108855852602,-0.0009361990078804392
0.8,550.0,0.3835990747933107,1247621424.8831365,1083.5757236631612,9.947500104170817e-08,2.326885054211009e-08,6,1.9523733385869262,1.612200535608459,-0.0009298036297126152
0.8,550.0,0.4212013901883932,1247534175.3661675,1069.338259512022,7.610551692618305e-07,2.1727091557619447e-08,6,1.986374675101629,1.6035135102531062,-0.00025977917866669035
0.8,550.0,0.4624896741271517,1247443128.809145,1030.7359505177064,8.585345254594425e-06,2.1734857209369223e-08,6,1.9965202893731562,1.6009121893977971,-6.4021863085016e-05
0.8,550.0,0.5078252438306721,1247443092.7978003,969.1145675522491,9.982683220751996e-08,2.6222385300992832e-08,6,1.9967841657352587,1.60088923926847,-5.8181842373304815e-05
0.8,550.0,0.5576048346557921,1247251836.1920865,902.239724995638,9.137080865686465e-07,2.8661740502310683e-08,6,1.9992397396195292,1.600208832086648,-1.2442514063531232e-05
0.8,550.0,0.6122640719593427,1246196280.8660164,1054.844059500327,0.45348948236085074,4.376914242933058e-08,6,1.9999345189505673,1.600002405178422,-5.603460151599645e-07
0.8,550.0,0.6722812832920282,1246069060.5674157,981.9629009723703,0.5021347804130453,5.9462287052778215e-08,6,1.9999387201774323,1.6000013756558267,-4.808858252960994e-07
0.8,550.0,0.7381816842827723,1245853684.543608,865.6203582959636,0.5428751908312669,8.203234219614756e-08,5,1.9999420751919221,1.600000450744261,-4.184800788608404e-07
0.8,550.0,0.810541974844553,1245958440.2744696,453.6802455921157,0.0011827604725668434,7.80291222457568e-08,6,1.9999407721312294,1.6000015767888298,-4.0394025721003504e-07
0.8,550.0,0.8899953859235032,1245538315.4903922,233.5683241511708,9.739458611574646e-08,3.3472542505772033e-07,5,1.9999455361286789,1.6000021332416914,-3.391120729738536e-07
0.8,550.0,0.9772372209558107,1065864766.3202201,739.5978479395603,0.9577785948293442,1.5397155153851903e-06,3,2.0,1.6,0.0
0.8,600.0,0.01,1247703076.4854815,1159.5992545076165,6.049976131778694e-06,2.8474429404060347e-08,6,1.5840530662855907,1.7015966531577595,-0.008460528614392155
0.8,600.0,0.010980250419408422,1247703073.851784,1159.5865467425615,6.641295464461803e-06,2.8474860137330736e-08,6,1.5840844817527096,1.7015897265177573,-0.008459870529564812
0.8,600.0,0.012056589927291887,1247703070.6820781,1159.571180895378,7.2899882353877576e-06,2.8475381294406713e-08,6,1.5841222908747121,1.701581395674296,-0.008459078441158471
0.8,600.0,0.013238437660578209,1247703066.8666825,1159.5526059857646,8.001476580554277e-06,2.847601164104973e-08,6,1.5841678019610734,1.7015713738923595,-0.008458124923508689
0.8,600.0,0.01453613606748761,1247703062.2734137,1159.5301573194374,8.781644032419059e-06,2.84767738139655e-08,6,1.5842225917334976,1.701559315695646,-0.008456976924712253
0.8,600.0,0.01596104141516088,1247703056.7429626,1159.5030330811167,9.636855599942841e-06,2.8477695115433955e-08,6,1.5842885604724137,1.7015448048168524,-0.008455594611147083
0.8,600.0,0.017525623169301542,1247703051.007274,1159.4623447174604,1.0570779360858834e-05,2.848011810798076e-08,6,1.5843569809615852,1.7015306448944651,-0.008454148063284586
0.8,600.0,0.01924357311551172,1247703044.3956344,1159.4116751500428,1.1589773457945759e-05,2.8482945292999542e-08,6,1.5844358516511843,1.7015146540153179,-0.008452475872183667
0.8,600.0,0.02112992517725142,1247703036.4322865,1159.350519360982,1.2702932952965904e-05,2.8486355701396288e-08,6,1.584530846960798,1.7014954017032358,-0.008450461792655682
0.8,600.0,0.023201186978958357,1247703026.1087992,1159.2828400938943,1.3923959818079074e-05,2.848940123540804e-08,6,1.584653994662786,1.7014696074030342,-0.008447862717117697
0.8,600.0,0.02547548430564807,1247703012.3437915,1159.2110373316505,1.5264188284228888e-05,2.849174286521009e-08,6,1.5848181929097385,1.7014337840126277,-0.00844441786375604
0.8,600.0,0.0279727197231725,1247703000.5218024,1159.0831557354275,1.6692331114020105e-05,2.850102479938764e-08,6,1.5849592222208009,1.7014076728875713,-0.008441392389394
0.8,600.0,0.030714746747235906,1247702990.0184164,1158.9033362898265,1.8205708858146547e-05,2.851385271593777e-08,6,1.5850845300801908,1.7013895999352213,-0.008438631335045783
0.8,600.0,0.03372556108533605,1247702975.3264716,1158.7004733648591,1.984882535008737e-05,2.8528578410496344e-08,6,1.585259816109408,1.7013605410405024,-0.008434822476806462
0.8,600.0,0.03703151062520455,1247702949.512964,1158.5200010829546,2.1688840229185673e-05,2.853856356687743e-08,6,1.5855678111000084,1.701296493952854,-0.00842831564669868
0.8,600.0,0.04066152600737297,1247702912.8924177,1158.342295976796,2.3734477554461077e-05,2.8547102589981143e-08,6,1.5860047872496947,1.7011995620672502,-0.008419170588992563
0.8,600.0,0.044647373799624364,1247702850.5620291,1158.2786027631084,2.6179242298838123e-05,2.853697677712257e-08,6,1.5867485832589583,1.701017582189598,-0.008403846696398464
0.8,600.0,0.049023934488881024,1247702795.8390439,1158.0439377996406,2.8627447645327943e-05,2.8542782088212006e-08,6,1.5874016712424137,1.70087123560375,-0.008390200216230088
0.8,600.0,0.05382950772325868,1247702739.3034365,1157.6877703766752,3.11400251408505e-05,2.8557831661889663e-08,6,1.5880764454453407,1.7007285196357378,-0.008375979821171676
0.8,600.0,0.059106147475486,1247702658.1006844,1157.364235696691,3.401514468626967e-05,2.856296155868045e-08,6,1.5890457035164551,1.700509652361324,-0.008355751887481165
0.8,600.0,0.06490003006073211,1247702593.667355,1156.7063819460625,3.6535371327094996e-05,2.8602474049799654e-08,6,1.5898149494752922,1.7003654447778267,-0.008339277879100916
0.8,600.0,0.07126185822939729,1247702485.3952484,1156.1604199204392,3.962519699320658e-05,2.8619176900156934e-08,6,1.591107684769623,1.7000818054643223,-0.008312183239887356
0.8,600.0,0.07824730487111635,1247702373.289138,1155.3501787445136,4.24882396481015e-05,2.866001079607554e-08,6,1.5924464783447643,1.6998054990115112,-0.008283875771986495
0.8,600.0,0.08591750021286539,1247702226.718253,1154.4658330380748,4.556973272397579e-05,2.8698542775431817e-08,6,1.594197133477797,1.699431011633201,-0.00824704971604718
0.8,600.0,0.09433956677468387,1247702055.776171,1153.3561520414908,4.849259030554857e-05,2.875046140848115e-08,6,1.5962393516107525,1.6989994671656263,-0.008204017152085841
0.8,600.0,0.10358720676445314,1247701844.206876,1152.0931780189892,5.138568850722714e-05,2.8795204055625725e-08,6,1.59876749277018,1.6984585372304837,-0.00815084679876197
0.8,600.0,0.11374134705207334,1247701604.7763252,1150.4217247402325,5.3598106084171826e-05,2.887790966158008e-08,6,1.601629293674978,1.6978610008375932,-0.00809045478098965
0.8,600.0,0.12489084736726071,1247701312.3731296,1148.4700109504959,5.536216603291485e-05,2.8961364328157068e-08,6,1.605125101433353,1.6971251401612517,-0.008016777313162861
0.8,600.0,0.1371332779184638,1247700944.1992624,1146.259381572995,5.6774598517460266e-05,2.904352518860478e-08,6,1.6095279798841389,1.6961788656659278,-0.007924278383717417
0.8,600.0,0.15057577323790639,1247700548.6200945,1143.2342998272293,5.5938586733859955e-05,2.918422635347601e-08,6,1.6142597766316864,1.6952071169900922,-0.007824245418384312
0.8,600.0,0.1653359697248269,1247700053.956867,1139.7434084650527,5.4085053519347965e-05,2.9341313251241902e-08,6,1.6201780302224627,1.693965905867903,-0.007699534338306231
0.8,600.0,0.18154303509143294,1247699468.1834157,1135.479588194951,5.0301474306340465e-05,2.9535693786236795e-08,6,1.6271878909193573,1.692498890349108,-0.007551819577517343
0.8,600.0,0.19933879872033844,1247698729.6073258,1130.6565780778217,4.536928838011104e-05,2.9732546995969817e-08,6,1.6360280554367526,1.6906015761591942,-0.007366291454098634
0.8,600.0,0.21887899282533668,1247697896.3690588,1124.4296247876828,3.750498040218927e-05,3.002817282754551e-08,6,1.646002047588326,1.6885017861721476,-0.00715647700133977
0.8,600.0,0.24033461527700972,1247696881.7935505,1117.092972249523,2.8481318261580807e-05,3.0366840972509336e-08,6,1.6581464316764578,1.685908718220701,-0.006901667723136917
0.8,600.0,0.26389342601937477,1247695666.397705,1108.3067028736784,1.8964156266845275e-05,3.077675560547747e-08,6,1.6726923342305997,1.6827734348824144,-0.006597098729615564
0.8,600.0,0.2897615901728365,1247694194.028821,1097.885005806787,1.0468939041464303e-05,3.127821969343776e-08,6,1.6903072874922163,1.6789146213044943,-0.006229454869566526
0.8,600.0,0.318165482202374,1247692438.7389572,1085.3756055750569,4.262290255311039e-06,3.189247836033772e-08,6,1.7112933116896356,1.6742559270835353,-0.005792740412254956
0.8,600.0,0.34935366693939,1247690319.193942,1070.5326172024197,1.0728717256570817e-06,3.266027595470471e-08,6,1.7366088444737109,1.6685140839269053,-0.005268271123792033
0.8,600.0,0.3835990747933107,1247687784.5927916,1052.8310204343366,1.1607563019564924e-07,3.360645345690583e-08,6,1.7668348233462325,1.6615001500875104,-0.0046450949923500405
0.8,600.0,0.4212013901883932,1247621458.9662287,1146.321169385922,6.596242153664722e-06,1.9346576595402125e-08,6,1.9518884308007702,1.611693307314794,-0.0009409019315531793
0.8,600.0,0.4624896741271517,1247621427.8168833,1090.3046452930027,9.952496743258392e-08,2.276792172228394e-08,6,1.9523327186916914,1.612140985856604,-0.0009307378386840177
0.8,600.0,0.5078252438306721,1247534165.442656,1051.05661460382,1.3233564494971206e-07,2.301468080547848e-08,6,1.9865141862268683,1.60353235904025,-0.00025684195894376294
0.8,600.0,0.5576048346557921,1247443101.7036111,982.4725477456483,9.974882411105453e-08,2.509103543033248e-08,6,1.9967537628242098,1.6008865320924306,-5.912316097594381e-05
0.8,600.0,0.6122640719593427,1246196367.7070038,1247.6123004941778,0.5153429035766942,3.791851711688682e-08,6,1.9999344561778105,1.6000021498977475,-5.703012771985924e-07
0.8,600.0,0.6722812832920282,1246069098.721523,1180.733276333813,0.5648632875621075,4.953415171711446e-08,6,1.9999387136630875,1.6000011964815022,-4.898087937182375e-07
0.8,600.0,0.7381816842827723,1245853724.6292372,1072.4568706249172,0.6136559036286044,6.813937024114883e-08,5,1.9999420732845978,1.6000003421941913,-4.2431544651825115e-07
0.8,600.0,0.810541974844553,1245853752.733468,518.4775531357586,0.18182055133674002,6.562545700695595e-08,5,1.9999420717032765,1.6000007887018517,-4.1002938112195724e-07
0.8,600.0,0.8899953859235032,1245810169.949454,266.41823030765954,9.816532514638599e-08,2.750404797161464e-07,5,1.999942682152449,1.6000021871300067,-3.673942624729822e-07
0.8,600.0,0.9772372209558107,1067517568.2130104,729.9391545748035,0.9534270609818374,1.501602915906702e-06,3,2.0,1.6,0.0
0.8,650.0,0.01,1247705001.4113588,1282.9050994830934,0.00021882975492599411,1.9567647343644513e-08,6,1.562355049467693,1.6975151150585024,-0.009023052589158847
0.8,650.0,0.010980250419408422,1247705001.3683271,1282.8698486585292,0.00024010756999054943,1.957143847498915e-08,6,1.56235561251501,1.6975176249303379,-0.00902301625589792
0.8,650.0,0.012056589927291887,1247705001.3519456,1282.824811722147,0.00026340988690377805,1.957486639786482e-08,6,1.5623558267808877,1.6975207816601134,-0.009022981962131513
0.8,650.0,0.013238437660578209,1247705001.3348088,1282.7703804087007,0.0002889204199364315,1.9578824694236604e-08,6,1.562356050912682,1.6975245974881958,-0.009022941314949249
0.8,650.0,0.01453613606748761,1247705001.3148506,1282.7047118991375,0.0003168313757489807,1.9583497220929096e-08,6,1.5623563119460673,1.6975292009709635,-0.009022892426116142
0.8,650.0,0.01596104141516088,1247705001.2915635,1282.6254938634804,0.0003473457724288273,1.9589020600691418e-08,6,1.562356616516719,1.6975347544903212,-0.009022833576900566
0.8,650.0,0.017525623169301542,1247705001.26434,1282.5299248070244,0.0003806761531970505,1.9595559448700693e-08,6,1.5623569725731044,1.6975414541525273,-0.009022762851198742
0.8,650.0,0.01924357311551172,1247705001.1390414,1282.4211259634005,0.0004170642254505492,1.9601954184956143e-08,6,1.5623586111626053,1.6975491931599618,-0.009022652821932216
0.8,650.0,0.02112992517725142,1247705001.021449,1282.287611999014,0.0004567121736118023,1.9610693825704513e-08,6,1.5623601487507948,1.697558648610836,-0.009022529129152903
0.8,650.0,0.023201186978958357,1247705000.8957243,1282.1255625451695,0.0004998456303328487,1.9619436182221346e-08,6,1.5623617923566169,1.6975701099013285,-0.009022383994982282
0.8,650.0,0.02547548430564807,1247705000.7170656,1281.9320327097016,0.0005466910425062301,1.963258106354751e-08,6,1.5623641276305749,1.6975838325249202,-0.009022201635008217
0.8,650.0,0.0279727197231725,1247705000.6312985,1281.689736860426,0.0005973963630239244,1.9647923529334636e-08,6,1.5623652483339001,1.6976008590907687,-0.009022016290356311
0.8,650.0,0.030714746747235906,1247705000.4536982,1281.4027653153287,0.0006521792816937869,1.96692762668121e-08,6,1.562367568533556,1.6976211222854958,-0.00902177244770835
0.8,650.0,0.03372556108533605,1247705000.3793654,1281.0471170308024,0.0007110748520313074,1.9692520621906756e-08,6,1.5623685391154492,1.6976460777074007,-0.009021515298573935
0.8,650.0,0.03703151062520455,1247705000.2188091,1280.6232538147026,0.0007741799535443429,1.9720169929307906e-08,6,1.5623706350389872,1.697675921386695,-0.009021185527005416
0.8,650.0,0.04066152600737297,1247705000.0283566,1280.1120649565014,0.0008413889377343022,1.975208505075764e-08,6,1.5623731201715452,1.6977119379098502,-0.009020787503499978
0.8,650.0,0.044647373799624364,1247704999.7010856,1279.5024855143383,0.0009125146504588825,1.979160541537583e-08,6,1.562377388741191,1.6977550373314514,-0.009020279782594546
0.8,650.0,0.049023934488881024,1247704999.350266,1278.7645914880884,0.0009870524612594672,1.9838698954512557e-08,6,1.5623819609747358,1.6978072117958425,-0.00901967696940579
0.8,650.0,0.05382950772325868,1247704999.0393026,1277.8676111978334,0.0010642263447715253,1.989506682232611e-08,6,1.5623860105413614,1.6978706002178494,-0.009018976003356485
0.8,650.0,0.059106147475486,1247704998.5944567,1276.791120417822,0.001143028868911431,1.9961010028807123e-08,6,1.5623917995508387,1.6979468741975283,-0.009018107018327627
0.8,650.0,0.06490003006073211,1247704997.9185407,1275.5028886316152,0.00122195676525168,2.003938387010581e-08,6,1.5624005874641322,1.698038474711263,-0.009017014157786302
0.8,650.0,0.07126185822939729,1247704996.0536077,1274.017446798797,0.0012995403371727494,2.0107169617924276e-08,6,1.56242478765428,1.6981452827637697,-0.009015407588107404
0.8,650.0,0.07824730487111635,1247704995.2410152,1272.1359789835974,0.0013713374898394527,2.022334077327159e-08,6,1.5624353263228805,1.6982796421406663,-0.009013834121715589
0.8,650.0,0.08591750021286539,1247704993.4860647,1269.917783760117,0.0014350319226514067,2.0344630389571803e-08,6,1.562458040691602,1.6984392540667181,-0.009011708812695328
0.8,650.0,0.09433956677468387,1247704992.6352174,1267.1657836133406,0.0014844885592804199,2.0520903387555923e-08,6,1.5624690328267645,1.6986370113366436,-0.009009444640204266
0.8,650.0,0.10358720676445314,1247704989.966132,1263.9521611812077,0.0015162172900584873,2.069553832123091e-08,6,1.5625034431671656,1.698870378784354,-0.009006233272273564
0.8,650.0,0.11374134705207334,1247704988.3065717,1259.986576149278,0.0015213359461939875,2.0943541824084993e-08,6,1.562524772481654,1.6991588810951463,-0.009002696566421392
0.8,650.0,0.12489084736726071,1247704985.0101597,1255.2864625017853,0.0014949171627432426,2.1222122264101133e-08,6,1.5625669978578238,1.699504003475197,-0.008997990019698667
0.8,650.0,0.1371332779184638,1247704982.648126,1249.5355197654637,0.0014279697987787069,2.1593328585086035e-08,6,1.5625971207083413,1.6999289939347544,-0.008992579700748187
0.8,650.0,0.15057577323790639,1247704975.8709385,1242.8182935942718,0.0013190852800252278,2.197828404654482e-08,6,1.5626831068624882,1.7004312075050745,-0.008984829664317245
0.8,650.0,0.1653359697248269,1247704918.0228703,1237.4204788096213,0.0011955959967333573,2.147043457178225e-08,6,1.5634132678845452,1.700859606730482,-0.008962628315186114
0.8,650.0,0.18154303509143294,1247704914.4962955,1227.57288700641,0.0009906113690119592,2.207984794298232e-08,6,1.5634576289929312,1.7016275174847457,-0.008952185659573807
0.8,650.0,0.19933879872033844,1247704911.366715,1215.6904365154448,0.0007546674355259113,2.2866828392363767e-08,6,1.5634966193660025,1.7025705181583901,-0.008939201580467557
0.8,650.0,0.21887899282533668,1247704907.9994493,1201.4170529094145,0.0005120575014489861,2.3869414260278924e-08,6,1.5635380913350556,1.703724271346439,-0.00892276062690537
0.8,650.0,0.24033461527700972,1247704904.2041948,1184.2674503843862,0.0002947337028563176,2.5152713854254848e-08,6,1.5635841993039725,1.705094174615508,-0.008902774677042286
0.8,650.0,0.26389342601937477,1247704217.5445137,1163.977777653299,0.00017056203850371497,2.8334956603723773e-08,6,1.5704644895552522,1.7046551512774306,-0.00874349912804481
0.8,650.0,0.2897615901728365,1247702198.8372064,1154.3249729924923,0.00015611856144687186,2.8709860738164933e-08,6,1.5945301998030181,1.6993317982274967,-0.00823976545153865
0.8,650.0,0.318165482202374,1247700153.867317,1140.5763244793902,0.00010927742630796236,2.929869866175819e-08,6,1.618982567758194,1.6941903523615027,-0.0077245674780379876
0.8,650.0,0.34935366693939,1247697786.347845,1123.7844808115717,5.89348820770167e-05,3.005255905401598e-08,6,1.6473190675216014,1.688199565548648,-0.0071287499199806665
0.8,650.0,0.3835990747933107,1247695007.8992968,1103.5691551839864,2.0710829696740613e-05,3.101032349101082e-08,6,1.6805714513864094,1.6810507809302457,-0.006432296048035555
0.8,650.0,0.4212013901883932,1247691664.6464527,1079.8754624604878,3.4461587278374602e-06,3.217616136613688e-08,6,1.7205424434460397,1.672172157668386,-0.005600675007801069
0.8,650.0,0.4624896741271517,1247687645.2645166,1052.077526617244,1.2431025364292725e-07,3.363576290983698e-08,6,1.7684947134584357,1.661096732797782,-0.004611075054473094
0.8,650.0,0.5078252438306721,1247621444.1301787,1117.6141254210802,7.087735767328658e-07,2.1033202902218277e-08,6,1.952103165900421,1.6119194620018813,-0.0009359142473094186
0.8,650.0,0.5576048346557921,1247534168.8653288,1057.7900834082413,3.090073505860773e-07,2.2518367953152555e-08,6,1.9864663791169874,1.6035237094585244,-0.0002578242582425958
0.8,650.0,0.6122640719593427,1246460078.9106228,1225.2142084008929,0.4376582432536416,3.141742573168668e-08,6,1.999917316478124,1.6000061607070495,-8.55791604007057e-07
0.8,650.0,0.6722812832920282,1246196262.342957,1214.126685183408,0.5344118373829423,4.778795260484799e-08,6,1.9999345280787746,1.6000021680410668,-5.602139892496576e-07
0.8,650.0,0.7381816842827723,1245853838.9439385,1259.5863757659731,0.6504380778770588,5.47808547965706e-08,5,1.9999420658953608,1.6000002732022383,-4.308784879817094e-07
0.8,650.0,0.810541974844553,1245853624.785349,724.106325808273,0.5043146803452083,1.1580503754315338e-07,5,1.9999420772801437,1.6000005410455915,-4.1437588338101774e-07
0.8,650.0,0.8899953859235032,1245853559.0469933,312.01975253981334,9.856716262361214e-08,1.6088488634345014e-07,5,1.9999420787550857,1.6000020346848018,-3.739751079873331e-07
0.8,650.0,0.9772372209558107,1069029410.1853985,723.9162818619837,0.9491870242512654,1.4634897136003262e-06,3,2.0,1.6,0.0
0.9,200.0,0.01,1246069054.7372644,497.1131953706428,1.2074502110401839e-06,6.658714480229901e-08,6,1.9999387209701411,1.8000023371492275,-4.89083875333124e-07
0.9,200.0,0.010980250419408422,1246069054.724923,497.1028731193789,1.3237830594464175e-06,6.658998497934358e-08,6,1.9999387209717503,1.8000023371915181,-4.89081694056133e-07
0.9,200.0,0.012056589927291887,1246069054.7100503,497.0904276729525,1.4508667748225672e-06,6.65934091085265e-08,6,1.9999387209736896,1.8000023372425094,-4.890790642070977e-07
0.9,200.0,0.013238437660578209,1246069054.6921268,497.0754224483053,1.5895461895857202e-06,6.659753710485e-08,6,1.9999387209760269,1.800002337303989,-4.890758935409573e-07
0.9,200.0,0.01453613606748761,1246069054.6705256,497.05733109735917,1.7406826477116836e-06,6.660251346825197e-08,6,1.9999387209788435,1.8000023373781187,-4.890720708454322e-07
0.9,200.0,0.01596104141516088,1246069054.6444914,497.03551909109257,1.9051349720737084e-06,6.660851228751976e-08,6,1.9999387209822381,1.8000023374675052,-4.890674620412717e-07
0.9,200.0,0.017525623169301542,1246069054.6131136,497.0092215246799,2.0837323608202503e-06,6.661574325543435e-08,6,1.9999387209863295,1.8000023375752954,-4.890619054812392e-07
0.9,200.0,0.01924357311551172,1246069054.5752943,496.9775163337054,2.277236692273016e-06,6.662445891323898e-08,6,1.999938720991261,1.800002337705268,-4.890552062841361e-07
0.9,200.0,0.02112992517725142,1246069054.5297096,496.9392920577074,2.4862910761748548e-06,6.663496332830448e-08,6,1.999938720997205,1.8000023378620038,-4.890471295044359e-07
0.9,200.0,0.023201186978958357,1246069054.4747643,496.8932089421331,2.711350739709841e-06,6.66476225301838e-08,6,1.9999387210043695,1.8000023380510073,-4.890373919007997e-07
0.9,200.0,0.02547548430564807,1246069054.4085345,496.8376522582775,2.9525915306220787e-06,6.666287692214555e-08,6,1.9999387210130055,1.8000023382789545,-4.890256520116634e-07
0.9,200.0,0.0279727197231725,1246069054.3287013,496.77067585016925,3.20979047785217e-06,6.668125624141808e-08,6,1.9999387210234152,1.800002338553869,-4.89011498199933e-07
0.9,200.0,0.030714746747235906,1246069054.2324686,496.68993442351297,3.482172370970186e-06,6.670339729294262e-08,6,1.9999387210359634,1.8000023388854485,-4.889944343746054e-07
0.9,200.0,0.03372556108533605,1246069054.1164649,496.5926011335586,3.7682159644003273e-06,6.673006533992312e-08,6,1.9999387210510895,1.8000023392854185,-4.889738630887812e-07
0.9,200.0,0.03703151062520455,1246069053.9766262,496.4752706818061,4.06541138692665e-06,6.676217888188632e-08,6,1.9999387210693238,1.8000023397679163,-4.889490631900074e-07
0.9,200.0,0.04066152600737297,1246069053.8080535,496.33384155662003,4.369968924092543e-06,6.680083926240835e-08,6,1.9999387210913047,1.8000023403500527,-4.889191652296978e-07
0.9,200.0,0.044647373799624364,1246069053.6048386,496.16337171497753,4.676478775088442e-06,6.684736629924051e-08,6,1.9999387211178026,1.8000023410524886,-4.888831227849404e-07
0.9,200.0,0.049023934488881024,1246069053.3598583,495.95791011726595,4.97752611763131e-06,6.690333860202202e-08,6,1.9999387211497466,1.800002341900233,-4.888396745653366e-07
0.9,200.0,0.05382950772325868,1246069053.0633905,495.70728923951185,5.263074961017799e-06,6.697784527532368e-08,6,1.9999387211879982,1.8000023429236447,-4.887873062116448e-07
0.9,200.0,0.059106147475486,1246069052.7110622,495.40792941939543,5.520867968808195e-06,6.706153645293248e-08,6,1.9999387212331325,1.8000023441595965,-4.887241907664183e-07
0.9,200.0,0.06490003006073211,1246069052.2862973,495.0472152922298,5.735112106707859e-06,6.716206784930546e-08,6,1.9999387212875461,1.8000023456523402,-4.886481124050083e-07
0.9,200.0,0.07126185822939729,1246069051.774193,494.6126286987613,5.887106399362109e-06,6.7282726867208e-08,6,1.9999387213531483,1.8000023474558535,-4.885564143304431e-07
0.9,200.0,0.07824730487111635,1246069051.1605752,494.0850230901456,5.9551751276448905e-06,6.743811854987824e-08,6,1.9999387214305189,1.8000023496362774,-4.884459232984332e-07
0.9,200.0,0.08591750021286539,1246069050.4251883,493.4523754275712,5.916948416283652e-06,6.761791816943142e-08,6,1.9999387215230697,1.800002352273313,-4.883127849433261e-07
0.9,200.0,0.09433956677468387,1246069049.542445,492.68628268367104,5.7496282606508715e-06,6.784419513299685e-08,6,1.9999387216327233,1.800002355464834,-4.881524042902795e-07
0.9,200.0,0.10358720676445314,1246069048.484016,491.76318334702245,5.435194484836914e-06,6.811760716445822e-08,6,1.9999387217631328,1.800002359330084,-4.879592215274015e-07
0.9,200.0,0.11374134705207334,1246069047.2231195,490.6523570911062,4.964336924667445e-06,6.844582915681983e-08,6,1.9999387219163027,1.800002364015917,-4.877266077447487e-07
0.9,200.0,0.12489084736726071,1246069045.7087412,489.30716704783623,4.342070021886045e-06,6.886052863246454e-08,6,1.9999387220970062,1.8000023697022398,-4.874466358170019e-07
0.9,200.0,0.1371332779184638,1246069043.9082806,487.68711359784595,3.5953596270755745e-06,6.936322243336611e-08,6,1.9999387223073883,1.8000023766122344,-4.871099164651937e-07
0.9,200.0,0.15057577323790639,1246069041.7651365,485.7327898941047,2.775355609103049e-06,6.998186285097233e-08,6,1.9999387225522098,1.800002385021461,-4.867051287921048e-07
0.9,200.0,0.1653359697248269,1246069039.2177713,483.3717378510626,1.956197840627915e-06,7.075544254706115e-08,6,1.999938722834828,1.8000023952740831,-4.862188869234545e-07
0.9,200.0,0.18154303509143294,1246069036.1986845,480.52265544536715,1.2236917709031233e-06,7.171631412826275e-08,6,1.9999387231585657,1.8000024078017611,-4.856354540645845e-07
0.9,200.0,0.19933879872033844,1245958521.0397663,473.1744706628766,9.274041139853424e-05,8.88339834264051e-08,6,1.999940764664458,1.8000018108086369,-4.59194076695522e-07
0.9,200.0,0.21887899282533668,1245958478.6821818,470.78546749456694,6.0857826457645494e-05,8.297262778141625e-08,6,1.9999407686803106,1.80000182859389,-4.58380066999224e-07
0.9,200.0,0.24033461527700972,1245958449.7189736,466.93032277648933,3.306560827019915e-05,7.99410883544716e-08,6,1.9999407713070116,1.800001851224741,-4.574374257723999e-07
0.9,200.0,0.26389342601937477,1245958425.0661812,461.8004415871293,1.3916304749631723e-05,7.823891384393088e-08,6,1.9999407734158843,1.8000018796153492,-4.563298863883255e-07
0.9,200.0,0.2897615901728365,1245853840.958945,452.2000335974864,3.47767473844305e-05,9.147038303144631e-08,5,1.9999420657483553,1.8000015281036128,-4.394128393084494e-07
0.9,200.0,0.318165482202374,1245853790.6267602,445.1402484591385,8.674990347642276e-06,8.696297386815648e-08,5,1.9999420692962602,1.8000015725060363,-4.3796375860797046e-07
0.9,200.0,0.34935366693939,1245853753.2561138,435.63427631489014,1.0390827017362158e-06,8.605906113737331e-08,5,1.9999420716719505,1.8000016294631744,-4.362929951744405e-07
0.9,200.0,0.3835990747933107,1245853720.442677,423.6027463572868,9.627487171661492e-08,8.776248528420685e-08,5,1.9999420735035203,1.8000017029355242,-4.3437211789904934e-07
0.9,200.0,0.4212013901883932,1245853689.1514766,408.683220452777,9.97915791789988e-08,9.224567210536918e-08,5,1.9999420749941175,1.8000017989501278,-4.3219225248515535e-07
0.9,200.0,0.4624896741271517,1245853657.5952253,390.3651984095516,9.885632442074808e-08,1.0035374394374471e-07,5,1.999942076239465,1.800001926760191,-4.2977366258479357e-07
0.9,200.0,0.5078252438306721,1245853624.11915,367.9925706734023,9.913472807574931e-08,1.1389170969026275e-07,5,1.9999420772988892,1.8000021011347935,-4.271861677478731e-07
0.9,200.0,0.5576048346557921,1245853581.0150313,336.58016232737265,9.843857819782567e-08,1.4050990063076795e-07,5,1.9999420783363673,1.8000023472500744,-4.245137170705497e-07
0.9,200.0,0.6122640719593427,1245814511.1250138,278.5978815690443,9.904055675680109e-08,2.601691398367605e-07,5,1.9999426295034204,1.8000025961089372,-4.150597497260143e-07
0.9,200.0,0.6722812832920282,1104871585.3127449,242.57728685069856,9.738544578106142e-08,3.2708274499567716e-07,3,2.0,1.8,0.0
0.9,200.0,0.7381816842827723,1103686978.3723562,196.05090243348863,9.640229924285446e-08,4.4668569545348936e-07,3,2.0,1.8,0.0
0.9,200.0,0.810541974844553,1101704717.9689167,147.48741490998606,9.430515079908257e-08,6.863051475079525e-07,3,2.0,1.8,0.0
0.9,200.0,0.8899953859235032,1089669978.759271,240.65767712748874,0.7596292975425116,2.377702898406533e-06,3,2.0,1.8,0.0
0.9,200.0,0.9772372209558107,1038638729.5100193,518.3661640001286,0.9773674880235382,3.3282624202586596e-05,2,2.0,1.8,0.0
0.9,250.0,0.01,1246196351.145709,617.7663828603706,0.00024195398866369485,5.238731673266032e-08,6,1.9999344702486737,1.8000032131610448,-5.777149588083766e-07
0.9,250.0,0.010980250419408422,1246196351.0457525,617.7600124296619,0.0002655342925541208,5.237889321911925e-08,6,1.9999344703317479,1.8000032131612238,-5.777109012891165e-07
0.9,250.0,0.012056589927291887,1246196350.930671,617.7518735823513,0.0002913799593550586,5.2369387501772364e-08,6,1.9999344704273927,1.8000032131628032,-5.777060759651928e-07
0.9,250.0,0.013238437660578209,1246196350.8023965,617.7412132339546,0.0003196887726590479,5.2356029538478414e-08,6,1.9999344705328657,1.8000032131676746,-5.777004638576944e-07
0.9,250.0,0.01453613606748761,1246196350.6554377,617.7276830046197,0.0003506972867245192,5.234485743516866e-08,6,1.999934470653313,1.8000032131755639,-5.776937270900696e-07
0.9,250.0,0.01596104141516088,1246196350.4851997,617.7107861648169,0.00038463629349113785,5.2332204677066946e-08,6,1.99993447079284,1.8000032131867965,-5.776856907623292e-07
0.9,250.0,0.017525623169301542,1246196350.2876065,617.689771965092,0.0004217572896389438,5.231784812845055e-08,6,1.999934470954787,1.8000032132022226,-5.776760938144735e-07
0.9,250.0,0.01924357311551172,1246196350.0578232,617.6637290232626,0.00046232483005435236,5.230152698604745e-08,6,1.9999344711431173,1.8000032132229267,-5.7766462470516e-07
0.9,250.0,0.02112992517725142,1246196349.7901113,617.631552052474,0.0005066141029315223,5.2282935755344345e-08,6,1.9999344713625336,1.8000032132502153,-5.776509089009078e-07
0.9,250.0,0.023201186978958357,1246196349.4776587,617.591901419189,0.0005549070221355342,5.226171611516126e-08,6,1.9999344716186194,1.8000032132856731,-5.776344949389022e-07
0.9,250.0,0.02547548430564807,1246196349.112372,617.5431538145792,0.0006074865465663762,5.2237446686452854e-08,6,1.999934471918008,1.800003213331311,-5.776148402875245e-07
0.9,250.0,0.0279727197231725,1246196348.684632,617.4833434177394,0.0006646283672934546,5.2209630847384866e-08,6,1.9999344722685832,1.8000032133895192,-5.775912921344143e-07
0.9,250.0,0.030714746747235906,1246196348.1830072,617.4100907315278,0.0007265892377370762,5.217768211809461e-08,6,1.9999344726797144,1.8000032134633057,-5.775630647610962e-07
0.9,250.0,0.03372556108533605,1246196347.5939076,617.3205169471398,0.0007935908424030553,5.214090596272874e-08,6,1.9999344731625397,1.80000321355629,-5.775292118984154e-07
0.9,250.0,0.03703151062520455,1246196346.9110465,617.2100405297696,0.0008657658532238917,5.209721248404987e-08,6,1.999934473719274,1.8000032136762758,-5.774888175355045e-07
0.9,250.0,0.04066152600737297,1246196346.128968,617.0738148296631,0.0009432158219083858,5.205337086804241e-08,6,1.999934474351059,1.8000032138331512,-5.774406192703522e-07
0.9,250.0,0.044647373799624364,1246196345.2072058,616.9079846862996,0.0010258888036449043,5.200266145138178e-08,6,1.999934475095685,1.8000032140279776,-5.773827307000007e-07
0.9,250.0,0.049023934488881024,1246196344.119747,616.7063168703111,0.001113558055480828,5.194385122570205e-08,6,1.999934475974165,1.8000032142694704,-5.773131779757196e-07
0.9,250.0,0.05382950772325868,1246196342.8614354,616.4584974257162,0.0012056834794603132,5.187719638669258e-08,6,1.9999344769831437,1.800003214576873,-5.772300650355626e-07
0.9,250.0,0.059106147475486,1246196341.4078698,616.155484314167,0.0013015034528512748,5.180748749180487e-08,6,1.9999344781398596,1.8000032149671583,-5.771305936271753e-07
0.9,250.0,0.06490003006073211,1246196339.6947615,615.7867563085786,0.0013997441932065043,5.172519569207145e-08,6,1.9999344795009115,1.800003215450363,-5.770110836651254e-07
0.9,250.0,0.07126185822939729,1246196337.7499623,615.3337539576904,0.0014985494562861077,5.164454035271674e-08,6,1.999934481024539,1.8000032160719892,-5.768685433435705e-07
0.9,250.0,0.07824730487111635,1246196335.4746292,614.7819925118857,0.001595382322868292,5.155272342863441e-08,6,1.9999344827965349,1.8000032168464954,-5.766974327395475e-07
0.9,250.0,0.08591750021286539,1246196332.8373132,614.1095133449587,0.0016868159974533351,5.145434904225286e-08,6,1.9999344848297849,1.8000032178194298,-5.764922455936146e-07
0.9,250.0,0.09433956677468387,1246196329.8368127,613.2870336028644,0.0017682942310164249,5.1359343226152255e-08,6,1.9999344871053246,1.800003219057391,-5.762468529354976e-07
0.9,250.0,0.10358720676445314,1246196326.4032996,612.2811442127211,0.0018340030166129364,5.126653040833694e-08,6,1.999934489670458,1.800003220621605,-5.759528963167173e-07
0.9,250.0,0.11374134705207334,1246196322.4751937,611.0523287647133,0.001876883078917329,5.1179728608782906e-08,6,1.9999344925485498,1.8000032225987408,-5.75600405838089e-07
0.9,250.0,0.12489084736726071,1246196318.0395517,609.5520107157265,0.001888720996246039,5.111299036570807e-08,6,1.9999344957213134,1.800003225112122,-5.751780580727118e-07
0.9,250.0,0.1371332779184638,1246196313.0062642,607.720716237733,0.0018603781508278359,5.107093337601041e-08,6,1.9999344992300796,1.8000032282979175,-5.746708830540053e-07
0.9,250.0,0.15057577323790639,1246196307.3613212,605.4872687957532,0.0017828511606173558,5.107276852008165e-08,6,1.9999345030352504,1.8000032323580981,-5.740617364642559e-07
0.9,250.0,0.1653359697248269,1246196301.045397,602.7562303899758,0.0016485636613678754,5.114347484336314e-08,6,1.9999345071213204,1.8000032375429411,-5.733290658131724e-07
0.9,250.0,0.18154303509143294,1246196294.0013626,599.4303627511495,0.0014546084629720969,5.1303283909281703e-08,6,1.9999345114673956,1.800003244180331,-5.724457483057409e-07
0.9,250.0,0.19933879872033844,1246196286.173887,595.3749701888199,0.0012054038312367481,5.159431832023861e-08,6,1.9999345160251962,1.8000032527122813,-5.71378269208615e-07
0.9,250.0,0.21887899282533668,1246196277.5307975,590.4315664192516,0.0009169760746679489,5.207214570671555e-08,6,1.9999345207159476,1.8000032637387962,-5.700844141937112e-07
0.9,250.0,0.24033461527700972,1246196267.9861593,584.4177228525048,0.000619138071967409,5.2797930381960877e-08,6,1.999934525473751,1.8000032780666724,-5.685098679687357e-07
0.9,250.0,0.26389342601937477,1246196257.531428,577.0962841782897,0.00035228589616674274,5.38810879081214e-08,6,1.9999345301743003,1.8000032968158415,-5.66585728689329e-07
0.9,250.0,0.2897615901728365,1246069211.2003286,566.3607197524133,0.014146329212487006,6.202666357593977e-08,6,1.9999386829690564,1.800002077006936,-5.071459394298884e-07
0.9,250.0,0.318165482202374,1246069164.7647972,557.2003869513948,0.009810687913933512,5.908140310032647e-08,6,1.9999386972232358,1.800002106680557,-5.044325554591576e-07
0.9,250.0,0.34935366693939,1246069131.3251548,545.0319388948882,0.005330727829479766,5.8682672515376394e-08,6,1.9999387062791099,1.800002148358417,-5.011741895170084e-07
0.9,250.0,0.3835990747933107,1246069101.384235,529.8846147089855,0.0019436802249322533,5.99187043619348e-08,6,1.9999387131212025,1.8000022041892991,-4.972253746731445e-07
0.9,250.0,0.4212013901883932,1246069072.7440028,511.24226311740273,0.0003439558060130668,6.312264533224874e-08,6,1.9999387183524306,1.8000022774487634,-4.925692685823856e-07
0.9,250.0,0.4624896741271517,1246069044.659944,488.3707278005425,1.4604402736230144e-05,6.914708468374134e-08,6,1.9999387222200131,1.8000023729998025,-4.87345870223182e-07
0.9,250.0,0.5078252438306721,1245958420.1179304,460.5361153664587,2.5300313546698525e-05,7.80185137107697e-08,6,1.999940773820958,1.8000018864959044,-4.560750394318393e-07
0.9,250.0,0.5576048346557921,1245853730.4242609,427.6477101917245,3.2096173941538294e-07,8.695642268260727e-08,5,1.9999420729744706,1.800001677913276,-4.3499951397116896e-07
0.9,250.0,0.6122640719593427,1245853653.6822422,387.8885111442519,9.846625425286583e-08,1.0165931645096724e-07,5,1.9999420763764733,1.800001944995134,-4.294677656226635e-07
0.9,250.0,0.6722812832920282,1245853576.0294137,332.8755169522971,9.79724124331928e-08,1.443408530182741e-07,5,1.9999420784370223,1.8000023693566867,-4.243091015233786e-07
0.9,250.0,0.7381816842827723,1105116280.7697666,254.2815651219958,9.605645068979433e-08,3.056201275272395e-07,3,2.0,1.8,0.0
0.9,250.0,0.810541974844553,1103278207.4484656,183.67028494582894,9.863321352047819e-08,4.903559541008478e-07,3,2.0,1.8,0.0
0.9,250.0,0.8899953859235032,1093540324.430934,299.4623922177586,0.7583726572324062,1.7494784918211548e-06,3,2.0,1.8,0.0
0.9,250.0,0.9772372209558107,1052076635.344851,610.3316857990021,0.9759736500332994,3.720767546038665e-06,3,2.0,1.8,0.0
0.9,300.0,0.01,1246588958.8779128,741.0821978749152,1.4839238048027945e-05,3.845522130525107e-08,6,1.9999017218927222,1.8000127942799369,-1.120898307466124e-06
0.9,300.0,0.010980250419408422,1246588958.8340101,741.0690499833272,1.6276428653449983e-05,3.845428723520335e-08,6,1.9999017222439852,1.800012794198947,-1.1208858261100486e-06
0.9,300.0,0.012056589927291887,1246588958.781358,741.0531701108765,1.784887345270869e-05,3.845318229639472e-08,6,1.9999017226652525,1.8000127941019661,-1.1208708138635777e-06
0.9,300.0,0.013238437660578209,1246588958.7181861,741.0339938624351,1.956802077091968e-05,3.8451873222165666e-08,6,1.9999017231706875,1.8000127939857946,-1.12085275396439e-06
0.9,300.0,0.01453613606748761,1246588958.6423638,741.010840620419,2.144586263872337e-05,3.8450319989916986e-08,6,1.9999017237773387,1.8000127938465322,-1.1208310237950447e-06
0.9,300.0,0.01596104141516088,1246588958.5488067,740.9814494114198,2.3494190184552977e-05,3.844798375852584e-08,6,1.999901724516654,1.8000127936762351,-1.1208051427320488e-06
0.9,300.0,0.017525623169301542,1246588958.4422603,740.9473732215249,2.572669870249499e-05,3.8446145731075555e-08,6,1.9999017253507527,1.8000127934880996,-1.1207743393136848e-06
0.9,300.0,0.01924357311551172,1246588958.3142562,740.9062487287312,2.8155431228122774e-05,3.8443959097816086e-08,6,1.9999017263528331,1.8000127932623065,-1.1207372578317032e-06
0.9,300.0,0.02112992517725142,1246588958.1604345,740.8566239975183,3.079243159730597e-05,3.844135354548882e-08,6,1.9999017275570268,1.8000127929912306,-1.1206926136604552e-06
0.9,300.0,0.023201186978958357,1246588957.9755461,740.7967491016628,3.364867556329657e-05,3.843824364923911e-08,6,1.999901729004426,1.8000127926657077,-1.1206388588621885e-06
0.9,300.0,0.02547548430564807,1246588957.753273,740.7245151785022,3.673328520631288e-05,3.843452542437178e-08,6,1.999901730744492,1.8000127922746592,-1.1205741283583818e-06
0.9,300.0,0.0279727197231725,1246588957.4860106,740.6373812793687,4.005247358596127e-05,3.843007188160599e-08,6,1.999901732836757,1.8000127918048028,-1.1204961749634413e-06
0.9,300.0,0.030714746747235906,1246588957.1646063,740.5322867191034,4.3608149383706183e-05,3.84247273330505e-08,6,1.9999017353528712,1.8000127912401034,-1.1204022981302379e-06
0.9,300.0,0.03372556108533605,1246588956.7780447,740.4055446749165,4.739608655651363e-05,3.84183001542086e-08,6,1.9999017383790703,1.800012790561284,-1.1202892346077017e-06
0.9,300.0,0.03703151062520455,1246588956.3130746,740.2527172385729,5.140357010849662e-05,3.841055343594285e-08,6,1.9999017420190905,1.800012789745134,-1.120153051262072e-06
0.9,300.0,0.04066152600737297,1246588955.7537541,740.0684630397748,5.5606419340962944e-05,3.8401192577377874e-08,6,1.9999017463977327,1.8000127887636779,-1.1199890140017248e-06
0.9,300.0,0.044647373799624364,1246588955.0852544,739.8438708598617,5.996309150128564e-05,3.839045833791535e-08,6,1.9999017515876119,1.8000127876065546,-1.1197931264745452e-06
0.9,300.0,0.049023934488881024,1246588954.3030133,739.5729404781443,6.441650537300037e-05,3.838013785368878e-08,6,1.9999017575751141,1.8000127862914437,-1.1195608431929147e-06
0.9,300.0,0.05382950772325868,1246588953.361968,739.2464801739802,6.888211309409046e-05,3.836749781934945e-08,6,1.9999017647781498,1.800012784709344,-1.1192810396590242e-06
0.9,300.0,0.059106147475486,1246588952.229926,738.8532059581753,7.324481535232474e-05,3.8351935055366845e-08,6,1.99990177344313,1.8000127828058432,-1.1189440113726529e-06
0.9,300.0,0.06490003006073211,1246588950.903971,738.3729860291144,7.734592758642294e-05,3.8337715627456094e-08,6,1.9999017833821597,1.8000127806605242,-1.118546355564531e-06
0.9,300.0,0.07126185822939729,1246588949.319496,737.7961994380105,8.099636675920692e-05,3.832081662883016e-08,6,1.9999017952322742,1.8000127781100133,-1.1180685551859285e-06
0.9,300.0,0.07824730487111635,1246588947.4501963,737.0949425736618,8.394458267649984e-05,3.8304711910958645e-08,6,1.9999018089570755,1.800012775198111,-1.1175020482023997e-06
0.9,300.0,0.08591750021286539,1246588945.227228,736.2483937582832,8.590328597332287e-05,3.828712149504354e-08,6,1.9999018251020897,1.8000127718001069,-1.1168254901086832e-06
0.9,300.0,0.09433956677468387,1246588942.5970256,735.2248996701022,8.65386107781415e-05,3.8269806813867864e-08,6,1.999901843850187,1.8000127679070357,-1.116021375610008e-06
0.9,300.0,0.10358720676445314,1246588939.549171,733.9809864504234,8.549021115534067e-05,3.826089865310709e-08,6,1.9999018650495528,1.800012763618578,-1.115074695840984e-06
0.9,300.0,0.11374134705207334,1246588936.0136442,732.4705353904404,8.241629961494817e-05,3.826359635544017e-08,6,1.9999018889385254,1.8000127589265393,-1.1139604368981356e-06
0.9,300.0,0.12489084736726071,1246588931.8922167,730.6400507787239,7.705037023025691e-05,3.8278372509749755e-08,6,1.9999019158988518,1.800012753790271,-1.112646913637053e-06
0.9,300.0,0.1371332779184638,1246588927.1147616,728.4168783208014,6.927814407879299e-05,3.831481806750839e-08,6,1.9999019459761145,1.8000127482820703,-1.111102897747854e-06
0.9,300.0,0.15057577323790639,1246588921.679304,725.7111955948517,5.9250312854421253e-05,3.8391150396306656e-08,6,1.999901978564485,1.8000127426835115,-1.1093007162478206e-06
0.9,300.0,0.1653359697248269,1246588915.5103087,722.4197578793548,4.7492221089799834e-05,3.852211560792312e-08,6,1.999902013398098,1.8000127371904444,-1.1071998898591143e-06
0.9,300.0,0.18154303509143294,1246460120.678087,713.2187133423229,0.0014543931902312138,4.57179780267087e-08,6,1.9999171342853328,1.800008206795674,-8.706755106098303e-07
0.9,300.0,0.19933879872033844,1246460089.3933966,709.8816739006418,0.0012331629535818327,4.38939791231704e-08,6,1.999917272510815,1.8000081722789438,-8.666938098855575e-07
0.9,300.0,0.21887899282533668,1246460064.6592662,705.0074507994449,0.0009549818970218772,4.286626664169291e-08,6,1.9999173736079732,1.8000081501821745,-8.629499964495395e-07
0.9,300.0,0.24033461527700972,1246460042.2303047,698.6389181097825,0.0006558925219795926,4.2298806542356174e-08,6,1.9999174561576276,1.8000081352004331,-8.59065664182183e-07
0.9,300.0,0.26389342601937477,1246460020.6637416,690.5981783981907,0.00038025789659872154,4.212581966570836e-08,6,1.9999175256639514,1.8000081260702072,-8.54857565275821e-07
0.9,300.0,0.2897615901728365,1246459999.6043835,680.5567258077974,0.00017167968391999444,4.2426093364023995e-08,6,1.9999175831329323,1.8000081231019687,-8.501951394885608e-07
0.9,300.0,0.318165482202374,1246328203.7262404,665.6996335632712,0.00396482011498837,4.7380725214791397e-08,6,1.9999277828748638,1.8000050810513224,-6.928684231743409e-07
0.9,300.0,0.34935366693939,1246328157.6217065,651.913416153165,0.0017745423496157869,4.624683760392404e-08,6,1.9999278589293286,1.8000050816417463,-6.872179457180444e-07
0.9,300.0,0.3835990747933107,1246196372.7902284,633.0960568044716,0.018324652699139455,5.09892777628747e-08,6,1.9999344517182647,1.8000031363099023,-5.860263396911454e-07
0.9,300.0,0.4212013901883932,1246196314.6998656,611.7274200514099,0.0073847483369354535,5.0349488803589196e-08,6,1.9999344980593692,1.8000031709676898,-5.795518228916433e-07
0.9,300.0,0.4624896741271517,1246069237.5958784,585.2473013370686,0.043767566357321,5.995488973056196e-08,6,1.9999386743972345,1.8000019938288714,-5.140535546884819e-07
0.9,300.0,0.5078252438306721,1246069142.8300185,553.029058242021,0.012735910966259567,5.771816967283479e-08,6,1.9999387033132683,1.8000021024685555,-5.048962352644451e-07
0.9,300.0,0.5576048346557921,1246069076.2044504,513.8788905145542,0.00074207563978028,6.25594568068019e-08,6,1.9999387177906445,1.8000022604285277,-4.939501392159097e-07
0.9,300.0,0.6122640719593427,1245958438.7347195,464.9195952483969,0.00011596021872276477,7.904503808092304e-08,6,1.9999407722636584,1.8000018622020229,-4.57035325119266e-07
0.9,300.0,0.6722812832920282,1245853688.3182344,408.24091029598526,9.974323528011913e-08,9.24062419196203e-08,5,1.9999420750303247,1.8000018019055257,-4.3213039545715284e-07
0.9,300.0,0.7381816842827723,1245853572.3312051,330.13071016683585,9.901786132071893e-08,1.472864031227701e-07,5,1.999942078509463,1.8000023832542122,-4.2415813783869457e-07
0.9,300.0,0.810541974844553,1104477282.7597969,225.07815029422474,9.609422502729722e-08,3.633355971912256e-07,3,2.0,1.8,0.0
0.9,300.0,0.8899953859235032,1096277396.1476068,338.430259282913,0.7416777541511647,1.405965597440381e-06,3,2.0,1.8,0.0
0.9,300.0,0.9772372209558107,1054990961.4946331,691.9582128208596,0.9745755092011601,2.6462426288621133e-06,3,2.0,1.8,0.0
0.9,350.0,0.01,1246942186.78445,857.7387517868749,6.714382661388374e-06,3.4705926918072664e-08,6,1.9997761837912345,1.8000502955774629,-3.303728832125212e-06
0.9,350.0,0.010980250419408422,1246942186.5609627,857.7374888968297,7.364874146343406e-06,3.4693491654623014e-08,6,1.9997762054986663,1.8000502891117536,-3.3033261751850182e-06
0.9,350.0,0.012056589927291887,1246942186.2921984,857.7359096783999,8.07664516768992e-06,3.46785412943708e-08,6,1.9997762316038628,1.8000502813362655,-3.302841881474744e-06
0.9,350.0,0.013238437660578209,1246942185.9689326,857.7339434286748,8.854902291168171e-06,3.466056282451909e-08,6,1.999776263002818,1.8000502719841558,-3.3022593106531472e-06
0.9,350.0,0.01453613606748761,1246942185.6127987,857.731612277295,9.70490827802642e-06,3.463860698982234e-08,6,1.9997762975928361,1.800050261688597,-3.301619211657717e-06
0.9,350.0,0.01596104141516088,1246942185.2858193,857.7163409445955,1.0631325608949793e-05,3.4623046209788025e-08,6,1.9997763292312385,1.80005025229525,-3.301019593405151e-06
0.9,350.0,0.017525623169301542,1246942184.8923545,857.6978742375862,1.1640550870330717e-05,3.46043234826136e-08,6,1.9997763673027433,1.8000502409920902,-3.300297957098034e-06
0.9,350.0,0.01924357311551172,1246942184.4188442,857.6755509900656,1.2738148361913628e-05,3.4581791156926116e-08,6,1.9997764131194167,1.8000502273896377,-3.2994294021507433e-06
0.9,350.0,0.02112992517725142,1246942183.8489707,857.6485742794194,1.3929425106255392e-05,3.455466826667579e-08,6,1.9997764682601669,1.8000502110191623,-3.298383960544616e-06
0.9,350.0,0.023201186978958357,1246942183.1630986,857.6159840105071,1.5219159717753406e-05,3.4522012674735276e-08,6,1.9997765346248886,1.8000501913166254,-3.2971255672551135e-06
0.9,350.0,0.02547548430564807,1246942182.3376079,857.5766238517737,1.661123361787484e-05,3.448268751216098e-08,6,1.999776614499056,1.800050167603558,-3.2956108318959278e-06
0.9,350.0,0.0279727197231725,1246942181.5550575,857.5126601873291,1.8104689888199236e-05,3.444894315866756e-08,6,1.9997766897938403,1.8000501453151625,-3.294159615945348e-06
0.9,350.0,0.030714746747235906,1246942180.6342256,857.4310765249783,1.9701559494672563e-05,3.4412497471041315e-08,6,1.999776778295707,1.800050119125824,-3.2924450452726864e-06
0.9,350.0,0.03372556108533605,1246942179.525831,857.3326931109684,2.1399262755585633e-05,3.436856649831289e-08,6,1.99977688482437,1.8000500876019612,-3.2903809617942494e-06
0.9,350.0,0.03703151062520455,1246942178.3360808,857.2026693361809,2.318764698728098e-05,3.432474374480519e-08,6,1.9997769986246994,1.8000500539848776,-3.2881547341346143e-06
0.9,350.0,0.04066152600737297,1246942177.026037,857.0333197377707,2.5053240188868695e-05,3.4283143966118784e-08,6,1.9997771233452106,1.8000500171976241,-3.285686205483983e-06
0.9,350.0,0.044647373799624364,1246942175.497264,856.825793599628,2.6976350742437648e-05,3.42351959310959e-08,6,1.9997772685983928,1.8000499743775449,-3.2828041858443427e-06
0.9,350.0,0.049023934488881024,1246942173.8762188,856.5549355665729,2.8922158042898516e-05,3.419532363723649e-08,6,1.9997774210984147,1.8000499295353858,-3.279724326356583e-06
0.9,350.0,0.05382950772325868,1246942172.0108533,856.2212000248763,3.0849857841051614e-05,3.4152672749821804e-08,6,1.9997775957579553,1.8000498782270835,-3.2761772119585847e-06
0.9,350.0,0.059106147475486,1246942169.936926,855.8031257984176,3.2699329007176354e-05,3.4115291066239904e-08,6,1.9997777881767473,1.8000498218078038,-3.272217239175151e-06
0.9,350.0,0.06490003006073211,1246942167.6214182,855.283074863081,3.4393414035099114e-05,3.4080296016472905e-08,6,1.9997780002445014,1.80004975975203,-3.2677985024827175e-06
0.9,350.0,0.07126185822939729,1246942164.66592,854.6736029353202,3.584828478973018e-05,3.402622463301696e-08,6,1.999778268198957,1.8000496812368454,-3.262257906131629e-06
0.9,350.0,0.07824730487111635,1246942161.6478057,853.8887886323721,3.6925668641959905e-05,3.400026587240183e-08,6,1.9997785372898844,1.8000496027436705,-3.256529449473462e-06
0.9,350.0,0.08591750021286539,1246942155.6068964,853.1825816516764,3.759391685048759e-05,3.3763224031076475e-08,6,1.9997790693536575,1.8000494457865874,-3.2459987436730178e-06
0.9,350.0,0.09433956677468387,1246942151.2967653,852.0484336605846,3.7529747074769166e-05,3.372258024034055e-08,6,1.9997794398502313,1.800049337801862,-3.2380512774248185e-06
0.9,350.0,0.10358720676445314,1246942145.5009165,850.7470307836112,3.669139860981194e-05,3.3612778850673965e-08,6,1.9997799243503906,1.800049196201867,-3.2278235668436804e-06
0.9,350.0,0.11374134705207334,1246942139.538764,849.0845470892963,3.489320481935084e-05,3.356046444575961e-08,6,1.999780405526327,1.8000490562774554,-3.2173055607260952e-06
0.9,350.0,0.12489084736726071,1246942132.9045634,847.0365432250331,3.206561272474121e-05,3.353569307412298e-08,6,1.9997809204620374,1.8000489070034118,-3.205780218205985e-06
0.9,350.0,0.1371332779184638,1246942125.5959723,844.5056548289956,2.8210796295429967e-05,3.355945189145918e-08,6,1.9997814576381092,1.8000487519401462,-3.193364738397552e-06
0.9,350.0,0.15057577323790639,1246942117.1013803,841.4379766751952,2.348345067054886e-05,3.36033031648436e-08,6,1.999782046915915,1.8000485822333032,-3.1794446799799963e-06
0.9,350.0,0.1653359697248269,1246942107.1345415,837.7287892852562,1.8197523022384468e-05,3.365823689447783e-08,6,1.9997826872984277,1.800048398278028,-3.1639225558904875e-06
0.9,350.0,0.18154303509143294,1246942090.356005,833.8190320432225,1.290416768977708e-05,3.3210812229609005e-08,6,1.9997836874599706,1.8000481075487595,-3.141368699259684e-06
0.9,350.0,0.19933879872033844,1246830717.9754088,825.7220576534337,0.00024535816983938,3.552532486967524e-08,6,1.9998382717687628,1.8000317427773624,-2.2175309793283203e-06
0.9,350.0,0.21887899282533668,1246830696.4140522,819.4157328308027,0.00016768168541914544,3.544274574565104e-08,6,1.999839218658152,1.8000314704236016,-2.19550530180255e-06
0.9,350.0,0.24033461527700972,1246830672.2930884,811.7370647386861,9.822657524259052e-05,3.539229548909377e-08,6,1.9998401253967975,1.8000312112226196,-2.173112018370659e-06
0.9,350.0,0.26389342601937477,1246830640.5889444,802.9521830500217,4.638036958451563e-05,3.483927748070653e-08,6,1.9998411209840223,1.8000309263038905,-2.1479803292049927e-06
0.9,350.0,0.2897615901728365,1246712886.3295493,790.3406430307634,0.0005582860958432429,3.588203169206251e-08,6,1.9998771528206378,1.8000201311859967,-1.5465023052458246e-06
0.9,350.0,0.318165482202374,1246712844.848307,777.3609208580632,0.00021762475187029245,3.51007820252173e-08,6,1.9998779502725141,1.8000199067483629,-1.5241632951340302e-06
0.9,350.0,0.34935366693939,1246589026.458273,755.7214328186905,0.0016533482515430173,4.088168094215511e-08,6,1.9999010876649428,1.8000129804896834,-1.1430529960473532e-06
0.9,350.0,0.3835990747933107,1246588948.6880574,737.8376437128794,0.0004541205972540042,3.8275569165046285e-08,6,1.9999017999161506,1.8000127822378296,-1.1213391097398266e-06
0.9,350.0,0.4212013901883932,1246460082.9276671,709.8632531933215,0.0026421179559985002,4.340034285234605e-08,6,1.9999172998105528,1.8000081498900626,-8.690875605880673e-07
0.9,350.0,0.4624896741271517,1246069207.4538581,731.7843349579763,0.23744081153281646,4.442648396332203e-08,6,1.999938684164696,1.8000017381893636,-5.379604789814493e-07
0.9,350.0,0.5078252438306721,1246069164.4918847,673.7400435496389,0.18117364675627537,4.489652081000874e-08,6,1.999938697302596,1.8000017966086062,-5.297400783999852e-07
0.9,350.0,0.5576048346557921,1246069177.6235433,606.470087461596,0.08612621281818436,5.0439816622504505e-08,6,1.999938693429544,1.8000019093299144,-5.193675130990921e-07
0.9,350.0,0.6122640719593427,1246069119.8799763,543.951569683884,0.011606503235293681,5.778414464313133e-08,6,1.999938709050515,1.8000021052436754,-5.049356056679816e-07
0.9,350.0,0.6722812832920282,1245958505.8808944,473.05763809162,0.0008384285044557322,8.642430173390524e-08,6,1.9999407661170236,1.8000018105886364,-4.59506193047426e-07
0.9,350.0,0.7381816842827723,1245853665.5792267,395.2880508317045,9.9612863258407e-08,9.791777599287424e-08,5,1.9999420759481639,1.8000018911997744,-4.303969894903156e-07
0.9,350.0,0.810541974844553,1245755569.837665,267.97926393724975,9.725752941619419e-08,2.78306560901654e-07,5,1.9999433050869158,1.8000026079405063,-4.0669567480182837e-07
0.9,350.0,0.8899953859235032,1098289080.192907,368.66650336142874,0.7205059989626376,1.153852888494007e-06,3,2.0,1.8,0.0
0.9,350.0,0.9772372209558107,1057587215.9040058,746.4032096045551,0.9725190153904875,2.1392811435674027e-06,3,2.0,1.8,0.0
0.9,400.0,0.01,1247443082.121144,979.9775359814298,9.994584524609982e-08,2.735071914643696e-08,6,1.9968090090432646,1.8009403371059713,-5.826974005589984e-05
0.9,400.0,0.010980250419408422,1247443082.1117435,979.9556903373858,9.985986021242614e-08,2.735269633264793e-08,6,1.996809027079731,1.800940331803948,-5.826909758525772e-05
0.9,400.0,0.012056589927291887,1247443082.1004093,979.9293521388624,9.97084994632226e-08,2.735508027066453e-08,6,1.996809048826049,1.8009403254113245,-5.8268322992682376e-05
0.9,400.0,0.013238437660578209,1247443082.0867438,979.8975975319869,9.982838414130749e-08,2.735795466270506e-08,6,1.9968090750452314,1.8009403177037728,-5.8267389112964136e-05
0.9,400.0,0.01453613606748761,1247443082.064501,979.859884170497,9.989831403788569e-08,2.7361114403119777e-08,6,1.9968091176548397,1.800940305111589,-5.8266057907086326e-05
0.9,400.0,0.01596104141516088,1247443081.9996881,979.8184527185351,9.993285295256215e-08,2.73628095503229e-08,6,1.996809241488468,1.8009402681912439,-5.8263096579559326e-05
0.9,400.0,0.017525623169301542,1247443081.921549,979.7685046774448,9.992276510011063e-08,2.73648517029147e-08,6,1.9968093907835052,1.800940223679592,-5.8259526451061936e-05
0.9,400.0,0.01924357311551172,1247443081.827344,979.7082904986006,9.994264036373593e-08,2.736731148009699e-08,6,1.9968095707749058,1.8009401700156724,-5.8255222391885496e-05
0.9,400.0,0.02112992517725142,1247443081.732588,979.6336289973115,9.997706249821998e-08,2.7374054062745456e-08,6,1.9968097509016713,1.8009401163793717,-5.82507237823189e-05
0.9,400.0,0.023201186978958357,1247443081.6200197,979.5435315335035,9.969776844505831e-08,2.7382456719749154e-08,6,1.9968099647976214,1.8009400526943828,-5.824536143411387e-05
0.9,400.0,0.02547548430564807,1247443081.5290153,979.4300254971612,9.99383722286513e-08,2.739310558477116e-08,6,1.9968101369958509,1.8009400016174348,-5.824050028400155e-05
0.9,400.0,0.0279727197231725,1247443081.469786,979.2880521643001,9.982766431580819e-08,2.7406333991956206e-08,6,1.9968102478586918,1.800939969059727,-5.823644953441315e-05
0.9,400.0,0.030714746747235906,1247348874.8719182,980.4817161206682,1.4451929954452175e-07,2.6227159869352336e-08,6,1.9985654361687877,1.800413413410346,-2.550327062362188e-05
0.9,400.0,0.03372556108533605,1247348871.9116309,980.6090702601531,1.559667058810525e-07,2.6056022251877316e-08,6,1.998571205593077,1.8004116835978339,-2.5394559058359595e-05
0.9,400.0,0.03703151062520455,1247348870.3151956,980.5308252257902,1.6740679322297912e-07,2.5982326261114114e-08,6,1.9985743091826569,1.80041075374097,-2.5335150863449873e-05
0.9,400.0,0.04066152600737297,1247348869.0073109,980.3656200466748,1.7873261349855702e-07,2.593384779355213e-08,6,1.998576832845491,1.8004099981079011,-2.528627488992801e-05
0.9,400.0,0.044647373799624364,1247348867.568864,980.1497470235039,1.8968353466218457e-07,2.5885336244640603e-08,6,1.9985796020207813,1.8004091691151942,-2.5232376842746886e-05
0.9,400.0,0.049023934488881024,1247348866.2863462,979.8364474459714,1.9978495368480957e-07,2.585690780872143e-08,6,1.9985820366163525,1.8004084408476646,-2.518428002355341e-05
0.9,400.0,0.05382950772325868,1247348864.8543704,979.445177816504,2.0856192887384023e-07,2.5830391211626016e-08,6,1.9985847403107742,1.8004076322692082,-2.5130593554537546e-05
0.9,400.0,0.059106147475486,1247348863.4106255,978.9412415566787,2.1534947390746758e-07,2.5817215850669215e-08,6,1.9985874257007008,1.800406829680046,-2.507651870192566e-05
0.9,400.0,0.06490003006073211,1247348861.900701,978.3054242386161,2.1940943983323243e-07,2.5816857286304455e-08,6,1.9985901865369364,1.8004060050474244,-2.5020240123356784e-05
0.9,400.0,0.07126185822939729,1247348860.2640178,977.5176770429201,2.1994080313003843e-07,2.582850133680378e-08,6,1.998593127872432,1.8004051269626227,-2.4959598011467585e-05
0.9,400.0,0.07824730487111635,1247348858.4513998,976.5497805623465,2.161277579730599e-07,2.5850874419208054e-08,6,1.9985963110092655,1.8004041771580135,-2.489326137005295e-05
0.9,400.0,0.08591750021286539,1247348856.0376785,975.4125859774164,2.073211424451947e-07,2.586623878098655e-08,6,1.9986004481401864,1.8004029421152254,-2.4807799758962026e-05
0.9,400.0,0.09433956677468387,1247348853.844812,973.9541974617489,1.928600610117052e-07,2.5929005843069444e-08,6,1.9986040597117456,1.8004018658559884,-2.47303562200374e-05
0.9,400.0,0.10358720676445314,1247348851.3630574,972.1779524563992,1.7279708814055795e-07,2.6018911522293017e-08,6,1.998607997569716,1.8004006929966578,-2.464478210879901e-05
0.9,400.0,0.11374134705207334,1247348848.6535714,970.0040373991825,1.4771703807354197e-07,2.6140623557204036e-08,6,1.99861208214284,1.800399477589254,-2.455399739465671e-05
0.9,400.0,0.12489084736726071,1247348845.0690055,967.4222181302296,1.1910602156039667e-07,2.6272888637349574e-08,6,1.9986171917349143,1.8003979563263344,-2.4441326958450987e-05
0.9,400.0,0.1371332779184638,1247348841.162269,964.2621432604036,9.996791164809747e-08,2.6451431496062088e-08,6,1.998622346850057,1.8003964232318372,-2.4324288925804844e-05
0.9,400.0,0.15057577323790639,1247348836.2807631,960.4763740001956,9.965932234729833e-08,2.6678540463557623e-08,6,1.9986283065049444,1.800394650749014,-2.4188257000605475e-05
0.9,400.0,0.1653359697248269,1247348831.7819798,955.745574859072,9.984976239732205e-08,2.7052725454211646e-08,6,1.9986331850819348,1.8003932046588398,-2.4067112618191416e-05
0.9,400.0,0.18154303509143294,1247348826.1070702,950.0672775131857,9.996627787002446e-08,2.7490295840989134e-08,6,1.9986385828824786,1.8003916048782755,-2.3930508163969552e-05
0.9,400.0,0.19933879872033844,1247348819.5570912,943.1869792823255,9.983309682689642e-08,2.8063730313870433e-08,6,1.9986439603461217,1.8003900131487272,-2.3787308488406757e-05
0.9,400.0,0.21887899282533668,1247251852.0482414,935.3778476729801,1.3649377717600513e-06,2.8279985364286892e-08,6,1.999231030983055,1.8002139151008474,-1.3098752426097132e-05
0.9,400.0,0.24033461527700972,1247251835.7998152,925.9201361710257,5.077329829890436e-07,2.8758601776861007e-08,6,1.999239931064934,1.8002112692869636,-1.289949341039628e-05
0.9,400.0,0.26389342601937477,1247251819.4333084,914.1813715271921,1.291884544323843e-07,2.9615218090067003e-08,6,1.9992468767430387,1.8002092099837754,-1.2729540400601319e-05
0.9,400.0,0.2897615901728365,1247152030.9518924,899.7062571318932,4.646877458850896e-06,3.069563369664077e-08,6,1.9995241606561869,1.8001260481719354,-7.76193866866279e-06
0.9,400.0,0.318165482202374,1247049079.6539292,881.5287217986969,5.242465375025932e-05,3.272585093090728e-08,6,1.9996794711780448,1.8000794757652971,-5.007245153789751e-06
0.9,400.0,0.34935366693939,1247049018.9826033,863.4086393171164,9.183578437952854e-06,3.24287732805505e-08,6,1.9996880046812877,1.8000769320254324,-4.823308754045956e-06
0.9,400.0,0.3835990747933107,1246942111.0170722,839.3293707174897,5.055604412050785e-05,3.3612350160424714e-08,6,1.9997824441029273,1.800048610228551,-3.1712055086051194e-06
0.9,400.0,0.4212013901883932,1246830666.5374207,810.0794817784869,0.00015235171590834729,3.5332119179246085e-08,6,1.9998403213648484,1.8000312494740134,-2.1692914071346088e-06
0.9,400.0,0.4624896741271517,1246196413.723712,844.7358980265653,0.259855396444465,3.9149618477041585e-08,6,1.9999344141460926,1.8000029585980422,-6.249067881157306e-07
0.9,400.0,0.5078252438306721,1246069168.6037445,852.4958482547574,0.3518514484149139,4.277875642728649e-08,6,1.9999386961062178,1.8000016424005545,-5.497970916026447e-07
0.9,400.0,0.5576048346557921,1246069110.8781803,760.7769646191036,0.29859290955361767,4.605428271941878e-08,6,1.99993871109733,1.8000016950524058,-5.389916944422609e-07
0.9,400.0,0.6122640719593427,1246069114.1750968,646.7150739852384,0.17252780073116603,4.6574006359384234e-08,6,1.999938710361322,1.8000017915721382,-5.264743722091649e-07
0.9,400.0,0.6722812832920282,1246069115.0159342,545.5150931773038,0.018323276506980787,5.695626498866936e-08,6,1.9999387101715171,1.8000020340775695,-5.094542584001723e-07
0.9,400.0,0.7381816842827723,1245853817.471688,449.79849991211063,0.00041856054164442615,8.887960819714718e-08,5,1.9999420674431099,1.800001543485177,-4.3898192113765483e-07
0.9,400.0,0.810541974844553,1245853578.0216956,334.35565852074427,9.799228333893252e-08,1.42787197328988e-07,5,1.999942078397206,1.8000023667835054,-4.2431316721964434e-07
0.9,400.0,0.8899953859235032,1099860318.9561222,386.78978904441595,0.6905823445077002,9.535121805838095e-07,3,2.0,1.8,0.0
0.9,400.0,0.9772372209558107,1059944870.1346796,775.5481961827709,0.9698000874599687,1.8705899976164708e-06,3,2.0,1.8,0.0
0.9,450.0,0.01,1247534176.2931013,1099.1359997359273,9.981921553537026e-08,2.1545869444631927e-08,6,1.9863615175028468,1.8040722926521522,-0.00026487121767138045
0.9,450.0,0.010980250419408422,1247534176.2808454,1099.1119618727273,9.994399016640161e-08,2.1547404989495568e-08,6,1.9863616915784996,1.8040722477865845,-0.000264866226074515
0.9,450.0,0.012056589927291887,1247534176.266069,1099.0829807144016,9.966729284475806e-08,2.154925636220346e-08,6,1.986361901454713,1.8040721936265063,-0.00026486020966597675
0.9,450.0,0.013238437660578209,1247534176.248253,1099.0480398180823,9.996404320633388e-08,2.1551488546835506e-08,6,1.986362154500198,1.804072128221351,-0.0002648529585266126
0.9,450.0,0.01453613606748761,1247534176.226773,1099.0059137035944,9.98407240359157e-08,2.1554179871182796e-08,6,1.986362459590595,1.8040720492487352,-0.00026484421909774383
0.9,450.0,0.01596104141516088,1247534176.2008748,1098.9551249933118,9.994733325025471e-08,2.1557424801332918e-08,6,1.9863628274335636,1.804071953880838,-0.00026483368621053714
0.9,450.0,0.017525623169301542,1247534176.1696494,1098.8938926600076,9.991854345068652e-08,2.15613372492928e-08,6,1.9863632709412804,1.8040718386618857,-0.0002648209930540177
0.9,450.0,0.01924357311551172,1247534176.1320014,1098.820069542348,9.978215477332749e-08,2.1566054537033014e-08,6,1.986363805670667,1.8040716994912922,-0.00026480569611846675
0.9,450.0,0.02112992517725142,1247534176.086609,1098.7310674218327,9.979099470792164e-08,2.157174231551425e-08,6,1.9863644503990698,1.8040715313156759,-0.0002647872629046423
0.9,450.0,0.023201186978958357,1247534176.0200806,1098.6249211544393,9.990979239980041e-08,2.1577412556630905e-08,6,1.986365394678134,1.8040712779699875,-0.0002647617914738165
0.9,450.0,0.02547548430564807,1247534175.9397833,1098.497364565318,9.981275860628258e-08,2.1584092539637997e-08,6,1.9863665343735921,1.8040709714805072,-0.0002647310617358444
0.9,450.0,0.0279727197231725,1247534175.842968,1098.3435884141916,9.981114670787797e-08,2.1592145029975992e-08,6,1.9863679085182508,1.804070601042055,-0.00026469403627464523
0.9,450.0,0.030714746747235906,1247534175.7262366,1098.1582063592173,9.982652096310338e-08,2.1601851687334255e-08,6,1.9863695653406546,1.8040701531615535,-0.0002646494298367308
0.9,450.0,0.03372556108533605,1247534175.5386968,1097.9405612083642,9.979068240917621e-08,2.1613399966078757e-08,6,1.9863722268424782,1.8040694123353838,-0.00026458268770027354
0.9,450.0,0.03703151062520455,1247534175.244403,1097.6872834887656,9.998441463178882e-08,2.1626930721560514e-08,6,1.9863764029912105,1.8040682266595032,-0.00026448331783402704
0.9,450.0,0.04066152600737297,1247534175.0692742,1097.357986125889,9.971972354849535e-08,2.16480005857954e-08,6,1.9863788863524277,1.8040675594478162,-0.00026441364368372553
0.9,450.0,0.044647373799624364,1247534174.8952725,1096.956800183055,9.991652699655828e-08,2.1674127448027344e-08,6,1.9863813529913217,1.8040669092074078,-0.0002643400888169541
0.9,450.0,0.049023934488881024,1247534174.6493738,1096.4774513716288,9.999063680581692e-08,2.1704972672710803e-08,6,1.9863848378821447,1.8040659667659493,-0.0002642415543136078
0.9,450.0,0.05382950772325868,1247534174.27991,1095.9088929859995,9.99855083145069e-08,2.1740157934590785e-08,6,1.9863900714582823,1.8040645142039555,-0.0002641027434944533
0.9,450.0,0.059106147475486,1247534173.9165776,1095.213219677797,1.0240583171161866e-07,2.178164102210382e-08,6,1.9863952145622765,1.8040631045235453,-0.0002639585134473115
0.9,450.0,0.06490003006073211,1247534173.2801404,1094.3993840629403,1.037034001917558e-07,2.1829283104171305e-08,6,1.98640421756911,1.8040605553591835,-0.0002637300609867811
0.9,450.0,0.07126185822939729,1247534172.7280805,1093.3907474087807,1.0318642534063513e-07,2.1890811516626795e-08,6,1.9864120190596941,1.8040583729773465,-0.0002635151882272924
0.9,450.0,0.07824730487111635,1247534171.9751825,1092.1853798771522,1.0050772827904697e-07,2.1969103595413634e-08,6,1.9864226479357525,1.8040553448082102,-0.0002632331295274262
0.9,450.0,0.08591750021286539,1247534171.2434344,1090.709394052705,9.999135245212855e-08,2.20681415461075e-08,6,1.9864329625250137,1.8040524170608803,-0.0002629429668706338
0.9,450.0,0.09433956677468387,1247534170.3218524,1088.93448384867,9.990584014644004e-08,2.2188023675030623e-08,6,1.9864459323755614,1.8040486858712357,-0.0002625841031539004
0.9,450.0,0.10358720676445314,1247534169.3138936,1086.7805939591233,9.973737914336034e-08,2.2338021127149106e-08,6,1.9864600888836044,1.804044585265947,-0.0002621821374999095
0.9,450.0,0.11374134705207334,1247534168.0413096,1084.1899152970577,9.985700052603379e-08,2.2520543360496918e-08,6,1.986477918767438,1.804039361814233,-0.00026168471825536717
0.9,450.0,0.12489084736726071,1247534166.5287437,1081.0619945858925,9.987762822979403e-08,2.2742815543528225e-08,6,1.986499050123357,1.8040331304823254,-0.0002610944675099191
0.9,450.0,0.1371332779184638,1247534164.5293622,1077.3099321812797,9.991147305074626e-08,2.3006123419188847e-08,6,1.9865268902373083,1.804024872456198,-0.0002603394771097827
0.9,450.0,0.15057577323790639,1247534161.8155758,1072.8203631553088,9.996601364192416e-08,2.3311751495085557e-08,6,1.98656452811982,1.8040136645978813,-0.00025935344429815283
0.9,450.0,0.1653359697248269,1247443147.9066954,1076.8638844968768,1.6544091379343755e-05,2.090605562669112e-08,6,1.9962502508774838,1.8011080268975312,-7.049034490957884e-05
0.9,450.0,0.18154303509143294,1247443140.937668,1070.751251806625,1.1550046718910581e-05,2.1119102593493654e-08,6,1.9963493833811286,1.801078363173873,-6.846420418784297e-05
0.9,450.0,0.19933879872033844,1247443133.441688,1063.2623732420766,7.08795978578571e-06,2.1434880562696244e-08,6,1.9964552607420787,1.801046672956418,-6.629360861951698e-05
0.9,450.0,0.21887899282533668,1247443126.0816677,1054.0072326136622,3.6472081845763153e-06,2.1944494732619085e-08,6,1.9965583475612418,1.8010158185246776,-6.415903093277727e-05
0.9,450.0,0.24033461527700972,1247443117.5174916,1042.79855580417,1.4704577108684576e-06,2.2441363731576565e-08,6,1.996661394879151,1.8009849716574116,-6.20047714642134e-05
0.9,450.0,0.26389342601937477,1247443113.5845764,1028.3875435019966,4.156009009728715e-07,2.3467904699914972e-08,6,1.9966909134720046,1.8009761783037606,-6.122388878705016e-05
0.9,450.0,0.2897615901728365,1247443103.727775,1011.6334127431843,9.991507986553854e-08,2.4754895145397386e-08,6,1.9967452064993467,1.8009599435121804,-5.993829423663542e-05
0.9,450.0,0.318165482202374,1247443090.5925221,991.5118969546728,9.991450596475517e-08,2.6384008069285776e-08,6,1.9967901126012972,1.80094651210511,-5.879202505651625e-05
0.9,450.0,0.34935366693939,1247348849.39061,970.6074443605132,5.00983930735743e-07,2.6110856816950392e-08,6,1.9986109976589754,1.8004002706548223,-2.4577921688502066e-05
0.9,450.0,0.3835990747933107,1247348818.8431032,942.3326388821929,9.985461281785274e-08,2.8144097113467155e-08,6,1.998644488178794,1.8003902282140092,-2.3771501324854446e-05
0.9,450.0,0.4212013901883932,1247152055.9666398,907.9439644180815,1.6644636871437117e-05,3.0720452670796485e-08,6,1.9995169430541584,1.8001284743669892,-7.913141418658505e-06
0.9,450.0,0.4624896741271517,1247049033.936832,869.2409046925331,2.278005802828558e-05,3.2296365759314375e-08,6,1.9996862337374885,1.8000776434175834,-4.863703680628335e-06
0.9,450.0,0.5078252438306721,1246196359.3159099,959.0351079675264,0.3542860534029391,3.779674670537758e-08,6,1.9999344633991487,1.8000029391012844,-6.350069702580998e-07
0.9,450.0,0.5576048346557921,1246069144.2434285,956.6731740908264,0.4288326453945793,4.370986807409969e-08,6,1.9999387029381226,1.800001596385576,-5.56427045998103e-07
0.9,450.0,0.6122640719593427,1246069079.3787315,818.935926375013,0.37032064676531357,5.164242660423095e-08,6,1.9999387172583747,1.8000016502222431,-5.421964919350018e-07
0.9,450.0,0.6722812832920282,1245853767.6512122,747.2778733968617,0.4114692707695001,6.30371874260702e-08,5,1.9999420707894404,1.800000678015103,-4.798843330988129e-07
0.9,450.0,0.7381816842827723,1246069068.554817,508.9257254457946,0.0017906226018100312,6.35808145641744e-08,6,1.9999387190065945,1.800002163859283,-5.028013405731204e-07
0.9,450.0,0.810541974844553,1245853645.6595528,382.6865708800669,9.978979137769017e-08,1.0454594421158819e-07,5,1.999942076646162,1.8000019841374786,-4.288407258496485e-07
0.9,450.0,0.8899953859235032,1103882587.393783,202.55953913565114,9.833606484093846e-08,4.2525066158119953e-07,3,2.0,1.8,0.0
0.9,450.0,0.9772372209558107,1062117925.127436,787.1834263737877,0.9665757420333158,1.7162647367081633e-06,3,2.0,1.8,0.0
0.9,500.0,0.01,1247621483.3959856,1202.136428289001,9.806734033898882e-07,1.8389111547932345e-08,6,1.9515265373621846,1.8135927086911277,-0.0010054070444167726
0.9,500.0,0.010980250419408422,1247621483.3726935,1202.1114207168291,1.075103864516269e-06,1.8389978063771847e-08,6,1.9515268860562933,1.8135928887895174,-0.00100538671160267
0.9,500.0,0.012056589927291887,1247621483.3446217,1202.0812694953577,1.178243728095493e-06,1.8391022671519634e-08,6,1.9515273063066847,1.8135931059804569,-0.0010053622005787531
0.9,500.0,0.013238437660578209,1247621483.3107886,1202.0449169237866,1.2907715753479337e-06,1.8392281938403917e-08,6,1.9515278128043836,1.8135933679035798,-0.001005332652670485
0.9,500.0,0.01453613606748761,1247621483.2700105,1202.0010880572365,1.4133769878363887e-06,1.839379992158627e-08,6,1.9515284232742751,1.8135936837677753,-0.0010052970323933827
0.9,500.0,0.01596104141516088,1247621483.2208605,1201.9482458816371,1.5467443571807797e-06,1.8395629699280585e-08,6,1.9515291590747388,1.8135940646817656,-0.0010052540916106842
0.9,500.0,0.017525623169301542,1247621483.1616185,1201.8845376462816,1.6915299366102519e-06,1.8397835205114707e-08,6,1.9515300459578988,1.8135945240422864,-0.0010052023255596476
0.9,500.0,0.01924357311551172,1247621483.0902112,1201.8077299868833,1.8483300365369724e-06,1.8400493434849666e-08,6,1.9515311149619352,1.8135950780094943,-0.001005139920347616
0.9,500.0,0.02112992517725142,1247621483.0041387,1201.7151309948379,2.0176377450812436e-06,1.8403697090683003e-08,6,1.9515324035104127,1.8135957460743695,-0.001005064689184193
0.9,500.0,0.023201186978958357,1247621482.9003875,1201.6034961917865,2.1997849420902098e-06,1.840755775389175e-08,6,1.9515339567186254,1.8135965517489856,-0.0010049739959189614
0.9,500.0,0.02547548430564807,1247621482.772637,1201.4678485958611,2.394851633029032e-06,1.8412459408290465e-08,6,1.9515358683998485,1.813597512647503,-0.0010048639169381575
0.9,500.0,0.0279727197231725,1247621482.6169589,1201.3060913528452,2.6026290320924885e-06,1.841796232336505e-08,6,1.9515381964175684,1.8135986639250716,-0.0010047306573344914
0.9,500.0,0.030714746747235906,1247621482.4293013,1201.1110977495393,2.8223908688322533e-06,1.8424590748736937e-08,6,1.951541002659367,1.8136000524862934,-0.001004570012095603
0.9,500.0,0.03372556108533605,1247621482.2030933,1200.8760478039612,3.0528028380623168e-06,1.8432573281689356e-08,6,1.9515443853855823,1.8136017273170888,-0.001004376355076791
0.9,500.0,0.03703151062520455,1247621481.9304154,1200.592725996059,3.291705191102711e-06,1.8442184209551223e-08,6,1.9515484630255913,1.8136037475619573,-0.001004142905729868
0.9,500.0,0.04066152600737297,1247621481.607666,1200.2490636133411,3.535829359828393e-06,1.8454354943522346e-08,6,1.9515532888139584,1.8136062112170426,-0.0010038633850694449
0.9,500.0,0.044647373799624364,1247621481.2654555,1199.8296849296912,3.7805153553233455e-06,1.8470717917439768e-08,6,1.9515584014766045,1.8136093879314197,-0.0010035408987654735
0.9,500.0,0.049023934488881024,1247621480.8529105,1199.3242395234604,4.019611620752859e-06,1.8490419660008334e-08,6,1.9515645649433704,1.8136132206796183,-0.001003152154216958
0.9,500.0,0.05382950772325868,1247621480.3163753,1198.7191808914602,4.245010584817889e-06,1.851134730806489e-08,6,1.951572576594892,1.8136176769361418,-0.0010026716611624986
0.9,500.0,0.059106147475486,1247621479.6227639,1197.997032896808,4.446351891825277e-06,1.8533008421566634e-08,6,1.9515829295871336,1.8136228527092184,-0.001002078190459317
0.9,500.0,0.06490003006073211,1247621478.4260178,1197.1748491364046,4.611915100299107e-06,1.8550752746347026e-08,6,1.95160078163844,1.8136275352221598,-0.0010012525674327952
0.9,500.0,0.07126185822939729,1247621477.484316,1196.116426783624,4.723501219024407e-06,1.8584671475145512e-08,6,1.9516148149262902,1.81363537344918,-0.0010004113985252147
0.9,500.0,0.07824730487111635,1247621475.5516653,1194.9491916608522,4.768348615633726e-06,1.8599504569583347e-08,6,1.9516435992695482,1.8136413763828532,-0.0009991542950895502
0.9,500.0,0.08591750021286539,1247621474.3777237,1193.384895429353,4.7212012445739365e-06,1.86655448441035e-08,6,1.9516610553867657,1.8136536698229373,-0.0009979932072884325
0.9,500.0,0.09433956677468387,1247621472.6493602,1191.5420769602817,4.56945796846867e-06,1.873029460194796e-08,6,1.9516867192362293,1.8136671772250885,-0.0009964995377085817
0.9,500.0,0.10358720676445314,1247621470.6323912,1189.3114818417134,4.298169242179317e-06,1.881210587253413e-08,6,1.9517166172950753,1.813683818201211,-0.0009947214153840183
0.9,500.0,0.11374134705207334,1247621468.4041753,1186.5957364471078,3.901051117373596e-06,1.8919214265660318e-08,6,1.951749577135357,1.8137048623528813,-0.000992642566147329
0.9,500.0,0.12489084736726071,1247621465.2852292,1183.3805985657357,3.3868217411456286e-06,1.903072418851244e-08,6,1.9517955966525162,1.8137284972936754,-0.0009900108676854213
0.9,500.0,0.1371332779184638,1247621461.5144265,1179.5081685582682,2.778401813953246e-06,1.9167615799331393e-08,6,1.9518510641142377,1.8137571509510115,-0.0009868428352125317
0.9,500.0,0.15057577323790639,1247621457.5049775,1174.7711900178633,2.118811729415875e-06,1.935545026793199e-08,6,1.9519098121263674,1.8137943319311942,-0.0009831946571188348
0.9,500.0,0.1653359697248269,1247621454.2949638,1168.845165911123,1.468666257219336e-06,1.9665667713741396e-08,6,1.9519566158564559,1.8138466700654463,-0.0009792899864856982
0.9,500.0,0.18154303509143294,1247621449.9215117,1161.7640939346766,8.996365723889835e-07,2.0026215715543645e-08,6,1.9520200447998324,1.8139082842761165,-0.0009744501368951431
0.9,500.0,0.19933879872033844,1247621446.3681726,1152.996350059648,4.6628880638445675e-07,2.0561158023770562e-08,6,1.9520711771498078,1.8139901377797711,-0.0009691603045530602
0.9,500.0,0.21887899282533668,1247621441.2518644,1142.5041155166618,1.928990807865617e-07,2.119423135868047e-08,6,1.9521441134273823,1.8140718559471787,-0.0009629436325157458
0.9,500.0,0.24033461527700972,1247621434.3757126,1129.9125512214946,9.974819566219084e-08,2.196040772569424e-08,6,1.9522411440848704,1.8141437831359064,-0.0009559289009618362
0.9,500.0,0.26389342601937477,1247621425.7237866,1114.7287175312151,9.950113348681213e-08,2.2934271473760432e-08,6,1.9523617274793243,1.8141940516328572,-0.000948371471353649
0.9,500.0,0.2897615901728365,1247534195.9137378,1118.9028675916188,4.481439990516864e-06,2.0707222729179896e-08,6,1.9860798109366102,1.8041376824329909,-0.00027217230077944665
0.9,500.0,0.318165482202374,1247534175.2298872,1097.6753363868152,7.178603031214084e-07,2.1627571481945418e-08,6,1.986376608973967,1.804067186986838,-0.0002645350187453154
0.9,500.0,0.34935366693939,1247443153.6430545,1079.6222469932168,4.448350927762793e-05,2.0934440727052833e-08,6,1.9961682710565158,1.80113218269847,-7.21666344770562e-05
0.9,500.0,0.3835990747933107,1247443122.0116146,1048.916767153709,4.185249453855166e-06,2.2225732734233663e-08,6,1.996611315539518,1.8009999383149724,-6.307877012036667e-05
0.9,500.0,0.4212013901883932,1247443102.1009085,1009.2343807127978,9.99742505884362e-08,2.493886782107435e-08,6,1.9967521386553648,1.8009579648046043,-5.9780068955627924e-05
0.9,500.0,0.4624896741271517,1247348842.8655784,965.626901350849,3.708420424212735e-07,2.6378272525407186e-08,6,1.9986201441576275,1.800397645262301,-2.4378118201873913e-05
0.9,500.0,0.5078252438306721,1247251814.7275193,911.5235131992636,1.7788368595850598e-07,2.9754205700492613e-08,6,1.9992485455960596,1.8002090939360211,-1.2689775628527654e-05
0.9,500.0,0.5576048346557921,1246196321.1088157,1051.1244197396047,0.42019288247304315,3.92933426168803e-08,6,1.9999344935321193,1.800002900411385,-6.405185564744214e-07
0.9,500.0,0.6122640719593427,1246069105.1048605,1024.0256681313112,0.4816677363450977,4.8025941440595524e-08,6,1.9999387123442711,1.8000015828012275,-5.571486787742249e-07
0.9,500.0,0.6722812832920282,1245853828.127407,964.0995214137299,0.532305164745265,5.8816291588141237e-08,5,1.9999420666806382,1.8000004965024923,-4.912159443466242e-07
0.9,500.0,0.7381816842827723,1245853697.556009,669.7194510411284,0.3832971272518754,7.525701298039879e-08,5,1.9999420746190437,1.8000007472580057,-4.7385719582493224e-07
0.9,500.0,0.810541974844553,1245853724.958701,425.4782420382077,6.764478101699245e-06,8.73660408299273e-08,5,1.999942073267255,1.8000016912428949,-4.346676015389188e-07
0.9,500.0,0.8899953859235032,1104527218.9426978,227.15622044253237,9.765928602732395e-08,3.5769845600615316e-07,3,2.0,1.8,0.0
0.9,500.0,0.9772372209558107,1064096018.0402856,789.9469561318831,0.9630346107670942,1.619731729202487e-06,3,2.0,1.8,0.0
0.9,550.0,0.01,1247697279.4443839,1151.110479270741,3.813205100732556e-07,2.996309485427061e-08,6,1.6533866917658255,1.899249684634287,-0.007263297605132568
0.9,550.0,0.010980250419408422,1247697277.981241,1151.0913079686006,4.1821238578845835e-07,2.996430723115039e-08,6,1.653404205042786,1.899245507764776,-0.007262887350920871
0.9,550.0,0.012056589927291887,1247697276.217416,1151.0681926472903,4.585632816756331e-07,2.996576901245919e-08,6,1.6534253173724656,1.8992404727472845,-0.007262392779256603
0.9,550.0,0.013238437660578209,1247697274.0910797,1151.04032201739,5.026616011117017e-07,2.996753153227143e-08,6,1.653450768828972,1.8992344031552635,-0.007261796554539038
0.9,550.0,0.01453613606748761,1247697271.0020077,1151.0092427412255,5.510000326332688e-07,2.996971337069408e-08,6,1.6534877455582873,1.899225198110171,-0.007260949192970203
0.9,550.0,0.01596104141516088,1247697267.2746084,1150.9727460956806,6.037061784351305e-07,2.997180554616478e-08,6,1.6535323633566834,1.8992140888343394,-0.007259926901315203
0.9,550.0,0.017525623169301542,1247697262.780793,1150.9287393170619,6.611571741699459e-07,2.9974328482384145e-08,6,1.6535861553257605,1.8992006907891161,-0.007258694533789134
0.9,550.0,0.01924357311551172,1247697257.3632178,1150.8756814052886,7.236823397190102e-07,2.997737076690686e-08,6,1.653651004903682,1.8991845391785196,-0.007257208819048769
0.9,550.0,0.02112992517725142,1247697250.8318565,1150.8117108532163,7.915997782961343e-07,2.998103945588892e-08,6,1.6537291867501345,1.8991650677132355,-0.007255417658363026
0.9,550.0,0.023201186978958357,1247697239.9668424,1150.7549463639298,8.665204039454593e-07,2.99823699346141e-08,6,1.6538592451550338,1.8991308527013147,-0.007252527171727175
0.9,550.0,0.02547548430564807,1247697225.9831533,1150.6914098415,9.481672409552565e-07,2.998365476214809e-08,6,1.6540266356415285,1.8990864160902272,-0.0072488265409385855
0.9,550.0,0.0279727197231725,1247697206.182543,1150.636344438564,1.0383180891108029e-06,2.9981576633531875e-08,6,1.6542636539185769,1.8990222813986322,-0.007243646092405303
0.9,550.0,0.030714746747235906,1247697181.710819,1150.5751168688128,1.1366925654352744e-06,2.9978041003940115e-08,6,1.6545565740395562,1.8989427991133128,-0.0072372545676708975
0.9,550.0,0.03372556108533605,1247697159.9428177,1150.4492496354067,1.2391234733688776e-06,2.99811933000811e-08,6,1.6548171158573162,1.8988747515760003,-0.007231439819495763
0.9,550.0,0.03703151062520455,1247697141.3888679,1150.243297500357,1.343892857034519e-06,2.9993935376281145e-08,6,1.6550391894037149,1.8988203104902353,-0.007226308993466474
0.9,550.0,0.04066152600737297,1247697121.9092786,1149.9763257932689,1.4518008657904226e-06,3.001156195295398e-08,6,1.6552723453374327,1.8987650288890483,-0.007220829748347333
0.9,550.0,0.044647373799624364,1247697096.0706472,1149.6676850043555,1.5647061174608828e-06,3.00313391640118e-08,6,1.6555816227826567,1.8986898969094426,-0.007213649516834657
0.9,550.0,0.049023934488881024,1247697045.7866805,1149.4260266545682,1.6949923937917216e-06,3.0036009961691434e-08,6,1.6561835373725637,1.8985305639301693,-0.007200318964774972
0.9,550.0,0.05382950772325868,1247696988.1233447,1149.1181186095002,1.828271358033787e-06,3.004272361571319e-08,6,1.6568737403087006,1.8983490548197492,-0.007184974245426339
0.9,550.0,0.059106147475486,1247696924.642247,1148.7086200055487,1.9592111725331904e-06,3.005647877915267e-08,6,1.6576335679418486,1.8981518267196646,-0.007167953800133806
0.9,550.0,0.06490003006073211,1247696872.6249716,1148.0462524149066,2.064563450635091e-06,3.0098570375573415e-08,6,1.658256172627022,1.8980019610881667,-0.00715342769211581
0.9,550.0,0.07126185822939729,1247696780.806977,1147.441471283453,2.1862633564769805e-06,3.012208034274305e-08,6,1.659355173333882,1.897716581960666,-0.00712881272295908
0.9,550.0,0.07824730487111635,1247696670.4386842,1146.716659929028,2.296505996433544e-06,3.0148920621515046e-08,6,1.6606761736739861,1.8973734511751001,-0.007099228778986753
0.9,550.0,0.08591750021286539,1247696556.4299462,1145.7119365915623,2.367717942055079e-06,3.019964074098327e-08,6,1.6620407236702317,1.897027798913601,-0.007068228434983032
0.9,550.0,0.09433956677468387,1247696394.941964,1144.6664824882391,2.434653055851358e-06,3.0236408836996094e-08,6,1.6639735194217917,1.8965241842745646,-0.007024996469447276
0.9,550.0,0.10358720676445314,1247696224.889255,1143.2418825144969,2.438183162245255e-06,3.030546140165965e-08,6,1.6660087357760913,1.8960046751886563,-0.006978912764985062
0.9,550.0,0.11374134705207334,1247696005.4355428,1141.5986739682887,2.406951288221356e-06,3.0387523312101436e-08,6,1.6686351265625428,1.8953253057583053,-0.0069198652386472815
0.9,550.0,0.12489084736726071,1247695736.731723,1139.689652398583,2.322856369890384e-06,3.046146347389275e-08,6,1.671850696212168,1.8944897164947516,-0.006847726507250315
0.9,550.0,0.1371332779184638,1247695419.3189917,1137.3210000864583,2.165689239035224e-06,3.0573423846728265e-08,6,1.6756489040363343,1.8935032562241267,-0.00676243388320747
0.9,550.0,0.15057577323790639,1247695033.4788022,1134.500820724952,1.9421265271048684e-06,3.070142515621001e-08,6,1.6802654018247818,1.8922989399261707,-0.006658955917713082
0.9,550.0,0.1653359697248269,1247694586.5780315,1131.0080952939059,1.6389150372623893e-06,3.086379618031478e-08,6,1.685611783117374,1.8909071617265185,-0.006538838281559125
0.9,550.0,0.18154303509143294,1247694021.5950642,1126.9645645572862,1.3051218779121383e-06,3.1047946759942387e-08,6,1.692369609079336,1.889127301726877,-0.006387930593795694
0.9,550.0,0.19933879872033844,1247693356.14574,1122.0230920061676,9.418804552985679e-07,3.127688285291229e-08,6,1.700326993780142,1.8870264282114078,-0.006210256360758887
0.9,550.0,0.21887899282533668,1247692555.1186566,1116.0727675010544,5.992829612045889e-07,3.156307059274834e-08,6,1.7099024463219636,1.8844813309911073,-0.005996947661245959
0.9,550.0,0.24033461527700972,1247691579.9794252,1109.0105732514003,3.217795273546509e-07,3.189899366222585e-08,6,1.7215537872168056,1.8813550862382935,-0.005738457684862963
0.9,550.0,0.26389342601937477,1247690409.39335,1100.484637535885,1.3437675172051217e-07,3.232563284448734e-08,6,1.735532135834097,1.8775692268193234,-0.005429610729600631
0.9,550.0,0.2897615901728365,1247688994.4284492,1090.27252877699,9.966609773521738e-08,3.2832221517617804e-08,6,1.7524141387536958,1.872942224214663,-0.005059379146330992
0.9,550.0,0.318165482202374,1247621470.060956,1188.5182549657256,1.2819214864074168e-05,1.8844934013453934e-08,6,1.9517250763970628,1.8136879549191152,-0.0009941993461182335
0.9,550.0,0.34935366693939,1247621449.2420564,1160.0704400117736,1.5364948244635238e-06,2.0127832021209046e-08,6,1.9520298537616638,1.8139224655190995,-0.000973479771872945
0.9,550.0,0.3835990747933107,1247621430.921205,1124.7072425095826,9.991941680977657e-08,2.2272009603524817e-08,6,1.9522894826276853,1.8141629111740298,-0.0009530899230267846
0.9,550.0,0.4212013901883932,1247534181.4466157,1105.2687015820413,1.9778926912780725e-06,2.123625480816646e-08,6,1.9862881109841801,1.8040897470026833,-0.0002668427055079114
0.9,550.0,0.4624896741271517,1247443133.9832232,1063.8117944847843,1.7799379737189617e-05,2.1416646622645557e-08,6,1.9964476404097398,1.801048429117981,-6.648893494044237e-05
0.9,550.0,0.5078252438306721,1247443096.603556,1001.1257092072635,9.982080859181575e-08,2.5575210382601817e-08,6,1.996772518760481,1.8009517763764844,-5.927817958689016e-05
0.9,550.0,0.5576048346557921,1247251843.9868026,930.8888706527525,2.2037552960849163e-06,2.8490203155111497e-08,6,1.9992357055559675,1.8002129433782903,-1.2999232682028637e-05
0.9,550.0,0.6122640719593427,1246196277.455225,1097.9265412227926,0.462763510106762,4.3886539443487654e-08,6,1.999934520755214,1.8000028197557394,-6.406623793639538e-07
0.9,550.0,0.6722812832920282,1246069058.182698,1025.4910068150327,0.5124763107146812,5.979870221715901e-08,6,1.9999387205079866,1.8000015905644067,-5.507767743760868e-07
0.9,550.0,0.7381816842827723,1245853680.194182,910.4110985068633,0.5564612210803365,8.308212553817265e-08,5,1.9999420753736066,1.800000533167052,-4.819309779310398e-07
0.9,550.0,0.810541974844553,1245958446.2981675,467.29971976533716,0.002107716727455529,7.91592663822923e-08,6,1.999940771607635,1.800001785792373,-4.6541738235357164e-07
0.9,550.0,0.8899953859235032,1245550466.9454908,241.32270417470207,9.620430427366736e-08,3.2622515194452995e-07,5,1.9999454221980646,1.8000026106973708,-3.8120545774497934e-07
0.9,550.0,0.9772372209558107,1065884213.0035702,789.9360751628866,0.9593773049869814,1.5509354814764208e-06,3,2.0,1.8,0.0
0.9,600.0,0.01,1247704908.1573055,1235.5583934173535,1.1087828645404156e-05,2.3560236126951263e-08,6,1.5635361584853729,1.9203317465147784,-0.009356116541474642
0.9,600.0,0.010980250419408422,1247704908.1498578,1235.5272375318468,1.215947649323053e-05,2.3562437504749716e-08,6,1.5635362497063994,1.920333422510361,-0.009356049377376446
0.9,600.0,0.012056589927291887,1247704908.1409116,1235.4896728787612,1.333126102364217e-05,2.3565085473930862e-08,6,1.5635363592808462,1.9203354434132738,-0.009355968408866768
0.9,600.0,0.013238437660578209,1247704908.130162,1235.444381350738,1.4611421163671624e-05,2.3568271317921293e-08,6,1.5635364909436422,1.9203378802147526,-0.009355870797834119
0.9,600.0,0.01453613606748761,1247704908.117242,1235.3897737517461,1.600850087579238e-05,2.3572104977876834e-08,6,1.563536649188966,1.9203408185296338,-0.009355753122702804
0.9,600.0,0.01596104141516088,1247704908.1017091,1235.3239334855496,1.7531221262201922e-05,2.357671910972458e-08,6,1.5635368394396179,1.920344358695726,-0.009355611305762476
0.9,600.0,0.017525623169301542,1247704908.0830321,1235.2445564306695,1.9188294186615176e-05,2.3582273000033805e-08,6,1.563537068198871,1.9203486251540238,-0.009355440294552101
0.9,600.0,0.01924357311551172,1247704908.0605679,1235.1488532167766,2.0988145359488433e-05,2.358895963802844e-08,6,1.5635373433454087,1.9203537699043363,-0.009355234127989435
0.9,600.0,0.02112992517725142,1247704908.0335424,1235.0334663280998,2.2938545006157574e-05,2.3597011340900258e-08,6,1.563537674358182,1.9203599738923829,-0.009354985577851603
0.9,600.0,0.023201186978958357,1247704908.0022478,1234.89372264033,2.5045995479583174e-05,2.3607151545345622e-08,6,1.563538057109534,1.9203674527509902,-0.00935468622064024
0.9,600.0,0.02547548430564807,1247704907.9648051,1234.7258824170974,2.7315392110833883e-05,2.3618905694485123e-08,6,1.5635385150224035,1.9203764690976843,-0.009354325439166363
0.9,600.0,0.0279727197231725,1247704907.9197402,1234.5235385254955,2.9748623021740532e-05,2.3633064325543923e-08,6,1.563539066153021,1.9203873357558974,-0.009353890384242319
0.9,600.0,0.030714746747235906,1247704907.8654907,1234.2795890676896,3.234365012532078e-05,2.365012244158679e-08,6,1.5635397296085463,1.920400431902795,-0.009353365915415792
0.9,600.0,0.03372556108533605,1247704907.8001764,1233.985485598047,3.50929070033438e-05,2.367067640513633e-08,6,1.5635405283828852,1.92041620876129,-0.009352733684656491
0.9,600.0,0.03703151062520455,1247704907.721531,1233.630929150984,3.798132324754699e-05,2.3695445877630677e-08,6,1.5635414901935194,1.9204352181901667,-0.00935197138755785
0.9,600.0,0.04066152600737297,1247704907.626821,1233.2034978312304,4.098386008451113e-05,2.372530008752565e-08,6,1.5635426484670454,1.9204581178546867,-0.00935105233862952
0.9,600.0,0.044647373799624364,1247704907.510381,1232.6876392421734,4.406239802022387e-05,2.3761094007949014e-08,6,1.5635440701973775,1.9204856896092286,-0.009349943766933091
0.9,600.0,0.049023934488881024,1247704907.3702452,1232.0664114607994,4.7162711980466385e-05,2.3803805301022678e-08,6,1.5635457812369713,1.9205188868592846,-0.009348607343879944
0.9,600.0,0.05382950772325868,1247704907.202657,1231.3169103169512,5.020947338118769e-05,2.385584428518602e-08,6,1.5635478272348544,1.9205588537328828,-0.009346996411455949
0.9,600.0,0.059106147475486,1247704907.016073,1230.4133372814422,5.310280787708746e-05,2.3919241608374292e-08,6,1.563550102532408,1.9206070057895623,-0.009345058107254431
0.9,600.0,0.06490003006073211,1247704906.7898407,1229.3237021041211,5.5714128304294166e-05,2.399619740317027e-08,6,1.5635528609600122,1.9206649224040135,-0.00934272091438434
0.9,600.0,0.07126185822939729,1247704906.4983823,1228.0114028373462,5.788368381690263e-05,2.4089472611754753e-08,6,1.5635564093290504,1.920734482944686,-0.009339898729111624
0.9,600.0,0.07824730487111635,1247704906.1483445,1226.4289258180547,5.94175469929844e-05,2.420286562808814e-08,6,1.5635606658636576,1.920818074058837,-0.009336496704311917
0.9,600.0,0.08591750021286539,1247704905.7287395,1224.5214322318377,6.009378341060074e-05,2.4340070682183806e-08,6,1.5635657607067324,1.920918450689701,-0.009332396063553702
0.9,600.0,0.09433956677468387,1247704905.2320786,1222.2219892026874,5.9672019671312086e-05,2.450673290079236e-08,6,1.5635717806095475,1.9210389004754516,-0.009327455232476835
0.9,600.0,0.10358720676445314,1247704904.6306052,1219.4500098302478,5.791579138681884e-05,2.4710016119918633e-08,6,1.563579053663668,1.9211832328458116,-0.00932149886454534
0.9,600.0,0.11374134705207334,1247704903.9168205,1216.108955735222,5.462803001963089e-05,2.4957712569453774e-08,6,1.5635876628830643,1.9213560043545006,-0.00931432250931176
0.9,600.0,0.12489084736726071,1247704903.0588949,1212.0824257717568,4.970435740979083e-05,2.5259739320170072e-08,6,1.5635979760197154,1.9215624462210008,-0.00930567444070105
0.9,600.0,0.1371332779184638,1247704902.030815,1207.2300962405864,4.319990574305757e-05,2.5631304510356247e-08,6,1.5636102868506165,1.9218086197119155,-0.009295255566130908
0.9,600.0,0.15057577323790639,1247704900.8238616,1201.3816612007258,3.5399799055169834e-05,2.6085792863342586e-08,6,1.5636246725601355,1.9221015166110236,-0.009282712313445409
0.9,600.0,0.1653359697248269,1247703846.8629317,1195.75272684304,4.0318069325082014e-05,2.811208125546567e-08,6,1.5748727324327896,1.9190795315516618,-0.009037067448079214
0.9,600.0,0.18154303509143294,1247703027.1112556,1191.9338044358649,4.117612255839193e-05,2.8243865847619324e-08,6,1.5846420366899991,1.9165649962139972,-0.008818943920402464
0.9,600.0,0.19933879872033844,1247702194.2687619,1186.5668439453314,3.8399532158529614e-05,2.8470999173304414e-08,6,1.594584776394918,1.9140713351080487,-0.00859403228423836
0.9,600.0,0.21887899282533668,1247701205.9232564,1180.1570068889102,3.390939804368427e-05,2.872179443029282e-08,6,1.6063980052832811,1.911098447947243,-0.00832699870089314
0.9,600.0,0.24033461527700972,1247700109.7350397,1172.0125005871957,2.6724374064791295e-05,2.906614882826073e-08,6,1.6195106213322603,1.9078257114276518,-0.008029066927230636
0.9,600.0,0.26389342601937477,1247698770.5080118,1162.435196563288,1.8957458309459457e-05,2.946318111781455e-08,6,1.6355384911305633,1.903773853001237,-0.007666643045313689
0.9,600.0,0.2897615901728365,1247697219.9277,1150.6835863061963,1.1049545016794481e-05,2.9982257409937585e-08,6,1.6540991210527989,1.899057671333052,-0.007247063101383743
0.9,600.0,0.318165482202374,1247695353.84267,1136.751706060516,4.933268058512885e-06,3.060478817683953e-08,6,1.6764323494972146,1.893295593899856,-0.006744553306067665
0.9,600.0,0.34935366693939,1247693125.385645,1120.087514275467,1.4196030874325859e-06,3.138481038271751e-08,6,1.7030858802494881,1.8862965416344386,-0.0061482818275539345
0.9,600.0,0.3835990747933107,1247690411.7277648,1100.4916347462856,1.9867468025431754e-07,3.2325668990156754e-08,6,1.7355042690123328,1.8775739630337183,-0.005430141573762274
0.9,600.0,0.4212013901883932,1247621468.4138498,1186.6200215851993,1.503117032256408e-05,1.891840368909696e-08,6,1.951749434224169,1.813700459956392,-0.000992706751926999
0.9,600.0,0.4624896741271517,1247621435.113854,1131.2666316159757,1.334942133575269e-07,2.1877536598478584e-08,6,1.9522307798619636,1.814134604948352,-0.0009567040846982352
0.9,600.0,0.5078252438306721,1247534169.4187021,1086.9759407471502,4.06299008049293e-07,2.2324349589093505e-08,6,1.9864586184293518,1.8040427565410273,-0.0002623058840777954
0.9,600.0,0.5576048346557921,1247443105.8269567,1014.7306222536266,2.0334850730399826e-07,2.4523071951870847e-08,6,1.9967356002889896,1.8009625676550831,-6.0184992425089785e-05
0.9,600.0,0.6122640719593427,1246196362.7576609,1295.9713493894835,0.5216777881550799,3.7833283039710294e-08,6,1.99993446046189,1.8000025281495007,-6.588331456870607e-07
0.9,600.0,0.6722812832920282,1246069097.1201932,1229.3815660487992,0.5717014165540559,4.955727217779849e-08,6,1.9999387139836455,1.8000014087256864,-5.662506389419834e-07
0.9,600.0,0.7381816842827723,1245853721.8919368,1122.3640063885168,0.6220394159401287,6.836033883916603e-08,5,1.9999420734281421,1.8000004076851457,-4.903581051929601e-07
0.9,600.0,0.810541974844553,1245853714.7254314,544.2235260405199,0.22618662473761386,6.913837047813644e-08,5,1.9999420737949063,1.800000907484982,-4.6875155721083115e-07
0.9,600.0,0.8899953859235032,1245813971.42297,277.9502140188598,9.81097675519936e-08,2.634871965703504e-07,5,1.9999426361486956,1.8000026124449566,-4.1475026403207876e-07
0.9,600.0,0.9772372209558107,1067530422.3852688,787.3246476394362,0.9556453510158565,1.5048850449863887e-06,3,2.0,1.8,0.0
0.9,650.0,0.01,1247705018.070924,1360.2789389527372,0.0003463741606546668,1.7423642376872566e-08,6,1.5621342868435748,1.9127714805331417,-0.009648648955671184
0.9,650.0,0.010980250419408422,1247705018.0345175,1360.246372099949,0.0003801051187185063,1.742617560793076e-08,6,1.5621347776781607,1.9127736906102304,-0.00964856901002744
0.9,650.0,0.012056589927291887,1247705018.000846,1360.2062238479105,0.0004170681868482558,1.7429915108141395e-08,6,1.5621352315576842,1.9127763965677795,-0.009648475511547343
0.9,650.0,0.013238437660578209,1247705017.9637597,1360.1575645103335,0.0004575578411769297,1.7434396074961754e-08,6,1.5621357314456878,1.9127796701003503,-0.009648363790218028
0.9,650.0,0.01453613606748761,1247705017.9214296,1360.0986542130843,0.0005018886068285809,1.7439629311238875e-08,6,1.5621363020132866,1.912783626720151,-0.009648229703551758
0.9,650.0,0.01596104141516088,1247705017.8995018,1360.0252686104427,0.0005503876847481485,1.7444919499779977e-08,6,1.5621365974282988,1.9127885153510098,-0.009648076249059943
0.9,650.0,0.017525623169301542,1247705017.8742073,1359.9366964821997,0.0006034150974167902,1.7451116441950464e-08,6,1.5621369382001085,1.912794414788879,-0.009647891550451192
0.9,650.0,0.01924357311551172,1247705017.8449705,1359.829803626153,0.0006613420247904059,1.7458388401313346e-08,6,1.5621373320825087,1.9128015322561018,-0.009647669250618855
0.9,650.0,0.02112992517725142,1247705017.8050435,1359.701274975043,0.0007245551036299659,1.7466609353455806e-08,6,1.5621378699211221,1.9128100893448168,-0.009647400081587208
0.9,650.0,0.023201186978958357,1247705017.7425063,1359.5475472901423,0.0007934516924794852,1.7475379525042638e-08,6,1.5621387121863237,1.9128203496832477,-0.009647071154205319
0.9,650.0,0.02547548430564807,1247705017.5902038,1359.3684793511186,0.0008684553188357511,1.748622446351322e-08,6,1.562140763140857,1.9128324040273321,-0.009646653082603205
0.9,650.0,0.0279727197231725,1247705017.500731,1359.144830783191,0.0009498706504683981,1.750089103832972e-08,6,1.5621419676443966,1.9128473182032935,-0.009646175514676497
0.9,650.0,0.030714746747235906,1247705017.440078,1358.8713817309938,0.0010380502459402655,1.7516985959034753e-08,6,1.5621427838929092,1.91286547846385,-0.009645612979329707
0.9,650.0,0.03372556108533605,1247705017.2933145,1358.5476397959972,0.001133344961508912,1.7536740209469458e-08,6,1.5621447584811836,1.9128870701407843,-0.009644914003684455
0.9,650.0,0.03703151062520455,1247705017.1820176,1358.1519629384352,0.0012358780309950606,1.7561323983094435e-08,6,1.5621462552526921,1.9129133558147198,-0.009644089720138114
0.9,650.0,0.04066152600737297,1247705017.0607603,1357.6739015794035,0.0013457353566856364,1.7588687779225206e-08,6,1.5621478852005386,1.9129450824846896,-0.00964309933750264
0.9,650.0,0.044647373799624364,1247705016.882335,1357.1000592362411,0.0014628206342989026,1.762391292217847e-08,6,1.5621502825385094,1.912983171711432,-0.009641896088826797
0.9,650.0,0.049023934488881024,1247705016.7179494,1356.4041880177483,0.001586678056578881,1.766291137693593e-08,6,1.5621524896787093,1.9130292622049812,-0.009640459365118816
0.9,650.0,0.05382950772325868,1247705016.49873,1355.5668370367991,0.001716597131910721,1.7711364334423824e-08,6,1.5621554312563115,1.913084691228758,-0.00963872096253451
0.9,650.0,0.059106147475486,1247705016.2007732,1354.559944797504,0.0018513523048360968,1.7767826719013438e-08,6,1.56215942609869,1.9131512976315939,-0.009636615141877452
0.9,650.0,0.06490003006073211,1247705015.838622,1353.346230051615,0.0019890408675817006,1.7832650444820304e-08,6,1.5621642771209292,1.913231471858338,-0.009634074607513168
0.9,650.0,0.07126185822939729,1247705015.0767457,1351.9084007778226,0.0021273405816430494,1.7902394913532737e-08,6,1.5621744741365022,1.9133266463403278,-0.009630919634206642
0.9,650.0,0.07824730487111635,1247705014.5450387,1350.144909194358,0.0022617864888218233,1.799873729825456e-08,6,1.5621815808993786,1.913442684841262,-0.009627222733236594
0.9,650.0,0.08591750021286539,1247705013.4573758,1348.0529703336244,0.0023883083146926404,1.810206244673734e-08,6,1.5621960938820716,1.9135804189476942,-0.009622638773420096
0.9,650.0,0.09433956677468387,1247705011.9807284,1345.5435125446172,0.0025002247130485045,1.8217530351409674e-08,6,1.5622157624072994,1.9137452626243832,-0.00961706352282148
0.9,650.0,0.10358720676445314,1247705010.8033092,1342.4733393047818,0.0025883400883385485,1.837794737151795e-08,6,1.56223141025368,1.9139455954003641,-0.009610505462226778
0.9,650.0,0.11374134705207334,1247705009.3470259,1338.7754224085345,0.0026433637581195716,1.8564356931705363e-08,6,1.5622507207743372,1.9141857708178311,-0.009602582709551565
0.9,650.0,0.12489084736726071,1247705008.1897187,1334.2744856335275,0.00265274898837714,1.8809957157743764e-08,6,1.562266016863496,1.9144759290000806,-0.009593187753108072
0.9,650.0,0.1371332779184638,1247705006.042763,1328.902421504658,0.0026055859869874697,1.9089190937414755e-08,6,1.562294297925359,1.9148201421703144,-0.00958164244419993
0.9,650.0,0.15057577323790639,1247705001.4075172,1322.5667817683827,0.002491311298116571,1.9382170780217e-08,6,1.5623550997335356,1.9152231845443002,-0.009567149468639269
0.9,650.0,0.1653359697248269,1247704998.5773246,1314.7499846389055,0.0022940060646367898,1.9809087808869038e-08,6,1.5623920223749492,1.9157141771487098,-0.009550410298995315
0.9,650.0,0.18154303509143294,1247704993.1229284,1305.4561158591478,0.0020153124879073235,2.0292786247982358e-08,6,1.5624627352524068,1.916289575898433,-0.009529654326553554
0.9,650.0,0.19933879872033844,1247704987.370348,1294.2079366736584,0.001659483986368202,2.0922685936237766e-08,6,1.5625367773849703,1.9169736795160357,-0.009504827398603177
0.9,650.0,0.21887899282533668,1247704978.8350122,1280.7285565559177,0.001252051811002221,2.1692674752638474e-08,6,1.562645553533148,1.9177731982923907,-0.009474451236817328
0.9,650.0,0.24033461527700972,1247704916.0043976,1267.275008031313,0.0008588246485002375,2.1545973954848123e-08,6,1.5634387052994676,1.918509497810412,-0.00942417050848326
0.9,650.0,0.26389342601937477,1247704910.8485937,1247.7343814721478,0.0004787935802577657,2.2760947181059967e-08,6,1.5635030348615493,1.919621355232238,-0.009381923091833121
0.9,650.0,0.2897615901728365,1247704905.6195586,1224.193786518497,0.00020408347396209473,2.4371308175911904e-08,6,1.563567085552252,1.920901068955279,-0.009331292082477141
0.9,650.0,0.318165482202374,1247703952.2999873,1196.7330650976214,8.163906883729382e-05,2.8049780073371816e-08,6,1.5736180248537381,1.9193552275484986,-0.009065668543484076
0.9,650.0,0.34935366693939,1247701106.6476107,1179.2981570495958,5.31166927751869e-05,2.876495210836959e-08,6,1.607585165645469,1.9107929662821805,-0.008299461517890863
0.9,650.0,0.3835990747933107,1247698079.0489461,1157.1067041571052,2.1204650179592988e-05,2.9696520300006666e-08,6,1.6438153066200656,1.9016725581009437,-0.0074790109385196755
0.9,650.0,0.4212013901883932,1247694541.061591,1130.5907553558784,4.175136337592122e-06,3.0887441642445224e-08,6,1.6861562593512645,1.8907560815192987,-0.006526230017065589
0.9,650.0,0.4624896741271517,1247690259.9754357,1099.643750865787,2.1669125307546554e-07,3.235412794211847e-08,6,1.7373157176824394,1.8770719206165476,-0.005390565959871753
0.9,650.0,0.5078252438306721,1247621448.7136843,1158.7474789010619,2.037662701188331e-06,2.0206288324899162e-08,6,1.9520374715201003,1.8139319882750788,-0.0009726739182203745
0.9,650.0,0.5576048346557921,1247534172.9540823,1093.7938029327156,8.915357292441928e-07,2.1867435081039566e-08,6,1.9864088261972621,1.8040560352571575,-0.00026369584368720543
0.9,650.0,0.6122640719593427,1246460065.445095,1275.93319795491,0.44784503024210537,3.145385641600201e-08,6,1.999917370533203,1.8000072058373173,-9.72759513533339e-07
0.9,650.0,0.6722812832920282,1246069237.6297793,1422.7164596092705,0.6066446243038661,3.991454690931085e-08,6,1.9999386743861238,1.8000012546854482,-5.782638006203403e-07
0.9,650.0,0.7381816842827723,1245853832.1435215,1313.8479107099588,0.6564707217521992,5.476476053166541e-08,5,1.9999420663908034,1.8000003267564413,-4.995592472618797e-07
0.9,650.0,0.810541974844553,1245853617.121202,774.8555905452637,0.5314869934651887,1.2115230761612938e-07,5,1.9999420774900492,1.8000006280618093,-4.7408042875373156e-07
0.9,650.0,0.8899953859235032,1245853563.628758,323.68482401224674,9.773764406815581e-08,1.5457479772606423e-07,5,1.999942078672847,1.800002426585938,-4.238464971585882e-07
0.9,650.0,0.9772372209558107,1069058990.7455629,783.3412432172719,0.9517193880621392,1.4666435024730242e-06,3,2.0,1.8,0.0
1.0,200.0,0.01,1246069056.670353,510.7643558595628,1.903060142965909e-06,6.609258178464666e-08,6,1.9999387207129267,2.000002569026505,-5.511343042000376e-07
1.0,200.0,0.010980250419408422,1246069056.6576805,510.75382712665004,2.086592825203985e-06,6.609516232199626e-08,6,1.999938720714639,2.000002569075679,-5.511315389935634e-07
1.0,200.0,0.012056589927291887,1246069056.6424134,510.74113237316016,2.287145417451501e-06,6.609827381686677e-08,6,1.9999387207167019,2.0000025691349856,-5.511282051206096e-07
1.0,200.0,0.013238437660578209,1246069056.624019,510.7258261711955,2.506075135571288e-06,6.610202530633102e-08,6,1.9999387207191874,2.0000025692064765,-5.511241856326347e-07
1.0,200.0,0.01453613606748761,1246069056.6018558,510.70737147145866,2.7447733990439616e-06,6.610654820370882e-08,6,1.9999387207221822,2.0000025692926937,-5.511193395315399e-07
1.0,200.0,0.01596104141516088,1246069056.5751495,510.6851209463202,3.004638325296362e-06,6.611200072759647e-08,6,1.9999387207257906,2.0000025693966568,-5.511134968203769e-07
1.0,200.0,0.017525623169301542,1246069056.5429683,510.6582941131832,3.2870351916363554e-06,6.611857352916345e-08,6,1.9999387207301391,2.000002569522016,-5.511064525449803e-07
1.0,200.0,0.01924357311551172,1246069056.5041873,510.6259502185308,3.5932410901181225e-06,6.612649609389886e-08,6,1.9999387207353791,2.0000025696731805,-5.510979596004927e-07
1.0,200.0,0.02112992517725142,1246069056.4574513,510.5869552288464,3.9243689484217255e-06,6.613604468150519e-08,6,1.9999387207416943,2.000002569855461,-5.510877200663543e-07
1.0,200.0,0.023201186978958357,1246069056.4011269,510.5399421667961,4.281264964601419e-06,6.614755175531727e-08,6,1.999938720749305,2.000002570075287,-5.510753747576422e-07
1.0,200.0,0.02547548430564807,1246069056.330679,510.4807586309051,4.664213108880501e-06,6.616725472019231e-08,6,1.9999387207587636,2.000002570340307,-5.510604887186747e-07
1.0,200.0,0.0279727197231725,1246069056.2499502,510.4122011677618,5.0733625878788775e-06,6.618467322382229e-08,6,1.999938720769479,2.000002570660151,-5.510425483786352e-07
1.0,200.0,0.030714746747235906,1246069056.1526492,510.3295521652143,5.507624697049717e-06,6.620565606800164e-08,6,1.9999387207823942,2.0000025710459184,-5.510209186314895e-07
1.0,200.0,0.03372556108533605,1246069056.0353703,510.2299180844531,5.964937591322023e-06,6.623092746924973e-08,6,1.999938720797961,2.0000025715112533,-5.509948407971204e-07
1.0,200.0,0.03703151062520455,1246069055.894009,510.10981235820753,6.441763726676766e-06,6.626135654290219e-08,6,1.9999387208167243,2.0000025720726233,-5.509634002140947e-07
1.0,200.0,0.04066152600737297,1246069055.7236154,509.96503463871755,6.932640713066513e-06,6.62979850408435e-08,6,1.9999387208393413,2.000002572749893,-5.509254941853774e-07
1.0,200.0,0.044647373799624364,1246069055.5182223,509.7905252620282,7.429648334264013e-06,6.63420601914433e-08,6,1.999938720866604,2.000002573567158,-5.50879793360877e-07
1.0,200.0,0.049023934488881024,1246069055.2706347,509.58019085494584,7.921800908206948e-06,6.639507268385882e-08,6,1.999938720899467,2.0000025745534864,-5.508246952027934e-07
1.0,200.0,0.05382950772325868,1246069054.9721775,509.32669478337687,8.394394325750268e-06,6.645880070604784e-08,6,1.9999387209390824,2.0000025757441273,-5.507582679445668e-07
1.0,200.0,0.059106147475486,1246069054.6114626,509.0183208149542,8.8280236712362e-06,6.654247903187143e-08,6,1.999938720986545,2.000002577181811,-5.50678190062131e-07
1.0,200.0,0.06490003006073211,1246069054.1823568,508.6490897492301,9.199308784868603e-06,6.663788406475152e-08,6,1.9999387210424977,2.000002578918614,-5.505816705398144e-07
1.0,200.0,0.07126185822939729,1246069053.6650324,508.20422041925366,9.479059342304603e-06,6.675234261335168e-08,6,1.9999387211099537,2.000002581017039,-5.504653112887332e-07
1.0,200.0,0.07824730487111635,1246069053.0406845,507.665370635979,9.633292808956019e-06,6.689682408039839e-08,6,1.999938721190907,2.000002583553582,-5.503250462880704e-07
1.0,200.0,0.08591750021286539,1246069052.2966857,507.0179112699387,9.625692167665244e-06,6.706697725103846e-08,6,1.9999387212862154,2.0000025866218163,-5.501559933065795e-07
1.0,200.0,0.09433956677468387,1246069051.400702,506.23496351534294,9.418521438098099e-06,6.727892381045129e-08,6,1.999938721400298,2.0000025903348857,-5.499522361427854e-07
1.0,200.0,0.10358720676445314,1246069050.3322842,505.2932887603531,8.979687487375998e-06,6.753117921105874e-08,6,1.9999387215347622,2.000002594832214,-5.497066981073565e-07
1.0,200.0,0.11374134705207334,1246069049.0532887,504.15448378741934,8.28775485965047e-06,6.784680311835844e-08,6,1.9999387216932054,2.000002600284194,-5.494108563106409e-07
1.0,200.0,0.12489084736726071,1246069047.527171,502.7811108784497,7.343609370869085e-06,6.823316270817649e-08,6,1.9999387218793676,2.0000026069004426,-5.490544802804925e-07
1.0,200.0,0.1371332779184638,1246069045.7016253,501.1225566197219,6.1792932662890654e-06,6.871229948508265e-08,6,1.9999387220978408,2.000002614939628,-5.486253259504884e-07
1.0,200.0,0.15057577323790639,1246069043.5358434,499.1235775362101,4.8671682107894e-06,6.929853719418781e-08,6,1.999938722350312,2.0000026247235008,-5.481088216681363e-07
1.0,200.0,0.1653359697248269,1246069040.961727,496.7094099465138,3.519222283370977e-06,7.003027097167044e-08,6,1.9999387226422736,2.0000026366516668,-5.474875270509565e-07
1.0,200.0,0.18154303509143294,1246069037.912893,493.795976285017,2.274254803032696e-06,7.094150245467148e-08,6,1.999938722976213,2.000002651225731,-5.467406610546154e-07
1.0,200.0,0.19933879872033844,1246069034.309019,490.2771452475044,1.2650968460636316e-06,7.208922999290854e-08,6,1.999938723355028,2.0000026690790755,-5.458436222166955e-07
1.0,200.0,0.21887899282533668,1245958491.1009233,483.2239078212805,8.867782809316703e-05,8.557454993673979e-08,6,1.9999407675177427,2.000002077898474,-5.181902467452169e-07
1.0,200.0,0.24033461527700972,1245958456.966272,479.4163101492664,5.0195904594953614e-05,8.149195085434524e-08,6,1.999940770663104,2.0000021041658385,-5.169534540832266e-07
1.0,200.0,0.26389342601937477,1245958430.1455774,474.1985175774225,2.225204521733762e-05,7.930122401880163e-08,6,1.9999407729929406,2.000002137180509,-5.154941187940335e-07
1.0,200.0,0.2897615901728365,1245853855.2612014,464.19823500700454,5.219140616052131e-05,9.426822487903028e-08,5,1.9999420646918489,2.0000017916940704,-4.976207528350939e-07
1.0,200.0,0.318165482202374,1245853796.9747283,457.14358362935195,1.4117081204994764e-05,8.818738663380198e-08,5,1.9999420688676275,2.0000018432192577,-4.956502226874524e-07
1.0,200.0,0.34935366693939,1245853757.335735,447.43334935836396,1.8959048113139616e-06,8.667565275108447e-08,5,1.9999420714263099,2.00000190936285,-4.93349060198336e-07
1.0,200.0,0.3835990747933107,1245853723.4498045,435.1200858124148,9.759587876308132e-08,8.7943168113085e-08,5,1.999942073346683,2.0000019946233403,-4.906551737663938e-07
1.0,200.0,0.4212013901883932,1245853691.554504,419.85141447871234,9.778307206539201e-08,9.200776579464465e-08,5,1.9999420748888161,2.0000021059358604,-4.875187122467869e-07
1.0,200.0,0.4624896741271517,1245853659.649113,401.10928737409466,9.92850331886084e-08,9.963961805014905e-08,5,1.99994207616598,2.000002253935455,-4.839049310997599e-07
1.0,200.0,0.5078252438306721,1245853625.9944587,378.23019483234293,9.854941444991687e-08,1.1251966574284754e-07,5,1.9999420772459655,2.000002455554406,-4.798061683830785e-07
1.0,200.0,0.5576048346557921,1245853583.2252934,346.3920640010934,9.886674378057331e-08,1.3766786268357778e-07,5,1.9999420782905883,2.0000027393955278,-4.7509466266695747e-07
1.0,200.0,0.6122640719593427,1245818049.3382704,289.6329853495183,9.838298648151482e-08,2.5452012611061214e-07,5,1.9999425849371002,2.0000030357389376,-4.6279928057190126e-07
1.0,200.0,0.6722812832920282,1104891821.1605487,249.42819909395956,9.955041987317011e-08,3.209306673982623e-07,3,2.0,2.0,0.0
1.0,200.0,0.7381816842827723,1103723732.115098,202.0001004355353,9.79806585351184e-08,4.363455115470952e-07,3,2.0,2.0,0.0
1.0,200.0,0.810541974844553,1101791777.217201,152.71431153841067,9.240792221681582e-08,6.64959886955662e-07,3,2.0,2.0,0.0
1.0,200.0,0.8899953859235032,1089634339.9585416,259.54009243127547,0.7721735054498654,2.3607788310334352e-06,3,2.0,2.0,0.0
1.0,200.0,0.9772372209558107,1038638677.3138075,530.9066255942383,0.977368270863878,3.32481372711978e-05,2,2.0,2.0,0.0
1.0,250.0,0.01,1246196359.5424306,634.4492555213996,0.00028983624385177885,5.3267815221932666e-08,6,1.999934463205854,2.0000033812610756,-6.48587642416812e-07
1.0,250.0,0.010980250419408422,1246196359.418271,634.4439198934609,0.0003180997765771473,5.3256245729519506e-08,6,1.999934463311802,2.0000033812580726,-6.485824667609909e-07
1.0,250.0,0.012056589927291887,1246196359.2759564,634.436908191457,0.00034908344105047005,5.3243200981076136e-08,6,1.9999344634332419,2.00000338125628,-6.48576323154453e-07
1.0,250.0,0.013238437660578209,1246196359.1124938,634.4278181584833,0.0003830370470744514,5.322846737838457e-08,6,1.9999344635727279,2.0000033812562528,-6.485690221616586e-07
1.0,250.0,0.01453613606748761,1246196358.9243526,634.4161589747964,0.00042022935137819015,5.321179645528734e-08,6,1.9999344637332723,2.000003381258511,-6.485603363765137e-07
1.0,250.0,0.01596104141516088,1246196358.7073646,634.401332359913,0.00046094811114649054,5.3192898752766153e-08,6,1.9999344639184327,2.000003381263735,-6.485499927328e-07
1.0,250.0,0.017525623169301542,1246196358.4696186,634.3827379194727,0.000505484306113462,5.316787067601734e-08,6,1.9999344641195902,2.00000338127671,-6.485379294224791e-07
1.0,250.0,0.01924357311551172,1246196358.1949418,634.3581094229683,0.0005541809793079725,5.314571171419447e-08,6,1.9999344643509531,2.000003381295724,-6.485234767860236e-07
1.0,250.0,0.02112992517725142,1246196357.876278,634.3274405346085,0.0006073681916026709,5.312049401760569e-08,6,1.9999344646193669,2.0000033813218256,-6.485062117776634e-07
1.0,250.0,0.023201186978958357,1246196357.5058966,634.2893903365451,0.0006653935968673524,5.309173924331599e-08,6,1.9999344649313429,2.0000033813568368,-6.484855723449205e-07
1.0,250.0,0.02547548430564807,1246196357.0746353,634.2423318619466,0.0007286090629900465,5.305888603334629e-08,6,1.9999344652945985,2.000003381402988,-6.484608825889509e-07
1.0,250.0,0.0279727197231725,1246196356.5716305,634.184292182976,0.0007973616112289389,5.302127442590262e-08,6,1.9999344657182845,2.000003381463005,-6.4843132954475e-07
1.0,250.0,0.030714746747235906,1246196355.9839973,634.1128799383285,0.0008719805499376531,5.297812750587413e-08,6,1.9999344662132539,2.000003381540271,-6.483959351841276e-07
1.0,250.0,0.03372556108533605,1246196355.2964542,634.0251986745603,0.0009527595780207633,5.292852753818178e-08,6,1.9999344667923784,2.0000033816389275,-6.483535227001234e-07
1.0,250.0,0.03703151062520455,1246196354.503227,633.9175699435002,0.0010398993995560518,5.2868399116157816e-08,6,1.9999344674582284,2.0000033817679017,-6.483029364245193e-07
1.0,250.0,0.04066152600737297,1246196353.6006632,633.782981320185,0.001133549899091147,5.280858098390023e-08,6,1.9999344682083526,2.000003381939675,-6.482426704877808e-07
1.0,250.0,0.044647373799624364,1246196352.5404875,633.618693427855,0.0012337182818071167,5.273948747136819e-08,6,1.9999344690894683,2.0000033821544405,-6.481703471860358e-07
1.0,250.0,0.049023934488881024,1246196351.2938223,633.4184026433996,0.001340207883539646,5.265949143422953e-08,6,1.9999344701255763,2.000003382422241,-6.4808353013475e-07
1.0,250.0,0.05382950772325868,1246196349.8751512,633.1712568273663,0.001452440974041359,5.256961293342592e-08,6,1.999934471292835,2.0000033827711405,-6.479801294932633e-07
1.0,250.0,0.059106147475486,1246196348.2223914,632.8688072368225,0.0015696570345609699,5.247284252971161e-08,6,1.999934472647435,2.000003383209676,-6.478561227224446e-07
1.0,250.0,0.06490003006073211,1246196346.3119178,632.498641094764,0.0016904109660904438,5.2362078341568816e-08,6,1.999934474203267,2.0000033837647195,-6.4770776344461e-07
1.0,250.0,0.07126185822939729,1246196344.1102896,632.0452519814976,0.0018127384945202532,5.224496027516338e-08,6,1.999934475981805,2.00000338446759,-6.47530159798146e-07
1.0,250.0,0.07824730487111635,1246196341.5964544,631.4888014546059,0.0019336419774761719,5.2117492144572226e-08,6,1.999934477989788,2.000003385362573,-6.473179392588608e-07
1.0,250.0,0.08591750021286539,1246196338.7129424,630.8078879375227,0.0020492608309408663,5.19822765717362e-08,6,1.999934480270105,2.0000033864937357,-6.470639333967697e-07
1.0,250.0,0.09433956677468387,1246196335.4287307,629.9740133158392,0.0021543486023889355,5.18433708829555e-08,6,1.9999344828319225,2.000003387928286,-6.467600453729396e-07
1.0,250.0,0.10358720676445314,1246196331.691394,628.9540576525117,0.0022422010041973383,5.170252086421265e-08,6,1.9999344856988346,2.000003389745933,-6.463962982267807e-07
1.0,250.0,0.11374134705207334,1246196327.474918,627.705207235229,0.002304439698545845,5.156856313335837e-08,6,1.999934488871473,2.0000033920547913,-6.459611128510694e-07
1.0,250.0,0.12489084736726071,1246196322.7052774,626.1783157436538,0.0023310882048382126,5.144378392957823e-08,6,1.9999344923829272,2.0000033949805793,-6.454396380246001e-07
1.0,250.0,0.1371332779184638,1246196317.3924687,624.3100066209289,0.0023109277168533123,5.135005089972284e-08,6,1.9999344961786862,2.0000033987116583,-6.448152815271637e-07
1.0,250.0,0.15057577323790639,1246196311.443182,622.0272822882412,0.0022323460209431384,5.12930123885882e-08,6,1.99993450029435,2.0000034034571086,-6.440661258081872e-07
1.0,250.0,0.1653359697248269,1246196304.8292987,619.2402861645102,0.0020851940126576088,5.129601816199964e-08,6,1.9999345046937775,2.00000340951229,-6.431663681913679e-07
1.0,250.0,0.18154303509143294,1246196297.5137527,615.8360832476665,0.0018634454653863382,5.1390260268785354e-08,6,1.9999345093275,2.0000034172653054,-6.420842535259859e-07
1.0,250.0,0.19933879872033844,1246196289.4239848,611.6878064436852,0.0015698124024613738,5.160607602966039e-08,6,1.9999345141668365,2.000003427221582,-6.407797417535179e-07
1.0,250.0,0.21887899282533668,1246196280.5221114,606.6322072173058,0.0012201889859460595,5.199691591515384e-08,6,1.9999345191355982,2.000003440075274,-6.392033422702377e-07
1.0,250.0,0.24033461527700972,1246196270.7553918,600.4790558272426,0.0008478396694325361,5.2629503334223464e-08,6,1.9999345241398123,2.000003456773163,-6.372925260567893e-07
1.0,250.0,0.26389342601937477,1246196260.0882607,592.990301027011,0.0005016758082626681,5.360352962185405e-08,6,1.9999345290747181,2.000003478614881,-6.349676267500731e-07
1.0,250.0,0.2897615901728365,1246069218.2149029,581.7831902502586,0.016233927835104037,6.30377824363841e-08,6,1.9999386807115014,2.0000022632898555,-5.731331630594497e-07
1.0,250.0,0.318165482202374,1246069168.1697886,572.4115052676259,0.011547832395644117,5.9522514767303755e-08,6,1.9999386962331,2.000002298082943,-5.698457344666727e-07
1.0,250.0,0.34935366693939,1246069134.1170483,559.881676718946,0.006504902637094109,5.892669636413178e-08,6,1.9999387055752924,2.000002347018405,-5.659154039520322e-07
1.0,250.0,0.3835990747933107,1246069103.8587003,544.3252517521651,0.0025121286504736916,5.99481102629313e-08,6,1.9999387126070876,2.000002412577449,-5.611427130979743e-07
1.0,250.0,0.4212013901883932,1246069074.885915,525.223720846548,0.0004905783982182936,6.286322969983435e-08,6,1.9999387180074122,2.000002498599574,-5.55451725014995e-07
1.0,250.0,0.4624896741271517,1246069046.459906,501.8215592589798,2.500216513775378e-05,6.850909356477804e-08,6,1.9999387220074223,2.0000026104718622,-5.489179129512652e-07
1.0,250.0,0.5078252438306721,1245958424.834351,472.90936311841983,4.109905913226648e-05,7.897878838173285e-08,6,1.999940773434904,2.00000214515926,-5.151574417604797e-07
1.0,250.0,0.5576048346557921,1245853733.6982572,439.25990016049667,6.583894667061024e-07,8.726687364266473e-08,5,1.9999420727953245,2.0000019655959536,-4.915411912817019e-07
1.0,250.0,0.6122640719593427,1245853655.7039084,398.57551990948207,9.922986607867218e-08,1.0087670413861403e-07,5,1.9999420763061524,2.000002275043731,-4.834353084824953e-07
1.0,250.0,0.6722812832920282,1245853579.0067823,343.18378569545274,9.820047036434145e-08,1.4073799231386078e-07,5,1.9999420783773236,2.0000027654071504,-4.746853657299882e-07
1.0,250.0,0.7381816842827723,1105109307.1416347,260.0821178817541,9.779970955100717e-08,3.03592714623694e-07,3,2.0,2.0,0.0
1.0,250.0,0.810541974844553,1103341926.3250585,189.96906967510873,9.187118548978498e-08,4.819642606113092e-07,3,2.0,2.0,0.0
1.0,250.0,0.8899953859235032,1093507208.5606182,323.2752208320268,0.7712396449723943,1.7348672726254853e-06,3,2.0,2.0,0.0
1.0,250.0,0.9772372209558107,1052076685.6297237,626.4452334490593,0.976026071277209,3.7304055133249497e-06,3,2.0,2.0,0.0
1.0,300.0,0.01,1246588965.9633894,761.2625795380286,2.0845388069116783e-05,3.888817040089856e-08,6,1.9999016643822352,2.0000129364937065,-1.2164730527316872e-06
1.0,300.0,0.010980250419408422,1246588965.9142804,761.2493575158954,2.2865833233129346e-05,3.888670933546977e-08,6,1.999901664791956,2.0000129363975634,-1.2164583294697656e-06
1.0,300.0,0.012056589927291887,1246588965.8555028,761.2333749565271,2.5076924669778536e-05,3.8884982615336364e-08,6,1.9999016652823427,2.0000129362827175,-1.216440638299087e-06
1.0,300.0,0.013238437660578209,1246588965.7851129,761.2140602324095,2.749496529319992e-05,3.888293884853851e-08,6,1.999901665869613,2.0000129361454593,-1.2164193750374217e-06
1.0,300.0,0.01453613606748761,1246588965.700772,761.1907238643436,3.0137092778787335e-05,3.88805162954516e-08,6,1.999901666573276,2.0000129359812617,-1.2163938119581745e-06
1.0,300.0,0.01596104141516088,1246588965.599667,761.1625343036927,3.3021119776767546e-05,3.887764071345234e-08,6,1.9999016674168042,2.0000129357847674,-1.2163630724891583e-06
1.0,300.0,0.017525623169301542,1246588965.4784129,761.1284887703622,3.61652835688208e-05,3.887422272224626e-08,6,1.9999016684284392,2.000012935549417,-1.2163261007156648e-06
1.0,300.0,0.01924357311551172,1246588965.3329365,761.0873781041142,3.958787406140026e-05,3.887015461494435e-08,6,1.9999016696421619,2.0000129352674656,-1.2162816248730696e-06
1.0,300.0,0.02112992517725142,1246588965.1598032,761.0367878121431,4.330560400092459e-05,3.8864282025728606e-08,6,1.9999016710704907,2.000012934937984,-1.216229098583511e-06
1.0,300.0,0.023201186978958357,1246588964.9575438,760.9761191665802,4.733673261995959e-05,3.885934586657333e-08,6,1.9999016727236774,2.0000129345613415,-1.2161663391585344e-06
1.0,300.0,0.02547548430564807,1246588964.7146463,760.9028998516524,5.1694826119440315e-05,3.885345357624244e-08,6,1.9999016747090244,2.000012934109587,-1.2160908023552289e-06
1.0,300.0,0.0279727197231725,1246588964.4228728,760.8145461533805,5.6390513574271625e-05,3.8846409558251924e-08,6,1.9999016770938647,2.0000129335674526,-1.2159998762476022e-06
1.0,300.0,0.030714746747235906,1246588964.0723114,760.7079451448716,6.142892127715201e-05,3.8837975698832445e-08,6,1.999901679959213,2.0000129329166616,-1.2158904145831538e-06
1.0,300.0,0.03372556108533605,1246588963.6510367,760.579346488365,6.680724921432561e-05,3.882786132310782e-08,6,1.9999016834025436,2.0000129321351765,-1.2157586282835658e-06
1.0,300.0,0.03703151062520455,1246588963.1447084,760.4242351870085,7.251161109356132e-05,3.88157105068288e-08,6,1.999901687541069,2.000012931196642,-1.2155999503907116e-06
1.0,300.0,0.04066152600737297,1246588962.536081,760.2371766585185,7.851305773464137e-05,3.8801085581475295e-08,6,1.9999016925157451,2.0000129300691114,-1.2154088857140329e-06
1.0,300.0,0.044647373799624364,1246588961.806109,760.0103691254374,8.476016802744853e-05,3.878275792799559e-08,6,1.9999016984643587,2.0000129287238244,-1.215179829461107e-06
1.0,300.0,0.049023934488881024,1246588960.9613287,759.7348221330215,9.117834370934804e-05,3.876575835565465e-08,6,1.9999017052234065,2.000012927224906,-1.2149100973816024e-06
1.0,300.0,0.05382950772325868,1246588959.9456275,759.402718272592,9.765877888158224e-05,3.874512269713547e-08,6,1.999901713349986,2.0000129254232166,-1.2145852675445022e-06
1.0,300.0,0.059106147475486,1246588958.7244146,759.0025474500375,0.00010405007007478428,3.871998238520489e-08,6,1.999901723120854,2.0000129232572155,-1.2141940577801179e-06
1.0,300.0,0.06490003006073211,1246588957.2887213,758.5156044942622,0.00011014195753127373,3.8692560035070486e-08,6,1.9999017343812364,2.000012920799119,-1.2137316706071028e-06
1.0,300.0,0.07126185822939729,1246588955.5698085,757.9299384300845,0.0001156793907819392,3.8660539183853054e-08,6,1.9999017478377519,2.0000129178676036,-1.2131756542877475e-06
1.0,300.0,0.07824730487111635,1246588953.563179,757.216811467206,0.00012031739600535864,3.8627828358412395e-08,6,1.9999017632380223,2.000012914574852,-1.2125196190402164e-06
1.0,300.0,0.08591750021286539,1246588951.1923108,756.3541465958581,0.00012365826424185318,3.859236196049387e-08,6,1.9999017812256976,2.0000129107711127,-1.2117383401499993e-06
1.0,300.0,0.09433956677468387,1246588948.415735,755.308403458482,0.0001252299116021173,3.8556897009740015e-08,6,1.9999018019051027,2.000012906476298,-1.2108132720763632e-06
1.0,300.0,0.10358720676445314,1246588945.16855,754.0408713377244,0.0001245180798232922,3.852263155315167e-08,6,1.999901825520502,2.0000129016777106,-1.2097201965897378e-06
1.0,300.0,0.11374134705207334,1246588941.3802328,752.5044371860854,0.00012100692214115815,3.8492081389286325e-08,6,1.9999018523147571,2.0000128963737294,-1.2084306123713958e-06
1.0,300.0,0.12489084736726071,1246588937.0250025,750.6368405707134,0.00011424917254780807,3.847500975607649e-08,6,1.9999018821695422,2.0000128906833057,-1.2069169567863684e-06
1.0,300.0,0.1371332779184638,1246588932.0103474,748.366033512486,0.00010398855759947917,3.847637133031031e-08,6,1.9999019151380963,2.0000128846886285,-1.2051432259365437e-06
1.0,300.0,0.15057577323790639,1246588926.2647216,745.6079328343734,9.031379230466361e-05,3.8505778175880816e-08,6,1.999901951163761,2.0000128785212117,-1.2030671555574908e-06
1.0,300.0,0.1653359697248269,1246588919.8027513,742.2477690984213,7.380569988745809e-05,3.8587878939231354e-08,6,1.9999019893909469,2.0000128725726363,-1.2006512681686454e-06
1.0,300.0,0.18154303509143294,1246460155.6733332,731.194847661701,0.001817587055824792,4.8816060831421744e-08,6,1.9999169734888471,2.0000083839007945,-9.581421949780435e-07
1.0,300.0,0.19933879872033844,1246460102.1101577,728.9858015357247,0.00159444498063651,4.495647112447234e-08,6,1.9999172174358697,2.0000083185097863,-9.519981728463203e-07
1.0,300.0,0.21887899282533668,1246460073.1837397,724.1586086763502,0.0012645649673053976,4.351749333815987e-08,6,1.9999173398081145,2.0000082910698005,-9.474646948439864e-07
1.0,300.0,0.24033461527700972,1246460048.6406126,717.6988935658816,0.0008943954590279947,4.271078691775743e-08,6,1.9999174335676082,2.00000827401904,-9.42893115449627e-07
1.0,300.0,0.26389342601937477,1246460025.7689118,709.4880687790819,0.0005391729782989492,4.235785089753763e-08,6,1.9999175101357438,2.0000082644019326,-9.379829218985652e-07
1.0,300.0,0.2897615901728365,1246460003.7336533,699.2310050576604,0.00025705428190060046,4.248430586957363e-08,6,1.9999175726974723,2.0000082619997075,-9.325481671107836e-07
1.0,300.0,0.318165482202374,1246328211.5400398,683.8374682356682,0.004964741867517118,4.8064523284797806e-08,6,1.9999277684886991,2.00000522388621,-7.693154009783739e-07
1.0,300.0,0.34935366693939,1246328162.337739,669.7456428633014,0.002346629496158839,4.651628897363207e-08,6,1.9999278519652453,2.0000052259974646,-7.626346370198855e-07
1.0,300.0,0.3835990747933107,1246196374.7415972,650.7218436028013,0.021407234453980514,5.1131856827399946e-08,6,1.9999344499903928,2.000003284386098,-6.570718032579375e-07
1.0,300.0,0.4212013901883932,1246196317.308089,628.5616190176775,0.009107380471224443,5.042806225620899e-08,6,1.9999344962383276,2.0000033270467847,-6.494416499963795e-07
1.0,300.0,0.4624896741271517,1246069223.2168567,602.5040815343374,0.049605577745741,5.828479637268383e-08,6,1.9999386790897131,2.0000021604031057,-5.805611772879173e-07
1.0,300.0,0.5078252438306721,1246069144.0622516,568.2278459108053,0.015242971944070531,5.778448699878682e-08,6,1.9999387029867415,2.0000022905251567,-5.699753132143634e-07
1.0,300.0,0.5576048346557921,1246069078.2986915,527.9297574072328,0.0010435081019809843,6.232883174626959e-08,6,1.9999387174415488,2.000002477082761,-5.570339741210891e-07
1.0,300.0,0.6122640719593427,1245958444.7595792,477.38391810498933,0.0001806619755170471,8.032826164657638e-08,6,1.9999407717424078,2.0000021167410567,-5.164266201833147e-07
1.0,300.0,0.6722812832920282,1245853690.707821,419.39676087700866,9.817796196973862e-08,9.215913577559309e-08,5,1.9999420749260461,2.0000021093728177,-4.874280209794695e-07
1.0,300.0,0.7381816842827723,1245853575.4727423,340.4939748508174,9.960189724437408e-08,1.4340371584280234e-07,5,1.9999420784480362,2.0000027819544695,-4.744804978446825e-07
1.0,300.0,0.810541974844553,1104505078.8769228,231.69089589863233,9.834322478935924e-08,3.575044998243207e-07,3,2.0,2.0,0.0
1.0,300.0,0.8899953859235032,1096233669.6191778,367.2745604298849,0.7569843923986691,1.3939872277304266e-06,3,2.0,2.0,0.0
1.0,300.0,0.9772372209558107,1054991376.0218242,712.0540900954542,0.9746955258994897,2.6606540878335374e-06,3,2.0,2.0,0.0
1.0,350.0,0.01,1247049019.8427095,884.6426420962971,3.390551424684615e-07,3.2619664018681724e-08,6,1.99968790950107,2.000076875285373,-5.045922089831515e-06
1.0,350.0,0.010980250419408422,1247049019.8052163,884.6252588254575,3.7164735045176216e-07,3.262039261148916e-08,6,1.9996879136757169,2.0000768740823722,-5.045816063061973e-06
1.0,350.0,0.012056589927291887,1247049019.7600186,884.604300666842,4.072273963197187e-07,3.262127095189689e-08,6,1.9996879187082135,2.000076872632172,-5.045688244783476e-06
1.0,350.0,0.013238437660578209,1247049019.7055328,884.5790326672983,4.4602197764764424e-07,3.262232972220287e-08,6,1.9996879247748813,2.0000768708839622,-5.045534155732641e-06
1.0,350.0,0.01453613606748761,1247049019.63985,884.5485688576565,4.882590867986692e-07,3.262360585600361e-08,6,1.9996879320882783,2.0000768687764423,-5.045348396144095e-06
1.0,350.0,0.01596104141516088,1247049019.5575106,884.5119849317015,5.341620727718093e-07,3.262456938958471e-08,6,1.9996879411973043,2.0000768661480066,-5.045119560130379e-06
1.0,350.0,0.017525623169301542,1247049019.457563,884.4681286731359,5.839414337500869e-07,3.262550861454995e-08,6,1.999687952234001,2.0000768629626364,-5.04484223184885e-06
1.0,350.0,0.01924357311551172,1247049019.3370745,884.4152566867234,6.377790046352447e-07,3.2626638990137664e-08,6,1.9996879655389006,2.0000768591225393,-5.044507905100134e-06
1.0,350.0,0.02112992517725142,1247049019.1918242,884.351516969387,6.958152616040189e-07,3.262799875158487e-08,6,1.9996879815781279,2.0000768544932446,-5.044104866964066e-06
1.0,350.0,0.023201186978958357,1247049019.0167236,884.2746775212222,7.581262057413343e-07,3.262963350306023e-08,6,1.9996880009135605,2.0000768489123466,-5.043619000352208e-06
1.0,350.0,0.02547548430564807,1247049018.80564,884.182048914809,8.246946742756028e-07,3.263159749376651e-08,6,1.9996880242224153,2.0000768421843764,-5.043033292731083e-06
1.0,350.0,0.0279727197231725,1247049018.4648995,884.0787898157934,8.954430692455253e-07,3.2630386908377494e-08,6,1.9996880616488881,2.0000768312751704,-5.042158715200507e-06
1.0,350.0,0.030714746747235906,1247049018.0432072,883.9555002266635,9.700151931549534e-07,3.262849532594658e-08,6,1.999688107947608,2.000076817769292,-5.0410826466387076e-06
1.0,350.0,0.03372556108533605,1247049017.7536807,883.7847213359271,1.047633791232103e-06,3.2642714988492576e-08,6,1.9996881394819974,2.0000768087707725,-5.0402255706203295e-06
1.0,350.0,0.03703151062520455,1247049017.502532,883.5698361285043,1.1274798555505245e-06,3.2666713094722214e-08,6,1.9996881666398756,2.000076801179047,-5.039388771185809e-06
1.0,350.0,0.04066152600737297,1247049017.1997201,883.3108029868623,1.2083433286196476e-06,3.269565567328011e-08,6,1.9996881993843318,2.0000767920238873,-5.038379982408089e-06
1.0,350.0,0.044647373799624364,1247049016.8210886,882.9992646446485,1.2884616710528098e-06,3.272597074072762e-08,6,1.9996882398809115,2.000076780678057,-5.0371458901293265e-06
1.0,350.0,0.049023934488881024,1247049016.3603175,882.6246396488264,1.3654724182884793e-06,3.276049623612817e-08,6,1.9996882890035967,2.0000767669060244,-5.0356525371561726e-06
1.0,350.0,0.05382950772325868,1247049015.200249,882.2320943582328,1.437101065568129e-06,3.2760674264359334e-08,6,1.999688411840457,2.0000767312128986,-5.032701945116784e-06
1.0,350.0,0.059106147475486,1247049014.4109213,881.6990233159123,1.4981112548802062e-06,3.2805382328121444e-08,6,1.9996884943327022,2.000076707853785,-5.030332624148083e-06
1.0,350.0,0.06490003006073211,1246942184.745966,878.4454241227049,5.063288937572083e-05,3.4929668774069015e-08,6,1.999776381467242,2.0000503433766474,-3.471293783833342e-06
1.0,350.0,0.07126185822939729,1246942179.0686996,878.0301673195061,5.3060774660406545e-05,3.46774036734458e-08,6,1.9997769287596203,2.000050181178615,-3.46040913019332e-06
1.0,350.0,0.07824730487111635,1246942174.3629644,877.354614020774,5.494074933877228e-05,3.452977555873027e-08,6,1.999777375307762,2.0000500495903553,-3.451182026428129e-06
1.0,350.0,0.08591750021286539,1246942169.7191489,876.4534148666708,5.610890255522832e-05,3.442979161882347e-08,6,1.9997778083820785,2.0000499225003745,-3.441974556440989e-06
1.0,350.0,0.09433956677468387,1246942164.6173482,875.3293091406847,5.6362382714011185e-05,3.4339058980425674e-08,6,1.999778272588456,2.0000497866063642,-3.4319396469452466e-06
1.0,350.0,0.10358720676445314,1246942156.6241775,874.1533066386289,5.5586680956042746e-05,3.406483750607317e-08,6,1.9997789806247401,2.0000495781888237,-3.417177359111521e-06
1.0,350.0,0.11374134705207334,1246942150.5187404,872.4267815959761,5.3316229004704084e-05,3.401355577654506e-08,6,1.999779505599806,2.0000494254148005,-3.40534403954768e-06
1.0,350.0,0.12489084736726071,1246942142.7831397,870.3929583437648,4.956038832902228e-05,3.390729348998134e-08,6,1.999780145701468,2.0000492389363265,-3.3909747211028454e-06
1.0,350.0,0.1371332779184638,1246942134.2731478,867.8814803928525,4.422634585742333e-05,3.383265508487677e-08,6,1.99978081630705,2.0000490442542183,-3.3755085857693543e-06
1.0,350.0,0.15057577323790639,1246942125.2546923,864.7500639878449,3.744305327855961e-05,3.3836871284779216e-08,6,1.9997814820968831,2.0000488520794053,-3.3594696363296425e-06
1.0,350.0,0.1653359697248269,1246942114.6816492,860.9668834078241,2.9641024897991447e-05,3.3852012134446676e-08,6,1.99978220719736,2.000048643282244,-3.341579518930845e-06
1.0,350.0,0.18154303509143294,1246942098.7830057,856.7564910156627,2.1556791303314298e-05,3.351863351807764e-08,6,1.999783197650961,2.000048356140598,-3.3180251898173284e-06
1.0,350.0,0.19933879872033844,1246830733.325596,848.0627302824525,0.0003454715647159587,3.638292658551057e-08,6,1.999837531306017,2.000032067357957,-2.36683207625988e-06
1.0,350.0,0.21887899282533668,1246830704.6993964,842.1062522139244,0.0002442249545057224,3.5727699806316054e-08,6,1.999838870525843,2.0000316782333214,-2.336584841290624e-06
1.0,350.0,0.24033461527700972,1246830681.0527434,834.0797800138448,0.00014835990570095969,3.5762820007194456e-08,6,1.9998398132568125,2.0000314093202096,-2.3122229210791083e-06
1.0,350.0,0.26389342601937477,1246830650.7607958,824.7492623152399,7.353930225367054e-05,3.541935384772591e-08,6,1.9998408225027073,2.0000311215749935,-2.2852988132928597e-06
1.0,350.0,0.2897615901728365,1246712896.5562103,811.7545154705062,0.0007714650612305704,3.655731091717275e-08,6,1.99987692590116,2.000020306483893,-1.6613327559710852e-06
1.0,350.0,0.318165482202374,1246712851.029995,798.6046224499621,0.00032062260795824306,3.5397942454404514e-08,6,1.999877845323436,2.0000200472381593,-1.635270134677179e-06
1.0,350.0,0.34935366693939,1246589050.9502769,775.3784594137231,0.002151402721962576,4.2869271619306705e-08,6,1.9999008279333936,2.0000131695937653,-1.2428340810640857e-06
1.0,350.0,0.3835990747933107,1246588954.6300454,758.0018929215278,0.0006507654546935127,3.858688457405791e-08,6,1.999901755071915,2.000012909665587,-1.2155890685588253e-06
1.0,350.0,0.4212013901883932,1246460092.752598,729.1429307462881,0.0034389982818588353,4.419301211289428e-08,6,1.9999172581491904,2.0000082801825587,-9.53388359121075e-07
1.0,350.0,0.4624896741271517,1246069186.6515663,755.1929492737876,0.2464401918752067,4.368813143813722e-08,6,1.9999386906860432,2.000001857189907,-6.086004063678186e-07
1.0,350.0,0.5078252438306721,1246069151.5957341,694.6979726557582,0.19134688374111078,4.463310389841113e-08,6,1.9999387009432348,2.0000019276496066,-5.985843186308544e-07
1.0,350.0,0.5576048346557921,1246069164.356891,624.4878228814675,0.09530125246474282,4.9446193376887796e-08,6,1.9999386973415503,2.000002059401373,-5.861595548237401e-07
1.0,350.0,0.6122640719593427,1246069120.5399692,558.9162424009869,0.0143172274151765,5.768521325139098e-08,6,1.9999387088965055,2.0000022891458866,-5.694502040099386e-07
1.0,350.0,0.6722812832920282,1245958528.545513,485.26163393160164,0.0011966375779581314,9.076221282966323e-08,6,1.999940763942376,2.0000020554825606,-5.196530109798503e-07
1.0,350.0,0.7381816842827723,1245853667.6984477,406.1444354798205,9.89493180501722e-08,9.73244445050112e-08,5,1.9999420758682622,2.000002212805637,-4.848522858329535e-07
1.0,350.0,0.810541974844553,1245811437.052647,281.59176203960004,9.812197488511505e-08,1.6950651627695352e-07,5,1.9999426669963623,2.00000321548554,-4.5882954512389014e-07
1.0,350.0,0.8899953859235032,1098230998.3726137,402.94925178019935,0.7394331139924754,1.1464945493613531e-06,3,2.0,2.0,0.0
1.0,350.0,0.9772372209558107,1057588868.0562891,771.264548568423,0.9727597618656995,2.1564261319972685e-06,3,2.0,2.0,0.0
1.0,400.0,0.01,1247443085.5762014,1008.6872579286442,9.982845390033348e-08,2.6828559216416597e-08,6,1.9968019709298885,2.000942526452006,-6.043272063764301e-05
1.0,400.0,0.010980250419408422,1247443085.5539975,1008.666327121192,9.975394661779248e-08,2.6830443609999547e-08,6,1.9968020193485259,2.000942512041303,-6.0431454030674675e-05
1.0,400.0,0.012056589927291887,1247443085.5272272,1008.6410923609144,9.997782977260963e-08,2.6832715437891325e-08,6,1.9968020777248798,2.000942494666812,-6.042992695713182e-05
1.0,400.0,0.013238437660578209,1247443085.4949515,1008.6106687744164,9.992412099803911e-08,2.6835454323599327e-08,6,1.9968021481063316,2.0009424737192036,-6.0428085869767106e-05
1.0,400.0,0.01453613606748761,1247443085.460369,1008.5733280890129,9.981918569818502e-08,2.6838916019370068e-08,6,1.996802223415195,2.0009424513276626,-6.042605141860992e-05
1.0,400.0,0.01596104141516088,1247443085.4427526,1008.5260168175627,9.990999943290022e-08,2.6843229225598677e-08,6,1.996802261165866,2.000942440244771,-6.042462419481902e-05
1.0,400.0,0.017525623169301542,1247443085.421512,1008.4689762567143,9.997796967981177e-08,2.6848430184196583e-08,6,1.9968023066828886,2.0009424268816045,-6.0422903473343846e-05
1.0,400.0,0.01924357311551172,1247443085.395902,1008.400205784524,9.981926263593897e-08,2.685470170494797e-08,6,1.996802361562858,2.0009424107693294,-6.0420828940580675e-05
1.0,400.0,0.02112992517725142,1247443085.3650234,1008.3172934922534,9.97877879993521e-08,2.6862264416668636e-08,6,1.9968024277329295,2.0009423913419924,-6.041832785090535e-05
1.0,400.0,0.023201186978958357,1247443085.3277915,1008.2173316487861,9.989849528324595e-08,2.6871384550674323e-08,6,1.9968025075177458,2.000942367916793,-6.041531249686608e-05
1.0,400.0,0.02547548430564807,1247443085.2828987,1008.0968148736146,9.990119969919134e-08,2.6882383299557948e-08,6,1.9968026037191404,2.0009423396706993,-6.041167718467566e-05
1.0,400.0,0.0279727197231725,1247443085.228768,1007.9515170222974,9.977470597529898e-08,2.689564834774225e-08,6,1.9968027197162759,2.0009423056110416,-6.0407294503298355e-05
1.0,400.0,0.030714746747235906,1247443085.104622,1007.7823917329908,9.979871218355268e-08,2.6908221694991896e-08,6,1.9968029840897057,2.0009422271888138,-6.039960350541831e-05
1.0,400.0,0.03372556108533605,1247443084.918856,1007.5822696958081,9.994805306883896e-08,2.6921637861143227e-08,6,1.9968033789585677,2.0009421097983764,-6.038885921564126e-05
1.0,400.0,0.03703151062520455,1247443084.6723223,1007.34345080029,9.985651963292264e-08,2.694279798082694e-08,6,1.996803899573282,2.0009419549006777,-6.0375046044185605e-05
1.0,400.0,0.04066152600737297,1247443084.5335855,1007.0387421733254,9.976517988341461e-08,2.69706831780397e-08,6,1.9968041886608079,2.000941869720319,-6.036494328634006e-05
1.0,400.0,0.044647373799624364,1247443084.3857996,1006.6695942957185,9.989718562313389e-08,2.70044778048201e-08,6,1.9968044955842135,2.0009417794994455,-6.035357019899618e-05
1.0,400.0,0.049023934488881024,1247443084.0356958,1006.2421562045778,9.983131784886126e-08,2.703732207466187e-08,6,1.9968052154363611,2.0009415657704404,-6.033310084939129e-05
1.0,400.0,0.05382950772325868,1247443083.7047734,1005.7173841481122,9.97402849960785e-08,2.7083172856321266e-08,6,1.9968058879772295,2.0009413666764524,-6.0312206680237006e-05
1.0,400.0,0.059106147475486,1247443083.0740724,1005.1087212578485,9.977676617612905e-08,2.712667329054267e-08,6,1.9968071519741184,2.0009409906709856,-6.0278269630943096e-05
1.0,400.0,0.06490003006073211,1247443082.6184697,1004.3431991925861,9.971722300279463e-08,2.7188180447200557e-08,6,1.996808045803041,2.000940726338719,-6.024954997509336e-05
1.0,400.0,0.07126185822939729,1247443081.9229155,1003.4352999164707,9.994571760709633e-08,2.7260714865530056e-08,6,1.9968093881728612,2.000940328180139,-6.020983437767764e-05
1.0,400.0,0.07824730487111635,1247348867.766882,1003.8578126915158,4.43722499689947e-07,2.5964573125535243e-08,6,1.9985792208136954,2.0004093838060566,-2.614203107963912e-05
1.0,400.0,0.08591750021286539,1247348864.076963,1002.827820959544,4.29772145389981e-07,2.5888158575132262e-08,6,1.9985861863017,2.000407300590891,-2.599887066526839e-05
1.0,400.0,0.09433956677468387,1247348860.8549714,1001.4469054144616,4.0437691010455525e-07,2.5879999030638476e-08,6,1.9985920792235177,2.0004055403230305,-2.5874469471500232e-05
1.0,400.0,0.10358720676445314,1247348857.6780908,999.7042441745693,3.672364972971056e-07,2.5913348798746584e-08,6,1.9985976509581003,2.0004038777685995,-2.5754006398692327e-05
1.0,400.0,0.11374134705207334,1247348854.0240743,997.5844986621022,3.192315236227311e-07,2.597156377029002e-08,6,1.9986037686934965,2.000402052962336,-2.5620495246860122e-05
1.0,400.0,0.12489084736726071,1247348850.4443147,994.9350707220995,2.625067972862642e-07,2.609814038589925e-08,6,1.9986094113015291,2.000400372437204,-2.5492895552689287e-05
1.0,400.0,0.1371332779184638,1247348846.2676399,991.7279479691874,2.01325203880456e-07,2.625363168747116e-08,6,1.9986155249346607,2.0003985525335435,-2.535251937599923e-05
1.0,400.0,0.15057577323790639,1247348841.5779893,987.8227548450681,1.412005457748891e-07,2.6470595692281063e-08,6,1.9986218167801029,2.000396681253521,-2.5204256996073146e-05
1.0,400.0,0.1653359697248269,1247348835.721355,983.1434618618605,9.982085904654015e-08,2.6730559968338032e-08,6,1.9986289463274878,2.000394560854044,-2.5034728076358356e-05
1.0,400.0,0.18154303509143294,1247348830.2597885,977.3157271209451,9.970913806789767e-08,2.7168039818629833e-08,6,1.9986347098390074,2.0003928524688326,-2.4884798547696105e-05
1.0,400.0,0.19933879872033844,1247348823.3142147,970.3267919051643,9.993665544375194e-08,2.768148905422806e-08,6,1.9986409860812722,2.000390992341106,-2.4717614479110892e-05
1.0,400.0,0.21887899282533668,1247251860.589563,961.5720961182151,2.6509570930552518e-06,2.836838863901088e-08,6,1.999225561474174,2.0002156442222985,-1.3716954627234416e-05
1.0,400.0,0.24033461527700972,1247251842.1693845,952.0806088904217,1.056762947602759e-06,2.867904883529146e-08,6,1.9992366854956043,2.0002123326880232,-1.346707388580372e-05
1.0,400.0,0.26389342601937477,1247251825.0128977,940.1407687853208,2.949994953617049e-07,2.943404653337934e-08,6,1.999244744799749,2.000209940841247,-1.3268241255707566e-05
1.0,400.0,0.2897615901728365,1247152038.679839,924.9713719940411,8.51409835074565e-06,3.0740903170405416e-08,6,1.999522087786861,2.0001267629062456,-8.130243208418997e-06
1.0,400.0,0.318165482202374,1247152006.7515707,907.9165772194297,1.5857686926308503e-06,3.1709393169528416e-08,6,1.9995295253760517,2.0001245540072934,-7.948984427088958e-06
1.0,400.0,0.34935366693939,1247049026.438902,887.5150845863448,1.6346524317997045e-05,3.253043376506778e-08,6,1.9996871511294292,2.0000772842425327,-5.065374515307114e-06
1.0,400.0,0.3835990747933107,1246942119.087159,862.5740833185552,8.180291121283349e-05,3.384468963451754e-08,6,1.999781913109166,2.000048867387868,-3.3493091231705768e-06
1.0,400.0,0.4212013901883932,1246830675.369255,832.3448117707735,0.00023271111739838038,3.5718222504508746e-08,6,1.9998400178022988,2.000031440326216,-2.3072062666568992e-06
1.0,400.0,0.4624896741271517,1246196381.8478017,872.8360493817457,0.26934964552135404,3.813725910887809e-08,6,1.9999344436404378,2.0000030451176882,-7.018284453524685e-07
1.0,400.0,0.5078252438306721,1246069161.2733064,879.9948461755133,0.35879477784847985,4.279824490521827e-08,6,1.999938698226819,2.0000017407158226,-6.226614777266855e-07
1.0,400.0,0.5576048346557921,1246069105.0890563,786.0806074239961,0.3084673993997539,4.644528033081457e-08,6,1.9999387123476042,2.000001804850382,-6.092811984112649e-07
1.0,400.0,0.6122640719593427,1246069105.023614,667.2213293522956,0.1853285368382912,4.6893945059917194e-08,6,1.999938712361406,2.000001918503653,-5.937210830930563e-07
1.0,400.0,0.6722812832920282,1246069113.9552455,560.6607235045592,0.022644033044410358,5.665660616447099e-08,6,1.9999387104109498,2.000002195660763,-5.736663108864159e-07
1.0,400.0,0.7381816842827723,1245853826.193996,461.8865481148142,0.0006626570285986328,9.0638779364016e-08,5,1.9999420668201684,2.000001808879585,-4.970607532480919e-07
1.0,400.0,0.810541974844553,1245853578.3149972,342.6569550069114,9.766660831645689e-08,1.4125808157250931e-07,5,1.9999420783913038,2.0000027627810284,-4.747319396868786e-07
1.0,400.0,0.8899953859235032,1099767496.8436372,429.221731493255,0.7171262230265525,9.534999705373363e-07,3,2.0,2.0,0.0
1.0,400.0,0.9772372209558107,1059943153.037912,806.8590520048482,0.9702735497516056,1.8863128082620435e-06,3,2.0,2.0,0.0
1.0,450.0,0.01,1247534181.5040936,1132.04433336785,9.996089580261625e-08,2.117054207374406e-08,6,1.9862872894251316,2.004096837412404,-0.0002753918679452724
1.0,450.0,0.010980250419408422,1247534181.48935,1132.0200592661217,9.997881085879244e-08,2.1171777389833584e-08,6,1.986287500161775,2.004096774490987,-0.00027538607224165864
1.0,450.0,0.012056589927291887,1247534181.4715743,1131.9907934242513,9.996897667232763e-08,2.1173266719447702e-08,6,1.9862877542391684,2.0040966986287025,-0.00027537908469123153
1.0,450.0,0.013238437660578209,1247534181.4501424,1131.9555094893706,9.9913565326214e-08,2.1175062289212616e-08,6,1.9862880605755961,2.004096607162837,-0.0002753706601307158
1.0,450.0,0.01453613606748761,1247534181.4243028,1131.9129700220353,9.97980601987222e-08,2.1177227046297575e-08,6,1.9862884299125305,2.0040964968859307,-0.00027536050322132165
1.0,450.0,0.01596104141516088,1247534181.3931482,1131.8616833915592,9.982150995201651e-08,2.1179836892528373e-08,6,1.9862888752201628,2.004096363925281,-0.0002753482575188324
1.0,450.0,0.017525623169301542,1247534181.3309364,1131.8027508566624,9.999177853714686e-08,2.118255606094232e-08,6,1.9862897640943715,2.0040960980238918,-0.0002753263614871085
1.0,450.0,0.01924357311551172,1247534181.2474873,1131.7330565189889,1.0480548909446584e-07,2.1185585753272e-08,6,1.9862909563310227,2.0040957412694116,-0.00027529750317239365
1.0,450.0,0.02112992517725142,1247534181.146876,1131.6490384123822,1.1419747679534667e-07,2.118923618537139e-08,6,1.9862923937621701,2.004095311143755,-0.00027526271127584364
1.0,450.0,0.023201186978958357,1247534181.0255802,1131.5477541594603,1.2423354571490961e-07,2.1193633956396087e-08,6,1.9862941267156509,2.004094792586471,-0.0002752207681377868
1.0,450.0,0.02547548430564807,1247534180.879349,1131.4256586221989,1.3489247948675593e-07,2.1198931213501558e-08,6,1.986296215918685,2.0040941674249746,-0.0002751702049664113
1.0,450.0,0.0279727197231725,1247534180.7936773,1131.2662336899025,1.4611509134832954e-07,2.1208253712563692e-08,6,1.9862974388758525,2.004093802462158,-0.00027513556428479676
1.0,450.0,0.030714746747235906,1247534180.7008255,1131.07337767684,1.5782499823200136e-07,2.1219563346292775e-08,6,1.986298764093937,2.004093407211112,-0.0002750968163374161
1.0,450.0,0.03372556108533605,1247534180.5888674,1130.840879250602,1.698928556642599e-07,2.123320083831251e-08,6,1.9863003620024164,2.0040929306206188,-0.0002750501027111746
1.0,450.0,0.03703151062520455,1247534180.4538693,1130.5605948917141,1.821300714677102e-07,2.124964578476202e-08,6,1.9863022887475341,2.004092355939324,-0.0002749937866853238
1.0,450.0,0.04066152600737297,1247534180.2465715,1130.2280065664195,1.9428176801465346e-07,2.126828623677867e-08,6,1.9863052463315516,2.0040914726762753,-0.00027491303919546323
1.0,450.0,0.044647373799624364,1247534179.9389126,1129.8347518974638,2.0600373898924628e-07,2.1288954251141138e-08,6,1.9863096347215037,2.0040901609713004,-0.0002747990091581449
1.0,450.0,0.049023934488881024,1247534179.6451752,1129.3503518876325,2.1682170323665827e-07,2.1314762168910813e-08,6,1.9863138217188425,2.00408891063721,-0.0002746839737116173
1.0,450.0,0.05382950772325868,1247534179.2011142,1128.7780801779354,2.2619622300069987e-07,2.134396732495451e-08,6,1.9863201494206422,2.004087019224679,-0.0002745193701135941
1.0,450.0,0.059106147475486,1247534178.7538252,1128.0767864432707,2.3341118741548733e-07,2.1382401144312757e-08,6,1.9863265192774435,2.004085116508156,-0.0002743465302763987
1.0,450.0,0.06490003006073211,1247534177.6736028,1127.299921944466,2.3779220953722925e-07,2.1399831843054985e-08,6,1.986341892817218,2.004080514271472,-0.00027398232490485354
1.0,450.0,0.07126185822939729,1247534177.0214071,1126.2814729699621,2.3825588030768424e-07,2.1449961702465044e-08,6,1.9863511668749898,2.0040777437418393,-0.00027373112607777397
1.0,450.0,0.07824730487111635,1247534175.9820232,1125.0853470345735,2.340747904520375e-07,2.150847791718904e-08,6,1.9863659348432448,2.004073327215457,-0.00027335587119554515
1.0,450.0,0.08591750021286539,1247534174.9690034,1123.6129160376236,2.2438162989826082e-07,2.1588890853087605e-08,6,1.9863803077853,2.0040690317223784,-0.0002729733180646698
1.0,450.0,0.09433956677468387,1247534173.9948006,1121.8064628142074,2.0865568622157438e-07,2.1696682700749977e-08,6,1.986394107287366,2.004064911166347,-0.00027258401408549056
1.0,450.0,0.10358720676445314,1247534172.6512046,1119.6490315578544,1.869201350431852e-07,2.1819936047895305e-08,6,1.9864131051120684,2.004059234418447,-0.0002720675714967892
1.0,450.0,0.11374134705207334,1247534171.2349532,1117.0219233556068,1.5977256388783806e-07,2.1987782026793692e-08,6,1.9864330819714417,2.0040532676676355,-0.0002715051043915002
1.0,450.0,0.12489084736726071,1247534169.6702144,1113.8354539830405,1.2875248354600786e-07,2.2198350430222622e-08,6,1.986455088143367,2.004046696206549,-0.0002708703187725759
1.0,450.0,0.1371332779184638,1247534167.8966582,1109.9782073415408,9.999433392672883e-08,2.2459391927544033e-08,6,1.9864799425988526,2.0040392746503337,-0.00027014074439954465
1.0,450.0,0.15057577323790639,1247534165.5721667,1105.3460116304452,9.983534657127533e-08,2.2773035861264592e-08,6,1.9865123826542386,2.004029581978535,-0.00026921401054694644
1.0,450.0,0.1653359697248269,1247443159.4086888,1106.5657504585538,2.7552306751635967e-05,2.1177051932701993e-08,6,1.996085716304888,2.0011576257505292,-7.627322718657808e-05
1.0,450.0,0.18154303509143294,1247443145.705657,1101.195088314099,1.99030312414222e-05,2.096252190537629e-08,6,1.9962816246327688,2.0010989012756104,-7.223696084983185e-05
1.0,450.0,0.19933879872033844,1247443137.81056,1093.5664871097122,1.2673823903260963e-05,2.12397267193467e-08,6,1.99639365462368,2.0010653436362977,-6.986183971723386e-05
1.0,450.0,0.21887899282533668,1247443129.2686975,1084.2507538658544,6.849660744513924e-06,2.1642688702032544e-08,6,1.9965138564270135,2.001029336367062,-6.730690714568796e-05
1.0,450.0,0.24033461527700972,1247443120.9320123,1072.7533482959097,2.943911139127288e-06,2.2281160675642624e-08,6,1.9966241002812228,2.00099631624432,-6.492799310265142e-05
1.0,450.0,0.26389342601937477,1247443116.870942,1058.0982525592,9.085959816553245e-07,2.3115002606012517e-08,6,1.9966668929069697,2.0009835282872115,-6.384923750538173e-05
1.0,450.0,0.2897615901728365,1247443106.7559571,1041.0392770766935,1.73800085887713e-07,2.4327488268225784e-08,6,1.9967310836424816,2.0009643139471467,-6.231515414197677e-05
1.0,450.0,0.318165482202374,1247443093.833734,1020.4846434216169,9.973849548698717e-08,2.590149806236957e-08,6,1.9967811805940912,2.000949316481203,-6.1015732365875794e-05
1.0,450.0,0.34935366693939,1247348854.9517467,998.1840222972913,1.080495574698115e-06,2.594991539924666e-08,6,1.9986022485283248,2.0004030120582064,-2.5652467510595786e-05
1.0,450.0,0.3835990747933107,1247348822.252477,969.4952700865648,9.987472259462959e-08,2.773371221060143e-08,6,1.9986418602379492,2.0003911250548696,-2.4693441557793258e-05
1.0,450.0,0.4212013901883932,1247251817.689922,935.1510267457186,2.5778112497507095e-07,2.9748506980508586e-08,6,1.999247508060969,2.0002094055015722,-1.3195219418572462e-05
1.0,450.0,0.4624896741271517,1247049044.614045,893.2436549888564,3.9051652873743446e-05,3.265028190608635e-08,6,1.999684831625384,2.000078161744481,-5.117103983040689e-06
1.0,450.0,0.5078252438306721,1246196350.4022613,990.5466943908775,0.36159333494431023,3.7760158425631355e-08,6,1.9999344708608162,2.000003018082718,-7.142302461979213e-07
1.0,450.0,0.5576048346557921,1246069140.388796,988.3095660907728,0.4350020933823382,4.378055346617533e-08,6,1.9999387039574286,2.0000016807166157,-6.304974615184377e-07
1.0,450.0,0.6122640719593427,1246069075.4678748,848.2052105916297,0.38059822572950897,5.2188274198425626e-08,6,1.9999387179118362,2.0000017471666247,-6.127296395164651e-07
1.0,450.0,0.6722812832920282,1245853755.3167758,778.1204924278402,0.4257825374615289,6.415857364247438e-08,5,1.9999420715484395,2.000000788245948,-5.445066998686333e-07
1.0,450.0,0.7381816842827723,1246069070.1543,522.8766167863637,0.0026426676673699887,6.323053132176688e-08,6,1.9999387187601172,2.00000233141841,-5.658529305368828e-07
1.0,450.0,0.810541974844553,1245853647.617861,393.2485627313234,9.955536901042169e-08,1.0362373290525799e-07,5,1.999942076581744,2.0000023203763804,-4.824597483686456e-07
1.0,450.0,0.8899953859235032,1101055948.208473,433.9271938152595,0.6781748395009893,7.904831165327651e-07,3,2.0,2.0,0.0
1.0,450.0,0.9772372209558107,1062125617.4116945,823.2247233910394,0.9672533867146549,1.7324132262574468e-06,3,2.0,2.0,0.0
1.0,500.0,0.01,1247691183.9058306,1132.647541702813,9.921763236011497e-08,3.181512682363984e-08,6,1.7262844303299807,2.082097627823726,-0.005743275135646274
1.0,500.0,0.010980250419408422,1247691181.3641124,1132.6340272014181,9.926942093758399e-08,3.181550555827751e-08,6,1.726314783225668,2.0820885228436423,-0.005742613528917625
1.0,500.0,0.012056589927291887,1247691178.2996776,1132.6177334525162,9.909250414317119e-08,3.1815962173912394e-08,6,1.726351378339629,2.0820775453802196,-0.005741815866801879
1.0,500.0,0.013238437660578209,1247691174.6049552,1132.598089358321,9.92596722705375e-08,3.1816512658694466e-08,6,1.72639550027339,2.0820643100902636,-0.0057408541541986765
1.0,500.0,0.01453613606748761,1247691170.150372,1132.574405728656,9.925325024533661e-08,3.181717632608877e-08,6,1.726448696373516,2.0820483528145424,-0.005739694670251329
1.0,500.0,0.01596104141516088,1247691165.3084745,1132.5414939442803,9.940326867753803e-08,3.1819296517566456e-08,6,1.7265065177027183,2.0820310082880944,-0.005738428661526392
1.0,500.0,0.017525623169301542,1247691161.3301933,1132.4930932658706,9.929132504048427e-08,3.182244887840261e-08,6,1.7265540257397054,2.082016758131758,-0.00573736616640608
1.0,500.0,0.01924357311551172,1247691156.5335705,1132.4347396088606,9.923889802709471e-08,3.1826250084614174e-08,6,1.7266113062878372,2.081999576682307,-0.005736085148886909
1.0,500.0,0.02112992517725142,1247691150.7502367,1132.3643864893584,9.916462659349598e-08,3.1830833819220725e-08,6,1.7266803699907598,2.0819788608394036,-0.0057345406649644375
1.0,500.0,0.023201186978958357,1247691143.7771554,1132.2795667921316,9.907198367683592e-08,3.183636136828487e-08,6,1.7267636414804037,2.0819538833248687,-0.00573267852406785
1.0,500.0,0.02547548430564807,1247691135.3230915,1132.1753973946495,9.944970041402697e-08,3.184443673663617e-08,6,1.7268646052233605,2.0819235989320193,-0.005730421620677467
1.0,500.0,0.0279727197231725,1247691125.2744267,1132.0509537322566,9.933391636143511e-08,3.185315897849119e-08,6,1.7269846158198952,2.081887601439802,-0.005727736632914793
1.0,500.0,0.030714746747235906,1247691109.4304137,1131.922639443229,9.919569799721987e-08,3.1859657938543014e-08,6,1.7271738381492152,2.081830841573904,-0.0057235694359946965
1.0,500.0,0.03372556108533605,1247691077.4031317,1131.8390776945782,9.948343256327622e-08,3.1856499961916e-08,6,1.7275563223020438,2.0817161045323918,-0.005715321717239771
1.0,500.0,0.03703151062520455,1247691043.9924319,1131.7114125791272,9.914471942887129e-08,3.185597788278596e-08,6,1.7279553037373083,2.081596419944575,-0.005706676961923381
1.0,500.0,0.04066152600737297,1247691016.8716612,1131.4833472514924,9.960458420733415e-08,3.186819585614667e-08,6,1.7282791756728015,2.081499270160124,-0.005699537790903933
1.0,500.0,0.044647373799624364,1247690976.9161744,1131.2515261409442,9.926507866746673e-08,3.187433845165674e-08,6,1.7287562895822903,2.081356150107314,-0.005689122156788191
1.0,500.0,0.049023934488881024,1247690938.0302956,1130.919103605264,9.961075855750164e-08,3.1891334324284054e-08,6,1.7292206298407982,2.081216864906333,-0.005678882173785012
1.0,500.0,0.05382950772325868,1247621495.5157275,1238.2928470065365,8.113448401475266e-06,1.8345440917059128e-08,6,1.9513443831582844,2.014579759046058,-0.0010188079569492326
1.0,500.0,0.059106147475486,1247621492.875257,1237.7953093266121,8.541221176521796e-06,1.8280596904493165e-08,6,1.9513841497849886,2.014567853028852,-0.0010177905301880954
1.0,500.0,0.06490003006073211,1247621490.9424562,1237.0336042021677,8.902463653123599e-06,1.8259699113874576e-08,6,1.9514132428835718,2.0145591535619016,-0.0010169625435044619
1.0,500.0,0.07126185822939729,1247621489.11027,1236.051065310883,9.172115038922617e-06,1.8257517306615053e-08,6,1.9514408002102501,2.0145509200537584,-0.001016123485591948
1.0,500.0,0.07824730487111635,1247621487.3160517,1234.8129152883234,9.317299930853666e-06,1.827380151143636e-08,6,1.9514677591654246,2.014542872092489,-0.0010152446683120197
1.0,500.0,0.08591750021286539,1247621485.4931972,1233.275018637457,9.302135084401632e-06,1.8307719045432102e-08,6,1.9514951151447926,2.014534711925014,-0.0010142945650410556
1.0,500.0,0.09433956677468387,1247621483.5200076,1231.3938012100602,9.091283124744416e-06,1.8360722559899596e-08,6,1.9515246806893731,2.0145258966833084,-0.0010132220223917382
1.0,500.0,0.10358720676445314,1247621481.4264107,1229.0884895265822,8.652913278365484e-06,1.8436174653750173e-08,6,1.9515559967885079,2.0145165649458305,-0.0010120216387652127
1.0,500.0,0.11374134705207334,1247621478.5632958,1226.3551591528355,7.971736846550386e-06,1.851142400930197e-08,6,1.9515987353221036,2.014503815931595,-0.0010104719832668347
1.0,500.0,0.12489084736726071,1247621474.989311,1223.0795451494146,7.048338348428683e-06,1.859558829281247e-08,6,1.9516519639796646,2.0144879299204987,-0.0010085715834885168
1.0,500.0,0.1371332779184638,1247621471.6908364,1219.000246470128,5.9101236073529825e-06,1.8741824841094055e-08,6,1.9517009338563742,2.0144733318308847,-0.001006604263784953
1.0,500.0,0.15057577323790639,1247621467.183748,1214.1533137339504,4.636346446131681e-06,1.890486897542342e-08,6,1.9517675999806199,2.0144534348758096,-0.0010040796509989027
1.0,500.0,0.1653359697248269,1247621461.7734237,1208.312149347475,3.334972189243787e-06,1.909579607623984e-08,6,1.951847260878184,2.014429648465627,-0.0010010615222839597
1.0,500.0,0.18154303509143294,1247621456.5119443,1201.1148586729314,2.138570278205641e-06,1.9390938062969787e-08,6,1.9519243164465083,2.01440665057949,-0.0009978340418245904
1.0,500.0,0.19933879872033844,1247621450.9998736,1192.3276569154023,1.1768075087151216e-06,1.9803768460395655e-08,6,1.9520044478306562,2.0143827335159643,-0.0009942292358607382
1.0,500.0,0.21887899282533668,1247621446.6212826,1181.443508027231,5.2520831626312e-07,2.043496230707478e-08,6,1.952067548937867,2.014363924164615,-0.000990607300304245
1.0,500.0,0.24033461527700972,1247621440.3386085,1168.419676172802,1.7554328169959637e-07,2.1186061274076752e-08,6,1.9521570662752397,2.0143371818425044,-0.0009860026755173356
1.0,500.0,0.26389342601937477,1247621431.705394,1152.819864215788,9.962258187706344e-08,2.209786239363856e-08,6,1.952278530284573,2.014300838830997,-0.0009802362126934694
1.0,500.0,0.2897615901728365,1247534203.5517857,1152.0453221054631,8.808698420696554e-06,2.0510445847089165e-08,6,1.9859689117031134,2.0041937937433176,-0.0002832279570468359
1.0,500.0,0.318165482202374,1247534180.448136,1130.55049803884,1.6129946651554958e-06,2.125028141091124e-08,6,1.9863023705747291,2.0040937876823235,-0.0002749881826529719
1.0,500.0,0.34935366693939,1247534164.4635885,1103.1436798778022,1.2345005612047567e-07,2.2923812595787947e-08,6,1.9865278044417267,2.004026141468764,-0.0002687705216025879
1.0,500.0,0.3835990747933107,1247443125.8098617,1078.9621558788822,8.098767342169578e-06,2.1952535196523276e-08,6,1.9965620818968053,2.0010157881640764,-6.625636969064044e-05
1.0,500.0,0.4212013901883932,1247443105.4575956,1038.5538384976485,1.9569265243426147e-07,2.452115505179495e-08,6,1.9967373443423788,2.000963085537689,-6.214943321983611e-05
1.0,500.0,0.4624896741271517,1247348848.1989748,993.1046825938272,8.323920147910176e-07,2.6190188883412892e-08,6,1.9986127496057944,2.000400294857826,-2.541042750548728e-05
1.0,500.0,0.5078252438306721,1247251820.9511554,937.346809824753,4.172598537226204e-07,2.960903011648255e-08,6,1.9992463126066904,2.000210027908348,-1.3223444641666326e-05
1.0,500.0,0.5576048346557921,1246196316.725477,1086.7464238289203,0.4270709576041703,3.932934658719181e-08,6,1.9999344966501307,2.000003027068481,-7.194914115660582e-07
1.0,500.0,0.6122640719593427,1246069102.819784,1059.7522523652988,0.4881787238625931,4.812131860368235e-08,6,1.9999387128236552,2.000001658882211,-6.311628307194415e-07
1.0,500.0,0.6722812832920282,1245853817.1663365,1000.8699565546267,0.539972394621619,5.889083674702087e-08,5,1.999942067464629,2.000000580611354,-5.588663595248372e-07
1.0,500.0,0.7381816842827723,1245853684.2706013,704.3230318241634,0.40955296460907636,7.94350695814132e-08,5,1.9999420752035078,2.0000008608785818,-5.357851992399635e-07
1.0,500.0,0.810541974844553,1245853728.0631921,437.03709185052395,1.520969025394317e-05,8.759915433567473e-08,5,1.999942073101841,2.0000019810290333,-4.910784587012657e-07
1.0,500.0,0.8899953859235032,1104564985.076761,234.29163170717382,9.33453705461321e-08,3.507600573326117e-07,3,2.0,2.0,0.0
1.0,500.0,0.9772372209558107,1064107797.5950446,831.4764290403342,0.9640111928992867,1.633274638467821e-06,3,2.0,2.0,0.0
1.0,550.0,0.01,1247701572.4539814,1211.5206499385035,3.7879891580959347e-07,2.8441674354367545e-08,6,1.6020156836030233,2.1189779835772553,-0.008537110841774017
1.0,550.0,0.010980250419408422,1247701569.555803,1211.5053355082152,4.157386920928263e-07,2.8441741116886524e-08,6,1.6020503305842873,2.1189678993308414,-0.008536322625582779
1.0,550.0,0.012056589927291887,1247701565.4226334,1211.488931980593,4.5630855500365043e-07,2.844193459274778e-08,6,1.6020997428826522,2.118953449147658,-0.008535210456847383
1.0,550.0,0.013238437660578209,1247701560.4399917,1211.4691524615168,5.007941041140147e-07,2.8442168065081867e-08,6,1.6021593106717735,2.1189360290136703,-0.008533869718744695
1.0,550.0,0.01453613606748761,1247701554.43321,1211.445302562358,5.495582771509432e-07,2.844244979423268e-08,6,1.6022311221192556,2.1189150281931393,-0.008532253420863336
1.0,550.0,0.01596104141516088,1247701547.1916518,1211.4165449317973,6.029922001621328e-07,2.844278975142627e-08,6,1.6023176953931442,2.1188897096841917,-0.008530304913165853
1.0,550.0,0.017525623169301542,1247701533.3622057,1211.4084510949572,6.630636960388705e-07,2.8439223526301e-08,6,1.6024830289512562,2.1188408971058625,-0.008526663255215531
1.0,550.0,0.01924357311551172,1247701513.6169336,1211.4151137899478,7.302797362899137e-07,2.843144929099488e-08,6,1.6027190746808346,2.1187710320562223,-0.00852149461522881
1.0,550.0,0.02112992517725142,1247701494.265499,1211.395348343716,8.032087163794489e-07,2.8427750067467565e-08,6,1.6029503959657168,2.1187027781456225,-0.008516392528160704
1.0,550.0,0.023201186978958357,1247701489.1558964,1211.287105572103,8.767726852029673e-07,2.8434829142484046e-08,6,1.6030114834429527,2.118685827668308,-0.00851485896897745
1.0,550.0,0.02547548430564807,1247701482.9953103,1211.1566001783076,9.559066824013705e-07,2.8443366389870584e-08,6,1.6030851358748808,2.118665388324008,-0.008513010131741126
1.0,550.0,0.0279727197231725,1247701475.5673738,1210.9992535320214,1.0406450708117488e-06,2.8453662811827293e-08,6,1.6031739400212501,2.118640740496734,-0.008510781194495807
1.0,550.0,0.030714746747235906,1247701458.6922736,1210.8478801081271,1.1348713413041033e-06,2.846065978630438e-08,6,1.603375694283185,2.1185826123386597,-0.008506086830264287
1.0,550.0,0.03372556108533605,1247701427.2316785,1210.7196907224027,1.2417673077052792e-06,2.8460638063982655e-08,6,1.6037518235277552,2.118472657573414,-0.008497610794810755
1.0,550.0,0.03703151062520455,1247701403.243749,1210.495751589955,1.349566639650114e-06,2.8471704697089474e-08,6,1.6040386240826179,2.118390084273163,-0.008490925950887348
1.0,550.0,0.04066152600737297,1247701366.383297,1210.2664843148611,1.4687326438449397e-06,2.847878606662402e-08,6,1.604479328936428,2.118262037739341,-0.0084808554595887
1.0,550.0,0.044647373799624364,1247701335.6371586,1209.9190014351339,1.5857911229124327e-06,2.8498435552287883e-08,6,1.6048469297505985,2.1181567580781717,-0.008472186508366536
1.0,550.0,0.049023934488881024,1247701297.329664,1209.5067569533987,1.7070280198994277e-06,2.8521540754894286e-08,6,1.6053049836375737,2.1180253414828067,-0.008461422231580121
1.0,550.0,0.05382950772325868,1247701226.3548644,1209.130349180452,1.8499403027694874e-06,2.853159356382959e-08,6,1.6061536828595586,2.117777923808486,-0.008442164869282887
1.0,550.0,0.059106147475486,1247701142.8822176,1208.6733548482248,1.9975417175706088e-06,2.8542101352747653e-08,6,1.6071518469497392,2.1174870872626594,-0.008419484722746697
1.0,550.0,0.06490003006073211,1247701068.88474,1207.9877734026588,2.124122605673077e-06,2.85755746340992e-08,6,1.6080367911457247,2.1172319006792635,-0.008398898035321394
1.0,550.0,0.07126185822939729,1247700953.7721996,1207.2958753277576,2.268725765447399e-06,2.8594212959571445e-08,6,1.6094134936044042,2.1168311635915633,-0.008367526332118678
1.0,550.0,0.07824730487111635,1247700819.1223285,1206.4394535381275,2.40442805286529e-06,2.862103175235689e-08,6,1.6110240096340827,2.11636248820101,-0.008330769592401156
1.0,550.0,0.08591750021286539,1247700698.783273,1205.2001491858407,2.48201752257359e-06,2.8684661481777206e-08,6,1.612463455836211,2.1159474943112913,-0.008297127807519714
1.0,550.0,0.09433956677468387,1247700514.328519,1203.906067086486,2.571954678463235e-06,2.8730079473567063e-08,6,1.614670016650168,2.115305030364958,-0.008246636569964064
1.0,550.0,0.10358720676445314,1247700310.4965425,1202.2554611116307,2.6086330787734108e-06,2.8799139823639912e-08,6,1.6171085681155297,2.114595952793777,-0.008190524206286402
1.0,550.0,0.11374134705207334,1247700058.383121,1200.2872806866071,2.6053168251593157e-06,2.8886012617340232e-08,6,1.6201250677745223,2.1137167207151815,-0.008121344766079468
1.0,550.0,0.12489084736726071,1247699755.645971,1197.9231201443622,2.5440949593513335e-06,2.898289967640765e-08,6,1.6237476755534757,2.11265894978427,-0.008038370665984387
1.0,550.0,0.1371332779184638,1247699362.3465831,1195.21145355084,2.4451767136407385e-06,2.908456534558097e-08,6,1.6284546149704104,2.111278991472734,-0.00793135174996439
1.0,550.0,0.15057577323790639,1247698934.5388584,1191.731480856336,2.226524660620478e-06,2.923521030572329e-08,6,1.6335750621030096,2.1097775274098085,-0.00781432718412619
1.0,550.0,0.1653359697248269,1247698387.0485487,1187.7132497048808,1.9600199985432926e-06,2.938998073537847e-08,6,1.6401284750638272,2.107847644817659,-0.007665607668007668
1.0,550.0,0.18154303509143294,1247697731.3973794,1182.8521343622408,1.6216211541757404e-06,2.9586954891742993e-08,6,1.6479768479577597,2.105528618261823,-0.007488004120074443
1.0,550.0,0.19933879872033844,1247696966.6301067,1176.8906784935325,1.2231948764340428e-06,2.9840699422502644e-08,6,1.6571310075088865,2.1028126331773223,-0.007281241541625179
1.0,550.0,0.21887899282533668,1247696074.2372534,1169.5856983848448,8.128875137161753e-07,3.0171136583194694e-08,6,1.66781169835452,2.099628658429918,-0.007040652944102881
1.0,550.0,0.24033461527700972,1247694926.4022648,1161.197895459912,4.7547172529261104e-07,3.051637348132529e-08,6,1.6815464829948539,2.095516639869822,-0.006734090674048784
1.0,550.0,0.26389342601937477,1247693592.8003016,1150.9042275898944,2.1758110321681793e-07,3.097244432087595e-08,6,1.6974973645017521,2.0907344006829147,-0.006379125414571612
1.0,550.0,0.2897615901728365,1247691971.2813704,1138.6430986465762,9.991990233483746e-08,3.15383257606394e-08,6,1.7168791664202303,2.0849212290940606,-0.00595047862264369
1.0,550.0,0.318165482202374,1247621480.7641177,1228.2770997017444,2.5960176191235916e-05,1.8466147431139795e-08,6,1.9515658915174965,2.014515871782216,-0.0010116609617767506
1.0,550.0,0.34935366693939,1247621455.6249337,1199.3954465253435,3.6995765815134606e-06,1.9478365266289925e-08,6,1.951937253286538,2.0144046918297525,-0.000997206342344725
1.0,550.0,0.3835990747933107,1247621437.4264517,1163.0093737803368,1.6764874091676894e-07,2.1502585187118813e-08,6,1.9521982295173796,2.014326350239157,-0.0009840220643759633
1.0,550.0,0.4212013901883932,1247534186.8251054,1138.3111180553242,4.235825639369572e-06,2.0889399503228055e-08,6,1.9862109986241372,2.004122266965026,-0.00027734505860432573
1.0,550.0,0.4624896741271517,1247443138.3734596,1094.1307979463413,3.185377610167971e-05,2.121789851658389e-08,6,1.9963856975665106,2.001069462488126,-7.002429294251238e-05
1.0,550.0,0.5078252438306721,1247443099.8556335,1030.2929228133403,9.986206212453893e-08,2.5120033949044245e-08,6,1.9967609999710547,2.0009564062051974,-6.155380749701409e-05
1.0,550.0,0.5576048346557921,1247251850.5498815,957.1693122577335,4.4480686550058955e-06,2.8424988102585117e-08,6,1.9992319388762898,2.0002146613622473,-1.35698129176682e-05
1.0,550.0,0.6122640719593427,1246196274.6531987,1137.549124170938,0.4704328602774233,4.3993493470808167e-08,6,1.999934522196863,2.0000030632745225,-7.166559355202406e-07
1.0,550.0,0.6722812832920282,1246069056.2004778,1065.639213931868,0.5210692175478332,6.009370810683985e-08,6,1.9999387207760457,2.000001669688852,-6.230056692217628e-07
1.0,550.0,0.7381816842827723,1245853676.7988994,951.5550119903021,0.5674552130923678,8.393602250021476e-08,5,1.9999420755119348,2.0000006191068804,-5.463222844133305e-07
1.0,550.0,0.810541974844553,1245958450.4087448,479.95464629044454,0.0034080242755728787,8.003567735022169e-08,6,1.999940771246394,2.000001983162803,-5.274103740974947e-07
1.0,550.0,0.8899953859235032,1245540953.9357672,245.90011654229718,9.676796645506506e-08,3.237606938177749e-07,5,1.9999455114929345,2.0000030395340187,-4.1823717234553484e-07
1.0,550.0,0.9772372209558107,1065898443.141664,836.6938706881801,0.9606911079080096,1.5608821803789936e-06,3,2.0,2.0,0.0
1.0,600.0,0.01,1247704988.0202343,1325.8601156317013,3.836512306554851e-05,2.0804115630121034e-08,6,1.562528446169835,2.1282132178170716,-0.009668967667642116
1.0,600.0,0.010980250419408422,1247704987.9954934,1325.829604615671,4.208596800818085e-05,2.0805847492568947e-08,6,1.56252876348997,2.1282140391517417,-0.009668878754211843
1.0,600.0,0.012056589927291887,1247704987.9660316,1325.7927996941573,4.615866311952817e-05,2.0807922636729286e-08,6,1.5625291413593532,2.1282150308679215,-0.009668771655402775
1.0,600.0,0.013238437660578209,1247704987.9307842,1325.7483950786898,5.061354890642164e-05,2.081048514853229e-08,6,1.5625295934269563,2.128216227671553,-0.009668642604803454
1.0,600.0,0.01453613606748761,1247704987.887014,1325.6949411232374,5.548266458319034e-05,2.0814523401594108e-08,6,1.5625301547419252,2.1282176658388927,-0.00966848666370233
1.0,600.0,0.01596104141516088,1247704987.834755,1325.630467868663,6.07993517423585e-05,2.0819362798946882e-08,6,1.5625308249162744,2.128219401916898,-0.009668298791190627
1.0,600.0,0.017525623169301542,1247704987.8014593,1325.5511284074062,6.659696015549287e-05,2.082439867163724e-08,6,1.5625312518347791,2.128221604813148,-0.009668080585114171
1.0,600.0,0.01924357311551172,1247704987.777821,1325.4546463043234,7.291019896065358e-05,2.0829983948535784e-08,6,1.5625315548550345,2.1282243242118497,-0.009667822052618175
1.0,600.0,0.02112992517725142,1247704987.7495391,1325.3383103053102,7.977340744172224e-05,2.0836692209388934e-08,6,1.5625319174029106,2.1282276042209007,-0.009667510404042724
1.0,600.0,0.023201186978958357,1247704987.7156816,1325.19803280529,8.721861400910549e-05,2.084475223479462e-08,6,1.5625323514254976,2.1282315570555763,-0.009667134809321305
1.0,600.0,0.02547548430564807,1247704987.5743754,1325.034134273655,9.527898239646438e-05,2.085301653779481e-08,6,1.562534162690761,2.128235930818832,-0.009666654491419303
1.0,600.0,0.0279727197231725,1247704987.4272525,1324.835294717921,0.0001039726707628626,2.0865484155607153e-08,6,1.5625360482281887,2.128241291719127,-0.00966608186463777
1.0,600.0,0.030714746747235906,1247704987.3327405,1324.5912266861185,0.0001133091836796699,2.088039458269575e-08,6,1.562537259233713,2.128248064552521,-0.009665414549616742
1.0,600.0,0.03372556108533605,1247704985.798093,1324.370641903108,0.00012337928294240273,2.086795565270259e-08,6,1.5625569159436674,2.1282507603896117,-0.009664219864032977
1.0,600.0,0.03703151062520455,1247704985.7158356,1324.0130954131232,0.0001339912602766527,2.0889357811913208e-08,6,1.562557969421438,2.128260790261085,-0.009663265888081739
1.0,600.0,0.04066152600737297,1247704985.5622768,1323.5846966675576,0.00014518601709309596,2.0916972643008762e-08,6,1.5625599354560664,2.128272652701574,-0.009662101455512322
1.0,600.0,0.044647373799624364,1247704985.4325902,1323.0652995928547,0.00015687508042632023,2.0948154879399717e-08,6,1.5625615951187362,2.1282871356522612,-0.00966071380027663
1.0,600.0,0.049023934488881024,1247704985.2304819,1322.4413122805065,0.00016893714732431055,2.0986021454608982e-08,6,1.5625641806161843,2.1283043746460404,-0.009659029691083221
1.0,600.0,0.05382950772325868,1247704984.9797668,1321.689157333097,0.00018118216873890902,2.1032234220085955e-08,6,1.5625673863508667,2.1283250647377323,-0.009656999449857278
1.0,600.0,0.059106147475486,1247704984.7110684,1320.7803485753732,0.0001933429614136544,2.108877270260809e-08,6,1.5625708197909733,2.1283500364090324,-0.009654564137671375
1.0,600.0,0.06490003006073211,1247704984.279076,1319.6896724322528,0.0002050762650579337,2.11537360292721e-08,6,1.5625763353257482,2.1283795901901983,-0.009651602916612215
1.0,600.0,0.07126185822939729,1247704983.8850572,1318.3677615666422,0.00021589333463348,2.123814656909211e-08,6,1.5625813613664699,2.1284154983465418,-0.009648074161012278
1.0,600.0,0.07824730487111635,1247704982.9516823,1316.795824170669,0.0002252620134517695,2.132393663547776e-08,6,1.5625932557804627,2.128456736339139,-0.009643704274663704
1.0,600.0,0.08591750021286539,1247704982.3958716,1314.871437801134,0.0002323490584425698,2.1445042795572875e-08,6,1.5626003299732871,2.1285081884414847,-0.009638605679866175
1.0,600.0,0.09433956677468387,1247704980.4419804,1312.6099571763216,0.00023649443504594202,2.1568427600220734e-08,6,1.562625151442869,2.128564682060717,-0.009632130355713728
1.0,600.0,0.10358720676445314,1247704978.3179953,1309.8715464969205,0.00023659221878142393,2.171933760601792e-08,6,1.562652108528345,2.128632737444337,-0.009624417801878097
1.0,600.0,0.11374134705207334,1247704921.8503807,1309.102816936302,0.00023781300995515838,2.0818166309298536e-08,6,1.5633648014747674,2.128509344255535,-0.009600644976182616
1.0,600.0,0.12489084736726071,1247704918.9591386,1305.1876987568935,0.00022678566830072465,2.0998332902986353e-08,6,1.5634014356239216,2.1286053401939213,-0.009589623775572714
1.0,600.0,0.1371332779184638,1247704916.7983882,1300.3877488190526,0.00020885522919222805,2.1253763747004967e-08,6,1.5634287132339155,2.1287231877052277,-0.009576793416930561
1.0,600.0,0.15057577323790639,1247704914.960763,1294.5512450986664,0.00018398286331095895,2.1584781217045063e-08,6,1.5634518092564158,2.128863874088866,-0.009561677296963923
1.0,600.0,0.1653359697248269,1247704913.0519478,1287.4867218887384,0.00015302339238030494,2.2003151287754966e-08,6,1.5634756731798556,2.12902833876706,-0.009543751276032096
1.0,600.0,0.18154303509143294,1247704910.984008,1278.9406908642895,0.00011799842077943533,2.2528471965793994e-08,6,1.5635013587485973,2.1292182377019984,-0.009522522115466607
1.0,600.0,0.19933879872033844,1247704908.657217,1268.6037875706534,8.221367119281977e-05,2.3189384247319572e-08,6,1.5635300312335934,2.129434199550672,-0.00949744849050813
1.0,600.0,0.21887899282533668,1247704905.9890594,1256.0974622157783,4.985522167150686e-05,2.402216790937455e-08,6,1.5635626018792186,2.1296750600955368,-0.009467964805141484
1.0,600.0,0.24033461527700972,1247704902.8370547,1240.9611878538672,2.4880895778913013e-05,2.5087968560745948e-08,6,1.5636006369344595,2.12993630387785,-0.009433491766143122
1.0,600.0,0.26389342601937477,1247703559.5520558,1224.0078679409564,1.5745085487408123e-05,2.7964389137919082e-08,6,1.5782941590185022,2.12581402897838,-0.009082714271633657
1.0,600.0,0.2897615901728365,1247701478.1832154,1211.0654034789802,1.1111427125202853e-05,2.8449598728915497e-08,6,1.60314266652005,2.118638462182871,-0.008512449483763743
1.0,600.0,0.318165482202374,1247699281.283646,1194.5248063143927,5.599693351896892e-06,2.9116131327647438e-08,6,1.6294248150461776,2.110987072235336,-0.00790971760161577
1.0,600.0,0.34935366693939,1247696681.9716287,1174.6856222124445,1.890146362714337e-06,2.9933049252275846e-08,6,1.6605381316756014,2.1017932353921887,-0.007204904391283875
1.0,600.0,0.3835990747933107,1247693593.282059,1150.9103399435867,3.2199461338597263e-07,3.0972063034012255e-08,6,1.6974916042059658,2.0907348416795553,-0.006379430649284349
1.0,600.0,0.4212013901883932,1247621478.5570266,1226.3745770682508,3.079574599035447e-05,1.8510873023268864e-08,6,1.9515988287732955,2.0145060960840304,-0.0010105815296137881
1.0,600.0,0.4624896741271517,1247621441.105605,1169.8073103692789,3.988142911811721e-07,2.1108871881553943e-08,6,1.9521461889857428,2.014342371398211,-0.0009865576268208627
1.0,600.0,0.5078252438306721,1247534172.7635114,1119.852461212859,9.871822017217955e-07,2.1808600281742407e-08,6,1.9864115185059552,2.0040622970399107,-0.0002721178084727565
1.0,600.0,0.5576048346557921,1247443108.4877973,1044.2486202440425,4.931701793251534e-07,2.40804944404613e-08,6,1.9967220857609298,2.000968369267582,-6.253773600277736e-05
1.0,600.0,0.6122640719593427,1246196358.829182,1340.2820057870154,0.5268669641598666,3.777206879136349e-08,6,1.9999344638144834,2.000002912064857,-7.40277074110402e-07
1.0,600.0,0.6722812832920282,1246069095.7763062,1273.9968051905864,0.5773219413736195,4.9584784003089024e-08,6,1.9999387142490397,2.000001615072983,-6.391498644960123e-07
1.0,600.0,0.7381816842827723,1245853719.6792161,1168.0539761860084,0.6288674813132668,6.856263218339814e-08,5,1.9999420735428253,2.0000004758281174,-5.574357790590195e-07
1.0,600.0,0.810541974844553,1245853685.965022,571.9592484536561,0.2712590639668111,7.519185839048848e-08,5,1.9999420751315944,2.000001027710835,-5.278474307188259e-07
1.0,600.0,0.8899953859235032,1245816162.279306,287.33175272597657,9.872940591363557e-08,2.513346519990666e-07,5,1.9999426088783396,2.000003052584313,-4.623133166837734e-07
1.0,600.0,0.9772372209558107,1067553593.2711743,837.9319905511725,0.9572676638530726,1.5128057620082066e-06,3,2.0,2.0,0.0
1.0,650.0,0.01,1247705035.441698,1450.9033358070994,0.0005689603762030216,1.507256910727308e-08,6,1.5618950085587096,2.1235661669401846,-0.010035536030687768
1.0,650.0,0.010980250419408422,1247705035.4211845,1450.8707176774178,0.0006244382490159934,1.507510066958196e-08,6,1.5618952960520185,2.123567613553819,-0.010035436680622296
1.0,650.0,0.012056589927291887,1247705035.3980165,1450.831236098579,0.0006852584877418812,1.5078014291797592e-08,6,1.5618956207483783,2.1235693643493683,-0.010035317369604344
1.0,650.0,0.013238437660578209,1247705035.3339663,1450.7872138901516,0.0007519296419853953,1.5080570625290246e-08,6,1.5618965183283673,2.1235713235262974,-0.01003516242849638
1.0,650.0,0.01453613606748761,1247705035.2401702,1450.7357713668391,0.0008249817987401859,1.508398680198132e-08,6,1.561897832638358,2.123573616193625,-0.010034970522248913
1.0,650.0,0.01596104141516088,1247705035.168685,1450.6695866477755,0.0009049616480855868,1.5089064213854055e-08,6,1.5618988341873308,2.1235765555893757,-0.010034751893303497
1.0,650.0,0.017525623169301542,1247705035.1338403,1450.5847409407334,0.0009924659155521136,1.509456233314796e-08,6,1.5618993222004607,2.123580312991887,-0.010034504099921945
1.0,650.0,0.01924357311551172,1247705035.094124,1450.4822191935125,0.0010881575144902084,1.5100949517062396e-08,6,1.5618998784424,2.123584850499647,-0.010034206078965996
1.0,650.0,0.02112992517725142,1247705034.997265,1450.3634330316686,0.0011927473825517482,1.510744522813423e-08,6,1.5619012348169807,2.1235901163989053,-0.010033831679644526
1.0,650.0,0.023201186978958357,1247705034.868924,1450.2213422705743,0.0013069284924253641,1.5116589304195535e-08,6,1.5619030317514424,2.123596414531918,-0.010033376737937633
1.0,650.0,0.02547548430564807,1247705034.8094606,1450.0405872492158,0.0014313436598945575,1.512703588912256e-08,6,1.561903863943653,2.123604403492442,-0.01003285747947034
1.0,650.0,0.0279727197231725,1247705034.7165632,1449.8247753534747,0.0015667844020385525,1.5137935868187938e-08,6,1.5619051638828185,2.1236139436001507,-0.010032224871531464
1.0,650.0,0.030714746747235906,1247705034.4522436,1449.5795027980887,0.001714084006988617,1.5149293438678734e-08,6,1.5619088617911256,2.123624801508207,-0.010031415446756068
1.0,650.0,0.03372556108533605,1247705034.3594148,1449.261661256748,0.0018735704817083238,1.5165600744774004e-08,6,1.561910159831828,2.1236388276562392,-0.01003050880173168
1.0,650.0,0.03703151062520455,1247705034.1396239,1448.8889118670074,0.002046081421311065,1.5184760208681846e-08,6,1.561913232499736,2.123655274256468,-0.010029382578671042
1.0,650.0,0.04066152600737297,1247705034.0177186,1448.4255502393644,0.0022317665694131677,1.5208402124006042e-08,6,1.5619149358235824,2.1236756824357275,-0.010028068500837487
1.0,650.0,0.044647373799624364,1247705033.6971495,1447.8836754149559,0.0024311523901798275,1.523302849015766e-08,6,1.5619194132470313,2.1236995318908147,-0.010026431002274717
1.0,650.0,0.049023934488881024,1247705033.2868333,1447.2325680820882,0.002643970123673409,1.525875474939991e-08,6,1.5619251404461687,2.123728145580938,-0.010024449395938224
1.0,650.0,0.05382950772325868,1247705032.792257,1446.4474317505822,0.002869598521443123,1.529084613121564e-08,6,1.561932038939445,2.12376258587288,-0.010022060196963457
1.0,650.0,0.059106147475486,1247705032.1081681,1445.5090224187968,0.0031069593711490545,1.532526613027022e-08,6,1.5619415724347214,2.123803652625672,-0.010019152912651269
1.0,650.0,0.06490003006073211,1247705031.2457864,1444.381329533282,0.003353959825533759,1.5364188243243905e-08,6,1.5619535798623558,2.1238528747030476,-0.010015633611726207
1.0,650.0,0.07126185822939729,1247705030.6026862,1442.9843659743376,0.003606595629448746,1.542003375026505e-08,6,1.5619625238107764,2.123913669477757,-0.010011504776530566
1.0,650.0,0.07824730487111635,1247705029.7463498,1441.3081593474924,0.0038609115063641475,1.548684606657902e-08,6,1.561974418253371,2.1239863309412312,-0.010006493332379771
1.0,650.0,0.08591750021286539,1247705028.8498533,1439.275074946134,0.004109941896793568,1.5568595190114436e-08,6,1.5619868505314458,2.124074067934761,-0.010000479862103865
1.0,650.0,0.09433956677468387,1247705027.9519422,1436.8076941217819,0.004344601692488248,1.5669304488953455e-08,6,1.5619992809630199,2.1241799709994185,-0.0099932690894564
1.0,650.0,0.10358720676445314,1247705026.850614,1433.834941674323,0.004553536360241809,1.578776301729211e-08,6,1.5620144960491869,2.1243066712212695,-0.009984556489500383
1.0,650.0,0.11374134705207334,1247705025.8399923,1430.2213114112258,0.004720888174896605,1.5944686816086222e-08,6,1.5620284256477412,2.124459474278857,-0.009974152306905413
1.0,650.0,0.12489084736726071,1247705024.6872897,1425.858375130989,0.004828656145719016,1.6132279353613655e-08,6,1.5620442594029413,2.1246420534451675,-0.0099616178600538
1.0,650.0,0.1371332779184638,1247705022.7812483,1420.6437069798667,0.0048565320424180086,1.6339530831934848e-08,6,1.5620703568594896,2.124857207273941,-0.009946335136488372
1.0,650.0,0.15057577323790639,1247705021.4411154,1414.2761683218491,0.0047767310241729165,1.662314616227541e-08,6,1.5620886348899965,2.125116329965982,-0.009928177451032432
1.0,650.0,0.1653359697248269,1247705019.478652,1406.6284877682883,0.0045676976912859685,1.6958618947086253e-08,6,1.562115270724563,2.12542108502819,-0.009906168026053272
1.0,650.0,0.18154303509143294,1247705017.3180583,1397.391546815854,0.00420787852698271,1.7375552921743218e-08,6,1.5621444256471217,2.1257800907058733,-0.009879690364225157
1.0,650.0,0.19933879872033844,1247705014.5250638,1386.2667090597822,0.0036888995327634903,1.789200218143659e-08,6,1.5621818476514382,2.1261984117157975,-0.00984774945048986
1.0,650.0,0.21887899282533668,1247705009.307042,1372.9827115029286,0.0030254425648762926,1.8489090793628724e-08,6,1.5622512500804047,2.1266749924963473,-0.009808863919349159
1.0,650.0,0.24033461527700972,1247705002.4076889,1356.980977838221,0.0022595053926274993,1.924560814598283e-08,6,1.5623420083260806,2.1272167324037214,-0.009762092431152466
1.0,650.0,0.26389342601937477,1247704993.146768,1337.7003697536616,0.001475543525630832,2.0210318121461268e-08,6,1.562462427243325,2.1278208528288864,-0.009706126193781486
1.0,650.0,0.2897615901728365,1247704981.9235044,1314.3298441804247,0.0007884805722548324,2.150417734921329e-08,6,1.562606334878461,2.1284813795375066,-0.009640348757805055
1.0,650.0,0.318165482202374,1247704913.3586948,1288.8828131364673,0.00031806490564501494,2.1926613264552243e-08,6,1.5634718479484815,2.128967438844287,-0.00954952991830591
1.0,650.0,0.34935366693939,1247704905.6455865,1254.5131938975994,7.489493101663093e-05,2.413185011051549e-08,6,1.5635667697189721,2.129684886623817,-0.009465715999363007
1.0,650.0,0.3835990747933107,1247702564.093644,1218.3372124238645,1.9644364890990945e-05,2.816912651137552e-08,6,1.590168045772664,2.122376861590897,-0.008811466886818204
1.0,650.0,0.4212013901883932,1247698319.89367,1187.232473056434,5.03332202101536e-06,2.9407089166288934e-08,6,1.6409323407494798,2.1075973333740823,-0.007648315268599014
1.0,650.0,0.4624896741271517,1247693445.0168312,1149.6969754617392,3.5131257118742324e-07,3.103218181140427e-08,6,1.6992644403070558,2.090201702758294,-0.00634014157439773
1.0,650.0,0.5078252438306721,1247621454.8820732,1198.0522103952756,4.959035911723792e-06,1.9544167522334626e-08,6,1.951948072895665,2.0144015108999516,-0.0009967694120415025
1.0,650.0,0.5576048346557921,1247534177.38951,1126.6805816233461,2.065275691646061e-06,2.143694305331109e-08,6,1.986345933447834,2.0040820939959945,-0.00027387997307502554
1.0,650.0,0.6122640719593427,1246460055.9615586,1322.4740493117267,0.45621265985842546,3.152187394341233e-08,6,1.999917406765521,2.000008259391658,-1.0688641397041032e-06
1.0,650.0,0.6722812832920282,1246069226.8445053,1471.2789176758913,0.6106799360599867,3.9837660098168564e-08,6,1.9999386779110857,2.000001449129372,-6.58069969199474e-07
1.0,650.0,0.7381816842827723,1245853827.1794538,1363.400009773231,0.6613678333804045,5.478686745349998e-08,5,1.99994206674905,2.000000383329239,-5.693003316918346e-07
1.0,650.0,0.810541974844553,1245853611.5214808,821.8804009843144,0.5526356448317936,1.251994804351842e-07,5,1.9999420776361665,2.00000071765902,-5.345979363398355e-07
1.0,650.0,0.8899953859235032,1245853562.4973526,330.6489456299005,9.822652044695434e-08,1.5385952552997983e-07,5,1.9999420786933901,2.000002831432768,-4.736408518691861e-07
1.0,650.0,0.9772372209558107,1069080770.1982495,838.9004712842832,0.9537748011037416,1.4697157309173271e-06,3,2.0,2.0,0.0
