#
# Initial mass = 1.000, Z =  0.0002, Y =  0.250, M_mix = 2.00E-03
#
# Initial abundances
# El  Z   log e(X)   [X/H]    [X/Fe]     [X/O]      X(i)
  p   1  12.000000  0.000000  0.000000  0.000000 7.55776E-01
 he   2  10.920946 -0.009054  1.815037  1.820911 2.50187E-01
  c   6   6.645902 -1.824099 -0.000007  0.005867 3.98486E-05
  n   7   6.045912 -1.824088  0.000003  0.005877 1.16732E-05
  o   8   6.900034 -1.829966 -0.005874  0.000000 9.52927E-05
  f   9   2.635901 -1.824099 -0.000007  0.005867 6.15946E-09
 ne  10   6.145906 -1.824093 -0.000002  0.005872 2.11719E-05
 na  11   4.485921 -1.824079  0.000013  0.005887 5.27707E-07
 mg  12   5.815905 -1.824095 -0.000003  0.005871 1.19270E-05
 al  13   4.645911 -1.824089  0.000002  0.005877 8.95194E-07
 si  14   5.725911 -1.824089  0.000002  0.005877 1.12030E-05
  p  15   3.645910 -1.824090  0.000002  0.005876 1.02764E-07
  s  16   5.335909 -1.824091  0.000000  0.005875 5.21042E-06
 cl  17   3.405909 -1.824091  0.000000  0.005874 6.76852E-08
 ar  18   4.615903 -1.824097 -0.000006  0.005868 1.23689E-06
  k  19   3.255336 -1.824664 -0.000573  0.005301 5.27743E-08
 ca  20   4.465895 -1.824105 -0.000014  0.005860 8.78482E-07
 sc  21   1.225908 -1.824092  0.000000  0.005874 5.67060E-10
 ti  22   3.085910 -1.824090  0.000001  0.005876 4.37400E-08
  v  23   2.134821 -1.825179 -0.001088  0.004786 5.20991E-09
 cr  24   3.796618 -1.843381 -0.019290 -0.013416 2.44074E-07
 mn  25   3.655914 -1.824086  0.000006  0.005880 1.86518E-07
 fe  26   5.715909 -1.824091  0.000000  0.005874 2.17683E-05
 co  27   3.045907 -1.824093 -0.000001  0.005873 4.91132E-08
 ni  28   4.375912 -1.824088  0.000003  0.005877 1.04576E-06
 cu  29   2.425909 -1.824091  0.000000  0.005875 1.27037E-08
 zn  30   2.805914 -1.824086  0.000005  0.005879 3.13678E-08
 ga  31   1.255910 -1.824090  0.000001  0.005876 9.42363E-10
 ge  32   1.721534 -1.858466 -0.034375 -0.028501 2.86842E-09
 as  33   0.475906 -1.824094 -0.000002  0.005872 1.68054E-10
 se  34   1.471981 -1.868019 -0.043927 -0.038053 1.75518E-09
 br  35   0.715918 -1.824082  0.000009  0.005883 3.11472E-10
 kr  36   1.424335 -1.825665 -0.001573  0.004301 1.66918E-09
 rb  37   0.535921 -1.824079  0.000013  0.005887 2.20119E-10
 sr  38   1.053477 -1.826523 -0.002431  0.003443 7.43041E-10
  y  39   0.345928 -1.824072  0.000020  0.005894 1.47840E-10
 zr  40   0.705910 -1.824090  0.000001  0.005875 3.47498E-10
 nb  41  -0.414082 -1.824082  0.000010  0.005884 2.68470E-11
 mo  42  -0.005275 -1.945275 -0.121183 -0.115309 7.10654E-11
 tc  43   0.000000 -9.000000  0.000000  0.000000 0.00000E+00
 ru  44  -0.195039 -1.955039 -0.130947 -0.125073 4.83634E-11
 rh  45  -0.764090 -1.824090  0.000002  0.005876 1.32826E-11
 pd  46  -0.233275 -1.883275 -0.059184 -0.053310 4.66317E-11
 ag  47  -0.624091 -1.824091  0.000000  0.005874 1.92191E-11
 cd  48  -0.153812 -1.863812 -0.039721 -0.033847 5.91465E-11
 in  49  -1.083133 -1.843133 -0.019041 -0.013167 7.10903E-12
 sn  50   0.183475 -1.886524 -0.062433 -0.056559 1.35799E-10
 sb  51  -1.056623 -2.066622 -0.242531 -0.236657 8.01336E-12
 te  52  -0.111465 -2.291465 -0.467373 -0.461499 7.40150E-11
  i  53  -0.274097 -1.824097 -0.000006  0.005868 5.06187E-11
 xe  54   0.378826 -1.861174 -0.037082 -0.031208 2.35506E-10
 cs  55  -0.744090 -1.824090  0.000001  0.005875 1.79632E-11
 ba  56   0.355010 -1.824990 -0.000899  0.004976 2.33184E-10
 la  57  -0.654482 -1.824482 -0.000390  0.005484 2.30766E-11
 ce  58  -0.245993 -1.825993 -0.001901  0.003973 5.96249E-11
 pr  59  -1.064091 -1.824091  0.000001  0.005875 9.11545E-12
 nd  60  -0.399094 -1.849094 -0.025002 -0.019128 4.31444E-11
 pm  61   0.000000 -9.000000  0.000000  0.000000 0.00000E+00
 sm  62  -1.013800 -1.953800 -0.129708 -0.123834 1.09211E-11
 eu  63  -1.314089 -1.824089  0.000003  0.005877 5.52821E-12
 gd  64  -0.774089 -1.824089  0.000003  0.005877 1.98351E-11
 tb  65  -1.504086 -1.824085  0.000006  0.005880 3.73284E-12
 dy  66  -0.694744 -1.824744 -0.000653  0.005221 2.46060E-11
 ho  67  -1.354090 -1.824090  0.000002  0.005876 5.47196E-12
 er  68  -0.911713 -1.831713 -0.007621 -0.001747 1.53677E-11
 tm  69  -1.704091 -1.824091  0.000000  0.005875 2.50356E-12
 yb  70  -0.965118 -1.885118 -0.061027 -0.055153 1.40592E-11
 lu  71  -1.734091 -1.824091  0.000001  0.005875 2.41990E-12
 hf  72  -1.114800 -1.824800 -0.000709  0.005165 1.02742E-11
 ta  73  -1.944144 -1.824144 -0.000053  0.005821 1.54292E-12
  w  74  -1.174612 -1.824612 -0.000521  0.005354 9.22063E-12
 re  75  -1.564093 -1.824093 -0.000001  0.005873 3.80923E-12
 os  76  -0.474175 -1.824175 -0.000084  0.005790 4.78670E-11
 ir  77  -0.504088 -1.824088  0.000003  0.005877 4.51477E-11
 pt  78  -0.236430 -1.856430 -0.032339 -0.026465 8.48617E-11
 au  79  -1.024088 -1.824088  0.000004  0.005878 1.39714E-11
 hg  80  -0.685706 -1.855706 -0.031615 -0.025741 3.10124E-11
 tl  81  -1.054090 -1.824090  0.000002  0.005876 1.35297E-11
 pb  82   0.215906 -1.824094 -0.000002  0.005872 2.55405E-10
 bi  83  -1.174088 -1.824088  0.000004  0.005878 1.04942E-11
 po  84   0.000000 -9.000000  0.000000  0.000000 0.00000E+00
#[ls/Fe]_Thiswork =  -0.0008, [hs/Fe]_Thiswork =  -0.0011
#[hs/ls]_Thiswork =  -0.0003, [Pb/hs]_Thiswork =   0.0011
# Elemental abundance ratios: 
# He/H =  8.3358E-02, C/O =  5.5702E-01, N/O = 1.39919E-01
#
#
# During TP-AGB
#  TP   Mass     Mcore    Menv    log L
#  1 0.999983 0.542872 0.457112 3.077681
# El  Z   log e(X)   [X/H]    [X/Fe]     [X/O]      X(i)
  p   1  12.000000  0.000000  0.000000  0.000000 7.35078E-01
 he   2  10.967419  0.037418  1.861510  1.867384 2.70818E-01
  c   6   6.527516 -1.942484 -0.118393 -0.112519 2.95099E-05
  n   7   6.408254 -1.461746  0.362345  0.368219 2.61500E-05
  o   8   6.899310 -1.830689 -0.006598  0.000000 9.25287E-05
  f   9   2.629253 -1.830747 -0.006655 -0.000057 5.89976E-09
 ne  10   6.155282 -1.814717  0.009374  0.015972 2.10415E-05
 na  11   4.605604 -1.704396  0.119696  0.126294 6.76108E-07
 mg  12   5.827622 -1.812377  0.011714  0.018312 1.19177E-05
 al  13   4.663028 -1.806972  0.017120  0.023718 9.05681E-07
 si  14   5.737976 -1.812024  0.012067  0.018665 1.12031E-05
  p  15   3.657982 -1.812018  0.012074  0.018672 1.02767E-07
  s  16   5.347969 -1.812031  0.012060  0.018658 5.21042E-06
 cl  17   3.417968 -1.812032  0.012059  0.018657 6.76853E-08
 ar  18   4.627963 -1.812037  0.012054  0.018652 1.23689E-06
  k  19   3.267333 -1.812667  0.011425  0.018023 5.27668E-08
 ca  20   4.477957 -1.812043  0.012049  0.018647 8.78489E-07
 sc  21   1.237967 -1.812032  0.012059  0.018657 5.67060E-10
 ti  22   3.097969 -1.812031  0.012061  0.018659 4.37400E-08
  v  23   2.146881 -1.813119  0.010972  0.017570 5.20991E-09
 cr  24   3.808678 -1.831322 -0.007231 -0.000633 2.44074E-07
 mn  25   3.667974 -1.812026  0.012066  0.018664 1.86518E-07
 fe  26   5.727968 -1.812032  0.000000  0.018657 2.17683E-05
 co  27   3.057966 -1.812034 -0.000001  0.018656 4.91132E-08
 ni  28   4.387971 -1.812028  0.000004  0.018661 1.04576E-06
 cu  29   2.437968 -1.812032  0.000000  0.018658 1.27037E-08
 zn  30   2.817973 -1.812027  0.000005  0.018662 3.13678E-08
 ga  31   1.267969 -1.812031  0.000001  0.018659 9.42363E-10
 ge  32   1.733594 -1.846406 -0.034374 -0.015717 2.86842E-09
 as  33   0.487966 -1.812034 -0.000002  0.018655 1.68054E-10
 se  34   1.484041 -1.855959 -0.043926 -0.025269 1.75518E-09
 br  35   0.727977 -1.812023  0.000009  0.018666 3.11472E-10
 kr  36   1.436396 -1.813604 -0.001572  0.017085 1.66918E-09
 rb  37   0.537300 -1.822700 -0.010668  0.007990 2.14772E-10
 sr  38   1.068728 -1.811272  0.000761  0.019418 7.48522E-10
  y  39   0.357987 -1.812013  0.000020  0.018677 1.47840E-10
 zr  40   0.717970 -1.812030  0.000002  0.018659 3.47498E-10
 nb  41  -0.402021 -1.812021  0.000011  0.018668 2.68470E-11
 mo  42   0.006785 -1.933215 -0.121182 -0.102525 7.10655E-11
 tc  43   0.000000 -9.000000  0.000000  0.000000 2.21714E-35
 ru  44  -0.182979 -1.942979 -0.130946 -0.112289 4.83634E-11
 rh  45  -0.752030 -1.812030  0.000002  0.018659 1.32826E-11
 pd  46  -0.221215 -1.871215 -0.059183 -0.040526 4.66317E-11
 ag  47  -0.612032 -1.812032  0.000000  0.018657 1.92191E-11
 cd  48  -0.141752 -1.851752 -0.039720 -0.021063 5.91466E-11
 in  49  -1.071073 -1.831073 -0.019040 -0.000383 7.10903E-12
 sn  50   0.195536 -1.874464 -0.062432 -0.043775 1.35799E-10
 sb  51  -1.044563 -2.054563 -0.242531 -0.223874 8.01336E-12
 te  52  -0.099404 -2.279404 -0.467372 -0.448715 7.40150E-11
  i  53  -0.262037 -1.812037 -0.000005  0.018652 5.06187E-11
 xe  54   0.390886 -1.849114 -0.037081 -0.018424 2.35506E-10
 cs  55  -0.732031 -1.812031  0.000001  0.018659 1.79632E-11
 ba  56   0.367069 -1.812931 -0.000899  0.017759 2.33184E-10
 la  57  -0.642423 -1.812423 -0.000390  0.018267 2.30766E-11
 ce  58  -0.233932 -1.813933 -0.001900  0.016757 5.96249E-11
 pr  59  -1.052031 -1.812031  0.000002  0.018659 9.11545E-12
 nd  60  -0.387034 -1.837034 -0.025002 -0.006345 4.31444E-11
 pm  61   0.000000 -9.000000  0.000000  0.000000 0.00000E+00
 sm  62  -1.001740 -1.941740 -0.129707 -0.111050 1.09211E-11
 eu  63  -1.302029 -1.812029  0.000004  0.018661 5.52821E-12
 gd  64  -0.762030 -1.812030  0.000003  0.018660 1.98351E-11
 tb  65  -1.492026 -1.812026  0.000006  0.018663 3.73284E-12
 dy  66  -0.682685 -1.812685 -0.000653  0.018005 2.46060E-11
 ho  67  -1.342031 -1.812031  0.000002  0.018659 5.47196E-12
 er  68  -0.899653 -1.819654 -0.007621  0.011036 1.53677E-11
 tm  69  -1.692032 -1.812032  0.000000  0.018658 2.50356E-12
 yb  70  -0.953059 -1.873059 -0.061027 -0.042370 1.40592E-11
 lu  71  -1.723364 -1.813364 -0.001332  0.017326 2.41249E-12
 hf  72  -1.102421 -1.812421 -0.000389  0.018269 1.02817E-11
 ta  73  -1.932084 -1.812084 -0.000052  0.018605 1.54292E-12
  w  74  -1.162553 -1.812553 -0.000521  0.018137 9.22063E-12
 re  75  -1.580802 -1.840802 -0.028770 -0.010113 3.56506E-12
 os  76  -0.459858 -1.809858  0.002174  0.020831 4.81165E-11
 ir  77  -0.492029 -1.812029  0.000003  0.018660 4.51477E-11
 pt  78  -0.224370 -1.844370 -0.032338 -0.013681 8.48617E-11
 au  79  -1.012028 -1.812028  0.000005  0.018662 1.39714E-11
 hg  80  -0.673647 -1.843647 -0.031615 -0.012957 3.10124E-11
 tl  81  -1.042029 -1.812029  0.000003  0.018660 1.35297E-11
 pb  82   0.227966 -1.812034 -0.000001  0.018656 2.55405E-10
 bi  83  -1.162027 -1.812027  0.000005  0.018662 1.04942E-11
 po  84   0.000000 -9.000000  0.000000  0.000000 1.24503E-25
#[ls/Fe]_Thiswork =   0.0003, [hs/Fe]_Thiswork =  -0.0011
#[hs/ls]_Thiswork =  -0.0013, [Pb/hs]_Thiswork =   0.0011
# Elemental abundance ratios: 
# He/H =  9.2772E-02, C/O =  4.2482E-01, N/O = 3.22807E-01
#
#  TP   Mass     Mcore    Menv    log L
#  2 0.999982 0.545406 0.454577 3.233995
# El  Z   log e(X)   [X/H]    [X/Fe]     [X/O]      X(i)
  p   1  12.000000  0.000000  0.000000  0.000000 7.31762E-01
 he   2  10.974627  0.044626  1.856658  1.875316 2.74108E-01
  c   6   6.520607 -1.949394 -0.137362 -0.118704 2.89131E-05
  n   7   6.437355 -1.432645  0.379387  0.398044 2.78362E-05
  o   8   6.895933 -1.834066 -0.022034  0.000000 9.13977E-05
  f   9   2.624291 -1.835709 -0.023676 -0.001642 5.80642E-09
 ne  10   6.155904 -1.814096 -0.002064  0.019970 2.09766E-05
 na  11   4.652526 -1.657474  0.154558  0.176592 7.49850E-07
 mg  12   5.829309 -1.810690  0.001342  0.023376 1.19101E-05
 al  13   4.669073 -1.800927  0.011105  0.033139 9.14232E-07
 si  14   5.739945 -1.810055  0.001977  0.024012 1.12033E-05
  p  15   3.659955 -1.810045  0.001987  0.024022 1.02769E-07
  s  16   5.349932 -1.810068  0.001965  0.023999 5.21042E-06
 cl  17   3.419932 -1.810068  0.001965  0.023999 6.76853E-08
 ar  18   4.629926 -1.810074  0.001958  0.023993 1.23689E-06
  k  19   3.269297 -1.810703  0.001329  0.023363 5.27668E-08
 ca  20   4.479921 -1.810079  0.001953  0.023987 8.78489E-07
 sc  21   1.239931 -1.810069  0.001963  0.023998 5.67060E-10
 ti  22   3.099933 -1.810067  0.001965  0.023999 4.37400E-08
  v  23   2.148845 -1.811155  0.000877  0.022911 5.20991E-09
 cr  24   3.810641 -1.829359 -0.017326  0.004708 2.44074E-07
 mn  25   3.669938 -1.810062  0.001970  0.024004 1.86518E-07
 fe  26   5.729931 -1.810069  0.000000  0.023998 2.17683E-05
 co  27   3.059930 -1.810070 -0.000001  0.023996 4.91132E-08
 ni  28   4.389935 -1.810065  0.000004  0.024002 1.04576E-06
 cu  29   2.439932 -1.810068  0.000000  0.023998 1.27037E-08
 zn  30   2.819937 -1.810063  0.000005  0.024003 3.13678E-08
 ga  31   1.269933 -1.810067  0.000001  0.023999 9.42363E-10
 ge  32   1.735558 -1.844442 -0.034374 -0.010376 2.86842E-09
 as  33   0.489929 -1.810071 -0.000002  0.023996 1.68054E-10
 se  34   1.486005 -1.853995 -0.043926 -0.019929 1.75518E-09
 br  35   0.729940 -1.810060  0.000009  0.024007 3.11472E-10
 kr  36   1.438359 -1.811641 -0.001572  0.022426 1.66918E-09
 rb  37   0.539264 -1.820736 -0.010668  0.013330 2.14772E-10
 sr  38   1.070692 -1.809308  0.000761  0.024758 7.48523E-10
  y  39   0.359951 -1.810049  0.000020  0.024017 1.47840E-10
 zr  40   0.719934 -1.810066  0.000002  0.024000 3.47498E-10
 nb  41  -0.400058 -1.810058  0.000011  0.024009 2.68470E-11
 mo  42   0.008749 -1.931251 -0.121182 -0.097185 7.10655E-11
 tc  43   0.000000 -9.000000  0.000000  0.000000 2.42292E-23
 ru  44  -0.181015 -1.941015 -0.130946 -0.106949 4.83634E-11
 rh  45  -0.750067 -1.810067  0.000002  0.024000 1.32826E-11
 pd  46  -0.219252 -1.869252 -0.059183 -0.035185 4.66317E-11
 ag  47  -0.610068 -1.810068  0.000000  0.023998 1.92191E-11
 cd  48  -0.139789 -1.849789 -0.039720 -0.015722 5.91466E-11
 in  49  -1.069109 -1.829109 -0.019040  0.004957 7.10903E-12
 sn  50   0.197499 -1.872501 -0.062432 -0.038434 1.35799E-10
 sb  51  -1.042600 -2.052600 -0.242531 -0.218533 8.01336E-12
 te  52  -0.097441 -2.277441 -0.467372 -0.443374 7.40150E-11
  i  53  -0.260074 -1.810074 -0.000005  0.023993 5.06187E-11
 xe  54   0.392850 -1.847150 -0.037081 -0.013084 2.35506E-10
 cs  55  -0.730067 -1.810067  0.000001  0.023999 1.79632E-11
 ba  56   0.369034 -1.810966 -0.000898  0.023100 2.33184E-10
 la  57  -0.640459 -1.810459 -0.000390  0.023607 2.30766E-11
 ce  58  -0.231969 -1.811969 -0.001900  0.022097 5.96249E-11
 pr  59  -1.050067 -1.810067  0.000002  0.023999 9.11545E-12
 nd  60  -0.385071 -1.835071 -0.025002 -0.001004 4.31444E-11
 pm  61   0.000000 -9.000000  0.000000  0.000000 0.00000E+00
 sm  62  -0.999776 -1.939776 -0.129707 -0.105710 1.09211E-11
 eu  63  -1.300065 -1.810065  0.000004  0.024001 5.52821E-12
 gd  64  -0.760066 -1.810066  0.000003  0.024000 1.98351E-11
 tb  65  -1.490063 -1.810063  0.000006  0.024004 3.73284E-12
 dy  66  -0.680721 -1.810721 -0.000653  0.023345 2.46060E-11
 ho  67  -1.340066 -1.810066  0.000003  0.024000 5.47196E-12
 er  68  -0.897690 -1.817690 -0.007621  0.016376 1.53677E-11
 tm  69  -1.690068 -1.810068  0.000000  0.023998 2.50356E-12
 yb  70  -0.951096 -1.871096 -0.061027 -0.037029 1.40592E-11
 lu  71  -1.721400 -1.811400 -0.001332  0.022666 2.41249E-12
 hf  72  -1.100457 -1.810457 -0.000389  0.023609 1.02817E-11
 ta  73  -1.930120 -1.810120 -0.000052  0.023946 1.54292E-12
  w  74  -1.160589 -1.810589 -0.000521  0.023477 9.22063E-12
 re  75  -1.578839 -1.838839 -0.028771 -0.004773 3.56506E-12
 os  76  -0.457894 -1.807894  0.002174  0.026172 4.81165E-11
 ir  77  -0.490066 -1.810066  0.000003  0.024001 4.51477E-11
 pt  78  -0.222406 -1.842406 -0.032338 -0.008340 8.48617E-11
 au  79  -1.010064 -1.810064  0.000005  0.024002 1.39714E-11
 hg  80  -0.671683 -1.841683 -0.031615 -0.007617 3.10124E-11
 tl  81  -1.040066 -1.810066  0.000003  0.024001 1.35297E-11
 pb  82   0.229930 -1.810070 -0.000001  0.023996 2.55405E-10
 bi  83  -1.160064 -1.810064  0.000005  0.024003 1.04942E-11
 po  84   0.000000 -9.000000  0.000000  0.000000 1.26894E-24
#[ls/Fe]_Thiswork =   0.0003, [hs/Fe]_Thiswork =  -0.0011
#[hs/ls]_Thiswork =  -0.0013, [Pb/hs]_Thiswork =   0.0011
# Elemental abundance ratios: 
# He/H =  9.4325E-02, C/O =  4.2138E-01, N/O = 3.47874E-01
#
#  TP   Mass     Mcore    Menv    log L
#  3 0.999980 0.549951 0.450029 3.320020
# El  Z   log e(X)   [X/H]    [X/Fe]     [X/O]      X(i)
  p   1  12.000000  0.000000  0.000000  0.000000 7.28103E-01
 he   2  10.982521  0.052521  1.862589  1.886587 2.77740E-01
  c   6   6.515509 -1.954491 -0.144423 -0.120425 2.84329E-05
  n   7   6.462701 -1.407299  0.402770  0.426767 2.93615E-05
  o   8   6.892840 -1.837159 -0.027091  0.000000 9.02953E-05
  f   9   2.620028 -1.839972 -0.029903 -0.002812 5.72095E-09
 ne  10   6.156647 -1.813353 -0.003284  0.023806 2.09074E-05
 na  11   4.697642 -1.612358  0.197711  0.224801 8.27776E-07
 mg  12   5.831182 -1.808818  0.001251  0.028341 1.19017E-05
 al  13   4.675973 -1.794027  0.016042  0.043132 9.24228E-07
 si  14   5.742136 -1.807865  0.002204  0.029294 1.12036E-05
  p  15   3.662144 -1.807856  0.002213  0.029303 1.02772E-07
  s  16   5.352109 -1.807890  0.002178  0.029269 5.21042E-06
 cl  17   3.422112 -1.807889  0.002180  0.029271 6.76856E-08
 ar  18   4.632103 -1.807897  0.002172  0.029263 1.23689E-06
  k  19   3.271474 -1.808526  0.001543  0.028633 5.27668E-08
 ca  20   4.482099 -1.807901  0.002167  0.029258 8.78489E-07
 sc  21   1.242109 -1.807891  0.002178  0.029269 5.67060E-10
 ti  22   3.102110 -1.807890  0.002179  0.029269 4.37400E-08
  v  23   2.151022 -1.808978  0.001091  0.028181 5.20991E-09
 cr  24   3.812819 -1.827181 -0.017113  0.009978 2.44074E-07
 mn  25   3.672115 -1.807885  0.002184  0.029274 1.86518E-07
 fe  26   5.732109 -1.807891  0.000000  0.029268 2.17683E-05
 co  27   3.062107 -1.807893 -0.000001  0.029266 4.91132E-08
 ni  28   4.392113 -1.807887  0.000004  0.029272 1.04576E-06
 cu  29   2.442110 -1.807890  0.000001  0.029269 1.27037E-08
 zn  30   2.822114 -1.807886  0.000005  0.029273 3.13678E-08
 ga  31   1.272110 -1.807890  0.000001  0.029269 9.42363E-10
 ge  32   1.737735 -1.842265 -0.034374 -0.005106 2.86842E-09
 as  33   0.492106 -1.807894 -0.000002  0.029266 1.68054E-10
 se  34   1.488182 -1.851818 -0.043926 -0.014659 1.75518E-09
 br  35   0.732118 -1.807882  0.000009  0.029277 3.11472E-10
 kr  36   1.440536 -1.809464 -0.001572  0.027696 1.66918E-09
 rb  37   0.541441 -1.818559 -0.010668  0.018600 2.14771E-10
 sr  38   1.072869 -1.807131  0.000761  0.030028 7.48523E-10
  y  39   0.362129 -1.807871  0.000021  0.029288 1.47840E-10
 zr  40   0.722111 -1.807889  0.000002  0.029270 3.47498E-10
 nb  41  -0.397881 -1.807881  0.000011  0.029279 2.68470E-11
 mo  42   0.010927 -1.929073 -0.121181 -0.091914 7.10655E-11
 tc  43   0.000000 -9.000000  0.000000  0.000000 1.60121E-22
 ru  44  -0.178838 -1.938838 -0.130946 -0.101679 4.83634E-11
 rh  45  -0.747890 -1.807889  0.000002  0.029270 1.32826E-11
 pd  46  -0.217074 -1.867074 -0.059183 -0.029915 4.66317E-11
 ag  47  -0.607891 -1.807891  0.000000  0.029268 1.92191E-11
 cd  48  -0.137611 -1.847611 -0.039720 -0.010452 5.91466E-11
 in  49  -1.066932 -1.826932 -0.019040  0.010227 7.10903E-12
 sn  50   0.199677 -1.870323 -0.062432 -0.033164 1.35799E-10
 sb  51  -1.040421 -2.050421 -0.242530 -0.213262 8.01336E-12
 te  52  -0.095263 -2.275264 -0.467372 -0.438104 7.40150E-11
  i  53  -0.257895 -1.807895 -0.000004  0.029264 5.06187E-11
 xe  54   0.395027 -1.844973 -0.037081 -0.007814 2.35506E-10
 cs  55  -0.727890 -1.807890  0.000001  0.029269 1.79632E-11
 ba  56   0.371211 -1.808789 -0.000898  0.028370 2.33184E-10
 la  57  -0.638282 -1.808282 -0.000390  0.028877 2.30766E-11
 ce  58  -0.229792 -1.809792 -0.001900  0.027367 5.96249E-11
 pr  59  -1.047890 -1.807890  0.000002  0.029269 9.11545E-12
 nd  60  -0.382893 -1.832893 -0.025001  0.004267 4.31444E-11
 pm  61   0.000000 -9.000000  0.000000  0.000000 0.00000E+00
 sm  62  -0.997599 -1.937599 -0.129707 -0.100440 1.09211E-11
 eu  63  -1.297888 -1.807888  0.000004  0.029271 5.52821E-12
 gd  64  -0.757889 -1.807889  0.000003  0.029270 1.98351E-11
 tb  65  -1.487885 -1.807884  0.000007  0.029275 3.73284E-12
 dy  66  -0.678544 -1.808544 -0.000653  0.028615 2.46060E-11
 ho  67  -1.337889 -1.807889  0.000003  0.029270 5.47196E-12
 er  68  -0.895513 -1.815513 -0.007621  0.021646 1.53677E-11
 tm  69  -1.687890 -1.807890  0.000001  0.029269 2.50356E-12
 yb  70  -0.948918 -1.868918 -0.061027 -0.031759 1.40592E-11
 lu  71  -1.719223 -1.809223 -0.001332  0.027936 2.41249E-12
 hf  72  -1.098280 -1.808280 -0.000389  0.028879 1.02817E-11
 ta  73  -1.927943 -1.807943 -0.000052  0.029216 1.54292E-12
  w  74  -1.158411 -1.808411 -0.000520  0.028748 9.22063E-12
 re  75  -1.576662 -1.836662 -0.028771  0.000497 3.56505E-12
 os  76  -0.455717 -1.805717  0.002174  0.031442 4.81165E-11
 ir  77  -0.487887 -1.807887  0.000004  0.029272 4.51477E-11
 pt  78  -0.220229 -1.840229 -0.032338 -0.003070 8.48617E-11
 au  79  -1.007887 -1.807887  0.000005  0.029272 1.39714E-11
 hg  80  -0.669505 -1.839505 -0.031614 -0.002346 3.10124E-11
 tl  81  -1.037889 -1.807889  0.000003  0.029271 1.35297E-11
 pb  82   0.232107 -1.807893 -0.000001  0.029266 2.55405E-10
 bi  83  -1.157887 -1.807886  0.000005  0.029273 1.04942E-11
 po  84   0.000000 -9.000000  0.000000  0.000000 1.34211E-23
#[ls/Fe]_Thiswork =   0.0003, [hs/Fe]_Thiswork =  -0.0011
#[hs/ls]_Thiswork =  -0.0013, [Pb/hs]_Thiswork =   0.0011
# Elemental abundance ratios: 
# He/H =  9.6055E-02, C/O =  4.1944E-01, N/O = 3.71416E-01
#
#  TP   Mass     Mcore    Menv    log L
#  4 0.999976 0.557378 0.442598 3.430336
# El  Z   log e(X)   [X/H]    [X/Fe]     [X/O]      X(i)
  p   1  12.000000  0.000000  0.000000  0.000000 7.28242E-01
 he   2  10.982221  0.052220  1.860112  1.889380 2.77601E-01
  c   6   6.515765 -1.954235 -0.146344 -0.117076 2.84551E-05
  n   7   6.461930 -1.408070  0.399822  0.429090 2.93150E-05
  o   8   6.892870 -1.837130 -0.029238  0.000000 9.03188E-05
  f   9   2.620033 -1.839967 -0.032075 -0.002837 5.72211E-09
 ne  10   6.156587 -1.813413 -0.005521  0.023717 2.09085E-05
 na  11   4.696896 -1.613104  0.194787  0.224025 8.26513E-07
 mg  12   5.831104 -1.808896 -0.001005  0.028234 1.19019E-05
 al  13   4.675815 -1.794185  0.013706  0.042944 9.24068E-07
 si  14   5.742052 -1.807948 -0.000057  0.029181 1.12036E-05
  p  15   3.662061 -1.807939 -0.000048  0.029191 1.02772E-07
  s  16   5.352026 -1.807973 -0.000082  0.029156 5.21042E-06
 cl  17   3.422029 -1.807971 -0.000080  0.029158 6.76856E-08
 ar  18   4.632020 -1.807980 -0.000088  0.029150 1.23689E-06
  k  19   3.271391 -1.808609 -0.000718  0.028521 5.27668E-08
 ca  20   4.482016 -1.807984 -0.000093  0.029145 8.78489E-07
 sc  21   1.242026 -1.807974 -0.000082  0.029156 5.67060E-10
 ti  22   3.102027 -1.807973 -0.000082  0.029157 4.37400E-08
  v  23   2.150939 -1.809061 -0.001170  0.028069 5.20991E-09
 cr  24   3.812736 -1.827264 -0.019373  0.009865 2.44074E-07
 mn  25   3.672032 -1.807968 -0.000076  0.029162 1.86518E-07
 fe  26   5.732026 -1.807974  0.000000  0.029155 2.17683E-05
 co  27   3.062024 -1.807976 -0.000001  0.029154 4.91132E-08
 ni  28   4.392029 -1.807971  0.000004  0.029159 1.04576E-06
 cu  29   2.442026 -1.807974  0.000000  0.029156 1.27037E-08
 zn  30   2.822031 -1.807969  0.000005  0.029160 3.13678E-08
 ga  31   1.272027 -1.807973  0.000001  0.029157 9.42363E-10
 ge  32   1.737652 -1.842348 -0.034374 -0.005219 2.86842E-09
 as  33   0.492023 -1.807976 -0.000002  0.029153 1.68054E-10
 se  34   1.488099 -1.851901 -0.043926 -0.014771 1.75518E-09
 br  35   0.732035 -1.807965  0.000009  0.029164 3.11472E-10
 kr  36   1.440454 -1.809546 -0.001572  0.027583 1.66918E-09
 rb  37   0.541357 -1.818643 -0.010669  0.018487 2.14771E-10
 sr  38   1.072786 -1.807214  0.000761  0.029916 7.48523E-10
  y  39   0.362046 -1.807954  0.000021  0.029176 1.47840E-10
 zr  40   0.722028 -1.807972  0.000002  0.029157 3.47498E-10
 nb  41  -0.397964 -1.807963  0.000011  0.029166 2.68470E-11
 mo  42   0.010843 -1.929157 -0.121182 -0.092027 7.10655E-11
 tc  43   0.000000 -9.000000  0.000000  0.000000 5.62005E-23
 ru  44  -0.178921 -1.938921 -0.130946 -0.101791 4.83634E-11
 rh  45  -0.747972 -1.807972  0.000002  0.029157 1.32826E-11
 pd  46  -0.217157 -1.867157 -0.059183 -0.030028 4.66317E-11
 ag  47  -0.607974 -1.807974  0.000000  0.029155 1.92191E-11
 cd  48  -0.137694 -1.847694 -0.039720 -0.010565 5.91466E-11
 in  49  -1.067015 -1.827015 -0.019040  0.010115 7.10903E-12
 sn  50   0.199594 -1.870406 -0.062432 -0.033277 1.35799E-10
 sb  51  -1.040504 -2.050504 -0.242530 -0.213375 8.01336E-12
 te  52  -0.095346 -2.275347 -0.467372 -0.438217 7.40150E-11
  i  53  -0.257979 -1.807979 -0.000005  0.029150 5.06187E-11
 xe  54   0.394944 -1.845056 -0.037081 -0.007926 2.35506E-10
 cs  55  -0.727973 -1.807973  0.000001  0.029157 1.79632E-11
 ba  56   0.371128 -1.808872 -0.000898  0.028258 2.33184E-10
 la  57  -0.638365 -1.808365 -0.000390  0.028765 2.30766E-11
 ce  58  -0.229875 -1.809875 -0.001900  0.027255 5.96249E-11
 pr  59  -1.047973 -1.807973  0.000002  0.029157 9.11545E-12
 nd  60  -0.382976 -1.832976 -0.025001  0.004154 4.31444E-11
 pm  61   0.000000 -9.000000  0.000000  0.000000 0.00000E+00
 sm  62  -0.997682 -1.937682 -0.129707 -0.100552 1.09211E-11
 eu  63  -1.297971 -1.807971  0.000004  0.029159 5.52821E-12
 gd  64  -0.757972 -1.807972  0.000003  0.029158 1.98351E-11
 tb  65  -1.487967 -1.807967  0.000007  0.029162 3.73284E-12
 dy  66  -0.678627 -1.808627 -0.000653  0.028503 2.46060E-11
 ho  67  -1.337972 -1.807972  0.000003  0.029158 5.47196E-12
 er  68  -0.895596 -1.815596 -0.007621  0.021534 1.53677E-11
 tm  69  -1.687973 -1.807973  0.000001  0.029157 2.50356E-12
 yb  70  -0.949001 -1.869001 -0.061027 -0.031872 1.40592E-11
 lu  71  -1.719306 -1.809306 -0.001332  0.027824 2.41249E-12
 hf  72  -1.098363 -1.808363 -0.000389  0.028767 1.02817E-11
 ta  73  -1.928026 -1.808026 -0.000052  0.029103 1.54292E-12
  w  74  -1.158494 -1.808494 -0.000520  0.028636 9.22063E-12
 re  75  -1.576747 -1.836747 -0.028773  0.000383 3.56504E-12
 os  76  -0.455800 -1.805800  0.002174  0.031330 4.81165E-11
 ir  77  -0.487971 -1.807971  0.000003  0.029158 4.51477E-11
 pt  78  -0.220312 -1.840312 -0.032338 -0.003183 8.48617E-11
 au  79  -1.007970 -1.807970  0.000005  0.029160 1.39714E-11
 hg  80  -0.669589 -1.839589 -0.031615 -0.002459 3.10124E-11
 tl  81  -1.037971 -1.807971  0.000003  0.029158 1.35297E-11
 pb  82   0.232024 -1.807976 -0.000001  0.029154 2.55405E-10
 bi  83  -1.157969 -1.807969  0.000005  0.029160 1.04942E-11
 po  84   0.000000 -9.000000  0.000000  0.000000 1.33849E-23
#[ls/Fe]_Thiswork =   0.0003, [hs/Fe]_Thiswork =  -0.0011
#[hs/ls]_Thiswork =  -0.0013, [Pb/hs]_Thiswork =   0.0011
# Elemental abundance ratios: 
# He/H =  9.5989E-02, C/O =  4.1966E-01, N/O = 3.70732E-01
#
#  TP   Mass     Mcore    Menv    log L
#  5 0.999970 0.566241 0.433729 3.498794
# El  Z   log e(X)   [X/H]    [X/Fe]     [X/O]      X(i)
  p   1  12.000000  0.000000  0.000000  0.000000 7.28269E-01
 he   2  10.982162  0.052162  1.860137  1.889292 2.77574E-01
  c   6   6.515041 -1.954959 -0.146985 -0.117829 2.84087E-05
  n   7   6.463556 -1.406444  0.401531  0.430686 2.94261E-05
  o   8   6.892540 -1.837459 -0.029485  0.000000 9.02536E-05
  f   9   2.619481 -1.840519 -0.032545 -0.003060 5.71505E-09
 ne  10   6.156536 -1.813464 -0.005489  0.023995 2.09068E-05
 na  11   4.697878 -1.612122  0.195852  0.225337 8.28415E-07
 mg  12   5.831064 -1.808936 -0.000961  0.028523 1.19012E-05
 al  13   4.676137 -1.793863  0.014112  0.043596 9.24788E-07
 si  14   5.742036 -1.807964  0.000010  0.029495 1.12036E-05
  p  15   3.662045 -1.807955  0.000019  0.029504 1.02772E-07
  s  16   5.352010 -1.807990 -0.000015  0.029469 5.21042E-06
 cl  17   3.422012 -1.807988 -0.000013  0.029471 6.76856E-08
 ar  18   4.632004 -1.807996 -0.000021  0.029463 1.23689E-06
  k  19   3.271375 -1.808625 -0.000651  0.028834 5.27668E-08
 ca  20   4.481999 -1.808001 -0.000026  0.029459 8.78489E-07
 sc  21   1.242010 -1.807990 -0.000015  0.029469 5.67060E-10
 ti  22   3.102011 -1.807989 -0.000015  0.029470 4.37400E-08
  v  23   2.150923 -1.809077 -0.001103  0.028382 5.20991E-09
 cr  24   3.812719 -1.827281 -0.019306  0.010179 2.44074E-07
 mn  25   3.672016 -1.807984 -0.000010  0.029475 1.86518E-07
 fe  26   5.732009 -1.807991  0.000000  0.029469 2.17683E-05
 co  27   3.062008 -1.807992 -0.000001  0.029467 4.91132E-08
 ni  28   4.392013 -1.807987  0.000004  0.029472 1.04576E-06
 cu  29   2.442011 -1.807989  0.000001  0.029470 1.27037E-08
 zn  30   2.822015 -1.807985  0.000005  0.029474 3.13678E-08
 ga  31   1.272011 -1.807989  0.000001  0.029470 9.42363E-10
 ge  32   1.737636 -1.842364 -0.034374 -0.004905 2.86842E-09
 as  33   0.492007 -1.807993 -0.000002  0.029466 1.68054E-10
 se  34   1.488083 -1.851917 -0.043926 -0.014458 1.75518E-09
 br  35   0.732018 -1.807981  0.000009  0.029478 3.11472E-10
 kr  36   1.440437 -1.809563 -0.001572  0.027896 1.66918E-09
 rb  37   0.541341 -1.818659 -0.010669  0.018800 2.14771E-10
 sr  38   1.072771 -1.807229  0.000762  0.030230 7.48523E-10
  y  39   0.362030 -1.807970  0.000021  0.029489 1.47840E-10
 zr  40   0.722012 -1.807988  0.000002  0.029471 3.47498E-10
 nb  41  -0.397980 -1.807980  0.000011  0.029479 2.68470E-11
 mo  42   0.010827 -1.929173 -0.121182 -0.091714 7.10655E-11
 tc  43   0.000000 -9.000000  0.000000  0.000000 1.93401E-23
 ru  44  -0.178937 -1.938937 -0.130946 -0.101478 4.83634E-11
 rh  45  -0.747989 -1.807989  0.000002  0.029470 1.32826E-11
 pd  46  -0.217174 -1.867174 -0.059183 -0.029714 4.66317E-11
 ag  47  -0.607990 -1.807990  0.000000  0.029469 1.92191E-11
 cd  48  -0.137711 -1.847711 -0.039720 -0.010252 5.91466E-11
 in  49  -1.067031 -1.827031 -0.019040  0.010428 7.10903E-12
 sn  50   0.199577 -1.870423 -0.062432 -0.032964 1.35799E-10
 sb  51  -1.040521 -2.050521 -0.242530 -0.213062 8.01336E-12
 te  52  -0.095363 -2.275363 -0.467372 -0.437904 7.40150E-11
  i  53  -0.257996 -1.807996 -0.000005  0.029464 5.06187E-11
 xe  54   0.394928 -1.845072 -0.037081 -0.007613 2.35506E-10
 cs  55  -0.727989 -1.807989  0.000001  0.029470 1.79632E-11
 ba  56   0.371112 -1.808888 -0.000898  0.028571 2.33184E-10
 la  57  -0.638381 -1.808381 -0.000390  0.029078 2.30766E-11
 ce  58  -0.229891 -1.809891 -0.001900  0.027568 5.96249E-11
 pr  59  -1.047989 -1.807989  0.000002  0.029470 9.11545E-12
 nd  60  -0.382992 -1.832992 -0.025001  0.004467 4.31444E-11
 pm  61   0.000000 -9.000000  0.000000  0.000000 0.00000E+00
 sm  62  -0.997698 -1.937698 -0.129707 -0.100239 1.09211E-11
 eu  63  -1.297987 -1.807987  0.000004  0.029472 5.52821E-12
 gd  64  -0.757988 -1.807988  0.000003  0.029471 1.98351E-11
 tb  65  -1.487984 -1.807984  0.000007  0.029475 3.73284E-12
 dy  66  -0.678643 -1.808643 -0.000653  0.028816 2.46060E-11
 ho  67  -1.337988 -1.807988  0.000003  0.029471 5.47196E-12
 er  68  -0.895612 -1.815612 -0.007621  0.021847 1.53677E-11
 tm  69  -1.687989 -1.807989  0.000001  0.029470 2.50356E-12
 yb  70  -0.949018 -1.869018 -0.061027 -0.031559 1.40592E-11
 lu  71  -1.719322 -1.809322 -0.001332  0.028137 2.41249E-12
 hf  72  -1.098379 -1.808379 -0.000389  0.029080 1.02817E-11
 ta  73  -1.928042 -1.808042 -0.000052  0.029417 1.54292E-12
  w  74  -1.158510 -1.808510 -0.000520  0.028949 9.22063E-12
 re  75  -1.576765 -1.836765 -0.028774  0.000694 3.56503E-12
 os  76  -0.455816 -1.805816  0.002174  0.031643 4.81165E-11
 ir  77  -0.487988 -1.807988  0.000003  0.029472 4.51477E-11
 pt  78  -0.220328 -1.840328 -0.032338 -0.002869 8.48617E-11
 au  79  -1.007986 -1.807986  0.000005  0.029473 1.39714E-11
 hg  80  -0.669605 -1.839605 -0.031615 -0.002146 3.10124E-11
 tl  81  -1.037988 -1.807988  0.000003  0.029471 1.35297E-11
 pb  82   0.232008 -1.807992 -0.000001  0.029467 2.55405E-10
 bi  83  -1.157986 -1.807986  0.000005  0.029473 1.04942E-11
 po  84   0.000000 -9.000000  0.000000  0.000000 1.33700E-23
#[ls/Fe]_Thiswork =   0.0003, [hs/Fe]_Thiswork =  -0.0011
#[hs/ls]_Thiswork =  -0.0013, [Pb/hs]_Thiswork =   0.0011
# Elemental abundance ratios: 
# He/H =  9.5976E-02, C/O =  4.1928E-01, N/O = 3.72405E-01
#
#  TP   Mass     Mcore    Menv    log L
#  6 0.999962 0.576028 0.423934 3.556692
# El  Z   log e(X)   [X/H]    [X/Fe]     [X/O]      X(i)
  p   1  12.000000  0.000000  0.000000  0.000000 7.28441E-01
 he   2  10.981791  0.051791  1.859782  1.889250 2.77403E-01
  c   6   6.515304 -1.954697 -0.146706 -0.117238 2.84326E-05
  n   7   6.463837 -1.406163  0.401828  0.431296 2.94521E-05
  o   8   6.892142 -1.837857 -0.029867  0.000000 9.01922E-05
  f   9   2.618951 -1.841049 -0.033059 -0.003192 5.70943E-09
 ne  10   6.156397 -1.813602 -0.005612  0.024255 2.09051E-05
 na  11   4.698404 -1.611596  0.196394  0.226261 8.29615E-07
 mg  12   5.830937 -1.809063 -0.001072  0.028794 1.19005E-05
 al  13   4.676783 -1.793217  0.014774  0.044641 9.26384E-07
 si  14   5.741937 -1.808063 -0.000072  0.029794 1.12037E-05
  p  15   3.661942 -1.808058 -0.000068  0.029799 1.02772E-07
  s  16   5.351908 -1.808092 -0.000102  0.029765 5.21042E-06
 cl  17   3.421911 -1.808089 -0.000098  0.029768 6.76859E-08
 ar  18   4.631902 -1.808098 -0.000108  0.029759 1.23689E-06
  k  19   3.271272 -1.808728 -0.000738  0.029129 5.27668E-08
 ca  20   4.481896 -1.808104 -0.000113  0.029754 8.78489E-07
 sc  21   1.241907 -1.808093 -0.000102  0.029764 5.67060E-10
 ti  22   3.101909 -1.808091 -0.000101  0.029766 4.37400E-08
  v  23   2.150820 -1.809180 -0.001190  0.028677 5.20991E-09
 cr  24   3.812617 -1.827383 -0.019392  0.010475 2.44074E-07
 mn  25   3.671913 -1.808087 -0.000096  0.029770 1.86518E-07
 fe  26   5.731907 -1.808093  0.000000  0.029764 2.17683E-05
 co  27   3.061906 -1.808094 -0.000001  0.029763 4.91132E-08
 ni  28   4.391911 -1.808089  0.000004  0.029768 1.04576E-06
 cu  29   2.441908 -1.808092  0.000001  0.029765 1.27037E-08
 zn  30   2.821913 -1.808087  0.000006  0.029770 3.13678E-08
 ga  31   1.271908 -1.808092  0.000001  0.029765 9.42363E-10
 ge  32   1.737533 -1.842467 -0.034374 -0.004610 2.86842E-09
 as  33   0.491905 -1.808095 -0.000002  0.029763 1.68054E-10
 se  34   1.487981 -1.852019 -0.043926 -0.014162 1.75518E-09
 br  35   0.731916 -1.808084  0.000010  0.029774 3.11472E-10
 kr  36   1.440335 -1.809665 -0.001572  0.028193 1.66918E-09
 rb  37   0.541238 -1.818762 -0.010669  0.019095 2.14771E-10
 sr  38   1.072668 -1.807332  0.000761  0.030525 7.48524E-10
  y  39   0.361927 -1.808073  0.000020  0.029784 1.47840E-10
 zr  40   0.721909 -1.808091  0.000002  0.029766 3.47498E-10
 nb  41  -0.398083 -1.808083  0.000010  0.029775 2.68470E-11
 mo  42   0.010725 -1.929275 -0.121182 -0.091418 7.10655E-11
 tc  43   0.000000 -9.000000  0.000000  0.000000 7.17059E-24
 ru  44  -0.179039 -1.939039 -0.130946 -0.101182 4.83634E-11
 rh  45  -0.748092 -1.808092  0.000001  0.029766 1.32826E-11
 pd  46  -0.217277 -1.867277 -0.059183 -0.029419 4.66317E-11
 ag  47  -0.608092 -1.808092  0.000001  0.029765 1.92191E-11
 cd  48  -0.137814 -1.847814 -0.039721 -0.009956 5.91466E-11
 in  49  -1.067133 -1.827133 -0.019040  0.010724 7.10903E-12
 sn  50   0.199474 -1.870526 -0.062433 -0.032668 1.35799E-10
 sb  51  -1.040624 -2.050624 -0.242531 -0.212766 8.01336E-12
 te  52  -0.095465 -2.275465 -0.467372 -0.437608 7.40150E-11
  i  53  -0.258098 -1.808098 -0.000005  0.029760 5.06187E-11
 xe  54   0.394826 -1.845174 -0.037081 -0.007317 2.35506E-10
 cs  55  -0.728092 -1.808092  0.000001  0.029765 1.79632E-11
 ba  56   0.371009 -1.808991 -0.000898  0.028866 2.33184E-10
 la  57  -0.638483 -1.808483 -0.000390  0.029374 2.30766E-11
 ce  58  -0.229994 -1.809994 -0.001901  0.027863 5.96249E-11
 pr  59  -1.048092 -1.808092  0.000001  0.029765 9.11545E-12
 nd  60  -0.383095 -1.833095 -0.025002  0.004762 4.31444E-11
 pm  61   0.000000 -9.000000  0.000000  0.000000 0.00000E+00
 sm  62  -0.997801 -1.937801 -0.129708 -0.099944 1.09211E-11
 eu  63  -1.298090 -1.808090  0.000003  0.029767 5.52821E-12
 gd  64  -0.758090 -1.808090  0.000003  0.029767 1.98351E-11
 tb  65  -1.488087 -1.808087  0.000006  0.029771 3.73284E-12
 dy  66  -0.678745 -1.808745 -0.000652  0.029112 2.46060E-11
 ho  67  -1.338091 -1.808091  0.000002  0.029766 5.47196E-12
 er  68  -0.895714 -1.815714 -0.007621  0.022143 1.53677E-11
 tm  69  -1.688092 -1.808092  0.000001  0.029765 2.50356E-12
 yb  70  -0.949120 -1.869120 -0.061027 -0.031262 1.40592E-11
 lu  71  -1.719424 -1.809424 -0.001331  0.028433 2.41249E-12
 hf  72  -1.098482 -1.808482 -0.000389  0.029375 1.02817E-11
 ta  73  -1.928144 -1.808144 -0.000051  0.029713 1.54292E-12
  w  74  -1.158613 -1.808613 -0.000520  0.029244 9.22063E-12
 re  75  -1.576869 -1.836869 -0.028776  0.000988 3.56501E-12
 os  76  -0.455918 -1.805918  0.002175  0.031939 4.81165E-11
 ir  77  -0.488090 -1.808090  0.000003  0.029768 4.51477E-11
 pt  78  -0.220430 -1.840430 -0.032337 -0.002573 8.48617E-11
 au  79  -1.008089 -1.808089  0.000004  0.029768 1.39714E-11
 hg  80  -0.669707 -1.839707 -0.031614 -0.001850 3.10124E-11
 tl  81  -1.038091 -1.808091  0.000002  0.029767 1.35297E-11
 pb  82   0.231905 -1.808095 -0.000002  0.029762 2.55405E-10
 bi  83  -1.158089 -1.808089  0.000004  0.029769 1.04942E-11
 po  84   0.000000 -9.000000  0.000000  0.000000 1.32696E-23
#[ls/Fe]_Thiswork =   0.0003, [hs/Fe]_Thiswork =  -0.0011
#[hs/ls]_Thiswork =  -0.0013, [Pb/hs]_Thiswork =   0.0011
# Elemental abundance ratios: 
# He/H =  9.5894E-02, C/O =  4.1992E-01, N/O = 3.72988E-01
#
#  TP   Mass     Mcore    Menv    log L
#  7 0.999952 0.585779 0.414173 3.607583
# El  Z   log e(X)   [X/H]    [X/Fe]     [X/O]      X(i)
  p   1  12.000000  0.000000  0.000000  0.000000 7.27403E-01
 he   2  10.983667  0.053667  1.861760  1.891524 2.78207E-01
  c   6   7.455072 -1.014928  0.793165  0.822929 2.47153E-04
  n   7   6.467081 -1.402919  0.405174  0.434938 2.96306E-05
  o   8   6.923663 -1.806337  0.001756  0.000000 9.68434E-05
  f   9   2.703428 -1.756572  0.051521  0.049765 6.92550E-09
 ne  10   6.162086 -1.807913  0.000180 -0.001576 2.11506E-05
 na  11   4.701771 -1.608229  0.199864  0.198108 8.34881E-07
 mg  12   5.831219 -1.808781 -0.000688 -0.002444 1.18913E-05
 al  13   4.686863 -1.783136  0.024957  0.023201 9.46787E-07
 si  14   5.743443 -1.806557  0.001536 -0.000220 1.12266E-05
  p  15   3.665569 -1.804430  0.003663  0.001906 1.03486E-07
  s  16   5.352448 -1.807552  0.000541 -0.001215 5.20947E-06
 cl  17   3.423907 -1.806093  0.002000  0.000244 6.79008E-08
 ar  18   4.632412 -1.807588  0.000505 -0.001251 1.23658E-06
  k  19   3.272453 -1.807547  0.000546 -0.001210 5.28351E-08
 ca  20   4.482339 -1.807661  0.000432 -0.001324 8.78131E-07
 sc  21   1.247477 -1.802523  0.005570  0.003814 5.73560E-10
 ti  22   3.102714 -1.807286  0.000807 -0.000949 4.37587E-08
  v  23   2.151218 -1.808782 -0.000689 -0.002445 5.20726E-09
 cr  24   3.813138 -1.826862 -0.018769 -0.020525 2.44019E-07
 mn  25   3.672319 -1.807681  0.000412 -0.001344 1.86426E-07
 fe  26   5.732394 -1.807606  0.000000 -0.001269 2.17617E-05
 co  27   3.073069 -1.796931  0.010675  0.009406 5.03202E-08
 ni  28   4.393901 -1.806098  0.001508  0.000238 1.04907E-06
 cu  29   2.484519 -1.765481  0.042125  0.040856 1.39934E-08
 zn  30   2.833968 -1.796032  0.011574  0.010305 3.22048E-08
 ga  31   1.318149 -1.761851  0.045755  0.044486 1.04674E-09
 ge  32   1.783165 -1.796835  0.010771  0.009502 3.18168E-09
 as  33   0.515697 -1.784303  0.023303  0.022033 1.77264E-10
 se  34   1.534466 -1.805534  0.002072  0.000803 1.95069E-09
 br  35   0.754590 -1.785410  0.022196  0.020927 3.27698E-10
 kr  36   1.475044 -1.774956  0.032650  0.031381 1.80548E-09
 rb  37   0.599236 -1.760763  0.046843  0.045573 2.45106E-10
 sr  38   1.105492 -1.774508  0.033098  0.031828 8.06138E-10
  y  39   0.396813 -1.773187  0.034420  0.033150 1.59978E-10
 zr  40   0.745696 -1.784304  0.023302  0.022033 3.66538E-10
 nb  41  -0.376898 -1.786898  0.020708  0.019439 2.81489E-11
 mo  42   0.024073 -1.915927 -0.108321 -0.109591 7.31791E-11
 tc  43  -3.380921 -9.000000  0.000000  0.000000 2.94184E-14
 ru  44  -0.172738 -1.932738 -0.125132 -0.126401 4.90004E-11
 rh  45  -0.746056 -1.806056  0.001551  0.000281 1.33260E-11
 pd  46  -0.210652 -1.860652 -0.053046 -0.054315 4.72809E-11
 ag  47  -0.606479 -1.806479  0.001127 -0.000142 1.92632E-11
 cd  48  -0.130859 -1.840859 -0.033253 -0.034523 6.00156E-11
 in  49  -1.062943 -1.822943 -0.015337 -0.016607 7.16772E-12
 sn  50   0.206219 -1.863781 -0.056175 -0.057444 1.37727E-10
 sb  51  -1.037560 -2.047559 -0.239953 -0.241223 8.05860E-12
 te  52  -0.091774 -2.271774 -0.464168 -0.465437 7.45404E-11
  i  53  -0.257554 -1.807554  0.000052 -0.001217 5.06099E-11
 xe  54   0.396207 -1.843793 -0.036187 -0.037456 2.35919E-10
 cs  55  -0.725099 -1.805099  0.002508  0.001238 1.80616E-11
 ba  56   0.373269 -1.806731  0.000875 -0.000394 2.34067E-10
 la  57  -0.636870 -1.806870  0.000736 -0.000533 2.31294E-11
 ce  58  -0.228642 -1.808643 -0.001036 -0.002306 5.97255E-11
 pr  59  -1.047175 -1.807175  0.000431 -0.000839 9.12168E-12
 nd  60  -0.382212 -1.832212 -0.024606 -0.025875 4.31706E-11
 pm  61   0.000000 -9.000000  0.000000  0.000000 0.00000E+00
 sm  62  -0.997230 -1.937230 -0.129623 -0.130893 1.09199E-11
 eu  63  -1.297776 -1.807776 -0.000170 -0.001439 5.52432E-12
 gd  64  -0.757666 -1.807666 -0.000059 -0.001329 1.98262E-11
 tb  65  -1.487744 -1.807744 -0.000138 -0.001407 3.73046E-12
 dy  66  -0.678329 -1.808329 -0.000723 -0.001993 2.45945E-11
 ho  67  -1.337771 -1.807771 -0.000165 -0.001435 5.46818E-12
 er  68  -0.895199 -1.815199 -0.007593 -0.008862 1.53641E-11
 tm  69  -1.687620 -1.807620 -0.000014 -0.001283 2.50272E-12
 yb  70  -0.948413 -1.868413 -0.060807 -0.062076 1.40620E-11
 lu  71  -1.718859 -1.808859 -0.001253 -0.002522 2.41219E-12
 hf  72  -1.097397 -1.807397  0.000209 -0.001060 1.02928E-11
 ta  73  -1.926844 -1.806844  0.000763 -0.000507 1.54534E-12
  w  74  -1.157717 -1.807717 -0.000111 -0.001380 9.22651E-12
 re  75  -1.576263 -1.836263 -0.028657 -0.029927 3.56490E-12
 os  76  -0.455546 -1.805546  0.002060  0.000790 4.80892E-11
 ir  77  -0.487821 -1.807821 -0.000214 -0.001484 4.51113E-11
 pt  78  -0.220120 -1.840120 -0.032514 -0.033784 8.48013E-11
 au  79  -1.007771 -1.807770 -0.000164 -0.001434 1.39617E-11
 hg  80  -0.668566 -1.838566 -0.030959 -0.032229 3.10497E-11
 tl  81  -1.036484 -1.806484  0.001122 -0.000147 1.35605E-11
 pb  82   0.233021 -1.806979  0.000627 -0.000642 2.55697E-10
 bi  83  -1.157420 -1.807420  0.000186 -0.001083 1.04954E-11
 po  84  -4.512678 -9.000000  0.000000  0.000000 4.63215E-15
#[ls/Fe]_Thiswork =   0.0303, [hs/Fe]_Thiswork =   0.0002
#[hs/ls]_Thiswork =  -0.0301, [Pb/hs]_Thiswork =   0.0004
# Elemental abundance ratios: 
# He/H =  9.6309E-02, C/O =  3.3995E+00, N/O = 3.49477E-01
#
#  TP   Mass     Mcore    Menv    log L
#  8 0.999924 0.592983 0.406942 3.728710
# El  Z   log e(X)   [X/H]    [X/Fe]     [X/O]      X(i)
  p   1  12.000000  0.000000  0.000000  0.000000 7.24439E-01
 he   2  10.988281  0.058281  1.865887  1.864618 2.80032E-01
  c   6   8.171045 -0.298955  1.508651  1.507382 1.27987E-03
  n   7   6.487088 -1.382912  0.424694  0.423425 3.09011E-05
  o   8   7.090991 -1.639009  0.168597  0.000000 1.41783E-04
  f   9   3.736899 -0.723101  1.084506  0.915908 7.44987E-08
 ne  10   6.574773 -1.395227  0.412379  0.243782 5.44797E-05
 na  11   4.747777 -1.562223  0.245383  0.076786 9.24393E-07
 mg  12   5.833972 -1.806027  0.001579 -0.167018 1.19182E-05
 al  13   4.707813 -1.762187  0.045419 -0.123178 9.89528E-07
 si  14   5.747349 -1.802651  0.004955 -0.163642 1.12818E-05
  p  15   3.702439 -1.767560  0.040046 -0.128551 1.12196E-07
  s  16   5.353867 -1.806133  0.001473 -0.167124 5.20522E-06
 cl  17   3.430699 -1.799301  0.008306 -0.160292 6.86900E-08
 ar  18   4.633637 -1.806363  0.001243 -0.167354 1.23502E-06
  k  19   3.276934 -1.803066  0.004540 -0.164057 5.31654E-08
 ca  20   4.483173 -1.806827  0.000780 -0.167818 8.76234E-07
 sc  21   1.271987 -1.778013  0.029593 -0.139004 6.04388E-10
 ti  22   3.106997 -1.803003  0.004603 -0.163994 4.40122E-08
  v  23   2.152551 -1.807449  0.000157 -0.168440 5.20197E-09
 cr  24   3.814262 -1.825737 -0.018131 -0.186728 2.43654E-07
 mn  25   3.673226 -1.806774  0.000833 -0.167765 1.86055E-07
 fe  26   5.733264 -1.806736  0.000000 -0.167727 2.17165E-05
 co  27   3.100508 -1.769492  0.037243 -0.130483 5.33836E-08
 ni  28   4.402385 -1.797615  0.009121 -0.158606 1.06540E-06
 cu  29   2.645188 -1.604812  0.201924  0.034197 2.01752E-08
 zn  30   2.927388 -1.702612  0.104124 -0.063603 3.97711E-08
 ga  31   1.659565 -1.420435  0.386301  0.218574 2.28814E-09
 ge  32   2.130204 -1.449796  0.356940  0.189213 7.04565E-09
 as  33   0.763588 -1.536412  0.270324  0.102597 3.12420E-10
 se  34   1.995212 -1.344788  0.461947  0.294221 5.61254E-09
 br  35   1.037755 -1.502245  0.304491  0.136764 6.26419E-10
 kr  36   2.007882 -1.242118  0.564618  0.396891 6.13278E-09
 rb  37   1.243188 -1.116812  0.689924  0.522197 1.07531E-09
 sr  38   1.619394 -1.260606  0.546130  0.378403 2.62143E-09
  y  39   0.870295 -1.299706  0.507030  0.339303 4.73988E-10
 zr  40   1.157135 -1.372865  0.433871  0.266144 9.41424E-10
 nb  41  -0.006916 -1.416916  0.389820  0.222093 6.57156E-11
 mo  42   0.383343 -1.556657  0.250078  0.082352 1.66680E-10
 tc  43  -1.456849 -9.000000  0.000000  0.000000 2.45991E-12
 ru  44   0.084962 -1.675038  0.131697 -0.036029 8.83334E-11
 rh  45  -0.652107 -1.712107  0.094628 -0.073098 1.64768E-11
 pd  46   0.066388 -1.583612  0.223124  0.055397 8.91154E-11
 ag  47  -0.526953 -1.726953  0.079783 -0.087944 2.30399E-11
 cd  48   0.185177 -1.524823  0.281912  0.114186 1.23745E-10
 in  49  -0.841760 -1.601760  0.204976  0.037249 1.18793E-11
 sn  50   0.587965 -1.482035  0.324701  0.156974 3.30365E-10
 sb  51  -0.792337 -1.802337  0.004398 -0.163328 1.41159E-11
 te  52   0.232508 -1.947492 -0.140757 -0.308483 1.56639E-10
  i  53  -0.215142 -1.765142  0.041593 -0.126133 5.55744E-11
 xe  54   0.572654 -1.667346  0.139389 -0.028337 3.52725E-10
 cs  55  -0.345021 -1.425021  0.381714  0.213988 4.31580E-11
 ba  56   1.092806 -1.087194  0.719541  0.551815 1.22209E-09
 la  57   0.102793 -1.067207  0.739528  0.571802 1.26490E-10
 ce  58   0.585793 -0.994207  0.812529  0.644802 3.87992E-10
 pr  59  -0.421030 -1.181030  0.625705  0.457979 3.84102E-11
 nd  60   0.345891 -1.104109  0.702626  0.534900 2.29889E-10
 pm  61   0.000000 -9.000000  0.000000  0.000000 0.00000E+00
 sm  62  -0.392825 -1.332825  0.473910  0.306184 4.37369E-11
 eu  63  -1.134480 -1.644480  0.162255 -0.005471 8.01312E-12
 gd  64  -0.430000 -1.480000  0.326735  0.159009 4.19886E-11
 tb  65  -1.281031 -1.601031  0.205705  0.037978 5.98002E-12
 dy  66  -0.316530 -1.446530  0.360205  0.192479 5.63461E-11
 ho  67  -1.146548 -1.616548  0.190187  0.022461 8.45848E-12
 er  68  -0.505150 -1.425150  0.381586  0.213859 3.75648E-11
 tm  69  -1.379518 -1.499518  0.307218  0.139491 5.06688E-12
 yb  70  -0.269972 -1.189972  0.616764  0.449037 6.67907E-11
 lu  71  -1.170851 -1.260851  0.545885  0.378158 8.48489E-12
 hf  72  -0.312745 -1.022745  0.783990  0.616264 6.24324E-11
 ta  73  -1.259649 -1.139649  0.667086  0.499360 7.15229E-12
  w  74  -0.364899 -1.014899  0.791837  0.624110 5.70273E-11
 re  75  -1.173250 -1.433250  0.373485  0.205759 8.98022E-12
 os  76  -0.129895 -1.479895  0.326840  0.159114 1.01374E-10
 ir  77  -0.425525 -1.745525  0.061211 -0.106516 5.18571E-11
 pt  78  -0.030201 -1.650201  0.156535 -0.011192 1.30782E-10
 au  79  -0.823989 -1.623989  0.182747  0.015020 2.12298E-11
 hg  80   0.109178 -1.060822  0.745913  0.578187 1.85365E-10
 tl  81  -0.145801 -0.915801  0.890935  0.723208 1.04999E-10
 pb  82   1.761912 -0.278088  1.528648  1.360921 8.60682E-09
 bi  83   0.102342 -0.547658  1.259077  1.091351 1.90103E-10
 po  84   1.168027 -9.000000  0.000000  0.000000 2.21164E-09
#[ls/Fe]_Thiswork =   0.4957, [hs/Fe]_Thiswork =   0.7572
#[hs/ls]_Thiswork =   0.2615, [Pb/hs]_Thiswork =   0.7714
# Elemental abundance ratios: 
# He/H =  9.7338E-02, C/O =  1.2024E+01, N/O = 2.48941E-01
#
#  TP   Mass     Mcore    Menv    log L
#  9 0.999874 0.601449 0.398424 3.755127
# El  Z   log e(X)   [X/H]    [X/Fe]     [X/O]      X(i)
  p   1  12.000000  0.000000  0.000000  0.000000 7.24310E-01
 he   2  10.988561  0.058560  1.865296  1.697569 2.80163E-01
  c   6   8.169401 -0.300599  1.506136  1.338410 1.27481E-03
  n   7   6.513554 -1.356446  0.450289  0.282563 3.28369E-05
  o   8   7.090364 -1.639635  0.167100  0.000000 1.41554E-04
  f   9   3.735429 -0.724571  1.082164  0.915064 7.42336E-08
 ne  10   6.573964 -1.396036  0.410699  0.243599 5.43687E-05
 na  11   4.755330 -1.554670  0.252065  0.084965 9.40444E-07
 mg  12   5.834087 -1.805912  0.000823 -0.166277 1.19192E-05
 al  13   4.708650 -1.761350  0.045385 -0.121715 9.91261E-07
 si  14   5.747421 -1.802579  0.004156 -0.162944 1.12817E-05
  p  15   3.702414 -1.767586  0.039149 -0.127951 1.12170E-07
  s  16   5.353945 -1.806055  0.000681 -0.166420 5.20524E-06
 cl  17   3.430748 -1.799252  0.007483 -0.159617 6.86855E-08
 ar  18   4.633717 -1.806283  0.000452 -0.166648 1.23502E-06
  k  19   3.277029 -1.802971  0.003765 -0.163336 5.31676E-08
 ca  20   4.483252 -1.806748 -0.000013 -0.167113 8.76237E-07
 sc  21   1.271990 -1.778010  0.028725 -0.138375 6.04284E-10
 ti  22   3.107065 -1.802935  0.003801 -0.163300 4.40115E-08
  v  23   2.152629 -1.807371 -0.000636 -0.167736 5.20199E-09
 cr  24   3.814342 -1.825658 -0.018923 -0.186023 2.43655E-07
 mn  25   3.673306 -1.806694  0.000042 -0.167058 1.86056E-07
 fe  26   5.733342 -1.806658  0.000000 -0.167023 2.17165E-05
 co  27   3.100613 -1.769387  0.037271 -0.129752 5.33869E-08
 ni  28   4.402472 -1.797528  0.009130 -0.157893 1.06542E-06
 cu  29   2.644820 -1.605180  0.201478  0.034455 2.01545E-08
 zn  30   2.927210 -1.702790  0.103868 -0.063155 3.97476E-08
 ga  31   1.658928 -1.421072  0.385586  0.218563 2.28438E-09
 ge  32   2.129562 -1.450438  0.356220  0.189198 7.03399E-09
 as  33   0.763103 -1.536896  0.269761  0.102739 3.12016E-10
 se  34   1.989961 -1.350039  0.456619  0.289596 5.54412E-09
 br  35   1.075931 -1.464069  0.342588  0.175566 6.83854E-10
 kr  36   2.007072 -1.242928  0.563730  0.396708 6.12026E-09
 rb  37   1.242289 -1.117711  0.688946  0.521924 1.07289E-09
 sr  38   1.618600 -1.261400  0.545258  0.378235 2.61618E-09
  y  39   0.869534 -1.300467  0.506191  0.339169 4.73074E-10
 zr  40   1.156444 -1.373556  0.433101  0.266079 9.39759E-10
 nb  41  -0.007560 -1.417560  0.389098  0.222075 6.56067E-11
 mo  42   0.382720 -1.557280  0.249378  0.082355 1.66412E-10
 tc  43  -1.682149 -9.000000  0.000000  0.000000 1.46400E-12
 ru  44   0.089478 -1.670521  0.136136 -0.030886 8.92411E-11
 rh  45  -0.652267 -1.712267  0.094390 -0.072632 1.64679E-11
 pd  46   0.065696 -1.584304  0.222354  0.055331 8.89576E-11
 ag  47  -0.526342 -1.726342  0.080315 -0.086707 2.30683E-11
 cd  48   0.184617 -1.525383  0.281275  0.114252 1.23563E-10
 in  49  -0.842174 -1.602174  0.204484  0.037462 1.18659E-11
 sn  50   0.587323 -1.482677  0.323981  0.156958 3.29818E-10
 sb  51  -0.792788 -1.802788  0.003870 -0.163152 1.40988E-11
 te  52   0.231940 -1.948060 -0.141402 -0.308425 1.56407E-10
  i  53  -0.215175 -1.765175  0.041483 -0.125540 5.55604E-11
 xe  54   0.572325 -1.667675  0.138983 -0.028040 3.52395E-10
 cs  55  -0.354217 -1.434217  0.372441  0.205418 4.22463E-11
 ba  56   1.092203 -1.087797  0.718861  0.551838 1.22018E-09
 la  57   0.101871 -1.068129  0.738528  0.571506 1.26199E-10
 ce  58   0.584836 -0.995164  0.811494  0.644471 3.87069E-10
 pr  59  -0.421885 -1.181885  0.624772  0.457750 3.83278E-11
 nd  60   0.344975 -1.105026  0.701632  0.534610 2.29364E-10
 pm  61   0.000000 -9.000000  0.000000  0.000000 0.00000E+00
 sm  62  -0.393665 -1.333665  0.472992  0.305970 4.36446E-11
 eu  63  -1.134782 -1.644782  0.161876 -0.005147 8.00613E-12
 gd  64  -0.430569 -1.480569  0.326089  0.159066 4.19263E-11
 tb  65  -1.281413 -1.601413  0.205245  0.038222 5.97370E-12
 dy  66  -0.317142 -1.447142  0.359516  0.192494 5.62569E-11
 ho  67  -1.146903 -1.616903  0.189755  0.022732 8.45008E-12
 er  68  -0.505795 -1.425795  0.380863  0.213840 3.75024E-11
 tm  69  -1.380058 -1.500058  0.306599  0.139577 5.05968E-12
 yb  70  -0.270860 -1.190860  0.615798  0.448775 6.66425E-11
 lu  71  -1.171649 -1.261649  0.545009  0.377986 8.46781E-12
 hf  72  -0.314157 -1.024158  0.782500  0.615478 6.22186E-11
 ta  73  -1.260531 -1.140531  0.666126  0.499104 7.13653E-12
  w  74  -0.365318 -1.015318  0.791340  0.624317 5.69621E-11
 re  75  -1.173910 -1.433910  0.372748  0.205725 8.96499E-12
 os  76  -0.130461 -1.480461  0.326197  0.159174 1.01224E-10
 ir  77  -0.425606 -1.745606  0.061052 -0.105971 5.18382E-11
 pt  78  -0.030554 -1.650554  0.156104 -0.010919 1.30653E-10
 au  79  -0.824329 -1.624329  0.182328  0.015306 2.12094E-11
 hg  80   0.108237 -1.061763  0.744895  0.577872 1.84931E-10
 tl  81  -0.146684 -0.916684  0.889974  0.722951 1.04767E-10
 pb  82   1.760801 -0.279199  1.527459  1.360436 8.58332E-09
 bi  83   0.101264 -0.548736  1.257922  1.090899 1.89598E-10
 po  84   1.166881 -9.000000  0.000000  0.000000 2.20542E-09
#[ls/Fe]_Thiswork =   0.4949, [hs/Fe]_Thiswork =   0.7563
#[hs/ls]_Thiswork =   0.2614, [Pb/hs]_Thiswork =   0.7712
# Elemental abundance ratios: 
# He/H =  9.7400E-02, C/O =  1.1996E+01, N/O = 2.64965E-01
#
#  TP   Mass     Mcore    Menv    log L
# 10 0.999793 0.609747 0.390047 3.783243
# El  Z   log e(X)   [X/H]    [X/Fe]     [X/O]      X(i)
  p   1  12.000000  0.000000  0.000000  0.000000 7.24269E-01
 he   2  10.988670  0.058670  1.865328  1.698305 2.80217E-01
  c   6   8.164422 -0.305578  1.501080  1.334057 1.26020E-03
  n   7   6.538483 -1.331517  0.475141  0.308118 3.47750E-05
  o   8   7.088517 -1.641483  0.165175  0.000000 1.40945E-04
  f   9   3.730746 -0.729254  1.077404  0.912229 7.34334E-08
 ne  10   6.571030 -1.398970  0.407688  0.242513 5.39995E-05
 na  11   4.761004 -1.548995  0.257662  0.092487 9.52758E-07
 mg  12   5.834157 -1.805842  0.000815 -0.164360 1.19204E-05
 al  13   4.709879 -1.760121  0.046537 -0.118638 9.94013E-07
 si  14   5.747420 -1.802580  0.004078 -0.161097 1.12810E-05
  p  15   3.702057 -1.767943  0.038715 -0.126460 1.12071E-07
  s  16   5.353975 -1.806025  0.000633 -0.164542 5.20529E-06
 cl  17   3.430703 -1.799297  0.007361 -0.157814 6.86744E-08
 ar  18   4.633749 -1.806251  0.000407 -0.164768 1.23505E-06
  k  19   3.277028 -1.802972  0.003686 -0.161489 5.31645E-08
 ca  20   4.483288 -1.806712 -0.000054 -0.165229 8.76260E-07
 sc  21   1.271736 -1.778264  0.028394 -0.136781 6.03897E-10
 ti  22   3.107062 -1.802938  0.003720 -0.161455 4.40086E-08
  v  23   2.152661 -1.807339 -0.000681 -0.165856 5.20207E-09
 cr  24   3.814374 -1.825626 -0.018968 -0.184143 2.43660E-07
 mn  25   3.673343 -1.806657  0.000000 -0.165174 1.86061E-07
 fe  26   5.733377 -1.806623  0.000000 -0.165141 2.17170E-05
 co  27   3.100307 -1.769693  0.036930 -0.128211 5.33463E-08
 ni  28   4.402444 -1.797555  0.009068 -0.156073 1.06529E-06
 cu  29   2.643171 -1.606829  0.199795  0.034654 2.00770E-08
 zn  30   2.926274 -1.703726  0.102898 -0.062243 3.96599E-08
 ga  31   1.656266 -1.423734  0.382890  0.217749 2.27029E-09
 ge  32   2.126878 -1.453122  0.353501  0.188361 6.99026E-09
 as  33   0.761018 -1.538982  0.267641  0.102501 3.10503E-10
 se  34   1.983994 -1.356006  0.450617  0.285476 5.46815E-09
 br  35   1.096189 -1.443811  0.362812  0.197671 7.16467E-10
 kr  36   2.003755 -1.246245  0.560378  0.395237 6.07334E-09
 rb  37   1.238638 -1.121362  0.685261  0.520121 1.06385E-09
 sr  38   1.615344 -1.264656  0.541967  0.376827 2.59649E-09
  y  39   0.866402 -1.303598  0.503025  0.337884 4.69647E-10
 zr  40   1.153574 -1.376426  0.430197  0.265057 9.33517E-10
 nb  41  -0.010247 -1.420247  0.386376  0.221236 6.51982E-11
 mo  42   0.380112 -1.559888  0.246735  0.081594 1.65406E-10
 tc  43  -1.888535 -9.000000  0.000000  0.000000 9.10186E-13
 ru  44   0.090105 -1.669895  0.136729 -0.028412 8.93648E-11
 rh  45  -0.653131 -1.713130  0.093493 -0.071648 1.64342E-11
 pd  46   0.063368 -1.586632  0.219991  0.054851 8.84770E-11
 ag  47  -0.526438 -1.726438  0.080186 -0.084955 2.30619E-11
 cd  48   0.182245 -1.527755  0.278869  0.113728 1.22883E-10
 in  49  -0.843990 -1.603990  0.202633  0.037493 1.18157E-11
 sn  50   0.584641 -1.485358  0.321265  0.156124 3.27769E-10
 sb  51  -0.794747 -1.804747  0.001876 -0.163265 1.40345E-11
 te  52   0.229542 -1.950458 -0.143835 -0.308975 1.55536E-10
  i  53  -0.215558 -1.765558  0.041065 -0.124075 5.55081E-11
 xe  54   0.570825 -1.669175  0.137448 -0.027693 3.51160E-10
 cs  55  -0.364306 -1.444306  0.362317  0.197176 4.12738E-11
 ba  56   1.088764 -1.091236  0.715388  0.550247 1.21049E-09
 la  57   0.098127 -1.071873  0.734751  0.569610 1.25109E-10
 ce  58   0.580960 -0.999040  0.807584  0.642443 3.83608E-10
 pr  59  -0.425374 -1.185374  0.621249  0.456109 3.80190E-11
 nd  60   0.341256 -1.108744  0.697880  0.532739 2.27395E-10
 pm  61   0.000000 -9.000000  0.000000  0.000000 0.00000E+00
 sm  62  -0.397097 -1.337097  0.469527  0.304386 4.32987E-11
 eu  63  -1.136181 -1.646181  0.160443 -0.004698 7.97994E-12
 gd  64  -0.432969 -1.482969  0.323654  0.158514 4.16928E-11
 tb  65  -1.283113 -1.603113  0.203510  0.038369 5.95001E-12
 dy  66  -0.319708 -1.449708  0.356916  0.191775 5.59223E-11
 ho  67  -1.148499 -1.618499  0.188125  0.022984 8.41860E-12
 er  68  -0.508488 -1.428488  0.378136  0.212995 3.72684E-11
 tm  69  -1.382359 -1.502359  0.304265  0.139124 5.03266E-12
 yb  70  -0.274472 -1.194472  0.612151  0.447011 6.60866E-11
 lu  71  -1.174920 -1.264920  0.541703  0.376563 8.40379E-12
 hf  72  -0.318398 -1.028399  0.778225  0.613084 6.16105E-11
 ta  73  -1.264118 -1.144118  0.662505  0.497365 7.07741E-12
  w  74  -0.368690 -1.018690  0.787933  0.622792 5.65183E-11
 re  75  -1.176659 -1.436659  0.369965  0.204824 8.90793E-12
 os  76  -0.132851 -1.482851  0.323773  0.158632 1.00662E-10
 ir  77  -0.426174 -1.746174  0.060449 -0.104691 5.17675E-11
 pt  78  -0.032141 -1.652141  0.154483 -0.010658 1.30169E-10
 au  79  -0.825874 -1.625874  0.180749  0.015609 2.11329E-11
 hg  80   0.104424 -1.065576  0.741047  0.575906 1.83304E-10
 tl  81  -0.150581 -0.920581  0.886042  0.720901 1.03825E-10
 pb  82   1.756348 -0.283652  1.522971  1.357831 8.49526E-09
 bi  83   0.096931 -0.553069  1.253554  1.088413 1.87704E-10
 po  84   1.162291 -9.000000  0.000000  0.000000 2.18211E-09
#[ls/Fe]_Thiswork =   0.4917, [hs/Fe]_Thiswork =   0.7526
#[hs/ls]_Thiswork =   0.2608, [Pb/hs]_Thiswork =   0.7704
# Elemental abundance ratios: 
# He/H =  9.7425E-02, C/O =  1.1910E+01, N/O = 2.81817E-01
#
#  TP   Mass     Mcore    Menv    log L
# 11 0.999656 0.617666 0.381990 3.812919
# El  Z   log e(X)   [X/H]    [X/Fe]     [X/O]      X(i)
  p   1  12.000000  0.000000  0.000000  0.000000 7.23751E-01
 he   2  10.989581  0.059581  1.866204  1.701064 2.80605E-01
  c   6   8.199274 -0.270726  1.535897  1.370757 1.36452E-03
  n   7   6.566665 -1.303335  0.503289  0.338148 3.70799E-05
  o   8   7.108353 -1.621647  0.184977  0.000000 1.47426E-04
  f   9   3.826804 -0.633196  1.173428  0.988451 9.15462E-08
 ne  10   6.651902 -1.318098  0.488525  0.303549 6.50057E-05
 na  11   4.812423 -1.497577  0.309046  0.124070 1.07174E-06
 mg  12   5.840363 -1.799637  0.006987 -0.177990 1.20833E-05
 al  13   4.714420 -1.755580  0.051044 -0.133933 1.00374E-06
 si  14   5.747862 -1.802138  0.004485 -0.180491 1.12844E-05
  p  15   3.706427 -1.763573  0.043050 -0.141926 1.13123E-07
  s  16   5.354280 -1.805719  0.000904 -0.184072 5.20523E-06
 cl  17   3.431467 -1.798533  0.008090 -0.176886 6.87462E-08
 ar  18   4.634007 -1.805993  0.000631 -0.184346 1.23490E-06
  k  19   3.277505 -1.802495  0.004128 -0.180848 5.31849E-08
 ca  20   4.483531 -1.806468  0.000155 -0.184822 8.76125E-07
 sc  21   1.273290 -1.776710  0.029913 -0.155063 6.05628E-10
 ti  22   3.107688 -1.802312  0.004312 -0.180665 4.40406E-08
  v  23   2.152943 -1.807057 -0.000434 -0.185410 5.20172E-09
 cr  24   3.814652 -1.825347 -0.018724 -0.203701 2.43641E-07
 mn  25   3.673688 -1.806312  0.000311 -0.184665 1.86076E-07
 fe  26   5.733626 -1.806374  0.000000 -0.184727 2.17139E-05
 co  27   3.102304 -1.767696  0.038678 -0.146049 5.35538E-08
 ni  28   4.402945 -1.797055  0.009319 -0.175408 1.06576E-06
 cu  29   2.646598 -1.603402  0.202972  0.018245 2.02216E-08
 zn  30   2.929512 -1.700488  0.105886 -0.078841 3.99281E-08
 ga  31   1.665811 -1.414189  0.392185  0.207458 2.31908E-09
 ge  32   2.137665 -1.442335  0.364039  0.179312 7.16093E-09
 as  33   0.769778 -1.530222  0.276152  0.091425 3.16604E-10
 se  34   1.997848 -1.342152  0.464222  0.279495 5.64135E-09
 br  35   1.118281 -1.421719  0.384655  0.199928 7.53318E-10
 kr  36   2.034015 -1.215985  0.590389  0.405662 6.50694E-09
 rb  37   1.264067 -1.095933  0.710441  0.525714 1.12719E-09
 sr  38   1.677140 -1.202860  0.603514  0.418787 2.99138E-09
  y  39   0.939815 -1.230186  0.576189  0.391461 5.55743E-10
 zr  40   1.227101 -1.302899  0.503475  0.318748 1.10494E-09
 nb  41   0.058051 -1.351949  0.454425  0.269698 7.62471E-11
 mo  42   0.443358 -1.496642  0.309732  0.125005 1.91200E-10
 tc  43  -1.682703 -9.000000  0.000000  0.000000 1.46100E-12
 ru  44   0.151271 -1.608729  0.197645  0.012918 1.02807E-10
 rh  45  -0.623825 -1.683825  0.122549 -0.062178 1.75689E-11
 pd  46   0.131151 -1.518849  0.287525  0.102798 1.03348E-10
 ag  47  -0.501898 -1.701898  0.104476 -0.080251 2.43850E-11
 cd  48   0.250367 -1.459633  0.346741  0.162014 1.43650E-10
 in  49  -0.792242 -1.552242  0.254132  0.069405 1.33014E-11
 sn  50   0.654111 -1.415889  0.390485  0.205758 3.84350E-10
 sb  51  -0.745996 -1.755996  0.050379 -0.134349 1.56905E-11
 te  52   0.286571 -1.893430 -0.087055 -0.271783 1.77235E-10
  i  53  -0.205216 -1.755216  0.051158 -0.133569 5.68051E-11
 xe  54   0.602119 -1.637881  0.168494 -0.016234 3.77128E-10
 cs  55  -0.314559 -1.394559  0.411815  0.227088 4.62499E-11
 ba  56   1.143481 -1.036519  0.769855  0.585128 1.37204E-09
 la  57   0.151425 -1.018575  0.787799  0.603072 1.41343E-10
 ce  58   0.634586 -0.945414  0.860960  0.676233 4.33713E-10
 pr  59  -0.375481 -1.135481  0.670893  0.486166 4.26171E-11
 nd  60   0.396763 -1.053237  0.753137  0.568410 2.58213E-10
 pm  61   0.000000 -9.000000  0.000000  0.000000 0.00000E+00
 sm  62  -0.349164 -1.289164  0.517210  0.332483 4.83167E-11
 eu  63  -1.114328 -1.624328  0.182046 -0.002681 8.38574E-12
 gd  64  -0.396496 -1.446496  0.359878  0.175151 4.53130E-11
 tb  65  -1.256963 -1.576963  0.229411  0.044684 6.31477E-12
 dy  66  -0.282598 -1.412598  0.393776  0.209048 6.08671E-11
 ho  67  -1.124319 -1.594319  0.212055  0.027328 8.89424E-12
 er  68  -0.467506 -1.387506  0.418868  0.234140 4.09272E-11
 tm  69  -1.346457 -1.466457  0.339918  0.155190 5.46247E-12
 yb  70  -0.224198 -1.144198  0.662176  0.477448 7.41440E-11
 lu  71  -1.130417 -1.220417  0.585957  0.401230 9.30395E-12
 hf  72  -0.262938 -0.972938  0.833437  0.648709 6.99527E-11
 ta  73  -1.202665 -1.082665  0.723709  0.538982 8.14737E-12
  w  74  -0.313233 -0.963233  0.843141  0.658414 6.41704E-11
 re  75  -1.130535 -1.390535  0.415839  0.231112 9.89895E-12
 os  76  -0.100851 -1.450851  0.355523  0.170796 1.08282E-10
 ir  77  -0.416508 -1.736508  0.069866 -0.114861 5.28948E-11
 pt  78  -0.008188 -1.628188  0.178186 -0.006541 1.37451E-10
 au  79  -0.801134 -1.601134  0.205240  0.020513 2.23557E-11
 hg  80   0.165418 -1.004582  0.801792  0.617065 2.10793E-10
 tl  81  -0.098984 -0.868984  0.937390  0.752663 1.16840E-10
 pb  82   1.884111 -0.155889  1.650486  1.465758 1.13928E-08
 bi  83   0.201436 -0.448564  1.357810  1.173083 2.38599E-10
 po  84   1.221680 -9.000000  0.000000  0.000000 2.50008E-09
#[ls/Fe]_Thiswork =   0.5611, [hs/Fe]_Thiswork =   0.8062
#[hs/ls]_Thiswork =   0.2451, [Pb/hs]_Thiswork =   0.8443
# Elemental abundance ratios: 
# He/H =  9.7629E-02, C/O =  1.2329E+01, N/O = 2.87285E-01
#
#  TP   Mass     Mcore    Menv    log L
# 12 0.999364 0.625161 0.374204 3.845071
# El  Z   log e(X)   [X/H]    [X/Fe]     [X/O]      X(i)
  p   1  12.000000  0.000000  0.000000  0.000000 7.22670E-01
 he   2  10.991367  0.061367  1.867741  1.683014 2.81341E-01
  c   6   8.281272 -0.188728  1.617646  1.432919 1.64562E-03
  n   7   6.594119 -1.275881  0.530493  0.345766 3.94406E-05
  o   8   7.155872 -1.574127  0.232247  0.000000 1.64227E-04
  f   9   3.998732 -0.461268  1.345106  1.112859 1.35806E-07
 ne  10   6.823772 -1.146227  0.660147  0.427900 9.64214E-05
 na  11   4.938988 -1.371012  0.435362  0.203115 1.43221E-06
 mg  12   5.858674 -1.781326  0.025048 -0.207199 1.25849E-05
 al  13   4.721710 -1.748290  0.058084 -0.174163 1.01921E-06
 si  14   5.748849 -1.801151  0.005223 -0.227024 1.12933E-05
  p  15   3.716205 -1.753795  0.052579 -0.179668 1.15527E-07
  s  16   5.354920 -1.805079  0.001295 -0.230952 5.20513E-06
 cl  17   3.433264 -1.796736  0.009638 -0.222609 6.89281E-08
 ar  18   4.634528 -1.805472  0.000902 -0.231345 1.23453E-06
  k  19   3.278540 -1.801460  0.004914 -0.227333 5.32322E-08
 ca  20   4.484023 -1.805977  0.000397 -0.231850 8.75807E-07
 sc  21   1.277055 -1.772945  0.033429 -0.198818 6.09989E-10
 ti  22   3.109083 -1.800917  0.005457 -0.226789 4.41163E-08
  v  23   2.153507 -1.806493 -0.000119 -0.232366 5.20071E-09
 cr  24   3.815233 -1.824767 -0.018393 -0.250639 2.43603E-07
 mn  25   3.674518 -1.805482  0.000892 -0.231355 1.86153E-07
 fe  26   5.734139 -1.805861  0.000000 -0.231734 2.17072E-05
 co  27   3.107371 -1.762629  0.043232 -0.188501 5.41015E-08
 ni  28   4.403965 -1.796035  0.009826 -0.221908 1.06667E-06
 cu  29   2.653798 -1.596202  0.209659 -0.022075 2.05289E-08
 zn  30   2.936044 -1.693956  0.111905 -0.119829 4.04725E-08
 ga  31   1.683018 -1.396982  0.408879  0.177145 2.40921E-09
 ge  32   2.156710 -1.423290  0.382571  0.150837 7.47077E-09
 as  33   0.785456 -1.514544  0.291317  0.059583 3.27751E-10
 se  34   2.023194 -1.316806  0.489055  0.257322 5.97147E-09
 br  35   1.143236 -1.396764  0.409097  0.177363 7.96681E-10
 kr  36   2.081403 -1.168597  0.637264  0.405530 7.24630E-09
 rb  37   1.304070 -1.055929  0.749932  0.518198 1.23411E-09
 sr  38   1.778919 -1.101081  0.704780  0.473046 3.77574E-09
  y  39   1.060411 -1.109589  0.696272  0.464539 7.32525E-10
 zr  40   1.354804 -1.175196  0.630665  0.398931 1.48045E-09
 nb  41   0.179611 -1.230389  0.575472  0.343738 1.00724E-10
 mo  42   0.563911 -1.376089  0.429772  0.198039 2.51995E-10
 tc  43  -1.362365 -9.000000  0.000000  0.000000 3.05029E-12
 ru  44   0.265516 -1.494484  0.311377  0.079643 1.33542E-10
 rh  45  -0.562973 -1.622973  0.182888 -0.048846 2.01812E-11
 pd  46   0.258944 -1.391056  0.414805  0.183071 1.38499E-10
 ag  47  -0.448234 -1.648234  0.157627 -0.074106 2.75511E-11
 cd  48   0.385283 -1.324718  0.481143  0.249410 1.95691E-10
 in  49  -0.683187 -1.443187  0.362674  0.130940 1.70727E-11
 sn  50   0.794209 -1.275791  0.530070  0.298336 5.29878E-10
 sb  51  -0.639484 -1.649484  0.156377 -0.075357 2.00216E-11
 te  52   0.410550 -1.769450  0.036411 -0.195323 2.35440E-10
  i  53  -0.178340 -1.728340  0.077521 -0.154213 6.03414E-11
 xe  54   0.679280 -1.560720  0.245141  0.013407 4.49781E-10
 cs  55  -0.195173 -1.275173  0.530688  0.298954 6.07921E-11
 ba  56   1.267320 -0.912680  0.893181  0.661447 1.82203E-09
 la  57   0.270823 -0.899176  0.906685  0.674951 1.85791E-10
 ce  58   0.751046 -0.828954  0.976907  0.745173 5.66257E-10
 pr  59  -0.265989 -1.025989  0.779872  0.548138 5.47552E-11
 nd  60   0.512083 -0.937917  0.867944  0.636210 3.36239E-10
 pm  61   0.000000 -9.000000  0.000000  0.000000 0.00000E+00
 sm  62  -0.248035 -1.188035  0.617826  0.386092 6.08944E-11
 eu  63  -1.064494 -1.574494  0.231367 -0.000367 9.39131E-12
 gd  64  -0.317628 -1.367628  0.438233  0.206499 5.42553E-11
 tb  65  -1.198869 -1.518869  0.286992  0.055259 7.20781E-12
 dy  66  -0.202825 -1.332825  0.473036  0.241303 7.30312E-11
 ho  67  -1.069744 -1.539744  0.266117  0.034383 1.00701E-11
 er  68  -0.380204 -1.300204  0.505657  0.273923 4.99649E-11
 tm  69  -1.269531 -1.389531  0.416330  0.184596 6.51126E-12
 yb  70  -0.120835 -1.040835  0.765026  0.533292 9.39271E-11
 lu  71  -1.037770 -1.127770  0.678091  0.446357 1.14992E-11
 hf  72  -0.152754 -0.862754  0.943107  0.711373 9.00202E-11
 ta  73  -1.087548 -0.967548  0.838313  0.606579 1.06044E-11
  w  74  -0.205256 -0.855255  0.950606  0.718872 8.21608E-11
 re  75  -1.042721 -1.302721  0.503140  0.271406 1.20992E-11
 os  76  -0.033746 -1.383746  0.422115  0.190381 1.26187E-10
 ir  77  -0.395574 -1.715574  0.090287 -0.141446 5.54240E-11
 pt  78   0.042893 -1.577107  0.228754 -0.002979 1.54376E-10
 au  79  -0.748936 -1.548936  0.256925  0.025192 2.51731E-11
 hg  80   0.277129 -0.892871  0.912990  0.681256 2.72219E-10
 tl  81  -0.007255 -0.777255  1.028606  0.796873 1.44102E-10
 pb  82   2.103778  0.063778  1.869639  1.637905 1.88646E-08
 bi  83   0.386631 -0.263369  1.542492  1.310758 3.64935E-10
 po  84   1.337901 -9.000000  0.000000  0.000000 3.26232E-09
#[ls/Fe]_Thiswork =   0.6772, [hs/Fe]_Thiswork =   0.9256
#[hs/ls]_Thiswork =   0.2484, [Pb/hs]_Thiswork =   0.9440
# Elemental abundance ratios: 
# He/H =  9.8032E-02, C/O =  1.3347E+01, N/O = 2.74313E-01
#
#  TP   Mass     Mcore    Menv    log L
# 13 0.998438 0.632411 0.366028 3.873369
# El  Z   log e(X)   [X/H]    [X/Fe]     [X/O]      X(i)
  p   1  12.000000  0.000000  0.000000  0.000000 7.21441E-01
 he   2  10.993419  0.063418  1.869279  1.637546 2.82192E-01
  c   6   8.355911 -0.114089  1.691772  1.460038 1.95088E-03
  n   7   6.623286 -1.246714  0.559147  0.327414 4.21087E-05
  o   8   7.202228 -1.527772  0.278089  0.000000 1.82415E-04
  f   9   4.120983 -0.339017  1.466844  1.188755 1.79652E-07
 ne  10   6.967784 -1.002215  0.803646  0.525557 1.34105E-04
 na  11   5.072430 -1.237570  0.568291  0.290202 1.94406E-06
 mg  12   5.882157 -1.757843  0.048018 -0.230071 1.32615E-05
 al  13   4.730416 -1.739584  0.066277 -0.211812 1.03808E-06
 si  14   5.749964 -1.800036  0.005825 -0.272264 1.13030E-05
  p  15   3.725974 -1.744026  0.061835 -0.216254 1.17954E-07
  s  16   5.355658 -1.804342  0.001519 -0.276570 5.20510E-06
 cl  17   3.435212 -1.794788  0.011073 -0.267016 6.91203E-08
 ar  18   4.635135 -1.804865  0.000996 -0.277093 1.23416E-06
  k  19   3.279658 -1.800342  0.005519 -0.272570 5.32786E-08
 ca  20   4.484605 -1.805395  0.000466 -0.277623 8.75490E-07
 sc  21   1.280943 -1.769057  0.036804 -0.241285 6.14428E-10
 ti  22   3.110625 -1.799375  0.006486 -0.271603 4.41979E-08
  v  23   2.154156 -1.805844  0.000017 -0.278072 5.19962E-09
 cr  24   3.815918 -1.824082 -0.018221 -0.296310 2.43573E-07
 mn  25   3.675530 -1.804470  0.001391 -0.276698 1.86270E-07
 fe  26   5.734752 -1.805248  0.000000 -0.277476 2.17008E-05
 co  27   3.112860 -1.757140  0.048108 -0.229368 5.46963E-08
 ni  28   4.404967 -1.795033  0.010215 -0.267261 1.06732E-06
 cu  29   2.659587 -1.590413  0.214835 -0.062641 2.07690E-08
 zn  30   2.941008 -1.688993  0.116256 -0.161221 4.08682E-08
 ga  31   1.695028 -1.384972  0.420277  0.142800 2.47255E-09
 ge  32   2.169758 -1.410242  0.395006  0.117530 7.68553E-09
 as  33   0.796266 -1.503734  0.301514  0.024038 3.35441E-10
 se  34   2.040117 -1.299883  0.505366  0.227889 6.19819E-09
 br  35   1.162213 -1.377787  0.427462  0.149985 8.30850E-10
 kr  36   2.112764 -1.137236  0.668013  0.390536 7.77569E-09
 rb  37   1.331001 -1.028999  0.776250  0.498773 1.31083E-09
 sr  38   1.850154 -1.029846  0.775402  0.497926 4.44117E-09
  y  39   1.145905 -1.024096  0.781153  0.503676 8.90382E-10
 zr  40   1.448055 -1.081945  0.723304  0.445827 1.83191E-09
 nb  41   0.270524 -1.139476  0.665772  0.388296 1.23968E-10
 mo  42   0.655755 -1.284245  0.521003  0.243527 3.10810E-10
 tc  43  -1.218769 -9.000000  0.000000  0.000000 4.23836E-12
 ru  44   0.354550 -1.405450  0.399799  0.122322 1.63649E-10
 rh  45  -0.511122 -1.571122  0.234127 -0.043350 2.27018E-11
 pd  46   0.354942 -1.295058  0.510191  0.232714 1.72467E-10
 ag  47  -0.401591 -1.601591  0.203657 -0.073819 3.06225E-11
 cd  48   0.486710 -1.223290  0.581958  0.304482 2.46751E-10
 in  49  -0.596366 -1.356366  0.448882  0.171406 2.08154E-11
 sn  50   0.900750 -1.169250  0.635998  0.358522 6.76048E-10
 sb  51  -0.553353 -1.563353  0.241895 -0.035581 2.43720E-11
 te  52   0.507775 -1.672225  0.133024 -0.144453 2.94013E-10
  i  53  -0.152692 -1.702692  0.102556 -0.174920 6.39034E-11
 xe  54   0.746173 -1.493827  0.311421  0.033945 5.23788E-10
 cs  55  -0.099584 -1.179584  0.625665  0.348188 7.56307E-11
 ba  56   1.379715 -0.800285  1.004963  0.727487 2.35620E-09
 la  57   0.385077 -0.784922  1.020326  0.742849 2.41290E-10
 ce  58   0.874348 -0.705652  1.099596  0.822120 7.50888E-10
 pr  59  -0.147512 -0.907512  0.897736  0.620260 7.18065E-11
 nd  60   0.638641 -0.811359  0.993890  0.716413 4.49229E-10
 pm  61   0.000000 -9.000000  0.000000  0.000000 0.00000E+00
 sm  62  -0.130997 -1.070997  0.734251  0.456775 7.95931E-11
 eu  63  -0.998930 -1.508930  0.296318  0.018842 1.09031E-11
 gd  64  -0.220686 -1.270686  0.534562  0.257086 6.77088E-11
 tb  65  -1.123788 -1.443788  0.361460  0.083984 8.55351E-12
 dy  66  -0.103701 -1.233701  0.571548  0.294071 9.15995E-11
 ho  67  -0.997000 -1.467000  0.338248  0.060772 1.18861E-11
 er  68  -0.271825 -1.191825  0.613423  0.335947 6.40185E-11
 tm  69  -1.171702 -1.291702  0.513546  0.236070 8.14245E-12
 yb  70   0.003487 -0.916513  0.888735  0.611259 1.24846E-10
 lu  71  -0.923025 -1.013025  0.792223  0.514747 1.49510E-11
 hf  72  -0.020735 -0.730735  1.074513  0.797037 1.21792E-10
 ta  73  -0.950181 -0.830181  0.975067  0.697591 1.45249E-11
  w  74  -0.075188 -0.725188  1.080061  0.802584 1.10661E-10
 re  75  -0.931076 -1.191076  0.614172  0.336696 1.56192E-11
 os  76   0.054550 -1.295450  0.509798  0.232322 1.54372E-10
 ir  77  -0.364426 -1.684426  0.120823 -0.156654 5.94438E-11
 pt  78   0.113392 -1.506608  0.298640  0.021164 1.81276E-10
 au  79  -0.676152 -1.476152  0.329096  0.051620 2.97154E-11
 hg  80   0.413231 -0.756769  1.048479  0.771003 3.71776E-10
 tl  81   0.102365 -0.667635  1.137613  0.860137 1.85161E-10
 pb  82   2.264223  0.224223  2.029471  1.751995 2.72492E-08
 bi  83   0.521647 -0.128353  1.676896  1.399419 4.97156E-10
 po  84   1.430877 -9.000000  0.000000  0.000000 4.03426E-09
#[ls/Fe]_Thiswork =   0.7600, [hs/Fe]_Thiswork =   1.0416
#[hs/ls]_Thiswork =   0.2817, [Pb/hs]_Thiswork =   0.9878
# Elemental abundance ratios: 
# He/H =  9.8496E-02, C/O =  1.4246E+01, N/O = 2.63669E-01
#
#  TP   Mass     Mcore    Menv    log L
# 14 0.994966 0.639519 0.355447 3.897654
# El  Z   log e(X)   [X/H]    [X/Fe]     [X/O]      X(i)
  p   1  12.000000  0.000000  0.000000  0.000000 7.19914E-01
 he   2  10.996014  0.066013  1.871262  1.593785 2.83282E-01
  c   6   8.428427 -0.041574  1.763675  1.486198 2.30052E-03
  n   7   6.654215 -1.215785  0.589463  0.311987 4.51212E-05
  o   8   7.248859 -1.481141  0.324108  0.000000 2.02662E-04
  f   9   4.224769 -0.235231  1.570017  1.245909 2.27665E-07
 ne  10   7.097526 -0.872474  0.932775  0.608667 1.80413E-04
 na  11   5.204239 -1.105761  0.699488  0.375380 2.62784E-06
 mg  12   5.911397 -1.728603  0.076645 -0.247463 1.41551E-05
 al  13   4.740463 -1.729537  0.075712 -0.248396 1.06013E-06
 si  14   5.751337 -1.798664  0.006585 -0.317523 1.13148E-05
  p  15   3.736636 -1.733364  0.071885 -0.252223 1.20629E-07
  s  16   5.356575 -1.803425  0.001823 -0.322284 5.20507E-06
 cl  17   3.437486 -1.792514  0.012734 -0.311374 6.93360E-08
 ar  18   4.635905 -1.804095  0.001153 -0.322955 1.23373E-06
  k  19   3.281006 -1.798994  0.006254 -0.317853 5.33311E-08
 ca  20   4.485349 -1.804651  0.000597 -0.323510 8.75136E-07
 sc  21   1.285520 -1.764480  0.040768 -0.283340 6.19624E-10
 ti  22   3.112481 -1.797519  0.007730 -0.316378 4.42933E-08
  v  23   2.154973 -1.805027  0.000221 -0.323886 5.19840E-09
 cr  24   3.816784 -1.823216 -0.017968 -0.342075 2.43542E-07
 mn  25   3.676807 -1.803193  0.002056 -0.322052 1.86423E-07
 fe  26   5.735533 -1.804467  0.000000 -0.323326 2.16939E-05
 co  27   3.119226 -1.750773  0.053693 -0.269633 5.53867E-08
 ni  28   4.406152 -1.793848  0.010619 -0.312707 1.06797E-06
 cu  29   2.666106 -1.583894  0.220573 -0.102753 2.10385E-08
 zn  30   2.946190 -1.683810  0.120656 -0.202670 4.12712E-08
 ga  31   1.707373 -1.372627  0.431839  0.108513 2.53845E-09
 ge  32   2.183064 -1.396935  0.407531  0.084205 7.90789E-09
 as  33   0.807263 -1.492737  0.311730 -0.011596 3.43315E-10
 se  34   2.056851 -1.283149  0.521318  0.197992 6.42805E-09
 br  35   1.180460 -1.359540  0.444927  0.121601 8.64666E-10
 kr  36   2.139502 -1.110498  0.693968  0.370642 8.25193E-09
 rb  37   1.354660 -1.005340  0.799127  0.475801 1.38129E-09
 sr  38   1.909782 -0.970218  0.834249  0.510923 5.08401E-09
  y  39   1.216700 -0.953300  0.851166  0.527840 1.04581E-09
 zr  40   1.526370 -1.003630  0.800837  0.477511 2.18927E-09
 nb  41   0.347616 -1.062384  0.742083  0.418757 1.47734E-10
 mo  42   0.734779 -1.205221  0.599246  0.275920 3.72049E-10
 tc  43  -1.122213 -9.000000  0.000000  0.000000 5.28242E-12
 ru  44   0.432076 -1.327924  0.476543  0.153217 1.95218E-10
 rh  45  -0.462609 -1.522609  0.281857 -0.041469 2.53310E-11
 pd  46   0.437559 -1.212441  0.592026  0.268700 2.08163E-10
 ag  47  -0.357018 -1.557018  0.247449 -0.075877 3.38607E-11
 cd  48   0.573536 -1.136464  0.668003  0.344676 3.00722E-10
 in  49  -0.519731 -1.279731  0.524736  0.201410 2.47799E-11
 sn  50   0.992806 -1.077193  0.727273  0.403947 8.33901E-10
 sb  51  -0.475372 -1.485372  0.319094 -0.004232 2.91040E-11
 te  52   0.594444 -1.585556  0.218911 -0.104415 3.58191E-10
  i  53  -0.125972 -1.675972  0.128495 -0.194831 6.78148E-11
 xe  54   0.810327 -1.429673  0.374793  0.051467 6.05883E-10
 cs  55  -0.013108 -1.093108  0.711358  0.388032 9.20987E-11
 ba  56   1.480797 -0.699203  1.105263  0.781937 2.96738E-09
 la  57   0.488029 -0.681970  1.122496  0.799170 3.05190E-10
 ce  58   0.984869 -0.595131  1.209336  0.886010 9.66444E-10
 pr  59  -0.039774 -0.799774  1.004693  0.681367 9.18295E-11
 nd  60   0.751637 -0.698363  1.106104  0.782778 5.81492E-10
 pm  61   0.000000 -9.000000  0.000000  0.000000 0.00000E+00
 sm  62  -0.025475 -0.965475  0.838992  0.515666 1.01269E-10
 eu  63  -0.932464 -1.442464  0.362003  0.038677 1.26794E-11
 gd  64  -0.129107 -1.179107  0.625359  0.302033 8.34265E-11
 tb  65  -1.049494 -1.369494  0.434973  0.111647 1.01279E-11
 dy  66  -0.010048 -1.140048  0.664419  0.341093 1.13403E-10
 ho  67  -0.924371 -1.394371  0.410096  0.086770 1.40200E-11
 er  68  -0.170683 -1.090683  0.713784  0.390458 8.06357E-11
 tm  69  -1.078155 -1.198155  0.606312  0.282986 1.00782E-11
 yb  70   0.115202 -0.804798  0.999669  0.676343 1.61127E-10
 lu  71  -0.817217 -0.907217  0.897250  0.573924 1.90353E-11
 hf  72   0.097935 -0.612065  1.192401  0.869075 1.59723E-10
 ta  73  -0.824993 -0.704993  1.099474  0.776147 1.93366E-11
  w  74   0.041287 -0.608713  1.195754  0.872428 1.44394E-10
 re  75  -0.823359 -1.083359  0.721108  0.397782 1.99737E-11
 os  76   0.140723 -1.209277  0.595190  0.271864 1.87855E-10
 ir  77  -0.329347 -1.649347  0.155120 -0.168206 6.43080E-11
 pt  78   0.184134 -1.435866  0.368601  0.045275 2.12894E-10
 au  79  -0.603584 -1.403584  0.400882  0.077556 3.50453E-11
 hg  80   0.533478 -0.636522  1.167945  0.844618 4.89337E-10
 tl  81   0.207633 -0.562367  1.242100  0.918774 2.35450E-10
 pb  82   2.398871  0.358871  2.163338  1.840012 3.70750E-08
 bi  83   0.636557 -0.013443  1.791023  1.467697 6.46371E-10
 po  84   1.511727 -9.000000  0.000000  0.000000 4.84947E-09
#[ls/Fe]_Thiswork =   0.8288, [hs/Fe]_Thiswork =   1.1457
#[hs/ls]_Thiswork =   0.3169, [Pb/hs]_Thiswork =   1.0176
# Elemental abundance ratios: 
# He/H =  9.9086E-02, C/O =  1.5121E+01, N/O = 2.54306E-01
#
#  TP   Mass     Mcore    Menv    log L
# 15 0.988658 0.646591 0.342067 3.917691
# El  Z   log e(X)   [X/H]    [X/Fe]     [X/O]      X(i)
  p   1  12.000000  0.000000  0.000000  0.000000 7.19128E-01
 he   2  10.997462  0.067462  1.871929  1.548603 2.83918E-01
  c   6   8.450207 -0.019794  1.784673  1.461347 2.41619E-03
  n   7   6.686357 -1.183642  0.620824  0.297498 4.85343E-05
  o   8   7.263426 -1.466573  0.337893  0.000000 2.09346E-04
  f   9   4.254922 -0.205078  1.599389  1.261495 2.43767E-07
 ne  10   7.136567 -0.833433  0.971034  0.633140 1.97167E-04
 na  11   5.247209 -1.062791  0.741675  0.403782 2.89797E-06
 mg  12   5.922997 -1.717003  0.087463 -0.250430 1.45224E-05
 al  13   4.747757 -1.722242  0.082224 -0.255669 1.07690E-06
 si  14   5.751980 -1.798020  0.006447 -0.331447 1.13192E-05
  p  15   3.740357 -1.729642  0.074824 -0.263069 1.21535E-07
  s  16   5.357051 -1.802948  0.001518 -0.336375 5.20509E-06
 cl  17   3.438398 -1.791602  0.012865 -0.325028 6.94060E-08
 ar  18   4.636330 -1.803670  0.000797 -0.337097 1.23359E-06
  k  19   3.281645 -1.798355  0.006112 -0.331782 5.33513E-08
 ca  20   4.485766 -1.804234  0.000233 -0.337661 8.75019E-07
 sc  21   1.287204 -1.762796  0.041671 -0.296223 6.21351E-10
 ti  22   3.113278 -1.796721  0.007745 -0.330148 4.43262E-08
  v  23   2.155413 -1.804587 -0.000121 -0.338014 5.19798E-09
 cr  24   3.817244 -1.822756 -0.018290 -0.356183 2.43534E-07
 mn  25   3.677423 -1.802577  0.001890 -0.336003 1.86484E-07
 fe  26   5.735964 -1.804036  0.000000 -0.337463 2.16917E-05
 co  27   3.121682 -1.748318  0.055718 -0.281744 5.56399E-08
 ni  28   4.406679 -1.793321  0.010715 -0.326747 1.06810E-06
 cu  29   2.667854 -1.582146  0.221890 -0.115572 2.11003E-08
 zn  30   2.947655 -1.682345  0.121691 -0.215772 4.13655E-08
 ga  31   1.710552 -1.369448  0.434588  0.097126 2.55431E-09
 ge  32   2.186583 -1.393417  0.410619  0.073156 7.96350E-09
 as  33   0.810238 -1.489762  0.314274 -0.023189 3.45297E-10
 se  34   2.060733 -1.279267  0.524769  0.187306 6.47867E-09
 br  35   1.190408 -1.349592  0.454444  0.116981 8.83734E-10
 kr  36   2.146408 -1.103592  0.700444  0.362981 8.37506E-09
 rb  37   1.360603 -0.999397  0.804640  0.467177 1.39879E-09
 sr  38   1.927942 -0.952058  0.851978  0.514515 5.29530E-09
  y  39   1.238290 -0.931710  0.872326  0.534863 1.09791E-09
 zr  40   1.550867 -0.979133  0.824903  0.487440 2.31378E-09
 nb  41   0.371596 -1.038404  0.765633  0.428170 1.55950E-10
 mo  42   0.759816 -1.180184  0.623852  0.286389 3.93696E-10
 tc  43  -1.163605 -9.000000  0.000000  0.000000 4.79697E-12
 ru  44   0.458836 -1.301164  0.502872  0.165409 2.07398E-10
 rh  45  -0.446280 -1.506280  0.297756 -0.039707 2.62728E-11
 pd  46   0.464010 -1.185990  0.618046  0.280584 2.20994E-10
 ag  47  -0.341131 -1.541131  0.262905 -0.074558 3.50839E-11
 cd  48   0.601367 -1.108633  0.695403  0.357940 3.20274E-10
 in  49  -0.494844 -1.254844  0.549192  0.211729 2.62127E-11
 sn  50   1.022197 -1.047803  0.756233  0.418770 8.91312E-10
 sb  51  -0.449857 -1.459857  0.344179  0.006716 3.08315E-11
 te  52   0.622695 -1.557305  0.246731 -0.090732 3.81849E-10
  i  53  -0.116332 -1.666332  0.137704 -0.199759 6.92610E-11
 xe  54   0.832047 -1.407954  0.396083  0.058620 6.36259E-10
 cs  55   0.011343 -1.068657  0.735379  0.397916 9.73262E-11
 ba  56   1.511686 -0.668314  1.135722  0.798259 3.18264E-09
 la  57   0.518847 -0.651152  1.152884  0.815421 3.27276E-10
 ce  58   1.017363 -0.562637  1.241399  0.903936 1.04039E-09
 pr  59  -0.007954 -0.767954  1.036083  0.698620 9.87023E-11
 nd  60   0.784645 -0.665355  1.138681  0.801218 6.26724E-10
 pm  61   0.000000 -9.000000  0.000000  0.000000 0.00000E+00
 sm  62   0.005309 -0.934691  0.869345  0.531882 1.08589E-10
 eu  63  -0.911322 -1.421322  0.382715  0.045252 1.32973E-11
 gd  64  -0.101562 -1.151562  0.652474  0.315011 8.87920E-11
 tb  65  -1.026651 -1.346651  0.457385  0.119922 1.06632E-11
 dy  66   0.017998 -1.112002  0.692034  0.354571 1.20836E-10
 ho  67  -0.901795 -1.371795  0.432241  0.094778 1.47520E-11
 er  68  -0.140257 -1.060257  0.743779  0.406316 8.63929E-11
 tm  69  -1.049422 -1.169422  0.634614  0.297151 1.07558E-11
 yb  70   0.147511 -0.772489  1.031548  0.694085 1.73382E-10
 lu  71  -0.786057 -0.876057  0.927980  0.590517 2.04289E-11
 hf  72   0.132562 -0.577438  1.226598  0.889135 1.72791E-10
 ta  73  -0.786557 -0.666557  1.137479  0.800016 2.11029E-11
  w  74   0.075253 -0.574746  1.229290  0.891827 1.55969E-10
 re  75  -0.788690 -1.048690  0.755347  0.417884 2.16099E-11
 os  76   0.166522 -1.183478  0.620558  0.283095 1.99134E-10
 ir  77  -0.317279 -1.637279  0.166757 -0.170706 6.60479E-11
 pt  78   0.205960 -1.414040  0.389996  0.052534 2.23622E-10
 au  79  -0.580887 -1.380887  0.423149  0.085686 3.68852E-11
 hg  80   0.568452 -0.601548  1.202488  0.865025 5.29794E-10
 tl  81   0.239040 -0.530960  1.273077  0.935614 2.52831E-10
 pb  82   2.438014  0.398014  2.202050  1.864587 4.05275E-08
 bi  83   0.669975  0.019975  1.824011  1.486549 6.97310E-10
 po  84   1.535306 -9.000000  0.000000  0.000000 5.11444E-09
#[ls/Fe]_Thiswork =   0.8497, [hs/Fe]_Thiswork =   1.1767
#[hs/ls]_Thiswork =   0.3269, [Pb/hs]_Thiswork =   1.0254
# Elemental abundance ratios: 
# He/H =  9.9417E-02, C/O =  1.5374E+01, N/O = 2.64808E-01
#
#  TP   Mass     Mcore    Menv    log L
# 16 0.979380 0.653726 0.325654 3.935085
# El  Z   log e(X)   [X/H]    [X/Fe]     [X/O]      X(i)
  p   1  12.000000  0.000000  0.000000  0.000000 7.19018E-01
 he   2  10.997698  0.067698  1.871734  1.534271 2.84029E-01
  c   6   8.449596 -0.020404  1.783632  1.446169 2.41243E-03
  n   7   6.706680 -1.163320  0.640717  0.303254 5.08516E-05
  o   8   7.263110 -1.466889  0.337147  0.000000 2.09162E-04
  f   9   4.254329 -0.205671  1.598365  1.261218 2.43397E-07
 ne  10   7.136149 -0.833850  0.970186  0.633039 1.96947E-04
 na  11   5.252723 -1.057277  0.746759  0.409612 2.93455E-06
 mg  12   5.923115 -1.716885  0.087152 -0.249995 1.45241E-05
 al  13   4.748840 -1.721160  0.082876 -0.254271 1.07943E-06
 si  14   5.752046 -1.797954  0.006082 -0.331065 1.13192E-05
  p  15   3.740372 -1.729628  0.074408 -0.262739 1.21520E-07
  s  16   5.357118 -1.802882  0.001154 -0.335992 5.20509E-06
 cl  17   3.438448 -1.791552  0.012484 -0.324663 6.94033E-08
 ar  18   4.636398 -1.803602  0.000434 -0.336712 1.23359E-06
  k  19   3.281739 -1.798261  0.005775 -0.331371 5.33547E-08
 ca  20   4.485831 -1.804169 -0.000133 -0.337279 8.75018E-07
 sc  21   1.287245 -1.762755  0.041281 -0.295866 6.21315E-10
 ti  22   3.113340 -1.796659  0.007377 -0.329770 4.43257E-08
  v  23   2.155479 -1.804521 -0.000484 -0.337631 5.19799E-09
 cr  24   3.817310 -1.822690 -0.018653 -0.355800 2.43534E-07
 mn  25   3.677488 -1.802512  0.001524 -0.335622 1.86484E-07
 fe  26   5.736031 -1.803969  0.000000 -0.337080 2.16917E-05
 co  27   3.121941 -1.748059  0.055910 -0.281170 5.56646E-08
 ni  28   4.406746 -1.793254  0.010715 -0.326365 1.06810E-06
 cu  29   2.667833 -1.582167  0.221803 -0.115277 2.10960E-08
 zn  30   2.947665 -1.682335  0.121634 -0.215446 4.13602E-08
 ga  31   1.710472 -1.369528  0.434442  0.097362 2.55345E-09
 ge  32   2.186498 -1.393502  0.410467  0.073387 7.96073E-09
 as  33   0.810183 -1.489817  0.314152 -0.022928 3.45200E-10
 se  34   2.059804 -1.280196  0.523773  0.186693 6.46384E-09
 br  35   1.196356 -1.343644  0.460325  0.123245 8.95786E-10
 kr  36   2.146254 -1.103746  0.700223  0.363143 8.37080E-09
 rb  37   1.360452 -0.999548  0.804421  0.467341 1.39809E-09
 sr  38   1.927711 -0.952290  0.851680  0.514600 5.29167E-09
  y  39   1.238037 -0.931963  0.872006  0.534926 1.09710E-09
 zr  40   1.550606 -0.979394  0.824575  0.487495 2.31204E-09
 nb  41   0.371342 -1.038658  0.765311  0.428231 1.55835E-10
 mo  42   0.759563 -1.180437  0.623533  0.286453 3.93407E-10
 tc  43  -1.277762 -9.000000  0.000000  0.000000 3.68759E-12
 ru  44   0.460977 -1.299023  0.504946  0.167866 2.08391E-10
 rh  45  -0.446414 -1.506414  0.297555 -0.039525 2.62607E-11
 pd  46   0.463603 -1.186397  0.617572  0.280492 2.20752E-10
 ag  47  -0.340268 -1.540268  0.263701 -0.073379 3.51483E-11
 cd  48   0.601102 -1.108898  0.695071  0.357991 3.20030E-10
 in  49  -0.495074 -1.255074  0.548895  0.211815 2.61948E-11
 sn  50   1.021918 -1.048082  0.755888  0.418808 8.90605E-10
 sb  51  -0.450089 -1.460089  0.343880  0.006800 3.08102E-11
 te  52   0.622435 -1.557565  0.246404 -0.090676 3.81562E-10
  i  53  -0.116376 -1.666376  0.137594 -0.199486 6.92435E-11
 xe  54   0.831861 -1.408139  0.395831  0.058751 6.35891E-10
 cs  55   0.005298 -1.074702  0.729267  0.392187 9.59661E-11
 ba  56   1.511571 -0.668429  1.135540  0.798460 3.18131E-09
 la  57   0.518550 -0.651450  1.152519  0.815439 3.27002E-10
 ce  58   1.017055 -0.562945  1.241024  0.903944 1.03949E-09
 pr  59  -0.008251 -0.768251  1.035718  0.698638 9.86198E-11
 nd  60   0.784336 -0.665664  1.138305  0.801225 6.26183E-10
 pm  61   0.000000 -9.000000  0.000000  0.000000 0.00000E+00
 sm  62   0.005017 -0.934983  0.868987  0.531907 1.08500E-10
 eu  63  -0.911492 -1.421492  0.382477  0.045397 1.32901E-11
 gd  64  -0.101810 -1.151809  0.652160  0.315080 8.87280E-11
 tb  65  -1.026847 -1.346847  0.457123  0.120043 1.06568E-11
 dy  66   0.017745 -1.112255  0.691714  0.354634 1.20747E-10
 ho  67  -0.901984 -1.371984  0.431985  0.094905 1.47433E-11
 er  68  -0.140526 -1.060526  0.743443  0.406363 8.63262E-11
 tm  69  -1.049669 -1.169669  0.634300  0.297220 1.07480E-11
 yb  70   0.147209 -0.772791  1.031178  0.694099 1.73235E-10
 lu  71  -0.786344 -0.876344  0.927626  0.590546 2.04123E-11
 hf  72   0.131970 -0.578030  1.225940  0.888860 1.72530E-10
 ta  73  -0.786880 -0.666880  1.137090  0.800010 2.10840E-11
  w  74   0.075254 -0.574746  1.229224  0.892144 1.55946E-10
 re  75  -0.788971 -1.048971  0.754998  0.417918 2.15926E-11
 os  76   0.166288 -1.183712  0.620258  0.283178 1.98997E-10
 ir  77  -0.317341 -1.637341  0.166628 -0.170452 6.60283E-11
 pt  78   0.205778 -1.414222  0.389748  0.052667 2.23494E-10
 au  79  -0.581073 -1.381073  0.422897  0.085817 3.68638E-11
 hg  80   0.568133 -0.601867  1.202103  0.865023 5.29324E-10
 tl  81   0.238976 -0.531024  1.272945  0.935865 2.52755E-10
 pb  82   2.437653  0.397653  2.201622  1.864542 4.04876E-08
 bi  83   0.669641  0.019642  1.823611  1.486531 6.96667E-10
 po  84   1.535020 -9.000000  0.000000  0.000000 5.11029E-09
#[ls/Fe]_Thiswork =   0.8494, [hs/Fe]_Thiswork =   1.1764
#[hs/ls]_Thiswork =   0.3269, [Pb/hs]_Thiswork =   1.0253
# Elemental abundance ratios: 
# He/H =  9.9471E-02, C/O =  1.5363E+01, N/O = 2.77696E-01
#
#  TP   Mass     Mcore    Menv    log L
# 17 0.966246 0.660698 0.305548 3.952040
# El  Z   log e(X)   [X/H]    [X/Fe]     [X/O]      X(i)
  p   1  12.000000  0.000000  0.000000  0.000000 7.19003E-01
 he   2  10.997737  0.067737  1.871706  1.534626 2.84049E-01
  c   6   8.448602 -0.021399  1.782571  1.445491 2.40686E-03
  n   7   6.722710 -1.147290  0.656680  0.319600 5.27625E-05
  o   8   7.262553 -1.467446  0.336523  0.000000 2.08889E-04
  f   9   4.253282 -0.206718  1.597251  1.260728 2.42806E-07
 ne  10   7.135229 -0.834771  0.969198  0.632675 1.96526E-04
 na  11   5.257138 -1.052862  0.751108  0.414585 2.96447E-06
 mg  12   5.923013 -1.716987  0.086982 -0.249541 1.45204E-05
 al  13   4.748897 -1.721103  0.082867 -0.253656 1.07955E-06
 si  14   5.752050 -1.797950  0.006019 -0.330504 1.13190E-05
  p  15   3.740270 -1.729730  0.074239 -0.262284 1.21489E-07
  s  16   5.357128 -1.802872  0.001097 -0.335426 5.20510E-06
 cl  17   3.438433 -1.791567  0.012402 -0.324121 6.93994E-08
 ar  18   4.636410 -1.803590  0.000379 -0.336144 1.23360E-06
  k  19   3.281758 -1.798242  0.005728 -0.330795 5.33560E-08
 ca  20   4.485842 -1.804158 -0.000188 -0.336711 8.75020E-07
 sc  21   1.287201 -1.762799  0.041170 -0.295353 6.21239E-10
 ti  22   3.113339 -1.796660  0.007309 -0.329214 4.43247E-08
  v  23   2.155491 -1.804509 -0.000540 -0.337063 5.19800E-09
 cr  24   3.817321 -1.822679 -0.018710 -0.355233 2.43535E-07
 mn  25   3.677497 -1.802503  0.001466 -0.335057 1.86483E-07
 fe  26   5.736041 -1.803959  0.000000 -0.336513 2.16918E-05
 co  27   3.121980 -1.748020  0.055939 -0.280574 5.56683E-08
 ni  28   4.406755 -1.793244  0.010715 -0.325798 1.06810E-06
 cu  29   2.667654 -1.582346  0.221613 -0.114900 2.10869E-08
 zn  30   2.947554 -1.682446  0.121512 -0.215000 4.13487E-08
 ga  31   1.710164 -1.369836  0.434123  0.097610 2.55159E-09
 ge  32   2.186180 -1.393820  0.410139  0.073627 7.95474E-09
 as  33   0.809928 -1.490072  0.313887 -0.022626 3.44991E-10
 se  34   2.058794 -1.281206  0.522753  0.186240 6.44869E-09
 br  35   1.200638 -1.339362  0.464597  0.128084 9.04640E-10
 kr  36   2.145789 -1.104211  0.699748  0.363235 8.36167E-09
 rb  37   1.359989 -1.000011  0.803948  0.467436 1.39657E-09
 sr  38   1.927074 -0.952926  0.851033  0.514521 5.28381E-09
  y  39   1.237355 -0.932645  0.871314  0.534801 1.09536E-09
 zr  40   1.549907 -0.980093  0.823866  0.487353 2.30827E-09
 nb  41   0.370659 -1.039341  0.764618  0.428105 1.55587E-10
 mo  42   0.758880 -1.181120  0.622838  0.286326 3.92780E-10
 tc  43  -1.384210 -9.000000  0.000000  0.000000 2.88593E-12
 ru  44   0.462025 -1.297975  0.505984  0.169471 2.08890E-10
 rh  45  -0.446837 -1.506837  0.297122 -0.039391 2.62345E-11
 pd  46   0.462776 -1.187224  0.616735  0.280223 2.20328E-10
 ag  47  -0.339759 -1.539759  0.264200 -0.072313 3.51888E-11
 cd  48   0.600392 -1.109608  0.694351  0.357839 3.19500E-10
 in  49  -0.495708 -1.255708  0.548250  0.211738 2.61560E-11
 sn  50   1.021181 -1.048819  0.755140  0.418628 8.89075E-10
 sb  51  -0.450728 -1.460728  0.343230  0.006718 3.07642E-11
 te  52   0.621736 -1.558264  0.245694 -0.090818 3.80940E-10
  i  53  -0.116604 -1.666604  0.137355 -0.199157 6.92056E-11
 xe  54   0.831326 -1.408674  0.395284  0.058772 6.35092E-10
 cs  55  -0.000710 -1.080711  0.723248  0.386736 9.46457E-11
 ba  56   1.510956 -0.669044  1.134915  0.798402 3.17674E-09
 la  57   0.517768 -0.652232  1.151727  0.815214 3.26407E-10
 ce  58   1.016252 -0.563748  1.240210  0.903698 1.03755E-09
 pr  59  -0.009029 -0.769029  1.034930  0.698417 9.84410E-11
 nd  60   0.783532 -0.666468  1.137491  0.800978 6.25011E-10
 pm  61   0.000000 -9.000000  0.000000  0.000000 0.00000E+00
 sm  62   0.004251 -0.935749  0.868209  0.531697 1.08306E-10
 eu  63  -0.911995 -1.421995  0.381964  0.045451 1.32744E-11
 gd  64  -0.102479 -1.152479  0.651480  0.314967 8.85894E-11
 tb  65  -1.027404 -1.347404  0.456555  0.120043 1.06429E-11
 dy  66   0.017061 -1.112939  0.691020  0.354508 1.20555E-10
 ho  67  -0.902526 -1.372526  0.431433  0.094920 1.47246E-11
 er  68  -0.141244 -1.061244  0.742715  0.406202 8.61818E-11
 tm  69  -1.050340 -1.170340  0.633619  0.297107 1.07312E-11
 yb  70   0.146420 -0.773580  1.030378  0.693866 1.72916E-10
 lu  71  -0.787100 -0.877100  0.926859  0.590346 2.03764E-11
 hf  72   0.130898 -0.579102  1.224856  0.888344 1.72100E-10
 ta  73  -0.787713 -0.667713  1.136246  0.799733 2.10432E-11
  w  74   0.074730 -0.575270  1.228689  0.892176 1.55754E-10
 re  75  -0.789714 -1.049714  0.754245  0.417732 2.15552E-11
 os  76   0.165649 -1.184351  0.619608  0.283096 1.98700E-10
 ir  77  -0.317611 -1.637611  0.166348 -0.170164 6.59859E-11
 pt  78   0.205247 -1.414753  0.389206  0.052693 2.23216E-10
 au  79  -0.581611 -1.381611  0.422348  0.085836 3.68174E-11
 hg  80   0.567307 -0.602692  1.201266  0.864754 5.28308E-10
 tl  81   0.238410 -0.531590  1.272369  0.935856 2.52421E-10
 pb  82   2.436737  0.396737  2.200696  1.864183 4.04014E-08
 bi  83   0.668781  0.018781  1.822740  1.486228 6.95275E-10
 po  84   1.534265 -9.000000  0.000000  0.000000 5.10131E-09
#[ls/Fe]_Thiswork =   0.8487, [hs/Fe]_Thiswork =   1.1756
#[hs/ls]_Thiswork =   0.3269, [Pb/hs]_Thiswork =   1.0251
# Elemental abundance ratios: 
# He/H =  9.9480E-02, C/O =  1.5348E+01, N/O = 2.88507E-01
#
#  TP   Mass     Mcore    Menv    log L
# 18 0.947671 0.667501 0.280170 3.968190
# El  Z   log e(X)   [X/H]    [X/Fe]     [X/O]      X(i)
  p   1  12.000000  0.000000  0.000000  0.000000 7.18984E-01
 he   2  10.997781  0.067780  1.871739  1.535227 2.84070E-01
  c   6   8.447973 -0.022027  1.781932  1.445419 2.40332E-03
  n   7   6.737834 -1.132166  0.671793  0.335280 5.46308E-05
  o   8   7.262226 -1.467774  0.336185  0.000000 2.08726E-04
  f   9   4.252665 -0.207335  1.596624  1.260439 2.42455E-07
 ne  10   7.134742 -0.835258  0.968701  0.632516 1.96301E-04
 na  11   5.261665 -1.048335  0.755624  0.419439 2.99546E-06
 mg  12   5.922997 -1.717003  0.086956 -0.249229 1.45195E-05
 al  13   4.748918 -1.721082  0.082877 -0.253308 1.07957E-06
 si  14   5.752059 -1.797942  0.006017 -0.330168 1.13190E-05
  p  15   3.740225 -1.729775  0.074184 -0.262001 1.21473E-07
  s  16   5.357140 -1.802860  0.001099 -0.335086 5.20510E-06
 cl  17   3.438430 -1.791570  0.012389 -0.323796 6.93971E-08
 ar  18   4.636423 -1.803577  0.000381 -0.335804 1.23360E-06
  k  19   3.281776 -1.798223  0.005735 -0.330450 5.33567E-08
 ca  20   4.485854 -1.804146 -0.000187 -0.336372 8.75022E-07
 sc  21   1.287186 -1.762814  0.041145 -0.295040 6.21201E-10
 ti  22   3.113346 -1.796654  0.007305 -0.328880 4.43242E-08
  v  23   2.155503 -1.804497 -0.000538 -0.336723 5.19801E-09
 cr  24   3.817333 -1.822667 -0.018708 -0.354893 2.43535E-07
 mn  25   3.677507 -1.802493  0.001466 -0.334719 1.86483E-07
 fe  26   5.736053 -1.803947  0.000000 -0.336173 2.16918E-05
 co  27   3.122005 -1.747995  0.055952 -0.280221 5.56700E-08
 ni  28   4.406773 -1.793227  0.010720 -0.325453 1.06811E-06
 cu  29   2.667571 -1.582429  0.221518 -0.114655 2.10823E-08
 zn  30   2.947505 -1.682495  0.121452 -0.214721 4.13429E-08
 ga  31   1.710017 -1.369983  0.433964  0.097791 2.55065E-09
 ge  32   2.186028 -1.393971  0.409976  0.073802 7.95175E-09
 as  33   0.809808 -1.490192  0.313755 -0.022418 3.44886E-10
 se  34   2.058115 -1.281885  0.522062  0.185889 6.43843E-09
 br  35   1.204069 -1.335931  0.468016  0.131843 9.11793E-10
 kr  36   2.145563 -1.104437  0.699510  0.363337 8.35710E-09
 rb  37   1.359764 -1.000236  0.803711  0.467538 1.39581E-09
 sr  38   1.926764 -0.953237  0.850710  0.514537 5.27989E-09
  y  39   1.237021 -0.932979  0.870968  0.534795 1.09449E-09
 zr  40   1.549564 -0.980436  0.823511  0.487338 2.30638E-09
 nb  41   0.370324 -1.039676  0.764271  0.428098 1.55463E-10
 mo  42   0.758545 -1.181455  0.622492  0.286319 3.92467E-10
 tc  43  -1.482869 -9.000000  0.000000  0.000000 2.29940E-12
 ru  44   0.462954 -1.297046  0.506901  0.170727 2.09331E-10
 rh  45  -0.447042 -1.507042  0.296905 -0.039268 2.62214E-11
 pd  46   0.462310 -1.187690  0.616257  0.280084 2.20086E-10
 ag  47  -0.339119 -1.539119  0.264828 -0.071345 3.52397E-11
 cd  48   0.600044 -1.109956  0.693991  0.357818 3.19236E-10
 in  49  -0.496017 -1.256017  0.547930  0.211756 2.61367E-11
 sn  50   1.020820 -1.049180  0.754767  0.418594 8.88311E-10
 sb  51  -0.451041 -1.461041  0.342906  0.006733 3.07413E-11
 te  52   0.621394 -1.558606  0.245341 -0.090832 3.80630E-10
  i  53  -0.116712 -1.666712  0.137235 -0.198938 6.91867E-11
 xe  54   0.831064 -1.408936  0.395011  0.058838 6.34694E-10
 cs  55  -0.005941 -1.085941  0.718006  0.381832 9.35102E-11
 ba  56   1.510723 -0.669277  1.134670  0.798497 3.17496E-09
 la  57   0.517385 -0.652615  1.151332  0.815158 3.26110E-10
 ce  58   1.015857 -0.564143  1.239804  0.903631 1.03658E-09
 pr  59  -0.009412 -0.769412  1.034535  0.698362 9.83517E-11
 nd  60   0.783136 -0.666864  1.137083  0.800910 6.24426E-10
 pm  61   0.000000 -9.000000  0.000000  0.000000 0.00000E+00
 sm  62   0.003875 -0.936125  0.867822  0.531649 1.08209E-10
 eu  63  -0.912239 -1.422239  0.381708  0.045535 1.32666E-11
 gd  64  -0.102806 -1.152806  0.651141  0.314968 8.85202E-11
 tb  65  -1.027676 -1.347676  0.456271  0.120098 1.06359E-11
 dy  66   0.016726 -1.113274  0.690673  0.354500 1.20459E-10
 ho  67  -0.902789 -1.372789  0.431158  0.094985 1.47153E-11
 er  68  -0.141596 -1.061596  0.742351  0.406178 8.61098E-11
 tm  69  -1.050668 -1.170668  0.633279  0.297106 1.07228E-11
 yb  70   0.146031 -0.773969  1.029978  0.693805 1.72757E-10
 lu  71  -0.787471 -0.877471  0.926476  0.590303 2.03584E-11
 hf  72   0.130260 -0.579740  1.224206  0.888033 1.71843E-10
 ta  73  -0.788122 -0.668122  1.135825  0.799652 2.10228E-11
  w  74   0.074598 -0.575402  1.228545  0.892372 1.55703E-10
 re  75  -0.790079 -1.050079  0.753868  0.417695 2.15365E-11
 os  76   0.165337 -1.184663  0.619284  0.283110 1.98552E-10
 ir  77  -0.317739 -1.637739  0.166208 -0.169965 6.59648E-11
 pt  78   0.204989 -1.415011  0.388936  0.052763 2.23078E-10
 au  79  -0.581873 -1.381873  0.422074  0.085901 3.67942E-11
 hg  80   0.566902 -0.603098  1.200849  0.864676 5.27801E-10
 tl  81   0.238227 -0.531773  1.272174  0.936001 2.52307E-10
 pb  82   2.436285  0.396285  2.200232  1.864059 4.03583E-08
 bi  83   0.668359  0.018359  1.822306  1.486133 6.94580E-10
 po  84   1.533895 -9.000000  0.000000  0.000000 5.09682E-09
#[ls/Fe]_Thiswork =   0.8484, [hs/Fe]_Thiswork =   1.1753
#[hs/ls]_Thiswork =   0.3269, [Pb/hs]_Thiswork =   1.0250
# Elemental abundance ratios: 
# He/H =  9.9490E-02, C/O =  1.5337E+01, N/O = 2.98957E-01
#
#  TP   Mass     Mcore    Menv    log L
# 19 0.921057 0.674131 0.246925 3.983426
# El  Z   log e(X)   [X/H]    [X/Fe]     [X/O]      X(i)
  p   1  12.000000  0.000000  0.000000  0.000000 7.18963E-01
 he   2  10.997826  0.067825  1.871772  1.535599 2.84091E-01
  c   6   8.447530 -0.022470  1.781476  1.445303 2.40080E-03
  n   7   6.752513 -1.117486  0.686460  0.350287 5.65073E-05
  o   8   7.262016 -1.467983  0.335964  0.000000 2.08620E-04
  f   9   4.252268 -0.207732  1.596215  1.260251 2.42227E-07
 ne  10   7.134481 -0.835519  0.968428  0.632464 1.96177E-04
 na  11   5.266254 -1.043746  0.760201  0.424237 3.02719E-06
 mg  12   5.923022 -1.716978  0.086969 -0.248994 1.45199E-05
 al  13   4.748931 -1.721068  0.082879 -0.253085 1.07957E-06
 si  14   5.752069 -1.797931  0.006016 -0.329947 1.13189E-05
  p  15   3.740211 -1.729789  0.074158 -0.261806 1.21466E-07
  s  16   5.357152 -1.802848  0.001099 -0.334865 5.20510E-06
 cl  17   3.438434 -1.791566  0.012381 -0.323583 6.93957E-08
 ar  18   4.636436 -1.803565  0.000382 -0.335581 1.23361E-06
  k  19   3.281793 -1.798207  0.005740 -0.330224 5.33572E-08
 ca  20   4.485867 -1.804133 -0.000186 -0.336150 8.75022E-07
 sc  21   1.287186 -1.762814  0.041133 -0.294831 6.21183E-10
 ti  22   3.113357 -1.796643  0.007304 -0.328660 4.43240E-08
  v  23   2.155516 -1.804484 -0.000537 -0.336501 5.19802E-09
 cr  24   3.817346 -1.822654 -0.018707 -0.354671 2.43535E-07
 mn  25   3.677519 -1.802481  0.001466 -0.334498 1.86483E-07
 fe  26   5.736065 -1.803935  0.000000 -0.335951 2.16918E-05
 co  27   3.122025 -1.747975  0.055959 -0.279992 5.56710E-08
 ni  28   4.406795 -1.793205  0.010729 -0.325222 1.06814E-06
 cu  29   2.667539 -1.582461  0.221473 -0.114478 2.10801E-08
 zn  30   2.947489 -1.682511  0.121423 -0.214528 4.13402E-08
 ga  31   1.709953 -1.370047  0.433888  0.097937 2.55021E-09
 ge  32   2.185963 -1.394037  0.409897  0.073946 7.95031E-09
 as  33   0.809757 -1.490243  0.313692 -0.022259 3.44836E-10
 se  34   2.057634 -1.282366  0.521569  0.185618 6.43114E-09
 br  35   1.206857 -1.333143  0.470791  0.134840 9.17637E-10
 kr  36   2.145461 -1.104539  0.699396  0.363444 8.35490E-09
 rb  37   1.359663 -1.000337  0.803598  0.467646 1.39544E-09
 sr  38   1.926620 -0.953380  0.850555  0.514604 5.27801E-09
  y  39   1.236868 -0.933132  0.870802  0.534851 1.09407E-09
 zr  40   1.549406 -0.980594  0.823341  0.487389 2.30548E-09
 nb  41   0.370171 -1.039829  0.764105  0.428154 1.55403E-10
 mo  42   0.758390 -1.181610  0.622325  0.286374 3.92316E-10
 tc  43  -1.575212 -9.000000  0.000000  0.000000 1.85892E-12
 ru  44   0.463745 -1.296255  0.507680  0.171728 2.09707E-10
 rh  45  -0.447134 -1.507134  0.296801 -0.039151 2.62152E-11
 pd  46   0.462034 -1.187966  0.615969  0.280017 2.19940E-10
 ag  47  -0.338434 -1.538434  0.265500 -0.070451 3.52943E-11
 cd  48   0.599884 -1.110116  0.693819  0.357867 3.19109E-10
 in  49  -0.496160 -1.256160  0.547775  0.211824 2.61274E-11
 sn  50   1.020652 -1.049348  0.754586  0.418635 8.87944E-10
 sb  51  -0.451184 -1.461184  0.342750  0.006799 3.07303E-11
 te  52   0.621236 -1.558764  0.245170 -0.090781 3.80481E-10
  i  53  -0.116756 -1.666756  0.137178 -0.198773 6.91775E-11
 xe  54   0.830945 -1.409055  0.394880  0.058928 6.34502E-10
 cs  55  -0.010641 -1.090641  0.713293  0.377342 9.25011E-11
 ba  56   1.510684 -0.669316  1.134619  0.798667 3.17458E-09
 la  57   0.517206 -0.652794  1.151141  0.815189 3.25967E-10
 ce  58   1.015674 -0.564326  1.239608  0.903657 1.03611E-09
 pr  59  -0.009589 -0.769589  1.034345  0.698394 9.83089E-11
 nd  60   0.782954 -0.667046  1.136889  0.800937 6.24145E-10
 pm  61   0.000000 -9.000000  0.000000  0.000000 0.00000E+00
 sm  62   0.003700 -0.936300  0.867635  0.531684 1.08163E-10
 eu  63  -0.912350 -1.422350  0.381585  0.045634 1.32629E-11
 gd  64  -0.102957 -1.152957  0.650978  0.315027 8.84870E-11
 tb  65  -1.027799 -1.347799  0.456136  0.120185 1.06326E-11
 dy  66   0.016573 -1.113427  0.690508  0.354556 1.20413E-10
 ho  67  -0.902909 -1.372909  0.431025  0.095074 1.47108E-11
 er  68  -0.141758 -1.061758  0.742177  0.406225 8.60751E-11
 tm  69  -1.050818 -1.170818  0.633116  0.297165 1.07188E-11
 yb  70   0.145851 -0.774149  1.029786  0.693834 1.72681E-10
 lu  71  -0.787642 -0.877643  0.926292  0.590341 2.03498E-11
 hf  72   0.129853 -0.580147  1.223788  0.887837 1.71678E-10
 ta  73  -0.788313 -0.668313  1.135622  0.799670 2.10130E-11
  w  74   0.074662 -0.575338  1.228597  0.892645 1.55721E-10
 re  75  -0.790248 -1.050248  0.753687  0.417735 2.15275E-11
 os  76   0.165193 -1.184807  0.619127  0.283176 1.98481E-10
 ir  77  -0.317793 -1.637793  0.166142 -0.169810 6.59546E-11
 pt  78   0.204872 -1.415128  0.388807  0.052855 2.23011E-10
 au  79  -0.581992 -1.381992  0.421942  0.085991 3.67831E-11
 hg  80   0.566714 -0.603286  1.200649  0.864698 5.27557E-10
 tl  81   0.238235 -0.531765  1.272170  0.936219 2.52306E-10
 pb  82   2.436074  0.396074  2.200009  1.864058 4.03376E-08
 bi  83   0.668162  0.018162  1.822097  1.486146 6.94246E-10
 po  84   1.533724 -9.000000  0.000000  0.000000 5.09467E-09
#[ls/Fe]_Thiswork =   0.8482, [hs/Fe]_Thiswork =   1.1751
#[hs/ls]_Thiswork =   0.3269, [Pb/hs]_Thiswork =   1.0249
# Elemental abundance ratios: 
# He/H =  9.9500E-02, C/O =  1.5329E+01, N/O = 3.09384E-01
#
#  TP   Mass     Mcore    Menv    log L
# 20 0.881154 0.680616 0.200537 3.997696
# El  Z   log e(X)   [X/H]    [X/Fe]     [X/O]      X(i)
  p   1  12.000000  0.000000  0.000000  0.000000 7.18954E-01
 he   2  10.997846  0.067845  1.871780  1.535829 2.84100E-01
  c   6   8.447184 -0.022817  1.781118  1.445167 2.39885E-03
  n   7   6.766348 -1.103652  0.700283  0.364331 5.83356E-05
  o   8   7.261878 -1.468122  0.335813  0.000000 2.08550E-04
  f   9   4.251992 -0.208008  1.595926  1.260113 2.42070E-07
 ne  10   7.134335 -0.835665  0.968270  0.632457 1.96109E-04
 na  11   5.270701 -1.039299  0.764636  0.428823 3.05830E-06
 mg  12   5.923038 -1.716961  0.086973 -0.248840 1.45203E-05
 al  13   4.748827 -1.721173  0.082762 -0.253051 1.07930E-06
 si  14   5.752075 -1.797925  0.006009 -0.329804 1.13189E-05
  p  15   3.740205 -1.729795  0.074140 -0.261673 1.21463E-07
  s  16   5.357158 -1.802842  0.001092 -0.334721 5.20510E-06
 cl  17   3.438434 -1.791566  0.012368 -0.323445 6.93948E-08
 ar  18   4.636442 -1.803558  0.000376 -0.335437 1.23361E-06
  k  19   3.281801 -1.798199  0.005736 -0.330077 5.33575E-08
 ca  20   4.485873 -1.804127 -0.000193 -0.336006 8.75022E-07
 sc  21   1.287186 -1.762814  0.041120 -0.294693 6.21175E-10
 ti  22   3.113360 -1.796639  0.007295 -0.328518 4.43239E-08
  v  23   2.155521 -1.804479 -0.000544 -0.336357 5.19802E-09
 cr  24   3.817352 -1.822648 -0.018713 -0.354526 2.43535E-07
 mn  25   3.677525 -1.802475  0.001459 -0.334354 1.86482E-07
 fe  26   5.736071 -1.803929  0.000000 -0.335808 2.16918E-05
 co  27   3.122036 -1.747964  0.055965 -0.279842 5.56717E-08
 ni  28   4.406810 -1.793190  0.010740 -0.325068 1.06816E-06
 cu  29   2.667524 -1.582476  0.221454 -0.114354 2.10792E-08
 zn  30   2.947482 -1.682518  0.121411 -0.214396 4.13390E-08
 ga  31   1.709926 -1.370074  0.433855  0.098047 2.55001E-09
 ge  32   2.185934 -1.394066  0.409863  0.074056 7.94970E-09
 as  33   0.809735 -1.490265  0.313665 -0.022143 3.44814E-10
 se  34   2.057277 -1.282723  0.521206  0.185398 6.42576E-09
 br  35   1.209122 -1.330878  0.473051  0.137243 9.22425E-10
 kr  36   2.145417 -1.104583  0.699347  0.363539 8.35394E-09
 rb  37   1.359620 -1.000380  0.803550  0.467742 1.39529E-09
 sr  38   1.926559 -0.953441  0.850489  0.514681 5.27720E-09
  y  39   1.236802 -0.933198  0.870731  0.534924 1.09389E-09
 zr  40   1.549338 -0.980662  0.823268  0.487460 2.30509E-09
 nb  41   0.370105 -1.039895  0.764034  0.428226 1.55378E-10
 mo  42   0.758325 -1.181675  0.622254  0.286446 3.92252E-10
 tc  43  -1.661581 -9.000000  0.000000  0.000000 1.52365E-12
 ru  44   0.464396 -1.295604  0.508326  0.172518 2.10019E-10
 rh  45  -0.447173 -1.507173  0.296756 -0.039052 2.62125E-11
 pd  46   0.461855 -1.188145  0.615784  0.279976 2.19846E-10
 ag  47  -0.337756 -1.537756  0.266173 -0.069635 3.53490E-11
 cd  48   0.599815 -1.110185  0.693745  0.357937 3.19054E-10
 in  49  -0.496221 -1.256221  0.547709  0.211901 2.61234E-11
 sn  50   1.020581 -1.049419  0.754511  0.418703 8.87786E-10
 sb  51  -0.451245 -1.461245  0.342684  0.006876 3.07255E-11
 te  52   0.621169 -1.558831  0.245098 -0.090709 3.80417E-10
  i  53  -0.116776 -1.666775  0.137154 -0.198654 6.91736E-11
 xe  54   0.830894 -1.409106  0.394824  0.059016 6.34420E-10
 cs  55  -0.014924 -1.094924  0.709005  0.373197 9.15921E-11
 ba  56   1.510735 -0.669266  1.134664  0.798856 3.17491E-09
 la  57   0.517131 -0.652869  1.151060  0.815252 3.25906E-10
 ce  58   1.015595 -0.564405  1.239525  0.903717 1.03591E-09
 pr  59  -0.009665 -0.769665  1.034265  0.698457 9.82905E-11
 nd  60   0.782876 -0.667124  1.136805  0.800997 6.24025E-10
 pm  61   0.000000 -9.000000  0.000000  0.000000 0.00000E+00
 sm  62   0.003626 -0.936374  0.867555  0.531747 1.08143E-10
 eu  63  -0.912396 -1.422396  0.381533  0.045725 1.32613E-11
 gd  64  -0.103022 -1.153022  0.650908  0.315100 8.84728E-11
 tb  65  -1.027852 -1.347852  0.456077  0.120270 1.06312E-11
 dy  66   0.016507 -1.113493  0.690436  0.354629 1.20393E-10
 ho  67  -0.902961 -1.372961  0.430969  0.095161 1.47089E-11
 er  68  -0.141828 -1.061828  0.742102  0.406294 8.60603E-11
 tm  69  -1.050883 -1.170883  0.633046  0.297238 1.07170E-11
 yb  70   0.145775 -0.774225  1.029704  0.693896 1.72648E-10
 lu  71  -0.787716 -0.877716  0.926213  0.590406 2.03461E-11
 hf  72   0.129569 -0.580431  1.223498  0.887691 1.71563E-10
 ta  73  -0.788394 -0.668394  1.135535  0.799728 2.10088E-11
  w  74   0.074815 -0.575185  1.228744  0.892936 1.55774E-10
 re  75  -0.790320 -1.050320  0.753609  0.417801 2.15237E-11
 os  76   0.165132 -1.184868  0.619061  0.283253 1.98450E-10
 ir  77  -0.317816 -1.637816  0.166113 -0.169694 6.59503E-11
 pt  78   0.204822 -1.415178  0.388751  0.052943 2.22982E-10
 au  79  -0.582043 -1.382043  0.421887  0.086079 3.67783E-11
 hg  80   0.566634 -0.603366  1.200564  0.864756 5.27453E-10
 tl  81   0.238335 -0.531665  1.272264  0.936456 2.52359E-10
 pb  82   2.435984  0.395984  2.199913  1.864105 4.03286E-08
 bi  83   0.668078  0.018078  1.822008  1.486200 6.94102E-10
 po  84   1.533650 -9.000000  0.000000  0.000000 5.09374E-09
#[ls/Fe]_Thiswork =   0.8482, [hs/Fe]_Thiswork =   1.1751
#[hs/ls]_Thiswork =   0.3269, [Pb/hs]_Thiswork =   1.0248
# Elemental abundance ratios: 
# He/H =  9.9505E-02, C/O =  1.5322E+01, N/O = 3.19499E-01
#
#  TP   Mass     Mcore    Menv    log L
# 21 0.825994 0.686944 0.139050 4.011077
# El  Z   log e(X)   [X/H]    [X/Fe]     [X/O]      X(i)
  p   1  12.000000  0.000000  0.000000  0.000000 7.18948E-01
 he   2  10.997859  0.067859  1.871788  1.535980 2.84106E-01
  c   6   8.446779 -0.023221  1.780708  1.444901 2.39660E-03
  n   7   6.781332 -1.088668  0.715261  0.379454 6.03829E-05
  o   8   7.261718 -1.468282  0.335648  0.000000 2.08472E-04
  f   9   4.251665 -0.208335  1.595594  1.259947 2.41885E-07
 ne  10   7.134156 -0.835844  0.968085  0.632438 1.96026E-04
 na  11   5.275364 -1.034636  0.769293  0.433646 3.09129E-06
 mg  12   5.923038 -1.716961  0.086968 -0.248680 1.45201E-05
 al  13   4.748734 -1.721265  0.082664 -0.252984 1.07906E-06
 si  14   5.752078 -1.797923  0.006007 -0.329641 1.13189E-05
  p  15   3.740193 -1.729806  0.074123 -0.261525 1.21458E-07
  s  16   5.357162 -1.802838  0.001091 -0.334557 5.20510E-06
 cl  17   3.438432 -1.791568  0.012361 -0.323287 6.93940E-08
 ar  18   4.636446 -1.803554  0.000375 -0.335272 1.23361E-06
  k  19   3.281806 -1.798194  0.005735 -0.329912 5.33577E-08
 ca  20   4.485877 -1.804123 -0.000194 -0.335842 8.75023E-07
 sc  21   1.287182 -1.762818  0.041111 -0.294536 6.21165E-10
 ti  22   3.113363 -1.796637  0.007293 -0.328355 4.43237E-08
  v  23   2.155525 -1.804475 -0.000546 -0.336193 5.19802E-09
 cr  24   3.817355 -1.822645 -0.018715 -0.354363 2.43536E-07
 mn  25   3.677528 -1.802472  0.001458 -0.334190 1.86482E-07
 fe  26   5.736074 -1.803926  0.000000 -0.335644 2.16918E-05
 co  27   3.122037 -1.747963  0.055963 -0.279681 5.56714E-08
 ni  28   4.406823 -1.793177  0.010749 -0.324895 1.06818E-06
 cu  29   2.667503 -1.582497  0.221429 -0.114215 2.10779E-08
 zn  30   2.947469 -1.682531  0.121395 -0.214250 4.13374E-08
 ga  31   1.709887 -1.370113  0.433813  0.098168 2.54976E-09
 ge  32   2.185893 -1.394107  0.409819  0.074175 7.94888E-09
 as  33   0.809703 -1.490297  0.313629 -0.022015 3.44786E-10
 se  34   2.056963 -1.283037  0.520889  0.185245 6.42107E-09
 br  35   1.210949 -1.329051  0.474875  0.139231 9.26305E-10
 kr  36   2.145356 -1.104644  0.699282  0.363638 8.35270E-09
 rb  37   1.359559 -1.000441  0.803485  0.467841 1.39508E-09
 sr  38   1.926476 -0.953525  0.850401  0.514757 5.27614E-09
  y  39   1.236712 -0.933288  0.870638  0.534994 1.09365E-09
 zr  40   1.549246 -0.980754  0.823172  0.487528 2.30458E-09
 nb  41   0.370014 -1.039986  0.763940  0.428296 1.55344E-10
 mo  42   0.758234 -1.181766  0.622160  0.286516 3.92167E-10
 tc  43  -1.742797 -9.000000  0.000000  0.000000 1.26376E-12
 ru  44   0.464862 -1.295138  0.508788  0.173144 2.10243E-10
 rh  45  -0.447228 -1.507228  0.296698 -0.038947 2.62089E-11
 pd  46   0.461658 -1.188341  0.615584  0.279940 2.19745E-10
 ag  47  -0.337141 -1.537141  0.266785 -0.068859 3.53988E-11
 cd  48   0.599722 -1.110278  0.693648  0.358004 3.18983E-10
 in  49  -0.496304 -1.256304  0.547622  0.211978 2.61182E-11
 sn  50   1.020483 -1.049517  0.754409  0.418765 8.87579E-10
 sb  51  -0.451330 -1.461330  0.342596  0.006952 3.07193E-11
 te  52   0.621077 -1.558923  0.245003 -0.090642 3.80333E-10
  i  53  -0.116804 -1.666804  0.137122 -0.198522 6.91684E-11
 xe  54   0.830825 -1.409175  0.394751  0.059107 6.34312E-10
 cs  55  -0.018946 -1.098946  0.704980  0.369336 9.07471E-11
 ba  56   1.510748 -0.669252  1.134674  0.799030 3.17498E-09
 la  57   0.517027 -0.652973  1.150953  0.815309 3.25825E-10
 ce  58   1.015489 -0.564511  1.239415  0.903770 1.03565E-09
 pr  59  -0.009768 -0.769768  1.034158  0.698513 9.82663E-11
 nd  60   0.782769 -0.667231  1.136695  0.801051 6.23866E-10
 pm  61   0.000000 -9.000000  0.000000  0.000000 0.00000E+00
 sm  62   0.003525 -0.936475  0.867451  0.531807 1.08117E-10
 eu  63  -0.912462 -1.422462  0.381464  0.045820 1.32591E-11
 gd  64  -0.103110 -1.153110  0.650816  0.315171 8.84540E-11
 tb  65  -1.027925 -1.347924  0.456002  0.120357 1.06293E-11
 dy  66   0.016417 -1.113583  0.690343  0.354698 1.20367E-10
 ho  67  -0.903031 -1.373031  0.430895  0.095250 1.47063E-11
 er  68  -0.141922 -1.061922  0.742004  0.406360 8.60407E-11
 tm  69  -1.050972 -1.170972  0.632954  0.297310 1.07148E-11
 yb  70   0.145670 -0.774330  1.029596  0.693952 1.72605E-10
 lu  71  -0.787816 -0.877816  0.926110  0.590466 2.03412E-11
 hf  72   0.129269 -0.580731  1.223195  0.887550 1.71443E-10
 ta  73  -0.788505 -0.668505  1.135421  0.799777 2.10032E-11
  w  74   0.074924 -0.575076  1.228850  0.893206 1.55812E-10
 re  75  -0.790419 -1.050419  0.753507  0.417863 2.15186E-11
 os  76   0.165048 -1.184952  0.618974  0.283329 1.98410E-10
 ir  77  -0.317850 -1.637850  0.166076 -0.169568 6.59445E-11
 pt  78   0.204752 -1.415248  0.388678  0.053034 2.22945E-10
 au  79  -0.582113 -1.382113  0.421813  0.086169 3.67720E-11
 hg  80   0.566525 -0.603475  1.200451  0.864806 5.27315E-10
 tl  81   0.238394 -0.531606  1.272320  0.936676 2.52392E-10
 pb  82   2.435861  0.395861  2.199787  1.864142 4.03169E-08
 bi  83   0.667964  0.017964  1.821890  1.486246 6.93914E-10
 po  84   1.533550 -9.000000  0.000000  0.000000 5.09252E-09
#[ls/Fe]_Thiswork =   0.8481, [hs/Fe]_Thiswork =   1.1750
#[hs/ls]_Thiswork =   0.3269, [Pb/hs]_Thiswork =   1.0248
# Elemental abundance ratios: 
# He/H =  9.9508E-02, C/O =  1.5313E+01, N/O = 3.30837E-01
#
#  TP   Mass     Mcore    Menv    log L
# 22 0.777974 0.693114 0.084860 4.023862
# El  Z   log e(X)   [X/H]    [X/Fe]     [X/O]      X(i)
  p   1  12.000000  0.000000  0.000000  0.000000 7.18920E-01
 he   2  10.997917  0.067917  1.871843  1.536199 2.84134E-01
  c   6   8.446226 -0.023774  1.780152  1.444508 2.39345E-03
  n   7   6.802906 -1.067094  0.736832  0.401187 6.34558E-05
  o   8   7.261488 -1.468512  0.335414  0.000000 2.08354E-04
  f   9   4.251222 -0.208778  1.595148  1.259733 2.41629E-07
 ne  10   7.133947 -0.836053  0.967873  0.632459 1.95924E-04
 na  11   5.282194 -1.027806  0.776120  0.440706 3.14017E-06
 mg  12   5.923088 -1.716912  0.087014 -0.248400 1.45212E-05
 al  13   4.748952 -1.721048  0.082878 -0.252536 1.07956E-06
 si  14   5.752093 -1.797907  0.006019 -0.329395 1.13189E-05
  p  15   3.740194 -1.729805  0.074121 -0.261294 1.21454E-07
  s  16   5.357178 -1.802822  0.001104 -0.334311 5.20510E-06
 cl  17   3.438443 -1.791557  0.012369 -0.323045 6.93932E-08
 ar  18   4.636463 -1.803537  0.000389 -0.335026 1.23361E-06
  k  19   3.281823 -1.798177  0.005749 -0.329665 5.33578E-08
 ca  20   4.485893 -1.804107 -0.000181 -0.335595 8.75023E-07
 sc  21   1.287191 -1.762809  0.041117 -0.294297 6.21154E-10
 ti  22   3.113379 -1.796621  0.007305 -0.328110 4.43236E-08
  v  23   2.155542 -1.804458 -0.000532 -0.335946 5.19802E-09
 cr  24   3.817372 -1.822628 -0.018702 -0.354116 2.43536E-07
 mn  25   3.677545 -1.802455  0.001471 -0.333944 1.86482E-07
 fe  26   5.736091 -1.803909  0.000000 -0.335398 2.16918E-05
 co  27   3.122046 -1.747953  0.055956 -0.279442 5.56705E-08
 ni  28   4.406848 -1.793152  0.010757 -0.324640 1.06820E-06
 cu  29   2.667492 -1.582508  0.221401 -0.113997 2.10766E-08
 zn  30   2.947468 -1.682532  0.121377 -0.214021 4.13358E-08
 ga  31   1.709857 -1.370143  0.433766  0.098369 2.54949E-09
 ge  32   2.185863 -1.394137  0.409772  0.074374 7.94802E-09
 as  33   0.809682 -1.490318  0.313591 -0.021806 3.44755E-10
 se  34   2.056705 -1.283294  0.520615  0.185217 6.41701E-09
 br  35   1.212454 -1.327546  0.476363  0.140965 9.29485E-10
 kr  36   2.145304 -1.104696  0.699213  0.363815 8.35137E-09
 rb  37   1.359508 -1.000492  0.803417  0.468019 1.39486E-09
 sr  38   1.926399 -0.953601  0.850308  0.514911 5.27500E-09
  y  39   1.236629 -0.933371  0.870539  0.535141 1.09340E-09
 zr  40   1.549160 -0.980840  0.823069  0.487672 2.30404E-09
 nb  41   0.369931 -1.040069  0.763841  0.428443 1.55308E-10
 mo  42   0.758151 -1.181849  0.622060  0.286663 3.92076E-10
 tc  43  -1.819210 -9.000000  0.000000  0.000000 1.05983E-12
 ru  44   0.465216 -1.294784  0.509125  0.173727 2.10406E-10
 rh  45  -0.447274 -1.507274  0.296635 -0.038763 2.62052E-11
 pd  46   0.461476 -1.188524  0.615386  0.279988 2.19644E-10
 ag  47  -0.336561 -1.536561  0.267348 -0.068050 3.54447E-11
 cd  48   0.599634 -1.110366  0.693543  0.358146 3.18906E-10
 in  49  -0.496380 -1.256380  0.547529  0.212132 2.61126E-11
 sn  50   1.020391 -1.049608  0.754301  0.418903 8.87359E-10
 sb  51  -0.451407 -1.461407  0.342502  0.007104 3.07127E-11
 te  52   0.620991 -1.559009  0.244900 -0.090498 3.80243E-10
  i  53  -0.116823 -1.666823  0.137086 -0.198312 6.91628E-11
 xe  54   0.830762 -1.409238  0.394671  0.059273 6.34197E-10
 cs  55  -0.022698 -1.102698  0.701211  0.365813 8.99628E-11
 ba  56   1.510758 -0.669242  1.134668  0.799270 3.17493E-09
 la  57   0.516929 -0.653071  1.150838  0.815440 3.25739E-10
 ce  58   1.015388 -0.564613  1.239297  0.903899 1.03537E-09
 pr  59  -0.009866 -0.769866  1.034044  0.698646 9.82405E-11
 nd  60   0.782668 -0.667332  1.136577  0.801180 6.23697E-10
 pm  61   0.000000 -9.000000  0.000000  0.000000 0.00000E+00
 sm  62   0.003428 -0.936572  0.867338  0.531940 1.08089E-10
 eu  63  -0.912519 -1.422519  0.381390  0.045992 1.32569E-11
 gd  64  -0.103191 -1.153191  0.650718  0.315320 8.84340E-11
 tb  65  -1.027990 -1.347990  0.455919  0.120521 1.06273E-11
 dy  66   0.016334 -1.113666  0.690243  0.354845 1.20339E-10
 ho  67  -0.903094 -1.373094  0.430815  0.095417 1.47037E-11
 er  68  -0.142011 -1.062011  0.741899  0.406501 8.60199E-11
 tm  69  -1.051053 -1.171053  0.632856  0.297459 1.07123E-11
 yb  70   0.145571 -0.774429  1.029480  0.694082 1.72559E-10
 lu  71  -0.787910 -0.877910  0.925999  0.590601 2.03360E-11
 hf  72   0.128986 -0.581014  1.222896  0.887498 1.71325E-10
 ta  73  -0.788610 -0.668610  1.135299  0.799901 2.09973E-11
  w  74   0.075026 -0.574974  1.228935  0.893537 1.55842E-10
 re  75  -0.790511 -1.050511  0.753398  0.418000 2.15132E-11
 os  76   0.164970 -1.185030  0.618880  0.283482 1.98367E-10
 ir  77  -0.317874 -1.637874  0.166035 -0.169362 6.59384E-11
 pt  78   0.204691 -1.415309  0.388600  0.053203 2.22905E-10
 au  79  -0.582175 -1.382175  0.421734  0.086336 3.67653E-11
 hg  80   0.566420 -0.603580  1.200329  0.864931 5.27169E-10
 tl  81   0.238450 -0.531550  1.272359  0.936962 2.52415E-10
 pb  82   2.435742  0.395742  2.199652  1.864254 4.03044E-08
 bi  83   0.667855  0.017855  1.821765  1.486367 6.93713E-10
 po  84   1.533456 -9.000000  0.000000  0.000000 5.09123E-09
#[ls/Fe]_Thiswork =   0.8480, [hs/Fe]_Thiswork =   1.1749
#[hs/ls]_Thiswork =   0.3270, [Pb/hs]_Thiswork =   1.0247
# Elemental abundance ratios: 
# He/H =  9.9521E-02, C/O =  1.5302E+01, N/O = 3.47870E-01
#
#  TP   Mass     Mcore    Menv    log L
# 23 0.751244 0.699136 0.052108 4.036208
# El  Z   log e(X)   [X/H]    [X/Fe]     [X/O]      X(i)
  p   1  12.000000  0.000000  0.000000  0.000000 7.18827E-01
 he   2  10.998115  0.068114  1.872024  1.536626 2.84227E-01
  c   6   8.445287 -0.024714  1.779196  1.443798 2.38798E-03
  n   7   6.837184 -1.032816  0.771093  0.435696 6.86583E-05
  o   8   7.261068 -1.468931  0.334978  0.000000 2.08126E-04
  f   9   4.250440 -0.209560  1.594349  1.259371 2.41164E-07
 ne  10   7.133593 -0.836407  0.967502  0.632524 1.95739E-04
 na  11   5.292420 -1.017580  0.786330  0.451352 3.21457E-06
 mg  12   5.923239 -1.716761  0.087148 -0.247830 1.45244E-05
 al  13   4.750494 -1.719505  0.084404 -0.250574 1.08326E-06
 si  14   5.752149 -1.797851  0.006058 -0.328920 1.13189E-05
  p  15   3.740218 -1.729782  0.074128 -0.260850 1.21445E-07
  s  16   5.357234 -1.802766  0.001143 -0.333835 5.20511E-06
 cl  17   3.438494 -1.791506  0.012403 -0.322575 6.93922E-08
 ar  18   4.636519 -1.803481  0.000429 -0.334549 1.23361E-06
  k  19   3.281878 -1.798122  0.005787 -0.329191 5.33576E-08
 ca  20   4.485950 -1.804050 -0.000141 -0.335119 8.75025E-07
 sc  21   1.287232 -1.762768  0.041142 -0.293836 6.21132E-10
 ti  22   3.113432 -1.796568  0.007341 -0.327637 4.43233E-08
  v  23   2.155599 -1.804401 -0.000492 -0.335470 5.19803E-09
 cr  24   3.817429 -1.822571 -0.018662 -0.353640 2.43536E-07
 mn  25   3.677600 -1.802400  0.001509 -0.333469 1.86482E-07
 fe  26   5.736147 -1.803853  0.000000 -0.334922 2.16918E-05
 co  27   3.122084 -1.747916  0.055937 -0.278985 5.56681E-08
 ni  28   4.406910 -1.793089  0.010764 -0.324158 1.06822E-06
 cu  29   2.667494 -1.582506  0.221347 -0.113575 2.10740E-08
 zn  30   2.947490 -1.682510  0.121343 -0.213579 4.13324E-08
 ga  31   1.709822 -1.370178  0.433675  0.098753 2.54896E-09
 ge  32   2.185825 -1.394175  0.409678  0.074757 7.94630E-09
 as  33   0.809662 -1.490338  0.313515 -0.021407 3.44695E-10
 se  34   2.056467 -1.283533  0.520320  0.185398 6.41266E-09
 br  35   1.213693 -1.326307  0.477546  0.142624 9.32020E-10
 kr  36   2.145224 -1.104776  0.699077  0.364155 8.34875E-09
 rb  37   1.359427 -1.000572  0.803281  0.468359 1.39442E-09
 sr  38   1.926270 -0.953731  0.850122  0.515201 5.27274E-09
  y  39   1.236486 -0.933514  0.870339  0.535418 1.09290E-09
 zr  40   1.549012 -0.980988  0.822865  0.487943 2.30296E-09
 nb  41   0.369787 -1.040213  0.763640  0.428718 1.55237E-10
 mo  42   0.758007 -1.181993  0.621860  0.286938 3.91896E-10
 tc  43  -1.891609 -9.000000  0.000000  0.000000 8.96977E-13
 ru  44   0.465425 -1.294575  0.509278  0.174356 2.10480E-10
 rh  45  -0.447343 -1.507343  0.296510 -0.038412 2.61976E-11
 pd  46   0.461239 -1.188761  0.615092  0.280170 2.19496E-10
 ag  47  -0.336038 -1.536038  0.267815 -0.067106 3.54829E-11
 cd  48   0.599483 -1.110517  0.693336  0.358415 3.18754E-10
 in  49  -0.496510 -1.256510  0.547343  0.212422 2.61015E-11
 sn  50   1.020232 -1.049768  0.754085  0.419163 8.86919E-10
 sb  51  -0.451538 -1.461538  0.342315  0.007393 3.06995E-11
 te  52   0.620843 -1.559157  0.244696 -0.090226 3.80065E-10
  i  53  -0.116835 -1.666835  0.137018 -0.197903 6.91519E-11
 xe  54   0.830662 -1.409338  0.394515  0.059593 6.33968E-10
 cs  55  -0.026289 -1.106289  0.697564  0.362642 8.92107E-11
 ba  56   1.510688 -0.669312  1.134541  0.799619 3.17400E-09
 la  57   0.516757 -0.653243  1.150610  0.815688 3.25568E-10
 ce  58   1.015210 -0.564790  1.239063  0.904141 1.03481E-09
 pr  59  -0.010036 -0.770036  1.033817  0.698895 9.81891E-11
 nd  60   0.782490 -0.667510  1.136343  0.801421 6.23360E-10
 pm  61   0.000000 -9.000000  0.000000  0.000000 0.00000E+00
 sm  62   0.003262 -0.936738  0.867115  0.532193 1.08033E-10
 eu  63  -0.912611 -1.422611  0.381242  0.046320 1.32524E-11
 gd  64  -0.103331 -1.153331  0.650522  0.315601 8.83942E-11
 tb  65  -1.028097 -1.348097  0.455756  0.120834 1.06233E-11
 dy  66   0.016190 -1.113810  0.690043  0.355121 1.20284E-10
 ho  67  -0.903197 -1.373197  0.430656  0.095734 1.46983E-11
 er  68  -0.142164 -1.062164  0.741689  0.406767 8.59784E-11
 tm  69  -1.051193 -1.171193  0.632660  0.297738 1.07075E-11
 yb  70   0.145396 -0.774604  1.029249  0.694327 1.72467E-10
 lu  71  -0.788074 -0.878075  0.925779  0.590857 2.03257E-11
 hf  72   0.128634 -0.581366  1.222487  0.887566 1.71164E-10
 ta  73  -0.788796 -0.668796  1.135057  0.800135 2.09856E-11
  w  74   0.075036 -0.574964  1.228889  0.893967 1.55826E-10
 re  75  -0.790672 -1.050672  0.753181  0.418259 2.15025E-11
 os  76   0.164839 -1.185161  0.618692  0.283770 1.98282E-10
 ir  77  -0.317898 -1.637898  0.165955 -0.168967 6.59263E-11
 pt  78   0.204592 -1.415408  0.388445  0.053523 2.22825E-10
 au  79  -0.582277 -1.382277  0.421576  0.086654 3.67520E-11
 hg  80   0.566236 -0.603764  1.200089  0.865167 5.26877E-10
 tl  81   0.238422 -0.531578  1.272275  0.937354 2.52366E-10
 pb  82   2.435532  0.395532  2.199385  1.864463 4.02796E-08
 bi  83   0.667661  0.017661  1.821514  1.486592 6.93313E-10
 po  84   1.533292 -9.000000  0.000000  0.000000 5.08865E-09
#[ls/Fe]_Thiswork =   0.8478, [hs/Fe]_Thiswork =   1.1747
#[hs/ls]_Thiswork =   0.3270, [Pb/hs]_Thiswork =   1.0246
# Elemental abundance ratios: 
# He/H =  9.9567E-02, C/O =  1.5283E+01, N/O = 3.76804E-01
#
#  TP   Mass     Mcore    Menv    log L
# 24 0.738192 0.705000 0.033192 4.048257
# El  Z   log e(X)   [X/H]    [X/Fe]     [X/O]      X(i)
  p   1  12.000000  0.000000  0.000000  0.000000 7.18812E-01
 he   2  10.998165  0.068165  1.872018  1.537096 2.84253E-01
  c   6   8.442750 -0.027250  1.776603  1.441681 2.37402E-03
  n   7   6.865417 -1.004583  0.799270  0.464348 7.32684E-05
  o   8   7.259636 -1.470363  0.333490  0.000000 2.07436E-04
  f   9   4.247746 -0.212254  1.591599  1.258110 2.39667E-07
 ne  10   7.131268 -0.838732  0.965121  0.631631 1.94690E-04
 na  11   5.299069 -1.010931  0.792922  0.459432 3.26409E-06
 mg  12   5.922885 -1.717114  0.086739 -0.246751 1.45123E-05
 al  13   4.752060 -1.717939  0.085914 -0.247576 1.08715E-06
 si  14   5.752145 -1.797855  0.005998 -0.327492 1.13185E-05
  p  15   3.739944 -1.730056  0.073797 -0.259693 1.21366E-07
  s  16   5.357245 -1.802755  0.001098 -0.332392 5.20512E-06
 cl  17   3.438460 -1.791540  0.012313 -0.321177 6.93853E-08
 ar  18   4.636534 -1.803466  0.000387 -0.333103 1.23363E-06
  k  19   3.281871 -1.798129  0.005724 -0.327766 5.33556E-08
 ca  20   4.485966 -1.804034 -0.000181 -0.333671 8.75037E-07
 sc  21   1.287106 -1.762894  0.040959 -0.292531 6.20938E-10
 ti  22   3.113416 -1.796584  0.007269 -0.326221 4.43207E-08
  v  23   2.155612 -1.804388 -0.000535 -0.334025 5.19807E-09
 cr  24   3.817441 -1.822559 -0.018706 -0.352196 2.43537E-07
 mn  25   3.677606 -1.802394  0.001459 -0.332031 1.86480E-07
 fe  26   5.736161 -1.803839  0.000000 -0.333476 2.16920E-05
 co  27   3.121904 -1.748096  0.055743 -0.277732 5.56439E-08
 ni  28   4.406904 -1.793096  0.010743 -0.322733 1.06818E-06
 cu  29   2.667024 -1.582976  0.220862 -0.112613 2.10507E-08
 zn  30   2.947191 -1.682809  0.121030 -0.212446 4.13032E-08
 ga  31   1.709022 -1.370978  0.432860  0.099385 2.54421E-09
 ge  32   2.185000 -1.395000  0.408839  0.075364 7.93105E-09
 as  33   0.808999 -1.491001  0.312838 -0.020638 3.44162E-10
 se  34   2.055341 -1.284659  0.519180  0.185704 6.39591E-09
 br  35   1.213884 -1.326116  0.477723  0.144248 9.32411E-10
 kr  36   2.144028 -1.105972  0.697866  0.364391 8.32561E-09
 rb  37   1.358232 -1.001768  0.802070  0.468595 1.39056E-09
 sr  38   1.924629 -0.955371  0.848468  0.514992 5.25275E-09
  y  39   1.234729 -0.935271  0.868567  0.535092 1.08846E-09
 zr  40   1.547210 -0.982790  0.821048  0.487573 2.29337E-09
 nb  41   0.368027 -1.041973  0.761865  0.428390 1.54606E-10
 mo  42   0.756245 -1.183755  0.620083  0.286608 3.90300E-10
 tc  43  -1.962445 -9.000000  0.000000  0.000000 7.61966E-13
 ru  44   0.464000 -1.296000  0.507838  0.174363 2.09786E-10
 rh  45  -0.448439 -1.508439  0.295400 -0.038075 2.61311E-11
 pd  46   0.459386 -1.190614  0.613225  0.279749 2.18556E-10
 ag  47  -0.336508 -1.536508  0.267331 -0.066145 3.54437E-11
 cd  48   0.597653 -1.112347  0.691492  0.358016 3.17407E-10
 in  49  -0.498142 -1.258142  0.545696  0.212221 2.60029E-11
 sn  50   1.018332 -1.051668  0.752170  0.418695 8.83025E-10
 sb  51  -0.453186 -1.463186  0.340653  0.007177 3.05825E-11
 te  52   0.619041 -1.560959  0.242880 -0.090595 3.78484E-10
  i  53  -0.117430 -1.667430  0.136409 -0.197067 6.90558E-11
 xe  54   0.829277 -1.410723  0.393116  0.059640 6.31936E-10
 cs  55  -0.031312 -1.111312  0.692527  0.359051 8.81829E-11
 ba  56   1.508774 -0.671226  1.132612  0.799137 3.15998E-09
 la  57   0.514743 -0.655257  1.148582  0.815106 3.24055E-10
 ce  58   1.013140 -0.566860  1.236978  0.903503 1.02987E-09
 pr  59  -0.012043 -0.772043  1.031796  0.698320 9.77343E-11
 nd  60   0.780417 -0.669583  1.134256  0.800781 6.20380E-10
 pm  61   0.000000 -9.000000  0.000000  0.000000 0.00000E+00
 sm  62   0.001286 -0.938714  0.865124  0.531649 1.07541E-10
 eu  63  -0.913909 -1.423909  0.379930  0.046454 1.32125E-11
 gd  64  -0.105057 -1.155057  0.648782  0.315306 8.80417E-11
 tb  65  -1.029534 -1.349534  0.454304  0.120829 1.05880E-11
 dy  66   0.014428 -1.115572  0.688267  0.354791 1.19794E-10
 ho  67  -0.904595 -1.374595  0.429243  0.095768 1.46507E-11
 er  68  -0.144013 -1.064013  0.739825  0.406350 8.56111E-11
 tm  69  -1.052922 -1.172922  0.630916  0.297441 1.06647E-11
 yb  70   0.143360 -0.776640  1.027199  0.693723 1.71657E-10
 lu  71  -0.790022 -0.880022  0.923817  0.590341 2.02343E-11
 hf  72   0.126364 -0.583636  1.220202  0.886727 1.70268E-10
 ta  73  -0.790944 -0.670944  1.132895  0.799419 2.08816E-11
  w  74   0.073121 -0.576879  1.226960  0.893484 1.55137E-10
 re  75  -0.792588 -1.052588  0.751251  0.417775 2.14073E-11
 os  76   0.163190 -1.186810  0.617029  0.283553 1.97526E-10
 ir  77  -0.318599 -1.638599  0.165240 -0.168236 6.58185E-11
 pt  78   0.203223 -1.416777  0.387062  0.053586 2.22119E-10
 au  79  -0.583665 -1.383665  0.420174  0.086698 3.66339E-11
 hg  80   0.564109 -0.605891  1.197948  0.864472 5.24291E-10
 tl  81   0.236547 -0.533453  1.270385  0.936910 2.51273E-10
 pb  82   2.433173  0.393173  2.197012  1.863536 4.00606E-08
 bi  83   0.665445  0.015445  1.819284  1.485808 6.89771E-10
 po  84   1.531346 -9.000000  0.000000  0.000000 5.06579E-09
#[ls/Fe]_Thiswork =   0.8460, [hs/Fe]_Thiswork =   1.1727
#[hs/ls]_Thiswork =   0.3267, [Pb/hs]_Thiswork =   1.0243
# Elemental abundance ratios: 
# He/H =  9.9578E-02, C/O =  1.5245E+01, N/O = 4.03442E-01
#
#  TP   Mass     Mcore    Menv    log L
# 25 0.733241 0.710717 0.022525 4.060034
# El  Z   log e(X)   [X/H]    [X/Fe]     [X/O]      X(i)
  p   1  12.000000  0.000000  0.000000  0.000000 7.18876E-01
 he   2  10.998055  0.068055  1.871894  1.538418 2.84207E-01
  c   6   8.439646 -0.030354  1.773484  1.440009 2.35732E-03
  n   7   6.872018 -0.997982  0.805857  0.472382 7.43973E-05
  o   8   7.257735 -1.472264  0.331574  0.000000 2.06548E-04
  f   9   4.244156 -0.215844  1.587995  1.256420 2.37715E-07
 ne  10   7.127764 -0.842236  0.961603  0.630028 1.93143E-04
 na  11   5.297074 -1.012926  0.790913  0.459339 3.24943E-06
 mg  12   5.922108 -1.717892  0.085947 -0.245628 1.44876E-05
 al  13   4.753563 -1.716436  0.087402 -0.244172 1.09102E-06
 si  14   5.752086 -1.797915  0.005924 -0.325650 1.13180E-05
  p  15   3.739461 -1.730539  0.073300 -0.258275 1.21242E-07
  s  16   5.357207 -1.802793  0.001046 -0.330528 5.20514E-06
 cl  17   3.438354 -1.791646  0.012193 -0.319381 6.93747E-08
 ar  18   4.636502 -1.803498  0.000341 -0.331234 1.23365E-06
  k  19   3.281805 -1.798195  0.005644 -0.325931 5.33524E-08
 ca  20   4.485937 -1.804063 -0.000225 -0.331799 8.75057E-07
 sc  21   1.286856 -1.763144  0.040694 -0.290880 6.20636E-10
 ti  22   3.113337 -1.796663  0.007175 -0.324399 4.43166E-08
  v  23   2.155579 -1.804421 -0.000583 -0.332157 5.19814E-09
 cr  24   3.817407 -1.822593 -0.018754 -0.350329 2.43540E-07
 mn  25   3.677560 -1.802440  0.001399 -0.330176 1.86478E-07
 fe  26   5.736130 -1.803870  0.000000 -0.331605 2.16924E-05
 co  27   3.121571 -1.748429  0.055440 -0.276165 5.56061E-08
 ni  28   4.406834 -1.793166  0.010704 -0.320901 1.06811E-06
 cu  29   2.666235 -1.583765  0.220105 -0.111501 2.10144E-08
 zn  30   2.946672 -1.683328  0.120542 -0.211063 4.12576E-08
 ga  31   1.707718 -1.372282  0.431588  0.099982 2.53681E-09
 ge  32   2.183660 -1.396340  0.407529  0.075924 7.90731E-09
 as  33   0.807910 -1.492090  0.311780 -0.019826 3.43331E-10
 se  34   2.053638 -1.286361  0.517508  0.185903 6.37146E-09
 br  35   1.213355 -1.326645  0.477225  0.145619 9.31359E-10
 kr  36   2.142104 -1.107896  0.695974  0.364368 8.28955E-09
 rb  37   1.356307 -1.003693  0.800177  0.468571 1.38454E-09
 sr  38   1.922007 -0.957994  0.845876  0.514271 5.22160E-09
  y  39   1.231922 -0.938078  0.865792  0.534186 1.08155E-09
 zr  40   1.544333 -0.985667  0.818202  0.486597 2.27843E-09
 nb  41   0.365216 -1.044784  0.759086  0.427481 1.53622E-10
 mo  42   0.753430 -1.186570  0.617300  0.285695 3.87814E-10
 tc  43  -2.031246 -9.000000  0.000000  0.000000 6.50389E-13
 ru  44   0.461507 -1.298493  0.505377  0.173771 2.08604E-10
 rh  45  -0.450205 -1.510205  0.293665 -0.037941 2.60273E-11
 pd  46   0.456484 -1.193516  0.610354  0.278748 2.17120E-10
 ag  47  -0.337641 -1.537641  0.266229 -0.065377 3.53546E-11
 cd  48   0.594734 -1.115266  0.688604  0.356998 3.15309E-10
 in  49  -0.500752 -1.260752  0.543117  0.211512 2.58494E-11
 sn  50   1.015300 -1.054700  0.749170  0.417564 8.76961E-10
 sb  51  -0.455820 -1.465820  0.338050  0.006444 3.04003E-11
 te  52   0.616168 -1.563832  0.240038 -0.091568 3.76021E-10
  i  53  -0.118411 -1.668411  0.135459 -0.196147 6.89062E-11
 xe  54   0.827058 -1.412942  0.390928  0.059322 6.28772E-10
 cs  55  -0.037204 -1.117204  0.686666  0.355060 8.70023E-11
 ba  56   1.505663 -0.674337  1.129533  0.797927 3.13770E-09
 la  57   0.511533 -0.658467  1.145403  0.813797 3.21697E-10
 ce  58   1.009842 -0.570158  1.233712  0.902106 1.02217E-09
 pr  59  -0.015242 -0.775242  1.028628  0.697023 9.70259E-11
 nd  60   0.777116 -0.672884  1.130985  0.799380 6.15737E-10
 pm  61   0.000000 -9.000000  0.000000  0.000000 0.00000E+00
 sm  62  -0.001863 -0.941863  0.862006  0.530401 1.06773E-10
 eu  63  -0.915993 -1.425993  0.377877  0.046272 1.31505E-11
 gd  64  -0.107813 -1.157813  0.646057  0.314451 8.74926E-11
 tb  65  -1.031837 -1.351837  0.452032  0.120427 1.05329E-11
 dy  66   0.011617 -1.118383  0.685486  0.353881 1.19032E-10
 ho  67  -0.906837 -1.376837  0.427033  0.095428 1.45766E-11
 er  68  -0.146965 -1.066965  0.736905  0.405299 8.50390E-11
 tm  69  -1.055682 -1.175682  0.628188  0.296582 1.05981E-11
 yb  70   0.140115 -0.779885  1.023984  0.692379 1.70394E-10
 lu  71  -0.793128 -0.883128  0.920742  0.589136 2.00919E-11
 hf  72   0.122849 -0.587151  1.216719  0.885114 1.68910E-10
 ta  73  -0.794365 -0.674365  1.129505  0.797899 2.07196E-11
  w  74   0.069954 -0.580046  1.223824  0.892218 1.54024E-10
 re  75  -0.795644 -1.055644  0.748226  0.416620 2.12591E-11
 os  76   0.160555 -1.189445  0.614425  0.282819 1.96348E-10
 ir  77  -0.319747 -1.639747  0.164123 -0.167483 6.56505E-11
 pt  78   0.201028 -1.418972  0.384898  0.053292 2.21019E-10
 au  79  -0.585891 -1.385891  0.417979  0.086374 3.64499E-11
 hg  80   0.560721 -0.609279  1.194591  0.862986 5.20265E-10
 tl  81   0.233467 -0.536533  1.267337  0.935731 2.49520E-10
 pb  82   2.429421  0.389421  2.193291  1.861686 3.97196E-08
 bi  83   0.661919  0.011919  1.815788  1.484183 6.84253E-10
 po  84   1.528243 -9.000000  0.000000  0.000000 5.03018E-09
#[ls/Fe]_Thiswork =   0.8433, [hs/Fe]_Thiswork =   1.1695
#[hs/ls]_Thiswork =   0.3263, [Pb/hs]_Thiswork =   1.0237
# Elemental abundance ratios: 
# He/H =  9.9553E-02, C/O =  1.5202E+01, N/O = 4.11418E-01
#
#  TP   Mass     Mcore    Menv    log L
# 26 0.731615 0.716283 0.015332 4.071341
# El  Z   log e(X)   [X/H]    [X/Fe]     [X/O]      X(i)
  p   1  12.000000  0.000000  0.000000  0.000000 7.18823E-01
 he   2  10.998179  0.068179  1.872049  1.540443 2.84267E-01
  c   6   8.437595 -0.032405  1.771465  1.439859 2.34604E-03
  n   7   6.898232 -0.971767  0.832102  0.500497 7.90204E-05
  o   8   7.256594 -1.473406  0.330464  0.000000 2.05991E-04
  f   9   4.242018 -0.217982  1.585888  1.255424 2.36531E-07
 ne  10   7.126040 -0.843960  0.959910  0.629446 1.92363E-04
 na  11   5.302776 -1.007224  0.796646  0.466182 3.29213E-06
 mg  12   5.921887 -1.718113  0.085757 -0.244707 1.44792E-05
 al  13   4.756190 -1.713809  0.090060 -0.240404 1.09755E-06
 si  14   5.752111 -1.797889  0.005980 -0.324483 1.13178E-05
  p  15   3.739285 -1.730715  0.073154 -0.257309 1.21183E-07
  s  16   5.357240 -1.802760  0.001110 -0.329354 5.20515E-06
 cl  17   3.438356 -1.791644  0.012226 -0.318238 6.93698E-08
 ar  18   4.636538 -1.803463  0.000407 -0.330057 1.23366E-06
  k  19   3.281825 -1.798175  0.005695 -0.324769 5.33508E-08
 ca  20   4.485973 -1.804027 -0.000157 -0.330621 8.75067E-07
 sc  21   1.286788 -1.763212  0.040658 -0.289806 6.20493E-10
 ti  22   3.113350 -1.796650  0.007220 -0.323244 4.43147E-08
  v  23   2.155613 -1.804387 -0.000517 -0.330981 5.19817E-09
 cr  24   3.817441 -1.822559 -0.018689 -0.349153 2.43541E-07
 mn  25   3.677589 -1.802411  0.001459 -0.329005 1.86476E-07
 fe  26   5.736166 -1.803834  0.000000 -0.330428 2.16926E-05
 co  27   3.121463 -1.748537  0.055297 -0.275131 5.55883E-08
 ni  28   4.406856 -1.793144  0.010690 -0.319738 1.06808E-06
 cu  29   2.665914 -1.584086  0.219748 -0.110681 2.09973E-08
 zn  30   2.946478 -1.683522  0.120312 -0.210116 4.12360E-08
 ga  31   1.707152 -1.372848  0.430986  0.100558 2.53332E-09
 ge  32   2.183076 -1.396924  0.406910  0.076482 7.89611E-09
 as  33   0.807446 -1.492553  0.311280 -0.019148 3.42939E-10
 se  34   2.052835 -1.287165  0.516669  0.186240 6.35921E-09
 br  35   1.213492 -1.326508  0.477326  0.146898 9.31586E-10
 kr  36   2.141244 -1.108756  0.695078  0.364650 8.27256E-09
 rb  37   1.355448 -1.004552  0.799282  0.468854 1.38170E-09
 sr  38   1.920815 -0.959185  0.844649  0.514221 5.20692E-09
  y  39   1.230643 -0.939357  0.864477  0.534049 1.07829E-09
 zr  40   1.543019 -0.986981  0.816853  0.486425 2.27138E-09
 nb  41   0.363935 -1.046064  0.757769  0.427341 1.53158E-10
 mo  42   0.752148 -1.187852  0.615982  0.285553 3.86642E-10
 tc  43  -2.094050 -9.000000  0.000000  0.000000 5.62778E-13
 ru  44   0.460451 -1.299549  0.504285  0.173857 2.08082E-10
 rh  45  -0.450990 -1.510990  0.292844 -0.037584 2.59784E-11
 pd  46   0.455122 -1.194878  0.608956  0.278528 2.16425E-10
 ag  47  -0.337891 -1.537891  0.265943 -0.064485 3.53316E-11
 cd  48   0.593402 -1.116598  0.687236  0.356808 3.14320E-10
 in  49  -0.501939 -1.261939  0.541895  0.211467 2.57770E-11
 sn  50   1.013913 -1.056087  0.747747  0.417319 8.74101E-10
 sb  51  -0.457017 -1.467017  0.336817  0.006389 3.03144E-11
 te  52   0.614857 -1.565143  0.238691 -0.091738 3.74860E-10
  i  53  -0.118824 -1.668824  0.135010 -0.195418 6.88356E-11
 xe  54   0.826058 -1.413942  0.389892  0.059464 6.27280E-10
 cs  55  -0.041341 -1.121341  0.682493  0.352065 8.61711E-11
 ba  56   1.504277 -0.675723  1.128111  0.797683 3.12748E-09
 la  57   0.510061 -0.659939  1.143895  0.813467 3.20586E-10
 ce  58   1.008328 -0.571672  1.232162  0.901734 1.01854E-09
 pr  59  -0.016707 -0.776707  1.027127  0.696698 9.66919E-11
 nd  60   0.775601 -0.674399  1.129435  0.799007 6.13548E-10
 pm  61   0.000000 -9.000000  0.000000  0.000000 0.00000E+00
 sm  62  -0.003305 -0.943305  0.860529  0.530100 1.06411E-10
 eu  63  -0.916928 -1.426928  0.376906  0.046478 1.31212E-11
 gd  64  -0.109068 -1.159068  0.644766  0.314338 8.72337E-11
 tb  65  -1.032877 -1.352877  0.450957  0.120529 1.05070E-11
 dy  66   0.010335 -1.119665  0.684169  0.353741 1.18673E-10
 ho  67  -0.907846 -1.377846  0.425987  0.095559 1.45417E-11
 er  68  -0.148313 -1.068313  0.735521  0.405093 8.47693E-11
 tm  69  -1.056939 -1.176939  0.626895  0.296467 1.05667E-11
 yb  70   0.138627 -0.781373  1.022461  0.692033 1.69799E-10
 lu  71  -0.794549 -0.884549  0.919285  0.588857 2.00248E-11
 hf  72   0.121163 -0.588837  1.214997  0.884569 1.68244E-10
 ta  73  -0.795937 -0.675937  1.127897  0.797469 2.06433E-11
  w  74   0.068581 -0.581419  1.222415  0.891986 1.53526E-10
 re  75  -0.797042 -1.057042  0.746792  0.416364 2.11892E-11
 os  76   0.159357 -1.190643  0.613191  0.282763 1.95793E-10
 ir  77  -0.320239 -1.640239  0.163595 -0.166833 6.55714E-11
 pt  78   0.200040 -1.419960  0.383874  0.053446 2.20500E-10
 au  79  -0.586893 -1.386893  0.416941  0.086513 3.63632E-11
 hg  80   0.559166 -0.610834  1.193000  0.862572 5.18367E-10
 tl  81   0.232118 -0.537882  1.265952  0.935524 2.48727E-10
 pb  82   2.427691  0.387691  2.191525  1.861096 3.95587E-08
 bi  83   0.660295  0.010296  1.814129  1.483701 6.81651E-10
 po  84   1.526823 -9.000000  0.000000  0.000000 5.01339E-09
#[ls/Fe]_Thiswork =   0.8420, [hs/Fe]_Thiswork =   1.1681
#[hs/ls]_Thiswork =   0.3261, [Pb/hs]_Thiswork =   1.0235
# Elemental abundance ratios: 
# He/H =  9.9582E-02, C/O =  1.5171E+01, N/O = 4.38166E-01
#
#  TP   Mass     Mcore    Menv    log L
# 27 0.731067 0.721706 0.009361 4.082138
# El  Z   log e(X)   [X/H]    [X/Fe]     [X/O]      X(i)
  p   1  12.000000  0.000000  0.000000  0.000000 7.18916E-01
 he   2  10.997991  0.067990  1.871824  1.541396 2.84180E-01
  c   6   8.437017 -0.032983  1.770851  1.440423 2.34323E-03
  n   7   6.887744 -0.982255  0.821579  0.491150 7.71449E-05
  o   8   7.256187 -1.473813  0.330021  0.000000 2.05825E-04
  f   9   4.241233 -0.218767  1.585067  1.255045 2.36134E-07
 ne  10   7.125092 -0.844908  0.958926  0.628904 1.91969E-04
 na  11   5.297682 -1.012318  0.791516  0.461494 3.25416E-06
 mg  12   5.921553 -1.718447  0.085387 -0.244635 1.44699E-05
 al  13   4.755147 -1.714852  0.088982 -0.241040 1.09506E-06
 si  14   5.752047 -1.797953  0.005881 -0.324141 1.13176E-05
  p  15   3.739105 -1.730895  0.072939 -0.257082 1.21149E-07
  s  16   5.357184 -1.802815  0.001019 -0.329003 5.20515E-06
 cl  17   3.438280 -1.791720  0.012114 -0.317907 6.93666E-08
 ar  18   4.636484 -1.803516  0.000318 -0.329704 1.23366E-06
  k  19   3.281762 -1.798238  0.005596 -0.324425 5.33499E-08
 ca  20   4.485920 -1.804080 -0.000246 -0.330267 8.75072E-07
 sc  21   1.286674 -1.763326  0.040508 -0.289514 6.20410E-10
 ti  22   3.113283 -1.796717  0.007117 -0.322904 4.43136E-08
  v  23   2.155559 -1.804441 -0.000607 -0.330629 5.19819E-09
 cr  24   3.817387 -1.822613 -0.018779 -0.348801 2.43542E-07
 mn  25   3.677531 -1.802469  0.001365 -0.328656 1.86476E-07
 fe  26   5.736112 -1.803888  0.000000 -0.330075 2.16927E-05
 co  27   3.121325 -1.748674  0.055213 -0.274862 5.55778E-08
 ni  28   4.406796 -1.793204  0.010684 -0.319392 1.06807E-06
 cu  29   2.665649 -1.584351  0.219537 -0.110538 2.09872E-08
 zn  30   2.946288 -1.683712  0.120176 -0.209899 4.12234E-08
 ga  31   1.706744 -1.373256  0.430632  0.100557 2.53127E-09
 ge  32   2.182657 -1.397343  0.406545  0.076470 7.88952E-09
 as  33   0.807098 -1.492902  0.310986 -0.019089 3.42709E-10
 se  34   2.052257 -1.287743  0.516145  0.186069 6.35158E-09
 br  35   1.213702 -1.326298  0.477590  0.147515 9.32155E-10
 kr  36   2.140663 -1.109337  0.694551  0.364476 8.26255E-09
 rb  37   1.354866 -1.005134  0.798754  0.468679 1.38003E-09
 sr  38   1.920038 -0.959962  0.843926  0.513851 5.19828E-09
  y  39   1.229815 -0.940186  0.863702  0.533627 1.07637E-09
 zr  40   1.542171 -0.987829  0.816058  0.485983 2.26724E-09
 nb  41   0.363105 -1.046895  0.756993  0.426917 1.52886E-10
 mo  42   0.751317 -1.188683  0.615205  0.285130 3.85953E-10
 tc  43  -2.152757 -9.000000  0.000000  0.000000 4.91686E-13
 ru  44   0.459797 -1.300203  0.503685  0.173609 2.07796E-10
 rh  45  -0.451527 -1.511527  0.292361 -0.037714 2.59497E-11
 pd  46   0.454216 -1.195784  0.608104  0.278029 2.16002E-10
 ag  47  -0.337947 -1.537947  0.265941 -0.064134 3.53316E-11
 cd  48   0.592541 -1.117459  0.686429  0.356353 3.13738E-10
 in  49  -0.502713 -1.262713  0.541175  0.211099 2.57345E-11
 sn  50   1.013021 -1.056979  0.746908  0.416833 8.72419E-10
 sb  51  -0.457798 -1.467798  0.336090  0.006015 3.02639E-11
 te  52   0.614008 -1.565992  0.237896 -0.092180 3.74176E-10
  i  53  -0.119143 -1.669142  0.134745 -0.195330 6.87940E-11
 xe  54   0.825394 -1.414606  0.389282  0.059206 6.26402E-10
 cs  55  -0.044842 -1.124842  0.679046  0.348971 8.54903E-11
 ba  56   1.503413 -0.676587  1.127301  0.797226 3.12167E-09
 la  57   0.509119 -0.660881  1.143007  0.812932 3.19932E-10
 ce  58   1.007361 -0.572639  1.231249  0.901174 1.01640E-09
 pr  59  -0.017647 -0.777647  1.026241  0.696166 9.64953E-11
 nd  60   0.774632 -0.675368  1.128520  0.798445 6.12261E-10
 pm  61   0.000000 -9.000000  0.000000  0.000000 0.00000E+00
 sm  62  -0.004231 -0.944231  0.859656  0.529581 1.06199E-10
 eu  63  -0.917554 -1.427554  0.376334  0.046259 1.31040E-11
 gd  64  -0.109883 -1.159883  0.644005  0.313929 8.70813E-11
 tb  65  -1.033565 -1.353565  0.450323  0.120248 1.04917E-11
 dy  66   0.009504 -1.120496  0.683392  0.353317 1.18461E-10
 ho  67  -0.908517 -1.378517  0.425371  0.095296 1.45211E-11
 er  68  -0.149183 -1.069183  0.734704  0.404629 8.46105E-11
 tm  69  -1.057755 -1.177755  0.626132  0.296057 1.05482E-11
 yb  70   0.137674 -0.782326  1.021562  0.691487 1.69449E-10
 lu  71  -0.795463 -0.885463  0.918425  0.588350 1.99853E-11
 hf  72   0.120045 -0.589955  1.213933  0.883857 1.67833E-10
 ta  73  -0.796939 -0.676939  1.126949  0.796874 2.05983E-11
  w  74   0.067752 -0.582248  1.221640  0.891564 1.53253E-10
 re  75  -0.797942 -1.057942  0.745946  0.415870 2.11481E-11
 os  76   0.158576 -1.191424  0.612464  0.282389 1.95467E-10
 ir  77  -0.320604 -1.640604  0.163283 -0.166792 6.55248E-11
 pt  78   0.199382 -1.420618  0.383270  0.053194 2.20195E-10
 au  79  -0.587559 -1.387559  0.416329  0.086254 3.63122E-11
 hg  80   0.558173 -0.611827  1.192061  0.861986 5.17249E-10
 tl  81   0.231288 -0.538712  1.265176  0.935101 2.48285E-10
 pb  82   2.426595  0.386595  2.190483  1.860407 3.94641E-08
 bi  83   0.659264  0.009264  1.813151  1.483076 6.80121E-10
 po  84   1.525910 -9.000000  0.000000  0.000000 5.00351E-09
#[ls/Fe]_Thiswork =   0.8412, [hs/Fe]_Thiswork =   1.1672
#[hs/ls]_Thiswork =   0.3260, [Pb/hs]_Thiswork =   1.0233
# Elemental abundance ratios: 
# He/H =  9.9538E-02, C/O =  1.5165E+01, N/O = 4.28112E-01
#
#  TP   Mass     Mcore    Menv    log L
# 28 0.730910 0.726996 0.003914 4.092511
# El  Z   log e(X)   [X/H]    [X/Fe]     [X/O]      X(i)
  p   1  12.000000  0.000000  0.000000  0.000000 7.19202E-01
 he   2  10.997390  0.067389  1.871277  1.541202 2.83900E-01
  c   6   8.438488 -0.031512  1.772376  1.442300 2.35211E-03
  n   7   6.812970 -1.057030  0.746858  0.416782 6.49688E-05
  o   8   7.256738 -1.473261  0.330626  0.000000 2.06168E-04
  f   9   4.242227 -0.217773  1.586115  1.255488 2.36769E-07
 ne  10   7.124990 -0.845010  0.958878  0.628251 1.92000E-04
 na  11   5.276474 -1.033526  0.770361  0.439735 3.10029E-06
 mg  12   5.921048 -1.718952  0.084936 -0.245690 1.44589E-05
 al  13   4.748588 -1.721412  0.082476 -0.248150 1.07908E-06
 si  14   5.751863 -1.798138  0.005750 -0.324876 1.13173E-05
  p  15   3.738897 -1.731102  0.072785 -0.257841 1.21139E-07
  s  16   5.357012 -1.802988  0.000900 -0.329726 5.20516E-06
 cl  17   3.438098 -1.791902  0.011986 -0.318641 6.93651E-08
 ar  18   4.636312 -1.803688  0.000200 -0.330427 1.23366E-06
  k  19   3.281588 -1.798412  0.005476 -0.325151 5.33497E-08
 ca  20   4.485748 -1.804252 -0.000364 -0.330990 8.75074E-07
 sc  21   1.286484 -1.763516  0.040372 -0.290255 6.20386E-10
 ti  22   3.113108 -1.796892  0.006996 -0.323631 4.43133E-08
  v  23   2.155386 -1.804614 -0.000726 -0.331353 5.19820E-09
 cr  24   3.817214 -1.822786 -0.018898 -0.349524 2.43542E-07
 mn  25   3.677359 -1.802641  0.001246 -0.329380 1.86475E-07
 fe  26   5.735940 -1.804060  0.000000 -0.330799 2.16927E-05
 co  27   3.121129 -1.748871  0.055189 -0.275609 5.55748E-08
 ni  28   4.406627 -1.793373  0.010687 -0.320112 1.06808E-06
 cu  29   2.665417 -1.584583  0.219477 -0.111322 2.09843E-08
 zn  30   2.946078 -1.683922  0.120138 -0.210660 4.12198E-08
 ga  31   1.706471 -1.373528  0.430532  0.099733 2.53068E-09
 ge  32   2.182381 -1.397619  0.406441  0.075642 7.88764E-09
 as  33   0.806842 -1.493158  0.310902 -0.019897 3.42643E-10
 se  34   2.051881 -1.288119  0.515941  0.185142 6.34860E-09
 br  35   1.213983 -1.326017  0.478043  0.147244 9.33129E-10
 kr  36   2.140340 -1.109660  0.694400  0.363601 8.25969E-09
 rb  37   1.354543 -1.005457  0.798603  0.467804 1.37955E-09
 sr  38   1.919660 -0.960340  0.843719  0.512921 5.19580E-09
  y  39   1.229421 -0.940579  0.863481  0.532682 1.07583E-09
 zr  40   1.541771 -0.988229  0.815831  0.485032 2.26605E-09
 nb  41   0.362711 -1.047289  0.756771  0.425972 1.52808E-10
 mo  42   0.750922 -1.189078  0.614982  0.284184 3.85755E-10
 tc  43  -2.207669 -9.000000  0.000000  0.000000 4.33458E-13
 ru  44   0.459535 -1.300465  0.503595  0.172796 2.07753E-10
 rh  45  -0.451837 -1.511837  0.292223 -0.038575 2.59414E-11
 pd  46   0.453753 -1.196247  0.607813  0.277015 2.15857E-10
 ag  47  -0.337825 -1.537825  0.266235 -0.064564 3.53555E-11
 cd  48   0.592137 -1.117863  0.686197  0.355399 3.13571E-10
 in  49  -0.503091 -1.263091  0.540969  0.210171 2.57223E-11
 sn  50   1.012609 -1.057391  0.746669  0.415870 8.71938E-10
 sb  51  -0.458179 -1.468179  0.335881  0.005083 3.02494E-11
 te  52   0.613608 -1.566392  0.237668 -0.093130 3.73981E-10
  i  53  -0.119390 -1.669390  0.134670 -0.196129 6.87821E-11
 xe  54   0.825047 -1.414953  0.389107  0.058309 6.26151E-10
 cs  55  -0.047741 -1.127741  0.676319  0.345520 8.49553E-11
 ba  56   1.503058 -0.676942  1.127118  0.796320 3.12036E-09
 la  57   0.508692 -0.661308  1.142752  0.811953 3.19745E-10
 ce  58   1.006927 -0.573073  1.230987  0.900189 1.01579E-09
 pr  59  -0.018073 -0.778073  1.025987  0.695188 9.64391E-11
 nd  60   0.774199 -0.675802  1.128258  0.797460 6.11892E-10
 pm  61   0.000000 -9.000000  0.000000  0.000000 0.00000E+00
 sm  62  -0.004653 -0.944653  0.859407  0.528608 1.06138E-10
 eu  63  -0.917890 -1.427890  0.376170  0.045372 1.30991E-11
 gd  64  -0.110273 -1.160273  0.643787  0.312988 8.70377E-11
 tb  65  -1.033918 -1.353918  0.450142  0.119343 1.04873E-11
 dy  66   0.009110 -1.120890  0.683170  0.352372 1.18401E-10
 ho  67  -0.908865 -1.378865  0.425195  0.094396 1.45153E-11
 er  68  -0.149589 -1.069589  0.734471  0.403673 8.45651E-11
 tm  69  -1.058146 -1.178146  0.625914  0.295116 1.05429E-11
 yb  70   0.137245 -0.782755  1.021305  0.690507 1.69349E-10
 lu  71  -0.795881 -0.885881  0.918179  0.587380 1.99740E-11
 hf  72   0.119480 -0.590520  1.213540  0.882742 1.67681E-10
 ta  73  -0.797382 -0.677382  1.126678  0.795879 2.05855E-11
  w  74   0.067456 -0.582544  1.221516  0.890718 1.53210E-10
 re  75  -0.798356 -1.058356  0.745704  0.414905 2.11364E-11
 os  76   0.158195 -1.191805  0.612255  0.281457 1.95373E-10
 ir  77  -0.320865 -1.640865  0.163195 -0.167603 6.55115E-11
 pt  78   0.199038 -1.420962  0.383098  0.052299 2.20108E-10
 au  79  -0.587906 -1.387906  0.416154  0.085356 3.62976E-11
 hg  80   0.557733 -0.612267  1.191793  0.860994 5.16930E-10
 tl  81   0.230969 -0.539031  1.265029  0.934231 2.48201E-10
 pb  82   2.426124  0.386124  2.190184  1.859385 3.94369E-08
 bi  83   0.658812  0.008812  1.812872  1.482073 6.79683E-10
 po  84   1.525493 -9.000000  0.000000  0.000000 5.00068E-09
#[ls/Fe]_Thiswork =   0.8410, [hs/Fe]_Thiswork =   1.1670
#[hs/ls]_Thiswork =   0.3259, [Pb/hs]_Thiswork =   1.0232
# Elemental abundance ratios: 
# He/H =  9.9401E-02, C/O =  1.5197E+01, N/O = 3.59941E-01
#
# Final abundances
# El  Z   log e(X)   [X/H]    [X/Fe]     [X/O]      X(i)
  p   1  12.000000  0.000000  0.000000  0.000000 7.19202E-01
 he   2  10.997390  0.067389  1.871449  1.540651 2.83900E-01
  c   6   8.438488 -0.031512  1.772548  1.441749 2.35211E-03
  n   7   6.812963 -1.057037  0.747023  0.416224 6.49679E-05
  o   8   7.256738 -1.473261  0.330799  0.000000 2.06168E-04
  f   9   4.242227 -0.217773  1.586287  1.255488 2.36769E-07
 ne  10   7.124990 -0.845010  0.959050  0.628251 1.92000E-04
 na  11   5.276472 -1.033528  0.770532  0.439733 3.10028E-06
 mg  12   5.921048 -1.718952  0.085108 -0.245690 1.44589E-05
 al  13   4.748586 -1.721414  0.082646 -0.248152 1.07907E-06
 si  14   5.751863 -1.798138  0.005922 -0.324876 1.13173E-05
  p  15   3.738897 -1.731102  0.072958 -0.257841 1.21139E-07
  s  16   5.357012 -1.802988  0.001072 -0.329726 5.20516E-06
 cl  17   3.438097 -1.791903  0.012157 -0.318642 6.93651E-08
 ar  18   4.636312 -1.803688  0.000372 -0.330427 1.23366E-06
  k  19   3.281588 -1.798412  0.005648 -0.325151 5.33497E-08
 ca  20   4.485748 -1.804252 -0.000192 -0.330990 8.75074E-07
 sc  21   1.286484 -1.763516  0.040544 -0.290255 6.20386E-10
 ti  22   3.113108 -1.796892  0.007168 -0.323631 4.43133E-08
  v  23   2.155386 -1.804614 -0.000554 -0.331353 5.19820E-09
 cr  24   3.817214 -1.822786 -0.018726 -0.349524 2.43542E-07
 mn  25   3.677358 -1.802642  0.001418 -0.329381 1.86475E-07
 fe  26   5.735940 -1.804060  0.000000 -0.330799 2.16927E-05
 co  27   3.121129 -1.748871  0.055189 -0.275609 5.55748E-08
 ni  28   4.406626 -1.793374  0.010686 -0.320112 1.06808E-06
 cu  29   2.665417 -1.584583  0.219477 -0.111322 2.09843E-08
 zn  30   2.946077 -1.683923  0.120137 -0.210661 4.12198E-08
 ga  31   1.706470 -1.373529  0.430531  0.099732 2.53068E-09
 ge  32   2.182380 -1.397620  0.406440  0.075641 7.88763E-09
 as  33   0.806842 -1.493158  0.310902 -0.019897 3.42643E-10
 se  34   2.051879 -1.288121  0.515939  0.185140 6.34859E-09
 br  35   1.213987 -1.326013  0.478047  0.147249 9.33138E-10
 kr  36   2.140339 -1.109661  0.694399  0.363600 8.25969E-09
 rb  37   1.354542 -1.005458  0.798602  0.467803 1.37955E-09
 sr  38   1.919659 -0.960341  0.843719  0.512920 5.19580E-09
  y  39   1.229421 -0.940579  0.863481  0.532682 1.07583E-09
 zr  40   1.541770 -0.988230  0.815830  0.485031 2.26605E-09
 nb  41   0.362710 -1.047290  0.756770  0.425971 1.52808E-10
 mo  42   0.750922 -1.189078  0.614982  0.284184 3.85755E-10
 tc  43  -2.208120 -9.000000  0.000000  0.000000 4.33009E-13
 ru  44   0.459535 -1.300465  0.503595  0.172796 2.07753E-10
 rh  45  -0.451838 -1.511838  0.292222 -0.038577 2.59414E-11
 pd  46   0.453753 -1.196247  0.607813  0.277014 2.15857E-10
 ag  47  -0.337823 -1.537823  0.266237 -0.064562 3.53558E-11
 cd  48   0.592137 -1.117863  0.686197  0.355399 3.13571E-10
 in  49  -0.503091 -1.263091  0.540969  0.210171 2.57223E-11
 sn  50   1.012608 -1.057392  0.746668  0.415869 8.71938E-10
 sb  51  -0.458179 -1.468179  0.335881  0.005082 3.02494E-11
 te  52   0.613608 -1.566392  0.237668 -0.093130 3.73981E-10
  i  53  -0.119390 -1.669390  0.134670 -0.196129 6.87821E-11
 xe  54   0.825047 -1.414953  0.389107  0.058308 6.26151E-10
 cs  55  -0.047763 -1.127763  0.676297  0.345498 8.49512E-11
 ba  56   1.503057 -0.676943  1.127117  0.796319 3.12036E-09
 la  57   0.508692 -0.661308  1.142752  0.811953 3.19745E-10
 ce  58   1.006927 -0.573074  1.230986  0.900188 1.01579E-09
 pr  59  -0.018073 -0.778073  1.025987  0.695188 9.64391E-11
 nd  60   0.774199 -0.675802  1.128258  0.797460 6.11892E-10
 pm  61   0.000000 -9.000000  0.000000  0.000000 0.00000E+00
 sm  62  -0.004654 -0.944654  0.859406  0.528607 1.06138E-10
 eu  63  -0.917891 -1.427891  0.376169  0.045371 1.30991E-11
 gd  64  -0.110274 -1.160274  0.643786  0.312987 8.70377E-11
 tb  65  -1.033918 -1.353918  0.450142  0.119343 1.04873E-11
 dy  66   0.009109 -1.120890  0.683169  0.352371 1.18401E-10
 ho  67  -0.908865 -1.378865  0.425195  0.094396 1.45153E-11
 er  68  -0.149590 -1.069590  0.734470  0.403672 8.45651E-11
 tm  69  -1.058146 -1.178146  0.625914  0.295115 1.05429E-11
 yb  70   0.137244 -0.782756  1.021304  0.690506 1.69349E-10
 lu  71  -0.795881 -0.885881  0.918179  0.587380 1.99740E-11
 hf  72   0.119478 -0.590522  1.213538  0.882740 1.67681E-10
 ta  73  -0.797383 -0.677383  1.126677  0.795878 2.05855E-11
  w  74   0.067456 -0.582544  1.221516  0.890718 1.53210E-10
 re  75  -0.798356 -1.058356  0.745704  0.414905 2.11364E-11
 os  76   0.158195 -1.191805  0.612255  0.281457 1.95373E-10
 ir  77  -0.320866 -1.640866  0.163194 -0.167604 6.55115E-11
 pt  78   0.199037 -1.420963  0.383097  0.052298 2.20108E-10
 au  79  -0.587907 -1.387907  0.416153  0.085355 3.62976E-11
 hg  80   0.557732 -0.612268  1.191792  0.860993 5.16930E-10
 tl  81   0.230969 -0.539031  1.265029  0.934231 2.48202E-10
 pb  82   2.426123  0.386123  2.190183  1.859384 3.94369E-08
 bi  83   0.658811  0.008811  1.812871  1.482072 6.79683E-10
 po  84   1.525492 -9.000000  0.000000  0.000000 5.00068E-09
#[ls/Fe]_Thiswork =   0.8410, [hs/Fe]_Thiswork =   1.1670
#[hs/ls]_Thiswork =   0.3259, [Pb/hs]_Thiswork =   1.0232
# Elemental abundance ratios: 
# He/H =  9.9401E-02, C/O =  1.5197E+01, N/O = 3.59936E-01
