                               1                                2                                3                                4                                5                                6                                7                                8 
                  version_number                 initial_don_mass                 initial_acc_mass              initial_period_days                         compiler                            build                 MESA_SDK_version                             date 
                      "r23.05.1"          1.9999381443856137E+000          8.0000070507266874E-001          1.0155879519137435E+003                       "gfortran"                         "10.2.0"            "x86_64-linux-21.4.1"                       "20260425" 

                               1                                2                                3                                4                                5                                6                                7                                8                                9                               10                               11                               12                               13                               14                               15                               16                               17                               18                               19                               20                               21                               22                               23                               24                               25                               26                               27                               28                               29                               30                               31                               32                               33                               34                               35                               36                               37                               38                               39 
                    model_number                              age                      period_days                binary_separation                          v_orb_1                          v_orb_2                             rl_1                             rl_2           rl_relative_overflow_1           rl_relative_overflow_2                      star_1_mass                      star_2_mass                lg_mtransfer_rate                   lg_mstar_dot_1                   lg_mstar_dot_2                 lg_system_mdot_1                 lg_system_mdot_2                   lg_wind_mdot_1                   lg_wind_mdot_2              fixed_xfer_fraction                eff_xfer_fraction                            J_orb                             Jdot                          jdot_mb                          jdot_gr                          jdot_ml                          jdot_ls                jdot_missing_wind                       extra_jdot                      donor_index                 point_mass_index                       Omega_star                        Omega_orb                   beta_accretion                    eta_accretion                           f_conv                vwind_over_vorbit         angular_momentum_j_orbit               wind_mass_transfer 
                              10          2.2580302196554280E+003          1.0168929765107155E+003          5.9979678943357612E+002          8.5262654111000238E+000          2.1314985082901696E+001          2.7582885045167177E+002          1.8177146803810001E+002         -5.9538011058046780E-001         -1.0000000000000000E+000          1.9999381153827880E+000          8.0000070894759789E-001         -9.2115355226060544E+001         -1.0878116657600314E+001         -1.1752422872288268E+001         -9.8999999999999986E+001         -9.8999999999999986E+001         -1.0940380842288425E+001         -9.8999999999999986E+001          8.0000000000000004E-001          1.3356534347575258E-001          1.4148404098229110E+053          9.5029989370086035E+038          0.0000000000000000E+000         -1.2920628227169215E+026         -2.8301862354070990E+034          9.5032819556334356E+038          0.0000000000000000E+000          0.0000000000000000E+000                                1                                2          1.4420377027191629E-007          7.1513968378425605E-008          1.3356534393298106E-001          3.1447151449378163E-001          1.0000000000000000E+000          5.0262453391707596E-001          1.4148404098229110E+053         -1.1142408361038909E+014 
                              20          5.6140365762732699E+003          1.0191765922313383E+003          6.0069441832726875E+002          8.5198926798306882E+000          2.1299053091764062E+001          2.7624164181995695E+002          1.8204350051887803E+002         -5.7815538131079902E-001         -1.0000000000000000E+000          1.9999380682078247E+000          8.0000071524434713E-001         -8.2871377486021302E+001         -1.0831728784420148E+001         -1.1706559053587934E+001         -9.8999999999999986E+001         -9.8999999999999986E+001         -1.0893912239649350E+001         -9.8999999999999986E+001          8.0000000000000004E-001          1.3340427004424660E-001          1.4158986953585499E+053          1.0293454201482463E+039          0.0000000000000000E+000         -1.2853762483359527E+026         -3.1503920112599827E+034          1.0293769240684874E+039          0.0000000000000000E+000          0.0000000000000000E+000                                1                                2          1.2785538844002446E-007          7.1353730767320786E-008          1.3340427055681020E-001          3.1429711144622491E-001          1.0000000000000000E+000          5.0299722919771794E-001          1.4158986953585499E+053         -1.2383485206973306E+014 
                              30          8.8935925232753380E+003          1.0215060906430708E+003          6.0160939181041033E+002          8.5134115025070383E+000          2.1282849941418338E+001          2.7666240931306061E+002          1.8232078948903342E+002         -5.6355962690277739E-001         -1.0000000000000000E+000          1.9999380172320351E+000          8.0000072204003214E-001         -7.5868588271598071E+001         -1.0790248304614732E+001         -1.1665619140588616E+001         -9.8999999999999986E+001         -9.8999999999999986E+001         -1.0852348604392365E+001         -9.8999999999999986E+001          8.0000000000000004E-001          1.3323832490412016E-001          1.4169766155705202E+053          1.0416311167072378E+039          0.0000000000000000E+000         -1.2785186368042472E+026         -3.4674595316288944E+034          1.0416657913026820E+039          0.0000000000000000E+000          0.0000000000000000E+000                                1                                2          1.1476296690354316E-007          7.1191011813399498E-008          1.3323832543780281E-001          3.1411717085541752E-001          1.0000000000000000E+000          5.0338176633512555E-001          1.4169766155705202E+053         -1.3607639733869073E+014 
                              40          1.1823502148078804E+004          1.0235533399942329E+003          6.0241292996077652E+002          8.5077318683613203E+000          2.1268650604857619E+001          2.7703193102640148E+002          1.8256430737726842E+002         -5.5176873630199197E-001         -1.0000000000000000E+000          1.9999379675618141E+000          8.0000072865390481E-001         -7.0709827926900203E+001         -1.0755290385317450E+001         -1.1631143234893372E+001         -9.8999999999999986E+001         -9.8999999999999986E+001         -1.0817316637535672E+001         -9.8999999999999986E+001          8.0000000000000004E-001          1.3309052874017638E-001          1.4179225779325996E+053          1.0001093669126643E+039          0.0000000000000000E+000         -1.2724375705751754E+026         -3.7593885772471181E+034          1.0001469607985640E+039          0.0000000000000000E+000          0.0000000000000000E+000                                1                                2          1.0483985217865192E-007          7.1048619866591558E-008          1.3309052923001152E-001          3.1395668556953515E-001          1.0000000000000000E+000          5.0372473628765579E-001          1.4179225779325996E+053         -1.4731898174214859E+014 
                              50          1.4140935533737931E+004          1.0250836234947997E+003          6.0301321066941250E+002          8.5034963390958964E+000          2.1258061523110815E+001          2.7730798090589224E+002          1.8274622682833561E+002         -5.4307040138286311E-001         -1.0000000000000000E+000          1.9999379254379637E+000          8.0000073425754736E-001         -6.7133278822144590E+001         -1.0728497022660148E+001         -1.1604715788813280E+001         -9.8999999999999986E+001         -9.8999999999999986E+001         -1.0790467125562760E+001         -9.8999999999999986E+001          8.0000000000000004E-001          1.3297844000241787E-001          1.4186288432840979E+053          9.3276241820543791E+038          0.0000000000000000E+000         -1.2678422950344655E+026         -3.9996556022564752E+034          9.3280241476158725E+038          0.0000000000000000E+000          0.0000000000000000E+000                                1                                2          9.7941857855536511E-008          7.0942555806813483E-008          1.3297844038508361E-001          3.1383483260722789E-001          1.0000000000000000E+000          5.0398515323053894E-001          1.4186288432840979E+053         -1.5656192569627153E+014 
                              60          1.5782679003642257E+004          1.0260929696047303E+003          6.0340898078061321E+002          8.5007072869177591E+000          2.1251088670761142E+001          2.7748998277751286E+002          1.8286616796561182E+002         -5.3714076602838334E-001         -1.0000000000000000E+000          1.9999378940252825E+000          8.0000073843345187E-001         -6.4828436572255129E+001         -1.0709986789953748E+001         -1.1586446486882780E+001         -9.8999999999999986E+001         -9.8999999999999986E+001         -1.0771919952193363E+001         -9.8999999999999986E+001          8.0000000000000004E-001          1.3290468886170251E-001          1.4190942967505971E+053          8.6980248798305222E+038          0.0000000000000000E+000         -1.2648265242933984E+026         -4.1745192169528502E+034          8.6984423317534816E+038          0.0000000000000000E+000          0.0000000000000000E+000                                1                                2          9.3567650422922130E-008          7.0872771104205347E-008          1.3290468916315837E-001          3.1375459088655000E-001          1.0000000000000000E+000          5.0415664574727059E-001          1.4190942967505971E+053         -1.6328844617818566E+014 
                              70          1.7272955578659072E+004          1.0269469341770246E+003          6.0374372341671199E+002          8.4983504541239743E+000          2.1245196357417022E+001          2.7764391997575814E+002          1.8296761436141830E+002         -5.3183387045460762E-001         -1.0000000000000000E+000          1.9999378643630825E+000          8.0000074237469265E-001         -6.2913821955461422E+001         -1.0693811946584354E+001         -1.1570469643852720E+001         -9.8999999999999986E+001         -9.8999999999999986E+001         -1.0755714768149350E+001         -9.8999999999999986E+001          8.0000000000000004E-001          1.3284410974593799E-001          1.4194878576838594E+053          8.0855692983436339E+038          0.0000000000000000E+000         -1.2623539825858062E+026         -4.3335294359414789E+034          8.0860026512884897E+038          0.0000000000000000E+000          0.0000000000000000E+000                                1                                2          9.0090883391472458E-008          7.0813836378710696E-008          1.3284411005643718E-001          3.1368864155676990E-001          1.0000000000000000E+000          5.0429759649350581E-001          1.4194878576838594E+053         -1.6940736969144578E+014 
                              80          1.8743821028005390E+004          1.0277234330596150E+003          6.0404801979432341E+002          8.4962096947318262E+000          2.1239844200302329E+001          2.7778385581132557E+002          1.8305983388703368E+002         -5.2665395175727658E-001         -1.0000000000000000E+000          1.9999378339757066E+000          8.0000074641053665E-001         -6.1097194542297963E+001         -1.0677727642011556E+001         -1.1554565755536164E+001         -9.8999999999999986E+001         -9.8999999999999986E+001         -1.0739602831293450E+001         -9.8999999999999986E+001          8.0000000000000004E-001          1.3278893460475685E-001          1.4198455270479773E+053          7.3834613717977036E+038          0.0000000000000000E+000         -1.2601056125022238E+026         -4.4976025531173083E+034          7.3839111320542747E+038          0.0000000000000000E+000          0.0000000000000000E+000                                1                                2          8.6892924059873846E-008          7.0760332816321034E-008          1.3278893492156846E-001          3.1362854473080637E-001          1.0000000000000000E+000          5.0442604225762055E-001          1.4198455270479773E+053         -1.7572606648530438E+014 
                              90          2.0187178562326128E+004          1.0284126442198431E+003          6.0431804519289301E+002          8.4943114005227240E+000          2.1235098179406886E+001          2.7790803141502539E+002          1.8314166743530959E+002         -5.2164561734829418E-001         -1.0000000000000000E+000          1.9999378030525041E+000          8.0000075051594344E-001         -5.9407598844164355E+001         -1.0662107896472012E+001         -1.1539106454674963E+001         -9.8999999999999986E+001         -9.8999999999999986E+001         -1.0723958523405260E+001         -9.8999999999999986E+001          8.0000000000000004E-001          1.3273988645013349E-001          1.4201628379216909E+053          6.6141330380749688E+038          0.0000000000000000E+000         -1.2581097930158218E+026         -4.6628313202115525E+034          6.6145993212082484E+038          0.0000000000000000E+000          0.0000000000000000E+000                                1                                2          8.4008052041116154E-008          7.0712911373816843E-008          1.3273988677117018E-001          3.1357509717574311E-001          1.0000000000000000E+000          5.0454027992210759E-001          1.4201628379216909E+053         -1.8209393818849091E+014 
                             100          2.1598851660655262E+004          1.0290094074262245E+003          6.0455180148391275E+002          8.4926691198419171E+000          2.1230992166214836E+001          2.7801552791110782E+002          1.8321250945918379E+002         -5.1677017781687651E-001         -1.0000000000000000E+000          1.9999377717167619E+000          8.0000075467469467E-001         -5.7824579495562951E+001         -1.0646849370486285E+001         -1.1523987172844071E+001         -9.8999999999999986E+001         -9.8999999999999986E+001         -1.0708678689121241E+001         -9.8999999999999986E+001          8.0000000000000004E-001          1.3269733400858996E-001          1.4204374700141041E+053          5.7843095973074142E+038          0.0000000000000000E+000         -1.2563804745547862E+026         -4.8300388388214036E+034          5.7847926011925528E+038          0.0000000000000000E+000          0.0000000000000000E+000                                1                                2          8.1405315993422407E-008          7.0671902162997727E-008          1.3269733433218134E-001          3.1352870971045049E-001          1.0000000000000000E+000          5.0463943115994780E-001          1.4204374700141041E+053         -1.8854489169713131E+014 
                             110          2.2984564026201380E+004          1.0295142562868164E+003          6.0474951867108678E+002          8.4912807937701587E+000          2.1227521012293280E+001          2.7810645106846971E+002          1.8327242966510630E+002         -5.1214130830119808E-001         -1.0000000000000000E+000          1.9999377398794316E+000          8.0000075889877476E-001         -5.6363989178518700E+001         -1.0632233241880236E+001         -1.1509488999158705E+001         -9.8999999999999986E+001         -9.8999999999999986E+001         -1.0694044516234225E+001         -9.8999999999999986E+001          8.0000000000000004E-001          1.3266129814177688E-001          1.4206697182159183E+053          4.9184042477352328E+038          0.0000000000000000E+000         -1.2549175624881570E+026         -4.9957723365415361E+034          4.9189038249701415E+038          0.0000000000000000E+000          0.0000000000000000E+000                                1                                2          7.9101262638619232E-008          7.0637246373565979E-008          1.3266129847069830E-001          3.1348941317065881E-001          1.0000000000000000E+000          5.0472342982704410E-001          1.4206697182159183E+053         -1.9494537856007816E+014 
                             120          2.4331820083580405E+004          1.0299238203505540E+003          6.0490989473430932E+002          8.4901551855656816E+000          2.1224706629965976E+001          2.7818020213916151E+002          1.8332103345810219E+002         -5.0773014815575446E-001         -1.0000000000000000E+000          1.9999377078888696E+000          8.0000076314214974E-001         -5.5009049471287007E+001         -1.0618170366947409E+001         -1.1495522248507893E+001         -9.8999999999999986E+001         -9.8999999999999986E+001         -1.0679966940763890E+001         -9.8999999999999986E+001          8.0000000000000004E-001          1.3263193889028774E-001          1.4208580742604117E+053          4.0286454794331589E+038          0.0000000000000000E+000         -1.2537267480351952E+026         -5.1605351929506108E+034          4.0291615329537075E+038          0.0000000000000000E+000          0.0000000000000000E+000                                1                                2          7.7065421435913635E-008          7.0609156453608448E-008          1.3263193922069982E-001          3.1345738896394132E-001          1.0000000000000000E+000          5.0479188775223449E-001          1.4208580742604117E+053         -2.0131664992522534E+014 
                             130          2.5647924660261469E+004          1.0302430544903527E+003          6.0503488443307072E+002          8.4892782687745658E+000          2.1222513952603148E+001          2.7823768005555951E+002          1.8335891324136495E+002         -5.0347003443641969E-001         -1.0000000000000000E+000          1.9999376756336158E+000          8.0000076741980186E-001         -5.3743802970504696E+001         -1.0604595075482775E+001         -1.1482022253774597E+001         -9.8999999999999986E+001         -9.8999999999999986E+001         -1.0666380136593322E+001         -9.8999999999999986E+001          8.0000000000000004E-001          1.3260894553854555E-001          1.4210048510829809E+053          3.1235763766185740E+038          0.0000000000000000E+000         -1.2527947777837290E+026         -5.3246727839453145E+034          3.1241088438982214E+038          0.0000000000000000E+000          0.0000000000000000E+000                                1                                2          7.5265011666653780E-008          7.0587277292934534E-008          1.3260894587017572E-001          3.1343230374690612E-001          1.0000000000000000E+000          5.0484551715224546E-001          1.4210048510829809E+053         -2.0767283398735569E+014 
                             140          2.6924349214732378E+004          1.0304735756302673E+003          6.0512513175586776E+002          8.4886452947586513E+000          2.1220931112766522E+001          2.7827918097883315E+002          1.8338626417021661E+002         -4.9943303497690794E-001         -1.0000000000000000E+000          1.9999376433840179E+000          8.0000077169607431E-001         -5.2577358013896600E+001         -1.0591688763709929E+001         -1.1469170756610538E+001         -9.8999999999999986E+001         -9.8999999999999986E+001         -1.0653465445233655E+001         -9.8999999999999986E+001          8.0000000000000004E-001          1.3259220931676438E-001          1.4211108178276340E+053          2.2261853296391183E+038          0.0000000000000000E+000         -1.2521167524089709E+026         -5.4854959129283283E+034          2.2267338792316634E+038          0.0000000000000000E+000          0.0000000000000000E+000                                1                                2          7.3699564252050600E-008          7.0571486631233112E-008          1.3259220964904381E-001          3.1341404303162979E-001          1.0000000000000000E+000          5.0488456234484180E-001          1.4211108178276340E+053         -2.1391004873527584E+014 
                             150          2.8159994894787298E+004          1.0306208499684114E+003          6.0518278432614613E+002          8.4882410383950351E+000          2.1219920050215769E+001          2.7830569254129580E+002          1.8340373708966428E+002         -4.9553623530251667E-001         -1.0000000000000000E+000          1.9999376112382659E+000          8.0000077595814323E-001         -5.1482466617122029E+001         -1.0579201007482302E+001         -1.1456718618203702E+001         -9.8999999999999986E+001         -9.8999999999999986E+001         -1.0640972244712879E+001         -9.8999999999999986E+001          8.0000000000000004E-001          1.3258133546942780E-001          1.4211785053334314E+053          1.3340316378614626E+038          0.0000000000000000E+000         -1.2516763374618726E+026         -5.6456568620225154E+034          1.3345962035489165E+038          0.0000000000000000E+000          0.0000000000000000E+000                                1                                2          7.2325152090688922E-008          7.0561402060378780E-008          1.3258133580037496E-001          3.1340217895495703E-001          1.0000000000000000E+000          5.0490993751284974E-001          1.4211785053334314E+053         -2.2013207385244703E+014 
                             160          2.9361801233544498E+004          1.0306918495964583E+003          6.0521057608749823E+002          8.4880462301882744E+000          2.1219432591203489E+001          2.7831847199919582E+002          1.8341216053852938E+002         -4.9182814650988033E-001         -1.0000000000000000E+000          1.9999375790889344E+000          8.0000078022043386E-001         -5.0468167402921168E+001         -1.0567321416479990E+001         -1.1444856982462124E+001         -9.8999999999999986E+001         -9.8999999999999986E+001         -1.0629089909389034E+001         -9.8999999999999986E+001          8.0000000000000004E-001          1.3257585420420964E-001          1.4212111290964432E+053          4.6954225215951639E+037          0.0000000000000000E+000         -1.2514543018431719E+026         -5.8022913494569229E+034          4.7012248129571358E+037          0.0000000000000000E+000          0.0000000000000000E+000                                1                                2          7.1143181021735142E-008          7.0556541409445420E-008          1.3257585453467352E-001          3.1339620056121459E-001          1.0000000000000000E+000          5.0492273459730141E-001          1.4212111290964432E+053         -2.2622727319166334E+014 
                             170          3.0525931218028458E+004          1.0306926379765787E+003          6.0521088270708276E+002          8.4880441670701305E+000          2.1219426981749752E+001          2.7831861185790996E+002          1.8341225446943943E+002         -4.8828627126662388E-001         -1.0000000000000000E+000          1.9999375471047707E+000          8.0000078446073997E-001         -4.9523275134022249E+001         -1.0555969032971756E+001         -1.1433506304898733E+001         -9.8999999999999986E+001         -9.8999999999999986E+001         -1.0617737265147246E+001         -9.8999999999999986E+001          8.0000000000000004E-001          1.3257533343625214E-001          1.4212114809578741E+053         -3.6527835437533278E+037          0.0000000000000000E+000         -1.2514330579193902E+026         -5.9559692224842089E+034         -3.6468275745183292E+037          0.0000000000000000E+000          0.0000000000000000E+000                                1                                2          7.0125532407599254E-008          7.0556487440519515E-008          1.3257533376475905E-001          3.1339563700855921E-001          1.0000000000000000E+000          5.0492395967634651E-001          1.4212114809578741E+053         -2.3221787062365116E+014 
                             180          3.1652560299873381E+004          1.0306301910104837E+003          6.0518643504819090E+002          8.4882156971095011E+000          2.1219855344477129E+001          2.7830736796334907E+002          1.8340484648226081E+002         -4.8493030592972142E-001         -1.0000000000000000E+000          1.9999375153524568E+000          8.0000078867037161E-001         -4.8645811714487614E+001         -1.0545187187703315E+001         -1.1422711502402528E+001         -9.8999999999999986E+001         -9.8999999999999986E+001         -1.0606957400267881E+001         -9.8999999999999986E+001          8.0000000000000004E-001          1.3257928889617279E-001          1.4211827674597208E+053         -1.1636434548010640E+038          0.0000000000000000E+000         -1.2515929946548633E+026         -6.1056283833936078E+034         -1.1630328919614730E+038          0.0000000000000000E+000          0.0000000000000000E+000                                1                                2          6.9255031853267984E-008          7.0560762532223017E-008          1.3257928922181547E-001          3.1339995973897750E-001          1.0000000000000000E+000          5.0491474227068056E-001          1.4211827674597208E+053         -2.3806219898839469E+014 
                             190          3.2745799075722378E+004          1.0305110615232400E+003          6.0513979692372527E+002          8.4885428701284766E+000          2.1220672804637267E+001          2.7828591933564627E+002          1.8339071355511163E+002         -4.8167141814772063E-001         -1.0000000000000000E+000          1.9999374837810324E+000          8.0000079285621661E-001         -4.7815359303582056E+001         -1.0534735167005723E+001         -1.1412233397598330E+001         -9.8999999999999986E+001         -9.8999999999999986E+001         -1.0596509366484581E+001         -9.8999999999999986E+001          8.0000000000000004E-001          1.3258725196340707E-001          1.4211279972981924E+053         -1.9329311510057453E+038          0.0000000000000000E+000         -1.2519151983742059E+026         -6.2542390898943977E+034         -1.9323057270955040E+038          0.0000000000000000E+000          0.0000000000000000E+000                                1                                2          6.8503533898897280E-008          7.0568919521287805E-008          1.3258725228727891E-001          3.1340865674014146E-001          1.0000000000000000E+000          5.0489617664163733E-001          1.4211279972981924E+053         -2.4387570938393047E+014 
                             200          3.3812502633729346E+004          1.0303403543388372E+003          6.0507296431828047E+002          8.4890117389041926E+000          2.1221844493252110E+001          2.7825518386415376E+002          1.8337046058574748E+002         -4.7858414220424988E-001         -1.0000000000000000E+000          1.9999374522476139E+000          8.0000079703733828E-001         -4.7043488364732625E+001         -1.0524841697777468E+001         -1.1402301897965915E+001         -9.8999999999999986E+001         -9.8999999999999986E+001         -1.0586621710637926E+001         -9.8999999999999986E+001          8.0000000000000004E-001          1.3259886290430084E-001          1.4210495112707358E+053         -2.6534912206174149E+038          0.0000000000000000E+000         -1.2523852069003441E+026         -6.3981793666128466E+034         -2.6528514026795011E+038          0.0000000000000000E+000          0.0000000000000000E+000                                1                                2          6.7873625664071692E-008          7.0580611406893472E-008          1.3259886322898640E-001          3.1342133449063253E-001          1.0000000000000000E+000          5.0486910390282425E-001          1.4210495112707358E+053         -2.4951694550602372E+014 
                             210          3.4849878880531454E+004          1.0301245306629455E+003          6.0498846365907423E+002          8.4896046471823148E+000          2.1223326272997873E+001          2.7821632338307387E+002          1.8334485321652269E+002         -4.7555178941972071E-001         -1.0000000000000000E+000          1.9999374208874989E+000          8.0000080119590156E-001         -4.6305536204342445E+001         -1.0515154908731233E+001         -1.1392566548858735E+001         -9.8999999999999986E+001         -9.8999999999999986E+001         -1.0576942345404765E+001         -9.8999999999999986E+001          8.0000000000000004E-001          1.3261369009905097E-001          1.4209502724248156E+053         -3.3460878106866142E+038          0.0000000000000000E+000         -1.2529856758467757E+026         -6.5422699597357106E+034         -3.3454335836893875E+038          0.0000000000000000E+000          0.0000000000000000E+000                                1                                2          6.7332304139697810E-008          7.0595398907382092E-008          1.3261369041947538E-001          3.1343752071700093E-001          1.0000000000000000E+000          5.0483453329537042E-001          1.4209502724248156E+053         -2.5517339653249347E+014 
                             220          3.5867597499176496E+004          1.0298654267210443E+003          6.0488701022739804E+002          8.4903166537063495E+000          2.1225105787416513E+001          2.7816966681986372E+002          1.8331410822525746E+002         -4.7265373513388864E-001         -1.0000000000000000E+000          1.9999373894392452E+000          8.0000080536667195E-001         -4.5612425116645902E+001         -1.0505915243766998E+001         -1.1383268636607356E+001         -9.8999999999999986E+001         -9.8999999999999986E+001         -1.0567711586489454E+001         -9.8999999999999986E+001          8.0000000000000004E-001          1.3263147735177078E-001          1.4208311164156166E+053         -3.9973429625812920E+038          0.0000000000000000E+000         -1.2537063809047445E+026         -6.6826765162988319E+034         -3.9966746949284081E+038          0.0000000000000000E+000          0.0000000000000000E+000                                1                                2          6.6878318785548547E-008          7.0613160010592673E-008          1.3263147768744651E-001          3.1345693456344881E-001          1.0000000000000000E+000          5.0479306525103107E-001          1.4208311164156166E+053         -2.6069536314784597E+014 
                             230          3.7161071800790662E+004          1.0294744207127726E+003          6.0473389418824343E+002          8.4913915531008826E+000          2.1227792370530114E+001          2.7809925181030121E+002          1.8326770691447112E+002         -4.6894143624480333E-001         -1.0000000000000000E+000          1.9999373485063878E+000          8.0000081079622987E-001         -4.4776138518388130E+001         -1.0494535643795135E+001         -1.1371803915981786E+001         -9.8999999999999986E+001         -9.8999999999999986E+001         -1.0556345003999111E+001         -9.8999999999999986E+001          8.0000000000000004E-001          1.3265747534385089E-001          1.4206512659530886E+053         -4.7446380847353815E+038          0.0000000000000000E+000         -1.2547604437727296E+026         -6.8596851118270509E+034         -4.7439521162229441E+038          0.0000000000000000E+000          0.0000000000000000E+000                                1                                2          6.6435679922017386E-008          7.0639979686022842E-008          1.3265747583822485E-001          3.1348530383572298E-001          1.0000000000000000E+000          5.0473246536844396E-001          1.4206512659530886E+053         -2.6766896972058450E+014 
                             240          3.8897741655890772E+004          1.0288427624594538E+003          6.0448649953837355E+002          8.4931291409140552E+000          2.1232135397649170E+001          2.7798548028841515E+002          1.8319273448387014E+002         -4.6395233544565739E-001         -1.0000000000000000E+000          1.9999372917835607E+000          8.0000081832222858E-001         -4.3666227626744494E+001         -1.0479021401288634E+001         -1.1356150840330164E+001         -9.8999999999999986E+001         -9.8999999999999986E+001         -1.0540851999525433E+001         -9.8999999999999986E+001          8.0000000000000004E-001          1.3269988941857686E-001          1.4203606298992511E+053         -5.7484773349791886E+038          0.0000000000000000E+000         -1.2564817677989063E+026         -7.1084713475509018E+034         -5.7477664878431771E+038          0.0000000000000000E+000          0.0000000000000000E+000                                1                                2          6.5940696704306880E-008          7.0683349117981810E-008          1.3269989007562999E-001          3.1353157073949761E-001          1.0000000000000000E+000          5.0463362826995783E-001          1.4203606298992511E+053         -2.7749240628770056E+014 
                             250          4.1023762844769088E+004          1.0279143069920578E+003          6.0412277036204773E+002          8.4956857171955136E+000          2.1238525609725055E+001          2.7781820940165852E+002          1.8308250676501407E+002         -4.5804211707420567E-001         -1.0000000000000000E+000          1.9999372195456266E+000          8.0000082791064531E-001         -4.2386443591744936E+001         -1.0460564992469443E+001         -1.1337488372673327E+001         -9.8999999999999986E+001         -9.8999999999999986E+001         -1.0522427127040237E+001         -9.8999999999999986E+001          8.0000000000000004E-001          1.3276286620980587E-001          1.4199332203815105E+053         -6.8532047521607613E+038          0.0000000000000000E+000         -1.2590414170845640E+026         -7.4160034026401088E+034         -6.8524631518192389E+038          0.0000000000000000E+000          0.0000000000000000E+000                                1                                2          6.5547595864352944E-008          7.0747193293995359E-008          1.3276286702455350E-001          3.1360023404075071E-001          1.0000000000000000E+000          5.0448694073096245E-001          1.4199332203815105E+053         -2.8967670417029456E+014 
                             260          4.3471454681498108E+004          1.0266615696102892E+003          6.0363182843555830E+002          8.4991400803646222E+000          2.1247160006134262E+001          2.7759243660480462E+002          1.8293372703140108E+002         -4.5150358555568898E-001         -1.0000000000000000E+000          1.9999371325215785E+000          8.0000083946825018E-001         -4.1011290166369534E+001         -1.0440002954192943E+001         -1.1316645871513538E+001         -9.8999999999999986E+001         -9.8999999999999986E+001         -1.0501908040019250E+001         -9.8999999999999986E+001          8.0000000000000004E-001          1.3284863078522333E-001          1.4193561247941868E+053         -7.9344274708860690E+038          0.0000000000000000E+000         -1.2625345422627281E+026         -7.7740350347266271E+034         -7.9336500673813341E+038          0.0000000000000000E+000          0.0000000000000000E+000                                1                                2          6.5340564257251803E-008          7.0833519359290902E-008          1.3284863175040351E-001          3.1369367894106326E-001          1.0000000000000000E+000          5.0428730663851040E-001          1.4193561247941868E+053         -3.0391775449539081E+014 
                             270          4.6195247224110521E+004          1.0250872359165319E+003          6.0301457165926956E+002          8.5034891831270620E+000          2.1258030969992671E+001          2.7730857482336097E+002          1.8274666738960599E+002         -4.4450290660830877E-001         -1.0000000000000000E+000          1.9999370308435303E+000          8.0000085298206125E-001         -3.9603610509070215E+001         -1.0418148161088169E+001         -1.1294436001610739E+001         -9.8999999999999986E+001         -9.8999999999999986E+001         -1.0480107670760034E+001         -9.8999999999999986E+001          8.0000000000000004E-001          1.3295729151482208E-001          1.4186302167092656E+053         -8.8325169162269152E+038          0.0000000000000000E+000         -1.2669722438961965E+026         -8.1732144334991003E+034         -8.8316995947822979E+038          0.0000000000000000E+000          0.0000000000000000E+000                                1                                2          6.5390802374489495E-008          7.0942305804256270E-008          1.3295729263380301E-001          3.1381196638553377E-001          1.0000000000000000E+000          5.0403459774411474E-001          1.4186302167092656E+053         -3.1986442550872994E+014 
                             280          4.9161866180893558E+004          1.0232161968675523E+003          6.0228057334152527E+002          8.5086695178731269E+000          2.1270979732956473E+001          2.7697102653326215E+002          1.8252422908485033E+002         -4.3727264134633181E-001         -1.0000000000000000E+000          1.9999369142588070E+000          8.0000086849116536E-001         -3.8203024494959514E+001         -1.0395553428247347E+001         -1.1271416660062533E+001         -9.8999999999999986E+001         -9.8999999999999986E+001         -1.0457578086575195E+001         -9.8999999999999986E+001          8.0000000000000004E-001          1.3308734711744255E-001          1.4177665353304750E+053         -9.4957427368954145E+038          0.0000000000000000E+000         -1.2723014036114636E+026         -8.6071174437792330E+034         -9.4948820251497641E+038          0.0000000000000000E+000          0.0000000000000000E+000                                1                                2          6.5663916400676030E-008          7.1072029927848892E-008          1.3308734839865624E-001          3.1395339261943067E-001          1.0000000000000000E+000          5.0373245735128713E-001          1.4177665353304750E+053         -3.3727587931400319E+014 
                             290          5.2349004944152563E+004          1.0211041455210197E+003          6.0145148945941628E+002          8.5145323395866175E+000          2.1285634436309863E+001          2.7658975066343504E+002          1.8227297508532661E+002         -4.2992614806902246E-001         -1.0000000000000000E+000          1.9999367822524001E+000          8.0000088607032216E-001         -3.6838171361744834E+001         -1.0372644272740899E+001         -1.1248024402042576E+001         -9.8999999999999986E+001         -9.8999999999999986E+001         -1.0434743143968818E+001         -9.8999999999999986E+001          8.0000000000000004E-001          1.3323547381060794E-001          1.4167903354428496E+053         -9.8239731062514084E+038          0.0000000000000000E+000         -1.2783945662370118E+026         -9.0702389029017964E+034         -9.8230660823598403E+038          0.0000000000000000E+000          0.0000000000000000E+000                                1                                2          6.6147091186567559E-008          7.1219035281972998E-008          1.3323547524236917E-001          3.1411426979434709E-001          1.0000000000000000E+000          5.0338876851225367E-001          1.4167903354428496E+053         -3.5594061069417281E+014 
                             300          5.5544937174086132E+004          1.0189584513200487E+003          6.0060861324623841E+002          8.5205051467911304E+000          2.1300563987693558E+001          2.7620213186041809E+002          1.8201754146690544E+002         -4.2310324415776929E-001         -1.0000000000000000E+000          1.9999366429527206E+000          8.0000090464177376E-001         -3.5607822948717839E+001         -1.0351184986122568E+001         -1.1226067048228035E+001         -9.8999999999999986E+001         -9.8999999999999986E+001         -1.0413360468864244E+001         -9.8999999999999986E+001          8.0000000000000004E-001          1.3338836151363048E-001          1.4157972047092912E+053         -9.8094238659474569E+038          0.0000000000000000E+000         -1.2847099067693624E+026         -9.5263132376070952E+034         -9.8084712346224109E+038          0.0000000000000000E+000          0.0000000000000000E+000                                1                                2          6.6744930283517416E-008          7.1369006334085389E-008          1.3338836296225737E-001          3.1428009499127302E-001          1.0000000000000000E+000          5.0303451778900077E-001          1.4157972047092912E+053         -3.7439918531177444E+014 
                             310          5.8605841680279365E+004          1.0169394248352039E+003          5.9981495397222704E+002          8.5261407200096482E+000          2.1314650471850381E+001          2.7583714646703515E+002          1.8177702330005246E+002         -4.1695122927934025E-001         -1.0000000000000000E+000          1.9999365031833092E+000          8.0000092329661421E-001         -3.4544040122584782E+001         -1.0331901822629758E+001         -1.1206313383503661E+001         -9.8999999999999986E+001         -9.8999999999999986E+001         -1.0394149769936323E+001         -9.8999999999999986E+001          8.0000000000000004E-001          1.3353294865221288E-001          1.4148614252365353E+053         -9.5628343844968110E+038          0.0000000000000000E+000         -1.2907070516255697E+026         -9.9554974093957228E+034         -9.5618388347545808E+038          0.0000000000000000E+000          0.0000000000000000E+000                                1                                2          6.7352550035018688E-008          7.1510702004905633E-008          1.3353295011209126E-001          3.1443671009135743E-001          1.0000000000000000E+000          5.0269995345967666E-001          1.4148614252365353E+053         -3.9182176785038594E+014 
                             320          6.1570050596841756E+004          1.0150581351849718E+003          5.9907496418891492E+002          8.5314053149513835E+000          2.1327809518288070E+001          2.7549684204686309E+002          1.8155276998264449E+002         -4.1139933527366940E-001         -1.0000000000000000E+000          1.9999363620444071E+000          8.0000094215393835E-001         -3.3613951503640216E+001         -1.0314475862027301E+001         -1.1188447946032129E+001         -9.8999999999999986E+001         -9.8999999999999986E+001         -1.0376791577549232E+001         -9.8999999999999986E+001          8.0000000000000004E-001          1.3366814342699437E-001          1.4139883653112842E+053         -9.1458910994784221E+038          0.0000000000000000E+000         -1.2963363795636526E+026         -1.0359841246391336E+035         -9.1448551153524870E+038          0.0000000000000000E+000          0.0000000000000000E+000                                1                                2          6.7943365772714411E-008          7.1643238594583967E-008          1.3366814490616477E-001          3.1458297001730917E-001          1.0000000000000000E+000          5.0238752137611009E-001          1.4139883653112842E+053         -4.0827613728542931E+014 
                             330          6.4467979004966466E+004          1.0133149657494746E+003          5.9838889395664819E+002          8.5362950595505556E+000          2.1340031435973835E+001          2.7518133356561145E+002          1.8134485732282971E+002         -4.0641053089221185E-001         -1.0000000000000000E+000          1.9999362187325351E+000          8.0000096132021881E-001         -3.2802576042609459E+001         -1.0298846333981322E+001         -1.1172410381951154E+001         -9.8999999999999986E+001         -9.8999999999999986E+001         -1.0361225040383790E+001         -9.8999999999999986E+001          8.0000000000000004E-001          1.3379378870090075E-001          1.4131784362417199E+053         -8.5993775749844717E+038          0.0000000000000000E+000         -1.3015869735482720E+026         -1.0736339489211774E+035         -8.5983039410342496E+038          0.0000000000000000E+000          0.0000000000000000E+000                                1                                2          6.8503402947352000E-008          7.1766483891455445E-008          1.3379379020939264E-001          3.1471874221810020E-001          1.0000000000000000E+000          5.0209750397092712E-001          1.4131784362417199E+053         -4.2363473442094706E+014 
                             340          6.7298261037284712E+004          1.0117215364337509E+003          5.9776141281730099E+002          8.5407746356287113E+000          2.1351227941690983E+001          2.7489276842880105E+002          1.8115470043059730E+002         -4.0191868608100823E-001         -1.0000000000000000E+000          1.9999360738835605E+000          8.0000098070943981E-001         -3.2088277633688087E+001         -1.0284694556582272E+001         -1.1157884361037123E+001         -9.8999999999999986E+001         -9.8999999999999986E+001         -1.0347131097219547E+001         -9.8999999999999986E+001          8.0000000000000004E-001          1.3390913218332731E-001          1.4124372635711012E+053         -8.0226207626604284E+038          0.0000000000000000E+000         -1.3064231200902934E+026         -1.1088986295341415E+035         -8.0215118640295884E+038          0.0000000000000000E+000          0.0000000000000000E+000                                1                                2          6.9003837626876383E-008          7.1879513826275412E-008          1.3390913369639415E-001          3.1484324998656138E-001          1.0000000000000000E+000          5.0183155935427970E-001          1.4124372635711012E+053         -4.3804384484116794E+014 
                             350          7.0066498360058991E+004          1.0102835512899441E+003          5.9719486072620680E+002          8.5448253459336918E+000          2.1361352299041176E+001          2.7463222272344785E+002          1.8098300843200701E+002         -3.9794631505184880E-001         -1.0000000000000000E+000          1.9999359278398916E+000          8.0000100027453724E-001         -3.1471192765271926E+001         -1.0272186822902126E+001         -1.1145038376693856E+001         -9.8999999999999986E+001         -9.8999999999999986E+001         -1.0334675685100054E+001         -9.8999999999999986E+001          8.0000000000000004E-001          1.3401346806185324E-001          1.4117677214928947E+053         -7.3777089194242914E+038          0.0000000000000000E+000         -1.3108109901326276E+026         -1.1410229748051496E+035         -7.3765678964481747E+038          0.0000000000000000E+000          0.0000000000000000E+000                                1                                2          6.9467092546790630E-008          7.1981823393618430E-008          1.3401346959019483E-001          3.1495576720371843E-001          1.0000000000000000E+000          5.0159123790572846E-001          1.4117677214928947E+053         -4.5119426059808000E+014 
                             360          7.2781312308116656E+004          1.0089941195280926E+003          5.9668660761756360E+002          8.5484641852107419E+000          2.1370446994999899E+001          2.7439848696186044E+002          1.8082898427049102E+002         -3.9443275233165126E-001         -1.0000000000000000E+000          1.9999357806861102E+000          8.0000102000284723E-001         -3.0936286653970040E+001         -1.0261113561952492E+001         -1.1133661230326828E+001         -9.8999999999999986E+001         -9.8999999999999986E+001         -1.0323649470143762E+001         -9.8999999999999986E+001          8.0000000000000004E-001          1.3410727305293299E-001          1.4111668019172484E+053         -6.7126635965905223E+038          0.0000000000000000E+000         -1.3147667334605217E+026         -1.1702347422972468E+035         -6.7114933618469103E+038          0.0000000000000000E+000          0.0000000000000000E+000                                1                                2          6.9884637183331719E-008          7.2073811689252021E-008          1.3410727459501401E-001          3.1505684051330030E-001          1.0000000000000000E+000          5.0137537083309303E-001          1.4111668019172484E+053         -4.6317031037071906E+014 
                             370          7.5448189739430032E+004          1.0078486805214502E+003          5.9623492922352978E+002          8.5517019292198615E+000          2.1378538971733846E+001          2.7419076821135167E+002          1.8069210539155094E+002         -3.9137052684138857E-001         -1.0000000000000000E+000          1.9999356326569429E+000          8.0000103986155846E-001         -3.0477676308198166E+001         -1.0251439636695110E+001         -1.1123716774935982E+001         -9.8999999999999986E+001         -9.8999999999999986E+001         -1.0314017458983519E+001         -9.8999999999999986E+001          8.0000000000000004E-001          1.3419083699882481E-001          1.4106325528671735E+053         -6.0445721003113548E+038          0.0000000000000000E+000         -1.3182991820879760E+026         -1.1963617399887130E+035         -6.0433757385700477E+038          0.0000000000000000E+000          0.0000000000000000E+000                                1                                2          7.0258427332043407E-008          7.2155724933632675E-008          1.3419083854714273E-001          3.1514681039745629E-001          1.0000000000000000E+000          5.0118322994159148E-001          1.4106325528671735E+053         -4.7389831916980188E+014 
                             380          7.8084943956844843E+004          1.0068454710655144E+003          5.9583919411664715E+002          8.5545417370954766E+000          2.1385636121310089E+001          2.7400877608139336E+002          1.8057218045165993E+002         -3.8886691391223532E-001         -1.0000000000000000E+000          1.9999354833447049E+000          8.0000105990405390E-001         -3.0106569519100347E+001         -1.0243577112715172E+001         -1.1115616640618430E+001         -9.8999999999999986E+001         -9.8999999999999986E+001         -1.0306191773614447E+001         -9.8999999999999986E+001          8.0000000000000004E-001          1.3426427531192406E-001          1.4101643028088646E+053         -5.2807591706585753E+038          0.0000000000000000E+000         -1.3214102415473206E+026         -1.2180098988375779E+035         -5.2795411607584161E+038          0.0000000000000000E+000          0.0000000000000000E+000                                1                                2          7.0620882290071756E-008          7.2227620083021115E-008          1.3426427687551756E-001          3.1522582584862346E-001          1.0000000000000000E+000          5.0101449675258869E-001          1.4101643028088646E+053         -4.8282005663887325E+014 
                             390          8.0688207590191087E+004          1.0059959807242427E+003          5.9550399224787145E+002          8.5569494347888035E+000          2.1391653023574790E+001          2.7385462138213461E+002          1.8047060043497163E+002         -3.8689742330538396E-001         -1.0000000000000000E+000          1.9999353335734822E+000          8.0000108001826276E-001         -2.9817042013831966E+001         -1.0237409787474457E+001         -1.1109247387065503E+001         -9.8999999999999986E+001         -9.8999999999999986E+001         -1.0300055773222192E+001         -9.8999999999999986E+001          8.0000000000000004E-001          1.3432671695811910E-001          1.4097675507261005E+053         -4.4651425697919949E+038          0.0000000000000000E+000         -1.3240603004688888E+026         -1.2352503924847821E+035         -4.4639073193981864E+038          0.0000000000000000E+000          0.0000000000000000E+000                                1                                2          7.0962690472129559E-008          7.2288611048004280E-008          1.3432671853903724E-001          3.1529297220593860E-001          1.0000000000000000E+000          5.0087112476922602E-001          1.4097675507261005E+053         -4.8995315229807125E+014 
                             400          8.3266662619771101E+004          1.0053044668015478E+003          5.9523105518381271E+002          8.5589114746547494E+000          2.1396555813362287E+001          2.7372910041424149E+002          1.8038789009780845E+002         -3.8564935275610490E-001         -1.0000000000000000E+000          1.9999351835141130E+000          8.0000110017963044E-001         -2.9631507635794463E+001         -1.0233599366402972E+001         -1.1105271181450082E+001         -9.8999999999999986E+001         -9.8999999999999986E+001         -1.0296271082648314E+001         -9.8999999999999986E+001          8.0000000000000004E-001          1.3437800368968250E-001          1.4094444071121830E+053         -3.5229836933236240E+038          0.0000000000000000E+000         -1.3262402128599039E+026         -1.2459870813144307E+035         -3.5217377062409834E+038          0.0000000000000000E+000          0.0000000000000000E+000                                1                                2          7.1308378221795578E-008          7.2338335865353403E-008          1.3437800526056271E-001          3.1534809930491214E-001          1.0000000000000000E+000          5.0075343451207499E-001          1.4094444071121830E+053         -4.9445954151337569E+014 
                             410          8.5794836045656004E+004          1.0048062822112895E+003          5.9503438301653478E+002          8.5603262220128595E+000          2.1400090447884551E+001          2.7363865148938078E+002          1.8032829216690695E+002         -3.8530871475062600E-001         -1.0000000000000000E+000          1.9999350356094656E+000          8.0000112005798985E-001         -2.9574245650479163E+001         -1.0232748909027789E+001         -1.1104299281611537E+001         -9.8999999999999986E+001         -9.8999999999999986E+001         -1.0295439480884548E+001         -9.8999999999999986E+001          8.0000000000000004E-001          1.3441558528089276E-001          1.4092115014084997E+053         -2.3746271876162516E+038          0.0000000000000000E+000         -1.3278393475119774E+026         -1.2483201354228099E+035         -2.3733788674795009E+038          0.0000000000000000E+000          0.0000000000000000E+000                                1                                2          7.1683092787290665E-008          7.2374201330021637E-008          1.3441558681549171E-001          3.1538848488845783E-001          1.0000000000000000E+000          5.0066724078843028E-001          1.4092115014084997E+053         -4.9556732274022544E+014 
                             420          8.8272030711295025E+004          1.0045393731760112E+003          5.9492899591302569E+002          8.5610847855101078E+000          2.1401984726604748E+001          2.7359018197927008E+002          1.8029635854510983E+002         -3.8625081857308846E-001         -1.0000000000000000E+000          1.9999348911262576E+000          8.0000113948067575E-001         -2.9693938164657478E+001         -1.0236051999754201E+001         -1.1107533987796348E+001         -9.8999999999999986E+001         -9.8999999999999986E+001         -1.0298753191931928E+001         -9.8999999999999986E+001          8.0000000000000004E-001          1.3443675219019544E-001          1.4090866663712009E+053         -8.9349243684369516E+037          0.0000000000000000E+000         -1.3287404111827674E+026         -1.2388008260511012E+035         -8.9225363601631529E+037          0.0000000000000000E+000          0.0000000000000000E+000                                1                                2          7.2130649840018042E-008          7.2393431365968321E-008          1.3443675368892877E-001          3.1541123473373234E-001          1.0000000000000000E+000          5.0061872664186891E-001          1.4090866663712009E+053         -4.9188995687851738E+014 
                             430          9.0622492663500554E+004          1.0045695940916020E+003          5.9494091961236995E+002          8.5609993680701368E+000          2.1401769260089402E+001          2.7359566056060339E+002          1.8029997628299671E+002         -3.8927751235912489E-001         -1.0000000000000000E+000          1.9999347561281533E+000          8.0000115762967072E-001         -3.0108860874780067E+001         -1.0246246330311399E+001         -1.1117727554764963E+001         -9.8999999999999986E+001         -9.8999999999999986E+001         -1.0308947641087594E+001         -9.8999999999999986E+001          8.0000000000000004E-001          1.3443698856082389E-001          1.4091007531686744E+053          1.2447828455977537E+038          0.0000000000000000E+000         -1.3287497255369801E+026         -1.2100601660484982E+035          1.2459929057651310E+038          0.0000000000000000E+000          0.0000000000000000E+000                                1                                2          7.2771935117845352E-008          7.2391253522052366E-008          1.3443698986945879E-001          3.1541150961288650E-001          1.0000000000000000E+000          5.0061822783699983E-001          1.4091007531686744E+053         -4.8047897514356531E+014 
                             440          9.2450815084465270E+004          1.0049113763811041E+003          5.9507584927940820E+002          8.5600290172684268E+000          2.1399342014545780E+001          2.7365770711686571E+002          1.8034087058601486E+002         -3.9496886282975496E-001         -1.0000000000000000E+000          1.9999346546169414E+000          8.0000117127550407E-001         -3.0937025978518584E+001         -1.0265675518174255E+001         -1.1137230853821796E+001         -9.8999999999999986E+001         -9.8999999999999986E+001         -1.0328365319327766E+001         -9.8999999999999986E+001          8.0000000000000004E-001          1.3441404920493383E-001          1.4092605072813827E+053          4.3291877116092521E+038          0.0000000000000000E+000         -1.3277717701933284E+026         -1.1571803754885593E+035          4.3303448919860685E+038          0.0000000000000000E+000          0.0000000000000000E+000                                1                                2          7.3785923725574678E-008          7.2366632397294283E-008          1.3441405004750173E-001          3.1538689481993742E-001          1.0000000000000000E+000          5.0067088803345905E-001          1.4092605072813827E+053         -4.5937894862466475E+014 
                             450          9.3490304835707822E+004          1.0053344773455873E+003          5.9524286528545872E+002          8.5588281782033437E+000          2.1396339234923065E+001          2.7373451087537700E+002          1.8039148737384511E+002         -4.0183087579673410E-001         -1.0000000000000000E+000          1.9999345997342544E+000          8.0000117865166720E-001         -3.2013094676965032E+001         -1.0289898752687733E+001         -1.1161554342056890E+001         -9.8999999999999986E+001         -9.8999999999999986E+001         -1.0352572987840029E+001         -9.8999999999999986E+001          8.0000000000000004E-001          1.3438302428062662E-001          1.4094582435977109E+053          7.8079354026474337E+038          0.0000000000000000E+000         -1.3264505622599037E+026         -1.0944836472920515E+035          7.8090298862960525E+038          0.0000000000000000E+000          0.0000000000000000E+000                                1                                2          7.5130216432212022E-008          7.2336176471775299E-008          1.3438302466375626E-001          3.1535358300241001E-001          1.0000000000000000E+000          5.0074210034071831E-001          1.4094582435977109E+053         -4.3435777643312644E+014 
                             460          9.3925204190405362E+004          1.0056045872891806E+003          5.9534947776352396E+002          8.5580618660806191E+000          2.1394423208364568E+001          2.7378353801511679E+002          1.8042379752588548E+002         -4.0717290760653735E-001         -1.0000000000000000E+000          1.9999345779220095E+000          8.0000118158262479E-001         -3.2917031778151809E+001         -1.0309426903536009E+001         -1.1181150029853908E+001         -9.8999999999999986E+001         -9.8999999999999986E+001         -1.0372090654831712E+001         -9.8999999999999986E+001          8.0000000000000004E-001          1.3436212805894002E-001          1.4095844547806036E+053          1.0562882812455564E+039          0.0000000000000000E+000         -1.3255614148024401E+026         -1.0464110066089169E+035          1.0563929223463498E+039          0.0000000000000000E+000          0.0000000000000000E+000                                1                                2          7.6371648397313414E-008          7.2316746647375612E-008          1.3436212819374660E-001          3.1533113892943931E-001          1.0000000000000000E+000          5.0079007022145461E-001          1.4095844547806036E+053         -4.1519480741500244E+014 
                             470          9.4076287973521175E+004          1.0057209426320891E+003          5.9539540043943884E+002          8.5577318394658555E+000          2.1393598065586513E+001          2.7380465623085291E+002          1.8043771486233243E+002         -4.1021023630002129E-001         -1.0000000000000000E+000          1.9999345706128693E+000          8.0000118256465969E-001         -3.3457266211372676E+001         -1.0320801690865421E+001         -1.1192554644531203E+001         -9.8999999999999986E+001         -9.8999999999999986E+001         -1.0383460812619045E+001         -9.8999999999999986E+001          8.0000000000000004E-001          1.3435290038398107E-001          1.4096388165184093E+053          1.2174355957026137E+039          0.0000000000000000E+000         -1.3251689487954236E+026         -1.0193817622188081E+035          1.2175375338789681E+039          0.0000000000000000E+000          0.0000000000000000E+000                                1                                2          7.7178095448937367E-008          7.2308380072217940E-008          1.3435290042919260E-001          3.1532122604460672E-001          1.0000000000000000E+000          5.0081125558635131E-001          1.4096388165184093E+053         -4.0443366473041688E+014 
                             480          9.4134140351846625E+004          1.0057702124918222E+003          5.9541484556454748E+002          8.5575921062135478E+000          2.1393248705187215E+001          2.7381359836909689E+002          1.8044360789539701E+002         -4.1177590773284900E-001         -1.0000000000000000E+000          1.9999345678687137E+000          8.0000118293333922E-001         -3.3737976712093094E+001         -1.0326612241750810E+001         -1.1198377614826020E+001         -9.8999999999999986E+001         -9.8999999999999986E+001         -1.0389269435979791E+001         -9.8999999999999986E+001          8.0000000000000004E-001          1.3434905838301303E-001          1.4096618344672562E+053          1.2976640152819255E+039          0.0000000000000000E+000         -1.3250055748305198E+026         -1.0058430050151572E+035          1.2977645995825595E+039          0.0000000000000000E+000          0.0000000000000000E+000                                1                                2          7.7606968720620338E-008          7.2304837887631993E-008          1.3434905840300493E-001          3.1531709847574174E-001          1.0000000000000000E+000          5.0082007664341288E-001          1.4096618344672562E+053         -3.9904725569489031E+014 
                             490          9.4162058414486994E+004          1.0057951493766162E+003          5.9542468718214297E+002          8.5575213864470570E+000          2.1393071893089466E+001          2.7381812419027045E+002          1.8044659049027439E+002         -4.1268661880673135E-001         -1.0000000000000000E+000          1.9999345665581647E+000          8.0000118310940915E-001         -3.3901166097023172E+001         -1.0329979837286366E+001         -1.1201751436831655E+001         -9.8999999999999986E+001         -9.8999999999999986E+001         -1.0392636065174960E+001         -9.8999999999999986E+001          8.0000000000000004E-001          1.3434713223743519E-001          1.4096734842480741E+053          1.3431988000149442E+039          0.0000000000000000E+000         -1.3249236760759353E+026         -9.9807816682227641E+034          1.3432986078317589E+039          0.0000000000000000E+000          0.0000000000000000E+000                                1                                2          7.7859584749218148E-008          7.2303045219002036E-008          1.3434713224736505E-001          3.1531502910268405E-001          1.0000000000000000E+000          5.0082449907300508E-001          1.4096734842480741E+053         -3.9595926228535325E+014 
                             500          9.4176699877672581E+004          1.0058085752308318E+003          5.9542998581180041E+002          8.5574833122879976E+000          2.1392976701184047E+001          2.7382056084845686E+002          1.8044819628918623E+002         -4.1320500209356259E-001         -1.0000000000000000E+000          1.9999345658749539E+000          8.0000118320119618E-001         -3.3994892193585429E+001         -1.0331895176079108E+001         -1.1203670101206461E+001         -9.8999999999999986E+001         -9.8999999999999986E+001         -1.0394550887848071E+001         -9.8999999999999986E+001          8.0000000000000004E-001          1.3434610348684906E-001          1.4096797563406646E+053          1.3691043362000688E+039          0.0000000000000000E+000         -1.3248799360322592E+026         -9.9368848817220819E+034          1.3692037050490186E+039          0.0000000000000000E+000          0.0000000000000000E+000                                1                                2          7.8005704262748947E-008          7.2302080094853800E-008          1.3434610349229459E-001          3.1531392383823070E-001          1.0000000000000000E+000          5.0082686110804953E-001          1.4096797563406646E+053         -3.9421381704651394E+014 
                             510          9.4185253282943449E+004          1.0058165333749433E+003          5.9543312655161844E+002          8.5574607442148487E+000          2.1392920277246791E+001          2.7382200516731564E+002          1.8044914811932350E+002         -4.1351256537518311E-001         -1.0000000000000000E+000          1.9999345654771943E+000          8.0000118325463354E-001         -3.4050330041909746E+001         -1.0333024644303627E+001         -1.1204801520096353E+001         -9.8999999999999986E+001         -9.8999999999999986E+001         -1.0395680053337729E+001         -9.8999999999999986E+001          8.0000000000000004E-001          1.3434550006287169E-001          1.4096834740850559E+053          1.3839916225475194E+039          0.0000000000000000E+000         -1.3248542804903898E+026         -9.9110895810556853E+034          1.3840907334434623E+039          0.0000000000000000E+000          0.0000000000000000E+000                                1                                2          7.8091649950246115E-008          7.2301508031904088E-008          1.3434550006621579E-001          3.1531327552962329E-001          1.0000000000000000E+000          5.0082824659141945E-001          1.4096834740850559E+053         -3.9318815243935244E+014 
                             520          9.4190819530648747E+004          1.0058217567645141E+003          5.9543518799620836E+002          8.5574459316056917E+000          2.1392883243299160E+001          2.7382295315529842E+002          1.8044977285901257E+002         -4.1370960915731020E-001         -1.0000000000000000E+000          1.9999345652188842E+000          8.0000118328933612E-001         -3.4085568362658535E+001         -1.0333741135599904E+001         -1.1205519278261912E+001         -9.8999999999999986E+001         -9.8999999999999986E+001         -1.0396396348022197E+001         -9.8999999999999986E+001          8.0000000000000004E-001          1.3434510816763534E-001          1.4096859142456347E+053          1.3932941843782205E+039          0.0000000000000000E+000         -1.3248376186770885E+026         -9.8947609658431414E+034          1.3933931319880114E+039          0.0000000000000000E+000          0.0000000000000000E+000                                1                                2          7.8145661777195059E-008          7.2301132558873737E-008          1.3434510816992876E-001          3.1531285448240298E-001          1.0000000000000000E+000          5.0082914640042264E-001          1.4096859142456347E+053         -3.9253886735804062E+014 
                             530          9.4194794902089343E+004          1.0058255078104361E+003          5.9543666836869932E+002          8.5574352943619800E+000          2.1392856648466754E+001          2.7382363392810731E+002          1.8045022149943335E+002         -4.1384669754887010E-001         -1.0000000000000000E+000          1.9999345650346541E+000          8.0000118331408643E-001         -3.4109955724663457E+001         -1.0334236284218086E+001         -1.1206015330198856E+001         -9.8999999999999986E+001         -9.8999999999999986E+001         -1.0396891356450201E+001         -9.8999999999999986E+001          8.0000000000000004E-001          1.3434482873435716E-001          1.4096876665808142E+053          1.3996086010377283E+039          0.0000000000000000E+000         -1.3248257384117839E+026         -9.8834926021890210E+034          1.3997074359638827E+039          0.0000000000000000E+000          0.0000000000000000E+000                                1                                2          7.8182676095519107E-008          7.2300862924760935E-008          1.3434482873604917E-001          3.1531255426213084E-001          1.0000000000000000E+000          5.0082978799335143E-001          1.4096876665808142E+053         -3.9209076471953331E+014 
                             540          9.4197824383563056E+004          1.0058283771498884E+003          5.9543780076930807E+002          8.5574271575015572E+000          2.1392836305007101E+001          2.7382415468054137E+002          1.8045056468377254E+002         -4.1394550313175282E-001         -1.0000000000000000E+000          1.9999345648943936E+000          8.0000118333292980E-001         -3.4127474949843652E+001         -1.0334591521824308E+001         -1.1206371254878260E+001         -9.8999999999999986E+001         -9.8999999999999986E+001         -1.0397246487426614E+001         -9.8999999999999986E+001          8.0000000000000004E-001          1.3434461619503218E-001          1.4096890070160802E+053          1.4039518217606671E+039          0.0000000000000000E+000         -1.3248167022457905E+026         -9.8754164533066509E+034          1.4040505759253327E+039          0.0000000000000000E+000          0.0000000000000000E+000                                1                                2          7.8209010366409478E-008          7.2300656671166239E-008          1.3434461619635493E-001          3.1531232591165304E-001          1.0000000000000000E+000          5.0083027599530405E-001          1.4096890070160802E+053         -3.9176955960337125E+014 
                             550          9.4200245827317311E+004          1.0058306766346052E+003          5.9543870827285446E+002          8.5574206366538732E+000          2.1392820001844544E+001          2.7382457201049681E+002          1.8045083971099280E+002         -4.1401912068664332E-001         -1.0000000000000000E+000          1.9999345647823632E+000          8.0000118334798032E-001         -3.4140511111055631E+001         -1.0334855530153389E+001         -1.1206635812012461E+001         -9.8999999999999986E+001         -9.8999999999999986E+001         -1.0397510410584436E+001         -9.8999999999999986E+001          8.0000000000000004E-001          1.3434444642781249E-001          1.4096900812373513E+053          1.4072165565040837E+039          0.0000000000000000E+000         -1.3248094845872752E+026         -9.8694189031856923E+034          1.4073152506932482E+039          0.0000000000000000E+000          0.0000000000000000E+000                                1                                2          7.8228395127393710E-008          7.2300491380666665E-008          1.3434444642888121E-001          3.1531214351489872E-001          1.0000000000000000E+000          5.0083066579073143E-001          1.4096900812373513E+053         -3.9153097985142444E+014 
                             560          9.4202223412799300E+004          1.0058325583613918E+003          5.9543945090557088E+002          8.5574153004925346E+000          2.1392806660590693E+001          2.7382491352198417E+002          1.8045106477259836E+002         -4.1407502982557437E-001         -1.0000000000000000E+000          1.9999345646909175E+000          8.0000118336026582E-001         -3.4150395457455723E+001         -1.0335055481175516E+001         -1.1206836211569637E+001         -9.8999999999999986E+001         -9.8999999999999986E+001         -1.0397710291996711E+001         -9.8999999999999986E+001          8.0000000000000004E-001          1.3434430767826824E-001          1.4096909602987764E+053          1.4096558201764092E+039          0.0000000000000000E+000         -1.3248035856725930E+026         -9.8648792187507510E+034          1.4097544689687290E+039          0.0000000000000000E+000          0.0000000000000000E+000                                1                                2          7.8242947067689699E-008          7.2300356119812188E-008          1.3434430767914271E-001          3.1531199444311497E-001          1.0000000000000000E+000          5.0083098436814422E-001          1.4096909602987764E+053         -3.9135035463454319E+014 
                             570          9.4203848572794872E+004          1.0058341070589603E+003          5.9544006210633233E+002          8.5574109087379888E+000          2.1392795680506396E+001          2.7382519459239802E+002          1.8045125000254899E+002         -4.1411825669714503E-001         -1.0000000000000000E+000          1.9999345646157984E+000          8.0000118337035775E-001         -3.4158001690943365E+001         -1.0335209209491403E+001         -1.1206990308586832E+001         -9.8999999999999986E+001         -9.8999999999999986E+001         -1.0397863963092506E+001         -9.8999999999999986E+001          8.0000000000000004E-001          1.3434419362454919E-001          1.4096916837825683E+053          1.4115007925086764E+039          0.0000000000000000E+000         -1.3247987367146716E+026         -9.8613905634191029E+034          1.4115994064144430E+039          0.0000000000000000E+000          0.0000000000000000E+000                                1                                2          7.8254018434262046E-008          7.2300244797890469E-008          1.3434419362527436E-001          3.1531187190426052E-001          1.0000000000000000E+000          5.0083124624269482E-001          1.4096916837825683E+053         -3.9121151974903131E+014 
                             580          9.4205206600858088E+004          1.0058354026975056E+003          5.9544057343592783E+002          8.5574072346079930E+000          2.1392786494598827E+001          2.7382542973546725E+002          1.8045140496563144E+002         -4.1415267925926619E-001         -1.0000000000000000E+000          1.9999345645530462E+000          8.0000118337878834E-001         -3.4164069989824675E+001         -1.0335331760275203E+001         -1.1207113167418340E+001         -9.8999999999999986E+001         -9.8999999999999986E+001         -1.0397986466069311E+001         -9.8999999999999986E+001          8.0000000000000004E-001          1.3434409833343186E-001          1.4096922890477080E+053          1.4129658108720122E+039          0.0000000000000000E+000         -1.3247946854550412E+026         -9.8586104240823223E+034          1.4130643969763855E+039          0.0000000000000000E+000          0.0000000000000000E+000                                1                                2          7.8262819838600373E-008          7.2300151666366415E-008          1.3434409833404137E-001          3.1531176952378170E-001          1.0000000000000000E+000          5.0083146503730802E-001          1.4096922890477080E+053         -3.9110086443476856E+014 
                             590          9.4206360772729269E+004          1.0058365048563743E+003          5.9544100840772717E+002          8.5574041091461872E+000          2.1392778680449620E+001          2.7382562976418831E+002          1.8045153678778760E+002         -4.1418097648791374E-001         -1.0000000000000000E+000          1.9999345644997266E+000          8.0000118338595150E-001         -3.4169027358253942E+001         -1.0335431824317430E+001         -1.1207213493079166E+001         -9.8999999999999986E+001         -9.8999999999999986E+001         -1.0398086489510066E+001         -9.8999999999999986E+001          8.0000000000000004E-001          1.3434401740469393E-001          1.4096928039272934E+053          1.4141448763269711E+039          0.0000000000000000E+000         -1.3247912448142764E+026         -9.8563410632389535E+034          1.4142434397377359E+039          0.0000000000000000E+000          0.0000000000000000E+000                                1                                2          7.8269940920778381E-008          7.2300072442503513E-008          1.3434401740521457E-001          3.1531168257414355E-001          1.0000000000000000E+000          5.0083165085509629E-001          1.4096928039272934E+053         -3.9101052729587419E+014 
                             600          9.4207351198174976E+004          1.0058374513567143E+003          5.9544138194808590E+002          8.5574014250986448E+000          2.1392771969906587E+001          2.7382580154268300E+002          1.8045164999258611E+002         -4.1420413172011050E-001         -1.0000000000000000E+000          1.9999345644539832E+000          8.0000118339209703E-001         -3.4173170542148071E+001         -1.0335513515999322E+001         -1.1207295409206852E+001         -9.8999999999999986E+001         -9.8999999999999986E+001         -1.0398168146359483E+001         -9.8999999999999986E+001          8.0000000000000004E-001          1.3434394797497998E-001          1.4096932460898541E+053          1.4151010904492152E+039          0.0000000000000000E+000         -1.3247882930545525E+026         -9.8544888352460983E+034          1.4151996353377002E+039          0.0000000000000000E+000          0.0000000000000000E+000                                1                                2          7.8275753135658874E-008          7.2300004407610737E-008          1.3434394797542951E-001          3.1531160797898389E-001          1.0000000000000000E+000          5.0083181027045387E-001          1.4096932460898541E+053         -3.9093678229319131E+014 
                             610          9.4208212072242459E+004          1.0058382745673564E+003          5.9544170683155119E+002          8.5573990906736999E+000          2.1392766133475746E+001          2.7382595094552994E+002          1.8045174845147017E+002         -4.1422469561791980E-001         -1.0000000000000000E+000          1.9999345644142292E+000          8.0000118339743775E-001         -3.4176740913083229E+001         -1.0335585552289363E+001         -1.1207367640382943E+001         -9.8999999999999986E+001         -9.8999999999999986E+001         -1.0398240152404536E+001         -9.8999999999999986E+001          8.0000000000000004E-001          1.3434388768925956E-001          1.4096936306567754E+053          1.4159390823104281E+039          0.0000000000000000E+000         -1.3247857300505603E+026         -9.8528557950403671E+034          1.4160376108685110E+039          0.0000000000000000E+000          0.0000000000000000E+000                                1                                2          7.8280848016104931E-008          7.2299945234943955E-008          1.3434388768965413E-001          3.1531154320808946E-001          1.0000000000000000E+000          5.0083194869065484E-001          1.4096936306567754E+053         -3.9087176770831038E+014 
                             620          9.4208956265257104E+004          1.0058389865856293E+003          5.9544198783242064E+002          8.5573970715652194E+000          2.1392761085386180E+001          2.7382608016826561E+002          1.8045183361133434E+002         -4.1424352512678969E-001         -1.0000000000000000E+000          1.9999345643798681E+000          8.0000118340205384E-001         -3.4180003367434736E+001         -1.0335651420147986E+001         -1.1207433677123895E+001         -9.8999999999999986E+001         -9.8999999999999986E+001         -1.0398305994053789E+001         -9.8999999999999986E+001          8.0000000000000004E-001          1.3434383544750880E-001          1.4096939632794700E+053          1.4166135644380628E+039          0.0000000000000000E+000         -1.3247835090337970E+026         -9.8513627618957193E+034          1.4167120780658143E+039          0.0000000000000000E+000          0.0000000000000000E+000                                1                                2          7.8285553817960881E-008          7.2299894054901398E-008          1.3434383544784914E-001          3.1531148707957540E-001          1.0000000000000000E+000          5.0083206864139063E-001          1.4096939632794700E+053         -3.9081233813591619E+014 
                             630          9.4209662075550877E+004          1.0058396622232661E+003          5.9544225447546592E+002          8.5573951556249561E+000          2.1392756295233728E+001          2.7382620278832741E+002          1.8045191441992893E+002         -4.1426352100574221E-001         -1.0000000000000000E+000          1.9999345643472848E+000          8.0000118340643123E-001         -3.4183271189128014E+001         -1.0335717474094352E+001         -1.1207499883750582E+001         -9.8999999999999986E+001         -9.8999999999999986E+001         -1.0398372024305230E+001         -9.8999999999999986E+001          8.0000000000000004E-001          1.3434378821767423E-001          1.4096942789066406E+053          1.4173548423926923E+039          0.0000000000000000E+000         -1.3247815010962601E+026         -9.8498656193807556E+034          1.4174533410490188E+039          0.0000000000000000E+000          0.0000000000000000E+000                                1                                2          7.8290191110333386E-008          7.2299845489974612E-008          1.3434378821812704E-001          3.1531143633625242E-001          1.0000000000000000E+000          5.0083217708457550E-001          1.4096942789066406E+053         -3.9075276474613819E+014 
                             640          9.4210711205901796E+004          1.0058406672332733E+003          5.9544265110650235E+002          8.5573923056696177E+000          2.1392749169897112E+001          2.7382638518544394E+002          1.8045203462256239E+002         -4.1430299750999466E-001         -1.0000000000000000E+000          1.9999345642988620E+000          8.0000118341293636E-001         -3.4189555847293612E+001         -1.0335844834958760E+001         -1.1207627471478409E+001         -9.8999999999999986E+001         -9.8999999999999986E+001         -1.0398499349962036E+001         -9.8999999999999986E+001          8.0000000000000004E-001          1.3434371804021600E-001          1.4096947484013531E+053          1.4187031019902394E+039          0.0000000000000000E+000         -1.3247785175644292E+026         -9.8469790904695494E+034          1.4188015717812765E+039          0.0000000000000000E+000          0.0000000000000000E+000                                1                                2          7.8298879988011658E-008          7.2299773249836989E-008          1.3434371804084105E-001          3.1531136093816936E-001          1.0000000000000000E+000          5.0083233821727313E-001          1.4096947484013531E+053         -3.9063798563447238E+014 
                             650          9.4212084217145137E+004          1.0058419846923698E+003          5.9544317104657307E+002          8.5573885696926482E+000          2.1392739829368981E+001          2.7382662428819413E+002          1.8045219219511307E+002         -4.1433025076063118E-001         -1.0000000000000000E+000          1.9999345642355202E+000          8.0000118342144577E-001         -3.4203497927520445E+001         -1.0336128196288939E+001         -1.1207911138564594E+001         -9.8999999999999986E+001         -9.8999999999999986E+001         -1.0398782663841068E+001         -9.8999999999999986E+001          8.0000000000000004E-001          1.3434362345834569E-001          1.4096953638575607E+053          1.4227131011399615E+039          0.0000000000000000E+000         -1.3247744965122167E+026         -9.8405585613674745E+034          1.4228115067257078E+039          0.0000000000000000E+000          0.0000000000000000E+000                                1                                2          7.8319796967339926E-008          7.2299678551071776E-008          1.3434362345901413E-001          3.1531125931960602E-001          1.0000000000000000E+000          5.0083255538431148E-001          1.4096953638575607E+053         -3.9038291686775106E+014 
                             660          9.4213613131362988E+004          1.0058434582997800E+003          5.9544375261090124E+002          8.5573843909256375E+000          2.1392729381801242E+001          2.7382689172985590E+002          1.8045236844344279E+002         -4.1447691315864360E-001         -1.0000000000000000E+000          1.9999345641650141E+000          8.0000118343091764E-001         -3.4205398514554062E+001         -1.0336401879015462E+001         -1.1208185158403767E+001         -9.8999999999999986E+001         -9.8999999999999986E+001         -1.0399056294250164E+001         -9.8999999999999986E+001          8.0000000000000004E-001          1.3434351917675960E-001          1.4096960522585424E+053          1.4297713490822823E+039          0.0000000000000000E+000         -1.3247700630995738E+026         -9.8343616053595065E+034          1.4298696926984684E+039          0.0000000000000000E+000          0.0000000000000000E+000                                1                                2          7.8356387246343523E-008          7.2299572628682771E-008          1.3434351917757961E-001          3.1531114727980525E-001          1.0000000000000000E+000          5.0083279482281040E-001          1.4096960522585424E+053         -3.9013668089600012E+014 
                             670          9.4215580115122561E+004          1.0058453661476447E+003          5.9544450554936941E+002          8.5573789807755283E+000          2.1392715855594595E+001          2.7382723798068395E+002          1.8045259662823298E+002         -4.1475976951785898E-001         -1.0000000000000000E+000          1.9999345640744624E+000          8.0000118344308280E-001         -3.4251935055061992E+001         -1.0337348190917410E+001         -1.1209131905259348E+001         -9.8999999999999986E+001         -9.8999999999999986E+001         -1.0400002538650549E+001         -9.8999999999999986E+001          8.0000000000000004E-001          1.3434338462940834E-001          1.4096969435157456E+053          1.4413191983549215E+039          0.0000000000000000E+000         -1.3247643429948716E+026         -9.8129592969326137E+034          1.4414173279480233E+039          0.0000000000000000E+000          0.0000000000000000E+000                                1                                2          7.8428013079536486E-008          7.2299435493701697E-008          1.3434338463045076E-001          3.1531100272237195E-001          1.0000000000000000E+000          5.0083310375395940E-001          1.4096969435157456E+053         -3.8928712284969781E+014 
                             680          9.4218113632525230E+004          1.0058478496084024E+003          5.9544548565475236E+002          8.5573719383555229E+000          2.1392698248484795E+001          2.7382768869791596E+002          1.8045289365795566E+002         -4.1519185711641371E-001         -1.0000000000000000E+000          1.9999345639581603E+000          8.0000118345870741E-001         -3.4323478145354066E+001         -1.0338799431668612E+001         -1.1210583706978451E+001         -9.8999999999999986E+001         -9.8999999999999986E+001         -1.0401453692343823E+001         -9.8999999999999986E+001          8.0000000000000004E-001          1.3434321110135061E-001          1.4096981036711632E+053          1.4593417108779064E+039          0.0000000000000000E+000         -1.3247569657150744E+026         -9.7802269441846206E+034          1.4594395131474806E+039          0.0000000000000000E+000          0.0000000000000000E+000                                1                                2          7.8539678490550539E-008          7.2299256984784135E-008          1.3434321110278133E-001          3.1531081628391194E-001          1.0000000000000000E+000          5.0083350218799794E-001          1.4096981036711632E+053         -3.8798794880834175E+014 
                             690          9.4221257721876857E+004          1.0058509778439229E+003          5.9544672022148791E+002          8.5573630675536538E+000          2.1392676070184475E+001          2.7382825643339288E+002          1.8045326780438677E+002         -4.1577195058042232E-001         -1.0000000000000000E+000          1.9999345638144124E+000          8.0000118347801885E-001         -3.4420876696362953E+001         -1.0340797870853724E+001         -1.1212582865500414E+001         -9.8999999999999986E+001         -9.8999999999999986E+001         -1.0403452019893546E+001         -9.8999999999999986E+001          8.0000000000000004E-001          1.3434298858426472E-001          1.4096995650330258E+053          1.4841307318433195E+039          0.0000000000000000E+000         -1.3247475058104806E+026         -9.7353309228500694E+034          1.4842280851526804E+039          0.0000000000000000E+000          0.0000000000000000E+000                                1                                2          7.8695010986610187E-008          7.2299032131293126E-008          1.3434298858590377E-001          3.1531057721007832E-001          1.0000000000000000E+000          5.0083401310455022E-001          1.4096995650330258E+053         -3.8620605441331856E+014 
                             700          9.4225294265890392E+004          1.0058550727300855E+003          5.9544833627790194E+002          8.5573514556414754E+000          2.1392647038773987E+001          2.7382899960323078E+002          1.8045375756451494E+002         -4.1656711250518824E-001         -1.0000000000000000E+000          1.9999345636308608E+000          8.0000118350267768E-001         -3.4554792585866366E+001         -1.0343492664484234E+001         -1.1215278591438237E+001         -9.8999999999999986E+001         -9.8999999999999986E+001         -1.0406146668837660E+001         -9.8999999999999986E+001          8.0000000000000004E-001          1.3434270018820821E-001          1.4097014779646985E+053          1.5167257464302919E+039          0.0000000000000000E+000         -1.3247352452923459E+026         -9.6751168102774359E+034          1.5168224975985271E+039          0.0000000000000000E+000          0.0000000000000000E+000                                1                                2          7.8904497233933221E-008          7.2298737798327802E-008          1.3434270019029093E-001          3.1531026735448270E-001          1.0000000000000000E+000          5.0083467528459535E-001          1.4097014779646985E+053         -3.8381624461144025E+014 
                             710          9.4230584993795099E+004          1.0058605859706040E+003          5.9545051208823975E+002          8.5573358217592563E+000          2.1392607951994748E+001          2.7383000018531794E+002          1.8045441696273579E+002         -4.1786100511718977E-001         -1.0000000000000000E+000          1.9999345633921966E+000          8.0000118353474059E-001         -3.4766973906604079E+001         -1.0347734193076407E+001         -1.1219521360776678E+001         -9.8999999999999986E+001         -9.8999999999999986E+001         -1.0410388004876809E+001         -9.8999999999999986E+001          8.0000000000000004E-001          1.3434231638189006E-001          1.4097040534770813E+053          1.5642706552542817E+039          0.0000000000000000E+000         -1.3247189288121241E+026         -9.5810934738715859E+034          1.5643664661891529E+039          0.0000000000000000E+000          0.0000000000000000E+000                                1                                2          7.9228174567260052E-008          7.2298341520417899E-008          1.3434231638479829E-001          3.1530985498727476E-001          1.0000000000000000E+000          5.0083555653445189E-001          1.4097040534770813E+053         -3.8008487040969188E+014 
                             720          9.4237657999770061E+004          1.0058682854466616E+003          5.9545355069488835E+002          8.5573139885053493E+000          2.1392553366233134E+001          2.7383139753911303E+002          1.8045533783828651E+002         -4.2041313910325978E-001         -1.0000000000000000E+000          1.9999345630777268E+000          8.0000118357698691E-001         -3.5185283365741000E+001         -1.0356019624054520E+001         -1.1227808527947953E+001         -9.8999999999999986E+001         -9.8999999999999986E+001         -1.0418673166413921E+001         -9.8999999999999986E+001          8.0000000000000004E-001          1.3434177931831978E-001          1.4097076502805488E+053          1.6539179400269486E+039          0.0000000000000000E+000         -1.3246960974051438E+026         -9.4000505728538107E+034          1.6540119405328097E+039          0.0000000000000000E+000          0.0000000000000000E+000                                1                                2          7.9874961977740901E-008          7.2297788108646602E-008          1.3434177932213467E-001          3.1530927795247166E-001          1.0000000000000000E+000          5.0083678967463507E-001          1.4097076502805488E+053         -3.7290088608228544E+014 
                             730          9.4247158117168437E+004          1.0058794388909602E+003          5.9545795240291648E+002          8.5572823611510653E+000          2.1392474294690778E+001          2.7383342173934983E+002          1.8045667181187423E+002         -4.2561624579687007E-001         -1.0000000000000000E+000          1.9999345626675762E+000          8.0000118363208705E-001         -3.6069797088572606E+001         -1.0373061317006933E+001         -1.1244852748709086E+001         -9.8999999999999986E+001         -9.8999999999999986E+001         -1.0435714467076203E+001         -9.8999999999999986E+001          8.0000000000000004E-001          1.3434099738498453E-001          1.4097128605843429E+053          1.8156573463369621E+039          0.0000000000000000E+000         -1.3246628570492924E+026         -9.0383527926550065E+034          1.8157477298650210E+039          0.0000000000000000E+000          0.0000000000000000E+000                                1                                2          8.1211995626834498E-008          7.2296986452581871E-008          1.3434099738954405E-001          3.1530843781022949E-001          1.0000000000000000E+000          5.0083858505184897E-001          1.4097128605843429E+053         -3.5854956056133844E+014 
                             740          9.4259503124221301E+004          1.0058956654216061E+003          5.9546435618166709E+002          8.5572363487969749E+000          2.1392359260537127E+001          2.7383636662910897E+002          1.8045861252647191E+002         -4.3500295731713207E-001         -1.0000000000000000E+000          1.9999345621635278E+000          8.0000118369980111E-001         -3.7730781976926536E+001         -1.0403522704486472E+001         -1.1275317771284669E+001         -9.8999999999999986E+001         -9.8999999999999986E+001         -1.0466175290430529E+001         -9.8999999999999986E+001          8.0000000000000004E-001          1.3433987293969499E-001          1.4097204407289559E+053          2.0495281058112370E+039          0.0000000000000000E+000         -1.3246150580909796E+026         -8.4261471725849136E+034          2.0496123672830954E+039          0.0000000000000000E+000          0.0000000000000000E+000                                1                                2          8.3711299396530348E-008          7.2295820199155587E-008          1.3433987294546826E-001          3.1530722963494773E-001          1.0000000000000000E+000          5.0084116685656732E-001          1.4097204407289559E+053         -3.3425981770380369E+014 
                             750          9.4274831296883945E+004          1.0059184414948345E+003          5.9547334467895701E+002          8.5571717656307484E+000          2.1392197799978852E+001          2.7384050015175109E+002          1.8046133655574573E+002         -4.4936934395670092E-001         -1.0000000000000000E+000          1.9999345615921449E+000          8.0000118377656027E-001         -4.0526861039971628E+001         -1.0450617569709490E+001         -1.1322417828636498E+001         -9.8999999999999986E+001         -9.8999999999999986E+001         -1.0513269349904171E+001         -9.8999999999999986E+001          8.0000000000000004E-001          1.3433826687334061E-001          1.4097310803668548E+053          2.3098360723693929E+039          0.0000000000000000E+000         -1.3245467892718207E+026         -7.5602438136950182E+034          2.3099116748076624E+039          0.0000000000000000E+000          0.0000000000000000E+000                                1                                2          8.8008407604228700E-008          7.2294183272316342E-008          1.3433826687926442E-001          3.1530550392918771E-001          1.0000000000000000E+000          5.0084485449848015E-001          1.4097310803668548E+053         -2.9990528194401181E+014 
                             760          9.4294011555274599E+004          1.0059494870755126E+003          5.9548559660828994E+002          8.5570837363497105E+000          2.1391977725324622E+001          2.7384613442781978E+002          1.8046504958707848E+002         -4.6933020603930498E-001         -1.0000000000000000E+000          1.9999345609638153E+000          8.0000118386096830E-001         -4.4778286102219617E+001         -1.0513805130433889E+001         -1.1385612404852109E+001         -9.8999999999999986E+001         -9.8999999999999986E+001         -1.0576455821935260E+001         -9.8999999999999986E+001          8.0000000000000004E-001          1.3433609682200970E-001          1.4097455828207673E+053          2.4362568583568697E+039          0.0000000000000000E+000         -1.3244545528768213E+026         -6.5365778533498672E+034          2.4363222241355358E+039          0.0000000000000000E+000          0.0000000000000000E+000                                1                                2          9.4365007562264504E-008          7.2291952131560106E-008          1.3433609682886452E-001          3.1530317216456749E-001          1.0000000000000000E+000          5.0084983712707731E-001          1.4097455828207673E+053         -2.5929225126042609E+014 
                             770          9.4317111835718053E+004          1.0059873238618273E+003          5.9550052847835104E+002          8.5569764552088969E+000          2.1391709522466556E+001          2.7385300112851223E+002          1.8046957478901595E+002         -4.9411156926312438E-001         -1.0000000000000000E+000          1.9999345603214425E+000          8.0000118394726094E-001         -5.0935825639424827E+001         -1.0590930378148144E+001         -1.1462746398532760E+001         -9.8999999999999986E+001         -9.8999999999999986E+001         -1.0653579712442268E+001         -9.8999999999999986E+001          8.0000000000000004E-001          1.3433339154435198E-001          1.4097632573158112E+053          2.3808316356256316E+039          0.0000000000000000E+000         -1.3243395755620060E+026         -5.4730312731799545E+034          2.3808863659384958E+039          0.0000000000000000E+000          0.0000000000000000E+000                                1                                2          1.0365184517125975E-007          7.2289233116041520E-008          1.3433339155090845E-001          3.1530026520088134E-001          1.0000000000000000E+000          5.0085604877721057E-001          1.4097632573158112E+053         -2.1709786112009069E+014 
                             780          9.4345449936905512E+004          1.0060300302155747E+003          5.9551738184910289E+002          8.5568553732874584E+000          2.1391406818715325E+001          2.7386075146998303E+002          1.8047468231213472E+002         -5.2379078958853742E-001         -1.0000000000000000E+000          1.9999345596705422E+000          8.0000118403469767E-001         -5.9624269778370461E+001         -1.0678513015290063E+001         -1.1550338924789335E+001         -9.8999999999999986E+001         -9.8999999999999986E+001         -1.0741160815020157E+001         -9.8999999999999986E+001          8.0000000000000004E-001          1.3433033273692604E-001          1.4097832059973029E+053          2.0898980432771456E+039          0.0000000000000000E+000         -1.3242095836446024E+026         -4.4735097653649187E+034          2.0899427783749316E+039          0.0000000000000000E+000          0.0000000000000000E+000                                1                                2          1.1641699567786986E-007          7.2286164410864874E-008          1.3433033274363057E-001          3.1529697825437530E-001          1.0000000000000000E+000          5.0086307233233041E-001          1.4097832059973029E+053         -1.7744469440910369E+014 
                             790          9.4379178015853526E+004          1.0060723034235692E+003          5.9553406405198200E+002          8.5567355261295841E+000          2.1391107202082196E+001          2.7386842309721214E+002          1.8047973796124342E+002         -5.5653585365173919E-001         -1.0000000000000000E+000          1.9999345590416504E+000          8.0000118411917598E-001         -7.1568679806128500E+001         -1.0770877371588780E+001         -1.1642713264083072E+001         -9.8999999999999986E+001         -9.8999999999999986E+001         -1.0833523622227702E+001         -9.8999999999999986E+001          8.0000000000000004E-001          1.3432724496195703E-001          1.4098029517998742E+053          1.6645731861108493E+039          0.0000000000000000E+000         -1.3240783719571589E+026         -3.6164890940424500E+034          1.6646093510019221E+039          0.0000000000000000E+000          0.0000000000000000E+000                                1                                2          1.3380451125006768E-007          7.2283127086357613E-008          1.3432724496804785E-001          3.1529366008298987E-001          1.0000000000000000E+000          5.0087016259100259E-001          1.4098029517998742E+053         -1.4344607820376972E+014 
                             800          9.4411012515755108E+004          1.0061035410830615E+003          5.9554639116378848E+002          8.5566469698287460E+000          2.1390885811900617E+001          2.7387409195235807E+002          1.8048347377271983E+002         -5.8400328395946177E-001         -1.0000000000000000E+000          1.9999345585516282E+000          8.0000118418499877E-001         -8.4326121525033429E+001         -1.0845676548511582E+001         -1.1717520060714943E+001         -9.8999999999999986E+001         -9.8999999999999986E+001         -1.0908321616805159E+001         -9.8999999999999986E+001          8.0000000000000004E-001          1.3432488820728944E-001          1.4098175425375487E+053          1.2294194227835812E+039          0.0000000000000000E+000         -1.3239782316300253E+026         -3.0443204776955450E+034          1.2294498659884905E+039          0.0000000000000000E+000          0.0000000000000000E+000                                1                                2          1.5252479212125299E-007          7.2280882828566285E-008          1.3432488821175562E-001          3.1529112741592169E-001          9.4229967718972218E-001          5.0087557439338992E-001          1.4098175425375487E+053         -1.2074853840562627E+014 
                             810          9.4439187640231161E+004          1.0061207120283559E+003          5.9555316716000846E+002          8.5565982934524492E+000          2.1390764119765119E+001          2.7387720801843926E+002          1.8048552728576854E+002         -6.0472237974224274E-001         -1.0000000000000000E+000          1.9999345581767030E+000          8.0000118423536049E-001         -9.5920861652921843E+001         -1.0899263381803628E+001         -1.1771111192668284E+001         -9.8999999999999986E+001         -9.8999999999999986E+001         -1.0961907783087273E+001         -9.8999999999999986E+001          8.0000000000000004E-001          1.3432355866163662E-001          1.4098255627182955E+053          6.9356223356344683E+038          0.0000000000000000E+000         -1.3239217405423752E+026         -2.6909453747157791E+034          6.9358914301732632E+038          0.0000000000000000E+000          0.0000000000000000E+000                                1                                2          1.6925340902459203E-007          7.2279649247873597E-008          1.3432355866516896E-001          3.1528969862246115E-001          6.6057803903217605E-001          5.0087862750360990E-001          1.4098255627182955E+053         -1.0673104229610245E+014 
                             820          9.4463533612560670E+004          1.0061299273677988E+003          5.9555680369450283E+002          8.5565721704638769E+000          2.1390698810331710E+001          2.7387888034222055E+002          1.8048662936585984E+002         -6.1706723525149976E-001         -1.0000000000000000E+000          1.9999345578830450E+000          8.0000118427480549E-001         -9.8999999999999986E+001         -1.0931445660332994E+001         -1.1803295738190409E+001         -9.8999999999999986E+001         -9.8999999999999986E+001         -1.0994089709857478E+001         -9.8999999999999986E+001          8.0000000000000004E-001          1.3432285750204787E-001          1.4098298669384766E+053          4.8137517640884692E+038          0.0000000000000000E+000         -1.3238919492592017E+026         -2.4987529118903655E+034          4.8140016393809818E+038          0.0000000000000000E+000          0.0000000000000000E+000                                1                                2          1.8143605730241928E-007          7.2278987224526002E-008          1.3432285750493167E-001          3.1528894513086198E-001          5.2232445700382735E-001          5.0088023766130518E-001          1.4098298669384766E+053         -9.9107427875462344E+013 
                             830          9.4491228296736866E+004          1.0061387247471325E+003          5.9556027528165509E+002          8.5565472327119476E+000          2.1390636463474337E+001          2.7388047681059339E+002          1.8048768145869184E+002         -6.1365240358110507E-001         -1.0000000000000000E+000          1.9999345575603928E+000          8.0000118431814515E-001         -9.8999999999999986E+001         -1.0928172485536159E+001         -1.1800024547487038E+001         -9.8999999999999986E+001         -9.8999999999999986E+001         -1.0990816227199449E+001         -9.8999999999999986E+001          8.0000000000000004E-001          1.3432224384356159E-001          1.4098339759033173E+053          5.0214484365912709E+038          0.0000000000000000E+000         -1.3238658759559467E+026         -2.5176601704146594E+034          5.0217002026096360E+038          0.0000000000000000E+000          0.0000000000000000E+000                                1                                2          1.8164103554325774E-007          7.2278355238446112E-008          1.3432224384746028E-001          3.1528828567928824E-001          5.0811301618368476E-001          5.0088164690522718E-001          1.4098339759033173E+053         -9.9856742793597031E+013 
                             840          9.4522472490539367E+004          1.0061526714549370E+003          5.9556577886331115E+002          8.5565076984663033E+000          2.1390537625687127E+001          2.7388300773053112E+002          1.8048934936022766E+002         -5.9333102224855083E-001         -1.0000000000000000E+000          1.9999345571716902E+000          8.0000118437035606E-001         -9.1824903734834905E+001         -1.0881536882227611E+001         -1.1753392048704013E+001         -9.8999999999999986E+001         -9.8999999999999986E+001         -1.0944180142181500E+001         -9.8999999999999986E+001          8.0000000000000004E-001          1.3432128365327264E-001          1.4098404899397003E+053          8.5171566989927245E+038          0.0000000000000000E+000         -1.3238250805786394E+026         -2.8030683316252311E+034          8.5174370058272115E+038          0.0000000000000000E+000          0.0000000000000000E+000                                1                                2          1.6586900789282036E-007          7.2277353357588765E-008          1.3432128365740964E-001          3.1528725380958672E-001          6.7872065827036221E-001          5.0088385192831208E-001          1.4098404899397003E+053         -1.1117570562571034E+014 
                             850          9.4549921996369667E+004          1.0061758740110481E+003          5.9557493490190723E+002          8.5564419277924326E+000          2.1390373199035242E+001          2.7388721830680981E+002          1.8049212415817848E+002         -5.6672975337229470E-001         -1.0000000000000000E+000          1.9999345567803617E+000          8.0000118442291945E-001         -7.8540838000554828E+001         -1.0814079806225585E+001         -1.1685940147883047E+001         -9.8999999999999986E+001         -9.8999999999999986E+001         -1.0876722263188521E+001         -9.8999999999999986E+001          8.0000000000000004E-001          1.3431968305080066E-001          1.4098513270194332E+053          1.6294859955321948E+039          0.0000000000000000E+000         -1.3237570799709856E+026         -3.2741033287442688E+034          1.6295187365656145E+039          0.0000000000000000E+000          0.0000000000000000E+000                                1                                2          1.4635559976657503E-007          7.2275686631730834E-008          1.3431968305486452E-001          3.1528553365938844E-001          1.0000000000000000E+000          5.0088752758378619E-001          1.4098513270194332E+053         -1.2985593253717858E+014 
                             860          9.4572425867618571E+004          1.0062038580370606E+003          5.9558597768450682E+002          8.5563626058091700E+000          2.1390174895451803E+001          2.7389229654105441E+002          1.8049547074344875E+002         -5.3949095841777850E-001         -1.0000000000000000E+000          1.9999345564018505E+000          8.0000118447376056E-001         -6.7176080830670756E+001         -1.0739758238740652E+001         -1.1611625118534580E+001         -9.8999999999999986E+001         -9.8999999999999986E+001         -1.0802399681249678E+001         -9.8999999999999986E+001          8.0000000000000004E-001          1.3431766093483138E-001          1.4098643971603816E+053          2.0211955469684203E+039          0.0000000000000000E+000         -1.3236711765667538E+026         -3.8852234023470978E+034          2.0212343992025761E+039          0.0000000000000000E+000          0.0000000000000000E+000                                1                                2          1.2916853286054466E-007          7.2273676537376077E-008          1.3431766093871847E-001          3.1528336045948752E-001          1.0000000000000000E+000          5.0089217125033314E-001          1.4098643971603816E+053         -1.5409084074081728E+014 
                             870          9.4590251877421601E+004          1.0062303157869376E+003          5.9559641808895083E+002          8.5562876128215812E+000          2.1389987414317961E+001          2.7389709776029986E+002          1.8049863477412339E+002         -5.1451328191241108E-001         -1.0000000000000000E+000          1.9999345560464681E+000          8.0000118452149438E-001         -5.8390203292257027E+001         -1.0667084376600780E+001         -1.1538957505214068E+001         -9.8999999999999986E+001         -9.8999999999999986E+001         -1.0729724849562677E+001         -9.8999999999999986E+001          8.0000000000000004E-001          1.3431572832735625E-001          1.4098767542209962E+053          2.3340615245731641E+039          0.0000000000000000E+000         -1.3235890801773886E+026         -4.5929510263424199E+034          2.3341074540835599E+039          0.0000000000000000E+000          0.0000000000000000E+000                                1                                2          1.1559735358943519E-007          7.2271776178356361E-008          1.3431572833092162E-001          3.1528128341773792E-001          1.0000000000000000E+000          5.0089660944341929E-001          1.4098767542209962E+053         -1.8215640144032569E+014 
                             880          9.4603756476806593E+004          1.0062525562960827E+003          5.9560519427030124E+002          8.5562245754491926E+000          2.1389829821776051E+001          2.7390113365421507E+002          1.8050129445196015E+002         -4.9362967454241286E-001         -1.0000000000000000E+000          1.9999345557314128E+000          8.0000118456381120E-001         -5.2030386596920792E+001         -1.0602905795538604E+001         -1.1474784242679299E+001         -9.8999999999999986E+001         -9.8999999999999986E+001         -1.0665545443307236E+001         -9.8999999999999986E+001          8.0000000000000004E-001          1.3431408345840676E-001          1.4098871414514975E+053          2.5052215289019415E+039          0.0000000000000000E+000         -1.3235192101824710E+026         -5.3244169938412215E+034          2.5052747730720123E+039          0.0000000000000000E+000          0.0000000000000000E+000                                1                                2          1.0559990456302173E-007          7.2270178804924645E-008          1.3431408346144597E-001          3.1527951559210621E-001          1.0000000000000000E+000          5.0090038691637639E-001          1.4098871414514975E+053         -2.1116294028566044E+014 
                             890          9.4613219996085085E+004          1.0062687359069402E+003          5.9561157875835397E+002          8.5561787180187245E+000          2.1389715178527069E+001          2.7390406968168577E+002          1.8050322931255675E+002         -4.7803943769372736E-001         -1.0000000000000000E+000          1.9999345554798473E+000          8.0000118459759961E-001         -4.7777462401574496E+001         -1.0552897203213783E+001         -1.1424779561041147E+001         -9.8999999999999986E+001         -9.8999999999999986E+001         -1.0615536244229373E+001         -9.8999999999999986E+001          8.0000000000000004E-001          1.3431287400732581E-001          1.4098946978903652E+053          2.5371953561257511E+039          0.0000000000000000E+000         -1.3234678375773075E+026         -5.9742291641726772E+034          2.5372550984175252E+039          0.0000000000000000E+000          0.0000000000000000E+000                                1                                2          9.8804079613638430E-008          7.2269016785945079E-008          1.3431287400973371E-001          3.1527821571877340E-001          1.0000000000000000E+000          5.0090316448648475E-001          1.4098946978903652E+053         -2.3693126993974941E+014 
                             900          9.4621362915155143E+004          1.0062826390123108E+003          5.9561706490655399E+002          8.5561393136912685E+000          2.1389616667631724E+001          2.7390659258971380E+002          1.8050489192620265E+002         -4.6403392767497370E-001         -1.0000000000000000E+000          1.9999345552386323E+000          8.0000118462999770E-001         -4.4407433278108989E+001         -1.0508261961827779E+001         -1.1380147573644638E+001         -9.8999999999999986E+001         -9.8999999999999986E+001         -1.0570900497983384E+001         -9.8999999999999986E+001          8.0000000000000004E-001          1.3431186766010697E-001          1.4099011910494979E+053          2.5050922808786884E+039          0.0000000000000000E+000         -1.3234250931735019E+026         -6.6209169109733996E+034          2.5051584900479305E+039          0.0000000000000000E+000          0.0000000000000000E+000                                1                                2          9.3570682587268836E-008          7.2268018295345666E-008          1.3431186766276043E-001          3.1527713412906661E-001          1.0000000000000000E+000          5.0090547564898624E-001          1.4099011910494979E+053         -2.6257560186558909E+014 
                             910          9.4629521205753772E+004          1.0062960715488492E+003          5.9562236534268118E+002          8.5561012438588282E+000          2.1389521492465651E+001          2.7390903009330020E+002          1.8050649825968452E+002         -4.4950125343087544E-001         -1.0000000000000000E+000          1.9999345549698244E+000          8.0000118466610171E-001         -4.1195789578193896E+001         -1.0460770473350923E+001         -1.1332659241581394E+001         -9.8999999999999986E+001         -9.8999999999999986E+001         -1.0523408519789724E+001         -9.8999999999999986E+001          8.0000000000000004E-001          1.3431089149696368E-001          1.4099074643707898E+053          2.3601208485073485E+039          0.0000000000000000E+000         -1.3233836317800392E+026         -7.3860222981439263E+034          2.3601947087304623E+039          0.0000000000000000E+000          0.0000000000000000E+000                                1                                2          8.8549507277256602E-008          7.2267053626175474E-008          1.3431089149992631E-001          3.1527608497646675E-001          1.0000000000000000E+000          5.0090771752211527E-001          1.4099074643707898E+053         -2.9291573481698844E+014 
                             920          9.4637743388403935E+004          1.0063083329356974E+003          5.9562720362271784E+002          8.5560664940183742E+000          2.1389434616501148E+001          2.7391125506380553E+002          1.8050796453540411E+002         -4.3439612370549341E-001         -1.0000000000000000E+000          1.9999345546663991E+000          8.0000118470685488E-001         -3.8135789184469182E+001         -1.0410199667640894E+001         -1.1282091335904205E+001         -9.8999999999999986E+001         -9.8999999999999986E+001         -1.0472837264143925E+001         -9.8999999999999986E+001          8.0000000000000004E-001          1.3430999462925738E-001          1.4099131906692012E+053          2.0534277833737463E+039          0.0000000000000000E+000         -1.3233455390483169E+026         -8.2981700069255780E+034          2.0535107650739479E+039          0.0000000000000000E+000          0.0000000000000000E+000                                1                                2          8.3732232939281829E-008          7.2266173086611315E-008          1.3430999463263429E-001          3.1527512104930017E-001          1.0000000000000000E+000          5.0090977731902198E-001          1.4099131906692012E+053         -3.2908690965606838E+014 
                             930          9.4646069142434935E+004          1.0063183428662803E+003          5.9563115346907273E+002          8.5560381257368370E+000          2.1389363693269981E+001          2.7391307146852353E+002          1.8050916156795955E+002         -4.1869815370689295E-001         -1.0000000000000000E+000          1.9999345543196914E+000          8.0000118475342097E-001         -3.5222852936187763E+001         -1.0356256809702090E+001         -1.1228150883397570E+001         -9.8999999999999986E+001         -9.8999999999999986E+001         -1.0418894033008545E+001         -9.8999999999999986E+001          8.0000000000000004E-001          1.3430925072690533E-001          1.4099178654287038E+053          1.5163478101007784E+039          0.0000000000000000E+000         -1.3233139434241703E+026         -9.3956307190319221E+034          1.5164417664081010E+039          0.0000000000000000E+000          0.0000000000000000E+000                                1                                2          7.9104404118071113E-008          7.2265454249097102E-008          1.3430925073078873E-001          3.1527432153408796E-001          1.0000000000000000E+000          5.0091148584958167E-001          1.4099178654287038E+053         -3.7260704319486869E+014 
                             940          9.4654512502241385E+004          1.0063244817140383E+003          5.9563357579611454E+002          8.5560207289427677E+000          2.1389320197060020E+001          2.7391418541061023E+002          1.8050989567938765E+002         -4.0245065568658361E-001         -1.0000000000000000E+000          1.9999345539198319E+000          8.0000118480712556E-001         -3.2459611997174832E+001         -1.0298918734824005E+001         -1.1170814354793089E+001         -9.8999999999999986E+001         -9.8999999999999986E+001         -1.0361555718231370E+001         -9.8999999999999986E+001          8.0000000000000004E-001          1.3430877252953416E-001          1.4099207322695705E+053          6.6292803146446527E+038          0.0000000000000000E+000         -1.3232936324128212E+026         -1.0721720910368002E+035          6.6303524867370127E+038          0.0000000000000000E+000          0.0000000000000000E+000                                1                                2          7.4676084754747834E-008          7.2265013410550636E-008          1.3430877253401477E-001          3.1527380761287682E-001          1.0000000000000000E+000          5.0091258419369544E-001          1.4099207322695705E+053         -4.2519445134664344E+014 
                             950          9.4663110050013536E+004          1.0063244709604380E+003          5.9563357152416484E+002          8.5560207609128227E+000          2.1389320270315089E+001          2.7391418342954796E+002          1.8050989439927756E+002         -3.8566259672526915E-001         -1.0000000000000000E+000          1.9999345534531268E+000          8.0000118486980798E-001         -2.9850729619361417E+001         -1.0238156896981357E+001         -1.1110052687741536E+001         -9.8999999999999986E+001         -9.8999999999999986E+001         -1.0300793853891125E+001         -9.8999999999999986E+001          8.0000000000000004E-001          1.3430871971113853E-001          1.4099207270966928E+053         -6.1538376045196637E+038          0.0000000000000000E+000         -1.3232913867067661E+026         -1.2331797645235669E+035         -6.1526044247538168E+038          0.0000000000000000E+000          0.0000000000000000E+000                                1                                2          7.0463550733302677E-008          7.2265014182775790E-008          1.3430871971641253E-001          3.1527375091592696E-001          1.0000000000000000E+000          5.0091270564237533E-001          1.4099207270966928E+053         -4.8904548702365831E+014 
                             960          9.4671931916627946E+004          1.0063150229314680E+003          5.9562984335397789E+002          8.5560475393485795E+000          2.1389387206206816E+001          2.7391246893524914E+002          1.8050876457487468E+002         -3.6828827155539906E-001         -1.0000000000000000E+000          1.9999345528995922E+000          8.0000118494415273E-001         -2.7383962648244378E+001         -1.0173592346172205E+001         -1.1045486192403915E+001         -9.8999999999999986E+001         -9.8999999999999986E+001         -1.0236229604768971E+001         -9.8999999999999986E+001          8.0000000000000004E-001          1.3430932107202262E-001          1.4099163144863592E+053         -2.4699827108554972E+039          0.0000000000000000E+000         -1.3233169232126617E+026         -1.4308375599322231E+035         -2.4698396270993717E+039          0.0000000000000000E+000          0.0000000000000000E+000                                1                                2          6.6448336700954256E-008          7.2265692660123297E-008          1.3430932107828975E-001          3.1527439736996199E-001          1.0000000000000000E+000          5.0091132474345923E-001          1.4099163144863592E+053         -5.6743451766205800E+014 
                             970          9.4680977437359543E+004          1.0062915667856438E+003          5.9562058760687364E+002          8.5561140199913659E+000          2.1389553392677648E+001          2.7390821246872565E+002          1.8050595959250427E+002         -3.5045110359259624E-001         -1.0000000000000000E+000          1.9999345522380247E+000          8.0000118503300821E-001         -2.5073927340522193E+001         -1.0105584939713713E+001         -1.0977473696527047E+001         -9.8999999999999986E+001         -9.8999999999999986E+001         -1.0168222987923873E+001         -9.8999999999999986E+001          8.0000000000000004E-001          1.3431089502785334E-001          1.4099053596316302E+053         -5.0695609487309762E+039          0.0000000000000000E+000         -1.3233837668180269E+026         -1.6733860548730445E+035         -5.0693936101253568E+039          0.0000000000000000E+000          0.0000000000000000E+000                                1                                2          6.2658985852486268E-008          7.2267377136751218E-008          1.3431089503543894E-001          3.1527608920715922E-001          1.0000000000000000E+000          5.0090771027234471E-001          1.4099053596316302E+053         -6.6363341717945050E+014 
                             980          9.4690349634546394E+004          1.0062474808027803E+003          5.9560319120058841E+002          8.5562389749943168E+000          2.1389865757989231E+001          2.7390021234980185E+002          1.8050068754493114E+002         -3.3211357956347182E-001         -1.0000000000000000E+000          1.9999345514323270E+000          8.0000118514122331E-001         -2.2903253143486822E+001         -1.0033768510428070E+001         -1.0905647530017729E+001         -9.8999999999999986E+001         -9.8999999999999986E+001         -1.0096408069379400E+001         -9.8999999999999986E+001          8.0000000000000004E-001          1.3431390641745758E-001          1.4098847695896612E+053         -8.6559264144767880E+039          0.0000000000000000E+000         -1.3235116667551803E+026         -1.9742835492261893E+035         -8.6557289861217327E+039          0.0000000000000000E+000          0.0000000000000000E+000                                1                                2          5.9075386673343920E-008          7.2270543334342601E-008          1.3431390642660668E-001          3.1527932599452591E-001          1.0000000000000000E+000          5.0090079484129957E-001          1.4098847695896612E+053         -7.8298675078222538E+014 
                             990          9.4700128879224154E+004          1.0061733458953023E+003          5.9557393688501270E+002          8.5564491144096735E+000          2.1390391074316124E+001          2.7388675912392932E+002          1.8049182190137108E+002         -3.1329026219300554E-001         -1.0000000000000000E+000          1.9999345504354966E+000          8.0000118527511377E-001         -2.0874478272906387E+001         -9.9582182703855544E+000         -1.0830080801702207E+001         -9.8999999999999986E+001         -9.8999999999999986E+001         -1.0020860387601340E+001         -9.8999999999999986E+001          8.0000000000000004E-001          1.3431900582923889E-001          1.4098501441727194E+053         -1.3494979455888624E+040          0.0000000000000000E+000         -1.3237282752940282E+026         -2.3493872366428073E+035         -1.3494744517164828E+040          0.0000000000000000E+000          0.0000000000000000E+000                                1                                2          5.5711251934082224E-008          7.2275868231951266E-008          1.3431900583273357E-001          3.1528480682288240E-001          1.0000000000000000E+000          5.0088908475327099E-001          1.4098501441727194E+053         -9.3179664314406350E+014 
                            1000          9.4710402834342327E+004          1.0060558954094381E+003          5.9552758839346313E+002          8.5567820753991608E+000          2.1391223430421153E+001          2.7386544478534864E+002          1.8047777578560166E+002         -2.9405028350581680E-001         -1.0000000000000000E+000          1.9999345491829967E+000          8.0000118544335375E-001         -1.8981929645981005E+001         -9.8789737515956038E+000         -1.0750810024627560E+001         -9.8999999999999986E+001         -9.8999999999999986E+001         -9.9416199432653318E+000         -9.8999999999999986E+001          8.0000000000000004E-001          1.3432712726174276E-001          1.4097952844246837E+053         -1.9933481647714024E+040          0.0000000000000000E+000         -1.3240732941949328E+026         -2.8196220810751017E+035         -1.9933199685505785E+040          0.0000000000000000E+000          0.0000000000000000E+000                                1                                2          5.2562252024794301E-008          7.2284305969733857E-008          1.3432712675119340E-001          3.1529353459414500E-001          1.0000000000000000E+000          5.0087043717943436E-001          1.4097952844246837E+053         -1.1183865013542228E+015 
                            1010          9.4721390789509431E+004          1.0058743001591998E+003          5.9545592346556850E+002          8.5572969817168687E+000          2.1392510629083127E+001          2.7383248815696891E+002          1.8045605740163029E+002         -2.7429001478214321E-001         -1.0000000000000000E+000          1.9999345475664423E+000          8.0000118566051204E-001         -1.7211375065175144E+001         -9.7956237988724375E+000         -1.0667419321473526E+001         -9.8999999999999986E+001         -9.8999999999999986E+001         -9.8582763179337576E+000         -9.8999999999999986E+001          8.0000000000000004E-001          1.3433973194672122E-001          1.4097104551061855E+053         -2.8423179239946290E+040          0.0000000000000000E+000         -1.3246078984395435E+026         -3.4160806739692598E+035         -2.8422837631878761E+040          0.0000000000000000E+000          0.0000000000000000E+000                                1                                2          4.9621350306493628E-008          7.2297355797757897E-008          1.3433970640926343E-001          3.1530705298677719E-001          1.0000000000000000E+000          5.0084155386107654E-001          1.4097104551061855E+053         -1.3551348760046980E+015 
                            1020          9.4733243171350550E+004          1.0055994765158378E+003          5.9534745861023555E+002          8.5580764682789159E+000          2.1394459248477553E+001          2.7378260831736162E+002          1.8042318662137046E+002         -2.5412989357773808E-001         -1.0000000000000000E+000          1.9999345454427588E+000          8.0000118594582970E-001         -1.5565272445783133E+001         -9.7085612004832775E+000         -1.0580292180807836E+001         -9.8999999999999986E+001         -9.8999999999999986E+001         -9.7712238722741152E+000         -9.8999999999999986E+001          8.0000000000000004E-001          1.3435969820650034E-001          1.4095820563188160E+053         -3.9425570498109349E+040          0.0000000000000000E+000         -1.3254185126052739E+026         -4.1741818121092333E+035         -3.9425153079928004E+040          0.0000000000000000E+000          0.0000000000000000E+000                                1                                2          4.6904544859001988E-008          7.2317114183864689E-008          1.3435877240672284E-001          3.1532753878898673E-001          1.0000000000000000E+000          5.0079778382267270E-001          1.4095820563188160E+053         -1.6561747756400065E+015 
                            1030          9.4746282611400151E+004          1.0051852127302971E+003          5.9518394215403464E+002          8.5592519869458314E+000          2.1397397903581158E+001          2.7370741185572314E+002          1.8037363218638231E+002         -2.3356029727626532E-001         -1.0000000000000000E+000          1.9999345425723276E+000          8.0000118633158035E-001         -1.3886687808181394E+001         -9.6177238151252737E+000         -1.0489249069749819E+001         -9.8999999999999986E+001         -9.8999999999999986E+001         -9.6804236895624598E+000         -9.8999999999999986E+001          8.0000000000000004E-001          1.3442335959754781E-001          1.4093884663885653E+053         -5.3553428216770477E+040          0.0000000000000000E+000         -1.3266419346943769E+026         -5.1449090791179000E+035         -5.3552913725862429E+040          0.0000000000000000E+000          0.0000000000000000E+000                                1                                2          4.4418381508475711E-008          7.2346918006186953E-008          1.3438752875367693E-001          3.1535842987657242E-001          1.0000000000000000E+000          5.0073178163964283E-001          1.4093884663885653E+053         -2.0418024307327035E+015 
                            1040          9.4760844353918175E+004          1.0045639169099561E+003          5.9493866479164797E+002          8.5610161918985561E+000          2.1401808208262516E+001          2.7359461594353530E+002          1.8029929971187883E+002         -2.1271439442448029E-001         -1.0000000000000000E+000          1.9999345386009553E+000          8.0000118686653443E-001         -1.2483307467600746E+001         -9.5232837931594769E+000         -1.0392434141235647E+001         -9.8999999999999986E+001         -9.8999999999999986E+001         -9.5864583857509533E+000         -9.8999999999999986E+001          8.0000000000000004E-001          1.3516045712341851E-001          1.4090980285394949E+053         -7.1346390024881337E+040          0.0000000000000000E+000         -1.3284810885730233E+026         -6.3934579344381338E+035         -7.1345750679087765E+040          0.0000000000000000E+000          0.0000000000000000E+000                                1                                2          4.2191268004332014E-008          7.2391662633198906E-008          1.3443071474379725E-001          3.1540480676513249E-001          1.0000000000000000E+000          5.0063269221865869E-001          1.4090980285394949E+053         -2.5359473222586705E+015 
                            1050          9.4776662528329631E+004          1.0036802764159877E+003          5.9458973096879652E+002          8.5635278463681264E+000          2.1408087052005484E+001          2.7343415145369477E+002          1.8019355364541852E+002         -1.9269736446212832E-001         -1.0000000000000000E+000          1.9999345332195708E+000          8.0000118761356809E-001         -1.1251505997360081E+001         -9.4246125540824011E+000         -1.0265024012982222E+001         -9.8999999999999986E+001         -9.8999999999999986E+001         -9.4938603753667437E+000         -9.8999999999999986E+001          8.0000000000000004E-001          1.4440709819678760E-001          1.4086847459077695E+053         -9.2332838809984866E+040          0.0000000000000000E+000         -1.3311315916711676E+026         -8.0137876252550464E+035         -9.2332037431222215E+040          0.0000000000000000E+000          0.0000000000000000E+000                                1                                2          4.0312667826141688E-008          7.2455396280289002E-008          1.3449286175651570E-001          3.1547151405432278E-001          1.0000000000000000E+000          5.0049016458371898E-001          1.4086847459077695E+053         -3.1402928347970180E+015 
                            1060          9.4793181335245114E+004          1.0025143116859931E+003          5.9412915561897898E+002          8.5668464958450485E+000          2.1416383279881828E+001          2.7322234625818078E+002          1.8005397409966599E+002         -1.7463357156911982E-001         -1.0000000000000000E+000          1.9999345259429437E+000          8.0000118888367100E-001         -1.0228142377236107E+001         -9.2930575498675356E+000         -9.9670377287989655E+000         -9.8999999999999986E+001         -9.8999999999999986E+001         -9.4094359793647797E+000         -9.8999999999999986E+001          8.0000000000000004E-001          2.1184578188151712E-001          1.4081390479538897E+053         -1.1475727549260213E+041          0.0000000000000000E+000         -1.3346504873645640E+026         -1.0753999371638996E+036         -1.1475620009266483E+041          0.0000000000000000E+000          0.0000000000000000E+000                                1                                2          3.8904294265299431E-008          7.2539664839426603E-008          1.3457520560892747E-001          3.1555984296894657E-001          1.0000000000000000E+000          5.0030144054161874E-001          1.4081390479538897E+053         -3.8168200238162030E+015 
                            1070          9.4810767704953047E+004          1.0010028764323476E+003          5.9353184781853906E+002          8.5711561429036927E+000          2.1427156783502731E+001          2.7294766154304796E+002          1.7987295735212939E+002         -1.5832596848961550E-001         -1.0000000000000000E+000          1.9999345134572273E+000          8.0000119304778039E-001         -9.3702073530827583E+000         -9.0163544426590185E+000         -9.3836503003139349E+000         -9.8999999999999986E+001         -9.8999999999999986E+001         -9.3331196436400283E+000         -9.8999999999999986E+001          8.0000000000000004E-001          4.2924391012315943E-001          1.4074310342295089E+053         -1.3785634452313842E+041          0.0000000000000000E+000         -1.3392379043837824E+026         -1.9762164925911078E+036         -1.3785436830664570E+041          0.0000000000000000E+000          0.0000000000000000E+000                                1                                2          3.7921818582194374E-008          7.2649194001936800E-008          1.3468227358657980E-001          3.1567459646881130E-001          1.0000000000000000E+000          5.0005626236046863E-001          1.4074310342295089E+053         -4.5542528314151110E+015 
                            1080          9.4829929472760734E+004          9.9906025254060899E+002          5.9276369555407655E+002          8.5767081928120259E+000          2.1441035511606660E+001          2.7259440887362672E+002          1.7964016674964600E+002         -1.4360313069791916E-001         -1.0000000000000000E+000          1.9999344785661710E+000          8.0000121347312636E-001         -8.6455251861273563E+000         -8.5390902700549773E+000         -8.7225704521047813E+000         -9.8999999999999986E+001         -9.8999999999999986E+001         -9.2648152938068886E+000         -9.8999999999999986E+001          8.0000000000000004E-001          6.5542019362401538E-001          1.4065200017786097E+053         -1.6076110253601097E+041          0.0000000000000000E+000         -1.3451726535059735E+026         -5.7498084731738112E+036         -1.6075535272753767E+041          0.0000000000000000E+000          0.0000000000000000E+000                                1                                2          3.7341638430670099E-008          7.2790456813288602E-008          1.3482032458576695E-001          3.1582240079840773E-001          1.0000000000000000E+000          4.9974049670920351E-001          1.4065200017786097E+053         -5.3362442971458600E+015 
                            1090          9.4851375378072451E+004          9.9656565147662695E+002          5.9177654866033402E+002          8.5838597401653693E+000          2.1458909748967582E+001          2.7214043949232359E+002          1.7934101534294265E+002         -1.3034049838821163E-001         -1.0000000000000000E+000          1.9999343456456156E+000          8.0000131010324560E-001         -8.0305035402945588E+000         -7.9981235853767298E+000         -8.1217773981500336E+000         -9.8999999999999986E+001         -9.8999999999999986E+001         -9.2047039236161847E+000         -9.8999999999999986E+001          8.0000000000000004E-001          7.5222227068666048E-001          1.4053484395782049E+053         -1.8249453073998389E+041          0.0000000000000000E+000         -1.3528422893925068E+026         -1.9700776268797584E+037         -1.8247482996371494E+041          0.0000000000000000E+000          0.0000000000000000E+000                                1                                2          3.7168849052553221E-008          7.2972665733237939E-008          1.3499798011788630E-001          3.1601236931485671E-001          1.0000000000000000E+000          4.9933478165491318E-001          1.4053484395782049E+053         -6.1377351445312900E+015 
                            1100          9.4876365116637578E+004          9.9331756109949617E+002          5.9048999583704415E+002          8.5932103209262323E+000          2.1482269159407842E+001          2.7154875239486466E+002          1.7895115361761572E+002         -1.1840087758203141E-001         -1.0000000000000000E+000          1.9999338310900849E+000          8.0000170889612809E-001         -7.5066006500303271E+000         -7.4954122128504057E+000         -7.6015990426128628E+000         -9.8999999999999986E+001         -9.8999999999999986E+001         -9.1531085502272393E+000         -9.8999999999999986E+001          8.0000000000000004E-001          7.8309269053322728E-001          1.4038203259081422E+053         -2.0202962337044358E+041          0.0000000000000000E+000         -1.3629005587706065E+026         -6.2354402968557952E+037         -2.0196726896747490E+041          0.0000000000000000E+000          0.0000000000000000E+000                                1                                2          3.7450970960570421E-008          7.3211282085796282E-008          1.3522974763236265E-001          3.1625986627636848E-001          1.0000000000000000E+000          4.9880670489180173E-001          1.4038203259081422E+053         -6.9257178080888310E+015 
                            1110          9.4907414965895761E+004          9.8892661394364859E+002          5.8874851511108318E+002          8.6059264357454683E+000          2.1513998783382089E+001          2.7074775232716314E+002          1.7842351605383058E+002         -1.0776901390860574E-001         -1.0000000000000000E+000          1.9999319711924231E+000          8.0000317904042084E-001         -7.0635922661525896E+000         -7.0591127797081219E+000         -7.1597400668296958E+000         -9.8999999999999986E+001         -9.8999999999999986E+001         -9.1111633074930243E+000         -9.8999999999999986E+001          8.0000000000000004E-001          7.9318174952028375E-001          1.4017500847750948E+053         -2.1739148277931696E+041          0.0000000000000000E+000         -1.3765892250817975E+026         -1.6979771924992706E+038         -2.1722168506006691E+041          0.0000000000000000E+000          0.0000000000000000E+000                                1                                2          3.8321984958755685E-008          7.3536348543021688E-008          1.3554313438021204E-001          3.1659412035277490E-001          1.0000000000000000E+000          4.9809523347247370E-001          1.4017500847750948E+053         -7.6484333262131860E+015 
                            1120          9.4953403260487044E+004          9.8210166434849179E+002          5.8603651105124300E+002          8.6258771220507420E+000          2.1563653190077218E+001          2.6950005017811583E+002          1.7760209680256165E+002         -9.8652946574410691E-002         -1.0000000000000000E+000          1.9999251331278249E+000          8.0000862096965564E-001         -6.7049615374481348E+000         -6.7028649421136324E+000         -6.8015143548889947E+000         -9.8999999999999986E+001         -9.8999999999999986E+001         -9.0836801715710767E+000         -9.8999999999999986E+001          8.0000000000000004E-001          7.9680231504407772E-001          1.3985229360678293E+053         -2.2387188100724529E+041          0.0000000000000000E+000         -1.3977316020152926E+026         -3.8460319425128377E+038         -2.2348727781299385E+041          0.0000000000000000E+000          0.0000000000000000E+000                                1                                2          4.0271351628460899E-008          7.4047376973617973E-008          1.3602304435994617E-001          3.1710560722863990E-001          1.0000000000000000E+000          4.9701241570425098E-001          1.3985229360678293E+053         -8.1814588842593990E+015 
                            1130          9.5028823698581764E+004          9.7134214877747513E+002          5.8174814972804495E+002          8.6577722631871321E+000          2.1642805230191090E+001          2.6752657375689137E+002          1.7630370551635212E+002         -9.6403390738637337E-002         -1.0000000000000000E+000          1.9999071674103497E+000          8.0002294613828095E-001         -6.6408304841564743E+000         -6.6390868145173769E+000         -6.7374417715240211E+000         -9.8999999999999986E+001         -9.8999999999999986E+001         -9.1001812061495908E+000         -9.8999999999999986E+001          8.0000000000000004E-001          7.9734273773944075E-001          1.3934099873803654E+053         -2.0223856191471741E+041          0.0000000000000000E+000         -1.4337718975183913E+026         -4.4379458622904323E+038         -2.0179476732848823E+041          0.0000000000000000E+000          0.0000000000000000E+000                                1                                2          4.4664516844200596E-008          7.4867596611511091E-008          1.3682870078205236E-001          3.1796173588124843E-001          1.0000000000000000E+000          4.9520965261545785E-001          1.3934099873803654E+053         -7.9304714718261820E+015 
                            1140          9.5100191057727017E+004          9.6287855773820650E+002          5.7836376848609086E+002          8.6831680983828221E+000          2.1705921703587645E+001          2.6596933643965860E+002          1.7527880802793678E+002         -1.0490033083648589E-001         -1.0000000000000000E+000          1.9998958205371766E+000          8.0003198325862035E-001         -7.0146256207640514E+000         -7.0110883055807793E+000         -7.1109256168826906E+000         -9.8999999999999986E+001         -9.8999999999999986E+001         -9.1662057096939016E+000         -9.8999999999999986E+001          8.0000000000000004E-001          7.9462584945233594E-001          1.3893593048744598E+053         -1.5968441200312410E+041          0.0000000000000000E+000         -1.4643289003300390E+026         -1.8795441111841985E+038         -1.5949645759200553E+041          0.0000000000000000E+000          0.0000000000000000E+000                                1                                2          4.9654847645455111E-008          7.5525674117464907E-008          1.3749722274924170E-001          3.1866622489715246E-001          1.0000000000000000E+000          4.9372102283391522E-001          1.3893593048744598E+053         -6.8506045986682930E+015 
                            1150          9.5154472413188632E+004          9.5793930055411170E+002          5.7638415060022248E+002          8.6980935097687659E+000          2.1743134515929242E+001          2.6505874973526250E+002          1.7467906719756223E+002         -1.1676274362611579E-001         -1.0000000000000000E+000          1.9998928161510792E+000          8.0003436080722112E-001         -7.5418190434516692E+000         -7.5318591794261680E+000         -7.6369958081416645E+000         -9.8999999999999986E+001         -9.8999999999999986E+001         -9.2408045405827615E+000         -9.8999999999999986E+001          8.0000000000000004E-001          7.8498863892775816E-001          1.3869817174729090E+053         -1.2202141530355624E+041          0.0000000000000000E+000         -1.4832180193849408E+026         -5.6640034755123645E+037         -1.2196477526880098E+041          0.0000000000000000E+000          0.0000000000000000E+000                                1                                2          5.3870563644945785E-008          7.5915094123776897E-008          1.3790339682758365E-001          3.1909077877143793E-001          1.0000000000000000E+000          4.9281811962845906E-001          1.3869817174729090E+053         -5.7891696326258760E+015 
                            1160          9.5199318789638448E+004          9.5484138744292147E+002          5.7514080981784400E+002          8.7074964140526898E+000          2.1766616940276496E+001          2.6448692809092728E+002          1.7430230680840057E+002         -1.2937339819475879E-001         -1.0000000000000000E+000          1.9998921098423983E+000          8.0003490770870989E-001         -8.1259278635512953E+000         -8.0941900567135843E+000         -8.2171887385245483E+000         -9.8999999999999986E+001         -9.8999999999999986E+001         -9.3107390728763963E+000         -9.8999999999999986E+001          8.0000000000000004E-001          7.5335785035395286E-001          1.3854854508520542E+053         -9.2818792202941332E+040          0.0000000000000000E+000         -1.4949006767420887E+026         -1.5573880578493336E+037         -9.2803218322362696E+040          0.0000000000000000E+000          0.0000000000000000E+000                                1                                2          5.7339433265935566E-008          7.6161395099536966E-008          1.3815206635010960E-001          3.1934951672215994E-001          1.0000000000000000E+000          4.9226613368150401E-001          1.3854854508520542E+053         -4.9384376261572000E+015 
                            1170          9.5241253746187882E+004          9.5268090651280227E+002          5.7427291376032952E+002          8.7140751573964295E+000          2.1783056930949432E+001          2.6408780102806946E+002          1.7403929288438277E+002         -1.4310751919243869E-001         -1.0000000000000000E+000          1.9998919367645054E+000          8.0003503176252455E-001         -8.7948030816587597E+000         -8.6807985517340214E+000         -8.8697370842535488E+000         -9.8999999999999986E+001         -9.8999999999999986E+001         -9.3820735970344380E+000         -9.8999999999999986E+001          8.0000000000000004E-001          6.4723421498107414E-001          1.3844398040645582E+053         -6.8238253610348949E+040          0.0000000000000000E+000         -1.5031048553615587E+026         -4.0965033729871310E+036         -6.8234157106975809E+040          0.0000000000000000E+000          0.0000000000000000E+000                                1                                2          6.0640875343813363E-008          7.6334113205461990E-008          1.3832560491026819E-001          3.1952961773876476E-001          1.0000000000000000E+000          4.9188140923610091E-001          1.3844398040645582E+053         -4.1965048365249050E+015 
                            1180          9.5282780310413975E+004          9.5115624680873407E+002          5.7366004218050648E+002          8.7187290837534661E+000          2.1794689393960038E+001          2.6380596022083517E+002          1.7385355837188854E+002         -1.5822477726486719E-001         -1.0000000000000000E+000          1.9998918895509110E+000          8.0003505746782444E-001         -9.5736976047863873E+000         -9.1721955489892206E+000         -9.5691511671569867E+000         -9.8999999999999986E+001         -9.8999999999999986E+001         -9.4564045735339501E+000         -9.8999999999999986E+001          8.0000000000000004E-001          4.0090768547112748E-001          1.3837008778146435E+053         -4.7176727928148736E+040          0.0000000000000000E+000         -1.5089476403414968E+026         -1.3695222312999730E+036         -4.7175358405917281E+040          0.0000000000000000E+000          0.0000000000000000E+000                                1                                2          6.3979908126900906E-008          7.6456473277049206E-008          1.3844867482416767E-001          3.1965714095127767E-001          1.0000000000000000E+000          4.9160887245772511E-001          1.3837008778146435E+053         -3.5400142989929485E+015 
                            1190          9.5323609417818050E+004          9.5016647150636095E+002          5.7326200424082447E+002          8.7217555152355111E+000          2.1802254371053611E+001          2.6362291580816503E+002          1.7373292963547297E+002         -1.7445076555835490E-001         -1.0000000000000000E+000          1.9998918702040622E+000          8.0003506297885729E-001         -1.0464203570461834E+001         -9.4265420903910808E+000         -1.0127291697519784E+001         -9.8999999999999986E+001         -9.8999999999999986E+001         -9.5330693096890187E+000         -9.8999999999999986E+001          8.0000000000000004E-001          1.9918213944025223E-001          1.3832207489258105E+053         -2.9618345583640956E+040          0.0000000000000000E+000         -1.5128008501289847E+026         -7.8457116809021174E+035         -2.9617561012472716E+040          0.0000000000000000E+000          0.0000000000000000E+000                                1                                2          6.7411084015911733E-008          7.6536116930267356E-008          1.3852960852327023E-001          3.1974092042516800E-001          1.0000000000000000E+000          4.9142979724374902E-001          1.3832207489258105E+053         -2.9691687728141625E+015 
                            1200          9.5363006183909310E+004          9.4961027239799341E+002          5.7303826803563015E+002          8.7234580428310178E+000          2.1806510078586541E+001          2.6352002698690103E+002          1.7366512448443788E+002         -1.9126704897703398E-001         -1.0000000000000000E+000          1.9998918575334048E+000          8.0003506505718036E-001         -1.1452463724596537E+001         -9.5397051369452353E+000         -1.0373388379881625E+001         -9.8999999999999986E+001         -9.8999999999999986E+001         -9.6098300188180374E+000         -9.8999999999999986E+001          8.0000000000000004E-001          1.4666171429708544E-001          1.3829507940983894E+053         -1.5671799744039345E+040          0.0000000000000000E+000         -1.5150106892031488E+026         -6.0900925737672323E+035         -1.5671190734781818E+040          0.0000000000000000E+000          0.0000000000000000E+000                                1                                2          7.0911234099187367E-008          7.6580945131090248E-008          1.3857594414637153E-001          3.1978885735396195E-001          1.0000000000000000E+000          4.9132733145479524E-001          1.3829507940983894E+053         -2.4891024635493245E+015 
                            1210          9.5403555859784552E+004          9.4936670070590105E+002          5.7294027503232508E+002          8.7242040507337943E+000          2.1808374760809187E+001          2.6347496310920081E+002          1.7363542701823403E+002         -2.0987335141759786E-001         -1.0000000000000000E+000          1.9998918470347513E+000          8.0003506654168910E-001         -1.2629752344503810E+001         -9.6253267569769623E+000         -1.0481526143754316E+001         -9.8999999999999986E+001         -9.8999999999999986E+001         -9.6905505000375154E+000         -9.8999999999999986E+001          8.0000000000000004E-001          1.3925173444621791E-001          1.3828325401079121E+053         -4.4722663265564171E+039          0.0000000000000000E+000         -1.5160175557716442E+026         -5.0053160380606713E+035         -4.4717657949524593E+039          0.0000000000000000E+000          0.0000000000000000E+000                                1                                2          7.4662732989441479E-008          7.6600592913526411E-008          1.3859703726201400E-001          3.1981067346861791E-001          1.0000000000000000E+000          4.9128070178381106E-001          1.3828325401079121E+053         -2.0672786921068100E+015 
                            1220          9.5448053306598275E+004          9.4939563191933507E+002          5.7295191436214088E+002          8.7241154624051127E+000          2.1808153173849568E+001          2.6348031530304542E+002          1.7363895471982599E+002         -2.3192158372720076E-001         -1.0000000000000000E+000          1.9998918376512498E+000          8.0003506784390666E-001         -1.4153191410389201E+001         -9.7193048006785112E+000         -1.0577474914497099E+001         -9.8999999999999986E+001         -9.8999999999999986E+001         -9.7841143722893964E+000         -9.8999999999999986E+001          8.0000000000000004E-001          1.3862127408453956E-001          1.3828465839743394E+053          5.0240834330204717E+039          0.0000000000000000E+000         -1.5160118792117347E+026         -4.0317340885674072E+035          5.0244866064294799E+039          0.0000000000000000E+000          0.0000000000000000E+000                                1                                2          7.9309534725239989E-008          7.6598258641039529E-008          1.3859691965759313E-001          3.1981055341251341E-001          1.0000000000000000E+000          4.9128096475222260E-001          1.3828465839743394E+053         -1.6666128587451708E+015 
                            1230          9.5494035615110362E+004          9.4966406984865455E+002          5.7305990877081797E+002          8.7232934063517398E+000          2.1806098121128969E+001          2.6352997784481829E+002          1.7367168376714540E+002         -2.5625580714468826E-001         -1.0000000000000000E+000          1.9998918298992041E+000          8.0003506891829157E-001         -1.5808585137385615E+001         -9.8191175927377152E+000         -1.0677422319454349E+001         -9.8999999999999986E+001         -9.8999999999999986E+001         -9.8839018952730395E+000         -9.8999999999999986E+001          8.0000000000000004E-001          1.3857831401810128E-001          1.3829769007897342E+053          1.1758811879724277E+040          0.0000000000000000E+000         -1.5150912746237763E+026         -3.2040615791484217E+035          1.1759132285882344E+040          0.0000000000000000E+000          0.0000000000000000E+000                                1                                2          8.4718653448781274E-008          7.6576606902712365E-008          1.3857763643739410E-001          3.1979061226051231E-001          1.0000000000000000E+000          4.9132359861107999E-001          1.3829769007897342E+053         -1.3242715687321340E+015 
                            1240          9.5542808292485846E+004          9.5011633559100846E+002          5.7324183573744358E+002          8.7219090804381043E+000          2.1802637550117584E+001          2.6361363939793449E+002          1.7372681879621308E+002         -2.8279481725305361E-001         -1.0000000000000000E+000          1.9998918234201382E+000          8.0003506981603489E-001         -1.8044610821668300E+001         -9.9248171170954738E+000         -1.0783230429043901E+001         -9.8999999999999986E+001         -9.8999999999999986E+001         -9.9895838513398694E+000         -9.8999999999999986E+001          8.0000000000000004E-001          1.3854367006569770E-001          1.3831964058067258E+053          1.5864074068030257E+040          0.0000000000000000E+000         -1.5134706625888994E+026         -2.5121014269300697E+035          1.5864325278173102E+040          0.0000000000000000E+000          0.0000000000000000E+000                                1                                2          9.1106757349208406E-008          7.6540155602307912E-008          1.3854366511225513E-001          3.1975547213455674E-001          1.0000000000000000E+000          4.9139872216433894E-001          1.3831964058067258E+053         -1.0379381983163860E+015 
                            1250          9.5597659749904313E+004          9.5072413277383669E+002          5.7348628100359133E+002          8.7200500664104936E+000          2.1797990386935329E+001          2.6372605093277957E+002          1.7380090061298529E+002         -3.1180482540765425E-001         -1.0000000000000000E+000          1.9998918177497502E+000          8.0003507060149492E-001         -2.0817402026264876E+001         -1.0035894404994464E+001         -1.0894452688587702E+001         -9.8999999999999986E+001         -9.8999999999999986E+001         -1.0100637827934529E+001         -9.8999999999999986E+001          8.0000000000000004E-001          1.3849743058380024E-001          1.3834912885232550E+053          1.7619131814051143E+040          0.0000000000000000E+000         -1.5112674584308098E+026         -1.9453985432999107E+035          1.7619326353905624E+040          0.0000000000000000E+000          0.0000000000000000E+000                                1                                2          9.8763964470493105E-008          7.6491223541634763E-008          1.3849743063199776E-001          3.1970762892708782E-001          1.0000000000000000E+000          4.9150099932469438E-001          1.3834912885232550E+053         -8.0343223926307125E+014 
                            1260          9.5663306023793935E+004          9.5147828748090501E+002          5.7378951637729563E+002          8.7177455976496585E+000          2.1792229702704262E+001          2.6386549797361101E+002          1.7389279936133369E+002         -3.4322487187912515E-001         -1.0000000000000000E+000          1.9998918125349947E+000          8.0003507132356633E-001         -2.4292217373575660E+001         -1.0151445178853812E+001         -1.1010183796602732E+001         -9.8999999999999986E+001         -9.8999999999999986E+001         -1.0216159617781992E+001         -9.8999999999999986E+001          8.0000000000000004E-001          1.3843993357761422E-001          1.3838570048769649E+053          1.7422644102200057E+040          0.0000000000000000E+000         -1.5085314390335589E+026         -1.4911397622408757E+035          1.7422793216176432E+040          0.0000000000000000E+000          0.0000000000000000E+000                                1                                2          1.0806393906129371E-007          7.6430595551440622E-008          1.3843993363403842E-001          3.1964810289074863E-001          1.0000000000000000E+000          4.9162824826606627E-001          1.3838570048769649E+053         -6.1548595445796550E+014 
                            1270          9.5751997181022729E+004          9.5243466928562339E+002          5.7417394940060854E+002          8.7148266800230267E+000          2.1784933044658001E+001          2.6404228493553160E+002          1.7400930589496562E+002         -3.7634774835199081E-001         -1.0000000000000000E+000          1.9998918071745415E+000          8.0003507206545887E-001         -2.8618576056236112E+001         -1.0268575066669579E+001         -1.1127540074803068E+001         -9.8999999999999986E+001         -9.8999999999999986E+001         -1.0333253139020789E+001         -9.8999999999999986E+001          8.0000000000000004E-001          1.3836778598274996E-001          1.3843205108870202E+053          1.5800316223861168E+040          0.0000000000000000E+000         -1.5051043238756336E+026         -1.1388443787092341E+035          1.5800430108299188E+040          0.0000000000000000E+000          0.0000000000000000E+000                                1                                2          1.1925002220006065E-007          7.6353848207747206E-008          1.3836778604659344E-001          3.1957336493138827E-001          1.0000000000000000E+000          4.9178801183097715E-001          1.3843205108870202E+053         -4.6974467803986288E+014 
                            1280          9.5929419906913346E+004          9.5415686487627511E+002          5.7486588933550195E+002          8.7095803043071047E+000          2.1771818267312486E+001          2.6436048334275745E+002          1.7421900564407534E+002         -3.9443504561400194E-001         -1.0000000000000000E+000          1.9998917988109102E+000          8.0003507322215550E-001         -3.2086102986415661E+001         -1.0345663435853735E+001         -1.1205008526502539E+001         -9.8999999999999986E+001         -9.8999999999999986E+001         -1.0410280502503486E+001         -9.8999999999999986E+001          8.0000000000000004E-001          1.3824674329888889E-001          1.3851543835585448E+053          1.4946195032537635E+040          0.0000000000000000E+000         -1.4993697272548442E+026         -9.5390092873225758E+034          1.4946290422630657E+040          0.0000000000000000E+000          0.0000000000000000E+000                                1                                2          1.2854761813998695E-007          7.6216034117052876E-008          1.3824674343785257E-001          3.1944786596122621E-001          1.0000000000000000E+000          4.9205627653258122E-001          1.3851543835585448E+053         -3.9300078401767275E+014 
                            1290          9.6151924292552270E+004          9.5652753650089903E+002          5.7581769198427173E+002          8.7023790738699525E+000          2.1753816783013740E+001          2.6479818330183690E+002          1.7450745955683104E+002         -3.5278320465520535E-001         -1.0000000000000000E+000          1.9998917870989958E+000          8.0003507484002934E-001         -2.6272870611924215E+001         -1.0202781256579103E+001         -1.1062726165977379E+001         -9.8999999999999986E+001         -9.8999999999999986E+001         -1.0267302174385781E+001         -9.8999999999999986E+001          8.0000000000000004E-001          1.3805593785552409E-001          1.3863006031678543E+053          1.6737373163395679E+040          0.0000000000000000E+000         -1.4903683126261082E+026         -1.3261289895798686E+035          1.6737505776294786E+040          0.0000000000000000E+000          0.0000000000000000E+000                                1                                2          1.1107265503333585E-007          7.6027139200254535E-008          1.3805593796830151E-001          3.1924975442436976E-001          1.0000000000000000E+000          4.9247973683763008E-001          1.3863006031678543E+053         -5.4535057741124975E+014 
                            1300          9.6357665730382316E+004          9.5868763368798056E+002          5.7668426623470214E+002          8.6958381959967159E+000          2.1737465966360936E+001          2.6519668961120681E+002          1.7477008423876990E+002         -3.2429006500333807E-001         -1.0000000000000000E+000          1.9998917718028362E+000          8.0003507695032527E-001         -2.2604167133514579E+001         -1.0088200840778510E+001         -1.0948639304341537E+001         -9.8999999999999986E+001         -9.8999999999999986E+001         -1.0152642759042889E+001         -9.8999999999999986E+001          8.0000000000000004E-001          1.3789913323833533E-001          1.3873433607402508E+053          1.5252649047758768E+040          0.0000000000000000E+000         -1.4830058523514113E+026         -1.7271519510012685E+035          1.5252821762954015E+040          0.0000000000000000E+000          0.0000000000000000E+000                                1                                2          9.8416304587465051E-008          7.5855836260947215E-008          1.3789913351316099E-001          3.1908668908532201E-001          1.0000000000000000E+000          4.9282827362738374E-001          1.3873433607402508E+053         -7.0919005841313375E+014 
                            1310          9.6654268669150944E+004          9.6130980728330803E+002          5.7773533898643780E+002          8.6879245035494534E+000          2.1717683317135773E+001          2.6568003993750659E+002          1.7508862336240884E+002         -3.3687630698262672E-001         -1.0000000000000000E+000          1.9998917474125049E+000          8.0003508031090131E-001         -2.3464092571099254E+001         -1.0112885680186929E+001         -1.0973980114482012E+001         -9.8999999999999986E+001         -9.8999999999999986E+001         -1.0177222763148347E+001         -9.8999999999999986E+001          8.0000000000000004E-001          1.3769100368911036E-001          1.3886070749336973E+053          1.2670215980785147E+040          0.0000000000000000E+000         -1.4732819993640774E+026         -1.6325387775527819E+035          1.2670379234663050E+040          0.0000000000000000E+000          0.0000000000000000E+000                                1                                2          9.6774574952474237E-008          7.5648923599297532E-008          1.3769100391604877E-001          3.1886989053135639E-001          1.0000000000000000E+000          4.9329164085673993E-001          1.3886070749336973E+053         -6.6899339317008612E+014 
                            1320          9.6909590758678532E+004          9.6336923963327683E+002          5.7856017259794407E+002          8.6817293035037242E+000          2.1702196584741248E+001          2.6605935113748279E+002          1.7533859817384160E+002         -3.7093307024076139E-001         -1.0000000000000000E+000          1.9998917302931398E+000          8.0003508266662082E-001         -2.7629975304154168E+001         -1.0230974822400524E+001         -1.1092573856507368E+001         -9.8999999999999986E+001         -9.8999999999999986E+001         -1.0295231386579825E+001         -9.8999999999999986E+001          8.0000000000000004E-001          1.3753111561804587E-001          1.3895979754445693E+053          1.1894786720224562E+040          0.0000000000000000E+000         -1.4658494344367971E+026         -1.2443466833258155E+035          1.1894911154893042E+040          0.0000000000000000E+000          0.0000000000000000E+000                                1                                2          1.0518082963988787E-007          7.5487205917134435E-008          1.3753111578036539E-001          3.1870306378309543E-001          1.0000000000000000E+000          4.9364818526569237E-001          1.3895979754445693E+053         -5.0912929495649175E+014 
                            1330          9.7173916404174350E+004          9.6529515260773042E+002          5.7933099817789264E+002          8.6759517053975426E+000          2.1687753812650321E+001          2.6641382608961305E+002          1.7557220517847239E+002         -4.0894443350034504E-001         -1.0000000000000000E+000          1.9998917171087338E+000          8.0003508447883764E-001         -3.3360688837688272E+001         -1.0360313071726244E+001         -1.1222378498169794E+001         -9.8999999999999986E+001         -9.8999999999999986E+001         -1.0424495310275841E+001         -9.8999999999999986E+001          8.0000000000000004E-001          1.3738349912441691E-001          1.3905233566620680E+053          1.0345443876691664E+040          0.0000000000000000E+000         -1.4590161024114602E+026         -9.2418121338833079E+034          1.0345536294813149E+040          0.0000000000000000E+000          0.0000000000000000E+000                                1                                2          1.1719426779667954E-007          7.5336597278016849E-008          1.3738349925922869E-001          3.1854882553921554E-001          1.0000000000000000E+000          4.9397781181891709E-001          1.3905233566620680E+053         -3.7759257446520462E+014 
                            1340          9.7554021317344595E+004          9.6758095940536214E+002          5.8024520246078350E+002          8.6691143606900685E+000          2.1670661922027943E+001          2.6683423580394526E+002          1.7584926459680389E+002         -4.4602423341191721E-001         -1.0000000000000000E+000          1.9998917031009884E+000          8.0003508640197885E-001         -4.0333833225191576E+001         -1.0481250827888729E+001         -1.1343843311370929E+001         -9.8999999999999986E+001         -9.8999999999999986E+001         -1.0545349184397903E+001         -9.8999999999999986E+001          8.0000000000000004E-001          1.3721687250705034E-001          1.3916200676623845E+053          8.3614800774378294E+039          0.0000000000000000E+000         -1.4513358306117503E+026         -6.9983063156708897E+034          8.3615500605011308E+039          0.0000000000000000E+000          0.0000000000000000E+000                                1                                2          1.3123357714431644E-007          7.5158622603655364E-008          1.3721687269806640E-001          3.1837447588268808E-001          1.0000000000000000E+000          4.9435040554605414E-001          1.3916200676623845E+053         -2.8546878847656800E+014 
                            1350          9.8646171942454836E+004          9.7295554340477634E+002          5.8239192634214680E+002          8.6531223220489810E+000          2.1630685266953261E+001          2.6782143701034397E+002          1.7649985230836683E+002         -4.6812925565778013E-001         -1.0000000000000000E+000          1.9998916702773615E+000          8.0003509089910363E-001         -4.5168540214281379E+001         -1.0545776365327120E+001         -1.1409620453558686E+001         -9.8999999999999986E+001         -9.8999999999999986E+001         -1.0609675998871385E+001         -9.8999999999999986E+001          8.0000000000000004E-001          1.3682199285476451E-001          1.3941919602974937E+053          6.6401688970770640E+039          0.0000000000000000E+000         -1.4332739449292788E+026         -6.0377852406605504E+034          6.6402292749296141E+039          0.0000000000000000E+000          0.0000000000000000E+000                                1                                2          1.3564383291510572E-007          7.4743448104469067E-008          1.3682199317880819E-001          3.1796024014931801E-001          1.0000000000000000E+000          4.9523559736934181E-001          1.3941919602974937E+053         -2.4534741677227341E+014 
                            1360          9.9416214324098488E+004          9.7591830978895075E+002          5.8357362812192082E+002          8.6443569099653903E+000          2.1608773597026072E+001          2.6836485914885628E+002          1.7685797977255004E+002         -4.9541786334218824E-001         -1.0000000000000000E+000          1.9998916504265127E+000          8.0003509361242797E-001         -5.2155494546375266E+001         -1.0626096370550677E+001         -1.1490700976539578E+001         -9.8999999999999986E+001         -9.8999999999999986E+001         -1.0689875576923525E+001         -9.8999999999999986E+001          8.0000000000000004E-001          1.3658260574796949E-001          1.3956056806131747E+053          5.1775571143475152E+039          0.0000000000000000E+000         -1.4224190320535929E+026         -5.0211780447811543E+034          5.1776073261281055E+039          0.0000000000000000E+000          0.0000000000000000E+000                                1                                2          1.4609353824092632E-007          7.4516536309434611E-008          1.3658260593519592E-001          3.1770839606573598E-001          1.0000000000000000E+000          4.9577373935081581E-001          1.3956056806131747E+053         -2.0356399560981650E+014 
                            1370          1.0026519281834306E+005          9.7824184176326105E+002          5.8449953409423142E+002          8.6375074828146143E+000          2.1591651443095831E+001          2.6879064990029804E+002          1.7713858564495879E+002         -5.2016356620779280E-001         -1.0000000000000000E+000          1.9998916321386033E+000          8.0003509610836610E-001         -5.9622430951977627E+001         -1.0696220046776750E+001         -1.1561390127054548E+001         -9.8999999999999986E+001         -9.8999999999999986E+001         -1.0759909869092281E+001         -9.8999999999999986E+001          8.0000000000000004E-001          1.3640488372856496E-001          1.3967123809498249E+053          3.2938378110259408E+039          0.0000000000000000E+000         -1.4144062342757074E+026         -4.2743066216726138E+034          3.2938805540922989E+039          0.0000000000000000E+000          0.0000000000000000E+000                                1                                2          1.5782327835235266E-007          7.4339543721980218E-008          1.3640488393706607E-001          3.1752107335438512E-001          8.0676645329029029E-001          4.9617400088628877E-001          1.3967123809498249E+053         -1.7298634244464809E+014 
                            1380          1.0129940515158037E+005          9.7997764226216339E+002          5.8519075585612825E+002          8.6324047586012256E+000          2.1578895604775955E+001          2.6910851765360212E+002          1.7734806808871525E+002         -5.4220887306175924E-001         -1.0000000000000000E+000          1.9998916128818973E+000          8.0003509873357181E-001         -6.7390436325208654E+001         -1.0756465559514284E+001         -1.1622066593309851E+001         -9.8999999999999986E+001         -9.8999999999999986E+001         -1.0820087351794294E+001         -9.8999999999999986E+001          8.0000000000000004E-001          1.3626959532264815E-001          1.3975379994136148E+053          2.0194813332841044E+039          0.0000000000000000E+000         -1.4083327080883669E+026         -3.7218581377561683E+034          2.0195185518656228E+039          0.0000000000000000E+000          0.0000000000000000E+000                                1                                2          1.7023180658457100E-007          7.4207868659697247E-008          1.3626959552036183E-001          3.1737827537231011E-001          6.2079704954380821E-001          4.9647912100058100E-001          1.3975379994136148E+053         -1.5043030982143650E+014 
                            1390          1.0237381452705577E+005          9.8109205549668991E+002          5.8563431647210780E+002          8.6291350881153903E+000          2.1570721976275891E+001          2.6931249486923588E+002          1.7748249422773924E+002         -5.6297906694434197E-001         -1.0000000000000000E+000          1.9998915953238328E+000          8.0003510112531562E-001         -7.5823395271546588E+001         -1.0811005048249500E+001         -1.1676883685879616E+001         -9.8999999999999986E+001         -9.8999999999999986E+001         -1.0874583059543927E+001         -9.8999999999999986E+001          8.0000000000000004E-001          1.3618251875113405E-001          1.3980675449898373E+053          1.2470589728486498E+039          0.0000000000000000E+000         -1.4044354472224362E+026         -3.2832966260494675E+034          1.2470918058150508E+039          0.0000000000000000E+000          0.0000000000000000E+000                                1                                2          1.8433845235988063E-007          7.4123576639924954E-008          1.3618251893326538E-001          3.1728627374752094E-001          4.7986897661192135E-001          4.9667570377359832E-001          1.3980675449898373E+053         -1.3259228573350150E+014 
                            1400          1.0354049337885858E+005          9.8184002157908867E+002          5.8593192868508538E+002          8.6269433602056811E+000          2.1565242949508228E+001          2.6944935560187645E+002          1.7757268918494438E+002         -5.8254157520597516E-001         -1.0000000000000000E+000          1.9998915784157809E+000          8.0003510342732853E-001         -8.5014777563277249E+001         -1.0860547194113467E+001         -1.1726610684598151E+001         -9.8999999999999986E+001         -9.8999999999999986E+001         -1.0924096070171624E+001         -9.8999999999999986E+001          8.0000000000000004E-001          1.3612456643611143E-001          1.3984227361501280E+053          7.7579550680682705E+038          0.0000000000000000E+000         -1.4018468220547496E+026         -2.9297306570436231E+034          7.7582480411353762E+038          0.0000000000000000E+000          0.0000000000000000E+000                                1                                2          2.0015691042345475E-007          7.4067109272518619E-008          1.3612456661696484E-001          3.1722500435345946E-001          3.7337776429380465E-001          4.9680662229777051E-001          1.3984227361501280E+053         -1.1824730697520836E+014 
                            1410          1.0482524122441749E+005          9.8235603237926978E+002          5.8613720261666799E+002          8.6254326330085789E+000          2.1561466260430844E+001          2.6954375323336632E+002          1.7763490007205294E+002         -6.0090943992274504E-001         -1.0000000000000000E+000          1.9998915616996706E+000          8.0003510570241432E-001         -9.4973003522674674E+001         -1.0905398432333730E+001         -1.1771589516944625E+001         -9.8999999999999986E+001         -9.8999999999999986E+001         -1.0968927206255229E+001         -9.8999999999999986E+001          8.0000000000000004E-001          1.3608457941197413E-001          1.3986676705608488E+053          4.8804373711284425E+038          0.0000000000000000E+000         -1.4000630451051662E+026         -2.6425161326791671E+034          4.8807016227431107E+038          0.0000000000000000E+000          0.0000000000000000E+000                                1                                2          2.1748870232330321E-007          7.4028203390065543E-008          1.3608457958960396E-001          3.1718271064660497E-001          2.9367552902477484E-001          4.9689699698137152E-001          1.3986676705608488E+053         -1.0661355532101655E+014 
                            1420          1.0624146170646460E+005          9.8271651173980774E+002          5.8628058305538889E+002          8.6243778998847489E+000          2.1558829444771003E+001          2.6960968823783350E+002          1.7767835350070138E+002         -6.1775807205749356E-001         -1.0000000000000000E+000          1.9998915449819534E+000          8.0003510797716837E-001         -9.8999999999999986E+001         -1.0944961079466523E+001         -1.1811240832325277E+001         -9.8999999999999986E+001         -9.8999999999999986E+001         -1.1008475887951992E+001         -9.8999999999999986E+001          8.0000000000000004E-001          1.3605679837852752E-001          1.3988387265054957E+053          3.1331696770862300E+038          0.0000000000000000E+000         -1.3988248872815593E+026         -2.4125904790996472E+034          3.1334109361355389E+038          0.0000000000000000E+000          0.0000000000000000E+000                                1                                2          2.3588765633260797E-007          7.4001048418004901E-008          1.3605679856073238E-001          3.1715331887323484E-001          2.3449302527235458E-001          4.9695980549032687E-001          1.3988387265054957E+053         -9.7310815238417812E+013 
                            1430          1.0786317346779714E+005          9.8298363949168936E+002          5.8638682132886208E+002          8.6235966554257004E+000          2.1556876271535497E+001          2.6965854284538148E+002          1.7771055064082000E+002         -6.3347751960486332E-001         -1.0000000000000000E+000          1.9998915274181879E+000          8.0003511036662966E-001         -9.8999999999999986E+001         -1.0980685683975931E+001         -1.1847030782622728E+001         -9.8999999999999986E+001         -9.8999999999999986E+001         -1.1044190202474120E+001         -9.8999999999999986E+001          8.0000000000000004E-001          1.3603632823616213E-001          1.3989654562845016E+053          2.0432542353500568E+038          0.0000000000000000E+000         -1.3979131387441818E+026         -2.2221843394801806E+034          2.0434764537854027E+038          0.0000000000000000E+000          0.0000000000000000E+000                                1                                2          2.5555418318290582E-007          7.3980938486459140E-008          1.3603632843170188E-001          3.1713165800828819E-001          1.8974062975044773E-001          4.9700609684314456E-001          1.3989654562845016E+053         -8.9613029730754266E+013 
                            1440          1.0995582755117647E+005          9.8321226051286430E+002          5.8647773724622482E+002          8.6229282722815661E+000          2.1555205174163767E+001          2.6970035112300076E+002          1.7773810428965740E+002         -6.4662670387322363E-001         -1.0000000000000000E+000          1.9998915064071046E+000          8.0003511322469290E-001         -9.8999999999999986E+001         -1.1009958221741710E+001         -1.1876357764001719E+001         -9.8999999999999986E+001         -9.8999999999999986E+001         -1.1073454168384181E+001         -9.8999999999999986E+001          8.0000000000000004E-001          1.3601927564780542E-001          1.3990738977055991E+053          1.4053220584208700E+038          0.0000000000000000E+000         -1.3971539660110078E+026         -2.0774237991201442E+034          1.4055298008021792E+038          0.0000000000000000E+000          0.0000000000000000E+000                                1                                2          2.7468265420124827E-007          7.3963736099565145E-008          1.3601927591075064E-001          3.1711361151893391E-001          1.5775060156935816E-001          4.9704466806961500E-001          1.3990738977055991E+053         -8.3761448541411531E+013 
                            1450          1.1448424643566647E+005          9.8359735513070473E+002          5.8663086173553859E+002          8.6218029265014948E+000          2.1552391458352087E+001          2.6977076613578191E+002          1.7778451157573971E+002         -6.4596077851666611E-001         -1.0000000000000000E+000          1.9998914629569844E+000          8.0003511913411918E-001         -9.8999999999999986E+001         -1.1015605685705983E+001         -1.1882086382564784E+001         -9.8999999999999986E+001         -9.8999999999999986E+001         -1.1079088857299435E+001         -9.8999999999999986E+001          8.0000000000000004E-001          1.3599386073027320E-001          1.3992565184158006E+053          1.3372262644125932E+038          0.0000000000000000E+000         -1.3960231147583790E+026         -2.0507079052999997E+034          1.3374313352045191E+038          0.0000000000000000E+000          0.0000000000000000E+000                                1                                2          2.8195053835708082E-007          7.3934778074679515E-008          1.3599386151089940E-001          3.1708671253862242E-001          1.4751580555202867E-001          4.9710216784915756E-001          1.3992565184158006E+053         -8.2663837131069938E+013 
                            1460          1.1968469292661874E+005          9.8429725102938608E+002          5.8690911046131782E+002          8.6197590720257722E+000          2.1547281547274199E+001          2.6989872099280007E+002          1.7786883936649431E+002         -6.1758212577322902E-001         -1.0000000000000000E+000          1.9998914091710944E+000          8.0003512644729358E-001         -9.8999999999999986E+001         -1.0953325891707189E+001         -1.1819971271333788E+001         -9.8999999999999986E+001         -9.8999999999999986E+001         -1.1016783148054641E+001         -9.8999999999999986E+001          8.0000000000000004E-001          1.3594230216655764E-001          1.3995883111042835E+053          2.9427683766080715E+038          0.0000000000000000E+000         -1.3937315506541396E+026         -2.3672092623965408E+034          2.9430050975357047E+038          0.0000000000000000E+000          0.0000000000000000E+000                                1                                2          2.4161185070347213E-007          7.3882205899058520E-008          1.3594230261916540E-001          3.1703211732400827E-001          2.1947291051571641E-001          4.9721884835602348E-001          1.3995883111042835E+053         -9.5374148135613438E+013 
                            1470          1.2305463318039782E+005          9.8525956803432541E+002          5.8729158098669495E+002          8.6169519413782556E+000          2.1540263827882054E+001          2.7007460423480205E+002          1.7798475223239987E+002         -5.9363240241330084E-001         -1.0000000000000000E+000          1.9998913688438920E+000          8.0003513192806719E-001         -9.2999193851356495E+001         -1.0895782724741247E+001         -1.1762646333341209E+001         -9.8999999999999986E+001         -9.8999999999999986E+001         -1.0959205657079139E+001         -9.8999999999999986E+001          8.0000000000000004E-001          1.3587400957261730E-001          1.4000442611243906E+053          5.6754726591682710E+038          0.0000000000000000E+000         -1.3907014254246093E+026         -2.7030248433830305E+034          5.6757429616540001E+038          0.0000000000000000E+000          0.0000000000000000E+000                                1                                2          2.1105131490673064E-007          7.3810044099867935E-008          1.3587400999747065E-001          3.1695975879471600E-001          3.1969928531376879E-001          4.9737347102513646E-001          1.4000442611243906E+053         -1.0883174932556009E+014 
                            1480          1.2607863687480392E+005          9.8686369415422439E+002          5.8792886186369503E+002          8.6122806515594608E+000          2.1528586155638678E+001          2.7036766570107955E+002          1.7817788802572332E+002         -5.7200087753721174E-001         -1.0000000000000000E+000          1.9998913275943049E+000          8.0003513753042521E-001         -8.1578254113255156E+001         -1.0840458928654405E+001         -1.1707683552769259E+001         -9.8999999999999986E+001         -9.8999999999999986E+001         -1.0903825122691488E+001         -9.8999999999999986E+001          8.0000000000000004E-001          1.3576110866032035E-001          1.4008036518699423E+053          1.0191964802077778E+039          0.0000000000000000E+000         -1.3857046562282449E+026         -3.0710706556728661E+034          1.0192271909144730E+039          0.0000000000000000E+000          0.0000000000000000E+000                                1                                2          1.8650915020249390E-007          7.3690067429986533E-008          1.3576110911695480E-001          3.1684003420372853E-001          4.6286114116740046E-001          4.9762929093145297E-001          1.4008036518699423E+053         -1.2351462680474608E+014 
                            1490          1.2906015403078747E+005          9.8963147721545238E+002          5.8902762604327836E+002          8.6042444144637322E+000          2.1508496873377073E+001          2.7087294682462885E+002          1.7851088123206642E+002         -5.5294799993611465E-001         -1.0000000000000000E+000          1.9998912815243646E+000          8.0003514378031737E-001         -7.2833833324342805E+001         -1.0788054569943933E+001         -1.1655899948489539E+001         -9.8999999999999986E+001         -9.8999999999999986E+001         -1.0851323331818744E+001         -9.8999999999999986E+001          8.0000000000000004E-001          1.3556719850579904E-001          1.4021119913220806E+053          1.7422434251948097E+039          0.0000000000000000E+000         -1.3771588625841089E+026         -3.4665147534441162E+034          1.7422780903424819E+039          0.0000000000000000E+000          0.0000000000000000E+000                                1                                2          1.6526177737849090E-007          7.3483972408648533E-008          1.3556719902698319E-001          3.1663411536456049E-001          6.8715869344934466E-001          4.9806926292077836E-001          1.4021119913220806E+053         -1.3915601864945452E+014 
                            1500          1.3207063537229254E+005          9.9425443823023772E+002          5.9086058535983818E+002          8.5908882106352848E+000          2.1475108895505581E+001          2.7171585807016726E+002          1.7906638002279414E+002         -5.3707222070715099E-001         -1.0000000000000000E+000          1.9998912293364177E+000          8.0003515084642129E-001         -6.6280797001089624E+001         -1.0740206245181662E+001         -1.1609101927157482E+001         -9.8999999999999986E+001         -9.8999999999999986E+001         -1.0803310520323276E+001         -9.8999999999999986E+001          8.0000000000000004E-001          1.3523973715563989E-001          1.4042918574538987E+053          2.6515458926398341E+039          0.0000000000000000E+000         -1.3628306821120828E+026         -3.8732576154298723E+034          2.6515846252161246E+039          0.0000000000000000E+000          0.0000000000000000E+000                                1                                2          1.4553039281107380E-007          7.3142295744613289E-008          1.3523973772938311E-001          3.1628555205583159E-001          1.0000000000000000E+000          4.9881398263387461E-001          1.4042918574538987E+053         -1.5498869306611088E+014 
                            1510          1.3486965379214034E+005          9.9917049690331146E+002          5.9280664118475363E+002          8.5767757549575396E+000          2.1439830455652242E+001          2.7261077833209470E+002          1.7965615392906528E+002         -5.2441335277446832E-001         -1.0000000000000000E+000          1.9998911756735478E+000          8.0003515809279269E-001         -6.1509050681272818E+001         -1.0699275768155983E+001         -1.1569347372874740E+001         -9.8999999999999986E+001         -9.8999999999999986E+001         -1.0762196428472318E+001         -9.8999999999999986E+001          8.0000000000000004E-001          1.3487404893782387E-001          1.4066025278021766E+053          2.5658176523509537E+039          0.0000000000000000E+000         -1.3469820319769246E+026         -4.2597067949270558E+034          2.5658602494190377E+039          0.0000000000000000E+000          0.0000000000000000E+000                                1                                2          1.2902793526449272E-007          7.2782425413695566E-008          1.3487404948901377E-001          3.1589508073274919E-001          1.0000000000000000E+000          4.9964822447787605E-001          1.4066025278021766E+053         -1.6984570552635009E+014 
                            1520          1.3716693733722868E+005          1.0030128979251979E+003          5.9432546040158775E+002          8.5658097535942055E+000          2.1412417463753759E+001          2.7330922780515795E+002          1.8011644921221276E+002         -5.1477889665939713E-001         -1.0000000000000000E+000          1.9998911278191485E+000          8.0003516453936330E-001         -5.8121049731183433E+001         -1.0666789367109814E+001         -1.1537791464263170E+001         -9.8999999999999986E+001         -9.8999999999999986E+001         -1.0729565142136206E+001         -9.8999999999999986E+001          8.0000000000000004E-001          1.3458538550814930E-001          1.4084032786759320E+053          2.4052843187868730E+039          0.0000000000000000E+000         -1.3345840436315534E+026         -4.5936666469286260E+034          2.4053302554534756E+039          0.0000000000000000E+000          0.0000000000000000E+000                                1                                2          1.1725419669141437E-007          7.2503606201735824E-008          1.3458538596577782E-001          3.1558594664232686E-001          1.0000000000000000E+000          5.0030868913959514E-001          1.4084032786759320E+053         -1.8264613185944172E+014 
                            1530          1.3882218007906180E+005          1.0056031508200180E+003          5.9534823755505010E+002          8.5584488854927194E+000          2.1394016579115945E+001          2.7377956549084934E+002          1.8042641350074095E+002         -5.0812275914289895E-001         -1.0000000000000000E+000          1.9998910910946750E+000          8.0003516947790088E-001         -5.5884730032883830E+001         -1.0643615920784187E+001         -1.1515252215599332E+001         -9.8999999999999986E+001         -9.8999999999999986E+001         -1.0706293151403454E+001         -9.8999999999999986E+001          8.0000000000000004E-001          1.3438899469523263E-001          1.4096146120926049E+053          2.2425626449627645E+039          0.0000000000000000E+000         -1.3262054628131918E+026         -4.8476587051969577E+034          2.2426111215499490E+039          0.0000000000000000E+000          0.0000000000000000E+000                                1                                2          1.0963332849998020E-007          7.2316849949335661E-008          1.3438899502238491E-001          3.1537517049210073E-001          1.0000000000000000E+000          5.0075901554524560E-001          1.4096146120926049E+053         -1.9237548496921047E+014 
                            1540          1.4014331737342125E+005          1.0075394719316781E+003          5.9611223203138263E+002          8.5529628354189704E+000          2.1380302365369847E+001          2.7413089840033518E+002          1.8065795084953859E+002         -5.0294583568950302E-001         -1.0000000000000000E+000          1.9998910604019222E+000          8.0003517360023957E-001         -5.4276938011749834E+001         -1.0626049152472675E+001         -1.1498142748202927E+001         -9.8999999999999986E+001         -9.8999999999999986E+001         -1.0688655428762804E+001         -9.8999999999999986E+001          8.0000000000000004E-001          1.3424756101770816E-001          1.4105187747968032E+053          2.1067603051956025E+039          0.0000000000000000E+000         -1.3201996166981316E+026         -5.0494253882084287E+034          2.1068107994496165E+039          0.0000000000000000E+000          0.0000000000000000E+000                                1                                2          1.0439225609934222E-007          7.2177869147901456E-008          1.3424756134220134E-001          3.1522314740025137E-001          1.0000000000000000E+000          5.0108381922324108E-001          1.4105187747968032E+053         -2.0010557808531044E+014 
                            1550          1.4143533153834046E+005          1.0093121790546365E+003          5.9681124177389268E+002          8.5479526640351349E+000          2.1367777723988038E+001          2.7445234711076625E+002          1.8086979392489849E+002         -4.9783156217989294E-001         -1.0000000000000000E+000          1.9998910291552221E+000          8.0003517779277888E-001         -5.2756130210277192E+001         -1.0608686809557899E+001         -1.1481197780587102E+001         -9.8999999999999986E+001         -9.8999999999999986E+001         -1.0671228401618389E+001         -9.8999999999999986E+001          8.0000000000000004E-001          1.3411860542997214E-001          1.4113455219255071E+053          1.9604718001194494E+039          0.0000000000000000E+000         -1.3147440758453272E+026         -5.2569597503867782E+034          1.9605243697170849E+039          0.0000000000000000E+000          0.0000000000000000E+000                                1                                2          9.9663386751789632E-008          7.2051099427478301E-008          1.3411860575971302E-001          3.1508436892325870E-001          1.0000000000000000E+000          5.0138032881976335E-001          1.4113455219255071E+053         -2.0806745864363603E+014 
                            1560          1.4269777604763137E+005          1.0109149726826553E+003          5.9744289920079427E+002          8.5434328168280427E+000          2.1356478765702121E+001          2.7474282285702486E+002          1.8106122520512972E+002         -4.9291949221493997E-001         -1.0000000000000000E+000          1.9998909973993284E+000          8.0003518204976276E-001         -5.1336411476964805E+001         -1.0591825135000139E+001         -1.1464713364840129E+001         -9.8999999999999986E+001         -9.8999999999999986E+001         -1.0654308321769417E+001         -9.8999999999999986E+001          8.0000000000000004E-001          1.3400215113959468E-001          1.4120921915090287E+053          1.8018839151450534E+039          0.0000000000000000E+000         -1.3098341030876261E+026         -5.4665571907941845E+034          1.8019385807170923E+039          0.0000000000000000E+000          0.0000000000000000E+000                                1                                2          9.5403163077810941E-008          7.1936863268973642E-008          1.3400215147514508E-001          3.1495890655842324E-001          1.0000000000000000E+000          5.0164839150517448E-001          1.4120921915090287E+053         -2.1611682489909909E+014 
                            1570          1.4394512408324098E+005          1.0123620068414089E+003          5.9801288523199469E+002          8.5393604204118159E+000          2.1346298312879327E+001          2.7500493808161167E+002          1.8123396636146802E+002         -4.8820404371139930E-001         -1.0000000000000000E+000          1.9998909648077556E+000          8.0003518641518434E-001         -5.0020045304594674E+001         -1.0575595795915294E+001         -1.1448824522648195E+001         -9.8999999999999986E+001         -9.8999999999999986E+001         -1.0638026318963638E+001         -9.8999999999999986E+001          8.0000000000000004E-001          1.3389713153597002E-001          1.4127656208488550E+053          1.6348253257716754E+039          0.0000000000000000E+000         -1.3054197851168730E+026         -5.6760883114921015E+034          1.6348820866549208E+039          0.0000000000000000E+000          0.0000000000000000E+000                                1                                2          9.1603059308504810E-008          7.1834039281387841E-008          1.3389713187811994E-001          3.1484565162902545E-001          1.0000000000000000E+000          5.0189037591000085E-001          1.4127656208488550E+053         -2.2416996325380866E+014 
                            1580          1.4515886276036836E+005          1.0136311120065759E+003          5.9851256135041172E+002          8.5357951676119370E+000          2.1337385590288601E+001          2.7523472025550427E+002          1.8138539938567087E+002         -4.8364030387217638E-001         -1.0000000000000000E+000          1.9998909319050751E+000          8.0003519081905372E-001         -4.8784805792940006E+001         -1.0559810066127016E+001         -1.1433337907791721E+001         -9.8999999999999986E+001         -9.8999999999999986E+001         -1.0622194365206834E+001         -9.8999999999999986E+001          8.0000000000000004E-001          1.3380494329961229E-001          1.4133557151065562E+053          1.4623226679435326E+039          0.0000000000000000E+000         -1.3015553644716736E+026         -5.8874570431465512E+034          1.4623815425140943E+039          0.0000000000000000E+000          0.0000000000000000E+000                                1                                2          8.8212352727758773E-008          7.1744100299437743E-008          1.3380494364396586E-001          3.1474614704573073E-001          1.0000000000000000E+000          5.0210298502570994E-001          1.4133557151065562E+053         -2.3230793025286559E+014 
                            1590          1.4634414768236535E+005          1.0147315618829477E+003          5.9894566488797727E+002          8.5327085419647819E+000          2.1329669312574271E+001          2.7543388804275622E+002          1.8151665691687384E+002         -4.7928099044576727E-001         -1.0000000000000000E+000          1.9998908986115989E+000          8.0003519527238787E-001         -4.7640857424352205E+001         -1.0544715053480040E+001         -1.1418502213426544E+001         -9.8999999999999986E+001         -9.8999999999999986E+001         -1.0607059308332563E+001         -9.8999999999999986E+001          8.0000000000000004E-001          1.3372507189357433E-001          1.4138669897751368E+053          1.2877289692325837E+039          0.0000000000000000E+000         -1.2982152023119101E+026         -6.0968170705077072E+034          1.2877899374034186E+039          0.0000000000000000E+000          0.0000000000000000E+000                                1                                2          8.5228576565288308E-008          7.1666295696456416E-008          1.3372507224243832E-001          3.1465987107950688E-001          1.0000000000000000E+000          5.0228733314833607E-001          1.4138669897751368E+053         -2.4038077434671247E+014 
                            1600          1.4749257301995324E+005          1.0156622703178608E+003          5.9931184085222003E+002          8.5301015182639919E+000          2.1323151920693665E+001          2.7560227820599550E+002          1.8162763136120032E+002         -4.7501183523974794E-001         -1.0000000000000000E+000          1.9998908652293534E+000          8.0003519973515436E-001         -4.6557043617365643E+001         -1.0529938971425381E+001         -1.1403946077184450E+001         -9.8999999999999986E+001         -9.8999999999999986E+001         -1.0592249283619511E+001         -9.8999999999999986E+001          8.0000000000000004E-001          1.3365736478642135E-001          1.4142991115462692E+053          1.1127881764328693E+039          0.0000000000000000E+000         -1.2953895033638969E+026         -6.3088086216665580E+034          1.1128512645192155E+039          0.0000000000000000E+000          0.0000000000000000E+000                                1                                2          8.2582148642261765E-008          7.1600623840906652E-008          1.3365736513350224E-001          3.1458668726985728E-001          1.0000000000000000E+000          5.0244371120051246E-001          1.4142991115462692E+053         -2.4857409452249962E+014 
                            1610          1.4860722294852283E+005          1.0164346479733216E+003          5.9961563820878041E+002          8.5279404335221400E+000          2.1317749265095554E+001          2.7574198265295337E+002          1.8171970132990430E+002         -4.7096574806900821E-001         -1.0000000000000000E+000          1.9998908317379380E+000          8.0003520421046359E-001         -4.5558353544876809E+001         -1.0515951037840637E+001         -1.1390140685828504E+001         -9.8999999999999986E+001         -9.8999999999999986E+001         -1.0578233194666668E+001         -9.8999999999999986E+001          8.0000000000000004E-001          1.3360119785936456E-001          1.4146575190907600E+053          9.4176369989160419E+038          0.0000000000000000E+000         -1.2930494179020162E+026         -6.5161601819114243E+034          9.4182886149355260E+038          0.0000000000000000E+000          0.0000000000000000E+000                                1                                2          8.0288689075357698E-008          7.1546215304084295E-008          1.3360119820865740E-001          3.1452594433637932E-001          1.0000000000000000E+000          5.0257351024261676E-001          1.4146575190907600E+053         -2.5660272108906672E+014 
                            1620          1.4969298699784547E+005          1.0170625815060924E+003          5.9986256461580342E+002          8.5261851317263826E+000          2.1313360964692379E+001          2.7585553415857743E+002          1.8179453597719959E+002         -4.6712764852604949E-001         -1.0000000000000000E+000          1.9998907980760339E+000          8.0003520870685874E-001         -4.4632349994635426E+001         -1.0502649381036465E+001         -1.1376987788604907E+001         -9.8999999999999986E+001         -9.8999999999999986E+001         -1.0564908603239315E+001         -9.8999999999999986E+001          8.0000000000000004E-001          1.3355544306495751E-001          1.4149487641266645E+053          7.7513088348887014E+038          0.0000000000000000E+000         -1.2911457934862485E+026         -6.7195375389287891E+034          7.7519807886438849E+038          0.0000000000000000E+000          0.0000000000000000E+000                                1                                2          7.8295937434696513E-008          7.1502042734422214E-008          1.3355544341534459E-001          3.1447644024344651E-001          1.0000000000000000E+000          5.0267929811521406E-001          1.4149487641266645E+053         -2.6449298298843431E+014 
                            1630          1.5074617669128158E+005          1.0175546161534960E+003          6.0005601465554923E+002          8.5248107491228939E+000          2.1309924868813610E+001          2.7594449377791028E+002          1.8185316406011918E+002         -4.6342091133840119E-001         -1.0000000000000000E+000          1.9998907644307113E+000          8.0003521319968329E-001         -4.3763076535884039E+001         -1.0489855449723221E+001         -1.1364310886938497E+001         -9.8999999999999986E+001         -9.8999999999999986E+001         -1.0552096635554349E+001         -9.8999999999999986E+001          8.0000000000000004E-001          1.3351945863211617E-001          1.4151768910811415E+053          6.1378632653455357E+038          0.0000000000000000E+000         -1.2896503230407016E+026         -6.9210097602642370E+034          6.1385553663228520E+038          0.0000000000000000E+000          0.0000000000000000E+000                                1                                2          7.6560955546309810E-008          7.1467468194808357E-008          1.3351945898107431E-001          3.1443749399879495E-001          1.0000000000000000E+000          5.0276252936165844E-001          1.4151768910811415E+053         -2.7232722229981947E+014 
                            1640          1.5176260279697028E+005          1.0179208975075047E+003          6.0020000233244309E+002          8.5237882304941763E+000          2.1307368349558846E+001          2.7601070741725789E+002          1.8189680205712449E+002         -4.5988092010588294E-001         -1.0000000000000000E+000          1.9998907310166167E+000          8.0003521766059726E-001         -4.2953584795390412E+001         -1.0477672522286248E+001         -1.1352215526267585E+001         -9.8999999999999986E+001         -9.8999999999999986E+001         -1.0539900216173345E+001         -9.8999999999999986E+001          8.0000000000000004E-001          1.3349253982690590E-001          1.4153466633016663E+053          4.6027308250811379E+038          0.0000000000000000E+000         -1.2885325414925537E+026         -7.1183513952269862E+034          4.6034426602219493E+038          0.0000000000000000E+000          0.0000000000000000E+000                                1                                2          7.5067990340055509E-008          7.1441751853703592E-008          1.3349254017374082E-001          3.1440835263907363E-001          1.0000000000000000E+000          5.0282481234224607E-001          1.4153466633016663E+053         -2.8001830151304684E+014 
                            1650          1.5274549301938308E+005          1.0181751512665298E+003          6.0029994042841258E+002          8.5230787707039894E+000          2.1305594403209938E+001          2.7605666422248783E+002          1.8192709036821978E+002         -4.5648348137095529E-001         -1.0000000000000000E+000          1.9998906978068414E+000          8.0003522209348965E-001         -4.2194657689523481E+001         -1.0466007647507181E+001         -1.1340611964405522E+001         -9.8999999999999986E+001         -9.8999999999999986E+001         -1.0528225896408903E+001         -9.8999999999999986E+001          8.0000000000000004E-001          1.3347369491953481E-001          1.4154644832729141E+053          3.1434850795628429E+038          0.0000000000000000E+000         -1.2877504663474648E+026         -7.3124552666262234E+034          3.1442163250907931E+038          0.0000000000000000E+000          0.0000000000000000E+000                                1                                2          7.3780964537487701E-008          7.1423911766035421E-008          1.3347369526452771E-001          3.1438794915189811E-001          1.0000000000000000E+000          5.0286842661566489E-001          1.4154644832729141E+053         -2.8760072656541238E+014 
                            1660          1.5370097280556170E+005          1.0183304496119753E+003          6.0036097778731880E+002          8.5226455893262578E+000          2.1304511085823453E+001          2.7608473195987278E+002          1.8194558940762647E+002         -4.5323182879491436E-001         -1.0000000000000000E+000          1.9998906646680783E+000          8.0003522651641090E-001         -4.1485346280890411E+001         -1.0454899216956818E+001         -1.1329541651067188E+001         -9.8999999999999986E+001         -9.8999999999999986E+001         -1.0517111594845217E+001         -9.8999999999999986E+001          8.0000000000000004E-001          1.3346198069777587E-001          1.4155364339438806E+053          1.7697793588777372E+038          0.0000000000000000E+000         -1.2872644582060102E+026         -7.5021098532671196E+034          1.7705295698643510E+038          0.0000000000000000E+000          0.0000000000000000E+000                                1                                2          7.2679439889679828E-008          7.1413019412451439E-008          1.3346198104128990E-001          3.1437526631182439E-001          1.0000000000000000E+000          5.0289554550018178E-001          1.4155364339438806E+053         -2.9502600075742650E+014 
                            1670          1.5463017151628033E+005          1.0183968401291540E+003          6.0038706932824891E+002          8.5224604898907543E+000          2.1304047913385055E+001          2.7609672935735136E+002          1.8195349775364116E+002         -4.5007709164355519E-001         -1.0000000000000000E+000          1.9998906316182332E+000          8.0003523092719564E-001         -4.0812135707238447E+001         -1.0444156481191127E+001         -1.1318816218356988E+001         -9.8999999999999986E+001         -9.8999999999999986E+001         -1.0506366194168212E+001         -9.8999999999999986E+001          8.0000000000000004E-001          1.3345666344381221E-001          1.4155671846934163E+053          4.6866866336891866E+037          0.0000000000000000E+000         -1.2870438077317090E+026         -7.6900914043505232E+034          4.6943767251064079E+037          0.0000000000000000E+000          0.0000000000000000E+000                                1                                2          7.1729379699414803E-008          7.1408363911663076E-008          1.3345666378773358E-001          3.1436951175904654E-001          1.0000000000000000E+000          5.0290786183025971E-001          1.4155671846934163E+053         -3.0240274211082512E+014 
                            1680          1.5553655923093538E+005          1.0183843514496002E+003          6.0038215887732269E+002          8.5224954323912776E+000          2.1304134791864293E+001          2.7609447003869963E+002          1.8195201062527266E+002         -4.4704974646760742E-001         -1.0000000000000000E+000          1.9998905985946385E+000          8.0003523533440657E-001         -4.0178907740985508E+001         -1.0433886140868029E+001         -1.1308544713044014E+001         -9.8999999999999986E+001         -9.8999999999999986E+001         -1.0496096033265919E+001         -9.8999999999999986E+001          8.0000000000000004E-001          1.3345702144023369E-001          1.4155613875121170E+053         -7.4657923329402894E+037          0.0000000000000000E+000         -1.2870584733999442E+026         -7.8741103122861089E+034         -7.4579182226151324E+037          0.0000000000000000E+000          0.0000000000000000E+000                                1                                2          7.0920720144942313E-008          7.1409239608715074E-008          1.3345702178417379E-001          3.1436990470467124E-001          1.0000000000000000E+000          5.0290704380606666E-001          1.4155613875121170E+053         -3.0964012223685938E+014 
                            1690          1.5642913249022514E+005          1.0183005795219958E+003          6.0034923155194156E+002          8.5227292368552057E+000          2.1304718772429876E+001          2.7607932674349615E+002          1.8194203270203195E+002         -4.4410788097948073E-001         -1.0000000000000000E+000          1.9998905653095371E+000          8.0003523977662405E-001         -3.9577877735286705E+001         -1.0423985092501241E+001         -1.1298625918225492E+001         -9.8999999999999986E+001         -9.8999999999999986E+001         -1.0486197718109704E+001         -9.8999999999999986E+001          8.0000000000000004E-001          1.3346247496791602E-001          1.4155225610866798E+053         -1.8825383723049896E+038          0.0000000000000000E+000         -1.2872844216020656E+026         -8.0555849733281846E+034         -1.8817328138063694E+038          0.0000000000000000E+000          0.0000000000000000E+000                                1                                2          7.0232511944667620E-008          7.1415114190121665E-008          1.3346247532590949E-001          3.1437581721216712E-001          1.0000000000000000E+000          5.0289443322530314E-001          1.4155225610866798E+053         -3.1679332707638675E+014 
                            1700          1.5756178165224759E+005          1.0180996371376666E+003          6.0027024788328288E+002          8.5232900483353049E+000          2.1306120046871495E+001          2.7604300341096854E+002          1.8191809724323511E+002         -4.4027716234018111E-001         -1.0000000000000000E+000          1.9998905219688063E+000          8.0003524556127426E-001         -3.8841636700037000E+001         -1.0411616367261654E+001         -1.1286214600472206E+001         -9.8999999999999986E+001         -9.8999999999999986E+001         -1.0473835553259971E+001         -9.8999999999999986E+001          8.0000000000000004E-001          1.3347556466001947E-001          1.4154294319700754E+053         -3.2018591940634727E+038          0.0000000000000000E+000         -1.2878270898374617E+026         -8.2880562307051235E+034         -3.2010303884391145E+038          0.0000000000000000E+000          0.0000000000000000E+000                                1                                2          6.9519894964426184E-008          7.1429209395344251E-008          1.3347556519096335E-001          3.1439000183379529E-001          1.0000000000000000E+000          5.0286415558201480E-001          1.4154294319700754E+053         -3.2597728839507775E+014 
                            1710          1.5907764953222559E+005          1.0176695320763095E+003          6.0010117266431371E+002          8.5244908234857952E+000          2.1309120835131690E+001          2.7596524957516692E+002          1.8186685913182978E+002         -4.3511836143142973E-001         -1.0000000000000000E+000          1.9998904619400757E+000          8.0003525357453287E-001         -3.7861291349297225E+001         -1.0394750665973223E+001         -1.1269255720455968E+001         -9.8999999999999986E+001         -9.8999999999999986E+001         -1.0456984206584821E+001         -9.8999999999999986E+001          8.0000000000000004E-001          1.3350420517497494E-001          1.4152300641897634E+053         -4.9473544470216543E+038          0.0000000000000000E+000         -1.2890153246610727E+026         -8.6156820996575241E+034         -4.9464928788103996E+038          0.0000000000000000E+000          0.0000000000000000E+000                                1                                2          6.8708217391055486E-008          7.1459398040598282E-008          1.3350420587771811E-001          3.1442102663915417E-001          1.0000000000000000E+000          5.0279790938882130E-001          1.4152300641897634E+053         -3.3895826095018725E+014 
                            1720          1.6093845201568774E+005          1.0169103253691896E+003          5.9980267054678382E+002          8.5266119502937894E+000          2.1314422034893482E+001          2.7582797629920964E+002          1.8177639738866543E+002         -4.2901073752388375E-001         -1.0000000000000000E+000          1.9998903850390826E+000          8.0003526384322654E-001         -3.6735426199604326E+001         -1.0374862363488512E+001         -1.1249199962687705E+001         -9.8999999999999986E+001         -9.8999999999999986E+001         -1.0437121710295099E+001         -9.8999999999999986E+001          8.0000000000000004E-001          1.3355569165714212E-001          1.4148780193741588E+053         -6.8192181245547374E+038          0.0000000000000000E+000         -1.2911539279133693E+026         -9.0183336660166966E+034         -6.8183162911868453E+038          0.0000000000000000E+000          0.0000000000000000E+000                                1                                2          6.8019831728675040E-008          7.1512748324222810E-008          1.3355569253568605E-001          3.1447677436028232E-001          1.0000000000000000E+000          5.0267885353249908E-001          1.4148780193741588E+053         -3.5497844333270062E+014 
                            1730          1.6308257595667185E+005          1.0157645743146347E+003          5.9935204908171784E+002          8.5298169602168183E+000          2.1322432443945278E+001          2.7562074815872415E+002          1.8163983480785171E+002         -4.2219729252208105E-001         -1.0000000000000000E+000          1.9998902919851147E+000          8.0003527627503812E-001         -3.5515904333290585E+001         -1.0352602693783561E+001         -1.1226683960999084E+001         -9.8999999999999986E+001         -9.8999999999999986E+001         -1.0414901565644945E+001         -9.8999999999999986E+001          8.0000000000000004E-001          1.3363454299388614E-001          1.4143464092421449E+053         -8.6468413114737434E+038          0.0000000000000000E+000         -1.2944352468847133E+026         -9.4908864438232638E+034         -8.6458922228280673E+038          0.0000000000000000E+000          0.0000000000000000E+000                                1                                2          6.7548340207554035E-008          7.1593412494719092E-008          1.3363454403930561E-001          3.1456209805741031E-001          1.0000000000000000E+000          5.0249661979759941E-001          1.4143464092421449E+053         -3.7386773101239031E+014 
                            1740          1.6547970296809438E+005          1.0142127297889738E+003          5.9874144269254418E+002          8.5341655771395875E+000          2.1333301349092782E+001          2.7533994803953340E+002          1.8145478765784790E+002         -4.1483397306558478E-001         -1.0000000000000000E+000          1.9998901822710418E+000          8.0003529094303738E-001         -3.4253296978650937E+001         -1.0328752955221603E+001         -1.1202483276682699E+001         -9.8999999999999986E+001         -9.8999999999999986E+001         -1.0391105984776575E+001         -9.8999999999999986E+001          8.0000000000000004E-001          1.3374257436772630E-001          1.4136257458553101E+053         -1.0176269725850240E+039          0.0000000000000000E+000         -1.2989426257507695E+026         -1.0024158113163622E+035         -1.0175267310037624E+039          0.0000000000000000E+000          0.0000000000000000E+000                                1                                2          6.7378937472287341E-008          7.1702957407724120E-008          1.3374257558782063E-001          3.1467889646511127E-001          1.0000000000000000E+000          5.0224715323592117E-001          1.4136257458553101E+053         -3.9529258389045800E+014 
                            1750          1.6808493003854438E+005          1.0122902008787355E+003          5.9798455115992124E+002          8.5395652230916657E+000          2.1346797330495967E+001          2.7499187599739895E+002          1.8122540778776013E+002         -4.0718181153897370E-001         -1.0000000000000000E+000          1.9998900561299147E+000          8.0003530782278109E-001         -3.2993536205497463E+001         -1.0304103626757001E+001         -1.1177395329578404E+001         -9.8999999999999986E+001         -9.8999999999999986E+001         -1.0366524414689504E+001         -9.8999999999999986E+001          8.0000000000000004E-001          1.3387771681482935E-001          1.4127319228776393E+053         -1.1319890284026259E+039          0.0000000000000000E+000         -1.3046002572184561E+026         -1.0606233945033689E+035         -1.1318829660630451E+039          0.0000000000000000E+000          0.0000000000000000E+000                                1                                2          6.7481058925123237E-008          7.1839134769162835E-008          1.3387771821413405E-001          3.1482484538672728E-001          1.0000000000000000E+000          5.0193542087406107E-001          1.4127319228776393E+053         -4.1879994280625594E+014 
                            1760          1.7086756658037848E+005          1.0100818708338871E+003          5.9711454953195562E+002          8.5457844655539521E+000          2.1362341861899594E+001          2.7459178806188226E+002          1.8096174923742751E+002         -3.9938001395239864E-001         -1.0000000000000000E+000          1.9998899134886088E+000          8.0003532693157886E-001         -3.1762415623924504E+001         -1.0279075095283472E+001         -1.1151857792121575E+001         -9.8999999999999986E+001         -9.8999999999999986E+001         -1.0341574614233677E+001         -9.8999999999999986E+001          8.0000000000000004E-001          1.3403471744701675E-001          1.4117038283479258E+053         -1.1961768494870232E+039          0.0000000000000000E+000         -1.3111996446325448E+026         -1.1231337095201197E+035         -1.1960645361159400E+039          0.0000000000000000E+000          0.0000000000000000E+000                                1                                2          6.7824631273405518E-008          7.1996195819645484E-008          1.3403471899788089E-001          3.1499417803045204E-001          1.0000000000000000E+000          5.0157374456382164E-001          1.4117038283479258E+053         -4.4416481365986888E+014 
                            1770          1.7362398030749880E+005          1.0078269399304108E+003          5.9622553417901588E+002          8.5521536951916008E+000          2.1378261223893446E+001          2.7418295616291579E+002          1.8069232857969828E+002         -3.9214690170470751E-001         -1.0000000000000000E+000          1.9998897640836022E+000          8.0003534697049328E-001         -3.0653793766820502E+001         -1.0255659894808325E+001         -1.1127915299418166E+001         -9.8999999999999986E+001         -9.8999999999999986E+001         -1.0318241085666331E+001         -9.8999999999999986E+001          8.0000000000000004E-001          1.3419755255068230E-001          1.4106524902058900E+053         -1.2110892811737426E+039          0.0000000000000000E+000         -1.3180746473871234E+026         -1.1849014909164215E+035         -1.2109707910245192E+039          0.0000000000000000E+000          0.0000000000000000E+000                                1                                2          6.8302644553147288E-008          7.2157281458909761E-008          1.3419755412348491E-001          3.1516955202956176E-001          1.0000000000000000E+000          5.0119916917411489E-001          1.4106524902058900E+053         -4.6933900020549319E+014 
                            1780          1.7628189003343432E+005          1.0056695496179150E+003          5.9537435325114564E+002          8.5582652519851496E+000          2.1393536432661556E+001          2.7379152290913964E+002          1.8043437409270518E+002         -3.8548415289093296E-001         -1.0000000000000000E+000          1.9998896124858156E+000          8.0003536732772262E-001         -2.9683345680168209E+001         -1.0234404925212614E+001         -1.1106153929775090E+001         -9.8999999999999986E+001         -9.8999999999999986E+001         -1.0297064659890685E+001         -9.8999999999999986E+001          8.0000000000000004E-001          1.3435412208012840E-001          1.4096451578061123E+053         -1.1904019885567884E+039          0.0000000000000000E+000         -1.3247143533280830E+026         -1.2438811167980198E+035         -1.1902776004449761E+039          0.0000000000000000E+000          0.0000000000000000E+000                                1                                2          6.8823538282088970E-008          7.2312075267725621E-008          1.3435412368129734E-001          3.1533793795779613E-001          1.0000000000000000E+000          5.0083952730077363E-001          1.4096451578061123E+053         -4.9345552223168894E+014 
                            1790          1.7885630983079874E+005          1.0036330724538705E+003          5.9457031838344278E+002          8.5640503747509786E+000          2.1407995600740236E+001          2.7342177038581411E+002          1.8019070776851103E+002         -3.7944305400799100E-001         -1.0000000000000000E+000          1.9998894585729936E+000          8.0003538801924856E-001         -2.8818909358151970E+001         -1.0214792741620020E+001         -1.1086062338960078E+001         -9.8999999999999986E+001         -9.8999999999999986E+001         -1.0277526931021587E+001         -9.8999999999999986E+001          8.0000000000000004E-001          1.3450251424895993E-001          1.4086929564118610E+053         -1.1522384607571555E+039          0.0000000000000000E+000         -1.3310338179616355E+026         -1.3008905619602600E+035         -1.1521083717008264E+039          0.0000000000000000E+000          0.0000000000000000E+000                                1                                2          6.9323201580358540E-008          7.2458804081282292E-008          1.3450251587700085E-001          3.1549731282773247E-001          1.0000000000000000E+000          5.0049913992635253E-001          1.4086929564118610E+053         -5.1682034819050906E+014 
                            1800          1.8136274506797671E+005          1.0017330242874585E+003          5.9381965665422467E+002          8.5694621089509670E+000          2.1421521350961221E+001          2.7307656219740267E+002          1.7996321679459376E+002         -3.7384012545831591E-001         -1.0000000000000000E+000          1.9998893021553050E+000          8.0003540906991977E-001         -2.8048741401111098E+001         -1.0196743649753950E+001         -1.1067564959389085E+001         -9.8999999999999986E+001         -9.8999999999999986E+001         -1.0259547546804610E+001         -9.8999999999999986E+001          8.0000000000000004E-001          1.3464142219262035E-001          1.4078033793066352E+053         -1.1018832299867862E+039          0.0000000000000000E+000         -1.3369728522058914E+026         -1.3556543386022903E+035         -1.1017476645527923E+039          0.0000000000000000E+000          0.0000000000000000E+000                                1                                2          6.9795128604070346E-008          7.2596241117395747E-008          1.3464142385070893E-001          3.1564631124906156E-001          1.0000000000000000E+000          5.0018092334819952E-001          1.4078033793066352E+053         -5.3930815063373831E+014 
                            1810          1.8380726228494398E+005          9.9996884210768098E+002          5.9312224637218105E+002          8.5744991789888676E+000          2.1434110497414238E+001          2.7275584238749883E+002          1.7975186428664929E+002         -3.6868551560655138E-001         -1.0000000000000000E+000          1.9998891434084558E+000          8.0003543045526693E-001         -2.7359901148611371E+001         -1.0180112422968227E+001         -1.1050516826167787E+001         -9.8999999999999986E+001         -9.8999999999999986E+001         -1.0242981222620736E+001         -9.8999999999999986E+001          8.0000000000000004E-001          1.3477073497254163E-001          1.4069764009743542E+053         -1.0456143137637731E+039          0.0000000000000000E+000         -1.3425220915653465E+026         -1.4081498420152294E+035         -1.0454734987794373E+039          0.0000000000000000E+000          0.0000000000000000E+000                                1                                2          7.0226057719846402E-008          7.2724318102902815E-008          1.3477073666590755E-001          3.1578485263691758E-001          1.0000000000000000E+000          4.9988504898392788E-001          1.4069764009743542E+053         -5.6089958296595281E+014 
                            1820          1.8618196767446128E+005          9.9834521001029702E+002          5.9248003452640739E+002          8.5791454781106093E+000          2.1445722793118176E+001          2.7246050634442184E+002          1.7955724026723141E+002         -3.6393560453886781E-001         -1.0000000000000000E+000          1.9998889834219025E+000          8.0003545202742909E-001         -2.6738430537552805E+001         -1.0164650021672951E+001         -1.1034669578992371E+001         -9.8999999999999986E+001         -9.8999999999999986E+001         -1.0227578796795832E+001         -9.8999999999999986E+001          8.0000000000000004E-001          1.3489021369338955E-001          1.4062144426475563E+053         -9.9311041821338011E+038          0.0000000000000000E+000         -1.3476668827960235E+026         -1.4587799660714135E+035         -9.9296454021663818E+038          0.0000000000000000E+000          0.0000000000000000E+000                                1                                2          7.0600716691181797E-008          7.2842591357432695E-008          1.3489021538826820E-001          3.1591271724173620E-001          1.0000000000000000E+000          4.9961198516437033E-001          1.4062144426475563E+053         -5.8174460483711388E+014 
                            1830          1.8851503120191614E+005          9.9683561188053409E+002          5.9188261448432092E+002          8.5834745416185836E+000          2.1456542037828566E+001          2.7218576837635032E+002          1.7937619094326550E+002         -3.5953586973383678E-001         -1.0000000000000000E+000          1.9998888207707408E+000          8.0003547397754382E-001         -2.6177539893810728E+001         -1.0150342933755237E+001         -1.1020004594472820E+001         -9.8999999999999986E+001         -9.8999999999999986E+001         -1.0213327539654648E+001         -9.8999999999999986E+001          8.0000000000000004E-001          1.3500142083211641E-001          1.4055052537824842E+053         -9.3830946630113264E+038          0.0000000000000000E+000         -1.3524706869129185E+026         -1.5072444147418210E+035         -9.3815874185952315E+038          0.0000000000000000E+000          0.0000000000000000E+000                                1                                2          7.0941629180704505E-008          7.2952903467443321E-008          1.3500142254864325E-001          3.1603160859532609E-001          1.0000000000000000E+000          4.9935809315123192E-001          1.4055052537824842E+053         -6.0172402072481000E+014 
                            1840          1.9080083951437825E+005          9.9544281438408211E+002          5.9133114964266986E+002          8.5874764628397902E+000          2.1466543479645875E+001          2.7193216351672578E+002          1.7920906886906334E+002         -3.5543564959318952E-001         -1.0000000000000000E+000          1.9998886562966838E+000          8.0003549619118197E-001         -2.5666411274978344E+001         -1.0136967013536001E+001         -1.1006298320747742E+001         -9.8999999999999986E+001         -9.8999999999999986E+001         -1.0200003200801861E+001         -9.8999999999999986E+001          8.0000000000000004E-001          1.3510415103250861E-001          1.4048502964622009E+053         -8.8606970472678817E+038          0.0000000000000000E+000         -1.3569213459720308E+026         -1.5540140178825863E+035         -8.8591430332486428E+038          0.0000000000000000E+000          0.0000000000000000E+000                                1                                2          7.1244927571177623E-008          7.3054977257961592E-008          1.3510415278102272E-001          3.1614133396679028E-001          1.0000000000000000E+000          4.9912378399874796E-001          1.4048502964622009E+053         -6.2101719106204612E+014 
                            1850          1.9305153996506502E+005          9.9415197079448546E+002          5.9081982193456065E+002          8.5911921578317809E+000          2.1475829391873848E+001          2.7169701622569454E+002          1.7905411083447987E+002         -3.5170060301726491E-001         -1.0000000000000000E+000          1.9998884895227380E+000          8.0003551873191014E-001         -2.5208733586608194E+001         -1.0124762919116920E+001         -1.0993787364523371E+001         -9.8999999999999986E+001         -9.8999999999999986E+001         -1.0187847060415193E+001         -9.8999999999999986E+001          8.0000000000000004E-001          1.3519964603780013E-001          1.4042427323553129E+053         -8.3054537040108621E+038          0.0000000000000000E+000         -1.3610697903591505E+026         -1.5979443016421607E+035         -8.3038557597078589E+038          0.0000000000000000E+000          0.0000000000000000E+000                                1                                2          7.1525738543685836E-008          7.3149834535170633E-008          1.3519964780583638E-001          3.1624324279965610E-001          1.0000000000000000E+000          4.9890617501244156E-001          1.4042427323553129E+053         -6.3916734491744925E+014 
                            1860          1.9525602503587192E+005          9.9296919748034850E+002          5.9035110770310837E+002          8.5946024723280541E+000          2.1484351912154793E+001          2.7148146532911414E+002          1.7891206728264817E+002         -3.4825419141660424E-001         -1.0000000000000000E+000          1.9998883217211958E+000          8.0003554142681521E-001         -2.4794742260648253E+001         -1.0113486767278433E+001         -1.0982229781908464E+001         -9.8999999999999986E+001         -9.8999999999999986E+001         -1.0176614922898537E+001         -9.8999999999999986E+001          8.0000000000000004E-001          1.3528728627717790E-001          1.4036855673291157E+053         -7.7889918480045815E+038          0.0000000000000000E+000         -1.3648865474458663E+026         -1.6396393631218381E+035         -7.7873522086400944E+038          0.0000000000000000E+000          0.0000000000000000E+000                                1                                2          7.1773637863969329E-008          7.3236966817260829E-008          1.3528728806195925E-001          3.1633669464580189E-001          1.0000000000000000E+000          4.9870663362377354E-001          1.4036855673291157E+053         -6.5640542447622650E+014 
                            1870          1.9742926320740196E+005          9.9187710612065177E+002          5.8991816314136076E+002          8.5977561814696326E+000          2.1492232955276755E+001          2.7128236357558103E+002          1.7878086415115831E+002         -3.4509316273839036E-001         -1.0000000000000000E+000          1.9998881521208614E+000          8.0003556437924372E-001         -2.4419486710657019E+001         -1.0103080337249477E+001         -1.0971563281409036E+001         -9.8999999999999986E+001         -9.8999999999999986E+001         -1.0166249195884339E+001         -9.8999999999999986E+001          8.0000000000000004E-001          1.3536832521854933E-001          1.4031707219530777E+053         -7.2688595396568144E+038          0.0000000000000000E+000         -1.3684239431549030E+026         -1.6790823161485134E+035         -7.2671804573392982E+038          0.0000000000000000E+000          0.0000000000000000E+000                                1                                2          7.2000966972168029E-008          7.3317603277340382E-008          1.3536832702651003E-001          3.1642304420430289E-001          1.0000000000000000E+000          4.9852226619833473E-001          1.4031707219530777E+053         -6.7272669540098162E+014 
                            1880          1.9956097631112620E+005          9.9087783830237129E+002          5.8952187706754000E+002          8.6006459446738059E+000          2.1499454189012187E+001          2.7110011974195595E+002          1.7866077076960596E+002         -3.4217676528384855E-001         -1.0000000000000000E+000          1.9998879819151971E+000          8.0003558742674818E-001         -2.4078795006023071E+001         -1.0093454113583411E+001         -1.0961698846281232E+001         -9.8999999999999986E+001         -9.8999999999999986E+001         -1.0156660278875160E+001         -9.8999999999999986E+001          8.0000000000000004E-001          1.3544259540424938E-001          1.4026993005340327E+053         -6.8101302448807858E+038          0.0000000000000000E+000         -1.3716727335304780E+026         -1.7164149757868680E+035         -6.8084138299036272E+038          0.0000000000000000E+000          0.0000000000000000E+000                                1                                2          7.2198725065960459E-008          7.3391541676844827E-008          1.3544259722268387E-001          3.1650212849630116E-001          1.0000000000000000E+000          4.9835342022451778E-001          1.4026993005340327E+053         -6.8818166392500450E+014 
                            1890          2.0166846807758149E+005          9.8995636681921110E+002          5.8915632422352758E+002          8.6033142237852314E+000          2.1506121742536205E+001          2.7093200897550895E+002          1.7854999145952721E+002         -3.3953614803017262E-001         -1.0000000000000000E+000          1.9998878100622788E+000          8.0003561070953211E-001         -2.3774755739191942E+001         -1.0084767567699746E+001         -1.0952792334721453E+001         -9.8999999999999986E+001         -9.8999999999999986E+001         -1.0148008203173219E+001         -9.8999999999999986E+001          8.0000000000000004E-001          1.3551121305757360E-001          1.4022642951979844E+053         -6.3157854780157963E+038          0.0000000000000000E+000         -1.3746800909988261E+026         -1.7508085511710617E+035         -6.3140346694632503E+038          0.0000000000000000E+000          0.0000000000000000E+000                                1                                2          7.2386566618976829E-008          7.3459856013746039E-008          1.3551121488964002E-001          3.1657514922865693E-001          1.0000000000000000E+000          4.9819752912218462E-001          1.4022642951979844E+053         -7.0244060544893525E+014 
                            1900          2.0374841482711662E+005          9.8911922326447529E+002          5.8882412539974700E+002          8.6057412430983717E+000          2.1512186191287174E+001          2.7077923650681413E+002          1.7844932045919165E+002         -3.3716518833332193E-001         -1.0000000000000000E+000          1.9998876372240360E+000          8.0003563413708334E-001         -2.3504684322065675E+001         -1.0076956856244843E+001         -1.0944781504064597E+001         -9.8999999999999986E+001         -9.8999999999999986E+001         -1.0140228869366048E+001         -9.8999999999999986E+001          8.0000000000000004E-001          1.3557366986019506E-001          1.4018688597859222E+053         -5.7942812154172446E+038          0.0000000000000000E+000         -1.3774222789205294E+026         -1.7823190756806650E+035         -5.7924988963401868E+038          0.0000000000000000E+000          0.0000000000000000E+000                                1                                2          7.2563355562622355E-008          7.3522028948562496E-008          1.3557367170989248E-001          3.1664157720584146E-001          1.0000000000000000E+000          4.9805572315903845E-001          1.4018688597859222E+053         -7.1551779505422425E+014 
                            1910          2.0580816208894146E+005          9.8835939697956258E+002          5.8852252576601279E+002          8.6079465344414636E+000          2.1517696356069731E+001          2.7064053547684779E+002          1.7835792289792079E+002         -3.3503191271690735E-001         -1.0000000000000000E+000          1.9998874631184109E+000          8.0003565774674845E-001         -2.3265004473512416E+001         -1.0069948613287290E+001         -1.0937591393941590E+001         -9.8999999999999986E+001         -9.8999999999999986E+001         -1.0133249156743105E+001         -9.8999999999999986E+001          8.0000000000000004E-001          1.3563045520610545E-001          1.4015097475361900E+053         -5.2803941416786642E+038          0.0000000000000000E+000         -1.3799194538941812E+026         -1.8110713459554427E+035         -5.2785830703313287E+038          0.0000000000000000E+000          0.0000000000000000E+000                                1                                2          7.2725773218199508E-008          7.3578550867902723E-008          1.3563045707088042E-001          3.1670194342127556E-001          1.0000000000000000E+000          4.9792686820174187E-001          1.4015097475361900E+053         -7.2746239709572412E+014 
                            1920          2.0784814929734482E+005          9.8767996050976785E+002          5.8825276883038748E+002          8.6099204830552427E+000          2.1522628207373270E+001          2.7051647774138240E+002          1.7827617562443552E+002         -3.3314940669893345E-001         -1.0000000000000000E+000          1.9998872880755854E+000          8.0003568149288118E-001         -2.3054322057088712E+001         -1.0063720910204657E+001         -1.0931200775061720E+001         -9.8999999999999986E+001         -9.8999999999999986E+001         -1.0127047022746584E+001         -9.8999999999999986E+001          8.0000000000000004E-001          1.3568134346200486E-001          1.4011884674382516E+053         -4.7423471557444369E+038          0.0000000000000000E+000         -1.3821605058674184E+026         -1.8370083952399323E+035         -4.7405101473478146E+038          0.0000000000000000E+000          0.0000000000000000E+000                                1                                2          7.2879432392959527E-008          7.3629166404162549E-008          1.3568134534473467E-001          3.1675601751147797E-001          1.0000000000000000E+000          4.9781145631856533E-001          1.4011884674382516E+053         -7.3824611165664088E+014 
                            1930          2.0987780644799178E+005          9.8707258792606217E+002          5.8801156988095750E+002          8.6116866642250756E+000          2.1527040670300526E+001          2.7040555275973310E+002          1.7820308318882417E+002         -3.3154591733024863E-001         -1.0000000000000000E+000          1.9998871115841861E+000          8.0003570544398050E-001         -2.2875267779948985E+001         -1.0058414552626491E+001         -1.0925748488215408E+001         -9.8999999999999986E+001         -9.8999999999999986E+001         -1.0121763577699923E+001         -9.8999999999999986E+001          8.0000000000000004E-001          1.3572694202904681E-001          1.4009011325810681E+053         -4.2282385925191679E+038          0.0000000000000000E+000         -1.3841711570694892E+026         -1.8593912395111263E+035         -4.2263792012782728E+038          0.0000000000000000E+000          0.0000000000000000E+000                                1                                2          7.3018143997442151E-008          7.3674472430874285E-008          1.3572694390996218E-001          3.1680445284150960E-001          1.0000000000000000E+000          4.9770809207453354E-001          1.4009011325810681E+053         -7.4757273737150100E+014 
                            1940          2.1188758986130814E+005          9.8655618661328685E+002          5.8780645680279042E+002          8.6131895355869439E+000          2.1530794922152769E+001          2.7031122238300958E+002          1.7814092695598001E+002         -3.3030438002421403E-001         -1.0000000000000000E+000          1.9998869349594770E+000          8.0003572942060797E-001         -2.2737595996430596E+001         -1.0054378663500625E+001         -1.0921587745732687E+001         -9.8999999999999986E+001         -9.8999999999999986E+001         -1.0117747299023465E+001         -9.8999999999999986E+001          8.0000000000000004E-001          1.3576596716320588E-001          1.4006567331253957E+053         -3.5372358037695643E+038          0.0000000000000000E+000         -1.3858938088386648E+026         -1.8765782532979362E+035         -3.5353592255148804E+038          0.0000000000000000E+000          0.0000000000000000E+000                                1                                2          7.3171583786754362E-008          7.3713036472940586E-008          1.3576596904859844E-001          3.1684589411464237E-001          1.0000000000000000E+000          4.9761967028343923E-001          1.4006567331253957E+053         -7.5476924869538625E+014 
                            1950          2.1389127682544742E+005          9.8613640227983831E+002          5.8763969128956217E+002          8.6144121073247657E+000          2.1533848482547441E+001          2.7023452665710317E+002          1.7809039237912739E+002         -3.2940622909807032E-001         -1.0000000000000000E+000          1.9998867574796051E+000          8.0003575351955547E-001         -2.2637493688705085E+001         -1.0051487787864600E+001         -1.0918594866010910E+001         -9.8999999999999986E+001         -9.8999999999999986E+001         -1.0114872449793319E+001         -9.8999999999999986E+001          8.0000000000000004E-001          1.3579785868014349E-001          1.4004579863893207E+053         -2.8044400192102803E+038          0.0000000000000000E+000         -1.3873027467993193E+026         -1.8889691942433462E+035         -2.8025510500146496E+038          0.0000000000000000E+000          0.0000000000000000E+000                                1                                2          7.3319490324421772E-008          7.3744415071084539E-008          1.3579786057918963E-001          3.1687975463283480E-001          1.0000000000000000E+000          4.9754744502695131E-001          1.4004579863893207E+053         -7.5998859903607500E+014 
                            1960          2.1588593785167165E+005          9.8582612389603992E+002          5.8751641062372232E+002          8.6153163519785991E+000          2.1536106304555183E+001          2.7017782806238796E+002          1.7805303634161123E+002         -3.2897953130555768E-001         -1.0000000000000000E+000          1.9998865799625516E+000          8.0003577762845701E-001         -2.2587262574206076E+001         -1.0050177709852472E+001         -1.0917208280821852E+001         -9.8999999999999986E+001         -9.8999999999999986E+001         -1.0113574395090691E+001         -9.8999999999999986E+001          8.0000000000000004E-001          1.3582178352012558E-001          1.4003110342223363E+053         -1.9309237486289411E+038          0.0000000000000000E+000         -1.3883602748165460E+026         -1.8945690880345371E+035         -1.9290291795395183E+038          0.0000000000000000E+000          0.0000000000000000E+000                                1                                2          7.3476560767958513E-008          7.3767625348604872E-008          1.3582178541968934E-001          3.1690515734218172E-001          1.0000000000000000E+000          4.9749328970637641E-001          1.4003110342223363E+053         -7.6241891533735988E+014 
                            1970          2.1786155909565280E+005          9.8565044913116810E+002          5.8744660075101331E+002          8.6158287333608445E+000          2.1537384590369268E+001          2.7014571883495603E+002          1.7803188514017242E+002         -3.2914198153701713E-001         -1.0000000000000000E+000          1.9998864040489555E+000          8.0003580152288400E-001         -2.2601169117092127E+001         -1.0050923900226286E+001         -1.0917909138844781E+001         -9.8999999999999986E+001         -9.8999999999999986E+001         -1.0114327710722348E+001         -9.8999999999999986E+001          8.0000000000000004E-001          1.3583596155452687E-001          1.4002277945403491E+053         -8.1896339579809253E+037          0.0000000000000000E+000         -1.3889868859421827E+026         -1.8912535537109822E+035         -8.1707214224299254E+037          0.0000000000000000E+000          0.0000000000000000E+000                                1                                2          7.3657270793594534E-008          7.3780773123507927E-008          1.3583596342138754E-001          3.1692021991519759E-001          1.0000000000000000E+000          4.9746122492835004E-001          1.4002277945403491E+053         -7.6118952719927825E+014 
                            1980          2.1981981097041443E+005          9.8563974590178634E+002          5.8744233751412810E+002          8.6158604816349520E+000          2.1537461449686699E+001          2.7014375224951527E+002          1.7803059846356888E+002         -3.3009842885714835E-001         -1.0000000000000000E+000          1.9998862305237657E+000          8.0003582509424531E-001         -2.2697207739257220E+001         -1.0054302624973257E+001         -1.0921280887202409E+001         -9.8999999999999986E+001         -9.8999999999999986E+001         -1.0117707532082134E+001         -9.8999999999999986E+001          8.0000000000000004E-001          1.3583814360427776E-001          1.4002226708976176E+053          5.8865897391295895E+037          0.0000000000000000E+000         -1.3890824866015602E+026         -1.8765876502884936E+035          5.9053556156463657E+037          0.0000000000000000E+000          0.0000000000000000E+000                                1                                2          7.3871778077266613E-008          7.3781574321452691E-008          1.3583814544324310E-001          3.1692256142262565E-001          1.0000000000000000E+000          4.9745633709478693E-001          1.4002226708976176E+053         -7.5530273285051975E+014 
                            1990          2.2175041236256299E+005          9.8584696586245479E+002          5.8752465996395586E+002          8.6152573159993384E+000          2.1535951252254410E+001          2.7018160348983082E+002          1.7805555235166517E+002         -3.3226273779874010E-001         -1.0000000000000000E+000          1.9998860616061629E+000          8.0003584803870642E-001         -2.2923567646799530E+001         -1.0061852891385209E+001         -1.0928874381395469E+001         -9.8999999999999986E+001         -9.8999999999999986E+001         -1.0125251003883395E+001         -9.8999999999999986E+001          8.0000000000000004E-001          1.3582462353999791E-001          1.4003207374007510E+053          2.5620014505942474E+038          0.0000000000000000E+000         -1.3884829388133306E+026         -1.8443041227405914E+035          2.5638457547183765E+038          0.0000000000000000E+000          0.0000000000000000E+000                                1                                2          7.4167250329758792E-008          7.3766065814089610E-008          1.3582462530277961E-001          3.1690825213210833E-001          1.0000000000000000E+000          4.9748702058844069E-001          1.4003207374007510E+053         -7.4221129962535462E+014 
                            2000          2.2349704942136796E+005          9.8632351286568610E+002          5.8771397077483323E+002          8.6138700735942120E+000          2.1532481348942788E+001          2.7026865554731023E+002          1.7811292958402254E+002         -3.3632648089442652E-001         -1.0000000000000000E+000          1.9998859125106865E+000          8.0003586828715700E-001         -2.3358878534506569E+001         -1.0075971894930770E+001         -1.0943100174025449E+001         -9.8999999999999986E+001         -9.8999999999999986E+001         -1.0139353225506838E+001         -9.8999999999999986E+001          8.0000000000000004E-001          1.3579122959955756E-001          1.4005462865124344E+053          5.6469560715396641E+038          0.0000000000000000E+000         -1.3870046000429224E+026         -1.7854507820833970E+035          5.6487415223231346E+038          0.0000000000000000E+000          0.0000000000000000E+000                                1                                2          7.4654775842566536E-008          7.3730425380555048E-008          1.3579123100096818E-001          3.1687285808816246E-001          1.0000000000000000E+000          4.9756273828134656E-001          1.4005462865124344E+053         -7.1829322350823412E+014 
                            2010          2.2475800669474271E+005          9.8697593906908730E+002          5.8797310716794107E+002          8.6119719648674131E+000          2.1527735069151856E+001          2.7038781949108431E+002          1.7819146679349444E+002         -3.4198450136798719E-001         -1.0000000000000000E+000          1.9998858090691889E+000          8.0003588233114520E-001         -2.4003449221959851E+001         -1.0096293688213267E+001         -1.0963575057591017E+001         -9.8999999999999986E+001         -9.8999999999999986E+001         -1.0159650968953859E+001         -9.8999999999999986E+001          8.0000000000000004E-001          1.3574337116456012E-001          1.4008549932616832E+053          9.8992659398735817E+038          0.0000000000000000E+000         -1.3848889330391943E+026         -1.7040222369985601E+035          9.9009699621119651E+038          0.0000000000000000E+000          0.0000000000000000E+000                                1                                2          7.5408252751816329E-008          7.3681686946716877E-008          1.3574337201727615E-001          3.1682209685016371E-001          1.0000000000000000E+000          4.9767125722653688E-001          1.4008549932616832E+053         -6.8521503813886538E+014 
                            2020          2.2546287505805187E+005          9.8754801980541731E+002          5.8820028640746420E+002          8.6103088669211552E+000          2.1523576953986172E+001          2.7049228917361557E+002          1.7826031756208857E+002         -3.4777036393495525E-001         -1.0000000000000000E+000          1.9998857539720079E+000          8.0003588980898466E-001         -2.4702235874901614E+001         -1.0117687536762034E+001         -1.0985108934321902E+001         -9.8999999999999986E+001         -9.8999999999999986E+001         -1.0181022828255745E+001         -9.8999999999999986E+001          8.0000000000000004E-001          1.3569961091824725E-001          1.4011255825556024E+053          1.4452575329399830E+039          0.0000000000000000E+000         -1.3829571035388533E+026         -1.6222819384063629E+035          1.4454197611339618E+039          0.0000000000000000E+000          0.0000000000000000E+000                                1                                2          7.6334967539732942E-008          7.3639003580564389E-008          1.3569961131793273E-001          3.1677565688238707E-001          1.0000000000000000E+000          4.9777051146661178E-001          1.4011255825556024E+053         -6.5206818177498700E+014 
                            2030          2.2577663622755269E+005          9.8789000477476009E+002          5.8833607183456661E+002          8.6093152639581803E+000          2.1521092861739220E+001          2.7055473121598959E+002          1.7830146949514068E+002         -3.5216763676435814E-001         -1.0000000000000000E+000          1.9998857305067697E+000          8.0003589299287314E-001         -2.5263553983777090E+001         -1.0134450079812712E+001         -1.1001958025194378E+001         -9.8999999999999986E+001         -9.8999999999999986E+001         -1.0197771784419237E+001         -9.8999999999999986E+001          8.0000000000000004E-001          1.3567257088880574E-001          1.4012872916283374E+053          1.8193335293426787E+039          0.0000000000000000E+000         -1.3817646265271761E+026         -1.5609591418894843E+035          1.8194896252570060E+039          0.0000000000000000E+000          0.0000000000000000E+000                                1                                2          7.7190784474066437E-008          7.3613511438463336E-008          1.3567257104510919E-001          3.1674695018904325E-001          1.0000000000000000E+000          4.9783185791549645E-001          1.4012872916283374E+053         -6.2725469122893862E+014 
                            2040          2.2589922451125854E+005          9.8804913355539782E+002          5.8839924883538151E+002          8.6088530810385251E+000          2.1519937394281449E+001          2.7058378374918584E+002          1.7832061622732576E+002         -3.5486586569703760E-001         -1.0000000000000000E+000          1.9998857216231625E+000          8.0003589419807342E-001         -2.5619057703396376E+001         -1.0144926126340561E+001         -1.1012474959773719E+001         -9.8999999999999986E+001         -9.8999999999999986E+001         -1.0208241413142025E+001         -9.8999999999999986E+001          8.0000000000000004E-001          1.3565979815932022E-001          1.4013625242856847E+053          2.0633483373829176E+039          0.0000000000000000E+000         -1.3812016658346382E+026         -1.5238021840644729E+035          2.0635007176014623E+039          0.0000000000000000E+000          0.0000000000000000E+000                                1                                2          7.7794411973510607E-008          7.3601655724090594E-008          1.3565979821956706E-001          3.1673338741912771E-001          1.0000000000000000E+000          4.9786084016662130E-001          1.4013625242856847E+053         -6.1224744792792375E+014 
                            2050          2.2595244292198968E+005          9.8812514693339767E+002          5.8842942635052759E+002          8.6086323368862168E+000          2.1519385535677387E+001          2.7059766117715679E+002          1.7832976195912897E+002         -3.5644738813872595E-001         -1.0000000000000000E+000          1.9998857178398608E+000          8.0003589471130299E-001         -2.5830074206456786E+001         -1.0151054319654779E+001         -1.1018622410602452E+001         -9.8999999999999986E+001         -9.8999999999999986E+001         -1.0214366584031144E+001         -9.8999999999999986E+001          8.0000000000000004E-001          1.3565378285698365E-001          1.4013984590679273E+053          2.2063077830676591E+039          0.0000000000000000E+000         -1.3809366116456227E+026         -1.5024726266313763E+035          2.2064580303304602E+039          0.0000000000000000E+000          0.0000000000000000E+000                                1                                2          7.8167571049424354E-008          7.3595993778844751E-008          1.3565378288569482E-001          3.1672699945708460E-001          1.0000000000000000E+000          4.9787449031230518E-001          1.4013984590679273E+053         -6.0364211581347800E+014 
                            2060          2.2597943145288274E+005          9.8816575610204791E+002          5.8844554798987963E+002          8.6085144160425635E+000          2.1519090736304634E+001          2.7060507487635937E+002          1.7833464785095109E+002         -3.5742000608133445E-001         -1.0000000000000000E+000          1.9998857159427754E+000          8.0003589496864635E-001         -2.5961096641600601E+001         -1.0154834978004155E+001         -1.1022413306014966E+001         -9.8999999999999986E+001         -9.8999999999999986E+001         -1.0218145635758800E+001         -9.8999999999999986E+001          8.0000000000000004E-001          1.3565058530317797E-001          1.4014176560469916E+053          2.2947836931345664E+039          0.0000000000000000E+000         -1.3807957354651164E+026         -1.4894611834347102E+035          2.2949326392530480E+039          0.0000000000000000E+000          0.0000000000000000E+000                                1                                2          7.8405438846167988E-008          7.3592969314472373E-008          1.3565058531791585E-001          3.1672360365214558E-001          1.0000000000000000E+000          4.9788174657539219E-001          1.4014176560469916E+053         -5.9839593861886112E+014 
                            2070          2.2599412429968649E+005          9.8818855183736389E+002          5.8845459768978594E+002          8.6084482245249916E+000          2.1518925259611638E+001          2.7060923647392730E+002          1.7833739048985575E+002         -3.5801255230459961E-001         -1.0000000000000000E+000          1.9998857149170814E+000          8.0003589510778128E-001         -2.6040697001957898E+001         -1.0157131995622793E+001         -1.1024716022137026E+001         -9.8999999999999986E+001         -9.8999999999999986E+001         -1.0220441759063812E+001         -9.8999999999999986E+001          8.0000000000000004E-001          1.3564880540431770E-001          1.4014284319484897E+053          2.3484237486299618E+039          0.0000000000000000E+000         -1.3807173232108026E+026         -1.4816103307270897E+035          2.3485719096631725E+039          0.0000000000000000E+000          0.0000000000000000E+000                                1                                2          7.8552351132869456E-008          7.3591271656827494E-008          1.3564880541270946E-001          3.1672171335221788E-001          1.0000000000000000E+000          4.9788578580703624E-001          1.4014284319484897E+053         -5.9523152038560012E+014 
                            2080          2.2600286216795284E+005          9.8820235596425277E+002          5.8846007776980105E+002          8.6084081427052297E+000          2.1518825056531547E+001          2.7061175654555791E+002          1.7833905130479914E+002         -3.5837810171369622E-001         -1.0000000000000000E+000          1.9998857143096498E+000          8.0003589519017837E-001         -2.6090022145486287E+001         -1.0158545147975369E+001         -1.1026132600528964E+001         -9.8999999999999986E+001         -9.8999999999999986E+001         -1.0221854373746019E+001         -9.8999999999999986E+001          8.0000000000000004E-001          1.3564773530940996E-001          1.4014349572995019E+053          2.3811452799967001E+039          0.0000000000000000E+000         -1.3806701828266511E+026         -1.4768008806840033E+035          2.3812929600849066E+039          0.0000000000000000E+000          0.0000000000000000E+000                                1                                2          7.8643280508189866E-008          7.3590243665702245E-008          1.3564773531461197E-001          3.1672057686754002E-001          1.0000000000000000E+000          4.9788821426441687E-001          1.4014349572995019E+053         -5.9329316178276788E+014 
                            2090          2.2600860604199744E+005          9.8821153138785519E+002          5.8846372029392739E+002          8.6083815012361740E+000          2.1518758453914860E+001          2.7061343159824793E+002          1.7834015522254384E+002         -3.5861965310264610E-001         -1.0000000000000000E+000          1.9998857139114059E+000          8.0003589524419894E-001         -2.6122408446919330E+001         -1.0159471045627065E+001         -1.1027060752126118E+001         -9.8999999999999986E+001         -9.8999999999999986E+001         -1.0222779917674250E+001         -9.8999999999999986E+001          8.0000000000000004E-001          1.3564703131289105E-001          1.4014392945835833E+053          2.4022320808343951E+039          0.0000000000000000E+000         -1.3806391707892973E+026         -1.4736582068353117E+035          2.4023794466552166E+039          0.0000000000000000E+000          0.0000000000000000E+000                                1                                2          7.8702462723186679E-008          7.3589560389260732E-008          1.3564703131648462E-001          3.1671982918868163E-001          1.0000000000000000E+000          4.9788981191470894E-001          1.4014392945835833E+053         -5.9202656040927962E+014 
                            2100          2.2601274678157474E+005          9.8821819407060161E+002          5.8846636528562692E+002          8.6083621558800960E+000          2.1518710091328906E+001          2.7061464792534417E+002          1.7834095682409225E+002         -3.5878937572756259E-001         -1.0000000000000000E+000          1.9998857136248256E+000          8.0003589528307273E-001         -2.6145111759410355E+001         -1.0160118956074848E+001         -1.1027710288588905E+001         -9.8999999999999986E+001         -9.8999999999999986E+001         -1.0223427572944303E+001         -9.8999999999999986E+001          8.0000000000000004E-001          1.3564652344621483E-001          1.4014424440622657E+053          2.4165981292894627E+039          0.0000000000000000E+000         -1.3806167989350026E+026         -1.4714631058320335E+035          2.4167452756001838E+039          0.0000000000000000E+000          0.0000000000000000E+000                                1                                2          7.8743558354061233E-008          7.3589064239830105E-008          1.3564652344886874E-001          3.1671928980651409E-001          1.0000000000000000E+000          4.9789096447328679E-001          1.4014424440622657E+053         -5.9114177961280700E+014 
                            2110          2.2601590943355713E+005          9.8822330851988863E+002          5.8846839564638537E+002          8.6083473059930693E+000          2.1518672967248470E+001          2.7061558160802201E+002          1.7834157215313707E+002         -3.5891255156850832E-001         -1.0000000000000000E+000          1.9998857134062127E+000          8.0003589531272667E-001         -2.6161516198158861E+001         -1.0160586300554540E+001         -1.1028178873853340E+001         -9.8999999999999986E+001         -9.8999999999999986E+001         -1.0223894722702894E+001         -9.8999999999999986E+001          8.0000000000000004E-001          1.3564613590296132E-001          1.4014448616751913E+053          2.4268824717809112E+039          0.0000000000000000E+000         -1.3805997276226048E+026         -1.4698818606276019E+035          2.4270294599671121E+039          0.0000000000000000E+000          0.0000000000000000E+000                                1                                2          7.8772890119493053E-008          7.3588683387107966E-008          1.3564613590504543E-001          3.1671887821288031E-001          1.0000000000000000E+000          4.9789184397164438E-001          1.4014448616751913E+053         -5.9050430675371475E+014 
                            2120          2.2601841965626267E+005          9.8822738260660151E+002          5.8847001299612350E+002          8.6083354768865359E+000          2.1518643395001067E+001          2.7061632536328051E+002          1.7834206231342804E+002         -3.5900452852272707E-001         -1.0000000000000000E+000          1.9998857132328605E+000          8.0003589533624120E-001         -2.6173756988814986E+001         -1.0160934462905253E+001         -1.1028528022471775E+001         -9.8999999999999986E+001         -9.8999999999999986E+001         -1.0224242730275298E+001         -9.8999999999999986E+001          8.0000000000000004E-001          1.3564582785563617E-001          1.4014467875004181E+053          2.4344269014276226E+039          0.0000000000000000E+000         -1.3805861582468000E+026         -1.4687050360007441E+035          2.4345737719313607E+039          0.0000000000000000E+000          0.0000000000000000E+000                                1                                2          7.8794522421388381E-008          7.3588380008874893E-008          1.3564582785731161E-001          3.1671855104753194E-001          1.0000000000000000E+000          4.9789254306230385E-001          1.4014467875004181E+053         -5.9002976489892788E+014 
                            2130          2.2602046255330814E+005          9.8823070704009672E+002          5.8847133274345060E+002          8.6083258244439911E+000          2.1518619264324936E+001          2.7061693226296205E+002          1.7834246228116231E+002         -3.5907408981450317E-001         -1.0000000000000000E+000          1.9998857130918781E+000          8.0003589535536479E-001         -2.6183014584275124E+001         -1.0161197331499677E+001         -1.1028791694966195E+001         -9.8999999999999986E+001         -9.8999999999999986E+001         -1.0224505472711295E+001         -9.8999999999999986E+001          8.0000000000000004E-001          1.3564557676891065E-001          1.4014483589599810E+053          2.4400207204242282E+039          0.0000000000000000E+000         -1.3805750980531134E+026         -1.4678172014805431E+035          2.4401675021445142E+039          0.0000000000000000E+000          0.0000000000000000E+000                                1                                2          7.8810643055307869E-008          7.3588132455673377E-008          1.3564557677027220E-001          3.1671828437716742E-001          1.0000000000000000E+000          4.9789311288636812E-001          1.4014483589599810E+053         -5.8967164982022525E+014 
                            2140          2.2602213561677653E+005          9.8823343498928477E+002          5.8847241569488813E+002          8.6083179039160562E+000          2.1518599463362271E+001          2.7061743026957464E+002          1.7834279048460871E+002         -3.5912685913231335E-001         -1.0000000000000000E+000          1.9998857129764782E+000          8.0003589537101827E-001         -2.6189990034690716E+001         -1.0161395043528302E+001         -1.1028990065567688E+001         -9.8999999999999986E+001         -9.8999999999999986E+001         -1.0224703081388313E+001         -9.8999999999999986E+001          8.0000000000000004E-001          1.3564537107339100E-001          1.4014496484588975E+053          2.4441483115864351E+039          0.0000000000000000E+000         -1.3805660373686505E+026         -1.4671498442485825E+035          2.4442950265709981E+039          0.0000000000000000E+000          0.0000000000000000E+000                                1                                2          7.8822606244363927E-008          7.3587929320787356E-008          1.3564537107451730E-001          3.1671806591476109E-001          1.0000000000000000E+000          4.9789357969908399E-001          1.4014496484588975E+053         -5.8940236984066412E+014 
                            2150          2.2602352265958468E+005          9.8823569991453815E+002          5.8847331483261166E+002          8.6083113277873693E+000          2.1518583023339698E+001          2.7061784374752330E+002          1.7834306298075535E+002         -3.5916756375362702E-001         -1.0000000000000000E+000          1.9998857128808460E+000          8.0003589538399023E-001         -2.6195427289413775E+001         -1.0161548947591417E+001         -1.1029144516116926E+001         -9.8999999999999986E+001         -9.8999999999999986E+001         -1.0224856899690034E+001         -9.8999999999999986E+001          8.0000000000000004E-001          1.3564520038675051E-001          1.4014507190851069E+053          2.4473130164690392E+039          0.0000000000000000E+000         -1.3805585188307218E+026         -1.4666306030652445E+035          2.4474596795294838E+039          0.0000000000000000E+000          0.0000000000000000E+000                                1                                2          7.8831795966993894E-008          7.3587760665516685E-008          1.3564520038768815E-001          3.1671788463380601E-001          1.0000000000000000E+000          4.9789396706200278E-001          1.4014507190851069E+053         -5.8919279468353575E+014 
                            2160          2.2602468005458455E+005          9.8823759191820625E+002          5.8847406592613731E+002          8.6083058344380898E+000          2.1518569290217975E+001          2.7061818914579271E+002          1.7834329061005286E+002         -3.5919859204687393E-001         -1.0000000000000000E+000          1.9998857128010703E+000          8.0003589539481146E-001         -2.6199543546448229E+001         -1.0161665206751874E+001         -1.1029261231799500E+001         -9.8999999999999986E+001         -9.8999999999999986E+001         -1.0224973087207459E+001         -9.8999999999999986E+001          8.0000000000000004E-001          1.3564505779916483E-001          1.4014516134307158E+053          2.4496385685242107E+039          0.0000000000000000E+000         -1.3805522380495688E+026         -1.4662385372779691E+035          2.4497851923780767E+039          0.0000000000000000E+000          0.0000000000000000E+000                                1                                2          7.8838596039624531E-008          7.3587619780051241E-008          1.3564505779994521E-001          3.1671773319574842E-001          1.0000000000000000E+000          4.9789429065624718E-001          1.4014516134307158E+053         -5.8903447169702938E+014 
                            2170          2.2602564603884702E+005          9.8823917232412055E+002          5.8847469332025025E+002          8.6083012458096775E+000          2.1518557818858035E+001          2.7061847765958663E+002          1.7834348075052759E+002         -3.5922300824510295E-001         -1.0000000000000000E+000          1.9998857127345044E+000          8.0003589540384090E-001         -2.6202770364349721E+001         -1.0161756217850426E+001         -1.1029352624130446E+001         -9.8999999999999986E+001         -9.8999999999999986E+001         -1.0225064038478434E+001         -9.8999999999999986E+001          8.0000000000000004E-001          1.3564493872726929E-001          1.4014523604839596E+053          2.4514233981000863E+039          0.0000000000000000E+000         -1.3805469931205535E+026         -1.4659317155497169E+035          2.4515699912717795E+039          0.0000000000000000E+000          0.0000000000000000E+000                                1                                2          7.8843841086707553E-008          7.3587502097699867E-008          1.3564493872792049E-001          3.1671760673285443E-001          1.0000000000000000E+000          4.9789456088329270E-001          1.4014523604839596E+053         -5.8891052913795962E+014 
                            2180          2.2602641938712171E+005          9.8824043837609145E+002          5.8847519592098649E+002          8.6082975698989124E+000          2.1518548629250844E+001          2.7061870878583278E+002          1.7834363307063998E+002         -3.5924204275938881E-001         -1.0000000000000000E+000          1.9998857126812219E+000          8.0003589541106834E-001         -2.6205298406578407E+001         -1.0161827473712295E+001         -1.1029424188112037E+001         -9.8999999999999986E+001         -9.8999999999999986E+001         -1.0225135245986488E+001         -9.8999999999999986E+001          8.0000000000000004E-001          1.3564484249103406E-001          1.4014529589424545E+053          2.4528312206530724E+039          0.0000000000000000E+000         -1.3805427540795607E+026         -1.4656915490175375E+035          2.4529777898081122E+039          0.0000000000000000E+000          0.0000000000000000E+000                                1                                2          7.8847967141804411E-008          7.3587407823474224E-008          1.3564484249153066E-001          3.1671750452283404E-001          1.0000000000000000E+000          4.9789477928623660E-001          1.4014529589424545E+053         -5.8881349518551912E+014 
                            2190          2.2602704301723192E+005          9.8824145984392385E+002          5.8847560142589498E+002          8.6082946041289397E+000          2.1518541214963239E+001          2.7061889526154016E+002          1.7834375596451642E+002         -3.5925783124492849E-001         -1.0000000000000000E+000          1.9998857126382601E+000          8.0003589541689568E-001         -2.6207358095656055E+001         -1.0161885562061256E+001         -1.1029482522247607E+001         -9.8999999999999986E+001         -9.8999999999999986E+001         -1.0225193295763718E+001         -9.8999999999999986E+001          8.0000000000000004E-001          1.3564476572359185E-001          1.4014534417864882E+053          2.4539563497879901E+039          0.0000000000000000E+000         -1.3805393726132746E+026         -1.4654957866193449E+035          2.4541028993667902E+039          0.0000000000000000E+000          0.0000000000000000E+000                                1                                2          7.8851299386810256E-008          7.3587331761931566E-008          1.3564476572401699E-001          3.1671742299018096E-001          1.0000000000000000E+000          4.9789495350596802E-001          1.4014534417864882E+053         -5.8873441147390475E+014 
                            2200          2.2602757918769910E+005          9.8824233844998184E+002          5.8847595021706104E+002          8.6082920531526756E+000          2.1518534837641017E+001          2.7061905565683583E+002          1.7834386167050747E+002         -3.5927261528833132E-001         -1.0000000000000000E+000          1.9998857126013292E+000          8.0003589542190534E-001         -2.6209275881760895E+001         -1.0161939755550778E+001         -1.1029536926995823E+001         -9.8999999999999986E+001         -9.8999999999999986E+001         -1.0225247456100057E+001         -9.8999999999999986E+001          8.0000000000000004E-001          1.3564469974041626E-001          1.4014538571000356E+053          2.4550336836912737E+039          0.0000000000000000E+000         -1.3805364661801432E+026         -1.4653131542801644E+035          2.4551802150068399E+039          0.0000000000000000E+000          0.0000000000000000E+000                                1                                2          7.8854482479014616E-008          7.3587266338428687E-008          1.3564469974078275E-001          3.1671735291116832E-001          1.0000000000000000E+000          4.9789510325145603E-001          1.4014538571000356E+053         -5.8866066441374262E+014 
                            2210          2.2602815244011610E+005          9.8824327826443243E+002          5.8847632330677050E+002          8.6082893244650371E+000          2.1518528016048979E+001          2.7061922722607386E+002          1.7834397474050760E+002         -3.5929130766251133E-001         -1.0000000000000000E+000          1.9998857125618501E+000          8.0003589542726039E-001         -2.6211592804308303E+001         -1.0162005433425648E+001         -1.1029602823070336E+001         -9.8999999999999986E+001         -9.8999999999999986E+001         -1.0225313099732505E+001         -9.8999999999999986E+001          8.0000000000000004E-001          1.3564463158938225E-001          1.4014543013462788E+053          2.4562903910264092E+039          0.0000000000000000E+000         -1.3805334642614690E+026         -1.4650918091332387E+035          2.4564369002074606E+039          0.0000000000000000E+000          0.0000000000000000E+000                                1                                2          7.8858287560926247E-008          7.3587196357303781E-008          1.3564463158983286E-001          3.1671728053005355E-001          1.0000000000000000E+000          4.9789525791697847E-001          1.4014543013462788E+053         -5.8857135293061400E+014 
                            2220          2.2602906368250281E+005          9.8824477335187680E+002          5.8847691682979439E+002          8.6082849835867812E+000          2.1518517164056355E+001          2.7061950016389864E+002          1.7834415461587267E+002         -3.5933539951259014E-001         -1.0000000000000000E+000          1.9998857124991087E+000          8.0003589543577092E-001         -2.6216740507250687E+001         -1.0162152180656044E+001         -1.1029749906142305E+001         -9.8999999999999986E+001         -9.8999999999999986E+001         -1.0225459794258784E+001         -9.8999999999999986E+001          8.0000000000000004E-001          1.3564452669491422E-001          1.4014550080671145E+053          2.4587217569389807E+039          0.0000000000000000E+000         -1.3805288438764980E+026         -1.4645972039839761E+035          2.4588682166595173E+039          0.0000000000000000E+000          0.0000000000000000E+000                                1                                2          7.8866801912614798E-008          7.3587085029324823E-008          1.3564452669571064E-001          3.1671716912532838E-001          1.0000000000000000E+000          4.9789549597029570E-001          1.4014550080671145E+053         -5.8837205446212100E+014 
                            2230          2.2603010478001702E+005          9.8824648498312467E+002          5.8847759631648591E+002          8.6082800139994298E+000          2.1518504740322967E+001          2.7061981263302931E+002          1.7834436054371116E+002         -3.5934875795191240E-001         -1.0000000000000000E+000          1.9998857124274587E+000          8.0003589544548981E-001         -2.6210060058346542E+001         -1.0162201445273961E+001         -1.1029799577504125E+001         -9.8999999999999986E+001         -9.8999999999999986E+001         -1.0225508995045843E+001         -9.8999999999999986E+001          8.0000000000000004E-001          1.3564439965540423E-001          1.4014558171463743E+053          2.4688654487727691E+039          0.0000000000000000E+000         -1.3805232480705704E+026         -1.4644315147231271E+035          2.4690118919243795E+039          0.0000000000000000E+000          0.0000000000000000E+000                                1                                2          7.8886733918947640E-008          7.3586957577362087E-008          1.3564439965617459E-001          3.1671703419982450E-001          1.0000000000000000E+000          4.9789578428072551E-001          1.4014558171463743E+053         -5.8830476470551250E+014 
                            2240          2.2603126301972772E+005          9.8824839819368697E+002          5.8847835582608457E+002          8.6082744591545843E+000          2.1518490853479371E+001          2.7062016190155310E+002          1.7834459072358578E+002         -3.5949446480173647E-001         -1.0000000000000000E+000          1.9998857123477762E+000          8.0003589545629827E-001         -2.6227042549408619E+001         -1.0162690966234008E+001         -1.1030289542068305E+001         -9.8999999999999986E+001         -9.8999999999999986E+001         -1.0225998446390582E+001         -9.8999999999999986E+001          8.0000000000000004E-001          1.3564426110336594E-001          1.4014567215101597E+053          2.4799250286989664E+039          0.0000000000000000E+000         -1.3805171451864088E+026         -1.4627822692609905E+035          2.4800713069260304E+039          0.0000000000000000E+000          0.0000000000000000E+000                                1                                2          7.8919675333189681E-008          7.3586815115866841E-008          1.3564426110431299E-001          3.1671688704743878E-001          1.0000000000000000E+000          4.9789609871871643E-001          1.4014567215101597E+053         -5.8764142229165775E+014 
                            2250          2.2603276984247979E+005          9.8825090485894930E+002          5.8847935092565842E+002          8.6082671812830025E+000          2.1518472659165493E+001          2.7062061950865154E+002          1.7834489230222817E+002         -3.5977637109418131E-001         -1.0000000000000000E+000          1.9998857122442983E+000          8.0003589547033438E-001         -2.6261764347295937E+001         -1.0163687744092906E+001         -1.1031286897255171E+001         -9.8999999999999986E+001         -9.8999999999999986E+001         -1.0226995133648860E+001         -9.8999999999999986E+001          8.0000000000000004E-001          1.3564408078522514E-001          1.4014579063951438E+053          2.5023256939449947E+039          0.0000000000000000E+000         -1.3805092026450328E+026         -1.4594294126797866E+035          2.5024716368864007E+039          0.0000000000000000E+000          0.0000000000000000E+000                                1                                2          7.8985964473831983E-008          7.3586628465379287E-008          1.3564408078646734E-001          3.1671669553615905E-001          1.0000000000000000E+000          4.9789650794347429E-001          1.4014579063951438E+053         -5.8629345498708075E+014 
                            2260          2.2603480455208520E+005          9.8825433126442601E+002          5.8848071114379184E+002          8.6082572330633269E+000          2.1518447789146354E+001          2.7062124501946960E+002          1.7834530453501645E+002         -3.6023631261435363E-001         -1.0000000000000000E+000          1.9998857121050060E+000          8.0003589548922871E-001         -2.6319410605649384E+001         -1.0165337439108276E+001         -1.1032937380519018E+001         -9.8999999999999986E+001         -9.8999999999999986E+001         -1.0228644704963882E+001         -9.8999999999999986E+001          8.0000000000000004E-001          1.3564383459019524E-001          1.4014595260330180E+053          2.5402011286918270E+039          0.0000000000000000E+000         -1.3804983584746426E+026         -1.4538970389499776E+035          2.5403465183958601E+039          0.0000000000000000E+000          0.0000000000000000E+000                                1                                2          7.9095817357322894E-008          7.3586373331028944E-008          1.3564383459184090E-001          3.1671643405790106E-001          1.0000000000000000E+000          4.9789706667360911E-001          1.4014595260330180E+053         -5.8406954666858600E+014 
                            2270          2.2603736099300341E+005          9.8825871461133477E+002          5.8848245124751429E+002          8.6082445065157458E+000          2.1518415973512894E+001          2.7062204522486752E+002          1.7834583189722750E+002         -3.6085292820914627E-001         -1.0000000000000000E+000          1.9998857119307958E+000          8.0003589551285925E-001         -2.6397833144395950E+001         -1.0167573795329069E+001         -1.1035174748673047E+001         -9.8999999999999986E+001         -9.8999999999999986E+001         -1.0230880902381712E+001         -9.8999999999999986E+001          8.0000000000000004E-001          1.3564351853196618E-001          1.4014615980062179E+053          2.5911701168380757E+039          0.0000000000000000E+000         -1.3804844371652420E+026         -1.4464306633194036E+035          2.5913147599045458E+039          0.0000000000000000E+000          0.0000000000000000E+000                                1                                2          7.9248324858138787E-008          7.3586046944226275E-008          1.3564351853404094E-001          3.1671609837781090E-001          1.0000000000000000E+000          4.9789778395611933E-001          1.4014615980062179E+053         -5.8106831514231462E+014 
                            2280          2.2604050112241987E+005          9.8826422126611249E+002          5.8848463727940327E+002          8.6082285186587733E+000          2.1518376004882874E+001          2.7062305049534046E+002          1.7834649440387361E+002         -3.6164627503876584E-001         -1.0000000000000000E+000          1.9998857117180795E+000          8.0003589554171251E-001         -2.6499175288955300E+001         -1.0170450941628950E+001         -1.1038053170320486E+001         -9.8999999999999986E+001         -9.8999999999999986E+001         -1.0233757848541558E+001         -9.8999999999999986E+001          8.0000000000000004E-001          1.3564312020229949E-001          1.4014642009513814E+053          2.6558719049767816E+039          0.0000000000000000E+000         -1.3804668922812978E+026         -1.4368812649128779E+035          2.6560155931034109E+039          0.0000000000000000E+000          0.0000000000000000E+000                                1                                2          7.9445372967312850E-008          7.3585636919307580E-008          1.3564312020481228E-001          3.1671567531605210E-001          1.0000000000000000E+000          4.9789868795156872E-001          1.4014642009513814E+053         -5.7722983870028638E+014 
                            2290          2.2604462403244418E+005          9.8827166715969122E+002          5.8848759314452604E+002          8.6082069006282893E+000          2.1518321961329022E+001          2.7062440978234849E+002          1.7834739021860594E+002         -3.6288198761789803E-001         -1.0000000000000000E+000          1.9998857114411015E+000          8.0003589557928267E-001         -2.6653761469296459E+001         -1.0174827935791411E+001         -1.1042431879874568E+001         -9.8999999999999986E+001         -9.8999999999999986E+001         -1.0238134573509031E+001         -9.8999999999999986E+001          8.0000000000000004E-001          1.3564258443539001E-001          1.4014677205449444E+053          2.7489512526912186E+039          0.0000000000000000E+000         -1.3804432941784791E+026         -1.4224743287239340E+035          2.7490935001242289E+039          0.0000000000000000E+000          0.0000000000000000E+000                                1                                2          7.9741409714040556E-008          7.3585082506144035E-008          1.3564258443859123E-001          3.1671510627988464E-001          1.0000000000000000E+000          4.9789990385804755E-001          1.4014677205449444E+053         -5.7143924511167975E+014 
                            2300          2.2605018571747284E+005          9.8828219006490758E+002          5.8849177050811409E+002          8.6081763492533767E+000          2.1518245585377329E+001          2.7062633078964080E+002          1.7834865622418337E+002         -3.6527209821641327E-001         -1.0000000000000000E+000          1.9998857110728550E+000          8.0003589562923216E-001         -2.6948262482751076E+001         -1.0183052062251603E+001         -1.1050658398942689E+001         -9.8999999999999986E+001         -9.8999999999999986E+001         -1.0246358324501296E+001         -9.8999999999999986E+001          8.0000000000000004E-001          1.3564183715758132E-001          1.4014726945859599E+053          2.9136017903210890E+039          0.0000000000000000E+000         -1.3804103806810502E+026         -1.3957931972494470E+035          2.9137413696409520E+039          0.0000000000000000E+000          0.0000000000000000E+000                                1                                2          8.0299187981304676E-008          7.3584298996275773E-008          1.3564183716206851E-001          3.1671431259158439E-001          1.0000000000000000E+000          4.9790159978522069E-001          1.4014726945859599E+053         -5.6071676883347931E+014 
                            2310          2.2605765905343284E+005          9.8829752821865748E+002          5.8849785939707317E+002          8.6081318182598849E+000          2.1518134262327109E+001          2.7062913083519209E+002          1.7835050154120577E+002         -3.7020282749851408E-001         -1.0000000000000000E+000          1.9998857105923604E+000          8.0003589569440692E-001         -2.7568742474423360E+001         -1.0200042272897759E+001         -1.1067652101814243E+001         -9.8999999999999986E+001         -9.8999999999999986E+001         -1.0263347987122703E+001         -9.8999999999999986E+001          8.0000000000000004E-001          1.3564074644613114E-001          1.4014799446872973E+053          3.2222251201674911E+039          0.0000000000000000E+000         -1.3803623423303160E+026         -1.3422455883837030E+035          3.2223593447264678E+039          0.0000000000000000E+000          0.0000000000000000E+000                                1                                2          8.1464960959368199E-008          7.3583156984625060E-008          1.3564074645190094E-001          3.1671315412096096E-001          1.0000000000000000E+000          4.9790407512947743E-001          1.4014799446872973E+053         -5.3919994777271969E+014 
                            2320          2.2606754319850274E+005          9.8832055107441818E+002          5.8850699888154952E+002          8.6080649777429556E+000          2.1517967169438098E+001          2.7063333373639887E+002          1.7835327137714998E+002         -3.7949789183270943E-001         -1.0000000000000000E+000          1.9998857099925016E+000          8.0003589577577172E-001         -2.8799039874961561E+001         -1.0232188387702251E+001         -1.1099803447536221E+001         -9.8999999999999986E+001         -9.8999999999999986E+001         -1.0295493281064104E+001         -9.8999999999999986E+001          8.0000000000000004E-001          1.3563911271301030E-001          1.4014908271229609E+053          3.7178231661524979E+039          0.0000000000000000E+000         -1.3802903909665794E+026         -1.2464864037722001E+035          3.7179478147930134E+039          0.0000000000000000E+000          0.0000000000000000E+000                                1                                2          8.3774881181962012E-008          7.3581442870304732E-008          1.3563911272002691E-001          3.1671141885283849E-001          1.0000000000000000E+000          4.9790778285730264E-001          1.4014908271229609E+053         -5.0072410128505100E+014 
                            2330          2.2608035601869033E+005          9.8835517850833605E+002          5.8852074496491605E+002          8.6079644497996242E+000          2.1517715865077260E+001          2.7063965504413716E+002          1.7835743729482209E+002         -3.9479064222543914E-001         -1.0000000000000000E+000          1.9998857092887272E+000          8.0003589587123025E-001         -3.0980457266586150E+001         -1.0284820454043022E+001         -1.1152443394964294E+001         -9.8999999999999986E+001         -9.8999999999999986E+001         -1.0348124110684791E+001         -9.8999999999999986E+001          8.0000000000000004E-001          1.3563665130943670E-001          1.4015071945517323E+053          4.3000475697312206E+039          0.0000000000000000E+000         -1.3801819953357445E+026         -1.1042260878412713E+035          4.3001579923401428E+039          0.0000000000000000E+000          0.0000000000000000E+000                                1                                2          8.7864385869218943E-008          7.3578864913912164E-008          1.3563665131743297E-001          3.1670880439402754E-001          1.0000000000000000E+000          4.9791336900890582E-001          1.4015071945517323E+053         -4.4356630526325506E+014 
                            2340          2.2609647169210977E+005          9.8840415246034297E+002          5.8854018593839146E+002          8.6078222793144779E+000          2.1517360464132913E+001          2.7064859522621538E+002          1.7836332911100243E+002         -4.1657661080724490E-001         -1.0000000000000000E+000          1.9998857085260062E+000          8.0003589597468183E-001         -3.4472272841230023E+001         -1.0359321244001539E+001         -1.1226955495933305E+001         -9.8999999999999986E+001         -9.8999999999999986E+001         -1.0422623125736406E+001         -9.8999999999999986E+001          8.0000000000000004E-001          1.3563311875797246E-001          1.4015303426036885E+053          4.7046268896584530E+039          0.0000000000000000E+000         -1.3800264425492448E+026         -9.3016680231648558E+034          4.7047199063388229E+039          0.0000000000000000E+000          0.0000000000000000E+000                                1                                2          9.4366123480508962E-008          7.3575219190864511E-008          1.3563311876595230E-001          3.1670505203853211E-001          1.0000000000000000E+000          4.9792138626829696E-001          1.4015303426036885E+053         -3.7363404989421512E+014 
                            2350          2.2611654668134372E+005          9.8846746196480240E+002          5.8856531716933250E+002          8.6076385062434184E+000          2.1516901067052608E+001          2.7066015215362734E+002          1.7837094542050511E+002         -4.4461497936595695E-001         -1.0000000000000000E+000          1.9998857077437453E+000          8.0003589608078052E-001         -3.9607144358209005E+001         -1.0451308538626057E+001         -1.1318957421667495E+001         -9.8999999999999986E+001         -9.8999999999999986E+001         -1.0514608124548340E+001         -9.8999999999999986E+001          8.0000000000000004E-001          1.3562854943993796E-001          1.4015602654366897E+053          4.6587724007047749E+039          0.0000000000000000E+000         -1.3798252603014017E+026         -7.5262428170446404E+034          4.6588476631330835E+039          0.0000000000000000E+000          0.0000000000000000E+000                                1                                2          1.0375341825269755E-007          7.3570506834771152E-008          1.3562854944833408E-001          3.1670019819668338E-001          1.0000000000000000E+000          4.9793175681827767E-001          1.4015602654366897E+053         -3.0230443709153819E+014 
                            2360          2.2614116641651059E+005          9.8853996930263986E+002          5.8859409890521783E+002          8.6074280528036287E+000          2.1516374976144807E+001          2.7067338781848474E+002          1.7837966805353000E+002         -4.7799638763668278E-001         -1.0000000000000000E+000          1.9998857069815763E+000          8.0003589618415027E-001         -4.6954078995756319E+001         -1.0556343438804115E+001         -1.1424009313987707E+001         -9.8999999999999986E+001         -9.8999999999999986E+001         -1.0619640358549221E+001         -9.8999999999999986E+001          8.0000000000000004E-001          1.3562324296103070E-001          1.4015945340399852E+053          4.1435100628166249E+039          0.0000000000000000E+000         -1.3795916542105358E+026         -5.9094731796737810E+034          4.1435691575485598E+039          0.0000000000000000E+000          0.0000000000000000E+000                                1                                2          1.1710194052254906E-007          7.3565110592070219E-008          1.3562324296927381E-001          3.1669456101700599E-001          1.0000000000000000E+000          4.9794380091936824E-001          1.4015945340399852E+053         -2.3735185447229394E+014 
                            2370          2.2617159194664843E+005          9.8861449996179726E+002          5.8862368306679923E+002          8.6072117479303394E+000          2.1515834258592388E+001          2.7068699249132203E+002          1.7838863386919738E+002         -5.1590914011275979E-001         -1.0000000000000000E+000          1.9998857062503783E+000          8.0003589628331528E-001         -5.7457466014848663E+001         -1.0670065298527337E+001         -1.1537749005139759E+001         -9.8999999999999986E+001         -9.8999999999999986E+001         -1.0733359420535519E+001         -9.8999999999999986E+001          8.0000000000000004E-001          1.3561767460439897E-001          1.4016297571807726E+053          3.2767226368144225E+039          0.0000000000000000E+000         -1.3793465565710409E+026         -4.5481273299153168E+034          3.2767681180878597E+039          0.0000000000000000E+000          0.0000000000000000E+000                                1                                2          1.3575378966258233E-007          7.3559564591901672E-008          1.3561767461164537E-001          3.1668864533734464E-001          1.0000000000000000E+000          4.9795643999820749E-001          1.4016297571807726E+053         -1.8266398926743316E+014 
                            2380          2.2620173454647823E+005          9.8867004576477689E+002          5.8864573090427541E+002          8.6070505556367447E+000          2.1515431310751275E+001          2.7069713148371449E+002          1.7839531571716427E+002         -5.4881206295221596E-001         -1.0000000000000000E+000          1.9998857056800206E+000          8.0003589636066441E-001         -6.9264295422784940E+001         -1.0764868975105713E+001         -1.1632566528570237E+001         -9.8999999999999986E+001         -9.8999999999999986E+001         -1.0828160924645539E+001         -9.8999999999999986E+001          8.0000000000000004E-001          1.3561335069971092E-001          1.4016560069315150E+053          2.1333519760906773E+039          0.0000000000000000E+000         -1.3791562607543139E+026         -3.6562288459723130E+034          2.1333885383792749E+039          0.0000000000000000E+000          0.0000000000000000E+000                                1                                2          1.5690597288415307E-007          7.3555431842963246E-008          1.3561335070491901E-001          3.1668405152573736E-001          8.4979999823751606E-001          4.9796625485267926E-001          1.4016560069315150E+053         -1.4683697017040206E+014 
                            2390          2.2622850235386586E+005          9.8869726936079326E+002          5.8865653662738521E+002          8.6069715584270323E+000          2.1515233831798085E+001          2.7070210063474980E+002          1.7839859051886711E+002         -5.7316067988865138E-001         -1.0000000000000000E+000          1.9998857052582446E+000          8.0003589641786210E-001         -8.0065542910185215E+001         -1.0831457187379041E+001         -1.1699161694605039E+001         -9.8999999999999986E+001         -9.8999999999999986E+001         -1.0894748045955511E+001         -9.8999999999999986E+001          8.0000000000000004E-001          1.3561117932663799E-001          1.4016688718125412E+053          1.1436521089923422E+039          0.0000000000000000E+000         -1.3790607059831141E+026         -3.1365151120275776E+034          1.1436834741436003E+039          0.0000000000000000E+000          0.0000000000000000E+000                                1                                2          1.7598618113685865E-007          7.3553406507783957E-008          1.3561117933058672E-001          3.1668174456499659E-001          5.7662439188868397E-001          4.9797118385085820E-001          1.4016688718125412E+053         -1.2596220331936962E+014 
                            2400          2.2625202773432460E+005          9.8871158869734529E+002          5.8866222028233540E+002          8.6069300082013704E+000          2.1515129962097049E+001          2.7070471433298525E+002          1.7840031302075747E+002         -5.8720726696582348E-001         -1.0000000000000000E+000          1.9998857049296412E+000          8.0003589646242423E-001         -8.7635033815309214E+001         -1.0870096621630404E+001         -1.1737804694692910E+001         -9.8999999999999986E+001         -9.8999999999999986E+001         -1.0933386920776924E+001         -9.8999999999999986E+001          8.0000000000000004E-001          1.3561006587636679E-001          1.4016756384811919E+053          7.7808763203879440E+038          0.0000000000000000E+000         -1.3790117083712874E+026         -2.8695189130671464E+034          7.7811632722806296E+038          0.0000000000000000E+000          0.0000000000000000E+000                                1                                2          1.8961323732012181E-007          7.3552341246696310E-008          1.3561006587964397E-001          3.1668056158766889E-001          4.5056107676456730E-001          4.9797371144633462E-001          1.4016756384811919E+053         -1.1523840763935816E+014 
                            2410          2.2627906377056788E+005          9.8872541992728702E+002          5.8866771016837299E+002          8.6068898752176093E+000          2.1515029634641905E+001          2.7070723892261265E+002          1.7840197679999437E+002         -5.8287030874490320E-001         -1.0000000000000000E+000          1.9998857045665035E+000          8.0003589651166940E-001         -8.6559864818099214E+001         -1.0864925060239216E+001         -1.1732636291512510E+001         -9.8999999999999986E+001         -9.8999999999999986E+001         -1.0928214863911000E+001         -9.8999999999999986E+001          8.0000000000000004E-001          1.3560907971689673E-001          1.4016821744161835E+053          8.2452639947882925E+038          0.0000000000000000E+000         -1.3789683131344455E+026         -2.9039000479193512E+034          8.2455543847944634E+038          0.0000000000000000E+000          0.0000000000000000E+000                                1                                2          1.8939624914777386E-007          7.3551312326711025E-008          1.3560907972133682E-001          3.1667951385304111E-001          4.4278212827432734E-001          4.9797595012443430E-001          1.4016821744161835E+053         -1.1661801685497958E+014 
                            2420          2.2630935698992069E+005          9.8874761777004915E+002          5.8867652088201623E+002          8.6068254666007746E+000          2.1514868623184292E+001          2.7071129063945324E+002          1.7840464699354519E+002         -5.6007071839797484E-001         -1.0000000000000000E+000          1.9998857041262394E+000          8.0003589657137264E-001         -7.6291337522814217E+001         -1.0809818469321980E+001         -1.1677534701777402E+001         -9.8999999999999986E+001         -9.8999999999999986E+001         -1.0873107488393682E+001         -9.8999999999999986E+001          8.0000000000000004E-001          1.3560751809954033E-001          1.4016926639044296E+053          1.4263318061583853E+039          0.0000000000000000E+000         -1.3788995984110351E+026         -3.2967791556547685E+034          1.4263647739500797E+039          0.0000000000000000E+000          0.0000000000000000E+000                                1                                2          1.7216758146264347E-007          7.3549661065624137E-008          1.3560751810432717E-001          3.1667785468707366E-001          5.9738426741418948E-001          4.9797949514887468E-001          1.4016926639044296E+053         -1.3239367620839942E+014 
                            2430          2.2633583942634091E+005          9.8878536876025339E+002          5.8869150477960682E+002          8.6067159328904932E+000          2.1514594810336273E+001          2.7071818118253719E+002          1.7840918803614920E+002         -5.3048347434113741E-001         -1.0000000000000000E+000          1.9998857036744915E+000          8.0003589663263242E-001         -6.4622485906954722E+001         -1.0730703989374634E+001         -1.1598428691551296E+001         -9.8999999999999986E+001         -9.8999999999999986E+001         -1.0793991679715530E+001         -9.8999999999999986E+001          8.0000000000000004E-001          1.3560487347308423E-001          1.4017105026950044E+053          2.9388826486786619E+039          0.0000000000000000E+000         -1.3787832372343156E+026         -3.9555515290857079E+034          2.9389222041940904E+039          0.0000000000000000E+000          0.0000000000000000E+000                                1                                2          1.5118080136226898E-007          7.3546853001688189E-008          1.3560487347787736E-001          3.1667504475935493E-001          9.3994488276185617E-001          4.9798549873076947E-001          1.4017105026950044E+053         -1.5884489127285219E+014 
                            2440          2.2635745689823930E+005          9.8883642911058178E+002          5.8871177105545769E+002          8.6065677906922566E+000          2.1514224486176190E+001          2.7072750090272035E+002          1.7841532995923512E+002         -5.0034039455387558E-001         -1.0000000000000000E+000          1.9998857032269810E+000          8.0003589669331621E-001         -5.4761026500447862E+001         -1.0643869690114409E+001         -1.1511606411399834E+001         -9.8999999999999986E+001         -9.8999999999999986E+001         -1.0707155494947646E+001         -9.8999999999999986E+001          8.0000000000000004E-001          1.3560112065733806E-001          1.4017346299984242E+053          3.8956043432315390E+039          0.0000000000000000E+000         -1.3786181323862210E+026         -4.8310907136945397E+034          3.8956526541388137E+039          0.0000000000000000E+000          0.0000000000000000E+000                                1                                2          1.3287450166680839E-007          7.3543055277444556E-008          1.3560112066204372E-001          3.1667105722931232E-001          1.0000000000000000E+000          4.9799401820191042E-001          1.4017346299984242E+053         -1.9399723133941319E+014 
                            2450          2.2637450505730353E+005          9.8888471035583200E+002          5.8873093396019476E+002          8.6064277209598394E+000          2.1513874341370784E+001          2.7073631322257103E+002          1.7842113749350128E+002         -4.7284787651469234E-001         -1.0000000000000000E+000          1.9998857027967329E+000          8.0003589675165765E-001         -4.7221995839692980E+001         -1.0559383107672238E+001         -1.1427131384415134E+001         -9.8999999999999986E+001         -9.8999999999999986E+001         -1.0622667099790414E+001         -9.8999999999999986E+001          8.0000000000000004E-001          1.3559751270880968E-001          1.4017574433383420E+053          4.5098615067768317E+039          0.0000000000000000E+000         -1.3784594170318384E+026         -5.8686130196698678E+034          4.5099201929071662E+039          0.0000000000000000E+000          0.0000000000000000E+000                                1                                2          1.1856266979387373E-007          7.3539464615913307E-008          1.3559751271324855E-001          3.1666722349955206E-001          1.0000000000000000E+000          4.9800220907210896E-001          1.4017574433383420E+053         -2.3565169009037447E+014 
                            2460          2.2638735746278102E+005          9.8892513283281141E+002          5.8874697746541801E+002          8.6063104575708866E+000          2.1513581207199717E+001          2.7074369104352411E+002          1.7842599965947917E+002         -4.5004527895901897E-001         -1.0000000000000000E+000          1.9998857024075793E+000          8.0003589680442511E-001         -4.1815447134492700E+001         -1.0485249357872675E+001         -1.1353007440206964E+001         -9.8999999999999986E+001         -9.8999999999999986E+001         -1.0548531811822626E+001         -9.8999999999999986E+001          8.0000000000000004E-001          1.3559445119444749E-001          1.4017765427564243E+053          4.8403963284497949E+039          0.0000000000000000E+000         -1.3783247517791228E+026         -6.9610116471557373E+034          4.8404659385664045E+039          0.0000000000000000E+000          0.0000000000000000E+000                                1                                2          1.0810196311760930E-007          7.3536458678237331E-008          1.3559445119829433E-001          3.1666397030480153E-001          1.0000000000000000E+000          4.9800915962727194E-001          1.4017765427564243E+053         -2.7950816759927259E+014 
                            2470          2.2639640797152804E+005          9.8895468467927935E+002          5.8875870632430383E+002          8.6062247334390616E+000          2.1513366914143649E+001          2.7074908471531995E+002          1.7842955422406695E+002         -4.3297236458555022E-001         -1.0000000000000000E+000          1.9998857020889473E+000          8.0003589684762955E-001         -3.8213810883385044E+001         -1.0427532009466713E+001         -1.1295297310136185E+001         -9.8999999999999986E+001         -9.8999999999999986E+001         -1.0490813331127788E+001         -9.8999999999999986E+001          8.0000000000000004E-001          1.3559219752072069E-001          1.4017905055157634E+053          4.9059147827568242E+039          0.0000000000000000E+000         -1.3782256276512973E+026         -7.9504556379057065E+034          4.9059942873133412E+039          0.0000000000000000E+000          0.0000000000000000E+000                                1                                2          1.0103110898032172E-007          7.3534261269023007E-008          1.3559219752392762E-001          3.1666157547685297E-001          1.0000000000000000E+000          4.9801427627439188E-001          1.4017905055157634E+053         -3.1923068744404050E+014 
                            2480          2.2640444536037755E+005          9.8898090419215714E+002          5.8876911251017009E+002          8.6061486787399062E+000          2.1513176792164881E+001          2.7075387013697713E+002          1.7843270793868666E+002         -4.1716299451779876E-001         -1.0000000000000000E+000          1.9998857017676470E+000          8.0003589689119481E-001         -3.5272144526529672E+001         -1.0374227097424932E+001         -1.1241998618774060E+001         -9.8999999999999986E+001         -9.8999999999999986E+001         -1.0437507443309720E+001         -9.8999999999999986E+001          8.0000000000000004E-001          1.3559025536023026E-001          1.4018028935573267E+053          4.8372255843394174E+039          0.0000000000000000E+000         -1.3781402096262599E+026         -8.9887421232739200E+034          4.8373154717607878E+039          0.0000000000000000E+000          0.0000000000000000E+000                                1                                2          9.5400899460597048E-008          7.3532311754626791E-008          1.3559025536383831E-001          3.1665951164257511E-001          1.0000000000000000E+000          4.9801868577025732E-001          1.4018028935573267E+053         -3.6091366397652881E+014 
                            2490          2.2641249474098859E+005          9.8900613114024441E+002          5.8877912466968360E+002          8.6060755058835507E+000          2.1512993873423646E+001          2.7075847435845304E+002          1.7843574224081109E+002         -4.0078854378939488E-001         -1.0000000000000000E+000          1.9998857014022895E+000          8.0003589694073340E-001         -3.2487255085780184E+001         -1.0317601185553919E+001         -1.1185378715905163E+001         -9.8999999999999986E+001         -9.8999999999999986E+001         -1.0380880588881526E+001         -9.8999999999999986E+001          8.0000000000000004E-001          1.3558837931407083E-001          1.4018148124130843E+053          4.5306023887979969E+039          0.0000000000000000E+000         -1.3780577033944966E+026         -1.0240631902815500E+035          4.5307047951171628E+039          0.0000000000000000E+000          0.0000000000000000E+000                                1                                2          9.0028313667827088E-008          7.3530436138538119E-008          1.3558837931820758E-001          3.1665751803923403E-001          1.0000000000000000E+000          4.9802294524956348E-001          1.4018148124130843E+053         -4.1117171121168569E+014 
                            2500          2.2642063206117862E+005          9.8902899536051598E+002          5.8878819902240548E+002          8.6060091887614441E+000          2.1512828091441282E+001          2.7076264731408850E+002          1.7843849233244077E+002         -3.8375221704632018E-001         -1.0000000000000000E+000          1.9998857009794180E+000          8.0003589699806943E-001         -2.9840972247456701E+001         -1.0257132996465753E+001         -1.1124916018349728E+001         -9.8999999999999986E+001         -9.8999999999999986E+001         -1.0320411538418339E+001         -9.8999999999999986E+001          8.0000000000000004E-001          1.3558666484762813E-001          1.4018256147577375E+053          3.8791800775708390E+039          0.0000000000000000E+000         -1.3779823064611586E+026         -1.1770548523627478E+035          3.8792977830562130E+039          0.0000000000000000E+000          0.0000000000000000E+000                                1                                2          8.4879203849403882E-008          7.3528736273219283E-008          1.3558666485243825E-001          3.1665569612550032E-001          1.0000000000000000E+000          4.9802683795971731E-001          1.4018256147577375E+053         -4.7259152040498644E+014 
                            2510          2.2642885925395426E+005          9.8904713571843058E+002          5.8879539850908850E+002          8.6059565750544476E+000          2.1512696563479413E+001          2.7076595808335691E+002          1.7844067422827356E+002         -3.6612913601927788E-001         -1.0000000000000000E+000          1.9998857004855559E+000          8.0003589706503009E-001         -2.7340013426164312E+001         -1.0192884038010213E+001         -1.1060671497040031E+001         -9.8999999999999986E+001         -9.8999999999999986E+001         -1.0256161883982964E+001         -9.8999999999999986E+001          8.0000000000000004E-001          1.3558527957851196E-001          1.4018341851149319E+053          2.7456188140752310E+039          0.0000000000000000E+000         -1.3779213883383691E+026         -1.3647310740482206E+035          2.7457552871827735E+039          0.0000000000000000E+000          0.0000000000000000E+000                                1                                2          7.9970576624821046E-008          7.3527387664497991E-008          1.3558527958416414E-001          3.1665422404431598E-001          1.0000000000000000E+000          4.9802998331601761E-001          1.4018341851149319E+053         -5.4793677117883675E+014 
                            2520          2.2643723620997655E+005          9.8905728973841724E+002          5.8879942836577879E+002          8.6059271262253869E+000          2.1512622940475616E+001          2.7076781124984950E+002          1.7844189553705237E+002         -3.4787836315943249E-001         -1.0000000000000000E+000          1.9998856998994308E+000          8.0003589714449974E-001         -2.4980499585715656E+001         -1.0124582306968804E+001         -1.0992372403921285E+001         -9.8999999999999986E+001         -9.8999999999999986E+001         -1.0187859739179254E+001         -9.8999999999999986E+001          8.0000000000000004E-001          1.3558445603041247E-001          1.4018389822063665E+053          9.4218145547784893E+038          0.0000000000000000E+000         -1.3778851716992878E+026         -1.5971645252245314E+035          9.4234117193050912E+038          0.0000000000000000E+000          0.0000000000000000E+000                                1                                2          7.5298430143493577E-008          7.3526632805733324E-008          1.3558445603716299E-001          3.1665334892483976E-001          1.0000000000000000E+000          4.9803185335333666E-001          1.4018389822063665E+053         -6.4125319114101262E+014 
                            2530          2.2644579797863914E+005          9.8905461290759513E+002          5.8879836595307779E+002          8.6059348923438339E+000          2.1512642343637864E+001          2.7076732265949784E+002          1.7844157358338720E+002         -3.2902883844288672E-001         -1.0000000000000000E+000          1.9998856991944827E+000          8.0003589724007929E-001         -2.2762458972597145E+001         -1.0052123632741713E+001         -1.0919913464456055E+001         -9.8999999999999986E+001         -9.8999999999999986E+001         -1.0115401106555067E+001         -9.8999999999999986E+001          8.0000000000000004E-001          1.3558453883639138E-001          1.4018377173127717E+053         -1.7671313432550471E+039          0.0000000000000000E+000         -1.3778888088014686E+026         -1.8871579245498649E+035         -1.7669426274624544E+039          0.0000000000000000E+000          0.0000000000000000E+000                                1                                2          7.0867312698589525E-008          7.3526831802183429E-008          1.3558453884446151E-001          3.1665343704031657E-001          1.0000000000000000E+000          4.9803166556450446E-001          1.4018377173127717E+053         -7.5768463236256988E+014 
                            2540          2.2645463022305132E+005          9.8903203926106517E+002          5.8878940692339575E+002          8.6060003685299744E+000          2.1512806004954442E+001          2.7076320269165984E+002          1.7843885848132598E+002         -3.0952592966261178E-001         -1.0000000000000000E+000          1.9998856983301070E+000          8.0003589735727598E-001         -2.0673716991262271E+001         -9.9751120130284843E+000         -1.0842897063146930E+001         -9.8999999999999986E+001         -9.8999999999999986E+001         -1.0038390236847309E+001         -9.8999999999999986E+001          8.0000000000000004E-001          1.3558603163464317E-001          1.4018270520276540E+053         -5.7044253992860085E+039          0.0000000000000000E+000         -1.3779544457938487E+026         -2.2532964648913983E+035         -5.7042000696393819E+039          0.0000000000000000E+000          0.0000000000000000E+000                                1                                2          6.6662911645519654E-008          7.3528509977051064E-008          1.3558603163142052E-001          3.1665502361165754E-001          1.0000000000000000E+000          4.9802827650278775E-001          1.4018270520276540E+053         -9.0470060361447125E+014 
                            2550          2.2646375868451578E+005          9.8897950853331190E+002          5.8876855831921478E+002          8.6061527416694847E+000          2.1513186883490853E+001          2.7075361512618275E+002          1.7843254012435889E+002         -2.8948492682589594E-001         -1.0000000000000000E+000          1.9998856972574031E+000          8.0003589750272175E-001         -1.8722358785436057E+001         -9.8938670663611799E+000         -1.0761640515773930E+001         -9.8999999999999986E+001         -9.8999999999999986E+001         -9.9571471099621842E+000         -9.8999999999999986E+001          8.0000000000000004E-001          1.3558965340448478E-001          1.4018022327054129E+053         -1.1240661817217729E+040          0.0000000000000000E+000         -1.3781136674268698E+026         -2.7168119057227594E+035         -1.1240390136027019E+040          0.0000000000000000E+000          0.0000000000000000E+000                                1                                2          6.2709168067381600E-008          7.3532415524240255E-008          1.3558965243093221E-001          3.1665887163537354E-001          1.0000000000000000E+000          4.9802005609397609E-001          1.4018022327054129E+053         -1.0908409268295196E+015 
                            2560          2.2647328706951055E+005          9.8888230872548888E+002          5.8872998033739441E+002          8.6064347105121133E+000          2.1513891714119957E+001          2.7073587444363881E+002          1.7842084870074041E+002         -2.6887836333135040E-001         -1.0000000000000000E+000          1.9998856958992737E+000          8.0003589768687489E-001         -1.6900002473661537E+001         -9.8081495859873833E+000         -1.0675901101748565E+001         -9.8999999999999986E+001         -9.8999999999999986E+001         -9.8714330781407345E+000         -9.8999999999999986E+001          8.0000000000000004E-001          1.3559650141070725E-001          1.4017563063553022E+053         -1.8876589511916292E+040          0.0000000000000000E+000         -1.3784125282316886E+026         -3.3095586783379192E+035         -1.8876258556048321E+040          0.0000000000000000E+000          0.0000000000000000E+000                                1                                2          5.9001798554594005E-008          7.3539643216145190E-008          1.3559644765197085E-001          3.1666609284826991E-001          1.0000000000000000E+000          4.9800462921158278E-001          1.4017563063553022E+053         -1.3289254975828882E+015 
                            2570          2.2648328452059830E+005          9.8871984279744140E+002          5.8866549585971313E+002          8.6069060919524034E+000          2.1515070022346475E+001          2.7070622027605918E+002          1.7840130605143705E+002         -2.4781060283214379E-001         -1.0000000000000000E+000          1.9998856941534160E+000          8.0003589792361895E-001         -1.5207522099646013E+001         -9.7182495856258040E+000         -1.0585957731712073E+001         -9.8999999999999986E+001         -9.8999999999999986E+001         -9.7815401990268320E+000         -9.8999999999999986E+001          8.0000000000000004E-001          1.3561004307442703E-001          1.4016795355866933E+053         -2.9163070887198007E+040          0.0000000000000000E+000         -1.3789158845757842E+026         -4.0705982370873060E+035         -2.9162663827374160E+040          0.0000000000000000E+000          0.0000000000000000E+000                                1                                2          5.5551340140567561E-008          7.3551727211900338E-008          1.3560788956024755E-001          3.1667825096249480E-001          1.0000000000000000E+000          4.9797865511177541E-001          1.4016795355866933E+053         -1.6346918863708180E+015 
                            2580          2.2649399534891828E+005          9.8845883284025115E+002          5.8856189082874459E+002          8.6076636054348405E+000          2.1516963579475448E+001          2.7065857594435846E+002          1.7836990752217969E+002         -2.2608775793596514E-001         -1.0000000000000000E+000          1.9998856918371237E+000          8.0003589823782861E-001         -1.3472719247788598E+001         -9.6232777913661600E+000         -1.0490632975541756E+001         -9.8999999999999986E+001         -9.8999999999999986E+001         -9.6866376939245935E+000         -9.8999999999999986E+001          8.0000000000000004E-001          1.3572030152298184E-001          1.4015561819026898E+053         -4.2933253515042370E+040          0.0000000000000000E+000         -1.3797277016266669E+026         -5.0653087261257231E+035         -4.2932746984169618E+040          0.0000000000000000E+000          0.0000000000000000E+000                                1                                2          5.2338458723909531E-008          7.3571149096285427E-008          1.3562633550498085E-001          3.1669784880967133E-001          1.0000000000000000E+000          4.9793678669374652E-001          1.4015561819026898E+053         -2.0342613626630145E+015 
                            2590          2.2650516209720363E+005          9.8806875872798230E+002          5.8840703822884973E+002          8.6087961898855578E+000          2.1519794708211368E+001          2.7058736466287127E+002          1.7832297789666853E+002         -2.0461260864260603E-001         -1.0000000000000000E+000          1.9998856888211920E+000          8.0003589864921643E-001         -1.2060229481632890E+001         -9.5252096160388486E+000         -1.0386615351604496E+001         -9.8999999999999986E+001         -9.8999999999999986E+001         -9.5897909317311836E+000         -9.8999999999999986E+001          8.0000000000000004E-001          1.3759234246346258E-001          1.4013717919755242E+053         -6.0514162724044583E+040          0.0000000000000000E+000         -1.3809570625226115E+026         -6.3465954842718398E+035         -6.0513528064496019E+040          0.0000000000000000E+000          0.0000000000000000E+000                                1                                2          4.9436966636255347E-008          7.3600193836764098E-008          1.3565425091817279E-001          3.1672750119218912E-001          1.0000000000000000E+000          4.9787343755009167E-001          1.4013717919755242E+053         -2.5430618248232280E+015 
                            2600          2.2651595977976479E+005          9.8755531209915910E+002          5.8820317785030852E+002          8.6102878962543290E+000          2.1523523539801776E+001          2.7049361643068346E+002          1.7826119596739829E+002         -1.8510403656865049E-001         -1.0000000000000000E+000          1.9998856851546165E+000          8.0003589918426887E-001         -1.0887324576074214E+001         -9.4213176527108153E+000         -1.0221537892891977E+001         -9.8999999999999986E+001         -9.8999999999999986E+001         -9.4997604165168781E+000         -9.8999999999999986E+001          8.0000000000000004E-001          1.5840896624000889E-001          1.4011290094180717E+053         -8.0440482480103046E+040          0.0000000000000000E+000         -1.3825917890203628E+026         -8.0391956716490980E+035         -8.0439678560535739E+040          0.0000000000000000E+000          0.0000000000000000E+000                                1                                2          4.7059023476775320E-008          7.3638459816343406E-008          1.3569133784917389E-001          3.1676688417731891E-001          1.0000000000000000E+000          4.9778929961650481E-001          1.4011290094180717E+053         -3.1298590894840530E+015 
                            2610          2.2652643188442526E+005          9.8691172058459540E+002          5.8794759446225351E+002          8.6121591749320210E+000          2.1528201178752742E+001          2.7037608257076522E+002          1.7818373888958436E+002         -1.6748362313994802E-001         -1.0000000000000000E+000          1.9998856803017906E+000          8.0003590023233317E-001         -9.9086531254605941E+000         -9.2470866475967686E+000         -9.7990926512193042E+000         -9.8999999999999986E+001         -9.8999999999999986E+001         -9.4172280912357085E+000         -9.8999999999999986E+001          8.0000000000000004E-001          2.8053948563210451E-001          1.4008245696070166E+053         -1.0202857184737310E+041          0.0000000000000000E+000         -1.3846525781148476E+026         -1.1813418506763932E+036         -1.0202739050552228E+041          0.0000000000000000E+000          0.0000000000000000E+000                                1                                2          4.5145403123486992E-008          7.3686481424451638E-008          1.3573803708014803E-001          3.1681645596370045E-001          1.0000000000000000E+000          4.9768339450971594E-001          1.4008245696070166E+053         -3.7864307339207760E+015 
                            2620          2.2653664081511856E+005          9.8613243657110968E+002          5.8763805038735586E+002          8.6144271972226392E+000          2.1533870448012273E+001          2.7023373381044036E+002          1.7808992872676296E+002         -1.5155466226104153E-001         -1.0000000000000000E+000          1.9998856711051389E+000          8.0003590427907556E-001         -9.0846529257423683E+000         -8.8697864232191765E+000         -9.1367683300939788E+000         -9.8999999999999986E+001         -9.8999999999999986E+001         -9.3417980358778436E+000         -9.8999999999999986E+001          8.0000000000000004E-001          5.4077685175927948E-001          1.4004557682323928E+053         -1.2487170433014003E+041          0.0000000000000000E+000         -1.3871618002455527E+026         -2.7179178839743079E+036         -1.2486898641225591E+041          0.0000000000000000E+000          0.0000000000000000E+000                                1                                2          4.3612526010837644E-008          7.3744711632539866E-008          1.3579481825911729E-001          3.1687670295245796E-001          1.0000000000000000E+000          4.9755468739014991E-001          1.4004557682323928E+053         -4.5068202647185620E+015 
                            2630          2.2654666870498689E+005          9.8521201794574711E+002          5.8727234010020902E+002          8.6171092159944234E+000          2.1540573995060356E+001          2.7006555474330378E+002          1.7797909809482582E+002         -1.3710094553798788E-001         -1.0000000000000000E+000          1.9998856426633740E+000          8.0003592319691119E-001         -8.3830441311544774E+000         -8.3226871953253276E+000         -8.4690943362283928E+000         -9.8999999999999986E+001         -9.8999999999999986E+001         -9.2729902724324269E+000         -9.8999999999999986E+001          8.0000000000000004E-001          7.1382681638136303E-001          1.4000199366142341E+053         -1.4840222415182393E+041          0.0000000000000000E+000         -1.3901388959474251E+026         -9.3471637232056277E+036         -1.4839287698810060E+041          0.0000000000000000E+000          0.0000000000000000E+000                                1                                2          4.2397408938761457E-008          7.3813606454032306E-008          1.3586207705383971E-001          3.1694803350042150E-001          1.0000000000000000E+000          4.9740232744617208E-001          1.4000199366142341E+053         -5.2835625226950140E+015 
                            2640          2.2655666874821950E+005          9.8413547146526298E+002          5.8684444994164960E+002          8.6202510659313454E+000          2.1548424550181842E+001          2.6986877543758840E+002          1.7784942841709326E+002         -1.2385650181011898E-001         -1.0000000000000000E+000          1.9998855378513942E+000          8.0003600259763230E-001         -7.7756547873774489E+000         -7.7575405240842255E+000         -7.8694329374450085E+000         -9.8999999999999986E+001         -9.8999999999999986E+001         -9.2097863903726509E+000         -9.8999999999999986E+001          8.0000000000000004E-001          7.7287202295285984E-001          1.3995098841051994E+053         -1.7248837701723969E+041          0.0000000000000000E+000         -1.3936366990796869E+026         -3.4041977831237596E+037         -1.7245433503940831E+041          0.0000000000000000E+000          0.0000000000000000E+000                                1                                2          4.1442446045860016E-008          7.3894351209753405E-008          1.3594096109293755E-001          3.1703166366519059E-001          1.0000000000000000E+000          4.9722380063094151E-001          1.3995098841051994E+053         -6.1153659656573680E+015 
                            2650          2.2656666874826173E+005          9.8289833892710578E+002          5.8635253629286046E+002          8.6238694074587094E+000          2.1557457969774013E+001          2.6964253408924526E+002          1.7770037326769787E+002         -1.1170120527165686E-001         -1.0000000000000000E+000          1.9998851776572943E+000          8.0003628564234042E-001         -7.2464425033412034E+000         -7.2402372563208912E+000         -7.3422911004286906E+000         -9.8999999999999986E+001         -9.8999999999999986E+001         -9.1518637531786098E+000         -9.8999999999999986E+001          8.0000000000000004E-001          7.9058060523410900E-001          1.3989234641839074E+053         -1.9673699638442256E+041          0.0000000000000000E+000         -1.3976796564226589E+026         -1.1169504715140942E+038         -1.9662530133727101E+041          0.0000000000000000E+000          0.0000000000000000E+000                                1                                2          4.0711869791137689E-008          7.3987358902051867E-008          1.3603199396472723E-001          3.1712818591726444E-001          1.0000000000000000E+000          4.9701810590795070E-001          1.3989234641839074E+053         -6.9932898563988560E+015 
                            2660          2.2657666874826176E+005          9.8150021147766688E+002          5.8579634923057688E+002          8.6279720852555641E+000          2.1567678589404345E+001          2.6938667894512866E+002          1.7753188928587213E+002         -1.0056189546170331E-001         -1.0000000000000000E+000          1.9998840903018524E+000          8.0003714972588746E-001         -6.7838559865329682E+000         -6.7814299691455924E+000         -6.8803522080438952E+000         -9.8999999999999986E+001         -9.8999999999999986E+001         -9.0990871231201389E+000         -9.8999999999999986E+001          8.0000000000000004E-001          7.9630191674889195E-001          1.3982606352284082E+053         -2.2087218191418955E+041          0.0000000000000000E+000         -1.4022769156428599E+026         -3.2083327373922787E+038         -2.2055134864045017E+041          0.0000000000000000E+000          0.0000000000000000E+000                                1                                2          4.0181518347743435E-008          7.4092752417185922E-008          1.3613542159258840E-001          3.1723799909669809E-001          1.0000000000000000E+000          4.9678509056115738E-001          1.3982606352284082E+053         -7.9038757934279580E+015 
                            2670          2.2658666874826176E+005          9.7994226758261573E+002          5.8517625134386333E+002          8.6325680429837135E+000          2.1579074067231822E+001          2.6910129331177109E+002          1.7734415972999435E+002         -9.0373388440658439E-002         -1.0000000000000000E+000          1.9998812049884627E+000          8.0003945146854105E-001         -6.3784470450401205E+000         -6.3773803997001073E+000         -6.4751752079018603E+000         -9.8999999999999986E+001         -9.8999999999999986E+001         -9.0512905473496978E+000         -9.8999999999999986E+001          8.0000000000000004E-001          7.9837180615735115E-001          1.3975225212057792E+053         -2.4448447617822892E+041          0.0000000000000000E+000         -1.4074342430729342E+026         -8.1277704072891949E+038         -2.4367169913749987E+041          0.0000000000000000E+000          0.0000000000000000E+000                                1                                2          3.9829458971509520E-008          7.4210547470133938E-008          1.3625156797204580E-001          3.1736179643738677E-001          1.0000000000000000E+000          4.9652486327883960E-001          1.3975225212057792E+053         -8.8321239842115810E+015 
                            2680          2.2659666874826176E+005          9.7822469837535482E+002          5.8449218724855700E+002          8.6376791792577574E+000          2.1591629541690367E+001          2.6878618486168585E+002          1.7713731454880920E+002         -8.1035397888683608E-002         -1.0000000000000000E+000          1.9998743759773110E+000          8.0004490745620416E-001         -6.0210992160720380E+000         -6.0205813894029054E+000         -6.1179209083633843E+000         -9.8999999999999986E+001         -9.8999999999999986E+001         -9.0081179086709966E+000         -9.8999999999999986E+001          8.0000000000000004E-001          7.9920921189617122E-001          1.3967105368470702E+053         -2.6772630146293587E+041          0.0000000000000000E+000         -1.4131616607311897E+026         -1.8469965176295386E+039         -2.6587930494530619E+041          0.0000000000000000E+000          0.0000000000000000E+000                                1                                2          3.9634895680223295E-008          7.4340846522489045E-008          1.3638113961324788E-001          3.1750105978007692E-001          1.0000000000000000E+000          4.9623744789678087E-001          1.3967105368470702E+053         -9.7659646659025660E+015 
                            2690          2.2660666874826176E+005          9.7634472712382092E+002          5.8374288426752753E+002          8.6433520611481285E+000          2.1605336030782503E+001          2.6844046881139445E+002          1.7691123144453869E+002         -7.2489468744210139E-002         -1.0000000000000000E+000          1.9998597423302935E+000          8.0005660644435073E-001         -5.7053682556263645E+000         -5.7050945115972338E+000         -5.8022315402904088E+000         -9.8999999999999986E+001         -9.8999999999999986E+001         -8.9694212680175998E+000         -9.8999999999999986E+001          8.0000000000000004E-001          7.9958193093072172E-001          1.3958259060594469E+053         -2.9050347084386248E+041          0.0000000000000000E+000         -1.4194829714380473E+026         -3.8163935789965435E+039         -2.8668707726486580E+041          0.0000000000000000E+000          0.0000000000000000E+000                                1                                2          3.9581083536636353E-008          7.4483991305673042E-008          1.3652561509009040E-001          3.1765870232891524E-001          1.0000000000000000E+000          4.9592236743844570E-001          1.3958259060594469E+053         -1.0689148687945430E+016 
                            2700          2.2661666874826176E+005          9.7429491353300830E+002          5.8292516142075044E+002          8.6496700810400124E+000          2.1620195725238641E+001          2.6806219167809195E+002          1.7666537787987554E+002         -6.4645126253703972E-002         -1.0000000000000000E+000          1.9998309614662526E+000          8.0007962251420350E-001         -5.4247922328643670E+000         -5.4246368288498399E+000         -5.5216756899128692E+000         -9.8999999999999986E+001         -9.8999999999999986E+001         -8.9348680268529943E+000         -9.8999999999999986E+001          8.0000000000000004E-001          7.9976268831647013E-001          1.3948693966339063E+053         -3.1346063464802119E+041          0.0000000000000000E+000         -1.4264408412791250E+026         -7.2744013350570682E+039         -3.0618623331296398E+041          0.0000000000000000E+000          0.0000000000000000E+000                                1                                2          3.9653176011015823E-008          7.4640697756210381E-008          1.3668756780072017E-001          3.1783968586114825E-001          1.0000000000000000E+000          4.9557847613349193E-001          1.3948693966339063E+053         -1.1590192860634914E+016 
                            2710          2.2662666874826176E+005          9.7205717020370116E+002          5.8203151956111253E+002          8.6567806336587250E+000          2.1636257068413610E+001          2.6764714736337794E+002          1.7639814733218063E+002         -5.7373131070665474E-002         -1.0000000000000000E+000          1.9997782093217598E+000          8.0012181493916024E-001         -5.1723424830632645E+000         -5.1722491432299362E+000         -5.2692365254408555E+000         -9.8999999999999986E+001         -9.8999999999999986E+001         -8.9039365854319499E+000         -9.8999999999999986E+001          8.0000000000000004E-001          7.9985749335556178E-001          1.3938391609251726E+053         -3.3729888517448588E+041          0.0000000000000000E+000         -1.4341210107116391E+026         -1.2997146791974505E+040         -3.2430173838251124E+041          0.0000000000000000E+000          0.0000000000000000E+000                                1                                2          3.9835093017773311E-008          7.4812525842683718E-008          1.3687147267990868E-001          3.1805223124771409E-001          1.0000000000000000E+000          4.9520288026862008E-001          1.3938391609251726E+053         -1.2465083215785618E+016 
                            2720          2.2663666874826176E+005          9.6960143600549009E+002          5.8104957639111205E+002          8.6649102038042347E+000          2.1653614734980188E+001          2.6718853214733917E+002          1.7610676302165814E+002         -5.0624125593268073E-002         -1.0000000000000000E+000          1.9996870394491384E+000          8.0019474090609710E-001         -4.9443031806914322E+000         -4.9442443540119916E+000         -5.0412031131334931E+000         -9.8999999999999986E+001         -9.8999999999999986E+001         -8.8765135425021402E+000         -9.8999999999999986E+001          8.0000000000000004E-001          7.9991021137979768E-001          1.3927308666844703E+053         -3.6292058915121805E+041          0.0000000000000000E+000         -1.4426603031306715E+026         -2.1952552243032349E+040         -3.4096803690818553E+041          0.0000000000000000E+000          0.0000000000000000E+000                                1                                2          4.0116360952803323E-008          7.5002005428154737E-008          1.3708418374376857E-001          3.1830873145481953E-001          1.0000000000000000E+000          4.9479072067997176E-001          1.3927308666844703E+053         -1.3301309404091832E+016 
                            2730          2.2664666874826176E+005          9.6688202330525314E+002          5.7996056226968312E+002          8.6743875707373466E+000          2.1672426633807778E+001          2.6667616342341518E+002          1.7578690087697444E+002         -4.4298999895807420E-002         -1.0000000000000000E+000          1.9995371561530175E+000          8.0031463700997729E-001         -4.7359870056726416E+000         -4.7359484963907459E+000         -4.8328904078422585E+000         -9.8999999999999986E+001         -9.8999999999999986E+001         -8.8523419054236765E+000         -9.8999999999999986E+001          8.0000000000000004E-001          7.9994124305352798E-001          1.3915367397841584E+053         -3.9167370946901952E+041          0.0000000000000000E+000         -1.4522630447872925E+026         -3.5430207913851722E+040         -3.5624350155516765E+041          0.0000000000000000E+000          0.0000000000000000E+000                                1                                2          4.0489617761616114E-008          7.5212952990720160E-008          1.3733561547303647E-001          3.1862690997839771E-001          1.0000000000000000E+000          4.9433458569002053E-001          1.3915367397841584E+053         -1.4092254001030102E+016 
                            2740          2.2665666874826176E+005          9.6383057761393263E+002          5.7873642693763964E+002          8.6856889162039597E+000          2.1692945512510327E+001          2.6609496996145958E+002          1.7543197049769122E+002         -3.8276199426209842E-002         -1.0000000000000000E+000          1.9992999775388276E+000          8.0050436880788034E-001         -4.5423272563191741E+000         -4.5423013541407933E+000         -4.6392328130332912E+000         -9.8999999999999986E+001         -9.8999999999999986E+001         -8.8310692761080212E+000         -9.8999999999999986E+001          8.0000000000000004E-001          7.9996049619631970E-001          1.3902437913583918E+053         -4.2551740667117347E+041          0.0000000000000000E+000         -1.4632328787089843E+026         -5.5279344038094569E+040         -3.7023806263307873E+041          0.0000000000000000E+000          0.0000000000000000E+000                                1                                2          4.0945415590345413E-008          7.5451073928845191E-008          1.3764008673021885E-001          3.1903211466457326E-001          1.0000000000000000E+000          4.9382335058210358E-001          1.3902437913583918E+053         -1.4837352689860376E+016 
                            2750          2.2666666874826176E+005          9.6034290297782309E+002          5.7733442997595580E+002          8.6995195970236470E+000          2.1715580907039715E+001          2.6542219183178793E+002          1.7503175090148244E+002         -3.2398324457636740E-002         -1.0000000000000000E+000          1.9989343667107653E+000          8.0079684585950772E-001         -4.3576238962466940E+000         -4.3576062116756242E+000         -4.4545308585035945E+000         -9.8999999999999986E+001         -9.8999999999999986E+001         -8.8123001042411708E+000         -9.8999999999999986E+001          8.0000000000000004E-001          7.9997304396168323E-001          1.3888302812871087E+053         -4.6797963308714123E+041          0.0000000000000000E+000         -1.4760299342110778E+026         -8.4475860679081786E+040         -3.8350377240805932E+041          0.0000000000000000E+000          0.0000000000000000E+000                                1                                2          4.1477130477276361E-008          7.5725089383109379E-008          1.3801870691085807E-001          3.1956137197203416E-001          1.0000000000000000E+000          4.9324009190106621E-001          1.3888302812871087E+053         -1.5541467786474446E+016 
                            2760          2.2667666874826176E+005          9.5625319478930646E+002          5.7568654440045680E+002          8.7169800714341417E+000          2.1741014775914969E+001          2.6462185186102613E+002          1.7456975671885311E+002         -2.6482861476315116E-002         -1.0000000000000000E+000          1.9983776696974263E+000          8.0124219138332997E-001         -4.1758225628687304E+000         -4.1758104691247873E+000         -4.2727304823732437E+000         -9.8999999999999986E+001         -9.8999999999999986E+001         -8.7957764402945475E+000         -9.8999999999999986E+001          8.0000000000000004E-001          7.9998157908850809E-001          1.3872592003065239E+053         -5.2497760172840124E+041          0.0000000000000000E+000         -1.4913869642343018E+026         -1.2820632571835714E+041         -3.9677127601004394E+041          0.0000000000000000E+000          0.0000000000000000E+000                                1                                2          4.2080719119117877E-008          7.6048950803718275E-008          1.3850430780983430E-001          3.2027182258027698E-001          1.0000000000000000E+000          4.9255788570198417E-001          1.3872592003065239E+053         -1.6209133647849072E+016 
                            2770          2.2668666874826176E+005          9.5128835695826308E+002          5.7368056946187346E+002          8.7398844827350466E+000          2.1770388154900338E+001          2.6363475001481675E+002          1.7401867754423935E+002         -2.0255003018257351E-002         -1.0000000000000000E+000          1.9975275175216325E+000          8.0192230060417569E-001         -3.9886193895310997E+000         -3.9886112566992771E+000         -4.0855279882419326E+000         -9.8999999999999986E+001         -9.8999999999999986E+001         -8.7812145707571254E+000         -9.8999999999999986E+001          8.0000000000000004E-001          7.9998762409763546E-001          1.3854680580598577E+053         -6.0774531555205755E+041          0.0000000000000000E+000         -1.5105191301186728E+026         -1.9694894511474786E+041         -4.1079637043730958E+041          0.0000000000000000E+000          0.0000000000000000E+000                                1                                2          4.2758418679400897E-008          7.6445855386014155E-008          1.3915090195722435E-001          3.2125728547271004E-001          1.0000000000000000E+000          4.9173264119448068E-001          1.3854680580598577E+053         -1.6851153136923756E+016 
                            2780          2.2669666874826176E+005          9.4492268599948329E+002          5.7110024908696425E+002          8.7717304366253988E+000          2.1805926444196878E+001          2.6234702512435547E+002          1.7332566804837197E+002         -1.3207466434848407E-002         -1.0000000000000000E+000          1.9961881113362550E+000          8.0299381263380665E-001         -3.7815329317079640E+000         -3.7815277230040305E+000         -3.8784420331231226E+000         -9.8999999999999986E+001         -9.8999999999999986E+001         -8.7680915718993067E+000         -9.8999999999999986E+001          8.0000000000000004E-001          7.9999208446810921E-001          1.3833338524945448E+053         -7.4407869829132479E+041          0.0000000000000000E+000         -1.5357643285200214E+026         -3.1656669216937417E+041         -4.2751200612195047E+041          0.0000000000000000E+000          0.0000000000000000E+000                                1                                2          4.3512993990795225E-008          7.6960849013281243E-008          1.4006215027732818E-001          3.2269775773182907E-001          1.0000000000000000E+000          4.9068063208009022E-001          1.3833338524945448E+053         -1.7497502971930862E+016 
                            2790          2.2670666874826176E+005          9.3591264241168381E+002          5.6743305852317962E+002          8.8208736710236373E+000          2.1852917003674385E+001          2.6048902503470822E+002          1.7236532669591551E+002         -4.1658903984182266E-003         -1.0000000000000000E+000          1.9938930945462627E+000          8.0482981276878118E-001         -3.5224542670071513E+000         -3.5224513092200169E+000         -3.6193637572678994E+000         -9.8999999999999986E+001         -9.8999999999999986E+001         -8.7554734123927407E+000         -9.8999999999999986E+001          8.0000000000000004E-001          7.9999551450345108E-001          1.3805623311452738E+053         -1.0244369574143276E+042          0.0000000000000000E+000         -1.5726191926598459E+026         -5.7301457721043883E+041         -4.5142238020388869E+041          0.0000000000000000E+000          0.0000000000000000E+000                                1                                2          4.4361202061824863E-008          7.7701752141138232E-008          1.4148376584288827E-001          3.2502130844824806E-001          1.0000000000000000E+000          4.8920896404221209E-001          1.3805623311452738E+053         -1.8219876065900184E+016 
                            2800          2.2671599520705003E+005          9.2019356800987691E+002          5.6099630412793215E+002          8.9159739437410206E+000          2.1927901173138299E+001          2.5716979144640351E+002          1.7073100736990807E+002          1.0715271516357495E-002         -1.0000000000000000E+000          1.9890072709281965E+000          8.0873845889233265E-001         -3.0604352989529313E+000         -3.0604342393792283E+000         -3.1573451211195995E+000         -9.8999999999999986E+001         -9.8999999999999986E+001         -8.7406593218416262E+000         -9.8999999999999986E+001          8.0000000000000004E-001          7.9999839973753861E-001          1.3762365104982854E+053         -2.1511628662193680E+042          0.0000000000000000E+000         -1.6408348403712239E+026         -1.6510040586385604E+042         -5.0015880758080739E+041          0.0000000000000000E+000          0.0000000000000000E+000                                1                                2          4.5317670205628097E-008          7.9029081157030897E-008          1.4428620161796665E-001          3.2974118856936957E-001          1.0000000000000000E+000          4.8664433840181498E-001          1.3762365104982854E+053         -1.9272807438353968E+016 
                            2810          2.2672016918375337E+005          9.0423338300786224E+002          5.5441590624569574E+002          9.0207354231202750E+000          2.1999370356721897E+001          2.5373740834974004E+002          1.6909501820028927E+002          2.5899843655143039E-002         -1.0000000000000000E+000          1.9833509867052241E+000          8.1326348036982299E-001         -2.7225296782410378E+000         -2.7225291740786459E+000         -2.8194395983894109E+000         -9.8999999999999986E+001         -9.8999999999999986E+001         -8.7269718715185824E+000         -9.8999999999999986E+001          8.0000000000000004E-001          7.9999924235277031E-001          1.3721611445177070E+053         -4.1377662994259429E+042          0.0000000000000000E+000         -1.7206175973538717E+026         -3.5723081530483288E+042         -5.6545814637761377E+041          0.0000000000000000E+000          0.0000000000000000E+000                                1                                2          4.5907671542147032E-008          8.0423985149194707E-008          1.4752311309512620E-001          3.3520701814108905E-001          1.0000000000000000E+000          4.8381918967460757E-001          1.3721611445177070E+053         -2.0417623188236740E+016 
                            2820          2.2672231533134726E+005          8.9067478117437895E+002          5.4879333602333020E+002          9.1137886966643116E+000          2.2059154099896023E+001          2.5079541926987224E+002          1.6770562999347851E+002          3.9142346836300884E-002         -1.0000000000000000E+000          1.9782713235059137E+000          8.1732720780931156E-001         -2.5511824277271589E+000         -2.5511820778671326E+000         -2.6480923750266050E+000         -9.8999999999999986E+001         -9.8999999999999986E+001         -8.7157816536542310E+000         -9.8999999999999986E+001          8.0000000000000004E-001          7.9999947657391934E-001          1.3687418734774837E+053         -5.9022867250510474E+042          0.0000000000000000E+000         -1.7921084400662413E+026         -5.2720775603008463E+042         -6.3020916475020116E+041          0.0000000000000000E+000          0.0000000000000000E+000                                1                                2          4.6276168315068024E-008          8.1648266801204802E-008          1.5041550297788561E-001          3.4011057465116057E-001          1.0000000000000000E+000          4.8142283218821680E-001          1.3687418734774837E+053         -2.1436185381455284E+016 
                            2830          2.2672378778899222E+005          8.7796762774113859E+002          5.4349723778759176E+002          9.2038879630451387E+000          2.2115045740213109E+001          2.4802163164949360E+002          1.6639953940101984E+002          5.1873525262454173E-002         -1.0000000000000000E+000          1.9733427297764987E+000          8.2127008060068030E-001         -2.4138990943019789E+000         -2.4138988322387629E+000         -2.5108090571690656E+000         -9.8999999999999986E+001         -9.8999999999999986E+001         -8.7054272445282308E+000         -9.8999999999999986E+001          8.0000000000000004E-001          7.9999960962489092E-001          1.3655232479401365E+053         -7.8948551331010967E+042          0.0000000000000000E+000         -1.8624014563618165E+026         -7.1957881727407803E+042         -6.9906696036031663E+041          0.0000000000000000E+000          0.0000000000000000E+000                                1                                2          4.6578314020303713E-008          8.2829992665597331E-008          1.5323129917480863E-001          3.4488745174482188E-001          1.0000000000000000E+000          4.7917393462026175E-001          1.3655232479401365E+053         -2.2438885207383356E+016 
                            2840          2.2672488045868560E+005          8.6580561881713743E+002          5.3840399884166175E+002          9.2926858085807282E+000          2.2168566536501469E+001          2.4535302230353537E+002          1.6514471279296117E+002          6.4455774862035575E-002         -1.0000000000000000E+000          1.9684856989182511E+000          8.2515570362262036E-001         -2.3015448317240219E+000         -2.3015446237881840E+000         -2.3984548042193099E+000         -9.8999999999999986E+001         -9.8999999999999986E+001         -8.6949884998988498E+000         -9.8999999999999986E+001          8.0000000000000004E-001          7.9999969159536821E-001          1.3624159149512819E+053         -1.0048897967956338E+043          0.0000000000000000E+000         -1.9334164812404866E+026         -9.2748094050163834E+042         -7.7408856293995434E+041          0.0000000000000000E+000          0.0000000000000000E+000                                1                                2          4.6842383813037250E-008          8.3993509150221475E-008          1.5603080339425623E-001          3.4962943865781898E-001          1.0000000000000000E+000          4.7699804013080910E-001          1.3624159149512819E+053         -2.3483062390391888E+016 
                            2850          2.2672573098288997E+005          8.5412281029191399E+002          5.3348873334484392E+002          9.3803462992575568E+000          2.2220088698720126E+001          2.4277744054872292E+002          1.6393421126979126E+002          7.6888970123371259E-002         -1.0000000000000000E+000          1.9636969727598603E+000          8.2898668322382618E-001         -2.2026792686329753E+000         -2.2026790986437379E+000         -2.2995892479308329E+000         -9.8999999999999986E+001         -9.8999999999999986E+001         -8.6850634337897734E+000         -9.8999999999999986E+001          8.0000000000000004E-001          7.9999974896477322E-001          1.3593976291468241E+053         -1.2445305085354710E+043          0.0000000000000000E+000         -2.0050069386875035E+026         -1.1590504296233728E+043         -8.5480078912098194E+041          0.0000000000000000E+000          0.0000000000000000E+000                                1                                2          4.7082144955820847E-008          8.5142383847091189E-008          1.5881290848333407E-001          3.5433661869443600E-001          1.0000000000000000E+000          4.7489470570606801E-001          1.3593976291468241E+053         -2.4535204481705660E+016 
                            2860          2.2672641348155882E+005          8.4279793848147187E+002          5.2870249115129923E+002          9.4675778541835971E+000          2.2270163849364565E+001          2.4026958960129042E+002          1.6275564947001993E+002          8.9177418463108879E-002         -1.0000000000000000E+000          1.9589401146713743E+000          8.3279216860650818E-001         -2.1166442699894423E+000         -2.1166441266495171E+000         -2.2135542540722781E+000         -9.8999999999999986E+001         -9.8999999999999986E+001         -8.6745249385682968E+000         -9.8999999999999986E+001          8.0000000000000004E-001          7.9999978924035309E-001          1.3564360242530814E+053         -1.5006904665718930E+043          0.0000000000000000E+000         -2.0779713911051573E+026         -1.4063801396674725E+043         -9.4310326904420538E+041          0.0000000000000000E+000          0.0000000000000000E+000                                1                                2          4.7303654980393137E-008          8.6286461850463021E-008          1.6160307627958825E-001          3.5904902019235441E-001          1.0000000000000000E+000          4.7283620886477362E-001          1.3564360242530814E+053         -2.5664927526121620E+016 
                            2870          2.2672697477623416E+005          8.3182148368192202E+002          5.2404292421074308E+002          9.5542919171332912E+000          2.2318848630316957E+001          2.3782852491833080E+002          1.6160818140214172E+002          1.0146372451624609E-001         -1.0000000000000000E+000          1.9542218971908825E+000          8.3656674167562473E-001         -2.0380869750406521E+000         -2.0380868520615110E+000         -2.1349969628029384E+000         -9.8999999999999986E+001         -9.8999999999999986E+001         -8.6639519324298711E+000         -9.8999999999999986E+001          8.0000000000000004E-001          7.9999981996849767E-001          1.3535277270929901E+053         -1.7814017725542942E+043          0.0000000000000000E+000         -2.1521715549878111E+026         -1.6774959681491563E+043         -1.0390580440513802E+042          0.0000000000000000E+000          0.0000000000000000E+000                                1                                2          4.7516528544347368E-008          8.7425070875229264E-008          1.6439663886126490E-001          3.6375924747331001E-001          1.0000000000000000E+000          4.7082448200393345E-001          1.3535277270929901E+053         -2.6841654395323784E+016 
                            2880          2.2672744285842503E+005          8.2116133789121955E+002          5.1949792420865208E+002          9.6406115973117092E+000          2.2366276551649637E+001          2.3544800373578192E+002          1.6048872187656937E+002          1.1384736424547923E-001         -1.0000000000000000E+000          1.9495363111740609E+000          8.4031520970792639E-001         -1.9660384611037529E+000         -1.9660383541215825E+000         -2.0629484517755436E+000         -9.8999999999999986E+001         -9.8999999999999986E+001         -8.6538808749898060E+000         -9.8999999999999986E+001          8.0000000000000004E-001          7.9999984407649583E-001          1.3506649970751291E+053         -2.0855891520341290E+043          0.0000000000000000E+000         -2.2277430076332718E+026         -1.9712540357164994E+043         -1.1433511631762975E+042          0.0000000000000000E+000          0.0000000000000000E+000                                1                                2          4.7715538423141496E-008          8.8560004971963248E-008          1.6719762335851629E-001          3.6847374120609416E-001          1.0000000000000000E+000          4.6885387321175159E-001          1.3506649970751291E+053         -2.8033655457486568E+016 
                            2890          2.2672783977718881E+005          8.1077310886104260E+002          5.1504986928653284E+002          9.7267860193463260E+000          2.2412636909362135E+001          2.3311887886214922E+002          1.5939284504273894E+002          1.2607311190966120E-001         -1.0000000000000000E+000          1.9448704633345995E+000          8.4404788730149383E-001         -1.9048087545662262E+000         -1.9048086590907807E+000         -2.0017187473038063E+000         -9.8999999999999986E+001         -9.8999999999999986E+001         -8.6435440681473423E+000         -9.8999999999999986E+001          8.0000000000000004E-001          7.9999986146733904E-001          1.3478365762734222E+053         -2.3852186517911855E+043          0.0000000000000000E+000         -2.3050540018091203E+026         -2.2595702531612755E+043         -1.2564839862991020E+042          0.0000000000000000E+000          0.0000000000000000E+000                                1                                2          4.7906874042865478E-008          8.9694701725602169E-008          1.7001594239376269E-001          3.7320763575224131E-001          1.0000000000000000E+000          4.6691342167198813E-001          1.3478365762734222E+053         -2.9292931069310356E+016 
                            2900          2.2672818114977039E+005          8.0064561218797076E+002          5.1069512103900962E+002          9.8128120844886038E+000          2.2457971445601999E+001          2.3083931071608046E+002          1.5831958536436321E+002          1.3848378617782664E-001         -1.0000000000000000E+000          1.9402250776858356E+000          8.4776419522395829E-001         -1.8375612179095269E+000         -1.8375611338264803E+000         -1.9344712127688093E+000         -9.8999999999999986E+001         -9.8999999999999986E+001         -8.6329607640466222E+000         -9.8999999999999986E+001          8.0000000000000004E-001          7.9999987854459109E-001          1.3450400568183244E+053         -2.7643982097753701E+043          0.0000000000000000E+000         -2.3837237628228603E+026         -2.6263767728982429E+043         -1.3802143687712729E+042          0.0000000000000000E+000          0.0000000000000000E+000                                1                                2          4.8094311066100112E-008          9.0829264607719038E-008          1.7284527907579303E-001          3.7795457310422520E-001          1.0000000000000000E+000          4.6501259530805633E-001          1.3450400568183244E+053         -3.0619190486743208E+016 
                            2910          2.2672847728694999E+005          7.9078321078582610E+002          5.0643668193999838E+002          9.8985605220305715E+000          2.2502247713401850E+001          2.2861089420867876E+002          1.5726965098118478E+002          1.5101105943184276E-001         -1.0000000000000000E+000          1.9356073791216952E+000          8.5145835354545307E-001         -1.7791246222715000E+000         -1.7791245465700112E+000         -1.8760346186712384E+000         -9.8999999999999986E+001         -9.8999999999999986E+001         -8.6216210653536454E+000         -9.8999999999999986E+001          8.0000000000000004E-001          7.9999989114636372E-001          1.3422777162930709E+053         -3.1431219411340342E+043          0.0000000000000000E+000         -2.4639573348222018E+026         -2.9915863224170693E+043         -1.5153561871696482E+042          0.0000000000000000E+000          0.0000000000000000E+000                                1                                2          4.8279096319243637E-008          9.1962058848169280E-008          1.7568596897415703E-001          3.8271178433977571E-001          1.0000000000000000E+000          4.6314451718912242E-001          1.3422777162930709E+053         -3.2055950374232880E+016 
                            2920          2.2672873553452067E+005          7.8116079507450775E+002          5.0226477201510215E+002          9.9841680888280475E+000          2.2545558197004212E+001          2.2642847996789834E+002          1.5624064782928266E+002          1.6320963595512478E-001         -1.0000000000000000E+000          1.9310098505792208E+000          8.5513637590607416E-001         -1.7248540150574658E+000         -1.7248539462667172E+000         -1.8217640127278976E+000         -9.8999999999999986E+001         -9.8999999999999986E+001         -8.6104311450432629E+000         -9.8999999999999986E+001          8.0000000000000004E-001          7.9999990153571243E-001          1.3395440679960856E+053         -3.5412645132011671E+043          0.0000000000000000E+000         -2.5458444489586981E+026         -3.3752182443400113E+043         -1.6604626886115557E+042          0.0000000000000000E+000          0.0000000000000000E+000                                1                                2          4.8458330851762206E-008          9.3094856558301936E-008          1.7854170834850380E-001          3.8748613509213997E-001          1.0000000000000000E+000          4.6130647924689272E-001          1.3395440679960856E+053         -3.3543757547497820E+016 
                            2930          2.2672896398301460E+005          7.7176703982768345E+002          4.9817546102770768E+002          1.0069650693106263E+001          2.2587946916961581E+001          2.2429005336631388E+002          1.5523155970091432E+002          1.7587558256669544E-001         -1.0000000000000000E+000          1.9264320401109627E+000          8.5879862385185990E-001         -1.6727046635300111E+000         -1.6727046007986164E+000         -1.7696146623265594E+000         -9.8999999999999986E+001         -9.8999999999999986E+001         -8.5998454211808255E+000         -9.8999999999999986E+001          8.0000000000000004E-001          7.9999991062307119E-001          1.3368366498861217E+053         -3.9716210613517789E+043          0.0000000000000000E+000         -2.6293392714968740E+026         -3.7896877762076118E+043         -1.8193328514416733E+042          0.0000000000000000E+000          0.0000000000000000E+000                                1                                2          4.8633394019136323E-008          9.4227983852053900E-008          1.8141173432485827E-001          3.9227714803637542E-001          1.0000000000000000E+000          4.5949894547293557E-001          1.3368366498861217E+053         -3.5046377036705164E+016 
                            2940          2.2672916606188469E+005          7.6258923954899694E+002          4.9416411770649421E+002          1.0155058697504050E+001          2.2629448770521865E+001          2.2219313342363657E+002          1.5424128707386527E+002          1.8817739163062544E-001         -1.0000000000000000E+000          1.9218709185608842E+000          8.6244752070298536E-001         -1.6247302828107282E+000         -1.6247302249676803E+000         -1.7216402825059380E+000         -9.8999999999999986E+001         -9.8999999999999986E+001         -8.5886390834030522E+000         -9.8999999999999986E+001          8.0000000000000004E-001          7.9999991797234171E-001          1.3341534207502121E+053         -4.4135259684388610E+043          0.0000000000000000E+000         -2.7146299818709086E+026         -4.2145204443496841E+043         -1.9900552408917694E+042          0.0000000000000000E+000          0.0000000000000000E+000                                1                                2          4.8806486675544943E-008          9.5362022429583404E-008          1.8429952979598277E-001          3.9708955134720270E-001          1.0000000000000000E+000          4.5771710488958545E-001          1.3341534207502121E+053         -3.6664711267973888E+016 
                            2950          2.2672934727014168E+005          7.5362821751533738E+002          4.9023199057392856E+002          1.0240304889394645E+001          2.2670054608295054E+001          2.2013840867653872E+002          1.5327009679391537E+002          2.0061685526694384E-001         -1.0000000000000000E+000          1.9173315120633978E+000          8.6607904554358994E-001         -1.5787187218435037E+000         -1.5787186682869259E+000         -1.6756287223312827E+000         -9.8999999999999986E+001         -9.8999999999999986E+001         -8.5776110275643624E+000         -9.8999999999999986E+001          8.0000000000000004E-001          7.9999992440834489E-001          1.3314953659297184E+053         -4.8835938116689706E+043          0.0000000000000000E+000         -2.8014706884714774E+026         -4.6660912629323423E+043         -2.1750254873662839E+042          0.0000000000000000E+000          0.0000000000000000E+000                                1                                2          4.8976402014617212E-008          9.6495925280226648E-008          1.8719952504779511E-001          4.0191583175616596E-001          1.0000000000000000E+000          4.5596581487925136E-001          1.3314953659297184E+053         -3.8335652499961096E+016 
                            2960          2.2672950947214270E+005          7.4485466779909507E+002          4.8636701549028936E+002          1.0325612523332055E+001          2.2709873434401505E+001          2.1811949850912208E+002          1.5231506893253396E+002          2.1364908194294346E-001         -1.0000000000000000E+000          1.9128014711678294E+000          8.6970307793170809E-001         -1.5339189371271744E+000         -1.5339188872740499E+000         -1.6308289382986636E+000         -9.8999999999999986E+001         -9.8999999999999986E+001         -8.5654952751359570E+000         -9.8999999999999986E+001          8.0000000000000004E-001          7.9999992997091651E-001          1.3288554712311684E+053         -5.3900955600830387E+043          0.0000000000000000E+000         -2.8902767494186403E+026         -5.1518224595423820E+043         -2.3827310054065612E+042          0.0000000000000000E+000          0.0000000000000000E+000                                1                                2          4.9143184482725517E-008          9.7632538682089933E-008          1.9012177469313510E-001          4.0677122917780634E-001          1.0000000000000000E+000          4.5423599870701614E-001          1.3288554712311684E+053         -4.0180418332466400E+016 
                            2970          2.2672965600326558E+005          7.3630634916098131E+002          4.8258666646166665E+002          1.0410535476974461E+001          2.2748730041165668E+001          2.1614556335041885E+002          1.5138048282304345E+002          2.2588685260496383E-001         -1.0000000000000000E+000          1.9083048193786951E+000          8.7330039905846391E-001         -1.4976005919317428E+000         -1.4976005446829874E+000         -1.5945105935487158E+000         -9.8999999999999986E+001         -9.8999999999999986E+001         -8.5540510041414599E+000         -9.8999999999999986E+001          8.0000000000000004E-001          7.9999993394773006E-001          1.3262458800318781E+053         -5.8382143404832633E+043          0.0000000000000000E+000         -2.9804997757853505E+026         -5.5784337817428815E+043         -2.5978055874038192E+042          0.0000000000000000E+000          0.0000000000000000E+000                                1                                2          4.9307051995724505E-008          9.8766026191811247E-008          1.9304944971868090E-001          4.1162876192913317E-001          1.0000000000000000E+000          4.5253793627084238E-001          1.3262458800318781E+053         -4.2040905280187152E+016 
                            2980          2.2672978908564645E+005          7.2789419577047317E+002          4.7885224407899483E+002          1.0495912794027081E+001          2.2787005582930135E+001          2.1419631437251448E+002          1.5045683668324529E+002          2.3890432725481608E-001         -1.0000000000000000E+000          1.9037966357664442E+000          8.7690694566448113E-001         -1.4518367490214170E+000         -1.4518367050488445E+000         -1.5487467512655759E+000         -9.8999999999999986E+001         -9.8999999999999986E+001         -8.5410909147141059E+000         -9.8999999999999986E+001          8.0000000000000004E-001          7.9999993882736253E-001          1.3236409951898151E+053         -6.4575140688627254E+043          0.0000000000000000E+000         -3.0729897977005232E+026         -6.1733045090467980E+043         -2.8420955981592780E+042          0.0000000000000000E+000          0.0000000000000000E+000                                1                                2          4.9480190802971251E-008          9.9907448897094705E-008          1.9601085691160136E-001          4.1653619462669761E-001          1.0000000000000000E+000          4.5085549457744339E-001          1.3236409951898151E+053         -4.4140823028138816E+016 
                            2990          2.2672990992279741E+005          7.1968797183513084E+002          4.7519537753366558E+002          1.0580980011277024E+001          2.2824375056175889E+001          2.1228826796598534E+002          1.4955194021605010E+002          2.5164513987332632E-001         -1.0000000000000000E+000          1.8993174753240771E+000          8.8049027375386524E-001         -1.4136178127249601E+000         -1.4136177711665010E+000         -1.5105278154058555E+000         -9.8999999999999986E+001         -9.8999999999999986E+001         -8.5290005089048311E+000         -9.8999999999999986E+001          8.0000000000000004E-001          7.9999994246982475E-001          1.3210631523306529E+053         -7.0243285622977929E+043          0.0000000000000000E+000         -3.1670370377261702E+026         -6.7142930465375780E+043         -3.1003551576021454E+042          0.0000000000000000E+000          0.0000000000000000E+000                                1                                2          4.9644024149615465E-008          1.0104664106167648E-007          1.9898069350981440E-001          4.2145075127744525E-001          1.0000000000000000E+000          4.4920125467326250E-001          1.3210631523306529E+053         -4.6245636153460544E+016 
                            3000          2.2673002092096565E+005          7.1165533070177855E+002          4.7160240839400768E+002          1.0666000963179298E+001          2.2860979140711809E+001          2.1041430011253036E+002          1.4866240256292843E+002          2.6416469462864894E-001         -1.0000000000000000E+000          1.8948535413579195E+000          8.8406142067710192E-001         -1.3770717531181556E+000         -1.3770717137993991E+000         -1.4739817562088910E+000         -9.8999999999999986E+001         -9.8999999999999986E+001         -8.5181352963606418E+000         -9.8999999999999986E+001          8.0000000000000004E-001          7.9999994584055623E-001          1.3185032187026888E+053         -7.6120441031994872E+043          0.0000000000000000E+000         -3.2629012719437441E+026         -7.2748988592642479E+043         -3.3714524393523980E+042          0.0000000000000000E+000          0.0000000000000000E+000                                1                                2          4.9812277150456161E-008          1.0218718111015570E-007          2.0196746079644709E-001          4.2638697656267116E-001          1.0000000000000000E+000          4.4757011003017760E-001          1.3185032187026888E+053         -4.8309243568652160E+016 
                            3010          2.2673012236033456E+005          7.0379007946963623E+002          4.6807120886068265E+002          1.0750996312270034E+001          2.2896822509744453E+001          2.0857321126519963E+002          1.4778776999650606E+002          2.7695192420403597E-001         -1.0000000000000000E+000          1.8904031497956766E+000          8.8762173369285591E-001         -1.3421171438198405E+000         -1.3421171061867112E+000         -1.4390271471944476E+000         -9.8999999999999986E+001         -9.8999999999999986E+001         -8.5038473917546646E+000         -9.8999999999999986E+001          8.0000000000000004E-001          7.9999994842268485E-001          1.3159609049172108E+053         -8.2216480309896677E+043          0.0000000000000000E+000         -3.3606336461292836E+026         -7.8537695514493587E+043         -3.6787847954030897E+042          0.0000000000000000E+000          0.0000000000000000E+000                                1                                2          4.9983349271926587E-008          1.0332918051534976E-007          2.0497219440760778E-001          4.3134672261502999E-001          1.0000000000000000E+000          4.4596090451399417E-001          1.3159609049172108E+053         -5.0859524244132536E+016 
                            3020          2.2673021579028812E+005          6.9609536702908338E+002          4.6460384893107039E+002          1.0835868197254737E+001          2.2931886891315340E+001          2.0676609382638807E+002          1.4692853586397123E+002          2.8979928117911036E-001         -1.0000000000000000E+000          1.8859716189096531E+000          8.9116695818029790E-001         -1.3127037676173452E+000         -1.3127037314637708E+000         -1.4096137712341992E+000         -9.8999999999999986E+001         -9.8999999999999986E+001         -8.4935057562946934E+000         -9.8999999999999986E+001          8.0000000000000004E-001          7.9999995070189056E-001          1.3134380205890878E+053         -8.7710917734184522E+043          0.0000000000000000E+000         -3.4602015336290508E+026         -8.3715244180294595E+043         -3.9956735538899270E+042          0.0000000000000000E+000          0.0000000000000000E+000                                1                                2          5.0148652857419606E-008          1.0447139229902677E-007          2.0799207667154684E-001          4.3632482026471797E-001          1.0000000000000000E+000          4.4437374116071615E-001          1.3134380205890878E+053         -5.3054845633655576E+016 
                            3030          2.2673030251027763E+005          6.8854097084185355E+002          4.6118729725321919E+002          1.0920896105230492E+001          2.2966303317700458E+001          2.0498615267308230E+002          1.4608146724404065E+002          3.0335709532391791E-001         -1.0000000000000000E+000          1.8815444421763079E+000          8.9470869935539732E-001         -1.2756178372036837E+000         -1.2756178027423168E+000         -1.3725278411292283E+000         -9.8999999999999986E+001         -9.8999999999999986E+001         -8.4789073552163643E+000         -9.8999999999999986E+001          8.0000000000000004E-001          7.9999995325042250E-001          1.3109254861971247E+053         -9.5192917281130376E+043          0.0000000000000000E+000         -3.5616750350920594E+026         -9.0827772433925498E+043         -4.3651448472048838E+042          0.0000000000000000E+000          0.0000000000000000E+000                                1                                2          5.0312296974587535E-008          1.0561761063762965E-007          2.1103367030146306E-001          4.4133464009508172E-001          1.0000000000000000E+000          4.4280759623590210E-001          1.3109254861971247E+053         -5.5885064187136624E+016 
                            3040          2.2673038246177937E+005          6.8114829341527945E+002          4.5783178964795985E+002          1.1005796670731991E+001          2.2999956727949009E+001          2.0323865773909188E+002          1.4524915169688578E+002          3.1630489419550234E-001         -1.0000000000000000E+000          1.8771359798949077E+000          8.9823546897954865E-001         -1.2444864195488503E+000         -1.2444863865591838E+000         -1.3413964237362759E+000         -9.8999999999999986E+001         -9.8999999999999986E+001         -8.4684152395935861E+000         -9.8999999999999986E+001          8.0000000000000004E-001          7.9999995547899216E-001          1.3084317607221287E+053         -1.0194018975220359E+044          0.0000000000000000E+000         -3.6650222305895912E+026         -9.7206181594561641E+043         -4.7340081576419407E+042          0.0000000000000000E+000          0.0000000000000000E+000                                1                                2          5.0481530296811301E-008          1.0676390570077159E-007          2.1409044049621040E-001          4.4636306145124111E-001          1.0000000000000000E+000          4.4126228929810274E-001          1.3084317607221287E+053         -5.8307019818508200E+016 
                            3050          2.2673045678274205E+005          6.7390288795319975E+002          4.5453135548215454E+002          1.1090678260275130E+001          2.3032907384888457E+001          2.0152049530893629E+002          1.4443010505555819E+002          3.2922825014414031E-001         -1.0000000000000000E+000          1.8727406543848537E+000          9.0175172919535029E-001         -1.2146780649693558E+000         -1.2146780328810638E+000         -1.3115880692745199E+000         -9.8999999999999986E+001         -9.8999999999999986E+001         -8.4523393750713609E+000         -9.8999999999999986E+001          8.0000000000000004E-001          7.9999995692250270E-001          1.3059528781744521E+053         -1.0887728740963631E+044          0.0000000000000000E+000         -3.7702866767054103E+026         -1.0371960987600312E+044         -5.1576775336331835E+042          0.0000000000000000E+000          0.0000000000000000E+000                                1                                2          5.0648540254721308E-008          1.0791176809956138E-007          2.1716496391124002E-001          4.5141532634819004E-001          1.0000000000000000E+000          4.3973702136603943E-001          1.3059528781744521E+053         -6.1615953103325472E+016 
                            3060          2.2673053106816168E+005          6.6620108988300944E+002          4.5101004958375705E+002          1.1182788452120873E+001          2.3067876663238447E+001          1.9968802614048766E+002          1.4355585364164759E+002          3.4404756745772919E-001         -1.0000000000000000E+000          1.8679842866259708E+000          9.0555682320401099E-001         -1.1832715652738848E+000         -1.1832715341926101E+000         -1.2801815697242238E+000         -9.8999999999999986E+001         -9.8999999999999986E+001         -8.4366110262450480E+000         -9.8999999999999986E+001          8.0000000000000004E-001          7.9999995851007510E-001          1.3032791900887463E+053         -1.1670975661090888E+044          0.0000000000000000E+000         -3.8846250340505027E+026         -1.1105388385919816E+044         -5.6558727517107231E+042          0.0000000000000000E+000          0.0000000000000000E+000                                1                                2          5.0818253035183866E-008          1.0915931131124539E-007          2.2049847780893564E-001          4.5590265581897294E-001          1.0000000000000000E+000          4.3813539403557705E-001          1.3032791900887463E+053         -6.5131939043892504E+016 
                            3070          2.2673059661157682E+005          6.5911888788663441E+002          4.4776006976159391E+002          1.1269237955073230E+001          2.3099986608582316E+001          1.9799747234002564E+002          1.4274851981370207E+002          3.5662499997692676E-001         -1.0000000000000000E+000          1.8635334504382215E+000          9.0911749197398450E-001         -1.1557818073440194E+000         -1.1557817774214341E+000         -1.2526918119925132E+000         -9.8999999999999986E+001         -9.8999999999999986E+001         -8.4274246347956314E+000         -9.8999999999999986E+001          8.0000000000000004E-001          7.9999996027944542E-001          1.3007834938157314E+053         -1.2396476625627133E+044          0.0000000000000000E+000         -3.9981023640168706E+026         -1.1785571561115969E+044         -6.1090506451116523E+042          0.0000000000000000E+000          0.0000000000000000E+000                                1                                2          5.1002703847753532E-008          1.1033222306768164E-007          2.2369259214481729E-001          4.5998315488635205E-001          1.0000000000000000E+000          4.3659111032282805E-001          1.3007834938157314E+053         -6.7781217852307688E+016 
                            3080          2.2673065689836460E+005          6.5231889881465111E+002          4.4462865675918687E+002          1.1353871999951611E+001          2.3130761781088243E+001          1.9636924174801138E+002          1.4197024174841368E+002          3.6993502022333208E-001         -1.0000000000000000E+000          1.8591882820373598E+000          9.1259362652382947E-001         -1.1348446013131643E+000         -1.1348445714489943E+000         -1.2317546058613855E+000         -9.8999999999999986E+001         -9.8999999999999986E+001         -8.4090864462696722E+000         -9.8999999999999986E+001          8.0000000000000004E-001          7.9999996057175904E-001          1.2983528362267385E+053         -1.2988174351396232E+044          0.0000000000000000E+000         -4.1092262836123088E+026         -1.2322343256295132E+044         -6.6583109510110040E+042          0.0000000000000000E+000          0.0000000000000000E+000                                1                                2          5.1178309253998128E-008          1.1148236284212506E-007          2.2681568081968911E-001          4.6396057304773652E-001          1.0000000000000000E+000          4.3512744663891778E-001          1.2983528362267385E+053         -7.1982167252714152E+016 
                            3090          2.2673071341963764E+005          6.4558991350118288E+002          4.4151922779878021E+002          1.1439257642382385E+001          2.3161133971269656E+001          1.9475299522882239E+002          1.4119711301750809E+002          3.8397912383625915E-001         -1.0000000000000000E+000          1.8548159581631514E+000          9.1609148545793395E-001         -1.0965069791922235E+000         -1.0965069510080345E+000         -1.1934169841048166E+000         -9.8999999999999986E+001         -9.8999999999999986E+001         -8.3976750961120388E+000         -9.8999999999999986E+001          8.0000000000000004E-001          7.9999996299520082E-001          1.2959140563187527E+053         -1.4132696681640947E+044          0.0000000000000000E+000         -4.2232137583494234E+026         -1.3410275049812511E+044         -7.2242163182843584E+042          0.0000000000000000E+000          0.0000000000000000E+000                                1                                2          5.1343563815023489E-008          1.1264434379409981E-007          2.2998364490647280E-001          4.6797503089332410E-001          1.0000000000000000E+000          4.3367089653143276E-001          1.2959140563187527E+053         -7.5238886571213936E+016 
                            3100          2.2673076632019645E+005          6.3906651303631486E+002          4.3849450431579299E+002          1.1523614585024426E+001          2.3190510396965063E+001          1.9318141464595811E+002          1.4044464966947390E+002          3.9766763672205058E-001         -1.0000000000000000E+000          1.8505083702199929E+000          9.1953755565326545E-001         -1.0796064090827266E+000         -1.0796063811873924E+000         -1.1765164139686108E+000         -9.8999999999999986E+001         -9.8999999999999986E+001         -8.3870257110352089E+000         -9.8999999999999986E+001          8.0000000000000004E-001          7.9999996357649039E-001          1.2935161244577180E+053         -1.4673301067255566E+044          0.0000000000000000E+000         -4.3378159094654062E+026         -1.3892404691527527E+044         -7.8089637572803829E+042          0.0000000000000000E+000          0.0000000000000000E+000                                1                                2          5.1537950682730981E-008          1.1379418367724421E-007          2.3313133027532032E-001          4.7194355837354124E-001          1.0000000000000000E+000          4.3224949871196672E-001          1.2935161244577180E+053         -7.8482604433374416E+016 
                            3110          2.2673081667677115E+005          6.3263353732966425E+002          4.3550164940644441E+002          1.1608369284237428E+001          2.3219405090365576E+001          1.9162702447537131E+002          1.3969972009389969E+002          4.1062988919084226E-001         -1.0000000000000000E+000          1.8461925078935679E+000          9.2299024535789820E-001         -1.0565983830285357E+000         -1.0565983554792828E+000         -1.1535083879056831E+000         -9.8999999999999986E+001         -9.8999999999999986E+001         -8.3712435372146921E+000         -9.8999999999999986E+001          8.0000000000000004E-001          7.9999996423008957E-001          1.2911179454304613E+053         -1.5441915107255042E+044          0.0000000000000000E+000         -4.4550369571890047E+026         -1.4595845368240448E+044         -8.4606973901459336E+042          0.0000000000000000E+000          0.0000000000000000E+000                                1                                2          5.1704433757724308E-008          1.1495130731353413E-007          2.3631251378037210E-001          4.7593397528001385E-001          1.0000000000000000E+000          4.3083765324155493E-001          1.2911179454304613E+053         -8.2841573487072224E+016 
                            3120          2.2673086398185405E+005          6.2629008873778537E+002          4.3254051104769701E+002          1.1693534751395765E+001          2.3247791025514488E+001          1.9008962351958414E+002          1.3896239417041190E+002          4.2425350627239022E-001         -1.0000000000000000E+000          1.8418668471554291E+000          9.2645077379686724E-001         -1.0263500750920509E+000         -1.0263500482511676E+000         -1.1232600800704140E+000         -9.8999999999999986E+001         -9.8999999999999986E+001         -8.3541397077652881E+000         -9.8999999999999986E+001          8.0000000000000004E-001          7.9999996534850859E-001          1.2887205214377857E+053         -1.6511704884074128E+044          0.0000000000000000E+000         -4.5748940717791248E+026         -1.5592881340534243E+044         -9.1882354353988417E+042          0.0000000000000000E+000          0.0000000000000000E+000                                1                                2          5.1899179101270963E-008          1.1611560437271682E-007          2.3952783083910531E-001          4.7994722451948879E-001          1.0000000000000000E+000          4.2943572010986103E-001          1.2887205214377857E+053         -8.7711494568059680E+016 
                            3130          2.2673090873819086E+005          6.2012260042480716E+002          4.2965195459624675E+002          1.1777866836295916E+001          2.3275308205252639E+001          1.8859055374203606E+002          1.3824272733420119E+002          4.3725777761888324E-001         -1.0000000000000000E+000          1.8375956885937208E+000          9.2986770049833656E-001         -1.0123297856543731E+000         -1.0123297590179496E+000         -1.1092397905873959E+000         -9.8999999999999986E+001         -9.8999999999999986E+001         -8.3452704759911871E+000         -9.8999999999999986E+001          8.0000000000000004E-001          7.9999996580865718E-001          1.2863563910252914E+053         -1.7035465806198005E+044          0.0000000000000000E+000         -4.6955438714531640E+026         -1.6048111577716988E+044         -9.8735422848101690E+042          0.0000000000000000E+000          0.0000000000000000E+000                                1                                2          5.2078410165908333E-008          1.1727044316174427E-007          2.4272867039590904E-001          4.8392312318309483E-001          1.0000000000000000E+000          4.2806475424220647E-001          1.2863563910252914E+053         -9.1100798498987856E+016 
                            3140          2.2673095158228886E+005          6.1402117848505168E+002          4.2678493740972590E+002          1.1862830161900620E+001          2.3302432186069289E+001          1.8710325864513430E+002          1.3752805732846605E+002          4.5069382231320909E-001         -1.0000000000000000E+000          1.8333043431684373E+000          9.3330077669246403E-001         -9.8424017230537331E-001         -9.8424014620794564E-001         -1.0811501772961751E+000         -9.8999999999999986E+001         -9.8999999999999986E+001         -8.3279194074692349E+000         -9.8999999999999986E+001          8.0000000000000004E-001          7.9999996669509110E-001          1.2839847840991308E+053         -1.8130757175690915E+044          0.0000000000000000E+000         -4.8190560059642172E+026         -1.7060544741987700E+044         -1.0702124337032145E+043          0.0000000000000000E+000          0.0000000000000000E+000                                1                                2          5.2262255939596840E-008          1.1843573921318875E-007          2.4597041119271718E-001          4.8793083989470143E-001          1.0000000000000000E+000          4.2670086643688709E-001          1.2839847840991308E+053         -9.6492403808857424E+016 
                            3150          2.2673099584735153E+005          6.0750016592479153E+002          4.2371027702663764E+002          1.1955374306667823E+001          2.3331299777112061E+001          1.8550890990783327E+002          1.3676121833899151E+002          4.6533504095465134E-001         -1.0000000000000000E+000          1.8286434185829266E+000          9.3702951620510233E-001         -9.7511400679660820E-001         -9.7511398048490994E-001         -1.0720240116050905E+000         -9.8999999999999986E+001         -9.8999999999999986E+001         -8.3172863706796392E+000         -9.8999999999999986E+001          8.0000000000000004E-001          7.9999996663623529E-001          1.2814129736930257E+053         -1.8515129181823593E+044          0.0000000000000000E+000         -4.9557543488052687E+026         -1.7357165651675228E+044         -1.1579635301483648E+043          0.0000000000000000E+000          0.0000000000000000E+000                                1                                2          5.2481073473469347E-008          1.1970704906018640E-007          2.4951989869416030E-001          4.9229797693306926E-001          1.0000000000000000E+000          4.2523561354002254E-001          1.2814129736930257E+053         -1.0078245158051528E+017 
                            3160          2.2673103467721734E+005          6.0156865711314390E+002          4.2090403329499946E+002          1.2041160702879491E+001          2.3357433577020863E+001          1.8405433905988278E+002          1.3606096383885972E+002          4.8013125004037149E-001         -1.0000000000000000E+000          1.8243350211857390E+000          9.4047623398145430E-001         -9.4176876103108731E-001         -9.4176873532875383E-001         -1.0386787659226338E+000         -9.8999999999999986E+001         -9.8999999999999986E+001         -8.2960454611679459E+000         -9.8999999999999986E+001          8.0000000000000004E-001          7.9999996760571646E-001          1.2790394767283129E+053         -1.9939610171041495E+044          0.0000000000000000E+000         -5.0855535844822959E+026         -1.8676955073409421E+044         -1.2626550976320715E+043          0.0000000000000000E+000          0.0000000000000000E+000                                1                                2          5.2691869137777904E-008          1.2088736889221395E-007          2.5283783249394037E-001          4.9635653441679106E-001          1.0000000000000000E+000          4.2388395843545723E-001          1.2790394767283129E+053         -1.0772293608841085E+017 
                            3170          2.2673107124330109E+005          5.9584224255656136E+002          4.1818610141902064E+002          1.2125462646684891E+001          2.3382555609481731E+001          1.8264615408230682E+002          1.3538235488722188E+002          4.9367682912905303E-001         -1.0000000000000000E+000          1.8201130959777554E+000          9.4385377401052328E-001         -9.3179823965552155E-001         -9.3179821387045358E-001         -1.0287082444154938E+000         -9.8999999999999986E+001         -9.8999999999999986E+001         -8.2865844970801312E+000         -9.8999999999999986E+001          8.0000000000000004E-001          7.9999996769568260E-001          1.2767157060251760E+053         -2.0401744854254655E+044          0.0000000000000000E+000         -5.2146881942960898E+026         -1.9045945238745716E+044         -1.3557996155089371E+043          0.0000000000000000E+000          0.0000000000000000E+000                                1                                2          5.2880193374797421E-008          1.2204917169753557E-007          2.5611086920031861E-001          5.0034355610998549E-001          1.0000000000000000E+000          4.2257672457949619E-001          1.2767157060251760E+053         -1.1201146033035232E+017 
                            3180          2.2673110660184984E+005          5.9018670809140440E+002          4.1549329730558793E+002          1.2210187283640261E+001          2.3407254827962717E+001          1.8125159742790353E+002          1.3470962702907426E+002          5.0699997427876142E-001         -1.0000000000000000E+000          1.8158819086441360E+000          9.4723872374096885E-001         -9.1415977430279616E-001         -9.1415974842907288E-001         -1.0110697789275003E+000         -9.8999999999999986E+001         -9.8999999999999986E+001         -8.2693889869991448E+000         -9.8999999999999986E+001          8.0000000000000004E-001          7.9999996778154647E-001          1.2743885566917337E+053         -2.1231754315397688E+044          0.0000000000000000E+000         -5.3465912774364722E+026         -1.9768364655234878E+044         -1.4633896601628117E+043          0.0000000000000000E+000          0.0000000000000000E+000                                1                                2          5.3100448285834758E-008          1.2321872243040699E-007          2.5941799611941585E-001          5.0435356368515705E-001          1.0000000000000000E+000          4.2127754081074492E-001          1.2743885566917337E+053         -1.1856747222418434E+017 
                            3190          2.2673114007410579E+005          5.8460875665366075E+002          4.1282901540194115E+002          1.2295243072491980E+001          2.3431467096088575E+001          1.7987228990341822E+002          1.3404375056421947E+002          5.2172460517170405E-001         -1.0000000000000000E+000          1.8116449657429805E+000          9.5062827792736315E-001         -8.9139888281992452E-001         -8.9139885676314734E-001         -9.8830888727657706E-001         -9.8999999999999986E+001         -9.8999999999999986E+001         -8.2455280051038553E+000         -9.8999999999999986E+001          8.0000000000000004E-001          7.9999996775391136E-001          1.2720621721343477E+053         -2.2340864552653232E+044          0.0000000000000000E+000         -5.4812125152249188E+026         -2.0761859763349372E+044         -1.5790047893038620E+043          0.0000000000000000E+000          0.0000000000000000E+000                                1                                2          5.3303910271505092E-008          1.2439439426582699E-007          2.6275683592241572E-001          5.0838349952893358E-001          9.9026101244280440E-001          4.1998727622726351E-001          1.2720621721343477E+053         -1.2745185587409424E+017 
                            3200          2.2673117585238305E+005          5.7862237723523663E+002          4.0996022850576588E+002          1.2388223288236714E+001          2.3457275712966187E+001          1.7838764952576173E+002          1.3332645280748406E+002          5.3810600553863486E-001         -1.0000000000000000E+000          1.8070255737037635E+000          9.5432379141207491E-001         -8.7492256935847346E-001         -8.7492254386561163E-001         -9.7183257388356581E-001         -9.8999999999999986E+001         -9.8999999999999986E+001         -8.2407145459341784E+000         -9.8999999999999986E+001          8.0000000000000004E-001          7.9999996866661094E-001          1.2695299873626539E+053         -2.3136241655075474E+044          0.0000000000000000E+000         -5.6304201338494342E+026         -2.1486110849060326E+044         -1.6501308060151475E+043          0.0000000000000000E+000          0.0000000000000000E+000                                1                                2          5.3571611510998953E-008          1.2568136841494038E-007          2.6642363283381587E-001          5.1279025522090882E-001          9.6046255032951944E-001          4.1859752781631310E-001          1.2695299873626539E+053         -1.3132054507668294E+017 
                            3210          2.2673120653028594E+005          5.7325550461291755E+002          4.0737988706074839E+002          1.2473155198258159E+001          2.3480204441566393E+001          1.7705259486920687E+002          1.3268115752052219E+002          5.4938150596401392E-001         -1.0000000000000000E+000          1.8028155931114493E+000          9.5769177575435183E-001         -8.5882183581046445E-001         -8.5882180991909840E-001         -9.5573184009361434E-001         -9.8999999999999986E+001         -9.8999999999999986E+001         -8.2198815142361177E+000         -9.8999999999999986E+001          8.0000000000000004E-001          7.9999996837821374E-001          1.2672290759819816E+053         -2.3963795486964912E+044          0.0000000000000000E+000         -5.7695368157577371E+026         -2.2223712960617318E+044         -1.7400825263475935E+043          0.0000000000000000E+000          0.0000000000000000E+000                                1                                2          5.3766603883246078E-008          1.2685800935402252E-007          2.6979792985882700E-001          5.1682484609603963E-001          9.4258260604434130E-001          4.1733727706674362E-001          1.2672290759819816E+053         -1.4016725362390158E+017 
                            3220          2.2673123633965620E+005          5.6801284639189851E+002          4.0485150329962579E+002          1.2557559906892241E+001          2.3502440516908234E+001          1.7574488680600555E+002          1.3204858596895241E+002          5.6414104995336578E-001         -1.0000000000000000E+000          1.7986423515087611E+000          9.6103036890553861E-001         -8.4737508529691952E-001         -8.4737505933962221E-001         -9.4428508944868528E-001         -9.8999999999999986E+001         -9.8999999999999986E+001         -8.2093353614966134E+000         -9.8999999999999986E+001          8.0000000000000004E-001          7.9999996849878241E-001          1.2649511199515093E+053         -2.4568035173428197E+044          0.0000000000000000E+000         -5.9095015705835830E+026         -2.2742883253829985E+044         -1.8251519195982098E+043          0.0000000000000000E+000          0.0000000000000000E+000                                1                                2          5.3986756550440709E-008          1.2802888636827780E-007          2.7316509988922605E-001          5.2083517654116296E-001          9.2021794484634378E-001          4.1610282135421195E-001          1.2649511199515093E+053         -1.4607786283270611E+017 
                            3230          2.2673126516688510E+005          5.6284288544897106E+002          4.0235055771184102E+002          1.2642241469047804E+001          2.3524181415162143E+001          1.7445174877644251E+002          1.3142268528089946E+002          5.7805231084285547E-001         -1.0000000000000000E+000          1.7944652518171478E+000          9.6437204852816305E-001         -8.3024528411980902E-001         -8.3024525822333162E-001         -9.2715528818246973E-001         -9.8999999999999986E+001         -9.8999999999999986E+001         -8.1952562620976455E+000         -9.8999999999999986E+001          8.0000000000000004E-001          7.9999996877495394E-001          1.2626752143483720E+053         -2.5500843731768063E+044          0.0000000000000000E+000         -6.0520619106901679E+026         -2.3581072568247688E+044         -1.9197711635203735E+043          0.0000000000000000E+000          0.0000000000000000E+000                                1                                2          5.4209172543170599E-008          1.2920488833828136E-007          2.7656128606647723E-001          5.2486300755948190E-001          9.0080522744541325E-001          4.1487797866266679E-001          1.2626752143483720E+053         -1.5348356905996579E+017 
                            3240          2.2673129257277944E+005          5.5775236372904942E+002          3.9988053150813721E+002          1.2727091121017921E+001          2.3545365537449609E+001          1.7317485259937936E+002          1.3080444099181176E+002          5.9278918152579341E-001         -1.0000000000000000E+000          1.7902885646284203E+000          9.6771339815055324E-001         -8.1326838562403803E-001         -8.1326835954444177E-001         -9.1017838951182439E-001         -9.8999999999999986E+001         -9.8999999999999986E+001         -8.1772789296521413E+000         -9.8999999999999986E+001          8.0000000000000004E-001          7.9999996875976720E-001          1.2604057203387606E+053         -2.6476604295088267E+044          0.0000000000000000E+000         -6.1972280116098788E+026         -2.4441900065721359E+044         -2.0347042293669089E+043          0.0000000000000000E+000          0.0000000000000000E+000                                1                                2          5.4432261610970008E-008          1.3038412187125761E-007          2.7998423472073269E-001          5.2890516986421099E-001          8.8406386594415243E-001          4.1366274749182835E-001          1.2604057203387606E+053         -1.6272224780994118E+017 
                            3250          2.2673131925862131E+005          5.5277829375650299E+002          3.9745977602167108E+002          1.2811387417142043E+001          2.3565901694644900E+001          1.7192392851867882E+002          1.3019821838267862E+002          6.0396532703308536E-001         -1.0000000000000000E+000          1.7861500750686505E+000          9.7102418966899806E-001         -8.0431529704934235E-001         -8.0431527114542856E-001         -9.0122530088803465E-001         -9.8999999999999986E+001         -9.8999999999999986E+001         -8.1733245832131960E+000         -9.8999999999999986E+001          8.0000000000000004E-001          7.9999996917382099E-001          1.2581580707700457E+053         -2.6961761408113871E+044          0.0000000000000000E+000         -6.3433990224467856E+026         -2.4871610760340026E+044         -2.0901506477738430E+043          0.0000000000000000E+000          0.0000000000000000E+000                                1                                2          5.4675667119544475E-008          1.3155735850667141E-007          2.8340036510127037E-001          5.3292324436720706E-001          8.6058104078339170E-001          4.1247024703122165E-001          1.2581580707700457E+053         -1.6700579739497027E+017 
                            3260          2.2673134520237395E+005          5.4787183627795048E+002          3.9506480055353211E+002          1.2895958848933143E+001          2.3585944640063722E+001          1.7068663869137200E+002          1.2959831229602926E+002          6.2267351209248545E-001         -1.0000000000000000E+000          1.7820072678924295E+000          9.7433843528170261E-001         -7.9057655101117175E-001         -7.9057652449740623E-001         -8.8748655451985292E-001         -9.8999999999999986E+001         -9.8999999999999986E+001         -8.1515713678498063E+000         -9.8999999999999986E+001          8.0000000000000004E-001          7.9999996865833534E-001          1.2559124335778476E+053         -2.7839991231183734E+044          0.0000000000000000E+000         -6.4922150791702481E+026         -2.5589638780619455E+044         -2.2503524505642805E+043          0.0000000000000000E+000          0.0000000000000000E+000                                1                                2          5.4898498916767826E-008          1.3273551832939354E-007          2.8684577238605830E-001          5.3695937823724127E-001          8.4711894488713591E-001          4.1128668771121280E-001          1.2559124335778476E+053         -1.7857724140898317E+017 
                            3270          2.2673137029251363E+005          5.4304511355403315E+002          3.9270178961110787E+002          1.2980532422828137E+001          2.3605481852869890E+001          1.6946632538432931E+002          1.2900613356977357E+002          6.3598183274461839E-001         -1.0000000000000000E+000          1.7778749845627568E+000          9.7764426181566000E-001         -7.7731696853632870E-001         -7.7731694206186486E-001         -8.7422697194452881E-001         -9.8999999999999986E+001         -9.8999999999999986E+001         -8.1410686664971266E+000         -9.8999999999999986E+001          8.0000000000000004E-001          7.9999996891582492E-001          1.2536737131159491E+053         -2.8647242541419781E+044          0.0000000000000000E+000         -6.6432511209625878E+026         -2.6299944653620469E+044         -2.3472978877993116E+043          0.0000000000000000E+000          0.0000000000000000E+000                                1                                2          5.5146517175798828E-008          1.3391530528742071E-007          2.9030899572194824E-001          5.4099981288513055E-001          8.2910050659068735E-001          4.1011531425629344E-001          1.2536737131159491E+053         -1.8606101530654490E+017 
                            3280          2.2673139445276203E+005          5.3827616832304034E+002          3.9036016464457066E+002          1.3065521579448989E+001          2.3624542434917323E+001          1.6825729415641453E+002          1.2841924075456203E+002          6.4771481533612918E-001         -1.0000000000000000E+000          1.7737309212005052E+000          9.8095951237678358E-001         -7.5440075633890724E-001         -7.5440073010284669E-001         -8.5131075971892556E-001         -9.8999999999999986E+001         -9.8999999999999986E+001         -8.1242245619371740E+000         -9.8999999999999986E+001          8.0000000000000004E-001          7.9999996940689277E-001          1.2514338409515993E+053         -3.0098156173090183E+044          0.0000000000000000E+000         -6.7971095135363421E+026         -2.7637990487704566E+044         -2.4601656853856180E+043          0.0000000000000000E+000          0.0000000000000000E+000                                1                                2          5.5381976224688570E-008          1.3510174970775797E-007          2.9380674406652663E-001          5.4506494422477503E-001          8.1421013525553798E-001          4.0895173140229579E-001          1.2514338409515993E+053         -1.9671825612607850E+017 
                            3290          2.2673141909797906E+005          5.3335496670159580E+002          3.8793653051928334E+002          1.3154718515665902E+001          2.3643980338750822E+001          1.6700631022999008E+002          1.2781158934802754E+002          6.6019976206102382E-001         -1.0000000000000000E+000          1.7693921624803541E+000          9.8443051921790659E-001         -7.5634827024477247E-001         -7.5634824320629057E-001         -8.5325827321053693E-001         -9.8999999999999986E+001         -9.8999999999999986E+001         -8.1152727249054237E+000         -9.8999999999999986E+001          8.0000000000000004E-001          7.9999996869186163E-001          1.2490914908853611E+053         -2.9978805055502258E+044          0.0000000000000000E+000         -6.9547284549970363E+026         -2.7427739139144006E+044         -2.5510659163582500E+043          0.0000000000000000E+000          0.0000000000000000E+000                                1                                2          5.5640833178546682E-008          1.3634831717451185E-007          2.9744529861280872E-001          5.4929932411673554E-001          7.9586661211322984E-001          4.0779316210317362E-001          1.2490914908853611E+053         -2.0426416944520202E+017 
                            3300          2.2673144289923937E+005          5.2857476279084472E+002          3.8557521724880212E+002          1.3242832749213061E+001          2.3662643801402744E+001          1.6578795594648133E+002          1.2721929156802537E+002          6.7504756548838718E-001         -1.0000000000000000E+000          1.7651172742703529E+000          9.8785042965162773E-001         -7.3254966000242439E-001         -7.3254963271625462E-001         -8.2945966277816696E-001         -9.8999999999999986E+001         -9.8999999999999986E+001         -8.0892933409001575E+000         -9.8999999999999986E+001          8.0000000000000004E-001          7.9999996858563716E-001          1.2467847598255489E+053         -3.1602972230260905E+044          0.0000000000000000E+000         -7.1252248149392957E+026         -2.8876342383830811E+044         -2.7266298464300944E+043          0.0000000000000000E+000          0.0000000000000000E+000                                1                                2          5.5897656947401638E-008          1.3758139299436489E-007          2.9999999999999999E-001          5.5356079143868109E-001          7.8413320672215603E-001          4.0656347224308931E-001          1.2467847598255489E+053         -2.1985270690837245E+017 
                            3310          2.2673146461140655E+005          5.2406926230476290E+002          3.8334303390577168E+002          1.3327330862037355E+001          2.3679936412464009E+001          1.6463631045419260E+002          1.2665944996871738E+002          6.8982320479934645E-001         -1.0000000000000000E+000          1.7610248872209129E+000          9.9112433916510634E-001         -7.2287959632673837E-001         -7.2287956904691231E-001         -8.1978959910485982E-001         -9.8999999999999986E+001         -9.8999999999999986E+001         -8.0797242578341404E+000         -9.8999999999999986E+001          8.0000000000000004E-001          7.9999996859294065E-001          1.2445838538854880E+053         -3.2277182895554012E+044          0.0000000000000000E+000         -7.2851632997986871E+026         -2.9436350969552670E+044         -2.8408319260013421E+043          0.0000000000000000E+000          0.0000000000000000E+000                                1                                2          5.6140703587163280E-008          1.3876420045436708E-007          2.9999999999999999E-001          5.5761966052923417E-001          7.6656652483786059E-001          4.0544245301298815E-001          1.2445838538854880E+053         -2.2475062059137088E+017 
                            3320          2.2673148800296301E+005          5.1924947079105755E+002          3.8094811363821054E+002          1.3419179354962237E+001          2.3698250293218631E+001          1.6340136004676376E+002          1.2605834502342012E+002          7.0744465977687077E-001         -1.0000000000000000E+000          1.7565898656070495E+000          9.9467235631464512E-001         -7.1675803556622475E-001         -7.1675800804847545E-001         -8.1366803825512501E-001         -9.8999999999999986E+001         -9.8999999999999986E+001         -8.0698313849981460E+000         -9.8999999999999986E+001          8.0000000000000004E-001          7.9999996831902143E-001          1.2421958427477802E+053         -3.2736402866989483E+044          0.0000000000000000E+000         -7.4596242994824848E+026         -2.9756866379162750E+044         -2.9795364878267331E+043          0.0000000000000000E+000          0.0000000000000000E+000                                1                                2          5.6459393970032526E-008          1.4005224127747501E-007          2.9999999999999999E-001          5.6202459266126181E-001          7.4890627631380846E-001          4.0425078818528420E-001          1.2421958427477802E+053         -2.2992901210523293E+017 
                            3330          2.2673150885166079E+005          5.1482100071066748E+002          3.7874109009125686E+002          1.3505019090524527E+001          2.3714803576658714E+001          1.6226355387405985E+002          1.2550431081736453E+002          7.2197085627241042E-001         -1.0000000000000000E+000          1.7524539943688846E+000          9.9798105317270724E-001         -6.9506078279663785E-001         -6.9506075510020315E-001         -7.9197078541853105E-001         -9.8999999999999986E+001         -9.8999999999999986E+001         -8.0453231741617550E+000         -9.8999999999999986E+001          8.0000000000000004E-001          7.9999996811330221E-001          1.2399728228975816E+053         -3.4346188064496110E+044          0.0000000000000000E+000         -7.6282455019417259E+026         -3.1184832459685688E+044         -3.1613556048104200E+043          0.0000000000000000E+000          0.0000000000000000E+000                                1                                2          5.6693672138101694E-008          1.4125696517050327E-007          2.9999999999999999E-001          5.6616542448840068E-001          7.3768322466005254E-001          4.0312565138960810E-001          1.2399728228975816E+053         -2.4327752250400541E+017 
                            3340          2.2673152881120201E+005          5.1055335938191359E+002          3.7660823999689541E+002          1.3589057983035692E+001          2.3730527304378548E+001          1.6116433861252156E+002          1.2496870630927518E+002          7.3152324136248714E-001         -1.0000000000000000E+000          1.7484144408937949E+000          1.0012126958215062E+000         -6.9298418256286465E-001         -6.9298415353419307E-001         -7.8989418468516914E-001         -9.8999999999999986E+001         -9.8999999999999986E+001         -8.0228432774701179E+000         -9.8999999999999986E+001          8.0000000000000004E-001          7.9999996657950778E-001          1.2378028212862901E+053         -3.4543113874610246E+044          0.0000000000000000E+000         -7.7939622376827806E+026         -3.1241269713257867E+044         -3.3018441613523767E+043          0.0000000000000000E+000          0.0000000000000000E+000                                1                                2          5.6960267393701302E-008          1.4243771161249279E-007          2.9999999999999999E-001          5.7021540189907449E-001          7.2703075397885675E-001          4.0204686520983646E-001          1.2378028212862901E+053         -2.5620162495670070E+017 
                            3350          2.2673154852236237E+005          5.0633818609070653E+002          3.7449576623610409E+002          1.3673389408507603E+001          2.3745798678658549E+001          1.6007586709749160E+002          1.2443812702522547E+002          7.4421953822041187E-001         -1.0000000000000000E+000          1.7443692533596951E+000          1.0044488457173339E+000         -6.8187966630958452E-001         -6.8187963824532505E-001         -7.7878966879354350E-001         -9.8999999999999986E+001         -9.8999999999999986E+001         -8.0264123363005933E+000         -9.8999999999999986E+001          8.0000000000000004E-001          7.9999996768982817E-001          1.2356328093311961E+053         -3.5317761196409803E+044          0.0000000000000000E+000         -7.9622663148198686E+026         -3.1955656057823814E+044         -3.3621051385859904E+043          0.0000000000000000E+000          0.0000000000000000E+000                                1                                2          5.7263245998739940E-008          1.4362347965081743E-007          2.9999999999999999E-001          5.7428413165442294E-001          7.0755237056924603E-001          4.0097660159081938E-001          1.2356328093311961E+053         -2.5410477225025603E+017 
                            3360          2.2673156966538975E+005          5.0178076750216132E+002          3.7220519758308052E+002          1.3766042229147741E+001          2.3762055528558005E+001          1.5889608121871436E+002          1.2386255088794182E+002          7.6108605095227289E-001         -1.0000000000000000E+000          1.7399363466605975E+000          1.0079951709300781E+000         -6.7445400328230598E-001         -6.7445397444702093E-001         -7.7136400547713024E-001         -9.8999999999999986E+001         -9.8999999999999986E+001         -8.0072160112513320E+000         -9.8999999999999986E+001          8.0000000000000004E-001          7.9999996680215235E-001          1.2332547734241796E+053         -3.5961293204584667E+044          0.0000000000000000E+000         -8.1495028984032314E+026         -3.2402078084779291E+044         -3.5592151198053745E+043          0.0000000000000000E+000          0.0000000000000000E+000                                1                                2          5.7604492225836774E-008          1.4492793840711950E-007          2.9999999999999999E-001          5.7875847765633925E-001          6.9542704720984538E-001          3.9981454427412533E-001          1.2332547734241796E+053         -2.6558842695424045E+017 
                            3370          2.2673158831815753E+005          4.9767018792238525E+002          3.7013325758530345E+002          1.3850991986789344E+001          2.3776442900446320E+001          1.5782917709140406E+002          1.2334179545764758E+002          7.7805944240509195E-001         -1.0000000000000000E+000          1.7358810966157099E+000          1.0112393708308638E+000         -6.5676936405896824E-001         -6.5676933516417468E-001         -7.5367936623147669E-001         -9.8999999999999986E+001         -9.8999999999999986E+001         -7.9886360246305355E+000         -9.8999999999999986E+001          8.0000000000000004E-001          7.9999996673364082E-001          1.2310816985094234E+053         -3.7417940689740686E+044          0.0000000000000000E+000         -8.3242550930404370E+026         -3.3649403692735932E+044         -3.7685369970047526E+043          0.0000000000000000E+000          0.0000000000000000E+000                                1                                2          5.7869599766436627E-008          1.4612499187468276E-007          2.9999999999999999E-001          5.8287058307753359E-001          6.8450408675614982E-001          3.9875547381414417E-001          1.2310816985094234E+053         -2.7719738820094682E+017 
                            3380          2.2673160634258454E+005          4.9365726838874951E+002          3.6810505148965154E+002          1.3935196656902647E+001          2.3790248296717220E+001          1.5678513079718977E+002          1.2283184740937384E+002          7.8864908737595640E-001         -1.0000000000000000E+000          1.7318708089690960E+000          1.0144476008122889E+000         -6.5109402711599840E-001         -6.5109399781033084E-001         -7.4800402913442920E-001         -9.8999999999999986E+001         -9.8999999999999986E+001         -7.9768286653393767E+000         -9.8999999999999986E+001          8.0000000000000004E-001          7.9999996626060454E-001          1.2289332230692660E+053         -3.7882136449176131E+044          0.0000000000000000E+000         -8.4993914151114805E+026         -3.3993403935831189E+044         -3.8887325133449392E+043          0.0000000000000000E+000          0.0000000000000000E+000                                1                                2          5.8176291725723186E-008          1.4731283589480669E-007          2.9999999999999999E-001          5.8695006233712332E-001          6.7175700577051178E-001          3.9771815748313338E-001          1.2289332230692660E+053         -2.8483705898249405E+017 
                            3390          2.2673162415998845E+005          4.8971096543211053E+002          3.6610518117523810E+002          1.4019239326018489E+001          2.3803604166926746E+001          1.5575607475221494E+002          1.2232877546750663E+002          7.9968918872370454E-001         -1.0000000000000000E+000          1.7278782577496707E+000          1.0176416416499319E+000         -6.4717479902777963E-001         -6.4717476943426711E-001         -7.4408480093826856E-001         -9.8999999999999986E+001         -9.8999999999999986E+001         -7.9686645401082163E+000         -9.8999999999999986E+001          8.0000000000000004E-001          7.9999996592921085E-001          1.2267932519471984E+053         -3.8202630697885238E+044          0.0000000000000000E+000         -8.6762989616231596E+026         -3.4203251211539104E+044         -3.9993794863461352E+043          0.0000000000000000E+000          0.0000000000000000E+000                                1                                2          5.8460708423318443E-008          1.4849994649856780E-007          2.9999999999999999E-001          5.9102565537720764E-001          6.5811232732090297E-001          3.9669362154901555E-001          1.2267932519471984E+053         -2.9024224022703795E+017 
                            3400          2.2673164162232997E+005          4.8579699724076687E+002          3.6411637654684898E+002          1.4103885739787275E+001          2.3816567140730584E+001          1.5473291472843184E+002          1.2182842565721221E+002          8.1980182057060025E-001         -1.0000000000000000E+000          1.7238650334033896E+000          1.0208522209884765E+000         -6.3076979880240736E-001         -6.3076976836191401E-001         -7.2767980039527846E-001         -9.8999999999999986E+001         -9.8999999999999986E+001         -7.9400043699442309E+000         -9.8999999999999986E+001          8.0000000000000004E-001          7.9999996495408832E-001          1.2246448697875805E+053         -3.9739857732845616E+044          0.0000000000000000E+000         -8.8566594859634320E+026         -3.5418140114381212E+044         -4.3217176184644039E+043          0.0000000000000000E+000          0.0000000000000000E+000                                1                                2          5.8813826883813080E-008          1.4969638054470820E-007          2.9999999999999999E-001          5.9513645471521126E-001          6.5285634799912573E-001          3.9567222063052271E-001          1.2246448697875805E+053         -3.1004218436318259E+017 
                            3410          2.2673165856488972E+005          4.8196893146587723E+002          3.6216608096722518E+002          1.4187895700391778E+001          2.3829018183781361E+001          1.5372995812590008E+002          1.2133752398362402E+002          8.2935483762067030E-001         -1.0000000000000000E+000          1.7198918980417763E+000          1.0240307291373827E+000         -6.2939892269399911E-001         -6.2939889146222172E-001         -7.2630892399013880E-001         -9.8999999999999986E+001         -9.8999999999999986E+001         -7.9274884775377892E+000         -9.8999999999999986E+001          8.0000000000000004E-001          7.9999996404308882E-001          1.2225167695051831E+053         -3.9879661094855451E+044          0.0000000000000000E+000         -9.0381399891892170E+026         -3.5429571961664125E+044         -4.4500891331913236E+043          0.0000000000000000E+000          0.0000000000000000E+000                                1                                2          5.9108777817181423E-008          1.5088535259990928E-007          2.9999999999999999E-001          5.9922218454504228E-001          6.4124967717545256E-001          3.9466679405526328E-001          1.2225167695051831E+053         -3.1910725637151398E+017 
                            3420          2.2673167532827670E+005          4.7818258985441327E+002          3.6023196499110099E+002          1.4272237813616638E+001          2.3841067727876144E+001          1.5273559020344825E+002          1.2085056843092015E+002          8.4654226836484103E-001         -1.0000000000000000E+000          1.7159116955831997E+000          1.0272148909629077E+000         -6.1707153293463213E-001         -6.1707150155192225E-001         -7.1398153417417209E-001         -9.8999999999999986E+001         -9.8999999999999986E+001         -7.9130673464907675E+000         -9.8999999999999986E+001          8.0000000000000004E-001          7.9999996386932137E-001          1.2203858648756189E+053         -4.1030635398119514E+044          0.0000000000000000E+000         -9.2222202589255980E+026         -3.6346964792561225E+044         -4.6836706055582868E+043          0.0000000000000000E+000          0.0000000000000000E+000                                1                                2          5.9435798964581075E-008          1.5208009180880308E-007          2.9999999999999999E-001          5.9999999999999998E-001          6.3135779577312912E-001          3.9366921501299695E-001          1.2203858648756189E+053         -3.2988138680839450E+017 
                            3430          2.2673169153882287E+005          4.7445071306874939E+002          3.5832069018859619E+002          1.4356591168246343E+001          2.3852693883125372E+001          1.5175329427883023E+002          1.2036917968920079E+002          8.5561826885116166E-001         -1.0000000000000000E+000          1.7119402443119029E+000          1.0303920518361760E+000         -6.0959113889473715E-001         -6.0959110646066172E-001         -7.0650113974001494E-001         -9.8999999999999986E+001         -9.8999999999999986E+001         -7.8912758711997979E+000         -9.8999999999999986E+001          8.0000000000000004E-001          7.9999996265889217E-001          1.2182592969564387E+053         -4.1748178901448408E+044          0.0000000000000000E+000         -9.4090208162237958E+026         -3.6874690825733675E+044         -4.8734880757147360E+043          0.0000000000000000E+000          0.0000000000000000E+000                                1                                2          5.9740422051259668E-008          1.5327630492125058E-007          2.9999999999999999E-001          5.9999999999999998E-001          6.2344031331118532E-001          3.9267844890106707E-001          1.2182592969564387E+053         -3.4685606022813248E+017 
                            3440          2.2673170755770197E+005          4.7078525132764253E+002          3.5643858268874806E+002          1.4440631489446966E+001          2.3863885331885150E+001          1.5078638898225930E+002          1.1989488490662650E+002          8.6822831624816132E-001         -1.0000000000000000E+000          1.7079935230085397E+000          1.0335494287333715E+000         -6.0572607841488557E-001         -6.0572604670428121E-001         -7.0263607953146501E-001         -9.8999999999999986E+001         -9.8999999999999986E+001         -7.8972078148802831E+000         -9.8999999999999986E+001          8.0000000000000004E-001          7.9999996349181901E-001          1.2161440703746004E+053         -4.2041760351467537E+044          0.0000000000000000E+000         -9.5971893236557641E+026         -3.7101102821731013E+044         -4.9406575297365271E+043          0.0000000000000000E+000          0.0000000000000000E+000                                1                                2          6.0059852748685145E-008          1.5446969071641448E-007          2.9999999999999999E-001          5.9999999999999998E-001          6.0771255688062664E-001          3.9170170592703218E-001          1.2161440703746004E+053         -3.4215062936475181E+017 
                            3450          2.2673172324715866E+005          4.6715022832701129E+002          3.5456726545600719E+002          1.4525226461668133E+001          2.3874683118362132E+001          1.4982519871241453E+002          1.1942326897665475E+002          8.8579145219697064E-001         -1.0000000000000000E+000          1.7040283860773653E+000          1.0367215381320880E+000         -5.9029382045744716E-001         -5.9029378831919166E-001         -6.8720382141365732E-001         -9.8999999999999986E+001         -9.8999999999999986E+001         -7.8759577778501892E+000         -9.8999999999999986E+001          8.0000000000000004E-001          7.9999996299946752E-001          1.2140212508029294E+053         -4.3580979892135691E+044          0.0000000000000000E+000         -9.7888037149828990E+026         -3.8336522541875230E+044         -5.2444573502604610E+043          0.0000000000000000E+000          0.0000000000000000E+000                                1                                2          6.0433620639923011E-008          1.5567166139866255E-007          2.9999999999999999E-001          5.9999999999999998E-001          6.0103365316999902E-001          3.9072818932885939E-001          1.2140212508029294E+053         -3.5930840846298829E+017 
                            3460          2.2673173851401400E+005          4.6359286839469621E+002          3.5273126196197899E+002          1.4609184820099543E+001          2.3885018418365572E+001          1.4888254050996139E+002          1.1896030396355346E+002          8.9558174692877568E-001         -1.0000000000000000E+000          1.7001030125829484E+000          1.0398618367794372E+000         -5.8937744639055312E-001         -5.8937741253606357E-001         -6.8628744670317554E-001         -9.8999999999999986E+001         -9.8999999999999986E+001         -7.8524474321649693E+000         -9.8999999999999986E+001          8.0000000000000004E-001          7.9999996102358018E-001          1.2119175821704707E+053         -4.3786852163962624E+044          0.0000000000000000E+000         -9.9814063556443749E+026         -3.8312313352301571E+044         -5.4745388116610503E+043          0.0000000000000000E+000          0.0000000000000000E+000                                1                                2          6.0773129842517920E-008          1.5686620119556261E-007          2.9999999999999999E-001          5.9999999999999998E-001          5.9462690341729663E-001          3.8977003434038027E-001          1.2119175821704707E+053         -3.7929553125587091E+017 
                            3470          2.2673175367130057E+005          4.6007918941312874E+002          3.5091320859551212E+002          1.4693296115518187E+001          2.3894969161950797E+001          1.4794940850209852E+002          1.1850169230186818E+002          9.0803562645885672E-001         -1.0000000000000000E+000          1.6961795186377151E+000          1.0430006317859739E+000         -5.8380213174591700E-001         -5.8380209845219533E-001         -6.8071213226882743E-001         -9.8999999999999986E+001         -9.8999999999999986E+001         -7.8541260414983327E+000         -9.8999999999999986E+001          8.0000000000000004E-001          7.9999996166918785E-001          1.2098141932159773E+053         -4.4278345257218675E+044          0.0000000000000000E+000         -1.0176526880102933E+027         -3.8701594512016535E+044         -5.5767507452021373E+043          0.0000000000000000E+000          0.0000000000000000E+000                                1                                2          6.1147984030921011E-008          1.5806420685794055E-007          2.9999999999999999E-001          5.9999999999999998E-001          5.8151260915689296E-001          3.8881947668951045E-001          1.2098141932159773E+053         -3.7783233017063744E+017 
                            3480          2.2673176857023497E+005          4.5661333635561652E+002          3.4911535690913388E+002          1.4777477538340015E+001          2.3904484146566819E+001          1.4702682405999576E+002          1.1804812492005790E+002          9.2183266027961375E-001         -1.0000000000000000E+000          1.6922603888281482E+000          1.0461359354839739E+000         -5.7688623915580894E-001         -5.7688620590090434E-001         -6.7379623969327584E-001         -9.8999999999999986E+001         -9.8999999999999986E+001         -7.8477167868731827E+000         -9.8999999999999986E+001          8.0000000000000004E-001          7.9999996171387766E-001          1.2077147308387980E+053         -4.4973282288813148E+044          0.0000000000000000E+000         -1.0374074486931321E+027         -3.9216281406202246E+044         -5.7570008826109019E+043          0.0000000000000000E+000          0.0000000000000000E+000                                1                                2          6.1491629534023406E-008          1.5926396882502246E-007          2.9999999999999999E-001          5.9999999999999998E-001          5.7097458325313011E-001          3.8787694244585041E-001          1.2077147308387980E+053         -3.8344967254788224E+017 
                            3490          2.2673178314798608E+005          4.5318154849912145E+002          3.4733071737199191E+002          1.4861999579321450E+001          2.3913651924260467E+001          1.4611135879067868E+002          1.1759768892813716E+002          9.3485646341878847E-001         -1.0000000000000000E+000          1.6883347902182448E+000          1.0492764142193349E+000         -5.6158237178636083E-001         -5.6158233841768146E-001         -6.5849237228116209E-001         -9.8999999999999986E+001         -9.8999999999999986E+001         -7.8309296066224929E+000         -9.8999999999999986E+001          8.0000000000000004E-001          7.9999996158288966E-001          1.2056102216522540E+053         -4.6520889856988211E+044          0.0000000000000000E+000         -1.0574619752946194E+027         -4.0513058508933212E+044         -6.0078313480550002E+043          0.0000000000000000E+000          0.0000000000000000E+000                                1                                2          6.1911477885978027E-008          1.6047002003342019E-007          2.9999999999999999E-001          5.9999999999999998E-001          5.6418300920503894E-001          3.8693966414690217E-001          1.2056102216522540E+053         -3.9856168977738451E+017 
                            3500          2.2673179728916494E+005          4.4981616146557371E+002          3.4557623963820276E+002          1.4946063800593976E+001          2.3922361722947670E+001          1.4521161497910757E+002          1.1715474570997897E+002          9.4792149263951286E-001         -1.0000000000000000E+000          1.6844388346636729E+000          1.0523931785101073E+000         -5.5865892822785213E-001         -5.5865889296196192E-001         -6.5556892801119937E-001         -9.8999999999999986E+001         -9.8999999999999986E+001         -7.8039903317654469E+000         -9.8999999999999986E+001          8.0000000000000004E-001          7.9999995939864521E-001          1.2035215348803344E+053         -4.7023053652681077E+044          0.0000000000000000E+000         -1.0776585348190262E+027         -4.0677623510100494E+044         -6.3454301425805788E+043          0.0000000000000000E+000          0.0000000000000000E+000                                1                                2          6.2252846076664031E-008          1.6167060767556730E-007          2.9999999999999999E-001          5.9999999999999998E-001          5.5971635658821262E-001          3.8601481528656650E-001          1.2035215348803344E+053         -4.2406734008295917E+017 
                            3510          2.2673181130020722E+005          4.4649694464128964E+002          3.4384158386872014E+002          1.5030096005813846E+001          2.3930719305614424E+001          1.4432243427086888E+002          1.1671654646831468E+002          9.6838515676526749E-001         -1.0000000000000000E+000          1.6805543305872925E+000          1.0555007816161712E+000         -5.5470847781665378E-001         -5.5470844232219674E-001         -6.5161847751428847E-001         -9.8999999999999986E+001         -9.8999999999999986E+001         -7.7972341942716552E+000         -9.8999999999999986E+001          8.0000000000000004E-001          7.9999995913549793E-001          1.2014359539114588E+053         -4.7587986886948109E+044          0.0000000000000000E+000         -1.0980633126674643E+027         -4.0940326028985662E+044         -6.6476608579624478E+043          0.0000000000000000E+000          0.0000000000000000E+000                                1                                2          6.2656679308469656E-008          1.6287245196012357E-007          2.9999999999999999E-001          5.9999999999999998E-001          5.5030972662467115E-001          3.8509913845716698E-001          1.2014359539114588E+053         -4.3071595935743968E+017 
                            3520          2.2673182511299918E+005          4.4321582826431478E+002          3.4212265862605904E+002          1.5114272397228749E+001          2.3938754976520926E+001          1.4344173810279486E+002          1.1628203772119292E+002          9.7379935031365639E-001         -1.0000000000000000E+000          1.6766733945474979E+000          1.0586055302889461E+000         -5.4854538084976479E-001         -5.4854534459628379E-001         -6.4545538026276539E-001         -9.8999999999999986E+001         -9.8999999999999986E+001         -7.7818819222655105E+000         -9.8999999999999986E+001          8.0000000000000004E-001          7.9999995826163950E-001          1.1993487035602405E+053         -4.8214088497984047E+044          0.0000000000000000E+000         -1.1187495242405962E+027         -4.1415578140091035E+044         -6.7985103578930138E+043          0.0000000000000000E+000          0.0000000000000000E+000                                1                                2          6.3042137014517612E-008          1.6407819290032689E-007          2.9999999999999999E-001          5.9999999999999998E-001          5.4316028777639125E-001          3.8418915562699740E-001          1.1993487035602405E+053         -4.4621404485952486E+017 
                            3530          2.2673183870687062E+005          4.3997864953858061E+002          3.4042262319571654E+002          1.5198445917865094E+001          2.3946431805981504E+001          1.4257106396883998E+002          1.1585209170873902E+002          9.8631824908927790E-001         -1.0000000000000000E+000          1.6728019789487734E+000          1.0617026626071302E+000         -5.4274347091764863E-001         -5.4274343515642653E-001         -6.3965347051524646E-001         -9.8999999999999986E+001         -9.8999999999999986E+001         -7.7820173722522208E+000         -9.8999999999999986E+001          8.0000000000000004E-001          7.9999995882837327E-001          1.1972643296565364E+053         -4.8798741228294592E+044          0.0000000000000000E+000         -1.1396708643602565E+027         -4.1862158970449930E+044         -6.9365822578446620E+043          0.0000000000000000E+000          0.0000000000000000E+000                                1                                2          6.3431431362268443E-008          1.6528541155962066E-007          2.9999999999999999E-001          5.9999999999999998E-001          5.3232976711649160E-001          3.8328695777477356E-001          1.1972643296565364E+053         -4.4607489848137069E+017 
                            3540          2.2673185209183081E+005          4.3678887725685036E+002          3.3874338972131750E+002          1.5282567070164852E+001          2.3953673413574037E+001          1.4171116959326159E+002          1.1542739698602669E+002          1.0003928362903056E+000         -1.0000000000000000E+000          1.6689399482799312E+000          1.0647922869822537E+000         -5.3717520599715873E-001         -5.3717517076133192E-001         -6.3408520579177974E-001         -9.8999999999999986E+001         -9.8999999999999986E+001         -7.7828769929967114E+000         -9.8999999999999986E+001          8.0000000000000004E-001          7.9999995943325686E-001          1.1951867323767948E+053         -4.9389552490683419E+044          0.0000000000000000E+000         -1.1607995552221598E+027         -4.2291584068264851E+044         -7.0979684224185701E+043          0.0000000000000000E+000          0.0000000000000000E+000                                1                                2          6.3873416222119520E-008          1.6649245425649141E-007          2.9999999999999999E-001          5.9999999999999998E-001          5.2254535806377989E-001          3.8239376143473713E-001          1.1951867323767948E+053         -4.4519283380315610E+017 
                            3550          2.2673186527469638E+005          4.3364163097803186E+002          3.3708256258249833E+002          1.5366679610950793E+001          2.3960558432101980E+001          1.4086101948008667E+002          1.1500716595187031E+002          1.0174183254633251E+000         -1.0000000000000000E+000          1.6650874165897740E+000          1.0678743121729555E+000         -5.3185268838702049E-001         -5.3185265149314165E-001         -6.2876268755987197E-001         -9.8999999999999986E+001         -9.8999999999999986E+001         -7.7575846239763333E+000         -9.8999999999999986E+001          8.0000000000000004E-001          7.9999995752435415E-001          1.1931121706575166E+053         -5.0248782311643712E+044          0.0000000000000000E+000         -1.1821517230759129E+027         -4.2701942823064469E+044         -7.5468394885792427E+043          0.0000000000000000E+000          0.0000000000000000E+000                                1                                2          6.4255415134035127E-008          1.6770080862027399E-007          2.9999999999999999E-001          5.9999999999999998E-001          5.1895143548534717E-001          3.8150864553040537E-001          1.1931121706575166E+053         -4.7188973932489670E+017 
                            3560          2.2673187827046294E+005          4.3052695945057718E+002          3.3543508575629312E+002          1.5450895605318278E+001          2.3967256780471093E+001          1.4001845587674967E+002          1.1458971324994833E+002          1.0248551978297173E+000         -1.0000000000000000E+000          1.6612440909166302E+000          1.0709489725423720E+000         -5.2652543579339417E-001         -5.2652539850074254E-001         -6.2343543481670582E-001         -9.8999999999999986E+001         -9.8999999999999986E+001         -7.7475884243812176E+000         -9.8999999999999986E+001          8.0000000000000004E-001          7.9999995706525007E-001          1.1910322137131508E+053         -5.0818104813979641E+044          0.0000000000000000E+000         -1.2038025719426670E+027         -4.3117063807985461E+044         -7.7010410059941827E+043          0.0000000000000000E+000          0.0000000000000000E+000                                1                                2          6.4666421136429992E-008          1.6891404956204283E-007          2.9999999999999999E-001          5.9999999999999998E-001          5.1131059946445323E-001          3.8062809411750659E-001          1.1910322137131508E+053         -4.8287723716139552E+017 
                            3570          2.2673189108084104E+005          4.2745960848055239E+002          3.3380871648690299E+002          1.5535029349382647E+001          2.3973486764609646E+001          1.3918668774503794E+002          1.1417771376447605E+002          1.0422011261373927E+000         -1.0000000000000000E+000          1.6574100358113051E+000          1.0740162164604183E+000         -5.2158972288676075E-001         -5.2158968517724869E-001         -6.1849972175374979E-001         -9.8999999999999986E+001         -9.8999999999999986E+001         -7.7378250609413355E+000         -9.8999999999999986E+001          8.0000000000000004E-001          7.9999995658532164E-001          1.1889610538404676E+053         -5.1532648784923712E+044          0.0000000000000000E+000         -1.2256426072114763E+027         -4.3497868916725909E+044         -8.0347798681978065E+043          0.0000000000000000E+000          0.0000000000000000E+000                                1                                2          6.5092175481376763E-008          1.7012613758976704E-007          2.9999999999999999E-001          5.9999999999999998E-001          5.0421127030200874E-001          3.7975703997575472E-001          1.1889610538404676E+053         -4.9385572953554618E+017 
                            3580          2.2673190371382039E+005          4.2442906375415708E+002          3.3219810258934461E+002          1.5619194742511464E+001          2.3979435295442087E+001          1.3836345324013561E+002          1.1376936275178537E+002          1.0599573154829987E+000         -1.0000000000000000E+000          1.6535854018503537E+000          1.0770759234594640E+000         -5.1714439206682516E-001         -5.1714435410276582E-001         -6.1405439083835889E-001         -9.8999999999999986E+001         -9.8999999999999986E+001         -7.7304580007914305E+000         -9.8999999999999986E+001          8.0000000000000004E-001          7.9999995629226339E-001          1.1868896171867880E+053         -5.2196161807640348E+044          0.0000000000000000E+000         -1.2477406456374632E+027         -4.3833039760460448E+044         -8.3631220471798973E+043          0.0000000000000000E+000          0.0000000000000000E+000                                1                                2          6.5570917161152891E-008          1.7134088679787805E-007          2.9999999999999999E-001          5.9999999999999998E-001          4.9698277902497073E-001          3.7889227551135346E-001          1.1868896171867880E+053         -5.0230460251939238E+017 
                            3590          2.2673191617955684E+005          4.2143689394558584E+002          3.3060415186359018E+002          1.5703376295176366E+001          2.3985050114203965E+001          1.3754905869568989E+002          1.1336503625097163E+002          1.0644329307878189E+000         -1.0000000000000000E+000          1.6497691679909989E+000          1.0801289103749074E+000         -5.1188034132853444E-001         -5.1188030246148231E-001         -6.0879033976144581E-001         -9.8999999999999986E+001         -9.8999999999999986E+001         -7.7149849908442638E+000         -9.8999999999999986E+001          8.0000000000000004E-001          7.9999995525265477E-001          1.1848201667317624E+053         -5.2798030394818343E+044          0.0000000000000000E+000         -1.2700802892593127E+027         -4.4254750488896245E+044         -8.5432799059220999E+043          0.0000000000000000E+000          0.0000000000000000E+000                                1                                2          6.6033866137021302E-008          1.7255739402782321E-007          2.9999999999999999E-001          5.9999999999999998E-001          4.9187794649320837E-001          3.7803447980341459E-001          1.1848201667317624E+053         -5.2052329073855667E+017 
                            3600          2.2673192848087847E+005          4.1848596397907181E+002          3.2902847687172670E+002          1.5787514160113865E+001          2.3990282187417286E+001          1.3674418798490609E+002          1.1296527272969711E+002          1.0796240150061847E+000         -1.0000000000000000E+000          1.6459624859988351E+000          1.0831742557972956E+000         -5.0725608043332793E-001         -5.0725604047550199E-001         -6.0416607845719916E-001         -9.8999999999999986E+001         -9.8999999999999986E+001         -7.6983404817396766E+000         -9.8999999999999986E+001          8.0000000000000004E-001          7.9999995399685497E-001          1.1827558005176658E+053         -5.3556722074377938E+044          0.0000000000000000E+000         -1.2926321842023116E+027         -4.4615500687590566E+044         -8.9412213867873673E+043          0.0000000000000000E+000          0.0000000000000000E+000                                1                                2          6.6501583664189085E-008          1.7377417267468302E-007          2.9999999999999999E-001          5.9999999999999998E-001          4.8715315129570425E-001          3.7718478111023329E-001          1.1827558005176658E+053         -5.4085976587974464E+017 
                            3610          2.2673194062767667E+005          4.1556987770118741E+002          3.2746782496518534E+002          1.5871685431135653E+001          2.3995236343690305E+001          1.3594743517986797E+002          1.1256900412070452E+002          1.0886379418290919E+000         -1.0000000000000000E+000          1.6421648066117978E+000          1.0862123991322070E+000         -5.0270978960616419E-001         -5.0270975006494700E-001         -5.9961978778626368E-001         -9.8999999999999986E+001         -9.8999999999999986E+001         -7.6983460055744048E+000         -9.8999999999999986E+001          8.0000000000000004E-001          7.9999995447649330E-001          1.1806912285448200E+053         -5.4022679201423856E+044          0.0000000000000000E+000         -1.3154497863628025E+027         -4.4971604609227142E+044         -9.0510745921967099E+043          0.0000000000000000E+000          0.0000000000000000E+000                                1                                2          6.6979073552813797E-008          1.7499355961194250E-007          2.9999999999999999E-001          5.9999999999999998E-001          4.7865573871152128E-001          3.7634085513757887E-001          1.1806912285448200E+053         -5.4085288652870310E+017 
                            3620          2.2673195262464197E+005          4.1268959171378111E+002          3.2592279632795942E+002          1.5955858556385390E+001          2.3999897338770324E+001          1.3515905369052444E+002          1.1217643047485335E+002          1.1119277341324831E+000         -1.0000000000000000E+000          1.6383769990005488E+000          1.0892426450448867E+000         -4.9868803726130406E-001         -4.9868799630383104E-001         -5.9559803491030749E-001         -9.8999999999999986E+001         -9.8999999999999986E+001         -7.6790411351850958E+000         -9.8999999999999986E+001          8.0000000000000004E-001          7.9999995284596903E-001          1.1786277759525081E+053         -5.4938141803224070E+044          0.0000000000000000E+000         -1.3384991431609973E+027         -4.5276491112811419E+044         -9.6616506904126529E+043          0.0000000000000000E+000          0.0000000000000000E+000                                1                                2          6.7493033075695438E-008          1.7621489280705296E-007          2.9999999999999999E-001          5.9999999999999998E-001          4.7498580383214789E-001          3.7550402286469203E-001          1.1786277759525081E+053         -5.6543673886400915E+017 
                            3630          2.2673196447716569E+005          4.0984555702158127E+002          3.2439370845223630E+002          1.6040040101842447E+001          2.4004224312357049E+001          1.3437907834098266E+002          1.1178775014924052E+002          1.1174452778752761E+000         -1.0000000000000000E+000          1.6345973434043664E+000          1.0922663693437480E+000         -4.9438943376276712E-001         -4.9438939197333226E-001         -5.9129943109978500E-001         -9.8999999999999986E+001         -9.8999999999999986E+001         -7.6660091860868604E+000         -9.8999999999999986E+001          8.0000000000000004E-001          7.9999995188813744E-001          1.1765667602861084E+053         -5.5479367618190567E+044          0.0000000000000000E+000         -1.3617987899404389E+027         -4.5613076806746110E+044         -9.8662908114444525E+043          0.0000000000000000E+000          0.0000000000000000E+000                                1                                2          6.7919656343565972E-008          1.7743769798290398E-007          2.9999999999999999E-001          5.9999999999999998E-001          4.6972998693765222E-001          3.7467349570848896E-001          1.1765667602861084E+053         -5.8266102895259981E+017 
                            3640          2.2673197618852646E+005          4.0703415379246354E+002          3.2287875391701903E+002          1.6124249874660553E+001          2.4008299234129808E+001          1.3360678863476804E+002          1.1140231150990961E+002          1.1361233770834811E+000         -1.0000000000000000E+000          1.6308273229478913E+000          1.0952823855283247E+000         -4.9087953109995014E-001         -4.9087948862418207E-001         -5.8778952817959307E-001         -9.8999999999999986E+001         -9.8999999999999986E+001         -7.6554245410684558E+000         -9.8999999999999986E+001          8.0000000000000004E-001          7.9999995109796729E-001          1.1745050297444649E+053         -5.6185462901272301E+044          0.0000000000000000E+000         -1.3853565736590122E+027         -4.5869318071258965E+044         -1.0316144830013336E+044          0.0000000000000000E+000          0.0000000000000000E+000                                1                                2          6.8399634886763067E-008          1.7866326815294605E-007          2.9999999999999999E-001          5.9999999999999998E-001          4.6403214360838835E-001          3.7384888269355143E-001          1.1745050297444649E+053         -5.9703613438824704E+017 
                            3650          2.2673198776813023E+005          4.0425658989398431E+002          3.2137864630546699E+002          1.6208478488494677E+001          2.4012074572605275E+001          1.3284240709823158E+002          1.1102042729527292E+002          1.1428136794327262E+000         -1.0000000000000000E+000          1.6270657681501151E+000          1.0982916291837026E+000         -4.8691387949556253E-001         -4.8691383654413628E-001         -5.8382387639683364E-001         -9.8999999999999986E+001         -9.8999999999999986E+001         -7.6466225396341221E+000         -9.8999999999999986E+001          8.0000000000000004E-001          7.9999995055034556E-001          1.1724444842241078E+053         -5.6678398041946134E+044          0.0000000000000000E+000         -1.4091690062039836E+027         -4.6175976016140302E+044         -1.0502422025805836E+044          0.0000000000000000E+000          0.0000000000000000E+000                                1                                2          6.8946272789611705E-008          1.7989082672839458E-007          2.9999999999999999E-001          5.9999999999999998E-001          4.5858903628690723E-001          3.7303029310872321E-001          1.1724444842241078E+053         -6.0925993236838694E+017 
                            3660          2.2673199922170787E+005          4.0151465070986069E+002          3.1989442465861612E+002          1.6292687448528813E+001          2.4015512434006595E+001          1.3208635207343971E+002          1.1064246488135338E+002          1.1554588717259402E+000         -1.0000000000000000E+000          1.6233131310359432E+000          1.1012937386924160E+000         -4.8271764083964835E-001         -4.8271759840061218E-001         -5.7962763793306571E-001         -9.8999999999999986E+001         -9.8999999999999986E+001         -7.6476383785717665E+000         -9.8999999999999986E+001          8.0000000000000004E-001          7.9999995114025646E-001          1.1703873325878458E+053         -5.7207643335896148E+044          0.0000000000000000E+000         -1.4332086471124218E+027         -4.6510046486517725E+044         -1.0697596849378421E+044          0.0000000000000000E+000          0.0000000000000000E+000                                1                                2          6.9580304209292851E-008          1.8111929922821230E-007          2.9999999999999999E-001          5.9999999999999998E-001          4.5153850406348628E-001          3.7221868365658861E-001          1.1703873325878458E+053         -6.0783650538053606E+017 
                            3670          2.2673201055044035E+005          3.9880342128840368E+002          3.1842356651248986E+002          1.6376933953498931E+001          2.4018702605960197E+001          1.3133755480365926E+002          1.1026757546514179E+002          1.1620796487314913E+000         -1.0000000000000000E+000          1.6195694376491006E+000          1.1042886932162166E+000         -4.7899195134931716E-001         -4.7899190952511894E-001         -5.7590194867329880E-001         -9.8999999999999986E+001         -9.8999999999999986E+001         -7.6502505777610645E+000         -9.8999999999999986E+001          8.0000000000000004E-001          7.9999995184811479E-001          1.1683293486781520E+053         -5.7536430431008344E+044          0.0000000000000000E+000         -1.4575209802764424E+027         -4.6796266497616543E+044         -1.0740163933391805E+044          0.0000000000000000E+000          0.0000000000000000E+000                                1                                2          7.0081842446401042E-008          1.8235062259869583E-007          2.9999999999999999E-001          5.9999999999999998E-001          4.4356552142438127E-001          3.7141229447482649E-001          1.1683293486781520E+053         -6.0419145675793216E+017 
                            3680          2.2673202175847240E+005          3.9612398759564610E+002          3.1696673150614305E+002          1.6461189609537154E+001          2.4021622097409303E+001          1.3059627844213114E+002          1.0989599384135443E+002          1.1783049950912445E+000         -1.0000000000000000E+000          1.6158351445583998E+000          1.1072761275017440E+000         -4.7558915387384509E-001         -4.7558911029044121E-001         -5.7249915053812461E-001         -9.8999999999999986E+001         -9.8999999999999986E+001         -7.6289542577701965E+000         -9.8999999999999986E+001          8.0000000000000004E-001          7.9999994982275457E-001          1.1662720357783392E+053         -5.8365496890617394E+044          0.0000000000000000E+000         -1.4820707555760742E+027         -4.7049881162703292E+044         -1.1315615727914099E+044          0.0000000000000000E+000          0.0000000000000000E+000                                1                                2          7.0595720096655600E-008          1.8358406570587018E-007          2.9999999999999999E-001          5.9999999999999998E-001          4.4099376203512125E-001          3.7061235799634284E-001          1.1662720357783392E+053         -6.3455738118976474E+017 
                            3690          2.2673203285045634E+005          3.9347275124378416E+002          3.1552206646747487E+002          1.6545513405461730E+001          2.4024318180824235E+001          1.2986168397962331E+002          1.0952714692551217E+002          1.1933686050857639E+000         -1.0000000000000000E+000          1.6121089270785214E+000          1.1102571012954796E+000         -4.7226563969888175E-001         -4.7226559652388705E-001         -5.6917563651631464E-001         -9.8999999999999986E+001         -9.8999999999999986E+001         -7.6297195968891200E+000         -9.8999999999999986E+001          8.0000000000000004E-001          7.9999995029295301E-001          1.1642125646428894E+053         -5.8883903589926533E+044          0.0000000000000000E+000         -1.5069132639807881E+027         -4.7296609054298295E+044         -1.1587294535628237E+044          0.0000000000000000E+000          0.0000000000000000E+000                                1                                2          7.1156933053415395E-008          1.8482106305087934E-007          2.9999999999999999E-001          5.9999999999999998E-001          4.3411450250229761E-001          3.6981687849627604E-001          1.1642125646428894E+053         -6.3344011245560000E+017 
                            3700          2.2673204496002090E+005          3.9058747220193425E+002          3.1394622192206162E+002          1.6638452150507828E+001          2.4026950869040359E+001          1.2906073966862076E+002          1.0912458086072134E+002          1.2075324449788143E+000         -1.0000000000000000E+000          1.6080123188184900E+000          1.1135343876930803E+000         -4.6835602106377128E-001         -4.6835597426287146E-001         -5.6526601652148967E-001         -9.8999999999999986E+001         -9.8999999999999986E+001         -7.5907880651840980E+000         -9.8999999999999986E+001          8.0000000000000004E-001          7.9999994611847569E-001          1.1619447242011285E+053         -6.0007823450948579E+044          0.0000000000000000E+000         -1.5345438066956302E+027         -4.7597893188681680E+044         -1.2409930262266898E+044          0.0000000000000000E+000          0.0000000000000000E+000                                1                                2          7.1849143938246232E-008          1.8618634068435507E-007          2.9999999999999999E-001          5.9999999999999998E-001          4.3555483428018776E-001          3.6894833403572574E-001          1.1619447242011285E+053         -6.9284660382103488E+017 
                            3710          2.2673205582743330E+005          3.8799708320197448E+002          3.1252821384027578E+002          1.6722873605205635E+001          2.4029123648413467E+001          1.2834055715264068E+002          1.0876192154213601E+002          1.2155369077243785E+000         -1.0000000000000000E+000          1.6043031261592284E+000          1.1165017416258711E+000         -4.6525166158557124E-001         -4.6525161641925650E-001         -5.6216165765625903E-001         -9.8999999999999986E+001         -9.8999999999999986E+001         -7.6031232531671442E+000         -9.8999999999999986E+001          8.0000000000000004E-001          7.9999994800036112E-001          1.1598837944979066E+053         -6.0176918112964307E+044          0.0000000000000000E+000         -1.5599772388115652E+027         -4.7824269611365545E+044         -1.2352648501598761E+044          0.0000000000000000E+000          0.0000000000000000E+000                                1                                2          7.2347219584880266E-008          1.8742937850533903E-007          2.9999999999999999E-001          5.9999999999999998E-001          4.2603844142651653E-001          3.6816305825116935E-001          1.1598837944979066E+053         -6.7344464657478643E+017 
                            3720          2.2673206658577311E+005          3.8543866525731306E+002          3.1112464364423386E+002          1.6807254125557748E+001          2.4031008969327587E+001          1.2762800778543671E+002          1.0840276118805291E+002          1.2267251801796042E+000         -1.0000000000000000E+000          1.6006045597054490E+000          1.1194605945939478E+000         -4.6210226436954921E-001         -4.6210221968333043E-001         -5.5901226062027298E-001         -9.8999999999999986E+001         -9.8999999999999986E+001         -7.6046149059599157E+000         -9.8999999999999986E+001          8.0000000000000004E-001          7.9999994855309209E-001          1.1578255854400587E+053         -6.0593100823029818E+044          0.0000000000000000E+000         -1.5856245963555210E+027         -4.8057439040591717E+044         -1.2535661782438099E+044          0.0000000000000000E+000          0.0000000000000000E+000                                1                                2          7.3021843485882017E-008          1.8867347446287530E-007          2.9999999999999999E-001          5.9999999999999998E-001          4.1989118431286432E-001          3.6738479589865619E-001          1.1578255854400587E+053         -6.7113556270236173E+017 
                            3730          2.2673207725407337E+005          3.8291294211825971E+002          3.0973600490874389E+002          1.6891537959096780E+001          2.4032622256198035E+001          1.2692336854930856E+002          1.0804719886774491E+002          1.2453509523714545E+000         -1.0000000000000000E+000          1.5969194048202515E+000          1.1224087183071660E+000         -4.6226296973277181E-001         -4.6226292447791562E-001         -5.5917296577025666E-001         -9.8999999999999986E+001         -9.8999999999999986E+001         -7.5992840287959229E+000         -9.8999999999999986E+001          8.0000000000000004E-001          7.9999994789842410E-001          1.1557710122418974E+053         -6.0952446738362230E+044          0.0000000000000000E+000         -1.6114902919846368E+027         -4.7925780158586900E+044         -1.3026666579775334E+044          0.0000000000000000E+000          0.0000000000000000E+000                                1                                2          7.3657566632517457E-008          1.8991797917337239E-007          2.9999999999999999E-001          5.9999999999999998E-001          4.1581032408180751E-001          3.6661323892004433E-001          1.1557710122418974E+053         -6.7942438382334566E+017 
                            3740          2.2673208900677855E+005          3.8015965007361842E+002          3.0821888105334943E+002          1.6984438588507444E+001          2.4034210151773262E+001          1.2615421121636290E+002          1.0765819589148695E+002          1.2514871105733458E+000         -1.0000000000000000E+000          1.5928717593543529E+000          1.1256468344613249E+000         -4.6342859189068869E-001         -4.6342854534477662E-001         -5.6033858744402743E-001         -9.8999999999999986E+001         -9.8999999999999986E+001         -7.5882332944856161E+000         -9.8999999999999986E+001          8.0000000000000004E-001          7.9999994641204120E-001          1.1535041512669454E+053         -6.0955715813827770E+044          0.0000000000000000E+000         -1.6403115177413430E+027         -4.7673003176393796E+044         -1.3282712637433972E+044          0.0000000000000000E+000          0.0000000000000000E+000                                1                                2          7.4299145932712493E-008          1.9129345303308145E-007          2.9999999999999999E-001          5.9999999999999998E-001          4.1152873266098894E-001          3.6576857497169452E-001          1.1535041512669454E+053         -6.9693433954345600E+017 
                            3750          2.2673209962910565E+005          3.7768439591725286E+002          3.0685185230472854E+002          1.7069028793579694E+001          2.4035326061219685E+001          1.2546136284021615E+002          1.0730756944237183E+002          1.2697206657973628E+000         -1.0000000000000000E+000          1.5891942056057189E+000          1.1285888772626660E+000         -4.5663792036197437E-001         -4.5663787060034372E-001         -5.5354791470941855E-001         -9.8999999999999986E+001         -9.8999999999999986E+001         -7.5524295630686318E+000         -9.8999999999999986E+001          8.0000000000000004E-001          7.9999994270980879E-001          1.1514430078142367E+053         -6.2604494140084547E+044          0.0000000000000000E+000         -1.6667826890690134E+027         -4.8310323474231935E+044         -1.4294170665852617E+044          0.0000000000000000E+000          0.0000000000000000E+000                                1                                2          7.4991346383430015E-008          1.9254714505696213E-007          2.9999999999999999E-001          5.9999999999999998E-001          4.1349436150826235E-001          3.6500655536775656E-001          1.1514430078142367E+053         -7.5682521926695706E+017 
                            3760          2.2673211003534251E+005          3.7523340137708038E+002          3.0549534624402941E+002          1.7153718683255832E+001          2.4036228770818507E+001          1.2477429339701548E+002          1.0695930630270806E+002          1.2906271329477250E+000         -1.0000000000000000E+000          1.5855229582133483E+000          1.1315258749764849E+000         -4.5117460348417215E-001         -4.5117455501759191E-001         -5.4808459831726020E-001         -9.8999999999999986E+001         -9.8999999999999986E+001         -7.5584184733077064E+000         -9.8999999999999986E+001          8.0000000000000004E-001          7.9999994420079057E-001          1.1493791931167903E+053         -6.3523536146957458E+044          0.0000000000000000E+000         -1.6936010366351172E+027         -4.8806931758324553E+044         -1.4716604388632905E+044          0.0000000000000000E+000          0.0000000000000000E+000                                1                                2          7.5634274846690258E-008          1.9380484759497832E-007          2.9999999999999999E-001          5.9999999999999998E-001          4.0689954371342701E-001          3.6424723001721382E-001          1.1493791931167903E+053         -7.4646024827310861E+017 
                            3770          2.2673212032078722E+005          3.7280676074100785E+002          3.0414955033379078E+002          1.7238363854926295E+001          2.4037058735991778E+001          1.2409343936932676E+002          1.0661312734961894E+002          1.2888225320086677E+000         -1.0000000000000000E+000          1.5818685844815128E+000          1.1344493737554788E+000         -4.4838668445198904E-001         -4.4838663754341468E-001         -5.4529667986932939E-001         -9.8999999999999986E+001         -9.8999999999999986E+001         -7.5698206991469936E+000         -9.8999999999999986E+001          8.0000000000000004E-001          7.9999994599451107E-001          1.1473120022409129E+053         -6.3385907861932434E+044          0.0000000000000000E+000         -1.7207181740196366E+027         -4.9006205104228356E+044         -1.4379702757704078E+044          0.0000000000000000E+000          0.0000000000000000E+000                                1                                2          7.6325925002275366E-008          1.9506634488571155E-007          2.9999999999999999E-001          5.9999999999999998E-001          3.9914767022499942E-001          3.6349190807823267E-001          1.1473120022409129E+053         -7.2711726839186931E+017 
                            3780          2.2673213158058477E+005          3.7017898586005742E+002          3.0268890271690668E+002          1.7331231830607560E+001          2.4037562796615809E+001          1.2335457306007368E+002          1.0623741659328348E+002          1.3076431902803984E+000         -1.0000000000000000E+000          1.5778661781368422E+000          1.1376512986089578E+000         -4.5028378707675021E-001         -4.5028373771542818E-001         -5.4719378157431009E-001         -9.8999999999999986E+001         -9.8999999999999986E+001         -7.5495832506406071E+000         -9.8999999999999986E+001          8.0000000000000004E-001          7.9999994317068113E-001          1.1450488408018347E+053         -6.3867668344639981E+044          0.0000000000000000E+000         -1.7506345788121278E+027         -4.8668375474695673E+044         -1.5199292869944310E+044          0.0000000000000000E+000          0.0000000000000000E+000                                1                                2          7.7093149463022605E-008          1.9645105460935664E-007          2.9999999999999999E-001          5.9999999999999998E-001          3.9772305856928053E-001          3.6267333422615483E-001          1.1450488408018347E+053         -7.6180164800265062E+017 
                            3790          2.2673214185300478E+005          3.6779422765848921E+002          3.0136059944352832E+002          1.7416153005900817E+001          2.4038157050318301E+001          1.2268397796247733E+002          1.0589457421737615E+002          1.3168233356324186E+000         -1.0000000000000000E+000          1.5742282440359352E+000          1.1405616456764676E+000         -4.5046317477100301E-001         -4.5046312447709375E-001         -5.4737316891884269E-001         -9.8999999999999986E+001         -9.8999999999999986E+001         -7.5416340264959443E+000         -9.8999999999999986E+001          8.0000000000000004E-001          7.9999994209700043E-001          1.1429686441599285E+053         -6.4065187991049147E+044          0.0000000000000000E+000         -1.7784986071147343E+027         -4.8534658716790650E+044         -1.5530529274258495E+044          0.0000000000000000E+000          0.0000000000000000E+000                                1                                2          7.7681636149778980E-008          1.9772483279415565E-007          2.9999999999999999E-001          5.9999999999999998E-001          3.9356492556967998E-001          3.6192328100373411E-001          1.1429686441599285E+053         -7.7587388032297459E+017 
                            3800          2.2673215203365995E+005          3.6544623854170879E+002          3.0004984469136264E+002          1.7501018433981088E+001          2.4038173068791842E+001          1.2202176279602426E+002          1.0555680411458312E+002          1.3326361009748360E+000         -1.0000000000000000E+000          1.5705916084013933E+000          1.1434709539792109E+000         -4.4268809617316363E-001         -4.4268804834014469E-001         -5.3959809124383729E-001         -9.8999999999999986E+001         -9.8999999999999986E+001         -7.5556465521051610E+000         -9.8999999999999986E+001          8.0000000000000004E-001          7.9999994493020488E-001          1.1409008796650373E+053         -6.4974389737028179E+044          0.0000000000000000E+000         -1.8064595397741519E+027         -4.9297164144936958E+044         -1.5677225592091221E+044          0.0000000000000000E+000          0.0000000000000000E+000                                1                                2          7.8540959320440530E-008          1.9899521324018376E-007          2.9999999999999999E-001          5.9999999999999998E-001          3.8683490405742965E-001          3.6118339121430676E-001          1.1409008796650373E+053         -7.5123983004938688E+017 
                            3810          2.2673216200965529E+005          3.6313085110509121E+002          2.9875452601097277E+002          1.7585753027974089E+001          2.4037831226300593E+001          1.2136739233722861E+002          1.0522305230240299E+002          1.3366140030991054E+000         -1.0000000000000000E+000          1.5669661665060244E+000          1.1463713072923163E+000         -4.3842827132621071E-001         -4.3842822353342920E-001         -5.3533826641197346E-001         -9.8999999999999986E+001         -9.8999999999999986E+001         -7.5517522119474343E+000         -9.8999999999999986E+001          8.0000000000000004E-001          7.9999994497652993E-001          1.1388407435174405E+053         -6.5470561967630935E+044          0.0000000000000000E+000         -1.8346304856142909E+027         -4.9668731071559717E+044         -1.5801830896071221E+044          0.0000000000000000E+000          0.0000000000000000E+000                                1                                2          7.9278299236410062E-008          2.0026404241093909E-007          2.9999999999999999E-001          5.9999999999999998E-001          3.8307597704409163E-001          3.6045007156657022E-001          1.1388407435174405E+053         -7.5800652844532813E+017 
                            3820          2.2673217189067730E+005          3.6084676700207064E+002          2.9747404885490249E+002          1.7670306793948630E+001          2.4037215942476056E+001          1.2072075718177470E+002          1.0489298106686536E+002          1.3551120323013468E+000         -1.0000000000000000E+000          1.5633564659112671E+000          1.1492590675669467E+000         -4.3679502570944889E-001         -4.3679497765001823E-001         -5.3370502069521819E-001         -9.8999999999999986E+001         -9.8999999999999986E+001         -7.5477026516114458E+000         -9.8999999999999986E+001          8.0000000000000004E-001          7.9999994466953883E-001          1.1367870101079741E+053         -6.6119863256813789E+044          0.0000000000000000E+000         -1.8629603923452816E+027         -4.9742274697854316E+044         -1.6377588558959473E+044          0.0000000000000000E+000          0.0000000000000000E+000                                1                                2          8.0018624176384827E-008          2.0153167165832775E-007          2.9999999999999999E-001          5.9999999999999998E-001          3.7948844283213989E-001          3.5972449802367840E-001          1.1367870101079741E+053         -7.6510758389385280E+017 
                            3830          2.2673218265092766E+005          3.5837157367976471E+002          2.9608354712072565E+002          1.7762794625720566E+001          2.4036490133776233E+001          1.2001945501821380E+002          1.0453378728840488E+002          1.3627912580130725E+000         -1.0000000000000000E+000          1.5594251929438321E+000          1.1524040857159961E+000         -4.3796782453760019E-001         -4.3796777406859727E-001         -5.3487781861977990E-001         -9.8999999999999986E+001         -9.8999999999999986E+001         -7.5276293449757627E+000         -9.8999999999999986E+001          8.0000000000000004E-001          7.9999994189541634E-001          1.1345353424050443E+053         -6.6445395164606247E+044          0.0000000000000000E+000         -1.8940309985982186E+027         -4.9485876819866345E+044         -1.6959518344739900E+044          0.0000000000000000E+000          0.0000000000000000E+000                                1                                2          8.0757773078710892E-008          2.0292360641141057E-007          2.9999999999999999E-001          5.9999999999999998E-001          3.7858115415102567E-001          3.5894204868418844E-001          1.1345353424050443E+053         -8.0130123672676595E+017 
                            3840          2.2673219260067630E+005          3.5610131015976305E+002          2.9480554865818311E+002          1.7848346510695393E+001          2.4035852168437476E+001          1.1937591386862108E+002          1.0420276613530942E+002          1.3778796088403689E+000         -1.0000000000000000E+000          1.5558071315708015E+000          1.1552985346011932E+000         -4.3968431646662098E-001         -4.3968426270166511E-001         -5.3659430931281804E-001         -9.8999999999999986E+001         -9.8999999999999986E+001         -7.5018712667131284E+000         -9.8999999999999986E+001          8.0000000000000004E-001          7.9999993810081083E-001          1.1324455088023615E+053         -6.7078754386965560E+044          0.0000000000000000E+000         -1.9236488922181141E+027         -4.9176678005669198E+044         -1.7902076381296362E+044          0.0000000000000000E+000          0.0000000000000000E+000                                1                                2          8.1584738696594458E-008          2.0421731145500143E-007          2.9999999999999999E-001          5.9999999999999998E-001          3.7910113382101873E-001          3.5820747336373193E-001          1.1324455088023615E+053         -8.5026419440192192E+017 
                            3850          2.2673220243470621E+005          3.5386177502589720E+002          2.9354231416289247E+002          1.7933528149473972E+001          2.4035140378398545E+001          1.1874050869951589E+002          1.0387497904315981E+002          1.3904287197573524E+000         -1.0000000000000000E+000          1.5522187933103755E+000          1.1581692049942125E+000         -4.3465653994386311E-001         -4.3465648784060451E-001         -5.3156653341319671E-001         -9.8999999999999986E+001         -9.8999999999999986E+001         -7.5104778998296027E+000         -9.8999999999999986E+001          8.0000000000000004E-001          7.9999994001391039E-001          1.1303613606829969E+053         -6.7697469177315420E+044          0.0000000000000000E+000         -1.9532047334320614E+027         -4.9635997039579180E+044         -1.8061472137736244E+044          0.0000000000000000E+000          0.0000000000000000E+000                                1                                2          8.2329383937687808E-008          2.0550977047777558E-007          2.9999999999999999E-001          5.9999999999999998E-001          3.7310720573663569E-001          3.5748630574452045E-001          1.1303613606829969E+053         -8.3357994710308710E+017 
                            3860          2.2673221209588079E+005          3.5163145830905211E+002          2.9228180532986420E+002          1.8019059826504897E+001          2.4034444221943254E+001          1.1810739566992113E+002          1.0354709753369184E+002          1.4094266474998807E+000         -1.0000000000000000E+000          1.5486326916451616E+000          1.1610380861047129E+000         -4.2846743981543689E-001         -4.2846738283811703E-001         -5.2537743145699745E-001         -9.8999999999999986E+001         -9.8999999999999986E+001         -7.4654516655239300E+000         -9.8999999999999986E+001          8.0000000000000004E-001          7.9999993440244055E-001          1.1282627372916085E+053         -6.9868668148153032E+044          0.0000000000000000E+000         -1.9832083029374151E+027         -5.0233616820465053E+044         -1.9635051327687983E+044          0.0000000000000000E+000          0.0000000000000000E+000                                1                                2          8.3088664418377468E-008          2.0681327124751824E-007          2.9999999999999999E-001          5.9999999999999998E-001          3.7695565277148241E-001          3.5676557181106544E-001          1.1282627372916085E+053         -9.2464173563091405E+017 
                            3870          2.2673222164543063E+005          3.4942334830102544E+002          2.9103135727640426E+002          1.8104507528547757E+001          2.4033693722998450E+001          1.1748007209764650E+002          1.0322120708731757E+002          1.4114056302790423E+000         -1.0000000000000000E+000          1.5450646967381823E+000          1.1638924818044951E+000         -4.2681837214764040E-001         -4.2681832048148544E-001         -5.2372836578088799E-001         -9.8999999999999986E+001         -9.8999999999999986E+001         -7.5062984748418753E+000         -9.8999999999999986E+001          8.0000000000000004E-001          7.9999994051714429E-001          1.1261625569594548E+053         -6.8988430426229441E+044          0.0000000000000000E+000         -2.0135946215006525E+027         -5.0309882349555675E+044         -1.8678548076673762E+044          0.0000000000000000E+000          0.0000000000000000E+000                                1                                2          8.3953962477078701E-008          2.0812018578615682E-007          2.9999999999999999E-001          5.9999999999999998E-001          3.6533529089991051E-001          3.5604682726333070E-001          1.1261625569594548E+053         -8.4164061047662771E+017 
                            3880          2.2673223113335637E+005          3.4724912763780122E+002          2.8979745611405343E+002          1.8189783264716382E+001          2.4032482467075752E+001          1.1686081703545096E+002          1.0289993171711457E+002          1.4297592568293038E+000         -1.0000000000000000E+000          1.5415056009594292E+000          1.1667397582090164E+000         -4.2502423697880271E-001         -4.2502418273050574E-001         -5.2193422964374692E-001         -9.8999999999999986E+001         -9.8999999999999986E+001         -7.4833243721629401E+000         -9.8999999999999986E+001          8.0000000000000004E-001          7.9999993754434395E-001          1.1240745470577619E+053         -7.0206810504801212E+044          0.0000000000000000E+000         -2.0440377263878998E+027         -5.0404386780758514E+044         -1.9802423724042698E+044          0.0000000000000000E+000          0.0000000000000000E+000                                1                                2          8.4764259586204494E-008          2.0942328253242800E-007          2.9999999999999999E-001          5.9999999999999998E-001          3.6596336737907476E-001          3.5533840352673518E-001          1.1240745470577619E+053         -8.8736191573778483E+017 
                            3890          2.2673224056241705E+005          3.4507901668532713E+002          2.8856358676458552E+002          1.8275409723333237E+001          2.4031480627604079E+001          1.1624292565231310E+002          1.0257744908171637E+002          1.4394130311156228E+000         -1.0000000000000000E+000          1.5379546557084229E+000          1.1695805141816416E+000         -4.2337979251279328E-001         -4.2337973649864663E-001         -5.2028978451554386E-001         -9.8999999999999986E+001         -9.8999999999999986E+001         -7.4677683112126534E+000         -9.8999999999999986E+001          8.0000000000000004E-001          7.9999993551133453E-001          1.1219670292924475E+053         -7.0911773569535555E+044          0.0000000000000000E+000         -2.0750466098044271E+027         -5.0481147806008837E+044         -2.0430625763526718E+044          0.0000000000000000E+000          0.0000000000000000E+000                                1                                2          8.5679459301940650E-008          2.1074029033977643E-007          2.9999999999999999E-001          5.9999999999999998E-001          3.6503060034028262E-001          3.5462756160060910E-001          1.1219670292924475E+053         -9.1972257514787098E+017 
                            3900          2.2673225072675821E+005          3.4275818716263404E+002          2.8724117707393447E+002          1.8368087133350720E+001          2.4030070946980597E+001          1.1558088304757770E+002          1.0223173326460210E+002          1.4510938503676258E+000         -1.0000000000000000E+000          1.5341192161686477E+000          1.1726488655695844E+000         -4.2363171387243620E-001         -4.2363165801849362E-001         -5.2054170593526317E-001         -9.8999999999999986E+001         -9.8999999999999986E+001         -7.4692641232093706E+000         -9.8999999999999986E+001          8.0000000000000004E-001          7.9999993569577643E-001          1.1196896202716108E+053         -7.1124252249346497E+044          0.0000000000000000E+000         -2.1082766493958404E+027         -5.0331092178596456E+044         -2.0793160070750045E+044          0.0000000000000000E+000          0.0000000000000000E+000                                1                                2          8.6472403775275255E-008          2.1216722135341664E-007          2.9999999999999999E-001          5.9999999999999998E-001          3.6097120584120412E-001          3.5387884499313316E-001          1.1196896202716108E+053         -9.1656028382698586E+017 
                            3910          2.2673226107593661E+005          3.4041961983944850E+002          2.8590578067990998E+002          1.8462416802655618E+001          2.4028537326267799E+001          1.1491310290669063E+002          1.0188198039810933E+002          1.4622816702920496E+000         -1.0000000000000000E+000          1.5302314517014497E+000          1.1757590768939707E+000         -4.2633553435413080E-001         -4.2633547829227841E-001         -5.2324552633899168E-001         -9.8999999999999986E+001         -9.8999999999999986E+001         -7.4703543343485359E+000         -9.8999999999999986E+001          8.0000000000000004E-001          7.9999993545641146E-001          1.1173687610624467E+053         -7.1015301656161589E+044          0.0000000000000000E+000         -2.1431282657179023E+027         -4.9895103357092068E+044         -2.1120198299069517E+044          0.0000000000000000E+000          0.0000000000000000E+000                                1                                2          8.7502578817919568E-008          2.1362473820024876E-007          2.9999999999999999E-001          5.9999999999999998E-001          3.5729041810087864E-001          3.5310573210442731E-001          1.1173687610624467E+053         -9.1426232532097869E+017 
                            3920          2.2673227065706000E+005          3.3827047134540817E+002          2.8467602433101354E+002          1.8549864230443365E+001          2.4027123529953371E+001          1.1429904973581178E+002          1.0155911162415578E+002          1.4791901510631618E+000         -1.0000000000000000E+000          1.5266447032888235E+000          1.1786284753907093E+000         -4.2634201033383273E-001         -4.2634195325520347E-001         -5.2325200193740218E-001         -9.8999999999999986E+001         -9.8999999999999986E+001         -7.4625547175921243E+000         -9.8999999999999986E+001          8.0000000000000004E-001          7.9999993428580385E-001          1.1152122115371662E+053         -7.1647083705580784E+044          0.0000000000000000E+000         -2.1764562855420482E+027         -4.9778278902001021E+044         -2.1868804803579760E+044          0.0000000000000000E+000          0.0000000000000000E+000                                1                                2          8.8489506554386758E-008          2.1498196953813883E-007          2.9999999999999999E-001          5.9999999999999998E-001          3.5498720262592270E-001          3.5237763582453269E-001          1.1152122115371662E+053         -9.3083014638505510E+017 
                            3930          2.2673227999722242E+005          3.3616089292400363E+002          2.8346659423659946E+002          1.8636310673356693E+001          2.4025847976823055E+001          1.1369624768025824E+002          1.0124059546185714E+002          1.4900503790903912E+000         -1.0000000000000000E+000          1.5231188969199849E+000          1.1814491202493071E+000         -4.1919173110989144E-001         -4.1919167431937915E-001         -5.1610172282150479E-001         -9.8999999999999986E+001         -9.8999999999999986E+001         -7.4576021881609158E+000         -9.8999999999999986E+001          8.0000000000000004E-001          7.9999993461751095E-001          1.1130727422147303E+053         -7.2834673634488614E+044          0.0000000000000000E+000         -2.2091952452848366E+027         -5.0490411498314060E+044         -2.2344262136174546E+044          0.0000000000000000E+000          0.0000000000000000E+000                                1                                2          8.9388390047567231E-008          2.1633108935985235E-007          2.9999999999999999E-001          5.9999999999999998E-001          3.5233908921798257E-001          3.5167404035026784E-001          1.1130727422147303E+053         -9.4150573503685619E+017 
                            3940          2.2673228916757801E+005          3.3407537597191401E+002          2.8226851998821002E+002          1.8722692025990842E+001          2.4024354072116186E+001          1.1309941749287526E+002          1.0092484499401519E+002          1.5028682702084355E+000         -1.0000000000000000E+000          1.5196047586927026E+000          1.1842604305959386E+000         -4.1539113149508650E-001         -4.1539107511043194E-001         -5.1230112335889655E-001         -9.8999999999999986E+001         -9.8999999999999986E+001         -7.4569164501443659E+000         -9.8999999999999986E+001          8.0000000000000004E-001          7.9999993508477174E-001          1.1109366597987291E+053         -7.3621300706254607E+044          0.0000000000000000E+000         -2.2422243314772859E+027         -5.0819767261917859E+044         -2.2801533444336748E+044          0.0000000000000000E+000          0.0000000000000000E+000                                1                                2          9.0442756581845526E-008          2.1768156948072762E-007          2.9999999999999999E-001          5.9999999999999998E-001          3.4980029975208793E-001          3.5097513286736176E-001          1.1109366597987291E+053         -9.4299351818838464E+017 
                            3950          2.2673229826620055E+005          3.3200384765557067E+002          2.8107619906472013E+002          1.8809146212538206E+001          2.4022925839510314E+001          1.1250640199181245E+002          1.0060977073321074E+002          1.5173555258701272E+000         -1.0000000000000000E+000          1.5161055109305095E+000          1.1870598285670011E+000         -4.1461028072128808E-001         -4.1461022186866930E-001         -5.1152027165961145E-001         -9.8999999999999986E+001         -9.8999999999999986E+001         -7.4375307297688602E+000         -9.8999999999999986E+001          8.0000000000000004E-001          7.9999993224342325E-001          1.1087930486712136E+053         -7.4667552192790774E+044          0.0000000000000000E+000         -2.2756388328816706E+027         -5.0797051939597952E+044         -2.3870500253192822E+044          0.0000000000000000E+000          0.0000000000000000E+000                                1                                2          9.1284006214426583E-008          2.1903978727943578E-007          2.9999999999999999E-001          5.9999999999999998E-001          3.4955590516511553E-001          3.5027871918859060E-001          1.1087930486712136E+053         -9.8603976256171507E+017 
                            3960          2.2673230731959405E+005          3.2994548143993376E+002          2.7988913931527310E+002          1.8895787186155207E+001          2.4021473165877396E+001          1.1191674648668300E+002          1.0029544354208231E+002          1.5297617091593618E+000         -1.0000000000000000E+000          1.5126137523815970E+000          1.1898532351652447E+000         -4.1306153324797873E-001         -4.1306147477432781E-001         -5.0997152432841508E-001         -9.8999999999999986E+001         -9.8999999999999986E+001         -7.4387875643269217E+000         -9.8999999999999986E+001          8.0000000000000004E-001          7.9999993267972613E-001          1.1066416055169274E+053         -7.5143778234018376E+044          0.0000000000000000E+000         -2.3095163121520511E+027         -5.0864166556919958E+044         -2.4279611677098422E+044          0.0000000000000000E+000          0.0000000000000000E+000                                1                                2          9.2397945542466386E-008          2.2040626787510464E-007          2.9999999999999999E-001          5.9999999999999998E-001          3.4688242851377760E-001          3.4958327233011016E-001          1.1066416055169274E+053         -9.8319031867551206E+017 
                            3970          2.2673231632398244E+005          3.2789839600534174E+002          2.7870630646843944E+002          1.8982634979730975E+001          2.4020055963130808E+001          1.1133006169368399E+002          9.9981467923816112E+001          1.5553585413197257E+000         -1.0000000000000000E+000          1.5091305577553720E+000          1.1926397906232902E+000         -4.1208267121709485E-001         -4.1208261082511577E-001         -5.0899266157815815E-001         -9.8999999999999986E+001         -9.8999999999999986E+001         -7.4237896499611322E+000         -9.8999999999999986E+001          8.0000000000000004E-001          7.9999993047116946E-001          1.1044804153002629E+053         -7.6668588892716406E+044          0.0000000000000000E+000         -2.3438286085572140E+027         -5.0864655098486158E+044         -2.5803933794230244E+044          0.0000000000000000E+000          0.0000000000000000E+000                                1                                2          9.3389630323105984E-008          2.2178227479113895E-007          2.9999999999999999E-001          5.9999999999999998E-001          3.4705699248001531E-001          3.4888951322266148E-001          1.1044804153002629E+053         -1.0177368692626287E+018 
                            3980          2.2673232546582326E+005          3.2582032299009245E+002          2.7750325329568744E+002          1.9071445314947013E+001          2.4018707898498363E+001          1.1073437253346758E+002          9.9661209549757245E+001          1.5533920993419648E+000         -1.0000000000000000E+000          1.5055879391987503E+000          1.1954738852154452E+000         -4.1204952378003235E-001         -4.1204946046566604E-001         -5.0895951304520026E-001         -9.8999999999999986E+001         -9.8999999999999986E+001         -7.4032334986986870E+000         -9.8999999999999986E+001          8.0000000000000004E-001          7.9999992710664714E-001          1.1022642617735369E+053         -7.7031245027940601E+044          0.0000000000000000E+000         -2.3786821303849520E+027         -5.0754102321823881E+044         -2.6277142706116720E+044          0.0000000000000000E+000          0.0000000000000000E+000                                1                                2          9.4363626137073572E-008          2.2319679601030208E-007          2.9999999999999999E-001          5.9999999999999998E-001          3.4765274793557788E-001          3.4819595095592804E-001          1.1022642617735369E+053         -1.0670669260701400E+018 
                            3990          2.2673233516992323E+005          3.2363845064439300E+002          2.7623744280270222E+002          1.9165671398980926E+001          2.4017104934380910E+001          1.1010810750680530E+002          9.9323844981475062E+001          1.5678240657464244E+000         -1.0000000000000000E+000          1.5018416031154607E+000          1.1984709538169660E+000         -4.1459803381982346E-001         -4.1459797300905277E-001         -5.1150802402383988E-001         -9.8999999999999986E+001         -9.8999999999999986E+001         -7.4233037671427109E+000         -9.8999999999999986E+001          8.0000000000000004E-001          7.9999992998901792E-001          1.0999137399083045E+053         -7.6546071079048628E+044          0.0000000000000000E+000         -2.4175274566367476E+027         -5.0332742025511663E+044         -2.6213329053536961E+044          0.0000000000000000E+000          0.0000000000000000E+000                                1                                2          9.5663694108150547E-008          2.2470152116237831E-007          2.9999999999999999E-001          5.9999999999999998E-001          3.4148567464067930E-001          3.4743387433031242E-001          1.0999137399083045E+053         -1.0188761370071812E+018 
                            4000          2.2673234508530388E+005          3.2142346209896880E+002          2.7494978077864761E+002          1.9262011139907941E+001          2.4015664972846505E+001          1.0947238254912645E+002          9.8979434954269365E+001          1.5786611663063159E+000         -1.0000000000000000E+000          1.4980361572866396E+000          1.2015153102054630E+000         -4.1659324663357161E-001         -4.1659318232488607E-001         -5.1350323552586974E-001         -9.8999999999999986E+001         -9.8999999999999986E+001         -7.4010098527927681E+000         -9.8999999999999986E+001          8.0000000000000004E-001          7.9999992596189518E-001          1.0975017388034317E+053         -7.7366829511594053E+044          0.0000000000000000E+000         -2.4570043138820107E+027         -4.9978194091811492E+044         -2.7388635419782553E+044          0.0000000000000000E+000          0.0000000000000000E+000                                1                                2          9.6833471664442904E-008          2.2624998091781709E-007          2.9999999999999999E-001          5.9999999999999998E-001          3.4271461052451907E-001          3.4667279282661256E-001          1.0975017388034317E+053         -1.0725444634086441E+018 
                            4010          2.2673235407375099E+005          3.1942619152797022E+002          2.7378626741071201E+002          1.9349722691058286E+001          2.4014270417510076E+001          1.0889856845233284E+002          9.8667706940895698E+001          1.5942708285029403E+000         -1.0000000000000000E+000          1.4945852566140900E+000          1.2042760304947624E+000         -4.1429436973711786E-001         -4.1429430751282009E-001         -5.1120435941106157E-001         -9.8999999999999986E+001         -9.8999999999999986E+001         -7.4130206058903072E+000         -9.8999999999999986E+001          8.0000000000000004E-001          7.9999992836163492E-001          1.0953048579177146E+053         -7.7786202681969207E+044          0.0000000000000000E+000         -2.4933843542368399E+027         -5.0130582363110816E+044         -2.7655620318858395E+044          0.0000000000000000E+000          0.0000000000000000E+000                                1                                2          9.8021757104236160E-008          2.2766465022346973E-007          2.9999999999999999E-001          5.9999999999999998E-001          3.3835090397144812E-001          3.4598249350443572E-001          1.0953048579177146E+053         -1.0432888165375782E+018 
                            4020          2.2673236295105616E+005          3.1743181569491202E+002          2.7262219816292685E+002          1.9437978363078347E+001          2.4012933117852636E+001          1.0832537883140724E+002          9.8355030016422546E+001          1.6067859794799180E+000         -1.0000000000000000E+000          1.4911306150302446E+000          1.2070397435094160E+000         -4.0640108652515095E-001         -4.0640102063523509E-001         -5.0331107482448767E-001         -9.8999999999999986E+001         -9.8999999999999986E+001         -7.3802683725499847E+000         -9.8999999999999986E+001          8.0000000000000004E-001          7.9999992414143695E-001          1.0930899724223981E+053         -8.0313695192924474E+044          0.0000000000000000E+000         -2.5303802473196495E+027         -5.0934970844912951E+044         -2.9378724348011523E+044          0.0000000000000000E+000          0.0000000000000000E+000                                1                                2          9.9061443120241695E-008          2.2909503260481153E-007          2.9999999999999999E-001          5.9999999999999998E-001          3.4176030362182824E-001          3.4529106780146823E-001          1.0930899724223981E+053         -1.1250110423322821E+018 
                            4030          2.2673237169620011E+005          3.1545396204924566E+002          2.7146553652289907E+002          1.9526183832861268E+001          2.4011652762242903E+001          1.0775670589845811E+002          9.8043570022477027E+001          1.6230449942110978E+000         -1.0000000000000000E+000          1.4876952314197449E+000          1.2097880501441829E+000         -4.0529322699581555E-001         -4.0529316315742236E-001         -5.0220321606447338E-001         -9.8999999999999986E+001         -9.8999999999999986E+001         -7.3928975190437445E+000         -9.8999999999999986E+001          8.0000000000000004E-001          7.9999992650333918E-001          1.0908724170556945E+053         -8.0598905343817508E+044          0.0000000000000000E+000         -2.5678594107637395E+027         -5.0950045635368072E+044         -2.9648859708449432E+044          0.0000000000000000E+000          0.0000000000000000E+000                                1                                2          1.0031754037250124E-007          2.3053142745145713E-007          2.9999999999999999E-001          5.9999999999999998E-001          3.3731940752760603E-001          3.4460105957224313E-001          1.0908724170556945E+053         -1.0927671697353903E+018 
                            4040          2.2673238039351488E+005          3.1349315916304181E+002          2.7031655955104031E+002          1.9614453797427288E+001          2.4010272196060328E+001          1.0719234326647283E+002          9.7733732228385747E+001          1.6309717370478138E+000         -1.0000000000000000E+000          1.4842696813848828E+000          1.2125284899195297E+000         -4.0426427142824356E-001         -4.0426420871459479E-001         -5.0117426091868056E-001         -9.8999999999999986E+001         -9.8999999999999986E+001         -7.3995884421500602E+000         -9.8999999999999986E+001          8.0000000000000004E-001          7.9999992779824891E-001          1.0886533173066376E+053         -8.0686115401646651E+044          0.0000000000000000E+000         -2.6057384608915766E+027         -5.0956168291243947E+044         -2.9729947110402696E+044          0.0000000000000000E+000          0.0000000000000000E+000                                1                                2          1.0153318830823164E-007          2.3197333032906482E-007          2.9999999999999999E-001          5.9999999999999998E-001          3.3395840572330998E-001          3.4391423917900871E-001          1.0886533173066376E+053         -1.0760605642696970E+018 
                            4050          2.2673238905579102E+005          3.1153397056603637E+002          2.6916640536391435E+002          1.9703128637082497E+001          2.4009162842346999E+001          1.0662872094070525E+002          9.7422365435322931E+001          1.6458970946403548E+000         -1.0000000000000000E+000          1.4808525408813329E+000          1.2152622020653161E+000         -4.0330230156940566E-001         -4.0330223337992815E-001         -5.0021228900640669E-001         -9.8999999999999986E+001         -9.8999999999999986E+001         -7.3622711754377130E+000         -9.8999999999999986E+001          8.0000000000000004E-001          7.9999992149396904E-001          1.0864150569821092E+053         -8.2850834228739112E+044          0.0000000000000000E+000         -2.6442305241901421E+027         -5.0954150178956517E+044         -3.1896684049782598E+044          0.0000000000000000E+000          0.0000000000000000E+000                                1                                2          1.0265092303232193E-007          2.3343217445692776E-007          2.9999999999999999E-001          5.9999999999999998E-001          3.3847313971419496E-001          3.4322668961824593E-001          1.0864150569821092E+053         -1.1726110501727660E+018 
                            4060          2.2673239767861692E+005          3.0958729405427113E+002          2.6802134194259668E+002          1.9791997977600953E+001          2.4008029029658115E+001          1.0606827985828092E+002          9.7111777857876504E+001          1.6561652679448611E+000         -1.0000000000000000E+000          1.4774426522116906E+000          1.2179901127440276E+000         -4.0225444549615280E-001         -4.0225437794906893E-001         -4.9916443317405151E-001         -9.8999999999999986E+001         -9.8999999999999986E+001         -7.3653340786245947E+000         -9.8999999999999986E+001          8.0000000000000004E-001          7.9999992223355187E-001          1.0841704384876996E+053         -8.3243879917331110E+044          0.0000000000000000E+000         -2.6833175251764750E+027         -5.0962001501662921E+044         -3.2281878415668181E+044          0.0000000000000000E+000          0.0000000000000000E+000                                1                                2          1.0394327073763463E-007          2.3489998964131298E-007          2.9999999999999999E-001          5.9999999999999998E-001          3.3615122032252931E-001          3.4253896266594519E-001          1.0841704384876996E+053         -1.1643701928099011E+018 
                            4070          2.2673240626487709E+005          3.0764814104679357E+002          2.6687852190743394E+002          1.9881138433188408E+001          2.4007030067775180E+001          1.0550994898652692E+002          9.6800882223899478E+001          1.6763258779371215E+000         -1.0000000000000000E+000          1.4740420983013178E+000          1.2207105556140072E+000         -4.0225444549615280E-001         -4.0225437826709282E-001         -4.9916443329331039E-001         -9.8999999999999986E+001         -9.8999999999999986E+001         -7.3673836444129277E+000         -9.8999999999999986E+001          8.0000000000000004E-001          7.9999992259969044E-001          1.0819138334230892E+053         -8.4083230630869204E+044          0.0000000000000000E+000         -2.7229953876291166E+027         -5.0846859645445052E+044         -3.3236370985424152E+044          0.0000000000000000E+000          0.0000000000000000E+000                                1                                2          1.0525966914797134E-007          2.3638059998993882E-007          2.9999999999999999E-001          5.9999999999999998E-001          3.3395808651558323E-001          3.4185129776233153E-001          1.0819138334230892E+053         -1.1588881273521951E+018 
                            4080          2.2673241571263346E+005          3.0552391727570370E+002          2.6562409594645510E+002          1.9979531286560007E+001          2.4006054971393695E+001          1.0489818762502578E+002          9.6458636878321997E+001          1.6934549715289604E+000         -1.0000000000000000E+000          1.4703103678767186E+000          1.2236959396682159E+000         -4.0511025757701719E-001         -4.0511019233064116E-001         -5.0202024611768137E-001         -9.8999999999999986E+001         -9.8999999999999986E+001         -7.3832401016273677E+000         -9.8999999999999986E+001          8.0000000000000004E-001          7.9999992488233940E-001          1.0794181051894213E+053         -8.3794846613410145E+044          0.0000000000000000E+000         -2.7673534163319978E+027         -5.0387831892452582E+044         -3.3407014720957559E+044          0.0000000000000000E+000          0.0000000000000000E+000                                1                                2          1.0677082662237166E-007          2.3802408929185819E-007          2.9999999999999999E-001          5.9999999999999998E-001          3.2899510634867618E-001          3.4109463190549388E-001          1.0794181051894213E+053         -1.1173392537726902E+018 
                            4090          2.2673242517673428E+005          3.0338966351163901E+002          2.6436133753401117E+002          2.0078569190164529E+001          2.4005866860941897E+001          1.0428484196973787E+002          9.6111784558605862E+001          1.6972674603388291E+000         -1.0000000000000000E+000          1.4665976759144284E+000          1.2266660929413720E+000         -4.0770771287592689E-001         -4.0770764468228232E-001         -5.0461770031136521E-001         -9.8999999999999986E+001         -9.8999999999999986E+001         -7.3666500485709356E+000         -9.8999999999999986E+001          8.0000000000000004E-001          7.9999992148917154E-001          1.0768856955330354E+053         -8.4300586427700759E+044          0.0000000000000000E+000         -2.8127436901745329E+027         -4.9961745488407461E+044         -3.4338840939293294E+044          0.0000000000000000E+000          0.0000000000000000E+000                                1                                2          1.0819514718105519E-007          2.3969851617453191E-007          2.9999999999999999E-001          5.9999999999999998E-001          3.3036654824050504E-001          3.4033293990100799E-001          1.0768856955330354E+053         -1.1608473377880453E+018 
                            4100          2.2673243385147117E+005          3.0144504190341672E+002          2.6320840283603252E+002          2.0169505736717873E+001          2.4005817299707122E+001          1.0372584623482486E+002          9.5794187283458584E+001          1.7135779948791059E+000         -1.0000000000000000E+000          1.4632089526793239E+000          1.2293770712585836E+000         -4.0822027908016778E-001         -4.0822020892560384E-001         -5.0513026578026143E-001         -9.8999999999999986E+001         -9.8999999999999986E+001         -7.3548505853631170E+000         -9.8999999999999986E+001          8.0000000000000004E-001          7.9999991923157987E-001          1.0745565333808319E+053         -8.5560118964186584E+044          0.0000000000000000E+000         -2.8552888193181118E+027         -4.9787248704350490E+044         -3.5772870259836093E+044          0.0000000000000000E+000          0.0000000000000000E+000                                1                                2          1.0957481484066482E-007          2.4124481101842306E-007          2.9999999999999999E-001          5.9999999999999998E-001          3.3092814425177491E-001          3.3963025755174486E-001          1.0745565333808319E+053         -1.1928190665548242E+018 
                            4110          2.2673244245672648E+005          2.9951744194718287E+002          2.6206324514048794E+002          2.0260444144506369E+001          2.4005744033323307E+001          1.0317129305382836E+002          9.5478142824762998E+001          1.7223422580781667E+000         -1.0000000000000000E+000          1.4598350305191246E+000          1.2320762087177810E+000         -4.0389326998727815E-001         -4.0389320224614561E-001         -5.0080325759240851E-001         -9.8999999999999986E+001         -9.8999999999999986E+001         -7.3657270542605353E+000         -9.8999999999999986E+001          8.0000000000000004E-001          7.9999992201014525E-001          1.0722270783035119E+053         -8.5909775167317283E+044          0.0000000000000000E+000         -2.8981966543151596E+027         -5.0169904829959269E+044         -3.5739870337358014E+044          0.0000000000000000E+000          0.0000000000000000E+000                                1                                2          1.1110720764787697E-007          2.4279738666856752E-007          2.9999999999999999E-001          5.9999999999999998E-001          3.2802972870848096E-001          3.3893262151041192E-001          1.0722270783035119E+053         -1.1633170776872609E+018 
                            4120          2.2673245093030445E+005          2.9758944998251945E+002          2.6091564540102246E+002          2.0351952927148233E+001          2.4005920790628981E+001          1.0261676626770064E+002          9.5160310131135006E+001          1.7425734492995442E+000         -1.0000000000000000E+000          1.4564634148445952E+000          1.2347735009857173E+000         -3.9829073836919826E-001         -3.9829066732869767E-001         -4.9520072473706556E-001         -9.8999999999999986E+001         -9.8999999999999986E+001         -7.3394709607103508E+000         -9.8999999999999986E+001          8.0000000000000004E-001          7.9999991821160799E-001          1.0698766393549378E+053         -8.8906277699796250E+044          0.0000000000000000E+000         -2.9418930163850854E+027         -5.0703706468462469E+044         -3.8202571231333781E+044          0.0000000000000000E+000          0.0000000000000000E+000                                1                                2          1.1244614300052032E-007          2.4437039744084382E-007          2.9999999999999999E-001          5.9999999999999998E-001          3.3102741480299624E-001          3.3823307065061342E-001          1.0698766393549378E+053         -1.2358170907157189E+018 
                            4130          2.2673246019989203E+005          2.9546774347229228E+002          2.5965027224018246E+002          2.0453061735216213E+001          2.4006669817451158E+001          1.0200723341189985E+002          9.4808076551301909E+001          1.7527163221231767E+000         -1.0000000000000000E+000          1.4527734924671900E+000          1.2377254385827958E+000         -4.0104035597979892E-001         -4.0104028584168622E-001         -4.9795034268606164E-001         -9.8999999999999986E+001         -9.8999999999999986E+001         -7.3477725166880710E+000         -9.8999999999999986E+001          8.0000000000000004E-001          7.9999991925052016E-001          1.0672666339909720E+053         -8.8600015438758783E+044          0.0000000000000000E+000         -2.9910879553405448E+027         -5.0254472722767100E+044         -3.8345542715991676E+044          0.0000000000000000E+000          0.0000000000000000E+000                                1                                2          1.1417387134935103E-007          2.4612518209876927E-007          2.9999999999999999E-001          5.9999999999999998E-001          3.2833115711833222E-001          3.3745806200651285E-001          1.0672666339909720E+053         -1.2124187418817114E+018 
                            4140          2.2673246949598254E+005          2.9337099908793709E+002          2.5839688458086221E+002          2.0554148687774575E+001          2.4007189318841487E+001          1.0140388639877311E+002          9.4458853349446272E+001          1.7642858509829080E+000         -1.0000000000000000E+000          1.4490960825228323E+000          1.2406673662405756E+000         -4.0389714501470364E-001         -4.0389707521615908E-001         -5.0080713184830450E-001         -9.8999999999999986E+001         -9.8999999999999986E+001         -7.3527370145101703E+000         -9.8999999999999986E+001          8.0000000000000004E-001          7.9999991964146233E-001          1.0646622688965551E+053         -8.8584116324626110E+044          0.0000000000000000E+000         -3.0407426420412538E+027         -4.9797638049801374E+044         -3.8786478274824737E+044          0.0000000000000000E+000          0.0000000000000000E+000                                1                                2          1.1593453889440933E-007          2.4788425710965440E-007          2.9999999999999999E-001          5.9999999999999998E-001          3.2633997746465898E-001          3.3668933311580723E-001          1.0646622688965551E+053         -1.1986382798471974E+018 
                            4150          2.2673247882206403E+005          2.9126414459605570E+002          2.5713487457522734E+002          2.0656118932925420E+001          2.4008341006454458E+001          1.0079844164158600E+002          9.4105297446413147E+001          1.7870103293869588E+000         -1.0000000000000000E+000          1.4454250945553726E+000          1.2436041563115070E+000         -4.0502075127915493E-001         -4.0502067787859636E-001         -5.0193073676200040E-001         -9.8999999999999986E+001         -9.8999999999999986E+001         -7.3320076211485654E+000         -9.8999999999999986E+001          8.0000000000000004E-001          7.9999991549449123E-001          1.0620212644370483E+053         -9.0923709507180482E+044          0.0000000000000000E+000         -3.0916339138135114E+027         -4.9541177738824996E+044         -4.1382531768355486E+044          0.0000000000000000E+000          0.0000000000000000E+000                                1                                2          1.1769214273586991E-007          2.4967732388511510E-007          2.9999999999999999E-001          5.9999999999999998E-001          3.2959814335401821E-001          3.3591477113732571E-001          1.0620212644370483E+053         -1.2572381091737626E+018 
                            4160          2.2673248728528983E+005          2.8931574415681405E+002          2.5596566587451488E+002          2.0750298316696156E+001          2.4010495098617746E+001          1.0024032639140715E+002          9.3775058979997340E+001          1.7974212231096525E+000         -1.0000000000000000E+000          1.4420853854961722E+000          1.2462759232697380E+000         -4.0112576881466416E-001         -4.0112569447881491E-001         -4.9803575394677568E-001         -9.8999999999999986E+001         -9.8999999999999986E+001         -7.3226136955293981E+000         -9.8999999999999986E+001          8.0000000000000004E-001          7.9999991441769802E-001          1.0595585220960231E+053         -9.2444695964706992E+044          0.0000000000000000E+000         -3.1399835655153147E+027         -4.9867342139520057E+044         -4.2577353825186943E+044          0.0000000000000000E+000          0.0000000000000000E+000                                1                                2          1.1921961726655276E-007          2.5135877889526058E-007          2.9999999999999999E-001          5.9999999999999998E-001          3.2992012326243292E-001          3.3519065504497170E-001          1.0595585220960231E+053         -1.2847288077351337E+018 
                            4170          2.2673249560337394E+005          2.8738419688611651E+002          2.5480408462892831E+002          2.0844586397943413E+001          2.4012558940541641E+001          9.9686391692665310E+001          9.3446508988341478E+001          1.8182137408792569E+000         -1.0000000000000000E+000          1.4387549504750703E+000          1.2489402710017843E+000         -3.9562663067733644E-001         -3.9562655246576123E-001         -4.9253661435605062E-001         -9.8999999999999986E+001         -9.8999999999999986E+001         -7.2950418300259372E+000         -9.8999999999999986E+001          8.0000000000000004E-001          7.9999990995560444E-001          1.0570959587720936E+053         -9.5997094213447469E+044          0.0000000000000000E+000         -3.1887578862824386E+027         -5.0382035709449192E+044         -4.5615058503998270E+044          0.0000000000000000E+000          0.0000000000000000E+000                                1                                2          1.2090166599205119E-007          2.5304819455764442E-007          2.9999999999999999E-001          5.9999999999999998E-001          3.3441214949096021E-001          3.3447207509372645E-001          1.0570959587720936E+053         -1.3689365772324132E+018 
                            4180          2.2673250467397843E+005          2.8526795589073788E+002          2.5352876748997042E+002          2.0948501308260120E+001          2.4015234172718412E+001          9.9079770510088906E+001          9.3084340027412296E+001          1.8329728213537682E+000         -1.0000000000000000E+000          1.4351153989904026E+000          1.2518519118754712E+000         -3.9802342190341861E-001         -3.9802334565959802E-001         -4.9493340632004074E-001         -9.8999999999999986E+001         -9.8999999999999986E+001         -7.3085050042236519E+000         -9.8999999999999986E+001          8.0000000000000004E-001          7.9999991222106548E-001          1.0543746156167919E+053         -9.5886040613435334E+044          0.0000000000000000E+000         -3.2433882905964134E+027         -4.9972664669826704E+044         -4.5913375943608638E+044          0.0000000000000000E+000          0.0000000000000000E+000                                1                                2          1.2278798322814533E-007          2.5492541543742154E-007          2.9999999999999999E-001          5.9999999999999998E-001          3.3106627995236720E-001          3.3368070293629332E-001          1.0543746156167919E+053         -1.3271504348669952E+018 
                            4190          2.2673251379769840E+005          2.8311846191552684E+002          2.5223084901088646E+002          2.1053970229947293E+001          2.4019203671044856E+001          9.8465543704731118E+001          9.2712743827728488E+001          1.8523272237503616E+000         -1.0000000000000000E+000          1.4314801051855495E+000          1.2547601465934584E+000         -4.0111094138176445E-001         -4.0111085912549671E-001         -4.9802092354371863E-001         -9.8999999999999986E+001         -9.8999999999999986E+001         -7.2786281711341498E+000         -9.8999999999999986E+001          8.0000000000000004E-001          7.9999990529898102E-001          1.0515875518307116E+053         -9.8696511001982480E+044          0.0000000000000000E+000         -3.3001279943492913E+027         -4.9485178647954361E+044         -4.9211332354028127E+044          0.0000000000000000E+000          0.0000000000000000E+000                                1                                2          1.2474528400691790E-007          2.5686086196713040E-007          2.9999999999999999E-001          5.9999999999999998E-001          3.3605045057358268E-001          3.3287315037146875E-001          1.0515875518307116E+053         -1.4216640670753713E+018 
                            4200          2.2673252296102766E+005          2.8096765050321966E+002          2.5092917589925648E+002          2.1160216942666800E+001          2.4023605633615372E+001          9.7851123493154248E+001          9.2338592721265925E+001          1.8572674949881181E+000         -1.0000000000000000E+000          1.4278503400128275E+000          1.2576639584049425E+000         -4.0240528899810118E-001         -4.0240521366591686E-001         -4.9931527375658691E-001         -9.8999999999999986E+001         -9.8999999999999986E+001         -7.3181109621963563E+000         -9.8999999999999986E+001          8.0000000000000004E-001          7.9999991327062525E-001          1.0487739202268093E+053         -9.6249717826526720E+044          0.0000000000000000E+000         -3.3586001273412209E+027         -4.9203491435477554E+044         -4.7046226391049158E+044          0.0000000000000000E+000          0.0000000000000000E+000                                1                                2          1.2689554207510012E-007          2.5882713556590407E-007          2.9999999999999999E-001          5.9999999999999998E-001          3.2771115654593730E-001          3.3205596597279774E-001          1.0487739202268093E+053         -1.2981180705510996E+018 
                            4210          2.2673253127369206E+005          2.7903674281701785E+002          2.4975776894704836E+002          2.1256855424360996E+001          2.4027244672317281E+001          9.7298287511976014E+001          9.2001854366635357E+001          1.8742242101273261E+000         -1.0000000000000000E+000          1.4245545629994534E+000          1.2603005797282152E+000         -4.0046991333317294E-001         -4.0046983685761262E-001         -4.9737989766289270E-001         -9.8999999999999986E+001         -9.8999999999999986E+001         -7.3096334787587622E+000         -9.8999999999999986E+001          8.0000000000000004E-001          7.9999991195426523E-001          1.0462248395508093E+053         -9.8289186797986813E+044          0.0000000000000000E+000         -3.4121996704423031E+027         -4.9301625804176501E+044         -4.8987560993810304E+044          0.0000000000000000E+000          0.0000000000000000E+000                                1                                2          1.2879212239460030E-007          2.6061819469459214E-007          2.9999999999999999E-001          5.9999999999999998E-001          3.2947366029078085E-001          3.3132014295937046E-001          1.0462248395508093E+053         -1.3237064318092500E+018 
                            4220          2.2673253947589753E+005          2.7709535212415443E+002          2.4857764873701012E+002          2.1354385163029235E+001          2.4031516082947128E+001          9.6743100469624423E+001          9.1660941251220024E+001          1.8924750008195341E+000         -1.0000000000000000E+000          1.4212634219721929E+000          1.2629334922591835E+000         -3.9354660119083884E-001         -3.9354652347309815E-001         -4.9045658505474088E-001         -9.8999999999999986E+001         -9.8999999999999986E+001         -7.2957126671383739E+000         -9.8999999999999986E+001          8.0000000000000004E-001          7.9999991052415242E-001          1.0436422207437063E+053         -1.0141392830107936E+045          0.0000000000000000E+000         -3.4671704260734105E+027         -4.9969405431795256E+044         -5.1444522869284110E+044          0.0000000000000000E+000          0.0000000000000000E+000                                1                                2          1.3068004568513454E-007          2.6244414281567161E-007          2.9999999999999999E-001          5.9999999999999998E-001          3.3223676644555034E-001          3.3057800384952785E-001          1.0436422207437063E+053         -1.3668236683222740E+018 
                            4230          2.2673254824012911E+005          2.7497083253413859E+002          2.4728365850497826E+002          2.1461105805831831E+001          2.4037377328924531E+001          9.6137208632869346E+001          9.1284383845003461E+001          1.9083307708118940E+000         -1.0000000000000000E+000          1.4177177788885469E+000          1.2657700064026620E+000         -3.9388646785539766E-001         -3.9388638838098899E-001         -4.9079645106054909E-001         -9.8999999999999986E+001         -9.8999999999999986E+001         -7.2863453941948650E+000         -9.8999999999999986E+001          8.0000000000000004E-001          7.9999990850171410E-001          1.0407950365583586E+053         -1.0329806098135128E+045          0.0000000000000000E+000         -3.5275797194347782E+027         -4.9796144993985697E+044         -5.3501915987365583E+044          0.0000000000000000E+000          0.0000000000000000E+000                                1                                2          1.3271979788138417E-007          2.6447187687589264E-007          2.9999999999999999E-001          5.9999999999999998E-001          3.3366244115693167E-001          3.2977680603576476E-001          1.0407950365583586E+053         -1.3966248447884833E+018 
                            4240          2.2673255700841924E+005          2.7285929132350947E+002          2.4599452551515785E+002          2.1568059529315740E+001          2.4043489803556799E+001          9.5534825200577146E+001          9.0908094334668604E+001          1.9233810565383418E+000         -1.0000000000000000E+000          1.4141912308391487E+000          1.2685912445232026E+000         -3.9672246633955421E-001         -3.9672238669024806E-001         -4.9363244947911905E-001         -9.8999999999999986E+001         -9.8999999999999986E+001         -7.2882267013189583E+000         -9.8999999999999986E+001          8.0000000000000004E-001          7.9999990830035606E-001          1.0379407655775891E+053         -1.0399144036276324E+045          0.0000000000000000E+000         -3.5888102122846076E+027         -4.9339450066854877E+044         -5.4651990295908372E+044          0.0000000000000000E+000          0.0000000000000000E+000                                1                                2          1.3493065358193391E-007          2.6651851147780459E-007          2.9999999999999999E-001          5.9999999999999998E-001          3.3368759018491506E-001          3.2897951002320230E-001          1.0379407655775891E+053         -1.3905879341001958E+018 
                            4250          2.2673256545929526E+005          2.7080976942478981E+002          2.4474062929327920E+002          2.1671981679653204E+001          2.4050508385279031E+001          9.4951513941785009E+001          9.0539588149656694E+001          1.9375328834409449E+000         -1.0000000000000000E+000          1.4108166517613547E+000          1.2712909074735561E+000         -3.9964576131607155E-001         -3.9964568192367028E-001         -4.9655574455197571E-001         -9.8999999999999986E+001         -9.8999999999999986E+001         -7.2925530552609628E+000         -9.8999999999999986E+001          8.0000000000000004E-001          7.9999990859612857E-001          1.0351497652506937E+053         -1.0442365924313722E+045          0.0000000000000000E+000         -3.6538620839843951E+027         -4.8872110581377888E+044         -5.5551548661759327E+044          0.0000000000000000E+000          0.0000000000000000E+000                                1                                2          1.3726010831664034E-007          2.6853555660453013E-007          2.9999999999999999E-001          5.9999999999999998E-001          3.3253998274825702E-001          3.2814682430173292E-001          1.0351497652506937E+053         -1.3768039476247706E+018 
                            4260          2.2673257360769948E+005          2.6882373327045963E+002          2.4352293842222647E+002          2.1773119946577292E+001          2.4057992264385422E+001          9.4386859764948838E+001          9.0179993770132967E+001          1.9589781596881246E+000         -1.0000000000000000E+000          1.4075700659610362E+000          1.2738881758121743E+000         -3.9964576131607155E-001         -3.9964567878347229E-001         -4.9655574337440134E-001         -9.8999999999999986E+001         -9.8999999999999986E+001         -7.2757064681835928E+000         -9.8999999999999986E+001          8.0000000000000004E-001          7.9999990498084261E-001          1.0324249149716980E+053         -1.0772580488120198E+045          0.0000000000000000E+000         -3.7156146105063844E+027         -4.8744840899916090E+044         -5.8980963981285892E+044          0.0000000000000000E+000          0.0000000000000000E+000                                1                                2          1.3940923970385171E-007          2.7051946374565748E-007          2.9999999999999999E-001          5.9999999999999998E-001          3.3665891015196520E-001          3.2737153508449995E-001          1.0324249149716980E+053         -1.4312605126221356E+018 
                            4270          2.2673258172582107E+005          2.6681861343220771E+002          2.4229093742070447E+002          2.1875545024411505E+001          2.4066378706814042E+001          9.3817615537457172E+001          8.9814214506308389E+001          1.9726130913788780E+000         -1.0000000000000000E+000          1.4043244671487447E+000          1.2764846545565678E+000         -3.9536293530440952E-001         -3.9536285413690020E-001         -4.9227291787464811E-001         -9.8999999999999986E+001         -9.8999999999999986E+001         -7.2786669464737157E+000         -9.8999999999999986E+001          8.0000000000000004E-001          7.9999990655246034E-001          1.0296542789051240E+053         -1.0912295877400172E+045          0.0000000000000000E+000         -3.7796213635444380E+027         -4.9097344716338777E+044         -6.0025614057662944E+044          0.0000000000000000E+000          0.0000000000000000E+000                                1                                2          1.4172515208643794E-007          2.7255239516829041E-007          2.9999999999999999E-001          5.9999999999999998E-001          3.3625975553392085E-001          3.2658225594800977E-001          1.0296542789051240E+053         -1.4215371422420713E+018 
                            4280          2.2673258971993602E+005          2.6479988090004179E+002          2.4104783902992492E+002          2.1979123517409224E+001          2.4075537094865322E+001          9.3245065800197523E+001          8.9443400429671243E+001          1.9878688045044310E+000         -1.0000000000000000E+000          1.4010808025788424E+000          1.2790795859054329E+000         -3.8942014525058122E-001         -3.8942006384583128E-001         -4.8633012773185463E-001         -9.8999999999999986E+001         -9.8999999999999986E+001         -7.2714566292884699E+000         -9.8999999999999986E+001          8.0000000000000004E-001          7.9999990627932682E-001          1.0268445638288579E+053         -1.1186320891869177E+045          0.0000000000000000E+000         -3.8456075641270749E+027         -4.9640029683645336E+044         -6.2223179235046441E+044          0.0000000000000000E+000          0.0000000000000000E+000                                1                                2          1.4386706435041641E-007          2.7463022989002760E-007          2.9999999999999999E-001          5.9999999999999998E-001          3.3761011490653936E-001          3.2578338381078037E-001          1.0268445638288579E+053         -1.4453350304781972E+018 
                            4290          2.2673259844781354E+005          2.6258191292405206E+002          2.3967879193369748E+002          2.2093622722038589E+001          2.4086270925533437E+001          9.2616315141553287E+001          8.9033295727478091E+001          2.0140206891344485E+000         -1.0000000000000000E+000          1.3975342875641321E+000          1.2819167975821102E+000         -3.9247801316532011E-001         -3.9247792767233375E-001         -4.8938799411350470E-001         -9.8999999999999986E+001         -9.8999999999999986E+001         -7.2532337536951328E+000         -9.8999999999999986E+001          8.0000000000000004E-001          7.9999990157257161E-001          1.0237335260319020E+053         -1.1575653501529207E+045          0.0000000000000000E+000         -3.9196773188709680E+027         -4.9145683391498996E+044         -6.6610851623793071E+044          0.0000000000000000E+000          0.0000000000000000E+000                                1                                2          1.4654560643924669E-007          2.7694996718020016E-007          2.9999999999999999E-001          5.9999999999999998E-001          3.4268011595571501E-001          3.2490402231778565E-001          1.0237335260319020E+053         -1.5072712112206464E+018 
                            4300          2.2673260721214247E+005          2.6033434751147206E+002          2.3828818186851248E+002          2.2209821582250516E+001          2.4098512934235568E+001          9.1980667906891185E+001          8.8613830151255641E+001          2.0313870696254730E+000         -1.0000000000000000E+000          1.3939984114432820E+000          1.2847454981386817E+000         -3.9608029528868921E-001         -3.9608021064915960E-001         -4.9299027655692007E-001         -9.8999999999999986E+001         -9.8999999999999986E+001         -7.2611932832547010E+000         -9.8999999999999986E+001          8.0000000000000004E-001          7.9999990255514997E-001          1.0205581751291814E+053         -1.1638444549575288E+045          0.0000000000000000E+000         -3.9970019440628432E+027         -4.8592004984292501E+044         -6.7792440511460384E+044          0.0000000000000000E+000          0.0000000000000000E+000                                1                                2          1.4933873418240344E-007          2.7934098155536612E-007          2.9999999999999999E-001          5.9999999999999998E-001          3.4202096594717152E-001          3.2400480337051241E-001          1.0205581751291814E+053         -1.4798983123657472E+018 
                            4310          2.2673261603315454E+005          2.5804436410172758E+002          2.3686792573253402E+002          2.2328250503466581E+001          2.4112583245362476E+001          9.1334829740345384E+001          8.8182168419403936E+001          2.0446468447070143E+000         -1.0000000000000000E+000          1.3904660012505359E+000          1.2875714259461015E+000         -3.9809109712227564E-001         -3.9809101037657929E-001         -4.9500107760069384E-001         -9.8999999999999986E+001         -9.8999999999999986E+001         -7.2525293875303580E+000         -9.8999999999999986E+001          8.0000000000000004E-001          7.9999990013033639E-001          1.0173004598296621E+053         -1.1853190101361288E+045          0.0000000000000000E+000         -4.0780130080716211E+027         -4.8217150294348972E+044         -7.0314750719263902E+044          0.0000000000000000E+000          0.0000000000000000E+000                                1                                2          1.5210489289898381E-007          2.8181995921353095E-007          2.9999999999999999E-001          5.9999999999999998E-001          3.4488638480518613E-001          3.2308256457340540E-001          1.0173004598296621E+053         -1.5097177823960837E+018 
                            4320          2.2673262405231461E+005          2.5594073782887060E+002          2.3556002853085064E+002          2.2437464964398373E+001          2.4126538179303534E+001          9.0742357088323104E+001          8.7782466888999181E+001          2.0655629737226624E+000         -1.0000000000000000E+000          1.3872581619403284E+000          1.2901376970780292E+000         -3.9765302207890979E-001         -3.9765293433480930E-001         -4.9456300218292643E-001         -9.8999999999999986E+001         -9.8999999999999986E+001         -7.2471213235272192E+000         -9.8999999999999986E+001          8.0000000000000004E-001          7.9999989898088131E-001          1.0142863675469959E+053         -1.2140132912810199E+045          0.0000000000000000E+000         -4.1546714950982184E+027         -4.8126603670462177E+044         -7.3274725457639814E+044          0.0000000000000000E+000          0.0000000000000000E+000                                1                                2          1.5489808494828541E-007          2.8413629179679272E-007          2.9999999999999999E-001          5.9999999999999998E-001          3.4749205903289276E-001          3.2222792502126391E-001          1.0142863675469959E+053         -1.5286351251675190E+018 
                            4330          2.2673263199037235E+005          2.5381906696527005E+002          2.3423772153794960E+002          2.2548102968142082E+001          2.4141558055550441E+001          9.0145430999848116E+001          8.7376363623860613E+001          2.0874114230429197E+000         -1.0000000000000000E+000          1.3840545917093312E+000          1.2927005529461588E+000         -3.9081111220407333E-001         -3.9081102631488890E-001         -4.8772109300368355E-001         -9.8999999999999986E+001         -9.8999999999999986E+001         -7.2495588619636919E+000         -9.8999999999999986E+001          8.0000000000000004E-001          7.9999990111643204E-001          1.0112254206089457E+053         -1.2444669279682058E+045          0.0000000000000000E+000         -4.2339703866712025E+027         -4.8747701042040693E+044         -7.5698991754779877E+044          0.0000000000000000E+000          0.0000000000000000E+000                                1                                2          1.5763966756022241E-007          2.8651138401821055E-007          2.9999999999999999E-001          5.9999999999999998E-001          3.4806392001256975E-001          3.2136171320689333E-001          1.0112254206089457E+053         -1.5200794796290473E+018 
                            4340          2.2673263994878525E+005          2.5163654750106420E+002          2.3287414147088680E+002          2.2662338841071577E+001          2.4158121360302101E+001          8.9532208186793014E+001          8.6955328120631179E+001          2.1024786321155355E+000         -1.0000000000000000E+000          1.3807990287469241E+000          1.2953050029919218E+000         -3.8804055559029205E-001         -3.8804046643884821E-001         -4.8495053516655479E-001         -9.8999999999999986E+001         -9.8999999999999986E+001         -7.2305984009365467E+000         -9.8999999999999986E+001          8.0000000000000004E-001          7.9999989736061772E-001          1.0080553575493263E+053         -1.2885392549405961E+045          0.0000000000000000E+000         -4.3159540885985313E+027         -4.8913903499374701E+044         -7.9940021994684901E+044          0.0000000000000000E+000          0.0000000000000000E+000                                1                                2          1.6041340942321236E-007          2.8899638342925064E-007          2.9999999999999999E-001          5.9999999999999998E-001          3.5401338033525503E-001          3.2048477965176286E-001          1.0080553575493263E+053         -1.5879131928403727E+018 
                            4350          2.2673264837477254E+005          2.4929257337029574E+002          2.3140594900011624E+002          2.2785264876153811E+001          2.4177462217799256E+001          8.8875005983172116E+001          8.6499013618673089E+001          2.1236602997329643E+000         -1.0000000000000000E+000          1.3773645795141720E+000          1.2980525620326790E+000         -3.9102071354587631E-001         -3.9102062586985625E-001         -4.8793069367542313E-001         -9.8999999999999986E+001         -9.8999999999999986E+001         -7.2408261134868122E+000         -9.8999999999999986E+001          8.0000000000000004E-001          7.9999989905926172E-001          1.0046283403313059E+053         -1.2994189968983650E+045          0.0000000000000000E+000         -4.4103654308059943E+027         -4.8417193407135021E+044         -8.1524706282701483E+044          0.0000000000000000E+000          0.0000000000000000E+000                                1                                2          1.6367605466413246E-007          2.9171367274712217E-007          2.9999999999999999E-001          5.9999999999999998E-001          3.5281808025859523E-001          3.1949667674749660E-001          1.0046283403313059E+053         -1.5509544553840394E+018 
                            4360          2.2673265699547759E+005          2.4686771131397708E+002          2.2988294051649706E+002          2.2912736236566509E+001          2.4199159718792959E+001          8.8196528910681792E+001          8.6022491284045699E+001          2.1439917143160758E+000         -1.0000000000000000E+000          1.3738774053721168E+000          1.3008423009920880E+000         -3.9452604876947445E-001         -3.9452596042259303E-001         -4.9143602864744823E-001         -9.8999999999999986E+001         -9.8999999999999986E+001         -7.2410210518336413E+000         -9.8999999999999986E+001          8.0000000000000004E-001          7.9999989828690432E-001          1.0010588152652138E+053         -1.3220961751751323E+045          0.0000000000000000E+000         -4.5091406444926207E+027         -4.7863814312238861E+044         -8.4345803205274359E+044          0.0000000000000000E+000          0.0000000000000000E+000                                1                                2          1.6708828427011311E-007          2.9457903497934296E-007          2.9999999999999999E-001          5.9999999999999998E-001          3.5477918590714774E-001          3.1848765339710333E-001          1.0010588152652138E+053         -1.5502584455641500E+018 
                            4370          2.2673266565976417E+005          2.4437362703533844E+002          2.2831217196848615E+002          2.3043668728114810E+001          2.4223855998648787E+001          8.7501090697023287E+001          8.5526808147682672E+001          2.1675874433167670E+000         -1.0000000000000000E+000          1.3703943868800215E+000          1.3036287154238657E+000         -3.9582789018424813E-001         -3.9582779889188063E-001         -4.9273786895766442E-001         -9.8999999999999986E+001         -9.8999999999999986E+001         -7.2280796462069912E+000         -9.8999999999999986E+001          8.0000000000000004E-001          7.9999989489578882E-001          9.9736511473728617E+052         -1.3717022049561904E+045          0.0000000000000000E+000         -4.6139508893546105E+027         -4.7551675077913545E+044         -8.9618545417705506E+044          0.0000000000000000E+000          0.0000000000000000E+000                                1                                2          1.7061753604458015E-007          2.9758551709802214E-007          2.9999999999999999E-001          5.9999999999999998E-001          3.6035930866096960E-001          3.1744323409446579E-001          9.9736511473728617E+052         -1.5971492869173212E+018 
                            4380          2.2673267350782958E+005          2.4207190266037853E+002          2.2685843853273346E+002          2.3164868592378433E+001          2.4248267697533286E+001          8.6860425207384154E+001          8.5065176311306885E+001          2.1909695811789427E+000         -1.0000000000000000E+000          1.3672398557811696E+000          1.3061523399733475E+000         -3.9582789018424813E-001         -3.9582779876795138E-001         -4.9273786891119098E-001         -9.8999999999999986E+001         -9.8999999999999986E+001         -7.2274904917534721E+000         -9.8999999999999986E+001          8.0000000000000004E-001          7.9999989475311006E-001          9.9393367038016389E+052         -1.4067355786096547E+045          0.0000000000000000E+000         -4.7139746430133015E+027         -4.7394802024851986E+044         -9.3278755836113489E+044          0.0000000000000000E+000          0.0000000000000000E+000                                1                                2          1.7400659896678753E-007          3.0041508893519882E-007          2.9999999999999999E-001          5.9999999999999998E-001          3.6266187863393101E-001          3.1647065599488627E-001          9.9393367038016389E+052         -1.5993174151347341E+018 
                            4390          2.2673268133021766E+005          2.3972012847032838E+002          2.2536904383657887E+002          2.3288829429437929E+001          2.4275117909092536E+001          8.6207374736854447E+001          8.4588962533195314E+001          2.2127226731193947E+000         -1.0000000000000000E+000          1.3640926507807196E+000          1.3086701036406865E+000         -3.9536841258373945E-001         -3.9536832019830165E-001         -4.9227839094725434E-001         -9.8999999999999986E+001         -9.8999999999999986E+001         -7.2224511164694629E+000         -9.8999999999999986E+001          8.0000000000000004E-001          7.9999989363734547E-001          9.9040700875104137E+052         -1.4491257417373049E+045          0.0000000000000000E+000         -4.8193685124890134E+027         -4.7283864892450124E+044         -9.7628709281280380E+044          0.0000000000000000E+000          0.0000000000000000E+000                                1                                2          1.7742490564965748E-007          3.0336231100189672E-007          2.9999999999999999E-001          5.9999999999999998E-001          3.6613784076824446E-001          3.1547030633877537E-001          9.9040700875104137E+052         -1.6179833246799974E+018 
                            4400          2.2673268912846447E+005          2.3731800067567735E+002          2.2384343554992432E+002          2.3415664129478497E+001          2.4304487075195997E+001          8.5541759089090021E+001          8.4097927335020557E+001          2.2355292548530681E+000         -1.0000000000000000E+000          1.3609526114940704E+000          1.3111821347344690E+000         -3.9485744649437898E-001         -3.9485735355961471E-001         -4.9176742465189655E-001         -9.8999999999999986E+001         -9.8999999999999986E+001         -7.2193654696688636E+000         -9.8999999999999986E+001          8.0000000000000004E-001          7.9999989300491003E-001          9.8678322901570091E+052         -1.4915927413000824E+045          0.0000000000000000E+000         -4.9305824474934996E+027         -4.7173947619244454E+044         -1.0198532651076380E+045          0.0000000000000000E+000          0.0000000000000000E+000                                1                                2          1.8109048844172539E-007          3.0643293791191814E-007          2.9999999999999999E-001          5.9999999999999998E-001          3.6975297130183543E-001          3.1444075447093583E-001          9.8678322901570091E+052         -1.6295199734729132E+018 
                            4410          2.2673269690289159E+005          2.3486501323424741E+002          2.2228092379018904E+002          2.3545474093779198E+001          2.4336494287743708E+001          8.4863387640019440E+001          8.3591737594689050E+001          2.2600318705458031E+000         -1.0000000000000000E+000          1.3578211697246740E+000          1.3136872878127817E+000         -3.9552562988161916E-001         -3.9552553617115671E-001         -4.9243560774824974E-001         -9.8999999999999986E+001         -9.8999999999999986E+001         -7.2164237727389100E+000         -9.8999999999999986E+001          8.0000000000000004E-001          7.9999989211185463E-001          9.8306021811357780E+052         -1.5365887047401997E+045          0.0000000000000000E+000         -5.0479964465931726E+027         -4.6931756843913594E+044         -1.0672711363010639E+045          0.0000000000000000E+000          0.0000000000000000E+000                                1                                2          1.8496551431089169E-007          3.0963339820179844E-007          2.9999999999999999E-001          5.9999999999999998E-001          3.7331226579257742E-001          3.1338153538591956E-001          9.8306021811357780E+052         -1.6405950054602926E+018 
                            4420          2.2673270548672878E+005          2.3207303731179999E+002          2.2049690850263812E+002          2.3693073350439985E+001          2.4376021879448473E+001          8.4093780399949438E+001          8.3008940143675147E+001          2.2861186445414492E+000         -1.0000000000000000E+000          1.3543834958577010E+000          1.3164374265284293E+000         -3.9933759282570813E-001         -3.9933749653865824E-001         -4.9624756972611839E-001         -9.8999999999999986E+001         -9.8999999999999986E+001         -7.2084559352414219E+000         -9.8999999999999986E+001          8.0000000000000004E-001          7.9999988914544939E-001          9.7879889499564515E+052         -1.5943134651983611E+045          0.0000000000000000E+000         -5.1864793359457953E+027         -4.6329422818131473E+044         -1.1310192370170465E+045          0.0000000000000000E+000          0.0000000000000000E+000                                1                                2          1.8936966721531791E-007          3.1335847114684513E-007          2.9999999999999999E-001          5.9999999999999998E-001          3.7885362092905822E-001          3.1216716777848191E-001          9.7879889499564515E+052         -1.6709721929109317E+018 
                            4430          2.2673271409914928E+005          2.2919887820172508E+002          2.1865381980773662E+002          2.3845542024831261E+001          2.4419502402079299E+001          8.3303010893834696E+001          8.2402601050498220E+001          2.3163967269884140E+000         -1.0000000000000000E+000          1.3509427917954235E+000          1.3191899893978860E+000         -3.9566469801848680E-001         -3.9566460204284437E-001         -4.9257467503567481E-001         -9.8999999999999986E+001         -9.8999999999999986E+001         -7.2061898933308539E+000         -9.8999999999999986E+001          8.0000000000000004E-001          7.9999988950397039E-001          9.7438174644480687E+052         -1.6605305815255680E+045          0.0000000000000000E+000         -5.3349803562275653E+027         -4.6521959922856161E+044         -1.1953109822970064E+045          0.0000000000000000E+000          0.0000000000000000E+000                                1                                2          1.9399034378338923E-007          3.1728799345355197E-007          2.9999999999999999E-001          5.9999999999999998E-001          3.8287661222010339E-001          3.1090474772363441E-001          9.7438174644480687E+052         -1.6797137002536046E+018 
                            4440          2.2673272180584047E+005          2.2652789299354211E+002          2.1693488891918275E+002          2.3987873017752278E+001          2.4462357480242922E+001          8.2569176931798708E+001          8.1833505282208023E+001          2.3452801820143279E+000         -1.0000000000000000E+000          1.3478263080649646E+000          1.3216831760373393E+000         -3.9257029396938775E-001         -3.9257019736656673E-001         -4.8948027075138378E-001         -9.8999999999999986E+001         -9.8999999999999986E+001         -7.2002667079642197E+000         -9.8999999999999986E+001          8.0000000000000004E-001          7.9999988878190453E-001          9.7024851731031375E+052         -1.7334710338818777E+045          0.0000000000000000E+000         -5.4786502662467118E+027         -4.6665244075896742E+044         -1.2668185931229103E+045          0.0000000000000000E+000          0.0000000000000000E+000                                1                                2          1.9847359100748802E-007          3.2102912893161270E-007          2.9999999999999999E-001          5.9999999999999998E-001          3.8843848536260567E-001          3.0972044766434464E-001          9.7024851731031375E+052         -1.7027796455012058E+018 
                            4450          2.2673272946498072E+005          2.2377584071312219E+002          2.1515763365581049E+002          2.4134779252657289E+001          2.4509490818609915E+001          8.1814758555807785E+001          8.1240845348409408E+001          2.3732513096811223E+000         -1.0000000000000000E+000          1.3447238527002394E+000          1.3241651399816319E+000         -3.9209140366048550E-001         -3.9209130519232488E-001         -4.8900137974297897E-001         -9.8999999999999986E+001         -9.8999999999999986E+001         -7.1914818003479697E+000         -9.8999999999999986E+001          8.0000000000000004E-001          7.9999988663435362E-001          9.6596438046405821E+052         -1.8138115539654595E+045          0.0000000000000000E+000         -5.6324244629069808E+027         -4.6520486102713386E+044         -1.3486066929383256E+045          0.0000000000000000E+000          0.0000000000000000E+000                                1                                2          2.0308020414598299E-007          3.2497722691905397E-007          2.9999999999999999E-001          5.9999999999999998E-001          3.9474941081748721E-001          3.0849110412917174E-001          9.6596438046405821E+052         -1.7375741926691405E+018 
                            4460          2.2673273709503762E+005          2.2094318457050827E+002          2.1332157491441768E+002          2.4286568849835835E+001          2.4560926603708953E+001          8.1039449798747128E+001          8.0624562235960568E+001          2.4032316663275579E+000         -1.0000000000000000E+000          1.3416282645164350E+000          1.3266416101802818E+000         -3.9165304442475518E-001         -3.9165294612505558E-001         -4.8856302057042167E-001         -9.8999999999999986E+001         -9.8999999999999986E+001         -7.1917870761210718E+000         -9.8999999999999986E+001          8.0000000000000004E-001          7.9999988682830137E-001          9.6152605532230941E+052         -1.8810170936429665E+045          0.0000000000000000E+000         -5.7975433804081284E+027         -4.6363721341925610E+044         -1.4173798802237103E+045          0.0000000000000000E+000          0.0000000000000000E+000                                1                                2          2.0799656432852619E-007          3.2914367694932471E-007          2.9999999999999999E-001          5.9999999999999998E-001          3.9847505086705781E-001          3.0721264420457001E-001          9.6152605532230941E+052         -1.7363532394713528E+018 
                            4470          2.2673274469835387E+005          2.1800243412916583E+002          2.1140816397345239E+002          2.4444492493298057E+001          2.4617879494297629E+001          8.0236277634788777E+001          7.9977570655768574E+001          2.4354186514441616E+000         -1.0000000000000000E+000          1.3385398531872938E+000          1.3291123388915844E+000         -3.9110278288291339E-001         -3.9110268412205956E-001         -4.8801275885564699E-001         -9.8999999999999986E+001         -9.8999999999999986E+001         -7.1892041689110151E+000         -9.8999999999999986E+001          8.0000000000000004E-001          7.9999988629737806E-001          9.5688996363646906E+052         -1.9636921333523390E+045          0.0000000000000000E+000         -5.9764290889187404E+027         -4.6209434907447650E+044         -1.5015977842778625E+045          0.0000000000000000E+000          0.0000000000000000E+000                                1                                2          2.1311455191905859E-007          3.3358367055361769E-007          2.9999999999999999E-001          5.9999999999999998E-001          4.0284478191006096E-001          3.0587342206016632E-001          9.5688996363646906E+052         -1.7467107333164175E+018 
                            4480          2.2673275227194597E+005          2.1495461739344950E+002          2.0941699581447006E+002          2.4608832111877053E+001          2.4680538870241307E+001          7.9405150148438182E+001          7.9299654175198640E+001          2.4691820910060205E+000         -1.0000000000000000E+000          1.3354579201330616E+000          1.3315778849811524E+000         -3.9012643754508525E-001         -3.9012633741248720E-001         -4.8703641300341471E-001         -9.8999999999999986E+001         -9.8999999999999986E+001         -7.1822371740180131E+000         -9.8999999999999986E+001          8.0000000000000004E-001          7.9999988471809946E-001          9.5205283445181338E+052         -2.0681719329640637E+045          0.0000000000000000E+000         -6.1702882342989473E+027         -4.6090680473548308E+044         -1.6072651282285807E+045          0.0000000000000000E+000          0.0000000000000000E+000                                1                                2          2.1860896317267994E-007          3.3831351495614128E-007          2.9999999999999999E-001          5.9999999999999998E-001          4.0952344860600137E-001          3.0447260029572543E-001          9.5205283445181338E+052         -1.7749576026017999E+018 
                            4490          2.2673275981748899E+005          2.1178038459524686E+002          2.0733431384431222E+002          2.4780657891514128E+001          2.4749941134247209E+001          7.8540964897335868E+001          7.8585488459565042E+001          2.5070401413092220E+000         -1.0000000000000000E+000          1.3323836781084630E+000          1.3340372782445149E+000         -3.8954640948609842E-001         -3.8954630855061373E-001         -4.8645638464334534E-001         -9.8999999999999986E+001         -9.8999999999999986E+001         -7.1781887573803029E+000         -9.8999999999999986E+001          8.0000000000000004E-001          7.9999988379374232E-001          9.4698093022439041E+052         -2.1810127599875480E+045          0.0000000000000000E+000         -6.3820891906827130E+027         -4.5918221627782760E+044         -1.7218305437097204E+045          0.0000000000000000E+000          0.0000000000000000E+000                                1                                2          2.2436442635764608E-007          3.4338426717571726E-007          2.9999999999999999E-001          5.9999999999999998E-001          4.1490440439864718E-001          3.0299834679679644E-001          9.4698093022439041E+052         -1.7915808039259210E+018 
                            4500          2.2673276733040952E+005          2.0846775972453472E+002          2.0515084739766792E+002          2.4960882005714993E+001          2.4826873148988682E+001          7.7640280939020840E+001          7.7831487167515590E+001          2.5475056599781083E+000         -1.0000000000000000E+000          1.3293160699204252E+000          1.3364913644365295E+000         -3.8852744183895510E-001         -3.8852734035309577E-001         -4.8543741678981150E-001         -9.8999999999999986E+001         -9.8999999999999986E+001         -7.1748081289734893E+000         -9.8999999999999986E+001          8.0000000000000004E-001          7.9999988316010029E-001          9.4164978403864161E+052         -2.3065234185233293E+045          0.0000000000000000E+000         -6.6146063880220913E+027         -4.5779268481394635E+044         -1.8487307337093831E+045          0.0000000000000000E+000          0.0000000000000000E+000                                1                                2          2.3055356831466123E-007          3.4884076205607962E-007          2.9999999999999999E-001          5.9999999999999998E-001          4.2038851222599738E-001          3.0144287162910721E-001          9.4164978403864161E+052         -1.8055812206607972E+018 
                            4510          2.2673277481101433E+005          2.0498940150547273E+002          2.0284691419839487E+002          2.5151115895799286E+001          2.4912835846375067E+001          7.6695759952760611E+001          7.7030070888460855E+001          2.5895423614275024E+000         -1.0000000000000000E+000          1.3262551041862587E+000          1.3389401366620217E+000         -3.8761000561658632E-001         -3.8760990307615378E-001         -4.8451998017197756E-001         -9.8999999999999986E+001         -9.8999999999999986E+001         -7.1694010806601565E+000         -9.8999999999999986E+001          8.0000000000000004E-001          7.9999988194597837E-001          9.3601033896864106E+052         -2.4518981531869887E+045          0.0000000000000000E+000         -6.8722368140513554E+027         -4.5614176669791953E+044         -1.9957563864890694E+045          0.0000000000000000E+000          0.0000000000000000E+000                                1                                2          2.3714737145972160E-007          3.5476005897060434E-007          2.9999999999999999E-001          5.9999999999999998E-001          4.2624343215987542E-001          2.9979081145577474E-001          9.3601033896864106E+052         -1.8282015684984317E+018 
                            4520          2.2673278225772362E+005          2.0133888146515423E+002          2.0041615324209113E+002          2.5352254663416804E+001          2.5008612517182577E+001          7.5705133107667820E+001          7.6178685958201640E+001          2.6348998622810744E+000         -1.0000000000000000E+000          1.3232012084706668E+000          1.3413832528710177E+000         -3.8663473929990244E-001         -3.8663463584415597E-001         -4.8354471351205108E-001         -9.8999999999999986E+001         -9.8999999999999986E+001         -7.1645663404916267E+000         -9.8999999999999986E+001          8.0000000000000004E-001          7.9999988089218443E-001          9.3004318197820516E+052         -2.6170522526515274E+045          0.0000000000000000E+000         -7.1585948352175280E+027         -4.5438671082338398E+044         -2.1626655418281435E+045          0.0000000000000000E+000          0.0000000000000000E+000                                1                                2          2.4423046552151115E-007          3.6119229250320647E-007          2.9999999999999999E-001          5.9999999999999998E-001          4.3197764589504567E-001          2.9803575497493567E-001          9.3004318197820516E+052         -1.8486675473066324E+018 
                            4530          2.2673278966962732E+005          1.9748262916677123E+002          1.9783377795117440E+002          2.5566474370234470E+001          2.5116217518998898E+001          7.4659176319999176E+001          7.5267770112841333E+001          2.6803045138912465E+000         -1.0000000000000000E+000          1.3201543859247467E+000          1.3438207105415669E+000         -3.8564530545617426E-001         -3.8564520097258131E-001         -4.8255527928288033E-001         -9.8999999999999986E+001         -9.8999999999999986E+001         -7.1592834256927560E+000         -9.8999999999999986E+001          8.0000000000000004E-001          7.9999987970883268E-001          9.2368507001990465E+052         -2.7975914062148441E+045          0.0000000000000000E+000         -7.4804130333359353E+027         -4.5244866562043850E+044         -2.3451427405944056E+045          0.0000000000000000E+000          0.0000000000000000E+000                                1                                2          2.5190094094802431E-007          3.6824531085727888E-007          2.9999999999999999E-001          5.9999999999999998E-001          4.3788377743474438E-001          2.9615696724952434E-001          9.2368507001990465E+052         -1.8712927378875866E+018 
                            4540          2.2673279704523977E+005          1.9340331144142101E+002          1.9508508493685716E+002          2.5795500800934370E+001          2.5237169145604273E+001          7.3552487199704657E+001          7.4291580675894593E+001          2.7344946323458168E+000         -1.0000000000000000E+000          1.3171139980253319E+000          1.3462530204938647E+000         -3.8416478910486856E-001         -3.8416468431649753E-001         -4.8107476281728290E-001         -9.8999999999999986E+001         -9.8999999999999986E+001         -7.1565379188789695E+000         -9.8999999999999986E+001          8.0000000000000004E-001          7.9999987935794392E-001          9.1689437823946215E+052         -3.0099843509988151E+045          0.0000000000000000E+000         -7.8441445350973586E+027         -4.5080196008841968E+044         -2.5591823909103956E+045          0.0000000000000000E+000          0.0000000000000000E+000                                1                                2          2.6009473524473770E-007          3.7601244582855462E-007          2.9999999999999999E-001          5.9999999999999998E-001          4.4134289701722684E-001          2.9414201583393063E-001          9.1689437823946215E+052         -1.8831600795847693E+018 
                            4550          2.2673280438184502E+005          1.8905203225164732E+002          1.9213333351984187E+002          2.6042713852631110E+001          2.5374613303924090E+001          7.2371411282308642E+001          7.3235925865662495E+001          2.7934118005532071E+000         -1.0000000000000000E+000          1.3140806386536656E+000          1.3486797076213100E+000         -3.8266311062934927E-001         -3.8266300314051110E-001         -4.7957308332908821E-001         -9.8999999999999986E+001         -9.8999999999999986E+001         -7.1439859595115456E+000         -9.8999999999999986E+001          8.0000000000000004E-001          7.9999987624891711E-001          9.0957577935816233E+052         -3.3073502262403986E+045          0.0000000000000000E+000         -8.2603726046795481E+027         -4.4891140286618094E+044         -2.8584388233742174E+045          0.0000000000000000E+000          0.0000000000000000E+000                                1                                2          2.6901260092386218E-007          3.8466686287524276E-007          2.9999999999999999E-001          5.9999999999999998E-001          4.4849680985007107E-001          2.9196390214001622E-001          9.0957577935816233E+052         -1.9383812425933414E+018 
                            4560          2.2673281167729135E+005          1.8439181433956603E+002          1.8894844787717142E+002          2.6311421991775312E+001          2.5531541652481398E+001          7.1104831330820488E+001          7.2089127269485346E+001          2.8597957451366902E+000         -1.0000000000000000E+000          1.3110539331182838E+000          1.3511010716777188E+000         -3.8109147322084364E-001         -3.8109136648284631E-001         -4.7800144620214796E-001         -9.8999999999999986E+001         -9.8999999999999986E+001         -7.1454586410538070E+000         -9.8999999999999986E+001          8.0000000000000004E-001          7.9999987711335441E-001          9.0164612425345146E+052         -3.5814552389443144E+045          0.0000000000000000E+000         -8.7437205623670670E+027         -4.4677025517888036E+044         -3.1346849837654340E+045          0.0000000000000000E+000          0.0000000000000000E+000                                1                                2          2.7883673803307897E-007          3.9438872287741247E-007          2.9999999999999999E-001          5.9999999999999998E-001          4.4820019278506623E-001          2.8958754514153168E-001          9.0164612425345146E+052         -1.9318193734028731E+018 
                            4570          2.2673281892804720E+005          1.7938404678135021E+002          1.8549772912146869E+002          2.6605530481287065E+001          2.5711478792069876E+001          6.9740690253820233E+001          7.0838458003568078E+001          2.9327292402520220E+000         -1.0000000000000000E+000          1.3080336956059337E+000          1.3535172613147319E+000         -3.7943443513648878E-001         -3.7943432795992860E-001         -4.7634440795333199E-001         -9.8999999999999986E+001         -9.8999999999999986E+001         -7.1420208386900681E+000         -9.8999999999999986E+001          8.0000000000000004E-001          7.9999987660844052E-001          8.9301214520470932E+052         -3.9362960964512756E+045          0.0000000000000000E+000         -9.3095925181078345E+027         -4.4435484001667667E+044         -3.4919412564345989E+045          0.0000000000000000E+000          0.0000000000000000E+000                                1                                2          2.8964102088816829E-007          4.0539865986561634E-007          2.9999999999999999E-001          5.9999999999999998E-001          4.4767208989830998E-001          2.8699019393100295E-001          8.9301214520470932E+052         -1.9471720160538870E+018 
                            4580          2.2673282582041828E+005          1.7419032965499972E+002          1.8188660215401686E+002          2.6917048701274290E+001          2.5911027802210079E+001          6.8321637076959476E+001          6.9521146306174714E+001          3.0122611152785352E+000         -1.0000000000000000E+000          1.3051502703392082E+000          1.3558240011693121E+000         -3.7739697137629252E-001         -3.7739686285628726E-001         -4.7430694368934373E-001         -9.8999999999999986E+001         -9.8999999999999986E+001         -7.1345733822440076E+000         -9.8999999999999986E+001          8.0000000000000004E-001          7.9999987506174253E-001          8.8392736990787052E+052         -4.3831739794038720E+045          0.0000000000000000E+000         -9.9601431126838309E+027         -4.4203857952322430E+044         -3.9411353998806476E+045          0.0000000000000000E+000          0.0000000000000000E+000                                1                                2          3.0116272078705475E-007          4.1748616189235785E-007          2.9999999999999999E-001          5.9999999999999998E-001          4.4569778486409473E-001          2.8421955906033242E-001          8.8392736990787052E+052         -1.9808508475644316E+018 
                            4590          2.2673283199065496E+005          1.6913394939179960E+002          1.7833798243268035E+002          2.7227478229528867E+001          2.6118439182009855E+001          6.6934895677503206E+001          6.8218876621236163E+001          3.0936496967103153E+000         -1.0000000000000000E+000          1.3025746651474555E+000          1.3578844849988867E+000         -3.8211100723247388E-001         -3.8211089671464554E-001         -4.7902097879634137E-001         -9.8999999999999986E+001         -9.8999999999999986E+001         -7.1313648806800183E+000         -9.8999999999999986E+001          8.0000000000000004E-001          7.9999987276166418E-001          8.7494712661592400E+052         -4.8316032104618762E+045          0.0000000000000000E+000         -1.0660078968379766E+028         -4.3293992929180372E+044         -4.3986632811700727E+045          0.0000000000000000E+000          0.0000000000000000E+000                                1                                2          3.1273403668040150E-007          4.2996720899580848E-007          2.9999999999999999E-001          5.9999999999999998E-001          4.3892588025155710E-001          2.8146185238735660E-001          8.7494712661592400E+052         -1.9955392632808919E+018 
                            4600          2.2673283751351753E+005          1.6420145650769882E+002          1.7484354133841336E+002          2.7537911426750487E+001          2.6333793265656833E+001          6.5576185339565754E+001          6.6929613478766484E+001          3.1758840215270787E+000         -1.0000000000000000E+000          1.3002716802498770E+000          1.3597268726237957E+000         -3.7385811841313266E-001         -3.7385800875542824E-001         -4.7076809029954664E-001         -9.8999999999999986E+001         -9.8999999999999986E+001         -7.1265051847346390E+000         -9.8999999999999986E+001          8.0000000000000004E-001          7.9999987375191828E-001          8.6604929095579882E+052         -5.3491628411977754E+045          0.0000000000000000E+000         -1.1413930153259711E+028         -4.3686455701847768E+044         -4.9122982841792979E+045          0.0000000000000000E+000          0.0000000000000000E+000                                1                                2          3.2424240823013710E-007          4.4288311269042076E-007          2.9999999999999999E-001          5.9999999999999998E-001          4.3018556417260251E-001          2.7871543396213017E-001          8.6604929095579882E+052         -2.0179944765018084E+018 
                            4610          2.2673284246421335E+005          1.5940249947651927E+002          1.7141104427705056E+002          2.7848853750864421E+001          2.6555267895067601E+001          6.4246614985985190E+001          6.5658136231043372E+001          3.2629100306595507E+000         -1.0000000000000000E+000          1.2981702735926905E+000          1.3614079976846141E+000         -3.7148498006554187E-001         -3.7148487010740378E-001         -4.6839495183929325E-001         -9.8999999999999986E+001         -9.8999999999999986E+001         -7.1229438188654237E+000         -9.8999999999999986E+001          8.0000000000000004E-001          7.9999987340603118E-001          8.5724645742585338E+052         -5.9012007713444577E+045          0.0000000000000000E+000         -1.2223749167380287E+028         -4.3489101965575836E+044         -5.4663097516886992E+045          0.0000000000000000E+000          0.0000000000000000E+000                                1                                2          3.3561825445821698E-007          4.5621651106633172E-007          2.9999999999999999E-001          5.9999999999999998E-001          4.1703814188461752E-001          2.7598795726814246E-001          8.5724645742585338E+052         -2.0346107699108511E+018 
                            4620          2.2673284690613818E+005          1.5473672060096311E+002          1.6804167958902315E+002          2.8159985760572837E+001          2.6782936485245759E+001          6.2946443627198093E+001          6.4405081513878628E+001          3.3487478059998597E+000         -1.0000000000000000E+000          1.2962755480961341E+000          1.3629237778417160E+000         -3.6928659344580406E-001         -3.6928648297153038E-001         -4.6619656502600448E-001         -9.8999999999999986E+001         -9.8999999999999986E+001         -7.1187116543511131E+000         -9.8999999999999986E+001          8.0000000000000004E-001          7.9999987281180829E-001          8.4854462574188158E+052         -6.4849530464454045E+045          0.0000000000000000E+000         -1.3092706990758957E+028         -4.3275235794185612E+044         -6.0522006885035483E+045          0.0000000000000000E+000          0.0000000000000000E+000                                1                                2          3.4705120123051376E-007          4.6997281501116264E-007          2.9999999999999999E-001          5.9999999999999998E-001          4.0201393385662371E-001          2.7328300960145768E-001          8.4854462574188158E+052         -2.0545348085467517E+018 
                            4630          2.2673285092252979E+005          1.5019613353761289E+002          1.6473099814408957E+002          2.8471886716162437E+001          2.7016833227502165E+001          6.1673343245514552E+001          6.3169404975098971E+001          3.4395123581466409E+000         -1.0000000000000000E+000          1.2945679399663363E+000          1.3642898641272430E+000         -3.7405818704915239E-001         -3.7405807470222280E-001         -4.7096815792710683E-001         -9.8999999999999986E+001         -9.8999999999999986E+001         -7.1161831944754805E+000         -9.8999999999999986E+001          8.0000000000000004E-001          7.9999987065583411E-001          8.3993240750561791E+052         -7.1047418977717626E+045          0.0000000000000000E+000         -1.4027099111843097E+028         -4.2375969109124224E+044         -6.6809822066805200E+045          0.0000000000000000E+000          0.0000000000000000E+000                                1                                2          3.5830261777275106E-007          4.8418058743315766E-007          2.9999999999999999E-001          5.9999999999999998E-001          3.8356916931431589E-001          2.7059527125412519E-001          8.3993240750561791E+052         -2.0665311860951258E+018 
                            4640          2.2673285454646862E+005          1.4578172322936251E+002          1.6148101963635966E+002          2.8784544464864215E+001          2.7256540239486405E+001          6.0427517045251996E+001          6.1952433946988513E+001          3.5310825779044093E+000         -1.0000000000000000E+000          1.2930315256668650E+000          1.3655189953679321E+000         -3.6752540286360724E-001         -3.6752529145098445E-001         -4.6443537409192676E-001         -9.8999999999999986E+001         -9.8999999999999986E+001         -7.1132772201893841E+000         -9.8999999999999986E+001          8.0000000000000004E-001          7.9999987173149423E-001          8.3141502989120944E+052         -7.7763762954537670E+045          0.0000000000000000E+000         -1.5029993058128197E+028         -4.2589605239086954E+044         -7.3504802430628972E+045          0.0000000000000000E+000          0.0000000000000000E+000                                1                                2          3.6959550043943737E-007          4.9884203969804040E-007          2.9999999999999999E-001          5.9999999999999998E-001          3.6446096701179603E-001          2.6793014905515555E-001          8.3141502989120944E+052         -2.0804052348048468E+018 
                            4650          2.2673285783558327E+005          1.4149160939853189E+002          1.5829157423455956E+002          2.9098760466569001E+001          2.7501084417701918E+001          5.9207730875190236E+001          6.0755279851556644E+001          3.6213686111348289E+000         -1.0000000000000000E+000          1.2916154394186157E+000          1.3666518641851153E+000         -3.6812372991870357E-001         -3.6812361750053135E-001         -4.6503370076994194E-001         -9.8999999999999986E+001         -9.8999999999999986E+001         -7.1099734252560456E+000         -9.8999999999999986E+001          8.0000000000000004E-001          7.9999987057381305E-001          8.2298786060334721E+052         -8.4611920059383253E+045          0.0000000000000000E+000         -1.6107410351656978E+028         -4.2106620673876462E+044         -8.0401257991995601E+045          0.0000000000000000E+000          0.0000000000000000E+000                                1                                2          3.8071719707025649E-007          5.1396724141852156E-007          2.9999999999999999E-001          5.9999999999999998E-001          3.4306742666908890E-001          2.6528515767907401E-001          8.2298786060334721E+052         -2.0962917859539528E+018 
                            4660          2.2673286081856175E+005          1.3732365186337873E+002          1.5516259018558702E+002          2.9414034610666434E+001          2.7750912486239400E+001          5.8014179725997238E+001          5.9577689038449016E+001          3.7132481329954108E+000         -1.0000000000000000E+000          1.2903409017609018E+000          1.3676714941454149E+000         -3.6759678466962364E-001         -3.6759667274074925E-001         -4.6450675570434879E-001         -9.8999999999999986E+001         -9.8999999999999986E+001         -7.1113408638307174E+000         -9.8999999999999986E+001          8.0000000000000004E-001          7.9999987113713789E-001          8.1465550688148348E+052         -9.1147627422530564E+045          0.0000000000000000E+000         -1.7265099131432738E+028         -4.1736619873582366E+044         -8.6973965435172322E+045          0.0000000000000000E+000          0.0000000000000000E+000                                1                                2          3.9175239676345552E-007          5.2956683848446215E-007          2.9999999999999999E-001          5.9999999999999998E-001          3.1992628684261953E-001          2.6266036391924696E-001          8.1465550688148348E+052         -2.0897016915663754E+018 
                            4670          2.2673286354517305E+005          1.3325877189874046E+002          1.5208080640148688E+002          2.9732507767721685E+001          2.8006156067843623E+001          5.6840775211717315E+001          5.8415707240807784E+001          3.8111809952376063E+000         -1.0000000000000000E+000          1.2891546221303702E+000          1.3686205176973723E+000         -3.6119714824190435E-001         -3.6119703535866782E-001         -4.5810711891874362E-001         -9.8999999999999986E+001         -9.8999999999999986E+001         -7.1012539100197287E+000         -9.8999999999999986E+001          8.0000000000000004E-001          7.9999987003838802E-001          8.0637837295853954E+052         -1.0047919755741556E+046          0.0000000000000000E+000         -1.8511483528959201E+028         -4.1931655900122282E+044         -9.6286031967403341E+045          0.0000000000000000E+000          0.0000000000000000E+000                                1                                2          4.0248709757666898E-007          5.4572056405930117E-007          2.9999999999999999E-001          5.9999999999999998E-001          2.9905653334191712E-001          2.6005092930887996E-001          8.0637837295853954E+052         -2.1388052812044508E+018 
                            4680          2.2673286603078793E+005          1.2932763086417179E+002          1.4907095467188839E+002          3.0051265303785573E+001          2.8265018404634105E+001          5.5697035241260373E+001          5.7278555965311455E+001          3.9083157040769878E+000         -1.0000000000000000E+000          1.2880790444322385E+000          1.3694809797163789E+000         -3.6500399175651321E-001         -3.6500387800063144E-001         -4.6191396210611047E-001         -9.8999999999999986E+001         -9.8999999999999986E+001         -7.1017163446885609E+000         -9.8999999999999986E+001          8.0000000000000004E-001          7.9999986903371845E-001          7.9822665119570657E+052         -1.0802769137191726E+046          0.0000000000000000E+000         -1.9843638821777227E+028         -4.1150770830044462E+044         -1.0391261428891282E+046          0.0000000000000000E+000          0.0000000000000000E+000                                1                                2          4.1338442630890754E-007          5.6230870140045929E-007          2.9999999999999999E-001          5.9999999999999998E-001          2.7608615884903409E-001          2.5747577031289304E-001          7.9822665119570657E+052         -2.1365291047360435E+018 
                            4690          2.2673286830689164E+005          1.2550753974557486E+002          1.4611715736956191E+002          3.0372227517372863E+001          2.8528346531077904E+001          5.4576410376912968E+001          5.6160755635864405E+001          4.0097622410760714E+000         -1.0000000000000000E+000          1.2870864334912893E+000          1.3702750683407521E+000         -3.5383154819848461E-001         -3.5383143764973152E-001         -4.5074151975075533E-001         -9.8999999999999986E+001         -9.8999999999999986E+001         -7.1029639159728140E+000         -9.8999999999999986E+001          8.0000000000000004E-001          7.9999987272606066E-001          7.9015717042009390E+052         -1.1600379020229011E+046          0.0000000000000000E+000         -2.1274650153158628E+028         -4.1801121779742331E+044         -1.1182367802431588E+046          0.0000000000000000E+000          0.0000000000000000E+000                                1                                2          4.2426454888227724E-007          5.7942377257852695E-007          2.9999999999999999E-001          5.9999999999999998E-001          2.5336464999718972E-001          2.5492142255856887E-001          7.9015717042009390E+052         -2.1304004344061432E+018 
                            4700          2.2673287040207238E+005          1.2179631584325860E+002          1.4321902519659912E+002          3.0695589474007910E+001          2.8795879252457411E+001          5.3478423625041721E+001          5.5062490207621217E+001          4.1118002109989922E+000         -1.0000000000000000E+000          1.2861633131445536E+000          1.3710135644997177E+000         -3.5837345099814061E-001         -3.5837333901658269E-001         -4.5528342201310934E-001         -9.8999999999999986E+001         -9.8999999999999986E+001         -7.1019131609293700E+000         -9.8999999999999986E+001          8.0000000000000004E-001          7.9999987107648374E-001          7.8216922183026413E+052         -1.2472216016519664E+046          0.0000000000000000E+000         -2.2810629311197986E+028         -4.0952608311284931E+044         -1.2062689933406814E+046          0.0000000000000000E+000          0.0000000000000000E+000                                1                                2          4.3493391758721397E-007          5.9707924384196838E-007          2.9999999999999999E-001          5.9999999999999998E-001          2.3193878363351503E-001          2.5238993916305519E-001          7.8216922183026413E+052         -2.1355610790162071E+018 
                            4710          2.2673287232889803E+005          1.1818854646226950E+002          1.4037368530660046E+002          3.1021335111109057E+001          2.9068144029979646E+001          5.2402110534638247E+001          5.3982545030942802E+001          4.2149098811998806E+000         -1.0000000000000000E+000          1.2853216241127285E+000          1.3716869156157070E+000         -3.5915471787294806E-001         -3.5915460552700890E-001         -4.5606468875127387E-001         -9.8999999999999986E+001         -9.8999999999999986E+001         -7.1012835537342340E+000         -9.8999999999999986E+001          8.0000000000000004E-001          7.9999987065697420E-001          7.7425838070048136E+052         -1.3364550096645685E+046          0.0000000000000000E+000         -2.4463135072873477E+028         -4.0469230014219360E+044         -1.2959857796503492E+046          0.0000000000000000E+000          0.0000000000000000E+000                                1                                2          4.4541888928485429E-007          6.1530541108436575E-007          2.9999999999999999E-001          5.9999999999999998E-001          2.1099159999912462E-001          2.4987579758094822E-001          7.7425838070048136E+052         -2.1386592989233600E+018 
                            4720          2.2673287410037435E+005          1.1468604112167735E+002          1.3758377701319100E+002          3.1349611321890833E+001          2.9344253838567532E+001          5.1347911092882448E+001          5.2922484762612186E+001          4.3251577600216580E+000         -1.0000000000000000E+000          1.2845335841252894E+000          1.3723173475045494E+000         -3.4933136675203258E-001         -3.4933125633942869E-001         -4.4624133835535923E-001         -9.8999999999999986E+001         -9.8999999999999986E+001         -7.0989989304499188E+000         -9.8999999999999986E+001          8.0000000000000004E-001          7.9999987288280827E-001          7.6643047610394867E+052         -1.4424991486375909E+046          0.0000000000000000E+000         -2.6233395706296734E+028         -4.0980741906765130E+044         -1.4015184067308257E+046          0.0000000000000000E+000          0.0000000000000000E+000                                1                                2          4.5587971715339805E-007          6.3409680424207148E-007          2.9999999999999999E-001          5.9999999999999998E-001          1.9208548983145635E-001          2.4738962529603112E-001          7.6643047610394867E+052         -2.1499394437377306E+018 
                            4730          2.2673287573574641E+005          1.1128873556017373E+002          1.3485065764781311E+002          3.1679999007016999E+001          2.9624167192280748E+001          5.0316379895056087E+001          5.1882782471064232E+001          4.4291165588147292E+000         -1.0000000000000000E+000          1.2838065235597016E+000          1.3728989958634530E+000         -3.5456433398336079E-001         -3.5456422164008039E-001         -4.5147430486268353E-001         -9.8999999999999986E+001         -9.8999999999999986E+001         -7.0967034482516773E+000         -9.8999999999999986E+001          8.0000000000000004E-001          7.9999987066003553E-001          7.5869237613858553E+052         -1.5420437628798354E+046          0.0000000000000000E+000         -2.8132492372360105E+028         -4.0084760765541401E+044         -1.5019590021142941E+046          0.0000000000000000E+000          0.0000000000000000E+000                                1                                2          4.6630427896969104E-007          6.5345384508488407E-007          2.9999999999999999E-001          5.9999999999999998E-001          1.7420541201049095E-001          2.4492758271037093E-001          7.5869237613858553E+052         -2.1613331256690834E+018 
                            4740          2.2673287724832151E+005          1.0797781609425651E+002          1.3216039979397840E+002          3.2014073451815854E+001          2.9909346459474531E+001          4.9302219861404524E+001          5.0858180529951241E+001          4.5416409124773569E+000         -1.0000000000000000E+000          1.2831386009833292E+000          1.3734333338376203E+000         -3.5468393297325884E-001         -3.5468381842434882E-001         -4.5159390302547042E-001         -9.8999999999999986E+001         -9.8999999999999986E+001         -7.0883791859413074E+000         -9.8999999999999986E+001          8.0000000000000004E-001          7.9999986812071111E-001          7.5100661897651625E+052         -1.6759925215094997E+046          0.0000000000000000E+000         -3.0179077108579287E+028         -3.9671082766042953E+044         -1.6363214387434566E+046          0.0000000000000000E+000          0.0000000000000000E+000                                1                                2          4.7634409125202645E-007          6.7349067425988235E-007          2.9999999999999999E-001          5.9999999999999998E-001          1.5821649165954363E-001          2.4247886329229479E-001          7.5100661897651625E+052         -2.2031596650244756E+018 
                            4750          2.2673287864685970E+005          1.0477968275710192E+002          1.2953574227850632E+002          3.2349205710286022E+001          3.0196956686835563E+001          4.8313682929600098E+001          4.9857661919495300E+001          4.6543033711064430E+000         -1.0000000000000000E+000          1.2825190705158327E+000          1.3739289581313501E+000         -3.5311142298122122E-001         -3.5311131006443558E-001         -4.5002139364547961E-001         -9.8999999999999986E+001         -9.8999999999999986E+001         -7.0930391307810092E+000         -9.8999999999999986E+001          8.0000000000000004E-001          7.9999986999976314E-001          7.4343839243959065E+052         -1.7732515809823267E+046          0.0000000000000000E+000         -3.2365151391121828E+028         -3.9416765329547282E+044         -1.7338348156527795E+046          0.0000000000000000E+000          0.0000000000000000E+000                                1                                2          4.8670314476910296E-007          6.9404726424886344E-007          2.9999999999999999E-001          5.9999999999999998E-001          1.4221537437331469E-001          2.4006484369283010E-001          7.4343839243959065E+052         -2.1796463130280753E+018 
                            4760          2.2673287994110322E+005          1.0166775918860249E+002          1.2695626767643355E+002          3.2687807969790917E+001          3.0489195619712429E+001          4.7343057753643315E+001          4.8873464835231943E+001          4.7684857173388941E+000         -1.0000000000000000E+000          1.2819453353334218E+000          1.3743879462026736E+000         -3.5518619057584966E-001         -3.5518607716705930E-001         -4.5209616105560618E-001         -9.8999999999999986E+001         -9.8999999999999986E+001         -7.0932256871583474E+000         -9.8999999999999986E+001          8.0000000000000004E-001          7.9999986943332213E-001          7.3593145259872698E+052         -1.8895982992958611E+046          0.0000000000000000E+000         -3.4718277934142878E+028         -3.8835331034095828E+044         -1.8507629682617654E+046          0.0000000000000000E+000          0.0000000000000000E+000                                1                                2          4.9670689316169474E-007          7.1529118716509420E-007          2.9999999999999999E-001          5.9999999999999998E-001          1.2776677208963841E-001          2.3766658229262924E-001          7.3593145259872698E+052         -2.1787102211051054E+018 
                            4770          2.2673288114282579E+005          9.8647482861734346E+001          1.2442764284467633E+002          3.3029123909374512E+001          3.0785320888524236E+001          4.6392376835651227E+001          4.7907852045731389E+001          4.8861686237400805E+000         -1.0000000000000000E+000          1.2814153532494879E+000          1.3748119318005636E+000         -3.5170131795286241E-001         -3.5170120539597521E-001         -4.4861128875208273E-001         -9.8999999999999986E+001         -9.8999999999999986E+001         -7.0930154589547731E+000         -9.8999999999999986E+001          8.0000000000000004E-001          7.9999987041411158E-001          7.2850370545406290E+052         -2.0164083774556605E+046          0.0000000000000000E+000         -3.7241823567887029E+028         -3.8755706496037378E+044         -1.9776526709596232E+046          0.0000000000000000E+000          0.0000000000000000E+000                                1                                2          5.0674125074066507E-007          7.3719115842376446E-007          2.9999999999999999E-001          5.9999999999999998E-001          1.1491222145321991E-001          2.3529311900352884E-001          7.2850370545406290E+052         -2.1797651206464174E+018 
                            4780          2.2673288225659082E+005          9.5713198378907137E+001          1.2194631006285628E+002          3.3373752010386667E+001          3.1085455814203112E+001          4.5460102582429990E+001          4.6959666766006514E+001          5.0075227274364451E+000         -1.0000000000000000E+000          1.2809177294252645E+000          1.3752100307956265E+000         -3.4929970794472215E-001         -3.4929959549058548E-001         -4.4620967878247386E-001         -9.8999999999999986E+001         -9.8999999999999986E+001         -7.0910104873540343E+000         -9.8999999999999986E+001          8.0000000000000004E-001          7.9999987053240751E-001          7.2114541849270416E+052         -2.1607834018355266E+046          0.0000000000000000E+000         -3.9952607159791377E+028         -3.8579491156654847E+044         -2.1222039106788717E+046          0.0000000000000000E+000          0.0000000000000000E+000                                1                                2          5.1662686519965392E-007          7.5979126597086491E-007          2.9999999999999999E-001          5.9999999999999998E-001          1.0334856467220412E-001          2.3294035151372580E-001          7.2114541849270416E+052         -2.1898515273698204E+018 
                            4790          2.2673288328572115E+005          9.2865452305111958E+001          1.1951393324529067E+002          3.3721280092212780E+001          3.1389438781914016E+001          4.4546880323387313E+001          4.6029524253821776E+001          5.1301712735807472E+000         -1.0000000000000000E+000          1.2804568565341250E+000          1.3755787290488364E+000         -3.4828197806372546E-001         -3.4828186602452993E-001         -4.4519194905708015E-001         -9.8999999999999986E+001         -9.8999999999999986E+001         -7.0915982113878382E+000         -9.8999999999999986E+001          8.0000000000000004E-001          7.9999987101012593E-001          7.1386395810895621E+052         -2.3009699201051193E+046          0.0000000000000000E+000         -4.2864805077242492E+028         -3.8281512039808577E+044         -2.2626884080653105E+046          0.0000000000000000E+000          0.0000000000000000E+000                                1                                2          5.2631570953635435E-007          7.8309048587304699E-007          2.9999999999999999E-001          5.9999999999999998E-001          9.2507776840222447E-002          2.3060815260400996E-001          7.1386395810895621E+052         -2.1868900402513347E+018 
                            4800          2.2673288424082877E+005          9.0101252215335322E+001          1.1712914320532340E+002          3.4071878733987987E+001          3.1697277296830450E+001          4.3652099217246409E+001          4.5116998551494895E+001          5.2548305025283710E+000         -1.0000000000000000E+000          1.2800282775043679E+000          1.3759215922171775E+000         -3.4784091290452163E-001         -3.4784080051224625E-001         -4.4475088376547134E-001         -9.8999999999999986E+001         -9.8999999999999986E+001         -7.0897906643174506E+000         -9.8999999999999986E+001          8.0000000000000004E-001          7.9999987060362787E-001          7.0665677231839276E+052         -2.4592163801787832E+046          0.0000000000000000E+000         -4.5988488864570348E+028         -3.7935643338384667E+044         -2.4212807368403985E+046          0.0000000000000000E+000          0.0000000000000000E+000                                1                                2          5.3601421613989664E-007          8.0711477785713879E-007          2.9999999999999999E-001          5.9999999999999998E-001          8.3005524776877976E-002          2.2830003449307101E-001          7.0665677231839276E+052         -2.1960109119745720E+018 
                            4810          2.2673288512765037E+005          8.7416014687826333E+001          1.1478912138518265E+002          3.4425917771879284E+001          3.2009222747413155E+001          4.2774634996676070E+001          4.4221078447274245E+001          5.3851857106855965E+000         -1.0000000000000000E+000          1.2796290407133040E+000          1.3762409815985015E+000         -3.4428627450713156E-001         -3.4428616218973901E-001         -4.4119624539616226E-001         -9.8999999999999986E+001         -9.8999999999999986E+001         -7.0865254768718344E+000         -9.8999999999999986E+001          8.0000000000000004E-001          7.9999987068984002E-001          6.9951697877909137E+052         -2.6451395173494614E+046          0.0000000000000000E+000         -4.9342860895086866E+028         -3.7863156208286430E+044         -2.6072763611411747E+046          0.0000000000000000E+000          0.0000000000000000E+000                                1                                2          5.4560461208183325E-007          8.3190765932455356E-007          2.9999999999999999E-001          5.9999999999999998E-001          7.4629919740258260E-002          2.2601317443180372E-001          6.9951697877909137E+052         -2.2125835604284480E+018 
                            4820          2.2673288594630515E+005          8.4812255753660409E+001          1.1249720781197861E+002          3.4782851481090660E+001          3.2324679150835038E+001          4.1915665307779683E+001          4.3343118204273310E+001          5.5160121353067577E+000         -1.0000000000000000E+000          1.2792563866202904E+000          1.3765391048251372E+000         -3.4246070541201223E-001         -3.4246059422065367E-001         -4.3937067672330588E-001         -9.8999999999999986E+001         -9.8999999999999986E+001         -7.0890758845902369E+000         -9.8999999999999986E+001          8.0000000000000004E-001          7.9999987198623401E-001          6.9245639956794508E+052         -2.8080181811582244E+046          0.0000000000000000E+000         -5.2946350759387893E+028         -3.7640295400555581E+044         -2.7703778857576690E+046          0.0000000000000000E+000          0.0000000000000000E+000                                1                                2          5.5502368808918837E-007          8.5744744695452566E-007          2.9999999999999999E-001          5.9999999999999998E-001          6.6642459830277931E-002          2.2374667259454739E-001          6.9245639956794508E+052         -2.1996281728433352E+018 
                            4830          2.2673288670638070E+005          8.2284412153120527E+001          1.1024967294678670E+002          3.5143056932472760E+001          3.2644170035478112E+001          4.1073814456996239E+001          4.2481666739714065E+001          5.6471407277332553E+000         -1.0000000000000000E+000          1.2789135204714464E+000          1.3768133976998178E+000         -3.4869466234961694E-001         -3.4869454898547436E-001         -4.4560463284611640E-001         -9.8999999999999986E+001         -9.8999999999999986E+001         -7.0869051691913354E+000         -9.8999999999999986E+001          8.0000000000000004E-001          7.9999986948472468E-001          6.8546603188841069E+052         -3.0033180743759774E+046          0.0000000000000000E+000         -5.6810779474823263E+028         -3.6731056486825397E+044         -2.9665870178891520E+046          0.0000000000000000E+000          0.0000000000000000E+000                                1                                2          5.6438035570778692E-007          8.8378892506522584E-007          2.9999999999999999E-001          5.9999999999999998E-001          5.9906922861205934E-002          2.2150429387067758E-001          6.8546603188841069E+052         -2.2106500018481068E+018 
                            4840          2.2673288741297708E+005          7.9831308710860014E+001          1.0804656928520286E+002          3.5506482166253804E+001          3.2967543606090622E+001          4.0249034004532845E+001          4.1636812910902229E+001          5.7848194151213939E+000         -1.0000000000000000E+000          1.2785973566290569E+000          1.3770663287325315E+000         -3.4925935967855037E-001         -3.4925924658784147E-001         -4.4616933027758748E-001         -9.8999999999999986E+001         -9.8999999999999986E+001         -7.0885186482123430E+000         -9.8999999999999986E+001          8.0000000000000004E-001          7.9999986979952686E-001          6.7854763937114575E+052         -3.1975431396806721E+046          0.0000000000000000E+000         -6.0962014465012499E+028         -3.6314443612324427E+044         -3.1612286960683477E+046          0.0000000000000000E+000          0.0000000000000000E+000                                1                                2          5.7369996299430495E-007          9.1094651134708878E-007          2.9999999999999999E-001          5.9999999999999998E-001          5.3583498088458172E-002          2.1928209029073098E-001          6.7854763937114575E+052         -2.2024522914538033E+018 
                            4850          2.2673288806662671E+005          7.7449702395022413E+001          1.0588606153940599E+002          3.5873382795149318E+001          3.3294928195671417E+001          3.9440576196481352E+001          4.0807914164703320E+001          5.9212171902914896E+000         -1.0000000000000000E+000          1.2783047941903516E+000          1.3773003786452616E+000         -3.4880491920089179E-001         -3.4880480583768014E-001         -4.4571488969774037E-001         -9.8999999999999986E+001         -9.8999999999999986E+001         -7.0870189924936771E+000         -9.8999999999999986E+001          8.0000000000000004E-001          7.9999986948579649E-001          6.7169707658137618E+052         -3.4167476053012190E+046          0.0000000000000000E+000         -6.5418339283953742E+028         -3.5986852692330856E+044         -3.3807607526088883E+046          0.0000000000000000E+000          0.0000000000000000E+000                                1                                2          5.8292456585441306E-007          9.3895844551501007E-007          2.9999999999999999E-001          5.9999999999999998E-001          4.8098168946861121E-002          2.1708147412475734E-001          6.7169707658137618E+052         -2.2100706916492329E+018 
                            4860          2.2673288867311491E+005          7.5136487741409127E+001          1.0376636080310638E+002          3.6244033899246368E+001          3.3626461895738885E+001          3.8647713884232658E+001          3.9994342477052875E+001          6.0653408449678814E+000         -1.0000000000000000E+000          1.2780326659372712E+000          1.3775180812122376E+000         -3.4630369309195724E-001         -3.4630357967315717E-001         -4.4321366356796010E-001         -9.8999999999999986E+001         -9.8999999999999986E+001         -7.0843048595387135E+000         -9.8999999999999986E+001          8.0000000000000004E-001          7.9999986942179802E-001          6.6491017941368809E+052         -3.6728111295842866E+046          0.0000000000000000E+000         -7.0204829524740042E+028         -3.5830437640318741E+044         -3.6369806919439679E+046          0.0000000000000000E+000          0.0000000000000000E+000                                1                                2          5.9201847715081105E-007          9.6786600428691463E-007          2.9999999999999999E-001          5.9999999999999998E-001          4.3244904510302655E-002          2.1490112215566567E-001          6.6491017941368809E+052         -2.2239258278470820E+018 
                            4870          2.2673288923293614E+005          7.2894279375271708E+001          1.0169092582048772E+002          3.6617745245808230E+001          3.3961479484290287E+001          3.7871703369051694E+001          3.9197463142612349E+001          6.2096895408743196E+000         -1.0000000000000000E+000          1.2777799100169849E+000          1.3777202859156152E+000         -3.4507273083676565E-001         -3.4507261855663618E-001         -4.4198270173977011E-001         -9.8999999999999986E+001         -9.8999999999999986E+001         -7.0874560411852796E+000         -9.8999999999999986E+001          8.0000000000000004E-001          7.9999987073274059E-001          6.5819983567749624E+052         -3.8980259752446024E+046          0.0000000000000000E+000         -7.5344707625691523E+028         -3.5570364854269062E+044         -3.8624556103903333E+046          0.0000000000000000E+000          0.0000000000000000E+000                                1                                2          6.0099144548378195E-007          9.9763730144097243E-007          2.9999999999999999E-001          5.9999999999999998E-001          3.8685211397429087E-002          2.1274149036460285E-001          6.5819983567749624E+052         -2.2078477241963653E+018 
                            4880          2.2673288975142143E+005          7.0715998273312977E+001          9.9654246057100139E+001          3.6995381608353846E+001          3.4300798264095164E+001          3.7110472414800412E+001          3.8415172266862285E+001          6.3544044030179618E+000         -1.0000000000000000E+000          1.2775463482293747E+000          1.3779071353152199E+000         -3.4878395831179532E-001         -3.4878384467127438E-001         -4.4569392870465285E-001         -9.8999999999999986E+001         -9.8999999999999986E+001         -7.0859369567300909E+000         -9.8999999999999986E+001          8.0000000000000004E-001          7.9999986916653232E-001          6.5155022315274432E+052         -4.1726325917857944E+046          0.0000000000000000E+000         -8.0865583974080239E+028         -3.4912389213871119E+044         -4.1377202025719231E+046          0.0000000000000000E+000          0.0000000000000000E+000                                1                                2          6.0985693494824759E-007          1.0283677518821717E-006          2.9999999999999999E-001          5.9999999999999998E-001          3.4789448271018368E-002          2.1060191355699492E-001          6.5155022315274432E+052         -2.2155839035612884E+018 
                            4890          2.2673289023181319E+005          6.8601533175620332E+001          9.7657192731321118E+001          3.7376687372979440E+001          3.4644212466379173E+001          3.6364330392421486E+001          3.7647820880800026E+001          6.5071007317065703E+000         -1.0000000000000000E+000          1.2773321453141904E+000          1.3780784976191269E+000         -3.4824321092451244E-001         -3.4824309679392512E-001         -4.4515318113359503E-001         -9.8999999999999986E+001         -9.8999999999999986E+001         -7.0835273730344817E+000         -9.8999999999999986E+001          8.0000000000000004E-001          7.9999986860232275E-001          6.4496596784371702E+052         -4.4877744499293462E+046          0.0000000000000000E+000         -8.6791289801441024E+028         -3.4603771423992677E+044         -4.4531706785053534E+046          0.0000000000000000E+000          0.0000000000000000E+000                                1                                2          6.1861357983150262E-007          1.0600645320894144E-006          2.9999999999999999E-001          5.9999999999999998E-001          3.1328012564424947E-002          2.0848385811001147E-001          6.4496596784371702E+052         -2.2279107298339561E+018 
                            4900          2.2673289067609652E+005          6.6552886963806074E+001          9.5702682793666526E+001          3.7761081385233794E+001          3.4990986536861037E+001          3.5634294702330941E+001          3.6896602999846408E+001          6.6579084669802766E+000         -1.0000000000000000E+000          1.2771326598839488E+000          1.3782380859372059E+000         -3.5037343536167376E-001         -3.5037332135110838E-001         -4.4728340561576463E-001         -9.8999999999999986E+001         -9.8999999999999986E+001         -7.0861145501654965E+000         -9.8999999999999986E+001          8.0000000000000004E-001          7.9999986874050311E-001          6.3845818677051164E+052         -4.7656539086003972E+046          0.0000000000000000E+000         -9.3149942789419958E+028         -3.4087709335375938E+044         -4.7315661992650215E+046          0.0000000000000000E+000          0.0000000000000000E+000                                1                                2          6.2740998774419948E-007          1.0926956813455641E-006          2.9999999999999999E-001          5.9999999999999998E-001          2.8090589169745224E-002          2.0638758467040039E-001          6.3845818677051164E+052         -2.2146780833804191E+018 
                            4910          2.2673289108432154E+005          6.4559912199297045E+001          9.3781998793068098E+001          3.8150087199489761E+001          3.5342694015076908E+001          3.4917139296038862E+001          3.6158137666932760E+001          6.8185507258814155E+000         -1.0000000000000000E+000          1.2769508679793404E+000          1.3783835194366960E+000         -3.4768405330247532E-001         -3.4768393898666305E-001         -4.4459402344209858E-001         -9.8999999999999986E+001         -9.8999999999999986E+001         -7.0822639607790538E+000         -9.8999999999999986E+001          8.0000000000000004E-001          7.9999986838907466E-001          6.3200006220150143E+052         -5.1514777245272118E+046          0.0000000000000000E+000         -9.9987213916695313E+028         -3.3953508983633518E+044         -5.1175242155435779E+046          0.0000000000000000E+000          0.0000000000000000E+000                                1                                2          6.3595676293866338E-007          1.1264273709347181E-006          2.9999999999999999E-001          5.9999999999999998E-001          2.5374898531826971E-002          2.0430875551520311E-001          6.3200006220150143E+052         -2.2344014121543063E+018 
                            4920          2.2673289146388235E+005          6.2629130306209220E+001          9.1902343456719848E+001          3.8542324607861310E+001          3.5697738788451666E+001          3.4215456278122083E+001          3.5435292535858203E+001          6.9773735298034838E+000         -1.0000000000000000E+000          1.2767797808352073E+000          1.3785203891296383E+000         -3.4600632051917307E-001         -3.4600620684644900E-001         -4.4291629089995443E-001         -9.8999999999999986E+001         -9.8999999999999986E+001         -7.0830362674963023E+000         -9.8999999999999986E+001          8.0000000000000004E-001          7.9999986912945731E-001          6.2561679752325479E+052         -5.5041314986474189E+046          0.0000000000000000E+000         -1.0732329382411022E+029         -3.3741321634283543E+044         -5.4703901770131351E+046          0.0000000000000000E+000          0.0000000000000000E+000                                1                                2          6.4449677905824675E-007          1.1611537923466987E-006          2.9999999999999999E-001          5.9999999999999998E-001          2.2835419251244257E-002          2.0225174116666986E-001          6.2561679752325479E+052         -2.2304315037622674E+018 
                            4930          2.2673289181469535E+005          6.0756047572782222E+001          9.0060348178287654E+001          3.8938274389144290E+001          3.6056713163833443E+001          3.3528010733955831E+001          3.4726749297954875E+001          7.1393471639747288E+000         -1.0000000000000000E+000          1.2766221147774539E+000          1.3786465219551693E+000         -3.4980611671246842E-001         -3.4980600236600973E-001         -4.4671608684059916E-001         -9.8999999999999986E+001         -9.8999999999999986E+001         -7.0842696117643564E+000         -9.8999999999999986E+001          8.0000000000000004E-001          7.9999986835379189E-001          6.1929931538943204E+052         -5.8761683264020156E+046          0.0000000000000000E+000         -1.1519796349321274E+029         -3.3110244689973047E+044         -5.8430580817120422E+046          0.0000000000000000E+000          0.0000000000000000E+000                                1                                2          6.5299077291522304E-007          1.1969516627840807E-006          2.9999999999999999E-001          5.9999999999999998E-001          2.0557428860777893E-002          2.0021541987234864E-001          6.1929931538943204E+052         -2.2241063309943278E+018 
                            4940          2.2673289213931526E+005          5.8938564496617168E+001          8.8254883714825809E+001          3.9338041530930290E+001          3.6419752885075567E+001          3.2854375866222888E+001          3.4032078976621676E+001          7.3049914076458169E+000         -1.0000000000000000E+000          1.2764782916022530E+000          1.3787615804762259E+000         -3.5623382322996744E-001         -3.5623370744003269E-001         -4.5314379281679468E-001         -9.8999999999999986E+001         -9.8999999999999986E+001         -7.0852492273988226E+000         -9.8999999999999986E+001          8.0000000000000004E-001          7.9999986669192891E-001          6.1304566906832173E+052         -6.2799621591486968E+046          0.0000000000000000E+000         -1.2365117934157856E+029         -3.2294979115787442E+044         -6.2476671800329096E+046          0.0000000000000000E+000          0.0000000000000000E+000                                1                                2          6.6139103225557378E-007          1.2338619507878300E-006          2.9999999999999999E-001          5.9999999999999998E-001          1.8526743816735334E-002          1.9819949739713497E-001          6.1304566906832173E+052         -2.2190951816992573E+018 
                            4950          2.2673289243909164E+005          5.7173694416846004E+001          8.6483868233365484E+001          3.9742029534701523E+001          3.6787136296915335E+001          3.2193743055922980E+001          3.3350512777221276E+001          7.4755490980503243E+000         -1.0000000000000000E+000          1.2763460441819781E+000          1.3788673783947942E+000         -3.5216759557132610E-001         -3.5216748074436210E-001         -4.4907756551926742E-001         -9.8999999999999986E+001         -9.8999999999999986E+001         -7.0848099271327865E+000         -9.8999999999999986E+001          8.0000000000000004E-001          7.9999986780058974E-001          6.0685019886602010E+052         -6.7416035654758462E+046          0.0000000000000000E+000         -1.3273397798167642E+029         -3.2269907821394715E+044         -6.7093336576544516E+046          0.0000000000000000E+000          0.0000000000000000E+000                                1                                2          6.6966292891778414E-007          1.2719495024446614E-006          2.9999999999999999E-001          5.9999999999999998E-001          1.6736067317339707E-002          1.9620197094115704E-001          6.0685019886602010E+052         -2.2213409906808056E+018 
                            4960          2.2673289271506440E+005          5.5460516639743787E+001          8.4747233982633276E+001          4.0150217027123411E+001          3.7158728693473989E+001          3.1546052694517563E+001          3.2682059336387084E+001          7.6500769950713030E+000         -1.0000000000000000E+000          1.2762228014336918E+000          1.3789659725771330E+000         -3.5212632964946883E-001         -3.5212621456481152E-001         -4.4903629950077523E-001         -9.8999999999999986E+001         -9.8999999999999986E+001         -7.0837951145149187E+000         -9.8999999999999986E+001          8.0000000000000004E-001          7.9999986750390939E-001          6.0071412355981488E+052         -7.2511196776189599E+046          0.0000000000000000E+000         -1.4249273180419102E+029         -3.1947144966130809E+044         -7.2191725326528291E+046          0.0000000000000000E+000          0.0000000000000000E+000                                1                                2          6.7782218249766541E-007          1.3112400780326802E-006          2.9999999999999999E-001          5.9999999999999998E-001          1.5140168219843795E-002          1.9422291082357004E-001          6.0071412355981488E+052         -2.2265376513498980E+018 
                            4970          2.2673289296966174E+005          5.3798708621743771E+001          8.3045531566227638E+001          4.0562304881447162E+001          3.7534370752639909E+001          3.0911522859366077E+001          3.2026917710592883E+001          7.8277121655871857E+000         -1.0000000000000000E+000          1.2761106280202426E+000          1.3790557112928687E+000         -3.5873109073916154E-001         -3.5873097379448154E-001         -4.5564105989295922E-001         -9.8999999999999986E+001         -9.8999999999999986E+001         -7.0834368336325859E+000         -9.8999999999999986E+001          8.0000000000000004E-001          7.9999986536247958E-001          5.9464138833726875E+052         -7.7952385117768242E+046          0.0000000000000000E+000         -1.5296809044683926E+029         -3.1147356419438490E+044         -7.7640911553573853E+046          0.0000000000000000E+000          0.0000000000000000E+000                                1                                2          6.8590982209448549E-007          1.3517434531325980E-006          2.9999999999999999E-001          5.9999999999999998E-001          1.3724005505943621E-002          1.9226402335133891E-001          5.9464138833726875E+052         -2.2283752399993533E+018 
                            4980          2.2673289320496371E+005          5.2185870973998021E+001          8.1377161207246900E+001          4.0978602108176254E+001          3.7914263067559709E+001          3.0289531481075159E+001          3.1384497823902350E+001          8.0103593558227555E+000         -1.0000000000000000E+000          1.2760075758801681E+000          1.3791381529910720E+000         -3.5618836480778832E-001         -3.5618824815690037E-001         -4.5309833407175798E-001         -9.8999999999999986E+001         -9.8999999999999986E+001         -7.0819865289998338E+000         -9.8999999999999986E+001          8.0000000000000004E-001          7.9999986570072035E-001          5.8862789800167692E+052         -8.4072712397695482E+046          0.0000000000000000E+000         -1.6421682551086327E+029         -3.1013942643494359E+044         -8.3762572971260542E+046          0.0000000000000000E+000          0.0000000000000000E+000                                1                                2          6.9389073853549360E-007          1.3935199472413647E-006          2.9999999999999999E-001          5.9999999999999998E-001          1.2447413576983396E-002          1.9032439536884149E-001          5.8862789800167692E+052         -2.2358292268810286E+018 
                            4990          2.2673289342131236E+005          5.0623978282392393E+001          7.9745045646757148E+001          4.1398283612375614E+001          3.8297541075324453E+001          2.9681139440290412E+001          3.0755954178122238E+001          8.1954458387292703E+000         -1.0000000000000000E+000          1.2759114652524803E+000          1.3792150414804778E+000         -3.5312752345746662E-001         -3.5312740854231656E-001         -4.5003749337233828E-001         -9.8999999999999986E+001         -9.8999999999999986E+001         -7.0854364488582888E+000         -9.8999999999999986E+001          8.0000000000000004E-001          7.9999986769906173E-001          5.8268588811248491E+052         -8.9658493351615216E+046          0.0000000000000000E+000         -1.7627788292316777E+029         -3.0918357742293780E+044         -8.9349309774192280E+046          0.0000000000000000E+000          0.0000000000000000E+000                                1                                2          7.0194064210342648E-007          1.4365139728997546E-006          2.9999999999999999E-001          5.9999999999999998E-001          1.1236437047345373E-002          1.8840663933043253E-001          5.8268588811248491E+052         -2.2181387513187702E+018 
                            4995          2.2673289352286069E+005          4.9856925718758959E+001          7.8937379521539455E+001          4.1610684824408303E+001          3.8491680193955389E+001          2.9380110477645140E+001          3.0444874668087429E+001          8.2886834212350653E+000         -1.0000000000000000E+000          1.2758666397173859E+000          1.3792509019025387E+000         -3.5655345651042758E-001         -3.5655333972400211E-001         -4.5346342572357073E-001         -9.8999999999999986E+001         -9.8999999999999986E+001         -7.0818473032802798E+000         -9.8999999999999986E+001          8.0000000000000004E-001          7.9999986554467695E-001          5.7972331136158439E+052         -9.3690180481200817E+046          0.0000000000000000E+000         -1.8266891649196846E+029         -3.0519608961040936E+044         -9.3384984391590403E+046          0.0000000000000000E+000          0.0000000000000000E+000                                1                                2          7.0655347712842962E-007          1.4586148487504576E-006          2.9999999999999999E-001          5.9999999999999998E-001          1.0743187181453454E-002          1.8745030277313840E-001          5.7972331136158439E+052         -2.2365461010344540E+018 
