#
# Initial mass = 3.750, Z =  0.0002, Y =  0.250, M_mix = 1.00E-04
#
# Initial abundances
# El  Z   log e(X)   [X/H]    [X/Fe]     [X/O]      X(i)
  p   1  12.000000  0.000000  0.000000  0.000000 7.55487E-01
 he   2  10.921201 -0.008800  1.815034  1.430868 2.50238E-01
  c   6   6.830440 -1.639560  0.184274 -0.199893 6.09237E-05
  n   7   6.630052 -1.239948  0.583886  0.199719 4.47882E-05
  o   8   7.290332 -1.439668  0.384166  0.000000 2.33987E-04
  f   9   2.636161 -1.823839 -0.000005 -0.384171 6.16077E-09
 ne  10   6.429841 -1.540159  0.283675 -0.100491 4.06939E-05
 na  11   4.190414 -2.119586 -0.295752 -0.679918 2.67129E-07
 mg  12   6.107235 -1.532764  0.291070 -0.093097 2.33183E-05
 al  13   4.520560 -1.949440 -0.125606 -0.509772 6.70503E-07
 si  14   5.864501 -1.685499  0.138335 -0.245831 1.54084E-05
  p  15   3.646171 -1.823829  0.000005 -0.384161 1.02786E-07
  s  16   5.655596 -1.504404  0.319430 -0.064736 1.08741E-05
 cl  17   3.406170 -1.823830  0.000004 -0.384162 6.77001E-08
 ar  18   4.960135 -1.479865  0.343969 -0.040197 2.73148E-06
  k  19   3.443538 -1.636462  0.187372 -0.196795 8.13691E-08
 ca  20   4.793693 -1.496307  0.327527 -0.056639 1.86795E-06
 sc  21   1.467190 -1.582810  0.241024 -0.143142 9.87972E-10
 ti  22   3.464959 -1.445041  0.378793 -0.005373 1.04656E-07
  v  23   2.382014 -1.577986  0.245848 -0.138318 9.20147E-09
 cr  24   3.969089 -1.670911  0.152923 -0.231244 3.62932E-07
 mn  25   3.130459 -2.349541 -0.525707 -0.909873 5.56030E-08
 fe  26   5.716166 -1.823834  0.000000 -0.384166 2.17729E-05
 co  27   3.046164 -1.823836 -0.000002 -0.384169 4.91235E-08
 ni  28   4.376177 -1.823822  0.000011 -0.384155 1.04600E-06
 cu  29   1.952294 -2.297706 -0.473872 -0.858038 4.26727E-09
 zn  30   3.056505 -1.573495  0.250339 -0.133827 5.58354E-08
 ga  31   1.256163 -1.823837 -0.000003 -0.384170 9.42552E-10
 ge  32   1.721786 -1.858213 -0.034379 -0.418546 2.86899E-09
 as  33   0.476170 -1.823830  0.000004 -0.384163 1.68091E-10
 se  34   1.472246 -1.867754 -0.043920 -0.428086 1.75558E-09
 br  35   0.716174 -1.823826  0.000008 -0.384158 3.11537E-10
 kr  36   1.424599 -1.825401 -0.001567 -0.385734 1.66955E-09
 rb  37   0.536179 -1.823821  0.000013 -0.384154 2.20165E-10
 sr  38   1.053733 -1.826267 -0.002433 -0.386600 7.43195E-10
  y  39   0.346187 -1.823813  0.000021 -0.384146 1.47872E-10
 zr  40   0.706167 -1.823833  0.000001 -0.384165 3.47570E-10
 nb  41  -0.413827 -1.823827  0.000007 -0.384159 2.68525E-11
 mo  42  -0.005015 -1.945015 -0.121181 -0.505348 7.10807E-11
 tc  43   0.000000 -9.000000  0.000000  0.000000 0.00000E+00
 ru  44  -0.194783 -1.954783 -0.130949 -0.515115 4.83734E-11
 rh  45  -0.763820 -1.823820  0.000014 -0.384152 1.32858E-11
 pd  46  -0.233027 -1.883026 -0.059193 -0.443359 4.66406E-11
 ag  47  -0.623837 -1.823838 -0.000004 -0.384170 1.92230E-11
 cd  48  -0.153564 -1.863564 -0.039731 -0.423897 5.91578E-11
 in  49  -1.082876 -1.842876 -0.019042 -0.403208 7.11050E-12
 sn  50   0.183731 -1.886269 -0.062435 -0.446601 1.35827E-10
 sb  51  -1.056368 -2.066368 -0.242534 -0.626700 8.01501E-12
 te  52  -0.111209 -2.291209 -0.467375 -0.851541 7.40302E-11
  i  53  -0.273838 -1.823838 -0.000004 -0.384170 5.06297E-11
 xe  54   0.379082 -1.860918 -0.037084 -0.421251 2.35554E-10
 cs  55  -0.743831 -1.823831  0.000003 -0.384163 1.79671E-11
 ba  56   0.355272 -1.824728 -0.000894 -0.385060 2.33236E-10
 la  57  -0.654231 -1.824231 -0.000397 -0.384563 2.30811E-11
 ce  58  -0.245736 -1.825736 -0.001902 -0.386068 5.96374E-11
 pr  59  -1.063835 -1.823835 -0.000001 -0.384167 9.11732E-12
 nd  60  -0.398837 -1.848837 -0.025003 -0.409169 4.31535E-11
 pm  61   0.000000 -9.000000  0.000000  0.000000 0.00000E+00
 sm  62  -1.013538 -1.953538 -0.129704 -0.513871 1.09235E-11
 eu  63  -1.313828 -1.823828  0.000005 -0.384161 5.52941E-12
 gd  64  -0.773833 -1.823833  0.000001 -0.384166 1.98392E-11
 tb  65  -1.503834 -1.823834  0.000000 -0.384166 3.73358E-12
 dy  66  -0.694488 -1.824488 -0.000654 -0.384820 2.46112E-11
 ho  67  -1.353829 -1.823829  0.000005 -0.384162 5.47315E-12
 er  68  -0.911458 -1.831458 -0.007624 -0.391790 1.53709E-11
 tm  69  -1.703832 -1.823832  0.000002 -0.384164 2.50411E-12
 yb  70  -0.964864 -1.884864 -0.061030 -0.445196 1.40621E-11
 lu  71  -1.733824 -1.823824  0.000010 -0.384156 2.42047E-12
 hf  72  -1.114540 -1.824540 -0.000706 -0.384872 1.02764E-11
 ta  73  -1.943889 -1.823889 -0.000055 -0.384221 1.54324E-12
  w  74  -1.174365 -1.824365 -0.000531 -0.384697 9.22235E-12
 re  75  -1.563829 -1.823829  0.000005 -0.384162 3.81008E-12
 os  76  -0.473927 -1.823927 -0.000093 -0.384259 4.78762E-11
 ir  77  -0.503833 -1.823833  0.000001 -0.384165 4.51570E-11
 pt  78  -0.236166 -1.856166 -0.032332 -0.416498 8.48808E-11
 au  79  -1.023831 -1.823831  0.000003 -0.384164 1.39743E-11
 hg  80  -0.685450 -1.855450 -0.031616 -0.415782 3.10189E-11
 tl  81  -1.053834 -1.823834  0.000000 -0.384166 1.35325E-11
 pb  82   0.216159 -1.823841 -0.000007 -0.384173 2.55456E-10
 bi  83  -1.173829 -1.823829  0.000005 -0.384161 1.04965E-11
 po  84   0.000000 -9.000000  0.000000  0.000000 0.00000E+00
#[ls/Fe]_Thiswork =  -0.0008, [hs/Fe]_Thiswork =  -0.0011
#[hs/ls]_Thiswork =  -0.0003, [Pb/hs]_Thiswork =   0.0011
# Elemental abundance ratios: 
# He/H =  8.3407E-02, C/O =  3.4682E-01, N/O = 2.18635E-01
#
#
# During TP-AGB
#  TP   Mass     Mcore    Menv    log L
#  1 3.730481 0.860302 2.870178 4.172338
# El  Z   log e(X)   [X/H]    [X/Fe]     [X/O]      X(i)
  p   1  12.000000  0.000000  0.000000  0.000000 7.12659E-01
 he   2  11.014735  0.084735  1.908569  1.524403 2.92780E-01
  c   6   6.530579 -1.939421 -0.115587 -0.499753 2.88124E-05
  n   7   7.002782 -0.867218  0.956616  0.572450 9.96663E-05
  o   8   7.277061 -1.452939  0.370895  0.000000 2.14079E-04
  f   9   2.591332 -1.868668 -0.044834 -0.415729 5.24157E-09
 ne  10   6.440849 -1.529150  0.294683 -0.076212 3.93724E-05
 na  11   5.035355 -1.274645  0.549189  0.178293 1.76325E-06
 mg  12   6.130523 -1.509477  0.314357 -0.056539 2.32081E-05
 al  13   4.621748 -1.848252 -0.024418 -0.395313 7.98442E-07
 si  14   5.890017 -1.659983  0.163851 -0.207045 1.54144E-05
  p  15   3.671602 -1.798398  0.025436 -0.345459 1.02806E-07
  s  16   5.680943 -1.479057  0.344777 -0.026119 1.08741E-05
 cl  17   3.431534 -1.798466  0.025368 -0.345528 6.77030E-08
 ar  18   4.985483 -1.454517  0.369317 -0.001579 2.73149E-06
  k  19   3.468883 -1.611117  0.212717 -0.158179 8.13688E-08
 ca  20   4.819040 -1.470960  0.352874 -0.018021 1.86796E-06
 sc  21   1.492537 -1.557462  0.266371 -0.104524 9.87976E-10
 ti  22   3.490307 -1.419693  0.404141  0.033246 1.04656E-07
  v  23   2.407361 -1.552639  0.271195 -0.099700 9.20149E-09
 cr  24   3.994436 -1.645564  0.178270 -0.192625 3.62934E-07
 mn  25   3.155810 -2.324190 -0.500356 -0.871251 5.56037E-08
 fe  26   5.741513 -1.798487  0.000000 -0.345548 2.17730E-05
 co  27   3.071512 -1.798488 -0.000001 -0.345549 4.91237E-08
 ni  28   4.401525 -1.798475  0.000011 -0.345537 1.04600E-06
 cu  29   1.977647 -2.272353 -0.473866 -0.819415 4.26733E-09
 zn  30   3.081852 -1.548148  0.250339 -0.095210 5.58355E-08
 ga  31   1.281510 -1.798490 -0.000003 -0.345551 9.42557E-10
 ge  32   1.747134 -1.832866 -0.034379 -0.379927 2.86900E-09
 as  33   0.501515 -1.798485  0.000002 -0.345546 1.68091E-10
 se  34   1.497594 -1.842406 -0.043919 -0.389467 1.75559E-09
 br  35   0.741520 -1.798480  0.000007 -0.345541 3.11537E-10
 kr  36   1.449946 -1.800054 -0.001567 -0.347115 1.66956E-09
 rb  37   0.561236 -1.798764 -0.000277 -0.345825 2.20020E-10
 sr  38   1.079167 -1.800833 -0.002346 -0.347894 7.43348E-10
  y  39   0.371534 -1.798466  0.000021 -0.345527 1.47872E-10
 zr  40   0.731514 -1.798486  0.000001 -0.345547 3.47572E-10
 nb  41  -0.388480 -1.798480  0.000007 -0.345542 2.68525E-11
 mo  42   0.020333 -1.919667 -0.121180 -0.466728 7.10811E-11
 tc  43   0.000000 -9.000000  0.000000  0.000000 4.01650E-19
 ru  44  -0.169436 -1.929435 -0.130949 -0.476497 4.83735E-11
 rh  45  -0.738475 -1.798475  0.000012 -0.345536 1.32858E-11
 pd  46  -0.207678 -1.857678 -0.059191 -0.404739 4.66408E-11
 ag  47  -0.598492 -1.798492 -0.000005 -0.345553 1.92230E-11
 cd  48  -0.128216 -1.838216 -0.039729 -0.385277 5.91581E-11
 in  49  -1.057530 -1.817530 -0.019044 -0.364592 7.11051E-12
 sn  50   0.209079 -1.860921 -0.062434 -0.407983 1.35827E-10
 sb  51  -1.031021 -2.041021 -0.242534 -0.588083 8.01502E-12
 te  52  -0.085861 -2.265861 -0.467375 -0.812923 7.40304E-11
  i  53  -0.248492 -1.798492 -0.000005 -0.345554 5.06295E-11
 xe  54   0.404429 -1.835571 -0.037084 -0.382632 2.35555E-10
 cs  55  -0.718485 -1.798485  0.000002 -0.345546 1.79671E-11
 ba  56   0.380620 -1.799380 -0.000893 -0.346442 2.33237E-10
 la  57  -0.628884 -1.798884 -0.000398 -0.345946 2.30812E-11
 ce  58  -0.220388 -1.800388 -0.001902 -0.347450 5.96376E-11
 pr  59  -1.038488 -1.798488 -0.000002 -0.345550 9.11734E-12
 nd  60  -0.373489 -1.823489 -0.025003 -0.370551 4.31536E-11
 pm  61   0.000000 -9.000000  0.000000  0.000000 0.00000E+00
 sm  62  -0.988189 -1.928189 -0.129702 -0.475250 1.09236E-11
 eu  63  -1.288496 -1.798496 -0.000009 -0.345557 5.52925E-12
 gd  64  -0.748484 -1.798484  0.000003 -0.345545 1.98394E-11
 tb  65  -1.478492 -1.798492 -0.000005 -0.345553 3.73355E-12
 dy  66  -0.669140 -1.799140 -0.000653 -0.346201 2.46113E-11
 ho  67  -1.328486 -1.798486  0.000000 -0.345548 5.47311E-12
 er  68  -0.886109 -1.806109 -0.007623 -0.353171 1.53710E-11
 tm  69  -1.678488 -1.798488 -0.000001 -0.345549 2.50409E-12
 yb  70  -0.939516 -1.859516 -0.061029 -0.406578 1.40622E-11
 lu  71  -1.708511 -1.798511 -0.000025 -0.345573 2.42028E-12
 hf  72  -1.089184 -1.799184 -0.000697 -0.346245 1.02766E-11
 ta  73  -1.918544 -1.798544 -0.000057 -0.345605 1.54323E-12
  w  74  -1.149017 -1.799017 -0.000531 -0.346079 9.22239E-12
 re  75  -1.539256 -1.799256 -0.000769 -0.346318 3.80330E-12
 os  76  -0.448517 -1.798517 -0.000030 -0.345578 4.78832E-11
 ir  77  -0.478491 -1.798491 -0.000004 -0.345552 4.51566E-11
 pt  78  -0.210815 -1.830815 -0.032329 -0.377877 8.48817E-11
 au  79  -0.998486 -1.798486  0.000001 -0.345547 1.39743E-11
 hg  80  -0.660101 -1.830101 -0.031614 -0.377162 3.10191E-11
 tl  81  -1.028487 -1.798487  0.000000 -0.345549 1.35325E-11
 pb  82   0.241507 -1.798493 -0.000007 -0.345555 2.55457E-10
 bi  83  -1.148481 -1.798481  0.000005 -0.345543 1.04965E-11
 po  84   0.000000 -9.000000  0.000000  0.000000 5.26398E-19
#[ls/Fe]_Thiswork =  -0.0008, [hs/Fe]_Thiswork =  -0.0011
#[hs/ls]_Thiswork =  -0.0003, [Pb/hs]_Thiswork =   0.0011
# Elemental abundance ratios: 
# He/H =  1.0345E-01, C/O =  1.7927E-01, N/O = 5.31767E-01
#
#  TP   Mass     Mcore    Menv    log L
#  2 3.727761 0.861407 2.866354 4.198689
# El  Z   log e(X)   [X/H]    [X/Fe]     [X/O]      X(i)
  p   1  12.000000  0.000000  0.000000  0.000000 7.12660E-01
 he   2  11.014732  0.084732  1.883219  1.537671 2.92779E-01
  c   6   6.530578 -1.939423 -0.140936 -0.486484 2.88123E-05
  n   7   7.002780 -0.867220  0.931267  0.585719 9.96659E-05
  o   8   7.277061 -1.452938  0.345549  0.000000 2.14080E-04
  f   9   2.591333 -1.868667 -0.070180 -0.415729 5.24158E-09
 ne  10   6.440849 -1.529150  0.269336 -0.076212 3.93724E-05
 na  11   5.035344 -1.274656  0.523830  0.178282 1.76321E-06
 mg  12   6.130522 -1.509478  0.289009 -0.056540 2.32081E-05
 al  13   4.621743 -1.848257 -0.049770 -0.395319 7.98434E-07
 si  14   5.890017 -1.659984  0.138503 -0.207046 1.54144E-05
  p  15   3.671601 -1.798398  0.000088 -0.345460 1.02806E-07
  s  16   5.680942 -1.479058  0.319429 -0.026120 1.08741E-05
 cl  17   3.431533 -1.798467  0.000020 -0.345529 6.77030E-08
 ar  18   4.985482 -1.454518  0.343969 -0.001580 2.73149E-06
  k  19   3.468882 -1.611118  0.187368 -0.158180 8.13688E-08
 ca  20   4.819039 -1.470961  0.327526 -0.018023 1.86796E-06
 sc  21   1.492537 -1.557463  0.241023 -0.104525 9.87976E-10
 ti  22   3.490307 -1.419693  0.378794  0.033245 1.04656E-07
  v  23   2.407361 -1.552639  0.245848 -0.099701 9.20149E-09
 cr  24   3.994435 -1.645565  0.152922 -0.192626 3.62934E-07
 mn  25   3.155809 -2.324191 -0.525704 -0.871253 5.56037E-08
 fe  26   5.741512 -1.798488  0.000000 -0.345550 2.17730E-05
 co  27   3.071511 -1.798489 -0.000001 -0.345551 4.91237E-08
 ni  28   4.401524 -1.798476  0.000011 -0.345538 1.04600E-06
 cu  29   1.977647 -2.272353 -0.473866 -0.819415 4.26733E-09
 zn  30   3.081851 -1.548149  0.250339 -0.095211 5.58355E-08
 ga  31   1.281509 -1.798491 -0.000003 -0.345552 9.42557E-10
 ge  32   1.747133 -1.832867 -0.034379 -0.379929 2.86900E-09
 as  33   0.501514 -1.798486  0.000002 -0.345547 1.68091E-10
 se  34   1.497593 -1.842407 -0.043919 -0.389469 1.75559E-09
 br  35   0.741519 -1.798481  0.000007 -0.345543 3.11537E-10
 kr  36   1.449946 -1.800054 -0.001566 -0.347116 1.66956E-09
 rb  37   0.561236 -1.798764 -0.000276 -0.345825 2.20020E-10
 sr  38   1.079167 -1.800833 -0.002345 -0.347895 7.43348E-10
  y  39   0.371533 -1.798467  0.000021 -0.345529 1.47872E-10
 zr  40   0.731514 -1.798486  0.000002 -0.345548 3.47572E-10
 nb  41  -0.388481 -1.798481  0.000007 -0.345543 2.68525E-11
 mo  42   0.020332 -1.919668 -0.121180 -0.466730 7.10811E-11
 tc  43   0.000000 -9.000000  0.000000  0.000000 3.93086E-19
 ru  44  -0.169436 -1.929436 -0.130949 -0.476498 4.83735E-11
 rh  45  -0.738476 -1.798476  0.000012 -0.345538 1.32858E-11
 pd  46  -0.207679 -1.857679 -0.059191 -0.404741 4.66408E-11
 ag  47  -0.598493 -1.798493 -0.000005 -0.345555 1.92230E-11
 cd  48  -0.128217 -1.838217 -0.039729 -0.385279 5.91581E-11
 in  49  -1.057531 -1.817531 -0.019044 -0.364593 7.11051E-12
 sn  50   0.209078 -1.860922 -0.062434 -0.407984 1.35827E-10
 sb  51  -1.031021 -2.041021 -0.242533 -0.588083 8.01502E-12
 te  52  -0.085862 -2.265862 -0.467375 -0.812924 7.40304E-11
  i  53  -0.248493 -1.798493 -0.000005 -0.345555 5.06295E-11
 xe  54   0.404428 -1.835572 -0.037084 -0.382633 2.35555E-10
 cs  55  -0.718486 -1.798486  0.000002 -0.345548 1.79671E-11
 ba  56   0.380619 -1.799381 -0.000893 -0.346443 2.33237E-10
 la  57  -0.628884 -1.798884 -0.000397 -0.345946 2.30812E-11
 ce  58  -0.220389 -1.800389 -0.001902 -0.347451 5.96376E-11
 pr  59  -1.038489 -1.798489 -0.000002 -0.345551 9.11734E-12
 nd  60  -0.373490 -1.823490 -0.025003 -0.370552 4.31536E-11
 pm  61   0.000000 -9.000000  0.000000  0.000000 0.00000E+00
 sm  62  -0.988189 -1.928189 -0.129701 -0.475251 1.09236E-11
 eu  63  -1.288497 -1.798497 -0.000009 -0.345559 5.52925E-12
 gd  64  -0.748485 -1.798485  0.000003 -0.345546 1.98394E-11
 tb  65  -1.478492 -1.798492 -0.000004 -0.345554 3.73355E-12
 dy  66  -0.669140 -1.799140 -0.000652 -0.346202 2.46113E-11
 ho  67  -1.328486 -1.798486  0.000001 -0.345548 5.47311E-12
 er  68  -0.886110 -1.806110 -0.007623 -0.353172 1.53710E-11
 tm  69  -1.678488 -1.798488  0.000000 -0.345550 2.50409E-12
 yb  70  -0.939516 -1.859516 -0.061028 -0.406578 1.40622E-11
 lu  71  -1.708512 -1.798512 -0.000025 -0.345574 2.42028E-12
 hf  72  -1.089185 -1.799185 -0.000697 -0.346247 1.02766E-11
 ta  73  -1.918545 -1.798545 -0.000057 -0.345607 1.54323E-12
  w  74  -1.149018 -1.799018 -0.000531 -0.346080 9.22239E-12
 re  75  -1.539257 -1.799257 -0.000769 -0.346319 3.80330E-12
 os  76  -0.448517 -1.798517 -0.000029 -0.345579 4.78832E-11
 ir  77  -0.478492 -1.798492 -0.000004 -0.345554 4.51566E-11
 pt  78  -0.210815 -1.830815 -0.032328 -0.377877 8.48817E-11
 au  79  -0.998487 -1.798486  0.000001 -0.345548 1.39743E-11
 hg  80  -0.660102 -1.830102 -0.031614 -0.377164 3.10191E-11
 tl  81  -1.028488 -1.798488  0.000000 -0.345550 1.35325E-11
 pb  82   0.241506 -1.798494 -0.000007 -0.345556 2.55457E-10
 bi  83  -1.148482 -1.798482  0.000005 -0.345544 1.04965E-11
 po  84   0.000000 -9.000000  0.000000  0.000000 5.26383E-19
#[ls/Fe]_Thiswork =  -0.0008, [hs/Fe]_Thiswork =  -0.0011
#[hs/ls]_Thiswork =  -0.0003, [Pb/hs]_Thiswork =   0.0011
# Elemental abundance ratios: 
# He/H =  1.0345E-01, C/O =  1.7927E-01, N/O = 5.31764E-01
#
#  TP   Mass     Mcore    Menv    log L
#  3 3.723785 0.862487 2.861298 4.218612
# El  Z   log e(X)   [X/H]    [X/Fe]     [X/O]      X(i)
  p   1  12.000000  0.000000  0.000000  0.000000 7.12595E-01
 he   2  11.014868  0.084867  1.883355  1.537806 2.92844E-01
  c   6   6.530559 -1.939442 -0.140954 -0.486504 2.88085E-05
  n   7   7.002951 -0.867049  0.931439  0.585889 9.96961E-05
  o   8   7.277041 -1.452958  0.345530  0.000000 2.14051E-04
  f   9   2.591305 -1.868695 -0.070208 -0.415737 5.24076E-09
 ne  10   6.440858 -1.529141  0.269346 -0.076183 3.93697E-05
 na  11   5.035347 -1.274653  0.523834  0.178305 1.76306E-06
 mg  12   6.130514 -1.509486  0.289001 -0.056528 2.32055E-05
 al  13   4.622073 -1.847927 -0.049439 -0.394969 7.98968E-07
 si  14   5.890238 -1.659762  0.138725 -0.206804 1.54209E-05
  p  15   3.671629 -1.798371  0.000117 -0.345413 1.02804E-07
  s  16   5.680982 -1.479018  0.319469 -0.026060 1.08741E-05
 cl  17   3.431618 -1.798382  0.000105 -0.345424 6.77099E-08
 ar  18   4.985522 -1.454478  0.344009 -0.001520 2.73149E-06
  k  19   3.468923 -1.611077  0.187410 -0.158119 8.13689E-08
 ca  20   4.819079 -1.470921  0.327567 -0.017962 1.86796E-06
 sc  21   1.492577 -1.557423  0.241064 -0.104465 9.87976E-10
 ti  22   3.490346 -1.419654  0.378834  0.033304 1.04656E-07
  v  23   2.407400 -1.552600  0.245888 -0.099642 9.20149E-09
 cr  24   3.994475 -1.645525  0.152963 -0.192566 3.62934E-07
 mn  25   3.155849 -2.324151 -0.525663 -0.871192 5.56037E-08
 fe  26   5.741552 -1.798448  0.000000 -0.345490 2.17730E-05
 co  27   3.071551 -1.798449 -0.000001 -0.345490 4.91237E-08
 ni  28   4.401564 -1.798436  0.000011 -0.345478 1.04600E-06
 cu  29   1.977686 -2.272314 -0.473866 -0.819356 4.26733E-09
 zn  30   3.081891 -1.548109  0.250339 -0.095151 5.58355E-08
 ga  31   1.281549 -1.798450 -0.000003 -0.345492 9.42557E-10
 ge  32   1.747173 -1.832827 -0.034379 -0.379869 2.86900E-09
 as  33   0.501554 -1.798445  0.000002 -0.345487 1.68091E-10
 se  34   1.497633 -1.842367 -0.043919 -0.389409 1.75559E-09
 br  35   0.741559 -1.798441  0.000007 -0.345483 3.11537E-10
 kr  36   1.449986 -1.800014 -0.001567 -0.347056 1.66956E-09
 rb  37   0.561275 -1.798724 -0.000277 -0.345766 2.20020E-10
 sr  38   1.079206 -1.800794 -0.002346 -0.347836 7.43348E-10
  y  39   0.371573 -1.798427  0.000021 -0.345469 1.47872E-10
 zr  40   0.731553 -1.798447  0.000001 -0.345489 3.47572E-10
 nb  41  -0.388441 -1.798441  0.000007 -0.345483 2.68525E-11
 mo  42   0.020372 -1.919628 -0.121180 -0.466670 7.10811E-11
 tc  43  -7.695910 -9.000000  0.000000  0.000000 1.39540E-18
 ru  44  -0.169396 -1.929396 -0.130949 -0.476438 4.83735E-11
 rh  45  -0.738436 -1.798436  0.000012 -0.345478 1.32858E-11
 pd  46  -0.207639 -1.857639 -0.059191 -0.404681 4.66408E-11
 ag  47  -0.598454 -1.798454 -0.000006 -0.345495 1.92230E-11
 cd  48  -0.128177 -1.838177 -0.039729 -0.385219 5.91581E-11
 in  49  -1.057491 -1.817491 -0.019044 -0.364533 7.11051E-12
 sn  50   0.209118 -1.860882 -0.062434 -0.407924 1.35827E-10
 sb  51  -1.030982 -2.040982 -0.242534 -0.588024 8.01502E-12
 te  52  -0.085822 -2.265822 -0.467375 -0.812864 7.40304E-11
  i  53  -0.248453 -1.798453 -0.000005 -0.345495 5.06295E-11
 xe  54   0.404469 -1.835531 -0.037084 -0.382573 2.35555E-10
 cs  55  -0.718446 -1.798446  0.000002 -0.345488 1.79671E-11
 ba  56   0.380659 -1.799341 -0.000893 -0.346383 2.33237E-10
 la  57  -0.628845 -1.798845 -0.000398 -0.345887 2.30812E-11
 ce  58  -0.220349 -1.800349 -0.001902 -0.347391 5.96376E-11
 pr  59  -1.038449 -1.798449 -0.000002 -0.345491 9.11734E-12
 nd  60  -0.373450 -1.823450 -0.025003 -0.370492 4.31536E-11
 pm  61   0.000000 -9.000000  0.000000  0.000000 0.00000E+00
 sm  62  -0.988150 -1.928150 -0.129702 -0.475192 1.09236E-11
 eu  63  -1.288457 -1.798457 -0.000009 -0.345499 5.52924E-12
 gd  64  -0.748445 -1.798445  0.000003 -0.345486 1.98394E-11
 tb  65  -1.478453 -1.798453 -0.000005 -0.345495 3.73355E-12
 dy  66  -0.669101 -1.799101 -0.000653 -0.346143 2.46113E-11
 ho  67  -1.328447 -1.798447  0.000000 -0.345489 5.47311E-12
 er  68  -0.886070 -1.806070 -0.007623 -0.353112 1.53710E-11
 tm  69  -1.678449 -1.798449 -0.000001 -0.345491 2.50409E-12
 yb  70  -0.939477 -1.859477 -0.061029 -0.406519 1.40622E-11
 lu  71  -1.708472 -1.798472 -0.000025 -0.345514 2.42028E-12
 hf  72  -1.089145 -1.799145 -0.000697 -0.346187 1.02766E-11
 ta  73  -1.918505 -1.798505 -0.000057 -0.345547 1.54323E-12
  w  74  -1.148978 -1.798978 -0.000531 -0.346020 9.22239E-12
 re  75  -1.539217 -1.799217 -0.000769 -0.346259 3.80330E-12
 os  76  -0.448478 -1.798478 -0.000030 -0.345520 4.78832E-11
 ir  77  -0.478453 -1.798453 -0.000005 -0.345495 4.51566E-11
 pt  78  -0.210776 -1.830776 -0.032329 -0.377818 8.48817E-11
 au  79  -0.998446 -1.798446  0.000001 -0.345488 1.39743E-11
 hg  80  -0.660063 -1.830063 -0.031615 -0.377105 3.10191E-11
 tl  81  -1.028448 -1.798448  0.000000 -0.345490 1.35325E-11
 pb  82   0.241546 -1.798454 -0.000007 -0.345496 2.55457E-10
 bi  83  -1.148442 -1.798442  0.000005 -0.345484 1.04965E-11
 po  84   0.000000 -9.000000  0.000000  0.000000 5.45012E-19
#[ls/Fe]_Thiswork =  -0.0008, [hs/Fe]_Thiswork =  -0.0011
#[hs/ls]_Thiswork =  -0.0003, [Pb/hs]_Thiswork =   0.0011
# Elemental abundance ratios: 
# He/H =  1.0348E-01, C/O =  1.7927E-01, N/O = 5.31997E-01
#
#  TP   Mass     Mcore    Menv    log L
#  4 3.718306 0.863353 2.854953 4.238219
# El  Z   log e(X)   [X/H]    [X/Fe]     [X/O]      X(i)
  p   1  12.000000  0.000000  0.000000  0.000000 7.12407E-01
 he   2  11.015206  0.085206  1.883654  1.538164 2.92994E-01
  c   6   6.874068 -1.595932  0.202515 -0.142974 6.35206E-05
  n   7   7.003102 -0.866898  0.931550  0.586060 9.97045E-05
  o   8   7.277887 -1.452112  0.346335  0.000000 2.14411E-04
  f   9   2.593312 -1.866688 -0.068240 -0.414576 5.26366E-09
 ne  10   6.441781 -1.528219  0.270228 -0.076107 3.94430E-05
 na  11   5.035523 -1.274477  0.523971  0.177635 1.76331E-06
 mg  12   6.130521 -1.509479  0.288969 -0.057367 2.31998E-05
 al  13   4.622716 -1.847284 -0.048836 -0.395172 7.99941E-07
 si  14   5.890786 -1.659214  0.139234 -0.207102 1.54363E-05
  p  15   3.671723 -1.798276  0.000171 -0.346164 1.02799E-07
  s  16   5.681095 -1.478905  0.319543 -0.026793 1.08741E-05
 cl  17   3.431959 -1.798041  0.000407 -0.345929 6.77454E-08
 ar  18   4.985633 -1.454367  0.344081 -0.002254 2.73147E-06
  k  19   3.469044 -1.610956  0.187491 -0.158844 8.13702E-08
 ca  20   4.819192 -1.470808  0.327640 -0.018696 1.86795E-06
 sc  21   1.492723 -1.557277  0.241170 -0.105165 9.88049E-10
 ti  22   3.490460 -1.419539  0.378908  0.032573 1.04656E-07
  v  23   2.407495 -1.552505  0.245942 -0.100393 9.20107E-09
 cr  24   3.994590 -1.645410  0.153038 -0.193298 3.62934E-07
 mn  25   3.156223 -2.323777 -0.525329 -0.871665 5.56371E-08
 fe  26   5.741666 -1.798334  0.000000 -0.346222 2.17730E-05
 co  27   3.071684 -1.798316  0.000018 -0.346204 4.91259E-08
 ni  28   4.401677 -1.798323  0.000011 -0.346211 1.04600E-06
 cu  29   1.978086 -2.271914 -0.473580 -0.819802 4.27013E-09
 zn  30   3.081993 -1.548007  0.250327 -0.095895 5.58340E-08
 ga  31   1.281693 -1.798306  0.000028 -0.346194 9.42622E-10
 ge  32   1.747293 -1.832706 -0.034372 -0.380594 2.86904E-09
 as  33   0.501642 -1.798358 -0.000024 -0.346246 1.68081E-10
 se  34   1.497757 -1.842243 -0.043909 -0.390131 1.75563E-09
 br  35   0.741630 -1.798370 -0.000036 -0.346258 3.11505E-10
 kr  36   1.450110 -1.799890 -0.001555 -0.347777 1.66960E-09
 rb  37   0.561385 -1.798615 -0.000281 -0.346503 2.20017E-10
 sr  38   1.079339 -1.800661 -0.002327 -0.348549 7.43379E-10
  y  39   0.371690 -1.798310  0.000024 -0.346198 1.47873E-10
 zr  40   0.731668 -1.798332  0.000002 -0.346220 3.47571E-10
 nb  41  -0.388347 -1.798347 -0.000013 -0.346234 2.68513E-11
 mo  42   0.020502 -1.919498 -0.121164 -0.467386 7.10836E-11
 tc  43  -5.100744 -9.000000  0.000000  0.000000 5.49223E-16
 ru  44  -0.169297 -1.929297 -0.130963 -0.477185 4.83719E-11
 rh  45  -0.738376 -1.798376 -0.000041 -0.346263 1.32841E-11
 pd  46  -0.207503 -1.857503 -0.059169 -0.405391 4.66432E-11
 ag  47  -0.598392 -1.798392 -0.000057 -0.346279 1.92207E-11
 cd  48  -0.128041 -1.838041 -0.039707 -0.385929 5.91610E-11
 in  49  -1.057404 -1.817404 -0.019069 -0.365291 7.11008E-12
 sn  50   0.209237 -1.860763 -0.062429 -0.408651 1.35829E-10
 sb  51  -1.030902 -2.040902 -0.242568 -0.588790 8.01439E-12
 te  52  -0.085712 -2.265712 -0.467378 -0.813600 7.40297E-11
  i  53  -0.248405 -1.798404 -0.000070 -0.346292 5.06220E-11
 xe  54   0.404593 -1.835407 -0.037073 -0.383295 2.35560E-10
 cs  55  -0.718324 -1.798324  0.000010 -0.346212 1.79674E-11
 ba  56   0.380784 -1.799216 -0.000882 -0.347104 2.33242E-10
 la  57  -0.628732 -1.798732 -0.000398 -0.346619 2.30811E-11
 ce  58  -0.220235 -1.800235 -0.001901 -0.348123 5.96376E-11
 pr  59  -1.038354 -1.798354 -0.000020 -0.346242 9.11694E-12
 nd  60  -0.373335 -1.823335 -0.025001 -0.371223 4.31537E-11
 pm  61   0.000000 -9.000000  0.000000  0.000000 0.00000E+00
 sm  62  -0.988043 -1.928043 -0.129709 -0.475931 1.09234E-11
 eu  63  -1.288410 -1.798410 -0.000076 -0.346298 5.52839E-12
 gd  64  -0.748346 -1.798346 -0.000012 -0.346234 1.98387E-11
 tb  65  -1.478382 -1.798382 -0.000048 -0.346270 3.73317E-12
 dy  66  -0.668975 -1.798975 -0.000641 -0.346863 2.46120E-11
 ho  67  -1.328375 -1.798375 -0.000041 -0.346263 5.47258E-12
 er  68  -0.885944 -1.805944 -0.007610 -0.353832 1.53714E-11
 tm  69  -1.678349 -1.798349 -0.000014 -0.346236 2.50401E-12
 yb  70  -0.939300 -1.859300 -0.060966 -0.407187 1.40642E-11
 lu  71  -1.708372 -1.798372 -0.000038 -0.346260 2.42020E-12
 hf  72  -1.089011 -1.799011 -0.000677 -0.346899 1.02771E-11
 ta  73  -1.918407 -1.798407 -0.000073 -0.346295 1.54317E-12
  w  74  -1.148868 -1.798868 -0.000533 -0.346755 9.22232E-12
 re  75  -1.539164 -1.799164 -0.000829 -0.347051 3.80277E-12
 os  76  -0.448401 -1.798401 -0.000067 -0.346289 4.78790E-11
 ir  77  -0.478402 -1.798402 -0.000068 -0.346290 4.51499E-11
 pt  78  -0.210643 -1.830643 -0.032309 -0.378531 8.48854E-11
 au  79  -0.998317 -1.798317  0.000017 -0.346205 1.39748E-11
 hg  80  -0.659835 -1.829835 -0.031501 -0.377723 3.10272E-11
 tl  81  -1.028342 -1.798342 -0.000008 -0.346230 1.35323E-11
 pb  82   0.241661 -1.798339 -0.000005 -0.346227 2.55458E-10
 bi  83  -1.148329 -1.798329  0.000005 -0.346217 1.04965E-11
 po  84  -6.624935 -9.000000  0.000000  0.000000 3.50332E-17
#[ls/Fe]_Thiswork =  -0.0008, [hs/Fe]_Thiswork =  -0.0011
#[hs/ls]_Thiswork =  -0.0003, [Pb/hs]_Thiswork =   0.0011
# Elemental abundance ratios: 
# He/H =  1.0356E-01, C/O =  3.9462E-01, N/O = 5.31147E-01
#
#  TP   Mass     Mcore    Menv    log L
#  5 3.710974 0.864062 2.846912 4.257707
# El  Z   log e(X)   [X/H]    [X/Fe]     [X/O]      X(i)
  p   1  12.000000  0.000000  0.000000  0.000000 7.12118E-01
 he   2  11.015683  0.085683  1.884017  1.537795 2.93197E-01
  c   6   7.237398 -1.232603  0.565732  0.219510 1.46578E-04
  n   7   7.003264 -0.866736  0.931598  0.585376 9.97011E-05
  o   8   7.280841 -1.449159  0.349175  0.000000 2.15787E-04
  f   9   2.634515 -1.825485 -0.027151 -0.376327 5.78515E-09
 ne  10   6.443741 -1.526259  0.272075 -0.077100 3.96053E-05
 na  11   5.035823 -1.274177  0.524158  0.174982 1.76382E-06
 mg  12   6.130558 -1.509442  0.288892 -0.060284 2.31923E-05
 al  13   4.623393 -1.846607 -0.048273 -0.397448 8.00864E-07
 si  14   5.891653 -1.658347  0.139987 -0.209188 1.54609E-05
  p  15   3.672956 -1.797043  0.001291 -0.347885 1.03049E-07
  s  16   5.681264 -1.478736  0.319598 -0.029577 1.08739E-05
 cl  17   3.433198 -1.796802  0.001532 -0.347643 6.79113E-08
 ar  18   4.985781 -1.454219  0.344115 -0.005061 2.73129E-06
  k  19   3.469279 -1.610721  0.187613 -0.161562 8.13813E-08
 ca  20   4.819336 -1.470664  0.327670 -0.021505 1.86781E-06
 sc  21   1.493313 -1.556687  0.241647 -0.107528 9.88990E-10
 ti  22   3.490664 -1.419335  0.378999  0.029823 1.04663E-07
  v  23   2.407576 -1.552424  0.245910 -0.103266 9.19906E-09
 cr  24   3.994766 -1.645234  0.153100 -0.196075 3.62933E-07
 mn  25   3.156870 -2.323130 -0.524796 -0.873971 5.56973E-08
 fe  26   5.741832 -1.798168  0.000000 -0.349009 2.17725E-05
 co  27   3.073888 -1.796112  0.002056 -0.346953 4.93557E-08
 ni  28   4.401886 -1.798113  0.000054 -0.348955 1.04608E-06
 cu  29   1.983036 -2.266964 -0.468796 -0.817805 4.31733E-09
 zn  30   3.082142 -1.547858  0.250309 -0.098700 5.58304E-08
 ga  31   1.282446 -1.797554  0.000614 -0.348395 9.43871E-10
 ge  32   1.747818 -1.832182 -0.034014 -0.383023 2.87134E-09
 as  33   0.501871 -1.798129  0.000039 -0.348970 1.68101E-10
 se  34   1.498204 -1.841796 -0.043628 -0.392637 1.75672E-09
 br  35   0.741774 -1.798226 -0.000059 -0.349068 3.11483E-10
 kr  36   1.453160 -1.796840  0.001328 -0.347681 1.68068E-09
 rb  37   0.563628 -1.796372  0.001796 -0.347213 2.21067E-10
 sr  38   1.081151 -1.798849 -0.000681 -0.349690 7.46182E-10
  y  39   0.374216 -1.795784  0.002384 -0.346625 1.48675E-10
 zr  40   0.734562 -1.795438  0.002730 -0.346279 3.49753E-10
 nb  41  -0.385647 -1.795647  0.002521 -0.346488 2.70077E-11
 mo  42   0.023324 -1.916676 -0.118508 -0.467517 7.15179E-11
 tc  43  -3.519986 -9.000000  0.000000  0.000000 2.09089E-14
 ru  44  -0.167480 -1.927480 -0.129313 -0.478322 4.85549E-11
 rh  45  -0.737771 -1.797771  0.000397 -0.348612 1.32972E-11
 pd  46  -0.205153 -1.855152 -0.056985 -0.405994 4.68773E-11
 ag  47  -0.597845 -1.797845  0.000323 -0.348686 1.92371E-11
 cd  48  -0.124911 -1.834911 -0.036744 -0.385753 5.95647E-11
 in  49  -1.055371 -1.815371 -0.017204 -0.366213 7.14052E-12
 sn  50   0.213985 -1.856014 -0.057847 -0.406856 1.37266E-10
 sb  51  -1.028316 -2.038316 -0.240149 -0.589158 8.05896E-12
 te  52  -0.081898 -2.261898 -0.463730 -0.812739 7.46524E-11
  i  53  -0.248031 -1.798031  0.000137 -0.348872 5.06450E-11
 xe  54   0.406281 -1.833719 -0.035551 -0.384560 2.36382E-10
 cs  55  -0.712996 -1.792997  0.005171 -0.343838 1.81818E-11
 ba  56   0.403717 -1.776283  0.021885 -0.327124 2.45790E-10
 la  57  -0.601319 -1.771319  0.026848 -0.322161 2.45750E-11
 ce  58  -0.180143 -1.760143  0.038024 -0.310985 6.53786E-11
 pr  59  -1.013030 -1.773030  0.025138 -0.323871 9.66043E-12
 nd  60  -0.336548 -1.786548  0.011620 -0.337389 4.69492E-11
 pm  61   0.000000 -9.000000  0.000000  0.000000 0.00000E+00
 sm  62  -0.962829 -1.902829 -0.104661 -0.453670 1.15716E-11
 eu  63  -1.284333 -1.794333  0.003834 -0.345175 5.57826E-12
 gd  64  -0.738409 -1.788409  0.009759 -0.339250 2.02896E-11
 tb  65  -1.472938 -1.792938  0.005230 -0.343779 3.77873E-12
 dy  66  -0.657393 -1.787393  0.010774 -0.338235 2.52669E-11
 ho  67  -1.323236 -1.793236  0.004931 -0.344078 5.53547E-12
 er  68  -0.871983 -1.791983  0.006185 -0.342824 1.58671E-11
 tm  69  -1.668292 -1.788292  0.009876 -0.339133 2.56163E-12
 yb  70  -0.903357 -1.823357 -0.025189 -0.374198 1.52715E-11
 lu  71  -1.683686 -1.773686  0.024481 -0.324528 2.56071E-12
 hf  72  -1.038385 -1.748385  0.049782 -0.299227 1.15430E-11
 ta  73  -1.878862 -1.758862  0.039305 -0.309704 1.68959E-12
  w  74  -1.096992 -1.746992  0.051175 -0.297834 1.03882E-11
 re  75  -1.522798 -1.782798  0.015370 -0.333639 3.94720E-12
 os  76  -0.437132 -1.787132  0.011036 -0.337973 4.91177E-11
 ir  77  -0.476715 -1.796715  0.001453 -0.347556 4.53073E-11
 pt  78  -0.204881 -1.824881 -0.026713 -0.375722 8.59842E-11
 au  79  -0.992583 -1.792583  0.005584 -0.343425 1.41547E-11
 hg  80  -0.604265 -1.774265  0.023903 -0.325107 3.52480E-11
 tl  81  -0.946733 -1.716733  0.081434 -0.267575 1.63231E-11
 pb  82   0.563849 -1.476151  0.322017 -0.026992 5.36204E-10
 bi  83  -0.971067 -1.621067  0.177100 -0.171909 1.57808E-11
 po  84   0.034802 -9.000000  0.000000  0.000000 1.59971E-10
#[ls/Fe]_Thiswork =   0.0015, [hs/Fe]_Thiswork =   0.0289
#[hs/ls]_Thiswork =   0.0274, [Pb/hs]_Thiswork =   0.2931
# Elemental abundance ratios: 
# He/H =  1.0368E-01, C/O =  9.0478E-01, N/O = 5.27744E-01
#
#  TP   Mass     Mcore    Menv    log L
#  6 3.701312 0.864582 2.836730 4.276518
# El  Z   log e(X)   [X/H]    [X/Fe]     [X/O]      X(i)
  p   1  12.000000  0.000000  0.000000  0.000000 7.11716E-01
 he   2  11.016317  0.086317  1.884485  1.535476 2.93460E-01
  c   6   7.518824 -0.951176  0.846992  0.497983 2.80059E-04
  n   7   7.003532 -0.866468  0.931700  0.582691 9.97064E-05
  o   8   7.286731 -1.443268  0.354899  0.000000 2.18610E-04
  f   9   2.770457 -1.689543  0.108625 -0.246274 7.90700E-09
 ne  10   6.447437 -1.522563  0.275605 -0.079295 3.99213E-05
 na  11   5.036282 -1.273718  0.524450  0.169550 1.76468E-06
 mg  12   6.130648 -1.509352  0.288816 -0.066083 2.31841E-05
 al  13   4.624030 -1.845970 -0.047802 -0.402702 8.01585E-07
 si  14   5.892871 -1.657129  0.141039 -0.213861 1.54956E-05
  p  15   3.676290 -1.793710  0.004457 -0.350442 1.03784E-07
  s  16   5.681490 -1.478510  0.319658 -0.035242 1.08734E-05
 cl  17   3.435260 -1.794740  0.003428 -0.351472 6.81960E-08
 ar  18   4.985966 -1.454034  0.344133 -0.010766 2.73091E-06
  k  19   3.469707 -1.610292  0.187875 -0.167024 8.14157E-08
 ca  20   4.819505 -1.470495  0.327672 -0.027227 1.86748E-06
 sc  21   1.494716 -1.555284  0.242883 -0.112016 9.91628E-10
 ti  22   3.490948 -1.419052  0.379116  0.024216 1.04672E-07
  v  23   2.407704 -1.552296  0.245872 -0.109027 9.19659E-09
 cr  24   3.994998 -1.645002  0.153166 -0.201734 3.62922E-07
 mn  25   3.157396 -2.322604 -0.524436 -0.879335 5.57334E-08
 fe  26   5.742041 -1.797959  0.000000 -0.354691 2.17707E-05
 co  27   3.080541 -1.789459  0.008500 -0.346191 5.00893E-08
 ni  28   4.402416 -1.797584  0.000375 -0.354316 1.04676E-06
 cu  29   2.005605 -2.244395 -0.446436 -0.801127 4.54505E-09
 zn  30   3.082525 -1.547475  0.250484 -0.104207 5.58482E-08
 ga  31   1.284539 -1.795461  0.002498 -0.352192 9.47896E-10
 ge  32   1.749389 -1.830611 -0.032652 -0.387343 2.88012E-09
 as  33   0.502587 -1.797413  0.000546 -0.354144 1.68284E-10
 se  34   1.499532 -1.840468 -0.042509 -0.397200 1.76110E-09
 br  35   0.742125 -1.797875  0.000083 -0.354607 3.11558E-10
 kr  36   1.457968 -1.792032  0.005927 -0.348764 1.69843E-09
 rb  37   0.567907 -1.792093  0.005866 -0.348824 2.23129E-10
 sr  38   1.084335 -1.795665  0.002294 -0.352396 7.51250E-10
  y  39   0.378660 -1.791340  0.006619 -0.348072 1.50120E-10
 zr  40   0.739461 -1.790539  0.007420 -0.347271 3.53522E-10
 nb  41  -0.381014 -1.791014  0.006945 -0.347746 2.72820E-11
 mo  42   0.028168 -1.911832 -0.113873 -0.468564 7.22792E-11
 tc  43  -3.126036 -9.000000  0.000000  0.000000 5.17650E-14
 ru  44  -0.164927 -1.924927 -0.126968 -0.481658 4.88137E-11
 rh  45  -0.736960 -1.796960  0.000998 -0.353692 1.33146E-11
 pd  46  -0.201970 -1.851970 -0.054011 -0.408702 4.71954E-11
 ag  47  -0.597111 -1.797111  0.000848 -0.353842 1.92587E-11
 cd  48  -0.120545 -1.830545 -0.032587 -0.387277 6.01325E-11
 in  49  -1.052526 -1.812526 -0.014568 -0.369258 7.18339E-12
 sn  50   0.220875 -1.849125 -0.051166 -0.405857 1.39382E-10
 sb  51  -1.024457 -2.034457 -0.236498 -0.591189 8.12631E-12
 te  52  -0.076184 -2.256184 -0.458225 -0.812916 7.55983E-11
  i  53  -0.247485 -1.797485  0.000474 -0.354217 5.06800E-11
 xe  54   0.408822 -1.831178 -0.033219 -0.387910 2.37635E-10
 cs  55  -0.705394 -1.785394  0.012565 -0.342126 1.84924E-11
 ba  56   0.429732 -1.750268  0.047691 -0.306999 2.60816E-10
 la  57  -0.571471 -1.741471  0.056488 -0.298203 2.63085E-11
 ce  58  -0.139008 -1.719008  0.078951 -0.275739 7.18334E-11
 pr  59  -0.986373 -1.746373  0.051586 -0.303105 1.02662E-11
 nd  60  -0.301418 -1.751418  0.046540 -0.308150 5.08761E-11
 pm  61   0.000000 -9.000000  0.000000  0.000000 0.00000E+00
 sm  62  -0.937538 -1.877538 -0.079579 -0.434270 1.22586E-11
 eu  63  -1.279895 -1.789895  0.008064 -0.346627 5.63237E-12
 gd  64  -0.727631 -1.777631  0.020328 -0.334362 2.07877E-11
 tb  65  -1.467040 -1.787040  0.010919 -0.343772 3.82823E-12
 dy  66  -0.645252 -1.775252  0.022707 -0.331984 2.59685E-11
 ho  67  -1.317842 -1.787842  0.010117 -0.344573 5.60149E-12
 er  68  -0.857571 -1.777571  0.020388 -0.334302 1.63933E-11
 tm  69  -1.658237 -1.778237  0.019722 -0.334968 2.62015E-12
 yb  70  -0.869025 -1.789025  0.008934 -0.345757 1.65184E-11
 lu  71  -1.659873 -1.749873  0.048086 -0.306605 2.70352E-12
 hf  72  -0.991625 -1.701625  0.096334 -0.258357 1.28480E-11
 ta  73  -1.842869 -1.722869  0.075090 -0.279601 1.83456E-12
  w  74  -1.049229 -1.699229  0.098730 -0.255960 1.15893E-11
 re  75  -1.506322 -1.766322  0.031637 -0.323054 4.09751E-12
 os  76  -0.425743 -1.775743  0.022216 -0.332475 5.03944E-11
 ir  77  -0.474986 -1.794986  0.002973 -0.351718 4.54624E-11
 pt  78  -0.198941 -1.818941 -0.020982 -0.375673 8.71190E-11
 au  79  -0.986651 -1.786651  0.011307 -0.343383 1.43413E-11
 hg  80  -0.553776 -1.723776  0.074183 -0.280507 3.95712E-11
 tl  81  -0.870138 -1.640138  0.157821 -0.196870 1.94605E-11
 pb  82   0.928797 -1.111203  0.686756  0.332065 1.24175E-09
 bi  83  -0.636485 -1.286485  0.511474  0.156783 3.40774E-11
 po  84   0.590846 -9.000000  0.000000  0.000000 5.75226E-10
#[ls/Fe]_Thiswork =   0.0054, [hs/Fe]_Thiswork =   0.0610
#[hs/ls]_Thiswork =   0.0556, [Pb/hs]_Thiswork =   0.6257
# Elemental abundance ratios: 
# He/H =  1.0383E-01, C/O =  1.7064E+00, N/O = 5.20956E-01
#
#  TP   Mass     Mcore    Menv    log L
#  7 3.688639 0.864976 2.823664 4.294073
# El  Z   log e(X)   [X/H]    [X/Fe]     [X/O]      X(i)
  p   1  12.000000  0.000000  0.000000  0.000000 7.11222E-01
 he   2  11.017078  0.087078  1.885037  1.530346 2.93771E-01
  c   6   7.729257 -0.740743  1.057216  0.702525 4.54340E-04
  n   7   7.003790 -0.866210  0.931749  0.577058 9.96965E-05
  o   8   7.294768 -1.435231  0.362728  0.000000 2.22539E-04
  f   9   2.909237 -1.550763  0.247196 -0.115532 1.08765E-08
 ne  10   6.453189 -1.516810  0.281148 -0.081579 4.04255E-05
 na  11   5.036796 -1.273204  0.524755  0.162027 1.76555E-06
 mg  12   6.130820 -1.509180  0.288779 -0.073948 2.31772E-05
 al  13   4.624707 -1.845293 -0.047334 -0.410061 8.02280E-07
 si  14   5.894321 -1.655679  0.142280 -0.220448 1.55366E-05
  p  15   3.680309 -1.789690  0.008268 -0.354459 1.04677E-07
  s  16   5.681769 -1.478231  0.319728 -0.043000 1.08729E-05
 cl  17   3.437607 -1.792393  0.005566 -0.357162 6.85179E-08
 ar  18   4.986197 -1.453803  0.344156 -0.018571 2.73047E-06
  k  19   3.470241 -1.609759  0.188200 -0.174528 8.14591E-08
 ca  20   4.819720 -1.470280  0.327679 -0.035049 1.86711E-06
 sc  21   1.496332 -1.553668  0.244291 -0.118437 9.94637E-10
 ti  22   3.491304 -1.418695  0.379263  0.016536 1.04685E-07
  v  23   2.407867 -1.552133  0.245826 -0.116901 9.19365E-09
 cr  24   3.995283 -1.644717  0.153242 -0.209486 3.62909E-07
 mn  25   3.158322 -2.321678 -0.523719 -0.886446 5.58136E-08
 fe  26   5.742297 -1.797703  0.000000 -0.362472 2.17684E-05
 co  27   3.087324 -1.782676  0.015028 -0.347445 5.08425E-08
 ni  28   4.403113 -1.796887  0.000816 -0.361656 1.04772E-06
 cu  29   2.032358 -2.217642 -0.419939 -0.782411 4.83049E-09
 zn  30   3.083337 -1.546663  0.251040 -0.111432 5.59138E-08
 ga  31   1.287622 -1.792377  0.005326 -0.357146 9.53989E-10
 ge  32   1.751609 -1.828391 -0.030688 -0.393160 2.89287E-09
 as  33   0.503576 -1.796424  0.001280 -0.361192 1.68551E-10
 se  34   1.501398 -1.838602 -0.040899 -0.403371 1.76746E-09
 br  35   0.742636 -1.797364  0.000339 -0.362133 3.11709E-10
 kr  36   1.464748 -1.785252  0.012452 -0.350020 1.72396E-09
 rb  37   0.573468 -1.786532  0.011172 -0.351300 2.25848E-10
 sr  38   1.088597 -1.791403  0.006300 -0.356172 7.58133E-10
  y  39   0.384390 -1.785610  0.012093 -0.350379 1.52008E-10
 zr  40   0.745813 -1.784187  0.013517 -0.348955 3.58482E-10
 nb  41  -0.375109 -1.785109  0.012595 -0.349877 2.76363E-11
 mo  42   0.034370 -1.905630 -0.107926 -0.470398 7.32681E-11
 tc  43  -2.877218 -9.000000  0.000000  0.000000 9.17388E-14
 ru  44  -0.161081 -1.921081 -0.123378 -0.485850 4.92137E-11
 rh  45  -0.735668 -1.795668  0.002035 -0.360437 1.33450E-11
 pd  46  -0.196839 -1.846839 -0.049136 -0.411608 4.77231E-11
 ag  47  -0.595968 -1.795968  0.001735 -0.360737 1.92961E-11
 cd  48  -0.114370 -1.824370 -0.026667 -0.389139 6.09514E-11
 in  49  -1.048678 -1.808678 -0.010975 -0.373447 7.24229E-12
 sn  50   0.229919 -1.840080 -0.042377 -0.404849 1.42217E-10
 sb  51  -1.019372 -2.029372 -0.231669 -0.594141 8.21632E-12
 te  52  -0.068583 -2.248583 -0.450879 -0.813351 7.68800E-11
  i  53  -0.246749 -1.796749  0.000954 -0.361518 5.07308E-11
 xe  54   0.412310 -1.827690 -0.029987 -0.392459 2.39385E-10
 cs  55  -0.694910 -1.774910  0.022793 -0.339679 1.89311E-11
 ba  56   0.467846 -1.712154  0.085549 -0.276923 2.84542E-10
 la  57  -0.527189 -1.697189  0.100514 -0.261958 2.91123E-11
 ce  58  -0.077484 -1.657484  0.140219 -0.222253 8.27082E-11
 pr  59  -0.944073 -1.704073  0.093631 -0.268842 1.13086E-11
 nd  60  -0.245767 -1.695767  0.101937 -0.260535 5.77914E-11
 pm  61   0.000000 -9.000000  0.000000  0.000000 0.00000E+00
 sm  62  -0.896516 -1.836516 -0.038813 -0.401285 1.34636E-11
 eu  63  -1.272281 -1.782281  0.015423 -0.347049 5.72802E-12
 gd  64  -0.709617 -1.759617  0.038087 -0.324385 2.16530E-11
 tb  65  -1.457090 -1.777090  0.020613 -0.341859 3.91423E-12
 dy  66  -0.624795 -1.754795  0.042908 -0.319564 2.72021E-11
 ho  67  -1.308409 -1.778409  0.019295 -0.343178 5.72052E-12
 er  68  -0.832593 -1.752593  0.045110 -0.317362 1.73517E-11
 tm  69  -1.640672 -1.760672  0.037032 -0.325441 2.72641E-12
 yb  70  -0.812471 -1.732471  0.065232 -0.297240 1.88027E-11
 lu  71  -1.620028 -1.710029  0.087675 -0.274797 2.96123E-12
 hf  72  -0.918890 -1.628890  0.168813 -0.193659 1.51799E-11
 ta  73  -1.785435 -1.665435  0.132269 -0.230204 2.09249E-12
  w  74  -0.974186 -1.624186  0.173517 -0.188955 1.37657E-11
 re  75  -1.478854 -1.738854  0.058849 -0.303623 4.36201E-12
 os  76  -0.406735 -1.756735  0.040968 -0.321504 5.26124E-11
 ir  77  -0.472075 -1.792076  0.005628 -0.356844 4.57363E-11
 pt  78  -0.188776 -1.808776 -0.011073 -0.373545 8.91204E-11
 au  79  -0.976333 -1.776333  0.021371 -0.341101 1.46759E-11
 hg  80  -0.474523 -1.644523  0.153181 -0.209291 4.74604E-11
 tl  81  -0.768609 -1.538609  0.259094 -0.103378 2.45686E-11
 pb  82   1.160836 -0.879164  0.918540  0.556067 2.11724E-09
 bi  83  -0.421281 -1.071281  0.726422  0.363950 5.58944E-11
 po  84   0.838531 -9.000000  0.000000  0.000000 1.01677E-09
#[ls/Fe]_Thiswork =   0.0106, [hs/Fe]_Thiswork =   0.1088
#[hs/ls]_Thiswork =   0.0981, [Pb/hs]_Thiswork =   0.8098
# Elemental abundance ratios: 
# He/H =  1.0401E-01, C/O =  2.7194E+00, N/O = 5.11707E-01
#
#  TP   Mass     Mcore    Menv    log L
#  8 3.672297 0.865312 2.806985 4.309843
# El  Z   log e(X)   [X/H]    [X/Fe]     [X/O]      X(i)
  p   1  12.000000  0.000000  0.000000  0.000000 7.10641E-01
 he   2  11.017980  0.087979  1.885683  1.523211 2.94141E-01
  c   6   7.888125 -0.581875  1.215828  0.853356 6.54477E-04
  n   7   7.004472 -0.865528  0.932175  0.569703 9.97716E-05
  o   8   7.304778 -1.425221  0.372482  0.000000 2.27542E-04
  f   9   3.124808 -1.335192  0.462512  0.090030 1.78528E-08
 ne  10   6.466356 -1.503644  0.294060 -0.078422 4.16358E-05
 na  11   5.038003 -1.271997  0.525706  0.153224 1.76902E-06
 mg  12   6.131280 -1.508719  0.288984 -0.083498 2.31828E-05
 al  13   4.625497 -1.844502 -0.046799 -0.419281 8.03085E-07
 si  14   5.895938 -1.654062  0.143641 -0.228840 1.55818E-05
  p  15   3.686148 -1.783852  0.013851 -0.358631 1.06007E-07
  s  16   5.682091 -1.477909  0.319794 -0.052688 1.08721E-05
 cl  17   3.440337 -1.789663  0.008040 -0.364441 6.88938E-08
 ar  18   4.986457 -1.453543  0.344161 -0.028321 2.72987E-06
  k  19   3.470921 -1.609079  0.188624 -0.183858 8.15202E-08
 ca  20   4.819954 -1.470046  0.327658 -0.044824 1.86660E-06
 sc  21   1.498842 -1.551158  0.246546 -0.125936 9.99585E-10
 ti  22   3.491732 -1.418268  0.379435  0.006953 1.04703E-07
  v  23   2.408067 -1.551933  0.245770 -0.126712 9.19036E-09
 cr  24   3.995610 -1.644390  0.153314 -0.219168 3.62886E-07
 mn  25   3.159089 -2.320911 -0.523208 -0.895689 5.58665E-08
 fe  26   5.742584 -1.797416  0.000000 -0.372194 2.17650E-05
 co  27   3.097104 -1.772896  0.024520 -0.347674 5.19580E-08
 ni  28   4.404022 -1.795978  0.001438 -0.370757 1.04905E-06
 cu  29   2.072694 -2.177306 -0.379890 -0.752085 5.29630E-09
 zn  30   3.084749 -1.545251  0.252165 -0.120029 5.60501E-08
 ga  31   1.296054 -1.783946  0.013470 -0.358725 9.71896E-10
 ge  32   1.757842 -1.822158 -0.024742 -0.396936 2.93230E-09
 as  33   0.506436 -1.793564  0.003852 -0.368342 1.69526E-10
 se  34   1.507514 -1.832486 -0.035070 -0.407264 1.79106E-09
 br  35   0.744456 -1.795544  0.001872 -0.370322 3.12763E-10
 kr  36   1.477097 -1.772903  0.024512 -0.347682 1.77223E-09
 rb  37   0.588757 -1.771243  0.026172 -0.346022 2.33749E-10
 sr  38   1.101915 -1.778085  0.019331 -0.352863 7.81103E-10
  y  39   0.400887 -1.769113  0.028303 -0.343891 1.57764E-10
 zr  40   0.760082 -1.769918  0.027498 -0.344696 3.70153E-10
 nb  41  -0.361856 -1.771856  0.025559 -0.346635 2.84694E-11
 mo  42   0.046738 -1.893262 -0.095847 -0.468041 7.53230E-11
 tc  43  -2.612648 -9.000000  0.000000  0.000000 1.68565E-13
 ru  44  -0.155591 -1.915591 -0.118175 -0.490370 4.97991E-11
 rh  45  -0.734070 -1.794070  0.003346 -0.368848 1.33832E-11
 pd  46  -0.191068 -1.841068 -0.043652 -0.415846 4.83221E-11
 ag  47  -0.594646 -1.794647  0.002769 -0.369425 1.93391E-11
 cd  48  -0.106105 -1.816105 -0.018689 -0.390883 6.20717E-11
 in  49  -1.043031 -1.803031 -0.005615 -0.377809 7.33110E-12
 sn  50   0.243365 -1.826635 -0.029219 -0.401413 1.46569E-10
 sb  51  -1.011889 -2.021889 -0.224474 -0.596668 8.35229E-12
 te  52  -0.057743 -2.237743 -0.440327 -0.812522 7.87586E-11
  i  53  -0.245701 -1.795701  0.001715 -0.370479 5.08118E-11
 xe  54   0.417594 -1.822406 -0.024990 -0.397185 2.42117E-10
 cs  55  -0.679743 -1.759743  0.037673 -0.334521 1.95879E-11
 ba  56   0.519256 -1.660744  0.136671 -0.235523 3.20038E-10
 la  57  -0.468297 -1.638297  0.159119 -0.213076 3.33130E-11
 ce  58   0.004024 -1.575976  0.221439 -0.150755 9.97013E-11
 pr  59  -0.886631 -1.646631  0.150785 -0.221410 1.28972E-11
 nd  60  -0.177356 -1.627356  0.170060 -0.202134 6.75958E-11
 pm  61   0.000000 -9.000000  0.000000  0.000000 3.86092E-36
 sm  62  -0.842233 -1.782233  0.015183 -0.357011 1.52437E-11
 eu  63  -1.261167 -1.771167  0.026249 -0.345945 5.87171E-12
 gd  64  -0.683474 -1.733474  0.063942 -0.308252 2.29777E-11
 tb  65  -1.442098 -1.762098  0.035318 -0.336876 4.04841E-12
 dy  66  -0.594933 -1.724933  0.072483 -0.299711 2.91146E-11
 ho  67  -1.294339 -1.764339  0.033077 -0.339118 5.90405E-12
 er  68  -0.797806 -1.717806  0.079610 -0.292584 1.87834E-11
 tm  69  -1.615240 -1.735240  0.062176 -0.310019 2.88847E-12
 yb  70  -0.739942 -1.659942  0.137474 -0.234720 2.22022E-11
 lu  71  -1.565393 -1.655393  0.142022 -0.230172 3.35547E-12
 hf  72  -0.827423 -1.537423  0.259993 -0.112202 1.87232E-11
 ta  73  -1.710042 -1.590042  0.207374 -0.164821 2.48715E-12
  w  74  -0.881637 -1.531637  0.265779 -0.106415 1.70213E-11
 re  75  -1.439579 -1.699579  0.097837 -0.274358 4.77097E-12
 os  76  -0.378181 -1.728181  0.069234 -0.302960 5.61419E-11
 ir  77  -0.467477 -1.787477  0.009939 -0.362255 4.61855E-11
 pt  78  -0.173739 -1.793739  0.003676 -0.368518 9.21847E-11
 au  79  -0.961504 -1.761504  0.035912 -0.336282 1.51733E-11
 hg  80  -0.385002 -1.555002  0.242414 -0.129781 5.82770E-11
 tl  81  -0.644165 -1.414165  0.383251  0.011056 3.26941E-11
 pb  82   1.343662 -0.696338  1.101078  0.728884 3.22286E-09
 bi  83  -0.228452 -0.878452  0.918964  0.546770 8.70649E-11
 po  84   1.036683 -9.000000  0.000000  0.000000 1.60332E-09
#[ls/Fe]_Thiswork =   0.0250, [hs/Fe]_Thiswork =   0.1724
#[hs/ls]_Thiswork =   0.1474, [Pb/hs]_Thiswork =   0.9287
# Elemental abundance ratios: 
# He/H =  1.0423E-01, C/O =  3.8311E+00, N/O = 5.00834E-01
#
#  TP   Mass     Mcore    Menv    log L
#  9 3.652169 0.865616 2.786553 4.323553
# El  Z   log e(X)   [X/H]    [X/Fe]     [X/O]      X(i)
  p   1  12.000000  0.000000  0.000000  0.000000 7.09997E-01
 he   2  11.018991  0.088990  1.886406  1.514212 2.94559E-01
  c   6   8.011764 -0.458237  1.339179  0.966985 8.69238E-04
  n   7   7.005583 -0.864417  0.932999  0.560805 9.99365E-05
  o   8   7.315118 -1.414882  0.382534  0.000000 2.32812E-04
  f   9   3.310799 -1.149201  0.648214  0.265680 2.73717E-08
 ne  10   6.482101 -1.487899  0.309517 -0.073017 4.31338E-05
 na  11   5.039747 -1.270253  0.527163  0.144629 1.77452E-06
 mg  12   6.132163 -1.507837  0.289579 -0.092955 2.32089E-05
 al  13   4.626556 -1.843444 -0.046028 -0.428562 8.04314E-07
 si  14   5.897625 -1.652375  0.145041 -0.237494 1.56283E-05
  p  15   3.693161 -1.776839  0.020577 -0.361957 1.07635E-07
  s  16   5.682448 -1.477552  0.319864 -0.062670 1.08711E-05
 cl  17   3.443211 -1.786789  0.010626 -0.371908 6.92882E-08
 ar  18   4.986743 -1.453257  0.344159 -0.038375 2.72919E-06
  k  19   3.471685 -1.608315  0.189101 -0.193433 8.15898E-08
 ca  20   4.820212 -1.469788  0.327628 -0.054906 1.86601E-06
 sc  21   1.501720 -1.548280  0.249136 -0.133398 1.00532E-09
 ti  22   3.492210 -1.417789  0.379626 -0.002908 1.04723E-07
  v  23   2.408293 -1.551707  0.245708 -0.136826 9.18680E-09
 cr  24   3.995973 -1.644027  0.153389 -0.229146 3.62860E-07
 mn  25   3.159933 -2.320067 -0.522651 -0.905185 5.59244E-08
 fe  26   5.742900 -1.797100  0.000000 -0.382218 2.17611E-05
 co  27   3.107977 -1.762023  0.035077 -0.347141 5.32269E-08
 ni  28   4.405069 -1.794931  0.002169 -0.380049 1.05063E-06
 cu  29   2.115371 -2.134629 -0.337530 -0.719748 5.83787E-09
 zn  30   3.086567 -1.543433  0.253666 -0.128551 5.62341E-08
 ga  31   1.307163 -1.772837  0.024263 -0.357955 9.96173E-10
 ge  32   1.766342 -1.813658 -0.016558 -0.398776 2.98754E-09
 as  33   0.510434 -1.789566  0.007534 -0.374684 1.70938E-10
 se  34   1.515290 -1.824710 -0.027610 -0.409828 1.82177E-09
 br  35   0.746630 -1.793370  0.003729 -0.378489 3.14047E-10
 kr  36   1.491394 -1.758606  0.038494 -0.343724 1.82988E-09
 rb  37   0.604894 -1.755106  0.041993 -0.340225 2.42378E-10
 sr  38   1.112907 -1.767093  0.030007 -0.352211 8.00399E-10
  y  39   0.414780 -1.755220  0.041879 -0.340339 1.62744E-10
 zr  40   0.774194 -1.755806  0.041293 -0.340925 3.82031E-10
 nb  41  -0.348353 -1.758353  0.038746 -0.343472 2.93417E-11
 mo  42   0.061110 -1.878891 -0.081791 -0.464009 7.77866E-11
 tc  43  -2.421564 -9.000000  0.000000  0.000000 2.61492E-13
 ru  44  -0.148789 -1.908789 -0.111690 -0.493908 5.05392E-11
 rh  45  -0.732074 -1.792074  0.005026 -0.377192 1.34327E-11
 pd  46  -0.183902 -1.833902 -0.036802 -0.419020 4.90815E-11
 ag  47  -0.592986 -1.792986  0.004113 -0.378104 1.93956E-11
 cd  48  -0.095821 -1.805821 -0.008722 -0.390940 6.35014E-11
 in  49  -1.035995 -1.795995  0.001105 -0.381113 7.44408E-12
 sn  50   0.259645 -1.810355 -0.013256 -0.395474 1.52030E-10
 sb  51  -1.002529 -2.012529 -0.215430 -0.597647 8.52651E-12
 te  52  -0.044013 -2.224013 -0.426913 -0.809131 8.12145E-11
  i  53  -0.244328 -1.794328  0.002771 -0.379447 5.09263E-11
 xe  54   0.424716 -1.815284 -0.018184 -0.400402 2.45897E-10
 cs  55  -0.659794 -1.739794  0.057306 -0.324912 2.04901E-11
 ba  56   0.583426 -1.596575  0.200525 -0.181693 3.70662E-10
 la  57  -0.395613 -1.565613  0.231487 -0.150731 3.93463E-11
 ce  58   0.101125 -1.478875  0.318224 -0.063994 1.24569E-10
 pr  59  -0.814285 -1.574285  0.222814 -0.159404 1.52211E-11
 nd  60  -0.093931 -1.543931  0.253168 -0.129050 8.18371E-11
 pm  61   0.000000 -9.000000  0.000000  0.000000 1.88526E-34
 sm  62  -0.773807 -1.713807  0.083293 -0.298925 1.78288E-11
 eu  63  -1.245411 -1.755411  0.041689 -0.340529 6.08310E-12
 gd  64  -0.647852 -1.697852  0.099248 -0.282970 2.49192E-11
 tb  65  -1.421038 -1.741038  0.056062 -0.326156 4.24571E-12
 dy  66  -0.554466 -1.684466  0.112633 -0.269585 3.19288E-11
 ho  67  -1.274364 -1.744365  0.052735 -0.329483 6.17633E-12
 er  68  -0.750828 -1.670828  0.126272 -0.255946 2.09102E-11
 tm  69  -1.579955 -1.699955  0.097144 -0.285073 3.13010E-12
 yb  70  -0.651291 -1.571291  0.225809 -0.156409 2.72052E-11
 lu  71  -1.495851 -1.585851  0.211249 -0.170969 3.93461E-12
 hf  72  -0.720482 -1.430482  0.366618 -0.015600 2.39292E-11
 ta  73  -1.617638 -1.497638  0.299462 -0.082756 3.07405E-12
  w  74  -0.774309 -1.424309  0.372790 -0.009427 2.17734E-11
 re  75  -1.387234 -1.647234  0.149866 -0.232352 5.37722E-12
 os  76  -0.339717 -1.689717  0.107383 -0.274835 6.12855E-11
 ir  77  -0.460803 -1.780803  0.016297 -0.365921 4.68581E-11
 pt  78  -0.152651 -1.772651  0.024449 -0.357769 9.66836E-11
 au  79  -0.940642 -1.740642  0.056457 -0.325761 1.59055E-11
 hg  80  -0.280899 -1.450899  0.346201 -0.036017 7.39956E-11
 tl  81  -0.509377 -1.279377  0.517722  0.135504 4.45516E-11
 pb  82   1.487431 -0.552569  1.244530  0.862312 4.48348E-09
 bi  83  -0.077214 -0.727214  1.069885  0.687667 1.23221E-10
 po  84   1.170846 -9.000000  0.000000  0.000000 2.18167E-09
#[ls/Fe]_Thiswork =   0.0377, [hs/Fe]_Thiswork =   0.2501
#[hs/ls]_Thiswork =   0.2124, [Pb/hs]_Thiswork =   0.9945
# Elemental abundance ratios: 
# He/H =  1.0447E-01, C/O =  4.9731E+00, N/O = 4.90304E-01
#
#  TP   Mass     Mcore    Menv    log L
# 10 3.627156 0.865900 2.761256 4.336640
# El  Z   log e(X)   [X/H]    [X/Fe]     [X/O]      X(i)
  p   1  12.000000  0.000000  0.000000  0.000000 7.09283E-01
 he   2  11.020117  0.090117  1.887216  1.504998 2.95027E-01
  c   6   8.115052 -0.354948  1.442152  1.059934 1.10152E-03
  n   7   7.007128 -0.862872  0.934228  0.552010 1.00192E-04
  o   8   7.325107 -1.404892  0.392207  0.000000 2.37990E-04
  f   9   3.450358 -1.009642  0.787458  0.395251 3.77073E-08
 ne  10   6.500467 -1.469532  0.327567 -0.064640 4.49518E-05
 na  11   5.042081 -1.267919  0.529181  0.136974 1.78229E-06
 mg  12   6.133560 -1.506440  0.290659 -0.101548 2.32602E-05
 al  13   4.628013 -1.841987 -0.044888 -0.437095 8.06206E-07
 si  14   5.899386 -1.650614  0.146486 -0.245721 1.56760E-05
  p  15   3.700769 -1.769230  0.027869 -0.364338 1.09427E-07
  s  16   5.682838 -1.477162  0.319938 -0.072269 1.08700E-05
 cl  17   3.446303 -1.783697  0.013403 -0.378804 6.97132E-08
 ar  18   4.987054 -1.452946  0.344154 -0.048053 2.72840E-06
  k  19   3.472548 -1.607452  0.189647 -0.202560 8.16697E-08
 ca  20   4.820492 -1.469508  0.327591 -0.064616 1.86533E-06
 sc  21   1.505048 -1.544952  0.252147 -0.140060 1.01203E-09
 ti  22   3.492715 -1.417285  0.379815 -0.012393 1.04739E-07
  v  23   2.408531 -1.551469  0.245631 -0.146576 9.18260E-09
 cr  24   3.996369 -1.643631  0.153469 -0.238738 3.62826E-07
 mn  25   3.160762 -2.319238 -0.522139 -0.914346 5.59749E-08
 fe  26   5.743247 -1.796753  0.000000 -0.391860 2.17566E-05
 co  27   3.120761 -1.749239  0.047514 -0.344347 5.47619E-08
 ni  28   4.406263 -1.793736  0.003016 -0.388844 1.05247E-06
 cu  29   2.160187 -2.089813 -0.293060 -0.684921 6.46598E-09
 zn  30   3.088660 -1.541340  0.255413 -0.136447 5.64490E-08
 ga  31   1.320727 -1.759273  0.037480 -0.354380 1.02675E-09
 ge  32   1.777054 -1.802946 -0.006193 -0.398054 3.05906E-09
 as  33   0.515627 -1.784373  0.012380 -0.379481 1.72820E-10
 se  34   1.525579 -1.814420 -0.017668 -0.409528 1.86357E-09
 br  35   0.749647 -1.790353  0.006400 -0.385460 3.15918E-10
 kr  36   1.505451 -1.744549  0.052204 -0.339656 1.88818E-09
 rb  37   0.621910 -1.738090  0.058663 -0.333197 2.51810E-10
 sr  38   1.123512 -1.756488  0.040265 -0.351595 8.19359E-10
  y  39   0.427766 -1.742234  0.054519 -0.337342 1.67516E-10
 zr  40   0.788768 -1.741232  0.055521 -0.336340 3.94671E-10
 nb  41  -0.334399 -1.744399  0.052354 -0.339507 3.02693E-11
 mo  42   0.077702 -1.862298 -0.065546 -0.457406 8.07347E-11
 tc  43  -2.265862 -9.000000  0.000000  0.000000 3.73872E-13
 ru  44  -0.140585 -1.900585 -0.103832 -0.495692 5.14514E-11
 rh  45  -0.729689 -1.789689  0.007064 -0.384796 1.34931E-11
 pd  46  -0.175958 -1.825958 -0.029205 -0.421065 4.99372E-11
 ag  47  -0.591195 -1.791195  0.005558 -0.386303 1.94561E-11
 cd  48  -0.084645 -1.794645  0.002108 -0.389753 6.50912E-11
 in  49  -1.027968 -1.787968  0.008785 -0.383076 7.57532E-12
 sn  50   0.279985 -1.790015  0.006738 -0.385122 1.59159E-10
 sb  51  -0.990327 -2.000327 -0.203574 -0.595434 8.76066E-12
 te  52  -0.026234 -2.206234 -0.409481 -0.801341 8.45232E-11
  i  53  -0.242495 -1.792495  0.004258 -0.387602 5.10905E-11
 xe  54   0.434508 -1.805492 -0.008739 -0.400599 2.51252E-10
 cs  55  -0.633609 -1.713609  0.083144 -0.308716 2.17416E-11
 ba  56   0.647071 -1.532929  0.263824 -0.128037 4.28732E-10
 la  57  -0.327483 -1.497483  0.299270 -0.092591 4.59829E-11
 ce  58   0.181739 -1.398261  0.398492  0.006631 1.49825E-10
 pr  59  -0.752203 -1.512203  0.284550 -0.107311 1.75425E-11
 nd  60  -0.027124 -1.477124  0.319628 -0.072232 9.53499E-11
 pm  61   0.000000 -9.000000  0.000000  0.000000 6.74161E-33
 sm  62  -0.718108 -1.658108  0.138645 -0.253216 2.02480E-11
 eu  63  -1.231215 -1.741215  0.055537 -0.336323 6.27890E-12
 gd  64  -0.617232 -1.667232  0.129521 -0.262340 2.67126E-11
 tb  65  -1.402403 -1.722403  0.074350 -0.317510 4.42740E-12
 dy  66  -0.520164 -1.650164  0.146588 -0.245272 3.45182E-11
 ho  67  -1.256695 -1.726695  0.070058 -0.321802 6.42634E-12
 er  68  -0.711409 -1.631409  0.165344 -0.226516 2.28739E-11
 tm  69  -1.549535 -1.669535  0.127218 -0.264642 3.35383E-12
 yb  70  -0.583055 -1.503056  0.293697 -0.098163 3.18017E-11
 lu  71  -1.440718 -1.530718  0.266035 -0.125825 4.46270E-12
 hf  72  -0.642826 -1.352826  0.443927  0.052066 2.85856E-11
 ta  73  -1.548916 -1.428916  0.367837 -0.024023 3.59747E-12
  w  74  -0.698059 -1.348059  0.448694  0.056833 2.59262E-11
 re  75  -1.346488 -1.606488  0.190265 -0.201596 5.90020E-12
 os  76  -0.309028 -1.659028  0.137725 -0.254135 6.57067E-11
 ir  77  -0.455141 -1.775141  0.021612 -0.370249 4.74253E-11
 pt  78  -0.135210 -1.755210  0.041543 -0.350318 1.00544E-10
 au  79  -0.923358 -1.723358  0.073395 -0.318465 1.65346E-11
 hg  80  -0.210458 -1.380458  0.416295  0.024435 8.69381E-11
 tl  81  -0.425273 -1.195273  0.601480  0.209620 5.40170E-11
 pb  82   1.589558 -0.450442  1.346311  0.954450 5.66639E-09
 bi  83   0.041580 -0.608420  1.188333  0.796473 1.61824E-10
 po  84   1.273217 -9.000000  0.000000  0.000000 2.75881E-09
#[ls/Fe]_Thiswork =   0.0501, [hs/Fe]_Thiswork =   0.3205
#[hs/ls]_Thiswork =   0.2704, [Pb/hs]_Thiswork =   1.0258
# Elemental abundance ratios: 
# He/H =  1.0474E-01, C/O =  6.1651E+00, N/O = 4.80863E-01
#
#  TP   Mass     Mcore    Menv    log L
# 11 3.597054 0.866159 2.730895 4.349241
# El  Z   log e(X)   [X/H]    [X/Fe]     [X/O]      X(i)
  p   1  12.000000  0.000000  0.000000  0.000000 7.08515E-01
 he   2  11.021332  0.091331  1.888084  1.496224 2.95533E-01
  c   6   8.202286 -0.267715  1.529038  1.137178 1.34510E-03
  n   7   7.013438 -0.856562  0.940191  0.548331 1.01548E-04
  o   8   7.334949 -1.395051  0.401702  0.000000 2.43181E-04
  f   9   3.576165 -0.883835  0.912918  0.511216 5.03224E-08
 ne  10   6.523080 -1.446919  0.349833 -0.051868 4.73031E-05
 na  11   5.045472 -1.264528  0.532225  0.130523 1.79432E-06
 mg  12   6.135771 -1.504229  0.292524 -0.109178 2.33537E-05
 al  13   4.629911 -1.840088 -0.043335 -0.445037 8.08862E-07
 si  14   5.901194 -1.648806  0.147947 -0.253755 1.57243E-05
  p  15   3.709333 -1.760666  0.036087 -0.365615 1.11486E-07
  s  16   5.683249 -1.476751  0.320002 -0.081700 1.08685E-05
 cl  17   3.449587 -1.780413  0.016340 -0.385362 7.01663E-08
 ar  18   4.987380 -1.452620  0.344133 -0.057569 2.72749E-06
  k  19   3.473529 -1.606471  0.190282 -0.211420 8.17659E-08
 ca  20   4.820777 -1.469223  0.327530 -0.074172 1.86454E-06
 sc  21   1.509105 -1.540895  0.255858 -0.145844 1.02042E-09
 ti  22   3.493247 -1.416753  0.380000 -0.021702 1.04754E-07
  v  23   2.408800 -1.551200  0.245553 -0.156149 9.17836E-09
 cr  24   3.996785 -1.643215  0.153538 -0.248164 3.62780E-07
 mn  25   3.161441 -2.318559 -0.521806 -0.923508 5.60018E-08
 fe  26   5.743607 -1.796393  0.000000 -0.401342 2.17510E-05
 co  27   3.136255 -1.733745  0.062649 -0.338694 5.66894E-08
 ni  28   4.407686 -1.792314  0.004080 -0.397263 1.05478E-06
 cu  29   2.209180 -2.040820 -0.244427 -0.645769 7.23031E-09
 zn  30   3.091046 -1.538954  0.257440 -0.143903 5.66986E-08
 ga  31   1.336979 -1.743021  0.053372 -0.347970 1.06474E-09
 ge  32   1.790510 -1.789490  0.006904 -0.394439 3.15191E-09
 as  33   0.522446 -1.777554  0.018839 -0.382503 1.75365E-10
 se  34   1.539813 -1.800187 -0.003793 -0.405136 1.92357E-09
 br  35   0.754201 -1.785799  0.010594 -0.390748 3.18902E-10
 kr  36   1.524302 -1.725698  0.070696 -0.330647 1.96981E-09
 rb  37   0.648524 -1.711476  0.084918 -0.316425 2.67434E-10
 sr  38   1.145374 -1.734626  0.061768 -0.339575 8.60729E-10
  y  39   0.457280 -1.712720  0.083673 -0.317669 1.79102E-10
 zr  40   0.821791 -1.708209  0.088184 -0.313158 4.25391E-10
 nb  41  -0.302516 -1.712516  0.083877 -0.317465 3.25399E-11
 mo  42   0.114196 -1.825804 -0.029411 -0.430753 8.77170E-11
 tc  43  -2.027020 -9.000000  0.000000  0.000000 6.47283E-13
 ru  44  -0.122313 -1.882313 -0.085919 -0.487262 5.36042E-11
 rh  45  -0.724431 -1.784431  0.011962 -0.389380 1.36426E-11
 pd  46  -0.160903 -1.810903 -0.014510 -0.415852 5.16427E-11
 ag  47  -0.588144 -1.788144  0.008249 -0.393093 1.95721E-11
 cd  48  -0.068398 -1.778398  0.017996 -0.383347 6.74994E-11
 in  49  -1.016428 -1.776428  0.019965 -0.381377 7.77090E-12
 sn  50   0.311785 -1.758215  0.038178 -0.363164 1.71065E-10
 sb  51  -0.970671 -1.980671 -0.184277 -0.585620 9.15635E-12
 te  52   0.000999 -2.179001 -0.382607 -0.783950 8.98957E-11
  i  53  -0.239631 -1.789631  0.006763 -0.394580 5.13728E-11
 xe  54   0.448867 -1.791133  0.005260 -0.396082 2.59416E-10
 cs  55  -0.598949 -1.678949  0.117444 -0.283898 2.35223E-11
 ba  56   0.701474 -1.478526  0.317868 -0.083475 4.85421E-10
 la  57  -0.274088 -1.444088  0.352306 -0.049037 5.19424E-11
 ce  58   0.240763 -1.339237  0.457156  0.055814 1.71451E-10
 pr  59  -0.706013 -1.466013  0.330381 -0.070962 1.94900E-11
 nd  60   0.020297 -1.429703  0.366690 -0.034652 1.06236E-10
 pm  61   0.000000 -9.000000  0.000000  0.000000 1.33032E-31
 sm  62  -0.677979 -1.617979  0.178415 -0.222928 2.21841E-11
 eu  63  -1.220175 -1.730175  0.066219 -0.335124 6.43361E-12
 gd  64  -0.594326 -1.644326  0.152067 -0.249275 2.81289E-11
 tb  65  -1.388151 -1.708151  0.088242 -0.313100 4.57015E-12
 dy  66  -0.494854 -1.624854  0.171539 -0.229803 3.65501E-11
 ho  67  -1.243233 -1.713233  0.083161 -0.318182 6.62149E-12
 er  68  -0.682407 -1.602407  0.193986 -0.207356 2.44271E-11
 tm  69  -1.526656 -1.646656  0.149737 -0.251605 3.53142E-12
 yb  70  -0.535213 -1.455214  0.341180 -0.060163 3.54667E-11
 lu  71  -1.400879 -1.490879  0.305514 -0.095828 4.88614E-12
 hf  72  -0.589211 -1.299211  0.497183  0.095840 3.23066E-11
 ta  73  -1.500236 -1.380236  0.416158  0.014815 4.01982E-12
  w  74  -0.646374 -1.296374  0.500020  0.098677 2.91712E-11
 re  75  -1.316961 -1.576961  0.219432 -0.181910 6.30846E-12
 os  76  -0.286819 -1.636819  0.159574 -0.241768 6.90794E-11
 ir  77  -0.450820 -1.770820  0.025573 -0.375769 4.78476E-11
 pt  78  -0.122359 -1.742359  0.054034 -0.347308 1.03452E-10
 au  79  -0.910546 -1.710546  0.085847 -0.315495 1.70112E-11
 hg  80  -0.164483 -1.334483  0.461910  0.060568 9.65416E-11
 tl  81  -0.373063 -1.143063  0.653330  0.251988 6.08514E-11
 pb  82   1.672396 -0.367604  1.428789  1.027447 6.84974E-09
 bi  83   0.144627 -0.505373  1.291020  0.889678 2.04937E-10
 po  84   1.355915 -9.000000  0.000000  0.000000 3.33388E-09
#[ls/Fe]_Thiswork =   0.0779, [hs/Fe]_Thiswork =   0.3758
#[hs/ls]_Thiswork =   0.2979, [Pb/hs]_Thiswork =   1.0530
# Elemental abundance ratios: 
# He/H =  1.0503E-01, C/O =  7.3677E+00, N/O = 4.76969E-01
#
#  TP   Mass     Mcore    Menv    log L
# 12 3.560151 0.866413 2.693738 4.363000
# El  Z   log e(X)   [X/H]    [X/Fe]     [X/O]      X(i)
  p   1  12.000000  0.000000  0.000000  0.000000 7.07690E-01
 he   2  11.022636  0.092636  1.889030  1.487687 2.96077E-01
  c   6   8.277553 -0.192448  1.603946  1.202603 1.59777E-03
  n   7   7.045119 -0.824881  0.971513  0.570170 1.09106E-04
  o   8   7.344975 -1.385025  0.411368  0.000000 2.48571E-04
  f   9   3.685191 -0.774809  1.021585  0.610216 6.46073E-08
 ne  10   6.552747 -1.417253  0.379141 -0.032228 5.05884E-05
 na  11   5.050872 -1.259128  0.537265  0.125897 1.81465E-06
 mg  12   6.139309 -1.500690  0.295703 -0.115665 2.35173E-05
 al  13   4.632361 -1.837639 -0.041245 -0.452614 8.12489E-07
 si  14   5.903073 -1.646927  0.149467 -0.261902 1.57741E-05
  p  15   3.719125 -1.750875  0.045518 -0.365850 1.13895E-07
  s  16   5.683672 -1.476327  0.320066 -0.091302 1.08664E-05
 cl  17   3.453095 -1.776905  0.019489 -0.391880 7.06530E-08
 ar  18   4.987717 -1.452283  0.344110 -0.067258 2.72643E-06
  k  19   3.474681 -1.605319  0.191074 -0.220294 8.18877E-08
 ca  20   4.821060 -1.468940  0.327454 -0.083915 1.86358E-06
 sc  21   1.514173 -1.535827  0.260566 -0.150802 1.03120E-09
 ti  22   3.493800 -1.416200  0.380194 -0.031175 1.04766E-07
  v  23   2.409105 -1.550895  0.245499 -0.165870 9.17410E-09
 cr  24   3.997213 -1.642787  0.153607 -0.257761 3.62716E-07
 mn  25   3.161970 -2.318030 -0.521636 -0.933005 5.60048E-08
 fe  26   5.743971 -1.796029  0.000000 -0.411004 2.17439E-05
 co  27   3.154550 -1.715450  0.080578 -0.330425 5.90597E-08
 ni  28   4.409485 -1.790515  0.005514 -0.405490 1.05792E-06
 cu  29   2.266044 -1.983956 -0.187928 -0.598931 8.23217E-09
 zn  30   3.094207 -1.535793  0.260235 -0.150768 5.70462E-08
 ga  31   1.358706 -1.721293  0.074735 -0.336268 1.11806E-09
 ge  32   1.809361 -1.770638  0.025390 -0.385613 3.28791E-09
 as  33   0.532483 -1.767517  0.028512 -0.382492 1.79257E-10
 se  34   1.561092 -1.778908  0.017121 -0.393883 2.01782E-09
 br  35   0.761446 -1.778554  0.017475 -0.393529 3.23889E-10
 kr  36   1.549887 -1.700113  0.095915 -0.315088 2.08690E-09
 rb  37   0.689086 -1.670914  0.125115 -0.285889 2.93273E-10
 sr  38   1.169397 -1.710603  0.085426 -0.325578 9.08622E-10
  y  39   0.483620 -1.686380  0.109648 -0.301355 1.90079E-10
 zr  40   0.845558 -1.684442  0.111587 -0.299417 4.48797E-10
 nb  41  -0.281382 -1.691382  0.104647 -0.306357 3.41228E-11
 mo  42   0.138269 -1.801731 -0.005702 -0.416706 9.26086E-11
 tc  43  -1.916037 -9.000000  0.000000  0.000000 8.34781E-13
 ru  44  -0.108943 -1.868943 -0.072914 -0.483918 5.52157E-11
 rh  45  -0.720486 -1.780486  0.015543 -0.395461 1.37511E-11
 pd  46  -0.150115 -1.800115 -0.004086 -0.415090 5.28800E-11
 ag  47  -0.586006 -1.786006  0.010022 -0.400981 1.96458E-11
 cd  48  -0.059154 -1.769154  0.026875 -0.384129 6.88712E-11
 in  49  -1.010512 -1.770512  0.025516 -0.385487 7.86829E-12
 sn  50   0.326845 -1.743155  0.052874 -0.358130 1.76895E-10
 sb  51  -0.961188 -1.971188 -0.175160 -0.586163 9.34758E-12
 te  52   0.013839 -2.166161 -0.370133 -0.781136 9.24852E-11
  i  53  -0.238229 -1.788229  0.007800 -0.403204 5.14788E-11
 xe  54   0.456282 -1.783718  0.012310 -0.398693 2.63576E-10
 cs  55  -0.582115 -1.662115  0.133913 -0.277090 2.44236E-11
 ba  56   0.726089 -1.453912  0.342117 -0.068887 5.13129E-10
 la  57  -0.251024 -1.421024  0.375004 -0.035999 5.47116E-11
 ce  58   0.266510 -1.313490  0.482539  0.071535 1.81710E-10
 pr  59  -0.685838 -1.445838  0.350191 -0.060813 2.03930E-11
 nd  60   0.041039 -1.408961  0.387068 -0.023936 1.11303E-10
 pm  61   0.000000 -9.000000  0.000000  0.000000 5.62569E-31
 sm  62  -0.659673 -1.599673  0.196356 -0.214648 2.31122E-11
 eu  63  -1.214876 -1.724876  0.071152 -0.339851 6.50499E-12
 gd  64  -0.583612 -1.633612  0.162416 -0.248587 2.87979E-11
 tb  65  -1.381398 -1.701398  0.094630 -0.316373 4.63635E-12
 dy  66  -0.483099 -1.613099  0.182930 -0.228074 3.75091E-11
 ho  67  -1.236845 -1.706845  0.089184 -0.321820 6.71177E-12
 er  68  -0.668959 -1.588959  0.207070 -0.203934 2.51660E-11
 tm  69  -1.515926 -1.635926  0.160102 -0.250901 3.61554E-12
 yb  70  -0.513451 -1.433451  0.362578 -0.048426 3.72459E-11
 lu  71  -1.382301 -1.472301  0.323727 -0.087276 5.09375E-12
 hf  72  -0.564321 -1.274321  0.521708  0.110704 3.41724E-11
 ta  73  -1.477114 -1.357114  0.438915  0.027911 4.23470E-12
  w  74  -0.622045 -1.272045  0.523984  0.112980 3.08161E-11
 re  75  -1.302495 -1.562495  0.233534 -0.177470 6.51454E-12
 os  76  -0.275968 -1.625968  0.170061 -0.240943 7.07447E-11
 ir  77  -0.448662 -1.768662  0.027367 -0.383637 4.80300E-11
 pt  78  -0.116055 -1.736055  0.059974 -0.351030 1.04842E-10
 au  79  -0.904262 -1.704262  0.091767 -0.319237 1.72391E-11
 hg  80  -0.142750 -1.312750  0.483279  0.072275 1.01378E-10
 tl  81  -0.348094 -1.118094  0.677935  0.266931 6.43774E-11
 pb  82   1.748921 -0.291079  1.504950  1.093946 8.16006E-09
 bi  83   0.245775 -0.404225  1.391804  0.980800 2.58382E-10
 po  84   1.422221 -9.000000  0.000000  0.000000 3.87927E-09
#[ls/Fe]_Thiswork =   0.1022, [hs/Fe]_Thiswork =   0.3999
#[hs/ls]_Thiswork =   0.2977, [Pb/hs]_Thiswork =   1.1051
# Elemental abundance ratios: 
# He/H =  1.0535E-01, C/O =  8.5619E+00, N/O = 5.01354E-01
#
#  TP   Mass     Mcore    Menv    log L
# 13 3.515209 0.866657 2.648551 4.375190
# El  Z   log e(X)   [X/H]    [X/Fe]     [X/O]      X(i)
  p   1  12.000000  0.000000  0.000000  0.000000 7.06799E-01
 he   2  11.024021  0.094021  1.890049  1.479046 2.96648E-01
  c   6   8.341767 -0.128233  1.667796  1.256792 1.85004E-03
  n   7   7.179407 -0.690593  1.105436  0.694432 1.48453E-04
  o   8   7.354858 -1.375141  0.420887  0.000000 2.53972E-04
  f   9   3.773516 -0.686484  1.109544  0.688657 7.90787E-08
 ne  10   6.584961 -1.385038  0.410990 -0.009897 5.44150E-05
 na  11   5.058064 -1.251936  0.544093  0.123205 1.84263E-06
 mg  12   6.144150 -1.495850  0.300179 -0.120709 2.37510E-05
 al  13   4.635545 -1.834455 -0.038426 -0.459314 8.17437E-07
 si  14   5.905043 -1.644957  0.151072 -0.269816 1.58259E-05
  p  15   3.730131 -1.739869  0.056160 -0.364727 1.16671E-07
  s  16   5.684118 -1.475882  0.320147 -0.100740 1.08639E-05
 cl  17   3.456781 -1.773219  0.022810 -0.398077 7.11656E-08
 ar  18   4.988074 -1.451926  0.344103 -0.076785 2.72524E-06
  k  19   3.475994 -1.604006  0.192023 -0.228865 8.20322E-08
 ca  20   4.821353 -1.468647  0.327382 -0.093505 1.86249E-06
 sc  21   1.520157 -1.529843  0.266186 -0.154702 1.04419E-09
 ti  22   3.494392 -1.415607  0.380421 -0.040466 1.04777E-07
  v  23   2.409451 -1.550550  0.245479 -0.175408 9.16985E-09
 cr  24   3.997663 -1.642336  0.153692 -0.267195 3.62634E-07
 mn  25   3.162455 -2.317545 -0.521517 -0.942404 5.59967E-08
 fe  26   5.744350 -1.795650  0.000000 -0.420509 2.17355E-05
 co  27   3.174133 -1.695867  0.099783 -0.320725 6.17060E-08
 ni  28   4.411625 -1.788375  0.007275 -0.413234 1.06181E-06
 cu  29   2.326702 -1.923298 -0.127648 -0.548157 9.45423E-09
 zn  30   3.098181 -1.531819  0.263831 -0.156678 5.74982E-08
 ga  31   1.384740 -1.695260  0.100390 -0.320119 1.18564E-09
 ge  32   1.832407 -1.747593  0.048057 -0.372452 3.46273E-09
 as  33   0.545163 -1.754837  0.040813 -0.379696 1.84335E-10
 se  34   1.586746 -1.753254  0.042396 -0.378113 2.13791E-09
 br  35   0.770476 -1.769524  0.026126 -0.394382 3.30279E-10
 kr  36   1.580290 -1.669710  0.125940 -0.294569 2.23542E-09
 rb  37   0.736211 -1.623789  0.171861 -0.248648 3.26475E-10
 sr  38   1.202792 -1.677208  0.118442 -0.302067 9.80012E-10
  y  39   0.524779 -1.645221  0.150429 -0.270080 2.08711E-10
 zr  40   0.889720 -1.640280  0.155370 -0.265139 4.96209E-10
 nb  41  -0.241469 -1.651469  0.144181 -0.276328 3.73603E-11
 mo  42   0.187271 -1.752729  0.042921 -0.377588 1.03540E-10
 tc  43  -1.729426 -9.000000  0.000000  0.000000 1.28125E-12
 ru  44  -0.079809 -1.839809 -0.044159 -0.464668 5.89724E-11
 rh  45  -0.711471 -1.771471  0.024179 -0.396329 1.40218E-11
 pd  46  -0.126052 -1.776052  0.019598 -0.400911 5.58222E-11
 ag  47  -0.581154 -1.781154  0.014496 -0.406013 1.98415E-11
 cd  48  -0.040579 -1.750579  0.045071 -0.375438 7.17903E-11
 in  49  -0.999639 -1.759639  0.036011 -0.384497 8.05762E-12
 sn  50   0.352567 -1.717433  0.078217 -0.342292 1.87452E-10
 sb  51  -0.943582 -1.953582 -0.157932 -0.578440 9.72207E-12
 te  52   0.038535 -2.141465 -0.345815 -0.766324 9.77735E-11
  i  53  -0.235377 -1.785377  0.010273 -0.410236 5.17527E-11
 xe  54   0.469834 -1.770166  0.025484 -0.395025 2.71589E-10
 cs  55  -0.553062 -1.633062  0.162588 -0.257921 2.60804E-11
 ba  56   0.750319 -1.429682  0.365968 -0.054540 5.41889E-10
 la  57  -0.232927 -1.402927  0.392723 -0.027786 5.69678E-11
 ce  58   0.284354 -1.295646  0.500004  0.079495 1.89094E-10
 pr  59  -0.671822 -1.431822  0.363828 -0.056680 2.10354E-11
 nd  60   0.054840 -1.395160  0.400490 -0.020019 1.14752E-10
 pm  61   0.000000 -9.000000  0.000000  0.000000 3.09673E-30
 sm  62  -0.647684 -1.587684  0.207966 -0.212543 2.37292E-11
 eu  63  -1.211328 -1.721328  0.074322 -0.346186 6.55012E-12
 gd  64  -0.576575 -1.626575  0.169075 -0.251434 2.92315E-11
 tb  65  -1.376940 -1.696940  0.098710 -0.321799 4.67830E-12
 dy  66  -0.475499 -1.605499  0.190151 -0.230358 3.81233E-11
 ho  67  -1.232692 -1.702692  0.092958 -0.327551 6.76773E-12
 er  68  -0.660395 -1.580395  0.215255 -0.205254 2.56348E-11
 tm  69  -1.509061 -1.629061  0.166589 -0.253920 3.66853E-12
 yb  70  -0.499999 -1.419999  0.375651 -0.044858 3.83692E-11
 lu  71  -1.370787 -1.460787  0.334863 -0.085646 5.22403E-12
 hf  72  -0.548997 -1.258997  0.536653  0.116144 3.53551E-11
 ta  73  -1.462748 -1.342748  0.452902  0.032394 4.37161E-12
  w  74  -0.606848 -1.256848  0.538802  0.118293 3.18733E-11
 re  75  -1.293230 -1.553230  0.242420 -0.178089 6.64663E-12
 os  76  -0.268931 -1.618931  0.176719 -0.243790 7.18097E-11
 ir  77  -0.447222 -1.767222  0.028428 -0.392081 4.81289E-11
 pt  78  -0.111928 -1.731928  0.063722 -0.356787 1.05710E-10
 au  79  -0.900158 -1.700158  0.095492 -0.325017 1.73809E-11
 hg  80  -0.129265 -1.299265  0.496385  0.075876 1.04443E-10
 tl  81  -0.332899 -1.102899  0.692751  0.272242 6.65858E-11
 pb  82   1.811051 -0.228949  1.566701  1.146193 9.40323E-09
 bi  83   0.331262 -0.318738  1.476912  1.056403 3.14197E-10
 po  84   1.476099 -9.000000  0.000000  0.000000 4.38612E-09
#[ls/Fe]_Thiswork =   0.1414, [hs/Fe]_Thiswork =   0.4196
#[hs/ls]_Thiswork =   0.2782, [Pb/hs]_Thiswork =   1.1471
# Elemental abundance ratios: 
# He/H =  1.0569E-01, C/O =  9.7029E+00, N/O = 6.67650E-01
#
#  TP   Mass     Mcore    Menv    log L
# 14 3.461135 0.866889 2.594246 4.385832
# El  Z   log e(X)   [X/H]    [X/Fe]     [X/O]      X(i)
  p   1  12.000000  0.000000  0.000000  0.000000 7.05844E-01
 he   2  11.025484  0.095484  1.891134  1.470625 2.97247E-01
  c   6   8.379945 -0.090055  1.705595  1.285086 2.01731E-03
  n   7   7.491355 -0.378644  1.417006  0.996497 3.04053E-04
  o   8   7.364480 -1.365519  0.430131  0.000000 2.59311E-04
  f   9   3.851706 -0.608294  1.187356  0.757225 9.45499E-08
 ne  10   6.618556 -1.351443  0.444207  0.014076 5.87118E-05
 na  11   5.066764 -1.243236  0.552414  0.122283 1.87737E-06
 mg  12   6.150357 -1.489643  0.306007 -0.124124 2.40603E-05
 al  13   4.639644 -1.830356 -0.034706 -0.464837 8.24074E-07
 si  14   5.907092 -1.642908  0.152742 -0.277389 1.58792E-05
  p  15   3.742235 -1.727765  0.067885 -0.362246 1.19807E-07
  s  16   5.684594 -1.475406  0.320244 -0.109887 1.08611E-05
 cl  17   3.460628 -1.769372  0.026278 -0.403853 7.17015E-08
 ar  18   4.988457 -1.451543  0.344107 -0.086024 2.72396E-06
  k  19   3.477438 -1.602562  0.193088 -0.237043 8.21941E-08
 ca  20   4.821663 -1.468337  0.327313 -0.102818 1.86130E-06
 sc  21   1.526790 -1.523210  0.272440 -0.157691 1.05883E-09
 ti  22   3.495023 -1.414977  0.380673 -0.049458 1.04787E-07
  v  23   2.409837 -1.550163  0.245487 -0.184644 9.16559E-09
 cr  24   3.998138 -1.641861  0.153789 -0.276342 3.62540E-07
 mn  25   3.162915 -2.317085 -0.521435 -0.951566 5.59803E-08
 fe  26   5.744750 -1.795250  0.000000 -0.429731 2.17261E-05
 co  27   3.194637 -1.675363  0.119887 -0.309844 6.46016E-08
 ni  28   4.414017 -1.785983  0.009267 -0.420464 1.06623E-06
 cu  29   2.385701 -1.864299 -0.069049 -0.498780 1.08153E-08
 zn  30   3.102805 -1.527195  0.268055 -0.161676 5.80351E-08
 ga  31   1.413854 -1.666146  0.129104 -0.300627 1.26613E-09
 ge  32   1.858727 -1.721273  0.073977 -0.355754 3.67410E-09
 as  33   0.560216 -1.739784  0.055466 -0.374265 1.90578E-10
 se  34   1.616043 -1.723957  0.071293 -0.358438 2.28401E-09
 br  35   0.781254 -1.758746  0.036504 -0.393227 3.38120E-10
 kr  36   1.611777 -1.638223  0.157027 -0.272704 2.40027E-09
 rb  37   0.781762 -1.578238  0.217012 -0.212719 3.62088E-10
 sr  38   1.228797 -1.651203  0.144047 -0.285684 1.03908E-09
  y  39   0.551915 -1.618085  0.177165 -0.252566 2.21868E-10
 zr  40   0.919076 -1.610924  0.184326 -0.245405 5.30192E-10
 nb  41  -0.216819 -1.626819  0.168431 -0.261300 3.94887E-11
 mo  42   0.221186 -1.718814  0.076436 -0.353295 1.11798E-10
 tc  43  -1.627426 -9.000000  0.000000  0.000000 1.61826E-12
 ru  44  -0.056792 -1.816792 -0.021542 -0.451273 6.20981E-11
 rh  45  -0.703968 -1.763968  0.031282 -0.398449 1.42469E-11
 pd  46  -0.106071 -1.756071  0.039178 -0.390552 5.83714E-11
 ag  47  -0.576855 -1.776855  0.018395 -0.411336 2.00118E-11
 cd  48  -0.024395 -1.734395  0.060855 -0.368876 7.44152E-11
 in  49  -0.990023 -1.750023  0.045227 -0.384504 8.22687E-12
 sn  50   0.375919 -1.694081  0.101169 -0.328562 1.97540E-10
 sb  51  -0.926390 -1.936390 -0.141140 -0.570871 1.01010E-11
 te  52   0.063442 -2.116558 -0.321308 -0.751039 1.03405E-10
  i  53  -0.232253 -1.782253  0.012997 -0.416734 5.20559E-11
 xe  54   0.486574 -1.753426  0.041824 -0.387907 2.81880E-10
 cs  55  -0.517893 -1.597893  0.197357 -0.232374 2.82421E-11
 ba  56   0.790975 -1.389025  0.406224 -0.023506 5.94262E-10
 la  57  -0.198716 -1.368716  0.426534 -0.003197 6.15535E-11
 ce  58   0.317999 -1.262001  0.533249  0.103518 2.04049E-10
 pr  59  -0.645127 -1.405127  0.390123 -0.039608 2.23386E-11
 nd  60   0.080317 -1.369684  0.425566 -0.004164 1.21521E-10
 pm  61   0.000000 -9.000000  0.000000  0.000000 1.23943E-29
 sm  62  -0.625827 -1.565827  0.229423 -0.200308 2.49203E-11
 eu  63  -1.204717 -1.714717  0.080533 -0.349198 6.64160E-12
 gd  64  -0.563795 -1.613795  0.181455 -0.248276 3.00638E-11
 tb  65  -1.368802 -1.688802  0.106448 -0.323283 4.76034E-12
 dy  66  -0.461950 -1.591950  0.203300 -0.226431 3.92781E-11
 ho  67  -1.225261 -1.695261  0.099989 -0.329742 6.87523E-12
 er  68  -0.645520 -1.565520  0.229730 -0.200001 2.64921E-11
 tm  69  -1.497031 -1.617031  0.178219 -0.251512 3.76646E-12
 yb  70  -0.477525 -1.397525  0.397725 -0.032006 4.03524E-11
 lu  71  -1.351621 -1.441621  0.353629 -0.076102 5.45235E-12
 hf  72  -0.524364 -1.234364  0.560886  0.131155 3.73679E-11
 ta  73  -1.439569 -1.319569  0.475680  0.045950 4.60503E-12
  w  74  -0.582965 -1.232965  0.562285  0.132554 3.36297E-11
 re  75  -1.278369 -1.538369  0.256881 -0.172850 6.86871E-12
 os  76  -0.257835 -1.607835  0.187415 -0.242316 7.35684E-11
 ir  77  -0.444927 -1.764927  0.030323 -0.399408 4.83184E-11
 pt  78  -0.105552 -1.725552  0.069698 -0.360033 1.07128E-10
 au  79  -0.893886 -1.693886  0.101364 -0.328367 1.76098E-11
 hg  80  -0.110548 -1.280548  0.514702  0.084971 1.08895E-10
 tl  81  -0.314173 -1.084173  0.711077  0.281346 6.94257E-11
 pb  82   1.862164 -0.177836  1.617414  1.187683 1.05633E-08
 bi  83   0.402289 -0.247711  1.547539  1.117808 3.69523E-10
 po  84   1.523430 -9.000000  0.000000  0.000000 4.88454E-09
#[ls/Fe]_Thiswork =   0.1685, [hs/Fe]_Thiswork =   0.4553
#[hs/ls]_Thiswork =   0.2868, [Pb/hs]_Thiswork =   1.1621
# Elemental abundance ratios: 
# He/H =  1.0604E-01, C/O =  1.0362E+01, N/O = 1.33929E+00
#
#  TP   Mass     Mcore    Menv    log L
# 15 3.396176 0.867133 2.529043 4.394490
# El  Z   log e(X)   [X/H]    [X/Fe]     [X/O]      X(i)
  p   1  12.000000  0.000000  0.000000  0.000000 7.04831E-01
 he   2  11.027037  0.097036  1.892286  1.462555 2.97884E-01
  c   6   8.410009 -0.059991  1.735259  1.305528 2.15880E-03
  n   7   7.715992 -0.154007  1.641243  1.211512 5.09287E-04
  o   8   7.374643 -1.355357  0.439893  0.000000 2.65070E-04
  f   9   3.924574 -0.535426  1.259824  0.819931 1.11662E-07
 ne  10   6.655361 -1.314639  0.480611  0.040718 6.38126E-05
 na  11   5.077578 -1.232422  0.562828  0.122935 1.92195E-06
 mg  12   6.158344 -1.481656  0.313594 -0.126299 2.44717E-05
 al  13   4.644733 -1.825267 -0.030017 -0.469910 8.32591E-07
 si  14   5.909229 -1.640771  0.154479 -0.285414 1.59347E-05
  p  15   3.755157 -1.714843  0.080407 -0.359487 1.23248E-07
  s  16   5.685082 -1.474918  0.320332 -0.119561 1.08577E-05
 cl  17   3.464649 -1.765351  0.029899 -0.409994 7.22647E-08
 ar  18   4.988856 -1.451144  0.344106 -0.095788 2.72255E-06
  k  19   3.479040 -1.600960  0.194290 -0.245603 8.23795E-08
 ca  20   4.821976 -1.468024  0.327226 -0.112668 1.85997E-06
 sc  21   1.534351 -1.515649  0.279601 -0.160292 1.07588E-09
 ti  22   3.495686 -1.414314  0.380936 -0.058958 1.04796E-07
  v  23   2.410258 -1.549742  0.245508 -0.194385 9.16133E-09
 cr  24   3.998628 -1.641372  0.153878 -0.286016 3.62429E-07
 mn  25   3.163347 -2.316653 -0.521403 -0.961296 5.59557E-08
 fe  26   5.745161 -1.794839  0.000000 -0.439483 2.17155E-05
 co  27   3.215952 -1.654048  0.140791 -0.298691 6.77541E-08
 ni  28   4.416725 -1.783275  0.011565 -0.427918 1.07136E-06
 cu  29   2.444729 -1.805271 -0.010432 -0.449914 1.23721E-08
 zn  30   3.108232 -1.521769  0.273071 -0.166412 5.86804E-08
 ga  31   1.446170 -1.633830  0.161009 -0.278473 1.36198E-09
 ge  32   1.888577 -1.691423  0.103416 -0.336067 3.92986E-09
 as  33   0.578083 -1.721917  0.072922 -0.366560 1.98297E-10
 se  34   1.650334 -1.689666  0.105174 -0.334309 2.46812E-09
 br  35   0.794714 -1.745286  0.049553 -0.389929 3.48263E-10
 kr  36   1.648198 -1.601802  0.193038 -0.246445 2.60649E-09
 rb  37   0.833024 -1.526976  0.267864 -0.171619 4.06867E-10
 sr  38   1.255587 -1.624413  0.170426 -0.269057 1.10361E-09
  y  39   0.576206 -1.593794  0.201046 -0.238437 2.34295E-10
 zr  40   0.940772 -1.589228  0.205611 -0.233871 5.56553E-10
 nb  41  -0.199142 -1.609141  0.185698 -0.253785 4.10702E-11
 mo  42   0.243414 -1.696586  0.098253 -0.341229 1.17500E-10
 tc  43  -1.574592 -9.000000  0.000000  0.000000 1.82498E-12
 ru  44  -0.041142 -1.801142 -0.006302 -0.445785 6.42843E-11
 rh  45  -0.698761 -1.758761  0.036078 -0.403404 1.43981E-11
 pd  46  -0.092461 -1.742461  0.052379 -0.387104 6.01433E-11
 ag  47  -0.573808 -1.773808  0.021032 -0.418451 2.01238E-11
 cd  48  -0.013353 -1.723353  0.071486 -0.367997 7.62220E-11
 in  49  -0.983532 -1.743532  0.051307 -0.388175 8.33878E-12
 sn  50   0.389376 -1.680624  0.114215 -0.325268 2.03464E-10
 sb  51  -0.916463 -1.926463 -0.131624 -0.571106 1.03197E-11
 te  52   0.078031 -2.101969 -0.307130 -0.746613 1.06784E-10
  i  53  -0.230302 -1.780302  0.014538 -0.424945 5.22153E-11
 xe  54   0.497634 -1.742366  0.052473 -0.387009 2.88736E-10
 cs  55  -0.495651 -1.575651  0.219188 -0.220295 2.96835E-11
 ba  56   0.829779 -1.350221  0.444618  0.005135 6.48872E-10
 la  57  -0.160229 -1.330229  0.464611  0.025128 6.71610E-11
 ce  58   0.365000 -1.215000  0.579839  0.140356 2.27045E-10
 pr  59  -0.607242 -1.367242  0.427598 -0.011885 2.43399E-11
 nd  60   0.120068 -1.329932  0.464907  0.025424 1.32977E-10
 pm  61   0.000000 -9.000000  0.000000  0.000000 1.24625E-29
 sm  62  -0.588620 -1.528620  0.266219 -0.173264 2.71104E-11
 eu  63  -1.192796 -1.702796  0.092044 -0.347439 6.81663E-12
 gd  64  -0.540815 -1.590815  0.204024 -0.235459 3.16519E-11
 tb  65  -1.353862 -1.673862  0.120978 -0.318505 4.91988E-12
 dy  66  -0.437143 -1.567143  0.227696 -0.211787 4.15274E-11
 ho  67  -1.211264 -1.681264  0.113576 -0.325907 7.09024E-12
 er  68  -0.617740 -1.537740  0.257100 -0.182383 2.82017E-11
 tm  69  -1.474290 -1.594290  0.200549 -0.238933 3.96326E-12
 yb  70  -0.435558 -1.355558  0.439281 -0.000202 4.43826E-11
 lu  71  -1.314968 -1.404968  0.389871 -0.049611 5.92397E-12
 hf  72  -0.476661 -1.186661  0.608179  0.168696 4.16464E-11
 ta  73  -1.394065 -1.274065  0.520774  0.081292 5.10638E-12
  w  74  -0.535064 -1.185064  0.609776  0.170293 3.74974E-11
 re  75  -1.246970 -1.506970  0.287869 -0.151613 7.37311E-12
 os  76  -0.233738 -1.583738  0.211101 -0.228381 7.76543E-11
 ir  77  -0.439674 -1.759674  0.035165 -0.404318 4.88362E-11
 pt  78  -0.090902 -1.710902  0.083937 -0.355546 1.10645E-10
 au  79  -0.879234 -1.679234  0.115605 -0.323878 1.81879E-11
 hg  80  -0.066700 -1.236700  0.558139  0.118657 1.20291E-10
 tl  81  -0.267190 -1.037190  0.757649  0.318167 7.72466E-11
 pb  82   1.911305 -0.128695  1.666145  1.226662 1.18119E-08
 bi  83   0.467933 -0.182067  1.612772  1.173289 4.29202E-10
 po  84   1.562942 -9.000000  0.000000  0.000000 5.34211E-09
#[ls/Fe]_Thiswork =   0.1924, [hs/Fe]_Thiswork =   0.4964
#[hs/ls]_Thiswork =   0.3040, [Pb/hs]_Thiswork =   1.1698
# Elemental abundance ratios: 
# He/H =  1.0642E-01, C/O =  1.0848E+01, N/O = 2.19457E+00
#
#  TP   Mass     Mcore    Menv    log L
# 16 3.320575 0.867368 2.453207 4.398295
# El  Z   log e(X)   [X/H]    [X/Fe]     [X/O]      X(i)
  p   1  12.000000  0.000000  0.000000  0.000000 7.03746E-01
 he   2  11.028687  0.098686  1.893526  1.454043 2.98557E-01
  c   6   8.418932 -0.051068  1.743771  1.304288 2.20022E-03
  n   7   7.939223  0.069223  1.864062  1.424580 8.50204E-04
  o   8   7.384969 -1.345030  0.449809  0.000000 2.71030E-04
  f   9   3.990967 -0.469033  1.325806  0.875997 1.29906E-07
 ne  10   6.695190 -1.274809  0.520030  0.070221 6.98340E-05
 na  11   5.091123 -1.218877  0.575962  0.126153 1.97978E-06
 mg  12   6.168637 -1.471363  0.323477 -0.126332 2.50201E-05
 al  13   4.651035 -1.818965 -0.024126 -0.473935 8.43460E-07
 si  14   5.911486 -1.638515  0.156325 -0.293484 1.59930E-05
  p  15   3.769436 -1.700564  0.094275 -0.355534 1.27171E-07
  s  16   5.685595 -1.474405  0.320435 -0.129375 1.08538E-05
 cl  17   3.468860 -1.761140  0.033699 -0.416110 7.28564E-08
 ar  18   4.989280 -1.450720  0.344119 -0.105690 2.72101E-06
  k  19   3.480829 -1.599171  0.195669 -0.254140 8.25922E-08
 ca  20   4.822300 -1.467700  0.327139 -0.122670 1.85850E-06
 sc  21   1.542948 -1.507052  0.287787 -0.162022 1.09570E-09
 ti  22   3.496390 -1.413610  0.381230 -0.068579 1.04805E-07
  v  23   2.410723 -1.549277  0.245562 -0.204247 9.15702E-09
 cr  24   3.999138 -1.640862  0.153977 -0.295832 3.62296E-07
 mn  25   3.163764 -2.316236 -0.521397 -0.971206 5.59232E-08
 fe  26   5.745587 -1.794413  0.000000 -0.449383 2.17034E-05
 co  27   3.237700 -1.632300  0.162113 -0.287270 7.11236E-08
 ni  28   4.419816 -1.780184  0.014229 -0.435154 1.07735E-06
 cu  29   2.504466 -1.745534  0.048879 -0.400504 1.41746E-08
 zn  30   3.114606 -1.515394  0.279019 -0.170364 5.94564E-08
 ga  31   1.481757 -1.598243  0.196170 -0.253212 1.47601E-09
 ge  32   1.922066 -1.657934  0.136479 -0.312904 4.23835E-09
 as  33   0.599029 -1.700971  0.093442 -0.355941 2.07775E-10
 se  34   1.689840 -1.650160  0.144253 -0.305129 2.69900E-09
 br  35   0.811356 -1.728644  0.065769 -0.383614 3.61309E-10
 kr  36   1.689626 -1.560374  0.234039 -0.215344 2.86296E-09
 rb  37   0.890532 -1.469468  0.324945 -0.124438 4.63757E-10
 sr  38   1.286750 -1.593250  0.201163 -0.248220 1.18388E-09
  y  39   0.603847 -1.566154  0.228260 -0.221123 2.49306E-10
 zr  40   0.964607 -1.565393  0.229020 -0.220362 5.87046E-10
 nb  41  -0.179772 -1.589772  0.204641 -0.244742 4.28772E-11
 mo  42   0.266850 -1.673150  0.121264 -0.328119 1.23824E-10
 tc  43  -1.522735 -9.000000  0.000000  0.000000 2.05327E-12
 ru  44  -0.024126 -1.784126  0.010287 -0.439096 6.67501E-11
 rh  45  -0.692921 -1.752921  0.041492 -0.407890 1.45705E-11
 pd  46  -0.077398 -1.727398  0.067015 -0.382368 6.21699E-11
 ag  47  -0.570331 -1.770331  0.024082 -0.425300 2.02543E-11
 cd  48  -0.001163 -1.711163  0.083251 -0.366132 7.82711E-11
 in  49  -0.976456 -1.736456  0.057957 -0.391425 8.46272E-12
 sn  50   0.401035 -1.668965  0.125448 -0.323934 2.08679E-10
 sb  51  -0.908216 -1.918216 -0.123802 -0.573185 1.05013E-11
 te  52   0.090395 -2.089605 -0.295192 -0.744575 1.09699E-10
  i  53  -0.228548 -1.778548  0.015865 -0.433518 5.23459E-11
 xe  54   0.508130 -1.731870  0.062543 -0.386840 2.95343E-10
 cs  55  -0.474688 -1.554688  0.239725 -0.209657 3.11035E-11
 ba  56   0.860659 -1.319341  0.475072  0.025689 6.95616E-10
 la  57  -0.131716 -1.301716  0.492697  0.043315 7.16079E-11
 ce  58   0.397668 -1.182332  0.612081  0.162698 2.44406E-10
 pr  59  -0.580540 -1.340540  0.453873  0.004491 2.58435E-11
 nd  60   0.147575 -1.302425  0.491988  0.042606 1.41454E-10
 pm  61   0.000000 -9.000000  0.000000  0.000000 1.07103E-29
 sm  62  -0.562895 -1.502895  0.291518 -0.157865 2.87206E-11
 eu  63  -1.184089 -1.694089  0.100324 -0.349058 6.94397E-12
 gd  64  -0.524443 -1.574443  0.219970 -0.229412 3.28174E-11
 tb  65  -1.343066 -1.663066  0.131347 -0.318036 5.03595E-12
 dy  66  -0.419627 -1.549627  0.244786 -0.204597 4.31700E-11
 ho  67  -1.201172 -1.671172  0.123241 -0.326142 7.24575E-12
 er  68  -0.598272 -1.518272  0.276141 -0.173242 2.94491E-11
 tm  69  -1.458243 -1.578243  0.216170 -0.233213 4.10609E-12
 yb  70  -0.407322 -1.327322  0.467091  0.017708 4.72912E-11
 lu  71  -1.290218 -1.380218  0.414195 -0.035188 6.26171E-12
 hf  72  -0.445256 -1.155256  0.639157  0.189774 4.47006E-11
 ta  73  -1.363905 -1.243905  0.550508  0.101125 5.46518E-12
  w  74  -0.503810 -1.153810  0.640603  0.191220 4.02333E-11
 re  75  -1.225779 -1.485779  0.308635 -0.140748 7.72988E-12
 os  76  -0.217405 -1.567405  0.227008 -0.222375 8.05061E-11
 ir  77  -0.435968 -1.755968  0.038445 -0.410938 4.91789E-11
 pt  78  -0.080770 -1.700770  0.093643 -0.355740 1.13082E-10
 au  79  -0.869097 -1.669097  0.125316 -0.324066 1.85888E-11
 hg  80  -0.038424 -1.208424  0.585989  0.136606 1.28186E-10
 tl  81  -0.237827 -1.007827  0.786586  0.337203 8.25226E-11
 pb  82   1.956187 -0.083813  1.710600  1.261218 1.30777E-08
 bi  83   0.530440 -0.119560  1.674853  1.225471 4.94880E-10
 po  84   1.598731 -9.000000  0.000000  0.000000 5.79205E-09
#[ls/Fe]_Thiswork =   0.2195, [hs/Fe]_Thiswork =   0.5266
#[hs/ls]_Thiswork =   0.3071, [Pb/hs]_Thiswork =   1.1840
# Elemental abundance ratios: 
# He/H =  1.0683E-01, C/O =  1.0813E+01, N/O = 3.58305E+00
#
#  TP   Mass     Mcore    Menv    log L
# 17 3.231856 0.867608 2.364248 4.401035
# El  Z   log e(X)   [X/H]    [X/Fe]     [X/O]      X(i)
  p   1  12.000000  0.000000  0.000000  0.000000 7.02812E-01
 he   2  11.030117  0.100117  1.894530  1.445147 2.99145E-01
  c   6   8.429867 -0.040133  1.754280  1.304897 2.25333E-03
  n   7   8.059687  0.189687  1.984100  1.534717 1.12050E-03
  o   8   7.393912 -1.336088  0.458325  0.000000 2.76302E-04
  f   9   4.040314 -0.419686  1.374727  0.916402 1.45345E-07
 ne  10   6.733030 -1.236970  0.557443  0.099118 7.60904E-05
 na  11   5.105724 -1.204276  0.590137  0.131812 2.04476E-06
 mg  12   6.180816 -1.459184  0.335229 -0.123096 2.56975E-05
 al  13   4.657929 -1.812070 -0.017657 -0.475983 8.55820E-07
 si  14   5.913481 -1.636519  0.157894 -0.300431 1.60454E-05
  p  15   3.783278 -1.686722  0.107691 -0.350635 1.31115E-07
  s  16   5.686012 -1.473988  0.320426 -0.137900 1.08498E-05
 cl  17   3.472567 -1.757433  0.036980 -0.421346 7.33836E-08
 ar  18   4.989626 -1.450374  0.344039 -0.114286 2.71957E-06
  k  19   3.482526 -1.597474  0.196939 -0.261386 8.28056E-08
 ca  20   4.822545 -1.467455  0.326958 -0.131368 1.85708E-06
 sc  21   1.551497 -1.498503  0.295910 -0.162416 1.11600E-09
 ti  22   3.496993 -1.413007  0.381406 -0.076919 1.04811E-07
  v  23   2.411124 -1.548876  0.245537 -0.212788 9.15332E-09
 cr  24   3.999546 -1.640454  0.153959 -0.304366 3.62155E-07
 mn  25   3.164051 -2.315949 -0.521536 -0.979861 5.58860E-08
 fe  26   5.745924 -1.794076  0.000000 -0.457988 2.16914E-05
 co  27   3.256416 -1.613584  0.180492 -0.277496 7.41573E-08
 ni  28   4.422827 -1.777173  0.016903 -0.441085 1.08341E-06
 cu  29   2.557778 -1.692222  0.101854 -0.356134 1.60046E-08
 zn  30   3.121317 -1.508683  0.285393 -0.172596 6.03022E-08
 ga  31   1.517448 -1.562551  0.231524 -0.226464 1.60031E-09
 ge  32   1.956440 -1.623560  0.170516 -0.287472 4.58136E-09
 as  33   0.621559 -1.678441  0.115635 -0.342353 2.18548E-10
 se  34   1.731880 -1.608120  0.185956 -0.272032 2.96938E-09
 br  35   0.830554 -1.709446  0.084630 -0.373358 3.77139E-10
 kr  36   1.734371 -1.515629  0.278447 -0.179541 3.16945E-09
 rb  37   0.951731 -1.408269  0.385807 -0.072181 5.33228E-10
 sr  38   1.320488 -1.559512  0.234564 -0.223424 1.27782E-09
  y  39   0.632308 -1.537692  0.256384 -0.201604 2.65839E-10
 zr  40   0.986775 -1.543225  0.250851 -0.207137 6.16968E-10
 nb  41  -0.161856 -1.571856  0.222220 -0.235768 4.46239E-11
 mo  42   0.286495 -1.653505  0.140571 -0.317417 1.29382E-10
 tc  43  -1.485005 -9.000000  0.000000  0.000000 2.23666E-12
 ru  44  -0.009694 -1.769694  0.024382 -0.433606 6.89139E-11
 rh  45  -0.687876 -1.747876  0.046200 -0.411788 1.47212E-11
 pd  46  -0.064539 -1.714539  0.079537 -0.378451 6.39533E-11
 ag  47  -0.567297 -1.767297  0.026779 -0.431209 2.03692E-11
 cd  48   0.009215 -1.700785  0.093291 -0.364697 8.00578E-11
 in  49  -0.970482 -1.730482  0.063594 -0.394394 8.56853E-12
 sn  50   0.408486 -1.661514  0.132562 -0.325426 2.12008E-10
 sb  51  -0.903658 -1.913658 -0.119582 -0.577570 1.05980E-11
 te  52   0.097007 -2.082993 -0.288917 -0.746906 1.11234E-10
  i  53  -0.227604 -1.777604  0.016472 -0.441516 5.23902E-11
 xe  54   0.514009 -1.725991  0.068085 -0.389903 2.98971E-10
 cs  55  -0.463383 -1.543383  0.250693 -0.207295 3.18814E-11
 ba  56   0.878100 -1.301900  0.492176  0.034188 7.23161E-10
 la  57  -0.115470 -1.285470  0.508606  0.050618 7.42387E-11
 ce  58   0.418174 -1.161826  0.632250  0.174261 2.55882E-10
 pr  59  -0.563733 -1.323733  0.470343  0.012355 2.68276E-11
 nd  60   0.165588 -1.284412  0.509664  0.051676 1.47249E-10
 pm  61   0.000000 -9.000000  0.000000  0.000000 1.91417E-29
 sm  62  -0.545246 -1.485246  0.308830 -0.149158 2.98721E-11
 eu  63  -1.177857 -1.687857  0.106219 -0.351770 7.03497E-12
 gd  64  -0.512773 -1.562773  0.231303 -0.226685 3.36664E-11
 tb  65  -1.335287 -1.655287  0.138789 -0.319199 5.12016E-12
 dy  66  -0.407083 -1.537083  0.256993 -0.200995 4.43761E-11
 ho  67  -1.193812 -1.663812  0.130264 -0.327725 7.35980E-12
 er  68  -0.584132 -1.504132  0.289944 -0.168045 3.03834E-11
 tm  69  -1.446574 -1.566574  0.227502 -0.230487 4.21232E-12
 yb  70  -0.387033 -1.307034  0.487042  0.029054 4.94871E-11
 lu  71  -1.272276 -1.362276  0.431800 -0.026188 6.51716E-12
 hf  72  -0.422340 -1.132340  0.661736  0.203747 4.70601E-11
 ta  73  -1.341806 -1.221806  0.572270  0.114281 5.74283E-12
  w  74  -0.480723 -1.130723  0.663353  0.205364 4.23736E-11
 re  75  -1.209836 -1.469836  0.324240 -0.133748 8.00827E-12
 os  76  -0.204812 -1.554812  0.239264 -0.218724 8.27649E-11
 ir  77  -0.433036 -1.753036  0.041040 -0.416948 4.94464E-11
 pt  78  -0.072674 -1.692674  0.101402 -0.356586 1.15057E-10
 au  79  -0.860918 -1.660918  0.133158 -0.324830 1.89171E-11
 hg  80  -0.015662 -1.185662  0.608414  0.150426 1.34904E-10
 tl  81  -0.213389 -0.983389  0.810687  0.352698 8.71836E-11
 pb  82   1.991302 -0.048698  1.745378  1.287389 1.41602E-08
 bi  83   0.581893 -0.068107  1.725969  1.267981 5.56386E-10
 po  84   1.624507 -9.000000  0.000000  0.000000 6.13808E-09
#[ls/Fe]_Thiswork =   0.2473, [hs/Fe]_Thiswork =   0.5443
#[hs/ls]_Thiswork =   0.2971, [Pb/hs]_Thiswork =   1.2010
# Elemental abundance ratios: 
# He/H =  1.0718E-01, C/O =  1.0863E+01, N/O = 4.63206E+00
#
#  TP   Mass     Mcore    Menv    log L
# 18 3.128320 0.867829 2.260491 4.404653
# El  Z   log e(X)   [X/H]    [X/Fe]     [X/O]      X(i)
  p   1  12.000000  0.000000  0.000000  0.000000 7.01592E-01
 he   2  11.031995  0.101995  1.896070  1.438082 2.99920E-01
  c   6   8.434054 -0.035946  1.758130  1.300142 2.27121E-03
  n   7   8.192391  0.322392  2.116467  1.658479 1.51831E-03
  o   8   7.405048 -1.324951  0.469125  0.000000 2.82986E-04
  f   9   4.095327 -0.364673  1.429403  0.960279 1.64687E-07
 ne  10   6.778578 -1.191422  0.602654  0.133530 8.43575E-05
 na  11   5.125528 -1.184472  0.609604  0.140480 2.13644E-06
 mg  12   6.197661 -1.442338  0.351737 -0.117387 2.66674E-05
 al  13   4.667334 -1.802666 -0.008590 -0.477715 8.73035E-07
 si  14   5.916070 -1.633930  0.160146 -0.308979 1.61133E-05
  p  15   3.801241 -1.668759  0.125317 -0.343808 1.36415E-07
  s  16   5.686566 -1.473433  0.320642 -0.148482 1.08448E-05
 cl  17   3.477204 -1.752796  0.041280 -0.427845 7.40425E-08
 ar  18   4.990091 -1.449909  0.344167 -0.124958 2.71775E-06
  k  19   3.484709 -1.595291  0.198785 -0.270340 8.30782E-08
 ca  20   4.822879 -1.467121  0.326955 -0.142170 1.85528E-06
 sc  21   1.562438 -1.487562  0.306514 -0.162611 1.14248E-09
 ti  22   3.497797 -1.412203  0.381873 -0.087252 1.04823E-07
  v  23   2.411666 -1.548334  0.245742 -0.223383 9.14884E-09
 cr  24   4.000084 -1.639916  0.154160 -0.314965 3.61975E-07
 mn  25   3.164468 -2.315532 -0.521456 -0.990581 5.58424E-08
 fe  26   5.746374 -1.793626  0.000000 -0.468675 2.16762E-05
 co  27   3.278177 -1.591823  0.201804 -0.266871 7.78323E-08
 ni  28   4.426660 -1.773340  0.020287 -0.448389 1.09112E-06
 cu  29   2.618258 -1.631742  0.161884 -0.306791 1.83641E-08
 zn  30   3.130019 -1.499981  0.293645 -0.175030 6.14159E-08
 ga  31   1.560364 -1.519636  0.273990 -0.194685 1.76345E-09
 ge  32   1.997960 -1.582040  0.211586 -0.257089 5.03223E-09
 as  33   0.649693 -1.650306  0.143320 -0.325355 2.32770E-10
 se  34   1.782537 -1.557463  0.236163 -0.232512 3.33094E-09
 br  35   0.855350 -1.684650  0.108976 -0.359699 3.98604E-10
 kr  36   1.791020 -1.458980  0.334647 -0.134028 3.60478E-09
 rb  37   1.026456 -1.333544  0.460082 -0.008593 6.32243E-10
 sr  38   1.365186 -1.514814  0.278812 -0.189863 1.41388E-09
  y  39   0.671739 -1.498261  0.295365 -0.173310 2.90599E-10
 zr  40   1.019273 -1.510727  0.282899 -0.185776 6.63753E-10
 nb  41  -0.135188 -1.545188  0.248438 -0.220237 4.73674E-11
 mo  42   0.316031 -1.623970  0.169657 -0.299018 1.38247E-10
 tc  43  -1.425805 -9.000000  0.000000  0.000000 2.55885E-12
 ru  44   0.012161 -1.747839  0.045788 -0.422888 7.23448E-11
 rh  45  -0.679921 -1.739921  0.053705 -0.414970 1.49673E-11
 pd  46  -0.044548 -1.694548  0.099078 -0.369597 6.68496E-11
 ag  47  -0.562395 -1.762395  0.031231 -0.437444 2.05647E-11
 cd  48   0.026008 -1.683992  0.109634 -0.359041 8.30693E-11
 in  49  -0.960454 -1.720454  0.073172 -0.395503 8.75346E-12
 sn  50   0.421312 -1.648688  0.144939 -0.323736 2.17984E-10
 sb  51  -0.895961 -1.905961 -0.112334 -0.581010 1.07688E-11
 te  52   0.107710 -2.072290 -0.278664 -0.747339 1.13811E-10
  i  53  -0.226050 -1.776050  0.017576 -0.451099 5.24867E-11
 xe  54   0.523720 -1.716280  0.077346 -0.391329 3.05201E-10
 cs  55  -0.444580 -1.524580  0.269046 -0.199629 3.32342E-11
 ba  56   0.908562 -1.271438  0.522188  0.053513 7.74358E-10
 la  57  -0.086489 -1.256489  0.537138  0.068462 7.92240E-11
 ce  58   0.454562 -1.125438  0.668188  0.199513 2.77763E-10
 pr  59  -0.533437 -1.293437  0.500190  0.031514 2.87160E-11
 nd  60   0.198110 -1.251890  0.541736  0.073061 1.58424E-10
 pm  61   0.000000 -9.000000  0.000000  0.000000 1.72860E-29
 sm  62  -0.513198 -1.453198  0.340428 -0.128247 3.21040E-11
 eu  63  -1.166105 -1.676105  0.117521 -0.351154 7.21539E-12
 gd  64  -0.491146 -1.541146  0.252480 -0.216195 3.53239E-11
 tb  65  -1.320664 -1.640664  0.152962 -0.315713 5.28631E-12
 dy  66  -0.383841 -1.513841  0.279786 -0.188889 4.67344E-11
 ho  67  -1.179913 -1.649913  0.143714 -0.324961 7.58598E-12
 er  68  -0.558019 -1.478019  0.315608 -0.153068 3.22103E-11
 tm  69  -1.424826 -1.544826  0.248801 -0.219875 4.42095E-12
 yb  70  -0.350145 -1.270145  0.523481  0.054806 5.37806E-11
 lu  71  -1.239402 -1.329402  0.464224 -0.004451 7.01744E-12
 hf  72  -0.381177 -1.091177  0.702449  0.233774 5.16490E-11
 ta  73  -1.302086 -1.182086  0.611540  0.142865 6.28192E-12
  w  74  -0.439381 -1.089381  0.704246  0.235571 4.65247E-11
 re  75  -1.180516 -1.440516  0.353110 -0.115565 8.55272E-12
 os  76  -0.181655 -1.531655  0.261971 -0.206704 8.71462E-11
 ir  77  -0.427436 -1.747436  0.046190 -0.422485 5.00012E-11
 pt  78  -0.057582 -1.677582  0.116044 -0.352631 1.18919E-10
 au  79  -0.845656 -1.645656  0.147970 -0.320705 1.95597E-11
 hg  80   0.025202 -1.144798  0.648828  0.180153 1.47957E-10
 tl  81  -0.169258 -0.939258  0.854368  0.385693 9.63408E-11
 pb  82   2.032463 -0.007537  1.786089  1.317414 1.55409E-08
 bi  83   0.638997 -0.011003  1.782623  1.313948 6.33471E-10
 po  84   1.655225 -9.000000  0.000000  0.000000 6.57651E-09
#[ls/Fe]_Thiswork =   0.2857, [hs/Fe]_Thiswork =   0.5758
#[hs/ls]_Thiswork =   0.2901, [Pb/hs]_Thiswork =   1.2103
# Elemental abundance ratios: 
# He/H =  1.0765E-01, C/O =  1.0691E+01, N/O = 6.12834E+00
#
#  TP   Mass     Mcore    Menv    log L
# 19 3.007837 0.868056 2.139781 4.405347
# El  Z   log e(X)   [X/H]    [X/Fe]     [X/O]      X(i)
  p   1  12.000000  0.000000  0.000000  0.000000 7.00295E-01
 he   2  11.033978  0.103977  1.897604  1.428928 3.00735E-01
  c   6   8.448987 -0.021013  1.772613  1.303938 2.34632E-03
  n   7   8.289189  0.419189  2.212816  1.744141 1.89389E-03
  o   8   7.417490 -1.312509  0.481117  0.000000 2.90672E-04
  f   9   4.136145 -0.323855  1.469771  0.988654 1.80581E-07
 ne  10   6.826320 -1.143680  0.649947  0.168829 9.39857E-05
 na  11   5.150670 -1.159330  0.634296  0.153179 2.25959E-06
 mg  12   6.219904 -1.420095  0.373531 -0.107586 2.80169E-05
 al  13   4.678717 -1.791283  0.002344 -0.478774 8.94565E-07
 si  14   5.918934 -1.631066  0.162560 -0.318557 1.61899E-05
  p  15   3.823069 -1.646931  0.146695 -0.334422 1.43181E-07
  s  16   5.687121 -1.472879  0.320747 -0.160370 1.08386E-05
 cl  17   3.482018 -1.747983  0.045644 -0.435473 7.47293E-08
 ar  18   4.990571 -1.449429  0.344198 -0.136919 2.71573E-06
  k  19   3.487255 -1.592745  0.200881 -0.280236 8.34123E-08
 ca  20   4.823195 -1.466805  0.326821 -0.154296 1.85320E-06
 sc  21   1.575738 -1.474262  0.319364 -0.161753 1.17583E-09
 ti  22   3.498667 -1.411333  0.382293 -0.098824 1.04839E-07
  v  23   2.412234 -1.547766  0.245861 -0.235257 9.14389E-09
 cr  24   4.000605 -1.639395  0.154231 -0.326886 3.61739E-07
 mn  25   3.164865 -2.315135 -0.521508 -1.002625 5.57903E-08
 fe  26   5.746817 -1.793183  0.000000 -0.480674 2.16582E-05
 co  27   3.297947 -1.572053  0.221130 -0.259544 8.13067E-08
 ni  28   4.431116 -1.768884  0.024299 -0.456375 1.10033E-06
 cu  29   2.684587 -1.565413  0.227770 -0.252903 2.13548E-08
 zn  30   3.141830 -1.488170  0.305013 -0.175661 6.29924E-08
 ga  31   1.614447 -1.465553  0.327630 -0.153044 1.99362E-09
 ge  32   2.050711 -1.529289  0.263894 -0.216780 5.67162E-09
 as  33   0.686914 -1.613086  0.180097 -0.300576 2.53130E-10
 se  34   1.847288 -1.492712  0.300471 -0.180203 3.85937E-09
 br  35   0.889429 -1.650571  0.142612 -0.338062 4.30346E-10
 kr  36   1.866474 -1.383526  0.409657 -0.071017 4.28084E-09
 rb  37   1.124319 -1.235681  0.557502  0.076828 7.90576E-10
 sr  38   1.428092 -1.451908  0.341275 -0.139399 1.63123E-09
  y  39   0.728500 -1.441500  0.351683 -0.128991 3.30561E-10
 zr  40   1.072232 -1.457768  0.335415 -0.145259 7.48448E-10
 nb  41  -0.092867 -1.502867  0.290316 -0.190358 5.21192E-11
 mo  42   0.366838 -1.573162  0.220021 -0.260653 1.55117E-10
 tc  43  -1.320044 -9.000000  0.000000  0.000000 3.25839E-12
 ru  44   0.052195 -1.707805  0.085377 -0.395296 7.91840E-11
 rh  45  -0.664360 -1.724360  0.068823 -0.411851 1.54846E-11
 pd  46  -0.005765 -1.655765  0.137418 -0.343256 7.29590E-11
 ag  47  -0.552204 -1.752204  0.040979 -0.439695 2.10140E-11
 cd  48   0.061285 -1.648715  0.144468 -0.336206 8.99319E-11
 in  49  -0.938144 -1.698144  0.095039 -0.385635 9.19786E-12
 sn  50   0.449429 -1.620571  0.172611 -0.308062 2.32133E-10
 sb  51  -0.880182 -1.890182 -0.096999 -0.577673 1.11466E-11
 te  52   0.127428 -2.052572 -0.259389 -0.740063 1.18877E-10
  i  53  -0.223295 -1.773295  0.019888 -0.460786 5.27230E-11
 xe  54   0.541124 -1.698876  0.094307 -0.386367 3.17093E-10
 cs  55  -0.412627 -1.492627  0.300556 -0.180118 3.57055E-11
 ba  56   0.952090 -1.227910  0.565273  0.084599 8.54410E-10
 la  57  -0.051174 -1.221174  0.572009  0.091335 8.57763E-11
 ce  58   0.492507 -1.087493  0.705690  0.225016 3.02563E-10
 pr  59  -0.501561 -1.261561  0.531622  0.050948 3.08457E-11
 nd  60   0.230588 -1.219412  0.573771  0.093097 1.70410E-10
 pm  61   0.000000 -9.000000  0.000000  0.000000 1.65660E-29
 sm  62  -0.481421 -1.421421  0.371762 -0.108912 3.44772E-11
 eu  63  -1.153975 -1.663975  0.129208 -0.351465 7.40605E-12
 gd  64  -0.469336 -1.519336  0.273847 -0.206826 3.70745E-11
 tb  65  -1.305706 -1.625706  0.167477 -0.313197 5.46143E-12
 dy  66  -0.360566 -1.490566  0.302617 -0.178057 4.92161E-11
 ho  67  -1.165727 -1.635727  0.157456 -0.323218 7.82336E-12
 er  68  -0.532194 -1.452194  0.340989 -0.139685 3.41205E-11
 tm  69  -1.403180 -1.523180  0.270003 -0.210671 4.63828E-12
 yb  70  -0.314505 -1.234505  0.558678  0.078004 5.82723E-11
 lu  71  -1.207476 -1.297476  0.495707  0.015033 7.53878E-12
 hf  72  -0.342360 -1.052360  0.740823  0.260149 5.63734E-11
 ta  73  -1.265018 -1.145018  0.648165  0.167492 6.82899E-12
  w  74  -0.400728 -1.050728  0.742455  0.261781 5.07612E-11
 re  75  -1.152933 -1.412933  0.380250 -0.100424 9.09670E-12
 os  76  -0.159451 -1.509451  0.283732 -0.196941 9.15480E-11
 ir  77  -0.421929 -1.741929  0.051253 -0.429420 5.05456E-11
 pt  78  -0.043159 -1.663159  0.130024 -0.350649 1.22707E-10
 au  79  -0.831208 -1.631208  0.161975 -0.318699 2.01839E-11
 hg  80   0.061167 -1.108833  0.684350  0.203676 1.60434E-10
 tl  81  -0.131392 -0.901392  0.891791  0.411118 1.04924E-10
 pb  82   2.070403  0.030403  1.823586  1.342912 1.69283E-08
 bi  83   0.696360  0.046360  1.839543  1.358869 7.21580E-10
 po  84   1.683139 -9.000000  0.000000  0.000000 7.00012E-09
#[ls/Fe]_Thiswork =   0.3428, [hs/Fe]_Thiswork =   0.6143
#[hs/ls]_Thiswork =   0.2715, [Pb/hs]_Thiswork =   1.2093
# Elemental abundance ratios: 
# He/H =  1.0814E-01, C/O =  1.0752E+01, N/O = 7.44215E+00
#
#  TP   Mass     Mcore    Menv    log L
# 20 2.869536 0.868274 2.001262 4.402122
# El  Z   log e(X)   [X/H]    [X/Fe]     [X/O]      X(i)
  p   1  12.000000  0.000000  0.000000  0.000000 6.98924E-01
 he   2  11.036099  0.106099  1.899282  1.418608 3.01616E-01
  c   6   8.485065  0.015065  1.808248  1.327574 2.54457E-03
  n   7   8.345125  0.475125  2.268308  1.787634 2.15001E-03
  o   8   7.430305 -1.299695  0.493488  0.000000 2.98791E-04
  f   9   4.188914 -0.271086  1.522097  1.028608 2.03513E-07
 ne  10   6.876636 -1.093364  0.699819  0.206330 1.05324E-04
 na  11   5.178091 -1.131909  0.661274  0.167786 2.40215E-06
 mg  12   6.244853 -1.395147  0.398036 -0.095452 2.96155E-05
 al  13   4.692373 -1.777627  0.015556 -0.477932 9.21333E-07
 si  14   5.922041 -1.627959  0.165224 -0.328264 1.62742E-05
  p  15   3.845490 -1.624510  0.168673 -0.324816 1.50472E-07
  s  16   5.687711 -1.472289  0.320894 -0.172595 1.08321E-05
 cl  17   3.487142 -1.742858  0.050324 -0.443164 7.54683E-08
 ar  18   4.991075 -1.448925  0.344258 -0.149230 2.71356E-06
  k  19   3.489931 -1.590069  0.203114 -0.290374 8.37637E-08
 ca  20   4.823526 -1.466474  0.326709 -0.166779 1.85098E-06
 sc  21   1.589603 -1.460397  0.332786 -0.160702 1.21160E-09
 ti  22   3.499586 -1.410414  0.382769 -0.110719 1.04856E-07
  v  23   2.412840 -1.547160  0.246023 -0.247466 9.13872E-09
 cr  24   4.001157 -1.638843  0.154340 -0.339149 3.61490E-07
 mn  25   3.165281 -2.314719 -0.521536 -1.015024 5.57345E-08
 fe  26   5.747283 -1.792717  0.000000 -0.493022 2.16390E-05
 co  27   3.318965 -1.551035  0.241682 -0.251340 8.51712E-08
 ni  28   4.435802 -1.764198  0.028519 -0.464503 1.11009E-06
 cu  29   2.744530 -1.505470  0.287246 -0.205776 2.44674E-08
 zn  30   3.153623 -1.476377  0.316339 -0.176683 6.45995E-08
 ga  31   1.664257 -1.415743  0.376974 -0.116048 2.23153E-09
 ge  32   2.100125 -1.479875  0.312842 -0.180180 6.34265E-09
 as  33   0.723476 -1.576524  0.216193 -0.276829 2.74825E-10
 se  34   1.908500 -1.431500  0.361216 -0.131806 4.43482E-09
 br  35   0.925023 -1.614977  0.177740 -0.315282 4.66188E-10
 kr  36   1.939955 -1.310045  0.482671 -0.010351 5.06009E-09
 rb  37   1.216076 -1.143924  0.648793  0.155771 9.74650E-10
 sr  38   1.492656 -1.387344  0.405372 -0.087650 1.88899E-09
  y  39   0.788894 -1.381106  0.411610 -0.081412 3.79135E-10
 zr  40   1.125280 -1.404720  0.387997 -0.105025 8.44032E-10
 nb  41  -0.047550 -1.457550  0.335166 -0.157856 5.77382E-11
 mo  42   0.415298 -1.524702  0.268015 -0.225007 1.73088E-10
 tc  43  -1.236183 -9.000000  0.000000  0.000000 3.94469E-12
 ru  44   0.089005 -1.670995  0.121721 -0.371301 8.60193E-11
 rh  45  -0.649517 -1.709517  0.083200 -0.409822 1.59916E-11
 pd  46   0.028903 -1.621097  0.171620 -0.321402 7.88671E-11
 ag  47  -0.542616 -1.742616  0.050101 -0.442921 2.14411E-11
 cd  48   0.092196 -1.617805  0.174912 -0.318110 9.63770E-11
 in  49  -0.918333 -1.678333  0.114383 -0.378639 9.60830E-12
 sn  50   0.472758 -1.597242  0.195475 -0.297547 2.44464E-10
 sb  51  -0.867255 -1.877255 -0.084539 -0.577561 1.14609E-11
 te  52   0.143214 -2.036786 -0.244069 -0.737091 1.23037E-10
  i  53  -0.221028 -1.771028  0.021688 -0.471334 5.28953E-11
 xe  54   0.554271 -1.685729  0.106987 -0.386035 3.26199E-10
 cs  55  -0.388947 -1.468948  0.323769 -0.169253 3.76325E-11
 ba  56   0.981271 -1.198729  0.593987  0.100965 9.12003E-10
 la  57  -0.026814 -1.196814  0.595902  0.102880 9.05475E-11
 ce  58   0.519623 -1.060377  0.732339  0.239317 3.21425E-10
 pr  59  -0.478476 -1.238476  0.554241  0.061219 3.24660E-11
 nd  60   0.254348 -1.195652  0.597064  0.104042 1.79640E-10
 pm  61   0.000000 -9.000000  0.000000  0.000000 1.47458E-29
 sm  62  -0.457949 -1.397949  0.394768 -0.098254 3.63206E-11
 eu  63  -1.144598 -1.654598  0.138119 -0.354903 7.55288E-12
 gd  64  -0.452767 -1.502767  0.289949 -0.203073 3.84409E-11
 tb  65  -1.294187 -1.614187  0.178530 -0.314492 5.59726E-12
 dy  66  -0.342952 -1.472952  0.319765 -0.173257 5.11530E-11
 ho  67  -1.154785 -1.624785  0.167931 -0.325091 8.00726E-12
 er  68  -0.512668 -1.432668  0.360049 -0.132973 3.56198E-11
 tm  69  -1.386660 -1.506660  0.286057 -0.206965 4.80870E-12
 yb  70  -0.288131 -1.208131  0.584586  0.091564 6.17996E-11
 lu  71  -1.183650 -1.273650  0.519066  0.026044 7.94833E-12
 hf  72  -0.313711 -1.023711  0.769005  0.275983 6.00997E-11
 ta  73  -1.237361 -1.117361  0.675356  0.182334 7.26377E-12
  w  74  -0.372160 -1.022160  0.770557  0.277535 5.41066E-11
 re  75  -1.131855 -1.391855  0.400862 -0.092160 9.53038E-12
 os  76  -0.142488 -1.492489  0.300228 -0.192794 9.50080E-11
 ir  77  -0.417562 -1.737562  0.055155 -0.437867 5.09565E-11
 pt  78  -0.031913 -1.651913  0.140804 -0.352218 1.25680E-10
 au  79  -0.819887 -1.619887  0.172829 -0.320193 2.06764E-11
 hg  80   0.088484 -1.081516  0.711200  0.218178 1.70515E-10
 tl  81  -0.102237 -0.872237  0.920480  0.427458 1.11989E-10
 pb  82   2.107280  0.067280  1.859996  1.366974 1.83924E-08
 bi  83   0.750205  0.100205  1.892922  1.399900 8.15228E-10
 po  84   1.708951 -9.000000  0.000000  0.000000 7.41424E-09
#[ls/Fe]_Thiswork =   0.4017, [hs/Fe]_Thiswork =   0.6407
#[hs/ls]_Thiswork =   0.2391, [Pb/hs]_Thiswork =   1.2193
# Elemental abundance ratios: 
# He/H =  1.0867E-01, C/O =  1.1344E+01, N/O = 8.21902E+00
#
#  TP   Mass     Mcore    Menv    log L
# 21 2.707359 0.868511 1.838848 4.395800
# El  Z   log e(X)   [X/H]    [X/Fe]     [X/O]      X(i)
  p   1  12.000000  0.000000  0.000000  0.000000 6.97446E-01
 he   2  11.038406  0.108406  1.901123  1.408101 3.02581E-01
  c   6   8.535899  0.065899  1.858615  1.365593 2.85449E-03
  n   7   8.378143  0.508143  2.300860  1.807838 2.31493E-03
  o   8   7.444030 -1.285969  0.506747  0.000000 3.07732E-04
  f   9   4.244192 -0.215808  1.576908  1.070161 2.30648E-07
 ne  10   6.930282 -1.039718  0.752998  0.246251 1.18919E-04
 na  11   5.209356 -1.100644  0.692073  0.185326 2.57600E-06
 mg  12   6.274735 -1.365264  0.427452 -0.079295 3.16578E-05
 al  13   4.709012 -1.760988  0.031728 -0.475019 9.55290E-07
 si  14   5.925509 -1.624491  0.168226 -0.338521 1.63700E-05
  p  15   3.869406 -1.600594  0.192122 -0.314625 1.58655E-07
  s  16   5.688337 -1.471663  0.321054 -0.185693 1.08248E-05
 cl  17   3.492663 -1.737337  0.055380 -0.451367 7.62723E-08
 ar  18   4.991613 -1.448387  0.344330 -0.162417 2.71118E-06
  k  19   3.492876 -1.587124  0.205593 -0.301155 8.41552E-08
 ca  20   4.823872 -1.466128  0.326588 -0.180159 1.84853E-06
 sc  21   1.604645 -1.445355  0.347361 -0.159386 1.25165E-09
 ti  22   3.500587 -1.409413  0.383303 -0.123444 1.04875E-07
  v  23   2.413492 -1.546508  0.246209 -0.260539 9.13309E-09
 cr  24   4.001740 -1.638259  0.154457 -0.352290 3.61210E-07
 mn  25   3.165721 -2.314279 -0.521563 -1.028310 5.56728E-08
 fe  26   5.747776 -1.792224  0.000000 -0.506255 2.16177E-05
 co  27   3.340308 -1.529692  0.262533 -0.243722 8.92722E-08
 ni  28   4.440972 -1.759027  0.033197 -0.473058 1.12101E-06
 cu  29   2.803980 -1.446020  0.346204 -0.160051 2.79974E-08
 zn  30   3.166624 -1.463376  0.328848 -0.177407 6.64219E-08
 ga  31   1.714280 -1.365720  0.426505 -0.079751 2.49866E-09
 ge  32   2.149604 -1.430396  0.361828 -0.144427 7.09299E-09
 as  33   0.761008 -1.538992  0.253233 -0.253022 2.98997E-10
 se  34   1.967770 -1.372230  0.419994 -0.086261 5.07256E-09
 br  35   0.962152 -1.577848  0.214376 -0.291879 5.06722E-10
 kr  36   2.010424 -1.239576  0.552648  0.046393 5.93892E-09
 rb  37   1.300575 -1.059425  0.732800  0.226545 1.18149E-09
 sr  38   1.555435 -1.324565  0.467659 -0.038596 2.17815E-09
  y  39   0.848082 -1.321918  0.470306 -0.035949 4.33573E-10
 zr  40   1.177998 -1.352002  0.440222 -0.066033 9.50948E-10
 nb  41  -0.002101 -1.412101  0.380123 -0.126132 6.39725E-11
 mo  42   0.463629 -1.476371  0.315853 -0.190402 1.93054E-10
 tc  43  -1.160039 -9.000000  0.000000  0.000000 4.69069E-12
 ru  44   0.126952 -1.633048  0.159177 -0.347079 9.36752E-11
 rh  45  -0.633401 -1.693401  0.098824 -0.407432 1.65611E-11
 pd  46   0.065198 -1.584802  0.207422 -0.298833 8.55600E-11
 ag  47  -0.531894 -1.731894  0.060331 -0.445925 2.19305E-11
 cd  48   0.125516 -1.584484  0.207740 -0.298515 1.03842E-10
 in  49  -0.896214 -1.656214  0.136010 -0.370245 1.00889E-11
 sn  50   0.499012 -1.570988  0.221236 -0.285019 2.59149E-10
 sb  51  -0.852320 -1.862320 -0.070095 -0.576350 1.18368E-11
 te  52   0.161190 -2.018810 -0.226586 -0.732841 1.27965E-10
  i  53  -0.218385 -1.768385  0.023840 -0.482415 5.31056E-11
 xe  54   0.569949 -1.670051  0.122174 -0.384082 3.37474E-10
 cs  55  -0.361768 -1.441768  0.350457 -0.155799 3.99782E-11
 ba  56   1.021219 -1.158781  0.633444  0.127188 9.97758E-10
 la  57   0.008938 -1.161062  0.631162  0.124907 9.81090E-11
 ce  58   0.560274 -1.019726  0.772498  0.266243 3.52218E-10
 pr  59  -0.443439 -1.203439  0.588786  0.082531 3.51194E-11
 nd  60   0.290565 -1.159436  0.632789  0.126534 1.94850E-10
 pm  61   0.000000 -9.000000  0.000000  0.000000 1.69539E-30
 sm  62  -0.421939 -1.361939  0.430285 -0.075970 3.93771E-11
 eu  63  -1.129578 -1.639578  0.152647 -0.353608 7.80213E-12
 gd  64  -0.426702 -1.476702  0.315522 -0.190733 4.07322E-11
 tb  65  -1.275821 -1.595821  0.196404 -0.309851 5.82668E-12
 dy  66  -0.315306 -1.445306  0.346919 -0.159336 5.43998E-11
 ho  67  -1.137271 -1.607271  0.184953 -0.321302 8.31913E-12
 er  68  -0.482087 -1.402087  0.390137 -0.116118 3.81375E-11
 tm  69  -1.360630 -1.480630  0.311594 -0.194661 5.09492E-12
 yb  70  -0.247626 -1.167626  0.624598  0.118343 6.76972E-11
 lu  71  -1.146829 -1.236829  0.555396  0.049141 8.63332E-12
 hf  72  -0.269876 -0.979876  0.812348  0.306093 6.63418E-11
 ta  73  -1.194980 -1.074980  0.717245  0.210990 7.99142E-12
  w  74  -0.328477 -0.978477  0.813748  0.307492 5.97053E-11
 re  75  -1.098928 -1.358928  0.433296 -0.072959 1.02593E-11
 os  76  -0.115725 -1.465725  0.326500 -0.179755 1.00833E-10
 ir  77  -0.410448 -1.730448  0.061776 -0.444479 5.16885E-11
 pt  78  -0.013906 -1.633906  0.158318 -0.347937 1.30723E-10
 au  79  -0.801792 -1.601792  0.190432 -0.315823 2.15105E-11
 hg  80   0.129972 -1.040028  0.752196  0.245941 1.87211E-10
 tl  81  -0.058613 -0.828613  0.963612  0.457356 1.23561E-10
 pb  82   2.143479  0.103479  1.895704  1.389449 1.99489E-08
 bi  83   0.801107  0.151107  1.943332  1.437077 9.14665E-10
 po  84   1.733664 -9.000000  0.000000  0.000000 7.83177E-09
#[ls/Fe]_Thiswork =   0.4594, [hs/Fe]_Thiswork =   0.6790
#[hs/ls]_Thiswork =   0.2196, [Pb/hs]_Thiswork =   1.2167
# Elemental abundance ratios: 
# He/H =  1.0925E-01, C/O =  1.2356E+01, N/O = 8.59237E+00
#
#  TP   Mass     Mcore    Menv    log L
# 22 2.509542 0.868743 1.640800 4.386721
# El  Z   log e(X)   [X/H]    [X/Fe]     [X/O]      X(i)
  p   1  12.000000  0.000000  0.000000  0.000000 6.95824E-01
 he   2  11.040911  0.110910  1.903135  1.396880 3.03623E-01
  c   6   8.603621  0.133620  1.925845  1.419590 3.32843E-03
  n   7   8.390321  0.520321  2.312545  1.806290 2.37522E-03
  o   8   7.459757 -1.270242  0.521982  0.000000 3.18338E-04
  f   9   4.292602 -0.167398  1.624826  1.102844 2.57246E-07
 ne  10   6.986910 -0.983089  0.809135  0.287153 1.35167E-04
 na  11   5.247334 -1.062666  0.729558  0.207576 2.80486E-06
 mg  12   6.313282 -1.326717  0.465507 -0.056475 3.45158E-05
 al  13   4.729752 -1.740248  0.051976 -0.470006 9.99688E-07
 si  14   5.929582 -1.620418  0.171806 -0.350176 1.64858E-05
  p  15   3.898412 -1.571588  0.220636 -0.301346 1.69219E-07
  s  16   5.688993 -1.471006  0.321218 -0.200764 1.08159E-05
 cl  17   3.498590 -1.731410  0.060815 -0.461167 7.71405E-08
 ar  18   4.992190 -1.447810  0.344415 -0.177567 2.70847E-06
  k  19   3.496328 -1.583672  0.208553 -0.313429 8.46295E-08
 ca  20   4.824211 -1.465789  0.326435 -0.195547 1.84568E-06
 sc  21   1.622425 -1.427575  0.364650 -0.157333 1.30092E-09
 ti  22   3.501712 -1.408288  0.383936 -0.138046 1.04903E-07
  v  23   2.414184 -1.545816  0.246408 -0.275574 9.12637E-09
 cr  24   4.002324 -1.637676  0.154548 -0.367434 3.60855E-07
 mn  25   3.166165 -2.313835 -0.521610 -1.043592 5.56003E-08
 fe  26   5.748280 -1.791720  0.000000 -0.521478 2.15925E-05
 co  27   3.359879 -1.510121  0.281599 -0.239879 9.31700E-08
 ni  28   4.446959 -1.753041  0.038680 -0.482799 1.13393E-06
 cu  29   2.868546 -1.381454  0.410267 -0.111211 3.24096E-08
 zn  30   3.183847 -1.446153  0.345568 -0.175910 6.89483E-08
 ga  31   1.775119 -1.304881  0.486839 -0.034639 2.86770E-09
 ge  32   2.209788 -1.370212  0.421509 -0.099969 8.12836E-09
 as  33   0.808035 -1.491965  0.299755 -0.221723 3.32417E-10
 se  34   2.038447 -1.301553  0.490168 -0.031310 5.95516E-09
 br  35   1.008471 -1.531529  0.260191 -0.261287 5.62443E-10
 kr  36   2.094395 -1.155605  0.636115  0.114637 7.18898E-09
 rb  37   1.400244 -0.959756  0.831964  0.310486 1.48281E-09
 sr  38   1.631157 -1.248843  0.542877  0.021399 2.58702E-09
  y  39   0.918286 -1.251714  0.540007  0.018528 5.08459E-10
 zr  40   1.239315 -1.290685  0.501035 -0.020443 1.09260E-09
 nb  41   0.051561 -1.358439  0.433282 -0.088196 7.22177E-11
 mo  42   0.518819 -1.421181  0.370539 -0.150939 2.18704E-10
 tc  43  -1.078974 -9.000000  0.000000  0.000000 5.64016E-12
 ru  44   0.170113 -1.589887  0.201833 -0.319645 1.03222E-10
 rh  45  -0.614212 -1.674212  0.117508 -0.403970 1.72690E-11
 pd  46   0.106299 -1.543701  0.248020 -0.273458 9.38343E-11
 ag  47  -0.518974 -1.718974  0.072746 -0.448732 2.25402E-11
 cd  48   0.164089 -1.545911  0.245810 -0.275669 1.13224E-10
 in  49  -0.869587 -1.629587  0.162133 -0.359345 1.07019E-11
 sn  50   0.531340 -1.538660  0.253060 -0.268418 2.78526E-10
 sb  51  -0.833429 -1.843429 -0.051709 -0.573187 1.23343E-11
 te  52   0.182899 -1.997101 -0.205380 -0.726858 1.34211E-10
  i  53  -0.215194 -1.765194  0.026527 -0.494951 5.33729E-11
 xe  54   0.586173 -1.653827  0.137893 -0.383585 3.49505E-10
 cs  55  -0.335681 -1.415681  0.376039 -0.145439 4.23545E-11
 ba  56   1.056217 -1.123783  0.667938  0.146459 1.07898E-09
 la  57   0.038607 -1.131393  0.660327  0.138849 1.04801E-10
 ce  58   0.591669 -0.988331  0.803389  0.281911 3.77743E-10
 pr  59  -0.416161 -1.176161  0.615560  0.094082 3.73091E-11
 nd  60   0.317945 -1.132056  0.659665  0.138187 2.07047E-10
 pm  61   0.000000 -9.000000  0.000000  0.000000 4.52501E-32
 sm  62  -0.394652 -1.334652  0.457068 -0.064410 4.18330E-11
 eu  63  -1.117776 -1.627776  0.163944 -0.357534 7.99842E-12
 gd  64  -0.406621 -1.456621  0.335099 -0.186379 4.25607E-11
 tb  65  -1.261437 -1.581437  0.210283 -0.311195 6.00888E-12
 dy  66  -0.294030 -1.424030  0.367690 -0.153788 5.69984E-11
 ho  67  -1.123520 -1.593520  0.198200 -0.323278 8.56680E-12
 er  68  -0.458746 -1.378746  0.412974 -0.108504 4.01497E-11
 tm  69  -1.340620 -1.460620  0.331100 -0.190378 5.32275E-12
 yb  70  -0.217130 -1.137130  0.654591  0.133112 7.24530E-11
 lu  71  -1.118921 -1.208921  0.582799  0.061321 9.18489E-12
 hf  72  -0.237245 -0.947245  0.844476  0.322998 7.13523E-11
 ta  73  -1.163713 -1.043712  0.748008  0.226530 8.56801E-12
  w  74  -0.295781 -0.945781  0.845939  0.324461 6.42240E-11
 re  75  -1.074154 -1.334154  0.457566 -0.063912 1.08363E-11
 os  76  -0.094936 -1.444936  0.346784 -0.174694 1.05531E-10
 ir  77  -0.404726 -1.724726  0.066994 -0.454484 5.22523E-11
 pt  78   0.000299 -1.619701  0.172020 -0.349458 1.34756E-10
 au  79  -0.787560 -1.587560  0.204160 -0.317318 2.21754E-11
 hg  80   0.160944 -1.009056  0.782664  0.261186 2.00582E-10
 tl  81  -0.026163 -0.796163  0.995557  0.474079 1.32838E-10
 pb  82   2.180164  0.140164  1.931885  1.410407 2.16568E-08
 bi  83   0.855947  0.205948  1.997668  1.476190 1.03536E-09
 po  84   1.758168 -9.000000  0.000000  0.000000 8.26711E-09
#[ls/Fe]_Thiswork =   0.5280, [hs/Fe]_Thiswork =   0.7106
#[hs/ls]_Thiswork =   0.1826, [Pb/hs]_Thiswork =   1.2213
# Elemental abundance ratios: 
# He/H =  1.0988E-01, C/O =  1.3927E+01, N/O = 8.52243E+00
#
#  TP   Mass     Mcore    Menv    log L
# 23 2.244473 0.868986 1.375488 4.377352
# El  Z   log e(X)   [X/H]    [X/Fe]     [X/O]      X(i)
  p   1  12.000000  0.000000  0.000000  0.000000 6.93976E-01
 he   2  11.043759  0.113759  1.905479  1.384001 3.04810E-01
  c   6   8.673105  0.203105  1.994825  1.473347 3.89554E-03
  n   7   8.399013  0.529013  2.320733  1.799255 2.41681E-03
  o   8   7.477183 -1.252816  0.538904  0.000000 3.30491E-04
  f   9   4.344952 -0.115048  1.676672  1.137768 2.89430E-07
 ne  10   7.049092 -0.920907  0.870813  0.331909 1.55560E-04
 na  11   5.292245 -1.017755  0.773966  0.235062 3.10219E-06
 mg  12   6.359590 -1.280410  0.511311 -0.027594 3.82974E-05
 al  13   4.755934 -1.714066  0.077655 -0.461249 1.05899E-06
 si  14   5.934480 -1.615520  0.176200 -0.362704 1.66285E-05
  p  15   3.932042 -1.537958  0.253763 -0.285141 1.82357E-07
  s  16   5.689741 -1.470259  0.321461 -0.217443 1.08058E-05
 cl  17   3.505239 -1.724761  0.066960 -0.471944 7.81224E-08
 ar  18   4.992845 -1.447155  0.344565 -0.194339 2.70535E-06
  k  19   3.500323 -1.579677  0.212044 -0.326860 8.51847E-08
 ca  20   4.824585 -1.465415  0.326306 -0.212598 1.84236E-06
 sc  21   1.642833 -1.407167  0.384553 -0.154351 1.35989E-09
 ti  22   3.503023 -1.406977  0.384744 -0.154160 1.04941E-07
  v  23   2.414976 -1.545024  0.246696 -0.292208 9.11875E-09
 cr  24   4.002968 -1.637032  0.154689 -0.384215 3.60431E-07
 mn  25   3.166659 -2.313341 -0.521620 -1.060524 5.55157E-08
 fe  26   5.748840 -1.791160  0.000000 -0.538344 2.15629E-05
 co  27   3.380158 -1.489841  0.301319 -0.237025 9.73646E-08
 ni  28   4.453869 -1.746130  0.045030 -0.493314 1.14905E-06
 cu  29   2.935026 -1.314974  0.476186 -0.062158 3.76702E-08
 zn  30   3.203858 -1.426142  0.365018 -0.173326 7.20078E-08
 ga  31   1.839046 -1.240953  0.550207  0.011863 3.31365E-09
 ge  32   2.273399 -1.306601  0.484560 -0.053784 9.38552E-09
 as  33   0.859435 -1.440565  0.350595 -0.187749 3.73189E-10
 se  34   2.112442 -1.227558  0.563602  0.025258 7.04259E-09
 br  35   1.060413 -1.479587  0.311574 -0.226770 6.32216E-10
 kr  36   2.183368 -1.066632  0.724528  0.186184 8.80006E-09
 rb  37   1.503301 -0.856699  0.934461  0.396117 1.87494E-09
 sr  38   1.714189 -1.165812  0.625349  0.087005 3.12375E-09
  y  39   0.997408 -1.172592  0.618568  0.080224 6.08447E-10
 zr  40   1.312080 -1.217920  0.573241  0.034897 1.28847E-09
 nb  41   0.115685 -1.294315  0.496846 -0.041498 8.34859E-11
 mo  42   0.586473 -1.353527  0.437634 -0.100710 2.54892E-10
 tc  43  -0.982534 -9.000000  0.000000  0.000000 7.02385E-12
 ru  44   0.225307 -1.534693  0.256468 -0.281876 1.16900E-10
 rh  45  -0.587947 -1.647947  0.143213 -0.395131 1.82969E-11
 pd  46   0.159990 -1.490010  0.301150 -0.237193 1.05900E-10
 ag  47  -0.500689 -1.700689  0.090472 -0.447872 2.34470E-11
 cd  48   0.215979 -1.494021  0.297139 -0.241205 1.27254E-10
 in  49  -0.832217 -1.592217  0.198943 -0.339401 1.16326E-11
 sn  50   0.577196 -1.492804  0.298356 -0.239988 3.08722E-10
 sb  51  -0.805473 -1.815473 -0.024313 -0.562657 1.31194E-11
 te  52   0.214498 -1.965503 -0.174342 -0.712686 1.43957E-10
  i  53  -0.210349 -1.760349  0.030811 -0.507533 5.38282E-11
 xe  54   0.609125 -1.630875  0.160285 -0.378059 3.67494E-10
 cs  55  -0.299956 -1.379956  0.411204 -0.127140 4.58637E-11
 ba  56   1.098410 -1.081590  0.709570  0.171226 1.18590E-09
 la  57   0.071777 -1.098223  0.692937  0.154594 1.12819E-10
 ce  58   0.623580 -0.956420  0.834740  0.296396 4.05463E-10
 pr  59  -0.388165 -1.148165  0.642996  0.104652 3.96876E-11
 nd  60   0.345160 -1.104840  0.686321  0.147977 2.19852E-10
 pm  61   0.000000 -9.000000  0.000000  0.000000 0.00000E+00
 sm  62  -0.368016 -1.308016  0.483144 -0.055200 4.43609E-11
 eu  63  -1.105764 -1.615764  0.175396 -0.362948 8.20088E-12
 gd  64  -0.386603 -1.436603  0.354557 -0.183787 4.44500E-11
 tb  65  -1.246943 -1.566943  0.224217 -0.314127 6.19630E-12
 dy  66  -0.272984 -1.402984  0.388177 -0.150167 5.96697E-11
 ho  67  -1.109685 -1.579685  0.211475 -0.326869 8.82061E-12
 er  68  -0.435714 -1.355714  0.435446 -0.102898 4.22240E-11
 tm  69  -1.320764 -1.440764  0.350397 -0.187947 5.55696E-12
 yb  70  -0.187707 -1.107707  0.683453  0.145109 7.73255E-11
 lu  71  -1.091885 -1.181885  0.609275  0.070932 9.74890E-12
 hf  72  -0.205898 -0.915898  0.875262  0.336918 7.64890E-11
 ta  73  -1.133404 -1.013404  0.777756  0.239412 9.16293E-12
  w  74  -0.264509 -0.914509  0.876651  0.338307 6.88358E-11
 re  75  -1.049787 -1.309787  0.481374 -0.056970 1.14312E-11
 os  76  -0.074614 -1.424614  0.366547 -0.171797 1.10293E-10
 ir  77  -0.398928 -1.718928  0.072232 -0.466112 5.28138E-11
 pt  78   0.014417 -1.605583  0.185577 -0.352767 1.38838E-10
 au  79  -0.773372 -1.573372  0.217788 -0.320555 2.28510E-11
 hg  80   0.190785 -0.979215  0.811946  0.273602 2.14279E-10
 tl  81   0.005380 -0.764620  1.026540  0.488196 1.42465E-10
 pb  82   2.217669  0.177670  1.968830  1.430486 2.35474E-08
 bi  83   0.911374  0.261374  2.052534  1.514190 1.17317E-09
 po  84   1.784000 -9.000000  0.000000  0.000000 8.75044E-09
#[ls/Fe]_Thiswork =   0.6057, [hs/Fe]_Thiswork =   0.7457
#[hs/ls]_Thiswork =   0.1400, [Pb/hs]_Thiswork =   1.2231
# Elemental abundance ratios: 
# He/H =  1.1060E-01, C/O =  1.5701E+01, N/O = 8.35275E+00
#
# Final abundances
# El  Z   log e(X)   [X/H]    [X/Fe]     [X/O]      X(i)
  p   1  12.000000  0.000000  0.000000  0.000000 6.88517E-01
 he   2  11.052228  0.122228  1.911770  1.327404 3.08367E-01
  c   6   8.833933  0.363933  2.153475  1.569108 5.59714E-03
  n   7   8.407867  0.537868  2.327410  1.743043 2.44718E-03
  o   8   7.524824 -1.205176  0.584366  0.000000 3.65907E-04
  f   9   4.482579  0.022579  1.812121  1.227755 3.94222E-07
 ne  10   7.216132 -0.753868  1.035675  0.451308 2.26729E-04
 na  11   5.427503 -0.882497  0.907045  0.322679 4.20238E-06
 mg  12   6.499136 -1.140863  0.648679  0.064312 5.23945E-05
 al  13   4.842521 -1.627479  0.162063 -0.422303 1.28247E-06
 si  14   5.950381 -1.599619  0.189923 -0.394444 1.71130E-05
  p  15   4.028033 -1.441967  0.347576 -0.236791 2.25676E-07
  s  16   5.691932 -1.468068  0.321475 -0.262892 1.07750E-05
 cl  17   3.524364 -1.705637  0.083906 -0.500461 8.09974E-08
 ar  18   4.994908 -1.445092  0.344450 -0.239916 2.69685E-06
  k  19   3.507919 -1.572081  0.217462 -0.366905 8.60059E-08
 ca  20   4.825645 -1.464355  0.325187 -0.259179 1.83233E-06
 sc  21   1.702683 -1.347317  0.442226 -0.142141 1.54855E-09
 ti  22   3.506982 -1.403018  0.386524 -0.197842 1.05068E-07
  v  23   2.417299 -1.542701  0.246841 -0.337525 9.09556E-09
 cr  24   4.004785 -1.635215  0.154327 -0.430039 3.59095E-07
 mn  25   3.168067 -2.311933 -0.522391 -1.106757 5.52578E-08
 fe  26   5.750458 -1.789542  0.000000 -0.584366 2.14732E-05
 co  27   3.431313 -1.438687  0.350855 -0.233511 1.08674E-07
 ni  28   4.475013 -1.724987  0.064555 -0.519811 1.19689E-06
 cu  29   3.070253 -1.179747  0.609796  0.025429 5.10265E-08
 zn  30   3.263706 -1.366294  0.423248 -0.161118 8.19970E-08
 ga  31   2.000340 -1.079660  0.709882  0.125515 4.76617E-09
 ge  32   2.434439 -1.145561  0.643981  0.059615 1.34918E-08
 as  33   0.995927 -1.304073  0.485469 -0.098897 5.06979E-10
 se  34   2.295311 -1.044689  0.744853  0.160487 1.06456E-08
 br  35   1.189164 -1.350836  0.438706 -0.145660 8.43698E-10
 kr  36   2.398674 -0.851326  0.938216  0.353850 1.43338E-08
 rb  37   1.744921 -0.615079  1.174463  0.590097 3.24473E-09
 sr  38   1.920555 -0.959445  0.830097  0.245731 4.98440E-09
  y  39   1.199605 -0.970395  0.819147  0.234781 9.61590E-10
 zr  40   1.502941 -1.027059  0.762483  0.178117 1.98383E-09
 nb  41   0.290534 -1.119466  0.670076  0.085710 1.23889E-10
 mo  42   0.768695 -1.171305  0.618237  0.033871 3.84724E-10
 tc  43  -0.731388 -9.000000  0.000000  0.000000 1.24249E-11
 ru  44   0.373411 -1.386589  0.402953 -0.181413 1.63113E-10
 rh  45  -0.508482 -1.568482  0.221060 -0.363306 2.17978E-11
 pd  46   0.304962 -1.345038  0.444504 -0.139862 1.46703E-10
 ag  47  -0.443863 -1.643863  0.145679 -0.438687 2.65146E-11
 cd  48   0.357446 -1.352554  0.436988 -0.147378 1.74868E-10
 in  49  -0.723898 -1.483898  0.305644 -0.278722 1.48104E-11
 sn  50   0.707904 -1.362096  0.427446 -0.156920 4.13853E-10
 sb  51  -0.719160 -1.729160  0.060382 -0.523984 1.58781E-11
 te  52   0.309926 -1.870074 -0.080532 -0.664898 1.77923E-10
  i  53  -0.193949 -1.743949  0.045594 -0.538773 5.54602E-11
 xe  54   0.676523 -1.563477  0.226065 -0.358301 4.25814E-10
 cs  55  -0.186350 -1.266350  0.523192 -0.061174 5.91080E-11
 ba  56   1.208910 -0.971090  0.818452  0.234086 1.51747E-09
 la  57   0.163321 -1.006678  0.782864  0.198497 1.38196E-10
 ce  58   0.713413 -0.866587  0.922955  0.338589 4.94715E-10
 pr  59  -0.308074 -1.068074  0.721468  0.137102 4.73497E-11
 nd  60   0.422190 -1.027810  0.761732  0.177366 2.60453E-10
 pm  61   0.000000 -9.000000  0.000000  0.000000 1.87774E-27
 sm  62  -0.290995 -1.230995  0.558547 -0.025819 5.25524E-11
 eu  63  -1.072639 -1.582639  0.206903 -0.377464 8.78124E-12
 gd  64  -0.327123 -1.377123  0.412420 -0.171947 5.05735E-11
 tb  65  -1.202847 -1.522846  0.266696 -0.317671 6.80456E-12
 dy  66  -0.210732 -1.340732  0.448810 -0.135557 6.83244E-11
 ho  67  -1.067402 -1.537402  0.252140 -0.332226 9.64610E-12
 er  68  -0.367830 -1.287830  0.501712 -0.082654 4.89794E-11
 tm  69  -1.261627 -1.381627  0.407915 -0.176451 6.31749E-12
 yb  70  -0.103125 -1.023125  0.766418  0.182051 9.32131E-11
 lu  71  -1.013570 -1.103570  0.685972  0.101606 1.15835E-11
 hf  72  -0.116579 -0.826579  0.962963  0.378597 9.32157E-11
 ta  73  -1.047339 -0.927339  0.862203  0.277836 1.10833E-11
  w  74  -0.175564 -0.825564  0.963978  0.379612 8.38168E-11
 re  75  -0.978415 -1.238415  0.551127 -0.033240 1.33670E-11
 os  76  -0.014311 -1.364311  0.425231 -0.159135 1.25725E-10
 ir  77  -0.380780 -1.700780  0.088762 -0.495604 5.46344E-11
 pt  78   0.057509 -1.562491  0.227052 -0.357315 1.52115E-10
 au  79  -0.730211 -1.530211  0.259331 -0.325035 2.50401E-11
 hg  80   0.275444 -0.894556  0.894986  0.310620 2.58349E-10
 tl  81   0.093930 -0.676070  1.113472  0.529106 1.73312E-10
 pb  82   2.311015  0.271015  2.060557  1.476191 2.89640E-08
 bi  83   1.045813  0.395813  2.185355  1.600989 1.58625E-09
 po  84   1.849722 -9.000000  0.000000  0.000000 1.01000E-08
#[ls/Fe]_Thiswork =   0.8039, [hs/Fe]_Thiswork =   0.8414
#[hs/ls]_Thiswork =   0.0375, [Pb/hs]_Thiswork =   1.2191
# Elemental abundance ratios: 
# He/H =  1.1278E-01, C/O =  2.0375E+01, N/O = 7.63912E+00
