                               1                                2                                3                                4                                5                                6                                7                                8 
                  version_number                 initial_don_mass                 initial_acc_mass              initial_period_days                         compiler                            build                 MESA_SDK_version                             date 
                      "r23.05.1"          1.9998978124480158E+000          1.2000098602358065E+000          1.3824997505743997E+003                       "gfortran"                         "10.2.0"            "x86_64-linux-21.4.1"                       "20260426" 

                               1                                2                                3                                4                                5                                6                                7                                8                                9                               10                               11                               12                               13                               14                               15                               16                               17                               18                               19                               20                               21                               22                               23                               24                               25                               26                               27                               28                               29                               30                               31                               32                               33                               34                               35                               36                               37                               38                               39 
                    model_number                              age                      period_days                binary_separation                          v_orb_1                          v_orb_2                             rl_1                             rl_2           rl_relative_overflow_1           rl_relative_overflow_2                      star_1_mass                      star_2_mass                lg_mtransfer_rate                   lg_mstar_dot_1                   lg_mstar_dot_2                 lg_system_mdot_1                 lg_system_mdot_2                   lg_wind_mdot_1                   lg_wind_mdot_2              fixed_xfer_fraction                eff_xfer_fraction                            J_orb                             Jdot                          jdot_mb                          jdot_gr                          jdot_ml                          jdot_ls                jdot_missing_wind                       extra_jdot                      donor_index                 point_mass_index                       Omega_star                        Omega_orb                   beta_accretion                    eta_accretion                           f_conv                vwind_over_vorbit         angular_momentum_j_orbit               wind_mass_transfer 
                              10          1.6514412510767238E+003          1.3846277197398897E+003          7.7038110034060594E+002          1.0556211947607517E+001          1.7592642617852732E+001          3.2647653301975186E+002          2.5859523185658583E+002         -5.7210056817375909E-001         -1.0000000000000000E+000          1.9998977726501981E+000          1.2000098689107812E+000         -7.0119393521797647E+001         -1.0592442118512706E+001         -1.1254204892963747E+001         -9.8999999999999986E+001         -9.8999999999999986E+001         -1.0699174259302660E+001         -9.8999999999999986E+001          8.0000000000000004E-001          2.1788996320853657E-001          2.2498285913070182E+053          2.7837844228302889E+039          0.0000000000000000E+000         -1.2942156062570561E+026         -9.2772988500481793E+034          2.7838771958189191E+039          0.0000000000000000E+000          0.0000000000000000E+000                                1                                2          1.2632712793750724E-007          5.2521014226186122E-008          2.1788996396075536E-001          4.8824503656688006E-001          1.0000000000000000E+000          5.3284170223850824E-001          2.2498285913070182E+053         -3.5091105499474669E+014 
                              20          3.6173572457080659E+003          1.3879734413476872E+003          7.7162159583438404E+002          1.0547723375700425E+001          1.7578495183668938E+001          3.2700223478631818E+002          2.5901163361390002E+002         -5.5623520650914304E-001         -1.0000000000000000E+000          1.9998977180702497E+000          1.2000098807944011E+000         -6.3799089288076217E+001         -1.0529402444485347E+001         -1.1191744380336795E+001         -9.8999999999999986E+001         -9.8999999999999986E+001         -1.0635973372736036E+001         -9.8999999999999986E+001          8.0000000000000004E-001          2.1759958569956592E-001          2.2516392162361229E+053          3.0008678695106257E+039          0.0000000000000000E+000         -1.2870373843382467E+026         -1.0731422380301207E+035          3.0009751837345574E+039          0.0000000000000000E+000          0.0000000000000000E+000                                1                                2          1.1190236347212407E-007          5.2394411881411157E-008          2.1759958661288775E-001          4.8789641900195890E-001          1.0000000000000000E+000          5.3326523846437968E-001          2.2516392162361229E+053         -4.0518892185425869E+014 
                              30          5.5839973750991567E+003          1.3914645349240507E+003          7.7291492846342658E+002          1.0538895031627703E+001          1.7563781404009493E+001          3.2755032780519616E+002          2.5944577165539459E+002         -5.4312752109687024E-001         -1.0000000000000000E+000          1.9998976556782133E+000          1.2000098943601964E+000         -5.9064545820219962E+001         -1.0474559753076802E+001         -1.1137515531403681E+001         -9.8999999999999986E+001         -9.8999999999999986E+001         -1.0580960114819659E+001         -9.8999999999999986E+001          8.0000000000000004E-001          2.1729224236116046E-001          2.2535254105753832E+053          3.0484219318751058E+039          0.0000000000000000E+000         -1.2794768174309989E+026         -1.2181677595766349E+035          3.0485437486511911E+039          0.0000000000000000E+000          0.0000000000000000E+000                                1                                2          1.0014074639733024E-007          5.2262957726335251E-008          2.1729224332789218E-001          4.8752698242203107E-001          1.0000000000000000E+000          5.3371426334166794E-001          2.2535254105753832E+053         -4.5907792698618288E+014 
                              40          7.2646676400348497E+003          1.3944341623768867E+003          7.7401422388199148E+002          1.0531408618586266E+001          1.7551304076896947E+001          3.2801619073896029E+002          2.5981477676047774E+002         -5.3280549890737350E-001         -1.0000000000000000E+000          1.9998975959887977E+000          1.2000099073213752E+000         -5.5610847172368501E+001         -1.0429611310831989E+001         -1.1093098245616588E+001         -9.8999999999999986E+001         -9.8999999999999986E+001         -1.0535864330145916E+001         -9.8999999999999986E+001          8.0000000000000004E-001          2.1702664923847612E-001          2.2551273779519544E+053          2.9831257458864605E+039          0.0000000000000000E+000         -1.2729738564028130E+026         -1.3515564679829837E+035          2.9832609015333862E+039          0.0000000000000000E+000          0.0000000000000000E+000                                1                                2          9.1313743654081410E-008          5.2151657015109138E-008          2.1702665009650496E-001          4.8720735796919445E-001          1.0000000000000000E+000          5.3410290920574388E-001          2.2551273779519544E+053         -5.0851491750124562E+014 
                              50          8.5304001652632778E+003          1.3966039632138625E+003          7.7481694611910905E+002          1.0525952011240507E+001          1.7542209685333457E+001          3.2835637067595275E+002          2.6008423014683717E+002         -5.2535078443739991E-001         -1.0000000000000000E+000          1.9998975468605751E+000          1.2000099179781223E+000         -5.3244205603499154E+001         -1.0396065151804859E+001         -1.1059944927644187E+001         -9.8999999999999986E+001         -9.8999999999999986E+001         -1.0502209345252453E+001         -9.8999999999999986E+001          8.0000000000000004E-001          2.1683042655232937E-001          2.2562964378658303E+053          2.8723790052210574E+039          0.0000000000000000E+000         -1.2681875350467896E+026         -1.4605355941264983E+035          2.8725250587805969E+039          0.0000000000000000E+000          0.0000000000000000E+000                                1                                2          8.5250207745090595E-008          5.2070632822122700E-008          2.1683042720972948E-001          4.8697099442843322E-001          1.0000000000000000E+000          5.3439041353813022E-001          2.2562964378658303E+053         -5.4885422997973956E+014 
                              60          9.4352189202257541E+003          1.3980974725305603E+003          7.7536923115869308E+002          1.0522202716114091E+001          1.7535960784736204E+001          3.2859041944357887E+002          2.6026961831355453E+002         -5.2019476855770908E-001         -1.0000000000000000E+000          1.9998975093992022E+000          1.2000099260980777E+000         -5.1693047066922951E+001         -1.0372720526713568E+001         -1.1036867363679796E+001         -9.8999999999999986E+001         -9.8999999999999986E+001         -1.0478790809920657E+001         -9.8999999999999986E+001          8.0000000000000004E-001          2.1669713179560274E-001          2.2571004154906155E+053          2.7694754142197103E+039          0.0000000000000000E+000         -1.2649449271909697E+026         -1.5415094834436265E+035          2.7696295651681814E+039          0.0000000000000000E+000          0.0000000000000000E+000                                1                                2          8.1341890125295217E-008          5.2015008678045370E-008          2.1669713235605442E-001          4.8681032451342077E-001          1.0000000000000000E+000          5.3458589581505966E-001          2.2571004154906155E+053         -5.7880807263788138E+014 
                              70          1.0291072293209776E+004          1.3994588615789692E+003          7.7587248791207730E+002          1.0518789755696863E+001          1.7530272411086418E+001          3.2880369072899191E+002          2.6043854905946091E+002         -5.1537988483769226E-001         -1.0000000000000000E+000          1.9998974721129110E+000          1.2000099341754400E+000         -5.0327891865261073E+001         -1.0351241911111707E+001         -1.1015626985444754E+001         -9.8999999999999986E+001         -9.8999999999999986E+001         -1.0457246310119723E+001         -9.8999999999999986E+001          8.0000000000000004E-001          2.1657829262318173E-001          2.2578327704737971E+053          2.6614377980611769E+039          0.0000000000000000E+000         -1.2620599329687247E+026         -1.6199607159235009E+035          2.6615997941328954E+039          0.0000000000000000E+000          0.0000000000000000E+000                                1                                2          7.8000713623510881E-008          5.1964408646053515E-008          2.1657829320332070E-001          4.8666700594498985E-001          1.0000000000000000E+000          5.3476030125474527E-001          2.2578327704737971E+053         -6.0781996027818500E+014 
                              80          1.1134337426870086E+004          1.4007431228583494E+003          7.7634708351091615E+002          1.0515574219851468E+001          1.7524913043744085E+001          3.2900481576352479E+002          2.6059785912084976E+002         -5.1070800397239569E-001         -1.0000000000000000E+000          1.9998974335354665E+000          1.2000099425280646E+000         -4.9042664814692607E+001         -1.0330168996042980E+001         -1.0994778955167479E+001         -9.8999999999999986E+001         -9.8999999999999986E+001         -1.0436111245800147E+001         -9.8999999999999986E+001          8.0000000000000004E-001          2.1646617386918238E-001          2.2585231977273065E+053          2.5367001236922885E+039          0.0000000000000000E+000         -1.2593432248619692E+026         -1.7007970858046928E+035          2.5368702034009948E+039          0.0000000000000000E+000          0.0000000000000000E+000                                1                                2          7.4912469696872717E-008          5.1916765450923034E-008          2.1646617446569044E-001          4.8653172889791907E-001          1.0000000000000000E+000          5.3492495043188981E-001          2.2585231977273065E+053         -6.3770964883403562E+014 
                              90          1.1962137338836799E+004          1.4019402099426227E+003          7.7678933326468882E+002          1.0512580502270483E+001          1.7519923338118399E+001          3.2919223303466265E+002          2.6074631164457719E+002         -5.0620701494109976E-001         -1.0000000000000000E+000          1.9998973938086069E+000          1.2000099511252686E+000         -4.7841636812982493E+001         -1.0309689138145346E+001         -1.0974508634398745E+001         -9.8999999999999986E+001         -9.8999999999999986E+001         -1.0415573517090071E+001         -9.8999999999999986E+001          8.0000000000000004E-001          2.1636175909487512E-001          2.2591663775984021E+053          2.3983080953009882E+039          0.0000000000000000E+000         -1.2568176646832069E+026         -1.7832090359073567E+035          2.3984864162047047E+039          0.0000000000000000E+000          0.0000000000000000E+000                                1                                2          7.2084636769471401E-008          5.1872434823312970E-008          2.1636175971058066E-001          4.8640569198298167E-001          1.0000000000000000E+000          5.3507837940209457E-001          2.2591663775984021E+053         -6.6817974876552775E+014 
                             100          1.2774994508842257E+004          1.4030467630410999E+003          7.7719802409226156E+002          1.0509816240128075E+001          1.7515316022298723E+001          3.2936542845703553E+002          2.6088349943243281E+002         -5.0188546486541119E-001         -1.0000000000000000E+000          1.9998973529528137E+000          1.2000099599626941E+000         -4.6720977896665914E+001         -1.0289851736661243E+001         -1.0954865248237590E+001         -9.8999999999999986E+001         -9.8999999999999986E+001         -1.0395682563428613E+001         -9.8999999999999986E+001          8.0000000000000004E-001          2.1626512392389377E-001          2.2597605868799447E+053          2.2465903374363825E+039          0.0000000000000000E+000         -1.2544841121037446E+026         -1.8668279871289617E+035          2.2467770202352209E+039          0.0000000000000000E+000          0.0000000000000000E+000                                1                                2          6.9502965794061534E-008          5.1831524138800296E-008          2.1626512454940319E-001          4.8628899836575157E-001          1.0000000000000000E+000          5.3522045736929513E-001          2.2597605868799447E+053         -6.9909580328088162E+014 
                             110          1.3567363708750046E+004          1.4040531222153998E+003          7.7756961604362175E+002          1.0507304809776159E+001          1.7511130058570366E+001          3.2952290186647434E+002          2.6100823420786514E+002         -4.9778122948735815E-001         -1.0000000000000000E+000          1.9998973113077652E+000          1.2000099689670207E+000         -4.5686327068982450E+001         -1.0270896870806592E+001         -1.0936086646462050E+001         -9.8999999999999986E+001         -9.8999999999999986E+001         -1.0376679071557897E+001         -9.8999999999999986E+001          8.0000000000000004E-001          2.1617736771274534E-001          2.2603007192495280E+053          2.0874693230022468E+039          0.0000000000000000E+000         -1.2523681553648681E+026         -1.9503737356965997E+035          2.0876643603759418E+039          0.0000000000000000E+000          0.0000000000000000E+000                                1                                2          6.7177322236231490E-008          5.1794373742558372E-008          2.1617736835520510E-001          4.8618298742930144E-001          1.0000000000000000E+000          5.3534954843933413E-001          2.2603007192495280E+053         -7.2998728704529300E+014 
                             120          1.4339578629524351E+004          1.4049604760092059E+003          7.7790457445470236E+002          1.0505042527459320E+001          1.7507359308428850E+001          3.2966485046888994E+002          2.6112067216808794E+002         -4.9379727534896950E-001         -1.0000000000000000E+000          1.9998972689367713E+000          1.2000099781247893E+000         -4.4711114166235980E+001         -1.0252398747882532E+001         -1.0917747703331303E+001         -9.8999999999999986E+001         -9.8999999999999986E+001         -1.0358137057295027E+001         -9.8999999999999986E+001          8.0000000000000004E-001          2.1609814781781853E-001          2.2607874896890769E+053          1.9217645982333330E+039          0.0000000000000000E+000         -1.2504606204337523E+026         -2.0354896506196440E+035          1.9219681471985201E+039          0.0000000000000000E+000          0.0000000000000000E+000                                1                                2          6.5062199156556171E-008          5.1760923818296714E-008          2.1609814846914477E-001          4.8608725647799089E-001          1.0000000000000000E+000          5.3546613789589281E-001          2.2607874896890769E+053         -7.6147252841079350E+014 
                             130          1.5094690909936031E+004          1.4057733392652524E+003          7.7820458920700059E+002          1.0503017508561570E+001          1.7503983964346851E+001          3.2979199040827029E+002          2.6122138056216107E+002         -4.9005981214280736E-001         -1.0000000000000000E+000          1.9998972257572696E+000          1.2000099874540819E+000         -4.3815754512473220E+001         -1.0234923165795731E+001         -1.0900414709091473E+001         -9.8999999999999986E+001         -9.8999999999999986E+001         -1.0340622176260325E+001         -9.8999999999999986E+001          8.0000000000000004E-001          2.1602720997908964E-001          2.2612233877653183E+053          1.7523792025603150E+039          0.0000000000000000E+000         -1.2487545912114706E+026         -2.1192971773642924E+035          1.7525911322781763E+039          0.0000000000000000E+000          0.0000000000000000E+000                                1                                2          6.3171350297191306E-008          5.1730993991136310E-008          2.1602721064145231E-001          4.8600150808252818E-001          1.0000000000000000E+000          5.3557058358206000E-001          2.2612233877653183E+053         -7.9247803573941462E+014 
                             140          1.5830946617626530E+004          1.4064922531328959E+003          7.7846988020815058E+002          1.0501227858827505E+001          1.7501000871612195E+001          3.2990441488732819E+002          2.6131043319852552E+002         -4.8643862611922006E-001         -1.0000000000000000E+000          1.9998971819561657E+000          1.2000099969147682E+000         -4.2971616082463044E+001         -1.0217946032736238E+001         -1.0883563824735038E+001         -9.8999999999999986E+001         -9.8999999999999986E+001         -1.0323610261254665E+001         -9.8999999999999986E+001          8.0000000000000004E-001          2.1596442034561655E-001          2.2616087624169941E+053          1.5805350263465649E+039          0.0000000000000000E+000         -1.2472461563372999E+026         -2.2039965596764614E+035          1.5807554260026573E+039          0.0000000000000000E+000          0.0000000000000000E+000                                1                                2          6.1461207150256438E-008          5.1704552232296637E-008          2.1596442101529781E-001          4.8592558899802862E-001          1.0000000000000000E+000          5.3566306821356469E-001          2.2616087624169941E+053         -8.2383097820813500E+014 
                             150          1.6541960931292841E+004          1.4071150642047373E+003          7.7869967078092316E+002          1.0499678452793926E+001          1.7498418159780087E+001          3.3000179478468209E+002          2.6138756934680367E+002         -4.8305273673090415E-001         -1.0000000000000000E+000          1.9998971380249713E+000          1.2000100064009971E+000         -4.2198264283386933E+001         -1.0201985094425888E+001         -1.0867712426600708E+001         -9.8999999999999986E+001         -9.8999999999999986E+001         -1.0307619154701300E+001         -9.8999999999999986E+001          8.0000000000000004E-001          2.1590995546422373E-001          2.2619425116564247E+053          1.4108583010989356E+039          0.0000000000000000E+000         -1.2459389452847426E+026         -2.2866947751477841E+035          1.4110869705765751E+039          0.0000000000000000E+000          0.0000000000000000E+000                                1                                2          5.9949078271400945E-008          5.1681666991129039E-008          2.1590995613401129E-001          4.8585972025518309E-001          1.0000000000000000E+000          5.3574331897198491E-001          2.2619425116564247E+053         -8.5445563194566188E+014 
                             160          1.7229068319454513E+004          1.4076490063339779E+003          7.7889664512974480E+002          1.0498350882272739E+001          1.7496205150996776E+001          3.3008526763069659E+002          2.6145369001622032E+002         -4.7980025852562208E-001         -1.0000000000000000E+000          1.9998970940196059E+000          1.2000100159010356E+000         -4.1473903662750168E+001         -1.0186641823346280E+001         -1.0852463096051485E+001         -9.8999999999999986E+001         -9.8999999999999986E+001         -1.0292250019374972E+001         -9.8999999999999986E+001          8.0000000000000004E-001          2.1586325788205260E-001          2.2622285563678602E+053          1.2436756808998968E+039          0.0000000000000000E+000         -1.2448190598303323E+026         -2.3690958202930760E+035          1.2439125904820505E+039          0.0000000000000000E+000          0.0000000000000000E+000                                1                                2          5.8599225967193891E-008          5.1662063368925088E-008          2.1586325855506286E-001          4.8580323412058130E-001          1.0000000000000000E+000          5.3581214627182994E-001          2.2622285563678602E+053         -8.8499098594479562E+014 
                             170          1.7892158299250470E+004          1.4081000925862411E+003          7.7906303362502456E+002          1.0497229868554520E+001          1.7494336383740880E+001          3.3015577863067602E+002          2.6150954387361219E+002         -4.7671390978548667E-001         -1.0000000000000000E+000          1.9998970500668849E+000          1.2000100253878325E+000         -4.0800032348629131E+001         -1.0172027185352514E+001         -1.0837927985170712E+001         -9.8999999999999986E+001         -9.8999999999999986E+001         -1.0277613491095387E+001         -9.8999999999999986E+001          8.0000000000000004E-001          2.1582373306485822E-001          2.2624701533068020E+053          1.0810110468291505E+039          0.0000000000000000E+000         -1.2438718299896334E+026         -2.4503246488890414E+035          1.0812560792941638E+039          0.0000000000000000E+000          0.0000000000000000E+000                                1                                2          5.7399808369402691E-008          5.1645513376014798E-008          2.1582373373354391E-001          4.8575541651717796E-001          1.0000000000000000E+000          5.3587041760228860E-001          2.2624701533068020E+053         -9.1511138418997912E+014 
                             180          1.8538283514230156E+004          1.4084788563648740E+003          7.7920273092994739E+002          1.0496288982737765E+001          1.7492767808289180E+001          3.3021497827099915E+002          2.6155643826291481E+002         -4.7379938124294124E-001         -1.0000000000000000E+000          1.9998970058174079E+000          1.2000100349370901E+000         -4.0176369415039083E+001         -1.0158230586966662E+001         -1.0824198133555072E+001         -9.8999999999999986E+001         -9.8999999999999986E+001         -1.0263798524230189E+001         -9.8999999999999986E+001          8.0000000000000004E-001          2.1579056563865467E-001          2.2626729712862714E+053          9.2427829922614926E+038          0.0000000000000000E+000         -1.2430773993503876E+026         -2.5295446348306626E+035          9.2453125368975661E+038          0.0000000000000000E+000          0.0000000000000000E+000                                1                                2          5.6340722860761444E-008          5.1631625024260471E-008          2.1579056631349847E-001          4.8571528492983196E-001          1.0000000000000000E+000          5.3591932825925204E-001          2.2626729712862714E+053         -9.4450401785455350E+014 
                             190          1.9165104496041931E+004          1.4087894201278241E+003          7.7931726455514877E+002          1.0495517792848203E+001          1.7491482042194050E+001          3.3026351390154099E+002          2.6159488591467306E+002         -4.7101995184685219E-001         -1.0000000000000000E+000          1.9998969615373088E+000          1.2000100444916326E+000         -3.9591293440487782E+001         -1.0145026742643333E+001         -1.0811049192113170E+001         -9.8999999999999986E+001         -9.8999999999999986E+001         -1.0250579573522721E+001         -9.8999999999999986E+001          8.0000000000000004E-001          2.1576328743114725E-001          2.2628392385093089E+053          7.7237169277884707E+038          0.0000000000000000E+000         -1.2424243164658829E+026         -2.6077405588318150E+035          7.7263246683485446E+038          0.0000000000000000E+000          0.0000000000000000E+000                                1                                2          5.5395268588699135E-008          5.1620242974164360E-008          2.1576328810378517E-001          4.8568227578378353E-001          1.0000000000000000E+000          5.3595956338753004E-001          2.2628392385093089E+053         -9.7353764852524662E+014 
                             200          1.9773778834720768E+004          1.4090377429148734E+003          7.7940883754579261E+002          1.0494901354423781E+001          1.7490454179700386E+001          3.3030231914238669E+002          2.6162562632821289E+002         -4.6836917907283693E-001         -1.0000000000000000E+000          1.9998969172449441E+000          1.2000100540477474E+000         -3.9043520813314878E+001         -1.0132431055022277E+001         -1.0798497488129437E+001         -9.8999999999999986E+001         -9.8999999999999986E+001         -1.0237971785675688E+001         -9.8999999999999986E+001          8.0000000000000004E-001          2.1574143688034436E-001          2.2629721612574733E+053          6.2672565068701646E+038          0.0000000000000000E+000         -1.2419013511953436E+026         -2.6845694257046894E+035          6.2699410762971108E+038          0.0000000000000000E+000          0.0000000000000000E+000                                1                                2          5.4557317192400240E-008          5.1611145643260373E-008          2.1574143755516048E-001          4.8565583277705071E-001          1.0000000000000000E+000          5.3599179972572741E-001          2.2629721612574733E+053         -1.0020847550226888E+015 
                             210          2.0384469224625671E+004          1.4092353011595326E+003          7.7948168579009382E+002          1.0494411075549836E+001          1.7489636553474465E+001          3.3033318903539629E+002          2.6165008143433772E+002         -4.6574360277714255E-001         -1.0000000000000000E+000          1.9998968715127525E+000          1.2000100639136209E+000         -3.8518854972841140E+001         -1.0120145795320521E+001         -1.0786246948603782E+001         -9.8999999999999986E+001         -9.8999999999999986E+001         -1.0225676975298608E+001         -9.8999999999999986E+001          8.0000000000000004E-001          2.1572418987035649E-001          2.2630778938288022E+053          4.8675206696052851E+038          0.0000000000000000E+000         -1.2414886515568741E+026         -2.7616675750273433E+035          4.8702823371815536E+038          0.0000000000000000E+000          0.0000000000000000E+000                                1                                2          5.3805925175950744E-008          5.1603910366561199E-008          2.1572419063744058E-001          4.8563496029977904E-001          1.0000000000000000E+000          5.3601725017162483E-001          2.2630778938288022E+053         -1.0307539189442176E+015 
                             220          2.1203181676856413E+004          1.4094231381747766E+003          7.7955094497298842E+002          1.0493945078425369E+001          1.7488859184659905E+001          3.3036253710501711E+002          2.6167333256537233E+002         -4.6214509036400786E-001         -1.0000000000000000E+000          1.9998968081330528E+000          1.2000100775855480E+000         -3.7834595780422767E+001         -1.0103794597345788E+001         -1.0769928580952126E+001         -9.8999999999999986E+001         -9.8999999999999986E+001         -1.0209316747396583E+001         -9.8999999999999986E+001          8.0000000000000004E-001          2.1570788290017895E-001          2.2631784037151835E+053          3.0774791651411699E+038          0.0000000000000000E+000         -1.2410984683357921E+026         -2.8676984163708826E+035          3.0803468635587817E+038          0.0000000000000000E+000          0.0000000000000000E+000                                1                                2          5.2919638083590774E-008          5.1597032996497071E-008          2.1570788402757221E-001          4.8561522628883225E-001          1.0000000000000000E+000          5.3604132113731884E-001          2.2631784037151835E+053         -1.0702207383556864E+015 
                             230          2.2284803588155050E+004          1.4095350477532820E+003          7.7959220358794425E+002          1.0493667665325997E+001          1.7488395816041439E+001          3.3038001779564792E+002          2.6168718575162001E+002         -4.5746814568745459E-001         -1.0000000000000000E+000          1.9998967205509801E+000          1.2000100964770846E+000         -3.6947538214108214E+001         -1.0082019972489899E+001         -1.0748175409930859E+001         -9.8999999999999986E+001         -9.8999999999999986E+001         -1.0187536222168365E+001         -9.8999999999999986E+001          8.0000000000000004E-001          2.1569722734931043E-001          2.2632382543672842E+053          6.9050679715118790E+037          0.0000000000000000E+000         -1.2408433573259235E+026         -3.0151937087033772E+035          6.9352199086113216E+037          0.0000000000000000E+000          0.0000000000000000E+000                                1                                2          5.1871356085334086E-008          5.1592936466776885E-008          2.1569722884553899E-001          4.8560233505001549E-001          1.0000000000000000E+000          5.3605706432786149E-001          2.2632382543672842E+053         -1.1251917347741071E+015 
                             240          2.3582585351061483E+004          1.4094739008475681E+003          7.7956965008317502E+002          1.0493819810748441E+001          1.7488648057803125E+001          3.3037045472508919E+002          2.6167962002392937E+002         -4.5212650234355622E-001         -1.0000000000000000E+000          1.9998966096255943E+000          1.2000101204034395E+000         -3.5962698969693172E+001         -1.0057106141279840E+001         -1.0723254600390659E+001         -9.8999999999999986E+001         -9.8999999999999986E+001         -1.0162624310143004E+001         -9.8999999999999986E+001          8.0000000000000004E-001          2.1570069324311841E-001          2.2632054668918272E+053         -1.9848542811878898E+038          0.0000000000000000E+000         -1.2409257047148398E+026         -3.1932047308647466E+035         -1.9816610764557842E+038          0.0000000000000000E+000          0.0000000000000000E+000                                1                                2          5.0857877902463910E-008          5.1595174712139029E-008          2.1570069508734924E-001          4.8560654146645738E-001          1.0000000000000000E+000          5.3605198322904390E-001          2.2632054668918272E+053         -1.1916462287096342E+015 
                             250          2.5060586284530546E+004          1.4091655047910908E+003          7.7945592299236932E+002          1.0494585763021353E+001          1.7489922971943788E+001          3.3032225249778037E+002          2.6164145090519713E+002         -4.4628497689691127E-001         -1.0000000000000000E+000          1.9998964753695254E+000          1.2000101493641424E+000         -3.4913712081045084E+001         -1.0029613836165028E+001         -1.0695713603761819E+001         -9.8999999999999986E+001         -9.8999999999999986E+001         -1.0135145397293082E+001         -9.8999999999999986E+001          8.0000000000000004E-001          2.1572487817421621E-001          2.2630403175543330E+053         -4.7536347693398061E+038          0.0000000000000000E+000         -1.2415033321375647E+026         -3.4017546331654221E+035         -4.7502330147053993E+038          0.0000000000000000E+000          0.0000000000000000E+000                                1                                2          4.9978001157575746E-008          5.1606466322925966E-008          2.1572488037714452E-001          4.8563583132344451E-001          1.0000000000000000E+000          5.3601634771004003E-001          2.2630403175543330E+053         -1.2696626368183845E+015 
                             260          2.6678915211455846E+004          1.4085723854442613E+003          7.7923718174551118E+002          1.0496059135565392E+001          1.7492376579927747E+001          3.3022954571627258E+002          2.6156803246983026E+002         -4.4012680360331397E-001         -1.0000000000000000E+000          1.9998963185322436E+000          1.2000101832017989E+000         -3.3849563190184597E+001         -1.0000685783350564E+001         -1.0666687948291179E+001         -9.8999999999999986E+001         -9.8999999999999986E+001         -1.0106244195181434E+001         -9.8999999999999986E+001          8.0000000000000004E-001          2.1577336529099378E-001          2.2627226829391791E+053         -7.3761898724258169E+038          0.0000000000000000E+000         -1.2426625844627173E+026         -3.6357897419945371E+035         -7.3725540826825796E+038          0.0000000000000000E+000          0.0000000000000000E+000                                1                                2          4.9308183192113309E-008          5.1628196689014306E-008          2.1577336784066833E-001          4.8569453372375337E-001          1.0000000000000000E+000          5.3594488634278525E-001          2.2627226829391791E+053         -1.3574192225421122E+015 
                             270          2.8440131246479541E+004          1.4076729413710643E+003          7.7890541347870749E+002          1.0498294831751899E+001          1.7496100343122340E+001          3.3008893849661109E+002          2.6145667516124325E+002         -4.3383450341928159E-001         -1.0000000000000000E+000          1.9998961359075007E+000          1.2000102226146396E+000         -3.2800534312072486E+001         -9.9712069441444129E+000         -1.0637058627599313E+001         -9.8999999999999986E+001         -9.8999999999999986E+001         -1.0076806768839312E+001         -9.8999999999999986E+001          8.0000000000000004E-001          2.1584814294519264E-001          2.2622408612403404E+053         -9.6327063327409889E+038          0.0000000000000000E+000         -1.2444524836586547E+026         -3.8907003765174716E+035         -9.6288156323632268E+038          0.0000000000000000E+000          0.0000000000000000E+000                                1                                2          4.8881879317126957E-008          5.1661184945133340E-008          2.1584814591728282E-001          4.8578503743398255E-001          1.0000000000000000E+000          5.3583469821151930E-001          2.2622408612403404E+053         -1.4532599853495928E+015 
                             280          3.0321839055259028E+004          1.4064858624263072E+003          7.7846744228758428E+002          1.0501248287370313E+001          1.7501019983435945E+001          3.2990332276528108E+002          2.6130966966211361E+002         -4.2734813699072338E-001         -1.0000000000000000E+000          1.9998959268135459E+000          1.2000102677584878E+000         -3.1757487951625034E+001         -9.9407326246936947E+000         -1.0606382838598059E+001         -9.8999999999999986E+001         -9.8999999999999986E+001         -1.0046387922948140E+001         -9.8999999999999986E+001          8.0000000000000004E-001          2.1594829829715381E-001          2.2616046599865067E+053         -1.1508954149556264E+039          0.0000000000000000E+000         -1.2468534357800052E+026         -4.1728746879760691E+035         -1.1504781274867041E+039          0.0000000000000000E+000          0.0000000000000000E+000                                1                                2          4.8663630091218804E-008          5.1704787164357771E-008          2.1594830160263112E-001          4.8590620941197177E-001          1.0000000000000000E+000          5.3568717681817613E-001          2.2616046599865067E+053         -1.5596211092772340E+015 
                             290          3.2182867486396604E+004          1.4051539488488045E+003          7.7797588873117184E+002          1.0504566001645884E+001          1.7506546541440308E+001          3.2969499904937749E+002          2.6114467857594713E+002         -4.2148117989774486E-001         -1.0000000000000000E+000          1.9998957058365081E+000          1.2000103154919211E+000         -3.0843497241287221E+001         -9.9131755543961670E+000         -1.0578596295917473E+001         -9.8999999999999986E+001         -9.8999999999999986E+001         -1.0018894076635188E+001         -9.8999999999999986E+001          8.0000000000000004E-001          2.1606243114181925E-001          2.2608904175276283E+053         -1.2606320766138446E+039          0.0000000000000000E+000         -1.2495943536181045E+026         -4.4454555765363248E+035         -1.2601875310560660E+039          0.0000000000000000E+000          0.0000000000000000E+000                                1                                2          4.8673617855560991E-008          5.1753796960118955E-008          2.1606243458111232E-001          4.8604423009150799E-001          1.0000000000000000E+000          5.3551916315110548E-001          2.2608904175276283E+053         -1.6626684172987765E+015 
                             300          3.3971979970416687E+004          1.4037863265609371E+003          7.7747099504552511E+002          1.0507977025469959E+001          1.7512228547523531E+001          3.2948102176827905E+002          2.6097520977801781E+002         -4.1612671057825540E-001         -1.0000000000000000E+000          1.9998954801302768E+000          1.2000103642732525E+000         -3.0033293128482452E+001         -9.8879254021125274E+000         -1.0553108815135813E+001         -9.8999999999999986E+001         -9.8999999999999986E+001         -9.9937093576867611E+000         -9.8999999999999986E+001          8.0000000000000004E-001          2.1618053484290045E-001          2.2601565572037858E+053         -1.3238662887431174E+039          0.0000000000000000E+000         -1.2524360573225832E+026         -4.7107231150134311E+035         -1.3233952164314909E+039          0.0000000000000000E+000          0.0000000000000000E+000                                1                                2          4.8791879094752761E-008          5.1804217486993445E-008          2.1618053832320841E-001          4.8618698509387864E-001          1.0000000000000000E+000          5.3534541555898674E-001          2.2601565572037858E+053         -1.7631656979560228E+015 
                             310          3.5706049748199344E+004          1.4024194188455085E+003          7.7696620096660138E+002          1.0511390717553375E+001          1.7517914931793410E+001          3.2926708644945899E+002          2.6080577464727469E+002         -4.1115109003135947E-001         -1.0000000000000000E+000          1.9998952488429387E+000          1.2000104142881949E+000         -2.9306540192413440E+001         -9.8645716276336923E+000         -1.0529517674816315E+001         -9.8999999999999986E+001         -9.8999999999999986E+001         -9.9704210724847773E+000         -9.8999999999999986E+001          8.0000000000000004E-001          2.1629872169999964E-001          2.2594226010336634E+053         -1.3511330642916703E+039          0.0000000000000000E+000         -1.2552852603474762E+026         -4.9700686541452013E+035         -1.3506360574261302E+039          0.0000000000000000E+000          0.0000000000000000E+000                                1                                2          4.8974773692530813E-008          5.1854709931424236E-008          2.1629872531115032E-001          4.8632977275163164E-001          1.0000000000000000E+000          5.3517166123127780E-001          2.2594226010336634E+053         -1.8615909905882822E+015 
                             320          3.7395708856367550E+004          1.4010748819187802E+003          7.7646950771167133E+002          1.0514752907440393E+001          1.7523515409111518E+001          3.2905658386837536E+002          2.6063905899148824E+002         -4.0650774569217668E-001         -1.0000000000000000E+000          1.9998950114302343E+000          1.2000104656556341E+000         -2.8645946686501787E+001         -9.8427221928026540E+000         -1.0507433538188858E+001         -9.8999999999999986E+001         -9.8999999999999986E+001         -9.9486364368421913E+000         -9.8999999999999986E+001          8.0000000000000004E-001          2.1641564563192822E-001          2.2587001862326506E+053         -1.3511427854766900E+039          0.0000000000000000E+000         -1.2581094186468951E+026         -5.2255696768456092E+035         -1.3506202285088796E+039          0.0000000000000000E+000          0.0000000000000000E+000                                1                                2          4.9192868910918330E-008          5.1904472134163962E-008          2.1641564927684501E-001          4.8647096788435629E-001          1.0000000000000000E+000          5.3499987849970920E-001          2.2587001862326506E+053         -1.9587021727852772E+015 
                             330          3.9041112645807349E+004          1.3997806330453529E+003          7.7599124069829452E+002          1.0517993461815276E+001          1.7528913110054006E+001          3.2885388983648875E+002          2.6047852871910351E+002         -4.0225385573754247E-001         -1.0000000000000000E+000          1.9998947689234736E+000          1.2000105181530487E+000         -2.8054007677855218E+001         -9.8226439628720446E+000         -1.0487129203601731E+001         -9.8999999999999986E+001         -9.8999999999999986E+001         -9.9286206747813122E+000         -9.8999999999999986E+001          8.0000000000000004E-001          2.1652834640810492E-001          2.2580043470070147E+053         -1.3285135848086765E+039          0.0000000000000000E+000         -1.2608366419395911E+026         -5.4718787151946316E+035         -1.3279663969370310E+039          0.0000000000000000E+000          0.0000000000000000E+000                                1                                2          4.9427926991258611E-008          5.1952463442944497E-008          2.1652835013199229E-001          4.8660700108299582E-001          1.0000000000000000E+000          5.3483440981545671E-001          2.2580043470070147E+053         -2.0524507261760498E+015 
                             340          4.0644663961499704E+004          1.3985478127366334E+003          7.7553553544817009E+002          1.0521083985749057E+001          1.7534060718891492E+001          3.2866075695211566E+002          2.6032557198673265E+002         -3.9827842708541117E-001         -1.0000000000000000E+000          1.9998945218418795E+000          1.2000105716679692E+000         -2.7515787418265347E+001         -9.8039238644704625E+000         -1.0468193398152742E+001         -9.8999999999999986E+001         -9.8999999999999986E+001         -9.9099602103164397E+000         -9.8999999999999986E+001          8.0000000000000004E-001          2.1663591924952985E-001          2.2573411267729688E+053         -1.2953655591356258E+039          0.0000000000000000E+000         -1.2634444090816680E+026         -5.7119517878910854E+035         -1.2947943639567103E+039          0.0000000000000000E+000          0.0000000000000000E+000                                1                                2          4.9658783462313523E-008          5.1998259554766465E-008          2.1663592304277363E-001          4.8673678805112042E-001          1.0000000000000000E+000          5.3467657111776201E-001          2.2573411267729688E+053         -2.1439198490513668E+015 
                             350          4.2208594951835468E+004          1.3973828143883841E+003          7.7510477604984965E+002          1.0524007892155247E+001          1.7538930598458304E+001          3.2847819558117993E+002          2.6018098904420447E+002         -3.9459674844636511E-001         -1.0000000000000000E+000          1.9998942707039398E+000          1.2000106260876804E+000         -2.7026688956501211E+001         -9.7865224702250977E+000         -1.0450588011416585E+001         -9.8999999999999986E+001         -9.8999999999999986E+001         -9.8926152462215011E+000         -9.8999999999999986E+001          8.0000000000000004E-001          2.1673769922364142E-001          2.2567140251475907E+053         -1.2520136010926494E+039          0.0000000000000000E+000         -1.2659159041761229E+026         -5.9445328985564597E+035         -1.2514191478026672E+039          0.0000000000000000E+000          0.0000000000000000E+000                                1                                2          4.9883881766264534E-008          5.2041610514767828E-008          2.1673770310871920E-001          4.8685953530285142E-001          1.0000000000000000E+000          5.3452732387145274E-001          2.2567140251475907E+053         -2.2326154811886412E+015 
                             360          4.3739839086073480E+004          1.3962827997701484E+003          7.7469793341968546E+002          1.0526771754155497E+001          1.7543533698611544E+001          3.2830576959341721E+002          2.6004443447504804E+002         -3.9114486493488471E-001         -1.0000000000000000E+000          1.9998940151095239E+000          1.2000106814983189E+000         -2.6577869517522913E+001         -9.7701951036657491E+000         -1.0434067718719149E+001         -9.8999999999999986E+001         -9.8999999999999986E+001         -9.8763412796885941E+000         -9.8999999999999986E+001          8.0000000000000004E-001          2.1683400175103201E-001          2.2561215735834434E+053         -1.2053128818197216E+039          0.0000000000000000E+000         -1.2682581065205713E+026         -6.1713551602363554E+035         -1.2046957463035711E+039          0.0000000000000000E+000          0.0000000000000000E+000                                1                                2          5.0093970174587634E-008          5.2082609753841894E-008          2.1683400569827652E-001          4.8697563158744578E-001          1.0000000000000000E+000          5.3438619142395249E-001          2.2561215735834434E+053         -2.3191787580772910E+015 
                             370          4.5247615241147665E+004          1.3952406648387587E+003          7.7431239796931106E+002          1.0529392937107513E+001          1.7547898947817178E+001          3.2814237303493297E+002          2.5991503235814247E+002         -3.8786596145154462E-001         -1.0000000000000000E+000          1.9998937540453374E+000          1.2000107381191536E+000         -2.6158719115452321E+001         -9.7546059563259728E+000         -1.0418295754686934E+001         -9.8999999999999986E+001         -9.8999999999999986E+001         -9.8608027621398033E+000         -9.8999999999999986E+001          8.0000000000000004E-001          2.1692529745305975E-001          2.2555599980840080E+053         -1.1613073319715966E+039          0.0000000000000000E+000         -1.2704818640135507E+026         -6.3959999269736287E+035         -1.1606677319787722E+039          0.0000000000000000E+000          0.0000000000000000E+000                                1                                2          5.0282788668550022E-008          5.2121511362940768E-008          2.1692530146834882E-001          4.8708565171778495E-001          1.0000000000000000E+000          5.3425247155356803E-001          2.2555599980840080E+053         -2.4049507584512765E+015 
                             380          4.6724845026334609E+004          1.3942608099652061E+003          7.7394981412408129E+002          1.0531859924683085E+001          1.7552007174883265E+001          3.2798870287253686E+002          2.5979333460381719E+002         -3.8484082741863618E-001         -1.0000000000000000E+000          1.9998934893030944E+000          1.2000107955611041E+000         -2.5778430729167159E+001         -9.7402238855107033E+000         -1.0403741645439368E+001         -9.8999999999999986E+001         -9.8999999999999986E+001         -9.8464683610159422E+000         -9.8999999999999986E+001          8.0000000000000004E-001          2.1701124577239980E-001          2.2550317181605063E+053         -1.1095835834550752E+039          0.0000000000000000E+000         -1.2725783240133808E+026         -6.6104776370526981E+035         -1.1089225356912428E+039          0.0000000000000000E+000          0.0000000000000000E+000                                1                                2          5.0466389093605219E-008          5.2158141178941393E-008          2.1701124987000009E-001          4.8718919217047674E-001          1.0000000000000000E+000          5.3412665126053649E-001          2.2550317181605063E+053         -2.4869113123402745E+015 
                             390          4.8176527639771142E+004          1.3933395404276177E+003          7.7360883038771647E+002          1.0534181592405648E+001          1.7555873168043821E+001          3.2784418634722817E+002          2.5967888756598404E+002         -3.8196549327556195E-001         -1.0000000000000000E+000          1.9998932205899562E+000          1.2000108538869674E+000         -2.5422274876881929E+001         -9.7264807718449973E+000         -1.0389836705196032E+001         -9.8999999999999986E+001         -9.8999999999999986E+001         -9.8327701094825439E+000         -9.8999999999999986E+001          8.0000000000000004E-001          2.1709212345412746E-001          2.2545347877412526E+053         -1.0638654493375136E+039          0.0000000000000000E+000         -1.2745537046440976E+026         -6.8221560762602362E+035         -1.0631832337297601E+039          0.0000000000000000E+000          0.0000000000000000E+000                                1                                2          5.0627084041550911E-008          5.2192627896077577E-008          2.1709212762035743E-001          4.8728659284431319E-001          1.0000000000000000E+000          5.3400831433415641E-001          2.2545347877412526E+053         -2.5678239079607945E+015 
                             400          4.9605721103889155E+004          1.3924703174331864E+003          7.7328704020582541E+002          1.0536374045959418E+001          1.7559523766996922E+001          3.2770780358946422E+002          2.5957088343778594E+002         -3.7924362525148719E-001         -1.0000000000000000E+000          1.9998929477772396E+000          1.2000109131240468E+000         -2.5090103055383423E+001         -9.7134327323177363E+000         -1.0376635833422736E+001         -9.8999999999999986E+001         -9.8999999999999986E+001         -9.8197644582565360E+000         -9.8999999999999986E+001          8.0000000000000004E-001          2.1716853362472147E-001          2.2540657200467688E+053         -1.0196422209970805E+039          0.0000000000000000E+000         -1.2764222839825560E+026         -7.0294017392280722E+035         -1.0189392808230301E+039          0.0000000000000000E+000          0.0000000000000000E+000                                1                                2          5.0774430248356340E-008          5.2225208146973484E-008          2.1716853783694226E-001          4.8737858558696334E-001          1.0000000000000000E+000          5.3389656832641474E-001          2.2540657200467688E+053         -2.6470741676628290E+015 
                             410          5.1010822476425921E+004          1.3916516977720021E+003          7.7298392117980507E+002          1.0538440600548931E+001          1.7562964506226930E+001          3.2757933325034276E+002          2.5946914683110077E+002         -3.7667041437270021E-001         -1.0000000000000000E+000          1.9998926716502288E+000          1.2000109731011903E+000         -2.4780172293402828E+001         -9.7010464041517501E+000         -1.0364105541058466E+001         -9.8999999999999986E+001         -9.8999999999999986E+001         -9.8074180762549403E+000         -9.8999999999999986E+001          8.0000000000000004E-001          2.1724053471532279E-001          2.2536237712927143E+053         -9.7882472437181934E+038          0.0000000000000000E+000         -1.2781850908631001E+026         -7.2319648887554623E+035         -9.7810152788281598E+038          0.0000000000000000E+000          0.0000000000000000E+000                                1                                2          5.0906731998270777E-008          5.2255928895754949E-008          2.1724053897377327E-001          4.8746524567218125E-001          1.0000000000000000E+000          5.3379131918226674E-001          2.2536237712927143E+053         -2.7245601623587050E+015 
                             420          5.2394696815619653E+004          1.3908778696130726E+003          7.7269733177635192E+002          1.0540395639710734E+001          1.7566219354964492E+001          3.2745786777103177E+002          2.5937295890053184E+002         -3.7417074503257486E-001         -1.0000000000000000E+000          1.9998923920480620E+000          1.2000110338526893E+000         -2.4489688314389657E+001         -9.6892477057158857E+000         -1.0352170788567383E+001         -9.8999999999999986E+001         -9.8999999999999986E+001         -9.7956571446842755E+000         -9.8999999999999986E+001          8.0000000000000004E-001          2.1730860163094246E-001          2.2532058349754208E+053         -9.3947309492417435E+038          0.0000000000000000E+000         -1.2798534007923480E+026         -7.4303496430097182E+035         -9.3873005995974543E+038          0.0000000000000000E+000          0.0000000000000000E+000                                1                                2          5.1028548060430932E-008          5.2285001979836594E-008          2.1730860596292725E-001          4.8754714900029761E-001          1.0000000000000000E+000          5.3369186483659536E-001          2.2532058349754208E+053         -2.8004714834533395E+015 
                             430          5.3759947203071642E+004          1.3901387930130040E+003          7.7242356206725094E+002          1.0542264294503859E+001          1.7569330191461361E+001          3.2734183492071617E+002          2.5928107434266042E+002         -3.7185444791170585E-001         -1.0000000000000000E+000          1.9998921086122519E+000          1.2000110954559575E+000         -2.4212896159401531E+001         -9.6778116629959783E+000         -1.0340604781686560E+001         -9.8999999999999986E+001         -9.8999999999999986E+001         -9.7842571924721220E+000         -9.8999999999999986E+001          8.0000000000000004E-001          2.1737364173040927E-001          2.2528065142172137E+053         -9.0939371714084068E+038          0.0000000000000000E+000         -1.2814491826540012E+026         -7.6278396586246297E+035         -9.0863093317485006E+038          0.0000000000000000E+000          0.0000000000000000E+000                                1                                2          5.1130759216481943E-008          5.2312799651329577E-008          2.1737364610892435E-001          4.8762539049798259E-001          1.0000000000000000E+000          5.3359687282580515E-001          2.2528065142172137E+053         -2.8760548318185470E+015 
                             440          5.5103986869355678E+004          1.3894416214569185E+003          7.7216526924356810E+002          1.0544028280343667E+001          1.7572266557507074E+001          3.2723236083270984E+002          2.5919438505184746E+002         -3.6965318838891897E-001         -1.0000000000000000E+000          1.9998918225207682E+000          1.2000111576544714E+000         -2.3958110609734852E+001         -9.6671640411473927E+000         -1.0329834426566975E+001         -9.8999999999999986E+001         -9.8999999999999986E+001         -9.7736436658151291E+000         -9.8999999999999986E+001          8.0000000000000004E-001          2.1743508102871020E-001          2.2524296949924129E+053         -8.7259705865199507E+038          0.0000000000000000E+000         -1.2829580904505163E+026         -7.8164192876925520E+035         -8.7181541672309750E+038          0.0000000000000000E+000          0.0000000000000000E+000                                1                                2          5.1234798027203261E-008          5.2339048322286962E-008          2.1743508545652449E-001          4.8769928299675680E-001          1.0000000000000000E+000          5.3350717656831936E-001          2.2524296949924129E+053         -2.9482717880583800E+015 
                             450          5.6427079239731385E+004          1.3887833646856755E+003          7.7192135304343265E+002          1.0545694953505221E+001          1.7575040717053682E+001          3.2712897924777212E+002          2.5911252168625111E+002         -3.6758990837067101E-001         -1.0000000000000000E+000          1.9998915341225032E+000          1.2000112203716764E+000         -2.3720591507801245E+001         -9.6571252138700121E+000         -1.0319679623685587E+001         -9.8999999999999986E+001         -9.8999999999999986E+001         -9.7636370677719153E+000         -9.8999999999999986E+001          8.0000000000000004E-001          2.1749315345018436E-001          2.2520737837412514E+053         -8.3625083974790549E+038          0.0000000000000000E+000         -1.2843856182456360E+026         -7.9984825005759141E+035         -8.3545099149771943E+038          0.0000000000000000E+000          0.0000000000000000E+000                                1                                2          5.1331812460301426E-008          5.2363856030842970E-008          2.1749315791057383E-001          4.8776911083120517E-001          1.0000000000000000E+000          5.3342242895092462E-001          2.2520737837412514E+053         -3.0180214324587565E+015 
                             460          5.7729752778170187E+004          1.3881613283399693E+003          7.7169082174743914E+002          1.0547270951359076E+001          1.7577663735215637E+001          3.2703126990254998E+002          2.5903515134133784E+002         -3.6560422387959218E-001         -1.0000000000000000E+000          1.9998912437049876E+000          1.2000112835443444E+000         -2.3496360632982487E+001         -9.6475098269730495E+000         -1.0309954684728710E+001         -9.8999999999999986E+001         -9.8999999999999986E+001         -9.7540521351311078E+000         -9.8999999999999986E+001          8.0000000000000004E-001          2.1754802365788037E-001          2.2517373436160382E+053         -8.0526429492095365E+038          0.0000000000000000E+000         -1.2857355903084645E+026         -8.1768504495220646E+035         -8.0444660987587287E+038          0.0000000000000000E+000          0.0000000000000000E+000                                1                                2          5.1417073831477309E-008          5.2387320322051443E-008          2.1754802816136451E-001          4.8783507473519239E-001          1.0000000000000000E+000          5.3334238467128170E-001          2.2517373436160382E+053         -3.0863648095836510E+015 
                             470          5.9020390590180592E+004          1.3875679078258790E+003          7.7147086254185569E+002          1.0548775387174608E+001          1.7580167446387211E+001          3.2693804069281913E+002          2.5896132990341550E+002         -3.6372531861526258E-001         -1.0000000000000000E+000          1.9998909496733097E+000          1.2000113475189029E+000         -2.3284755481727757E+001         -9.6383402890261163E+000         -1.0300680653315631E+001         -9.8999999999999986E+001         -9.8999999999999986E+001         -9.7449116543573755E+000         -9.8999999999999986E+001          8.0000000000000004E-001          2.1760037311883740E-001          2.2514162782601839E+053         -7.7412541835883385E+038          0.0000000000000000E+000         -1.2870245932732180E+026         -8.3506513091447038E+035         -7.7329035322779064E+038          0.0000000000000000E+000          0.0000000000000000E+000                                1                                2          5.1497885880439935E-008          5.2409724782677828E-008          2.1760037769477208E-001          4.8789799610988949E-001          1.0000000000000000E+000          5.3326604516790388E-001          2.2514162782601839E+053         -3.1529805374020935E+015 
                             480          6.0304356126523926E+004          1.3869989612777792E+003          7.7125994445212780E+002          1.0550218643186444E+001          1.7582569141058897E+001          3.2684864276620573E+002          2.5889054351130170E+002         -3.6191132605410742E-001         -1.0000000000000000E+000          1.9998906510107348E+000          1.2000114125163073E+000         -2.3081919850177002E+001         -9.6294418711588623E+000         -1.0291681973974665E+001         -9.8999999999999986E+001         -9.8999999999999986E+001         -9.7360411252472954E+000         -9.8999999999999986E+001          8.0000000000000004E-001          2.1765061426517249E-001          2.2511083595398049E+053         -7.4686330865647670E+038          0.0000000000000000E+000         -1.2882626407839699E+026         -8.5228517836520719E+035         -7.4601102347798274E+038          0.0000000000000000E+000          0.0000000000000000E+000                                1                                2          5.1570504380369740E-008          5.2431223235693604E-008          2.1765061887591886E-001          4.8795837226303457E-001          1.0000000000000000E+000          5.3319280577394401E-001          2.2511083595398049E+053         -3.2189925332502835E+015 
                             490          6.1569563347900497E+004          1.3864589524150099E+003          7.7105972633456122E+002          1.0551589283451442E+001          1.7584849797665782E+001          3.2676377926562037E+002          2.5882334886318694E+002         -3.6018778438659432E-001         -1.0000000000000000E+000          1.9998903508109207E+000          1.2000114778629241E+000         -2.2891793470752930E+001         -9.6210104137825940E+000         -1.0283155288070954E+001         -9.8999999999999986E+001         -9.8999999999999986E+001         -9.7276361642839539E+000         -9.8999999999999986E+001          8.0000000000000004E-001          2.1769834413717584E-001          2.2508160154163775E+053         -7.1963900754197043E+038          0.0000000000000000E+000         -1.2894396676887090E+026         -8.6892890852048531E+035         -7.1877007863332105E+038          0.0000000000000000E+000          0.0000000000000000E+000                                1                                2          5.1639019998251489E-008          5.2451644558073042E-008          2.1769834876887706E-001          4.8801572061347653E-001          1.0000000000000000E+000          5.3312325085885537E-001          2.2508160154163775E+053         -3.2828168598747090E+015 
                             500          6.2821883407260015E+004          1.3859412760534719E+003          7.7086776305361241E+002          1.0552903963109451E+001          1.7587037158625378E+001          3.2668241392195830E+002          2.5875892524754079E+002         -3.5848453889180087E-001         -1.0000000000000000E+000          1.9998900478697768E+000          1.2000115438203620E+000         -2.2705571599322319E+001         -9.6126191975592157E+000         -1.0274672909384400E+001         -9.8999999999999986E+001         -9.8999999999999986E+001         -9.7192703200893558E+000         -9.8999999999999986E+001          8.0000000000000004E-001          2.1774404584690374E-001          2.2505356821577948E+053         -7.0209391420382990E+038          0.0000000000000000E+000         -1.2905674663858297E+026         -8.8581835499959760E+035         -7.0120809584870129E+038          0.0000000000000000E+000          0.0000000000000000E+000                                1                                2          5.1694381680893673E-008          5.2471236280305903E-008          2.1774405052296550E-001          4.8807062310248039E-001          1.0000000000000000E+000          5.3305667317810135E-001          2.2505356821577948E+053         -3.3475651185975035E+015 
                             510          6.4060760018031957E+004          1.3854461343112250E+003          7.7068413267193250E+002          1.0554162083222801E+001          1.7589130231119153E+001          3.2660457983728054E+002          2.5869729884900124E+002         -3.5692163469236671E-001         -1.0000000000000000E+000          1.9998897426291551E+000          1.2000116102921048E+000         -2.2535508257414914E+001         -9.6049381601241723E+000         -1.0266904519962463E+001         -9.8999999999999986E+001         -9.8999999999999986E+001         -9.7116136005524094E+000         -9.8999999999999986E+001          8.0000000000000004E-001          2.1778784628369241E-001          2.2502674784091405E+053         -6.7440115942816412E+038          0.0000000000000000E+000         -1.2916490652801389E+026         -9.0156325034071170E+035         -6.7349959617769421E+038          0.0000000000000000E+000          0.0000000000000000E+000                                1                                2          5.1757572517579643E-008          5.2489988867437413E-008          2.1778785100124259E-001          4.8812323333605001E-001          1.0000000000000000E+000          5.3299288536701883E-001          2.2502674784091405E+053         -3.4079830282387640E+015 
                             520          6.5287707350228193E+004          1.3849755263480097E+003          7.7050957963227404E+002          1.0555358483746920E+001          1.7591120415692586E+001          3.2653059249510392E+002          2.5863871955669117E+002         -3.5542665937890483E-001         -1.0000000000000000E+000          1.9998894350894916E+000          1.2000116772776117E+000         -2.2375302229535656E+001         -9.5976364949300681E+000         -1.0259519827464226E+001         -9.8999999999999986E+001         -9.8999999999999986E+001         -9.7043350551060659E+000         -9.8999999999999986E+001          8.0000000000000004E-001          2.1782948638523802E-001          2.2500124954506513E+053         -6.4692442494686942E+038          0.0000000000000000E+000         -1.2926779519002451E+026         -9.1678986900641779E+035         -6.4600763507773374E+038          0.0000000000000000E+000          0.0000000000000000E+000                                1                                2          5.1817608786713887E-008          5.2507824710945232E-008          2.1782949116182507E-001          4.8817324164328807E-001          1.0000000000000000E+000          5.3293226304706776E-001          2.2500124954506513E+053         -3.4664274553722640E+015 
                             530          6.6503256136873650E+004          1.3845268055995839E+003          7.7034312533236596E+002          1.0556499806467251E+001          1.7593018782291402E+001          3.2646003718157885E+002          2.5858285887782063E+002         -3.5399822411451115E-001         -1.0000000000000000E+000          1.9998891253311546E+000          1.2000117447589393E+000         -2.2222921619104561E+001         -9.5906283018607290E+000         -1.0252432414405124E+001         -9.8999999999999986E+001         -9.8999999999999986E+001         -9.6973489268701307E+000         -9.8999999999999986E+001          8.0000000000000004E-001          2.1786922445324949E-001          2.2497693088160401E+053         -6.2269639144174874E+038          0.0000000000000000E+000         -1.2936604143735650E+026         -9.3164662781523208E+035         -6.2176474481380413E+038          0.0000000000000000E+000          0.0000000000000000E+000                                1                                2          5.1871664033118249E-008          5.2524842330472146E-008          2.1786922925255359E-001          4.8822095923204523E-001          1.0000000000000000E+000          5.3287442761539583E-001          2.2497693088160401E+053         -3.5234614873441655E+015 
                             540          6.7704595684810338E+004          1.3840989753469855E+003          7.7018440270219367E+002          1.0557588510515794E+001          1.7594829440411335E+001          3.2639275838084325E+002          2.5852959355719452E+002         -3.5261360701045374E-001         -1.0000000000000000E+000          1.9998888142843101E+000          1.2000118125330053E+000         -2.2075349908401950E+001         -9.5837507161814042E+000         -1.0245479327268516E+001         -9.8999999999999986E+001         -9.8999999999999986E+001         -9.6904923751058281E+000         -9.8999999999999986E+001          8.0000000000000004E-001          2.1790710399021654E-001          2.2495373866724727E+053         -6.0451453614054860E+038          0.0000000000000000E+000         -1.2945974447619418E+026         -9.4646219046555602E+035         -6.0356807394995355E+038          0.0000000000000000E+000          0.0000000000000000E+000                                1                                2          5.1917305977493149E-008          5.2541077958821115E-008          2.1790710880467887E-001          4.8826643935580938E-001          1.0000000000000000E+000          5.3281931353782674E-001          2.2495373866724727E+053         -3.5803263600710985E+015 
                             550          6.8898666625253507E+004          1.3836869565432705E+003          7.7003152967815663E+002          1.0558637455503334E+001          1.7596573801857367E+001          3.2632795842597687E+002          2.5847829190896346E+002         -3.5129691189130752E-001         -1.0000000000000000E+000          1.9998885003207461E+000          1.2000118809542433E+000         -2.1936585335908610E+001         -9.5772600547401936E+000         -1.0238915950142937E+001         -9.8999999999999986E+001         -9.8999999999999986E+001         -9.6840219759129340E+000         -9.8999999999999986E+001          8.0000000000000004E-001          2.1794359211393849E-001          2.2493139829656720E+053         -5.8285190975803965E+038          0.0000000000000000E+000         -1.2955005353614288E+026         -9.6065917094750542E+035         -5.8189125058696262E+038          0.0000000000000000E+000          0.0000000000000000E+000                                1                                2          5.1964599197672738E-008          5.2556723052521052E-008          2.1794359698336480E-001          4.8831024362043363E-001          1.0000000000000000E+000          5.3276623896058983E-001          2.2493139829656720E+053         -3.6348458125017550E+015 
                             560          7.0088257819176302E+004          1.3832914472815014E+003          7.6988476698870249E+002          1.0559644819334878E+001          1.7598248823908175E+001          3.2626574778577793E+002          2.5842904147481636E+002         -3.5003327077184315E-001         -1.0000000000000000E+000          1.9998881829293087E+000          1.2000119501338351E+000         -2.1803948126994090E+001         -9.5710061105774642E+000         -1.0232592178407295E+001         -9.8999999999999986E+001         -9.8999999999999986E+001         -9.6777874933087968E+000         -9.8999999999999986E+001          8.0000000000000004E-001          2.1797863675809567E-001          2.2490994808447281E+053         -5.6249687047177126E+038          0.0000000000000000E+000         -1.2963683290772811E+026         -9.7453995773547213E+035         -5.6152233051390616E+038          0.0000000000000000E+000          0.0000000000000000E+000                                1                                2          5.2008799638736962E-008          5.2571750016489021E-008          2.1797864167268921E-001          4.8835231030983484E-001          1.0000000000000000E+000          5.3271527871716540E-001          2.2490994808447281E+053         -3.6881600975351785E+015 
                             570          7.1262231206476179E+004          1.3829163307774315E+003          7.6974555754112737E+002          1.0560600657768484E+001          1.7599837972699699E+001          3.2620673809309210E+002          2.5838232645932374E+002         -3.4885490225547949E-001         -1.0000000000000000E+000          1.9998878653389867E+000          1.2000120193676100E+000         -2.1681336684505784E+001         -9.5651937091724939E+000         -1.0226713430917158E+001         -9.8999999999999986E+001         -9.8999999999999986E+001         -9.6719935868485738E+000         -9.8999999999999986E+001          8.0000000000000004E-001          2.1801193935465649E-001          2.2488959920853162E+053         -5.3822265519777504E+038          0.0000000000000000E+000         -1.2971933671086513E+026         -9.8761936808514242E+035         -5.3723503582956020E+038          0.0000000000000000E+000          0.0000000000000000E+000                                1                                2          5.2054787431005926E-008          5.2586010120762965E-008          2.1801194427924606E-001          4.8839228177007277E-001          1.0000000000000000E+000          5.3266686550905396E-001          2.2488959920853162E+053         -3.7384236233167220E+015 
                             580          7.2427667940547646E+004          1.3825568220008381E+003          7.6961212752073618E+002          1.0561517105568342E+001          1.7601361450380910E+001          3.2615017754901669E+002          2.5833755151862402E+002         -3.4766785186823868E-001         -1.0000000000000000E+000          1.9998875457846701E+000          1.2000120890398955E+000         -2.1557978811781400E+001         -9.5592488090648686E+000         -1.0220705120083668E+001         -9.8999999999999986E+001         -9.8999999999999986E+001         -9.6660663667884261E+000         -9.8999999999999986E+001          8.0000000000000004E-001          2.1804377329494373E-001          2.2487009274738852E+053         -5.2688653505578988E+038          0.0000000000000000E+000         -1.2979823635485561E+026         -1.0011820017404377E+036         -5.2588535305391968E+038          0.0000000000000000E+000          0.0000000000000000E+000                                1                                2          5.2086856031232853E-008          5.2599684157058324E-008          2.1804377826872134E-001          4.8843048693793711E-001          1.0000000000000000E+000          5.3262060024909497E-001          2.2487009274738852E+053         -3.7905028122734260E+015 
                             590          7.3589465141161068E+004          1.3822092019684512E+003          7.6948309810142223E+002          1.0562403599113694E+001          1.7602834968590169E+001          3.2609548177043484E+002          2.5829425387192737E+002         -3.4657104331231919E-001         -1.0000000000000000E+000          1.9998872230452349E+000          1.2000121594167450E+000         -2.1445632373461095E+001         -9.5538472630115567E+000         -1.0215242128041105E+001         -9.8999999999999986E+001         -9.8999999999999986E+001         -9.6606819561284940E+000         -9.8999999999999986E+001          8.0000000000000004E-001          2.1807462531759741E-001          2.2485122741231908E+053         -5.0523439627678271E+038          0.0000000000000000E+000         -1.2987473513262625E+026         -1.0136634230456741E+036         -5.0422073285360718E+038          0.0000000000000000E+000          0.0000000000000000E+000                                1                                2          5.2127444260988444E-008          5.2612912765205469E-008          2.1807463034417673E-001          4.8846751015935119E-001          1.0000000000000000E+000          5.3257577358679842E-001          2.2485122741231908E+053         -3.8384847120304740E+015 
                             600          7.4745280519467196E+004          1.3818776990588656E+003          7.6936003987921788E+002          1.0563249330682124E+001          1.7604240526638751E+001          3.2604331639485508E+002          2.5825296068569867E+002         -3.4553252667569939E-001         -1.0000000000000000E+000          1.9998868980333062E+000          1.2000122302989127E+000         -2.1339301698269335E+001         -9.5487042149412424E+000         -1.0210040406062305E+001         -9.8999999999999986E+001         -9.8999999999999986E+001         -9.6555552732977787E+000         -9.8999999999999986E+001          8.0000000000000004E-001          2.1810408955330296E-001          2.2483323289571370E+053         -4.8290355373509305E+038          0.0000000000000000E+000         -1.2994782054780538E+026         -1.0256919695090843E+036         -4.8187786176545400E+038          0.0000000000000000E+000          0.0000000000000000E+000                                1                                2          5.2167157652920650E-008          5.2625534239360037E-008          2.1810409459451330E-001          4.8850286517674613E-001          1.0000000000000000E+000          5.3253297538037991E-001          2.2483323289571370E+053         -3.8847362413290920E+015 
                             610          7.5893761216502462E+004          1.3815627419700718E+003          7.6924311345271735E+002          1.0564053166197036E+001          1.7605576241641977E+001          3.2599374950871504E+002          2.5821372584322802E+002         -3.4455019303603368E-001         -1.0000000000000000E+000          1.9998865713381315E+000          1.2000123015575392E+000         -2.1238750598061582E+001         -9.5438117094258619E+000         -1.0205092139143035E+001         -9.8999999999999986E+001         -9.8999999999999986E+001         -9.6506783232914017E+000         -9.8999999999999986E+001          8.0000000000000004E-001          2.1813209490802490E-001          2.2481613290029085E+053         -4.6225207126295366E+038          0.0000000000000000E+000         -1.3001731114790570E+026         -1.0372670359100973E+036         -4.6121480422691352E+038          0.0000000000000000E+000          0.0000000000000000E+000                                1                                2          5.2203806283984809E-008          5.2637531367363507E-008          2.1813209995262811E-001          4.8853646734860451E-001          1.0000000000000000E+000          5.3249230790303581E-001          2.2481613290029085E+053         -3.9292512873552770E+015 
                             620          7.7032659209551493E+004          1.3812646266518275E+003          7.6913243013507076E+002          1.0564814309676509E+001          1.7606840797358199E+001          3.2594682832433597E+002          2.5817658667258951E+002         -3.4361144088993201E-001         -1.0000000000000000E+000          1.9998862438142211E+000          1.2000123730058307E+000         -2.1143875142478972E+001         -9.5391649871365694E+000         -1.0200392663967897E+001         -9.8999999999999986E+001         -9.8999999999999986E+001         -9.6460463195899599E+000         -9.8999999999999986E+001          8.0000000000000004E-001          2.1815859258847514E-001          2.2479994393463100E+053         -4.4127920906607336E+038          0.0000000000000000E+000         -1.3008308112995560E+026         -1.0483817002216943E+036         -4.4023082736572157E+038          0.0000000000000000E+000          0.0000000000000000E+000                                1                                2          5.2239151049075045E-008          5.2648892010438267E-008          2.1815859768904056E-001          4.8856825879032423E-001          1.0000000000000000E+000          5.3245384083174707E-001          2.2479994393463100E+053         -3.9720003610811480E+015 
                             630          7.8169392627760026E+004          1.3809779828333105E+003          7.6902599744718407E+002          1.0565546427223513E+001          1.7608056944306163E+001          3.2590170836228060E+002          2.5814087444315533E+002         -3.4270687607826877E-001         -1.0000000000000000E+000          1.9998859133929918E+000          1.2000124450947229E+000         -2.1052019466320775E+001         -9.5346293421149877E+000         -1.0195806299712338E+001         -9.8999999999999986E+001         -9.8999999999999986E+001         -9.6415248279031633E+000         -9.8999999999999986E+001          8.0000000000000004E-001          2.1818407180429114E-001          2.2478437490587638E+053         -4.2514656020811374E+038          0.0000000000000000E+000         -1.3014634237312180E+026         -1.0593461602693011E+036         -4.2408721404771427E+038          0.0000000000000000E+000          0.0000000000000000E+000                                1                                2          5.2269254308773723E-008          5.2659820120541515E-008          2.1818407692916930E-001          4.8859882646880037E-001          1.0000000000000000E+000          5.3241686213111894E-001          2.2478437490587638E+053         -4.0141689154006105E+015 
                             640          7.9302282878029771E+004          1.3807066253003727E+003          7.6892523264017950E+002          1.0566239760585207E+001          1.7609208429107429E+001          3.2585899026799365E+002          2.5810706485402881E+002         -3.4186470616105236E-001         -1.0000000000000000E+000          1.9998855808446192E+000          1.2000125176559424E+000         -2.0967914237112634E+001         -9.5304749062861642E+000         -1.0191603771864830E+001         -9.8999999999999986E+001         -9.8999999999999986E+001         -9.6373838142307324E+000         -9.8999999999999986E+001          8.0000000000000004E-001          2.1820823396588360E-001          2.2476963311969542E+053         -4.0291761805050507E+038          0.0000000000000000E+000         -1.3020634854327770E+026         -1.0694883109539389E+036         -4.0184812973942094E+038          0.0000000000000000E+000          0.0000000000000000E+000                                1                                2          5.2303659304972780E-008          5.2670169631879411E-008          2.1820823912851914E-001          4.8862781294198621E-001          1.0000000000000000E+000          5.3238180527185952E-001          2.2476963311969542E+053         -4.0532012825692950E+015 
                             650          8.0426550285148682E+004          1.3804511947994356E+003          7.6883037483246073E+002          1.0566892638474144E+001          1.7610292485663866E+001          3.2581877545018943E+002          2.5807523810198342E+002         -3.4109749482908708E-001         -1.0000000000000000E+000          1.9998852477636746E+000          1.2000125903411631E+000         -2.0890506095973134E+001         -9.5266427534793117E+000         -1.0187726266764511E+001         -9.8999999999999986E+001         -9.8999999999999986E+001         -9.6335643206834582E+000         -9.8999999999999986E+001          8.0000000000000004E-001          2.1823102209931419E-001          2.2475575376007482E+053         -3.8030018213502095E+038          0.0000000000000000E+000         -1.3026295438957934E+026         -1.0789289168212786E+036         -3.7922125321806944E+038          0.0000000000000000E+000          0.0000000000000000E+000                                1                                2          5.2337110362005599E-008          5.2679915407654897E-008          2.1823102723639126E-001          4.8865515017006922E-001          1.0000000000000000E+000          5.3234875201080645E-001          2.2475575376007482E+053         -4.0895514514370245E+015 
                             660          8.1539083797958170E+004          1.3802143215423150E+003          7.6874240183251447E+002          1.0567498313674077E+001          1.7611297884338256E+001          3.2578147834684700E+002          2.5804572235710464E+002         -3.4038944837171797E-001         -1.0000000000000000E+000          1.9998849153913587E+000          1.2000126628790204E+000         -2.0819503171881085E+001         -9.5231152410932332E+000         -1.0184156674490497E+001         -9.8999999999999986E+001         -9.8999999999999986E+001         -9.6300485556375595E+000         -9.8999999999999986E+001          8.0000000000000004E-001          2.1825216807799877E-001          2.2474287997293146E+053         -3.5631456068829591E+038          0.0000000000000000E+000         -1.3031548866071224E+026         -1.0876923979685088E+036         -3.5522686829019705E+038          0.0000000000000000E+000          0.0000000000000000E+000                                1                                2          5.2370447186912873E-008          5.2688956368143920E-008          2.1825217321409379E-001          4.8868051735884410E-001          1.0000000000000000E+000          5.3231809107959493E-001          2.2474287997293146E+053         -4.1233031782061220E+015 
                             670          8.2648156850254658E+004          1.3799930393074571E+003          7.6866021321642415E+002          1.0568064333809382E+001          1.7612237176430707E+001          3.2574663250879553E+002          2.5801814833585723E+002         -3.3972066681389040E-001         -1.0000000000000000E+000          1.9998845814564643E+000          1.2000127357646997E+000         -2.0753365838490758E+001         -9.5198159689492510E+000         -1.0180818142714175E+001         -9.8999999999999986E+001         -9.8999999999999986E+001         -9.6267602448228367E+000         -9.8999999999999986E+001          8.0000000000000004E-001          2.1827189866987823E-001          2.2473085096681437E+053         -3.3464124160441945E+038          0.0000000000000000E+000         -1.3036451153341053E+026         -1.0959533550420139E+036         -3.3354528824924707E+038          0.0000000000000000E+000          0.0000000000000000E+000                                1                                2          5.2400620556622869E-008          5.2697405055699125E-008          2.1827190387452497E-001          4.8870418695382367E-001          1.0000000000000000E+000          5.3228949245076973E-001          2.2473085096681437E+053         -4.1551221987312810E+015 
                             680          8.3764447661454804E+004          1.3797825813961319E+003          7.6858203958020840E+002          1.0568602855265871E+001          1.7613130583178368E+001          3.2571348794153562E+002          2.5799192223515337E+002         -3.3907656794559798E-001         -1.0000000000000000E+000          1.9998842427898615E+000          1.2000128096896263E+000         -2.0689259967779279E+001         -9.5165844505642792E+000         -1.0177549292078286E+001         -9.8999999999999986E+001         -9.8999999999999986E+001         -9.6235391508160983E+000         -9.8999999999999986E+001          8.0000000000000004E-001          2.1829066227813934E-001          2.2471940806683009E+053         -3.1654033362316021E+038          0.0000000000000000E+000         -1.3041113615641697E+026         -1.1041064540361545E+036         -3.1543622716899365E+038          0.0000000000000000E+000          0.0000000000000000E+000                                1                                2          5.2426843486303012E-008          5.2705442978448564E-008          2.1829066753868720E-001          4.8872669671230107E-001          1.0000000000000000E+000          5.3226230445264455E-001          2.2471940806683009E+053         -4.1865149960632850E+015 
                             690          8.4875968080092760E+004          1.3795883371816610E+003          7.6850988324232162E+002          1.0569100084154778E+001          1.7613955163399059E+001          3.2568289337937767E+002          2.5796771600932897E+002         -3.3854433457730099E-001         -1.0000000000000000E+000          1.9998839033064901E+000          1.2000128837989783E+000         -2.0636445319106571E+001         -9.5139551769253554E+000         -1.0174885374676824E+001         -9.8999999999999986E+001         -9.8999999999999986E+001         -9.6209195518675603E+000         -9.8999999999999986E+001          8.0000000000000004E-001          2.1830807606491109E-001          2.2470884426937699E+053         -2.8688879860411635E+038          0.0000000000000000E+000         -1.3045440706754800E+026         -1.1107811347337258E+036         -2.8577801746925216E+038          0.0000000000000000E+000          0.0000000000000000E+000                                1                                2          5.2461995582292560E-008          5.2712863835159057E-008          2.1830808133274576E-001          4.8874758791755862E-001          1.0000000000000000E+000          5.3223708220769150E-001          2.2470884426937699E+053         -4.2122735651572665E+015 
                             700          8.5986652513242472E+004          1.3794126860800579E+003          7.6844462867934840E+002          1.0569549923073074E+001          1.7614700744909484E+001          3.2565522360875480E+002          2.5794582659142264E+002         -3.3806840260485860E-001         -1.0000000000000000E+000          1.9998835621239142E+000          1.2000129582848922E+000         -2.0589170203267258E+001         -9.5115970123330840E+000         -1.0172495860792916E+001         -9.8999999999999986E+001         -9.8999999999999986E+001         -9.6185701427957273E+000         -9.8999999999999986E+001          8.0000000000000004E-001          2.1832383507369885E-001          2.2469928897318088E+053         -2.5900141569983266E+038          0.0000000000000000E+000         -1.3049356015553965E+026         -1.1168016663093222E+036         -2.5788461403339283E+038          0.0000000000000000E+000          0.0000000000000000E+000                                1                                2          5.2494431169752697E-008          5.2719576164757539E-008          2.1832384035238728E-001          4.8876649579666565E-001          1.0000000000000000E+000          5.3221426869621824E-001          2.2469928897318088E+053         -4.2355136184735380E+015 
                             710          8.7095040465646103E+004          1.3792567227548934E+003          7.6838668337477043E+002          1.0569949548850280E+001          1.7615362631597620E+001          3.2563065134864411E+002          2.5792639073122382E+002         -3.3766710280166190E-001         -1.0000000000000000E+000          1.9998832199735146E+000          1.2000130329871688E+000         -2.0548983818812182E+001         -9.5095967586706092E+000         -1.0170467709664134E+001         -9.8999999999999986E+001         -9.8999999999999986E+001         -9.6165776812758814E+000         -9.8999999999999986E+001          8.0000000000000004E-001          2.1833785983733778E-001          2.2469080191658957E+053         -2.2938356415521255E+038          0.0000000000000000E+000         -1.3052839428579359E+026         -1.1219328776237009E+036         -2.2826163127745832E+038          0.0000000000000000E+000          0.0000000000000000E+000                                1                                2          5.2527172021882990E-008          5.2725537578803434E-008          2.1833786513862879E-001          4.8878332549704961E-001          1.0000000000000000E+000          5.3219397859263440E-001          2.2469080191658957E+053         -4.2553396847967650E+015 
                             720          8.8203233239311681E+004          1.3791203055236795E+003          7.6833599550768622E+002          1.0570299302104868E+001          1.7615941386598614E+001          3.2560915461995603E+002          2.5790939105076666E+002         -3.3733653080535647E-001         -1.0000000000000000E+000          1.9998828764733600E+000          1.2000131079886351E+000         -2.0516420055594963E+001         -9.5079789874900236E+000         -1.0168825448935216E+001         -9.8999999999999986E+001         -9.8999999999999986E+001         -9.6149667508877918E+000         -9.8999999999999986E+001          8.0000000000000004E-001          2.1835017209676943E-001          2.2468337562638001E+053         -1.9749052604405770E+038          0.0000000000000000E+000         -1.3055896052376175E+026         -1.1260984855340744E+036         -1.9636442755839308E+038          0.0000000000000000E+000          0.0000000000000000E+000                                1                                2          5.2560748515424176E-008          5.2730752984465986E-008          2.1835017740730520E-001          4.8879810341843305E-001          1.0000000000000000E+000          5.3217617985561072E-001          2.2468337562638001E+053         -4.2714614807041360E+015 
                             730          8.9307370831528198E+004          1.3790051268324630E+003          7.6829319450525827E+002          1.0570594833123128E+001          1.7616429779192970E+001          3.2559100023455119E+002          2.5789503876633046E+002         -3.3710800619247211E-001         -1.0000000000000000E+000          1.9998825331410295E+000          1.2000131829573362E+000         -2.0492989608459499E+001         -9.5068434199090692E+000         -1.0167669104617875E+001         -9.8999999999999986E+001         -9.8999999999999986E+001         -9.6138369873672769E+000         -9.8999999999999986E+001          8.0000000000000004E-001          2.1836061826330525E-001          2.2467710230784791E+053         -1.6391726015121062E+038          0.0000000000000000E+000         -1.3058487353839345E+026         -1.1290285768608158E+036         -1.6278823157421921E+038          0.0000000000000000E+000          0.0000000000000000E+000                                1                                2          5.2594589127022616E-008          5.2735157216906770E-008          2.1836062356000083E-001          4.8881064578263611E-001          1.0000000000000000E+000          5.3216109480426788E-001          2.2467710230784791E+053         -4.2828497480428485E+015 
                             740          9.0403878435308710E+004          1.3789158869078510E+003          7.6826002694045678E+002          1.0570824107203306E+001          1.7616807772207540E+001          3.2557692843733986E+002          2.5788392008617626E+002         -3.3699682664433328E-001         -1.0000000000000000E+000          1.9998821915734100E+000          1.2000132575438609E+000         -2.0481801862419118E+001         -9.5063508727317352E+000         -1.0167160254145703E+001         -9.8999999999999986E+001         -9.8999999999999986E+001         -9.6133489948261808E+000         -9.8999999999999986E+001          8.0000000000000004E-001          2.1836881561443530E-001          2.2467223751392393E+053         -1.2142340366551459E+038          0.0000000000000000E+000         -1.3060517611352225E+026         -1.1302954980860489E+036         -1.2029310816729794E+038          0.0000000000000000E+000          0.0000000000000000E+000                                1                                2          5.2634823867123709E-008          5.2738570101984906E-008          2.1836882090633772E-001          4.8882049444135489E-001          1.0000000000000000E+000          5.3214927874922191E-001          2.2467223751392393E+053         -4.2878707820046675E+015 
                             750          9.1497311557161214E+004          1.3788542921293288E+003          7.6823712718777733E+002          1.0570982750083518E+001          1.7617068064020330E+001          3.2556720802039166E+002          2.5787624799545000E+002         -3.3699453630351928E-001         -1.0000000000000000E+000          1.9998818507893794E+000          1.2000133319616169E+000         -2.0480824719080392E+001         -9.5063871933194317E+000         -1.0167185105500574E+001         -9.8999999999999986E+001         -9.8999999999999986E+001         -9.6133885196937872E+000         -9.8999999999999986E+001          8.0000000000000004E-001          2.1837458256742145E-001          2.2466887405278851E+053         -7.6089471719501260E+037          0.0000000000000000E+000         -1.3061941199189288E+026         -1.1301909895802869E+036         -7.4959280729790358E+037          0.0000000000000000E+000          0.0000000000000000E+000                                1                                2          5.2676278415858532E-008          5.2740925985825253E-008          2.1837458783743297E-001          4.8882743227792325E-001          1.0000000000000000E+000          5.3214099549354688E-001          2.2466887405278851E+053         -4.2876254269418735E+015 
                             760          9.2590151457223939E+004          1.3788232043636137E+003          7.6822555870116230E+002          1.0571063436345145E+001          1.7617198443382886E+001          3.2556228964641895E+002          2.5787237947861320E+002         -3.3714063367025110E-001         -1.0000000000000000E+000          1.9998815105248982E+000          1.2000134062673899E+000         -2.0493873431807202E+001         -9.5071600975284394E+000         -1.0167951855801006E+001         -9.8999999999999986E+001         -9.8999999999999986E+001         -9.6141631432293941E+000         -9.8999999999999986E+001          8.0000000000000004E-001          2.1837767693493776E-001          2.2466716748284238E+053         -2.5397887150088617E+037          0.0000000000000000E+000         -1.3062697456438596E+026         -1.1281761420555140E+036         -2.4269711007902478E+037          0.0000000000000000E+000          0.0000000000000000E+000                                1                                2          5.2721148127545732E-008          5.2742115114022000E-008          2.1837768219235981E-001          4.8883116953578420E-001          1.0000000000000000E+000          5.3213659674246172E-001          2.2466716748284238E+053         -4.2800622691327160E+015 
                             770          9.3683938761463374E+004          1.3788279540685119E+003          7.6822730169028387E+002          1.0571052535979080E+001          1.7617176197231711E+001          3.2556301250481806E+002          2.5787297923184713E+002         -3.3745794014590641E-001         -1.0000000000000000E+000          1.9998811709387958E+000          1.2000134804255036E+000         -2.0523750789498756E+001         -9.5088162131545246E+000         -1.0169608024435078E+001         -9.8999999999999986E+001         -9.8999999999999986E+001         -9.6158192440454933E+000         -9.8999999999999986E+001          8.0000000000000004E-001          2.1837765028076483E-001          2.2466740740350564E+053          3.4511701950447940E+037          0.0000000000000000E+000         -1.3062674288168177E+026         -1.1238824416413473E+036          3.5635584392219915E+037          0.0000000000000000E+000          0.0000000000000000E+000                                1                                2          5.2772828816464253E-008          5.2741933431106629E-008          2.1837765550645102E-001          4.8883116928730513E-001          1.0000000000000000E+000          5.3213673406548212E-001          2.2466740740350564E+053         -4.2637714654515095E+015 
                             780          9.4772214999779142E+004          1.3788757424912321E+003          7.6824503108374790E+002          1.0570931637556511E+001          1.7616970675709407E+001          3.2557051031862989E+002          2.5787894503583288E+002         -3.3800229523672404E-001         -1.0000000000000000E+000          1.9998808348242021E+000          1.2000135538248426E+000         -2.0575402675902858E+001         -9.5116129249280927E+000         -1.0172412190248981E+001         -9.8999999999999986E+001         -9.8999999999999986E+001         -9.6186138732557467E+000         -9.8999999999999986E+001          8.0000000000000004E-001          2.1837390217455566E-001          2.2466998506660962E+053          1.1001580299021393E+038          0.0000000000000000E+000         -1.3061721894335719E+026         -1.1166749845439103E+036          1.1113247797488846E+038          0.0000000000000000E+000          0.0000000000000000E+000                                1                                2          5.2837069142755807E-008          5.2740105526145922E-008          2.1837390737878976E-001          4.8882671228234376E-001          1.0000000000000000E+000          5.3214227931568747E-001          2.2466998506660962E+053         -4.2363297049801990E+015 
                             790          9.5862792167617037E+004          1.3789758462808634E+003          7.6828219183210831E+002          1.0570677057772693E+001          1.7616542392138818E+001          3.2558624293675695E+002          2.5789143333038874E+002         -3.3883402619283520E-001         -1.0000000000000000E+000          1.9998805007283804E+000          1.2000136267812678E+000         -2.0654764821613959E+001         -9.5158522243469594E+000         -1.0176667982942654E+001         -9.8999999999999986E+001         -9.8999999999999986E+001         -9.6228485648277005E+000         -9.8999999999999986E+001          8.0000000000000004E-001          2.1836560910950706E-001          2.2467540404552542E+053          2.0087864756037035E+038          0.0000000000000000E+000         -1.3059634737801047E+026         -1.1058422563299075E+036          2.0198448981683087E+038          0.0000000000000000E+000          0.0000000000000000E+000                                1                                2          5.2914195775766010E-008          5.2736276971466764E-008          2.1836561426052903E-001          4.8881681220772422E-001          1.0000000000000000E+000          5.3215443030306875E-001          2.2467540404552542E+053         -4.1950192719483160E+015 
                             800          9.6947165302811394E+004          1.3791423491789260E+003          7.6834401364128848E+002          1.0570252839847244E+001          1.7615831470154248E+001          3.2561242680997299E+002          2.5791219941695113E+002         -3.4007852640181530E-001         -1.0000000000000000E+000          1.9998801725761004E+000          1.2000136984360934E+000         -2.0774559756950392E+001         -9.5221869230293574E+000         -1.0183030577588243E+001         -9.8999999999999986E+001         -9.8999999999999986E+001         -9.6291754705202770E+000         -9.8999999999999986E+001          8.0000000000000004E-001          2.1835158331914156E-001          2.2468442896063801E+053          3.2171848989358644E+038          0.0000000000000000E+000         -1.3056116940537476E+026         -1.0898533411565516E+036          3.2280834323487356E+038          0.0000000000000000E+000          0.0000000000000000E+000                                1                                2          5.3018349265797080E-008          5.2729910157371033E-008          2.1835158832367199E-001          4.8880004557485063E-001          1.0000000000000000E+000          5.3217491347059587E-001          2.2468442896063801E+053         -4.1340085040587645E+015 
                             810          9.8009949009222983E+004          1.3793948719237594E+003          7.6843778087158546E+002          1.0569608927287955E+001          1.7614754565056135E+001          3.2565214923385344E+002          2.5794368818286256E+002         -3.4192961889772844E-001         -1.0000000000000000E+000          1.9998798567445244E+000          1.2000137673949429E+000         -2.0953303998402394E+001         -9.5315412458943740E+000         -1.0192427574546215E+001         -9.8999999999999986E+001         -9.8999999999999986E+001         -9.6385178732303043E+000         -9.8999999999999986E+001          8.0000000000000004E-001          2.1833012898717863E-001          2.2469812466538213E+053          4.8926887131470187E+038          0.0000000000000000E+000         -1.3050746589657982E+026         -1.0666657384894476E+036          4.9033553705332185E+038          0.0000000000000000E+000          0.0000000000000000E+000                                1                                2          5.3167815749867396E-008          5.2720257010241963E-008          2.1833013371636403E-001          4.8877437944171576E-001          1.0000000000000000E+000          5.3220619434942673E-001          2.2469812466538213E+053         -4.0455201506280810E+015 
                             820          9.8967397782496366E+004          1.3797367633400490E+003          7.6856473294019474E+002          1.0568736833960251E+001          1.7613297851837498E+001          3.2570593668190367E+002          2.5798631452592747E+002         -3.4461308045007516E-001         -1.0000000000000000E+000          1.9998795796498561E+000          1.2000138278888728E+000         -2.1218348137474131E+001         -9.5452538911362392E+000         -1.0206198918673406E+001         -9.8999999999999986E+001         -9.8999999999999986E+001         -9.6522141245597108E+000         -9.8999999999999986E+001          8.0000000000000004E-001          2.1830062166047842E-001          2.2471667266065127E+053          7.3753329597275039E+038          0.0000000000000000E+000         -1.3043371032754811E+026         -1.0335601479980456E+036          7.3856685612087894E+038          0.0000000000000000E+000          0.0000000000000000E+000                                1                                2          5.3402025744329735E-008          5.2707193211541154E-008          2.1830062549693743E-001          4.8873906039417747E-001          1.0000000000000000E+000          5.3224917780610559E-001          2.2471667266065127E+053         -3.9192505196665155E+015 
                             830          9.9695141534153809E+004          1.3801188344729267E+003          7.6870659889959563E+002          1.0567762203797905E+001          1.7611671144050298E+001          3.2576604784135935E+002          2.5803394386610228E+002         -3.4792271255015977E-001         -1.0000000000000000E+000          1.9998793764261655E+000          1.2000138722492035E+000         -2.1556920114335913E+001         -9.5625015149483019E+000         -1.0223513660044791E+001         -9.8999999999999986E+001         -9.8999999999999986E+001         -9.6694430066953778E+000         -9.8999999999999986E+001          8.0000000000000004E-001          2.1826688723966639E-001          2.2473740248035262E+053          1.0646735483044501E+039          0.0000000000000000E+000         -1.3034948692439660E+026         -9.9336997843146390E+035          1.0656669182830118E+039          0.0000000000000000E+000          0.0000000000000000E+000                                1                                2          5.3734430213935119E-008          5.2692601789035982E-008          2.1826688980302050E-001          4.8869866554451463E-001          1.0000000000000000E+000          5.3229829485979629E-001          2.2473740248035262E+053         -3.7660690915122115E+015 
                             840          1.0015461875098883E+005          1.3804514168209316E+003          7.6883008198867367E+002          1.0566913912625424E+001          1.7610255947152179E+001          3.2581837234233438E+002          2.5807539911850535E+002         -3.5125606334452825E-001         -1.0000000000000000E+000          1.9998792531893355E+000          1.2000138991457852E+000         -2.1911153256657173E+001         -9.5802356996409070E+000         -1.0241307808074353E+001         -9.8999999999999986E+001         -9.8999999999999986E+001         -9.6871604505655569E+000         -9.8999999999999986E+001          8.0000000000000004E-001          2.1823675306122836E-001          2.2475544695129258E+053          1.4206169827769485E+039          0.0000000000000000E+000         -1.3027431966398244E+026         -9.5366816279128601E+035          1.4215706509398701E+039          0.0000000000000000E+000          0.0000000000000000E+000                                1                                2          5.4125464887210922E-008          5.2679906935010741E-008          2.1823675448182325E-001          4.8866257158494408E-001          1.0000000000000000E+000          5.3234216080069507E-001          2.2475544695129258E+053         -3.6148820827524245E+015 
                             850          1.0039950237497382E+005          1.3806773155925716E+003          7.6891395060982848E+002          1.0566337811562212E+001          1.7609295088501369E+001          3.2585391163185710E+002          2.5810355427458535E+002         -3.5405098882806973E-001         -1.0000000000000000E+000          1.9998791899536270E+000          1.2000139129454384E+000         -2.2218673748522971E+001         -9.5953996838586697E+000         -1.0256513475458952E+001         -9.8999999999999986E+001         -9.8999999999999986E+001         -9.7023127992393707E+000         -9.8999999999999986E+001          8.0000000000000004E-001          2.1821580791264950E-001          2.2476770267055595E+053          1.7464494656539700E+039          0.0000000000000000E+000         -1.3022210652528432E+026         -9.2097427415927179E+035          1.7473704399282593E+039          0.0000000000000000E+000          0.0000000000000000E+000                                1                                2          5.4508854929374484E-008          5.2671287740552824E-008          2.1821580859277534E-001          4.8863747935964752E-001          1.0000000000000000E+000          5.3237264809564155E-001          2.2476770267055595E+053         -3.4905066344814775E+015 
                             860          1.0051525249274701E+005          1.3808036838611044E+003          7.6896086530428011E+002          1.0566015570959083E+001          1.7608757711325765E+001          3.2587379200847113E+002          2.5811930351924428E+002         -3.5608568481893760E-001         -1.0000000000000000E+000          1.9998791609559228E+000          1.2000139192730099E+000         -2.2447496828618064E+001         -9.6065919302390839E+000         -1.0267729394535165E+001         -9.8999999999999986E+001         -9.8999999999999986E+001         -9.7134984381999647E+000         -9.8999999999999986E+001          8.0000000000000004E-001          2.1820391364305070E-001          2.2477455830265691E+053          2.0021768722924870E+039          0.0000000000000000E+000         -1.3019246731108762E+026         -8.9755963569108948E+035          2.0030744319283083E+039          0.0000000000000000E+000          0.0000000000000000E+000                                1                                2          5.4825715472644963E-008          5.2666467374333522E-008          2.1820391394763250E-001          4.8862322851055628E-001          1.0000000000000000E+000          5.3238996062761124E-001          2.2477455830265691E+053         -3.4015162397522300E+015 
                             870          1.0057206119035785E+005          1.3808729840616525E+003          7.6898659278019784E+002          1.0565838864106736E+001          1.7608463053932340E+001          3.2588469426909955E+002          2.5812794013739403E+002         -3.5748511566543872E-001         -1.0000000000000000E+000          1.9998791470315926E+000          1.2000139223113040E+000         -2.2606796222546237E+001         -9.6142905910646999E+000         -1.0275440930467045E+001         -9.8999999999999986E+001         -9.8999999999999986E+001         -9.7211935055753660E+000         -9.8999999999999986E+001          8.0000000000000004E-001          2.1819744485965709E-001          2.2477831785030881E+053          2.1829409582638486E+039          0.0000000000000000E+000         -1.3017635127873927E+026         -8.8179785109416131E+035          2.1838227561150730E+039          0.0000000000000000E+000          0.0000000000000000E+000                                1                                2          5.5058631907606915E-008          5.2663824266101758E-008          2.1819744501696553E-001          4.8861547768911129E-001          1.0000000000000000E+000          5.3239937602975851E-001          2.2477831785030881E+053         -3.3416504024061850E+015 
                             880          1.0060224388659321E+005          1.3809125050529397E+003          7.6900126466885786E+002          1.0565738093435240E+001          1.7608295027404250E+001          3.2589091165068339E+002          2.5813286540773601E+002         -3.5845029338560458E-001         -1.0000000000000000E+000          1.9998791397432794E+000          1.2000139239015806E+000         -2.2717994444148768E+001         -9.6196324282942509E+000         -1.0280790119210401E+001         -9.8999999999999986E+001         -9.8999999999999986E+001         -9.7265332910539311E+000         -9.8999999999999986E+001          8.0000000000000004E-001          2.1819375135670371E-001          2.2478046184917897E+053          2.3110698784584556E+039          0.0000000000000000E+000         -1.3016715056494290E+026         -8.7102315729921544E+035          2.3119409016158849E+039          0.0000000000000000E+000          0.0000000000000000E+000                                1                                2          5.5227998959160472E-008          5.2662317055085594E-008          2.1819375143973449E-001          4.8861105203448740E-001          1.0000000000000000E+000          5.3240475191774950E-001          2.2478046184917897E+053         -3.3007438598355420E+015 
                             890          1.0061880033176365E+005          1.3809352094420942E+003          7.6900969346390195E+002          1.0565680202659822E+001          1.7608198502212559E+001          3.2589448346020964E+002          2.5813569489681277E+002         -3.5908650674695486E-001         -1.0000000000000000E+000          1.9998791357856696E+000          1.2000139247651018E+000         -2.2791735552177045E+001         -9.6231599409466444E+000         -1.0284321836433460E+001         -9.8999999999999986E+001         -9.8999999999999986E+001         -9.7300596302629430E+000         -9.8999999999999986E+001          8.0000000000000004E-001          2.1819163894992982E-001          2.2478169354742872E+053          2.3967392177099920E+039          0.0000000000000000E+000         -1.3016188881602110E+026         -8.6397986223608992E+035          2.3976031975723581E+039          0.0000000000000000E+000          0.0000000000000000E+000                                1                                2          5.5343271205056299E-008          5.2661451217403982E-008          2.1819163899715130E-001          4.8860852085009432E-001          1.0000000000000000E+000          5.3240782650099128E-001          2.2478169354742872E+053         -3.2740107936196655E+015 
                             900          1.0062867540241804E+005          1.3809491603617528E+003          7.6901487259667113E+002          1.0565644631455889E+001          1.7608139192991167E+001          3.2589667818789894E+002          2.5813743349264041E+002         -3.5950904549952534E-001         -1.0000000000000000E+000          1.9998791334408659E+000          1.2000139252767170E+000         -2.2840804023510373E+001         -9.6255001955241397E+000         -1.0286664658145035E+001         -9.8999999999999986E+001         -9.8999999999999986E+001         -9.7323991683923889E+000         -9.8999999999999986E+001          8.0000000000000004E-001          2.1819034921321820E-001          2.2478245037361834E+053          2.4545920279854890E+039          0.0000000000000000E+000         -1.3015867637217329E+026         -8.5933844019312975E+035          2.4554513664258123E+039          0.0000000000000000E+000          0.0000000000000000E+000                                1                                2          5.5420866177468405E-008          5.2660919209639961E-008          2.1819034924226355E-001          4.8860697541434900E-001          1.0000000000000000E+000          5.3240970368911378E-001          2.2478245037361834E+053         -3.2563965438073960E+015 
                             910          1.0063513074940690E+005          1.3809584577362207E+003          7.6901832414215437E+002          1.0565620925709933E+001          1.7608099667940174E+001          3.2589814082877524E+002          2.5813859214885156E+002         -3.5980208278333797E-001         -1.0000000000000000E+000          1.9998791319149338E+000          1.2000139256096600E+000         -2.2874707817201983E+001         -9.6271137345709334E+000         -1.0288279891820189E+001         -9.8999999999999986E+001         -9.8999999999999986E+001         -9.7340122344971682E+000         -9.8999999999999986E+001          8.0000000000000004E-001          2.1818949783046424E-001          2.2478295474784093E+053          2.4933924961716126E+039          0.0000000000000000E+000         -1.3015655582445978E+026         -8.5615279138094605E+035          2.4942486489631239E+039          0.0000000000000000E+000          0.0000000000000000E+000                                1                                2          5.5474381923207471E-008          5.2660564667269061E-008          2.1818949785028111E-001          4.8860595523600225E-001          1.0000000000000000E+000          5.3241094285801771E-001          2.2478295474784093E+053         -3.2443078057374395E+015 
                             920          1.0063971009411608E+005          1.3809651406850589E+003          7.6902080510791643E+002          1.0565603886096500E+001          1.7608071257674879E+001          3.2589919217368947E+002          2.5813942498844523E+002         -3.6001479245849533E-001         -1.0000000000000000E+000          1.9998791308358661E+000          1.2000139258451010E+000         -2.2899242211494279E+001         -9.6282794558086024E+000         -1.0289446823478931E+001         -9.8999999999999986E+001         -9.8999999999999986E+001         -9.7351776179283060E+000         -9.8999999999999986E+001          8.0000000000000004E-001          2.1818888971590378E-001          2.2478331729136579E+053          2.5212441511278712E+039          0.0000000000000000E+000         -1.3015504121398811E+026         -8.5385862117916245E+035          2.5220980097491804E+039          0.0000000000000000E+000          0.0000000000000000E+000                                1                                2          5.5512985748378088E-008          5.2660309825311719E-008          2.1818888973038691E-001          4.8860522655464622E-001          1.0000000000000000E+000          5.3241182795398978E-001          2.2478331729136579E+053         -3.2356021833111005E+015 
                             930          1.0064315947427257E+005          1.3809702232289274E+003          7.6902269194018390E+002          1.0565590927097235E+001          1.7608049651163324E+001          3.2589999174644799E+002          2.5814005838193771E+002         -3.6018526920075578E-001         -1.0000000000000000E+000          1.9998791300249972E+000          1.2000139260220235E+000         -2.2917759275463780E+001         -9.6292071475294154E+000         -1.0290375431117223E+001         -9.8999999999999986E+001         -9.8999999999999986E+001         -9.7361050540339864E+000         -9.8999999999999986E+001          8.0000000000000004E-001          2.1818842956083470E-001          2.2478359301420310E+053          2.5426552712226756E+039          0.0000000000000000E+000         -1.3015389513590690E+026         -8.5203726131360952E+035          2.5435073084841193E+039          0.0000000000000000E+000          0.0000000000000000E+000                                1                                2          5.5542823556023207E-008          5.2660116013504412E-008          2.1818842957200382E-001          4.8860467516684952E-001          1.0000000000000000E+000          5.3241249769779819E-001          2.2478359301420310E+053         -3.2286912159953050E+015 
                             940          1.0064586680045124E+005          1.3809742417679186E+003          7.6902418377237836E+002          1.0565580681022674E+001          1.7608032567975609E+001          3.2590062393242317E+002          2.5814055917702279E+002         -3.6031155666896930E-001         -1.0000000000000000E+000          1.9998791293897369E+000          1.2000139261606297E+000         -2.2932299845819355E+001         -9.6298968024382017E+000         -1.0291065808220903E+001         -9.8999999999999986E+001         -9.8999999999999986E+001         -9.7367945073924158E+000         -9.8999999999999986E+001          8.0000000000000004E-001          2.1818806673228155E-001          2.2478381101569028E+053          2.5587966980181157E+039          0.0000000000000000E+000         -1.3015299147151857E+026         -8.5068579062937922E+035          2.5596473838088754E+039          0.0000000000000000E+000          0.0000000000000000E+000                                1                                2          5.5565591627759902E-008          5.2659962776229534E-008          2.1818806674115740E-001          4.8860424040129569E-001          1.0000000000000000E+000          5.3241302578492100E-001          2.2478381101569028E+053         -3.2235627977379145E+015 
                             950          1.0064803454847695E+005          1.3809774771095088E+003          7.6902538485152922E+002          1.0565572431883766E+001          1.7608018814302760E+001          3.2590113290765527E+002          2.5814096236869005E+002         -3.6040766731839935E-001         -1.0000000000000000E+000          1.9998791288817892E+000          1.2000139262714578E+000         -2.2943406415685971E+001         -9.6304229589152417E+000         -1.0291592546677933E+001         -9.8999999999999986E+001         -9.8999999999999986E+001         -9.7373205014506237E+000         -9.8999999999999986E+001          8.0000000000000004E-001          2.1818777434771436E-001          2.2478398652942635E+053          2.5711584850298893E+039          0.0000000000000000E+000         -1.3015226326132678E+026         -8.4965617931694990E+035          2.5720081412093364E+039          0.0000000000000000E+000          0.0000000000000000E+000                                1                                2          5.5582937598530102E-008          5.2659839404943226E-008          2.1818777435469811E-001          4.8860389004556593E-001          1.0000000000000000E+000          5.3241345134241191E-001          2.2478398652942635E+053         -3.2196554369992455E+015 
                             960          1.0064976450539747E+005          1.3809800696520886E+003          7.6902634729922931E+002          1.0565565821698209E+001          1.7608007793258725E+001          3.2590154075934242E+002          2.5814128545379583E+002         -3.6047931248863013E-001         -1.0000000000000000E+000          1.9998791284768449E+000          1.2000139263598113E+000         -2.2951672908478088E+001         -9.6308141098146667E+000         -1.0291984162715487E+001         -9.8999999999999986E+001         -9.8999999999999986E+001         -9.7377115225396160E+000         -9.8999999999999986E+001          8.0000000000000004E-001          2.1818754066434282E-001          2.2478412717193347E+053          2.5801956838605072E+039          0.0000000000000000E+000         -1.3015168125524926E+026         -8.4889158344432803E+035          2.5810445754440817E+039          0.0000000000000000E+000          0.0000000000000000E+000                                1                                2          5.5595676333894458E-008          5.2659740545532509E-008          2.1818754066999521E-001          4.8860361002955233E-001          1.0000000000000000E+000          5.3241379146190082E-001          2.2478412717193347E+053         -3.2167534880987250E+015 
                             970          1.0065109768834428E+005          1.3809820735090143E+003          7.6902709120470001E+002          1.0565560712486967E+001          1.7607999274776240E+001          3.2590185600052729E+002          2.5814153517617478E+002         -3.6053041700559568E-001         -1.0000000000000000E+000          1.9998791281650135E+000          1.2000139264278489E+000         -2.2957622979896328E+001         -9.6310953358782143E+000         -1.0292265751322162E+001         -9.8999999999999986E+001         -9.8999999999999986E+001         -9.7379926474249974E+000         -9.8999999999999986E+001          8.0000000000000004E-001          2.1818735852442753E-001          2.2478423587884985E+053          2.5867000505941383E+039          0.0000000000000000E+000         -1.3015122762436837E+026         -8.4834230526901351E+035          2.5875483928995375E+039          0.0000000000000000E+000          0.0000000000000000E+000                                1                                2          5.5604838143107509E-008          5.2659664134268508E-008          2.1818735852864646E-001          4.8860339177555528E-001          1.0000000000000000E+000          5.3241405656113661E-001          2.2478423587884985E+053         -3.2146684799269390E+015 
                             980          1.0065213771608657E+005          1.3809836400050931E+003          7.6902767274551070E+002          1.0565556718414259E+001          1.7607992615548934E+001          3.2590210243726364E+002          2.5814173039416943E+002         -3.6056733774579453E-001         -1.0000000000000000E+000          1.9998791279218837E+000          1.2000139264808967E+000         -2.2961893217214570E+001         -9.6312969528098531E+000         -1.0292467649972521E+001         -9.8999999999999986E+001         -9.8999999999999986E+001         -9.7381941857349368E+000         -9.8999999999999986E+001          8.0000000000000004E-001          2.1818721699040841E-001          2.2478432085940797E+053          2.5912491407099234E+039          0.0000000000000000E+000         -1.3015087512617060E+026         -8.4794874933218385E+035          2.5920970894593856E+039          0.0000000000000000E+000          0.0000000000000000E+000                                1                                2          5.5611281723792500E-008          5.2659604400644595E-008          2.1818721699374502E-001          4.8860322217889440E-001          1.0000000000000000E+000          5.3241426255978097E-001          2.2478432085940797E+053         -3.2131743638080700E+015 
                             990          1.0065294690591872E+005          1.3809848605769096E+003          7.6902812586641460E+002          1.0565553606342627E+001          1.7607987426866298E+001          3.2590229445413348E+002          2.5814188250274668E+002         -3.6059401734273966E-001         -1.0000000000000000E+000          1.9998791277327919E+000          1.2000139265221541E+000         -2.2965002536947598E+001         -9.6314436102022221E+000         -1.0292614528589494E+001         -9.8999999999999986E+001         -9.8999999999999986E+001         -9.7383407813882741E+000         -9.8999999999999986E+001          8.0000000000000004E-001          2.1818710584838247E-001          2.2478438707395825E+053          2.5943936471046015E+039          0.0000000000000000E+000         -1.3015059832174970E+026         -8.4766259986821724E+035          2.5952413097045999E+039          0.0000000000000000E+000          0.0000000000000000E+000                                1                                2          5.5615917015834027E-008          5.2659557857897578E-008          2.1818710585080095E-001          4.8860308899968641E-001          1.0000000000000000E+000          5.3241442432367336E-001          2.2478438707395825E+053         -3.2120878503269720E+015 
                            1000          1.0065352654275378E+005          1.3809857357870476E+003          7.6902845077635970E+002          1.0565551374835531E+001          1.7607983706329978E+001          3.2590243213966909E+002          2.5814199157206053E+002         -3.6061205714588601E-001         -1.0000000000000000E+000          1.9998791275973797E+000          1.2000139265516991E+000         -2.2967084134088477E+001         -9.6315417047329852E+000         -1.0292712780789943E+001         -9.8999999999999986E+001         -9.8999999999999986E+001         -9.7384388319168416E+000         -9.8999999999999986E+001          8.0000000000000004E-001          2.1818702663603395E-001          2.2478443455303904E+053          2.5965718184250820E+039          0.0000000000000000E+000         -1.3015040104002170E+026         -8.4747126380435267E+035          2.5974192896890166E+039          0.0000000000000000E+000          0.0000000000000000E+000                                1                                2          5.5619011824155444E-008          5.2659524484505146E-008          2.1818702663792644E-001          4.8860299408133190E-001          1.0000000000000000E+000          5.3241453961493690E-001          2.2478443455303904E+053         -3.2113612488709745E+015 
                            1010          1.0065396836759846E+005          1.3809864033831682E+003          7.6902869861236400E+002          1.0565549672678983E+001          1.7607980868367783E+001          3.2590253716395330E+002          2.5814207476834940E+002         -3.6062549609819622E-001         -1.0000000000000000E+000          1.9998791274941816E+000          1.2000139265742154E+000         -2.2968653635945575E+001         -9.6316156589628523E+000         -1.0292786857028419E+001         -9.8999999999999986E+001         -9.8999999999999986E+001         -9.7385127520967600E+000         -9.8999999999999986E+001          8.0000000000000004E-001          2.1818696533962523E-001          2.2478447076930433E+053          2.5982230988857246E+039          0.0000000000000000E+000         -1.3015024837903788E+026         -8.4732704469616687E+035          2.5990704259305510E+039          0.0000000000000000E+000          0.0000000000000000E+000                                1                                2          5.5621353074989325E-008          5.2659499027850277E-008          2.1818696534088061E-001          4.8860292063079558E-001          1.0000000000000000E+000          5.3241462882998103E-001          2.2478447076930433E+053         -3.2108135438342385E+015 
                            1020          1.0065428887442077E+005          1.3809868879250341E+003          7.6902887849193758E+002          1.0565548437252732E+001          1.7607978808573716E+001          3.2590261339066655E+002          2.5814213515228124E+002         -3.6063537000712242E-001         -1.0000000000000000E+000          1.9998791274193324E+000          1.2000139265905467E+000         -2.2969779657583661E+001         -9.6316687227363129E+000         -1.0292840007719963E+001         -9.8999999999999986E+001         -9.8999999999999986E+001         -9.7385657916132828E+000         -9.8999999999999986E+001          8.0000000000000004E-001          2.1818692167250128E-001          2.2478449705509785E+053          2.5993613505671210E+039          0.0000000000000000E+000         -1.3015013962446062E+026         -8.4722357904751078E+035          2.6002085741462987E+039          0.0000000000000000E+000          0.0000000000000000E+000                                1                                2          5.5622987414934727E-008          5.2659480551402649E-008          2.1818692167351711E-001          4.8860286830552779E-001          1.0000000000000000E+000          5.3241469238623451E-001          2.2478449705509785E+053         -3.2104206157060435E+015 
                            1030          1.0065454802701277E+005          1.3809872798712711E+003          7.6902902399663037E+002          1.0565547437915923E+001          1.7607977142405812E+001          3.2590267505050110E+002          2.5814218399687792E+002         -3.6064376032605494E-001         -1.0000000000000000E+000          1.9998791273588170E+000          1.2000139266037504E+000         -2.2970733625696614E+001         -9.6317137189476441E+000         -1.0292885074200960E+001         -9.8999999999999986E+001         -9.8999999999999986E+001         -9.7386107682138903E+000         -9.8999999999999986E+001          8.0000000000000004E-001          2.1818688636944936E-001          2.2478451831769072E+053          2.6003493601045766E+039          0.0000000000000000E+000         -1.3015005170098215E+026         -8.4713585144000256E+035          2.6011964959561469E+039          0.0000000000000000E+000          0.0000000000000000E+000                                1                                2          5.5624402996863895E-008          5.2659465605801380E-008          2.1818688637027697E-001          4.8860282600272675E-001          1.0000000000000000E+000          5.3241474376882381E-001          2.2478451831769072E+053         -3.2100874895459070E+015 
                            1040          1.0065476407378199E+005          1.3809876067410664E+003          7.6902914534257332E+002          1.0565546604503309E+001          1.7607975752879224E+001          3.2590272647269779E+002          2.5814222473160186E+002         -3.6065131211780577E-001         -1.0000000000000000E+000          1.9998791273083731E+000          1.2000139266147567E+000         -2.2971584310218084E+001         -9.6317538792002892E+000         -1.0292925292748427E+001         -9.8999999999999986E+001         -9.8999999999999986E+001         -9.7386509121977305E+000         -9.8999999999999986E+001          8.0000000000000004E-001          2.1818685708249058E-001          2.2478453604996633E+053          2.6012406602737075E+039          0.0000000000000000E+000         -1.3014997876082343E+026         -8.4705755707552923E+035          2.6020877178309131E+039          0.0000000000000000E+000          0.0000000000000000E+000                                1                                2          5.5625682748328955E-008          5.2659453141686084E-008          2.1818685708320301E-001          4.8860279090893322E-001          1.0000000000000000E+000          5.3241478639517836E-001          2.2478453604996633E+053         -3.2097902279327845E+015 
                            1050          1.0065499893337730E+005          1.3809879622032620E+003          7.6902927730304464E+002          1.0565545698189501E+001          1.7607974241806719E+001          3.2590278239296413E+002          2.5814226902952481E+002         -3.6066063256977110E-001         -1.0000000000000000E+000          1.9998791272535419E+000          1.2000139266267205E+000         -2.2972591392628033E+001         -9.6318014955664530E+000         -1.0292972970280008E+001         -9.8999999999999986E+001         -9.8999999999999986E+001         -9.7386985114939737E+000         -9.8999999999999986E+001          8.0000000000000004E-001          2.1818682635336606E-001          2.2478455533334190E+053          2.6022564381888090E+039          0.0000000000000000E+000         -1.3014990222881063E+026         -8.4696473075378166E+035          2.6031034029196930E+039          0.0000000000000000E+000          0.0000000000000000E+000                                1                                2          5.5627166261684601E-008          5.2659439587299406E-008          2.1818682635425604E-001          4.8860275408756054E-001          1.0000000000000000E+000          5.3241483112069066E-001          2.2478455533334190E+053         -3.2094378714524700E+015 
                            1060          1.0065527854785392E+005          1.3809883856126401E+003          7.6902943448796441E+002          1.0565544618632568E+001          1.7607972441891157E+001          3.2590284900247809E+002          2.5814232179506268E+002         -3.6067439671427376E-001         -1.0000000000000000E+000          1.9998791271882723E+000          1.2000139266409617E+000         -2.2974058151338603E+001         -9.6318710118948321E+000         -1.0293042559319666E+001         -9.8999999999999986E+001         -9.8999999999999986E+001         -9.7387680075302399E+000         -9.8999999999999986E+001          8.0000000000000004E-001          2.1818678982367770E-001          2.2478457830276428E+053          2.6037831768743972E+039          0.0000000000000000E+000         -1.3014981125034029E+026         -8.4682921853489563E+035          2.6046300060930623E+039          0.0000000000000000E+000          0.0000000000000000E+000                                1                                2          5.5629394200389772E-008          5.2659423441978570E-008          2.1818678982479850E-001          4.8860271031565039E-001          1.0000000000000000E+000          5.3241488428879302E-001          2.2478457830276428E+053         -3.2089236493841800E+015 
                            1070          1.0065571588187828E+005          1.3809890484774326E+003          7.6902968056739553E+002          1.0565542928542243E+001          1.7607969624051520E+001          3.2590295328240637E+002          2.5814240440166833E+002         -3.6070734716726477E-001         -1.0000000000000000E+000          1.9998791270862111E+000          1.2000139266632301E+000         -2.2977488170130954E+001         -9.6320340582445727E+000         -1.0293205719018191E+001         -9.8999999999999986E+001         -9.8999999999999986E+001         -9.7389310222468453E+000         -9.8999999999999986E+001          8.0000000000000004E-001          2.1818673287797602E-001          2.2478461426233654E+053          2.6074963710046218E+039          0.0000000000000000E+000         -1.3014966942520397E+026         -8.4651142992462146E+035          2.6083428824346764E+039          0.0000000000000000E+000          0.0000000000000000E+000                                1                                2          5.5634798485740153E-008          5.2659398165834754E-008          2.1818673287952206E-001          4.8860264208022919E-001          1.0000000000000000E+000          5.3241496717193915E-001          2.2478461426233654E+053         -3.2077183182088155E+015 
                            1080          1.0065614475481042E+005          1.3809897000651949E+003          7.6902992246036297E+002          1.0565541267204758E+001          1.7607966854153929E+001          3.2590305578826911E+002          2.5814248560290491E+002         -3.6067727422442658E-001         -1.0000000000000000E+000          1.9998791269861562E+000          1.2000139266850609E+000         -2.2966461880836214E+001         -9.6318763022828371E+000         -1.0293048077198787E+001         -9.8999999999999986E+001         -9.8999999999999986E+001         -9.7387732344305231E+000         -9.8999999999999986E+001          8.0000000000000004E-001          2.1818667553361609E-001          2.2478464961014746E+053          2.6168300361387158E+039          0.0000000000000000E+000         -1.3014952660762998E+026         -8.4681905386603944E+035          2.6176768551927121E+039          0.0000000000000000E+000          0.0000000000000000E+000                                1                                2          5.5643003533881513E-008          5.2659373319726620E-008          2.1818667553520754E-001          4.8860257336638546E-001          1.0000000000000000E+000          5.3241505063511707E-001          2.2478464961014746E+053         -3.2088828790289025E+015 
                            1090          1.0065663738159217E+005          1.3809904514477394E+003          7.6903020140074682E+002          1.0565539351422624E+001          1.7607963660033800E+001          3.2590317399356468E+002          2.5814257924059808E+002         -3.6075707697995113E-001         -1.0000000000000000E+000          1.9998791268712190E+000          1.2000139267101384E+000         -2.2974437795264375E+001         -9.6322593590854133E+000         -1.0293431263429172E+001         -9.8999999999999986E+001         -9.8999999999999986E+001         -9.7391562551126878E+000         -9.8999999999999986E+001          8.0000000000000004E-001          2.1818661050995039E-001          2.2478469037170843E+053          2.6272554708159211E+039          0.0000000000000000E+000         -1.3014936466477821E+026         -8.4607255689541166E+035          2.6281015433729467E+039          0.0000000000000000E+000          0.0000000000000000E+000                                1                                2          5.5657654613781253E-008          5.2659344668309180E-008          2.1818661051188826E-001          4.8860249545115669E-001          1.0000000000000000E+000          5.3241514527535183E-001          2.2478469037170843E+053         -3.2060528696796400E+015 
                            1100          1.0065728805650526E+005          1.3809914501472804E+003          7.6903057215414299E+002          1.0565536805060097E+001          1.7607959414582069E+001          3.2590333110609708E+002          2.5814270369901465E+002         -3.6093023721229794E-001         -1.0000000000000000E+000          1.9998791267196339E+000          1.2000139267432119E+000         -2.2992633473869496E+001         -9.6331271807327514E+000         -1.0294299255271524E+001         -9.8999999999999986E+001         -9.8999999999999986E+001         -9.7400240292624201E+000         -9.8999999999999986E+001          8.0000000000000004E-001          2.1818652500514291E-001          2.2478474454994664E+053          2.6487800818367538E+039          0.0000000000000000E+000         -1.3014915171386845E+026         -8.4438370729118972E+035          2.6496244655441750E+039          0.0000000000000000E+000          0.0000000000000000E+000                                1                                2          5.5688527601367632E-008          5.2659306586347593E-008          2.1818652500777116E-001          4.8860239299449537E-001          1.0000000000000000E+000          5.3241526972518860E-001          2.2478474454994664E+053         -3.1996515710448265E+015 
                            1110          1.0065818377418553E+005          1.3809928410227067E+003          7.6903108849745627E+002          1.0565533258768223E+001          1.7607953502023417E+001          3.2590354991476875E+002          2.5814287703046080E+002         -3.6124546310590272E-001         -1.0000000000000000E+000          1.9998791265115714E+000          1.2000139267886083E+000         -2.3026251308011602E+001         -9.6347260421648997E+000         -1.0295898352972493E+001         -9.8999999999999986E+001         -9.8999999999999986E+001         -9.7416228247572860E+000         -9.8999999999999986E+001          8.0000000000000004E-001          2.1818640630536362E-001          2.2478482000336939E+053          2.6872618505136153E+039          0.0000000000000000E+000         -1.3014885609223489E+026         -8.4128096738746983E+035          2.6881031314811330E+039          0.0000000000000000E+000          0.0000000000000000E+000                                1                                2          5.5744147666203162E-008          5.2659253550203360E-008          2.1818640630901551E-001          4.8860225076155284E-001          1.0000000000000000E+000          5.3241544248868522E-001          2.2478482000336939E+053         -3.1878919298191195E+015 
                            1120          1.0065943619012748E+005          1.3809948236835128E+003          7.6903182453307386E+002          1.0565528203593329E+001          1.7607945073863590E+001          3.2590386182187177E+002          2.5814312411017607E+002         -3.6176160513355188E-001         -1.0000000000000000E+000          1.9998791262221067E+000          1.2000139268517656E+000         -2.3081792951441532E+001         -9.6373588806072803E+000         -1.0298531526350386E+001         -9.8999999999999986E+001         -9.8999999999999986E+001         -9.7442555697268229E+000         -9.8999999999999986E+001          8.0000000000000004E-001          2.1818623803624987E-001          2.2478492756077293E+053          2.7497617391900128E+039          0.0000000000000000E+000         -1.3014843702231427E+026         -8.3619648834798920E+035          2.7505979356784909E+039          0.0000000000000000E+000          0.0000000000000000E+000                                1                                2          5.5835385455051448E-008          5.2659177948589010E-008          2.1818623804151605E-001          4.8860204913133148E-001          1.0000000000000000E+000          5.3241568739702949E-001          2.2478492756077293E+053         -3.1686218810786425E+015 
                            1130          1.0066106197286755E+005          1.3809974706126095E+003          7.6903280716947415E+002          1.0565521454704703E+001          1.7607933822048420E+001          3.2590427823070780E+002          2.5814345397069769E+002         -3.6247041986875828E-001         -1.0000000000000000E+000          1.9998791258491424E+000          1.2000139269331411E+000         -2.3160074394465184E+001         -9.6410542909447585E+000         -1.0302227389725008E+001         -9.8999999999999986E+001         -9.8999999999999986E+001         -9.7479508536321386E+000         -9.8999999999999986E+001          8.0000000000000004E-001          2.1818601043396052E-001          2.2478507115463651E+053          2.8381220292573727E+039          0.0000000000000000E+000         -1.3014787019306230E+026         -8.2911177540291266E+035          2.8389511410329059E+039          0.0000000000000000E+000          0.0000000000000000E+000                                1                                2          5.5965444942174495E-008          5.2659077017839106E-008          2.1818601044050712E-001          4.8860177640147939E-001          1.0000000000000000E+000          5.3241601865850652E-001          2.2478507115463651E+053         -3.1417711946562300E+015 
                            1140          1.0066325745038236E+005          1.3810011767549965E+003          7.6903418302481737E+002          1.0565512005077442E+001          1.7607918067818400E+001          3.2590486127383843E+002          2.5814391582958700E+002         -3.6343614187498691E-001         -1.0000000000000000E+000          1.9998791253505666E+000          1.2000139270419232E+000         -2.3266639696270556E+001         -9.6460571716962509E+000         -1.0307230900896917E+001         -9.8999999999999986E+001         -9.8999999999999986E+001         -9.7529535584481906E+000         -9.8999999999999986E+001          8.0000000000000004E-001          2.1818569371610738E-001          2.2478527221095442E+053          2.9545651468903241E+039          0.0000000000000000E+000         -1.3014708144131544E+026         -8.1961597963466069E+035          2.9553847628700888E+039          0.0000000000000000E+000          0.0000000000000000E+000                                1                                2          5.6141654264935603E-008          5.2658935698598627E-008          2.1818569372475427E-001          4.8860139688484094E-001          1.0000000000000000E+000          5.3241647961664396E-001          2.2478527221095442E+053         -3.1057825275360970E+015 
                            1150          1.0066607766198253E+005          1.3810061643223999E+003          7.6903603459242618E+002          1.0565499288084565E+001          1.7607896866774237E+001          3.2590564591032012E+002          2.5814453737793554E+002         -3.6482341538233620E-001         -1.0000000000000000E+000          1.9998791247189651E+000          1.2000139271797297E+000         -2.3419125192913828E+001         -9.6532017359094127E+000         -1.0314376324004296E+001         -9.8999999999999986E+001         -9.8999999999999986E+001         -9.7600978829648000E+000         -9.8999999999999986E+001          8.0000000000000004E-001          2.1818526221570120E-001          2.2478554278544712E+053          3.1165398569429112E+039          0.0000000000000000E+000         -1.3014600686155325E+026         -8.0624334921448610E+035          3.1173461002922556E+039          0.0000000000000000E+000          0.0000000000000000E+000                                1                                2          5.6394632117510156E-008          5.2658745518425672E-008          2.1818526222568255E-001          4.8860087981951028E-001          1.0000000000000000E+000          5.3241710762152417E-001          2.2478554278544712E+053         -3.0551013300131020E+015 
                            1160          1.0066940075416819E+005          1.3810124285231266E+003          7.6903836009393876E+002          1.0565483315862524E+001          1.7607870239571842E+001          3.2590663138817717E+002          2.5814531801724672E+002         -3.6701164440686701E-001         -1.0000000000000000E+000          1.9998791239901463E+000          1.2000139273387471E+000         -2.3654598100919824E+001         -9.6640594281965804E+000         -1.0325235073339648E+001         -9.8999999999999986E+001         -9.8999999999999986E+001         -9.7709552802562794E+000         -9.8999999999999986E+001          8.0000000000000004E-001          2.1818473116577025E-001          2.2478588261953860E+053          3.3457747386080224E+039          0.0000000000000000E+000         -1.3014468440885910E+026         -7.8633718338322315E+035          3.3465610757915360E+039          0.0000000000000000E+000          0.0000000000000000E+000                                1                                2          5.6776353253319306E-008          5.2658506661088010E-008          2.1818473117915413E-001          4.8860024346068975E-001          1.0000000000000000E+000          5.3241788049601457E-001          2.2478588261953860E+053         -2.9796610913227305E+015 
                            1170          1.0067421183093435E+005          1.3810224451418096E+003          7.6904207863304339E+002          1.0565457775518007E+001          1.7607827663218682E+001          3.2590820720065062E+002          2.5814656627384863E+002         -3.7172900367622447E-001         -1.0000000000000000E+000          1.9998791229757271E+000          1.2000139275600772E+000         -2.4170389121515818E+001         -9.6873737135990829E+000         -1.0348551047118459E+001         -9.8999999999999986E+001         -9.8999999999999986E+001         -9.7942690944771211E+000         -9.8999999999999986E+001          8.0000000000000004E-001          2.1818388294588700E-001          2.2478642602892390E+053          3.7950587262782756E+039          0.0000000000000000E+000         -1.3014257221204950E+026         -7.4523818883037961E+035          3.7958039644672364E+039          0.0000000000000000E+000          0.0000000000000000E+000                                1                                2          5.7602920323710810E-008          5.2658124726541260E-008          2.1818388296299118E-001          4.8859922701722958E-001          1.0000000000000000E+000          5.3241911493410621E-001          2.2478642602892390E+053         -2.8239102914820560E+015 
                            1180          1.0068073432527398E+005          1.3810383574749885E+003          7.6904798588224730E+002          1.0565417201559478E+001          1.7607760029588459E+001          3.2591071054294753E+002          2.5814854923208759E+002         -3.8093268957180887E-001         -1.0000000000000000E+000          1.9998791217065199E+000          1.2000139278369970E+000         -2.5214208730101223E+001         -9.7325815880014233E+000         -1.0393761577810478E+001         -9.8999999999999986E+001         -9.8999999999999986E+001         -9.8394762275832477E+000         -9.8999999999999986E+001          8.0000000000000004E-001          2.1818254846468155E-001          2.2478728929823837E+053          4.5282595573240341E+039          0.0000000000000000E+000         -1.3013924936429919E+026         -6.7156511940007986E+035          4.5289311224435647E+039          0.0000000000000000E+000          0.0000000000000000E+000                                1                                2          5.9259296619463189E-008          5.2657517999276455E-008          2.1818254848630583E-001          4.8859762783525934E-001          1.0000000000000000E+000          5.3242105696070541E-001          2.2478728929823837E+053         -2.5447221231441790E+015 
                            1190          1.0068942716197409E+005          1.3810639799701230E+003          7.6905749789291724E+002          1.0565351867406960E+001          1.7607651129602417E+001          3.2591474151865214E+002          2.5815174221940532E+002         -3.9672451246790097E-001         -1.0000000000000000E+000          1.9998791202424813E+000          1.2000139281564230E+000         -2.7160065894552663E+001         -9.8102065299695589E+000         -1.0471390821538225E+001         -9.8999999999999986E+001         -9.8999999999999986E+001         -9.9170999690627912E+000         -9.8999999999999986E+001          8.0000000000000004E-001          2.1818038734068354E-001          2.2478867937615521E+053          5.4597035103215486E+039          0.0000000000000000E+000         -1.3013386860841430E+026         -5.6164856383065812E+035          5.4602651588855098E+039          0.0000000000000000E+000          0.0000000000000000E+000                                1                                2          6.2359842040639324E-008          5.2656541059020034E-008          2.1818038736436002E-001          4.8859503796195497E-001          1.0000000000000000E+000          5.3242420183976102E-001          2.2478867937615521E+053         -2.1281935456535255E+015 
                            1200          1.0070079907399237E+005          1.3811030303178850E+003          7.6907199474617028E+002          1.0565252294464742E+001          1.7607485168294492E+001          3.2592088499094780E+002          2.5815660848599703E+002         -4.2035569495220304E-001         -1.0000000000000000E+000          1.9998791187131388E+000          1.2000139284900930E+000         -3.0433222689124658E+001         -9.9245735045212111E+000         -1.0585764411677202E+001         -9.8999999999999986E+001         -9.8999999999999986E+001         -1.0031465097437501E+001         -9.8999999999999986E+001          8.0000000000000004E-001          2.1817706383446508E-001          2.2479079794952697E+053          6.1660327538804829E+039          0.0000000000000000E+000         -1.3012559447022307E+026         -4.3161837835061773E+035          6.1664643722589639E+039          0.0000000000000000E+000          0.0000000000000000E+000                                1                                2          6.7570943456820375E-008          5.2655052208300596E-008          2.1817706385784227E-001          4.8859105498314503E-001          1.0000000000000000E+000          5.3242903809221642E-001          2.2479079794952697E+053         -1.6354509808185702E+015 
                            1210          1.0071563853183454E+005          1.3811567008982242E+003          7.6909191895720062E+002          1.0565115445787413E+001          1.7607257085964203E+001          3.2592932849682421E+002          2.5816329656676902E+002         -4.5195564094424268E-001         -1.0000000000000000E+000          1.9998791172442978E+000          1.2000139288105569E+000         -3.5568102930970234E+001         -1.0072427663377384E+001         -1.0733627773240096E+001         -9.8999999999999986E+001         -9.8999999999999986E+001         -1.0179316688202832E+001         -9.8999999999999986E+001          8.0000000000000004E-001          2.1817244070812453E-001          2.2479370967349277E+053          6.1462889498214824E+039          0.0000000000000000E+000         -1.3011408588472899E+026         -3.0707813918630789E+035          6.1465960279607983E+039          0.0000000000000000E+000          0.0000000000000000E+000                                1                                2          7.5634901654065210E-008          5.2653006077540794E-008          2.1817244072963907E-001          4.8858551435155317E-001          1.0000000000000000E+000          5.3243576546585725E-001          2.2479370967349277E+053         -1.1635208497196420E+015 
                            1220          1.0073476344293728E+005          1.3812202817684913E+003          7.6911552187337145E+002          1.0564953335555590E+001          1.7606986906020492E+001          3.2593933098890170E+002          2.5817121948207597E+002         -4.9027574111470856E-001         -1.0000000000000000E+000          1.9998791159373366E+000          1.2000139290956959E+000         -4.3249678402528872E+001         -1.0242892729510077E+001         -1.0904103907807585E+001         -9.8999999999999986E+001         -9.8999999999999986E+001         -1.0349778665690147E+001         -9.8999999999999986E+001          8.0000000000000004E-001          2.1816688043332616E-001          2.2479715897366359E+053          5.2936252089570981E+039          0.0000000000000000E+000         -1.3010024578024399E+026         -2.0738989838753565E+035          5.2938325988556155E+039          0.0000000000000000E+000          0.0000000000000000E+000                                1                                2          8.7451993571329780E-008          5.2650582333846348E-008          2.1816688045195964E-001          4.8857885040258608E-001          1.0000000000000000E+000          5.3244385663227001E-001          2.2479715897366359E+053         -7.8577468909726125E+014 
                            1230          1.0075679287818853E+005          1.3812796350213250E+003          7.6913755507078417E+002          1.0564802012603682E+001          1.7606734707025918E+001          3.2594866827166021E+002          2.5817861547296229E+002         -5.2932893748479382E-001         -1.0000000000000000E+000          1.9998791149172643E+000          1.2000139293182390E+000         -5.3454152510643418E+001         -1.0408991467255552E+001         -1.1070213294581569E+001         -9.8999999999999986E+001         -9.8999999999999986E+001         -1.0515874431920551E+001         -9.8999999999999986E+001          8.0000000000000004E-001          2.1816153098279722E-001          2.2480037883817677E+053          4.1011877696467228E+039          0.0000000000000000E+000         -1.3008693173469880E+026         -1.4147916333533479E+035          4.1013292488101884E+039          0.0000000000000000E+000          0.0000000000000000E+000                                1                                2          1.0313078402415812E-007          5.2648319951019670E-008          2.1816153099609606E-001          4.8857243895661034E-001          1.0000000000000000E+000          5.3245164118184596E-001          2.2480037883817677E+053         -5.3602944724470038E+014 
                            1240          1.0077774582552862E+005          1.3813229094207411E+003          7.6915361925794275E+002          1.0564691688470058E+001          1.7606550838383448E+001          3.2595547599482768E+002          2.5818400781491255E+002         -5.6063478379390264E-001         -1.0000000000000000E+000          1.9998791142229977E+000          1.2000139294697003E+000         -6.4002665191628822E+001         -1.0535327354370422E+001         -1.1196557066735767E+001         -9.8999999999999986E+001         -9.8999999999999986E+001         -1.0642208118846574E+001         -9.8999999999999986E+001          8.0000000000000004E-001          2.1815757008366571E-001          2.2480272638277868E+053          3.1377444552065873E+039          0.0000000000000000E+000         -1.3007707438131080E+026         -1.0576921408316293E+035          3.1378502244208004E+039          0.0000000000000000E+000          0.0000000000000000E+000                                1                                2          1.1931941172628673E-007          5.2646670572434397E-008          2.1815757009274470E-001          4.8856769162662322E-001          1.0000000000000000E+000          5.3245740523457419E-001          2.2480272638277868E+053         -4.0072355963033362E+014 
                            1250          1.0079643952572033E+005          1.3813522640252831E+003          7.6916451608584975E+002          1.0564616854268243E+001          1.7606426117844297E+001          3.2596009388021741E+002          2.5818766560558657E+002         -5.8226869722631180E-001         -1.0000000000000000E+000          1.9998791137351979E+000          1.2000139295761170E+000         -7.3004686590603711E+001         -1.0619267131685032E+001         -1.1280502247382396E+001         -9.8999999999999986E+001         -9.8999999999999986E+001         -1.0726146388480917E+001         -9.8999999999999986E+001          8.0000000000000004E-001          2.1815485586439873E-001          2.2480431877915450E+053          2.2262260429259673E+039          0.0000000000000000E+000         -1.3007031996093133E+026         -8.7180897888584886E+034          2.2263132238239859E+039          0.0000000000000000E+000          0.0000000000000000E+000                                1                                2          1.3310762144020282E-007          5.2645551797567659E-008          2.1815485587096650E-001          4.8856443846013592E-001          8.7819626226689329E-001          5.3246135514649628E-001          2.2480431877915450E+053         -3.3029324811400744E+014 
                            1260          1.0081400005777033E+005          1.3813711953654260E+003          7.6917154361030782E+002          1.0564568593701280E+001          1.7606345684590281E+001          3.2596307201851272E+002          2.5819002457213253E+002         -5.9196979551983697E-001         -1.0000000000000000E+000          1.9998791133377565E+000          1.2000139296628207E+000         -7.8015641133526216E+001         -1.0659028545532742E+001         -1.1320267067311969E+001         -9.8999999999999986E+001         -9.8999999999999986E+001         -1.0765906851949163E+001         -9.8999999999999986E+001          8.0000000000000004E-001          2.1815314492766189E-001          2.2480534572934410E+053          1.6748091269551410E+039          0.0000000000000000E+000         -1.3006606235510256E+026         -7.9553828001036373E+034          1.6748886807832722E+039          0.0000000000000000E+000          0.0000000000000000E+000                                1                                2          1.4119003497263380E-007          5.2644830303698784E-008          2.1815314493407131E-001          4.8856238778385058E-001          7.2263670960854154E-001          5.3246384506954914E-001          2.2480534572934410E+053         -3.0139418988463756E+014 
                            1270          1.0083670730182159E+005          1.3813947104465037E+003          7.6918027262496025E+002          1.0564508649345369E+001          1.7606245778444837E+001          3.2596677121709519E+002          2.5819295468751926E+002         -5.8341154867723843E-001         -1.0000000000000000E+000          1.9998791128309417E+000          1.2000139297733834E+000         -7.4966076575661290E+001         -1.0635331132778099E+001         -1.1296573622447566E+001         -9.8999999999999986E+001         -9.8999999999999986E+001         -1.0742208332068905E+001         -9.8999999999999986E+001          8.0000000000000004E-001          2.1815115180129951E-001          2.2480662131555118E+053          2.0024159853438750E+039          0.0000000000000000E+000         -1.3006110266547578E+026         -8.4015582757991064E+034          2.0025000009267629E+039          0.0000000000000000E+000          0.0000000000000000E+000                                1                                2          1.3772623033344938E-007          5.2643934146037583E-008          2.1815115180985029E-001          4.8855999887249624E-001          7.7179895134128218E-001          5.3246674570160668E-001          2.2480662131555118E+053         -3.1829390384103719E+014 
                            1280          1.0085953909734749E+005          1.3814298412052274E+003          7.6919331340505050E+002          1.0564419096330386E+001          1.7606096527230417E+001          3.2597229767223064E+002          2.5819733214871206E+002         -5.6176928685043248E-001         -1.0000000000000000E+000          1.9998791122525261E+000          1.2000139298995647E+000         -6.6364684131866952E+001         -1.0559030343110305E+001         -1.1220278776608357E+001         -9.8999999999999986E+001         -9.8999999999999986E+001         -1.0665905883970961E+001         -9.8999999999999986E+001          8.0000000000000004E-001          2.1814816616774285E-001          2.2480852698199120E+053          3.2631165995693800E+039          0.0000000000000000E+000         -1.3005367360693606E+026         -1.0015269842037657E+035          3.2632167522679307E+039          0.0000000000000000E+000          0.0000000000000000E+000                                1                                2          1.2497718869280354E-007          5.2642595372765439E-008          2.1814816617695135E-001          4.8855642031050106E-001          1.0000000000000000E+000          5.3247109075787769E-001          2.2480852698199120E+053         -3.7942257461582200E+014 
                            1290          1.0087899136772631E+005          1.3814717748577223E+003          7.6920887932687469E+002          1.0564312205491646E+001          1.7605918381404969E+001          3.2597889424235865E+002          2.5820255723264989E+002         -5.3645314470762429E-001         -1.0000000000000000E+000          1.9998791116474302E+000          1.2000139300315642E+000         -5.7531727145362588E+001         -1.0462016943527908E+001         -1.1123272723105927E+001         -9.8999999999999986E+001         -9.8999999999999986E+001         -1.0568890434746333E+001         -9.8999999999999986E+001          8.0000000000000004E-001          2.1814447622834288E-001          2.2481080163334293E+053          4.1031762444117591E+039          0.0000000000000000E+000         -1.3004449259879261E+026         -1.2522139929289829E+035          4.1033014658111822E+039          0.0000000000000000E+000          0.0000000000000000E+000                                1                                2          1.1121875491323766E-007          5.2640997441963690E-008          2.1814447623780570E-001          4.8855199750053335E-001          1.0000000000000000E+000          5.3247646087333622E-001          2.2481080163334293E+053         -4.7438311242180700E+014 
                            1300          1.0089472822193810E+005          1.3815134484613470E+003          7.6922434856069560E+002          1.0564205981867572E+001          1.7605741347397537E+001          3.2598544983710610E+002          2.5820774986150428E+002         -5.1187209853434557E-001         -1.0000000000000000E+000          1.9998791110317962E+000          1.2000139301658601E+000         -5.0213241444904725E+001         -1.0361686735961138E+001         -1.1022949873670795E+001         -9.8999999999999986E+001         -9.8999999999999986E+001         -1.0468558174219224E+001         -9.8999999999999986E+001          8.0000000000000004E-001          2.1814078029795109E-001          2.2481306213222439E+053          4.9328360250767588E+039          0.0000000000000000E+000         -1.3003529723422711E+026         -1.5776521804501936E+035          4.9329937902949337E+039          0.0000000000000000E+000          0.0000000000000000E+000                                1                                2          9.9551037385033283E-008          5.2639409516732668E-008          2.1814078030741665E-001          4.8854756744330419E-001          1.0000000000000000E+000          5.3248183982045638E-001          2.2481306213222439E+053         -5.9765708133392062E+014 
                            1310          1.0090688813603480E+005          1.3815509472852161E+003          7.6923826798160758E+002          1.0564110403314375E+001          1.7605582054158646E+001          3.2599134864599057E+002          2.5821242225925818E+002         -4.9049762206620040E-001         -1.0000000000000000E+000          1.9998791104379816E+000          1.2000139302953945E+000         -4.4688271588757893E+001         -1.0269466364194209E+001         -1.0930736195477724E+001         -9.8999999999999986E+001         -9.8999999999999986E+001         -1.0376335934945978E+001         -9.8999999999999986E+001          8.0000000000000004E-001          2.1813741822398316E-001          2.2481509613778922E+053          5.5948551326208215E+039          0.0000000000000000E+000         -1.3002693295900810E+026         -1.9508950628865925E+035          5.5950502221272401E+039          0.0000000000000000E+000          0.0000000000000000E+000                                1                                2          9.0575977428843794E-008          5.2637980748615274E-008          2.1813741823280319E-001          4.8854353750093593E-001          1.0000000000000000E+000          5.3248673298889015E-001          2.2481509613778922E+053         -7.3903626119083700E+014 
                            1320          1.0091567977747235E+005          1.3815807782977633E+003          7.6924934104716874E+002          1.0564034371439652E+001          1.7605455337255588E+001          3.2599604121668244E+002          2.5821613920953172E+002         -4.7381618297749700E-001         -1.0000000000000000E+000          1.9998791099179407E+000          1.2000139304088342E+000         -4.0826358516855429E+001         -1.0193921124026797E+001         -1.0855196356057327E+001         -9.8999999999999986E+001         -9.8999999999999986E+001         -1.0300789187997617E+001         -9.8999999999999986E+001          8.0000000000000004E-001          2.1813470555381501E-001          2.2481671419826193E+053          6.0092505714335615E+039          0.0000000000000000E+000         -1.3002018460382531E+026         -2.3215657397332780E+035          6.0094827280076648E+039          0.0000000000000000E+000          0.0000000000000000E+000                                1                                2          8.4191880677338067E-008          5.2636844192368369E-008          2.1813470556104109E-001          4.8854028592706544E-001          1.0000000000000000E+000          5.3249068109347719E-001          2.2481671419826193E+053         -8.7943872882985638E+014 
                            1330          1.0092225437555627E+005          1.3816043117022432E+003          7.6925807642519226E+002          1.0563974392314346E+001          1.7605355373800474E+001          3.2599974311442094E+002          2.5821907145864560E+002         -4.6071194921344683E-001         -1.0000000000000000E+000          1.9998791094639830E+000          1.2000139305078574E+000         -3.8122455261413535E+001         -1.0134289825254841E+001         -1.0795569225704648E+001         -9.8999999999999986E+001         -9.8999999999999986E+001         -1.0241156726274275E+001         -9.8999999999999986E+001          8.0000000000000004E-001          2.1813261187640179E-001          2.2481799065214769E+053          6.2689891976440007E+039          0.0000000000000000E+000         -1.3001497631018199E+026         -2.6632608322221740E+035          6.2692555237273528E+039          0.0000000000000000E+000          0.0000000000000000E+000                                1                                2          7.9776822700761226E-008          5.2635947608495236E-008          2.1813261188377056E-001          4.8853777629796813E-001          1.0000000000000000E+000          5.3249372835040709E-001          2.2481799065214769E+053         -1.0088642148628476E+015 
                            1340          1.0092876918686090E+005          1.3816284972528547E+003          7.6926705381885301E+002          1.0563912752681368E+001          1.7605252642271143E+001          3.2600354757171289E+002          2.5822208494858813E+002         -4.4722985171836643E-001         -1.0000000000000000E+000          1.9998791089466335E+000          1.2000139306207076E+000         -3.5585360603112711E+001         -1.0072251958271243E+001         -1.0733535594741760E+001         -9.8999999999999986E+001         -9.8999999999999986E+001         -1.0179117677493721E+001         -9.8999999999999986E+001          8.0000000000000004E-001          2.1813048426531428E-001          2.2481930246068707E+053          6.4542231343035165E+039          0.0000000000000000E+000         -1.3000968376040159E+026         -3.0722249321128126E+035          6.4545303567968577E+039          0.0000000000000000E+000          0.0000000000000000E+000                                1                                2          7.5677864831100463E-008          5.2635026210755247E-008          2.1813048427385481E-001          4.8853522597799820E-001          1.0000000000000000E+000          5.3249682504715778E-001          2.2481930246068707E+053         -1.1637678318757605E+015 
                            1350          1.0093530979809206E+005          1.3816532006263246E+003          7.6927622336360662E+002          1.0563849795071487E+001          1.7605147713253949E+001          3.2600743345573380E+002          2.5822516294211164E+002         -4.3324671170377910E-001         -1.0000000000000000E+000          1.9998791083444682E+000          1.2000139307520572E+000         -3.3153113694926859E+001         -1.0006402566794151E+001         -1.0667690537574838E+001         -9.8999999999999986E+001         -9.8999999999999986E+001         -1.0113267076813401E+001         -9.8999999999999986E+001          8.0000000000000004E-001          2.1812830730820709E-001          2.2482064233587081E+053          6.4977027066655300E+039          0.0000000000000000E+000         -1.3000426861581207E+026         -3.5752290819986884E+035          6.4980602295738598E+039          0.0000000000000000E+000          0.0000000000000000E+000                                1                                2          7.1721571285608939E-008          5.2634085118801424E-008          2.1812830731823915E-001          4.8853261649219942E-001          1.0000000000000000E+000          5.3249999362441347E-001          2.2482064233587081E+053         -1.3542891706058830E+015 
                            1360          1.0094190216547521E+005          1.3816778500484445E+003          7.6928537282106072E+002          1.0563786976852720E+001          1.7605043015242973E+001          3.2601131082203966E+002          2.5822823419754508E+002         -4.1875196022012023E-001         -1.0000000000000000E+000          1.9998791076343594E+000          1.2000139309069511E+000         -3.0825391142524765E+001         -9.9364058914610123E+000         -1.0597698203758194E+001         -9.8999999999999986E+001         -9.8999999999999986E+001         -1.0043269190282059E+001         -9.8999999999999986E+001          8.0000000000000004E-001          2.1812612675342274E-001          2.2482197926307506E+053          6.3323491593370792E+039          0.0000000000000000E+000         -1.2999884466437068E+026         -4.2005100267169634E+035          6.3327692103398808E+039          0.0000000000000000E+000          0.0000000000000000E+000                                1                                2          6.7906394567504927E-008          5.2633146115703178E-008          2.1812612676524532E-001          4.8853000268092628E-001          1.0000000000000000E+000          5.3250316750686755E-001          2.2482197926307506E+053         -1.5911229484128865E+015 
                            1370          1.0094853542200684E+005          1.3817014281566744E+003          7.6929412456331863E+002          1.0563726890837925E+001          1.7604942868974685E+001          3.2601501963654442E+002          2.5823117195655288E+002         -4.0382551621820456E-001         -1.0000000000000000E+000          1.9998791067907333E+000          1.2000139310909670E+000         -2.8617547161612912E+001         -9.8626187639838747E+000         -1.0523915246298349E+001         -9.8999999999999986E+001         -9.8999999999999986E+001         -9.9694808994662214E+000         -9.8999999999999986E+001          8.0000000000000004E-001          2.1812403235574634E-001          2.2482325806107902E+053          5.8771475296330202E+039          0.0000000000000000E+000         -1.2999363512727792E+026         -4.9784089750739894E+035          5.8776453705306580E+039          0.0000000000000000E+000          0.0000000000000000E+000                                1                                2          6.4262258367792472E-008          5.2632247954935363E-008          2.1812403236990094E-001          4.8852749213921737E-001          1.0000000000000000E+000          5.3250621606623605E-001          2.2482325806107902E+053         -1.8857612052088682E+015 
                            1380          1.0095525366280359E+005          1.3817227090000586E+003          7.6930202354602500E+002          1.0563672661239082E+001          1.7604852480600986E+001          3.2601836705653596E+002          2.5823382347486438E+002         -3.8842381044411378E-001         -1.0000000000000000E+000          1.9998791057725263E+000          1.2000139313130616E+000         -2.6519421654493826E+001         -9.7845896307004754E+000         -1.0445889908259954E+001         -9.8999999999999986E+001         -9.8999999999999986E+001         -9.8914507074093692E+000         -9.8999999999999986E+001          8.0000000000000004E-001          2.1812212620551566E-001          2.2482441223693121E+053          5.0204512056614240E+039          0.0000000000000000E+000         -1.2998889386696213E+026         -5.9582811826129713E+035          5.0210470337798150E+039          0.0000000000000000E+000          0.0000000000000000E+000                                1                                2          6.0773278048585810E-008          5.2631437330185268E-008          2.1812212622258900E-001          4.8852520725414417E-001          1.0000000000000000E+000          5.3250899071886482E-001          2.2482441223693121E+053         -2.2568985370068260E+015 
                            1390          1.0096205456176006E+005          1.3817397516827498E+003          7.6930834936051406E+002          1.0563629234019356E+001          1.7604780092233511E+001          3.2602104778170332E+002          2.5823594693287185E+002         -3.7263628477933247E-001         -1.0000000000000000E+000          1.9998791045325535E+000          1.2000139315835261E+000         -2.4539748569916572E+001         -9.7027227715678350E+000         -1.0364026133725629E+001         -9.8999999999999986E+001         -9.8999999999999986E+001         -9.8095829877637115E+000         -9.8999999999999986E+001          8.0000000000000004E-001          2.1812057698768769E-001          2.2482533652313355E+053          3.6346552995230412E+039          0.0000000000000000E+000         -1.2998504033580320E+026         -7.1943059415757051E+035          3.6353747301173286E+039          0.0000000000000000E+000          0.0000000000000000E+000                                1                                2          5.7463527981484144E-008          5.2630788162435040E-008          2.1812057700873480E-001          4.8852335024792359E-001          1.0000000000000000E+000          5.3251124594821753E-001          2.2482533652313355E+053         -2.7250583723171990E+015 
                            1400          1.0096900526781201E+005          1.3817500495800393E+003          7.6931217161847110E+002          1.0563602996710101E+001          1.7604736348061817E+001          3.2602266752418348E+002          2.5823723002780179E+002         -3.5639092277045326E-001         -1.0000000000000000E+000          1.9998791029934242E+000          1.2000139319192411E+000         -2.2665746750116242E+001         -9.6164163641081561E+000         -1.0277721680040147E+001         -9.8999999999999986E+001         -9.8999999999999986E+001         -9.7232760352620353E+000         -9.8999999999999986E+001          8.0000000000000004E-001          2.1811959572401932E-001          2.2482589496953650E+053          1.5399531559700498E+039          0.0000000000000000E+000         -1.2998259922956046E+026         -8.7759870635953917E+035          1.5408307546765394E+039          0.0000000000000000E+000          0.0000000000000000E+000                                1                                2          5.4308645083218376E-008          5.2630395916058111E-008          2.1811959575021775E-001          4.8852217410052956E-001          1.0000000000000000E+000          5.3251267461945040E-001          2.2482589496953650E+053         -3.3241473244115300E+015 
                            1410          1.0097613619718724E+005          1.3817498895647179E+003          7.6931211210294418E+002          1.0563603411541875E+001          1.7604737016141502E+001          3.2602264221220304E+002          2.5823721013390275E+002         -3.3970989917169464E-001         -1.0000000000000000E+000          1.9998791010558123E+000          1.2000139323418719E+000         -2.0897652102367086E+001         -9.5256602276141784E+000         -1.0186965734420266E+001         -9.8999999999999986E+001         -9.8999999999999986E+001         -9.6325198455207754E+000         -9.8999999999999986E+001          8.0000000000000004E-001          2.1811949985963799E-001          2.2482588618762288E+053         -1.4745333991210099E+039          0.0000000000000000E+000         -1.2998235989611427E+026         -1.0815638826764581E+036         -1.4734518352382035E+039          0.0000000000000000E+000          0.0000000000000000E+000                                1                                2          5.1316353494577341E-008          5.2630402010988735E-008          2.1811949989053717E-001          4.8852205936827675E-001          1.0000000000000000E+000          5.3251281470610845E-001          2.2482588618762288E+053         -4.0967193091482610E+015 
                            1420          1.0098348748364615E+005          1.3817341084965947E+003          7.6930625435609284E+002          1.0563643636765017E+001          1.7604804023622197E+001          3.2602015967385876E+002          2.5823524395433822E+002         -3.2261689028679114E-001         -1.0000000000000000E+000          1.9998790985791617E+000          1.2000139328820791E+000         -1.9231974080231623E+001         -9.4303821090436433E+000         -1.0091685166296802E+001         -9.8999999999999986E+001         -9.8999999999999986E+001         -9.5372424103162192E+000         -9.8999999999999986E+001          8.0000000000000004E-001          2.1812073012340802E-001          2.2482503013478626E+053         -5.6798963958967151E+039          0.0000000000000000E+000         -1.2998541813625664E+026         -1.3468817323852071E+036         -5.6785495141642004E+039          0.0000000000000000E+000          0.0000000000000000E+000                                1                                2          4.8481264663707040E-008          5.2631003113584657E-008          2.1812073007441013E-001          4.8852353429064832E-001          1.0000000000000000E+000          5.3251102488874524E-001          2.2482503013478626E+053         -5.1017218487568440E+015 
                            1430          1.0099108864189799E+005          1.3816956485318992E+003          7.6929197855344319E+002          1.0563741661728853E+001          1.7604967348290440E+001          3.2601410965890506E+002          2.5823045209338215E+002         -3.0518534143770587E-001         -1.0000000000000000E+000          1.9998790953717505E+000          1.2000139335816871E+000         -1.7670177363519343E+001         -9.3308490619313851E+000         -9.9921458205677069E+000         -9.8999999999999986E+001         -9.8999999999999986E+001         -9.4377111208353757E+000         -9.8999999999999986E+001          8.0000000000000004E-001          2.1812389357337766E-001          2.2482294397586424E+053         -1.1379942198187192E+040          0.0000000000000000E+000         -1.2999327792439834E+026         -1.6937931433614165E+036         -1.1378248405043700E+040          0.0000000000000000E+000          0.0000000000000000E+000                                1                                2          4.5812097607136946E-008          5.2632468115319143E-008          2.1812389096543108E-001          4.8852732369598639E-001          1.0000000000000000E+000          5.3250642518965752E-001          2.2482294397586424E+053         -6.4158782705182780E+015 
                            1440          1.0099899670467684E+005          1.3816248177929406E+003          7.6926568692982403E+002          1.0563922195190791E+001          1.7605268165052252E+001          3.2600296747665953E+002          2.5822162689105289E+002         -2.8742603163381714E-001         -1.0000000000000000E+000          1.9998790911513629E+000          1.2000139345022678E+000         -1.6208848816708802E+001         -9.2270484068993603E+000         -9.8883332611759336E+000         -9.8999999999999986E+001         -9.8999999999999986E+001         -9.3339137979564164E+000         -9.8999999999999986E+001          8.0000000000000004E-001          2.1812987260602815E-001          2.2481910193854182E+053         -1.8943736812902367E+040          0.0000000000000000E+000         -1.3000800297501598E+026         -2.1510821868400714E+036         -1.8941585730715397E+040          0.0000000000000000E+000          0.0000000000000000E+000                                1                                2          4.3309002912831706E-008          5.2635166385183595E-008          2.1812981200268716E-001          4.8853442177901718E-001          1.0000000000000000E+000          5.3249780864874929E-001          2.2481910193854182E+053         -8.1483282510865900E+015 
                            1450          1.0100730385559677E+005          1.3815078663745810E+003          7.6922227489463899E+002          1.0564220303347001E+001          1.7605764908192270E+001          3.2598456986012758E+002          2.5820705489332744E+002         -2.6933352784259990E-001         -1.0000000000000000E+000          1.9998790854880164E+000          1.2000139357376456E+000         -1.4709501254038482E+001         -9.1189511896126039E+000         -9.7802135793878442E+000         -9.8999999999999986E+001         -9.8999999999999986E+001         -9.2258231217377329E+000         -9.8999999999999986E+001          8.0000000000000004E-001          2.1814115597653985E-001          2.2481275798175089E+053         -2.8812621845721421E+040          0.0000000000000000E+000         -1.3003250367604518E+026         -2.7589713167688407E+036         -2.8809862874404523E+040          0.0000000000000000E+000          0.0000000000000000E+000                                1                                2          4.0969419058578759E-008          5.2639622210238354E-008          2.1813966235830579E-001          4.8854622978394302E-001          1.0000000000000000E+000          5.3248347422933318E-001          2.2481275798175089E+053         -1.0451635977063346E+016 
                            1460          1.0101608107112486E+005          1.3813261173940448E+003          7.6915480782456223E+002          1.0564683642776160E+001          1.7606536992243477E+001          3.2595597799404743E+002          2.5818440836176819E+002         -2.5096885804195029E-001         -1.0000000000000000E+000          1.9998790777679449E+000          1.2000139374218342E+000         -1.3441740317263541E+001         -9.0066199748409499E+000         -9.6678121820519216E+000         -9.8999999999999986E+001         -9.8999999999999986E+001         -9.1135152842769287E+000         -9.8999999999999986E+001          8.0000000000000004E-001          2.1817641072519076E-001          2.2480289846865745E+053         -4.1490350165404380E+040          0.0000000000000000E+000         -1.3007077731731264E+026         -3.5732455639592045E+036         -4.1486776919840293E+040          0.0000000000000000E+000          0.0000000000000000E+000                                1                                2          3.8792899387215281E-008          5.2646548306510661E-008          2.1815504664810087E-001          4.8856467047432772E-001          1.0000000000000000E+000          5.3246108795893321E-001          2.2480289846865745E+053         -1.3537276064319520E+016 
                            1470          1.0102547192458682E+005          1.3810522539331746E+003          7.6905314138848507E+002          1.0565381963449274E+001          1.7607700646922979E+001          3.2591289282104492E+002          2.5815028216218423E+002         -2.3228901044679887E-001         -1.0000000000000000E+000          1.9998790670057749E+000          1.2000139397710081E+000         -1.2256859204638008E+001         -8.8898764218064734E+000         -9.5505677005960834E+000         -9.8999999999999986E+001         -9.8999999999999986E+001         -8.9969552851031001E+000         -9.8999999999999986E+001          8.0000000000000004E-001          2.1842820719841533E-001          2.2478804034522489E+053         -5.7586473242048800E+040          0.0000000000000000E+000         -1.3012860645826833E+026         -4.6744630485562859E+036         -5.7581798779000115E+040          0.0000000000000000E+000          0.0000000000000000E+000                                1                                2          3.6780664481420522E-008          5.2656988147494981E-008          2.1817828386317276E-001          4.8859252194774938E-001          1.0000000000000000E+000          5.3242727793786715E-001          2.2478804034522489E+053         -1.7707222713646068E+016 
                            1480          1.0103561055711062E+005          1.3806486524834716E+003          7.6890330005531030E+002          1.0566411435962904E+001          1.7609416126654526E+001          3.2584939165506972E+002          2.5809998515373326E+002         -2.1335548230386187E-001         -1.0000000000000000E+000          1.9998790516935094E+000          1.2000139431296157E+000         -1.1152293757292163E+001         -8.7675694454114801E+000         -9.4239409896407125E+000         -9.8999999999999986E+001         -9.8999999999999986E+001         -8.8762753360659605E+000         -9.8999999999999986E+001          8.0000000000000004E-001          2.2061165658143542E-001          2.2476613989886171E+053         -7.7733316842810697E+040          0.0000000000000000E+000         -1.3021405501846671E+026         -6.1867226054643567E+036         -7.7727130120205102E+040          0.0000000000000000E+000          0.0000000000000000E+000                                1                                2          3.4935912889816305E-008          5.2672381228649327E-008          2.1821260300557377E-001          4.8863365101071987E-001          1.0000000000000000E+000          5.3237735153706089E-001          2.2476613989886171E+053         -2.3383944491476112E+016 
                            1490          1.0104665048105405E+005          1.3800633643991769E+003          7.6868597968415008E+002          1.0567905054578947E+001          1.7611905038877261E+001          3.2575729356805857E+002          2.5802703758075080E+002         -1.9424299332196529E-001         -1.0000000000000000E+000          1.9998790292482009E+000          1.2000139482404231E+000         -1.0126756390005681E+001         -8.6311015241785203E+000         -9.2566398504057226E+000         -9.8999999999999986E+001         -9.8999999999999986E+001         -8.7521386275973470E+000         -9.8999999999999986E+001          8.0000000000000004E-001          2.3684361094969855E-001          2.2473437310604473E+053         -1.0256599197118026E+041          0.0000000000000000E+000         -1.3033831901960224E+026         -8.3886747130290567E+036         -1.0255760329646710E+041          0.0000000000000000E+000          0.0000000000000000E+000                                1                                2          3.3271940939559024E-008          5.2694719708098768E-008          2.1826247754486608E-001          4.8869341185576010E-001          1.0000000000000000E+000          5.3230481260683427E-001          2.2473437310604473E+053         -3.1130166045694612E+016 
                            1500          1.0105826062720765E+005          1.3792650793514267E+003          7.6838952285918140E+002          1.0569943614338884E+001          1.7615301953816360E+001          3.2563165802356104E+002          2.5792752664645053E+002         -1.7581597140534377E-001         -1.0000000000000000E+000          1.9998789950360514E+000          1.2000139576632176E+000         -9.2151974478842451E+000         -8.4421733382423074E+000         -8.9418992588402322E+000         -9.8999999999999986E+001         -9.8999999999999986E+001         -8.6293646161066384E+000         -9.8999999999999986E+001          8.0000000000000004E-001          3.1642739754615684E-001          2.2469103140065082E+053         -1.3151678669188053E+041          0.0000000000000000E+000         -1.3051005688802401E+026         -1.2339891964997054E+037         -1.3150444679991539E+041          0.0000000000000000E+000          0.0000000000000000E+000                                1                                2          3.1838131241476734E-008          5.2725218128937593E-008          2.1833134031390017E-001          4.8877590527913439E-001          1.0000000000000000E+000          5.3220469097490541E-001          2.2469103140065082E+053         -4.1317183257849632E+016 
                            1510          1.0106979364301727E+005          1.3782715202572615E+003          7.6802046738759088E+002          1.0572483174265187E+001          1.7619533325788925E+001          3.2547525442283774E+002          2.5780364805010879E+002         -1.5915739043944754E-001         -1.0000000000000000E+000          1.9998789334842388E+000          1.2000139835646189E+000         -8.4502263202714492E+000         -8.1285368983052582E+000         -8.4333182987069542E+000         -9.8999999999999986E+001         -9.8999999999999986E+001         -8.5168709331881480E+000         -9.8999999999999986E+001          8.0000000000000004E-001          4.9569963554603402E-001          2.2463706484972344E+053         -1.6216824625471785E+041          0.0000000000000000E+000         -1.3072514046162063E+026         -2.2529358752780988E+037         -1.6214571689596493E+041          0.0000000000000000E+000          0.0000000000000000E+000                                1                                2          3.0713452339615673E-008          5.2763226329204311E-008          2.1841748028771038E-001          4.8887906589380437E-001          1.0000000000000000E+000          5.3207951200219228E-001          2.2463706484972344E+053         -5.3560368932944984E+016 
                            1520          1.0108130210252258E+005          1.3770716361726081E+003          7.6757465328073283E+002          1.0575553951243373E+001          1.7624648178464088E+001          3.2528631467446399E+002          2.5765401018499830E+002         -1.4407336013053115E-001         -1.0000000000000000E+000          1.9998787789782897E+000          1.2000140773802805E+000         -7.8022550503907002E+000         -7.6840805637601637E+000         -7.8635663598376420E+000         -9.8999999999999986E+001         -9.8999999999999986E+001         -8.4141726131053236E+000         -9.8999999999999986E+001          8.0000000000000004E-001          6.6147617119812840E-001          2.2457185999845313E+053         -1.9384828881070402E+041          0.0000000000000000E+000         -1.3098641712221069E+026         -5.5281341774328729E+037         -1.9379300746892956E+041          0.0000000000000000E+000          0.0000000000000000E+000                                1                                2          2.9857310298097410E-008          5.2809200521006952E-008          2.1852198253535787E-001          4.8900418077581842E-001          1.0000000000000000E+000          5.3192776776979933E-001          2.2457185999845313E+053         -6.7890292311659528E+016 
                            1530          1.0109278651855783E+005          1.3756628677732065E+003          7.6705105880108499E+002          1.0579165931834600E+001          1.7630658816105026E+001          3.2506438904847562E+002          2.5747828563402464E+002         -1.3042434174929471E-001         -1.0000000000000000E+000          1.9998783199987771E+000          1.2000144073697012E+000         -7.2500418085870839E+000         -7.2052196230981576E+000         -7.3342351646687840E+000         -9.8999999999999986E+001         -9.8999999999999986E+001         -8.3208809788763265E+000         -9.8999999999999986E+001          8.0000000000000004E-001          7.4299254884648180E-001          2.2449526678160682E+053         -2.2566188533632176E+041          0.0000000000000000E+000         -1.3129487820904161E+026         -1.5550360908282448E+038         -2.2550638172723879E+041          0.0000000000000000E+000          0.0000000000000000E+000                                1                                2          2.9228025244468740E-008          5.2863280582797153E-008          2.1864521505876619E-001          4.8915169567308853E-001          1.0000000000000000E+000          5.3174907480600742E-001          2.2449526678160682E+053         -8.4219490277119872E+016 
                            1540          1.0110422521991920E+005          1.3740504631206543E+003          7.6645154682759483E+002          1.0583312046257504E+001          1.7637541921246445E+001          3.2481022259521592E+002          2.5727714099038371E+002         -1.1806367135578574E-001         -1.0000000000000000E+000          1.9998769957707756E+000          1.2000154213597110E+000         -6.7759178794618400E+000         -6.7570731870147505E+000         -6.8675924087574716E+000         -9.8999999999999986E+001         -9.8999999999999986E+001         -8.2362873111537347E+000         -9.8999999999999986E+001          8.0000000000000004E-001          7.7531962718744352E-001          2.2440757100333452E+053         -2.5706447958001372E+041          0.0000000000000000E+000         -1.3165031404937299E+026         -4.2404534870076650E+038         -2.5664043423131282E+041          0.0000000000000000E+000          0.0000000000000000E+000                                1                                2          2.8792994774024130E-008          5.2925313966467276E-008          2.1878715912947616E-001          4.8932164417020907E-001          1.0000000000000000E+000          5.3154379340372548E-001          2.2440757100333452E+053         -1.0241579109030245E+017 
                            1550          1.0111569108827139E+005          1.3722275188768331E+003          7.6577343943041933E+002          1.0588022129632916E+001          1.7645320829278248E+001          3.2452257908752239E+002          2.5704977155455720E+002         -1.0688322861540527E-001         -1.0000000000000000E+000          1.9998735250240505E+000          1.2000181432965054E+000         -6.3671993409969794E+000         -6.3583358561096164E+000         -6.4616655113394197E+000         -9.8999999999999986E+001         -9.8999999999999986E+001         -8.1602601824962626E+000         -9.8999999999999986E+001          8.0000000000000004E-001          7.8826155327621639E-001          2.2430842403983667E+053         -2.8774600012907287E+041          0.0000000000000000E+000         -1.3205411894771261E+026         -1.0493745776186182E+039         -2.8669662555145412E+041          0.0000000000000000E+000          0.0000000000000000E+000                                1                                2          2.8528056975622356E-008          5.2995622931358590E-008          2.1894864504780909E-001          4.8951518516188997E-001          1.0000000000000000E+000          5.3131141903389834E-001          2.2430842403983667E+053         -1.2212484201995184E+017 
                            1560          1.0112708401570648E+005          1.3702163949640897E+003          7.6502491603156909E+002          1.0593259805411169E+001          1.7653884555780326E+001          3.2420473190237260E+002          2.5679910225844020E+002         -9.6752931364653683E-002         -1.0000000000000000E+000          1.9998654658772197E+000          1.2000245265550067E+000         -6.0125308824985026E+000         -6.0079222160721848E+000         -6.1081736610434758E+000         -9.8999999999999986E+001         -9.8999999999999986E+001         -8.0918540374317125E+000         -9.8999999999999986E+001          8.0000000000000004E-001          7.9386847287945861E-001          2.2419911724810193E+053         -3.1728597525398098E+041          0.0000000000000000E+000         -1.3250296136141524E+026         -2.3384896106059909E+039         -3.1494748564337484E+041          0.0000000000000000E+000          0.0000000000000000E+000                                1                                2          2.8405333209586483E-008          5.3073406823698300E-008          2.1912897991020674E-001          4.8973183894169370E-001          1.0000000000000000E+000          5.3105424038364024E-001          2.2419911724810193E+053         -1.4310917662813517E+017 
                            1570          1.0113854053190266E+005          1.3679968040146571E+003          7.6419824801693267E+002          1.0599113402008738E+001          1.7663289556898143E+001          3.2385305915581597E+002          2.5652286097484495E+002         -8.7578933145541896E-002         -1.0000000000000000E+000          1.9998484219415493E+000          1.2000380870565905E+000         -5.7036190767030259E+000         -5.7010081779011381E+000         -5.7998117142514722E+000         -9.8999999999999986E+001         -9.8999999999999986E+001         -8.0308400528151864E+000         -9.8999999999999986E+001          8.0000000000000004E-001          7.9651959389938976E-001          2.2407869670340439E+053         -3.4593277720731043E+041          0.0000000000000000E+000         -1.3300159780963717E+026         -4.7268588590598243E+039         -3.4120591834825046E+041          0.0000000000000000E+000          0.0000000000000000E+000                                1                                2          2.8416236552707742E-008          5.3159519052247166E-008          2.1933128135421801E-001          4.8997598552915683E-001          1.0000000000000000E+000          5.3077000893571680E-001          2.2407869670340439E+053         -1.6488980156815520E+017 
                            1580          1.0114983642946089E+005          1.3656142257275576E+003          7.6331015629633066E+002          1.0605516225732904E+001          1.7673294296210852E+001          3.2347415097933248E+002          2.5622712140565034E+002         -7.9293846420625494E-002         -1.0000000000000000E+000          1.9998160873106976E+000          1.2000638707749300E+000         -5.4343738906036760E+000         -5.4327798892582333E+000         -5.5308458621646697E+000         -9.8999999999999986E+001         -9.8999999999999986E+001         -7.9765285565073638E+000         -9.8999999999999986E+001          8.0000000000000004E-001          7.9787347451360524E-001          2.2394987538540880E+053         -3.7375694366587355E+041          0.0000000000000000E+000         -1.3354103755715967E+026         -8.7501511322643044E+039         -3.6500679253360909E+041          0.0000000000000000E+000          0.0000000000000000E+000                                1                                2          2.8526201149117362E-008          5.3252266120533640E-008          2.1955383633379183E-001          4.9024654300740222E-001          1.0000000000000000E+000          5.3046442749114875E-001          2.2394987538540880E+053         -1.8709749482349882E+017 
                            1590          1.0116126367369536E+005          1.3630066854897618E+003          7.6233726281427028E+002          1.0612709709029778E+001          1.7684088103564132E+001          3.2305729267268924E+002          2.5590478666414572E+002         -7.1741488686941760E-002         -1.0000000000000000E+000          1.9997581683476056E+000          1.2001101105494316E+000         -5.1962402019315785E+000         -5.1952102776886120E+000         -5.2928669951650971E+000         -9.8999999999999986E+001         -9.8999999999999986E+001         -7.9285002351724421E+000         -9.8999999999999986E+001          8.0000000000000004E-001          7.9862570132686372E-001          2.2380965958823955E+053         -4.0142212449409263E+041          0.0000000000000000E+000         -1.3413711584281219E+026         -1.5101210029370353E+040         -3.8632091446472212E+041          0.0000000000000000E+000          0.0000000000000000E+000                                1                                2          2.8744762662366944E-008          5.3354141942671078E-008          2.1980595889373192E-001          4.9055621249738801E-001          1.0000000000000000E+000          5.3012926559535334E-001          2.2380965958823955E+053         -2.0928235194735206E+017 
                            1600          1.0117240883429559E+005          1.3602590980901634E+003          7.6131092707963569E+002          1.0620555892968255E+001          1.7695225653464789E+001          3.2261496434631874E+002          2.5556713580374819E+002         -6.4919604146682783E-002         -1.0000000000000000E+000          1.9996642895852266E+000          1.2001851104144674E+000         -4.9869494410141071E+000         -4.9862479083736275E+000         -5.0836663496793406E+000         -9.8999999999999986E+001         -9.8999999999999986E+001         -7.8862848043700513E+000         -9.8999999999999986E+001          8.0000000000000004E-001          7.9906398846575111E-001          2.2366308804982298E+053         -4.2956892173195578E+041          0.0000000000000000E+000         -1.3477098795274435E+026         -2.4406673686348831E+040         -4.0516224804560681E+041          0.0000000000000000E+000          0.0000000000000000E+000                                1                                2          2.9029856060212415E-008          5.3461911975838945E-008          2.2008337739949818E-001          4.9090151371339208E-001          1.0000000000000000E+000          5.2977598015768934E-001          2.2366308804982298E+053         -2.3101850798165408E+017 
                            1610          1.0118330741685745E+005          1.3573568405630915E+003          7.6022536451267069E+002          1.0629201145959355E+001          1.7706662160573863E+001          3.2214363457418710E+002          2.5521323107319219E+002         -5.8708682791471505E-002         -1.0000000000000000E+000          1.9995205630136135E+000          1.2002999812735338E+000         -4.8014414259796743E+000         -4.8009429442358522E+000         -4.8982140583651415E+000         -9.8999999999999986E+001         -9.8999999999999986E+001         -7.8494480476994957E+000         -9.8999999999999986E+001          8.0000000000000004E-001          7.9933510361064386E-001          2.2350990279181291E+053         -4.5861907659857240E+041          0.0000000000000000E+000         -1.3544786628353311E+026         -3.7359065929725692E+040         -4.2126001066884658E+041          0.0000000000000000E+000          0.0000000000000000E+000                                1                                2          2.9376291662122903E-008          5.3576222547537371E-008          2.2039240113702921E-001          4.9129213696852903E-001          1.0000000000000000E+000          5.2940252570110347E-001          2.2350990279181291E+053         -2.5191867610759779E+017 
                            1620          1.0119376555848485E+005          1.3543452854599561E+003          7.5909722757248198E+002          1.0638616996607992E+001          1.7718112099852593E+001          3.2164948356872998E+002          2.5484947754986771E+002         -5.3098424251041290E-002         -1.0000000000000000E+000          1.9993155965294500E+000          1.2004638398804695E+000         -4.6377216868280380E+000         -4.6373533421882351E+000         -4.7345300398103536E+000         -9.8999999999999986E+001         -9.8999999999999986E+001         -7.8173769888734013E+000         -9.8999999999999986E+001          8.0000000000000004E-001          7.9950889958548199E-001          2.2335302920314529E+053         -4.8965946085220057E+041          0.0000000000000000E+000         -1.3615933609012342E+026         -5.4399216540302277E+040         -4.3526024431189814E+041          0.0000000000000000E+000          0.0000000000000000E+000                                1                                2          2.9761353897680516E-008          5.3695355938521157E-008          2.2073326164379445E-001          4.9173013693910544E-001          1.0000000000000000E+000          5.2901440862077964E-001          2.2335302920314529E+053         -2.7176090396887360E+017 
                            1630          1.0120390232100511E+005          1.3511799465168876E+003          7.5790953384698173E+002          1.0649047586247880E+001          1.7729640087230390E+001          3.2112405573501468E+002          2.5447134519488100E+002         -4.8002726605450727E-002         -1.0000000000000000E+000          1.9990330175460658E+000          1.2006897842027309E+000         -4.4921208884829671E+000         -4.4918401285697378E+000         -4.5889532871275973E+000         -9.8999999999999986E+001         -9.8999999999999986E+001         -7.7899499008624851E+000         -9.8999999999999986E+001          8.0000000000000004E-001          7.9962587957434261E-001          2.2319066126203215E+053         -5.2292817125679573E+041          0.0000000000000000E+000         -1.3691334276293905E+026         -7.5983302549819157E+040         -4.4694486870697645E+041          0.0000000000000000E+000          0.0000000000000000E+000                                1                                2          3.0184567926151350E-008          5.3821145254483306E-008          2.2111417143464671E-001          4.9222785114574164E-001          1.0000000000000000E+000          5.2860817798550030E-001          2.2319066126203215E+053         -2.9011329931582707E+017 
                            1640          1.0121390402759107E+005          1.3477765064302394E+003          7.5663020540230707E+002          1.0660907845373748E+001          1.7741419090500603E+001          3.2055185384383748E+002          2.5406983625144301E+002         -4.3163225365265484E-002         -1.0000000000000000E+000          1.9986480367699255E+000          1.2009976443626251E+000         -4.3563675174980983E+000         -4.3561500326033515E+000         -4.4532172933346299E+000         -9.8999999999999986E+001         -9.8999999999999986E+001         -7.7653761671576831E+000         -9.8999999999999986E+001          8.0000000000000004E-001          7.9971039142264178E-001          2.2301912062305839E+053         -5.6103825717137115E+041          0.0000000000000000E+000         -1.3773352373996962E+026         -1.0375426784241065E+041         -4.5728398932896040E+041          0.0000000000000000E+000          0.0000000000000000E+000                                1                                2          3.0639664281915389E-008          5.3957055802259208E-008          2.2155201880621506E-001          4.9280923419625788E-001          1.0000000000000000E+000          5.2817224813229924E-001          2.2301912062305839E+053         -3.0777602865644845E+017 
                            1650          1.0122390402925719E+005          1.3440448517796131E+003          7.5522476156904418E+002          1.0674688321243448E+001          1.7753591939468222E+001          3.1991581019815129E+002          2.5363566060546353E+002         -3.8570705259491661E-002         -1.0000000000000000E+000          1.9981284888376816E+000          1.2014131515956370E+000         -4.2300156215544442E+000         -4.2298447444776697E+000         -4.3268781994410741E+000         -9.8999999999999986E+001         -9.8999999999999986E+001         -7.7440772013924484E+000         -9.8999999999999986E+001          8.0000000000000004E-001          7.9977264382790303E-001          2.2283466372860341E+053         -6.0455188581832089E+041          0.0000000000000000E+000         -1.3864502353775621E+026         -1.3863718715992127E+041         -4.6591469865839947E+041          0.0000000000000000E+000          0.0000000000000000E+000                                1                                2          3.1140195165326490E-008          5.4106864120003968E-008          2.2206652276582217E-001          4.9350271989615568E-001          1.0000000000000000E+000          5.2769487893167732E-001          2.2283466372860341E+053         -3.2420203146632570E+017 
                            1660          1.0123390402925880E+005          1.3399324355494762E+003          7.5367267285064349E+002          1.0690781207130822E+001          1.7766145656967812E+001          3.1920484968920914E+002          2.5316413785582915E+002         -3.4264471434822433E-002         -1.0000000000000000E+000          1.9974428120627010E+000          1.2019615559744903E+000         -4.1140086085505834E+000         -4.1138722373784482E+000         -4.2108806637728913E+000         -9.8999999999999986E+001         -9.8999999999999986E+001         -7.7263845182192243E+000         -9.8999999999999986E+001          8.0000000000000004E-001          7.9981873638125833E-001          2.2263553213658724E+053         -6.5345558697557200E+041          0.0000000000000000E+000         -1.3966475623017553E+026         -1.8087664176227930E+041         -4.7257894521329251E+041          0.0000000000000000E+000          0.0000000000000000E+000                                1                                2          3.1689221445891227E-008          5.4272924691616048E-008          2.2267399148828443E-001          4.9433252244041254E-001          1.0000000000000000E+000          5.2716921139746109E-001          2.2263553213658724E+053         -3.3885887101197683E+017 
                            1670          1.0124390402925880E+005          1.3353797100884406E+003          7.5195059362346024E+002          1.0709639307846180E+001          1.7779062700702291E+001          3.1840637284038553E+002          2.5264995193383564E+002         -3.0125377421774447E-002         -1.0000000000000000E+000          1.9965546392808193E+000          1.2026719521192692E+000         -4.0035285693827989E+000         -4.0034191466677429E+000         -4.1004080288408238E+000         -9.8999999999999986E+001         -9.8999999999999986E+001         -7.7119307378352024E+000         -9.8999999999999986E+001          8.0000000000000004E-001          7.9985473082010916E-001          2.2241970713066129E+053         -7.1014872129534712E+041          0.0000000000000000E+000         -1.4081180903515066E+026         -2.3297960285514799E+041         -4.7716911844019897E+041          0.0000000000000000E+000          0.0000000000000000E+000                                1                                2          3.2284778399340647E-008          5.4457958000286003E-008          2.2339308627248461E-001          4.9532633225065892E-001          1.0000000000000000E+000          5.2658778115468663E-001          2.2241970713066129E+053         -3.5176773698060250E+017 
                            1680          1.0125390402925880E+005          1.3303080192831781E+003          7.5002771429233235E+002          1.0731840396120216E+001          1.7792343748347314E+001          3.1750399925167608E+002          2.5208585874103184E+002         -2.6134275989814354E-002         -1.0000000000000000E+000          1.9954188599293248E+000          1.2035804293719772E+000         -3.8992595520807072E+000         -3.8991711493708472E+000         -3.9961447878484821E+000         -9.8999999999999986E+001         -9.8999999999999986E+001         -7.7007871749248533E+000         -9.8999999999999986E+001          8.0000000000000004E-001          7.9988280613860929E-001          2.2218436926713193E+053         -7.7652585772712825E+041          0.0000000000000000E+000         -1.4211185608434311E+026         -2.9579424121204922E+041         -4.8073161651507880E+041          0.0000000000000000E+000          0.0000000000000000E+000                                1                                2          3.2924687159151252E-008          5.4665574522820569E-008          2.2424774562984542E-001          4.9651937588998879E-001          1.0000000000000000E+000          5.2594047363356655E-001          2.2218436926713193E+053         -3.6267146619759462E+017 
                            1690          1.0126390402925880E+005          1.3246159372349900E+003          7.4786426964637224E+002          1.0758119938352324E+001          1.7806005913380492E+001          3.1647677193921493E+002          2.5146233920981587E+002         -2.2163396031424299E-002         -1.0000000000000000E+000          1.9939791147409061E+000          1.2047320760930644E+000         -3.7969870103768897E+000         -3.7969157101584123E+000         -3.8938769499277521E+000         -9.8999999999999986E+001         -9.8999999999999986E+001         -7.6924631343917032E+000         -9.8999999999999986E+001          8.0000000000000004E-001          7.9990564238352235E-001          2.2192574437551072E+053         -8.5698328213331617E+041          0.0000000000000000E+000         -1.4359789891530679E+026         -3.7376364038140448E+041         -4.8321964175191153E+041          0.0000000000000000E+000          0.0000000000000000E+000                                1                                2          3.3610234411749111E-008          5.4900481054327919E-008          2.2526829399707909E-001          4.9795607221584010E-001          1.0000000000000000E+000          5.2521446190726151E-001          2.2192574437551072E+053         -3.7183718759497594E+017 
                            1700          1.0127390402925880E+005          1.3181582717642211E+003          7.4540333318088358E+002          1.0789523780109564E+001          1.7820083765430184E+001          3.1529482059808072E+002          2.5076564708608399E+002         -1.8088156967169266E-002         -1.0000000000000000E+000          1.9921559887197249E+000          1.2061904251918800E+000         -3.6931621758601261E+000         -3.6931051948600526E+000         -3.7900560604354521E+000         -9.8999999999999986E+001         -9.8999999999999986E+001         -7.6866876350955806E+000         -9.8999999999999986E+001          8.0000000000000004E-001          7.9992475032923238E-001          2.2163832633892883E+053         -9.5900334770414144E+041          0.0000000000000000E+000         -1.4531716002377530E+026         -4.7388107246292833E+041         -4.8512227524121296E+041          0.0000000000000000E+000          0.0000000000000000E+000                                1                                2          3.4341764745582648E-008          5.5169438848264642E-008          2.2649784533537604E-001          4.9969940987951400E-001          1.0000000000000000E+000          5.2439145830809097E-001          2.2163832633892883E+053         -3.7944223916758061E+017 
                            1710          1.0128390402925880E+005          1.3107110356871540E+003          7.4255710881766538E+002          1.0827648446089851E+001          1.7834651290206963E+001          3.1391231792901920E+002          2.4997436164998106E+002         -1.3741124312038024E-002         -1.0000000000000000E+000          1.9898295912066739E+000          1.2080513899951069E+000         -3.5850987711404994E+000         -3.5850538923117758E+000         -3.6819959980727850E+000         -9.8999999999999986E+001         -9.8999999999999986E+001         -7.6831530667050218E+000         -9.8999999999999986E+001          8.0000000000000004E-001          7.9994088514857697E-001          2.2131344855344355E+053         -1.0937023507700179E+042          0.0000000000000000E+000         -1.4734273152485688E+026         -6.0654764600654654E+041         -4.8715470476347114E+041          0.0000000000000000E+000          0.0000000000000000E+000                                1                                2          3.5120867447429221E-008          5.5482902170198866E-008          2.2800232250633981E-001          5.0184538816804269E-001          1.0000000000000000E+000          5.2344314254317192E-001          2.2131344855344355E+053         -3.8579137551906938E+017 
                            1720          1.0129390402925880E+005          1.3018781202324478E+003          7.3917041632863379E+002          1.0875303814192103E+001          1.7849850996335487E+001          3.1224843391709965E+002          2.4905046782369419E+002         -8.7771292268166625E-003         -1.0000000000000000E+000          1.9867897890131998E+000          1.2104830776956630E+000         -3.4620167266009427E+000         -3.4619826817650226E+000         -3.5589169609000906E+000         -9.8999999999999986E+001         -9.8999999999999986E+001         -7.6811167556785191E+000         -9.8999999999999986E+001          8.0000000000000004E-001          7.9995530139091697E-001          2.2093565471733277E+053         -1.2940107297016258E+042          0.0000000000000000E+000         -1.4980033185943206E+026         -8.0337014933193947E+041         -4.9064058036968621E+041          0.0000000000000000E+000          0.0000000000000000E+000                                1                                2          3.5952153911006370E-008          5.5859339700283169E-008          2.2989674369606491E-001          5.0456163330091564E-001          1.0000000000000000E+000          5.2232097494346252E-001          2.2093565471733277E+053         -3.9172140181736026E+017 
                            1730          1.0130390402925880E+005          1.2908851094638578E+003          7.3493969670408569E+002          1.0937993919265157E+001          1.7865969045904613E+001          3.1014528782701643E+002          2.4791939520177192E+002         -2.6350303751849148E-003         -1.0000000000000000E+000          1.9826264520286054E+000          1.2138135928000036E+000         -3.3123980750179829E+000         -3.3123737962312885E+000         -3.4093010398330890E+000         -9.8999999999999986E+001         -9.8999999999999986E+001         -7.6797163196631617E+000         -9.8999999999999986E+001          8.0000000000000004E-001          7.9996826070299232E-001          2.2047441215130808E+053         -1.6282849976868400E+042          0.0000000000000000E+000         -1.5293635050717779E+026         -1.1304420462322598E+042         -4.9784295145457986E+041          0.0000000000000000E+000          0.0000000000000000E+000                                1                                2          3.6848591703828938E-008          5.6335030618359195E-008          2.3240659641780212E-001          5.0817627414205191E-001          1.0000000000000000E+000          5.2093027419176585E-001          2.2047441215130808E+053         -3.9846561705624320E+017 
                            1740          1.0131214002254723E+005          1.2786715664603673E+003          7.3021913309330137E+002          1.1011849396173467E+001          1.7880464819710731E+001          3.0776980229717987E+002          2.4668449865084406E+002          4.4830911229480934E-003         -1.0000000000000000E+000          1.9775374249075079E+000          1.2178846868887199E+000         -3.1110163084173417E+000         -3.1110008768664086E+000         -3.2079217835119520E+000         -9.8999999999999986E+001         -9.8999999999999986E+001         -7.6768643152606568E+000         -9.8999999999999986E+001          8.0000000000000004E-001          7.9997993342984275E-001          2.1997133786587125E+053         -2.3027791800517151E+042          0.0000000000000000E+000         -1.5665382583355081E+026         -1.7911982043405392E+042         -5.1158097571117578E+041          0.0000000000000000E+000          0.0000000000000000E+000                                1                                2          3.7696736512633709E-008          5.6873128388817137E-008          2.3543147010948554E-001          5.1253489158958043E-001          1.0000000000000000E+000          5.1933213463574579E-001          2.1997133786587125E+053         -4.0789632043353722E+017 
                            1750          1.0131736987044165E+005          1.2674642122257362E+003          7.2586928762559171E+002          1.1083310568123876E+001          1.7890848826838951E+001          3.0555735638504092E+002          2.4556880117908020E+002          1.1490493836918653E-002         -1.0000000000000000E+000          1.9724707950361164E+000          1.2219379091250249E+000         -2.9306627391194273E+000         -2.9306523962678548E+000         -3.0275696723072913E+000         -9.8999999999999986E+001         -9.8999999999999986E+001         -7.6719698954297888E+000         -9.8999999999999986E+001          8.0000000000000004E-001          7.9998662111364460E-001          2.1951612085281238E+053         -3.2359540394872242E+042          0.0000000000000000E+000         -1.6021069142091125E+026         -2.7046550971414293E+042         -5.3129894234579421E+041          0.0000000000000000E+000          0.0000000000000000E+000                                1                                2          3.8301311732115150E-008          5.7376020139240467E-008          2.3839341906648795E-001          5.1680757365599339E-001          1.0000000000000000E+000          5.1785185308255299E-001          2.1951612085281238E+053         -4.1934530187722227E+017 
                            1760          1.0132085056839912E+005          1.2570371930152794E+003          7.2180774770143864E+002          1.1152439252512274E+001          1.7898591151132930E+001          3.0347730836864974E+002          2.4454062714508748E+002          1.8412460276367778E-002         -1.0000000000000000E+000          1.9674889293350581E+000          1.2259233466546198E+000         -2.7706345590860071E+000         -2.7706272627678779E+000         -2.8675423731511831E+000         -9.8999999999999986E+001         -9.8999999999999986E+001         -7.6651270396001614E+000         -9.8999999999999986E+001          8.0000000000000004E-001          7.9999061034289543E-001          2.1909457127003841E+053         -4.4531685143529368E+042          0.0000000000000000E+000         -1.6361632747722687E+026         -3.8980130630164941E+042         -5.5515545133644248E+041          0.0000000000000000E+000          0.0000000000000000E+000                                1                                2          3.8749999547628131E-008          5.7851949465385829E-008          2.4127727825147885E-001          5.2096761515257273E-001          1.0000000000000000E+000          5.1647462981485770E-001          2.1909457127003841E+053         -4.3280085266875571E+017 
                            1770          1.0132329109403802E+005          1.2472073553403388E+003          7.1796659116178137E+002          1.1219619858029812E+001          1.7904559818323239E+001          3.0150121483263405E+002          2.4357683865217754E+002          2.5223768338328529E-002         -1.0000000000000000E+000          1.9626007265968755E+000          1.2298338696366893E+000         -2.6422075505003870E+000         -2.6422020013585286E+000         -2.7391158715301649E+000         -9.8999999999999986E+001         -9.8999999999999986E+001         -7.6571986078914573E+000         -9.8999999999999986E+001          8.0000000000000004E-001          7.9999289487366343E-001          2.1869670880417820E+053         -5.8064341267630807E+042          0.0000000000000000E+000         -1.6692421066763801E+026         -5.2244011393195525E+042         -5.8203298744352768E+041          0.0000000000000000E+000          0.0000000000000000E+000                                1                                2          3.9102210348194726E-008          5.8307908348236082E-008          2.4409950021023299E-001          5.2503332706406980E-001          1.0000000000000000E+000          5.1517042042165506E-001          2.1869670880417820E+053         -4.4760579204120429E+017 
                            1780          1.0132513133449032E+005          1.2378370395675577E+003          7.1429440102763010E+002          1.1285232918465393E+001          1.7909324866819727E+001          2.9960671835832960E+002          2.4266068769143567E+002          3.1937311878493108E-002         -1.0000000000000000E+000          1.9578018340340486E+000          1.2336729535911521E+000         -2.5378258249118710E+000         -2.5378213570712322E+000         -2.6347344601632456E+000         -9.8999999999999986E+001         -9.8999999999999986E+001         -7.6485403431020149E+000         -9.8999999999999986E+001          8.0000000000000004E-001          7.9999430787524606E-001          2.1831542296651379E+053         -7.2368501797736629E+042          0.0000000000000000E+000         -1.7015822823800655E+026         -6.6257420463033704E+042         -6.1110813347029305E+041          0.0000000000000000E+000          0.0000000000000000E+000                                1                                2          3.9397700771511136E-008          5.8749294003866672E-008          2.4687041592473527E-001          5.2901802143582199E-001          1.0000000000000000E+000          5.1392468929686619E-001          2.1831542296651379E+053         -4.6350562483827456E+017 
                            1790          1.0132660948723556E+005          1.2288065092527424E+003          7.1074580871129388E+002          1.1349787455146537E+001          1.7913218340080729E+001          2.9777262026379117E+002          2.4177877398180632E+002          3.8575297479700010E-002         -1.0000000000000000E+000          1.9530673930554643E+000          1.2374604817470651E+000         -2.4489698631284247E+000         -2.4489661346162808E+000         -2.5458787136132068E+000         -9.8999999999999986E+001         -9.8999999999999986E+001         -7.6398275775158000E+000         -9.8999999999999986E+001          8.0000000000000004E-001          7.9999527328778830E-001          2.1794513502818554E+053         -8.7502231306493187E+042          0.0000000000000000E+000         -1.7335049195755345E+026         -8.1085374904823722E+042         -6.4168564016694651E+041          0.0000000000000000E+000          0.0000000000000000E+000                                1                                2          3.9660605829398029E-008          5.9181044060918815E-008          2.4960985708195857E-001          5.3294911670737055E-001          1.0000000000000000E+000          5.1272153180347202E-001          2.1794513502818554E+053         -4.7988811420366138E+017 
                            1800          1.0132783707930737E+005          1.2200684632581942E+003          7.0730327556631289E+002          1.1413437503178844E+001          1.7916395963844977E+001          2.9599090166296480E+002          2.4092574560146210E+002          4.5112035477306071E-002         -1.0000000000000000E+000          1.9483917762008132E+000          1.2412009543800691E+000         -2.3900283217126352E+000         -2.3900249863275547E+000         -2.4869372834131402E+000         -9.8999999999999986E+001         -9.8999999999999986E+001         -7.6308550962329482E+000         -9.8999999999999986E+001          8.0000000000000004E-001          7.9999579258476816E-001          2.1758368914139511E+053         -9.9371715627583603E+042          0.0000000000000000E+000         -1.7652994426644657E+026         -9.2631875467017951E+042         -6.7398401605656523E+041          0.0000000000000000E+000          0.0000000000000000E+000                                1                                2          3.9900276007714328E-008          5.9604894607492820E-008          2.5232934353931241E-001          5.3684092304882947E-001          1.0000000000000000E+000          5.1154737766231773E-001          2.1758368914139511E+053         -4.9706090562422445E+017 
                            1810          1.0132888995787784E+005          1.2115456087188509E+003          7.0393712819267591E+002          1.1476620308635276E+001          1.7918973219601657E+001          2.9424686054723759E+002          2.4009362454376469E+002          5.1662601302801862E-002         -1.0000000000000000E+000          1.9437463698993862E+000          1.2449172611754868E+000         -2.3305497307338645E+000         -2.3305467479465061E+000         -2.4274587934606533E+000         -9.8999999999999986E+001         -9.8999999999999986E+001         -7.6214782509514789E+000         -9.8999999999999986E+001          8.0000000000000004E-001          7.9999625599417989E-001          2.1722779547341941E+053         -1.1304019511123569E+043          0.0000000000000000E+000         -1.7970005417016107E+026         -1.0595875848051580E+043         -7.0814366307198931E+041          0.0000000000000000E+000          0.0000000000000000E+000                                1                                2          4.0123663721407689E-008          6.0024196896169955E-008          2.5504049910527382E-001          5.4071197335472376E-001          1.0000000000000000E+000          5.1040009829320920E-001          2.1722779547341941E+053         -5.1524113897379731E+017 
                            1820          1.0132980525213433E+005          1.2032306992900658E+003          7.0064509179163326E+002          1.1539309000379330E+001          1.7921000781756181E+001          2.9253966067351644E+002          2.3928151885565964E+002          5.8154160281211238E-002         -1.0000000000000000E+000          1.9391348938463224E+000          1.2486064258358736E+000         -2.2770786489154342E+000         -2.2770759451417812E+000         -2.3739877914000367E+000         -9.8999999999999986E+001         -9.8999999999999986E+001         -7.6122371301284808E+000         -9.8999999999999986E+001          8.0000000000000004E-001          7.9999662303546415E-001          2.1687716230749392E+053         -1.2697687794593310E+043          0.0000000000000000E+000         -1.8286431959744477E+026         -1.1954331374267566E+043         -7.4335642032574382E+041          0.0000000000000000E+000          0.0000000000000000E+000                                1                                2          4.0335835998701934E-008          6.0438993294750635E-008          2.5774318679326608E-001          5.4456167197353977E-001          1.0000000000000000E+000          5.0927712305990724E-001          2.1687716230749392E+053         -5.3383848818184966E+017 
                            1830          1.0133061231040608E+005          1.1950800892398929E+003          6.9741037439674471E+002          1.1601771518119820E+001          1.7922522517807813E+001          2.9086081721512801E+002          2.3848506939931306E+002          6.4633631379198059E-002         -1.0000000000000000E+000          1.9345387324465695E+000          1.2522833403890441E+000         -2.2258824680423972E+000         -2.2258800011345796E+000         -2.3227916784478966E+000         -9.8999999999999986E+001         -9.8999999999999986E+001         -7.6024438473141114E+000         -9.8999999999999986E+001          8.0000000000000004E-001          7.9999693424228846E-001          2.1652998954948826E+053         -1.4197678187357769E+043          0.0000000000000000E+000         -1.8603825653184268E+026         -1.3416907555236723E+043         -7.8077063212104761E+041          0.0000000000000000E+000          0.0000000000000000E+000                                1                                2          4.0538995261035369E-008          6.0851195515008393E-008          2.6044926775620375E-001          5.4840679963483185E-001          1.0000000000000000E+000          5.0817201986791150E-001          2.1652998954948826E+053         -5.5376575005557728E+017 
                            1840          1.0133132923852334E+005          1.1870711691821500E+003          6.9422437739719544E+002          1.1664140482863674E+001          1.7923561225054325E+001          2.8920598951726481E+002          2.3770203933268732E+002          7.1147403421147337E-002         -1.0000000000000000E+000          1.9299486963987720E+000          1.2559553560175183E+000         -2.1719629965794942E+000         -2.1719607618415360E+000         -2.2688722749468386E+000         -9.8999999999999986E+001         -9.8999999999999986E+001         -7.5930456290544672E+000         -9.8999999999999986E+001          8.0000000000000004E-001          7.9999723672352652E-001          2.1618535953268145E+053         -1.5973390800959530E+043          0.0000000000000000E+000         -1.8922579441081281E+026         -1.5153558375004148E+043         -8.1983242595538234E+041          0.0000000000000000E+000          0.0000000000000000E+000                                1                                2          4.0734930624292205E-008          6.1261745760815089E-008          2.6316351700572949E-001          5.5225448524691134E-001          1.0000000000000000E+000          5.0708289989754018E-001          2.1618535953268145E+053         -5.7387853622056864E+017 
                            1850          1.0133197076264759E+005          1.1792474160040251E+003          6.9110481411663818E+002          1.1726022931151137E+001          1.7924142044628255E+001          2.8758458102302751E+002          2.3693658480186707E+002          7.7597412898556942E-002         -1.0000000000000000E+000          1.9253947293680127E+000          1.2595985175677122E+000         -2.1330264611260921E+000         -2.1330243631200387E+000         -2.2299357773278614E+000         -9.8999999999999986E+001         -9.8999999999999986E+001         -7.5831305639874804E+000         -9.8999999999999986E+001          8.0000000000000004E-001          7.9999741889880893E-001          2.1584517738891451E+053         -1.7395598621292838E+043          0.0000000000000000E+000         -1.9242135727686524E+026         -1.6535124619767117E+043         -8.6047400152572208E+041          0.0000000000000000E+000          0.0000000000000000E+000                                1                                2          4.0924174221841376E-008          6.1668188693476158E-008          2.6587297895356088E-001          5.5608494073439874E-001          1.0000000000000000E+000          5.0601065752791119E-001          2.1584517738891451E+053         -5.9537907484059750E+017 
                            1860          1.0133254852766477E+005          1.1715570436994467E+003          6.8803140672523716E+002          1.1787793042677089E+001          1.7924279914802419E+001          2.8598609110730575E+002          2.3618368705230083E+002          8.4076444275777165E-002         -1.0000000000000000E+000          1.9208493395799613E+000          1.2632348182887179E+000         -2.0830422587531641E+000         -2.0830403384356453E+000         -2.1799516274728483E+000         -9.8999999999999986E+001         -9.8999999999999986E+001         -7.5731840373823678E+000         -9.8999999999999986E+001          8.0000000000000004E-001          7.9999764947090057E-001          2.1550729796318922E+053         -1.9411442019053789E+043          0.0000000000000000E+000         -1.9561658534021507E+026         -1.8508157203796183E+043         -9.0328481525760589E+041          0.0000000000000000E+000          0.0000000000000000E+000                                1                                2          4.1107428968511093E-008          6.2072992994685653E-008          2.6858554297458970E-001          5.5991226765804358E-001          1.0000000000000000E+000          5.0495819759323513E-001          2.1550729796318922E+053         -6.1765502061950554E+017 
                            1870          1.0133307564687898E+005          1.1640081872759874E+003          6.8500774433349966E+002          1.1849341407526707E+001          1.7923999875610651E+001          2.8441255279021101E+002          2.3544406370847992E+002          9.0526312266468234E-002         -1.0000000000000000E+000          1.9163214403204993E+000          1.2668571273434748E+000         -2.0397800385219873E+000         -2.0397782537652889E+000         -2.1366894466657560E+000         -9.8999999999999986E+001         -9.8999999999999986E+001         -7.5633309193613805E+000         -9.8999999999999986E+001          8.0000000000000004E-001          7.9999782656081153E-001          2.1517210398403426E+053         -2.1346465021911394E+043          0.0000000000000000E+000         -1.9882865041419332E+026         -2.0398895447551407E+043         -9.4756957435998728E+041          0.0000000000000000E+000          0.0000000000000000E+000                                1                                2          4.1288733868672797E-008          6.2475550396784225E-008          2.7130315843023678E-001          5.6373694401682872E-001          1.0000000000000000E+000          5.0391864571880485E-001          2.1517210398403426E+053         -6.4059836610263322E+017 
                            1880          1.0133355103219491E+005          1.1565967467018831E+003          6.8203247049613014E+002          1.1910687250000825E+001          1.7923294112617718E+001          2.8286315691507860E+002          2.3471747473797444E+002          9.6953108483755615E-002         -1.0000000000000000E+000          1.9118088429031737E+000          1.2704671957358142E+000         -2.0043482796063929E+000         -2.0043465901596060E+000         -2.1012577142920921E+000         -9.8999999999999986E+001         -9.8999999999999986E+001         -7.5533616985411554E+000         -9.8999999999999986E+001          8.0000000000000004E-001          7.9999795323578038E-001          2.1483955895120080E+053         -2.3075421138469060E+043          0.0000000000000000E+000         -2.0205987618349648E+026         -2.2081494243001813E+043         -9.9392689546724799E+041          0.0000000000000000E+000          0.0000000000000000E+000                                1                                2          4.1465305724788361E-008          6.2875892028749376E-008          2.7402734742434248E-001          5.6756112993294450E-001          1.0000000000000000E+000          5.0289090042289997E-001          2.1483955895120080E+053         -6.6455298118863386E+017 
                            1890          1.0133398617236095E+005          1.1493396979700353E+003          6.7911276146291459E+002          1.1971639528210114E+001          1.7922194113937564E+001          2.8134182482974967E+002          2.3400549265655533E+002          1.0333386674615218E-001         -1.0000000000000000E+000          1.9073265362046221E+000          1.2740530321716654E+000         -1.9748414469042641E+000         -1.9748398261379914E+000         -2.0717508995894964E+000         -9.8999999999999986E+001         -9.8999999999999986E+001         -7.5435089254867336E+000         -9.8999999999999986E+001          8.0000000000000004E-001          7.9999804659336315E-001          2.1451046675448787E+053         -2.4621606306861590E+043          0.0000000000000000E+000         -2.0528893106018920E+026         -2.3579806701990981E+043         -1.0417996048706100E+042          0.0000000000000000E+000          0.0000000000000000E+000                                1                                2          4.1640279713946681E-008          6.3272896859711833E-008          2.7674587337903139E-001          5.7136883580835096E-001          1.0000000000000000E+000          5.0188150681715504E-001          2.1451046675448787E+053         -6.8913572650201907E+017 
                            1900          1.0133438845418816E+005          1.1421780058287954E+003          6.7622513825001352E+002          1.2032668267320171E+001          1.7920698728368773E+001          2.7983634699475408E+002          2.3330236427504133E+002          1.0972737361652339E-001         -1.0000000000000000E+000          1.9028399775330895E+000          1.2776422706780675E+000         -1.9355702259653114E+000         -1.9355687036955662E+000         -2.0324797075065919E+000         -9.8999999999999986E+001         -9.8999999999999986E+001         -7.5331088241039810E+000         -9.8999999999999986E+001          8.0000000000000004E-001          7.9999817487556435E-001          2.1418222992484403E+053         -2.6844833996896660E+043          0.0000000000000000E+000         -2.0853636034888150E+026         -2.5752800585657389E+043         -1.0920334112392716E+042          0.0000000000000000E+000          0.0000000000000000E+000                                1                                2          4.1810258654674661E-008          6.3669630999120222E-008          2.7947846435331553E-001          5.7518822659531788E-001          1.0000000000000000E+000          5.0088365963598669E-001          2.1418222992484403E+053         -7.1550682184810611E+017 
                            1910          1.0133475770948784E+005          1.1351638517403926E+003          6.7339089961048364E+002          1.2093305674116571E+001          1.7918824341933373E+001          2.7835783363655281E+002          2.3261326542056824E+002          1.1609227317702232E-001         -1.0000000000000000E+000          1.8983834696029398E+000          1.2812074691124118E+000         -1.9064106924118909E+000         -1.9064092294906796E+000         -2.0033201896825030E+000         -9.8999999999999986E+001         -9.8999999999999986E+001         -7.5228677967256363E+000         -9.8999999999999986E+001          8.0000000000000004E-001          7.9999825522492485E-001          2.1385732516960489E+053         -2.8623408114001760E+043          0.0000000000000000E+000         -2.1178754354473187E+026         -2.7479541408609342E+043         -1.1438667053924177E+042          0.0000000000000000E+000          0.0000000000000000E+000                                1                                2          4.1980390647320956E-008          6.4063044339313269E-008          2.8220730933594884E-001          5.7899347390493416E-001          1.0000000000000000E+000          4.9990118129910238E-001          2.1385732516960489E+053         -7.4255024944007514E+017 
                            1920          1.0133510158527698E+005          1.1282770002783589E+003          6.7060218987261021E+002          1.2153684832143385E+001          1.7916587499958361E+001          2.7690230028875857E+002          2.3193617246981381E+002          1.2238708709640009E-001         -1.0000000000000000E+000          1.8939477468195238E+000          1.2847560398120506E+000         -1.8776316743233634E+000         -1.8776302687355881E+000         -1.9745411870180050E+000         -9.8999999999999986E+001         -9.8999999999999986E+001         -7.5131034173949294E+000         -9.8999999999999986E+001          8.0000000000000004E-001          7.9999833242473994E-001          2.1353488917448670E+053         -3.0493994722008828E+043          0.0000000000000000E+000         -2.1503956210163358E+026         -2.9297240702598091E+043         -1.1967540194107369E+042          0.0000000000000000E+000          0.0000000000000000E+000                                1                                2          4.2149466350517082E-008          6.4454076568510250E-008          2.8493521869167571E-001          5.8278959909036165E-001          1.0000000000000000E+000          4.9893464752625460E-001          2.1353488917448670E+053         -7.6969442762537882E+017 
                            1930          1.0133542012567833E+005          1.1214767959649753E+003          6.6784274359608969E+002          1.2214156260527833E+001          1.7913964857000234E+001          2.7546115084499888E+002          2.3126723316490435E+002          1.2873210841392810E-001         -1.0000000000000000E+000          1.8895063133254308E+000          1.2883091794830785E+000         -1.8478876725179858E+000         -1.8478863239364511E+000         -1.9447972008709697E+000         -9.8999999999999986E+001         -9.8999999999999986E+001         -7.5030121612967964E+000         -9.8999999999999986E+001          8.0000000000000004E-001          7.9999840859022797E-001          2.1321312935117838E+053         -3.2557562904132844E+043          0.0000000000000000E+000         -2.1832336987448953E+026         -3.1304913468348557E+043         -1.2526494357842876E+042          0.0000000000000000E+000          0.0000000000000000E+000                                1                                2          4.2316994605347176E-008          6.4844901319475504E-008          2.8768192004009391E-001          5.8660296635848508E-001          1.0000000000000000E+000          4.9797428951468875E-001          2.1321312935117838E+053         -7.9845960788768000E+017 
                            1940          1.0133571634661593E+005          1.1147978630210416E+003          6.6512683942342142E+002          1.2274384180968418E+001          1.7910983807654510E+001          2.7404192200111265E+002          2.3060983006076293E+002          1.3506664054033410E-001         -1.0000000000000000E+000          1.8850842213345602E+000          1.2918468463052066E+000         -1.8187331785523870E+000         -1.8187318826086480E+000         -1.9156427213742233E+000         -9.8999999999999986E+001         -9.8999999999999986E+001         -7.4928257405128509E+000         -9.8999999999999986E+001          8.0000000000000004E-001          7.9999847889988329E-001          2.1289372324500126E+053         -3.4716149791885449E+043          0.0000000000000000E+000         -2.2160890687344302E+026         -3.3405712733429403E+043         -1.3104370584560471E+042          0.0000000000000000E+000          0.0000000000000000E+000                                1                                2          4.2483328886712466E-008          6.5233397532138771E-008          2.9042862210767384E-001          5.9040868860001372E-001          1.0000000000000000E+000          4.9702888638590115E-001          2.1289372324500126E+053         -8.2840854972006656E+017 
                            1950          1.0133599297725337E+005          1.1082251133644590E+003          6.6244858154860458E+002          1.2334480199340321E+001          1.7907645648547305E+001          2.7264155297372719E+002          2.2996251223876232E+002          1.4136597189273722E-001         -1.0000000000000000E+000          1.8806732712216616E+000          1.2953755999295171E+000         -1.7898266353542087E+000         -1.7898253878981389E+000         -1.8867361914767113E+000         -9.8999999999999986E+001         -9.8999999999999986E+001         -7.4821673632568961E+000         -9.8999999999999986E+001          8.0000000000000004E-001          7.9999854371661783E-001          2.1257603028041878E+053         -3.6998900110394919E+043          0.0000000000000000E+000         -2.2490591449880661E+026         -3.5627875634614510E+043         -1.3710244757804082E+042          0.0000000000000000E+000          0.0000000000000000E+000                                1                                2          4.2646437275035602E-008          6.5620288955240891E-008          2.9318151512808993E-001          5.9421507439265975E-001          1.0000000000000000E+000          4.9609512955448487E-001          2.1257603028041878E+053         -8.6037669584088704E+017 
                            1960          1.0133625305627430E+005          1.1017422031905965E+003          6.5980151177602136E+002          1.2394573409259774E+001          1.7903949020681043E+001          2.7125669200283039E+002          2.2932369165741397E+002          1.4774522788542252E-001         -1.0000000000000000E+000          1.8762640525163916E+000          1.2989029686806515E+000         -1.7539579866096537E+000         -1.7539568070598683E+000         -1.8508675635345748E+000         -9.8999999999999986E+001         -9.8999999999999986E+001         -7.4723060844463562E+000         -9.8999999999999986E+001          8.0000000000000004E-001          7.9999863048499187E-001          2.1225931678004634E+053         -4.0045912879522787E+043          0.0000000000000000E+000         -2.2821568516899597E+026         -3.8612629843205777E+043         -1.4332830363170124E+042          0.0000000000000000E+000          0.0000000000000000E+000                                1                                2          4.2811685663724253E-008          6.6006414164611796E-008          2.9594490353909381E-001          5.9802870409675202E-001          1.0000000000000000E+000          4.9517245616581312E-001          2.1225931678004634E+053         -8.9190611630975629E+017 
                            1970          1.0133649627003154E+005          1.0953881079170496E+003          6.5720176960547394E+002          1.2454279784773258E+001          1.7899923037919088E+001          2.6989579278087263E+002          2.2869724910845687E+002          1.5396840951987659E-001         -1.0000000000000000E+000          1.8718846755928042E+000          1.3024064642778765E+000         -1.7283183700138671E+000         -1.7283172274605352E+000         -1.8252279566790159E+000         -9.8999999999999986E+001         -9.8999999999999986E+001         -7.4622098066935907E+000         -9.8999999999999986E+001          8.0000000000000004E-001          7.9999868069273028E-001          2.1194557055051673E+053         -4.2371516144813756E+043          0.0000000000000000E+000         -2.3152584571381396E+026         -4.0874399483799565E+043         -1.4971166610141902E+042          0.0000000000000000E+000          0.0000000000000000E+000                                1                                2          4.2973745059639470E-008          6.6389302239839017E-008          2.9870369235234334E-001          5.9999999999999998E-001          1.0000000000000000E+000          4.9426373627661174E-001          2.1194557055051673E+053         -9.2501442377733018E+017 
                            1980          1.0133672485548779E+005          1.0891407428443890E+003          6.5464056420780514E+002          1.2513780596484612E+001          1.7895562399252093E+001          2.6855426554488020E+002          2.2808104932986501E+002          1.6026989942740522E-001         -1.0000000000000000E+000          1.8675217580336667E+000          1.3058967926133027E+000         -1.7045280873035884E+000         -1.7045269757325050E+000         -1.8014376834721550E+000         -9.8999999999999986E+001         -9.8999999999999986E+001         -7.4512765623075969E+000         -9.8999999999999986E+001          8.0000000000000004E-001          7.9999872025813445E-001          2.1163380136510054E+053         -4.4648992365687493E+043          0.0000000000000000E+000         -2.3484220762169549E+026         -4.3085745614756439E+043         -1.5632467509310509E+042          0.0000000000000000E+000          0.0000000000000000E+000                                1                                2          4.3138153183209327E-008          6.6770114555176970E-008          2.9999999999999999E-001          5.9999999999999998E-001          1.0000000000000000E+000          4.9336705957000987E-001          2.1163380136510054E+053         -9.5531939661932275E+017 
                            1990          1.0133694002713238E+005          1.0829957580599626E+003          6.5211632375618228E+002          1.2573095544620406E+001          1.7890870684566146E+001          2.6723129474665132E+002          2.2747470229817642E+002          1.6637770758726511E-001         -1.0000000000000000E+000          1.8631737756572071E+000          1.3093751729913241E+000         -1.6891279531764849E+000         -1.6891268503263719E+000         -1.7860375526154209E+000         -9.8999999999999986E+001         -9.8999999999999986E+001         -7.4392971809845072E+000         -9.8999999999999986E+001          8.0000000000000004E-001          7.9999873029849711E-001          2.1132387418198345E+053         -4.6179559598616704E+043          0.0000000000000000E+000         -2.3817378164654778E+026         -4.4548463967712414E+043         -1.6310956309042863E+042          0.0000000000000000E+000          0.0000000000000000E+000                                1                                2          4.3300843583330267E-008          6.7148972306873968E-008          2.9999999999999999E-001          5.9999999999999998E-001          1.0000000000000000E+000          4.9247952144317614E-001          2.1132387418198345E+053         -9.8203728510186701E+017 
                            2000          1.0133714472275280E+005          1.0769203594250864E+003          6.4961574930620520E+002          1.2632522214890779E+001          1.7885830437678973E+001          2.6591994216558425E+002          2.2687498034623550E+002          1.7264604044502907E-001         -1.0000000000000000E+000          1.8588190348578553E+000          1.3128589602323704E+000         -1.6583159112257140E+000         -1.6583148552014906E+000         -1.7552255282243858E+000         -9.8999999999999986E+001         -9.8999999999999986E+001         -7.4273277742251107E+000         -9.8999999999999986E+001          8.0000000000000004E-001          7.9999878420866088E-001          2.1101418016938467E+053         -4.9428041343547499E+043          0.0000000000000000E+000         -2.4151572974970038E+026         -4.7725605411567177E+043         -1.7024359319803235E+042          0.0000000000000000E+000          0.0000000000000000E+000                                1                                2          4.3465569675127801E-008          6.7527790267845834E-008          2.9999999999999999E-001          5.9999999999999998E-001          1.0000000000000000E+000          4.9160259568315862E-001          2.1101418016938467E+053         -1.0094792206593999E+018 
                            2010          1.0133733684766431E+005          1.0709630866549373E+003          6.4715899406882318E+002          1.2691573137397734E+001          1.7880480892376678E+001          2.6463073527508811E+002          2.2628675241014079E+002          1.7887768327781056E-001         -1.0000000000000000E+000          1.8544928956967197E+000          1.3163198663495765E+000         -1.6430796577797528E+000         -1.6430786097757093E+000         -1.7399892777859967E+000         -9.8999999999999986E+001         -9.8999999999999986E+001         -7.4154024467093587E+000         -9.8999999999999986E+001          8.0000000000000004E-001          7.9999879344221170E-001          2.1070727751614951E+053         -5.1104608003999704E+043          0.0000000000000000E+000         -2.4486476716612587E+026         -4.9329107068460647E+043         -1.7755009355390538E+042          0.0000000000000000E+000          0.0000000000000000E+000                                1                                2          4.3626831470293670E-008          6.7903416161215764E-008          2.9999999999999999E-001          5.9999999999999998E-001          1.0000000000000000E+000          4.9073634826064794E-001          2.1070727751614951E+053         -1.0375826743892754E+018 
                            2020          1.0133751932243748E+005          1.0650723807776733E+003          6.4472497858349232E+002          1.2750739419997945E+001          1.7874782793720620E+001          2.6335262982125977E+002          2.2570495116016039E+002          1.8507017248263971E-001         -1.0000000000000000E+000          1.8501593795834719E+000          1.3197866741531179E+000         -1.6176685032606337E+000         -1.6176674866199803E+000         -1.7145781350281661E+000         -9.8999999999999986E+001         -9.8999999999999986E+001         -7.4031867939671869E+000         -9.8999999999999986E+001          8.0000000000000004E-001          7.9999882955056334E-001          2.1040057495865810E+053         -5.4047494367627804E+043          0.0000000000000000E+000         -2.4823078335867698E+026         -5.2195809119372751E+043         -1.8516852482550529E+042          0.0000000000000000E+000          0.0000000000000000E+000                                1                                2          4.3790352081774741E-008          6.8278976601882836E-008          2.9999999999999999E-001          5.9999999999999998E-001          1.0000000000000000E+000          4.8987833283430116E-001          2.1040057495865810E+053         -1.0671816868470193E+018 
                            2030          1.0133769329909292E+005          1.0592943276774354E+003          6.4233293612089130E+002          1.2809529839985299E+001          1.7868797273755096E+001          2.6209581047082628E+002          2.2513408913064495E+002          1.9126190440374524E-001         -1.0000000000000000E+000          1.8458548893968780E+000          1.3232302613192732E+000         -1.5985618415918219E+000         -1.5985608417318837E+000         -1.6954714796521317E+000         -9.8999999999999986E+001         -9.8999999999999986E+001         -7.3913084453407603E+000         -9.8999999999999986E+001          8.0000000000000004E-001          7.9999884887003092E-001          2.1009651622485383E+053         -5.6363722392065765E+043          0.0000000000000000E+000         -2.5158930029000541E+026         -5.4434653537616995E+043         -1.9290688544487724E+042          0.0000000000000000E+000          0.0000000000000000E+000                                1                                2          4.3955034922175903E-008          6.8651412800328817E-008          2.9999999999999999E-001          5.9999999999999998E-001          1.0000000000000000E+000          4.8903437732336758E-001          2.1009651622485383E+053         -1.0967729041917220E+018 
                            2040          1.0133785845105245E+005          1.0535802447937317E+003          6.3996286107939238E+002          1.2868435334157789E+001          1.7862464835569646E+001          2.6084966804371095E+002          2.2456948169910211E+002          1.9742073601263377E-001         -1.0000000000000000E+000          1.8415427677666265E+000          1.3266799537598670E+000         -1.5706103419910056E+000         -1.5706093775285963E+000         -1.6675199933254075E+000         -9.8999999999999986E+001         -9.8999999999999986E+001         -7.3790108257281899E+000         -9.8999999999999986E+001          8.0000000000000004E-001          7.9999888962284993E-001          2.0979263553711639E+053         -5.9948038735449505E+043          0.0000000000000000E+000         -2.5496653620410409E+026         -5.7938198252442886E+043         -2.0098404830066242E+042          0.0000000000000000E+000          0.0000000000000000E+000                                1                                2          4.4119348135398062E-008          6.9023743113812658E-008          2.9999999999999999E-001          5.9999999999999998E-001          1.0000000000000000E+000          4.8819764036927371E-001          2.0979263553711639E+053         -1.1282733553990895E+018 
                            2050          1.0133801447667969E+005          1.0479952871325638E+003          6.3764197689075104E+002          1.2926756885913109E+001          1.7855871479502369E+001          2.5962856998105650E+002          2.2401755832839885E+002          2.0352604040080466E-001         -1.0000000000000000E+000          1.8372743817686248E+000          1.3300946578330335E+000         -1.5596656190834364E+000         -1.5596646535807424E+000         -1.6565752700277310E+000         -9.8999999999999986E+001         -9.8999999999999986E+001         -7.3675979177847397E+000         -9.8999999999999986E+001          8.0000000000000004E-001          7.9999888842518063E-001          2.0949246832081333E+053         -6.1391872554194574E+043          0.0000000000000000E+000         -2.5832982779880146E+026         -5.9300848143554534E+043         -2.0910244106400359E+042          0.0000000000000000E+000          0.0000000000000000E+000                                1                                2          4.4283317834823131E-008          6.9391583205880953E-008          2.9999999999999999E-001          5.9999999999999998E-001          1.0000000000000000E+000          4.8737574011060236E-001          2.0949246832081333E+053         -1.1583164929540902E+018 
                            2060          1.0133816420856335E+005          1.0424511470878920E+003          6.3533374537945610E+002          1.2985400989451968E+001          1.7848916575229190E+001          2.5841328488583059E+002          2.2346963359804684E+002          2.0963593868390859E-001         -1.0000000000000000E+000          1.8329832366421444E+000          1.3335275692741109E+000         -1.5338607725568194E+000         -1.5338598365871945E+000         -1.6307704345760301E+000         -9.8999999999999986E+001         -9.8999999999999986E+001         -7.3552848211264577E+000         -9.8999999999999986E+001          8.0000000000000004E-001          7.9999892242630832E-001          2.0919133686180046E+053         -6.4985824759976527E+043          0.0000000000000000E+000         -2.6172228115166572E+026         -6.2808549910631582E+043         -2.1772748493449449E+042          0.0000000000000000E+000          0.0000000000000000E+000                                1                                2          4.4447800330764226E-008          6.9760633262844876E-008          2.9999999999999999E-001          5.9999999999999998E-001          1.0000000000000000E+000          4.8655805367367566E-001          2.0919133686180046E+053         -1.1916270053004877E+018 
                            2070          1.0133830756439587E+005          1.0370112804005068E+003          6.3306473140116418E+002          1.3043675194847646E+001          1.7841691922079814E+001          2.5721786285485757E+002          2.2293195026420307E+002          2.1575268060707389E-001         -1.0000000000000000E+000          1.8287203280083435E+000          1.3369378915929349E+000         -1.5128841665922570E+000         -1.5128832498578944E+000         -1.6097938358247006E+000         -9.8999999999999986E+001         -9.8999999999999986E+001         -7.3433264689876934E+000         -9.8999999999999986E+001          8.0000000000000004E-001          7.9999894457167542E-001          2.0889271824818497E+053         -6.8055096116067218E+043          0.0000000000000000E+000         -2.6510314985463496E+026         -6.5790056229514870E+043         -2.2650398865523507E+042          0.0000000000000000E+000          0.0000000000000000E+000                                1                                2          4.4611221897910990E-008          7.0126577734375478E-008          2.9999999999999999E-001          5.9999999999999998E-001          1.0000000000000000E+000          4.8575416458979620E-001          2.0889271824818497E+053         -1.2248945124313257E+018 
                            2080          1.0133844366409436E+005          1.0316720202364402E+003          6.3083359080766752E+002          1.3101603253857760E+001          1.7834192208382142E+001          2.5604153674342024E+002          2.2240424072282127E+002          2.2187634269592660E-001         -1.0000000000000000E+000          1.8244833762576391E+000          1.3403274485149745E+000         -1.5034685543281199E+000         -1.5034676322732152E+000         -1.6003782215653575E+000         -9.8999999999999986E+001         -9.8999999999999986E+001         -7.3313975823116797E+000         -9.8999999999999986E+001          8.0000000000000004E-001          7.9999893844618786E-001          2.0859652965885793E+053         -6.9458953056635308E+043          0.0000000000000000E+000         -2.6848557507883158E+026         -6.7104143443810363E+043         -2.3548096128249501E+042          0.0000000000000000E+000          0.0000000000000000E+000                                1                                2          4.4778768976511911E-008          7.0489507071989651E-008          2.9999999999999999E-001          5.9999999999999998E-001          1.0000000000000000E+000          4.8496038090366939E-001          2.0859652965885793E+053         -1.2590053501664945E+018 
                            2090          1.0133857447098833E+005          1.0263700368833031E+003          6.2861398137995434E+002          1.3159861517385647E+001          1.7826329968179508E+001          2.5487040892870124E+002          2.2188028121989774E+002          2.2790487011176480E-001         -1.0000000000000000E+000          1.8202227874384169E+000          1.3437359151456074E+000         -1.4773603027728883E+000         -1.4773594097988347E+000         -1.5742699809154594E+000         -9.8999999999999986E+001         -9.8999999999999986E+001         -7.3192072875056198E+000         -9.8999999999999986E+001          8.0000000000000004E-001          7.9999897192668512E-001          2.0829930269473246E+053         -7.3573943313239811E+043          0.0000000000000000E+000         -2.7189358034389928E+026         -7.1126797123471854E+043         -2.4471461897679523E+042          0.0000000000000000E+000          0.0000000000000000E+000                                1                                2          4.4945084619013435E-008          7.0853639090302865E-008          2.9999999999999999E-001          5.9999999999999998E-001          1.0000000000000000E+000          4.8417116580682562E-001          2.0829930269473246E+053         -1.2948452574636480E+018 
                            2100          1.0133869907883882E+005          1.0211902731780161E+003          6.2644162249537123E+002          1.3217492688511969E+001          1.7818244490117518E+001          2.5372338370393024E+002          2.2136844504759506E+002          2.3392175977132351E-001         -1.0000000000000000E+000          1.8160088232781157E+000          1.3471070821406950E+000         -1.4686926026465050E+000         -1.4686917031314146E+000         -1.5656022783361843E+000         -9.8999999999999986E+001         -9.8999999999999986E+001         -7.3073699706538173E+000         -9.8999999999999986E+001          8.0000000000000004E-001          7.9999896439605356E-001          2.0800585153953487E+053         -7.4967678714939356E+043          0.0000000000000000E+000         -2.7528087430586850E+026         -7.2425266584215449E+043         -2.5424121307239110E+042          0.0000000000000000E+000          0.0000000000000000E+000                                1                                2          4.5113077466197124E-008          7.1213028635803828E-008          2.9999999999999999E-001          5.9999999999999998E-001          1.0000000000000000E+000          4.8339678872180997E-001          2.0800585153953487E+053         -1.3306234942375194E+018 
                            2110          1.0133881954683521E+005          1.0160472008772622E+003          6.2428078650579744E+002          1.3275434238205108E+001          1.7809805015448191E+001          2.5258158060404094E+002          2.2086032616048203E+002          2.4004297457672899E-001         -1.0000000000000000E+000          1.8117727247581943E+000          1.3504959566507535E+000         -1.4434911821247483E+000         -1.4434903092808340E+000         -1.5404008678161312E+000         -9.8999999999999986E+001         -9.8999999999999986E+001         -7.2952404287753501E+000         -9.8999999999999986E+001          8.0000000000000004E-001          7.9999899510231720E-001          2.0771140126997115E+053         -7.9250178543948543E+043          0.0000000000000000E+000         -2.7869247768905860E+026         -7.6609542251397072E+043         -2.6406362925514662E+042          0.0000000000000000E+000          0.0000000000000000E+000                                1                                2          4.5281201358998472E-008          7.1573497868643965E-008          2.9999999999999999E-001          5.9999999999999998E-001          1.0000000000000000E+000          4.8262686106729652E-001          2.0771140126997115E+053         -1.3683107192533153E+018 
                            2120          1.0133893511219743E+005          1.0110199466440887E+003          6.2216486900157872E+002          1.3332771038659876E+001          1.7801155042802097E+001          2.5146270549742286E+002          2.2036371737947883E+002          2.4593176049004950E-001         -1.0000000000000000E+000          1.8075816622405227E+000          1.3538488024167841E+000         -1.4328962948720838E+000         -1.4328954191871170E+000         -1.5298059794980707E+000         -9.8999999999999986E+001         -9.8999999999999986E+001         -7.2832342342978009E+000         -9.8999999999999986E+001          8.0000000000000004E-001          7.9999899183144130E-001          2.0742053320153150E+053         -8.1098819518732312E+043          0.0000000000000000E+000         -2.8208035578359090E+026         -7.8357882050422822E+043         -2.7409374683094926E+042          0.0000000000000000E+000          0.0000000000000000E+000                                1                                2          4.5450600044036660E-008          7.1929394081510518E-008          2.9999999999999999E-001          5.9999999999999998E-001          1.0000000000000000E+000          4.8187184471786582E-001          2.0742053320153150E+053         -1.4066657838748157E+018 
                            2130          1.0133904649490579E+005          1.0060487616251665E+003          6.2006887011940512E+002          1.3390172057568929E+001          1.7792191236583157E+001          2.5035348993225927E+002          2.1987279366224899E+002          2.5196831291977945E-001         -1.0000000000000000E+000          1.8033862865944166E+000          1.3572050987237987E+000         -1.4201759305031922E+000         -1.4201750560628665E+000         -1.5170856155959200E+000         -9.8999999999999986E+001         -9.8999999999999986E+001         -7.2711315872088393E+000         -9.8999999999999986E+001          8.0000000000000004E-001          7.9999899326438406E-001          2.0712988437041972E+053         -8.3384507185529976E+043          0.0000000000000000E+000         -2.8548715124965694E+026         -8.0539948821825222E+043         -2.8445583637047521E+042          0.0000000000000000E+000          0.0000000000000000E+000                                1                                2          4.5619026290468173E-008          7.2284818530023856E-008          2.9999999999999999E-001          5.9999999999999998E-001          1.0000000000000000E+000          4.8112190659407450E-001          2.0712988437041972E+053         -1.4464171773715953E+018 
                            2140          1.0133915320495474E+005          1.0011260109066789E+003          6.1798964178048664E+002          1.3447728117839285E+001          1.7782890000687001E+001          2.4925219505788698E+002          2.1938688681881206E+002          2.5792416405130475E-001         -1.0000000000000000E+000          1.7991794715497327E+000          1.3605705466132809E+000         -1.3963149770484373E+000         -1.3963141256832901E+000         -1.4932246707943679E+000         -9.8999999999999986E+001         -9.8999999999999986E+001         -7.2588849554506352E+000         -9.8999999999999986E+001          8.0000000000000004E-001          7.9999901983061261E-001          2.0683904164704853E+053         -8.7885553907116807E+043          0.0000000000000000E+000         -2.8890948818506064E+026         -8.4934563822062618E+043         -2.9509900850541927E+042          0.0000000000000000E+000          0.0000000000000000E+000                                1                                2          4.5790721860960396E-008          7.2640258443159423E-008          2.9999999999999999E-001          5.9999999999999998E-001          1.0000000000000000E+000          4.8037782960680464E-001          2.0683904164704853E+053         -1.4877850914935040E+018 
                            2150          1.0133925546976452E+005          9.9631412770748125E+002          6.1595371985159977E+002          1.3504677512086277E+001          1.7773390736289585E+001          2.4817297860773991E+002          2.1891209588658077E+002          2.6380285839605694E-001         -1.0000000000000000E+000          1.7950174021717062E+000          1.3639001980312289E+000         -1.3890667793977218E+000         -1.3890659192822445E+000         -1.4859764698622744E+000         -9.8999999999999986E+001         -9.8999999999999986E+001         -7.2471958579477693E+000         -9.8999999999999986E+001          8.0000000000000004E-001          7.9999900975644245E-001          2.0655174919470891E+053         -8.9267778754720412E+043          0.0000000000000000E+000         -2.9230838284497538E+026         -8.6210001190710243E+043         -3.0577775640101643E+042          0.0000000000000000E+000          0.0000000000000000E+000                                1                                2          4.5963836706643762E-008          7.2991087995272970E-008          2.9999999999999999E-001          5.9999999999999998E-001          1.0000000000000000E+000          4.7964769416784087E-001          2.0655174919470891E+053         -1.5283727999153836E+018 
                            2160          1.0133935516038591E+005          9.9153966142182480E+002          6.1393016270785881E+002          1.3561871301193896E+001          1.7763556423078168E+001          2.4709945594769414E+002          2.1844118524946967E+002          2.6979663804584753E-001         -1.0000000000000000E+000          1.7908378707438866E+000          1.3672438190800134E+000         -1.3666647647935695E+000         -1.3666639245607568E+000         -1.4635744627141307E+000         -9.8999999999999986E+001         -9.8999999999999986E+001         -7.2349509784476194E+000         -9.8999999999999986E+001          8.0000000000000004E-001          7.9999903264716132E-001          2.0626368542519141E+053         -9.3782409027984545E+043          0.0000000000000000E+000         -2.9572494373511514E+026         -9.0612397764355630E+043         -3.1700112636289181E+042          0.0000000000000000E+000          0.0000000000000000E+000                                1                                2          4.6135773591649212E-008          7.3342555014037597E-008          2.9999999999999999E-001          5.9999999999999998E-001          1.0000000000000000E+000          4.7892255346138723E-001          2.0626368542519141E+053         -1.5720783236170220E+018 
                            2170          1.0133945056106515E+005          9.8686988769496168E+002          6.1194760175658416E+002          1.3618492994259565E+001          1.7753525963235457E+001          2.4604678518015447E+002          2.1798084474446185E+002          2.7567626834224740E-001         -1.0000000000000000E+000          1.7867002362320636E+000          1.3705539226605497E+000         -1.3609920204106913E+000         -1.3609911680575368E+000         -1.4579017137861188E+000         -9.8999999999999986E+001         -9.8999999999999986E+001         -7.2230582927536124E+000         -9.8999999999999986E+001          8.0000000000000004E-001          7.9999901869312928E-001          2.0597897724475342E+053         -9.4926806119997708E+043          0.0000000000000000E+000         -2.9912123627501349E+026         -9.1643145512881623E+043         -3.2836606071160848E+042          0.0000000000000000E+000          0.0000000000000000E+000                                1                                2          4.6307603667264051E-008          7.3689604955206161E-008          2.9999999999999999E-001          5.9999999999999998E-001          1.0000000000000000E+000          4.7821005645083281E-001          2.0597897724475342E+053         -1.6157228436078766E+018 
                            2180          1.0133954331570931E+005          9.8222890959839560E+002          6.0997392862619495E+002          1.3675450446701978E+001          1.7743139465125516E+001          2.4499790947433331E+002          2.1752362439309127E+002          2.8158925890777009E-001         -1.0000000000000000E+000          1.7825380051962281E+000          1.3738837034639502E+000         -1.3388251797216228E+000         -1.3388243467089866E+000         -1.4357348803497534E+000         -9.8999999999999986E+001         -9.8999999999999986E+001         -7.2108594451645116E+000         -9.8999999999999986E+001          8.0000000000000004E-001          7.9999904095968077E-001          2.0569305332530826E+053         -9.9674768063128687E+043          0.0000000000000000E+000         -3.0254150713130248E+026         -9.6273714979367838E+043         -3.4010530837608544E+042          0.0000000000000000E+000          0.0000000000000000E+000                                1                                2          4.6485113499033182E-008          7.4037784324800926E-008          2.9999999999999999E-001          5.9999999999999998E-001          1.0000000000000000E+000          4.7750086456570168E-001          2.0569305332530826E+053         -1.6617500969855099E+018 
                            2190          1.0133964090958513E+005          9.7723119022252899E+002          6.0784479009694564E+002          1.3737568091003066E+001          1.7731472892906677E+001          2.4386533870944950E+002          2.1703161535174135E+002          2.8804126031593319E-001         -1.0000000000000000E+000          1.7779984928357959E+000          1.3775153089963406E+000         -1.3240506561454408E+000         -1.3240498272796075E+000         -1.4209603583286243E+000         -9.8999999999999986E+001         -9.8999999999999986E+001         -7.1982522750427380E+000         -9.8999999999999986E+001          8.0000000000000004E-001          7.9999904573385461E-001          2.0538175419938688E+053         -1.0294872640696937E+044          0.0000000000000000E+000         -3.0626460328667321E+026         -9.9417581300892163E+043         -3.5311451060772036E+042          0.0000000000000000E+000          0.0000000000000000E+000                                1                                2          4.6677960026015833E-008          7.4416425605358118E-008          2.9999999999999999E-001          5.9999999999999998E-001          1.0000000000000000E+000          4.7673830250144683E-001          2.0538175419938688E+053         -1.7106961695824133E+018 
                            2200          1.0133972711603733E+005          9.7274250526115520E+002          6.0592917471740657E+002          1.3794059480739401E+001          1.7720562318083932E+001          2.4284540770900284E+002          2.1659002746752262E+002          2.9391905772806243E-001         -1.0000000000000000E+000          1.7738701747374670E+000          1.3808179595106642E+000         -1.3187781391405442E+000         -1.3187772966931741E+000         -1.4156878362306453E+000         -9.8999999999999986E+001         -9.8999999999999986E+001         -7.1859212103491590E+000         -9.8999999999999986E+001          8.0000000000000004E-001          7.9999903009756290E-001          2.0509907585096852E+053         -1.0411489113187691E+044          0.0000000000000000E+000         -3.0969338544895449E+026         -1.0045901114424699E+044         -3.6558799876299206E+042          0.0000000000000000E+000          0.0000000000000000E+000                                1                                2          4.6857650927387108E-008          7.4759817498574790E-008          2.9999999999999999E-001          5.9999999999999998E-001          1.0000000000000000E+000          4.7604374549430806E-001          2.0509907585096852E+053         -1.7599646614887836E+018 
                            2210          1.0133981099505516E+005          9.6830862130841479E+002          6.0403382010161909E+002          1.3850526992832028E+001          1.7709370668838787E+001          2.4183535600303208E+002          2.1615414941532936E+002          2.9971556310726044E-001         -1.0000000000000000E+000          1.7697435547445093E+000          1.3841192515389702E+000         -1.2981592523958041E+000         -1.2981584260144265E+000         -1.3950689555106597E+000         -9.8999999999999986E+001         -9.8999999999999986E+001         -7.1736645886969699E+000         -9.8999999999999986E+001          8.0000000000000004E-001          7.9999904859418469E-001          2.0481690852953220E+053         -1.0894712909868909E+044          0.0000000000000000E+000         -3.1310454362618068E+026         -1.0516483922410120E+044         -3.7822898745878879E+042          0.0000000000000000E+000          0.0000000000000000E+000                                1                                2          4.7036028013469320E-008          7.5102142608382068E-008          2.9999999999999999E-001          5.9999999999999998E-001          1.0000000000000000E+000          4.7536073051612193E-001          2.0481690852953220E+053         -1.8103417586212055E+018 
                            2220          1.0133989150108695E+005          9.6396878029373647E+002          6.0217562312077848E+002          1.3906458005723685E+001          1.7697998855255626E+001          2.4084415707571503E+002          2.1572789303121385E+002          3.0548055786015044E-001         -1.0000000000000000E+000          1.7656557532445687E+000          1.3873894888273437E+000         -1.2933288185794993E+000         -1.2933279792961501E+000         -1.3902385168561098E+000         -9.8999999999999986E+001         -9.8999999999999986E+001         -7.1621060630292979E+000         -9.8999999999999986E+001          8.0000000000000004E-001          7.9999903374026915E-001          2.0453783135730686E+053         -1.1007228717984849E+044          0.0000000000000000E+000         -3.1649453417800156E+026         -1.0616332645053669E+044         -3.9089607293118018E+042          0.0000000000000000E+000          0.0000000000000000E+000                                1                                2          4.7216884903055655E-008          7.5440256627679215E-008          2.9999999999999999E-001          5.9999999999999998E-001          1.0000000000000000E+000          4.7468925070204937E-001          2.0453783135730686E+053         -1.8591699660221174E+018 
                            2230          1.0133997041806356E+005          9.5966160392696486E+002          6.0032842217364737E+002          1.3962621702476961E+001          1.7686299819380618E+001          2.3985791252271042E+002          2.1530519955067956E+002          3.1125333205488459E-001         -1.0000000000000000E+000          1.7615508040170091E+000          1.3906734442685138E+000         -1.2738321543009523E+000         -1.2738313289800081E+000         -1.3707418578134707E+000         -9.8999999999999986E+001         -9.8999999999999986E+001         -7.1498951466081087E+000         -9.8999999999999986E+001          8.0000000000000004E-001          7.9999904981505143E-001          2.0425794748118793E+053         -1.1489093569317608E+044          0.0000000000000000E+000         -3.1989850304969676E+026         -1.1085299272272046E+044         -4.0379429704556134E+042          0.0000000000000000E+000          0.0000000000000000E+000                                1                                2          4.7399189181031029E-008          7.5778849407801168E-008          2.9999999999999999E-001          5.9999999999999998E-001          1.0000000000000000E+000          4.7402228308266836E-001          2.0425794748118793E+053         -1.9121854591729106E+018 
                            2240          1.0134004597068806E+005          9.5542933695801673E+002          5.9851039742290982E+002          1.4018473695541385E+001          1.7674373468027795E+001          2.3888621510567938E+002          2.1489033743508585E+002          3.1706045290614004E-001         -1.0000000000000000E+000          1.7574677027897976E+000          1.3939399213720165E+000         -1.2620075848706824E+000         -1.2620067596948601E+000         -1.3589172884376217E+000         -9.8999999999999986E+001         -9.8999999999999986E+001         -7.1381469489982958E+000         -9.8999999999999986E+001          8.0000000000000004E-001          7.9999904998212901E-001          2.0398005140696823E+053         -1.1789744915867742E+044          0.0000000000000000E+000         -3.2329202675464333E+026         -1.1372507863541154E+044         -4.1723705232658688E+042          0.0000000000000000E+000          0.0000000000000000E+000                                1                                2          4.7581899237956846E-008          7.6114527106703171E-008          2.9999999999999999E-001          5.9999999999999998E-001          1.0000000000000000E+000          4.7336433782214410E-001          2.0398005140696823E+053         -1.9646184080730808E+018 
                            2250          1.0134011934602461E+005          9.5125984545913900E+002          5.9671647489055056E+002          1.4074143153036285E+001          1.7662208018049935E+001          2.3792645495307653E+002          2.1448204672414857E+002          3.2276777715434968E-001         -1.0000000000000000E+000          1.7533975135805679E+000          1.3971960688658804E+000         -1.2516772836776906E+000         -1.2516764552399005E+000         -1.3485869860213906E+000         -9.8999999999999986E+001         -9.8999999999999986E+001         -7.1261032393005479E+000         -9.8999999999999986E+001          8.0000000000000004E-001          7.9999904622665674E-001          2.0370340697372572E+053         -1.2058244582084650E+044          0.0000000000000000E+000         -3.2667847310013215E+026         -1.1627271600358846E+044         -4.3097298172580231E+042          0.0000000000000000E+000          0.0000000000000000E+000                                1                                2          4.7763945282112247E-008          7.6448146648437653E-008          2.9999999999999999E-001          5.9999999999999998E-001          1.0000000000000000E+000          4.7271458070570788E-001          2.0370340697372572E+053         -2.0198630226875832E+018 
                            2260          1.0134019134136553E+005          9.4716424397267338E+002          5.9495157485606535E+002          1.4129449272327861E+001          1.7649859953163372E+001          2.3698137404935909E+002          2.1408133756306202E+002          3.2840142997831950E-001         -1.0000000000000000E+000          1.7493540081439787E+000          1.4004308693103078E+000         -1.2474386195408154E+000         -1.2474377769515586E+000         -1.3443483165777090E+000         -9.8999999999999986E+001         -9.8999999999999986E+001         -7.1145085520934082E+000         -9.8999999999999986E+001          8.0000000000000004E-001          7.9999902993420990E-001          2.0342881586736434E+053         -1.2167111591361284E+044          0.0000000000000000E+000         -3.3004565525240463E+026         -1.1722415638712628E+044         -4.4469595264865580E+042          0.0000000000000000E+000          0.0000000000000000E+000                                1                                2          4.7950393137801274E-008          7.6778713543295992E-008          2.9999999999999999E-001          5.9999999999999998E-001          1.0000000000000000E+000          4.7207510618016663E-001          2.0342881586736434E+053         -2.0745151265284060E+018 
                            2270          1.0134026569080891E+005          9.4284674140633172E+002          5.9308801936988925E+002          1.4188461130518656E+001          1.7636374991918725E+001          2.3598234848327846E+002          2.1365948049778223E+002          3.3454106960266478E-001         -1.0000000000000000E+000          1.7450385316525423E+000          1.4038832463561597E+000         -1.2346719866392426E+000         -1.2346711449260823E+000         -1.3315816840046728E+000         -9.8999999999999986E+001         -9.8999999999999986E+001         -7.1021937195469418E+000         -9.8999999999999986E+001          8.0000000000000004E-001          7.9999903094285119E-001          2.0313622647695050E+053         -1.2511840846447499E+044          0.0000000000000000E+000         -3.3349335482606835E+026         -1.2052296177954227E+044         -4.5954466849327175E+042          0.0000000000000000E+000          0.0000000000000000E+000                                1                                2          4.8138564950300198E-008          7.7130300156693134E-008          2.9999999999999999E-001          5.9999999999999998E-001          1.0000000000000000E+000          4.7142886332976297E-001          2.0313622647695050E+053         -2.1341819298809421E+018 
                            2280          1.0134033657014862E+005          9.3868639319799479E+002          5.9128934372691174E+002          1.4246017373017427E+001          1.7622925584286403E+001          2.3501706157811958E+002          2.1325348990604903E+002          3.4041174241693989E-001         -1.0000000000000000E+000          1.7408288991276926E+000          1.4072509483066127E+000         -1.2163615002163326E+000         -1.2163606683580770E+000         -1.3132712012773564E+000         -9.8999999999999986E+001         -9.8999999999999986E+001         -7.0889980245071582E+000         -9.8999999999999986E+001          8.0000000000000004E-001          7.9999904228870788E-001          2.0285117292824480E+053         -1.3025122595923539E+044          0.0000000000000000E+000         -3.3715262851478006E+026         -1.2549743174840325E+044         -4.7537942108321534E+042          0.0000000000000000E+000          0.0000000000000000E+000                                1                                2          4.8348014474551971E-008          7.7472149051479134E-008          2.9999999999999999E-001          5.9999999999999998E-001          1.0000000000000000E+000          4.7074625621642679E-001          2.0285117292824480E+053         -2.2000225557433600E+018 
                            2290          1.0134040206713614E+005          9.3475045099585316E+002          5.8958497235512459E+002          1.4301126224155459E+001          1.7609758958439471E+001          2.3410129331458569E+002          2.1286999983275496E+002          3.4608357860988515E-001         -1.0000000000000000E+000          1.7367969091297393E+000          1.4104765364368481E+000         -1.2059283380879697E+000         -1.2059275036311237E+000         -1.3028380381745210E+000         -9.8999999999999986E+001         -9.8999999999999986E+001         -7.0772103100020969E+000         -9.8999999999999986E+001          8.0000000000000004E-001          7.9999903929697558E-001          2.0257861451911099E+053         -1.3324783079477249E+044          0.0000000000000000E+000         -3.4051781110062590E+026         -1.2834669060222304E+044         -4.9011401925494541E+042          0.0000000000000000E+000          0.0000000000000000E+000                                1                                2          4.8537784812945018E-008          7.7798360074557496E-008          2.9999999999999999E-001          5.9999999999999998E-001          1.0000000000000000E+000          4.7012658076589031E-001          2.0257861451911099E+053         -2.2605538025714207E+018 
                            2300          1.0134046600493470E+005          9.3088246180023430E+002          5.8790746120021436E+002          1.4355900514417410E+001          1.7596408896176534E+001          2.3319901676376082E+002          2.1249361731286089E+002          3.5166736036589985E-001         -1.0000000000000000E+000          1.7327888296040757E+000          1.4136829961762860E+000         -1.2023254437524824E+000         -1.2023245934240885E+000         -1.2992351378871960E+000         -9.8999999999999986E+001         -9.8999999999999986E+001         -7.0654246087175272E+000         -9.8999999999999986E+001          8.0000000000000004E-001          7.9999902102421638E-001          2.0230795740883543E+053         -1.3426548485590656E+044          0.0000000000000000E+000         -3.4386513913127597E+026         -1.2921490814842874E+044         -5.0505767074778230E+042          0.0000000000000000E+000          0.0000000000000000E+000                                1                                2          4.8728075771130932E-008          7.8121626682914579E-008          2.9999999999999999E-001          5.9999999999999998E-001          1.0000000000000000E+000          4.6951607303759235E-001          2.0230795740883543E+053         -2.3227397339291208E+018 
                            2310          1.0134052915281850E+005          9.2704886464339393E+002          5.8624234075904610E+002          1.4410800941099721E+001          1.7582767665481100E+001          2.3230247405611965E+002          2.1212106973124676E+002          3.5720041621064080E-001         -1.0000000000000000E+000          1.7287710176632058E+000          1.4168972417918360E+000         -1.1859910253257437E+000         -1.1859901836009936E+000         -1.2829007226868276E+000         -9.8999999999999986E+001         -9.8999999999999986E+001         -7.0535067784176722E+000         -9.8999999999999986E+001          8.0000000000000004E-001          7.9999903092950819E-001          2.0203689608772180E+053         -1.3916456921913315E+044          0.0000000000000000E+000         -3.4721485282222698E+026         -1.3396026809339462E+044         -5.2043011257385332E+042          0.0000000000000000E+000          0.0000000000000000E+000                                1                                2          4.8922698502524131E-008          7.8444680685094465E-008          2.9999999999999999E-001          5.9999999999999998E-001          1.0000000000000000E+000          4.6891094740171074E-001          2.0203689608772180E+053         -2.3873625645847608E+018 
                            2320          1.0134058986676141E+005          9.2327571999194390E+002          5.8460096547335559E+002          1.4465471541137095E+001          1.7568902538844377E+001          2.3141760470089045E+002          2.1175506499777484E+002          3.6278497392650083E-001         -1.0000000000000000E+000          1.7247683493238994E+000          1.4200993725724185E+000         -1.1784023217481676E+000         -1.1784014719334295E+000         -1.2753120160755023E+000         -9.8999999999999986E+001         -9.8999999999999986E+001         -7.0417639094490800E+000         -9.8999999999999986E+001          8.0000000000000004E-001          7.9999902161558345E-001          2.0176731336299839E+053         -1.4146944255889752E+044          0.0000000000000000E+000         -3.5056037008416053E+026         -1.3611286688062057E+044         -5.3565756782769439E+042          0.0000000000000000E+000          0.0000000000000000E+000                                1                                2          4.9117461122331470E-008          7.8765260032035641E-008          2.9999999999999999E-001          5.9999999999999998E-001          1.0000000000000000E+000          4.6831208544353609E-001          2.0176731336299839E+053         -2.4527949791476306E+018 
                            2330          1.0134064969889459E+005          9.1956946035556928E+002          5.8298628806582519E+002          1.4519766351613706E+001          1.7554883931936136E+001          2.3054624177467102E+002          2.1139602346456189E+002          3.6836293845441437E-001         -1.0000000000000000E+000          1.7207928853590726E+000          1.4232797398038541E+000         -1.1748680306640980E+000         -1.1748671653341347E+000         -1.2717777191732160E+000         -9.8999999999999986E+001         -9.8999999999999986E+001         -7.0303721273104571E+000         -9.8999999999999986E+001          8.0000000000000004E-001          7.9999900375305566E-001          2.0149973697178786E+053         -1.4253486227279318E+044          0.0000000000000000E+000         -3.5387806611778877E+026         -1.3701800923034005E+044         -5.5168530424531386E+042          0.0000000000000000E+000          0.0000000000000000E+000                                1                                2          4.9314287712269062E-008          7.9082717838749243E-008          2.9999999999999999E-001          5.9999999999999998E-001          1.0000000000000000E+000          4.6772365409566036E-001          2.0149973697178786E+053         -2.5179843741895557E+018 
                            2340          1.0134070799222066E+005          9.1588526283917429E+002          5.8137880149278612E+002          1.4574366310833938E+001          1.7540509764657489E+001          2.2967764493424465E+002          2.1103981368625386E+002          3.7386012713183531E-001         -1.0000000000000000E+000          1.7167933518522032E+000          1.4264793626644636E+000         -1.1574419879711568E+000         -1.1574411326421483E+000         -1.2543516802306378E+000         -9.8999999999999986E+001         -9.8999999999999986E+001         -7.0179946302548153E+000         -9.8999999999999986E+001          8.0000000000000004E-001          7.9999901526705752E-001          2.0123096492494600E+053         -1.4808933599395635E+044          0.0000000000000000E+000         -3.5721452252332515E+026         -1.4241255809272909E+044         -5.6767779012272595E+042          0.0000000000000000E+000          0.0000000000000000E+000                                1                                2          4.9514314534019786E-008          7.9400832306218792E-008          2.9999999999999999E-001          5.9999999999999998E-001          1.0000000000000000E+000          4.6713719542736354E-001          2.0123096492494600E+053         -2.5907799518842916E+018 
                            2350          1.0134076441918057E+005          9.1226979916400842E+002          5.7979894992862251E+002          1.4628562239697738E+001          1.7525974429202936E+001          2.2882291558169553E+002          2.1069091156686582E+002          3.7937663179232078E-001         -1.0000000000000000E+000          1.7128219644442089E+000          1.4296564686664892E+000         -1.1485947317855763E+000         -1.1485938706347583E+000         -1.2455044218618758E+000         -9.8999999999999986E+001         -9.8999999999999986E+001         -7.0062013540795709E+000         -9.8999999999999986E+001          8.0000000000000004E-001          7.9999900856446504E-001          2.0096443458538474E+053         -1.5096968038363990E+044          0.0000000000000000E+000         -3.6052557108152311E+026         -1.4512731556755278E+044         -5.8423648160871204E+042          0.0000000000000000E+000          0.0000000000000000E+000                                1                                2          4.9712439477735092E-008          7.9715509855825430E-008          2.9999999999999999E-001          5.9999999999999998E-001          1.0000000000000000E+000          4.6656033537272190E-001          2.0096443458538474E+053         -2.6620965580585743E+018 
                            2360          1.0134081957570488E+005          9.0870431935445720E+002          5.7823864419148492E+002          1.4682612657322920E+001          1.7511217565048515E+001          2.2797772903641243E+002          2.1034747707430586E+002          3.8483014459434173E-001         -1.0000000000000000E+000          1.7088599647477924E+000          1.4328260644809609E+000         -1.1396524518682543E+000         -1.1396515851361335E+000         -1.2365621398515627E+000         -9.8999999999999986E+001         -9.8999999999999986E+001         -6.9944533981827348E+000         -9.8999999999999986E+001          8.0000000000000004E-001          7.9999900213876540E-001          2.0069883120490784E+053         -1.5393479137265359E+044          0.0000000000000000E+000         -3.6382615083288999E+026         -1.4792819620183506E+044         -6.0065951708185212E+042          0.0000000000000000E+000          0.0000000000000000E+000                                1                                2          4.9913201618934194E-008          8.0028289309873739E-008          2.9999999999999999E-001          5.9999999999999998E-001          1.0000000000000000E+000          4.6599027114407809E-001          2.0069883120490784E+053         -2.7350908700714307E+018 
                            2370          1.0134087377462475E+005          9.0520108257614299E+002          5.7670335490714388E+002          1.4736304219001475E+001          1.7496310900906032E+001          2.2714513756271202E+002          2.1001062464872044E+002          3.9026100214215886E-001         -1.0000000000000000E+000          1.7049234214912934E+000          1.4359752951060980E+000         -1.1388764818100423E+000         -1.1388755931292194E+000         -1.2357861615625771E+000         -9.8999999999999986E+001         -9.8999999999999986E+001         -6.9828165002527420E+000         -9.8999999999999986E+001          8.0000000000000004E-001          7.9999897686943922E-001          2.0043513233731165E+053         -1.5414987291703555E+044          0.0000000000000000E+000         -3.6710520398889928E+026         -1.4797707130356715E+044         -6.1728016134684025E+042          0.0000000000000000E+000          0.0000000000000000E+000                                1                                2          5.0116739720668374E-008          8.0338008389769269E-008          2.9999999999999999E-001          5.9999999999999998E-001          1.0000000000000000E+000          4.6542869741332865E-001          2.0043513233731165E+053         -2.8093681708713692E+018 
                            2380          1.0134092733713701E+005          9.0172118227209739E+002          5.7517608278269165E+002          1.4790232831822616E+001          1.7481083184801829E+001          2.2631586938023858E+002          2.0967667479296333E+002          3.9571657582948538E-001         -1.0000000000000000E+000          1.7009682361998038E+000          1.4391394392998500E+000         -1.1226939425722016E+000         -1.1226930629437453E+000         -1.2196036257193781E+000         -9.8999999999999986E+001         -9.8999999999999986E+001         -6.9710805035542966E+000         -9.8999999999999986E+001          8.0000000000000004E-001          7.9999898729134011E-001          2.0017044145931556E+053         -1.5971697707377898E+044          0.0000000000000000E+000         -3.7039166498245753E+026         -1.5337213987736350E+044         -6.3448371964154843E+042          0.0000000000000000E+000          0.0000000000000000E+000                                1                                2          5.0323622744275079E-008          8.0648046864320271E-008          2.9999999999999999E-001          5.9999999999999998E-001          1.0000000000000000E+000          4.6487059315207502E-001          2.0017044145931556E+053         -2.8863211678791014E+018 
                            2390          1.0134097899787899E+005          8.9830179843091958E+002          5.7367317857352612E+002          1.4843834350253390E+001          1.7465678169113620E+001          2.2549867360471868E+002          2.0934932729683038E+002          4.0112083687303784E-001         -1.0000000000000000E+000          1.6970348993934274E+000          1.4422861047412383E+000         -1.1162876860853674E+000         -1.1162867954861670E+000         -1.2131973651185097E+000         -9.8999999999999986E+001         -9.8999999999999986E+001         -6.9592912110970264E+000         -9.8999999999999986E+001          8.0000000000000004E-001          7.9999897466082981E-001          1.9990761230217152E+053         -1.6195080085905143E+044          0.0000000000000000E+000         -3.7366142675588404E+026         -1.5542793846882148E+044         -6.5228623902299556E+042          0.0000000000000000E+000          0.0000000000000000E+000                                1                                2          5.0529427486041940E-008          8.0955033479233096E-008          2.9999999999999999E-001          5.9999999999999998E-001          1.0000000000000000E+000          4.6431982163811852E-001          1.9990761230217152E+053         -2.9657459560067707E+018 
                            2400          1.0134103004544377E+005          8.9494135462219253E+002          5.7219409392583475E+002          1.4897079409002911E+001          1.7450137668773134E+001          2.2469349591796015E+002          2.0902822101353087E+002          4.0644195759131585E-001         -1.0000000000000000E+000          1.6931269428894120E+000          1.4454124658787997E+000         -1.1145804071645204E+000         -1.1145794958254596E+000         -1.2114900784202050E+000         -9.8999999999999986E+001         -9.8999999999999986E+001         -6.9475862377113193E+000         -9.8999999999999986E+001          8.0000000000000004E-001          7.9999895078323247E-001          1.9964660896908734E+053         -1.6251342821880150E+044          0.0000000000000000E+000         -3.7690313584421517E+026         -1.5581933588714803E+044         -6.6940923316534744E+042          0.0000000000000000E+000          0.0000000000000000E+000                                1                                2          5.0737583215766347E-008          8.1259014113981423E-008          2.9999999999999999E-001          5.9999999999999998E-001          1.0000000000000000E+000          4.6377818007508076E-001          1.9964660896908734E+053         -3.0467647358255872E+018 
                            2410          1.0134108021536190E+005          8.9160048833575570E+002          5.7072152210270656E+002          1.4950611422676785E+001          1.7434252893172069E+001          2.2389074275382680E+002          2.0870976580195719E+002          4.1188759543910003E-001         -1.0000000000000000E+000          1.6891959938658676E+000          1.4485572209934818E+000         -1.0985935363715942E+000         -1.0985926333590044E+000         -1.1955032107497092E+000         -9.8999999999999986E+001         -9.8999999999999986E+001         -6.9355855507890007E+000         -9.8999999999999986E+001          8.0000000000000004E-001          7.9999896036941665E-001          1.9938439311208417E+053         -1.6831060587217313E+044          0.0000000000000000E+000         -3.8015809874097463E+026         -1.6143356876172943E+044         -6.8770371104437085E+042          0.0000000000000000E+000          0.0000000000000000E+000                                1                                2          5.0948957607971673E-008          8.1563495217652894E-008          2.9999999999999999E-001          5.9999999999999998E-001          1.0000000000000000E+000          4.6323861752928491E-001          1.9938439311208417E+053         -3.1321287587184963E+018 
                            2420          1.0134113407153857E+005          8.8800586087829481E+002          5.6913475692060149E+002          1.5008873630888148E+001          1.7416680435953349E+001          2.2302454750190131E+002          2.0836794147999808E+002          4.1768240690930963E-001         -1.0000000000000000E+000          1.6849160496856057E+000          1.4519811718071676E+000         -1.0984049157405658E+000         -1.0984039869404711E+000         -1.1953145804483538E+000         -9.8999999999999986E+001         -9.8999999999999986E+001         -6.9231684716443613E+000         -9.8999999999999986E+001          8.0000000000000004E-001          7.9999893068051731E-001          1.9909914297333072E+053         -1.6832784655430097E+044          0.0000000000000000E+000         -3.8369422248932978E+026         -1.6125700827033520E+044         -7.0708382839657663E+042          0.0000000000000000E+000          0.0000000000000000E+000                                1                                2          5.1183324155111062E-008          8.1893662384732023E-008          2.9999999999999999E-001          5.9999999999999998E-001          1.0000000000000000E+000          4.6265721276894539E-001          1.9909914297333072E+053         -3.2229731415964677E+018 
                            2430          1.0134118211043547E+005          8.8475689143932891E+002          5.6769844237000507E+002          1.5062157979266248E+001          1.7400335678367959E+001          2.2223926526510797E+002          2.0805986470503873E+002          4.2299702251136118E-001         -1.0000000000000000E+000          1.6809994691909025E+000          1.4551144320447322E+000         -1.0826351613305778E+000         -1.0826342405818978E+000         -1.1795448290576505E+000         -9.8999999999999986E+001         -9.8999999999999986E+001         -6.9111798672593583E+000         -9.8999999999999986E+001          8.0000000000000004E-001          7.9999893995003113E-001          1.9883846006897827E+053         -1.7424782613507004E+044          0.0000000000000000E+000         -3.8692890462383316E+026         -1.6698762241945639E+044         -7.2602037156136515E+042          0.0000000000000000E+000          0.0000000000000000E+000                                1                                2          5.1399041708157666E-008          8.2194389068985536E-008          2.9999999999999999E-001          5.9999999999999998E-001          1.0000000000000000E+000          4.6212955181111531E-001          1.9883846006897827E+053         -3.3131819807167734E+018 
                            2440          1.0134122867722082E+005          8.8157178549044477E+002          5.6628837937685046E+002          1.5114983080049287E+001          1.7383874653103696E+001          2.2146718215035844E+002          2.0775868687760754E+002          4.2833324852592231E-001         -1.0000000000000000E+000          1.6771144374173852E+000          1.4582224533208006E+000         -1.0754006923493160E+000         -1.0753997619788351E+000         -1.1723103564682085E+000         -9.8999999999999986E+001         -9.8999999999999986E+001         -6.8994305759813033E+000         -9.8999999999999986E+001          8.0000000000000004E-001          7.9999892887254731E-001          1.9858019204003613E+053         -1.7700600739337583E+044          0.0000000000000000E+000         -3.9012669885369561E+026         -1.6956036138750193E+044         -7.4456460058738972E+042          0.0000000000000000E+000          0.0000000000000000E+000                                1                                2          5.1613991662793072E-008          8.2491356192817523E-008          2.9999999999999999E-001          5.9999999999999998E-001          1.0000000000000000E+000          4.6161182283144891E-001          1.9858019204003613E+053         -3.4040394299318922E+018 
                            2450          1.0134127440326652E+005          8.7843475212967007E+002          5.6489768187469951E+002          1.5167579700562095E+001          1.7367240652726373E+001          2.2070462977350314E+002          2.0746283374313182E+002          4.3358594566393949E-001         -1.0000000000000000E+000          1.6732444654081711E+000          1.4613184267483939E+000         -1.0715215966338387E+000         -1.0715206489567661E+000         -1.1684312542627506E+000         -9.8999999999999986E+001         -9.8999999999999986E+001         -6.8875470203099338E+000         -9.8999999999999986E+001          8.0000000000000004E-001          7.9999890894764025E-001          1.9832313965588640E+053         -1.7848639936175229E+044          0.0000000000000000E+000         -3.9330601845821315E+026         -1.7085008290734460E+044         -7.6363164544076696E+042          0.0000000000000000E+000          0.0000000000000000E+000                                1                                2          5.1830583728191246E-008          8.2785946241452367E-008          2.9999999999999999E-001          5.9999999999999998E-001          1.0000000000000000E+000          4.6110080827255140E-001          1.9832313965588640E+053         -3.4984698676688461E+018 
                            2460          1.0134132404545486E+005          8.7505674709847926E+002          5.6339803817114989E+002          1.5224842812587063E+001          1.7348868407411011E+001          2.1988122485694527E+002          2.0714505212029223E+002          4.3922712173771400E-001         -1.0000000000000000E+000          1.6690298134685515E+000          1.4646901436364212E+000         -1.0690364914639248E+000         -1.0690355227638029E+000         -1.1659461412091823E+000         -9.8999999999999986E+001         -9.8999999999999986E+001         -6.8755329240760092E+000         -9.8999999999999986E+001          8.0000000000000004E-001          7.9999888474401382E-001          1.9804330075708843E+053         -1.7942082373200183E+044          0.0000000000000000E+000         -3.9672704207575308E+026         -1.7158108694329310E+044         -7.8397367887087095E+042          0.0000000000000000E+000          0.0000000000000000E+000                                1                                2          5.2069076629894991E-008          8.3105527050174534E-008          2.9999999999999999E-001          5.9999999999999998E-001          1.0000000000000000E+000          4.6055528296275317E-001          1.9804330075708843E+053         -3.5966007783019407E+018 
                            2470          1.0134136890252143E+005          8.7196191608692413E+002          5.6202210910314056E+002          1.5277928003139884E+001          1.7331562441735141E+001          2.1912445729423627E+002          2.0685489678992039E+002          4.4452592973130123E-001         -1.0000000000000000E+000          1.6651198514754146E+000          1.4678181088959856E+000         -1.0539816268300715E+000         -1.0539806645554453E+000         -1.1508912789848933E+000         -9.8999999999999986E+001         -9.8999999999999986E+001         -6.8633683827921921E+000         -9.8999999999999986E+001          8.0000000000000004E-001          7.9999889214162268E-001          1.9778405275356521E+053         -1.8542573564676994E+044          0.0000000000000000E+000         -3.9995334834823169E+026         -1.7739179251116291E+044         -8.0339431356070337E+042          0.0000000000000000E+000          0.0000000000000000E+000                                1                                2          5.2298046185239797E-008          8.3400491265470449E-008          2.9999999999999999E-001          5.9999999999999998E-001          1.0000000000000000E+000          4.6004404202973331E-001          1.9778405275356521E+053         -3.6987653048305981E+018 
                            2480          1.0134141211712877E+005          8.6895524136789879E+002          5.6068353662029358E+002          1.5330076602400149E+001          1.7314311027740647E+001          2.1838706169148054E+002          2.0657390765269810E+002          4.4972405197414778E-001         -1.0000000000000000E+000          1.6612764718579718E+000          1.4708928082985364E+000         -1.0496609831227481E+000         -1.0496600039954014E+000         -1.1465706289577908E+000         -9.8999999999999986E+001         -9.8999999999999986E+001         -6.8515075843652058E+000         -9.8999999999999986E+001          8.0000000000000004E-001          7.9999887273925430E-001          1.9752949667115283E+053         -1.8715768077900760E+044          0.0000000000000000E+000         -4.0308489542176905E+026         -1.7892967944181204E+044         -8.2280013371955688E+042          0.0000000000000000E+000          0.0000000000000000E+000                                1                                2          5.2521564574320299E-008          8.3689065563322014E-008          2.9999999999999999E-001          5.9999999999999998E-001          1.0000000000000000E+000          4.5955148030375098E-001          1.9752949667115283E+053         -3.8011724559226962E+018 
                            2490          1.0134145936904366E+005          8.6569700868664779E+002          5.5923095273891010E+002          1.5387209823643646E+001          1.7295150473301899E+001          2.1758571083819805E+002          2.0627026788142260E+002          4.5533307134135015E-001         -1.0000000000000000E+000          1.6570641770736596E+000          1.4742626393008722E+000         -1.0485968400901446E+000         -1.0485958345844733E+000         -1.1455064760333014E+000         -9.8999999999999986E+001         -9.8999999999999986E+001         -6.8388980841678588E+000         -9.8999999999999986E+001          8.0000000000000004E-001          7.9999884237015539E-001          1.9725059387991133E+053         -1.8755688320054875E+044          0.0000000000000000E+000         -4.0650221790616735E+026         -1.7911214848138802E+044         -8.4447347191607412E+042          0.0000000000000000E+000          0.0000000000000000E+000                                1                                2          5.2770103890326752E-008          8.4004046954900883E-008          2.9999999999999999E-001          5.9999999999999998E-001          1.0000000000000000E+000          4.5901773961345016E-001          1.9725059387991133E+053         -3.9131552086603039E+018 
                            2500          1.0134150162915495E+005          8.6275638952918678E+002          5.5791810358074179E+002          1.5439376091631285E+001          1.7277392237464472E+001          2.1686017744041393E+002          2.0599722697015173E+002          4.6051815167222271E-001         -1.0000000000000000E+000          1.6532152956773991E+000          1.4773417399793098E+000         -1.0339822890523276E+000         -1.0339812904424976E+000         -1.1308919275814286E+000         -9.8999999999999986E+001         -9.8999999999999986E+001         -6.8272722242048696E+000         -9.8999999999999986E+001          8.0000000000000004E-001          7.9999885030926765E-001          1.9699605480039620E+053         -1.9364119169310540E+044          0.0000000000000000E+000         -4.0962077003152515E+026         -1.8500131330769684E+044         -8.6398783854085340E+042          0.0000000000000000E+000          0.0000000000000000E+000                                1                                2          5.3000461116705241E-008          8.4290366375745324E-008          2.9999999999999999E-001          5.9999999999999998E-001          1.0000000000000000E+000          4.5853392759733480E-001          1.9699605480039620E+053         -4.0193232361657318E+018 
                            2510          1.0134154610858949E+005          8.5965008887503552E+002          5.5652936050639869E+002          1.5495106742872105E+001          1.7258150633940506E+001          2.1609141001122995E+002          2.0570982124440994E+002          4.6597356369285792E-001         -1.0000000000000000E+000          1.6491008050052043E+000          1.4806333277134871E+000         -1.0358227565526528E+000         -1.0358217256303743E+000         -1.1327323829645679E+000         -9.8999999999999986E+001         -9.8999999999999986E+001         -6.8152825874421721E+000         -9.8999999999999986E+001          8.0000000000000004E-001          7.9999881310827359E-001          1.9672419229325314E+053         -1.9282348284050851E+044          0.0000000000000000E+000         -4.1287713668649866E+026         -1.8396917355691644E+044         -8.8543092835920764E+042          0.0000000000000000E+000          0.0000000000000000E+000                                1                                2          5.3239274001634720E-008          8.4594945207993529E-008          2.9999999999999999E-001          5.9999999999999998E-001          1.0000000000000000E+000          4.5803251476339624E-001          1.9672419229325314E+053         -4.1318311980740777E+018 
                            2520          1.0134158775165968E+005          8.5674588438039575E+002          5.5522917372583322E+002          1.5547798561031597E+001          1.7239707193139928E+001          2.1537046770648928E+002          2.0544206182133235E+002          4.7117364718863713E-001         -1.0000000000000000E+000          1.6452083759509806E+000          1.4837472663332938E+000         -1.0214371788900749E+000         -1.0214361529733036E+000         -1.1183468071790579E+000         -9.8999999999999986E+001         -9.8999999999999986E+001         -6.8030108076840810E+000         -9.8999999999999986E+001          8.0000000000000004E-001          7.9999881887106306E-001          1.9646717852392837E+053         -1.9897948535205099E+044          0.0000000000000000E+000         -4.1606606672443642E+026         -1.8991484417039943E+044         -9.0646411816515721E+042          0.0000000000000000E+000          0.0000000000000000E+000                                1                                2          5.3487699294666572E-008          8.4881705873642402E-008          2.9999999999999999E-001          5.9999999999999998E-001          1.0000000000000000E+000          4.5754375653348356E-001          1.9646717852392837E+053         -4.2502487696815365E+018 
                            2530          1.0134162739088762E+005          8.5394377908354033E+002          5.5397299865655225E+002          1.5599216845495002E+001          1.7221453522085028E+001          2.1467262572120677E+002          2.0518478244403840E+002          4.7625590839642029E-001         -1.0000000000000000E+000          1.6414067603001539E+000          1.4867885543312456E+000         -1.0156969066792321E+000         -1.0156958666639953E+000         -1.1126065296812826E+000         -9.8999999999999986E+001         -9.8999999999999986E+001         -6.7913429559621896E+000         -9.8999999999999986E+001          8.0000000000000004E-001          7.9999880263964340E-001          1.9621649963721942E+053         -2.0146971615350570E+044          0.0000000000000000E+000         -4.1910984667526733E+026         -1.9220016076764805E+044         -9.2695553858576668E+042          0.0000000000000000E+000          0.0000000000000000E+000                                1                                2          5.3721942303086862E-008          8.5160234136814381E-008          2.9999999999999999E-001          5.9999999999999998E-001          1.0000000000000000E+000          4.5708052539943400E-001          1.9621649963721942E+053         -4.3659846254348390E+018 
                            2540          1.0134166648073259E+005          8.5118593269555242E+002          5.5273505837006564E+002          1.5650362941320576E+001          1.7203065940455176E+001          2.1398378807511031E+002          2.0493247665745724E+002          4.8124300328032343E-001         -1.0000000000000000E+000          1.6376230330517811E+000          1.4898155315475390E+000         -1.0131788721135508E+000         -1.0131778100676752E+000         -1.1100884868540994E+000         -9.8999999999999986E+001         -9.8999999999999986E+001         -6.7797213356046253E+000         -9.8999999999999986E+001          8.0000000000000004E-001          7.9999877727599422E-001          1.9596715007093046E+053         -2.0254754886140808E+044          0.0000000000000000E+000         -4.2212617473339429E+026         -1.9307805535452540E+044         -9.4694935068826990E+042          0.0000000000000000E+000          0.0000000000000000E+000                                1                                2          5.3958089534880505E-008          8.5436153692217120E-008          2.9999999999999999E-001          5.9999999999999998E-001          1.0000000000000000E+000          4.5662416369729786E-001          1.9596715007093046E+053         -4.4843946150503660E+018 
                            2550          1.0134170522612290E+005          8.4846300938992954E+002          5.5151122072285489E+002          1.5701395686049970E+001          1.7184491979605447E+001          2.1330168329466028E+002          2.0468427287946454E+002          4.8622037106123644E-001         -1.0000000000000000E+000          1.6338455093927691E+000          1.4928375458115080E+000         -1.0086295064147413E+000         -1.0086284274787978E+000         -1.1055391148215046E+000         -9.8999999999999986E+001         -9.8999999999999986E+001         -6.7683195768623774E+000         -9.8999999999999986E+001          8.0000000000000004E-001          7.9999875783063301E-001          1.9571833546606724E+053         -2.0454120848706062E+044          0.0000000000000000E+000         -4.2512484808518589E+026         -1.9487140828118361E+044         -9.6698002058770068E+042          0.0000000000000000E+000          0.0000000000000000E+000                                1                                2          5.4197293007599583E-008          8.5710339003134316E-008          2.9999999999999999E-001          5.9999999999999998E-001          1.0000000000000000E+000          4.5617305660543456E-001          1.9571833546606724E+053         -4.6036847992127237E+018 
                            2560          1.0134174343732769E+005          8.4577514178679030E+002          5.5030157827991616E+002          1.5752314244030989E+001          1.7165725934927742E+001          2.1262630710913768E+002          2.0444024365901325E+002          4.9122456310322060E-001         -1.0000000000000000E+000          1.6300738224163271E+000          1.4958548906704794E+000         -1.0031813907538263E+000         -1.0031802966441701E+000         -1.1000909934704386E+000         -9.8999999999999986E+001         -9.8999999999999986E+001         -6.7568062639785733E+000         -9.8999999999999986E+001          8.0000000000000004E-001          7.9999874036129448E-001          1.9547008965902647E+053         -2.0697225944564975E+044          0.0000000000000000E+000         -4.2810654601204961E+026         -1.9709090631648525E+044         -9.8813531291645192E+042          0.0000000000000000E+000          0.0000000000000000E+000                                1                                2          5.4438823870260260E-008          8.5982725872975282E-008          2.9999999999999999E-001          5.9999999999999998E-001          1.0000000000000000E+000          4.5572698222851243E-001          1.9547008965902647E+053         -4.7273623711650724E+018 
                            2570          1.0134178438446431E+005          8.4291076199770305E+002          5.4901079222643057E+002          1.5807171169208205E+001          1.7145256251930551E+001          2.1190436379294340E+002          2.0418123465212338E+002          4.9642121582948606E-001         -1.0000000000000000E+000          1.6260078713707533E+000          1.4991076463113968E+000         -1.0037270713593285E+000         -1.0037259464361354E+000         -1.1006366625208461E+000         -9.8999999999999986E+001         -9.8999999999999986E+001         -6.7452899092364351E+000         -9.8999999999999986E+001          8.0000000000000004E-001          7.9999870488598956E-001          1.9520259875863388E+053         -2.0669294827295533E+044          0.0000000000000000E+000         -4.3124450421937726E+026         -1.9659080799552190E+044         -1.0102140277433450E+043          0.0000000000000000E+000          0.0000000000000000E+000                                1                                2          5.4695778986439394E-008          8.6274912416681866E-008          2.9999999999999999E-001          5.9999999999999998E-001          1.0000000000000000E+000          4.5526051656866262E-001          1.9520259875863388E+053         -4.8543965307354962E+018 
                            2580          1.0134182261037990E+005          8.4024231294149740E+002          5.4780668904661650E+002          1.5858849097862079E+001          1.7125727388289860E+001          2.1122964076491456E+002          2.0394100222822263E+002          5.0143799089038232E-001         -1.0000000000000000E+000          1.6221747572317364E+000          1.5021741326379996E+000         -9.9237180014098925E-001         -9.9237067292049808E-001         -1.0892813904410186E+000         -9.8999999999999986E+001         -9.8999999999999986E+001         -6.7330486328389361E+000         -9.8999999999999986E+001          8.0000000000000004E-001          7.9999870224113445E-001          1.9495058842667357E+053         -2.1186044783554934E+044          0.0000000000000000E+000         -4.3430795607613784E+026         -2.0154821862439277E+044         -1.0312229211156566E+043          0.0000000000000000E+000          0.0000000000000000E+000                                1                                2          5.4960630072026136E-008          8.6548905055551202E-008          2.9999999999999999E-001          5.9999999999999998E-001          1.0000000000000000E+000          4.5480687267240244E-001          1.9495058842667357E+053         -4.9931719847373261E+018 
                            2590          1.0134185918444251E+005          8.3766622261234818E+002          5.4664274235678113E+002          1.5909300112956760E+001          1.7106415274597772E+001          2.1057608321206413E+002          2.0371023008183965E+002          5.0635289397896444E-001         -1.0000000000000000E+000          1.6184290998277455E+000          1.5051706536632923E+000         -9.8740549870877192E-001         -9.8740435493331014E-001         -1.0843150828006771E+000         -9.8999999999999986E+001         -9.8999999999999986E+001         -6.7217504230456200E+000         -9.8999999999999986E+001          8.0000000000000004E-001          7.9999868318157008E-001          1.9470461843228245E+053         -2.1414493212369142E+044          0.0000000000000000E+000         -4.3722714847416670E+026         -2.0362478595857940E+044         -1.0520146165112016E+043          0.0000000000000000E+000          0.0000000000000000E+000                                1                                2          5.5209469150772859E-008          8.6815070493876671E-008          2.9999999999999999E-001          5.9999999999999998E-001          1.0000000000000000E+000          4.5437717926876103E-001          1.9470461843228245E+053         -5.1247742002479288E+018 
                            2600          1.0134189524046074E+005          8.3512672946483951E+002          5.4549387915974376E+002          1.5959569137625977E+001          1.7086942839955721E+001          2.0992977282572741E+002          2.0348378290402684E+002          5.1117738706546523E-001         -1.0000000000000000E+000          1.6146940492597259E+000          1.5081586891608407E+000         -9.8247084753668434E-001         -9.8246968694627890E-001         -1.0793804253229751E+000         -9.8999999999999986E+001         -9.8999999999999986E+001         -6.7104775625893254E+000         -9.8999999999999986E+001          8.0000000000000004E-001          7.9999866382270224E-001          1.9445951703250562E+053         -2.1643868445551155E+044          0.0000000000000000E+000         -4.4012153204807809E+026         -2.0571030631271115E+044         -1.0728378142800403E+043          0.0000000000000000E+000          0.0000000000000000E+000                                1                                2          5.5460888827619998E-008          8.7079061896428194E-008          2.9999999999999999E-001          5.9999999999999998E-001          1.0000000000000000E+000          4.5395323631389733E-001          1.9445951703250562E+053         -5.2595379778140570E+018 
                            2610          1.0134193081780615E+005          8.3262241385185882E+002          5.4435950441888212E+002          1.6009674024845957E+001          1.7067305279311601E+001          2.0929038435297338E+002          2.0326153235978529E+002          5.1598978563066977E-001         -1.0000000000000000E+000          1.6109682367741816E+000          1.5111393341278401E+000         -9.7784689018092052E-001         -9.7784571138988441E-001         -1.0747564611419633E+000         -9.8999999999999986E+001         -9.8999999999999986E+001         -6.6990957473630566E+000         -9.8999999999999986E+001          8.0000000000000004E-001          7.9999864286850808E-001          1.9421518846777441E+053         -2.1860872447242452E+044          0.0000000000000000E+000         -4.4299335233057984E+026         -2.0767092552045954E+044         -1.0937798951964980E+043          0.0000000000000000E+000          0.0000000000000000E+000                                1                                2          5.5713157872258632E-008          8.7340973479209256E-008          2.9999999999999999E-001          5.9999999999999998E-001          1.0000000000000000E+000          4.5353459377348937E-001          1.9421518846777441E+053         -5.3991999439282401E+018 
                            2620          1.0134196593527614E+005          8.3015243752550248E+002          5.4323928342461136E+002          1.6059621913823012E+001          1.7047501631920031E+001          2.0865773705471213E+002          2.0304340349114611E+002          5.2082063599442430E-001         -1.0000000000000000E+000          1.6072510834155307E+000          1.5141130517274919E+000         -9.7322378211345140E-001         -9.7322258491304559E-001         -1.0701333461709688E+000         -9.8999999999999986E+001         -9.8999999999999986E+001         -6.6877425994677946E+000         -9.8999999999999986E+001          8.0000000000000004E-001          7.9999862167399616E-001          1.9397158974822681E+053         -2.2080824494916196E+044          0.0000000000000000E+000         -4.4584253143307501E+026         -2.0965215596525318E+044         -1.1156088983908797E+043          0.0000000000000000E+000          0.0000000000000000E+000                                1                                2          5.5969823492769766E-008          8.7600841579407352E-008          2.9999999999999999E-001          5.9999999999999998E-001          1.0000000000000000E+000          4.5312115716300061E-001          1.9397158974822681E+053         -5.5422046516670536E+018 
                            2630          1.0134200061078490E+005          8.2771665182994593E+002          5.4213319277803100E+002          1.6109406277761206E+001          1.7027536301572017E+001          2.0803182566199234E+002          2.0282938235468583E+002          5.2559192792562126E-001         -1.0000000000000000E+000          1.6035430273874054E+000          1.5170794913924222E+000         -9.6881559817500362E-001         -9.6881438118319696E-001         -1.0657251548107329E+000         -9.8999999999999986E+001         -9.8999999999999986E+001         -6.6762136065915616E+000         -9.8999999999999986E+001          8.0000000000000004E-001          7.9999859888836700E-001          1.9372874464592210E+053         -2.2291325004735706E+044          0.0000000000000000E+000         -4.4866836270844452E+026         -2.1154993908503537E+044         -1.1363310962321698E+043          0.0000000000000000E+000          0.0000000000000000E+000                                1                                2          5.6227226675251533E-008          8.7858631339183350E-008          2.9999999999999999E-001          5.9999999999999998E-001          1.0000000000000000E+000          4.5271292437078847E-001          1.9372874464592210E+053         -5.6913009519586673E+018 
                            2640          1.0134203485609345E+005          8.2531440708100229E+002          5.4104098006865979E+002          1.6159031390479779E+001          1.7007409064502244E+001          2.0741251269718506E+002          2.0261941330094243E+002          5.3032998478153215E-001         -1.0000000000000000E+000          1.5998436870896413E+000          1.5200389584031582E+000         -9.6444284782596545E-001         -9.6444161188094690E-001         -1.0613523973542278E+000         -9.8999999999999986E+001         -9.8999999999999986E+001         -6.6651293496853103E+000         -9.8999999999999986E+001          8.0000000000000004E-001          7.9999857706773692E-001          1.9348662594881929E+053         -2.2502711764077301E+044          0.0000000000000000E+000         -4.5147079294426021E+026         -2.1344982895310383E+044         -1.1577288687669170E+043          0.0000000000000000E+000          0.0000000000000000E+000                                1                                2          5.6487776995927460E-008          8.8114361681430016E-008          2.9999999999999999E-001          5.9999999999999998E-001          1.0000000000000000E+000          4.5230979977754188E-001          1.9348662594881929E+053         -5.8384263798216694E+018 
                            2650          1.0134206868573836E+005          8.2294541863705581E+002          5.3996255828246740E+002          1.6208493663973606E+001          1.6987123221839784E+001          2.0679975737421105E+002          2.0241346964065528E+002          5.3501304985456322E-001         -1.0000000000000000E+000          1.5961532864671071E+000          1.5229912736001676E+000         -9.6070150201018889E-001         -9.6070024474431870E-001         -1.0576110435431174E+000         -9.8999999999999986E+001         -9.8999999999999986E+001         -6.6539600183376937E+000         -9.8999999999999986E+001          8.0000000000000004E-001          7.9999855252126983E-001          1.9324524304624893E+053         -2.2684349913349930E+044          0.0000000000000000E+000         -4.5424953235849181E+026         -2.1505623977834023E+044         -1.1787259355159076E+043          0.0000000000000000E+000          0.0000000000000000E+000                                1                                2          5.6749147037175837E-008          8.8368013867640288E-008          2.9999999999999999E-001          5.9999999999999998E-001          1.0000000000000000E+000          4.5191172331903701E-001          1.9324524304624893E+053         -5.9905285132523141E+018 
                            2660          1.0134210211409874E+005          8.2060886135195915E+002          5.3889759172123547E+002          1.6257802151004356E+001          1.6966676101155045E+001          2.0619337098557344E+002          2.0221148381409176E+002          5.3970851185319757E-001         -1.0000000000000000E+000          1.5924710681532814E+000          1.5259370428761880E+000         -9.5611882966612427E-001         -9.5611755212969252E-001         -1.0530283635975781E+000         -9.8999999999999986E+001         -9.8999999999999986E+001         -6.6424311683255972E+000         -9.8999999999999986E+001          8.0000000000000004E-001          7.9999852918399161E-001          1.9300454735076449E+053         -2.2909628228392085E+044          0.0000000000000000E+000         -4.5700375377130120E+026         -2.1709726622148442E+044         -1.1999016062436420E+043          0.0000000000000000E+000          0.0000000000000000E+000                                1                                2          5.7014714350324965E-008          8.8619628170502911E-008          2.9999999999999999E-001          5.9999999999999998E-001          1.0000000000000000E+000          4.5151871881292727E-001          1.9300454735076449E+053         -6.1516835913422858E+018 
                            2670          1.0134213515208071E+005          8.1830494290967681E+002          5.3784621583979640E+002          1.6306943096385709E+001          1.6946075262375082E+001          2.0559343970069779E+002          2.0201347110132511E+002          5.4439657043659750E-001         -1.0000000000000000E+000          1.5887980192763893E+000          1.5288754765248931E+000         -9.5246756470928684E-001         -9.5246626463424655E-001         -1.0493770901887469E+000         -9.8999999999999986E+001         -9.8999999999999986E+001         -6.6311847655023435E+000         -9.8999999999999986E+001          8.0000000000000004E-001          7.9999850323553667E-001          1.9276459781883603E+053         -2.3089830536077154E+044          0.0000000000000000E+000         -4.5973346614609594E+026         -2.1869051257249231E+044         -1.2207792788279224E+043          0.0000000000000000E+000          0.0000000000000000E+000                                1                                2          5.7282984877263671E-008          8.8869134662501165E-008          2.9999999999999999E-001          5.9999999999999998E-001          1.0000000000000000E+000          4.5113068216972640E-001          1.9276459781883603E+053         -6.3130669126933156E+018 
                            2680          1.0134217121845699E+005          8.1581125074467161E+002          5.3670680509284568E+002          1.6360712423416295E+001          1.6923289682030106E+001          2.0494188407128738E+002          2.0180039814322384E+002          5.4944112931293188E-001         -1.0000000000000000E+000          1.5847756896201881E+000          1.5320933341363701E+000         -9.5329079515922477E-001         -9.5328945600662296E-001         -1.0502003059845715E+000         -9.8999999999999986E+001         -9.8999999999999986E+001         -6.6191463274210003E+000         -9.8999999999999986E+001          8.0000000000000004E-001          7.9999845824596805E-001          1.9250190300100599E+053         -2.3045347945728254E+044          0.0000000000000000E+000         -4.6269611571010082E+026         -2.1801714142265151E+044         -1.2436338034631020E+043          0.0000000000000000E+000          0.0000000000000000E+000                                1                                2          5.7579196756859228E-008          8.9140781155015689E-008          2.9999999999999999E-001          5.9999999999999998E-001          1.0000000000000000E+000          4.5071115469088741E-001          1.9250190300100599E+053         -6.4905101072020204E+018 
                            2690          1.0134220398450593E+005          8.1356475180382802E+002          5.3567904825803555E+002          1.6409684170012863E+001          1.6902312572170274E+001          2.0435287903691793E+002          2.0160962051451742E+002          5.5402464602107659E-001         -1.0000000000000000E+000          1.5811090476343397E+000          1.5350266420199044E+000         -9.4611325811491498E-001         -9.4611190603069817E-001         -1.0430227640908967E+000         -9.8999999999999986E+001         -9.8999999999999986E+001         -6.6077951101498051E+000         -9.8999999999999986E+001          8.0000000000000004E-001          7.9999844335794212E-001          1.9226251559634364E+053         -2.3405339941504631E+044          0.0000000000000000E+000         -4.6538829415577293E+026         -2.2141131298307647E+044         -1.2642086431969824E+043          0.0000000000000000E+000          0.0000000000000000E+000                                1                                2          5.7857290754366695E-008          8.9386925877985435E-008          2.9999999999999999E-001          5.9999999999999998E-001          1.0000000000000000E+000          4.5033127221734209E-001          1.9226251559634364E+053         -6.6623899418432553E+018 
                            2700          1.0134223851685842E+005          8.1117151510630652E+002          5.3458272837607080E+002          1.6462479250341943E+001          1.6879421987970940E+001          2.0372287345836401E+002          2.0140794941374571E+002          5.5898542693061937E-001         -1.0000000000000000E+000          1.5771508125229674E+000          1.5381932239339893E+000         -9.4035171482893209E-001         -9.4035034523986105E-001         -1.0372612142405806E+000         -9.8999999999999986E+001         -9.8999999999999986E+001         -6.5964470195580889E+000         -9.8999999999999986E+001          8.0000000000000004E-001          7.9999842320479719E-001          1.9200445320734263E+053         -2.3699292924662680E+044          0.0000000000000000E+000         -4.6820819657205517E+026         -2.2411380923942508E+044         -1.2879120007201730E+043          0.0000000000000000E+000          0.0000000000000000E+000                                1                                2          5.8143123746788050E-008          8.9650648244101561E-008          2.9999999999999999E-001          5.9999999999999998E-001          1.0000000000000000E+000          4.4993490928600305E-001          1.9200445320734263E+053         -6.8387722131374684E+018 
                            2710          1.0134227064097454E+005          8.0895838780549013E+002          5.3356763667276505E+002          1.6511847378227937E+001          1.6857785335574277E+001          2.0313815824388442E+002          2.0122272890862209E+002          5.6364393080690856E-001         -1.0000000000000000E+000          1.5734458270469946E+000          1.5411572064145376E+000         -9.3621830414055363E-001         -9.3621691065634027E-001         -1.0331277945915061E+000         -9.8999999999999986E+001         -9.8999999999999986E+001         -6.5848018256919705E+000         -9.8999999999999986E+001          8.0000000000000004E-001          7.9999839569458531E-001          1.9176301714464112E+053         -2.3909403762408242E+044          0.0000000000000000E+000         -4.7093688297216384E+026         -2.2601081902064705E+044         -1.3083218603435375E+043          0.0000000000000000E+000          0.0000000000000000E+000                                1                                2          5.8440739899573957E-008          8.9895912154032873E-008          2.9999999999999999E-001          5.9999999999999998E-001          1.0000000000000000E+000          4.4955223691976237E-001          1.9176301714464112E+053         -7.0246280295655926E+018 
                            2720          1.0134230184597934E+005          8.0681655139711654E+002          5.3258405360663653E+002          1.6560143583202379E+001          1.6836397527658956E+001          2.0257024623724149E+002          2.0104471780121011E+002          5.6808001254802321E-001         -1.0000000000000000E+000          1.5698175814729791E+000          1.5440597969916636E+000         -9.3271900591010592E-001         -9.3271758745131939E-001         -1.0296284869955743E+000         -9.8999999999999986E+001         -9.8999999999999986E+001         -6.5735878461371771E+000         -9.8999999999999986E+001          8.0000000000000004E-001          7.9999836694163851E-001          1.9152671474383490E+053         -2.4089762780222266E+044          0.0000000000000000E+000         -4.7353200227766101E+026         -2.2760241482184824E+044         -1.3295212980374409E+043          0.0000000000000000E+000          0.0000000000000000E+000                                1                                2          5.8720484731633729E-008          9.0134556660373313E-008          2.9999999999999999E-001          5.9999999999999998E-001          1.0000000000000000E+000          4.4918956117874703E-001          1.9152671474383490E+053         -7.2083740049339587E+018 
                            2730          1.0134233272949938E+005          8.0470480402545240E+002          5.3161312700681458E+002          1.6608274410500552E+001          1.6814864315845202E+001          2.0200829320115929E+002          2.0087045879327880E+002          5.7256917890539394E-001         -1.0000000000000000E+000          1.5661979977870011E+000          1.5469554579700786E+000         -9.2936030616340937E-001         -9.2935886271946300E-001         -1.0262697778794236E+000         -9.8999999999999986E+001         -9.8999999999999986E+001         -6.5626459322560153E+000         -9.8999999999999986E+001          8.0000000000000004E-001          7.9999833817650501E-001          1.9129110961327590E+053         -2.4262823228871760E+044          0.0000000000000000E+000         -4.7610007924609570E+026         -2.2913342365287689E+044         -1.3494808635840724E+043          0.0000000000000000E+000          0.0000000000000000E+000                                1                                2          5.9003989719181003E-008          9.0371092359143199E-008          2.9999999999999999E-001          5.9999999999999998E-001          1.0000000000000000E+000          4.4883164538453063E-001          1.9129110961327590E+053         -7.3922939113336279E+018 
                            2740          1.0134236330734630E+005          8.0262269835910240E+002          5.3065468743329973E+002          1.6656240568107595E+001          1.6793187509868076E+001          2.0145221365503778E+002          2.0069990759773296E+002          5.7698366753267194E-001         -1.0000000000000000E+000          1.5625870040878640E+000          1.5498442468645104E+000         -9.2607257409614852E-001         -9.2607110464311149E-001         -1.0229820360587334E+000         -9.8999999999999986E+001         -9.8999999999999986E+001         -6.5516023998442297E+000         -9.8999999999999986E+001          8.0000000000000004E-001          7.9999830823253315E-001          1.9105618931319879E+053         -2.4433735263598768E+044          0.0000000000000000E+000         -4.7864083462191763E+026         -2.3063943294788412E+044         -1.3697919688103572E+043          0.0000000000000000E+000          0.0000000000000000E+000                                1                                2          5.9289347454595605E-008          9.0605526500938473E-008          2.9999999999999999E-001          5.9999999999999998E-001          1.0000000000000000E+000          4.4847844316287716E-001          1.9105618931319879E+053         -7.5826805169094461E+018 
                            2750          1.0134239358075004E+005          8.0056982844335869E+002          5.2970858025832365E+002          1.6704044648018851E+001          1.6771366395346536E+001          2.0090191611243173E+002          2.0053303718583430E+002          5.8144209801682267E-001         -1.0000000000000000E+000          1.5589843026581063E+000          1.5527264018504239E+000         -9.2288749989260932E-001         -9.2288600336169435E-001         -1.0197969517009682E+000         -9.8999999999999986E+001         -9.8999999999999986E+001         -6.5404873301068456E+000         -9.8999999999999986E+001          8.0000000000000004E-001          7.9999827705808058E-001          1.9082193960356147E+053         -2.4600461531699616E+044          0.0000000000000000E+000         -4.8115418784035420E+026         -2.3210284192320409E+044         -1.3901773393792084E+043          0.0000000000000000E+000          0.0000000000000000E+000                                1                                2          5.9577648419098806E-008          9.0837862710654937E-008          2.9999999999999999E-001          5.9999999999999998E-001          1.0000000000000000E+000          4.4812988065337012E-001          1.9082193960356147E+053         -7.7792517795814441E+018 
                            2760          1.0134242356369397E+005          7.9854603169540201E+002          5.2877476562845152E+002          1.6751680912874367E+001          1.6749405788715997E+001          2.0035739100036952E+002          2.0036982565758066E+002          5.8583181288451813E-001         -1.0000000000000000E+000          1.5553903134397080E+000          1.5556015869691955E+000         -9.1986962109615367E-001         -9.1986809645234957E-001         -1.0167790623621562E+000         -9.8999999999999986E+001         -9.8999999999999986E+001         -6.5293867368144625E+000         -9.8999999999999986E+001          8.0000000000000004E-001          7.9999824469203329E-001          1.9058837932808017E+053         -2.4759874876933806E+044          0.0000000000000000E+000         -4.8363941250356884E+026         -2.3348803843950999E+044         -1.4110710329828056E+043          0.0000000000000000E+000          0.0000000000000000E+000                                1                                2          5.9867664886691191E-008          9.1068077831447481E-008          2.9999999999999999E-001          5.9999999999999998E-001          1.0000000000000000E+000          4.4778597701611395E-001          1.9058837932808017E+053         -7.9806528738094479E+018 
                            2770          1.0134245327011775E+005          7.9655072797934952E+002          5.2785300803136454E+002          1.6799155387181990E+001          1.6727303970892020E+001          1.9981850473561815E+002          2.0021022684600143E+002          5.9020006714917583E-001         -1.0000000000000000E+000          1.5518045120467292E+000          1.5584702217265287E+000         -9.1669942519443659E-001         -9.1669787335252717E-001         -1.0136088562611270E+000         -9.8999999999999986E+001         -9.8999999999999986E+001         -6.5185374442167721E+000         -9.8999999999999986E+001          8.0000000000000004E-001          7.9999821337916854E-001          1.9035547477946034E+053         -2.4927752928750590E+044          0.0000000000000000E+000         -4.8609644464231074E+026         -2.3496627503666845E+044         -1.4311254250837469E+043          0.0000000000000000E+000          0.0000000000000000E+000                                1                                2          6.0160783257572051E-008          9.1296196980333059E-008          2.9999999999999999E-001          5.9999999999999998E-001          1.0000000000000000E+000          4.4744666015016593E-001          1.9035547477946034E+053         -8.1825320255697050E+018 
                            2780          1.0134248270044317E+005          7.9458389708666186E+002          5.2694332946623183E+002          1.6846461175230431E+001          1.6705065079478459E+001          1.9928527291480373E+002          2.0005424058430273E+002          5.9450575954539397E-001         -1.0000000000000000E+000          1.5482273436486818E+000          1.5613319499873481E+000         -9.1374677205317667E-001         -9.1374519246272545E-001         -1.0106561927141404E+000         -9.8999999999999986E+001         -9.8999999999999986E+001         -6.5078877538227635E+000         -9.8999999999999986E+001          8.0000000000000004E-001          7.9999818143259427E-001          1.9012325617388297E+053         -2.5083815890285396E+044          0.0000000000000000E+000         -4.8852473669319178E+026         -2.3633786313049024E+044         -1.4500295772363712E+043          0.0000000000000000E+000          0.0000000000000000E+000                                1                                2          6.0458740641990963E-008          9.1522182154792547E-008          2.9999999999999999E-001          5.9999999999999998E-001          1.0000000000000000E+000          4.4711192531153793E-001          1.9012325617388297E+053         -8.3856629808382495E+018 
                            2790          1.0134251186186433E+005          7.9264421728379693E+002          5.2604514845443873E+002          1.6893623291186948E+001          1.6682677996837874E+001          1.9875735532541563E+002          1.9990176537290839E+002          5.9877572350373398E-001         -1.0000000000000000E+000          1.5446568313811331E+000          1.5641883532402590E+000         -9.0974670243191924E-001         -9.0974509681940308E-001         -1.0066561133345864E+000         -9.8999999999999986E+001         -9.8999999999999986E+001         -6.4967914259939139E+000         -9.8999999999999986E+001          8.0000000000000004E-001          7.9999815147369480E-001          1.8989159765614817E+053         -2.5299607691063662E+044          0.0000000000000000E+000         -4.9092476830511711E+026         -2.3829378977534307E+044         -1.4702287135293567E+043          0.0000000000000000E+000          0.0000000000000000E+000                                1                                2          6.0757294920547162E-008          9.1746146102764188E-008          2.9999999999999999E-001          5.9999999999999998E-001          1.0000000000000000E+000          4.4678162861394771E-001          1.8989159765614817E+053         -8.6026792779348941E+018 
                            2800          1.0134254061518093E+005          7.9073098759841275E+002          5.2515814813153156E+002          1.6940669587579180E+001          1.6660119683470985E+001          1.9823447390176295E+002          1.9975283846545156E+002          6.0306081316624682E-001         -1.0000000000000000E+000          1.5410902523195267E+000          1.5670416098562476E+000         -9.0434416071430146E-001         -9.0434253420790300E-001         -1.0012535637817446E+000         -9.8999999999999986E+001         -9.8999999999999986E+001         -6.4857738426737219E+000         -9.8999999999999986E+001          8.0000000000000004E-001          7.9999812741881327E-001          1.8966040228555003E+053         -2.5593759655243229E+044          0.0000000000000000E+000         -4.9329784768142705E+026         -2.4104521402883001E+044         -1.4892382523602275E+043          0.0000000000000000E+000          0.0000000000000000E+000                                1                                2          6.1059294127073298E-008          9.1968132407836818E-008          2.9999999999999999E-001          5.9999999999999998E-001          1.0000000000000000E+000          4.4645550129778011E-001          1.8966040228555003E+053         -8.8237118113161789E+018 
                            2810          1.0134256899246050E+005          7.8884844815668032E+002          5.2428433845534255E+002          1.6987477116532620E+001          1.6637456706773598E+001          1.9771787657557280E+002          1.9960773289340818E+002          6.0731871182275510E-001         -1.0000000000000000E+000          1.5375371944706375E+000          1.5698840494204842E+000         -9.0123195135577050E-001         -9.0123029503424990E-001         -9.9814134324251647E-001         -9.8999999999999986E+001         -9.8999999999999986E+001         -6.4747727498094259E+000         -9.8999999999999986E+001          8.0000000000000004E-001          7.9999809309301506E-001          1.8943024177110428E+053         -2.5762593967252836E+044          0.0000000000000000E+000         -4.9563678293220214E+026         -2.4254876009728450E+044         -1.5077179575243862E+043          0.0000000000000000E+000          0.0000000000000000E+000                                1                                2          6.1360855891711400E-008          9.2187608832040714E-008          2.9999999999999999E-001          5.9999999999999998E-001          1.0000000000000000E+000          4.4613446019981318E-001          1.8943024177110428E+053         -9.0500797899686308E+018 
                            2820          1.0134259713102027E+005          7.8699440134352983E+002          5.2342274678218632E+002          1.7034079308710243E+001          1.6614681780733154E+001          1.9720706195413885E+002          1.9946621173682573E+002          6.1151211557845986E-001         -1.0000000000000000E+000          1.5339954371964830E+000          1.5727174484139592E+000         -9.0002466508066259E-001         -9.0002297314902879E-001         -9.9693404361358395E-001         -9.8999999999999986E+001         -9.8999999999999986E+001         -6.4643272799613696E+000         -9.8999999999999986E+001          8.0000000000000004E-001          7.9999805209551522E-001          1.8920091773952335E+053         -2.5826367826188793E+044          0.0000000000000000E+000         -4.9794441552228737E+026         -2.4299608024912231E+044         -1.5267598012765611E+043          0.0000000000000000E+000          0.0000000000000000E+000                                1                                2          6.1667003998587751E-008          9.2404789719319227E-008          2.9999999999999999E-001          5.9999999999999998E-001          1.0000000000000000E+000          4.4581804702904038E-001          1.8920091773952335E+053         -9.2703872882404516E+018 
                            2830          1.0134262809137048E+005          7.8498389080898005E+002          5.2248732880758109E+002          1.7085169504752955E+001          1.6589484903360560E+001          1.9665093416502216E+002          1.9931424032487010E+002          6.1605854438888563E-001         -1.0000000000000000E+000          1.5301083348154372E+000          1.5758271226167706E+000         -9.0248308874718675E-001         -9.0248134063345453E-001         -9.9939244621176904E-001         -9.8999999999999986E+001         -9.8999999999999986E+001         -6.4525988015818987E+000         -9.8999999999999986E+001          8.0000000000000004E-001          7.9999798741374017E-001          1.8894923980579907E+053         -2.5684768223087976E+044          0.0000000000000000E+000         -5.0044979054662543E+026         -2.4137805546367559E+044         -1.5469626767204154E+043          0.0000000000000000E+000          0.0000000000000000E+000                                1                                2          6.2010476653385880E-008          9.2641458019584708E-008          2.9999999999999999E-001          5.9999999999999998E-001          1.0000000000000000E+000          4.4547484213556177E-001          1.8894923980579907E+053         -9.5241528447298294E+018 
                            2840          1.0134265910468280E+005          7.8300167389348871E+002          5.2156392364204055E+002          1.7136120456422525E+001          1.6564118673251158E+001          1.9610032542696621E+002          1.9916598282761552E+002          6.2058191923529971E-001         -1.0000000000000000E+000          1.5262273400370185E+000          1.5789319105153654E+000         -9.0186237303065642E-001         -9.0186058058947649E-001         -9.9877171387240338E-001         -9.8999999999999986E+001         -9.8999999999999986E+001         -6.4411028351355233E+000         -9.8999999999999986E+001          8.0000000000000004E-001          7.9999793638008809E-001          1.8869795469231111E+053         -2.5714324082555339E+044          0.0000000000000000E+000         -5.0292195003216529E+026         -2.4147935053226659E+044         -1.5663890293286783E+043          0.0000000000000000E+000          0.0000000000000000E+000                                1                                2          6.2357189366293592E-008          9.2875985570782749E-008          2.9999999999999999E-001          5.9999999999999998E-001          1.0000000000000000E+000          4.4513644770052696E-001          1.8869795469231111E+053         -9.7796277195760558E+018 
                            2850          1.0134268695608209E+005          7.8122186449018943E+002          5.2073375406773289E+002          1.7182429429760838E+001          1.6540824232380142E+001          1.9560358842002694E+002          1.9903454112582435E+002          6.2469150364335169E-001         -1.0000000000000000E+000          1.5226942752931134E+000          1.5817583550103376E+000         -8.9138491589088453E-001         -8.9138312232184891E-001         -9.8829425630968448E-001         -9.8999999999999986E+001         -9.8999999999999986E+001         -6.4303521927742553E+000         -9.8999999999999986E+001          8.0000000000000004E-001          7.9999793508160155E-001          1.8846943439438564E+053         -2.6298296226959064E+044          0.0000000000000000E+000         -5.0514568711167058E+026         -2.4715058955133766E+044         -1.5832372718252979E+043          0.0000000000000000E+000          0.0000000000000000E+000                                1                                2          6.2675803775836703E-008          9.3087579178147335E-008          2.9999999999999999E-001          5.9999999999999998E-001          1.0000000000000000E+000          4.4483217142576187E-001          1.8846943439438564E+053         -1.0024736481118872E+019 
                            2860          1.0134271417570020E+005          7.7947601029298664E+002          5.1991842078983814E+002          1.7228399604504226E+001          1.6517466615237488E+001          1.9511401262293410E+002          1.9890728278978591E+002          6.2884445894418051E-001         -1.0000000000000000E+000          1.5191812525344259E+000          1.5845687659019994E+000         -8.8816090555539928E-001         -8.8815908100048457E-001         -9.8507023435446439E-001         -9.8999999999999986E+001         -9.8999999999999986E+001         -6.4196893254634588E+000         -9.8999999999999986E+001          8.0000000000000004E-001          7.9999789940793864E-001          1.8824248500056747E+053         -2.6478415040512756E+044          0.0000000000000000E+000         -5.0732871670161990E+026         -2.4876867685524753E+044         -1.6015473549880034E+043          0.0000000000000000E+000          0.0000000000000000E+000                                1                                2          6.2992758269158625E-008          9.3296074806838369E-008          2.9999999999999999E-001          5.9999999999999998E-001          1.0000000000000000E+000          4.4453347906466706E-001          1.8824248500056747E+053         -1.0273911787404859E+019 
                            2870          1.0134274115482089E+005          7.7775818147149675E+002          5.1911523391358969E+002          1.7274138144863638E+001          1.6494015469447042E+001          1.9463019846900002E+002          1.9878356923078726E+002          6.3281095045279379E-001         -1.0000000000000000E+000          1.5156811710774465E+000          1.5873688236354164E+000         -8.8617566062580932E-001         -8.8617379952728470E-001         -9.8308497572098430E-001         -9.8999999999999986E+001         -9.8999999999999986E+001         -6.4090916365338169E+000         -9.8999999999999986E+001          8.0000000000000004E-001          7.9999785733573148E-001          1.8801648598465037E+053         -2.6586485228910077E+044          0.0000000000000000E+000         -5.0947597551870626E+026         -2.4968697880316003E+044         -1.6177873485940731E+043          0.0000000000000000E+000          0.0000000000000000E+000                                1                                2          6.3311707394381426E-008          9.3502137166647743E-008          2.9999999999999999E-001          5.9999999999999998E-001          1.0000000000000000E+000          4.4423966066100434E-001          1.8801648598465037E+053         -1.0527700503396303E+019 
                            2880          1.0134277076113736E+005          7.7589790209073431E+002          5.1824439830579456E+002          1.7324230768984187E+001          1.6468101603371053E+001          1.9410397090475860E+002          1.9865123465208930E+002          6.3722345911013267E-001         -1.0000000000000000E+000          1.5118429943088512E+000          1.5904393566843873E+000         -8.8832406529590113E-001         -8.8832214467573078E-001         -9.8523335807039825E-001         -9.8999999999999986E+001         -9.8999999999999986E+001         -6.3975678907674531E+000         -9.8999999999999986E+001          8.0000000000000004E-001          7.9999778880920269E-001          1.8776869251862965E+053         -2.6457939615415710E+044          0.0000000000000000E+000         -5.1179907876558052E+026         -2.4821566235355356E+044         -1.6363733800603558E+043          0.0000000000000000E+000          0.0000000000000000E+000                                1                                2          6.3666196589765356E-008          9.3726316272377549E-008          2.9999999999999999E-001          5.9999999999999998E-001          1.0000000000000000E+000          4.4392169647119456E-001          1.8776869251862965E+053         -1.0810785916874109E+019 
                            2890          1.0134280039888546E+005          7.7407023418767460E+002          5.1738777373559674E+002          1.7374013620419419E+001          1.6442117863943878E+001          1.9358466831006041E+002          1.9852286266358027E+002          6.4154649714459178E-001         -1.0000000000000000E+000          1.5080238553582883E+000          1.5934946592474892E+000         -8.9000790430343135E-001         -8.9000592512310417E-001         -9.8691717511780808E-001         -9.8999999999999986E+001         -9.8999999999999986E+001         -6.3862078205108554E+000         -9.8999999999999986E+001          8.0000000000000004E-001          7.9999772138963321E-001          1.8752209436031105E+053         -2.6355788328596547E+044          0.0000000000000000E+000         -5.1407453014757872E+026         -2.4702081427841422E+044         -1.6537069007551268E+043          0.0000000000000000E+000          0.0000000000000000E+000                                1                                2          6.4024531464266420E-008          9.3947614770055630E-008          2.9999999999999999E-001          5.9999999999999998E-001          1.0000000000000000E+000          4.4361009774254306E-001          1.8752209436031105E+053         -1.1097300274330356E+019 
                            2900          1.0134282743620945E+005          7.7242166888127531E+002          5.1661415072169666E+002          1.7419442902869715E+001          1.6418190308151072E+001          1.9311407172128077E+002          1.9840866508130310E+002          6.4547490994425172E-001         -1.0000000000000000E+000          1.5045337387442581E+000          1.5962867444949309E+000         -8.8821305293587671E-001         -8.8821103337369278E-001         -9.8512230860701355E-001         -9.8999999999999986E+001         -9.8999999999999986E+001         -6.3756410844665794E+000         -9.8999999999999986E+001          8.0000000000000004E-001          7.9999767489851681E-001          1.8729682020560089E+053         -2.6451885402016241E+044          0.0000000000000000E+000         -5.1614604222824812E+026         -2.4782935214374450E+044         -1.6689501876417934E+043          0.0000000000000000E+000          0.0000000000000000E+000                                1                                2          6.4362857043207643E-008          9.4148125429671380E-008          2.9999999999999999E-001          5.9999999999999998E-001          1.0000000000000000E+000          4.4332625328355157E-001          1.8729682020560089E+053         -1.1370618105311502E+019 
                            2910          1.0134285416489473E+005          7.7080532538030934E+002          5.1585475192899810E+002          1.7464493355280695E+001          1.6394251774179818E+001          1.9265052898665760E+002          1.9829828548741108E+002          6.4937734604602504E-001         -1.0000000000000000E+000          1.5010676436398562E+000          1.5990596124345935E+000         -8.8644818616865195E-001         -8.8644612681532797E-001         -9.8335742691806749E-001         -9.8999999999999986E+001         -9.8999999999999986E+001         -6.3654025627089652E+000         -9.8999999999999986E+001          8.0000000000000004E-001          7.9999762908748884E-001          1.8707321246042585E+053         -2.6545731067439979E+044          0.0000000000000000E+000         -5.1816430151134547E+026         -2.4862756094922158E+044         -1.6829749725178196E+043          0.0000000000000000E+000          0.0000000000000000E+000                                1                                2          6.4697934198533485E-008          9.4345549741174788E-008          2.9999999999999999E-001          5.9999999999999998E-001          1.0000000000000000E+000          4.4304939478953959E-001          1.8707321246042585E+053         -1.1641865976123054E+019 
                            2920          1.0134288070397849E+005          7.6921162555545391E+002          5.1510509872240016E+002          1.7509428749601398E+001          1.6370160673037169E+001          1.9219128657562953E+002          1.9819109125570964E+002          6.5324799429051061E-001         -1.0000000000000000E+000          1.4976050597728949E+000          1.6018296712460438E+000         -8.8116819714232897E-001         -8.8116611274468826E-001         -9.7807742850009771E-001         -9.8999999999999986E+001         -9.8999999999999986E+001         -6.3548728532804688E+000         -9.8999999999999986E+001          8.0000000000000004E-001          7.9999760025429112E-001          1.8684997258510160E+053         -2.6844122195975749E+044          0.0000000000000000E+000         -5.2015067730258584E+026         -2.5145758415678225E+044         -1.6983637802975257E+043          0.0000000000000000E+000          0.0000000000000000E+000                                1                                2          6.5036050302970884E-008          9.4541020637743500E-008          2.9999999999999999E-001          5.9999999999999998E-001          1.0000000000000000E+000          4.4277654992842913E-001          1.8684997258510160E+053         -1.1927579082208438E+019 
                            2930          1.0134290673501852E+005          7.6764127219741601E+002          5.1436548780117585E+002          1.7554271292720596E+001          1.6345879804617272E+001          1.9173628181383097E+002          1.9808737109609032E+002          6.5715906134215740E-001         -1.0000000000000000E+000          1.4941428660124445E+000          1.6045994179314014E+000         -8.7445368405993162E-001         -8.7445158035832737E-001         -9.7136290817869220E-001         -9.8999999999999986E+001         -9.8999999999999986E+001         -6.3441547653774846E+000         -9.8999999999999986E+001          8.0000000000000004E-001          7.9999757802988913E-001          1.8662708227102638E+053         -2.7229203549795559E+044          0.0000000000000000E+000         -5.2210698199113623E+026         -2.5516325616949179E+044         -1.7128779328463778E+043          0.0000000000000000E+000          0.0000000000000000E+000                                1                                2          6.5374172274547759E-008          9.4734421923745001E-008          2.9999999999999999E-001          5.9999999999999998E-001          1.0000000000000000E+000          4.4250736167648475E-001          1.8662708227102638E+053         -1.2225605919203873E+019 
                            2940          1.0134293518321529E+005          7.6594704415489866E+002          5.1356655562767196E+002          1.7603225233536115E+001          1.6319139443278544E+001          1.9124296011739023E+002          1.9797729398815545E+002          6.6126507143475710E-001         -1.0000000000000000E+000          1.4903575613621141E+000          1.6076276523249211E+000         -8.7732087245637691E-001         -8.7731870157023306E-001         -9.7423007138085760E-001         -9.8999999999999986E+001         -9.8999999999999986E+001         -6.3333690116236010E+000         -9.8999999999999986E+001          8.0000000000000004E-001          7.9999750068121001E-001          1.8638345963161415E+053         -2.7052747528698146E+044          0.0000000000000000E+000         -5.2421153437501134E+026         -2.5325620068365619E+044         -1.7271274603325284E+043          0.0000000000000000E+000          0.0000000000000000E+000                                1                                2          6.5752449457787618E-008          9.4943968674319603E-008          2.9999999999999999E-001          5.9999999999999998E-001          1.0000000000000000E+000          4.4221721504034361E-001          1.8638345963161415E+053         -1.2533031937292366E+019 
                            2950          1.0134296373207250E+005          7.6427918106591005E+002          5.1277907029697781E+002          1.7651996794248625E+001          1.6292266720455331E+001          1.9075489327198781E+002          1.9787075252817453E+002          6.6538845447810890E-001         -1.0000000000000000E+000          1.4865809443420968E+000          1.6106489363429972E+000         -8.7870799087261797E-001         -8.7870575496264569E-001         -9.7561716541308563E-001         -9.8999999999999986E+001         -9.8999999999999986E+001         -6.3219388312868849E+000         -9.8999999999999986E+001          8.0000000000000004E-001          7.9999742582014088E-001          1.8614038410639620E+053         -2.6963583071405636E+044          0.0000000000000000E+000         -5.2627826022717673E+026         -2.5222414020621356E+044         -1.7411690507842791E+043          0.0000000000000000E+000          0.0000000000000000E+000                                1                                2          6.6133755317174346E-008          9.5151161994243810E-008          2.9999999999999999E-001          5.9999999999999998E-001          1.0000000000000000E+000          4.4193166185619698E-001          1.8614038410639620E+053         -1.2867267411683453E+019 
                            2960          1.0134298956593944E+005          7.6278494986554017E+002          5.1207267433183404E+002          1.7696233831080413E+001          1.6267670967955297E+001          1.9031529432256872E+002          1.9777710075547640E+002          6.6909923263065230E-001         -1.0000000000000000E+000          1.4831496212650346E+000          1.6133939859052437E+000         -8.7330023248221522E-001         -8.7329797374659124E-001         -9.7020939846303600E-001         -9.8999999999999986E+001         -9.8999999999999986E+001         -6.3121199729398123E+000         -9.8999999999999986E+001          8.0000000000000004E-001          7.9999739954127402E-001          1.8591966510736458E+053         -2.7270323290043290E+044          0.0000000000000000E+000         -5.2812646887061957E+026         -2.5517995226742365E+044         -1.7523280633009258E+043          0.0000000000000000E+000          0.0000000000000000E+000                                1                                2          6.6486336132354224E-008          9.5337555072697056E-008          2.9999999999999999E-001          5.9999999999999998E-001          1.0000000000000000E+000          4.4167565561219913E-001          1.8591966510736458E+053         -1.3161493845916426E+019 
                            2970          1.0134301489467613E+005          7.6131481591880947E+002          5.1137676533191740E+002          1.7740332161423638E+001          1.6242912274495218E+001          1.8988021057625821E+002          1.9768697790749763E+002          6.7280335800618074E-001         -1.0000000000000000E+000          1.4797218921997064E+000          1.6161361602236992E+000         -8.6709961410991265E-001         -8.6709733353251106E-001         -9.6400877190004008E-001         -9.8999999999999986E+001         -9.8999999999999986E+001         -6.3017399285692486E+000         -9.8999999999999986E+001          8.0000000000000004E-001          7.9999737439512975E-001          1.8569950740475693E+053         -2.7629647852697483E+044          0.0000000000000000E+000         -5.2993992263276828E+026         -2.5864448654792224E+044         -1.7651991979052589E+043          0.0000000000000000E+000          0.0000000000000000E+000                                1                                2          6.6835550346463990E-008          9.5521656279162521E-008          2.9999999999999999E-001          5.9999999999999998E-001          1.0000000000000000E+000          4.4142369441271667E-001          1.8569950740475693E+053         -1.3479855273216305E+019 
                            2980          1.0134304259948446E+005          7.5972912232514238E+002          5.1062521966342240E+002          1.7788476737562874E+001          1.6215649173301841E+001          1.8940842981938545E+002          1.9759170525542243E+002          6.7687434813393055E-001         -1.0000000000000000E+000          1.4759735860940819E+000          1.6191347950916293E+000         -8.6991004711982933E-001         -8.6990769117640399E-001         -9.6681917664760353E-001         -9.8999999999999986E+001         -9.8999999999999986E+001         -6.2904302831492256E+000         -9.8999999999999986E+001          8.0000000000000004E-001          7.9999728762725142E-001          1.8545883189101002E+053         -2.7452564904691202E+044          0.0000000000000000E+000         -5.3188713386104700E+026         -2.5675601014600502E+044         -1.7769638900907018E+043          0.0000000000000000E+000          0.0000000000000000E+000                                1                                2          6.7223794133180103E-008          9.5721027441814231E-008          2.9999999999999999E-001          5.9999999999999998E-001          1.0000000000000000E+000          4.4115227099791832E-001          1.8545883189101002E+053         -1.3835500514089175E+019 
                            2990          1.0134307040163373E+005          7.5816993880186180E+002          5.0988530013212863E+002          1.7836399246541578E+001          1.6188281584434911E+001          1.8894205222661378E+002          1.9749994972921601E+002          6.8081894768455176E-001         -1.0000000000000000E+000          1.4722368060195754E+000          1.6221242088392411E+000         -8.7184559140626727E-001         -8.7184316429360886E-001         -9.6875469424548721E-001         -9.8999999999999986E+001         -9.8999999999999986E+001         -6.2794407138571557E+000         -9.8999999999999986E+001          8.0000000000000004E-001          7.9999720569109523E-001          1.8521888315517886E+053         -2.7327784866189361E+044          0.0000000000000000E+000         -5.3379294256434244E+026         -2.5539816737510603E+044         -1.7879681286787570E+043          0.0000000000000000E+000          0.0000000000000000E+000                                1                                2          6.7615575265896740E-008          9.5917878624089567E-008          2.9999999999999999E-001          5.9999999999999998E-001          1.0000000000000000E+000          4.4088566938366880E-001          1.8521888315517886E+053         -1.4190066937565950E+019 
                            3000          1.0134309563696843E+005          7.5677272782174623E+002          5.0922139911345676E+002          1.7879885383231247E+001          1.6163230429650955E+001          1.8852175187714451E+002          1.9741959109544163E+002          6.8443034435262196E-001         -1.0000000000000000E+000          1.4688399694400194E+000          1.6248416685143789E+000         -8.6852490638885038E-001         -8.6852244231051168E-001         -9.6543399536589136E-001         -9.8999999999999986E+001         -9.8999999999999986E+001         -6.2695554346866418E+000         -9.8999999999999986E+001          8.0000000000000004E-001          7.9999716313302238E-001          1.8500087046961725E+053         -2.7513489559821200E+044          0.0000000000000000E+000         -5.3549765082944604E+026         -2.5716230041215120E+044         -1.7972595186060794E+043          0.0000000000000000E+000          0.0000000000000000E+000                                1                                2          6.7980793589769052E-008          9.6094969457672754E-008          2.9999999999999999E-001          5.9999999999999998E-001          1.0000000000000000E+000          4.4064629428766261E-001          1.8500087046961725E+053         -1.4516760883268123E+019 
                            3010          1.0134312044221049E+005          7.5539705619681069E+002          5.0856685754560954E+002          1.7923285564171568E+001          1.6137989046672811E+001          1.8810527213631167E+002          1.9734260206752865E+002          6.8802341171781967E-001         -1.0000000000000000E+000          1.4654423426287368E+000          1.6275597603146599E+000         -8.6009406831649560E-001         -8.6009159417076098E-001         -9.5700315351824972E-001         -9.8999999999999986E+001         -9.8999999999999986E+001         -6.2593538252345997E+000         -9.8999999999999986E+001          8.0000000000000004E-001          7.9999715154257067E-001          1.8478313390888373E+053         -2.8008335092736409E+044          0.0000000000000000E+000         -5.3716649394515209E+026         -2.6200565832559021E+044         -1.8077692601773890E+043          0.0000000000000000E+000          0.0000000000000000E+000                                1                                2          6.8343545243919387E-008          9.6269970302192224E-008          2.9999999999999999E-001          5.9999999999999998E-001          1.0000000000000000E+000          4.4041088073077883E-001          1.8478313390888373E+053         -1.4861797268633776E+019 
                            3020          1.0134314742486688E+005          7.5391687168079045E+002          5.0786166646516415E+002          1.7970592024684962E+001          1.6110233054790431E+001          1.8765444772692319E+002          1.9726192029512131E+002          6.9186952782732825E-001         -1.0000000000000000E+000          1.4617319041481771E+000          1.6305281003431458E+000         -8.6282484079556721E-001         -8.6282228716457410E-001         -9.5973389619024152E-001         -9.8999999999999986E+001         -9.8999999999999986E+001         -6.2483516945821176E+000         -9.8999999999999986E+001          8.0000000000000004E-001          7.9999706003231463E-001          1.8454549926351606E+053         -2.7832551976842185E+044          0.0000000000000000E+000         -5.3895003175578513E+026         -2.6015155212543997E+044         -1.8173967642981880E+043          0.0000000000000000E+000          0.0000000000000000E+000                                1                                2          6.8743843145626771E-008          9.6458979627691668E-008          2.9999999999999999E-001          5.9999999999999998E-001          1.0000000000000000E+000          4.4015804268264758E-001          1.8454549926351606E+053         -1.5243105778515466E+019 
                            3030          1.0134317451005848E+005          7.5246242078784712E+002          5.0716783306486622E+002          1.8017668249278081E+001          1.6082381656592755E+001          1.8720888136535447E+002          1.9718469291333156E+002          6.9570652863438254E-001         -1.0000000000000000E+000          1.4580333203490021E+000          1.6334869563098902E+000         -8.6604362616349473E-001         -8.6604098845698296E-001         -9.6295265002973185E-001         -9.8999999999999986E+001         -9.8999999999999986E+001         -6.2375021071037597E+000         -9.8999999999999986E+001          8.0000000000000004E-001          7.9999696323737512E-001          1.8430862098408267E+053         -2.7627084967063519E+044          0.0000000000000000E+000         -5.4069209450714608E+026         -2.5802326917794613E+044         -1.8247580492689050E+043          0.0000000000000000E+000          0.0000000000000000E+000                                1                                2          6.9147961666478910E-008          9.6645427276339698E-008          2.9999999999999999E-001          5.9999999999999998E-001          1.0000000000000000E+000          4.3990980512911571E-001          1.8430862098408267E+053         -1.5628707056840184E+019 
                            3040          1.0134319920040615E+005          7.5115856421970091E+002          5.0654503696655649E+002          1.8060408406508554E+001          1.6056885019918575E+001          1.8680706556824171E+002          1.9711737572634340E+002          6.9912497578874355E-001         -1.0000000000000000E+000          1.4546693960647279E+000          1.6361780853999890E+000         -8.6515190080547300E-001         -8.6514920765453551E-001         -9.6206090387997067E-001         -9.8999999999999986E+001         -9.8999999999999986E+001         -6.2275761314138389E+000         -9.8999999999999986E+001          8.0000000000000004E-001          7.9999689940501284E-001          1.8409324255533831E+053         -2.7668283752773728E+044          0.0000000000000000E+000         -5.4225095667031089E+026         -2.5836618831327724E+044         -1.8316649214460050E+043          0.0000000000000000E+000          0.0000000000000000E+000                                1                                2          6.9523798847765157E-008          9.6813183834193036E-008          2.9999999999999999E-001          5.9999999999999998E-001          1.0000000000000000E+000          4.3968652109763295E-001          1.8409324255533831E+053         -1.5990020722151569E+019 
                            3050          1.0134322372563605E+005          7.4987894777472343E+002          5.0593303890667516E+002          1.8102888575595703E+001          1.6031333444605842E+001          1.8641031513437741E+002          1.9705325828369374E+002          7.0253691872321367E-001         -1.0000000000000000E+000          1.4513196208614136E+000          1.6388578950598913E+000         -8.6406860294778431E-001         -8.6406585501315825E-001         -9.6097758547831835E-001         -9.8999999999999986E+001         -9.8999999999999986E+001         -6.2177471037012708E+000         -9.8999999999999986E+001          8.0000000000000004E-001          7.9999683633335550E-001          1.8387890113703790E+053         -2.7719716018637551E+044          0.0000000000000000E+000         -5.4376696865905960E+026         -2.5882671099824435E+044         -1.8370449188131160E+043          0.0000000000000000E+000          0.0000000000000000E+000                                1                                2          6.9901393209325434E-008          9.6978388821601327E-008          2.9999999999999999E-001          5.9999999999999998E-001          1.0000000000000000E+000          4.3946806835401997E-001          1.8387890113703790E+053         -1.6356035868294009E+019 
                            3060          1.0134324812993160E+005          7.4862101319408498E+002          5.0533063531766300E+002          1.8145186470792275E+001          1.6005681321961038E+001          1.8601785771746864E+002          1.9699220527998420E+002          7.0593952018631800E-001         -1.0000000000000000E+000          1.4479778109362149E+000          1.6415313323124507E+000         -8.6310035215140368E-001         -8.6309754875634892E-001         -9.6000931388419386E-001         -9.8999999999999986E+001         -9.8999999999999986E+001         -6.2081009188272889E+000         -9.8999999999999986E+001          8.0000000000000004E-001          7.9999677248258549E-001          1.8366520330899825E+053         -2.7765268248635137E+044          0.0000000000000000E+000         -5.4524688574004839E+026         -2.5922171342942780E+044         -1.8430969056923555E+043          0.0000000000000000E+000          0.0000000000000000E+000                                1                                2          7.0279873570482970E-008          9.7141345066113876E-008          2.9999999999999999E-001          5.9999999999999998E-001          1.0000000000000000E+000          4.3925347667561421E-001          1.8366520330899825E+053         -1.6723386967450411E+019 
                            3070          1.0134327240136983E+005          7.4738297500167312E+002          5.0473697537963358E+002          1.8187367869131144E+001          1.5979884027996890E+001          1.8562908634234796E+002          1.9693418347977428E+002          7.0929232341731152E-001         -1.0000000000000000E+000          1.4446384273110005E+000          1.6442028283406609E+000         -8.5832285577267953E-001         -8.5832001968867533E-001         -9.5523180524706397E-001         -9.8999999999999986E+001         -9.8999999999999986E+001         -6.1982886186023380E+000         -9.8999999999999986E+001          8.0000000000000004E-001          7.9999673484828604E-001          1.8345183014308942E+053         -2.8037492768237524E+044          0.0000000000000000E+000         -5.4669155539089698E+026         -2.6190659948291469E+044         -1.8468328199460541E+043          0.0000000000000000E+000          0.0000000000000000E+000                                1                                2          7.0663093614669782E-008          9.7302259482519789E-008          2.9999999999999999E-001          5.9999999999999998E-001          1.0000000000000000E+000          4.3904255473581288E-001          1.8345183014308942E+053         -1.7105530173819976E+019 
                            3080          1.0134329624747369E+005          7.4616614228963101E+002          5.0415263598184981E+002          1.8229442499704106E+001          1.5953908363510617E+001          1.8524408590771935E+002          1.9687954732295273E+002          7.1268423635126665E-001         -1.0000000000000000E+000          1.4412991732189857E+000          1.6468742206868874E+000         -8.5144185374485903E-001         -8.5143899708232351E-001         -9.4835079550226264E-001         -9.8999999999999986E+001         -9.8999999999999986E+001         -6.1882677575315785E+000         -9.8999999999999986E+001          8.0000000000000004E-001          7.9999671115653137E-001          1.8323881754121686E+053         -2.8442348911658579E+044          0.0000000000000000E+000         -5.4810025508382479E+026         -2.6590620354243962E+044         -1.8517285574146196E+043          0.0000000000000000E+000          0.0000000000000000E+000                                1                                2          7.1044312348400286E-008          9.7460938046962049E-008          2.9999999999999999E-001          5.9999999999999998E-001          1.0000000000000000E+000          4.3883526465612577E-001          1.8323881754121686E+053         -1.7504809968611561E+019 
                            3090          1.0134331977577419E+005          7.4497563524746022E+002          5.0358014776631143E+002          1.8271180011060295E+001          1.5927918719181095E+001          1.8486475978377842E+002          1.9682829185694803E+002          7.1589864097465972E-001         -1.0000000000000000E+000          1.4379793917740999E+000          1.6495300348098705E+000         -8.5008548260917927E-001         -8.5008257047553193E-001         -9.4699440356482967E-001         -9.8999999999999986E+001         -9.8999999999999986E+001         -6.1785589955217155E+000         -9.8999999999999986E+001          8.0000000000000004E-001          7.9999664729347797E-001          1.8302725785348353E+053         -2.8510312760819666E+044          0.0000000000000000E+000         -5.4946508986150271E+026         -2.6655762684093500E+044         -1.8545500767261655E+043          0.0000000000000000E+000          0.0000000000000000E+000                                1                                2          7.1429766354095370E-008          9.7616685332633943E-008          2.9999999999999999E-001          5.9999999999999998E-001          1.0000000000000000E+000          4.3863277992489763E-001          1.8302725785348353E+053         -1.7900541238651505E+019 
                            3100          1.0134334319037091E+005          7.4380657064053776E+002          5.0301721104444988E+002          1.8312718491006272E+001          1.5901841852293257E+001          1.8448971862409510E+002          1.9678007271731377E+002          7.1923319136268182E-001         -1.0000000000000000E+000          1.4346686488391724E+000          1.6521786179300499E+000         -8.4915975128396326E-001         -8.4915677702160541E-001         -9.4606864894124842E-001         -9.8999999999999986E+001         -9.8999999999999986E+001         -6.1684652607058039E+000         -9.8999999999999986E+001          8.0000000000000004E-001          7.9999657576564154E-001          1.8281641405289194E+053         -2.8553035023160497E+044          0.0000000000000000E+000         -5.5079236312485250E+026         -2.6694828651626609E+044         -1.8582063715338889E+043          0.0000000000000000E+000          0.0000000000000000E+000                                1                                2          7.1813707026511939E-008          9.7770112603072255E-008          2.9999999999999999E-001          5.9999999999999998E-001          1.0000000000000000E+000          4.3843419956572210E-001          1.8281641405289194E+053         -1.8321452343959863E+019 
                            3110          1.0134336871183681E+005          7.4255296921533909E+002          5.0241272043809806E+002          1.8357881293281753E+001          1.5873255093830929E+001          1.8408470060925043E+002          1.9673074387749742E+002          7.2270396067654119E-001         -1.0000000000000000E+000          1.4310615347302031E+000          1.6550642966841049E+000         -8.5100494026105600E-001         -8.5100188166462021E-001         -9.4791380629292465E-001         -9.8999999999999986E+001         -9.8999999999999986E+001         -6.1581675041443527E+000         -9.8999999999999986E+001          8.0000000000000004E-001          7.9999647867312051E-001          1.8258681214840962E+053         -2.8423714719169600E+044          0.0000000000000000E+000         -5.5218437376237917E+026         -2.6562688935604870E+044         -1.8610257835647309E+043          0.0000000000000000E+000          0.0000000000000000E+000                                1                                2          7.2227832488562638E-008          9.7935171201693932E-008          2.9999999999999999E-001          5.9999999999999998E-001          1.0000000000000000E+000          4.3822372045760727E-001          1.8258681214840962E+053         -1.8761072158620520E+019 
                            3120          1.0134339453057357E+005          7.4131320975962785E+002          5.0181404288711718E+002          1.8403179294123191E+001          1.5844346443872228E+001          1.8368125082965997E+002          1.9668438068497670E+002          7.2620107444303761E-001         -1.0000000000000000E+000          1.4274362137011305E+000          1.6579645405207533E+000         -8.5424187471914459E-001         -8.5423871769219872E-001         -9.5115070383940692E-001         -9.8999999999999986E+001         -9.8999999999999986E+001         -6.1476482788033531E+000         -9.8999999999999986E+001          8.0000000000000004E-001          7.9999636535161900E-001          1.8235609855723269E+053         -2.8208291918721305E+044          0.0000000000000000E+000         -5.5356195614784293E+026         -2.6346620628818177E+044         -1.8616712899031282E+043          0.0000000000000000E+000          0.0000000000000000E+000                                1                                2          7.2664000249880167E-008          9.8098956296773196E-008          2.9999999999999999E-001          5.9999999999999998E-001          1.0000000000000000E+000          4.3801358522084782E-001          1.8235609855723269E+053         -1.9221039852687602E+019 
                            3130          1.0134342047396592E+005          7.4009625266460284E+002          5.0122551139686828E+002          1.8448288386487913E+001          1.5815319521377289E+001          1.8328225304772064E+002          1.9664135608259718E+002          7.2955236709268212E-001         -1.0000000000000000E+000          1.4238183936589717E+000          1.6608587832008086E+000         -8.5612539487237205E-001         -8.5612214932507191E-001         -9.5303419079734852E-001         -9.8999999999999986E+001         -9.8999999999999986E+001         -6.1375221005255058E+000         -9.8999999999999986E+001          8.0000000000000004E-001          7.9999626343954600E-001          1.8212592033219105E+053         -2.8072297748491320E+044          0.0000000000000000E+000         -5.5489751864876957E+026         -2.6214128347133928E+044         -1.8581694013573923E+043          0.0000000000000000E+000          0.0000000000000000E+000                                1                                2          7.3106798942484881E-008          9.8260262640981918E-008          2.9999999999999999E-001          5.9999999999999998E-001          1.0000000000000000E+000          4.3780762050886557E-001          1.8212592033219105E+053         -1.9674470701667299E+019 
                            3140          1.0134344420802308E+005          7.3900203048586889E+002          5.0069554406922117E+002          1.8489448813759353E+001          1.5788610346527896E+001          1.8292068363787337E+002          1.9660504027950290E+002          7.3265928687511273E-001         -1.0000000000000000E+000          1.4205097746644060E+000          1.6635056658978369E+000         -8.5457844341578793E-001         -8.5457513709736777E-001         -9.5148721655148694E-001         -9.8999999999999986E+001         -9.8999999999999986E+001         -6.1279183848897558E+000         -9.8999999999999986E+001          8.0000000000000004E-001          7.9999619347473638E-001          1.8191555313646891E+053         -2.8147343884821346E+044          0.0000000000000000E+000         -5.5609892960142828E+026         -2.6290790744183638E+044         -1.8565531406377080E+043          0.0000000000000000E+000          0.0000000000000000E+000                                1                                2          7.3523473347123099E-008          9.8405754201538661E-008          2.9999999999999999E-001          5.9999999999999998E-001          1.0000000000000000E+000          4.3762050868632169E-001          1.8191555313646891E+053         -2.0114385676059845E+019 
                            3150          1.0134346745646330E+005          7.3793595227208993E+002          5.0017838466554406E+002          1.8530191665520867E+001          1.5761931838829193E+001          1.8256533674354179E+002          1.9657227107060999E+002          7.3572030922080955E-001         -1.0000000000000000E+000          1.4172260068950977E+000          1.6661326675980399E+000         -8.4645165026008418E-001         -8.4644833511946904E-001         -9.4336042008744436E-001         -9.8999999999999986E+001         -9.8999999999999986E+001         -6.1186343097866578E+000         -9.8999999999999986E+001          8.0000000000000004E-001          7.9999618331788636E-001          1.8170708363263261E+053         -2.8624973262028271E+044          0.0000000000000000E+000         -5.5723710298915587E+026         -2.6770681019061875E+044         -1.8542922429663960E+043          0.0000000000000000E+000          0.0000000000000000E+000                                1                                2          7.3926933114843499E-008          9.8547918613425268E-008          2.9999999999999999E-001          5.9999999999999998E-001          1.0000000000000000E+000          4.3744063754154638E-001          1.8170708363263261E+053         -2.0549007383455453E+019 
                            3160          1.0134349224546994E+005          7.3680940774777139E+002          4.9963099623179721E+002          1.8573948190509487E+001          1.5733020031736565E+001          1.8218646535759643E+002          1.9654051143619046E+002          7.3908742502979141E-001         -1.0000000000000000E+000          1.4136899761368882E+000          1.6689614785490674E+000         -8.4670581023321834E-001         -8.4670241264703638E-001         -9.4361454914334153E-001         -9.8999999999999986E+001         -9.8999999999999986E+001         -6.1082199010283587E+000         -9.8999999999999986E+001          8.0000000000000004E-001          7.9999608839965342E-001          1.8148289377583832E+053         -2.8590829149046278E+044          0.0000000000000000E+000         -5.5838929092233177E+026         -2.6737551855773002E+044         -1.8532772932732780E+043          0.0000000000000000E+000          0.0000000000000000E+000                                1                                2          7.4342672730014731E-008          9.8698593424210202E-008          2.9999999999999999E-001          5.9999999999999998E-001          1.0000000000000000E+000          4.3725520903138548E-001          1.8148289377583832E+053         -2.1047729658997039E+019 
                            3170          1.0134351751961962E+005          7.3568820990513393E+002          4.9908535274955301E+002          1.8618161585192507E+001          1.5703567379872631E+001          1.8180626586360816E+002          1.9651156274281973E+002          7.4236349558448700E-001         -1.0000000000000000E+000          1.4101089638941966E+000          1.6718262740834289E+000         -8.4997973518685399E-001         -8.4997622922239990E-001         -9.4688843345492335E-001         -9.8999999999999986E+001         -9.8999999999999986E+001         -6.0978567448827290E+000         -9.8999999999999986E+001          8.0000000000000004E-001          7.9999596362554815E-001          1.8125592274970487E+053         -2.8367641023070590E+044          0.0000000000000000E+000         -5.5954842704695178E+026         -2.6519157368210587E+044         -1.8484836548600012E+043          0.0000000000000000E+000          0.0000000000000000E+000                                1                                2          7.4792447476856725E-008          9.8849011289453473E-008          2.9999999999999999E-001          5.9999999999999998E-001          1.0000000000000000E+000          4.3706671132371794E-001          1.8125592274970487E+053         -2.1556011821688377E+019 
                            3180          1.0134354292607379E+005          7.3458924242895102E+002          4.9854967042328059E+002          1.8662172987320822E+001          1.5674008723633319E+001          1.8143041783171719E+002          1.9648590904451885E+002          7.4556390147318385E-001         -1.0000000000000000E+000          1.4065361077940193E+000          1.6746845442918861E+000         -8.5268224369129042E-001         -8.5267863665697208E-001         -9.4959090405796664E-001         -9.8999999999999986E+001         -9.8999999999999986E+001         -6.0882164371238687E+000         -9.8999999999999986E+001          8.0000000000000004E-001          7.9999584726551964E-001          1.8102953821381419E+053         -2.8181629583504251E+044          0.0000000000000000E+000         -5.6066466265987577E+026         -2.6337431126485982E+044         -1.8441984570182679E+043          0.0000000000000000E+000          0.0000000000000000E+000                                1                                2          7.5247349014889126E-008          9.8996892366639880E-008          2.9999999999999999E-001          5.9999999999999998E-001          1.0000000000000000E+000          4.3688231994482885E-001          1.8102953821381419E+053         -2.2039854385437389E+019 
                            3190          1.0134356641177395E+005          7.3359331537091782E+002          4.9806340840710561E+002          1.8702702641070960E+001          1.5646558535737080E+001          1.8108671727847607E+002          1.9646531351720967E+002          7.4838967628449027E-001         -1.0000000000000000E+000          1.4032376705652410E+000          1.6773232802208968E+000         -8.5221535758856282E-001         -8.5221167670427656E-001         -9.4912399026135585E-001         -9.8999999999999986E+001         -9.8999999999999986E+001         -6.0789476234269282E+000         -9.8999999999999986E+001          8.0000000000000004E-001          7.9999576224331548E-001          1.8082070324519801E+053         -2.8183750266425180E+044          0.0000000000000000E+000         -5.6168766177239889E+026         -2.6349807667287920E+044         -1.8339425991372583E+043          0.0000000000000000E+000          0.0000000000000000E+000                                1                                2          7.5700376998934804E-008          9.9131290652043140E-008          2.9999999999999999E-001          5.9999999999999998E-001          1.0000000000000000E+000          4.3671136111051317E-001          1.8082070324519801E+053         -2.2515289452963480E+019 
                            3200          1.0134358938416111E+005          7.3263562366373628E+002          4.9759504980292718E+002          1.8742295127584221E+001          1.5619524080914809E+001          1.8075322415868672E+002          1.9644808030332808E+002          7.5128482710492472E-001         -1.0000000000000000E+000          1.4000075123682201E+000          1.6799073929340487E+000         -8.5175647170620639E-001         -8.5175271309939360E-001         -9.4866507523289600E-001         -9.8999999999999986E+001         -9.8999999999999986E+001         -6.0694139670808713E+000         -9.8999999999999986E+001          8.0000000000000004E-001          7.9999567276271644E-001          1.8061636736235295E+053         -2.8190241512749044E+044          0.0000000000000000E+000         -5.6262319865332304E+026         -2.6362479722756561E+044         -1.8277617899924813E+043          0.0000000000000000E+000          0.0000000000000000E+000                                1                                2          7.6117731227995604E-008          9.9260873778925364E-008          2.9999999999999999E-001          5.9999999999999998E-001          1.0000000000000000E+000          4.3655138601527871E-001          1.8061636736235295E+053         -2.3015011217437544E+019 
                            3210          1.0134361228089334E+005          7.3169758868674307E+002          4.9713554271439324E+002          1.8781696612241422E+001          1.5592402081100465E+001          1.8042356125093173E+002          1.9643380302441327E+002          7.5411398294344112E-001         -1.0000000000000000E+000          1.3967848903953037E+000          1.6824854764209598E+000         -8.5128483463721361E-001         -8.5128100245531668E-001         -9.4819341057309603E-001         -9.8999999999999986E+001         -9.8999999999999986E+001         -6.0605230748639709E+000         -9.8999999999999986E+001          8.0000000000000004E-001          7.9999558805701054E-001          1.8041268802439493E+053         -2.8194914210910640E+044          0.0000000000000000E+000         -5.6352039234398380E+026         -2.6376161149232819E+044         -1.8187530616778202E+043          0.0000000000000000E+000          0.0000000000000000E+000                                1                                2          7.6539973882517570E-008          9.9388126038453321E-008          2.9999999999999999E-001          5.9999999999999998E-001          1.0000000000000000E+000          4.3639506886289514E-001          1.8041268802439493E+053         -2.3491031277306991E+019 
                            3220          1.0134363510453804E+005          7.3077911453269485E+002          4.9668485357806668E+002          1.8820905471049883E+001          1.5565194285942255E+001          1.8009770998721703E+002          1.9642247425739279E+002          7.5689282865763652E-001         -1.0000000000000000E+000          1.3935698777905485E+000          1.6850574721631686E+000         -8.5049822681615861E-001         -8.5049432243495460E-001         -9.4740677567715004E-001         -9.8999999999999986E+001         -9.8999999999999986E+001         -6.0516303325335485E+000         -9.8999999999999986E+001          8.0000000000000004E-001          7.9999550493522698E-001          1.8020967106637292E+053         -2.8218666388995493E+044          0.0000000000000000E+000         -5.6437898413062729E+026         -2.6409226462516845E+044         -1.8094399264786470E+043          0.0000000000000000E+000          0.0000000000000000E+000                                1                                2          7.6966572237071392E-008          9.9513041246305126E-008          2.9999999999999999E-001          5.9999999999999998E-001          1.0000000000000000E+000          4.3624242411116465E-001          1.8020967106637292E+053         -2.3976999015645413E+019 
                            3230          1.0134365770609237E+005          7.2987818242222602E+002          4.9624193813925967E+002          1.8860062728664079E+001          1.5537780411913690E+001          1.7977463371212912E+002          1.9641435699611642E+002          7.5964817741546298E-001         -1.0000000000000000E+000          1.3903496275853084E+000          1.6876336578246218E+000         -8.4292749268466971E-001         -8.4292357433418685E-001         -9.3983603630715207E-001         -9.8999999999999986E+001         -9.8999999999999986E+001         -6.0425085252690014E+000         -9.8999999999999986E+001          8.0000000000000004E-001          7.9999548885264526E-001          1.8000664430231584E+053         -2.8658104615424235E+044          0.0000000000000000E+000         -5.6519967480014367E+026         -2.6858818543769287E+044         -1.7992860716549501E+043          0.0000000000000000E+000          0.0000000000000000E+000                                1                                2          7.7395479308363327E-008          9.9635876119888639E-008          2.9999999999999999E-001          5.9999999999999998E-001          1.0000000000000000E+000          4.3609311581475868E-001          1.8000664430231584E+053         -2.4485931640903807E+019 
                            3240          1.0134368178516843E+005          7.2892808755866110E+002          4.9577390800143877E+002          1.8902153580499807E+001          1.5508039599886548E+001          1.7942997090110339E+002          1.9640924195671946E+002          7.6264580935321569E-001         -1.0000000000000000E+000          1.3868773263125558E+000          1.6904114830519681E+000         -8.4156053031940470E-001         -8.4155653639162453E-001         -9.3846904560023925E-001         -9.8999999999999986E+001         -9.8999999999999986E+001         -6.0328445971359264E+000         -9.8999999999999986E+001          8.0000000000000004E-001          7.9999540184185869E-001          1.7978808885352269E+053         -2.8717611157020649E+044          0.0000000000000000E+000         -5.6601398621322588E+026         -2.6927952662269139E+044         -1.7896584947515098E+043          0.0000000000000000E+000          0.0000000000000000E+000                                1                                2          7.7834913140268044E-008          9.9765742886918219E-008          2.9999999999999999E-001          5.9999999999999998E-001          1.0000000000000000E+000          4.3593985077586883E-001          1.7978808885352269E+053         -2.5036900353030889E+019 
                            3250          1.0134370628938303E+005          7.2798633156775941E+002          4.9530909372664848E+002          1.8944625535155247E+001          1.5477779113082995E+001          1.7908465559010256E+002          1.9640737891980407E+002          7.6560106318475829E-001         -1.0000000000000000E+000          1.3833641635183869E+000          1.6932219968468663E+000         -8.4484210019947514E-001         -8.4483798530050025E-001         -9.4175057011584706E-001         -9.8999999999999986E+001         -9.8999999999999986E+001         -6.0231671367511144E+000         -9.8999999999999986E+001          8.0000000000000004E-001          7.9999526256992415E-001          1.7956709697363473E+053         -2.8486559967497909E+044          0.0000000000000000E+000         -5.6682202387934810E+026         -2.6709653229451527E+044         -1.7769067380463822E+043          0.0000000000000000E+000          0.0000000000000000E+000                                1                                2          7.8308441387470577E-008          9.9894804356861174E-008          2.9999999999999999E-001          5.9999999999999998E-001          1.0000000000000000E+000          4.3578474940150097E-001          1.7956709697363473E+053         -2.5601064349281800E+019 
                            3260          1.0134373092381410E+005          7.2706650181326836E+002          4.9485420787484458E+002          1.8986865818770543E+001          1.5447434349539288E+001          1.7874366042107275E+002          1.9640881079582172E+002          7.6842677613719723E-001         -1.0000000000000000E+000          1.3798607329582602E+000          1.6960247243938111E+000         -8.4850535905978886E-001         -8.4850111452516541E-001         -9.4541378036250012E-001         -9.8999999999999986E+001         -9.8999999999999986E+001         -6.0133594275238691E+000         -9.8999999999999986E+001          8.0000000000000004E-001          7.9999511332280449E-001          1.7934683563930897E+053         -2.8231090265549475E+044          0.0000000000000000E+000         -5.6758566683478217E+026         -2.6470111693630346E+044         -1.7609785719191290E+043          0.0000000000000000E+000          0.0000000000000000E+000                                1                                2          7.8788715615536477E-008          1.0002118373637783E-007          2.9999999999999999E-001          5.9999999999999998E-001          1.0000000000000000E+000          4.3563374771638702E-001          1.7934683563930897E+053         -2.6185793001270161E+019 
                            3270          1.0134375377510053E+005          7.2623529798076027E+002          4.9444232904048806E+002          1.9025738767423697E+001          1.5419279479358750E+001          1.7843204362478576E+002          1.9641315115852149E+002          7.7103831630628838E-001         -1.0000000000000000E+000          1.3766277259293440E+000          1.6986111140008646E+000         -8.4930830820834957E-001         -8.4930396448358692E-001         -9.4621669231452876E-001         -9.8999999999999986E+001         -9.8999999999999986E+001         -6.0041301089622765E+000         -9.8999999999999986E+001          8.0000000000000004E-001          7.9999499912706551E-001          1.7914372432348861E+053         -2.8152170812927946E+044          0.0000000000000000E+000         -5.6827589371269336E+026         -2.6407215030052961E+044         -1.7449557828749838E+043          0.0000000000000000E+000          0.0000000000000000E+000                                1                                2          7.9257272260854080E-008          1.0013566177329621E-007          2.9999999999999999E-001          5.9999999999999998E-001          1.0000000000000000E+000          4.3549425933438313E-001          1.7914372432348861E+053         -2.6748230006462362E+019 
                            3280          1.0134377616713521E+005          7.2543801349128557E+002          4.9404645053509290E+002          1.9063722627394021E+001          1.5391543088701342E+001          1.7812966202958307E+002          1.9642037148475919E+002          7.7358634871657028E-001         -1.0000000000000000E+000          1.3734596933382477E+000          1.7011455240590316E+000         -8.4930830820834957E-001         -8.4930387562406151E-001         -9.4621665899199636E-001         -9.8999999999999986E+001         -9.8999999999999986E+001         -5.9953353604901052E+000         -9.8999999999999986E+001          8.0000000000000004E-001          7.9999489682478986E-001          1.7894490046642774E+053         -2.8124074070752820E+044          0.0000000000000000E+000         -5.6889041891556424E+026         -2.6393908789374440E+044         -1.7301652813783815E+043          0.0000000000000000E+000          0.0000000000000000E+000                                1                                2          7.9700888113108052E-008          1.0024571474610764E-007          2.9999999999999999E-001          5.9999999999999998E-001          1.0000000000000000E+000          4.3536437253082583E-001          1.7894490046642774E+053         -2.7295421019655246E+019 
                            3290          1.0134379850725089E+005          7.2465957382627630E+002          4.9365912157136881E+002          1.9101510603929324E+001          1.5363725745860124E+001          1.7783091044690539E+002          1.9643051597029509E+002          7.7616499222319046E-001         -1.0000000000000000E+000          1.3702990056200588E+000          1.7036740579320979E+000         -8.4930830820834957E-001         -8.4930378877509560E-001         -9.4621662642342441E-001         -9.8999999999999986E+001         -9.8999999999999986E+001         -5.9869083429487500E+000         -9.8999999999999986E+001          8.0000000000000004E-001          7.9999479683725327E-001          1.7874674264878097E+053         -2.8093670758422973E+044          0.0000000000000000E+000         -5.6946608201298363E+026         -2.6380834791084018E+044         -1.7128359673389557E+043          0.0000000000000000E+000          0.0000000000000000E+000                                1                                2          8.0145695517036111E-008          1.0035340012476556E-007          2.9999999999999999E-001          5.9999999999999998E-001          1.0000000000000000E+000          4.3523805936741722E-001          1.7874674264878097E+053         -2.7830231249563754E+019 
                            3300          1.0134382078981533E+005          7.2389978656357687E+002          4.9328025249500894E+002          1.9139111425617465E+001          1.5335819948522062E+001          1.7753570303516881E+002          1.9644360357504041E+002          7.7855052754556653E-001         -1.0000000000000000E+000          1.3671447856860319E+000          1.7061974172902656E+000         -8.4884695674861577E-001         -8.4884234979652373E-001         -9.4575524214391071E-001         -9.8999999999999986E+001         -9.8999999999999986E+001         -5.9781172285416080E+000         -9.8999999999999986E+001          8.0000000000000004E-001          7.9999469607852625E-001          1.7854920657783048E+053         -2.8090639257425997E+044          0.0000000000000000E+000         -5.7000282055704238E+026         -2.6396015871109476E+044         -1.6946233863165194E+043          0.0000000000000000E+000          0.0000000000000000E+000                                1                                2          8.0592822571293629E-008          1.0045872856469415E-007          2.9999999999999999E-001          5.9999999999999998E-001          1.0000000000000000E+000          4.3511529651373154E-001          1.7854920657783048E+053         -2.8399319222798238E+019 
                            3310          1.0134384300381714E+005          7.2315884995810677E+002          4.9290995018655377E+002          1.9176512739193146E+001          1.5307834454568718E+001          1.7724411552897553E+002          1.9645963779223337E+002          7.8099975280433442E-001         -1.0000000000000000E+000          1.3639979589070097E+000          1.7087148618469072E+000         -8.4796348503298091E-001         -8.4795879669593011E-001         -9.4487173990871209E-001         -9.8999999999999986E+001         -9.8999999999999986E+001         -5.9696285860143901E+000         -9.8999999999999986E+001          8.0000000000000004E-001          7.9999460238163267E-001          1.7835235681092624E+053         -2.8115280975783562E+044          0.0000000000000000E+000         -5.7050011225598737E+026         -2.6437118053175223E+044         -1.6781629226083408E+043          0.0000000000000000E+000          0.0000000000000000E+000                                1                                2          8.1040830544301542E-008          1.0056165691762362E-007          2.9999999999999999E-001          5.9999999999999998E-001          1.0000000000000000E+000          4.3499615634920791E-001          1.7835235681092624E+053         -2.8959867597610009E+019 
                            3320          1.0134386501160001E+005          7.2243550984810827E+002          4.9254753081999979E+002          1.9213834827535944E+001          1.5279659377454147E+001          1.7695532551564764E+002          1.9647894133097915E+002          7.8348811973397492E-001         -1.0000000000000000E+000          1.3608472475118782E+000          1.7112354139112167E+000         -8.4119759779984060E-001         -8.4119288566185746E-001         -9.3810584375016182E-001         -9.8999999999999986E+001         -9.8999999999999986E+001         -5.9606635138224222E+000         -9.8999999999999986E+001          8.0000000000000004E-001          7.9999457498009297E-001          1.7815560573581308E+053         -2.8497766255059250E+044          0.0000000000000000E+000         -5.7095759127316421E+026         -2.6839560438510778E+044         -1.6582058165484714E+043          0.0000000000000000E+000          0.0000000000000000E+000                                1                                2          8.1489917524950218E-008          1.0066234449317168E-007          2.9999999999999999E-001          5.9999999999999998E-001          1.0000000000000000E+000          4.3488042170917968E-001          1.7815560573581308E+053         -2.9563894523579355E+019 
                            3330          1.0134388710118068E+005          7.2172010268863778E+002          4.9218813221285899E+002          1.9251599125230960E+001          1.5250892938324506E+001          1.7666534302912891E+002          1.9650189483450833E+002          7.8591594964289901E-001         -1.0000000000000000E+000          1.3576481869244159E+000          1.7137946449079808E+000         -8.3940797536418676E-001         -8.3940318649144274E-001         -9.3631619253877596E-001         -9.8999999999999986E+001         -9.8999999999999986E+001         -5.9518585556289745E+000         -9.8999999999999986E+001          8.0000000000000004E-001          7.9999448663690098E-001          1.7795619250979751E+053         -2.8577830844950835E+044          0.0000000000000000E+000         -5.7136040140950836E+026         -2.6937918288167428E+044         -1.6399125567834091E+043          0.0000000000000000E+000          0.0000000000000000E+000                                1                                2          8.1938320149618628E-008          1.0076212633612053E-007          2.9999999999999999E-001          5.9999999999999998E-001          1.0000000000000000E+000          4.3476962834158278E-001          1.7795619250979751E+053         -3.0169395082358755E+019 
                            3340          1.0134391096372899E+005          7.2097010908820801E+002          4.9181038170804442E+002          1.9292062824445303E+001          1.5219812732579024E+001          1.7635689498726819E+002          1.9652990538731379E+002          7.8845043434627726E-001         -1.0000000000000000E+000          1.3542097367445078E+000          1.7165453857935586E+000         -8.4266097670862739E-001         -8.4265605252883591E-001         -9.3956914314271922E-001         -9.8999999999999986E+001         -9.8999999999999986E+001         -5.9430108844032814E+000         -9.8999999999999986E+001          8.0000000000000004E-001          7.9999433086064775E-001          1.7774205841369767E+053         -2.8338896198121111E+044          0.0000000000000000E+000         -5.7177135727371828E+026         -2.6723631231856980E+044         -1.6152649662641291E+043          0.0000000000000000E+000          0.0000000000000000E+000                                1                                2          8.2443462738999785E-008          1.0086694475919408E-007          2.9999999999999999E-001          5.9999999999999998E-001          1.0000000000000000E+000          4.3465097910228290E-001          1.7774205841369767E+053         -3.0790325039692562E+019 
                            3350          1.0134393495896614E+005          7.2024127944326688E+002          4.9144227947123841E+002          1.9332293665612060E+001          1.5188648270267290E+001          1.7605251568649714E+002          1.9656124749924268E+002          7.9095628612302959E-001         -1.0000000000000000E+000          1.3507800831774659E+000          1.7192890888628833E+000         -8.4630820635209869E-001         -8.4630313074349028E-001         -9.4321631599997546E-001         -9.8999999999999986E+001         -9.8999999999999986E+001         -5.9335038145419459E+000         -9.8999999999999986E+001          8.0000000000000004E-001          7.9999415652378669E-001          1.7752865490921277E+053         -2.8077638389661936E+044          0.0000000000000000E+000         -5.7213714668227577E+026         -2.6487254426257497E+044         -1.5903839634044395E+043          0.0000000000000000E+000          0.0000000000000000E+000                                1                                2          8.2945512977827616E-008          1.0096901447059961E-007          2.9999999999999999E-001          5.9999999999999998E-001          1.0000000000000000E+000          4.3453637279306812E-001          1.7752865490921277E+053         -3.1471782662666719E+019 
                            3360          1.0134395864931469E+005          7.1954658845732354E+002          4.9109041856254328E+002          1.9371543930156289E+001          1.5157986445640200E+001          1.7575776835795713E+002          1.9659524063661698E+002          7.9326626579590898E-001         -1.0000000000000000E+000          1.3474231861376669E+000          1.7219745865575982E+000         -8.5389314653830739E-001         -8.5388787681035649E-001         -9.5080118339088893E-001         -9.8999999999999986E+001         -9.8999999999999986E+001         -5.9247885875611042E+000         -9.8999999999999986E+001          8.0000000000000004E-001          7.9999393303829636E-001          1.7731996083590703E+053         -2.7579282626803569E+044          0.0000000000000000E+000         -5.7247043432269548E+026         -2.6016321227183650E+044         -1.5629613996199196E+043          0.0000000000000000E+000          0.0000000000000000E+000                                1                                2          8.3457639134133894E-008          1.0106649566964566E-007          2.9999999999999999E-001          5.9999999999999998E-001          1.0000000000000000E+000          4.3442486921080337E-001          1.7731996083590703E+053         -3.2109723839152480E+019 
                            3370          1.0134398294923409E+005          7.1885947160340584E+002          4.9074135640869679E+002          1.9411307726063303E+001          1.5126660758466867E+001          1.7546140086677462E+002          1.9663317393346179E+002          7.9568650478463843E-001         -1.0000000000000000E+000          1.3440111893637701E+000          1.7247041631055047E+000         -8.4993224575546267E-001         -8.4992691373398443E-001         -9.4684025924779314E-001         -9.8999999999999986E+001         -9.8999999999999986E+001         -5.9157239608737644E+000         -9.8999999999999986E+001          8.0000000000000004E-001          7.9999386132109818E-001          1.7710802967358191E+053         -2.7778607705400279E+044          0.0000000000000000E+000         -5.7274488373454539E+026         -2.6242428029392502E+044         -1.5361796760077756E+043          0.0000000000000000E+000          0.0000000000000000E+000                                1                                2          8.3967897562412762E-008          1.0116309938050186E-007          2.9999999999999999E-001          5.9999999999999998E-001          1.0000000000000000E+000          4.3431854101146533E-001          1.7710802967358191E+053         -3.2786963492635611E+019 
                            3380          1.0134400474823540E+005          7.1825398501468158E+002          4.9043266977262186E+002          1.9447346232670487E+001          1.5097994263256391E+001          1.7519504574178305E+002          1.9667123411631911E+002          7.9789216615192127E-001         -1.0000000000000000E+000          1.3409064989375741E+000          1.7271878963380003E+000         -8.4355300160519764E-001         -8.4354764325811538E-001         -9.4046100522535070E-001         -9.8999999999999986E+001         -9.8999999999999986E+001         -5.9072057524817891E+000         -9.8999999999999986E+001          8.0000000000000004E-001          7.9999383101299937E-001          1.7691560759411113E+053         -2.8130824099569163E+044          0.0000000000000000E+000         -5.7295169119743134E+026         -2.6619647937349555E+044         -1.5111761622196093E+043          0.0000000000000000E+000          0.0000000000000000E+000                                1                                2          8.4434689646370933E-008          1.0124837965910333E-007          2.9999999999999999E-001          5.9999999999999998E-001          1.0000000000000000E+000          4.3422543874196351E-001          1.7691560759411113E+053         -3.3436391795873137E+019 
                            3390          1.0134402618481402E+005          7.1766890564078551E+002          4.9013332514857075E+002          1.9483143664476845E+001          1.5069257335117445E+001          1.7493258891586012E+002          1.9671254562083996E+002          8.0006513821587655E-001         -1.0000000000000000E+000          1.3378107518721891E+000          1.7296644748289121E+000         -8.3836278607298642E-001         -8.3835738801842863E-001         -9.3527077480272092E-001         -9.8999999999999986E+001         -9.8999999999999986E+001         -5.8988090887019151E+000         -9.8999999999999986E+001          8.0000000000000004E-001          7.9999378529864507E-001          1.7672413341835412E+053         -2.8413096559175598E+044          0.0000000000000000E+000         -5.7311564349051371E+026         -2.6928723536526684E+044         -1.4843730226489154E+043          0.0000000000000000E+000          0.0000000000000000E+000                                1                                2          8.4899343248887038E-008          1.0133092237220312E-007          2.9999999999999999E-001          5.9999999999999998E-001          1.0000000000000000E+000          4.3413629346252314E-001          1.7672413341835412E+053         -3.4089141906226999E+019 
                            3400          1.0134404962315469E+005          7.1704843009679746E+002          4.8981473475286936E+002          1.9522151192397910E+001          1.5037669893725500E+001          1.7464881739206425E+002          1.9676121957215949E+002          8.0229841805714930E-001         -1.0000000000000000E+000          1.3344252385916147E+000          1.7323728640703127E+000         -8.4167696457997454E-001         -8.4167140733638257E-001         -9.3858489361335073E-001         -9.8999999999999986E+001         -9.8999999999999986E+001         -5.8895010235012144E+000         -9.8999999999999986E+001          8.0000000000000004E-001          7.9999360202780778E-001          1.7651502501125435E+053         -2.8166784005243606E+044          0.0000000000000000E+000         -5.7324897495152887E+026         -2.6712371671654361E+044         -1.4544123335892460E+043          0.0000000000000000E+000          0.0000000000000000E+000                                1                                2          8.5409563448484872E-008          1.0141860593239613E-007          2.9999999999999999E-001          5.9999999999999998E-001          1.0000000000000000E+000          4.3404280789322480E-001          1.7651502501125435E+053         -3.4827647041416323E+019 
                            3410          1.0134407320986260E+005          7.1644835940720861E+002          4.8950545723220955E+002          1.9560949633415497E+001          1.5005977535069894E+001          1.7436878631968176E+002          1.9681330241034576E+002          8.0458248313934100E-001         -1.0000000000000000E+000          1.3310457214655811E+000          1.7350764557998624E+000         -8.4533010432125832E-001         -8.4532438067359994E-001         -9.4223797095260298E-001         -9.8999999999999986E+001         -9.8999999999999986E+001         -5.8803406225751242E+000         -9.8999999999999986E+001          8.0000000000000004E-001          7.9999341045053474E-001          1.7630651469561449E+053         -2.7900493482345320E+044          0.0000000000000000E+000         -5.7333752920480022E+026         -2.6477330017476513E+044         -1.4231634648688080E+043          0.0000000000000000E+000          0.0000000000000000E+000                                1                                2          8.5930244896589114E-008          1.0150355041164563E-007          2.9999999999999999E-001          5.9999999999999998E-001          1.0000000000000000E+000          4.3395319857039211E-001          1.7630651469561449E+053         -3.5570054893053698E+019 
                            3420          1.0134409694038665E+005          7.1586918076154529E+002          4.8920575573758492E+002          1.9599499877019557E+001          1.4974213040716457E+001          1.7409274669146487E+002          1.9686873595896043E+002          8.0673043879907513E-001         -1.0000000000000000E+000          1.3276755470463935E+000          1.7377725727757261E+000         -8.4961114517850189E-001         -8.4960525084943472E-001         -9.4651894780378310E-001         -9.8999999999999986E+001         -9.8999999999999986E+001         -5.8718600914214099E+000         -9.8999999999999986E+001          8.0000000000000004E-001          7.9999321394892930E-001          1.7609880865824174E+053         -2.7596502418658383E+044          0.0000000000000000E+000         -5.7338077235181858E+026         -2.6206698467155679E+044         -1.3898039515027050E+043          0.0000000000000000E+000          0.0000000000000000E+000                                1                                2          8.6453555310429411E-008          1.0158567252339081E-007          2.9999999999999999E-001          5.9999999999999998E-001          1.0000000000000000E+000          4.3386763755158425E-001          1.7609880865824174E+053         -3.6271462454735856E+019 
                            3430          1.0134411859232528E+005          7.1536105701843610E+002          4.8894173048771006E+002          1.9634333706947636E+001          1.4945264303012456E+001          1.7384526102413992E+002          1.9692213482213305E+002          8.0868601439701193E-001         -1.0000000000000000E+000          1.3246191053260019E+000          1.7402177051714511E+000         -8.5036200826172303E-001         -8.5035599657136129E-001         -9.4726976687614173E-001         -9.8999999999999986E+001         -9.8999999999999986E+001         -5.8640486699900913E+000         -9.8999999999999986E+001          8.0000000000000004E-001          7.9999307883359783E-001          1.7591067768991999E+053         -2.7509869730620334E+044          0.0000000000000000E+000         -5.7338059189371126E+026         -2.6151743457136329E+044         -1.3581262734840048E+043          0.0000000000000000E+000          0.0000000000000000E+000                                1                                2          8.6933942465825218E-008          1.0165782922197319E-007          2.9999999999999999E-001          5.9999999999999998E-001          1.0000000000000000E+000          4.3379333375097029E-001          1.7591067768991999E+053         -3.6929760232690852E+019 
                            3440          1.0134414200704296E+005          7.1483085786686092E+002          4.8866499244015995E+002          1.9671836454979925E+001          1.4913823324264840E+001          1.7358094179687828E+002          1.9698331368947117E+002          8.1073916652651479E-001         -1.0000000000000000E+000          1.3213158842480581E+000          1.7428602589119293E+000         -8.5079985429401650E-001         -8.5079372034220369E-001         -9.4770756705999060E-001         -9.8999999999999986E+001         -9.8999999999999986E+001         -5.8557426986728887E+000         -9.8999999999999986E+001          8.0000000000000004E-001          7.9999293807686855E-001          1.7570766299358281E+053         -2.7442167224982692E+044          0.0000000000000000E+000         -5.7332421026900755E+026         -2.6115305282774086E+044         -1.3268619422086070E+043          0.0000000000000000E+000          0.0000000000000000E+000                                1                                2          8.7427761185318461E-008          1.0173323012865103E-007          2.9999999999999999E-001          5.9999999999999998E-001          1.0000000000000000E+000          4.3371915435655722E-001          1.7570766299358281E+053         -3.7642846722085192E+019 
                            3450          1.0134416440994412E+005          7.1434256009563740E+002          4.8840886687504707E+002          1.9707548259855528E+001          1.4883613093578955E+001          1.7333132229650965E+002          1.9704521826135266E+002          8.1264145675612021E-001         -1.0000000000000000E+000          1.3181578613615379E+000          1.7453866546757835E+000         -8.5125042804727757E-001         -8.5124417055663348E-001         -9.4815809448577681E-001         -9.8999999999999986E+001         -9.8999999999999986E+001         -5.8475333616418732E+000         -9.8999999999999986E+001          8.0000000000000004E-001          7.9999279584956196E-001          1.7551388374271514E+053         -2.7368886882844443E+044          0.0000000000000000E+000         -5.7323883298300570E+026         -2.6078684119645596E+044         -1.2902027631988457E+043          0.0000000000000000E+000          0.0000000000000000E+000                                1                                2          8.7947879795352647E-008          1.0180277114763292E-007          2.9999999999999999E-001          5.9999999999999998E-001          1.0000000000000000E+000          4.3364971672016273E-001          1.7551388374271514E+053         -3.8361165745621664E+019 
                            3460          1.0134418773248210E+005          7.1385406359185436E+002          4.8815129360781168E+002          1.9744529838563352E+001          1.4852047644553403E+001          1.7307496312130073E+002          1.9711311671051817E+002          8.1461048059665309E-001         -1.0000000000000000E+000          1.3148744465772357E+000          1.7480133625836720E+000         -8.5169475532636008E-001         -8.5168836267889669E-001         -9.4860237108059065E-001         -9.8999999999999986E+001         -9.8999999999999986E+001         -5.8386970753221155E+000         -9.8999999999999986E+001          8.0000000000000004E-001          7.9999264024678962E-001          1.7531272497282283E+053         -2.7295245660051348E+044          0.0000000000000000E+000         -5.7311505759406171E+026         -2.6042215759716134E+044         -1.2530299003352124E+043          0.0000000000000000E+000          0.0000000000000000E+000                                1                                2          8.8482607958035400E-008          1.0187243566355767E-007          2.9999999999999999E-001          5.9999999999999998E-001          1.0000000000000000E+000          4.3357929227813485E-001          1.7531272497282283E+053         -3.9149667926685123E+019 
                            3470          1.0134420966900387E+005          7.1341304897802377E+002          4.8791744358621236E+002          1.9779145674692877E+001          1.4822234755138263E+001          1.7283700648815480E+002          1.9718027705394738E+002          8.1641212169286570E-001         -1.0000000000000000E+000          1.3117885233662512E+000          1.7504820782208232E+000         -8.5213275878151362E-001         -8.5212624815486893E-001         -9.4904033029314050E-001         -9.8999999999999986E+001         -9.8999999999999986E+001         -5.8311929835369982E+000         -9.8999999999999986E+001          8.0000000000000004E-001          7.9999250442025527E-001          1.7512397835782434E+053         -2.7224663112129318E+044          0.0000000000000000E+000         -5.7293751221702835E+026         -2.6007220801443166E+044         -1.2174423106861529E+043          0.0000000000000000E+000          0.0000000000000000E+000                                1                                2          8.8968817358781893E-008          1.0193541072819731E-007          2.9999999999999999E-001          5.9999999999999998E-001          1.0000000000000000E+000          4.3352073441472666E-001          1.7512397835782434E+053         -3.9832005611121992E+019 
                            3480          1.0134423291771683E+005          7.1296488337273081E+002          4.8767835496765167E+002          1.9815679192141207E+001          1.4790485487734170E+001          1.7258798392188930E+002          1.9725501443540080E+002          8.1827656561772177E-001         -1.0000000000000000E+000          1.3085181455348964E+000          1.7530983557313418E+000         -8.5013136091226860E-001         -8.5012475155593892E-001         -9.4703889539991404E-001         -9.8999999999999986E+001         -9.8999999999999986E+001         -5.8226551609294965E+000         -9.8999999999999986E+001          8.0000000000000004E-001          7.9999239075522177E-001          1.7492428449041156E+053         -2.7296652455372280E+044          0.0000000000000000E+000         -5.7272322456899922E+026         -2.6118024395493508E+044         -1.1786280598787707E+043          0.0000000000000000E+000          0.0000000000000000E+000                                1                                2          8.9507760068154242E-008          1.0199948673827185E-007          2.9999999999999999E-001          5.9999999999999998E-001          1.0000000000000000E+000          4.3345843982610005E-001          1.7492428449041156E+053         -4.0622813321357926E+019 
                            3490          1.0134425415925957E+005          7.1256965527354339E+002          4.8746603724674753E+002          1.9849277291973703E+001          1.4761007118762608E+001          1.7236101712052616E+002          1.9732754730642284E+002          8.2007053299939581E-001         -1.0000000000000000E+000          1.3054970357659685E+000          1.7555152204913154E+000         -8.4459974538456761E-001         -8.4459309827794504E-001         -9.4150726571571819E-001         -9.8999999999999986E+001         -9.8999999999999986E+001         -5.8146500480069720E+000         -9.8999999999999986E+001          8.0000000000000004E-001          7.9999234729425428E-001          1.7474021490721496E+053         -2.7586734573172175E+044          0.0000000000000000E+000         -5.7247393827612304E+026         -2.6444428653488828E+044         -1.1423059196833463E+043          0.0000000000000000E+000          0.0000000000000000E+000                                1                                2          8.9996776933196755E-008          1.0205606094538735E-007          2.9999999999999999E-001          5.9999999999999998E-001          1.0000000000000000E+000          4.3340645080688861E-001          1.7474021490721496E+053         -4.1378534951660241E+019 
                            3500          1.0134427740867257E+005          7.1215918087958414E+002          4.8724402981000480E+002          1.9885581393559779E+001          1.4728879994623879E+001          1.7211777992539271E+002          1.9740965363764133E+002          8.2186488406661706E-001         -1.0000000000000000E+000          1.3022195100340124E+000          1.7581372153561472E+000         -8.5353669108803909E-001         -8.5352977681223541E-001         -9.5044411122976913E-001         -9.8999999999999986E+001         -9.8999999999999986E+001         -5.8064728060967816E+000         -9.8999999999999986E+001          8.0000000000000004E-001          7.9999203970916966E-001          1.7454078738251693E+053         -2.6998822210806888E+044          0.0000000000000000E+000         -5.7215914042614854E+026         -2.5897156230162941E+044         -1.1016659806439490E+043          0.0000000000000000E+000          0.0000000000000000E+000                                1                                2          9.0526214510302392E-008          1.0211488403001666E-007          2.9999999999999999E-001          5.9999999999999998E-001          1.0000000000000000E+000          4.3335396314591895E-001          1.7454078738251693E+053         -4.2165024002095489E+019 
                            3510          1.0134429885115716E+005          7.1180032526795696E+002          4.8704847438166405E+002          1.9918700124785843E+001          1.4699312695317515E+001          1.7189775799756367E+002          1.9748808331414506E+002          8.2359619223363767E-001         -1.0000000000000000E+000          1.2992170751839855E+000          1.7605391390738183E+000         -8.5399078376200399E-001         -8.5398373674836103E-001         -9.5089815412654422E-001         -9.8999999999999986E+001         -9.8999999999999986E+001         -5.7986684192478650E+000         -9.8999999999999986E+001          8.0000000000000004E-001          7.9999188689154110E-001          1.7435837553634855E+053         -2.6925757931045198E+044          0.0000000000000000E+000         -5.7183218639663644E+026         -2.5862343231520012E+044         -1.0634146995251857E+043          0.0000000000000000E+000          0.0000000000000000E+000                                1                                2          9.1023664249005115E-008          1.0216636546078313E-007          2.9999999999999999E-001          5.9999999999999998E-001          1.0000000000000000E+000          4.3330895397205310E-001          1.7435837553634855E+053         -4.2929589799746839E+019 
                            3520          1.0134432242028194E+005          7.1142596782731653E+002          4.8684273755736342E+002          1.9954882445421219E+001          1.4666715741036052E+001          1.7165948797563701E+002          1.9757778706165865E+002          8.2528701361343115E-001         -1.0000000000000000E+000          1.2959225643553403E+000          1.7631747206858244E+000         -8.5489490508713328E-001         -8.5488770393038949E-001         -9.5180221764741801E-001         -9.8999999999999986E+001         -9.8999999999999986E+001         -5.7901753117106969E+000         -9.8999999999999986E+001          8.0000000000000004E-001          7.9999170943064912E-001          1.7415856395652856E+053         -2.6819838639526871E+044          0.0000000000000000E+000         -5.7142732712031360E+026         -2.5800321640362571E+044         -1.0195169991642984E+043          0.0000000000000000E+000          0.0000000000000000E+000                                1                                2          9.1570544387067448E-008          1.0222012613416738E-007          2.9999999999999999E-001          5.9999999999999998E-001          1.0000000000000000E+000          4.3326370752395260E-001          1.7415856395652856E+053         -4.3777388066882044E+019 
                            3530          1.0134434557355705E+005          7.1107864416704535E+002          4.8664998533133672E+002          1.9990216574681515E+001          1.4634578218185982E+001          1.7142895798665208E+002          1.9766955346747693E+002          8.2689854930883333E-001         -1.0000000000000000E+000          1.2926903367624001E+000          1.7657604756771381E+000         -8.5539454305958385E-001         -8.5538720361608556E-001         -9.5230180376179308E-001         -9.8999999999999986E+001         -9.8999999999999986E+001         -5.7824140131501203E+000         -9.8999999999999986E+001          8.0000000000000004E-001          7.9999155022480462E-001          1.7396289645393645E+053         -2.6742098919293711E+044          0.0000000000000000E+000         -5.7097929212021618E+026         -2.5762913820341640E+044         -9.7918509895207161E+042          0.0000000000000000E+000          0.0000000000000000E+000                                1                                2          9.2081351785990054E-008          1.0227005516614372E-007          2.9999999999999999E-001          5.9999999999999998E-001          1.0000000000000000E+000          4.3322485618601925E-001          1.7396289645393645E+053         -4.4566768493976953E+019 
                            3540          1.0134436731309797E+005          7.1077114927986372E+002          4.8647754554310615E+002          2.0023187757238528E+001          1.4604312192459638E+001          1.7121578844638697E+002          1.9775898681007294E+002          8.2841208423845958E-001         -1.0000000000000000E+000          1.2896605465779658E+000          1.7681842819387430E+000         -8.5589958569164148E-001         -8.5589210179106923E-001         -9.5280679222187015E-001         -9.8999999999999986E+001         -9.8999999999999986E+001         -5.7744541060005945E+000         -9.8999999999999986E+001          8.0000000000000004E-001          7.9999138391529023E-001          1.7377982148937819E+053         -2.6659131691640241E+044          0.0000000000000000E+000         -5.7052620742898314E+026         -2.5725763302778342E+044         -9.3336838886189752E+042          0.0000000000000000E+000          0.0000000000000000E+000                                1                                2          9.2619257528485796E-008          1.0231429939173901E-007          2.9999999999999999E-001          5.9999999999999998E-001          1.0000000000000000E+000          4.3318909179504250E-001          1.7377982148937819E+053         -4.5391136005239177E+019 
                            3550          1.0134439081657665E+005          7.1045889439734788E+002          4.8630037660540683E+002          2.0058612494148758E+001          1.4571490203454996E+001          1.7098886221523793E+002          1.9785924459989138E+002          8.3004439336777158E-001         -1.0000000000000000E+000          1.2863902014954278E+000          1.7708005295126654E+000         -8.5678871078253427E-001         -8.5678107433249595E-001         -9.5369586010609075E-001         -9.8999999999999986E+001         -9.8999999999999986E+001         -5.7665796491152994E+000         -9.8999999999999986E+001          8.0000000000000004E-001          7.9999120828928427E-001          1.7358257693907516E+053         -2.6553563756991353E+044          0.0000000000000000E+000         -5.6998659061903246E+026         -2.5665721350150463E+044         -8.8784240684088891E+042          0.0000000000000000E+000          0.0000000000000000E+000                                1                                2          9.3171700546259918E-008          1.0235926770699018E-007          2.9999999999999999E-001          5.9999999999999998E-001          1.0000000000000000E+000          4.3315616029724024E-001          1.7358257693907516E+053         -4.6221656831922282E+019 
                            3560          1.0134441212718202E+005          7.1019405706751706E+002          4.8614813226542827E+002          2.0090525605114092E+001          1.4541645381954195E+001          1.7078632987057648E+002          1.9795336669624001E+002          8.3147585963493387E-001         -1.0000000000000000E+000          1.2834302093939107E+000          1.7731684968884986E+000         -8.5775541549539891E-001         -8.5774762901763568E-001         -9.5466250855793411E-001         -9.8999999999999986E+001         -9.8999999999999986E+001         -5.7590967458694609E+000         -9.8999999999999986E+001          8.0000000000000004E-001          7.9999103556654982E-001          1.7340439140535489E+053         -2.6447293796987622E+044          0.0000000000000000E+000         -5.6945719384579702E+026         -2.5602159078023729E+044         -8.4513471896389519E+042          0.0000000000000000E+000          0.0000000000000000E+000                                1                                2          9.3675968192531477E-008          1.0239743833778213E-007          2.9999999999999999E-001          5.9999999999999998E-001          1.0000000000000000E+000          4.3312990883811525E-001          1.7340439140535489E+053         -4.7024957542741180E+019 
                            3570          1.0134443559738198E+005          7.0992232585112856E+002          4.8598961089157575E+002          2.0125453422561321E+001          1.4508676388117737E+001          1.7056674023738333E+002          1.9806058298157637E+002          8.3287668147740335E-001         -1.0000000000000000E+000          1.2801752572662042E+000          1.7757724291050176E+000         -8.5824668254730119E-001         -8.5823874934509858E-001         -9.5515372058754933E-001         -9.8999999999999986E+001         -9.8999999999999986E+001         -5.7514804634399823E+000         -9.8999999999999986E+001          8.0000000000000004E-001          7.9999086664685348E-001          1.7320881952807623E+053         -2.6363403531888071E+044          0.0000000000000000E+000         -5.6883000097830839E+026         -2.5566314020542584E+044         -7.9708951134548771E+042          0.0000000000000000E+000          0.0000000000000000E+000                                1                                2          9.4229552623325623E-008          1.0243663217556041E-007          2.9999999999999999E-001          5.9999999999999998E-001          1.0000000000000000E+000          4.3310503366378622E-001          1.7320881952807623E+053         -4.7856914480213803E+019 
                            3580          1.0134445823551327E+005          7.0968025811241091E+002          4.8584591719013571E+002          2.0158906525695620E+001          1.4476792933554300E+001          1.7035848879437947E+002          1.9816750671904933E+002          8.3435782982151618E-001         -1.0000000000000000E+000          1.2770422091975180E+000          1.7782788386032444E+000         -8.5920180742215402E-001         -8.5919371253203169E-001         -9.5610878482873307E-001         -9.8999999999999986E+001         -9.8999999999999986E+001         -5.7436730731142962E+000         -9.8999999999999986E+001          8.0000000000000004E-001          7.9999068050019162E-001          1.7302095078753287E+053         -2.6257408156816207E+044          0.0000000000000000E+000         -5.6817981631502830E+026         -2.5503907541618963E+044         -7.5350061519724638E+042          0.0000000000000000E+000          0.0000000000000000E+000                                1                                2          9.4733992675190321E-008          1.0247157270494550E-007          2.9999999999999999E-001          5.9999999999999998E-001          1.0000000000000000E+000          4.3308760503212024E-001          1.7302095078753287E+053         -4.8725026598455935E+019 
                            3590          1.0134448032130554E+005          7.0946296803979726E+002          4.8571439784273474E+002          2.0191327023694832E+001          1.4445601633743600E+001          1.7015861694307793E+002          1.9827517362309220E+002          8.3564292180550548E-001         -1.0000000000000000E+000          1.2739909879316558E+000          1.7807197868782578E+000         -8.6015608608263827E-001         -8.6014783081724888E-001         -9.5706300334778449E-001         -9.8999999999999986E+001         -9.8999999999999986E+001         -5.7361071902568606E+000         -9.8999999999999986E+001          8.0000000000000004E-001          7.9999049586481774E-001          1.7283834919531885E+053         -2.6144970140589871E+044          0.0000000000000000E+000         -5.6750766686304763E+026         -2.5441785203238867E+044         -7.0318493735100581E+042          0.0000000000000000E+000          0.0000000000000000E+000                                1                                2          9.5295930775822099E-008          1.0250295708507094E-007          2.9999999999999999E-001          5.9999999999999998E-001          1.0000000000000000E+000          4.3306927728060080E-001          1.7283834919531885E+053         -4.9581306636614197E+019 
                            3600          1.0134450373782690E+005          7.0925299076449073E+002          4.8558434155314569E+002          2.0225452956072267E+001          1.4412452877281453E+001          1.6995032886448635E+002          1.9839289985961233E+002          8.3698764529619685E-001         -1.0000000000000000E+000          1.2707630275058772E+000          1.7833021242102467E+000         -8.6104839143217526E-001         -8.6103997236396024E-001         -9.5795524727052495E-001         -9.8999999999999986E+001         -9.8999999999999986E+001         -5.7284664247956938E+000         -9.8999999999999986E+001          8.0000000000000004E-001          7.9999030728346565E-001          1.7264556032964405E+053         -2.6036434134560539E+044          0.0000000000000000E+000         -5.6674934898575558E+026         -2.5383480155646678E+044         -6.5295397891385984E+042          0.0000000000000000E+000          0.0000000000000000E+000                                1                                2          9.5854056681037489E-008          1.0253330350858956E-007          2.9999999999999999E-001          5.9999999999999998E-001          1.0000000000000000E+000          4.3305672569319598E-001          1.7264556032964405E+053         -5.0461334674735817E+019 
                            3610          1.0134452709171930E+005          7.0906446413877256E+002          4.8546423275011642E+002          2.0259243086533701E+001          1.4379302371404401E+001          1.6974624328048318E+002          1.9851403019727181E+002          8.3830102030594522E-001         -1.0000000000000000E+000          1.2675499153629013E+000          1.7858725824362893E+000         -8.6199345507877856E-001         -8.6198485871226593E-001         -9.5890024442945265E-001         -9.8999999999999986E+001         -9.8999999999999986E+001         -5.7203605044878723E+000         -9.8999999999999986E+001          8.0000000000000004E-001          7.9999010316525587E-001          1.7245406586667180E+053         -2.5925062087429634E+044          0.0000000000000000E+000         -5.6594816520275436E+026         -2.5322510183020337E+044         -6.0255190440929711E+042          0.0000000000000000E+000          0.0000000000000000E+000                                1                                2          9.6407663053890030E-008          1.0256056514517107E-007          2.9999999999999999E-001          5.9999999999999998E-001          1.0000000000000000E+000          4.3304850087302432E-001          1.7245406586667180E+053         -5.1412018304581280E+019 
                            3620          1.0134454842820391E+005          7.0891055928212813E+002          4.8536293747279228E+002          2.0289888027557573E+001          1.4348948349429522E+001          1.6956303598631376E+002          1.9862791834574071E+002          8.3946383011340864E-001         -1.0000000000000000E+000          1.2646208747531618E+000          1.7882157856588632E+000         -8.6293596464554490E-001         -8.6292721647332005E-001         -9.5984269706836645E-001         -9.8999999999999986E+001         -9.8999999999999986E+001         -5.7137005374538807E+000         -9.8999999999999986E+001          8.0000000000000004E-001          7.9998992839596061E-001          1.7227986418068770E+053         -2.5817090113704241E+044          0.0000000000000000E+000         -5.6517649310714862E+026         -2.5262535633193254E+044         -5.5455448051098586E+042          0.0000000000000000E+000          0.0000000000000000E+000                                1                                2          9.6930055272326634E-008          1.0258283109800441E-007          2.9999999999999999E-001          5.9999999999999998E-001          1.0000000000000000E+000          4.3304428505333092E-001          1.7227986418068770E+053         -5.2206505057967366E+019 
                            3630          1.0134457183515980E+005          7.0876170953009057E+002          4.8526100465508051E+002          2.0323265895361654E+001          1.4315568961380315E+001          1.6936554506518326E+002          1.9875641430858673E+002          8.4070789267819079E-001         -1.0000000000000000E+000          1.2614140123739688E+000          1.7907812429090721E+000         -8.6398990551126742E-001         -8.6398097380130034E-001         -9.6089656910655996E-001         -9.8999999999999986E+001         -9.8999999999999986E+001         -5.7057370988364964E+000         -9.8999999999999986E+001          8.0000000000000004E-001          7.9998971709462707E-001          1.7208953336645189E+053         -2.5698063099705803E+044          0.0000000000000000E+000         -5.6428765407888398E+026         -2.5196004852892108E+044         -5.0205824681369535E+042          0.0000000000000000E+000          0.0000000000000000E+000                                1                                2          9.7494051755875618E-008          1.0260437490993293E-007          2.9999999999999999E-001          5.9999999999999998E-001          1.0000000000000000E+000          4.3304391830600381E-001          1.7208953336645189E+053         -5.3172619890010587E+019 
                            3640          1.0134459521183808E+005          7.0863411782675564E+002          4.8516895085979593E+002          2.0356288606219923E+001          1.4282210922291030E+001          1.6917229223627561E+002          1.9888822169091182E+002          8.4188022940177909E-001         -1.0000000000000000E+000          1.2582237615386700E+000          1.7933334103832310E+000         -8.6663536872995128E-001         -8.6662622406672163E-001         -9.6354195246673169E-001         -9.8999999999999986E+001         -9.8999999999999986E+001         -5.6981493513286496E+000         -9.8999999999999986E+001          8.0000000000000004E-001          7.9998947192822545E-001          1.7190060120257263E+053         -2.5487148346319259E+044          0.0000000000000000E+000         -5.6335770538584347E+026         -2.5038001740176699E+044         -4.4914660614256055E+042          0.0000000000000000E+000          0.0000000000000000E+000                                1                                2          9.8057242457679702E-008          1.0262284913610274E-007          2.9999999999999999E-001          5.9999999999999998E-001          1.0000000000000000E+000          4.3304779640974261E-001          1.7190060120257263E+053         -5.4109784793386459E+019 
                            3650          1.0134461875414217E+005          7.0852708064174942E+002          4.8508632470534889E+002          2.0389083949756035E+001          1.4248748454811114E+001          1.6898249071834172E+002          1.9902381687467766E+002          8.4297804874563154E-001         -1.0000000000000000E+000          1.2550378592337026E+000          1.7958820982202031E+000         -8.7024619187387431E-001         -8.7023681105286277E-001         -9.6715268705030599E-001         -9.8999999999999986E+001         -9.8999999999999986E+001         -5.6906869231463526E+000         -9.8999999999999986E+001          8.0000000000000004E-001          7.9998920004733010E-001          1.7171233186557581E+053         -2.5221376244388586E+044          0.0000000000000000E+000         -5.6238308413674417E+026         -2.4825986410167350E+044         -3.9538983422123461E+042          0.0000000000000000E+000          0.0000000000000000E+000                                1                                2          9.8626318404043479E-008          1.0263835236976729E-007          2.9999999999999999E-001          5.9999999999999998E-001          1.0000000000000000E+000          4.3305574521901452E-001          1.7171233186557581E+053         -5.5047580449549214E+019 
                            3660          1.0134464239871789E+005          7.0844092931912189E+002          4.8501338538414802E+002          2.0421545552637191E+001          1.4215290150012409E+001          1.6879673825441759E+002          1.9916277139993906E+002          8.4405179954588749E-001         -1.0000000000000000E+000          1.2518665404309302E+000          1.7984191185299341E+000         -8.7351909990337762E-001         -8.7350949203473682E-001         -9.7042550993578491E-001         -9.8999999999999986E+001         -9.8999999999999986E+001         -5.6835735105071725E+000         -9.8999999999999986E+001          8.0000000000000004E-001          7.9998893865480136E-001          1.7152533550063646E+053         -2.4976127225423802E+044          0.0000000000000000E+000         -5.6136815180914350E+026         -2.4635186511351019E+044         -3.4094071407278090E+042          0.0000000000000000E+000          0.0000000000000000E+000                                1                                2          9.9193044495892747E-008          1.0265083390413806E-007          2.9999999999999999E-001          5.9999999999999998E-001          1.0000000000000000E+000          4.3306787953761816E-001          1.7152533550063646E+053         -5.5956642413283353E+019 
                            3670          1.0134466403677830E+005          7.0838046362104069E+002          4.8495511388598072E+002          2.0450998627349314E+001          1.4184631827744999E+001          1.6863008085140510E+002          1.9929309679727402E+002          8.4496634196090858E-001         -1.0000000000000000E+000          1.2489730800654242E+000          1.8007338545123797E+000         -8.7323137074788060E-001         -8.7322161304614665E-001         -9.7013772459209502E-001         -9.8999999999999986E+001         -9.8999999999999986E+001         -5.6765652243839932E+000         -9.8999999999999986E+001          8.0000000000000004E-001          7.9998876615692405E-001          1.7135510778358455E+053         -2.4937577116935056E+044          0.0000000000000000E+000         -5.6040031573698720E+026         -2.4647680642850735E+044         -2.8989647408432194E+042          0.0000000000000000E+000          0.0000000000000000E+000                                1                                2          9.9721608504975346E-008          1.0265959593901817E-007          2.9999999999999999E-001          5.9999999999999998E-001          1.0000000000000000E+000          4.3308246681551116E-001          1.7135510778358455E+053         -5.6866949693064061E+019 
                            3680          1.0134468544170824E+005          7.0833768167105927E+002          4.8490504478564446E+002          2.0480165153229475E+001          1.4153981048270991E+001          1.6846684743826273E+002          1.9942626913914566E+002          8.4586713513819589E-001         -1.0000000000000000E+000          1.2460921709310075E+000          1.8030385493508034E+000         -8.6935370115985822E-001         -8.6934387966069004E-001         -9.6626003107969771E-001         -9.8999999999999986E+001         -9.8999999999999986E+001         -5.6698572774933051E+000         -9.8999999999999986E+001          8.0000000000000004E-001          7.9998869270906925E-001          1.7118599757537624E+053         -2.5104530804168459E+044          0.0000000000000000E+000         -5.5939961649215300E+026         -2.4865089182525661E+044         -2.3944162164279839E+042          0.0000000000000000E+000          0.0000000000000000E+000                                1                                2          1.0024154573344328E-007          1.0266579634005884E-007          2.9999999999999999E-001          5.9999999999999998E-001          1.0000000000000000E+000          4.3310066622599319E-001          1.7118599757537624E+053         -5.7752113255706157E+019 
                            3690          1.0134470845703785E+005          7.0831092658154853E+002          4.8485988252184399E+002          2.0511450614044360E+001          1.4120778007813684E+001          1.6829375849881995E+002          1.9957373631988179E+002          8.4692072547589969E-001         -1.0000000000000000E+000          1.2429844243306352E+000          1.8055247111438468E+000         -8.6986440209081051E-001         -8.6985438693232664E-001         -9.6677065938737017E-001         -9.8999999999999986E+001         -9.8999999999999986E+001         -5.6618878396598431E+000         -9.8999999999999986E+001          8.0000000000000004E-001          7.9998846975563431E-001          1.7100398374615051E+053         -2.5019901762963705E+044          0.0000000000000000E+000         -5.5828498447401305E+026         -2.4832194937786566E+044         -1.8770682517714078E+042          0.0000000000000000E+000          0.0000000000000000E+000                                1                                2          1.0077146177562168E-007          1.0266967434400836E-007          2.9999999999999999E-001          5.9999999999999998E-001          1.0000000000000000E+000          4.3312460684284348E-001          1.7100398374615051E+053         -5.8821665661229154E+019 
                            3700          1.0134473050406830E+005          7.0830421644278442E+002          4.8482533492896016E+002          2.0541166621937325E+001          1.4088922424858985E+001          1.6813129687815143E+002          1.9971833413886063E+002          8.4762782531527170E-001         -1.0000000000000000E+000          1.2400153510298522E+000          1.8078999352229905E+000         -8.7132775724884737E-001         -8.7131756766909751E-001         -9.6823394913648142E-001         -9.8999999999999986E+001         -9.8999999999999986E+001         -5.6558526610217905E+000         -9.8999999999999986E+001          8.0000000000000004E-001          7.9998826895040165E-001          1.7083049013371587E+053         -2.4877603659998352E+044          0.0000000000000000E+000         -5.5717286326162442E+026         -2.4745362720834929E+044         -1.3224093916342414E+042          0.0000000000000000E+000          0.0000000000000000E+000                                1                                2          1.0133335117729634E-007          1.0267064698788893E-007          2.9999999999999999E-001          5.9999999999999998E-001          1.0000000000000000E+000          4.3315092270117067E-001          1.7083049013371587E+053         -5.9644787681941586E+019 
                            3710          1.0134475349504694E+005          7.0831684813653237E+002          4.8479835119072499E+002          2.0571888370578062E+001          1.4055655744931311E+001          1.6796535633648952E+002          1.9987257734296631E+002          8.4852411041874409E-001         -1.0000000000000000E+000          1.2369276747651081E+000          1.8103700396136049E+000         -8.7229679510253544E-001         -8.7228641105792237E-001         -9.6920291406476611E-001         -9.8999999999999986E+001         -9.8999999999999986E+001         -5.6486113290292961E+000         -9.8999999999999986E+001          8.0000000000000004E-001          7.9998804506975707E-001          1.7065047965951482E+053         -2.4762291175142131E+044          0.0000000000000000E+000         -5.5596517680563190E+026         -2.4687003193120461E+044         -7.5287982021669254E+041          0.0000000000000000E+000          0.0000000000000000E+000                                1                                2          1.0190801392979592E-007          1.0266881602174282E-007          2.9999999999999999E-001          5.9999999999999998E-001          1.0000000000000000E+000          4.3318210789032291E-001          1.7065047965951482E+053         -6.0647629282707153E+019 
                            3720          1.0134477690279834E+005          7.0835030494836326E+002          4.8478036170433057E+002          2.0602889308234257E+001          1.4021734409737880E+001          1.6780003005297945E+002          2.0003326392703653E+002          8.4929900342777132E-001         -1.0000000000000000E+000          1.2337926731876687E+000          1.8128780029767502E+000         -8.7376481135265738E-001         -8.7375421598396907E-001         -9.7067085106716355E-001         -9.8999999999999986E+001         -9.8999999999999986E+001         -5.6413297114358949E+000         -9.8999999999999986E+001          8.0000000000000004E-001          7.9998780177980078E-001          1.7046815008125024E+053         -2.4618391816277074E+044          0.0000000000000000E+000         -5.5470314700801775E+026         -2.4600706575146980E+044         -1.7685241130092171E+041          0.0000000000000000E+000          0.0000000000000000E+000                                1                                2          1.0248564439996163E-007          1.0266396676674209E-007          2.9999999999999999E-001          5.9999999999999998E-001          1.0000000000000000E+000          4.3321825892419163E-001          1.7046815008125024E+053         -6.1673052817548272E+019 
                            3730          1.0134480032558636E+005          7.0840453748040784E+002          4.8477192327410830E+002          2.0633621120192842E+001          1.3987749224700051E+001          1.6763828216847256E+002          2.0019769731365238E+002          8.5003744860582986E-001         -1.0000000000000000E+000          1.2306651977172776E+000          1.8153799448066696E+000         -8.7479235088108476E-001         -8.7478156412861796E-001         -9.7169831882556967E-001         -9.8999999999999986E+001         -9.8999999999999986E+001         -5.6345825160731300E+000         -9.8999999999999986E+001          8.0000000000000004E-001          7.9998758144650717E-001          1.7028670547728406E+053         -2.4499794543459189E+044          0.0000000000000000E+000         -5.5339991621836283E+026         -2.4539833175336735E+044          4.0038631877543581E+041          0.0000000000000000E+000          0.0000000000000000E+000                                1                                2          1.0306179286557869E-007          1.0265610723652606E-007          2.9999999999999999E-001          5.9999999999999998E-001          1.0000000000000000E+000          4.3325858092641301E-001          1.7028670547728406E+053         -6.2638686454949478E+019 
                            3740          1.0134482358911615E+005          7.0847892157736919E+002          4.8477298615824878E+002          2.0663865118380865E+001          1.3953946186038502E+001          1.6748122408156382E+002          2.0036466236669256E+002          8.5072134021464851E-001         -1.0000000000000000E+000          1.2275676368745398E+000          1.8178579545795477E+000         -8.7628649355734012E-001         -8.7627548019790880E-001         -9.7319237652288038E-001         -9.8999999999999986E+001         -9.8999999999999986E+001         -5.6270474450902794E+000         -9.8999999999999986E+001          8.0000000000000004E-001          7.9998732056214583E-001          1.7010744176536357E+053         -2.4356612429511006E+044          0.0000000000000000E+000         -5.5206977080634071E+026         -2.4453089945355140E+044          9.6477515844133902E+041          0.0000000000000000E+000          0.0000000000000000E+000                                1                                2          1.0362220011411768E-007          1.0264532924214712E-007          2.9999999999999999E-001          5.9999999999999998E-001          1.0000000000000000E+000          4.3330272132257203E-001          1.7010744176536357E+053         -6.3734959311290073E+019 
                            3750          1.0134484505092443E+005          7.0856563539089188E+002          4.8478230191320853E+002          2.0691508979442460E+001          1.3922730979124912E+001          1.6733954684061416E+002          2.0052186588161183E+002          8.5137688685078272E-001         -1.0000000000000000E+000          1.2247187238524502E+000          1.8201370485345012E+000         -8.7780537297617467E-001         -8.7779414906954556E-001         -9.7471117698525245E-001         -9.8999999999999986E+001         -9.8999999999999986E+001         -5.6203419871271878E+000         -9.8999999999999986E+001          8.0000000000000004E-001          7.9998707816693204E-001          1.6994296517704075E+053         -2.4214177673520684E+044          0.0000000000000000E+000         -5.5079857671888546E+026         -2.4365673592498899E+044          1.5149591897821463E+042          0.0000000000000000E+000          0.0000000000000000E+000                                1                                2          1.0416709716990033E-007          1.0263276757178900E-007          2.9999999999999999E-001          5.9999999999999998E-001          1.0000000000000000E+000          4.3334709140472499E-001          1.6994296517704075E+053         -6.4726656058269475E+019 
                            3760          1.0134486851208356E+005          7.0868011373066906E+002          4.8480154849784174E+002          2.0721451021223803E+001          1.3888571458437562E+001          1.6718813829718579E+002          2.0069719344846234E+002          8.5200843527439962E-001         -1.0000000000000000E+000          1.2216135091721301E+000          1.8226211797900309E+000         -8.7878367265244250E-001         -8.7877224464295078E-001         -9.7568940012169925E-001         -9.8999999999999986E+001         -9.8999999999999986E+001         -5.6134936374979887E+000         -9.8999999999999986E+001          8.0000000000000004E-001          7.9998684319095548E-001          1.6976411837291471E+053         -2.4099140228043837E+044          0.0000000000000000E+000         -5.4937737507601545E+026         -2.4308849321389857E+044          2.0970909334601971E+042          0.0000000000000000E+000          0.0000000000000000E+000                                1                                2          1.0474239059463653E-007          1.0261618854182794E-007          2.9999999999999999E-001          5.9999999999999998E-001          1.0000000000000000E+000          4.3339951193925869E-001          1.6976411837291471E+053         -6.5755414609649730E+019 
                            3770          1.0134489198081367E+005          7.0881521440484039E+002          4.8483027841598715E+002          2.0751108857218448E+001          1.3854367568317191E+001          1.6704031447288554E+002          2.0087620667079355E+002          8.5251855452765146E-001         -1.0000000000000000E+000          1.2185171389071270E+000          1.8250982348463456E+000         -8.8026464351292899E-001         -8.8025299249679634E-001         -9.7717028735330658E-001         -9.8999999999999986E+001         -9.8999999999999986E+001         -5.6065812856688648E+000         -9.8999999999999986E+001          8.0000000000000004E-001          7.9998658645189391E-001          1.6958623513836279E+053         -2.3955526282358357E+044          0.0000000000000000E+000         -5.4791722123643301E+026         -2.4224348234329562E+044          2.6882195197120487E+042          0.0000000000000000E+000          0.0000000000000000E+000                                1                                2          1.0532476097621904E-007          1.0259662982473050E-007          2.9999999999999999E-001          5.9999999999999998E-001          1.0000000000000000E+000          4.3345605574441121E-001          1.6958623513836279E+053         -6.6810369292596437E+019 
                            3780          1.0134491539264892E+005          7.0897042304524700E+002          4.8486834863053576E+002          2.0780397116564146E+001          1.3820220160148741E+001          1.6689647349837827E+002          2.0105837133615748E+002          8.5303302417889448E-001         -1.0000000000000000E+000          1.2154385664805241E+000          1.8275610510955065E+000         -8.8165720894330823E-001         -8.8164534566524233E-001         -9.7856277318411400E-001         -9.8999999999999986E+001         -9.8999999999999986E+001         -5.6001328385363065E+000         -9.8999999999999986E+001          8.0000000000000004E-001          7.9998634208292785E-001          1.6940982901036876E+053         -2.3817625632895691E+044          0.0000000000000000E+000         -5.4642534965629212E+026         -2.4145297013036737E+044          3.2767138014104807E+042          0.0000000000000000E+000          0.0000000000000000E+000                                1                                2          1.0590350987920499E-007          1.0257416924963769E-007          2.9999999999999999E-001          5.9999999999999998E-001          1.0000000000000000E+000          4.3351647430583368E-001          1.6940982901036876E+053         -6.7809777513869935E+019 
                            3790          1.0134493859559955E+005          7.0914440685397312E+002          4.8491534494772435E+002          2.0809142396383979E+001          1.3786338726004299E+001          1.6675741180682434E+002          2.0124251812524022E+002          8.5348851023192762E-001         -1.0000000000000000E+000          1.2123963389430996E+000          1.8299947911720635E+000         -8.8325132627558389E-001         -8.8323923865281428E-001         -9.8015680638567593E-001         -9.8999999999999986E+001         -9.8999999999999986E+001         -5.5935906556501713E+000         -9.8999999999999986E+001          8.0000000000000004E-001          7.9998608380366454E-001          1.6923595616401294E+053         -2.3672144520499948E+044          0.0000000000000000E+000         -5.4491777164494240E+026         -2.4055573877897012E+044          3.8342935739706483E+042          0.0000000000000000E+000          0.0000000000000000E+000                                1                                2          1.0644696806395701E-007          1.0254900336738509E-007          2.9999999999999999E-001          5.9999999999999998E-001          1.0000000000000000E+000          4.3358012667280649E-001          1.6923595616401294E+053         -6.8838991991227482E+019 
                            3800          1.0134496170348124E+005          7.0933728291114960E+002          4.8497120422043520E+002          2.0837449175339124E+001          1.3752609185704303E+001          1.6662255947881087E+002          2.0142919984274278E+002          8.5391894366374077E-001         -1.0000000000000000E+000          1.2093798219932204E+000          1.8324079623130680E+000         -8.8579221686856147E-001         -8.8577988777162375E-001         -9.8269760642424941E-001         -9.8999999999999986E+001         -9.8999999999999986E+001         -5.5875410563473915E+000         -9.8999999999999986E+001          8.0000000000000004E-001          7.9998580580406953E-001          1.6906399927032868E+053         -2.3472416736568486E+044          0.0000000000000000E+000         -5.4338974448497347E+026         -2.3914215845001765E+044          4.4179910843327860E+042          0.0000000000000000E+000          0.0000000000000000E+000                                1                                2          1.0702141013666664E-007          1.0252111924524266E-007          2.9999999999999999E-001          5.9999999999999998E-001          1.0000000000000000E+000          4.3364706397981811E-001          1.6906399927032868E+053         -6.9804609455446786E+019 
                            3810          1.0134498441047865E+005          7.0954505315134236E+002          4.8503464622271002E+002          2.0864842185594465E+001          1.3719611061979167E+001          1.6649409480998185E+002          2.0161510201005484E+002          8.5416058523839644E-001         -1.0000000000000000E+000          1.2064403245704483E+000          1.8347595179471858E+000         -8.8993492236823091E-001         -8.8992228421260577E-001         -9.8684019602482898E-001         -9.8999999999999986E+001         -9.8999999999999986E+001         -5.5809311756360760E+000         -9.8999999999999986E+001          8.0000000000000004E-001          7.9998544999733401E-001          1.6889687893954540E+053         -2.3185017522547246E+044          0.0000000000000000E+000         -5.4182591576033494E+026         -2.3686479944342500E+044          5.0146242179525498E+042          0.0000000000000000E+000          0.0000000000000000E+000                                1                                2          1.0760670027812530E-007          1.0249109882937787E-007          2.9999999999999999E-001          5.9999999999999998E-001          1.0000000000000000E+000          4.3371748311901931E-001          1.6889687893954540E+053         -7.0875148580613808E+019 
                            3820          1.0134500823329335E+005          7.0978178488160893E+002          4.8511005402084049E+002          2.0893088119928116E+001          1.3685205275346627E+001          1.6636378343896584E+002          2.0181238946788696E+002          8.5448379340418279E-001         -1.0000000000000000E+000          1.2033875553548237E+000          1.8372016882893543E+000         -8.9448291844162986E-001         -8.9446995606542923E-001         -9.9138807051327260E-001         -9.8999999999999986E+001         -9.8999999999999986E+001         -5.5744780869097630E+000         -9.8999999999999986E+001          8.0000000000000004E-001          7.9998507673560360E-001          1.6872379736985053E+053         -2.2877990844099490E+044          0.0000000000000000E+000         -5.4017955434267323E+026         -2.3439198695188382E+044          5.6120785108889266E+042          0.0000000000000000E+000          0.0000000000000000E+000                                1                                2          1.0819105384991826E-007          1.0245691523143325E-007          2.9999999999999999E-001          5.9999999999999998E-001          1.0000000000000000E+000          4.3379427936817749E-001          1.6872379736985053E+053         -7.1936130167808172E+019 
                            3830          1.0134503177709268E+005          7.1003476759528860E+002          4.8519346065449059E+002          2.0920587492238415E+001          1.3651328833536935E+001          1.6623905659873049E+002          2.0201007432668689E+002          8.5468593008148541E-001         -1.0000000000000000E+000          1.2003936504177508E+000          1.8395967670925610E+000         -8.9644766253876695E-001         -8.9643446118825043E-001         -9.9335272499335403E-001         -9.8999999999999986E+001         -9.8999999999999986E+001         -5.5685089707234141E+000         -9.8999999999999986E+001          8.0000000000000004E-001          7.9998480161454222E-001          1.6855452590076838E+053         -2.2712626583410173E+044          0.0000000000000000E+000         -5.3850749324053103E+026         -2.3333142899862995E+044          6.2051631645282333E+042          0.0000000000000000E+000          0.0000000000000000E+000                                1                                2          1.0877983360868578E-007          1.0242041021839243E-007          2.9999999999999999E-001          5.9999999999999998E-001          1.0000000000000000E+000          4.3387455729828400E-001          1.6855452590076838E+053         -7.2931674877215334E+019 
                            3840          1.0134505575395812E+005          7.1031291765398237E+002          4.8528776485936555E+002          2.0948342530578625E+001          1.3616752754638316E+001          1.6611532278303386E+002          2.0221529978181206E+002          8.5493981003014319E-001         -1.0000000000000000E+000          1.1973497327347919E+000          1.8420318545977317E+000         -8.9528613865020790E-001         -8.9527278282693534E-001         -9.9219114317640456E-001         -9.8999999999999986E+001         -9.8999999999999986E+001         -5.5622950682766374E+000         -9.8999999999999986E+001          8.0000000000000004E-001          7.9998462377664714E-001          1.6838288404519036E+053         -2.2715557209791364E+044          0.0000000000000000E+000         -5.3678494352287725E+026         -2.3395552400494654E+044          6.7999519070328843E+042          0.0000000000000000E+000          0.0000000000000000E+000                                1                                2          1.0936423418546457E-007          1.0238030360846652E-007          2.9999999999999999E-001          5.9999999999999998E-001          1.0000000000000000E+000          4.3395974940719467E-001          1.6838288404519036E+053         -7.3982685153782563E+019 
                            3850          1.0134507736569025E+005          7.1058334804941580E+002          4.8538150179670458E+002          2.0973366391345380E+001          1.3585248240084242E+001          1.6600560274300796E+002          2.0240525675376446E+002          8.5509728683193875E-001         -1.0000000000000000E+000          1.1945861998635994E+000          1.8442426382654631E+000         -8.9239077370057307E-001         -8.9237732545144866E-001         -9.8929574356640670E-001         -9.8999999999999986E+001         -9.8999999999999986E+001         -5.5564045751729170E+000         -9.8999999999999986E+001          8.0000000000000004E-001          7.9998451737073628E-001          1.6822741513750510E+053         -2.2817159692697386E+044          0.0000000000000000E+000         -5.3518465351624852E+026         -2.3552173165957135E+044          7.3501347325974781E+042          0.0000000000000000E+000          0.0000000000000000E+000                                1                                2          1.0990124473727272E-007          1.0234134020457388E-007          2.9999999999999999E-001          5.9999999999999998E-001          1.0000000000000000E+000          4.3404084509912993E-001          1.6822741513750510E+053         -7.4992975040940671E+019 
                            3860          1.0134510099416376E+005          7.1089900430343494E+002          4.8549302882919449E+002          2.1000548088936480E+001          1.3550658759424691E+001          1.6588845916933212E+002          2.0261709227552439E+002          8.5529403483963073E-001         -1.0000000000000000E+000          1.1915629691319189E+000          1.8466611755569879E+000         -8.9385002188258311E-001         -8.9383632070028185E-001         -9.9075489689662244E-001         -9.8999999999999986E+001         -9.8999999999999986E+001         -5.5497713976825764E+000         -9.8999999999999986E+001          8.0000000000000004E-001          7.9998422617975706E-001          1.6805774790129428E+053         -2.2679596083751967E+044          0.0000000000000000E+000         -5.3340003345335694E+026         -2.3473527614103859E+044          7.9393153035189354E+042          0.0000000000000000E+000          0.0000000000000000E+000                                1                                2          1.1047803764992247E-007          1.0229589818835961E-007          2.9999999999999999E-001          5.9999999999999998E-001          1.0000000000000000E+000          4.3413342725871895E-001          1.6805774790129428E+053         -7.6147168742051643E+019 
                            3870          1.0134512433588818E+005          7.1123038692870296E+002          4.8561217967293612E+002          2.1027096387868010E+001          1.3516487750520534E+001          1.6577618296956163E+002          2.0282978892338170E+002          8.5540766098477361E-001         -1.0000000000000000E+000          1.1885875912034918E+000          1.8490414305075067E+000         -8.9538255830916635E-001         -8.9536861090714159E-001         -9.9228734098897242E-001         -9.8999999999999986E+001         -9.8999999999999986E+001         -5.5435685365426934E+000         -9.8999999999999986E+001          8.0000000000000004E-001          7.9998394271784801E-001          1.6789121882570690E+053         -2.2542712871160265E+044          0.0000000000000000E+000         -5.3162050993498023E+026         -2.3391373156716054E+044          8.4866028555578941E+042          0.0000000000000000E+000          0.0000000000000000E+000                                1                                2          1.1102321901503496E-007          1.0224823559699847E-007          2.9999999999999999E-001          5.9999999999999998E-001          1.0000000000000000E+000          4.3422795922066793E-001          1.6789121882570690E+053         -7.7242553339455422E+019 
                            3880          1.0134514669440976E+005          7.1156585884664230E+002          4.8573460132713666E+002          2.1052235643499003E+001          1.3483766966838351E+001          1.6567186125031171E+002          2.0303664934271615E+002          8.5539041187109699E-001         -1.0000000000000000E+000          1.1857488649434178E+000          1.8513123654682617E+000         -8.9696011021849154E-001         -8.9694593187592664E-001         -9.9386480629384233E-001         -9.8999999999999986E+001         -9.8999999999999986E+001         -5.5380138271278181E+000         -9.8999999999999986E+001          8.0000000000000004E-001          7.9998367684633476E-001          1.6773276084409482E+053         -2.2399679340525323E+044          0.0000000000000000E+000         -5.2987136677371639E+026         -2.3307315864781956E+044          9.0763652425663447E+042          0.0000000000000000E+000          0.0000000000000000E+000                                1                                2          1.1160460063647601E-007          1.0220003006370148E-007          2.9999999999999999E-001          5.9999999999999998E-001          1.0000000000000000E+000          4.3432284922189301E-001          1.6773276084409482E+053         -7.8236845395802522E+019 
                            3890          1.0134517002327117E+005          7.1193442600154572E+002          4.8587085727842151E+002          2.1078154019618044E+001          1.3449652224276141E+001          1.6556638281944097E+002          2.0325563893532274E+002          8.5534904034314629E-001         -1.0000000000000000E+000          1.1827998495915399E+000          1.8536715290728141E+000         -9.0307563231744736E-001         -9.0306103368141932E-001         -9.9998017077948598E-001         -9.8999999999999986E+001         -9.8999999999999986E+001         -5.5314423233567362E+000         -9.8999999999999986E+001          8.0000000000000004E-001          7.9998319298163412E-001          1.6756858356750207E+053         -2.2016335122588320E+044          0.0000000000000000E+000         -5.2799607088727549E+026         -2.2982481901143234E+044          9.6614677855491567E+042          0.0000000000000000E+000          0.0000000000000000E+000                                1                                2          1.1218980528429005E-007          1.0214712129438801E-007          2.9999999999999999E-001          5.9999999999999998E-001          1.0000000000000000E+000          4.3442670538544043E-001          1.6756858356750207E+053         -7.9429683972807049E+019 
                            3900          1.0134519403006726E+005          7.1232951650901100E+002          4.8601875070743387E+002          2.1104160190901769E+001          1.3414999386281636E+001          1.6546285877762864E+002          2.0348172953366301E+002          8.5533858566745269E-001         -1.0000000000000000E+000          1.1798159546406468E+000          1.8560585942314689E+000         -9.0776817813690702E-001         -9.0775322962305882E-001         -1.0046725853919733E+000         -9.8999999999999986E+001         -9.8999999999999986E+001         -5.5258489570391331E+000         -9.8999999999999986E+001          8.0000000000000004E-001          7.9998279018360996E-001          1.6740301595449760E+053         -2.1712095429482577E+044          0.0000000000000000E+000         -5.2608130432461884E+026         -2.2736726308670763E+044          1.0246308791881855E+043          0.0000000000000000E+000          0.0000000000000000E+000                                1                                2          1.1277730264638414E-007          1.0209046583219952E-007          2.9999999999999999E-001          5.9999999999999998E-001          1.0000000000000000E+000          4.3453508776759675E-001          1.6740301595449760E+053         -8.0459290935982948E+019 
                            3910          1.0134521826908812E+005          7.1274702876600020E+002          4.8617672413831667E+002          2.1129996447767002E+001          1.3380155915689532E+001          1.6536227601819343E+002          2.0371265252561025E+002          8.5523858166073119E-001         -1.0000000000000000E+000          1.1768268899747347E+000          1.8584497939702354E+000         -9.0980408941355817E-001         -9.0978885792737818E-001         -1.0067083905516958E+000         -9.8999999999999986E+001         -9.8999999999999986E+001         -5.5197404641656922E+000         -9.8999999999999986E+001          8.0000000000000004E-001          7.9998246441099297E-001          1.6723766069580752E+053         -2.1548737736208823E+044          0.0000000000000000E+000         -5.2412401954516390E+026         -2.2631842477788874E+044          1.0831047415800531E+043          0.0000000000000000E+000          0.0000000000000000E+000                                1                                2          1.1336382222174148E-007          1.0203066337903395E-007          2.9999999999999999E-001          5.9999999999999998E-001          1.0000000000000000E+000          4.3464811406383064E-001          1.6723766069580752E+053         -8.1598973194012656E+019 
                            3920          1.0134524255438503E+005          7.1318494621907905E+002          4.8634398372082438E+002          2.1155559474637801E+001          1.3345267847841827E+001          1.6526498694583984E+002          2.0394741112197804E+002          8.5505464593400538E-001         -1.0000000000000000E+000          1.1738449108622395E+000          1.8608353244676927E+000         -9.1181365111263979E-001         -9.1179813742614224E-001         -1.0087178464233171E+000         -9.8999999999999986E+001         -9.8999999999999986E+001         -5.5137771546088290E+000         -9.8999999999999986E+001          8.0000000000000004E-001          7.9998213952737074E-001          1.6707316430178052E+053         -2.1387313227620517E+044          0.0000000000000000E+000         -5.2213430958324430E+026         -2.2529027202290236E+044          1.1417139746697191E+043          0.0000000000000000E+000          0.0000000000000000E+000                                1                                2          1.1395603291572234E-007          1.0196801341918866E-007          2.9999999999999999E-001          5.9999999999999998E-001          1.0000000000000000E+000          4.3476519004756803E-001          1.6707316430178052E+053         -8.2727138664491827E+019 
                            3930          1.0134526688031064E+005          7.1364317943903131E+002          4.8652048755421225E+002          2.1180844062048639E+001          1.3310343128908720E+001          1.6517099817115110E+002          2.0418596518851501E+002          8.5485835585645586E-001         -1.0000000000000000E+000          1.1708705888331059E+000          1.8632147284805853E+000         -9.1341351964763240E-001         -9.1339773393330237E-001         -1.0103176129455751E+000         -9.8999999999999986E+001         -9.8999999999999986E+001         -5.5078276588244037E+000         -9.8999999999999986E+001          8.0000000000000004E-001          7.9998182635503989E-001          1.6690955795011903E+053         -2.1249090677937687E+044          0.0000000000000000E+000         -5.2011314959117157E+026         -2.2448060671969265E+044          1.1989699940315794E+043          0.0000000000000000E+000          0.0000000000000000E+000                                1                                2          1.1454409008697279E-007          1.0190253933848921E-007          2.9999999999999999E-001          5.9999999999999998E-001          1.0000000000000000E+000          4.3488628494961540E-001          1.6690955795011903E+053         -8.3868234176178110E+019 
                            3940          1.0134529123831459E+005          7.1412143857684021E+002          4.8670611317902137E+002          2.1205836997401221E+001          1.3275401720323131E+001          1.6508034101439588E+002          2.0442818504555242E+002          8.5448910297735770E-001         -1.0000000000000000E+000          1.1679054944939580E+000          1.8655867495665743E+000         -9.1546276263611925E-001         -9.1544669232953702E-001         -1.0123667492095212E+000         -9.8999999999999986E+001         -9.8999999999999986E+001         -5.5021168366190034E+000         -9.8999999999999986E+001          8.0000000000000004E-001          7.9998149871811775E-001          1.6674692557347461E+053         -2.1088858753440032E+044          0.0000000000000000E+000         -5.1806250020309353E+026         -2.2344466395572859E+044          1.2556076421328269E+043          0.0000000000000000E+000          0.0000000000000000E+000                                1                                2          1.1512606358404449E-007          1.0183429349405455E-007          2.9999999999999999E-001          5.9999999999999998E-001          1.0000000000000000E+000          4.3501129813810768E-001          1.6674692557347461E+053         -8.4978355301853020E+019 
                            3950          1.0134531340714380E+005          7.1457462001387921E+002          4.8688315254069295E+002          2.1228373866031895E+001          1.3243531533376670E+001          1.6500052457658953E+002          2.0465217014072203E+002          8.5432928352465343E-001         -1.0000000000000000E+000          1.1652100334022633E+000          1.8677430683179717E+000         -9.1392560864128425E-001         -9.1390940767246198E-001         -1.0108295462152082E+000         -9.8999999999999986E+001         -9.8999999999999986E+001         -5.4970627931742788E+000         -9.8999999999999986E+001          8.0000000000000004E-001          7.9998134829324385E-001          1.6659946561409505E+053         -2.1118110832984913E+044          0.0000000000000000E+000         -5.1616378562787662E+026         -2.2425780880331634E+044          1.3076700473467212E+043          0.0000000000000000E+000          0.0000000000000000E+000                                1                                2          1.1566604215751723E-007          1.0176971043978292E-007          2.9999999999999999E-001          5.9999999999999998E-001          1.0000000000000000E+000          4.3512891489542543E-001          1.6659946561409505E+053         -8.5973056070173131E+019 
                            3960          1.0134533534248651E+005          7.1504260763065122E+002          4.8706694772081380E+002          2.1250666132961669E+001          1.3211682179153971E+001          1.6492328816993646E+002          2.0487875704781919E+002          8.5409738392782542E-001         -1.0000000000000000E+000          1.1625242315365123E+000          1.8698916595829158E+000         -9.1131870332926501E-001         -9.1130237312467355E-001         -1.0082225924386410E+000         -9.8999999999999986E+001         -9.8999999999999986E+001         -5.4910051836984559E+000         -9.8999999999999986E+001          8.0000000000000004E-001          7.9998119951063840E-001          1.6645281161387905E+053         -2.1202886391622907E+044          0.0000000000000000E+000         -5.1424707237019746E+026         -2.2563054154239442E+044          1.3601677626165373E+043          0.0000000000000000E+000          0.0000000000000000E+000                                1                                2          1.1619822161209470E-007          1.0170310327016808E-007          2.9999999999999999E-001          5.9999999999999998E-001          1.0000000000000000E+000          4.3524928232377696E-001          1.6645281161387905E+053         -8.7180624221622665E+019 
                            3970          1.0134535939232289E+005          7.1557552167272684E+002          4.8727736874537561E+002          2.1274909901484740E+001          1.3176650318156286E+001          1.6484137332888085E+002          2.0513128452026112E+002          8.5370828356003692E-001         -1.0000000000000000E+000          1.1595794927116265E+000          1.8722473948524061E+000         -9.1290699500589823E-001         -9.1289040391222942E-001         -1.0098107862795527E+000         -9.8999999999999986E+001         -9.8999999999999986E+001         -5.4857099554804405E+000         -9.8999999999999986E+001          8.0000000000000004E-001          7.9998089916237214E-001          1.6629240365194991E+053         -2.1067421286288857E+044          0.0000000000000000E+000         -5.1211503870364594E+026         -2.2483358834042711E+044          1.4159375477538529E+043          0.0000000000000000E+000          0.0000000000000000E+000                                1                                2          1.1678196112106628E-007          1.0162736142292233E-007          2.9999999999999999E-001          5.9999999999999998E-001          1.0000000000000000E+000          4.3538512466574997E-001          1.6629240365194991E+053         -8.8250099252698825E+019 
                            3980          1.0134538342646314E+005          7.1612704684298808E+002          4.8749629912070446E+002          2.1298819244471826E+001          1.3141675038038972E+001          1.6476284213120238E+002          2.0538694075206689E+002          8.5323722325443319E-001         -1.0000000000000000E+000          1.1566495468989548E+000          1.8745912950437100E+000         -9.1487459222394441E-001         -9.1485773959189964E-001         -1.0117782854183477E+000         -9.8999999999999986E+001         -9.8999999999999986E+001         -5.4808846985286070E+000         -9.8999999999999986E+001          8.0000000000000004E-001          7.9998059806678268E-001          1.6613324831617498E+053         -2.0914920550822216E+044          0.0000000000000000E+000         -5.0996295970722062E+026         -2.2384578224748974E+044          1.4696576739267580E+043          0.0000000000000000E+000          0.0000000000000000E+000                                1                                2          1.1736430831088500E-007          1.0154909312114671E-007          2.9999999999999999E-001          5.9999999999999998E-001          1.0000000000000000E+000          4.3552433357261483E-001          1.6613324831617498E+053         -8.9236074923191124E+019 
                            3990          1.0134540728186491E+005          7.1669263510656447E+002          4.8772191207485696E+002          2.1322210756372044E+001          1.3107030775228248E+001          1.6468825957905827E+002          2.0564368729883623E+002          8.5284411983814368E-001         -1.0000000000000000E+000          1.1537571665050259E+000          1.8769051425734822E+000         -9.1809621175363365E-001         -9.1807898768510476E-001         -1.0149997656559400E+000         -9.8999999999999986E+001         -9.8999999999999986E+001         -5.4746381262432351E+000         -9.8999999999999986E+001          8.0000000000000004E-001          7.9998017045150382E-001          1.6597658508226405E+053         -2.0700776435387554E+044          0.0000000000000000E+000         -5.0782070244185366E+026         -2.2222102831069875E+044          1.5213263956823199E+043          0.0000000000000000E+000          0.0000000000000000E+000                                1                                2          1.1791424561985479E-007          1.0146895419905830E-007          2.9999999999999999E-001          5.9999999999999998E-001          1.0000000000000000E+000          4.3566488171883422E-001          1.6597658508226405E+053         -9.0528855885120160E+019 
                            4000          1.0134543114484087E+005          7.1727465849334499E+002          4.8795514899414519E+002          2.1345181248890459E+001          1.3072574402392309E+001          1.6461731591608390E+002          2.0590259149696166E+002          8.5230603041596109E-001         -1.0000000000000000E+000          1.1508903371126067E+000          1.8791985485865443E+000         -9.2254456747060676E-001         -9.2252696240118814E-001         -1.0194479784939987E+000         -9.8999999999999986E+001         -9.8999999999999986E+001         -5.4695842943114918E+000         -9.8999999999999986E+001          8.0000000000000004E-001          7.9997973182560767E-001          1.6582179402586636E+053         -2.0422673920080556E+044          0.0000000000000000E+000         -5.0567692079313290E+026         -2.1998719468617508E+044          1.5760455485369505E+043          0.0000000000000000E+000          0.0000000000000000E+000                                1                                2          1.1849364240008569E-007          1.0138661850843170E-007          2.9999999999999999E-001          5.9999999999999998E-001          1.0000000000000000E+000          4.3580749725124002E-001          1.6582179402586636E+053         -9.1588482558201643E+019 
                            4010          1.0134545565570862E+005          7.1788808669469017E+002          4.8820203171470473E+002          2.1368289536551124E+001          1.3037455397653869E+001          1.6454834669809910E+002          2.0617015977448588E+002          8.5171397364565282E-001         -1.0000000000000000E+000          1.1479784958709032E+000          1.8815279618075036E+000         -9.2740564377402557E-001         -9.2738762691607701E-001         -1.0243089003727608E+000         -9.8999999999999986E+001         -9.8999999999999986E+001         -5.4644038521776244E+000         -9.8999999999999986E+001          8.0000000000000004E-001          7.9997925775598533E-001          1.6566509302593255E+053         -2.0127044947953108E+044          0.0000000000000000E+000         -5.0343383741968754E+026         -2.1757277695646932E+044          1.6302327476938239E+043          0.0000000000000000E+000          0.0000000000000000E+000                                1                                2          1.1908220249808007E-007          1.0129998465534960E-007          2.9999999999999999E-001          5.9999999999999998E-001          1.0000000000000000E+000          4.3595907339333440E-001          1.6566509302593255E+053         -9.2687529330528207E+019 
                            4020          1.0134547894169757E+005          7.1848549648767789E+002          4.8844340559704648E+002          2.1389811185210782E+001          1.3004322429165631E+001          1.6448634593153128E+002          2.0642601048202405E+002          8.5113438582650802E-001         -1.0000000000000000E+000          1.1452405659298661E+000          1.8837182483221073E+000         -9.3076802805564796E-001         -9.3074965194385395E-001         -1.0276711499306632E+000         -9.8999999999999986E+001         -9.8999999999999986E+001         -5.4591914869581952E+000         -9.8999999999999986E+001          8.0000000000000004E-001          7.9997884416703979E-001          1.6551823179601046E+053         -1.9910174167360809E+044          0.0000000000000000E+000         -5.0123266392020167E+026         -2.1593096000378885E+044          1.6829218330180748E+043          0.0000000000000000E+000          0.0000000000000000E+000                                1                                2          1.1967593240974018E-007          1.0121575525453574E-007          2.9999999999999999E-001          5.9999999999999998E-001          1.0000000000000000E+000          4.3611033313873337E-001          1.6551823179601046E+053         -9.3806659547112161E+019 
                            4030          1.0134550376081797E+005          7.1913972496525457E+002          4.8870864804288613E+002          2.1412408994282575E+001          1.2969095249943553E+001          1.6442352525295723E+002          2.0670154308551105E+002          8.5046985326156121E-001         -1.0000000000000000E+000          1.1423388506638184E+000          1.8860395585866969E+000         -9.3290650812049536E-001         -9.3288784045440887E-001         -1.0298095206597366E+000         -9.8999999999999986E+001         -9.8999999999999986E+001         -5.4544934215979062E+000         -9.8999999999999986E+001          8.0000000000000004E-001          7.9997850851707120E-001          1.6536302771953223E+053         -1.9755587616085635E+044          0.0000000000000000E+000         -4.9893239321220706E+026         -2.1490811462524517E+044          1.7352238464388833E+043          0.0000000000000000E+000          0.0000000000000000E+000                                1                                2          1.2026303293158505E-007          1.0112367547202872E-007          2.9999999999999999E-001          5.9999999999999998E-001          1.0000000000000000E+000          4.3627014341879061E-001          1.6536302771953223E+053         -9.4826939995946025E+019 
                            4040          1.0134552629069590E+005          7.1975126153282395E+002          4.8895733499225759E+002          2.1432718186282898E+001          1.2937054512005401E+001          1.6436904155886455E+002          2.0695520928616810E+002          8.4997389778651178E-001         -1.0000000000000000E+000          1.1397074913384730E+000          1.8881445891709752E+000         -9.3113035038696923E-001         -9.3111152122289154E-001         -1.0280333023628299E+000         -9.8999999999999986E+001         -9.8999999999999986E+001         -5.4489761671541190E+000         -9.8999999999999986E+001          8.0000000000000004E-001          7.9997832259366430E-001          1.6522263180576631E+053         -1.9801446695291619E+044          0.0000000000000000E+000         -4.9681956098314311E+026         -2.1582496481644518E+044          1.7810497863528984E+043          0.0000000000000000E+000          0.0000000000000000E+000                                1                                2          1.2079280695177836E-007          1.0103775575406053E-007          2.9999999999999999E-001          5.9999999999999998E-001          1.0000000000000000E+000          4.3641876369060562E-001          1.6522263180576631E+053         -9.6039301075784745E+019 
                            4050          1.0134554863518824E+005          7.2037773452925433E+002          4.8921272075391784E+002          2.1452830456278456E+001          1.2904988692144961E+001          1.6431680231858090E+002          2.0721179022624946E+002          8.4920380897631342E-001         -1.0000000000000000E+000          1.1370808049089018E+000          1.8902458812418228E+000         -9.2891568707101346E-001         -9.2889676596805526E-001         -1.0258186045688573E+000         -9.8999999999999986E+001         -9.8999999999999986E+001         -5.4446460488589423E+000         -9.8999999999999986E+001          8.0000000000000004E-001          7.9997821674971636E-001          1.6508270775191627E+053         -1.9867394112835947E+044          0.0000000000000000E+000         -4.9468788135616446E+026         -2.1696612191300710E+044          1.8292180784647627E+043          0.0000000000000000E+000          0.0000000000000000E+000                                1                                2          1.2132594409963820E-007          1.0094988876072372E-007          2.9999999999999999E-001          5.9999999999999998E-001          1.0000000000000000E+000          4.3657032297303539E-001          1.6508270775191627E+053         -9.7001647193746571E+019 
                            4060          1.0134557315540200E+005          7.2108467059262910E+002          4.8950165701926062E+002          2.1474695170163471E+001          1.2869712645498774E+001          1.6426215210112647E+002          2.0749737403011065E+002          8.4847165412676373E-001         -1.0000000000000000E+000          1.1341994129432929E+000          1.8925509314813156E+000         -9.3094825959908734E-001         -9.3092901853227517E-001         -1.0278510571071910E+000         -9.8999999999999986E+001         -9.8999999999999986E+001         -5.4393957626895872E+000         -9.8999999999999986E+001          8.0000000000000004E-001          7.9997784839390085E-001          1.6492956212659132E+053         -1.9719405299329774E+044          0.0000000000000000E+000         -4.9232318004538766E+026         -2.1599632718989348E+044          1.8802274196595722E+043          0.0000000000000000E+000          0.0000000000000000E+000                                1                                2          1.2191433242005801E-007          1.0085091963841529E-007          2.9999999999999999E-001          5.9999999999999998E-001          1.0000000000000000E+000          4.3674040636443767E-001          1.6492956212659132E+053         -9.8181439503678833E+019 
                            4070          1.0134559772227552E+005          7.2181104956192746E+002          4.8979932905259432E+002          2.1496281714783692E+001          1.2834428590648436E+001          1.6421055313015574E+002          2.0778661799928156E+002          8.4771782865815648E-001         -1.0000000000000000E+000          1.1313262973063236E+000          1.8948493597883795E+000         -9.3297873509491192E-001         -9.3295917301552289E-001         -1.0298814122199382E+000         -9.8999999999999986E+001         -9.8999999999999986E+001         -5.4342402082293582E+000         -9.8999999999999986E+001          8.0000000000000004E-001          7.9997747883102388E-001          1.6477727895853470E+053         -1.9573614212705788E+044          0.0000000000000000E+000         -4.8993628421372295E+026         -2.1503382575885814E+044          1.9297683631800258E+043          0.0000000000000000E+000          0.0000000000000000E+000                                1                                2          1.2249820519690858E-007          1.0074943049232338E-007          2.9999999999999999E-001          5.9999999999999998E-001          1.0000000000000000E+000          4.3691423278104041E-001          1.6477727895853470E+053         -9.9353906941479272E+019 
                            4080          1.0134562234376496E+005          7.2255673134561653E+002          4.9010567026961775E+002          2.1517585089681532E+001          1.2799145488127095E+001          1.6416200951165217E+002          2.0807946509914453E+002          8.4688108125022354E-001         -1.0000000000000000E+000          1.1284620989215466E+000          1.8971406533779587E+000         -9.3518462922785317E-001         -9.3516473908882669E-001         -1.0320871833270231E+000         -9.8999999999999986E+001         -9.8999999999999986E+001         -5.4292231366737660E+000         -9.8999999999999986E+001          8.0000000000000004E-001          7.9997710115556309E-001          1.6462589425457158E+053         -1.9421079847637889E+044          0.0000000000000000E+000         -4.8752875974045409E+026         -2.1399104344852823E+044          1.9780244972149330E+043          0.0000000000000000E+000          0.0000000000000000E+000                                1                                2          1.2307997317186359E-007          1.0064545662871371E-007          2.9999999999999999E-001          5.9999999999999998E-001          1.0000000000000000E+000          4.3709171739419972E-001          1.6462589425457158E+053         -1.0050832173708558E+020 
                            4090          1.0134564668329064E+005          7.2331130318148394E+002          4.9041637607683253E+002          2.1538326453841115E+001          1.2764336898958462E+001          1.6411709187184996E+002          2.0837191835228879E+002          8.4605541376981019E-001         -1.0000000000000000E+000          1.1256449638260009E+000          1.8993942963057389E+000         -9.3736100107916742E-001         -9.3734077962448670E-001         -1.0342634309313810E+000         -9.8999999999999986E+001         -9.8999999999999986E+001         -5.4242247671637163E+000         -9.8999999999999986E+001          8.0000000000000004E-001          7.9997671973193440E-001          1.6447741256771775E+053         -1.9273827805051153E+044          0.0000000000000000E+000         -4.8515842980026792E+026         -2.1296800020536232E+044          2.0229722154850808E+043          0.0000000000000000E+000          0.0000000000000000E+000                                1                                2          1.2361471033751464E-007          1.0054046141206772E-007          2.9999999999999999E-001          5.9999999999999998E-001          1.0000000000000000E+000          4.3726834592084263E-001          1.6447741256771775E+053         -1.0167177153987615E+020 
                            4100          1.0134566956250509E+005          7.2403631315231110E+002          4.9071551919082054E+002          2.1557544659479401E+001          1.2731672812946080E+001          1.6407758283891846E+002          2.0864953683122820E+002          8.4510247292120932E-001         -1.0000000000000000E+000          1.1230089196132664E+000          1.9015030698039692E+000         -9.3959747051730191E-001         -9.3957692599564624E-001         -1.0364997792158461E+000         -9.8999999999999986E+001         -9.8999999999999986E+001         -5.4195774355983284E+000         -9.8999999999999986E+001          8.0000000000000004E-001          7.9997634780479054E-001          1.6433883613727788E+053         -1.9120266374998468E+044          0.0000000000000000E+000         -4.8285961979225564E+026         -2.1192160139322622E+044          2.0718937643241543E+043          0.0000000000000000E+000          0.0000000000000000E+000                                1                                2          1.2421479050274641E-007          1.0043978574750339E-007          2.9999999999999999E-001          5.9999999999999998E-001          1.0000000000000000E+000          4.3744206769357280E-001          1.6433883613727788E+053         -1.0276559057257325E+020 
                            4110          1.0134569438846057E+005          7.2483955069057026E+002          4.9104758225322126E+002          2.1578076701518121E+001          1.2696320374862157E+001          1.6403770427950153E+002          2.0895349964670851E+002          8.4409765187341346E-001         -1.0000000000000000E+000          1.1201640820880483E+000          1.9037788719823452E+000         -9.4218794785136550E-001         -9.4216707439622593E-001         -1.0390901331961770E+000         -9.8999999999999986E+001         -9.8999999999999986E+001         -5.4152694394893777E+000         -9.8999999999999986E+001          8.0000000000000004E-001          7.9997596912417956E-001          1.6418968371260077E+053         -1.8953684711198583E+044          0.0000000000000000E+000         -4.8038603414443575E+026         -2.1071282812001797E+044          2.1175981008032142E+043          0.0000000000000000E+000          0.0000000000000000E+000                                1                                2          1.2479620737238754E-007          1.0032848248573982E-007          2.9999999999999999E-001          5.9999999999999998E-001          1.0000000000000000E+000          4.3763085670117102E-001          1.6418968371260077E+053         -1.0379004936017986E+020 
                            4120          1.0134571932561579E+005          7.2566192176334619E+002          4.9138821918139109E+002          2.1598306334854659E+001          1.2660997597386967E+001          1.6400093289274827E+002          2.0926093366712786E+002          8.4309262345901026E-001         -1.0000000000000000E+000          1.1173302861880132E+000          1.9060458398065008E+000         -9.4668588877809723E-001         -9.4666456254493370E-001         -1.0435879043259939E+000         -9.8999999999999986E+001         -9.8999999999999986E+001         -5.4104473437884151E+000         -9.8999999999999986E+001          8.0000000000000004E-001          7.9997544786954078E-001          1.6404157160820772E+053         -1.8695865160420438E+044          0.0000000000000000E+000         -4.7789482612631678E+026         -2.0859469665001194E+044          2.1636045045807548E+043          0.0000000000000000E+000          0.0000000000000000E+000                                1                                2          1.2538218379233742E-007          1.0021478320058056E-007          2.9999999999999999E-001          5.9999999999999998E-001          1.0000000000000000E+000          4.3782324689865199E-001          1.6404157160820772E+053         -1.0494888144513076E+020 
                            4130          1.0134574448722892E+005          7.2650526533290963E+002          4.9173820368961577E+002          2.1618257230240356E+001          1.2625650129007655E+001          1.6396729835764961E+002          2.0957241467473517E+002          8.4206743565603592E-001         -1.0000000000000000E+000          1.1145033637938229E+000          1.9083073074476768E+000         -9.5173204418998358E-001         -9.5171023556968271E-001         -1.0486338788370890E+000         -9.8999999999999986E+001         -9.8999999999999986E+001         -5.4057792198517820E+000         -9.8999999999999986E+001          8.0000000000000004E-001          7.9997489252840459E-001          1.6389432948446925E+053         -1.8414859364794951E+044          0.0000000000000000E+000         -4.7538095995529906E+026         -2.0623935456572495E+044          2.2090760917775445E+043          0.0000000000000000E+000          0.0000000000000000E+000                                1                                2          1.2596549611590873E-007          1.0009845163765834E-007          2.9999999999999999E-001          5.9999999999999998E-001          1.0000000000000000E+000          4.3801973012422840E-001          1.6389432948446925E+053         -1.0608303545696058E+020 
                            4140          1.0134576988114433E+005          7.2736946614731642E+002          4.9209747875153153E+002          2.1637924006353504E+001          1.2590287195235305E+001          1.6393680927245856E+002          2.0988788835866708E+002          8.4084835533287028E-001         -1.0000000000000000E+000          1.1116839849960780E+000          1.9105627388332029E+000         -9.5697285584959735E-001         -9.5695054849457162E-001         -1.0538745034652441E+000         -9.8999999999999986E+001         -9.8999999999999986E+001         -5.4011998941990100E+000         -9.8999999999999986E+001          8.0000000000000004E-001          7.9997431836799571E-001          1.6374799615785664E+053         -1.8130604407273462E+044          0.0000000000000000E+000         -4.7284601613418536E+026         -2.0382116675570944E+044          2.2515122682974820E+043          0.0000000000000000E+000          0.0000000000000000E+000                                1                                2          1.2655185395469730E-007          9.9979522857372413E-008          2.9999999999999999E-001          5.9999999999999998E-001          1.0000000000000000E+000          4.3822022831363916E-001          1.6374799615785664E+053         -1.0720752347071092E+020 
                            4150          1.0134579549406529E+005          7.2825517101799755E+002          4.9246628949722191E+002          2.1657331814065738E+001          1.2554872703687593E+001          1.6390937212223585E+002          2.1020764843822695E+002          8.3972836894294056E-001         -1.0000000000000000E+000          1.1088690193430797E+000          1.9128146383512976E+000         -9.6008382221443023E-001         -9.6006113474548305E-001         -1.0569853272827414E+000         -9.8999999999999986E+001         -9.8999999999999986E+001         -5.3969727017655753E+000         -9.8999999999999986E+001          8.0000000000000004E-001          7.9997388076834031E-001          1.6360238156596925E+053         -1.7948133118039502E+044          0.0000000000000000E+000         -4.7028845689601002E+026         -2.0242344374702763E+044          2.2942112566632606E+043          0.0000000000000000E+000          0.0000000000000000E+000                                1                                2          1.2713517778892099E-007          9.9857927633765066E-008          2.9999999999999999E-001          5.9999999999999998E-001          1.0000000000000000E+000          4.3842488223708914E-001          1.6360238156596925E+053         -1.0825611967565908E+020 
                            4160          1.0134582119985459E+005          7.2916067533547198E+002          4.9284387781265070E+002          2.1676476459192262E+001          1.2519440736753584E+001          1.6388483985632337E+002          2.1053125749937783E+002          8.3850716190412267E-001         -1.0000000000000000E+000          1.1060605965775490E+000          1.9150613025203291E+000         -9.6265932778867447E-001         -9.6263626241247291E-001         -1.0595606911370996E+000         -9.8999999999999986E+001         -9.8999999999999986E+001         -5.3923735238922150E+000         -9.8999999999999986E+001          8.0000000000000004E-001          7.9997344570945239E-001          1.6345751382980780E+053         -1.7793176999351268E+044          0.0000000000000000E+000         -4.6771283330188939E+026         -2.0128507445313117E+044          2.3353304459618492E+043          0.0000000000000000E+000          0.0000000000000000E+000                                1                                2          1.2771715063369695E-007          9.9733919595941540E-008          2.9999999999999999E-001          5.9999999999999998E-001          1.0000000000000000E+000          4.3863327560968468E-001          1.6345751382980780E+053         -1.0940864365371295E+020 
                            4170          1.0134584697315919E+005          7.3008513109747992E+002          4.9322986852007369E+002          2.1695349135655075E+001          1.2484016170822150E+001          1.6386317369691216E+002          2.1085846209685729E+002          8.3719911651093204E-001         -1.0000000000000000E+000          1.1032604608258201E+000          1.9173013361775839E+000         -9.6525488956887395E-001         -9.6523145858143877E-001         -1.0621561158084993E+000         -9.8999999999999986E+001         -9.8999999999999986E+001         -5.3881388541673010E+000         -9.8999999999999986E+001          8.0000000000000004E-001          7.9997302480649612E-001          1.6331345981432359E+053         -1.7638044752901582E+044          0.0000000000000000E+000         -4.6512210625137007E+026         -2.0014551115665903E+044          2.3765063627643206E+043          0.0000000000000000E+000          0.0000000000000000E+000                                1                                2          1.2829984452465969E-007          9.9607633505852966E-008          2.9999999999999999E-001          5.9999999999999998E-001          1.0000000000000000E+000          4.3884517517931093E-001          1.6331345981432359E+053         -1.1048067114354888E+020 
                            4180          1.0134587269060989E+005          7.3102379260523094E+002          4.9362226769172952E+002          2.1713855461038534E+001          1.2448779461710489E+001          1.6384446496420480E+002          2.1118759335675233E+002          8.3595429621669171E-001         -1.0000000000000000E+000          1.1004827649131101E+000          1.9195234173908313E+000         -9.6781224937864541E-001         -9.6778845595402430E-001         -1.0647133396997077E+000         -9.8999999999999986E+001         -9.8999999999999986E+001         -5.3840296687463312E+000         -9.8999999999999986E+001          8.0000000000000004E-001          7.9997260755795152E-001          1.6317095089956980E+053         -1.7488535771274146E+044          0.0000000000000000E+000         -4.6253957021442900E+026         -1.9903083337001838E+044          2.4145475657276928E+043          0.0000000000000000E+000          0.0000000000000000E+000                                1                                2          1.2885587129247937E-007          9.9479733631189655E-008          2.9999999999999999E-001          5.9999999999999998E-001          1.0000000000000000E+000          4.3905859098992839E-001          1.6317095089956980E+053         -1.1153097254244463E+020 
                            4190          1.0134589842994246E+005          7.3197941336589122E+002          4.9402220336978667E+002          2.1732062542173519E+001          1.2413614684101665E+001          1.6382858127098635E+002          2.1151968141546899E+002          8.3468875670884646E-001         -1.0000000000000000E+000          1.0977181100389339E+000          1.9217350649360023E+000         -9.7002991248669101E-001         -9.7000575800395472E-001         -1.0669308674062887E+000         -9.8999999999999986E+001         -9.8999999999999986E+001         -5.3797063648878582E+000         -9.8999999999999986E+001          8.0000000000000004E-001          7.9997219189738045E-001          1.6302948530817376E+053         -1.7357441451651540E+044          0.0000000000000000E+000         -4.5995286216162827E+026         -1.9807850532815779E+044          2.4504090811642395E+043          0.0000000000000000E+000          0.0000000000000000E+000                                1                                2          1.2941239666416976E-007          9.9349859898421964E-008          2.9999999999999999E-001          5.9999999999999998E-001          1.0000000000000000E+000          4.3927456523339586E-001          1.6302948530817376E+053         -1.1264678288732596E+020 
                            4200          1.0134592246803996E+005          7.3288781272977678E+002          4.9440274291157635E+002          2.1748826828398737E+001          1.2380796949679597E+001          1.6381617352843867E+002          2.1183280769814499E+002          8.3343947657666484E-001         -1.0000000000000000E+000          1.0951442892839249E+000          1.9237940494906733E+000         -9.6940670155080644E-001         -9.6938233920420191E-001         -1.0663075785187321E+000         -9.8999999999999986E+001         -9.8999999999999986E+001         -5.3753616739725167E+000         -9.8999999999999986E+001          8.0000000000000004E-001          7.9997195259862530E-001          1.6289807918991590E+053         -1.7351967467202634E+044          0.0000000000000000E+000         -4.5747435586806331E+026         -1.9842391138467545E+044          2.4904236712649108E+043          0.0000000000000000E+000          0.0000000000000000E+000                                1                                2          1.2998603173362735E-007          9.9226717791313252E-008          2.9999999999999999E-001          5.9999999999999998E-001          1.0000000000000000E+000          4.3948414297132277E-001          1.6289807918991590E+053         -1.1377935932984269E+020 
                            4210          1.0134594590446338E+005          7.3379396951661613E+002          4.9478260001828727E+002          2.1765114903566229E+001          1.2348552377151826E+001          1.6380589188676538E+002          2.1214316245243120E+002          8.3230906911246738E-001         -1.0000000000000000E+000          1.0926202501684910E+000          1.9258132098853786E+000         -9.6683483601590947E-001         -9.6681038939175001E-001         -1.0637356813786423E+000         -9.8999999999999986E+001         -9.8999999999999986E+001         -5.3712899881675877E+000         -9.8999999999999986E+001          8.0000000000000004E-001          7.9997185557595651E-001          1.6276931720457806E+053         -1.7442311200422735E+044          0.0000000000000000E+000         -4.5506324275455374E+026         -1.9966237706436034E+044          2.5239265060132991E+043          0.0000000000000000E+000          0.0000000000000000E+000                                1                                2          1.3051235504547708E-007          9.9104183445846195E-008          2.9999999999999999E-001          5.9999999999999998E-001          1.0000000000000000E+000          4.3968947512415707E-001          1.6276931720457806E+053         -1.1485110284427061E+020 
                            4220          1.0134597148408313E+005          7.3480323871269024E+002          4.9520599250397697E+002          2.1782739120174426E+001          1.2313223705204868E+001          1.6379695369068503E+002          2.1248643226036921E+002          8.3087756986308869E-001         -1.0000000000000000E+000          1.0898606926104693E+000          1.9280207777295051E+000         -9.6799385881056599E-001         -9.6796908532656301E-001         -1.0648945815965163E+000         -9.8999999999999986E+001         -9.8999999999999986E+001         -5.3666806556905051E+000         -9.8999999999999986E+001          8.0000000000000004E-001          7.9997147928597889E-001          1.6262873534232808E+053         -1.7360957242935434E+044          0.0000000000000000E+000         -4.5241847807366037E+026         -1.9919696967266344E+044          2.5587397243309094E+043          0.0000000000000000E+000          0.0000000000000000E+000                                1                                2          1.3107383450854239E-007          9.8968061564117418E-008          2.9999999999999999E-001          5.9999999999999998E-001          1.0000000000000000E+000          4.3991671301800606E-001          1.6262873534232808E+053         -1.1607655285096554E+020 
                            4230          1.0134599711179466E+005          7.3583043416736803E+002          4.9563726964669405E+002          2.1800093542174196E+001          1.2277925299567645E+001          1.6379072667312522E+002          2.1283305607070983E+002          8.2942563441132855E-001         -1.0000000000000000E+000          1.0871104004283521E+000          1.9302209324276520E+000         -9.7058676969554492E-001         -9.7056160619957488E-001         -1.0674873462217522E+000         -9.8999999999999986E+001         -9.8999999999999986E+001         -5.3624894815785078E+000         -9.8999999999999986E+001          8.0000000000000004E-001          7.9997103029392214E-001          1.6248896687993575E+053         -1.7213144877471513E+044          0.0000000000000000E+000         -4.4976359233406073E+026         -1.9807914257811194E+044          2.5947693803396825E+043          0.0000000000000000E+000          0.0000000000000000E+000                                1                                2          1.3164864216642282E-007          9.8829905355463231E-008          2.9999999999999999E-001          5.9999999999999998E-001          1.0000000000000000E+000          4.4014716951544647E-001          1.6248896687993575E+053         -1.1720217638961191E+020 
                            4240          1.0134602223885227E+005          7.3685237920821396E+002          4.9606668129036962E+002          2.1816802068538490E+001          1.2243437426005935E+001          1.6378727079863157E+002          2.1317528218204865E+002          8.2792754672641522E-001         -1.0000000000000000E+000          1.0844299187229993E+000          1.9323652394978541E+000         -9.7334608401544720E-001         -9.7332054161499604E-001         -1.0702465184472900E+000         -9.8999999999999986E+001         -9.8999999999999986E+001         -5.3587578745992248E+000         -9.8999999999999986E+001          8.0000000000000004E-001          7.9997059408948235E-001          1.6235308840523056E+053         -1.7061969648471587E+044          0.0000000000000000E+000         -4.4721054180165253E+026         -1.9688976271470591E+044          2.6270066229990044E+043          0.0000000000000000E+000          0.0000000000000000E+000                                1                                2          1.3219177054288656E-007          9.8692837559368422E-008          2.9999999999999999E-001          5.9999999999999998E-001          1.0000000000000000E+000          4.4037044029331751E-001          1.6235308840523056E+053         -1.1821355648284028E+020 
                            4250          1.0134604816804717E+005          7.3792092864821052E+002          4.9651601339152080E+002          2.1833702594789603E+001          1.2208022570002925E+001          1.6378645694103514E+002          2.1353042335126236E+002          8.2644414911591990E-001         -1.0000000000000000E+000          1.0816842687986123E+000          1.9345616778627646E+000         -9.7726456826318620E-001         -9.7723853547483364E-001         -1.0741648187927411E+000         -9.8999999999999986E+001         -9.8999999999999986E+001         -5.3544171355315386E+000         -9.8999999999999986E+001          8.0000000000000004E-001          7.9997002954306939E-001          1.6221427783613588E+053         -1.6858261541476179E+044          0.0000000000000000E+000         -4.4451295939749860E+026         -1.9519203269055344E+044          2.6609417275791633E+043          0.0000000000000000E+000          0.0000000000000000E+000                                1                                2          1.3276779997467112E-007          9.8549924989455365E-008          2.9999999999999999E-001          5.9999999999999998E-001          1.0000000000000000E+000          4.4060948512057740E-001          1.6221427783613588E+053         -1.1940101604597522E+020 
                            4260          1.0134607430807711E+005          7.3900914705606647E+002          4.9697397304597985E+002          2.1850316519484920E+001          1.2172632961554722E+001          1.6378858238998185E+002          2.1388925619897688E+002          8.2497583567445465E-001         -1.0000000000000000E+000          1.0789479684663126E+000          1.9367506350929240E+000         -9.8256772022724537E-001         -9.8254111904321484E-001         -1.0794677576003484E+000         -9.8999999999999986E+001         -9.8999999999999986E+001         -5.3503397231518290E+000         -9.8999999999999986E+001          8.0000000000000004E-001          7.9996937519301481E-001          1.6207640413402984E+053         -1.6598028708733919E+044          0.0000000000000000E+000         -4.4180380811000196E+026         -1.9289465623646399E+044          2.6914369149124804E+043          0.0000000000000000E+000          0.0000000000000000E+000                                1                                2          1.3334677858394644E-007          9.8404806565828872E-008          2.9999999999999999E-001          5.9999999999999998E-001          1.0000000000000000E+000          4.4085215226260166E-001          1.6207640413402984E+053         -1.2052730195232506E+020 
                            4270          1.0134610070389895E+005          7.4011799926487299E+002          4.9744095705323912E+002          2.1866654579070335E+001          1.2137243310044292E+001          1.6379366357484375E+002          2.1425207552945213E+002          8.2336052298723361E-001         -1.0000000000000000E+000          1.0762190399293794E+000          1.9389336932941961E+000         -9.8806276244791658E-001         -9.8803558238805400E-001         -1.0849625827341818E+000         -9.8999999999999986E+001         -9.8999999999999986E+001         -5.3464850347258581E+000         -9.8999999999999986E+001          8.0000000000000004E-001          7.9996870877884829E-001          1.6193937905189478E+053         -1.6329603460563276E+044          0.0000000000000000E+000         -4.3908141091675656E+026         -1.9054180256573295E+044          2.7245767960100206E+043          0.0000000000000000E+000          0.0000000000000000E+000                                1                                2          1.3392035262897239E-007          9.8257375497774742E-008          2.9999999999999999E-001          5.9999999999999998E-001          1.0000000000000000E+000          4.4109864793623232E-001          1.6193937905189478E+053         -1.2160183350592338E+020 
                            4280          1.0134612736966385E+005          7.4124775806787341E+002          4.9791706883613978E+002          2.1882718228755767E+001          1.2101849541471058E+001          1.6380170742104596E+002          2.1461895524673645E+002          8.2165911645526502E-001         -1.0000000000000000E+000          1.0734971199803816E+000          1.9411111430043460E+000         -9.9358118152802233E-001         -9.9355342840908711E-001         -1.0904807869086408E+000         -9.8999999999999986E+001         -9.8999999999999986E+001         -5.3429417793459697E+000         -9.8999999999999986E+001          8.0000000000000004E-001          7.9996804906193397E-001          1.6180319012015360E+053         -1.6067542955534518E+044          0.0000000000000000E+000         -4.3634566200535771E+026         -1.8820919824285240E+044          2.7533768687507219E+043          0.0000000000000000E+000          0.0000000000000000E+000                                1                                2          1.3449778034109378E-007          9.8107618370390406E-008          2.9999999999999999E-001          5.9999999999999998E-001          1.0000000000000000E+000          4.4134904305644357E-001          1.6180319012015360E+053         -1.2259799809414072E+020 
                            4290          1.0134615318439006E+005          7.4235272168395625E+002          4.9838298789448925E+002          2.1897916779514031E+001          1.2067819520743447E+001          1.6381206500304978E+002          2.1497535354872127E+002          8.2006464896165876E-001         -1.0000000000000000E+000          1.0708864386000729E+000          1.9431996039107062E+000         -9.9615865655881519E-001         -9.9613047975758662E-001         -1.0930581030521795E+000         -9.8999999999999986E+001         -9.8999999999999986E+001         -5.3389391510790247E+000         -9.8999999999999986E+001          8.0000000000000004E-001          7.9996756131107560E-001          1.6167294258744917E+053         -1.5936219284175019E+044          0.0000000000000000E+000         -4.3366013334874314E+026         -1.8716889830838579E+044          2.7806705466635612E+043          0.0000000000000000E+000          0.0000000000000000E+000                                1                                2          1.3507447488221150E-007          9.7961588935064938E-008          2.9999999999999999E-001          5.9999999999999998E-001          1.0000000000000000E+000          4.4159793247298035E-001          1.6167294258744917E+053         -1.2373313221053755E+020 
                            4300          1.0134617969126154E+005          7.4350101589583358E+002          4.9886739821064560E+002          2.1913220865246025E+001          1.2033019809677244E+001          1.6382518365597633E+002          2.1534341692096223E+002          8.1828422455377947E-001         -1.0000000000000000E+000          1.0682227182694215E+000          1.9453304930060757E+000         -9.9910025262940716E-001         -9.9907164549815441E-001         -1.0959995377424188E+000         -9.8999999999999986E+001         -9.8999999999999986E+001         -5.3352979117015460E+000         -9.8999999999999986E+001          8.0000000000000004E-001          7.9996706590771427E-001          1.6154036610726423E+053         -1.5789483334588694E+044          0.0000000000000000E+000         -4.3091138330930376E+026         -1.8598115214050846E+044          2.8086318794621512E+043          0.0000000000000000E+000          0.0000000000000000E+000                                1                                2          1.3565893986946116E-007          9.7810292940633927E-008          2.9999999999999999E-001          5.9999999999999998E-001          1.0000000000000000E+000          4.4185516490126814E-001          1.6154036610726423E+053         -1.2477490454055040E+020 
                            4310          1.0134620679150242E+005          7.4468902146122662E+002          4.9936877000607154E+002          2.1928555563966640E+001          1.1997592758725343E+001          1.6384113915363989E+002          2.1572186009645841E+002          8.1656975815640187E-001         -1.0000000000000000E+000          1.0655170921114323E+000          1.9474949040697469E+000         -1.0018892408875149E+000         -1.0018602087521558E+000         -1.0987883666173766E+000         -9.8999999999999986E+001         -9.8999999999999986E+001         -5.3316820159778819E+000         -9.8999999999999986E+001          8.0000000000000004E-001          7.9996657663612314E-001          1.6140602367063667E+053         -1.5649949746871261E+044          0.0000000000000000E+000         -4.2814205634755209E+026         -1.8486701829967190E+044          2.8367520830959283E+043          0.0000000000000000E+000          0.0000000000000000E+000                                1                                2          1.3622451756909246E-007          9.7654255764017307E-008          2.9999999999999999E-001          5.9999999999999998E-001          1.0000000000000000E+000          4.4211649307733697E-001          1.6140602367063667E+053         -1.2581810563710529E+020 
                            4320          1.0134623398761167E+005          7.4589509342949850E+002          4.9987796111666194E+002          2.1943628138510338E+001          1.1962200963182887E+001          1.6385969736205575E+002          2.1610372254822138E+002          8.1479339472846046E-001         -1.0000000000000000E+000          1.0628202537725195E+000          1.9496522837763661E+000         -1.0048876690342821E+000         -1.0048581651188646E+000         -1.1017866178391702E+000         -9.8999999999999986E+001         -9.8999999999999986E+001         -5.3276795339511187E+000         -9.8999999999999986E+001          8.0000000000000004E-001          7.9996603351586171E-001          1.6127244140028649E+053         -1.5504196560890845E+044          0.0000000000000000E+000         -4.2536749695513957E+026         -1.8367233487521035E+044          2.8630369266301892E+043          0.0000000000000000E+000          0.0000000000000000E+000                                1                                2          1.3679348401093703E-007          9.7496354121417794E-008          2.9999999999999999E-001          5.9999999999999998E-001          1.0000000000000000E+000          4.4238095993555659E-001          1.6127244140028649E+053         -1.2698301195054395E+020 
                            4330          1.0134626123367145E+005          7.4711715874346055E+002          5.0039407714558416E+002          2.1958419185427605E+001          1.1926899856051264E+001          1.6388078278304846E+002          2.1648837984638689E+002          8.1299399281933549E-001         -1.0000000000000000E+000          1.0601362420820157E+000          1.9517994012073474E+000         -1.0077173234567605E+000         -1.0076873764261136E+000         -1.1046161060863291E+000         -9.8999999999999986E+001         -9.8999999999999986E+001         -5.3240348541048919E+000         -9.8999999999999986E+001          8.0000000000000004E-001          7.9996552339551763E-001          1.6113980265995156E+053         -1.5368868887160793E+044          0.0000000000000000E+000         -4.2259650706078974E+026         -1.8255729849433567E+044          2.8868609622727733E+043          0.0000000000000000E+000          0.0000000000000000E+000                                1                                2          1.3734954849079614E-007          9.7336878581048827E-008          2.9999999999999999E-001          5.9999999999999998E-001          1.0000000000000000E+000          4.4264768648659764E-001          1.6113980265995156E+053         -1.2805316110428560E+020 
                            4340          1.0134628856663672E+005          7.4835652344545008E+002          5.0091765546479587E+002          2.1972946743862693E+001          1.1891650876173165E+001          1.6390439996741819E+002          2.1687625097260536E+002          8.1115532805696444E-001         -1.0000000000000000E+000          1.0574620211661987E+000          1.9539386849388971E+000         -1.0106806584799295E+000         -1.0106502614432544E+000         -1.1075792723499100E+000         -9.8999999999999986E+001         -9.8999999999999986E+001         -5.3205204836847750E+000         -9.8999999999999986E+001          8.0000000000000004E-001          7.9996500534292381E-001          1.6100795525084110E+053         -1.5229334971839213E+044          0.0000000000000000E+000         -4.1982417836765966E+026         -1.8139437503537710E+044          2.9101025316984963E+043          0.0000000000000000E+000          0.0000000000000000E+000                                1                                2          1.3790909688475418E-007          9.7175677485400213E-008          2.9999999999999999E-001          5.9999999999999998E-001          1.0000000000000000E+000          4.4291718703899197E-001          1.6100795525084110E+053         -1.2909358878359026E+020 
                            4350          1.0134631538780288E+005          7.4958571192223610E+002          5.0143706462640176E+002          2.1986910370052360E+001          1.1857212413590746E+001          1.6392990999189141E+002          2.1725884099860923E+002          8.0928677344958955E-001         -1.0000000000000000E+000          1.0548547523043528E+000          1.9560244080434757E+000         -1.0137159667010094E+000         -1.0136851110173066E+000         -1.1106144085707739E+000         -9.8999999999999986E+001         -9.8999999999999986E+001         -5.3170516360674371E+000         -9.8999999999999986E+001          8.0000000000000004E-001          7.9996447734325515E-001          1.6087968823734122E+053         -1.5090929573329352E+044          0.0000000000000000E+000         -4.1716527611868872E+026         -1.8020597096114798E+044          2.9296675227854465E+043          0.0000000000000000E+000          0.0000000000000000E+000                                1                                2          1.3844109466979267E-007          9.7016326498462880E-008          2.9999999999999999E-001          5.9999999999999998E-001          1.0000000000000000E+000          4.4317744971186207E-001          1.6087968823734122E+053         -1.3012882906843383E+020 
                            4360          1.0134634145203895E+005          7.5079206741678308E+002          5.0194693124235221E+002          2.2000204472045567E+001          1.1823896125387833E+001          1.6395686161737743E+002          2.1763239002470641E+002          8.0758091364399431E-001         -1.0000000000000000E+000          1.0523374734301603E+000          1.9580381410277277E+000         -1.0165304877336143E+000         -1.0164991787889071E+000         -1.1134287596228989E+000         -9.8999999999999986E+001         -9.8999999999999986E+001         -5.3135326748286023E+000         -9.8999999999999986E+001          8.0000000000000004E-001          7.9996395554458510E-001          1.6075610319236268E+053         -1.4960509158909638E+044          0.0000000000000000E+000         -4.1443800934137456E+026         -1.7912192500746413E+044          2.9516833418367739E+043          0.0000000000000000E+000          0.0000000000000000E+000                                1                                2          1.3901231241371556E-007          9.6860442887525354E-008          2.9999999999999999E-001          5.9999999999999998E-001          1.0000000000000000E+000          4.4344894218613012E-001          1.6075610319236268E+053         -1.3118750822425066E+020 
                            4370          1.0134636923390981E+005          7.5209059974039667E+002          5.0249585780197151E+002          2.2014077207492821E+001          1.1788549921452921E+001          1.6398790983128717E+002          2.1803241551166175E+002          8.0565389238281893E-001         -1.0000000000000000E+000          1.0496722046365818E+000          1.9601702592256529E+000         -1.0196178144345147E+000         -1.0195860544725910E+000         -1.1165159171846675E+000         -9.8999999999999986E+001         -9.8999999999999986E+001         -5.3104082325545168E+000         -9.8999999999999986E+001          8.0000000000000004E-001          7.9996343632952749E-001          1.6062553320514472E+053         -1.4822809531492201E+044          0.0000000000000000E+000         -4.1162780385911636E+026         -1.7793474197490832E+044          2.9706646659986309E+043          0.0000000000000000E+000          0.0000000000000000E+000                                1                                2          1.3958021973017817E-007          9.6693207163514973E-008          2.9999999999999999E-001          5.9999999999999998E-001          1.0000000000000000E+000          4.4373033483595065E-001          1.6062553320514472E+053         -1.3213471290334731E+020 
                            4380          1.0134639710895225E+005          7.5340932390066394E+002          5.0305338376050815E+002          2.2027743872458959E+001          1.1753155917410304E+001          1.6402136949165128E+002          2.1843668543386070E+002          8.0368786296852002E-001         -1.0000000000000000E+000          1.0470083729742614E+000          1.9623012265184669E+000         -1.0188197183152665E+000         -1.0187876666340683E+000         -1.1157177116656685E+000         -9.8999999999999986E+001         -9.8999999999999986E+001         -5.3056391492772619E+000         -9.8999999999999986E+001          8.0000000000000004E-001          7.9996310049997377E-001          1.6049524171065111E+053         -1.4842707007334080E+044          0.0000000000000000E+000         -4.0880842875709947E+026         -1.7834518185526384E+044          2.9918111781923048E+043          0.0000000000000000E+000          0.0000000000000000E+000                                1                                2          1.4013713354316018E-007          9.6523960959127592E-008          2.9999999999999999E-001          5.9999999999999998E-001          1.0000000000000000E+000          4.4401542328785132E-001          1.6049524171065111E+053         -1.3359370938263437E+020 
                            4390          1.0134642222574585E+005          7.5461877761256198E+002          5.0356468475587468E+002          2.2039982185054729E+001          1.1721055495608873E+001          1.6405331493906235E+002          2.1880612991380303E+002          8.0190308873851313E-001         -1.0000000000000000E+000          1.0445954826641681E+000          1.9642314497301119E+000         -1.0163756291402299E+000         -1.0163435487806227E+000         -1.1132736117357320E+000         -9.8999999999999986E+001         -9.8999999999999986E+001         -5.3028066322523806E+000         -9.8999999999999986E+001          8.0000000000000004E-001          7.9996306748517321E-001          1.6037717583003330E+053         -1.4937102401227641E+044          0.0000000000000000E+000         -4.0624868530408669E+026         -1.7942837659610076E+044          3.0057352583824348E+043          0.0000000000000000E+000          0.0000000000000000E+000                                1                                2          1.4065429560907036E-007          9.6369258656014395E-008          2.9999999999999999E-001          5.9999999999999998E-001          1.0000000000000000E+000          4.4427648593529989E-001          1.6037717583003330E+053         -1.3446787003617328E+020 
                            4400          1.0134644967494303E+005          7.5595813640282984E+002          5.0413091090280625E+002          2.2053172581894483E+001          1.1685944288264709E+001          1.6409030116655657E+002          2.1921357761571315E+002          7.9986310502547575E-001         -1.0000000000000000E+000          1.0419604115641206E+000          1.9663394085149730E+000         -1.0200473531623970E+000         -1.0200147432171547E+000         -1.1169451371540418E+000         -9.8999999999999986E+001         -9.8999999999999986E+001         -5.2993672498203805E+000         -9.8999999999999986E+001          8.0000000000000004E-001          7.9996245782258635E-001          1.6024833860085628E+053         -1.4775947947286221E+044          0.0000000000000000E+000         -4.0345443318515730E+026         -1.7800207077482532E+044          3.0242591301963122E+043          0.0000000000000000E+000          0.0000000000000000E+000                                1                                2          1.4121329328120113E-007          9.6198517701618812E-008          2.9999999999999999E-001          5.9999999999999998E-001          1.0000000000000000E+000          4.4456388538829517E-001          1.6024833860085628E+053         -1.3553701232786955E+020 
                            4410          1.0134647746889479E+005          7.5732105110472435E+002          5.0470718102653694E+002          2.2066137585967276E+001          1.1650758247770700E+001          1.6413008872375488E+002          2.1962598548339636E+002          7.9780938391455258E-001         -1.0000000000000000E+000          1.0393256086475473E+000          1.9684471507615586E+000         -1.0258594374943935E+000         -1.0258261160223803E+000         -1.1227569546508405E+000         -9.8999999999999986E+001         -9.8999999999999986E+001         -5.2958048693366546E+000         -9.8999999999999986E+001          8.0000000000000004E-001          7.9996163870929682E-001          1.6011991383429480E+053         -1.4532399159837153E+044          0.0000000000000000E+000         -4.0063945844610576E+026         -1.7572108173337966E+044          3.0397090135008127E+043          0.0000000000000000E+000          0.0000000000000000E+000                                1                                2          1.4178068556830756E-007          9.6025393801411962E-008          2.9999999999999999E-001          5.9999999999999998E-001          1.0000000000000000E+000          4.4485653816701687E-001          1.6011991383429480E+053         -1.3665335186792510E+020 
                            4420          1.0134650555845836E+005          7.5870458103682586E+002          5.0529224401145490E+002          2.2078840601543924E+001          1.1615584826174828E+001          1.6417263378976284E+002          2.2004241177684258E+002          7.9567056701416661E-001         -1.0000000000000000E+000          1.0366977050439883E+000          1.9705493717435407E+000         -1.0316869888866185E+000         -1.0316529874948093E+000         -1.1285842510607904E+000         -9.8999999999999986E+001         -9.8999999999999986E+001         -5.2928595645978023E+000         -9.8999999999999986E+001          8.0000000000000004E-001          7.9996085598337363E-001          1.5999225037517994E+053         -1.4291109980361823E+044          0.0000000000000000E+000         -3.9781884576405041E+026         -1.7346455571187107E+044          3.0553455908252843E+043          0.0000000000000000E+000          0.0000000000000000E+000                                1                                2          1.4234802939316080E-007          9.5850287429463436E-008          2.9999999999999999E-001          5.9999999999999998E-001          1.0000000000000000E+000          4.4515286967479595E-001          1.5999225037517994E+053         -1.3758325925613778E+020 
                            4430          1.0134653396963749E+005          7.6010867086302551E+002          5.0588606216851497E+002          2.2091279494160442E+001          1.1580429290648540E+001          1.6421793705258887E+002          2.2046282582318884E+002          7.9360811051102365E-001         -1.0000000000000000E+000          1.0340770493440703E+000          1.9726457925012946E+000         -1.0379548722135132E+000         -1.0379201280729407E+000         -1.1348518558431209E+000         -9.8999999999999986E+001         -9.8999999999999986E+001         -5.2897421978279882E+000         -9.8999999999999986E+001          8.0000000000000004E-001          7.9996000092993536E-001          1.5986537014318504E+053         -1.4037324081608707E+044          0.0000000000000000E+000         -3.9499336338332646E+026         -1.7106492193418026E+044          3.0691681118093189E+043          0.0000000000000000E+000          0.0000000000000000E+000                                1                                2          1.4291451127177474E-007          9.5673230623539598E-008          2.9999999999999999E-001          5.9999999999999998E-001          1.0000000000000000E+000          4.4545285101494209E-001          1.5986537014318504E+053         -1.3857438509696149E+020 
                            4440          1.0134656253207610E+005          7.6152876170965885E+002          5.0648666012236441E+002          2.2103443371140283E+001          1.1545375937685289E+001          1.6426566868659000E+002          2.2088602506073522E+002          7.9141953356997696E-001         -1.0000000000000000E+000          1.0314692600400746E+000          1.9747319187718622E+000         -1.0411334289725722E+000         -1.0410981449674870E+000         -1.1380302101427864E+000         -9.8999999999999986E+001         -9.8999999999999986E+001         -5.2862241821395335E+000         -9.8999999999999986E+001          8.0000000000000004E-001          7.9995937943805429E-001          1.5973943719048691E+053         -1.3910596526702516E+044          0.0000000000000000E+000         -3.9218105299390600E+026         -1.6990330184628309E+044          3.0797336579257930E+043          0.0000000000000000E+000          0.0000000000000000E+000                                1                                2          1.4346353779480795E-007          9.5494820186655626E-008          2.9999999999999999E-001          5.9999999999999998E-001          1.0000000000000000E+000          4.4575436452546119E-001          1.5973943719048691E+053         -1.3970146995714751E+020 
                            4450          1.0134659136388081E+005          7.6297351190696588E+002          5.0709766143432500E+002          2.2115425869576271E+001          1.1510192223715967E+001          1.6431599359855812E+002          2.2131469792412886E+002          7.8925646268454530E-001         -1.0000000000000000E+000          1.0288565570171742E+000          1.9768219743766351E+000         -1.0445190937023336E+000         -1.0444834316837017E+000         -1.1414157331102313E+000         -9.8999999999999986E+001         -9.8999999999999986E+001         -5.2849816112866943E+000         -9.8999999999999986E+001          8.0000000000000004E-001          7.9995894426942149E-001          1.5961351364854912E+053         -1.3772667786833282E+044          0.0000000000000000E+000         -3.8934489811328340E+026         -1.6867104113413299E+044          3.0944363265800187E+043          0.0000000000000000E+000          0.0000000000000000E+000                                1                                2          1.4401749838078699E-007          9.5313993253409100E-008          2.9999999999999999E-001          5.9999999999999998E-001          1.0000000000000000E+000          4.4606161464267480E-001          1.5961351364854912E+053         -1.4010174568896741E+020 
                            4460          1.0134662008867212E+005          7.6442385053117835E+002          5.0771098433805508E+002          2.2127073325971235E+001          1.1475339249122811E+001          1.6436821793333021E+002          2.2174320471369754E+002          7.8711112247167281E-001         -1.0000000000000000E+000          1.0262730447847555E+000          1.9788886778363350E+000         -1.0473072414951772E+000         -1.0472714380836949E+000         -1.1442038278780291E+000         -9.8999999999999986E+001         -9.8999999999999986E+001         -5.2860512011422998E+000         -9.8999999999999986E+001          8.0000000000000004E-001          7.9995878149827948E-001          1.5948923336806729E+053         -1.3664223609592961E+044          0.0000000000000000E+000         -3.8655327255711637E+026         -1.6767755274467547E+044          3.1035316648745841E+043          0.0000000000000000E+000          0.0000000000000000E+000                                1                                2          1.4454135698026270E-007          9.5133154356575511E-008          2.9999999999999999E-001          5.9999999999999998E-001          1.0000000000000000E+000          4.4636675810573634E-001          1.5948923336806729E+053         -1.3975712461947897E+020 
                            4470          1.0134664921105673E+005          7.6590498958593753E+002          5.0833727258392804E+002          2.2138591274235189E+001          1.1440209739817245E+001          1.6442322490342889E+002          2.2217900715711468E+002          7.8491890498938643E-001         -1.0000000000000000E+000          1.0236735815234965E+000          1.9809681408815851E+000         -1.0507290064621677E+000         -1.0506929969287155E+000         -1.1476255155452868E+000         -9.8999999999999986E+001         -9.8999999999999986E+001         -5.2869797782688517E+000         -9.8999999999999986E+001          8.0000000000000004E-001          7.9995854421121115E-001          1.5936441243802874E+053         -1.3530478940543786E+044          0.0000000000000000E+000         -3.8371586055400955E+026         -1.6644981004747646E+044          3.1145020642038600E+043          0.0000000000000000E+000          0.0000000000000000E+000                                1                                2          1.4508787837521197E-007          9.4949181889708393E-008          2.9999999999999999E-001          5.9999999999999998E-001          1.0000000000000000E+000          4.4668029572482493E-001          1.5936441243802874E+053         -1.3945862524794295E+020 
                            4480          1.0134667848350600E+005          7.6740458613323267E+002          5.0897128797321932E+002          2.2149882043089363E+001          1.1405100917339025E+001          1.6448055225101368E+002          2.2261846369044972E+002          7.8258248362945382E-001         -1.0000000000000000E+000          1.0210800902025108E+000          1.9830428260523880E+000         -1.0537251081967627E+000         -1.0536889318939477E+000         -1.1506215547381224E+000         -9.8999999999999986E+001         -9.8999999999999986E+001         -5.2879691109125702E+000         -9.8999999999999986E+001          8.0000000000000004E-001          7.9995835222684264E-001          1.5924009324667057E+053         -1.3416977996784639E+044          0.0000000000000000E+000         -3.8087802081908597E+026         -1.6539421925521680E+044          3.1224439287370421E+043          0.0000000000000000E+000          0.0000000000000000E+000                                1                                2          1.4566557371494492E-007          9.4763640301994210E-008          2.9999999999999999E-001          5.9999999999999998E-001          1.0000000000000000E+000          4.4699702670810970E-001          1.5924009324667057E+053         -1.3914129692598213E+020 
                            4490          1.0134670789267703E+005          7.6892188045874218E+002          5.0961269195867203E+002          2.2160942308745355E+001          1.1370029882884131E+001          1.6454015046030221E+002          2.2306136040308368E+002          7.8033872977793339E-001         -1.0000000000000000E+000          1.0184937224338664E+000          1.9851118121204885E+000         -1.0571790366999683E+000         -1.0571426438076963E+000         -1.1540754020160402E+000         -9.8999999999999986E+001         -9.8999999999999986E+001         -5.2888305395379227E+000         -9.8999999999999986E+001          8.0000000000000004E-001          7.9995810288984803E-001          1.5911632111077600E+053         -1.3287443641857808E+044          0.0000000000000000E+000         -3.7804134114282904E+026         -1.6417330295852631E+044          3.1298866539948231E+043          0.0000000000000000E+000          0.0000000000000000E+000                                1                                2          1.4620901896613422E-007          9.4576645579449624E-008          2.9999999999999999E-001          5.9999999999999998E-001          1.0000000000000000E+000          4.4731680136834967E-001          1.5911632111077600E+053         -1.3886558192731282E+020 
                            4500          1.0134673745226098E+005          7.7045744854502675E+002          5.1026171425641394E+002          2.2171775526544678E+001          1.1334986009632148E+001          1.6460204108506915E+002          2.2350785564888329E+002          7.7806722007756324E-001         -1.0000000000000000E+000          1.0159136517353902E+000          1.9871757602072544E+000         -1.0603981102358147E+000         -1.0603615270432383E+000         -1.1572944041855251E+000         -9.8999999999999986E+001         -9.8999999999999986E+001         -5.2897844865832191E+000         -9.8999999999999986E+001          8.0000000000000004E-001          7.9995788381693211E-001          1.5899305961454808E+053         -1.3168338554255144E+044          0.0000000000000000E+000         -3.7520552069312571E+026         -1.6305064785006617E+044          3.1367262307514748E+043          0.0000000000000000E+000          0.0000000000000000E+000                                1                                2          1.4675927532963265E-007          9.4388148630093243E-008          2.9999999999999999E-001          5.9999999999999998E-001          1.0000000000000000E+000          4.4763969452294372E-001          1.5899305961454808E+053         -1.3856089228725469E+020 
                            4510          1.0134676716542765E+005          7.7201092959269101E+002          5.1091818792499754E+002          2.2182378842681796E+001          1.1299979771055369E+001          1.6466620588856594E+002          2.2395783709812929E+002          7.7566995681515993E-001         -1.0000000000000000E+000          1.0133405975227761E+000          1.9892340947810718E+000         -1.0639078994643019E+000         -1.0638710987974493E+000         -1.1608041118568524E+000         -9.8999999999999986E+001         -9.8999999999999986E+001         -5.2907200818386935E+000         -9.8999999999999986E+001          8.0000000000000004E-001          7.9995763346157167E-001          1.5887034447421338E+053         -1.3038954430442945E+044          0.0000000000000000E+000         -3.7237159036666158E+026         -1.6182840823573528E+044          3.1438863931305832E+043          0.0000000000000000E+000          0.0000000000000000E+000                                1                                2          1.4731108436827230E-007          9.4198215826812411E-008          2.9999999999999999E-001          5.9999999999999998E-001          1.0000000000000000E+000          4.4796562697579495E-001          1.5887034447421338E+053         -1.3826271355968535E+020 
                            4520          1.0134679703823726E+005          7.7358265511379011E+002          5.1158223470664728E+002          2.2192757562376027E+001          1.1265002339434316E+001          1.6473263434651699E+002          2.2441141284891904E+002          7.7332038267326020E-001         -1.0000000000000000E+000          1.0107737869264399E+000          1.9912874341035991E+000         -1.0672494048451362E+000         -1.0672123996337042E+000         -1.1641455405293959E+000         -9.8999999999999986E+001         -9.8999999999999986E+001         -5.2916542834682261E+000         -9.8999999999999986E+001          8.0000000000000004E-001          7.9995739799093113E-001          1.5874812622275700E+053         -1.2917875151245404E+044          0.0000000000000000E+000         -3.6953927929189905E+026         -1.6067865941303175E+044          3.1499907900577706E+043          0.0000000000000000E+000          0.0000000000000000E+000                                1                                2          1.4786850983368411E-007          9.4006828728254444E-008          2.9999999999999999E-001          5.9999999999999998E-001          1.0000000000000000E+000          4.4829465980259242E-001          1.5874812622275700E+053         -1.3796561922634275E+020 
                            4530          1.0134682707329291E+005          7.7517220807536467E+002          5.1225366230208476E+002          2.2202909971927056E+001          1.1230063792102907E+001          1.6480129701679007E+002          2.2486846276848698E+002          7.7101386086129675E-001         -1.0000000000000000E+000          1.0082138802572223E+000          1.9933352499332999E+000         -1.0708246261267493E+000         -1.0707874023013051E+000         -1.1677206798263755E+000         -9.8999999999999986E+001         -9.8999999999999986E+001         -5.2926712823985929E+000         -9.8999999999999986E+001          8.0000000000000004E-001          7.9995714632375647E-001          1.5862643205221677E+053         -1.2790461343475100E+044          0.0000000000000000E+000         -3.6670971189108310E+026         -1.5945230600809303E+044          3.1547692573342020E+043          0.0000000000000000E+000          0.0000000000000000E+000                                1                                2          1.4841623671451380E-007          9.3814060164757783E-008          2.9999999999999999E-001          5.9999999999999998E-001          1.0000000000000000E+000          4.4862669525818016E-001          1.5862643205221677E+053         -1.3764291945385417E+020 
                            4540          1.0134685727325453E+005          7.7677991569992184E+002          5.1293259048742050E+002          2.2212841202220762E+001          1.1195155583232676E+001          1.6487218391859417E+002          2.2532909286370159E+002          7.6858166441823272E-001         -1.0000000000000000E+000          1.0056601286054274E+000          1.9953781413787959E+000         -1.0742042864756909E+000         -1.0741668419617165E+000         -1.1711002574126719E+000         -9.8999999999999986E+001         -9.8999999999999986E+001         -5.2934836375039298E+000         -9.8999999999999986E+001          8.0000000000000004E-001          7.9995689226853728E-001          1.5850521353700351E+053         -1.2674140076237200E+044          0.0000000000000000E+000         -3.6388259651001068E+026         -1.5830763740627693E+044          3.1566236643904934E+043          0.0000000000000000E+000          0.0000000000000000E+000                                1                                2          1.4896541510665646E-007          9.3619892451652518E-008          2.9999999999999999E-001          5.9999999999999998E-001          1.0000000000000000E+000          4.4896179722045049E-001          1.5850521353700351E+053         -1.3738569671152461E+020 
                            4550          1.0134688763841098E+005          7.7840550860045460E+002          5.1361889217119403E+002          2.2222548088944439E+001          1.1160287099845062E+001          1.6494528725314549E+002          2.2579321087107652E+002          7.6616765909241236E-001         -1.0000000000000000E+000          1.0031131980129908E+000          1.9974155756089826E+000         -1.0777916338527629E+000         -1.0777539560003506E+000         -1.1746875172830997E+000         -9.8999999999999986E+001         -9.8999999999999986E+001         -5.2943729254615262E+000         -9.8999999999999986E+001          8.0000000000000004E-001          7.9995662365096631E-001          1.5838450901908975E+053         -1.2550758055651484E+044          0.0000000000000000E+000         -3.6105894225121601E+026         -1.5709707313281213E+044          3.1589492576297290E+043          0.0000000000000000E+000          0.0000000000000000E+000                                1                                2          1.4951031344868417E-007          9.3424380175805876E-008          2.9999999999999999E-001          5.9999999999999998E-001          1.0000000000000000E+000          4.4929988500102863E-001          1.5838450901908975E+053         -1.3710466517830189E+020 
                            4560          1.0134691817286202E+005          7.8004917842535679E+002          5.1431262873316632E+002          2.2232035627372600E+001          1.1125452017093490E+001          1.6502058658222646E+002          2.2626088803553580E+002          7.6368603332174567E-001         -1.0000000000000000E+000          1.0005724864198007E+000          1.9994480342620016E+000         -1.0812511774512961E+000         -1.0812132864556838E+000         -1.1781469809485867E+000         -9.8999999999999986E+001         -9.8999999999999986E+001         -5.2953824862857788E+000         -9.8999999999999986E+001          8.0000000000000004E-001          7.9995637828213706E-001          1.5826427345598793E+053         -1.2432295963159449E+044          0.0000000000000000E+000         -3.5823870006528487E+026         -1.5594265481254466E+044          3.1619695180950161E+043          0.0000000000000000E+000          0.0000000000000000E+000                                1                                2          1.5005307442659301E-007          9.3227522286774895E-008          2.9999999999999999E-001          5.9999999999999998E-001          1.0000000000000000E+000          4.4964098765629629E-001          1.5826427345598793E+053         -1.3678632186775368E+020 
                            4570          1.0134694888116819E+005          7.8170985720467604E+002          5.1501333707710933E+002          2.2241295606855921E+001          1.1090677043217863E+001          1.6509804126910942E+002          2.2673180147365414E+002          7.6123811634848593E-001         -1.0000000000000000E+000          9.9803993910170974E-001          2.0014739611035632E+000         -1.0861387179045858E+000         -1.0861004722594385E+000         -1.1830343884010148E+000         -9.8999999999999986E+001         -9.8999999999999986E+001         -5.2962238750040758E+000         -9.8999999999999986E+001          8.0000000000000004E-001          7.9995597001255969E-001          1.5814460942235417E+053         -1.2268263219681194E+044          0.0000000000000000E+000         -3.5542372677741929E+026         -1.5428961917657154E+044          3.1606986979759603E+043          0.0000000000000000E+000          0.0000000000000000E+000                                1                                2          1.5059496205575584E-007          9.3029468025998679E-008          2.9999999999999999E-001          5.9999999999999998E-001          1.0000000000000000E+000          4.4998492832987841E-001          1.5814460942235417E+053         -1.3652157281302364E+020 
                            4580          1.0134698017442459E+005          7.8340365615078917E+002          5.1572783805273696E+002          2.2250378537305743E+001          1.1055669924345663E+001          1.6517863658959362E+002          2.2721028066959104E+002          7.5880760001785108E-001         -1.0000000000000000E+000          9.9549507883346300E-001          2.0035097364197529E+000         -1.0928723062365204E+000         -1.0928335453443625E+000         -1.1897677835046139E+000         -9.8999999999999986E+001         -9.8999999999999986E+001         -5.2971454322990619E+000         -9.8999999999999986E+001          8.0000000000000004E-001          7.9995537686510565E-001          1.5802471273375842E+053         -1.2038379717490715E+044          0.0000000000000000E+000         -3.5256929994879533E+026         -1.5200947466686170E+044          3.1625677491954558E+043          0.0000000000000000E+000          0.0000000000000000E+000                                1                                2          1.5117503374223561E-007          9.2828328787417459E-008          2.9999999999999999E-001          5.9999999999999998E-001          1.0000000000000000E+000          4.5033775400998410E-001          1.5802471273375842E+053         -1.3623218608097264E+020 
                            4590          1.0134701173470862E+005          7.8511177247288720E+002          5.1644818668302173E+002          2.2259176810067640E+001          1.1020829244958390E+001          1.6526151106245979E+002          2.2769096720000522E+002          7.5626063741139005E-001         -1.0000000000000000E+000          9.9296695636316845E-001          2.0055321207661034E+000         -1.0984171719084312E+000         -1.0983779864293179E+000         -1.1953124899474863E+000         -9.8999999999999986E+001         -9.8999999999999986E+001         -5.2979586891359345E+000         -9.8999999999999986E+001          8.0000000000000004E-001          7.9995488808517312E-001          1.5790597596703295E+053         -1.1855197542449731E+044          0.0000000000000000E+000         -3.4973942308127899E+026         -1.5017372468397511E+044          3.1621749259477808E+043          0.0000000000000000E+000          0.0000000000000000E+000                                1                                2          1.5171797456177106E-007          9.2626368265216349E-008          2.9999999999999999E-001          5.9999999999999998E-001          1.0000000000000000E+000          4.5069116841034451E-001          1.5790597596703295E+053         -1.3597731734029404E+020 
                            4600          1.0134704343045481E+005          7.8683423202055269E+002          5.1717433021988279E+002          2.2267735596692702E+001          1.0986107540900839E+001          1.6534638352487067E+002          2.2817412903313343E+002          7.5375190973073192E-001         -1.0000000000000000E+000          9.9045105695231561E-001          2.0075447264255080E+000         -1.1007653360657810E+000         -1.1007260156680596E+000         -1.1976606035074997E+000         -9.8999999999999986E+001         -9.8999999999999986E+001         -5.2988140449852921E+000         -9.8999999999999986E+001          8.0000000000000004E-001          7.9995473276842444E-001          1.5778799225557475E+053         -1.1788534160402135E+044          0.0000000000000000E+000         -3.4693044008259226E+026         -1.4945635203192447E+044          3.1571010427903122E+043          0.0000000000000000E+000          0.0000000000000000E+000                                1                                2          1.5225586379408861E-007          9.2423599796470026E-008          2.9999999999999999E-001          5.9999999999999998E-001          1.0000000000000000E+000          4.5104545647273936E-001          1.5778799225557475E+053         -1.3570976954362131E+020 
                            4610          1.0134707224942168E+005          7.8841852329208052E+002          5.1784191535809293E+002          2.2275405878023040E+001          1.0954454036079587E+001          1.6542513604724635E+002          2.2861759551664480E+002          7.5146563523839138E-001         -1.0000000000000000E+000          9.8815897062203895E-001          2.0093782921647967E+000         -1.0993776419829959E+000         -1.0993385362437733E+000         -1.1962729899261944E+000         -9.8999999999999986E+001         -9.8999999999999986E+001         -5.2998038604084812E+000         -9.8999999999999986E+001          8.0000000000000004E-001          7.9995497988084074E-001          1.5768034360806022E+053         -1.1847251487688545E+044          0.0000000000000000E+000         -3.4436406711484297E+026         -1.5002022927208878E+044          3.1547714395203329E+043          0.0000000000000000E+000          0.0000000000000000E+000                                1                                2          1.5274953577824826E-007          9.2237878763649385E-008          2.9999999999999999E-001          5.9999999999999998E-001          1.0000000000000000E+000          4.5137224763508033E-001          1.5768034360806022E+053         -1.3540082096256570E+020 
                            4620          1.0134710383670045E+005          7.9016765285336908E+002          5.1857865637891371E+002          2.2283616267006849E+001          1.0919857361318403E+001          1.6551307086766911E+002          2.2910594398302112E+002          7.4892045367586002E-001         -1.0000000000000000E+000          9.8565628020520546E-001          2.0113803314923855E+000         -1.1029250852693844E+000         -1.1028857378171579E+000         -1.1998203425650893E+000         -9.8999999999999986E+001         -9.8999999999999986E+001         -5.3006750659312711E+000         -9.8999999999999986E+001          8.0000000000000004E-001          7.9995470162359505E-001          1.5756280960287095E+053         -1.1734366214773932E+044          0.0000000000000000E+000         -3.4157391177984623E+026         -1.4889324488959708E+044          3.1549582741857766E+043          0.0000000000000000E+000          0.0000000000000000E+000                                1                                2          1.5328052150438540E-007          9.2033699309031800E-008          2.9999999999999999E-001          5.9999999999999998E-001          1.0000000000000000E+000          4.5173069589992221E-001          1.5756280960287095E+053         -1.3512947580468670E+020 
                            4630          1.0134713560871010E+005          7.9193435673369527E+002          5.1932250452897711E+002          2.2291613727548448E+001          1.0885307957872962E+001          1.6560308818235006E+002          2.2959771668805217E+002          7.4640059876290643E-001         -1.0000000000000000E+000          9.8316026982498816E-001          2.0133770263577806E+000         -1.1067171994472214E+000         -1.1066775825663058E+000         -1.2036123557014271E+000         -9.8999999999999986E+001         -9.8999999999999986E+001         -5.3015033821180264E+000         -9.8999999999999986E+001          8.0000000000000004E-001          7.9995439146055192E-001          1.5744572955429664E+053         -1.1619286646418292E+044          0.0000000000000000E+000         -3.3879030996490905E+026         -1.4769240900559443E+044          3.1499542541411507E+043          0.0000000000000000E+000          0.0000000000000000E+000                                1                                2          1.5380370903420284E-007          9.1828383941277505E-008          2.9999999999999999E-001          5.9999999999999998E-001          1.0000000000000000E+000          4.5209198181518440E-001          1.5744572955429664E+053         -1.3487199323360458E+020 
                            4640          1.0134716757117416E+005          7.9371906207740517E+002          5.2007362210022620E+002          2.2299402000100677E+001          1.0850797459936841E+001          1.6569519390956640E+002          2.3009303613818255E+002          7.4384239040275124E-001         -1.0000000000000000E+000          9.8067024722508511E-001          2.0153689305465643E+000         -1.1103031105191343E+000         -1.1102632499048177E+000         -1.2071981753680876E+000         -9.8999999999999986E+001         -9.8999999999999986E+001         -5.3024254637491621E+000         -9.8999999999999986E+001          8.0000000000000004E-001          7.9995411087777901E-001          1.5732906329288395E+053         -1.1511500923783651E+044          0.0000000000000000E+000         -3.3601290481961486E+026         -1.4657172198920519E+044          3.1456712751368686E+043          0.0000000000000000E+000          0.0000000000000000E+000                                1                                2          1.5433771647582710E-007          9.1621904576783863E-008          2.9999999999999999E-001          5.9999999999999998E-001          1.0000000000000000E+000          4.5245617674656619E-001          1.5732906329288395E+053         -1.3458594064908347E+020 
                            4650          1.0134719972593016E+005          7.9552084051794077E+002          5.2083160292129230E+002          2.2306977233840566E+001          1.0816345501805158E+001          1.6578933488454012E+002          2.3059163819880169E+002          7.4119980464279311E-001         -1.0000000000000000E+000          9.7818758198324018E-001          2.0173549484050830E+000         -1.1146774490106903E+000         -1.1146372678683802E+000         -1.2115723936547231E+000         -9.8999999999999986E+001         -9.8999999999999986E+001         -5.3033213504215340E+000         -9.8999999999999986E+001          8.0000000000000004E-001          7.9995374189029356E-001          1.5721287554171944E+053         -1.1380348455157829E+044          0.0000000000000000E+000         -3.3324345698798219E+026         -1.4519659279010770E+044          3.1393108238529407E+043          0.0000000000000000E+000          0.0000000000000000E+000                                1                                2          1.5487933335469458E-007          9.1414389746324127E-008          2.9999999999999999E-001          5.9999999999999998E-001          1.0000000000000000E+000          4.5282308026409918E-001          1.5721287554171944E+053         -1.3430859548852067E+020 
                            4660          1.0134723279074579E+005          7.9737300119877477E+002          5.2161047535754778E+002          2.2314437952618512E+001          1.0781363871525777E+001          1.6588749609157003E+002          2.3110248383277855E+002          7.3856080796865164E-001         -1.0000000000000000E+000          9.7567074947742283E-001          2.0193682970759106E+000         -1.1217395157603762E+000         -1.1216987518245176E+000         -1.2186342418440992E+000         -9.8999999999999986E+001         -9.8999999999999986E+001         -5.3041292953578845E+000         -9.8999999999999986E+001          8.0000000000000004E-001          7.9995307098695045E-001          1.5709539547545124E+053         -1.1159014527770034E+044          0.0000000000000000E+000         -3.3047360515983609E+026         -1.4294771978077888E+044          3.1357574503078539E+043          0.0000000000000000E+000          0.0000000000000000E+000                                1                                2          1.5539961593746852E-007          9.1202049802413267E-008          2.9999999999999999E-001          5.9999999999999998E-001          1.0000000000000000E+000          4.5319326849817054E-001          1.5709539547545124E+053         -1.3405896515910610E+020 
                            4670          1.0134726704165600E+005          7.9928774080880930E+002          5.2241534382517023E+002          2.2321803978301151E+001          1.0745660931497749E+001          1.6599046659970605E+002          2.3162876395943766E+002          7.3578420666619160E-001         -1.0000000000000000E+000          9.7310639695728196E-001          2.0214196577933317E+000         -1.1285792528214873E+000         -1.1285379384328640E+000         -1.2254737724732321E+000         -9.8999999999999986E+001         -9.8999999999999986E+001         -5.3051435363653674E+000         -9.8999999999999986E+001          8.0000000000000004E-001          7.9995243731466736E-001          1.5697607118775963E+053         -1.0954843422488072E+044          0.0000000000000000E+000         -3.2765548813967699E+026         -1.4080843767250720E+044          3.1260003447626484E+043          0.0000000000000000E+000          0.0000000000000000E+000                                1                                2          1.5591243332768969E-007          9.0983570063068940E-008          2.9999999999999999E-001          5.9999999999999998E-001          1.0000000000000000E+000          4.5357394901853409E-001          1.5697607118775963E+053         -1.3374625233241978E+020 
                            4680          1.0134730031577658E+005          8.0115176421464992E+002          5.2319852815522324E+002          2.2328685137320740E+001          1.0711300467218985E+001          1.6609187120837984E+002          2.3213960530638465E+002          7.3319675972076070E-001         -1.0000000000000000E+000          9.7064167581429284E-001          2.0233913171185440E+000         -1.1315143193399806E+000         -1.1314728128765545E+000         -1.2284087669593817E+000         -9.8999999999999986E+001         -9.8999999999999986E+001         -5.3060641065014282E+000         -9.8999999999999986E+001          8.0000000000000004E-001          7.9995221620146317E-001          1.5686155334018905E+053         -1.0876046287613869E+044          0.0000000000000000E+000         -3.2490162996603290E+026         -1.3995327569346301E+044          3.1192812817324320E+043          0.0000000000000000E+000          0.0000000000000000E+000                                1                                2          1.5642891423041968E-007          9.0771880453534423E-008          2.9999999999999999E-001          5.9999999999999998E-001          1.0000000000000000E+000          4.5395076172007282E-001          1.5686155334018905E+053         -1.3346305185015295E+020 
                            4690          1.0134733165747493E+005          8.0292482410724051E+002          5.2394307210841578E+002          2.2335041647914910E+001          1.0678897482232243E+001          1.6618891026133451E+002          2.3262460756800471E+002          7.3066552140184915E-001         -1.0000000000000000E+000          9.6831851297646221E-001          2.0252497368534974E+000         -1.1291003155268458E+000         -1.1290591140951096E+000         -1.2259948775399383E+000         -9.8999999999999986E+001         -9.8999999999999986E+001         -5.3068536780494409E+000         -9.8999999999999986E+001          8.0000000000000004E-001          7.9995256734873599E-001          1.5675341737790390E+053         -1.0973699850486587E+044          0.0000000000000000E+000         -3.2222332393775087E+026         -1.4082654761018159E+044          3.1089549105315716E+043          0.0000000000000000E+000          0.0000000000000000E+000                                1                                2          1.5696309559243602E-007          9.0571433318541252E-008          2.9999999999999999E-001          5.9999999999999998E-001          1.0000000000000000E+000          4.5432239021970378E-001          1.5675341737790390E+053         -1.3322062902712823E+020 
                            4700          1.0134736478894485E+005          8.0481335685291879E+002          5.2473567616107789E+002          2.2341593750855150E+001          1.0644701825979675E+001          1.6629300932422737E+002          2.3314010868533202E+002          7.2799611690510113E-001         -1.0000000000000000E+000          9.6586851338826407E-001          2.0272096199253551E+000         -1.1326456513727499E+000         -1.1326042013058764E+000         -1.2295401201421208E+000         -9.8999999999999986E+001         -9.8999999999999986E+001         -5.3077859619024581E+000         -9.8999999999999986E+001          8.0000000000000004E-001          7.9995228112419259E-001          1.5663927532422285E+053         -1.0875262440478917E+044          0.0000000000000000E+000         -3.1949738271996473E+026         -1.3977575173756486E+044          3.1023127332775680E+043          0.0000000000000000E+000          0.0000000000000000E+000                                1                                2          1.5748653884627290E-007          9.0358903150908436E-008          2.9999999999999999E-001          5.9999999999999998E-001          1.0000000000000000E+000          4.5470263676283751E-001          1.5663927532422285E+053         -1.3293495597645424E+020 
                            4710          1.0134739815966302E+005          8.0672074535733145E+002          5.2553579045573861E+002          2.2347947239342243E+001          1.0610534855215484E+001          1.6639916717296936E+002          2.3365938139159607E+002          7.2523053013960237E-001         -1.0000000000000000E+000          9.6342330089013850E-001          2.0291656727240928E+000         -1.1370833269258891E+000         -1.1370415349684921E+000         -1.2339776674786342E+000         -9.8999999999999986E+001         -9.8999999999999986E+001         -5.3086559895300036E+000         -9.8999999999999986E+001          8.0000000000000004E-001          7.9995188754590207E-001          1.5652546219948862E+053         -1.0752244469159366E+044          0.0000000000000000E+000         -3.1677673364616867E+026         -1.3844902439510834E+044          3.0926579703514673E+043          0.0000000000000000E+000          0.0000000000000000E+000                                1                                2          1.5801136742764262E-007          9.0145261027369102E-008          2.9999999999999999E-001          5.9999999999999998E-001          1.0000000000000000E+000          4.5508615122143636E-001          1.5652546219948862E+053         -1.3266891227151738E+020 
                            4720          1.0134743170904763E+005          8.0864373432380683E+002          5.2634202725418413E+002          2.2354097111340732E+001          1.0576450462195345E+001          1.6650716131204453E+002          2.3418156769111695E+002          7.2255002566066340E-001         -1.0000000000000000E+000          9.6098655169209635E-001          2.0311149544928315E+000         -1.1408039600059683E+000         -1.1407618950587124E+000         -1.2376981981813391E+000         -9.8999999999999986E+001         -9.8999999999999986E+001         -5.3095488499457613E+000         -9.8999999999999986E+001          8.0000000000000004E-001          7.9995157328505351E-001          1.5641212124785335E+053         -1.0654097249401938E+044          0.0000000000000000E+000         -3.1407031841905537E+026         -1.3736201713909396E+044          3.0821044645074578E+043          0.0000000000000000E+000          0.0000000000000000E+000                                1                                2          1.5853022766583609E-007          8.9930891787891057E-008          2.9999999999999999E-001          5.9999999999999998E-001          1.0000000000000000E+000          4.5547160016231086E-001          1.5641212124785335E+053         -1.3239644015020183E+020 
                            4730          1.0134746551448114E+005          8.1058626242763023E+002          5.2715602600960494E+002          2.2360052795935040E+001          1.0542384143901351E+001          1.6661723011179339E+002          2.3470770861983166E+002          7.1988496939947755E-001         -1.0000000000000000E+000          9.5855369837782556E-001          2.0330611188993624E+000         -1.1445682527647649E+000         -1.1445259226203646E+000         -1.2414623914851672E+000         -9.8999999999999986E+001         -9.8999999999999986E+001         -5.3105836088263123E+000         -9.8999999999999986E+001          8.0000000000000004E-001          7.9995126799522231E-001          1.5629905812328493E+053         -1.0556926068000186E+044          0.0000000000000000E+000         -3.1136843731264945E+026         -1.3627080414461495E+044          3.0701543464613096E+043          0.0000000000000000E+000          0.0000000000000000E+000                                1                                2          1.5906174074868089E-007          8.9715377051462278E-008          2.9999999999999999E-001          5.9999999999999998E-001          1.0000000000000000E+000          4.5586049334704959E-001          1.5629905812328493E+053         -1.3208136519561937E+020 
                            4740          1.0134749946773401E+005          8.1254253376614918E+002          5.2797533750177183E+002          2.2365801411162618E+001          1.0508434066097895E+001          1.6672901065494216E+002          2.3523625632193020E+002          7.1707986663639589E-001         -1.0000000000000000E+000          9.5613159854539487E-001          2.0349986802500388E+000         -1.1482034194925812E+000         -1.1481608092617848E+000         -1.2450974531741654E+000         -9.8999999999999986E+001         -9.8999999999999986E+001         -5.3113544989457067E+000         -9.8999999999999986E+001          8.0000000000000004E-001          7.9995094556537460E-001          1.5618656936953335E+053         -1.0462649649398170E+044          0.0000000000000000E+000         -3.0868587028482627E+026         -1.3522881471992830E+044          3.0602318225946600E+043          0.0000000000000000E+000          0.0000000000000000E+000                                1                                2          1.5957126707250126E-007          8.9499378979414622E-008          2.9999999999999999E-001          5.9999999999999998E-001          1.0000000000000000E+000          4.5625057157772414E-001          1.5618656936953335E+053         -1.3184712343212946E+020 
                            4750          1.0134753370899656E+005          8.1451987253127515E+002          5.2880301289468650E+002          2.2371365085500958E+001          1.0474474349034136E+001          1.6684291418794055E+002          2.3576918478693318E+002          7.1440433591608343E-001         -1.0000000000000000E+000          9.5371122301666666E-001          2.0369348613864213E+000         -1.1527171686337692E+000         -1.1526741978944672E+000         -1.2496110671163387E+000         -9.8999999999999986E+001         -9.8999999999999986E+001         -5.3122091286861730E+000         -9.8999999999999986E+001          8.0000000000000004E-001          7.9995053055551169E-001          1.5607423439065233E+053         -1.0343189900813459E+044          0.0000000000000000E+000         -3.0600361688405827E+026         -1.3392476255242321E+044          3.0492863544288627E+043          0.0000000000000000E+000          0.0000000000000000E+000                                1                                2          1.6008304834912465E-007          8.9282109152761138E-008          2.9999999999999999E-001          5.9999999999999998E-001          1.0000000000000000E+000          4.5664479998133689E-001          1.5607423439065233E+053         -1.3158792217419515E+020 
                            4760          1.0134756803352096E+005          8.1650660203495033E+002          5.2963415000902262E+002          2.2376712166975942E+001          1.0440705817941103E+001          1.6695825927012686E+002          2.3630334494840136E+002          7.1167798216730538E-001         -1.0000000000000000E+000          9.5130683464647880E-001          2.0388582527420573E+000         -1.1565408389993195E+000         -1.1564975749038018E+000         -1.2534346274664816E+000         -9.8999999999999986E+001         -9.8999999999999986E+001         -5.3130778493037507E+000         -9.8999999999999986E+001          8.0000000000000004E-001          7.9995019285021651E-001          1.5596271478838978E+053         -1.0245691324996519E+044          0.0000000000000000E+000         -3.0335197129341354E+026         -1.3284404063774982E+044          3.0387127387784637E+043          0.0000000000000000E+000          0.0000000000000000E+000                                1                                2          1.6058487628894812E-007          8.9064867308099927E-008          2.9999999999999999E-001          5.9999999999999998E-001          1.0000000000000000E+000          4.5703845259201969E-001          1.5596271478838978E+053         -1.3132496951997673E+020 
                            4770          1.0134760273073375E+005          8.1851904491439461E+002          5.3047555815803628E+002          2.2381889372207521E+001          1.0406849936795156E+001          1.6707597183741922E+002          2.3684313435595419E+002          7.0890844603415792E-001         -1.0000000000000000E+000          9.4889849723359776E-001          2.0407848022719497E+000         -1.1606368570392465E+000         -1.1605932658689373E+000         -1.2575305228456963E+000         -9.8999999999999986E+001         -9.8999999999999986E+001         -5.3139028037087526E+000         -9.8999999999999986E+001          8.0000000000000004E-001          7.9994981632909923E-001          1.5585107269779205E+053         -1.0143485253941443E+044          0.0000000000000000E+000         -3.0069022589588204E+026         -1.3169099860718665E+044          3.0256146067772224E+043          0.0000000000000000E+000          0.0000000000000000E+000                                1                                2          1.6109331239009249E-007          8.8845888948174787E-008          2.9999999999999999E-001          5.9999999999999998E-001          1.0000000000000000E+000          4.5743796326773933E-001          1.5585107269779205E+053         -1.3107575087442161E+020 
                            4780          1.0134763766832401E+005          8.2054939891481285E+002          5.3132395659712859E+002          2.2386874821455894E+001          1.0373042391693794E+001          1.6719559980363900E+002          2.3738644120392007E+002          7.0613200863083914E-001         -1.0000000000000000E+000          9.4649585350359278E-001          2.0427067962605778E+000         -1.1645478288792170E+000         -1.1645039334324081E+000         -1.2614413805747966E+000         -9.8999999999999986E+001         -9.8999999999999986E+001         -5.3147926782188080E+000         -9.8999999999999986E+001          8.0000000000000004E-001          7.9994946605311568E-001          1.5573975900606976E+053         -1.0049083011655212E+044          0.0000000000000000E+000         -2.9803865977124557E+026         -1.3060430866431261E+044          3.0113478547760484E+043          0.0000000000000000E+000          0.0000000000000000E+000                                1                                2          1.6160417954894525E-007          8.8626050134953774E-008          2.9999999999999999E-001          5.9999999999999998E-001          1.0000000000000000E+000          4.5784018211107508E-001          1.5573975900606976E+053         -1.3080745008617949E+020 
                            4790          1.0134767283322546E+005          8.2259705129721306E+002          5.3217907070285321E+002          2.2391669182100124E+001          1.0339292950340184E+001          1.6731708945249494E+002          2.3793310641862925E+002          7.0334671110159708E-001         -1.0000000000000000E+000          9.4409951054592856E-001          2.0446237490960661E+000         -1.1681833591624717E+000         -1.1681391896490705E+000         -1.2650768080765664E+000         -9.8999999999999986E+001         -9.8999999999999986E+001         -5.3157249306751364E+000         -9.8999999999999986E+001          8.0000000000000004E-001          7.9994915055427995E-001          1.5562879190704216E+053         -9.9629488080300145E+043          0.0000000000000000E+000         -2.9539844571317902E+026         -1.2960941634654093E+044          2.9979928266240783E+043          0.0000000000000000E+000          0.0000000000000000E+000                                1                                2          1.6211808183302167E-007          8.8405437451726469E-008          2.9999999999999999E-001          5.9999999999999998E-001          1.0000000000000000E+000          4.5824494292073276E-001          1.5562879190704216E+053         -1.3052696119747071E+020 
                            4800          1.0134770843792584E+005          8.2466945094733433E+002          5.3304400904469946E+002          2.2396275227660887E+001          1.0305496977852405E+001          1.6744097462337635E+002          2.3848501484819488E+002          7.0055038240830547E-001         -1.0000000000000000E+000          9.4170237392103329E-001          2.0465413355807156E+000         -1.1751556018201972E+000         -1.1751107966838075E+000         -1.2720488123604106E+000         -9.8999999999999986E+001         -9.8999999999999986E+001         -5.3164916666648860E+000         -9.8999999999999986E+001          8.0000000000000004E-001          7.9994841884122880E-001          1.5551792085303418E+053         -9.7828936111516857E+043          0.0000000000000000E+000         -2.9275094729391952E+026         -1.2763934117098525E+044          2.9810405059468401E+043          0.0000000000000000E+000          0.0000000000000000E+000                                1                                2          1.6264036506157718E-007          8.8183274017112373E-008          2.9999999999999999E-001          5.9999999999999998E-001          1.0000000000000000E+000          4.5865543505509754E-001          1.5551792085303418E+053         -1.3029672242911288E+020 
                            4810          1.0134774446351566E+005          8.2675744918709245E+002          5.3391497368827140E+002          2.2400640446449160E+001          1.0271840505262578E+001          1.6756692063477612E+002          2.3903950958989762E+002          6.9770240862465527E-001         -1.0000000000000000E+000          9.3931844602835746E-001          2.0484483538678857E+000         -1.1828713731117164E+000         -1.1828258571808961E+000         -1.2797643170866948E+000         -9.8999999999999986E+001         -9.8999999999999986E+001         -5.3173714575674191E+000         -9.8999999999999986E+001          8.0000000000000004E-001          7.9994760059398928E-001          1.5540797472160980E+053         -9.5796010332637572E+043          0.0000000000000000E+000         -2.9012475431762794E+026         -1.2548456548404358E+044          2.9688555151406015E+043          0.0000000000000000E+000          0.0000000000000000E+000                                1                                2          1.6314537741066999E-007          8.7960564779832592E-008          2.9999999999999999E-001          5.9999999999999998E-001          1.0000000000000000E+000          4.5906712795181065E-001          1.5540797472160980E+053         -1.3003303536439527E+020 
                            4820          1.0134778097718001E+005          8.2886637407674266E+002          5.3479415716529343E+002          2.2404787021855423E+001          1.0238227763429043E+001          1.6769517384370096E+002          2.3959806515584731E+002          6.9489206119347047E-001         -1.0000000000000000E+000          9.3694062850432502E-001          2.0503504824092746E+000         -1.1884797120551092E+000         -1.1884336977664500E+000         -1.2853724691335895E+000         -9.8999999999999986E+001         -9.8999999999999986E+001         -5.3182502633932831E+000         -9.8999999999999986E+001          8.0000000000000004E-001          7.9994702689878194E-001          1.5529857082583447E+053         -9.4445063079761343E+043          0.0000000000000000E+000         -2.8750986858417091E+026         -1.2396686168005711E+044          2.9521798600295758E+043          0.0000000000000000E+000          0.0000000000000000E+000                                1                                2          1.6364647866299915E-007          8.7736762451527850E-008          2.9999999999999999E-001          5.9999999999999998E-001          1.0000000000000000E+000          4.5948162002344684E-001          1.5529857082583447E+053         -1.2977017628190636E+020 
                            4830          1.0134781767661248E+005          8.3099255861708946E+002          5.3567994400576572E+002          2.2408764144199758E+001          1.0204658682438033E+001          1.6782512682308123E+002          2.4016007058761491E+002          6.9205526186394095E-001         -1.0000000000000000E+000          9.3456738410215612E-001          2.0522489520642648E+000         -1.1887988937719167E+000         -1.1887529234378826E+000         -1.2856916673344725E+000         -9.8999999999999986E+001         -9.8999999999999986E+001         -5.3189845202150714E+000         -9.8999999999999986E+001          8.0000000000000004E-001          7.9994707749805549E-001          1.5518931859086453E+053         -9.4616689592386796E+043          0.0000000000000000E+000         -2.8491093338158545E+026         -1.2396828042284747E+044          2.9351590830460674E+043          0.0000000000000000E+000          0.0000000000000000E+000                                1                                2          1.6412979918177432E-007          8.7512278434180022E-008          2.9999999999999999E-001          5.9999999999999998E-001          1.0000000000000000E+000          4.5989786983814052E-001          1.5518931859086453E+053         -1.2955096066156364E+020 
                            4840          1.0134785302339043E+005          8.3306262256943705E+002          5.3654170720815034E+002          2.2412502430819707E+001          1.0172215571201301E+001          1.6795186605278167E+002          2.4070656015943223E+002          6.8942582772631300E-001         -1.0000000000000000E+000          9.3227358305676533E-001          2.0540838719151502E+000         -1.1888208702163616E+000         -1.1887749959472134E+000         -1.2857136798056301E+000         -9.8999999999999986E+001         -9.8999999999999986E+001         -5.3199150458682309E+000         -9.8999999999999986E+001          8.0000000000000004E-001          7.9994718808514842E-001          1.5508333380298796E+053         -9.4824008997398727E+043          0.0000000000000000E+000         -2.8248443433542397E+026         -1.2404821354484131E+044          2.9224204547442574E+043          0.0000000000000000E+000          0.0000000000000000E+000                                1                                2          1.6456671054469012E-007          8.7294820576791516E-008          2.9999999999999999E-001          5.9999999999999998E-001          1.0000000000000000E+000          4.6028858105731424E-001          1.5508333380298796E+053         -1.2927368005403461E+020 
                            4850          1.0134788964680377E+005          8.3521362554729160E+002          5.3743656818487591E+002          2.2416189049020048E+001          1.0138816358044975E+001          1.6808419237187536E+002          2.4127331040785069E+002          6.8649270143054431E-001         -1.0000000000000000E+000          9.2991362568274838E-001          2.0559717127161403E+000         -1.1929626639254063E+000         -1.1929164417757014E+000         -1.2898553430508211E+000         -9.8999999999999986E+001         -9.8999999999999986E+001         -5.3207756841038529E+000         -9.8999999999999986E+001          8.0000000000000004E-001          7.9994678761532068E-001          1.5497424133141601E+053         -9.3906158847688949E+043          0.0000000000000000E+000         -2.7991458245857181E+026         -1.2296360210532826E+044          2.9057443257639319E+043          0.0000000000000000E+000          0.0000000000000000E+000                                1                                2          1.6507140832531212E-007          8.7070002143197463E-008          2.9999999999999999E-001          5.9999999999999998E-001          1.0000000000000000E+000          4.6070840609480779E-001          1.5497424133141601E+053         -1.2901775300474669E+020 
                            4860          1.0134792654881948E+005          8.3738098986568582E+002          5.3833764565605475E+002          2.2419683183176300E+001          1.0105502360919063E+001          1.6821830435189619E+002          2.4184310567268767E+002          6.8371232432170548E-001         -1.0000000000000000E+000          9.2756170626386547E-001          2.0578531224439796E+000         -1.1986720652058136E+000         -1.1986253159393052E+000         -1.2955645466492030E+000         -9.8999999999999986E+001         -9.8999999999999986E+001         -5.3215601604280804E+000         -9.8999999999999986E+001          8.0000000000000004E-001          7.9994618081462743E-001          1.5486559539961947E+053         -9.2560881524916316E+043          0.0000000000000000E+000         -2.7735824061766611E+026         -1.2144997276440455E+044          2.8889091239488229E+043          0.0000000000000000E+000          0.0000000000000000E+000                                1                                2          1.6555398250758244E-007          8.6844641861400336E-008          2.9999999999999999E-001          5.9999999999999998E-001          1.0000000000000000E+000          4.6113059503975107E-001          1.5486559539961947E+053         -1.2878491556008737E+020 
                            4870          1.0134796461148733E+005          8.3960652424763771E+002          5.3926232909110684E+002          2.2423013995757341E+001          1.0071676718869082E+001          1.6835703015195580E+002          2.4242667554558781E+002          6.8084161852688219E-001         -1.0000000000000000E+000          9.2517659490522852E-001          2.0597610820094392E+000         -1.2066104928214207E+000         -1.2065629828979194E+000         -1.3035026889990908E+000         -9.8999999999999986E+001         -9.8999999999999986E+001         -5.3224886777944747E+000         -9.8999999999999986E+001          8.0000000000000004E-001          7.9994530517093088E-001          1.5475568869214912E+053         -9.0618780749181285E+043          0.0000000000000000E+000         -2.7472551079242955E+026         -1.1934543220345762E+044          2.8726651454276331E+043          0.0000000000000000E+000          0.0000000000000000E+000                                1                                2          1.6603503023504367E-007          8.6614443868925192E-008          2.9999999999999999E-001          5.9999999999999998E-001          1.0000000000000000E+000          4.6157139378210627E-001          1.5475568869214912E+053         -1.2850986879518761E+020 
                            4880          1.0134800292184872E+005          8.4183448415874250E+002          5.4018743207131627E+002          2.2426093178686280E+001          1.0038195619824609E+001          1.6849691648063865E+002          2.4300935973721568E+002          6.7789205244216533E-001         -1.0000000000000000E+000          9.2281871379226044E-001          2.0616472567708586E+000         -1.2132069880520677E+000         -1.2131588265314250E+000         -1.3100989398639884E+000         -9.8999999999999986E+001         -9.8999999999999986E+001         -5.3231689875579953E+000         -9.8999999999999986E+001          8.0000000000000004E-001          7.9994455507462336E-001          1.5464732232010263E+053         -8.9123919807168151E+043          0.0000000000000000E+000         -2.7215100066135991E+026         -1.1763902246615830E+044          2.8515102658990145E+043          0.0000000000000000E+000          0.0000000000000000E+000                                1                                2          1.6655197827648611E-007          8.6385214118548029E-008          2.9999999999999999E-001          5.9999999999999998E-001          1.0000000000000000E+000          4.6200697039044486E-001          1.5464732232010263E+053         -1.2830871938555000E+020 
                            4890          1.0134804096755732E+005          8.4404729879431773E+002          5.4110561019015324E+002          2.2428946068080837E+001          1.0005268214213732E+001          1.6863654162628544E+002          2.4358687813439371E+002          6.7515087613500580E-001         -1.0000000000000000E+000          9.2050154776935567E-001          2.0635008605939977E+000         -1.2157934099290351E+000         -1.2157450627716708E+000         -1.3126852921223506E+000         -9.8999999999999986E+001         -9.8999999999999986E+001         -5.3240845631684390E+000         -9.8999999999999986E+001          8.0000000000000004E-001          7.9994434137619475E-001          1.5454086550313481E+053         -8.8695973399694176E+043          0.0000000000000000E+000         -2.6966519340287789E+026         -1.1702982325383877E+044          2.8333849854144585E+043          0.0000000000000000E+000          0.0000000000000000E+000                                1                                2          1.6698186201299590E-007          8.6158740476168181E-008          2.9999999999999999E-001          5.9999999999999998E-001          1.0000000000000000E+000          4.6243132134298837E-001          1.5454086550313481E+053         -1.2803850506170882E+020 
                            4900          1.0134807636159184E+005          8.4612535601409104E+002          5.4196721058066294E+002          2.2431510247858409E+001          9.9745646628822513E+000          1.6876780745727334E+002          2.4412860463317674E+002          6.7251530096087764E-001         -1.0000000000000000E+000          9.1834055402638570E-001          2.0652295358135784E+000         -1.2140829992070574E+000         -1.2140349163061290E+000         -1.3109749805034125E+000         -9.8999999999999986E+001         -9.8999999999999986E+001         -5.3247545672648533E+000         -9.8999999999999986E+001          8.0000000000000004E-001          7.9994464557888545E-001          1.5444121283049952E+053         -8.9387624751304975E+043          0.0000000000000000E+000         -2.6730139607158970E+026         -1.1757833577242188E+044          2.8190711021116913E+043          0.0000000000000000E+000          0.0000000000000000E+000                                1                                2          1.6747992773045730E-007          8.5947137323726903E-008          2.9999999999999999E-001          5.9999999999999998E-001          1.0000000000000000E+000          4.6284007957132128E-001          1.5444121283049952E+053         -1.2784112704413463E+020 
                            4910          1.0134811542082536E+005          8.4841982884234869E+002          5.4291788489068495E+002          2.2434144556621447E+001          9.9409814687125593E+000          1.6891338598807016E+002          2.4472557959955535E+002          6.6958176541933334E-001         -1.0000000000000000E+000          9.1597843619020625E-001          2.0671190981407626E+000         -1.2221267825432709E+000         -1.2220778850511911E+000         -1.3190184583466273E+000         -9.8999999999999986E+001         -9.8999999999999986E+001         -5.3255020198369039E+000         -9.8999999999999986E+001          8.0000000000000004E-001          7.9994370785086999E-001          1.5433229907316699E+053         -8.7524284540551641E+043          0.0000000000000000E+000         -2.6480206369010813E+026         -1.1551119496591210E+044          2.7986910425360462E+043          0.0000000000000000E+000          0.0000000000000000E+000                                1                                2          1.6795196385080022E-007          8.5714701253102640E-008          2.9999999999999999E-001          5.9999999999999998E-001          1.0000000000000000E+000          4.6327507370310639E-001          1.5433229907316699E+053         -1.2762129234291037E+020 
                            4920          1.0134815596604343E+005          8.5078609914031847E+002          5.4389764804464369E+002          2.2436599909274094E+001          9.9067444440697656E+000          1.6906455651254643E+002          2.4533962670317609E+002          6.6666909531819873E-001         -1.0000000000000000E+000          9.1357337647999937E-001          2.0690430091912071E+000         -1.2304603821083300E+000         -1.2304106303680695E+000         -1.3273517375458792E+000         -9.8999999999999986E+001         -9.8999999999999986E+001         -5.3263135008025717E+000         -9.8999999999999986E+001          8.0000000000000004E-001          7.9994272447299952E-001          1.5422173085820421E+053         -8.5591689688422063E+043          0.0000000000000000E+000         -2.6226734084734731E+026         -1.1340701691335023E+044          2.7815327224928172E+043          0.0000000000000000E+000          0.0000000000000000E+000                                1                                2          1.6840485567597185E-007          8.5476305078224484E-008          2.9999999999999999E-001          5.9999999999999998E-001          1.0000000000000000E+000          4.6372125447390733E-001          1.5422173085820421E+053         -1.2738305409487877E+020 
                            4930          1.0134819546313467E+005          8.5308647546804059E+002          5.4484943744586508E+002          2.2438775709360343E+001          9.8738000892576459E+000          1.6921224249028245E+002          2.4593528671730084E+002          6.6375500549051281E-001         -1.0000000000000000E+000          9.1126100326352810E-001          2.0708927748256980E+000         -1.2341866170057954E+000         -1.2341365317008695E+000         -1.3310778473476088E+000         -9.8999999999999986E+001         -9.8999999999999986E+001         -5.3271375232394540E+000         -9.8999999999999986E+001          8.0000000000000004E-001          7.9994234048662505E-001          1.5411551554880401E+053         -8.4892008203780775E+043          0.0000000000000000E+000         -2.5979508821677460E+026         -1.1252780447633752E+044          2.7635796272556745E+043          0.0000000000000000E+000          0.0000000000000000E+000                                1                                2          1.6886249377087360E-007          8.5245815351288848E-008          2.9999999999999999E-001          5.9999999999999998E-001          1.0000000000000000E+000          4.6416240329716485E-001          1.5411551554880401E+053         -1.2714158895728561E+020 
                            4940          1.0134823272690024E+005          8.5527274207070354E+002          5.4575330120071158E+002          2.2440719350132131E+001          9.8427254267033035E+000          1.6935279591483715E+002          2.4650068257387233E+002          6.6122241599615883E-001         -1.0000000000000000E+000          9.0907974285718962E-001          2.0726376579602848E+000         -1.2309772364334439E+000         -1.2309276057283804E+000         -1.3278686372624378E+000         -9.8999999999999986E+001         -9.8999999999999986E+001         -5.3278882472185414E+000         -9.8999999999999986E+001          8.0000000000000004E-001          7.9994286380397683E-001          1.5401500699234608E+053         -8.6015928046604579E+043          0.0000000000000000E+000         -2.5739354889889561E+026         -1.1345186568562593E+044          2.7435937639021352E+043          0.0000000000000000E+000          0.0000000000000000E+000                                1                                2          1.6933366649950918E-007          8.5027908162211279E-008          2.9999999999999999E-001          5.9999999999999998E-001          1.0000000000000000E+000          4.6459731428227935E-001          1.5401500699234608E+053         -1.2692200110864620E+020 
                            4950          1.0134827202938708E+005          8.5759657033361100E+002          5.4671327310159472E+002          2.2442658183123896E+001          9.8099404109047210E+000          1.6950237038258621E+002          2.4710091779768743E+002          6.5835672803560497E-001         -1.0000000000000000E+000          9.0677819449808483E-001          2.0744787648668224E+000         -1.2340327994836251E+000         -1.2339829121486610E+000         -1.3309241040695148E+000         -9.8999999999999986E+001         -9.8999999999999986E+001         -5.3287038227900156E+000         -9.8999999999999986E+001          8.0000000000000004E-001          7.9994256838173461E-001          1.5390860238568433E+053         -8.5493078357783687E+043          0.0000000000000000E+000         -2.5495617572606075E+026         -1.1274679289267356E+044          2.7253714534889875E+043          0.0000000000000000E+000          0.0000000000000000E+000                                1                                2          1.6979508003573028E-007          8.4797508154843742E-008          2.9999999999999999E-001          5.9999999999999998E-001          1.0000000000000000E+000          4.6504122232945666E-001          1.5390860238568433E+053         -1.2668387386535053E+020 
                            4960          1.0134831160887523E+005          8.5993709794912195E+002          5.4767941919391205E+002          2.2444426078467309E+001          9.7772305690855656E+000          1.6965358718307874E+002          2.4770432553926995E+002          6.5541323968968568E-001         -1.0000000000000000E+000          9.0448321751824956E-001          2.0763146139757320E+000         -1.2384678929445840E+000         -1.2384175930979195E+000         -1.3353590428274340E+000         -9.8999999999999986E+001         -9.8999999999999986E+001         -5.3295623529225056E+000         -9.8999999999999986E+001          8.0000000000000004E-001          7.9994209351486512E-001          1.5380248505613795E+053         -8.4660453041721943E+043          0.0000000000000000E+000         -2.5253226276898062E+026         -1.1169136002078957E+044          2.7030906979067627E+043          0.0000000000000000E+000          0.0000000000000000E+000                                1                                2          1.7025879756980136E-007          8.4566711146508750E-008          2.9999999999999999E-001          5.9999999999999998E-001          1.0000000000000000E+000          4.6548760664412858E-001          1.5380248505613795E+053         -1.2643368765301635E+020 
                            4970          1.0134835148812887E+005          8.6229571971554708E+002          5.4865229742599445E+002          2.2446025423249147E+001          9.7445767580202656E+000          1.6980652522960756E+002          2.4831126383360967E+002          6.5263314414216655E-001         -1.0000000000000000E+000          9.0219341587670021E-001          2.0781463220338550E+000         -1.2426285081712327E+000         -1.2425778029227246E+000         -1.3395195060173422E+000         -9.8999999999999986E+001         -9.8999999999999986E+001         -5.3302365110373300E+000         -9.8999999999999986E+001          8.0000000000000004E-001          7.9994162683301617E-001          1.5369658558819149E+053         -8.3872574340842226E+043          0.0000000000000000E+000         -2.5012161971391230E+026         -1.1071628298235785E+044          2.6843708641515615E+043          0.0000000000000000E+000          0.0000000000000000E+000                                1                                2          1.7071959924624384E-007          8.4335397362774621E-008          2.9999999999999999E-001          5.9999999999999998E-001          1.0000000000000000E+000          4.6593648902397716E-001          1.5369658558819149E+053         -1.2623757607933285E+020 
                            4980          1.0134839165066228E+005          8.6467121956578899E+002          5.4963138852958377E+002          2.2447456516034631E+001          9.7119963953790833E+000          1.6996109590254119E+002          2.4892141671255933E+002          6.4982149655894972E-001         -1.0000000000000000E+000          8.9990996411762858E-001          2.0799729494842207E+000         -1.2474639267687087E+000         -1.2474127589723629E+000         -1.3443547511466640E+000         -9.8999999999999986E+001         -9.8999999999999986E+001         -5.3311279003825796E+000         -9.8999999999999986E+001          8.0000000000000004E-001          7.9994109436759253E-001          1.5359095464231534E+053         -8.2909353060447557E+043          0.0000000000000000E+000         -2.4772556750444419E+026         -1.0957982037438909E+044          2.6670467313941532E+043          0.0000000000000000E+000          0.0000000000000000E+000                                1                                2          1.7117423108063715E-007          8.4103703836643418E-008          2.9999999999999999E-001          5.9999999999999998E-001          1.0000000000000000E+000          4.6638763203394956E-001          1.5359095464231534E+053         -1.2597873919950909E+020 
                            4990          1.0134843212445127E+005          8.6705915116586414E+002          5.5061486544744400E+002          2.2448702356347720E+001          9.6795672269376052E+000          1.7011711351917623E+002          2.4953352973792693E+002          6.4688788264910524E-001         -1.0000000000000000E+000          8.9763871898874437E-001          2.0817898108123205E+000         -1.2546052993522221E+000         -1.2545533608553214E+000         -1.3514958346960269E+000         -9.8999999999999986E+001         -9.8999999999999986E+001         -5.3317762241316542E+000         -9.8999999999999986E+001          8.0000000000000004E-001          7.9994020717110936E-001          1.5348596357019333E+053         -8.1416197903286590E+043          0.0000000000000000E+000         -2.4535135618597609E+026         -1.0788101471527277E+044          2.6464816811986183E+043          0.0000000000000000E+000          0.0000000000000000E+000                                1                                2          1.7162918833882917E-007          8.3872077318654615E-008          2.9999999999999999E-001          5.9999999999999998E-001          1.0000000000000000E+000          4.6683968714087304E-001          1.5348596357019333E+053         -1.2579081584540466E+020 
                            5000          1.0134847333526336E+005          8.6947315558546393E+002          5.5160836841929108E+002          2.2449738529830309E+001          9.6471399112411742E+000          1.7027569417583115E+002          2.5015086418808954E+002          6.4408952752902204E-001         -1.0000000000000000E+000          8.9537010544867923E-001          2.0836045646365382E+000         -1.2632047067469958E+000         -1.2631518126960368E+000         -1.3600948837309983E+000         -9.8999999999999986E+001         -9.8999999999999986E+001         -5.3324577014441150E+000         -9.8999999999999986E+001          8.0000000000000004E-001          7.9993910718161310E-001          1.5338137870299012E+053         -7.9577650927427640E+043          0.0000000000000000E+000         -2.4298102415158706E+026         -1.0585362920895223E+044          2.6275978281524588E+043          0.0000000000000000E+000          0.0000000000000000E+000                                1                                2          1.7207328159069793E-007          8.3639214965139033E-008          2.9999999999999999E-001          5.9999999999999998E-001          1.0000000000000000E+000          4.6729642970696045E-001          1.5338137870299012E+053         -1.2559358477540011E+020 
                            5010          1.0134851519565091E+005          8.7191086796911850E+002          5.5261088712604328E+002          2.2450573411467694E+001          9.6147389611942398E+000          1.7043661011987538E+002          2.5077286752046030E+002          6.4120317919885184E-001         -1.0000000000000000E+000          8.9310553091338207E-001          2.0854160853336605E+000         -1.2687229079207190E+000         -1.2686694306618274E+000         -1.3656128661850067E+000         -9.8999999999999986E+001         -9.8999999999999986E+001         -5.3332133019753982E+000         -9.8999999999999986E+001          8.0000000000000004E-001          7.9993843582089053E-001          1.5327720316235224E+053         -7.8536015839093852E+043          0.0000000000000000E+000         -2.4062183528079480E+026         -1.0460434213320442E+044          2.6068326294110572E+043          0.0000000000000000E+000          0.0000000000000000E+000                                1                                2          1.7250318347302597E-007          8.3405374147723186E-008          2.9999999999999999E-001          5.9999999999999998E-001          1.0000000000000000E+000          4.6775635712488717E-001          1.5327720316235224E+053         -1.2537526269842776E+020 
                            5020          1.0134855732661604E+005          8.7436929270515043E+002          5.5362109262721765E+002          2.2451264345300679E+001          9.5823439162243140E+000          1.7059923792455231E+002          2.5139917772790884E+002          6.3841707967990091E-001         -1.0000000000000000E+000          8.9084185104264824E-001          2.0872268896289192E+000         -1.2687436824034253E+000         -1.2686902921384275E+000         -1.3656336732929317E+000         -9.8999999999999986E+001         -9.8999999999999986E+001         -5.3339411818388829E+000         -9.8999999999999986E+001          8.0000000000000004E-001          7.9993853596398989E-001          1.5317290775490680E+053         -7.8852854498715920E+043          0.0000000000000000E+000         -2.3827524240228214E+026         -1.0468681014177195E+044          2.5833955643056033E+043          0.0000000000000000E+000          0.0000000000000000E+000                                1                                2          1.7293057898641919E-007          8.3170867015972955E-008          2.9999999999999999E-001          5.9999999999999998E-001          1.0000000000000000E+000          4.6821886920306083E-001          1.5317290775490680E+053         -1.2516530908152950E+020 
                            5030          1.0134859852553401E+005          8.7680067895256616E+002          5.5461929140698487E+002          2.2451860786443813E+001          9.5505152096423966E+000          1.7075997734303834E+002          2.5201806845544036E+002          6.3562964277069245E-001         -1.0000000000000000E+000          8.8861648347114452E-001          2.0890070474198454E+000         -1.2686481141154939E+000         -1.2685948346110636E+000         -1.3655381465434013E+000         -9.8999999999999986E+001         -9.8999999999999986E+001         -5.3347475687074395E+000         -9.8999999999999986E+001          8.0000000000000004E-001          7.9993866346614639E-001          1.5306982687891874E+053         -7.9162367636295873E+043          0.0000000000000000E+000         -2.3601241069965649E+026         -1.0479470914538814E+044          2.5632341509092266E+043          0.0000000000000000E+000          0.0000000000000000E+000                                1                                2          1.7329794582513681E-007          8.2940232497658189E-008          2.9999999999999999E-001          5.9999999999999998E-001          1.0000000000000000E+000          4.6866859127417826E-001          1.5306982687891874E+053         -1.2493312096927490E+020 
                            5040          1.0134863971813278E+005          8.7923520817179781E+002          5.5561797341688646E+002          2.2452308695980129E+001          9.5189212902329281E+000          1.7092129098860326E+002          2.5263677248927704E+002          6.3286659269185497E-001         -1.0000000000000000E+000          8.8640814041808791E-001          2.0907735858386962E+000         -1.2729590477640789E+000         -1.2729053103361310E+000         -1.3698489084574437E+000         -9.8999999999999986E+001         -9.8999999999999986E+001         -5.3353415742433468E+000         -9.8999999999999986E+001          8.0000000000000004E-001          7.9993813632716537E-001          1.5296741946411799E+053         -7.8369655682366866E+043          0.0000000000000000E+000         -2.3378555999321836E+026         -1.0384338265972533E+044          2.5473726977358463E+043          0.0000000000000000E+000          0.0000000000000000E+000                                1                                2          1.7375119383355378E-007          8.2710577886936596E-008          2.9999999999999999E-001          5.9999999999999998E-001          1.0000000000000000E+000          4.6911565579312919E-001          1.5296741946411799E+053         -1.2476236071152915E+020 
                            5050          1.0134868201306426E+005          8.8173030386835762E+002          5.5664068705711702E+002          2.2452598202340841E+001          9.4868426966295196E+000          1.7108711823802429E+002          2.5326972694469077E+002          6.3004021400545529E-001         -1.0000000000000000E+000          8.8416704935924062E-001          2.0925663192523736E+000         -1.2791195398711699E+000         -1.2790651309092862E+000         -1.3760091487197119E+000         -9.8999999999999986E+001         -9.8999999999999986E+001         -5.3361081666912984E+000         -9.8999999999999986E+001          8.0000000000000004E-001          7.9993736329140541E-001          1.5286349735602456E+053         -7.7197776816233733E+043          0.0000000000000000E+000         -2.3149222948354954E+026         -1.0246744915169077E+044          2.5269672335457035E+043          0.0000000000000000E+000          0.0000000000000000E+000                                1                                2          1.7418190123602923E-007          8.2476525812237246E-008          2.9999999999999999E-001          5.9999999999999998E-001          1.0000000000000000E+000          4.6958238576010070E-001          1.5286349735602456E+053         -1.2454233138519689E+020 
                            5060          1.0134872569961853E+005          8.8428939765251141E+002          5.5768882280047285E+002          2.2452686424010896E+001          9.4542900189685657E+000          1.7125796455127556E+002          2.5391748028063978E+002          6.2718523688730321E-001         -1.0000000000000000E+000          8.8189500345150440E-001          2.0943838121816847E+000         -1.2880189512836855E+000         -1.2879635060075090E+000         -1.3849081714836484E+000         -9.8999999999999986E+001         -9.8999999999999986E+001         -5.3368129485733213E+000         -9.8999999999999986E+001          8.0000000000000004E-001          7.9993617034137177E-001          1.5275838111409920E+053         -7.5429898847264650E+043          0.0000000000000000E+000         -2.2913396082616114E+026         -1.0047822703953351E+044          2.5048328192268860E+043          0.0000000000000000E+000          0.0000000000000000E+000                                1                                2          1.7459077839595113E-007          8.2237842452349641E-008          2.9999999999999999E-001          5.9999999999999998E-001          1.0000000000000000E+000          4.7006923626023328E-001          1.5275838111409920E+053         -1.2434038547259344E+020 
                            5070          1.0134876976547785E+005          8.8684986195282045E+002          5.5873670317411211E+002          2.2452564859979407E+001          9.4220706595196564E+000          1.7142968463567834E+002          2.5456411936495402E+002          6.2431285957804294E-001         -1.0000000000000000E+000          8.7964847576156635E-001          2.0961808895015737E+000         -1.2954932823755678E+000         -1.2954369483075516E+000         -1.3923821692517828E+000         -9.8999999999999986E+001         -9.8999999999999986E+001         -5.3373802725251691E+000         -9.8999999999999986E+001          8.0000000000000004E-001          7.9993514721362680E-001          1.5265471710825795E+053         -7.4019801373847743E+043          0.0000000000000000E+000         -2.2683089193923159E+026         -9.8850172755741423E+043          2.4830371381893681E+043          0.0000000000000000E+000          0.0000000000000000E+000                                1                                2          1.7502767490314359E-007          8.2000409862271753E-008          2.9999999999999999E-001          5.9999999999999998E-001          1.0000000000000000E+000          4.7054994317192989E-001          1.5265471710825795E+053         -1.2417806421941857E+020 
                            5080          1.0134881395462522E+005          8.8941232934012817E+002          5.5978453184186685E+002          2.2452278964959696E+001          9.3901271841918650E+000          1.7160200125377412E+002          2.5521011916773315E+002          6.2153719446567113E-001         -1.0000000000000000E+000          8.7742219323966375E-001          2.0979617705102620E+000         -1.2997551600274326E+000         -1.2996983733857461E+000         -1.3966438771747067E+000         -9.8999999999999986E+001         -9.8999999999999986E+001         -5.3381668520456316E+000         -9.8999999999999986E+001          8.0000000000000004E-001          7.9993462623678724E-001          1.5255198117816241E+053         -7.3355882416335399E+043          0.0000000000000000E+000         -2.2457419965123343E+026         -9.7969403639787774E+043          2.4613521223452375E+043          0.0000000000000000E+000          0.0000000000000000E+000                                1                                2          1.7543980458447361E-007          8.1764160184719120E-008          2.9999999999999999E-001          5.9999999999999998E-001          1.0000000000000000E+000          4.7102600136334383E-001          1.5255198117816241E+053         -1.2395336064633700E+020 
                            5090          1.0134885846215232E+005          8.9199230517959722E+002          5.6083862359071748E+002          2.2451841611630165E+001          9.3582511898170981E+000          1.7177585508555518E+002          2.5585948278231120E+002          6.1875228175961949E-001         -1.0000000000000000E+000          8.7520122805075629E-001          2.0997383968364964E+000         -1.3040655041210178E+000         -1.3040082289427692E+000         -1.4009540380520447E+000         -9.8999999999999986E+001         -9.8999999999999986E+001         -5.3387566880535173E+000         -9.8999999999999986E+001          8.0000000000000004E-001          7.9993406386213983E-001          1.5244939903146067E+053         -7.2687615735859698E+043          0.0000000000000000E+000         -2.2233243610000897E+026         -9.7086059564512268E+043          2.4398443828652565E+043          0.0000000000000000E+000          0.0000000000000000E+000                                1                                2          1.7582825058822167E-007          8.1527667608957963E-008          2.9999999999999999E-001          5.9999999999999998E-001          1.0000000000000000E+000          4.7150432078989118E-001          1.5244939903146067E+053         -1.2378512795530949E+020 
                            5100          1.0134890306248270E+005          8.9457704002342700E+002          5.6189376011283809E+002          2.2451255744658283E+001          9.3266001280541104E+000          1.7195038542020944E+002          2.5650899518005991E+002          6.1600611298653463E-001         -1.0000000000000000E+000          8.7299654840593621E-001          2.1015019946561084E+000         -1.3063878896446464E+000         -1.3063303948151141E+000         -1.4032763411996394E+000         -9.8999999999999986E+001         -9.8999999999999986E+001         -5.3394166225375574E+000         -9.8999999999999986E+001          8.0000000000000004E-001          7.9993381101266625E-001          1.5234748409838449E+053         -7.2469318653568714E+043          0.0000000000000000E+000         -2.2011632044098240E+026         -9.6651984833530679E+043          2.4182666179961971E+043          0.0000000000000000E+000          0.0000000000000000E+000                                1                                2          1.7620061980422149E-007          8.1292106674821393E-008          2.9999999999999999E-001          5.9999999999999998E-001          1.0000000000000000E+000          4.7198260354430266E-001          1.5234748409838449E+053         -1.2359717244800547E+020 
                            5110          1.0134894396096999E+005          8.9697077726630266E+002          5.6287004453353461E+002          2.2450645979033876E+001          9.2974709746125246E+000          1.7211186429852128E+002          2.5711004468493923E+002          6.1341402680299206E-001         -1.0000000000000000E+000          8.7096621420943621E-001          2.1031261284179856E+000         -1.3033994716354647E+000         -1.3033424576893453E+000         -1.4002881035365964E+000         -9.8999999999999986E+001         -9.8999999999999986E+001         -5.3400761346686876E+000         -9.8999999999999986E+001          8.0000000000000004E-001          7.9993436457717226E-001          1.5225311976058718E+053         -7.3420996460314201E+043          0.0000000000000000E+000         -2.1807362648424334E+026         -9.7397782903102488E+043          2.3976786442788287E+043          0.0000000000000000E+000          0.0000000000000000E+000                                1                                2          1.7658712255584775E-007          8.1075163215534573E-008          2.9999999999999999E-001          5.9999999999999998E-001          1.0000000000000000E+000          4.7242838891857725E-001          1.5225311976058718E+053         -1.2340962234885009E+020 
                            5120          1.0134898830216637E+005          8.9956498171036446E+002          5.6392722106254178E+002          2.2449847185603684E+001          9.2661701885843204E+000          1.7228719475379333E+002          2.5776043282987280E+002          6.1072218391377697E-001         -1.0000000000000000E+000          8.6878506725693982E-001          2.1048709013656204E+000         -1.3121601553421900E+000         -1.3121020722212218E+000         -1.4090483862695473E+000         -9.8999999999999986E+001         -9.8999999999999986E+001         -5.3407674405699135E+000         -9.8999999999999986E+001          8.0000000000000004E-001          7.9993313380723829E-001          1.5215166499320057E+053         -7.1760969999368655E+043          0.0000000000000000E+000         -2.1590492166906326E+026         -9.5535684469845263E+043          2.3774714470476603E+043          0.0000000000000000E+000          0.0000000000000000E+000                                1                                2          1.7697144067573915E-007          8.0841355149421462E-008          2.9999999999999999E-001          5.9999999999999998E-001          1.0000000000000000E+000          4.7290635459932157E-001          1.5215166499320057E+053         -1.2321333632885242E+020 
                            5130          1.0134903428768287E+005          9.0223010788789429E+002          5.6501242818156243E+002          2.2448829195108381E+001          9.2343544315811794E+000          1.7246804968484068E+002          2.5842715041808515E+002          6.0794804082554543E-001         -1.0000000000000000E+000          8.6657014781298081E-001          2.1066426871491055E+000         -1.3215514360967515E+000         -1.3214921558272636E+000         -1.4184392180555012E+000         -9.8999999999999986E+001         -9.8999999999999986E+001         -5.3412978976342744E+000         -9.8999999999999986E+001          8.0000000000000004E-001          7.9993175572528918E-001          1.5204891806185693E+053         -7.0051030634418208E+043          0.0000000000000000E+000         -2.1374104146396902E+026         -9.3573697083281469E+043          2.3522666448863261E+043          0.0000000000000000E+000          0.0000000000000000E+000                                1                                2          1.7734803500154250E-007          8.0602555302295892E-008          2.9999999999999999E-001          5.9999999999999998E-001          9.9860059426284487E-001          4.7338807328901039E-001          1.5204891806185693E+053         -1.2306293265594761E+020 
                            5140          1.0134908018559626E+005          9.0487448873592166E+002          5.6608823914090328E+002          2.2447683779740736E+001          9.2030597802490650E+000          1.7264777556310489E+002          2.5908767560559789E+002          6.0521895546955684E-001         -1.0000000000000000E+000          8.6439184681543124E-001          2.1083851786708458E+000         -1.3259363208505215E+000         -1.3258765249833802E+000         -1.4228239094435844E+000         -9.8999999999999986E+001         -9.8999999999999986E+001         -5.3419215255877077E+000         -9.8999999999999986E+001          8.0000000000000004E-001          7.9993116220292637E-001          1.5194773952438310E+053         -6.9589580534984816E+043          0.0000000000000000E+000         -2.1159147145088861E+026         -9.2715176683091522E+043          2.3125596148106701E+043          0.0000000000000000E+000          0.0000000000000000E+000                                1                                2          1.7771450606685928E-007          8.0367004564379517E-008          2.9999999999999999E-001          5.9999999999999998E-001          9.8987654810783365E-001          4.7387307702745951E-001          1.5194773952438310E+053         -1.2288634646197510E+020 
                            5150          1.0134912519604182E+005          9.0748349609531533E+002          5.6714863082529166E+002          2.2446502304474151E+001          9.1723630880052909E+000          1.7282476839623209E+002          2.5973898453564391E+002          6.0263275576611808E-001         -1.0000000000000000E+000          8.6225312488062011E-001          2.1100960100437871E+000         -1.3213777546938745E+000         -1.3213186788167557E+000         -1.4182656133062903E+000         -9.8999999999999986E+001         -9.8999999999999986E+001         -5.3426243092416019E+000         -9.8999999999999986E+001          8.0000000000000004E-001          7.9993199100863766E-001          1.5184771320618023E+053         -7.1029611969726691E+043          0.0000000000000000E+000         -2.0946442849795483E+026         -9.3775800628064863E+043          2.2746188658338177E+043          0.0000000000000000E+000          0.0000000000000000E+000                                1                                2          1.7808624256712077E-007          8.0135950107452113E-008          2.9999999999999999E-001          5.9999999999999998E-001          9.8239300996959511E-001          4.7435899930870462E-001          1.5184771320618023E+053         -1.2268765023133581E+020 
                            5160          1.0134917083512309E+005          9.1013534599310356E+002          5.6822542126267672E+002          2.2445228372515516E+001          9.1413663083591139E+000          1.7300449748934713E+002          2.6040044048803861E+002          6.0002717942995665E-001         -1.0000000000000000E+000          8.6009207952845634E-001          2.1118246983227218E+000         -1.3287274478861975E+000         -1.3286674362301423E+000         -1.4256149555514415E+000         -9.8999999999999986E+001         -9.8999999999999986E+001         -5.3431481014680022E+000         -9.8999999999999986E+001          8.0000000000000004E-001          7.9993091380102332E-001          1.5174610409535093E+053         -6.9900424591935370E+043          0.0000000000000000E+000         -2.0736207008702204E+026         -9.2283209656852436E+043          2.2382785064917066E+043          0.0000000000000000E+000          0.0000000000000000E+000                                1                                2          1.7845950193484974E-007          7.9902458998643749E-008          2.9999999999999999E-001          5.9999999999999998E-001          9.7509507146464480E-001          4.7484334182147725E-001          1.5174610409535093E+053         -1.2253976877594103E+020 
                            5170          1.0134921730346291E+005          9.1280529401973479E+002          5.6930863603504577E+002          2.2443794624315490E+001          9.1104472952570248E+000          1.7318587580602772E+002          2.6106526247762480E+002          5.9726698047832771E-001         -1.0000000000000000E+000          8.5793738348894344E-001          2.1135483046560131E+000         -1.3380544093476565E+000         -1.3379931843536719E+000         -1.4349414619714833E+000         -9.8999999999999986E+001         -9.8999999999999986E+001         -5.3437813166501869E+000         -9.8999999999999986E+001          8.0000000000000004E-001          7.9992951708907389E-001          1.5164481427918285E+053         -6.8400060752959374E+043          0.0000000000000000E+000         -2.0527325385053240E+026         -9.0402378694032241E+043          2.2002317941072861E+043          0.0000000000000000E+000          0.0000000000000000E+000                                1                                2          1.7885859364696052E-007          7.9668744958942088E-008          2.9999999999999999E-001          5.9999999999999998E-001          9.6694164890711243E-001          4.7533023914131950E-001          1.5164481427918285E+053         -1.2236123207921921E+020 
                            5180          1.0134926444456265E+005          9.1549291664898635E+002          5.7039806139885320E+002          2.2442220166249157E+001          9.0795923494882995E+000          1.7336872959139117E+002          2.6173347600462012E+002          5.9467282300867508E-001         -1.0000000000000000E+000          8.5578750655609415E-001          2.1152680537182542E+000         -1.3427414820409500E+000         -1.3426796725297381E+000         -1.4396283154514111E+000         -9.8999999999999986E+001         -9.8999999999999986E+001         -5.3443415389902862E+000         -9.8999999999999986E+001          8.0000000000000004E-001          7.9992884423406263E-001          1.5154364022192908E+053         -6.7859883299628515E+043          0.0000000000000000E+000         -2.0319970360019481E+026         -8.9511195552191228E+043          2.1651312252562718E+043          0.0000000000000000E+000          0.0000000000000000E+000                                1                                2          1.7923109697062602E-007          7.9434860547712036E-008          2.9999999999999999E-001          5.9999999999999998E-001          9.5971617416644739E-001          4.7581913580269064E-001          1.5154364022192908E+053         -1.2220349279260395E+020 
                            5190          1.0134931198658385E+005          9.1819654199149511E+002          5.7149296780424243E+002          2.2440533008090625E+001          9.0487931457414081E+000          1.7355273599049056E+002          2.6240486137830192E+002          5.9211729381582345E-001         -1.0000000000000000E+000          8.5364104291691534E-001          2.1169850710592626E+000         -1.3474115977128807E+000         -1.3473492000733933E+000         -1.4442982105555264E+000         -9.8999999999999986E+001         -9.8999999999999986E+001         -5.3448985092426469E+000         -9.8999999999999986E+001          8.0000000000000004E-001          7.9992816722318139E-001          1.5144232215837332E+053         -6.7318431531878575E+043          0.0000000000000000E+000         -2.0114101208903672E+026         -8.8632542539829864E+043          2.1314111007951284E+043          0.0000000000000000E+000          0.0000000000000000E+000                                1                                2          1.7958306644264724E-007          7.9200964979351879E-008          2.9999999999999999E-001          5.9999999999999998E-001          9.5298128353016398E-001          4.7630995720397018E-001          1.5144232215837332E+053         -1.2204687076116465E+020 
                            5200          1.0134935982323445E+005          9.2091100995416616E+002          5.7259125206658712E+002          2.2438737958757734E+001          9.0181077863477164E+000          1.7373753157184046E+002          2.6307814043032226E+002          5.8951397398847460E-001         -1.0000000000000000E+000          8.5150200024982370E-001          2.1186961508587090E+000         -1.3513038360851048E+000         -1.3512409576963600E+000         -1.4481902686305279E+000         -9.8999999999999986E+001         -9.8999999999999986E+001         -5.3454572633951649E+000         -9.8999999999999986E+001          8.0000000000000004E-001          7.9992761381996724E-001          1.5134104267963291E+053         -6.6940109614903421E+043          0.0000000000000000E+000         -1.9910146191358415E+026         -8.7919921540296630E+043          2.0979811925393214E+043          0.0000000000000000E+000          0.0000000000000000E+000                                1                                2          1.7994982122074955E-007          7.8967513017408476E-008          2.9999999999999999E-001          5.9999999999999998E-001          9.4649949659810573E-001          4.7680164647104445E-001          1.5134104267963291E+053         -1.2188994879037868E+020 
                            5210          1.0134940802748651E+005          9.2363936720451568E+002          5.7369413788671773E+002          2.2436832292817424E+001          8.9875034620873233E+000          1.7392333017061836E+002          2.6375405436607605E+002          5.8698395881549792E-001         -1.0000000000000000E+000          8.4936812460901456E-001          2.1204030960441314E+000         -1.3556343562318713E+000         -1.3555709139725647E+000         -1.4525205773066134E+000         -9.8999999999999986E+001         -9.8999999999999986E+001         -5.3459102653168422E+000         -9.8999999999999986E+001          8.0000000000000004E-001          7.9992696473439706E-001          1.5123970663848236E+053         -6.6460824385509192E+043          0.0000000000000000E+000         -1.9707841866862585E+026         -8.7125296508583197E+043          2.0664472123074003E+043          0.0000000000000000E+000          0.0000000000000000E+000                                1                                2          1.8032011546365478E-007          7.8734249262816455E-008          2.9999999999999999E-001          5.9999999999999998E-001          9.4121980834670571E-001          4.7729482514188265E-001          1.5123970663848236E+053         -1.2176287465991178E+020 
                            5220          1.0134945660830667E+005          9.2638240850699776E+002          5.7480193440332562E+002          2.2434815290067498E+001          8.9569725681289274E+000          1.7411018672416586E+002          2.6443278959944439E+002          5.8437750851643766E-001         -1.0000000000000000E+000          8.4723889531567564E-001          2.1221063231344286E+000         -1.3599512347743210E+000         -1.3598872368304804E+000         -1.4568372474482538E+000         -9.8999999999999986E+001         -9.8999999999999986E+001         -5.3464394857284567E+000         -9.8999999999999986E+001          8.0000000000000004E-001          7.9992632507279349E-001          1.5113829488486524E+053         -6.6007207711964823E+043          0.0000000000000000E+000         -1.9507137494744910E+026         -8.6340785609022449E+043          2.0333577897057625E+043          0.0000000000000000E+000          0.0000000000000000E+000                                1                                2          1.8067395524273083E-007          7.8501115196728249E-008          2.9999999999999999E-001          5.9999999999999998E-001          9.3375619343714455E-001          4.7778960849956781E-001          1.5113829488486524E+053         -1.2161458782879895E+020 
                            5230          1.0134950547947477E+005          9.2914788711701158E+002          5.7591772437497525E+002          2.2432703725733667E+001          8.9264063901868322E+000          1.7429844943838336E+002          2.6511643091353045E+002          5.8192409497638531E-001         -1.0000000000000000E+000          8.4510602701017357E-001          2.1238124607000222E+000         -1.3576635071272545E+000         -1.3575999348314147E+000         -1.4545496794338397E+000         -9.8999999999999986E+001         -9.8999999999999986E+001         -5.3470500961228629E+000         -9.8999999999999986E+001          8.0000000000000004E-001          7.9992681504619634E-001          1.5103624427430343E+053         -6.6838678594140785E+043          0.0000000000000000E+000         -1.9307449093947359E+026         -8.6874584221870120E+043          2.0035905627729338E+043          0.0000000000000000E+000          0.0000000000000000E+000                                1                                2          1.8102818075198216E-007          7.8267467617103017E-008          2.9999999999999999E-001          5.9999999999999998E-001          9.2910857350476905E-001          4.7828729909243844E-001          1.5103624427430343E+053         -1.2144372000655516E+020 
                            5240          1.0134955339565442E+005          9.3188519069348501E+002          5.7702104320512899E+002          2.2430575098204496E+001          8.8963212954353725E+000          1.7448437828549504E+002          2.6579276563886731E+002          5.7948337072037415E-001         -1.0000000000000000E+000          8.4300441862248299E-001          2.1254935935971551E+000         -1.3612836886729891E+000         -1.3612196643298706E+000         -1.4581696914462807E+000         -9.8999999999999986E+001         -9.8999999999999986E+001         -5.3475928160378716E+000         -9.8999999999999986E+001          8.0000000000000004E-001          7.9992629468398113E-001          1.5093495337250794E+053         -6.6498541367430540E+043          0.0000000000000000E+000         -1.9113204123404091E+026         -8.6229407883604703E+043          1.9730866516174160E+043          0.0000000000000000E+000          0.0000000000000000E+000                                1                                2          1.8139217295980406E-007          7.8037566100082052E-008          2.9999999999999999E-001          5.9999999999999998E-001          9.2221021320888130E-001          4.7877608260042959E-001          1.5093495337250794E+053         -1.2129205158141423E+020 
                            5250          1.0134960269894975E+005          9.3467352880895658E+002          5.7814394564499014E+002          2.2428267840381469E+001          8.8659548158986503E+000          1.7467413980353479E+002          2.6648057299058758E+002          5.7692204815639292E-001         -1.0000000000000000E+000          8.4088389209444048E-001          2.1271898567244092E+000         -1.3708122693540468E+000         -1.3707468769496052E+000         -1.4676977590565672E+000         -9.8999999999999986E+001         -9.8999999999999986E+001         -5.3479385376093695E+000         -9.8999999999999986E+001          8.0000000000000004E-001          7.9992471987983416E-001          1.5083275473339401E+053         -6.5011026530280806E+043          0.0000000000000000E+000         -1.8916511841693945E+026         -8.4434813823835127E+043          1.9423787293554318E+043          0.0000000000000000E+000          0.0000000000000000E+000                                1                                2          1.8178643139109040E-007          7.7804762759355400E-008          2.9999999999999999E-001          5.9999999999999998E-001          9.1574503358573411E-001          4.7927739974145656E-001          1.5083275473339401E+053         -1.2119553506033549E+020 
                            5260          1.0134965269773228E+005          9.3747254515258351E+002          5.7927015028176538E+002          2.2425812843517964E+001          8.8357525666214887E+000          1.7486499777152869E+002          2.6716986391980004E+002          5.7451285334154101E-001         -1.0000000000000000E+000          8.3877559578245886E-001          2.1288763336115162E+000         -1.3774711655924385E+000         -1.3774048388771656E+000         -1.4743563048951889E+000         -9.8999999999999986E+001         -9.8999999999999986E+001         -5.3484357830236968E+000         -9.8999999999999986E+001          8.0000000000000004E-001          7.9992364437784724E-001          1.5073116062085779E+053         -6.4098839447934198E+043          0.0000000000000000E+000         -1.8722091315302563E+026         -8.3225531550239701E+043          1.9126692102305509E+043          0.0000000000000000E+000          0.0000000000000000E+000                                1                                2          1.8215203068068709E-007          7.7572460700269483E-008          2.9999999999999999E-001          5.9999999999999998E-001          9.0889665209552373E-001          4.7977877417621179E-001          1.5073116062085779E+053         -1.2105685165497806E+020 
                            5270          1.0134970303638255E+005          9.4029294565697558E+002          5.8040387591214233E+002          2.2423254935962497E+001          8.8055421136751129E+000          1.7505725295369425E+002          2.6786369253538146E+002          5.7200584794926246E-001         -1.0000000000000000E+000          8.3666581965189901E-001          2.1305639934564451E+000         -1.3757245440957870E+000         -1.3756585761984430E+000         -1.4726098179680700E+000         -9.8999999999999986E+001         -9.8999999999999986E+001         -5.3490451893863629E+000         -9.8999999999999986E+001          8.0000000000000004E-001          7.9992405741933947E-001          1.5062910628933101E+053         -6.4795299725313550E+043          0.0000000000000000E+000         -1.8529104707730838E+026         -8.3636537679149238E+043          1.8841237953835688E+043          0.0000000000000000E+000          0.0000000000000000E+000                                1                                2          1.8252324853214339E-007          7.7339782779737906E-008          2.9999999999999999E-001          5.9999999999999998E-001          9.0397122148852804E-001          4.8028194213222636E-001          1.5062910628933101E+053         -1.2088710259408447E+020 
                            5280          1.0134975209101528E+005          9.4307172039875024E+002          5.8151974259052224E+002          2.2420701991097648E+001          8.7759415665646276E+000          1.7524622236722209E+002          2.6854695729845304E+002          5.6963708509481814E-001         -1.0000000000000000E+000          8.3459624552648537E-001          2.1322194959831826E+000         -1.3774581464410898E+000         -1.3773919882085996E+000         -1.4743433489309070E+000         -9.8999999999999986E+001         -9.8999999999999986E+001         -5.3495274442772951E+000         -9.8999999999999986E+001          8.0000000000000004E-001          7.9992383832123515E-001          1.5052824915083752E+053         -6.4799542033417145E+043          0.0000000000000000E+000         -1.8343194219025151E+026         -8.3376592932699883E+043          1.8577050899282733E+043          0.0000000000000000E+000          0.0000000000000000E+000                                1                                2          1.8284486378368709E-007          7.7111899968415985E-008          2.9999999999999999E-001          5.9999999999999998E-001          8.9894107539492996E-001          4.8077098344854541E-001          1.5052824915083752E+053         -1.2075294007840449E+020 
                            5290          1.0134980284729387E+005          9.4592137207702785E+002          5.8266304777623532E+002          2.2417954666336932E+001          8.7458567383743251E+000          1.7544032082469204E+002          2.6924654694279309E+002          5.6714509120750567E-001         -1.0000000000000000E+000          8.3249334821348631E-001          2.1339016517832898E+000         -1.3871514278302579E+000         -1.3870838414459661E+000         -1.4840360947116080E+000         -9.8999999999999986E+001         -9.8999999999999986E+001         -5.3499446921272824E+000         -9.8999999999999986E+001          8.0000000000000004E-001          7.9992219435386702E-001          1.5042573722600285E+053         -6.3320969181745976E+043          0.0000000000000000E+000         -1.8152058683722662E+026         -8.1611617078534302E+043          1.8290647896788328E+043          0.0000000000000000E+000          0.0000000000000000E+000                                1                                2          1.8326166156833569E-007          7.6879595189555066E-008          2.9999999999999999E-001          5.9999999999999998E-001          8.9287172148675653E-001          4.8128083023656398E-001          1.5042573722600285E+053         -1.2063698256279265E+020 
                            5300          1.0134985430744475E+005          9.4877844767955651E+002          5.8380831099787963E+002          2.2415059248481636E+001          8.7159780450209734E+000          1.7563533042207254E+002          2.6994674851885310E+002          5.6470683487639417E-001         -1.0000000000000000E+000          8.3040577715564590E-001          2.1355715444761021E+000         -1.3941435850584583E+000         -1.3940749662377623E+000         -1.4910278647382111E+000         -9.8999999999999986E+001         -9.8999999999999986E+001         -5.3503522966168298E+000         -9.8999999999999986E+001          8.0000000000000004E-001          7.9992100590390791E-001          1.5032404034208901E+053         -6.2369665596967151E+043          0.0000000000000000E+000         -1.7963722806903547E+026         -8.0382006193135961E+043          1.8012340596168812E+043          0.0000000000000000E+000          0.0000000000000000E+000                                1                                2          1.8364442065323468E-007          7.6648086119881784E-008          2.9999999999999999E-001          5.9999999999999998E-001          8.8660973419584521E-001          4.8178913201337964E-001          1.5032404034208901E+053         -1.2052381255967701E+020 
                            5310          1.0134990616224403E+005          9.5164881351452937E+002          5.8495782123294373E+002          2.2412049903949949E+001          8.6862015524755467E+000          1.7583133488505027E+002          2.7064931026164567E+002          5.6243742454109635E-001         -1.0000000000000000E+000          8.2832504879872815E-001          2.1372359619122645E+000         -1.3981878538093602E+000         -1.3981186486938526E+000         -1.4950719136067543E+000         -9.8999999999999986E+001         -9.8999999999999986E+001         -5.3507013242316672E+000         -9.8999999999999986E+001          8.0000000000000004E-001          7.9992033101415838E-001          1.5022245025651685E+053         -6.1941703026211914E+043          0.0000000000000000E+000         -1.7777656202038785E+026         -7.9709867695452347E+043          1.7768164669240431E+043          0.0000000000000000E+000          0.0000000000000000E+000                                1                                2          1.8397082459349258E-007          7.6416899946379330E-008          2.9999999999999999E-001          5.9999999999999998E-001          8.8224770397476471E-001          4.8229692487394621E-001          1.5022245025651685E+053         -1.2042699060693362E+020 
                            5320          1.0134995833856121E+005          9.5453185784338916E+002          5.8611131808233586E+002          2.2408930916596834E+001          8.6565305594496458E+000          1.7602826489007600E+002          2.7135410146266236E+002          5.6015111127985096E-001         -1.0000000000000000E+000          8.2625129500339756E-001          2.1388947988253806E+000         -1.4023412914142031E+000         -1.4022714740724715E+000         -1.4992251216037962E+000         -9.8999999999999986E+001         -9.8999999999999986E+001         -5.3510293443648731E+000         -9.8999999999999986E+001          8.0000000000000004E-001          7.9991962627547641E-001          1.5012095292533022E+053         -6.1500966406611798E+043          0.0000000000000000E+000         -1.7593285412705022E+026         -7.9023633092149229E+043          1.7522666685537429E+043          0.0000000000000000E+000          0.0000000000000000E+000                                1                                2          1.8430858408615838E-007          7.6186092238696089E-008          2.9999999999999999E-001          5.9999999999999998E-001          8.7736611144648735E-001          4.8280590519453626E-001          1.5012095292533022E+053         -1.2033606713252417E+020 
                            5330          1.0135001090005992E+005          9.5743108301439395E+002          5.8727019063584271E+002          2.2405698513514288E+001          8.6269300618118123E+000          1.7622636024861421E+002          2.7206196793489812E+002          5.5774093884460663E-001         -1.0000000000000000E+000          8.2418207898726803E-001          2.1405500044301826E+000         -1.4064989709162976E+000         -1.4064285477226881E+000         -1.5033825738885096E+000         -9.8999999999999986E+001         -9.8999999999999986E+001         -5.3514343142011906E+000         -9.8999999999999986E+001          8.0000000000000004E-001          7.9991892887533456E-001          1.5001943502531649E+053         -6.1071755337609103E+043          0.0000000000000000E+000         -1.7410406200125399E+026         -7.8342754137895264E+043          1.7270998800286164E+043          0.0000000000000000E+000          0.0000000000000000E+000                                1                                2          1.8464212587684345E-007          7.5955390896095550E-008          2.9999999999999999E-001          5.9999999999999998E-001          8.7201434124428767E-001          4.8331661000580373E-001          1.5001943502531649E+053         -1.2022390875708962E+020 
                            5340          1.0135006363589632E+005          9.6033457006164190E+002          5.8842966434671587E+002          2.2402368501240648E+001          8.5975195128973372E+000          1.7642478989864108E+002          2.7277001010830378E+002          5.5562413587091841E-001         -1.0000000000000000E+000          8.2212569697778681E-001          2.1421949424374183E+000         -1.4106578944005392E+000         -1.4105868663585142E+000         -1.5075412705315088E+000         -9.8999999999999986E+001         -9.8999999999999986E+001         -5.3518788082039821E+000         -9.8999999999999986E+001          8.0000000000000004E-001          7.9991823263125594E-001          1.4991829420715898E+053         -6.0625510863696421E+043          0.0000000000000000E+000         -1.7229711602545064E+026         -7.7667456517327750E+043          1.7041945653631325E+043          0.0000000000000000E+000          0.0000000000000000E+000                                1                                2          1.8497678769579529E-007          7.5725746457052484E-008          2.9999999999999999E-001          5.9999999999999998E-001          8.6785777988351032E-001          4.8382705658154568E-001          1.4991829420715898E+053         -1.2010092430526466E+020 
                            5350          1.0135011685958828E+005          9.6326514260907481E+002          5.8959883205278857E+002          2.2398920231940373E+001          8.5680629968698874E+000          1.7662506804748824E+002          2.7348382876189561E+002          5.5330610590868012E-001         -1.0000000000000000E+000          8.2006548525726219E-001          2.1438429427929466E+000         -1.4108313239209307E+000         -1.4107603235095414E+000         -1.5077147104144477E+000         -9.8999999999999986E+001         -9.8999999999999986E+001         -5.3522212294099010E+000         -9.8999999999999986E+001          8.0000000000000004E-001          7.9991826443699965E-001          1.4981667188913496E+053         -6.0894145036548284E+043          0.0000000000000000E+000         -1.7049910574356963E+026         -7.7708067463941635E+043          1.6813922427393348E+043          0.0000000000000000E+000          0.0000000000000000E+000                                1                                2          1.8531372748731068E-007          7.5495363581264179E-008          2.9999999999999999E-001          5.9999999999999998E-001          8.6434675463335475E-001          4.8434079356687348E-001          1.4981667188913496E+053         -1.2000626757658008E+020 
                            5360          1.0135016968782451E+005          9.6618217581242698E+002          5.9076146467479998E+002          2.2395415022998062E+001          8.5389543170726512E+000          1.7682431271370024E+002          2.7419363172589556E+002          5.5112677611217054E-001         -1.0000000000000000E+000          8.1802859379393322E-001          2.1454722883416451E+000         -1.4192105650921230E+000         -1.4191382310280949E+000         -1.5160934514143183E+000         -9.8999999999999986E+001         -9.8999999999999986E+001         -5.3525178025948312E+000         -9.8999999999999986E+001          8.0000000000000004E-001          7.9991672926601176E-001          1.4971581259015310E+053         -5.9708059797973997E+043          0.0000000000000000E+000         -1.6873677468775384E+026         -7.6293159953167019E+043          1.6585100155193022E+043          0.0000000000000000E+000          0.0000000000000000E+000                                1                                2          1.8564168532550977E-007          7.5267432982067906E-008          2.9999999999999999E-001          5.9999999999999998E-001          8.5863579232664844E-001          4.8484984965247352E-001          1.4971581259015310E+053         -1.1992434507209977E+020 
                            5370          1.0135022369070588E+005          9.6914094354086888E+002          5.9193964853329703E+002          2.2391738729309314E+001          8.5096941487546705E+000          1.7702669385420248E+002          2.7491246260447355E+002          5.4902420046753120E-001         -1.0000000000000000E+000          8.1598160544618903E-001          2.1471097077851238E+000         -1.4233537620669365E+000         -1.4232807830439098E+000         -1.5202364065042178E+000         -9.8999999999999986E+001         -9.8999999999999986E+001         -5.3528054981829438E+000         -9.8999999999999986E+001          8.0000000000000004E-001          7.9991598685373844E-001          1.4961444665972111E+053         -5.9259010173257940E+043          0.0000000000000000E+000         -1.6697058145575603E+026         -7.5639011454701656E+043          1.6380001281443719E+043          0.0000000000000000E+000          0.0000000000000000E+000                                1                                2          1.8596015158691858E-007          7.5037643029229521E-008          2.9999999999999999E-001          5.9999999999999998E-001          8.5575584228329249E-001          4.8536632963249221E-001          1.4961444665972111E+053         -1.1984492826795441E+020 
                            5380          1.0135027803428013E+005          9.7211402276173283E+002          5.9312239715190378E+002          2.2387951818703609E+001          8.4805282125603547E+000          1.7723011033918678E+002          2.7563386415185079E+002          5.4676747696101913E-001         -1.0000000000000000E+000          8.1394084335979733E-001          2.1487421452622684E+000         -1.4270425560955238E+000         -1.4269690018972208E+000         -1.5239249848193337E+000         -9.8999999999999986E+001         -9.8999999999999986E+001         -5.3530845834716150E+000         -9.8999999999999986E+001          8.0000000000000004E-001          7.9991532477043437E-001          1.4951316776011962E+053         -5.8901282055665515E+043          0.0000000000000000E+000         -1.6521961830420418E+026         -7.5069143293826797E+043          1.6167861238161276E+043          0.0000000000000000E+000          0.0000000000000000E+000                                1                                2          1.8627355000290223E-007          7.4808150549901815E-008          2.9999999999999999E-001          5.9999999999999998E-001          8.5239612286222455E-001          4.8588438271445350E-001          1.4951316776011962E+053         -1.1976793854496162E+020 
                            5390          1.0135033272963583E+005          9.7510161033196448E+002          5.9430977714114488E+002          2.2384053881052147E+001          8.4514557503064616E+000          1.7743457834848442E+002          2.7635787164645609E+002          5.4468534799272517E-001         -1.0000000000000000E+000          8.1190627298964502E-001          2.1503696283691047E+000         -1.4315099875558936E+000         -1.4314357266470921E+000         -1.5283921512350784E+000         -9.8999999999999986E+001         -9.8999999999999986E+001         -5.3533988680597382E+000         -9.8999999999999986E+001          8.0000000000000004E-001          7.9991451127835533E-001          1.4941198244985284E+053         -5.8406043300049000E+043          0.0000000000000000E+000         -1.6348430267391670E+026         -7.4370309448925583E+043          1.5964266148876588E+043          0.0000000000000000E+000          0.0000000000000000E+000                                1                                2          1.8657753550725161E-007          7.4578947871568833E-008          2.9999999999999999E-001          5.9999999999999998E-001          8.4859919813595253E-001          4.8640383648833185E-001          1.4941198244985284E+053         -1.1968129779257883E+020 
                            5400          1.0135038773473723E+005          9.7810164482632808E+002          5.9550095845524288E+002          2.2380047648022341E+001          8.4224976425696436E+000          1.7763995862961724E+002          2.7708397472800806E+002          5.4264218138835618E-001         -1.0000000000000000E+000          8.0987937131645071E-001          2.1519909756463513E+000         -1.4355557959345124E+000         -1.4354808965419459E+000         -1.5324377201565866E+000         -9.8999999999999986E+001         -9.8999999999999986E+001         -5.3537263213976578E+000         -9.8999999999999986E+001          8.0000000000000004E-001          7.9991377632297844E-001          1.4931097190648205E+053         -5.7988522682557855E+043          0.0000000000000000E+000         -1.6176576116261141E+026         -7.3749634894359401E+043          1.5761112211801546E+043          0.0000000000000000E+000          0.0000000000000000E+000                                1                                2          1.8687368210661945E-007          7.4350199236545539E-008          2.9999999999999999E-001          5.9999999999999998E-001          8.4397019808553220E-001          4.8692433008643066E-001          1.4931097190648205E+053         -1.1959109340042735E+020 
                            5410          1.0135044321832983E+005          9.8112385536518184E+002          5.9669978841565865E+002          2.2375920215788874E+001          8.3935612630412333E+000          1.7784691609231660E+002          2.7781451704721906E+002          5.4057089737583253E-001         -1.0000000000000000E+000          8.0785365732566217E-001          2.1536113713671314E+000         -1.4395285289455790E+000         -1.4394529827864848E+000         -1.5364102106039492E+000         -9.8999999999999986E+001         -9.8999999999999986E+001         -5.3539646377003800E+000         -9.8999999999999986E+001          8.0000000000000004E-001          7.9991303183445761E-001          1.4920981704674917E+053         -5.7567117285468152E+043          0.0000000000000000E+000         -1.6005906372700854E+026         -7.3146743757855585E+043          1.5579626472387428E+043          0.0000000000000000E+000          0.0000000000000000E+000                                1                                2          1.8716408089460864E-007          7.4121174170576741E-008          2.9999999999999999E-001          5.9999999999999998E-001          8.4231539642376385E-001          4.8744731241033684E-001          1.4920981704674917E+053         -1.1952548655964083E+020 
                            5420          1.0135049912777927E+005          9.8416320935822398E+002          5.9790425632279141E+002          2.2371675595649990E+001          8.3646995605404602E+000          1.7805512835341017E+002          2.7854824536678916E+002          5.3856832065169791E-001         -1.0000000000000000E+000          8.0583292796120065E-001          2.1552277781362359E+000         -1.4453881258580856E+000         -1.4453115831455730E+000         -1.5422694337680256E+000         -9.8999999999999986E+001         -9.8999999999999986E+001         -5.3541322765821757E+000         -9.8999999999999986E+001          8.0000000000000004E-001          7.9991188471081209E-001          1.4910873352375596E+053         -5.6845502087926136E+043          0.0000000000000000E+000         -1.5836602254760638E+026         -7.2234598756699745E+043          1.5389096668773604E+043          0.0000000000000000E+000          0.0000000000000000E+000                                1                                2          1.8745769797375122E-007          7.3892268553558997E-008          2.9999999999999999E-001          5.9999999999999998E-001          8.3833863658159280E-001          4.8797229759943844E-001          1.4910873352375596E+053         -1.1947935829178730E+020 
                            5430          1.0135055584729346E+005          9.8721608149678536E+002          5.9911295915879907E+002          2.2367286653247525E+001          8.3359826351500850E+000          1.7826462166298847E+002          2.7928399657613983E+002          5.3645847284480097E-001         -1.0000000000000000E+000          8.0382314325749604E-001          2.1568354266888607E+000         -1.4539349290972865E+000         -1.4538568942717029E+000         -1.5508156774025870E+000         -9.8999999999999986E+001         -9.8999999999999986E+001         -5.3542937183708990E+000         -9.8999999999999986E+001          8.0000000000000004E-001          7.9991016715784469E-001          1.4900829213361437E+053         -5.5694037776515259E+043          0.0000000000000000E+000         -1.5668521467949296E+026         -7.0894335317076757E+043          1.5200297540561498E+043          0.0000000000000000E+000          0.0000000000000000E+000                                1                                2          1.8774201349074964E-007          7.3663763718447090E-008          2.9999999999999999E-001          5.9999999999999998E-001          8.3491424325493746E-001          4.8850017031842830E-001          1.4900829213361437E+053         -1.1943495207109537E+020 
                            5440          1.0135060853439965E+005          9.9005962226513805E+002          6.0023770948774677E+002          2.2363132458699827E+001          8.3094297837316446E+000          1.7845968483764730E+002          2.7996857146829899E+002          5.3469814226523915E-001         -1.0000000000000000E+000          8.0196409402267566E-001          2.1583224996813444E+000         -1.4511524630025492E+000         -1.4510749819817899E+000         -1.5480334190078988E+000         -9.8999999999999986E+001         -9.8999999999999986E+001         -5.3546046595856369E+000         -9.8999999999999986E+001          8.0000000000000004E-001          7.9991080463506425E-001          1.4891510440107755E+053         -5.6365750856662039E+043          0.0000000000000000E+000         -1.5514049414726411E+026         -7.1412539298310743E+043          1.5046788441648705E+043          0.0000000000000000E+000          0.0000000000000000E+000                                1                                2          1.8797777017972189E-007          7.3452194727476143E-008          2.9999999999999999E-001          5.9999999999999998E-001          8.3362432561700628E-001          4.8899080504395964E-001          1.4891510440107755E+053         -1.1934947099950463E+020 
                            5450          1.0135066547131073E+005          9.9314756755914902E+002          6.0145795342957729E+002          2.2358557982568144E+001          8.2807969894022158E+000          1.7867137458152772E+002          2.8071126347566019E+002          5.3273652605637456E-001         -1.0000000000000000E+000          7.9995838948386688E-001          2.1599268835846730E+000         -1.4548340326445868E+000         -1.4547559110723578E+000         -1.5517147484162399E+000         -9.8999999999999986E+001         -9.8999999999999986E+001         -5.3547102674989562E+000         -9.8999999999999986E+001          8.0000000000000004E-001          7.9991006730503167E-001          1.4881419984208856E+053         -5.5996067302841781E+043          0.0000000000000000E+000         -1.5349036334512469E+026         -7.0876995903777424E+043          1.4880928600935643E+043          0.0000000000000000E+000          0.0000000000000000E+000                                1                                2          1.8823900253641930E-007          7.3223813400820998E-008          2.9999999999999999E-001          5.9999999999999998E-001          8.3172234073820228E-001          4.8952051003191499E-001          1.4881419984208856E+053         -1.1932045217301740E+020 
                            5460          1.0135072272187973E+005          9.9624913241844263E+002          6.0268238204455758E+002          2.2353874723521010E+001          8.2522729339112324E+000          1.7888405326535326E+002          2.8145627332184728E+002          5.3081091119665791E-001         -1.0000000000000000E+000          7.9795999308799792E-001          2.1615254200537652E+000         -1.4587337329248946E+000         -1.4586549326674845E+000         -1.5556141941608665E+000         -9.8999999999999986E+001         -9.8999999999999986E+001         -5.3548529673218299E+000         -9.8999999999999986E+001          8.0000000000000004E-001          7.9990928608099232E-001          1.4871348133387412E+053         -5.5594232931058838E+043          0.0000000000000000E+000         -1.5185639099354950E+026         -7.0310261742019881E+043          1.4716028810961048E+043          0.0000000000000000E+000          0.0000000000000000E+000                                1                                2          1.8850673523797047E-007          7.2995849933534316E-008          2.9999999999999999E-001          5.9999999999999998E-001          8.2946875515729890E-001          4.9005129348918453E-001          1.4871348133387412E+053         -1.1928125248003257E+020 
                            5470          1.0135078035083340E+005          9.9936835870075436E+002          6.0391257667611126E+002          2.2349077323728171E+001          8.2238207386366255E+000          1.7909799313760124E+002          2.8220456604664201E+002          5.2881557938069335E-001         -1.0000000000000000E+000          7.9596631091030989E-001          2.1631201840333789E+000         -1.4629052280379147E+000         -1.4628257012168191E+000         -1.5597854167814638E+000         -9.8999999999999986E+001         -9.8999999999999986E+001         -5.3550381124453006E+000         -9.8999999999999986E+001          8.0000000000000004E-001          7.9990844974609854E-001          1.4861281909227078E+053         -5.5165572465781065E+043          0.0000000000000000E+000         -1.5023550929940557E+026         -6.9704671278839569E+043          1.4539098813058500E+043          0.0000000000000000E+000          0.0000000000000000E+000                                1                                2          1.8876387077207812E-007          7.2768015450252918E-008          2.9999999999999999E-001          5.9999999999999998E-001          8.2543678263462184E-001          4.9058416623248391E-001          1.4861281909227078E+053         -1.1923041224060024E+020 
                            5480          1.0135083808928676E+005          1.0024913183627357E+003          6.0514303691686928E+002          2.2344187529971247E+001          8.1955675196098277E+000          1.7931224096347816E+002          2.8295279181186413E+002          5.2697236250604751E-001         -1.0000000000000000E+000          7.9398626872877109E-001          2.1647040357178851E+000         -1.4667726522979199E+000         -1.4666924390069149E+000         -1.5636525835856632E+000         -9.8999999999999986E+001         -9.8999999999999986E+001         -5.3551724813061199E+000         -9.8999999999999986E+001          8.0000000000000004E-001          7.9990765956374232E-001          1.4851267258224011E+053         -5.4757827464129878E+043          0.0000000000000000E+000         -1.4863667334377935E+026         -6.9152526407710125E+043          1.4394698943580245E+043          0.0000000000000000E+000          0.0000000000000000E+000                                1                                2          1.8900014056322131E-007          7.2541328622376225E-008          2.9999999999999999E-001          5.9999999999999998E-001          8.2489762088154250E-001          4.9111603858796621E-001          1.4851267258224011E+053         -1.1919352856558975E+020 
                            5490          1.0135089644657199E+005          1.0056446781378188E+003          6.0638425622178261E+002          2.2339162506181559E+001          8.1672744534438877E+000          1.7952863634431765E+002          2.8370731734381872E+002          5.2519386833743908E-001         -1.0000000000000000E+000          7.9200317543628629E-001          2.1662903263918802E+000         -1.4706802205703233E+000         -1.4705993116108660E+000         -1.5675598909521511E+000         -9.8999999999999986E+001         -9.8999999999999986E+001         -5.3553294208537441E+000         -9.8999999999999986E+001          8.0000000000000004E-001          7.9990685879439360E-001          1.4841221300760135E+053         -5.4350444307206522E+043          0.0000000000000000E+000         -1.4704411909886508E+026         -6.8598925306053033E+043          1.4248480998846511E+043          0.0000000000000000E+000          0.0000000000000000E+000                                1                                2          1.8923077864384576E-007          7.2313863681048769E-008          2.9999999999999999E-001          5.9999999999999998E-001          8.2340315487419913E-001          4.9165224519587875E-001          1.4841221300760135E+053         -1.1915046377953385E+020 
                            5500          1.0135095510596588E+005          1.0088108580309923E+003          6.0762929567064009E+002          2.2334029171085486E+001          8.1391023177827542E+000          1.7974598039862917E+002          2.8446391249564249E+002          5.2335801840831730E-001         -1.0000000000000000E+000          7.9002833412212492E-001          2.1678700145735861E+000         -1.4757879405915357E+000         -1.4757060788198679E+000         -1.5726672536269350E+000         -9.8999999999999986E+001         -9.8999999999999986E+001         -5.3553521408549587E+000         -9.8999999999999986E+001          8.0000000000000004E-001          7.9990576203434605E-001          1.4831202496237087E+053         -5.3768801776393735E+043          0.0000000000000000E+000         -1.4546733969721951E+026         -6.7862143310908641E+043          1.4093341534514906E+043          0.0000000000000000E+000          0.0000000000000000E+000                                1                                2          1.8946259989550124E-007          7.2086904683371529E-008          2.9999999999999999E-001          5.9999999999999998E-001          8.2010530449326713E-001          4.9218958653707001E-001          1.4831202496237087E+053         -1.1914423061743878E+020 
                            5510          1.0135101469398184E+005          1.0119966847093937E+003          6.0888087242086590E+002          2.2328745079734148E+001          8.1110252044331030E+000          1.7996501837931339E+002          2.8522391653384051E+002          5.2166173483408118E-001         -1.0000000000000000E+000          7.8806097592101243E-001          2.1694437133556721E+000         -1.4849805249639358E+000         -1.4848969065248490E+000         -1.5818591791706120E+000         -9.8999999999999986E+001         -9.8999999999999986E+001         -5.3553229300853351E+000         -9.8999999999999986E+001          8.0000000000000004E-001          7.9990373998151021E-001          1.4821234634033121E+053         -5.2542141282301699E+043          0.0000000000000000E+000         -1.4390377046362824E+026         -6.6505257202090967E+043          1.3963115919789270E+043          0.0000000000000000E+000          0.0000000000000000E+000                                1                                2          1.8965223952929279E-007          7.1859970754067594E-008          2.9999999999999999E-001          5.9999999999999998E-001          8.1933134024033483E-001          4.9272915779483495E-001          1.4821234634033121E+053         -1.1915224456161914E+020 
                            5520          1.0135107005411336E+005          1.0149623838481526E+003          6.1004484674052753E+002          2.2323758521686724E+001          8.0850878971590010E+000          1.8016889864133890E+002          2.8593058977365234E+002          5.2005476274616202E-001         -1.0000000000000000E+000          7.8624305643158965E-001          2.1708978745053882E+000         -1.4813458184541284E+000         -1.4812629252580780E+000         -1.5782247446595297E+000         -9.8999999999999986E+001         -9.8999999999999986E+001         -5.3554717577603528E+000         -9.8999999999999986E+001          8.0000000000000004E-001          7.9990457478836197E-001          1.4812003830740300E+053         -5.3279184028488411E+043          0.0000000000000000E+000         -1.4246790483375161E+026         -6.7123972403350112E+043          1.3844788374861703E+043          0.0000000000000000E+000          0.0000000000000000E+000                                1                                2          1.8981691492315060E-007          7.1649997402573953E-008          2.9999999999999999E-001          5.9999999999999998E-001          8.1922547300497928E-001          4.9323043464886329E-001          1.4812003830740300E+053         -1.1911141946678113E+020 
                            5530          1.0135112958586199E+005          1.0181738023403719E+003          6.1130401693439546E+002          2.2318304549303637E+001          8.0571971970850367E+000          1.8038948710169592E+002          2.8669508896888209E+002          5.1835688889062215E-001         -1.0000000000000000E+000          7.8428710096764265E-001          2.1724624513123434E+000         -1.4853253214299276E+000         -1.4852416568001474E+000         -1.5822039583130088E+000         -9.8999999999999986E+001         -9.8999999999999986E+001         -5.3554278661080765E+000         -9.8999999999999986E+001          8.0000000000000004E-001          7.9990368681275015E-001          1.4802035285448155E+053         -5.2865155653308846E+043          0.0000000000000000E+000         -1.4093499143083609E+026         -6.6576069141057420E+043          1.3710913487748569E+043          0.0000000000000000E+000          0.0000000000000000E+000                                1                                2          1.9001838441114280E-007          7.1424006391906422E-008          2.9999999999999999E-001          5.9999999999999998E-001          8.1743589729365629E-001          4.9377154179756527E-001          1.4802035285448155E+053         -1.1912345798302699E+020 
                            5540          1.0135118960632334E+005          1.0214102198539337E+003          6.1257172688613412E+002          2.2312724576557180E+001          8.0293225443351020E+000          1.8061184295967948E+002          2.8746453269476564E+002          5.1658144840497933E-001         -1.0000000000000000E+000          7.8233200989434504E-001          2.1740263350751259E+000         -1.4888408686443606E+000         -1.4887565445187321E+000         -1.5857192581866035E+000         -9.8999999999999986E+001         -9.8999999999999986E+001         -5.3555331305756981E+000         -9.8999999999999986E+001          8.0000000000000004E-001          7.9990292768692783E-001          1.4792056831248680E+053         -5.2524836193041882E+043          0.0000000000000000E+000         -1.3941285992397206E+026         -6.6103474710447310E+043          1.3578638517405426E+043          0.0000000000000000E+000          0.0000000000000000E+000                                1                                2          1.9019821112387110E-007          7.1197693887212112E-008          2.9999999999999999E-001          5.9999999999999998E-001          8.1656796394735698E-001          4.9431535345915273E-001          1.4792056831248680E+053         -1.1909458829123841E+020 
                            5550          1.0135124969421019E+005          1.0246483860425863E+003          6.1383885889583223E+002          2.2307059036868569E+001          8.0016645344419732E+000          1.8083436956528507E+002          2.8823338378237963E+002          5.1490543324082860E-001         -1.0000000000000000E+000          7.8039186549281936E-001          2.1755782613116441E+000         -1.4928318410643053E+000         -1.4927467263234773E+000         -1.5897099340897003E+000         -9.8999999999999986E+001         -9.8999999999999986E+001         -5.3554707732150071E+000         -9.8999999999999986E+001          8.0000000000000004E-001          7.9990201763508595E-001          1.4782141053373810E+053         -5.2104803784440157E+043          0.0000000000000000E+000         -1.3791236104997392E+026         -6.5562279691126077E+043          1.3457475906685919E+043          0.0000000000000000E+000          0.0000000000000000E+000                                1                                2          1.9038381486678822E-007          7.0972689907118970E-008          2.9999999999999999E-001          5.9999999999999998E-001          8.1570922071361784E-001          4.9485793150076668E-001          1.4782141053373810E+053         -1.1911168949261445E+020 
                            5560          1.0135131016692815E+005          1.0279070310349089E+003          6.1511273493197064E+002          2.2301275377035477E+001          7.9740633639861400E+000          1.8105835750482757E+002          2.8900607917046307E+002          5.1341980320362013E-001         -1.0000000000000000E+000          7.7845548174635060E-001          2.1771271777943135E+000         -1.4964863606304730E+000         -1.4964005228644932E+000         -1.5933641824880829E+000         -9.8999999999999986E+001         -9.8999999999999986E+001         -5.3554513062036300E+000         -9.8999999999999986E+001          8.0000000000000004E-001          7.9990118538543442E-001          1.4772231801239543E+053         -5.1727135887391115E+043          0.0000000000000000E+000         -1.3642661022964239E+026         -6.5075972592813774E+043          1.3348836705422656E+043          0.0000000000000000E+000          0.0000000000000000E+000                                1                                2          1.9051758301812434E-007          7.0747694072306300E-008          2.9999999999999999E-001          5.9999999999999998E-001          8.1544910235416002E-001          4.9540158611296720E-001          1.4772231801239543E+053         -1.1911702872827524E+020 
                            5570          1.0135137131091920E+005          1.0312012937271199E+003          6.1639924579780347E+002          2.2295345785219009E+001          7.9463944527118988E+000          1.8128485076144457E+002          2.8978618339478055E+002          5.1178410053597556E-001         -1.0000000000000000E+000          7.7651413557075455E-001          2.1786800620943301E+000         -1.5000351211445009E+000         -1.4999485722107457E+000         -1.5969126762811137E+000         -9.8999999999999986E+001         -9.8999999999999986E+001         -5.3554163953181062E+000         -9.8999999999999986E+001          8.0000000000000004E-001          7.9990036678575671E-001          1.4762285175416553E+053         -5.1370840332946959E+043          0.0000000000000000E+000         -1.3494196087451674E+026         -6.4609745289365326E+043          1.3238904956418364E+043          0.0000000000000000E+000          0.0000000000000000E+000                                1                                2          1.9067188429628257E-007          7.0521684378020540E-008          2.9999999999999999E-001          5.9999999999999998E-001          8.1586952581662897E-001          4.9595172422560491E-001          1.4762285175416553E+053         -1.1912660436942835E+020 
                            5580          1.0135143262960808E+005          1.0345056566020683E+003          6.1768840245398565E+002          2.2289317258737004E+001          7.9188729191443228E+000          1.8151208369751279E+002          2.9056764796105006E+002          5.1026381960708689E-001         -1.0000000000000000E+000          7.7458288528983477E-001          2.1802248690813171E+000         -1.5036293198466240E+000         -1.5035420391460261E+000         -1.6005066005363462E+000         -9.8999999999999986E+001         -9.8999999999999986E+001         -5.3553537263959079E+000         -9.8999999999999986E+001          8.0000000000000004E-001          7.9989952447663193E-001          1.4752377724198631E+053         -5.1005900655041582E+043          0.0000000000000000E+000         -1.3347350417060444E+026         -6.4140211729260906E+043          1.3134311074219324E+043          0.0000000000000000E+000          0.0000000000000000E+000                                1                                2          1.9081092738935124E-007          7.0296427769465134E-008          2.9999999999999999E-001          5.9999999999999998E-001          8.1591799251558039E-001          4.9650260284589415E-001          1.4752377724198631E+053         -1.1914379564133486E+020 
                            5590          1.0135149451718027E+005          1.0378398322658275E+003          6.1898788076239634E+002          2.2283151518954600E+001          7.8913386080588541E+000          1.8174143314126516E+002          2.9135509855135297E+002          5.0879366383202551E-001         -1.0000000000000000E+000          7.7265057926768399E-001          2.1817705188125216E+000         -1.5083916256886749E+000         -1.5083033608002028E+000         -1.6052685372613240E+000         -9.8999999999999986E+001         -9.8999999999999986E+001         -5.3552457869930841E+000         -9.8999999999999986E+001          8.0000000000000004E-001          7.9989839161744702E-001          1.4742454891659348E+053         -5.0476134722761064E+043          0.0000000000000000E+000         -1.3201409713753204E+026         -6.3503463707551563E+043          1.3027328984790497E+043          0.0000000000000000E+000          0.0000000000000000E+000                                1                                2          1.9093409916324418E-007          7.0070592692190793E-008          2.9999999999999999E-001          5.9999999999999998E-001          8.1478700756943867E-001          4.9705682447908001E-001          1.4742454891659348E+053         -1.1917341128000356E+020 
                            5600          1.0135155748947109E+005          1.0412014733728156E+003          6.2029678410818860E+002          2.2276821572380292E+001          7.8638472323345709E+000          1.8197301783407579E+002          2.9214767248472174E+002          5.0733485435495196E-001         -1.0000000000000000E+000          7.7072217013875111E-001          2.1833130475198192E+000         -1.5175924072296143E+000         -1.5175021836053986E+000         -1.6144685841820199E+000         -9.8999999999999986E+001         -9.8999999999999986E+001         -5.3549132975241909E+000         -9.8999999999999986E+001          8.0000000000000004E-001          7.9989613700293871E-001          1.4732570279062608E+053         -4.9299994181099073E+043          0.0000000000000000E+000         -1.3055840715235495E+026         -6.2234683853379012E+043          1.2934689672279939E+043          0.0000000000000000E+000          0.0000000000000000E+000                                1                                2          1.9104797975849363E-007          6.9844361563241215E-008          2.9999999999999999E-001          5.9999999999999998E-001          8.1560981261410159E-001          4.9761714305162386E-001          1.4732570279062608E+053         -1.1926468362514358E+020 
                            5610          1.0135161594306593E+005          1.0443286227550336E+003          6.2151318394559769E+002          2.2270866621018090E+001          7.8384773856255112E+000          1.8218844910759793E+002          2.9288405133301023E+002          5.0598229954707963E-001         -1.0000000000000000E+000          7.6894223967125963E-001          2.1847368074812623E+000         -1.5136439581527690E+000         -1.5135545261337089E+000         -1.6105204319954838E+000         -9.8999999999999986E+001         -9.8999999999999986E+001         -5.3547924769587194E+000         -9.8999999999999986E+001          8.0000000000000004E-001          7.9989704818356955E-001          1.4723433345718535E+053         -5.0011115881479745E+043          0.0000000000000000E+000         -1.2922725611714452E+026         -6.2860724377705575E+043          1.2849608496225830E+043          0.0000000000000000E+000          0.0000000000000000E+000                                1                                2          1.9110319164427914E-007          6.9635218820856437E-008          2.9999999999999999E-001          5.9999999999999998E-001          8.1627046789512292E-001          4.9813547822711862E-001          1.4723433345718535E+053         -1.1929786763201112E+020 
                            5620          1.0135167861651751E+005          1.0477107585207496E+003          6.2282743738802321E+002          2.2264377082806952E+001          7.8112341238519933E+000          1.8242124657105305E+002          2.9367969641227234E+002          5.0461397468678559E-001         -1.0000000000000000E+000          7.6702977430515829E-001          2.1862665819634750E+000         -1.5170914268173803E+000         -1.5170012418715610E+000         -1.6139676182760674E+000         -9.8999999999999986E+001         -9.8999999999999986E+001         -5.3545985561477778E+000         -9.8999999999999986E+001          8.0000000000000004E-001          7.9989618152384034E-001          1.4713582253031148E+053         -4.9656029469219838E+043          0.0000000000000000E+000         -1.2780936380901256E+026         -6.2425700912113057E+043          1.2769671442893219E+043          0.0000000000000000E+000          0.0000000000000000E+000                                1                                2          1.9118244571442128E-007          6.9410427997423446E-008          2.9999999999999999E-001          5.9999999999999998E-001          8.1825564780971172E-001          4.9869383192021821E-001          1.4713582253031148E+053         -1.1935114831120527E+020 
                            5630          1.0135174157378965E+005          1.0511096467533898E+003          6.2414685665732554E+002          2.2257776478234998E+001          7.7840888522938778E+000          1.8265525117986707E+002          2.9447820289789968E+002          5.0325827850629001E-001         -1.0000000000000000E+000          7.6512402051895612E-001          2.1877909862014078E+000         -1.5206367517753778E+000         -1.5205457868149765E+000         -1.6175126506904682E+000         -9.8999999999999986E+001         -9.8999999999999986E+001         -5.3544034049917144E+000         -9.8999999999999986E+001          8.0000000000000004E-001          7.9989528368613516E-001          1.4703756927619947E+053         -4.9297816491915851E+043          0.0000000000000000E+000         -1.2640476978138181E+026         -6.1979887832065673E+043          1.2682071340149827E+043          0.0000000000000000E+000          0.0000000000000000E+000                                1                                2          1.9125845577774440E-007          6.9185981111533241E-008          2.9999999999999999E-001          5.9999999999999998E-001          8.1864938570433865E-001          4.9925388459893805E-001          1.4703756927619947E+053         -1.1940479105678770E+020 
                            5640          1.0135180490855995E+005          1.0545303902767596E+003          6.2547340346648775E+002          2.2251056156108550E+001          7.7570008652478153E+000          1.8289080415239570E+002          2.9528076590972557E+002          5.0178598851934120E-001         -1.0000000000000000E+000          7.6322209204460456E-001          2.1893123289118779E+000         -1.5240953605741974E+000         -1.5240036389278901E+000         -1.6209709756947712E+000         -9.8999999999999986E+001         -9.8999999999999986E+001         -5.3542639289724230E+000         -9.8999999999999986E+001          8.0000000000000004E-001          7.9989441270250128E-001          1.4693942079426919E+053         -4.8951987756827717E+043          0.0000000000000000E+000         -1.2501186003793963E+026         -6.1549760172488979E+043          1.2597772415661265E+043          0.0000000000000000E+000          0.0000000000000000E+000                                1                                2          1.9135526046089887E-007          6.8961551830995230E-008          2.9999999999999999E-001          5.9999999999999998E-001          8.2091406150914814E-001          4.9981622162112604E-001          1.4693942079426919E+053         -1.1944314470897495E+020 
                            5650          1.0135186859122373E+005          1.0579712643168980E+003          6.2680639011364383E+002          2.2244219162402711E+001          7.7299857971643622E+000          1.8312779046679640E+002          2.9608696142674336E+002          5.0052589772011624E-001         -1.0000000000000000E+000          7.6132510884535753E-001          2.1908297142290527E+000         -1.5275744761657164E+000         -1.5274819780251871E+000         -1.6244498000623573E+000         -9.8999999999999986E+001         -9.8999999999999986E+001         -5.3540814952654268E+000         -9.8999999999999986E+001          8.0000000000000004E-001          7.9989351892007443E-001          1.4684144435508794E+053         -4.8600374490790826E+043          0.0000000000000000E+000         -1.2363132535461061E+026         -6.1119922221465372E+043          1.2519547730674545E+043          0.0000000000000000E+000          0.0000000000000000E+000                                1                                2          1.9137696362052120E-007          6.8737265953423578E-008          2.9999999999999999E-001          5.9999999999999998E-001          8.2177594252807940E-001          5.0038055637653323E-001          1.4684144435508794E+053         -1.1949332962714696E+020 
                            5660          1.0135193244278581E+005          1.0614232325184037E+003          6.2814230327863038E+002          2.2237283646392459E+001          7.7031152827747729E+000          1.8336558983147239E+002          2.9689465946634243E+002          4.9922108944928678E-001         -1.0000000000000000E+000          7.5943811881082035E-001          2.1923391043676119E+000         -1.5322402642983537E+000         -1.5321467011850434E+000         -1.6291151887767326E+000         -9.8999999999999986E+001         -9.8999999999999986E+001         -5.3537750886718776E+000         -9.8999999999999986E+001          8.0000000000000004E-001          7.9989229308746401E-001          1.4674390915463793E+053         -4.8080536478561562E+043          0.0000000000000000E+000         -1.2226731944801734E+026         -6.0527529793440143E+043          1.2446993314878584E+043          0.0000000000000000E+000          0.0000000000000000E+000                                1                                2          1.9140904812784608E-007          6.8513718127202852E-008          2.9999999999999999E-001          5.9999999999999998E-001          8.2340303028743533E-001          5.0094510219592348E-001          1.4674390915463793E+053         -1.1957766517504220E+020 
                            5670          1.0135199743243298E+005          1.0649046523432455E+003          6.2948827998974093E+002          2.2230179929975435E+001          7.6762831348803688E+000          1.8360577518234248E+002          2.9770782466443228E+002          4.9807585091671625E-001         -1.0000000000000000E+000          7.5755480402015118E-001          2.1938455505455630E+000         -1.5417864576849469E+000         -1.5416907369693069E+000         -1.6386605729522492E+000         -9.8999999999999986E+001         -9.8999999999999986E+001         -5.3534189308501707E+000         -9.8999999999999986E+001          8.0000000000000004E-001          7.9988980959724731E-001          1.4664680211636340E+053         -4.6879656573677204E+043          0.0000000000000000E+000         -1.2091117699684694E+026         -5.9271746247033061E+043          1.2392089673355856E+043          0.0000000000000000E+000          0.0000000000000000E+000                                1                                2          1.9140957924510611E-007          6.8289730922304449E-008          2.9999999999999999E-001          5.9999999999999998E-001          8.2678670260968978E-001          5.0151384684935107E-001          1.4664680211636340E+053         -1.1967576908924900E+020 
                            5680          1.0135206289759249E+005          1.0684261095365325E+003          6.3084831341894096E+002          2.2222926687974972E+001          7.6493678716526876E+000          1.8384869557219665E+002          2.9852929161587070E+002          4.9689695668931178E-001         -1.0000000000000000E+000          7.5566524109021771E-001          2.1953569935669206E+000         -1.5374070074346171E+000         -1.5373121715264233E+000         -1.6342814545502087E+000         -9.8999999999999986E+001         -9.8999999999999986E+001         -5.3530730523361552E+000         -9.8999999999999986E+001          8.0000000000000004E-001          7.9989082804600675E-001          1.4654923633622116E+053         -4.7605209262039862E+043          0.0000000000000000E+000         -1.1956074974570599E+026         -5.9933044971717840E+043          1.2327835709677978E+043          0.0000000000000000E+000          0.0000000000000000E+000                                1                                2          1.9136306773293231E-007          6.8064652779756709E-008          2.9999999999999999E-001          5.9999999999999998E-001          8.2810185486447685E-001          5.0208729095636884E-001          1.4654923633622116E+053         -1.1977111859607134E+020 
                            5690          1.0135212760854338E+005          1.0719374775143858E+003          6.3220300676525903E+002          2.2215643612713077E+001          7.6227357398163873E+000          1.8409074163376789E+002          2.9934751248602066E+002          4.9578403663725812E-001         -1.0000000000000000E+000          7.5379459945136940E-001          2.1968533017783454E+000         -1.5407555159916431E+000         -1.5406598719286730E+000         -1.6376296600076548E+000         -9.8999999999999986E+001         -9.8999999999999986E+001         -5.3527359476573757E+000         -9.8999999999999986E+001          8.0000000000000004E-001          7.9988989782745434E-001          1.4645236594925199E+053         -4.7259222144714351E+043          0.0000000000000000E+000         -1.1823447211959906E+026         -5.9532879675270865E+043          1.2273657530556519E+043          0.0000000000000000E+000          0.0000000000000000E+000                                1                                2          1.9134305508937451E-007          6.7841691975411362E-008          2.9999999999999999E-001          5.9999999999999998E-001          8.3098322004804281E-001          5.0265732994265311E-001          1.4645236594925199E+053         -1.1986412249121114E+020 
                            5700          1.0135219283567517E+005          1.0754652695120137E+003          6.3356265121163221E+002          2.2208238364182790E+001          7.5962249984361252E+000          1.8433410356444435E+002          3.0016829461232965E+002          4.9465458092335951E-001         -1.0000000000000000E+000          7.5193285864565917E-001          2.1983424874990001E+000         -1.5516926198821834E+000         -1.5515944327015612E+000         -1.6485658100960610E+000         -9.8999999999999986E+001         -9.8999999999999986E+001         -5.3522750069153657E+000         -9.8999999999999986E+001          8.0000000000000004E-001          7.9988697060835701E-001          1.4635604156833240E+053         -4.5887878500596666E+043          0.0000000000000000E+000         -1.1692065488199449E+026         -5.8111645947158641E+043          1.2223767446561977E+043          0.0000000000000000E+000          0.0000000000000000E+000                                1                                2          1.9131025453388418E-007          6.7619154451568307E-008          2.9999999999999999E-001          5.9999999999999998E-001          8.3437363037743262E-001          5.0322936614714464E-001          1.4635604156833240E+053         -1.1999140844648653E+020 
                            5710          1.0135225434772973E+005          1.0787854689079786E+003          6.3484102071261975E+002          2.2201191919109029E+001          7.5714944525559860E+000          1.8456329105526154E+002          3.0093964461900657E+002          4.9370006396959493E-001         -1.0000000000000000E+000          7.5019641012875760E-001          2.1997314509915138E+000         -1.5466294612031855E+000         -1.5465323285087482E+000         -1.6435030469049596E+000         -9.8999999999999986E+001         -9.8999999999999986E+001         -5.3519017291118338E+000         -9.8999999999999986E+001          8.0000000000000004E-001          7.9988818435747566E-001          1.4626626369967940E+053         -4.6660540994855623E+043          0.0000000000000000E+000         -1.1570171986914848E+026         -5.8848714146481581E+043          1.2188173151625963E+043          0.0000000000000000E+000          0.0000000000000000E+000                                1                                2          1.9122197616756801E-007          6.7411041641156597E-008          2.9999999999999999E-001          5.9999999999999998E-001          8.3849939101332682E-001          5.0376680284024977E-001          1.4626626369967940E+053         -1.2009458586509056E+020 
                            5720          1.0135232007493862E+005          1.0823656205282889E+003          6.3621805297901085E+002          2.2193546686018308E+001          7.5450265295474992E+000          1.8481024630521361E+002          3.0177050313309775E+002          4.9264842900658046E-001         -1.0000000000000000E+000          7.4833706631734653E-001          2.2012187171445325E+000         -1.5499058485616135E+000         -1.5498078751604678E+000         -1.6467791189541108E+000         -9.8999999999999986E+001         -9.8999999999999986E+001         -5.3514349473870855E+000         -9.8999999999999986E+001          8.0000000000000004E-001          7.9988721667549745E-001          1.4616987317028403E+053         -4.6329055183269739E+043          0.0000000000000000E+000         -1.1440722722703261E+026         -5.8466185460300529E+043          1.2137130277030788E+043          0.0000000000000000E+000          0.0000000000000000E+000                                1                                2          1.9114848292139210E-007          6.7188065462515052E-008          2.9999999999999999E-001          5.9999999999999998E-001          8.4069957363279824E-001          5.0434426143926114E-001          1.4616987317028403E+053         -1.2022373347515089E+020 
                            5730          1.0135238598889337E+005          1.0859616962708885E+003          6.3759976428665334E+002          2.2185795516871021E+001          7.5186718803923620E+000          1.8505834431790504E+002          3.0260390347882606E+002          4.9159926522498321E-001         -1.0000000000000000E+000          7.4648557413791417E-001          2.2026997011676439E+000         -1.5527403922836707E+000         -1.5526416731483765E+000         -1.6496133829862816E+000         -9.8999999999999986E+001         -9.8999999999999986E+001         -5.3509759604571263E+000         -9.8999999999999986E+001          8.0000000000000004E-001          7.9988635831172983E-001          1.4607385365598146E+053         -4.6050738588998780E+043          0.0000000000000000E+000         -1.1312679496563552E+026         -5.8145318272685353E+043          1.2094579683686575E+043          0.0000000000000000E+000          0.0000000000000000E+000                                1                                2          1.9106451097879281E-007          6.6965577530176708E-008          2.9999999999999999E-001          5.9999999999999998E-001          8.4420145014356451E-001          5.0492273298613832E-001          1.4607385365598146E+053         -1.2035085987015152E+020 
                            5740          1.0135245187581409E+005          1.0895621955946281E+003          6.3898173020788681E+002          2.2177963646253868E+001          7.4925144258797438E+000          1.8530679516271351E+002          3.0343717125536278E+002          4.9063502068325782E-001         -1.0000000000000000E+000          7.4464785381923060E-001          2.2041696675578648E+000         -1.5559008289172975E+000         -1.5558012920871778E+000         -1.6527735129406040E+000         -9.8999999999999986E+001         -9.8999999999999986E+001         -5.3505535248838783E+000         -9.8999999999999986E+001          8.0000000000000004E-001          7.9988541712062355E-001          1.4597852263279174E+053         -4.5727042880949101E+043          0.0000000000000000E+000         -1.1186454160012258E+026         -5.7782719604100450E+043          1.2055676723151347E+043          0.0000000000000000E+000          0.0000000000000000E+000                                1                                2          1.9096065191652077E-007          6.6744287256352881E-008          2.9999999999999999E-001          5.9999999999999998E-001          8.4773955046848815E-001          5.0550024717392050E-001          1.4597852263279174E+053         -1.2046798136426242E+020 
                            5750          1.0135251838177508E+005          1.0931999508998749E+003          6.4037653785466341E+002          2.2169977230418915E+001          7.4663197114010815E+000          1.8555789021219979E+002          3.0427786300571540E+002          4.8971266314449285E-001         -1.0000000000000000E+000          7.4280753649319986E-001          2.2056417093271676E+000         -1.5611158750906360E+000         -1.5610149978689869E+000         -1.6579880563946305E+000         -9.8999999999999986E+001         -9.8999999999999986E+001         -5.3499585943577213E+000         -9.8999999999999986E+001          8.0000000000000004E-001          7.9988387429387209E-001          1.4588306325263586E+053         -4.5127284743042121E+043          0.0000000000000000E+000         -1.1060684639998106E+026         -5.7152005047285423E+043          1.2024720304243307E+043          0.0000000000000000E+000          0.0000000000000000E+000                                1                                2          1.9084725499430433E-007          6.6522187552760819E-008          2.9999999999999999E-001          5.9999999999999998E-001          8.5196320838168305E-001          5.0608317796815050E-001          1.4588306325263586E+053         -1.2063312090573008E+020 
                            5760          1.0135258625067330E+005          1.0968776828344587E+003          6.4178524340950673E+002          2.2161796068554121E+001          7.4401086214162735E+000          1.8581214365419459E+002          3.0512623950758928E+002          4.8889597326764866E-001         -1.0000000000000000E+000          7.4096727638950255E-001          2.2071137006720547E+000         -1.5702289251724775E+000         -1.5701257719147428E+000         -1.6671002528376304E+000         -9.8999999999999986E+001         -9.8999999999999986E+001         -5.3493806706110343E+000         -9.8999999999999986E+001          8.0000000000000004E-001          7.9988125452594361E-001          1.4578794811579636E+053         -4.4016144763554982E+043          0.0000000000000000E+000         -1.0935360126457479E+026         -5.6023858199422868E+043          1.2007713435867886E+043          0.0000000000000000E+000          0.0000000000000000E+000                                1                                2          1.9067912256263028E-007          6.6299144658051754E-008          2.9999999999999999E-001          5.9999999999999998E-001          8.5783992175090529E-001          5.0667201718389276E-001          1.4578794811579636E+053         -1.2079375650067389E+020 
                            5770          1.0135264944974371E+005          1.1003247815274492E+003          6.4310423744528987E+002          2.2154075920401230E+001          7.4157389937105789E+000          1.8605038757246541E+002          3.0592044053845291E+002          4.8814518617219071E-001         -1.0000000000000000E+000          7.3925587145179006E-001          2.2084826225188627E+000         -1.5645310814405842E+000         -1.5644291351161734E+000         -1.6614028617725307E+000         -9.8999999999999986E+001         -9.8999999999999986E+001         -5.3487948062948609E+000         -9.8999999999999986E+001          8.0000000000000004E-001          7.9988264373121243E-001          1.4569938114455499E+053         -4.4819237680175712E+043          0.0000000000000000E+000         -1.0819709837959281E+026         -5.6818480682415653E+043          1.1999243002239945E+043          0.0000000000000000E+000          0.0000000000000000E+000                                1                                2          1.9046771507930913E-007          6.6091442624312325E-008          2.9999999999999999E-001          5.9999999999999998E-001          8.6394087316287127E-001          5.0722209220918568E-001          1.4569938114455499E+053         -1.2095681753322162E+020 
                            5780          1.0135271679915405E+005          1.1040314288398115E+003          6.4452105908303884E+002          2.2145727089285526E+001          7.3897373552531747E+000          1.8630642506824137E+002          3.0677347116756698E+002          4.8734508802730869E-001         -1.0000000000000000E+000          7.3742912968756991E-001          2.2099438002544218E+000         -1.5697688059204360E+000         -1.5696654547823343E+000         -1.6666400593694246E+000         -9.8999999999999986E+001         -9.8999999999999986E+001         -5.3480881371765232E+000         -9.8999999999999986E+001          8.0000000000000004E-001          7.9988102676190853E-001          1.4560465457217930E+053         -4.4218213052766644E+043          0.0000000000000000E+000         -1.0697182807044491E+026         -5.6195964656902284E+043          1.1977751604135637E+043          0.0000000000000000E+000          0.0000000000000000E+000                                1                                2          1.9029228479086513E-007          6.5869548879465768E-008          2.9999999999999999E-001          5.9999999999999998E-001          8.6819289467411220E-001          5.0781193336901598E-001          1.4560465457217930E+053         -1.2115379454097100E+020 
                            5790          1.0135278774245540E+005          1.1079006982891506E+003          6.4599850172331776E+002          2.2136901259944523E+001          7.3628805541760185E+000          1.8657412175827616E+002          3.0766225516514913E+002          4.8663686503912285E-001         -1.0000000000000000E+000          7.3554363052137317E-001          2.2114519720135468E+000         -1.5789221014184720E+000         -1.5788163648287787E+000         -1.6757924601885248E+000         -9.8999999999999986E+001         -9.8999999999999986E+001         -5.3473302042782374E+000         -9.8999999999999986E+001          8.0000000000000004E-001          7.9987828107029679E-001          1.4550726960989103E+053         -4.3101762064004076E+043          0.0000000000000000E+000         -1.0573881301187977E+026         -5.5082424076115694E+043          1.1980662012111618E+043          0.0000000000000000E+000          0.0000000000000000E+000                                1                                2          1.9003246151528066E-007          6.5639503864136655E-008          2.9999999999999999E-001          5.9999999999999998E-001          8.7493697488028321E-001          5.0841189995057368E-001          1.4550726960989103E+053         -1.2136541735696599E+020 
                            5800          1.0135285320696649E+005          1.1114991682280356E+003          6.4737105945056521E+002          2.2128641379151400E+001          7.3381106007735406E+000          1.8682299918242251E+002          3.0848779611831287E+002          4.8608388345669162E-001         -1.0000000000000000E+000          7.3380416206736876E-001          2.2128433364312836E+000         -1.5731373055413840E+000         -1.5730327971186362E+000         -1.6700081249437191E+000         -9.8999999999999986E+001         -9.8999999999999986E+001         -5.3466200281983181E+000         -9.8999999999999986E+001          8.0000000000000004E-001          7.9987969470752995E-001          1.4541731298092489E+053         -4.3890191732140156E+043          0.0000000000000000E+000         -1.0456126818046481E+026         -5.5878256793247906E+043          1.1988065061107752E+043          0.0000000000000000E+000          0.0000000000000000E+000                                1                                2          1.8977748488142611E-007          6.5426996479326845E-008          2.9999999999999999E-001          5.9999999999999998E-001          8.8338213538284160E-001          5.0899566296678089E-001          1.4541731298092489E+053         -1.2156404140062691E+020 
                            5810          1.0135292093499252E+005          1.1152572743981646E+003          6.4880297986087044E+002          2.2119968017154704E+001          7.3124471167479248E+000          1.8708278128242799E+002          3.0934894624798051E+002          4.8543218090224821E-001         -1.0000000000000000E+000          7.3200128583854429E-001          2.2142854194705950E+000         -1.5763268081319473E+000         -1.5762213788320663E+000         -1.6731972821531897E+000         -9.8999999999999986E+001         -9.8999999999999986E+001         -5.3459990411718348E+000         -9.8999999999999986E+001          8.0000000000000004E-001          7.9987863476476906E-001          1.4532391468380200E+053         -4.3545202414232473E+043          0.0000000000000000E+000         -1.0337556902079063E+026         -5.5527449643589948E+043          1.1982247229357473E+043          0.0000000000000000E+000          0.0000000000000000E+000                                1                                2          1.8951882432475676E-007          6.5206525737008973E-008          2.9999999999999999E-001          5.9999999999999998E-001          8.8892821393932642E-001          5.0958905833661872E-001          1.4532391468380200E+053         -1.2173798717229962E+020 
                            5820          1.0135298900132498E+005          1.1190397992037276E+003          6.5024267369698316E+002          2.2111167495324477E+001          7.2868513674270607E+000          1.8734434427664181E+002          3.1021440951029649E+002          4.8476839686063317E-001         -1.0000000000000000E+000          7.3020333544331650E-001          2.2157235603575507E+000         -1.5815983292263134E+000         -1.5814914100330533E+000         -1.6784682444521668E+000         -9.8999999999999986E+001         -9.8999999999999986E+001         -5.3451754666149354E+000         -9.8999999999999986E+001          8.0000000000000004E-001          7.9987691988092446E-001          1.4523084634086613E+053         -4.2937383442790877E+043          0.0000000000000000E+000         -1.0220050414970290E+026         -5.4915271349519517E+043          1.1977887906728638E+043          0.0000000000000000E+000          0.0000000000000000E+000                                1                                2          1.8926847980178999E-007          6.4986117757542710E-008          2.9999999999999999E-001          5.9999999999999998E-001          8.9486137526703713E-001          5.1018485288106108E-001          1.4523084634086613E+053         -1.2196906409702669E+020 
                            5830          1.0135305802750940E+005          1.1228403833240905E+003          6.5168775506775057E+002          2.2102222047635639E+001          7.2614027639499144E+000          1.8760757888414605E+002          3.1108237351737711E+002          4.8426441774612450E-001         -1.0000000000000000E+000          7.2841708348438783E-001          2.2171523389931784E+000         -1.5899607376203497E+000         -1.5898515116273813E+000         -1.6868297876617679E+000         -9.8999999999999986E+001         -9.8999999999999986E+001         -5.3442663932154284E+000         -9.8999999999999986E+001          8.0000000000000004E-001          7.9987426474041823E-001          1.4513880231949826E+053         -4.1927602153286033E+043          0.0000000000000000E+000         -1.0103775801458272E+026         -5.3925030442498786E+043          1.1997428289212750E+043          0.0000000000000000E+000          0.0000000000000000E+000                                1                                2          1.8892834454729206E-007          6.4766153093943642E-008          2.9999999999999999E-001          5.9999999999999998E-001          9.0324513292058362E-001          5.1078256160508517E-001          1.4513880231949826E+053         -1.2222463943635257E+020 
                            5840          1.0135312295082447E+005          1.1264475965118875E+003          6.5305786095937799E+002          2.2093686002747809E+001          7.2374442169808004E+000          1.8785732910452535E+002          3.1190516670194631E+002          4.8382114581809643E-001         -1.0000000000000000E+000          7.2673496932368375E-001          2.2184978202363426E+000         -1.5840837881912915E+000         -1.5839758476518020E+000         -1.6809533203530929E+000         -9.8999999999999986E+001         -9.8999999999999986E+001         -5.3435315037408300E+000         -9.8999999999999986E+001          8.0000000000000004E-001          7.9987574430345754E-001          1.4505202994240738E+053         -4.2694820702413216E+043          0.0000000000000000E+000         -9.9950534185268720E+025         -5.4713746785272371E+043          1.2018926082859158E+043          0.0000000000000000E+000          0.0000000000000000E+000                                1                                2          1.8857896404812194E-007          6.4558753014004915E-008          2.9999999999999999E-001          5.9999999999999998E-001          9.1147363925297453E-001          5.1134847463484046E-001          1.4505202994240738E+053         -1.2243163640106561E+020 
                            5850          1.0135319132348572E+005          1.1302806807528798E+003          6.5451221428445115E+002          2.2084568959075789E+001          7.2121901649451621E+000          1.8812260836035557E+002          3.1277841992837108E+002          4.8330011195889383E-001         -1.0000000000000000E+000          7.2496138512937891E-001          2.2199164659267692E+000         -1.5894065207020087E+000         -1.5892970154261841E+000         -1.6862754659958716E+000         -9.8999999999999986E+001         -9.8999999999999986E+001         -5.3426029947656302E+000         -9.8999999999999986E+001          8.0000000000000004E-001          7.9987394328510775E-001          1.4496043086180401E+053         -4.2062489147652713E+043          0.0000000000000000E+000         -9.8812268215867543E+025         -5.4104471486181305E+043          1.2041982338528592E+043          0.0000000000000000E+000          0.0000000000000000E+000                                1                                2          1.8825321889354197E-007          6.4339817007214739E-008          2.9999999999999999E-001          5.9999999999999998E-001          9.2101838968372984E-001          5.1194830925798240E-001          1.4496043086180401E+053         -1.2269367169206683E+020 
                            5860          1.0135326096334819E+005          1.1341506228679225E+003          6.5597903520739374E+002          2.2075262495578588E+001          7.1869630455269293E+000          1.8839087541355531E+002          3.1365839560377276E+002          4.8293200170135392E-001         -1.0000000000000000E+000          7.2319113560228665E-001          2.2213324392745042E+000         -1.5979558142991477E+000         -1.5978438817334006E+000         -1.6948238492142509E+000         -9.8999999999999986E+001         -9.8999999999999986E+001         -5.3416296592170696E+000         -9.8999999999999986E+001          8.0000000000000004E-001          7.9987114947665561E-001          1.4486946094166969E+053         -4.1035914078475567E+043          0.0000000000000000E+000         -9.7681966442224088E+025         -5.3106495094268603E+043          1.2070581015793034E+043          0.0000000000000000E+000          0.0000000000000000E+000                                1                                2          1.8785092098211697E-007          6.4120277060324145E-008          2.9999999999999999E-001          5.9999999999999998E-001          9.2942511421665508E-001          5.1255215076960170E-001          1.4486946094166969E+053         -1.2296895963829579E+020 
                            5870          1.0135333076570439E+005          1.1380677409592927E+003          6.5746210047841839E+002          2.2065795413813181E+001          7.1616419786637797E+000          1.8866229823858669E+002          3.1454797074493462E+002          4.8253164693669137E-001         -1.0000000000000000E+000          7.2141378601869632E-001          2.2227540916479942E+000         -1.5920165949338114E+000         -1.5919059646929421E+000         -1.6888851182989575E+000         -9.8999999999999986E+001         -9.8999999999999986E+001         -5.3407736919676729E+000         -9.8999999999999986E+001          8.0000000000000004E-001          7.9987264844944228E-001          1.4477802943109963E+053         -4.1785809990278333E+043          0.0000000000000000E+000         -9.6555039015503198E+025         -5.3895028322495051E+043          1.2109218332216719E+043          0.0000000000000000E+000          0.0000000000000000E+000                                1                                2          1.8743957599967266E-007          6.3899581324686349E-008          2.9999999999999999E-001          5.9999999999999998E-001          9.4079855792636502E-001          5.1316208228699656E-001          1.4477802943109963E+053         -1.2321156276261737E+020 
                            5880          1.0135339985338014E+005          1.1419788469943617E+003          6.5894125962202133E+002          2.2056293217998078E+001          7.1365753160478551E+000          1.8893322497335964E+002          3.1543501677609618E+002          4.8212971477246935E-001         -1.0000000000000000E+000          7.1965392119520721E-001          2.2241617580452839E+000         -1.5974346682849541E+000         -1.5973223760770339E+000         -1.6943025683124819E+000         -9.8999999999999986E+001         -9.8999999999999986E+001         -5.3397151711218074E+000         -9.8999999999999986E+001          8.0000000000000004E-001          7.9987073553017529E-001          1.4468744187872800E+053         -4.1138797607569306E+043          0.0000000000000000E+000         -9.5446946210291627E+025         -5.3283818212862529E+043          1.2145020605293221E+043          0.0000000000000000E+000          0.0000000000000000E+000                                1                                2          1.8702158078853937E-007          6.3680734855844010E-008          2.9999999999999999E-001          5.9999999999999998E-001          9.5100479187338949E-001          5.1376963144599819E-001          1.4468744187872800E+053         -1.2351223680596797E+020 
                            5890          1.0135347013697693E+005          1.1459232591766054E+003          6.6043146311043290E+002          2.2046606942947093E+001          7.1115688307363962E+000          1.8920693556040752E+002          3.1632786604968481E+002          4.8195179305070412E-001         -1.0000000000000000E+000          7.1789989827585710E-001          2.2255647464542117E+000         -1.6057773036964673E+000         -1.6056625511081413E+000         -1.7026442809306044E+000         -9.8999999999999986E+001         -9.8999999999999986E+001         -5.3386437072852377E+000         -9.8999999999999986E+001          8.0000000000000004E-001          7.9986790365288796E-001          1.4459767829721207E+053         -4.0130908552235470E+043          0.0000000000000000E+000         -9.4348013163046857E+025         -5.2326437941782718E+043          1.2195529389547248E+043          0.0000000000000000E+000          0.0000000000000000E+000                                1                                2          1.8652970818248524E-007          6.3461537746152638E-008          2.9999999999999999E-001          5.9999999999999998E-001          9.6143558557806796E-001          5.1438057155464256E-001          1.4459767829721207E+053         -1.2381733457717341E+020 
                            5900          1.0135354136082914E+005          1.1499625039461544E+003          6.6195579129195107E+002          2.2036639321117661E+001          7.0861813152065318E+000          1.8948713446154593E+002          3.1724097414560430E+002          4.8180957489233861E-001         -1.0000000000000000E+000          7.1611876060057245E-001          2.2269894230021796E+000         -1.6027550900521152E+000         -1.6026408429561882E+000         -1.6996222568771382E+000         -9.8999999999999986E+001         -9.8999999999999986E+001         -5.3375390670871639E+000         -9.8999999999999986E+001          8.0000000000000004E-001          7.9986848546910594E-001          1.4450647745959685E+053         -4.0487555544335245E+043          0.0000000000000000E+000         -9.3252552589105774E+025         -5.2748459204860986E+043          1.2260903660525738E+043          0.0000000000000000E+000          0.0000000000000000E+000                                1                                2          1.8600962815887631E-007          6.3238629013451312E-008          2.9999999999999999E-001          5.9999999999999998E-001          9.7403043954612756E-001          5.1499664043566962E-001          1.4450647745959685E+053         -1.2413266830132503E+020 
                            5910          1.0135361192434326E+005          1.1539532779506067E+003          6.6346021001091003E+002          2.2026704265692434E+001          7.0613576471225921E+000          1.8976429563331962E+002          3.1814149809565407E+002          4.8166643865396286E-001         -1.0000000000000000E+000          7.1437828617969046E-001          2.2283815704936294E+000         -1.6103009093456928E+000         -1.6101843514267684E+000         -1.7071672094681714E+000         -9.8999999999999986E+001         -9.8999999999999986E+001         -5.3363871156197042E+000         -9.8999999999999986E+001          8.0000000000000004E-001          7.9986582574265974E-001          1.4441774585111929E+053         -3.9561989439131132E+043          0.0000000000000000E+000         -9.2175397509923224E+025         -5.1896118108104481E+043          1.2334128668973347E+043          0.0000000000000000E+000          0.0000000000000000E+000                                1                                2          1.8545915503975062E-007          6.3019927718029463E-008          2.9999999999999999E-001          5.9999999999999998E-001          9.8840260119158718E-001          5.1561178125393947E-001          1.4441774585111929E+053         -1.2446236307659692E+020 
                            5920          1.0135368141452241E+005          1.1579347583325698E+003          6.6495945037408217E+002          2.2016755182864685E+001          7.0367945243778252E+000          1.9004063886072581E+002          3.1903883104506974E+002          4.8151796729401841E-001         -1.0000000000000000E+000          7.1265543712545854E-001          2.2297596206016745E+000         -1.6040489244519156E+000         -1.6039337100902857E+000         -1.7009157284924084E+000         -9.8999999999999986E+001         -9.8999999999999986E+001         -5.3351709694126583E+000         -9.8999999999999986E+001          8.0000000000000004E-001          7.9986737215746195E-001          1.4432979423022232E+053         -4.0315204338818259E+043          0.0000000000000000E+000         -9.1104524659785139E+025         -5.2705524113812596E+043          1.2390319774994334E+043          0.0000000000000000E+000          0.0000000000000000E+000                                1                                2          1.8490362614133551E-007          6.2803237957162989E-008          2.9999999999999999E-001          5.9999999999999998E-001          1.0000000000000000E+000          5.1623239685669609E-001          1.4432979423022232E+053         -1.2481138100449385E+020 
                            5930          1.0135375117522363E+005          1.1619568986408203E+003          6.6647230728481225E+002          2.2006669502826767E+001          7.0121819383706070E+000          1.9031961192170525E+002          3.1994424150993564E+002          4.8153237949000766E-001         -1.0000000000000000E+000          7.1092841524315320E-001          2.2311410074536466E+000         -1.6102092157938517E+000         -1.6100920237848790E+000         -1.7070752780925662E+000         -9.8999999999999986E+001         -9.8999999999999986E+001         -5.3339388905113179E+000         -9.8999999999999986E+001          8.0000000000000004E-001          7.9986509591594701E-001          1.4424149553387944E+053         -3.9724107770394029E+043          0.0000000000000000E+000         -9.0051432115759280E+025         -5.2019612551445417E+043          1.2295504781051388E+043          0.0000000000000000E+000          0.0000000000000000E+000                                1                                2          1.8435604218470173E-007          6.2585843116466542E-008          2.9999999999999999E-001          5.9999999999999998E-001          1.0000000000000000E+000          5.1684964236838771E-001          1.4424149553387944E+053         -1.2516596945264738E+020 
                            5940          1.0135382287816418E+005          1.1660474361688412E+003          6.6800920838370439E+002          2.1996344000247209E+001          6.9873916518008450E+000          1.9060348121258500E+002          3.2086356975750533E+002          4.8153920947582129E-001         -1.0000000000000000E+000          7.0918944816844876E-001          2.2325319433380040E+000         -1.6174442475946973E+000         -1.6173247208760950E+000         -1.7143094342281664E+000         -9.8999999999999986E+001         -9.8999999999999986E+001         -5.3326057572809171E+000         -9.8999999999999986E+001          8.0000000000000004E-001          7.9986240871460168E-001          1.4415281614753373E+053         -3.9004767460069729E+043          0.0000000000000000E+000         -8.9009186074632799E+025         -5.1215779454638414E+043          1.2211011994568688E+043          0.0000000000000000E+000          0.0000000000000000E+000                                1                                2          1.8373977149719849E-007          6.2366289664308651E-008          2.9999999999999999E-001          5.9999999999999998E-001          1.0000000000000000E+000          5.1746786058330985E-001          1.4415281614753373E+053         -1.2555077581787292E+020 
                            5950          1.0135389270425592E+005          1.1700811028556454E+003          6.6952297354457585E+002          2.1986163314457158E+001          6.9631087314088607E+000          1.9088284287896303E+002          3.2176940103300922E+002          4.8163295241436976E-001         -1.0000000000000000E+000          7.0748408930850371E-001          2.2338959981699880E+000         -1.6108056801133528E+000         -1.6106876229658520E+000         -1.7076714179301997E+000         -9.8999999999999986E+001         -9.8999999999999986E+001         -5.3313406359090605E+000         -9.8999999999999986E+001          8.0000000000000004E-001          7.9986410015813603E-001          1.4406534527274341E+053         -3.9940615174589971E+043          0.0000000000000000E+000         -8.7973770265259730E+025         -5.2061023013395054E+043          1.2120407838805080E+043          0.0000000000000000E+000          0.0000000000000000E+000                                1                                2          1.8311316184987396E-007          6.2151291896731224E-008          2.9999999999999999E-001          5.9999999999999998E-001          1.0000000000000000E+000          5.1809163972201489E-001          1.4406534527274341E+053         -1.2591704467729018E+020 
                            5960          1.0135396254769590E+005          1.1741435950592361E+003          6.7104581755563095E+002          2.1975895196112550E+001          6.9388313702258628E+000          1.9116381300602930E+002          3.2268081110178605E+002          4.8184000810454414E-001         -1.0000000000000000E+000          7.0577775536464660E-001          2.2352608322770311E+000         -1.6130499203923576E+000         -1.6129308520636216E+000         -1.7099152789515393E+000         -9.8999999999999986E+001         -9.8999999999999986E+001         -5.3298803983175675E+000         -9.8999999999999986E+001          8.0000000000000004E-001          7.9986293631049121E-001          1.4397750024684530E+053         -3.9808763292506005E+043          0.0000000000000000E+000         -8.6957899209426479E+025         -5.1848730010487933E+043          1.2039966717981928E+043          0.0000000000000000E+000          0.0000000000000000E+000                                1                                2          1.8251523884720975E-007          6.1936250789462884E-008          2.9999999999999999E-001          5.9999999999999998E-001          1.0000000000000000E+000          5.1871042529829547E-001          1.4397750024684530E+053         -1.2634113079726904E+020 
                            5970          1.0135403293696399E+005          1.1782368923563588E+003          6.7257848479225947E+002          2.1965515844135663E+001          6.9145701927051038E+000          1.9144672516154913E+002          3.2359801625573863E+002          4.8192840148864974E-001         -1.0000000000000000E+000          7.0407190091135274E-001          2.2366252802227651E+000         -1.6196790736067952E+000         -1.6195577737390865E+000         -1.7165435951941204E+000         -9.8999999999999986E+001         -9.8999999999999986E+001         -5.3284443663280401E+000         -9.8999999999999986E+001          8.0000000000000004E-001          7.9986036786717907E-001          1.4388956619250151E+053         -3.9192504735469525E+043          0.0000000000000000E+000         -8.5949501911872893E+025         -5.1119075176091101E+043          1.1926570440621574E+043          0.0000000000000000E+000          0.0000000000000000E+000                                1                                2          1.8189621415940523E-007          6.1721078874888558E-008          2.9999999999999999E-001          5.9999999999999998E-001          1.0000000000000000E+000          5.1933269409422378E-001          1.4388956619250151E+053         -1.2675958003081150E+020 
                            5980          1.0135410640996386E+005          1.1824648671283524E+003          6.7415982454293419E+002          2.1954729690092378E+001          6.8897527710083839E+000          1.9173908152109865E+002          3.2454388027199695E+002          4.8228141574748351E-001         -1.0000000000000000E+000          7.0232742347057286E-001          2.2380206153578261E+000         -1.6263501184614508E+000         -1.6262265033809689E+000         -1.7232137716909766E+000         -9.8999999999999986E+001         -9.8999999999999986E+001         -5.3269031247898377E+000         -9.8999999999999986E+001          8.0000000000000004E-001          7.9985770313144788E-001          1.4379987298004192E+053         -3.8558253732675351E+043          0.0000000000000000E+000         -8.4925293974401392E+025         -5.0396424341363062E+043          1.1838170608687714E+043          0.0000000000000000E+000          0.0000000000000000E+000                                1                                2          1.8117651243006413E-007          6.1500391418002849E-008          2.9999999999999999E-001          5.9999999999999998E-001          1.0000000000000000E+000          5.1997339354488858E-001          1.4379987298004192E+053         -1.2721022863918341E+020 
                            5990          1.0135417407679449E+005          1.1864171682890060E+003          6.7563632675465931E+002          2.1944660385122472E+001          6.8666956156410652E+000          1.9201172258344332E+002          3.2542749162496057E+002          4.8286829281149635E-001         -1.0000000000000000E+000          7.0070441963591812E-001          2.2393187902838205E+000         -1.6191532009410523E+000         -1.6190311766817471E+000         -1.7160174508339656E+000         -9.8999999999999986E+001         -9.8999999999999986E+001         -5.3253322785269743E+000         -9.8999999999999986E+001          8.0000000000000004E-001          7.9985953411413147E-001          1.4371583639305956E+053         -3.9519628513833743E+043          0.0000000000000000E+000         -8.3981021175703272E+025         -5.1291469130981152E+043          1.1771840617147408E+043          0.0000000000000000E+000          0.0000000000000000E+000                                1                                2          1.8050831524407174E-007          6.1295515700692914E-008          2.9999999999999999E-001          5.9999999999999998E-001          1.0000000000000000E+000          5.2057136042037599E-001          1.4371583639305956E+053         -1.2767118208396491E+020 
                            6000          1.0135424824029126E+005          1.1907618307098351E+003          6.7725756026120428E+002          2.1933564454268584E+001          6.8415517353171724E+000          1.9231116192782559E+002          3.2639770256149575E+002          4.8333160992173185E-001         -1.0000000000000000E+000          6.9893362179041019E-001          2.2407351776145923E+000         -1.6265569708843266E+000         -1.6264323550087882E+000         -1.7234202487486694E+000         -9.8999999999999986E+001         -9.8999999999999986E+001         -5.3236075596049304E+000         -9.8999999999999986E+001          8.0000000000000004E-001          7.9985655125279709E-001          1.4362396868175864E+053         -3.8799692237261255E+043          0.0000000000000000E+000         -8.2959220789961625E+025         -5.0482377302840605E+043          1.1682685065579350E+043          0.0000000000000000E+000          0.0000000000000000E+000                                1                                2          1.7975176141040487E-007          6.1071870369811446E-008          2.9999999999999999E-001          5.9999999999999998E-001          1.0000000000000000E+000          5.2122675944360075E-001          1.4362396868175864E+053         -1.2817921229714964E+020 
                            6010          1.0135432368535786E+005          1.1951427109749056E+003          6.7889041974306645E+002          2.1922313332247956E+001          6.8164477705484252E+000          1.9261319478989606E+002          3.2737442161322110E+002          4.8422522867203099E-001         -1.0000000000000000E+000          6.9716600667522921E-001          2.2421490132971114E+000         -1.6289619860089202E+000         -1.6288361274361181E+000         -1.7258247977777963E+000         -9.8999999999999986E+001         -9.8999999999999986E+001         -5.3217025238165938E+000         -9.8999999999999986E+001          8.0000000000000004E-001          7.9985512095721278E-001          1.4353247631678799E+053         -3.8650652121000164E+043          0.0000000000000000E+000         -8.1946570865339139E+025         -5.0261233987267417E+043          1.1610581866267251E+043          0.0000000000000000E+000          0.0000000000000000E+000                                1                                2          1.7887042481210987E-007          6.0848007102941981E-008          2.9999999999999999E-001          5.9999999999999998E-001          1.0000000000000000E+000          5.2188552254591702E-001          1.4353247631678799E+053         -1.2874270629189408E+020 
                            6020          1.0135439152888123E+005          1.1991524849984821E+003          6.8038318226903016E+002          2.1912031240388906E+001          6.7936123028974604E+000          1.9288896594451407E+002          3.2826781290729951E+002          4.8507179467163747E-001         -1.0000000000000000E+000          6.9555581555870838E-001          2.2434369346417267E+000         -1.6247186310555848E+000         -1.6245934825605259E+000         -1.7215817091517103E+000         -9.8999999999999986E+001         -9.8999999999999986E+001         -5.3199166951126662E+000         -9.8999999999999986E+001          8.0000000000000004E-001          7.9985593822821477E-001          1.4344853207794550E+053         -3.9258934006162341E+043          0.0000000000000000E+000         -8.1031676669445747E+025         -5.0807627329293738E+043          1.1548693323131400E+043          0.0000000000000000E+000          0.0000000000000000E+000                                1                                2          1.7806503589469339E-007          6.0644541103980164E-008          2.9999999999999999E-001          5.9999999999999998E-001          1.0000000000000000E+000          5.2248818422604282E-001          1.4344853207794550E+053         -1.2927318913482629E+020 
                            6030          1.0135446759007627E+005          1.2036449856437116E+003          6.8205374764970736E+002          2.1900472188914893E+001          6.7682487928261992E+000          1.9319780066171214E+002          3.2926743477074581E+002          4.8628669250081846E-001         -1.0000000000000000E+000          6.9376694104784364E-001          2.2448677734942439E+000         -1.6337456830000503E+000         -1.6336172953470696E+000         -1.7306075461903472E+000         -9.8999999999999986E+001         -9.8999999999999986E+001         -5.3178444991657186E+000         -9.8999999999999986E+001          8.0000000000000004E-001          7.9985221009822116E-001          1.4335524694144612E+053         -3.8330870579873295E+043          0.0000000000000000E+000         -8.0038392229421753E+025         -4.9820018903136699E+043          1.1489148323263402E+043          0.0000000000000000E+000          0.0000000000000000E+000                                1                                2          1.7712062007511688E-007          6.0418190607539073E-008          2.9999999999999999E-001          5.9999999999999998E-001          1.0000000000000000E+000          5.2314968530832373E-001          1.4335524694144612E+053         -1.2989147807989288E+020 
                            6040          1.0135454202730875E+005          1.2080257539472202E+003          6.8368084575063756E+002          2.1889154566840492E+001          6.7437462460173343E+000          1.9349889807177098E+002          3.3024076972764703E+002          4.8776009661248354E-001         -1.0000000000000000E+000          6.9203865144508592E-001          2.2462501486700210E+000         -1.6292358371265341E+000         -1.6291080758328782E+000         -1.7260979352448720E+000         -9.8999999999999986E+001         -9.8999999999999986E+001         -5.3154589255684002E+000         -9.8999999999999986E+001          8.0000000000000004E-001          7.9985293100841381E-001          1.4326518521132648E+053         -3.8978123559935696E+043          0.0000000000000000E+000         -7.9057745245216788E+025         -5.0398000240843832E+043          1.1419876680908136E+043          0.0000000000000000E+000          0.0000000000000000E+000                                1                                2          1.7604731746461295E-007          6.0199090895878112E-008          2.9999999999999999E-001          5.9999999999999998E-001          1.0000000000000000E+000          5.2381474107601911E-001          1.4326518521132648E+053         -1.3060693337095096E+020 
                            6050          1.0135461680646638E+005          1.2124893025002871E+003          6.8533666626511979E+002          2.1877625365547278E+001          6.7189601908518526E+000          1.9380509948288881E+002          3.3123160862551606E+002          4.8946339582554099E-001         -1.0000000000000000E+000          6.9028841737621849E-001          2.2476500768817296E+000         -1.6332731670968630E+000         -1.6331435389550550E+000         -1.7301345650174820E+000         -9.8999999999999986E+001         -9.8999999999999986E+001         -5.3131953271445598E+000         -9.8999999999999986E+001          8.0000000000000004E-001          7.9985078235685636E-001          1.4317350231035144E+053         -3.8618481088805996E+043          0.0000000000000000E+000         -7.8088780751934435E+025         -4.9989391258674693E+043          1.1370910169868700E+043          0.0000000000000000E+000          0.0000000000000000E+000                                1                                2          1.7497402132136926E-007          5.9977479402473474E-008          2.9999999999999999E-001          5.9999999999999998E-001          1.0000000000000000E+000          5.2447915767947295E-001          1.4317350231035144E+053         -1.3128945056208434E+020 
                            6060          1.0135469165066040E+005          1.2169629329175161E+003          6.8699425090487568E+002          2.1866036821989031E+001          6.6943366043232064E+000          1.9411180280865537E+002          3.3222337064561481E+002          4.9130537190873713E-001         -1.0000000000000000E+000          6.8854907518487829E-001          2.2490412899190000E+000         -1.6342077329038918E+000         -1.6340770634996475E+000         -1.7310687402779590E+000         -9.8999999999999986E+001         -9.8999999999999986E+001         -5.3106547568066098E+000         -9.8999999999999986E+001          8.0000000000000004E-001          7.9984958391837468E-001          1.4308232575098321E+053         -3.8614595008672534E+043          0.0000000000000000E+000         -7.7137985770110380E+025         -4.9939040620216451E+043          1.1324445611543919E+043          0.0000000000000000E+000          0.0000000000000000E+000                                1                                2          1.7385391409401565E-007          5.9756998507825041E-008          2.9999999999999999E-001          5.9999999999999998E-001          1.0000000000000000E+000          5.2513971279295657E-001          1.4308232575098321E+053         -1.3205972883365300E+020 
                            6070          1.0135476059203387E+005          1.2211042332859192E+003          6.8852692858107196E+002          2.1855289343611389E+001          6.6717251494997871E+000          1.9439545333435706E+002          3.3314039490833960E+002          4.9324092136533820E-001         -1.0000000000000000E+000          6.8695101432690076E-001          2.2503194970685190E+000         -1.6357809349229391E+000         -1.6356490847973431E+000         -1.7326414994428578E+000         -9.8999999999999986E+001         -9.8999999999999986E+001         -5.3083207316543319E+000         -9.8999999999999986E+001          8.0000000000000004E-001          7.9984822497346797E-001          1.4299839853004190E+053         -3.8523028759770704E+043          0.0000000000000000E+000         -7.6259442203791426E+025         -4.9811979079912398E+043          1.1288950320141697E+043          0.0000000000000000E+000          0.0000000000000000E+000                                1                                2          1.7274209601820523E-007          5.9554336299973065E-008          2.9999999999999999E-001          5.9999999999999998E-001          1.0000000000000000E+000          5.2575931179009494E-001          1.4299839853004190E+053         -1.3277136687704123E+020 
                            6080          1.0135483733595777E+005          1.2257306168396042E+003          6.9023714290396742E+002          2.1843253845540005E+001          6.6466786854435798E+000          1.9471210832487043E+002          3.3416354140507980E+002          4.9555870340223024E-001         -1.0000000000000000E+000          6.8518019363707638E-001          2.2517358831152965E+000         -1.6404568928502088E+000         -1.6403227125378308E+000         -1.7373165833828075E+000         -9.8999999999999986E+001         -9.8999999999999986E+001         -5.3053872736543219E+000         -9.8999999999999986E+001          8.0000000000000004E-001          7.9984554306833078E-001          1.4290531208844296E+053         -3.8083835990426368E+043          0.0000000000000000E+000         -7.5315199334937200E+025         -4.9336083139340744E+043          1.1252247148914377E+043          0.0000000000000000E+000          0.0000000000000000E+000                                1                                2          1.7146634795698547E-007          5.9329555097461202E-008          2.9999999999999999E-001          5.9999999999999998E-001          1.0000000000000000E+000          5.2643201845731691E-001          1.4290531208844296E+053         -1.3367121153790371E+020 
                            6090          1.0135491207972328E+005          1.2302310569529222E+003          6.9189881696523673E+002          2.1831504644618089E+001          6.6225414526772930E+000          1.9502006570786432E+002          3.3515738066756137E+002          4.9819651591979275E-001         -1.0000000000000000E+000          6.8347348893206405E-001          2.2531009816573482E+000         -1.6375367463714212E+000         -1.6374025728798398E+000         -1.7343964394623126E+000         -9.8999999999999986E+001         -9.8999999999999986E+001         -5.3024892076668957E+000         -9.8999999999999986E+001          8.0000000000000004E-001          7.9984555091863718E-001          1.4281566416620207E+053         -3.8521515525769565E+043          0.0000000000000000E+000         -7.4385029760285970E+025         -4.9726824360000463E+043          1.1205308834230898E+043          0.0000000000000000E+000          0.0000000000000000E+000                                1                                2          1.7007897205379848E-007          5.9112515291680913E-008          2.9999999999999999E-001          5.9999999999999998E-001          1.0000000000000000E+000          5.2710694318937135E-001          1.4281566416620207E+053         -1.3456618814057261E+020 
                            6100          1.0135498037085355E+005          1.2344051106896816E+003          6.9343816599564923E+002          2.1820613894646474E+001          6.6003078704438973E+000          1.9530514805461527E+002          3.3607836317406156E+002          5.0057138423770908E-001         -1.0000000000000000E+000          6.8189964305286943E-001          2.2543598144238106E+000         -1.6375367463714212E+000         -1.6374017077682153E+000         -1.7343961149826068E+000         -9.8999999999999986E+001         -9.8999999999999986E+001         -5.2996975594985196E+000         -9.8999999999999986E+001          8.0000000000000004E-001          7.9984455523072528E-001          1.4273256899539274E+053         -3.8596711143964129E+043          0.0000000000000000E+000         -7.3546988971299193E+025         -4.9779633677731417E+043          1.1182922533767287E+043          0.0000000000000000E+000          0.0000000000000000E+000                                1                                2          1.6886291942367539E-007          5.8912630494375902E-008          2.9999999999999999E-001          5.9999999999999998E-001          1.0000000000000000E+000          5.2772156914879031E-001          1.4273256899539274E+053         -1.3543396665686560E+020 
                            6110          1.0135505580810415E+005          1.2390151453993058E+003          6.9513636149298520E+002          2.1808547830325598E+001          6.5759699514668570E+000          1.9561991980856374E+002          3.3709413363807806E+002          5.0360683472313428E-001         -1.0000000000000000E+000          6.8017664597665362E-001          2.2557379407646847E+000         -1.6453784171419468E+000         -1.6452399012799539E+000         -1.7422364815244056E+000         -9.8999999999999986E+001         -9.8999999999999986E+001         -5.2964959196487671E+000         -9.8999999999999986E+001          8.0000000000000004E-001          7.9984055314922031E-001          1.4264166003648299E+053         -3.7784694058565087E+043          0.0000000000000000E+000         -7.2636679682164728E+025         -4.8946464205566952E+043          1.1161770147001868E+043          0.0000000000000000E+000          0.0000000000000000E+000                                1                                2          1.6745011995139007E-007          5.8693432793344730E-008          2.9999999999999999E-001          5.9999999999999998E-001          1.0000000000000000E+000          5.2839818306063713E-001          1.4264166003648299E+053         -1.3643608166733147E+020 
                            6120          1.0135513157311473E+005          1.2436846800538997E+003          6.9685436802465597E+002          2.1796310011159921E+001          6.5515233548272356E+000          1.9593839578201263E+002          3.3812179145124014E+002          5.0665875339633293E-001         -1.0000000000000000E+000          6.7844486655772729E-001          2.2571230897126520E+000         -1.6389423640614174E+000         -1.6388048266494055E+000         -1.7358007954355055E+000         -9.8999999999999986E+001         -9.8999999999999986E+001         -5.2931390166948420E+000         -9.8999999999999986E+001          8.0000000000000004E-001          7.9984167927343131E-001          1.4255008393848971E+053         -3.8597980802580958E+043          0.0000000000000000E+000         -7.1729551650691763E+025         -4.9735445082622958E+043          1.1137464280042003E+043          0.0000000000000000E+000          0.0000000000000000E+000                                1                                2          1.6596554887043127E-007          5.8473062612043049E-008          2.9999999999999999E-001          5.9999999999999998E-001          1.0000000000000000E+000          5.2908185592496604E-001          1.4255008393848971E+053         -1.3749475810133031E+020 
                            6130          1.0135519939523873E+005          1.2479277251281919E+003          6.9841359780098321E+002          2.1785195061625213E+001          6.5294669594381265E+000          1.9622726052971692E+002          3.3905474896912222E+002          5.0945277536789613E-001         -1.0000000000000000E+000          6.7688075467801068E-001          2.2583741315676207E+000         -1.6364365197681465E+000         -1.6362987638548829E+000         -1.7332948691880334E+000         -9.8999999999999986E+001         -9.8999999999999986E+001         -5.2899436609752453E+000         -9.8999999999999986E+001          8.0000000000000004E-001          7.9984142779428569E-001          1.4246698029584003E+053         -3.8954164587243825E+043          0.0000000000000000E+000         -7.0917480425882951E+025         -5.0076560764284454E+043          1.1122396177040630E+043          0.0000000000000000E+000          0.0000000000000000E+000                                1                                2          1.6467185407360413E-007          5.8274249944210602E-008          2.9999999999999999E-001          5.9999999999999998E-001          1.0000000000000000E+000          5.2970181501331526E-001          1.4246698029584003E+053         -1.3851011728207346E+020 
                            6140          1.0135527434117990E+005          1.2526061948961003E+003          7.0013087929450342E+002          2.1772896498449192E+001          6.5053715397341163E+000          1.9654575995042848E+002          3.4008192969778662E+002          5.1303231126521398E-001         -1.0000000000000000E+000          6.7517214086592037E-001          2.2597407468460857E+000         -1.6449577798627604E+000         -1.6448161736995621E+000         -1.7418146851486729E+000         -9.8999999999999986E+001         -9.8999999999999986E+001         -5.2864910903551419E+000         -9.8999999999999986E+001          8.0000000000000004E-001          7.9983699645570339E-001          1.4237635439457485E+053         -3.8042884539302318E+043          0.0000000000000000E+000         -7.0036995778310923E+025         -4.9161754412155990E+043          1.1118869872853670E+043          0.0000000000000000E+000          0.0000000000000000E+000                                1                                2          1.6314830574848375E-007          5.8056596289197223E-008          2.9999999999999999E-001          5.9999999999999998E-001          1.0000000000000000E+000          5.3038317325171835E-001          1.4237635439457485E+053         -1.3961563876201251E+020 
                            6150          1.0135534429605730E+005          1.2569820456287557E+003          7.0173520792203260E+002          2.1761366656225103E+001          6.4830312783537138E+000          1.9684350027473226E+002          3.4104139092740269E+002          5.1633523691752581E-001         -1.0000000000000000E+000          6.7358758603207791E-001          2.2610081311296533E+000         -1.6454000132543833E+000         -1.6452570738358303E+000         -1.7422564184671661E+000         -9.8999999999999986E+001         -9.8999999999999986E+001         -5.2828628017196326E+000         -9.8999999999999986E+001          8.0000000000000004E-001          7.9983546199151645E-001          1.4229230729985492E+053         -3.8051008520581337E+043          0.0000000000000000E+000         -6.9239552065842681E+025         -4.9164446221744378E+043          1.1113437701163041E+043          0.0000000000000000E+000          0.0000000000000000E+000                                1                                2          1.6172711959413023E-007          5.7854487595368993E-008          2.9999999999999999E-001          5.9999999999999998E-001          1.0000000000000000E+000          5.3100724404298238E-001          1.4229230729985492E+053         -1.4078693565745812E+020 
                            6160          1.0135542206443094E+005          1.2619308335488536E+003          7.0354735695684246E+002          2.1748332890218297E+001          6.4579536327632363E+000          1.9717962433028538E+002          3.4212543321643079E+002          5.2020372200578513E-001         -1.0000000000000000E+000          6.7180702503669254E-001          2.2624322888229793E+000         -1.6432908495120764E+000         -1.6431473022116554E+000         -1.7401470267221650E+000         -9.8999999999999986E+001         -9.8999999999999986E+001         -5.2789103156895667E+000         -9.8999999999999986E+001          8.0000000000000004E-001          7.9983476237244577E-001          1.4219743494974776E+053         -3.8346541074944342E+043          0.0000000000000000E+000         -6.8352101740636161E+025         -4.9463367285485831E+043          1.1116826210541488E+043          0.0000000000000000E+000          0.0000000000000000E+000                                1                                2          1.6016795210487948E-007          5.7627605438499714E-008          2.9999999999999999E-001          5.9999999999999998E-001          1.0000000000000000E+000          5.3171086527161182E-001          1.4219743494974776E+053         -1.4207407667532118E+020 
                            6170          1.0135549293317410E+005          1.2664256542117164E+003          7.0519130947063877E+002          2.1736454066457647E+001          6.4353968377444408E+000          1.9748490790705688E+002          3.4310850706571352E+002          5.2385717077954719E-001         -1.0000000000000000E+000          6.7020557319506713E-001          2.2637131825959678E+000         -1.6463341314572804E+000         -1.6461882330574957E+000         -1.7431894268214736E+000         -9.8999999999999986E+001         -9.8999999999999986E+001         -5.2748969229289289E+000         -9.8999999999999986E+001          8.0000000000000004E-001          7.9983205647112843E-001          1.4211227699722712E+053         -3.8077845381651458E+043          0.0000000000000000E+000         -6.7518316590198917E+025         -4.9175440676517893E+043          1.1097595294866434E+043          0.0000000000000000E+000          0.0000000000000000E+000                                1                                2          1.5859482589475603E-007          5.7423072506925853E-008          2.9999999999999999E-001          5.9999999999999998E-001          1.0000000000000000E+000          5.3238633403148183E-001          1.4211227699722712E+053         -1.4339309380522313E+020 
                            6180          1.0135556665071202E+005          1.2711549845172108E+003          7.0691896205185583E+002          2.1723949125425097E+001          6.4118500578598185E+000          1.9780571005634519E+002          3.4414173321875609E+002          5.2788179562212345E-001         -1.0000000000000000E+000          6.6853263688094955E-001          2.2650512506113816E+000         -1.6383486564024212E+000         -1.6382040425807658E+000         -1.7352044335841152E+000         -9.8999999999999986E+001         -9.8999999999999986E+001         -5.2707528155655279E+000         -9.8999999999999986E+001          8.0000000000000004E-001          7.9983353490178877E-001          1.4202308291357799E+053         -3.9050661640133700E+043          0.0000000000000000E+000         -6.6684490348767035E+025         -5.0146146552035774E+043          1.1095484911902073E+043          0.0000000000000000E+000          0.0000000000000000E+000                                1                                2          1.5699967093635851E-007          5.7209430047627509E-008          2.9999999999999999E-001          5.9999999999999998E-001          1.0000000000000000E+000          5.3306781066195363E-001          1.4202308291357799E+053         -1.4476792261234524E+020 
                            6190          1.0135563718496273E+005          1.2757158049588763E+003          7.0858306922154827E+002          2.1711876805974498E+001          6.3893295625605422E+000          1.9811477313614932E+002          3.4513695280707276E+002          5.3173946560057206E-001         -1.0000000000000000E+000          6.6693175234568425E-001          2.2663316867817271E+000         -1.6479389272244125E+000         -1.6477897177144891E+000         -1.7447929806586282E+000         -9.8999999999999986E+001         -9.8999999999999986E+001         -5.2667540876815346E+000         -9.8999999999999986E+001          8.0000000000000004E-001          7.9982824570965250E-001          1.4193759605956359E+053         -3.8000131579420899E+043          0.0000000000000000E+000         -6.5895340447841740E+025         -4.9106567308489666E+043          1.1106435729068768E+043          0.0000000000000000E+000          0.0000000000000000E+000                                1                                2          1.5552347649583669E-007          5.7004900216607918E-008          2.9999999999999999E-001          5.9999999999999998E-001          1.0000000000000000E+000          5.3372121234284986E-001          1.4193759605956359E+053         -1.4610701573702359E+020 
                            6200          1.0135570652502251E+005          1.2801984360958584E+003          7.1021678848222916E+002          2.1699981501978765E+001          6.3673918128537093E+000          1.9841846056373612E+002          3.4611374658835285E+002          5.3560010379517919E-001         -1.0000000000000000E+000          6.6537219644649537E-001          2.2675790620695166E+000         -1.6484330560357314E+000         -1.6482821982706906E+000         -1.7452864912408157E+000         -9.8999999999999986E+001         -9.8999999999999986E+001         -5.2624762269054681E+000         -9.8999999999999986E+001          8.0000000000000004E-001          7.9982634874127079E-001          1.4185441621423732E+053         -3.7998665153993341E+043          0.0000000000000000E+000         -6.5125862120415029E+025         -4.9105231408186514E+043          1.1106566254193173E+043          0.0000000000000000E+000          0.0000000000000000E+000                                1                                2          1.5402036930383213E-007          5.6805296832111681E-008          2.9999999999999999E-001          5.9999999999999998E-001          1.0000000000000000E+000          5.3436774155965339E-001          1.4185441621423732E+053         -1.4755330143428444E+020 
                            6210          1.0135577455891765E+005          1.2846663738586108E+003          7.1184326184906286E+002          2.1688131646802930E+001          6.3456799999114732E+000          1.9872065857849111E+002          3.4708643977069545E+002          5.3953294107514882E-001         -1.0000000000000000E+000          6.6382723536811961E-001          2.2688147639965863E+000         -1.6434218384114880E+000         -1.6432712969152488E+000         -1.7402753922430956E+000         -9.8999999999999986E+001         -9.8999999999999986E+001         -5.2583766085818002E+000         -9.8999999999999986E+001          8.0000000000000004E-001          7.9982671273285810E-001          1.4177168447452586E+053         -3.8608118686473346E+043          0.0000000000000000E+000         -6.4376782477984159E+025         -4.9729000499847812E+043          1.1120881813374464E+043          0.0000000000000000E+000          0.0000000000000000E+000                                1                                2          1.5257752759160017E-007          5.6607733841435572E-008          2.9999999999999999E-001          5.9999999999999998E-001          1.0000000000000000E+000          5.3500434693784871E-001          1.4177168447452586E+053         -1.4895275813849943E+020 
                            6220          1.0135584475612573E+005          1.2892706915148963E+003          7.1351749004922704E+002          2.1675887597848334E+001          6.3235070749073836E+000          1.9903204163959177E+002          3.4808738802867543E+002          5.4352634750713735E-001         -1.0000000000000000E+000          6.6224950694638740E-001          2.2700766685724982E+000         -1.6500335208424179E+000         -1.6498790779562706E+000         -1.7468856113317299E+000         -9.8999999999999986E+001         -9.8999999999999986E+001         -5.2538746595031034E+000         -9.8999999999999986E+001          8.0000000000000004E-001          7.9982222266859226E-001          1.4168734775657438E+053         -3.7908093399187224E+043          0.0000000000000000E+000         -6.3611417843498031E+025         -4.9033534442079002E+043          1.1125441042891777E+043          0.0000000000000000E+000          0.0000000000000000E+000                                1                                2          1.5107588282384401E-007          5.6405573046093060E-008          2.9999999999999999E-001          5.9999999999999998E-001          1.0000000000000000E+000          5.3566427377969272E-001          1.4168734775657438E+053         -1.5050485112172072E+020 
                            6230          1.0135591369397259E+005          1.2938074699501728E+003          7.1516526860455781E+002          2.1663803220222029E+001          6.3018449851278016E+000          1.9933868227432748E+002          3.4907237790089357E+002          5.4760233649269974E-001         -1.0000000000000000E+000          6.6070773422509765E-001          2.2713098107158518E+000         -1.6510097094617415E+000         -1.6508533082583643E+000         -1.7478610654178286E+000         -9.8999999999999986E+001         -9.8999999999999986E+001         -5.2493776875278799E+000         -9.8999999999999986E+001          8.0000000000000004E-001          7.9981996887927531E-001          1.4160494567480745E+053         -3.7838939956558508E+043          0.0000000000000000E+000         -6.2875035128089717E+025         -4.8977360718589729E+043          1.1138420762031222E+043          0.0000000000000000E+000          0.0000000000000000E+000                                1                                2          1.4963531219909078E-007          5.6207785049526007E-008          2.9999999999999999E-001          5.9999999999999998E-001          1.0000000000000000E+000          5.3630700891758198E-001          1.4160494567480745E+053         -1.5207137418947995E+020 
                            6240          1.0135598252819639E+005          1.2983633920135853E+003          7.1681810986567416E+002          2.1651654128624688E+001          6.2802688812272622E+000          1.9964637786268523E+002          3.5006032375437229E+002          5.5166175051327759E-001         -1.0000000000000000E+000          6.5917148561704697E-001          2.2725385310641353E+000         -1.6520795570593603E+000         -1.6519210874903987E+000         -1.7489301372026107E+000         -9.8999999999999986E+001         -9.8999999999999986E+001         -5.2447407145092315E+000         -9.8999999999999986E+001          8.0000000000000004E-001          7.9981758844847706E-001          1.4152278811739799E+053         -3.7770233286944061E+043          0.0000000000000000E+000         -6.2141930914769379E+025         -4.8911234225503262E+043          1.1141000938559202E+043          0.0000000000000000E+000          0.0000000000000000E+000                                1                                2          1.4818661651140145E-007          5.6010553450408331E-008          2.9999999999999999E-001          5.9999999999999998E-001          1.0000000000000000E+000          5.3695593118932505E-001          1.4152278811739799E+053         -1.5370374295951285E+020 
                            6250          1.0135605227096638E+005          1.3030047102504993E+003          7.1849999381282782E+002          2.1639263459628776E+001          6.2584694663105820E+000          1.9995960102624261E+002          3.5106555038274774E+002          5.5572146061893857E-001         -1.0000000000000000E+000          6.5761875126357994E-001          2.2737804332492200E+000         -1.6530887818234030E+000         -1.6529281802637725E+000         -1.7499385622865880E+000         -9.8999999999999986E+001         -9.8999999999999986E+001         -5.2399449913805363E+000         -9.8999999999999986E+001          8.0000000000000004E-001          7.9981513480500799E-001          1.4143970604994192E+053         -3.7719936446434119E+043          0.0000000000000000E+000         -6.1409658380745774E+025         -4.8852583054582535E+043          1.1132646608148417E+043          0.0000000000000000E+000          0.0000000000000000E+000                                1                                2          1.4675404732791449E-007          5.5811043194502170E-008          2.9999999999999999E-001          5.9999999999999998E-001          1.0000000000000000E+000          5.3761236117143885E-001          1.4143970604994192E+053         -1.5541043161740014E+020 
                            6260          1.0135612084085193E+005          1.3075912541661462E+003          7.2016011665836550E+002          2.1627005762819387E+001          6.2371050144772839E+000          2.0026889370075037E+002          3.5205768934268565E+002          5.5973969252416256E-001         -1.0000000000000000E+000          6.5609643760621728E-001          2.2749980005369705E+000         -1.6545556203388052E+000         -1.6543926645170095E+000         -1.7514045177481252E+000         -9.8999999999999986E+001         -9.8999999999999986E+001         -5.2350905303873976E+000         -9.8999999999999986E+001          8.0000000000000004E-001          7.9981242537000208E-001          1.4135821592183731E+053         -3.7592282529637621E+043          0.0000000000000000E+000         -6.0691788698642913E+025         -4.8742355631529629E+043          1.1150073101892010E+043          0.0000000000000000E+000          0.0000000000000000E+000                                1                                2          1.4539321622971481E-007          5.5615278807294722E-008          2.9999999999999999E-001          5.9999999999999998E-001          1.0000000000000000E+000          5.3826515186055846E-001          1.4135821592183731E+053         -1.5715732485045866E+020 
                            6270          1.0135619095268687E+005          1.3122886850397383E+003          7.2185842946160881E+002          2.1614430731495599E+001          6.2154136143678000E+000          2.0058552277700431E+002          3.5307245380613045E+002          5.6381810597789694E-001         -1.0000000000000000E+000          6.5455058248165376E-001          2.2762343913211707E+000         -1.6585586680085989E+000         -1.6583922907181690E+000         -1.7554062820631167E+000         -9.8999999999999986E+001         -9.8999999999999986E+001         -5.2300677007631879E+000         -9.8999999999999986E+001          8.0000000000000004E-001          7.9980848775193114E-001          1.4127553528882773E+053         -3.7185875557933097E+043          0.0000000000000000E+000         -5.9973751361945633E+025         -4.8349989531619838E+043          1.1164113973686744E+043          0.0000000000000000E+000          0.0000000000000000E+000                                1                                2          1.4403224058425079E-007          5.5416199953159120E-008          2.9999999999999999E-001          5.9999999999999998E-001          1.0000000000000000E+000          5.3892619120110086E-001          1.4127553528882773E+053         -1.5898547809940111E+020 
                            6280          1.0135626007208074E+005          1.3169737687227341E+003          7.2355028050246676E+002          2.1601892107832906E+001          6.1939426131347135E+000          2.0090088648276483E+002          3.5408349344092881E+002          5.6754821732392624E-001         -1.0000000000000000E+000          6.5301924953638602E-001          2.2774591651703795E+000         -1.6567977129853608E+000         -1.6566300818256983E+000         -1.7536448567259038E+000         -9.8999999999999986E+001         -9.8999999999999986E+001         -5.2250454165480011E+000         -9.8999999999999986E+001          8.0000000000000004E-001          7.9980704473663500E-001          1.4119340315471147E+053         -3.7441223092609936E+043          0.0000000000000000E+000         -5.9267118316003600E+025         -4.8600972949637350E+043          1.1159749857027417E+043          0.0000000000000000E+000          0.0000000000000000E+000                                1                                2          1.4276392095790754E-007          5.5219058946754743E-008          2.9999999999999999E-001          5.9999999999999998E-001          1.0000000000000000E+000          5.3958545943275260E-001          1.4119340315471147E+053         -1.6083469559681401E+020 
                            6290          1.0135632948717538E+005          1.3216766179012748E+003          7.2524659970659366E+002          2.1589283692573044E+001          6.1725803917671671E+000          2.0121733540158169E+002          3.5509696775666850E+002          5.7131276905098616E-001         -1.0000000000000000E+000          6.5149554338182469E-001          2.2786778329006805E+000         -1.6597386750192382E+000         -1.6595679738223674E+000         -1.7565846672155394E+000         -9.8999999999999986E+001         -9.8999999999999986E+001         -5.2201030267317501E+000         -9.8999999999999986E+001          8.0000000000000004E-001          7.9980351160217256E-001          1.4111178886974179E+053         -3.7158099157190649E+043          0.0000000000000000E+000         -5.8567947741288047E+025         -4.8327674172466643E+043          1.1169575015275996E+043          0.0000000000000000E+000          0.0000000000000000E+000                                1                                2          1.4155568162381767E-007          5.5022576007970586E-008          2.9999999999999999E-001          5.9999999999999998E-001          1.0000000000000000E+000          5.4024677571510982E-001          1.4111178886974179E+053         -1.6267549288009197E+020 
                            6300          1.0135639906415749E+005          1.3264066399648043E+003          7.2695074368719656E+002          2.1576590058211089E+001          6.1512747011036302E+000          2.0153538684432471E+002          3.5611501132747088E+002          5.7477315285864961E-001         -1.0000000000000000E+000          6.4997537560245833E-001          2.2798936657453881E+000         -1.6618671804042446E+000         -1.6616935908768160E+000         -1.7587120892082433E+000         -9.8999999999999986E+001         -9.8999999999999986E+001         -5.2149431331794505E+000         -9.8999999999999986E+001          8.0000000000000004E-001          7.9980018760655425E-001          1.4103035946961310E+053         -3.6991931967888424E+043          0.0000000000000000E+000         -5.7876894222627503E+025         -4.8145887576423252E+043          1.1153955608534830E+043          0.0000000000000000E+000          0.0000000000000000E+000                                1                                2          1.4041139164473010E-007          5.4826363179514873E-008          2.9999999999999999E-001          5.9999999999999998E-001          1.0000000000000000E+000          5.4090905260819888E-001          1.4103035946961310E+053         -1.6461978297377417E+020 
                            6310          1.0135646880620527E+005          1.3311558787636613E+003          7.2865983118119379E+002          2.1563830446301889E+001          6.1300647029742787E+000          2.0185453664413834E+002          3.5713586313162000E+002          5.7797423096684053E-001         -1.0000000000000000E+000          6.4846165492383179E-001          2.2811043366183705E+000         -1.6670419428178702E+000         -1.6668641812326617E+000         -1.7638852867046433E+000         -9.8999999999999986E+001         -9.8999999999999986E+001         -5.2098014157968464E+000         -9.8999999999999986E+001          8.0000000000000004E-001          7.9979538629009173E-001          1.4094930904699405E+053         -3.6480999657103888E+043          0.0000000000000000E+000         -5.7193733874786020E+025         -4.7629823456704249E+043          1.1148823799600361E+043          0.0000000000000000E+000          0.0000000000000000E+000                                1                                2          1.3934603860218975E-007          5.4630756116986476E-008          2.9999999999999999E-001          5.9999999999999998E-001          1.0000000000000000E+000          5.4157262375359194E-001          1.4094930904699405E+053         -1.6658033923837916E+020 
                            6320          1.0135653928969958E+005          1.3359462942489915E+003          7.3038175075731681E+002          2.1550938849052834E+001          6.1088616294585201E+000          2.0217635191561348E+002          3.5816412371657935E+002          5.8108326493517293E-001         -1.0000000000000000E+000          6.4694835651244287E-001          2.2823146627615976E+000         -1.6667125055140892E+000         -1.6665327609498053E+000         -1.7635551055924064E+000         -9.8999999999999986E+001         -9.8999999999999986E+001         -5.2046531358112098E+000         -9.8999999999999986E+001          8.0000000000000004E-001          7.9979310424053396E-001          1.4086841745375848E+053         -3.6574123933268359E+043          0.0000000000000000E+000         -5.6515852948406341E+025         -4.7720142787987798E+043          1.1146018854719438E+043          0.0000000000000000E+000          0.0000000000000000E+000                                1                                2          1.3835169563771705E-007          5.4434861999681985E-008          2.9999999999999999E-001          5.9999999999999998E-001          1.0000000000000000E+000          5.4224007844872357E-001          1.4086841745375848E+053         -1.6856679213532171E+020 
                            6330          1.0135660949912026E+005          1.3407544840360372E+003          7.3210801657795116E+002          2.1538002610597690E+001          6.0877446037080336E+000          2.0249895817249819E+002          3.5919506869056994E+002          5.8367166583431807E-001         -1.0000000000000000E+000          6.4544016814720551E-001          2.2835208983753610E+000         -1.6695454418316764E+000         -1.6693623842562288E+000         -1.7663867992064581E+000         -9.8999999999999986E+001         -9.8999999999999986E+001         -5.1995524751741966E+000         -9.8999999999999986E+001          8.0000000000000004E-001          7.9978929158831946E-001          1.4078762770466940E+053         -3.6336231948147811E+043          0.0000000000000000E+000         -5.5845879562573271E+025         -4.7464028981640690E+043          1.1127797033492882E+043          0.0000000000000000E+000          0.0000000000000000E+000                                1                                2          1.3749561951026413E-007          5.4239648669693168E-008          2.9999999999999999E-001          5.9999999999999998E-001          1.0000000000000000E+000          5.4290847647217522E-001          1.4078762770466940E+053         -1.7055823094614770E+020 
                            6340          1.0135668065842922E+005          1.3456339915627445E+003          7.3385783236538055E+002          2.1524864151446824E+001          6.0664962376827498E+000          2.0282611694663296E+002          3.6023996254866307E+002          5.8600884655751118E-001         -1.0000000000000000E+000          6.4392212788648018E-001          2.2847350074614661E+000         -1.6728278501465326E+000         -1.6726412545742635E+000         -1.7696678804195900E+000         -9.8999999999999986E+001         -9.8999999999999986E+001         -5.1945194861581445E+000         -9.8999999999999986E+001          8.0000000000000004E-001          7.9978522005207819E-001          1.4070632371507936E+053         -3.6050890840881095E+043          0.0000000000000000E+000         -5.5179982268354374E+025         -4.7160781936489929E+043          1.1109891095608834E+043          0.0000000000000000E+000          0.0000000000000000E+000                                1                                2          1.3676099295352311E-007          5.4042966083202947E-008          2.9999999999999999E-001          5.9999999999999998E-001          1.0000000000000000E+000          5.4358135659271911E-001          1.4070632371507936E+053         -1.7254630830273282E+020 
                            6350          1.0135675207897644E+005          1.3505255286643994E+003          7.3560989996325463E+002          2.1511680519254956E+001          6.0453804240962432E+000          2.0315388703602318E+002          3.6128603939803969E+002          5.8771525529987556E-001         -1.0000000000000000E+000          6.4241321592864231E-001          2.2859418089424932E+000         -1.6795033881825798E+000         -1.6793116853016303E+000         -1.7763415026935103E+000         -9.8999999999999986E+001         -9.8999999999999986E+001         -5.1894651649106738E+000         -9.8999999999999986E+001          8.0000000000000004E-001          7.9977934260603623E-001          1.4062556659531139E+053         -3.5423363530160889E+043          0.0000000000000000E+000         -5.4517627048466664E+025         -4.6495572516657885E+043          1.1072208986496996E+043          0.0000000000000000E+000          0.0000000000000000E+000                                1                                2          1.3613759346885775E-007          5.3847225115654634E-008          2.9999999999999999E-001          5.9999999999999998E-001          1.0000000000000000E+000          5.4426062830769872E-001          1.4062556659531139E+053         -1.7456613363078218E+020 
                            6360          1.0135682428386802E+005          1.3554455199012602E+003          7.3737009899691702E+002          2.1498401692055367E+001          6.0243331052155389E+000          2.0348344902060600E+002          3.6233671364217560E+002          5.8911805688049534E-001         -1.0000000000000000E+000          6.4090912474889361E-001          2.2871447463664731E+000         -1.6794931344322461E+000         -1.6792992370766906E+000         -1.7763304257868557E+000         -9.8999999999999986E+001         -9.8999999999999986E+001         -5.1845105673851144E+000         -9.8999999999999986E+001          8.0000000000000004E-001          7.9977681724513316E-001          1.4054521505838890E+053         -3.5527704664504220E+043          0.0000000000000000E+000         -5.3864234762372274E+025         -4.6550295871763695E+043          1.1022591207259473E+043          0.0000000000000000E+000          0.0000000000000000E+000                                1                                2          1.3563271290440751E-007          5.3651770653038092E-008          2.9999999999999999E-001          5.9999999999999998E-001          1.0000000000000000E+000          5.4493975318107191E-001          1.4054521505838890E+053         -1.7656905415617282E+020 
                            6370          1.0135689676153254E+005          1.3604015793859000E+003          7.3914108146655576E+002          2.1485028576072430E+001          6.0033005937525221E+000          2.0381504224433087E+002          3.6339387452533083E+002          5.8988797686338312E-001         -1.0000000000000000E+000          6.3940516901686584E-001          2.2883475703868945E+000         -1.6878121399350476E+000         -1.6876123259170779E+000         -1.7846472119126493E+000         -9.8999999999999986E+001         -9.8999999999999986E+001         -5.1797725474566656E+000         -9.8999999999999986E+001          8.0000000000000004E-001          7.9977000852273217E-001          1.4046474439621249E+053         -3.4741821393226189E+043          0.0000000000000000E+000         -5.3219001177406478E+025         -4.5720366316849087E+043          1.0978544923622897E+043          0.0000000000000000E+000          0.0000000000000000E+000                                1                                2          1.3531832421634643E-007          5.3456312656780300E-008          2.9999999999999999E-001          5.9999999999999998E-001          1.0000000000000000E+000          5.4561899532207747E-001          1.4046474439621249E+053         -1.7850591458383764E+020 
                            6380          1.0135696972061259E+005          1.3653597466952069E+003          7.4091073647502947E+002          2.1471633686994984E+001          5.9824480589118165E+000          2.0414664559885367E+002          3.6444999928106034E+002          5.9011494422548416E-001         -1.0000000000000000E+000          6.3791397519239390E-001          2.2895401789142027E+000         -1.6890189587991424E+000         -1.6888164473911524E+000         -1.7858530189626376E+000         -9.8999999999999986E+001         -9.8999999999999986E+001         -5.1751544772783813E+000         -9.8999999999999986E+001          8.0000000000000004E-001          7.9976690447581633E-001          1.4038509746291523E+053         -3.4716729139474098E+043          0.0000000000000000E+000         -5.2579390140703317E+025         -4.5646421256291988E+043          1.0929692116817892E+043          0.0000000000000000E+000          0.0000000000000000E+000                                1                                2          1.3515234288481293E-007          5.3262191405928670E-008          2.9999999999999999E-001          5.9999999999999998E-001          1.0000000000000000E+000          5.4630238482414062E-001          1.4038509746291523E+053         -1.8041418496164161E+020 
                            6390          1.0135704485584884E+005          1.3704467227582982E+003          7.4272419470557088E+002          2.1457884128206285E+001          5.9612378850913004E+000          2.0448660953035306E+002          3.6553214982513975E+002          5.8975888411762434E-001         -1.0000000000000000E+000          6.3639672771360623E-001          2.2907536162917381E+000         -1.6978532480411579E+000         -1.6976444655076366E+000         -1.7946849558365607E+000         -9.8999999999999986E+001         -9.8999999999999986E+001         -5.1707409605474925E+000         -9.8999999999999986E+001          8.0000000000000004E-001          7.9975968799368924E-001          1.4030408600421340E+053         -3.3918526655405211E+043          0.0000000000000000E+000         -5.1941251806975566E+025         -4.4780210549302521E+043          1.0861683893897309E+043          0.0000000000000000E+000          0.0000000000000000E+000                                1                                2          1.3514408148612365E-007          5.3064486899616733E-008          2.9999999999999999E-001          5.9999999999999998E-001          1.0000000000000000E+000          5.4699243989016777E-001          1.4030408600421340E+053         -1.8225699162475705E+020 
                            6400          1.0135711993249481E+005          1.3755527989949685E+003          7.4454222101962296E+002          2.1444097206378466E+001          5.9401114180173007E+000          2.0482732691500647E+002          3.6661721515643336E+002          5.8858370953553163E-001         -1.0000000000000000E+000          6.3488415102421747E-001          2.2919633136943185E+000         -1.6976480364300932E+000         -1.6974373066687722E+000         -1.7944790137946340E+000         -9.8999999999999986E+001         -9.8999999999999986E+001         -5.1665030633151350E+000         -9.8999999999999986E+001          8.0000000000000004E-001          7.9975744724733733E-001          1.4022307836162351E+053         -3.4086666804330292E+043          0.0000000000000000E+000         -5.1303266331737074E+025         -4.4854440287896645E+043          1.0767773483566351E+043          0.0000000000000000E+000          0.0000000000000000E+000                                1                                2          1.3534868881203099E-007          5.2867510588880271E-008          2.9999999999999999E-001          5.9999999999999998E-001          1.0000000000000000E+000          5.4769287655338894E-001          1.4022307836162351E+053         -1.8404418266623885E+020 
                            6410          1.0135719578996237E+005          1.3806679050724522E+003          7.4636127294153698E+002          2.1430275179396727E+001          5.9191370062858031E+000          2.0516845632669350E+002          3.6770269672504031E+002          5.8672994998192440E-001         -1.0000000000000000E+000          6.3338220127524913E-001          2.2931645022992804E+000         -1.7088042280466778E+000         -1.7085859878775111E+000         -1.8056323881388876E+000         -9.8999999999999986E+001         -9.8999999999999986E+001         -5.1624466850635908E+000         -9.8999999999999986E+001          8.0000000000000004E-001          7.9974880484004229E-001          1.4014274286551071E+053         -3.3103923352073315E+043          0.0000000000000000E+000         -5.0674739293406886E+025         -4.3769516151688931E+043          1.0665592799615617E+043          0.0000000000000000E+000          0.0000000000000000E+000                                1                                2          1.3576470969818565E-007          5.2671646743765089E-008          2.9999999999999999E-001          5.9999999999999998E-001          1.0000000000000000E+000          5.4839262419235524E-001          1.4014274286551071E+053         -1.8577123698342671E+020 
                            6420          1.0135727277801938E+005          1.3858210857737952E+003          7.4819164855014060E+002          2.1416345833048112E+001          5.8981897285864138E+000          2.0551185916615299E+002          3.6879482281479693E+002          5.8440512433200387E-001         -1.0000000000000000E+000          6.3188170963407764E-001          2.2943645155247281E+000         -1.7114137101816349E+000         -1.7111922831261484E+000         -1.8082406748133675E+000         -9.8999999999999986E+001         -9.8999999999999986E+001         -5.1587585783525176E+000         -9.8999999999999986E+001          8.0000000000000004E-001          7.9974513765831978E-001          1.4006251671571024E+053         -3.2991794769858117E+043          0.0000000000000000E+000         -5.0054138518314632E+025         -4.3558933713092135E+043          1.0567138943234015E+043          0.0000000000000000E+000          0.0000000000000000E+000                                1                                2          1.3634687570371293E-007          5.2475787035542820E-008          2.9999999999999999E-001          5.9999999999999998E-001          1.0000000000000000E+000          5.4909289224406899E-001          1.4006251671571024E+053         -1.8735555732519584E+020 
                            6430          1.0135735219556850E+005          1.3911239121053229E+003          7.5007283750649663E+002          2.1402022236764680E+001          5.8768085613716146E+000          2.0586476956324253E+002          3.6991736656709031E+002          5.8107051131477705E-001         -1.0000000000000000E+000          6.3034905142948328E-001          2.2955902467696951E+000         -1.7174198430977690E+000         -1.7171935124824229E+000         -1.8142449683020663E+000         -9.8999999999999986E+001         -9.8999999999999986E+001         -5.1552496399793455E+000         -9.8999999999999986E+001          8.0000000000000004E-001          7.9973949513587295E-001          1.3998041182541948E+053         -3.2581631807625937E+043          0.0000000000000000E+000         -4.9433073731802847E+025         -4.3012473889456020E+043          1.0430842081830083E+043          0.0000000000000000E+000          0.0000000000000000E+000                                1                                2          1.3715653351402479E-007          5.2275754541788477E-008          2.9999999999999999E-001          5.9999999999999998E-001          1.0000000000000000E+000          5.4980217803989828E-001          1.3998041182541948E+053         -1.8887545258193309E+020 
                            6440          1.0135743214497692E+005          1.3964289579419251E+003          7.5195246349939737E+002          2.1387697220635737E+001          5.8556000589994355E+000          2.0621744174321853E+002          3.7103898075750033E+002          5.7709911552031889E-001         -1.0000000000000000E+000          6.2882794258931118E-001          2.2968067327797659E+000         -1.7238589341039643E+000         -1.7236275542485615E+000         -1.8206821652195881E+000         -9.8999999999999986E+001         -9.8999999999999986E+001         -5.1521039649941818E+000         -9.8999999999999986E+001          8.0000000000000004E-001          7.9973368504591424E-001          1.3989885474977055E+053         -3.2113162130362710E+043          0.0000000000000000E+000         -4.8809747830512543E+025         -4.2431664472625341E+043          1.0318502342262631E+043          0.0000000000000000E+000          0.0000000000000000E+000                                1                                2          1.3822219379375801E-007          5.2077158492623272E-008          2.9999999999999999E-001          5.9999999999999998E-001          1.0000000000000000E+000          5.5052612228341402E-001          1.3989885474977055E+053         -1.9024847883839881E+020 
                            6450          1.0135751300638659E+005          1.4017395415084702E+003          7.5383171753963825E+002          2.1373358031606077E+001          5.8345537788148878E+000          2.0657015561453125E+002          3.7216030805444001E+002          5.7251474723914897E-001         -1.0000000000000000E+000          6.2731783402492880E-001          2.2980144111294574E+000         -1.7308156739411502E+000         -1.7305789323529444E+000         -1.8276368937296592E+000         -9.8999999999999986E+001         -9.8999999999999986E+001         -5.1491090122600456E+000         -9.8999999999999986E+001          8.0000000000000004E-001          7.9972751544886955E-001          1.3981788079590425E+053         -3.1635047902136305E+043          0.0000000000000000E+000         -4.8199911802288926E+025         -4.1808376619830370E+043          1.0173328717694064E+043          0.0000000000000000E+000          0.0000000000000000E+000                                1                                2          1.3948952207522288E-007          5.1879860710907229E-008          2.9999999999999999E-001          5.9999999999999998E-001          1.0000000000000000E+000          5.5124390323689931E-001          1.3981788079590425E+053         -1.9156499195809382E+020 
                            6460          1.0135759428640995E+005          1.4070664460896905E+003          7.5571437263434211E+002          2.1358995909132926E+001          5.8136046435068778E+000          2.0692336230506669E+002          3.7328390604413499E+002          5.6714269548240315E-001         -1.0000000000000000E+000          6.2581324414702821E-001          2.2992176698060609E+000         -1.7374912058698613E+000         -1.7372493433667449E+000         -1.8343105046538992E+000         -9.8999999999999986E+001         -9.8999999999999986E+001         -5.1464879970724366E+000         -9.8999999999999986E+001          8.0000000000000004E-001          7.9972162302540017E-001          1.3973692373861097E+053         -3.1209018082348391E+043          0.0000000000000000E+000         -4.7599857295621096E+025         -4.1220677564466328E+043          1.0011659482117936E+043          0.0000000000000000E+000          0.0000000000000000E+000                                1                                2          1.4097876819306797E-007          5.1683452738517563E-008          2.9999999999999999E-001          5.9999999999999998E-001          1.0000000000000000E+000          5.5195959923293836E-001          1.3973692373861097E+053         -1.9272460352473173E+020 
                            6470          1.0135767788861122E+005          1.4124542465319498E+003          7.5761620056557251E+002          2.1344463057611307E+001          5.7926093502063898E+000          2.0728038945782848E+002          3.7441874825961872E+002          5.6130356946781279E-001         -1.0000000000000000E+000          6.2430506244810702E-001          2.3004237877060620E+000         -1.7486991239736605E+000         -1.7484495899282204E+000         -1.8455155449120424E+000         -9.8999999999999986E+001         -9.8999999999999986E+001         -5.1441308148367328E+000         -9.8999999999999986E+001          8.0000000000000004E-001          7.9971279583122301E-001          1.3965589016578666E+053         -3.0374980669355783E+043          0.0000000000000000E+000         -4.7001982674984749E+025         -4.0220195478518716E+043          9.8452148091629339E+042          0.0000000000000000E+000          0.0000000000000000E+000                                1                                2          1.4270803342128753E-007          5.1486306437881081E-008          2.9999999999999999E-001          5.9999999999999998E-001          1.0000000000000000E+000          5.5268315434798077E-001          1.3965589016578666E+053         -1.9377348190395993E+020 
                            6480          1.0135776317128915E+005          1.4178870635651865E+003          7.5953150859338064E+002          2.1329817466401398E+001          5.7716173470344678E+000          2.0763998225761190E+002          3.7556166104710059E+002          5.5482177002646471E-001         -1.0000000000000000E+000          6.2279623490397296E-001          2.3016304114633224E+000         -1.7533138607767913E+000         -1.7530604409297430E+000         -1.8501288240121736E+000         -9.8999999999999986E+001         -9.8999999999999986E+001         -5.1420327915154171E+000         -9.8999999999999986E+001          8.0000000000000004E-001          7.9970832472652376E-001          1.3957473950405130E+053         -3.0193692663342256E+043          0.0000000000000000E+000         -4.6409972737861031E+025         -3.9843877781006586E+043          9.6501851176643286E+042          0.0000000000000000E+000          0.0000000000000000E+000                                1                                2          1.4463224515898412E-007          5.1289030018776987E-008          2.9999999999999999E-001          5.9999999999999998E-001          1.0000000000000000E+000          5.5340966261745694E-001          1.3957473950405130E+053         -1.9471184253193227E+020 
                            6490          1.0135784950424873E+005          1.4233672226064004E+003          7.6146102387172323E+002          2.1315074646870325E+001          5.7505993850601422E+000          2.0800199931698273E+002          3.7671341128494481E+002          5.4768845248819076E-001         -1.0000000000000000E+000          6.2128376980295341E-001          2.3028399378059707E+000         -1.7608993806846438E+000         -1.7606403785074469E+000         -1.8577122497743004E+000         -9.8999999999999986E+001         -9.8999999999999986E+001         -5.1401527296290475E+000         -9.8999999999999986E+001          8.0000000000000004E-001          7.9970190162184529E-001          1.3949301412744601E+053         -2.9728301372766673E+043          0.0000000000000000E+000         -4.5822331695297337E+025         -3.9202505991099931E+043          9.4742046183332559E+042          0.0000000000000000E+000          0.0000000000000000E+000                                1                                2          1.4684292196409692E-007          5.1091560218216437E-008          2.9999999999999999E-001          5.9999999999999998E-001          1.0000000000000000E+000          5.5414077039157017E-001          1.3949301412744601E+053         -1.9555657769098995E+020 
                            6500          1.0135793900046291E+005          1.4289567585135935E+003          7.6342654745758091E+002          2.1300043229513104E+001          5.7293502437993267E+000          2.0837086614240812E+002          3.7788661414745218E+002          5.4002700385823943E-001         -1.0000000000000000E+000          6.1975394510094950E-001          2.3040633336386200E+000         -1.7731811310124963E+000         -1.7729136744664833E+000         -1.8699908285127571E+000         -9.8999999999999986E+001         -9.8999999999999986E+001         -5.1384804354215285E+000         -9.8999999999999986E+001          8.0000000000000004E-001          7.9969217406777748E-001          1.3941033045411726E+053         -2.8879604344705471E+043          0.0000000000000000E+000         -4.5240032890055183E+025         -3.8157100192642889E+043          9.2774958479374202E+042          0.0000000000000000E+000          0.0000000000000000E+000                                1                                2          1.4927190599852713E-007          5.0891709446880786E-008          2.9999999999999999E-001          5.9999999999999998E-001          1.0000000000000000E+000          5.5487441827660622E-001          1.3941033045411726E+053         -1.9631103942581984E+020 
                            6510          1.0135802805081448E+005          1.4344346355960752E+003          7.6535035679532587E+002          2.1285323360961097E+001          5.7087022230446793E+000          2.0873192722364405E+002          3.7903495982461232E+002          5.3212145673597455E-001         -1.0000000000000000E+000          6.1826648294725806E-001          2.3052528400680483E+000         -1.7787304300350513E+000         -1.7784586087650580E+000         -1.8755384901286349E+000         -9.8999999999999986E+001         -9.8999999999999986E+001         -5.1369973463620546E+000         -9.8999999999999986E+001          8.0000000000000004E-001          7.9968715211252350E-001          1.3932984642611569E+053         -2.8636712196766908E+043          0.0000000000000000E+000         -4.4665250392247507E+025         -3.7719475764400408E+043          9.0827635676334982E+042          0.0000000000000000E+000          0.0000000000000000E+000                                1                                2          1.5193562430297789E-007          5.0697362125678841E-008          2.9999999999999999E-001          5.9999999999999998E-001          1.0000000000000000E+000          5.5561148932376603E-001          1.3932984642611569E+053         -1.9698257557816882E+020 
                            6520          1.0135811975534633E+005          1.4400434167217938E+003          7.6731759113906162E+002          2.1270286751628074E+001          5.6877150422113214E+000          2.0910085279653714E+002          3.8020963776895911E+002          5.2361789155505545E-001         -1.0000000000000000E+000          6.1675268921435078E-001          2.3064633964725947E+000         -1.7866187583072903E+000         -1.7863411608845505E+000         -1.8834246514872006E+000         -9.8999999999999986E+001         -9.8999999999999986E+001         -5.1357507937486755E+000         -9.8999999999999986E+001          8.0000000000000004E-001          7.9968050627601694E-001          1.3924751869973127E+053         -2.8225176252383443E+043          0.0000000000000000E+000         -4.4093193639674164E+025         -3.7087023091597679E+043          8.8618468392142340E+042          0.0000000000000000E+000          0.0000000000000000E+000                                1                                2          1.5487505314508684E-007          5.0499902518202876E-008          2.9999999999999999E-001          5.9999999999999998E-001          1.0000000000000000E+000          5.5635400871690299E-001          1.3924751869973127E+053         -1.9754878558334308E+020 
                            6530          1.0135821714865114E+005          1.4459090247612221E+003          7.6937220091048596E+002          2.1254580819593752E+001          5.6659519839957273E+000          2.0948610927392343E+002          3.8143663039243893E+002          5.1436248961269826E-001         -1.0000000000000000E+000          6.1518168944282470E-001          2.3077196866352052E+000         -1.7977264383477407E+000         -1.7974408901470491E+000         -1.8945293487776531E+000         -9.8999999999999986E+001         -9.8999999999999986E+001         -5.1345904997959924E+000         -9.8999999999999986E+001          8.0000000000000004E-001          7.9967135853743898E-001          1.3916189970593560E+053         -2.7551635799500631E+043          0.0000000000000000E+000         -4.3517163462775613E+025         -3.6196853079372563E+043          8.6452172798719330E+042          0.0000000000000000E+000          0.0000000000000000E+000                                1                                2          1.5804786489152727E-007          5.0295039951382652E-008          2.9999999999999999E-001          5.9999999999999998E-001          1.0000000000000000E+000          5.5711024881747429E-001          1.3916189970593560E+053         -1.9807727751055668E+020 
                            6540          1.0135831452574549E+005          1.4516757601235945E+003          7.7138949551218582E+002          2.1239159394959159E+001          5.6447377180543858E+000          2.0986431106870918E+002          3.8264148198472145E+002          5.0507989758109251E-001         -1.0000000000000000E+000          6.1364907201977170E-001          2.3089452697704829E+000         -1.8077417996369758E+000         -1.8074489772509692E+000         -1.9045419811120610E+000         -9.8999999999999986E+001         -9.8999999999999986E+001         -5.1336773764280172E+000         -9.8999999999999986E+001          8.0000000000000004E-001          7.9966298939675096E-001          1.3907819327172169E+053         -2.6991872932239161E+043          0.0000000000000000E+000         -4.2939723662158811E+025         -3.5418032685689806E+043          8.4261597534506427E+042          0.0000000000000000E+000          0.0000000000000000E+000                                1                                2          1.6165899959683080E-007          5.0095244519505441E-008          2.9999999999999999E-001          5.9999999999999998E-001          1.0000000000000000E+000          5.5788352528477481E-001          1.3907819327172169E+053         -1.9849418187883142E+020 
                            6550          1.0135841260857343E+005          1.4573961817792194E+003          7.7338796706458140E+002          2.1223885518376179E+001          5.6238655604658279E+000          2.1023887340349333E+002          3.8383529546930794E+002          4.9551562261166665E-001         -1.0000000000000000E+000          6.1213980785594968E-001          2.3101521655328003E+000         -1.8176270747326868E+000         -1.8173269271099948E+000         -1.9144245080718509E+000         -9.8999999999999986E+001         -9.8999999999999986E+001         -5.1328283556719683E+000         -9.8999999999999986E+001          8.0000000000000004E-001          7.9965456166178039E-001          1.3899553250885620E+053         -2.6462481241505665E+043          0.0000000000000000E+000         -4.2383665303446070E+025         -3.4665162628900992E+043          8.2026813873953270E+042          0.0000000000000000E+000          0.0000000000000000E+000                                1                                2          1.6545950577505625E-007          4.9898615816084966E-008          2.9999999999999999E-001          5.9999999999999998E-001          1.0000000000000000E+000          5.5863771492587977E-001          1.3899553250885620E+053         -1.9888260614811871E+020 
                            6560          1.0135851260109544E+005          1.4631343850878127E+003          7.7539003857666262E+002          2.1208589268611227E+001          5.6030970524290273E+000          2.1061398491384131E+002          3.8503148103417385E+002          4.8577140094563909E-001         -1.0000000000000000E+000          6.1063664254551542E-001          2.3113541712609220E+000         -1.8278968670450297E+000         -1.8275890413263824E+000         -1.9246914198384935E+000         -9.8999999999999986E+001         -9.8999999999999986E+001         -5.1321243143356563E+000         -9.8999999999999986E+001          8.0000000000000004E-001          7.9964572811238865E-001          1.3891296274511673E+053         -2.5925243376179994E+043          0.0000000000000000E+000         -4.1836749188746991E+025         -3.3898144054532082E+043          7.9729006783520851E+042          0.0000000000000000E+000          0.0000000000000000E+000                                1                                2          1.6947503794402063E-007          4.9702920598141672E-008          2.9999999999999999E-001          5.9999999999999998E-001          1.0000000000000000E+000          5.5938985998481405E-001          1.3891296274511673E+053         -1.9920527921566935E+020 
                            6570          1.0135861896345414E+005          1.4691333781500882E+003          7.7748031858593765E+002          2.1192624491335582E+001          5.5815634341359841E+000          2.1100549617004808E+002          3.8628059680350003E+002          4.7540803159890171E-001         -1.0000000000000000E+000          6.0907664308203457E-001          2.3126016098532287E+000         -1.8389839893059134E+000         -1.8386677269203491E+000         -1.9357753769284185E+000         -9.8999999999999986E+001         -9.8999999999999986E+001         -5.1314645773128200E+000         -9.8999999999999986E+001          8.0000000000000004E-001          7.9963602201706263E-001          1.3882702151894709E+053         -2.5344250887030759E+043          0.0000000000000000E+000         -4.1286931453893324E+025         -3.3086418819744456E+043          7.7421679327136989E+042          0.0000000000000000E+000          0.0000000000000000E+000                                1                                2          1.7378246467680643E-007          4.9499965930936079E-008          2.9999999999999999E-001          5.9999999999999998E-001          1.0000000000000000E+000          5.6015452002075272E-001          1.3882702151894709E+053         -1.9950812204778786E+020 
                            6580          1.0135872516528393E+005          1.4750125193381775E+003          7.7952609322301271E+002          2.1177005410682057E+001          5.5606350936745699E+000          2.1138854533707973E+002          3.8750334244888990E+002          4.6504418721744101E-001         -1.0000000000000000E+000          6.0755906117383751E-001          2.3138151144683352E+000         -1.8512697744569380E+000         -1.8509440187185835E+000         -1.9480576004273811E+000         -9.8999999999999986E+001         -9.8999999999999986E+001         -5.1309010829209099E+000         -9.8999999999999986E+001          8.0000000000000004E-001          7.9962510046640956E-001          1.3874317242910653E+053         -2.4698661553804903E+043          0.0000000000000000E+000         -4.0736788939878206E+025         -3.2206199514042625E+043          7.5075379602377237E+042          0.0000000000000000E+000          0.0000000000000000E+000                                1                                2          1.7859927345130184E-007          4.9302667748921893E-008          2.9999999999999999E-001          5.9999999999999998E-001          1.0000000000000000E+000          5.6093508879930731E-001          1.3874317242910653E+053         -1.9976715060419323E+020 
                            6590          1.0135883283704132E+005          1.4808278229905552E+003          7.8154701919272543E+002          2.1161571155283251E+001          5.5401142351169241E+000          2.1176697360178329E+002          3.8871126981825972E+002          4.5467710773778147E-001         -1.0000000000000000E+000          6.0607012205202893E-001          2.3150056963806516E+000         -1.8656146304858794E+000         -1.8652775389491880E+000         -1.9623982035042449E+000         -9.8999999999999986E+001         -9.8999999999999986E+001         -5.1303844962129972E+000         -9.8999999999999986E+001          8.0000000000000004E-001          7.9961205960196335E-001          1.3866083417498947E+053         -2.3923022062202287E+043          0.0000000000000000E+000         -4.0208838945874721E+025         -3.1200131529535869E+043          7.2771094673335839E+042          0.0000000000000000E+000          0.0000000000000000E+000                                1                                2          1.8364419412932763E-007          4.9109053083272749E-008          2.9999999999999999E-001          5.9999999999999998E-001          1.0000000000000000E+000          5.6169393146730173E-001          1.3866083417498947E+053         -2.0000491198268971E+020 
                            6600          1.0135894415830259E+005          1.4867424026552271E+003          7.8359973203468462E+002          2.1145907776211896E+001          5.5194048738456347E+000          2.1215112922110049E+002          3.8993853858175470E+002          4.4403947065824839E-001         -1.0000000000000000E+000          6.0456580741030819E-001          2.3162085587756795E+000         -1.8735020507042350E+000         -1.8731583929377227E+000         -1.9702831601801525E+000         -9.8999999999999986E+001         -9.8999999999999986E+001         -5.1298903185589788E+000         -9.8999999999999986E+001          8.0000000000000004E-001          7.9960450587300402E-001          1.3857730380536156E+053         -2.3617484981127342E+043          0.0000000000000000E+000         -3.9689312844682518E+025         -3.0677436526369823E+043          7.0599515452424813E+042          0.0000000000000000E+000          0.0000000000000000E+000                                1                                2          1.8897541630816468E-007          4.8913686753369953E-008          2.9999999999999999E-001          5.9999999999999998E-001          1.0000000000000000E+000          5.6244956932183277E-001          1.3857730380536156E+053         -2.0023262432264185E+020 
                            6610          1.0135905956695107E+005          1.4927591746044079E+003          7.8568512390554065E+002          2.1130007011865853E+001          5.4985057077619937E+000          2.1254120249762633E+002          3.9118565726292547E+002          4.3311428034759258E-001         -1.0000000000000000E+000          6.0304606837765984E-001          2.3174237384732108E+000         -1.8877372744503096E+000         -1.8873818501059865E+000         -1.9845139692397216E+000         -9.8999999999999986E+001         -9.8999999999999986E+001         -5.1294986505271210E+000         -9.8999999999999986E+001          8.0000000000000004E-001          7.9959096999837953E-001          1.3849260223133989E+053         -2.2902707392717564E+043          0.0000000000000000E+000         -3.9161516406894988E+025         -2.9727648301189530E+043          6.8249409084719655E+042          0.0000000000000000E+000          0.0000000000000000E+000                                1                                2          1.9467235872843858E-007          4.8716533385703201E-008          2.9999999999999999E-001          5.9999999999999998E-001          1.0000000000000000E+000          5.6323006757656202E-001          1.3849260223133989E+053         -2.0041328536115364E+020 
                            6620          1.0135917601339228E+005          1.4986579946905415E+003          7.8772695706088905E+002          2.1114432866031969E+001          5.4781978252103638E+000          2.1292318657536862E+002          3.9240672858148423E+002          4.2229593472783400E-001         -1.0000000000000000E+000          6.0156850482622692E-001          2.3186051717628229E+000         -1.9035542036380839E+000         -1.9031853346577201E+000         -2.0003258540610989E+000         -9.8999999999999986E+001         -9.8999999999999986E+001         -5.1291838921404214E+000         -9.8999999999999986E+001          8.0000000000000004E-001          7.9957550419102053E-001          1.3841021172648800E+053         -2.2095356582798468E+043          0.0000000000000000E+000         -3.8650949218251165E+025         -2.8702053610143645E+043          6.6066970273451786E+042          0.0000000000000000E+000          0.0000000000000000E+000                                1                                2          2.0099298502869105E-007          4.8524781787486345E-008          2.9999999999999999E-001          5.9999999999999998E-001          1.0000000000000000E+000          5.6399680303249577E-001          1.3841021172648800E+053         -2.0055858913552259E+020 
                            6630          1.0135929611078755E+005          1.5046234902947101E+003          7.8978914732680221E+002          2.1098716944553662E+001          5.4578207420130225E+000          2.1330877066794213E+002          3.9364029596275105E+002          4.1129869658527785E-001         -1.0000000000000000E+000          6.0008428235271183E-001          2.3197919123239084E+000         -1.9141180466320247E+000         -1.9137397471640791E+000         -2.0108861587206968E+000         -9.8999999999999986E+001         -9.8999999999999986E+001         -5.1287794239689957E+000         -9.8999999999999986E+001          8.0000000000000004E-001          7.9956465627645090E-001          1.3832713209374382E+053         -2.1664093530648972E+043          0.0000000000000000E+000         -3.8152641853837479E+025         -2.8048087934985225E+043          6.3839944043362514E+042          0.0000000000000000E+000          0.0000000000000000E+000                                1                                2          2.0752460885262057E-007          4.8332391881098675E-008          2.9999999999999999E-001          5.9999999999999998E-001          1.0000000000000000E+000          5.6475382916589090E-001          1.3832713209374382E+053         -2.0074546084390951E+020 
                            6640          1.0135942220475056E+005          1.5107126404509156E+003          7.9189130678198273E+002          2.1082696167182451E+001          5.4372013570991182E+000          2.1370182338377631E+002          3.9489785173631378E+002          3.9997895411891299E-001         -1.0000000000000000E+000          5.9858137968217795E-001          2.3209935645835946E+000         -1.9313530159534156E+000         -1.9309591105925412E+000         -2.0281152725801208E+000         -9.8999999999999986E+001         -9.8999999999999986E+001         -5.1284504282714121E+000         -9.8999999999999986E+001          8.0000000000000004E-001          7.9954670529436311E-001          1.3824290202353173E+053         -2.0833315208470862E+043          0.0000000000000000E+000         -3.7643438084757624E+025         -2.6993208526364401E+043          6.1598933178935395E+042          0.0000000000000000E+000          0.0000000000000000E+000                                1                                2          2.1475981634781340E-007          4.8137581045674186E-008          2.9999999999999999E-001          5.9999999999999998E-001          1.0000000000000000E+000          5.6554088940910452E-001          1.3824290202353173E+053         -2.0089759129378121E+020 
                            6650          1.0135954740396289E+005          1.5166283533618762E+003          7.9393088926380494E+002          2.1067165584841227E+001          5.4173270554449910E+000          2.1408298040035868E+002          3.9611827802251992E+002          3.8888984910942170E-001         -1.0000000000000000E+000          5.9713122515426609E-001          2.3221530225980964E+000         -1.9428489199443586E+000         -1.9424441521689335E+000         -2.0396071008243868E+000         -9.8999999999999986E+001         -9.8999999999999986E+001         -5.1281268616859554E+000         -9.8999999999999986E+001          8.0000000000000004E-001          7.9953421097134725E-001          1.3816132946913883E+053         -2.0377253334532622E+043          0.0000000000000000E+000         -3.7159170367530777E+025         -2.6321825010441053E+043          5.9445716759084303E+042          0.0000000000000000E+000          0.0000000000000000E+000                                1                                2          2.2241090787032982E-007          4.7949817109266781E-008          2.9999999999999999E-001          5.9999999999999998E-001          1.0000000000000000E+000          5.6629980097572374E-001          1.3816132946913883E+053         -2.0104732372542118E+020 
                            6660          1.0135968017747118E+005          1.5227101039394552E+003          7.9602499005780282E+002          2.1051218542157024E+001          5.3970716728204016E+000          2.1447434931004136E+002          3.9737137020511261E+002          3.7740034031540398E-001         -1.0000000000000000E+000          5.9565234870852324E-001          2.3233354174189618E+000         -1.9614244207675160E+000         -1.9610016859877446E+000         -2.0581758600086117E+000         -9.8999999999999986E+001         -9.8999999999999986E+001         -5.1278313273940537E+000         -9.8999999999999986E+001          8.0000000000000004E-001          7.9951354539058828E-001          1.3807807195912862E+053         -1.9526276977766914E+043          0.0000000000000000E+000         -3.6678599674192703E+025         -2.5252862133579160E+043          5.7265851558122466E+042          0.0000000000000000E+000          0.0000000000000000E+000                                1                                2          2.3048350094988061E-007          4.7758304077899464E-008          2.9999999999999999E-001          5.9999999999999998E-001          1.0000000000000000E+000          5.6706189287656716E-001          1.3807807195912862E+053         -2.0118418155288497E+020 
                            6670          1.0135981391579607E+005          1.5286931550051495E+003          7.9808238896476553E+002          2.1035565064713246E+001          5.3773014029310717E+000          2.1485866234923895E+002          3.9860280716804931E+002          3.6600146255981741E-001         -1.0000000000000000E+000          5.9420734026415478E-001          2.3244907122452876E+000         -1.9722675107653349E+000         -1.9718337771567720E+000         -2.0690148229034424E+000         -9.8999999999999986E+001         -9.8999999999999986E+001         -5.1275138217228333E+000         -9.8999999999999986E+001          8.0000000000000004E-001          7.9950089500099397E-001          1.3799642522774196E+053         -1.9139787092021842E+043          0.0000000000000000E+000         -3.6200949392289204E+025         -2.4662278648899361E+043          5.5224915568775190E+042          0.0000000000000000E+000          0.0000000000000000E+000                                1                                2          2.3950537166050173E-007          4.7571386009238350E-008          2.9999999999999999E-001          5.9999999999999998E-001          1.0000000000000000E+000          5.6783320772921098E-001          1.3799642522774196E+053         -2.0133131783187192E+020 
                            6680          1.0135995162773901E+005          1.5346879189117142E+003          8.0014113741334495E+002          2.1019910718625145E+001          5.3576513786512239E+000          2.1524310395216457E+002          3.9983526998930262E+002          3.5443882667380799E-001         -1.0000000000000000E+000          5.9276980545974245E-001          2.3256400065726845E+000         -1.9906231131516663E+000         -1.9901704310794572E+000         -2.0873633150831354E+000         -9.8999999999999986E+001         -9.8999999999999986E+001         -5.1272897284838690E+000         -9.8999999999999986E+001          8.0000000000000004E-001          7.9947910202762817E-001          1.3791498401244379E+053         -1.8354839319471505E+043          0.0000000000000000E+000         -3.5739121630222396E+025         -2.3672446308586022E+043          5.3176069891145165E+042          0.0000000000000000E+000          0.0000000000000000E+000                                1                                2          2.4908692754012246E-007          4.7385563716432611E-008          2.9999999999999999E-001          5.9999999999999998E-001          1.0000000000000000E+000          5.6858763262994128E-001          1.3791498401244379E+053         -2.0143523034061999E+020 
                            6690          1.0136009731378499E+005          1.5407947456442164E+003          8.0223566478563578E+002          2.1003978138520811E+001          5.3378132370929645E+000          2.1563434110562864E+002          4.0108908506180660E+002          3.4256517548543386E-001         -1.0000000000000000E+000          5.9131788508542782E-001          2.3268007664529642E+000         -2.0078404734985353E+000         -2.0073691908951830E+000         -2.1045736955927761E+000         -9.8999999999999986E+001         -9.8999999999999986E+001         -5.1270096734082982E+000         -9.8999999999999986E+001          8.0000000000000004E-001          7.9945771014256350E-001          1.3783275967148580E+053         -1.7679338384875328E+043          0.0000000000000000E+000         -3.5270237676954462E+025         -2.2782854999300618E+043          5.1035166144252895E+042          0.0000000000000000E+000          0.0000000000000000E+000                                1                                2          2.5966708100193848E-007          4.7197754517279862E-008          2.9999999999999999E-001          5.9999999999999998E-001          1.0000000000000000E+000          5.6936645904110439E-001          1.3783275967148580E+053         -2.0156516786893835E+020 
                            6700          1.0136024507173226E+005          1.5468229214214023E+003          8.0430050809349564E+002          2.0988285080397311E+001          5.3183847021208042E+000          2.1601985770053108E+002          4.0232541186329837E+002          3.3070706302882241E-001         -1.0000000000000000E+000          5.8989448274618161E-001          2.3279387003150167E+000         -2.0248438156506992E+000         -2.0243534772621992E+000         -2.1215698868802644E+000         -9.8999999999999986E+001         -9.8999999999999986E+001         -5.1267889992649689E+000         -9.8999999999999986E+001          8.0000000000000004E-001          7.9943579563429590E-001          1.3775188344050543E+053         -1.7029224730321557E+043          0.0000000000000000E+000         -3.4821445352364905E+025         -2.1936610243186860E+043          4.9073855128653044E+042          0.0000000000000000E+000          0.0000000000000000E+000                                1                                2          2.7096753295372849E-007          4.7013818556299160E-008          2.9999999999999999E-001          5.9999999999999998E-001          1.0000000000000000E+000          5.7012107062954154E-001          1.3775188344050543E+053         -2.0166761338731630E+020 
                            6710          1.0136040072083773E+005          1.5529237395883051E+003          8.0638755153843954E+002          2.0972418131076410E+001          5.2988970628805996E+000          2.1640963233244901E+002          4.0357496434695935E+002          3.1859255486389365E-001         -1.0000000000000000E+000          5.8846614434278977E-001          2.3290805404757577E+000         -2.0489932895612371E+000         -2.0484746743149707E+000         -2.1457087492696423E+000         -9.8999999999999986E+001         -9.8999999999999986E+001         -5.1265749473971214E+000         -9.8999999999999986E+001          8.0000000000000004E-001          7.9940327849259019E-001          1.3767076266664127E+053         -1.6074733508119713E+043          0.0000000000000000E+000         -3.4369071977769810E+025         -2.0778466265137124E+043          4.7037327570174105E+042          0.0000000000000000E+000          0.0000000000000000E+000                                1                                2          2.8347688378331666E-007          4.6829120009273416E-008          2.9999999999999999E-001          5.9999999999999998E-001          1.0000000000000000E+000          5.7089430649645945E-001          1.3767076266664127E+053         -2.0176703433523649E+020 
                            6720          1.0136056389487239E+005          1.5590532145259767E+003          8.0848168354179870E+002          2.0956497389117750E+001          5.2794877025862705E+000          2.1680077282510061E+002          4.0482877995445625E+002          3.0606338129035443E-001         -1.0000000000000000E+000          5.8704272808713875E-001          2.3302184021438497E+000         -2.0658520274510495E+000         -2.0653124936860885E+000         -2.1625596367412800E+000         -9.8999999999999986E+001         -9.8999999999999986E+001         -5.1262498751537926E+000         -9.8999999999999986E+001          8.0000000000000004E-001          7.9937922447932630E-001          1.3758988549468354E+053         -1.5596870273111981E+043          0.0000000000000000E+000         -3.3927156718753908E+025         -2.0013781705739462E+043          4.4169114326274804E+042          0.0000000000000000E+000          0.0000000000000000E+000                                1                                2          2.9704006110952647E-007          4.6645009605102680E-008          2.9999999999999999E-001          5.9999999999999998E-001          9.8114778766352051E-001          5.7165961820924049E-001          1.3758988549468354E+053         -2.0191811480758252E+020 
                            6730          1.0136073236178941E+005          1.5651107338737083E+003          8.1054837213095914E+002          2.0940872208001366E+001          5.2603769606523114E+000          2.1718551087325244E+002          4.0606777037479674E+002          2.9346348058326038E-001         -1.0000000000000000E+000          5.8563654716487101E-001          2.3313424467956700E+000         -2.0916105082092220E+000         -2.0910376910542086E+000         -2.1883056262365641E+000         -9.8999999999999986E+001         -9.8999999999999986E+001         -5.1259943234757994E+000         -9.8999999999999986E+001          8.0000000000000004E-001          7.9934095460180909E-001          1.3750857755121145E+053         -1.4967609260633488E+043          0.0000000000000000E+000         -3.3496388326133498E+025         -1.8886785961721184E+043          3.9191767010876960E+042          0.0000000000000000E+000          0.0000000000000000E+000                                1                                2          3.1222485046993255E-007          4.6464477300235852E-008          2.9999999999999999E-001          5.9999999999999998E-001          9.1005181356804876E-001          5.7241503406604055E-001          1.3750857755121145E+053         -2.0203696434359176E+020 
                            6740          1.0136090752583258E+005          1.5710600643240309E+003          8.1257537407527900E+002          2.0925639081944155E+001          5.2416659204627640E+000          2.1756149071101103E+002          4.0728468570445477E+002          2.8071208025844296E-001         -1.0000000000000000E+000          5.8425489525573793E-001          2.3324468318845635E+000         -2.1103571335672959E+000         -2.1097587241615354E+000         -2.2070426464111481E+000         -9.8999999999999986E+001         -9.8999999999999986E+001         -5.1257457546721534E+000         -9.8999999999999986E+001          8.0000000000000004E-001          7.9931153013770007E-001          1.3742718811688084E+053         -1.4652599527743502E+043          0.0000000000000000E+000         -3.3074564226476332E+025         -1.8112636622456394E+043          3.4600370947128926E+042          0.0000000000000000E+000          0.0000000000000000E+000                                1                                2          3.2931368939748013E-007          4.6288524428707957E-008          2.9999999999999999E-001          5.9999999999999998E-001          8.4119950320678682E-001          5.7316491768471323E-001          1.3742718811688084E+053         -2.0215263346468235E+020 
                            6750          1.0136109181221083E+005          1.5770276064961993E+003          8.1460579796659545E+002          2.0910485774243593E+001          5.2229391586204832E+000          2.1793651211013309E+002          4.0850564227149869E+002          2.6753722106257799E-001         -1.0000000000000000E+000          5.8286659135826369E-001          2.3335564893116634E+000         -2.1359984784943959E+000         -2.1353633216696046E+000         -2.2326701988222561E+000         -9.8999999999999986E+001         -9.8999999999999986E+001         -5.1254861636978966E+000         -9.8999999999999986E+001          8.0000000000000004E-001          7.9926928314966605E-001          1.3734368510420255E+053         -1.4062058442548199E+043          0.0000000000000000E+000         -3.2660800621538512E+025         -1.7097130681434720E+043          3.0350722388865199E+042          0.0000000000000000E+000          0.0000000000000000E+000                                1                                2          3.4835571778640768E-007          4.6113366606182909E-008          2.9999999999999999E-001          5.9999999999999998E-001          7.7179941766720106E-001          5.7390805172151305E-001          1.3734368510420255E+053         -2.0227350234033567E+020 
                            6760          1.0136128539771969E+005          1.5829160367328736E+003          8.1660662575839171E+002          2.0895637982303604E+001          5.2045208109119026E+000          2.1830477834870183E+002          4.0971042148214991E+002          2.5402701525065452E-001         -1.0000000000000000E+000          5.8149658392291081E-001          2.3346514591936844E+000         -2.1633030179458457E+000         -2.1626263611298091E+000         -2.2599591610843750E+000         -9.8999999999999986E+001         -9.8999999999999986E+001         -5.1252824560260057E+000         -9.8999999999999986E+001          8.0000000000000004E-001          7.9922157662375592E-001          1.3725988046113077E+053         -1.3428803594795722E+043          0.0000000000000000E+000         -3.2257840966783283E+025         -1.6076862183361357E+043          2.6480585885656346E+042          0.0000000000000000E+000          0.0000000000000000E+000                                1                                2          3.6987979616470590E-007          4.5941825389884954E-008          2.9999999999999999E-001          5.9999999999999998E-001          7.0642565140523572E-001          5.7464049137192474E-001          1.3725988046113077E+053         -2.0236840184077468E+020 
                            6770          1.0136149129015101E+005          1.5887764915910786E+003          8.1859532351508483E+002          2.0880960457436739E+001          5.1862515048963571E+000          2.1866957758719602E+002          4.1090945078508759E+002          2.4013422858655653E-001         -1.0000000000000000E+000          5.8013328782964813E-001          2.3357409936207345E+000         -2.1896793975505808E+000         -2.1889600676043810E+000         -2.2863195221877448E+000         -9.8999999999999986E+001         -9.8999999999999986E+001         -5.1250778135657304E+000         -9.8999999999999986E+001          8.0000000000000004E-001          7.9917252626363389E-001          1.3717514558048613E+053         -1.2855677470317435E+043          0.0000000000000000E+000         -3.1862648932014389E+025         -1.5149721522069418E+043          2.2940440517519834E+042          0.0000000000000000E+000          0.0000000000000000E+000                                1                                2          3.9432145451333710E-007          4.5772361657745178E-008          2.9999999999999999E-001          5.9999999999999998E-001          6.4251459271097910E-001          5.7536723250655886E-001          1.3717514558048613E+053         -2.0246378165326103E+020 
                            6780          1.0136170896432854E+005          1.5945921540780430E+003          8.2056623233437278E+002          2.0866498194143858E+001          5.1681760151767184E+000          2.1902980864573195E+002          4.1209939399629860E+002          2.2561534187892879E-001         -1.0000000000000000E+000          5.7877991811970475E-001          2.3368225232241033E+000         -2.2241628781962244E+000         -2.2233837288629874E+000         -2.3207805463706084E+000         -9.8999999999999986E+001         -9.8999999999999986E+001         -5.1248388132193652E+000         -9.8999999999999986E+001          8.0000000000000004E-001          7.9910377535975341E-001          1.3708962261499159E+053         -1.2040274803360860E+043          0.0000000000000000E+000         -3.1476691561569571E+025         -1.4012720214851322E+043          1.9724454114904620E+042          0.0000000000000000E+000          0.0000000000000000E+000                                1                                2          4.2217316780035564E-007          4.5605424547242073E-008          2.9999999999999999E-001          5.9999999999999998E-001          5.8197345464915795E-001          5.7608493345857581E-001          1.3708962261499159E+053         -2.0257523190894156E+020 
                            6790          1.0136194135835516E+005          1.6003573695189234E+003          8.2251752925013955E+002          2.0852253178639842E+001          5.1503194104944168E+000          2.1938530292659433E+002          4.1327895101444142E+002          2.1062408532132815E-001         -1.0000000000000000E+000          5.7743886732909833E-001          2.3378941182169295E+000         -2.2534962857157170E+000         -2.2526622526152504E+000         -2.3500933485813946E+000         -9.8999999999999986E+001         -9.8999999999999986E+001         -5.1245821867878130E+000         -9.8999999999999986E+001          8.0000000000000004E-001          7.9904070533290572E-001          1.3700363122882420E+053         -1.1434521854063708E+043          0.0000000000000000E+000         -3.1097956297041150E+025         -1.3115295540108544E+043          1.6807736860448358E+042          0.0000000000000000E+000          0.0000000000000000E+000                                1                                2          4.5435539721710193E-007          4.5441133056606639E-008          2.9999999999999999E-001          5.9999999999999998E-001          5.2349367475650188E-001          5.7679781324504786E-001          1.3700363122882420E+053         -2.0269496983676882E+020 
                            6800          1.0136219099446644E+005          1.6060397975728940E+003          8.2443838014031758E+002          2.0838294420240807E+001          5.1327866365386043E+000          2.1973423369349547E+002          4.1444139346208834E+002          1.9501693817018859E-001         -1.0000000000000000E+000          5.7611848492521023E-001          2.3389490855420836E+000         -2.2964243585008148E+000         -2.2955034343521330E+000         -2.3929887960659864E+000         -9.8999999999999986E+001         -9.8999999999999986E+001         -5.1244262250574231E+000         -9.8999999999999986E+001          8.0000000000000004E-001          7.9894087023422844E-001          1.3691785753223770E+053         -1.0478982312504110E+043          0.0000000000000000E+000         -3.0729899938116817E+025         -1.1898264092276726E+043          1.4192817797726159E+042          0.0000000000000000E+000          0.0000000000000000E+000                                1                                2          4.9136609800153537E-007          4.5280354992653739E-008          2.9999999999999999E-001          5.9999999999999998E-001          4.6799619128767062E-001          5.7749863737734575E-001          1.3691785753223770E+053         -2.0276777374409153E+020 
                            6810          1.0136246065851749E+005          1.6116326052380105E+003          8.2632660059673526E+002          2.0824631221765998E+001          5.1155984920231514E+000          2.2007629859117040E+002          4.1558528297598514E+002          1.7867560793515933E-001         -1.0000000000000000E+000          5.7482066290523903E-001          2.3399858965316338E+000         -2.3364851837034202E+000         -2.3354751138932692E+000         -2.4330161451834540E+000         -9.8999999999999986E+001         -9.8999999999999986E+001         -5.1243149314729974E+000         -9.8999999999999986E+001          8.0000000000000004E-001          7.9883846541184400E-001          1.3683252393048061E+053         -9.6793007953490978E+042          0.0000000000000000E+000         -3.0372375246396735E+025         -1.0865533470772398E+043          1.1862326754232994E+042          0.0000000000000000E+000          0.0000000000000000E+000                                1                                2          5.3439725393183440E-007          4.5123219727669012E-008          2.9999999999999999E-001          5.9999999999999998E-001          4.1587411683199493E-001          5.7818735213900685E-001          1.3683252393048061E+053         -2.0281974227014743E+020 
                            6820          1.0136274172064196E+005          1.6169702300818533E+003          8.2812649954979815E+002          2.0811667232988352E+001          5.0992499994154388E+000          2.2040139117499152E+002          4.1667689791473185E+002          1.6213772322690798E-001         -1.0000000000000000E+000          5.7358283069577487E-001          2.3409746539911569E+000         -2.3766485110264575E+000         -2.3755401713352975E+000         -2.4731425651110364E+000         -9.8999999999999986E+001         -9.8999999999999986E+001         -5.1241076084189485E+000         -9.8999999999999986E+001          8.0000000000000004E-001          7.9872560362562528E-001          1.3675008716471305E+053         -8.9340379310688817E+042          0.0000000000000000E+000         -3.0034545974618734E+025         -9.9199523579263152E+042          9.8591442685743296E+041          0.0000000000000000E+000          0.0000000000000000E+000                                1                                2          5.8347116372036129E-007          4.4974267808720944E-008          2.9999999999999999E-001          5.9999999999999998E-001          3.6861820820148478E-001          5.7884560357555714E-001          1.3675008716471305E+053         -2.0291658726460155E+020 
                            6830          1.0136303547657974E+005          1.6219944120032069E+003          8.2981879302733842E+002          2.0799522647025078E+001          5.0839201306325661E+000          2.2070631949114323E+002          4.1770418274563383E+002          1.4566335526029603E-001         -1.0000000000000000E+000          5.7241946872975835E-001          2.3419037666827514E+000         -2.4272793940861841E+000         -2.4260339760758756E+000         -2.5237219567098292E+000         -9.8999999999999986E+001         -9.8999999999999986E+001         -5.1240276656819743E+000         -9.8999999999999986E+001          8.0000000000000004E-001          7.9856821346214701E-001          1.3667180938751120E+053         -8.0244378068684461E+042          0.0000000000000000E+000         -2.9720696483242926E+025         -8.8417269922625510E+042          8.1728918539410550E+041          0.0000000000000000E+000          0.0000000000000000E+000                                1                                2          6.3829547692566407E-007          4.4834958510502328E-008          2.9999999999999999E-001          5.9999999999999998E-001          3.2640415651922344E-001          5.7946361882442698E-001          1.3667180938751120E+053         -2.0295394256413337E+020 
                            6840          1.0136335357880509E+005          1.6268095854630728E+003          8.3143896887285416E+002          2.0787927735476973E+001          5.0692893884545969E+000          2.2099771444319524E+002          4.1868838661980419E+002          1.2869480934273611E-001         -1.0000000000000000E+000          5.7130708713813683E-001          2.3427919639470400E+000         -2.4825935066876972E+000         -2.4811788531163148E+000         -2.5789724844558459E+000         -9.8999999999999986E+001         -9.8999999999999986E+001         -5.1239221588722526E+000         -9.8999999999999986E+001          8.0000000000000004E-001          7.9837396960848828E-001          1.3659635148074366E+053         -7.1242756018611411E+042          0.0000000000000000E+000         -2.9424080449050168E+025         -7.7967796188554478E+042          6.7250401699430726E+041          0.0000000000000000E+000          0.0000000000000000E+000                                1                                2          7.0061896438625527E-007          4.4702252074406113E-008          2.9999999999999999E-001          5.9999999999999998E-001          2.8798804904658781E-001          5.8005360139631290E-001          1.3659635148074366E+053         -2.0300325386125489E+020 
                            6850          1.0136369810852758E+005          1.6313946607117537E+003          8.3298016304864780E+002          2.0776926547214572E+001          5.0554136638579648E+000          2.2127442075725799E+002          4.1962523801215161E+002          1.1154780433506380E-001         -1.0000000000000000E+000          5.7025024167864791E-001          2.3436355900195442E+000         -2.5422928947587824E+000         -2.5406701656627266E+000         -2.6385936735941042E+000         -9.8999999999999986E+001         -9.8999999999999986E+001         -5.1239215255887851E+000         -9.8999999999999986E+001          8.0000000000000004E-001          7.9813525004907004E-001          1.3652411035980586E+053         -6.2568885275984789E+042          0.0000000000000000E+000         -2.9144600839426830E+025         -6.8069573127197831E+042          5.5006878512130381E+041          0.0000000000000000E+000          0.0000000000000000E+000                                1                                2          7.7212928285809648E-007          4.4576615283700155E-008          2.9999999999999999E-001          5.9999999999999998E-001          2.5372221200143213E-001          5.8061509399704725E-001          1.3652411035980586E+053         -2.0300354987860119E+020 
                            6860          1.0136408012732009E+005          1.6357279962130763E+003          8.3443536048592762E+002          2.0766553912996589E+001          5.0423607753092394E+000          2.2153542081501982E+002          4.2051017378401673E+002          9.4000420428434803E-002         -1.0000000000000000E+000          5.6925483347147510E-001          2.3444298645596797E+000         -2.6182799119541249E+000         -2.6163467207201285E+000         -2.7144639694440511E+000         -9.8999999999999986E+001         -9.8999999999999986E+001         -5.1237244118952150E+000         -9.8999999999999986E+001          8.0000000000000004E-001          7.9777927760044731E-001          1.3645572907338651E+053         -5.2775952126073516E+042          0.0000000000000000E+000         -2.8883602487938727E+025         -5.7260084296812648E+042          4.4841321707391303E+041          0.0000000000000000E+000          0.0000000000000000E+000                                1                                2          8.5293950034069311E-007          4.4458523871200734E-008          2.9999999999999999E-001          5.9999999999999998E-001          2.3798564838483152E-001          5.8114451188638028E-001          1.3645572907338651E+053         -2.0309570822585827E+020 
                            6870          1.0136451009456023E+005          1.6397761991983821E+003          8.3579360501831707E+002          2.0756877468788360E+001          5.0302278870569639E+000          2.2177891657135052E+002          4.2133632241203594E+002          7.6633104814184130E-002         -1.0000000000000000E+000          5.6832880519069762E-001          2.3451683772975378E+000         -2.7134763652687219E+000         -2.7110703159940077E+000         -2.8094825469893459E+000         -9.8999999999999986E+001         -9.8999999999999986E+001         -5.1236545392742290E+000         -9.8999999999999986E+001          8.0000000000000004E-001          7.9723759252175996E-001          1.3639192143650899E+053         -4.2475461135848385E+042          0.0000000000000000E+000         -2.8641683007729654E+025         -4.6109401717999975E+042          3.6339405821515889E+041          0.0000000000000000E+000          0.0000000000000000E+000                                1                                2          9.4470323433555826E-007          4.4348766741449940E-008          2.9999999999999999E-001          5.9999999999999998E-001          2.0918329064515293E-001          5.8164008429430958E-001          1.3639192143650899E+053         -2.0312838644687926E+020 
                            6880          1.0136502473726877E+005          1.6435860335905534E+003          8.3707083074034824E+002          2.0747765855805294E+001          5.0188804173349393E+000          2.2200804736458485E+002          4.2211302727219243E+002          5.9115147691189071E-002         -1.0000000000000000E+000          5.6746270152623646E-001          2.3458584951543702E+000         -2.8301690183673558E+000         -2.8270236815184573E+000         -2.9258968589422096E+000         -9.8999999999999986E+001         -9.8999999999999986E+001         -5.1236145091628966E+000         -9.8999999999999986E+001          8.0000000000000004E-001          7.9639187864028271E-001          1.3633230629894625E+053         -3.2433293200518482E+042          0.0000000000000000E+000         -2.8417305246194618E+025         -3.5371491235021670E+042          2.9381980345031872E+041          0.0000000000000000E+000          0.0000000000000000E+000                                1                                2          1.0475033139802659E-006          4.4245966247086499E-008          2.9999999999999999E-001          5.9999999999999998E-001          1.8315684994399936E-001          5.8210381961493296E-001          1.3633230629894625E+053         -2.0314711020924774E+020 
                            6884          1.0136526622533324E+005          1.6450469048790790E+003          8.3756031520993122E+002          2.0744265809556648E+001          5.0145524817389795E+000          2.2209597646997898E+002          4.2241055774411291E+002          5.2041493059386684E-002         -1.0000000000000000E+000          5.6713255465585100E-001          2.3461213150877285E+000         -2.8873559555606136E+000         -2.8837699541287058E+000         -2.9829177457446394E+000         -9.8999999999999986E+001         -9.8999999999999986E+001         -5.1236375337446844E+000         -9.8999999999999986E+001          8.0000000000000004E-001          7.9588846127841906E-001          1.3630966533946219E+053         -2.8375106702304825E+042          0.0000000000000000E+000         -2.8331441695846821E+025         -3.1068926357128332E+042          2.6938196548235093E+041          0.0000000000000000E+000          0.0000000000000000E+000                                1                                2          1.1045061142619402E-006          4.4206673956069307E-008          2.9999999999999999E-001          5.9999999999999998E-001          1.7361142663823717E-001          5.8228264603328661E-001          1.3630966533946219E+053         -2.0313634043559651E+020 
