#
# Initial mass = 2.500, Z =  0.0028, Y =  0.250, M_mix = 4.00E-03
#
# Initial abundances
# El  Z   log e(X)   [X/H]    [X/Fe]     [X/O]      X(i)
  p   1  12.000000  0.000000  0.000000  0.000000 7.53145E-01
 he   2  10.922443 -0.007557  0.710303  0.716176 2.50177E-01
  c   6   7.752133 -0.717867 -0.000007  0.005866 5.07144E-04
  n   7   7.152144 -0.717855  0.000004  0.005877 1.48562E-04
  o   8   8.006267 -0.723733 -0.005873  0.000000 1.21277E-03
  f   9   3.742134 -0.717866 -0.000006  0.005867 7.83899E-08
 ne  10   7.252139 -0.717861 -0.000001  0.005872 2.69450E-04
 na  11   5.592154 -0.717846  0.000014  0.005887 6.71601E-06
 mg  12   6.922137 -0.717863 -0.000003  0.005870 1.51793E-04
 al  13   5.752143 -0.717857  0.000003  0.005876 1.13929E-05
 si  14   6.832143 -0.717857  0.000003  0.005876 1.42578E-04
  p  15   4.752143 -0.717857  0.000003  0.005876 1.30785E-06
  s  16   6.442142 -0.717858  0.000001  0.005875 6.63118E-05
 cl  17   4.512141 -0.717859  0.000000  0.005874 8.61414E-07
 ar  18   5.722135 -0.717865 -0.000005  0.005868 1.57416E-05
  k  19   4.361567 -0.718432 -0.000573  0.005301 6.71646E-07
 ca  20   5.572127 -0.717873 -0.000013  0.005860 1.11802E-05
 sc  21   2.332141 -0.717859  0.000001  0.005874 7.21683E-09
 ti  22   4.192142 -0.717858  0.000001  0.005875 5.56668E-07
  v  23   3.241054 -0.718946 -0.001087  0.004786 6.63053E-08
 cr  24   4.902851 -0.737149 -0.019289 -0.013416 3.10627E-06
 mn  25   4.762147 -0.717853  0.000007  0.005880 2.37377E-06
 fe  26   6.822140 -0.717860  0.000000  0.005873 2.77040E-04
 co  27   4.152139 -0.717861 -0.000001  0.005872 6.25052E-07
 ni  28   5.482144 -0.717855  0.000004  0.005877 1.33091E-05
 cu  29   3.532141 -0.717859  0.000000  0.005874 1.61677E-07
 zn  30   3.912146 -0.717854  0.000005  0.005878 3.99211E-07
 ga  31   2.362142 -0.717858  0.000001  0.005875 1.19932E-08
 ge  32   2.827766 -0.752234 -0.034374 -0.028501 3.65057E-08
 as  33   1.582138 -0.717862 -0.000002  0.005871 2.13878E-09
 se  34   2.578215 -0.761785 -0.043926 -0.038052 2.23378E-08
 br  35   1.822149 -0.717851  0.000009  0.005882 3.96402E-09
 kr  36   2.530568 -0.719432 -0.001572  0.004301 2.12432E-08
 rb  37   1.642153 -0.717847  0.000013  0.005886 2.80140E-09
 sr  38   2.159709 -0.720291 -0.002431  0.003442 9.45650E-09
  y  39   1.452160 -0.717840  0.000020  0.005893 1.88152E-09
 zr  40   1.812142 -0.717858  0.000002  0.005875 4.42252E-09
 nb  41   0.692151 -0.717849  0.000011  0.005884 3.41675E-10
 mo  42   1.100959 -0.839041 -0.121181 -0.115308 9.04433E-10
 tc  43   0.000000 -9.000000  0.000000  0.000000 0.00000E+00
 ru  44   0.911195 -0.848805 -0.130945 -0.125072 6.15510E-10
 rh  45   0.342142 -0.717858  0.000002  0.005875 1.69045E-10
 pd  46   0.872957 -0.777043 -0.059183 -0.053310 5.93470E-10
 ag  47   0.482141 -0.717860  0.000000  0.005873 2.44597E-10
 cd  48   0.952420 -0.757580 -0.039720 -0.033847 7.52744E-10
 in  49   0.023100 -0.736900 -0.019040 -0.013167 9.04749E-11
 sn  50   1.289708 -0.780292 -0.062432 -0.056559 1.72828E-09
 sb  51   0.049609 -0.960391 -0.242531 -0.236658 1.01984E-10
 te  52   0.994768 -1.185232 -0.467372 -0.461499 9.41971E-10
  i  53   0.832136 -0.717864 -0.000004  0.005869 6.44213E-10
 xe  54   1.485059 -0.754941 -0.037081 -0.031208 2.99722E-09
 cs  55   0.362142 -0.717858  0.000001  0.005875 2.28613E-10
 ba  56   1.461242 -0.718758 -0.000899  0.004975 2.96768E-09
 la  57   0.451750 -0.718250 -0.000390  0.005483 2.93690E-10
 ce  58   0.860240 -0.719760 -0.001900  0.003973 7.58832E-10
 pr  59   0.042142 -0.717858  0.000002  0.005875 1.16010E-10
 nd  60   0.707139 -0.742861 -0.025001 -0.019128 5.49089E-10
 pm  61   0.000000 -9.000000  0.000000  0.000000 0.00000E+00
 sm  62   0.092433 -0.847567 -0.129707 -0.123834 1.38990E-10
 eu  63  -0.207857 -0.717857  0.000003  0.005876 7.03563E-11
 gd  64   0.332143 -0.717857  0.000003  0.005876 2.52436E-10
 tb  65  -0.397854 -0.717854  0.000006  0.005879 4.75070E-11
 dy  66   0.411488 -0.718512 -0.000653  0.005221 3.13155E-10
 ho  67  -0.247858 -0.717858  0.000002  0.005875 6.96403E-11
 er  68   0.194519 -0.725481 -0.007621 -0.001748 1.95581E-10
 tm  69  -0.597858 -0.717858  0.000001  0.005875 3.18623E-11
 yb  70   0.141113 -0.778887 -0.061027 -0.055154 1.78928E-10
 lu  71  -0.627858 -0.717858  0.000002  0.005875 3.07975E-11
 hf  72  -0.008569 -0.718569 -0.000709  0.005164 1.30757E-10
 ta  73  -0.837912 -0.717912 -0.000052  0.005821 1.96363E-11
  w  74  -0.068380 -0.718380 -0.000521  0.005353 1.17349E-10
 re  75  -0.457860 -0.717860  0.000000  0.005873 4.84791E-11
 os  76   0.632057 -0.717943 -0.000083  0.005790 6.09192E-10
 ir  77   0.602143 -0.717857  0.000003  0.005876 5.74585E-10
 pt  78   0.869803 -0.750197 -0.032337 -0.026464 1.08001E-09
 au  79   0.082144 -0.717856  0.000004  0.005877 1.77810E-10
 hg  80   0.420526 -0.749474 -0.031615 -0.025741 3.94688E-10
 tl  81   0.052142 -0.717858  0.000002  0.005875 1.72189E-10
 pb  82   1.322138 -0.717862 -0.000002  0.005871 3.25047E-09
 bi  83  -0.067855 -0.717855  0.000005  0.005878 1.33557E-10
 po  84   0.000000 -9.000000  0.000000  0.000000 0.00000E+00
#[ls/Fe]_Thiswork =  -0.0008, [hs/Fe]_Thiswork =  -0.0011
#[hs/ls]_Thiswork =  -0.0003, [Pb/hs]_Thiswork =   0.0011
# Elemental abundance ratios: 
# He/H =  8.3646E-02, C/O =  5.5702E-01, N/O = 1.39919E-01
#
#
# During TP-AGB
#  TP   Mass     Mcore    Menv    log L
#  1 2.499980 0.618305 1.881670 3.670020
# El  Z   log e(X)   [X/H]    [X/Fe]     [X/O]      X(i)
  p   1  12.000000  0.000000  0.000000  0.000000 7.40688E-01
 he   2  10.950670  0.020670  0.738530  0.744403 2.62561E-01
  c   6   7.494496 -0.975504 -0.257645 -0.251771 2.75581E-04
  n   7   7.649393 -0.220607  0.497252  0.503126 4.59106E-04
  o   8   7.996622 -0.733378 -0.015518  0.000000 1.16651E-03
  f   9   3.713515 -0.746485 -0.028625 -0.013107 7.21769E-08
 ne  10   7.254572 -0.715427  0.002432  0.017951 2.66482E-04
 na  11   5.776468 -0.533532  0.184328  0.199846 1.00968E-05
 mg  12   6.929372 -0.710628  0.007232  0.022750 1.51790E-04
 al  13   5.759505 -0.710495  0.007365  0.022883 1.13960E-05
 si  14   6.839386 -0.710614  0.007246  0.022764 1.42578E-04
  p  15   4.759387 -0.710613  0.007246  0.022765 1.30785E-06
  s  16   6.449385 -0.710615  0.007245  0.022763 6.63118E-05
 cl  17   4.519384 -0.710616  0.007244  0.022762 8.61414E-07
 ar  18   5.729378 -0.710622  0.007238  0.022756 1.57416E-05
  k  19   4.368794 -0.711206  0.006654  0.022172 6.71620E-07
 ca  20   5.579371 -0.710629  0.007231  0.022749 1.11803E-05
 sc  21   2.339384 -0.710616  0.007244  0.022762 7.21683E-09
 ti  22   4.199385 -0.710615  0.007245  0.022763 5.56668E-07
  v  23   3.248297 -0.711703  0.006156  0.021675 6.63053E-08
 cr  24   4.910094 -0.729906 -0.012046  0.003472 3.10627E-06
 mn  25   4.769391 -0.710609  0.007250  0.022768 2.37377E-06
 fe  26   6.829384 -0.710616  0.000000  0.022762 2.77040E-04
 co  27   4.159382 -0.710618 -0.000001  0.022760 6.25052E-07
 ni  28   5.489388 -0.710612  0.000004  0.022766 1.33091E-05
 cu  29   3.539385 -0.710615  0.000001  0.022763 1.61677E-07
 zn  30   3.919390 -0.710610  0.000006  0.022768 3.99211E-07
 ga  31   2.369385 -0.710615  0.000001  0.022763 1.19932E-08
 ge  32   2.835010 -0.744990 -0.034374 -0.011612 3.65057E-08
 as  33   1.589382 -0.710618 -0.000002  0.022760 2.13878E-09
 se  34   2.585458 -0.754542 -0.043926 -0.021164 2.23378E-08
 br  35   1.829392 -0.710608  0.000009  0.022770 3.96402E-09
 kr  36   2.537812 -0.712188 -0.001572  0.021190 2.12432E-08
 rb  37   1.648422 -0.711578 -0.000962  0.021800 2.79512E-09
 sr  38   2.167248 -0.712752 -0.002136  0.020626 9.46294E-09
  y  39   1.459404 -0.710596  0.000020  0.022782 1.88152E-09
 zr  40   1.819386 -0.710614  0.000002  0.022763 4.42252E-09
 nb  41   0.699394 -0.710606  0.000010  0.022772 3.41675E-10
 mo  42   1.108202 -0.831798 -0.121182 -0.098420 9.04433E-10
 tc  43   0.000000 -9.000000  0.000000  0.000000 2.83766E-24
 ru  44   0.918438 -0.841562 -0.130946 -0.108184 6.15510E-10
 rh  45   0.349385 -0.710615  0.000001  0.022763 1.69045E-10
 pd  46   0.880200 -0.769800 -0.059183 -0.036422 5.93470E-10
 ag  47   0.489384 -0.710616  0.000000  0.022762 2.44597E-10
 cd  48   0.959663 -0.750337 -0.039721 -0.016959 7.52744E-10
 in  49   0.030343 -0.729657 -0.019041  0.003721 9.04749E-11
 sn  50   1.296951 -0.773049 -0.062433 -0.039671 1.72828E-09
 sb  51   0.056853 -0.953147 -0.242531 -0.219769 1.01984E-10
 te  52   1.002012 -1.177988 -0.467372 -0.444610 9.41971E-10
  i  53   0.839379 -0.710621 -0.000005  0.022757 6.44213E-10
 xe  54   1.492303 -0.747697 -0.037081 -0.014319 2.99722E-09
 cs  55   0.369385 -0.710615  0.000001  0.022763 2.28613E-10
 ba  56   1.468486 -0.711514 -0.000898  0.021864 2.96768E-09
 la  57   0.458993 -0.711007 -0.000391  0.022371 2.93690E-10
 ce  58   0.867483 -0.712517 -0.001901  0.020861 7.58832E-10
 pr  59   0.049385 -0.710615  0.000001  0.022763 1.16010E-10
 nd  60   0.714382 -0.735618 -0.025002 -0.002240 5.49089E-10
 pm  61   0.000000 -9.000000  0.000000  0.000000 0.00000E+00
 sm  62   0.099676 -0.840324 -0.129708 -0.106946 1.38990E-10
 eu  63  -0.200613 -0.710613  0.000003  0.022765 7.03563E-11
 gd  64   0.339386 -0.710614  0.000002  0.022764 2.52436E-10
 tb  65  -0.390610 -0.710610  0.000006  0.022768 4.75070E-11
 dy  66   0.418731 -0.711269 -0.000653  0.022109 3.13155E-10
 ho  67  -0.240614 -0.710614  0.000002  0.022764 6.96403E-11
 er  68   0.201762 -0.718238 -0.007622  0.015140 1.95581E-10
 tm  69  -0.590615 -0.710615  0.000001  0.022763 3.18623E-11
 yb  70   0.148356 -0.771644 -0.061027 -0.038266 1.78928E-10
 lu  71  -0.620739 -0.710739 -0.000123  0.022639 3.07887E-11
 hf  72  -0.001295 -0.711295 -0.000679  0.022083 1.30766E-10
 ta  73  -0.830668 -0.710668 -0.000052  0.022709 1.96363E-11
  w  74  -0.061136 -0.711136 -0.000520  0.022242 1.17349E-10
 re  75  -0.453214 -0.713214 -0.002598  0.020164 4.81901E-11
 os  76   0.639511 -0.710489  0.000127  0.022889 6.09488E-10
 ir  77   0.609387 -0.710613  0.000003  0.022765 5.74585E-10
 pt  78   0.877047 -0.742953 -0.032337 -0.009575 1.08001E-09
 au  79   0.089388 -0.710612  0.000004  0.022766 1.77810E-10
 hg  80   0.427770 -0.742230 -0.031614 -0.008852 3.94688E-10
 tl  81   0.059386 -0.710614  0.000002  0.022764 1.72189E-10
 pb  82   1.329382 -0.710618 -0.000002  0.022760 3.25047E-09
 bi  83  -0.060612 -0.710612  0.000004  0.022766 1.33557E-10
 po  84   0.000000 -9.000000  0.000000  0.000000 3.33400E-25
#[ls/Fe]_Thiswork =  -0.0007, [hs/Fe]_Thiswork =  -0.0011
#[hs/ls]_Thiswork =  -0.0004, [Pb/hs]_Thiswork =   0.0011
# Elemental abundance ratios: 
# He/H =  8.9263E-02, C/O =  3.1468E-01, N/O = 4.49543E-01
#
#  TP   Mass     Mcore    Menv    log L
#  2 2.499980 0.622321 1.877660 3.724520
# El  Z   log e(X)   [X/H]    [X/Fe]     [X/O]      X(i)
  p   1  12.000000  0.000000  0.000000  0.000000 7.40712E-01
 he   2  10.950617  0.020617  0.731233  0.753994 2.62537E-01
  c   6   7.495413 -0.974587 -0.263971 -0.241209 2.76173E-04
  n   7   7.648692 -0.221308  0.489308  0.512070 4.58381E-04
  o   8   7.996622 -0.733377 -0.022761  0.000000 1.16655E-03
  f   9   3.713554 -0.746446 -0.035830 -0.013068 7.21857E-08
 ne  10   7.254568 -0.715432 -0.004816  0.017946 2.66489E-04
 na  11   5.776154 -0.533846  0.176770  0.199532 1.00898E-05
 mg  12   6.929358 -0.710642 -0.000026  0.022736 1.51790E-04
 al  13   5.759493 -0.710507  0.000109  0.022871 1.13961E-05
 si  14   6.839373 -0.710628 -0.000011  0.022750 1.42578E-04
  p  15   4.759372 -0.710628 -0.000011  0.022750 1.30785E-06
  s  16   6.449370 -0.710629 -0.000013  0.022748 6.63118E-05
 cl  17   4.519370 -0.710630 -0.000014  0.022747 8.61414E-07
 ar  18   5.729364 -0.710636 -0.000020  0.022742 1.57416E-05
  k  19   4.368780 -0.711220 -0.000604  0.022157 6.71620E-07
 ca  20   5.579357 -0.710643 -0.000027  0.022734 1.11803E-05
 sc  21   2.339370 -0.710630 -0.000014  0.022747 7.21683E-09
 ti  22   4.199371 -0.710629 -0.000013  0.022748 5.56668E-07
  v  23   3.248282 -0.711718 -0.001101  0.021660 6.63053E-08
 cr  24   4.910080 -0.729920 -0.019304  0.003458 3.10627E-06
 mn  25   4.769376 -0.710624 -0.000008  0.022754 2.37377E-06
 fe  26   6.829370 -0.710630  0.000000  0.022747 2.77040E-04
 co  27   4.159368 -0.710632 -0.000001  0.022746 6.25052E-07
 ni  28   5.489373 -0.710627  0.000004  0.022751 1.33091E-05
 cu  29   3.539371 -0.710629  0.000001  0.022748 1.61677E-07
 zn  30   3.919375 -0.710625  0.000006  0.022753 3.99211E-07
 ga  31   2.369371 -0.710629  0.000002  0.022749 1.19932E-08
 ge  32   2.834995 -0.745005 -0.034374 -0.011627 3.65057E-08
 as  33   1.589368 -0.710632 -0.000002  0.022745 2.13878E-09
 se  34   2.585443 -0.754556 -0.043926 -0.021179 2.23378E-08
 br  35   1.829379 -0.710621  0.000010  0.022757 3.96402E-09
 kr  36   2.537798 -0.712202 -0.001572  0.021175 2.12432E-08
 rb  37   1.648408 -0.711592 -0.000962  0.021785 2.79512E-09
 sr  38   2.167233 -0.712767 -0.002136  0.020611 9.46294E-09
  y  39   1.459390 -0.710610  0.000020  0.022767 1.88152E-09
 zr  40   1.819371 -0.710629  0.000002  0.022749 4.42252E-09
 nb  41   0.699380 -0.710620  0.000010  0.022757 3.41675E-10
 mo  42   1.108188 -0.831812 -0.121182 -0.098435 9.04433E-10
 tc  43   0.000000 -9.000000  0.000000  0.000000 2.76652E-24
 ru  44   0.918424 -0.841576 -0.130946 -0.108199 6.15510E-10
 rh  45   0.349371 -0.710629  0.000001  0.022748 1.69045E-10
 pd  46   0.880186 -0.769814 -0.059183 -0.036436 5.93470E-10
 ag  47   0.489370 -0.710630  0.000001  0.022748 2.44597E-10
 cd  48   0.959649 -0.750351 -0.039721 -0.016973 7.52744E-10
 in  49   0.030329 -0.729671 -0.019041  0.003706 9.04749E-11
 sn  50   1.296937 -0.773063 -0.062433 -0.039685 1.72828E-09
 sb  51   0.056839 -0.953161 -0.242531 -0.219784 1.01984E-10
 te  52   1.001998 -1.178002 -0.467372 -0.444625 9.41971E-10
  i  53   0.839365 -0.710635 -0.000005  0.022743 6.44213E-10
 xe  54   1.492289 -0.747711 -0.037081 -0.014334 2.99722E-09
 cs  55   0.369370 -0.710630  0.000001  0.022748 2.28613E-10
 ba  56   1.468472 -0.711529 -0.000898  0.021849 2.96768E-09
 la  57   0.458980 -0.711020 -0.000390  0.022357 2.93690E-10
 ce  58   0.867469 -0.712531 -0.001901  0.020846 7.58832E-10
 pr  59   0.049371 -0.710629  0.000001  0.022748 1.16010E-10
 nd  60   0.714368 -0.735632 -0.025002 -0.002255 5.49089E-10
 pm  61   0.000000 -9.000000  0.000000  0.000000 0.00000E+00
 sm  62   0.099662 -0.840338 -0.129708 -0.106961 1.38990E-10
 eu  63  -0.200627 -0.710627  0.000003  0.022750 7.03563E-11
 gd  64   0.339373 -0.710627  0.000003  0.022750 2.52436E-10
 tb  65  -0.390624 -0.710624  0.000006  0.022753 4.75070E-11
 dy  66   0.418717 -0.711283 -0.000652  0.022095 3.13155E-10
 ho  67  -0.240628 -0.710628  0.000002  0.022749 6.96403E-11
 er  68   0.201748 -0.718252 -0.007622  0.015125 1.95581E-10
 tm  69  -0.590630 -0.710630  0.000001  0.022748 3.18623E-11
 yb  70   0.148343 -0.771657 -0.061027 -0.038279 1.78928E-10
 lu  71  -0.620753 -0.710753 -0.000123  0.022624 3.07887E-11
 hf  72  -0.001308 -0.711308 -0.000678  0.022069 1.30766E-10
 ta  73  -0.830682 -0.710682 -0.000051  0.022696 1.96363E-11
  w  74  -0.061151 -0.711151 -0.000520  0.022227 1.17349E-10
 re  75  -0.453228 -0.713228 -0.002598  0.020149 4.81900E-11
 os  76   0.639497 -0.710503  0.000127  0.022874 6.09488E-10
 ir  77   0.609373 -0.710627  0.000003  0.022750 5.74585E-10
 pt  78   0.877032 -0.742968 -0.032337 -0.009590 1.08001E-09
 au  79   0.089374 -0.710626  0.000004  0.022751 1.77810E-10
 hg  80   0.427755 -0.742245 -0.031614 -0.008867 3.94688E-10
 tl  81   0.059372 -0.710628  0.000002  0.022749 1.72189E-10
 pb  82   1.329368 -0.710632 -0.000002  0.022745 3.25047E-09
 bi  83  -0.060626 -0.710626  0.000004  0.022751 1.33557E-10
 po  84   0.000000 -9.000000  0.000000  0.000000 3.64632E-25
#[ls/Fe]_Thiswork =  -0.0007, [hs/Fe]_Thiswork =  -0.0011
#[hs/ls]_Thiswork =  -0.0004, [Pb/hs]_Thiswork =   0.0011
# Elemental abundance ratios: 
# He/H =  8.9252E-02, C/O =  3.1535E-01, N/O = 4.48818E-01
#
#  TP   Mass     Mcore    Menv    log L
#  3 2.499970 0.627472 1.872500 3.776450
# El  Z   log e(X)   [X/H]    [X/Fe]     [X/O]      X(i)
  p   1  12.000000  0.000000  0.000000  0.000000 7.40832E-01
 he   2  10.950350  0.020350  0.730980  0.753727 2.62419E-01
  c   6   7.498742 -0.971258 -0.260628 -0.237881 2.78343E-04
  n   7   7.645875 -0.224125  0.486505  0.509252 4.55490E-04
  o   8   7.996706 -0.733294 -0.022664  0.000000 1.16696E-03
  f   9   3.713801 -0.746199 -0.035568 -0.012905 7.22384E-08
 ne  10   7.254544 -0.715456 -0.004826  0.017838 2.66516E-04
 na  11   5.774721 -0.535279  0.175351  0.198015 1.00582E-05
 mg  12   6.929287 -0.710712 -0.000082  0.022582 1.51790E-04
 al  13   5.759429 -0.710571  0.000060  0.022723 1.13963E-05
 si  14   6.839303 -0.710698 -0.000067  0.022596 1.42578E-04
  p  15   4.759302 -0.710698 -0.000067  0.022596 1.30785E-06
  s  16   6.449301 -0.710699 -0.000069  0.022595 6.63118E-05
 cl  17   4.519300 -0.710701 -0.000070  0.022593 8.61414E-07
 ar  18   5.729294 -0.710706 -0.000075  0.022588 1.57416E-05
  k  19   4.368710 -0.711290 -0.000660  0.022004 6.71620E-07
 ca  20   5.579287 -0.710713 -0.000082  0.022581 1.11803E-05
 sc  21   2.339300 -0.710700 -0.000069  0.022594 7.21683E-09
 ti  22   4.199301 -0.710699 -0.000069  0.022595 5.56668E-07
  v  23   3.248213 -0.711787 -0.001157  0.021507 6.63053E-08
 cr  24   4.910010 -0.729990 -0.019360  0.003304 3.10627E-06
 mn  25   4.769306 -0.710694 -0.000063  0.022600 2.37377E-06
 fe  26   6.829299 -0.710701  0.000000  0.022593 2.77040E-04
 co  27   4.159298 -0.710702 -0.000001  0.022592 6.25052E-07
 ni  28   5.489303 -0.710697  0.000004  0.022597 1.33091E-05
 cu  29   3.539301 -0.710699  0.000001  0.022595 1.61677E-07
 zn  30   3.919306 -0.710694  0.000006  0.022600 3.99211E-07
 ga  31   2.369301 -0.710699  0.000001  0.022595 1.19932E-08
 ge  32   2.834926 -0.745074 -0.034374 -0.011780 3.65057E-08
 as  33   1.589297 -0.710703 -0.000002  0.022591 2.13878E-09
 se  34   2.585373 -0.754627 -0.043926 -0.021333 2.23378E-08
 br  35   1.829309 -0.710691  0.000009  0.022603 3.96402E-09
 kr  36   2.537727 -0.712273 -0.001572  0.021021 2.12432E-08
 rb  37   1.648337 -0.711663 -0.000962  0.021631 2.79512E-09
 sr  38   2.167164 -0.712836 -0.002136  0.020458 9.46294E-09
  y  39   1.459320 -0.710680  0.000021  0.022614 1.88152E-09
 zr  40   1.819302 -0.710698  0.000002  0.022596 4.42252E-09
 nb  41   0.699310 -0.710690  0.000011  0.022604 3.41675E-10
 mo  42   1.108118 -0.831882 -0.121181 -0.098588 9.04433E-10
 tc  43   0.000000 -9.000000  0.000000  0.000000 2.01226E-24
 ru  44   0.918353 -0.841647 -0.130946 -0.108353 6.15510E-10
 rh  45   0.349301 -0.710699  0.000002  0.022595 1.69045E-10
 pd  46   0.880116 -0.769884 -0.059183 -0.036590 5.93470E-10
 ag  47   0.489300 -0.710700  0.000000  0.022594 2.44597E-10
 cd  48   0.959579 -0.750421 -0.039720 -0.017127 7.52744E-10
 in  49   0.030259 -0.729741 -0.019040  0.003553 9.04749E-11
 sn  50   1.296867 -0.773133 -0.062432 -0.039839 1.72828E-09
 sb  51   0.056769 -0.953231 -0.242530 -0.219937 1.01984E-10
 te  52   1.001927 -1.178073 -0.467372 -0.444779 9.41971E-10
  i  53   0.839295 -0.710705 -0.000004  0.022589 6.44213E-10
 xe  54   1.492218 -0.747782 -0.037081 -0.014488 2.99722E-09
 cs  55   0.369301 -0.710699  0.000001  0.022595 2.28613E-10
 ba  56   1.468402 -0.711598 -0.000898  0.021696 2.96768E-09
 la  57   0.458909 -0.711091 -0.000390  0.022203 2.93690E-10
 ce  58   0.867399 -0.712601 -0.001900  0.020693 7.58832E-10
 pr  59   0.049301 -0.710699  0.000002  0.022595 1.16010E-10
 nd  60   0.714298 -0.735702 -0.025001 -0.002408 5.49089E-10
 pm  61   0.000000 -9.000000  0.000000  0.000000 0.00000E+00
 sm  62   0.099592 -0.840408 -0.129707 -0.107114 1.38990E-10
 eu  63  -0.200697 -0.710697  0.000004  0.022597 7.03563E-11
 gd  64   0.339302 -0.710698  0.000003  0.022596 2.52436E-10
 tb  65  -0.390694 -0.710694  0.000007  0.022600 4.75070E-11
 dy  66   0.418647 -0.711353 -0.000653  0.021941 3.13155E-10
 ho  67  -0.240698 -0.710698  0.000003  0.022596 6.96403E-11
 er  68   0.201678 -0.718322 -0.007621  0.014972 1.95581E-10
 tm  69  -0.590699 -0.710699  0.000001  0.022595 3.18623E-11
 yb  70   0.148273 -0.771728 -0.061027 -0.038433 1.78928E-10
 lu  71  -0.620824 -0.710824 -0.000123  0.022470 3.07887E-11
 hf  72  -0.001379 -0.711379 -0.000678  0.021915 1.30766E-10
 ta  73  -0.830752 -0.710752 -0.000052  0.022542 1.96363E-11
  w  74  -0.061220 -0.711220 -0.000520  0.022074 1.17349E-10
 re  75  -0.453299 -0.713299 -0.002598  0.019995 4.81900E-11
 os  76   0.639427 -0.710573  0.000128  0.022721 6.09488E-10
 ir  77   0.609303 -0.710697  0.000004  0.022597 5.74585E-10
 pt  78   0.876962 -0.743038 -0.032338 -0.009744 1.08001E-09
 au  79   0.089304 -0.710696  0.000004  0.022598 1.77810E-10
 hg  80   0.427686 -0.742314 -0.031614 -0.009020 3.94688E-10
 tl  81   0.059302 -0.710698  0.000003  0.022596 1.72189E-10
 pb  82   1.329298 -0.710702 -0.000001  0.022592 3.25047E-09
 bi  83  -0.060696 -0.710696  0.000005  0.022598 1.33557E-10
 po  84   0.000000 -9.000000  0.000000  0.000000 3.61124E-25
#[ls/Fe]_Thiswork =  -0.0007, [hs/Fe]_Thiswork =  -0.0011
#[hs/ls]_Thiswork =  -0.0004, [Pb/hs]_Thiswork =   0.0011
# Elemental abundance ratios: 
# He/H =  8.9197E-02, C/O =  3.1771E-01, N/O = 4.45830E-01
#
#  TP   Mass     Mcore    Menv    log L
#  4 2.499970 0.633264 1.866710 3.815600
# El  Z   log e(X)   [X/H]    [X/Fe]     [X/O]      X(i)
  p   1  12.000000  0.000000  0.000000  0.000000 7.40874E-01
 he   2  10.950256  0.020256  0.730957  0.753550 2.62377E-01
  c   6   7.501333 -0.968667 -0.257967 -0.235373 2.80025E-04
  n   7   7.643847 -0.226153  0.484547  0.507141 4.53393E-04
  o   8   7.996739 -0.733261 -0.022560  0.000000 1.16712E-03
  f   9   3.713963 -0.746037 -0.035337 -0.012777 7.22694E-08
 ne  10   7.254546 -0.715454 -0.004753  0.017807 2.66533E-04
 na  11   5.773776 -0.536224  0.174476  0.197036 1.00369E-05
 mg  12   6.929254 -0.710746 -0.000046  0.022514 1.51786E-04
 al  13   5.759643 -0.710357  0.000344  0.022904 1.14025E-05
 si  14   6.839279 -0.710721 -0.000021  0.022539 1.42578E-04
  p  15   4.759278 -0.710722 -0.000021  0.022539 1.30785E-06
  s  16   6.449276 -0.710724 -0.000023  0.022537 6.63118E-05
 cl  17   4.519276 -0.710724 -0.000024  0.022536 8.61415E-07
 ar  18   5.729270 -0.710730 -0.000030  0.022531 1.57416E-05
  k  19   4.368685 -0.711315 -0.000614  0.021946 6.71620E-07
 ca  20   5.579262 -0.710738 -0.000037  0.022523 1.11803E-05
 sc  21   2.339275 -0.710725 -0.000024  0.022536 7.21683E-09
 ti  22   4.199276 -0.710723 -0.000023  0.022537 5.56668E-07
  v  23   3.248188 -0.711812 -0.001112  0.021449 6.63053E-08
 cr  24   4.909986 -0.730014 -0.019314  0.003246 3.10627E-06
 mn  25   4.769282 -0.710718 -0.000018  0.022542 2.37377E-06
 fe  26   6.829275 -0.710725  0.000000  0.022536 2.77040E-04
 co  27   4.159274 -0.710726 -0.000001  0.022534 6.25052E-07
 ni  28   5.489279 -0.710721  0.000004  0.022540 1.33091E-05
 cu  29   3.539276 -0.710724  0.000001  0.022537 1.61677E-07
 zn  30   3.919281 -0.710719  0.000006  0.022542 3.99211E-07
 ga  31   2.369276 -0.710724  0.000001  0.022537 1.19932E-08
 ge  32   2.834901 -0.745099 -0.034374 -0.011838 3.65057E-08
 as  33   1.589273 -0.710726 -0.000002  0.022534 2.13878E-09
 se  34   2.585349 -0.754651 -0.043926 -0.021390 2.23378E-08
 br  35   1.829285 -0.710715  0.000010  0.022545 3.96402E-09
 kr  36   2.537704 -0.712296 -0.001572  0.020964 2.12432E-08
 rb  37   1.648313 -0.711687 -0.000962  0.021573 2.79512E-09
 sr  38   2.167139 -0.712861 -0.002136  0.020400 9.46294E-09
  y  39   1.459295 -0.710705  0.000020  0.022556 1.88152E-09
 zr  40   1.819277 -0.710723  0.000002  0.022537 4.42252E-09
 nb  41   0.699286 -0.710714  0.000010  0.022546 3.41675E-10
 mo  42   1.108093 -0.831907 -0.121182 -0.098646 9.04433E-10
 tc  43   0.000000 -9.000000  0.000000  0.000000 1.89429E-23
 ru  44   0.918329 -0.841671 -0.130946 -0.108410 6.15510E-10
 rh  45   0.349277 -0.710723  0.000001  0.022537 1.69045E-10
 pd  46   0.880092 -0.769908 -0.059183 -0.036648 5.93470E-10
 ag  47   0.489276 -0.710724  0.000001  0.022537 2.44597E-10
 cd  48   0.959555 -0.750445 -0.039721 -0.017185 7.52744E-10
 in  49   0.030234 -0.729766 -0.019041  0.003495 9.04749E-11
 sn  50   1.296843 -0.773157 -0.062433 -0.039897 1.72828E-09
 sb  51   0.056745 -0.953255 -0.242531 -0.219995 1.01984E-10
 te  52   1.001904 -1.178097 -0.467372 -0.444836 9.41971E-10
  i  53   0.839271 -0.710729 -0.000005  0.022531 6.44213E-10
 xe  54   1.492194 -0.747806 -0.037081 -0.014545 2.99722E-09
 cs  55   0.369276 -0.710724  0.000001  0.022537 2.28613E-10
 ba  56   1.468377 -0.711623 -0.000898  0.021638 2.96768E-09
 la  57   0.458884 -0.711116 -0.000391  0.022145 2.93690E-10
 ce  58   0.867374 -0.712626 -0.001901  0.020635 7.58832E-10
 pr  59   0.049276 -0.710724  0.000001  0.022537 1.16010E-10
 nd  60   0.714273 -0.735727 -0.025002 -0.002466 5.49089E-10
 pm  61   0.000000 -9.000000  0.000000  0.000000 0.00000E+00
 sm  62   0.099567 -0.840433 -0.129708 -0.107172 1.38990E-10
 eu  63  -0.200722 -0.710722  0.000003  0.022539 7.03563E-11
 gd  64   0.339278 -0.710722  0.000003  0.022539 2.52436E-10
 tb  65  -0.390718 -0.710718  0.000006  0.022542 4.75070E-11
 dy  66   0.418623 -0.711377 -0.000652  0.021884 3.13155E-10
 ho  67  -0.240723 -0.710723  0.000002  0.022538 6.96403E-11
 er  68   0.201653 -0.718347 -0.007622  0.014914 1.95581E-10
 tm  69  -0.590724 -0.710724  0.000001  0.022537 3.18623E-11
 yb  70   0.148249 -0.771751 -0.061027 -0.038491 1.78928E-10
 lu  71  -0.620848 -0.710848 -0.000123  0.022413 3.07887E-11
 hf  72  -0.001403 -0.711403 -0.000678  0.021858 1.30766E-10
 ta  73  -0.830776 -0.710776 -0.000051  0.022484 1.96363E-11
  w  74  -0.061245 -0.711245 -0.000520  0.022016 1.17349E-10
 re  75  -0.453323 -0.713323 -0.002599  0.019937 4.81899E-11
 os  76   0.639402 -0.710598  0.000127  0.022663 6.09488E-10
 ir  77   0.609279 -0.710721  0.000003  0.022539 5.74585E-10
 pt  78   0.876938 -0.743062 -0.032337 -0.009802 1.08001E-09
 au  79   0.089279 -0.710721  0.000004  0.022540 1.77810E-10
 hg  80   0.427661 -0.742339 -0.031614 -0.009078 3.94688E-10
 tl  81   0.059278 -0.710722  0.000002  0.022538 1.72189E-10
 pb  82   1.329273 -0.710727 -0.000002  0.022534 3.25047E-09
 bi  83  -0.060720 -0.710720  0.000004  0.022540 1.33557E-10
 po  84   0.000000 -9.000000  0.000000  0.000000 8.17676E-25
#[ls/Fe]_Thiswork =  -0.0007, [hs/Fe]_Thiswork =  -0.0011
#[hs/ls]_Thiswork =  -0.0004, [Pb/hs]_Thiswork =   0.0011
# Elemental abundance ratios: 
# He/H =  8.9178E-02, C/O =  3.1959E-01, N/O = 4.43719E-01
#
#  TP   Mass     Mcore    Menv    log L
#  5 2.499960 0.638795 1.861170 3.853830
# El  Z   log e(X)   [X/H]    [X/Fe]     [X/O]      X(i)
  p   1  12.000000  0.000000  0.000000  0.000000 7.40291E-01
 he   2  10.951304  0.021304  0.732029  0.754565 2.62804E-01
  c   6   7.669482 -0.800518 -0.089793 -0.067257 4.12101E-04
  n   7   7.644427 -0.225573  0.485152  0.507688 4.53643E-04
  o   8   7.998789 -0.731210 -0.020485  0.000000 1.17172E-03
  f   9   3.777122 -0.682878  0.027846  0.048332 8.35164E-08
 ne  10   7.275300 -0.694700  0.016025  0.036510 2.79359E-04
 na  11   5.776173 -0.533827  0.176898  0.197383 1.00845E-05
 mg  12   6.929601 -0.710399  0.000326  0.020811 1.51788E-04
 al  13   5.761404 -0.708596  0.002129  0.022614 1.14398E-05
 si  14   6.839638 -0.710362  0.000363  0.020848 1.42584E-04
  p  15   4.760859 -0.709140  0.001585  0.022070 1.31159E-06
  s  16   6.449602 -0.710398  0.000327  0.020812 6.63094E-05
 cl  17   4.520130 -0.709870  0.000854  0.021340 8.62432E-07
 ar  18   5.729572 -0.710428  0.000297  0.020782 1.57402E-05
  k  19   4.369165 -0.710835 -0.000110  0.020375 6.71833E-07
 ca  20   5.579560 -0.710440  0.000285  0.020771 1.11791E-05
 sc  21   2.340915 -0.709085  0.001640  0.022125 7.23843E-09
 ti  22   4.199995 -0.710005  0.000720  0.021205 5.57152E-07
  v  23   3.248462 -0.711538 -0.000813  0.019672 6.62949E-08
 cr  24   4.910318 -0.729681 -0.018957  0.001529 3.10621E-06
 mn  25   4.769796 -0.710204  0.000521  0.021006 2.37471E-06
 fe  26   6.829584 -0.710416  0.000000  0.020794 2.77020E-04
 co  27   4.160719 -0.709280  0.001135  0.021930 6.26643E-07
 ni  28   5.489639 -0.710361  0.000055  0.020850 1.33097E-05
 cu  29   3.541584 -0.708416  0.002000  0.022794 1.62411E-07
 zn  30   3.920646 -0.709354  0.001061  0.021856 4.00152E-07
 ga  31   2.376746 -0.703254  0.007162  0.027956 1.21917E-08
 ge  32   2.843486 -0.736514 -0.026098 -0.005304 3.72052E-08
 as  33   1.594662 -0.705338  0.005078  0.025872 2.16378E-09
 se  34   2.601635 -0.738365 -0.027949 -0.007155 2.31731E-08
 br  35   1.836256 -0.703744  0.006672  0.027466 4.02501E-09
 kr  36   2.561493 -0.688507  0.021909  0.042703 2.24217E-08
 rb  37   1.672207 -0.687793  0.022623  0.043417 2.95089E-09
 sr  38   2.285655 -0.594345  0.116071  0.136865 1.24222E-08
  y  39   1.608756 -0.561244  0.149172  0.169966 2.65234E-09
 zr  40   1.981444 -0.548556  0.161860  0.182655 6.41942E-09
 nb  41   0.838760 -0.571240  0.139176  0.159971 4.70702E-10
 mo  42   1.252359 -0.687641  0.022775  0.043570 1.25980E-09
 tc  43  -0.740258 -9.000000  0.000000  0.000000 1.30891E-11
 ru  44   1.032016 -0.727984 -0.017568  0.003226 7.99061E-10
 rh  45   0.389031 -0.670969  0.039447  0.060242 1.85103E-10
 pd  46   1.019192 -0.630808  0.079608  0.100402 8.16878E-10
 ag  47   0.524375 -0.675625  0.034791  0.055585 2.64978E-10
 cd  48   1.122502 -0.587498  0.122918  0.143713 1.09459E-09
 in  49   0.137223 -0.622777  0.087639  0.108433 1.15658E-10
 sn  50   1.496962 -0.573038  0.137378  0.158172 2.73773E-09
 sb  51   0.172519 -0.837481 -0.127065 -0.106271 1.33035E-10
 te  52   1.164768 -1.015232 -0.304816 -0.284022 1.36950E-09
  i  53   0.856971 -0.693029  0.017387  0.038181 6.70484E-10
 xe  54   1.567154 -0.672846  0.037570  0.058364 3.55908E-09
 cs  55   0.470156 -0.609844  0.100572  0.121366 2.88163E-10
 ba  56   1.858521 -0.321480  0.388936  0.409731 7.28146E-09
 la  57   0.858826 -0.311174  0.399242  0.420036 7.37035E-10
 ce  58   1.329440 -0.250560  0.459856  0.480650 2.19720E-09
 pr  59   0.371182 -0.388818  0.321598  0.342393 2.43254E-10
 nd  60   1.128634 -0.321366  0.389050  0.409845 1.42450E-09
 pm  61   0.000000 -9.000000  0.000000  0.000000 0.00000E+00
 sm  62   0.417848 -0.522152  0.188263  0.209058 2.89016E-10
 eu  63  -0.137543 -0.647543  0.062873  0.083668 8.13093E-11
 gd  64   0.484983 -0.565017  0.145399  0.166194 3.52790E-10
 tb  65  -0.308806 -0.628806  0.081609  0.102404 5.73229E-11
 dy  66   0.586700 -0.543300  0.167116  0.187911 4.60782E-10
 ho  67  -0.163342 -0.633342  0.077074  0.097869 8.31573E-11
 er  68   0.379759 -0.540241  0.170175  0.190969 2.94504E-10
 tm  69  -0.452644 -0.572644  0.137771  0.158566 4.37537E-11
 yb  70   0.514802 -0.405198  0.305218  0.326012 4.15806E-10
 lu  71  -0.343681 -0.433681  0.276735  0.297529 5.82393E-11
 hf  72   0.438793 -0.271207  0.439209  0.460003 3.60038E-10
 ta  73  -0.459773 -0.339773  0.370643  0.391437 4.61023E-11
  w  74   0.384367 -0.265633  0.444783  0.465577 3.27152E-10
 re  75  -0.293808 -0.553808  0.156608  0.177402 6.95232E-11
 os  76   0.776066 -0.573934  0.136482  0.157276 8.34232E-10
 ir  77   0.630521 -0.689479  0.020937  0.041731 6.02913E-10
 pt  78   0.950701 -0.669299  0.041117  0.061911 1.27894E-09
 au  79   0.161040 -0.638960  0.071456  0.092251 2.09592E-10
 hg  80   0.875850 -0.294150  0.416266  0.437060 1.10688E-09
 tl  81   0.487333 -0.282667  0.427749  0.448544 4.61021E-10
 pb  82   2.196641  0.156641  0.867057  0.887851 2.39317E-08
 bi  83   0.316752 -0.333248  0.377168  0.397963 3.18272E-10
 po  84   0.370089 -9.000000  0.000000  0.000000 3.59896E-10
#[ls/Fe]_Thiswork =   0.1424, [hs/Fe]_Thiswork =   0.4160
#[hs/ls]_Thiswork =   0.2736, [Pb/hs]_Thiswork =   0.4510
# Elemental abundance ratios: 
# He/H =  8.9393E-02, C/O =  4.6848E-01, N/O = 4.42220E-01
#
#  TP   Mass     Mcore    Menv    log L
#  6 2.499960 0.643612 1.856340 3.891790
# El  Z   log e(X)   [X/H]    [X/Fe]     [X/O]      X(i)
  p   1  12.000000  0.000000  0.000000  0.000000 7.38976E-01
 he   2  10.953478  0.023478  0.733893  0.754688 2.63653E-01
  c   6   7.948558 -0.521442  0.188974  0.209768 7.82181E-04
  n   7   7.643846 -0.226154  0.484262  0.505056 4.52231E-04
  o   8   8.006733 -0.723267 -0.012851  0.000000 1.19123E-03
  f   9   3.958749 -0.501251  0.209165  0.222015 1.26656E-07
 ne  10   7.362092 -0.607908  0.102508  0.115359 3.40552E-04
 na  11   5.801704 -0.508296  0.202120  0.214971 1.06761E-05
 mg  12   6.931256 -0.708744  0.001672  0.014523 1.52097E-04
 al  13   5.765329 -0.704670  0.005745  0.018596 1.15232E-05
 si  14   6.840471 -0.709529  0.000886  0.013737 1.42604E-04
  p  15   4.766931 -0.703069  0.007347  0.020198 1.32770E-06
  s  16   6.450315 -0.709684  0.000731  0.013582 6.63005E-05
 cl  17   4.522428 -0.707572  0.002844  0.015695 8.65468E-07
 ar  18   5.730211 -0.709789  0.000627  0.013477 1.57353E-05
  k  19   4.370439 -0.709561  0.000854  0.013705 6.72610E-07
 ca  20   5.580184 -0.709816  0.000599  0.013450 1.11753E-05
 sc  21   2.346074 -0.703926  0.006490  0.019341 7.31193E-09
 ti  22   4.202374 -0.707625  0.002790  0.015641 5.59217E-07
  v  23   3.249190 -0.710810 -0.000394  0.012457 6.62882E-08
 cr  24   4.911055 -0.728945 -0.018529 -0.005678 3.10595E-06
 mn  25   4.770988 -0.709013  0.001403  0.014254 2.37701E-06
 fe  26   6.830220 -0.709780  0.000000  0.013487 2.76933E-04
 co  27   4.164989 -0.705010  0.004769  0.018256 6.31711E-07
 ni  28   5.490527 -0.709473  0.000307  0.013793 1.33132E-05
 cu  29   3.548914 -0.701086  0.008694  0.022181 1.64881E-07
 zn  30   3.926249 -0.703752  0.006028  0.019515 4.04628E-07
 ga  31   2.408071 -0.671929  0.037850  0.051337 1.30803E-08
 ge  32   2.879195 -0.700805  0.008975  0.022462 4.03219E-08
 as  33   1.617114 -0.682886  0.026894  0.040381 2.27454E-09
 se  34   2.665237 -0.674762  0.035017  0.048504 2.67803E-08
 br  35   1.865744 -0.674256  0.035523  0.049010 4.30014E-09
 kr  36   2.647900 -0.602100  0.107679  0.121166 2.73088E-08
 rb  37   1.741240 -0.618760  0.091019  0.104506 3.45313E-09
 sr  38   2.586724 -0.293276  0.416504  0.429991 2.48026E-08
  y  39   1.939952 -0.230048  0.479732  0.493218 5.67614E-09
 zr  40   2.334989 -0.195011  0.514768  0.528255 1.44633E-08
 nb  41   1.155204 -0.254796  0.454984  0.468470 9.73683E-10
 mo  42   1.588702 -0.351298  0.358482  0.371969 2.72817E-09
 tc  43  -0.046887 -9.000000  0.000000  0.000000 6.44924E-11
 ru  44   1.329820 -0.430180  0.279599  0.293086 1.58348E-09
 rh  45   0.525315 -0.534685  0.175095  0.188582 2.52887E-10
 pd  46   1.350625 -0.299375  0.410405  0.423892 1.74912E-09
 ag  47   0.645371 -0.554629  0.155151  0.168638 3.49489E-10
 cd  48   1.482754 -0.227246  0.482533  0.496020 2.50457E-09
 in  49   0.415132 -0.344868  0.364911  0.378398 2.18933E-10
 sn  50   1.899300 -0.170700  0.539079  0.552566 6.90171E-09
 sb  51   0.466911 -0.543089  0.166691  0.180178 2.61569E-10
 te  52   1.533865 -0.646135  0.063645  0.077132 3.19805E-09
  i  53   0.925359 -0.624641  0.085139  0.098625 7.83438E-10
 xe  54   1.792610 -0.447390  0.262390  0.275877 5.97065E-09
 cs  55   0.704056 -0.375944  0.333835  0.347322 4.92909E-10
 ba  56   2.419440  0.239440  0.949220  0.962707 2.64464E-08
 la  57   1.426575  0.256575  0.966354  0.979841 2.71935E-09
 ce  58   1.935139  0.355139  1.064918  1.078405 8.84701E-09
 pr  59   0.900735  0.140735  0.850515  0.864002 8.21940E-10
 nd  60   1.712708  0.262707  0.972487  0.985974 5.45711E-09
 pm  61   0.000000 -9.000000  0.000000  0.000000 0.00000E+00
 sm  62   0.965071  0.025071  0.734850  0.748337 1.01712E-09
 eu  63   0.085989 -0.424011  0.285769  0.299256 1.35800E-10
 gd  64   0.853321 -0.196679  0.513101  0.526588 8.22398E-10
 tb  65  -0.054026 -0.374026  0.335754  0.349241 1.02881E-10
 dy  66   0.987612 -0.142388  0.567392  0.580878 1.15780E-09
 ho  67   0.087667 -0.382333  0.327447  0.340934 1.47958E-10
 er  68   0.790828 -0.129172  0.580607  0.594094 7.57508E-10
 tm  69  -0.094802 -0.214802  0.494978  0.508465 9.95601E-11
 yb  70   1.075618  0.155618  0.865398  0.878884 1.50985E-09
 lu  71   0.163671  0.073671  0.783450  0.796937 1.86980E-10
 hf  72   1.033659  0.323659  1.033439  1.046926 1.41398E-09
 ta  73   0.113502  0.233502  0.943281  0.956768 1.72276E-10
  w  74   0.983220  0.333220  1.043000  1.056487 1.29667E-09
 re  75   0.087517 -0.172483  0.537297  0.550783 1.66987E-10
 os  76   1.123565 -0.226435  0.483344  0.496831 1.85359E-09
 ir  77   0.718818 -0.601182  0.108597  0.122084 7.37530E-10
 pt  78   1.201159 -0.418841  0.290939  0.304426 2.27268E-09
 au  79   0.410431 -0.389569  0.320211  0.333697 3.71530E-10
 hg  80   1.480276  0.310276  1.020056  1.033543 4.44381E-09
 tl  81   0.994163  0.224163  0.933942  0.947429 1.47835E-09
 pb  82   2.875301  0.835301  1.545081  1.558568 1.13988E-07
 bi  83   0.838084  0.188084  0.897864  0.911351 1.05526E-09
 po  84   1.085651 -9.000000  0.000000  0.000000 1.86624E-09
#[ls/Fe]_Thiswork =   0.4703, [hs/Fe]_Thiswork =   0.9935
#[hs/ls]_Thiswork =   0.5232, [Pb/hs]_Thiswork =   0.5516
# Elemental abundance ratios: 
# He/H =  8.9842E-02, C/O =  8.7463E-01, N/O = 4.33623E-01
#
#  TP   Mass     Mcore    Menv    log L
#  7 2.499940 0.647769 1.852170 3.925200
# El  Z   log e(X)   [X/H]    [X/Fe]     [X/O]      X(i)
  p   1  12.000000  0.000000  0.000000  0.000000 7.36907E-01
 he   2  10.956885  0.026885  0.736665  0.750152 2.64986E-01
  c   6   8.183231 -0.286769  0.423011  0.436498 1.33894E-03
  n   7   7.644381 -0.225619  0.484161  0.497648 4.51521E-04
  o   8   8.020016 -0.709984 -0.000204  0.000000 1.22479E-03
  f   9   4.157247 -0.302753  0.407027  0.407231 1.99484E-07
 ne  10   7.492742 -0.477258  0.232522  0.232726 4.58791E-04
 na  11   5.867688 -0.442312  0.267468  0.267672 1.23931E-05
 mg  12   6.935662 -0.704338  0.005442  0.005646 1.53218E-04
 al  13   5.771768 -0.698232  0.011548  0.011752 1.16626E-05
 si  14   6.841807 -0.708193  0.001586  0.001791 1.42643E-04
  p  15   4.777407 -0.692593  0.017187  0.017391 1.35630E-06
  s  16   6.451435 -0.708565  0.001215  0.001419 6.62854E-05
 cl  17   4.526005 -0.703995  0.005785  0.005989 8.70182E-07
 ar  18   5.731208 -0.708792  0.000988  0.001192 1.57273E-05
  k  19   4.372514 -0.707486  0.002294  0.002498 6.73938E-07
 ca  20   5.581155 -0.708845  0.000935  0.001139 1.11690E-05
 sc  21   2.354977 -0.695023  0.014756  0.014961 7.44246E-09
 ti  22   4.206377 -0.703623  0.006156  0.006361 5.62814E-07
  v  23   3.250488 -0.709512  0.000268  0.000472 6.63004E-08
 cr  24   4.912210 -0.727790 -0.018011 -0.017807 3.10550E-06
 mn  25   4.772880 -0.707120  0.002660  0.002864 2.38070E-06
 fe  26   6.831199 -0.708801  0.000000  0.001183 2.76780E-04
 co  27   4.171905 -0.698095  0.010705  0.011889 6.40052E-07
 ni  28   5.491971 -0.708029  0.000772  0.001955 1.33201E-05
 cu  29   3.561203 -0.688797  0.020004  0.021187 1.69139E-07
 zn  30   3.936278 -0.693722  0.015079  0.016262 4.12922E-07
 ga  31   2.458886 -0.621114  0.087687  0.088870 1.46627E-08
 ge  32   2.937054 -0.642946  0.065855  0.067038 4.59390E-08
 as  33   1.654930 -0.645070  0.063731  0.064914 2.47453E-09
 se  34   2.758867 -0.581133  0.127668  0.128851 3.31304E-08
 br  35   1.916632 -0.623368  0.085433  0.086616 4.82116E-09
 kr  36   2.767624 -0.482376  0.226425  0.227608 3.58764E-08
 rb  37   1.848150 -0.511850  0.196951  0.198134 4.40459E-09
 sr  38   2.856913 -0.023088  0.685713  0.686896 4.60752E-08
  y  39   2.224149  0.054149  0.762949  0.764132 1.08901E-08
 zr  40   2.629618  0.099618  0.808419  0.809602 2.84236E-08
 nb  41   1.435582  0.025582  0.734383  0.735566 1.85173E-09
 mo  42   1.879834 -0.060166  0.648635  0.649818 5.31846E-09
 tc  43   0.297085 -9.000000  0.000000  0.000000 1.41992E-10
 ru  44   1.604686 -0.155314  0.553487  0.554670 2.97344E-09
 rh  45   0.694874 -0.365126  0.343675  0.344858 3.72620E-10
 pd  46   1.639632 -0.010368  0.698433  0.699616 3.39318E-09
 ag  47   0.801053 -0.398947  0.309854  0.311037 4.98766E-10
 cd  48   1.784400  0.074400  0.783201  0.784384 5.00219E-09
 in  49   0.679830 -0.080170  0.628630  0.629813 4.01598E-10
 sn  50   2.216505  0.146505  0.855306  0.856489 1.42871E-08
 sb  51   0.739575 -0.270425  0.438376  0.439559 4.88689E-10
 te  52   1.839520 -0.340480  0.368321  0.369504 6.44648E-09
  i  53   1.026486 -0.523514  0.185287  0.186470 9.86082E-10
 xe  54   2.030372 -0.209628  0.499172  0.500355 1.02936E-08
 cs  55   0.963440 -0.116560  0.592241  0.593424 8.93168E-10
 ba  56   2.790145  0.610145  1.318946  1.320129 6.19231E-08
 la  57   1.801146  0.631146  1.339946  1.341129 6.42419E-09
 ce  58   2.321839  0.741839  1.450640  1.451823 2.14921E-08
 pr  59   1.276738  0.516738  1.225539  1.226722 1.94817E-09
 nd  60   2.095520  0.645520  1.354321  1.355504 1.31388E-08
 pm  61   0.000000 -9.000000  0.000000  0.000000 0.00000E+00
 sm  62   1.334158  0.394158  1.102959  1.104142 2.37269E-09
 eu  63   0.336834 -0.173166  0.535635  0.536818 2.41283E-10
 gd  64   1.181342  0.131342  0.840143  0.841326 1.74536E-09
 tb  65   0.215261 -0.104739  0.604062  0.605245 1.90724E-10
 dy  66   1.320428  0.190428  0.899229  0.900412 2.48447E-09
 ho  67   0.353310 -0.116690  0.592110  0.593293 2.71995E-10
 er  68   1.136471  0.216471  0.925272  0.926455 1.67422E-09
 tm  69   0.225395  0.105395  0.814196  0.815379 2.07522E-10
 yb  70   1.453918  0.533917  1.242718  1.243901 3.59762E-09
 lu  71   0.526028  0.436028  1.144828  1.146011 4.29473E-10
 hf  72   1.427669  0.717669  1.426469  1.427652 3.49329E-09
 ta  73   0.505513  0.625513  1.334314  1.335497 4.23662E-10
  w  74   1.373488  0.723488  1.432289  1.433472 3.17600E-09
 re  75   0.432611  0.172611  0.881412  0.882595 3.68604E-10
 os  76   1.434278  0.084278  0.793078  0.794261 3.78015E-09
 ir  77   0.851172 -0.468828  0.239973  0.241156 9.97507E-10
 pt  78   1.463336 -0.156664  0.552137  0.553320 4.14473E-09
 au  79   0.678066 -0.121934  0.586867  0.588050 6.86138E-10
 hg  80   1.872745  0.702745  1.411545  1.412728 1.09397E-08
 tl  81   1.372694  0.602694  1.311495  1.312678 3.52445E-09
 pb  82   3.240334  1.200334  1.909134  1.910317 2.63436E-07
 bi  83   1.170731  0.520731  1.229531  1.230714 2.26353E-09
 po  84   1.461536 -9.000000  0.000000  0.000000 4.42217E-09
#[ls/Fe]_Thiswork =   0.7524, [hs/Fe]_Thiswork =   1.3698
#[hs/ls]_Thiswork =   0.6175, [Pb/hs]_Thiswork =   0.5393
# Elemental abundance ratios: 
# He/H =  9.0549E-02, C/O =  1.4562E+00, N/O = 4.21080E-01
#
#  TP   Mass     Mcore    Menv    log L
#  8 2.499900 0.651380 1.848520 3.953460
# El  Z   log e(X)   [X/H]    [X/Fe]     [X/O]      X(i)
  p   1  12.000000  0.000000  0.000000  0.000000 7.34199E-01
 he   2  10.961356  0.031356  0.740157  0.741340 2.66744E-01
  c   6   8.367814 -0.102186  0.606615  0.607798 2.04055E-03
  n   7   7.644991 -0.225009  0.483792  0.484975 4.50494E-04
  o   8   8.036341 -0.693659  0.015142  0.000000 1.26703E-03
  f   9   4.343021 -0.116979  0.591822  0.576680 3.04848E-07
 ne  10   7.628175 -0.341825  0.366976  0.351834 6.24380E-04
 na  11   5.965841 -0.344159  0.364642  0.349500 1.54787E-05
 mg  12   6.943510 -0.696490  0.012311 -0.002831 1.55438E-04
 al  13   5.780534 -0.689466  0.019335  0.004193 1.18566E-05
 si  14   6.843591 -0.706409  0.002392 -0.012750 1.42704E-04
  p  15   4.790914 -0.679086  0.029715  0.014573 1.39401E-06
  s  16   6.452900 -0.707099  0.001701 -0.013441 6.62652E-05
 cl  17   4.530620 -0.699380  0.009421 -0.005721 8.76247E-07
 ar  18   5.732522 -0.707479  0.001322 -0.013820 1.57170E-05
  k  19   4.375270 -0.704730  0.004071 -0.011071 6.75738E-07
 ca  20   5.582428 -0.707572  0.001228 -0.013914 1.11606E-05
 sc  21   2.367244 -0.682756  0.026045  0.010903 7.62755E-09
 ti  22   4.211482 -0.698518  0.010283 -0.004859 5.67376E-07
  v  23   3.252230 -0.707770  0.001030 -0.014112 6.63222E-08
 cr  24   4.913715 -0.726285 -0.017484 -0.032626 3.10484E-06
 mn  25   4.775434 -0.704566  0.004234 -0.010908 2.38594E-06
 fe  26   6.832483 -0.707517  0.000000 -0.013858 2.76580E-04
 co  27   4.181293 -0.688707  0.018810  0.004952 6.51636E-07
 ni  28   5.493888 -0.706112  0.001405 -0.012453 1.33299E-05
 cu  29   3.577641 -0.672359  0.035159  0.021300 1.75018E-07
 zn  30   3.949879 -0.680121  0.027396  0.013537 4.24492E-07
 ga  31   2.519326 -0.560674  0.146843  0.132985 1.67902E-08
 ge  32   3.005409 -0.574591  0.132926  0.119068 5.35721E-08
 as  33   1.701942 -0.598058  0.109460  0.095601 2.74730E-09
 se  34   2.859859 -0.480141  0.227376  0.213517 4.16503E-08
 br  35   1.981265 -0.558735  0.148782  0.134924 5.57425E-09
 kr  36   2.893253 -0.356747  0.350770  0.336912 4.77354E-08
 rb  37   1.974277 -0.385722  0.321795  0.307936 5.86725E-09
 sr  38   3.070076  0.190076  0.897593  0.883735 7.49951E-08
  y  39   2.446114  0.276114  0.983631  0.969772 1.80883E-08
 zr  40   2.856961  0.326961  1.034478  1.020620 4.77996E-08
 nb  41   1.659037  0.249037  0.956554  0.942695 3.08627E-09
 mo  42   2.107726  0.167726  0.875243  0.861385 8.95528E-09
 tc  43   0.515646 -9.000000  0.000000  0.000000 2.34005E-10
 ru  44   1.825076  0.065076  0.772593  0.758735 4.92099E-09
 rh  45   0.857632 -0.202368  0.505149  0.491291 5.40040E-10
 pd  46   1.866705  0.216705  0.924222  0.910364 5.70271E-09
 ag  47   0.955735 -0.244265  0.463252  0.449394 7.09547E-10
 cd  48   2.018516  0.308516  1.016033  1.002174 8.54433E-09
 in  49   0.897896  0.137896  0.845413  0.831555 6.61087E-10
 sn  50   2.458748  0.388748  1.096265  1.082407 2.48650E-08
 sb  51   0.963077 -0.046923  0.660594  0.646735 8.14581E-10
 te  52   2.077794 -0.102206  0.605311  0.591453 1.11173E-08
  i  53   1.141221 -0.408779  0.298738  0.284880 1.27953E-09
 xe  54   2.239301 -0.000699  0.706818  0.692960 1.65919E-08
 cs  55   1.200688  0.120688  0.828205  0.814347 1.53668E-09
 ba  56   3.052678  0.872678  1.580195  1.566337 1.12924E-07
 la  57   2.063787  0.893787  1.601304  1.587445 1.17182E-08
 ce  58   2.583853  1.003853  1.711370  1.697512 3.91466E-08
 pr  59   1.539055  0.779055  1.486572  1.472714 3.55095E-09
 nd  60   2.352889  0.902889  1.610406  1.596548 2.36771E-08
 pm  61   0.000000 -9.000000  0.000000  0.000000 0.00000E+00
 sm  62   1.579004  0.639004  1.346521  1.332663 4.15422E-09
 eu  63   0.539980  0.029980  0.737497  0.723639 3.83773E-10
 gd  64   1.419847  0.369848  1.077365  1.063506 3.01156E-09
 tb  65   0.427486  0.107486  0.815004  0.801145 3.09765E-10
 dy  66   1.556990  0.426990  1.134507  1.120649 4.26772E-09
 ho  67   0.562904  0.092904  0.800421  0.786563 4.39094E-10
 er  68   1.384201  0.464201  1.171718  1.157860 2.95083E-09
 tm  69   0.457988  0.337988  1.045505  1.031647 3.53230E-10
 yb  70   1.705860  0.785860  1.493377  1.479519 6.40265E-09
 lu  71   0.767656  0.677656  1.385173  1.371315 7.46390E-10
 hf  72   1.687199  0.977199  1.684716  1.670857 6.32654E-09
 ta  73   0.764659  0.884659  1.592176  1.578318 7.66596E-10
  w  74   1.628885  0.978885  1.686402  1.672544 5.69742E-09
 re  75   0.680665  0.420665  1.128182  1.114324 6.50151E-10
 os  76   1.657742  0.307742  1.015259  1.001400 6.30049E-09
 ir  77   0.982058 -0.337942  0.369575  0.355716 1.34339E-09
 pt  78   1.663746  0.043746  0.751263  0.737405 6.55100E-09
 au  79   0.880602  0.080602  0.788119  0.774261 1.08981E-09
 hg  80   2.122815  0.952815  1.660332  1.646474 1.93855E-08
 tl  81   1.634916  0.864916  1.572433  1.558575 6.42265E-09
 pb  82   3.451445  1.411445  2.118962  2.105103 4.26764E-07
 bi  83   1.381576  0.731576  1.439093  1.425234 3.66466E-09
 po  84   1.689993 -9.000000  0.000000  0.000000 7.45576E-09
#[ls/Fe]_Thiswork =   0.9719, [hs/Fe]_Thiswork =   1.6310
#[hs/ls]_Thiswork =   0.6591, [Pb/hs]_Thiswork =   0.4880
# Elemental abundance ratios: 
# He/H =  9.1486E-02, C/O =  2.1452E+00, N/O = 4.06116E-01
#
#  TP   Mass     Mcore    Menv    log L
#  9 2.499810 0.654540 1.845270 3.977490
# El  Z   log e(X)   [X/H]    [X/Fe]     [X/O]      X(i)
  p   1  12.000000  0.000000  0.000000  0.000000 7.31153E-01
 he   2  10.966386  0.036386  0.743903  0.730044 2.68732E-01
  c   6   8.510979  0.040978  0.748496  0.734637 2.82557E-03
  n   7   7.643619 -0.226381  0.481136  0.467278 4.47211E-04
  o   8   8.052567 -0.677432  0.030085  0.000000 1.30981E-03
  f   9   4.506869  0.046869  0.754386  0.724301 4.42716E-07
 ne  10   7.743754 -0.226245  0.481272  0.451187 8.11379E-04
 na  11   6.055683 -0.254317  0.453200  0.423115 1.89570E-05
 mg  12   6.954206 -0.685794  0.021723 -0.008362 1.58654E-04
 al  13   5.790551 -0.679449  0.028069 -0.002017 1.20830E-05
 si  14   6.845637 -0.704363  0.003154 -0.026931 1.42783E-04
  p  15   4.805529 -0.664471  0.043046  0.012961 1.43573E-06
  s  16   6.454554 -0.705446  0.002071 -0.028014 6.62419E-05
 cl  17   4.535784 -0.694216  0.013301 -0.016784 8.83049E-07
 ar  18   5.734008 -0.705992  0.001525 -0.028560 1.57055E-05
  k  19   4.378414 -0.701586  0.005931 -0.024154 6.77823E-07
 ca  20   5.583856 -0.706144  0.001373 -0.028712 1.11509E-05
 sc  21   2.381680 -0.668319  0.039198  0.009113 7.85266E-09
 ti  22   4.216901 -0.693099  0.014419 -0.015666 5.72118E-07
  v  23   3.254131 -0.705869  0.001648 -0.028437 6.63370E-08
 cr  24   4.915406 -0.724594 -0.017077 -0.047162 3.10401E-06
 mn  25   4.778425 -0.701575  0.005942 -0.024143 2.39247E-06
 fe  26   6.833940 -0.706060  0.000000 -0.028628 2.76358E-04
 co  27   4.192777 -0.677223  0.028838  0.000209 6.66322E-07
 ni  28   5.496086 -0.703914  0.002147 -0.026482 1.33420E-05
 cu  29   3.596717 -0.653283  0.052777  0.024149 1.82118E-07
 zn  30   3.965523 -0.664477  0.041583  0.012955 4.38236E-07
 ga  31   2.580146 -0.499854  0.206206  0.177578 1.92340E-08
 ge  32   3.074006 -0.505994  0.200067  0.171438 6.24784E-08
 as  33   1.751742 -0.548258  0.157803  0.129174 3.06832E-09
 se  34   2.954394 -0.385606  0.320455  0.291826 5.15644E-08
 br  35   2.050687 -0.489313  0.216747  0.188119 6.51333E-09
 kr  36   3.012888 -0.237112  0.468948  0.440320 6.26138E-08
 rb  37   2.103810 -0.256190  0.449871  0.421242 7.87339E-09
 sr  38   3.228582  0.348582  1.054643  1.026014 1.07580E-07
  y  39   2.611284  0.441284  1.147345  1.118716 2.63489E-08
 zr  40   3.024366  0.494366  1.200427  1.171798 6.99880E-08
 nb  41   1.827270  0.417270  1.123330  1.094702 4.52753E-09
 mo  42   2.275914  0.335914  1.041975  1.013346 1.31359E-08
 tc  43   0.649579 -9.000000  0.000000  0.000000 3.17214E-10
 ru  44   1.988235  0.228235  0.934296  0.905668 7.13519E-09
 rh  45   0.990297 -0.069703  0.636358  0.607729 7.29939E-10
 pd  46   2.033173  0.383173  1.089233  1.060605 8.33190E-09
 ag  47   1.084781 -0.115219  0.590841  0.562213 9.51090E-10
 cd  48   2.189736  0.479736  1.185797  1.157168 1.26210E-08
 in  49   1.062074  0.302074  1.008134  0.979506 9.60796E-10
 sn  50   2.634528  0.564528  1.270589  1.241960 3.71162E-08
 sb  51   1.129947  0.119947  0.826007  0.797379 1.19124E-09
 te  52   2.250560  0.070560  0.776620  0.747992 1.64800E-08
  i  53   1.244792 -0.305208  0.400852  0.372224 1.61739E-09
 xe  54   2.399126  0.159126  0.865186  0.836558 2.38735E-08
 cs  55   1.387762  0.307762  1.013822  0.985194 2.35424E-09
 ba  56   3.231581  1.051581  1.757641  1.729013 1.69779E-07
 la  57   2.241411  1.071411  1.777472  1.748843 1.75663E-08
 ce  58   2.757727  1.177727  1.883787  1.855159 5.81784E-08
 pr  59   1.715893  0.955893  1.661953  1.633325 5.31345E-09
 nd  60   2.522269  1.072269  1.778330  1.749701 3.48259E-08
 pm  61   0.000000 -9.000000  0.000000  0.000000 0.00000E+00
 sm  62   1.737828  0.797828  1.503889  1.475260 5.96360E-09
 eu  63   0.683828  0.173828  0.879889  0.851260 5.32252E-10
 gd  64   1.581135  0.531135  1.237195  1.208567 4.34784E-09
 tb  65   0.575852  0.255852  0.961913  0.933284 4.34103E-10
 dy  66   1.714838  0.584838  1.290898  1.262270 6.11279E-09
 ho  67   0.708928  0.238928  0.944988  0.916360 6.12034E-10
 er  68   1.551916  0.631916  1.337976  1.309348 4.32368E-09
 tm  69   0.614627  0.494627  1.200687  1.172059 5.04536E-10
 yb  70   1.871730  0.951730  1.657790  1.629162 9.34166E-09
 lu  71   0.924344  0.834344  1.540404  1.511776 1.06622E-09
 hf  72   1.856989  1.146989  1.853049  1.824421 9.31431E-09
 ta  73   0.933984  1.053984  1.760044  1.731416 1.12742E-09
  w  74   1.795329  1.145329  1.851390  1.822761 8.32371E-09
 re  75   0.847756  0.587756  1.293817  1.265188 9.51262E-10
 os  76   1.807451  0.457451  1.163512  1.134883 8.85684E-09
 ir  77   1.085711 -0.234290  0.471771  0.443143 1.69844E-09
 pt  78   1.802169  0.182169  0.888229  0.859601 8.97273E-09
 au  79   1.018729  0.218729  0.924790  0.896161 1.49166E-09
 hg  80   2.282784  1.112785  1.818845  1.790217 2.79024E-08
 tl  81   1.814363  1.044363  1.750423  1.721795 9.66842E-09
 pb  82   3.583278  1.543278  2.249338  2.220710 5.75726E-07
 bi  83   1.521229  0.871229  1.577289  1.548661 5.03364E-09
 po  84   1.834466 -9.000000  0.000000  0.000000 1.03552E-08
#[ls/Fe]_Thiswork =   1.1341, [hs/Fe]_Thiswork =   1.8063
#[hs/ls]_Thiswork =   0.6722, [Pb/hs]_Thiswork =   0.4430
# Elemental abundance ratios: 
# He/H =  9.2552E-02, C/O =  2.8735E+00, N/O = 3.89989E-01
#
#  TP   Mass     Mcore    Menv    log L
# 10 2.499640 0.657273 1.842370 3.997080
# El  Z   log e(X)   [X/H]    [X/Fe]     [X/O]      X(i)
  p   1  12.000000  0.000000  0.000000  0.000000 7.27859E-01
 he   2  10.971921  0.041921  0.747981  0.719353 2.70953E-01
  c   6   8.620733  0.150733  0.856793  0.828165 3.62159E-03
  n   7   7.642050 -0.227950  0.478111  0.449482 4.43591E-04
  o   8   8.067352 -0.662647  0.043413  0.000000 1.34906E-03
  f   9   4.652747  0.192747  0.898807  0.855394 6.16654E-07
 ne  10   7.837961 -0.132039  0.574021  0.530608 1.00339E-03
 na  11   6.128312 -0.181688  0.524373  0.480959 2.23068E-05
 mg  12   6.966248 -0.673752  0.032308 -0.011105 1.62379E-04
 al  13   5.801044 -0.668956  0.037105 -0.006309 1.23227E-05
 si  14   6.847866 -0.702134  0.003926 -0.039487 1.42871E-04
  p  15   4.820387 -0.649613  0.056448  0.013034 1.47901E-06
  s  16   6.456355 -0.703645  0.002415 -0.040998 6.62175E-05
 cl  17   4.541143 -0.688857  0.017204 -0.026209 8.89986E-07
 ar  18   5.735641 -0.704360  0.001701 -0.041712 1.56936E-05
  k  19   4.381787 -0.698213  0.007847 -0.035566 6.80030E-07
 ca  20   5.585416 -0.704584  0.001476 -0.041937 1.11406E-05
 sc  21   2.396820 -0.653180  0.052881  0.009467 8.09458E-09
 ti  22   4.222305 -0.687695  0.018366 -0.025047 5.76672E-07
  v  23   3.256077 -0.703923  0.002137 -0.041276 6.63345E-08
 cr  24   4.917238 -0.722762 -0.016701 -0.060114 3.10309E-06
 mn  25   4.781723 -0.698277  0.007783 -0.035630 2.39984E-06
 fe  26   6.835542 -0.704458  0.000000 -0.041811 2.76130E-04
 co  27   4.205463 -0.664536  0.039921 -0.001889 6.82981E-07
 ni  28   5.498512 -0.701488  0.002970 -0.038840 1.33563E-05
 cu  29   3.617457 -0.632543  0.071915  0.030105 1.90166E-07
 zn  30   3.982485 -0.647515  0.056942  0.015132 4.53638E-07
 ga  31   2.638505 -0.441495  0.262963  0.221152 2.19012E-08
 ge  32   3.138604 -0.441396  0.263062  0.221251 7.21717E-08
 as  33   1.800305 -0.499695  0.204763  0.162953 3.41588E-09
 se  34   3.036463 -0.303537  0.400921  0.359110 6.20093E-08
 br  35   2.117449 -0.422551  0.281907  0.240096 7.56144E-09
 kr  36   3.124394 -0.125606  0.578852  0.537042 8.05778E-08
 rb  37   2.218592 -0.141408  0.563050  0.521239 1.02090E-08
 sr  38   3.345825  0.465825  1.170283  1.128472 1.40286E-07
  y  39   2.734175  0.564175  1.268632  1.226822 3.48091E-08
 zr  40   3.149481  0.619481  1.323939  1.282128 9.29344E-08
 nb  41   1.954383  0.544383  1.248841  1.207030 6.03967E-09
 mo  42   2.402205  0.462205  1.166663  1.124853 1.74901E-08
 tc  43   0.735866 -9.000000  0.000000  0.000000 3.85193E-10
 ru  44   2.111282  0.351282  1.055740  1.013930 9.42956E-09
 rh  45   1.095365  0.035365  0.739822  0.698012 9.25533E-10
 pd  46   2.157586  0.507586  1.212044  1.170233 1.10458E-08
 ag  47   1.188532 -0.011468  0.692990  0.651179 1.20230E-09
 cd  48   2.317407  0.607407  1.311864  1.270054 1.68579E-08
 in  49   1.186240  0.426240  1.130698  1.088887 1.27303E-09
 sn  50   2.765232  0.695232  1.399690  1.357879 4.99237E-08
 sb  51   1.255932  0.245932  0.950390  0.908579 1.58498E-09
 te  52   2.379274  0.199274  0.903732  0.861922 2.20654E-08
  i  53   1.332171 -0.217829  0.486629  0.444819 1.96895E-09
 xe  54   2.521105  0.281105  0.985563  0.943752 3.14727E-08
 cs  55   1.529188  0.449188  1.153646  1.111835 3.24576E-09
 ba  56   3.359408  1.179408  1.883866  1.842056 2.26857E-07
 la  57   2.367626  1.197626  1.902084  1.860273 2.33848E-08
 ce  58   2.879903  1.299903  2.004361  1.962550 7.67322E-08
 pr  59   1.840271  1.080271  1.784729  1.742918 7.04358E-09
 nd  60   2.640744  1.190744  1.895202  1.853391 4.55425E-08
 pm  61   0.000000 -9.000000  0.000000  0.000000 0.00000E+00
 sm  62   1.849270  0.909270  1.613728  1.571917 7.67343E-09
 eu  63   0.788919  0.278919  0.983377  0.941567 6.74911E-10
 gd  64   1.695034  0.645034  1.349492  1.307681 5.62615E-09
 tb  65   0.682448  0.362448  1.066906  1.025096 5.52367E-10
 dy  66   1.826472  0.696472  1.400930  1.359120 7.86887E-09
 ho  67   0.814363  0.344363  1.048821  1.007011 7.76694E-10
 er  68   1.670650  0.750650  1.455107  1.413297 5.65752E-09
 tm  69   0.725554  0.605554  1.310011  1.268201 6.48422E-10
 yb  70   1.987756  1.067756  1.772213  1.730403 1.21476E-08
 lu  71   1.034317  0.944317  1.648775  1.606964 1.36729E-09
 hf  72   1.975401  1.265401  1.969859  1.928048 1.21787E-08
 ta  73   1.052897  1.172897  1.877355  1.835545 1.47584E-09
  w  74   1.911113  1.261113  1.965571  1.923760 1.08178E-08
 re  75   0.965785  0.705785  1.410243  1.368432 1.24271E-09
 os  76   1.913379  0.563379  1.267836  1.226026 1.12524E-08
 ir  77   1.166248 -0.153752  0.550706  0.508896 2.03529E-09
 pt  78   1.901891  0.281891  0.986349  0.944538 1.12379E-08
 au  79   1.118087  0.318087  1.022545  0.980734 1.86667E-09
 hg  80   2.393707  1.223707  1.928165  1.886355 3.58594E-08
 tl  81   1.939291  1.169291  1.873749  1.831938 1.28328E-08
 pb  82   3.673108  1.633108  2.337566  2.295755 7.04830E-07
 bi  83   1.617269  0.967269  1.671726  1.629916 6.25115E-09
 po  84   1.930460 -9.000000  0.000000  0.000000 1.28586E-08
#[ls/Fe]_Thiswork =   1.2543, [hs/Fe]_Thiswork =   1.9301
#[hs/ls]_Thiswork =   0.6758, [Pb/hs]_Thiswork =   0.4075
# Elemental abundance ratios: 
# He/H =  9.3739E-02, C/O =  3.5759E+00, N/O = 3.75576E-01
#
#  TP   Mass     Mcore    Menv    log L
# 11 2.499340 0.659746 1.839590 4.013530
# El  Z   log e(X)   [X/H]    [X/Fe]     [X/O]      X(i)
  p   1  12.000000  0.000000  0.000000  0.000000 7.24452E-01
 he   2  10.977696  0.047696  0.752154  0.710343 2.73295E-01
  c   6   8.709039  0.239038  0.943496  0.901686 4.41740E-03
  n   7   7.641364 -0.228636  0.475822  0.434011 4.40817E-04
  o   8   8.080022 -0.649978  0.054480  0.000000 1.38250E-03
  f   9   4.776579  0.316579  1.021037  0.966557 8.16274E-07
 ne  10   7.914881 -0.055119  0.649339  0.594859 1.19221E-03
 na  11   6.188912 -0.121088  0.583370  0.528890 2.55270E-05
 mg  12   6.978616 -0.661384  0.043074 -0.011406 1.66288E-04
 al  13   5.811265 -0.658735  0.045723 -0.008757 1.25571E-05
 si  14   6.850180 -0.699820  0.004638 -0.049842 1.42962E-04
  p  15   4.834900 -0.635099  0.069358  0.014878 1.52211E-06
  s  16   6.458228 -0.701772  0.002686 -0.051794 6.61924E-05
 cl  17   4.546604 -0.683396  0.021062 -0.033418 8.97028E-07
 ar  18   5.737346 -0.702654  0.001803 -0.052677 1.56816E-05
  k  19   4.385244 -0.694756  0.009702 -0.044778 6.82256E-07
 ca  20   5.587035 -0.702965  0.001493 -0.052988 1.11299E-05
 sc  21   2.412302 -0.637698  0.066760  0.012280 8.34909E-09
 ti  22   4.227507 -0.682493  0.021965 -0.032516 5.80887E-07
  v  23   3.257983 -0.702017  0.002441 -0.052039 6.63144E-08
 cr  24   4.919140 -0.720860 -0.016402 -0.070882 3.10212E-06
 mn  25   4.785118 -0.694882  0.009576 -0.044904 2.40736E-06
 fe  26   6.837226 -0.702774  0.000000 -0.052796 2.75905E-04
 co  27   4.219452 -0.650548  0.052226 -0.000570 7.02036E-07
 ni  28   5.501029 -0.698971  0.003803 -0.048994 1.33710E-05
 cu  29   3.638061 -0.611939  0.090835  0.038038 1.98471E-07
 zn  30   3.998706 -0.631294  0.071480  0.018683 4.68697E-07
 ga  31   2.688719 -0.391281  0.311493  0.258697 2.44706E-08
 ge  32   3.194338 -0.385662  0.317112  0.264316 8.16701E-08
 as  33   1.844167 -0.455833  0.246941  0.194144 3.76119E-09
 se  34   3.106025 -0.233975  0.468799  0.416003 7.24405E-08
 br  35   2.179295 -0.360705  0.342069  0.289272 8.67785E-09
 kr  36   3.231867 -0.018133  0.684641  0.631845 1.02719E-07
 rb  37   2.327031 -0.032969  0.669805  0.617009 1.30432E-08
 sr  38   3.439675  0.559675  1.262449  1.209653 1.73312E-07
  y  39   2.832846  0.662846  1.365620  1.312823 4.34836E-08
 zr  40   3.249373  0.719373  1.422148  1.369351 1.16421E-07
 nb  41   2.056853  0.646853  1.349627  1.296831 7.61108E-09
 mo  42   2.502796  0.562796  1.265570  1.212774 2.19455E-08
 tc  43   0.793488 -9.000000  0.000000  0.000000 4.37787E-10
 ru  44   2.208439  0.448439  1.151213  1.098417 1.17384E-08
 rh  45   1.181242  0.121242  0.824016  0.771220 1.12262E-09
 pd  46   2.256021  0.606022  1.308796  1.255999 1.37909E-08
 ag  47   1.274222  0.074222  0.776996  0.724200 1.45769E-09
 cd  48   2.418213  0.708213  1.410987  1.358191 2.11627E-08
 in  49   1.285017  0.525017  1.227791  1.174995 1.59065E-09
 sn  50   2.867883  0.797883  1.500657  1.447860 6.29389E-08
 sb  51   1.355459  0.345459  1.048233  0.995437 1.98387E-09
 te  52   2.479731  0.299731  1.002505  0.949708 2.76777E-08
  i  53   1.405791 -0.144209  0.558565  0.505769 2.32175E-09
 xe  54   2.617195  0.377195  1.079969  1.027173 3.90828E-08
 cs  55   1.639442  0.559442  1.262216  1.209420 4.16421E-09
 ba  56   3.452957  1.272957  1.975731  1.922935 2.80067E-07
 la  57   2.458996  1.288996  1.991770  1.938974 2.87254E-08
 ce  58   2.966946  1.386946  2.089720  2.036923 9.33217E-08
 pr  59   1.929388  1.169388  1.872162  1.819366 8.60741E-09
 nd  60   2.724537  1.274537  1.977311  1.924515 5.49758E-08
 pm  61   0.000000 -9.000000  0.000000  0.000000 0.00000E+00
 sm  62   1.928531  0.988531  1.691305  1.638508 9.16667E-09
 eu  63   0.865150  0.355150  1.057925  1.005128 8.00646E-10
 gd  64   1.776547  0.726547  1.429322  1.376525 6.75597E-09
 tb  65   0.759376  0.439376  1.142150  1.089353 6.56322E-10
 dy  66   1.906008  0.776008  1.478782  1.425985 9.40612E-09
 ho  67   0.890179  0.420179  1.122953  1.070156 9.20508E-10
 er  68   1.755049  0.835049  1.537823  1.485026 6.83892E-09
 tm  69   0.804316  0.684316  1.387090  1.334293 7.73717E-10
 yb  70   2.070867  1.150867  1.853641  1.800844 1.46407E-08
 lu  71   1.112267  1.022267  1.725041  1.672244 1.62844E-09
 hf  72   2.058912  1.348912  2.051686  1.998890 1.46918E-08
 ta  73   1.135924  1.255924  1.958698  1.905902 1.77839E-09
  w  74   1.993604  1.343604  2.046378  1.993581 1.30194E-08
 re  75   1.049018  0.789018  1.491792  1.438996 1.49817E-09
 os  76   1.988792  0.638792  1.341566  1.288770 1.33236E-08
 ir  77   1.226096 -0.093904  0.608870  0.556074 2.32508E-09
 pt  78   1.973930  0.353930  1.056704  1.003908 1.32035E-08
 au  79   1.189588  0.389588  1.092362  1.039565 2.19043E-09
 hg  80   2.472291  1.302291  2.005065  1.952269 4.27710E-08
 tl  81   2.031132  1.261132  1.963906  1.911109 1.57807E-08
 pb  82   3.737259  1.697259  2.400033  2.347237 8.13201E-07
 bi  83   1.688136  1.038136  1.740910  1.688114 7.32470E-09
 po  84   1.997217 -9.000000  0.000000  0.000000 1.49249E-08
#[ls/Fe]_Thiswork =   1.3501, [hs/Fe]_Thiswork =   2.0191
#[hs/ls]_Thiswork =   0.6690, [Pb/hs]_Thiswork =   0.3810
# Elemental abundance ratios: 
# He/H =  9.4994E-02, C/O =  4.2561E+00, N/O = 3.64202E-01
#
#  TP   Mass     Mcore    Menv    log L
# 12 2.498770 0.662004 1.836770 4.027230
# El  Z   log e(X)   [X/H]    [X/Fe]     [X/O]      X(i)
  p   1  12.000000  0.000000  0.000000  0.000000 7.20618E-01
 he   2  10.984241  0.054240  0.757014  0.704218 2.75976E-01
  c   6   8.788399  0.318398  1.021173  0.968376 5.27500E-03
  n   7   7.643361 -0.226639  0.476135  0.423339 4.40505E-04
  o   8   8.092355 -0.637645  0.065129  0.000000 1.41479E-03
  f   9   4.891069  0.431069  1.133843  1.068714 1.05687E-06
 ne  10   7.986749  0.016749  0.719523  0.654394 1.39931E-03
 na  11   6.253769 -0.056231  0.646544  0.581414 2.94818E-05
 mg  12   6.992332 -0.647668  0.055106 -0.010023 1.70715E-04
 al  13   5.821918 -0.648082  0.054692 -0.010437 1.28008E-05
 si  14   6.852785 -0.697215  0.005559 -0.059570 1.43060E-04
  p  15   4.850426 -0.619574  0.083200  0.018071 1.56916E-06
  s  16   6.460347 -0.699653  0.003121 -0.062008 6.61642E-05
 cl  17   4.552513 -0.677487  0.025287 -0.039842 9.04505E-07
 ar  18   5.739283 -0.700717  0.002057 -0.063072 1.56683E-05
  k  19   4.389061 -0.690938  0.011836 -0.053294 6.84638E-07
 ca  20   5.588869 -0.701131  0.001643 -0.063486 1.11178E-05
 sc  21   2.429452 -0.620548  0.082226  0.017097 8.63942E-09
 ti  22   4.233101 -0.676899  0.025875 -0.039254 5.85304E-07
  v  23   3.260100 -0.699900  0.002874 -0.062255 6.62860E-08
 cr  24   4.921293 -0.718707 -0.015933 -0.081062 3.10104E-06
 mn  25   4.788845 -0.691155  0.011619 -0.053510 2.41525E-06
 fe  26   6.839147 -0.700853  0.000000 -0.063208 2.75662E-04
 co  27   4.235468 -0.634531  0.066321  0.003113 7.24556E-07
 ni  28   5.503837 -0.696163  0.004690 -0.058518 1.33865E-05
 cu  29   3.659922 -0.590078  0.110775  0.047566 2.07613E-07
 zn  30   4.015569 -0.614431  0.086422  0.023214 4.84676E-07
 ga  31   2.735882 -0.344118  0.356735  0.293527 2.71333E-08
 ge  32   3.246226 -0.333774  0.367079  0.303871 9.15476E-08
 as  33   1.886175 -0.413825  0.287028  0.223820 4.12125E-09
 se  34   3.168473 -0.171527  0.529326  0.466118 8.32004E-08
 br  35   2.237593 -0.302407  0.398446  0.335238 9.87201E-09
 kr  36   3.338611  0.088611  0.789464  0.726255 1.30644E-07
 rb  37   2.433828  0.073828  0.774681  0.711473 1.65912E-08
 sr  38   3.522072  0.642072  1.342925  1.279716 2.08411E-07
  y  39   2.920641  0.750641  1.451494  1.388286 5.29440E-08
 zr  40   3.339335  0.809335  1.510188  1.446980 1.42459E-07
 nb  41   2.150077  0.740077  1.440930  1.377722 9.38352E-09
 mo  42   2.594409  0.654409  1.355262  1.292054 2.69559E-08
 tc  43   0.846586 -9.000000  0.000000  0.000000 4.92104E-10
 ru  44   2.295640  0.535640  1.236493  1.173285 1.42727E-08
 rh  45   1.260675  0.200675  0.901528  0.838320 1.34079E-09
 pd  46   2.345523  0.695523  1.396376  1.333168 1.68574E-08
 ag  47   1.354571  0.154571  0.855424  0.792216 1.74465E-09
 cd  48   2.510438  0.800438  1.501291  1.438083 2.60310E-08
 in  49   1.376197  0.616197  1.317050  1.253842 1.95187E-09
 sn  50   2.962853  0.892853  1.593706  1.530498 7.79086E-08
 sb  51   1.448549  0.438549  1.139402  1.076194 2.44511E-09
 te  52   2.573401  0.393401  1.094254  1.031046 3.41584E-08
  i  53   1.478477 -0.071523  0.629329  0.566121 2.73021E-09
 xe  54   2.708704  0.468704  1.169557  1.106349 4.79944E-08
 cs  55   1.745314  0.665314  1.366166  1.302958 5.28567E-09
 ba  56   3.538526  1.358526  2.059378  1.996170 3.39255E-07
 la  57   2.541779  1.371779  2.072631  2.009423 3.45736E-08
 ce  58   3.043574  1.463574  2.164427  2.101219 1.10741E-07
 pr  59   2.008032  1.248032  1.948885  1.885677 1.02615E-08
 nd  60   2.796806  1.346806  2.047659  1.984451 6.45858E-08
 pm  61   0.000000 -9.000000  0.000000  0.000000 0.00000E+00
 sm  62   1.996692  1.056692  1.757545  1.694336 1.06677E-08
 eu  63   0.931828  0.421829  1.122681  1.059473 9.28569E-10
 gd  64   1.846761  0.796761  1.497614  1.434406 7.89945E-09
 tb  65   0.825808  0.505808  1.206661  1.143452 7.60755E-10
 dy  66   1.974387  0.844387  1.545240  1.482032 1.09518E-08
 ho  67   0.955585  0.485585  1.186438  1.123230 1.06446E-09
 er  68   1.827437  0.907437  1.608290  1.545082 8.03658E-09
 tm  69   0.871300  0.751300  1.452153  1.388945 8.97969E-10
 yb  70   2.141775  1.221775  1.922628  1.859420 1.71461E-08
 lu  71   1.178536  1.088536  1.789389  1.726181 1.88685E-09
 hf  72   2.129345  1.419345  2.120198  2.056990 1.71871E-08
 ta  73   1.205600  1.325600  2.026453  1.963245 2.07682E-09
  w  74   2.063167  1.413167  2.114019  2.050811 1.52003E-08
 re  75   1.119301  0.859301  1.560154  1.496946 1.75203E-09
 os  76   2.052064  0.702064  1.402917  1.339709 1.53316E-08
 ir  77   1.277989 -0.042011  0.658842  0.595634 2.60631E-09
 pt  78   2.034531  0.414531  1.115384  1.052175 1.51002E-08
 au  79   1.249643  0.449643  1.150496  1.087288 2.50197E-09
 hg  80   2.537317  1.367317  2.068170  2.004962 4.94164E-08
 tl  81   2.109107  1.339107  2.039960  1.976752 1.87844E-08
 pb  82   3.790730  1.750730  2.451582  2.388374 9.14880E-07
 bi  83   1.749949  1.099949  1.800801  1.737593 8.40036E-09
 po  84   2.052436 -9.000000  0.000000  0.000000 1.68588E-08
#[ls/Fe]_Thiswork =   1.4349, [hs/Fe]_Thiswork =   2.0988
#[hs/ls]_Thiswork =   0.6639, [Pb/hs]_Thiswork =   0.3528
# Elemental abundance ratios: 
# He/H =  9.6436E-02, C/O =  4.9664E+00, N/O = 3.55636E-01
#
#  TP   Mass     Mcore    Menv    log L
# 13 2.497630 0.664282 1.833350 4.040550
# El  Z   log e(X)   [X/H]    [X/Fe]     [X/O]      X(i)
  p   1  12.000000  0.000000  0.000000  0.000000 7.17080E-01
 he   2  10.990238  0.060238  0.761091  0.697883 2.78440E-01
  c   6   8.851900  0.381900  1.082753  1.019545 6.07557E-03
  n   7   7.645283 -0.224717  0.476136  0.412928 4.40287E-04
  o   8   8.102896 -0.627104  0.073749  0.000000 1.44243E-03
  f   9   4.986422  0.526422  1.227275  1.153526 1.30990E-06
 ne  10   8.045362  0.075363  0.776216  0.702466 1.59364E-03
 na  11   6.305852 -0.004148  0.696705  0.622956 3.30749E-05
 mg  12   7.005723 -0.634277  0.066576 -0.007173 1.75197E-04
 al  13   5.831400 -0.638599  0.062253 -0.011496 1.30191E-05
 si  14   6.855204 -0.694796  0.006057 -0.067692 1.43153E-04
  p  15   4.864858 -0.605142  0.095711  0.021962 1.61422E-06
  s  16   6.462307 -0.697692  0.003160 -0.070589 6.61372E-05
 cl  17   4.557941 -0.672059  0.028794 -0.044955 9.11385E-07
 ar  18   5.741070 -0.698930  0.001923 -0.071826 1.56557E-05
  k  19   4.392610 -0.687390  0.013463 -0.060287 6.86865E-07
 ca  20   5.590549 -0.699451  0.001401 -0.072348 1.11061E-05
 sc  21   2.445365 -0.604635  0.096218  0.022469 8.91785E-09
 ti  22   4.238198 -0.671802  0.029051 -0.044698 5.89307E-07
  v  23   3.262033 -0.697968  0.002885 -0.070864 6.62546E-08
 cr  24   4.923288 -0.716712 -0.015859 -0.089608 3.10002E-06
 mn  25   4.792283 -0.687717  0.013136 -0.060613 2.42250E-06
 fe  26   6.840923 -0.699077  0.000000 -0.071973 2.75432E-04
 co  27   4.251183 -0.618817  0.080259  0.008286 7.47564E-07
 ni  28   5.506477 -0.693522  0.005554 -0.066419 1.34020E-05
 cu  29   3.680451 -0.569549  0.129528  0.057555 2.16594E-07
 zn  30   4.031226 -0.598774  0.100302  0.028329 5.00000E-07
 ga  31   2.776693 -0.303307  0.395770  0.323797 2.96604E-08
 ge  32   3.290711 -0.289289  0.409788  0.337815 1.00924E-07
 as  33   1.923015 -0.376985  0.322091  0.250118 4.46407E-09
 se  34   3.220363 -0.119637  0.579439  0.507467 9.32991E-08
 br  35   2.288445 -0.251555  0.447521  0.375548 1.10438E-08
 kr  36   3.433525  0.183525  0.882602  0.810629 1.61758E-07
 rb  37   2.525653  0.165653  0.864730  0.792757 2.03969E-08
 sr  38   3.584411  0.704411  1.403487  1.331514 2.39398E-07
  y  39   2.986463  0.816463  1.515539  1.443566 6.13057E-08
 zr  40   3.405309  0.875309  1.574385  1.502413 1.65016E-07
 nb  41   2.218868  0.808868  1.507945  1.435972 1.09401E-08
 mo  42   2.661067  0.721067  1.420144  1.348171 3.12733E-08
 tc  43   0.868460 -9.000000  0.000000  0.000000 5.14983E-10
 ru  44   2.358656  0.598656  1.297733  1.225760 1.64205E-08
 rh  45   1.318395  0.258395  0.957471  0.885499 1.52385E-09
 pd  46   2.409409  0.759409  1.458485  1.386512 1.94330E-08
 ag  47   1.413507  0.213507  0.912584  0.840611 1.98841E-09
 cd  48   2.576371  0.866371  1.565448  1.493475 3.01500E-08
 in  49   1.441790  0.681790  1.380866  1.308893 2.25895E-09
 sn  50   3.031384  0.961384  1.660460  1.588487 9.07774E-08
 sb  51   1.516231  0.506231  1.205307  1.133334 2.84343E-09
 te  52   2.641274  0.461274  1.160351  1.088378 3.97404E-08
  i  53   1.533264 -0.016736  0.682341  0.610368 3.08210E-09
 xe  54   2.776037  0.536037  1.235114  1.163141 5.57682E-08
 cs  55   1.821993  0.741993  1.441069  1.369097 6.27540E-09
 ba  56   3.606256  1.426255  2.125332  2.053359 3.94565E-07
 la  57   2.609034  1.439034  2.138110  2.066137 4.01663E-08
 ce  58   3.107452  1.527452  2.226529  2.154556 1.27658E-07
 pr  59   2.073782  1.313782  2.012859  1.940886 1.18802E-08
 nd  60   2.857642  1.407642  2.106719  2.034746 7.39325E-08
 pm  61   0.000000 -9.000000  0.000000  0.000000 0.00000E+00
 sm  62   2.054743  1.114743  1.813819  1.741847 1.21334E-08
 eu  63   0.989101  0.479101  1.178178  1.106205 1.05427E-09
 gd  64   1.906894  0.856894  1.555970  1.483998 9.02801E-09
 tb  65   0.883040  0.563040  1.262117  1.190144 8.63655E-10
 dy  66   2.032934  0.902934  1.602011  1.530038 1.24708E-08
 ho  67   1.011882  0.541882  1.240958  1.168986 1.20584E-09
 er  68   1.889222  0.969222  1.668299  1.596326 9.21975E-09
 tm  69   0.928711  0.808711  1.507788  1.435815 1.01985E-09
 yb  70   2.202712  1.282712  1.981789  1.909816 1.96321E-08
 lu  71   1.235768  1.145768  1.844845  1.772872 2.14206E-09
 hf  72   2.189494  1.479494  2.178571  2.106598 1.96433E-08
 ta  73   1.264703  1.384703  2.083779  2.011806 2.36790E-09
  w  74   2.123003  1.473003  2.172080  2.100107 1.73600E-08
 re  75   1.179626  0.919626  1.618703  1.546730 2.00322E-09
 os  76   2.106592  0.756592  1.455669  1.383696 1.72973E-08
 ir  77   1.323543  0.003543  0.702619  0.630646 2.88032E-09
 pt  78   2.086927  0.466927  1.166004  1.094031 1.69529E-08
 au  79   1.301694  0.501694  1.200771  1.128798 2.80669E-09
 hg  80   2.593091  1.423091  2.122168  2.050195 5.59123E-08
 tl  81   2.176572  1.406572  2.105649  2.033676 2.18335E-08
 pb  82   3.833154  1.793154  2.492230  2.420258 1.00381E-06
 bi  83   1.799255  1.149255  1.848332  1.776359 9.36412E-09
 po  84   2.094172 -9.000000  0.000000  0.000000 1.84682E-08
#[ls/Fe]_Thiswork =   1.4978, [hs/Fe]_Thiswork =   2.1633
#[hs/ls]_Thiswork =   0.6655, [Pb/hs]_Thiswork =   0.3289
# Elemental abundance ratios: 
# He/H =  9.7777E-02, C/O =  5.6105E+00, N/O = 3.48649E-01
#
#  TP   Mass     Mcore    Menv    log L
# 14 2.495420 0.666144 1.829280 4.051030
# El  Z   log e(X)   [X/H]    [X/Fe]     [X/O]      X(i)
  p   1  12.000000  0.000000  0.000000  0.000000 7.13407E-01
 he   2  10.996364  0.066363  0.765440  0.693467 2.80948E-01
  c   6   8.912804  0.442803  1.141880  1.069907 6.95439E-03
  n   7   7.645604 -0.224396  0.474681  0.402708 4.38355E-04
  o   8   8.113062 -0.616938  0.082139  0.000000 1.46903E-03
  f   9   5.073709  0.613709  1.312786  1.230647 1.59329E-06
 ne  10   8.100529  0.130529  0.829606  0.747467 1.80023E-03
 na  11   6.356634  0.046634  0.745710  0.663571 3.69870E-05
 mg  12   7.020310 -0.619690  0.079387 -0.002752 1.80253E-04
 al  13   5.840847 -0.629152  0.069924 -0.012215 1.32373E-05
 si  14   6.857736 -0.692265  0.006812 -0.075327 1.43252E-04
  p  15   4.879698 -0.590302  0.108775  0.026636 1.66178E-06
  s  16   6.464344 -0.695656  0.003421 -0.078718 6.61077E-05
 cl  17   4.563549 -0.666451  0.032626 -0.049513 9.18499E-07
 ar  18   5.742918 -0.697082  0.001995 -0.080144 1.56419E-05
  k  19   4.396295 -0.683705  0.015371 -0.066768 6.89170E-07
 ca  20   5.592274 -0.697726  0.001350 -0.080789 1.10932E-05
 sc  21   2.462651 -0.587349  0.111728  0.029589 9.23242E-09
 ti  22   4.243351 -0.666649  0.032427 -0.049712 5.93285E-07
  v  23   3.264023 -0.695977  0.003099 -0.079040 6.62179E-08
 cr  24   4.925367 -0.714633 -0.015556 -0.097695 3.09895E-06
 mn  25   4.795691 -0.684309  0.014768 -0.067371 2.42907E-06
 fe  26   6.842773 -0.697227  0.000000 -0.080289 2.75191E-04
 co  27   4.269107 -0.600893  0.096334  0.016045 7.75072E-07
 ni  28   5.509291 -0.690709  0.006518 -0.073771 1.34201E-05
 cu  29   3.702406 -0.547594  0.149632  0.069344 2.26658E-07
 zn  30   4.046964 -0.583036  0.114190  0.033901 5.15796E-07
 ga  31   2.814414 -0.265586  0.431641  0.351352 3.21860E-08
 ge  32   3.332532 -0.247468  0.449759  0.369470 1.10557E-07
 as  33   1.958846 -0.341154  0.356073  0.275784 4.82316E-09
 se  34   3.269247 -0.070753  0.626474  0.546185 1.03880E-07
 br  35   2.336088 -0.203912  0.493315  0.413026 1.22612E-08
 kr  36   3.528132  0.278132  0.975359  0.895070 2.00098E-07
 rb  37   2.620584  0.260584  0.957810  0.877521 2.52502E-08
 sr  38   3.640217  0.760217  1.457443  1.377154 2.70830E-07
  y  39   3.045814  0.875813  1.573040  1.492751 6.99233E-08
 zr  40   3.464102  0.934102  1.631328  1.551039 1.87970E-07
 nb  41   2.280830  0.870830  1.568057  1.487768 1.25531E-08
 mo  42   2.719525  0.779525  1.476752  1.396463 3.55961E-08
 tc  43   0.881190 -9.000000  0.000000  0.000000 5.27586E-10
 ru  44   2.410847  0.650847  1.348073  1.267784 1.84224E-08
 rh  45   1.367498  0.307498  1.004725  0.924436 1.69753E-09
 pd  46   2.464040  0.814040  1.511266  1.430977 2.19250E-08
 ag  47   1.464880  0.264880  0.962106  0.881818 2.22664E-09
 cd  48   2.632903  0.922903  1.620130  1.539841 3.41656E-08
 in  49   1.498185  0.738185  1.435412  1.355123 2.55901E-09
 sn  50   3.089556  1.019556  1.716782  1.636493 1.03257E-07
 sb  51   1.573414  0.563414  1.260640  1.180351 3.22697E-09
 te  52   2.697823  0.517823  1.215049  1.134760 4.50350E-08
  i  53   1.579865  0.029866  0.727092  0.646803 3.41364E-09
 xe  54   2.832645  0.592645  1.289872  1.209583 6.32068E-08
 cs  55   1.887830  0.807830  1.505056  1.424767 7.26521E-09
 ba  56   3.661448  1.481447  2.178674  2.098385 4.45738E-07
 la  57   2.664417  1.494417  2.191644  2.111355 4.53957E-08
 ce  58   3.161328  1.581328  2.278555  2.198266 1.43778E-07
 pr  59   2.130026  1.370026  2.067252  1.986964 1.34536E-08
 nd  60   2.908582  1.458582  2.155808  2.075519 8.27073E-08
 pm  61   0.000000 -9.000000  0.000000  0.000000 0.00000E+00
 sm  62   2.104399  1.164399  1.861625  1.781336 1.35334E-08
 eu  63   1.039576  0.529576  1.226802  1.146513 1.17813E-09
 gd  64   1.958783  0.908783  1.606010  1.525721 1.01216E-08
 tb  65   0.931717  0.611717  1.308944  1.228655 9.61137E-10
 dy  66   2.083433  0.953433  1.650660  1.570371 1.39368E-08
 ho  67   1.060658  0.590658  1.287885  1.207596 1.34226E-09
 er  68   1.943524  1.023524  1.720751  1.640462 1.03942E-08
 tm  69   0.977799  0.857799  1.555026  1.474737 1.13604E-09
 yb  70   2.256041  1.336040  2.033267  1.952978 2.20833E-08
 lu  71   1.285767  1.195767  1.892993  1.812704 2.39111E-09
 hf  72   2.242566  1.532566  2.229793  2.149504 2.20830E-08
 ta  73   1.316467  1.436467  2.133694  2.053405 2.65398E-09
  w  74   2.176013  1.526013  2.223239  2.142951 1.95133E-08
 re  75   1.234377  0.974377  1.671603  1.591315 2.26073E-09
 os  76   2.154287  0.804287  1.501514  1.421225 1.92063E-08
 ir  77   1.364598  0.044598  0.741825  0.661536 3.14968E-09
 pt  78   2.133040  0.513040  1.210267  1.129978 1.87554E-08
 au  79   1.347661  0.547661  1.244888  1.164599 3.10407E-09
 hg  80   2.643048  1.473048  2.170275  2.089986 6.24072E-08
 tl  81   2.241667  1.471667  2.168893  2.088604 2.52341E-08
 pb  82   3.873639  1.833639  2.530866  2.450577 1.09624E-06
 bi  83   1.848848  1.198848  1.896075  1.815786 1.04431E-08
 po  84   2.133891 -9.000000  0.000000  0.000000 2.01333E-08
#[ls/Fe]_Thiswork =   1.5539, [hs/Fe]_Thiswork =   2.2163
#[hs/ls]_Thiswork =   0.6624, [Pb/hs]_Thiswork =   0.3146
# Elemental abundance ratios: 
# He/H =  9.9166E-02, C/O =  6.3058E+00, N/O = 3.40833E-01
#
#  TP   Mass     Mcore    Menv    log L
# 15 2.490990 0.668145 1.822840 4.061390
# El  Z   log e(X)   [X/H]    [X/Fe]     [X/O]      X(i)
  p   1  12.000000  0.000000  0.000000  0.000000 7.09463E-01
 he   2  11.003030  0.073030  0.770256  0.689967 2.83717E-01
  c   6   8.966250  0.496250  1.193477  1.113188 7.82166E-03
  n   7   7.648817 -0.221183  0.476044  0.395755 4.39169E-04
  o   8   8.123770 -0.606230  0.090997  0.000000 1.49738E-03
  f   9   5.158157  0.698157  1.395383  1.304387 1.92457E-06
 ne  10   8.152995  0.182995  0.880222  0.789225 2.02016E-03
 na  11   6.398909  0.088909  0.786136  0.695139 4.05431E-05
 mg  12   7.035866 -0.604134  0.093092  0.002096 1.85794E-04
 al  13   5.850475 -0.619525  0.077702 -0.013295 1.34592E-05
 si  14   6.860458 -0.689542  0.007685 -0.083312 1.43357E-04
  p  15   4.895417 -0.574583  0.122644  0.031647 1.71350E-06
  s  16   6.466547 -0.693453  0.003774 -0.087223 6.60766E-05
 cl  17   4.569441 -0.660559  0.036668 -0.054329 9.25899E-07
 ar  18   5.744920 -0.695080  0.002146 -0.088850 1.56273E-05
  k  19   4.400223 -0.679777  0.017450 -0.073547 6.91588E-07
 ca  20   5.594142 -0.695858  0.001369 -0.089628 1.10794E-05
 sc  21   2.479983 -0.570017  0.127210  0.036213 9.55522E-09
 ti  22   4.248820 -0.661180  0.036047 -0.054950 5.97484E-07
  v  23   3.266198 -0.693802  0.003425 -0.087572 6.61826E-08
 cr  24   4.927614 -0.712386 -0.015159 -0.106156 3.09780E-06
 mn  25   4.799323 -0.680677  0.016550 -0.074447 2.43593E-06
 fe  26   6.844771 -0.695229  0.000000 -0.088999 2.74932E-04
 co  27   4.287440 -0.582560  0.112669  0.023670 8.04023E-07
 ni  28   5.512361 -0.687639  0.007589 -0.081409 1.34405E-05
 cu  29   3.725472 -0.524528  0.170701  0.081702 2.37701E-07
 zn  30   4.063433 -0.566567  0.128661  0.039662 5.32770E-07
 ga  31   2.851361 -0.228639  0.466590  0.377591 3.48503E-08
 ge  32   3.372077 -0.207923  0.487306  0.398307 1.20427E-07
 as  33   1.993004 -0.306996  0.388232  0.299234 5.18899E-09
 se  34   3.315022 -0.024978  0.670250  0.581251 1.14788E-07
 br  35   2.382205 -0.157795  0.537434  0.448435 1.35595E-08
 kr  36   3.614803  0.364803  1.060032  0.971033 2.42944E-07
 rb  37   2.707162  0.347162  1.042391  0.953392 3.06503E-08
 sr  38   3.694860  0.814860  1.510089  1.421090 3.05445E-07
  y  39   3.102821  0.932821  1.628050  1.539051 7.92907E-08
 zr  40   3.519084  0.989084  1.684313  1.595314 2.12160E-07
 nb  41   2.338283  0.928283  1.623511  1.534512 1.42494E-08
 mo  42   2.773571  0.833571  1.528800  1.439801 4.00904E-08
 tc  43   0.896207 -9.000000  0.000000  0.000000 5.43128E-10
 ru  44   2.459422  0.699422  1.394651  1.305652 2.04887E-08
 rh  45   1.413075  0.353076  1.048304  0.959305 1.87493E-09
 pd  46   2.513796  0.863796  1.559024  1.470026 2.44505E-08
 ag  47   1.512074  0.312073  1.007302  0.918303 2.46851E-09
 cd  48   2.684011  0.974011  1.669240  1.580241 3.82199E-08
 in  49   1.549179  0.789179  1.484408  1.395409 2.86192E-09
 sn  50   3.141913  1.071913  1.767142  1.678143 1.15843E-07
 sb  51   1.624913  0.614913  1.310142  1.221143 3.61316E-09
 te  52   2.748779  0.568779  1.264008  1.175009 5.03616E-08
  i  53   1.622704  0.072704  0.767932  0.678933 3.74670E-09
 xe  54   2.883314  0.643314  1.338543  1.249544 7.06358E-08
 cs  55   1.943453  0.863453  1.558681  1.469683 8.21228E-09
 ba  56   3.711370  1.531369  2.226598  2.137599 4.97273E-07
 la  57   2.714539  1.544539  2.239767  2.150768 5.06674E-08
 ce  58   3.210282  1.630282  2.325511  2.236512 1.60044E-07
 pr  59   2.180537  1.420537  2.115766  2.026767 1.50294E-08
 nd  60   2.955680  1.505680  2.200908  2.111910 9.16716E-08
 pm  61   0.000000 -9.000000  0.000000  0.000000 0.00000E+00
 sm  62   2.150869  1.210869  1.906098  1.817099 1.49786E-08
 eu  63   1.086031  0.576031  1.271260  1.182261 1.30389E-09
 gd  64   2.007022  0.957022  1.652251  1.563252 1.12482E-08
 tb  65   0.977752  0.657752  1.352980  1.263982 1.06271E-09
 dy  66   2.130467  1.000467  1.695696  1.606697 1.54451E-08
 ho  67   1.106307  0.636307  1.331536  1.242537 1.48278E-09
 er  68   1.992729  1.072729  1.767958  1.678959 1.15768E-08
 tm  69   1.023880  0.903880  1.599109  1.510110 1.25622E-09
 yb  70   2.305476  1.385476  2.080705  1.991706 2.46089E-08
 lu  71   1.333239  1.243239  1.938467  1.849468 2.65256E-09
 hf  72   2.291098  1.581098  2.276326  2.187327 2.45573E-08
 ta  73   1.363230  1.483230  2.178458  2.089459 2.93936E-09
  w  74   2.225332  1.575332  2.270561  2.181562 2.17391E-08
 re  75   1.284266  1.024266  1.719495  1.630496 2.52193E-09
 os  76   2.200048  0.850048  1.545277  1.456278 2.12225E-08
 ir  77   1.403759  0.083759  0.778988  0.689989 3.42784E-09
 pt  78   2.177232  0.557232  1.252460  1.163462 2.06495E-08
 au  79   1.391771  0.591771  1.287000  1.198001 3.41692E-09
 hg  80   2.690276  1.520276  2.215505  2.126506 6.91918E-08
 tl  81   2.301585  1.531585  2.226814  2.137815 2.88071E-08
 pb  82   3.916992  1.876992  2.572221  2.483222 1.20462E-06
 bi  83   1.902451  1.252451  1.947679  1.858680 1.17496E-08
 po  84   2.178136 -9.000000  0.000000  0.000000 2.21693E-08
#[ls/Fe]_Thiswork =   1.6075, [hs/Fe]_Thiswork =   2.2640
#[hs/ls]_Thiswork =   0.6565, [Pb/hs]_Thiswork =   0.3083
# Elemental abundance ratios: 
# He/H =  1.0070E-01, C/O =  6.9579E+00, N/O = 3.35002E-01
#
#  TP   Mass     Mcore    Menv    log L
# 16 2.483320 0.669896 1.813430 4.070220
# El  Z   log e(X)   [X/H]    [X/Fe]     [X/O]      X(i)
  p   1  12.000000  0.000000  0.000000  0.000000 7.05892E-01
 he   2  11.009029  0.079029  0.774258  0.685259 2.86216E-01
  c   6   9.009778  0.539778  1.235006  1.146008 8.60271E-03
  n   7   7.652538 -0.217462  0.477767  0.388768 4.40718E-04
  o   8   8.133023 -0.596976  0.098252  0.000000 1.52193E-03
  f   9   5.229869  0.769869  1.465098  1.366846 2.25868E-06
 ne  10   8.198186  0.228186  0.923415  0.825162 2.23041E-03
 na  11   6.440583  0.130583  0.825812  0.727560 4.44017E-05
 mg  12   7.050716 -0.589283  0.105945  0.007693 1.91289E-04
 al  13   5.859057 -0.610942  0.084286 -0.013966 1.36587E-05
 si  14   6.862948 -0.687052  0.008176 -0.090076 1.43455E-04
  p  15   4.909677 -0.560323  0.134905  0.036653 1.76178E-06
  s  16   6.468544 -0.691456  0.003772 -0.094480 6.60469E-05
 cl  17   4.574815 -0.655185  0.040044 -0.058208 9.32709E-07
 ar  18   5.746728 -0.693272  0.001956 -0.096296 1.56135E-05
  k  19   4.403818 -0.676182  0.019046 -0.079206 6.93825E-07
 ca  20   5.595818 -0.694182  0.001046 -0.097206 1.10663E-05
 sc  21   2.495913 -0.554087  0.141141  0.042889 9.86229E-09
 ti  22   4.253721 -0.656279  0.038949 -0.059303 6.01222E-07
  v  23   3.268159 -0.691841  0.003387 -0.094865 6.61474E-08
 cr  24   4.929653 -0.710347 -0.015118 -0.113370 3.09671E-06
 mn  25   4.802534 -0.677466  0.017762 -0.080490 2.44166E-06
 fe  26   6.846582 -0.693418  0.000000 -0.096442 2.74691E-04
 co  27   4.305026 -0.564974  0.128444  0.032002 8.33034E-07
 ni  28   5.515194 -0.684805  0.008613 -0.087829 1.34604E-05
 cu  29   3.746594 -0.503406  0.190012  0.093571 2.48291E-07
 zn  30   4.078705 -0.551295  0.142123  0.045681 5.49061E-07
 ga  31   2.884553 -0.195447  0.497971  0.401529 3.74289E-08
 ge  32   3.407529 -0.172471  0.520947  0.424505 1.30012E-07
 as  33   2.024078 -0.275922  0.417496  0.321055 5.54582E-09
 se  34   3.354506  0.014506  0.707924  0.611482 1.25081E-07
 br  35   2.422116 -0.117884  0.575534  0.479093 1.47898E-08
 kr  36   3.688338  0.438338  1.131756  1.035315 2.86319E-07
 rb  37   2.780080  0.420080  1.113498  1.017056 3.60712E-08
 sr  38   3.737891  0.857891  1.551309  1.454867 3.35562E-07
  y  39   3.148547  0.978547  1.671965  1.575523 8.76509E-08
 zr  40   3.564621  1.034621  1.728039  1.631597 2.34427E-07
 nb  41   2.386422  0.976422  1.669840  1.573398 1.58396E-08
 mo  42   2.819522  0.879522  1.572940  1.476498 4.43404E-08
 tc  43   0.907318 -9.000000  0.000000  0.000000 5.54399E-10
 ru  44   2.499799  0.739799  1.433217  1.336775 2.23717E-08
 rh  45   1.451525  0.391525  1.084943  0.988501 2.03818E-09
 pd  46   2.556095  0.906095  1.599513  1.503071 2.68162E-08
 ag  47   1.552744  0.352744  1.046162  0.949720 2.69721E-09
 cd  48   2.727753  1.017753  1.711171  1.614729 4.20571E-08
 in  49   1.592930  0.832930  1.526348  1.429906 3.14933E-09
 sn  50   3.186982  1.116982  1.810400  1.713959 1.27864E-07
 sb  51   1.669390  0.659390  1.352808  1.256366 3.98265E-09
 te  52   2.792697  0.612697  1.306115  1.209673 5.54403E-08
  i  53   1.660198  0.110198  0.803616  0.707175 4.06398E-09
 xe  54   2.927268  0.687268  1.380686  1.284244 7.77656E-08
 cs  55   1.991598  0.911598  1.605016  1.508574 9.12887E-09
 ba  56   3.752554  1.572554  2.265972  2.169530 5.43985E-07
 la  57   2.755421  1.585421  2.278839  2.182397 5.53885E-08
 ce  58   3.249369  1.669369  2.362787  2.266345 1.74235E-07
 pr  59   2.220917  1.460917  2.154335  2.057893 1.64108E-08
 nd  60   2.992666  1.542666  2.236084  2.139642 9.93185E-08
 pm  61   0.000000 -9.000000  0.000000  0.000000 0.00000E+00
 sm  62   2.187547  1.247547  1.940965  1.844523 1.62165E-08
 eu  63   1.122946  0.612946  1.306364  1.209922 1.41242E-09
 gd  64   2.045157  0.995157  1.688576  1.592134 1.22187E-08
 tb  65   1.014129  0.694129  1.387547  1.291105 1.14974E-09
 dy  66   2.167411  1.037411  1.730829  1.634387 1.67318E-08
 ho  67   1.142222  0.672222  1.365640  1.269199 1.60251E-09
 er  68   2.031224  1.111224  1.804642  1.708200 1.25861E-08
 tm  69   1.059975  0.939975  1.633393  1.536951 1.35822E-09
 yb  70   2.344234  1.424233  2.117651  2.021210 2.67706E-08
 lu  71   1.370644  1.280644  1.974062  1.877620 2.87659E-09
 hf  72   2.328765  1.618765  2.312183  2.215741 2.66475E-08
 ta  73   1.399061  1.519061  2.212479  2.116037 3.17609E-09
  w  74   2.263814  1.613814  2.307232  2.210790 2.36337E-08
 re  75   1.323413  1.063413  1.756831  1.660389 2.74591E-09
 os  76   2.235663  0.885663  1.579081  1.482640 2.29203E-08
 ir  77   1.434432  0.114432  0.807850  0.711408 3.66017E-09
 pt  78   2.211441  0.591441  1.284859  1.188417 2.22294E-08
 au  79   1.426036  0.626036  1.319454  1.223012 3.67881E-09
 hg  80   2.726712  1.556712  2.250130  2.153688 7.48686E-08
 tl  81   2.349236  1.579237  2.272655  2.176213 3.19859E-08
 pb  82   3.951020  1.911020  2.604438  2.507997 1.29625E-06
 bi  83   1.947588  1.297588  1.991006  1.894564 1.29709E-08
 po  84   2.215392 -9.000000  0.000000  0.000000 2.40334E-08
#[ls/Fe]_Thiswork =   1.6504, [hs/Fe]_Thiswork =   2.3025
#[hs/ls]_Thiswork =   0.6521, [Pb/hs]_Thiswork =   0.3019
# Elemental abundance ratios: 
# He/H =  1.0210E-01, C/O =  7.5293E+00, N/O = 3.30762E-01
#
#  TP   Mass     Mcore    Menv    log L
# 17 2.469240 0.671683 1.797560 4.078630
# El  Z   log e(X)   [X/H]    [X/Fe]     [X/O]      X(i)
  p   1  12.000000  0.000000  0.000000  0.000000 7.02346E-01
 he   2  11.014981  0.084981  0.778399  0.681957 2.88707E-01
  c   6   9.048321  0.578321  1.271739  1.175297 9.35386E-03
  n   7   7.657553 -0.212447  0.480971  0.384529 4.43597E-04
  o   8   8.141873 -0.588126  0.105292  0.000000 1.54546E-03
  f   9   5.295290  0.835290  1.528708  1.423417 2.61270E-06
 ne  10   8.241250  0.271250  0.964668  0.859376 2.45054E-03
 na  11   6.486426  0.176426  0.869844  0.764552 4.90971E-05
 mg  12   7.065465 -0.574535  0.118883  0.013591 1.96903E-04
 al  13   5.867525 -0.602475  0.090943 -0.014349 1.38577E-05
 si  14   6.865422 -0.684578  0.008840 -0.096452 1.43550E-04
  p  15   4.923630 -0.546370  0.147048  0.041756 1.81016E-06
  s  16   6.470543 -0.689457  0.003961 -0.101331 6.60184E-05
 cl  17   4.580099 -0.649901  0.043517 -0.061775 9.39382E-07
 ar  18   5.748547 -0.691453  0.001965 -0.103327 1.56003E-05
  k  19   4.407388 -0.672612  0.020806 -0.084486 6.96038E-07
 ca  20   5.597503 -0.692497  0.000921 -0.104371 1.10535E-05
 sc  21   2.510626 -0.539374  0.154044  0.048752 1.01509E-08
 ti  22   4.258512 -0.651487  0.041931 -0.063361 6.04839E-07
  v  23   3.270076 -0.689924  0.003494 -0.101798 6.61063E-08
 cr  24   4.931682 -0.708318 -0.014900 -0.120192 3.09558E-06
 mn  25   4.805785 -0.674215  0.019203 -0.086089 2.44765E-06
 fe  26   6.848389 -0.691611  0.000000 -0.103485 2.74450E-04
 co  27   4.321182 -0.548818  0.142794  0.039309 8.60264E-07
 ni  28   5.518063 -0.681937  0.009674 -0.093811 1.34815E-05
 cu  29   3.766577 -0.483423  0.208188  0.104703 2.58676E-07
 zn  30   4.093685 -0.536315  0.155296  0.051811 5.65475E-07
 ga  31   2.916589 -0.163411  0.528200  0.424715 4.00918E-08
 ge  32   3.442504 -0.137496  0.554115  0.450630 1.40207E-07
 as  33   2.055199 -0.244801  0.446810  0.343325 5.92787E-09
 se  34   3.394839  0.054839  0.746451  0.642966 1.36564E-07
 br  35   2.461882 -0.078118  0.613493  0.510008 1.61265E-08
 kr  36   3.756100  0.506100  1.197711  1.094226 3.32985E-07
 rb  37   2.847201  0.487201  1.178813  1.075328 4.18886E-08
 sr  38   3.780857  0.900857  1.592468  1.488983 3.68596E-07
  y  39   3.191739  1.021739  1.713350  1.609865 9.63298E-08
 zr  40   3.604920  1.074920  1.766532  1.663047 2.55930E-07
 nb  41   2.427955  1.017955  1.709566  1.606081 1.73416E-08
 mo  42   2.858097  0.918097  1.609708  1.506223 4.82156E-08
 tc  43   0.916380 -9.000000  0.000000  0.000000 5.63244E-10
 ru  44   2.535557  0.775557  1.467168  1.363683 2.41697E-08
 rh  45   1.485357  0.425357  1.116969  1.013484 2.19225E-09
 pd  46   2.592046  0.942046  1.633657  1.530172 2.89841E-08
 ag  47   1.587346  0.387346  1.078957  0.975472 2.90623E-09
 cd  48   2.764018  1.054018  1.745629  1.642144 4.54901E-08
 in  49   1.628971  0.868971  1.560582  1.457097 3.40464E-09
 sn  50   3.223598  1.153598  1.845209  1.741724 1.38413E-07
 sb  51   1.705538  0.695538  1.387149  1.283664 4.30658E-09
 te  52   2.828475  0.648475  1.340086  1.236601 5.98986E-08
  i  53   1.691110  0.141110  0.832721  0.729236 4.34186E-09
 xe  54   2.962652  0.722652  1.414263  1.310778 8.39430E-08
 cs  55   2.029361  0.949361  1.640972  1.537487 9.90816E-09
 ba  56   3.787809  1.607809  2.299421  2.195935 5.87025E-07
 la  57   2.791007  1.621007  2.312618  2.209133 5.98162E-08
 ce  58   3.283890  1.703890  2.395501  2.292016 1.87702E-07
 pr  59   2.256445  1.496445  2.188056  2.084571 1.77203E-08
 nd  60   3.026306  1.576306  2.267917  2.164432 1.06778E-07
 pm  61   0.000000 -9.000000  0.000000  0.000000 0.00000E+00
 sm  62   2.220646  1.280646  1.972257  1.868772 1.74128E-08
 eu  63   1.156449  0.646449  1.338061  1.234576 1.51803E-09
 gd  64   2.079511  1.029511  1.721122  1.617637 1.31581E-08
 tb  65   1.046932  0.726932  1.418544  1.315058 1.23372E-09
 dy  66   2.201105  1.071105  1.762716  1.659231 1.79908E-08
 ho  67   1.175205  0.705205  1.396816  1.293331 1.72027E-09
 er  68   2.066677  1.146677  1.838288  1.734803 1.35881E-08
 tm  69   1.093146  0.973146  1.664758  1.561273 1.45866E-09
 yb  70   2.378948  1.458948  2.150559  2.047074 2.88527E-08
 lu  71   1.403721  1.313721  2.005332  1.901847 3.08865E-09
 hf  72   2.363047  1.653047  2.344658  2.241173 2.86914E-08
 ta  73   1.433124  1.553124  2.244735  2.141250 3.41797E-09
  w  74   2.298522  1.648522  2.340133  2.236648 2.54714E-08
 re  75   1.358894  1.098894  1.790506  1.687021 2.96471E-09
 os  76   2.267816  0.917816  1.609427  1.505942 2.45576E-08
 ir  77   1.463165  0.143165  0.834777  0.731291 3.89088E-09
 pt  78   2.243140  0.623140  1.314752  1.211266 2.37925E-08
 au  79   1.457799  0.657799  1.349410  1.245925 3.93806E-09
 hg  80   2.760432  1.590432  2.282043  2.178558 8.05068E-08
 tl  81   2.390491  1.620492  2.312103  2.208618 3.49967E-08
 pb  82   3.981014  1.941014  2.632626  2.529140 1.38196E-06
 bi  83   1.985489  1.335489  2.027100  1.923615 1.40826E-08
 po  84   2.248066 -9.000000  0.000000  0.000000 2.57812E-08
#[ls/Fe]_Thiswork =   1.6908, [hs/Fe]_Thiswork =   2.3358
#[hs/ls]_Thiswork =   0.6451, [Pb/hs]_Thiswork =   0.2968
# Elemental abundance ratios: 
# He/H =  1.0351E-01, C/O =  8.0621E+00, N/O = 3.27853E-01
#
#  TP   Mass     Mcore    Menv    log L
# 18 2.440860 0.673391 1.767470 4.086200
# El  Z   log e(X)   [X/H]    [X/Fe]     [X/O]      X(i)
  p   1  12.000000  0.000000  0.000000  0.000000 6.98737E-01
 he   2  11.021004  0.091003  0.782615  0.679130 2.91234E-01
  c   6   9.084840  0.614840  1.306451  1.202966 1.01221E-02
  n   7   7.663574 -0.206426  0.485186  0.381701 4.47479E-04
  o   8   8.150649 -0.579350  0.112261  0.000000 1.56890E-03
  f   9   5.355030  0.895030  1.586641  1.474380 2.98257E-06
 ne  10   8.282219  0.312219  1.003830  0.891570 2.67913E-03
 na  11   6.532479  0.222479  0.914091  0.801830 5.43089E-05
 mg  12   7.081093 -0.558907  0.132705  0.020444 2.03068E-04
 al  13   5.876070 -0.593930  0.097681 -0.014580 1.40604E-05
 si  14   6.867960 -0.682040  0.009571 -0.102690 1.43649E-04
  p  15   4.937417 -0.532583  0.159028  0.046767 1.85895E-06
  s  16   6.472582 -0.687418  0.004193 -0.108068 6.59882E-05
 cl  17   4.585479 -0.644521  0.047091 -0.065170 9.46205E-07
 ar  18   5.750406 -0.689594  0.002017 -0.110244 1.55867E-05
  k  19   4.411040 -0.668960  0.022652 -0.089609 6.98309E-07
 ca  20   5.599218 -0.690782  0.000830 -0.111431 1.10402E-05
 sc  21   2.525841 -0.524159  0.167452  0.055191 1.04588E-08
 ti  22   4.263330 -0.646669  0.044942 -0.067319 6.08443E-07
  v  23   3.272032 -0.687968  0.003643 -0.108618 6.60634E-08
 cr  24   4.933753 -0.706247 -0.014636 -0.126897 3.09439E-06
 mn  25   4.809029 -0.670971  0.020640 -0.091620 2.45332E-06
 fe  26   6.850237 -0.689763  0.000000 -0.110413 2.74204E-04
 co  27   4.337812 -0.532187  0.157576  0.047163 8.89250E-07
 ni  28   5.521043 -0.678957  0.010807 -0.099606 1.35046E-05
 cu  29   3.787542 -0.462458  0.227305  0.116893 2.70074E-07
 zn  30   4.108804 -0.521196  0.168567  0.058154 5.82498E-07
 ga  31   2.946175 -0.133825  0.555938  0.445525 4.26976E-08
 ge  32   3.473580 -0.106420  0.583344  0.472931 1.49833E-07
 as  33   2.082844 -0.217156  0.472607  0.362194 6.28502E-09
 se  34   3.428825  0.088825  0.778589  0.668176 1.46921E-07
 br  35   2.497005 -0.042994  0.646769  0.536356 1.73951E-08
 kr  36   3.816800  0.566800  1.256563  1.146151 3.80966E-07
 rb  37   2.907308  0.547308  1.237071  1.126658 4.78591E-08
 sr  38   3.819989  0.939989  1.629752  1.519340 4.01278E-07
  y  39   3.233236  1.063236  1.752999  1.642587 1.05444E-07
 zr  40   3.646035  1.116035  1.805798  1.695386 2.79896E-07
 nb  41   2.471019  1.061019  1.750782  1.640369 1.90509E-08
 mo  42   2.898954  0.958954  1.648717  1.538305 5.26996E-08
 tc  43   0.935975 -9.000000  0.000000  0.000000 5.86211E-10
 ru  44   2.571824  0.811824  1.501587  1.391175 2.61396E-08
 rh  45   1.520412  0.460413  1.150176  1.039763 2.36432E-09
 pd  46   2.629996  0.979996  1.669759  1.559347 3.14683E-08
 ag  47   1.624111  0.424111  1.113874  1.003462 3.14671E-09
 cd  48   2.802839  1.092839  1.782602  1.672190 4.94882E-08
 in  49   1.667692  0.907692  1.597455  1.487043 3.70302E-09
 sn  50   3.262761  1.192761  1.882524  1.772112 1.50696E-07
 sb  51   1.744009  0.734009  1.423772  1.313359 4.68130E-09
 te  52   2.866328  0.686328  1.376091  1.265679 6.50177E-08
  i  53   1.724089  0.174089  0.863852  0.753439 4.66034E-09
 xe  54   3.000022  0.760022  1.449785  1.339372 9.10158E-08
 cs  55   2.069081  0.989081  1.678844  1.568432 1.08013E-08
 ba  56   3.821239  1.641239  2.331002  2.220590 6.30737E-07
 la  57   2.823803  1.653803  2.343566  2.233153 6.41766E-08
 ce  58   3.314833  1.734833  2.424596  2.314183 2.00527E-07
 pr  59   2.288233  1.528233  2.217996  2.107583 1.89680E-08
 nd  60   3.055602  1.605602  2.295365  2.184952 1.13643E-07
 pm  61   0.000000 -9.000000  0.000000  0.000000 0.00000E+00
 sm  62   2.249627  1.309627  1.999390  1.888978 1.85188E-08
 eu  63   1.185660  0.675660  1.365423  1.255011 1.61530E-09
 gd  64   2.109497  1.059497  1.749260  1.638848 1.40262E-08
 tb  65   1.075651  0.755651  1.445414  1.335002 1.31128E-09
 dy  66   2.230300  1.100300  1.790063  1.679650 1.91428E-08
 ho  67   1.203682  0.733682  1.423445  1.313032 1.82740E-09
 er  68   2.096973  1.176973  1.866736  1.756324 1.44949E-08
 tm  69   1.121696  1.001696  1.691460  1.581047 1.54977E-09
 yb  70   2.409142  1.489142  2.178905  2.068493 3.07710E-08
 lu  71   1.432898  1.342898  2.032660  1.922248 3.28629E-09
 hf  72   2.392433  1.682433  2.372196  2.261784 3.05422E-08
 ta  73   1.461433  1.581433  2.271196  2.160784 3.62945E-09
  w  74   2.328472  1.678472  2.368235  2.257823 2.71497E-08
 re  75   1.389255  1.129255  1.819018  1.708605 3.16303E-09
 os  76   2.295691  0.945691  1.635454  1.525041 2.60509E-08
 ir  77   1.487730  0.167730  0.857493  0.747080 4.09614E-09
 pt  78   2.270093  0.650093  1.339856  1.229443 2.51857E-08
 au  79   1.484741  0.684741  1.374504  1.264092 4.16857E-09
 hg  80   2.788870  1.618870  2.308633  2.198220 8.55129E-08
 tl  81   2.426411  1.656411  2.346174  2.235761 3.78189E-08
 pb  82   4.006916  1.966916  2.656679  2.546266 1.45935E-06
 bi  83   2.019290  1.369290  2.059053  1.948640 1.51442E-08
 po  84   2.276875 -9.000000  0.000000  0.000000 2.74078E-08
#[ls/Fe]_Thiswork =   1.7295, [hs/Fe]_Thiswork =   2.3664
#[hs/ls]_Thiswork =   0.6369, [Pb/hs]_Thiswork =   0.2903
# Elemental abundance ratios: 
# He/H =  1.0496E-01, C/O =  8.5939E+00, N/O = 3.25781E-01
#
#  TP   Mass     Mcore    Menv    log L
# 19 2.359510 0.675039 1.684470 4.092710
# El  Z   log e(X)   [X/H]    [X/Fe]     [X/O]      X(i)
  p   1  12.000000  0.000000  0.000000  0.000000 6.95159E-01
 he   2  11.026864  0.096864  0.786627  0.676214 2.93679E-01
  c   6   9.120258  0.650258  1.340021  1.229609 1.09260E-02
  n   7   7.677006 -0.192994  0.496769  0.386357 4.59171E-04
  o   8   8.159344 -0.570656  0.119107  0.000000 1.59243E-03
  f   9   5.406513  0.946513  1.636276  1.517169 3.34075E-06
 ne  10   8.320700  0.350700  1.040463  0.921356 2.91235E-03
 na  11   6.582000  0.272000  0.961763  0.842656 6.05567E-05
 mg  12   7.097511 -0.542489  0.147274  0.028167 2.09812E-04
 al  13   5.884521 -0.585479  0.104284 -0.014823 1.42632E-05
 si  14   6.870509 -0.679491  0.010272 -0.108835 1.43755E-04
  p  15   4.951000 -0.519000  0.170763  0.051656 1.90818E-06
  s  16   6.474601 -0.685399  0.004364 -0.114743 6.59562E-05
 cl  17   4.590804 -0.639196  0.050567 -0.068541 9.52972E-07
 ar  18   5.752241 -0.687759  0.002004 -0.117104 1.55725E-05
  k  19   4.414691 -0.665308  0.024455 -0.094653 7.00599E-07
 ca  20   5.600902 -0.689098  0.000665 -0.118443 1.10263E-05
 sc  21   2.541530 -0.508470  0.181293  0.062186 1.07880E-08
 ti  22   4.268095 -0.641905  0.047858 -0.071249 6.12004E-07
  v  23   3.273999 -0.686001  0.003762 -0.115345 6.60236E-08
 cr  24   4.935810 -0.704190 -0.014427 -0.133534 3.09317E-06
 mn  25   4.812043 -0.667957  0.021806 -0.097301 2.45776E-06
 fe  26   6.852070 -0.687930  0.000000 -0.117274 2.73954E-04
 co  27   4.355698 -0.514302  0.173628  0.056354 9.21891E-07
 ni  28   5.524042 -0.675958  0.011972 -0.105302 1.35286E-05
 cu  29   3.808703 -0.441297  0.246634  0.129359 2.82108E-07
 zn  30   4.123539 -0.506461  0.181469  0.064195 5.99515E-07
 ga  31   2.974041 -0.105959  0.581971  0.464697 4.52940E-08
 ge  32   3.502941 -0.077059  0.610871  0.493597 1.59492E-07
 as  33   2.109612 -0.190388  0.497542  0.380267 6.65035E-09
 se  34   3.461740  0.121741  0.809671  0.692396 1.57678E-07
 br  35   2.530499 -0.009501  0.678429  0.561154 1.86935E-08
 kr  36   3.872797  0.622797  1.310727  1.193453 4.31176E-07
 rb  37   2.965988  0.605988  1.293918  1.176644 5.45023E-08
 sr  38   3.856512  0.976512  1.664442  1.547168 4.34249E-07
  y  39   3.272118  1.102118  1.790048  1.672773 1.14729E-07
 zr  40   3.684264  1.154264  1.842194  1.724920 3.04086E-07
 nb  41   2.511580  1.101580  1.789510  1.672235 2.08088E-08
 mo  42   2.936969  0.996969  1.684899  1.567625 5.72258E-08
 tc  43   0.948671 -9.000000  0.000000  0.000000 6.00510E-10
 ru  44   2.603143  0.843143  1.531073  1.413799 2.79504E-08
 rh  45   1.550882  0.490882  1.178813  1.061538 2.52317E-09
 pd  46   2.663527  1.013527  1.701457  1.584182 3.38200E-08
 ag  47   1.657177  0.457177  1.145107  1.027833 3.37826E-09
 cd  48   2.837798  1.127798  1.815728  1.698454 5.33618E-08
 in  49   1.702788  0.942788  1.630718  1.513444 3.99413E-09
 sn  50   3.298497  1.228497  1.916427  1.799153 1.62782E-07
 sb  51   1.779111  0.769111  1.457041  1.339767 5.04939E-09
 te  52   2.900604  0.720604  1.408534  1.291260 6.99969E-08
  i  53   1.754115  0.204115  0.892045  0.774771 4.96836E-09
 xe  54   3.034437  0.794437  1.482367  1.365093 9.80171E-08
 cs  55   2.105827  1.025827  1.713757  1.596483 1.16948E-08
 ba  56   3.851862  1.671862  2.359792  2.242518 6.73351E-07
 la  57   2.854106  1.684106  2.372036  2.254762 6.84621E-08
 ce  58   3.343956  1.763956  2.451886  2.334612 2.13338E-07
 pr  59   2.318257  1.558257  2.246187  2.128913 2.02217E-08
 nd  60   3.082603  1.632603  2.320534  2.203259 1.20313E-07
 pm  61   0.000000 -9.000000  0.000000  0.000000 0.00000E+00
 sm  62   2.276869  1.336869  2.024799  1.907525 1.96167E-08
 eu  63   1.213466  0.703466  1.391396  1.274122 1.71329E-09
 gd  64   2.137956  1.087956  1.775886  1.658612 1.48994E-08
 tb  65   1.102774  0.782774  1.470704  1.353430 1.38864E-09
 dy  66   2.257751  1.127751  1.815682  1.698407 2.02875E-08
 ho  67   1.230409  0.760409  1.448339  1.331064 1.93345E-09
 er  68   2.125410  1.205410  1.893340  1.776066 1.53965E-08
 tm  69   1.148382  1.028382  1.716312  1.599038 1.63954E-09
 yb  70   2.437685  1.517685  2.205615  2.088341 3.26930E-08
 lu  71   1.460808  1.370808  2.058738  1.941464 3.48648E-09
 hf  72   2.420338  1.710338  2.398268  2.280993 3.24023E-08
 ta  73   1.487865  1.607865  2.295795  2.178521 3.83745E-09
  w  74   2.356865  1.706865  2.394795  2.277521 2.88356E-08
 re  75   1.418604  1.158604  1.846534  1.729260 3.36685E-09
 os  76   2.322145  0.972145  1.660076  1.542801 2.75453E-08
 ir  77   1.510955  0.190955  0.878885  0.761611 4.29903E-09
 pt  78   2.295191  0.675191  1.363121  1.245847 2.65475E-08
 au  79   1.509895  0.709895  1.397825  1.280551 4.39453E-09
 hg  80   2.815529  1.645529  2.333459  2.216185 9.04610E-08
 tl  81   2.461390  1.691390  2.379320  2.262045 4.07810E-08
 pb  82   4.030886  1.990886  2.678816  2.561542 1.53426E-06
 bi  83   2.051030  1.401030  2.088960  1.971686 1.62091E-08
 po  84   2.302776 -9.000000  0.000000  0.000000 2.89432E-08
#[ls/Fe]_Thiswork =   1.7656, [hs/Fe]_Thiswork =   2.3946
#[hs/ls]_Thiswork =   0.6290, [Pb/hs]_Thiswork =   0.2842
# Elemental abundance ratios: 
# He/H =  1.0638E-01, C/O =  9.1393E+00, N/O = 3.29353E-01
#
#  TP   Mass     Mcore    Menv    log L
# 20 1.716550 0.676785 1.039760 4.094750
# El  Z   log e(X)   [X/H]    [X/Fe]     [X/O]      X(i)
  p   1  12.000000  0.000000  0.000000  0.000000 6.91409E-01
 he   2  11.033034  0.103034  0.790964  0.673690 2.96275E-01
  c   6   9.153317  0.683317  1.371247  1.253973 1.17266E-02
  n   7   7.685070 -0.184930  0.503000  0.385726 4.65254E-04
  o   8   8.168832 -0.561168  0.126762  0.000000 1.61882E-03
  f   9   5.459774  0.999774  1.687705  1.560942 3.75627E-06
 ne  10   8.359723  0.389723  1.077653  0.950891 3.16898E-03
 na  11   6.625824  0.315825  1.003755  0.876992 6.66251E-05
 mg  12   7.115085 -0.524915  0.163015  0.036252 2.17298E-04
 al  13   5.893349 -0.576651  0.111279 -0.015483 1.44776E-05
 si  14   6.873200 -0.676800  0.011130 -0.115633 1.43868E-04
  p  15   4.965497 -0.504503  0.183427  0.056665 1.96232E-06
  s  16   6.476734 -0.683266  0.004664 -0.122098 6.59233E-05
 cl  17   4.596347 -0.633653  0.054277 -0.072485 9.60008E-07
 ar  18   5.754175 -0.685825  0.002105 -0.124658 1.55577E-05
  k  19   4.418493 -0.661507  0.026423 -0.100339 7.02946E-07
 ca  20   5.602680 -0.687320  0.000610 -0.126152 1.10119E-05
 sc  21   2.557001 -0.492999  0.194931  0.068169 1.11189E-08
 ti  22   4.273203 -0.636796  0.051134 -0.075629 6.15905E-07
  v  23   3.276123 -0.683877  0.004053 -0.122709 6.59892E-08
 cr  24   4.937977 -0.702023 -0.014093 -0.140855 3.09187E-06
 mn  25   4.815272 -0.664728  0.023202 -0.103560 2.46274E-06
 fe  26   6.853992 -0.686008  0.000000 -0.124841 2.73685E-04
 co  27   4.373065 -0.496935  0.189074  0.064233 9.54329E-07
 ni  28   5.527218 -0.672781  0.013227 -0.111614 1.35544E-05
 cu  29   3.829784 -0.420216  0.265793  0.140952 2.94542E-07
 zn  30   4.138935 -0.491066  0.194943  0.070102 6.17798E-07
 ga  31   3.002633 -0.077367  0.608642  0.483801 4.81154E-08
 ge  32   3.532453 -0.047547  0.638461  0.513620 1.69786E-07
 as  33   2.136308 -0.163692  0.522316  0.397475 7.03382E-09
 se  34   3.493869  0.153869  0.839877  0.715037 1.68869E-07
 br  35   2.562744  0.022744  0.708753  0.583912 2.00257E-08
 kr  36   3.927504  0.677504  1.363512  1.238671 4.86420E-07
 rb  37   3.020268  0.660269  1.346277  1.221436 6.14251E-08
 sr  38   3.892165  1.012165  1.698174  1.573333 4.68860E-07
  y  39   3.309868  1.139868  1.825876  1.701035 1.24472E-07
 zr  40   3.722035  1.192035  1.878044  1.753203 3.29928E-07
 nb  41   2.551235  1.141235  1.827244  1.702403 2.26753E-08
 mo  42   2.975268  1.035268  1.721277  1.596436 6.21645E-08
 tc  43   0.977301 -9.000000  0.000000  0.000000 6.37971E-10
 ru  44   2.636729  0.876729  1.562738  1.437897 3.00349E-08
 rh  45   1.583558  0.523558  1.209567  1.084726 2.70566E-09
 pd  46   2.698648  1.048648  1.734657  1.609816 3.64709E-08
 ag  47   1.691351  0.491351  1.177359  1.052519 3.63511E-09
 cd  48   2.873791  1.163791  1.849799  1.724958 5.76599E-08
 in  49   1.738843  0.978843  1.664851  1.540011 4.31645E-09
 sn  50   3.335457  1.265457  1.951465  1.826625 1.76286E-07
 sb  51   1.815742  0.805743  1.491751  1.366910 5.46413E-09
 te  52   2.936733  0.756733  1.442742  1.317901 7.56586E-08
  i  53   1.786201  0.236202  0.922210  0.797369 5.32048E-09
 xe  54   3.070312  0.830312  1.516320  1.391479 1.05883E-07
 cs  55   2.143053  1.063053  1.749061  1.624221 1.26727E-08
 ba  56   3.884504  1.704504  2.390513  2.265672 7.21995E-07
 la  57   2.886206  1.716206  2.402214  2.277373 7.33165E-08
 ce  58   3.374414  1.794414  2.480423  2.355582 2.27602E-07
 pr  59   2.349333  1.589333  2.275341  2.150501 2.16045E-08
 nd  60   3.111437  1.661437  2.347445  2.222605 1.27878E-07
 pm  61   0.000000 -9.000000  0.000000  0.000000 0.00000E+00
 sm  62   2.305684  1.365684  2.051692  1.926852 2.08493E-08
 eu  63   1.242206  0.732206  1.418214  1.293373 1.82063E-09
 gd  64   2.167537  1.117537  1.803545  1.678705 1.58636E-08
 tb  65   1.131474  0.811474  1.497482  1.372641 1.47550E-09
 dy  66   2.286570  1.156570  1.842578  1.717737 2.15624E-08
 ho  67   1.258524  0.788524  1.474532  1.349692 2.05162E-09
 er  68   2.154770  1.234770  1.920778  1.795938 1.63845E-08
 tm  69   1.176699  1.056699  1.742707  1.617866 1.74057E-09
 yb  70   2.467577  1.547577  2.233585  2.108745 3.48335E-08
 lu  71   1.490184  1.400184  2.086192  1.961352 3.71035E-09
 hf  72   2.449134  1.739134  2.425142  2.300302 3.44367E-08
 ta  73   1.515113  1.635113  2.321121  2.196280 4.06388E-09
  w  74   2.386353  1.736353  2.422361  2.297520 3.06949E-08
 re  75   1.448330  1.188330  1.874338  1.749498 3.58592E-09
 os  76   2.350094  1.000094  1.686102  1.561262 2.92178E-08
 ir  77   1.535437  0.215437  0.901445  0.776604 4.52379E-09
 pt  78   2.321938  0.701938  1.387946  1.263105 2.80815E-08
 au  79   1.536692  0.736692  1.422700  1.297859 4.64900E-09
 hg  80   2.843489  1.673489  2.359497  2.234656 9.59561E-08
 tl  81   2.496293  1.726293  2.412302  2.287461 4.39554E-08
 pb  82   4.056099  2.016099  2.702107  2.577267 1.61720E-06
 bi  83   2.083402  1.433402  2.119410  1.994569 1.73692E-08
 po  84   2.329689 -9.000000  0.000000  0.000000 3.06273E-08
#[ls/Fe]_Thiswork =   1.8007, [hs/Fe]_Thiswork =   2.4244
#[hs/ls]_Thiswork =   0.6237, [Pb/hs]_Thiswork =   0.2777
# Elemental abundance ratios: 
# He/H =  1.0790E-01, C/O =  9.6491E+00, N/O = 3.28275E-01
#
# Final abundances
# El  Z   log e(X)   [X/H]    [X/Fe]     [X/O]      X(i)
  p   1  12.000000  0.000000  0.000000  0.000000 6.87180E-01
 he   2  11.040008  0.110007  0.793833  0.660772 2.99229E-01
  c   6   9.187132  0.717132  1.400957  1.267897 1.25985E-02
  n   7   7.690907 -0.179093  0.504732  0.371672 4.68665E-04
  o   8   8.179235 -0.550765  0.133060  0.000000 1.64793E-03
  f   9   5.516325  1.056325  1.740150  1.607090 4.25249E-06
 ne  10   8.401224  0.431224  1.115050  0.981989 3.46542E-03
 na  11   6.673605  0.363605  1.047431  0.914371 7.39187E-05
 mg  12   7.134590 -0.505410  0.178415  0.045355 2.25889E-04
 al  13   5.903388 -0.566612  0.117213 -0.015847 1.47256E-05
 si  14   6.876247 -0.673753  0.010073 -0.122988 1.43995E-04
  p  15   4.981466 -0.488534  0.195292  0.062231 2.02336E-06
  s  16   6.479160 -0.680840  0.002985 -0.130075 6.58872E-05
 cl  17   4.602591 -0.627409  0.056417 -0.076644 9.67953E-07
 ar  18   5.756383 -0.683617  0.000208 -0.132852 1.55413E-05
  k  19   4.422739 -0.657261  0.026565 -0.106496 7.05511E-07
 ca  20   5.604715 -0.685285 -0.001460 -0.134520 1.09959E-05
 sc  21   2.573528 -0.476472  0.207354  0.074293 1.14796E-08
 ti  22   4.278889 -0.631111  0.052715 -0.080346 6.20206E-07
  v  23   3.278503 -0.681497  0.002329 -0.130732 6.59461E-08
 cr  24   4.940431 -0.699569 -0.015744 -0.148804 3.09037E-06
 mn  25   4.818990 -0.661010  0.022816 -0.110245 2.46873E-06
 fe  26   6.856174 -0.683825  0.000000 -0.133060 2.73382E-04
 co  27   4.390870 -0.479130  0.204695  0.071635 9.88185E-07
 ni  28   5.530889 -0.669111  0.014715 -0.118346 1.35858E-05
 cu  29   3.852751 -0.397249  0.286576  0.153516 3.08638E-07
 zn  30   4.156442 -0.473558  0.210267  0.077207 6.39277E-07
 ga  31   3.034756 -0.045244  0.638581  0.505521 5.14923E-08
 ge  32   3.566380 -0.013620  0.670205  0.537145 1.82459E-07
 as  33   2.167403 -0.132597  0.551229  0.418168 7.50971E-09
 se  34   3.531862  0.191862  0.875688  0.742627 1.83181E-07
 br  35   2.596111  0.056111  0.739937  0.606876 2.14927E-08
 kr  36   3.983687  0.733687  1.417513  1.284452 5.50214E-07
 rb  37   3.076303  0.716303  1.400128  1.267068 6.94570E-08
 sr  38   3.930200  1.050200  1.734025  1.600965 5.08643E-07
  y  39   3.348445  1.178445  1.862270  1.729210 1.35203E-07
 zr  40   3.759106  1.229106  1.912931  1.779871 3.57129E-07
 nb  41   2.589507  1.179507  1.863333  1.730272 2.46128E-08
 mo  42   3.011763  1.071763  1.755588  1.622528 6.72005E-08
 tc  43   1.019692 -9.000000  0.000000  0.000000 6.99082E-10
 ru  44   2.669963  0.909963  1.593788  1.460728 3.22252E-08
 rh  45   1.616110  0.556110  1.239935  1.106875 2.89842E-09
 pd  46   2.732978  1.082978  1.766803  1.633743 3.92293E-08
 ag  47   1.724315  0.524315  1.208140  1.075080 3.89779E-09
 cd  48   2.908500  1.198500  1.882325  1.749265 6.20753E-08
 in  49   1.773548  1.013548  1.697374  1.564313 4.64696E-09
 sn  50   3.371022  1.301022  1.984848  1.851787 1.90160E-07
 sb  51   1.851085  0.841085  1.524910  1.391850 5.89115E-09
 te  52   2.971738  0.791738  1.475563  1.342503 8.15077E-08
  i  53   1.817609  0.267609  0.951434  0.818374 5.68453E-09
 xe  54   3.105043  0.865043  1.548869  1.415808 1.13997E-07
 cs  55   2.180003  1.100003  1.783829  1.650768 1.37137E-08
 ba  56   3.917843  1.737843  2.421668  2.288608 7.74836E-07
 la  57   2.919347  1.749347  2.433172  2.300112 7.86463E-08
 ce  58   3.406019  1.826019  2.509845  2.376784 2.43286E-07
 pr  59   2.381568  1.621568  2.305393  2.172333 2.31267E-08
 nd  60   3.141853  1.691853  2.375679  2.242618 1.36317E-07
 pm  61   0.000000 -9.000000  0.000000  0.000000 0.00000E+00
 sm  62   2.335679  1.395679  2.079504  1.946444 2.22035E-08
 eu  63   1.272394  0.762394  1.446220  1.313159 1.93975E-09
 gd  64   2.198317  1.148317  1.832142  1.699082 1.69246E-08
 tb  65   1.161404  0.841404  1.525229  1.392169 1.57111E-09
 dy  66   2.316800  1.186800  1.870626  1.737565 2.29755E-08
 ho  67   1.288154  0.818154  1.501979  1.368919 2.18305E-09
 er  68   2.185895  1.265895  1.949720  1.816660 1.74942E-08
 tm  69   1.206673  1.086673  1.770498  1.637438 1.85353E-09
 yb  70   2.498537  1.578537  2.262362  2.129302 3.71787E-08
 lu  71   1.520368  1.430368  2.114193  1.981133 3.95307E-09
 hf  72   2.479545  1.769545  2.453370  2.320310 3.67087E-08
 ta  73   1.545025  1.665025  2.348850  2.215790 4.32702E-09
  w  74   2.416936  1.766936  2.450761  2.317701 3.27330E-08
 re  75   1.479943  1.219943  1.903769  1.770708 3.83310E-09
 os  76   2.379026  1.029026  1.712852  1.579791 3.10396E-08
 ir  77   1.561757  0.241757  0.925583  0.792522 4.77705E-09
 pt  78   2.350109  0.730109  1.413935  1.280874 2.97802E-08
 au  79   1.564984  0.764984  1.448810  1.315749 4.93161E-09
 hg  80   2.872909  1.702909  2.386734  2.253674 1.02054E-07
 tl  81   2.531601  1.761601  2.445426  2.312366 4.73866E-08
 pb  82   4.082458  2.042458  2.726283  2.593223 1.70788E-06
 bi  83   2.116508  1.466508  2.150333  2.017272 1.86304E-08
 po  84   2.358144 -9.000000  0.000000  0.000000 3.25013E-08
#[ls/Fe]_Thiswork =   1.8364, [hs/Fe]_Thiswork =   2.4549
#[hs/ls]_Thiswork =   0.6185, [Pb/hs]_Thiswork =   0.2714
# Elemental abundance ratios: 
# He/H =  1.0965E-01, C/O =  1.0183E+01, N/O = 3.24842E-01
